ts,open,high,low,close,volume,open_time
1784787300000,149.96,150.4,149.56,150.19,61.43,2026-07-23 06:15:00+00:00
1784787600000,150.27,150.27,149.07,149.09,99.35,2026-07-23 06:20:00+00:00
1784787900000,149.08,149.12,147.62,148.83,152.42,2026-07-23 06:25:00+00:00
1784788200000,148.99,149.95,148.99,149.59,45.61,2026-07-23 06:30:00+00:00
1784788500000,149.58,150.6,149.58,149.91,70.83,2026-07-23 06:35:00+00:00
1784788800000,150.1,151.76,150.1,150.25,81.78,2026-07-23 06:40:00+00:00
1784789100000,150.38,150.69,150.08,150.33,30.38,2026-07-23 06:45:00+00:00
1784789400000,150.62,150.62,149.87,150.1,70.92,2026-07-23 06:50:00+00:00
1784789700000,150.28,151.04,150.28,150.9,36.19,2026-07-23 06:55:00+00:00
1784790000000,150.85,151.22,150.28,150.37,10.68,2026-07-23 07:00:00+00:00
1784790300000,150.57,150.57,149.71,149.86,72.94,2026-07-23 07:05:00+00:00
1784790600000,149.76,150.1,148.44,149.55,178.2,2026-07-23 07:10:00+00:00
1784790900000,149.46,150.36,149.46,150.31,40.27,2026-07-23 07:15:00+00:00
1784791200000,150.3,150.42,149.35,149.79,61.94,2026-07-23 07:20:00+00:00
1784791500000,149.72,150.28,149.62,149.67,32.2,2026-07-23 07:25:00+00:00
1784791800000,149.6,150.28,149.46,149.9,40.45,2026-07-23 07:30:00+00:00
1784792100000,149.82,150.28,149.75,150.04,24.43,2026-07-23 07:35:00+00:00
1784792400000,150.06,150.11,149.18,149.23,23.87,2026-07-23 07:40:00+00:00
1784792700000,149.34,150.11,148.8,149.78,41.38,2026-07-23 07:45:00+00:00
1784793000000,149.78,149.78,149,149.29,26.03,2026-07-23 07:50:00+00:00
1784793300000,149.31,150.57,148.99,150.11,266.75,2026-07-23 07:55:00+00:00
1784793600000,150.23,150.3,149.89,150.13,10.27,2026-07-23 08:00:00+00:00
1784793900000,150.1,150.36,150.04,150.36,9.43,2026-07-23 08:05:00+00:00
1784794200000,150.42,150.45,150.14,150.14,16.37,2026-07-23 08:10:00+00:00
1784794500000,150.14,150.47,149.95,150.31,25.13,2026-07-23 08:15:00+00:00
1784794800000,150.25,150.4,149.87,150.1,10.66,2026-07-23 08:20:00+00:00
1784795100000,150.09,150.36,149.99,150.36,7.32,2026-07-23 08:25:00+00:00
1784795400000,150.35,150.43,149.35,149.8,30,2026-07-23 08:30:00+00:00
1784795700000,149.63,150.06,149.63,150.01,10.4,2026-07-23 08:35:00+00:00
1784796000000,149.99,150.22,149.92,150.11,16.42,2026-07-23 08:40:00+00:00
1784796300000,150.11,150.2,149.82,150.16,16.48,2026-07-23 08:45:00+00:00
1784796600000,150.01,150.16,149.79,149.92,11.83,2026-07-23 08:50:00+00:00
1784796900000,149.97,150.53,149.87,150.4,18.97,2026-07-23 08:55:00+00:00
1784797200000,150.48,150.92,150.42,150.92,28.18,2026-07-23 09:00:00+00:00
1784797500000,150.98,151.04,150.59,150.75,24.94,2026-07-23 09:05:00+00:00
1784797800000,150.78,150.79,149.95,150.34,17.4,2026-07-23 09:10:00+00:00
1784798100000,150.36,150.55,150.29,150.51,7.58,2026-07-23 09:15:00+00:00
1784798400000,150.48,150.65,150.33,150.38,10.93,2026-07-23 09:20:00+00:00
1784798700000,150.43,150.43,150.22,150.35,4.46,2026-07-23 09:25:00+00:00
1784799000000,150.37,150.39,150.07,150.3,6.43,2026-07-23 09:30:00+00:00
1784799300000,150.21,150.39,150.21,150.31,3.07,2026-07-23 09:35:00+00:00
1784799600000,150.35,150.46,150.01,150.38,16.37,2026-07-23 09:40:00+00:00
1784799900000,150.46,150.55,150.33,150.54,3.82,2026-07-23 09:45:00+00:00
1784800200000,150.45,150.67,150.39,150.62,20.06,2026-07-23 09:50:00+00:00
1784800500000,150.72,150.73,150.39,150.41,10.52,2026-07-23 09:55:00+00:00
1784800800000,150.31,150.53,150.19,150.53,12.49,2026-07-23 10:00:00+00:00
1784801100000,150.6,150.77,150.38,150.5,11.83,2026-07-23 10:05:00+00:00
1784801400000,150.51,150.94,150.39,150.94,32.29,2026-07-23 10:10:00+00:00
1784801700000,150.99,151.12,150.92,151,11.65,2026-07-23 10:15:00+00:00
1784802000000,150.93,151.17,150.89,151.05,9.93,2026-07-23 10:20:00+00:00
1784802300000,151.11,151.12,150.92,151.05,6.67,2026-07-23 10:25:00+00:00
1784802600000,150.99,152.14,150.91,151.18,38.64,2026-07-23 10:30:00+00:00
1784802900000,151.14,151.45,150.58,151.4,34.79,2026-07-23 10:35:00+00:00
1784803200000,151.4,152,151.4,151.78,14.39,2026-07-23 10:40:00+00:00
1784803500000,151.89,151.89,151.66,151.78,5.72,2026-07-23 10:45:00+00:00
1784803800000,151.77,151.82,151.66,151.68,11.52,2026-07-23 10:50:00+00:00
1784804100000,151.63,151.82,151.57,151.59,3.75,2026-07-23 10:55:00+00:00
1784804400000,151.53,151.81,151.47,151.81,9.07,2026-07-23 11:00:00+00:00
1784804700000,151.71,151.81,151.66,151.78,2.67,2026-07-23 11:05:00+00:00
1784805000000,151.71,152.38,151.71,152.3,17.39,2026-07-23 11:10:00+00:00
1784805300000,152.36,152.39,151.68,151.7,43.95,2026-07-23 11:15:00+00:00
1784805600000,151.75,151.75,151.24,151.5,24.11,2026-07-23 11:20:00+00:00
1784805900000,151.57,151.64,151.09,151.35,5.18,2026-07-23 11:25:00+00:00
1784806200000,151.39,151.43,151.18,151.18,5.78,2026-07-23 11:30:00+00:00
1784806500000,151.3,151.3,150.8,150.9,5.44,2026-07-23 11:35:00+00:00
1784806800000,151,151.03,150.68,150.68,4.34,2026-07-23 11:40:00+00:00
1784807100000,150.76,150.94,150.76,150.81,12.25,2026-07-23 11:45:00+00:00
1784807400000,150.73,151.95,150.69,151.82,51.46,2026-07-23 11:50:00+00:00
1784807700000,151.94,152.96,151.94,152.58,97.16,2026-07-23 11:55:00+00:00
1784808000000,152.45,153.05,152.32,152.43,46.48,2026-07-23 12:00:00+00:00
1784808300000,152.4,152.43,151.46,151.62,29.73,2026-07-23 12:05:00+00:00
1784808600000,151.62,151.95,151.59,151.85,9.88,2026-07-23 12:10:00+00:00
1784808900000,151.69,151.81,151.45,151.52,34.85,2026-07-23 12:15:00+00:00
1784809200000,151.47,151.63,151.2,151.23,71.16,2026-07-23 12:20:00+00:00
1784809500000,151.23,151.23,150.71,150.93,17.92,2026-07-23 12:25:00+00:00
1784809800000,150.9,150.94,150.28,150.28,13.13,2026-07-23 12:30:00+00:00
1784810100000,150.33,150.87,149.71,150.85,111.06,2026-07-23 12:35:00+00:00
1784810400000,150.76,150.8,148.99,150.07,102.93,2026-07-23 12:40:00+00:00
1784810700000,150.06,150.34,149.59,150.15,44.42,2026-07-23 12:45:00+00:00
1784811000000,150.28,150.28,150.07,150.15,3.49,2026-07-23 12:50:00+00:00
1784811300000,150.13,150.33,150.06,150.31,12.02,2026-07-23 12:55:00+00:00
1784811600000,150.18,150.32,150.11,150.17,18.43,2026-07-23 13:00:00+00:00
1784811900000,150.1,150.32,149.59,149.85,33.06,2026-07-23 13:05:00+00:00
1784812200000,149.77,149.95,149.6,149.75,18.74,2026-07-23 13:10:00+00:00
1784812500000,149.8,149.84,149.59,149.78,13.32,2026-07-23 13:15:00+00:00
1784812800000,149.8,149.92,149.62,149.74,3.58,2026-07-23 13:20:00+00:00
1784813100000,149.69,149.84,149.23,149.48,71.27,2026-07-23 13:25:00+00:00
1784813400000,149.59,150.25,149.43,150.09,11.99,2026-07-23 13:30:00+00:00
1784813700000,149.9,150.44,149.81,150.21,21.02,2026-07-23 13:35:00+00:00
1784814000000,150.33,150.42,150.13,150.2,3.22,2026-07-23 13:40:00+00:00
1784814300000,150.2,150.24,149.7,150.08,41.41,2026-07-23 13:45:00+00:00
1784814600000,150.24,150.42,150.11,150.32,17.29,2026-07-23 13:50:00+00:00
1784814900000,150.32,150.32,149.06,149.3,16.04,2026-07-23 13:55:00+00:00
1784815200000,149.21,150.11,149.14,150.11,20.94,2026-07-23 14:00:00+00:00
1784815500000,150,150.28,149.94,149.95,23.32,2026-07-23 14:05:00+00:00
1784815800000,150.28,150.42,150.22,150.42,16.09,2026-07-23 14:10:00+00:00
1784816100000,150.27,150.29,150.06,150.11,6.59,2026-07-23 14:15:00+00:00
1784816400000,150.06,150.14,149.85,149.97,4.44,2026-07-23 14:20:00+00:00
1784816700000,150.03,150.25,150.03,150.2,17.73,2026-07-23 14:25:00+00:00
1784817000000,150.21,150.22,149.67,149.88,5.06,2026-07-23 14:30:00+00:00
1784817300000,149.84,150.19,149.63,150.11,7.58,2026-07-23 14:35:00+00:00
1784817600000,150.15,150.22,149.63,149.71,9.72,2026-07-23 14:40:00+00:00
1784817900000,149.62,149.81,149.37,149.4,7.96,2026-07-23 14:45:00+00:00
1784818200000,149.41,149.62,148.99,149.17,10.53,2026-07-23 14:50:00+00:00
1784818500000,149.08,149.53,149.08,149.29,14.91,2026-07-23 14:55:00+00:00
1784818800000,149.38,149.38,148.89,149.07,16.84,2026-07-23 15:00:00+00:00
1784819100000,149.03,149.55,149.03,149.44,68.88,2026-07-23 15:05:00+00:00
1784819400000,149.37,149.37,148.53,148.84,52.92,2026-07-23 15:10:00+00:00
1784819700000,148.79,148.92,148.6,148.9,17.45,2026-07-23 15:15:00+00:00
1784820000000,148.93,148.93,148.12,148.22,35.27,2026-07-23 15:20:00+00:00
1784820300000,148.21,148.21,146.95,146.95,72.38,2026-07-23 15:25:00+00:00
1784820600000,147.13,147.52,146.36,147.52,54.64,2026-07-23 15:30:00+00:00
1784820900000,147.5,147.53,147.37,147.44,3.38,2026-07-23 15:35:00+00:00
1784821200000,147.42,147.42,147.11,147.11,0.97,2026-07-23 15:40:00+00:00
1784821500000,147.16,147.16,146.89,146.96,4.47,2026-07-23 15:45:00+00:00
1784821800000,147.06,147.7,147.06,147.7,12.11,2026-07-23 15:50:00+00:00
1784822100000,147.66,148.18,147.61,148.18,24.42,2026-07-23 15:55:00+00:00
1784822400000,147.99,147.99,147.45,147.45,6.07,2026-07-23 16:00:00+00:00
1784822700000,147.55,148.02,147.52,147.92,12.27,2026-07-23 16:05:00+00:00
1784823000000,147.91,147.91,147.53,147.53,1.8,2026-07-23 16:10:00+00:00
1784823300000,147.51,147.52,147.16,147.32,2.85,2026-07-23 16:15:00+00:00
1784823600000,147.4,147.72,147.4,147.59,12.4,2026-07-23 16:20:00+00:00
1784823900000,147.53,147.68,147.36,147.5,10.31,2026-07-23 16:25:00+00:00
1784824200000,147.68,148,147.57,147.59,6.23,2026-07-23 16:30:00+00:00
1784824500000,147.44,147.44,147.1,147.3,8.9,2026-07-23 16:35:00+00:00
1784824800000,147.35,147.56,147.23,147.55,0.55,2026-07-23 16:40:00+00:00
1784825100000,147.38,147.38,146.89,146.99,5.55,2026-07-23 16:45:00+00:00
1784825400000,146.95,147.13,146.93,146.95,0.61,2026-07-23 16:50:00+00:00
1784825700000,146.94,147.15,146.86,147.15,11.81,2026-07-23 16:55:00+00:00
1784826000000,146.97,147.36,146.83,147.17,12.95,2026-07-23 17:00:00+00:00
1784826300000,147,147.04,146.8,146.97,4.05,2026-07-23 17:05:00+00:00
1784826600000,147.33,147.33,143.93,145.01,170.13,2026-07-23 17:10:00+00:00
1784826900000,144.86,145.31,144.79,145.31,13.49,2026-07-23 17:15:00+00:00
1784827200000,145.4,145.76,145.3,145.48,8.06,2026-07-23 17:20:00+00:00
1784827500000,145.36,145.45,145.2,145.42,35.21,2026-07-23 17:25:00+00:00
1784827800000,145.4,145.46,144.67,144.86,51.35,2026-07-23 17:30:00+00:00
1784828100000,144.86,144.86,144.55,144.57,1.06,2026-07-23 17:35:00+00:00
1784828400000,144.72,144.87,144.72,144.84,0.63,2026-07-23 17:40:00+00:00
1784828700000,144.86,145,144.62,144.98,12.88,2026-07-23 17:45:00+00:00
1784829000000,144.95,145.27,144.8,145.18,15.24,2026-07-23 17:50:00+00:00
1784829300000,145.2,145.2,144.71,144.71,14.66,2026-07-23 17:55:00+00:00
1784829600000,144.85,145.01,144.77,144.95,2.78,2026-07-23 18:00:00+00:00
1784829900000,144.89,145.35,144.7,145.15,32.53,2026-07-23 18:05:00+00:00
1784830200000,145.15,145.39,144.93,144.94,27.62,2026-07-23 18:10:00+00:00
1784830500000,144.88,145.11,144.88,144.95,3.02,2026-07-23 18:15:00+00:00
1784830800000,145,145.05,144.83,145.05,5.85,2026-07-23 18:20:00+00:00
1784831100000,145.01,145.01,144.6,144.81,16.6,2026-07-23 18:25:00+00:00
1784831400000,144.82,144.93,144.82,144.9,2.61,2026-07-23 18:30:00+00:00
1784831700000,144.78,144.78,144.37,144.37,4.68,2026-07-23 18:35:00+00:00
1784832000000,144.29,144.53,144.21,144.53,0.1,2026-07-23 18:40:00+00:00
1784832300000,144.47,144.73,144.42,144.54,12.38,2026-07-23 18:45:00+00:00
1784832600000,144.52,144.71,144.46,144.59,8.14,2026-07-23 18:50:00+00:00
1784832900000,144.61,144.65,144.39,144.39,7.93,2026-07-23 18:55:00+00:00
1784833200000,144.4,144.51,144.11,144.12,3.53,2026-07-23 19:00:00+00:00
1784833500000,144.2,144.22,144.08,144.12,2.67,2026-07-23 19:05:00+00:00
1784833800000,144.14,144.21,144.06,144.12,3.38,2026-07-23 19:10:00+00:00
1784834100000,144.14,144.26,144.04,144.09,12.24,2026-07-23 19:15:00+00:00
1784834400000,144.09,144.35,144.06,144.32,5.56,2026-07-23 19:20:00+00:00
1784834700000,144.24,144.3,144.19,144.25,1.06,2026-07-23 19:25:00+00:00
1784835000000,144.3,144.3,144.18,144.2,0.85,2026-07-23 19:30:00+00:00
1784835300000,144.22,144.25,144.14,144.14,1.29,2026-07-23 19:35:00+00:00
1784835600000,144.09,144.22,144.08,144.17,11.16,2026-07-23 19:40:00+00:00
1784835900000,144.13,144.13,144.06,144.08,1.18,2026-07-23 19:45:00+00:00
1784836200000,144.18,144.21,144.1,144.19,6.6,2026-07-23 19:50:00+00:00
1784836500000,144.16,144.98,144.11,144.47,27.77,2026-07-23 19:55:00+00:00
1784836800000,144.39,144.66,144.27,144.66,3.98,2026-07-23 20:00:00+00:00
1784837100000,144.66,145.05,144.66,145,2.4,2026-07-23 20:05:00+00:00
1784837400000,144.97,145.15,144.89,144.9,15.87,2026-07-23 20:10:00+00:00
1784837700000,144.99,145.23,144.95,145.07,5.39,2026-07-23 20:15:00+00:00
1784838000000,145.27,145.27,145.06,145.06,1.36,2026-07-23 20:20:00+00:00
1784838300000,145.07,146.33,145.06,146.16,14.47,2026-07-23 20:25:00+00:00
1784838600000,145.83,145.95,145.4,145.4,5.56,2026-07-23 20:30:00+00:00
1784838900000,145.49,145.5,145.33,145.36,14.86,2026-07-23 20:35:00+00:00
1784839200000,145.37,145.37,145.09,145.14,17.06,2026-07-23 20:40:00+00:00
1784839500000,145.11,145.2,145.09,145.14,0.3,2026-07-23 20:45:00+00:00
1784839800000,145.11,145.66,145.07,145.66,5.97,2026-07-23 20:50:00+00:00
1784840100000,145.52,145.52,145.3,145.38,1.17,2026-07-23 20:55:00+00:00
1784840400000,145.28,145.62,145.22,145.62,4.24,2026-07-23 21:00:00+00:00
1784840700000,145.74,145.92,145.63,145.63,1.98,2026-07-23 21:05:00+00:00
1784841000000,145.66,145.69,145.28,145.45,10.88,2026-07-23 21:10:00+00:00
1784841300000,145.65,145.65,145.5,145.5,0.8,2026-07-23 21:15:00+00:00
1784841600000,145.33,145.57,145.29,145.29,2.88,2026-07-23 21:20:00+00:00
1784841900000,145.13,145.13,145.12,145.12,0.07,2026-07-23 21:25:00+00:00
1784842200000,144.86,145.04,144.86,145.04,1.85,2026-07-23 21:30:00+00:00
1784842500000,144.94,145.13,144.94,144.97,8.78,2026-07-23 21:35:00+00:00
1784842800000,145.1,145.1,145,145.01,0.5,2026-07-23 21:40:00+00:00
1784843100000,145.01,145.01,145.01,145.01,0,2026-07-23 21:45:00+00:00
1784843400000,144.96,144.96,144.2,144.26,6.83,2026-07-23 21:50:00+00:00
1784843700000,144.59,145.72,144.59,145.72,12.68,2026-07-23 21:55:00+00:00
1784844000000,145.65,146.45,145.51,146.06,8.07,2026-07-23 22:00:00+00:00
1784844300000,146.41,146.93,145.32,145.44,6.5,2026-07-23 22:05:00+00:00
1784844600000,145.37,145.4,144.4,144.4,8.39,2026-07-23 22:10:00+00:00
1784844900000,144.49,145.12,144.36,144.9,13.6,2026-07-23 22:15:00+00:00
1784845200000,144.98,145.14,144.96,144.99,0.61,2026-07-23 22:20:00+00:00
1784845500000,144.79,144.79,144.76,144.76,0.16,2026-07-23 22:25:00+00:00
1784845800000,144.77,144.86,144.61,144.61,0.19,2026-07-23 22:30:00+00:00
1784846100000,144.61,144.61,144.61,144.61,0,2026-07-23 22:35:00+00:00
1784846400000,144.51,144.54,144.51,144.51,7.22,2026-07-23 22:40:00+00:00
1784846700000,144.53,144.64,144.51,144.51,1.46,2026-07-23 22:45:00+00:00
1784847000000,144.53,144.53,144.23,144.28,2.99,2026-07-23 22:50:00+00:00
1784847300000,144.4,144.51,144.36,144.39,4.11,2026-07-23 22:55:00+00:00
1784847600000,144.28,144.28,144.22,144.24,0.09,2026-07-23 23:00:00+00:00
1784847900000,144.2,145.09,144.13,144.61,22.75,2026-07-23 23:05:00+00:00
1784848200000,144.48,144.48,144.48,144.48,0.02,2026-07-23 23:10:00+00:00
1784848500000,144.49,144.69,144.49,144.49,1.07,2026-07-23 23:15:00+00:00
1784848800000,144.68,144.76,144.61,144.72,2.05,2026-07-23 23:20:00+00:00
1784849100000,144.57,145.02,144.57,144.78,4.49,2026-07-23 23:25:00+00:00
1784849400000,144.84,144.96,144.72,144.77,0.78,2026-07-23 23:30:00+00:00
1784849700000,144.75,144.76,144.57,144.67,0.52,2026-07-23 23:35:00+00:00
1784850000000,144.56,144.83,144.56,144.83,0.11,2026-07-23 23:40:00+00:00
1784850300000,144.79,144.86,144.79,144.86,0.04,2026-07-23 23:45:00+00:00
1784850600000,144.87,145.4,144.83,145.3,14.34,2026-07-23 23:50:00+00:00
1784850900000,145.31,145.87,145.3,145.58,32.21,2026-07-23 23:55:00+00:00
1784851200000,145.77,146.59,145.13,145.13,50.33,2026-07-24 00:00:00+00:00
1784851500000,145.53,145.57,145.28,145.32,1.35,2026-07-24 00:05:00+00:00
1784851800000,145.46,145.46,144.99,145,0.42,2026-07-24 00:10:00+00:00
1784852100000,144.9,144.9,144.57,144.87,0.64,2026-07-24 00:15:00+00:00
1784852400000,145.01,145.26,145.01,145.24,3.97,2026-07-24 00:20:00+00:00
1784852700000,145.15,145.15,144.4,144.42,33.52,2026-07-24 00:25:00+00:00
1784853000000,144.58,144.67,144.46,144.67,2.21,2026-07-24 00:30:00+00:00
1784853300000,144.5,144.6,144.19,144.26,2.44,2026-07-24 00:35:00+00:00
1784853600000,144.31,144.31,144,144,2.31,2026-07-24 00:40:00+00:00
1784853900000,144,144.15,143.27,143.98,130.46,2026-07-24 00:45:00+00:00
1784854200000,144.01,144.01,143.92,143.92,1.01,2026-07-24 00:50:00+00:00
1784854500000,143.96,144.43,143.96,144.31,1.25,2026-07-24 00:55:00+00:00
1784854800000,144.45,144.46,144.06,144.39,1.93,2026-07-24 01:00:00+00:00
1784855100000,144.33,144.94,144.33,144.47,7.86,2026-07-24 01:05:00+00:00
1784855400000,144.32,144.58,143.93,143.93,18.88,2026-07-24 01:10:00+00:00
1784855700000,143.94,144.02,143.9,144.02,1.81,2026-07-24 01:15:00+00:00
1784856000000,144.22,145.12,144.2,144.57,14.11,2026-07-24 01:20:00+00:00
1784856300000,144.68,144.7,144.04,144.04,3.51,2026-07-24 01:25:00+00:00
1784856600000,143.86,145.15,143.71,144.45,159.2,2026-07-24 01:30:00+00:00
1784856900000,144.65,148.92,144.65,148.05,1072.54,2026-07-24 01:35:00+00:00
1784857200000,148.06,151.4,147.7,150.96,351.88,2026-07-24 01:40:00+00:00
1784857500000,151.19,152.55,150.92,151.57,240.56,2026-07-24 01:45:00+00:00
1784857800000,151.4,155.27,150.72,155.27,974.44,2026-07-24 01:50:00+00:00
1784858100000,155.03,163.39,154.51,162.62,1713.5,2026-07-24 01:55:00+00:00
1784858400000,162.62,163.63,158.75,159.51,894.16,2026-07-24 02:00:00+00:00
1784858700000,159.31,162.8,157.58,162.62,374.28,2026-07-24 02:05:00+00:00
1784859000000,162.8,162.95,159.03,159.88,489.25,2026-07-24 02:10:00+00:00
1784859300000,159.76,161.58,159.09,160.7,581.67,2026-07-24 02:15:00+00:00
1784859600000,160.71,160.97,159.07,160.38,392.95,2026-07-24 02:20:00+00:00
1784859900000,160.53,161.21,159.79,159.79,161.17,2026-07-24 02:25:00+00:00
1784860200000,159.8,160.35,157.45,159.36,486.25,2026-07-24 02:30:00+00:00
1784860500000,159.56,159.9,157.61,157.82,365.74,2026-07-24 02:35:00+00:00
1784860800000,157.91,159.51,157.91,159.02,358.96,2026-07-24 02:40:00+00:00
1784861100000,159.04,160.92,158.54,160.21,117.23,2026-07-24 02:45:00+00:00
1784861400000,160.16,160.37,158.97,160.13,193.92,2026-07-24 02:50:00+00:00
1784861700000,160.15,160.6,158.73,159.13,112.22,2026-07-24 02:55:00+00:00
1784862000000,159.13,159.24,158.25,159.1,97.53,2026-07-24 03:00:00+00:00
1784862300000,158.72,159.69,158.24,158.7,108.72,2026-07-24 03:05:00+00:00
1784862600000,158.5,159.23,158.14,159.03,78.18,2026-07-24 03:10:00+00:00
1784862900000,158.94,159.18,158,158.61,99.97,2026-07-24 03:15:00+00:00
1784863200000,158.48,158.52,155.87,156.18,299.72,2026-07-24 03:20:00+00:00
1784863500000,156.32,158.07,155.92,158.07,79.83,2026-07-24 03:25:00+00:00
1784863800000,158.12,159.59,158.12,158.56,89.46,2026-07-24 03:30:00+00:00
1784864100000,158.44,159.31,158.32,159.31,58.8,2026-07-24 03:35:00+00:00
1784864400000,159.43,161.59,159.43,160.62,160.53,2026-07-24 03:40:00+00:00
1784864700000,160.65,161.01,160.53,160.55,57.34,2026-07-24 03:45:00+00:00
1784865000000,160.59,161.7,160.47,161.45,94.08,2026-07-24 03:50:00+00:00
1784865300000,161.54,161.54,159.74,159.83,69.35,2026-07-24 03:55:00+00:00
1784865600000,159.86,160.02,158.84,159.09,44.82,2026-07-24 04:00:00+00:00
1784865900000,159.09,159.33,158.82,158.93,6.38,2026-07-24 04:05:00+00:00
1784866200000,159.06,159.27,158.49,158.97,48.01,2026-07-24 04:10:00+00:00
1784866500000,158.9,159.63,158.86,159.2,20.79,2026-07-24 04:15:00+00:00
1784866800000,159.25,159.51,158.65,159.43,60.3,2026-07-24 04:20:00+00:00
1784867100000,158.98,158.98,158.76,158.83,4.75,2026-07-24 04:25:00+00:00
1784867400000,158.93,159.43,158.93,159.12,12.77,2026-07-24 04:30:00+00:00
1784867700000,159.1,159.1,158.65,158.73,20.28,2026-07-24 04:35:00+00:00
1784868000000,158.77,158.81,158.32,158.49,31.69,2026-07-24 04:40:00+00:00
1784868300000,158.59,158.7,158.33,158.44,7.38,2026-07-24 04:45:00+00:00
1784868600000,158.55,158.73,158.55,158.7,4.89,2026-07-24 04:50:00+00:00
1784868900000,158.75,158.87,158.39,158.87,17.48,2026-07-24 04:55:00+00:00
1784869200000,158.93,161.46,158.93,160.27,104.93,2026-07-24 05:00:00+00:00
1784869500000,160.34,162.8,160.11,162.8,183.79,2026-07-24 05:05:00+00:00
1784869800000,162.73,163.45,160.95,161.67,176.09,2026-07-24 05:10:00+00:00
1784870100000,161.6,162.13,159.93,160.6,35.73,2026-07-24 05:15:00+00:00
1784870400000,160.76,161.18,159.94,160.37,86.94,2026-07-24 05:20:00+00:00
1784870700000,160.35,160.45,159.43,160.33,64.22,2026-07-24 05:25:00+00:00
1784871000000,160.38,160.38,158.11,159.15,148.92,2026-07-24 05:30:00+00:00
1784871300000,158.8,159.31,158.45,159.31,48.23,2026-07-24 05:35:00+00:00
1784871600000,159.26,159.31,158.58,159.08,20.36,2026-07-24 05:40:00+00:00
1784871900000,159.1,160.75,158.66,159.74,102.32,2026-07-24 05:45:00+00:00
1784872200000,159.87,159.87,158.55,158.82,13.74,2026-07-24 05:50:00+00:00
1784872500000,159.09,159.73,158.44,158.44,27.4,2026-07-24 05:55:00+00:00
1784872800000,158.59,159.09,158.44,159.03,30.83,2026-07-24 06:00:00+00:00
1784873100000,158.9,159.05,158.66,158.98,8.83,2026-07-24 06:05:00+00:00
1784873400000,158.93,159.22,158.58,159.06,37.6,2026-07-24 06:10:00+00:00
1784873700000,159.31,160.19,159.31,159.87,36.93,2026-07-24 06:15:00+00:00
1784874000000,159.81,160.23,159.75,159.94,26.51,2026-07-24 06:20:00+00:00
1784874300000,159.87,160.27,159.67,160.13,23.33,2026-07-24 06:25:00+00:00
1784874600000,160.13,160.51,158.25,158.96,99.67,2026-07-24 06:30:00+00:00
1784874900000,158.85,158.9,157.37,157.64,83.25,2026-07-24 06:35:00+00:00
1784875200000,157.7,158.27,156.79,157.77,43.52,2026-07-24 06:40:00+00:00
1784875500000,157.76,158.8,157.59,158.13,36.01,2026-07-24 06:45:00+00:00
1784875800000,158.1,158.86,157.76,157.92,29.71,2026-07-24 06:50:00+00:00
1784876100000,157.94,158.43,156.14,156.14,94.18,2026-07-24 06:55:00+00:00
1784876400000,156.26,157.14,155.56,156.16,191.84,2026-07-24 07:00:00+00:00
1784876700000,156.14,158.09,155.98,157.76,22.03,2026-07-24 07:05:00+00:00
1784877000000,157.8,158.54,157.8,158.37,50.88,2026-07-24 07:10:00+00:00
1784877300000,158.3,158.48,157.18,157.24,109.41,2026-07-24 07:15:00+00:00
1784877600000,157.31,157.73,156.89,157.61,27.42,2026-07-24 07:20:00+00:00
1784877900000,157.59,158.15,157.23,158.01,34.08,2026-07-24 07:25:00+00:00
1784878200000,157.94,158.08,157.31,157.38,11.37,2026-07-24 07:30:00+00:00
1784878500000,157.45,157.52,156.55,156.56,1.43,2026-07-24 07:35:00+00:00
1784878800000,156.62,156.96,156.4,156.8,29,2026-07-24 07:40:00+00:00
1784879100000,156.6,157.21,156.47,157.21,92.4,2026-07-24 07:45:00+00:00
1784879400000,156.98,157.48,156.91,157.17,51.82,2026-07-24 07:50:00+00:00
1784879700000,157.26,157.69,156.85,157.69,8.16,2026-07-24 07:55:00+00:00
1784880000000,157.37,157.67,157.22,157.67,9.46,2026-07-24 08:00:00+00:00
1784880300000,157.61,157.82,157.33,157.35,5.74,2026-07-24 08:05:00+00:00
1784880600000,157.34,157.64,157.32,157.49,1.18,2026-07-24 08:10:00+00:00
1784880900000,157.45,157.45,156.59,156.9,25.96,2026-07-24 08:15:00+00:00
1784881200000,157.05,157.28,157.05,157.2,3.95,2026-07-24 08:20:00+00:00
1784881500000,157.22,157.59,157.22,157.57,17.53,2026-07-24 08:25:00+00:00
1784881800000,157.52,157.8,157.51,157.76,9.49,2026-07-24 08:30:00+00:00
1784882100000,158,158.05,157.51,157.65,29.9,2026-07-24 08:35:00+00:00
1784882400000,157.67,158.34,157.61,158.34,42.8,2026-07-24 08:40:00+00:00
1784882700000,158.38,158.65,158.16,158.51,36.62,2026-07-24 08:45:00+00:00
1784883000000,158.48,158.59,158.45,158.53,11.74,2026-07-24 08:50:00+00:00
1784883300000,158.49,158.62,158.33,158.39,5.75,2026-07-24 08:55:00+00:00
1784883600000,158.4,158.63,158.4,158.55,9.6,2026-07-24 09:00:00+00:00
1784883900000,158.5,158.71,158.42,158.71,10.72,2026-07-24 09:05:00+00:00
1784884200000,158.93,159.45,158.93,159.45,6.73,2026-07-24 09:10:00+00:00
1784884500000,159.56,159.6,159.16,159.25,10.2,2026-07-24 09:15:00+00:00
1784884800000,159.46,159.78,159.21,159.72,9.63,2026-07-24 09:20:00+00:00
1784885100000,159.56,159.61,159.46,159.58,9.42,2026-07-24 09:25:00+00:00
1784885400000,159.46,159.54,159.24,159.32,2.75,2026-07-24 09:30:00+00:00
1784885700000,159.4,159.52,159.28,159.37,10.08,2026-07-24 09:35:00+00:00
1784886000000,159.35,159.48,159.35,159.36,4.71,2026-07-24 09:40:00+00:00
1784886300000,159.47,159.54,159.33,159.54,3.19,2026-07-24 09:45:00+00:00
1784886600000,159.48,160.26,159.29,159.69,27.14,2026-07-24 09:50:00+00:00
1784886900000,159.72,160,159.58,159.85,30.4,2026-07-24 09:55:00+00:00
1784887200000,159.86,159.94,159.81,159.89,1.84,2026-07-24 10:00:00+00:00
1784887500000,159.9,160.2,159.89,160.18,13.15,2026-07-24 10:05:00+00:00
1784887800000,160.21,160.38,159.62,160.14,65.48,2026-07-24 10:10:00+00:00
1784888100000,159.88,160.03,159.78,160.02,4.11,2026-07-24 10:15:00+00:00
1784888400000,159.95,159.95,159.68,159.71,6.66,2026-07-24 10:20:00+00:00
1784888700000,159.81,159.81,159.44,159.44,2.55,2026-07-24 10:25:00+00:00
1784889000000,159.52,159.65,159.41,159.57,9.9,2026-07-24 10:30:00+00:00
1784889300000,159.48,159.48,159.15,159.37,1.62,2026-07-24 10:35:00+00:00
1784889600000,159.15,159.55,159.15,159.55,1.75,2026-07-24 10:40:00+00:00
1784889900000,159.48,159.51,159.48,159.51,0.04,2026-07-24 10:45:00+00:00
1784890200000,159.29,159.34,158.76,158.77,6.93,2026-07-24 10:50:00+00:00
1784890500000,158.79,158.81,158.77,158.77,0.27,2026-07-24 10:55:00+00:00
1784890800000,158.86,159.08,158.86,159.08,8.14,2026-07-24 11:00:00+00:00
1784891100000,159.07,159.07,156.49,156.49,61.18,2026-07-24 11:05:00+00:00
1784891400000,156.7,157.06,156.63,156.63,10.07,2026-07-24 11:10:00+00:00
1784891700000,156.69,157.61,156.69,157.42,17.23,2026-07-24 11:15:00+00:00
1784892000000,157.42,157.79,157.28,157.79,6.59,2026-07-24 11:20:00+00:00
1784892300000,157.57,157.7,157.49,157.7,2.99,2026-07-24 11:25:00+00:00
1784892600000,157.62,157.74,157.46,157.74,8.98,2026-07-24 11:30:00+00:00
1784892900000,157.68,157.68,157.67,157.67,0.1,2026-07-24 11:35:00+00:00
1784893200000,157.5,157.51,157.45,157.48,0.87,2026-07-24 11:40:00+00:00
1784893500000,157.37,157.37,157.15,157.27,21.12,2026-07-24 11:45:00+00:00
1784893800000,157.26,157.5,157.26,157.34,5.01,2026-07-24 11:50:00+00:00
1784894100000,157.46,157.52,157.25,157.31,4.37,2026-07-24 11:55:00+00:00
1784894400000,157.49,157.56,157.42,157.47,10.99,2026-07-24 12:00:00+00:00
1784894700000,157.63,157.83,157.57,157.57,3.53,2026-07-24 12:05:00+00:00
1784895000000,157.76,158.85,157.76,158.85,26.64,2026-07-24 12:10:00+00:00
1784895300000,158.9,158.9,158.57,158.74,6.78,2026-07-24 12:15:00+00:00
1784895600000,158.78,159.06,158.7,158.95,6.63,2026-07-24 12:20:00+00:00
1784895900000,158.95,158.95,158.94,158.94,0.63,2026-07-24 12:25:00+00:00
1784896200000,159.06,159.23,159,159.23,20.02,2026-07-24 12:30:00+00:00
1784896500000,159.31,159.85,159.31,159.77,7.36,2026-07-24 12:35:00+00:00
1784896800000,159.77,160.04,159.62,159.62,39.7,2026-07-24 12:40:00+00:00
1784897100000,159.77,159.95,159.4,159.74,40.35,2026-07-24 12:45:00+00:00
1784897400000,159.8,159.91,159.76,159.76,1.12,2026-07-24 12:50:00+00:00
1784897700000,159.95,160.03,159.71,159.87,9.98,2026-07-24 12:55:00+00:00
1784898000000,159.82,159.86,159.27,159.6,8.29,2026-07-24 13:00:00+00:00
1784898300000,159.63,159.96,158.77,158.77,4.68,2026-07-24 13:05:00+00:00
1784898600000,158.92,159.1,158.91,159,1.12,2026-07-24 13:10:00+00:00
1784898900000,158.99,159.31,158.8,159.31,4.56,2026-07-24 13:15:00+00:00
1784899200000,159.12,159.2,158.86,159.2,1.55,2026-07-24 13:20:00+00:00
1784899500000,158.99,158.99,158.86,158.86,0.03,2026-07-24 13:25:00+00:00
1784899800000,159.11,159.19,158.58,158.96,17.07,2026-07-24 13:30:00+00:00
1784900100000,159.03,159.03,158.09,158.73,29.98,2026-07-24 13:35:00+00:00
1784900400000,158.69,158.69,158.07,158.29,1.82,2026-07-24 13:40:00+00:00
1784900700000,158.36,158.76,158.33,158.36,4.68,2026-07-24 13:45:00+00:00
1784901000000,158.41,158.43,157.81,157.98,2.43,2026-07-24 13:50:00+00:00
1784901300000,158.04,158.39,157.84,158.39,3.68,2026-07-24 13:55:00+00:00
1784901600000,158.08,158.23,158.05,158.08,1.4,2026-07-24 14:00:00+00:00
1784901900000,158.23,158.72,158.13,158.72,13,2026-07-24 14:05:00+00:00
1784902200000,158.72,159.14,158.72,159.02,2.86,2026-07-24 14:10:00+00:00
1784902500000,159.05,159.2,158.66,158.83,2.92,2026-07-24 14:15:00+00:00
1784902800000,158.95,159.19,158.95,159.12,1.85,2026-07-24 14:20:00+00:00
1784903100000,158.99,158.99,158.38,158.72,0.64,2026-07-24 14:25:00+00:00
1784903400000,158.82,158.82,158.36,158.36,2.82,2026-07-24 14:30:00+00:00
1784903700000,158.54,158.75,158.06,158.09,1.42,2026-07-24 14:35:00+00:00
1784904000000,158.03,158.2,157.59,158.09,14.99,2026-07-24 14:40:00+00:00
1784904300000,157.99,158.17,157.82,158.17,9.67,2026-07-24 14:45:00+00:00
1784904600000,158.3,158.73,158.3,158.73,52.17,2026-07-24 14:50:00+00:00
1784904900000,158.7,159.08,158.65,158.79,26.84,2026-07-24 14:55:00+00:00
1784905200000,158.77,158.85,158.62,158.73,1.07,2026-07-24 15:00:00+00:00
1784905500000,158.8,158.86,158.11,158.11,34.76,2026-07-24 15:05:00+00:00
1784905800000,158.22,158.66,158.12,158.66,3.85,2026-07-24 15:10:00+00:00
1784906100000,158.82,159.22,158.82,159.19,2.46,2026-07-24 15:15:00+00:00
1784906400000,159.27,159.84,159.24,159.84,25.4,2026-07-24 15:20:00+00:00
1784906700000,159.82,160.34,159.63,159.63,75.54,2026-07-24 15:25:00+00:00
1784907000000,159.79,159.85,159.66,159.66,5.35,2026-07-24 15:30:00+00:00
1784907300000,159.63,159.67,159.3,159.3,16.68,2026-07-24 15:35:00+00:00
1784907600000,159.5,159.63,159.42,159.48,5.63,2026-07-24 15:40:00+00:00
1784907900000,159.77,159.89,159.54,159.57,5.9,2026-07-24 15:45:00+00:00
1784908200000,159.66,159.97,159.56,159.93,30.66,2026-07-24 15:50:00+00:00
1784908500000,159.75,160.21,159.75,160.13,5.18,2026-07-24 15:55:00+00:00
1784908800000,160.18,160.18,160,160,0.13,2026-07-24 16:00:00+00:00
1784909100000,159.97,159.97,159.74,159.83,0.68,2026-07-24 16:05:00+00:00
1784909400000,159.88,159.95,159.72,159.72,0.4,2026-07-24 16:10:00+00:00
1784909700000,159.88,159.97,159.56,159.97,4.9,2026-07-24 16:15:00+00:00
1784910000000,159.88,159.99,159.88,159.93,9.19,2026-07-24 16:20:00+00:00
1784910300000,159.81,159.81,159.72,159.72,1.18,2026-07-24 16:25:00+00:00
1784910600000,159.63,159.65,159.38,159.58,3.89,2026-07-24 16:30:00+00:00
1784910900000,159.61,159.63,159.48,159.49,0.83,2026-07-24 16:35:00+00:00
1784911200000,159.49,159.55,159.43,159.43,2.43,2026-07-24 16:40:00+00:00
1784911500000,159.48,159.48,159.24,159.25,1.43,2026-07-24 16:45:00+00:00
1784911800000,159.32,159.32,159.21,159.22,0.18,2026-07-24 16:50:00+00:00
1784912100000,159.22,159.45,159.22,159.45,0.69,2026-07-24 16:55:00+00:00
1784912400000,159.2,159.2,159.08,159.14,2.03,2026-07-24 17:00:00+00:00
1784912700000,159.01,159.14,159.01,159.04,0.62,2026-07-24 17:05:00+00:00
1784913000000,159.03,159.5,159.03,159.12,2.97,2026-07-24 17:10:00+00:00
1784913300000,159.08,159.76,159.08,159.76,6.7,2026-07-24 17:15:00+00:00
1784913600000,159.8,159.88,159.58,159.68,18.63,2026-07-24 17:20:00+00:00
1784913900000,159.83,159.95,159.77,159.95,2.4,2026-07-24 17:25:00+00:00
1784914200000,160.1,160.1,159.99,160.09,15,2026-07-24 17:30:00+00:00
1784914500000,160.09,160.09,160.07,160.07,0.97,2026-07-24 17:35:00+00:00
1784914800000,160.06,160.06,159.82,159.82,0.67,2026-07-24 17:40:00+00:00
1784915100000,159.8,159.8,159.63,159.63,1.42,2026-07-24 17:45:00+00:00
1784915400000,159.59,159.76,159.59,159.61,0.41,2026-07-24 17:50:00+00:00
1784915700000,159.76,159.76,159.76,159.76,0.01,2026-07-24 17:55:00+00:00
1784916000000,159.66,159.66,159.62,159.62,0.29,2026-07-24 18:00:00+00:00
1784916300000,159.62,159.62,159.47,159.53,0.74,2026-07-24 18:05:00+00:00
1784916600000,159.53,159.53,159.04,159.04,2.57,2026-07-24 18:10:00+00:00
1784916900000,159.05,159.05,158.99,159.01,5.59,2026-07-24 18:15:00+00:00
1784917200000,158.99,159.19,158.99,159.19,5.89,2026-07-24 18:20:00+00:00
1784917500000,159.2,159.48,159.11,159.48,5.92,2026-07-24 18:25:00+00:00
1784917800000,159.06,159.06,158.9,158.91,1.54,2026-07-24 18:30:00+00:00
1784918100000,158.8,158.84,158.8,158.84,0.12,2026-07-24 18:35:00+00:00
1784918400000,158.76,158.76,158.61,158.61,5.1,2026-07-24 18:40:00+00:00
1784918700000,158.61,158.76,158.61,158.76,2.6,2026-07-24 18:45:00+00:00
1784919000000,158.73,158.73,158.62,158.62,0.1,2026-07-24 18:50:00+00:00
1784919300000,158.61,158.61,157.68,157.68,30.73,2026-07-24 18:55:00+00:00
1784919600000,157.7,157.87,157.36,157.36,4.33,2026-07-24 19:00:00+00:00
1784919900000,157.25,157.41,157.25,157.37,1.82,2026-07-24 19:05:00+00:00
1784920200000,157.44,157.6,157.24,157.24,7.68,2026-07-24 19:10:00+00:00
1784920500000,157.25,157.28,157.17,157.19,8.61,2026-07-24 19:15:00+00:00
1784920800000,157.27,157.27,156.5,157.1,24.68,2026-07-24 19:20:00+00:00
1784921100000,156.96,157.14,156.96,157.14,0.1,2026-07-24 19:25:00+00:00
1784921400000,157.01,157.35,156.91,157.35,3.77,2026-07-24 19:30:00+00:00
1784921700000,157.04,157.39,157.04,157.39,1.48,2026-07-24 19:35:00+00:00
1784922000000,157.33,157.5,157.19,157.46,2.26,2026-07-24 19:40:00+00:00
1784922300000,157.34,157.59,157.27,157.59,11.61,2026-07-24 19:45:00+00:00
1784922600000,157.69,157.71,157.53,157.53,3.1,2026-07-24 19:50:00+00:00
1784922900000,157.65,157.9,157.49,157.9,0.67,2026-07-24 19:55:00+00:00
1784923200000,157.94,157.94,157.84,157.9,2.83,2026-07-24 20:00:00+00:00
1784923500000,157.98,159.05,157.98,158.88,30.22,2026-07-24 20:05:00+00:00
1784923800000,159.1,159.19,158.93,159.03,2.12,2026-07-24 20:10:00+00:00
1784924100000,159.2,159.26,158.92,158.92,2.43,2026-07-24 20:15:00+00:00
1784924400000,159.15,159.2,158.78,158.82,10.17,2026-07-24 20:20:00+00:00
1784924700000,158.79,158.82,158.66,158.74,0.2,2026-07-24 20:25:00+00:00
1784925000000,158.68,158.71,158.68,158.71,0.12,2026-07-24 20:30:00+00:00
1784925300000,158.84,159.01,158.82,158.94,1.66,2026-07-24 20:35:00+00:00
1784925600000,158.92,159.11,158.85,159.11,6.57,2026-07-24 20:40:00+00:00
1784925900000,159.29,159.61,159.2,159.61,23.08,2026-07-24 20:45:00+00:00
1784926200000,159.61,159.61,159.33,159.45,1.94,2026-07-24 20:50:00+00:00
1784926500000,159.39,159.59,159.39,159.46,0.67,2026-07-24 20:55:00+00:00
1784926800000,159.57,159.65,159.54,159.63,3.57,2026-07-24 21:00:00+00:00
1784927100000,159.71,159.91,159.69,159.8,1.08,2026-07-24 21:05:00+00:00
1784927400000,159.77,159.77,159.31,159.37,0.09,2026-07-24 21:10:00+00:00
1784927700000,159.37,159.45,159.37,159.44,0.24,2026-07-24 21:15:00+00:00
1784928000000,159.31,159.31,158.76,158.76,0.04,2026-07-24 21:20:00+00:00
1784928300000,158.93,159.01,158.86,158.86,1.18,2026-07-24 21:25:00+00:00
1784928600000,158.99,158.99,158.99,158.99,0.02,2026-07-24 21:30:00+00:00
1784928900000,158.92,158.92,158.92,158.92,0.02,2026-07-24 21:35:00+00:00
1784929200000,159,159,158.57,158.71,5.29,2026-07-24 21:40:00+00:00
1784929500000,158.64,158.95,158.56,158.93,1.82,2026-07-24 21:45:00+00:00
1784929800000,158.95,158.95,158.61,158.61,0.7,2026-07-24 21:50:00+00:00
1784930100000,158.64,158.8,158.58,158.8,2.02,2026-07-24 21:55:00+00:00
1784930400000,158.62,158.62,158.59,158.59,0.04,2026-07-24 22:00:00+00:00
1784930700000,158.59,158.63,158.59,158.63,0.26,2026-07-24 22:05:00+00:00
1784931000000,158.61,158.66,158.57,158.62,4,2026-07-24 22:10:00+00:00
1784931300000,158.57,158.69,158.49,158.69,1.91,2026-07-24 22:15:00+00:00
1784931600000,158.64,158.85,158.64,158.81,3.04,2026-07-24 22:20:00+00:00
1784931900000,158.71,158.81,158.6,158.81,0.05,2026-07-24 22:25:00+00:00
1784932200000,158.84,158.84,158.64,158.69,0.07,2026-07-24 22:30:00+00:00
1784932500000,158.85,158.88,158.77,158.88,0.56,2026-07-24 22:35:00+00:00
1784932800000,158.68,158.78,158.57,158.78,8.8,2026-07-24 22:40:00+00:00
1784933100000,158.81,158.84,158.64,158.64,3.83,2026-07-24 22:45:00+00:00
1784933400000,158.78,158.79,158.78,158.79,0.02,2026-07-24 22:50:00+00:00
1784933700000,158.96,158.96,158.59,158.59,1.45,2026-07-24 22:55:00+00:00
1784934000000,158.44,158.71,158.44,158.71,2.22,2026-07-24 23:00:00+00:00
1784934300000,158.68,158.73,158.68,158.73,0.02,2026-07-24 23:05:00+00:00
1784934600000,158.79,159.08,158.79,159.08,1.54,2026-07-24 23:10:00+00:00
1784934900000,159.01,159.11,158.93,159.11,7.12,2026-07-24 23:15:00+00:00
1784935200000,159.18,159.5,159.18,159.5,21.69,2026-07-24 23:20:00+00:00
1784935500000,159.53,159.57,159.35,159.35,4.05,2026-07-24 23:25:00+00:00
1784935800000,159.5,159.5,159.36,159.43,0.73,2026-07-24 23:30:00+00:00
1784936100000,159.54,159.56,159.45,159.45,0.71,2026-07-24 23:35:00+00:00
1784936400000,159.34,159.34,159.3,159.3,1,2026-07-24 23:40:00+00:00
1784936700000,159.28,159.37,159.12,159.23,15.65,2026-07-24 23:45:00+00:00
1784937000000,159.42,159.47,159.33,159.45,2.53,2026-07-24 23:50:00+00:00
1784937300000,159.11,159.11,159.11,159.11,0.03,2026-07-24 23:55:00+00:00
1784937600000,159.13,159.13,158.99,159.02,0.67,2026-07-25 00:00:00+00:00
1784937900000,159.21,159.21,158.46,158.46,9.18,2026-07-25 00:05:00+00:00
1784938200000,158.55,158.55,158.48,158.5,4.32,2026-07-25 00:10:00+00:00
1784938500000,158.51,158.92,158.51,158.8,3.27,2026-07-25 00:15:00+00:00
1784938800000,158.78,158.78,158.53,158.74,21.21,2026-07-25 00:20:00+00:00
1784939100000,158.76,159.05,158.76,158.77,25.81,2026-07-25 00:25:00+00:00
1784939400000,158.72,158.72,158.72,158.72,0.02,2026-07-25 00:30:00+00:00
1784939700000,158.64,158.66,158.64,158.66,0.06,2026-07-25 00:35:00+00:00
1784940000000,158.64,158.93,158.64,158.84,2.12,2026-07-25 00:40:00+00:00
1784940300000,158.91,158.92,158.69,158.92,2.78,2026-07-25 00:45:00+00:00
1784940600000,158.78,158.94,158.64,158.65,2.51,2026-07-25 00:50:00+00:00
1784940900000,158.87,158.87,158.59,158.59,1.56,2026-07-25 00:55:00+00:00
1784941200000,158.68,158.68,158.68,158.68,0.01,2026-07-25 01:00:00+00:00
1784941500000,158.63,158.94,158.63,158.94,10.35,2026-07-25 01:05:00+00:00
1784941800000,159.04,159.04,158.72,158.72,6.1,2026-07-25 01:10:00+00:00
1784942100000,158.74,158.74,158.74,158.74,0.02,2026-07-25 01:15:00+00:00
1784942400000,158.49,158.51,157.87,158,3.71,2026-07-25 01:20:00+00:00
1784942700000,158,158.13,157.87,158.13,0.54,2026-07-25 01:25:00+00:00
1784943000000,157.97,157.99,157.82,157.83,0.2,2026-07-25 01:30:00+00:00
1784943300000,157.97,158.07,157.87,157.95,1.59,2026-07-25 01:35:00+00:00
1784943600000,158.09,158.24,157.92,158.13,0.97,2026-07-25 01:40:00+00:00
1784943900000,158.27,158.27,158.14,158.15,0.11,2026-07-25 01:45:00+00:00
1784944200000,158.26,158.26,157.88,157.91,2.24,2026-07-25 01:50:00+00:00
1784944500000,158.14,158.14,158.14,158.14,0.01,2026-07-25 01:55:00+00:00
1784944800000,158.24,158.64,158.24,158.64,1.8,2026-07-25 02:00:00+00:00
1784945100000,158.82,159.1,158.82,159,18,2026-07-25 02:05:00+00:00
1784945400000,159.01,159.01,158.52,158.78,1.24,2026-07-25 02:10:00+00:00
1784945700000,158.78,158.78,158.78,158.78,0,2026-07-25 02:15:00+00:00
1784946000000,158.61,158.71,158.61,158.63,1.38,2026-07-25 02:20:00+00:00
1784946300000,158.55,158.67,158.55,158.67,0.05,2026-07-25 02:25:00+00:00
1784946600000,158.7,158.71,158.52,158.55,6.02,2026-07-25 02:30:00+00:00
1784946900000,158.43,158.8,158.43,158.54,5.43,2026-07-25 02:35:00+00:00
1784947200000,158.89,158.92,158.86,158.92,0.79,2026-07-25 02:40:00+00:00
1784947500000,158.92,158.92,158.82,158.82,1.26,2026-07-25 02:45:00+00:00
1784947800000,158.92,158.95,158.92,158.95,0.38,2026-07-25 02:50:00+00:00
1784948100000,159.06,159.53,158.89,159.45,19.32,2026-07-25 02:55:00+00:00
1784948400000,159.57,160.01,159.57,159.64,5.22,2026-07-25 03:00:00+00:00
1784948700000,159.62,160.28,159.52,159.88,58.7,2026-07-25 03:05:00+00:00
1784949000000,160.01,160.13,159.85,159.85,2.63,2026-07-25 03:10:00+00:00
1784949300000,159.87,159.89,159.77,159.87,6.53,2026-07-25 03:15:00+00:00
1784949600000,159.82,159.9,159.73,159.73,1.1,2026-07-25 03:20:00+00:00
1784949900000,159.78,159.78,159.13,159.27,50.04,2026-07-25 03:25:00+00:00
1784950200000,159.7,159.77,159.61,159.73,1.93,2026-07-25 03:30:00+00:00
1784950500000,159.78,159.81,159.73,159.81,1.7,2026-07-25 03:35:00+00:00
1784950800000,159.85,159.85,159.62,159.62,2.03,2026-07-25 03:40:00+00:00
1784951100000,159.77,159.77,159.4,159.4,4.48,2026-07-25 03:45:00+00:00
1784951400000,159.26,159.36,159.26,159.36,0.05,2026-07-25 03:50:00+00:00
1784951700000,159.32,159.32,159.17,159.17,0.05,2026-07-25 03:55:00+00:00
1784952000000,159.01,159.08,158.87,159.08,1.33,2026-07-25 04:00:00+00:00
1784952300000,159.14,159.14,159.14,159.14,0.21,2026-07-25 04:05:00+00:00
1784952600000,158.86,159.03,158.78,159.03,2.05,2026-07-25 04:10:00+00:00
1784952900000,159.02,159.58,159.02,159.13,8.7,2026-07-25 04:15:00+00:00
1784953200000,159.2,159.51,159.2,159.37,3.7,2026-07-25 04:20:00+00:00
1784953500000,159.38,159.38,159.38,159.38,0.02,2026-07-25 04:25:00+00:00
1784953800000,159.38,159.38,158.82,158.86,1.65,2026-07-25 04:30:00+00:00
1784954100000,158.97,158.97,158.92,158.93,0.09,2026-07-25 04:35:00+00:00
1784954400000,158.9,159.15,158.82,159.15,2.54,2026-07-25 04:40:00+00:00
1784954700000,159.18,159.3,159.08,159.3,0.08,2026-07-25 04:45:00+00:00
1784955000000,159.26,159.26,159.18,159.19,0.7,2026-07-25 04:50:00+00:00
1784955300000,159.06,159.09,159.03,159.03,0.06,2026-07-25 04:55:00+00:00
1784955600000,158.89,158.97,158.69,158.7,0.2,2026-07-25 05:00:00+00:00
1784955900000,158.67,158.77,158.56,158.6,2.38,2026-07-25 05:05:00+00:00
1784956200000,158.53,158.62,158.51,158.52,0.17,2026-07-25 05:10:00+00:00
1784956500000,158.52,158.88,158.52,158.74,2.15,2026-07-25 05:15:00+00:00
1784956800000,158.73,159.01,158.64,158.66,1.6,2026-07-25 05:20:00+00:00
1784957100000,158.56,159.01,158.56,159.01,1.77,2026-07-25 05:25:00+00:00
1784957400000,158.89,158.97,158.86,158.86,0.14,2026-07-25 05:30:00+00:00
1784957700000,158.87,158.94,158.8,158.91,2.33,2026-07-25 05:35:00+00:00
1784958000000,158.89,159.09,158.89,159.09,0.11,2026-07-25 05:40:00+00:00
1784958300000,159.11,159.26,159.11,159.26,0.29,2026-07-25 05:45:00+00:00
1784958600000,158.99,159.06,158.93,158.93,0.58,2026-07-25 05:50:00+00:00
1784958900000,159.31,159.31,159.06,159.11,1.42,2026-07-25 05:55:00+00:00
1784959200000,159.07,159.11,159,159.11,0.71,2026-07-25 06:00:00+00:00
1784959500000,159.06,159.2,159.06,159.2,0.32,2026-07-25 06:05:00+00:00
1784959800000,159.31,159.31,159.21,159.21,0.03,2026-07-25 06:10:00+00:00
1784960100000,159.3,159.3,159.3,159.3,0.01,2026-07-25 06:15:00+00:00
1784960400000,159.2,159.33,159.2,159.2,0.05,2026-07-25 06:20:00+00:00
1784960700000,159.26,159.32,159.23,159.23,0.1,2026-07-25 06:25:00+00:00
1784961000000,159.18,159.45,159.18,159.45,0.38,2026-07-25 06:30:00+00:00
1784961300000,159.42,159.42,159.32,159.32,0.65,2026-07-25 06:35:00+00:00
1784961600000,159.32,159.42,159.32,159.42,0.03,2026-07-25 06:40:00+00:00
1784961900000,159.39,159.39,159.09,159.2,4.08,2026-07-25 06:45:00+00:00
1784962200000,159.38,159.45,159.32,159.32,2.09,2026-07-25 06:50:00+00:00
1784962500000,159.39,159.44,159.3,159.44,8.92,2026-07-25 06:55:00+00:00
1784962800000,159.42,159.56,159.13,159.21,14.2,2026-07-25 07:00:00+00:00
1784963100000,159.39,159.42,159.31,159.4,0.63,2026-07-25 07:05:00+00:00
1784963400000,159.22,159.54,159.1,159.54,11.23,2026-07-25 07:10:00+00:00
1784963700000,159.63,159.68,159.57,159.68,2.03,2026-07-25 07:15:00+00:00
1784964000000,159.69,159.88,159.68,159.87,3.61,2026-07-25 07:20:00+00:00
1784964300000,159.83,159.97,159.8,159.8,3.12,2026-07-25 07:25:00+00:00
1784964600000,159.86,159.94,159.72,159.88,3.42,2026-07-25 07:30:00+00:00
1784964900000,159.87,159.89,159.74,159.75,1.34,2026-07-25 07:35:00+00:00
1784965200000,159.73,159.76,159.7,159.74,1.06,2026-07-25 07:40:00+00:00
1784965500000,159.8,159.84,159.73,159.8,5.31,2026-07-25 07:45:00+00:00
1784965800000,159.55,159.56,159.2,159.22,8.04,2026-07-25 07:50:00+00:00
1784966100000,159.35,159.39,159.23,159.29,1.33,2026-07-25 07:55:00+00:00
1784966400000,159.25,159.25,158.8,158.82,1.78,2026-07-25 08:00:00+00:00
1784966700000,158.69,158.72,158.26,158.28,6.71,2026-07-25 08:05:00+00:00
1784967000000,158.13,158.21,158.02,158.1,7.79,2026-07-25 08:10:00+00:00
1784967300000,158.12,158.21,158.06,158.14,1.77,2026-07-25 08:15:00+00:00
1784967600000,158.08,158.21,158.08,158.18,2.24,2026-07-25 08:20:00+00:00
1784967900000,158.17,158.25,158.1,158.25,3.64,2026-07-25 08:25:00+00:00
1784968200000,158.11,158.13,158.09,158.1,0.41,2026-07-25 08:30:00+00:00
1784968500000,158.33,158.37,158.15,158.18,0.61,2026-07-25 08:35:00+00:00
1784968800000,158.41,158.46,158.23,158.26,3.38,2026-07-25 08:40:00+00:00
1784969100000,158.31,158.31,158.3,158.3,0.03,2026-07-25 08:45:00+00:00
1784969400000,158.32,158.32,158.32,158.32,0.01,2026-07-25 08:50:00+00:00
1784969700000,158.47,159.02,158.47,159.02,18.02,2026-07-25 08:55:00+00:00
1784970000000,159.02,159.16,159.02,159.16,18.52,2026-07-25 09:00:00+00:00
1784970300000,159.05,159.05,158.8,158.8,0.13,2026-07-25 09:05:00+00:00
1784970600000,158.79,158.9,158.79,158.81,4.38,2026-07-25 09:10:00+00:00
1784970900000,158.87,158.95,158.66,158.66,1.27,2026-07-25 09:15:00+00:00
1784971200000,158.76,158.89,158.56,158.84,3.22,2026-07-25 09:20:00+00:00
1784971500000,158.91,158.99,158.87,158.97,0.1,2026-07-25 09:25:00+00:00
1784971800000,158.97,158.97,158.56,158.56,0.51,2026-07-25 09:30:00+00:00
1784972100000,158.92,158.95,158.9,158.92,0.08,2026-07-25 09:35:00+00:00
1784972400000,158.92,158.92,158.78,158.88,0.08,2026-07-25 09:40:00+00:00
1784972700000,158.87,158.89,158.86,158.89,0.21,2026-07-25 09:45:00+00:00
1784973000000,159.13,159.44,159.12,159.36,1.86,2026-07-25 09:50:00+00:00
1784973300000,159.46,159.46,159.42,159.42,0.14,2026-07-25 09:55:00+00:00
1784973600000,159.39,159.62,159.39,159.61,0.41,2026-07-25 10:00:00+00:00
1784973900000,159.56,159.66,159.25,159.25,1.65,2026-07-25 10:05:00+00:00
1784974200000,159.43,159.55,159.34,159.51,1.09,2026-07-25 10:10:00+00:00
1784974500000,159.4,159.4,159.37,159.4,0.07,2026-07-25 10:15:00+00:00
1784974800000,159.39,159.41,159.39,159.41,0.1,2026-07-25 10:20:00+00:00
1784975100000,159.39,159.4,159.39,159.4,0.03,2026-07-25 10:25:00+00:00
1784975400000,159.42,159.64,159.39,159.39,0.88,2026-07-25 10:30:00+00:00
1784975700000,159.55,159.66,159.55,159.63,0.08,2026-07-25 10:35:00+00:00
1784976000000,159.64,159.7,159.61,159.7,0.05,2026-07-25 10:40:00+00:00
1784976300000,159.63,159.63,159.62,159.62,0.04,2026-07-25 10:45:00+00:00
1784976600000,159.62,159.62,159.61,159.61,0.06,2026-07-25 10:50:00+00:00
1784976900000,159.61,159.61,159.6,159.6,0.03,2026-07-25 10:55:00+00:00
1784977200000,159.43,159.43,159.43,159.43,0.01,2026-07-25 11:00:00+00:00
1784977500000,159.13,159.39,158.82,159.39,17.77,2026-07-25 11:05:00+00:00
1784977800000,158.95,158.98,158.95,158.98,0.02,2026-07-25 11:10:00+00:00
1784978100000,158.95,158.96,158.95,158.96,0.02,2026-07-25 11:15:00+00:00
1784978400000,158.98,158.98,158.94,158.94,0.1,2026-07-25 11:20:00+00:00
1784978700000,158.95,158.95,158.95,158.95,0.05,2026-07-25 11:25:00+00:00
1784979000000,159.08,159.08,159.08,159.08,0.09,2026-07-25 11:30:00+00:00
1784979300000,159.16,159.16,159.16,159.16,0.06,2026-07-25 11:35:00+00:00
1784979600000,159.16,159.16,159.16,159.16,0,2026-07-25 11:40:00+00:00
1784979900000,159.16,159.16,159.16,159.16,0,2026-07-25 11:45:00+00:00
1784980200000,159.17,159.17,159.17,159.17,0.19,2026-07-25 11:50:00+00:00
1784980500000,159.35,159.35,159.01,159.06,0.05,2026-07-25 11:55:00+00:00
1784980800000,158.92,158.99,158.92,158.99,0.05,2026-07-25 12:00:00+00:00
1784981100000,158.94,158.98,158.92,158.95,1.11,2026-07-25 12:05:00+00:00
1784981400000,158.95,158.95,158.95,158.95,0,2026-07-25 12:10:00+00:00
1784981700000,158.95,158.95,158.95,158.95,0,2026-07-25 12:15:00+00:00
1784982000000,158.99,158.99,158.99,158.99,0.05,2026-07-25 12:20:00+00:00
1784982300000,158.98,158.98,158.98,158.98,0.02,2026-07-25 12:25:00+00:00
1784982600000,158.86,159.22,158.78,159.22,1.04,2026-07-25 12:30:00+00:00
1784982900000,158.88,158.88,158.71,158.71,0.33,2026-07-25 12:35:00+00:00
1784983200000,158.72,158.91,158.72,158.91,0.33,2026-07-25 12:40:00+00:00
1784983500000,158.92,158.92,158.92,158.92,0.33,2026-07-25 12:45:00+00:00
1784983800000,158.86,158.86,158.86,158.86,0.08,2026-07-25 12:50:00+00:00
1784984100000,158.86,158.92,158.86,158.92,0.03,2026-07-25 12:55:00+00:00
1784984400000,158.92,158.92,158.92,158.92,0.08,2026-07-25 13:00:00+00:00
1784984700000,158.92,158.92,158.92,158.92,0,2026-07-25 13:05:00+00:00
1784985000000,158.97,158.99,158.97,158.98,0.03,2026-07-25 13:10:00+00:00
1784985300000,158.86,158.87,158.86,158.87,0.02,2026-07-25 13:15:00+00:00
1784985600000,159.35,159.35,159.34,159.34,0.14,2026-07-25 13:20:00+00:00
1784985900000,159.24,159.24,159.05,159.05,0.15,2026-07-25 13:25:00+00:00
1784986200000,159.16,159.16,159.16,159.16,0.1,2026-07-25 13:30:00+00:00
1784986500000,159.64,159.81,159.57,159.81,3.75,2026-07-25 13:35:00+00:00
1784986800000,159.87,160.07,159.81,159.81,0.86,2026-07-25 13:40:00+00:00
1784987100000,160.05,160.05,159.99,160.03,3.49,2026-07-25 13:45:00+00:00
1784987400000,160.01,160.02,159.96,159.96,3.9,2026-07-25 13:50:00+00:00
1784987700000,159.94,159.94,159.94,159.94,0.23,2026-07-25 13:55:00+00:00
1784988000000,159.94,159.94,159.94,159.94,0,2026-07-25 14:00:00+00:00
1784988300000,160.07,160.07,159.84,159.84,0.2,2026-07-25 14:05:00+00:00
1784988600000,160.07,160.44,160.06,160.37,8.2,2026-07-25 14:10:00+00:00
1784988900000,160.33,160.4,160.28,160.39,3.62,2026-07-25 14:15:00+00:00
1784989200000,160.39,160.47,160.35,160.47,4.75,2026-07-25 14:20:00+00:00
1784989500000,160.6,161.2,160.6,161.16,11.4,2026-07-25 14:25:00+00:00
1784989800000,161.15,161.2,159.69,159.69,5.82,2026-07-25 14:30:00+00:00
1784990100000,159.5,159.5,159.31,159.36,0.54,2026-07-25 14:35:00+00:00
1784990400000,159.37,159.62,159.37,159.5,9.67,2026-07-25 14:40:00+00:00
1784990700000,159.53,159.74,159.53,159.74,0.08,2026-07-25 14:45:00+00:00
1784991000000,159.78,159.81,159.78,159.81,0.63,2026-07-25 14:50:00+00:00
1784991300000,159.8,159.8,159.54,159.57,1.99,2026-07-25 14:55:00+00:00
1784991600000,159.62,159.66,159.62,159.66,0.06,2026-07-25 15:00:00+00:00
1784991900000,159.68,159.69,159.68,159.69,0.04,2026-07-25 15:05:00+00:00
1784992200000,159.68,159.74,159.57,159.74,0.48,2026-07-25 15:10:00+00:00
1784992500000,159.56,159.56,159.22,159.49,1.74,2026-07-25 15:15:00+00:00
1784992800000,159.33,159.49,159.33,159.49,0.06,2026-07-25 15:20:00+00:00
1784993100000,159.49,159.49,159.49,159.49,0,2026-07-25 15:25:00+00:00
1784993400000,159.34,159.54,159.34,159.43,2.78,2026-07-25 15:30:00+00:00
1784993700000,159.22,159.23,159.22,159.23,0.18,2026-07-25 15:35:00+00:00
1784994000000,159.24,159.24,159.24,159.24,0.02,2026-07-25 15:40:00+00:00
1784994300000,159.24,159.24,159.22,159.23,0.41,2026-07-25 15:45:00+00:00
1784994600000,159.24,159.74,159.24,159.28,1.07,2026-07-25 15:50:00+00:00
1784994900000,159.29,159.8,159.29,159.8,1.28,2026-07-25 15:55:00+00:00
1784995200000,159.49,159.78,159.49,159.78,0.58,2026-07-25 16:00:00+00:00
1784995500000,159.49,159.49,159.48,159.48,0.12,2026-07-25 16:05:00+00:00
1784995800000,159.48,159.48,159.25,159.25,0.25,2026-07-25 16:10:00+00:00
1784996100000,159.25,159.25,159.25,159.25,0.01,2026-07-25 16:15:00+00:00
1784996400000,159.2,159.41,159.03,159.4,2.7,2026-07-25 16:20:00+00:00
1784996700000,159.31,159.31,159.16,159.19,0.08,2026-07-25 16:25:00+00:00
1784997000000,159.27,159.27,159.27,159.27,0.2,2026-07-25 16:30:00+00:00
1784997300000,159.27,159.27,159.27,159.27,0.07,2026-07-25 16:35:00+00:00
1784997600000,159.37,159.47,159.37,159.47,0.02,2026-07-25 16:40:00+00:00
1784997900000,159.48,159.64,159.48,159.6,0.29,2026-07-25 16:45:00+00:00
1784998200000,159.63,159.82,159.63,159.8,0.09,2026-07-25 16:50:00+00:00
1784998500000,159.73,159.79,159.73,159.77,0.08,2026-07-25 16:55:00+00:00
1784998800000,159.76,159.76,159.73,159.73,0.05,2026-07-25 17:00:00+00:00
1784999100000,159.74,159.82,159.74,159.82,0.79,2026-07-25 17:05:00+00:00
1784999400000,159.82,159.93,159.82,159.88,0.07,2026-07-25 17:10:00+00:00
1784999700000,159.86,159.86,159.63,159.63,0.03,2026-07-25 17:15:00+00:00
1785000000000,159.74,159.86,159.74,159.86,0.58,2026-07-25 17:20:00+00:00
1785000300000,159.86,159.86,159.86,159.86,0,2026-07-25 17:25:00+00:00
1785000600000,159.89,159.89,159.58,159.62,0.3,2026-07-25 17:30:00+00:00
1785000900000,159.66,159.67,159.66,159.67,0.03,2026-07-25 17:35:00+00:00
1785001200000,159.74,159.92,159.72,159.86,1.38,2026-07-25 17:40:00+00:00
1785001500000,159.86,160.29,159.86,160.29,2.32,2026-07-25 17:45:00+00:00
1785001800000,160.28,160.28,160.1,160.12,2.66,2026-07-25 17:50:00+00:00
1785002100000,160.28,160.58,160.28,160.51,0.09,2026-07-25 17:55:00+00:00
1785002400000,160.51,160.74,160.51,160.7,0.09,2026-07-25 18:00:00+00:00
1785002700000,160.78,160.78,160.76,160.76,0.09,2026-07-25 18:05:00+00:00
1785003000000,160.99,161.26,160.99,161.2,3.09,2026-07-25 18:10:00+00:00
1785003300000,161.1,161.3,160.14,160.86,5.82,2026-07-25 18:15:00+00:00
1785003600000,160.57,160.69,160.24,160.38,6.6,2026-07-25 18:20:00+00:00
1785003900000,160.1,160.34,160.1,160.34,0.7,2026-07-25 18:25:00+00:00
1785004200000,160.24,160.58,160.24,160.55,0.64,2026-07-25 18:30:00+00:00
1785004500000,160.1,160.29,159.35,159.87,10.37,2026-07-25 18:35:00+00:00
1785004800000,159.89,160.31,159.44,159.55,10.88,2026-07-25 18:40:00+00:00
1785005100000,159.69,159.71,159.66,159.7,0.08,2026-07-25 18:45:00+00:00
1785005400000,159.74,159.8,159.74,159.8,0.06,2026-07-25 18:50:00+00:00
1785005700000,159.81,159.81,159.8,159.8,0.62,2026-07-25 18:55:00+00:00
1785006000000,159.78,159.78,159.78,159.78,0.09,2026-07-25 19:00:00+00:00
1785006300000,159.78,159.81,159.57,159.57,0.18,2026-07-25 19:05:00+00:00
1785006600000,159.4,159.44,159.4,159.44,0.13,2026-07-25 19:10:00+00:00
1785006900000,159.44,159.44,159.37,159.37,0.12,2026-07-25 19:15:00+00:00
1785007200000,159.2,159.33,159.2,159.21,0.26,2026-07-25 19:20:00+00:00
1785007500000,159.3,159.3,159.3,159.3,0.03,2026-07-25 19:25:00+00:00
1785007800000,159.21,159.22,159.21,159.22,0.28,2026-07-25 19:30:00+00:00
1785008100000,159.22,159.22,159.22,159.22,0,2026-07-25 19:35:00+00:00
1785008400000,159.32,159.49,159.32,159.49,0.11,2026-07-25 19:40:00+00:00
1785008700000,159.5,159.53,159.5,159.53,0.22,2026-07-25 19:45:00+00:00
1785009000000,159.55,159.58,159.52,159.54,0.21,2026-07-25 19:50:00+00:00
1785009300000,159.55,159.55,159.45,159.54,0.12,2026-07-25 19:55:00+00:00
1785009600000,159.66,159.66,159.52,159.52,0.35,2026-07-25 20:00:00+00:00
1785009900000,159.52,159.52,159.52,159.52,0.05,2026-07-25 20:05:00+00:00
1785010200000,159.52,159.79,159.52,159.79,0.06,2026-07-25 20:10:00+00:00
1785010500000,159.7,159.94,159.7,159.94,0.66,2026-07-25 20:15:00+00:00
1785010800000,159.9,159.95,159.9,159.95,0.1,2026-07-25 20:20:00+00:00
1785011100000,159.86,159.93,159.86,159.93,0.07,2026-07-25 20:25:00+00:00
1785011400000,159.89,159.89,159.74,159.86,1.99,2026-07-25 20:30:00+00:00
1785011700000,159.99,159.99,159.84,159.86,0.13,2026-07-25 20:35:00+00:00
1785012000000,160.01,160.09,159.88,160.09,0.16,2026-07-25 20:40:00+00:00
1785012300000,159.98,160.04,159.98,160.04,0.09,2026-07-25 20:45:00+00:00
1785012600000,159.96,160.05,159.8,160,1.27,2026-07-25 20:50:00+00:00
1785012900000,160.2,160.35,160.2,160.34,0.38,2026-07-25 20:55:00+00:00
1785013200000,160.34,160.47,160.34,160.47,0.22,2026-07-25 21:00:00+00:00
1785013500000,160.55,160.57,160.5,160.5,0.16,2026-07-25 21:05:00+00:00
1785013800000,160.53,160.84,160.47,160.84,0.38,2026-07-25 21:10:00+00:00
1785014100000,160.84,160.84,160.78,160.78,0.17,2026-07-25 21:15:00+00:00
1785014400000,160.8,160.81,160.71,160.71,0.18,2026-07-25 21:20:00+00:00
1785014700000,160.62,160.7,160.62,160.7,0.08,2026-07-25 21:25:00+00:00
1785015000000,160.69,160.69,160.49,160.49,0.14,2026-07-25 21:30:00+00:00
1785015300000,160.45,160.45,160.45,160.45,0.01,2026-07-25 21:35:00+00:00
1785015600000,160.33,160.33,160.24,160.24,0.18,2026-07-25 21:40:00+00:00
1785015900000,160.59,160.61,160.59,160.61,0.14,2026-07-25 21:45:00+00:00
1785016200000,160.25,160.27,160.25,160.27,0.03,2026-07-25 21:50:00+00:00
1785016500000,160.24,160.24,160.24,160.24,0.03,2026-07-25 21:55:00+00:00
1785016800000,160.27,160.88,160.27,160.8,0.1,2026-07-25 22:00:00+00:00
1785017100000,160.55,160.55,160.55,160.55,0.02,2026-07-25 22:05:00+00:00
1785017400000,160.49,160.72,160.08,160.08,0.31,2026-07-25 22:10:00+00:00
1785017700000,160.11,160.74,160.04,160.74,0.64,2026-07-25 22:15:00+00:00
1785018000000,160.57,160.85,160.32,160.33,1.52,2026-07-25 22:20:00+00:00
1785018300000,160.38,160.59,160.25,160.59,0.27,2026-07-25 22:25:00+00:00
1785018600000,160.5,160.72,160.5,160.68,0.3,2026-07-25 22:30:00+00:00
1785018900000,160.69,160.69,160.45,160.49,0.26,2026-07-25 22:35:00+00:00
1785019200000,160.59,160.8,160.59,160.8,2.67,2026-07-25 22:40:00+00:00
1785019500000,160.71,160.71,160.52,160.53,0.75,2026-07-25 22:45:00+00:00
1785019800000,160.53,160.53,160.53,160.53,0.01,2026-07-25 22:50:00+00:00
1785020100000,160.55,160.66,160.12,160.12,1.9,2026-07-25 22:55:00+00:00
1785020400000,160.19,160.36,160.19,160.36,0.07,2026-07-25 23:00:00+00:00
1785020700000,160.34,160.34,160.18,160.19,3.65,2026-07-25 23:05:00+00:00
1785021000000,160.23,160.25,160,160.05,0.13,2026-07-25 23:10:00+00:00
1785021300000,160.1,160.1,160.03,160.04,0.09,2026-07-25 23:15:00+00:00
1785021600000,160.05,160.07,159.9,159.93,0.07,2026-07-25 23:20:00+00:00
1785021900000,159.97,159.97,159.94,159.94,0.09,2026-07-25 23:25:00+00:00
1785022200000,159.99,159.99,159.87,159.89,0.22,2026-07-25 23:30:00+00:00
1785022500000,160.01,160.69,160.01,160.47,0.26,2026-07-25 23:35:00+00:00
1785022800000,160.54,160.64,160.1,160.13,0.31,2026-07-25 23:40:00+00:00
1785023100000,160.08,160.43,160.07,160.43,0.18,2026-07-25 23:45:00+00:00
1785023400000,160.08,160.14,160.02,160.02,0.09,2026-07-25 23:50:00+00:00
1785023700000,160.3,160.69,160.13,160.54,0.26,2026-07-25 23:55:00+00:00
1785024000000,160.67,160.67,160.11,160.11,1.28,2026-07-26 00:00:00+00:00
1785024300000,160.47,160.51,160.06,160.38,0.46,2026-07-26 00:05:00+00:00
1785024600000,160.01,160.49,160.01,160.18,0.07,2026-07-26 00:10:00+00:00
1785024900000,160.03,160.07,160.03,160.04,0.07,2026-07-26 00:15:00+00:00
1785025200000,160.3,160.3,159.88,159.93,0.14,2026-07-26 00:20:00+00:00
1785025500000,159.88,160.27,159.88,160.27,0.61,2026-07-26 00:25:00+00:00
1785025800000,160.05,160.05,159.86,159.93,0.69,2026-07-26 00:30:00+00:00
1785026100000,159.94,160,159.9,159.9,0.77,2026-07-26 00:35:00+00:00
1785026400000,159.97,160.12,159.87,160.12,0.63,2026-07-26 00:40:00+00:00
1785026700000,160.03,160.15,159.57,159.69,21.23,2026-07-26 00:45:00+00:00
1785027000000,159.77,160.41,159.77,160.31,2.49,2026-07-26 00:50:00+00:00
1785027300000,160.35,160.66,160.35,160.4,1.4,2026-07-26 00:55:00+00:00
1785027600000,160.25,160.25,159.85,159.85,0.08,2026-07-26 01:00:00+00:00
1785027900000,159.85,159.85,159.74,159.75,0.09,2026-07-26 01:05:00+00:00
1785028200000,159.81,159.81,159.81,159.81,0.11,2026-07-26 01:10:00+00:00
1785028500000,159.91,159.91,159.86,159.88,0.12,2026-07-26 01:15:00+00:00
1785028800000,159.84,159.85,159.74,159.76,0.17,2026-07-26 01:20:00+00:00
1785029100000,159.72,159.72,159.47,159.47,1.86,2026-07-26 01:25:00+00:00
1785029400000,159.53,159.56,159.35,159.56,3.34,2026-07-26 01:30:00+00:00
1785029700000,159.62,159.68,159.62,159.66,3.59,2026-07-26 01:35:00+00:00
1785030000000,159.65,159.73,159.65,159.67,0.46,2026-07-26 01:40:00+00:00
1785030300000,159.7,159.72,159.7,159.71,0.1,2026-07-26 01:45:00+00:00
1785030600000,159.94,159.94,159.94,159.94,0.01,2026-07-26 01:50:00+00:00
1785030900000,159.98,160.19,159.98,160.17,0.08,2026-07-26 01:55:00+00:00
1785031200000,160.06,160.33,160.06,160.33,0.04,2026-07-26 02:00:00+00:00
1785031500000,160.3,160.3,160.02,160.2,0.36,2026-07-26 02:05:00+00:00
1785031800000,160.19,160.25,160.16,160.25,0.41,2026-07-26 02:10:00+00:00
1785032100000,160.22,160.22,160.22,160.22,0.02,2026-07-26 02:15:00+00:00
1785032400000,160.26,160.26,160.24,160.24,0.02,2026-07-26 02:20:00+00:00
1785032700000,160.21,160.38,160.21,160.38,0.04,2026-07-26 02:25:00+00:00
1785033000000,160.44,160.45,160.2,160.28,1.45,2026-07-26 02:30:00+00:00
1785033300000,160.44,160.44,160.3,160.3,0.44,2026-07-26 02:35:00+00:00
1785033600000,160.45,160.73,160.44,160.64,2.92,2026-07-26 02:40:00+00:00
1785033900000,160.64,160.64,160.6,160.6,0.14,2026-07-26 02:45:00+00:00
1785034200000,160.66,160.69,160.54,160.57,0.12,2026-07-26 02:50:00+00:00
1785034500000,160.59,160.62,160.54,160.61,0.05,2026-07-26 02:55:00+00:00
1785034800000,160.6,160.62,160.47,160.47,0.09,2026-07-26 03:00:00+00:00
1785035100000,160.37,160.37,160.37,160.37,0.01,2026-07-26 03:05:00+00:00
1785035400000,160.05,160.31,160.05,160.31,0.08,2026-07-26 03:10:00+00:00
1785035700000,160.19,160.28,160.02,160.28,0.13,2026-07-26 03:15:00+00:00
1785036000000,160.08,160.25,160.08,160.1,0.2,2026-07-26 03:20:00+00:00
1785036300000,160.02,160.06,160.02,160.04,0.07,2026-07-26 03:25:00+00:00
1785036600000,160.01,160.22,160.01,160.22,0.61,2026-07-26 03:30:00+00:00
1785036900000,160.12,160.18,160.12,160.18,0.04,2026-07-26 03:35:00+00:00
1785037200000,160.01,160.13,160.01,160.05,0.22,2026-07-26 03:40:00+00:00
1785037500000,160.03,160.05,159.96,159.99,7.02,2026-07-26 03:45:00+00:00
1785037800000,159.99,160.07,159.99,160.07,0.07,2026-07-26 03:50:00+00:00
1785038100000,160.05,160.12,160.05,160.12,0.09,2026-07-26 03:55:00+00:00
1785038400000,160.13,160.15,160.02,160.02,0.04,2026-07-26 04:00:00+00:00
1785038700000,160.12,160.3,159.99,160.19,2.27,2026-07-26 04:05:00+00:00
1785039000000,159.99,160.03,159.99,160.02,0.06,2026-07-26 04:10:00+00:00
1785039300000,160.13,160.13,160.09,160.12,0.04,2026-07-26 04:15:00+00:00
1785039600000,160.02,160.13,160.02,160.13,0.03,2026-07-26 04:20:00+00:00
1785039900000,160.04,160.16,160.04,160.16,0.06,2026-07-26 04:25:00+00:00
1785040200000,160.23,160.32,160.18,160.22,0.12,2026-07-26 04:30:00+00:00
1785040500000,160.31,160.31,160.26,160.26,0.02,2026-07-26 04:35:00+00:00
1785040800000,160.39,160.62,160.36,160.62,1.87,2026-07-26 04:40:00+00:00
1785041100000,160.57,160.6,160.53,160.6,0.07,2026-07-26 04:45:00+00:00
1785041400000,160.79,160.81,160.7,160.76,0.3,2026-07-26 04:50:00+00:00
1785041700000,160.69,160.69,160.64,160.66,0.05,2026-07-26 04:55:00+00:00
1785042000000,160.82,160.82,160.31,160.58,3.49,2026-07-26 05:00:00+00:00
1785042300000,160.45,160.45,160.45,160.45,0.01,2026-07-26 05:05:00+00:00
1785042600000,160.31,160.31,160.31,160.31,0.19,2026-07-26 05:10:00+00:00
1785042900000,160.13,160.59,160.1,160.19,0.74,2026-07-26 05:15:00+00:00
1785043200000,160.27,160.27,160.27,160.27,0.03,2026-07-26 05:20:00+00:00
1785043500000,160.45,160.52,160.18,160.18,0.43,2026-07-26 05:25:00+00:00
1785043800000,160.14,160.42,160.07,160.19,0.43,2026-07-26 05:30:00+00:00
1785044100000,160.14,160.21,160.13,160.14,0.11,2026-07-26 05:35:00+00:00
1785044400000,160.19,160.28,160.19,160.28,0.07,2026-07-26 05:40:00+00:00
1785044700000,160.14,160.15,160.14,160.15,0.06,2026-07-26 05:45:00+00:00
1785045000000,160.15,160.32,160.12,160.12,1.98,2026-07-26 05:50:00+00:00
1785045300000,160.04,160.04,159.91,159.99,2.93,2026-07-26 05:55:00+00:00
1785045600000,160,160.2,159.82,160.02,1.86,2026-07-26 06:00:00+00:00
1785045900000,159.99,160.05,159.99,160.05,0.13,2026-07-26 06:05:00+00:00
1785046200000,160,160.43,159.94,160.38,0.2,2026-07-26 06:10:00+00:00
1785046500000,160.27,160.27,160.15,160.15,0.02,2026-07-26 06:15:00+00:00
1785046800000,160.21,160.28,159.97,160.17,2.3,2026-07-26 06:20:00+00:00
1785047100000,159.94,160.02,159.88,159.93,1.62,2026-07-26 06:25:00+00:00
1785047400000,159.84,159.94,159.82,159.84,0.87,2026-07-26 06:30:00+00:00
1785047700000,159.84,159.87,159.8,159.8,0.08,2026-07-26 06:35:00+00:00
1785048000000,159.74,160.12,159.74,160.12,0.13,2026-07-26 06:40:00+00:00
1785048300000,160.11,160.11,160.11,160.11,0.05,2026-07-26 06:45:00+00:00
1785048600000,160.09,160.25,160.09,160.21,0.06,2026-07-26 06:50:00+00:00
1785048900000,160.25,160.38,160.25,160.25,0.08,2026-07-26 06:55:00+00:00
1785049200000,160.25,160.33,160.1,160.26,1.2,2026-07-26 07:00:00+00:00
1785049500000,160.22,160.38,160.19,160.33,0.22,2026-07-26 07:05:00+00:00
1785049800000,160.38,160.53,160.18,160.49,2.01,2026-07-26 07:10:00+00:00
1785050100000,160.43,160.54,160.21,160.21,0.5,2026-07-26 07:15:00+00:00
1785050400000,160.56,160.56,160.21,160.51,1.18,2026-07-26 07:20:00+00:00
1785050700000,160.22,160.53,160.22,160.28,0.3,2026-07-26 07:25:00+00:00
1785051000000,160.51,160.61,160.47,160.61,2.86,2026-07-26 07:30:00+00:00
1785051300000,160.44,160.62,160.31,160.62,7.21,2026-07-26 07:35:00+00:00
1785051600000,160.43,160.59,160.28,160.45,0.66,2026-07-26 07:40:00+00:00
1785051900000,160.41,160.55,160.41,160.51,0.06,2026-07-26 07:45:00+00:00
1785052200000,160.54,160.57,160.5,160.56,0.14,2026-07-26 07:50:00+00:00
1785052500000,160.57,160.57,160.55,160.55,0.05,2026-07-26 07:55:00+00:00
1785052800000,160.37,160.57,160.18,160.55,0.22,2026-07-26 08:00:00+00:00
1785053100000,160.25,160.25,160.25,160.25,0.01,2026-07-26 08:05:00+00:00
1785053400000,160.56,160.56,160.35,160.54,0.16,2026-07-26 08:10:00+00:00
1785053700000,160.35,160.55,160.26,160.26,0.47,2026-07-26 08:15:00+00:00
1785054000000,160.34,160.57,160.29,160.51,0.32,2026-07-26 08:20:00+00:00
1785054300000,160.34,160.58,160.25,160.25,0.23,2026-07-26 08:25:00+00:00
1785054600000,160.56,160.56,160.23,160.25,0.17,2026-07-26 08:30:00+00:00
1785054900000,160.5,160.57,160.27,160.27,0.07,2026-07-26 08:35:00+00:00
1785055200000,160.2,160.25,160.13,160.16,0.1,2026-07-26 08:40:00+00:00
1785055500000,160.15,160.35,160.13,160.35,0.1,2026-07-26 08:45:00+00:00
1785055800000,160.15,160.2,160.08,160.12,0.14,2026-07-26 08:50:00+00:00
1785056100000,160.19,160.19,160.09,160.1,0.15,2026-07-26 08:55:00+00:00
1785056400000,160.12,160.27,160.12,160.15,0.16,2026-07-26 09:00:00+00:00
1785056700000,160.11,160.11,160.05,160.05,0.12,2026-07-26 09:05:00+00:00
1785057000000,160.18,160.18,160.08,160.09,0.12,2026-07-26 09:10:00+00:00
1785057300000,160.11,160.11,160.09,160.09,0.73,2026-07-26 09:15:00+00:00
1785057600000,160.11,160.11,160.11,160.11,0.06,2026-07-26 09:20:00+00:00
1785057900000,160.12,160.12,160.12,160.12,0.1,2026-07-26 09:25:00+00:00
1785058200000,160.11,160.11,160.11,160.11,0.05,2026-07-26 09:30:00+00:00
1785058500000,160.11,160.28,160.11,160.28,0.58,2026-07-26 09:35:00+00:00
1785058800000,159.82,159.84,159.72,159.75,1.52,2026-07-26 09:40:00+00:00
1785059100000,159.74,159.76,159.72,159.72,0.48,2026-07-26 09:45:00+00:00
1785059400000,159.71,159.72,159.55,159.55,2.22,2026-07-26 09:50:00+00:00
1785059700000,159.57,160.05,159.54,160,2.22,2026-07-26 09:55:00+00:00
1785060000000,159.94,159.94,159.73,159.74,0.51,2026-07-26 10:00:00+00:00
1785060300000,159.74,159.74,159.74,159.74,0,2026-07-26 10:05:00+00:00
1785060600000,159.71,159.71,159.54,159.54,1.4,2026-07-26 10:10:00+00:00
1785060900000,159.57,159.71,159.01,159.54,26.96,2026-07-26 10:15:00+00:00
1785061200000,159.47,159.68,159.47,159.64,3.57,2026-07-26 10:20:00+00:00
1785061500000,159.71,160.2,159.71,159.96,8.15,2026-07-26 10:25:00+00:00
1785061800000,159.98,160.18,159.93,160.18,0.19,2026-07-26 10:30:00+00:00
1785062100000,160.18,160.18,160.18,160.18,0,2026-07-26 10:35:00+00:00
1785062400000,160.3,160.37,160.3,160.3,0.26,2026-07-26 10:40:00+00:00
1785062700000,160.45,160.45,160.41,160.41,0.12,2026-07-26 10:45:00+00:00
1785063000000,160.42,160.45,160.42,160.45,0.1,2026-07-26 10:50:00+00:00
1785063300000,160.43,160.43,160.39,160.39,0.21,2026-07-26 10:55:00+00:00
1785063600000,160.38,160.38,160.37,160.37,0.07,2026-07-26 11:00:00+00:00
1785063900000,160.26,160.26,160.19,160.19,0.12,2026-07-26 11:05:00+00:00
1785064200000,160.2,160.45,160.2,160.42,0.76,2026-07-26 11:10:00+00:00
1785064500000,160.42,160.42,160.41,160.41,0.07,2026-07-26 11:15:00+00:00
1785064800000,160.37,160.51,160.36,160.51,0.15,2026-07-26 11:20:00+00:00
1785065100000,160.48,160.68,160.48,160.67,1.08,2026-07-26 11:25:00+00:00
1785065400000,160.72,160.72,160.53,160.53,1.48,2026-07-26 11:30:00+00:00
1785065700000,160.68,160.72,160.6,160.7,1.56,2026-07-26 11:35:00+00:00
1785066000000,160.68,160.68,160.62,160.62,0.12,2026-07-26 11:40:00+00:00
1785066300000,160.62,160.72,160.33,160.34,13.02,2026-07-26 11:45:00+00:00
1785066600000,160.21,160.34,160.18,160.2,1.94,2026-07-26 11:50:00+00:00
1785066900000,160.18,160.18,160.18,160.18,0.5,2026-07-26 11:55:00+00:00
1785067200000,159.98,160,159.8,159.98,1.43,2026-07-26 12:00:00+00:00
1785067500000,160.06,160.06,160.03,160.03,0.12,2026-07-26 12:05:00+00:00
1785067800000,160.05,160.12,159.98,160.12,0.08,2026-07-26 12:10:00+00:00
1785068100000,160.05,160.18,160.05,160.06,0.91,2026-07-26 12:15:00+00:00
1785068400000,159.93,160.24,159.91,159.96,3.35,2026-07-26 12:20:00+00:00
1785068700000,159.88,160.03,159.88,160.03,1.83,2026-07-26 12:25:00+00:00
1785069000000,160.04,160.04,159.9,159.96,0.25,2026-07-26 12:30:00+00:00
1785069300000,160.02,160.02,159.95,159.95,0.05,2026-07-26 12:35:00+00:00
1785069600000,159.89,159.94,159.87,159.87,0.19,2026-07-26 12:40:00+00:00
1785069900000,159.97,159.97,159.68,159.81,1.1,2026-07-26 12:45:00+00:00
1785070200000,159.75,159.99,159.75,159.99,0.4,2026-07-26 12:50:00+00:00
1785070500000,159.77,160.03,159.77,159.8,0.7,2026-07-26 12:55:00+00:00
1785070800000,159.73,159.9,159.73,159.9,0.12,2026-07-26 13:00:00+00:00
1785071100000,159.87,159.88,159.81,159.81,0.26,2026-07-26 13:05:00+00:00
1785071400000,159.81,159.95,159.66,159.95,0.14,2026-07-26 13:10:00+00:00
1785071700000,159.84,160.09,159.84,160.09,0.26,2026-07-26 13:15:00+00:00
1785072000000,159.86,160.11,159.86,160.11,0.06,2026-07-26 13:20:00+00:00
1785072300000,159.92,160.03,159.79,159.99,0.2,2026-07-26 13:25:00+00:00
1785072600000,159.94,159.94,159.64,159.65,0.77,2026-07-26 13:30:00+00:00
1785072900000,159.87,160.01,159.77,160.01,0.12,2026-07-26 13:35:00+00:00
1785073200000,159.8,159.99,159.8,159.99,0.03,2026-07-26 13:40:00+00:00
1785073500000,160.05,160.05,159.64,159.88,8.4,2026-07-26 13:45:00+00:00
1785073800000,159.81,160.05,159.8,159.87,0.24,2026-07-26 13:50:00+00:00
1785074100000,159.87,159.87,159.87,159.87,0,2026-07-26 13:55:00+00:00
1785074400000,159.95,160.12,159.67,159.67,7.06,2026-07-26 14:00:00+00:00
1785074700000,159.75,159.9,159.4,159.9,3.11,2026-07-26 14:05:00+00:00
1785075000000,159.9,159.9,159.9,159.9,0,2026-07-26 14:10:00+00:00
1785075300000,159.45,159.53,159.36,159.5,1.25,2026-07-26 14:15:00+00:00
1785075600000,159.3,159.3,159.08,159.24,1.38,2026-07-26 14:20:00+00:00
1785075900000,159.14,159.14,158.31,158.31,23.21,2026-07-26 14:25:00+00:00
1785076200000,158.42,158.84,158.3,158.84,7.18,2026-07-26 14:30:00+00:00
1785076500000,158.83,159.18,158.83,159.18,0.29,2026-07-26 14:35:00+00:00
1785076800000,159.18,159.61,159.18,159.61,13.84,2026-07-26 14:40:00+00:00
1785077100000,159.32,159.51,159.32,159.51,0.35,2026-07-26 14:45:00+00:00
1785077400000,159.37,159.63,159.37,159.6,0.08,2026-07-26 14:50:00+00:00
1785077700000,159.65,159.91,159.65,159.83,0.22,2026-07-26 14:55:00+00:00
1785078000000,159.8,159.8,159.43,159.43,0.13,2026-07-26 15:00:00+00:00
1785078300000,159.3,159.3,159.19,159.19,0.62,2026-07-26 15:05:00+00:00
1785078600000,159.18,159.63,159.12,159.14,0.95,2026-07-26 15:10:00+00:00
1785078900000,159.25,159.25,159.25,159.25,0.02,2026-07-26 15:15:00+00:00
1785079200000,159.44,159.48,159.19,159.19,0.45,2026-07-26 15:20:00+00:00
1785079500000,159.23,159.23,158.78,158.86,8.87,2026-07-26 15:25:00+00:00
1785079800000,158.89,158.94,158.51,158.67,4.82,2026-07-26 15:30:00+00:00
1785080100000,158.53,158.69,158.53,158.65,0.17,2026-07-26 15:35:00+00:00
1785080400000,158.64,158.64,158.07,158.44,3.76,2026-07-26 15:40:00+00:00
1785080700000,158.43,158.44,158.28,158.41,1.38,2026-07-26 15:45:00+00:00
1785081000000,158.4,158.43,158.32,158.32,1.09,2026-07-26 15:50:00+00:00
1785081300000,158.31,158.39,158.24,158.24,0.31,2026-07-26 15:55:00+00:00
1785081600000,158.28,158.31,158.21,158.21,0.08,2026-07-26 16:00:00+00:00
1785081900000,158.2,158.2,158.18,158.18,0.03,2026-07-26 16:05:00+00:00
1785082200000,158.21,158.34,158.21,158.29,0.05,2026-07-26 16:10:00+00:00
1785082500000,158.33,158.67,158.33,158.49,3.68,2026-07-26 16:15:00+00:00
1785082800000,158.36,158.36,158.34,158.34,0.5,2026-07-26 16:20:00+00:00
1785083100000,158.46,158.8,158.46,158.8,0.77,2026-07-26 16:25:00+00:00
1785083400000,158.92,159.16,158.68,158.93,0.71,2026-07-26 16:30:00+00:00
1785083700000,159.05,159.05,158.63,158.63,0.13,2026-07-26 16:35:00+00:00
1785084000000,158.84,158.94,158.73,158.78,1.5,2026-07-26 16:40:00+00:00
1785084300000,158.88,158.88,158.76,158.76,0.11,2026-07-26 16:45:00+00:00
1785084600000,158.89,158.89,158.7,158.7,0.16,2026-07-26 16:50:00+00:00
1785084900000,158.84,158.84,158.79,158.81,0.07,2026-07-26 16:55:00+00:00
1785085200000,158.83,158.9,158.68,158.71,1.58,2026-07-26 17:00:00+00:00
1785085500000,158.96,158.96,158.71,158.88,1.17,2026-07-26 17:05:00+00:00
1785085800000,158.67,158.85,158.58,158.66,0.24,2026-07-26 17:10:00+00:00
1785086100000,158.72,159.06,158.68,158.88,0.19,2026-07-26 17:15:00+00:00
1785086400000,158.97,159.04,158.83,158.85,0.17,2026-07-26 17:20:00+00:00
1785086700000,159.12,159.12,158.91,159.08,0.03,2026-07-26 17:25:00+00:00
1785087000000,158.75,158.97,158.75,158.81,0.16,2026-07-26 17:30:00+00:00
1785087300000,158.83,159.08,158.83,158.86,0.11,2026-07-26 17:35:00+00:00
1785087600000,159.02,159.08,158.95,158.95,0.07,2026-07-26 17:40:00+00:00
1785087900000,158.9,158.98,158.9,158.98,0.03,2026-07-26 17:45:00+00:00
1785088200000,158.78,158.92,158.72,158.74,0.12,2026-07-26 17:50:00+00:00
1785088500000,158.81,158.85,158.81,158.85,0.03,2026-07-26 17:55:00+00:00
1785088800000,158.88,158.98,158.85,158.85,0.39,2026-07-26 18:00:00+00:00
1785089100000,158.68,158.88,158.68,158.88,0.02,2026-07-26 18:05:00+00:00
1785089400000,158.74,158.89,158.74,158.83,0.46,2026-07-26 18:10:00+00:00
1785089700000,158.83,159.01,158.77,158.87,0.16,2026-07-26 18:15:00+00:00
1785090000000,159,159,158.8,158.83,0.67,2026-07-26 18:20:00+00:00
1785090300000,158.86,158.93,158.68,158.93,0.5,2026-07-26 18:25:00+00:00
1785090600000,158.8,158.96,158.8,158.96,0.09,2026-07-26 18:30:00+00:00
1785090900000,158.84,159.24,158.84,159.24,9.46,2026-07-26 18:35:00+00:00
1785091200000,159.3,159.41,159.19,159.31,0.77,2026-07-26 18:40:00+00:00
1785091500000,159.35,159.38,159.35,159.38,0.11,2026-07-26 18:45:00+00:00
1785091800000,159.37,159.4,159.32,159.4,1.02,2026-07-26 18:50:00+00:00
1785092100000,159.32,159.42,159.29,159.42,0.06,2026-07-26 18:55:00+00:00
1785092400000,159.42,159.42,159.09,159.19,0.12,2026-07-26 19:00:00+00:00
1785092700000,159.26,159.29,159.11,159.19,1.88,2026-07-26 19:05:00+00:00
1785093000000,159.25,159.28,159.23,159.23,0.03,2026-07-26 19:10:00+00:00
1785093300000,158.99,159.22,158.99,159.2,0.37,2026-07-26 19:15:00+00:00
1785093600000,159.23,159.4,159.2,159.37,1.48,2026-07-26 19:20:00+00:00
1785093900000,159.51,159.51,159.28,159.28,0.1,2026-07-26 19:25:00+00:00
1785094200000,159.47,159.48,159.39,159.41,0.36,2026-07-26 19:30:00+00:00
1785094500000,159.33,159.39,159.29,159.39,0.09,2026-07-26 19:35:00+00:00
1785094800000,159.51,159.53,159.36,159.51,2.76,2026-07-26 19:40:00+00:00
1785095100000,159.51,159.51,159.44,159.44,0.04,2026-07-26 19:45:00+00:00
1785095400000,159.42,159.7,159.41,159.64,0.23,2026-07-26 19:50:00+00:00
1785095700000,159.67,159.68,159.62,159.62,0.27,2026-07-26 19:55:00+00:00
1785096000000,159.64,159.64,159.47,159.47,0.07,2026-07-26 20:00:00+00:00
1785096300000,159.47,159.47,159.47,159.47,0,2026-07-26 20:05:00+00:00
1785096600000,159.37,159.37,159.11,159.34,0.54,2026-07-26 20:10:00+00:00
1785096900000,159.21,159.26,159.21,159.26,0.05,2026-07-26 20:15:00+00:00
1785097200000,159.25,159.36,159.25,159.36,0.03,2026-07-26 20:20:00+00:00
1785097500000,159.21,159.24,159.18,159.19,0.05,2026-07-26 20:25:00+00:00
1785097800000,159.22,159.32,159.18,159.3,0.14,2026-07-26 20:30:00+00:00
1785098100000,159.27,159.27,159.11,159.18,0.11,2026-07-26 20:35:00+00:00
1785098400000,159.2,159.3,159.17,159.3,0.1,2026-07-26 20:40:00+00:00
1785098700000,159.23,159.25,159.09,159.09,0.05,2026-07-26 20:45:00+00:00
1785099000000,159.2,159.21,159.07,159.21,0.1,2026-07-26 20:50:00+00:00
1785099300000,159.18,159.23,159.05,159.1,0.12,2026-07-26 20:55:00+00:00
1785099600000,159.14,159.19,159.07,159.11,6.45,2026-07-26 21:00:00+00:00
1785099900000,159.2,159.32,159.05,159.07,0.73,2026-07-26 21:05:00+00:00
1785100200000,159.12,159.32,159.06,159.32,0.12,2026-07-26 21:10:00+00:00
1785100500000,159.44,159.46,159.44,159.46,0.06,2026-07-26 21:15:00+00:00
1785100800000,159.5,159.61,159.27,159.34,0.13,2026-07-26 21:20:00+00:00
1785101100000,159.3,159.4,159.29,159.29,0.1,2026-07-26 21:25:00+00:00
1785101400000,159.29,159.34,159.25,159.25,0.4,2026-07-26 21:30:00+00:00
1785101700000,159.16,159.16,159.13,159.13,1.73,2026-07-26 21:35:00+00:00
1785102000000,159.01,159.01,158.94,158.94,0.35,2026-07-26 21:40:00+00:00
1785102300000,158.88,158.89,158.79,158.87,0.14,2026-07-26 21:45:00+00:00
1785102600000,158.93,158.99,158.93,158.99,0.05,2026-07-26 21:50:00+00:00
1785102900000,158.77,158.88,158.77,158.86,0.12,2026-07-26 21:55:00+00:00
1785103200000,159.4,159.47,159.38,159.38,0.6,2026-07-26 22:00:00+00:00
1785103500000,159.18,159.18,159.08,159.16,0.28,2026-07-26 22:05:00+00:00
1785103800000,159.09,159.84,159.06,159.84,6.73,2026-07-26 22:10:00+00:00
1785104100000,159.8,161.26,159.78,160.64,10.7,2026-07-26 22:15:00+00:00
1785104400000,160.44,160.73,160.44,160.62,1.78,2026-07-26 22:20:00+00:00
1785104700000,160.31,160.35,160.31,160.33,0.26,2026-07-26 22:25:00+00:00
1785105000000,160.37,160.42,160.3,160.3,0.54,2026-07-26 22:30:00+00:00
1785105300000,160.1,160.1,159.79,159.79,0.75,2026-07-26 22:35:00+00:00
1785105600000,159.75,159.83,159.72,159.74,0.14,2026-07-26 22:40:00+00:00
1785105900000,159.75,160.03,159.71,159.71,1.73,2026-07-26 22:45:00+00:00
1785106200000,159.84,159.84,159.71,159.71,0.16,2026-07-26 22:50:00+00:00
1785106500000,159.68,159.74,159.68,159.68,0.1,2026-07-26 22:55:00+00:00
1785106800000,159.69,159.97,159.68,159.97,1.38,2026-07-26 23:00:00+00:00
1785107100000,159.93,160.01,159.93,159.98,0.21,2026-07-26 23:05:00+00:00
1785107400000,160.06,160.06,159.91,159.91,0.18,2026-07-26 23:10:00+00:00
1785107700000,159.84,159.84,159.84,159.84,0.07,2026-07-26 23:15:00+00:00
1785108000000,159.79,160.09,159.79,159.89,2.82,2026-07-26 23:20:00+00:00
1785108300000,160.12,160.12,159.97,160.11,0.55,2026-07-26 23:25:00+00:00
1785108600000,159.95,160.05,159.93,159.94,0.34,2026-07-26 23:30:00+00:00
1785108900000,159.99,159.99,159.75,159.92,1.3,2026-07-26 23:35:00+00:00
1785109200000,159.92,159.98,159.68,159.92,20.65,2026-07-26 23:40:00+00:00
1785109500000,159.75,159.76,159.75,159.75,0.04,2026-07-26 23:45:00+00:00
1785109800000,159.84,159.84,159.78,159.8,0.06,2026-07-26 23:50:00+00:00
1785110100000,159.67,159.68,159.67,159.67,0.05,2026-07-26 23:55:00+00:00
1785110400000,159.79,159.79,159.53,159.53,0.04,2026-07-27 00:00:00+00:00
1785110700000,159.51,159.53,159.42,159.42,0.28,2026-07-27 00:05:00+00:00
1785111000000,159.21,159.3,159.21,159.3,0.06,2026-07-27 00:10:00+00:00
1785111300000,159.25,159.25,158.56,158.56,2.53,2026-07-27 00:15:00+00:00
1785111600000,158.62,158.79,158.54,158.78,1.44,2026-07-27 00:20:00+00:00
1785111900000,158.58,159.08,158.46,158.48,11.93,2026-07-27 00:25:00+00:00
1785112200000,158.45,158.6,158.43,158.52,2.21,2026-07-27 00:30:00+00:00
1785112500000,158.42,158.66,157.96,158.15,48.29,2026-07-27 00:35:00+00:00
1785112800000,158.33,158.35,157.99,157.99,2.74,2026-07-27 00:40:00+00:00
1785113100000,157.95,158.01,157.86,157.95,3.94,2026-07-27 00:45:00+00:00
1785113400000,157.85,157.98,157.7,157.87,2.97,2026-07-27 00:50:00+00:00
1785113700000,157.93,157.93,157.82,157.9,7.32,2026-07-27 00:55:00+00:00
1785114000000,157.98,158.48,157.86,158.48,10.62,2026-07-27 01:00:00+00:00
1785114300000,158.22,158.5,158.2,158.5,12.79,2026-07-27 01:05:00+00:00
1785114600000,158.71,160.3,158.71,160.26,10.52,2026-07-27 01:10:00+00:00
1785114900000,159.65,161.45,159.5,161.17,31.94,2026-07-27 01:15:00+00:00
1785115200000,161.36,161.67,160.61,161.14,15.67,2026-07-27 01:20:00+00:00
1785115500000,161.03,161.22,160.13,160.38,6.2,2026-07-27 01:25:00+00:00
1785115800000,160.1,164.15,155.16,161.28,372.67,2026-07-27 01:30:00+00:00
1785116100000,161,161.67,155.88,159.61,534.42,2026-07-27 01:35:00+00:00
1785116400000,159.59,161.78,158.42,158.42,271.17,2026-07-27 01:40:00+00:00
1785116700000,158.86,161.2,158.4,161.2,190.09,2026-07-27 01:45:00+00:00
1785117000000,160.94,163.5,160.1,161.9,619.12,2026-07-27 01:50:00+00:00
1785117300000,162.1,168.72,162.1,166.27,238.38,2026-07-27 01:55:00+00:00
1785117600000,165.89,167.58,164.32,164.68,536.66,2026-07-27 02:00:00+00:00
1785117900000,164.36,167.01,163.31,167.01,555.93,2026-07-27 02:05:00+00:00
1785118200000,167.21,168.4,165.3,168.3,403.1,2026-07-27 02:10:00+00:00
1785118500000,168.12,169.52,167.06,167.21,350.94,2026-07-27 02:15:00+00:00
1785118800000,167.21,168.62,166.28,168.62,316.06,2026-07-27 02:20:00+00:00
1785119100000,168.54,171.11,168.16,171.11,302.49,2026-07-27 02:25:00+00:00
1785119400000,170.88,171.19,168.15,168.42,231.5,2026-07-27 02:30:00+00:00
1785119700000,168.61,169.06,166.94,167.1,164.73,2026-07-27 02:35:00+00:00
1785120000000,167.67,168.64,167.57,168.64,139.38,2026-07-27 02:40:00+00:00
1785120300000,168.72,169.86,167.3,167.3,140,2026-07-27 02:45:00+00:00
1785120600000,167.48,167.65,166.28,167.43,207.98,2026-07-27 02:50:00+00:00
1785120900000,167.35,168.15,167.23,167.81,180.45,2026-07-27 02:55:00+00:00
1785121200000,167.31,168.01,167.31,167.75,88.55,2026-07-27 03:00:00+00:00
1785121500000,168.13,168.31,167.3,167.3,64.28,2026-07-27 03:05:00+00:00
1785121800000,167.24,167.75,167.16,167.75,38.83,2026-07-27 03:10:00+00:00
1785122100000,167.92,168,166.4,166.98,66.93,2026-07-27 03:15:00+00:00
1785122400000,167.3,167.5,166.54,167.06,45.99,2026-07-27 03:20:00+00:00
1785122700000,167.2,167.2,165.87,166.51,183.14,2026-07-27 03:25:00+00:00
1785123000000,166.43,166.47,165.3,166.47,96.29,2026-07-27 03:30:00+00:00
1785123300000,166.53,166.53,165.84,166.2,6.86,2026-07-27 03:35:00+00:00
1785123600000,166.21,166.49,165.92,166.03,34.44,2026-07-27 03:40:00+00:00
1785123900000,166.03,166.09,164.6,164.88,92.01,2026-07-27 03:45:00+00:00
1785124200000,164.81,165.87,164.81,165.46,37.58,2026-07-27 03:50:00+00:00
1785124500000,165.33,165.47,164.91,165.05,13.19,2026-07-27 03:55:00+00:00
1785124800000,165.16,165.16,164.92,165.03,0.6,2026-07-27 04:00:00+00:00
1785125100000,165.34,165.38,165.25,165.37,4.61,2026-07-27 04:05:00+00:00
1785125400000,165.05,165.37,164.91,165.24,3.55,2026-07-27 04:10:00+00:00
1785125700000,165.37,165.75,165.21,165.75,11.69,2026-07-27 04:15:00+00:00
1785126000000,165.77,165.97,165.63,165.89,9.77,2026-07-27 04:20:00+00:00
1785126300000,166.05,166.05,165.79,165.88,4.78,2026-07-27 04:25:00+00:00
1785126600000,165.95,165.95,165.78,165.9,9.21,2026-07-27 04:30:00+00:00
1785126900000,165.89,166.15,165.8,166.13,10.82,2026-07-27 04:35:00+00:00
1785127200000,165.84,165.99,165.84,165.99,1.11,2026-07-27 04:40:00+00:00
1785127500000,165.89,165.95,165.89,165.95,0.58,2026-07-27 04:45:00+00:00
1785127800000,165.91,166.18,165.91,166.18,0.21,2026-07-27 04:50:00+00:00
1785128100000,166.08,166.09,166.08,166.08,2.73,2026-07-27 04:55:00+00:00
1785128400000,165.95,167.28,165.54,166.66,183.02,2026-07-27 05:00:00+00:00
1785128700000,166.71,166.76,165.78,165.9,44.98,2026-07-27 05:05:00+00:00
1785129000000,166,166,164.2,165.33,137.04,2026-07-27 05:10:00+00:00
1785129300000,165.19,165.44,163.06,164.51,66.73,2026-07-27 05:15:00+00:00
1785129600000,164,164,161.53,162.48,101.28,2026-07-27 05:20:00+00:00
1785129900000,162.77,163.22,162.36,163.22,13.12,2026-07-27 05:25:00+00:00
1785130200000,163.52,164.13,162.8,162.86,51.84,2026-07-27 05:30:00+00:00
1785130500000,163.51,164.6,163.51,164.6,3.17,2026-07-27 05:35:00+00:00
1785130800000,164.64,164.76,163.8,164.56,29.45,2026-07-27 05:40:00+00:00
1785131100000,164.81,165.97,164.81,165.97,64.54,2026-07-27 05:45:00+00:00
1785131400000,165.64,166.32,165.27,165.28,48.99,2026-07-27 05:50:00+00:00
1785131700000,165.13,165.18,164.93,165.09,21.02,2026-07-27 05:55:00+00:00
1785132000000,164.95,165.16,164.23,164.44,25.1,2026-07-27 06:00:00+00:00
1785132300000,164.49,165.12,164.32,165.12,4.85,2026-07-27 06:05:00+00:00
1785132600000,165.22,165.5,163.95,164.32,21.65,2026-07-27 06:10:00+00:00
1785132900000,164.32,165.2,164.18,165.15,9.96,2026-07-27 06:15:00+00:00
1785133200000,164.9,164.9,164.66,164.7,6.22,2026-07-27 06:20:00+00:00
1785133500000,164.38,164.38,163.12,163.34,52.11,2026-07-27 06:25:00+00:00
1785133800000,163.6,164.05,163.07,164.05,17.38,2026-07-27 06:30:00+00:00
1785134100000,164.11,164.11,163.98,164,0.2,2026-07-27 06:35:00+00:00
1785134400000,163.99,164.08,163.64,163.9,11.7,2026-07-27 06:40:00+00:00
1785134700000,163.3,164.01,163.26,163.36,24.73,2026-07-27 06:45:00+00:00
1785135000000,163.8,163.8,163.11,163.21,9.07,2026-07-27 06:50:00+00:00
1785135300000,163.32,163.75,163.32,163.74,36.47,2026-07-27 06:55:00+00:00
1785135600000,164.19,166.16,164.19,166.14,44.86,2026-07-27 07:00:00+00:00
1785135900000,166.4,167.58,166.1,167.58,18.35,2026-07-27 07:05:00+00:00
1785136200000,167.58,167.58,165.88,165.88,30.07,2026-07-27 07:10:00+00:00
1785136500000,165.87,165.87,165.23,165.23,0.93,2026-07-27 07:15:00+00:00
1785136800000,165.1,165.1,164.81,164.81,0.09,2026-07-27 07:20:00+00:00
1785137100000,164.81,165.1,163.94,165.1,32.42,2026-07-27 07:25:00+00:00
1785137400000,164.69,164.88,164.43,164.55,21.58,2026-07-27 07:30:00+00:00
1785137700000,164.34,164.82,164.34,164.63,11.7,2026-07-27 07:35:00+00:00
1785138000000,164.66,164.66,164.66,164.66,0.03,2026-07-27 07:40:00+00:00
1785138300000,164.41,164.66,164.41,164.66,0.51,2026-07-27 07:45:00+00:00
1785138600000,164.66,164.66,164.45,164.45,8.94,2026-07-27 07:50:00+00:00
1785138900000,164.57,164.57,164.37,164.37,0.47,2026-07-27 07:55:00+00:00
1785139200000,164.35,164.51,164.31,164.31,0.16,2026-07-27 08:00:00+00:00
1785139500000,164.35,164.35,164.29,164.29,0.09,2026-07-27 08:05:00+00:00
1785139800000,164,164.13,163.8,164.13,1.47,2026-07-27 08:10:00+00:00
1785140100000,163.93,163.94,163.89,163.93,0.12,2026-07-27 08:15:00+00:00
1785140400000,163.7,163.74,163.34,163.51,4.36,2026-07-27 08:20:00+00:00
1785140700000,163.56,163.59,163.15,163.5,10.35,2026-07-27 08:25:00+00:00
1785141000000,163.4,163.43,163.24,163.24,0.1,2026-07-27 08:30:00+00:00
1785141300000,163.12,163.27,163.12,163.27,0.06,2026-07-27 08:35:00+00:00
1785141600000,163.09,163.54,163.03,163.54,13.14,2026-07-27 08:40:00+00:00
1785141900000,163.28,163.31,163.02,163.31,0.78,2026-07-27 08:45:00+00:00
1785142200000,163.05,163.08,162.96,163.06,1.92,2026-07-27 08:50:00+00:00
1785142500000,163.04,163.18,163,163,0.04,2026-07-27 08:55:00+00:00
1785142800000,162.84,162.84,162.5,162.5,2.22,2026-07-27 09:00:00+00:00
1785143100000,162.57,165.17,162.57,164.58,43.07,2026-07-27 09:05:00+00:00
1785143400000,164.32,164.68,164.32,164.68,0.06,2026-07-27 09:10:00+00:00
1785143700000,164.76,164.76,164.52,164.55,0.19,2026-07-27 09:15:00+00:00
1785144000000,164.51,164.64,164.51,164.64,1.54,2026-07-27 09:20:00+00:00
1785144300000,164.76,164.82,164.74,164.81,26.72,2026-07-27 09:25:00+00:00
1785144600000,164.74,164.8,164.7,164.8,0.35,2026-07-27 09:30:00+00:00
1785144900000,164.8,164.84,164.7,164.75,7.67,2026-07-27 09:35:00+00:00
1785145200000,164.68,164.92,164.66,164.9,2.27,2026-07-27 09:40:00+00:00
1785145500000,164.9,164.9,164.62,164.62,17.68,2026-07-27 09:45:00+00:00
1785145800000,164.7,164.93,164.62,164.62,3.85,2026-07-27 09:50:00+00:00
1785146100000,164.63,164.63,164.27,164.32,1.45,2026-07-27 09:55:00+00:00
1785146400000,164.43,164.45,164.38,164.45,2.93,2026-07-27 10:00:00+00:00
1785146700000,164.47,164.54,164.32,164.54,3.61,2026-07-27 10:05:00+00:00
1785147000000,164.59,164.86,164.52,164.66,16.32,2026-07-27 10:10:00+00:00
1785147300000,164.63,164.8,164.63,164.79,1.04,2026-07-27 10:15:00+00:00
1785147600000,164.73,164.81,164.73,164.81,8.52,2026-07-27 10:20:00+00:00
1785147900000,164.66,164.7,164.66,164.7,0.08,2026-07-27 10:25:00+00:00
1785148200000,164.74,164.8,164.42,164.42,1.98,2026-07-27 10:30:00+00:00
1785148500000,164.32,164.37,164.32,164.34,0.03,2026-07-27 10:35:00+00:00
1785148800000,164.36,164.4,164.36,164.4,0.19,2026-07-27 10:40:00+00:00
1785149100000,164.28,164.28,163.88,164.02,0.76,2026-07-27 10:45:00+00:00
1785149400000,164.04,164.07,163.99,163.99,0.07,2026-07-27 10:50:00+00:00
1785149700000,164.02,164.14,164.02,164.14,0.92,2026-07-27 10:55:00+00:00
1785150000000,164.14,164.14,163.82,163.82,2.13,2026-07-27 11:00:00+00:00
1785150300000,163.92,163.96,163.92,163.96,0.23,2026-07-27 11:05:00+00:00
1785150600000,164.18,164.51,164.18,164.51,1.82,2026-07-27 11:10:00+00:00
1785150900000,164.66,164.7,164.57,164.57,0.5,2026-07-27 11:15:00+00:00
1785151200000,164.55,164.55,164.02,164.02,0.81,2026-07-27 11:20:00+00:00
1785151500000,164.12,164.2,163.94,163.99,2.37,2026-07-27 11:25:00+00:00
1785151800000,164.04,164.19,164.03,164.15,5.05,2026-07-27 11:30:00+00:00
1785152100000,164.21,164.34,164.21,164.34,0.51,2026-07-27 11:35:00+00:00
1785152400000,164.4,164.87,164.4,164.86,3.69,2026-07-27 11:40:00+00:00
1785152700000,164.86,165.08,164.86,165.08,0.1,2026-07-27 11:45:00+00:00
1785153000000,165.08,165.31,165.08,165.2,1.37,2026-07-27 11:50:00+00:00
1785153300000,164.96,164.96,164.96,164.96,0.02,2026-07-27 11:55:00+00:00
1785153600000,165.38,165.38,165.19,165.24,0.9,2026-07-27 12:00:00+00:00
1785153900000,165.5,166.31,165.5,165.86,54.04,2026-07-27 12:05:00+00:00
1785154200000,165.51,165.68,165.51,165.57,8.6,2026-07-27 12:10:00+00:00
1785154500000,166.3,166.3,166.19,166.19,0.21,2026-07-27 12:15:00+00:00
1785154800000,166.1,166.15,166.05,166.1,2.48,2026-07-27 12:20:00+00:00
1785155100000,166.29,166.34,166.29,166.34,0.2,2026-07-27 12:25:00+00:00
1785155400000,166.13,166.19,166.13,166.14,0.68,2026-07-27 12:30:00+00:00
1785155700000,166.4,166.4,166.37,166.37,0.83,2026-07-27 12:35:00+00:00
1785156000000,166.17,166.17,166.16,166.16,0.05,2026-07-27 12:40:00+00:00
1785156300000,166.18,166.44,166.18,166.25,0.56,2026-07-27 12:45:00+00:00
1785156600000,166.07,166.36,166.07,166.16,0.07,2026-07-27 12:50:00+00:00
1785156900000,166.35,166.35,166.21,166.21,0.02,2026-07-27 12:55:00+00:00
1785157200000,166.03,166.27,166.03,166.23,3.42,2026-07-27 13:00:00+00:00
1785157500000,165.97,166.28,165.93,165.93,0.09,2026-07-27 13:05:00+00:00
1785157800000,166.19,166.33,166.19,166.29,0.03,2026-07-27 13:10:00+00:00
1785158100000,166.29,166.31,166.2,166.2,0.06,2026-07-27 13:15:00+00:00
1785158400000,166.12,166.3,166.06,166.3,0.11,2026-07-27 13:20:00+00:00
1785158700000,166.24,166.24,166.17,166.23,0.03,2026-07-27 13:25:00+00:00
1785159000000,166.16,166.16,165.81,165.85,0.18,2026-07-27 13:30:00+00:00
1785159300000,166.51,166.72,166,166.01,0.4,2026-07-27 13:35:00+00:00
1785159600000,166.08,166.08,165.17,165.38,18.14,2026-07-27 13:40:00+00:00
1785159900000,165.75,165.75,165.19,165.36,0.72,2026-07-27 13:45:00+00:00
1785160200000,165.3,165.3,165.13,165.22,1.22,2026-07-27 13:50:00+00:00
1785160500000,164.93,165.11,164.29,164.59,3.29,2026-07-27 13:55:00+00:00
1785160800000,164.58,164.74,164.16,164.68,0.7,2026-07-27 14:00:00+00:00
1785161100000,164.6,164.6,164.09,164.09,0.48,2026-07-27 14:05:00+00:00
1785161400000,164.08,164.13,163.82,164.13,0.74,2026-07-27 14:10:00+00:00
1785161700000,164.3,164.35,164.07,164.07,0.74,2026-07-27 14:15:00+00:00
1785162000000,164.27,164.27,163.47,163.47,16.39,2026-07-27 14:20:00+00:00
1785162300000,163.55,163.69,163.23,163.29,0.54,2026-07-27 14:25:00+00:00
1785162600000,163.18,163.76,163.18,163.24,17.52,2026-07-27 14:30:00+00:00
1785162900000,163.38,163.38,162.06,162.33,7.14,2026-07-27 14:35:00+00:00
1785163200000,162.62,162.62,162.11,162.48,0.8,2026-07-27 14:40:00+00:00
1785163500000,162.3,163.5,162.3,163.17,16.41,2026-07-27 14:45:00+00:00
1785163800000,163.32,163.39,163.22,163.32,1.53,2026-07-27 14:50:00+00:00
1785164100000,163.37,164.1,163.35,163.74,6.13,2026-07-27 14:55:00+00:00
1785164400000,163.64,163.64,163.36,163.41,3.2,2026-07-27 15:00:00+00:00
1785164700000,163.4,163.46,163.4,163.41,0.24,2026-07-27 15:05:00+00:00
1785165000000,163.34,163.7,163.34,163.7,0.07,2026-07-27 15:10:00+00:00
1785165300000,163.57,163.57,163.15,163.2,0.16,2026-07-27 15:15:00+00:00
1785165600000,163.43,163.43,163.21,163.32,0.21,2026-07-27 15:20:00+00:00
1785165900000,163.49,163.54,163.49,163.51,2.47,2026-07-27 15:25:00+00:00
1785166200000,163.48,163.5,163.22,163.22,0.18,2026-07-27 15:30:00+00:00
1785166500000,162.89,163,162.89,163,0.53,2026-07-27 15:35:00+00:00
1785166800000,163.16,163.16,162.96,162.96,0.26,2026-07-27 15:40:00+00:00
1785167100000,163.09,163.19,162.4,162.4,3.6,2026-07-27 15:45:00+00:00
1785167400000,162.45,162.58,162.45,162.47,2.95,2026-07-27 15:50:00+00:00
1785167700000,162.6,162.67,162.44,162.44,3.15,2026-07-27 15:55:00+00:00
1785168000000,162.49,162.49,162.34,162.34,2.73,2026-07-27 16:00:00+00:00
1785168300000,162.53,162.53,162.49,162.49,0.02,2026-07-27 16:05:00+00:00
1785168600000,162.65,162.65,162.32,162.32,0.14,2026-07-27 16:10:00+00:00
1785168900000,162.27,162.38,162.15,162.3,2.21,2026-07-27 16:15:00+00:00
1785169200000,162.3,162.44,162.3,162.37,0.85,2026-07-27 16:20:00+00:00
1785169500000,162.44,162.53,162.44,162.53,0.21,2026-07-27 16:25:00+00:00
1785169800000,162.59,162.66,162.51,162.66,2.24,2026-07-27 16:30:00+00:00
1785170100000,162.77,162.77,162.76,162.76,0.56,2026-07-27 16:35:00+00:00
1785170400000,162.84,162.88,162.71,162.88,5.73,2026-07-27 16:40:00+00:00
1785170700000,162.87,162.98,162.87,162.9,1.45,2026-07-27 16:45:00+00:00
1785171000000,162.9,162.9,162.9,162.9,0,2026-07-27 16:50:00+00:00
1785171300000,162.9,162.9,162.9,162.9,0,2026-07-27 16:55:00+00:00
1785171600000,162.42,162.43,162.42,162.43,0.96,2026-07-27 17:00:00+00:00
1785171900000,162.55,162.58,162.54,162.58,2.46,2026-07-27 17:05:00+00:00
1785172200000,162.71,162.75,162.55,162.55,0.2,2026-07-27 17:10:00+00:00
1785172500000,162.56,162.61,162.56,162.61,0.05,2026-07-27 17:15:00+00:00
1785172800000,162.69,162.8,162.62,162.62,0.13,2026-07-27 17:20:00+00:00
1785173100000,162.58,162.59,162.49,162.49,0.65,2026-07-27 17:25:00+00:00
1785173400000,162.18,162.24,162.18,162.23,0.39,2026-07-27 17:30:00+00:00
1785173700000,162.23,162.23,162.23,162.23,0,2026-07-27 17:35:00+00:00
1785174000000,162.11,162.11,162.11,162.11,0.09,2026-07-27 17:40:00+00:00
1785174300000,162.2,162.2,162.2,162.2,0.01,2026-07-27 17:45:00+00:00
1785174600000,162.22,162.22,162.07,162.09,0.12,2026-07-27 17:50:00+00:00
1785174900000,162.18,162.27,162.18,162.27,1.56,2026-07-27 17:55:00+00:00
1785175200000,162.09,162.12,162.04,162.04,0.7,2026-07-27 18:00:00+00:00
1785175500000,161.96,161.96,161.84,161.84,0.53,2026-07-27 18:05:00+00:00
1785175800000,161.67,161.67,161.67,161.67,0.13,2026-07-27 18:10:00+00:00
1785176100000,161.63,161.63,161.63,161.63,0.03,2026-07-27 18:15:00+00:00
1785176400000,161.54,161.57,161.43,161.52,0.36,2026-07-27 18:20:00+00:00
1785176700000,161.55,161.55,161.55,161.55,0.02,2026-07-27 18:25:00+00:00
1785177000000,161.49,161.5,161.49,161.5,0.16,2026-07-27 18:30:00+00:00
1785177300000,161.46,161.54,161.46,161.54,0.52,2026-07-27 18:35:00+00:00
1785177600000,161.51,161.68,161.51,161.53,1.17,2026-07-27 18:40:00+00:00
1785177900000,161.69,161.69,161.5,161.5,0.22,2026-07-27 18:45:00+00:00
1785178200000,161.59,161.72,161.59,161.72,0.16,2026-07-27 18:50:00+00:00
1785178500000,161.7,161.79,161.7,161.76,0.28,2026-07-27 18:55:00+00:00
1785178800000,161.81,161.86,161.81,161.86,0.1,2026-07-27 19:00:00+00:00
1785179100000,161.86,162.21,161.86,162.21,2.85,2026-07-27 19:05:00+00:00
1785179400000,162.31,162.5,162.31,162.44,0.57,2026-07-27 19:10:00+00:00
1785179700000,162.49,163.37,162.49,163.37,4.99,2026-07-27 19:15:00+00:00
1785180000000,163.15,163.15,163.15,163.15,0.07,2026-07-27 19:20:00+00:00
1785180300000,163.19,163.2,163.19,163.2,0.31,2026-07-27 19:25:00+00:00
1785180600000,163.18,163.28,163.18,163.28,1.12,2026-07-27 19:30:00+00:00
1785180900000,163.47,163.51,163.43,163.43,11.4,2026-07-27 19:35:00+00:00
1785181200000,163.45,163.45,163.45,163.45,0.04,2026-07-27 19:40:00+00:00
1785181500000,163.45,163.45,163.45,163.45,0,2026-07-27 19:45:00+00:00
1785181800000,163.27,163.27,163.23,163.23,0.16,2026-07-27 19:50:00+00:00
1785182100000,163.29,163.29,163.28,163.28,0.07,2026-07-27 19:55:00+00:00
1785182400000,163.2,163.2,163.2,163.2,0.02,2026-07-27 20:00:00+00:00
1785182700000,163.19,163.19,163.19,163.19,0.06,2026-07-27 20:05:00+00:00
1785183000000,163.2,163.2,163.2,163.2,0.02,2026-07-27 20:10:00+00:00
1785183300000,163.2,163.2,163.2,163.2,0,2026-07-27 20:15:00+00:00
1785183600000,163.26,163.26,163.26,163.26,0.01,2026-07-27 20:20:00+00:00
1785183900000,163.29,163.29,163.29,163.29,1.95,2026-07-27 20:25:00+00:00
1785184200000,163.29,163.29,163.29,163.29,0,2026-07-27 20:30:00+00:00
1785184500000,163.38,163.52,163.38,163.52,0.21,2026-07-27 20:35:00+00:00
1785184800000,163.52,163.52,163.52,163.52,0,2026-07-27 20:40:00+00:00
1785185100000,163.52,163.52,163.32,163.32,1.16,2026-07-27 20:45:00+00:00
1785185400000,163.34,163.34,163.34,163.34,0.18,2026-07-27 20:50:00+00:00
1785185700000,163.34,163.34,163.34,163.34,0.01,2026-07-27 20:55:00+00:00
1785186000000,163.34,163.34,163.26,163.26,0.05,2026-07-27 21:00:00+00:00
1785186300000,163.27,163.29,163.27,163.29,1.61,2026-07-27 21:05:00+00:00
1785186600000,163.34,163.4,163.34,163.4,0.13,2026-07-27 21:10:00+00:00
1785186900000,163.55,163.55,163.55,163.55,0.31,2026-07-27 21:15:00+00:00
1785187200000,163.55,163.55,163.55,163.55,0,2026-07-27 21:20:00+00:00
1785187500000,163.56,163.56,163.56,163.56,1.8,2026-07-27 21:25:00+00:00
1785187800000,163.55,163.55,163.55,163.55,0.05,2026-07-27 21:30:00+00:00
1785188100000,163.55,163.55,163.55,163.55,0,2026-07-27 21:35:00+00:00
1785188400000,163.55,163.55,163.55,163.55,0,2026-07-27 21:40:00+00:00
1785188700000,163.56,163.56,163.56,163.56,1.18,2026-07-27 21:45:00+00:00
1785189000000,163.49,163.49,163.49,163.49,0.18,2026-07-27 21:50:00+00:00
1785189300000,163.55,163.55,163.55,163.55,0.11,2026-07-27 21:55:00+00:00
1785189600000,163.51,163.51,163.43,163.43,0.06,2026-07-27 22:00:00+00:00
1785189900000,163.7,163.95,163.7,163.82,15.89,2026-07-27 22:05:00+00:00
1785190200000,164.08,164.1,163.88,163.88,0.21,2026-07-27 22:10:00+00:00
1785190500000,164.2,164.99,164.2,164.71,19.24,2026-07-27 22:15:00+00:00
1785190800000,164.58,164.58,164.22,164.25,1.09,2026-07-27 22:20:00+00:00
1785191100000,164.25,164.25,164.25,164.25,0,2026-07-27 22:25:00+00:00
1785191400000,164.26,164.26,163.7,163.7,26.37,2026-07-27 22:30:00+00:00
1785191700000,163.69,163.81,163.52,163.62,0.27,2026-07-27 22:35:00+00:00
1785192000000,163.33,163.33,163,163,0.26,2026-07-27 22:40:00+00:00
1785192300000,163.05,163.05,162.57,162.72,16.55,2026-07-27 22:45:00+00:00
1785192600000,162.56,162.56,162.21,162.48,2.08,2026-07-27 22:50:00+00:00
1785192900000,162.58,162.58,162,162,3.7,2026-07-27 22:55:00+00:00
1785193200000,162.02,162.02,161.5,161.5,5.4,2026-07-27 23:00:00+00:00
1785193500000,161.5,161.65,161.33,161.39,13.97,2026-07-27 23:05:00+00:00
1785193800000,161.41,161.64,161.41,161.61,0.51,2026-07-27 23:10:00+00:00
1785194100000,161.56,161.66,161.38,161.66,4.25,2026-07-27 23:15:00+00:00
1785194400000,161.93,161.99,161.6,161.6,0.34,2026-07-27 23:20:00+00:00
1785194700000,161.81,161.94,161.79,161.94,0.11,2026-07-27 23:25:00+00:00
1785195000000,161.76,161.76,161.62,161.62,0.97,2026-07-27 23:30:00+00:00
1785195300000,161.72,161.75,161.72,161.74,0.07,2026-07-27 23:35:00+00:00
1785195600000,161.78,161.78,161.76,161.76,0.15,2026-07-27 23:40:00+00:00
1785195900000,161.55,161.55,161.36,161.39,7,2026-07-27 23:45:00+00:00
1785196200000,161.47,161.69,161.47,161.68,2.11,2026-07-27 23:50:00+00:00
1785196500000,161.62,161.62,161.55,161.55,0.07,2026-07-27 23:55:00+00:00
1785196800000,161.32,161.32,161.08,161.1,0.5,2026-07-28 00:00:00+00:00
1785197100000,161.18,161.29,161.18,161.29,0.14,2026-07-28 00:05:00+00:00
1785197400000,161.23,161.23,160.61,160.61,6.94,2026-07-28 00:10:00+00:00
1785197700000,160.61,160.61,160.61,160.61,0,2026-07-28 00:15:00+00:00
1785198000000,160.68,160.68,160.68,160.68,0.4,2026-07-28 00:20:00+00:00
1785198300000,160.6,160.62,160.33,160.62,3.57,2026-07-28 00:25:00+00:00
1785198600000,160.72,160.72,160.45,160.45,0.75,2026-07-28 00:30:00+00:00
1785198900000,160.49,162.05,160.49,162.05,75.02,2026-07-28 00:35:00+00:00
1785199200000,161.86,161.99,161.53,161.99,4.55,2026-07-28 00:40:00+00:00
1785199500000,161.76,161.76,161,161,11.17,2026-07-28 00:45:00+00:00
1785199800000,160.92,161.23,160.5,160.5,1.82,2026-07-28 00:50:00+00:00
1785200100000,160.1,160.1,158.01,158.16,207.29,2026-07-28 00:55:00+00:00
1785200400000,158.14,158.14,156.85,157.62,56.93,2026-07-28 01:00:00+00:00
1785200700000,157.74,157.79,156.43,156.43,28.99,2026-07-28 01:05:00+00:00
1785201000000,156.55,157.64,156.43,157.06,10.75,2026-07-28 01:10:00+00:00
1785201300000,157.02,157.18,155.98,155.98,41.32,2026-07-28 01:15:00+00:00
1785201600000,156,156,155,155,23.38,2026-07-28 01:20:00+00:00
1785201900000,155.17,155.36,153.56,154.14,71.9,2026-07-28 01:25:00+00:00
1785202200000,153.91,154.44,151.05,154.19,478.77,2026-07-28 01:30:00+00:00
1785202500000,154.23,155.95,152.9,152.97,346.53,2026-07-28 01:35:00+00:00
1785202800000,152.94,153.07,146.06,148.2,509.33,2026-07-28 01:40:00+00:00
1785203100000,147.77,147.77,134.39,134.39,1744.81,2026-07-28 01:45:00+00:00
1785203400000,134.57,138.96,133.27,135.44,1754.39,2026-07-28 01:50:00+00:00
1785203700000,135.36,135.36,131.3,131.93,1887.59,2026-07-28 01:55:00+00:00
1785204000000,132.45,135.88,131.58,134.85,695.6,2026-07-28 02:00:00+00:00
1785204300000,135.13,137.82,133.78,137.2,617.06,2026-07-28 02:05:00+00:00
1785204600000,137.47,138.28,136.51,137.55,349.72,2026-07-28 02:10:00+00:00
1785204900000,137.59,138.5,136.4,137.85,272.98,2026-07-28 02:15:00+00:00
1785205200000,138.02,140.01,137.34,137.59,311.72,2026-07-28 02:20:00+00:00
1785205500000,137.77,137.77,134.32,134.64,197.51,2026-07-28 02:25:00+00:00
1785205800000,134.1,136.27,134,135.21,118.07,2026-07-28 02:30:00+00:00
1785206100000,135.12,135.12,132.8,132.98,82.62,2026-07-28 02:35:00+00:00
1785206400000,133.19,134.21,132.94,132.96,36.15,2026-07-28 02:40:00+00:00
1785206700000,133.06,134.24,132.59,133.71,149.71,2026-07-28 02:45:00+00:00
1785207000000,133.72,135.14,133.65,135.12,96.9,2026-07-28 02:50:00+00:00
1785207300000,135.09,135.12,134.07,134.1,160.92,2026-07-28 02:55:00+00:00
1785207600000,134.3,135.59,134.3,135.45,100.47,2026-07-28 03:00:00+00:00
1785207900000,135.17,136.45,135.07,136.27,66.4,2026-07-28 03:05:00+00:00
1785208200000,136.22,138.03,136.22,137.92,423.21,2026-07-28 03:10:00+00:00
1785208500000,137.7,138.5,137.01,137.84,240.07,2026-07-28 03:15:00+00:00
1785208800000,137.85,138.04,136.74,137.39,187.58,2026-07-28 03:20:00+00:00
1785209100000,137.17,138.81,136.19,136.19,208.03,2026-07-28 03:25:00+00:00
1785209400000,136.34,138.91,136.34,138.21,355.7,2026-07-28 03:30:00+00:00
1785209700000,138.14,138.29,137.35,137.56,107.7,2026-07-28 03:35:00+00:00
1785210000000,137.84,138.43,137.8,138.25,65.2,2026-07-28 03:40:00+00:00
1785210300000,138.1,139.22,137.96,138.28,151.37,2026-07-28 03:45:00+00:00
1785210600000,138.1,138.34,137.06,137.19,72.97,2026-07-28 03:50:00+00:00
1785210900000,137.3,137.5,136.78,137.08,42.53,2026-07-28 03:55:00+00:00
1785211200000,136.95,137.07,136.59,136.8,18.05,2026-07-28 04:00:00+00:00
1785211500000,136.91,137.08,136.68,136.89,36.12,2026-07-28 04:05:00+00:00
1785211800000,136.86,136.91,136.73,136.78,2.06,2026-07-28 04:10:00+00:00
1785212100000,136.81,136.81,136.65,136.69,2.06,2026-07-28 04:15:00+00:00
1785212400000,136.79,136.79,135.45,135.45,32.55,2026-07-28 04:20:00+00:00
1785212700000,135.42,135.49,134.83,134.9,62.03,2026-07-28 04:25:00+00:00
1785213000000,134.99,135.21,134.64,135.16,43.07,2026-07-28 04:30:00+00:00
1785213300000,135.13,135.13,134.93,134.93,1.13,2026-07-28 04:35:00+00:00
1785213600000,135.07,135.07,134.71,134.72,10.79,2026-07-28 04:40:00+00:00
1785213900000,134.94,135.11,134.85,134.96,5.18,2026-07-28 04:45:00+00:00
1785214200000,134.98,135.02,134.86,134.86,0.27,2026-07-28 04:50:00+00:00
1785214500000,135.14,135.16,134.84,134.84,0.53,2026-07-28 04:55:00+00:00
1785214800000,134.95,136.79,134.95,135.7,144.47,2026-07-28 05:00:00+00:00
1785215100000,135.57,135.57,133.29,134.94,296.11,2026-07-28 05:05:00+00:00
1785215400000,134.85,136.7,134.84,136.7,116.75,2026-07-28 05:10:00+00:00
1785215700000,136.7,137.05,134.89,135.11,360.53,2026-07-28 05:15:00+00:00
1785216000000,135.31,135.45,133.8,134.15,60.93,2026-07-28 05:20:00+00:00
1785216300000,134.28,134.33,132.66,133.68,195.89,2026-07-28 05:25:00+00:00
1785216600000,133.73,133.87,132.12,132.42,173.47,2026-07-28 05:30:00+00:00
1785216900000,132.27,134,132.27,133.87,76.68,2026-07-28 05:35:00+00:00
1785217200000,133.92,134.13,132.72,132.8,276.25,2026-07-28 05:40:00+00:00
1785217500000,132.97,133.05,132.42,132.42,114.3,2026-07-28 05:45:00+00:00
1785217800000,132.49,133.06,132.15,132.16,52.69,2026-07-28 05:50:00+00:00
1785218100000,132.14,132.14,131.24,131.88,79.18,2026-07-28 05:55:00+00:00
1785218400000,132.06,133.5,131.84,133.33,118.59,2026-07-28 06:00:00+00:00
1785218700000,133.31,133.99,133.31,133.7,114.51,2026-07-28 06:05:00+00:00
1785219000000,133.54,133.62,132.91,132.91,10.54,2026-07-28 06:10:00+00:00
1785219300000,132.82,133.01,132.42,132.93,34.9,2026-07-28 06:15:00+00:00
1785219600000,132.92,133.27,131.76,131.76,85.87,2026-07-28 06:20:00+00:00
1785219900000,131.69,132.93,131.49,132.81,124.88,2026-07-28 06:25:00+00:00
1785220200000,132.62,132.65,130.03,130.17,87.52,2026-07-28 06:30:00+00:00
1785220500000,130.18,130.34,128.67,129.48,465.59,2026-07-28 06:35:00+00:00
1785220800000,129.47,130.06,128.57,129.36,378.82,2026-07-28 06:40:00+00:00
1785221100000,129.26,130.83,128.91,130.7,179.94,2026-07-28 06:45:00+00:00
1785221400000,130.73,131.53,130.52,131.39,257.22,2026-07-28 06:50:00+00:00
1785221700000,131.39,132.05,131.27,131.48,183.33,2026-07-28 06:55:00+00:00
1785222000000,131.65,132.12,131.34,131.65,271.92,2026-07-28 07:00:00+00:00
1785222300000,131.65,131.82,131.44,131.69,41.28,2026-07-28 07:05:00+00:00
1785222600000,131.71,131.88,131.52,131.82,36.8,2026-07-28 07:10:00+00:00
1785222900000,131.82,131.97,131.32,131.95,28.56,2026-07-28 07:15:00+00:00
1785223200000,131.77,131.92,131.16,131.67,44.36,2026-07-28 07:20:00+00:00
1785223500000,131.66,131.99,131.31,131.41,30.1,2026-07-28 07:25:00+00:00
1785223800000,131.42,131.44,130.45,130.81,25.32,2026-07-28 07:30:00+00:00
1785224100000,130.75,131.29,130.69,131.26,60.44,2026-07-28 07:35:00+00:00
1785224400000,131.11,131.85,130.87,131.85,48.78,2026-07-28 07:40:00+00:00
1785224700000,132,132.67,131.81,132.56,114.38,2026-07-28 07:45:00+00:00
1785225000000,132.43,132.43,131.68,132.02,78.08,2026-07-28 07:50:00+00:00
1785225300000,132.09,132.33,131.73,132.05,50.91,2026-07-28 07:55:00+00:00
1785225600000,132.17,132.54,132.09,132.36,12.96,2026-07-28 08:00:00+00:00
1785225900000,132.23,133.99,132.11,133.99,112.77,2026-07-28 08:05:00+00:00
1785226200000,133.99,134.43,133.6,133.77,77.17,2026-07-28 08:10:00+00:00
1785226500000,133.68,134.03,133.66,134.03,11.97,2026-07-28 08:15:00+00:00
1785226800000,133.98,134.82,133.92,134.81,65.73,2026-07-28 08:20:00+00:00
1785227100000,134.77,135.01,134.54,134.82,20.71,2026-07-28 08:25:00+00:00
1785227400000,134.72,134.85,134.4,134.66,10.28,2026-07-28 08:30:00+00:00
1785227700000,134.75,134.75,134.48,134.66,6.38,2026-07-28 08:35:00+00:00
1785228000000,134.61,135.01,134.49,134.89,54.39,2026-07-28 08:40:00+00:00
1785228300000,135.02,135.07,134.8,134.88,14.43,2026-07-28 08:45:00+00:00
1785228600000,134.89,135.17,134.88,135.05,2.89,2026-07-28 08:50:00+00:00
1785228900000,135.11,135.18,134.97,135.09,3.85,2026-07-28 08:55:00+00:00
1785229200000,135.05,135.6,133.39,133.39,204.74,2026-07-28 09:00:00+00:00
1785229500000,133.68,134.08,133.56,134.08,17.63,2026-07-28 09:05:00+00:00
1785229800000,134.45,134.56,134.21,134.27,3.92,2026-07-28 09:10:00+00:00
1785230100000,134.25,134.51,134.17,134.17,6.67,2026-07-28 09:15:00+00:00
1785230400000,134.34,134.51,134.29,134.43,3.37,2026-07-28 09:20:00+00:00
1785230700000,134.41,134.52,134.19,134.48,3.22,2026-07-28 09:25:00+00:00
1785231000000,134.46,134.47,134.18,134.36,5.27,2026-07-28 09:30:00+00:00
1785231300000,134.35,134.59,134.22,134.59,20.81,2026-07-28 09:35:00+00:00
1785231600000,134.58,135.34,134.52,134.75,33.73,2026-07-28 09:40:00+00:00
1785231900000,134.55,135.03,134.55,134.82,1.45,2026-07-28 09:45:00+00:00
1785232200000,134.85,135.06,134.85,134.98,0.47,2026-07-28 09:50:00+00:00
1785232500000,134.71,134.97,134.65,134.97,11.09,2026-07-28 09:55:00+00:00
1785232800000,134.98,135.3,134.84,135.3,14.36,2026-07-28 10:00:00+00:00
1785233100000,135.24,135.34,135.13,135.28,0.93,2026-07-28 10:05:00+00:00
1785233400000,135.37,135.38,134.94,135.19,16.85,2026-07-28 10:10:00+00:00
1785233700000,135.18,135.18,134.65,134.65,1.11,2026-07-28 10:15:00+00:00
1785234000000,134.52,134.93,134.33,134.93,0.45,2026-07-28 10:20:00+00:00
1785234300000,134.91,134.98,134.51,134.98,1.2,2026-07-28 10:25:00+00:00
1785234600000,135.2,135.33,135.12,135.31,12.85,2026-07-28 10:30:00+00:00
1785234900000,135.2,135.4,135.06,135.28,7.76,2026-07-28 10:35:00+00:00
1785235200000,135.06,135.6,135.06,135.41,9.92,2026-07-28 10:40:00+00:00
1785235500000,135.34,135.59,135.27,135.53,42.53,2026-07-28 10:45:00+00:00
1785235800000,135.47,135.59,135.18,135.53,8.24,2026-07-28 10:50:00+00:00
1785236100000,135.42,135.43,135.27,135.4,0.39,2026-07-28 10:55:00+00:00
1785236400000,135.42,135.49,134.88,134.93,15.59,2026-07-28 11:00:00+00:00
1785236700000,134.78,135.05,134.31,134.46,15.81,2026-07-28 11:05:00+00:00
