ts,open,high,low,close,volume,open_time
1784787480000,22.81,22.85,22.76,22.81,4501.43,2026-07-23 06:18:00+00:00
1784787660000,22.81,22.86,22.8,22.83,2154.37,2026-07-23 06:21:00+00:00
1784787840000,22.84,22.9,22.83,22.88,2271.14,2026-07-23 06:24:00+00:00
1784788020000,22.87,23.06,22.85,23.02,16125.89,2026-07-23 06:27:00+00:00
1784788200000,23.01,23.05,22.91,22.93,10207.47,2026-07-23 06:30:00+00:00
1784788380000,22.93,23.01,22.92,23.01,5660.28,2026-07-23 06:33:00+00:00
1784788560000,23.01,23.11,23,23,5673.03,2026-07-23 06:36:00+00:00
1784788740000,23,23.03,22.96,22.97,3826.74,2026-07-23 06:39:00+00:00
1784788920000,22.98,23.03,22.94,22.98,995.96,2026-07-23 06:42:00+00:00
1784789100000,22.98,23.11,22.97,23.05,4253.25,2026-07-23 06:45:00+00:00
1784789280000,23.05,23.09,23.05,23.06,800.68,2026-07-23 06:48:00+00:00
1784789460000,23.06,23.06,22.99,23.04,2626.52,2026-07-23 06:51:00+00:00
1784789640000,23.05,23.05,22.96,22.98,2111.53,2026-07-23 06:54:00+00:00
1784789820000,22.98,22.99,22.91,22.94,1426.13,2026-07-23 06:57:00+00:00
1784790000000,22.95,22.96,22.88,22.92,3129.39,2026-07-23 07:00:00+00:00
1784790180000,22.92,22.95,22.79,22.79,2709.23,2026-07-23 07:03:00+00:00
1784790360000,22.79,22.81,22.77,22.77,1299.38,2026-07-23 07:06:00+00:00
1784790540000,22.77,22.78,22.66,22.66,4616.9,2026-07-23 07:09:00+00:00
1784790720000,22.66,22.72,22.58,22.7,5285.25,2026-07-23 07:12:00+00:00
1784790900000,22.71,22.81,22.7,22.74,3578.1,2026-07-23 07:15:00+00:00
1784791080000,22.74,22.76,22.66,22.76,1571.73,2026-07-23 07:18:00+00:00
1784791260000,22.75,22.75,22.7,22.72,1429.96,2026-07-23 07:21:00+00:00
1784791440000,22.71,22.77,22.67,22.73,246.13,2026-07-23 07:24:00+00:00
1784791620000,22.73,22.8,22.72,22.75,803.84,2026-07-23 07:27:00+00:00
1784791800000,22.75,22.79,22.68,22.68,980.25,2026-07-23 07:30:00+00:00
1784791980000,22.67,22.69,22.65,22.66,616.34,2026-07-23 07:33:00+00:00
1784792160000,22.67,22.7,22.64,22.69,1335.35,2026-07-23 07:36:00+00:00
1784792340000,22.69,22.69,22.6,22.61,2028.02,2026-07-23 07:39:00+00:00
1784792520000,22.61,22.61,22.44,22.47,4664.21,2026-07-23 07:42:00+00:00
1784792700000,22.47,22.49,22.41,22.48,5335.38,2026-07-23 07:45:00+00:00
1784792880000,22.48,22.6,22.44,22.51,3864.52,2026-07-23 07:48:00+00:00
1784793060000,22.51,22.52,22.47,22.47,619.07,2026-07-23 07:51:00+00:00
1784793240000,22.47,22.6,22.46,22.58,1279.92,2026-07-23 07:54:00+00:00
1784793420000,22.58,22.67,22.58,22.63,2404.77,2026-07-23 07:57:00+00:00
1784793600000,22.63,22.65,22.51,22.57,5410.58,2026-07-23 08:00:00+00:00
1784793780000,22.57,22.7,22.5,22.67,6070.82,2026-07-23 08:03:00+00:00
1784793960000,22.67,22.75,22.67,22.71,5032.84,2026-07-23 08:06:00+00:00
1784794140000,22.71,22.75,22.66,22.68,3099.57,2026-07-23 08:09:00+00:00
1784794320000,22.68,22.77,22.67,22.74,1762.7,2026-07-23 08:12:00+00:00
1784794500000,22.74,22.76,22.68,22.72,5665.26,2026-07-23 08:15:00+00:00
1784794680000,22.72,22.76,22.72,22.73,1089.05,2026-07-23 08:18:00+00:00
1784794860000,22.73,22.75,22.69,22.69,771.57,2026-07-23 08:21:00+00:00
1784795040000,22.69,22.78,22.69,22.78,827.86,2026-07-23 08:24:00+00:00
1784795220000,22.79,22.81,22.74,22.8,1057.39,2026-07-23 08:27:00+00:00
1784795400000,22.79,22.83,22.78,22.78,1155.51,2026-07-23 08:30:00+00:00
1784795580000,22.78,22.87,22.76,22.8,3002.49,2026-07-23 08:33:00+00:00
1784795760000,22.8,22.82,22.78,22.81,1540.06,2026-07-23 08:36:00+00:00
1784795940000,22.8,22.81,22.77,22.79,2371.07,2026-07-23 08:39:00+00:00
1784796120000,22.79,22.85,22.77,22.77,2795.63,2026-07-23 08:42:00+00:00
1784796300000,22.77,22.83,22.77,22.82,7364.35,2026-07-23 08:45:00+00:00
1784796480000,22.82,22.85,22.78,22.85,1940.76,2026-07-23 08:48:00+00:00
1784796660000,22.85,22.87,22.83,22.87,459.51,2026-07-23 08:51:00+00:00
1784796840000,22.88,22.94,22.87,22.93,1934.32,2026-07-23 08:54:00+00:00
1784797020000,22.94,22.97,22.93,22.95,6424.52,2026-07-23 08:57:00+00:00
1784797200000,22.96,22.99,22.92,22.98,10828.51,2026-07-23 09:00:00+00:00
1784797380000,22.98,23.19,22.98,23.13,17257.27,2026-07-23 09:03:00+00:00
1784797560000,23.13,23.16,23.09,23.11,2787.27,2026-07-23 09:06:00+00:00
1784797740000,23.1,23.12,23.04,23.06,1639.36,2026-07-23 09:09:00+00:00
1784797920000,23.07,23.07,22.94,22.94,2844.97,2026-07-23 09:12:00+00:00
1784798100000,22.94,23.03,22.92,23.02,4725.29,2026-07-23 09:15:00+00:00
1784798280000,23.02,23.03,22.95,23.01,837.66,2026-07-23 09:18:00+00:00
1784798460000,22.99,23.08,22.96,23.07,2198.65,2026-07-23 09:21:00+00:00
1784798640000,23.07,23.15,23.05,23.06,1482.42,2026-07-23 09:24:00+00:00
1784798820000,23.07,23.11,23.06,23.1,4334.36,2026-07-23 09:27:00+00:00
1784799000000,23.1,23.13,23.06,23.08,3326.42,2026-07-23 09:30:00+00:00
1784799180000,23.07,23.09,23.01,23.05,3522.51,2026-07-23 09:33:00+00:00
1784799360000,23.05,23.15,23.05,23.15,2460.65,2026-07-23 09:36:00+00:00
1784799540000,23.14,23.18,23.09,23.15,3023.51,2026-07-23 09:39:00+00:00
1784799720000,23.16,23.19,23.15,23.17,2408.47,2026-07-23 09:42:00+00:00
1784799900000,23.17,23.26,23.16,23.17,4939.83,2026-07-23 09:45:00+00:00
1784800080000,23.17,23.17,23.1,23.11,1619.71,2026-07-23 09:48:00+00:00
1784800260000,23.11,23.18,23.08,23.16,2458.06,2026-07-23 09:51:00+00:00
1784800440000,23.15,23.15,23.1,23.13,1253.1,2026-07-23 09:54:00+00:00
1784800620000,23.14,23.14,23.06,23.09,1273.18,2026-07-23 09:57:00+00:00
1784800800000,23.1,23.14,23.06,23.11,3352.43,2026-07-23 10:00:00+00:00
1784800980000,23.11,23.12,23.08,23.09,576.22,2026-07-23 10:03:00+00:00
1784801160000,23.08,23.1,23.04,23.05,712.49,2026-07-23 10:06:00+00:00
1784801340000,23.05,23.05,22.97,23,9188.32,2026-07-23 10:09:00+00:00
1784801520000,23.01,23.01,22.95,22.96,12151.53,2026-07-23 10:12:00+00:00
1784801700000,22.97,23.04,22.96,23.02,3104.37,2026-07-23 10:15:00+00:00
1784801880000,23.02,23.03,22.96,23.01,2466.13,2026-07-23 10:18:00+00:00
1784802060000,23,23.05,22.99,23.03,682.07,2026-07-23 10:21:00+00:00
1784802240000,23.02,23.1,23.01,23.09,1690.44,2026-07-23 10:24:00+00:00
1784802420000,23.1,23.1,23.04,23.05,1354.32,2026-07-23 10:27:00+00:00
1784802600000,23.05,23.23,23.05,23.19,11557.39,2026-07-23 10:30:00+00:00
1784802780000,23.18,23.2,23.16,23.19,2493.73,2026-07-23 10:33:00+00:00
1784802960000,23.2,23.24,23.19,23.22,1984.15,2026-07-23 10:36:00+00:00
1784803140000,23.21,23.32,23.2,23.31,5580.73,2026-07-23 10:39:00+00:00
1784803320000,23.32,23.33,23.21,23.24,2932.47,2026-07-23 10:42:00+00:00
1784803500000,23.24,23.31,23.23,23.31,2491.68,2026-07-23 10:45:00+00:00
1784803680000,23.31,23.4,23.31,23.34,4056.16,2026-07-23 10:48:00+00:00
1784803860000,23.33,23.35,23.3,23.31,1405.48,2026-07-23 10:51:00+00:00
1784804040000,23.31,23.37,23.29,23.29,1468.56,2026-07-23 10:54:00+00:00
1784804220000,23.3,23.32,23.26,23.28,1129.01,2026-07-23 10:57:00+00:00
1784804400000,23.29,23.35,23.19,23.24,1702.45,2026-07-23 11:00:00+00:00
1784804580000,23.25,23.26,23.17,23.18,2007.7,2026-07-23 11:03:00+00:00
1784804760000,23.16,23.19,23.1,23.16,3706.17,2026-07-23 11:06:00+00:00
1784804940000,23.15,23.15,23.03,23.1,4241.43,2026-07-23 11:09:00+00:00
1784805120000,23.1,23.19,23.1,23.14,2029.25,2026-07-23 11:12:00+00:00
1784805300000,23.14,23.2,23.09,23.09,6253.76,2026-07-23 11:15:00+00:00
1784805480000,23.08,23.13,22.94,22.97,2262.16,2026-07-23 11:18:00+00:00
1784805660000,22.98,22.98,22.74,22.78,15021.59,2026-07-23 11:21:00+00:00
1784805840000,22.78,22.79,22.71,22.78,9753.1,2026-07-23 11:24:00+00:00
1784806020000,22.78,22.83,22.67,22.73,12016.1,2026-07-23 11:27:00+00:00
1784806200000,22.72,22.77,22.67,22.67,8165.6,2026-07-23 11:30:00+00:00
1784806380000,22.67,22.7,22.46,22.47,8121.17,2026-07-23 11:33:00+00:00
1784806560000,22.47,22.54,22.34,22.36,9786.51,2026-07-23 11:36:00+00:00
1784806740000,22.36,22.47,22.3,22.36,11153.16,2026-07-23 11:39:00+00:00
1784806920000,22.36,22.44,22.31,22.4,8610.2,2026-07-23 11:42:00+00:00
1784807100000,22.41,22.49,22.31,22.37,13548.6,2026-07-23 11:45:00+00:00
1784807280000,22.37,22.39,22.29,22.29,7651.24,2026-07-23 11:48:00+00:00
1784807460000,22.29,22.47,22.27,22.38,11115.06,2026-07-23 11:51:00+00:00
1784807640000,22.39,22.43,22.36,22.39,7902.24,2026-07-23 11:54:00+00:00
1784807820000,22.39,22.43,22.36,22.39,2725.52,2026-07-23 11:57:00+00:00
1784808000000,22.39,22.4,22.32,22.32,10006.91,2026-07-23 12:00:00+00:00
1784808180000,22.33,22.4,22.2,22.2,9386.75,2026-07-23 12:03:00+00:00
1784808360000,22.19,22.26,22.15,22.15,5275.44,2026-07-23 12:06:00+00:00
1784808540000,22.16,22.29,22.16,22.21,8900.94,2026-07-23 12:09:00+00:00
1784808720000,22.21,22.22,22.05,22.05,5796.72,2026-07-23 12:12:00+00:00
1784808900000,22.05,22.16,21.97,22.03,18224.42,2026-07-23 12:15:00+00:00
1784809080000,22.02,22.02,21.77,21.85,10405.66,2026-07-23 12:18:00+00:00
1784809260000,21.85,21.92,21.77,21.79,6245.78,2026-07-23 12:21:00+00:00
1784809440000,21.78,21.78,21.7,21.71,8013.19,2026-07-23 12:24:00+00:00
1784809620000,21.71,21.75,21.65,21.73,12844.61,2026-07-23 12:27:00+00:00
1784809800000,21.73,21.79,21.68,21.7,6337.01,2026-07-23 12:30:00+00:00
1784809980000,21.7,21.7,21.57,21.6,25588.76,2026-07-23 12:33:00+00:00
1784810160000,21.61,21.61,21.37,21.43,9522.78,2026-07-23 12:36:00+00:00
1784810340000,21.43,21.44,21.26,21.37,11797.48,2026-07-23 12:39:00+00:00
1784810520000,21.36,21.36,21.24,21.31,14769.21,2026-07-23 12:42:00+00:00
1784810700000,21.31,21.33,21.11,21.12,21237.06,2026-07-23 12:45:00+00:00
1784810880000,21.11,21.29,21.05,21.27,13051.64,2026-07-23 12:48:00+00:00
1784811060000,21.26,21.41,21.25,21.35,10709.43,2026-07-23 12:51:00+00:00
1784811240000,21.34,21.34,21.25,21.31,10112.86,2026-07-23 12:54:00+00:00
1784811420000,21.31,21.36,21.29,21.33,7454.61,2026-07-23 12:57:00+00:00
1784811600000,21.33,21.42,21.25,21.26,16511.03,2026-07-23 13:00:00+00:00
1784811780000,21.26,21.29,21.04,21.04,6964.4,2026-07-23 13:03:00+00:00
1784811960000,21.04,21.06,20.89,20.91,12714.79,2026-07-23 13:06:00+00:00
1784812140000,20.91,20.91,20.77,20.78,10204.16,2026-07-23 13:09:00+00:00
1784812320000,20.78,20.86,20.77,20.84,9383.88,2026-07-23 13:12:00+00:00
1784812500000,20.85,20.94,20.73,20.94,12203.28,2026-07-23 13:15:00+00:00
1784812680000,20.93,20.95,20.81,20.89,8491.27,2026-07-23 13:18:00+00:00
1784812860000,20.9,21.01,20.89,20.98,4769.92,2026-07-23 13:21:00+00:00
1784813040000,20.99,21,20.9,20.94,11437.4,2026-07-23 13:24:00+00:00
1784813220000,20.95,21.05,20.92,21.05,8897.19,2026-07-23 13:27:00+00:00
1784813400000,21.05,21.62,20.91,21.5,75381.75,2026-07-23 13:30:00+00:00
1784813580000,21.5,21.84,21.23,21.69,40450.83,2026-07-23 13:33:00+00:00
1784813760000,21.69,22.24,21.58,22.07,42064.54,2026-07-23 13:36:00+00:00
1784813940000,22.08,22.33,21.9,22.18,21773,2026-07-23 13:39:00+00:00
1784814120000,22.18,22.47,22.12,22.37,18667.47,2026-07-23 13:42:00+00:00
1784814300000,22.37,22.42,22.21,22.3,18928.87,2026-07-23 13:45:00+00:00
1784814480000,22.29,22.33,21.99,22.17,20982.5,2026-07-23 13:48:00+00:00
1784814660000,22.17,22.21,21.79,22.09,13649.08,2026-07-23 13:51:00+00:00
1784814840000,22.09,22.27,21.96,21.96,16694.46,2026-07-23 13:54:00+00:00
1784815020000,21.96,21.98,21.53,21.61,28758.75,2026-07-23 13:57:00+00:00
1784815200000,21.62,21.86,21.56,21.73,15441.08,2026-07-23 14:00:00+00:00
1784815380000,21.74,22.02,21.68,21.99,10038.71,2026-07-23 14:03:00+00:00
1784815560000,21.98,22.05,21.69,21.71,9960.45,2026-07-23 14:06:00+00:00
1784815740000,21.72,21.88,21.54,21.79,14476.02,2026-07-23 14:09:00+00:00
1784815920000,21.79,21.95,21.74,21.8,15202.91,2026-07-23 14:12:00+00:00
1784816100000,21.81,21.91,21.69,21.86,12095.54,2026-07-23 14:15:00+00:00
1784816280000,21.86,21.92,21.74,21.82,8546.59,2026-07-23 14:18:00+00:00
1784816460000,21.81,22.09,21.79,22.01,7690.39,2026-07-23 14:21:00+00:00
1784816640000,22.02,22.09,21.82,22.01,7186.06,2026-07-23 14:24:00+00:00
1784816820000,22.02,22.13,21.94,22.08,6016.63,2026-07-23 14:27:00+00:00
1784817000000,22.07,22.14,21.72,21.75,12060.14,2026-07-23 14:30:00+00:00
1784817180000,21.75,21.8,21.61,21.65,6732.4,2026-07-23 14:33:00+00:00
1784817360000,21.66,22.07,21.64,21.93,9995.64,2026-07-23 14:36:00+00:00
1784817540000,21.93,22.07,21.78,21.79,6974.47,2026-07-23 14:39:00+00:00
1784817720000,21.79,21.83,21.51,21.56,5212.84,2026-07-23 14:42:00+00:00
1784817900000,21.56,21.71,21.5,21.64,5388.65,2026-07-23 14:45:00+00:00
1784818080000,21.63,21.66,21.51,21.54,2831.17,2026-07-23 14:48:00+00:00
1784818260000,21.54,21.57,21.37,21.42,5567.44,2026-07-23 14:51:00+00:00
1784818440000,21.42,21.47,21.35,21.47,3915.18,2026-07-23 14:54:00+00:00
1784818620000,21.47,21.59,21.45,21.53,2023.7,2026-07-23 14:57:00+00:00
1784818800000,21.53,21.56,21.38,21.45,6525.4,2026-07-23 15:00:00+00:00
1784818980000,21.45,21.59,21.43,21.45,1789.58,2026-07-23 15:03:00+00:00
1784819160000,21.44,21.48,21.35,21.4,3576.98,2026-07-23 15:06:00+00:00
1784819340000,21.4,21.44,21.02,21.03,6727.02,2026-07-23 15:09:00+00:00
1784819520000,21.03,21.12,20.93,21.01,5864.89,2026-07-23 15:12:00+00:00
1784819700000,21.02,21.23,21.01,21.18,13237.39,2026-07-23 15:15:00+00:00
1784819880000,21.17,21.25,21.06,21.15,3855.33,2026-07-23 15:18:00+00:00
1784820060000,21.15,21.18,20.71,20.84,21893.72,2026-07-23 15:21:00+00:00
1784820240000,20.84,20.92,20.56,20.64,7420.46,2026-07-23 15:24:00+00:00
1784820420000,20.63,20.64,20.45,20.57,7200.76,2026-07-23 15:27:00+00:00
1784820600000,20.56,20.61,20.37,20.59,13287.13,2026-07-23 15:30:00+00:00
1784820780000,20.58,20.81,20.52,20.75,5626.43,2026-07-23 15:33:00+00:00
1784820960000,20.74,20.97,20.68,20.93,14293.57,2026-07-23 15:36:00+00:00
1784821140000,20.92,21.09,20.89,21.08,12281.34,2026-07-23 15:39:00+00:00
1784821320000,21.08,21.15,20.97,20.97,6056.58,2026-07-23 15:42:00+00:00
1784821500000,20.97,21.03,20.87,20.88,7872.52,2026-07-23 15:45:00+00:00
1784821680000,20.89,21.09,20.89,21.08,7210.27,2026-07-23 15:48:00+00:00
1784821860000,21.09,21.19,21.02,21.11,9671.98,2026-07-23 15:51:00+00:00
1784822040000,21.12,21.42,21.12,21.29,10984.2,2026-07-23 15:54:00+00:00
1784822220000,21.3,21.4,21.19,21.39,3972.49,2026-07-23 15:57:00+00:00
1784822400000,21.39,21.58,21.32,21.58,8906.95,2026-07-23 16:00:00+00:00
1784822580000,21.57,21.66,21.41,21.43,7939.18,2026-07-23 16:03:00+00:00
1784822760000,21.42,21.49,21.3,21.47,7412.42,2026-07-23 16:06:00+00:00
1784822940000,21.46,21.53,21.43,21.5,3005.11,2026-07-23 16:09:00+00:00
1784823120000,21.51,21.58,21.47,21.51,6127.62,2026-07-23 16:12:00+00:00
1784823300000,21.52,21.58,21.44,21.5,4329.51,2026-07-23 16:15:00+00:00
1784823480000,21.5,21.54,21.36,21.54,3292.93,2026-07-23 16:18:00+00:00
1784823660000,21.54,21.7,21.49,21.67,4903.47,2026-07-23 16:21:00+00:00
1784823840000,21.66,21.76,21.66,21.72,3370.04,2026-07-23 16:24:00+00:00
1784824020000,21.72,22.01,21.71,21.95,6592.26,2026-07-23 16:27:00+00:00
1784824200000,21.96,21.96,21.78,21.82,3534.26,2026-07-23 16:30:00+00:00
1784824380000,21.82,21.96,21.79,21.93,3977.14,2026-07-23 16:33:00+00:00
1784824560000,21.94,22.01,21.84,22,5928.62,2026-07-23 16:36:00+00:00
1784824740000,22,22.03,21.86,21.87,1544.88,2026-07-23 16:39:00+00:00
1784824920000,21.87,21.93,21.81,21.82,2277.49,2026-07-23 16:42:00+00:00
1784825100000,21.82,21.82,21.63,21.71,7886.2,2026-07-23 16:45:00+00:00
1784825280000,21.72,21.76,21.59,21.6,4351.5,2026-07-23 16:48:00+00:00
1784825460000,21.59,21.66,21.54,21.58,4639.54,2026-07-23 16:51:00+00:00
1784825640000,21.58,21.64,21.54,21.59,2823.94,2026-07-23 16:54:00+00:00
1784825820000,21.6,21.65,21.57,21.61,6026.43,2026-07-23 16:57:00+00:00
1784826000000,21.6,21.66,21.49,21.65,8665.63,2026-07-23 17:00:00+00:00
1784826180000,21.65,21.65,21.31,21.4,1929.78,2026-07-23 17:03:00+00:00
1784826360000,21.4,21.53,21.31,21.46,2058.14,2026-07-23 17:06:00+00:00
1784826540000,21.47,21.63,21.41,21.59,1408.6,2026-07-23 17:09:00+00:00
1784826720000,21.59,21.68,21.49,21.6,2156.36,2026-07-23 17:12:00+00:00
1784826900000,21.59,21.73,21.59,21.64,4072.17,2026-07-23 17:15:00+00:00
1784827080000,21.64,21.87,21.58,21.82,3955.42,2026-07-23 17:18:00+00:00
1784827260000,21.82,21.84,21.69,21.83,4562.23,2026-07-23 17:21:00+00:00
1784827440000,21.83,21.9,21.81,21.88,1019.07,2026-07-23 17:24:00+00:00
1784827620000,21.87,21.91,21.86,21.86,703.83,2026-07-23 17:27:00+00:00
1784827800000,21.85,21.87,21.71,21.73,3386.18,2026-07-23 17:30:00+00:00
1784827980000,21.73,21.81,21.65,21.67,1147.78,2026-07-23 17:33:00+00:00
1784828160000,21.66,21.68,21.59,21.65,1436.58,2026-07-23 17:36:00+00:00
1784828340000,21.64,21.7,21.54,21.55,1665.95,2026-07-23 17:39:00+00:00
1784828520000,21.55,21.67,21.54,21.63,1231.16,2026-07-23 17:42:00+00:00
1784828700000,21.63,21.78,21.59,21.74,2487.61,2026-07-23 17:45:00+00:00
1784828880000,21.75,21.81,21.74,21.76,913.84,2026-07-23 17:48:00+00:00
1784829060000,21.76,21.84,21.66,21.77,1508.88,2026-07-23 17:51:00+00:00
1784829240000,21.76,21.76,21.61,21.63,345.24,2026-07-23 17:54:00+00:00
1784829420000,21.62,21.63,21.58,21.58,1975.18,2026-07-23 17:57:00+00:00
1784829600000,21.59,21.63,21.53,21.6,4983.15,2026-07-23 18:00:00+00:00
1784829780000,21.61,21.66,21.55,21.57,552.45,2026-07-23 18:03:00+00:00
1784829960000,21.57,21.61,21.5,21.6,608.56,2026-07-23 18:06:00+00:00
1784830140000,21.6,21.6,21.53,21.59,819.51,2026-07-23 18:09:00+00:00
1784830320000,21.59,21.7,21.59,21.63,423.88,2026-07-23 18:12:00+00:00
1784830500000,21.62,21.73,21.61,21.61,3897.83,2026-07-23 18:15:00+00:00
1784830680000,21.6,21.68,21.6,21.65,725.61,2026-07-23 18:18:00+00:00
1784830860000,21.64,21.77,21.62,21.76,666.95,2026-07-23 18:21:00+00:00
1784831040000,21.76,21.81,21.69,21.75,1309.69,2026-07-23 18:24:00+00:00
1784831220000,21.74,21.8,21.69,21.78,1680.04,2026-07-23 18:27:00+00:00
1784831400000,21.79,21.89,21.79,21.88,1150.9,2026-07-23 18:30:00+00:00
1784831580000,21.87,21.94,21.82,21.83,653.09,2026-07-23 18:33:00+00:00
1784831760000,21.82,21.84,21.71,21.71,529.95,2026-07-23 18:36:00+00:00
1784831940000,21.71,21.77,21.71,21.71,1237.37,2026-07-23 18:39:00+00:00
1784832120000,21.7,21.7,21.63,21.65,487.58,2026-07-23 18:42:00+00:00
1784832300000,21.66,21.7,21.65,21.69,3193.84,2026-07-23 18:45:00+00:00
1784832480000,21.7,21.71,21.65,21.66,247.15,2026-07-23 18:48:00+00:00
1784832660000,21.67,21.68,21.63,21.63,813.74,2026-07-23 18:51:00+00:00
1784832840000,21.62,21.62,21.44,21.52,498.61,2026-07-23 18:54:00+00:00
1784833020000,21.53,21.59,21.47,21.58,567.42,2026-07-23 18:57:00+00:00
1784833200000,21.58,21.63,21.5,21.5,2323.3,2026-07-23 19:00:00+00:00
1784833380000,21.49,21.49,21.33,21.37,847.23,2026-07-23 19:03:00+00:00
1784833560000,21.37,21.37,21.27,21.33,1144.36,2026-07-23 19:06:00+00:00
1784833740000,21.33,21.33,21.26,21.33,556.87,2026-07-23 19:09:00+00:00
1784833920000,21.33,21.42,21.3,21.34,1220.85,2026-07-23 19:12:00+00:00
1784834100000,21.33,21.46,21.31,21.41,1514.69,2026-07-23 19:15:00+00:00
1784834280000,21.4,21.4,21.35,21.4,569.81,2026-07-23 19:18:00+00:00
1784834460000,21.41,21.54,21.41,21.53,852.6,2026-07-23 19:21:00+00:00
1784834640000,21.53,21.67,21.53,21.6,639.4,2026-07-23 19:24:00+00:00
1784834820000,21.6,21.72,21.57,21.71,2390.55,2026-07-23 19:27:00+00:00
1784835000000,21.72,21.75,21.61,21.61,4616.53,2026-07-23 19:30:00+00:00
1784835180000,21.61,21.64,21.52,21.6,1069.12,2026-07-23 19:33:00+00:00
1784835360000,21.6,21.67,21.56,21.58,2271.32,2026-07-23 19:36:00+00:00
1784835540000,21.59,21.6,21.51,21.53,851.18,2026-07-23 19:39:00+00:00
1784835720000,21.53,21.53,21.46,21.5,736.39,2026-07-23 19:42:00+00:00
1784835900000,21.5,21.51,21.41,21.47,2224.84,2026-07-23 19:45:00+00:00
1784836080000,21.48,21.63,21.39,21.54,7082.4,2026-07-23 19:48:00+00:00
1784836260000,21.53,21.61,21.49,21.51,684.49,2026-07-23 19:51:00+00:00
1784836440000,21.52,21.73,21.51,21.72,3826.82,2026-07-23 19:54:00+00:00
1784836620000,21.71,22.05,21.7,22.03,9588.34,2026-07-23 19:57:00+00:00
1784836800000,22.04,22.19,21.98,22.16,20140.87,2026-07-23 20:00:00+00:00
1784836980000,22.16,22.23,22.13,22.17,3835.03,2026-07-23 20:03:00+00:00
1784837160000,22.17,22.28,22.16,22.19,1989.9,2026-07-23 20:06:00+00:00
1784837340000,22.2,22.29,22.17,22.27,1374.71,2026-07-23 20:09:00+00:00
1784837520000,22.28,22.33,22.22,22.23,1461.16,2026-07-23 20:12:00+00:00
1784837700000,22.22,22.24,22.18,22.22,2301.07,2026-07-23 20:15:00+00:00
1784837880000,22.22,22.33,22.22,22.26,988.75,2026-07-23 20:18:00+00:00
1784838060000,22.26,22.29,22.23,22.25,189.26,2026-07-23 20:21:00+00:00
1784838240000,22.25,22.25,22.19,22.21,459.61,2026-07-23 20:24:00+00:00
1784838420000,22.21,22.24,22.2,22.22,170.68,2026-07-23 20:27:00+00:00
1784838600000,22.23,22.27,22.19,22.26,849.06,2026-07-23 20:30:00+00:00
1784838780000,22.27,22.28,22.19,22.19,5050.97,2026-07-23 20:33:00+00:00
1784838960000,22.18,22.24,22.18,22.23,454.78,2026-07-23 20:36:00+00:00
1784839140000,22.22,22.24,22.18,22.19,264.82,2026-07-23 20:39:00+00:00
1784839320000,22.2,22.2,22.16,22.18,506.9,2026-07-23 20:42:00+00:00
1784839500000,22.18,22.2,22.17,22.17,385.8,2026-07-23 20:45:00+00:00
1784839680000,22.16,22.22,22.16,22.22,325.92,2026-07-23 20:48:00+00:00
1784839860000,22.22,22.22,22.16,22.17,2087.54,2026-07-23 20:51:00+00:00
1784840040000,22.18,22.2,22.14,22.16,446,2026-07-23 20:54:00+00:00
1784840220000,22.16,22.18,22.14,22.18,445.34,2026-07-23 20:57:00+00:00
1784840400000,22.18,22.21,22.18,22.19,321.22,2026-07-23 21:00:00+00:00
1784840580000,22.2,22.4,22.2,22.35,1687.71,2026-07-23 21:03:00+00:00
1784840760000,22.36,22.4,22.24,22.24,946.68,2026-07-23 21:06:00+00:00
1784840940000,22.23,22.26,22.14,22.14,962.3,2026-07-23 21:09:00+00:00
1784841120000,22.14,22.14,21.94,21.94,3892.76,2026-07-23 21:12:00+00:00
1784841300000,21.95,21.97,21.84,21.84,2360.08,2026-07-23 21:15:00+00:00
1784841480000,21.84,21.84,21.76,21.8,2152.9,2026-07-23 21:18:00+00:00
1784841660000,21.81,21.92,21.8,21.92,1557.93,2026-07-23 21:21:00+00:00
1784841840000,21.91,21.94,21.86,21.9,446.92,2026-07-23 21:24:00+00:00
1784842020000,21.9,21.91,21.82,21.87,1901.98,2026-07-23 21:27:00+00:00
1784842200000,21.86,21.9,21.85,21.85,806.61,2026-07-23 21:30:00+00:00
1784842380000,21.85,21.89,21.85,21.89,4210.89,2026-07-23 21:33:00+00:00
1784842560000,21.9,21.9,21.83,21.83,321.92,2026-07-23 21:36:00+00:00
1784842740000,21.83,21.86,21.82,21.86,283.55,2026-07-23 21:39:00+00:00
1784842920000,21.85,21.85,21.83,21.84,263.58,2026-07-23 21:42:00+00:00
1784843100000,21.84,21.86,21.83,21.83,2437.25,2026-07-23 21:45:00+00:00
1784843280000,21.82,21.85,21.81,21.84,1088.78,2026-07-23 21:48:00+00:00
1784843460000,21.83,21.85,21.8,21.8,1020.67,2026-07-23 21:51:00+00:00
1784843640000,21.8,21.8,21.76,21.76,963.45,2026-07-23 21:54:00+00:00
1784843820000,21.76,21.81,21.75,21.79,1466.55,2026-07-23 21:57:00+00:00
1784844000000,21.79,21.8,21.56,21.6,5542.28,2026-07-23 22:00:00+00:00
1784844180000,21.61,21.66,21.47,21.56,2483.58,2026-07-23 22:03:00+00:00
1784844360000,21.56,21.65,21.56,21.59,1210.4,2026-07-23 22:06:00+00:00
1784844540000,21.58,21.59,21.42,21.42,1358.36,2026-07-23 22:09:00+00:00
1784844720000,21.42,21.48,21.33,21.48,2638.11,2026-07-23 22:12:00+00:00
1784844900000,21.47,21.5,21.4,21.41,4369.04,2026-07-23 22:15:00+00:00
1784845080000,21.41,21.48,21.39,21.47,2866.1,2026-07-23 22:18:00+00:00
1784845260000,21.47,21.61,21.46,21.57,1414.16,2026-07-23 22:21:00+00:00
1784845440000,21.55,21.58,21.47,21.49,1628.18,2026-07-23 22:24:00+00:00
1784845620000,21.5,21.59,21.5,21.53,681.37,2026-07-23 22:27:00+00:00
1784845800000,21.54,21.64,21.51,21.58,8010.31,2026-07-23 22:30:00+00:00
1784845980000,21.58,21.58,21.48,21.48,1499.18,2026-07-23 22:33:00+00:00
1784846160000,21.48,21.53,21.45,21.52,1611.46,2026-07-23 22:36:00+00:00
1784846340000,21.53,21.58,21.52,21.56,851.7,2026-07-23 22:39:00+00:00
1784846520000,21.57,21.64,21.55,21.63,625.66,2026-07-23 22:42:00+00:00
1784846700000,21.62,21.68,21.62,21.66,4212.15,2026-07-23 22:45:00+00:00
1784846880000,21.65,21.67,21.6,21.62,1362.58,2026-07-23 22:48:00+00:00
1784847060000,21.62,21.69,21.61,21.69,663.01,2026-07-23 22:51:00+00:00
1784847240000,21.68,21.7,21.66,21.68,2577.12,2026-07-23 22:54:00+00:00
1784847420000,21.69,21.69,21.63,21.67,1131.07,2026-07-23 22:57:00+00:00
1784847600000,21.66,21.85,21.65,21.83,4504.16,2026-07-23 23:00:00+00:00
1784847780000,21.83,21.84,21.68,21.7,2935.14,2026-07-23 23:03:00+00:00
1784847960000,21.69,21.8,21.69,21.7,911.73,2026-07-23 23:06:00+00:00
1784848140000,21.68,21.73,21.68,21.71,464.05,2026-07-23 23:09:00+00:00
1784848320000,21.72,21.76,21.69,21.75,638.41,2026-07-23 23:12:00+00:00
1784848500000,21.75,21.84,21.73,21.82,4003.89,2026-07-23 23:15:00+00:00
1784848680000,21.81,21.85,21.79,21.82,852.45,2026-07-23 23:18:00+00:00
1784848860000,21.82,21.86,21.81,21.85,633.96,2026-07-23 23:21:00+00:00
1784849040000,21.85,21.87,21.8,21.82,977.08,2026-07-23 23:24:00+00:00
1784849220000,21.82,21.82,21.73,21.78,1402.7,2026-07-23 23:27:00+00:00
1784849400000,21.77,21.77,21.63,21.68,3855.11,2026-07-23 23:30:00+00:00
1784849580000,21.69,21.71,21.65,21.7,1300.85,2026-07-23 23:33:00+00:00
1784849760000,21.7,21.71,21.66,21.69,574.9,2026-07-23 23:36:00+00:00
1784849940000,21.69,21.69,21.55,21.69,2495.92,2026-07-23 23:39:00+00:00
1784850120000,21.69,21.73,21.65,21.7,881.59,2026-07-23 23:42:00+00:00
1784850300000,21.7,21.83,21.67,21.75,4724.61,2026-07-23 23:45:00+00:00
1784850480000,21.75,21.76,21.66,21.68,2393.54,2026-07-23 23:48:00+00:00
1784850660000,21.68,21.7,21.62,21.62,1785.87,2026-07-23 23:51:00+00:00
1784850840000,21.61,21.66,21.57,21.64,1465.01,2026-07-23 23:54:00+00:00
1784851020000,21.65,21.73,21.65,21.68,1317.49,2026-07-23 23:57:00+00:00
1784851200000,21.69,21.78,21.54,21.67,7975.08,2026-07-24 00:00:00+00:00
1784851380000,21.67,21.79,21.44,21.5,6600.17,2026-07-24 00:03:00+00:00
1784851560000,21.51,21.61,21.38,21.48,3848.3,2026-07-24 00:06:00+00:00
1784851740000,21.47,21.57,21.25,21.31,10278.02,2026-07-24 00:09:00+00:00
1784851920000,21.31,21.34,21.16,21.18,7788.15,2026-07-24 00:12:00+00:00
1784852100000,21.19,21.22,20.95,21.06,20233.01,2026-07-24 00:15:00+00:00
1784852280000,21.05,21.19,20.91,20.98,7860.5,2026-07-24 00:18:00+00:00
1784852460000,20.98,21.24,20.95,21.16,6505.72,2026-07-24 00:21:00+00:00
1784852640000,21.15,21.28,21.08,21.1,7131.93,2026-07-24 00:24:00+00:00
1784852820000,21.1,21.11,20.83,20.88,11990.27,2026-07-24 00:27:00+00:00
1784853000000,20.88,20.91,20.73,20.78,13907.01,2026-07-24 00:30:00+00:00
1784853180000,20.78,20.84,20.64,20.7,6884.3,2026-07-24 00:33:00+00:00
1784853360000,20.7,20.73,20.61,20.67,8715.06,2026-07-24 00:36:00+00:00
1784853540000,20.68,20.88,20.67,20.83,7670.14,2026-07-24 00:39:00+00:00
1784853720000,20.82,20.91,20.74,20.9,6577.57,2026-07-24 00:42:00+00:00
1784853900000,20.91,21.14,20.9,21.07,12272.98,2026-07-24 00:45:00+00:00
1784854080000,21.07,21.11,20.85,21.06,8447.7,2026-07-24 00:48:00+00:00
1784854260000,21.06,21.11,20.92,21.08,4937.1,2026-07-24 00:51:00+00:00
1784854440000,21.08,21.19,20.99,21.16,7625.08,2026-07-24 00:54:00+00:00
1784854620000,21.15,21.29,21.13,21.21,9745.48,2026-07-24 00:57:00+00:00
1784854800000,21.21,21.46,21.17,21.38,8439.97,2026-07-24 01:00:00+00:00
1784854980000,21.37,21.65,21.28,21.55,11670.95,2026-07-24 01:03:00+00:00
1784855160000,21.56,21.67,21.51,21.62,7150.29,2026-07-24 01:06:00+00:00
1784855340000,21.63,21.65,21.4,21.45,7911.56,2026-07-24 01:09:00+00:00
1784855520000,21.46,21.49,21.23,21.25,5024.96,2026-07-24 01:12:00+00:00
1784855700000,21.25,21.46,21.17,21.42,7158.88,2026-07-24 01:15:00+00:00
1784855880000,21.43,21.44,21.26,21.35,3308.83,2026-07-24 01:18:00+00:00
1784856060000,21.36,21.38,21.13,21.17,3028.16,2026-07-24 01:21:00+00:00
1784856240000,21.17,21.7,21.13,21.63,3622.26,2026-07-24 01:24:00+00:00
1784856420000,21.63,21.69,21.33,21.36,3989.11,2026-07-24 01:27:00+00:00
1784856600000,21.36,21.4,21.23,21.3,3202.58,2026-07-24 01:30:00+00:00
1784856780000,21.29,21.59,21.28,21.54,3644.46,2026-07-24 01:33:00+00:00
1784856960000,21.54,21.6,21.4,21.5,2590.07,2026-07-24 01:36:00+00:00
1784857140000,21.49,21.49,21.24,21.35,3146.06,2026-07-24 01:39:00+00:00
1784857320000,21.36,21.52,21.31,21.41,2204.03,2026-07-24 01:42:00+00:00
1784857500000,21.4,21.4,21.28,21.29,4244.2,2026-07-24 01:45:00+00:00
1784857680000,21.31,21.33,21.1,21.16,8372.33,2026-07-24 01:48:00+00:00
1784857860000,21.16,21.22,21.02,21.09,4666.79,2026-07-24 01:51:00+00:00
1784858040000,21.09,21.15,21.03,21.05,1674.6,2026-07-24 01:54:00+00:00
1784858220000,21.04,21.06,20.92,20.94,4220.51,2026-07-24 01:57:00+00:00
1784858400000,20.94,20.95,20.76,20.81,9498.17,2026-07-24 02:00:00+00:00
1784858580000,20.81,20.92,20.72,20.77,3433.18,2026-07-24 02:03:00+00:00
1784858760000,20.77,20.78,20.68,20.73,5530.19,2026-07-24 02:06:00+00:00
1784858940000,20.72,20.91,20.72,20.88,2272.09,2026-07-24 02:09:00+00:00
1784859120000,20.88,20.92,20.79,20.83,2558.65,2026-07-24 02:12:00+00:00
1784859300000,20.83,20.83,20.48,20.58,12877.06,2026-07-24 02:15:00+00:00
1784859480000,20.58,20.59,20.44,20.48,4311.28,2026-07-24 02:18:00+00:00
1784859660000,20.49,20.51,20.41,20.51,7727.48,2026-07-24 02:21:00+00:00
1784859840000,20.5,20.58,20.43,20.51,7956.23,2026-07-24 02:24:00+00:00
1784860020000,20.5,20.57,20.29,20.41,9852.49,2026-07-24 02:27:00+00:00
1784860200000,20.41,20.49,20.37,20.37,5063.18,2026-07-24 02:30:00+00:00
1784860380000,20.38,20.39,20.2,20.23,6511.66,2026-07-24 02:33:00+00:00
1784860560000,20.23,20.23,20.09,20.09,9479.05,2026-07-24 02:36:00+00:00
1784860740000,20.1,20.16,20.02,20.09,12229.19,2026-07-24 02:39:00+00:00
1784860920000,20.08,20.09,19.84,19.84,9860.79,2026-07-24 02:42:00+00:00
1784861100000,19.85,19.88,19.7,19.74,13318.89,2026-07-24 02:45:00+00:00
1784861280000,19.73,19.75,19.58,19.68,11109.43,2026-07-24 02:48:00+00:00
1784861460000,19.69,19.83,19.52,19.54,11714.43,2026-07-24 02:51:00+00:00
1784861640000,19.54,19.72,19.5,19.65,8388.39,2026-07-24 02:54:00+00:00
1784861820000,19.65,19.68,19.43,19.47,8855.39,2026-07-24 02:57:00+00:00
1784862000000,19.47,19.62,19.42,19.52,12681.36,2026-07-24 03:00:00+00:00
1784862180000,19.51,19.72,19.5,19.68,16853.57,2026-07-24 03:03:00+00:00
1784862360000,19.67,19.69,19.56,19.58,5138.5,2026-07-24 03:06:00+00:00
1784862540000,19.58,19.65,19.43,19.65,7382.02,2026-07-24 03:09:00+00:00
1784862720000,19.64,19.69,19.54,19.62,6316.63,2026-07-24 03:12:00+00:00
1784862900000,19.62,19.76,19.61,19.72,8510.74,2026-07-24 03:15:00+00:00
1784863080000,19.72,19.76,19.52,19.52,7705.25,2026-07-24 03:18:00+00:00
1784863260000,19.52,19.78,19.52,19.67,8245.2,2026-07-24 03:21:00+00:00
1784863440000,19.67,19.82,19.66,19.81,8472.15,2026-07-24 03:24:00+00:00
1784863620000,19.8,19.9,19.77,19.81,8311.36,2026-07-24 03:27:00+00:00
1784863800000,19.81,19.83,19.65,19.69,4540.13,2026-07-24 03:30:00+00:00
1784863980000,19.69,19.78,19.64,19.73,1346.58,2026-07-24 03:33:00+00:00
1784864160000,19.72,19.78,19.58,19.78,1505.11,2026-07-24 03:36:00+00:00
1784864340000,19.78,19.89,19.76,19.8,6164.09,2026-07-24 03:39:00+00:00
1784864520000,19.8,19.85,19.76,19.82,1931.52,2026-07-24 03:42:00+00:00
1784864700000,19.81,19.85,19.71,19.77,5946.07,2026-07-24 03:45:00+00:00
1784864880000,19.76,19.78,19.65,19.7,811.2,2026-07-24 03:48:00+00:00
1784865060000,19.69,19.73,19.64,19.72,1935.1,2026-07-24 03:51:00+00:00
1784865240000,19.72,19.73,19.52,19.52,2677.57,2026-07-24 03:54:00+00:00
1784865420000,19.51,19.51,19.33,19.42,8565.66,2026-07-24 03:57:00+00:00
1784865600000,19.42,19.46,19.26,19.27,10872.26,2026-07-24 04:00:00+00:00
1784865780000,19.28,19.68,19.22,19.62,16418.3,2026-07-24 04:03:00+00:00
1784865960000,19.62,19.77,19.52,19.74,10298.05,2026-07-24 04:06:00+00:00
1784866140000,19.73,19.84,19.61,19.71,10113.33,2026-07-24 04:09:00+00:00
1784866320000,19.71,19.74,19.42,19.43,13428.2,2026-07-24 04:12:00+00:00
1784866500000,19.44,19.59,19.42,19.59,2424.79,2026-07-24 04:15:00+00:00
1784866680000,19.6,19.68,19.56,19.59,2148.06,2026-07-24 04:18:00+00:00
1784866860000,19.59,19.79,19.58,19.77,5954.66,2026-07-24 04:21:00+00:00
1784867040000,19.77,19.93,19.74,19.91,16657.61,2026-07-24 04:24:00+00:00
1784867220000,19.9,20.09,19.9,19.99,13884.96,2026-07-24 04:27:00+00:00
1784867400000,19.99,20,19.88,19.9,3681.88,2026-07-24 04:30:00+00:00
1784867580000,19.89,19.94,19.83,19.93,2944.67,2026-07-24 04:33:00+00:00
1784867760000,19.92,19.97,19.74,19.8,3053.73,2026-07-24 04:36:00+00:00
1784867940000,19.8,19.8,19.55,19.57,7302.52,2026-07-24 04:39:00+00:00
1784868120000,19.57,19.65,19.55,19.6,4343.62,2026-07-24 04:42:00+00:00
1784868300000,19.6,19.65,19.52,19.58,4122.14,2026-07-24 04:45:00+00:00
1784868480000,19.57,19.58,19.42,19.52,6944.66,2026-07-24 04:48:00+00:00
1784868660000,19.51,19.72,19.48,19.7,14363.67,2026-07-24 04:51:00+00:00
1784868840000,19.7,19.87,19.67,19.71,4328.02,2026-07-24 04:54:00+00:00
1784869020000,19.71,19.94,19.71,19.92,4085.16,2026-07-24 04:57:00+00:00
1784869200000,19.91,19.94,19.67,19.79,6700.72,2026-07-24 05:00:00+00:00
1784869380000,19.79,19.97,19.74,19.96,3579.74,2026-07-24 05:03:00+00:00
1784869560000,19.96,20.25,19.91,20.23,16930.79,2026-07-24 05:06:00+00:00
1784869740000,20.24,20.38,20.13,20.37,15194.12,2026-07-24 05:09:00+00:00
1784869920000,20.38,20.41,20.18,20.37,28486.49,2026-07-24 05:12:00+00:00
1784870100000,20.37,20.47,20.23,20.29,27245.21,2026-07-24 05:15:00+00:00
1784870280000,20.29,20.35,19.91,20.27,48777.04,2026-07-24 05:18:00+00:00
1784870460000,20.27,20.39,20.23,20.31,19586.7,2026-07-24 05:21:00+00:00
1784870640000,20.32,20.33,20.16,20.22,9431.85,2026-07-24 05:24:00+00:00
1784870820000,20.22,20.28,20.03,20.05,4468.14,2026-07-24 05:27:00+00:00
1784871000000,20.06,20.26,20.05,20.1,10644.73,2026-07-24 05:30:00+00:00
1784871180000,20.11,20.17,20.02,20.04,4465.97,2026-07-24 05:33:00+00:00
1784871360000,20.05,20.19,20,20.19,3113.36,2026-07-24 05:36:00+00:00
1784871540000,20.19,20.24,20.07,20.09,7645.11,2026-07-24 05:39:00+00:00
1784871720000,20.09,20.17,20.01,20.12,2979.52,2026-07-24 05:42:00+00:00
1784871900000,20.12,20.23,20.04,20.12,4871.84,2026-07-24 05:45:00+00:00
1784872080000,20.12,20.14,19.97,19.97,4614.84,2026-07-24 05:48:00+00:00
1784872260000,19.97,19.97,19.79,19.85,8951.48,2026-07-24 05:51:00+00:00
1784872440000,19.85,19.87,19.67,19.71,8166.19,2026-07-24 05:54:00+00:00
1784872620000,19.7,19.78,19.7,19.73,5827.92,2026-07-24 05:57:00+00:00
1784872800000,19.74,19.75,19.5,19.55,10681.03,2026-07-24 06:00:00+00:00
1784872980000,19.56,19.56,19.4,19.47,5377.42,2026-07-24 06:03:00+00:00
1784873160000,19.47,19.62,19.47,19.5,9913.03,2026-07-24 06:06:00+00:00
1784873340000,19.5,19.52,19.45,19.47,3503.19,2026-07-24 06:09:00+00:00
1784873520000,19.47,19.56,19.46,19.56,1597.22,2026-07-24 06:12:00+00:00
1784873700000,19.56,19.64,19.56,19.58,2835.77,2026-07-24 06:15:00+00:00
1784873880000,19.58,19.78,19.58,19.7,16066.09,2026-07-24 06:18:00+00:00
1784874060000,19.69,19.76,19.62,19.64,899.17,2026-07-24 06:21:00+00:00
1784874240000,19.64,19.68,19.64,19.66,2247,2026-07-24 06:24:00+00:00
1784874420000,19.65,19.65,19.55,19.58,3726.46,2026-07-24 06:27:00+00:00
1784874600000,19.58,19.74,19.57,19.64,9918.64,2026-07-24 06:30:00+00:00
1784874780000,19.64,19.75,19.62,19.75,2901.91,2026-07-24 06:33:00+00:00
1784874960000,19.74,19.8,19.65,19.68,4487.62,2026-07-24 06:36:00+00:00
1784875140000,19.68,19.69,19.58,19.62,1903.02,2026-07-24 06:39:00+00:00
1784875320000,19.61,19.64,19.6,19.6,1586.89,2026-07-24 06:42:00+00:00
1784875500000,19.6,19.63,19.56,19.59,4683.31,2026-07-24 06:45:00+00:00
1784875680000,19.59,19.64,19.53,19.62,10186.21,2026-07-24 06:48:00+00:00
1784875860000,19.62,19.69,19.62,19.68,557.46,2026-07-24 06:51:00+00:00
1784876040000,19.67,19.74,19.66,19.7,2104.87,2026-07-24 06:54:00+00:00
1784876220000,19.69,19.82,19.68,19.78,1708.71,2026-07-24 06:57:00+00:00
1784876400000,19.79,20.01,19.77,19.98,5692.5,2026-07-24 07:00:00+00:00
1784876580000,19.99,20.05,19.92,19.94,1684.54,2026-07-24 07:03:00+00:00
1784876760000,19.94,20,19.92,19.97,1618.75,2026-07-24 07:06:00+00:00
1784876940000,19.97,20.11,19.97,20.09,6097.5,2026-07-24 07:09:00+00:00
1784877120000,20.09,20.17,20.07,20.15,5451.14,2026-07-24 07:12:00+00:00
1784877300000,20.14,20.27,20.11,20.23,19985.37,2026-07-24 07:15:00+00:00
1784877480000,20.23,20.24,20.18,20.19,2212.63,2026-07-24 07:18:00+00:00
1784877660000,20.19,20.23,20.17,20.17,4333.07,2026-07-24 07:21:00+00:00
1784877840000,20.17,20.27,20.16,20.22,1398.11,2026-07-24 07:24:00+00:00
1784878020000,20.22,20.25,20.18,20.2,2309.74,2026-07-24 07:27:00+00:00
1784878200000,20.2,20.26,20.19,20.23,3085.5,2026-07-24 07:30:00+00:00
1784878380000,20.23,20.23,20.16,20.18,2532.79,2026-07-24 07:33:00+00:00
1784878560000,20.17,20.2,20.15,20.16,1766.66,2026-07-24 07:36:00+00:00
1784878740000,20.15,20.16,20.09,20.16,3753.88,2026-07-24 07:39:00+00:00
1784878920000,20.15,20.2,20.13,20.19,3916.96,2026-07-24 07:42:00+00:00
1784879100000,20.18,20.24,20.16,20.18,3847.39,2026-07-24 07:45:00+00:00
1784879280000,20.18,20.24,20.18,20.2,1055.64,2026-07-24 07:48:00+00:00
1784879460000,20.21,20.33,20.2,20.32,2850.62,2026-07-24 07:51:00+00:00
1784879640000,20.33,20.33,20.26,20.26,3858.95,2026-07-24 07:54:00+00:00
1784879820000,20.25,20.27,20.22,20.23,196.78,2026-07-24 07:57:00+00:00
1784880000000,20.23,20.28,20.06,20.08,5727.39,2026-07-24 08:00:00+00:00
1784880180000,20.09,20.21,20.05,20.1,5908.06,2026-07-24 08:03:00+00:00
1784880360000,20.11,20.19,20.1,20.1,2167.41,2026-07-24 08:06:00+00:00
1784880540000,20.11,20.15,20.05,20.09,3482.27,2026-07-24 08:09:00+00:00
1784880720000,20.08,20.08,20.02,20.07,3208.45,2026-07-24 08:12:00+00:00
1784880900000,20.06,20.19,20.05,20.16,2466.08,2026-07-24 08:15:00+00:00
1784881080000,20.16,20.2,20.09,20.17,3004.08,2026-07-24 08:18:00+00:00
1784881260000,20.18,20.24,20.16,20.17,1568.76,2026-07-24 08:21:00+00:00
1784881440000,20.17,20.17,20.05,20.17,3624.64,2026-07-24 08:24:00+00:00
1784881620000,20.17,20.26,20.15,20.25,2978.87,2026-07-24 08:27:00+00:00
1784881800000,20.25,20.34,20.25,20.33,2716.74,2026-07-24 08:30:00+00:00
1784881980000,20.33,20.36,20.25,20.29,4109.44,2026-07-24 08:33:00+00:00
1784882160000,20.3,20.34,20.28,20.29,1079.66,2026-07-24 08:36:00+00:00
1784882340000,20.3,20.3,20.25,20.28,479.42,2026-07-24 08:39:00+00:00
1784882520000,20.28,20.29,20.22,20.28,674.36,2026-07-24 08:42:00+00:00
1784882700000,20.28,20.28,20.18,20.19,3932.35,2026-07-24 08:45:00+00:00
1784882880000,20.19,20.24,20.15,20.22,1189.54,2026-07-24 08:48:00+00:00
1784883060000,20.21,20.23,20.17,20.19,2597.01,2026-07-24 08:51:00+00:00
1784883240000,20.2,20.24,20.19,20.2,2462.3,2026-07-24 08:54:00+00:00
1784883420000,20.2,20.21,20.18,20.19,2730.25,2026-07-24 08:57:00+00:00
1784883600000,20.19,20.23,20.13,20.2,6141.21,2026-07-24 09:00:00+00:00
1784883780000,20.21,20.3,20.2,20.21,2084.57,2026-07-24 09:03:00+00:00
1784883960000,20.19,20.33,20.18,20.32,1549.31,2026-07-24 09:06:00+00:00
1784884140000,20.32,20.44,20.32,20.35,9206.92,2026-07-24 09:09:00+00:00
1784884320000,20.35,20.35,20.22,20.25,1989.52,2026-07-24 09:12:00+00:00
1784884500000,20.25,20.28,20.2,20.25,3718.88,2026-07-24 09:15:00+00:00
1784884680000,20.25,20.27,20.21,20.24,4184.63,2026-07-24 09:18:00+00:00
1784884860000,20.23,20.28,20.19,20.22,1233.09,2026-07-24 09:21:00+00:00
1784885040000,20.22,20.32,20.22,20.28,518.51,2026-07-24 09:24:00+00:00
1784885220000,20.28,20.33,20.27,20.3,1916.15,2026-07-24 09:27:00+00:00
1784885400000,20.3,20.35,20.25,20.35,2554.13,2026-07-24 09:30:00+00:00
1784885580000,20.35,20.41,20.35,20.35,1885.33,2026-07-24 09:33:00+00:00
1784885760000,20.35,20.39,20.35,20.39,848.62,2026-07-24 09:36:00+00:00
1784885940000,20.39,20.43,20.36,20.4,2039.58,2026-07-24 09:39:00+00:00
1784886120000,20.41,20.46,20.41,20.41,2140.26,2026-07-24 09:42:00+00:00
1784886300000,20.41,20.45,20.4,20.42,3404.83,2026-07-24 09:45:00+00:00
1784886480000,20.42,20.52,20.42,20.48,7191.89,2026-07-24 09:48:00+00:00
1784886660000,20.48,20.54,20.48,20.49,1239.51,2026-07-24 09:51:00+00:00
1784886840000,20.5,20.52,20.47,20.51,808.78,2026-07-24 09:54:00+00:00
1784887020000,20.5,20.56,20.49,20.56,1826.39,2026-07-24 09:57:00+00:00
1784887200000,20.56,20.59,20.51,20.53,3028.98,2026-07-24 10:00:00+00:00
1784887380000,20.54,20.56,20.48,20.5,1191.88,2026-07-24 10:03:00+00:00
1784887560000,20.5,20.53,20.45,20.47,4383.98,2026-07-24 10:06:00+00:00
1784887740000,20.47,20.51,20.46,20.5,337.43,2026-07-24 10:09:00+00:00
1784887920000,20.5,20.5,20.43,20.46,601.87,2026-07-24 10:12:00+00:00
1784888100000,20.45,20.54,20.45,20.53,2245.99,2026-07-24 10:15:00+00:00
1784888280000,20.54,20.54,20.48,20.51,813.46,2026-07-24 10:18:00+00:00
1784888460000,20.51,20.56,20.51,20.51,574.86,2026-07-24 10:21:00+00:00
1784888640000,20.51,20.53,20.47,20.51,698.65,2026-07-24 10:24:00+00:00
1784888820000,20.51,20.56,20.51,20.51,454.1,2026-07-24 10:27:00+00:00
1784889000000,20.51,20.55,20.48,20.51,1463.82,2026-07-24 10:30:00+00:00
1784889180000,20.52,20.57,20.42,20.43,3853.08,2026-07-24 10:33:00+00:00
1784889360000,20.44,20.44,20.4,20.43,1385.61,2026-07-24 10:36:00+00:00
1784889540000,20.43,20.43,20.36,20.4,1603.43,2026-07-24 10:39:00+00:00
1784889720000,20.4,20.4,20.34,20.38,1875.98,2026-07-24 10:42:00+00:00
1784889900000,20.38,20.39,20.34,20.34,1992.88,2026-07-24 10:45:00+00:00
1784890080000,20.34,20.37,20.3,20.3,2302.51,2026-07-24 10:48:00+00:00
1784890260000,20.3,20.32,20.18,20.2,9566.03,2026-07-24 10:51:00+00:00
1784890440000,20.21,20.24,20.19,20.22,2102.59,2026-07-24 10:54:00+00:00
1784890620000,20.22,20.33,20.22,20.29,3957.52,2026-07-24 10:57:00+00:00
1784890800000,20.29,20.58,20.28,20.52,5160.73,2026-07-24 11:00:00+00:00
1784890980000,20.51,20.6,20.5,20.59,2944.66,2026-07-24 11:03:00+00:00
1784891160000,20.58,20.62,20.53,20.55,1723.93,2026-07-24 11:06:00+00:00
1784891340000,20.55,20.55,20.47,20.53,478.06,2026-07-24 11:09:00+00:00
1784891520000,20.54,20.6,20.54,20.6,1763.78,2026-07-24 11:12:00+00:00
1784891700000,20.6,20.61,20.54,20.56,1157.37,2026-07-24 11:15:00+00:00
1784891880000,20.56,20.6,20.56,20.58,4438.44,2026-07-24 11:18:00+00:00
1784892060000,20.59,20.59,20.52,20.55,2181.22,2026-07-24 11:21:00+00:00
1784892240000,20.56,20.6,20.51,20.52,2754.47,2026-07-24 11:24:00+00:00
1784892420000,20.52,20.55,20.51,20.53,589.34,2026-07-24 11:27:00+00:00
1784892600000,20.53,20.54,20.41,20.49,2023.2,2026-07-24 11:30:00+00:00
1784892780000,20.48,20.52,20.46,20.46,378.67,2026-07-24 11:33:00+00:00
1784892960000,20.46,20.57,20.46,20.46,5087.48,2026-07-24 11:36:00+00:00
1784893140000,20.46,20.48,20.43,20.44,429.84,2026-07-24 11:39:00+00:00
1784893320000,20.44,20.45,20.39,20.39,946.51,2026-07-24 11:42:00+00:00
1784893500000,20.4,20.45,20.32,20.32,3456.38,2026-07-24 11:45:00+00:00
1784893680000,20.32,20.34,20.28,20.34,973.56,2026-07-24 11:48:00+00:00
1784893860000,20.34,20.38,20.31,20.31,715.93,2026-07-24 11:51:00+00:00
1784894040000,20.31,20.34,20.31,20.31,2113.19,2026-07-24 11:54:00+00:00
1784894220000,20.3,20.78,20.29,20.65,18685.37,2026-07-24 11:57:00+00:00
1784894400000,20.65,20.67,20.45,20.48,7070.27,2026-07-24 12:00:00+00:00
1784894580000,20.48,20.57,20.47,20.5,1858.33,2026-07-24 12:03:00+00:00
1784894760000,20.51,20.6,20.5,20.6,1033.29,2026-07-24 12:06:00+00:00
1784894940000,20.6,20.72,20.6,20.67,2024.86,2026-07-24 12:09:00+00:00
1784895120000,20.67,20.78,20.6,20.76,1480.67,2026-07-24 12:12:00+00:00
1784895300000,20.77,20.89,20.72,20.83,11099.43,2026-07-24 12:15:00+00:00
1784895480000,20.84,20.87,20.72,20.73,4944.95,2026-07-24 12:18:00+00:00
1784895660000,20.72,20.79,20.66,20.77,4627.96,2026-07-24 12:21:00+00:00
1784895840000,20.78,20.88,20.66,20.73,12954.34,2026-07-24 12:24:00+00:00
1784896020000,20.73,20.83,20.73,20.78,3545.31,2026-07-24 12:27:00+00:00
1784896200000,20.78,20.79,20.72,20.74,6210.34,2026-07-24 12:30:00+00:00
1784896380000,20.74,20.74,20.6,20.64,1452.72,2026-07-24 12:33:00+00:00
1784896560000,20.65,20.71,20.62,20.68,655.68,2026-07-24 12:36:00+00:00
1784896740000,20.69,20.7,20.58,20.58,907.6,2026-07-24 12:39:00+00:00
1784896920000,20.58,20.59,20.48,20.5,11285.89,2026-07-24 12:42:00+00:00
1784897100000,20.49,20.53,20.4,20.45,15083.97,2026-07-24 12:45:00+00:00
1784897280000,20.45,20.48,20.38,20.41,3713.4,2026-07-24 12:48:00+00:00
1784897460000,20.41,20.43,20.3,20.31,5918.41,2026-07-24 12:51:00+00:00
1784897640000,20.3,20.31,20.16,20.16,1769.21,2026-07-24 12:54:00+00:00
1784897820000,20.16,20.17,20.07,20.1,9748.13,2026-07-24 12:57:00+00:00
1784898000000,20.11,20.15,20.07,20.11,6330.83,2026-07-24 13:00:00+00:00
1784898180000,20.12,20.17,20.11,20.16,4694.89,2026-07-24 13:03:00+00:00
1784898360000,20.15,20.15,19.92,19.96,10236.31,2026-07-24 13:06:00+00:00
1784898540000,19.96,20.15,19.96,20.14,8075.31,2026-07-24 13:09:00+00:00
1784898720000,20.13,20.2,20.13,20.18,3714.75,2026-07-24 13:12:00+00:00
1784898900000,20.18,20.28,20.16,20.25,10098.71,2026-07-24 13:15:00+00:00
1784899080000,20.24,20.26,20.17,20.22,4230.32,2026-07-24 13:18:00+00:00
1784899260000,20.22,20.25,20.17,20.23,2066.1,2026-07-24 13:21:00+00:00
1784899440000,20.24,20.32,20.08,20.12,8444.32,2026-07-24 13:24:00+00:00
1784899620000,20.12,20.12,19.9,19.91,9237.49,2026-07-24 13:27:00+00:00
1784899800000,19.91,19.91,19.55,19.73,120634.27,2026-07-24 13:30:00+00:00
1784899980000,19.73,20.11,19.71,19.8,23606.97,2026-07-24 13:33:00+00:00
1784900160000,19.8,19.8,19.47,19.58,33040.53,2026-07-24 13:36:00+00:00
1784900340000,19.57,19.68,19.2,19.25,23814.86,2026-07-24 13:39:00+00:00
1784900520000,19.24,19.47,19.06,19.37,30278.61,2026-07-24 13:42:00+00:00
1784900700000,19.36,19.49,19.22,19.4,28161.52,2026-07-24 13:45:00+00:00
1784900880000,19.41,19.46,18.99,19.04,32613.27,2026-07-24 13:48:00+00:00
1784901060000,19.05,19.05,18.57,18.7,37173.25,2026-07-24 13:51:00+00:00
1784901240000,18.71,18.76,18.5,18.64,27169.98,2026-07-24 13:54:00+00:00
1784901420000,18.64,18.74,18.54,18.62,14899.19,2026-07-24 13:57:00+00:00
1784901600000,18.6,18.81,18.48,18.51,18176.92,2026-07-24 14:00:00+00:00
1784901780000,18.51,18.66,18.34,18.62,14477.66,2026-07-24 14:03:00+00:00
1784901960000,18.62,18.82,18.51,18.81,12141.55,2026-07-24 14:06:00+00:00
1784902140000,18.8,18.93,18.72,18.84,10596.97,2026-07-24 14:09:00+00:00
1784902320000,18.84,19.14,18.78,18.97,26997.11,2026-07-24 14:12:00+00:00
1784902500000,18.98,19.06,18.5,18.6,19836.38,2026-07-24 14:15:00+00:00
1784902680000,18.61,18.63,18.28,18.43,25231.83,2026-07-24 14:18:00+00:00
1784902860000,18.44,18.96,18.43,18.91,13291.58,2026-07-24 14:21:00+00:00
1784903040000,18.92,18.99,18.78,18.94,11407.69,2026-07-24 14:24:00+00:00
1784903220000,18.93,19.03,18.83,18.9,7495.41,2026-07-24 14:27:00+00:00
1784903400000,18.9,18.91,18.53,18.54,9874.9,2026-07-24 14:30:00+00:00
1784903580000,18.53,18.56,18.36,18.55,5614.34,2026-07-24 14:33:00+00:00
1784903760000,18.56,18.59,18.37,18.41,5965.28,2026-07-24 14:36:00+00:00
1784903940000,18.4,18.43,18.15,18.33,22064.52,2026-07-24 14:39:00+00:00
1784904120000,18.33,18.47,18.19,18.37,14573.11,2026-07-24 14:42:00+00:00
1784904300000,18.37,18.46,18.21,18.34,13603.6,2026-07-24 14:45:00+00:00
1784904480000,18.34,18.85,18.3,18.8,12718.48,2026-07-24 14:48:00+00:00
1784904660000,18.79,18.81,18.55,18.72,11952.66,2026-07-24 14:51:00+00:00
1784904840000,18.72,18.93,18.61,18.89,11188.48,2026-07-24 14:54:00+00:00
1784905020000,18.89,19.2,18.89,19.04,26391.47,2026-07-24 14:57:00+00:00
1784905200000,19.04,19.17,18.86,18.92,14205.69,2026-07-24 15:00:00+00:00
1784905380000,18.93,18.99,18.85,18.86,3736.22,2026-07-24 15:03:00+00:00
1784905560000,18.86,18.99,18.75,18.92,8009.7,2026-07-24 15:06:00+00:00
1784905740000,18.92,19.56,18.81,19.22,76059.62,2026-07-24 15:09:00+00:00
1784905920000,19.22,19.56,19.15,19.44,27636.4,2026-07-24 15:12:00+00:00
1784906100000,19.43,19.69,19.35,19.36,54457.56,2026-07-24 15:15:00+00:00
1784906280000,19.36,19.49,19.24,19.43,14601.09,2026-07-24 15:18:00+00:00
1784906460000,19.42,19.5,19.35,19.42,10981.24,2026-07-24 15:21:00+00:00
1784906640000,19.41,19.52,19.36,19.42,2923.62,2026-07-24 15:24:00+00:00
1784906820000,19.42,19.56,19.28,19.33,6343.52,2026-07-24 15:27:00+00:00
1784907000000,19.33,19.42,19.21,19.27,12918.91,2026-07-24 15:30:00+00:00
1784907180000,19.27,19.33,19.1,19.26,16230.03,2026-07-24 15:33:00+00:00
1784907360000,19.26,19.49,19.23,19.45,6752.07,2026-07-24 15:36:00+00:00
1784907540000,19.44,19.6,19.35,19.39,12072.18,2026-07-24 15:39:00+00:00
1784907720000,19.38,19.42,19.14,19.26,10348.15,2026-07-24 15:42:00+00:00
1784907900000,19.27,19.39,19.23,19.25,9930.91,2026-07-24 15:45:00+00:00
1784908080000,19.25,19.38,19.2,19.37,3294.24,2026-07-24 15:48:00+00:00
1784908260000,19.37,19.48,19.34,19.45,2828.74,2026-07-24 15:51:00+00:00
1784908440000,19.46,19.58,19.37,19.55,4476.52,2026-07-24 15:54:00+00:00
1784908620000,19.55,19.58,19.45,19.54,1689.07,2026-07-24 15:57:00+00:00
1784908800000,19.54,19.57,19.38,19.4,3802.78,2026-07-24 16:00:00+00:00
1784908980000,19.41,19.59,19.4,19.49,2877.12,2026-07-24 16:03:00+00:00
1784909160000,19.48,19.66,19.46,19.53,3082.24,2026-07-24 16:06:00+00:00
1784909340000,19.54,19.68,19.51,19.54,3563.38,2026-07-24 16:09:00+00:00
1784909520000,19.54,19.56,19.32,19.33,6475.54,2026-07-24 16:12:00+00:00
1784909700000,19.33,19.33,19.17,19.21,6334.72,2026-07-24 16:15:00+00:00
1784909880000,19.22,19.32,19.18,19.32,3305.46,2026-07-24 16:18:00+00:00
1784910060000,19.32,19.33,19.19,19.27,1562.55,2026-07-24 16:21:00+00:00
1784910240000,19.27,19.31,19.23,19.28,1109.21,2026-07-24 16:24:00+00:00
1784910420000,19.27,19.28,19.21,19.21,1616.25,2026-07-24 16:27:00+00:00
1784910600000,19.22,19.22,19.02,19.11,17568.32,2026-07-24 16:30:00+00:00
1784910780000,19.11,19.2,19.08,19.09,6629.08,2026-07-24 16:33:00+00:00
1784910960000,19.1,19.11,18.91,18.93,5485.74,2026-07-24 16:36:00+00:00
1784911140000,18.93,18.96,18.85,18.93,4640.48,2026-07-24 16:39:00+00:00
1784911320000,18.94,18.94,18.77,18.84,9760.65,2026-07-24 16:42:00+00:00
1784911500000,18.84,18.9,18.73,18.74,6710.22,2026-07-24 16:45:00+00:00
1784911680000,18.74,18.76,18.63,18.74,6880.39,2026-07-24 16:48:00+00:00
1784911860000,18.74,18.77,18.68,18.69,6301.2,2026-07-24 16:51:00+00:00
1784912040000,18.68,18.83,18.68,18.8,9067.87,2026-07-24 16:54:00+00:00
1784912220000,18.8,18.9,18.8,18.82,4796.88,2026-07-24 16:57:00+00:00
1784912400000,18.82,18.83,18.65,18.75,2392.72,2026-07-24 17:00:00+00:00
1784912580000,18.75,18.78,18.7,18.75,1417.66,2026-07-24 17:03:00+00:00
1784912760000,18.74,18.77,18.57,18.59,18571.72,2026-07-24 17:06:00+00:00
1784912940000,18.57,18.68,18.53,18.65,5302.12,2026-07-24 17:09:00+00:00
1784913120000,18.65,18.69,18.63,18.64,2317.84,2026-07-24 17:12:00+00:00
1784913300000,18.64,18.7,18.57,18.69,2102.58,2026-07-24 17:15:00+00:00
1784913480000,18.69,18.87,18.66,18.76,6068.25,2026-07-24 17:18:00+00:00
1784913660000,18.77,18.82,18.68,18.72,1241.86,2026-07-24 17:21:00+00:00
1784913840000,18.73,18.91,18.71,18.91,4893.82,2026-07-24 17:24:00+00:00
1784914020000,18.9,19.06,18.9,18.99,7616.77,2026-07-24 17:27:00+00:00
1784914200000,18.98,19.03,18.95,18.95,2420.83,2026-07-24 17:30:00+00:00
1784914380000,18.96,19.09,18.95,19.02,3224.03,2026-07-24 17:33:00+00:00
1784914560000,19.01,19.03,18.87,18.9,1622.55,2026-07-24 17:36:00+00:00
1784914740000,18.89,18.9,18.72,18.73,2362.6,2026-07-24 17:39:00+00:00
1784914920000,18.74,18.81,18.69,18.75,3205.11,2026-07-24 17:42:00+00:00
1784915100000,18.74,18.77,18.68,18.72,946.13,2026-07-24 17:45:00+00:00
1784915280000,18.72,18.8,18.69,18.79,563.03,2026-07-24 17:48:00+00:00
1784915460000,18.8,18.85,18.73,18.82,982.29,2026-07-24 17:51:00+00:00
1784915640000,18.81,18.91,18.8,18.89,1400.19,2026-07-24 17:54:00+00:00
1784915820000,18.88,18.9,18.79,18.79,637.35,2026-07-24 17:57:00+00:00
1784916000000,18.79,18.9,18.76,18.84,5115.08,2026-07-24 18:00:00+00:00
1784916180000,18.84,18.86,18.76,18.79,415.34,2026-07-24 18:03:00+00:00
1784916360000,18.79,18.83,18.74,18.81,530.7,2026-07-24 18:06:00+00:00
1784916540000,18.8,18.81,18.72,18.73,3179.45,2026-07-24 18:09:00+00:00
1784916720000,18.73,18.74,18.61,18.62,2948.55,2026-07-24 18:12:00+00:00
1784916900000,18.61,18.65,18.58,18.58,1738,2026-07-24 18:15:00+00:00
1784917080000,18.57,18.57,18.37,18.4,7987.96,2026-07-24 18:18:00+00:00
1784917260000,18.41,18.46,18.4,18.46,4202,2026-07-24 18:21:00+00:00
1784917440000,18.46,18.48,18.36,18.38,7397.13,2026-07-24 18:24:00+00:00
1784917620000,18.38,18.38,18.3,18.32,3013.52,2026-07-24 18:27:00+00:00
1784917800000,18.31,18.33,18.2,18.27,4271.63,2026-07-24 18:30:00+00:00
1784917980000,18.27,18.3,18.13,18.19,6327.14,2026-07-24 18:33:00+00:00
1784918160000,18.18,18.28,18.15,18.26,8293.01,2026-07-24 18:36:00+00:00
1784918340000,18.26,18.26,18.05,18.08,16425.99,2026-07-24 18:39:00+00:00
1784918520000,18.07,18.11,18.02,18.07,5258.97,2026-07-24 18:42:00+00:00
1784918700000,18.07,18.28,18.05,18.26,4903.76,2026-07-24 18:45:00+00:00
1784918880000,18.26,18.28,18.16,18.18,2987.07,2026-07-24 18:48:00+00:00
1784919060000,18.19,18.3,18.19,18.24,2775.22,2026-07-24 18:51:00+00:00
1784919240000,18.24,18.27,18.14,18.26,1326.99,2026-07-24 18:54:00+00:00
1784919420000,18.26,18.28,18.17,18.17,2917.02,2026-07-24 18:57:00+00:00
1784919600000,18.17,18.26,18.13,18.13,4363.95,2026-07-24 19:00:00+00:00
1784919780000,18.13,18.2,18.1,18.19,3887.17,2026-07-24 19:03:00+00:00
1784919960000,18.2,18.25,17.96,17.98,13436.37,2026-07-24 19:06:00+00:00
1784920140000,17.98,17.98,17.85,17.91,9373.8,2026-07-24 19:09:00+00:00
1784920320000,17.91,18.04,17.83,17.86,3824.99,2026-07-24 19:12:00+00:00
1784920500000,17.87,18.04,17.81,18,5466.28,2026-07-24 19:15:00+00:00
1784920680000,18,18.13,17.97,18.12,4721.13,2026-07-24 19:18:00+00:00
1784920860000,18.11,18.14,18,18.07,3180.74,2026-07-24 19:21:00+00:00
1784921040000,18.07,18.07,17.96,18,1842.2,2026-07-24 19:24:00+00:00
1784921220000,17.99,18.07,17.98,17.98,2372.05,2026-07-24 19:27:00+00:00
1784921400000,17.99,18.12,17.97,18.09,4064.32,2026-07-24 19:30:00+00:00
1784921580000,18.08,18.18,18.08,18.17,3022.83,2026-07-24 19:33:00+00:00
1784921760000,18.16,18.26,18.14,18.26,3673.03,2026-07-24 19:36:00+00:00
1784921940000,18.25,18.26,18.05,18.07,1279.36,2026-07-24 19:39:00+00:00
1784922120000,18.07,18.17,18.02,18.1,2094.29,2026-07-24 19:42:00+00:00
1784922300000,18.11,18.12,18.03,18.12,2379.49,2026-07-24 19:45:00+00:00
1784922480000,18.12,18.15,17.93,17.96,7112.64,2026-07-24 19:48:00+00:00
1784922660000,17.95,17.96,17.88,17.91,3700.27,2026-07-24 19:51:00+00:00
1784922840000,17.9,18.07,17.9,18.01,4903.75,2026-07-24 19:54:00+00:00
1784923020000,18,18.06,17.84,17.89,14849.25,2026-07-24 19:57:00+00:00
1784923200000,17.88,18.1,17.88,18,17237.39,2026-07-24 20:00:00+00:00
1784923380000,18.01,18.06,17.93,17.95,2388.18,2026-07-24 20:03:00+00:00
1784923560000,17.95,18.01,17.94,17.97,882.07,2026-07-24 20:06:00+00:00
1784923740000,17.96,17.97,17.86,17.94,7771.5,2026-07-24 20:09:00+00:00
1784923920000,17.95,17.98,17.92,17.96,919.07,2026-07-24 20:12:00+00:00
1784924100000,17.96,18.02,17.96,18.02,3031.83,2026-07-24 20:15:00+00:00
1784924280000,18.01,18.05,17.99,18,301.36,2026-07-24 20:18:00+00:00
1784924460000,18,18.1,17.99,18.06,4949.87,2026-07-24 20:21:00+00:00
1784924640000,18.05,18.11,18.04,18.08,974.31,2026-07-24 20:24:00+00:00
1784924820000,18.08,18.08,18.02,18.02,497.72,2026-07-24 20:27:00+00:00
1784925000000,18.02,18.02,17.9,17.91,1956.5,2026-07-24 20:30:00+00:00
1784925180000,17.91,18,17.88,17.98,1111.64,2026-07-24 20:33:00+00:00
1784925360000,17.97,17.99,17.97,17.97,164.2,2026-07-24 20:36:00+00:00
1784925540000,17.96,17.99,17.96,17.99,407.43,2026-07-24 20:39:00+00:00
1784925720000,17.99,18.03,17.99,18.03,697.64,2026-07-24 20:42:00+00:00
1784925900000,18.04,18.04,17.95,17.95,1763.45,2026-07-24 20:45:00+00:00
1784926080000,17.95,18,17.91,17.93,4014.76,2026-07-24 20:48:00+00:00
1784926260000,17.92,17.97,17.91,17.97,479.72,2026-07-24 20:51:00+00:00
1784926440000,17.98,18.05,17.98,18.02,1020.61,2026-07-24 20:54:00+00:00
1784926620000,18.03,18.06,17.98,17.99,1813.82,2026-07-24 20:57:00+00:00
1784926800000,18,18,17.91,17.94,2331.39,2026-07-24 21:00:00+00:00
1784926980000,17.93,17.98,17.92,17.94,776.47,2026-07-24 21:03:00+00:00
1784927160000,17.94,17.94,17.89,17.93,785.83,2026-07-24 21:06:00+00:00
1784927340000,17.94,17.96,17.93,17.95,610.51,2026-07-24 21:09:00+00:00
1784927520000,17.96,17.96,17.92,17.93,1333.64,2026-07-24 21:12:00+00:00
1784927700000,17.93,17.93,17.9,17.92,724.41,2026-07-24 21:15:00+00:00
1784927880000,17.91,17.91,17.83,17.84,3919.54,2026-07-24 21:18:00+00:00
1784928060000,17.84,17.89,17.84,17.86,747.09,2026-07-24 21:21:00+00:00
1784928240000,17.86,17.9,17.83,17.9,622.73,2026-07-24 21:24:00+00:00
1784928420000,17.9,17.9,17.87,17.87,2473.57,2026-07-24 21:27:00+00:00
1784928600000,17.88,17.93,17.86,17.93,467.77,2026-07-24 21:30:00+00:00
1784928780000,17.93,17.94,17.9,17.92,4269.06,2026-07-24 21:33:00+00:00
1784928960000,17.93,17.95,17.93,17.93,674.85,2026-07-24 21:36:00+00:00
1784929140000,17.92,17.95,17.9,17.94,386.16,2026-07-24 21:39:00+00:00
1784929320000,17.94,18.02,17.94,17.99,413.96,2026-07-24 21:42:00+00:00
1784929500000,17.99,18.01,17.96,17.96,3869.86,2026-07-24 21:45:00+00:00
1784929680000,17.97,17.97,17.92,17.93,318.45,2026-07-24 21:48:00+00:00
1784929860000,17.92,17.92,17.8,17.85,4147.54,2026-07-24 21:51:00+00:00
1784930040000,17.84,17.84,17.78,17.81,2702.18,2026-07-24 21:54:00+00:00
1784930220000,17.82,17.89,17.82,17.88,707.89,2026-07-24 21:57:00+00:00
1784930400000,17.88,18.01,17.88,18,3348.41,2026-07-24 22:00:00+00:00
1784930580000,18,18.09,18,18.02,3451.33,2026-07-24 22:03:00+00:00
1784930760000,18.01,18.02,17.94,17.98,1274.75,2026-07-24 22:06:00+00:00
1784930940000,17.98,18.01,17.97,17.97,141.7,2026-07-24 22:09:00+00:00
1784931120000,17.97,18.02,17.96,18.02,646.13,2026-07-24 22:12:00+00:00
1784931300000,18.02,18.04,18.02,18.03,785.61,2026-07-24 22:15:00+00:00
1784931480000,18.03,18.03,18.01,18.03,301.71,2026-07-24 22:18:00+00:00
1784931660000,18.04,18.06,18.04,18.06,431.29,2026-07-24 22:21:00+00:00
1784931840000,18.07,18.07,18.02,18.04,572.96,2026-07-24 22:24:00+00:00
1784932020000,18.04,18.12,18.02,18.11,2636.43,2026-07-24 22:27:00+00:00
1784932200000,18.11,18.14,18.03,18.08,5741.31,2026-07-24 22:30:00+00:00
1784932380000,18.08,18.1,18.05,18.08,655.02,2026-07-24 22:33:00+00:00
1784932560000,18.08,18.12,18.07,18.09,692.66,2026-07-24 22:36:00+00:00
1784932740000,18.09,18.1,18.02,18.02,843.41,2026-07-24 22:39:00+00:00
1784932920000,18.02,18.06,18.01,18.04,1153.27,2026-07-24 22:42:00+00:00
1784933100000,18.03,18.04,18.01,18.03,2794.46,2026-07-24 22:45:00+00:00
1784933280000,18.03,18.07,18.02,18.07,639.87,2026-07-24 22:48:00+00:00
1784933460000,18.07,18.12,18.06,18.11,1464.6,2026-07-24 22:51:00+00:00
1784933640000,18.12,18.12,18.06,18.07,460.19,2026-07-24 22:54:00+00:00
1784933820000,18.08,18.08,18.01,18.01,669.15,2026-07-24 22:57:00+00:00
1784934000000,18.01,18.05,18,18.05,1527.86,2026-07-24 23:00:00+00:00
1784934180000,18.04,18.13,18.03,18.13,1126.31,2026-07-24 23:03:00+00:00
1784934360000,18.13,18.14,18.1,18.11,1558.59,2026-07-24 23:06:00+00:00
1784934540000,18.1,18.1,18.05,18.09,818.06,2026-07-24 23:09:00+00:00
1784934720000,18.09,18.11,18.07,18.08,359.06,2026-07-24 23:12:00+00:00
1784934900000,18.08,18.09,17.97,18.01,4104.32,2026-07-24 23:15:00+00:00
1784935080000,18.01,18.01,17.96,17.98,435.28,2026-07-24 23:18:00+00:00
1784935260000,17.97,18,17.96,17.99,2408.62,2026-07-24 23:21:00+00:00
1784935440000,17.99,17.99,17.92,17.95,3132.53,2026-07-24 23:24:00+00:00
1784935620000,17.95,17.96,17.91,17.94,1078.03,2026-07-24 23:27:00+00:00
1784935800000,17.94,17.95,17.87,17.88,4153.01,2026-07-24 23:30:00+00:00
1784935980000,17.87,17.89,17.64,17.7,14218.93,2026-07-24 23:33:00+00:00
1784936160000,17.7,17.73,17.63,17.71,10328.58,2026-07-24 23:36:00+00:00
1784936340000,17.71,17.74,17.68,17.71,5009.29,2026-07-24 23:39:00+00:00
1784936520000,17.72,17.75,17.71,17.75,3323.49,2026-07-24 23:42:00+00:00
1784936700000,17.74,17.76,17.71,17.75,6365.12,2026-07-24 23:45:00+00:00
1784936880000,17.74,17.77,17.73,17.76,1972.75,2026-07-24 23:48:00+00:00
1784937060000,17.75,17.78,17.74,17.75,3058.48,2026-07-24 23:51:00+00:00
1784937240000,17.74,17.78,17.73,17.77,2425.32,2026-07-24 23:54:00+00:00
1784937420000,17.77,17.8,17.67,17.68,6698.94,2026-07-24 23:57:00+00:00
1784937600000,17.69,18.51,17.69,18.41,20248.39,2026-07-25 00:00:00+00:00
1784937780000,18.41,18.51,18.23,18.34,9623.89,2026-07-25 00:03:00+00:00
1784937960000,18.34,18.36,18.23,18.31,2544.38,2026-07-25 00:06:00+00:00
1784938140000,18.31,18.32,18.23,18.25,2528.5,2026-07-25 00:09:00+00:00
1784938320000,18.25,18.28,18.21,18.24,1784.65,2026-07-25 00:12:00+00:00
1784938500000,18.24,18.29,18.15,18.21,3599.96,2026-07-25 00:15:00+00:00
1784938680000,18.22,18.22,18.12,18.13,2230.97,2026-07-25 00:18:00+00:00
1784938860000,18.13,18.13,18.07,18.12,1848.67,2026-07-25 00:21:00+00:00
1784939040000,18.12,18.26,18.11,18.14,1670.4,2026-07-25 00:24:00+00:00
1784939220000,18.14,18.15,18.07,18.11,1374.36,2026-07-25 00:27:00+00:00
1784939400000,18.11,18.22,18.08,18.2,1792.95,2026-07-25 00:30:00+00:00
1784939580000,18.21,18.29,18.2,18.23,1530.92,2026-07-25 00:33:00+00:00
1784939760000,18.23,18.23,18.19,18.21,596.83,2026-07-25 00:36:00+00:00
1784939940000,18.2,18.25,18.18,18.21,419.82,2026-07-25 00:39:00+00:00
1784940120000,18.21,18.22,18.18,18.19,1089.98,2026-07-25 00:42:00+00:00
1784940300000,18.18,18.27,18.17,18.27,1194.52,2026-07-25 00:45:00+00:00
1784940480000,18.27,18.31,18.24,18.24,4087.23,2026-07-25 00:48:00+00:00
1784940660000,18.23,18.24,18.2,18.24,2488.22,2026-07-25 00:51:00+00:00
1784940840000,18.23,18.37,18.23,18.37,2170.6,2026-07-25 00:54:00+00:00
1784941020000,18.36,18.38,18.31,18.34,2354.03,2026-07-25 00:57:00+00:00
1784941200000,18.35,18.41,18.35,18.39,6152.59,2026-07-25 01:00:00+00:00
1784941380000,18.4,18.4,18.38,18.38,807.46,2026-07-25 01:03:00+00:00
1784941560000,18.38,18.46,18.38,18.45,1228.59,2026-07-25 01:06:00+00:00
1784941740000,18.45,18.45,18.41,18.41,423.26,2026-07-25 01:09:00+00:00
1784941920000,18.41,18.43,18.38,18.39,511.05,2026-07-25 01:12:00+00:00
1784942100000,18.39,18.39,18.37,18.38,2518.12,2026-07-25 01:15:00+00:00
1784942280000,18.38,18.4,18.32,18.33,2634.49,2026-07-25 01:18:00+00:00
1784942460000,18.33,18.41,18.31,18.4,832.99,2026-07-25 01:21:00+00:00
1784942640000,18.4,18.41,18.37,18.4,876.4,2026-07-25 01:24:00+00:00
1784942820000,18.4,18.4,18.29,18.32,1623.71,2026-07-25 01:27:00+00:00
1784943000000,18.31,18.33,18.3,18.33,1835.32,2026-07-25 01:30:00+00:00
1784943180000,18.32,18.36,18.32,18.34,506.8,2026-07-25 01:33:00+00:00
1784943360000,18.33,18.42,18.33,18.34,862.37,2026-07-25 01:36:00+00:00
1784943540000,18.33,18.36,18.32,18.32,501.02,2026-07-25 01:39:00+00:00
1784943720000,18.32,18.32,18.28,18.31,702.72,2026-07-25 01:42:00+00:00
1784943900000,18.3,18.33,18.29,18.32,1110.84,2026-07-25 01:45:00+00:00
1784944080000,18.32,18.32,18.29,18.31,401.09,2026-07-25 01:48:00+00:00
1784944260000,18.3,18.35,18.27,18.33,1492.83,2026-07-25 01:51:00+00:00
1784944440000,18.32,18.39,18.32,18.34,1342.92,2026-07-25 01:54:00+00:00
1784944620000,18.34,18.35,18.32,18.34,468.09,2026-07-25 01:57:00+00:00
1784944800000,18.35,18.42,18.3,18.31,2314.4,2026-07-25 02:00:00+00:00
1784944980000,18.3,18.31,18.27,18.29,1245.98,2026-07-25 02:03:00+00:00
1784945160000,18.28,18.4,18.27,18.38,1302.35,2026-07-25 02:06:00+00:00
1784945340000,18.39,18.41,18.34,18.35,283.35,2026-07-25 02:09:00+00:00
1784945520000,18.34,18.36,18.33,18.34,156.22,2026-07-25 02:12:00+00:00
1784945700000,18.34,18.34,18.3,18.31,1057.95,2026-07-25 02:15:00+00:00
1784945880000,18.31,18.36,18.31,18.35,661.03,2026-07-25 02:18:00+00:00
1784946060000,18.35,18.37,18.35,18.35,532.86,2026-07-25 02:21:00+00:00
1784946240000,18.35,18.39,18.33,18.38,794.34,2026-07-25 02:24:00+00:00
1784946420000,18.38,18.4,18.36,18.38,334.39,2026-07-25 02:27:00+00:00
1784946600000,18.37,18.37,18.34,18.36,575.53,2026-07-25 02:30:00+00:00
1784946780000,18.37,18.39,18.37,18.38,180.22,2026-07-25 02:33:00+00:00
1784946960000,18.38,18.5,18.37,18.48,1795.05,2026-07-25 02:36:00+00:00
1784947140000,18.47,18.56,18.44,18.53,9797.16,2026-07-25 02:39:00+00:00
1784947320000,18.53,18.53,18.41,18.43,1526.03,2026-07-25 02:42:00+00:00
1784947500000,18.43,18.43,18.36,18.36,1936.66,2026-07-25 02:45:00+00:00
1784947680000,18.36,18.39,18.34,18.35,987.5,2026-07-25 02:48:00+00:00
1784947860000,18.35,18.51,18.34,18.48,2239.99,2026-07-25 02:51:00+00:00
1784948040000,18.48,18.61,18.47,18.49,3998.07,2026-07-25 02:54:00+00:00
1784948220000,18.49,18.52,18.43,18.44,1261.67,2026-07-25 02:57:00+00:00
1784948400000,18.43,18.47,18.39,18.42,4498.64,2026-07-25 03:00:00+00:00
1784948580000,18.42,18.48,18.42,18.47,640.03,2026-07-25 03:03:00+00:00
1784948760000,18.46,18.5,18.45,18.48,1396.71,2026-07-25 03:06:00+00:00
1784948940000,18.48,18.54,18.45,18.46,1212.04,2026-07-25 03:09:00+00:00
1784949120000,18.45,18.49,18.43,18.43,951.74,2026-07-25 03:12:00+00:00
1784949300000,18.43,18.47,18.43,18.44,2859.16,2026-07-25 03:15:00+00:00
1784949480000,18.43,18.47,18.42,18.43,595.18,2026-07-25 03:18:00+00:00
1784949660000,18.43,18.46,18.43,18.43,366.98,2026-07-25 03:21:00+00:00
1784949840000,18.43,18.44,18.41,18.41,938.34,2026-07-25 03:24:00+00:00
1784950020000,18.4,18.43,18.34,18.34,1273.68,2026-07-25 03:27:00+00:00
1784950200000,18.34,18.46,18.34,18.44,2007.15,2026-07-25 03:30:00+00:00
1784950380000,18.43,18.44,18.42,18.43,395.63,2026-07-25 03:33:00+00:00
1784950560000,18.43,18.48,18.43,18.45,771.65,2026-07-25 03:36:00+00:00
1784950740000,18.45,18.46,18.44,18.46,414.22,2026-07-25 03:39:00+00:00
1784950920000,18.46,18.46,18.43,18.45,408.12,2026-07-25 03:42:00+00:00
1784951100000,18.45,18.47,18.44,18.47,408.9,2026-07-25 03:45:00+00:00
1784951280000,18.48,18.51,18.48,18.48,1692,2026-07-25 03:48:00+00:00
1784951460000,18.48,18.48,18.46,18.48,386.03,2026-07-25 03:51:00+00:00
1784951640000,18.48,18.48,18.45,18.46,2126.74,2026-07-25 03:54:00+00:00
1784951820000,18.46,18.48,18.46,18.47,311.41,2026-07-25 03:57:00+00:00
1784952000000,18.48,18.51,18.48,18.5,4965.39,2026-07-25 04:00:00+00:00
1784952180000,18.49,18.5,18.48,18.5,194.57,2026-07-25 04:03:00+00:00
1784952360000,18.49,18.56,18.49,18.53,996.55,2026-07-25 04:06:00+00:00
1784952540000,18.54,18.55,18.52,18.54,550.7,2026-07-25 04:09:00+00:00
1784952720000,18.54,18.62,18.54,18.62,3393.12,2026-07-25 04:12:00+00:00
1784952900000,18.63,18.64,18.58,18.63,4471.1,2026-07-25 04:15:00+00:00
1784953080000,18.63,18.63,18.55,18.57,3266.23,2026-07-25 04:18:00+00:00
1784953260000,18.57,18.59,18.51,18.54,1263.97,2026-07-25 04:21:00+00:00
1784953440000,18.54,18.54,18.51,18.54,575.64,2026-07-25 04:24:00+00:00
1784953620000,18.53,18.53,18.49,18.51,342.3,2026-07-25 04:27:00+00:00
1784953800000,18.51,18.52,18.46,18.51,4639.22,2026-07-25 04:30:00+00:00
1784953980000,18.51,18.51,18.45,18.48,749.32,2026-07-25 04:33:00+00:00
1784954160000,18.47,18.56,18.46,18.55,1275.7,2026-07-25 04:36:00+00:00
1784954340000,18.55,18.56,18.52,18.53,293.36,2026-07-25 04:39:00+00:00
1784954520000,18.53,18.55,18.52,18.52,421.45,2026-07-25 04:42:00+00:00
1784954700000,18.52,18.53,18.52,18.52,873.43,2026-07-25 04:45:00+00:00
1784954880000,18.51,18.56,18.51,18.52,4988.27,2026-07-25 04:48:00+00:00
1784955060000,18.52,18.57,18.52,18.56,412.36,2026-07-25 04:51:00+00:00
1784955240000,18.56,18.56,18.52,18.53,458.08,2026-07-25 04:54:00+00:00
1784955420000,18.52,18.59,18.49,18.51,2242.82,2026-07-25 04:57:00+00:00
1784955600000,18.51,18.6,18.51,18.56,1534.9,2026-07-25 05:00:00+00:00
1784955780000,18.57,18.61,18.54,18.55,459.82,2026-07-25 05:03:00+00:00
1784955960000,18.54,18.56,18.54,18.54,345.97,2026-07-25 05:06:00+00:00
1784956140000,18.54,18.59,18.54,18.57,1572.66,2026-07-25 05:09:00+00:00
1784956320000,18.57,18.57,18.51,18.52,803.8,2026-07-25 05:12:00+00:00
1784956500000,18.53,18.56,18.53,18.56,3129.57,2026-07-25 05:15:00+00:00
1784956680000,18.56,18.6,18.55,18.56,1736.33,2026-07-25 05:18:00+00:00
1784956860000,18.56,18.57,18.55,18.56,769.68,2026-07-25 05:21:00+00:00
1784957040000,18.55,18.58,18.54,18.55,666.62,2026-07-25 05:24:00+00:00
1784957220000,18.54,18.57,18.54,18.56,1316.61,2026-07-25 05:27:00+00:00
1784957400000,18.56,18.58,18.54,18.57,1871.34,2026-07-25 05:30:00+00:00
1784957580000,18.57,18.59,18.55,18.56,950.22,2026-07-25 05:33:00+00:00
1784957760000,18.55,18.57,18.55,18.56,1248.03,2026-07-25 05:36:00+00:00
1784957940000,18.56,18.58,18.56,18.58,1616.34,2026-07-25 05:39:00+00:00
1784958120000,18.57,18.59,18.56,18.57,1657.03,2026-07-25 05:42:00+00:00
1784958300000,18.57,18.57,18.56,18.57,836.45,2026-07-25 05:45:00+00:00
1784958480000,18.56,18.59,18.56,18.58,2351.84,2026-07-25 05:48:00+00:00
1784958660000,18.58,18.62,18.57,18.62,4801.3,2026-07-25 05:51:00+00:00
1784958840000,18.61,18.61,18.59,18.59,2467.55,2026-07-25 05:54:00+00:00
1784959020000,18.59,18.6,18.57,18.58,627.66,2026-07-25 05:57:00+00:00
1784959200000,18.58,18.61,18.58,18.6,1380.16,2026-07-25 06:00:00+00:00
1784959380000,18.6,18.61,18.59,18.61,203.32,2026-07-25 06:03:00+00:00
1784959560000,18.61,18.62,18.58,18.58,3626.72,2026-07-25 06:06:00+00:00
1784959740000,18.58,18.63,18.58,18.63,1428.62,2026-07-25 06:09:00+00:00
1784959920000,18.63,18.63,18.6,18.62,592.06,2026-07-25 06:12:00+00:00
1784960100000,18.62,18.62,18.59,18.6,347.59,2026-07-25 06:15:00+00:00
1784960280000,18.6,18.61,18.59,18.6,393.16,2026-07-25 06:18:00+00:00
1784960460000,18.6,18.61,18.6,18.61,387.18,2026-07-25 06:21:00+00:00
1784960640000,18.62,18.62,18.59,18.59,392.74,2026-07-25 06:24:00+00:00
1784960820000,18.6,18.61,18.6,18.61,191.82,2026-07-25 06:27:00+00:00
1784961000000,18.61,18.61,18.6,18.61,1776.16,2026-07-25 06:30:00+00:00
1784961180000,18.61,18.63,18.61,18.63,392.3,2026-07-25 06:33:00+00:00
1784961360000,18.63,18.64,18.61,18.61,778.62,2026-07-25 06:36:00+00:00
1784961540000,18.61,18.62,18.58,18.59,1877.02,2026-07-25 06:39:00+00:00
1784961720000,18.59,18.59,18.59,18.59,26.03,2026-07-25 06:42:00+00:00
1784961900000,18.59,18.6,18.57,18.59,1193.38,2026-07-25 06:45:00+00:00
1784962080000,18.59,18.6,18.59,18.6,259.74,2026-07-25 06:48:00+00:00
1784962260000,18.61,18.62,18.61,18.62,426.49,2026-07-25 06:51:00+00:00
1784962440000,18.63,18.63,18.6,18.63,759.32,2026-07-25 06:54:00+00:00
1784962620000,18.63,18.63,18.6,18.61,386.87,2026-07-25 06:57:00+00:00
1784962800000,18.61,18.62,18.6,18.61,96.27,2026-07-25 07:00:00+00:00
1784962980000,18.62,18.62,18.6,18.6,481.41,2026-07-25 07:03:00+00:00
1784963160000,18.6,18.62,18.6,18.6,242.91,2026-07-25 07:06:00+00:00
1784963340000,18.61,18.63,18.6,18.62,211.78,2026-07-25 07:09:00+00:00
1784963520000,18.62,18.63,18.61,18.61,200.31,2026-07-25 07:12:00+00:00
1784963700000,18.61,18.62,18.58,18.58,258.85,2026-07-25 07:15:00+00:00
1784963880000,18.57,18.58,18.53,18.53,1279.67,2026-07-25 07:18:00+00:00
1784964060000,18.52,18.53,18.49,18.53,1934.28,2026-07-25 07:21:00+00:00
1784964240000,18.53,18.54,18.51,18.51,198.5,2026-07-25 07:24:00+00:00
1784964420000,18.5,18.51,18.4,18.4,821.82,2026-07-25 07:27:00+00:00
1784964600000,18.4,18.44,18.38,18.43,2272.58,2026-07-25 07:30:00+00:00
1784964780000,18.43,18.47,18.43,18.46,799.4,2026-07-25 07:33:00+00:00
1784964960000,18.47,18.47,18.45,18.45,2087.33,2026-07-25 07:36:00+00:00
1784965140000,18.45,18.46,18.43,18.44,259.98,2026-07-25 07:39:00+00:00
1784965320000,18.44,18.44,18.42,18.43,265.34,2026-07-25 07:42:00+00:00
1784965500000,18.44,18.44,18.41,18.43,1799.22,2026-07-25 07:45:00+00:00
1784965680000,18.43,18.46,18.43,18.46,1211.9,2026-07-25 07:48:00+00:00
1784965860000,18.46,18.47,18.45,18.47,44.96,2026-07-25 07:51:00+00:00
1784966040000,18.46,18.48,18.45,18.47,707.96,2026-07-25 07:54:00+00:00
1784966220000,18.47,18.47,18.44,18.46,370.48,2026-07-25 07:57:00+00:00
1784966400000,18.45,18.46,18.42,18.46,862.55,2026-07-25 08:00:00+00:00
1784966580000,18.46,18.47,18.44,18.46,589.66,2026-07-25 08:03:00+00:00
1784966760000,18.46,18.47,18.46,18.47,250.06,2026-07-25 08:06:00+00:00
1784966940000,18.47,18.48,18.46,18.47,143.22,2026-07-25 08:09:00+00:00
1784967120000,18.48,18.48,18.46,18.47,228.39,2026-07-25 08:12:00+00:00
1784967300000,18.48,18.5,18.47,18.5,48.85,2026-07-25 08:15:00+00:00
1784967480000,18.49,18.52,18.49,18.52,190.44,2026-07-25 08:18:00+00:00
1784967660000,18.53,18.54,18.52,18.54,1942.89,2026-07-25 08:21:00+00:00
1784967840000,18.55,18.55,18.48,18.49,265.92,2026-07-25 08:24:00+00:00
1784968020000,18.48,18.5,18.46,18.49,391.08,2026-07-25 08:27:00+00:00
1784968200000,18.5,18.5,18.46,18.46,791.05,2026-07-25 08:30:00+00:00
1784968380000,18.47,18.47,18.46,18.46,217.43,2026-07-25 08:33:00+00:00
1784968560000,18.46,18.46,18.46,18.46,53.77,2026-07-25 08:36:00+00:00
1784968740000,18.46,18.49,18.46,18.49,29.65,2026-07-25 08:39:00+00:00
1784968920000,18.49,18.5,18.49,18.49,39.36,2026-07-25 08:42:00+00:00
1784969100000,18.5,18.51,18.49,18.49,296.73,2026-07-25 08:45:00+00:00
1784969280000,18.49,18.49,18.48,18.48,8.91,2026-07-25 08:48:00+00:00
1784969460000,18.49,18.5,18.48,18.49,404.14,2026-07-25 08:51:00+00:00
1784969640000,18.5,18.51,18.5,18.51,578.56,2026-07-25 08:54:00+00:00
1784969820000,18.52,18.52,18.51,18.52,78.91,2026-07-25 08:57:00+00:00
1784970000000,18.52,18.53,18.51,18.51,226.18,2026-07-25 09:00:00+00:00
1784970180000,18.52,18.52,18.49,18.49,528.02,2026-07-25 09:03:00+00:00
1784970360000,18.48,18.49,18.47,18.49,266.76,2026-07-25 09:06:00+00:00
1784970540000,18.5,18.51,18.45,18.45,2261.87,2026-07-25 09:09:00+00:00
1784970720000,18.46,18.49,18.46,18.49,58.28,2026-07-25 09:12:00+00:00
1784970900000,18.5,18.53,18.49,18.49,712.88,2026-07-25 09:15:00+00:00
1784971080000,18.5,18.5,18.49,18.49,331.14,2026-07-25 09:18:00+00:00
1784971260000,18.48,18.51,18.48,18.51,592.3,2026-07-25 09:21:00+00:00
1784971440000,18.51,18.53,18.5,18.53,57.92,2026-07-25 09:24:00+00:00
1784971620000,18.54,18.54,18.53,18.53,73.57,2026-07-25 09:27:00+00:00
1784971800000,18.54,18.54,18.48,18.48,311.43,2026-07-25 09:30:00+00:00
1784971980000,18.48,18.48,18.36,18.43,2873.37,2026-07-25 09:33:00+00:00
1784972160000,18.44,18.44,18.37,18.42,469.22,2026-07-25 09:36:00+00:00
1784972340000,18.41,18.44,18.4,18.41,1950.38,2026-07-25 09:39:00+00:00
1784972520000,18.42,18.44,18.42,18.43,310.61,2026-07-25 09:42:00+00:00
1784972700000,18.43,18.43,18.41,18.42,1364.95,2026-07-25 09:45:00+00:00
1784972880000,18.43,18.46,18.42,18.45,113.39,2026-07-25 09:48:00+00:00
1784973060000,18.46,18.47,18.46,18.46,103.92,2026-07-25 09:51:00+00:00
1784973240000,18.46,18.48,18.46,18.47,159.98,2026-07-25 09:54:00+00:00
1784973420000,18.48,18.5,18.47,18.49,270.02,2026-07-25 09:57:00+00:00
1784973600000,18.49,18.51,18.48,18.51,698.63,2026-07-25 10:00:00+00:00
1784973780000,18.51,18.52,18.5,18.51,279.55,2026-07-25 10:03:00+00:00
1784973960000,18.52,18.52,18.49,18.49,1714.59,2026-07-25 10:06:00+00:00
1784974140000,18.49,18.5,18.49,18.5,98.81,2026-07-25 10:09:00+00:00
1784974320000,18.5,18.5,18.47,18.49,283.03,2026-07-25 10:12:00+00:00
1784974500000,18.5,18.5,18.48,18.48,193.51,2026-07-25 10:15:00+00:00
1784974680000,18.48,18.5,18.48,18.49,147.4,2026-07-25 10:18:00+00:00
1784974860000,18.5,18.51,18.49,18.5,160.37,2026-07-25 10:21:00+00:00
1784975040000,18.49,18.49,18.47,18.48,450.86,2026-07-25 10:24:00+00:00
1784975220000,18.47,18.49,18.47,18.48,646.61,2026-07-25 10:27:00+00:00
1784975400000,18.48,18.48,18.47,18.48,86.08,2026-07-25 10:30:00+00:00
1784975580000,18.48,18.51,18.48,18.51,397.11,2026-07-25 10:33:00+00:00
1784975760000,18.51,18.53,18.51,18.52,440.96,2026-07-25 10:36:00+00:00
1784975940000,18.53,18.53,18.52,18.52,169.27,2026-07-25 10:39:00+00:00
1784976120000,18.52,18.53,18.52,18.52,461.99,2026-07-25 10:42:00+00:00
1784976300000,18.52,18.52,18.52,18.52,53.5,2026-07-25 10:45:00+00:00
1784976480000,18.52,18.53,18.51,18.52,497.17,2026-07-25 10:48:00+00:00
1784976660000,18.52,18.53,18.52,18.52,236.84,2026-07-25 10:51:00+00:00
1784976840000,18.53,18.53,18.52,18.52,81.93,2026-07-25 10:54:00+00:00
1784977020000,18.53,18.53,18.51,18.51,74.41,2026-07-25 10:57:00+00:00
1784977200000,18.5,18.51,18.5,18.51,37.04,2026-07-25 11:00:00+00:00
1784977380000,18.51,18.52,18.51,18.52,576.71,2026-07-25 11:03:00+00:00
1784977560000,18.52,18.53,18.51,18.52,63.09,2026-07-25 11:06:00+00:00
1784977740000,18.52,18.52,18.51,18.52,46.07,2026-07-25 11:09:00+00:00
1784977920000,18.51,18.51,18.51,18.51,30.42,2026-07-25 11:12:00+00:00
1784978100000,18.52,18.53,18.52,18.53,83.4,2026-07-25 11:15:00+00:00
1784978280000,18.53,18.53,18.51,18.52,412.62,2026-07-25 11:18:00+00:00
1784978460000,18.52,18.53,18.52,18.52,318.2,2026-07-25 11:21:00+00:00
1784978640000,18.53,18.53,18.52,18.52,56.95,2026-07-25 11:24:00+00:00
1784978820000,18.52,18.53,18.5,18.5,51.29,2026-07-25 11:27:00+00:00
1784979000000,18.49,18.51,18.49,18.5,328.53,2026-07-25 11:30:00+00:00
1784979180000,18.5,18.5,18.42,18.43,2903.31,2026-07-25 11:33:00+00:00
1784979360000,18.44,18.5,18.44,18.49,464.57,2026-07-25 11:36:00+00:00
1784979540000,18.5,18.52,18.49,18.5,1198.97,2026-07-25 11:39:00+00:00
1784979720000,18.5,18.5,18.49,18.49,111.72,2026-07-25 11:42:00+00:00
1784979900000,18.49,18.5,18.49,18.49,79.22,2026-07-25 11:45:00+00:00
1784980080000,18.49,18.53,18.49,18.53,915.88,2026-07-25 11:48:00+00:00
1784980260000,18.54,18.54,18.47,18.51,645.8,2026-07-25 11:51:00+00:00
1784980440000,18.52,18.53,18.52,18.53,8.05,2026-07-25 11:54:00+00:00
1784980620000,18.54,18.54,18.51,18.51,292.16,2026-07-25 11:57:00+00:00
1784980800000,18.52,18.55,18.52,18.53,530.21,2026-07-25 12:00:00+00:00
1784980980000,18.54,18.61,18.54,18.61,1352.62,2026-07-25 12:03:00+00:00
1784981160000,18.62,18.69,18.58,18.59,7330.39,2026-07-25 12:06:00+00:00
1784981340000,18.58,18.6,18.57,18.57,1168.97,2026-07-25 12:09:00+00:00
1784981520000,18.57,18.59,18.57,18.59,282.11,2026-07-25 12:12:00+00:00
1784981700000,18.59,18.6,18.57,18.6,716.43,2026-07-25 12:15:00+00:00
1784981880000,18.6,18.68,18.6,18.63,643.71,2026-07-25 12:18:00+00:00
1784982060000,18.63,18.68,18.63,18.64,483.02,2026-07-25 12:21:00+00:00
1784982240000,18.65,18.71,18.65,18.67,2979.24,2026-07-25 12:24:00+00:00
1784982420000,18.67,18.68,18.63,18.67,603.63,2026-07-25 12:27:00+00:00
1784982600000,18.69,18.69,18.63,18.63,231.32,2026-07-25 12:30:00+00:00
1784982780000,18.63,18.65,18.62,18.62,2540.92,2026-07-25 12:33:00+00:00
1784982960000,18.63,18.63,18.62,18.62,14.28,2026-07-25 12:36:00+00:00
1784983140000,18.62,18.63,18.61,18.62,178.05,2026-07-25 12:39:00+00:00
1784983320000,18.62,18.63,18.62,18.62,71.2,2026-07-25 12:42:00+00:00
1784983500000,18.62,18.64,18.62,18.64,283.9,2026-07-25 12:45:00+00:00
1784983680000,18.64,18.64,18.61,18.61,988.97,2026-07-25 12:48:00+00:00
1784983860000,18.61,18.61,18.61,18.61,0,2026-07-25 12:51:00+00:00
1784984040000,18.62,18.63,18.62,18.63,115.8,2026-07-25 12:54:00+00:00
1784984220000,18.64,18.65,18.63,18.63,138.85,2026-07-25 12:57:00+00:00
1784984400000,18.63,18.63,18.6,18.61,733.89,2026-07-25 13:00:00+00:00
1784984580000,18.6,18.61,18.6,18.6,100.41,2026-07-25 13:03:00+00:00
1784984760000,18.59,18.65,18.59,18.64,671.8,2026-07-25 13:06:00+00:00
1784984940000,18.65,18.65,18.62,18.62,312.91,2026-07-25 13:09:00+00:00
1784985120000,18.63,18.63,18.61,18.63,159.88,2026-07-25 13:12:00+00:00
1784985300000,18.62,18.62,18.61,18.61,58.86,2026-07-25 13:15:00+00:00
1784985480000,18.61,18.62,18.6,18.6,1199.47,2026-07-25 13:18:00+00:00
1784985660000,18.6,18.6,18.6,18.6,193.39,2026-07-25 13:21:00+00:00
1784985840000,18.6,18.61,18.59,18.59,164.67,2026-07-25 13:24:00+00:00
1784986020000,18.58,18.58,18.54,18.56,1832.38,2026-07-25 13:27:00+00:00
1784986200000,18.56,18.57,18.56,18.56,60.23,2026-07-25 13:30:00+00:00
1784986380000,18.55,18.56,18.54,18.56,2316.02,2026-07-25 13:33:00+00:00
1784986560000,18.55,18.56,18.54,18.55,122.08,2026-07-25 13:36:00+00:00
1784986740000,18.55,18.62,18.55,18.61,777.92,2026-07-25 13:39:00+00:00
1784986920000,18.62,18.68,18.6,18.67,422.22,2026-07-25 13:42:00+00:00
1784987100000,18.68,18.68,18.63,18.63,5530.62,2026-07-25 13:45:00+00:00
1784987280000,18.62,18.62,18.55,18.55,493.3,2026-07-25 13:48:00+00:00
1784987460000,18.55,18.56,18.5,18.52,671.97,2026-07-25 13:51:00+00:00
1784987640000,18.51,18.51,18.5,18.51,1349.79,2026-07-25 13:54:00+00:00
1784987820000,18.51,18.51,18.5,18.5,287.87,2026-07-25 13:57:00+00:00
1784988000000,18.5,18.52,18.44,18.47,7845.67,2026-07-25 14:00:00+00:00
1784988180000,18.47,18.5,18.46,18.5,2653.5,2026-07-25 14:03:00+00:00
1784988360000,18.49,18.51,18.49,18.51,232.48,2026-07-25 14:06:00+00:00
1784988540000,18.5,18.51,18.48,18.5,42.9,2026-07-25 14:09:00+00:00
1784988720000,18.51,18.51,18.49,18.5,290.48,2026-07-25 14:12:00+00:00
1784988900000,18.49,18.51,18.49,18.5,118.04,2026-07-25 14:15:00+00:00
1784989080000,18.49,18.5,18.48,18.5,1404.62,2026-07-25 14:18:00+00:00
1784989260000,18.51,18.53,18.51,18.53,84.29,2026-07-25 14:21:00+00:00
1784989440000,18.54,18.54,18.52,18.53,109.12,2026-07-25 14:24:00+00:00
1784989620000,18.53,18.54,18.52,18.54,445.24,2026-07-25 14:27:00+00:00
1784989800000,18.54,18.54,18.54,18.54,45.01,2026-07-25 14:30:00+00:00
1784989980000,18.54,18.55,18.53,18.53,2066.47,2026-07-25 14:33:00+00:00
1784990160000,18.53,18.57,18.53,18.56,224.78,2026-07-25 14:36:00+00:00
1784990340000,18.55,18.57,18.55,18.57,109.04,2026-07-25 14:39:00+00:00
1784990520000,18.58,18.58,18.52,18.56,283.37,2026-07-25 14:42:00+00:00
1784990700000,18.56,18.57,18.54,18.54,177.94,2026-07-25 14:45:00+00:00
1784990880000,18.54,18.57,18.54,18.56,748.94,2026-07-25 14:48:00+00:00
1784991060000,18.56,18.56,18.55,18.56,57.56,2026-07-25 14:51:00+00:00
1784991240000,18.56,18.58,18.55,18.56,132.24,2026-07-25 14:54:00+00:00
1784991420000,18.57,18.58,18.56,18.58,83.86,2026-07-25 14:57:00+00:00
1784991600000,18.58,18.58,18.54,18.56,373.55,2026-07-25 15:00:00+00:00
1784991780000,18.55,18.56,18.52,18.52,253.5,2026-07-25 15:03:00+00:00
1784991960000,18.51,18.56,18.51,18.56,181.51,2026-07-25 15:06:00+00:00
1784992140000,18.56,18.56,18.54,18.54,102.65,2026-07-25 15:09:00+00:00
1784992320000,18.54,18.54,18.54,18.54,10.92,2026-07-25 15:12:00+00:00
1784992500000,18.54,18.56,18.54,18.54,325.39,2026-07-25 15:15:00+00:00
1784992680000,18.54,18.57,18.54,18.56,135.99,2026-07-25 15:18:00+00:00
1784992860000,18.57,18.57,18.56,18.56,62.45,2026-07-25 15:21:00+00:00
1784993040000,18.56,18.58,18.55,18.58,149.89,2026-07-25 15:24:00+00:00
1784993220000,18.58,18.59,18.54,18.54,138.47,2026-07-25 15:27:00+00:00
1784993400000,18.54,18.54,18.53,18.53,142.89,2026-07-25 15:30:00+00:00
1784993580000,18.52,18.53,18.49,18.52,1007.68,2026-07-25 15:33:00+00:00
1784993760000,18.52,18.54,18.52,18.53,60.21,2026-07-25 15:36:00+00:00
1784993940000,18.53,18.53,18.52,18.52,39.15,2026-07-25 15:39:00+00:00
1784994120000,18.51,18.55,18.51,18.55,259.49,2026-07-25 15:42:00+00:00
1784994300000,18.55,18.55,18.52,18.52,594.83,2026-07-25 15:45:00+00:00
1784994480000,18.53,18.54,18.49,18.49,114.83,2026-07-25 15:48:00+00:00
1784994660000,18.49,18.51,18.49,18.5,172.78,2026-07-25 15:51:00+00:00
1784994840000,18.5,18.52,18.5,18.51,30.05,2026-07-25 15:54:00+00:00
1784995020000,18.51,18.51,18.5,18.5,82.95,2026-07-25 15:57:00+00:00
1784995200000,18.49,18.49,18.46,18.48,1111.95,2026-07-25 16:00:00+00:00
1784995380000,18.48,18.52,18.48,18.52,47.2,2026-07-25 16:03:00+00:00
1784995560000,18.52,18.52,18.5,18.51,1801.15,2026-07-25 16:06:00+00:00
1784995740000,18.51,18.52,18.51,18.52,50.44,2026-07-25 16:09:00+00:00
1784995920000,18.53,18.54,18.52,18.53,547.24,2026-07-25 16:12:00+00:00
1784996100000,18.53,18.53,18.51,18.51,154.42,2026-07-25 16:15:00+00:00
1784996280000,18.5,18.5,18.5,18.5,0.55,2026-07-25 16:18:00+00:00
1784996460000,18.5,18.5,18.49,18.5,104.44,2026-07-25 16:21:00+00:00
1784996640000,18.51,18.52,18.51,18.52,104.12,2026-07-25 16:24:00+00:00
1784996820000,18.52,18.53,18.51,18.52,102.23,2026-07-25 16:27:00+00:00
1784997000000,18.52,18.55,18.52,18.54,202.33,2026-07-25 16:30:00+00:00
1784997180000,18.54,18.6,18.54,18.58,1077.11,2026-07-25 16:33:00+00:00
1784997360000,18.59,18.64,18.59,18.63,708.75,2026-07-25 16:36:00+00:00
1784997540000,18.63,18.69,18.61,18.64,1909.91,2026-07-25 16:39:00+00:00
1784997720000,18.64,18.65,18.6,18.61,233.68,2026-07-25 16:42:00+00:00
1784997900000,18.62,18.63,18.62,18.62,145.91,2026-07-25 16:45:00+00:00
1784998080000,18.62,18.62,18.59,18.59,586.39,2026-07-25 16:48:00+00:00
1784998260000,18.6,18.6,18.55,18.6,847.36,2026-07-25 16:51:00+00:00
1784998440000,18.59,18.59,18.59,18.59,35.59,2026-07-25 16:54:00+00:00
1784998620000,18.59,18.59,18.57,18.57,97.6,2026-07-25 16:57:00+00:00
1784998800000,18.56,18.57,18.55,18.57,190.88,2026-07-25 17:00:00+00:00
1784998980000,18.57,18.58,18.56,18.56,304.75,2026-07-25 17:03:00+00:00
1784999160000,18.56,18.61,18.56,18.61,104.84,2026-07-25 17:06:00+00:00
1784999340000,18.61,18.61,18.61,18.61,24.38,2026-07-25 17:09:00+00:00
1784999520000,18.61,18.62,18.61,18.62,29.74,2026-07-25 17:12:00+00:00
1784999700000,18.63,18.64,18.61,18.61,572.82,2026-07-25 17:15:00+00:00
1784999880000,18.62,18.64,18.62,18.63,208.25,2026-07-25 17:18:00+00:00
1785000060000,18.63,18.68,18.63,18.68,282.22,2026-07-25 17:21:00+00:00
1785000240000,18.67,18.67,18.65,18.66,111.12,2026-07-25 17:24:00+00:00
1785000420000,18.67,18.67,18.64,18.64,212.68,2026-07-25 17:27:00+00:00
1785000600000,18.64,18.65,18.64,18.65,338.84,2026-07-25 17:30:00+00:00
1785000780000,18.65,18.71,18.65,18.7,2232.03,2026-07-25 17:33:00+00:00
1785000960000,18.7,18.71,18.7,18.7,107.64,2026-07-25 17:36:00+00:00
1785001140000,18.7,18.7,18.68,18.68,187.62,2026-07-25 17:39:00+00:00
1785001320000,18.69,18.71,18.69,18.71,23.35,2026-07-25 17:42:00+00:00
1785001500000,18.7,18.71,18.69,18.7,248.38,2026-07-25 17:45:00+00:00
1785001680000,18.71,18.76,18.71,18.72,2792.07,2026-07-25 17:48:00+00:00
1785001860000,18.72,18.75,18.71,18.75,963.68,2026-07-25 17:51:00+00:00
1785002040000,18.75,18.77,18.71,18.71,1509.44,2026-07-25 17:54:00+00:00
1785002220000,18.71,18.74,18.7,18.71,343.14,2026-07-25 17:57:00+00:00
1785002400000,18.71,18.72,18.67,18.72,1421.93,2026-07-25 18:00:00+00:00
1785002580000,18.72,18.72,18.7,18.7,70.83,2026-07-25 18:03:00+00:00
1785002760000,18.7,18.71,18.68,18.68,87.19,2026-07-25 18:06:00+00:00
1785002940000,18.69,18.71,18.68,18.71,66.33,2026-07-25 18:09:00+00:00
1785003120000,18.72,18.72,18.71,18.71,23.31,2026-07-25 18:12:00+00:00
1785003300000,18.71,18.72,18.69,18.69,1649.02,2026-07-25 18:15:00+00:00
1785003480000,18.69,18.7,18.68,18.7,575.01,2026-07-25 18:18:00+00:00
1785003660000,18.71,18.73,18.71,18.73,345.02,2026-07-25 18:21:00+00:00
1785003840000,18.72,18.73,18.69,18.71,1077.69,2026-07-25 18:24:00+00:00
1785004020000,18.7,18.74,18.7,18.74,616.81,2026-07-25 18:27:00+00:00
1785004200000,18.73,18.81,18.72,18.75,1773.31,2026-07-25 18:30:00+00:00
1785004380000,18.75,18.76,18.72,18.72,352.65,2026-07-25 18:33:00+00:00
1785004560000,18.72,18.72,18.68,18.68,476.35,2026-07-25 18:36:00+00:00
1785004740000,18.68,18.7,18.67,18.67,196.06,2026-07-25 18:39:00+00:00
1785004920000,18.68,18.69,18.67,18.68,68.64,2026-07-25 18:42:00+00:00
1785005100000,18.67,18.7,18.67,18.68,1475.62,2026-07-25 18:45:00+00:00
1785005280000,18.69,18.72,18.67,18.69,431.73,2026-07-25 18:48:00+00:00
1785005460000,18.7,18.71,18.68,18.68,316.69,2026-07-25 18:51:00+00:00
1785005640000,18.67,18.67,18.65,18.65,343.42,2026-07-25 18:54:00+00:00
1785005820000,18.65,18.68,18.63,18.64,424.14,2026-07-25 18:57:00+00:00
1785006000000,18.64,18.66,18.64,18.65,226.53,2026-07-25 19:00:00+00:00
1785006180000,18.66,18.7,18.66,18.7,598.89,2026-07-25 19:03:00+00:00
1785006360000,18.71,18.71,18.69,18.69,160.2,2026-07-25 19:06:00+00:00
1785006540000,18.68,18.71,18.68,18.71,43.12,2026-07-25 19:09:00+00:00
1785006720000,18.71,18.72,18.7,18.72,199.09,2026-07-25 19:12:00+00:00
1785006900000,18.73,18.78,18.72,18.78,418.7,2026-07-25 19:15:00+00:00
1785007080000,18.79,18.81,18.78,18.79,170.16,2026-07-25 19:18:00+00:00
1785007260000,18.79,18.82,18.78,18.78,485.48,2026-07-25 19:21:00+00:00
1785007440000,18.78,18.8,18.76,18.78,363.74,2026-07-25 19:24:00+00:00
1785007620000,18.79,18.8,18.74,18.77,463.34,2026-07-25 19:27:00+00:00
1785007800000,18.76,18.8,18.75,18.79,1376.3,2026-07-25 19:30:00+00:00
1785007980000,18.8,18.81,18.77,18.79,383.4,2026-07-25 19:33:00+00:00
1785008160000,18.79,18.79,18.77,18.78,235.62,2026-07-25 19:36:00+00:00
1785008340000,18.78,18.79,18.76,18.79,191.85,2026-07-25 19:39:00+00:00
1785008520000,18.8,18.81,18.77,18.77,398.63,2026-07-25 19:42:00+00:00
1785008700000,18.77,18.79,18.77,18.79,422.31,2026-07-25 19:45:00+00:00
1785008880000,18.8,18.81,18.78,18.8,1036.61,2026-07-25 19:48:00+00:00
1785009060000,18.81,18.81,18.8,18.8,284.54,2026-07-25 19:51:00+00:00
1785009240000,18.8,18.8,18.77,18.8,1178.27,2026-07-25 19:54:00+00:00
1785009420000,18.8,18.8,18.77,18.78,219.92,2026-07-25 19:57:00+00:00
1785009600000,18.78,18.83,18.77,18.81,1505.57,2026-07-25 20:00:00+00:00
1785009780000,18.81,18.87,18.81,18.84,1225.98,2026-07-25 20:03:00+00:00
1785009960000,18.84,18.85,18.83,18.85,84.19,2026-07-25 20:06:00+00:00
1785010140000,18.86,18.87,18.86,18.87,84.98,2026-07-25 20:09:00+00:00
1785010320000,18.87,18.87,18.82,18.82,190.18,2026-07-25 20:12:00+00:00
1785010500000,18.83,18.86,18.83,18.85,726.56,2026-07-25 20:15:00+00:00
1785010680000,18.85,18.87,18.85,18.86,376.07,2026-07-25 20:18:00+00:00
1785010860000,18.87,18.87,18.84,18.87,147.59,2026-07-25 20:21:00+00:00
1785011040000,18.87,18.91,18.86,18.89,499.54,2026-07-25 20:24:00+00:00
1785011220000,18.9,18.92,18.88,18.88,251.2,2026-07-25 20:27:00+00:00
1785011400000,18.89,18.9,18.87,18.87,821.43,2026-07-25 20:30:00+00:00
1785011580000,18.87,18.89,18.87,18.89,235.66,2026-07-25 20:33:00+00:00
1785011760000,18.9,18.9,18.9,18.9,23.41,2026-07-25 20:36:00+00:00
1785011940000,18.9,18.91,18.88,18.89,90.97,2026-07-25 20:39:00+00:00
1785012120000,18.89,18.89,18.88,18.88,49.67,2026-07-25 20:42:00+00:00
1785012300000,18.88,18.9,18.86,18.89,147.67,2026-07-25 20:45:00+00:00
1785012480000,18.89,18.89,18.85,18.86,1687.89,2026-07-25 20:48:00+00:00
1785012660000,18.87,18.87,18.85,18.86,245.49,2026-07-25 20:51:00+00:00
1785012840000,18.86,18.86,18.75,18.76,630.32,2026-07-25 20:54:00+00:00
1785013020000,18.75,18.79,18.74,18.75,849.61,2026-07-25 20:57:00+00:00
1785013200000,18.74,18.76,18.74,18.76,409.6,2026-07-25 21:00:00+00:00
1785013380000,18.76,18.76,18.69,18.74,1494.67,2026-07-25 21:03:00+00:00
1785013560000,18.75,18.76,18.74,18.76,121.16,2026-07-25 21:06:00+00:00
1785013740000,18.76,18.77,18.75,18.77,156.3,2026-07-25 21:09:00+00:00
1785013920000,18.78,18.78,18.75,18.77,595.55,2026-07-25 21:12:00+00:00
1785014100000,18.78,18.79,18.77,18.77,32.23,2026-07-25 21:15:00+00:00
1785014280000,18.77,18.81,18.77,18.81,957.31,2026-07-25 21:18:00+00:00
1785014460000,18.8,18.81,18.79,18.8,91.62,2026-07-25 21:21:00+00:00
1785014640000,18.81,18.81,18.75,18.76,528.17,2026-07-25 21:24:00+00:00
1785014820000,18.76,18.77,18.75,18.77,219.95,2026-07-25 21:27:00+00:00
1785015000000,18.77,18.79,18.77,18.79,70.55,2026-07-25 21:30:00+00:00
1785015180000,18.79,18.8,18.79,18.8,0.97,2026-07-25 21:33:00+00:00
1785015360000,18.79,18.79,18.77,18.79,556.17,2026-07-25 21:36:00+00:00
1785015540000,18.79,18.81,18.79,18.81,153.82,2026-07-25 21:39:00+00:00
1785015720000,18.8,18.8,18.76,18.77,73.06,2026-07-25 21:42:00+00:00
1785015900000,18.76,18.76,18.75,18.76,20.31,2026-07-25 21:45:00+00:00
1785016080000,18.76,18.76,18.75,18.75,32.08,2026-07-25 21:48:00+00:00
1785016260000,18.75,18.75,18.74,18.75,586.64,2026-07-25 21:51:00+00:00
1785016440000,18.75,18.77,18.75,18.75,1333.54,2026-07-25 21:54:00+00:00
1785016620000,18.74,18.74,18.72,18.72,111.53,2026-07-25 21:57:00+00:00
1785016800000,18.71,18.74,18.68,18.74,1691.61,2026-07-25 22:00:00+00:00
1785016980000,18.73,18.77,18.71,18.74,917,2026-07-25 22:03:00+00:00
1785017160000,18.74,18.77,18.74,18.76,590.26,2026-07-25 22:06:00+00:00
1785017340000,18.75,18.76,18.74,18.75,35.66,2026-07-25 22:09:00+00:00
1785017520000,18.76,18.78,18.76,18.76,346.41,2026-07-25 22:12:00+00:00
1785017700000,18.77,18.81,18.77,18.79,836.91,2026-07-25 22:15:00+00:00
1785017880000,18.8,18.8,18.79,18.8,249.51,2026-07-25 22:18:00+00:00
1785018060000,18.8,18.8,18.78,18.78,369.36,2026-07-25 22:21:00+00:00
1785018240000,18.78,18.78,18.75,18.75,609.57,2026-07-25 22:24:00+00:00
1785018420000,18.75,18.76,18.74,18.75,1621.28,2026-07-25 22:27:00+00:00
1785018600000,18.76,18.81,18.76,18.76,2179.87,2026-07-25 22:30:00+00:00
1785018780000,18.77,18.8,18.77,18.8,338.79,2026-07-25 22:33:00+00:00
1785018960000,18.8,18.84,18.8,18.83,463.41,2026-07-25 22:36:00+00:00
1785019140000,18.83,18.85,18.83,18.84,1127.74,2026-07-25 22:39:00+00:00
1785019320000,18.84,18.85,18.83,18.85,395.57,2026-07-25 22:42:00+00:00
1785019500000,18.86,18.87,18.85,18.85,329.81,2026-07-25 22:45:00+00:00
1785019680000,18.85,18.85,18.82,18.82,149.19,2026-07-25 22:48:00+00:00
1785019860000,18.82,18.82,18.73,18.76,464.17,2026-07-25 22:51:00+00:00
1785020040000,18.77,18.8,18.77,18.8,187.84,2026-07-25 22:54:00+00:00
1785020220000,18.8,18.81,18.78,18.78,313.69,2026-07-25 22:57:00+00:00
1785020400000,18.78,18.79,18.76,18.77,444.23,2026-07-25 23:00:00+00:00
1785020580000,18.77,18.78,18.73,18.73,642.58,2026-07-25 23:03:00+00:00
1785020760000,18.72,18.77,18.72,18.76,108.48,2026-07-25 23:06:00+00:00
1785020940000,18.75,18.75,18.74,18.75,24.29,2026-07-25 23:09:00+00:00
1785021120000,18.75,18.75,18.73,18.73,543.78,2026-07-25 23:12:00+00:00
1785021300000,18.73,18.73,18.72,18.72,547.22,2026-07-25 23:15:00+00:00
1785021480000,18.73,18.74,18.73,18.74,734.16,2026-07-25 23:18:00+00:00
1785021660000,18.74,18.76,18.73,18.76,165.65,2026-07-25 23:21:00+00:00
1785021840000,18.75,18.75,18.72,18.72,269.75,2026-07-25 23:24:00+00:00
1785022020000,18.72,18.74,18.72,18.74,104.33,2026-07-25 23:27:00+00:00
1785022200000,18.75,18.76,18.75,18.75,45.67,2026-07-25 23:30:00+00:00
1785022380000,18.76,18.82,18.76,18.82,2121.81,2026-07-25 23:33:00+00:00
1785022560000,18.82,18.86,18.81,18.83,617.88,2026-07-25 23:36:00+00:00
1785022740000,18.83,18.86,18.83,18.86,75.26,2026-07-25 23:39:00+00:00
1785022920000,18.85,18.85,18.79,18.8,943.13,2026-07-25 23:42:00+00:00
1785023100000,18.8,18.82,18.8,18.81,196.07,2026-07-25 23:45:00+00:00
1785023280000,18.82,18.84,18.82,18.83,471.51,2026-07-25 23:48:00+00:00
1785023460000,18.84,18.85,18.82,18.82,433.54,2026-07-25 23:51:00+00:00
1785023640000,18.83,18.84,18.82,18.83,591.1,2026-07-25 23:54:00+00:00
1785023820000,18.83,18.84,18.79,18.8,89.1,2026-07-25 23:57:00+00:00
1785024000000,18.79,18.84,18.78,18.84,1432.05,2026-07-26 00:00:00+00:00
1785024180000,18.84,18.84,18.79,18.79,844.67,2026-07-26 00:03:00+00:00
1785024360000,18.79,18.83,18.79,18.81,196.98,2026-07-26 00:06:00+00:00
1785024540000,18.8,18.82,18.79,18.82,122.17,2026-07-26 00:09:00+00:00
1785024720000,18.83,18.87,18.83,18.86,535.69,2026-07-26 00:12:00+00:00
1785024900000,18.86,18.87,18.83,18.84,216.63,2026-07-26 00:15:00+00:00
1785025080000,18.85,18.88,18.82,18.88,636.52,2026-07-26 00:18:00+00:00
1785025260000,18.87,18.9,18.87,18.9,293.32,2026-07-26 00:21:00+00:00
1785025440000,18.9,18.9,18.83,18.87,944.36,2026-07-26 00:24:00+00:00
1785025620000,18.88,18.88,18.86,18.86,130.66,2026-07-26 00:27:00+00:00
1785025800000,18.86,18.87,18.81,18.81,1325.54,2026-07-26 00:30:00+00:00
1785025980000,18.8,18.82,18.8,18.81,419.72,2026-07-26 00:33:00+00:00
1785026160000,18.81,18.81,18.8,18.8,47.18,2026-07-26 00:36:00+00:00
1785026340000,18.8,18.8,18.76,18.79,352.86,2026-07-26 00:39:00+00:00
1785026520000,18.79,18.8,18.76,18.78,1382.75,2026-07-26 00:42:00+00:00
1785026700000,18.78,18.8,18.78,18.78,172.73,2026-07-26 00:45:00+00:00
1785026880000,18.79,18.84,18.79,18.84,2176.69,2026-07-26 00:48:00+00:00
1785027060000,18.84,18.85,18.77,18.85,1031.59,2026-07-26 00:51:00+00:00
1785027240000,18.85,18.85,18.83,18.85,127.23,2026-07-26 00:54:00+00:00
1785027420000,18.86,18.86,18.82,18.82,71.12,2026-07-26 00:57:00+00:00
1785027600000,18.81,18.87,18.81,18.85,672.65,2026-07-26 01:00:00+00:00
1785027780000,18.85,18.88,18.85,18.86,445.84,2026-07-26 01:03:00+00:00
1785027960000,18.86,18.88,18.86,18.86,73.88,2026-07-26 01:06:00+00:00
1785028140000,18.86,18.92,18.86,18.91,657.16,2026-07-26 01:09:00+00:00
1785028320000,18.92,18.94,18.88,18.9,680.4,2026-07-26 01:12:00+00:00
1785028500000,18.9,18.92,18.88,18.92,943.51,2026-07-26 01:15:00+00:00
1785028680000,18.92,18.97,18.92,18.94,276.89,2026-07-26 01:18:00+00:00
1785028860000,18.93,18.97,18.92,18.94,339.49,2026-07-26 01:21:00+00:00
1785029040000,18.94,19.07,18.94,19.05,5229.5,2026-07-26 01:24:00+00:00
1785029220000,19.06,19.07,19.01,19.03,1461.14,2026-07-26 01:27:00+00:00
1785029400000,19.04,19.07,18.97,18.97,886.67,2026-07-26 01:30:00+00:00
1785029580000,18.96,19.01,18.95,18.96,2242.26,2026-07-26 01:33:00+00:00
1785029760000,18.96,19.03,18.96,18.97,356.06,2026-07-26 01:36:00+00:00
1785029940000,18.97,18.98,18.92,18.93,725.35,2026-07-26 01:39:00+00:00
1785030120000,18.93,19.03,18.93,18.96,854.21,2026-07-26 01:42:00+00:00
1785030300000,18.95,18.96,18.93,18.93,1814.47,2026-07-26 01:45:00+00:00
1785030480000,18.92,18.95,18.92,18.94,127.67,2026-07-26 01:48:00+00:00
1785030660000,18.94,18.97,18.94,18.97,143.08,2026-07-26 01:51:00+00:00
1785030840000,18.96,18.98,18.94,18.97,412.97,2026-07-26 01:54:00+00:00
1785031020000,18.98,19.01,18.96,18.98,288.45,2026-07-26 01:57:00+00:00
1785031200000,18.98,18.98,18.96,18.97,3317.81,2026-07-26 02:00:00+00:00
1785031380000,18.97,18.98,18.97,18.97,69.91,2026-07-26 02:03:00+00:00
1785031560000,18.98,18.99,18.98,18.99,37.63,2026-07-26 02:06:00+00:00
1785031740000,19,19.01,19,19,626.55,2026-07-26 02:09:00+00:00
1785031920000,19.01,19.01,18.98,18.98,24.84,2026-07-26 02:12:00+00:00
1785032100000,18.98,19,18.98,18.99,539.46,2026-07-26 02:15:00+00:00
1785032280000,18.99,19,18.99,19,562.53,2026-07-26 02:18:00+00:00
1785032460000,19,19.05,18.99,19.01,2109.91,2026-07-26 02:21:00+00:00
1785032640000,19.01,19.07,19.01,19.03,147.71,2026-07-26 02:24:00+00:00
1785032820000,19.02,19.02,18.99,18.99,423.42,2026-07-26 02:27:00+00:00
1785033000000,19,19.01,18.98,18.98,287.49,2026-07-26 02:30:00+00:00
1785033180000,18.97,18.98,18.97,18.98,897.25,2026-07-26 02:33:00+00:00
1785033360000,18.97,19,18.97,19,587.13,2026-07-26 02:36:00+00:00
1785033540000,19.01,19.02,19,19.02,726.34,2026-07-26 02:39:00+00:00
1785033720000,19.03,19.05,19.01,19.02,608.1,2026-07-26 02:42:00+00:00
1785033900000,19.01,19.01,18.96,18.98,1243.79,2026-07-26 02:45:00+00:00
1785034080000,18.98,19.01,18.97,19.01,140.68,2026-07-26 02:48:00+00:00
1785034260000,19.01,19.03,19.01,19.02,144.43,2026-07-26 02:51:00+00:00
1785034440000,19.01,19.02,19.01,19.02,2431.07,2026-07-26 02:54:00+00:00
1785034620000,19.02,19.03,19.01,19.02,232.36,2026-07-26 02:57:00+00:00
1785034800000,19.02,19.06,19.02,19.06,418.01,2026-07-26 03:00:00+00:00
1785034980000,19.05,19.05,19.03,19.03,213.78,2026-07-26 03:03:00+00:00
1785035160000,19.03,19.04,19.02,19.04,185.32,2026-07-26 03:06:00+00:00
1785035340000,19.04,19.09,19.04,19.08,1101.54,2026-07-26 03:09:00+00:00
1785035520000,19.09,19.14,19.04,19.05,4112.62,2026-07-26 03:12:00+00:00
1785035700000,19.05,19.12,19.04,19.11,2006.09,2026-07-26 03:15:00+00:00
1785035880000,19.12,19.14,19.11,19.12,732.4,2026-07-26 03:18:00+00:00
1785036060000,19.11,19.14,19.1,19.14,147.64,2026-07-26 03:21:00+00:00
1785036240000,19.14,19.16,19.13,19.13,2303.7,2026-07-26 03:24:00+00:00
1785036420000,19.12,19.15,19.12,19.15,112.33,2026-07-26 03:27:00+00:00
1785036600000,19.15,19.21,19.14,19.2,1902.69,2026-07-26 03:30:00+00:00
1785036780000,19.2,19.2,19.17,19.19,401.46,2026-07-26 03:33:00+00:00
1785036960000,19.18,19.19,19.16,19.16,508.85,2026-07-26 03:36:00+00:00
1785037140000,19.16,19.18,19.16,19.16,73.31,2026-07-26 03:39:00+00:00
1785037320000,19.17,19.2,19.16,19.2,1374.38,2026-07-26 03:42:00+00:00
1785037500000,19.2,19.21,19.18,19.19,1349.25,2026-07-26 03:45:00+00:00
1785037680000,19.18,19.19,19.18,19.18,167.99,2026-07-26 03:48:00+00:00
1785037860000,19.18,19.18,19.18,19.18,52.13,2026-07-26 03:51:00+00:00
1785038040000,19.18,19.18,19.16,19.18,122.66,2026-07-26 03:54:00+00:00
1785038220000,19.17,19.18,19.16,19.16,433.99,2026-07-26 03:57:00+00:00
1785038400000,19.17,19.18,19.16,19.18,372.72,2026-07-26 04:00:00+00:00
1785038580000,19.17,19.23,19.17,19.23,293.35,2026-07-26 04:03:00+00:00
1785038760000,19.22,19.22,19.16,19.16,915.76,2026-07-26 04:06:00+00:00
1785038940000,19.16,19.23,19.16,19.22,371.03,2026-07-26 04:09:00+00:00
1785039120000,19.23,19.23,19.19,19.19,353.86,2026-07-26 04:12:00+00:00
1785039300000,19.2,19.21,19.2,19.21,113.17,2026-07-26 04:15:00+00:00
1785039480000,19.22,19.23,19.22,19.23,513.38,2026-07-26 04:18:00+00:00
1785039660000,19.22,19.26,19.21,19.26,1011.34,2026-07-26 04:21:00+00:00
1785039840000,19.26,19.28,19.23,19.24,769.24,2026-07-26 04:24:00+00:00
1785040020000,19.25,19.27,19.23,19.26,498.29,2026-07-26 04:27:00+00:00
1785040200000,19.26,19.26,19.22,19.22,1978.15,2026-07-26 04:30:00+00:00
1785040380000,19.21,19.21,19.15,19.19,2204.87,2026-07-26 04:33:00+00:00
1785040560000,19.2,19.22,19.19,19.19,231.86,2026-07-26 04:36:00+00:00
1785040740000,19.2,19.22,19.2,19.22,855.72,2026-07-26 04:39:00+00:00
1785040920000,19.22,19.24,19.2,19.24,137.78,2026-07-26 04:42:00+00:00
1785041100000,19.23,19.23,19.2,19.21,607.86,2026-07-26 04:45:00+00:00
1785041280000,19.2,19.24,19.19,19.21,879.66,2026-07-26 04:48:00+00:00
1785041460000,19.21,19.22,19.21,19.22,195.49,2026-07-26 04:51:00+00:00
1785041640000,19.21,19.22,19.2,19.22,786.09,2026-07-26 04:54:00+00:00
1785041820000,19.23,19.23,19.21,19.21,368.41,2026-07-26 04:57:00+00:00
1785042000000,19.2,19.21,19.18,19.18,1619.83,2026-07-26 05:00:00+00:00
1785042180000,19.17,19.25,19.17,19.23,3515.99,2026-07-26 05:03:00+00:00
1785042360000,19.23,19.23,19.19,19.2,487.62,2026-07-26 05:06:00+00:00
1785042540000,19.2,19.21,19.19,19.19,5.15,2026-07-26 05:09:00+00:00
1785042720000,19.19,19.24,19.18,19.24,3110.84,2026-07-26 05:12:00+00:00
1785042900000,19.23,19.28,19.22,19.27,1219.18,2026-07-26 05:15:00+00:00
1785043080000,19.26,19.26,19.25,19.25,147.89,2026-07-26 05:18:00+00:00
1785043260000,19.24,19.24,19.21,19.21,155.49,2026-07-26 05:21:00+00:00
1785043440000,19.2,19.2,19.18,19.2,418.04,2026-07-26 05:24:00+00:00
1785043620000,19.2,19.2,19.18,19.18,973.59,2026-07-26 05:27:00+00:00
1785043800000,19.18,19.2,19.18,19.19,155.49,2026-07-26 05:30:00+00:00
1785043980000,19.2,19.22,19.19,19.22,58.78,2026-07-26 05:33:00+00:00
1785044160000,19.22,19.23,19.21,19.21,924.83,2026-07-26 05:36:00+00:00
1785044340000,19.21,19.24,19.2,19.22,2663.15,2026-07-26 05:39:00+00:00
1785044520000,19.22,19.23,19.22,19.22,324.74,2026-07-26 05:42:00+00:00
1785044700000,19.22,19.23,19.22,19.23,226.14,2026-07-26 05:45:00+00:00
1785044880000,19.22,19.26,19.22,19.26,219.91,2026-07-26 05:48:00+00:00
1785045060000,19.27,19.29,19.25,19.27,1191.55,2026-07-26 05:51:00+00:00
1785045240000,19.28,19.28,19.25,19.26,197.07,2026-07-26 05:54:00+00:00
1785045420000,19.25,19.26,19.25,19.25,149.73,2026-07-26 05:57:00+00:00
1785045600000,19.26,19.26,19.25,19.25,4.49,2026-07-26 06:00:00+00:00
1785045780000,19.25,19.27,19.25,19.25,1076.33,2026-07-26 06:03:00+00:00
1785045960000,19.25,19.25,19.23,19.23,2694.13,2026-07-26 06:06:00+00:00
1785046140000,19.24,19.24,19.21,19.23,467.92,2026-07-26 06:09:00+00:00
1785046320000,19.23,19.25,19.23,19.25,109.04,2026-07-26 06:12:00+00:00
1785046500000,19.25,19.26,19.25,19.26,36.6,2026-07-26 06:15:00+00:00
1785046680000,19.26,19.3,19.26,19.27,1017.7,2026-07-26 06:18:00+00:00
1785046860000,19.27,19.28,19.24,19.25,295.72,2026-07-26 06:21:00+00:00
1785047040000,19.25,19.28,19.21,19.21,205.25,2026-07-26 06:24:00+00:00
1785047220000,19.21,19.24,19.2,19.23,209.24,2026-07-26 06:27:00+00:00
1785047400000,19.23,19.27,19.23,19.27,224.23,2026-07-26 06:30:00+00:00
1785047580000,19.28,19.28,19.22,19.22,2813.02,2026-07-26 06:33:00+00:00
1785047760000,19.22,19.26,19.21,19.25,249.59,2026-07-26 06:36:00+00:00
1785047940000,19.26,19.26,19.18,19.21,584.47,2026-07-26 06:39:00+00:00
1785048120000,19.22,19.24,19.22,19.24,20.37,2026-07-26 06:42:00+00:00
1785048300000,19.25,19.27,19.25,19.25,254.87,2026-07-26 06:45:00+00:00
1785048480000,19.25,19.27,19.25,19.26,834.15,2026-07-26 06:48:00+00:00
1785048660000,19.27,19.3,19.27,19.3,2446.71,2026-07-26 06:51:00+00:00
1785048840000,19.3,19.31,19.27,19.28,257.52,2026-07-26 06:54:00+00:00
1785049020000,19.28,19.28,19.25,19.25,109.84,2026-07-26 06:57:00+00:00
1785049200000,19.25,19.26,19.23,19.23,501.67,2026-07-26 07:00:00+00:00
1785049380000,19.22,19.25,19.22,19.25,2221.68,2026-07-26 07:03:00+00:00
1785049560000,19.25,19.25,19.24,19.25,2.52,2026-07-26 07:06:00+00:00
1785049740000,19.25,19.26,19.2,19.26,4149.94,2026-07-26 07:09:00+00:00
1785049920000,19.26,19.27,19.25,19.27,217.21,2026-07-26 07:12:00+00:00
1785050100000,19.27,19.28,19.27,19.27,1291.84,2026-07-26 07:15:00+00:00
1785050280000,19.26,19.27,19.26,19.26,8,2026-07-26 07:18:00+00:00
1785050460000,19.26,19.26,19.25,19.25,8.33,2026-07-26 07:21:00+00:00
1785050640000,19.25,19.27,19.24,19.27,29.78,2026-07-26 07:24:00+00:00
1785050820000,19.27,19.27,19.23,19.23,80.79,2026-07-26 07:27:00+00:00
1785051000000,19.23,19.26,19.23,19.25,444.45,2026-07-26 07:30:00+00:00
1785051180000,19.26,19.27,19.26,19.27,1549.95,2026-07-26 07:33:00+00:00
1785051360000,19.26,19.28,19.26,19.27,571.15,2026-07-26 07:36:00+00:00
1785051540000,19.26,19.26,19.25,19.26,256.62,2026-07-26 07:39:00+00:00
1785051720000,19.27,19.27,19.25,19.26,162.79,2026-07-26 07:42:00+00:00
1785051900000,19.26,19.26,19.25,19.25,310.72,2026-07-26 07:45:00+00:00
1785052080000,19.25,19.25,19.23,19.24,83.09,2026-07-26 07:48:00+00:00
1785052260000,19.25,19.28,19.25,19.25,134.94,2026-07-26 07:51:00+00:00
1785052440000,19.24,19.25,19.24,19.25,22.88,2026-07-26 07:54:00+00:00
1785052620000,19.25,19.26,19.25,19.26,2.21,2026-07-26 07:57:00+00:00
1785052800000,19.26,19.27,19.26,19.26,691.32,2026-07-26 08:00:00+00:00
1785052980000,19.26,19.26,19.25,19.25,0.12,2026-07-26 08:03:00+00:00
1785053160000,19.26,19.26,19.25,19.25,126.67,2026-07-26 08:06:00+00:00
1785053340000,19.25,19.26,19.24,19.26,372.08,2026-07-26 08:09:00+00:00
1785053520000,19.25,19.25,19.2,19.22,398.15,2026-07-26 08:12:00+00:00
1785053700000,19.22,19.23,19.22,19.22,99.12,2026-07-26 08:15:00+00:00
1785053880000,19.23,19.23,19.21,19.22,776.62,2026-07-26 08:18:00+00:00
1785054060000,19.23,19.23,19.22,19.22,732.7,2026-07-26 08:21:00+00:00
1785054240000,19.22,19.22,19.21,19.22,84.25,2026-07-26 08:24:00+00:00
1785054420000,19.21,19.23,19.21,19.22,1337.53,2026-07-26 08:27:00+00:00
1785054600000,19.22,19.23,19.22,19.23,5.17,2026-07-26 08:30:00+00:00
1785054780000,19.22,19.22,19.2,19.2,676.76,2026-07-26 08:33:00+00:00
1785054960000,19.2,19.2,19.1,19.11,1527.78,2026-07-26 08:36:00+00:00
1785055140000,19.11,19.12,19.08,19.12,1689.34,2026-07-26 08:39:00+00:00
1785055320000,19.13,19.14,19.12,19.14,319.31,2026-07-26 08:42:00+00:00
1785055500000,19.14,19.16,19.14,19.15,773.71,2026-07-26 08:45:00+00:00
1785055680000,19.14,19.18,19.12,19.18,114.09,2026-07-26 08:48:00+00:00
1785055860000,19.17,19.18,19.17,19.18,34.72,2026-07-26 08:51:00+00:00
1785056040000,19.18,19.23,19.18,19.22,2235.19,2026-07-26 08:54:00+00:00
1785056220000,19.23,19.23,19.21,19.21,253.7,2026-07-26 08:57:00+00:00
1785056400000,19.21,19.22,19.18,19.18,490.3,2026-07-26 09:00:00+00:00
1785056580000,19.17,19.18,19.14,19.14,673.79,2026-07-26 09:03:00+00:00
1785056760000,19.14,19.14,19.07,19.1,2363.94,2026-07-26 09:06:00+00:00
1785056940000,19.09,19.22,19.06,19.19,2012.48,2026-07-26 09:09:00+00:00
1785057120000,19.19,19.19,19.15,19.18,377.4,2026-07-26 09:12:00+00:00
1785057300000,19.18,19.22,19.18,19.22,254.96,2026-07-26 09:15:00+00:00
1785057480000,19.23,19.24,19.22,19.23,973.97,2026-07-26 09:18:00+00:00
1785057660000,19.23,19.24,19.22,19.22,328.35,2026-07-26 09:21:00+00:00
1785057840000,19.22,19.22,19.21,19.21,406.89,2026-07-26 09:24:00+00:00
1785058020000,19.22,19.22,19.22,19.22,14.06,2026-07-26 09:27:00+00:00
1785058200000,19.21,19.21,19.2,19.21,147.17,2026-07-26 09:30:00+00:00
1785058380000,19.21,19.22,19.2,19.2,461.28,2026-07-26 09:33:00+00:00
1785058560000,19.19,19.21,19.17,19.21,231.25,2026-07-26 09:36:00+00:00
1785058740000,19.21,19.22,19.2,19.2,49.87,2026-07-26 09:39:00+00:00
1785058920000,19.21,19.21,19.2,19.2,66.8,2026-07-26 09:42:00+00:00
1785059100000,19.19,19.19,19.18,19.19,2.54,2026-07-26 09:45:00+00:00
1785059280000,19.19,19.19,19.15,19.15,148.66,2026-07-26 09:48:00+00:00
1785059460000,19.15,19.18,19.15,19.16,402,2026-07-26 09:51:00+00:00
1785059640000,19.16,19.18,19.15,19.18,617.04,2026-07-26 09:54:00+00:00
1785059820000,19.19,19.23,19.19,19.21,550.29,2026-07-26 09:57:00+00:00
1785060000000,19.2,19.24,19.2,19.24,1304.13,2026-07-26 10:00:00+00:00
1785060180000,19.24,19.25,19.22,19.24,247.89,2026-07-26 10:03:00+00:00
1785060360000,19.24,19.25,19.21,19.21,1226.88,2026-07-26 10:06:00+00:00
1785060540000,19.21,19.23,19.21,19.22,366.04,2026-07-26 10:09:00+00:00
1785060720000,19.21,19.27,19.21,19.23,793.85,2026-07-26 10:12:00+00:00
1785060900000,19.24,19.24,19.21,19.23,642.98,2026-07-26 10:15:00+00:00
1785061080000,19.23,19.26,19.22,19.24,364.3,2026-07-26 10:18:00+00:00
1785061260000,19.24,19.26,19.23,19.26,206.23,2026-07-26 10:21:00+00:00
1785061440000,19.26,19.3,19.26,19.28,834.09,2026-07-26 10:24:00+00:00
1785061620000,19.28,19.28,19.26,19.26,18.93,2026-07-26 10:27:00+00:00
1785061800000,19.27,19.35,19.26,19.32,2582.24,2026-07-26 10:30:00+00:00
1785061980000,19.32,19.4,19.32,19.39,1703.46,2026-07-26 10:33:00+00:00
1785062160000,19.39,19.4,19.37,19.37,338.73,2026-07-26 10:36:00+00:00
1785062340000,19.36,19.38,19.35,19.38,120.1,2026-07-26 10:39:00+00:00
1785062520000,19.37,19.39,19.37,19.39,680.14,2026-07-26 10:42:00+00:00
1785062700000,19.39,19.41,19.38,19.38,2770.66,2026-07-26 10:45:00+00:00
1785062880000,19.37,19.37,19.34,19.37,2101.83,2026-07-26 10:48:00+00:00
1785063060000,19.36,19.38,19.36,19.37,162.73,2026-07-26 10:51:00+00:00
1785063240000,19.37,19.4,19.37,19.4,1411.44,2026-07-26 10:54:00+00:00
1785063420000,19.4,19.4,19.33,19.34,318.86,2026-07-26 10:57:00+00:00
1785063600000,19.33,19.37,19.33,19.36,1120.91,2026-07-26 11:00:00+00:00
1785063780000,19.36,19.38,19.35,19.37,694.99,2026-07-26 11:03:00+00:00
1785063960000,19.36,19.36,19.34,19.34,85.04,2026-07-26 11:06:00+00:00
1785064140000,19.34,19.36,19.34,19.35,382.5,2026-07-26 11:09:00+00:00
1785064320000,19.35,19.35,19.31,19.31,172.43,2026-07-26 11:12:00+00:00
1785064500000,19.3,19.3,19.27,19.3,518.32,2026-07-26 11:15:00+00:00
1785064680000,19.3,19.33,19.3,19.33,1035.96,2026-07-26 11:18:00+00:00
1785064860000,19.33,19.38,19.33,19.37,1142.54,2026-07-26 11:21:00+00:00
1785065040000,19.37,19.37,19.34,19.35,265.26,2026-07-26 11:24:00+00:00
1785065220000,19.35,19.36,19.34,19.34,193.44,2026-07-26 11:27:00+00:00
1785065400000,19.34,19.36,19.33,19.35,226.78,2026-07-26 11:30:00+00:00
1785065580000,19.35,19.35,19.33,19.35,137.39,2026-07-26 11:33:00+00:00
1785065760000,19.36,19.37,19.36,19.37,204.08,2026-07-26 11:36:00+00:00
1785065940000,19.37,19.39,19.37,19.38,48.45,2026-07-26 11:39:00+00:00
1785066120000,19.38,19.4,19.38,19.4,1788.16,2026-07-26 11:42:00+00:00
1785066300000,19.4,19.4,19.36,19.37,182.26,2026-07-26 11:45:00+00:00
1785066480000,19.37,19.37,19.33,19.35,77.96,2026-07-26 11:48:00+00:00
1785066660000,19.35,19.37,19.34,19.34,211.16,2026-07-26 11:51:00+00:00
1785066840000,19.33,19.34,19.32,19.32,210.54,2026-07-26 11:54:00+00:00
1785067020000,19.32,19.34,19.32,19.32,1240.82,2026-07-26 11:57:00+00:00
1785067200000,19.32,19.35,19.26,19.28,523.16,2026-07-26 12:00:00+00:00
1785067380000,19.27,19.28,19.26,19.26,434.84,2026-07-26 12:03:00+00:00
1785067560000,19.27,19.3,19.27,19.29,446.63,2026-07-26 12:06:00+00:00
1785067740000,19.29,19.31,19.28,19.29,2804.62,2026-07-26 12:09:00+00:00
1785067920000,19.29,19.3,19.26,19.26,643.81,2026-07-26 12:12:00+00:00
1785068100000,19.26,19.26,19.16,19.21,2594.09,2026-07-26 12:15:00+00:00
1785068280000,19.21,19.21,19.17,19.19,854.3,2026-07-26 12:18:00+00:00
1785068460000,19.18,19.19,19.11,19.11,578.25,2026-07-26 12:21:00+00:00
1785068640000,19.11,19.14,19.1,19.13,149.09,2026-07-26 12:24:00+00:00
1785068820000,19.13,19.19,19.13,19.16,498.76,2026-07-26 12:27:00+00:00
1785069000000,19.16,19.2,19.16,19.2,1970.88,2026-07-26 12:30:00+00:00
1785069180000,19.2,19.2,19.16,19.16,10.4,2026-07-26 12:33:00+00:00
1785069360000,19.16,19.18,19.16,19.18,42.41,2026-07-26 12:36:00+00:00
1785069540000,19.18,19.18,19.18,19.18,79.54,2026-07-26 12:39:00+00:00
1785069720000,19.17,19.17,19.17,19.17,63.2,2026-07-26 12:42:00+00:00
1785069900000,19.18,19.18,19.11,19.18,1793.1,2026-07-26 12:45:00+00:00
1785070080000,19.18,19.2,19.16,19.17,916.39,2026-07-26 12:48:00+00:00
1785070260000,19.17,19.23,19.17,19.2,280.56,2026-07-26 12:51:00+00:00
1785070440000,19.21,19.22,19.21,19.22,69.41,2026-07-26 12:54:00+00:00
1785070620000,19.22,19.22,19.22,19.22,294.07,2026-07-26 12:57:00+00:00
1785070800000,19.22,19.23,19.2,19.2,161.63,2026-07-26 13:00:00+00:00
1785070980000,19.2,19.21,19.17,19.21,1351.08,2026-07-26 13:03:00+00:00
1785071160000,19.22,19.23,19.22,19.22,241.93,2026-07-26 13:06:00+00:00
1785071340000,19.23,19.24,19.23,19.24,40.27,2026-07-26 13:09:00+00:00
1785071520000,19.24,19.24,19.23,19.23,59.85,2026-07-26 13:12:00+00:00
1785071700000,19.24,19.29,19.24,19.29,736.17,2026-07-26 13:15:00+00:00
1785071880000,19.3,19.31,19.27,19.28,2796.01,2026-07-26 13:18:00+00:00
1785072060000,19.29,19.31,19.26,19.3,873.53,2026-07-26 13:21:00+00:00
1785072240000,19.3,19.32,19.3,19.3,516.89,2026-07-26 13:24:00+00:00
1785072420000,19.3,19.3,19.27,19.28,74.95,2026-07-26 13:27:00+00:00
1785072600000,19.28,19.29,19.24,19.27,300.24,2026-07-26 13:30:00+00:00
1785072780000,19.27,19.27,19.23,19.23,34.68,2026-07-26 13:33:00+00:00
1785072960000,19.22,19.22,19.22,19.22,6.13,2026-07-26 13:36:00+00:00
1785073140000,19.22,19.26,19.22,19.26,1094.15,2026-07-26 13:39:00+00:00
1785073320000,19.26,19.26,19.25,19.25,95.31,2026-07-26 13:42:00+00:00
1785073500000,19.26,19.28,19.24,19.26,1110.01,2026-07-26 13:45:00+00:00
1785073680000,19.26,19.27,19.26,19.26,574.3,2026-07-26 13:48:00+00:00
1785073860000,19.27,19.27,19.27,19.27,3.47,2026-07-26 13:51:00+00:00
1785074040000,19.27,19.29,19.27,19.27,330.91,2026-07-26 13:54:00+00:00
1785074220000,19.28,19.31,19.28,19.31,79.48,2026-07-26 13:57:00+00:00
1785074400000,19.31,19.38,19.31,19.36,2996.48,2026-07-26 14:00:00+00:00
1785074580000,19.37,19.43,19.37,19.43,2937.87,2026-07-26 14:03:00+00:00
1785074760000,19.43,19.55,19.43,19.48,2092.64,2026-07-26 14:06:00+00:00
1785074940000,19.48,19.5,19.47,19.47,438.35,2026-07-26 14:09:00+00:00
1785075120000,19.46,19.46,19.43,19.44,570.56,2026-07-26 14:12:00+00:00
1785075300000,19.44,19.5,19.43,19.48,3937.35,2026-07-26 14:15:00+00:00
1785075480000,19.48,19.48,19.46,19.48,679.01,2026-07-26 14:18:00+00:00
1785075660000,19.49,19.49,19.45,19.45,331.4,2026-07-26 14:21:00+00:00
1785075840000,19.45,19.46,19.43,19.46,44.17,2026-07-26 14:24:00+00:00
1785076020000,19.46,19.48,19.44,19.44,60.51,2026-07-26 14:27:00+00:00
1785076200000,19.43,19.46,19.39,19.44,2779.84,2026-07-26 14:30:00+00:00
1785076380000,19.44,19.47,19.44,19.46,567.63,2026-07-26 14:33:00+00:00
1785076560000,19.45,19.45,19.38,19.38,907.6,2026-07-26 14:36:00+00:00
1785076740000,19.38,19.43,19.37,19.42,670.99,2026-07-26 14:39:00+00:00
1785076920000,19.42,19.42,19.39,19.39,52.97,2026-07-26 14:42:00+00:00
1785077100000,19.39,19.45,19.39,19.42,566.04,2026-07-26 14:45:00+00:00
1785077280000,19.43,19.44,19.4,19.4,136.17,2026-07-26 14:48:00+00:00
1785077460000,19.4,19.4,19.38,19.38,330.65,2026-07-26 14:51:00+00:00
1785077640000,19.37,19.37,19.36,19.36,86.1,2026-07-26 14:54:00+00:00
1785077820000,19.36,19.36,19.33,19.34,128,2026-07-26 14:57:00+00:00
1785078000000,19.34,19.34,19.3,19.32,4062.09,2026-07-26 15:00:00+00:00
1785078180000,19.31,19.32,19.29,19.31,311.45,2026-07-26 15:03:00+00:00
1785078360000,19.3,19.4,19.3,19.38,506.44,2026-07-26 15:06:00+00:00
1785078540000,19.39,19.39,19.37,19.38,199.24,2026-07-26 15:09:00+00:00
1785078720000,19.38,19.39,19.37,19.38,426.3,2026-07-26 15:12:00+00:00
1785078900000,19.38,19.43,19.38,19.43,768.2,2026-07-26 15:15:00+00:00
1785079080000,19.44,19.46,19.42,19.43,181.8,2026-07-26 15:18:00+00:00
1785079260000,19.43,19.45,19.42,19.44,118.04,2026-07-26 15:21:00+00:00
1785079440000,19.44,19.45,19.42,19.42,41.09,2026-07-26 15:24:00+00:00
1785079620000,19.42,19.42,19.41,19.42,312.02,2026-07-26 15:27:00+00:00
1785079800000,19.43,19.43,19.4,19.4,235.15,2026-07-26 15:30:00+00:00
1785079980000,19.4,19.42,19.4,19.42,77.2,2026-07-26 15:33:00+00:00
1785080160000,19.42,19.47,19.42,19.44,1079.69,2026-07-26 15:36:00+00:00
1785080340000,19.44,19.44,19.41,19.41,24.55,2026-07-26 15:39:00+00:00
1785080520000,19.4,19.4,19.38,19.39,157.69,2026-07-26 15:42:00+00:00
1785080700000,19.38,19.39,19.34,19.34,1221.71,2026-07-26 15:45:00+00:00
1785080880000,19.33,19.35,19.33,19.35,109.16,2026-07-26 15:48:00+00:00
1785081060000,19.35,19.35,19.33,19.35,136.69,2026-07-26 15:51:00+00:00
1785081240000,19.35,19.4,19.35,19.4,813.7,2026-07-26 15:54:00+00:00
1785081420000,19.4,19.4,19.39,19.39,109,2026-07-26 15:57:00+00:00
1785081600000,19.39,19.41,19.39,19.41,97.9,2026-07-26 16:00:00+00:00
1785081780000,19.42,19.42,19.42,19.42,1146.28,2026-07-26 16:03:00+00:00
1785081960000,19.41,19.41,19.39,19.39,257.01,2026-07-26 16:06:00+00:00
1785082140000,19.39,19.39,19.38,19.39,158.96,2026-07-26 16:09:00+00:00
1785082320000,19.38,19.38,19.36,19.37,63.85,2026-07-26 16:12:00+00:00
1785082500000,19.37,19.41,19.37,19.41,676.61,2026-07-26 16:15:00+00:00
1785082680000,19.41,19.45,19.41,19.42,308.29,2026-07-26 16:18:00+00:00
1785082860000,19.42,19.42,19.4,19.4,53.05,2026-07-26 16:21:00+00:00
1785083040000,19.41,19.41,19.41,19.41,2.26,2026-07-26 16:24:00+00:00
1785083220000,19.41,19.44,19.41,19.43,163.12,2026-07-26 16:27:00+00:00
1785083400000,19.44,19.46,19.44,19.46,529.28,2026-07-26 16:30:00+00:00
1785083580000,19.45,19.45,19.45,19.45,308.75,2026-07-26 16:33:00+00:00
1785083760000,19.45,19.45,19.43,19.43,833.95,2026-07-26 16:36:00+00:00
1785083940000,19.44,19.45,19.44,19.45,29.29,2026-07-26 16:39:00+00:00
1785084120000,19.46,19.46,19.45,19.45,428.31,2026-07-26 16:42:00+00:00
1785084300000,19.46,19.46,19.44,19.45,50,2026-07-26 16:45:00+00:00
1785084480000,19.46,19.47,19.43,19.43,613.17,2026-07-26 16:48:00+00:00
1785084660000,19.43,19.44,19.42,19.44,68.94,2026-07-26 16:51:00+00:00
1785084840000,19.44,19.45,19.44,19.45,63.45,2026-07-26 16:54:00+00:00
1785085020000,19.45,19.47,19.44,19.44,2670.32,2026-07-26 16:57:00+00:00
1785085200000,19.44,19.45,19.43,19.45,168.91,2026-07-26 17:00:00+00:00
1785085380000,19.45,19.45,19.41,19.41,2048.54,2026-07-26 17:03:00+00:00
1785085560000,19.41,19.41,19.39,19.41,401.83,2026-07-26 17:06:00+00:00
1785085740000,19.41,19.41,19.41,19.41,249.59,2026-07-26 17:09:00+00:00
1785085920000,19.42,19.42,19.41,19.41,37.03,2026-07-26 17:12:00+00:00
1785086100000,19.41,19.42,19.41,19.42,16.95,2026-07-26 17:15:00+00:00
1785086280000,19.41,19.41,19.4,19.4,65.42,2026-07-26 17:18:00+00:00
1785086460000,19.39,19.4,19.39,19.39,31.09,2026-07-26 17:21:00+00:00
1785086640000,19.38,19.39,19.37,19.39,1005.22,2026-07-26 17:24:00+00:00
1785086820000,19.39,19.41,19.39,19.4,44.48,2026-07-26 17:27:00+00:00
1785087000000,19.39,19.4,19.39,19.4,213.6,2026-07-26 17:30:00+00:00
1785087180000,19.39,19.41,19.39,19.39,884.17,2026-07-26 17:33:00+00:00
1785087360000,19.39,19.39,19.37,19.37,160.76,2026-07-26 17:36:00+00:00
1785087540000,19.37,19.37,19.37,19.37,9.69,2026-07-26 17:39:00+00:00
1785087720000,19.38,19.46,19.38,19.46,605.2,2026-07-26 17:42:00+00:00
1785087900000,19.46,19.5,19.46,19.48,1061.98,2026-07-26 17:45:00+00:00
1785088080000,19.47,19.47,19.42,19.43,400.61,2026-07-26 17:48:00+00:00
1785088260000,19.42,19.43,19.41,19.43,739.18,2026-07-26 17:51:00+00:00
1785088440000,19.43,19.49,19.43,19.47,730.92,2026-07-26 17:54:00+00:00
1785088620000,19.48,19.49,19.48,19.48,160.96,2026-07-26 17:57:00+00:00
1785088800000,19.48,19.5,19.48,19.5,1581.35,2026-07-26 18:00:00+00:00
1785088980000,19.49,19.49,19.48,19.48,2.41,2026-07-26 18:03:00+00:00
1785089160000,19.49,19.51,19.49,19.5,1669.38,2026-07-26 18:06:00+00:00
1785089340000,19.5,19.5,19.49,19.49,305.83,2026-07-26 18:09:00+00:00
1785089520000,19.5,19.52,19.5,19.51,361.75,2026-07-26 18:12:00+00:00
1785089700000,19.51,19.51,19.51,19.51,0.94,2026-07-26 18:15:00+00:00
1785089880000,19.51,19.51,19.47,19.48,987.8,2026-07-26 18:18:00+00:00
1785090060000,19.49,19.49,19.46,19.46,342.58,2026-07-26 18:21:00+00:00
1785090240000,19.45,19.45,19.42,19.45,158.75,2026-07-26 18:24:00+00:00
1785090420000,19.46,19.46,19.45,19.45,57.81,2026-07-26 18:27:00+00:00
1785090600000,19.45,19.45,19.45,19.45,478.27,2026-07-26 18:30:00+00:00
1785090780000,19.46,19.5,19.46,19.5,226.19,2026-07-26 18:33:00+00:00
1785090960000,19.5,19.51,19.49,19.51,69.38,2026-07-26 18:36:00+00:00
1785091140000,19.51,19.52,19.5,19.5,51,2026-07-26 18:39:00+00:00
1785091320000,19.49,19.5,19.49,19.5,49.36,2026-07-26 18:42:00+00:00
1785091500000,19.5,19.51,19.5,19.51,4.03,2026-07-26 18:45:00+00:00
1785091680000,19.51,19.53,19.51,19.52,46.72,2026-07-26 18:48:00+00:00
1785091860000,19.53,19.53,19.53,19.53,8.89,2026-07-26 18:51:00+00:00
1785092040000,19.52,19.52,19.51,19.51,636.64,2026-07-26 18:54:00+00:00
1785092220000,19.52,19.52,19.51,19.51,86.03,2026-07-26 18:57:00+00:00
1785092400000,19.51,19.52,19.5,19.5,955.36,2026-07-26 19:00:00+00:00
1785092580000,19.49,19.51,19.49,19.5,54.88,2026-07-26 19:03:00+00:00
1785092760000,19.51,19.51,19.51,19.51,8.61,2026-07-26 19:06:00+00:00
1785092940000,19.52,19.52,19.52,19.52,0.53,2026-07-26 19:09:00+00:00
1785093120000,19.51,19.52,19.51,19.51,97.04,2026-07-26 19:12:00+00:00
1785093300000,19.51,19.51,19.51,19.51,2.2,2026-07-26 19:15:00+00:00
1785093480000,19.5,19.52,19.5,19.52,220.86,2026-07-26 19:18:00+00:00
1785093660000,19.51,19.51,19.51,19.51,146.96,2026-07-26 19:21:00+00:00
1785093840000,19.51,19.51,19.49,19.5,21.27,2026-07-26 19:24:00+00:00
1785094020000,19.49,19.49,19.48,19.48,620.95,2026-07-26 19:27:00+00:00
1785094200000,19.47,19.47,19.45,19.45,274.33,2026-07-26 19:30:00+00:00
1785094380000,19.44,19.47,19.44,19.47,1520.42,2026-07-26 19:33:00+00:00
1785094560000,19.47,19.48,19.47,19.47,95.78,2026-07-26 19:36:00+00:00
1785094740000,19.47,19.47,19.47,19.47,0.54,2026-07-26 19:39:00+00:00
1785094920000,19.47,19.47,19.47,19.47,117.01,2026-07-26 19:42:00+00:00
1785095100000,19.47,19.48,19.47,19.48,183.76,2026-07-26 19:45:00+00:00
1785095280000,19.48,19.49,19.48,19.48,181.47,2026-07-26 19:48:00+00:00
1785095460000,19.47,19.47,19.45,19.45,41.49,2026-07-26 19:51:00+00:00
1785095640000,19.45,19.45,19.45,19.45,28.67,2026-07-26 19:54:00+00:00
1785095820000,19.45,19.45,19.39,19.39,348.23,2026-07-26 19:57:00+00:00
1785096000000,19.38,19.38,19.37,19.38,1252.98,2026-07-26 20:00:00+00:00
1785096180000,19.39,19.41,19.37,19.4,220.19,2026-07-26 20:03:00+00:00
1785096360000,19.39,19.39,19.38,19.38,112.69,2026-07-26 20:06:00+00:00
1785096540000,19.38,19.41,19.38,19.38,181.09,2026-07-26 20:09:00+00:00
1785096720000,19.39,19.41,19.39,19.41,17.09,2026-07-26 20:12:00+00:00
1785096900000,19.4,19.41,19.4,19.4,26.73,2026-07-26 20:15:00+00:00
1785097080000,19.4,19.42,19.4,19.41,384.1,2026-07-26 20:18:00+00:00
1785097260000,19.42,19.43,19.41,19.42,26.66,2026-07-26 20:21:00+00:00
1785097440000,19.42,19.42,19.42,19.42,0,2026-07-26 20:24:00+00:00
1785097620000,19.43,19.43,19.43,19.43,0.52,2026-07-26 20:27:00+00:00
1785097800000,19.43,19.43,19.42,19.42,224.45,2026-07-26 20:30:00+00:00
1785097980000,19.42,19.42,19.42,19.42,107.46,2026-07-26 20:33:00+00:00
1785098160000,19.43,19.43,19.42,19.42,96.26,2026-07-26 20:36:00+00:00
1785098340000,19.42,19.43,19.42,19.43,20.49,2026-07-26 20:39:00+00:00
1785098520000,19.43,19.43,19.4,19.4,1003.24,2026-07-26 20:42:00+00:00
1785098700000,19.4,19.4,19.4,19.4,483.28,2026-07-26 20:45:00+00:00
1785098880000,19.4,19.4,19.39,19.4,280.94,2026-07-26 20:48:00+00:00
1785099060000,19.41,19.41,19.4,19.4,48.34,2026-07-26 20:51:00+00:00
1785099240000,19.41,19.41,19.41,19.41,40.39,2026-07-26 20:54:00+00:00
1785099420000,19.42,19.44,19.41,19.42,771.22,2026-07-26 20:57:00+00:00
1785099600000,19.41,19.41,19.41,19.41,88.36,2026-07-26 21:00:00+00:00
1785099780000,19.42,19.42,19.38,19.38,472.78,2026-07-26 21:03:00+00:00
1785099960000,19.39,19.39,19.39,19.39,365.65,2026-07-26 21:06:00+00:00
1785100140000,19.39,19.39,19.36,19.36,58.06,2026-07-26 21:09:00+00:00
1785100320000,19.36,19.36,19.35,19.35,688.82,2026-07-26 21:12:00+00:00
1785100500000,19.35,19.37,19.35,19.36,575.69,2026-07-26 21:15:00+00:00
1785100680000,19.36,19.37,19.36,19.37,48.93,2026-07-26 21:18:00+00:00
1785100860000,19.37,19.39,19.37,19.39,66.88,2026-07-26 21:21:00+00:00
1785101040000,19.39,19.41,19.39,19.41,57.7,2026-07-26 21:24:00+00:00
1785101220000,19.41,19.46,19.41,19.46,300.55,2026-07-26 21:27:00+00:00
1785101400000,19.45,19.45,19.44,19.44,462.27,2026-07-26 21:30:00+00:00
1785101580000,19.43,19.43,19.41,19.41,101.95,2026-07-26 21:33:00+00:00
1785101760000,19.4,19.41,19.4,19.41,1.53,2026-07-26 21:36:00+00:00
1785101940000,19.41,19.42,19.4,19.42,1246.75,2026-07-26 21:39:00+00:00
1785102120000,19.42,19.44,19.41,19.44,334.86,2026-07-26 21:42:00+00:00
1785102300000,19.45,19.45,19.42,19.42,46.8,2026-07-26 21:45:00+00:00
1785102480000,19.43,19.43,19.43,19.43,1553.49,2026-07-26 21:48:00+00:00
1785102660000,19.43,19.44,19.43,19.44,1.06,2026-07-26 21:51:00+00:00
1785102840000,19.44,19.47,19.44,19.47,321.02,2026-07-26 21:54:00+00:00
1785103020000,19.46,19.52,19.42,19.45,783.6,2026-07-26 21:57:00+00:00
1785103200000,19.46,19.72,19.42,19.7,23926.73,2026-07-26 22:00:00+00:00
1785103380000,19.7,19.85,19.67,19.74,22146.05,2026-07-26 22:03:00+00:00
1785103560000,19.74,19.81,19.71,19.76,4001.06,2026-07-26 22:06:00+00:00
1785103740000,19.76,19.81,19.68,19.68,6617.94,2026-07-26 22:09:00+00:00
1785103920000,19.68,19.84,19.62,19.79,3079.66,2026-07-26 22:12:00+00:00
1785104100000,19.79,19.86,19.76,19.79,5146.31,2026-07-26 22:15:00+00:00
1785104280000,19.78,19.86,19.76,19.84,1878.21,2026-07-26 22:18:00+00:00
1785104460000,19.83,19.88,19.79,19.85,2037.91,2026-07-26 22:21:00+00:00
1785104640000,19.85,20,19.84,19.98,5550.32,2026-07-26 22:24:00+00:00
1785104820000,19.99,20,19.9,20,2211.96,2026-07-26 22:27:00+00:00
1785105000000,20,20.09,19.98,20.05,5399.1,2026-07-26 22:30:00+00:00
1785105180000,20.05,20.07,19.94,19.95,4933.38,2026-07-26 22:33:00+00:00
1785105360000,19.95,19.96,19.89,19.94,2232.42,2026-07-26 22:36:00+00:00
1785105540000,19.93,20,19.93,20,5081.17,2026-07-26 22:39:00+00:00
1785105720000,20.01,20.01,19.9,19.9,1905.26,2026-07-26 22:42:00+00:00
1785105900000,19.9,19.94,19.83,19.91,5277.65,2026-07-26 22:45:00+00:00
1785106080000,19.92,19.99,19.92,19.96,2020.74,2026-07-26 22:48:00+00:00
1785106260000,19.96,19.97,19.88,19.9,1519.12,2026-07-26 22:51:00+00:00
1785106440000,19.9,20.03,19.84,20,4467.4,2026-07-26 22:54:00+00:00
1785106620000,19.99,20,19.92,19.99,2122.72,2026-07-26 22:57:00+00:00
1785106800000,20,20.25,19.99,20.2,19988.46,2026-07-26 23:00:00+00:00
1785106980000,20.2,20.3,20.15,20.29,8152.99,2026-07-26 23:03:00+00:00
1785107160000,20.29,20.38,20.27,20.3,9598.67,2026-07-26 23:06:00+00:00
1785107340000,20.3,20.38,20.29,20.34,3455.56,2026-07-26 23:09:00+00:00
1785107520000,20.34,20.34,20.28,20.29,4342.05,2026-07-26 23:12:00+00:00
1785107700000,20.29,20.36,20.25,20.26,4591.91,2026-07-26 23:15:00+00:00
1785107880000,20.26,20.32,20.25,20.29,1996.23,2026-07-26 23:18:00+00:00
1785108060000,20.29,20.3,20.22,20.28,4804.27,2026-07-26 23:21:00+00:00
1785108240000,20.28,20.29,20.23,20.28,2290.61,2026-07-26 23:24:00+00:00
1785108420000,20.28,20.35,20.27,20.31,1598.25,2026-07-26 23:27:00+00:00
1785108600000,20.32,20.34,20.26,20.32,5968.85,2026-07-26 23:30:00+00:00
1785108780000,20.32,20.33,20.23,20.23,3541.27,2026-07-26 23:33:00+00:00
1785108960000,20.24,20.24,20.06,20.07,6766.18,2026-07-26 23:36:00+00:00
1785109140000,20.08,20.09,19.94,20.09,6715.37,2026-07-26 23:39:00+00:00
1785109320000,20.09,20.21,20.07,20.16,4899.05,2026-07-26 23:42:00+00:00
1785109500000,20.17,20.38,20.09,20.31,11375.66,2026-07-26 23:45:00+00:00
1785109680000,20.31,20.32,20.22,20.27,6798.44,2026-07-26 23:48:00+00:00
1785109860000,20.26,20.3,20.22,20.25,2677.65,2026-07-26 23:51:00+00:00
1785110040000,20.25,20.25,20.13,20.21,2664.31,2026-07-26 23:54:00+00:00
1785110220000,20.21,20.27,20.16,20.22,4277.3,2026-07-26 23:57:00+00:00
1785110400000,20.22,20.54,19.89,19.91,41714.42,2026-07-27 00:00:00+00:00
1785110580000,19.91,19.99,19.73,19.81,30488.62,2026-07-27 00:03:00+00:00
1785110760000,19.81,19.86,19.39,19.45,22216.14,2026-07-27 00:06:00+00:00
1785110940000,19.46,19.64,19.41,19.59,15587.31,2026-07-27 00:09:00+00:00
1785111120000,19.6,19.84,19.5,19.73,10892.07,2026-07-27 00:12:00+00:00
1785111300000,19.72,19.78,19.55,19.61,8727.46,2026-07-27 00:15:00+00:00
1785111480000,19.61,19.62,19.38,19.58,12593.78,2026-07-27 00:18:00+00:00
1785111660000,19.58,19.8,19.55,19.73,7655.63,2026-07-27 00:21:00+00:00
1785111840000,19.73,19.93,19.7,19.91,11674,2026-07-27 00:24:00+00:00
1785112020000,19.9,19.97,19.75,19.88,9756.38,2026-07-27 00:27:00+00:00
1785112200000,19.88,19.99,19.79,19.91,5529.62,2026-07-27 00:30:00+00:00
1785112380000,19.91,19.93,19.64,19.68,7604.34,2026-07-27 00:33:00+00:00
1785112560000,19.67,19.7,19.56,19.64,7006.33,2026-07-27 00:36:00+00:00
1785112740000,19.64,19.66,19.53,19.6,3230.9,2026-07-27 00:39:00+00:00
1785112920000,19.61,19.61,19.41,19.41,7651.94,2026-07-27 00:42:00+00:00
1785113100000,19.42,19.76,19.42,19.69,5998.29,2026-07-27 00:45:00+00:00
1785113280000,19.69,19.87,19.64,19.84,5099.26,2026-07-27 00:48:00+00:00
1785113460000,19.85,20.02,19.84,19.93,10778.84,2026-07-27 00:51:00+00:00
1785113640000,19.93,19.95,19.6,19.65,10054.45,2026-07-27 00:54:00+00:00
1785113820000,19.66,19.72,19.47,19.5,6498.16,2026-07-27 00:57:00+00:00
1785114000000,19.5,19.63,19.47,19.52,2699.29,2026-07-27 01:00:00+00:00
1785114180000,19.52,19.52,19.18,19.3,25695.09,2026-07-27 01:03:00+00:00
1785114360000,19.3,19.44,19.28,19.3,4522.38,2026-07-27 01:06:00+00:00
1785114540000,19.3,19.38,19.12,19.12,9369.26,2026-07-27 01:09:00+00:00
1785114720000,19.11,19.19,18.97,19.02,15096.61,2026-07-27 01:12:00+00:00
1785114900000,19.02,19.03,18.87,18.89,10317.37,2026-07-27 01:15:00+00:00
1785115080000,18.89,18.91,18.65,18.73,24151.26,2026-07-27 01:18:00+00:00
1785115260000,18.73,18.74,18.53,18.56,11223.61,2026-07-27 01:21:00+00:00
1785115440000,18.57,18.63,18.37,18.42,20057.72,2026-07-27 01:24:00+00:00
1785115620000,18.42,18.57,18.31,18.36,15401.92,2026-07-27 01:27:00+00:00
1785115800000,18.37,18.89,18.37,18.87,27465.44,2026-07-27 01:30:00+00:00
1785115980000,18.87,18.96,18.63,18.65,14186.41,2026-07-27 01:33:00+00:00
1785116160000,18.65,18.94,18.59,18.91,29195.98,2026-07-27 01:36:00+00:00
1785116340000,18.91,19.06,18.91,18.91,7005.04,2026-07-27 01:39:00+00:00
1785116520000,18.91,19.02,18.7,18.8,6569.22,2026-07-27 01:42:00+00:00
1785116700000,18.79,18.92,18.63,18.83,4477.22,2026-07-27 01:45:00+00:00
1785116880000,18.83,18.92,18.68,18.69,5014.19,2026-07-27 01:48:00+00:00
1785117060000,18.69,18.79,18.57,18.59,5995.42,2026-07-27 01:51:00+00:00
1785117240000,18.6,18.63,18.47,18.58,13087.48,2026-07-27 01:54:00+00:00
1785117420000,18.57,18.94,18.55,18.9,8886.75,2026-07-27 01:57:00+00:00
1785117600000,18.91,18.97,18.64,18.65,9111.64,2026-07-27 02:00:00+00:00
1785117780000,18.65,18.71,18.52,18.58,6633.19,2026-07-27 02:03:00+00:00
1785117960000,18.57,18.65,18.5,18.61,6452.25,2026-07-27 02:06:00+00:00
1785118140000,18.61,18.68,18.52,18.57,2395.18,2026-07-27 02:09:00+00:00
1785118320000,18.56,18.67,18.52,18.61,5965.04,2026-07-27 02:12:00+00:00
1785118500000,18.61,18.77,18.57,18.71,6003.08,2026-07-27 02:15:00+00:00
1785118680000,18.71,18.82,18.66,18.67,4993.35,2026-07-27 02:18:00+00:00
1785118860000,18.66,18.76,18.55,18.62,2323.09,2026-07-27 02:21:00+00:00
1785119040000,18.62,18.93,18.61,18.84,4926.99,2026-07-27 02:24:00+00:00
1785119220000,18.83,19.07,18.78,18.95,8819.87,2026-07-27 02:27:00+00:00
1785119400000,18.96,18.96,18.6,18.64,5050.1,2026-07-27 02:30:00+00:00
1785119580000,18.65,18.72,18.62,18.71,2739.94,2026-07-27 02:33:00+00:00
1785119760000,18.7,18.87,18.7,18.86,2591.21,2026-07-27 02:36:00+00:00
1785119940000,18.87,19.02,18.83,19.01,5141.88,2026-07-27 02:39:00+00:00
1785120120000,19,19,18.8,18.88,3864.93,2026-07-27 02:42:00+00:00
1785120300000,18.88,18.96,18.81,18.81,1756.89,2026-07-27 02:45:00+00:00
1785120480000,18.82,18.82,18.57,18.61,4706.18,2026-07-27 02:48:00+00:00
1785120660000,18.6,18.72,18.57,18.64,3404.48,2026-07-27 02:51:00+00:00
1785120840000,18.64,18.72,18.59,18.64,1034.64,2026-07-27 02:54:00+00:00
1785121020000,18.63,18.73,18.63,18.68,1907.06,2026-07-27 02:57:00+00:00
1785121200000,18.67,18.84,18.65,18.73,2590.73,2026-07-27 03:00:00+00:00
1785121380000,18.74,18.78,18.63,18.77,3337.42,2026-07-27 03:03:00+00:00
1785121560000,18.76,18.87,18.67,18.71,8106.27,2026-07-27 03:06:00+00:00
1785121740000,18.7,18.79,18.59,18.79,4564.02,2026-07-27 03:09:00+00:00
1785121920000,18.78,18.98,18.77,18.96,3963.38,2026-07-27 03:12:00+00:00
1785122100000,18.97,19.08,18.93,19.05,5767.94,2026-07-27 03:15:00+00:00
1785122280000,19.06,19.23,19,19.19,8091.43,2026-07-27 03:18:00+00:00
1785122460000,19.19,19.24,19.04,19.05,4468.14,2026-07-27 03:21:00+00:00
1785122640000,19.05,19.17,19.04,19.16,9247.31,2026-07-27 03:24:00+00:00
1785122820000,19.15,19.24,18.97,18.97,13360.91,2026-07-27 03:27:00+00:00
1785123000000,18.97,18.99,18.77,18.94,5676.08,2026-07-27 03:30:00+00:00
1785123180000,18.94,18.99,18.87,18.92,1603.63,2026-07-27 03:33:00+00:00
1785123360000,18.91,18.95,18.85,18.9,5611.66,2026-07-27 03:36:00+00:00
1785123540000,18.9,18.92,18.78,18.91,2942.28,2026-07-27 03:39:00+00:00
1785123720000,18.91,19,18.81,18.82,1992.75,2026-07-27 03:42:00+00:00
1785123900000,18.81,18.84,18.69,18.74,2593.99,2026-07-27 03:45:00+00:00
1785124080000,18.73,18.74,18.62,18.68,5942.17,2026-07-27 03:48:00+00:00
1785124260000,18.67,18.72,18.63,18.7,2505.96,2026-07-27 03:51:00+00:00
1785124440000,18.69,18.83,18.62,18.74,3523.01,2026-07-27 03:54:00+00:00
1785124620000,18.73,18.8,18.7,18.75,1750.18,2026-07-27 03:57:00+00:00
1785124800000,18.75,18.83,18.68,18.75,4034,2026-07-27 04:00:00+00:00
1785124980000,18.75,18.85,18.73,18.78,3051.3,2026-07-27 04:03:00+00:00
1785125160000,18.79,18.92,18.79,18.82,2888.64,2026-07-27 04:06:00+00:00
1785125340000,18.81,18.83,18.73,18.8,1405.59,2026-07-27 04:09:00+00:00
1785125520000,18.81,18.95,18.81,18.93,2694.26,2026-07-27 04:12:00+00:00
1785125700000,18.93,19.1,18.87,19.01,4014.01,2026-07-27 04:15:00+00:00
1785125880000,19.02,19.19,18.99,19.19,5551.87,2026-07-27 04:18:00+00:00
1785126060000,19.19,19.27,19.16,19.17,10043.99,2026-07-27 04:21:00+00:00
1785126240000,19.18,19.18,18.94,18.97,7752.04,2026-07-27 04:24:00+00:00
1785126420000,18.98,19,18.85,18.95,3628.53,2026-07-27 04:27:00+00:00
1785126600000,18.95,18.99,18.88,18.9,2173.44,2026-07-27 04:30:00+00:00
1785126780000,18.89,19.08,18.89,19.04,1910.98,2026-07-27 04:33:00+00:00
1785126960000,19.04,19.12,19,19.07,1736.42,2026-07-27 04:36:00+00:00
1785127140000,19.06,19.18,19.02,19.17,2115.82,2026-07-27 04:39:00+00:00
1785127320000,19.17,19.27,19.14,19.23,6891.27,2026-07-27 04:42:00+00:00
1785127500000,19.24,19.26,19.19,19.22,1689.31,2026-07-27 04:45:00+00:00
1785127680000,19.22,19.29,19.19,19.19,2741.15,2026-07-27 04:48:00+00:00
1785127860000,19.18,19.32,19.14,19.27,4399.71,2026-07-27 04:51:00+00:00
1785128040000,19.27,19.37,19.22,19.35,4323.86,2026-07-27 04:54:00+00:00
1785128220000,19.35,19.36,19.23,19.24,1638.09,2026-07-27 04:57:00+00:00
1785128400000,19.24,19.39,19.18,19.32,5569.84,2026-07-27 05:00:00+00:00
1785128580000,19.32,19.34,19.23,19.25,4819.97,2026-07-27 05:03:00+00:00
1785128760000,19.25,19.39,19.22,19.34,6756.77,2026-07-27 05:06:00+00:00
1785128940000,19.34,19.52,19.31,19.46,5772.27,2026-07-27 05:09:00+00:00
1785129120000,19.46,19.47,19.38,19.42,3403.46,2026-07-27 05:12:00+00:00
1785129300000,19.41,19.46,19.33,19.43,2682.19,2026-07-27 05:15:00+00:00
1785129480000,19.43,19.55,19.41,19.54,2671.15,2026-07-27 05:18:00+00:00
1785129660000,19.54,19.63,19.5,19.58,5820.3,2026-07-27 05:21:00+00:00
1785129840000,19.58,19.58,19.44,19.47,2541.11,2026-07-27 05:24:00+00:00
1785130020000,19.47,19.59,19.47,19.57,6470.35,2026-07-27 05:27:00+00:00
1785130200000,19.58,19.64,19.5,19.56,2807.03,2026-07-27 05:30:00+00:00
1785130380000,19.56,19.6,19.46,19.59,3442.79,2026-07-27 05:33:00+00:00
1785130560000,19.58,19.59,19.41,19.49,6628.01,2026-07-27 05:36:00+00:00
1785130740000,19.49,19.62,19.48,19.52,4754.29,2026-07-27 05:39:00+00:00
1785130920000,19.51,19.58,19.48,19.49,2993.09,2026-07-27 05:42:00+00:00
1785131100000,19.49,19.53,19.41,19.45,5051.33,2026-07-27 05:45:00+00:00
1785131280000,19.45,19.52,19.38,19.39,3748.36,2026-07-27 05:48:00+00:00
1785131460000,19.39,19.45,19.35,19.41,2900.96,2026-07-27 05:51:00+00:00
1785131640000,19.41,19.44,19.39,19.39,826.51,2026-07-27 05:54:00+00:00
1785131820000,19.39,19.52,19.39,19.44,1333.04,2026-07-27 05:57:00+00:00
1785132000000,19.45,19.54,19.41,19.51,2226.42,2026-07-27 06:00:00+00:00
1785132180000,19.51,19.6,19.46,19.55,1642.71,2026-07-27 06:03:00+00:00
1785132360000,19.55,19.67,19.55,19.67,7340.45,2026-07-27 06:06:00+00:00
1785132540000,19.67,19.76,19.67,19.69,4259.39,2026-07-27 06:09:00+00:00
1785132720000,19.68,19.74,19.63,19.64,6127.78,2026-07-27 06:12:00+00:00
1785132900000,19.65,19.73,19.6,19.67,2354.16,2026-07-27 06:15:00+00:00
1785133080000,19.67,19.75,19.63,19.65,7400.26,2026-07-27 06:18:00+00:00
1785133260000,19.64,19.68,19.59,19.61,3944.49,2026-07-27 06:21:00+00:00
1785133440000,19.6,19.61,19.55,19.55,2514.98,2026-07-27 06:24:00+00:00
1785133620000,19.56,19.59,19.55,19.55,1251.13,2026-07-27 06:27:00+00:00
1785133800000,19.54,19.6,19.54,19.58,707.45,2026-07-27 06:30:00+00:00
1785133980000,19.59,19.6,19.55,19.58,1385.41,2026-07-27 06:33:00+00:00
1785134160000,19.57,19.59,19.55,19.57,1106.22,2026-07-27 06:36:00+00:00
1785134340000,19.56,19.62,19.54,19.61,686.04,2026-07-27 06:39:00+00:00
1785134520000,19.61,19.62,19.57,19.57,845.42,2026-07-27 06:42:00+00:00
1785134700000,19.57,19.57,19.49,19.56,3165.06,2026-07-27 06:45:00+00:00
1785134880000,19.56,19.57,19.53,19.53,650.82,2026-07-27 06:48:00+00:00
1785135060000,19.53,19.56,19.51,19.56,496.17,2026-07-27 06:51:00+00:00
1785135240000,19.56,19.58,19.56,19.58,669.02,2026-07-27 06:54:00+00:00
1785135420000,19.58,19.59,19.57,19.59,613,2026-07-27 06:57:00+00:00
1785135600000,19.58,19.71,19.56,19.71,3443.76,2026-07-27 07:00:00+00:00
1785135780000,19.71,19.76,19.67,19.69,1208.73,2026-07-27 07:03:00+00:00
1785135960000,19.69,19.69,19.59,19.6,689.38,2026-07-27 07:06:00+00:00
1785136140000,19.6,19.66,19.6,19.66,756.26,2026-07-27 07:09:00+00:00
1785136320000,19.66,19.71,19.63,19.7,612.95,2026-07-27 07:12:00+00:00
1785136500000,19.71,19.71,19.66,19.66,995.46,2026-07-27 07:15:00+00:00
1785136680000,19.66,19.68,19.66,19.66,258.61,2026-07-27 07:18:00+00:00
1785136860000,19.66,19.67,19.64,19.64,1212.58,2026-07-27 07:21:00+00:00
1785137040000,19.65,19.69,19.64,19.68,2795,2026-07-27 07:24:00+00:00
1785137220000,19.67,19.72,19.65,19.68,2760.27,2026-07-27 07:27:00+00:00
1785137400000,19.67,19.67,19.64,19.67,2185,2026-07-27 07:30:00+00:00
1785137580000,19.67,19.69,19.66,19.66,649.46,2026-07-27 07:33:00+00:00
1785137760000,19.66,19.66,19.64,19.64,939.49,2026-07-27 07:36:00+00:00
1785137940000,19.64,19.66,19.64,19.66,215.52,2026-07-27 07:39:00+00:00
1785138120000,19.67,19.67,19.58,19.61,2497.89,2026-07-27 07:42:00+00:00
1785138300000,19.62,19.68,19.6,19.67,1425.17,2026-07-27 07:45:00+00:00
1785138480000,19.68,19.68,19.62,19.63,174.74,2026-07-27 07:48:00+00:00
1785138660000,19.62,19.63,19.58,19.6,696.93,2026-07-27 07:51:00+00:00
1785138840000,19.59,19.6,19.56,19.57,363.66,2026-07-27 07:54:00+00:00
1785139020000,19.58,19.6,19.55,19.57,278.79,2026-07-27 07:57:00+00:00
1785139200000,19.58,19.65,19.51,19.65,4678.1,2026-07-27 08:00:00+00:00
1785139380000,19.65,19.67,19.53,19.54,6770.36,2026-07-27 08:03:00+00:00
1785139560000,19.54,19.58,19.52,19.55,2666.13,2026-07-27 08:06:00+00:00
1785139740000,19.56,19.57,19.5,19.5,5456.65,2026-07-27 08:09:00+00:00
1785139920000,19.5,19.54,19.47,19.54,2154.65,2026-07-27 08:12:00+00:00
1785140100000,19.55,19.59,19.51,19.56,6585.44,2026-07-27 08:15:00+00:00
1785140280000,19.56,19.61,19.55,19.59,907.87,2026-07-27 08:18:00+00:00
1785140460000,19.59,19.62,19.57,19.61,497.27,2026-07-27 08:21:00+00:00
1785140640000,19.61,19.61,19.56,19.56,1393.02,2026-07-27 08:24:00+00:00
1785140820000,19.57,19.65,19.57,19.63,644.35,2026-07-27 08:27:00+00:00
1785141000000,19.64,19.65,19.61,19.65,1251.24,2026-07-27 08:30:00+00:00
1785141180000,19.64,19.64,19.57,19.59,1044.71,2026-07-27 08:33:00+00:00
1785141360000,19.6,19.62,19.58,19.59,639.66,2026-07-27 08:36:00+00:00
1785141540000,19.59,19.61,19.58,19.6,345.61,2026-07-27 08:39:00+00:00
1785141720000,19.61,19.65,19.61,19.62,1059.5,2026-07-27 08:42:00+00:00
1785141900000,19.63,19.63,19.6,19.61,288.11,2026-07-27 08:45:00+00:00
1785142080000,19.61,19.63,19.59,19.62,569.32,2026-07-27 08:48:00+00:00
1785142260000,19.62,19.63,19.61,19.62,280.44,2026-07-27 08:51:00+00:00
1785142440000,19.63,19.71,19.62,19.67,3368.02,2026-07-27 08:54:00+00:00
1785142620000,19.68,19.7,19.67,19.67,359.06,2026-07-27 08:57:00+00:00
1785142800000,19.67,19.67,19.58,19.6,2089.25,2026-07-27 09:00:00+00:00
1785142980000,19.6,19.61,19.57,19.57,452.45,2026-07-27 09:03:00+00:00
1785143160000,19.57,19.58,19.54,19.55,2997.63,2026-07-27 09:06:00+00:00
1785143340000,19.55,19.61,19.55,19.59,1638.73,2026-07-27 09:09:00+00:00
1785143520000,19.59,19.62,19.59,19.6,237.36,2026-07-27 09:12:00+00:00
1785143700000,19.61,19.63,19.59,19.6,578.18,2026-07-27 09:15:00+00:00
1785143880000,19.61,19.61,19.58,19.6,269.78,2026-07-27 09:18:00+00:00
1785144060000,19.6,19.62,19.59,19.59,173.45,2026-07-27 09:21:00+00:00
1785144240000,19.61,19.67,19.61,19.65,449.13,2026-07-27 09:24:00+00:00
1785144420000,19.66,19.66,19.64,19.64,385.69,2026-07-27 09:27:00+00:00
1785144600000,19.64,19.73,19.64,19.71,812.15,2026-07-27 09:30:00+00:00
1785144780000,19.71,19.76,19.68,19.74,2728.57,2026-07-27 09:33:00+00:00
1785144960000,19.75,19.75,19.7,19.72,4034.26,2026-07-27 09:36:00+00:00
1785145140000,19.72,19.75,19.71,19.73,844.9,2026-07-27 09:39:00+00:00
1785145320000,19.74,19.78,19.74,19.76,631.32,2026-07-27 09:42:00+00:00
1785145500000,19.77,19.79,19.76,19.78,516.54,2026-07-27 09:45:00+00:00
1785145680000,19.78,19.82,19.76,19.82,1143.08,2026-07-27 09:48:00+00:00
1785145860000,19.82,19.87,19.81,19.86,2859.08,2026-07-27 09:51:00+00:00
1785146040000,19.86,19.87,19.83,19.86,1284.27,2026-07-27 09:54:00+00:00
1785146220000,19.85,19.85,19.82,19.82,344.8,2026-07-27 09:57:00+00:00
1785146400000,19.82,19.85,19.79,19.8,4548.76,2026-07-27 10:00:00+00:00
1785146580000,19.8,19.82,19.78,19.78,386.98,2026-07-27 10:03:00+00:00
1785146760000,19.79,19.8,19.75,19.77,279.37,2026-07-27 10:06:00+00:00
1785146940000,19.77,19.77,19.7,19.71,1298.97,2026-07-27 10:09:00+00:00
1785147120000,19.71,19.74,19.7,19.73,297.31,2026-07-27 10:12:00+00:00
1785147300000,19.73,19.75,19.71,19.71,358.43,2026-07-27 10:15:00+00:00
1785147480000,19.71,19.71,19.66,19.68,1877.34,2026-07-27 10:18:00+00:00
1785147660000,19.67,19.69,19.67,19.69,385.84,2026-07-27 10:21:00+00:00
1785147840000,19.68,19.68,19.65,19.66,484.96,2026-07-27 10:24:00+00:00
1785148020000,19.67,19.7,19.67,19.69,404.95,2026-07-27 10:27:00+00:00
1785148200000,19.68,19.72,19.68,19.69,609.72,2026-07-27 10:30:00+00:00
1785148380000,19.68,19.69,19.65,19.66,172.93,2026-07-27 10:33:00+00:00
1785148560000,19.65,19.67,19.59,19.6,2101.33,2026-07-27 10:36:00+00:00
1785148740000,19.58,19.6,19.57,19.59,1542.25,2026-07-27 10:39:00+00:00
1785148920000,19.59,19.69,19.59,19.66,510.72,2026-07-27 10:42:00+00:00
1785149100000,19.65,19.68,19.65,19.67,945.42,2026-07-27 10:45:00+00:00
1785149280000,19.66,19.71,19.65,19.71,1219.01,2026-07-27 10:48:00+00:00
1785149460000,19.71,19.73,19.7,19.71,563.96,2026-07-27 10:51:00+00:00
1785149640000,19.71,19.78,19.7,19.71,767.38,2026-07-27 10:54:00+00:00
1785149820000,19.7,19.7,19.68,19.69,233.86,2026-07-27 10:57:00+00:00
1785150000000,19.68,19.68,19.53,19.53,4356.51,2026-07-27 11:00:00+00:00
1785150180000,19.53,19.58,19.49,19.56,3623.63,2026-07-27 11:03:00+00:00
1785150360000,19.56,19.58,19.53,19.58,796.72,2026-07-27 11:06:00+00:00
1785150540000,19.57,19.57,19.52,19.52,1348.5,2026-07-27 11:09:00+00:00
1785150720000,19.51,19.54,19.49,19.52,571.96,2026-07-27 11:12:00+00:00
1785150900000,19.51,19.53,19.49,19.53,304.26,2026-07-27 11:15:00+00:00
1785151080000,19.53,19.53,19.46,19.47,1076.56,2026-07-27 11:18:00+00:00
1785151260000,19.48,19.48,19.41,19.43,2412.4,2026-07-27 11:21:00+00:00
1785151440000,19.42,19.47,19.39,19.39,2895.56,2026-07-27 11:24:00+00:00
1785151620000,19.38,19.41,19.27,19.27,5182.19,2026-07-27 11:27:00+00:00
1785151800000,19.28,19.4,19.27,19.32,9643.12,2026-07-27 11:30:00+00:00
1785151980000,19.31,19.35,19.29,19.33,2432.6,2026-07-27 11:33:00+00:00
1785152160000,19.33,19.41,19.33,19.39,855.34,2026-07-27 11:36:00+00:00
1785152340000,19.38,19.42,19.37,19.4,708.51,2026-07-27 11:39:00+00:00
1785152520000,19.4,19.42,19.34,19.37,5878.69,2026-07-27 11:42:00+00:00
1785152700000,19.38,19.43,19.37,19.41,1156.26,2026-07-27 11:45:00+00:00
1785152880000,19.4,19.44,19.38,19.43,498.6,2026-07-27 11:48:00+00:00
1785153060000,19.43,19.43,19.38,19.38,479.04,2026-07-27 11:51:00+00:00
1785153240000,19.38,19.4,19.36,19.4,442.45,2026-07-27 11:54:00+00:00
1785153420000,19.38,19.43,19.38,19.42,386.71,2026-07-27 11:57:00+00:00
1785153600000,19.41,19.49,19.41,19.49,3930.64,2026-07-27 12:00:00+00:00
1785153780000,19.48,19.52,19.47,19.48,760.75,2026-07-27 12:03:00+00:00
1785153960000,19.48,19.52,19.48,19.48,430.4,2026-07-27 12:06:00+00:00
1785154140000,19.47,19.47,19.28,19.33,2469.72,2026-07-27 12:09:00+00:00
1785154320000,19.33,19.35,19.23,19.27,9312.96,2026-07-27 12:12:00+00:00
1785154500000,19.27,19.34,19.26,19.31,2820.23,2026-07-27 12:15:00+00:00
1785154680000,19.31,19.32,19.2,19.26,3925.52,2026-07-27 12:18:00+00:00
1785154860000,19.27,19.28,19.21,19.26,3384.14,2026-07-27 12:21:00+00:00
1785155040000,19.26,19.27,19.24,19.24,438.4,2026-07-27 12:24:00+00:00
1785155220000,19.23,19.3,19.23,19.26,159.75,2026-07-27 12:27:00+00:00
1785155400000,19.27,19.28,19.14,19.14,6790.37,2026-07-27 12:30:00+00:00
1785155580000,19.14,19.31,19.12,19.29,1394.95,2026-07-27 12:33:00+00:00
1785155760000,19.28,19.32,19.25,19.32,1182.84,2026-07-27 12:36:00+00:00
1785155940000,19.32,19.32,19.28,19.31,1485.45,2026-07-27 12:39:00+00:00
1785156120000,19.31,19.32,19.28,19.31,1448.72,2026-07-27 12:42:00+00:00
1785156300000,19.31,19.37,19.29,19.37,5121.62,2026-07-27 12:45:00+00:00
1785156480000,19.36,19.38,19.35,19.38,670.86,2026-07-27 12:48:00+00:00
1785156660000,19.38,19.42,19.33,19.42,1239,2026-07-27 12:51:00+00:00
1785156840000,19.42,19.44,19.4,19.43,1033.9,2026-07-27 12:54:00+00:00
1785157020000,19.42,19.47,19.39,19.47,933.94,2026-07-27 12:57:00+00:00
1785157200000,19.46,19.52,19.33,19.41,5056.21,2026-07-27 13:00:00+00:00
1785157380000,19.42,19.46,19.36,19.37,2127.96,2026-07-27 13:03:00+00:00
1785157560000,19.37,19.37,19.26,19.28,2258.31,2026-07-27 13:06:00+00:00
1785157740000,19.28,19.35,19.24,19.34,2343.04,2026-07-27 13:09:00+00:00
1785157920000,19.35,19.39,19.34,19.34,912.43,2026-07-27 13:12:00+00:00
1785158100000,19.34,19.38,19.26,19.31,1748.05,2026-07-27 13:15:00+00:00
1785158280000,19.31,19.31,19.19,19.21,2379.33,2026-07-27 13:18:00+00:00
1785158460000,19.22,19.26,19.19,19.26,1847.26,2026-07-27 13:21:00+00:00
1785158640000,19.27,19.27,19.18,19.19,2347.65,2026-07-27 13:24:00+00:00
1785158820000,19.18,19.2,19.02,19.03,8543.7,2026-07-27 13:27:00+00:00
1785159000000,19.03,19.17,18.52,18.53,41963.48,2026-07-27 13:30:00+00:00
1785159180000,18.52,18.85,18.5,18.85,16962.25,2026-07-27 13:33:00+00:00
1785159360000,18.86,18.98,18.68,18.71,18985.22,2026-07-27 13:36:00+00:00
1785159540000,18.71,18.81,18.62,18.71,16050.09,2026-07-27 13:39:00+00:00
1785159720000,18.7,18.75,18.38,18.55,22534,2026-07-27 13:42:00+00:00
1785159900000,18.55,18.65,18.45,18.47,12143.22,2026-07-27 13:45:00+00:00
1785160080000,18.46,18.59,18.38,18.54,7401.59,2026-07-27 13:48:00+00:00
1785160260000,18.53,18.67,18.43,18.5,13434.5,2026-07-27 13:51:00+00:00
1785160440000,18.5,18.54,18.09,18.13,22238.34,2026-07-27 13:54:00+00:00
1785160620000,18.13,18.14,17.86,17.99,27559.89,2026-07-27 13:57:00+00:00
1785160800000,18,18.04,17.74,17.87,19460.94,2026-07-27 14:00:00+00:00
1785160980000,17.88,17.98,17.73,17.77,17469.86,2026-07-27 14:03:00+00:00
1785161160000,17.77,17.93,17.66,17.88,13345.87,2026-07-27 14:06:00+00:00
1785161340000,17.89,17.92,17.47,17.59,21522.63,2026-07-27 14:09:00+00:00
1785161520000,17.59,17.73,17.44,17.53,15139.55,2026-07-27 14:12:00+00:00
1785161700000,17.53,17.71,17.48,17.5,29761.79,2026-07-27 14:15:00+00:00
1785161880000,17.49,17.68,17.44,17.45,15009.89,2026-07-27 14:18:00+00:00
1785162060000,17.45,17.6,17.32,17.34,22571.99,2026-07-27 14:21:00+00:00
1785162240000,17.36,17.39,17.07,17.17,24323.03,2026-07-27 14:24:00+00:00
1785162420000,17.18,17.2,16.85,16.87,26374.7,2026-07-27 14:27:00+00:00
1785162600000,16.88,16.94,16.65,16.77,44976.13,2026-07-27 14:30:00+00:00
1785162780000,16.78,16.81,16.51,16.67,45084.65,2026-07-27 14:33:00+00:00
1785162960000,16.68,16.76,16.57,16.62,25534.56,2026-07-27 14:36:00+00:00
1785163140000,16.62,16.63,16.23,16.35,70773.41,2026-07-27 14:39:00+00:00
1785163320000,16.35,16.45,16.17,16.22,35996.24,2026-07-27 14:42:00+00:00
1785163500000,16.22,16.56,16.22,16.48,25217.13,2026-07-27 14:45:00+00:00
1785163680000,16.48,16.78,16.43,16.74,36236.66,2026-07-27 14:48:00+00:00
1785163860000,16.74,16.82,16.58,16.71,70258.01,2026-07-27 14:51:00+00:00
1785164040000,16.71,16.81,16.56,16.79,40331.75,2026-07-27 14:54:00+00:00
1785164220000,16.79,16.86,16.71,16.83,25383.29,2026-07-27 14:57:00+00:00
1785164400000,16.83,16.89,16.69,16.72,24209,2026-07-27 15:00:00+00:00
1785164580000,16.73,16.89,16.73,16.88,22455.33,2026-07-27 15:03:00+00:00
1785164760000,16.87,16.91,16.66,16.82,31145.72,2026-07-27 15:06:00+00:00
1785164940000,16.82,16.82,16.71,16.75,20411.38,2026-07-27 15:09:00+00:00
1785165120000,16.75,16.83,16.67,16.74,17049.6,2026-07-27 15:12:00+00:00
1785165300000,16.73,16.76,16.52,16.56,20125.87,2026-07-27 15:15:00+00:00
1785165480000,16.56,16.66,16.25,16.63,36331.33,2026-07-27 15:18:00+00:00
1785165660000,16.64,16.74,16.47,16.54,27660.86,2026-07-27 15:21:00+00:00
1785165840000,16.54,16.56,16.27,16.29,18692.4,2026-07-27 15:24:00+00:00
1785166020000,16.28,16.39,16.15,16.36,19856.94,2026-07-27 15:27:00+00:00
1785166200000,16.37,16.37,16.05,16.08,20396.16,2026-07-27 15:30:00+00:00
1785166380000,16.09,16.25,15.92,16.22,36303.69,2026-07-27 15:33:00+00:00
1785166560000,16.21,16.29,16.13,16.23,6840.51,2026-07-27 15:36:00+00:00
1785166740000,16.23,16.31,16.16,16.3,9723.72,2026-07-27 15:39:00+00:00
1785166920000,16.3,16.37,16.23,16.31,7097.53,2026-07-27 15:42:00+00:00
1785167100000,16.32,16.36,16.2,16.26,6444.05,2026-07-27 15:45:00+00:00
1785167280000,16.25,16.35,16.2,16.28,7789.52,2026-07-27 15:48:00+00:00
1785167460000,16.28,16.37,16.23,16.29,11670.84,2026-07-27 15:51:00+00:00
1785167640000,16.29,16.45,16.29,16.39,18905.2,2026-07-27 15:54:00+00:00
1785167820000,16.38,16.48,16.37,16.42,5934.17,2026-07-27 15:57:00+00:00
1785168000000,16.43,16.5,16.12,16.14,33984.23,2026-07-27 16:00:00+00:00
1785168180000,16.15,16.41,16.13,16.32,14273.94,2026-07-27 16:03:00+00:00
1785168360000,16.31,16.31,16.18,16.27,6934.41,2026-07-27 16:06:00+00:00
1785168540000,16.26,16.46,16.25,16.4,5062.69,2026-07-27 16:09:00+00:00
1785168720000,16.4,16.43,16.05,16.15,20869.83,2026-07-27 16:12:00+00:00
1785168900000,16.16,16.21,16.04,16.09,6108.18,2026-07-27 16:15:00+00:00
1785169080000,16.09,16.22,16.06,16.14,3594.79,2026-07-27 16:18:00+00:00
1785169260000,16.13,16.19,16.04,16.19,2330.41,2026-07-27 16:21:00+00:00
1785169440000,16.19,16.57,16.1,16.42,38501.46,2026-07-27 16:24:00+00:00
1785169620000,16.42,16.58,16.41,16.43,7988.34,2026-07-27 16:27:00+00:00
1785169800000,16.43,16.65,16.42,16.55,8801,2026-07-27 16:30:00+00:00
1785169980000,16.55,16.56,16.44,16.44,3319.65,2026-07-27 16:33:00+00:00
1785170160000,16.44,16.65,16.38,16.61,4282.76,2026-07-27 16:36:00+00:00
1785170340000,16.6,16.64,16.51,16.51,2824.12,2026-07-27 16:39:00+00:00
1785170520000,16.51,16.53,16.37,16.44,3222.7,2026-07-27 16:42:00+00:00
1785170700000,16.44,16.52,16.4,16.47,4076.27,2026-07-27 16:45:00+00:00
1785170880000,16.46,16.5,16.29,16.3,2838.62,2026-07-27 16:48:00+00:00
1785171060000,16.29,16.3,16.08,16.17,10219.51,2026-07-27 16:51:00+00:00
1785171240000,16.16,16.21,16.09,16.21,2234.45,2026-07-27 16:54:00+00:00
1785171420000,16.21,16.22,16.14,16.17,1423.86,2026-07-27 16:57:00+00:00
1785171600000,16.17,16.21,15.92,15.98,25349.98,2026-07-27 17:00:00+00:00
1785171780000,15.98,16.01,15.88,15.92,17696.71,2026-07-27 17:03:00+00:00
1785171960000,15.92,16.05,15.88,16,4057.63,2026-07-27 17:06:00+00:00
1785172140000,16,16.13,16,16.07,10851.85,2026-07-27 17:09:00+00:00
1785172320000,16.07,16.28,16.07,16.24,5835.61,2026-07-27 17:12:00+00:00
1785172500000,16.23,16.27,16.11,16.15,6159.7,2026-07-27 17:15:00+00:00
1785172680000,16.16,16.27,16.1,16.26,2048.22,2026-07-27 17:18:00+00:00
1785172860000,16.25,16.28,16.18,16.18,3785.89,2026-07-27 17:21:00+00:00
1785173040000,16.17,16.19,16.07,16.13,3012.48,2026-07-27 17:24:00+00:00
1785173220000,16.13,16.19,16.11,16.12,2292.06,2026-07-27 17:27:00+00:00
1785173400000,16.12,16.26,16.07,16.25,2130.92,2026-07-27 17:30:00+00:00
1785173580000,16.24,16.35,16.23,16.33,5448.74,2026-07-27 17:33:00+00:00
1785173760000,16.32,16.34,16.19,16.3,2298.25,2026-07-27 17:36:00+00:00
1785173940000,16.29,16.3,16.19,16.27,2781.37,2026-07-27 17:39:00+00:00
1785174120000,16.27,16.29,16.2,16.25,1680.65,2026-07-27 17:42:00+00:00
1785174300000,16.26,16.34,16.19,16.23,1969.38,2026-07-27 17:45:00+00:00
1785174480000,16.23,16.26,16.18,16.24,1338.73,2026-07-27 17:48:00+00:00
1785174660000,16.24,16.29,16.23,16.26,804.44,2026-07-27 17:51:00+00:00
1785174840000,16.27,16.36,16.26,16.36,1289.52,2026-07-27 17:54:00+00:00
1785175020000,16.36,16.41,16.35,16.39,1171.76,2026-07-27 17:57:00+00:00
1785175200000,16.39,16.44,16.34,16.38,3792.46,2026-07-27 18:00:00+00:00
1785175380000,16.37,16.43,16.35,16.38,4057.55,2026-07-27 18:03:00+00:00
1785175560000,16.38,16.4,16.32,16.33,1726.85,2026-07-27 18:06:00+00:00
1785175740000,16.33,16.41,16.33,16.38,879.28,2026-07-27 18:09:00+00:00
1785175920000,16.38,16.4,16.35,16.37,771.09,2026-07-27 18:12:00+00:00
1785176100000,16.36,16.36,16.23,16.31,1827.19,2026-07-27 18:15:00+00:00
1785176280000,16.3,16.38,16.28,16.3,1053.69,2026-07-27 18:18:00+00:00
1785176460000,16.3,16.38,16.29,16.33,8166.56,2026-07-27 18:21:00+00:00
1785176640000,16.34,16.46,16.33,16.44,1211.97,2026-07-27 18:24:00+00:00
1785176820000,16.44,16.47,16.4,16.45,3033.9,2026-07-27 18:27:00+00:00
1785177000000,16.45,16.45,16.33,16.39,4007.37,2026-07-27 18:30:00+00:00
1785177180000,16.39,16.39,16.31,16.35,1970,2026-07-27 18:33:00+00:00
1785177360000,16.35,16.38,16.31,16.32,1660.08,2026-07-27 18:36:00+00:00
1785177540000,16.32,16.38,16.24,16.37,29948.46,2026-07-27 18:39:00+00:00
1785177720000,16.38,16.47,16.34,16.44,2732.51,2026-07-27 18:42:00+00:00
1785177900000,16.44,16.49,16.38,16.41,2821.17,2026-07-27 18:45:00+00:00
1785178080000,16.42,16.45,16.35,16.4,2285.23,2026-07-27 18:48:00+00:00
1785178260000,16.41,16.62,16.4,16.61,3623.67,2026-07-27 18:51:00+00:00
1785178440000,16.6,16.75,16.59,16.7,3446.61,2026-07-27 18:54:00+00:00
1785178620000,16.7,16.77,16.66,16.76,1943.34,2026-07-27 18:57:00+00:00
1785178800000,16.75,16.79,16.68,16.72,3244.6,2026-07-27 19:00:00+00:00
1785178980000,16.72,16.77,16.71,16.76,3413.89,2026-07-27 19:03:00+00:00
1785179160000,16.77,16.93,16.75,16.85,8435.47,2026-07-27 19:06:00+00:00
1785179340000,16.85,17,16.85,16.96,6859.52,2026-07-27 19:09:00+00:00
1785179520000,16.96,16.98,16.85,16.91,9586.89,2026-07-27 19:12:00+00:00
1785179700000,16.91,17,16.91,16.97,4921.23,2026-07-27 19:15:00+00:00
1785179880000,16.96,17.01,16.95,16.99,3456,2026-07-27 19:18:00+00:00
1785180060000,16.98,17.07,16.94,17.01,2789.8,2026-07-27 19:21:00+00:00
1785180240000,17,17.08,16.98,17.02,2317.12,2026-07-27 19:24:00+00:00
1785180420000,17.02,17.13,17,17.12,3806.48,2026-07-27 19:27:00+00:00
1785180600000,17.12,17.18,17.1,17.15,5277,2026-07-27 19:30:00+00:00
1785180780000,17.15,17.16,17.04,17.1,3108.44,2026-07-27 19:33:00+00:00
1785180960000,17.09,17.1,16.94,16.95,2054.05,2026-07-27 19:36:00+00:00
1785181140000,16.95,17.1,16.92,17.01,4683.29,2026-07-27 19:39:00+00:00
1785181320000,17.01,17.04,16.94,17.01,1094.1,2026-07-27 19:42:00+00:00
1785181500000,17,17.03,16.9,16.92,5853.86,2026-07-27 19:45:00+00:00
1785181680000,16.92,17.06,16.89,16.97,14837.76,2026-07-27 19:48:00+00:00
1785181860000,16.98,17.08,16.92,17.04,5117.35,2026-07-27 19:51:00+00:00
1785182040000,17.03,17.21,17.03,17.18,4390.76,2026-07-27 19:54:00+00:00
1785182220000,17.17,17.26,17.15,17.25,4275.18,2026-07-27 19:57:00+00:00
1785182400000,17.25,17.25,17.2,17.2,3521.73,2026-07-27 20:00:00+00:00
1785182580000,17.19,17.23,17.15,17.22,2845.4,2026-07-27 20:03:00+00:00
1785182760000,17.21,17.26,17.17,17.21,1620.44,2026-07-27 20:06:00+00:00
1785182940000,17.22,17.22,17.12,17.12,1435.82,2026-07-27 20:09:00+00:00
1785183120000,17.12,17.17,17.11,17.17,836.71,2026-07-27 20:12:00+00:00
1785183300000,17.17,17.17,17.13,17.17,1539.24,2026-07-27 20:15:00+00:00
1785183480000,17.17,17.19,17.11,17.12,738.1,2026-07-27 20:18:00+00:00
1785183660000,17.12,17.12,17.07,17.07,2605.5,2026-07-27 20:21:00+00:00
1785183840000,17.06,17.12,17.06,17.1,1268.64,2026-07-27 20:24:00+00:00
1785184020000,17.09,17.12,17.09,17.11,622.43,2026-07-27 20:27:00+00:00
1785184200000,17.12,17.12,17.08,17.11,1613.23,2026-07-27 20:30:00+00:00
1785184380000,17.11,17.2,17.11,17.18,838.6,2026-07-27 20:33:00+00:00
1785184560000,17.17,17.17,17.12,17.12,487.31,2026-07-27 20:36:00+00:00
1785184740000,17.11,17.14,17.11,17.12,358.19,2026-07-27 20:39:00+00:00
1785184920000,17.12,17.14,17.11,17.11,919.91,2026-07-27 20:42:00+00:00
1785185100000,17.12,17.14,17.1,17.11,725.57,2026-07-27 20:45:00+00:00
1785185280000,17.11,17.13,17.1,17.13,563.73,2026-07-27 20:48:00+00:00
1785185460000,17.13,17.14,17.1,17.13,1574.18,2026-07-27 20:51:00+00:00
1785185640000,17.14,17.17,17.13,17.15,420.41,2026-07-27 20:54:00+00:00
1785185820000,17.15,17.15,17.12,17.14,298.05,2026-07-27 20:57:00+00:00
1785186000000,17.15,17.15,17.05,17.07,1766.32,2026-07-27 21:00:00+00:00
1785186180000,17.07,17.11,17.07,17.1,1688.96,2026-07-27 21:03:00+00:00
1785186360000,17.09,17.16,17.09,17.13,1893.94,2026-07-27 21:06:00+00:00
1785186540000,17.13,17.14,17.12,17.12,260.23,2026-07-27 21:09:00+00:00
1785186720000,17.12,17.12,17.05,17.06,315.81,2026-07-27 21:12:00+00:00
1785186900000,17.06,17.09,17.03,17.06,2008.95,2026-07-27 21:15:00+00:00
1785187080000,17.07,17.13,17.06,17.13,244.26,2026-07-27 21:18:00+00:00
1785187260000,17.13,17.15,17.12,17.14,261.14,2026-07-27 21:21:00+00:00
1785187440000,17.13,17.13,17.11,17.12,466.16,2026-07-27 21:24:00+00:00
1785187620000,17.12,17.12,17.1,17.1,487.27,2026-07-27 21:27:00+00:00
1785187800000,17.11,17.11,17.09,17.1,264.9,2026-07-27 21:30:00+00:00
1785187980000,17.11,17.12,17.08,17.08,5126.86,2026-07-27 21:33:00+00:00
1785188160000,17.07,17.08,17.05,17.05,971.82,2026-07-27 21:36:00+00:00
1785188340000,17.06,17.07,17.04,17.04,1066.87,2026-07-27 21:39:00+00:00
1785188520000,17.03,17.1,17.03,17.09,3944.14,2026-07-27 21:42:00+00:00
1785188700000,17.09,17.13,17.07,17.12,1466.22,2026-07-27 21:45:00+00:00
1785188880000,17.13,17.22,17.12,17.22,838.22,2026-07-27 21:48:00+00:00
1785189060000,17.22,17.3,17.21,17.3,700.83,2026-07-27 21:51:00+00:00
1785189240000,17.29,17.3,17.27,17.27,404.45,2026-07-27 21:54:00+00:00
1785189420000,17.26,17.34,17.26,17.31,3661,2026-07-27 21:57:00+00:00
1785189600000,17.3,17.31,17.13,17.13,3091.86,2026-07-27 22:00:00+00:00
1785189780000,17.13,17.14,17.08,17.11,2719.73,2026-07-27 22:03:00+00:00
1785189960000,17.11,17.11,17.09,17.1,424.54,2026-07-27 22:06:00+00:00
1785190140000,17.1,17.11,17.08,17.09,2522.53,2026-07-27 22:09:00+00:00
1785190320000,17.09,17.09,16.97,17,8880.29,2026-07-27 22:12:00+00:00
1785190500000,16.99,17.01,16.98,17,3080.29,2026-07-27 22:15:00+00:00
1785190680000,16.99,16.99,16.88,16.91,17470.1,2026-07-27 22:18:00+00:00
1785190860000,16.91,17.02,16.9,17.02,6861.35,2026-07-27 22:21:00+00:00
1785191040000,17.03,17.03,16.87,16.94,13813.19,2026-07-27 22:24:00+00:00
1785191220000,16.94,16.96,16.88,16.92,3301.56,2026-07-27 22:27:00+00:00
1785191400000,16.91,17.14,16.9,17.14,5466.45,2026-07-27 22:30:00+00:00
1785191580000,17.13,17.2,17.08,17.18,12452.42,2026-07-27 22:33:00+00:00
1785191760000,17.18,17.2,17.02,17.04,4188.07,2026-07-27 22:36:00+00:00
1785191940000,17.05,17.06,16.94,17.01,4533.08,2026-07-27 22:39:00+00:00
1785192120000,17.01,17.05,16.97,17,2500.53,2026-07-27 22:42:00+00:00
1785192300000,16.99,17.01,16.93,16.97,6862.69,2026-07-27 22:45:00+00:00
1785192480000,16.96,17.02,16.93,16.97,1213.02,2026-07-27 22:48:00+00:00
1785192660000,16.97,16.99,16.88,16.91,2462.3,2026-07-27 22:51:00+00:00
1785192840000,16.9,16.91,16.88,16.91,4764.35,2026-07-27 22:54:00+00:00
1785193020000,16.91,16.95,16.88,16.89,4413.88,2026-07-27 22:57:00+00:00
1785193200000,16.9,16.94,16.7,16.87,101629.36,2026-07-27 23:00:00+00:00
1785193380000,16.87,16.97,16.79,16.96,12372.73,2026-07-27 23:03:00+00:00
1785193560000,16.97,17.15,16.84,16.84,8165.48,2026-07-27 23:06:00+00:00
1785193740000,16.85,16.85,16.77,16.82,5280.68,2026-07-27 23:09:00+00:00
1785193920000,16.82,16.86,16.77,16.82,4493.02,2026-07-27 23:12:00+00:00
1785194100000,16.82,16.89,16.75,16.88,5953.73,2026-07-27 23:15:00+00:00
1785194280000,16.88,17.03,16.87,16.94,2670.5,2026-07-27 23:18:00+00:00
1785194460000,16.93,16.95,16.87,16.91,1339.36,2026-07-27 23:21:00+00:00
1785194640000,16.91,16.93,16.88,16.9,1632.03,2026-07-27 23:24:00+00:00
1785194820000,16.89,16.89,16.82,16.88,3635.76,2026-07-27 23:27:00+00:00
1785195000000,16.88,16.88,16.72,16.76,6550.39,2026-07-27 23:30:00+00:00
1785195180000,16.77,16.77,16.71,16.72,1607.42,2026-07-27 23:33:00+00:00
1785195360000,16.72,16.82,16.69,16.76,4001.44,2026-07-27 23:36:00+00:00
1785195540000,16.76,16.76,16.57,16.62,10234.4,2026-07-27 23:39:00+00:00
1785195720000,16.61,16.62,16.47,16.61,15130.12,2026-07-27 23:42:00+00:00
1785195900000,16.61,16.67,16.54,16.59,10988.68,2026-07-27 23:45:00+00:00
1785196080000,16.6,16.62,16.5,16.54,11946.35,2026-07-27 23:48:00+00:00
1785196260000,16.55,16.7,16.55,16.69,4571.27,2026-07-27 23:51:00+00:00
1785196440000,16.69,16.77,16.64,16.67,6764.16,2026-07-27 23:54:00+00:00
1785196620000,16.67,16.75,16.66,16.74,4606.44,2026-07-27 23:57:00+00:00
1785196800000,16.73,16.78,16.45,16.62,20711.77,2026-07-28 00:00:00+00:00
1785196980000,16.62,17.05,16.49,16.5,25457.2,2026-07-28 00:03:00+00:00
1785197160000,16.5,16.66,16.44,16.49,18713.28,2026-07-28 00:06:00+00:00
1785197340000,16.49,16.58,16.28,16.3,20419.58,2026-07-28 00:09:00+00:00
1785197520000,16.3,16.33,16.07,16.24,20183.14,2026-07-28 00:12:00+00:00
1785197700000,16.24,16.31,16.01,16.09,16416.09,2026-07-28 00:15:00+00:00
1785197880000,16.1,16.21,16.02,16.05,12977.74,2026-07-28 00:18:00+00:00
1785198060000,16.05,16.16,15.85,15.86,16570.89,2026-07-28 00:21:00+00:00
1785198240000,15.86,15.97,15.82,15.87,15824.73,2026-07-28 00:24:00+00:00
1785198420000,15.87,16.11,15.86,16.08,11784.22,2026-07-28 00:27:00+00:00
1785198600000,16.09,16.18,15.76,15.78,18938.77,2026-07-28 00:30:00+00:00
1785198780000,15.78,16.07,15.76,16.01,9757.7,2026-07-28 00:33:00+00:00
1785198960000,16.01,16.11,15.92,15.97,6135.69,2026-07-28 00:36:00+00:00
1785199140000,15.97,16.02,15.82,15.93,24138.15,2026-07-28 00:39:00+00:00
1785199320000,15.93,16.08,15.91,15.95,19781.27,2026-07-28 00:42:00+00:00
1785199500000,15.95,15.95,15.79,15.79,12760.31,2026-07-28 00:45:00+00:00
1785199680000,15.79,15.89,15.72,15.79,12537.29,2026-07-28 00:48:00+00:00
1785199860000,15.79,15.8,15.66,15.68,8159,2026-07-28 00:51:00+00:00
1785200040000,15.68,15.74,15.6,15.68,16142.51,2026-07-28 00:54:00+00:00
1785200220000,15.68,15.79,15.64,15.69,9248.22,2026-07-28 00:57:00+00:00
1785200400000,15.69,15.91,15.69,15.87,9247.22,2026-07-28 01:00:00+00:00
1785200580000,15.87,15.99,15.78,15.79,13950.82,2026-07-28 01:03:00+00:00
1785200760000,15.79,15.8,15.65,15.66,6725.27,2026-07-28 01:06:00+00:00
1785200940000,15.66,15.69,15.6,15.67,9560.45,2026-07-28 01:09:00+00:00
1785201120000,15.67,15.67,15.52,15.63,11971.62,2026-07-28 01:12:00+00:00
1785201300000,15.63,15.65,15.59,15.65,3141.65,2026-07-28 01:15:00+00:00
1785201480000,15.64,15.67,15.6,15.65,4071.89,2026-07-28 01:18:00+00:00
1785201660000,15.65,15.68,15.61,15.65,12997.33,2026-07-28 01:21:00+00:00
1785201840000,15.65,15.68,15.59,15.67,4910.53,2026-07-28 01:24:00+00:00
1785202020000,15.67,15.7,15.65,15.65,3730.47,2026-07-28 01:27:00+00:00
1785202200000,15.65,15.71,15.57,15.69,5627.32,2026-07-28 01:30:00+00:00
1785202380000,15.68,15.73,15.66,15.7,3468.96,2026-07-28 01:33:00+00:00
1785202560000,15.7,15.74,15.69,15.71,6101.14,2026-07-28 01:36:00+00:00
1785202740000,15.7,15.71,15.62,15.66,2786.42,2026-07-28 01:39:00+00:00
1785202920000,15.66,15.84,15.66,15.81,14425.67,2026-07-28 01:42:00+00:00
1785203100000,15.8,15.8,15.61,15.67,14536.47,2026-07-28 01:45:00+00:00
1785203280000,15.68,15.77,15.63,15.65,6456.74,2026-07-28 01:48:00+00:00
1785203460000,15.64,15.65,15.32,15.32,25784.94,2026-07-28 01:51:00+00:00
1785203640000,15.32,15.35,15.21,15.25,22415.76,2026-07-28 01:54:00+00:00
1785203820000,15.25,15.32,15.18,15.19,12017.31,2026-07-28 01:57:00+00:00
1785204000000,15.19,15.19,14.94,14.94,38436.92,2026-07-28 02:00:00+00:00
1785204180000,14.95,14.96,14.81,14.92,26671.8,2026-07-28 02:03:00+00:00
1785204360000,14.93,15.16,14.85,15.09,20575.3,2026-07-28 02:06:00+00:00
1785204540000,15.09,15.24,15.07,15.22,11419.54,2026-07-28 02:09:00+00:00
1785204720000,15.21,15.33,15.11,15.18,17158.33,2026-07-28 02:12:00+00:00
1785204900000,15.17,15.18,14.94,15.18,48015.71,2026-07-28 02:15:00+00:00
1785205080000,15.18,15.46,15.11,15.36,24815.34,2026-07-28 02:18:00+00:00
1785205260000,15.36,15.51,15.35,15.37,18577.69,2026-07-28 02:21:00+00:00
1785205440000,15.38,15.43,15.23,15.23,8811.32,2026-07-28 02:24:00+00:00
1785205620000,15.23,15.28,15.12,15.12,5383.97,2026-07-28 02:27:00+00:00
1785205800000,15.11,15.16,14.94,14.99,15494.62,2026-07-28 02:30:00+00:00
1785205980000,15,15,14.86,14.95,10953.33,2026-07-28 02:33:00+00:00
1785206160000,14.95,15.13,14.87,15.08,9026.53,2026-07-28 02:36:00+00:00
1785206340000,15.08,15.12,14.94,14.97,10059.86,2026-07-28 02:39:00+00:00
1785206520000,14.97,14.99,14.87,14.93,3155.66,2026-07-28 02:42:00+00:00
1785206700000,14.93,14.94,14.72,14.74,18183.99,2026-07-28 02:45:00+00:00
1785206880000,14.75,14.9,14.75,14.83,9930.17,2026-07-28 02:48:00+00:00
1785207060000,14.82,15.05,14.8,15.03,12166.25,2026-07-28 02:51:00+00:00
1785207240000,15.02,15.06,14.89,14.9,9405.2,2026-07-28 02:54:00+00:00
1785207420000,14.89,14.95,14.8,14.84,7864.46,2026-07-28 02:57:00+00:00
1785207600000,14.83,14.84,14.64,14.66,17614.22,2026-07-28 03:00:00+00:00
1785207780000,14.66,14.7,14.59,14.62,23648.76,2026-07-28 03:03:00+00:00
1785207960000,14.62,14.67,14.53,14.53,11775.62,2026-07-28 03:06:00+00:00
1785208140000,14.53,14.54,14.41,14.49,21522.25,2026-07-28 03:09:00+00:00
1785208320000,14.49,14.62,14.46,14.57,17660.57,2026-07-28 03:12:00+00:00
1785208500000,14.57,14.73,14.51,14.71,16764.82,2026-07-28 03:15:00+00:00
1785208680000,14.72,15.01,14.71,14.93,19912.19,2026-07-28 03:18:00+00:00
1785208860000,14.93,15.13,14.93,14.98,49892.33,2026-07-28 03:21:00+00:00
1785209040000,14.98,15.13,14.84,14.87,15167.65,2026-07-28 03:24:00+00:00
1785209220000,14.87,14.87,14.59,14.72,33283.44,2026-07-28 03:27:00+00:00
1785209400000,14.71,14.71,14.44,14.66,31468.01,2026-07-28 03:30:00+00:00
1785209580000,14.66,14.95,14.66,14.9,28831.22,2026-07-28 03:33:00+00:00
1785209760000,14.91,15.05,14.82,15.05,23230.14,2026-07-28 03:36:00+00:00
1785209940000,15.05,15.14,14.93,14.93,25940.53,2026-07-28 03:39:00+00:00
1785210120000,14.92,15.08,14.87,15.02,16659.16,2026-07-28 03:42:00+00:00
1785210300000,15.02,15.13,14.91,14.96,12663.11,2026-07-28 03:45:00+00:00
1785210480000,14.95,15.09,14.92,14.93,8893.68,2026-07-28 03:48:00+00:00
1785210660000,14.94,15.03,14.81,14.98,10562.72,2026-07-28 03:51:00+00:00
1785210840000,14.99,15.05,14.82,14.93,10139.29,2026-07-28 03:54:00+00:00
1785211020000,14.93,15.04,14.86,14.95,12347.87,2026-07-28 03:57:00+00:00
1785211200000,14.94,14.94,14.8,14.84,15333.51,2026-07-28 04:00:00+00:00
1785211380000,14.85,14.87,14.74,14.76,7387.21,2026-07-28 04:03:00+00:00
1785211560000,14.75,14.81,14.6,14.67,9540.41,2026-07-28 04:06:00+00:00
1785211740000,14.66,14.76,14.57,14.74,13758.62,2026-07-28 04:09:00+00:00
1785211920000,14.74,14.79,14.61,14.65,9422.26,2026-07-28 04:12:00+00:00
1785212100000,14.65,14.79,14.62,14.67,8849.55,2026-07-28 04:15:00+00:00
1785212280000,14.67,14.76,14.59,14.59,10528.19,2026-07-28 04:18:00+00:00
1785212460000,14.6,14.6,14.5,14.51,10739.57,2026-07-28 04:21:00+00:00
1785212640000,14.51,14.56,14.41,14.55,21320.65,2026-07-28 04:24:00+00:00
1785212820000,14.55,14.6,14.47,14.47,13507.89,2026-07-28 04:27:00+00:00
1785213000000,14.48,14.51,14.4,14.41,11213.34,2026-07-28 04:30:00+00:00
1785213180000,14.41,14.61,14.41,14.56,10596.23,2026-07-28 04:33:00+00:00
1785213360000,14.55,14.62,14.48,14.6,9344.62,2026-07-28 04:36:00+00:00
1785213540000,14.6,14.71,14.53,14.64,18598.07,2026-07-28 04:39:00+00:00
1785213720000,14.63,14.68,14.54,14.58,5139.27,2026-07-28 04:42:00+00:00
1785213900000,14.59,14.88,14.58,14.75,14588.12,2026-07-28 04:45:00+00:00
1785214080000,14.74,14.78,14.61,14.63,11576.37,2026-07-28 04:48:00+00:00
1785214260000,14.63,14.7,14.6,14.62,5111.43,2026-07-28 04:51:00+00:00
1785214440000,14.63,14.84,14.61,14.82,7693.71,2026-07-28 04:54:00+00:00
1785214620000,14.82,14.82,14.62,14.72,14338.51,2026-07-28 04:57:00+00:00
1785214800000,14.72,14.96,14.66,14.92,15566.76,2026-07-28 05:00:00+00:00
1785214980000,14.92,14.94,14.83,14.83,15371.93,2026-07-28 05:03:00+00:00
1785215160000,14.83,14.91,14.76,14.86,10150.76,2026-07-28 05:06:00+00:00
1785215340000,14.86,15,14.86,14.89,12519.51,2026-07-28 05:09:00+00:00
1785215520000,14.88,14.92,14.67,14.68,14670.98,2026-07-28 05:12:00+00:00
1785215700000,14.69,14.69,14.45,14.5,18952.18,2026-07-28 05:15:00+00:00
1785215880000,14.5,14.58,14.42,14.45,12289.34,2026-07-28 05:18:00+00:00
1785216060000,14.45,14.46,14.26,14.38,33266.41,2026-07-28 05:21:00+00:00
1785216240000,14.37,14.43,14.25,14.32,12662.78,2026-07-28 05:24:00+00:00
1785216420000,14.32,14.4,14.3,14.36,6896.7,2026-07-28 05:27:00+00:00
1785216600000,14.37,14.45,14.32,14.41,15963.75,2026-07-28 05:30:00+00:00
1785216780000,14.42,14.43,14.16,14.18,19163.21,2026-07-28 05:33:00+00:00
1785216960000,14.18,14.39,14.14,14.24,28190.53,2026-07-28 05:36:00+00:00
1785217140000,14.23,14.43,14.21,14.35,27211.93,2026-07-28 05:39:00+00:00
1785217320000,14.35,14.51,14.31,14.42,15962.97,2026-07-28 05:42:00+00:00
1785217500000,14.41,14.55,14.36,14.51,15323,2026-07-28 05:45:00+00:00
1785217680000,14.51,14.58,14.47,14.5,12986.61,2026-07-28 05:48:00+00:00
1785217860000,14.5,14.62,14.43,14.43,10459.66,2026-07-28 05:51:00+00:00
1785218040000,14.43,14.47,14.32,14.33,6474.13,2026-07-28 05:54:00+00:00
1785218220000,14.32,14.34,14.1,14.21,28437.27,2026-07-28 05:57:00+00:00
1785218400000,14.22,14.44,14.22,14.36,14069,2026-07-28 06:00:00+00:00
1785218580000,14.36,14.38,14.12,14.2,15490.5,2026-07-28 06:03:00+00:00
1785218760000,14.21,14.22,14.13,14.14,10252.88,2026-07-28 06:06:00+00:00
1785218940000,14.16,14.19,14.05,14.1,10428.45,2026-07-28 06:09:00+00:00
1785219120000,14.1,14.21,14.07,14.19,11760.3,2026-07-28 06:12:00+00:00
1785219300000,14.19,14.43,14.19,14.33,19573.18,2026-07-28 06:15:00+00:00
1785219480000,14.33,14.39,14.26,14.34,10171.98,2026-07-28 06:18:00+00:00
1785219660000,14.33,14.57,14.32,14.5,9254.98,2026-07-28 06:21:00+00:00
1785219840000,14.5,14.65,14.49,14.61,16492.93,2026-07-28 06:24:00+00:00
1785220020000,14.61,14.66,14.49,14.5,14665.24,2026-07-28 06:27:00+00:00
1785220200000,14.51,14.59,14.43,14.44,11694.75,2026-07-28 06:30:00+00:00
1785220380000,14.42,14.52,14.37,14.47,4559.56,2026-07-28 06:33:00+00:00
1785220560000,14.47,14.58,14.45,14.46,4855.11,2026-07-28 06:36:00+00:00
1785220740000,14.45,14.5,14.43,14.47,1427.6,2026-07-28 06:39:00+00:00
1785220920000,14.48,14.51,14.34,14.37,11024.17,2026-07-28 06:42:00+00:00
1785221100000,14.37,14.44,14.32,14.43,11765.69,2026-07-28 06:45:00+00:00
1785221280000,14.43,14.55,14.43,14.52,6709.11,2026-07-28 06:48:00+00:00
1785221460000,14.51,14.59,14.48,14.58,3918.78,2026-07-28 06:51:00+00:00
1785221640000,14.58,14.64,14.55,14.59,5375.73,2026-07-28 06:54:00+00:00
1785221820000,14.6,14.68,14.58,14.6,4888.02,2026-07-28 06:57:00+00:00
1785222000000,14.6,14.69,14.57,14.66,2448.43,2026-07-28 07:00:00+00:00
1785222180000,14.67,14.72,14.62,14.65,7744.39,2026-07-28 07:03:00+00:00
1785222360000,14.65,14.72,14.61,14.71,3234.32,2026-07-28 07:06:00+00:00
1785222540000,14.72,14.74,14.65,14.69,2693.4,2026-07-28 07:09:00+00:00
1785222720000,14.69,14.71,14.66,14.68,1534.03,2026-07-28 07:12:00+00:00
1785222900000,14.68,14.72,14.65,14.69,5550.05,2026-07-28 07:15:00+00:00
1785223080000,14.69,14.69,14.52,14.52,6312.38,2026-07-28 07:18:00+00:00
1785223260000,14.52,14.61,14.52,14.59,1517.57,2026-07-28 07:21:00+00:00
1785223440000,14.58,14.62,14.55,14.6,1661.35,2026-07-28 07:24:00+00:00
1785223620000,14.59,14.6,14.46,14.48,3885.55,2026-07-28 07:27:00+00:00
1785223800000,14.47,14.54,14.43,14.54,2354.2,2026-07-28 07:30:00+00:00
1785223980000,14.53,14.59,14.5,14.58,2187.45,2026-07-28 07:33:00+00:00
1785224160000,14.58,14.59,14.48,14.49,3406.58,2026-07-28 07:36:00+00:00
1785224340000,14.49,14.55,14.49,14.51,1884.48,2026-07-28 07:39:00+00:00
1785224520000,14.51,14.56,14.48,14.52,2064.24,2026-07-28 07:42:00+00:00
1785224700000,14.52,14.53,14.33,14.34,6268.12,2026-07-28 07:45:00+00:00
1785224880000,14.34,14.41,14.31,14.39,5851.18,2026-07-28 07:48:00+00:00
1785225060000,14.39,14.43,14.38,14.4,5173.26,2026-07-28 07:51:00+00:00
1785225240000,14.41,14.44,14.4,14.42,4278.93,2026-07-28 07:54:00+00:00
1785225420000,14.42,14.43,14.34,14.39,2628.87,2026-07-28 07:57:00+00:00
1785225600000,14.39,14.86,14.37,14.57,75535,2026-07-28 08:00:00+00:00
1785225780000,14.56,14.64,14.45,14.51,18118.02,2026-07-28 08:03:00+00:00
1785225960000,14.51,14.58,14.1,14.18,36292.85,2026-07-28 08:06:00+00:00
1785226140000,14.18,14.26,14.1,14.16,19479.09,2026-07-28 08:09:00+00:00
1785226320000,14.17,14.22,14.11,14.17,9764.04,2026-07-28 08:12:00+00:00
1785226500000,14.17,14.3,14.12,14.28,9937.43,2026-07-28 08:15:00+00:00
1785226680000,14.28,14.54,14.27,14.45,17670.49,2026-07-28 08:18:00+00:00
1785226860000,14.45,14.51,14.41,14.5,7263.98,2026-07-28 08:21:00+00:00
1785227040000,14.51,14.63,14.49,14.55,21060.81,2026-07-28 08:24:00+00:00
1785227220000,14.55,14.61,14.53,14.57,9805.05,2026-07-28 08:27:00+00:00
1785227400000,14.58,14.58,14.52,14.53,13089.97,2026-07-28 08:30:00+00:00
1785227580000,14.54,14.68,14.53,14.61,11252.37,2026-07-28 08:33:00+00:00
1785227760000,14.6,14.65,14.58,14.64,6645.55,2026-07-28 08:36:00+00:00
1785227940000,14.63,14.68,14.6,14.67,3131.92,2026-07-28 08:39:00+00:00
1785228120000,14.67,14.72,14.64,14.64,3275.55,2026-07-28 08:42:00+00:00
1785228300000,14.65,14.66,14.6,14.6,3357.93,2026-07-28 08:45:00+00:00
1785228480000,14.6,14.63,14.58,14.61,2152.87,2026-07-28 08:48:00+00:00
1785228660000,14.6,14.61,14.54,14.55,6570.78,2026-07-28 08:51:00+00:00
1785228840000,14.55,14.59,14.55,14.57,3692.86,2026-07-28 08:54:00+00:00
1785229020000,14.57,14.58,14.45,14.52,6312.69,2026-07-28 08:57:00+00:00
1785229200000,14.51,14.6,14.44,14.51,10544.74,2026-07-28 09:00:00+00:00
1785229380000,14.5,14.51,14.41,14.47,3957.84,2026-07-28 09:03:00+00:00
1785229560000,14.47,14.52,14.46,14.49,1170.62,2026-07-28 09:06:00+00:00
1785229740000,14.49,14.57,14.48,14.57,2467.83,2026-07-28 09:09:00+00:00
1785229920000,14.56,14.56,14.39,14.44,7080.67,2026-07-28 09:12:00+00:00
1785230100000,14.44,14.47,14.41,14.41,1639.04,2026-07-28 09:15:00+00:00
1785230280000,14.4,14.45,14.35,14.42,2306.52,2026-07-28 09:18:00+00:00
1785230460000,14.41,14.47,14.41,14.44,2639.62,2026-07-28 09:21:00+00:00
1785230640000,14.44,14.46,14.42,14.46,1379.69,2026-07-28 09:24:00+00:00
1785230820000,14.46,14.49,14.44,14.46,1542.73,2026-07-28 09:27:00+00:00
1785231000000,14.46,14.46,14.34,14.38,9036.08,2026-07-28 09:30:00+00:00
1785231180000,14.38,14.38,14.24,14.31,7596.03,2026-07-28 09:33:00+00:00
1785231360000,14.31,14.31,14.24,14.29,4628.73,2026-07-28 09:36:00+00:00
1785231540000,14.29,14.32,14.26,14.3,1997.35,2026-07-28 09:39:00+00:00
1785231720000,14.3,14.32,14.25,14.27,1991.25,2026-07-28 09:42:00+00:00
1785231900000,14.27,14.32,14.26,14.29,3870.55,2026-07-28 09:45:00+00:00
1785232080000,14.28,14.29,14.24,14.26,2288.35,2026-07-28 09:48:00+00:00
1785232260000,14.25,14.25,14.2,14.21,2832.55,2026-07-28 09:51:00+00:00
1785232440000,14.2,14.21,14.14,14.16,3929.22,2026-07-28 09:54:00+00:00
1785232620000,14.15,14.2,14.12,14.2,9203.48,2026-07-28 09:57:00+00:00
1785232800000,14.19,14.2,14.16,14.18,2875.61,2026-07-28 10:00:00+00:00
1785232980000,14.18,14.19,14.15,14.18,3041.88,2026-07-28 10:03:00+00:00
1785233160000,14.17,14.24,14.17,14.21,2412.04,2026-07-28 10:06:00+00:00
1785233340000,14.2,14.25,14.2,14.24,4345.48,2026-07-28 10:09:00+00:00
1785233520000,14.24,14.26,14.2,14.2,1775.67,2026-07-28 10:12:00+00:00
1785233700000,14.19,14.25,14.19,14.24,3996.55,2026-07-28 10:15:00+00:00
1785233880000,14.24,14.27,14.18,14.19,2596.28,2026-07-28 10:18:00+00:00
1785234060000,14.18,14.19,14.06,14.06,12037.85,2026-07-28 10:21:00+00:00
1785234240000,14.06,14.09,14.03,14.05,4201.34,2026-07-28 10:24:00+00:00
1785234420000,14.05,14.16,14.04,14.16,3255.96,2026-07-28 10:27:00+00:00
1785234600000,14.17,14.19,14.15,14.19,2683.5,2026-07-28 10:30:00+00:00
1785234780000,14.19,14.19,13.95,13.96,15698.99,2026-07-28 10:33:00+00:00
1785234960000,13.96,14.02,13.9,13.93,17147.77,2026-07-28 10:36:00+00:00
1785235140000,13.94,13.96,13.8,13.86,26924.75,2026-07-28 10:39:00+00:00
1785235320000,13.86,13.93,13.86,13.92,6759.79,2026-07-28 10:42:00+00:00
1785235500000,13.91,13.97,13.9,13.95,7468.98,2026-07-28 10:45:00+00:00
1785235680000,13.94,14,13.9,13.93,7005.3,2026-07-28 10:48:00+00:00
1785235860000,13.93,14.03,13.92,14.02,5145.68,2026-07-28 10:51:00+00:00
1785236040000,14.01,14.03,13.99,14.01,3810.57,2026-07-28 10:54:00+00:00
1785236220000,14.02,14.04,13.98,14.04,7507.66,2026-07-28 10:57:00+00:00
1785236400000,14.04,14.05,13.89,13.95,11839.57,2026-07-28 11:00:00+00:00
1785236580000,13.95,13.95,13.87,13.92,20238.67,2026-07-28 11:03:00+00:00
1785236760000,13.91,13.97,13.84,13.89,11902.43,2026-07-28 11:06:00+00:00
1785236940000,13.89,13.91,13.8,13.81,7706.25,2026-07-28 11:09:00+00:00
1785237120000,13.81,13.84,13.66,13.67,24755.63,2026-07-28 11:12:00+00:00
