ts,open,high,low,close,volume,open_time
1784787300000,0.000424,0.0004246,0.000424,0.0004245,475,2026-07-23 06:15:00+00:00
1784787600000,0.0004241,0.0004241,0.0004237,0.0004237,13,2026-07-23 06:20:00+00:00
1784787900000,0.0004241,0.0004247,0.0004241,0.0004246,404,2026-07-23 06:25:00+00:00
1784788200000,0.0004246,0.0004246,0.000424,0.0004241,1340,2026-07-23 06:30:00+00:00
1784788500000,0.000424,0.000424,0.0004239,0.0004239,17,2026-07-23 06:35:00+00:00
1784788800000,0.000424,0.0004247,0.000424,0.0004245,758,2026-07-23 06:40:00+00:00
1784789100000,0.0004243,0.0004246,0.0004243,0.0004246,408,2026-07-23 06:45:00+00:00
1784789400000,0.0004247,0.0004247,0.0004241,0.0004242,735,2026-07-23 06:50:00+00:00
1784789700000,0.000424,0.000424,0.0004236,0.0004237,104,2026-07-23 06:55:00+00:00
1784790000000,0.0004235,0.0004235,0.0004223,0.0004231,1493,2026-07-23 07:00:00+00:00
1784790300000,0.0004231,0.0004231,0.0004227,0.0004227,601,2026-07-23 07:05:00+00:00
1784790600000,0.0004226,0.0004226,0.0004199,0.0004207,6295,2026-07-23 07:10:00+00:00
1784790900000,0.0004207,0.0004207,0.0004194,0.0004198,5177,2026-07-23 07:15:00+00:00
1784791200000,0.0004198,0.00042,0.0004198,0.00042,1115,2026-07-23 07:20:00+00:00
1784791500000,0.0004197,0.0004203,0.0004197,0.0004203,5420,2026-07-23 07:25:00+00:00
1784791800000,0.0004201,0.0004202,0.0004195,0.0004198,1217,2026-07-23 07:30:00+00:00
1784792100000,0.0004199,0.0004203,0.0004199,0.0004202,2165,2026-07-23 07:35:00+00:00
1784792400000,0.0004202,0.0004202,0.0004198,0.0004198,848,2026-07-23 07:40:00+00:00
1784792700000,0.0004201,0.0004202,0.0004199,0.00042,1979,2026-07-23 07:45:00+00:00
1784793000000,0.00042,0.0004202,0.0004198,0.0004198,501,2026-07-23 07:50:00+00:00
1784793300000,0.0004202,0.0004207,0.0004202,0.0004207,90,2026-07-23 07:55:00+00:00
1784793600000,0.0004204,0.0004208,0.0004202,0.0004208,2100,2026-07-23 08:00:00+00:00
1784793900000,0.0004208,0.0004215,0.0004208,0.0004213,1223,2026-07-23 08:05:00+00:00
1784794200000,0.0004216,0.0004219,0.0004216,0.0004219,119,2026-07-23 08:10:00+00:00
1784794500000,0.000422,0.0004222,0.0004215,0.0004222,673,2026-07-23 08:15:00+00:00
1784794800000,0.0004219,0.0004219,0.0004214,0.0004216,157,2026-07-23 08:20:00+00:00
1784795100000,0.0004216,0.0004224,0.0004216,0.0004224,939,2026-07-23 08:25:00+00:00
1784795400000,0.0004225,0.000423,0.0004224,0.0004229,3341,2026-07-23 08:30:00+00:00
1784795700000,0.0004228,0.0004228,0.0004226,0.0004226,2,2026-07-23 08:35:00+00:00
1784796000000,0.0004226,0.0004226,0.0004221,0.0004223,1051,2026-07-23 08:40:00+00:00
1784796300000,0.000422,0.0004221,0.0004213,0.0004213,2071,2026-07-23 08:45:00+00:00
1784796600000,0.0004212,0.0004214,0.0004208,0.0004213,662,2026-07-23 08:50:00+00:00
1784796900000,0.0004213,0.0004218,0.0004213,0.0004218,292,2026-07-23 08:55:00+00:00
1784797200000,0.0004215,0.0004223,0.0004206,0.0004222,1205,2026-07-23 09:00:00+00:00
1784797500000,0.0004222,0.0004224,0.0004215,0.0004216,960,2026-07-23 09:05:00+00:00
1784797800000,0.0004214,0.0004214,0.0004208,0.0004211,11292,2026-07-23 09:10:00+00:00
1784798100000,0.0004213,0.0004217,0.0004213,0.0004217,141,2026-07-23 09:15:00+00:00
1784798400000,0.0004218,0.0004221,0.0004218,0.0004221,1263,2026-07-23 09:20:00+00:00
1784798700000,0.0004219,0.0004222,0.0004217,0.0004218,81,2026-07-23 09:25:00+00:00
1784799000000,0.0004217,0.0004218,0.0004215,0.0004215,335,2026-07-23 09:30:00+00:00
1784799300000,0.0004218,0.0004218,0.0004215,0.0004215,697,2026-07-23 09:35:00+00:00
1784799600000,0.0004217,0.0004218,0.0004217,0.0004218,719,2026-07-23 09:40:00+00:00
1784799900000,0.0004216,0.0004216,0.0004216,0.0004216,25,2026-07-23 09:45:00+00:00
1784800200000,0.0004216,0.0004216,0.0004211,0.0004216,418,2026-07-23 09:50:00+00:00
1784800500000,0.0004216,0.0004216,0.0004215,0.0004215,151,2026-07-23 09:55:00+00:00
1784800800000,0.0004214,0.0004214,0.0004207,0.0004214,2776,2026-07-23 10:00:00+00:00
1784801100000,0.0004215,0.0004215,0.000421,0.000421,492,2026-07-23 10:05:00+00:00
1784801400000,0.0004211,0.0004211,0.0004209,0.0004209,164,2026-07-23 10:10:00+00:00
1784801700000,0.0004212,0.0004212,0.0004211,0.0004211,160,2026-07-23 10:15:00+00:00
1784802000000,0.0004208,0.0004208,0.0004207,0.0004208,256,2026-07-23 10:20:00+00:00
1784802300000,0.0004211,0.0004214,0.000421,0.0004214,971,2026-07-23 10:25:00+00:00
1784802600000,0.0004213,0.0004215,0.0004207,0.0004213,7062,2026-07-23 10:30:00+00:00
1784802900000,0.0004212,0.0004217,0.0004211,0.0004217,1559,2026-07-23 10:35:00+00:00
1784803200000,0.0004218,0.0004219,0.0004217,0.0004218,635,2026-07-23 10:40:00+00:00
1784803500000,0.000422,0.000422,0.000422,0.000422,53,2026-07-23 10:45:00+00:00
1784803800000,0.0004218,0.0004218,0.0004213,0.0004213,929,2026-07-23 10:50:00+00:00
1784804100000,0.0004214,0.0004214,0.0004207,0.000421,783,2026-07-23 10:55:00+00:00
1784804400000,0.0004209,0.0004209,0.0004204,0.0004207,607,2026-07-23 11:00:00+00:00
1784804700000,0.0004207,0.0004207,0.0004203,0.0004207,10336,2026-07-23 11:05:00+00:00
1784805000000,0.0004206,0.0004215,0.0004206,0.0004213,210,2026-07-23 11:10:00+00:00
1784805300000,0.0004215,0.0004219,0.0004213,0.0004219,540,2026-07-23 11:15:00+00:00
1784805600000,0.0004219,0.0004219,0.0004213,0.0004213,1003,2026-07-23 11:20:00+00:00
1784805900000,0.0004213,0.0004213,0.0004209,0.0004211,2031,2026-07-23 11:25:00+00:00
1784806200000,0.0004212,0.0004212,0.0004208,0.0004208,388,2026-07-23 11:30:00+00:00
1784806500000,0.0004206,0.0004206,0.0004206,0.0004206,507,2026-07-23 11:35:00+00:00
1784806800000,0.0004208,0.0004208,0.0004205,0.0004205,44,2026-07-23 11:40:00+00:00
1784807100000,0.0004205,0.0004206,0.0004205,0.0004206,876,2026-07-23 11:45:00+00:00
1784807400000,0.0004209,0.0004214,0.0004201,0.0004201,8387,2026-07-23 11:50:00+00:00
1784807700000,0.00042,0.0004201,0.0004196,0.0004201,46,2026-07-23 11:55:00+00:00
1784808000000,0.0004199,0.0004199,0.0004193,0.0004197,1160,2026-07-23 12:00:00+00:00
1784808300000,0.0004193,0.0004194,0.0004193,0.0004194,439,2026-07-23 12:05:00+00:00
1784808600000,0.0004195,0.0004202,0.0004195,0.0004202,623,2026-07-23 12:10:00+00:00
1784808900000,0.0004199,0.0004199,0.0004185,0.0004195,18792,2026-07-23 12:15:00+00:00
1784809200000,0.0004199,0.0004203,0.0004195,0.0004195,16369,2026-07-23 12:20:00+00:00
1784809500000,0.0004195,0.0004195,0.0004193,0.0004193,25910,2026-07-23 12:25:00+00:00
1784809800000,0.0004192,0.0004195,0.0004185,0.0004185,3121,2026-07-23 12:30:00+00:00
1784810100000,0.0004184,0.0004185,0.0004169,0.0004174,3010,2026-07-23 12:35:00+00:00
1784810400000,0.0004172,0.0004173,0.0004169,0.0004173,565,2026-07-23 12:40:00+00:00
1784810700000,0.0004169,0.0004169,0.0004149,0.0004169,12733,2026-07-23 12:45:00+00:00
1784811000000,0.000417,0.000421,0.000417,0.000421,37365,2026-07-23 12:50:00+00:00
1784811300000,0.0004211,0.0004224,0.0004211,0.0004223,9125,2026-07-23 12:55:00+00:00
1784811600000,0.000422,0.0004227,0.0004212,0.0004218,5007,2026-07-23 13:00:00+00:00
1784811900000,0.0004219,0.0004226,0.000421,0.000422,8556,2026-07-23 13:05:00+00:00
1784812200000,0.0004218,0.000423,0.0004216,0.0004223,1750,2026-07-23 13:10:00+00:00
1784812500000,0.0004223,0.0004226,0.0004217,0.0004218,1896,2026-07-23 13:15:00+00:00
1784812800000,0.0004219,0.0004229,0.0004219,0.0004223,576,2026-07-23 13:20:00+00:00
1784813100000,0.0004222,0.0004228,0.0004213,0.0004224,4768,2026-07-23 13:25:00+00:00
1784813400000,0.0004227,0.0004248,0.0004221,0.0004244,2410,2026-07-23 13:30:00+00:00
1784813700000,0.0004246,0.0004248,0.0004239,0.0004245,16382,2026-07-23 13:35:00+00:00
1784814000000,0.0004246,0.0004253,0.000424,0.0004249,1458,2026-07-23 13:40:00+00:00
1784814300000,0.0004249,0.000425,0.0004236,0.000425,12382,2026-07-23 13:45:00+00:00
1784814600000,0.0004248,0.0004265,0.0004239,0.0004259,10052,2026-07-23 13:50:00+00:00
1784814900000,0.0004258,0.0004258,0.0004249,0.0004251,2529,2026-07-23 13:55:00+00:00
1784815200000,0.000425,0.0004263,0.0004249,0.0004263,2471,2026-07-23 14:00:00+00:00
1784815500000,0.0004261,0.0004268,0.0004256,0.0004267,10892,2026-07-23 14:05:00+00:00
1784815800000,0.0004267,0.0004275,0.0004262,0.0004275,1121,2026-07-23 14:10:00+00:00
1784816100000,0.0004274,0.0004286,0.0004273,0.0004282,673,2026-07-23 14:15:00+00:00
1784816400000,0.0004285,0.0004285,0.0004273,0.0004277,984,2026-07-23 14:20:00+00:00
1784816700000,0.0004279,0.0004324,0.0004279,0.0004315,95228,2026-07-23 14:25:00+00:00
1784817000000,0.0004316,0.0004416,0.0004315,0.0004405,228204,2026-07-23 14:30:00+00:00
1784817300000,0.0004407,0.0004529,0.0004401,0.0004509,165549,2026-07-23 14:35:00+00:00
1784817600000,0.0004507,0.0004507,0.0004446,0.0004453,56426,2026-07-23 14:40:00+00:00
1784817900000,0.0004451,0.0004456,0.0004437,0.0004441,24461,2026-07-23 14:45:00+00:00
1784818200000,0.0004445,0.0004455,0.0004428,0.0004453,15068,2026-07-23 14:50:00+00:00
1784818500000,0.0004454,0.000448,0.0004454,0.0004477,32443,2026-07-23 14:55:00+00:00
1784818800000,0.0004478,0.0004485,0.0004455,0.000448,32154,2026-07-23 15:00:00+00:00
1784819100000,0.0004482,0.0004485,0.0004428,0.0004429,23762,2026-07-23 15:05:00+00:00
1784819400000,0.000443,0.000443,0.0004403,0.0004413,9391,2026-07-23 15:10:00+00:00
1784819700000,0.0004412,0.0004422,0.0004401,0.0004422,14467,2026-07-23 15:15:00+00:00
1784820000000,0.0004423,0.0004453,0.0004422,0.000445,45799,2026-07-23 15:20:00+00:00
1784820300000,0.0004451,0.0004452,0.0004441,0.0004441,3339,2026-07-23 15:25:00+00:00
1784820600000,0.0004442,0.0004443,0.0004427,0.0004439,4294,2026-07-23 15:30:00+00:00
1784820900000,0.000444,0.0004449,0.0004429,0.0004436,21858,2026-07-23 15:35:00+00:00
1784821200000,0.0004436,0.0004449,0.0004429,0.0004429,2110,2026-07-23 15:40:00+00:00
1784821500000,0.0004428,0.0004428,0.0004403,0.0004428,44540,2026-07-23 15:45:00+00:00
1784821800000,0.0004429,0.0004465,0.0004429,0.0004465,30479,2026-07-23 15:50:00+00:00
1784822100000,0.0004466,0.0004466,0.000444,0.0004461,6777,2026-07-23 15:55:00+00:00
1784822400000,0.0004461,0.0004501,0.0004457,0.0004473,93333,2026-07-23 16:00:00+00:00
1784822700000,0.0004473,0.0004481,0.0004464,0.0004481,29766,2026-07-23 16:05:00+00:00
1784823000000,0.000448,0.0004484,0.0004453,0.0004484,40060,2026-07-23 16:10:00+00:00
1784823300000,0.0004483,0.0004483,0.0004427,0.0004433,55188,2026-07-23 16:15:00+00:00
1784823600000,0.0004432,0.0004442,0.0004429,0.0004435,8945,2026-07-23 16:20:00+00:00
1784823900000,0.0004438,0.0004453,0.0004435,0.0004453,7439,2026-07-23 16:25:00+00:00
1784824200000,0.0004452,0.0004464,0.0004447,0.0004454,27479,2026-07-23 16:30:00+00:00
1784824500000,0.0004455,0.0004459,0.000443,0.0004447,26966,2026-07-23 16:35:00+00:00
1784824800000,0.0004446,0.0004456,0.0004436,0.0004447,4965,2026-07-23 16:40:00+00:00
1784825100000,0.0004445,0.0004448,0.0004427,0.0004432,14539,2026-07-23 16:45:00+00:00
1784825400000,0.0004429,0.0004433,0.0004427,0.0004433,1152,2026-07-23 16:50:00+00:00
1784825700000,0.0004435,0.0004442,0.0004427,0.0004437,4116,2026-07-23 16:55:00+00:00
1784826000000,0.0004436,0.0004447,0.0004414,0.0004418,16463,2026-07-23 17:00:00+00:00
1784826300000,0.0004417,0.0004422,0.0004385,0.0004417,45769,2026-07-23 17:05:00+00:00
1784826600000,0.0004417,0.0004424,0.0004405,0.0004405,2179,2026-07-23 17:10:00+00:00
1784826900000,0.0004404,0.0004408,0.000439,0.0004391,10973,2026-07-23 17:15:00+00:00
1784827200000,0.0004391,0.0004401,0.0004391,0.0004396,82,2026-07-23 17:20:00+00:00
1784827500000,0.0004397,0.0004414,0.0004397,0.0004407,1526,2026-07-23 17:25:00+00:00
1784827800000,0.0004407,0.0004417,0.00044,0.0004414,7497,2026-07-23 17:30:00+00:00
1784828100000,0.0004412,0.000442,0.0004391,0.0004412,28168,2026-07-23 17:35:00+00:00
1784828400000,0.0004412,0.0004421,0.0004412,0.0004417,3165,2026-07-23 17:40:00+00:00
1784828700000,0.0004416,0.0004419,0.0004402,0.0004402,5562,2026-07-23 17:45:00+00:00
1784829000000,0.0004403,0.0004404,0.0004384,0.0004394,4574,2026-07-23 17:50:00+00:00
1784829300000,0.0004391,0.0004408,0.000437,0.0004375,34446,2026-07-23 17:55:00+00:00
1784829600000,0.0004378,0.0004413,0.0004378,0.0004409,9750,2026-07-23 18:00:00+00:00
1784829900000,0.0004408,0.0004428,0.0004404,0.0004428,10711,2026-07-23 18:05:00+00:00
1784830200000,0.0004428,0.0004428,0.0004407,0.0004421,11749,2026-07-23 18:10:00+00:00
1784830500000,0.0004423,0.0004429,0.0004416,0.0004417,2097,2026-07-23 18:15:00+00:00
1784830800000,0.0004416,0.0004417,0.0004404,0.0004415,8509,2026-07-23 18:20:00+00:00
1784831100000,0.0004415,0.0004419,0.0004407,0.0004407,536,2026-07-23 18:25:00+00:00
1784831400000,0.0004408,0.000441,0.0004405,0.0004407,921,2026-07-23 18:30:00+00:00
1784831700000,0.0004404,0.0004404,0.0004379,0.0004385,9576,2026-07-23 18:35:00+00:00
1784832000000,0.0004385,0.0004385,0.0004364,0.0004372,5881,2026-07-23 18:40:00+00:00
1784832300000,0.0004368,0.0004381,0.0004368,0.0004381,7387,2026-07-23 18:45:00+00:00
1784832600000,0.0004383,0.0004386,0.0004374,0.0004374,8941,2026-07-23 18:50:00+00:00
1784832900000,0.0004374,0.0004379,0.0004372,0.0004377,2232,2026-07-23 18:55:00+00:00
1784833200000,0.0004378,0.0004385,0.0004369,0.0004372,23974,2026-07-23 19:00:00+00:00
1784833500000,0.0004372,0.0004372,0.0004352,0.0004354,8255,2026-07-23 19:05:00+00:00
1784833800000,0.0004353,0.0004358,0.0004348,0.0004354,7495,2026-07-23 19:10:00+00:00
1784834100000,0.0004352,0.0004358,0.0004344,0.0004348,2265,2026-07-23 19:15:00+00:00
1784834400000,0.0004347,0.0004354,0.0004347,0.0004349,3613,2026-07-23 19:20:00+00:00
1784834700000,0.000435,0.0004357,0.0004348,0.0004356,8968,2026-07-23 19:25:00+00:00
1784835000000,0.0004353,0.0004362,0.0004349,0.0004349,7669,2026-07-23 19:30:00+00:00
1784835300000,0.0004349,0.0004349,0.0004331,0.0004337,21758,2026-07-23 19:35:00+00:00
1784835600000,0.0004333,0.0004336,0.0004328,0.0004333,12265,2026-07-23 19:40:00+00:00
1784835900000,0.0004333,0.0004334,0.0004328,0.000433,3083,2026-07-23 19:45:00+00:00
1784836200000,0.000433,0.0004335,0.0004318,0.0004328,20875,2026-07-23 19:50:00+00:00
1784836500000,0.0004328,0.0004343,0.0004328,0.0004338,986,2026-07-23 19:55:00+00:00
1784836800000,0.000434,0.0004364,0.0004337,0.0004364,7506,2026-07-23 20:00:00+00:00
1784837100000,0.0004364,0.0004376,0.0004362,0.0004371,2702,2026-07-23 20:05:00+00:00
1784837400000,0.0004373,0.0004375,0.000437,0.0004374,791,2026-07-23 20:10:00+00:00
1784837700000,0.0004375,0.0004389,0.0004375,0.0004389,5475,2026-07-23 20:15:00+00:00
1784838000000,0.000439,0.0004391,0.0004383,0.0004383,2800,2026-07-23 20:20:00+00:00
1784838300000,0.0004381,0.0004386,0.000437,0.000437,4822,2026-07-23 20:25:00+00:00
1784838600000,0.000437,0.0004375,0.0004366,0.0004374,3453,2026-07-23 20:30:00+00:00
1784838900000,0.0004374,0.0004374,0.0004368,0.0004368,515,2026-07-23 20:35:00+00:00
1784839200000,0.0004366,0.000437,0.0004363,0.0004369,2219,2026-07-23 20:40:00+00:00
1784839500000,0.0004366,0.0004375,0.0004362,0.0004375,9050,2026-07-23 20:45:00+00:00
1784839800000,0.0004376,0.0004377,0.0004372,0.0004373,479,2026-07-23 20:50:00+00:00
1784840100000,0.0004372,0.0004372,0.0004364,0.0004364,421,2026-07-23 20:55:00+00:00
1784840400000,0.0004362,0.000437,0.000436,0.000436,1522,2026-07-23 21:00:00+00:00
1784840700000,0.0004361,0.0004362,0.000436,0.0004362,1898,2026-07-23 21:05:00+00:00
1784841000000,0.0004361,0.0004374,0.0004361,0.0004366,4801,2026-07-23 21:10:00+00:00
1784841300000,0.0004365,0.0004377,0.0004365,0.0004373,934,2026-07-23 21:15:00+00:00
1784841600000,0.0004374,0.0004377,0.0004367,0.0004373,2356,2026-07-23 21:20:00+00:00
1784841900000,0.0004369,0.000437,0.0004366,0.0004366,822,2026-07-23 21:25:00+00:00
1784842200000,0.0004366,0.0004371,0.0004366,0.0004371,1706,2026-07-23 21:30:00+00:00
1784842500000,0.0004366,0.0004366,0.0004362,0.0004364,464,2026-07-23 21:35:00+00:00
1784842800000,0.0004363,0.0004376,0.0004361,0.0004376,3095,2026-07-23 21:40:00+00:00
1784843100000,0.0004376,0.0004376,0.0004368,0.0004368,1215,2026-07-23 21:45:00+00:00
1784843400000,0.0004368,0.0004376,0.0004368,0.0004368,3866,2026-07-23 21:50:00+00:00
1784843700000,0.0004366,0.0004374,0.0004363,0.0004374,1722,2026-07-23 21:55:00+00:00
1784844000000,0.0004372,0.0004374,0.0004372,0.0004373,256,2026-07-23 22:00:00+00:00
1784844300000,0.0004375,0.0004379,0.0004374,0.0004378,1946,2026-07-23 22:05:00+00:00
1784844600000,0.0004376,0.0004385,0.0004368,0.0004384,3670,2026-07-23 22:10:00+00:00
1784844900000,0.0004384,0.0004389,0.0004331,0.0004356,35881,2026-07-23 22:15:00+00:00
1784845200000,0.0004358,0.000436,0.0004353,0.000436,773,2026-07-23 22:20:00+00:00
1784845500000,0.0004361,0.0004364,0.000435,0.0004352,2561,2026-07-23 22:25:00+00:00
1784845800000,0.0004352,0.0004364,0.000435,0.0004357,5007,2026-07-23 22:30:00+00:00
1784846100000,0.0004358,0.0004358,0.0004339,0.0004348,14750,2026-07-23 22:35:00+00:00
1784846400000,0.0004347,0.0004347,0.0004338,0.0004338,1672,2026-07-23 22:40:00+00:00
1784846700000,0.000434,0.0004343,0.0004334,0.0004334,803,2026-07-23 22:45:00+00:00
1784847000000,0.0004332,0.0004336,0.0004332,0.0004336,879,2026-07-23 22:50:00+00:00
1784847300000,0.0004336,0.0004336,0.0004336,0.0004336,0,2026-07-23 22:55:00+00:00
1784847600000,0.0004336,0.0004348,0.0004334,0.0004335,2025,2026-07-23 23:00:00+00:00
1784847900000,0.0004338,0.0004343,0.0004335,0.0004341,5767,2026-07-23 23:05:00+00:00
1784848200000,0.0004344,0.0004345,0.0004338,0.0004339,465,2026-07-23 23:10:00+00:00
1784848500000,0.0004342,0.0004347,0.000434,0.0004347,297,2026-07-23 23:15:00+00:00
1784848800000,0.0004348,0.000435,0.000434,0.0004344,1145,2026-07-23 23:20:00+00:00
1784849100000,0.0004344,0.0004344,0.0004324,0.0004341,12532,2026-07-23 23:25:00+00:00
1784849400000,0.0004341,0.0004348,0.0004331,0.0004344,1460,2026-07-23 23:30:00+00:00
1784849700000,0.0004345,0.0004345,0.0004336,0.0004345,1870,2026-07-23 23:35:00+00:00
1784850000000,0.0004345,0.0004345,0.0004343,0.0004343,53,2026-07-23 23:40:00+00:00
1784850300000,0.0004343,0.0004343,0.0004339,0.0004342,872,2026-07-23 23:45:00+00:00
1784850600000,0.0004343,0.0004345,0.0004337,0.0004343,746,2026-07-23 23:50:00+00:00
1784850900000,0.0004344,0.0004347,0.0004341,0.0004341,79,2026-07-23 23:55:00+00:00
1784851200000,0.0004346,0.000435,0.0004341,0.0004349,3624,2026-07-24 00:00:00+00:00
1784851500000,0.0004349,0.0004349,0.0004312,0.0004324,19821,2026-07-24 00:05:00+00:00
1784851800000,0.0004326,0.0004336,0.0004324,0.0004336,549,2026-07-24 00:10:00+00:00
1784852100000,0.0004337,0.0004345,0.0004335,0.0004343,1080,2026-07-24 00:15:00+00:00
1784852400000,0.0004344,0.0004349,0.0004342,0.0004342,888,2026-07-24 00:20:00+00:00
1784852700000,0.0004341,0.0004344,0.0004338,0.0004344,1534,2026-07-24 00:25:00+00:00
1784853000000,0.0004341,0.0004345,0.0004312,0.0004316,7783,2026-07-24 00:30:00+00:00
1784853300000,0.0004318,0.0004328,0.0004316,0.0004322,2188,2026-07-24 00:35:00+00:00
1784853600000,0.0004325,0.0004338,0.0004325,0.0004337,559,2026-07-24 00:40:00+00:00
1784853900000,0.0004335,0.000435,0.0004335,0.000435,885,2026-07-24 00:45:00+00:00
1784854200000,0.000435,0.0004358,0.000435,0.0004351,7201,2026-07-24 00:50:00+00:00
1784854500000,0.0004352,0.0004365,0.0004351,0.0004359,5329,2026-07-24 00:55:00+00:00
1784854800000,0.0004358,0.0004368,0.0004355,0.0004368,412,2026-07-24 01:00:00+00:00
1784855100000,0.0004369,0.0004376,0.0004365,0.0004372,2558,2026-07-24 01:05:00+00:00
1784855400000,0.000437,0.0004372,0.0004366,0.0004372,1034,2026-07-24 01:10:00+00:00
1784855700000,0.0004373,0.0004379,0.0004369,0.0004374,321,2026-07-24 01:15:00+00:00
1784856000000,0.0004373,0.0004379,0.000437,0.0004379,67,2026-07-24 01:20:00+00:00
1784856300000,0.000438,0.0004386,0.000437,0.000437,4730,2026-07-24 01:25:00+00:00
1784856600000,0.0004369,0.0004375,0.0004365,0.0004375,1367,2026-07-24 01:30:00+00:00
1784856900000,0.000437,0.000437,0.0004364,0.0004364,1434,2026-07-24 01:35:00+00:00
1784857200000,0.0004363,0.0004368,0.0004359,0.0004362,3954,2026-07-24 01:40:00+00:00
1784857500000,0.0004363,0.0004366,0.0004357,0.0004357,10943,2026-07-24 01:45:00+00:00
1784857800000,0.0004357,0.0004366,0.0004357,0.0004361,2582,2026-07-24 01:50:00+00:00
1784858100000,0.0004358,0.0004358,0.0004345,0.0004345,478,2026-07-24 01:55:00+00:00
1784858400000,0.0004344,0.0004353,0.0004343,0.0004353,6409,2026-07-24 02:00:00+00:00
1784858700000,0.0004348,0.0004348,0.0004342,0.0004344,2289,2026-07-24 02:05:00+00:00
1784859000000,0.0004347,0.0004347,0.0004344,0.0004344,1071,2026-07-24 02:10:00+00:00
1784859300000,0.0004345,0.0004345,0.0004339,0.0004344,634,2026-07-24 02:15:00+00:00
1784859600000,0.0004344,0.0004345,0.000434,0.0004342,4425,2026-07-24 02:20:00+00:00
1784859900000,0.000434,0.000434,0.0004333,0.0004337,1354,2026-07-24 02:25:00+00:00
1784860200000,0.0004337,0.0004338,0.0004322,0.0004322,1152,2026-07-24 02:30:00+00:00
1784860500000,0.0004321,0.0004332,0.0004321,0.0004332,4125,2026-07-24 02:35:00+00:00
1784860800000,0.0004334,0.0004342,0.0004333,0.0004333,651,2026-07-24 02:40:00+00:00
1784861100000,0.0004335,0.0004337,0.0004328,0.0004328,1368,2026-07-24 02:45:00+00:00
1784861400000,0.0004326,0.0004333,0.0004325,0.0004333,127,2026-07-24 02:50:00+00:00
1784861700000,0.0004329,0.0004333,0.0004328,0.0004331,1632,2026-07-24 02:55:00+00:00
1784862000000,0.0004334,0.0004355,0.0004331,0.0004355,2752,2026-07-24 03:00:00+00:00
1784862300000,0.0004356,0.0004361,0.0004354,0.0004356,2643,2026-07-24 03:05:00+00:00
1784862600000,0.0004357,0.0004363,0.0004356,0.0004363,1166,2026-07-24 03:10:00+00:00
1784862900000,0.0004364,0.0004366,0.0004364,0.0004366,199,2026-07-24 03:15:00+00:00
1784863200000,0.0004367,0.0004376,0.0004367,0.0004372,1516,2026-07-24 03:20:00+00:00
1784863500000,0.0004372,0.0004375,0.0004369,0.0004373,345,2026-07-24 03:25:00+00:00
1784863800000,0.000437,0.000437,0.0004365,0.0004367,550,2026-07-24 03:30:00+00:00
1784864100000,0.0004367,0.0004376,0.0004366,0.0004376,6452,2026-07-24 03:35:00+00:00
1784864400000,0.0004375,0.0004376,0.0004368,0.0004376,3334,2026-07-24 03:40:00+00:00
1784864700000,0.0004374,0.0004374,0.0004361,0.0004363,128,2026-07-24 03:45:00+00:00
1784865000000,0.000436,0.000436,0.0004356,0.0004356,13,2026-07-24 03:50:00+00:00
1784865300000,0.0004354,0.0004354,0.0004351,0.0004351,17,2026-07-24 03:55:00+00:00
1784865600000,0.000435,0.0004354,0.000435,0.000435,420,2026-07-24 04:00:00+00:00
1784865900000,0.0004353,0.0004355,0.0004344,0.0004351,3325,2026-07-24 04:05:00+00:00
1784866200000,0.0004353,0.0004353,0.0004346,0.0004348,844,2026-07-24 04:10:00+00:00
1784866500000,0.0004344,0.000435,0.0004342,0.000435,1644,2026-07-24 04:15:00+00:00
1784866800000,0.000435,0.000436,0.0004344,0.0004358,5499,2026-07-24 04:20:00+00:00
1784867100000,0.0004356,0.0004364,0.0004356,0.0004357,6432,2026-07-24 04:25:00+00:00
1784867400000,0.0004356,0.0004376,0.0004354,0.0004368,1262,2026-07-24 04:30:00+00:00
1784867700000,0.0004368,0.0004369,0.0004368,0.0004369,1218,2026-07-24 04:35:00+00:00
1784868000000,0.0004372,0.0004376,0.0004366,0.0004376,416,2026-07-24 04:40:00+00:00
1784868300000,0.0004376,0.0004378,0.0004373,0.0004373,583,2026-07-24 04:45:00+00:00
1784868600000,0.0004373,0.0004373,0.0004373,0.0004373,44,2026-07-24 04:50:00+00:00
1784868900000,0.0004372,0.0004372,0.000437,0.0004372,8,2026-07-24 04:55:00+00:00
1784869200000,0.0004373,0.0004374,0.0004368,0.0004374,488,2026-07-24 05:00:00+00:00
1784869500000,0.0004375,0.0004388,0.0004375,0.0004383,6997,2026-07-24 05:05:00+00:00
1784869800000,0.0004384,0.0004388,0.0004384,0.0004384,6699,2026-07-24 05:10:00+00:00
1784870100000,0.0004384,0.0004416,0.0004383,0.0004414,6165,2026-07-24 05:15:00+00:00
1784870400000,0.0004413,0.0004419,0.0004397,0.00044,5743,2026-07-24 05:20:00+00:00
1784870700000,0.0004396,0.0004399,0.0004393,0.0004397,1732,2026-07-24 05:25:00+00:00
1784871000000,0.0004395,0.0004395,0.0004389,0.0004392,859,2026-07-24 05:30:00+00:00
1784871300000,0.0004388,0.0004391,0.000438,0.0004391,1596,2026-07-24 05:35:00+00:00
1784871600000,0.0004391,0.0004398,0.0004388,0.0004398,154,2026-07-24 05:40:00+00:00
1784871900000,0.0004398,0.0004408,0.0004397,0.0004407,122,2026-07-24 05:45:00+00:00
1784872200000,0.0004406,0.0004414,0.0004406,0.0004409,6445,2026-07-24 05:50:00+00:00
1784872500000,0.0004407,0.0004407,0.0004399,0.0004403,1693,2026-07-24 05:55:00+00:00
1784872800000,0.0004401,0.0004418,0.0004401,0.0004417,20521,2026-07-24 06:00:00+00:00
1784873100000,0.0004416,0.0004416,0.0004388,0.0004408,6381,2026-07-24 06:05:00+00:00
1784873400000,0.0004407,0.0004407,0.0004396,0.0004396,66,2026-07-24 06:10:00+00:00
1784873700000,0.0004395,0.0004411,0.000439,0.0004411,3236,2026-07-24 06:15:00+00:00
1784874000000,0.000441,0.0004413,0.0004407,0.000441,2447,2026-07-24 06:20:00+00:00
1784874300000,0.0004411,0.0004411,0.0004404,0.0004405,582,2026-07-24 06:25:00+00:00
1784874600000,0.0004403,0.0004412,0.0004399,0.0004412,207,2026-07-24 06:30:00+00:00
1784874900000,0.0004413,0.0004415,0.0004407,0.0004407,2594,2026-07-24 06:35:00+00:00
1784875200000,0.0004405,0.0004405,0.0004392,0.0004392,3297,2026-07-24 06:40:00+00:00
1784875500000,0.0004392,0.0004392,0.000438,0.000438,957,2026-07-24 06:45:00+00:00
1784875800000,0.0004379,0.0004383,0.0004378,0.000438,1580,2026-07-24 06:50:00+00:00
1784876100000,0.000438,0.000438,0.000438,0.000438,152,2026-07-24 06:55:00+00:00
1784876400000,0.000438,0.0004382,0.0004376,0.0004376,510,2026-07-24 07:00:00+00:00
1784876700000,0.0004374,0.0004379,0.0004373,0.0004379,3793,2026-07-24 07:05:00+00:00
1784877000000,0.000438,0.0004407,0.000438,0.0004403,10817,2026-07-24 07:10:00+00:00
1784877300000,0.0004402,0.0004402,0.0004386,0.0004387,2330,2026-07-24 07:15:00+00:00
1784877600000,0.0004388,0.0004388,0.0004375,0.0004379,4947,2026-07-24 07:20:00+00:00
1784877900000,0.0004374,0.0004379,0.0004372,0.0004378,1587,2026-07-24 07:25:00+00:00
1784878200000,0.0004377,0.0004386,0.0004373,0.0004374,5320,2026-07-24 07:30:00+00:00
1784878500000,0.0004373,0.000438,0.0004371,0.0004374,2665,2026-07-24 07:35:00+00:00
1784878800000,0.0004379,0.0004379,0.0004365,0.000437,355,2026-07-24 07:40:00+00:00
1784879100000,0.0004372,0.000438,0.0004372,0.0004377,326,2026-07-24 07:45:00+00:00
1784879400000,0.0004374,0.0004381,0.0004374,0.0004381,272,2026-07-24 07:50:00+00:00
1784879700000,0.0004382,0.0004384,0.0004377,0.0004377,1231,2026-07-24 07:55:00+00:00
1784880000000,0.000438,0.0004384,0.0004372,0.0004372,1191,2026-07-24 08:00:00+00:00
1784880300000,0.0004372,0.0004372,0.0004366,0.0004371,2996,2026-07-24 08:05:00+00:00
1784880600000,0.0004372,0.0004372,0.0004368,0.0004368,225,2026-07-24 08:10:00+00:00
1784880900000,0.000437,0.0004378,0.0004368,0.0004368,3994,2026-07-24 08:15:00+00:00
1784881200000,0.000437,0.0004381,0.0004366,0.0004374,1178,2026-07-24 08:20:00+00:00
1784881500000,0.0004376,0.0004381,0.0004376,0.0004381,6,2026-07-24 08:25:00+00:00
1784881800000,0.0004381,0.0004381,0.0004378,0.0004379,127,2026-07-24 08:30:00+00:00
1784882100000,0.000438,0.0004381,0.0004377,0.0004379,1150,2026-07-24 08:35:00+00:00
1784882400000,0.0004377,0.0004381,0.0004377,0.0004379,4594,2026-07-24 08:40:00+00:00
1784882700000,0.0004376,0.0004376,0.0004368,0.0004369,1300,2026-07-24 08:45:00+00:00
1784883000000,0.0004367,0.0004368,0.0004366,0.0004368,233,2026-07-24 08:50:00+00:00
1784883300000,0.0004368,0.0004368,0.0004368,0.0004368,0,2026-07-24 08:55:00+00:00
1784883600000,0.0004369,0.0004369,0.0004368,0.0004368,266,2026-07-24 09:00:00+00:00
1784883900000,0.0004366,0.0004366,0.0004356,0.0004356,3269,2026-07-24 09:05:00+00:00
1784884200000,0.000436,0.0004361,0.0004332,0.0004336,7413,2026-07-24 09:10:00+00:00
1784884500000,0.0004333,0.0004335,0.0004324,0.0004329,6243,2026-07-24 09:15:00+00:00
1784884800000,0.0004332,0.0004334,0.0004331,0.0004334,487,2026-07-24 09:20:00+00:00
1784885100000,0.0004334,0.0004339,0.0004334,0.0004339,826,2026-07-24 09:25:00+00:00
1784885400000,0.000434,0.000434,0.0004334,0.0004336,1295,2026-07-24 09:30:00+00:00
1784885700000,0.0004338,0.0004344,0.0004338,0.0004344,690,2026-07-24 09:35:00+00:00
1784886000000,0.0004346,0.0004356,0.0004345,0.0004356,2556,2026-07-24 09:40:00+00:00
1784886300000,0.0004357,0.0004362,0.0004352,0.0004352,260,2026-07-24 09:45:00+00:00
1784886600000,0.0004353,0.0004356,0.0004353,0.0004356,12,2026-07-24 09:50:00+00:00
1784886900000,0.0004352,0.0004352,0.0004352,0.0004352,4,2026-07-24 09:55:00+00:00
1784887200000,0.000435,0.0004353,0.0004337,0.0004337,246,2026-07-24 10:00:00+00:00
1784887500000,0.0004337,0.0004337,0.0004328,0.0004328,3906,2026-07-24 10:05:00+00:00
1784887800000,0.0004326,0.0004326,0.0004312,0.0004317,11217,2026-07-24 10:10:00+00:00
1784888100000,0.0004316,0.0004317,0.0004307,0.0004308,9580,2026-07-24 10:15:00+00:00
1784888400000,0.0004311,0.0004332,0.0004311,0.000432,52772,2026-07-24 10:20:00+00:00
1784888700000,0.000432,0.000432,0.000432,0.000432,0,2026-07-24 10:25:00+00:00
1784889000000,0.0004318,0.0004318,0.0004313,0.0004315,2097,2026-07-24 10:30:00+00:00
1784889300000,0.0004312,0.0004313,0.0004309,0.0004309,915,2026-07-24 10:35:00+00:00
1784889600000,0.0004309,0.0004313,0.0004309,0.0004311,1431,2026-07-24 10:40:00+00:00
1784889900000,0.0004309,0.0004309,0.0004301,0.0004302,3557,2026-07-24 10:45:00+00:00
1784890200000,0.0004302,0.0004303,0.0004289,0.0004292,1933,2026-07-24 10:50:00+00:00
1784890500000,0.0004293,0.0004297,0.0004293,0.0004297,1173,2026-07-24 10:55:00+00:00
1784890800000,0.0004295,0.0004305,0.000429,0.0004296,6164,2026-07-24 11:00:00+00:00
1784891100000,0.0004297,0.0004298,0.0004289,0.0004289,738,2026-07-24 11:05:00+00:00
1784891400000,0.0004288,0.0004294,0.0004288,0.000429,706,2026-07-24 11:10:00+00:00
1784891700000,0.0004289,0.0004291,0.0004288,0.000429,1183,2026-07-24 11:15:00+00:00
1784892000000,0.0004292,0.0004298,0.0004291,0.0004298,1174,2026-07-24 11:20:00+00:00
1784892300000,0.0004298,0.0004298,0.0004285,0.0004288,2824,2026-07-24 11:25:00+00:00
1784892600000,0.0004284,0.0004291,0.0004281,0.0004286,3290,2026-07-24 11:30:00+00:00
1784892900000,0.0004286,0.0004292,0.0004276,0.0004278,18242,2026-07-24 11:35:00+00:00
1784893200000,0.0004278,0.0004286,0.0004278,0.0004286,290,2026-07-24 11:40:00+00:00
1784893500000,0.0004286,0.0004286,0.0004278,0.0004279,726,2026-07-24 11:45:00+00:00
1784893800000,0.0004283,0.0004289,0.0004283,0.0004289,794,2026-07-24 11:50:00+00:00
1784894100000,0.0004288,0.0004288,0.000428,0.0004282,392,2026-07-24 11:55:00+00:00
1784894400000,0.0004281,0.0004281,0.0004274,0.0004274,160,2026-07-24 12:00:00+00:00
1784894700000,0.0004275,0.0004281,0.0004274,0.0004281,2677,2026-07-24 12:05:00+00:00
1784895000000,0.0004282,0.0004286,0.0004281,0.0004283,197,2026-07-24 12:10:00+00:00
1784895300000,0.0004287,0.0004301,0.0004284,0.00043,3015,2026-07-24 12:15:00+00:00
1784895600000,0.00043,0.0004308,0.0004298,0.0004305,597,2026-07-24 12:20:00+00:00
1784895900000,0.0004304,0.0004322,0.0004297,0.0004316,6618,2026-07-24 12:25:00+00:00
1784896200000,0.0004315,0.0004315,0.0004303,0.0004303,230,2026-07-24 12:30:00+00:00
1784896500000,0.0004303,0.0004312,0.0004303,0.0004312,935,2026-07-24 12:35:00+00:00
1784896800000,0.0004314,0.0004314,0.0004298,0.0004298,206,2026-07-24 12:40:00+00:00
1784897100000,0.0004298,0.0004299,0.0004279,0.0004281,7724,2026-07-24 12:45:00+00:00
1784897400000,0.0004283,0.0004285,0.0004282,0.0004284,163,2026-07-24 12:50:00+00:00
1784897700000,0.0004281,0.0004281,0.0004274,0.0004275,1299,2026-07-24 12:55:00+00:00
1784898000000,0.0004277,0.0004282,0.0004272,0.0004273,1083,2026-07-24 13:00:00+00:00
1784898300000,0.0004275,0.0004275,0.0004226,0.0004246,32188,2026-07-24 13:05:00+00:00
1784898600000,0.0004247,0.0004257,0.0004246,0.0004251,1709,2026-07-24 13:10:00+00:00
1784898900000,0.0004252,0.0004268,0.0004252,0.0004268,4445,2026-07-24 13:15:00+00:00
1784899200000,0.0004268,0.000427,0.0004261,0.0004261,1461,2026-07-24 13:20:00+00:00
1784899500000,0.000426,0.000426,0.0004241,0.0004241,12607,2026-07-24 13:25:00+00:00
1784899800000,0.0004244,0.000425,0.0004237,0.000425,14967,2026-07-24 13:30:00+00:00
1784900100000,0.0004251,0.0004252,0.0004239,0.0004242,4574,2026-07-24 13:35:00+00:00
1784900400000,0.0004244,0.0004251,0.0004234,0.0004249,4580,2026-07-24 13:40:00+00:00
1784900700000,0.000425,0.0004256,0.0004243,0.0004251,4292,2026-07-24 13:45:00+00:00
1784901000000,0.0004249,0.0004249,0.0004223,0.0004223,22242,2026-07-24 13:50:00+00:00
1784901300000,0.0004224,0.0004229,0.0004206,0.0004229,18556,2026-07-24 13:55:00+00:00
1784901600000,0.000423,0.000424,0.0004222,0.0004234,6787,2026-07-24 14:00:00+00:00
1784901900000,0.0004236,0.000425,0.0004234,0.000425,4807,2026-07-24 14:05:00+00:00
1784902200000,0.0004249,0.0004249,0.0004231,0.0004231,3335,2026-07-24 14:10:00+00:00
1784902500000,0.0004233,0.0004234,0.0004216,0.0004222,1264,2026-07-24 14:15:00+00:00
1784902800000,0.000422,0.0004226,0.0004214,0.0004226,9130,2026-07-24 14:20:00+00:00
1784903100000,0.0004225,0.000423,0.0004221,0.000423,4951,2026-07-24 14:25:00+00:00
1784903400000,0.0004229,0.0004229,0.0004208,0.0004216,7799,2026-07-24 14:30:00+00:00
1784903700000,0.0004216,0.000422,0.0004213,0.0004213,6951,2026-07-24 14:35:00+00:00
1784904000000,0.0004213,0.0004219,0.0004203,0.0004205,9680,2026-07-24 14:40:00+00:00
1784904300000,0.0004203,0.0004208,0.0004195,0.0004208,19946,2026-07-24 14:45:00+00:00
1784904600000,0.0004209,0.000423,0.0004209,0.0004227,3499,2026-07-24 14:50:00+00:00
1784904900000,0.0004232,0.0004239,0.0004232,0.0004239,2336,2026-07-24 14:55:00+00:00
1784905200000,0.0004238,0.0004238,0.0004231,0.0004233,14469,2026-07-24 15:00:00+00:00
1784905500000,0.0004232,0.0004232,0.0004218,0.0004218,2064,2026-07-24 15:05:00+00:00
1784905800000,0.0004222,0.0004239,0.0004222,0.0004239,1543,2026-07-24 15:10:00+00:00
1784906100000,0.000424,0.0004252,0.000424,0.000424,6121,2026-07-24 15:15:00+00:00
1784906400000,0.0004245,0.0004252,0.0004245,0.0004246,1464,2026-07-24 15:20:00+00:00
1784906700000,0.000425,0.0004259,0.000425,0.0004257,10137,2026-07-24 15:25:00+00:00
1784907000000,0.0004254,0.0004265,0.0004251,0.0004264,21696,2026-07-24 15:30:00+00:00
1784907300000,0.0004265,0.000427,0.0004263,0.0004269,3478,2026-07-24 15:35:00+00:00
1784907600000,0.0004271,0.0004275,0.0004263,0.0004265,4742,2026-07-24 15:40:00+00:00
1784907900000,0.0004264,0.0004267,0.0004261,0.0004267,2306,2026-07-24 15:45:00+00:00
1784908200000,0.0004263,0.0004264,0.0004258,0.0004259,4832,2026-07-24 15:50:00+00:00
1784908500000,0.0004263,0.0004272,0.0004263,0.0004265,1443,2026-07-24 15:55:00+00:00
1784908800000,0.0004264,0.0004271,0.0004256,0.000427,1091,2026-07-24 16:00:00+00:00
1784909100000,0.0004271,0.0004273,0.0004268,0.0004272,877,2026-07-24 16:05:00+00:00
1784909400000,0.0004272,0.0004272,0.0004261,0.0004261,836,2026-07-24 16:10:00+00:00
1784909700000,0.0004264,0.0004265,0.0004256,0.0004261,2339,2026-07-24 16:15:00+00:00
1784910000000,0.0004262,0.0004263,0.0004255,0.0004261,2690,2026-07-24 16:20:00+00:00
1784910300000,0.000426,0.000426,0.0004255,0.0004257,121,2026-07-24 16:25:00+00:00
1784910600000,0.0004254,0.0004254,0.0004246,0.0004253,4712,2026-07-24 16:30:00+00:00
1784910900000,0.000425,0.0004252,0.0004248,0.0004252,6970,2026-07-24 16:35:00+00:00
1784911200000,0.0004253,0.0004255,0.0004252,0.0004252,731,2026-07-24 16:40:00+00:00
1784911500000,0.0004252,0.0004254,0.0004249,0.0004253,220,2026-07-24 16:45:00+00:00
1784911800000,0.0004251,0.0004252,0.0004246,0.0004252,4153,2026-07-24 16:50:00+00:00
1784912100000,0.0004253,0.0004279,0.0004253,0.0004267,7094,2026-07-24 16:55:00+00:00
1784912400000,0.0004267,0.0004269,0.0004262,0.0004264,3816,2026-07-24 17:00:00+00:00
1784912700000,0.0004263,0.0004278,0.0004254,0.0004278,14800,2026-07-24 17:05:00+00:00
1784913000000,0.0004279,0.0004281,0.0004273,0.0004279,2055,2026-07-24 17:10:00+00:00
1784913300000,0.0004276,0.0004284,0.0004276,0.0004284,110,2026-07-24 17:15:00+00:00
1784913600000,0.0004282,0.0004289,0.0004282,0.0004288,987,2026-07-24 17:20:00+00:00
1784913900000,0.0004289,0.0004294,0.0004289,0.0004293,951,2026-07-24 17:25:00+00:00
1784914200000,0.0004291,0.0004303,0.0004291,0.0004303,563,2026-07-24 17:30:00+00:00
1784914500000,0.0004304,0.0004312,0.0004304,0.0004311,3153,2026-07-24 17:35:00+00:00
1784914800000,0.0004307,0.0004307,0.0004297,0.0004297,862,2026-07-24 17:40:00+00:00
1784915100000,0.0004296,0.0004296,0.0004285,0.0004288,8548,2026-07-24 17:45:00+00:00
1784915400000,0.0004291,0.0004294,0.000429,0.0004294,470,2026-07-24 17:50:00+00:00
1784915700000,0.000429,0.000429,0.0004283,0.0004283,466,2026-07-24 17:55:00+00:00
1784916000000,0.0004281,0.0004281,0.0004275,0.0004275,235,2026-07-24 18:00:00+00:00
1784916300000,0.0004275,0.0004275,0.0004263,0.0004264,10481,2026-07-24 18:05:00+00:00
1784916600000,0.0004263,0.0004263,0.0004256,0.0004256,4072,2026-07-24 18:10:00+00:00
1784916900000,0.0004255,0.0004256,0.0004249,0.000425,658,2026-07-24 18:15:00+00:00
1784917200000,0.0004248,0.0004248,0.0004244,0.0004247,358,2026-07-24 18:20:00+00:00
1784917500000,0.0004243,0.0004243,0.000424,0.0004243,953,2026-07-24 18:25:00+00:00
1784917800000,0.0004244,0.0004247,0.0004241,0.0004241,2539,2026-07-24 18:30:00+00:00
1784918100000,0.0004241,0.000425,0.0004241,0.000425,4506,2026-07-24 18:35:00+00:00
1784918400000,0.0004246,0.0004251,0.0004245,0.0004251,9,2026-07-24 18:40:00+00:00
1784918700000,0.0004252,0.0004257,0.0004252,0.0004257,514,2026-07-24 18:45:00+00:00
1784919000000,0.0004255,0.0004259,0.0004255,0.0004259,809,2026-07-24 18:50:00+00:00
1784919300000,0.0004255,0.0004255,0.0004252,0.0004254,543,2026-07-24 18:55:00+00:00
1784919600000,0.0004251,0.0004251,0.0004244,0.0004245,1473,2026-07-24 19:00:00+00:00
1784919900000,0.0004246,0.0004246,0.0004244,0.0004244,774,2026-07-24 19:05:00+00:00
1784920200000,0.0004244,0.0004245,0.0004243,0.0004245,929,2026-07-24 19:10:00+00:00
1784920500000,0.0004243,0.0004244,0.0004239,0.000424,3665,2026-07-24 19:15:00+00:00
1784920800000,0.0004243,0.0004247,0.0004243,0.0004247,564,2026-07-24 19:20:00+00:00
1784921100000,0.0004245,0.0004245,0.0004242,0.0004242,267,2026-07-24 19:25:00+00:00
1784921400000,0.0004243,0.0004244,0.0004243,0.0004244,407,2026-07-24 19:30:00+00:00
1784921700000,0.0004244,0.0004248,0.0004243,0.0004247,1245,2026-07-24 19:35:00+00:00
1784922000000,0.0004246,0.0004246,0.0004239,0.0004239,827,2026-07-24 19:40:00+00:00
1784922300000,0.0004241,0.0004242,0.0004241,0.0004242,89,2026-07-24 19:45:00+00:00
1784922600000,0.0004241,0.0004243,0.0004239,0.0004242,619,2026-07-24 19:50:00+00:00
1784922900000,0.000424,0.000424,0.000424,0.000424,2,2026-07-24 19:55:00+00:00
1784923200000,0.0004241,0.0004248,0.0004241,0.0004248,122,2026-07-24 20:00:00+00:00
1784923500000,0.0004244,0.0004244,0.0004242,0.0004242,287,2026-07-24 20:05:00+00:00
1784923800000,0.0004244,0.0004244,0.0004244,0.0004244,2,2026-07-24 20:10:00+00:00
1784924100000,0.0004247,0.0004248,0.0004247,0.0004248,48,2026-07-24 20:15:00+00:00
1784924400000,0.0004249,0.0004252,0.0004249,0.0004252,190,2026-07-24 20:20:00+00:00
1784924700000,0.0004251,0.0004254,0.000425,0.0004251,1251,2026-07-24 20:25:00+00:00
1784925000000,0.0004249,0.0004253,0.0004246,0.0004253,291,2026-07-24 20:30:00+00:00
1784925300000,0.0004253,0.0004253,0.0004247,0.000425,688,2026-07-24 20:35:00+00:00
1784925600000,0.0004246,0.0004246,0.0004246,0.0004246,1,2026-07-24 20:40:00+00:00
1784925900000,0.0004247,0.0004247,0.0004239,0.0004239,94,2026-07-24 20:45:00+00:00
1784926200000,0.0004239,0.0004239,0.0004239,0.0004239,0,2026-07-24 20:50:00+00:00
1784926500000,0.0004239,0.0004239,0.0004239,0.0004239,0,2026-07-24 20:55:00+00:00
1784926800000,0.0004237,0.0004241,0.0004237,0.0004238,952,2026-07-24 21:00:00+00:00
1784927100000,0.0004243,0.0004245,0.0004241,0.0004244,2518,2026-07-24 21:05:00+00:00
1784927400000,0.0004241,0.0004241,0.0004235,0.0004235,299,2026-07-24 21:10:00+00:00
1784927700000,0.0004235,0.0004239,0.0004235,0.0004239,52,2026-07-24 21:15:00+00:00
1784928000000,0.0004235,0.000424,0.0004235,0.0004238,2207,2026-07-24 21:20:00+00:00
1784928300000,0.0004241,0.0004241,0.0004241,0.0004241,4,2026-07-24 21:25:00+00:00
1784928600000,0.0004243,0.0004256,0.0004243,0.0004256,493,2026-07-24 21:30:00+00:00
1784928900000,0.0004254,0.0004254,0.0004251,0.0004251,431,2026-07-24 21:35:00+00:00
1784929200000,0.0004251,0.0004255,0.0004251,0.0004255,666,2026-07-24 21:40:00+00:00
1784929500000,0.0004251,0.0004251,0.000425,0.000425,7,2026-07-24 21:45:00+00:00
1784929800000,0.000425,0.000425,0.0004244,0.0004244,44,2026-07-24 21:50:00+00:00
1784930100000,0.0004243,0.0004243,0.0004233,0.0004233,386,2026-07-24 21:55:00+00:00
1784930400000,0.0004233,0.0004246,0.0004232,0.0004246,9828,2026-07-24 22:00:00+00:00
1784930700000,0.0004245,0.0004246,0.0004238,0.0004238,1071,2026-07-24 22:05:00+00:00
1784931000000,0.000424,0.0004246,0.000424,0.0004243,700,2026-07-24 22:10:00+00:00
1784931300000,0.0004246,0.0004246,0.0004246,0.0004246,43,2026-07-24 22:15:00+00:00
1784931600000,0.0004244,0.0004244,0.0004243,0.0004243,269,2026-07-24 22:20:00+00:00
1784931900000,0.0004247,0.0004252,0.0004247,0.0004249,11,2026-07-24 22:25:00+00:00
1784932200000,0.0004251,0.0004256,0.000425,0.0004256,372,2026-07-24 22:30:00+00:00
1784932500000,0.0004256,0.0004256,0.0004256,0.0004256,0,2026-07-24 22:35:00+00:00
1784932800000,0.0004255,0.000426,0.0004255,0.000426,4136,2026-07-24 22:40:00+00:00
1784933100000,0.0004259,0.0004259,0.0004258,0.0004258,599,2026-07-24 22:45:00+00:00
1784933400000,0.0004261,0.0004279,0.0004261,0.0004275,17322,2026-07-24 22:50:00+00:00
1784933700000,0.0004274,0.0004275,0.0004267,0.0004267,2750,2026-07-24 22:55:00+00:00
1784934000000,0.0004267,0.0004277,0.0004267,0.0004277,266,2026-07-24 23:00:00+00:00
1784934300000,0.0004278,0.0004287,0.0004278,0.000428,4100,2026-07-24 23:05:00+00:00
1784934600000,0.0004279,0.0004279,0.0004271,0.0004271,1082,2026-07-24 23:10:00+00:00
1784934900000,0.0004269,0.0004269,0.0004265,0.0004265,242,2026-07-24 23:15:00+00:00
1784935200000,0.0004269,0.0004271,0.0004269,0.000427,7,2026-07-24 23:20:00+00:00
1784935500000,0.0004269,0.0004269,0.0004269,0.0004269,117,2026-07-24 23:25:00+00:00
1784935800000,0.0004268,0.0004274,0.0004268,0.0004271,86,2026-07-24 23:30:00+00:00
1784936100000,0.000427,0.0004283,0.0004267,0.0004283,4462,2026-07-24 23:35:00+00:00
1784936400000,0.0004284,0.0004297,0.0004282,0.0004286,8790,2026-07-24 23:40:00+00:00
1784936700000,0.0004282,0.0004284,0.0004282,0.0004284,7444,2026-07-24 23:45:00+00:00
1784937000000,0.0004287,0.0004296,0.0004287,0.0004292,6341,2026-07-24 23:50:00+00:00
1784937300000,0.0004293,0.0004299,0.0004293,0.0004298,4612,2026-07-24 23:55:00+00:00
1784937600000,0.0004297,0.0004305,0.0004292,0.0004305,214,2026-07-25 00:00:00+00:00
1784937900000,0.0004306,0.0004314,0.0004305,0.0004314,763,2026-07-25 00:05:00+00:00
1784938200000,0.0004314,0.0004322,0.0004314,0.0004322,1060,2026-07-25 00:10:00+00:00
1784938500000,0.0004324,0.0004329,0.0004309,0.0004309,7241,2026-07-25 00:15:00+00:00
1784938800000,0.0004309,0.0004316,0.0004309,0.0004311,2182,2026-07-25 00:20:00+00:00
1784939100000,0.0004313,0.0004314,0.0004313,0.0004314,15,2026-07-25 00:25:00+00:00
1784939400000,0.0004311,0.0004314,0.0004308,0.0004308,4047,2026-07-25 00:30:00+00:00
1784939700000,0.0004307,0.0004307,0.0004299,0.0004299,1114,2026-07-25 00:35:00+00:00
1784940000000,0.0004298,0.0004298,0.0004285,0.0004294,19072,2026-07-25 00:40:00+00:00
1784940300000,0.0004293,0.0004301,0.0004292,0.0004301,48,2026-07-25 00:45:00+00:00
1784940600000,0.0004302,0.0004307,0.0004294,0.0004294,1938,2026-07-25 00:50:00+00:00
1784940900000,0.0004296,0.0004321,0.0004296,0.000432,6396,2026-07-25 00:55:00+00:00
1784941200000,0.0004321,0.0004333,0.0004319,0.0004333,5725,2026-07-25 01:00:00+00:00
1784941500000,0.0004333,0.0004343,0.0004322,0.0004322,6716,2026-07-25 01:05:00+00:00
1784941800000,0.0004322,0.0004324,0.0004316,0.000432,3471,2026-07-25 01:10:00+00:00
1784942100000,0.0004319,0.0004319,0.0004315,0.0004316,221,2026-07-25 01:15:00+00:00
1784942400000,0.0004314,0.0004314,0.0004311,0.0004311,76,2026-07-25 01:20:00+00:00
1784942700000,0.0004312,0.0004313,0.0004312,0.0004313,8,2026-07-25 01:25:00+00:00
1784943000000,0.0004312,0.0004321,0.0004312,0.0004321,382,2026-07-25 01:30:00+00:00
1784943300000,0.0004322,0.0004331,0.0004318,0.0004318,2473,2026-07-25 01:35:00+00:00
1784943600000,0.0004316,0.0004322,0.0004314,0.0004321,996,2026-07-25 01:40:00+00:00
1784943900000,0.0004318,0.0004318,0.0004314,0.0004314,250,2026-07-25 01:45:00+00:00
1784944200000,0.0004312,0.0004312,0.0004302,0.0004302,1317,2026-07-25 01:50:00+00:00
1784944500000,0.0004301,0.0004301,0.00043,0.0004301,543,2026-07-25 01:55:00+00:00
1784944800000,0.0004299,0.0004299,0.0004288,0.0004293,6938,2026-07-25 02:00:00+00:00
1784945100000,0.0004291,0.0004298,0.0004291,0.0004296,1554,2026-07-25 02:05:00+00:00
1784945400000,0.0004295,0.0004295,0.0004291,0.0004293,100,2026-07-25 02:10:00+00:00
1784945700000,0.0004293,0.0004293,0.0004278,0.000428,8308,2026-07-25 02:15:00+00:00
1784946000000,0.0004277,0.0004281,0.0004277,0.0004281,349,2026-07-25 02:20:00+00:00
1784946300000,0.0004283,0.0004288,0.0004283,0.0004284,7835,2026-07-25 02:25:00+00:00
1784946600000,0.0004284,0.0004289,0.0004281,0.0004289,2196,2026-07-25 02:30:00+00:00
1784946900000,0.0004285,0.0004285,0.0004282,0.0004284,1004,2026-07-25 02:35:00+00:00
1784947200000,0.0004286,0.0004286,0.0004279,0.0004284,6015,2026-07-25 02:40:00+00:00
1784947500000,0.000428,0.000428,0.0004279,0.000428,334,2026-07-25 02:45:00+00:00
1784947800000,0.0004282,0.0004282,0.0004277,0.000428,241,2026-07-25 02:50:00+00:00
1784948100000,0.0004276,0.0004279,0.0004276,0.0004279,224,2026-07-25 02:55:00+00:00
1784948400000,0.000428,0.0004284,0.000428,0.0004284,185,2026-07-25 03:00:00+00:00
1784948700000,0.0004282,0.0004282,0.0004278,0.000428,8181,2026-07-25 03:05:00+00:00
1784949000000,0.0004277,0.0004289,0.000427,0.0004287,14690,2026-07-25 03:10:00+00:00
1784949300000,0.000429,0.0004304,0.0004276,0.0004281,17328,2026-07-25 03:15:00+00:00
1784949600000,0.0004277,0.0004277,0.0004276,0.0004276,228,2026-07-25 03:20:00+00:00
1784949900000,0.0004279,0.0004287,0.0004277,0.0004283,2516,2026-07-25 03:25:00+00:00
1784950200000,0.0004284,0.0004289,0.0004283,0.0004283,7304,2026-07-25 03:30:00+00:00
1784950500000,0.0004284,0.0004284,0.0004281,0.0004281,439,2026-07-25 03:35:00+00:00
1784950800000,0.0004281,0.0004281,0.000428,0.000428,49,2026-07-25 03:40:00+00:00
1784951100000,0.0004281,0.0004281,0.0004275,0.0004275,595,2026-07-25 03:45:00+00:00
1784951400000,0.0004273,0.0004277,0.0004272,0.0004277,693,2026-07-25 03:50:00+00:00
1784951700000,0.0004279,0.000428,0.0004279,0.0004279,125,2026-07-25 03:55:00+00:00
1784952000000,0.000428,0.0004284,0.000428,0.0004284,547,2026-07-25 04:00:00+00:00
1784952300000,0.0004282,0.0004282,0.0004277,0.0004277,2569,2026-07-25 04:05:00+00:00
1784952600000,0.0004277,0.0004277,0.0004277,0.0004277,0,2026-07-25 04:10:00+00:00
1784952900000,0.0004281,0.0004292,0.0004281,0.0004285,1055,2026-07-25 04:15:00+00:00
1784953200000,0.0004285,0.0004285,0.0004285,0.0004285,0,2026-07-25 04:20:00+00:00
1784953500000,0.0004284,0.0004285,0.0004284,0.0004285,1421,2026-07-25 04:25:00+00:00
1784953800000,0.0004287,0.0004289,0.0004287,0.0004289,137,2026-07-25 04:30:00+00:00
1784954100000,0.0004285,0.0004296,0.0004285,0.0004296,1720,2026-07-25 04:35:00+00:00
1784954400000,0.0004295,0.0004295,0.000429,0.000429,485,2026-07-25 04:40:00+00:00
1784954700000,0.0004289,0.0004289,0.000428,0.000428,1728,2026-07-25 04:45:00+00:00
1784955000000,0.000428,0.0004283,0.0004277,0.0004283,1562,2026-07-25 04:50:00+00:00
1784955300000,0.0004283,0.0004292,0.0004282,0.0004292,2276,2026-07-25 04:55:00+00:00
1784955600000,0.0004293,0.0004294,0.0004291,0.0004291,2419,2026-07-25 05:00:00+00:00
1784955900000,0.0004293,0.0004293,0.0004283,0.0004283,3735,2026-07-25 05:05:00+00:00
1784956200000,0.0004281,0.0004281,0.0004273,0.0004274,243,2026-07-25 05:10:00+00:00
1784956500000,0.0004273,0.0004276,0.0004273,0.0004276,129,2026-07-25 05:15:00+00:00
1784956800000,0.0004277,0.0004282,0.0004277,0.0004282,2207,2026-07-25 05:20:00+00:00
1784957100000,0.0004282,0.0004282,0.0004282,0.0004282,0,2026-07-25 05:25:00+00:00
1784957400000,0.0004277,0.0004277,0.0004273,0.0004274,182,2026-07-25 05:30:00+00:00
1784957700000,0.0004273,0.0004273,0.0004261,0.0004264,6422,2026-07-25 05:35:00+00:00
1784958000000,0.0004264,0.0004265,0.0004262,0.0004265,2088,2026-07-25 05:40:00+00:00
1784958300000,0.0004262,0.0004285,0.0004262,0.0004276,5679,2026-07-25 05:45:00+00:00
1784958600000,0.0004275,0.0004275,0.0004273,0.0004274,86,2026-07-25 05:50:00+00:00
1784958900000,0.0004276,0.000428,0.0004272,0.0004274,1006,2026-07-25 05:55:00+00:00
1784959200000,0.0004273,0.0004278,0.0004268,0.0004272,7689,2026-07-25 06:00:00+00:00
1784959500000,0.0004271,0.0004271,0.0004262,0.0004263,462,2026-07-25 06:05:00+00:00
1784959800000,0.0004267,0.000427,0.0004267,0.000427,34,2026-07-25 06:10:00+00:00
1784960100000,0.0004271,0.0004273,0.0004269,0.0004269,84,2026-07-25 06:15:00+00:00
1784960400000,0.0004268,0.0004268,0.0004254,0.0004255,1705,2026-07-25 06:20:00+00:00
1784960700000,0.0004255,0.0004255,0.0004253,0.0004253,5,2026-07-25 06:25:00+00:00
1784961000000,0.0004252,0.0004252,0.0004248,0.000425,98,2026-07-25 06:30:00+00:00
1784961300000,0.000425,0.0004252,0.000425,0.0004252,1860,2026-07-25 06:35:00+00:00
1784961600000,0.0004251,0.0004251,0.0004247,0.0004247,6999,2026-07-25 06:40:00+00:00
1784961900000,0.0004247,0.0004247,0.0004243,0.0004243,437,2026-07-25 06:45:00+00:00
1784962200000,0.0004247,0.0004255,0.0004247,0.0004255,3891,2026-07-25 06:50:00+00:00
1784962500000,0.0004256,0.0004258,0.0004255,0.0004255,20,2026-07-25 06:55:00+00:00
1784962800000,0.0004259,0.0004263,0.0004259,0.0004261,70,2026-07-25 07:00:00+00:00
1784963100000,0.0004259,0.0004266,0.0004259,0.0004265,360,2026-07-25 07:05:00+00:00
1784963400000,0.0004262,0.0004262,0.000425,0.000426,12643,2026-07-25 07:10:00+00:00
1784963700000,0.000426,0.000426,0.0004249,0.0004249,3378,2026-07-25 07:15:00+00:00
1784964000000,0.0004253,0.0004254,0.0004253,0.0004254,243,2026-07-25 07:20:00+00:00
1784964300000,0.0004253,0.0004253,0.0004249,0.0004249,407,2026-07-25 07:25:00+00:00
1784964600000,0.0004248,0.0004249,0.0004243,0.0004243,1309,2026-07-25 07:30:00+00:00
1784964900000,0.0004241,0.0004241,0.0004237,0.0004237,400,2026-07-25 07:35:00+00:00
1784965200000,0.0004236,0.0004236,0.0004232,0.0004232,390,2026-07-25 07:40:00+00:00
1784965500000,0.0004231,0.0004238,0.0004231,0.0004238,5721,2026-07-25 07:45:00+00:00
1784965800000,0.0004238,0.0004238,0.0004238,0.0004238,94,2026-07-25 07:50:00+00:00
1784966100000,0.0004233,0.0004233,0.0004226,0.0004226,2467,2026-07-25 07:55:00+00:00
1784966400000,0.0004225,0.0004226,0.000422,0.0004224,9227,2026-07-25 08:00:00+00:00
1784966700000,0.0004222,0.0004229,0.0004217,0.0004229,1572,2026-07-25 08:05:00+00:00
1784967000000,0.000423,0.0004231,0.0004224,0.0004231,306,2026-07-25 08:10:00+00:00
1784967300000,0.0004232,0.0004235,0.0004232,0.0004235,1243,2026-07-25 08:15:00+00:00
1784967600000,0.0004236,0.0004236,0.0004236,0.0004236,4,2026-07-25 08:20:00+00:00
1784967900000,0.0004232,0.0004236,0.0004231,0.0004236,699,2026-07-25 08:25:00+00:00
1784968200000,0.0004237,0.0004244,0.0004232,0.000424,7033,2026-07-25 08:30:00+00:00
1784968500000,0.0004239,0.0004239,0.0004235,0.0004235,394,2026-07-25 08:35:00+00:00
1784968800000,0.0004238,0.0004238,0.0004235,0.0004235,2403,2026-07-25 08:40:00+00:00
1784969100000,0.0004237,0.0004238,0.0004233,0.0004238,1284,2026-07-25 08:45:00+00:00
1784969400000,0.0004233,0.0004233,0.0004232,0.0004232,7,2026-07-25 08:50:00+00:00
1784969700000,0.0004232,0.0004233,0.0004232,0.0004233,570,2026-07-25 08:55:00+00:00
1784970000000,0.000423,0.0004231,0.0004224,0.0004224,1122,2026-07-25 09:00:00+00:00
1784970300000,0.0004224,0.0004227,0.0004223,0.0004227,1190,2026-07-25 09:05:00+00:00
1784970600000,0.0004224,0.0004231,0.0004222,0.0004231,3389,2026-07-25 09:10:00+00:00
1784970900000,0.0004232,0.0004236,0.0004232,0.0004236,1117,2026-07-25 09:15:00+00:00
1784971200000,0.0004236,0.000424,0.0004236,0.0004239,1482,2026-07-25 09:20:00+00:00
1784971500000,0.0004241,0.0004246,0.0004241,0.0004246,452,2026-07-25 09:25:00+00:00
1784971800000,0.0004246,0.0004246,0.0004239,0.0004239,114,2026-07-25 09:30:00+00:00
1784972100000,0.0004237,0.0004244,0.0004237,0.0004244,758,2026-07-25 09:35:00+00:00
1784972400000,0.0004245,0.0004249,0.0004243,0.0004243,426,2026-07-25 09:40:00+00:00
1784972700000,0.0004242,0.0004243,0.0004241,0.0004243,53,2026-07-25 09:45:00+00:00
1784973000000,0.0004244,0.0004245,0.0004244,0.0004245,1174,2026-07-25 09:50:00+00:00
1784973300000,0.0004245,0.0004245,0.0004245,0.0004245,0,2026-07-25 09:55:00+00:00
1784973600000,0.0004246,0.0004249,0.0004244,0.0004244,557,2026-07-25 10:00:00+00:00
1784973900000,0.0004246,0.0004246,0.0004239,0.0004242,772,2026-07-25 10:05:00+00:00
1784974200000,0.0004243,0.0004246,0.0004242,0.0004242,734,2026-07-25 10:10:00+00:00
1784974500000,0.0004241,0.0004259,0.0004241,0.0004255,29155,2026-07-25 10:15:00+00:00
1784974800000,0.0004253,0.0004256,0.0004253,0.0004256,2354,2026-07-25 10:20:00+00:00
1784975100000,0.0004252,0.0004252,0.0004245,0.0004245,7404,2026-07-25 10:25:00+00:00
1784975400000,0.0004246,0.0004249,0.0004246,0.0004249,83,2026-07-25 10:30:00+00:00
1784975700000,0.000425,0.0004256,0.000425,0.0004256,13,2026-07-25 10:35:00+00:00
1784976000000,0.0004256,0.0004257,0.0004246,0.0004246,2754,2026-07-25 10:40:00+00:00
1784976300000,0.0004248,0.0004272,0.0004248,0.0004265,19731,2026-07-25 10:45:00+00:00
1784976600000,0.0004261,0.0004262,0.000426,0.0004261,507,2026-07-25 10:50:00+00:00
1784976900000,0.0004261,0.0004261,0.0004261,0.0004261,0,2026-07-25 10:55:00+00:00
1784977200000,0.000426,0.0004262,0.000426,0.0004261,844,2026-07-25 11:00:00+00:00
1784977500000,0.0004264,0.0004267,0.0004257,0.0004257,1901,2026-07-25 11:05:00+00:00
1784977800000,0.0004257,0.0004257,0.0004257,0.0004257,0,2026-07-25 11:10:00+00:00
1784978100000,0.0004257,0.0004257,0.0004256,0.0004256,30,2026-07-25 11:15:00+00:00
1784978400000,0.0004256,0.0004256,0.000425,0.000425,1695,2026-07-25 11:20:00+00:00
1784978700000,0.0004249,0.0004249,0.0004246,0.0004246,112,2026-07-25 11:25:00+00:00
1784979000000,0.0004246,0.0004248,0.0004239,0.0004239,514,2026-07-25 11:30:00+00:00
1784979300000,0.000424,0.0004245,0.0004236,0.0004245,29474,2026-07-25 11:35:00+00:00
1784979600000,0.0004245,0.0004245,0.0004245,0.0004245,0,2026-07-25 11:40:00+00:00
1784979900000,0.0004243,0.0004243,0.000424,0.0004242,623,2026-07-25 11:45:00+00:00
1784980200000,0.0004242,0.0004247,0.0004242,0.0004247,504,2026-07-25 11:50:00+00:00
1784980500000,0.0004244,0.0004244,0.0004243,0.0004243,3,2026-07-25 11:55:00+00:00
1784980800000,0.0004242,0.0004246,0.0004242,0.0004246,583,2026-07-25 12:00:00+00:00
1784981100000,0.0004247,0.0004249,0.0004245,0.0004249,1038,2026-07-25 12:05:00+00:00
1784981400000,0.0004246,0.0004246,0.0004246,0.0004246,2,2026-07-25 12:10:00+00:00
1784981700000,0.0004246,0.0004246,0.0004246,0.0004246,0,2026-07-25 12:15:00+00:00
1784982000000,0.0004246,0.0004247,0.0004246,0.0004247,114,2026-07-25 12:20:00+00:00
1784982300000,0.000425,0.0004263,0.000425,0.0004263,2530,2026-07-25 12:25:00+00:00
1784982600000,0.0004264,0.000427,0.0004263,0.0004266,6546,2026-07-25 12:30:00+00:00
1784982900000,0.0004268,0.0004268,0.0004268,0.0004268,220,2026-07-25 12:35:00+00:00
1784983200000,0.0004266,0.0004271,0.0004266,0.0004271,266,2026-07-25 12:40:00+00:00
1784983500000,0.0004268,0.0004268,0.0004267,0.0004267,25,2026-07-25 12:45:00+00:00
1784983800000,0.0004265,0.0004265,0.000426,0.000426,2176,2026-07-25 12:50:00+00:00
1784984100000,0.0004259,0.0004259,0.0004259,0.0004259,14,2026-07-25 12:55:00+00:00
1784984400000,0.0004263,0.0004269,0.0004263,0.0004267,1075,2026-07-25 13:00:00+00:00
1784984700000,0.000427,0.0004275,0.000427,0.0004275,1635,2026-07-25 13:05:00+00:00
1784985000000,0.0004271,0.0004271,0.0004262,0.0004262,2463,2026-07-25 13:10:00+00:00
1784985300000,0.0004261,0.0004261,0.0004256,0.0004258,693,2026-07-25 13:15:00+00:00
1784985600000,0.000426,0.0004264,0.000426,0.0004264,268,2026-07-25 13:20:00+00:00
1784985900000,0.000426,0.000426,0.0004257,0.0004257,464,2026-07-25 13:25:00+00:00
1784986200000,0.0004256,0.000426,0.0004252,0.0004252,2689,2026-07-25 13:30:00+00:00
1784986500000,0.0004251,0.0004251,0.0004247,0.0004248,2318,2026-07-25 13:35:00+00:00
1784986800000,0.0004246,0.0004259,0.0004246,0.0004259,2884,2026-07-25 13:40:00+00:00
1784987100000,0.000426,0.0004264,0.0004253,0.0004258,2505,2026-07-25 13:45:00+00:00
1784987400000,0.0004254,0.0004254,0.000425,0.000425,22,2026-07-25 13:50:00+00:00
1784987700000,0.000425,0.000425,0.0004247,0.0004247,186,2026-07-25 13:55:00+00:00
1784988000000,0.0004246,0.0004246,0.0004234,0.0004236,3377,2026-07-25 14:00:00+00:00
1784988300000,0.0004239,0.000424,0.0004234,0.0004239,837,2026-07-25 14:05:00+00:00
1784988600000,0.0004239,0.0004239,0.0004225,0.000423,26376,2026-07-25 14:10:00+00:00
1784988900000,0.0004232,0.0004232,0.0004225,0.000423,2941,2026-07-25 14:15:00+00:00
1784989200000,0.0004226,0.0004226,0.0004226,0.0004226,1570,2026-07-25 14:20:00+00:00
1784989500000,0.0004229,0.000423,0.0004229,0.000423,518,2026-07-25 14:25:00+00:00
1784989800000,0.0004227,0.000423,0.0004227,0.000423,627,2026-07-25 14:30:00+00:00
1784990100000,0.0004228,0.0004231,0.0004228,0.000423,267,2026-07-25 14:35:00+00:00
1784990400000,0.0004229,0.0004229,0.0004227,0.0004227,767,2026-07-25 14:40:00+00:00
1784990700000,0.0004227,0.0004227,0.0004225,0.0004225,745,2026-07-25 14:45:00+00:00
1784991000000,0.0004227,0.000424,0.0004227,0.0004237,2532,2026-07-25 14:50:00+00:00
1784991300000,0.000424,0.0004242,0.0004236,0.0004236,1117,2026-07-25 14:55:00+00:00
1784991600000,0.0004235,0.0004243,0.0004231,0.0004243,1670,2026-07-25 15:00:00+00:00
1784991900000,0.0004241,0.0004242,0.0004238,0.0004238,1678,2026-07-25 15:05:00+00:00
1784992200000,0.000424,0.000424,0.000424,0.000424,281,2026-07-25 15:10:00+00:00
1784992500000,0.0004238,0.0004254,0.0004238,0.0004254,4183,2026-07-25 15:15:00+00:00
1784992800000,0.0004255,0.0004255,0.0004249,0.0004249,1652,2026-07-25 15:20:00+00:00
1784993100000,0.0004253,0.0004253,0.0004242,0.0004247,3927,2026-07-25 15:25:00+00:00
1784993400000,0.0004246,0.0004252,0.0004246,0.0004249,938,2026-07-25 15:30:00+00:00
1784993700000,0.0004253,0.0004262,0.0004251,0.0004262,5636,2026-07-25 15:35:00+00:00
1784994000000,0.0004257,0.0004271,0.0004254,0.0004271,4199,2026-07-25 15:40:00+00:00
1784994300000,0.0004272,0.0004293,0.0004262,0.0004277,44794,2026-07-25 15:45:00+00:00
1784994600000,0.000428,0.0004284,0.0004277,0.0004281,1550,2026-07-25 15:50:00+00:00
1784994900000,0.0004279,0.0004289,0.0004264,0.0004264,21735,2026-07-25 15:55:00+00:00
1784995200000,0.0004269,0.0004275,0.0004262,0.0004273,19120,2026-07-25 16:00:00+00:00
1784995500000,0.0004274,0.0004285,0.0004269,0.0004273,19873,2026-07-25 16:05:00+00:00
1784995800000,0.0004275,0.000429,0.0004275,0.000429,1420,2026-07-25 16:10:00+00:00
1784996100000,0.0004287,0.0004398,0.0004287,0.0004395,200157,2026-07-25 16:15:00+00:00
1784996400000,0.0004394,0.0004512,0.0004384,0.0004495,750282,2026-07-25 16:20:00+00:00
1784996700000,0.0004495,0.00045,0.0004415,0.0004428,298713,2026-07-25 16:25:00+00:00
1784997000000,0.000443,0.0004441,0.0004354,0.0004394,359951,2026-07-25 16:30:00+00:00
1784997300000,0.0004394,0.0004426,0.000438,0.0004421,123138,2026-07-25 16:35:00+00:00
1784997600000,0.0004421,0.0004433,0.0004407,0.0004428,86705,2026-07-25 16:40:00+00:00
1784997900000,0.0004428,0.000444,0.0004419,0.000444,48782,2026-07-25 16:45:00+00:00
1784998200000,0.000444,0.0004443,0.0004408,0.0004408,86068,2026-07-25 16:50:00+00:00
1784998500000,0.0004412,0.0004412,0.0004383,0.0004407,76042,2026-07-25 16:55:00+00:00
1784998800000,0.0004405,0.0004426,0.0004401,0.0004423,35091,2026-07-25 17:00:00+00:00
1784999100000,0.0004425,0.0004434,0.0004417,0.000442,44345,2026-07-25 17:05:00+00:00
1784999400000,0.0004421,0.0004435,0.0004421,0.0004427,25760,2026-07-25 17:10:00+00:00
1784999700000,0.000443,0.0004435,0.0004419,0.0004431,49227,2026-07-25 17:15:00+00:00
1785000000000,0.0004428,0.0004441,0.0004415,0.000444,42020,2026-07-25 17:20:00+00:00
1785000300000,0.0004442,0.0004488,0.0004442,0.0004487,220250,2026-07-25 17:25:00+00:00
1785000600000,0.0004488,0.0004515,0.0004468,0.0004485,64128,2026-07-25 17:30:00+00:00
1785000900000,0.0004486,0.0004486,0.0004467,0.0004468,53132,2026-07-25 17:35:00+00:00
1785001200000,0.0004468,0.0004478,0.0004464,0.0004467,33337,2026-07-25 17:40:00+00:00
1785001500000,0.000447,0.0004487,0.0004464,0.0004486,37799,2026-07-25 17:45:00+00:00
1785001800000,0.0004484,0.0004487,0.0004467,0.0004486,39865,2026-07-25 17:50:00+00:00
1785002100000,0.0004487,0.0004522,0.0004487,0.0004503,63373,2026-07-25 17:55:00+00:00
1785002400000,0.0004503,0.0004519,0.0004501,0.0004518,50766,2026-07-25 18:00:00+00:00
1785002700000,0.0004516,0.0004546,0.0004513,0.0004515,118491,2026-07-25 18:05:00+00:00
1785003000000,0.0004515,0.0004531,0.0004507,0.0004527,79381,2026-07-25 18:10:00+00:00
1785003300000,0.0004527,0.0004559,0.0004515,0.0004538,124752,2026-07-25 18:15:00+00:00
1785003600000,0.000454,0.0004562,0.0004536,0.0004552,112036,2026-07-25 18:20:00+00:00
1785003900000,0.0004548,0.0004565,0.0004536,0.0004558,90064,2026-07-25 18:25:00+00:00
1785004200000,0.0004558,0.0004568,0.0004526,0.000453,192248,2026-07-25 18:30:00+00:00
1785004500000,0.0004529,0.0004542,0.0004523,0.0004524,136034,2026-07-25 18:35:00+00:00
1785004800000,0.0004522,0.0004527,0.0004501,0.000451,165437,2026-07-25 18:40:00+00:00
1785005100000,0.0004509,0.0004514,0.0004454,0.0004479,276029,2026-07-25 18:45:00+00:00
1785005400000,0.000448,0.0004484,0.0004473,0.0004477,24346,2026-07-25 18:50:00+00:00
1785005700000,0.0004477,0.0004492,0.0004477,0.000448,63233,2026-07-25 18:55:00+00:00
1785006000000,0.000448,0.0004503,0.0004478,0.0004484,89298,2026-07-25 19:00:00+00:00
1785006300000,0.0004484,0.0004502,0.0004484,0.0004488,19655,2026-07-25 19:05:00+00:00
1785006600000,0.0004487,0.0004488,0.0004477,0.0004486,24221,2026-07-25 19:10:00+00:00
1785006900000,0.0004483,0.0004491,0.0004473,0.0004486,39864,2026-07-25 19:15:00+00:00
1785007200000,0.0004484,0.0004485,0.0004457,0.0004457,36984,2026-07-25 19:20:00+00:00
1785007500000,0.0004459,0.000448,0.0004458,0.0004467,19285,2026-07-25 19:25:00+00:00
1785007800000,0.0004467,0.0004478,0.0004467,0.0004474,10412,2026-07-25 19:30:00+00:00
1785008100000,0.0004472,0.000448,0.000447,0.0004471,3673,2026-07-25 19:35:00+00:00
1785008400000,0.0004472,0.0004499,0.0004472,0.0004495,22519,2026-07-25 19:40:00+00:00
1785008700000,0.0004493,0.0004514,0.0004493,0.0004501,9938,2026-07-25 19:45:00+00:00
1785009000000,0.0004501,0.0004509,0.0004501,0.0004505,8114,2026-07-25 19:50:00+00:00
1785009300000,0.0004506,0.0004511,0.0004505,0.0004509,2632,2026-07-25 19:55:00+00:00
1785009600000,0.0004511,0.0004519,0.00045,0.0004504,18569,2026-07-25 20:00:00+00:00
1785009900000,0.00045,0.0004506,0.0004481,0.0004481,31183,2026-07-25 20:05:00+00:00
1785010200000,0.0004483,0.0004508,0.0004479,0.0004498,52198,2026-07-25 20:10:00+00:00
1785010500000,0.0004498,0.0004515,0.0004479,0.0004479,19114,2026-07-25 20:15:00+00:00
1785010800000,0.0004478,0.0004506,0.0004478,0.00045,42283,2026-07-25 20:20:00+00:00
1785011100000,0.00045,0.0004504,0.0004499,0.0004503,2360,2026-07-25 20:25:00+00:00
1785011400000,0.0004506,0.0004506,0.000448,0.0004492,28232,2026-07-25 20:30:00+00:00
1785011700000,0.000449,0.000449,0.0004485,0.0004487,2914,2026-07-25 20:35:00+00:00
1785012000000,0.0004492,0.0004504,0.0004492,0.0004504,3018,2026-07-25 20:40:00+00:00
1785012300000,0.0004504,0.0004504,0.0004497,0.0004498,332,2026-07-25 20:45:00+00:00
1785012600000,0.0004496,0.0004499,0.0004485,0.0004485,13546,2026-07-25 20:50:00+00:00
1785012900000,0.0004483,0.0004487,0.0004478,0.000448,19163,2026-07-25 20:55:00+00:00
1785013200000,0.000448,0.0004489,0.0004478,0.0004478,1840,2026-07-25 21:00:00+00:00
1785013500000,0.0004477,0.0004481,0.0004476,0.0004478,2029,2026-07-25 21:05:00+00:00
1785013800000,0.0004478,0.0004494,0.0004473,0.0004494,44894,2026-07-25 21:10:00+00:00
1785014100000,0.0004492,0.0004495,0.0004475,0.0004479,9551,2026-07-25 21:15:00+00:00
1785014400000,0.0004479,0.0004483,0.0004476,0.0004476,6619,2026-07-25 21:20:00+00:00
1785014700000,0.000448,0.0004494,0.000448,0.0004493,8457,2026-07-25 21:25:00+00:00
1785015000000,0.0004491,0.0004515,0.0004491,0.0004506,5360,2026-07-25 21:30:00+00:00
1785015300000,0.0004513,0.0004519,0.0004511,0.0004511,4838,2026-07-25 21:35:00+00:00
1785015600000,0.0004515,0.000452,0.000451,0.000452,7704,2026-07-25 21:40:00+00:00
1785015900000,0.000452,0.000452,0.0004508,0.0004508,4652,2026-07-25 21:45:00+00:00
1785016200000,0.0004508,0.0004511,0.0004485,0.0004485,20084,2026-07-25 21:50:00+00:00
1785016500000,0.0004488,0.0004492,0.0004482,0.0004488,7245,2026-07-25 21:55:00+00:00
1785016800000,0.0004487,0.000449,0.0004483,0.0004488,6488,2026-07-25 22:00:00+00:00
1785017100000,0.0004489,0.0004493,0.0004483,0.0004493,4348,2026-07-25 22:05:00+00:00
1785017400000,0.0004491,0.0004499,0.0004488,0.0004488,11149,2026-07-25 22:10:00+00:00
1785017700000,0.0004488,0.0004511,0.0004488,0.0004498,14842,2026-07-25 22:15:00+00:00
1785018000000,0.00045,0.0004508,0.00045,0.0004508,5592,2026-07-25 22:20:00+00:00
1785018300000,0.0004509,0.0004516,0.0004505,0.0004516,2619,2026-07-25 22:25:00+00:00
1785018600000,0.0004516,0.0004519,0.0004506,0.0004508,29716,2026-07-25 22:30:00+00:00
1785018900000,0.0004507,0.0004507,0.0004502,0.0004502,2802,2026-07-25 22:35:00+00:00
1785019200000,0.0004504,0.0004509,0.0004504,0.0004507,772,2026-07-25 22:40:00+00:00
1785019500000,0.0004502,0.0004522,0.0004494,0.000452,29534,2026-07-25 22:45:00+00:00
1785019800000,0.0004523,0.0004529,0.0004518,0.0004527,668,2026-07-25 22:50:00+00:00
1785020100000,0.0004525,0.0004525,0.0004513,0.0004513,2387,2026-07-25 22:55:00+00:00
1785020400000,0.0004514,0.0004526,0.0004512,0.0004512,8077,2026-07-25 23:00:00+00:00
1785020700000,0.0004512,0.0004516,0.000451,0.000451,5973,2026-07-25 23:05:00+00:00
1785021000000,0.0004512,0.0004522,0.0004507,0.0004514,11379,2026-07-25 23:10:00+00:00
1785021300000,0.000451,0.000451,0.00045,0.0004506,12658,2026-07-25 23:15:00+00:00
1785021600000,0.0004504,0.0004511,0.0004496,0.00045,14369,2026-07-25 23:20:00+00:00
1785021900000,0.0004502,0.0004502,0.0004471,0.0004482,52505,2026-07-25 23:25:00+00:00
1785022200000,0.0004484,0.0004501,0.0004481,0.0004494,22866,2026-07-25 23:30:00+00:00
1785022500000,0.0004492,0.0004492,0.0004482,0.0004483,10323,2026-07-25 23:35:00+00:00
1785022800000,0.0004484,0.0004487,0.000447,0.000447,12212,2026-07-25 23:40:00+00:00
1785023100000,0.000447,0.0004482,0.000447,0.0004482,8532,2026-07-25 23:45:00+00:00
1785023400000,0.0004483,0.0004485,0.0004479,0.0004479,14098,2026-07-25 23:50:00+00:00
1785023700000,0.0004481,0.0004497,0.0004481,0.0004497,12355,2026-07-25 23:55:00+00:00
1785024000000,0.0004497,0.0004506,0.0004492,0.0004497,15831,2026-07-26 00:00:00+00:00
1785024300000,0.0004504,0.0004506,0.0004496,0.0004499,7436,2026-07-26 00:05:00+00:00
1785024600000,0.0004496,0.0004497,0.0004488,0.0004494,8063,2026-07-26 00:10:00+00:00
1785024900000,0.0004495,0.000452,0.0004495,0.000452,18862,2026-07-26 00:15:00+00:00
1785025200000,0.000452,0.0004547,0.000452,0.0004532,36923,2026-07-26 00:20:00+00:00
1785025500000,0.0004528,0.0004538,0.0004523,0.0004538,8696,2026-07-26 00:25:00+00:00
1785025800000,0.0004534,0.0004555,0.0004517,0.0004553,28267,2026-07-26 00:30:00+00:00
1785026100000,0.000455,0.000456,0.0004547,0.0004555,12457,2026-07-26 00:35:00+00:00
1785026400000,0.0004556,0.0004572,0.0004555,0.0004565,37749,2026-07-26 00:40:00+00:00
1785026700000,0.0004566,0.0004586,0.0004565,0.0004575,30730,2026-07-26 00:45:00+00:00
1785027000000,0.0004575,0.0004592,0.0004569,0.0004581,77336,2026-07-26 00:50:00+00:00
1785027300000,0.0004582,0.0004582,0.0004555,0.0004561,53021,2026-07-26 00:55:00+00:00
1785027600000,0.0004556,0.0004597,0.0004556,0.0004597,80398,2026-07-26 01:00:00+00:00
1785027900000,0.0004598,0.0004618,0.0004594,0.0004614,114631,2026-07-26 01:05:00+00:00
1785028200000,0.0004612,0.0004612,0.0004565,0.000457,102096,2026-07-26 01:10:00+00:00
1785028500000,0.0004568,0.0004602,0.0004565,0.0004595,101025,2026-07-26 01:15:00+00:00
1785028800000,0.0004593,0.000464,0.0004591,0.0004623,320923,2026-07-26 01:20:00+00:00
1785029100000,0.0004625,0.00047,0.0004612,0.0004647,421425,2026-07-26 01:25:00+00:00
1785029400000,0.0004646,0.0004661,0.0004632,0.0004654,77959,2026-07-26 01:30:00+00:00
1785029700000,0.0004653,0.0004676,0.0004648,0.0004674,105091,2026-07-26 01:35:00+00:00
1785030000000,0.0004674,0.0004719,0.0004662,0.0004705,414987,2026-07-26 01:40:00+00:00
1785030300000,0.0004704,0.0004804,0.00047,0.0004775,1432002,2026-07-26 01:45:00+00:00
1785030600000,0.0004774,0.000478,0.0004747,0.0004756,335460,2026-07-26 01:50:00+00:00
1785030900000,0.0004756,0.0004791,0.000475,0.0004786,244124,2026-07-26 01:55:00+00:00
1785031200000,0.0004788,0.0004791,0.0004722,0.0004734,525334,2026-07-26 02:00:00+00:00
1785031500000,0.0004735,0.0004738,0.0004698,0.0004731,192552,2026-07-26 02:05:00+00:00
1785031800000,0.0004731,0.0004759,0.0004728,0.0004742,159935,2026-07-26 02:10:00+00:00
1785032100000,0.0004743,0.0004771,0.0004733,0.0004765,199527,2026-07-26 02:15:00+00:00
1785032400000,0.000477,0.0004777,0.0004739,0.0004746,137699,2026-07-26 02:20:00+00:00
1785032700000,0.0004749,0.0004767,0.0004747,0.0004755,113602,2026-07-26 02:25:00+00:00
1785033000000,0.0004756,0.0004759,0.0004724,0.0004751,145654,2026-07-26 02:30:00+00:00
1785033300000,0.0004749,0.0004753,0.000473,0.0004739,82817,2026-07-26 02:35:00+00:00
1785033600000,0.0004739,0.0004785,0.0004732,0.0004778,312162,2026-07-26 02:40:00+00:00
1785033900000,0.0004778,0.00048,0.0004768,0.0004784,199479,2026-07-26 02:45:00+00:00
1785034200000,0.0004783,0.0004787,0.0004764,0.0004781,104990,2026-07-26 02:50:00+00:00
1785034500000,0.0004782,0.0004786,0.0004771,0.0004771,84841,2026-07-26 02:55:00+00:00
1785034800000,0.0004773,0.0004802,0.0004771,0.0004788,135653,2026-07-26 03:00:00+00:00
1785035100000,0.0004786,0.0004816,0.0004775,0.0004815,151596,2026-07-26 03:05:00+00:00
1785035400000,0.0004814,0.0004817,0.0004789,0.0004794,109993,2026-07-26 03:10:00+00:00
1785035700000,0.0004794,0.0004794,0.0004761,0.0004774,150489,2026-07-26 03:15:00+00:00
1785036000000,0.0004773,0.0004786,0.0004766,0.0004779,96123,2026-07-26 03:20:00+00:00
1785036300000,0.0004779,0.00048,0.0004775,0.0004799,32454,2026-07-26 03:25:00+00:00
1785036600000,0.0004799,0.0004811,0.0004777,0.0004808,78183,2026-07-26 03:30:00+00:00
1785036900000,0.0004809,0.0004845,0.0004804,0.000482,199150,2026-07-26 03:35:00+00:00
1785037200000,0.0004819,0.0004823,0.0004805,0.0004816,87564,2026-07-26 03:40:00+00:00
1785037500000,0.0004819,0.000482,0.0004789,0.0004811,61871,2026-07-26 03:45:00+00:00
1785037800000,0.0004807,0.0004823,0.0004786,0.0004803,123934,2026-07-26 03:50:00+00:00
1785038100000,0.00048,0.0004813,0.0004782,0.0004806,103406,2026-07-26 03:55:00+00:00
1785038400000,0.0004804,0.0004832,0.0004796,0.0004815,166855,2026-07-26 04:00:00+00:00
1785038700000,0.0004813,0.0004817,0.0004775,0.0004797,156267,2026-07-26 04:05:00+00:00
1785039000000,0.0004796,0.0004803,0.0004775,0.0004783,54848,2026-07-26 04:10:00+00:00
1785039300000,0.0004785,0.0004792,0.0004774,0.000478,81160,2026-07-26 04:15:00+00:00
1785039600000,0.000478,0.0004802,0.0004778,0.0004794,68528,2026-07-26 04:20:00+00:00
1785039900000,0.0004797,0.0004822,0.0004795,0.0004795,64428,2026-07-26 04:25:00+00:00
1785040200000,0.0004795,0.0004815,0.0004792,0.0004802,38594,2026-07-26 04:30:00+00:00
1785040500000,0.0004798,0.0004806,0.000477,0.0004787,116688,2026-07-26 04:35:00+00:00
1785040800000,0.0004786,0.0004796,0.0004769,0.0004785,128259,2026-07-26 04:40:00+00:00
1785041100000,0.0004787,0.0004798,0.0004777,0.0004785,27466,2026-07-26 04:45:00+00:00
1785041400000,0.0004784,0.0004801,0.0004776,0.0004776,42834,2026-07-26 04:50:00+00:00
1785041700000,0.0004775,0.0004799,0.0004772,0.0004794,52482,2026-07-26 04:55:00+00:00
1785042000000,0.0004798,0.0004867,0.0004784,0.0004842,242788,2026-07-26 05:00:00+00:00
1785042300000,0.0004841,0.0004937,0.0004831,0.0004901,416886,2026-07-26 05:05:00+00:00
1785042600000,0.0004901,0.0004953,0.0004898,0.0004925,211114,2026-07-26 05:10:00+00:00
1785042900000,0.0004923,0.0004985,0.000491,0.0004973,385294,2026-07-26 05:15:00+00:00
1785043200000,0.0004974,0.0005013,0.0004911,0.0004923,567881,2026-07-26 05:20:00+00:00
1785043500000,0.0004921,0.0004974,0.0004921,0.0004948,266689,2026-07-26 05:25:00+00:00
1785043800000,0.0004949,0.0004977,0.0004948,0.0004976,165365,2026-07-26 05:30:00+00:00
1785044100000,0.0004978,0.0005101,0.0004967,0.0005078,856085,2026-07-26 05:35:00+00:00
1785044400000,0.0005077,0.0005121,0.0005041,0.0005094,549100,2026-07-26 05:40:00+00:00
1785044700000,0.0005092,0.0005133,0.0005054,0.000511,638615,2026-07-26 05:45:00+00:00
1785045000000,0.0005112,0.0005157,0.0005075,0.0005144,321490,2026-07-26 05:50:00+00:00
1785045300000,0.0005142,0.0005164,0.0005108,0.0005159,326319,2026-07-26 05:55:00+00:00
1785045600000,0.0005159,0.0005185,0.0005152,0.0005178,329115,2026-07-26 06:00:00+00:00
1785045900000,0.0005181,0.0005217,0.0005107,0.000513,631370,2026-07-26 06:05:00+00:00
1785046200000,0.000513,0.0005133,0.0005088,0.000511,212025,2026-07-26 06:10:00+00:00
1785046500000,0.0005112,0.0005167,0.0005101,0.0005153,122897,2026-07-26 06:15:00+00:00
1785046800000,0.0005156,0.0005159,0.0005063,0.0005076,255770,2026-07-26 06:20:00+00:00
1785047100000,0.0005077,0.0005102,0.0005065,0.0005093,409844,2026-07-26 06:25:00+00:00
1785047400000,0.0005092,0.0005099,0.0005041,0.0005044,347497,2026-07-26 06:30:00+00:00
1785047700000,0.0005044,0.0005129,0.0005035,0.0005075,375241,2026-07-26 06:35:00+00:00
1785048000000,0.0005076,0.00051,0.0005061,0.0005074,124659,2026-07-26 06:40:00+00:00
1785048300000,0.0005073,0.0005128,0.000507,0.0005119,147656,2026-07-26 06:45:00+00:00
1785048600000,0.000512,0.0005171,0.0005118,0.000517,164767,2026-07-26 06:50:00+00:00
1785048900000,0.000517,0.0005212,0.000516,0.0005189,199502,2026-07-26 06:55:00+00:00
1785049200000,0.0005189,0.0005205,0.0005154,0.000517,196328,2026-07-26 07:00:00+00:00
1785049500000,0.000517,0.0005287,0.000515,0.0005201,965422,2026-07-26 07:05:00+00:00
1785049800000,0.0005197,0.0005288,0.0005194,0.0005281,281966,2026-07-26 07:10:00+00:00
1785050100000,0.0005281,0.000534,0.0005272,0.0005288,764083,2026-07-26 07:15:00+00:00
1785050400000,0.0005287,0.0005297,0.0005202,0.0005216,420459,2026-07-26 07:20:00+00:00
1785050700000,0.0005217,0.0005247,0.0005208,0.0005236,173897,2026-07-26 07:25:00+00:00
1785051000000,0.0005239,0.0005307,0.0005233,0.0005307,233831,2026-07-26 07:30:00+00:00
1785051300000,0.0005305,0.0005349,0.0005288,0.0005307,332405,2026-07-26 07:35:00+00:00
1785051600000,0.000531,0.0005316,0.0005276,0.0005276,237778,2026-07-26 07:40:00+00:00
1785051900000,0.0005277,0.0005324,0.0005237,0.0005258,354773,2026-07-26 07:45:00+00:00
1785052200000,0.0005255,0.0005301,0.0005241,0.0005296,172334,2026-07-26 07:50:00+00:00
1785052500000,0.0005298,0.0005375,0.0005291,0.0005342,672758,2026-07-26 07:55:00+00:00
1785052800000,0.0005341,0.0005341,0.0005237,0.0005269,520402,2026-07-26 08:00:00+00:00
1785053100000,0.0005267,0.0005337,0.000526,0.0005331,288107,2026-07-26 08:05:00+00:00
1785053400000,0.0005332,0.0005358,0.0005306,0.0005354,217453,2026-07-26 08:10:00+00:00
1785053700000,0.0005354,0.0005372,0.0005306,0.0005348,326591,2026-07-26 08:15:00+00:00
1785054000000,0.0005345,0.000535,0.00053,0.0005335,281270,2026-07-26 08:20:00+00:00
1785054300000,0.0005334,0.0005355,0.0005306,0.0005353,241217,2026-07-26 08:25:00+00:00
1785054600000,0.0005352,0.0005415,0.0005313,0.0005313,645846,2026-07-26 08:30:00+00:00
1785054900000,0.0005314,0.0005323,0.0005271,0.0005278,275041,2026-07-26 08:35:00+00:00
1785055200000,0.0005277,0.0005288,0.0005158,0.0005177,859283,2026-07-26 08:40:00+00:00
1785055500000,0.0005175,0.0005199,0.0005135,0.0005191,679423,2026-07-26 08:45:00+00:00
1785055800000,0.0005188,0.0005193,0.000514,0.0005163,357093,2026-07-26 08:50:00+00:00
1785056100000,0.0005161,0.0005189,0.0005158,0.0005181,244431,2026-07-26 08:55:00+00:00
1785056400000,0.0005179,0.0005227,0.0005161,0.000522,384187,2026-07-26 09:00:00+00:00
1785056700000,0.0005218,0.0005245,0.0005211,0.0005215,183016,2026-07-26 09:05:00+00:00
1785057000000,0.0005216,0.0005246,0.0005197,0.000522,265275,2026-07-26 09:10:00+00:00
1785057300000,0.0005221,0.000523,0.0005146,0.000515,456415,2026-07-26 09:15:00+00:00
1785057600000,0.0005151,0.0005162,0.000508,0.0005096,658678,2026-07-26 09:20:00+00:00
1785057900000,0.0005096,0.0005112,0.0005049,0.0005103,641867,2026-07-26 09:25:00+00:00
1785058200000,0.0005101,0.0005104,0.0005065,0.0005079,246479,2026-07-26 09:30:00+00:00
1785058500000,0.0005079,0.0005136,0.0005068,0.000512,303848,2026-07-26 09:35:00+00:00
1785058800000,0.000512,0.0005125,0.0005085,0.0005103,243243,2026-07-26 09:40:00+00:00
1785059100000,0.0005101,0.0005106,0.0005072,0.0005083,195356,2026-07-26 09:45:00+00:00
1785059400000,0.000508,0.00051,0.0005062,0.0005071,277880,2026-07-26 09:50:00+00:00
1785059700000,0.000507,0.0005096,0.0005025,0.0005052,434528,2026-07-26 09:55:00+00:00
1785060000000,0.0005052,0.0005054,0.0005025,0.0005029,252145,2026-07-26 10:00:00+00:00
1785060300000,0.0005026,0.000503,0.000498,0.0005025,576500,2026-07-26 10:05:00+00:00
1785060600000,0.0005026,0.0005043,0.0005019,0.000503,234308,2026-07-26 10:10:00+00:00
1785060900000,0.0005027,0.0005047,0.0005016,0.0005022,188117,2026-07-26 10:15:00+00:00
1785061200000,0.0005023,0.0005042,0.0005012,0.0005035,124962,2026-07-26 10:20:00+00:00
1785061500000,0.0005035,0.0005062,0.0005019,0.0005026,205579,2026-07-26 10:25:00+00:00
1785061800000,0.0005026,0.0005026,0.0004993,0.0005016,195738,2026-07-26 10:30:00+00:00
1785062100000,0.0005015,0.0005017,0.0004932,0.000498,651029,2026-07-26 10:35:00+00:00
1785062400000,0.000498,0.0005007,0.0004979,0.0005002,309651,2026-07-26 10:40:00+00:00
1785062700000,0.0005003,0.0005003,0.0004973,0.0004977,105495,2026-07-26 10:45:00+00:00
1785063000000,0.0004978,0.000499,0.0004972,0.0004975,76544,2026-07-26 10:50:00+00:00
1785063300000,0.0004973,0.0004991,0.0004969,0.0004972,114539,2026-07-26 10:55:00+00:00
1785063600000,0.0004971,0.0004996,0.0004965,0.0004976,240485,2026-07-26 11:00:00+00:00
1785063900000,0.0004975,0.0004997,0.0004962,0.0004962,204416,2026-07-26 11:05:00+00:00
1785064200000,0.0004963,0.0004984,0.0004959,0.000498,71197,2026-07-26 11:10:00+00:00
1785064500000,0.000498,0.0005003,0.0004971,0.0004988,93565,2026-07-26 11:15:00+00:00
1785064800000,0.0004987,0.0005097,0.0004986,0.0005079,436143,2026-07-26 11:20:00+00:00
1785065100000,0.0005081,0.0005149,0.0005056,0.0005134,701308,2026-07-26 11:25:00+00:00
1785065400000,0.0005134,0.0005142,0.0005082,0.0005115,274121,2026-07-26 11:30:00+00:00
1785065700000,0.0005113,0.0005136,0.00051,0.0005118,161320,2026-07-26 11:35:00+00:00
1785066000000,0.0005119,0.0005124,0.0005094,0.000512,81549,2026-07-26 11:40:00+00:00
1785066300000,0.0005122,0.0005148,0.0005108,0.000514,196738,2026-07-26 11:45:00+00:00
1785066600000,0.0005142,0.0005185,0.0005138,0.0005169,300282,2026-07-26 11:50:00+00:00
1785066900000,0.0005167,0.0005173,0.0005094,0.0005112,317841,2026-07-26 11:55:00+00:00
1785067200000,0.0005111,0.0005157,0.000511,0.0005148,155850,2026-07-26 12:00:00+00:00
1785067500000,0.0005148,0.0005172,0.0005112,0.0005115,165551,2026-07-26 12:05:00+00:00
1785067800000,0.0005113,0.0005157,0.0005111,0.0005141,73216,2026-07-26 12:10:00+00:00
1785068100000,0.0005141,0.0005172,0.0005141,0.0005163,115909,2026-07-26 12:15:00+00:00
1785068400000,0.0005161,0.0005193,0.0005151,0.0005191,221169,2026-07-26 12:20:00+00:00
1785068700000,0.0005192,0.0005212,0.0005142,0.0005147,244240,2026-07-26 12:25:00+00:00
1785069000000,0.0005149,0.0005175,0.0005137,0.0005144,158301,2026-07-26 12:30:00+00:00
1785069300000,0.0005144,0.0005173,0.0005124,0.0005127,169503,2026-07-26 12:35:00+00:00
1785069600000,0.0005129,0.0005141,0.000512,0.0005132,114814,2026-07-26 12:40:00+00:00
1785069900000,0.0005133,0.0005139,0.0005085,0.000512,213381,2026-07-26 12:45:00+00:00
1785070200000,0.0005122,0.0005124,0.0005052,0.0005064,403770,2026-07-26 12:50:00+00:00
1785070500000,0.0005065,0.0005067,0.0005023,0.0005035,301462,2026-07-26 12:55:00+00:00
1785070800000,0.0005032,0.0005052,0.0005029,0.0005031,120274,2026-07-26 13:00:00+00:00
1785071100000,0.0005032,0.0005062,0.0005032,0.0005039,117390,2026-07-26 13:05:00+00:00
1785071400000,0.000504,0.0005047,0.0004985,0.0004994,269836,2026-07-26 13:10:00+00:00
1785071700000,0.0004993,0.0005033,0.0004992,0.0005013,176303,2026-07-26 13:15:00+00:00
1785072000000,0.0005012,0.0005012,0.0004989,0.0004993,121033,2026-07-26 13:20:00+00:00
1785072300000,0.0004992,0.0005008,0.0004957,0.0004973,232664,2026-07-26 13:25:00+00:00
1785072600000,0.0004972,0.0004987,0.0004961,0.0004968,141712,2026-07-26 13:30:00+00:00
1785072900000,0.0004967,0.0004989,0.0004956,0.0004957,170167,2026-07-26 13:35:00+00:00
1785073200000,0.0004958,0.0004969,0.0004948,0.0004958,124450,2026-07-26 13:40:00+00:00
1785073500000,0.0004956,0.0004957,0.000493,0.0004943,234986,2026-07-26 13:45:00+00:00
1785073800000,0.0004944,0.0004979,0.0004938,0.000496,236961,2026-07-26 13:50:00+00:00
1785074100000,0.000496,0.0004982,0.0004957,0.0004967,100947,2026-07-26 13:55:00+00:00
1785074400000,0.0004966,0.0004988,0.0004948,0.0004986,335551,2026-07-26 14:00:00+00:00
1785074700000,0.0004986,0.0005001,0.0004973,0.0005001,170577,2026-07-26 14:05:00+00:00
1785075000000,0.0004998,0.0005016,0.0004981,0.0005007,150016,2026-07-26 14:10:00+00:00
1785075300000,0.0005003,0.0005013,0.0004972,0.0004975,134226,2026-07-26 14:15:00+00:00
1785075600000,0.0004976,0.0005023,0.0004976,0.0005009,90261,2026-07-26 14:20:00+00:00
1785075900000,0.0005008,0.0005033,0.0004977,0.0004991,120670,2026-07-26 14:25:00+00:00
1785076200000,0.0004992,0.000504,0.0004985,0.0005012,110124,2026-07-26 14:30:00+00:00
1785076500000,0.0005012,0.000502,0.0004993,0.0005009,98423,2026-07-26 14:35:00+00:00
1785076800000,0.0005006,0.0005009,0.0004985,0.0004985,32061,2026-07-26 14:40:00+00:00
1785077100000,0.0004986,0.0005004,0.0004986,0.0004988,62645,2026-07-26 14:45:00+00:00
1785077400000,0.0004989,0.0005028,0.0004987,0.0005023,128373,2026-07-26 14:50:00+00:00
1785077700000,0.0005022,0.0005026,0.0004992,0.0005,112788,2026-07-26 14:55:00+00:00
1785078000000,0.0005001,0.0005081,0.0005,0.0005039,402605,2026-07-26 15:00:00+00:00
1785078300000,0.000504,0.0005053,0.0005014,0.0005039,152517,2026-07-26 15:05:00+00:00
1785078600000,0.0005037,0.0005052,0.0005014,0.0005029,84245,2026-07-26 15:10:00+00:00
1785078900000,0.0005029,0.0005032,0.0004994,0.0005029,134614,2026-07-26 15:15:00+00:00
1785079200000,0.0005029,0.0005094,0.0005026,0.0005087,204634,2026-07-26 15:20:00+00:00
1785079500000,0.0005088,0.0005105,0.000507,0.0005084,181369,2026-07-26 15:25:00+00:00
1785079800000,0.0005083,0.0005092,0.0005059,0.0005062,109626,2026-07-26 15:30:00+00:00
1785080100000,0.000506,0.0005097,0.0005059,0.0005089,93043,2026-07-26 15:35:00+00:00
1785080400000,0.0005088,0.0005128,0.0005084,0.0005119,156974,2026-07-26 15:40:00+00:00
1785080700000,0.0005121,0.0005123,0.0005076,0.0005091,158259,2026-07-26 15:45:00+00:00
1785081000000,0.0005091,0.0005117,0.000509,0.0005116,81466,2026-07-26 15:50:00+00:00
1785081300000,0.0005117,0.000517,0.0005117,0.0005132,396807,2026-07-26 15:55:00+00:00
1785081600000,0.0005128,0.0005155,0.0005077,0.0005083,242889,2026-07-26 16:00:00+00:00
1785081900000,0.0005085,0.0005106,0.0005057,0.0005081,152656,2026-07-26 16:05:00+00:00
1785082200000,0.0005082,0.0005084,0.0005052,0.0005061,202123,2026-07-26 16:10:00+00:00
1785082500000,0.0005062,0.000508,0.0005054,0.0005058,120444,2026-07-26 16:15:00+00:00
1785082800000,0.0005059,0.0005086,0.0005057,0.0005061,51888,2026-07-26 16:20:00+00:00
1785083100000,0.0005062,0.0005095,0.0005062,0.0005079,77949,2026-07-26 16:25:00+00:00
1785083400000,0.000508,0.0005138,0.000508,0.0005135,127876,2026-07-26 16:30:00+00:00
1785083700000,0.0005134,0.0005179,0.0005124,0.0005159,152172,2026-07-26 16:35:00+00:00
1785084000000,0.0005159,0.000516,0.0005135,0.000515,65032,2026-07-26 16:40:00+00:00
1785084300000,0.0005149,0.0005168,0.0005111,0.0005117,108772,2026-07-26 16:45:00+00:00
1785084600000,0.0005115,0.000513,0.00051,0.0005118,61791,2026-07-26 16:50:00+00:00
1785084900000,0.0005117,0.000512,0.0005096,0.000511,63352,2026-07-26 16:55:00+00:00
1785085200000,0.0005111,0.0005149,0.0005087,0.0005132,124850,2026-07-26 17:00:00+00:00
1785085500000,0.0005133,0.0005177,0.0005123,0.0005168,135852,2026-07-26 17:05:00+00:00
1785085800000,0.0005168,0.0005184,0.0005152,0.0005181,104011,2026-07-26 17:10:00+00:00
1785086100000,0.0005185,0.0005254,0.0005184,0.0005247,433792,2026-07-26 17:15:00+00:00
1785086400000,0.0005246,0.0005253,0.000522,0.0005249,213689,2026-07-26 17:20:00+00:00
1785086700000,0.0005248,0.0005272,0.0005231,0.0005243,421392,2026-07-26 17:25:00+00:00
1785087000000,0.0005243,0.0005267,0.0005237,0.0005258,128842,2026-07-26 17:30:00+00:00
1785087300000,0.000526,0.0005267,0.0005182,0.0005193,352321,2026-07-26 17:35:00+00:00
1785087600000,0.0005193,0.000523,0.0005193,0.0005221,110012,2026-07-26 17:40:00+00:00
1785087900000,0.000522,0.0005242,0.0005198,0.0005229,102769,2026-07-26 17:45:00+00:00
1785088200000,0.0005229,0.0005248,0.000519,0.0005198,102415,2026-07-26 17:50:00+00:00
1785088500000,0.0005199,0.00052,0.0005167,0.0005177,119198,2026-07-26 17:55:00+00:00
1785088800000,0.0005178,0.0005184,0.0005158,0.0005169,63967,2026-07-26 18:00:00+00:00
1785089100000,0.0005169,0.0005178,0.0005156,0.0005161,62262,2026-07-26 18:05:00+00:00
1785089400000,0.0005164,0.0005178,0.0005138,0.0005142,50745,2026-07-26 18:10:00+00:00
1785089700000,0.0005143,0.0005161,0.0005141,0.0005144,72853,2026-07-26 18:15:00+00:00
1785090000000,0.0005145,0.0005175,0.0005144,0.0005173,46510,2026-07-26 18:20:00+00:00
1785090300000,0.0005173,0.0005199,0.0005168,0.000519,47789,2026-07-26 18:25:00+00:00
1785090600000,0.0005192,0.0005218,0.000519,0.0005205,57059,2026-07-26 18:30:00+00:00
1785090900000,0.0005205,0.0005223,0.000518,0.0005223,47690,2026-07-26 18:35:00+00:00
1785091200000,0.0005224,0.0005243,0.0005208,0.0005215,51798,2026-07-26 18:40:00+00:00
1785091500000,0.0005212,0.0005241,0.000521,0.0005237,34945,2026-07-26 18:45:00+00:00
1785091800000,0.0005236,0.0005293,0.0005233,0.0005278,187543,2026-07-26 18:50:00+00:00
1785092100000,0.0005278,0.0005289,0.0005258,0.0005266,87807,2026-07-26 18:55:00+00:00
1785092400000,0.0005263,0.000532,0.0005262,0.0005293,182078,2026-07-26 19:00:00+00:00
1785092700000,0.0005293,0.000531,0.0005269,0.000531,68496,2026-07-26 19:05:00+00:00
1785093000000,0.0005306,0.0005313,0.0005263,0.0005273,78482,2026-07-26 19:10:00+00:00
1785093300000,0.0005274,0.0005326,0.0005274,0.0005319,74197,2026-07-26 19:15:00+00:00
1785093600000,0.0005319,0.0005325,0.0005272,0.0005302,116109,2026-07-26 19:20:00+00:00
1785093900000,0.0005303,0.000532,0.0005263,0.0005275,121650,2026-07-26 19:25:00+00:00
1785094200000,0.0005275,0.0005293,0.0005272,0.0005275,77696,2026-07-26 19:30:00+00:00
1785094500000,0.0005274,0.0005289,0.0005259,0.0005262,50990,2026-07-26 19:35:00+00:00
1785094800000,0.000526,0.0005264,0.0005234,0.0005248,53775,2026-07-26 19:40:00+00:00
1785095100000,0.0005249,0.0005263,0.0005234,0.0005244,72486,2026-07-26 19:45:00+00:00
1785095400000,0.0005243,0.0005252,0.0005231,0.0005247,32661,2026-07-26 19:50:00+00:00
1785095700000,0.0005247,0.0005271,0.0005228,0.0005263,52482,2026-07-26 19:55:00+00:00
1785096000000,0.0005263,0.0005291,0.0005256,0.0005291,31348,2026-07-26 20:00:00+00:00
1785096300000,0.0005291,0.0005321,0.0005284,0.0005295,35144,2026-07-26 20:05:00+00:00
1785096600000,0.0005297,0.0005312,0.0005262,0.0005266,51276,2026-07-26 20:10:00+00:00
1785096900000,0.0005267,0.0005267,0.0005236,0.0005249,43516,2026-07-26 20:15:00+00:00
1785097200000,0.0005246,0.0005266,0.0005243,0.0005262,15103,2026-07-26 20:20:00+00:00
1785097500000,0.0005261,0.000528,0.0005258,0.0005276,16331,2026-07-26 20:25:00+00:00
1785097800000,0.0005274,0.0005291,0.0005256,0.0005277,33102,2026-07-26 20:30:00+00:00
1785098100000,0.0005274,0.0005294,0.0005271,0.0005294,30958,2026-07-26 20:35:00+00:00
1785098400000,0.0005295,0.0005299,0.0005275,0.0005294,22829,2026-07-26 20:40:00+00:00
1785098700000,0.0005295,0.0005312,0.0005283,0.0005288,66960,2026-07-26 20:45:00+00:00
1785099000000,0.0005287,0.0005302,0.0005271,0.0005294,85928,2026-07-26 20:50:00+00:00
1785099300000,0.0005295,0.0005306,0.0005281,0.0005304,21219,2026-07-26 20:55:00+00:00
1785099600000,0.0005304,0.0005347,0.0005304,0.0005338,136884,2026-07-26 21:00:00+00:00
1785099900000,0.0005339,0.0005368,0.0005337,0.0005349,98292,2026-07-26 21:05:00+00:00
1785100200000,0.000535,0.0005353,0.0005295,0.0005296,30511,2026-07-26 21:10:00+00:00
1785100500000,0.0005296,0.000532,0.0005287,0.0005287,24293,2026-07-26 21:15:00+00:00
1785100800000,0.0005289,0.0005289,0.0005246,0.0005249,104197,2026-07-26 21:20:00+00:00
1785101100000,0.000525,0.0005273,0.0005248,0.0005272,42045,2026-07-26 21:25:00+00:00
1785101400000,0.0005267,0.0005269,0.0005243,0.0005247,62145,2026-07-26 21:30:00+00:00
1785101700000,0.0005248,0.0005259,0.0005243,0.000525,20539,2026-07-26 21:35:00+00:00
1785102000000,0.0005249,0.0005251,0.0005221,0.0005243,78820,2026-07-26 21:40:00+00:00
1785102300000,0.0005241,0.0005241,0.0005225,0.0005235,28039,2026-07-26 21:45:00+00:00
1785102600000,0.0005236,0.0005254,0.0005234,0.0005251,31595,2026-07-26 21:50:00+00:00
1785102900000,0.0005253,0.0005267,0.0005238,0.0005245,19762,2026-07-26 21:55:00+00:00
1785103200000,0.0005245,0.0005305,0.0005245,0.0005294,99434,2026-07-26 22:00:00+00:00
1785103500000,0.0005293,0.0005295,0.0005265,0.0005275,40820,2026-07-26 22:05:00+00:00
1785103800000,0.0005272,0.0005315,0.0005271,0.0005297,47011,2026-07-26 22:10:00+00:00
1785104100000,0.0005297,0.0005304,0.0005276,0.0005288,23785,2026-07-26 22:15:00+00:00
1785104400000,0.0005287,0.0005298,0.0005244,0.0005258,57322,2026-07-26 22:20:00+00:00
1785104700000,0.0005258,0.000527,0.0005247,0.0005247,35947,2026-07-26 22:25:00+00:00
1785105000000,0.0005246,0.0005259,0.0005241,0.0005256,51280,2026-07-26 22:30:00+00:00
1785105300000,0.0005257,0.0005291,0.0005257,0.0005279,69415,2026-07-26 22:35:00+00:00
1785105600000,0.000528,0.0005302,0.0005278,0.0005289,70083,2026-07-26 22:40:00+00:00
1785105900000,0.0005291,0.0005293,0.0005247,0.0005258,132535,2026-07-26 22:45:00+00:00
1785106200000,0.0005259,0.0005262,0.0005243,0.0005246,17663,2026-07-26 22:50:00+00:00
1785106500000,0.0005247,0.0005249,0.0005229,0.000524,43675,2026-07-26 22:55:00+00:00
1785106800000,0.0005241,0.0005241,0.0005198,0.0005225,115038,2026-07-26 23:00:00+00:00
1785107100000,0.0005227,0.0005246,0.0005225,0.0005242,45660,2026-07-26 23:05:00+00:00
1785107400000,0.0005244,0.0005244,0.0005202,0.0005218,119173,2026-07-26 23:10:00+00:00
1785107700000,0.000522,0.0005233,0.0005214,0.0005222,48401,2026-07-26 23:15:00+00:00
1785108000000,0.0005223,0.0005233,0.0005218,0.0005222,30418,2026-07-26 23:20:00+00:00
1785108300000,0.0005222,0.0005249,0.0005217,0.0005232,43895,2026-07-26 23:25:00+00:00
1785108600000,0.0005231,0.0005252,0.000522,0.0005249,75697,2026-07-26 23:30:00+00:00
1785108900000,0.000525,0.0005274,0.0005249,0.0005274,41468,2026-07-26 23:35:00+00:00
1785109200000,0.0005275,0.0005288,0.0005268,0.0005283,25970,2026-07-26 23:40:00+00:00
1785109500000,0.0005282,0.0005288,0.0005268,0.0005282,38984,2026-07-26 23:45:00+00:00
1785109800000,0.0005282,0.0005325,0.0005282,0.0005306,127702,2026-07-26 23:50:00+00:00
1785110100000,0.0005309,0.0005345,0.0005309,0.000533,177771,2026-07-26 23:55:00+00:00
1785110400000,0.0005328,0.000539,0.0005291,0.000531,466337,2026-07-27 00:00:00+00:00
1785110700000,0.000531,0.0005332,0.0005275,0.000532,151328,2026-07-27 00:05:00+00:00
1785111000000,0.0005317,0.0005317,0.0005251,0.0005253,76352,2026-07-27 00:10:00+00:00
1785111300000,0.0005253,0.00053,0.000525,0.0005297,82400,2026-07-27 00:15:00+00:00
1785111600000,0.0005297,0.0005341,0.0005296,0.0005312,190742,2026-07-27 00:20:00+00:00
1785111900000,0.0005309,0.0005444,0.0005301,0.0005444,500323,2026-07-27 00:25:00+00:00
1785112200000,0.0005444,0.0005458,0.0005371,0.0005401,394819,2026-07-27 00:30:00+00:00
1785112500000,0.00054,0.0005485,0.0005397,0.0005466,307248,2026-07-27 00:35:00+00:00
1785112800000,0.0005466,0.0005523,0.0005462,0.0005505,437249,2026-07-27 00:40:00+00:00
1785113100000,0.0005502,0.0005532,0.0005389,0.0005391,256921,2026-07-27 00:45:00+00:00
1785113400000,0.0005389,0.0005394,0.000528,0.000531,455771,2026-07-27 00:50:00+00:00
1785113700000,0.0005311,0.0005318,0.0005276,0.0005313,181140,2026-07-27 00:55:00+00:00
1785114000000,0.0005314,0.0005322,0.0005243,0.0005263,419210,2026-07-27 01:00:00+00:00
1785114300000,0.0005263,0.000527,0.0005224,0.0005233,223976,2026-07-27 01:05:00+00:00
1785114600000,0.0005231,0.0005251,0.0005228,0.0005239,66306,2026-07-27 01:10:00+00:00
1785114900000,0.000524,0.0005296,0.0005227,0.0005294,76518,2026-07-27 01:15:00+00:00
1785115200000,0.0005294,0.0005351,0.000529,0.0005351,74628,2026-07-27 01:20:00+00:00
1785115500000,0.000535,0.0005404,0.0005314,0.0005393,182393,2026-07-27 01:25:00+00:00
1785115800000,0.0005395,0.0005418,0.0005355,0.0005396,113333,2026-07-27 01:30:00+00:00
1785116100000,0.0005396,0.0005403,0.0005329,0.0005392,167788,2026-07-27 01:35:00+00:00
1785116400000,0.0005391,0.0005402,0.0005356,0.000538,98173,2026-07-27 01:40:00+00:00
1785116700000,0.0005381,0.0005521,0.0005352,0.0005511,428015,2026-07-27 01:45:00+00:00
1785117000000,0.0005511,0.0005547,0.0005499,0.0005545,300830,2026-07-27 01:50:00+00:00
1785117300000,0.0005541,0.0005574,0.0005524,0.0005566,327247,2026-07-27 01:55:00+00:00
1785117600000,0.0005565,0.0005584,0.0005505,0.0005528,313991,2026-07-27 02:00:00+00:00
1785117900000,0.0005526,0.0005546,0.0005436,0.0005494,363058,2026-07-27 02:05:00+00:00
1785118200000,0.0005493,0.0005527,0.0005457,0.0005459,260842,2026-07-27 02:10:00+00:00
1785118500000,0.0005461,0.0005485,0.0005435,0.0005461,166034,2026-07-27 02:15:00+00:00
1785118800000,0.000546,0.0005508,0.0005452,0.0005489,155569,2026-07-27 02:20:00+00:00
1785119100000,0.0005488,0.0005516,0.0005473,0.0005477,141034,2026-07-27 02:25:00+00:00
1785119400000,0.0005476,0.0005508,0.0005438,0.0005444,180860,2026-07-27 02:30:00+00:00
1785119700000,0.0005444,0.0005478,0.0005409,0.0005469,143340,2026-07-27 02:35:00+00:00
1785120000000,0.0005468,0.0005479,0.0005306,0.0005324,545433,2026-07-27 02:40:00+00:00
1785120300000,0.0005323,0.0005348,0.0005262,0.0005264,408419,2026-07-27 02:45:00+00:00
1785120600000,0.0005266,0.0005281,0.0005222,0.0005241,247162,2026-07-27 02:50:00+00:00
1785120900000,0.0005239,0.0005252,0.0005213,0.0005218,222688,2026-07-27 02:55:00+00:00
1785121200000,0.0005219,0.0005233,0.0005209,0.0005209,141453,2026-07-27 03:00:00+00:00
1785121500000,0.0005208,0.0005225,0.0005166,0.0005202,230719,2026-07-27 03:05:00+00:00
1785121800000,0.0005202,0.0005214,0.0005188,0.0005192,122418,2026-07-27 03:10:00+00:00
1785122100000,0.0005192,0.000522,0.0005191,0.0005215,115804,2026-07-27 03:15:00+00:00
1785122400000,0.0005216,0.0005217,0.0005185,0.0005195,58585,2026-07-27 03:20:00+00:00
1785122700000,0.0005197,0.0005208,0.000514,0.0005143,188344,2026-07-27 03:25:00+00:00
1785123000000,0.0005144,0.0005162,0.0005138,0.0005159,127319,2026-07-27 03:30:00+00:00
1785123300000,0.0005159,0.0005185,0.0005149,0.0005162,101755,2026-07-27 03:35:00+00:00
1785123600000,0.000516,0.0005178,0.0005151,0.0005154,69353,2026-07-27 03:40:00+00:00
1785123900000,0.0005154,0.0005157,0.0005144,0.0005145,23298,2026-07-27 03:45:00+00:00
1785124200000,0.0005144,0.0005173,0.0005144,0.0005173,22711,2026-07-27 03:50:00+00:00
1785124500000,0.0005171,0.0005195,0.0005169,0.0005177,72858,2026-07-27 03:55:00+00:00
1785124800000,0.0005177,0.0005229,0.0005173,0.0005217,99830,2026-07-27 04:00:00+00:00
1785125100000,0.0005216,0.0005259,0.0005214,0.0005256,99574,2026-07-27 04:05:00+00:00
1785125400000,0.0005257,0.0005269,0.000525,0.0005251,59594,2026-07-27 04:10:00+00:00
1785125700000,0.000525,0.0005254,0.0005223,0.0005253,64787,2026-07-27 04:15:00+00:00
1785126000000,0.0005252,0.0005267,0.0005225,0.0005235,54314,2026-07-27 04:20:00+00:00
1785126300000,0.0005234,0.0005235,0.0005207,0.0005208,59681,2026-07-27 04:25:00+00:00
1785126600000,0.0005207,0.0005237,0.0005207,0.0005215,41651,2026-07-27 04:30:00+00:00
1785126900000,0.0005216,0.0005267,0.0005216,0.0005266,80587,2026-07-27 04:35:00+00:00
1785127200000,0.0005265,0.000528,0.0005249,0.0005255,61597,2026-07-27 04:40:00+00:00
1785127500000,0.0005254,0.0005289,0.0005249,0.0005287,37966,2026-07-27 04:45:00+00:00
1785127800000,0.0005288,0.0005316,0.0005281,0.0005284,130502,2026-07-27 04:50:00+00:00
1785128100000,0.0005286,0.0005293,0.000527,0.0005279,23083,2026-07-27 04:55:00+00:00
1785128400000,0.0005278,0.0005297,0.0005277,0.0005288,25556,2026-07-27 05:00:00+00:00
1785128700000,0.0005288,0.0005345,0.0005286,0.000532,121651,2026-07-27 05:05:00+00:00
1785129000000,0.0005319,0.0005402,0.0005319,0.0005382,193008,2026-07-27 05:10:00+00:00
1785129300000,0.0005384,0.0005408,0.0005372,0.0005372,104186,2026-07-27 05:15:00+00:00
1785129600000,0.0005371,0.0005381,0.0005362,0.0005373,46784,2026-07-27 05:20:00+00:00
1785129900000,0.0005374,0.0005399,0.0005338,0.0005349,96381,2026-07-27 05:25:00+00:00
1785130200000,0.0005349,0.0005392,0.0005349,0.000536,68645,2026-07-27 05:30:00+00:00
1785130500000,0.0005362,0.0005399,0.0005352,0.0005364,46179,2026-07-27 05:35:00+00:00
1785130800000,0.0005364,0.0005364,0.0005317,0.0005328,92501,2026-07-27 05:40:00+00:00
1785131100000,0.0005329,0.0005357,0.0005316,0.0005351,42248,2026-07-27 05:45:00+00:00
1785131400000,0.0005353,0.0005389,0.0005342,0.0005383,50423,2026-07-27 05:50:00+00:00
1785131700000,0.0005383,0.0005482,0.0005377,0.0005467,169142,2026-07-27 05:55:00+00:00
1785132000000,0.0005465,0.0005478,0.0005443,0.0005461,187283,2026-07-27 06:00:00+00:00
1785132300000,0.0005461,0.0005508,0.0005451,0.0005462,181656,2026-07-27 06:05:00+00:00
1785132600000,0.0005464,0.0005466,0.0005378,0.0005387,151762,2026-07-27 06:10:00+00:00
1785132900000,0.0005386,0.0005407,0.0005358,0.0005363,144708,2026-07-27 06:15:00+00:00
1785133200000,0.0005367,0.0005369,0.0005336,0.0005337,79205,2026-07-27 06:20:00+00:00
1785133500000,0.0005338,0.0005348,0.0005288,0.0005306,151933,2026-07-27 06:25:00+00:00
1785133800000,0.0005303,0.0005333,0.0005301,0.0005303,73957,2026-07-27 06:30:00+00:00
1785134100000,0.0005303,0.0005316,0.0005287,0.0005305,56631,2026-07-27 06:35:00+00:00
1785134400000,0.0005305,0.0005305,0.000528,0.0005291,61023,2026-07-27 06:40:00+00:00
1785134700000,0.0005292,0.0005296,0.000522,0.0005234,172785,2026-07-27 06:45:00+00:00
1785135000000,0.0005236,0.0005256,0.0005227,0.0005235,132121,2026-07-27 06:50:00+00:00
1785135300000,0.0005233,0.0005248,0.0005206,0.0005207,107231,2026-07-27 06:55:00+00:00
1785135600000,0.0005207,0.0005225,0.000519,0.0005215,136088,2026-07-27 07:00:00+00:00
1785135900000,0.0005214,0.0005237,0.0005212,0.0005227,51777,2026-07-27 07:05:00+00:00
1785136200000,0.0005224,0.0005247,0.0005222,0.0005232,43637,2026-07-27 07:10:00+00:00
1785136500000,0.0005233,0.0005243,0.0005201,0.0005234,42242,2026-07-27 07:15:00+00:00
1785136800000,0.0005234,0.0005255,0.0005233,0.0005244,41361,2026-07-27 07:20:00+00:00
1785137100000,0.0005243,0.0005246,0.0005225,0.0005225,30964,2026-07-27 07:25:00+00:00
1785137400000,0.0005224,0.0005232,0.0005211,0.0005213,40519,2026-07-27 07:30:00+00:00
1785137700000,0.0005212,0.0005234,0.0005211,0.0005218,39180,2026-07-27 07:35:00+00:00
1785138000000,0.0005219,0.000522,0.000518,0.0005198,216849,2026-07-27 07:40:00+00:00
1785138300000,0.0005198,0.0005208,0.0005185,0.0005194,91044,2026-07-27 07:45:00+00:00
1785138600000,0.0005194,0.0005202,0.0005183,0.0005191,50912,2026-07-27 07:50:00+00:00
1785138900000,0.000519,0.0005198,0.0005164,0.0005167,90501,2026-07-27 07:55:00+00:00
1785139200000,0.0005168,0.0005179,0.0005161,0.0005161,63294,2026-07-27 08:00:00+00:00
1785139500000,0.0005161,0.0005185,0.0005157,0.0005166,53798,2026-07-27 08:05:00+00:00
1785139800000,0.0005164,0.0005179,0.0005156,0.0005168,52664,2026-07-27 08:10:00+00:00
1785140100000,0.0005167,0.0005178,0.0005151,0.0005156,41079,2026-07-27 08:15:00+00:00
1785140400000,0.0005156,0.0005168,0.000515,0.0005157,43117,2026-07-27 08:20:00+00:00
1785140700000,0.0005155,0.0005165,0.0005148,0.0005157,79510,2026-07-27 08:25:00+00:00
1785141000000,0.0005156,0.0005166,0.0005146,0.0005156,55000,2026-07-27 08:30:00+00:00
1785141300000,0.0005156,0.0005159,0.0005145,0.0005156,21765,2026-07-27 08:35:00+00:00
1785141600000,0.0005156,0.0005158,0.0005122,0.0005132,178966,2026-07-27 08:40:00+00:00
1785141900000,0.0005132,0.0005164,0.0005132,0.0005161,62102,2026-07-27 08:45:00+00:00
1785142200000,0.0005161,0.0005183,0.0005161,0.0005183,50945,2026-07-27 08:50:00+00:00
1785142500000,0.0005183,0.0005217,0.0005181,0.0005193,98485,2026-07-27 08:55:00+00:00
1785142800000,0.0005192,0.0005221,0.0005174,0.0005212,50710,2026-07-27 09:00:00+00:00
1785143100000,0.0005212,0.0005216,0.0005196,0.0005215,26660,2026-07-27 09:05:00+00:00
1785143400000,0.0005214,0.0005232,0.0005183,0.0005189,36199,2026-07-27 09:10:00+00:00
1785143700000,0.0005189,0.0005207,0.0005187,0.0005194,31925,2026-07-27 09:15:00+00:00
1785144000000,0.0005193,0.0005219,0.000519,0.00052,32054,2026-07-27 09:20:00+00:00
1785144300000,0.00052,0.0005225,0.0005199,0.0005213,21624,2026-07-27 09:25:00+00:00
1785144600000,0.0005214,0.0005263,0.0005211,0.0005241,94604,2026-07-27 09:30:00+00:00
1785144900000,0.0005242,0.0005259,0.0005242,0.0005249,33060,2026-07-27 09:35:00+00:00
1785145200000,0.000525,0.0005259,0.0005231,0.000524,31638,2026-07-27 09:40:00+00:00
1785145500000,0.0005239,0.0005258,0.0005218,0.0005255,37329,2026-07-27 09:45:00+00:00
1785145800000,0.0005254,0.0005282,0.0005237,0.0005281,152143,2026-07-27 09:50:00+00:00
1785146100000,0.0005283,0.0005286,0.0005247,0.0005248,30657,2026-07-27 09:55:00+00:00
1785146400000,0.0005247,0.0005295,0.0005244,0.0005293,58890,2026-07-27 10:00:00+00:00
1785146700000,0.0005293,0.0005298,0.0005262,0.0005264,77766,2026-07-27 10:05:00+00:00
1785147000000,0.0005263,0.0005263,0.000524,0.0005258,40402,2026-07-27 10:10:00+00:00
1785147300000,0.0005261,0.0005287,0.000526,0.000527,50736,2026-07-27 10:15:00+00:00
1785147600000,0.0005274,0.0005302,0.0005271,0.0005299,42474,2026-07-27 10:20:00+00:00
1785147900000,0.00053,0.00053,0.000528,0.0005283,23545,2026-07-27 10:25:00+00:00
1785148200000,0.0005283,0.0005287,0.0005258,0.000527,56973,2026-07-27 10:30:00+00:00
1785148500000,0.0005274,0.0005281,0.000525,0.0005259,44424,2026-07-27 10:35:00+00:00
1785148800000,0.0005259,0.0005259,0.0005216,0.0005229,68831,2026-07-27 10:40:00+00:00
1785149100000,0.000523,0.0005234,0.000522,0.0005227,23094,2026-07-27 10:45:00+00:00
1785149400000,0.0005226,0.0005246,0.0005216,0.0005237,18093,2026-07-27 10:50:00+00:00
1785149700000,0.0005237,0.0005237,0.0005221,0.0005225,32060,2026-07-27 10:55:00+00:00
1785150000000,0.0005224,0.0005224,0.0005201,0.0005214,65941,2026-07-27 11:00:00+00:00
1785150300000,0.0005216,0.0005226,0.0005212,0.0005216,12493,2026-07-27 11:05:00+00:00
1785150600000,0.0005217,0.000523,0.0005214,0.0005221,16720,2026-07-27 11:10:00+00:00
1785150900000,0.000522,0.0005246,0.0005217,0.0005243,25858,2026-07-27 11:15:00+00:00
1785151200000,0.0005246,0.0005259,0.0005239,0.0005255,29998,2026-07-27 11:20:00+00:00
1785151500000,0.0005253,0.0005282,0.0005236,0.0005272,75790,2026-07-27 11:25:00+00:00
1785151800000,0.0005272,0.000531,0.0005272,0.0005309,81668,2026-07-27 11:30:00+00:00
1785152100000,0.0005311,0.0005318,0.0005302,0.0005311,65092,2026-07-27 11:35:00+00:00
1785152400000,0.0005312,0.0005341,0.00053,0.00053,117269,2026-07-27 11:40:00+00:00
1785152700000,0.00053,0.0005304,0.0005237,0.0005241,107115,2026-07-27 11:45:00+00:00
1785153000000,0.0005243,0.0005246,0.0005232,0.0005233,26750,2026-07-27 11:50:00+00:00
1785153300000,0.0005232,0.0005246,0.0005231,0.0005246,13531,2026-07-27 11:55:00+00:00
1785153600000,0.0005246,0.0005283,0.0005238,0.0005283,79490,2026-07-27 12:00:00+00:00
1785153900000,0.0005283,0.0005314,0.0005283,0.0005288,77265,2026-07-27 12:05:00+00:00
1785154200000,0.000529,0.0005307,0.0005276,0.0005276,29021,2026-07-27 12:10:00+00:00
1785154500000,0.0005277,0.0005286,0.000526,0.0005267,23012,2026-07-27 12:15:00+00:00
1785154800000,0.0005267,0.0005283,0.0005256,0.0005258,26825,2026-07-27 12:20:00+00:00
1785155100000,0.0005257,0.0005269,0.0005247,0.0005247,10372,2026-07-27 12:25:00+00:00
1785155400000,0.0005246,0.0005264,0.0005231,0.000525,27579,2026-07-27 12:30:00+00:00
1785155700000,0.0005251,0.0005295,0.0005251,0.0005272,20845,2026-07-27 12:35:00+00:00
1785156000000,0.0005271,0.0005288,0.0005256,0.0005258,23560,2026-07-27 12:40:00+00:00
1785156300000,0.0005258,0.0005266,0.0005241,0.0005246,20254,2026-07-27 12:45:00+00:00
1785156600000,0.0005245,0.0005268,0.0005228,0.0005268,50288,2026-07-27 12:50:00+00:00
1785156900000,0.0005269,0.0005283,0.0005265,0.0005283,22448,2026-07-27 12:55:00+00:00
1785157200000,0.0005284,0.0005291,0.000527,0.0005272,18590,2026-07-27 13:00:00+00:00
1785157500000,0.0005271,0.0005272,0.0005257,0.0005263,17198,2026-07-27 13:05:00+00:00
1785157800000,0.0005265,0.0005287,0.0005251,0.0005256,35206,2026-07-27 13:10:00+00:00
1785158100000,0.0005256,0.0005281,0.0005256,0.0005281,52315,2026-07-27 13:15:00+00:00
1785158400000,0.0005281,0.0005282,0.0005261,0.0005267,18040,2026-07-27 13:20:00+00:00
1785158700000,0.0005268,0.0005279,0.0005247,0.0005273,27015,2026-07-27 13:25:00+00:00
1785159000000,0.0005273,0.0005274,0.0005242,0.0005259,30648,2026-07-27 13:30:00+00:00
1785159300000,0.000526,0.0005285,0.000526,0.0005279,24079,2026-07-27 13:35:00+00:00
1785159600000,0.0005278,0.0005369,0.0005276,0.0005363,125974,2026-07-27 13:40:00+00:00
1785159900000,0.0005363,0.00054,0.0005339,0.0005371,110322,2026-07-27 13:45:00+00:00
1785160200000,0.0005371,0.0005387,0.0005358,0.0005368,116498,2026-07-27 13:50:00+00:00
1785160500000,0.0005369,0.0005372,0.0005333,0.0005333,82442,2026-07-27 13:55:00+00:00
1785160800000,0.0005336,0.0005368,0.0005324,0.0005363,31357,2026-07-27 14:00:00+00:00
1785161100000,0.0005362,0.0005435,0.000536,0.0005425,146175,2026-07-27 14:05:00+00:00
1785161400000,0.0005424,0.000544,0.0005394,0.0005433,66776,2026-07-27 14:10:00+00:00
1785161700000,0.0005435,0.0005438,0.0005381,0.0005394,56065,2026-07-27 14:15:00+00:00
1785162000000,0.0005395,0.0005396,0.0005319,0.0005366,122737,2026-07-27 14:20:00+00:00
1785162300000,0.0005367,0.0005367,0.0005325,0.0005328,57703,2026-07-27 14:25:00+00:00
1785162600000,0.0005329,0.0005338,0.0005261,0.0005289,137301,2026-07-27 14:30:00+00:00
1785162900000,0.0005289,0.0005306,0.0005208,0.0005268,130758,2026-07-27 14:35:00+00:00
1785163200000,0.0005269,0.0005282,0.0005228,0.0005247,90191,2026-07-27 14:40:00+00:00
1785163500000,0.0005248,0.0005283,0.0005239,0.0005268,84154,2026-07-27 14:45:00+00:00
1785163800000,0.0005269,0.0005286,0.0005183,0.0005205,222758,2026-07-27 14:50:00+00:00
1785164100000,0.0005206,0.0005293,0.0005206,0.0005253,146450,2026-07-27 14:55:00+00:00
1785164400000,0.0005254,0.0005291,0.0005251,0.0005279,57406,2026-07-27 15:00:00+00:00
1785164700000,0.000528,0.0005384,0.0005278,0.0005356,144201,2026-07-27 15:05:00+00:00
1785165000000,0.0005357,0.0005366,0.0005317,0.0005347,38537,2026-07-27 15:10:00+00:00
1785165300000,0.0005348,0.0005369,0.0005324,0.0005324,37289,2026-07-27 15:15:00+00:00
1785165600000,0.0005323,0.0005386,0.0005323,0.000537,109126,2026-07-27 15:20:00+00:00
1785165900000,0.0005371,0.0005372,0.0005334,0.0005359,69324,2026-07-27 15:25:00+00:00
1785166200000,0.000536,0.0005376,0.0005344,0.0005348,39703,2026-07-27 15:30:00+00:00
1785166500000,0.0005348,0.0005351,0.0005317,0.0005341,42884,2026-07-27 15:35:00+00:00
1785166800000,0.0005342,0.000535,0.0005327,0.0005327,23510,2026-07-27 15:40:00+00:00
1785167100000,0.0005328,0.0005349,0.0005316,0.0005332,80794,2026-07-27 15:45:00+00:00
1785167400000,0.0005332,0.0005341,0.0005279,0.0005284,53386,2026-07-27 15:50:00+00:00
1785167700000,0.0005285,0.0005287,0.0005239,0.0005239,91154,2026-07-27 15:55:00+00:00
1785168000000,0.0005239,0.0005248,0.0005218,0.0005238,108870,2026-07-27 16:00:00+00:00
1785168300000,0.0005239,0.0005239,0.0005193,0.0005212,119279,2026-07-27 16:05:00+00:00
1785168600000,0.0005212,0.0005232,0.0005205,0.0005211,34117,2026-07-27 16:10:00+00:00
1785168900000,0.0005212,0.0005235,0.0005204,0.0005228,37531,2026-07-27 16:15:00+00:00
1785169200000,0.0005232,0.0005252,0.0005231,0.0005252,24514,2026-07-27 16:20:00+00:00
1785169500000,0.0005253,0.0005322,0.0005251,0.0005322,52378,2026-07-27 16:25:00+00:00
1785169800000,0.0005321,0.0005323,0.000527,0.0005311,81640,2026-07-27 16:30:00+00:00
1785170100000,0.0005312,0.0005329,0.0005304,0.0005323,22529,2026-07-27 16:35:00+00:00
1785170400000,0.0005324,0.0005335,0.0005318,0.0005323,27776,2026-07-27 16:40:00+00:00
1785170700000,0.0005323,0.0005342,0.0005321,0.0005335,26692,2026-07-27 16:45:00+00:00
1785171000000,0.0005337,0.0005342,0.0005326,0.0005341,23097,2026-07-27 16:50:00+00:00
1785171300000,0.0005341,0.0005359,0.0005335,0.0005337,14057,2026-07-27 16:55:00+00:00
1785171600000,0.0005337,0.0005351,0.000533,0.0005347,37876,2026-07-27 17:00:00+00:00
1785171900000,0.0005345,0.000535,0.0005298,0.0005315,58612,2026-07-27 17:05:00+00:00
1785172200000,0.0005315,0.0005318,0.0005282,0.0005284,10571,2026-07-27 17:10:00+00:00
1785172500000,0.0005284,0.0005347,0.0005277,0.0005336,59350,2026-07-27 17:15:00+00:00
1785172800000,0.0005337,0.0005392,0.0005334,0.0005353,92791,2026-07-27 17:20:00+00:00
1785173100000,0.0005354,0.0005384,0.0005338,0.0005379,71961,2026-07-27 17:25:00+00:00
1785173400000,0.0005382,0.0005386,0.0005369,0.0005377,36498,2026-07-27 17:30:00+00:00
1785173700000,0.0005378,0.0005389,0.0005356,0.0005376,28569,2026-07-27 17:35:00+00:00
1785174000000,0.0005375,0.0005379,0.0005364,0.000537,13414,2026-07-27 17:40:00+00:00
1785174300000,0.0005368,0.0005373,0.0005348,0.0005366,33630,2026-07-27 17:45:00+00:00
1785174600000,0.0005365,0.0005366,0.0005337,0.0005357,12205,2026-07-27 17:50:00+00:00
1785174900000,0.0005355,0.0005396,0.0005353,0.0005375,60570,2026-07-27 17:55:00+00:00
1785175200000,0.0005377,0.0005422,0.0005377,0.0005411,52681,2026-07-27 18:00:00+00:00
1785175500000,0.0005411,0.0005436,0.0005403,0.0005429,69517,2026-07-27 18:05:00+00:00
1785175800000,0.0005428,0.0005454,0.0005422,0.0005452,61361,2026-07-27 18:10:00+00:00
1785176100000,0.000545,0.0005451,0.0005396,0.0005415,46639,2026-07-27 18:15:00+00:00
1785176400000,0.0005417,0.0005426,0.0005368,0.0005369,34408,2026-07-27 18:20:00+00:00
1785176700000,0.0005368,0.0005402,0.0005367,0.0005396,27808,2026-07-27 18:25:00+00:00
1785177000000,0.0005397,0.0005411,0.0005374,0.0005397,30401,2026-07-27 18:30:00+00:00
1785177300000,0.0005398,0.000541,0.000534,0.0005345,52213,2026-07-27 18:35:00+00:00
1785177600000,0.0005345,0.0005367,0.0005322,0.0005359,94187,2026-07-27 18:40:00+00:00
1785177900000,0.0005357,0.0005359,0.0005338,0.0005357,16323,2026-07-27 18:45:00+00:00
1785178200000,0.0005355,0.0005371,0.000535,0.000535,43808,2026-07-27 18:50:00+00:00
1785178500000,0.0005351,0.0005362,0.0005344,0.0005348,18966,2026-07-27 18:55:00+00:00
1785178800000,0.000535,0.0005358,0.0005339,0.0005344,22008,2026-07-27 19:00:00+00:00
1785179100000,0.0005345,0.0005369,0.0005338,0.0005369,29430,2026-07-27 19:05:00+00:00
1785179400000,0.000537,0.0005436,0.0005367,0.0005397,80433,2026-07-27 19:10:00+00:00
1785179700000,0.0005397,0.00054,0.0005383,0.0005398,17293,2026-07-27 19:15:00+00:00
1785180000000,0.0005398,0.0005412,0.0005389,0.0005404,17073,2026-07-27 19:20:00+00:00
1785180300000,0.0005406,0.0005407,0.0005383,0.0005383,41283,2026-07-27 19:25:00+00:00
1785180600000,0.0005382,0.0005435,0.0005369,0.0005432,27144,2026-07-27 19:30:00+00:00
1785180900000,0.000543,0.0005435,0.0005402,0.0005415,36675,2026-07-27 19:35:00+00:00
1785181200000,0.0005416,0.0005428,0.0005403,0.0005403,18133,2026-07-27 19:40:00+00:00
1785181500000,0.0005404,0.0005445,0.0005396,0.0005439,30772,2026-07-27 19:45:00+00:00
1785181800000,0.000544,0.0005444,0.0005409,0.0005409,7541,2026-07-27 19:50:00+00:00
1785182100000,0.0005409,0.0005419,0.000538,0.0005387,25266,2026-07-27 19:55:00+00:00
1785182400000,0.0005388,0.0005421,0.0005387,0.0005396,15772,2026-07-27 20:00:00+00:00
1785182700000,0.0005395,0.0005404,0.0005386,0.0005394,25180,2026-07-27 20:05:00+00:00
1785183000000,0.0005394,0.0005418,0.0005389,0.0005408,42002,2026-07-27 20:10:00+00:00
1785183300000,0.000541,0.0005424,0.0005394,0.0005424,12340,2026-07-27 20:15:00+00:00
1785183600000,0.0005423,0.0005469,0.000541,0.0005464,87312,2026-07-27 20:20:00+00:00
1785183900000,0.0005463,0.0005469,0.0005442,0.0005453,17763,2026-07-27 20:25:00+00:00
1785184200000,0.0005454,0.0005466,0.0005447,0.0005456,47143,2026-07-27 20:30:00+00:00
1785184500000,0.0005457,0.0005487,0.0005436,0.0005436,24921,2026-07-27 20:35:00+00:00
1785184800000,0.0005434,0.0005439,0.0005407,0.0005412,13417,2026-07-27 20:40:00+00:00
1785185100000,0.000541,0.000541,0.0005383,0.0005386,12204,2026-07-27 20:45:00+00:00
1785185400000,0.0005386,0.0005398,0.0005372,0.0005375,46723,2026-07-27 20:50:00+00:00
1785185700000,0.0005376,0.0005422,0.0005371,0.0005393,58339,2026-07-27 20:55:00+00:00
1785186000000,0.0005392,0.000541,0.0005379,0.0005404,39846,2026-07-27 21:00:00+00:00
1785186300000,0.0005406,0.0005423,0.0005392,0.0005413,12520,2026-07-27 21:05:00+00:00
1785186600000,0.0005413,0.0005482,0.0005409,0.0005458,61243,2026-07-27 21:10:00+00:00
1785186900000,0.0005458,0.0005459,0.0005428,0.0005436,24233,2026-07-27 21:15:00+00:00
1785187200000,0.0005436,0.0005449,0.0005423,0.0005423,10473,2026-07-27 21:20:00+00:00
1785187500000,0.0005424,0.0005425,0.0005389,0.000539,32116,2026-07-27 21:25:00+00:00
1785187800000,0.0005388,0.000539,0.0005375,0.0005375,8431,2026-07-27 21:30:00+00:00
1785188100000,0.0005375,0.0005393,0.0005359,0.000538,39284,2026-07-27 21:35:00+00:00
1785188400000,0.0005379,0.0005392,0.0005379,0.0005382,6973,2026-07-27 21:40:00+00:00
1785188700000,0.0005381,0.00054,0.0005377,0.0005384,20951,2026-07-27 21:45:00+00:00
1785189000000,0.0005382,0.0005382,0.0005366,0.0005367,8615,2026-07-27 21:50:00+00:00
1785189300000,0.0005368,0.0005408,0.0005367,0.0005404,17671,2026-07-27 21:55:00+00:00
1785189600000,0.0005406,0.0005409,0.0005338,0.0005342,49386,2026-07-27 22:00:00+00:00
1785189900000,0.0005341,0.0005344,0.0005319,0.0005329,34778,2026-07-27 22:05:00+00:00
1785190200000,0.0005328,0.0005338,0.0005328,0.0005334,8180,2026-07-27 22:10:00+00:00
1785190500000,0.0005335,0.0005335,0.0005316,0.0005322,12881,2026-07-27 22:15:00+00:00
1785190800000,0.0005321,0.0005334,0.0005311,0.0005318,31631,2026-07-27 22:20:00+00:00
1785191100000,0.0005317,0.0005317,0.0005294,0.00053,48287,2026-07-27 22:25:00+00:00
1785191400000,0.0005299,0.0005319,0.0005278,0.000531,42733,2026-07-27 22:30:00+00:00
1785191700000,0.0005312,0.0005321,0.0005271,0.0005274,53473,2026-07-27 22:35:00+00:00
1785192000000,0.0005272,0.0005273,0.0005164,0.0005184,174987,2026-07-27 22:40:00+00:00
1785192300000,0.0005184,0.0005184,0.0005138,0.0005156,68604,2026-07-27 22:45:00+00:00
1785192600000,0.0005154,0.0005156,0.0005113,0.0005146,60842,2026-07-27 22:50:00+00:00
1785192900000,0.0005149,0.0005173,0.0005132,0.0005144,71481,2026-07-27 22:55:00+00:00
1785193200000,0.0005146,0.0005148,0.0005084,0.0005115,109421,2026-07-27 23:00:00+00:00
1785193500000,0.0005113,0.0005147,0.0005111,0.0005119,30128,2026-07-27 23:05:00+00:00
1785193800000,0.000512,0.0005146,0.0005109,0.0005143,49239,2026-07-27 23:10:00+00:00
1785194100000,0.0005143,0.0005144,0.0005122,0.0005144,16742,2026-07-27 23:15:00+00:00
1785194400000,0.0005144,0.0005199,0.0005135,0.0005153,104261,2026-07-27 23:20:00+00:00
1785194700000,0.0005152,0.000516,0.0005143,0.0005152,29028,2026-07-27 23:25:00+00:00
1785195000000,0.0005152,0.0005175,0.0005152,0.0005155,36121,2026-07-27 23:30:00+00:00
1785195300000,0.0005156,0.0005163,0.0005143,0.0005146,8325,2026-07-27 23:35:00+00:00
1785195600000,0.0005147,0.0005154,0.0005082,0.0005095,200012,2026-07-27 23:40:00+00:00
1785195900000,0.0005095,0.0005116,0.0005085,0.0005092,64154,2026-07-27 23:45:00+00:00
1785196200000,0.000509,0.0005129,0.000509,0.0005123,34747,2026-07-27 23:50:00+00:00
1785196500000,0.0005125,0.000515,0.0005125,0.000514,23280,2026-07-27 23:55:00+00:00
1785196800000,0.0005142,0.0005156,0.0005127,0.0005136,46056,2026-07-28 00:00:00+00:00
1785197100000,0.0005135,0.0005156,0.0005131,0.0005153,27696,2026-07-28 00:05:00+00:00
1785197400000,0.0005153,0.0005171,0.0005136,0.0005171,39523,2026-07-28 00:10:00+00:00
1785197700000,0.0005172,0.0005226,0.000517,0.0005225,72666,2026-07-28 00:15:00+00:00
1785198000000,0.0005225,0.0005231,0.0005195,0.0005197,62189,2026-07-28 00:20:00+00:00
1785198300000,0.0005198,0.0005201,0.0005181,0.0005194,35036,2026-07-28 00:25:00+00:00
1785198600000,0.0005195,0.0005242,0.0005167,0.0005238,98859,2026-07-28 00:30:00+00:00
1785198900000,0.0005243,0.0005259,0.0005231,0.000525,64439,2026-07-28 00:35:00+00:00
1785199200000,0.0005249,0.0005255,0.0005237,0.0005243,24984,2026-07-28 00:40:00+00:00
1785199500000,0.0005243,0.0005253,0.0005225,0.0005239,30638,2026-07-28 00:45:00+00:00
1785199800000,0.0005239,0.0005252,0.0005214,0.0005232,24709,2026-07-28 00:50:00+00:00
1785200100000,0.0005231,0.0005287,0.0005226,0.0005281,205638,2026-07-28 00:55:00+00:00
1785200400000,0.0005281,0.0005289,0.0005258,0.0005262,37380,2026-07-28 01:00:00+00:00
1785200700000,0.0005262,0.0005262,0.0005188,0.0005214,88374,2026-07-28 01:05:00+00:00
1785201000000,0.0005215,0.0005261,0.0005202,0.0005252,89063,2026-07-28 01:10:00+00:00
1785201300000,0.0005251,0.0005269,0.0005221,0.0005244,53556,2026-07-28 01:15:00+00:00
1785201600000,0.0005245,0.0005246,0.0005179,0.0005192,86830,2026-07-28 01:20:00+00:00
1785201900000,0.0005192,0.0005212,0.0005171,0.0005211,53156,2026-07-28 01:25:00+00:00
1785202200000,0.000521,0.0005286,0.0005207,0.0005281,40506,2026-07-28 01:30:00+00:00
1785202500000,0.0005282,0.0005295,0.0005267,0.0005279,75329,2026-07-28 01:35:00+00:00
1785202800000,0.0005279,0.0005308,0.0005267,0.0005308,29367,2026-07-28 01:40:00+00:00
1785203100000,0.0005308,0.0005378,0.0005301,0.0005369,164842,2026-07-28 01:45:00+00:00
1785203400000,0.0005369,0.0005411,0.0005367,0.0005404,107799,2026-07-28 01:50:00+00:00
1785203700000,0.0005404,0.0005476,0.0005398,0.0005444,233366,2026-07-28 01:55:00+00:00
1785204000000,0.0005443,0.0005468,0.000542,0.0005461,181927,2026-07-28 02:00:00+00:00
1785204300000,0.0005461,0.0005546,0.0005438,0.0005528,240075,2026-07-28 02:05:00+00:00
1785204600000,0.0005528,0.0005529,0.0005498,0.0005509,131900,2026-07-28 02:10:00+00:00
1785204900000,0.0005508,0.000551,0.0005445,0.0005489,221292,2026-07-28 02:15:00+00:00
1785205200000,0.0005489,0.0005493,0.0005444,0.0005447,76065,2026-07-28 02:20:00+00:00
1785205500000,0.0005447,0.0005474,0.0005434,0.0005456,97563,2026-07-28 02:25:00+00:00
1785205800000,0.0005455,0.0005455,0.0005396,0.0005437,86730,2026-07-28 02:30:00+00:00
1785206100000,0.000544,0.0005478,0.000544,0.0005455,70762,2026-07-28 02:35:00+00:00
1785206400000,0.0005456,0.0005477,0.0005427,0.0005475,71730,2026-07-28 02:40:00+00:00
1785206700000,0.0005474,0.0005479,0.0005422,0.0005427,64916,2026-07-28 02:45:00+00:00
1785207000000,0.0005426,0.0005459,0.0005402,0.0005449,83313,2026-07-28 02:50:00+00:00
1785207300000,0.0005449,0.0005463,0.000544,0.0005449,48131,2026-07-28 02:55:00+00:00
1785207600000,0.000545,0.0005463,0.0005394,0.0005406,120456,2026-07-28 03:00:00+00:00
1785207900000,0.0005407,0.0005437,0.0005393,0.0005412,39079,2026-07-28 03:05:00+00:00
1785208200000,0.0005413,0.0005415,0.000538,0.0005394,73793,2026-07-28 03:10:00+00:00
1785208500000,0.0005393,0.0005408,0.0005379,0.0005395,27459,2026-07-28 03:15:00+00:00
1785208800000,0.0005397,0.0005407,0.0005384,0.0005392,28099,2026-07-28 03:20:00+00:00
1785209100000,0.0005391,0.0005415,0.0005382,0.0005406,55819,2026-07-28 03:25:00+00:00
1785209400000,0.0005405,0.0005405,0.0005358,0.0005358,87812,2026-07-28 03:30:00+00:00
1785209700000,0.0005358,0.0005369,0.0005352,0.0005353,32649,2026-07-28 03:35:00+00:00
1785210000000,0.0005352,0.0005353,0.0005315,0.0005345,99527,2026-07-28 03:40:00+00:00
1785210300000,0.0005342,0.0005347,0.0005319,0.0005344,65377,2026-07-28 03:45:00+00:00
1785210600000,0.0005342,0.0005359,0.0005339,0.0005353,70226,2026-07-28 03:50:00+00:00
1785210900000,0.0005354,0.0005384,0.0005348,0.0005366,73360,2026-07-28 03:55:00+00:00
1785211200000,0.0005367,0.0005375,0.0005345,0.0005372,45636,2026-07-28 04:00:00+00:00
1785211500000,0.0005372,0.0005377,0.0005328,0.0005343,56617,2026-07-28 04:05:00+00:00
1785211800000,0.0005344,0.0005377,0.0005327,0.0005371,89942,2026-07-28 04:10:00+00:00
1785212100000,0.000537,0.0005377,0.0005338,0.0005373,76845,2026-07-28 04:15:00+00:00
1785212400000,0.0005373,0.000542,0.000537,0.0005417,145763,2026-07-28 04:20:00+00:00
1785212700000,0.0005416,0.0005465,0.0005405,0.0005459,104134,2026-07-28 04:25:00+00:00
1785213000000,0.0005458,0.0005458,0.0005403,0.0005421,136147,2026-07-28 04:30:00+00:00
1785213300000,0.0005421,0.0005446,0.0005398,0.0005431,98179,2026-07-28 04:35:00+00:00
1785213600000,0.0005432,0.0005448,0.0005419,0.0005429,99938,2026-07-28 04:40:00+00:00
1785213900000,0.0005428,0.0005491,0.0005427,0.0005486,88423,2026-07-28 04:45:00+00:00
1785214200000,0.0005486,0.0005534,0.0005478,0.0005509,209599,2026-07-28 04:50:00+00:00
1785214500000,0.000551,0.0005525,0.00055,0.000552,61781,2026-07-28 04:55:00+00:00
1785214800000,0.000552,0.0005555,0.0005511,0.0005543,156328,2026-07-28 05:00:00+00:00
1785215100000,0.0005542,0.0005583,0.0005541,0.0005572,246984,2026-07-28 05:05:00+00:00
1785215400000,0.0005572,0.0005586,0.0005512,0.0005549,273888,2026-07-28 05:10:00+00:00
1785215700000,0.0005549,0.0005586,0.0005481,0.0005487,487762,2026-07-28 05:15:00+00:00
1785216000000,0.0005488,0.0005518,0.0005482,0.0005499,80642,2026-07-28 05:20:00+00:00
1785216300000,0.0005497,0.0005501,0.000544,0.0005453,169482,2026-07-28 05:25:00+00:00
1785216600000,0.0005451,0.0005496,0.0005444,0.0005483,79226,2026-07-28 05:30:00+00:00
1785216900000,0.0005482,0.0005493,0.0005456,0.0005484,93928,2026-07-28 05:35:00+00:00
1785217200000,0.0005485,0.000552,0.0005485,0.0005492,82127,2026-07-28 05:40:00+00:00
1785217500000,0.0005495,0.0005516,0.0005441,0.0005453,110955,2026-07-28 05:45:00+00:00
1785217800000,0.0005454,0.0005457,0.0005361,0.0005395,194711,2026-07-28 05:50:00+00:00
1785218100000,0.0005395,0.0005419,0.0005378,0.0005414,60620,2026-07-28 05:55:00+00:00
1785218400000,0.0005416,0.0005416,0.000538,0.0005398,93139,2026-07-28 06:00:00+00:00
1785218700000,0.0005396,0.0005421,0.0005359,0.0005418,85841,2026-07-28 06:05:00+00:00
1785219000000,0.0005421,0.0005426,0.0005398,0.00054,25709,2026-07-28 06:10:00+00:00
1785219300000,0.0005401,0.0005458,0.0005388,0.0005431,74561,2026-07-28 06:15:00+00:00
1785219600000,0.0005429,0.0005493,0.0005429,0.0005489,143955,2026-07-28 06:20:00+00:00
1785219900000,0.000549,0.0005584,0.0005479,0.0005555,269489,2026-07-28 06:25:00+00:00
1785220200000,0.0005556,0.0005628,0.0005534,0.0005575,371228,2026-07-28 06:30:00+00:00
1785220500000,0.0005576,0.0005585,0.0005519,0.0005535,113561,2026-07-28 06:35:00+00:00
1785220800000,0.0005534,0.0005537,0.0005499,0.0005514,108796,2026-07-28 06:40:00+00:00
1785221100000,0.0005514,0.0005547,0.0005511,0.0005535,110214,2026-07-28 06:45:00+00:00
1785221400000,0.0005535,0.0005552,0.0005504,0.0005542,103662,2026-07-28 06:50:00+00:00
1785221700000,0.0005543,0.0005557,0.000551,0.0005532,87492,2026-07-28 06:55:00+00:00
1785222000000,0.0005532,0.0005686,0.0005522,0.0005661,475728,2026-07-28 07:00:00+00:00
1785222300000,0.0005659,0.0005675,0.0005627,0.0005652,267865,2026-07-28 07:05:00+00:00
1785222600000,0.0005654,0.0005666,0.0005623,0.0005627,185356,2026-07-28 07:10:00+00:00
1785222900000,0.0005628,0.0005688,0.000561,0.0005667,278986,2026-07-28 07:15:00+00:00
1785223200000,0.0005666,0.0005704,0.0005617,0.0005698,315260,2026-07-28 07:20:00+00:00
1785223500000,0.0005698,0.0005734,0.0005675,0.000569,424241,2026-07-28 07:25:00+00:00
1785223800000,0.000569,0.0005701,0.0005646,0.0005665,208287,2026-07-28 07:30:00+00:00
1785224100000,0.0005665,0.0005708,0.0005643,0.0005702,202869,2026-07-28 07:35:00+00:00
1785224400000,0.0005702,0.0005704,0.000565,0.0005651,171797,2026-07-28 07:40:00+00:00
1785224700000,0.0005652,0.0005654,0.0005548,0.0005586,479759,2026-07-28 07:45:00+00:00
1785225000000,0.0005585,0.0005629,0.0005578,0.0005616,183639,2026-07-28 07:50:00+00:00
1785225300000,0.0005617,0.0005633,0.0005594,0.0005612,135601,2026-07-28 07:55:00+00:00
1785225600000,0.0005612,0.000562,0.0005563,0.0005586,194360,2026-07-28 08:00:00+00:00
1785225900000,0.0005587,0.00056,0.0005539,0.0005554,203712,2026-07-28 08:05:00+00:00
1785226200000,0.0005552,0.0005555,0.0005508,0.0005541,218749,2026-07-28 08:10:00+00:00
1785226500000,0.0005539,0.000555,0.0005489,0.000554,172308,2026-07-28 08:15:00+00:00
1785226800000,0.000554,0.0005556,0.0005525,0.0005525,166805,2026-07-28 08:20:00+00:00
1785227100000,0.0005526,0.0005561,0.0005511,0.0005561,104216,2026-07-28 08:25:00+00:00
1785227400000,0.000556,0.0005597,0.0005545,0.0005592,138763,2026-07-28 08:30:00+00:00
1785227700000,0.0005593,0.0005622,0.0005586,0.0005622,110130,2026-07-28 08:35:00+00:00
1785228000000,0.000562,0.000562,0.0005551,0.0005555,131561,2026-07-28 08:40:00+00:00
1785228300000,0.0005554,0.0005582,0.0005525,0.0005556,140090,2026-07-28 08:45:00+00:00
1785228600000,0.0005552,0.0005578,0.0005548,0.0005571,90218,2026-07-28 08:50:00+00:00
1785228900000,0.0005571,0.0005574,0.0005527,0.0005558,119348,2026-07-28 08:55:00+00:00
1785229200000,0.0005558,0.0005585,0.0005552,0.0005574,181792,2026-07-28 09:00:00+00:00
1785229500000,0.0005573,0.0005585,0.000555,0.0005564,111243,2026-07-28 09:05:00+00:00
1785229800000,0.0005563,0.0005567,0.0005532,0.0005536,99249,2026-07-28 09:10:00+00:00
1785230100000,0.0005535,0.0005541,0.0005504,0.0005539,125538,2026-07-28 09:15:00+00:00
1785230400000,0.0005539,0.0005556,0.0005526,0.0005547,122162,2026-07-28 09:20:00+00:00
1785230700000,0.0005547,0.0005579,0.0005541,0.0005577,84206,2026-07-28 09:25:00+00:00
1785231000000,0.0005578,0.0005589,0.0005558,0.0005565,109042,2026-07-28 09:30:00+00:00
1785231300000,0.0005564,0.0005573,0.0005539,0.0005551,131062,2026-07-28 09:35:00+00:00
1785231600000,0.0005551,0.0005552,0.0005521,0.0005532,86665,2026-07-28 09:40:00+00:00
1785231900000,0.0005531,0.0005553,0.000552,0.0005526,39161,2026-07-28 09:45:00+00:00
1785232200000,0.0005525,0.0005525,0.0005462,0.0005471,273584,2026-07-28 09:50:00+00:00
1785232500000,0.0005471,0.0005522,0.0005471,0.000552,124745,2026-07-28 09:55:00+00:00
1785232800000,0.0005518,0.0005548,0.0005513,0.0005529,114248,2026-07-28 10:00:00+00:00
1785233100000,0.0005531,0.0005535,0.000542,0.0005438,454427,2026-07-28 10:05:00+00:00
1785233400000,0.0005438,0.0005446,0.000536,0.0005366,322615,2026-07-28 10:10:00+00:00
1785233700000,0.0005365,0.0005365,0.0005334,0.000535,183656,2026-07-28 10:15:00+00:00
1785234000000,0.0005348,0.0005351,0.0005318,0.0005329,111475,2026-07-28 10:20:00+00:00
1785234300000,0.0005328,0.0005338,0.0005308,0.0005308,116416,2026-07-28 10:25:00+00:00
1785234600000,0.0005312,0.0005314,0.0005268,0.0005275,180585,2026-07-28 10:30:00+00:00
1785234900000,0.0005276,0.00053,0.0005263,0.0005275,111811,2026-07-28 10:35:00+00:00
1785235200000,0.0005275,0.000529,0.0005271,0.000528,85590,2026-07-28 10:40:00+00:00
1785235500000,0.0005279,0.0005327,0.0005277,0.0005312,144328,2026-07-28 10:45:00+00:00
1785235800000,0.0005312,0.0005325,0.0005303,0.0005303,50967,2026-07-28 10:50:00+00:00
1785236100000,0.0005303,0.0005323,0.0005291,0.0005313,59823,2026-07-28 10:55:00+00:00
1785236400000,0.0005313,0.0005315,0.0005274,0.0005287,61761,2026-07-28 11:00:00+00:00
1785236700000,0.0005285,0.0005285,0.0005249,0.0005252,78923,2026-07-28 11:05:00+00:00
