ts,open,high,low,close,volume,open_time
1784787300000,1921.97,1924.09,1921.97,1924.01,31423.85,2026-07-23 06:15:00+00:00
1784787600000,1924.02,1925.55,1920.6,1921.47,165620.21,2026-07-23 06:20:00+00:00
1784787900000,1921.47,1925.35,1921.47,1925.35,114954.99,2026-07-23 06:25:00+00:00
1784788200000,1925.35,1925.35,1923.21,1923.34,23668.45,2026-07-23 06:30:00+00:00
1784788500000,1923.35,1924.22,1923,1923.96,23637.92,2026-07-23 06:35:00+00:00
1784788800000,1923.96,1925.92,1923.82,1924.84,38884.11,2026-07-23 06:40:00+00:00
1784789100000,1924.83,1925.96,1924.78,1925.17,25256.77,2026-07-23 06:45:00+00:00
1784789400000,1925.16,1925.55,1923.73,1924.86,20208.28,2026-07-23 06:50:00+00:00
1784789700000,1924.87,1924.87,1923.89,1924.4,27615.18,2026-07-23 06:55:00+00:00
1784790000000,1924.4,1924.41,1920.82,1921.74,45609.22,2026-07-23 07:00:00+00:00
1784790300000,1921.74,1922.11,1920.37,1921.59,83590.25,2026-07-23 07:05:00+00:00
1784790600000,1921.59,1923,1912.62,1916.82,635072.12,2026-07-23 07:10:00+00:00
1784790900000,1916.81,1917.07,1914,1915.05,174135.54,2026-07-23 07:15:00+00:00
1784791200000,1915.05,1916.08,1913.39,1915.78,81219.05,2026-07-23 07:20:00+00:00
1784791500000,1915.77,1916.01,1914,1915.17,92217.68,2026-07-23 07:25:00+00:00
1784791800000,1915.17,1915.91,1913.43,1914.25,83407.24,2026-07-23 07:30:00+00:00
1784792100000,1914.25,1914.77,1913.5,1914.08,68512.92,2026-07-23 07:35:00+00:00
1784792400000,1914.09,1914.34,1912.54,1912.55,106958.58,2026-07-23 07:40:00+00:00
1784792700000,1912.56,1914.3,1911.62,1913.44,147369.45,2026-07-23 07:45:00+00:00
1784793000000,1913.44,1914.74,1912.13,1914.52,50060.68,2026-07-23 07:50:00+00:00
1784793300000,1914.53,1915.67,1914.53,1914.9,71037.8,2026-07-23 07:55:00+00:00
1784793600000,1914.9,1916.45,1913.6,1915.01,95570.52,2026-07-23 08:00:00+00:00
1784793900000,1915.01,1919.91,1915,1918.07,197408.09,2026-07-23 08:05:00+00:00
1784794200000,1918.07,1919.44,1917.81,1918.65,54571.58,2026-07-23 08:10:00+00:00
1784794500000,1918.66,1921.41,1917.18,1921.36,170739.85,2026-07-23 08:15:00+00:00
1784794800000,1921.36,1921.94,1919,1919.26,71402.4,2026-07-23 08:20:00+00:00
1784795100000,1919.25,1921.2,1918.54,1921.19,48912.03,2026-07-23 08:25:00+00:00
1784795400000,1921.19,1923.85,1921.19,1923,172147.1,2026-07-23 08:30:00+00:00
1784795700000,1923,1923.86,1922.53,1923.17,113053.89,2026-07-23 08:35:00+00:00
1784796000000,1923.17,1925.94,1922.49,1924.79,170017.99,2026-07-23 08:40:00+00:00
1784796300000,1924.8,1925.3,1923.77,1924.41,93777.09,2026-07-23 08:45:00+00:00
1784796600000,1924.41,1925,1923.3,1924.71,99157.13,2026-07-23 08:50:00+00:00
1784796900000,1924.71,1926.53,1923.93,1925.41,121411.1,2026-07-23 08:55:00+00:00
1784797200000,1925.4,1929.58,1923.29,1929.13,268130.93,2026-07-23 09:00:00+00:00
1784797500000,1929.12,1929.4,1926.7,1928.75,201421.2,2026-07-23 09:05:00+00:00
1784797800000,1928.75,1928.75,1927.65,1928.04,88331.82,2026-07-23 09:10:00+00:00
1784798100000,1928.04,1929.49,1928.04,1929.47,79227.66,2026-07-23 09:15:00+00:00
1784798400000,1929.48,1930.97,1926.81,1927,194742.7,2026-07-23 09:20:00+00:00
1784798700000,1927,1929,1926.6,1928.5,120592.2,2026-07-23 09:25:00+00:00
1784799000000,1928.5,1928.74,1926.37,1927.15,77130.02,2026-07-23 09:30:00+00:00
1784799300000,1927.15,1928,1926.81,1927.43,87752.43,2026-07-23 09:35:00+00:00
1784799600000,1927.43,1928.28,1927,1927.87,65281.5,2026-07-23 09:40:00+00:00
1784799900000,1927.86,1928.5,1926.51,1926.68,81372.94,2026-07-23 09:45:00+00:00
1784800200000,1926.69,1926.7,1924.35,1924.54,157710.27,2026-07-23 09:50:00+00:00
1784800500000,1924.54,1925.15,1922.22,1923.13,200543.98,2026-07-23 09:55:00+00:00
1784800800000,1923.13,1924.2,1920.67,1923.8,146622.82,2026-07-23 10:00:00+00:00
1784801100000,1923.8,1924.88,1923.21,1923.93,68320.63,2026-07-23 10:05:00+00:00
1784801400000,1923.93,1925.48,1923.92,1925.34,42588.93,2026-07-23 10:10:00+00:00
1784801700000,1925.34,1926.12,1924.31,1925.29,50249.38,2026-07-23 10:15:00+00:00
1784802000000,1925.29,1925.76,1924.4,1925.75,30193.05,2026-07-23 10:20:00+00:00
1784802300000,1925.76,1927.99,1925.76,1927.07,111109.76,2026-07-23 10:25:00+00:00
1784802600000,1927.07,1928.84,1926.7,1927.34,96118.25,2026-07-23 10:30:00+00:00
1784802900000,1927.34,1928.28,1927.34,1928.14,28566.96,2026-07-23 10:35:00+00:00
1784803200000,1928.15,1928.76,1927.75,1928.75,29701.05,2026-07-23 10:40:00+00:00
1784803500000,1928.75,1929.37,1928,1929.36,44549.42,2026-07-23 10:45:00+00:00
1784803800000,1929.37,1929.37,1926.54,1926.64,59026.44,2026-07-23 10:50:00+00:00
1784804100000,1926.64,1927.37,1926.64,1926.99,20073.03,2026-07-23 10:55:00+00:00
1784804400000,1926.98,1927.27,1925,1925.71,55238.6,2026-07-23 11:00:00+00:00
1784804700000,1925.71,1926.28,1924.04,1925.24,36158.49,2026-07-23 11:05:00+00:00
1784805000000,1925.24,1927.5,1925.24,1927.25,17118.42,2026-07-23 11:10:00+00:00
1784805300000,1927.26,1928,1926.2,1926.49,23083.78,2026-07-23 11:15:00+00:00
1784805600000,1926.49,1926.49,1924.1,1924.77,34845.66,2026-07-23 11:20:00+00:00
1784805900000,1924.76,1925.95,1924.3,1925.14,50133.79,2026-07-23 11:25:00+00:00
1784806200000,1925.13,1925.87,1924,1925.74,39982.39,2026-07-23 11:30:00+00:00
1784806500000,1925.75,1925.75,1923.49,1924.81,36151,2026-07-23 11:35:00+00:00
1784806800000,1924.81,1925.48,1924.01,1924.79,23368.16,2026-07-23 11:40:00+00:00
1784807100000,1924.79,1925.65,1924.09,1925.26,30913.07,2026-07-23 11:45:00+00:00
1784807400000,1925.27,1927.29,1924.08,1924.09,72071.65,2026-07-23 11:50:00+00:00
1784807700000,1924.08,1925,1923.71,1924.7,19771.8,2026-07-23 11:55:00+00:00
1784808000000,1924.71,1926.9,1923.5,1925.81,74156,2026-07-23 12:00:00+00:00
1784808300000,1925.8,1926.37,1921.99,1922.33,86628.33,2026-07-23 12:05:00+00:00
1784808600000,1922.34,1923.4,1920.99,1922.51,106254.67,2026-07-23 12:10:00+00:00
1784808900000,1922.5,1923.28,1918.65,1918.99,202338.11,2026-07-23 12:15:00+00:00
1784809200000,1918.99,1922.22,1917.13,1918.63,179689.54,2026-07-23 12:20:00+00:00
1784809500000,1918.64,1919.94,1917.71,1918.01,75004.33,2026-07-23 12:25:00+00:00
1784809800000,1918,1918,1910.12,1912.71,668042.88,2026-07-23 12:30:00+00:00
1784810100000,1912.7,1913.32,1903.92,1906.29,914303.63,2026-07-23 12:35:00+00:00
1784810400000,1906.29,1906.29,1902.51,1903.75,397427.49,2026-07-23 12:40:00+00:00
1784810700000,1903.75,1903.87,1893.4,1898.97,1350152.94,2026-07-23 12:45:00+00:00
1784811000000,1899,1904.87,1898.29,1903.98,423943.46,2026-07-23 12:50:00+00:00
1784811300000,1903.99,1904.31,1902,1903.59,120254.64,2026-07-23 12:55:00+00:00
1784811600000,1903.6,1906.58,1900,1900.52,245397.08,2026-07-23 13:00:00+00:00
1784811900000,1900.51,1901.49,1897.1,1897.61,209084.21,2026-07-23 13:05:00+00:00
1784812200000,1897.62,1899.63,1896.66,1897.63,179386.45,2026-07-23 13:10:00+00:00
1784812500000,1897.64,1899.12,1896.69,1898,144046.91,2026-07-23 13:15:00+00:00
1784812800000,1898,1900.72,1897.46,1899.96,116736.82,2026-07-23 13:20:00+00:00
1784813100000,1899.97,1900.6,1894.25,1897.25,216989.31,2026-07-23 13:25:00+00:00
1784813400000,1897.25,1905.75,1897,1905.38,349851.2,2026-07-23 13:30:00+00:00
1784813700000,1905.38,1906,1899.29,1901.69,221045.88,2026-07-23 13:35:00+00:00
1784814000000,1901.69,1907.54,1901.69,1906.83,257694.58,2026-07-23 13:40:00+00:00
1784814300000,1906.83,1908.21,1899.4,1902.67,345812.14,2026-07-23 13:45:00+00:00
1784814600000,1902.67,1907.82,1898.19,1905.71,236583.59,2026-07-23 13:50:00+00:00
1784814900000,1905.7,1906.9,1897.51,1897.78,178222.63,2026-07-23 13:55:00+00:00
1784815200000,1897.78,1900.78,1895.05,1900.3,248875.05,2026-07-23 14:00:00+00:00
1784815500000,1900.3,1902.45,1895.16,1899.41,216498.55,2026-07-23 14:05:00+00:00
1784815800000,1899.42,1904.12,1899.16,1901.37,175202.9,2026-07-23 14:10:00+00:00
1784816100000,1901.36,1902,1899.4,1901.26,201339.42,2026-07-23 14:15:00+00:00
1784816400000,1901.27,1906.5,1901.19,1901.97,275093.58,2026-07-23 14:20:00+00:00
1784816700000,1901.97,1903.79,1901.22,1902.95,79331.87,2026-07-23 14:25:00+00:00
1784817000000,1902.95,1905.19,1900.02,1901.31,109166.95,2026-07-23 14:30:00+00:00
1784817300000,1901.3,1906.18,1900.52,1904.55,119057.08,2026-07-23 14:35:00+00:00
1784817600000,1904.56,1905.17,1898.5,1899.01,174169.48,2026-07-23 14:40:00+00:00
1784817900000,1899,1901,1897.26,1897.94,246486.43,2026-07-23 14:45:00+00:00
1784818200000,1897.95,1898.45,1891.36,1893.16,475359.85,2026-07-23 14:50:00+00:00
1784818500000,1893.15,1896.21,1892.04,1895.71,189344.16,2026-07-23 14:55:00+00:00
1784818800000,1895.71,1895.84,1891.1,1893.8,219487.84,2026-07-23 15:00:00+00:00
1784819100000,1893.81,1893.81,1888.02,1889.11,589038.67,2026-07-23 15:05:00+00:00
1784819400000,1889.11,1889.11,1882.05,1883.66,835541.67,2026-07-23 15:10:00+00:00
1784819700000,1883.66,1888.59,1883.02,1888.54,490688.53,2026-07-23 15:15:00+00:00
1784820000000,1888.54,1894.99,1888.54,1894.86,650553.22,2026-07-23 15:20:00+00:00
1784820300000,1894.5,1897.01,1891.28,1891.89,345147.34,2026-07-23 15:25:00+00:00
1784820600000,1891.89,1892.74,1889.35,1890.72,182308.4,2026-07-23 15:30:00+00:00
1784820900000,1890.75,1892.23,1888,1892.02,191857.38,2026-07-23 15:35:00+00:00
1784821200000,1892.03,1893.33,1890.01,1890.01,66445.16,2026-07-23 15:40:00+00:00
1784821500000,1890,1895,1889.24,1894.68,124743.26,2026-07-23 15:45:00+00:00
1784821800000,1894.68,1897.38,1894,1895.67,147700.84,2026-07-23 15:50:00+00:00
1784822100000,1895.67,1896.39,1894.44,1894.68,75707.32,2026-07-23 15:55:00+00:00
1784822400000,1894.67,1894.82,1885,1888.71,503517.28,2026-07-23 16:00:00+00:00
1784822700000,1888.71,1888.71,1884,1888.1,217264.74,2026-07-23 16:05:00+00:00
1784823000000,1888.1,1890.29,1887.34,1889.47,111735,2026-07-23 16:10:00+00:00
1784823300000,1889.47,1890,1883.3,1885.59,150946.31,2026-07-23 16:15:00+00:00
1784823600000,1885.59,1888.2,1884.43,1887.96,131193.05,2026-07-23 16:20:00+00:00
1784823900000,1887.96,1889.28,1887.43,1889.15,61283.23,2026-07-23 16:25:00+00:00
1784824200000,1889.15,1889.32,1885.5,1886.01,93559.61,2026-07-23 16:30:00+00:00
1784824500000,1886.02,1889.21,1885.47,1888.99,77076.5,2026-07-23 16:35:00+00:00
1784824800000,1888.99,1889,1886.41,1887.34,58427.95,2026-07-23 16:40:00+00:00
1784825100000,1887.34,1889.16,1886.8,1888.21,45367.2,2026-07-23 16:45:00+00:00
1784825400000,1888.21,1889.3,1887.26,1888.53,49780,2026-07-23 16:50:00+00:00
1784825700000,1888.52,1890.83,1886.81,1887.22,89624.43,2026-07-23 16:55:00+00:00
1784826000000,1887.23,1889.04,1885,1886.84,82584.66,2026-07-23 17:00:00+00:00
1784826300000,1886.84,1887.48,1885.1,1887.09,116070.72,2026-07-23 17:05:00+00:00
1784826600000,1887.1,1888.8,1886.31,1887.2,78354.5,2026-07-23 17:10:00+00:00
1784826900000,1887.2,1890.24,1886.7,1887.85,105139.11,2026-07-23 17:15:00+00:00
1784827200000,1887.86,1891.2,1887.85,1890.81,88879.14,2026-07-23 17:20:00+00:00
1784827500000,1890.81,1891.31,1889.14,1890.39,58426.85,2026-07-23 17:25:00+00:00
1784827800000,1890.39,1891.29,1889.01,1890.28,45398.42,2026-07-23 17:30:00+00:00
1784828100000,1890.29,1890.63,1887.14,1888.02,35044,2026-07-23 17:35:00+00:00
1784828400000,1888.01,1888.5,1887.13,1887.91,31490.43,2026-07-23 17:40:00+00:00
1784828700000,1887.9,1889.31,1886.74,1888.5,28605.44,2026-07-23 17:45:00+00:00
1784829000000,1888.51,1888.51,1885.22,1885.44,60138.9,2026-07-23 17:50:00+00:00
1784829300000,1885.44,1885.8,1872,1877.6,1039576.39,2026-07-23 17:55:00+00:00
1784829600000,1877.59,1879.68,1876.36,1876.59,235575.45,2026-07-23 18:00:00+00:00
1784829900000,1876.59,1879.67,1874.88,1879.11,184233.11,2026-07-23 18:05:00+00:00
1784830200000,1879.12,1879.46,1877.34,1878.26,75475.09,2026-07-23 18:10:00+00:00
1784830500000,1878.25,1879.53,1875.29,1877.01,148314.05,2026-07-23 18:15:00+00:00
1784830800000,1877.01,1878.47,1875.12,1878.01,117885.43,2026-07-23 18:20:00+00:00
1784831100000,1878,1879.94,1877.54,1879.52,60398.42,2026-07-23 18:25:00+00:00
1784831400000,1879.51,1883.54,1879.11,1882.28,177604,2026-07-23 18:30:00+00:00
1784831700000,1882.28,1882.89,1878.33,1878.75,103938.1,2026-07-23 18:35:00+00:00
1784832000000,1878.75,1878.76,1875.96,1878.07,124224.13,2026-07-23 18:40:00+00:00
1784832300000,1878.08,1881.72,1878.07,1880.26,69008.48,2026-07-23 18:45:00+00:00
1784832600000,1880.26,1882.58,1879.59,1880.82,43971.69,2026-07-23 18:50:00+00:00
1784832900000,1880.82,1881.6,1879.15,1879.99,33656.53,2026-07-23 18:55:00+00:00
1784833200000,1880,1882.5,1880,1881.19,39457.75,2026-07-23 19:00:00+00:00
1784833500000,1881.18,1881.39,1879.51,1879.85,35469.75,2026-07-23 19:05:00+00:00
1784833800000,1879.86,1879.86,1873.77,1875.57,129663.08,2026-07-23 19:10:00+00:00
1784834100000,1875.56,1878.55,1875.44,1876.39,38379.72,2026-07-23 19:15:00+00:00
1784834400000,1876.39,1878.9,1876.38,1878.9,31132.8,2026-07-23 19:20:00+00:00
1784834700000,1878.9,1880.61,1878.9,1880.5,50080.15,2026-07-23 19:25:00+00:00
1784835000000,1880.49,1881.8,1879.62,1879.66,37295.88,2026-07-23 19:30:00+00:00
1784835300000,1879.67,1880.05,1876.07,1876.28,51181.02,2026-07-23 19:35:00+00:00
1784835600000,1876.28,1876.83,1874.01,1875.03,83206.61,2026-07-23 19:40:00+00:00
1784835900000,1875.02,1875.38,1871.27,1871.67,162951.79,2026-07-23 19:45:00+00:00
1784836200000,1871.68,1873.7,1867.51,1870.54,394673.99,2026-07-23 19:50:00+00:00
1784836500000,1870.56,1875.32,1870.56,1874.67,134881.69,2026-07-23 19:55:00+00:00
1784836800000,1874.66,1880.19,1873.81,1878.98,188129.85,2026-07-23 20:00:00+00:00
1784837100000,1878.97,1882.39,1878.78,1882.01,122121.12,2026-07-23 20:05:00+00:00
1784837400000,1882,1884.45,1881.45,1882.88,81350.6,2026-07-23 20:10:00+00:00
1784837700000,1882.88,1885.83,1882.45,1885.31,98748.7,2026-07-23 20:15:00+00:00
1784838000000,1885.3,1885.84,1884.51,1885.19,47265.11,2026-07-23 20:20:00+00:00
1784838300000,1885.19,1887.93,1885,1886.7,89677.35,2026-07-23 20:25:00+00:00
1784838600000,1886.69,1886.7,1884.42,1885.03,58763.87,2026-07-23 20:30:00+00:00
1784838900000,1885.03,1886.34,1884.4,1884.41,22680.1,2026-07-23 20:35:00+00:00
1784839200000,1884.4,1884.5,1883.35,1883.7,25886.48,2026-07-23 20:40:00+00:00
1784839500000,1883.7,1885.08,1883.23,1884.89,17285.68,2026-07-23 20:45:00+00:00
1784839800000,1884.88,1884.89,1884.1,1884.82,12445.22,2026-07-23 20:50:00+00:00
1784840100000,1884.83,1885.84,1884.58,1884.93,33996.38,2026-07-23 20:55:00+00:00
1784840400000,1884.93,1888.31,1884.92,1886.35,115588.22,2026-07-23 21:00:00+00:00
1784840700000,1886.36,1886.36,1882.3,1882.31,49400.85,2026-07-23 21:05:00+00:00
1784841000000,1882.31,1882.71,1880.82,1881.72,87426.35,2026-07-23 21:10:00+00:00
1784841300000,1881.72,1883.5,1879.66,1880.97,47417.55,2026-07-23 21:15:00+00:00
1784841600000,1880.97,1882.39,1880.74,1881.28,33099.67,2026-07-23 21:20:00+00:00
1784841900000,1881.29,1883.34,1881.28,1881.84,28199.28,2026-07-23 21:25:00+00:00
1784842200000,1881.85,1883,1881.65,1882.06,15621.01,2026-07-23 21:30:00+00:00
1784842500000,1882.07,1883.26,1880,1881.05,65016.52,2026-07-23 21:35:00+00:00
1784842800000,1881.05,1881.53,1880.02,1881.3,34844.95,2026-07-23 21:40:00+00:00
1784843100000,1881.3,1882.71,1880.62,1881.85,40906.28,2026-07-23 21:45:00+00:00
1784843400000,1881.85,1882.25,1880,1880.23,38577.15,2026-07-23 21:50:00+00:00
1784843700000,1880.23,1881.98,1879.73,1881.8,27281,2026-07-23 21:55:00+00:00
1784844000000,1881.8,1882.47,1879.1,1881,75223.71,2026-07-23 22:00:00+00:00
1784844300000,1880.99,1883.26,1880.96,1882.35,34013.8,2026-07-23 22:05:00+00:00
1784844600000,1882.35,1882.36,1876.05,1877.45,95447.33,2026-07-23 22:10:00+00:00
1784844900000,1877.45,1878.21,1872.54,1876.76,256602.52,2026-07-23 22:15:00+00:00
1784845200000,1876.76,1881.08,1876.39,1879.89,86531.4,2026-07-23 22:20:00+00:00
1784845500000,1879.89,1881.59,1878.78,1879.19,63569.09,2026-07-23 22:25:00+00:00
1784845800000,1879.19,1882,1879.19,1881.73,43963.17,2026-07-23 22:30:00+00:00
1784846100000,1881.74,1882.64,1880.68,1882.6,36357.46,2026-07-23 22:35:00+00:00
1784846400000,1882.6,1882.89,1880.53,1882.5,44366.55,2026-07-23 22:40:00+00:00
1784846700000,1882.51,1882.64,1881.03,1881.17,16675.13,2026-07-23 22:45:00+00:00
1784847000000,1881.18,1881.92,1880.14,1881.69,23618.42,2026-07-23 22:50:00+00:00
1784847300000,1881.7,1882.54,1881.7,1882.53,14194.39,2026-07-23 22:55:00+00:00
1784847600000,1882.52,1883.65,1881.67,1882.16,50002.29,2026-07-23 23:00:00+00:00
1784847900000,1882.17,1882.98,1881.67,1881.84,33619.35,2026-07-23 23:05:00+00:00
1784848200000,1881.84,1882.27,1881.24,1882.17,32665.69,2026-07-23 23:10:00+00:00
1784848500000,1882.17,1882.53,1881.5,1882.45,32149.15,2026-07-23 23:15:00+00:00
1784848800000,1882.46,1883.78,1882.26,1882.5,24443.92,2026-07-23 23:20:00+00:00
1784849100000,1882.5,1882.97,1881.26,1881.99,27073.6,2026-07-23 23:25:00+00:00
1784849400000,1882,1882.28,1880.37,1882.28,18009.12,2026-07-23 23:30:00+00:00
1784849700000,1882.28,1883.19,1881.5,1882.52,18465.83,2026-07-23 23:35:00+00:00
1784850000000,1882.52,1882.52,1880,1880.92,41115.52,2026-07-23 23:40:00+00:00
1784850300000,1880.92,1881.7,1880,1880.01,21085.15,2026-07-23 23:45:00+00:00
1784850600000,1880,1880.09,1875.28,1875.38,114106.54,2026-07-23 23:50:00+00:00
1784850900000,1875.38,1877.78,1874.7,1877.45,120078.54,2026-07-23 23:55:00+00:00
1784851200000,1877.45,1878.3,1875.34,1875.79,84310.3,2026-07-24 00:00:00+00:00
1784851500000,1875.8,1876,1873.26,1873.6,85352.91,2026-07-24 00:05:00+00:00
1784851800000,1873.6,1875.2,1871.1,1873.61,198424.6,2026-07-24 00:10:00+00:00
1784852100000,1873.6,1874.93,1872.14,1872.73,50347.39,2026-07-24 00:15:00+00:00
1784852400000,1872.72,1876.66,1872.2,1875.29,75761.04,2026-07-24 00:20:00+00:00
1784852700000,1875.28,1875.37,1870.1,1870.4,85386.39,2026-07-24 00:25:00+00:00
1784853000000,1870.39,1871.34,1858.22,1865.83,946724.47,2026-07-24 00:30:00+00:00
1784853300000,1865.83,1868.72,1863,1864.42,235961.91,2026-07-24 00:35:00+00:00
1784853600000,1864.42,1865.9,1861.2,1865,243140.29,2026-07-24 00:40:00+00:00
1784853900000,1864.99,1868.32,1864.99,1867.34,107700.44,2026-07-24 00:45:00+00:00
1784854200000,1867.33,1868.61,1866.01,1867.11,50307.06,2026-07-24 00:50:00+00:00
1784854500000,1867.11,1870.66,1866.01,1870.36,89769.05,2026-07-24 00:55:00+00:00
1784854800000,1870.36,1873.71,1869.43,1873.2,144081.84,2026-07-24 01:00:00+00:00
1784855100000,1873.19,1875.78,1872.9,1874.36,184386.65,2026-07-24 01:05:00+00:00
1784855400000,1874.35,1874.99,1871.82,1872.86,72185.26,2026-07-24 01:10:00+00:00
1784855700000,1872.85,1873.6,1870.85,1872.79,59361.77,2026-07-24 01:15:00+00:00
1784856000000,1872.8,1872.8,1870.8,1872.14,70868.81,2026-07-24 01:20:00+00:00
1784856300000,1872.15,1876.69,1872.14,1872.28,114911.89,2026-07-24 01:25:00+00:00
1784856600000,1872.28,1875.31,1871.18,1874.51,63446.88,2026-07-24 01:30:00+00:00
1784856900000,1874.5,1876.51,1873.5,1874.73,64385.76,2026-07-24 01:35:00+00:00
1784857200000,1874.74,1876.59,1874.32,1875.11,46718.62,2026-07-24 01:40:00+00:00
1784857500000,1875.11,1875.69,1874.15,1874.34,39292.29,2026-07-24 01:45:00+00:00
1784857800000,1874.35,1875.81,1872.56,1874.88,56660.82,2026-07-24 01:50:00+00:00
1784858100000,1874.87,1874.87,1871.56,1871.73,43705.13,2026-07-24 01:55:00+00:00
1784858400000,1871.72,1874.39,1871.72,1872,53205.08,2026-07-24 02:00:00+00:00
1784858700000,1872.01,1874,1871.1,1873.99,51624.07,2026-07-24 02:05:00+00:00
1784859000000,1873.99,1877.46,1873.61,1876.16,122350.01,2026-07-24 02:10:00+00:00
1784859300000,1876.17,1876.17,1872.91,1873.54,41227.18,2026-07-24 02:15:00+00:00
1784859600000,1873.53,1875.69,1871.05,1875.15,75400.8,2026-07-24 02:20:00+00:00
1784859900000,1875.15,1876,1873.91,1874.69,44073.22,2026-07-24 02:25:00+00:00
1784860200000,1874.7,1874.9,1867.02,1867.5,135711.96,2026-07-24 02:30:00+00:00
1784860500000,1867.49,1868.83,1865.69,1868,161853.83,2026-07-24 02:35:00+00:00
1784860800000,1868,1870.66,1867.99,1869.38,54553.48,2026-07-24 02:40:00+00:00
1784861100000,1869.38,1870,1863.85,1865.66,156839.76,2026-07-24 02:45:00+00:00
1784861400000,1865.67,1867.46,1864.21,1865.57,99035.88,2026-07-24 02:50:00+00:00
1784861700000,1865.57,1868.85,1865.56,1868.84,67560.64,2026-07-24 02:55:00+00:00
1784862000000,1868.84,1872.96,1867.44,1872.31,111052.02,2026-07-24 03:00:00+00:00
1784862300000,1872.31,1876.66,1872.02,1874.26,182616.57,2026-07-24 03:05:00+00:00
1784862600000,1874.26,1875.72,1873.34,1875.18,76913.55,2026-07-24 03:10:00+00:00
1784862900000,1875.18,1878.42,1874.88,1876.85,129655.73,2026-07-24 03:15:00+00:00
1784863200000,1876.85,1879.46,1876.3,1876.93,116467.67,2026-07-24 03:20:00+00:00
1784863500000,1876.93,1880.81,1876.52,1877.97,134329.46,2026-07-24 03:25:00+00:00
1784863800000,1877.98,1879.87,1876.71,1877.59,72038.86,2026-07-24 03:30:00+00:00
1784864100000,1877.59,1878.99,1876.87,1877.77,50366.02,2026-07-24 03:35:00+00:00
1784864400000,1877.77,1879.96,1877.28,1879.95,58338.96,2026-07-24 03:40:00+00:00
1784864700000,1879.95,1880.48,1878.25,1879.66,79528.86,2026-07-24 03:45:00+00:00
1784865000000,1879.67,1880,1878.76,1879.1,52906.07,2026-07-24 03:50:00+00:00
1784865300000,1879.1,1879.9,1878.91,1879.6,24571.08,2026-07-24 03:55:00+00:00
1784865600000,1879.61,1880.2,1878.4,1878.72,53169.97,2026-07-24 04:00:00+00:00
1784865900000,1878.73,1879.95,1878.5,1879.04,38961.56,2026-07-24 04:05:00+00:00
1784866200000,1879.04,1879.04,1877.9,1877.91,37092.86,2026-07-24 04:10:00+00:00
1784866500000,1877.9,1878.1,1876.66,1878.1,72475.11,2026-07-24 04:15:00+00:00
1784866800000,1878.1,1881.18,1876.4,1879.39,79305.21,2026-07-24 04:20:00+00:00
1784867100000,1879.38,1880,1878.46,1879,42324.89,2026-07-24 04:25:00+00:00
1784867400000,1879,1879.99,1878.23,1878.56,34506.23,2026-07-24 04:30:00+00:00
1784867700000,1878.55,1878.67,1876.3,1876.3,65488.94,2026-07-24 04:35:00+00:00
1784868000000,1876.31,1876.31,1874,1875.61,94633.32,2026-07-24 04:40:00+00:00
1784868300000,1875.61,1876.36,1875,1875.28,32824.21,2026-07-24 04:45:00+00:00
1784868600000,1875.27,1876.24,1875,1875.6,26314.34,2026-07-24 04:50:00+00:00
1784868900000,1875.6,1875.6,1873.7,1875.07,47272.24,2026-07-24 04:55:00+00:00
1784869200000,1875.07,1875.5,1872.41,1874.32,93655.16,2026-07-24 05:00:00+00:00
1784869500000,1874.32,1880,1874.21,1879.19,195041.28,2026-07-24 05:05:00+00:00
1784869800000,1879.19,1879.2,1878.1,1878.9,26895.09,2026-07-24 05:10:00+00:00
1784870100000,1878.9,1880.05,1878.48,1880.01,64581.69,2026-07-24 05:15:00+00:00
1784870400000,1880.01,1880.36,1878.75,1879.19,31375.2,2026-07-24 05:20:00+00:00
1784870700000,1879.19,1879.4,1878.64,1878.87,23752.07,2026-07-24 05:25:00+00:00
1784871000000,1878.87,1878.87,1878.3,1878.71,21566.21,2026-07-24 05:30:00+00:00
1784871300000,1878.71,1879.46,1878.38,1878.66,29811.15,2026-07-24 05:35:00+00:00
1784871600000,1878.65,1880.28,1876.41,1879.69,63933.41,2026-07-24 05:40:00+00:00
1784871900000,1879.69,1881.21,1879.21,1879.21,54712.31,2026-07-24 05:45:00+00:00
1784872200000,1879.2,1880.49,1877.7,1880.34,62020.12,2026-07-24 05:50:00+00:00
1784872500000,1880.35,1880.35,1879.51,1879.92,44600.81,2026-07-24 05:55:00+00:00
1784872800000,1879.91,1880.45,1879.6,1880.44,48426.35,2026-07-24 06:00:00+00:00
1784873100000,1880.45,1881,1877.6,1880.64,103202.56,2026-07-24 06:05:00+00:00
1784873400000,1880.64,1881.99,1879.64,1880.67,58922.43,2026-07-24 06:10:00+00:00
1784873700000,1880.67,1884.98,1880,1884.51,154902.36,2026-07-24 06:15:00+00:00
1784874000000,1884.51,1884.69,1882.01,1883.88,132889.07,2026-07-24 06:20:00+00:00
1784874300000,1883.88,1885.94,1882.17,1883.18,126806.31,2026-07-24 06:25:00+00:00
1784874600000,1883.18,1884.36,1881.27,1884.35,72161.76,2026-07-24 06:30:00+00:00
1784874900000,1884.36,1886.88,1884.35,1886.15,189931.96,2026-07-24 06:35:00+00:00
1784875200000,1886.15,1886.22,1885.2,1885.2,59329.57,2026-07-24 06:40:00+00:00
1784875500000,1885.2,1886.16,1884.25,1884.73,58146.67,2026-07-24 06:45:00+00:00
1784875800000,1884.72,1885.86,1884.72,1885.85,36694.56,2026-07-24 06:50:00+00:00
1784876100000,1885.86,1887.5,1884.96,1887.04,84796.28,2026-07-24 06:55:00+00:00
1784876400000,1887.05,1892.71,1887.05,1889.36,385329.3,2026-07-24 07:00:00+00:00
1784876700000,1889.36,1894.69,1889.24,1894.57,248329.3,2026-07-24 07:05:00+00:00
1784877000000,1894.58,1908.99,1894.46,1907.58,1335803.46,2026-07-24 07:10:00+00:00
1784877300000,1907.58,1907.58,1901.3,1902.7,414338.48,2026-07-24 07:15:00+00:00
1784877600000,1902.69,1903.26,1895.27,1897.25,406699.88,2026-07-24 07:20:00+00:00
1784877900000,1897.26,1897.99,1896.17,1897.01,154972.07,2026-07-24 07:25:00+00:00
1784878200000,1897.01,1901.16,1895.76,1896.25,263146.5,2026-07-24 07:30:00+00:00
1784878500000,1896.26,1896.49,1891.21,1894.33,339172.72,2026-07-24 07:35:00+00:00
1784878800000,1894.33,1894.34,1887.23,1890.11,555267.04,2026-07-24 07:40:00+00:00
1784879100000,1890.11,1894.27,1890,1894.27,161624.82,2026-07-24 07:45:00+00:00
1784879400000,1894.27,1895.4,1892.3,1895.3,193969.75,2026-07-24 07:50:00+00:00
1784879700000,1895.3,1895.99,1894.79,1895.15,59306.86,2026-07-24 07:55:00+00:00
1784880000000,1895.16,1895.29,1891.56,1892.45,156142.25,2026-07-24 08:00:00+00:00
1784880300000,1892.44,1895.08,1891.8,1894.62,57896.68,2026-07-24 08:05:00+00:00
1784880600000,1894.61,1894.97,1892.1,1892.69,57823.53,2026-07-24 08:10:00+00:00
1784880900000,1892.69,1893.53,1891.47,1891.73,50612.86,2026-07-24 08:15:00+00:00
1784881200000,1891.73,1891.99,1886.8,1887.17,215389.76,2026-07-24 08:20:00+00:00
1784881500000,1887.17,1889.45,1885.18,1889.36,151412.26,2026-07-24 08:25:00+00:00
1784881800000,1889.36,1891.19,1889.12,1890.82,70075.37,2026-07-24 08:30:00+00:00
1784882100000,1890.82,1891.7,1889.12,1891.31,52550.23,2026-07-24 08:35:00+00:00
1784882400000,1891.31,1891.87,1891.01,1891.87,36420.59,2026-07-24 08:40:00+00:00
1784882700000,1891.87,1891.89,1890.26,1891.01,35336.55,2026-07-24 08:45:00+00:00
1784883000000,1891.01,1891.01,1888,1888.31,53513.4,2026-07-24 08:50:00+00:00
1784883300000,1888.31,1888.67,1887.09,1887.22,51971.05,2026-07-24 08:55:00+00:00
1784883600000,1887.22,1888.35,1885.71,1886.19,69219.56,2026-07-24 09:00:00+00:00
1784883900000,1886.19,1886.25,1881.25,1884.57,349417.73,2026-07-24 09:05:00+00:00
1784884200000,1884.56,1884.63,1881.25,1881.67,110589.73,2026-07-24 09:10:00+00:00
1784884500000,1881.67,1882.41,1876.26,1881.15,365597.29,2026-07-24 09:15:00+00:00
1784884800000,1881.14,1882.25,1879.82,1880.99,119153.06,2026-07-24 09:20:00+00:00
1784885100000,1880.98,1883.3,1880.98,1881.81,74552.2,2026-07-24 09:25:00+00:00
1784885400000,1881.82,1883,1881,1882,77648.23,2026-07-24 09:30:00+00:00
1784885700000,1881.99,1884.22,1881.99,1884.2,86954.49,2026-07-24 09:35:00+00:00
1784886000000,1884.2,1886.32,1884.2,1885,116594.8,2026-07-24 09:40:00+00:00
1784886300000,1885,1887.22,1884.6,1884.6,93028.07,2026-07-24 09:45:00+00:00
1784886600000,1884.6,1887.82,1884.28,1887.5,63259.62,2026-07-24 09:50:00+00:00
1784886900000,1887.51,1887.72,1886.25,1887.23,46926.85,2026-07-24 09:55:00+00:00
1784887200000,1887.22,1887.78,1886,1886.5,41439.64,2026-07-24 10:00:00+00:00
1784887500000,1886.5,1886.51,1884.13,1884.44,43938.35,2026-07-24 10:05:00+00:00
1784887800000,1884.43,1885.14,1881.65,1882.05,88792.66,2026-07-24 10:10:00+00:00
1784888100000,1882.04,1883.58,1880.73,1881.7,72532.38,2026-07-24 10:15:00+00:00
1784888400000,1881.7,1884.97,1881.23,1884.27,46980.61,2026-07-24 10:20:00+00:00
1784888700000,1884.27,1885,1883.38,1884.15,27774.19,2026-07-24 10:25:00+00:00
1784889000000,1884.14,1885.7,1883.87,1883.87,46321.92,2026-07-24 10:30:00+00:00
1784889300000,1883.87,1885.62,1883.02,1883.65,53850.64,2026-07-24 10:35:00+00:00
1784889600000,1883.65,1884.55,1883,1883.01,36274.08,2026-07-24 10:40:00+00:00
1784889900000,1883.01,1884.17,1882.13,1883.89,36030.97,2026-07-24 10:45:00+00:00
1784890200000,1883.89,1883.91,1879.15,1880.63,102458.07,2026-07-24 10:50:00+00:00
1784890500000,1880.62,1882.82,1880.54,1882.67,31399.88,2026-07-24 10:55:00+00:00
1784890800000,1882.67,1882.88,1880.61,1881.9,69816.71,2026-07-24 11:00:00+00:00
1784891100000,1881.91,1883.38,1880.17,1880.44,44502.64,2026-07-24 11:05:00+00:00
1784891400000,1880.44,1881.93,1878.66,1880.05,85540.84,2026-07-24 11:10:00+00:00
1784891700000,1880.05,1882.89,1880.03,1882.06,43438.6,2026-07-24 11:15:00+00:00
1784892000000,1882.06,1883,1881.38,1881.9,30926.48,2026-07-24 11:20:00+00:00
1784892300000,1881.91,1881.91,1880.16,1880.55,42672.24,2026-07-24 11:25:00+00:00
1784892600000,1880.55,1881.36,1877.5,1879.89,117224.37,2026-07-24 11:30:00+00:00
1784892900000,1879.89,1880.27,1878.36,1879.79,81009,2026-07-24 11:35:00+00:00
1784893200000,1879.79,1879.83,1877.65,1877.83,54483.5,2026-07-24 11:40:00+00:00
1784893500000,1877.83,1878.46,1875.02,1878.19,177100.47,2026-07-24 11:45:00+00:00
1784893800000,1878.18,1882.8,1878.13,1882.15,132228.88,2026-07-24 11:50:00+00:00
1784894100000,1882.16,1883.6,1880.67,1882.9,104683.41,2026-07-24 11:55:00+00:00
1784894400000,1882.9,1882.9,1880.74,1881.25,46064.17,2026-07-24 12:00:00+00:00
1784894700000,1881.24,1884.39,1880.5,1884.09,53900.42,2026-07-24 12:05:00+00:00
1784895000000,1884.08,1884.14,1882.48,1882.84,31843.94,2026-07-24 12:10:00+00:00
1784895300000,1882.84,1883.41,1881.99,1882.12,36129.84,2026-07-24 12:15:00+00:00
1784895600000,1882.12,1884.8,1881.47,1884.8,33884.23,2026-07-24 12:20:00+00:00
1784895900000,1884.79,1885.08,1881.88,1881.88,119707.35,2026-07-24 12:25:00+00:00
1784896200000,1881.88,1883.44,1879.74,1879.99,50585.8,2026-07-24 12:30:00+00:00
1784896500000,1879.99,1881.62,1879.19,1881,53290.73,2026-07-24 12:35:00+00:00
1784896800000,1881,1881,1876.87,1877.12,109470.48,2026-07-24 12:40:00+00:00
1784897100000,1877.12,1878.49,1872.84,1874.78,435342.81,2026-07-24 12:45:00+00:00
1784897400000,1874.78,1876.22,1873.9,1874.49,69584.02,2026-07-24 12:50:00+00:00
1784897700000,1874.49,1875.35,1871,1871.78,234201.4,2026-07-24 12:55:00+00:00
1784898000000,1871.77,1874.52,1870.3,1871.26,210775.21,2026-07-24 13:00:00+00:00
1784898300000,1871.25,1872.26,1855.29,1861.45,1451510.67,2026-07-24 13:05:00+00:00
1784898600000,1861.46,1863.5,1859.26,1861.66,264331.64,2026-07-24 13:10:00+00:00
1784898900000,1861.65,1869.82,1861.15,1867.46,437432.36,2026-07-24 13:15:00+00:00
1784899200000,1867.46,1869,1867.06,1867.47,129252.93,2026-07-24 13:20:00+00:00
1784899500000,1867.47,1867.58,1865.35,1865.99,107957.18,2026-07-24 13:25:00+00:00
1784899800000,1865.99,1867.65,1862.54,1864.85,254973.72,2026-07-24 13:30:00+00:00
1784900100000,1864.84,1866,1859.57,1860.15,307666.62,2026-07-24 13:35:00+00:00
1784900400000,1860.15,1864.88,1857.51,1864.88,293035.77,2026-07-24 13:40:00+00:00
1784900700000,1864.88,1866.57,1861.07,1861.51,183512.63,2026-07-24 13:45:00+00:00
1784901000000,1861.51,1861.51,1848.29,1849.92,1029130.32,2026-07-24 13:50:00+00:00
1784901300000,1849.92,1857.14,1847.07,1857.13,534311.72,2026-07-24 13:55:00+00:00
1784901600000,1857.12,1860.54,1854.4,1855.07,416526.84,2026-07-24 14:00:00+00:00
1784901900000,1855.07,1861,1853.92,1860.46,199094.37,2026-07-24 14:05:00+00:00
1784902200000,1860.46,1862.38,1856.05,1856.05,292933.3,2026-07-24 14:10:00+00:00
1784902500000,1856.05,1856.9,1849.14,1852.92,385237.21,2026-07-24 14:15:00+00:00
1784902800000,1852.92,1855,1849.68,1853.71,209936.02,2026-07-24 14:20:00+00:00
1784903100000,1853.71,1857.9,1851.62,1857.07,159344.84,2026-07-24 14:25:00+00:00
1784903400000,1857.07,1857.7,1853.1,1853.21,127512.3,2026-07-24 14:30:00+00:00
1784903700000,1853.22,1856.8,1851.28,1852.15,188667.4,2026-07-24 14:35:00+00:00
1784904000000,1852.14,1854.89,1851.08,1851.36,177380.1,2026-07-24 14:40:00+00:00
1784904300000,1851.36,1853.38,1846.9,1853.15,360531.53,2026-07-24 14:45:00+00:00
1784904600000,1853.12,1858,1853.12,1856.95,251115.58,2026-07-24 14:50:00+00:00
1784904900000,1856.95,1862.4,1856.89,1862.02,206963.59,2026-07-24 14:55:00+00:00
1784905200000,1862.01,1862.01,1856.39,1857.07,170416.99,2026-07-24 15:00:00+00:00
1784905500000,1857.06,1857.07,1853.26,1853.76,166708.54,2026-07-24 15:05:00+00:00
1784905800000,1853.76,1864.89,1853.22,1864.33,322588.08,2026-07-24 15:10:00+00:00
1784906100000,1864.33,1867.5,1859.28,1859.56,518186.14,2026-07-24 15:15:00+00:00
1784906400000,1859.56,1863.46,1858.69,1862.1,143715.28,2026-07-24 15:20:00+00:00
1784906700000,1862.11,1866,1861.98,1864.43,135374.56,2026-07-24 15:25:00+00:00
1784907000000,1864.43,1866.65,1863.03,1865.82,195098.54,2026-07-24 15:30:00+00:00
1784907300000,1865.82,1867.55,1863.9,1867.46,185041.04,2026-07-24 15:35:00+00:00
1784907600000,1867.46,1868.58,1862.69,1863.66,166655.84,2026-07-24 15:40:00+00:00
1784907900000,1863.66,1865.25,1861.82,1862.87,159321.08,2026-07-24 15:45:00+00:00
1784908200000,1862.88,1864.59,1858.81,1860.46,185315.45,2026-07-24 15:50:00+00:00
1784908500000,1860.45,1863.13,1860.06,1861.17,54253.87,2026-07-24 15:55:00+00:00
1784908800000,1861.16,1863.28,1858.1,1862.89,187285.87,2026-07-24 16:00:00+00:00
1784909100000,1862.89,1864,1861,1863.39,72389.56,2026-07-24 16:05:00+00:00
1784909400000,1863.39,1865.33,1860.23,1861.49,104604.18,2026-07-24 16:10:00+00:00
1784909700000,1861.5,1862.97,1860,1862.66,40914.26,2026-07-24 16:15:00+00:00
1784910000000,1862.66,1863.18,1860.7,1862.15,42673.32,2026-07-24 16:20:00+00:00
1784910300000,1862.16,1862.7,1859.6,1860,41339.72,2026-07-24 16:25:00+00:00
1784910600000,1860.01,1860.01,1856.63,1857.71,145895.59,2026-07-24 16:30:00+00:00
1784910900000,1857.71,1857.71,1855.4,1856.83,123029.35,2026-07-24 16:35:00+00:00
1784911200000,1856.83,1857.03,1856.03,1856.22,45588.49,2026-07-24 16:40:00+00:00
1784911500000,1856.21,1856.99,1852.46,1854.17,303136.97,2026-07-24 16:45:00+00:00
1784911800000,1854.17,1855.59,1853.5,1855.2,69992.63,2026-07-24 16:50:00+00:00
1784912100000,1855.2,1858.68,1854.92,1856.57,82145.95,2026-07-24 16:55:00+00:00
1784912400000,1856.57,1857.8,1855.5,1857.6,52571.31,2026-07-24 17:00:00+00:00
1784912700000,1857.6,1857.99,1854.26,1855.62,158179.46,2026-07-24 17:05:00+00:00
1784913000000,1855.62,1857.01,1854.72,1856.89,37698.19,2026-07-24 17:10:00+00:00
1784913300000,1856.9,1859.67,1856.47,1859.23,69779.72,2026-07-24 17:15:00+00:00
1784913600000,1859.23,1861.9,1859.18,1861.66,130645.43,2026-07-24 17:20:00+00:00
1784913900000,1861.65,1863.61,1861.2,1862.2,86028.1,2026-07-24 17:25:00+00:00
1784914200000,1862.2,1864.29,1861.61,1864.29,49837.06,2026-07-24 17:30:00+00:00
1784914500000,1864.3,1865.66,1862,1862.28,69413.89,2026-07-24 17:35:00+00:00
1784914800000,1862.27,1863.61,1862,1862.7,26985.85,2026-07-24 17:40:00+00:00
1784915100000,1862.7,1863.05,1861.36,1862.27,64587.87,2026-07-24 17:45:00+00:00
1784915400000,1862.26,1864.58,1861.75,1864.36,63258.11,2026-07-24 17:50:00+00:00
1784915700000,1864.37,1865.76,1864.32,1865.73,70555.31,2026-07-24 17:55:00+00:00
1784916000000,1865.73,1866.15,1863.18,1864.06,59240.33,2026-07-24 18:00:00+00:00
1784916300000,1864.06,1865.22,1863.33,1863.92,32264.12,2026-07-24 18:05:00+00:00
1784916600000,1863.92,1864.75,1863.28,1864.26,26958.42,2026-07-24 18:10:00+00:00
1784916900000,1864.27,1864.27,1861.92,1862.08,54219.45,2026-07-24 18:15:00+00:00
1784917200000,1862.09,1862.93,1861.68,1862.41,31801.31,2026-07-24 18:20:00+00:00
1784917500000,1862.42,1862.66,1859.62,1860.5,97576.7,2026-07-24 18:25:00+00:00
1784917800000,1860.5,1861.67,1858.75,1859.7,52317.93,2026-07-24 18:30:00+00:00
1784918100000,1859.7,1861.08,1859.15,1859.78,80253.48,2026-07-24 18:35:00+00:00
1784918400000,1859.79,1859.86,1857.57,1859.01,79571.46,2026-07-24 18:40:00+00:00
1784918700000,1859.01,1862.14,1858.5,1861.08,56184.29,2026-07-24 18:45:00+00:00
1784919000000,1861.08,1863.23,1860.17,1861.75,24515.46,2026-07-24 18:50:00+00:00
1784919300000,1861.75,1862.43,1861.1,1861.78,27989.42,2026-07-24 18:55:00+00:00
1784919600000,1861.78,1862.89,1859.29,1859.29,47575.64,2026-07-24 19:00:00+00:00
1784919900000,1859.28,1860.33,1857.01,1857.5,46121.15,2026-07-24 19:05:00+00:00
1784920200000,1857.5,1858.49,1857.1,1857.22,28692.36,2026-07-24 19:10:00+00:00
1784920500000,1857.22,1859.55,1857.01,1858.82,40691.36,2026-07-24 19:15:00+00:00
1784920800000,1858.82,1860.47,1858,1859.05,21838.63,2026-07-24 19:20:00+00:00
1784921100000,1859.05,1860.83,1858.45,1860.38,24294.11,2026-07-24 19:25:00+00:00
1784921400000,1860.38,1861.83,1860.1,1861.47,29519.57,2026-07-24 19:30:00+00:00
1784921700000,1861.47,1863.5,1860.63,1862.51,50110.27,2026-07-24 19:35:00+00:00
1784922000000,1862.51,1863.2,1861.8,1862.54,11414.11,2026-07-24 19:40:00+00:00
1784922300000,1862.54,1863.31,1861,1862.3,14007.91,2026-07-24 19:45:00+00:00
1784922600000,1862.3,1863.2,1861.03,1862.79,40881.44,2026-07-24 19:50:00+00:00
1784922900000,1862.78,1862.86,1861.31,1862.71,28305.04,2026-07-24 19:55:00+00:00
1784923200000,1862.71,1864.47,1862.28,1862.79,56910.68,2026-07-24 20:00:00+00:00
1784923500000,1862.78,1862.93,1861.09,1861.18,36667.3,2026-07-24 20:05:00+00:00
1784923800000,1861.19,1862.62,1861.18,1862.26,14435.54,2026-07-24 20:10:00+00:00
1784924100000,1862.26,1863.46,1861.94,1861.95,31038.39,2026-07-24 20:15:00+00:00
1784924400000,1861.95,1863.77,1861.95,1863.28,11796.3,2026-07-24 20:20:00+00:00
1784924700000,1863.29,1864.22,1862.18,1862.19,24596.24,2026-07-24 20:25:00+00:00
1784925000000,1862.18,1862.32,1860.58,1861,40507.57,2026-07-24 20:30:00+00:00
1784925300000,1861,1861.8,1859.2,1861.41,33206.58,2026-07-24 20:35:00+00:00
1784925600000,1861.42,1861.51,1860.03,1860.93,30927.46,2026-07-24 20:40:00+00:00
1784925900000,1860.93,1861.31,1857.14,1858.63,96852.54,2026-07-24 20:45:00+00:00
1784926200000,1858.64,1860.37,1858.45,1860.37,16332.77,2026-07-24 20:50:00+00:00
1784926500000,1860.38,1860.83,1859.64,1859.95,30639.73,2026-07-24 20:55:00+00:00
1784926800000,1859.95,1860.96,1858.88,1859.61,36093.5,2026-07-24 21:00:00+00:00
1784927100000,1859.61,1860.21,1858.56,1859.49,19081.73,2026-07-24 21:05:00+00:00
1784927400000,1859.49,1859.49,1857.81,1858.57,40266.38,2026-07-24 21:10:00+00:00
1784927700000,1858.57,1860.2,1858.25,1858.52,25835.69,2026-07-24 21:15:00+00:00
1784928000000,1858.52,1859,1857.61,1859,32740.27,2026-07-24 21:20:00+00:00
1784928300000,1859,1860.14,1858.36,1859.16,38147.3,2026-07-24 21:25:00+00:00
1784928600000,1859.16,1860.45,1859.04,1859.43,53277.61,2026-07-24 21:30:00+00:00
1784928900000,1859.43,1860.15,1858.38,1858.61,17595.3,2026-07-24 21:35:00+00:00
1784929200000,1858.61,1859.33,1858,1859,75075.33,2026-07-24 21:40:00+00:00
1784929500000,1859.01,1859.17,1857.42,1858.38,28995.26,2026-07-24 21:45:00+00:00
1784929800000,1858.36,1859.05,1857.12,1857.86,48495.81,2026-07-24 21:50:00+00:00
1784930100000,1857.85,1857.86,1856.09,1856.88,62894.69,2026-07-24 21:55:00+00:00
1784930400000,1856.88,1858.48,1855.74,1857.64,45485.42,2026-07-24 22:00:00+00:00
1784930700000,1857.65,1859,1857.06,1858,43838.12,2026-07-24 22:05:00+00:00
1784931000000,1858,1859.08,1857.99,1858.52,30385.15,2026-07-24 22:10:00+00:00
1784931300000,1858.51,1859,1858.45,1858.89,11326.7,2026-07-24 22:15:00+00:00
1784931600000,1858.88,1858.89,1857.57,1858.29,25175.79,2026-07-24 22:20:00+00:00
1784931900000,1858.28,1858.6,1858.09,1858.6,8883.15,2026-07-24 22:25:00+00:00
1784932200000,1858.6,1860.73,1858.6,1859.35,46198.64,2026-07-24 22:30:00+00:00
1784932500000,1859.34,1859.84,1859.13,1859.44,15427.5,2026-07-24 22:35:00+00:00
1784932800000,1859.45,1860.8,1859.44,1860.15,31237.77,2026-07-24 22:40:00+00:00
1784933100000,1860.14,1860.36,1858.5,1859.3,19960.96,2026-07-24 22:45:00+00:00
1784933400000,1859.3,1859.84,1858.69,1859.49,14365.24,2026-07-24 22:50:00+00:00
1784933700000,1859.49,1859.85,1858.54,1858.65,14604.2,2026-07-24 22:55:00+00:00
1784934000000,1858.64,1860.09,1858.09,1859.41,19915.63,2026-07-24 23:00:00+00:00
1784934300000,1859.4,1859.49,1858.39,1859.19,12990.5,2026-07-24 23:05:00+00:00
1784934600000,1859.19,1859.4,1858.81,1859.03,17278.92,2026-07-24 23:10:00+00:00
1784934900000,1859.02,1859.6,1858.5,1859.18,5183.32,2026-07-24 23:15:00+00:00
1784935200000,1859.17,1860.65,1859.17,1860.35,30342.41,2026-07-24 23:20:00+00:00
1784935500000,1860.35,1860.35,1859.47,1860.18,10732.78,2026-07-24 23:25:00+00:00
1784935800000,1860.18,1860.94,1859.96,1860.75,21015.57,2026-07-24 23:30:00+00:00
1784936100000,1860.75,1860.75,1858.58,1859.8,28841.59,2026-07-24 23:35:00+00:00
1784936400000,1859.8,1860.56,1859.54,1860.34,8171.19,2026-07-24 23:40:00+00:00
1784936700000,1860.33,1860.33,1859.49,1860.16,10396.69,2026-07-24 23:45:00+00:00
1784937000000,1860.17,1861.05,1860,1860.33,15611.77,2026-07-24 23:50:00+00:00
1784937300000,1860.34,1861.2,1860.34,1860.75,9929.57,2026-07-24 23:55:00+00:00
1784937600000,1860.74,1862.99,1860.09,1862.27,45586.29,2026-07-25 00:00:00+00:00
1784937900000,1862.26,1862.5,1861.31,1861.31,14597.07,2026-07-25 00:05:00+00:00
1784938200000,1861.31,1862.25,1861.31,1862.05,12767.64,2026-07-25 00:10:00+00:00
1784938500000,1862.05,1862.06,1861.39,1861.68,11486.04,2026-07-25 00:15:00+00:00
1784938800000,1861.69,1863.36,1861.68,1862.99,41317.79,2026-07-25 00:20:00+00:00
1784939100000,1862.98,1863.55,1862.79,1863,21952.69,2026-07-25 00:25:00+00:00
1784939400000,1863,1863.95,1861.62,1863.05,59457.14,2026-07-25 00:30:00+00:00
1784939700000,1863.05,1863.07,1862.18,1862.64,12534.6,2026-07-25 00:35:00+00:00
1784940000000,1862.64,1862.65,1858.94,1859.5,167686.73,2026-07-25 00:40:00+00:00
1784940300000,1859.49,1859.67,1856.13,1859,179163.33,2026-07-25 00:45:00+00:00
1784940600000,1859.01,1859.01,1857.99,1858.1,87138.55,2026-07-25 00:50:00+00:00
1784940900000,1858.1,1860,1858.04,1859.5,37430.84,2026-07-25 00:55:00+00:00
1784941200000,1859.49,1862.92,1859.49,1861.44,93592.02,2026-07-25 01:00:00+00:00
1784941500000,1861.44,1862.12,1860.21,1860.21,43092.36,2026-07-25 01:05:00+00:00
1784941800000,1860.21,1860.22,1857.43,1858.62,83822.33,2026-07-25 01:10:00+00:00
1784942100000,1858.63,1858.99,1857.24,1857.59,72376.97,2026-07-25 01:15:00+00:00
1784942400000,1857.59,1858.48,1857.38,1858.48,30065.64,2026-07-25 01:20:00+00:00
1784942700000,1858.47,1859.67,1858.28,1859.01,40964.24,2026-07-25 01:25:00+00:00
1784943000000,1859,1859.71,1858.36,1859.71,19563.31,2026-07-25 01:30:00+00:00
1784943300000,1859.71,1861.31,1859.7,1859.7,62820.46,2026-07-25 01:35:00+00:00
1784943600000,1859.7,1860.99,1859.49,1860.99,11145.48,2026-07-25 01:40:00+00:00
1784943900000,1860.99,1861.59,1860.4,1860.4,24412.17,2026-07-25 01:45:00+00:00
1784944200000,1860.4,1861.31,1859.5,1859.91,27227.09,2026-07-25 01:50:00+00:00
1784944500000,1859.9,1859.91,1858.94,1859.31,13053.09,2026-07-25 01:55:00+00:00
1784944800000,1859.3,1860,1858.94,1859.85,25408.23,2026-07-25 02:00:00+00:00
1784945100000,1859.84,1860.99,1859.64,1860.18,11676.39,2026-07-25 02:05:00+00:00
1784945400000,1860.18,1860.19,1859.01,1859.27,16999.41,2026-07-25 02:10:00+00:00
1784945700000,1859.27,1859.27,1857.43,1857.84,39623.09,2026-07-25 02:15:00+00:00
1784946000000,1857.84,1859.32,1857.78,1858.41,29906.32,2026-07-25 02:20:00+00:00
1784946300000,1858.41,1860,1858.06,1860,21192.78,2026-07-25 02:25:00+00:00
1784946600000,1860,1860,1858.09,1859.02,16270.62,2026-07-25 02:30:00+00:00
1784946900000,1859.03,1860.08,1858.1,1859.86,19872.39,2026-07-25 02:35:00+00:00
1784947200000,1859.85,1860.39,1859.55,1859.76,25646.92,2026-07-25 02:40:00+00:00
1784947500000,1859.77,1859.95,1858.88,1859.14,12777.87,2026-07-25 02:45:00+00:00
1784947800000,1859.14,1859.32,1857.55,1858.15,38506.32,2026-07-25 02:50:00+00:00
1784948100000,1858.15,1858.71,1857.85,1858.71,13653.38,2026-07-25 02:55:00+00:00
1784948400000,1858.7,1859.2,1857.14,1858.89,58523.83,2026-07-25 03:00:00+00:00
1784948700000,1858.88,1859.26,1858.15,1858.74,9167.88,2026-07-25 03:05:00+00:00
1784949000000,1858.75,1859.55,1857.69,1858.74,21110.3,2026-07-25 03:10:00+00:00
1784949300000,1858.73,1859.17,1858.2,1858.97,13824.85,2026-07-25 03:15:00+00:00
1784949600000,1858.96,1858.97,1858.01,1858.32,18515.57,2026-07-25 03:20:00+00:00
1784949900000,1858.31,1859.78,1858.31,1858.48,17288.68,2026-07-25 03:25:00+00:00
1784950200000,1858.48,1859.25,1857.58,1859.09,10577.69,2026-07-25 03:30:00+00:00
1784950500000,1859.09,1859.4,1858,1858.23,13297.19,2026-07-25 03:35:00+00:00
1784950800000,1858.22,1858.98,1857.87,1858.85,30146.69,2026-07-25 03:40:00+00:00
1784951100000,1858.84,1858.85,1856.1,1856.32,49780.78,2026-07-25 03:45:00+00:00
1784951400000,1856.32,1858.27,1854.5,1858.11,107546.2,2026-07-25 03:50:00+00:00
1784951700000,1858.1,1858.4,1857.51,1857.87,18875.59,2026-07-25 03:55:00+00:00
1784952000000,1857.88,1859.71,1857.87,1859.71,38525.29,2026-07-25 04:00:00+00:00
1784952300000,1859.71,1859.99,1859.02,1859.94,24527.71,2026-07-25 04:05:00+00:00
1784952600000,1859.95,1860,1859.39,1859.99,15531.7,2026-07-25 04:10:00+00:00
1784952900000,1860,1860.77,1859.58,1859.67,37245.86,2026-07-25 04:15:00+00:00
1784953200000,1859.67,1859.68,1858.63,1858.63,13273.44,2026-07-25 04:20:00+00:00
1784953500000,1858.64,1859.2,1858.53,1859.06,23239.36,2026-07-25 04:25:00+00:00
1784953800000,1859.05,1859.4,1857.87,1857.87,12816.38,2026-07-25 04:30:00+00:00
1784954100000,1857.87,1859.8,1857.63,1859.79,13991.1,2026-07-25 04:35:00+00:00
1784954400000,1859.79,1861.27,1859.79,1860.57,48650.41,2026-07-25 04:40:00+00:00
1784954700000,1860.57,1861.12,1860.36,1861.12,27234.26,2026-07-25 04:45:00+00:00
1784955000000,1861.12,1861.75,1860,1860.16,31698.97,2026-07-25 04:50:00+00:00
1784955300000,1860.15,1860.5,1859.97,1860.5,17010.81,2026-07-25 04:55:00+00:00
1784955600000,1860.49,1862.15,1860.49,1860.94,98039.42,2026-07-25 05:00:00+00:00
1784955900000,1860.95,1860.95,1860.27,1860.79,12709.56,2026-07-25 05:05:00+00:00
1784956200000,1860.78,1860.79,1859.64,1859.83,12024.53,2026-07-25 05:10:00+00:00
1784956500000,1859.82,1860.17,1859.4,1859.61,22663.53,2026-07-25 05:15:00+00:00
1784956800000,1859.6,1860.65,1859.6,1860.22,19364.56,2026-07-25 05:20:00+00:00
1784957100000,1860.21,1860.31,1859.77,1859.9,17129.23,2026-07-25 05:25:00+00:00
1784957400000,1859.9,1859.94,1858.5,1858.51,26452.06,2026-07-25 05:30:00+00:00
1784957700000,1858.5,1858.89,1856.77,1856.85,87834.59,2026-07-25 05:35:00+00:00
1784958000000,1856.84,1858.13,1856.5,1857.53,54779.47,2026-07-25 05:40:00+00:00
1784958300000,1857.54,1857.64,1856.9,1857.11,27531.58,2026-07-25 05:45:00+00:00
1784958600000,1857.12,1857.78,1856.06,1857.63,41779.5,2026-07-25 05:50:00+00:00
1784958900000,1857.63,1858,1857.38,1857.81,11479.39,2026-07-25 05:55:00+00:00
1784959200000,1857.8,1858.69,1857.69,1858.22,18864.42,2026-07-25 06:00:00+00:00
1784959500000,1858.22,1858.58,1857.12,1858.58,17465.35,2026-07-25 06:05:00+00:00
1784959800000,1858.57,1858.84,1858.08,1858.79,20711.18,2026-07-25 06:10:00+00:00
1784960100000,1858.79,1859.5,1857.88,1859.17,29706.11,2026-07-25 06:15:00+00:00
1784960400000,1859.17,1859.17,1855.52,1856.04,80981.49,2026-07-25 06:20:00+00:00
1784960700000,1856.05,1856.86,1855.69,1856.07,27564.44,2026-07-25 06:25:00+00:00
1784961000000,1856.07,1856.38,1854.31,1855.39,75107.69,2026-07-25 06:30:00+00:00
1784961300000,1855.4,1856.49,1854.9,1856.01,37732.57,2026-07-25 06:35:00+00:00
1784961600000,1856,1856.01,1854.7,1854.83,35575.2,2026-07-25 06:40:00+00:00
1784961900000,1854.83,1855.23,1853.66,1854.5,60197.64,2026-07-25 06:45:00+00:00
1784962200000,1854.51,1856.24,1854.5,1856.12,21209.28,2026-07-25 06:50:00+00:00
1784962500000,1856.12,1858,1855.87,1857.7,28733.44,2026-07-25 06:55:00+00:00
1784962800000,1857.7,1857.9,1857,1857.69,32466.75,2026-07-25 07:00:00+00:00
1784963100000,1857.67,1857.67,1856.61,1856.61,19275.35,2026-07-25 07:05:00+00:00
1784963400000,1856.61,1857.34,1856.61,1856.82,44403.3,2026-07-25 07:10:00+00:00
1784963700000,1856.83,1857.1,1855.88,1856.6,24839.96,2026-07-25 07:15:00+00:00
1784964000000,1856.61,1857.62,1856.5,1857.26,12711.62,2026-07-25 07:20:00+00:00
1784964300000,1857.26,1857.32,1856.31,1856.31,19794.4,2026-07-25 07:25:00+00:00
1784964600000,1856.31,1856.63,1855.5,1856.38,12650.16,2026-07-25 07:30:00+00:00
1784964900000,1856.38,1857.27,1856.12,1857,27778.81,2026-07-25 07:35:00+00:00
1784965200000,1857,1857.15,1855.96,1856.36,20468.66,2026-07-25 07:40:00+00:00
1784965500000,1856.36,1857.14,1855.53,1855.74,28801.86,2026-07-25 07:45:00+00:00
1784965800000,1855.74,1855.9,1855.2,1855.5,18072.13,2026-07-25 07:50:00+00:00
1784966100000,1855.5,1855.97,1855.2,1855.2,13271.84,2026-07-25 07:55:00+00:00
1784966400000,1855.2,1855.34,1854.11,1854.3,47717.96,2026-07-25 08:00:00+00:00
1784966700000,1854.31,1854.88,1852.01,1853.45,107325.15,2026-07-25 08:05:00+00:00
1784967000000,1853.45,1854.21,1852.3,1853.7,40068.04,2026-07-25 08:10:00+00:00
1784967300000,1853.7,1854.84,1853.69,1854.84,19929.97,2026-07-25 08:15:00+00:00
1784967600000,1854.84,1855.49,1854.5,1854.71,16943.85,2026-07-25 08:20:00+00:00
1784967900000,1854.7,1855.15,1854.43,1855.15,11618.67,2026-07-25 08:25:00+00:00
1784968200000,1855.15,1855.4,1854.57,1854.8,26264.06,2026-07-25 08:30:00+00:00
1784968500000,1854.79,1854.8,1853.6,1853.81,17216.69,2026-07-25 08:35:00+00:00
1784968800000,1853.8,1855,1853.8,1854.43,10295.46,2026-07-25 08:40:00+00:00
1784969100000,1854.43,1854.71,1852.5,1852.75,30410.22,2026-07-25 08:45:00+00:00
1784969400000,1852.75,1853.21,1850.46,1852.05,138714.04,2026-07-25 08:50:00+00:00
1784969700000,1852.05,1853.69,1852.05,1853.1,47748.5,2026-07-25 08:55:00+00:00
1784970000000,1853.1,1854.11,1851.68,1852.06,47170.15,2026-07-25 09:00:00+00:00
1784970300000,1852.05,1852.72,1850.75,1852.5,65451.89,2026-07-25 09:05:00+00:00
1784970600000,1852.49,1853.5,1852.2,1853.45,34281.7,2026-07-25 09:10:00+00:00
1784970900000,1853.45,1854.44,1853,1853,34638.24,2026-07-25 09:15:00+00:00
1784971200000,1853,1854.5,1852.62,1854.5,46744.49,2026-07-25 09:20:00+00:00
1784971500000,1854.51,1855.1,1854.14,1855.1,49749.65,2026-07-25 09:25:00+00:00
1784971800000,1855.09,1855.38,1855,1855.08,30653.79,2026-07-25 09:30:00+00:00
1784972100000,1855.09,1855.96,1854.56,1855.03,28101.73,2026-07-25 09:35:00+00:00
1784972400000,1855.03,1855.81,1855,1855.67,17980.2,2026-07-25 09:40:00+00:00
1784972700000,1855.68,1856.89,1855.67,1856.5,34841.58,2026-07-25 09:45:00+00:00
1784973000000,1856.51,1858.29,1856.51,1857.25,107221.31,2026-07-25 09:50:00+00:00
1784973300000,1857.24,1857.56,1856.5,1857.56,34783.5,2026-07-25 09:55:00+00:00
1784973600000,1857.56,1858.36,1857.02,1858.36,40211.67,2026-07-25 10:00:00+00:00
1784973900000,1858.36,1858.67,1857.22,1857.71,41364.55,2026-07-25 10:05:00+00:00
1784974200000,1857.7,1858.2,1857.43,1858.19,22882.91,2026-07-25 10:10:00+00:00
1784974500000,1858.2,1858.64,1857.84,1858.64,31231.08,2026-07-25 10:15:00+00:00
1784974800000,1858.63,1858.64,1856.6,1856.99,37747.49,2026-07-25 10:20:00+00:00
1784975100000,1856.99,1857.32,1856.74,1857.3,32718.06,2026-07-25 10:25:00+00:00
1784975400000,1857.29,1857.47,1856.28,1857.46,40257.98,2026-07-25 10:30:00+00:00
1784975700000,1857.47,1857.75,1856,1856.98,30714,2026-07-25 10:35:00+00:00
1784976000000,1856.97,1857.2,1856.01,1856.4,7204.81,2026-07-25 10:40:00+00:00
1784976300000,1856.4,1856.66,1856.21,1856.65,6606.24,2026-07-25 10:45:00+00:00
1784976600000,1856.66,1856.88,1856.23,1856.88,8680.46,2026-07-25 10:50:00+00:00
1784976900000,1856.88,1858.13,1856.82,1857.89,35333.91,2026-07-25 10:55:00+00:00
1784977200000,1857.89,1859.4,1857.2,1859,55176.73,2026-07-25 11:00:00+00:00
1784977500000,1859,1859.33,1858.03,1858.57,85205.73,2026-07-25 11:05:00+00:00
1784977800000,1858.56,1858.85,1858.08,1858.48,12794.9,2026-07-25 11:10:00+00:00
1784978100000,1858.48,1858.77,1858.01,1858.73,19011.53,2026-07-25 11:15:00+00:00
1784978400000,1858.73,1858.86,1858.07,1858.07,15768.7,2026-07-25 11:20:00+00:00
1784978700000,1858.08,1858.08,1857.45,1857.45,12935.68,2026-07-25 11:25:00+00:00
1784979000000,1857.45,1858.85,1856.84,1856.84,18814.63,2026-07-25 11:30:00+00:00
1784979300000,1856.85,1857.26,1856.67,1857,11399.71,2026-07-25 11:35:00+00:00
1784979600000,1857,1858,1857,1857.32,13963.25,2026-07-25 11:40:00+00:00
1784979900000,1857.32,1857.95,1857.23,1857.4,14427.68,2026-07-25 11:45:00+00:00
1784980200000,1857.39,1858.2,1857.34,1857.36,38083.07,2026-07-25 11:50:00+00:00
1784980500000,1857.36,1857.8,1856.76,1856.98,27986.58,2026-07-25 11:55:00+00:00
1784980800000,1856.99,1857.59,1856.67,1857.58,20728.96,2026-07-25 12:00:00+00:00
1784981100000,1857.59,1857.59,1856.9,1857.01,15686.22,2026-07-25 12:05:00+00:00
1784981400000,1857,1857.5,1856.01,1857.49,48488.79,2026-07-25 12:10:00+00:00
1784981700000,1857.5,1857.97,1856.88,1857.51,28039.52,2026-07-25 12:15:00+00:00
1784982000000,1857.51,1857.51,1856.25,1856.58,7304.96,2026-07-25 12:20:00+00:00
1784982300000,1856.59,1857.89,1856.59,1857.15,32846.05,2026-07-25 12:25:00+00:00
1784982600000,1857.15,1857.2,1856.47,1857.2,18664.59,2026-07-25 12:30:00+00:00
1784982900000,1857.2,1857.64,1856.36,1857.63,10314.46,2026-07-25 12:35:00+00:00
1784983200000,1857.64,1857.7,1856.8,1857.52,11659.54,2026-07-25 12:40:00+00:00
1784983500000,1857.52,1858.26,1856.95,1857.86,18502.25,2026-07-25 12:45:00+00:00
1784983800000,1857.86,1858.65,1857.85,1858.64,22716.71,2026-07-25 12:50:00+00:00
1784984100000,1858.63,1859.66,1858.46,1859.33,34386.13,2026-07-25 12:55:00+00:00
1784984400000,1859.32,1862.49,1859.13,1861.18,211959.33,2026-07-25 13:00:00+00:00
1784984700000,1861.17,1862.52,1860.61,1862.13,76430.38,2026-07-25 13:05:00+00:00
1784985000000,1862.12,1862.8,1861.89,1862.09,54078.9,2026-07-25 13:10:00+00:00
1784985300000,1862.09,1862.1,1861.47,1861.57,61183.26,2026-07-25 13:15:00+00:00
1784985600000,1861.57,1863.71,1861.56,1862.77,80600.02,2026-07-25 13:20:00+00:00
1784985900000,1862.77,1864.72,1862.67,1863.19,98818.03,2026-07-25 13:25:00+00:00
1784986200000,1863.18,1864.23,1862.28,1862.73,62190.47,2026-07-25 13:30:00+00:00
1784986500000,1862.73,1863.79,1862.32,1863.58,30256.27,2026-07-25 13:35:00+00:00
1784986800000,1863.59,1867.99,1863.59,1867.42,213029.66,2026-07-25 13:40:00+00:00
1784987100000,1867.41,1871.98,1866.74,1869.5,407078.43,2026-07-25 13:45:00+00:00
1784987400000,1869.5,1869.76,1865.68,1866.38,167001.88,2026-07-25 13:50:00+00:00
1784987700000,1866.39,1866.67,1864.17,1866.39,140506.61,2026-07-25 13:55:00+00:00
1784988000000,1866.38,1866.6,1864.27,1864.97,99520.49,2026-07-25 14:00:00+00:00
1784988300000,1864.98,1866.47,1864.97,1866.44,45967.75,2026-07-25 14:05:00+00:00
1784988600000,1866.44,1866.58,1865.31,1866.52,30545.77,2026-07-25 14:10:00+00:00
1784988900000,1866.52,1867.38,1865.5,1865.99,53387.04,2026-07-25 14:15:00+00:00
1784989200000,1865.99,1866,1864.44,1865.32,84875.41,2026-07-25 14:20:00+00:00
1784989500000,1865.32,1865.83,1865,1865.82,15958.56,2026-07-25 14:25:00+00:00
1784989800000,1865.83,1867.29,1865.81,1866.7,31016.33,2026-07-25 14:30:00+00:00
1784990100000,1866.7,1868.44,1866.14,1867.23,49122.55,2026-07-25 14:35:00+00:00
1784990400000,1867.24,1868.21,1866.15,1867.45,41308.85,2026-07-25 14:40:00+00:00
1784990700000,1867.46,1867.77,1866.15,1866.25,24815.2,2026-07-25 14:45:00+00:00
1784991000000,1866.25,1867.84,1866.25,1867.34,18017.26,2026-07-25 14:50:00+00:00
1784991300000,1867.35,1868.56,1867.34,1867.89,30530.39,2026-07-25 14:55:00+00:00
1784991600000,1867.88,1867.88,1866.22,1866.86,25022.09,2026-07-25 15:00:00+00:00
1784991900000,1866.86,1868,1866.55,1867.53,21848.05,2026-07-25 15:05:00+00:00
1784992200000,1867.53,1869.48,1867.08,1867.88,66331.1,2026-07-25 15:10:00+00:00
1784992500000,1867.88,1869.39,1867.87,1868.79,44473.63,2026-07-25 15:15:00+00:00
1784992800000,1868.8,1870.76,1868.5,1868.94,75658.7,2026-07-25 15:20:00+00:00
1784993100000,1868.94,1869.13,1867.5,1867.51,31723.46,2026-07-25 15:25:00+00:00
1784993400000,1867.52,1867.59,1866.48,1866.99,29321.55,2026-07-25 15:30:00+00:00
1784993700000,1866.99,1870.22,1866.99,1870.06,58920.89,2026-07-25 15:35:00+00:00
1784994000000,1870.05,1870.21,1868.91,1869.36,46403.83,2026-07-25 15:40:00+00:00
1784994300000,1869.36,1870.06,1867.1,1867.2,31221.97,2026-07-25 15:45:00+00:00
1784994600000,1867.19,1867.95,1866.61,1867.61,26959.6,2026-07-25 15:50:00+00:00
1784994900000,1867.61,1867.88,1866.92,1867.06,14645.9,2026-07-25 15:55:00+00:00
1784995200000,1867.05,1868.6,1867,1867.68,24393.33,2026-07-25 16:00:00+00:00
1784995500000,1867.68,1868.17,1864.72,1864.95,79754.42,2026-07-25 16:05:00+00:00
1784995800000,1864.95,1867.82,1864.95,1867.76,53008.6,2026-07-25 16:10:00+00:00
1784996100000,1867.77,1867.77,1864.42,1864.42,47074.27,2026-07-25 16:15:00+00:00
1784996400000,1864.42,1865.6,1864.39,1865.07,29756.62,2026-07-25 16:20:00+00:00
1784996700000,1865.07,1865.66,1863.77,1864.93,46947.32,2026-07-25 16:25:00+00:00
1784997000000,1864.93,1866.2,1864.57,1866.19,35831.51,2026-07-25 16:30:00+00:00
1784997300000,1866.2,1867.84,1866.19,1867.33,25452.11,2026-07-25 16:35:00+00:00
1784997600000,1867.33,1868.32,1867.09,1868.32,17576.18,2026-07-25 16:40:00+00:00
1784997900000,1868.31,1870.04,1867.57,1867.9,78124.12,2026-07-25 16:45:00+00:00
1784998200000,1867.91,1867.97,1865.83,1866.52,37278.12,2026-07-25 16:50:00+00:00
1784998500000,1866.53,1867.32,1865.8,1867.32,11546.12,2026-07-25 16:55:00+00:00
1784998800000,1867.31,1868.9,1867.27,1868.1,21367.33,2026-07-25 17:00:00+00:00
1784999100000,1868.09,1868.84,1867.93,1868.26,13259.79,2026-07-25 17:05:00+00:00
1784999400000,1868.26,1868.45,1867.17,1868.44,35462.84,2026-07-25 17:10:00+00:00
1784999700000,1868.45,1869.5,1868.44,1868.96,23120.28,2026-07-25 17:15:00+00:00
1785000000000,1868.96,1870.3,1868.01,1870,34614.2,2026-07-25 17:20:00+00:00
1785000300000,1870,1871.7,1870,1870.61,80757.81,2026-07-25 17:25:00+00:00
1785000600000,1870.61,1873.76,1869.66,1873.51,176246.28,2026-07-25 17:30:00+00:00
1785000900000,1873.51,1873.76,1871.3,1871.35,84981.76,2026-07-25 17:35:00+00:00
1785001200000,1871.35,1874.2,1871.35,1872.93,114735.65,2026-07-25 17:40:00+00:00
1785001500000,1872.94,1874.88,1872.21,1873.43,81497.91,2026-07-25 17:45:00+00:00
1785001800000,1873.44,1873.94,1871.8,1872.04,73809.07,2026-07-25 17:50:00+00:00
1785002100000,1872.05,1872.38,1871.49,1872.25,30205.04,2026-07-25 17:55:00+00:00
1785002400000,1872.26,1876.79,1872.26,1873.27,304912.98,2026-07-25 18:00:00+00:00
1785002700000,1873.28,1873.77,1871.67,1871.67,56283.28,2026-07-25 18:05:00+00:00
1785003000000,1871.67,1873.86,1871.67,1873,22331.05,2026-07-25 18:10:00+00:00
1785003300000,1873.01,1874.17,1872.18,1873.57,21345.66,2026-07-25 18:15:00+00:00
1785003600000,1873.58,1873.72,1872.76,1873.02,13149.93,2026-07-25 18:20:00+00:00
1785003900000,1873.02,1874.75,1872.03,1874.62,33541.43,2026-07-25 18:25:00+00:00
1785004200000,1874.61,1875.67,1873.57,1874.53,43515.33,2026-07-25 18:30:00+00:00
1785004500000,1874.52,1874.53,1873.18,1873.62,27245.37,2026-07-25 18:35:00+00:00
1785004800000,1873.61,1873.98,1872.81,1873.01,21646.33,2026-07-25 18:40:00+00:00
1785005100000,1873.01,1873.71,1873.01,1873.05,14399.3,2026-07-25 18:45:00+00:00
1785005400000,1873.05,1874.46,1872.83,1873,27174.29,2026-07-25 18:50:00+00:00
1785005700000,1873,1875.37,1873,1874.54,54464.14,2026-07-25 18:55:00+00:00
1785006000000,1874.54,1875,1874.04,1874.4,29771.29,2026-07-25 19:00:00+00:00
1785006300000,1874.4,1875.25,1873.85,1874.41,10681.99,2026-07-25 19:05:00+00:00
1785006600000,1874.4,1875.68,1874.1,1875.13,23524.5,2026-07-25 19:10:00+00:00
1785006900000,1875.12,1875.12,1873.54,1874.18,32244.31,2026-07-25 19:15:00+00:00
1785007200000,1874.18,1875,1873.9,1874.79,6625.96,2026-07-25 19:20:00+00:00
1785007500000,1874.8,1874.92,1874.34,1874.34,19532.82,2026-07-25 19:25:00+00:00
1785007800000,1874.34,1875.12,1874.25,1875.11,10420.49,2026-07-25 19:30:00+00:00
1785008100000,1875.12,1875.43,1874.71,1874.74,13172.14,2026-07-25 19:35:00+00:00
1785008400000,1874.75,1875.11,1874.75,1874.99,5530.92,2026-07-25 19:40:00+00:00
1785008700000,1875,1875,1873.64,1874.33,20088.1,2026-07-25 19:45:00+00:00
1785009000000,1874.32,1875.26,1874,1875.06,13777.34,2026-07-25 19:50:00+00:00
1785009300000,1875.06,1875.77,1873.8,1873.91,16315.55,2026-07-25 19:55:00+00:00
1785009600000,1873.91,1874,1872.18,1873.49,43233.62,2026-07-25 20:00:00+00:00
1785009900000,1873.49,1873.5,1872.08,1872.48,23691.2,2026-07-25 20:05:00+00:00
1785010200000,1872.49,1873.79,1872.48,1873.19,11305.56,2026-07-25 20:10:00+00:00
1785010500000,1873.19,1873.2,1870.11,1870.85,51661.87,2026-07-25 20:15:00+00:00
1785010800000,1870.84,1871.67,1869.62,1871.4,35657.46,2026-07-25 20:20:00+00:00
1785011100000,1871.4,1871.67,1871.33,1871.66,12660.67,2026-07-25 20:25:00+00:00
1785011400000,1871.67,1871.67,1869.96,1870.01,39608.42,2026-07-25 20:30:00+00:00
1785011700000,1870.01,1870.51,1869.63,1870.5,15919.97,2026-07-25 20:35:00+00:00
1785012000000,1870.5,1870.77,1870.36,1870.44,14525.92,2026-07-25 20:40:00+00:00
1785012300000,1870.43,1870.79,1870.35,1870.79,7236.22,2026-07-25 20:45:00+00:00
1785012600000,1870.79,1871.27,1870.65,1870.99,16447.1,2026-07-25 20:50:00+00:00
1785012900000,1870.99,1871.28,1870.99,1871.23,10746.42,2026-07-25 20:55:00+00:00
1785013200000,1871.24,1871.5,1869.38,1869.67,20271.04,2026-07-25 21:00:00+00:00
1785013500000,1869.67,1870.74,1869.31,1869.32,13997.12,2026-07-25 21:05:00+00:00
1785013800000,1869.31,1869.54,1866.21,1869.27,81717.61,2026-07-25 21:10:00+00:00
1785014100000,1869.27,1869.89,1868.37,1869.42,18289.92,2026-07-25 21:15:00+00:00
1785014400000,1869.41,1869.41,1868.77,1869.41,7237.51,2026-07-25 21:20:00+00:00
1785014700000,1869.41,1869.81,1868.86,1869.81,10913.83,2026-07-25 21:25:00+00:00
1785015000000,1869.81,1870.92,1869.55,1870.92,18790.45,2026-07-25 21:30:00+00:00
1785015300000,1870.92,1872.45,1870.91,1871.32,19478.31,2026-07-25 21:35:00+00:00
1785015600000,1871.31,1871.66,1870.6,1871.04,26670.53,2026-07-25 21:40:00+00:00
1785015900000,1871.03,1874.95,1870.54,1872.61,88355.04,2026-07-25 21:45:00+00:00
1785016200000,1872.61,1873,1871.82,1871.82,18301,2026-07-25 21:50:00+00:00
1785016500000,1871.83,1872.5,1871.07,1871.6,29938.28,2026-07-25 21:55:00+00:00
1785016800000,1871.6,1872.47,1871.38,1872.35,22104.63,2026-07-25 22:00:00+00:00
1785017100000,1872.35,1873.49,1871.65,1873.41,13886.14,2026-07-25 22:05:00+00:00
1785017400000,1873.41,1873.95,1872.72,1873.07,14264.28,2026-07-25 22:10:00+00:00
1785017700000,1873.07,1874.71,1872.85,1874.17,10963.45,2026-07-25 22:15:00+00:00
1785018000000,1874.17,1874.3,1873.5,1873.76,13235.24,2026-07-25 22:20:00+00:00
1785018300000,1873.75,1874.29,1873.71,1874.2,13479.51,2026-07-25 22:25:00+00:00
1785018600000,1874.2,1874.29,1872.91,1873.45,28131.83,2026-07-25 22:30:00+00:00
1785018900000,1873.46,1874.96,1873.45,1874.73,26241,2026-07-25 22:35:00+00:00
1785019200000,1874.73,1874.84,1873.73,1874.84,15083.09,2026-07-25 22:40:00+00:00
1785019500000,1874.83,1875,1873.48,1874.99,12482.1,2026-07-25 22:45:00+00:00
1785019800000,1874.99,1876.35,1874.99,1875.43,52555.52,2026-07-25 22:50:00+00:00
1785020100000,1875.43,1875.89,1874.84,1874.84,21780.21,2026-07-25 22:55:00+00:00
1785020400000,1874.84,1875.36,1874.53,1874.65,31535.88,2026-07-25 23:00:00+00:00
1785020700000,1874.65,1875.33,1873.63,1874.14,37876.58,2026-07-25 23:05:00+00:00
1785021000000,1874.15,1874.78,1873.85,1873.85,11085.91,2026-07-25 23:10:00+00:00
1785021300000,1873.85,1874.3,1873,1873.18,29862.69,2026-07-25 23:15:00+00:00
1785021600000,1873.18,1873.18,1872.45,1873,21788.76,2026-07-25 23:20:00+00:00
1785021900000,1872.99,1873.35,1872.62,1873.34,9725.47,2026-07-25 23:25:00+00:00
1785022200000,1873.35,1873.92,1873.34,1873.91,8416.65,2026-07-25 23:30:00+00:00
1785022500000,1873.92,1874.59,1873.45,1873.66,19907.83,2026-07-25 23:35:00+00:00
1785022800000,1873.66,1874.07,1873.33,1873.4,11110.43,2026-07-25 23:40:00+00:00
1785023100000,1873.41,1874.6,1873.4,1874.24,15658.13,2026-07-25 23:45:00+00:00
1785023400000,1874.23,1874.24,1873.1,1873.1,8100.96,2026-07-25 23:50:00+00:00
1785023700000,1873.1,1874,1873.01,1873.8,12667.63,2026-07-25 23:55:00+00:00
1785024000000,1873.8,1874.58,1872.8,1874.41,25832.4,2026-07-26 00:00:00+00:00
1785024300000,1874.41,1877.58,1874.4,1876.24,143985.4,2026-07-26 00:05:00+00:00
1785024600000,1876.25,1877.15,1874.78,1876.44,24374.82,2026-07-26 00:10:00+00:00
1785024900000,1876.44,1877.09,1875.99,1876.24,32006.52,2026-07-26 00:15:00+00:00
1785025200000,1876.24,1879.29,1875.88,1878.45,109003.83,2026-07-26 00:20:00+00:00
1785025500000,1878.44,1879.9,1877.82,1878.37,90273.3,2026-07-26 00:25:00+00:00
1785025800000,1878.36,1878.59,1876.46,1876.46,55276.57,2026-07-26 00:30:00+00:00
1785026100000,1876.45,1877.19,1875.84,1875.84,31292.89,2026-07-26 00:35:00+00:00
1785026400000,1875.83,1876.25,1875.75,1876.16,29217.31,2026-07-26 00:40:00+00:00
1785026700000,1876.17,1876.65,1875.64,1875.76,23289.9,2026-07-26 00:45:00+00:00
1785027000000,1875.77,1878.3,1875.76,1877.9,28546.39,2026-07-26 00:50:00+00:00
1785027300000,1877.9,1881.13,1877.32,1880.27,155354.35,2026-07-26 00:55:00+00:00
1785027600000,1880.28,1881.08,1878,1878.51,89850.72,2026-07-26 01:00:00+00:00
1785027900000,1878.51,1879.8,1877.7,1878.7,49344.21,2026-07-26 01:05:00+00:00
1785028200000,1878.7,1879.69,1878.35,1879.36,36205.96,2026-07-26 01:10:00+00:00
1785028500000,1879.36,1879.71,1878.19,1879.21,36224.41,2026-07-26 01:15:00+00:00
1785028800000,1879.21,1879.21,1878,1878.41,24675.62,2026-07-26 01:20:00+00:00
1785029100000,1878.4,1878.44,1877.78,1878.44,23247.75,2026-07-26 01:25:00+00:00
1785029400000,1878.43,1879.44,1878.43,1878.78,31769.93,2026-07-26 01:30:00+00:00
1785029700000,1878.79,1879.38,1877.89,1878.92,57614.31,2026-07-26 01:35:00+00:00
1785030000000,1878.91,1879.17,1877.8,1878.48,21693.96,2026-07-26 01:40:00+00:00
1785030300000,1878.48,1878.48,1877.78,1878.12,14243.29,2026-07-26 01:45:00+00:00
1785030600000,1878.11,1879.18,1877.73,1878.72,30489.27,2026-07-26 01:50:00+00:00
1785030900000,1878.72,1879.03,1877,1877.77,17953.47,2026-07-26 01:55:00+00:00
1785031200000,1877.77,1878.36,1877,1878,34236.37,2026-07-26 02:00:00+00:00
1785031500000,1877.99,1878,1876,1877.3,25053.63,2026-07-26 02:05:00+00:00
1785031800000,1877.29,1878.69,1877.28,1878.5,17083.12,2026-07-26 02:10:00+00:00
1785032100000,1878.5,1878.5,1877.63,1877.72,17048.79,2026-07-26 02:15:00+00:00
1785032400000,1877.72,1879.6,1877.04,1877.24,41975.72,2026-07-26 02:20:00+00:00
1785032700000,1877.24,1878.47,1877.09,1878.45,16929.94,2026-07-26 02:25:00+00:00
1785033000000,1878.46,1878.81,1876.32,1877.06,22093.35,2026-07-26 02:30:00+00:00
1785033300000,1877.06,1877.67,1876.41,1877.4,13663.76,2026-07-26 02:35:00+00:00
1785033600000,1877.4,1877.58,1876.84,1877.28,21104.41,2026-07-26 02:40:00+00:00
1785033900000,1877.28,1878.65,1877.28,1878.65,13542.78,2026-07-26 02:45:00+00:00
1785034200000,1878.65,1880.58,1878.64,1880.57,48667.19,2026-07-26 02:50:00+00:00
1785034500000,1880.57,1880.58,1879.79,1879.86,35149.08,2026-07-26 02:55:00+00:00
1785034800000,1879.86,1880.58,1878.26,1878.46,36054.39,2026-07-26 03:00:00+00:00
1785035100000,1878.45,1879.1,1878,1878.8,16442.39,2026-07-26 03:05:00+00:00
1785035400000,1878.8,1883.62,1878.23,1882.47,168910.02,2026-07-26 03:10:00+00:00
1785035700000,1882.47,1882.74,1880.22,1880.75,50390.8,2026-07-26 03:15:00+00:00
1785036000000,1880.75,1881.5,1880.46,1880.73,24329.93,2026-07-26 03:20:00+00:00
1785036300000,1880.74,1881.03,1880,1880.47,42800.67,2026-07-26 03:25:00+00:00
1785036600000,1880.47,1883.48,1880,1883,59627.04,2026-07-26 03:30:00+00:00
1785036900000,1883.01,1883.48,1882.25,1882.5,44219.77,2026-07-26 03:35:00+00:00
1785037200000,1882.5,1882.51,1881.42,1881.49,49122.13,2026-07-26 03:40:00+00:00
1785037500000,1881.49,1882.26,1881.18,1881.19,20791.35,2026-07-26 03:45:00+00:00
1785037800000,1881.18,1881.48,1881.01,1881.47,27940.82,2026-07-26 03:50:00+00:00
1785038100000,1881.47,1881.47,1880.8,1881.46,20215.75,2026-07-26 03:55:00+00:00
1785038400000,1881.47,1881.85,1880.32,1881.67,36040.51,2026-07-26 04:00:00+00:00
1785038700000,1881.67,1882.4,1879.68,1880.94,44424.5,2026-07-26 04:05:00+00:00
1785039000000,1880.93,1881.5,1880.01,1880.5,16258.74,2026-07-26 04:10:00+00:00
1785039300000,1880.5,1880.5,1879.58,1879.9,26232.17,2026-07-26 04:15:00+00:00
1785039600000,1879.91,1882.74,1879.91,1882.73,24189.16,2026-07-26 04:20:00+00:00
1785039900000,1882.73,1884.52,1882.31,1883.56,160626.08,2026-07-26 04:25:00+00:00
1785040200000,1883.56,1883.56,1882.52,1882.95,24097.55,2026-07-26 04:30:00+00:00
1785040500000,1882.94,1884.5,1882.64,1884.5,40464.78,2026-07-26 04:35:00+00:00
1785040800000,1884.49,1886.97,1883.9,1886.81,154015.57,2026-07-26 04:40:00+00:00
1785041100000,1886.8,1888.81,1885.14,1886.69,204247.11,2026-07-26 04:45:00+00:00
1785041400000,1886.69,1887.85,1886.17,1886.29,96641.87,2026-07-26 04:50:00+00:00
1785041700000,1886.29,1886.43,1884.59,1885.39,50494.28,2026-07-26 04:55:00+00:00
1785042000000,1885.4,1885.77,1884.01,1885.67,40342.56,2026-07-26 05:00:00+00:00
1785042300000,1885.66,1885.67,1884.6,1885.19,34251.91,2026-07-26 05:05:00+00:00
1785042600000,1885.2,1886.65,1885.19,1886.5,39903.77,2026-07-26 05:10:00+00:00
1785042900000,1886.49,1886.5,1884.78,1885.19,58517.78,2026-07-26 05:15:00+00:00
1785043200000,1885.19,1885.2,1884.41,1885,31205.25,2026-07-26 05:20:00+00:00
1785043500000,1885,1885,1883.82,1883.87,32018.29,2026-07-26 05:25:00+00:00
1785043800000,1883.87,1884.46,1882.3,1884.3,72460.48,2026-07-26 05:30:00+00:00
1785044100000,1884.3,1885,1884,1885,23019,2026-07-26 05:35:00+00:00
1785044400000,1884.99,1885.49,1884.7,1885.3,15620.39,2026-07-26 05:40:00+00:00
1785044700000,1885.3,1885.4,1883.93,1884.29,11658.61,2026-07-26 05:45:00+00:00
1785045000000,1884.28,1884.75,1883.18,1883.19,23280.78,2026-07-26 05:50:00+00:00
1785045300000,1883.18,1883.58,1881.77,1882.57,83149.89,2026-07-26 05:55:00+00:00
1785045600000,1882.57,1884.14,1882.4,1883.25,42642.57,2026-07-26 06:00:00+00:00
1785045900000,1883.25,1883.32,1882.15,1882.49,36861.97,2026-07-26 06:05:00+00:00
1785046200000,1882.49,1882.53,1879.95,1880.28,175299.78,2026-07-26 06:10:00+00:00
1785046500000,1880.28,1881.21,1879.01,1879.33,51120.62,2026-07-26 06:15:00+00:00
1785046800000,1879.33,1879.34,1877.5,1877.73,117984.4,2026-07-26 06:20:00+00:00
1785047100000,1877.72,1878.5,1877.7,1877.81,51639.14,2026-07-26 06:25:00+00:00
1785047400000,1877.82,1880.5,1877.81,1880.37,61808.66,2026-07-26 06:30:00+00:00
1785047700000,1880.37,1881.99,1880.37,1881.98,59162.74,2026-07-26 06:35:00+00:00
1785048000000,1881.98,1881.98,1880.71,1881.45,41702.83,2026-07-26 06:40:00+00:00
1785048300000,1881.45,1883.15,1881.45,1882.99,41076.06,2026-07-26 06:45:00+00:00
1785048600000,1883,1883.32,1882.43,1883,19191.19,2026-07-26 06:50:00+00:00
1785048900000,1883,1884.63,1883,1884.07,53602.11,2026-07-26 06:55:00+00:00
1785049200000,1884.07,1885.61,1883.54,1883.84,75149.93,2026-07-26 07:00:00+00:00
1785049500000,1883.84,1884.7,1883.31,1883.47,36887.64,2026-07-26 07:05:00+00:00
1785049800000,1883.46,1884,1882.51,1883.88,39193.61,2026-07-26 07:10:00+00:00
1785050100000,1883.89,1884.28,1882.55,1882.66,17242.69,2026-07-26 07:15:00+00:00
1785050400000,1882.67,1882.98,1882.04,1882.17,33798.75,2026-07-26 07:20:00+00:00
1785050700000,1882.17,1882.77,1882.17,1882.23,13857.43,2026-07-26 07:25:00+00:00
1785051000000,1882.23,1882.27,1881.25,1881.26,30112.84,2026-07-26 07:30:00+00:00
1785051300000,1881.26,1881.26,1879.81,1880.33,45286.46,2026-07-26 07:35:00+00:00
1785051600000,1880.33,1880.91,1879.79,1879.8,26093.17,2026-07-26 07:40:00+00:00
1785051900000,1879.79,1880.99,1879.79,1880.98,37823.32,2026-07-26 07:45:00+00:00
1785052200000,1880.99,1881,1880,1880.36,39798.58,2026-07-26 07:50:00+00:00
1785052500000,1880.36,1880.98,1880.36,1880.98,17189.14,2026-07-26 07:55:00+00:00
1785052800000,1880.98,1880.98,1879.18,1879.39,34021.76,2026-07-26 08:00:00+00:00
1785053100000,1879.39,1879.8,1879.14,1879.74,23452.9,2026-07-26 08:05:00+00:00
1785053400000,1879.74,1880,1879.55,1879.58,15567.98,2026-07-26 08:10:00+00:00
1785053700000,1879.57,1880.48,1879.49,1880,24721.59,2026-07-26 08:15:00+00:00
1785054000000,1879.99,1880,1879.48,1879.48,12999.72,2026-07-26 08:20:00+00:00
1785054300000,1879.49,1879.98,1878.36,1879.97,54521.66,2026-07-26 08:25:00+00:00
1785054600000,1879.98,1880.43,1879.15,1880.3,35502.36,2026-07-26 08:30:00+00:00
1785054900000,1880.3,1880.55,1880.02,1880.02,19267.94,2026-07-26 08:35:00+00:00
1785055200000,1880.02,1881.18,1880.02,1881.08,49349.26,2026-07-26 08:40:00+00:00
1785055500000,1881.09,1881.09,1880.51,1880.73,18887.69,2026-07-26 08:45:00+00:00
1785055800000,1880.73,1881.85,1880.73,1881.8,29032.46,2026-07-26 08:50:00+00:00
1785056100000,1881.8,1881.81,1880.61,1880.68,16934.17,2026-07-26 08:55:00+00:00
1785056400000,1880.68,1881.9,1880.6,1881.89,32602.03,2026-07-26 09:00:00+00:00
1785056700000,1881.89,1883.36,1881,1881.7,54691.54,2026-07-26 09:05:00+00:00
1785057000000,1881.7,1881.71,1881.16,1881.16,13081.86,2026-07-26 09:10:00+00:00
1785057300000,1881.16,1883.61,1881.16,1883.05,37403.06,2026-07-26 09:15:00+00:00
1785057600000,1883.06,1883.99,1883.05,1883.26,42060.99,2026-07-26 09:20:00+00:00
1785057900000,1883.26,1883.46,1882.54,1883.46,28876.39,2026-07-26 09:25:00+00:00
1785058200000,1883.46,1883.46,1882.33,1882.33,18919.26,2026-07-26 09:30:00+00:00
1785058500000,1882.34,1884.24,1882.33,1883.99,23334.79,2026-07-26 09:35:00+00:00
1785058800000,1884,1884.99,1883.74,1883.75,31013.41,2026-07-26 09:40:00+00:00
1785059100000,1883.75,1884.49,1883.75,1884.02,21133.28,2026-07-26 09:45:00+00:00
1785059400000,1884.03,1884.03,1882.54,1882.82,42046.02,2026-07-26 09:50:00+00:00
1785059700000,1882.82,1883,1882.27,1882.87,13037.57,2026-07-26 09:55:00+00:00
1785060000000,1882.87,1883.5,1881.28,1883.5,40856.97,2026-07-26 10:00:00+00:00
1785060300000,1883.5,1883.5,1882.73,1882.73,14986.5,2026-07-26 10:05:00+00:00
1785060600000,1882.74,1884.37,1882.55,1883.9,35788.92,2026-07-26 10:10:00+00:00
1785060900000,1883.91,1883.91,1882.87,1882.87,11179.37,2026-07-26 10:15:00+00:00
1785061200000,1882.87,1885.54,1882.86,1884.95,32735.87,2026-07-26 10:20:00+00:00
1785061500000,1884.95,1885,1884.49,1884.49,12891.34,2026-07-26 10:25:00+00:00
1785061800000,1884.49,1885.61,1884.3,1885.27,29993.1,2026-07-26 10:30:00+00:00
1785062100000,1885.26,1886.18,1885.26,1885.38,60696.44,2026-07-26 10:35:00+00:00
1785062400000,1885.38,1886.57,1885.38,1885.85,43303.2,2026-07-26 10:40:00+00:00
1785062700000,1885.85,1886.9,1884.21,1884.27,37785.03,2026-07-26 10:45:00+00:00
1785063000000,1884.28,1885.39,1884.26,1885.26,31567.75,2026-07-26 10:50:00+00:00
1785063300000,1885.26,1885.27,1884.21,1885.18,32098.02,2026-07-26 10:55:00+00:00
1785063600000,1885.17,1886.77,1884.83,1886.66,31465.86,2026-07-26 11:00:00+00:00
1785063900000,1886.66,1886.92,1884.6,1884.6,37988.02,2026-07-26 11:05:00+00:00
1785064200000,1884.6,1885.82,1884.4,1885.82,30763.83,2026-07-26 11:10:00+00:00
1785064500000,1885.81,1886.78,1885.48,1886.6,32468.54,2026-07-26 11:15:00+00:00
1785064800000,1886.61,1886.61,1885.92,1886.43,34894.6,2026-07-26 11:20:00+00:00
1785065100000,1886.43,1886.44,1885.87,1886.08,22994.44,2026-07-26 11:25:00+00:00
1785065400000,1886.09,1886.67,1885.46,1886.67,29616.59,2026-07-26 11:30:00+00:00
1785065700000,1886.66,1886.67,1886,1886.65,23125.23,2026-07-26 11:35:00+00:00
1785066000000,1886.67,1886.72,1885.32,1885.41,22332.84,2026-07-26 11:40:00+00:00
1785066300000,1885.41,1886.06,1884.73,1885.46,22713.66,2026-07-26 11:45:00+00:00
1785066600000,1885.47,1886.04,1884.68,1884.68,17655.14,2026-07-26 11:50:00+00:00
1785066900000,1884.67,1884.99,1883.63,1884.98,41878.52,2026-07-26 11:55:00+00:00
1785067200000,1884.99,1887.73,1884.7,1887.29,57944.62,2026-07-26 12:00:00+00:00
1785067500000,1887.3,1893.34,1887.3,1887.84,438711.14,2026-07-26 12:05:00+00:00
1785067800000,1887.84,1889.78,1887.51,1889.77,69884.65,2026-07-26 12:10:00+00:00
1785068100000,1889.78,1891.19,1886.86,1886.87,122547.19,2026-07-26 12:15:00+00:00
1785068400000,1886.86,1888.9,1886.16,1888.52,68077.04,2026-07-26 12:20:00+00:00
1785068700000,1888.52,1889.19,1888,1888.99,45639.71,2026-07-26 12:25:00+00:00
1785069000000,1889,1889.53,1888,1888.07,31850.6,2026-07-26 12:30:00+00:00
1785069300000,1888.07,1889,1887,1887.01,25173.44,2026-07-26 12:35:00+00:00
1785069600000,1887,1887.01,1886.24,1886.88,34628.19,2026-07-26 12:40:00+00:00
1785069900000,1886.87,1886.88,1884.83,1886.01,60123.95,2026-07-26 12:45:00+00:00
1785070200000,1886.01,1886.8,1885.08,1886.54,23462.12,2026-07-26 12:50:00+00:00
1785070500000,1886.54,1886.54,1885.5,1885.51,17403.11,2026-07-26 12:55:00+00:00
1785070800000,1885.51,1886,1883.01,1883.05,71898.42,2026-07-26 13:00:00+00:00
1785071100000,1883.06,1884.06,1881.8,1881.81,135595.65,2026-07-26 13:05:00+00:00
1785071400000,1881.8,1882.92,1881.04,1882.13,69399.56,2026-07-26 13:10:00+00:00
1785071700000,1882.13,1884.51,1882.13,1884.5,87462.85,2026-07-26 13:15:00+00:00
1785072000000,1884.5,1887.21,1884.16,1886.53,108417.42,2026-07-26 13:20:00+00:00
1785072300000,1886.53,1887.38,1884.24,1885.16,63620.88,2026-07-26 13:25:00+00:00
1785072600000,1885.16,1885.69,1884.3,1884.93,41032.74,2026-07-26 13:30:00+00:00
1785072900000,1884.93,1886.13,1884.9,1884.9,11123.35,2026-07-26 13:35:00+00:00
1785073200000,1884.91,1887.64,1884.9,1887.4,35916.86,2026-07-26 13:40:00+00:00
1785073500000,1887.43,1888.33,1886.38,1886.4,66249.5,2026-07-26 13:45:00+00:00
1785073800000,1886.4,1886.41,1885.3,1885.3,19357.84,2026-07-26 13:50:00+00:00
1785074100000,1885.3,1885.75,1885.05,1885.75,12849.02,2026-07-26 13:55:00+00:00
1785074400000,1885.74,1889.82,1885.74,1889.81,65392.2,2026-07-26 14:00:00+00:00
1785074700000,1889.81,1897.57,1889.56,1893.57,760545.81,2026-07-26 14:05:00+00:00
1785075000000,1893.57,1894.93,1892.64,1894.22,126498.53,2026-07-26 14:10:00+00:00
1785075300000,1894.21,1894.5,1892.41,1892.66,85558.3,2026-07-26 14:15:00+00:00
1785075600000,1892.65,1893.01,1891.53,1891.75,120116.08,2026-07-26 14:20:00+00:00
1785075900000,1891.75,1892.5,1890.77,1891.76,62890.76,2026-07-26 14:25:00+00:00
1785076200000,1891.76,1894.5,1890.33,1893.08,117292.79,2026-07-26 14:30:00+00:00
1785076500000,1893.08,1894.1,1892.26,1892.84,43756.67,2026-07-26 14:35:00+00:00
1785076800000,1892.84,1897.2,1892.84,1895.02,114350.57,2026-07-26 14:40:00+00:00
1785077100000,1895.02,1899.55,1895.02,1895.99,257738.98,2026-07-26 14:45:00+00:00
1785077400000,1895.99,1897.34,1895.5,1896.76,98722.91,2026-07-26 14:50:00+00:00
1785077700000,1896.77,1898.43,1896.34,1897.81,122639.06,2026-07-26 14:55:00+00:00
1785078000000,1897.8,1903.99,1896.93,1898.88,457118.85,2026-07-26 15:00:00+00:00
1785078300000,1898.89,1901.51,1897.97,1899.29,186489.68,2026-07-26 15:05:00+00:00
1785078600000,1899.29,1899.31,1897.8,1898.6,68676.58,2026-07-26 15:10:00+00:00
1785078900000,1898.6,1908.91,1898.59,1906.01,665260.38,2026-07-26 15:15:00+00:00
1785079200000,1906,1907.88,1905.07,1906.44,149814.85,2026-07-26 15:20:00+00:00
1785079500000,1906.45,1907.88,1905.5,1906.29,96402.32,2026-07-26 15:25:00+00:00
1785079800000,1906.3,1908.36,1905.65,1907.21,143426.97,2026-07-26 15:30:00+00:00
1785080100000,1907.21,1916.78,1907.2,1914.39,918551.3,2026-07-26 15:35:00+00:00
1785080400000,1914.39,1915.19,1912.53,1913.84,146980.38,2026-07-26 15:40:00+00:00
1785080700000,1913.85,1914.56,1911.18,1912.06,307674.32,2026-07-26 15:45:00+00:00
1785081000000,1912.06,1914,1910.71,1913.96,206534.7,2026-07-26 15:50:00+00:00
1785081300000,1913.95,1915.39,1911.73,1913.71,145392.75,2026-07-26 15:55:00+00:00
1785081600000,1913.71,1915.5,1911.45,1911.6,128707.46,2026-07-26 16:00:00+00:00
1785081900000,1911.6,1912.39,1907.73,1908.08,216045.72,2026-07-26 16:05:00+00:00
1785082200000,1908.08,1910.7,1908.08,1909.04,119761.06,2026-07-26 16:10:00+00:00
1785082500000,1909.04,1914.53,1909.04,1912.55,200348.55,2026-07-26 16:15:00+00:00
1785082800000,1912.54,1914.34,1912.29,1913.45,38981.09,2026-07-26 16:20:00+00:00
1785083100000,1913.45,1921.55,1913.45,1919,495689.68,2026-07-26 16:25:00+00:00
1785083400000,1919,1927.5,1918.5,1922.48,802466.78,2026-07-26 16:30:00+00:00
1785083700000,1922.48,1923.63,1918.46,1918.88,277349.22,2026-07-26 16:35:00+00:00
1785084000000,1918.89,1920,1917.04,1918.72,158491.34,2026-07-26 16:40:00+00:00
1785084300000,1918.73,1921,1917.4,1920.1,114227.73,2026-07-26 16:45:00+00:00
1785084600000,1920.11,1920.11,1916.18,1916.46,109541.45,2026-07-26 16:50:00+00:00
1785084900000,1916.47,1916.8,1915.39,1915.55,93049.97,2026-07-26 16:55:00+00:00
1785085200000,1915.55,1915.58,1911.3,1914,286928.37,2026-07-26 17:00:00+00:00
1785085500000,1914,1916.05,1913.21,1914.78,79512.91,2026-07-26 17:05:00+00:00
1785085800000,1914.78,1917,1914.34,1916.3,103529.05,2026-07-26 17:10:00+00:00
1785086100000,1916.31,1916.6,1914,1914,41680.65,2026-07-26 17:15:00+00:00
1785086400000,1914.01,1914.73,1912.86,1913.36,45204.81,2026-07-26 17:20:00+00:00
1785086700000,1913.35,1914,1912.88,1913.45,21431.93,2026-07-26 17:25:00+00:00
1785087000000,1913.45,1914.59,1912.68,1914.52,37092.74,2026-07-26 17:30:00+00:00
1785087300000,1914.53,1914.99,1910.5,1910.53,70910.31,2026-07-26 17:35:00+00:00
1785087600000,1910.52,1911.58,1910.31,1911.52,87548.32,2026-07-26 17:40:00+00:00
1785087900000,1911.51,1912,1911.01,1911.59,29513.92,2026-07-26 17:45:00+00:00
1785088200000,1911.59,1912.6,1911.39,1912.12,29651.09,2026-07-26 17:50:00+00:00
1785088500000,1912.13,1912.13,1910.01,1910.44,58599.3,2026-07-26 17:55:00+00:00
1785088800000,1910.44,1912.2,1910.19,1911.38,32280.56,2026-07-26 18:00:00+00:00
1785089100000,1911.38,1911.67,1910.7,1910.8,22117.1,2026-07-26 18:05:00+00:00
1785089400000,1910.81,1912.6,1910.8,1911.56,29275.75,2026-07-26 18:10:00+00:00
1785089700000,1911.56,1913.68,1911.22,1913.26,53801.51,2026-07-26 18:15:00+00:00
1785090000000,1913.25,1915,1912.96,1913.02,74315.82,2026-07-26 18:20:00+00:00
1785090300000,1913.02,1913.03,1911.65,1912.36,41262.86,2026-07-26 18:25:00+00:00
1785090600000,1912.37,1913.12,1912.36,1912.97,10886.51,2026-07-26 18:30:00+00:00
1785090900000,1912.97,1913.6,1910.91,1912.81,84886.42,2026-07-26 18:35:00+00:00
1785091200000,1912.8,1913.08,1911.98,1913.07,13253.48,2026-07-26 18:40:00+00:00
1785091500000,1913.07,1913.1,1912.16,1912.16,6670.85,2026-07-26 18:45:00+00:00
1785091800000,1912.17,1916.1,1912.16,1914.15,52391.65,2026-07-26 18:50:00+00:00
1785092100000,1914.15,1914.6,1913.42,1913.63,15272.39,2026-07-26 18:55:00+00:00
1785092400000,1913.63,1915.11,1913.07,1913.9,21148.37,2026-07-26 19:00:00+00:00
1785092700000,1913.9,1913.94,1912.04,1912.49,14185.78,2026-07-26 19:05:00+00:00
1785093000000,1912.5,1912.62,1911.2,1911.34,37577.59,2026-07-26 19:10:00+00:00
1785093300000,1911.33,1912.39,1911.33,1912.29,48773.14,2026-07-26 19:15:00+00:00
1785093600000,1912.29,1913.82,1911.84,1913.12,14241.33,2026-07-26 19:20:00+00:00
1785093900000,1913.12,1913.42,1912.44,1913.2,8992.83,2026-07-26 19:25:00+00:00
1785094200000,1913.21,1915,1912.57,1914.44,20987.37,2026-07-26 19:30:00+00:00
1785094500000,1914.45,1914.8,1914,1914.4,10493.38,2026-07-26 19:35:00+00:00
1785094800000,1914.4,1914.65,1913.94,1913.95,9305.96,2026-07-26 19:40:00+00:00
1785095100000,1913.95,1913.95,1912.8,1912.9,8384.29,2026-07-26 19:45:00+00:00
1785095400000,1912.9,1913.9,1912.56,1913.8,7292.71,2026-07-26 19:50:00+00:00
1785095700000,1913.79,1913.85,1913.11,1913.45,9934.69,2026-07-26 19:55:00+00:00
1785096000000,1913.45,1913.9,1912.38,1912.65,14690.44,2026-07-26 20:00:00+00:00
1785096300000,1912.64,1913,1912.48,1912.49,5403.07,2026-07-26 20:05:00+00:00
1785096600000,1912.48,1912.7,1911.6,1912.33,14566.25,2026-07-26 20:10:00+00:00
1785096900000,1912.34,1912.34,1910.86,1911.42,22788.83,2026-07-26 20:15:00+00:00
1785097200000,1911.42,1911.82,1910.86,1911.7,13811.96,2026-07-26 20:20:00+00:00
1785097500000,1911.71,1912.6,1911.4,1912.3,9037.78,2026-07-26 20:25:00+00:00
1785097800000,1912.31,1913.09,1912.04,1912.3,10365.34,2026-07-26 20:30:00+00:00
1785098100000,1912.3,1912.3,1911.55,1911.74,7208.96,2026-07-26 20:35:00+00:00
1785098400000,1911.74,1912.16,1911.55,1911.99,7066.02,2026-07-26 20:40:00+00:00
1785098700000,1912,1912.3,1910.86,1910.86,11519.85,2026-07-26 20:45:00+00:00
1785099000000,1910.87,1912.63,1910.38,1912.62,19265.11,2026-07-26 20:50:00+00:00
1785099300000,1912.62,1913.2,1911.8,1912.77,9671.28,2026-07-26 20:55:00+00:00
1785099600000,1912.77,1915.84,1912.77,1914.49,52645.41,2026-07-26 21:00:00+00:00
1785099900000,1914.48,1914.58,1912.9,1913.7,17167.87,2026-07-26 21:05:00+00:00
1785100200000,1913.73,1915.74,1913.73,1914.22,28579.58,2026-07-26 21:10:00+00:00
1785100500000,1914.23,1917.5,1913.83,1916.49,43212.91,2026-07-26 21:15:00+00:00
1785100800000,1916.49,1919.8,1916.49,1919.8,80915.5,2026-07-26 21:20:00+00:00
1785101100000,1919.8,1924.29,1919.79,1920.93,194293.72,2026-07-26 21:25:00+00:00
1785101400000,1920.93,1923,1919.47,1922.14,61980.9,2026-07-26 21:30:00+00:00
1785101700000,1922.14,1922.27,1920.1,1920.5,37859.74,2026-07-26 21:35:00+00:00
1785102000000,1920.49,1922.8,1919.89,1920.91,49969.23,2026-07-26 21:40:00+00:00
1785102300000,1920.92,1930,1920.55,1926.91,347677.46,2026-07-26 21:45:00+00:00
1785102600000,1926.91,1927.03,1924.57,1926.18,73677.34,2026-07-26 21:50:00+00:00
1785102900000,1926.18,1927.86,1924.56,1925.19,66441.42,2026-07-26 21:55:00+00:00
1785103200000,1925.2,1940.27,1925.2,1937.16,894997.31,2026-07-26 22:00:00+00:00
1785103500000,1937.16,1938.96,1935.59,1936.81,295296.01,2026-07-26 22:05:00+00:00
1785103800000,1936.8,1937.8,1934.44,1937.52,132700.17,2026-07-26 22:10:00+00:00
1785104100000,1937.52,1938.69,1935.86,1935.96,174627.53,2026-07-26 22:15:00+00:00
1785104400000,1935.96,1938.47,1935.73,1935.73,83114.51,2026-07-26 22:20:00+00:00
1785104700000,1935.73,1938,1934.36,1937.93,67865.47,2026-07-26 22:25:00+00:00
1785105000000,1937.94,1945.72,1937.22,1943.75,507793.87,2026-07-26 22:30:00+00:00
1785105300000,1943.76,1946.68,1943.47,1944.17,198680.57,2026-07-26 22:35:00+00:00
1785105600000,1944.18,1946.5,1944.18,1946.46,95881.25,2026-07-26 22:40:00+00:00
1785105900000,1946.47,1952,1943.99,1948.41,629410.28,2026-07-26 22:45:00+00:00
1785106200000,1948.4,1949.9,1946.73,1949.6,124378.77,2026-07-26 22:50:00+00:00
1785106500000,1949.61,1949.78,1947.56,1948.9,144627.81,2026-07-26 22:55:00+00:00
1785106800000,1948.89,1953.94,1948.84,1950.51,309019.19,2026-07-26 23:00:00+00:00
1785107100000,1950.51,1966,1950.37,1962.28,1279479.28,2026-07-26 23:05:00+00:00
1785107400000,1962.27,1962.4,1955.69,1956.28,352534.74,2026-07-26 23:10:00+00:00
1785107700000,1956.29,1960.89,1953.96,1953.96,337316.29,2026-07-26 23:15:00+00:00
1785108000000,1953.95,1955.61,1953.1,1954.34,138009.46,2026-07-26 23:20:00+00:00
1785108300000,1954.34,1955.47,1951.17,1952.93,159238.02,2026-07-26 23:25:00+00:00
1785108600000,1952.92,1953.09,1944.24,1951.76,523193.66,2026-07-26 23:30:00+00:00
1785108900000,1951.76,1953.37,1949.67,1949.8,100217.86,2026-07-26 23:35:00+00:00
1785109200000,1949.8,1953,1949.65,1952.79,63037.64,2026-07-26 23:40:00+00:00
1785109500000,1952.79,1956.35,1952.03,1953.66,142030.6,2026-07-26 23:45:00+00:00
1785109800000,1953.66,1955.99,1952.04,1953.49,59858.43,2026-07-26 23:50:00+00:00
1785110100000,1953.49,1954.5,1951.13,1953.75,73782.53,2026-07-26 23:55:00+00:00
1785110400000,1953.76,1954.47,1950.73,1950.74,147897.37,2026-07-27 00:00:00+00:00
1785110700000,1950.73,1951.32,1947.64,1948.93,170194.1,2026-07-27 00:05:00+00:00
1785111000000,1948.93,1950,1947.16,1948.41,140692.79,2026-07-27 00:10:00+00:00
1785111300000,1948.4,1948.41,1942.01,1943.53,175811.35,2026-07-27 00:15:00+00:00
1785111600000,1943.54,1944.83,1941.2,1942.45,209439.24,2026-07-27 00:20:00+00:00
1785111900000,1942.45,1946.37,1942.45,1944,129949.52,2026-07-27 00:25:00+00:00
1785112200000,1944,1944.4,1942.22,1942.88,90044,2026-07-27 00:30:00+00:00
1785112500000,1942.87,1943.43,1940.14,1940.73,129935.18,2026-07-27 00:35:00+00:00
1785112800000,1940.74,1941.91,1939.4,1940.68,128811.21,2026-07-27 00:40:00+00:00
1785113100000,1940.67,1943.33,1939.65,1941.61,89366.49,2026-07-27 00:45:00+00:00
1785113400000,1941.6,1944.5,1939.85,1940.84,94730.41,2026-07-27 00:50:00+00:00
1785113700000,1940.84,1941.74,1938.63,1941.52,100524.08,2026-07-27 00:55:00+00:00
1785114000000,1941.51,1945.38,1941.29,1944.32,153296.91,2026-07-27 01:00:00+00:00
1785114300000,1944.32,1947.23,1944.21,1946.14,167535.88,2026-07-27 01:05:00+00:00
1785114600000,1946.14,1946.19,1941.31,1941.99,78532.1,2026-07-27 01:10:00+00:00
1785114900000,1941.99,1944,1940,1943.51,130970.07,2026-07-27 01:15:00+00:00
1785115200000,1943.51,1943.51,1940.3,1942.36,114749.32,2026-07-27 01:20:00+00:00
1785115500000,1942.36,1942.37,1940,1940.49,57264.96,2026-07-27 01:25:00+00:00
1785115800000,1940.48,1943.8,1939.39,1941.59,59642.54,2026-07-27 01:30:00+00:00
1785116100000,1941.59,1943.36,1935.2,1943.35,265877.54,2026-07-27 01:35:00+00:00
1785116400000,1943.35,1944.4,1940.84,1941.26,95608.38,2026-07-27 01:40:00+00:00
1785116700000,1941.25,1945.04,1941,1945.04,77653.95,2026-07-27 01:45:00+00:00
1785117000000,1945.04,1946.22,1943.6,1944.64,114399.68,2026-07-27 01:50:00+00:00
1785117300000,1944.65,1947.7,1944.64,1947.49,86429.48,2026-07-27 01:55:00+00:00
1785117600000,1947.5,1948.5,1946.23,1946.8,82533.41,2026-07-27 02:00:00+00:00
1785117900000,1946.79,1948,1945.91,1947.15,45521.93,2026-07-27 02:05:00+00:00
1785118200000,1947.14,1947.14,1945.2,1945.63,37670.05,2026-07-27 02:10:00+00:00
1785118500000,1945.63,1946,1943.37,1945.99,96162.36,2026-07-27 02:15:00+00:00
1785118800000,1946,1948.1,1943.9,1945.03,83683.8,2026-07-27 02:20:00+00:00
1785119100000,1945.02,1946.38,1943.98,1945.12,75273.6,2026-07-27 02:25:00+00:00
1785119400000,1945.12,1945.12,1943.15,1943.94,52890.24,2026-07-27 02:30:00+00:00
1785119700000,1943.94,1948.34,1943.06,1947.1,85579.96,2026-07-27 02:35:00+00:00
1785120000000,1947.1,1947.35,1945.61,1945.79,26602.17,2026-07-27 02:40:00+00:00
1785120300000,1945.79,1946.92,1943.68,1943.68,34386.54,2026-07-27 02:45:00+00:00
1785120600000,1943.68,1943.69,1940.96,1941.9,84916.42,2026-07-27 02:50:00+00:00
1785120900000,1941.91,1943.38,1941.52,1942.55,43187.52,2026-07-27 02:55:00+00:00
1785121200000,1942.54,1946,1941.75,1941.8,50079.59,2026-07-27 03:00:00+00:00
1785121500000,1941.81,1944.4,1941.81,1943,56753.85,2026-07-27 03:05:00+00:00
1785121800000,1943,1944.95,1941.84,1944.6,26636,2026-07-27 03:10:00+00:00
1785122100000,1944.6,1945.5,1944.26,1944.5,36806.95,2026-07-27 03:15:00+00:00
1785122400000,1944.49,1945.95,1943.6,1944.46,41224.48,2026-07-27 03:20:00+00:00
1785122700000,1944.45,1946.07,1944.35,1945.26,42673.33,2026-07-27 03:25:00+00:00
1785123000000,1945.26,1945.27,1943.55,1944.8,28608.89,2026-07-27 03:30:00+00:00
1785123300000,1944.81,1945.6,1944.39,1944.4,21380.54,2026-07-27 03:35:00+00:00
1785123600000,1944.4,1946.62,1944.39,1946.34,27806.11,2026-07-27 03:40:00+00:00
1785123900000,1946.33,1947.58,1946,1946,42764.03,2026-07-27 03:45:00+00:00
1785124200000,1946,1946.92,1945.75,1946.43,26626.73,2026-07-27 03:50:00+00:00
1785124500000,1946.44,1949.8,1945.5,1948.8,107838.95,2026-07-27 03:55:00+00:00
1785124800000,1948.79,1954.46,1947.63,1953.65,279172.12,2026-07-27 04:00:00+00:00
1785125100000,1953.66,1956.88,1949.78,1950.45,283366.76,2026-07-27 04:05:00+00:00
1785125400000,1950.45,1952.2,1947.8,1952.19,296114.39,2026-07-27 04:10:00+00:00
1785125700000,1952.19,1957.73,1951.35,1955.77,204672.44,2026-07-27 04:15:00+00:00
1785126000000,1955.76,1962.6,1955.11,1955.21,368914.18,2026-07-27 04:20:00+00:00
1785126300000,1955.2,1955.66,1950.8,1953,250468.77,2026-07-27 04:25:00+00:00
1785126600000,1953,1953.53,1949.4,1950.62,129830.98,2026-07-27 04:30:00+00:00
1785126900000,1950.62,1956.37,1950.61,1954.26,171209.95,2026-07-27 04:35:00+00:00
1785127200000,1954.26,1958.71,1953.76,1956.92,110917.41,2026-07-27 04:40:00+00:00
1785127500000,1956.92,1956.93,1953.79,1954.57,38367.22,2026-07-27 04:45:00+00:00
1785127800000,1954.57,1955,1953.53,1954.08,33991.33,2026-07-27 04:50:00+00:00
1785128100000,1954.08,1954.08,1952.24,1952.55,41395.61,2026-07-27 04:55:00+00:00
1785128400000,1952.56,1954.48,1951.6,1953.31,52657.09,2026-07-27 05:00:00+00:00
1785128700000,1953.3,1955.67,1953.28,1954.63,43574.18,2026-07-27 05:05:00+00:00
1785129000000,1954.64,1956.96,1954.64,1955.7,80408.76,2026-07-27 05:10:00+00:00
1785129300000,1955.7,1955.9,1952.85,1955.38,119216.71,2026-07-27 05:15:00+00:00
1785129600000,1955.38,1959.9,1955.38,1958.21,202235.07,2026-07-27 05:20:00+00:00
1785129900000,1958.22,1958.8,1957.14,1958.79,44165.03,2026-07-27 05:25:00+00:00
1785130200000,1958.8,1959.5,1956.79,1957.99,88379.56,2026-07-27 05:30:00+00:00
1785130500000,1958,1960.78,1957.2,1959.39,86046.5,2026-07-27 05:35:00+00:00
1785130800000,1959.39,1959.87,1957.7,1959.03,55645.89,2026-07-27 05:40:00+00:00
1785131100000,1959.04,1959.46,1957.46,1958.96,45208.5,2026-07-27 05:45:00+00:00
1785131400000,1958.96,1960.3,1958.1,1959.91,45369.03,2026-07-27 05:50:00+00:00
1785131700000,1959.92,1969.99,1959.44,1964.34,783510.38,2026-07-27 05:55:00+00:00
1785132000000,1964.34,1968.32,1962.61,1968.13,242712.03,2026-07-27 06:00:00+00:00
1785132300000,1968.13,1982.29,1965.44,1968.01,1392715.81,2026-07-27 06:05:00+00:00
1785132600000,1968.01,1971,1967.2,1969.49,256900.37,2026-07-27 06:10:00+00:00
1785132900000,1969.49,1971.27,1966.73,1967.15,189897.13,2026-07-27 06:15:00+00:00
1785133200000,1967.15,1967.16,1964.28,1966.29,173437.53,2026-07-27 06:20:00+00:00
1785133500000,1966.29,1966.29,1963.4,1965.39,110465.16,2026-07-27 06:25:00+00:00
1785133800000,1965.38,1967.85,1964,1967.84,92779.52,2026-07-27 06:30:00+00:00
1785134100000,1967.84,1970.81,1967.27,1968.36,108720.76,2026-07-27 06:35:00+00:00
1785134400000,1968.35,1971.8,1967.61,1971.78,91719.7,2026-07-27 06:40:00+00:00
1785134700000,1971.77,1972.84,1967.6,1968.33,152920.68,2026-07-27 06:45:00+00:00
1785135000000,1968.32,1969.38,1967.2,1968.89,57147.25,2026-07-27 06:50:00+00:00
1785135300000,1968.9,1969.75,1967.4,1967.6,54072.25,2026-07-27 06:55:00+00:00
1785135600000,1967.59,1968.75,1965.6,1968.75,83971.92,2026-07-27 07:00:00+00:00
1785135900000,1968.74,1969.42,1964.45,1967.99,107383.91,2026-07-27 07:05:00+00:00
1785136200000,1968,1970.99,1967.55,1970.65,108157.13,2026-07-27 07:10:00+00:00
1785136500000,1970.64,1970.9,1968.1,1970.48,72341.86,2026-07-27 07:15:00+00:00
1785136800000,1970.49,1970.7,1969.53,1969.98,51727.42,2026-07-27 07:20:00+00:00
1785137100000,1969.99,1970.11,1968.45,1968.45,42241.89,2026-07-27 07:25:00+00:00
1785137400000,1968.45,1968.45,1964.4,1967,164987.95,2026-07-27 07:30:00+00:00
1785137700000,1967,1968.31,1962,1962.81,130279.49,2026-07-27 07:35:00+00:00
1785138000000,1962.8,1965.72,1960,1965.61,249700.28,2026-07-27 07:40:00+00:00
1785138300000,1965.61,1969.02,1965.61,1967.97,130416.09,2026-07-27 07:45:00+00:00
1785138600000,1967.97,1968,1964.04,1965.3,86669.88,2026-07-27 07:50:00+00:00
1785138900000,1965.31,1966.63,1963.29,1963.51,58232.67,2026-07-27 07:55:00+00:00
1785139200000,1963.51,1966.49,1963.51,1964.51,75239.07,2026-07-27 08:00:00+00:00
1785139500000,1964.5,1965.99,1962.6,1963.11,63825.1,2026-07-27 08:05:00+00:00
1785139800000,1963.11,1965.24,1961.02,1963.82,158107.73,2026-07-27 08:10:00+00:00
1785140100000,1963.82,1966.99,1961.51,1966.36,110953.65,2026-07-27 08:15:00+00:00
1785140400000,1966.37,1966.37,1963.6,1963.66,36465.3,2026-07-27 08:20:00+00:00
1785140700000,1963.67,1967.16,1963.66,1967.14,58503.76,2026-07-27 08:25:00+00:00
1785141000000,1967.15,1967.5,1964.25,1964.6,54139,2026-07-27 08:30:00+00:00
1785141300000,1964.61,1966.4,1964,1964.95,30406.99,2026-07-27 08:35:00+00:00
1785141600000,1964.96,1965.91,1964.3,1964.3,26770.96,2026-07-27 08:40:00+00:00
1785141900000,1964.31,1967.47,1964.3,1967.38,33920.82,2026-07-27 08:45:00+00:00
1785142200000,1967.38,1968,1963.6,1965.65,115632.53,2026-07-27 08:50:00+00:00
1785142500000,1965.65,1966.3,1962.99,1963,125527.23,2026-07-27 08:55:00+00:00
1785142800000,1963,1963,1956.52,1958.11,516617.67,2026-07-27 09:00:00+00:00
1785143100000,1958.1,1958.97,1955.52,1956.83,185912.68,2026-07-27 09:05:00+00:00
1785143400000,1956.82,1958.51,1956.02,1956.5,86055.29,2026-07-27 09:10:00+00:00
1785143700000,1956.49,1957.9,1955.75,1956.26,94247.67,2026-07-27 09:15:00+00:00
1785144000000,1956.26,1959.29,1956.25,1959.01,70490.4,2026-07-27 09:20:00+00:00
1785144300000,1959.01,1960.22,1958.31,1959.44,71577.6,2026-07-27 09:25:00+00:00
1785144600000,1959.44,1962.43,1958.42,1962.37,86753.93,2026-07-27 09:30:00+00:00
1785144900000,1962.37,1965.69,1962.01,1965.69,162239.26,2026-07-27 09:35:00+00:00
1785145200000,1965.68,1966.56,1965.05,1965.5,88132.8,2026-07-27 09:40:00+00:00
1785145500000,1965.5,1966.45,1964.39,1966.45,54261.36,2026-07-27 09:45:00+00:00
1785145800000,1966.45,1967.25,1963.7,1964.34,89224.47,2026-07-27 09:50:00+00:00
1785146100000,1964.33,1965.19,1963.85,1964.23,42631.42,2026-07-27 09:55:00+00:00
1785146400000,1964.23,1965,1963.77,1964.09,31384.67,2026-07-27 10:00:00+00:00
1785146700000,1964.09,1965.38,1962.8,1964.56,51037.45,2026-07-27 10:05:00+00:00
1785147000000,1964.57,1964.57,1962.83,1963.68,35632.89,2026-07-27 10:10:00+00:00
1785147300000,1963.68,1964.56,1962.72,1964.16,52073.73,2026-07-27 10:15:00+00:00
1785147600000,1964.17,1968.8,1964.16,1967.92,242995.72,2026-07-27 10:20:00+00:00
1785147900000,1967.91,1967.91,1965.35,1965.56,48654.35,2026-07-27 10:25:00+00:00
1785148200000,1965.56,1967.89,1965.56,1966.37,36772.16,2026-07-27 10:30:00+00:00
1785148500000,1966.38,1968.86,1966.37,1968.69,52487.99,2026-07-27 10:35:00+00:00
1785148800000,1968.68,1971.74,1967.75,1969.29,141752.11,2026-07-27 10:40:00+00:00
1785149100000,1969.29,1971.1,1967.47,1968.04,116098.86,2026-07-27 10:45:00+00:00
1785149400000,1968.03,1968.09,1966.8,1967.19,55316.82,2026-07-27 10:50:00+00:00
1785149700000,1967.18,1967.42,1965.7,1966.59,40776.45,2026-07-27 10:55:00+00:00
1785150000000,1966.6,1966.6,1962.78,1963.95,86114.59,2026-07-27 11:00:00+00:00
1785150300000,1963.94,1965.32,1963.49,1964.95,29740.25,2026-07-27 11:05:00+00:00
1785150600000,1964.95,1964.95,1963.52,1964.17,24190.71,2026-07-27 11:10:00+00:00
1785150900000,1964.16,1965,1963.01,1963.23,28355.65,2026-07-27 11:15:00+00:00
1785151200000,1963.23,1964.22,1961.36,1961.43,59479.83,2026-07-27 11:20:00+00:00
1785151500000,1961.43,1962.6,1958.42,1958.52,123383.51,2026-07-27 11:25:00+00:00
1785151800000,1958.53,1960.87,1957.8,1958.9,106292.96,2026-07-27 11:30:00+00:00
1785152100000,1958.9,1960.55,1958.89,1960.31,51012.81,2026-07-27 11:35:00+00:00
1785152400000,1960.32,1960.8,1958.07,1959.01,59666.68,2026-07-27 11:40:00+00:00
1785152700000,1959,1960.2,1958.59,1960.18,40598.93,2026-07-27 11:45:00+00:00
1785153000000,1960.18,1960.27,1957.2,1958.86,53453.08,2026-07-27 11:50:00+00:00
1785153300000,1958.85,1959.93,1958.19,1958.8,35914.15,2026-07-27 11:55:00+00:00
1785153600000,1958.81,1963.17,1958.51,1963,94585.12,2026-07-27 12:00:00+00:00
1785153900000,1963,1963.77,1962.28,1962.4,57624.64,2026-07-27 12:05:00+00:00
1785154200000,1962.4,1962.73,1953.5,1954.28,267852.83,2026-07-27 12:10:00+00:00
1785154500000,1954.28,1956.53,1951.08,1952.06,262617.94,2026-07-27 12:15:00+00:00
1785154800000,1952.05,1952.05,1947.1,1949.05,478604.45,2026-07-27 12:20:00+00:00
1785155100000,1949.04,1949.05,1946.28,1947.46,255956.66,2026-07-27 12:25:00+00:00
1785155400000,1947.46,1949.26,1942.2,1944.65,453113.42,2026-07-27 12:30:00+00:00
1785155700000,1944.65,1947.96,1944.41,1947.64,234876.62,2026-07-27 12:35:00+00:00
1785156000000,1947.64,1953.79,1947.64,1952.37,257185.16,2026-07-27 12:40:00+00:00
1785156300000,1952.37,1957.69,1952.07,1955.73,310693.66,2026-07-27 12:45:00+00:00
1785156600000,1955.73,1956.88,1954.34,1956.21,95671.5,2026-07-27 12:50:00+00:00
1785156900000,1956.21,1957,1955.62,1956.64,47560.81,2026-07-27 12:55:00+00:00
1785157200000,1956.65,1959.38,1955.25,1957.39,156797.98,2026-07-27 13:00:00+00:00
1785157500000,1957.38,1957.38,1955.35,1956.46,69833.29,2026-07-27 13:05:00+00:00
1785157800000,1956.46,1957,1953,1953.02,79370.23,2026-07-27 13:10:00+00:00
1785158100000,1953.02,1955.79,1953.02,1955.59,95144.27,2026-07-27 13:15:00+00:00
1785158400000,1955.6,1955.99,1953,1953.15,42802.91,2026-07-27 13:20:00+00:00
1785158700000,1953.14,1953.14,1950.44,1951.11,80599.66,2026-07-27 13:25:00+00:00
1785159000000,1951.11,1956.25,1949.5,1955.32,229146.64,2026-07-27 13:30:00+00:00
1785159300000,1955.32,1970,1954.88,1966.83,838585.35,2026-07-27 13:35:00+00:00
1785159600000,1966.83,1977.48,1966.18,1974.34,873195.79,2026-07-27 13:40:00+00:00
1785159900000,1974.34,1975.69,1968.24,1970.04,569697.16,2026-07-27 13:45:00+00:00
1785160200000,1970.03,1971.2,1962.58,1966.04,341800.14,2026-07-27 13:50:00+00:00
1785160500000,1966.03,1966.85,1956.25,1959.98,536035.78,2026-07-27 13:55:00+00:00
1785160800000,1959.98,1964.3,1958.01,1963.24,341022.86,2026-07-27 14:00:00+00:00
1785161100000,1963.24,1965.91,1954.61,1964.01,380833.26,2026-07-27 14:05:00+00:00
1785161400000,1964.01,1964.01,1956.56,1962.8,222858.97,2026-07-27 14:10:00+00:00
1785161700000,1962.81,1964.46,1955.56,1955.67,216156.19,2026-07-27 14:15:00+00:00
1785162000000,1955.67,1955.99,1943.74,1947.55,762714.59,2026-07-27 14:20:00+00:00
1785162300000,1947.56,1947.82,1935.24,1936.88,755778.27,2026-07-27 14:25:00+00:00
1785162600000,1936.88,1937.8,1927,1930.11,1242297.23,2026-07-27 14:30:00+00:00
1785162900000,1930.11,1935.26,1921.07,1929.24,746929.44,2026-07-27 14:35:00+00:00
1785163200000,1929.17,1929.74,1918.14,1920.19,583958.08,2026-07-27 14:40:00+00:00
1785163500000,1920.2,1928.88,1919.79,1927.87,442426.6,2026-07-27 14:45:00+00:00
1785163800000,1927.87,1932.8,1925.39,1928.15,312290.97,2026-07-27 14:50:00+00:00
1785164100000,1928.16,1933.54,1927.78,1931.45,253835.12,2026-07-27 14:55:00+00:00
1785164400000,1931.45,1935.6,1929.55,1932.35,230181.77,2026-07-27 15:00:00+00:00
1785164700000,1932.34,1933.53,1925.4,1925.73,226674.04,2026-07-27 15:05:00+00:00
1785165000000,1925.73,1933.79,1925,1933.08,231843.27,2026-07-27 15:10:00+00:00
1785165300000,1933.07,1933.74,1927.72,1933.13,190130.83,2026-07-27 15:15:00+00:00
1785165600000,1933.13,1937.43,1928.47,1930.28,245032.68,2026-07-27 15:20:00+00:00
1785165900000,1930.28,1930.73,1927.21,1930.33,107532.65,2026-07-27 15:25:00+00:00
1785166200000,1930.32,1933.11,1927.52,1929.2,127831.36,2026-07-27 15:30:00+00:00
1785166500000,1929.21,1929.52,1923.1,1929.13,285077.52,2026-07-27 15:35:00+00:00
1785166800000,1929.13,1931.88,1928.33,1930.32,125316.38,2026-07-27 15:40:00+00:00
1785167100000,1930.33,1930.7,1927.57,1928.69,55725.41,2026-07-27 15:45:00+00:00
1785167400000,1928.7,1929.94,1927.4,1927.46,54688.39,2026-07-27 15:50:00+00:00
1785167700000,1927.45,1929.1,1926.7,1926.73,51101.74,2026-07-27 15:55:00+00:00
1785168000000,1926.73,1930,1925.04,1930,149327.34,2026-07-27 16:00:00+00:00
1785168300000,1930,1931,1926,1929.11,91958.17,2026-07-27 16:05:00+00:00
1785168600000,1929.11,1931,1926.5,1927,100068.11,2026-07-27 16:10:00+00:00
1785168900000,1926.99,1928.79,1921.05,1928.05,207759.74,2026-07-27 16:15:00+00:00
1785169200000,1928.06,1930.28,1926,1929.38,78843.3,2026-07-27 16:20:00+00:00
1785169500000,1929.38,1938.4,1929.26,1936,646130.51,2026-07-27 16:25:00+00:00
1785169800000,1936.01,1943.44,1936,1943.1,397128.25,2026-07-27 16:30:00+00:00
1785170100000,1943.11,1945.98,1939.63,1941.37,401883.61,2026-07-27 16:35:00+00:00
1785170400000,1941.37,1942,1940.01,1942,62176,2026-07-27 16:40:00+00:00
1785170700000,1942,1943.33,1940.44,1942.4,107374.72,2026-07-27 16:45:00+00:00
1785171000000,1942.4,1942.4,1936.73,1937,163669.76,2026-07-27 16:50:00+00:00
1785171300000,1937,1940.25,1936,1939.7,61932.59,2026-07-27 16:55:00+00:00
1785171600000,1939.69,1940.4,1934.09,1935.45,140638.63,2026-07-27 17:00:00+00:00
1785171900000,1935.46,1938.06,1934.8,1936.18,76299.58,2026-07-27 17:05:00+00:00
1785172200000,1936.17,1938.8,1936,1938.44,47986.58,2026-07-27 17:10:00+00:00
1785172500000,1938.43,1939.6,1937.6,1939.27,33522.17,2026-07-27 17:15:00+00:00
1785172800000,1939.28,1945.41,1939.16,1943.52,204494.55,2026-07-27 17:20:00+00:00
1785173100000,1943.51,1943.52,1940.96,1941.25,78588.27,2026-07-27 17:25:00+00:00
1785173400000,1941.25,1945.17,1941.03,1944.2,69160.14,2026-07-27 17:30:00+00:00
1785173700000,1944.2,1945,1941.58,1941.85,40474.87,2026-07-27 17:35:00+00:00
1785174000000,1941.85,1943.48,1940.97,1941.53,53145.83,2026-07-27 17:40:00+00:00
1785174300000,1941.54,1941.88,1939.04,1940.11,45926.87,2026-07-27 17:45:00+00:00
1785174600000,1940.1,1941.66,1939,1940.96,63795.36,2026-07-27 17:50:00+00:00
1785174900000,1940.96,1943.68,1940.96,1942.84,48136.8,2026-07-27 17:55:00+00:00
1785175200000,1942.84,1943.72,1942,1942.01,40010.1,2026-07-27 18:00:00+00:00
1785175500000,1942,1942.65,1940.63,1941.18,37780.16,2026-07-27 18:05:00+00:00
1785175800000,1941.17,1941.3,1940.28,1940.47,38325.76,2026-07-27 18:10:00+00:00
1785176100000,1940.47,1940.47,1935.42,1936.33,115524.19,2026-07-27 18:15:00+00:00
1785176400000,1936.33,1938.26,1934.63,1937.84,78052.66,2026-07-27 18:20:00+00:00
1785176700000,1937.84,1938.8,1936.67,1937.99,23527.64,2026-07-27 18:25:00+00:00
1785177000000,1938,1938.6,1933.12,1933.13,109469.93,2026-07-27 18:30:00+00:00
1785177300000,1933.12,1934.44,1931.07,1931.08,117064.46,2026-07-27 18:35:00+00:00
1785177600000,1931.07,1935.93,1928.15,1934.49,283074.22,2026-07-27 18:40:00+00:00
1785177900000,1934.49,1935.13,1930.7,1931.12,52013.44,2026-07-27 18:45:00+00:00
1785178200000,1931.12,1936.2,1930.5,1935.68,69938.57,2026-07-27 18:50:00+00:00
1785178500000,1935.67,1938.76,1935.67,1938.27,65064,2026-07-27 18:55:00+00:00
1785178800000,1938.27,1938.8,1936.69,1937.86,81187.76,2026-07-27 19:00:00+00:00
1785179100000,1937.86,1945.62,1937.48,1945.27,167502.61,2026-07-27 19:05:00+00:00
1785179400000,1945.26,1951.11,1945.06,1947.55,335216.26,2026-07-27 19:10:00+00:00
1785179700000,1947.55,1948.8,1946.67,1948.68,96945.37,2026-07-27 19:15:00+00:00
1785180000000,1948.69,1951.5,1948.1,1949.14,78007.01,2026-07-27 19:20:00+00:00
1785180300000,1949.14,1949.84,1946.59,1949.84,53328.54,2026-07-27 19:25:00+00:00
1785180600000,1949.84,1954.61,1946.18,1952.87,210778.71,2026-07-27 19:30:00+00:00
1785180900000,1952.87,1954.65,1949.5,1950.19,77126.17,2026-07-27 19:35:00+00:00
1785181200000,1950.2,1951.27,1949.63,1949.66,40099.93,2026-07-27 19:40:00+00:00
1785181500000,1949.66,1949.95,1948,1948.67,40656.17,2026-07-27 19:45:00+00:00
1785181800000,1948.67,1949.69,1946.62,1947.88,62820.61,2026-07-27 19:50:00+00:00
1785182100000,1947.87,1949.32,1946.53,1947.49,68317.26,2026-07-27 19:55:00+00:00
1785182400000,1947.49,1949.6,1946.67,1946.98,52488.04,2026-07-27 20:00:00+00:00
1785182700000,1946.98,1947.39,1945.16,1945.25,68787.16,2026-07-27 20:05:00+00:00
1785183000000,1945.24,1945.89,1944.44,1944.84,51709.89,2026-07-27 20:10:00+00:00
1785183300000,1944.84,1944.84,1942.79,1943.29,27672.35,2026-07-27 20:15:00+00:00
1785183600000,1943.29,1945.17,1942.66,1944.85,27481.16,2026-07-27 20:20:00+00:00
1785183900000,1944.85,1946.9,1944.84,1946.9,26264.06,2026-07-27 20:25:00+00:00
1785184200000,1946.9,1946.9,1944.27,1945.87,38275.02,2026-07-27 20:30:00+00:00
1785184500000,1945.87,1947.92,1944.21,1944.69,50126.37,2026-07-27 20:35:00+00:00
1785184800000,1944.69,1944.73,1943.74,1944.31,11108.6,2026-07-27 20:40:00+00:00
1785185100000,1944.32,1945.5,1943.94,1945.16,15777.48,2026-07-27 20:45:00+00:00
1785185400000,1945.16,1946.08,1944.81,1945.47,14565.69,2026-07-27 20:50:00+00:00
1785185700000,1945.46,1946.34,1945.1,1945.87,12838.16,2026-07-27 20:55:00+00:00
1785186000000,1945.87,1948.04,1945.04,1945.45,36424.02,2026-07-27 21:00:00+00:00
1785186300000,1945.45,1947.52,1945.1,1947.34,15672.97,2026-07-27 21:05:00+00:00
1785186600000,1947.33,1949.44,1946.74,1947.53,67707.3,2026-07-27 21:10:00+00:00
1785186900000,1947.53,1947.53,1944.82,1946.41,51767.3,2026-07-27 21:15:00+00:00
1785187200000,1946.41,1946.8,1945.2,1946.06,12016.05,2026-07-27 21:20:00+00:00
1785187500000,1946.05,1946.06,1943.22,1943.41,27765.4,2026-07-27 21:25:00+00:00
1785187800000,1943.42,1944.69,1942.8,1943,34919.19,2026-07-27 21:30:00+00:00
1785188100000,1943,1943.01,1941.04,1941.42,51462.05,2026-07-27 21:35:00+00:00
1785188400000,1941.41,1942.79,1941.01,1941.62,54919.68,2026-07-27 21:40:00+00:00
1785188700000,1941.63,1942.19,1939.37,1940.52,90858.33,2026-07-27 21:45:00+00:00
1785189000000,1940.51,1943.12,1940,1942.3,59411.54,2026-07-27 21:50:00+00:00
1785189300000,1942.3,1943.19,1941.1,1941.23,21046.71,2026-07-27 21:55:00+00:00
1785189600000,1941.23,1941.24,1933,1935.74,198140.9,2026-07-27 22:00:00+00:00
1785189900000,1935.74,1937.57,1934.5,1937.03,63538.83,2026-07-27 22:05:00+00:00
1785190200000,1937.04,1937.79,1936.1,1937.48,38930.46,2026-07-27 22:10:00+00:00
1785190500000,1937.48,1938.96,1936.93,1937.69,29672.08,2026-07-27 22:15:00+00:00
1785190800000,1937.69,1938.25,1931.65,1932.09,110824.57,2026-07-27 22:20:00+00:00
1785191100000,1932.08,1932.09,1927.24,1928.68,148037.34,2026-07-27 22:25:00+00:00
1785191400000,1928.68,1930.35,1925.01,1927.39,105057.84,2026-07-27 22:30:00+00:00
1785191700000,1927.4,1929.59,1925.21,1925.96,88125.66,2026-07-27 22:35:00+00:00
1785192000000,1925.96,1925.96,1911.01,1913.95,1073704.03,2026-07-27 22:40:00+00:00
1785192300000,1913.96,1913.96,1905.81,1909.31,528543.89,2026-07-27 22:45:00+00:00
1785192600000,1909.32,1910.05,1900.58,1901.13,648689.33,2026-07-27 22:50:00+00:00
1785192900000,1901.13,1903.15,1890.6,1892.63,840721.41,2026-07-27 22:55:00+00:00
1785193200000,1892.64,1893.9,1883.43,1886.47,811722.93,2026-07-27 23:00:00+00:00
1785193500000,1886.46,1892,1882.16,1883.53,390566.35,2026-07-27 23:05:00+00:00
1785193800000,1883.54,1890,1880.7,1889.9,324114.67,2026-07-27 23:10:00+00:00
1785194100000,1889.91,1894.27,1885.5,1893.7,283024.53,2026-07-27 23:15:00+00:00
1785194400000,1893.7,1895.4,1890.81,1891.1,173102.59,2026-07-27 23:20:00+00:00
1785194700000,1891.1,1893.55,1890.92,1892.19,133468.25,2026-07-27 23:25:00+00:00
1785195000000,1892.19,1895.17,1891.31,1891.32,159613.48,2026-07-27 23:30:00+00:00
1785195300000,1891.32,1893.18,1888.57,1889.38,147447.98,2026-07-27 23:35:00+00:00
1785195600000,1889.38,1889.66,1885.15,1886.48,126968.3,2026-07-27 23:40:00+00:00
1785195900000,1886.49,1888.83,1884.1,1886.31,127122.91,2026-07-27 23:45:00+00:00
1785196200000,1886.31,1889.73,1885.81,1889.65,105911.87,2026-07-27 23:50:00+00:00
1785196500000,1889.65,1892.3,1889.15,1891.55,94133.76,2026-07-27 23:55:00+00:00
1785196800000,1891.55,1893.56,1890.61,1891.14,150211.98,2026-07-28 00:00:00+00:00
1785197100000,1891.14,1891.14,1886.41,1887.04,123139.19,2026-07-28 00:05:00+00:00
1785197400000,1887.03,1887.53,1878.39,1885.99,499917.09,2026-07-28 00:10:00+00:00
1785197700000,1885.99,1888.8,1885,1888.52,107318.19,2026-07-28 00:15:00+00:00
1785198000000,1888.52,1890.47,1879.39,1882.71,219476.72,2026-07-28 00:20:00+00:00
1785198300000,1882.7,1883.28,1877.1,1882.5,190378.74,2026-07-28 00:25:00+00:00
1785198600000,1882.5,1885.44,1878.05,1884.99,143879.56,2026-07-28 00:30:00+00:00
1785198900000,1885,1886.18,1883.73,1885.54,72369.16,2026-07-28 00:35:00+00:00
1785199200000,1885.55,1885.88,1883.03,1883.3,53013.83,2026-07-28 00:40:00+00:00
1785199500000,1883.3,1883.68,1878,1880.01,156060.27,2026-07-28 00:45:00+00:00
1785199800000,1880.01,1880.08,1876,1878.31,222245.4,2026-07-28 00:50:00+00:00
1785200100000,1878.3,1880.92,1876.67,1877.94,115986.34,2026-07-28 00:55:00+00:00
1785200400000,1877.94,1879.98,1876.8,1877.01,93620.71,2026-07-28 01:00:00+00:00
1785200700000,1877.01,1877.1,1865.16,1873.43,998030.46,2026-07-28 01:05:00+00:00
1785201000000,1873.42,1875.67,1871.68,1875.05,158205.86,2026-07-28 01:10:00+00:00
1785201300000,1875.05,1875.66,1869.4,1870.93,145807.95,2026-07-28 01:15:00+00:00
1785201600000,1870.94,1874.31,1870.21,1872.49,71300.39,2026-07-28 01:20:00+00:00
1785201900000,1872.49,1878.44,1871.75,1877.42,246081.44,2026-07-28 01:25:00+00:00
1785202200000,1877.41,1881.86,1876.76,1881.72,226264.16,2026-07-28 01:30:00+00:00
1785202500000,1881.72,1881.73,1877,1877.27,92227.74,2026-07-28 01:35:00+00:00
1785202800000,1877.28,1877.28,1873.43,1874.99,94497.59,2026-07-28 01:40:00+00:00
1785203100000,1874.98,1878.77,1873.46,1877.71,97912.78,2026-07-28 01:45:00+00:00
1785203400000,1877.71,1877.71,1873.89,1874.11,55907.66,2026-07-28 01:50:00+00:00
1785203700000,1874.11,1876.29,1873.16,1874.98,48386.45,2026-07-28 01:55:00+00:00
1785204000000,1874.98,1875.1,1871.5,1872.75,106681.54,2026-07-28 02:00:00+00:00
1785204300000,1872.79,1876.8,1872.5,1876.71,86093.01,2026-07-28 02:05:00+00:00
1785204600000,1876.71,1877.5,1875.5,1876.61,58380.83,2026-07-28 02:10:00+00:00
1785204900000,1876.6,1878.27,1875.5,1878.11,64089.93,2026-07-28 02:15:00+00:00
1785205200000,1878.11,1879.73,1877.59,1879.13,80093.08,2026-07-28 02:20:00+00:00
1785205500000,1879.12,1879.13,1876.77,1876.99,48450.97,2026-07-28 02:25:00+00:00
1785205800000,1876.99,1877.76,1875.86,1877.23,42748.35,2026-07-28 02:30:00+00:00
1785206100000,1877.23,1878.21,1875.5,1875.68,75490.99,2026-07-28 02:35:00+00:00
1785206400000,1875.68,1875.95,1873.61,1874.36,69261.39,2026-07-28 02:40:00+00:00
1785206700000,1874.35,1874.92,1872,1873.05,114148.6,2026-07-28 02:45:00+00:00
1785207000000,1873.05,1876.59,1872.07,1875.48,80175.83,2026-07-28 02:50:00+00:00
1785207300000,1875.47,1876.31,1874.84,1874.85,46061.67,2026-07-28 02:55:00+00:00
1785207600000,1874.84,1876.2,1874.09,1874.3,61106.18,2026-07-28 03:00:00+00:00
1785207900000,1874.29,1875,1872.02,1872.53,86832.25,2026-07-28 03:05:00+00:00
1785208200000,1872.53,1876.67,1872.25,1876.38,56848.83,2026-07-28 03:10:00+00:00
1785208500000,1876.39,1879.62,1874.96,1879.59,103732.39,2026-07-28 03:15:00+00:00
1785208800000,1879.59,1880.6,1878.33,1878.34,119289.34,2026-07-28 03:20:00+00:00
1785209100000,1878.34,1878.77,1876.31,1877.26,82810.2,2026-07-28 03:25:00+00:00
1785209400000,1877.25,1877.74,1874.12,1877.67,81749.35,2026-07-28 03:30:00+00:00
1785209700000,1877.67,1879.26,1876.37,1878.72,58590.58,2026-07-28 03:35:00+00:00
1785210000000,1878.72,1881.77,1878.71,1881.77,104045.19,2026-07-28 03:40:00+00:00
1785210300000,1881.77,1882.64,1879.71,1882,82993.63,2026-07-28 03:45:00+00:00
1785210600000,1882,1882.47,1880.34,1881.06,79659.58,2026-07-28 03:50:00+00:00
1785210900000,1881.07,1881.2,1878.4,1880.28,61937.58,2026-07-28 03:55:00+00:00
1785211200000,1880.28,1881.52,1879.55,1880.68,73933.76,2026-07-28 04:00:00+00:00
1785211500000,1880.69,1881.8,1880.5,1880.52,35860.37,2026-07-28 04:05:00+00:00
1785211800000,1880.51,1881,1878.81,1879.48,54446.5,2026-07-28 04:10:00+00:00
1785212100000,1879.47,1880.71,1877.93,1880.7,73157.5,2026-07-28 04:15:00+00:00
1785212400000,1880.71,1880.71,1879.02,1879.21,55911.07,2026-07-28 04:20:00+00:00
1785212700000,1879.2,1879.3,1878.03,1878.61,49982.54,2026-07-28 04:25:00+00:00
1785213000000,1878.6,1879.02,1877,1877,51696.83,2026-07-28 04:30:00+00:00
1785213300000,1877.01,1877.1,1875.89,1876.68,46314.75,2026-07-28 04:35:00+00:00
1785213600000,1876.68,1878.71,1875.55,1878.33,51096.01,2026-07-28 04:40:00+00:00
1785213900000,1878.32,1880.35,1878.23,1878.56,44370.26,2026-07-28 04:45:00+00:00
1785214200000,1878.57,1880.62,1878.3,1880.43,50626.79,2026-07-28 04:50:00+00:00
1785214500000,1880.43,1880.43,1876.85,1878.35,54174.36,2026-07-28 04:55:00+00:00
1785214800000,1878.34,1883.33,1877.53,1883.11,109586.05,2026-07-28 05:00:00+00:00
1785215100000,1883.12,1884.3,1881.27,1882.24,81567.4,2026-07-28 05:05:00+00:00
1785215400000,1882.23,1882.23,1881,1881.6,40653.68,2026-07-28 05:10:00+00:00
1785215700000,1881.6,1888.74,1881.59,1887.61,218752.59,2026-07-28 05:15:00+00:00
1785216000000,1887.62,1888.59,1885.13,1885.14,114118.44,2026-07-28 05:20:00+00:00
1785216300000,1885.13,1885.45,1882.95,1885.45,98077.22,2026-07-28 05:25:00+00:00
1785216600000,1885.44,1885.89,1882.49,1883.11,75264.1,2026-07-28 05:30:00+00:00
1785216900000,1883.1,1885,1881.4,1884.73,77139.09,2026-07-28 05:35:00+00:00
1785217200000,1884.73,1887.28,1884.37,1887.19,66788.17,2026-07-28 05:40:00+00:00
1785217500000,1887.19,1888,1886.3,1886.47,66875.63,2026-07-28 05:45:00+00:00
1785217800000,1886.47,1887.37,1884.49,1885.19,40670.31,2026-07-28 05:50:00+00:00
1785218100000,1885.2,1885.83,1882.15,1882.15,45674.83,2026-07-28 05:55:00+00:00
1785218400000,1882.16,1882.45,1880.2,1880.43,97054.42,2026-07-28 06:00:00+00:00
1785218700000,1880.43,1880.99,1878.59,1879.57,115203.5,2026-07-28 06:05:00+00:00
1785219000000,1879.58,1879.7,1877.5,1878.84,94775.52,2026-07-28 06:10:00+00:00
1785219300000,1878.84,1879.77,1878.1,1879,55652.79,2026-07-28 06:15:00+00:00
1785219600000,1878.99,1882.5,1878.99,1880.81,96349.75,2026-07-28 06:20:00+00:00
1785219900000,1880.81,1882.47,1880.61,1882.42,25840.18,2026-07-28 06:25:00+00:00
1785220200000,1882.42,1883.47,1881.81,1883.15,40951.16,2026-07-28 06:30:00+00:00
1785220500000,1883.14,1885.25,1883,1884.59,104189.04,2026-07-28 06:35:00+00:00
1785220800000,1884.59,1885.69,1884.27,1885.03,43224.7,2026-07-28 06:40:00+00:00
1785221100000,1885.02,1885.67,1884.22,1885.16,40215.48,2026-07-28 06:45:00+00:00
1785221400000,1885.16,1887.17,1884.95,1887.17,96310.91,2026-07-28 06:50:00+00:00
1785221700000,1887.17,1887.99,1886.01,1887.52,87567.29,2026-07-28 06:55:00+00:00
1785222000000,1887.53,1887.95,1886.02,1886.62,73864.64,2026-07-28 07:00:00+00:00
1785222300000,1886.62,1886.91,1884.99,1886.63,60960.87,2026-07-28 07:05:00+00:00
1785222600000,1886.62,1886.75,1885.11,1886.18,34460.37,2026-07-28 07:10:00+00:00
1785222900000,1886.18,1887.2,1885.3,1886.14,32127.02,2026-07-28 07:15:00+00:00
1785223200000,1886.13,1886.6,1884,1885.53,54799.38,2026-07-28 07:20:00+00:00
1785223500000,1885.53,1886.17,1884.01,1884.17,29884.72,2026-07-28 07:25:00+00:00
1785223800000,1884.18,1885.11,1883.19,1884.95,46803.2,2026-07-28 07:30:00+00:00
1785224100000,1884.94,1885.02,1881.65,1884.36,60201.5,2026-07-28 07:35:00+00:00
1785224400000,1884.37,1884.89,1882.2,1882.73,35233.12,2026-07-28 07:40:00+00:00
1785224700000,1882.74,1882.85,1880,1880.65,83158.01,2026-07-28 07:45:00+00:00
1785225000000,1880.65,1883.28,1880.6,1882.18,64826.21,2026-07-28 07:50:00+00:00
1785225300000,1882.18,1883.87,1882.17,1882.76,31446.54,2026-07-28 07:55:00+00:00
1785225600000,1882.76,1883.82,1880.24,1882.99,51199.94,2026-07-28 08:00:00+00:00
1785225900000,1882.99,1883.56,1881.28,1881.47,30223.2,2026-07-28 08:05:00+00:00
1785226200000,1881.47,1881.47,1879.6,1879.69,74160.82,2026-07-28 08:10:00+00:00
1785226500000,1879.69,1882.64,1879.45,1882.19,76574.28,2026-07-28 08:15:00+00:00
1785226800000,1882.2,1883.25,1880.51,1882.89,31088.34,2026-07-28 08:20:00+00:00
1785227100000,1882.88,1884.49,1881.81,1883.75,56287.63,2026-07-28 08:25:00+00:00
1785227400000,1883.76,1883.76,1880,1881.71,89486.93,2026-07-28 08:30:00+00:00
1785227700000,1881.7,1883,1880.96,1882.65,28419.3,2026-07-28 08:35:00+00:00
1785228000000,1882.68,1884.59,1882.68,1884.07,42618.6,2026-07-28 08:40:00+00:00
1785228300000,1884.08,1884.85,1883.52,1883.84,32785.51,2026-07-28 08:45:00+00:00
1785228600000,1883.85,1884.73,1881.93,1882.43,21489.14,2026-07-28 08:50:00+00:00
1785228900000,1882.42,1883.73,1881.46,1883.49,79748.94,2026-07-28 08:55:00+00:00
1785229200000,1883.48,1884,1881.86,1882.18,32027.26,2026-07-28 09:00:00+00:00
1785229500000,1882.18,1882.5,1879.47,1882.03,100587.32,2026-07-28 09:05:00+00:00
1785229800000,1882.04,1882.75,1881.36,1881.55,15111.7,2026-07-28 09:10:00+00:00
1785230100000,1881.55,1882.76,1881.26,1882.67,17021.58,2026-07-28 09:15:00+00:00
1785230400000,1882.67,1883.76,1882.61,1883.12,40116.86,2026-07-28 09:20:00+00:00
1785230700000,1883.13,1883.13,1881.42,1883.09,17607.42,2026-07-28 09:25:00+00:00
1785231000000,1883.08,1883.87,1882.93,1883.12,19074.96,2026-07-28 09:30:00+00:00
1785231300000,1883.13,1883.13,1880.33,1882.71,40194.06,2026-07-28 09:35:00+00:00
1785231600000,1882.71,1883.15,1881.1,1881.51,17164.86,2026-07-28 09:40:00+00:00
1785231900000,1881.5,1881.7,1881,1881.43,15592.92,2026-07-28 09:45:00+00:00
1785232200000,1881.44,1882.68,1877.02,1877.08,98561.95,2026-07-28 09:50:00+00:00
1785232500000,1877.07,1877.17,1873.5,1875.34,346432.7,2026-07-28 09:55:00+00:00
1785232800000,1875.35,1877.69,1874.64,1876.59,91651.22,2026-07-28 10:00:00+00:00
1785233100000,1876.59,1876.69,1873.95,1874.05,94156.77,2026-07-28 10:05:00+00:00
1785233400000,1874.05,1875.89,1872.61,1875.09,108426.18,2026-07-28 10:10:00+00:00
1785233700000,1875.09,1879.73,1875.09,1878.68,121102.7,2026-07-28 10:15:00+00:00
1785234000000,1878.68,1878.68,1875.38,1876.32,61961.5,2026-07-28 10:20:00+00:00
1785234300000,1876.33,1876.64,1872.9,1876.62,100915.4,2026-07-28 10:25:00+00:00
1785234600000,1876.62,1878.6,1876.2,1877.18,72621.23,2026-07-28 10:30:00+00:00
1785234900000,1877.18,1878.48,1875.35,1877.42,81775.77,2026-07-28 10:35:00+00:00
1785235200000,1877.43,1879.37,1876.62,1879.2,67533.36,2026-07-28 10:40:00+00:00
1785235500000,1879.21,1880,1878.54,1878.54,77628.49,2026-07-28 10:45:00+00:00
1785235800000,1878.54,1880,1878.36,1879.03,30101.58,2026-07-28 10:50:00+00:00
1785236100000,1879.03,1879.33,1877.38,1877.7,42134.63,2026-07-28 10:55:00+00:00
1785236400000,1877.71,1878.8,1875.7,1876.29,65627.28,2026-07-28 11:00:00+00:00
1785236700000,1876.3,1876.3,1873.51,1873.96,90054.9,2026-07-28 11:05:00+00:00
