ts,open,high,low,close,volume,open_time
1784787480000,149.93,150.4,149.38,149.38,46.53,2026-07-23 06:18:00+00:00
1784787660000,149.31,150.2,149.07,149.17,57.41,2026-07-23 06:21:00+00:00
1784787840000,149.18,149.23,147.62,148.25,130.47,2026-07-23 06:24:00+00:00
1784788020000,148.3,148.84,148.24,148.83,24.83,2026-07-23 06:27:00+00:00
1784788200000,148.99,149.94,148.99,149.9,42.48,2026-07-23 06:30:00+00:00
1784788380000,149.84,149.97,149.43,149.97,7.03,2026-07-23 06:33:00+00:00
1784788560000,150.16,150.6,150.09,150.26,58.64,2026-07-23 06:36:00+00:00
1784788740000,150.13,150.53,149.91,150.49,17.98,2026-07-23 06:39:00+00:00
1784788920000,150.5,151.76,150.25,150.25,72.09,2026-07-23 06:42:00+00:00
1784789100000,150.38,150.53,150.08,150.3,14.08,2026-07-23 06:45:00+00:00
1784789280000,150.46,150.69,150.32,150.46,16.74,2026-07-23 06:48:00+00:00
1784789460000,150.56,150.56,149.87,149.97,68.29,2026-07-23 06:51:00+00:00
1784789640000,149.94,150.88,149.91,150.88,10.28,2026-07-23 06:54:00+00:00
1784789820000,150.78,151.04,150.61,150.9,28.1,2026-07-23 06:57:00+00:00
1784790000000,150.85,151.22,150.6,151.08,5.64,2026-07-23 07:00:00+00:00
1784790180000,151.14,151.21,149.92,149.92,42.82,2026-07-23 07:03:00+00:00
1784790360000,150.05,150.1,149.71,150.04,24.58,2026-07-23 07:06:00+00:00
1784790540000,150.09,150.09,149.7,150.02,20.17,2026-07-23 07:09:00+00:00
1784790720000,150.06,150.1,148.44,149.55,168.61,2026-07-23 07:12:00+00:00
1784790900000,149.46,150.35,149.46,150.19,30.73,2026-07-23 07:15:00+00:00
1784791080000,150.14,150.36,150.02,150.25,17,2026-07-23 07:18:00+00:00
1784791260000,150.33,150.42,149.5,149.5,44.76,2026-07-23 07:21:00+00:00
1784791440000,149.59,150.28,149.35,150.06,22.21,2026-07-23 07:24:00+00:00
1784791620000,150.08,150.27,149.62,149.67,19.71,2026-07-23 07:27:00+00:00
1784791800000,149.6,150.07,149.54,150.05,25.26,2026-07-23 07:30:00+00:00
1784791980000,150.02,150.28,149.46,149.96,18.37,2026-07-23 07:33:00+00:00
1784792160000,150.04,150.19,149.89,149.98,14.92,2026-07-23 07:36:00+00:00
1784792340000,149.96,150.28,149.95,149.95,7.59,2026-07-23 07:39:00+00:00
1784792520000,149.87,150.07,149.18,149.23,22.61,2026-07-23 07:42:00+00:00
1784792700000,149.34,149.88,148.8,149.88,30.16,2026-07-23 07:45:00+00:00
1784792880000,149.84,150.11,149.08,149.3,19.47,2026-07-23 07:48:00+00:00
1784793060000,149.3,149.59,149,149.59,14.01,2026-07-23 07:51:00+00:00
1784793240000,149.61,149.66,148.99,149.33,117.48,2026-07-23 07:54:00+00:00
1784793420000,149.3,150.57,149.27,150.11,153.04,2026-07-23 07:57:00+00:00
1784793600000,150.23,150.3,149.95,150.02,1.37,2026-07-23 08:00:00+00:00
1784793780000,149.98,150.18,149.89,150.15,15.59,2026-07-23 08:03:00+00:00
1784793960000,150.16,150.2,150.04,150.2,1.04,2026-07-23 08:06:00+00:00
1784794140000,150.28,150.42,150.18,150.4,7.9,2026-07-23 08:09:00+00:00
1784794320000,150.45,150.45,150.14,150.14,10.17,2026-07-23 08:12:00+00:00
1784794500000,150.14,150.4,149.95,150.39,17.01,2026-07-23 08:15:00+00:00
1784794680000,150.45,150.47,150.17,150.26,11.56,2026-07-23 08:18:00+00:00
1784794860000,150.34,150.4,149.99,149.99,3.48,2026-07-23 08:21:00+00:00
1784795040000,149.98,150.31,149.87,150.27,5.24,2026-07-23 08:24:00+00:00
1784795220000,150.27,150.36,150.17,150.36,5.82,2026-07-23 08:27:00+00:00
1784795400000,150.35,150.43,149.75,149.88,13.7,2026-07-23 08:30:00+00:00
1784795580000,149.69,150.05,149.35,150.05,17.46,2026-07-23 08:33:00+00:00
1784795760000,149.84,150.06,149.75,149.75,2.57,2026-07-23 08:36:00+00:00
1784795940000,149.78,150.14,149.65,150.08,9.31,2026-07-23 08:39:00+00:00
1784796120000,150.01,150.22,149.95,150.11,13.78,2026-07-23 08:42:00+00:00
1784796300000,150.11,150.2,149.82,150.12,13.65,2026-07-23 08:45:00+00:00
1784796480000,150.07,150.17,149.92,149.95,4.83,2026-07-23 08:48:00+00:00
1784796660000,149.93,150.16,149.79,149.92,9.8,2026-07-23 08:51:00+00:00
1784796840000,149.95,150.53,149.87,150.42,13.45,2026-07-23 08:54:00+00:00
1784797020000,150.36,150.46,150.28,150.4,5.55,2026-07-23 08:57:00+00:00
1784797200000,150.48,150.85,150.42,150.85,23.03,2026-07-23 09:00:00+00:00
1784797380000,150.86,150.98,150.51,150.95,5.91,2026-07-23 09:03:00+00:00
1784797560000,150.9,151.04,150.59,150.96,23.67,2026-07-23 09:06:00+00:00
1784797740000,150.89,150.89,149.95,150.11,9.88,2026-07-23 09:09:00+00:00
1784797920000,150.26,150.46,150.05,150.34,8.03,2026-07-23 09:12:00+00:00
1784798100000,150.36,150.43,150.29,150.42,3.76,2026-07-23 09:15:00+00:00
1784798280000,150.48,150.65,150.43,150.65,6.65,2026-07-23 09:18:00+00:00
1784798460000,150.61,150.61,150.38,150.41,7.69,2026-07-23 09:21:00+00:00
1784798640000,150.33,150.43,150.33,150.4,0.65,2026-07-23 09:24:00+00:00
1784798820000,150.36,150.41,150.22,150.35,4.22,2026-07-23 09:27:00+00:00
1784799000000,150.37,150.37,150.07,150.19,5.12,2026-07-23 09:30:00+00:00
1784799180000,150.22,150.39,150.21,150.35,1.54,2026-07-23 09:33:00+00:00
1784799360000,150.24,150.39,150.21,150.33,2.06,2026-07-23 09:36:00+00:00
1784799540000,150.31,150.36,150.01,150.28,10.65,2026-07-23 09:39:00+00:00
1784799720000,150.18,150.46,150.17,150.38,6.5,2026-07-23 09:42:00+00:00
1784799900000,150.46,150.49,150.33,150.49,3.32,2026-07-23 09:45:00+00:00
1784800080000,150.55,150.55,150.45,150.54,0.5,2026-07-23 09:48:00+00:00
1784800260000,150.45,150.65,150.39,150.54,17.61,2026-07-23 09:51:00+00:00
1784800440000,150.63,150.73,150.54,150.6,5.7,2026-07-23 09:54:00+00:00
1784800620000,150.61,150.64,150.39,150.41,7.27,2026-07-23 09:57:00+00:00
1784800800000,150.31,150.4,150.19,150.4,2.28,2026-07-23 10:00:00+00:00
1784800980000,150.39,150.69,150.38,150.69,12.55,2026-07-23 10:03:00+00:00
1784801160000,150.75,150.77,150.38,150.57,9.23,2026-07-23 10:06:00+00:00
1784801340000,150.49,150.62,150.39,150.58,2.32,2026-07-23 10:09:00+00:00
1784801520000,150.52,150.94,150.51,150.94,30.23,2026-07-23 10:12:00+00:00
1784801700000,150.99,151,150.92,150.99,1.45,2026-07-23 10:15:00+00:00
1784801880000,151.09,151.12,150.89,150.94,13.87,2026-07-23 10:18:00+00:00
1784802060000,151.07,151.17,150.97,151.04,5.96,2026-07-23 10:21:00+00:00
1784802240000,151.07,151.12,150.92,151,4.64,2026-07-23 10:24:00+00:00
1784802420000,151.03,151.05,150.93,151.05,2.33,2026-07-23 10:27:00+00:00
1784802600000,150.99,152.14,150.91,151.89,35.49,2026-07-23 10:30:00+00:00
1784802780000,151.96,152.01,151.14,151.45,4.33,2026-07-23 10:33:00+00:00
1784802960000,151.26,151.26,150.58,151.01,27.4,2026-07-23 10:36:00+00:00
1784803140000,151.16,151.55,151.16,151.55,8.3,2026-07-23 10:39:00+00:00
1784803320000,151.44,152,151.44,151.78,12.3,2026-07-23 10:42:00+00:00
1784803500000,151.89,151.89,151.66,151.87,4.11,2026-07-23 10:45:00+00:00
1784803680000,151.78,151.8,151.67,151.76,8.28,2026-07-23 10:48:00+00:00
1784803860000,151.73,151.82,151.67,151.82,3.36,2026-07-23 10:51:00+00:00
1784804040000,151.73,151.73,151.62,151.64,3.22,2026-07-23 10:54:00+00:00
1784804220000,151.64,151.82,151.57,151.59,2.02,2026-07-23 10:57:00+00:00
1784804400000,151.53,151.76,151.53,151.66,2.67,2026-07-23 11:00:00+00:00
1784804580000,151.7,151.81,151.47,151.81,6.8,2026-07-23 11:03:00+00:00
1784804760000,151.8,151.81,151.66,151.78,2.27,2026-07-23 11:06:00+00:00
1784804940000,151.71,152.1,151.71,152.04,5.05,2026-07-23 11:09:00+00:00
1784805120000,151.98,152.38,151.96,152.3,12.34,2026-07-23 11:12:00+00:00
1784805300000,152.36,152.39,152.27,152.34,7.81,2026-07-23 11:15:00+00:00
1784805480000,152.24,152.3,151.4,151.58,50.89,2026-07-23 11:18:00+00:00
1784805660000,151.49,151.67,151.24,151.62,9.28,2026-07-23 11:21:00+00:00
1784805840000,151.5,151.64,151.3,151.34,2.25,2026-07-23 11:24:00+00:00
1784806020000,151.31,151.45,151.09,151.35,3.01,2026-07-23 11:27:00+00:00
1784806200000,151.39,151.43,151.21,151.24,5.11,2026-07-23 11:30:00+00:00
1784806380000,151.3,151.32,151.11,151.11,1.15,2026-07-23 11:33:00+00:00
1784806560000,150.97,151.02,150.8,150.88,4.51,2026-07-23 11:36:00+00:00
1784806740000,150.8,151.03,150.71,150.88,4.07,2026-07-23 11:39:00+00:00
1784806920000,150.78,150.92,150.68,150.68,0.72,2026-07-23 11:42:00+00:00
1784807100000,150.76,150.94,150.76,150.88,11.73,2026-07-23 11:45:00+00:00
1784807280000,150.79,150.87,150.69,150.8,6.38,2026-07-23 11:48:00+00:00
1784807460000,150.82,151.7,150.72,151.7,39.89,2026-07-23 11:51:00+00:00
1784807640000,151.6,152.75,151.53,152.75,85.47,2026-07-23 11:54:00+00:00
1784807820000,152.84,152.96,152.27,152.58,17.4,2026-07-23 11:57:00+00:00
1784808000000,152.45,153.05,152.45,152.79,34.86,2026-07-23 12:00:00+00:00
1784808180000,152.77,153,151.91,151.91,16.7,2026-07-23 12:03:00+00:00
1784808360000,152.04,152.27,151.46,151.54,24.03,2026-07-23 12:06:00+00:00
1784808540000,151.54,151.89,151.54,151.88,7.81,2026-07-23 12:09:00+00:00
1784808720000,151.91,151.95,151.59,151.85,2.69,2026-07-23 12:12:00+00:00
1784808900000,151.69,151.81,151.45,151.48,30.36,2026-07-23 12:15:00+00:00
1784809080000,151.58,151.63,151.45,151.6,14.75,2026-07-23 12:18:00+00:00
1784809260000,151.47,151.6,151.45,151.58,10.26,2026-07-23 12:21:00+00:00
1784809440000,151.45,151.45,150.81,150.98,60.43,2026-07-23 12:24:00+00:00
1784809620000,150.8,151,150.71,150.93,8.13,2026-07-23 12:27:00+00:00
1784809800000,150.9,150.94,150.67,150.77,3.89,2026-07-23 12:30:00+00:00
1784809980000,150.88,150.91,150.22,150.63,17.06,2026-07-23 12:33:00+00:00
1784810160000,150.65,150.65,149.71,150.57,87.69,2026-07-23 12:36:00+00:00
1784810340000,150.6,150.87,149.24,149.53,66.97,2026-07-23 12:39:00+00:00
1784810520000,149.54,150.07,148.99,150.07,51.51,2026-07-23 12:42:00+00:00
1784810700000,150.06,150.34,149.59,150.16,42.77,2026-07-23 12:45:00+00:00
1784810880000,150.24,150.28,150.05,150.28,2.33,2026-07-23 12:48:00+00:00
1784811060000,150.18,150.26,150.07,150.07,2,2026-07-23 12:51:00+00:00
1784811240000,150.14,150.18,150.06,150.18,8.57,2026-07-23 12:54:00+00:00
1784811420000,150.33,150.33,150.14,150.31,4.26,2026-07-23 12:57:00+00:00
1784811600000,150.18,150.32,150.13,150.16,16.58,2026-07-23 13:00:00+00:00
1784811780000,150.13,150.17,149.59,149.72,11.85,2026-07-23 13:03:00+00:00
1784811960000,149.62,150.32,149.6,149.95,23.02,2026-07-23 13:06:00+00:00
1784812140000,149.85,149.95,149.75,149.95,4.2,2026-07-23 13:09:00+00:00
1784812320000,149.78,149.91,149.6,149.75,14.58,2026-07-23 13:12:00+00:00
1784812500000,149.8,149.81,149.59,149.74,12.77,2026-07-23 13:15:00+00:00
1784812680000,149.84,149.84,149.6,149.79,0.63,2026-07-23 13:18:00+00:00
1784812860000,149.83,149.92,149.62,149.62,3.48,2026-07-23 13:21:00+00:00
1784813040000,149.77,149.84,149.59,149.6,16.73,2026-07-23 13:24:00+00:00
1784813220000,149.61,149.81,149.23,149.48,54.56,2026-07-23 13:27:00+00:00
1784813400000,149.59,150.25,149.43,150.14,11.52,2026-07-23 13:30:00+00:00
1784813580000,149.91,150.09,149.8,149.9,0.97,2026-07-23 13:33:00+00:00
1784813760000,150.02,150.44,149.81,150.34,16.67,2026-07-23 13:36:00+00:00
1784813940000,150.39,150.4,150.2,150.28,4.33,2026-07-23 13:39:00+00:00
1784814120000,150.24,150.42,150.13,150.2,2.74,2026-07-23 13:42:00+00:00
1784814300000,150.2,150.24,149.7,149.88,27.81,2026-07-23 13:45:00+00:00
1784814480000,150.17,150.3,149.83,150.3,18.11,2026-07-23 13:48:00+00:00
1784814660000,150.26,150.26,150.16,150.18,0.44,2026-07-23 13:51:00+00:00
1784814840000,150.3,150.42,150.11,150.32,12.35,2026-07-23 13:54:00+00:00
1784815020000,149.95,149.95,149.06,149.3,16.03,2026-07-23 13:57:00+00:00
1784815200000,149.21,149.95,149.14,149.95,16.38,2026-07-23 14:00:00+00:00
1784815380000,150.01,150.11,149.77,149.94,4.8,2026-07-23 14:03:00+00:00
1784815560000,150.13,150.28,149.95,150.19,21.76,2026-07-23 14:06:00+00:00
1784815740000,150.11,150.37,149.95,150.37,4.21,2026-07-23 14:09:00+00:00
1784815920000,150.37,150.42,150.25,150.42,13.2,2026-07-23 14:12:00+00:00
1784816100000,150.27,150.29,150.06,150.13,5.96,2026-07-23 14:15:00+00:00
1784816280000,150.18,150.18,149.95,149.95,0.72,2026-07-23 14:18:00+00:00
1784816460000,149.85,150.14,149.85,150.14,1.89,2026-07-23 14:21:00+00:00
1784816640000,150.1,150.25,149.88,150.16,17.12,2026-07-23 14:24:00+00:00
1784816820000,150.16,150.22,150.16,150.2,3.07,2026-07-23 14:27:00+00:00
1784817000000,150.21,150.22,149.85,149.93,4.5,2026-07-23 14:30:00+00:00
1784817180000,149.67,149.88,149.63,149.67,1.94,2026-07-23 14:33:00+00:00
1784817360000,149.7,150.19,149.7,150.19,6.13,2026-07-23 14:36:00+00:00
1784817540000,150.11,150.22,150.07,150.07,4.66,2026-07-23 14:39:00+00:00
1784817720000,149.78,149.79,149.63,149.71,5.13,2026-07-23 14:42:00+00:00
1784817900000,149.62,149.81,149.55,149.56,7.74,2026-07-23 14:45:00+00:00
1784818080000,149.37,149.48,149.37,149.47,1.07,2026-07-23 14:48:00+00:00
1784818260000,149.5,149.62,148.99,149.07,9.11,2026-07-23 14:51:00+00:00
1784818440000,149.18,149.44,149.08,149.27,6.4,2026-07-23 14:54:00+00:00
1784818620000,149.34,149.53,149.29,149.29,9.08,2026-07-23 14:57:00+00:00
1784818800000,149.38,149.38,149.13,149.24,8.66,2026-07-23 15:00:00+00:00
1784818980000,149.25,149.49,148.89,149.47,61.45,2026-07-23 15:03:00+00:00
1784819160000,149.4,149.55,149.32,149.46,11.46,2026-07-23 15:06:00+00:00
1784819340000,149.42,149.46,149,149,21.98,2026-07-23 15:09:00+00:00
1784819520000,149.13,149.13,148.53,148.84,35.09,2026-07-23 15:12:00+00:00
1784819700000,148.79,148.92,148.78,148.91,0.27,2026-07-23 15:15:00+00:00
1784819880000,148.77,148.93,148.6,148.93,18.03,2026-07-23 15:18:00+00:00
1784820060000,148.91,148.91,148.12,148.24,26.11,2026-07-23 15:21:00+00:00
1784820240000,148.25,148.34,147.8,147.8,55.38,2026-07-23 15:24:00+00:00
1784820420000,147.83,147.89,146.95,146.95,25.31,2026-07-23 15:27:00+00:00
1784820600000,147.13,147.13,146.36,146.61,44.32,2026-07-23 15:30:00+00:00
1784820780000,146.79,147.53,146.79,147.53,12.3,2026-07-23 15:33:00+00:00
1784820960000,147.37,147.45,147.37,147.43,1.33,2026-07-23 15:36:00+00:00
1784821140000,147.44,147.44,147.33,147.33,0.95,2026-07-23 15:39:00+00:00
1784821320000,147.36,147.37,147.11,147.11,0.09,2026-07-23 15:42:00+00:00
1784821500000,147.16,147.16,146.89,146.92,1.7,2026-07-23 15:45:00+00:00
1784821680000,147.14,147.16,146.94,147.16,5.45,2026-07-23 15:48:00+00:00
1784821860000,147.28,147.53,147.17,147.53,9.29,2026-07-23 15:51:00+00:00
1784822040000,147.54,147.77,147.54,147.77,1.35,2026-07-23 15:54:00+00:00
1784822220000,147.8,148.18,147.68,148.18,23.21,2026-07-23 15:57:00+00:00
1784822400000,147.99,147.99,147.45,147.45,6.07,2026-07-23 16:00:00+00:00
1784822580000,147.55,147.81,147.52,147.81,9.25,2026-07-23 16:03:00+00:00
1784822760000,148.02,148.02,147.66,147.92,3.02,2026-07-23 16:06:00+00:00
1784822940000,147.91,147.91,147.76,147.76,0.13,2026-07-23 16:09:00+00:00
1784823120000,147.82,147.82,147.53,147.53,1.67,2026-07-23 16:12:00+00:00
1784823300000,147.51,147.52,147.4,147.47,2.28,2026-07-23 16:15:00+00:00
1784823480000,147.38,147.57,147.16,147.57,8.52,2026-07-23 16:18:00+00:00
1784823660000,147.6,147.72,147.57,147.6,3.85,2026-07-23 16:21:00+00:00
1784823840000,147.54,147.68,147.36,147.42,10.09,2026-07-23 16:24:00+00:00
1784824020000,147.37,147.59,147.37,147.5,0.82,2026-07-23 16:27:00+00:00
1784824200000,147.68,148,147.68,147.87,5.3,2026-07-23 16:30:00+00:00
1784824380000,147.85,147.85,147.33,147.33,2.42,2026-07-23 16:33:00+00:00
1784824560000,147.29,147.35,147.1,147.2,7.39,2026-07-23 16:36:00+00:00
1784824740000,147.3,147.5,147.3,147.34,0.2,2026-07-23 16:39:00+00:00
1784824920000,147.29,147.56,147.23,147.55,0.37,2026-07-23 16:42:00+00:00
1784825100000,147.38,147.38,146.89,146.93,5.52,2026-07-23 16:45:00+00:00
1784825280000,146.98,147.14,146.93,146.93,0.08,2026-07-23 16:48:00+00:00
1784825460000,147.13,147.13,146.99,146.99,0.39,2026-07-23 16:51:00+00:00
1784825640000,147.02,147.02,146.94,146.97,0.69,2026-07-23 16:54:00+00:00
1784825820000,147,147.15,146.86,147.15,11.29,2026-07-23 16:57:00+00:00
1784826000000,146.97,147.36,146.83,147.36,8.91,2026-07-23 17:00:00+00:00
1784826180000,147.13,147.2,146.91,146.91,7.9,2026-07-23 17:03:00+00:00
1784826360000,146.88,147.04,146.8,147.04,0.16,2026-07-23 17:06:00+00:00
1784826540000,146.97,147.33,143.93,144.6,149.94,2026-07-23 17:09:00+00:00
1784826720000,144.58,145.01,144.04,145.01,20.22,2026-07-23 17:12:00+00:00
1784826900000,144.86,145.17,144.79,145.03,7.12,2026-07-23 17:15:00+00:00
1784827080000,145.03,145.61,144.98,145.39,8.91,2026-07-23 17:18:00+00:00
1784827260000,145.36,145.68,145.3,145.36,3.28,2026-07-23 17:21:00+00:00
1784827440000,145.6,145.76,145.32,145.38,3.57,2026-07-23 17:24:00+00:00
1784827620000,145.3,145.45,145.2,145.42,33.88,2026-07-23 17:27:00+00:00
1784827800000,145.4,145.46,144.95,144.95,20.24,2026-07-23 17:30:00+00:00
1784827980000,144.94,144.98,144.67,144.7,31.4,2026-07-23 17:33:00+00:00
1784828160000,144.7,144.82,144.55,144.57,0.77,2026-07-23 17:36:00+00:00
1784828340000,144.72,144.72,144.72,144.72,0.03,2026-07-23 17:39:00+00:00
1784828520000,144.84,144.87,144.8,144.84,0.6,2026-07-23 17:42:00+00:00
1784828700000,144.86,144.86,144.62,144.7,7.53,2026-07-23 17:45:00+00:00
1784828880000,144.76,145,144.62,144.91,5.38,2026-07-23 17:48:00+00:00
1784829060000,144.99,145.12,144.8,144.99,11.23,2026-07-23 17:51:00+00:00
1784829240000,145.03,145.27,144.83,144.83,11.44,2026-07-23 17:54:00+00:00
1784829420000,144.79,144.82,144.71,144.71,7.2,2026-07-23 17:57:00+00:00
1784829600000,144.85,145.01,144.77,144.9,1.24,2026-07-23 18:00:00+00:00
1784829780000,144.92,144.99,144.7,144.9,16.92,2026-07-23 18:03:00+00:00
1784829960000,144.84,145.35,144.84,145.35,14.54,2026-07-23 18:06:00+00:00
1784830140000,145.19,145.39,145.15,145.21,26.68,2026-07-23 18:09:00+00:00
1784830320000,145.08,145.08,144.93,144.94,3.55,2026-07-23 18:12:00+00:00
1784830500000,144.88,145.11,144.88,145.09,2.09,2026-07-23 18:15:00+00:00
1784830680000,144.96,145.11,144.95,145,0.95,2026-07-23 18:18:00+00:00
1784830860000,145.05,145.05,144.83,144.86,5.81,2026-07-23 18:21:00+00:00
1784831040000,145.05,145.05,144.64,144.78,11.25,2026-07-23 18:24:00+00:00
1784831220000,144.85,144.87,144.6,144.81,5.37,2026-07-23 18:27:00+00:00
1784831400000,144.82,144.9,144.82,144.9,2.28,2026-07-23 18:30:00+00:00
1784831580000,144.93,144.93,144.46,144.46,1.12,2026-07-23 18:33:00+00:00
1784831760000,144.44,144.56,144.4,144.47,3.81,2026-07-23 18:36:00+00:00
1784831940000,144.37,144.37,144.21,144.21,0.16,2026-07-23 18:39:00+00:00
1784832120000,144.28,144.53,144.28,144.53,0.02,2026-07-23 18:42:00+00:00
1784832300000,144.47,144.73,144.47,144.62,2.67,2026-07-23 18:45:00+00:00
1784832480000,144.59,144.7,144.42,144.58,10.6,2026-07-23 18:48:00+00:00
1784832660000,144.47,144.66,144.47,144.61,0.91,2026-07-23 18:51:00+00:00
1784832840000,144.61,144.71,144.45,144.62,11.48,2026-07-23 18:54:00+00:00
1784833020000,144.61,144.61,144.39,144.39,2.79,2026-07-23 18:57:00+00:00
1784833200000,144.4,144.51,144.2,144.2,3.5,2026-07-23 19:00:00+00:00
1784833380000,144.15,144.22,144.11,144.2,2.37,2026-07-23 19:03:00+00:00
1784833560000,144.1,144.12,144.08,144.12,0.14,2026-07-23 19:06:00+00:00
1784833740000,144.11,144.21,144.09,144.09,2.75,2026-07-23 19:09:00+00:00
1784833920000,144.14,144.14,144.06,144.12,0.82,2026-07-23 19:12:00+00:00
1784834100000,144.14,144.15,144.09,144.1,4.2,2026-07-23 19:15:00+00:00
1784834280000,144.04,144.26,144.04,144.08,8.53,2026-07-23 19:18:00+00:00
1784834460000,144.11,144.26,144.11,144.26,2.21,2026-07-23 19:21:00+00:00
1784834640000,144.3,144.35,144.19,144.23,3.38,2026-07-23 19:24:00+00:00
1784834820000,144.28,144.28,144.19,144.25,0.54,2026-07-23 19:27:00+00:00
1784835000000,144.3,144.3,144.21,144.25,0.3,2026-07-23 19:30:00+00:00
1784835180000,144.18,144.24,144.18,144.2,0.55,2026-07-23 19:33:00+00:00
1784835360000,144.22,144.25,144.22,144.23,0.25,2026-07-23 19:36:00+00:00
1784835540000,144.16,144.22,144.08,144.12,8.6,2026-07-23 19:39:00+00:00
1784835720000,144.2,144.22,144.08,144.17,3.6,2026-07-23 19:42:00+00:00
1784835900000,144.13,144.13,144.06,144.06,1.09,2026-07-23 19:45:00+00:00
1784836080000,144.07,144.18,144.06,144.11,0.99,2026-07-23 19:48:00+00:00
1784836260000,144.1,144.16,144.1,144.12,1.74,2026-07-23 19:51:00+00:00
1784836440000,144.15,144.21,144.11,144.21,5.93,2026-07-23 19:54:00+00:00
1784836620000,144.16,144.98,144.16,144.47,25.8,2026-07-23 19:57:00+00:00
1784836800000,144.39,144.59,144.27,144.53,3.82,2026-07-23 20:00:00+00:00
1784836980000,144.66,144.66,144.66,144.66,0.26,2026-07-23 20:03:00+00:00
1784837160000,144.79,145.05,144.75,145,2.3,2026-07-23 20:06:00+00:00
1784837340000,144.97,145.15,144.97,145.07,12.18,2026-07-23 20:09:00+00:00
1784837520000,145.02,145.12,144.89,144.9,3.69,2026-07-23 20:12:00+00:00
1784837700000,144.99,145.23,144.95,145.07,5.39,2026-07-23 20:15:00+00:00
1784837880000,145.27,145.27,145.2,145.2,0.67,2026-07-23 20:18:00+00:00
1784838060000,145.13,145.14,145.07,145.09,0.67,2026-07-23 20:21:00+00:00
1784838240000,145.07,145.15,145.06,145.14,2.71,2026-07-23 20:24:00+00:00
1784838420000,145.07,146.33,145.07,146.16,11.78,2026-07-23 20:27:00+00:00
1784838600000,145.83,145.95,145.43,145.43,5.49,2026-07-23 20:30:00+00:00
1784838780000,145.41,145.49,145.4,145.49,0.09,2026-07-23 20:33:00+00:00
1784838960000,145.5,145.5,145.33,145.39,14.6,2026-07-23 20:36:00+00:00
1784839140000,145.4,145.4,145.21,145.22,16.33,2026-07-23 20:39:00+00:00
1784839320000,145.18,145.2,145.09,145.14,0.97,2026-07-23 20:42:00+00:00
1784839500000,145.11,145.2,145.09,145.12,0.24,2026-07-23 20:45:00+00:00
1784839680000,145.18,145.2,145.07,145.07,0.18,2026-07-23 20:48:00+00:00
1784839860000,145.09,145.44,145.09,145.35,4.9,2026-07-23 20:51:00+00:00
1784840040000,145.41,145.66,145.41,145.42,1.02,2026-07-23 20:54:00+00:00
1784840220000,145.38,145.38,145.3,145.38,1.1,2026-07-23 20:57:00+00:00
1784840400000,145.28,145.57,145.22,145.57,4.22,2026-07-23 21:00:00+00:00
1784840580000,145.62,145.92,145.62,145.92,1.5,2026-07-23 21:03:00+00:00
1784840760000,145.78,145.81,145.63,145.63,0.5,2026-07-23 21:06:00+00:00
1784840940000,145.66,145.69,145.43,145.47,9.42,2026-07-23 21:09:00+00:00
1784841120000,145.34,145.45,145.28,145.45,1.46,2026-07-23 21:12:00+00:00
1784841300000,145.65,145.65,145.5,145.5,0.8,2026-07-23 21:15:00+00:00
1784841480000,145.33,145.33,145.29,145.29,0.83,2026-07-23 21:18:00+00:00
1784841660000,145.41,145.57,145.29,145.29,2.05,2026-07-23 21:21:00+00:00
1784841840000,145.29,145.29,145.29,145.29,0,2026-07-23 21:24:00+00:00
1784842020000,145.13,145.13,145.12,145.12,0.07,2026-07-23 21:27:00+00:00
1784842200000,144.86,144.86,144.86,144.86,0.06,2026-07-23 21:30:00+00:00
1784842380000,145,145.04,144.94,144.95,5.79,2026-07-23 21:33:00+00:00
1784842560000,145.02,145.13,144.97,145.07,4.74,2026-07-23 21:36:00+00:00
1784842740000,145.03,145.1,144.97,145,0.53,2026-07-23 21:39:00+00:00
1784842920000,145.01,145.01,145.01,145.01,0.01,2026-07-23 21:42:00+00:00
1784843100000,145.01,145.01,145.01,145.01,0,2026-07-23 21:45:00+00:00
1784843280000,145.01,145.01,145.01,145.01,0,2026-07-23 21:48:00+00:00
1784843460000,144.96,144.96,144.2,144.2,6.81,2026-07-23 21:51:00+00:00
1784843640000,144.26,145.47,144.26,145.47,9.44,2026-07-23 21:54:00+00:00
1784843820000,145.13,145.72,145.05,145.72,3.26,2026-07-23 21:57:00+00:00
1784844000000,145.65,146.45,145.51,146.45,5.98,2026-07-23 22:00:00+00:00
1784844180000,146.08,146.93,145.81,146.41,3.38,2026-07-23 22:03:00+00:00
1784844360000,146.28,146.28,145.4,145.4,4.79,2026-07-23 22:06:00+00:00
1784844540000,145.47,145.47,145.31,145.31,0.61,2026-07-23 22:09:00+00:00
1784844720000,145.12,145.12,144.4,144.4,8.2,2026-07-23 22:12:00+00:00
1784844900000,144.49,145.12,144.36,144.93,11.22,2026-07-23 22:15:00+00:00
1784845080000,144.92,144.98,144.68,144.98,2.39,2026-07-23 22:18:00+00:00
1784845260000,144.99,145.14,144.96,144.99,0.6,2026-07-23 22:21:00+00:00
1784845440000,144.99,144.99,144.99,144.99,0,2026-07-23 22:24:00+00:00
1784845620000,144.79,144.79,144.76,144.76,0.16,2026-07-23 22:27:00+00:00
1784845800000,144.77,144.86,144.61,144.61,0.19,2026-07-23 22:30:00+00:00
1784845980000,144.61,144.61,144.61,144.61,0,2026-07-23 22:33:00+00:00
1784846160000,144.61,144.61,144.61,144.61,0,2026-07-23 22:36:00+00:00
1784846340000,144.51,144.51,144.51,144.51,0.02,2026-07-23 22:39:00+00:00
1784846520000,144.54,144.54,144.51,144.51,7.2,2026-07-23 22:42:00+00:00
1784846700000,144.53,144.64,144.52,144.6,0.77,2026-07-23 22:45:00+00:00
1784846880000,144.56,144.56,144.51,144.51,3.01,2026-07-23 22:48:00+00:00
1784847060000,144.51,144.51,144.23,144.28,0.67,2026-07-23 22:51:00+00:00
1784847240000,144.4,144.45,144.4,144.45,0.05,2026-07-23 22:54:00+00:00
1784847420000,144.36,144.51,144.36,144.39,4.06,2026-07-23 22:57:00+00:00
1784847600000,144.28,144.28,144.22,144.22,0.04,2026-07-23 23:00:00+00:00
1784847780000,144.23,144.24,144.19,144.19,0.53,2026-07-23 23:03:00+00:00
1784847960000,144.15,145.09,144.13,144.63,21.76,2026-07-23 23:06:00+00:00
1784848140000,144.62,144.65,144.59,144.61,0.51,2026-07-23 23:09:00+00:00
1784848320000,144.48,144.48,144.48,144.48,0.02,2026-07-23 23:12:00+00:00
1784848500000,144.49,144.69,144.49,144.69,1.04,2026-07-23 23:15:00+00:00
1784848680000,144.49,144.76,144.49,144.76,0.07,2026-07-23 23:18:00+00:00
1784848860000,144.74,144.74,144.74,144.74,0.01,2026-07-23 23:21:00+00:00
1784849040000,144.61,144.72,144.61,144.72,2,2026-07-23 23:24:00+00:00
1784849220000,144.57,145.02,144.57,144.78,4.49,2026-07-23 23:27:00+00:00
1784849400000,144.84,144.84,144.72,144.72,0.07,2026-07-23 23:30:00+00:00
1784849580000,144.88,144.96,144.76,144.77,0.71,2026-07-23 23:33:00+00:00
1784849760000,144.75,144.76,144.57,144.67,0.52,2026-07-23 23:36:00+00:00
1784849940000,144.56,144.56,144.56,144.56,0.04,2026-07-23 23:39:00+00:00
1784850120000,144.61,144.83,144.61,144.83,0.07,2026-07-23 23:42:00+00:00
1784850300000,144.79,144.79,144.79,144.79,0.01,2026-07-23 23:45:00+00:00
1784850480000,144.86,144.87,144.83,144.85,0.06,2026-07-23 23:48:00+00:00
1784850660000,145.08,145.39,145.08,145.39,6.84,2026-07-23 23:51:00+00:00
1784850840000,145.39,145.4,145.3,145.39,10.36,2026-07-23 23:54:00+00:00
1784851020000,145.44,145.87,145.44,145.58,29.32,2026-07-23 23:57:00+00:00
1784851200000,145.77,146.59,145.6,145.6,33.7,2026-07-24 00:00:00+00:00
1784851380000,145.61,145.8,145.13,145.53,17.09,2026-07-24 00:03:00+00:00
1784851560000,145.42,145.57,145.28,145.36,0.71,2026-07-24 00:06:00+00:00
1784851740000,145.49,145.49,145.32,145.32,0.21,2026-07-24 00:09:00+00:00
1784851920000,145.12,145.13,144.99,145,0.39,2026-07-24 00:12:00+00:00
1784852100000,144.9,144.9,144.57,144.75,0.6,2026-07-24 00:15:00+00:00
1784852280000,144.72,144.87,144.72,144.87,0.04,2026-07-24 00:18:00+00:00
1784852460000,145.01,145.19,145.01,145.19,3.92,2026-07-24 00:21:00+00:00
1784852640000,145.26,145.26,144.97,144.97,0.44,2026-07-24 00:24:00+00:00
1784852820000,144.83,144.83,144.4,144.42,33.13,2026-07-24 00:27:00+00:00
1784853000000,144.58,144.58,144.5,144.5,0.93,2026-07-24 00:30:00+00:00
1784853180000,144.51,144.67,144.46,144.6,2.64,2026-07-24 00:33:00+00:00
1784853360000,144.45,144.45,144.37,144.37,0.15,2026-07-24 00:36:00+00:00
1784853540000,144.25,144.31,144.18,144.18,1.87,2026-07-24 00:39:00+00:00
1784853720000,144.15,144.18,144,144,1.37,2026-07-24 00:42:00+00:00
1784853900000,144,144,143.27,143.6,129.51,2026-07-24 00:45:00+00:00
1784854080000,143.81,144.15,143.81,143.98,0.95,2026-07-24 00:48:00+00:00
1784854260000,144.01,144.01,143.92,143.92,1.01,2026-07-24 00:51:00+00:00
1784854440000,143.96,144.19,143.96,144.19,0.05,2026-07-24 00:54:00+00:00
1784854620000,144.2,144.43,144.2,144.31,1.2,2026-07-24 00:57:00+00:00
1784854800000,144.45,144.46,144.06,144.25,1.86,2026-07-24 01:00:00+00:00
1784854980000,144.19,144.5,144.19,144.45,5.53,2026-07-24 01:03:00+00:00
1784855160000,144.49,144.92,144.39,144.92,1.38,2026-07-24 01:06:00+00:00
1784855340000,144.94,144.94,144.26,144.58,3.72,2026-07-24 01:09:00+00:00
1784855520000,144.27,144.31,143.93,143.93,16.18,2026-07-24 01:12:00+00:00
1784855700000,143.94,144.02,143.9,143.9,1.8,2026-07-24 01:15:00+00:00
1784855880000,144.02,145.12,144.02,144.79,9.51,2026-07-24 01:18:00+00:00
1784856060000,144.5,144.52,144.2,144.25,4.07,2026-07-24 01:21:00+00:00
1784856240000,144.42,144.68,144.42,144.68,0.58,2026-07-24 01:24:00+00:00
1784856420000,144.7,144.7,144.04,144.04,3.47,2026-07-24 01:27:00+00:00
1784856600000,143.86,144.68,143.86,144.16,5.9,2026-07-24 01:30:00+00:00
1784856780000,144.16,145.76,143.71,144.87,237.85,2026-07-24 01:33:00+00:00
1784856960000,145.11,148.92,144.94,147.94,725.5,2026-07-24 01:36:00+00:00
1784857140000,148.08,150.01,147.13,149.11,462.42,2026-07-24 01:39:00+00:00
1784857320000,148.95,151.4,148.95,150.96,151.95,2026-07-24 01:42:00+00:00
1784857500000,151.19,152.55,150.92,151,212.68,2026-07-24 01:45:00+00:00
1784857680000,151.22,152.12,150.72,151.47,67.15,2026-07-24 01:48:00+00:00
1784857860000,151.57,154.54,151.57,154.05,615.6,2026-07-24 01:51:00+00:00
1784858040000,154.35,157.87,153.85,157.44,758.21,2026-07-24 01:54:00+00:00
1784858220000,157.28,163.39,156.71,162.62,1274.86,2026-07-24 01:57:00+00:00
1784858400000,162.62,163.63,160.5,161.79,679.15,2026-07-24 02:00:00+00:00
1784858580000,161.59,161.96,157.67,157.72,328.62,2026-07-24 02:03:00+00:00
1784858760000,157.8,162.37,157.58,161.64,137.34,2026-07-24 02:06:00+00:00
1784858940000,161.85,162.95,159.67,159.98,356.59,2026-07-24 02:09:00+00:00
1784859120000,160.08,161.36,159.03,159.88,255.99,2026-07-24 02:12:00+00:00
1784859300000,159.76,161.58,159.09,159.42,523.66,2026-07-24 02:15:00+00:00
1784859480000,159.41,160.97,159.19,160.8,78.23,2026-07-24 02:18:00+00:00
1784859660000,160.8,160.81,159.07,160.04,219.6,2026-07-24 02:21:00+00:00
1784859840000,160.39,161.21,160.1,160.47,210.13,2026-07-24 02:24:00+00:00
1784860020000,160.55,161.07,159.79,159.79,104.17,2026-07-24 02:27:00+00:00
1784860200000,159.8,160.35,157.87,158.48,257.34,2026-07-24 02:30:00+00:00
1784860380000,158.66,159.65,157.45,159.65,242.19,2026-07-24 02:33:00+00:00
1784860560000,159.33,159.9,158.4,159.23,261.39,2026-07-24 02:36:00+00:00
1784860740000,159.31,159.51,157.61,159.11,228.05,2026-07-24 02:39:00+00:00
1784860920000,158.84,159.34,157.91,159.02,221.98,2026-07-24 02:42:00+00:00
1784861100000,159.04,160.92,158.54,160.58,89.3,2026-07-24 02:45:00+00:00
1784861280000,160.66,160.66,159.18,159.47,34.42,2026-07-24 02:48:00+00:00
1784861460000,159.41,160.37,158.97,159.75,184.84,2026-07-24 02:51:00+00:00
1784861640000,159.77,160.6,159.55,160.29,29.31,2026-07-24 02:54:00+00:00
1784861820000,160.27,160.31,158.73,159.13,85.5,2026-07-24 02:57:00+00:00
1784862000000,159.13,159.24,158.25,158.69,82.7,2026-07-24 03:00:00+00:00
1784862180000,158.84,159.1,158.3,158.61,17.88,2026-07-24 03:03:00+00:00
1784862360000,158.77,159.69,158.77,158.82,75.09,2026-07-24 03:06:00+00:00
1784862540000,158.88,158.9,158.14,158.15,83.67,2026-07-24 03:09:00+00:00
1784862720000,158.3,159.23,158.2,159.03,25.09,2026-07-24 03:12:00+00:00
1784862900000,158.94,159.18,158.55,158.55,46.24,2026-07-24 03:15:00+00:00
1784863080000,158.77,158.8,158,158.48,53.75,2026-07-24 03:18:00+00:00
1784863260000,158.4,158.52,157.39,157.55,151.41,2026-07-24 03:21:00+00:00
1784863440000,157.53,157.53,155.87,156.35,176.59,2026-07-24 03:24:00+00:00
1784863620000,156.4,158.07,156.15,158.07,51.53,2026-07-24 03:27:00+00:00
1784863800000,158.12,159.59,158.12,158.68,70.78,2026-07-24 03:30:00+00:00
1784863980000,158.67,159.02,158.3,158.48,25.49,2026-07-24 03:33:00+00:00
1784864160000,158.53,158.9,158.32,158.5,36.07,2026-07-24 03:36:00+00:00
1784864340000,158.65,161.59,158.46,160.87,159.65,2026-07-24 03:39:00+00:00
1784864520000,160.92,161.12,159.85,160.62,16.8,2026-07-24 03:42:00+00:00
1784864700000,160.65,161.01,160.65,160.69,14.94,2026-07-24 03:45:00+00:00
1784864880000,160.87,160.88,160.47,160.75,58.72,2026-07-24 03:48:00+00:00
1784865060000,160.87,161.7,160.51,161.14,67.53,2026-07-24 03:51:00+00:00
1784865240000,161.44,161.54,161.05,161.06,14.4,2026-07-24 03:54:00+00:00
1784865420000,161.19,161.27,159.74,159.83,65.18,2026-07-24 03:57:00+00:00
1784865600000,159.86,160.02,159.18,159.39,21.87,2026-07-24 04:00:00+00:00
1784865780000,159.4,159.49,158.84,159.21,25.71,2026-07-24 04:03:00+00:00
1784865960000,159.31,159.33,159.12,159.16,2.83,2026-07-24 04:06:00+00:00
1784866140000,159.16,159.16,158.49,158.71,13.78,2026-07-24 04:09:00+00:00
1784866320000,158.76,159.27,158.68,158.97,35.02,2026-07-24 04:12:00+00:00
1784866500000,158.9,159.63,158.86,159.34,19.04,2026-07-24 04:15:00+00:00
1784866680000,159.35,159.36,158.92,158.94,6.07,2026-07-24 04:18:00+00:00
1784866860000,158.86,159.39,158.65,159.38,39.51,2026-07-24 04:21:00+00:00
1784867040000,159.48,159.51,158.94,158.95,16.5,2026-07-24 04:24:00+00:00
1784867220000,158.89,158.91,158.76,158.83,4.72,2026-07-24 04:27:00+00:00
1784867400000,158.93,159.43,158.93,159.15,8.1,2026-07-24 04:30:00+00:00
1784867580000,159.2,159.36,159.04,159.1,4.92,2026-07-24 04:33:00+00:00
1784867760000,158.98,159.02,158.65,158.75,17.34,2026-07-24 04:36:00+00:00
1784867940000,158.66,158.81,158.51,158.53,4.69,2026-07-24 04:39:00+00:00
1784868120000,158.46,158.66,158.32,158.49,29.69,2026-07-24 04:42:00+00:00
1784868300000,158.59,158.7,158.57,158.7,4.83,2026-07-24 04:45:00+00:00
1784868480000,158.54,158.69,158.33,158.6,3.65,2026-07-24 04:48:00+00:00
1784868660000,158.62,158.73,158.58,158.65,2.14,2026-07-24 04:51:00+00:00
1784868840000,158.7,158.75,158.39,158.68,18.27,2026-07-24 04:54:00+00:00
1784869020000,158.68,158.87,158.68,158.87,0.86,2026-07-24 04:57:00+00:00
1784869200000,158.93,161.46,158.93,161.3,95.06,2026-07-24 05:00:00+00:00
1784869380000,160.92,160.95,160.21,160.27,11.68,2026-07-24 05:03:00+00:00
1784869560000,160.31,162.61,160.11,162.16,147.02,2026-07-24 05:06:00+00:00
1784869740000,162.12,163.45,162.04,162.98,95.67,2026-07-24 05:09:00+00:00
1784869920000,162.85,163,160.95,161.67,115.38,2026-07-24 05:12:00+00:00
1784870100000,161.6,162.13,159.93,160.39,30.42,2026-07-24 05:15:00+00:00
1784870280000,160.92,160.96,159.99,160.64,14.98,2026-07-24 05:18:00+00:00
1784870460000,160.69,161.18,159.94,160.39,65.83,2026-07-24 05:21:00+00:00
1784870640000,160.43,160.72,159.43,159.8,57.69,2026-07-24 05:24:00+00:00
1784870820000,159.83,160.37,159.75,160.33,17.97,2026-07-24 05:27:00+00:00
1784871000000,160.38,160.38,158.93,158.93,78.71,2026-07-24 05:30:00+00:00
1784871180000,159.01,159.22,158.11,158.65,85.43,2026-07-24 05:33:00+00:00
1784871360000,158.53,159.15,158.45,159.15,30.65,2026-07-24 05:36:00+00:00
1784871540000,159.19,159.31,158.93,159.05,15.45,2026-07-24 05:39:00+00:00
1784871720000,159.17,159.31,158.58,159.08,7.27,2026-07-24 05:42:00+00:00
1784871900000,159.1,159.32,158.66,159.18,4.85,2026-07-24 05:45:00+00:00
1784872080000,159.16,160.75,159,159.67,104.18,2026-07-24 05:48:00+00:00
1784872260000,159.62,159.87,158.84,158.84,1.11,2026-07-24 05:51:00+00:00
1784872440000,158.87,159.73,158.55,159.29,31.57,2026-07-24 05:54:00+00:00
1784872620000,159.29,159.4,158.44,158.44,1.75,2026-07-24 05:57:00+00:00
1784872800000,158.59,158.98,158.44,158.98,23.41,2026-07-24 06:00:00+00:00
1784872980000,158.96,159.09,158.84,158.9,7.45,2026-07-24 06:03:00+00:00
1784873160000,158.91,159.05,158.66,159.01,7.71,2026-07-24 06:06:00+00:00
1784873340000,158.92,158.98,158.6,158.76,12.53,2026-07-24 06:09:00+00:00
1784873520000,158.8,159.22,158.58,159.06,26.16,2026-07-24 06:12:00+00:00
1784873700000,159.31,160.11,159.31,160.03,30.55,2026-07-24 06:15:00+00:00
1784873880000,159.99,160.19,159.71,159.87,11.3,2026-07-24 06:18:00+00:00
1784874060000,159.81,160.23,159.75,159.83,3.44,2026-07-24 06:21:00+00:00
1784874240000,159.83,160.11,159.67,159.93,40.92,2026-07-24 06:24:00+00:00
1784874420000,160.03,160.27,160.03,160.13,0.56,2026-07-24 06:27:00+00:00
1784874600000,160.13,160.51,158.84,158.84,84.42,2026-07-24 06:30:00+00:00
1784874780000,158.73,158.96,158.25,158.86,17.39,2026-07-24 06:33:00+00:00
1784874960000,158.7,158.9,157.37,157.6,40.45,2026-07-24 06:36:00+00:00
1784875140000,157.49,157.96,156.79,156.95,54.42,2026-07-24 06:39:00+00:00
1784875320000,157.05,158.27,157.05,157.77,29.76,2026-07-24 06:42:00+00:00
1784875500000,157.76,158.8,157.59,158.25,34.35,2026-07-24 06:45:00+00:00
1784875680000,158.14,158.26,157.77,157.81,1.79,2026-07-24 06:48:00+00:00
1784875860000,157.89,158.86,157.76,158.1,29.03,2026-07-24 06:51:00+00:00
1784876040000,158.1,158.43,157.92,158.09,41.27,2026-07-24 06:54:00+00:00
1784876220000,158.08,158.08,156.14,156.14,53.46,2026-07-24 06:57:00+00:00
1784876400000,156.26,156.89,155.56,156.89,151.66,2026-07-24 07:00:00+00:00
1784876580000,156.85,157.14,155.98,156.14,40.27,2026-07-24 07:03:00+00:00
1784876760000,156.19,158.09,156.14,157.76,21.06,2026-07-24 07:06:00+00:00
1784876940000,157.87,158.54,157.66,157.94,26.91,2026-07-24 07:09:00+00:00
1784877120000,157.92,158.49,157.89,158.37,24.85,2026-07-24 07:12:00+00:00
1784877300000,158.3,158.48,157.18,157.76,107.19,2026-07-24 07:15:00+00:00
1784877480000,157.73,157.74,157.12,157.12,14.1,2026-07-24 07:18:00+00:00
1784877660000,157.11,157.73,156.89,157.73,11.52,2026-07-24 07:21:00+00:00
1784877840000,157.72,157.74,157.23,157.52,26.98,2026-07-24 07:24:00+00:00
1784878020000,157.59,158.15,157.44,158.01,11.12,2026-07-24 07:27:00+00:00
1784878200000,157.94,158.08,157.55,157.55,9.81,2026-07-24 07:30:00+00:00
1784878380000,157.66,157.71,156.89,156.89,1.91,2026-07-24 07:33:00+00:00
1784878560000,156.82,157.37,156.55,156.56,1.08,2026-07-24 07:36:00+00:00
1784878740000,156.62,156.96,156.46,156.58,26.19,2026-07-24 07:39:00+00:00
1784878920000,156.65,156.95,156.4,156.8,2.81,2026-07-24 07:42:00+00:00
1784879100000,156.6,156.99,156.47,156.66,41.51,2026-07-24 07:45:00+00:00
1784879280000,156.5,157.21,156.5,157.15,52.66,2026-07-24 07:48:00+00:00
1784879460000,157.37,157.48,156.91,157.37,49.67,2026-07-24 07:51:00+00:00
1784879640000,157.06,157.26,156.85,157.06,3.71,2026-07-24 07:54:00+00:00
1784879820000,156.85,157.69,156.85,157.69,4.83,2026-07-24 07:57:00+00:00
1784880000000,157.37,157.5,157.22,157.22,1.77,2026-07-24 08:00:00+00:00
1784880180000,157.37,157.69,157.37,157.69,7.97,2026-07-24 08:03:00+00:00
1784880360000,157.74,157.82,157.33,157.33,5.38,2026-07-24 08:06:00+00:00
1784880540000,157.35,157.42,157.32,157.42,1.05,2026-07-24 08:09:00+00:00
1784880720000,157.64,157.64,157.32,157.49,0.21,2026-07-24 08:12:00+00:00
1784880900000,157.45,157.45,157.26,157.42,1.83,2026-07-24 08:15:00+00:00
1784881080000,157.33,157.33,156.59,157.08,24.21,2026-07-24 08:18:00+00:00
1784881260000,157.25,157.28,157.22,157.28,0.05,2026-07-24 08:21:00+00:00
1784881440000,157.2,157.45,157.2,157.45,4.82,2026-07-24 08:24:00+00:00
1784881620000,157.46,157.59,157.46,157.57,16.53,2026-07-24 08:27:00+00:00
1784881800000,157.52,157.74,157.51,157.7,5.58,2026-07-24 08:30:00+00:00
1784881980000,157.79,157.8,157.76,157.76,3.91,2026-07-24 08:33:00+00:00
1784882160000,158,158.05,157.82,157.82,21.05,2026-07-24 08:36:00+00:00
1784882340000,157.91,157.91,157.51,157.61,9.64,2026-07-24 08:39:00+00:00
1784882520000,157.69,158.34,157.69,158.34,42.01,2026-07-24 08:42:00+00:00
1784882700000,158.38,158.65,158.16,158.51,31.29,2026-07-24 08:45:00+00:00
1784882880000,158.51,158.51,158.48,158.48,5.36,2026-07-24 08:48:00+00:00
1784883060000,158.53,158.55,158.45,158.45,3.71,2026-07-24 08:51:00+00:00
1784883240000,158.55,158.62,158.33,158.33,13.03,2026-07-24 08:54:00+00:00
1784883420000,158.47,158.59,158.38,158.39,0.72,2026-07-24 08:57:00+00:00
1784883600000,158.4,158.51,158.4,158.5,6.26,2026-07-24 09:00:00+00:00
1784883780000,158.53,158.63,158.42,158.48,3.45,2026-07-24 09:03:00+00:00
1784883960000,158.42,158.65,158.42,158.57,8.71,2026-07-24 09:06:00+00:00
1784884140000,158.56,159.31,158.49,159.31,4.25,2026-07-24 09:09:00+00:00
1784884320000,159.23,159.45,159.18,159.45,4.38,2026-07-24 09:12:00+00:00
1784884500000,159.56,159.6,159.45,159.45,5.63,2026-07-24 09:15:00+00:00
1784884680000,159.37,159.46,159.16,159.25,4.57,2026-07-24 09:18:00+00:00
1784884860000,159.46,159.78,159.21,159.68,9.53,2026-07-24 09:21:00+00:00
1784885040000,159.65,159.75,159.56,159.61,0.14,2026-07-24 09:24:00+00:00
1784885220000,159.6,159.6,159.46,159.58,9.38,2026-07-24 09:27:00+00:00
1784885400000,159.46,159.54,159.34,159.34,0.22,2026-07-24 09:30:00+00:00
1784885580000,159.35,159.52,159.24,159.41,9.72,2026-07-24 09:33:00+00:00
1784885760000,159.42,159.48,159.35,159.35,1.65,2026-07-24 09:36:00+00:00
1784885940000,159.28,159.48,159.28,159.48,1.34,2026-07-24 09:39:00+00:00
1784886120000,159.39,159.47,159.35,159.36,4.61,2026-07-24 09:42:00+00:00
1784886300000,159.47,159.49,159.33,159.39,2.62,2026-07-24 09:45:00+00:00
1784886480000,159.49,159.54,159.48,159.52,0.65,2026-07-24 09:48:00+00:00
1784886660000,159.42,160.1,159.29,160.1,24.51,2026-07-24 09:51:00+00:00
1784886840000,160.08,160.26,159.58,159.58,2.88,2026-07-24 09:54:00+00:00
1784887020000,159.8,160,159.79,159.85,30.07,2026-07-24 09:57:00+00:00
1784887200000,159.86,159.94,159.81,159.9,1.82,2026-07-24 10:00:00+00:00
1784887380000,159.88,159.9,159.88,159.89,5.28,2026-07-24 10:03:00+00:00
1784887560000,159.94,160.15,159.94,160.15,3.63,2026-07-24 10:06:00+00:00
1784887740000,160.17,160.38,159.77,159.77,60.08,2026-07-24 10:09:00+00:00
1784887920000,159.63,160.19,159.62,160.14,9.66,2026-07-24 10:12:00+00:00
1784888100000,159.88,159.88,159.78,159.88,4.08,2026-07-24 10:15:00+00:00
1784888280000,160.03,160.03,159.75,159.75,6.47,2026-07-24 10:18:00+00:00
1784888460000,159.71,159.74,159.68,159.71,0.22,2026-07-24 10:21:00+00:00
1784888640000,159.81,159.81,159.75,159.75,0.31,2026-07-24 10:24:00+00:00
1784888820000,159.75,159.75,159.44,159.44,2.24,2026-07-24 10:27:00+00:00
1784889000000,159.52,159.62,159.41,159.62,7.04,2026-07-24 10:30:00+00:00
1784889180000,159.64,159.65,159.57,159.57,2.86,2026-07-24 10:33:00+00:00
1784889360000,159.48,159.48,159.15,159.37,1.62,2026-07-24 10:36:00+00:00
1784889540000,159.15,159.26,159.15,159.22,0.23,2026-07-24 10:39:00+00:00
1784889720000,159.26,159.55,159.26,159.55,1.52,2026-07-24 10:42:00+00:00
1784889900000,159.48,159.51,159.48,159.51,0.04,2026-07-24 10:45:00+00:00
1784890080000,159.29,159.34,159.17,159.34,4.71,2026-07-24 10:48:00+00:00
1784890260000,159.06,159.07,158.86,159.07,2.16,2026-07-24 10:51:00+00:00
1784890440000,158.76,158.81,158.76,158.81,0.32,2026-07-24 10:54:00+00:00
1784890620000,158.77,158.77,158.77,158.77,0.01,2026-07-24 10:57:00+00:00
1784890800000,158.86,159.05,158.86,159.05,5.5,2026-07-24 11:00:00+00:00
1784890980000,159.07,159.08,159.07,159.08,2.64,2026-07-24 11:03:00+00:00
1784891160000,159.07,159.07,158.37,158.37,2.7,2026-07-24 11:06:00+00:00
1784891340000,158.36,158.36,156.49,156.89,61.78,2026-07-24 11:09:00+00:00
1784891520000,156.91,157.06,156.63,156.63,6.77,2026-07-24 11:12:00+00:00
1784891700000,156.69,157.61,156.69,157.61,17.02,2026-07-24 11:15:00+00:00
1784891880000,157.21,157.44,157.21,157.44,0.4,2026-07-24 11:18:00+00:00
1784892060000,157.28,157.77,157.28,157.64,1.55,2026-07-24 11:21:00+00:00
1784892240000,157.7,157.79,157.53,157.57,6.98,2026-07-24 11:24:00+00:00
1784892420000,157.49,157.7,157.49,157.7,0.86,2026-07-24 11:27:00+00:00
1784892600000,157.62,157.62,157.46,157.54,4.96,2026-07-24 11:30:00+00:00
1784892780000,157.54,157.74,157.54,157.74,4.02,2026-07-24 11:33:00+00:00
1784892960000,157.68,157.68,157.67,157.67,0.09,2026-07-24 11:36:00+00:00
1784893140000,157.67,157.67,157.5,157.5,0.02,2026-07-24 11:39:00+00:00
1784893320000,157.51,157.51,157.45,157.48,0.86,2026-07-24 11:42:00+00:00
1784893500000,157.37,157.37,157.17,157.17,20.12,2026-07-24 11:45:00+00:00
1784893680000,157.15,157.28,157.15,157.27,1,2026-07-24 11:48:00+00:00
1784893860000,157.26,157.47,157.26,157.47,4.58,2026-07-24 11:51:00+00:00
1784894040000,157.5,157.52,157.3,157.42,4.39,2026-07-24 11:54:00+00:00
1784894220000,157.25,157.32,157.25,157.31,0.41,2026-07-24 11:57:00+00:00
1784894400000,157.49,157.54,157.43,157.46,6.28,2026-07-24 12:00:00+00:00
1784894580000,157.42,157.83,157.42,157.78,7.59,2026-07-24 12:03:00+00:00
1784894760000,157.74,157.81,157.74,157.81,0.02,2026-07-24 12:06:00+00:00
1784894940000,157.69,157.9,157.57,157.9,1.15,2026-07-24 12:09:00+00:00
1784895120000,157.93,158.85,157.93,158.85,26.12,2026-07-24 12:12:00+00:00
1784895300000,158.9,158.9,158.57,158.73,5.61,2026-07-24 12:15:00+00:00
1784895480000,158.59,158.74,158.58,158.74,1.17,2026-07-24 12:18:00+00:00
1784895660000,158.78,158.82,158.7,158.78,0.22,2026-07-24 12:21:00+00:00
1784895840000,158.88,159.06,158.88,158.94,7.03,2026-07-24 12:24:00+00:00
1784896020000,158.94,158.94,158.94,158.94,0.01,2026-07-24 12:27:00+00:00
1784896200000,159.06,159.06,159,159,6.47,2026-07-24 12:30:00+00:00
1784896380000,159.07,159.23,159.07,159.23,13.55,2026-07-24 12:33:00+00:00
1784896560000,159.31,159.63,159.31,159.63,5.92,2026-07-24 12:36:00+00:00
1784896740000,159.8,159.85,159.74,159.85,21.25,2026-07-24 12:39:00+00:00
1784896920000,159.85,160.04,159.62,159.62,19.89,2026-07-24 12:42:00+00:00
1784897100000,159.77,159.95,159.7,159.75,17.7,2026-07-24 12:45:00+00:00
1784897280000,159.78,159.86,159.4,159.79,22.72,2026-07-24 12:48:00+00:00
1784897460000,159.91,159.91,159.78,159.82,0.5,2026-07-24 12:51:00+00:00
1784897640000,159.86,160.03,159.76,160.03,6.27,2026-07-24 12:54:00+00:00
1784897820000,159.89,159.91,159.71,159.87,4.26,2026-07-24 12:57:00+00:00
1784898000000,159.82,159.86,159.27,159.61,7.58,2026-07-24 13:00:00+00:00
1784898180000,159.57,159.96,159.57,159.81,3.8,2026-07-24 13:03:00+00:00
1784898360000,159.93,159.93,158.98,158.98,0.34,2026-07-24 13:06:00+00:00
1784898540000,158.81,159,158.77,159,1.71,2026-07-24 13:09:00+00:00
1784898720000,159.1,159.1,158.99,159,0.66,2026-07-24 13:12:00+00:00
1784898900000,158.99,159.13,158.8,159.13,4.48,2026-07-24 13:15:00+00:00
1784899080000,159.26,159.31,158.86,158.86,0.94,2026-07-24 13:18:00+00:00
1784899260000,158.95,158.98,158.91,158.95,0.67,2026-07-24 13:21:00+00:00
1784899440000,158.99,159.2,158.99,158.99,0.03,2026-07-24 13:24:00+00:00
1784899620000,158.86,158.86,158.86,158.86,0.02,2026-07-24 13:27:00+00:00
1784899800000,159.11,159.19,158.58,158.61,14.69,2026-07-24 13:30:00+00:00
1784899980000,158.7,159.03,158.7,159,3.74,2026-07-24 13:33:00+00:00
1784900160000,158.66,159,158.09,158.95,28.48,2026-07-24 13:36:00+00:00
1784900340000,158.73,158.73,158.15,158.23,1.07,2026-07-24 13:39:00+00:00
1784900520000,158.2,158.54,158.07,158.29,0.89,2026-07-24 13:42:00+00:00
1784900700000,158.36,158.76,158.33,158.76,4.62,2026-07-24 13:45:00+00:00
1784900880000,158.53,158.53,158.18,158.18,0.33,2026-07-24 13:48:00+00:00
1784901060000,158.19,158.24,157.93,157.93,1.06,2026-07-24 13:51:00+00:00
1784901240000,158.03,158.08,157.81,157.9,2.49,2026-07-24 13:54:00+00:00
1784901420000,158.08,158.39,158.08,158.39,2.29,2026-07-24 13:57:00+00:00
1784901600000,158.08,158.23,158.08,158.2,1.33,2026-07-24 14:00:00+00:00
1784901780000,158.05,158.23,158.05,158.23,2.1,2026-07-24 14:03:00+00:00
1784901960000,158.34,158.53,158.13,158.45,3.21,2026-07-24 14:06:00+00:00
1784902140000,158.57,158.88,158.53,158.84,9,2026-07-24 14:09:00+00:00
1784902320000,158.85,159.14,158.85,159.02,1.62,2026-07-24 14:12:00+00:00
1784902500000,159.05,159.2,158.66,158.98,2.69,2026-07-24 14:15:00+00:00
1784902680000,158.89,159.07,158.83,158.95,0.3,2026-07-24 14:18:00+00:00
1784902860000,158.99,159.17,158.99,159.16,1.51,2026-07-24 14:21:00+00:00
1784903040000,159.19,159.19,158.38,158.41,0.89,2026-07-24 14:24:00+00:00
1784903220000,158.77,158.77,158.72,158.72,0.02,2026-07-24 14:27:00+00:00
1784903400000,158.82,158.82,158.42,158.78,2.73,2026-07-24 14:30:00+00:00
1784903580000,158.36,158.54,158.36,158.54,0.41,2026-07-24 14:33:00+00:00
1784903760000,158.66,158.75,158.66,158.72,0.77,2026-07-24 14:36:00+00:00
1784903940000,158.34,158.34,157.95,157.95,9.94,2026-07-24 14:39:00+00:00
1784904120000,157.86,158.11,157.59,158.09,5.38,2026-07-24 14:42:00+00:00
1784904300000,157.99,158.04,157.82,158.04,7.59,2026-07-24 14:45:00+00:00
1784904480000,157.83,158.34,157.83,158.34,2.13,2026-07-24 14:48:00+00:00
1784904660000,158.44,158.73,158.31,158.6,51.96,2026-07-24 14:51:00+00:00
1784904840000,158.73,158.73,158.7,158.7,0.21,2026-07-24 14:54:00+00:00
1784905020000,158.74,159.08,158.65,158.79,26.79,2026-07-24 14:57:00+00:00
1784905200000,158.77,158.85,158.76,158.85,0.35,2026-07-24 15:00:00+00:00
1784905380000,158.66,158.86,158.51,158.51,3.86,2026-07-24 15:03:00+00:00
1784905560000,158.34,158.6,158.27,158.52,0.7,2026-07-24 15:06:00+00:00
1784905740000,158.5,158.55,158.11,158.55,33.3,2026-07-24 15:09:00+00:00
1784905920000,158.57,158.66,158.45,158.66,1.47,2026-07-24 15:12:00+00:00
1784906100000,158.82,159.2,158.82,159.03,2.2,2026-07-24 15:15:00+00:00
1784906280000,158.95,159.3,158.95,159.24,0.37,2026-07-24 15:18:00+00:00
1784906460000,159.29,159.7,159.29,159.53,23.79,2026-07-24 15:21:00+00:00
1784906640000,159.56,160.34,159.56,160.14,41.93,2026-07-24 15:24:00+00:00
1784906820000,160.27,160.3,159.63,159.63,35.11,2026-07-24 15:27:00+00:00
1784907000000,159.79,159.85,159.67,159.67,4.93,2026-07-24 15:30:00+00:00
1784907180000,159.77,159.78,159.66,159.66,0.42,2026-07-24 15:33:00+00:00
1784907360000,159.63,159.67,159.49,159.49,0.79,2026-07-24 15:36:00+00:00
1784907540000,159.48,159.63,159.3,159.57,21.38,2026-07-24 15:39:00+00:00
1784907720000,159.57,159.59,159.42,159.48,0.14,2026-07-24 15:42:00+00:00
1784907900000,159.77,159.89,159.54,159.54,5.57,2026-07-24 15:45:00+00:00
1784908080000,159.6,159.91,159.55,159.91,2.01,2026-07-24 15:48:00+00:00
1784908260000,159.6,159.97,159.56,159.97,17.77,2026-07-24 15:51:00+00:00
1784908440000,159.97,159.98,159.75,159.9,12.64,2026-07-24 15:54:00+00:00
1784908620000,159.91,160.21,159.91,160.13,3.75,2026-07-24 15:57:00+00:00
1784908800000,160.18,160.18,160.18,160.18,0.04,2026-07-24 16:00:00+00:00
1784908980000,160.02,160.02,160,160,0.09,2026-07-24 16:03:00+00:00
1784909160000,159.97,159.97,159.74,159.74,0.05,2026-07-24 16:06:00+00:00
1784909340000,159.93,159.95,159.79,159.83,0.99,2026-07-24 16:09:00+00:00
1784909520000,159.86,159.89,159.72,159.72,0.04,2026-07-24 16:12:00+00:00
1784909700000,159.88,159.88,159.63,159.63,2,2026-07-24 16:15:00+00:00
1784909880000,159.56,159.97,159.56,159.97,2.9,2026-07-24 16:18:00+00:00
1784910060000,159.88,159.99,159.88,159.93,9.17,2026-07-24 16:21:00+00:00
1784910240000,159.93,159.93,159.93,159.93,0.02,2026-07-24 16:24:00+00:00
1784910420000,159.81,159.81,159.72,159.72,1.18,2026-07-24 16:27:00+00:00
1784910600000,159.63,159.65,159.38,159.56,3.87,2026-07-24 16:30:00+00:00
1784910780000,159.59,159.63,159.55,159.63,0.06,2026-07-24 16:33:00+00:00
1784910960000,159.55,159.55,159.55,159.55,0.03,2026-07-24 16:36:00+00:00
1784911140000,159.48,159.49,159.48,159.49,0.76,2026-07-24 16:39:00+00:00
1784911320000,159.49,159.55,159.43,159.43,2.43,2026-07-24 16:42:00+00:00
1784911500000,159.48,159.48,159.39,159.39,1.16,2026-07-24 16:45:00+00:00
1784911680000,159.31,159.32,159.24,159.28,0.35,2026-07-24 16:48:00+00:00
1784911860000,159.25,159.26,159.25,159.26,0.05,2026-07-24 16:51:00+00:00
1784912040000,159.21,159.23,159.21,159.23,0.09,2026-07-24 16:54:00+00:00
1784912220000,159.27,159.45,159.27,159.45,0.65,2026-07-24 16:57:00+00:00
1784912400000,159.2,159.2,159.11,159.12,1.78,2026-07-24 17:00:00+00:00
1784912580000,159.2,159.2,159.08,159.14,0.25,2026-07-24 17:03:00+00:00
1784912760000,159.01,159.14,159.01,159.14,0.11,2026-07-24 17:06:00+00:00
1784912940000,159.12,159.5,159.03,159.5,2.96,2026-07-24 17:09:00+00:00
1784913120000,159.4,159.4,159.12,159.12,0.52,2026-07-24 17:12:00+00:00
1784913300000,159.08,159.08,159.08,159.08,0.04,2026-07-24 17:15:00+00:00
1784913480000,159.19,159.81,159.19,159.81,6.77,2026-07-24 17:18:00+00:00
1784913660000,159.8,159.88,159.65,159.88,18.44,2026-07-24 17:21:00+00:00
1784913840000,159.58,159.83,159.58,159.82,2.46,2026-07-24 17:24:00+00:00
1784914020000,159.92,159.95,159.92,159.95,0.02,2026-07-24 17:27:00+00:00
1784914200000,160.1,160.1,159.99,160.09,14.66,2026-07-24 17:30:00+00:00
1784914380000,160.09,160.09,160.08,160.09,0.53,2026-07-24 17:33:00+00:00
1784914560000,160.09,160.09,160.07,160.07,0.78,2026-07-24 17:36:00+00:00
1784914740000,160.06,160.06,159.83,159.83,0.34,2026-07-24 17:39:00+00:00
1784914920000,159.92,159.92,159.82,159.82,0.33,2026-07-24 17:42:00+00:00
1784915100000,159.8,159.8,159.63,159.63,0.72,2026-07-24 17:45:00+00:00
1784915280000,159.63,159.63,159.63,159.63,0.7,2026-07-24 17:48:00+00:00
1784915460000,159.59,159.76,159.59,159.61,0.41,2026-07-24 17:51:00+00:00
1784915640000,159.76,159.76,159.76,159.76,0.01,2026-07-24 17:54:00+00:00
1784915820000,159.76,159.76,159.76,159.76,0,2026-07-24 17:57:00+00:00
1784916000000,159.76,159.76,159.76,159.76,0,2026-07-24 18:00:00+00:00
1784916180000,159.66,159.66,159.6,159.6,0.62,2026-07-24 18:03:00+00:00
1784916360000,159.47,159.53,159.47,159.53,0.03,2026-07-24 18:06:00+00:00
1784916540000,159.53,159.53,159.15,159.19,0.68,2026-07-24 18:09:00+00:00
1784916720000,159.16,159.16,159.04,159.04,2.27,2026-07-24 18:12:00+00:00
1784916900000,159.05,159.05,158.99,159.03,3.7,2026-07-24 18:15:00+00:00
1784917080000,159.04,159.04,158.99,158.99,3.04,2026-07-24 18:18:00+00:00
1784917260000,159.05,159.16,159.01,159.16,4.01,2026-07-24 18:21:00+00:00
1784917440000,159.16,159.27,159.16,159.21,2.53,2026-07-24 18:24:00+00:00
1784917620000,159.23,159.48,159.11,159.48,4.12,2026-07-24 18:27:00+00:00
1784917800000,159.06,159.06,159.05,159.05,0.39,2026-07-24 18:30:00+00:00
1784917980000,158.98,158.98,158.9,158.91,1.15,2026-07-24 18:33:00+00:00
1784918160000,158.8,158.84,158.8,158.84,0.12,2026-07-24 18:36:00+00:00
1784918340000,158.76,158.76,158.76,158.76,0.35,2026-07-24 18:39:00+00:00
1784918520000,158.71,158.71,158.61,158.61,4.75,2026-07-24 18:42:00+00:00
1784918700000,158.61,158.72,158.61,158.7,1.93,2026-07-24 18:45:00+00:00
1784918880000,158.76,158.76,158.73,158.73,0.7,2026-07-24 18:48:00+00:00
1784919060000,158.63,158.64,158.63,158.64,0.04,2026-07-24 18:51:00+00:00
1784919240000,158.62,158.62,158.45,158.45,4.84,2026-07-24 18:54:00+00:00
1784919420000,158.46,158.47,157.68,157.68,25.92,2026-07-24 18:57:00+00:00
1784919600000,157.7,157.87,157.51,157.57,3.7,2026-07-24 19:00:00+00:00
1784919780000,157.48,157.48,157.36,157.36,0.63,2026-07-24 19:03:00+00:00
1784919960000,157.25,157.41,157.25,157.37,1.82,2026-07-24 19:06:00+00:00
1784920140000,157.44,157.6,157.44,157.6,0.56,2026-07-24 19:09:00+00:00
1784920320000,157.33,157.47,157.24,157.24,7.12,2026-07-24 19:12:00+00:00
1784920500000,157.25,157.25,157.2,157.2,2.47,2026-07-24 19:15:00+00:00
1784920680000,157.18,157.28,157.17,157.2,6.16,2026-07-24 19:18:00+00:00
1784920860000,157.11,157.24,156.5,157.24,24.63,2026-07-24 19:21:00+00:00
1784921040000,157.06,157.1,157.06,157.1,0.03,2026-07-24 19:24:00+00:00
1784921220000,156.96,157.14,156.96,157.14,0.1,2026-07-24 19:27:00+00:00
1784921400000,157.01,157.19,156.91,156.93,1.3,2026-07-24 19:30:00+00:00
1784921580000,156.99,157.35,156.99,157.35,2.47,2026-07-24 19:33:00+00:00
1784921760000,157.04,157.39,157.04,157.39,1.48,2026-07-24 19:36:00+00:00
1784921940000,157.33,157.33,157.33,157.33,0.05,2026-07-24 19:39:00+00:00
1784922120000,157.19,157.5,157.19,157.46,2.21,2026-07-24 19:42:00+00:00
1784922300000,157.34,157.41,157.3,157.41,10.71,2026-07-24 19:45:00+00:00
1784922480000,157.27,157.69,157.27,157.64,2.64,2026-07-24 19:48:00+00:00
1784922660000,157.71,157.71,157.6,157.64,0.55,2026-07-24 19:51:00+00:00
1784922840000,157.57,157.65,157.49,157.49,1.36,2026-07-24 19:54:00+00:00
1784923020000,157.75,157.9,157.64,157.9,0.12,2026-07-24 19:57:00+00:00
1784923200000,157.94,157.94,157.84,157.9,0.3,2026-07-24 20:00:00+00:00
1784923380000,157.86,158.19,157.86,158.19,5.73,2026-07-24 20:03:00+00:00
1784923560000,158.19,159.05,158.19,159.01,27.01,2026-07-24 20:06:00+00:00
1784923740000,158.88,159.19,158.88,158.93,1.86,2026-07-24 20:09:00+00:00
1784923920000,159.19,159.19,159.03,159.03,0.27,2026-07-24 20:12:00+00:00
1784924100000,159.2,159.2,159.19,159.2,0.69,2026-07-24 20:15:00+00:00
1784924280000,159.26,159.26,158.91,158.91,7.88,2026-07-24 20:18:00+00:00
1784924460000,158.9,159,158.78,158.9,3.96,2026-07-24 20:21:00+00:00
1784924640000,158.84,158.84,158.78,158.78,0.16,2026-07-24 20:24:00+00:00
1784924820000,158.79,158.82,158.66,158.74,0.11,2026-07-24 20:27:00+00:00
1784925000000,158.74,158.74,158.74,158.74,0,2026-07-24 20:30:00+00:00
1784925180000,158.68,158.85,158.68,158.82,0.45,2026-07-24 20:33:00+00:00
1784925360000,158.97,159.01,158.94,158.94,1.33,2026-07-24 20:36:00+00:00
1784925540000,158.92,158.92,158.92,158.92,0.01,2026-07-24 20:39:00+00:00
1784925720000,159.06,159.11,158.85,159.11,6.56,2026-07-24 20:42:00+00:00
1784925900000,159.29,159.58,159.23,159.53,22.42,2026-07-24 20:45:00+00:00
1784926080000,159.2,159.61,159.2,159.48,0.76,2026-07-24 20:48:00+00:00
1784926260000,159.47,159.51,159.33,159.33,1.74,2026-07-24 20:51:00+00:00
1784926440000,159.47,159.51,159.39,159.51,0.24,2026-07-24 20:54:00+00:00
1784926620000,159.54,159.59,159.42,159.46,0.53,2026-07-24 20:57:00+00:00
1784926800000,159.57,159.65,159.54,159.55,3.56,2026-07-24 21:00:00+00:00
1784926980000,159.63,159.71,159.63,159.71,0.44,2026-07-24 21:03:00+00:00
1784927160000,159.73,159.91,159.69,159.8,0.65,2026-07-24 21:06:00+00:00
1784927340000,159.77,159.77,159.77,159.77,0.01,2026-07-24 21:09:00+00:00
1784927520000,159.64,159.64,159.31,159.37,0.08,2026-07-24 21:12:00+00:00
1784927700000,159.37,159.45,159.37,159.45,0.22,2026-07-24 21:15:00+00:00
1784927880000,159.45,159.45,159.44,159.44,0.02,2026-07-24 21:18:00+00:00
1784928060000,159.31,159.31,158.98,158.98,0.03,2026-07-24 21:21:00+00:00
1784928240000,158.76,159.01,158.76,158.98,0.66,2026-07-24 21:24:00+00:00
1784928420000,158.89,158.96,158.86,158.86,0.53,2026-07-24 21:27:00+00:00
1784928600000,158.99,158.99,158.99,158.99,0.02,2026-07-24 21:30:00+00:00
1784928780000,158.99,158.99,158.99,158.99,0,2026-07-24 21:33:00+00:00
1784928960000,158.92,158.92,158.92,158.92,0.02,2026-07-24 21:36:00+00:00
1784929140000,159,159,159,159,0.05,2026-07-24 21:39:00+00:00
1784929320000,158.78,158.78,158.57,158.71,5.24,2026-07-24 21:42:00+00:00
1784929500000,158.64,158.64,158.56,158.56,1.17,2026-07-24 21:45:00+00:00
1784929680000,158.72,158.95,158.72,158.83,1.34,2026-07-24 21:48:00+00:00
1784929860000,158.61,158.61,158.61,158.61,0.01,2026-07-24 21:51:00+00:00
1784930040000,158.64,158.64,158.58,158.58,0.02,2026-07-24 21:54:00+00:00
1784930220000,158.69,158.8,158.69,158.8,2,2026-07-24 21:57:00+00:00
1784930400000,158.62,158.62,158.62,158.62,0.02,2026-07-24 22:00:00+00:00
1784930580000,158.59,158.59,158.59,158.59,0.02,2026-07-24 22:03:00+00:00
1784930760000,158.59,158.63,158.59,158.63,0.26,2026-07-24 22:06:00+00:00
1784930940000,158.61,158.61,158.58,158.58,1.3,2026-07-24 22:09:00+00:00
1784931120000,158.58,158.66,158.57,158.62,2.7,2026-07-24 22:12:00+00:00
1784931300000,158.57,158.67,158.49,158.67,1.53,2026-07-24 22:15:00+00:00
1784931480000,158.57,158.69,158.55,158.64,0.39,2026-07-24 22:18:00+00:00
1784931660000,158.77,158.85,158.69,158.85,3,2026-07-24 22:21:00+00:00
1784931840000,158.81,158.81,158.7,158.7,0.05,2026-07-24 22:24:00+00:00
1784932020000,158.6,158.81,158.6,158.81,0.03,2026-07-24 22:27:00+00:00
1784932200000,158.84,158.84,158.64,158.67,0.04,2026-07-24 22:30:00+00:00
1784932380000,158.69,158.69,158.69,158.69,0.03,2026-07-24 22:33:00+00:00
1784932560000,158.85,158.85,158.77,158.77,0.06,2026-07-24 22:36:00+00:00
1784932740000,158.88,158.88,158.57,158.58,6.8,2026-07-24 22:39:00+00:00
1784932920000,158.57,158.78,158.57,158.78,2.5,2026-07-24 22:42:00+00:00
1784933100000,158.81,158.84,158.64,158.68,3.11,2026-07-24 22:45:00+00:00
1784933280000,158.69,158.69,158.64,158.64,0.72,2026-07-24 22:48:00+00:00
1784933460000,158.78,158.79,158.78,158.79,0.02,2026-07-24 22:51:00+00:00
1784933640000,158.96,158.96,158.96,158.96,0.4,2026-07-24 22:54:00+00:00
1784933820000,158.59,158.59,158.59,158.59,1.05,2026-07-24 22:57:00+00:00
1784934000000,158.44,158.64,158.44,158.61,2.07,2026-07-24 23:00:00+00:00
1784934180000,158.71,158.71,158.71,158.71,0.15,2026-07-24 23:03:00+00:00
1784934360000,158.68,158.73,158.68,158.73,0.02,2026-07-24 23:06:00+00:00
1784934540000,158.79,158.79,158.79,158.79,0.02,2026-07-24 23:09:00+00:00
1784934720000,158.86,159.08,158.86,159.08,1.52,2026-07-24 23:12:00+00:00
1784934900000,159.01,159.08,158.93,158.93,7.11,2026-07-24 23:15:00+00:00
1784935080000,159.11,159.2,159.11,159.2,2.24,2026-07-24 23:18:00+00:00
1784935260000,159.18,159.45,159.18,159.34,19.06,2026-07-24 23:21:00+00:00
1784935440000,159.45,159.53,159.45,159.53,1.07,2026-07-24 23:24:00+00:00
1784935620000,159.57,159.57,159.35,159.35,3.38,2026-07-24 23:27:00+00:00
1784935800000,159.5,159.5,159.49,159.49,0.47,2026-07-24 23:30:00+00:00
1784935980000,159.39,159.54,159.36,159.54,0.87,2026-07-24 23:33:00+00:00
1784936160000,159.54,159.56,159.45,159.45,0.1,2026-07-24 23:36:00+00:00
1784936340000,159.34,159.34,159.3,159.3,1,2026-07-24 23:39:00+00:00
1784936520000,159.3,159.3,159.3,159.3,0,2026-07-24 23:42:00+00:00
1784936700000,159.3,159.3,159.3,159.3,0,2026-07-24 23:45:00+00:00
1784936880000,159.28,159.45,159.12,159.39,16.93,2026-07-24 23:48:00+00:00
1784937060000,159.45,159.47,159.45,159.45,1.24,2026-07-24 23:51:00+00:00
1784937240000,159.45,159.45,159.45,159.45,0.01,2026-07-24 23:54:00+00:00
1784937420000,159.11,159.11,159.11,159.11,0.03,2026-07-24 23:57:00+00:00
1784937600000,159.13,159.13,158.99,159.02,0.67,2026-07-25 00:00:00+00:00
1784937780000,159.21,159.21,158.83,158.85,7.82,2026-07-25 00:03:00+00:00
1784937960000,158.82,158.82,158.53,158.53,1.31,2026-07-25 00:06:00+00:00
1784938140000,158.59,158.59,158.46,158.49,1.25,2026-07-25 00:09:00+00:00
1784938320000,158.49,158.55,158.48,158.5,3.12,2026-07-25 00:12:00+00:00
1784938500000,158.51,158.66,158.51,158.65,1.59,2026-07-25 00:15:00+00:00
1784938680000,158.71,158.92,158.53,158.53,22.78,2026-07-25 00:18:00+00:00
1784938860000,158.61,158.74,158.61,158.74,0.09,2026-07-25 00:21:00+00:00
1784939040000,158.73,159.05,158.73,158.96,13.25,2026-07-25 00:24:00+00:00
1784939220000,159.02,159.03,158.77,158.77,12.58,2026-07-25 00:27:00+00:00
1784939400000,158.77,158.77,158.77,158.77,0,2026-07-25 00:30:00+00:00
1784939580000,158.72,158.72,158.72,158.72,0.02,2026-07-25 00:33:00+00:00
1784939760000,158.64,158.66,158.64,158.66,0.06,2026-07-25 00:36:00+00:00
1784939940000,158.66,158.66,158.66,158.66,0,2026-07-25 00:39:00+00:00
1784940120000,158.64,158.93,158.64,158.84,2.12,2026-07-25 00:42:00+00:00
1784940300000,158.91,158.92,158.69,158.92,2.78,2026-07-25 00:45:00+00:00
1784940480000,158.78,158.94,158.78,158.94,2.49,2026-07-25 00:48:00+00:00
1784940660000,158.64,158.65,158.64,158.65,0.02,2026-07-25 00:51:00+00:00
1784940840000,158.65,158.65,158.65,158.65,0,2026-07-25 00:54:00+00:00
1784941020000,158.87,158.87,158.59,158.59,1.56,2026-07-25 00:57:00+00:00
1784941200000,158.68,158.68,158.68,158.68,0.01,2026-07-25 01:00:00+00:00
1784941380000,158.63,158.63,158.63,158.63,0.01,2026-07-25 01:03:00+00:00
1784941560000,158.68,158.94,158.68,158.94,10.34,2026-07-25 01:06:00+00:00
1784941740000,159.04,159.04,158.82,159.02,6.03,2026-07-25 01:09:00+00:00
1784941920000,158.72,158.72,158.72,158.72,0.07,2026-07-25 01:12:00+00:00
1784942100000,158.74,158.74,158.74,158.74,0.02,2026-07-25 01:15:00+00:00
1784942280000,158.49,158.51,158.49,158.51,0.04,2026-07-25 01:18:00+00:00
1784942460000,158.4,158.42,158,158.02,2.46,2026-07-25 01:21:00+00:00
1784942640000,157.96,158,157.87,157.9,1.55,2026-07-25 01:24:00+00:00
1784942820000,157.87,158.13,157.87,158.13,0.2,2026-07-25 01:27:00+00:00
1784943000000,157.97,157.99,157.87,157.92,0.04,2026-07-25 01:30:00+00:00
1784943180000,157.82,157.97,157.82,157.87,1.58,2026-07-25 01:33:00+00:00
1784943360000,158.07,158.07,158.07,158.07,0.01,2026-07-25 01:36:00+00:00
1784943540000,157.99,158.16,157.92,158.16,0.58,2026-07-25 01:39:00+00:00
1784943720000,158.14,158.24,158.13,158.13,0.55,2026-07-25 01:42:00+00:00
1784943900000,158.27,158.27,158.27,158.27,0.08,2026-07-25 01:45:00+00:00
1784944080000,158.14,158.26,158.14,158.24,1.07,2026-07-25 01:48:00+00:00
1784944260000,158.14,158.14,158.14,158.14,0.01,2026-07-25 01:51:00+00:00
1784944440000,158.02,158.05,157.88,157.91,1.19,2026-07-25 01:54:00+00:00
1784944620000,158.14,158.14,158.14,158.14,0.01,2026-07-25 01:57:00+00:00
1784944800000,158.14,158.14,158.14,158.14,0,2026-07-25 02:00:00+00:00
1784944980000,158.24,158.82,158.24,158.82,1.81,2026-07-25 02:03:00+00:00
1784945160000,158.89,159.1,158.85,159.1,17.92,2026-07-25 02:06:00+00:00
1784945340000,159,159.01,159,159.01,0.1,2026-07-25 02:09:00+00:00
1784945520000,158.87,158.87,158.52,158.78,1.21,2026-07-25 02:12:00+00:00
1784945700000,158.78,158.78,158.78,158.78,0,2026-07-25 02:15:00+00:00
1784945880000,158.78,158.78,158.78,158.78,0,2026-07-25 02:18:00+00:00
1784946060000,158.61,158.71,158.61,158.69,1.37,2026-07-25 02:21:00+00:00
1784946240000,158.63,158.63,158.55,158.55,0.05,2026-07-25 02:24:00+00:00
1784946420000,158.67,158.67,158.67,158.67,0.01,2026-07-25 02:27:00+00:00
1784946600000,158.7,158.71,158.52,158.55,6.02,2026-07-25 02:30:00+00:00
1784946780000,158.43,158.5,158.43,158.5,0.66,2026-07-25 02:33:00+00:00
1784946960000,158.59,158.63,158.53,158.63,0.7,2026-07-25 02:36:00+00:00
1784947140000,158.64,158.89,158.54,158.88,4.11,2026-07-25 02:39:00+00:00
1784947320000,158.89,158.92,158.86,158.92,0.75,2026-07-25 02:42:00+00:00
1784947500000,158.92,158.92,158.86,158.86,1.25,2026-07-25 02:45:00+00:00
1784947680000,158.82,158.82,158.82,158.82,0.01,2026-07-25 02:48:00+00:00
1784947860000,158.82,158.82,158.82,158.82,0,2026-07-25 02:51:00+00:00
1784948040000,158.92,159.18,158.92,159.17,4.12,2026-07-25 02:54:00+00:00
1784948220000,159.15,159.53,158.89,159.45,15.58,2026-07-25 02:57:00+00:00
1784948400000,159.57,160.01,159.57,159.83,4.37,2026-07-25 03:00:00+00:00
1784948580000,159.86,159.86,159.64,159.64,0.85,2026-07-25 03:03:00+00:00
1784948760000,159.62,160.28,159.52,160.28,52.6,2026-07-25 03:06:00+00:00
1784948940000,160.19,160.28,159.88,159.96,6.84,2026-07-25 03:09:00+00:00
1784949120000,160.07,160.13,159.85,159.85,1.89,2026-07-25 03:12:00+00:00
1784949300000,159.87,159.87,159.77,159.77,5.27,2026-07-25 03:15:00+00:00
1784949480000,159.77,159.89,159.77,159.82,1.27,2026-07-25 03:18:00+00:00
1784949660000,159.9,159.9,159.79,159.79,0.32,2026-07-25 03:21:00+00:00
1784949840000,159.78,159.78,159.13,159.23,50.63,2026-07-25 03:24:00+00:00
1784950020000,159.23,159.27,159.23,159.27,0.18,2026-07-25 03:27:00+00:00
1784950200000,159.7,159.71,159.61,159.61,0.79,2026-07-25 03:30:00+00:00
1784950380000,159.7,159.78,159.68,159.78,1.56,2026-07-25 03:33:00+00:00
1784950560000,159.77,159.77,159.73,159.76,0.84,2026-07-25 03:36:00+00:00
1784950740000,159.81,159.85,159.79,159.81,1.39,2026-07-25 03:39:00+00:00
1784950920000,159.77,159.8,159.62,159.62,1.08,2026-07-25 03:42:00+00:00
1784951100000,159.77,159.77,159.53,159.58,3.61,2026-07-25 03:45:00+00:00
1784951280000,159.51,159.51,159.4,159.4,0.87,2026-07-25 03:48:00+00:00
1784951460000,159.26,159.36,159.26,159.36,0.05,2026-07-25 03:51:00+00:00
1784951640000,159.32,159.32,159.32,159.32,0.01,2026-07-25 03:54:00+00:00
1784951820000,159.17,159.17,159.17,159.17,0.04,2026-07-25 03:57:00+00:00
1784952000000,159.01,159.01,158.87,158.99,1.29,2026-07-25 04:00:00+00:00
1784952180000,159,159.14,159,159.14,0.25,2026-07-25 04:03:00+00:00
1784952360000,159.14,159.14,159.14,159.14,0,2026-07-25 04:06:00+00:00
1784952540000,158.86,158.86,158.83,158.84,0.03,2026-07-25 04:09:00+00:00
1784952720000,158.85,159.03,158.78,159.03,2.02,2026-07-25 04:12:00+00:00
1784952900000,159.02,159.58,159.02,159.58,5.82,2026-07-25 04:15:00+00:00
1784953080000,159.51,159.54,159.04,159.21,2.91,2026-07-25 04:18:00+00:00
1784953260000,159.29,159.29,159.29,159.29,0.01,2026-07-25 04:21:00+00:00
1784953440000,159.31,159.51,159.29,159.38,3.68,2026-07-25 04:24:00+00:00
1784953620000,159.38,159.38,159.38,159.38,0,2026-07-25 04:27:00+00:00
1784953800000,159.38,159.38,158.99,158.99,0.24,2026-07-25 04:30:00+00:00
1784953980000,158.87,158.91,158.82,158.86,1.41,2026-07-25 04:33:00+00:00
1784954160000,158.97,158.97,158.97,158.97,0.02,2026-07-25 04:36:00+00:00
1784954340000,158.92,158.93,158.9,158.9,0.11,2026-07-25 04:39:00+00:00
1784954520000,158.82,159.15,158.82,159.15,2.5,2026-07-25 04:42:00+00:00
1784954700000,159.18,159.18,159.18,159.18,0.01,2026-07-25 04:45:00+00:00
1784954880000,159.08,159.3,159.08,159.26,0.09,2026-07-25 04:48:00+00:00
1784955060000,159.24,159.24,159.18,159.18,0.63,2026-07-25 04:51:00+00:00
1784955240000,159.2,159.2,159.06,159.09,0.09,2026-07-25 04:54:00+00:00
1784955420000,159.03,159.03,159.03,159.03,0.02,2026-07-25 04:57:00+00:00
1784955600000,158.89,158.97,158.69,158.71,0.11,2026-07-25 05:00:00+00:00
1784955780000,158.75,158.75,158.66,158.66,1.22,2026-07-25 05:03:00+00:00
1784955960000,158.57,158.77,158.56,158.77,1.22,2026-07-25 05:06:00+00:00
1784956140000,158.6,158.6,158.53,158.54,0.08,2026-07-25 05:09:00+00:00
1784956320000,158.53,158.62,158.51,158.52,0.12,2026-07-25 05:12:00+00:00
1784956500000,158.52,158.88,158.52,158.88,2.1,2026-07-25 05:15:00+00:00
1784956680000,158.74,158.74,158.73,158.73,0.08,2026-07-25 05:18:00+00:00
1784956860000,158.67,159.01,158.64,158.68,1.5,2026-07-25 05:21:00+00:00
1784957040000,158.66,158.66,158.66,158.66,0.07,2026-07-25 05:24:00+00:00
1784957220000,158.56,159.01,158.56,159.01,1.77,2026-07-25 05:27:00+00:00
1784957400000,158.89,158.97,158.87,158.97,0.1,2026-07-25 05:30:00+00:00
1784957580000,158.95,158.95,158.86,158.86,2.23,2026-07-25 05:33:00+00:00
1784957760000,158.89,158.94,158.8,158.91,0.14,2026-07-25 05:36:00+00:00
1784957940000,158.89,159.09,158.89,159.09,0.11,2026-07-25 05:39:00+00:00
1784958120000,159.09,159.09,159.09,159.09,0,2026-07-25 05:42:00+00:00
1784958300000,159.11,159.15,159.11,159.15,0.27,2026-07-25 05:45:00+00:00
1784958480000,159.26,159.26,158.99,159.02,0.04,2026-07-25 05:48:00+00:00
1784958660000,159.06,159.06,159.06,159.06,0.39,2026-07-25 05:51:00+00:00
1784958840000,159.01,159.31,158.93,159.26,0.19,2026-07-25 05:54:00+00:00
1784959020000,159.06,159.11,159.06,159.11,1.4,2026-07-25 05:57:00+00:00
1784959200000,159.07,159.11,159,159.11,0.71,2026-07-25 06:00:00+00:00
1784959380000,159.11,159.11,159.11,159.11,0,2026-07-25 06:03:00+00:00
1784959560000,159.06,159.19,159.06,159.19,0.25,2026-07-25 06:06:00+00:00
1784959740000,159.2,159.2,159.2,159.2,0.07,2026-07-25 06:09:00+00:00
1784959920000,159.31,159.31,159.21,159.21,0.03,2026-07-25 06:12:00+00:00
1784960100000,159.3,159.3,159.3,159.3,0.01,2026-07-25 06:15:00+00:00
1784960280000,159.2,159.2,159.2,159.2,0.02,2026-07-25 06:18:00+00:00
1784960460000,159.33,159.33,159.2,159.2,0.03,2026-07-25 06:21:00+00:00
1784960640000,159.26,159.26,159.26,159.26,0.05,2026-07-25 06:24:00+00:00
1784960820000,159.32,159.32,159.23,159.23,0.05,2026-07-25 06:27:00+00:00
1784961000000,159.18,159.18,159.18,159.18,0.16,2026-07-25 06:30:00+00:00
1784961180000,159.35,159.45,159.35,159.45,0.22,2026-07-25 06:33:00+00:00
1784961360000,159.42,159.42,159.32,159.32,0.65,2026-07-25 06:36:00+00:00
1784961540000,159.32,159.32,159.32,159.32,0.01,2026-07-25 06:39:00+00:00
1784961720000,159.41,159.42,159.41,159.42,0.02,2026-07-25 06:42:00+00:00
1784961900000,159.42,159.42,159.42,159.42,0,2026-07-25 06:45:00+00:00
1784962080000,159.39,159.39,159.09,159.2,4.08,2026-07-25 06:48:00+00:00
1784962260000,159.38,159.45,159.32,159.32,2.09,2026-07-25 06:51:00+00:00
1784962440000,159.32,159.32,159.32,159.32,0,2026-07-25 06:54:00+00:00
1784962620000,159.39,159.44,159.3,159.44,8.92,2026-07-25 06:57:00+00:00
1784962800000,159.42,159.56,159.36,159.4,12.28,2026-07-25 07:00:00+00:00
1784962980000,159.25,159.39,159.13,159.32,2.06,2026-07-25 07:03:00+00:00
1784963160000,159.31,159.42,159.31,159.34,0.48,2026-07-25 07:06:00+00:00
1784963340000,159.4,159.4,159.17,159.17,3.22,2026-07-25 07:09:00+00:00
1784963520000,159.1,159.54,159.1,159.54,8.02,2026-07-25 07:12:00+00:00
1784963700000,159.63,159.66,159.57,159.63,1.25,2026-07-25 07:15:00+00:00
1784963880000,159.63,159.7,159.63,159.69,1.22,2026-07-25 07:18:00+00:00
1784964060000,159.68,159.8,159.68,159.78,2.63,2026-07-25 07:21:00+00:00
1784964240000,159.76,159.97,159.76,159.86,1.94,2026-07-25 07:24:00+00:00
1784964420000,159.84,159.9,159.8,159.8,1.72,2026-07-25 07:27:00+00:00
1784964600000,159.86,159.94,159.72,159.86,2.39,2026-07-25 07:30:00+00:00
1784964780000,159.85,159.89,159.75,159.84,1.72,2026-07-25 07:33:00+00:00
1784964960000,159.82,159.82,159.74,159.75,0.65,2026-07-25 07:36:00+00:00
1784965140000,159.73,159.73,159.73,159.73,0.02,2026-07-25 07:39:00+00:00
1784965320000,159.7,159.76,159.7,159.74,1.04,2026-07-25 07:42:00+00:00
1784965500000,159.8,159.81,159.73,159.81,5.28,2026-07-25 07:45:00+00:00
1784965680000,159.84,159.84,159.8,159.8,0.03,2026-07-25 07:48:00+00:00
1784965860000,159.55,159.56,159.24,159.43,8.01,2026-07-25 07:51:00+00:00
1784966040000,159.2,159.39,159.2,159.39,0.68,2026-07-25 07:54:00+00:00
1784966220000,159.36,159.39,159.29,159.29,0.68,2026-07-25 07:57:00+00:00
1784966400000,159.25,159.25,158.8,158.8,1.71,2026-07-25 08:00:00+00:00
1784966580000,158.92,158.92,158.82,158.82,0.07,2026-07-25 08:03:00+00:00
1784966760000,158.69,158.72,158.34,158.34,4.68,2026-07-25 08:06:00+00:00
1784966940000,158.35,158.35,158.06,158.21,7.53,2026-07-25 08:09:00+00:00
1784967120000,158.1,158.2,158.02,158.1,2.29,2026-07-25 08:12:00+00:00
1784967300000,158.12,158.12,158.09,158.09,0.54,2026-07-25 08:15:00+00:00
1784967480000,158.11,158.21,158.06,158.08,1.26,2026-07-25 08:18:00+00:00
1784967660000,158.09,158.2,158.09,158.16,0.21,2026-07-25 08:21:00+00:00
1784967840000,158.18,158.24,158.1,158.24,5.62,2026-07-25 08:24:00+00:00
1784968020000,158.25,158.25,158.25,158.25,0.02,2026-07-25 08:27:00+00:00
1784968200000,158.11,158.13,158.11,158.13,0.16,2026-07-25 08:30:00+00:00
1784968380000,158.09,158.37,158.09,158.37,0.81,2026-07-25 08:33:00+00:00
1784968560000,158.28,158.28,158.15,158.18,0.05,2026-07-25 08:36:00+00:00
1784968740000,158.41,158.46,158.33,158.33,3.34,2026-07-25 08:39:00+00:00
1784968920000,158.23,158.26,158.23,158.26,0.04,2026-07-25 08:42:00+00:00
1784969100000,158.31,158.31,158.31,158.31,0.01,2026-07-25 08:45:00+00:00
1784969280000,158.3,158.32,158.3,158.32,0.03,2026-07-25 08:48:00+00:00
1784969460000,158.32,158.32,158.32,158.32,0,2026-07-25 08:51:00+00:00
1784969640000,158.47,158.83,158.47,158.83,3.48,2026-07-25 08:54:00+00:00
1784969820000,158.84,159.02,158.83,159.02,14.54,2026-07-25 08:57:00+00:00
1784970000000,159.02,159.16,159.02,159.14,17.58,2026-07-25 09:00:00+00:00
1784970180000,159.16,159.16,159.05,159.05,0.97,2026-07-25 09:03:00+00:00
1784970360000,158.99,158.99,158.8,158.8,0.06,2026-07-25 09:06:00+00:00
1784970540000,158.8,158.82,158.79,158.82,0.07,2026-07-25 09:09:00+00:00
1784970720000,158.89,158.9,158.81,158.81,4.35,2026-07-25 09:12:00+00:00
1784970900000,158.87,158.87,158.81,158.81,0.03,2026-07-25 09:15:00+00:00
1784971080000,158.95,158.95,158.66,158.76,1.25,2026-07-25 09:18:00+00:00
1784971260000,158.89,158.89,158.56,158.63,3.18,2026-07-25 09:21:00+00:00
1784971440000,158.87,158.91,158.84,158.87,0.07,2026-07-25 09:24:00+00:00
1784971620000,158.99,158.99,158.97,158.97,0.06,2026-07-25 09:27:00+00:00
1784971800000,158.97,158.97,158.95,158.95,0.09,2026-07-25 09:30:00+00:00
1784971980000,158.69,158.69,158.56,158.56,0.42,2026-07-25 09:33:00+00:00
1784972160000,158.92,158.95,158.9,158.92,0.08,2026-07-25 09:36:00+00:00
1784972340000,158.92,158.92,158.86,158.86,0.02,2026-07-25 09:39:00+00:00
1784972520000,158.8,158.91,158.78,158.88,0.06,2026-07-25 09:42:00+00:00
1784972700000,158.87,158.87,158.86,158.86,0.04,2026-07-25 09:45:00+00:00
1784972880000,158.87,159.13,158.87,159.12,0.26,2026-07-25 09:48:00+00:00
1784973060000,159.12,159.12,159.12,159.12,0,2026-07-25 09:51:00+00:00
1784973240000,159.2,159.46,159.2,159.42,1.85,2026-07-25 09:54:00+00:00
1784973420000,159.42,159.42,159.42,159.42,0.06,2026-07-25 09:57:00+00:00
1784973600000,159.39,159.62,159.39,159.61,0.41,2026-07-25 10:00:00+00:00
1784973780000,159.56,159.65,159.56,159.65,0.35,2026-07-25 10:03:00+00:00
1784973960000,159.66,159.66,159.25,159.25,1.3,2026-07-25 10:06:00+00:00
1784974140000,159.43,159.43,159.4,159.4,0.05,2026-07-25 10:09:00+00:00
1784974320000,159.39,159.55,159.34,159.51,1.04,2026-07-25 10:12:00+00:00
1784974500000,159.4,159.4,159.39,159.39,0.04,2026-07-25 10:15:00+00:00
1784974680000,159.39,159.4,159.37,159.39,0.04,2026-07-25 10:18:00+00:00
1784974860000,159.39,159.41,159.39,159.41,0.06,2026-07-25 10:21:00+00:00
1784975040000,159.4,159.41,159.39,159.4,0.06,2026-07-25 10:24:00+00:00
1784975220000,159.4,159.4,159.4,159.4,0,2026-07-25 10:27:00+00:00
1784975400000,159.42,159.64,159.42,159.51,0.13,2026-07-25 10:30:00+00:00
1784975580000,159.49,159.49,159.39,159.39,0.75,2026-07-25 10:33:00+00:00
1784975760000,159.55,159.66,159.55,159.63,0.08,2026-07-25 10:36:00+00:00
1784975940000,159.64,159.64,159.61,159.61,0.02,2026-07-25 10:39:00+00:00
1784976120000,159.7,159.7,159.7,159.7,0.03,2026-07-25 10:42:00+00:00
1784976300000,159.63,159.63,159.62,159.62,0.04,2026-07-25 10:45:00+00:00
1784976480000,159.62,159.62,159.61,159.61,0.06,2026-07-25 10:48:00+00:00
1784976660000,159.61,159.61,159.61,159.61,0,2026-07-25 10:51:00+00:00
1784976840000,159.61,159.61,159.6,159.6,0.03,2026-07-25 10:54:00+00:00
1784977020000,159.6,159.6,159.6,159.6,0,2026-07-25 10:57:00+00:00
1784977200000,159.43,159.43,159.43,159.43,0.01,2026-07-25 11:00:00+00:00
1784977380000,159.13,159.13,159.13,159.13,0.04,2026-07-25 11:03:00+00:00
1784977560000,159.01,159.39,158.82,159.39,17.73,2026-07-25 11:06:00+00:00
1784977740000,159.39,159.39,159.39,159.39,0,2026-07-25 11:09:00+00:00
1784977920000,158.95,158.98,158.95,158.98,0.02,2026-07-25 11:12:00+00:00
1784978100000,158.95,158.96,158.95,158.96,0.02,2026-07-25 11:15:00+00:00
1784978280000,158.96,158.96,158.96,158.96,0,2026-07-25 11:18:00+00:00
1784978460000,158.98,158.98,158.98,158.98,0.02,2026-07-25 11:21:00+00:00
1784978640000,158.95,158.95,158.94,158.95,0.13,2026-07-25 11:24:00+00:00
1784978820000,158.95,158.95,158.95,158.95,0,2026-07-25 11:27:00+00:00
1784979000000,159.08,159.08,159.08,159.08,0.09,2026-07-25 11:30:00+00:00
1784979180000,159.16,159.16,159.16,159.16,0.05,2026-07-25 11:33:00+00:00
1784979360000,159.16,159.16,159.16,159.16,0.01,2026-07-25 11:36:00+00:00
1784979540000,159.16,159.16,159.16,159.16,0,2026-07-25 11:39:00+00:00
1784979720000,159.16,159.16,159.16,159.16,0,2026-07-25 11:42:00+00:00
1784979900000,159.16,159.16,159.16,159.16,0,2026-07-25 11:45:00+00:00
1784980080000,159.16,159.16,159.16,159.16,0,2026-07-25 11:48:00+00:00
1784980260000,159.17,159.17,159.17,159.17,0.19,2026-07-25 11:51:00+00:00
1784980440000,159.35,159.35,159.35,159.35,0.02,2026-07-25 11:54:00+00:00
1784980620000,159.01,159.06,159.01,159.06,0.03,2026-07-25 11:57:00+00:00
1784980800000,158.92,158.96,158.92,158.96,0.04,2026-07-25 12:00:00+00:00
1784980980000,158.99,158.99,158.99,158.99,0.01,2026-07-25 12:03:00+00:00
1784981160000,158.94,158.98,158.92,158.95,1.11,2026-07-25 12:06:00+00:00
1784981340000,158.95,158.95,158.95,158.95,0,2026-07-25 12:09:00+00:00
1784981520000,158.95,158.95,158.95,158.95,0,2026-07-25 12:12:00+00:00
1784981700000,158.95,158.95,158.95,158.95,0,2026-07-25 12:15:00+00:00
1784981880000,158.95,158.95,158.95,158.95,0,2026-07-25 12:18:00+00:00
1784982060000,158.99,158.99,158.99,158.99,0.05,2026-07-25 12:21:00+00:00
1784982240000,158.99,158.99,158.99,158.99,0,2026-07-25 12:24:00+00:00
1784982420000,158.98,158.98,158.98,158.98,0.02,2026-07-25 12:27:00+00:00
1784982600000,158.86,158.86,158.86,158.86,0.01,2026-07-25 12:30:00+00:00
1784982780000,158.78,159.22,158.78,159.22,1.03,2026-07-25 12:33:00+00:00
1784982960000,158.88,158.88,158.71,158.71,0.33,2026-07-25 12:36:00+00:00
1784983140000,158.71,158.71,158.71,158.71,0,2026-07-25 12:39:00+00:00
1784983320000,158.72,158.91,158.72,158.91,0.33,2026-07-25 12:42:00+00:00
1784983500000,158.92,158.92,158.92,158.92,0.33,2026-07-25 12:45:00+00:00
1784983680000,158.92,158.92,158.92,158.92,0,2026-07-25 12:48:00+00:00
1784983860000,158.86,158.86,158.86,158.86,0.08,2026-07-25 12:51:00+00:00
1784984040000,158.86,158.86,158.86,158.86,0.01,2026-07-25 12:54:00+00:00
1784984220000,158.87,158.92,158.87,158.92,0.02,2026-07-25 12:57:00+00:00
1784984400000,158.92,158.92,158.92,158.92,0,2026-07-25 13:00:00+00:00
1784984580000,158.92,158.92,158.92,158.92,0.08,2026-07-25 13:03:00+00:00
1784984760000,158.92,158.92,158.92,158.92,0,2026-07-25 13:06:00+00:00
1784984940000,158.97,158.97,158.97,158.97,0.01,2026-07-25 13:09:00+00:00
1784985120000,158.99,158.99,158.98,158.98,0.02,2026-07-25 13:12:00+00:00
1784985300000,158.86,158.87,158.86,158.87,0.02,2026-07-25 13:15:00+00:00
1784985480000,158.87,158.87,158.87,158.87,0,2026-07-25 13:18:00+00:00
1784985660000,158.87,158.87,158.87,158.87,0,2026-07-25 13:21:00+00:00
1784985840000,159.35,159.35,159.34,159.34,0.14,2026-07-25 13:24:00+00:00
1784986020000,159.24,159.24,159.05,159.05,0.15,2026-07-25 13:27:00+00:00
1784986200000,159.05,159.05,159.05,159.05,0,2026-07-25 13:30:00+00:00
1784986380000,159.16,159.16,159.16,159.16,0.1,2026-07-25 13:33:00+00:00
1784986560000,159.64,159.64,159.57,159.57,0.19,2026-07-25 13:36:00+00:00
1784986740000,159.57,159.87,159.57,159.86,3.66,2026-07-25 13:39:00+00:00
1784986920000,159.84,160.07,159.81,159.81,0.76,2026-07-25 13:42:00+00:00
1784987100000,160.05,160.05,160.03,160.03,2.11,2026-07-25 13:45:00+00:00
1784987280000,159.99,160.03,159.99,160.02,2.53,2026-07-25 13:48:00+00:00
1784987460000,160.01,160.02,159.98,159.98,2.74,2026-07-25 13:51:00+00:00
1784987640000,159.96,159.96,159.94,159.94,0.22,2026-07-25 13:54:00+00:00
1784987820000,159.94,159.94,159.94,159.94,0.02,2026-07-25 13:57:00+00:00
1784988000000,159.94,159.94,159.94,159.94,0,2026-07-25 14:00:00+00:00
1784988180000,159.94,159.94,159.94,159.94,0,2026-07-25 14:03:00+00:00
1784988360000,160.07,160.07,159.84,159.84,0.2,2026-07-25 14:06:00+00:00
1784988540000,160.07,160.1,160.06,160.1,0.93,2026-07-25 14:09:00+00:00
1784988720000,160.29,160.44,160.29,160.37,7.27,2026-07-25 14:12:00+00:00
1784988900000,160.33,160.38,160.28,160.38,1.99,2026-07-25 14:15:00+00:00
1784989080000,160.4,160.4,160.36,160.36,2.23,2026-07-25 14:18:00+00:00
1784989260000,160.35,160.45,160.35,160.44,2.32,2026-07-25 14:21:00+00:00
1784989440000,160.45,160.78,160.45,160.78,4.24,2026-07-25 14:24:00+00:00
1784989620000,160.79,161.2,160.79,161.16,8.99,2026-07-25 14:27:00+00:00
1784989800000,161.15,161.2,159.85,160.04,5.41,2026-07-25 14:30:00+00:00
1784989980000,159.93,160.05,159.5,159.5,0.42,2026-07-25 14:33:00+00:00
1784990160000,159.31,159.36,159.31,159.36,0.53,2026-07-25 14:36:00+00:00
1784990340000,159.37,159.37,159.37,159.37,0.11,2026-07-25 14:39:00+00:00
1784990520000,159.43,159.62,159.43,159.5,9.56,2026-07-25 14:42:00+00:00
1784990700000,159.53,159.56,159.53,159.56,0.02,2026-07-25 14:45:00+00:00
1784990880000,159.74,159.78,159.74,159.78,0.07,2026-07-25 14:48:00+00:00
1784991060000,159.8,159.81,159.8,159.81,0.62,2026-07-25 14:51:00+00:00
1784991240000,159.8,159.8,159.54,159.54,1.92,2026-07-25 14:54:00+00:00
1784991420000,159.56,159.57,159.56,159.57,0.07,2026-07-25 14:57:00+00:00
1784991600000,159.62,159.65,159.62,159.65,0.03,2026-07-25 15:00:00+00:00
1784991780000,159.66,159.66,159.66,159.66,0.03,2026-07-25 15:03:00+00:00
1784991960000,159.68,159.69,159.68,159.69,0.04,2026-07-25 15:06:00+00:00
1784992140000,159.68,159.68,159.68,159.68,0.42,2026-07-25 15:09:00+00:00
1784992320000,159.57,159.74,159.57,159.74,0.06,2026-07-25 15:12:00+00:00
1784992500000,159.56,159.56,159.56,159.56,0.15,2026-07-25 15:15:00+00:00
1784992680000,159.22,159.49,159.22,159.33,1.62,2026-07-25 15:18:00+00:00
1784992860000,159.33,159.33,159.33,159.33,0,2026-07-25 15:21:00+00:00
1784993040000,159.49,159.49,159.49,159.49,0.03,2026-07-25 15:24:00+00:00
1784993220000,159.49,159.49,159.49,159.49,0,2026-07-25 15:27:00+00:00
1784993400000,159.34,159.54,159.34,159.43,2.78,2026-07-25 15:30:00+00:00
1784993580000,159.43,159.43,159.43,159.43,0,2026-07-25 15:33:00+00:00
1784993760000,159.22,159.23,159.22,159.23,0.13,2026-07-25 15:36:00+00:00
1784993940000,159.23,159.23,159.23,159.23,0.05,2026-07-25 15:39:00+00:00
1784994120000,159.24,159.24,159.24,159.24,0.02,2026-07-25 15:42:00+00:00
1784994300000,159.24,159.24,159.24,159.24,0.36,2026-07-25 15:45:00+00:00
1784994480000,159.22,159.23,159.22,159.23,0.05,2026-07-25 15:48:00+00:00
1784994660000,159.24,159.74,159.24,159.27,1.06,2026-07-25 15:51:00+00:00
1784994840000,159.28,159.71,159.28,159.71,0.24,2026-07-25 15:54:00+00:00
1784995020000,159.3,159.8,159.3,159.8,1.05,2026-07-25 15:57:00+00:00
1784995200000,159.49,159.78,159.49,159.78,0.58,2026-07-25 16:00:00+00:00
1784995380000,159.49,159.49,159.49,159.49,0.06,2026-07-25 16:03:00+00:00
1784995560000,159.49,159.49,159.49,159.49,0.05,2026-07-25 16:06:00+00:00
1784995740000,159.48,159.48,159.48,159.48,0.07,2026-07-25 16:09:00+00:00
1784995920000,159.48,159.48,159.25,159.25,0.19,2026-07-25 16:12:00+00:00
1784996100000,159.25,159.25,159.25,159.25,0.01,2026-07-25 16:15:00+00:00
1784996280000,159.25,159.25,159.25,159.25,0,2026-07-25 16:18:00+00:00
1784996460000,159.2,159.41,159.03,159.4,2.7,2026-07-25 16:21:00+00:00
1784996640000,159.4,159.4,159.4,159.4,0,2026-07-25 16:24:00+00:00
1784996820000,159.31,159.31,159.16,159.19,0.08,2026-07-25 16:27:00+00:00
1784997000000,159.27,159.27,159.27,159.27,0.08,2026-07-25 16:30:00+00:00
1784997180000,159.27,159.27,159.27,159.27,0.19,2026-07-25 16:33:00+00:00
1784997360000,159.27,159.27,159.27,159.27,0,2026-07-25 16:36:00+00:00
1784997540000,159.27,159.27,159.27,159.27,0,2026-07-25 16:39:00+00:00
1784997720000,159.37,159.47,159.37,159.47,0.02,2026-07-25 16:42:00+00:00
1784997900000,159.48,159.64,159.48,159.56,0.26,2026-07-25 16:45:00+00:00
1784998080000,159.61,159.63,159.6,159.63,0.07,2026-07-25 16:48:00+00:00
1784998260000,159.82,159.82,159.8,159.8,0.05,2026-07-25 16:51:00+00:00
1784998440000,159.73,159.73,159.73,159.73,0.04,2026-07-25 16:54:00+00:00
1784998620000,159.77,159.79,159.77,159.77,0.04,2026-07-25 16:57:00+00:00
1784998800000,159.77,159.77,159.77,159.77,0,2026-07-25 17:00:00+00:00
1784998980000,159.76,159.76,159.73,159.73,0.05,2026-07-25 17:03:00+00:00
1784999160000,159.74,159.82,159.74,159.82,0.79,2026-07-25 17:06:00+00:00
1784999340000,159.82,159.82,159.82,159.82,0.02,2026-07-25 17:09:00+00:00
1784999520000,159.93,159.93,159.88,159.88,0.05,2026-07-25 17:12:00+00:00
1784999700000,159.86,159.86,159.66,159.66,0.02,2026-07-25 17:15:00+00:00
1784999880000,159.63,159.84,159.63,159.84,0.41,2026-07-25 17:18:00+00:00
1785000060000,159.84,159.84,159.84,159.84,0,2026-07-25 17:21:00+00:00
1785000240000,159.86,159.86,159.86,159.86,0.18,2026-07-25 17:24:00+00:00
1785000420000,159.86,159.86,159.86,159.86,0,2026-07-25 17:27:00+00:00
1785000600000,159.89,159.89,159.72,159.72,0.06,2026-07-25 17:30:00+00:00
1785000780000,159.88,159.88,159.58,159.62,0.24,2026-07-25 17:33:00+00:00
1785000960000,159.66,159.67,159.66,159.67,0.03,2026-07-25 17:36:00+00:00
1785001140000,159.74,159.92,159.72,159.91,0.5,2026-07-25 17:39:00+00:00
1785001320000,159.75,159.86,159.75,159.86,0.88,2026-07-25 17:42:00+00:00
1785001500000,159.86,159.86,159.86,159.86,0.01,2026-07-25 17:45:00+00:00
1785001680000,159.9,160.29,159.9,160.29,2.31,2026-07-25 17:48:00+00:00
1785001860000,160.28,160.28,160.1,160.12,2.66,2026-07-25 17:51:00+00:00
1785002040000,160.28,160.58,160.28,160.57,0.08,2026-07-25 17:54:00+00:00
1785002220000,160.51,160.51,160.51,160.51,0.01,2026-07-25 17:57:00+00:00
1785002400000,160.51,160.51,160.51,160.51,0.02,2026-07-25 18:00:00+00:00
1785002580000,160.54,160.78,160.54,160.78,0.13,2026-07-25 18:03:00+00:00
1785002760000,160.78,160.78,160.78,160.78,0,2026-07-25 18:06:00+00:00
1785002940000,160.76,160.76,160.76,160.76,0.03,2026-07-25 18:09:00+00:00
1785003120000,160.99,161.26,160.99,161.2,3.09,2026-07-25 18:12:00+00:00
1785003300000,161.1,161.3,161,161,1.6,2026-07-25 18:15:00+00:00
1785003480000,161.15,161.21,160.14,160.57,4.23,2026-07-25 18:18:00+00:00
1785003660000,160.69,160.69,160.24,160.24,6.43,2026-07-25 18:21:00+00:00
1785003840000,160.38,160.38,160.1,160.34,0.86,2026-07-25 18:24:00+00:00
1785004020000,160.34,160.34,160.34,160.34,0,2026-07-25 18:27:00+00:00
1785004200000,160.24,160.48,160.24,160.48,0.23,2026-07-25 18:30:00+00:00
1785004380000,160.58,160.58,160.1,160.1,0.42,2026-07-25 18:33:00+00:00
1785004560000,160.14,160.29,159.35,159.6,5.85,2026-07-25 18:36:00+00:00
1785004740000,159.4,160.31,159.4,160.31,5.52,2026-07-25 18:39:00+00:00
1785004920000,159.94,159.94,159.44,159.55,9.87,2026-07-25 18:42:00+00:00
1785005100000,159.69,159.71,159.69,159.71,0.05,2026-07-25 18:45:00+00:00
1785005280000,159.66,159.75,159.66,159.75,0.06,2026-07-25 18:48:00+00:00
1785005460000,159.77,159.78,159.77,159.78,0.02,2026-07-25 18:51:00+00:00
1785005640000,159.8,159.81,159.8,159.8,0.63,2026-07-25 18:54:00+00:00
1785005820000,159.8,159.8,159.8,159.8,0,2026-07-25 18:57:00+00:00
1785006000000,159.78,159.78,159.78,159.78,0.05,2026-07-25 19:00:00+00:00
1785006180000,159.78,159.81,159.78,159.81,0.09,2026-07-25 19:03:00+00:00
1785006360000,159.78,159.78,159.58,159.58,0.09,2026-07-25 19:06:00+00:00
1785006540000,159.57,159.57,159.4,159.41,0.06,2026-07-25 19:09:00+00:00
1785006720000,159.43,159.44,159.43,159.44,0.11,2026-07-25 19:12:00+00:00
1785006900000,159.44,159.44,159.37,159.37,0.07,2026-07-25 19:15:00+00:00
1785007080000,159.37,159.37,159.2,159.32,0.13,2026-07-25 19:18:00+00:00
1785007260000,159.32,159.33,159.21,159.21,0.18,2026-07-25 19:21:00+00:00
1785007440000,159.21,159.21,159.21,159.21,0,2026-07-25 19:24:00+00:00
1785007620000,159.3,159.3,159.3,159.3,0.03,2026-07-25 19:27:00+00:00
1785007800000,159.21,159.21,159.21,159.21,0.11,2026-07-25 19:30:00+00:00
1785007980000,159.22,159.22,159.22,159.22,0.17,2026-07-25 19:33:00+00:00
1785008160000,159.22,159.22,159.22,159.22,0,2026-07-25 19:36:00+00:00
1785008340000,159.32,159.32,159.32,159.32,0.03,2026-07-25 19:39:00+00:00
1785008520000,159.49,159.49,159.49,159.49,0.08,2026-07-25 19:42:00+00:00
1785008700000,159.5,159.5,159.5,159.5,0.12,2026-07-25 19:45:00+00:00
1785008880000,159.52,159.56,159.52,159.56,0.19,2026-07-25 19:48:00+00:00
1785009060000,159.58,159.58,159.58,159.58,0.07,2026-07-25 19:51:00+00:00
1785009240000,159.52,159.55,159.52,159.55,0.11,2026-07-25 19:54:00+00:00
1785009420000,159.45,159.54,159.45,159.54,0.06,2026-07-25 19:57:00+00:00
1785009600000,159.66,159.66,159.53,159.57,0.15,2026-07-25 20:00:00+00:00
1785009780000,159.52,159.52,159.52,159.52,0.23,2026-07-25 20:03:00+00:00
1785009960000,159.52,159.52,159.52,159.52,0.02,2026-07-25 20:06:00+00:00
1785010140000,159.52,159.79,159.52,159.79,0.06,2026-07-25 20:09:00+00:00
1785010320000,159.79,159.79,159.79,159.79,0,2026-07-25 20:12:00+00:00
1785010500000,159.7,159.91,159.7,159.91,0.65,2026-07-25 20:15:00+00:00
1785010680000,159.94,159.94,159.9,159.9,0.04,2026-07-25 20:18:00+00:00
1785010860000,159.94,159.95,159.94,159.95,0.07,2026-07-25 20:21:00+00:00
1785011040000,159.95,159.95,159.95,159.95,0,2026-07-25 20:24:00+00:00
1785011220000,159.86,159.93,159.86,159.93,0.07,2026-07-25 20:27:00+00:00
1785011400000,159.89,159.89,159.74,159.74,1.93,2026-07-25 20:30:00+00:00
1785011580000,159.74,159.86,159.74,159.86,0.06,2026-07-25 20:33:00+00:00
1785011760000,159.99,159.99,159.84,159.86,0.13,2026-07-25 20:36:00+00:00
1785011940000,160.01,160.01,159.9,159.9,0.07,2026-07-25 20:39:00+00:00
1785012120000,159.88,160.09,159.88,160.09,0.09,2026-07-25 20:42:00+00:00
1785012300000,159.98,159.98,159.98,159.98,0.03,2026-07-25 20:45:00+00:00
1785012480000,160.04,160.04,159.96,159.96,0.07,2026-07-25 20:48:00+00:00
1785012660000,159.96,159.96,159.96,159.96,0,2026-07-25 20:51:00+00:00
1785012840000,160.05,160.35,159.8,160.34,1.64,2026-07-25 20:54:00+00:00
1785013020000,160.34,160.34,160.34,160.34,0,2026-07-25 20:57:00+00:00
1785013200000,160.34,160.34,160.34,160.34,0.06,2026-07-25 21:00:00+00:00
1785013380000,160.35,160.47,160.35,160.47,0.16,2026-07-25 21:03:00+00:00
1785013560000,160.55,160.57,160.5,160.5,0.16,2026-07-25 21:06:00+00:00
1785013740000,160.53,160.53,160.49,160.49,0.05,2026-07-25 21:09:00+00:00
1785013920000,160.54,160.84,160.47,160.84,0.33,2026-07-25 21:12:00+00:00
1785014100000,160.84,160.84,160.78,160.78,0.13,2026-07-25 21:15:00+00:00
1785014280000,160.78,160.8,160.78,160.8,0.14,2026-07-25 21:18:00+00:00
1785014460000,160.81,160.81,160.79,160.79,0.04,2026-07-25 21:21:00+00:00
1785014640000,160.71,160.71,160.62,160.7,0.08,2026-07-25 21:24:00+00:00
1785014820000,160.7,160.7,160.7,160.7,0.04,2026-07-25 21:27:00+00:00
1785015000000,160.69,160.69,160.56,160.56,0.1,2026-07-25 21:30:00+00:00
1785015180000,160.49,160.49,160.45,160.45,0.05,2026-07-25 21:33:00+00:00
1785015360000,160.45,160.45,160.45,160.45,0,2026-07-25 21:36:00+00:00
1785015540000,160.45,160.45,160.45,160.45,0,2026-07-25 21:39:00+00:00
1785015720000,160.33,160.33,160.24,160.24,0.18,2026-07-25 21:42:00+00:00
1785015900000,160.59,160.59,160.59,160.59,0.01,2026-07-25 21:45:00+00:00
1785016080000,160.61,160.61,160.61,160.61,0.13,2026-07-25 21:48:00+00:00
1785016260000,160.25,160.27,160.25,160.27,0.03,2026-07-25 21:51:00+00:00
1785016440000,160.24,160.24,160.24,160.24,0.03,2026-07-25 21:54:00+00:00
1785016620000,160.24,160.24,160.24,160.24,0,2026-07-25 21:57:00+00:00
1785016800000,160.27,160.59,160.27,160.59,0.03,2026-07-25 22:00:00+00:00
1785016980000,160.88,160.88,160.8,160.8,0.07,2026-07-25 22:03:00+00:00
1785017160000,160.55,160.55,160.55,160.55,0.02,2026-07-25 22:06:00+00:00
1785017340000,160.49,160.51,160.46,160.51,0.26,2026-07-25 22:09:00+00:00
1785017520000,160.72,160.72,160.08,160.08,0.05,2026-07-25 22:12:00+00:00
1785017700000,160.11,160.11,160.04,160.05,0.11,2026-07-25 22:15:00+00:00
1785017880000,160.72,160.74,160.32,160.33,0.59,2026-07-25 22:18:00+00:00
1785018060000,160.33,160.85,160.33,160.53,1.43,2026-07-25 22:21:00+00:00
1785018240000,160.32,160.38,160.32,160.38,0.05,2026-07-25 22:24:00+00:00
1785018420000,160.35,160.59,160.25,160.59,0.25,2026-07-25 22:27:00+00:00
1785018600000,160.5,160.72,160.5,160.69,0.21,2026-07-25 22:30:00+00:00
1785018780000,160.72,160.72,160.68,160.68,0.25,2026-07-25 22:33:00+00:00
1785018960000,160.45,160.45,160.45,160.45,0.07,2026-07-25 22:36:00+00:00
1785019140000,160.49,160.59,160.49,160.59,0.06,2026-07-25 22:39:00+00:00
1785019320000,160.61,160.8,160.61,160.8,2.64,2026-07-25 22:42:00+00:00
1785019500000,160.71,160.71,160.52,160.52,0.72,2026-07-25 22:45:00+00:00
1785019680000,160.53,160.53,160.53,160.53,0.04,2026-07-25 22:48:00+00:00
1785019860000,160.53,160.53,160.53,160.53,0,2026-07-25 22:51:00+00:00
1785020040000,160.55,160.66,160.18,160.22,1.87,2026-07-25 22:54:00+00:00
1785020220000,160.12,160.12,160.12,160.12,0.03,2026-07-25 22:57:00+00:00
1785020400000,160.19,160.36,160.19,160.36,0.07,2026-07-25 23:00:00+00:00
1785020580000,160.36,160.36,160.36,160.36,0,2026-07-25 23:03:00+00:00
1785020760000,160.34,160.34,160.18,160.19,3.65,2026-07-25 23:06:00+00:00
1785020940000,160.23,160.25,160.23,160.25,0.05,2026-07-25 23:09:00+00:00
1785021120000,160.19,160.22,160,160.05,0.08,2026-07-25 23:12:00+00:00
1785021300000,160.1,160.1,160.1,160.1,0.03,2026-07-25 23:15:00+00:00
1785021480000,160.08,160.08,160.03,160.07,0.1,2026-07-25 23:18:00+00:00
1785021660000,159.9,159.93,159.9,159.93,0.03,2026-07-25 23:21:00+00:00
1785021840000,159.93,159.93,159.93,159.93,0,2026-07-25 23:24:00+00:00
1785022020000,159.97,159.97,159.94,159.94,0.09,2026-07-25 23:27:00+00:00
1785022200000,159.99,159.99,159.94,159.99,0.16,2026-07-25 23:30:00+00:00
1785022380000,159.96,159.96,159.87,159.89,0.06,2026-07-25 23:33:00+00:00
1785022560000,160.01,160.69,160.01,160.57,0.25,2026-07-25 23:36:00+00:00
1785022740000,160.47,160.54,160.14,160.54,0.22,2026-07-25 23:39:00+00:00
1785022920000,160.45,160.64,160.1,160.13,0.1,2026-07-25 23:42:00+00:00
1785023100000,160.08,160.09,160.08,160.09,0.04,2026-07-25 23:45:00+00:00
1785023280000,160.43,160.43,160.07,160.08,0.15,2026-07-25 23:48:00+00:00
1785023460000,160.14,160.14,160.02,160.02,0.05,2026-07-25 23:51:00+00:00
1785023640000,160.02,160.3,160.02,160.19,0.07,2026-07-25 23:54:00+00:00
1785023820000,160.46,160.69,160.13,160.54,0.22,2026-07-25 23:57:00+00:00
1785024000000,160.67,160.67,160.3,160.47,0.32,2026-07-26 00:00:00+00:00
1785024180000,160.54,160.56,160.11,160.47,1.16,2026-07-26 00:03:00+00:00
1785024360000,160.06,160.51,160.06,160.38,0.26,2026-07-26 00:06:00+00:00
1785024540000,160.01,160.04,160.01,160.04,0.03,2026-07-26 00:09:00+00:00
1785024720000,160.31,160.49,160.13,160.18,0.04,2026-07-26 00:12:00+00:00
1785024900000,160.03,160.07,160.03,160.07,0.04,2026-07-26 00:15:00+00:00
1785025080000,160.03,160.3,159.96,160.01,0.08,2026-07-26 00:18:00+00:00
1785025260000,160.3,160.3,159.96,160.01,0.06,2026-07-26 00:21:00+00:00
1785025440000,159.88,159.93,159.88,159.93,0.06,2026-07-26 00:24:00+00:00
1785025620000,159.93,160.27,159.93,160.27,0.58,2026-07-26 00:27:00+00:00
1785025800000,160.05,160.05,159.88,160,0.24,2026-07-26 00:30:00+00:00
1785025980000,160.03,160.03,159.86,159.93,0.45,2026-07-26 00:33:00+00:00
1785026160000,159.94,160,159.9,159.9,0.77,2026-07-26 00:36:00+00:00
1785026340000,159.97,159.97,159.97,159.97,0.07,2026-07-26 00:39:00+00:00
1785026520000,159.97,160.12,159.87,160.12,0.56,2026-07-26 00:42:00+00:00
1785026700000,160.03,160.03,160.03,160.03,0.57,2026-07-26 00:45:00+00:00
1785026880000,159.76,160.15,159.57,159.79,21.04,2026-07-26 00:48:00+00:00
1785027060000,159.78,160.02,159.77,160.02,1.27,2026-07-26 00:51:00+00:00
1785027240000,160.09,160.66,160.09,160.4,2.24,2026-07-26 00:54:00+00:00
1785027420000,160.4,160.4,160.4,160.4,0,2026-07-26 00:57:00+00:00
1785027600000,160.25,160.25,160.1,160.1,0.05,2026-07-26 01:00:00+00:00
1785027780000,159.85,159.85,159.85,159.85,0.03,2026-07-26 01:03:00+00:00
1785027960000,159.85,159.85,159.74,159.75,0.09,2026-07-26 01:06:00+00:00
1785028140000,159.75,159.75,159.75,159.75,0,2026-07-26 01:09:00+00:00
1785028320000,159.81,159.81,159.81,159.81,0.11,2026-07-26 01:12:00+00:00
1785028500000,159.91,159.91,159.91,159.91,0.06,2026-07-26 01:15:00+00:00
1785028680000,159.86,159.88,159.84,159.85,0.1,2026-07-26 01:18:00+00:00
1785028860000,159.74,159.76,159.74,159.76,0.06,2026-07-26 01:21:00+00:00
1785029040000,159.76,159.76,159.52,159.54,0.91,2026-07-26 01:24:00+00:00
1785029220000,159.5,159.5,159.47,159.47,1.02,2026-07-26 01:27:00+00:00
1785029400000,159.53,159.53,159.4,159.4,1.56,2026-07-26 01:30:00+00:00
1785029580000,159.36,159.62,159.35,159.62,2.84,2026-07-26 01:33:00+00:00
1785029760000,159.63,159.68,159.62,159.65,2.39,2026-07-26 01:36:00+00:00
1785029940000,159.64,159.73,159.64,159.73,0.58,2026-07-26 01:39:00+00:00
1785030120000,159.66,159.67,159.66,159.67,0.02,2026-07-26 01:42:00+00:00
1785030300000,159.7,159.72,159.7,159.72,0.09,2026-07-26 01:45:00+00:00
1785030480000,159.71,159.94,159.71,159.94,0.02,2026-07-26 01:48:00+00:00
1785030660000,159.94,159.94,159.94,159.94,0,2026-07-26 01:51:00+00:00
1785030840000,159.98,160.19,159.98,160.19,0.05,2026-07-26 01:54:00+00:00
1785031020000,160.16,160.17,160.16,160.17,0.03,2026-07-26 01:57:00+00:00
1785031200000,160.17,160.17,160.17,160.17,0,2026-07-26 02:00:00+00:00
1785031380000,160.06,160.33,160.06,160.3,0.06,2026-07-26 02:03:00+00:00
1785031560000,160.29,160.29,160.02,160.2,0.34,2026-07-26 02:06:00+00:00
1785031740000,160.19,160.19,160.16,160.16,0.03,2026-07-26 02:09:00+00:00
1785031920000,160.23,160.25,160.22,160.25,0.38,2026-07-26 02:12:00+00:00
1785032100000,160.22,160.22,160.22,160.22,0.02,2026-07-26 02:15:00+00:00
1785032280000,160.26,160.26,160.24,160.24,0.02,2026-07-26 02:18:00+00:00
1785032460000,160.24,160.24,160.24,160.24,0,2026-07-26 02:21:00+00:00
1785032640000,160.24,160.24,160.24,160.24,0,2026-07-26 02:24:00+00:00
1785032820000,160.21,160.38,160.21,160.38,0.04,2026-07-26 02:27:00+00:00
1785033000000,160.44,160.45,160.34,160.43,1.05,2026-07-26 02:30:00+00:00
1785033180000,160.36,160.36,160.2,160.28,0.4,2026-07-26 02:33:00+00:00
1785033360000,160.44,160.44,160.3,160.3,0.44,2026-07-26 02:36:00+00:00
1785033540000,160.45,160.45,160.44,160.44,0.89,2026-07-26 02:39:00+00:00
1785033720000,160.46,160.73,160.46,160.64,2.03,2026-07-26 02:42:00+00:00
1785033900000,160.64,160.64,160.64,160.64,0.08,2026-07-26 02:45:00+00:00
1785034080000,160.62,160.69,160.6,160.69,0.1,2026-07-26 02:48:00+00:00
1785034260000,160.56,160.56,160.56,160.56,0.02,2026-07-26 02:51:00+00:00
1785034440000,160.6,160.6,160.54,160.54,0.09,2026-07-26 02:54:00+00:00
1785034620000,160.62,160.62,160.61,160.61,0.02,2026-07-26 02:57:00+00:00
1785034800000,160.6,160.62,160.6,160.6,0.07,2026-07-26 03:00:00+00:00
1785034980000,160.47,160.47,160.47,160.47,0.02,2026-07-26 03:03:00+00:00
1785035160000,160.47,160.47,160.47,160.47,0,2026-07-26 03:06:00+00:00
1785035340000,160.37,160.37,160.05,160.11,0.06,2026-07-26 03:09:00+00:00
1785035520000,160.3,160.31,160.17,160.31,0.03,2026-07-26 03:12:00+00:00
1785035700000,160.19,160.19,160.19,160.19,0.01,2026-07-26 03:15:00+00:00
1785035880000,160.02,160.28,160.02,160.08,0.13,2026-07-26 03:18:00+00:00
1785036060000,160.12,160.25,160.12,160.25,0.13,2026-07-26 03:21:00+00:00
1785036240000,160.24,160.24,160.02,160.06,0.1,2026-07-26 03:24:00+00:00
1785036420000,160.03,160.04,160.03,160.04,0.03,2026-07-26 03:27:00+00:00
1785036600000,160.01,160.22,160.01,160.22,0.61,2026-07-26 03:30:00+00:00
1785036780000,160.22,160.22,160.22,160.22,0,2026-07-26 03:33:00+00:00
1785036960000,160.12,160.18,160.12,160.18,0.04,2026-07-26 03:36:00+00:00
1785037140000,160.01,160.13,160.01,160.13,0.18,2026-07-26 03:39:00+00:00
1785037320000,160.06,160.07,160.05,160.05,0.04,2026-07-26 03:42:00+00:00
1785037500000,160.03,160.05,159.96,159.96,6.97,2026-07-26 03:45:00+00:00
1785037680000,159.99,159.99,159.99,159.99,0.08,2026-07-26 03:48:00+00:00
1785037860000,160.04,160.07,160.04,160.07,0.04,2026-07-26 03:51:00+00:00
1785038040000,160.05,160.06,160.05,160.06,0.05,2026-07-26 03:54:00+00:00
1785038220000,160.12,160.12,160.12,160.12,0.04,2026-07-26 03:57:00+00:00
1785038400000,160.13,160.15,160.13,160.15,0.02,2026-07-26 04:00:00+00:00
1785038580000,160.11,160.3,160.02,160.3,1.28,2026-07-26 04:03:00+00:00
1785038760000,160.13,160.19,159.99,160.19,1.01,2026-07-26 04:06:00+00:00
1785038940000,159.99,159.99,159.99,159.99,0.02,2026-07-26 04:09:00+00:00
1785039120000,160.03,160.03,160.01,160.02,0.04,2026-07-26 04:12:00+00:00
1785039300000,160.13,160.13,160.12,160.12,0.02,2026-07-26 04:15:00+00:00
1785039480000,160.09,160.12,160.02,160.04,0.04,2026-07-26 04:18:00+00:00
1785039660000,160.13,160.13,160.13,160.13,0.01,2026-07-26 04:21:00+00:00
1785039840000,160.13,160.13,160.13,160.13,0,2026-07-26 04:24:00+00:00
1785040020000,160.04,160.16,160.04,160.16,0.06,2026-07-26 04:27:00+00:00
1785040200000,160.23,160.23,160.18,160.18,0.05,2026-07-26 04:30:00+00:00
1785040380000,160.32,160.32,160.22,160.22,0.07,2026-07-26 04:33:00+00:00
1785040560000,160.31,160.31,160.26,160.26,0.02,2026-07-26 04:36:00+00:00
1785040740000,160.39,160.39,160.36,160.36,0.02,2026-07-26 04:39:00+00:00
1785040920000,160.42,160.62,160.36,160.62,1.85,2026-07-26 04:42:00+00:00
1785041100000,160.57,160.59,160.53,160.53,0.06,2026-07-26 04:45:00+00:00
1785041280000,160.6,160.79,160.6,160.7,0.16,2026-07-26 04:48:00+00:00
1785041460000,160.79,160.79,160.74,160.74,0.09,2026-07-26 04:51:00+00:00
1785041640000,160.81,160.81,160.64,160.64,0.1,2026-07-26 04:54:00+00:00
1785041820000,160.66,160.66,160.66,160.66,0.01,2026-07-26 04:57:00+00:00
1785042000000,160.82,160.82,160.61,160.62,0.09,2026-07-26 05:00:00+00:00
1785042180000,160.6,160.61,160.31,160.58,3.4,2026-07-26 05:03:00+00:00
1785042360000,160.45,160.45,160.45,160.45,0.01,2026-07-26 05:06:00+00:00
1785042540000,160.45,160.45,160.45,160.45,0,2026-07-26 05:09:00+00:00
1785042720000,160.31,160.31,160.31,160.31,0.19,2026-07-26 05:12:00+00:00
1785042900000,160.13,160.59,160.1,160.59,0.72,2026-07-26 05:15:00+00:00
1785043080000,160.17,160.19,160.17,160.19,0.02,2026-07-26 05:18:00+00:00
1785043260000,160.27,160.27,160.27,160.27,0.03,2026-07-26 05:21:00+00:00
1785043440000,160.27,160.27,160.27,160.27,0,2026-07-26 05:24:00+00:00
1785043620000,160.45,160.52,160.18,160.18,0.43,2026-07-26 05:27:00+00:00
1785043800000,160.14,160.14,160.07,160.08,0.17,2026-07-26 05:30:00+00:00
1785043980000,160.42,160.42,160.17,160.19,0.26,2026-07-26 05:33:00+00:00
1785044160000,160.14,160.21,160.13,160.14,0.11,2026-07-26 05:36:00+00:00
1785044340000,160.19,160.19,160.19,160.19,0.04,2026-07-26 05:39:00+00:00
1785044520000,160.25,160.28,160.25,160.28,0.03,2026-07-26 05:42:00+00:00
1785044700000,160.28,160.28,160.28,160.28,0,2026-07-26 05:45:00+00:00
1785044880000,160.14,160.15,160.14,160.15,0.1,2026-07-26 05:48:00+00:00
1785045060000,160.14,160.32,160.14,160.32,1.92,2026-07-26 05:51:00+00:00
1785045240000,160.12,160.12,160.04,160.04,0.06,2026-07-26 05:54:00+00:00
1785045420000,159.98,160,159.91,159.99,2.89,2026-07-26 05:57:00+00:00
1785045600000,160,160.2,159.82,160.2,1.81,2026-07-26 06:00:00+00:00
1785045780000,160.02,160.02,159.99,159.99,0.07,2026-07-26 06:03:00+00:00
1785045960000,160,160,159.99,159.99,0.1,2026-07-26 06:06:00+00:00
1785046140000,160.05,160.1,159.94,160.1,0.12,2026-07-26 06:09:00+00:00
1785046320000,160.22,160.43,160.22,160.38,0.09,2026-07-26 06:12:00+00:00
1785046500000,160.27,160.27,160.27,160.27,0.01,2026-07-26 06:15:00+00:00
1785046680000,160.15,160.21,159.97,159.97,2.21,2026-07-26 06:18:00+00:00
1785046860000,160.2,160.28,160.13,160.13,0.05,2026-07-26 06:21:00+00:00
1785047040000,160.21,160.21,159.94,160.02,0.08,2026-07-26 06:24:00+00:00
1785047220000,160.02,160.02,159.88,159.93,1.59,2026-07-26 06:27:00+00:00
1785047400000,159.84,159.94,159.84,159.94,0.24,2026-07-26 06:30:00+00:00
1785047580000,159.9,159.9,159.82,159.84,0.63,2026-07-26 06:33:00+00:00
1785047760000,159.84,159.87,159.8,159.8,0.08,2026-07-26 06:36:00+00:00
1785047940000,159.74,159.74,159.74,159.74,0.02,2026-07-26 06:39:00+00:00
1785048120000,160.11,160.12,160.11,160.12,0.11,2026-07-26 06:42:00+00:00
1785048300000,160.11,160.11,160.11,160.11,0.05,2026-07-26 06:45:00+00:00
1785048480000,160.11,160.11,160.11,160.11,0,2026-07-26 06:48:00+00:00
1785048660000,160.09,160.25,160.09,160.25,0.04,2026-07-26 06:51:00+00:00
1785048840000,160.21,160.25,160.21,160.25,0.05,2026-07-26 06:54:00+00:00
1785049020000,160.38,160.38,160.25,160.25,0.05,2026-07-26 06:57:00+00:00
1785049200000,160.25,160.33,160.17,160.3,0.81,2026-07-26 07:00:00+00:00
1785049380000,160.29,160.29,160.1,160.26,0.39,2026-07-26 07:03:00+00:00
1785049560000,160.22,160.38,160.19,160.33,0.22,2026-07-26 07:06:00+00:00
1785049740000,160.38,160.38,160.35,160.38,1,2026-07-26 07:09:00+00:00
1785049920000,160.38,160.53,160.18,160.49,1.01,2026-07-26 07:12:00+00:00
1785050100000,160.43,160.54,160.32,160.32,0.33,2026-07-26 07:15:00+00:00
1785050280000,160.32,160.56,160.21,160.56,0.63,2026-07-26 07:18:00+00:00
1785050460000,160.31,160.54,160.21,160.21,0.67,2026-07-26 07:21:00+00:00
1785050640000,160.53,160.53,160.22,160.51,0.15,2026-07-26 07:24:00+00:00
1785050820000,160.23,160.49,160.23,160.28,0.2,2026-07-26 07:27:00+00:00
1785051000000,160.51,160.52,160.47,160.47,0.17,2026-07-26 07:30:00+00:00
1785051180000,160.54,160.61,160.31,160.31,2.71,2026-07-26 07:33:00+00:00
1785051360000,160.48,160.54,160.48,160.53,2.47,2026-07-26 07:36:00+00:00
1785051540000,160.43,160.62,160.31,160.54,4.8,2026-07-26 07:39:00+00:00
1785051720000,160.59,160.59,160.28,160.45,0.58,2026-07-26 07:42:00+00:00
1785051900000,160.41,160.54,160.41,160.49,0.03,2026-07-26 07:45:00+00:00
1785052080000,160.55,160.55,160.5,160.5,0.06,2026-07-26 07:48:00+00:00
1785052260000,160.56,160.56,160.53,160.53,0.06,2026-07-26 07:51:00+00:00
1785052440000,160.57,160.57,160.55,160.55,0.1,2026-07-26 07:54:00+00:00
1785052620000,160.55,160.55,160.55,160.55,0,2026-07-26 07:57:00+00:00
1785052800000,160.37,160.56,160.28,160.53,0.13,2026-07-26 08:00:00+00:00
1785052980000,160.18,160.57,160.18,160.25,0.1,2026-07-26 08:03:00+00:00
1785053160000,160.25,160.25,160.25,160.25,0,2026-07-26 08:06:00+00:00
1785053340000,160.25,160.25,160.25,160.25,0,2026-07-26 08:09:00+00:00
1785053520000,160.56,160.56,160.35,160.54,0.16,2026-07-26 08:12:00+00:00
1785053700000,160.35,160.55,160.27,160.54,0.42,2026-07-26 08:15:00+00:00
1785053880000,160.26,160.57,160.26,160.57,0.09,2026-07-26 08:18:00+00:00
1785054060000,160.29,160.42,160.29,160.29,0.22,2026-07-26 08:21:00+00:00
1785054240000,160.29,160.58,160.28,160.56,0.22,2026-07-26 08:24:00+00:00
1785054420000,160.35,160.35,160.25,160.25,0.07,2026-07-26 08:27:00+00:00
1785054600000,160.56,160.56,160.23,160.29,0.08,2026-07-26 08:30:00+00:00
1785054780000,160.54,160.54,160.25,160.5,0.1,2026-07-26 08:33:00+00:00
1785054960000,160.53,160.57,160.31,160.55,0.05,2026-07-26 08:36:00+00:00
1785055140000,160.27,160.27,160.2,160.2,0.03,2026-07-26 08:39:00+00:00
1785055320000,160.25,160.25,160.13,160.16,0.08,2026-07-26 08:42:00+00:00
1785055500000,160.15,160.16,160.15,160.16,0.04,2026-07-26 08:45:00+00:00
1785055680000,160.13,160.35,160.13,160.2,0.09,2026-07-26 08:48:00+00:00
1785055860000,160.16,160.16,160.16,160.16,0.03,2026-07-26 08:51:00+00:00
1785056040000,160.08,160.19,160.08,160.19,0.13,2026-07-26 08:54:00+00:00
1785056220000,160.12,160.12,160.09,160.1,0.1,2026-07-26 08:57:00+00:00
1785056400000,160.12,160.27,160.12,160.15,0.16,2026-07-26 09:00:00+00:00
1785056580000,160.11,160.11,160.11,160.11,0.06,2026-07-26 09:03:00+00:00
1785056760000,160.05,160.05,160.05,160.05,0.06,2026-07-26 09:06:00+00:00
1785056940000,160.18,160.18,160.18,160.18,0.01,2026-07-26 09:09:00+00:00
1785057120000,160.08,160.09,160.08,160.09,0.11,2026-07-26 09:12:00+00:00
1785057300000,160.11,160.11,160.11,160.11,0.03,2026-07-26 09:15:00+00:00
1785057480000,160.09,160.09,160.09,160.09,0.7,2026-07-26 09:18:00+00:00
1785057660000,160.11,160.11,160.11,160.11,0.06,2026-07-26 09:21:00+00:00
1785057840000,160.12,160.12,160.12,160.12,0.1,2026-07-26 09:24:00+00:00
1785058020000,160.12,160.12,160.12,160.12,0,2026-07-26 09:27:00+00:00
1785058200000,160.12,160.12,160.12,160.12,0,2026-07-26 09:30:00+00:00
1785058380000,160.11,160.11,160.11,160.11,0.05,2026-07-26 09:33:00+00:00
1785058560000,160.11,160.11,160.11,160.11,0,2026-07-26 09:36:00+00:00
1785058740000,160.11,160.28,159.82,159.84,0.6,2026-07-26 09:39:00+00:00
1785058920000,159.78,159.78,159.72,159.75,1.5,2026-07-26 09:42:00+00:00
1785059100000,159.74,159.76,159.74,159.76,0.02,2026-07-26 09:45:00+00:00
1785059280000,159.72,159.72,159.71,159.71,0.94,2026-07-26 09:48:00+00:00
1785059460000,159.71,159.72,159.56,159.56,1.08,2026-07-26 09:51:00+00:00
1785059640000,159.56,159.62,159.54,159.62,2.25,2026-07-26 09:54:00+00:00
1785059820000,159.9,160.05,159.74,160,0.63,2026-07-26 09:57:00+00:00
1785060000000,159.94,159.94,159.75,159.75,0.46,2026-07-26 10:00:00+00:00
1785060180000,159.73,159.74,159.73,159.74,0.05,2026-07-26 10:03:00+00:00
1785060360000,159.74,159.74,159.74,159.74,0,2026-07-26 10:06:00+00:00
1785060540000,159.71,159.71,159.71,159.71,0.08,2026-07-26 10:09:00+00:00
1785060720000,159.71,159.71,159.54,159.54,1.32,2026-07-26 10:12:00+00:00
1785060900000,159.57,159.57,159.42,159.42,23.61,2026-07-26 10:15:00+00:00
1785061080000,159.24,159.71,159.01,159.47,3.37,2026-07-26 10:18:00+00:00
1785061260000,159.61,159.61,159.6,159.6,0.07,2026-07-26 10:21:00+00:00
1785061440000,159.6,159.87,159.6,159.87,3.54,2026-07-26 10:24:00+00:00
1785061620000,160.04,160.2,159.96,159.96,8.09,2026-07-26 10:27:00+00:00
1785061800000,159.98,160.03,159.93,159.95,0.17,2026-07-26 10:30:00+00:00
1785061980000,160.18,160.18,160.18,160.18,0.02,2026-07-26 10:33:00+00:00
1785062160000,160.18,160.18,160.18,160.18,0,2026-07-26 10:36:00+00:00
1785062340000,160.3,160.3,160.3,160.3,0.01,2026-07-26 10:39:00+00:00
1785062520000,160.37,160.37,160.3,160.3,0.25,2026-07-26 10:42:00+00:00
1785062700000,160.45,160.45,160.44,160.44,0.07,2026-07-26 10:45:00+00:00
1785062880000,160.41,160.41,160.41,160.41,0.05,2026-07-26 10:48:00+00:00
1785063060000,160.42,160.45,160.42,160.45,0.1,2026-07-26 10:51:00+00:00
1785063240000,160.43,160.43,160.39,160.39,0.16,2026-07-26 10:54:00+00:00
1785063420000,160.39,160.39,160.39,160.39,0.05,2026-07-26 10:57:00+00:00
1785063600000,160.38,160.38,160.37,160.37,0.07,2026-07-26 11:00:00+00:00
1785063780000,160.26,160.26,160.26,160.26,0.06,2026-07-26 11:03:00+00:00
1785063960000,160.25,160.25,160.19,160.19,0.06,2026-07-26 11:06:00+00:00
1785064140000,160.19,160.19,160.19,160.19,0,2026-07-26 11:09:00+00:00
1785064320000,160.2,160.45,160.2,160.42,0.76,2026-07-26 11:12:00+00:00
1785064500000,160.42,160.42,160.41,160.41,0.04,2026-07-26 11:15:00+00:00
1785064680000,160.42,160.42,160.36,160.36,0.07,2026-07-26 11:18:00+00:00
1785064860000,160.51,160.51,160.51,160.51,0.11,2026-07-26 11:21:00+00:00
1785065040000,160.48,160.68,160.48,160.68,0.13,2026-07-26 11:24:00+00:00
1785065220000,160.67,160.67,160.67,160.67,0.95,2026-07-26 11:27:00+00:00
1785065400000,160.72,160.72,160.7,160.7,0.76,2026-07-26 11:30:00+00:00
1785065580000,160.7,160.7,160.53,160.53,0.72,2026-07-26 11:33:00+00:00
1785065760000,160.68,160.68,160.68,160.68,0.05,2026-07-26 11:36:00+00:00
1785065940000,160.6,160.72,160.6,160.68,1.55,2026-07-26 11:39:00+00:00
1785066120000,160.62,160.62,160.62,160.62,0.08,2026-07-26 11:42:00+00:00
1785066300000,160.62,160.62,160.62,160.62,0.18,2026-07-26 11:45:00+00:00
1785066480000,160.62,160.72,160.18,160.18,12.99,2026-07-26 11:48:00+00:00
1785066660000,160.34,160.34,160.34,160.34,0.03,2026-07-26 11:51:00+00:00
1785066840000,160.2,160.2,160.2,160.2,1.76,2026-07-26 11:54:00+00:00
1785067020000,160.18,160.18,160.18,160.18,0.5,2026-07-26 11:57:00+00:00
1785067200000,159.98,160,159.8,159.8,1.42,2026-07-26 12:00:00+00:00
1785067380000,159.98,159.98,159.98,159.98,0.01,2026-07-26 12:03:00+00:00
1785067560000,160.06,160.06,160.03,160.03,0.12,2026-07-26 12:06:00+00:00
1785067740000,160.05,160.07,160.05,160.07,0.04,2026-07-26 12:09:00+00:00
1785067920000,159.99,160.12,159.98,160.12,0.04,2026-07-26 12:12:00+00:00
1785068100000,160.05,160.18,160.05,160.18,0.86,2026-07-26 12:15:00+00:00
1785068280000,160.06,160.06,159.93,159.94,1.04,2026-07-26 12:18:00+00:00
1785068460000,159.91,160.24,159.91,160.22,2.32,2026-07-26 12:21:00+00:00
1785068640000,159.93,159.96,159.88,159.88,0.06,2026-07-26 12:24:00+00:00
1785068820000,159.93,160.03,159.9,160.03,1.81,2026-07-26 12:27:00+00:00
1785069000000,160.04,160.04,159.9,159.94,0.1,2026-07-26 12:30:00+00:00
1785069180000,160.04,160.04,159.96,159.96,0.15,2026-07-26 12:33:00+00:00
1785069360000,160.02,160.02,159.95,159.95,0.05,2026-07-26 12:36:00+00:00
1785069540000,159.89,159.94,159.89,159.94,0.13,2026-07-26 12:39:00+00:00
1785069720000,159.87,159.87,159.87,159.87,0.06,2026-07-26 12:42:00+00:00
1785069900000,159.97,159.97,159.68,159.77,1.09,2026-07-26 12:45:00+00:00
1785070080000,159.81,159.81,159.75,159.75,0.15,2026-07-26 12:48:00+00:00
1785070260000,159.84,159.99,159.75,159.99,0.26,2026-07-26 12:51:00+00:00
1785070440000,159.77,160.03,159.77,159.77,0.67,2026-07-26 12:54:00+00:00
1785070620000,159.78,159.8,159.78,159.8,0.03,2026-07-26 12:57:00+00:00
1785070800000,159.73,159.82,159.73,159.82,0.1,2026-07-26 13:00:00+00:00
1785070980000,159.9,159.9,159.87,159.88,0.11,2026-07-26 13:03:00+00:00
1785071160000,159.88,159.88,159.88,159.88,0,2026-07-26 13:06:00+00:00
1785071340000,159.81,159.81,159.81,159.81,0.23,2026-07-26 13:09:00+00:00
1785071520000,159.66,159.95,159.66,159.95,0.08,2026-07-26 13:12:00+00:00
1785071700000,159.84,159.93,159.84,159.93,0.09,2026-07-26 13:15:00+00:00
1785071880000,160.05,160.09,159.85,159.88,0.22,2026-07-26 13:18:00+00:00
1785072060000,160.11,160.11,160.11,160.11,0.01,2026-07-26 13:21:00+00:00
1785072240000,159.92,160.03,159.92,159.95,0.05,2026-07-26 13:24:00+00:00
1785072420000,160.01,160.01,159.79,159.99,0.15,2026-07-26 13:27:00+00:00
1785072600000,159.94,159.94,159.69,159.74,0.61,2026-07-26 13:30:00+00:00
1785072780000,159.86,159.87,159.64,159.87,0.17,2026-07-26 13:33:00+00:00
1785072960000,159.8,159.93,159.77,159.77,0.07,2026-07-26 13:36:00+00:00
1785073140000,160.01,160.01,159.8,159.99,0.07,2026-07-26 13:39:00+00:00
1785073320000,159.99,159.99,159.99,159.99,0,2026-07-26 13:42:00+00:00
1785073500000,160.05,160.05,159.64,159.64,8.38,2026-07-26 13:45:00+00:00
1785073680000,159.91,160.05,159.8,160.05,0.24,2026-07-26 13:48:00+00:00
1785073860000,160.05,160.05,160.05,160.05,0,2026-07-26 13:51:00+00:00
1785074040000,159.86,159.87,159.86,159.87,0.02,2026-07-26 13:54:00+00:00
1785074220000,159.87,159.87,159.87,159.87,0,2026-07-26 13:57:00+00:00
1785074400000,159.95,160.08,159.95,160.02,0.08,2026-07-26 14:00:00+00:00
1785074580000,160.12,160.12,159.67,159.75,7.51,2026-07-26 14:03:00+00:00
1785074760000,159.5,159.9,159.4,159.9,2.58,2026-07-26 14:06:00+00:00
1785074940000,159.9,159.9,159.9,159.9,0,2026-07-26 14:09:00+00:00
1785075120000,159.9,159.9,159.9,159.9,0,2026-07-26 14:12:00+00:00
1785075300000,159.45,159.45,159.36,159.43,0.81,2026-07-26 14:15:00+00:00
1785075480000,159.4,159.53,159.3,159.3,0.65,2026-07-26 14:18:00+00:00
1785075660000,159.22,159.22,159.21,159.21,0.57,2026-07-26 14:21:00+00:00
1785075840000,159.2,159.24,158.72,158.72,6.73,2026-07-26 14:24:00+00:00
1785076020000,158.98,158.98,158.31,158.31,17.08,2026-07-26 14:27:00+00:00
1785076200000,158.42,158.77,158.3,158.76,5.12,2026-07-26 14:30:00+00:00
1785076380000,158.6,158.84,158.59,158.84,2.06,2026-07-26 14:33:00+00:00
1785076560000,158.83,159.18,158.83,159.18,0.29,2026-07-26 14:36:00+00:00
1785076740000,159.18,159.61,159.18,159.61,13.84,2026-07-26 14:39:00+00:00
1785076920000,159.61,159.61,159.61,159.61,0,2026-07-26 14:42:00+00:00
1785077100000,159.32,159.48,159.32,159.48,0.27,2026-07-26 14:45:00+00:00
1785077280000,159.51,159.51,159.51,159.51,0.08,2026-07-26 14:48:00+00:00
1785077460000,159.37,159.59,159.37,159.59,0.05,2026-07-26 14:51:00+00:00
1785077640000,159.63,159.91,159.6,159.91,0.13,2026-07-26 14:54:00+00:00
1785077820000,159.85,159.85,159.83,159.83,0.12,2026-07-26 14:57:00+00:00
1785078000000,159.8,159.8,159.8,159.8,0.04,2026-07-26 15:00:00+00:00
1785078180000,159.62,159.62,159.3,159.3,0.13,2026-07-26 15:03:00+00:00
1785078360000,159.27,159.27,159.27,159.27,0.03,2026-07-26 15:06:00+00:00
1785078540000,159.2,159.63,159.18,159.42,1.45,2026-07-26 15:09:00+00:00
1785078720000,159.12,159.14,159.12,159.14,0.05,2026-07-26 15:12:00+00:00
1785078900000,159.14,159.14,159.14,159.14,0,2026-07-26 15:15:00+00:00
1785079080000,159.25,159.48,159.25,159.44,0.23,2026-07-26 15:18:00+00:00
1785079260000,159.29,159.29,159.19,159.19,0.24,2026-07-26 15:21:00+00:00
1785079440000,159.23,159.23,159.23,159.23,0.01,2026-07-26 15:24:00+00:00
1785079620000,159.21,159.21,158.78,158.86,8.86,2026-07-26 15:27:00+00:00
1785079800000,158.89,158.94,158.51,158.63,4.72,2026-07-26 15:30:00+00:00
1785079980000,158.67,158.67,158.53,158.53,0.22,2026-07-26 15:33:00+00:00
1785080160000,158.57,158.69,158.57,158.69,0.03,2026-07-26 15:36:00+00:00
1785080340000,158.65,158.65,158.07,158.07,3.27,2026-07-26 15:39:00+00:00
1785080520000,158.07,158.44,158.07,158.44,0.51,2026-07-26 15:42:00+00:00
1785080700000,158.43,158.44,158.28,158.4,1.32,2026-07-26 15:45:00+00:00
1785080880000,158.41,158.43,158.37,158.37,0.09,2026-07-26 15:48:00+00:00
1785081060000,158.43,158.43,158.32,158.32,1.06,2026-07-26 15:51:00+00:00
1785081240000,158.31,158.39,158.31,158.39,0.1,2026-07-26 15:54:00+00:00
1785081420000,158.27,158.36,158.24,158.24,0.21,2026-07-26 15:57:00+00:00
1785081600000,158.28,158.31,158.21,158.21,0.08,2026-07-26 16:00:00+00:00
1785081780000,158.2,158.2,158.2,158.2,0.02,2026-07-26 16:03:00+00:00
1785081960000,158.2,158.2,158.2,158.2,0,2026-07-26 16:06:00+00:00
1785082140000,158.18,158.34,158.18,158.31,0.05,2026-07-26 16:09:00+00:00
1785082320000,158.29,158.29,158.29,158.29,0.01,2026-07-26 16:12:00+00:00
1785082500000,158.29,158.29,158.29,158.29,0,2026-07-26 16:15:00+00:00
1785082680000,158.33,158.67,158.33,158.49,3.68,2026-07-26 16:18:00+00:00
1785082860000,158.36,158.36,158.34,158.34,0.5,2026-07-26 16:21:00+00:00
1785083040000,158.46,158.48,158.46,158.48,0.13,2026-07-26 16:24:00+00:00
1785083220000,158.64,158.8,158.64,158.8,0.64,2026-07-26 16:27:00+00:00
1785083400000,158.92,159.16,158.92,159.13,0.36,2026-07-26 16:30:00+00:00
1785083580000,158.84,158.93,158.68,158.93,0.35,2026-07-26 16:33:00+00:00
1785083760000,159.05,159.05,159.03,159.03,0.08,2026-07-26 16:36:00+00:00
1785083940000,158.77,158.84,158.63,158.77,0.08,2026-07-26 16:39:00+00:00
1785084120000,158.89,158.94,158.73,158.78,1.47,2026-07-26 16:42:00+00:00
1785084300000,158.88,158.88,158.76,158.84,0.05,2026-07-26 16:45:00+00:00
1785084480000,158.76,158.77,158.76,158.76,0.06,2026-07-26 16:48:00+00:00
1785084660000,158.89,158.89,158.76,158.76,0.08,2026-07-26 16:51:00+00:00
1785084840000,158.7,158.7,158.7,158.7,0.08,2026-07-26 16:54:00+00:00
1785085020000,158.84,158.84,158.79,158.81,0.07,2026-07-26 16:57:00+00:00
1785085200000,158.83,158.83,158.69,158.69,0.57,2026-07-26 17:00:00+00:00
1785085380000,158.76,158.96,158.68,158.96,1.8,2026-07-26 17:03:00+00:00
1785085560000,158.75,158.86,158.71,158.77,0.33,2026-07-26 17:06:00+00:00
1785085740000,158.88,158.88,158.67,158.73,0.11,2026-07-26 17:09:00+00:00
1785085920000,158.58,158.85,158.58,158.66,0.18,2026-07-26 17:12:00+00:00
1785086100000,158.72,159.06,158.68,159.06,0.18,2026-07-26 17:15:00+00:00
1785086280000,158.88,158.97,158.83,158.83,0.04,2026-07-26 17:18:00+00:00
1785086460000,158.88,159.04,158.88,159.04,0.11,2026-07-26 17:21:00+00:00
1785086640000,158.83,159.12,158.83,158.91,0.05,2026-07-26 17:24:00+00:00
1785086820000,159.08,159.08,159.08,159.08,0.01,2026-07-26 17:27:00+00:00
1785087000000,158.75,158.97,158.75,158.97,0.12,2026-07-26 17:30:00+00:00
1785087180000,158.81,159.08,158.81,159.08,0.1,2026-07-26 17:33:00+00:00
1785087360000,158.86,158.86,158.86,158.86,0.05,2026-07-26 17:36:00+00:00
1785087540000,159.02,159.08,158.98,159.08,0.06,2026-07-26 17:39:00+00:00
1785087720000,158.95,158.95,158.95,158.95,0.01,2026-07-26 17:42:00+00:00
1785087900000,158.9,158.98,158.9,158.98,0.03,2026-07-26 17:45:00+00:00
1785088080000,158.78,158.78,158.78,158.78,0.03,2026-07-26 17:48:00+00:00
1785088260000,158.72,158.74,158.72,158.74,0.03,2026-07-26 17:51:00+00:00
1785088440000,158.8,158.92,158.73,158.74,0.06,2026-07-26 17:54:00+00:00
1785088620000,158.81,158.85,158.81,158.85,0.03,2026-07-26 17:57:00+00:00
1785088800000,158.88,158.88,158.87,158.87,0.32,2026-07-26 18:00:00+00:00
1785088980000,158.98,158.98,158.68,158.68,0.08,2026-07-26 18:03:00+00:00
1785089160000,158.68,158.68,158.68,158.68,0,2026-07-26 18:06:00+00:00
1785089340000,158.88,158.88,158.74,158.77,0.03,2026-07-26 18:09:00+00:00
1785089520000,158.79,158.89,158.79,158.83,0.44,2026-07-26 18:12:00+00:00
1785089700000,158.83,159.01,158.78,159.01,0.09,2026-07-26 18:15:00+00:00
1785089880000,158.77,159,158.77,158.85,0.56,2026-07-26 18:18:00+00:00
1785090060000,158.98,158.98,158.8,158.8,0.12,2026-07-26 18:21:00+00:00
1785090240000,158.82,158.86,158.82,158.86,0.43,2026-07-26 18:24:00+00:00
1785090420000,158.68,158.93,158.68,158.93,0.13,2026-07-26 18:27:00+00:00
1785090600000,158.8,158.96,158.8,158.96,0.09,2026-07-26 18:30:00+00:00
1785090780000,158.96,158.96,158.96,158.96,0,2026-07-26 18:33:00+00:00
1785090960000,158.84,159.24,158.84,159.24,9.46,2026-07-26 18:36:00+00:00
1785091140000,159.3,159.41,159.29,159.41,0.18,2026-07-26 18:39:00+00:00
1785091320000,159.26,159.35,159.19,159.31,0.59,2026-07-26 18:42:00+00:00
1785091500000,159.35,159.35,159.35,159.35,0.05,2026-07-26 18:45:00+00:00
1785091680000,159.37,159.38,159.33,159.37,1.04,2026-07-26 18:48:00+00:00
1785091860000,159.32,159.4,159.32,159.4,0.04,2026-07-26 18:51:00+00:00
1785092040000,159.32,159.32,159.32,159.32,0.02,2026-07-26 18:54:00+00:00
1785092220000,159.29,159.42,159.29,159.42,0.04,2026-07-26 18:57:00+00:00
1785092400000,159.42,159.42,159.09,159.09,0.08,2026-07-26 19:00:00+00:00
1785092580000,159.17,159.19,159.17,159.19,0.04,2026-07-26 19:03:00+00:00
1785092760000,159.26,159.29,159.11,159.19,1.88,2026-07-26 19:06:00+00:00
1785092940000,159.25,159.25,159.25,159.25,0.01,2026-07-26 19:09:00+00:00
1785093120000,159.28,159.28,159.23,159.23,0.02,2026-07-26 19:12:00+00:00
1785093300000,158.99,158.99,158.99,158.99,0.04,2026-07-26 19:15:00+00:00
1785093480000,159.09,159.22,159,159.2,0.33,2026-07-26 19:18:00+00:00
1785093660000,159.23,159.35,159.2,159.35,0.24,2026-07-26 19:21:00+00:00
1785093840000,159.37,159.51,159.37,159.49,1.29,2026-07-26 19:24:00+00:00
1785094020000,159.3,159.3,159.28,159.28,0.05,2026-07-26 19:27:00+00:00
1785094200000,159.47,159.48,159.39,159.44,0.13,2026-07-26 19:30:00+00:00
1785094380000,159.44,159.44,159.33,159.33,0.25,2026-07-26 19:33:00+00:00
1785094560000,159.3,159.34,159.29,159.29,0.04,2026-07-26 19:36:00+00:00
1785094740000,159.33,159.51,159.33,159.46,0.07,2026-07-26 19:39:00+00:00
1785094920000,159.45,159.53,159.36,159.51,2.72,2026-07-26 19:42:00+00:00
1785095100000,159.51,159.51,159.51,159.51,0.01,2026-07-26 19:45:00+00:00
1785095280000,159.45,159.45,159.41,159.41,0.06,2026-07-26 19:48:00+00:00
1785095460000,159.42,159.7,159.42,159.7,0.1,2026-07-26 19:51:00+00:00
1785095640000,159.68,159.68,159.62,159.62,0.23,2026-07-26 19:54:00+00:00
1785095820000,159.62,159.68,159.62,159.62,0.14,2026-07-26 19:57:00+00:00
1785096000000,159.64,159.64,159.47,159.47,0.07,2026-07-26 20:00:00+00:00
1785096180000,159.47,159.47,159.47,159.47,0,2026-07-26 20:03:00+00:00
1785096360000,159.47,159.47,159.47,159.47,0,2026-07-26 20:06:00+00:00
1785096540000,159.37,159.37,159.37,159.37,0.01,2026-07-26 20:09:00+00:00
1785096720000,159.15,159.34,159.11,159.34,0.53,2026-07-26 20:12:00+00:00
1785096900000,159.21,159.24,159.21,159.24,0.03,2026-07-26 20:15:00+00:00
1785097080000,159.26,159.26,159.26,159.26,0.02,2026-07-26 20:18:00+00:00
1785097260000,159.25,159.25,159.25,159.25,0.02,2026-07-26 20:21:00+00:00
1785097440000,159.36,159.36,159.21,159.24,0.04,2026-07-26 20:24:00+00:00
1785097620000,159.18,159.19,159.18,159.19,0.02,2026-07-26 20:27:00+00:00
1785097800000,159.22,159.24,159.18,159.21,0.05,2026-07-26 20:30:00+00:00
1785097980000,159.32,159.32,159.27,159.27,0.11,2026-07-26 20:33:00+00:00
1785098160000,159.15,159.15,159.11,159.15,0.08,2026-07-26 20:36:00+00:00
1785098340000,159.18,159.25,159.18,159.25,0.04,2026-07-26 20:39:00+00:00
1785098520000,159.17,159.3,159.17,159.3,0.07,2026-07-26 20:42:00+00:00
1785098700000,159.23,159.25,159.23,159.25,0.03,2026-07-26 20:45:00+00:00
1785098880000,159.21,159.21,159.09,159.2,0.05,2026-07-26 20:48:00+00:00
1785099060000,159.07,159.14,159.07,159.14,0.04,2026-07-26 20:51:00+00:00
1785099240000,159.21,159.23,159.18,159.18,0.09,2026-07-26 20:54:00+00:00
1785099420000,159.05,159.1,159.05,159.1,0.06,2026-07-26 20:57:00+00:00
1785099600000,159.14,159.19,159.07,159.07,0.13,2026-07-26 21:00:00+00:00
1785099780000,159.11,159.32,159.11,159.32,6.38,2026-07-26 21:03:00+00:00
1785099960000,159.05,159.23,159.05,159.17,0.17,2026-07-26 21:06:00+00:00
1785100140000,159.07,159.13,159.07,159.13,0.53,2026-07-26 21:09:00+00:00
1785100320000,159.08,159.32,159.06,159.32,0.09,2026-07-26 21:12:00+00:00
1785100500000,159.44,159.46,159.44,159.46,0.06,2026-07-26 21:15:00+00:00
1785100680000,159.5,159.55,159.5,159.55,0.03,2026-07-26 21:18:00+00:00
1785100860000,159.5,159.61,159.49,159.49,0.05,2026-07-26 21:21:00+00:00
1785101040000,159.28,159.4,159.27,159.4,0.11,2026-07-26 21:24:00+00:00
1785101220000,159.32,159.32,159.29,159.29,0.04,2026-07-26 21:27:00+00:00
1785101400000,159.29,159.34,159.28,159.28,0.22,2026-07-26 21:30:00+00:00
1785101580000,159.26,159.26,159.25,159.25,0.18,2026-07-26 21:33:00+00:00
1785101760000,159.16,159.16,159.13,159.13,1.73,2026-07-26 21:36:00+00:00
1785101940000,159.01,159.01,159.01,159.01,0.01,2026-07-26 21:39:00+00:00
1785102120000,158.94,158.99,158.94,158.94,0.34,2026-07-26 21:42:00+00:00
1785102300000,158.88,158.89,158.88,158.89,0.06,2026-07-26 21:45:00+00:00
1785102480000,158.79,158.97,158.79,158.97,0.1,2026-07-26 21:48:00+00:00
1785102660000,158.96,158.99,158.96,158.99,0.03,2026-07-26 21:51:00+00:00
1785102840000,158.77,158.88,158.77,158.88,0.05,2026-07-26 21:54:00+00:00
1785103020000,158.84,158.86,158.84,158.86,0.07,2026-07-26 21:57:00+00:00
1785103200000,159.4,159.47,159.39,159.46,0.43,2026-07-26 22:00:00+00:00
1785103380000,159.38,159.38,159.38,159.38,0.17,2026-07-26 22:03:00+00:00
1785103560000,159.18,159.18,159.08,159.09,0.2,2026-07-26 22:06:00+00:00
1785103740000,159.16,159.16,159.06,159.06,0.17,2026-07-26 22:09:00+00:00
1785103920000,159.26,159.84,159.23,159.84,6.64,2026-07-26 22:12:00+00:00
1785104100000,159.8,161.26,159.78,160.93,10.25,2026-07-26 22:15:00+00:00
1785104280000,160.91,160.91,160.64,160.64,0.45,2026-07-26 22:18:00+00:00
1785104460000,160.44,160.73,160.44,160.73,1.56,2026-07-26 22:21:00+00:00
1785104640000,160.63,160.66,160.31,160.31,0.43,2026-07-26 22:24:00+00:00
1785104820000,160.35,160.35,160.33,160.33,0.05,2026-07-26 22:27:00+00:00
1785105000000,160.37,160.42,160.37,160.42,0.26,2026-07-26 22:30:00+00:00
1785105180000,160.3,160.3,160.1,160.1,0.77,2026-07-26 22:33:00+00:00
1785105360000,160.05,160.05,159.79,159.79,0.26,2026-07-26 22:36:00+00:00
1785105540000,159.75,159.77,159.75,159.77,0.05,2026-07-26 22:39:00+00:00
1785105720000,159.8,159.83,159.72,159.74,0.09,2026-07-26 22:42:00+00:00
1785105900000,159.75,160.03,159.75,160.03,1.7,2026-07-26 22:45:00+00:00
1785106080000,159.71,159.84,159.71,159.84,0.07,2026-07-26 22:48:00+00:00
1785106260000,159.72,159.77,159.72,159.77,0.07,2026-07-26 22:51:00+00:00
1785106440000,159.71,159.71,159.68,159.68,0.07,2026-07-26 22:54:00+00:00
1785106620000,159.74,159.74,159.68,159.68,0.08,2026-07-26 22:57:00+00:00
1785106800000,159.69,159.88,159.68,159.68,0.72,2026-07-26 23:00:00+00:00
1785106980000,159.83,159.97,159.83,159.97,0.66,2026-07-26 23:03:00+00:00
1785107160000,159.93,160.01,159.93,159.98,0.21,2026-07-26 23:06:00+00:00
1785107340000,160.06,160.06,160.05,160.05,0.11,2026-07-26 23:09:00+00:00
1785107520000,159.91,159.91,159.91,159.91,0.07,2026-07-26 23:12:00+00:00
1785107700000,159.84,159.84,159.84,159.84,0.03,2026-07-26 23:15:00+00:00
1785107880000,159.84,160.09,159.79,160.09,2.75,2026-07-26 23:18:00+00:00
1785108060000,160.09,160.09,160.09,160.09,0,2026-07-26 23:21:00+00:00
1785108240000,160.04,160.12,159.89,159.97,0.55,2026-07-26 23:24:00+00:00
1785108420000,159.98,160.11,159.98,160.11,0.11,2026-07-26 23:27:00+00:00
1785108600000,159.95,160.05,159.93,160.05,0.19,2026-07-26 23:30:00+00:00
1785108780000,160.01,160.01,159.93,159.93,0.2,2026-07-26 23:33:00+00:00
1785108960000,159.75,159.84,159.75,159.84,0.09,2026-07-26 23:36:00+00:00
1785109140000,159.89,159.92,159.68,159.71,16.39,2026-07-26 23:39:00+00:00
1785109320000,159.87,159.98,159.87,159.92,5.42,2026-07-26 23:42:00+00:00
1785109500000,159.75,159.76,159.75,159.76,0.02,2026-07-26 23:45:00+00:00
1785109680000,159.75,159.84,159.75,159.84,0.06,2026-07-26 23:48:00+00:00
1785109860000,159.78,159.8,159.78,159.8,0.02,2026-07-26 23:51:00+00:00
1785110040000,159.67,159.68,159.67,159.67,0.05,2026-07-26 23:54:00+00:00
1785110220000,159.67,159.67,159.67,159.67,0,2026-07-26 23:57:00+00:00
1785110400000,159.67,159.67,159.67,159.67,0,2026-07-27 00:00:00+00:00
1785110580000,159.79,159.79,159.53,159.53,0.04,2026-07-27 00:03:00+00:00
1785110760000,159.51,159.53,159.42,159.42,0.28,2026-07-27 00:06:00+00:00
1785110940000,159.21,159.21,159.21,159.21,0.05,2026-07-27 00:09:00+00:00
1785111120000,159.3,159.3,159.3,159.3,0.01,2026-07-27 00:12:00+00:00
1785111300000,159.25,159.25,158.76,158.82,2.13,2026-07-27 00:15:00+00:00
1785111480000,158.8,158.82,158.56,158.73,0.59,2026-07-27 00:18:00+00:00
1785111660000,158.67,158.7,158.54,158.54,0.42,2026-07-27 00:21:00+00:00
1785111840000,158.61,159.08,158.56,158.83,11.97,2026-07-27 00:24:00+00:00
1785112020000,158.67,158.74,158.46,158.48,0.79,2026-07-27 00:27:00+00:00
1785112200000,158.45,158.57,158.45,158.57,0.31,2026-07-27 00:30:00+00:00
1785112380000,158.45,158.6,158.43,158.52,1.9,2026-07-27 00:33:00+00:00
1785112560000,158.42,158.66,157.96,158.55,48.28,2026-07-27 00:36:00+00:00
1785112740000,158.15,158.35,158.15,158.35,0.15,2026-07-27 00:39:00+00:00
1785112920000,158.19,158.22,157.99,157.99,2.6,2026-07-27 00:42:00+00:00
1785113100000,157.95,158.01,157.94,157.97,2.45,2026-07-27 00:45:00+00:00
1785113280000,157.87,157.97,157.85,157.96,2.32,2026-07-27 00:48:00+00:00
1785113460000,157.72,157.98,157.7,157.98,2.09,2026-07-27 00:51:00+00:00
1785113640000,157.85,157.93,157.85,157.89,1.74,2026-07-27 00:54:00+00:00
1785113820000,157.9,157.9,157.82,157.9,5.63,2026-07-27 00:57:00+00:00
1785114000000,157.98,158.04,157.86,158.03,1.12,2026-07-27 01:00:00+00:00
1785114180000,158.05,158.48,158.05,158.48,9.5,2026-07-27 01:03:00+00:00
1785114360000,158.22,158.41,158.2,158.31,12.75,2026-07-27 01:06:00+00:00
1785114540000,158.5,160.26,158.5,159.24,8.84,2026-07-27 01:09:00+00:00
1785114720000,159.47,160.3,159.41,160.26,1.72,2026-07-27 01:12:00+00:00
1785114900000,159.65,160.01,159.5,160.01,4.33,2026-07-27 01:15:00+00:00
1785115080000,160,161.45,159.8,160.61,35.63,2026-07-27 01:18:00+00:00
1785115260000,160.81,161.67,160.81,161.06,7.62,2026-07-27 01:21:00+00:00
1785115440000,161.14,161.14,160.98,160.98,0.06,2026-07-27 01:24:00+00:00
1785115620000,161.22,161.22,160.13,160.38,6.17,2026-07-27 01:27:00+00:00
1785115800000,160.1,164.15,155.16,163.17,265.62,2026-07-27 01:30:00+00:00
1785115980000,163.11,163.5,159,159.09,156.1,2026-07-27 01:33:00+00:00
1785116160000,159.21,159.21,155.88,157.4,342.02,2026-07-27 01:36:00+00:00
1785116340000,157.42,161.18,157.06,159.42,228.14,2026-07-27 01:39:00+00:00
1785116520000,159.94,161.78,158.42,158.42,186.38,2026-07-27 01:42:00+00:00
1785116700000,158.86,159.84,158.4,158.95,138.05,2026-07-27 01:45:00+00:00
1785116880000,159.59,161.2,159.18,161.11,121.93,2026-07-27 01:48:00+00:00
1785117060000,161.09,163.27,160.74,163.27,410.39,2026-07-27 01:51:00+00:00
1785117240000,163.07,164.66,161.72,164.06,217.67,2026-07-27 01:54:00+00:00
1785117420000,164.42,168.72,164.42,166.27,159.55,2026-07-27 01:57:00+00:00
1785117600000,165.89,167.58,164.32,165.57,438.24,2026-07-27 02:00:00+00:00
1785117780000,165.79,166.5,163.31,164.99,251.44,2026-07-27 02:03:00+00:00
1785117960000,165.2,166.53,164.79,166.05,333.03,2026-07-27 02:06:00+00:00
1785118140000,166.42,167.21,165.3,165.3,246.21,2026-07-27 02:09:00+00:00
1785118320000,165.59,168.4,165.59,168.3,226.77,2026-07-27 02:12:00+00:00
1785118500000,168.12,169.52,167.28,168.2,229.52,2026-07-27 02:15:00+00:00
1785118680000,168.13,169.52,166.56,166.73,166.13,2026-07-27 02:18:00+00:00
1785118860000,166.85,168.08,166.28,167.66,225.33,2026-07-27 02:21:00+00:00
1785119040000,167.8,170,167.8,169.7,184.66,2026-07-27 02:24:00+00:00
1785119220000,169.63,171.11,168.16,171.11,163.85,2026-07-27 02:27:00+00:00
1785119400000,170.88,171.19,168.78,169.51,127.91,2026-07-27 02:30:00+00:00
1785119580000,169.71,169.71,167.77,167.91,179.85,2026-07-27 02:33:00+00:00
1785119760000,167.82,168.5,167.2,167.96,71.67,2026-07-27 02:36:00+00:00
1785119940000,168.2,168.25,166.94,167.78,63.47,2026-07-27 02:39:00+00:00
1785120120000,167.97,168.64,167.57,168.64,92.71,2026-07-27 02:42:00+00:00
1785120300000,168.72,169.6,168.21,168.88,77.75,2026-07-27 02:45:00+00:00
1785120480000,169.86,169.86,166.9,166.9,87.23,2026-07-27 02:48:00+00:00
1785120660000,167.15,167.65,166.28,166.74,173.33,2026-07-27 02:51:00+00:00
1785120840000,166.93,168.15,166.75,167.7,187.31,2026-07-27 02:54:00+00:00
1785121020000,167.79,167.87,167.54,167.81,2.81,2026-07-27 02:57:00+00:00
1785121200000,167.31,167.76,167.31,167.71,41.53,2026-07-27 03:00:00+00:00
1785121380000,167.62,168.31,167.62,168.09,88.79,2026-07-27 03:03:00+00:00
1785121560000,167.6,167.91,167.43,167.57,6.32,2026-07-27 03:06:00+00:00
1785121740000,167.5,167.5,167.16,167.4,39.75,2026-07-27 03:09:00+00:00
1785121920000,167.36,167.75,167.31,167.75,15.27,2026-07-27 03:12:00+00:00
1785122100000,167.92,168,166.65,166.65,64.25,2026-07-27 03:15:00+00:00
1785122280000,166.5,167.39,166.4,167.22,15.05,2026-07-27 03:18:00+00:00
1785122460000,167.44,167.5,166.54,167.05,10.21,2026-07-27 03:21:00+00:00
1785122640000,167.2,167.2,165.87,165.87,156.89,2026-07-27 03:24:00+00:00
1785122820000,166.06,166.51,165.99,166.51,49.66,2026-07-27 03:27:00+00:00
1785123000000,166.43,166.43,165.3,165.59,64.9,2026-07-27 03:30:00+00:00
1785123180000,165.94,166.53,165.94,166.13,36.38,2026-07-27 03:33:00+00:00
1785123360000,166.3,166.3,165.84,165.84,1.14,2026-07-27 03:36:00+00:00
1785123540000,166.16,166.34,165.92,165.92,2.98,2026-07-27 03:39:00+00:00
1785123720000,166,166.49,166,166.03,32.19,2026-07-27 03:42:00+00:00
1785123900000,166.03,166.09,164.6,165,89.15,2026-07-27 03:45:00+00:00
1785124080000,164.97,165.16,164.81,165.16,32.42,2026-07-27 03:48:00+00:00
1785124260000,165.25,165.87,165.25,165.57,5.2,2026-07-27 03:51:00+00:00
1785124440000,165.57,165.57,165.13,165.13,7.57,2026-07-27 03:54:00+00:00
1785124620000,165.43,165.47,164.91,165.05,8.44,2026-07-27 03:57:00+00:00
1785124800000,165.16,165.16,164.92,164.92,0.54,2026-07-27 04:00:00+00:00
1785124980000,165.03,165.34,165.03,165.33,0.69,2026-07-27 04:03:00+00:00
1785125160000,165.35,165.35,165.25,165.25,2.82,2026-07-27 04:06:00+00:00
1785125340000,165.38,165.38,165.05,165.06,4.4,2026-07-27 04:09:00+00:00
1785125520000,164.91,165.37,164.91,165.24,0.31,2026-07-27 04:12:00+00:00
1785125700000,165.37,165.37,165.21,165.36,0.81,2026-07-27 04:15:00+00:00
1785125880000,165.37,165.77,165.37,165.77,16.12,2026-07-27 04:18:00+00:00
1785126060000,165.78,165.97,165.63,165.73,4.49,2026-07-27 04:21:00+00:00
1785126240000,165.89,166.05,165.79,165.82,4.74,2026-07-27 04:24:00+00:00
1785126420000,165.87,165.88,165.87,165.88,0.08,2026-07-27 04:27:00+00:00
1785126600000,165.95,165.95,165.78,165.9,8.72,2026-07-27 04:30:00+00:00
1785126780000,165.94,165.94,165.89,165.9,0.49,2026-07-27 04:33:00+00:00
1785126960000,165.89,165.91,165.89,165.91,9.61,2026-07-27 04:36:00+00:00
1785127140000,165.8,166.15,165.8,165.87,2.23,2026-07-27 04:39:00+00:00
1785127320000,165.89,165.99,165.89,165.99,0.09,2026-07-27 04:42:00+00:00
1785127500000,165.89,165.94,165.89,165.94,0.36,2026-07-27 04:45:00+00:00
1785127680000,165.91,165.95,165.91,165.91,0.25,2026-07-27 04:48:00+00:00
1785127860000,165.93,165.93,165.93,165.93,0.04,2026-07-27 04:51:00+00:00
1785128040000,165.97,166.18,165.97,166.09,1.31,2026-07-27 04:54:00+00:00
1785128220000,166.08,166.08,166.08,166.08,1.56,2026-07-27 04:57:00+00:00
1785128400000,165.95,167.28,165.54,166.38,126.46,2026-07-27 05:00:00+00:00
1785128580000,166.45,166.73,165.83,166.73,72.62,2026-07-27 05:03:00+00:00
1785128760000,166.76,166.76,165.78,165.78,27.17,2026-07-27 05:06:00+00:00
1785128940000,165.84,166,164.21,164.39,103.55,2026-07-27 05:09:00+00:00
1785129120000,164.7,165.5,164.2,165.33,35.24,2026-07-27 05:12:00+00:00
1785129300000,165.19,165.44,163.7,163.7,47.7,2026-07-27 05:15:00+00:00
1785129480000,163.59,164.51,163.06,163.65,53.29,2026-07-27 05:18:00+00:00
1785129660000,163.21,163.33,161.53,161.71,66.76,2026-07-27 05:21:00+00:00
1785129840000,162.35,162.8,162.35,162.8,0.98,2026-07-27 05:24:00+00:00
1785130020000,162.7,163.22,162.36,163.22,12.4,2026-07-27 05:27:00+00:00
1785130200000,163.52,164.13,162.8,163.16,39.92,2026-07-27 05:30:00+00:00
1785130380000,163.07,164.08,162.86,164.08,11.94,2026-07-27 05:33:00+00:00
1785130560000,164.02,164.02,163.56,163.58,0.43,2026-07-27 05:36:00+00:00
1785130740000,164.17,164.73,164.17,164.32,9.47,2026-07-27 05:39:00+00:00
1785130920000,163.8,164.76,163.8,164.56,22.7,2026-07-27 05:42:00+00:00
1785131100000,164.81,165.6,164.81,165.52,29.56,2026-07-27 05:45:00+00:00
1785131280000,165.08,165.97,165.08,165.73,40.26,2026-07-27 05:48:00+00:00
1785131460000,165.84,166.32,165.84,166.09,36.48,2026-07-27 05:51:00+00:00
1785131640000,165.5,165.5,164.94,164.94,13.89,2026-07-27 05:54:00+00:00
1785131820000,164.93,165.18,164.93,165.09,14.36,2026-07-27 05:57:00+00:00
1785132000000,164.95,164.95,164.92,164.92,0.23,2026-07-27 06:00:00+00:00
1785132180000,165.13,165.16,164.23,164.32,28.91,2026-07-27 06:03:00+00:00
1785132360000,164.81,164.9,164.81,164.9,0.11,2026-07-27 06:06:00+00:00
1785132540000,164.91,165.22,164.91,165.21,0.88,2026-07-27 06:09:00+00:00
1785132720000,165.18,165.5,163.95,164.32,21.47,2026-07-27 06:12:00+00:00
1785132900000,164.32,165.2,164.18,165.15,9.96,2026-07-27 06:15:00+00:00
1785133080000,164.9,164.9,164.9,164.9,0.01,2026-07-27 06:18:00+00:00
1785133260000,164.73,164.73,164.73,164.73,0.01,2026-07-27 06:21:00+00:00
1785133440000,164.66,164.78,164.17,164.17,20.73,2026-07-27 06:24:00+00:00
1785133620000,164.11,164.11,163.12,163.34,37.58,2026-07-27 06:27:00+00:00
1785133800000,163.6,163.75,163.07,163.07,0.61,2026-07-27 06:30:00+00:00
1785133980000,163.27,164.05,163.22,164.05,16.77,2026-07-27 06:33:00+00:00
1785134160000,164.11,164.11,163.98,164,0.2,2026-07-27 06:36:00+00:00
1785134340000,163.99,163.99,163.99,163.99,0.02,2026-07-27 06:39:00+00:00
1785134520000,164.01,164.08,163.64,163.9,11.68,2026-07-27 06:42:00+00:00
1785134700000,163.3,163.55,163.3,163.55,6.91,2026-07-27 06:45:00+00:00
1785134880000,164.01,164.01,163.22,163.22,17.95,2026-07-27 06:48:00+00:00
1785135060000,163.22,163.8,163.11,163.53,8.83,2026-07-27 06:51:00+00:00
1785135240000,163.54,163.54,163.13,163.32,0.13,2026-07-27 06:54:00+00:00
1785135420000,163.39,163.75,163.39,163.74,36.45,2026-07-27 06:57:00+00:00
1785135600000,164.19,165.75,164.19,165.75,23.01,2026-07-27 07:00:00+00:00
1785135780000,165.76,166.44,165.76,166.44,22.35,2026-07-27 07:03:00+00:00
1785135960000,166.53,166.54,166.1,166.49,2.17,2026-07-27 07:06:00+00:00
1785136140000,166.26,167.58,166.26,167.11,24.21,2026-07-27 07:09:00+00:00
1785136320000,166.98,167.31,165.88,165.88,21.54,2026-07-27 07:12:00+00:00
1785136500000,165.87,165.87,165.5,165.5,0.51,2026-07-27 07:15:00+00:00
1785136680000,165.3,165.3,165.1,165.1,0.44,2026-07-27 07:18:00+00:00
1785136860000,164.81,164.81,164.81,164.81,0.07,2026-07-27 07:21:00+00:00
1785137040000,164.81,164.81,163.94,164.16,17.22,2026-07-27 07:24:00+00:00
1785137220000,164.4,165.1,164.4,165.1,15.2,2026-07-27 07:27:00+00:00
1785137400000,164.69,164.8,164.43,164.53,15.4,2026-07-27 07:30:00+00:00
1785137580000,164.67,164.88,164.53,164.55,6.18,2026-07-27 07:33:00+00:00
1785137760000,164.34,164.82,164.34,164.63,11.7,2026-07-27 07:36:00+00:00
1785137940000,164.63,164.63,164.63,164.63,0,2026-07-27 07:39:00+00:00
1785138120000,164.66,164.66,164.66,164.66,0.03,2026-07-27 07:42:00+00:00
1785138300000,164.41,164.44,164.41,164.44,0.04,2026-07-27 07:45:00+00:00
1785138480000,164.53,164.66,164.53,164.66,0.47,2026-07-27 07:48:00+00:00
1785138660000,164.66,164.66,164.45,164.45,8.94,2026-07-27 07:51:00+00:00
1785138840000,164.57,164.57,164.37,164.37,0.47,2026-07-27 07:54:00+00:00
1785139020000,164.37,164.37,164.37,164.37,0,2026-07-27 07:57:00+00:00
1785139200000,164.35,164.51,164.35,164.51,0.14,2026-07-27 08:00:00+00:00
1785139380000,164.31,164.35,164.31,164.35,0.05,2026-07-27 08:03:00+00:00
1785139560000,164.32,164.32,164.29,164.29,0.04,2026-07-27 08:06:00+00:00
1785139740000,164.29,164.29,163.8,163.8,1.21,2026-07-27 08:09:00+00:00
1785139920000,163.86,164.13,163.86,164.13,0.28,2026-07-27 08:12:00+00:00
1785140100000,163.93,163.93,163.89,163.89,0.04,2026-07-27 08:15:00+00:00
1785140280000,163.94,163.94,163.7,163.74,2.5,2026-07-27 08:18:00+00:00
1785140460000,163.73,163.73,163.34,163.7,1.92,2026-07-27 08:21:00+00:00
1785140640000,163.51,163.57,163.51,163.57,0.11,2026-07-27 08:24:00+00:00
1785140820000,163.59,163.59,163.15,163.5,10.26,2026-07-27 08:27:00+00:00
1785141000000,163.4,163.43,163.24,163.24,0.09,2026-07-27 08:30:00+00:00
1785141180000,163.24,163.24,163.12,163.12,0.02,2026-07-27 08:33:00+00:00
1785141360000,163.12,163.27,163.12,163.27,0.05,2026-07-27 08:36:00+00:00
1785141540000,163.09,163.12,163.09,163.12,0.5,2026-07-27 08:39:00+00:00
1785141720000,163.12,163.54,163.03,163.54,12.64,2026-07-27 08:42:00+00:00
1785141900000,163.28,163.31,163.02,163.31,0.78,2026-07-27 08:45:00+00:00
1785142080000,163.05,163.05,163.05,163.05,0.36,2026-07-27 08:48:00+00:00
1785142260000,163.08,163.08,162.96,163.06,0.35,2026-07-27 08:51:00+00:00
1785142440000,163.06,163.18,163.04,163.18,1.24,2026-07-27 08:54:00+00:00
1785142620000,163,163,163,163,0.01,2026-07-27 08:57:00+00:00
1785142800000,162.84,162.84,162.55,162.55,2.21,2026-07-27 09:00:00+00:00
1785142980000,162.5,164.12,162.5,164.02,30.94,2026-07-27 09:03:00+00:00
1785143160000,163.78,164.48,163.78,164.48,2.48,2026-07-27 09:06:00+00:00
1785143340000,164.41,165.17,164.29,164.32,9.67,2026-07-27 09:09:00+00:00
1785143520000,164.6,164.68,164.6,164.68,0.05,2026-07-27 09:12:00+00:00
1785143700000,164.76,164.76,164.76,164.76,0.04,2026-07-27 09:15:00+00:00
1785143880000,164.73,164.73,164.51,164.56,1.55,2026-07-27 09:18:00+00:00
1785144060000,164.54,164.56,164.52,164.52,0.07,2026-07-27 09:21:00+00:00
1785144240000,164.52,164.8,164.52,164.75,2.74,2026-07-27 09:24:00+00:00
1785144420000,164.77,164.82,164.77,164.81,24.05,2026-07-27 09:27:00+00:00
1785144600000,164.74,164.78,164.7,164.78,0.09,2026-07-27 09:30:00+00:00
1785144780000,164.77,164.84,164.74,164.84,1.36,2026-07-27 09:33:00+00:00
1785144960000,164.84,164.84,164.7,164.7,0.25,2026-07-27 09:36:00+00:00
1785145140000,164.79,164.79,164.68,164.77,6.35,2026-07-27 09:39:00+00:00
1785145320000,164.76,164.92,164.66,164.9,2.24,2026-07-27 09:42:00+00:00
1785145500000,164.9,164.9,164.75,164.82,0.68,2026-07-27 09:45:00+00:00
1785145680000,164.78,164.78,164.62,164.62,17,2026-07-27 09:48:00+00:00
1785145860000,164.7,164.93,164.69,164.69,3.8,2026-07-27 09:51:00+00:00
1785146040000,164.63,164.63,164.59,164.59,0.1,2026-07-27 09:54:00+00:00
1785146220000,164.44,164.44,164.27,164.32,1.4,2026-07-27 09:57:00+00:00
1785146400000,164.43,164.43,164.38,164.38,0.13,2026-07-27 10:00:00+00:00
1785146580000,164.45,164.5,164.44,164.45,4.1,2026-07-27 10:03:00+00:00
1785146760000,164.5,164.5,164.32,164.48,1.34,2026-07-27 10:06:00+00:00
1785146940000,164.51,164.86,164.43,164.52,17.19,2026-07-27 10:09:00+00:00
1785147120000,164.64,164.66,164.61,164.66,0.1,2026-07-27 10:12:00+00:00
1785147300000,164.63,164.7,164.63,164.7,0.94,2026-07-27 10:15:00+00:00
1785147480000,164.75,164.8,164.75,164.79,0.1,2026-07-27 10:18:00+00:00
1785147660000,164.73,164.78,164.73,164.78,7.23,2026-07-27 10:21:00+00:00
1785147840000,164.76,164.81,164.66,164.7,1.37,2026-07-27 10:24:00+00:00
1785148020000,164.7,164.7,164.7,164.7,0,2026-07-27 10:27:00+00:00
1785148200000,164.74,164.8,164.65,164.65,1.79,2026-07-27 10:30:00+00:00
1785148380000,164.68,164.68,164.42,164.42,0.19,2026-07-27 10:33:00+00:00
1785148560000,164.32,164.37,164.32,164.34,0.03,2026-07-27 10:36:00+00:00
1785148740000,164.34,164.34,164.34,164.34,0,2026-07-27 10:39:00+00:00
1785148920000,164.36,164.4,164.36,164.4,0.19,2026-07-27 10:42:00+00:00
1785149100000,164.28,164.28,164.18,164.18,0.13,2026-07-27 10:45:00+00:00
1785149280000,164.07,164.07,163.88,164.02,0.63,2026-07-27 10:48:00+00:00
1785149460000,164.04,164.07,164.04,164.07,0.06,2026-07-27 10:51:00+00:00
1785149640000,163.99,164.14,163.99,164.14,0.93,2026-07-27 10:54:00+00:00
1785149820000,164.14,164.14,164.14,164.14,0,2026-07-27 10:57:00+00:00
1785150000000,164.14,164.14,163.92,163.97,1.65,2026-07-27 11:00:00+00:00
1785150180000,163.94,163.94,163.82,163.82,0.48,2026-07-27 11:03:00+00:00
1785150360000,163.92,163.96,163.92,163.96,0.23,2026-07-27 11:06:00+00:00
1785150540000,164.18,164.51,164.18,164.51,1.82,2026-07-27 11:09:00+00:00
1785150720000,164.51,164.51,164.51,164.51,0,2026-07-27 11:12:00+00:00
1785150900000,164.66,164.7,164.61,164.61,0.42,2026-07-27 11:15:00+00:00
1785151080000,164.57,164.69,164.57,164.57,0.08,2026-07-27 11:18:00+00:00
1785151260000,164.55,164.55,164.02,164.02,0.81,2026-07-27 11:21:00+00:00
1785151440000,164.12,164.2,164.08,164.11,2.21,2026-07-27 11:24:00+00:00
1785151620000,164.09,164.09,163.94,163.99,0.16,2026-07-27 11:27:00+00:00
1785151800000,164.04,164.19,164.03,164.19,4.51,2026-07-27 11:30:00+00:00
1785151980000,164.19,164.19,164.03,164.15,0.54,2026-07-27 11:33:00+00:00
1785152160000,164.21,164.34,164.21,164.34,0.51,2026-07-27 11:36:00+00:00
1785152340000,164.4,164.52,164.4,164.52,1.46,2026-07-27 11:39:00+00:00
1785152520000,164.79,164.87,164.55,164.86,2.23,2026-07-27 11:42:00+00:00
1785152700000,164.86,164.97,164.86,164.97,0.08,2026-07-27 11:45:00+00:00
1785152880000,165.08,165.3,165.08,165.28,0.09,2026-07-27 11:48:00+00:00
1785153060000,165.31,165.31,165.15,165.15,1.26,2026-07-27 11:51:00+00:00
1785153240000,165.2,165.2,164.96,164.96,0.06,2026-07-27 11:54:00+00:00
1785153420000,164.96,164.96,164.96,164.96,0,2026-07-27 11:57:00+00:00
1785153600000,165.38,165.38,165.19,165.19,0.11,2026-07-27 12:00:00+00:00
1785153780000,165.32,165.5,165.24,165.5,1.28,2026-07-27 12:03:00+00:00
1785153960000,165.6,166.31,165.6,166.05,47.24,2026-07-27 12:06:00+00:00
1785154140000,166.06,166.06,165.51,165.56,6.52,2026-07-27 12:09:00+00:00
1785154320000,165.68,165.68,165.55,165.57,8.39,2026-07-27 12:12:00+00:00
1785154500000,166.3,166.3,166.3,166.3,0.13,2026-07-27 12:15:00+00:00
1785154680000,166.19,166.19,166.1,166.1,0.14,2026-07-27 12:18:00+00:00
1785154860000,166.11,166.15,166.05,166.1,2.42,2026-07-27 12:21:00+00:00
1785155040000,166.29,166.29,166.29,166.29,0.09,2026-07-27 12:24:00+00:00
1785155220000,166.34,166.34,166.34,166.34,0.11,2026-07-27 12:27:00+00:00
1785155400000,166.13,166.19,166.13,166.14,0.68,2026-07-27 12:30:00+00:00
1785155580000,166.14,166.14,166.14,166.14,0,2026-07-27 12:33:00+00:00
1785155760000,166.4,166.4,166.4,166.4,0.49,2026-07-27 12:36:00+00:00
1785155940000,166.37,166.37,166.37,166.37,0.34,2026-07-27 12:39:00+00:00
1785156120000,166.17,166.17,166.16,166.16,0.05,2026-07-27 12:42:00+00:00
1785156300000,166.18,166.44,166.18,166.44,0.55,2026-07-27 12:45:00+00:00
1785156480000,166.25,166.25,166.07,166.07,0.02,2026-07-27 12:48:00+00:00
1785156660000,166.36,166.36,166.33,166.33,0.02,2026-07-27 12:51:00+00:00
1785156840000,166.16,166.35,166.16,166.35,0.05,2026-07-27 12:54:00+00:00
1785157020000,166.21,166.21,166.21,166.21,0.01,2026-07-27 12:57:00+00:00
1785157200000,166.03,166.07,166.03,166.07,3.33,2026-07-27 13:00:00+00:00
1785157380000,166.27,166.27,165.97,165.97,0.15,2026-07-27 13:03:00+00:00
1785157560000,166.28,166.28,165.93,165.93,0.03,2026-07-27 13:06:00+00:00
1785157740000,166.19,166.19,166.19,166.19,0.01,2026-07-27 13:09:00+00:00
1785157920000,166.33,166.33,166.29,166.29,0.02,2026-07-27 13:12:00+00:00
1785158100000,166.29,166.31,166.29,166.3,0.05,2026-07-27 13:15:00+00:00
1785158280000,166.2,166.2,166.2,166.2,0.01,2026-07-27 13:18:00+00:00
1785158460000,166.12,166.12,166.06,166.06,0.09,2026-07-27 13:21:00+00:00
1785158640000,166.3,166.3,166.24,166.24,0.03,2026-07-27 13:24:00+00:00
1785158820000,166.17,166.23,166.17,166.23,0.02,2026-07-27 13:27:00+00:00
1785159000000,166.16,166.16,165.99,165.99,0.11,2026-07-27 13:30:00+00:00
1785159180000,166.13,166.13,165.81,165.85,0.07,2026-07-27 13:33:00+00:00
1785159360000,166.51,166.72,166.29,166.31,0.15,2026-07-27 13:36:00+00:00
1785159540000,166,166.08,166,166.08,0.38,2026-07-27 13:39:00+00:00
1785159720000,166.08,166.08,165.17,165.38,18.01,2026-07-27 13:42:00+00:00
1785159900000,165.75,165.75,165.19,165.28,0.46,2026-07-27 13:45:00+00:00
1785160080000,165.48,165.48,165.13,165.24,1.24,2026-07-27 13:48:00+00:00
1785160260000,165.13,165.15,165.13,165.15,0.05,2026-07-27 13:51:00+00:00
1785160440000,165.23,165.23,164.93,164.97,0.77,2026-07-27 13:54:00+00:00
1785160620000,165.11,165.11,164.29,164.59,2.71,2026-07-27 13:57:00+00:00
1785160800000,164.58,164.74,164.16,164.74,0.52,2026-07-27 14:00:00+00:00
1785160980000,164.68,164.68,164.6,164.6,0.29,2026-07-27 14:03:00+00:00
1785161160000,164.15,164.17,164.09,164.09,0.37,2026-07-27 14:06:00+00:00
1785161340000,164.08,164.08,163.82,163.84,0.29,2026-07-27 14:09:00+00:00
1785161520000,164.08,164.13,163.95,164.13,0.45,2026-07-27 14:12:00+00:00
1785161700000,164.3,164.35,164.29,164.29,0.54,2026-07-27 14:15:00+00:00
1785161880000,164.07,164.27,163.8,163.8,15.22,2026-07-27 14:18:00+00:00
1785162060000,163.75,163.86,163.7,163.7,0.7,2026-07-27 14:21:00+00:00
1785162240000,163.53,163.59,163.47,163.59,0.74,2026-07-27 14:24:00+00:00
1785162420000,163.69,163.69,163.23,163.29,0.47,2026-07-27 14:27:00+00:00
1785162600000,163.18,163.76,163.18,163.76,9.65,2026-07-27 14:30:00+00:00
1785162780000,163.62,163.62,163.24,163.24,7.87,2026-07-27 14:33:00+00:00
1785162960000,163.38,163.38,162.06,162.33,7.14,2026-07-27 14:36:00+00:00
1785163140000,162.62,162.62,162.62,162.62,0.04,2026-07-27 14:39:00+00:00
1785163320000,162.29,162.48,162.11,162.48,0.76,2026-07-27 14:42:00+00:00
1785163500000,162.3,163.5,162.3,163.44,16.18,2026-07-27 14:45:00+00:00
1785163680000,163.11,163.34,163.11,163.22,1.5,2026-07-27 14:48:00+00:00
1785163860000,163.32,163.39,163.24,163.39,0.19,2026-07-27 14:51:00+00:00
1785164040000,163.32,163.61,163.32,163.61,3.18,2026-07-27 14:54:00+00:00
1785164220000,163.63,164.1,163.63,163.74,3.02,2026-07-27 14:57:00+00:00
1785164400000,163.64,163.64,163.36,163.36,3.1,2026-07-27 15:00:00+00:00
1785164580000,163.38,163.41,163.38,163.4,0.13,2026-07-27 15:03:00+00:00
1785164760000,163.45,163.46,163.43,163.43,0.06,2026-07-27 15:06:00+00:00
1785164940000,163.41,163.45,163.34,163.45,0.18,2026-07-27 15:09:00+00:00
1785165120000,163.68,163.7,163.68,163.7,0.04,2026-07-27 15:12:00+00:00
1785165300000,163.57,163.57,163.35,163.35,0.12,2026-07-27 15:15:00+00:00
1785165480000,163.15,163.2,163.15,163.2,0.04,2026-07-27 15:18:00+00:00
1785165660000,163.43,163.43,163.21,163.27,0.03,2026-07-27 15:21:00+00:00
1785165840000,163.37,163.37,163.32,163.32,0.18,2026-07-27 15:24:00+00:00
1785166020000,163.49,163.54,163.49,163.51,2.47,2026-07-27 15:27:00+00:00
1785166200000,163.48,163.5,163.39,163.39,0.17,2026-07-27 15:30:00+00:00
1785166380000,163.22,163.22,163.22,163.22,0.01,2026-07-27 15:33:00+00:00
1785166560000,162.89,163,162.89,163,0.53,2026-07-27 15:36:00+00:00
1785166740000,163.16,163.16,163.16,163.16,0.05,2026-07-27 15:39:00+00:00
1785166920000,162.96,162.96,162.96,162.96,0.21,2026-07-27 15:42:00+00:00
1785167100000,163.09,163.19,163.09,163.19,3.07,2026-07-27 15:45:00+00:00
1785167280000,162.85,162.85,162.4,162.4,0.53,2026-07-27 15:48:00+00:00
1785167460000,162.45,162.58,162.45,162.57,2.94,2026-07-27 15:51:00+00:00
1785167640000,162.47,162.6,162.47,162.6,3.11,2026-07-27 15:54:00+00:00
1785167820000,162.67,162.67,162.44,162.44,0.05,2026-07-27 15:57:00+00:00
1785168000000,162.49,162.49,162.34,162.34,2.73,2026-07-27 16:00:00+00:00
1785168180000,162.34,162.34,162.34,162.34,0,2026-07-27 16:03:00+00:00
1785168360000,162.53,162.53,162.49,162.49,0.02,2026-07-27 16:06:00+00:00
1785168540000,162.65,162.65,162.37,162.38,0.05,2026-07-27 16:09:00+00:00
1785168720000,162.34,162.34,162.32,162.32,0.09,2026-07-27 16:12:00+00:00
1785168900000,162.27,162.38,162.15,162.15,2.19,2026-07-27 16:15:00+00:00
1785169080000,162.3,162.31,162.3,162.31,0.31,2026-07-27 16:18:00+00:00
1785169260000,162.37,162.44,162.36,162.36,0.33,2026-07-27 16:21:00+00:00
1785169440000,162.36,162.53,162.36,162.53,0.44,2026-07-27 16:24:00+00:00
1785169620000,162.53,162.53,162.53,162.53,0,2026-07-27 16:27:00+00:00
1785169800000,162.59,162.59,162.56,162.56,0.13,2026-07-27 16:30:00+00:00
1785169980000,162.51,162.77,162.51,162.77,2.61,2026-07-27 16:33:00+00:00
1785170160000,162.76,162.76,162.76,162.76,0.06,2026-07-27 16:36:00+00:00
1785170340000,162.84,162.87,162.84,162.85,5.55,2026-07-27 16:39:00+00:00
1785170520000,162.86,162.88,162.71,162.88,0.18,2026-07-27 16:42:00+00:00
1785170700000,162.87,162.98,162.87,162.98,1.39,2026-07-27 16:45:00+00:00
1785170880000,162.9,162.9,162.9,162.9,0.06,2026-07-27 16:48:00+00:00
1785171060000,162.9,162.9,162.9,162.9,0,2026-07-27 16:51:00+00:00
1785171240000,162.9,162.9,162.9,162.9,0,2026-07-27 16:54:00+00:00
1785171420000,162.9,162.9,162.9,162.9,0,2026-07-27 16:57:00+00:00
1785171600000,162.42,162.42,162.42,162.42,0.27,2026-07-27 17:00:00+00:00
1785171780000,162.42,162.55,162.42,162.55,0.77,2026-07-27 17:03:00+00:00
1785171960000,162.54,162.58,162.54,162.58,2.38,2026-07-27 17:06:00+00:00
1785172140000,162.71,162.71,162.69,162.69,0.08,2026-07-27 17:09:00+00:00
1785172320000,162.74,162.75,162.55,162.55,0.12,2026-07-27 17:12:00+00:00
1785172500000,162.56,162.56,162.56,162.56,0.02,2026-07-27 17:15:00+00:00
1785172680000,162.61,162.73,162.61,162.73,0.06,2026-07-27 17:18:00+00:00
1785172860000,162.8,162.8,162.8,162.8,0.04,2026-07-27 17:21:00+00:00
1785173040000,162.62,162.62,162.58,162.59,0.09,2026-07-27 17:24:00+00:00
1785173220000,162.49,162.49,162.49,162.49,0.62,2026-07-27 17:27:00+00:00
1785173400000,162.18,162.18,162.18,162.18,0.16,2026-07-27 17:30:00+00:00
1785173580000,162.24,162.24,162.23,162.23,0.23,2026-07-27 17:33:00+00:00
1785173760000,162.23,162.23,162.23,162.23,0,2026-07-27 17:36:00+00:00
1785173940000,162.23,162.23,162.23,162.23,0,2026-07-27 17:39:00+00:00
1785174120000,162.11,162.11,162.11,162.11,0.09,2026-07-27 17:42:00+00:00
1785174300000,162.2,162.2,162.2,162.2,0.01,2026-07-27 17:45:00+00:00
1785174480000,162.22,162.22,162.22,162.22,0.05,2026-07-27 17:48:00+00:00
1785174660000,162.21,162.21,162.21,162.21,0.02,2026-07-27 17:51:00+00:00
1785174840000,162.07,162.27,162.07,162.27,1.61,2026-07-27 17:54:00+00:00
1785175020000,162.27,162.27,162.27,162.27,0,2026-07-27 17:57:00+00:00
1785175200000,162.09,162.12,162.09,162.12,0.68,2026-07-27 18:00:00+00:00
1785175380000,162.06,162.06,161.9,161.9,0.07,2026-07-27 18:03:00+00:00
1785175560000,161.9,161.9,161.9,161.9,0.13,2026-07-27 18:06:00+00:00
1785175740000,161.9,161.9,161.84,161.84,0.35,2026-07-27 18:09:00+00:00
1785175920000,161.67,161.67,161.67,161.67,0.13,2026-07-27 18:12:00+00:00
1785176100000,161.63,161.63,161.63,161.63,0.03,2026-07-27 18:15:00+00:00
1785176280000,161.54,161.57,161.43,161.57,0.14,2026-07-27 18:18:00+00:00
1785176460000,161.52,161.52,161.52,161.52,0.2,2026-07-27 18:21:00+00:00
1785176640000,161.52,161.55,161.52,161.55,0.03,2026-07-27 18:24:00+00:00
1785176820000,161.55,161.55,161.55,161.55,0.01,2026-07-27 18:27:00+00:00
1785177000000,161.49,161.5,161.49,161.5,0.16,2026-07-27 18:30:00+00:00
1785177180000,161.46,161.46,161.46,161.46,0.51,2026-07-27 18:33:00+00:00
1785177360000,161.54,161.54,161.54,161.54,0.01,2026-07-27 18:36:00+00:00
1785177540000,161.51,161.64,161.51,161.64,1.01,2026-07-27 18:39:00+00:00
1785177720000,161.68,161.68,161.53,161.53,0.16,2026-07-27 18:42:00+00:00
1785177900000,161.69,161.69,161.69,161.69,0.07,2026-07-27 18:45:00+00:00
1785178080000,161.68,161.68,161.5,161.59,0.16,2026-07-27 18:48:00+00:00
1785178260000,161.68,161.68,161.68,161.68,0.03,2026-07-27 18:51:00+00:00
1785178440000,161.72,161.72,161.7,161.7,0.22,2026-07-27 18:54:00+00:00
1785178620000,161.74,161.79,161.74,161.76,0.18,2026-07-27 18:57:00+00:00
1785178800000,161.81,161.81,161.81,161.81,0.06,2026-07-27 19:00:00+00:00
1785178980000,161.86,161.86,161.86,161.86,0.06,2026-07-27 19:03:00+00:00
1785179160000,161.9,162.06,161.9,162.06,2.77,2026-07-27 19:06:00+00:00
1785179340000,162.21,162.36,162.21,162.36,0.45,2026-07-27 19:09:00+00:00
1785179520000,162.37,162.5,162.37,162.44,0.18,2026-07-27 19:12:00+00:00
1785179700000,162.49,163.1,162.49,163.1,4.77,2026-07-27 19:15:00+00:00
1785179880000,163.03,163.37,163.03,163.15,0.29,2026-07-27 19:18:00+00:00
1785180060000,163.15,163.15,163.15,163.15,0,2026-07-27 19:21:00+00:00
1785180240000,163.19,163.19,163.19,163.19,0.04,2026-07-27 19:24:00+00:00
1785180420000,163.2,163.2,163.2,163.2,0.27,2026-07-27 19:27:00+00:00
1785180600000,163.18,163.18,163.18,163.18,0.21,2026-07-27 19:30:00+00:00
1785180780000,163.22,163.28,163.22,163.28,0.91,2026-07-27 19:33:00+00:00
1785180960000,163.47,163.51,163.43,163.43,11.4,2026-07-27 19:36:00+00:00
1785181140000,163.43,163.43,163.43,163.43,0,2026-07-27 19:39:00+00:00
1785181320000,163.45,163.45,163.45,163.45,0.04,2026-07-27 19:42:00+00:00
1785181500000,163.45,163.45,163.45,163.45,0,2026-07-27 19:45:00+00:00
1785181680000,163.45,163.45,163.45,163.45,0,2026-07-27 19:48:00+00:00
1785181860000,163.27,163.27,163.23,163.23,0.16,2026-07-27 19:51:00+00:00
1785182040000,163.29,163.29,163.29,163.29,0.05,2026-07-27 19:54:00+00:00
1785182220000,163.28,163.28,163.28,163.28,0.02,2026-07-27 19:57:00+00:00
1785182400000,163.28,163.28,163.28,163.28,0,2026-07-27 20:00:00+00:00
1785182580000,163.2,163.2,163.2,163.2,0.02,2026-07-27 20:03:00+00:00
1785182760000,163.19,163.19,163.19,163.19,0.01,2026-07-27 20:06:00+00:00
1785182940000,163.19,163.19,163.19,163.19,0.05,2026-07-27 20:09:00+00:00
1785183120000,163.2,163.2,163.2,163.2,0.02,2026-07-27 20:12:00+00:00
1785183300000,163.2,163.2,163.2,163.2,0,2026-07-27 20:15:00+00:00
1785183480000,163.2,163.2,163.2,163.2,0,2026-07-27 20:18:00+00:00
1785183660000,163.26,163.26,163.26,163.26,0.01,2026-07-27 20:21:00+00:00
1785183840000,163.26,163.26,163.26,163.26,0,2026-07-27 20:24:00+00:00
1785184020000,163.29,163.29,163.29,163.29,1.95,2026-07-27 20:27:00+00:00
1785184200000,163.29,163.29,163.29,163.29,0,2026-07-27 20:30:00+00:00
1785184380000,163.29,163.29,163.29,163.29,0,2026-07-27 20:33:00+00:00
1785184560000,163.38,163.52,163.38,163.52,0.21,2026-07-27 20:36:00+00:00
1785184740000,163.52,163.52,163.52,163.52,0,2026-07-27 20:39:00+00:00
1785184920000,163.52,163.52,163.52,163.52,0,2026-07-27 20:42:00+00:00
1785185100000,163.52,163.52,163.52,163.52,0.82,2026-07-27 20:45:00+00:00
1785185280000,163.32,163.32,163.32,163.32,0.34,2026-07-27 20:48:00+00:00
1785185460000,163.34,163.34,163.34,163.34,0.1,2026-07-27 20:51:00+00:00
1785185640000,163.34,163.34,163.34,163.34,0.09,2026-07-27 20:54:00+00:00
1785185820000,163.34,163.34,163.34,163.34,0,2026-07-27 20:57:00+00:00
1785186000000,163.34,163.34,163.34,163.34,0.04,2026-07-27 21:00:00+00:00
1785186180000,163.26,163.26,163.26,163.26,0.01,2026-07-27 21:03:00+00:00
1785186360000,163.27,163.29,163.27,163.29,1.61,2026-07-27 21:06:00+00:00
1785186540000,163.34,163.34,163.34,163.34,0.11,2026-07-27 21:09:00+00:00
1785186720000,163.34,163.4,163.34,163.4,0.02,2026-07-27 21:12:00+00:00
1785186900000,163.55,163.55,163.55,163.55,0.31,2026-07-27 21:15:00+00:00
1785187080000,163.55,163.55,163.55,163.55,0,2026-07-27 21:18:00+00:00
1785187260000,163.55,163.55,163.55,163.55,0,2026-07-27 21:21:00+00:00
1785187440000,163.55,163.55,163.55,163.55,0,2026-07-27 21:24:00+00:00
1785187620000,163.56,163.56,163.56,163.56,1.8,2026-07-27 21:27:00+00:00
1785187800000,163.55,163.55,163.55,163.55,0.05,2026-07-27 21:30:00+00:00
1785187980000,163.55,163.55,163.55,163.55,0,2026-07-27 21:33:00+00:00
1785188160000,163.55,163.55,163.55,163.55,0,2026-07-27 21:36:00+00:00
1785188340000,163.55,163.55,163.55,163.55,0,2026-07-27 21:39:00+00:00
1785188520000,163.55,163.55,163.55,163.55,0,2026-07-27 21:42:00+00:00
1785188700000,163.56,163.56,163.56,163.56,1.18,2026-07-27 21:45:00+00:00
1785188880000,163.49,163.49,163.49,163.49,0.08,2026-07-27 21:48:00+00:00
1785189060000,163.49,163.49,163.49,163.49,0.1,2026-07-27 21:51:00+00:00
1785189240000,163.49,163.49,163.49,163.49,0,2026-07-27 21:54:00+00:00
1785189420000,163.55,163.55,163.55,163.55,0.11,2026-07-27 21:57:00+00:00
1785189600000,163.51,163.51,163.43,163.43,0.06,2026-07-27 22:00:00+00:00
1785189780000,163.7,163.75,163.7,163.75,0.65,2026-07-27 22:03:00+00:00
1785189960000,163.7,163.94,163.7,163.8,14.96,2026-07-27 22:06:00+00:00
1785190140000,163.95,164.1,163.81,163.88,0.49,2026-07-27 22:09:00+00:00
1785190320000,163.88,163.88,163.88,163.88,0,2026-07-27 22:12:00+00:00
1785190500000,164.2,164.2,164.2,164.2,0.31,2026-07-27 22:15:00+00:00
1785190680000,164.2,164.99,164.2,164.44,19.33,2026-07-27 22:18:00+00:00
1785190860000,164.53,164.53,164.22,164.22,0.47,2026-07-27 22:21:00+00:00
1785191040000,164.45,164.45,164.25,164.25,0.22,2026-07-27 22:24:00+00:00
1785191220000,164.25,164.25,164.25,164.25,0,2026-07-27 22:27:00+00:00
1785191400000,164.26,164.26,163.84,163.84,22.09,2026-07-27 22:30:00+00:00
1785191580000,163.87,163.87,163.7,163.7,4.28,2026-07-27 22:33:00+00:00
1785191760000,163.69,163.81,163.52,163.52,0.21,2026-07-27 22:36:00+00:00
1785191940000,163.62,163.62,163.33,163.33,0.11,2026-07-27 22:39:00+00:00
1785192120000,163.09,163.09,163,163,0.21,2026-07-27 22:42:00+00:00
1785192300000,163.05,163.05,162.57,162.57,6.47,2026-07-27 22:45:00+00:00
1785192480000,162.84,162.94,162.4,162.4,12.04,2026-07-27 22:48:00+00:00
1785192660000,162.21,162.21,162.21,162.21,0.09,2026-07-27 22:51:00+00:00
1785192840000,162.48,162.58,162.48,162.58,0.05,2026-07-27 22:54:00+00:00
1785193020000,162.57,162.57,162,162,3.68,2026-07-27 22:57:00+00:00
1785193200000,162.02,162.02,161.57,161.62,3.54,2026-07-27 23:00:00+00:00
1785193380000,161.53,161.53,161.34,161.35,2.08,2026-07-27 23:03:00+00:00
1785193560000,161.65,161.65,161.33,161.39,13.75,2026-07-27 23:06:00+00:00
1785193740000,161.41,161.41,161.41,161.41,0.19,2026-07-27 23:09:00+00:00
1785193920000,161.64,161.64,161.61,161.61,0.32,2026-07-27 23:12:00+00:00
1785194100000,161.56,161.56,161.38,161.38,3.55,2026-07-27 23:15:00+00:00
1785194280000,161.5,161.66,161.5,161.66,0.7,2026-07-27 23:18:00+00:00
1785194460000,161.93,161.99,161.93,161.99,0.08,2026-07-27 23:21:00+00:00
1785194640000,161.6,161.6,161.6,161.6,0.26,2026-07-27 23:24:00+00:00
1785194820000,161.81,161.94,161.79,161.94,0.11,2026-07-27 23:27:00+00:00
1785195000000,161.76,161.76,161.65,161.65,0.36,2026-07-27 23:30:00+00:00
1785195180000,161.73,161.73,161.62,161.62,0.61,2026-07-27 23:33:00+00:00
1785195360000,161.72,161.75,161.72,161.75,0.06,2026-07-27 23:36:00+00:00
1785195540000,161.74,161.78,161.74,161.76,0.1,2026-07-27 23:39:00+00:00
1785195720000,161.76,161.76,161.76,161.76,0.06,2026-07-27 23:42:00+00:00
1785195900000,161.55,161.55,161.4,161.4,6.96,2026-07-27 23:45:00+00:00
1785196080000,161.44,161.44,161.36,161.39,0.04,2026-07-27 23:48:00+00:00
1785196260000,161.47,161.69,161.47,161.66,2.04,2026-07-27 23:51:00+00:00
1785196440000,161.66,161.68,161.6,161.6,0.13,2026-07-27 23:54:00+00:00
1785196620000,161.55,161.55,161.55,161.55,0.01,2026-07-27 23:57:00+00:00
1785196800000,161.32,161.32,161.08,161.1,0.5,2026-07-28 00:00:00+00:00
1785196980000,161.1,161.1,161.1,161.1,0,2026-07-28 00:03:00+00:00
1785197160000,161.18,161.22,161.18,161.22,0.1,2026-07-28 00:06:00+00:00
1785197340000,161.29,161.29,161.22,161.22,0.51,2026-07-28 00:09:00+00:00
1785197520000,161.12,161.12,160.61,160.61,6.47,2026-07-28 00:12:00+00:00
1785197700000,160.61,160.61,160.61,160.61,0,2026-07-28 00:15:00+00:00
1785197880000,160.61,160.61,160.61,160.61,0,2026-07-28 00:18:00+00:00
1785198060000,160.68,160.68,160.68,160.68,0.4,2026-07-28 00:21:00+00:00
1785198240000,160.6,160.6,160.33,160.33,3.47,2026-07-28 00:24:00+00:00
1785198420000,160.47,160.62,160.47,160.62,0.1,2026-07-28 00:27:00+00:00
1785198600000,160.72,160.72,160.49,160.5,0.18,2026-07-28 00:30:00+00:00
1785198780000,160.52,160.52,160.45,160.45,0.57,2026-07-28 00:33:00+00:00
1785198960000,160.45,160.45,160.45,160.45,0,2026-07-28 00:36:00+00:00
1785199140000,160.49,162.05,160.49,161.9,79.3,2026-07-28 00:39:00+00:00
1785199320000,161.86,161.99,161.83,161.99,0.27,2026-07-28 00:42:00+00:00
1785199500000,161.76,161.76,161.24,161.24,10.56,2026-07-28 00:45:00+00:00
1785199680000,161.17,161.17,160.92,160.92,0.74,2026-07-28 00:48:00+00:00
1785199860000,160.94,161.23,160.64,161.23,0.42,2026-07-28 00:51:00+00:00
1785200040000,160.6,160.6,158.48,158.86,161.16,2026-07-28 00:54:00+00:00
1785200220000,158.84,158.84,158.01,158.16,47.4,2026-07-28 00:57:00+00:00
1785200400000,158.14,158.14,156.94,156.94,39.8,2026-07-28 01:00:00+00:00
1785200580000,156.85,157.79,156.85,157.79,20.65,2026-07-28 01:03:00+00:00
1785200760000,157.1,157.1,156.5,156.65,5.76,2026-07-28 01:06:00+00:00
1785200940000,156.89,157.64,156.43,157.64,30.1,2026-07-28 01:09:00+00:00
1785201120000,156.7,157.2,156.7,157.06,0.36,2026-07-28 01:12:00+00:00
1785201300000,157.02,157.18,156.38,156.58,27.48,2026-07-28 01:15:00+00:00
1785201480000,156.51,156.53,155.87,155.87,17.1,2026-07-28 01:18:00+00:00
1785201660000,155.67,155.75,155.08,155.2,17.97,2026-07-28 01:21:00+00:00
1785201840000,155.18,155.36,154.7,154.7,24.15,2026-07-28 01:24:00+00:00
1785202020000,154.41,154.42,153.56,154.14,49.9,2026-07-28 01:27:00+00:00
1785202200000,153.91,154.44,151.05,152.9,251.72,2026-07-28 01:30:00+00:00
1785202380000,152.98,154.7,152.94,154.7,287.38,2026-07-28 01:33:00+00:00
1785202560000,154.76,155.95,153.5,154.18,248.54,2026-07-28 01:36:00+00:00
1785202740000,154.16,154.26,149.03,149.03,167.4,2026-07-28 01:39:00+00:00
1785202920000,148.92,149.07,146.06,148.2,379.59,2026-07-28 01:42:00+00:00
1785203100000,147.77,147.77,139.54,139.78,803.91,2026-07-28 01:45:00+00:00
1785203280000,139.79,139.85,134.39,134.89,1750.11,2026-07-28 01:48:00+00:00
1785203460000,134.43,137.76,133.27,136.3,706.36,2026-07-28 01:51:00+00:00
1785203640000,136.02,138.96,132,134.67,1099.13,2026-07-28 01:54:00+00:00
1785203820000,134.61,135.22,131.3,131.93,1027.28,2026-07-28 01:57:00+00:00
1785204000000,132.45,134.31,131.58,134.18,568.31,2026-07-28 02:00:00+00:00
1785204180000,134.24,136.01,133.57,135.8,309.01,2026-07-28 02:03:00+00:00
1785204360000,135.58,137.59,134.79,137.59,379.83,2026-07-28 02:06:00+00:00
1785204540000,137.6,138.28,136.51,138.11,77.76,2026-07-28 02:09:00+00:00
1785204720000,138.02,138.06,137.06,137.55,327.47,2026-07-28 02:12:00+00:00
1785204900000,137.59,138.5,136.4,137.01,212.9,2026-07-28 02:15:00+00:00
1785205080000,137.17,138.5,136.82,138.5,71.39,2026-07-28 02:18:00+00:00
1785205260000,138.65,140.01,137.73,138.62,219.28,2026-07-28 02:21:00+00:00
1785205440000,138.25,138.75,136.63,136.63,131.2,2026-07-28 02:24:00+00:00
1785205620000,136.7,136.74,134.32,134.64,147.44,2026-07-28 02:27:00+00:00
1785205800000,134.1,136.27,134,136.27,77.56,2026-07-28 02:30:00+00:00
1785205980000,136.19,136.19,133.62,133.74,75.57,2026-07-28 02:33:00+00:00
1785206160000,134.16,134.33,132.8,133.41,42.27,2026-07-28 02:36:00+00:00
1785206340000,133.25,134.07,132.98,133.58,28.7,2026-07-28 02:39:00+00:00
1785206520000,134.11,134.21,132.94,132.96,12.74,2026-07-28 02:42:00+00:00
1785206700000,133.06,133.67,132.59,133.46,127.81,2026-07-28 02:45:00+00:00
1785206880000,133.5,134.24,133.47,134.16,58.35,2026-07-28 02:48:00+00:00
1785207060000,133.87,134.9,133.65,134.9,37.58,2026-07-28 02:51:00+00:00
1785207240000,134.74,135.14,134.2,134.29,41.43,2026-07-28 02:54:00+00:00
1785207420000,134.61,135.01,134.07,134.1,142.36,2026-07-28 02:57:00+00:00
1785207600000,134.3,135.52,134.3,135.52,29.33,2026-07-28 03:00:00+00:00
1785207780000,135.57,135.78,135.04,135.57,72.64,2026-07-28 03:03:00+00:00
1785207960000,135.6,136.45,135.54,136.28,36.11,2026-07-28 03:06:00+00:00
1785208140000,136.2,137.48,136.13,137.48,261.68,2026-07-28 03:09:00+00:00
1785208320000,137.48,138.03,136.7,137.92,190.32,2026-07-28 03:12:00+00:00
1785208500000,137.7,138.5,137.01,138.5,118.12,2026-07-28 03:15:00+00:00
1785208680000,138.23,138.46,137.5,137.57,124.13,2026-07-28 03:18:00+00:00
1785208860000,137.64,137.64,136.74,136.74,109.83,2026-07-28 03:21:00+00:00
1785209040000,136.74,138.81,136.74,137.21,230.36,2026-07-28 03:24:00+00:00
1785209220000,137.17,137.46,136.19,136.19,53.24,2026-07-28 03:27:00+00:00
1785209400000,136.34,138.85,136.34,138.85,168.52,2026-07-28 03:30:00+00:00
1785209580000,138.85,138.91,138.11,138.17,221.25,2026-07-28 03:33:00+00:00
1785209760000,138.29,138.29,137.35,137.5,66.3,2026-07-28 03:36:00+00:00
1785209940000,137.63,138.43,137.56,138.43,29.65,2026-07-28 03:39:00+00:00
1785210120000,138.33,138.33,137.84,138.25,42.88,2026-07-28 03:42:00+00:00
1785210300000,138.1,139.22,138.1,138.2,150.81,2026-07-28 03:45:00+00:00
1785210480000,138.02,138.28,137.88,138.13,2.2,2026-07-28 03:48:00+00:00
1785210660000,138.13,138.34,137.06,137.22,68.6,2026-07-28 03:51:00+00:00
1785210840000,137.11,137.6,136.78,136.78,5.32,2026-07-28 03:54:00+00:00
1785211020000,137.22,137.5,136.99,137.08,39.94,2026-07-28 03:57:00+00:00
1785211200000,136.95,137.07,136.68,136.68,9.3,2026-07-28 04:00:00+00:00
1785211380000,136.83,137.07,136.59,137.07,33.23,2026-07-28 04:03:00+00:00
1785211560000,137.05,137.08,136.68,136.96,11.55,2026-07-28 04:06:00+00:00
1785211740000,136.75,136.89,136.75,136.86,0.17,2026-07-28 04:09:00+00:00
1785211920000,136.84,136.91,136.73,136.78,1.98,2026-07-28 04:12:00+00:00
1785212100000,136.81,136.81,136.65,136.65,0.66,2026-07-28 04:15:00+00:00
1785212280000,136.68,136.79,136.57,136.57,2.87,2026-07-28 04:18:00+00:00
1785212460000,136.35,136.46,135.8,135.8,23.35,2026-07-28 04:21:00+00:00
1785212640000,135.64,135.64,135.39,135.39,9.69,2026-07-28 04:24:00+00:00
1785212820000,135.39,135.39,134.83,134.9,60.07,2026-07-28 04:27:00+00:00
1785213000000,134.99,135.15,134.64,135.02,42.83,2026-07-28 04:30:00+00:00
1785213180000,134.87,135.21,134.87,135.16,0.24,2026-07-28 04:33:00+00:00
1785213360000,135.13,135.13,134.93,134.93,1.13,2026-07-28 04:36:00+00:00
1785213540000,135.07,135.07,134.85,134.85,0.22,2026-07-28 04:39:00+00:00
1785213720000,134.83,134.99,134.71,134.72,10.57,2026-07-28 04:42:00+00:00
1785213900000,134.94,134.94,134.85,134.85,0.29,2026-07-28 04:45:00+00:00
1785214080000,134.92,135.11,134.87,134.98,4.97,2026-07-28 04:48:00+00:00
1785214260000,134.88,135.02,134.88,135.02,0.08,2026-07-28 04:51:00+00:00
1785214440000,134.94,135,134.86,134.86,0.11,2026-07-28 04:54:00+00:00
1785214620000,135.14,135.16,134.84,134.84,0.53,2026-07-28 04:57:00+00:00
1785214800000,134.95,136.79,134.95,135.24,72.72,2026-07-28 05:00:00+00:00
1785214980000,135.2,136.06,133.52,133.82,295.64,2026-07-28 05:03:00+00:00
1785215160000,133.4,134.89,133.29,134.69,71.48,2026-07-28 05:06:00+00:00
1785215340000,134.9,135.75,134.84,135.38,68.16,2026-07-28 05:09:00+00:00
1785215520000,135.8,136.7,135.74,136.7,49.33,2026-07-28 05:12:00+00:00
1785215700000,136.7,137.05,134.89,134.97,92.66,2026-07-28 05:15:00+00:00
1785215880000,135.19,136.04,134.94,135.1,268.23,2026-07-28 05:18:00+00:00
1785216060000,135.02,135.31,133.8,134.2,47.66,2026-07-28 05:21:00+00:00
1785216240000,134.33,134.33,133.72,133.81,15.7,2026-07-28 05:24:00+00:00
1785216420000,133.88,133.88,132.66,133.68,193.1,2026-07-28 05:27:00+00:00
1785216600000,133.73,133.87,132.82,133.14,54.19,2026-07-28 05:30:00+00:00
1785216780000,133.04,133.13,132.12,132.41,123.48,2026-07-28 05:33:00+00:00
1785216960000,132.61,133.2,132.29,132.84,12.35,2026-07-28 05:36:00+00:00
1785217140000,133,134.13,133,134.13,124.82,2026-07-28 05:39:00+00:00
1785217320000,133.56,133.92,132.72,132.8,211.56,2026-07-28 05:42:00+00:00
1785217500000,132.97,133.05,132.43,132.82,112.96,2026-07-28 05:45:00+00:00
1785217680000,133.04,133.04,132.36,132.77,46.64,2026-07-28 05:48:00+00:00
1785217860000,133.03,133.06,132.8,132.8,6.07,2026-07-28 05:51:00+00:00
1785218040000,132.81,132.81,131.75,131.75,58.94,2026-07-28 05:54:00+00:00
1785218220000,131.61,132.03,131.24,131.88,21.56,2026-07-28 05:57:00+00:00
1785218400000,132.06,133.12,131.84,133.12,69.93,2026-07-28 06:00:00+00:00
1785218580000,133.19,133.75,132.88,133.66,83.3,2026-07-28 06:03:00+00:00
1785218760000,133.65,133.92,133.48,133.88,73.21,2026-07-28 06:06:00+00:00
1785218940000,133.94,133.99,133.37,133.44,9.48,2026-07-28 06:09:00+00:00
1785219120000,133.22,133.32,132.91,132.91,7.72,2026-07-28 06:12:00+00:00
1785219300000,132.82,132.82,132.42,132.62,28.81,2026-07-28 06:15:00+00:00
1785219480000,132.77,133.27,132.77,133.27,12.91,2026-07-28 06:18:00+00:00
1785219660000,133.07,133.2,132.83,133.07,9.29,2026-07-28 06:21:00+00:00
1785219840000,132.97,132.97,131.49,132.48,176.94,2026-07-28 06:24:00+00:00
1785220020000,132.76,132.87,132.54,132.81,17.7,2026-07-28 06:27:00+00:00
1785220200000,132.62,132.65,131.53,131.53,32.01,2026-07-28 06:30:00+00:00
1785220380000,131.53,131.53,129.5,130.1,134.5,2026-07-28 06:33:00+00:00
1785220560000,130.34,130.34,128.67,129.61,282.47,2026-07-28 06:36:00+00:00
1785220740000,129.62,130.07,128.91,128.98,169.54,2026-07-28 06:39:00+00:00
1785220920000,129.08,129.82,128.57,129.36,313.41,2026-07-28 06:42:00+00:00
1785221100000,129.26,130.8,128.91,130.29,153.13,2026-07-28 06:45:00+00:00
1785221280000,130.3,131.05,130.3,131.05,72.91,2026-07-28 06:48:00+00:00
1785221460000,131.02,131.53,130.68,131.05,162.06,2026-07-28 06:51:00+00:00
1785221640000,131.05,132.05,130.74,132.05,194.29,2026-07-28 06:54:00+00:00
1785221820000,131.97,132,131.27,131.48,38.1,2026-07-28 06:57:00+00:00
1785222000000,131.65,132.12,131.53,131.53,268.43,2026-07-28 07:00:00+00:00
1785222180000,131.39,131.82,131.34,131.82,4.77,2026-07-28 07:03:00+00:00
1785222360000,131.82,131.82,131.44,131.65,39.82,2026-07-28 07:06:00+00:00
1785222540000,131.8,131.8,131.52,131.72,1.6,2026-07-28 07:09:00+00:00
1785222720000,131.75,131.88,131.67,131.82,35.38,2026-07-28 07:12:00+00:00
1785222900000,131.82,131.83,131.32,131.42,22,2026-07-28 07:15:00+00:00
1785223080000,131.61,131.97,131.38,131.64,37.77,2026-07-28 07:18:00+00:00
1785223260000,131.4,131.41,131.16,131.41,9.49,2026-07-28 07:21:00+00:00
1785223440000,131.53,131.99,131.53,131.8,21.65,2026-07-28 07:24:00+00:00
1785223620000,131.72,131.73,131.31,131.41,12.11,2026-07-28 07:27:00+00:00
1785223800000,131.42,131.44,130.45,130.65,20.51,2026-07-28 07:30:00+00:00
1785223980000,130.81,130.84,130.66,130.69,6,2026-07-28 07:33:00+00:00
1785224160000,130.88,131.29,130.79,131.26,59.25,2026-07-28 07:36:00+00:00
1785224340000,131.11,131.35,131.11,131.21,5.32,2026-07-28 07:39:00+00:00
1785224520000,131.09,131.85,130.87,131.85,43.46,2026-07-28 07:42:00+00:00
1785224700000,132,132.35,131.81,131.88,40.89,2026-07-28 07:45:00+00:00
1785224880000,131.98,132.67,131.88,131.99,73.95,2026-07-28 07:48:00+00:00
1785225060000,131.98,132.37,131.68,132.3,75.81,2026-07-28 07:51:00+00:00
1785225240000,132.11,132.25,131.93,132.17,9.2,2026-07-28 07:54:00+00:00
1785225420000,132.07,132.33,131.73,132.05,43.52,2026-07-28 07:57:00+00:00
1785225600000,132.17,132.46,132.09,132.24,6.54,2026-07-28 08:00:00+00:00
1785225780000,132.36,132.54,132.21,132.21,8.43,2026-07-28 08:03:00+00:00
1785225960000,132.11,133.86,132.11,133.64,60.45,2026-07-28 08:06:00+00:00
1785226140000,133.47,134.43,133.36,133.83,103.01,2026-07-28 08:09:00+00:00
1785226320000,133.81,134.04,133.71,133.77,24.47,2026-07-28 08:12:00+00:00
1785226500000,133.68,134.03,133.66,133.73,10.97,2026-07-28 08:15:00+00:00
1785226680000,133.93,134.23,133.93,134.23,1.16,2026-07-28 08:18:00+00:00
1785226860000,134.03,134.5,133.92,134.5,44.57,2026-07-28 08:21:00+00:00
1785227040000,134.7,134.95,134.54,134.64,27.98,2026-07-28 08:24:00+00:00
1785227220000,134.83,135.01,134.67,134.82,13.73,2026-07-28 08:27:00+00:00
1785227400000,134.72,134.85,134.4,134.61,8.48,2026-07-28 08:30:00+00:00
1785227580000,134.68,134.75,134.53,134.6,2.15,2026-07-28 08:33:00+00:00
1785227760000,134.57,134.68,134.48,134.52,4.16,2026-07-28 08:36:00+00:00
1785227940000,134.56,134.81,134.49,134.79,26.65,2026-07-28 08:39:00+00:00
1785228120000,134.79,135.01,134.62,134.89,29.61,2026-07-28 08:42:00+00:00
1785228300000,135.02,135.02,134.8,134.95,12.7,2026-07-28 08:45:00+00:00
1785228480000,134.95,135.07,134.81,134.99,2.18,2026-07-28 08:48:00+00:00
1785228660000,135.01,135.14,134.88,135.03,2.3,2026-07-28 08:51:00+00:00
1785228840000,135.17,135.17,134.97,134.97,1.74,2026-07-28 08:54:00+00:00
1785229020000,135.1,135.18,135.08,135.09,2.25,2026-07-28 08:57:00+00:00
1785229200000,135.05,135.53,135.05,135.39,42.19,2026-07-28 09:00:00+00:00
1785229380000,135.53,135.6,133.39,133.79,165.31,2026-07-28 09:03:00+00:00
1785229560000,133.81,134.07,133.72,133.98,14.7,2026-07-28 09:06:00+00:00
1785229740000,133.88,134.54,133.88,134.54,0.34,2026-07-28 09:09:00+00:00
1785229920000,134.56,134.56,134.21,134.27,3.75,2026-07-28 09:12:00+00:00
1785230100000,134.25,134.25,134.17,134.23,4.9,2026-07-28 09:15:00+00:00
1785230280000,134.3,134.51,134.17,134.32,1.79,2026-07-28 09:18:00+00:00
1785230460000,134.51,134.51,134.32,134.32,0.98,2026-07-28 09:21:00+00:00
1785230640000,134.29,134.52,134.29,134.39,4.61,2026-07-28 09:24:00+00:00
1785230820000,134.34,134.48,134.19,134.48,0.98,2026-07-28 09:27:00+00:00
1785231000000,134.46,134.47,134.45,134.45,0.05,2026-07-28 09:30:00+00:00
1785231180000,134.45,134.45,134.18,134.26,6.08,2026-07-28 09:33:00+00:00
1785231360000,134.33,134.56,134.22,134.56,11.63,2026-07-28 09:36:00+00:00
1785231540000,134.56,134.6,134.44,134.6,9.72,2026-07-28 09:39:00+00:00
1785231720000,134.58,135.34,134.57,134.75,32.33,2026-07-28 09:42:00+00:00
1785231900000,134.55,135.03,134.55,134.99,0.83,2026-07-28 09:45:00+00:00
1785232080000,134.72,135.06,134.56,134.98,0.79,2026-07-28 09:48:00+00:00
1785232260000,134.92,135.01,134.92,135.01,0.29,2026-07-28 09:51:00+00:00
1785232440000,134.98,134.98,134.65,134.65,0.16,2026-07-28 09:54:00+00:00
1785232620000,134.81,134.97,134.81,134.97,10.94,2026-07-28 09:57:00+00:00
1785232800000,134.98,135.12,134.93,135.12,5.64,2026-07-28 10:00:00+00:00
1785232980000,135.13,135.3,134.84,135.3,8.72,2026-07-28 10:03:00+00:00
1785233160000,135.24,135.24,135.13,135.13,0.19,2026-07-28 10:06:00+00:00
1785233340000,135.32,135.38,134.94,135.37,9.11,2026-07-28 10:09:00+00:00
1785233520000,135.14,135.31,134.96,135.19,8.48,2026-07-28 10:12:00+00:00
1785233700000,135.18,135.18,135.18,135.18,0.01,2026-07-28 10:15:00+00:00
1785233880000,135.01,135.01,134.44,134.44,1.19,2026-07-28 10:18:00+00:00
1785234060000,134.33,134.71,134.33,134.59,0.11,2026-07-28 10:21:00+00:00
1785234240000,134.63,134.95,134.51,134.66,0.56,2026-07-28 10:24:00+00:00
1785234420000,134.82,134.98,134.68,134.98,0.89,2026-07-28 10:27:00+00:00
1785234600000,135.2,135.2,135.12,135.12,6.21,2026-07-28 10:30:00+00:00
1785234780000,135.2,135.33,135.16,135.16,7.04,2026-07-28 10:33:00+00:00
1785234960000,135.27,135.4,135.21,135.3,5.74,2026-07-28 10:36:00+00:00
1785235140000,135.08,135.6,135.06,135.53,10.11,2026-07-28 10:39:00+00:00
1785235320000,135.4,135.43,135.35,135.41,1.43,2026-07-28 10:42:00+00:00
1785235500000,135.34,135.59,135.27,135.53,42.45,2026-07-28 10:45:00+00:00
1785235680000,135.49,135.59,135.47,135.58,0.41,2026-07-28 10:48:00+00:00
1785235860000,135.32,135.58,135.18,135.53,7.91,2026-07-28 10:51:00+00:00
1785236040000,135.42,135.43,135.4,135.4,0.15,2026-07-28 10:54:00+00:00
1785236220000,135.27,135.4,135.27,135.4,0.24,2026-07-28 10:57:00+00:00
1785236400000,135.42,135.45,134.92,134.92,9.74,2026-07-28 11:00:00+00:00
1785236580000,135.11,135.49,134.88,134.93,5.85,2026-07-28 11:03:00+00:00
1785236760000,134.78,135.05,134.31,134.46,15.81,2026-07-28 11:06:00+00:00
1785236940000,134.91,135.06,134.85,134.88,0.16,2026-07-28 11:09:00+00:00
1785237120000,134.72,134.72,133.73,133.96,39.19,2026-07-28 11:12:00+00:00
