ts,open,high,low,close,volume,open_time
1784787300000,47.05,47.06,47.05,47.06,61.8,2026-07-23 06:15:00+00:00
1784787480000,47.07,47.09,47.07,47.08,405.8,2026-07-23 06:18:00+00:00
1784787660000,47.07,47.07,47.05,47.05,161.4,2026-07-23 06:21:00+00:00
1784787840000,47.05,47.06,47.01,47.06,738.9,2026-07-23 06:24:00+00:00
1784788020000,47.07,47.1,47.07,47.09,2045.2,2026-07-23 06:27:00+00:00
1784788200000,47.1,47.1,47.07,47.08,232.4,2026-07-23 06:30:00+00:00
1784788380000,47.07,47.07,47.05,47.05,110.8,2026-07-23 06:33:00+00:00
1784788560000,47.05,47.07,47.05,47.07,288.6,2026-07-23 06:36:00+00:00
1784788740000,47.07,47.09,47.07,47.09,130,2026-07-23 06:39:00+00:00
1784788920000,47.09,47.1,47.09,47.1,94.3,2026-07-23 06:42:00+00:00
1784789100000,47.1,47.11,47.1,47.11,209.7,2026-07-23 06:45:00+00:00
1784789280000,47.1,47.1,47.07,47.08,946.9,2026-07-23 06:48:00+00:00
1784789460000,47.09,47.09,47.05,47.08,621.9,2026-07-23 06:51:00+00:00
1784789640000,47.08,47.16,46.88,47.11,15755.1,2026-07-23 06:54:00+00:00
1784789820000,47.11,47.21,47.08,47.21,2792.3,2026-07-23 06:57:00+00:00
1784790000000,47.2,47.2,47.05,47.09,5193.4,2026-07-23 07:00:00+00:00
1784790180000,47.09,47.13,47.08,47.08,835.5,2026-07-23 07:03:00+00:00
1784790360000,47.09,47.1,47.06,47.06,229.5,2026-07-23 07:06:00+00:00
1784790540000,47.07,47.07,46.88,46.89,2625.8,2026-07-23 07:09:00+00:00
1784790720000,46.89,46.96,46.83,46.96,2372.8,2026-07-23 07:12:00+00:00
1784790900000,46.95,47.01,46.95,47,1167.6,2026-07-23 07:15:00+00:00
1784791080000,46.99,47.01,46.97,46.98,1367.9,2026-07-23 07:18:00+00:00
1784791260000,46.97,46.97,46.92,46.94,843.3,2026-07-23 07:21:00+00:00
1784791440000,46.93,46.93,46.89,46.9,1034.2,2026-07-23 07:24:00+00:00
1784791620000,46.9,46.91,46.89,46.9,172.3,2026-07-23 07:27:00+00:00
1784791800000,46.9,46.93,46.87,46.91,1027.8,2026-07-23 07:30:00+00:00
1784791980000,46.91,46.94,46.87,46.87,292,2026-07-23 07:33:00+00:00
1784792160000,46.86,46.9,46.86,46.89,195.9,2026-07-23 07:36:00+00:00
1784792340000,46.89,46.9,46.82,46.82,680.2,2026-07-23 07:39:00+00:00
1784792520000,46.82,46.82,46.79,46.81,1261.9,2026-07-23 07:42:00+00:00
1784792700000,46.8,46.89,46.77,46.84,2198.6,2026-07-23 07:45:00+00:00
1784792880000,46.85,46.86,46.84,46.85,63.5,2026-07-23 07:48:00+00:00
1784793060000,46.85,46.85,46.79,46.8,1445.9,2026-07-23 07:51:00+00:00
1784793240000,46.81,46.85,46.8,46.82,738.1,2026-07-23 07:54:00+00:00
1784793420000,46.82,46.9,46.82,46.89,1115.1,2026-07-23 07:57:00+00:00
1784793600000,46.89,46.93,46.85,46.88,2116.3,2026-07-23 08:00:00+00:00
1784793780000,46.87,46.95,46.86,46.93,1138.9,2026-07-23 08:03:00+00:00
1784793960000,46.92,46.95,46.92,46.95,458.2,2026-07-23 08:06:00+00:00
1784794140000,46.96,46.96,46.94,46.96,655.8,2026-07-23 08:09:00+00:00
1784794320000,46.96,47.01,46.95,47.01,1135.4,2026-07-23 08:12:00+00:00
1784794500000,47,47.06,46.96,47.05,940.4,2026-07-23 08:15:00+00:00
1784794680000,47.05,47.06,47.02,47.05,866.1,2026-07-23 08:18:00+00:00
1784794860000,47.04,47.04,47,47.04,1845.5,2026-07-23 08:21:00+00:00
1784795040000,47.03,47.06,47.02,47.06,1561,2026-07-23 08:24:00+00:00
1784795220000,47.07,47.1,47.05,47.1,5704.4,2026-07-23 08:27:00+00:00
1784795400000,47.1,47.12,47.1,47.11,325.2,2026-07-23 08:30:00+00:00
1784795580000,47.11,47.17,47.11,47.13,487,2026-07-23 08:33:00+00:00
1784795760000,47.12,47.13,47.08,47.09,245.4,2026-07-23 08:36:00+00:00
1784795940000,47.09,47.09,47.05,47.05,193.5,2026-07-23 08:39:00+00:00
1784796120000,47.04,47.08,47.04,47.08,164.7,2026-07-23 08:42:00+00:00
1784796300000,47.08,47.08,47.07,47.08,142.5,2026-07-23 08:45:00+00:00
1784796480000,47.07,47.12,47.07,47.09,633.9,2026-07-23 08:48:00+00:00
1784796660000,47.08,47.09,47.06,47.08,213.8,2026-07-23 08:51:00+00:00
1784796840000,47.08,47.11,47.07,47.11,72.9,2026-07-23 08:54:00+00:00
1784797020000,47.12,47.15,47.12,47.15,104.8,2026-07-23 08:57:00+00:00
1784797200000,47.14,47.21,47.13,47.21,859.3,2026-07-23 09:00:00+00:00
1784797380000,47.21,47.27,47.21,47.25,1227,2026-07-23 09:03:00+00:00
1784797560000,47.25,47.25,47.21,47.24,428.9,2026-07-23 09:06:00+00:00
1784797740000,47.24,47.24,47.04,47.05,5460.3,2026-07-23 09:09:00+00:00
1784797920000,47.04,47.04,46.96,46.96,310.3,2026-07-23 09:12:00+00:00
1784798100000,46.96,46.97,46.95,46.97,455.8,2026-07-23 09:15:00+00:00
1784798280000,46.97,47.02,46.95,47.02,1488,2026-07-23 09:18:00+00:00
1784798460000,47.01,47.02,46.94,46.95,775.9,2026-07-23 09:21:00+00:00
1784798640000,46.95,46.96,46.95,46.95,13.4,2026-07-23 09:24:00+00:00
1784798820000,46.95,46.95,46.91,46.91,723,2026-07-23 09:27:00+00:00
1784799000000,46.9,46.94,46.9,46.94,1340.4,2026-07-23 09:30:00+00:00
1784799180000,46.94,46.95,46.92,46.92,214.9,2026-07-23 09:33:00+00:00
1784799360000,46.93,46.97,46.93,46.97,92,2026-07-23 09:36:00+00:00
1784799540000,46.97,46.97,46.94,46.96,1139.3,2026-07-23 09:39:00+00:00
1784799720000,46.96,46.97,46.95,46.96,629.6,2026-07-23 09:42:00+00:00
1784799900000,46.96,46.97,46.95,46.95,106.8,2026-07-23 09:45:00+00:00
1784800080000,46.94,46.98,46.94,46.97,724.1,2026-07-23 09:48:00+00:00
1784800260000,46.97,46.97,46.94,46.96,524.8,2026-07-23 09:51:00+00:00
1784800440000,46.97,46.97,46.95,46.96,132.9,2026-07-23 09:54:00+00:00
1784800620000,46.96,46.96,46.94,46.94,231.1,2026-07-23 09:57:00+00:00
1784800800000,46.94,46.95,46.91,46.92,11073.2,2026-07-23 10:00:00+00:00
1784800980000,46.92,46.94,46.92,46.93,851.2,2026-07-23 10:03:00+00:00
1784801160000,46.92,46.94,46.88,46.9,2305.7,2026-07-23 10:06:00+00:00
1784801340000,46.9,46.91,46.89,46.9,571.9,2026-07-23 10:09:00+00:00
1784801520000,46.9,46.91,46.88,46.9,292.3,2026-07-23 10:12:00+00:00
1784801700000,46.89,46.9,46.88,46.9,241.7,2026-07-23 10:15:00+00:00
1784801880000,46.9,46.9,46.88,46.88,221.1,2026-07-23 10:18:00+00:00
1784802060000,46.87,46.89,46.82,46.85,3204,2026-07-23 10:21:00+00:00
1784802240000,46.85,46.87,46.85,46.87,31.5,2026-07-23 10:24:00+00:00
1784802420000,46.86,46.87,46.86,46.87,559.8,2026-07-23 10:27:00+00:00
1784802600000,46.86,46.88,46.8,46.85,3954.9,2026-07-23 10:30:00+00:00
1784802780000,46.84,46.85,46.84,46.85,261.6,2026-07-23 10:33:00+00:00
1784802960000,46.86,46.88,46.86,46.88,545.8,2026-07-23 10:36:00+00:00
1784803140000,46.87,46.89,46.87,46.88,142.8,2026-07-23 10:39:00+00:00
1784803320000,46.88,46.88,46.83,46.83,479.3,2026-07-23 10:42:00+00:00
1784803500000,46.83,46.89,46.8,46.8,4271.1,2026-07-23 10:45:00+00:00
1784803680000,46.81,46.83,46.81,46.81,215.2,2026-07-23 10:48:00+00:00
1784803860000,46.81,46.81,46.79,46.79,184.4,2026-07-23 10:51:00+00:00
1784804040000,46.8,46.8,46.74,46.77,2177.5,2026-07-23 10:54:00+00:00
1784804220000,46.76,46.77,46.76,46.77,227.5,2026-07-23 10:57:00+00:00
1784804400000,46.77,46.77,46.75,46.77,482.9,2026-07-23 11:00:00+00:00
1784804580000,46.77,46.8,46.77,46.8,878.9,2026-07-23 11:03:00+00:00
1784804760000,46.8,46.8,46.77,46.78,332.8,2026-07-23 11:06:00+00:00
1784804940000,46.78,46.81,46.74,46.81,2279.4,2026-07-23 11:09:00+00:00
1784805120000,46.81,46.82,46.79,46.82,81.2,2026-07-23 11:12:00+00:00
1784805300000,46.82,46.84,46.8,46.8,413.1,2026-07-23 11:15:00+00:00
1784805480000,46.8,46.83,46.79,46.79,117.2,2026-07-23 11:18:00+00:00
1784805660000,46.8,46.83,46.8,46.8,186,2026-07-23 11:21:00+00:00
1784805840000,46.79,46.79,46.74,46.78,1889.1,2026-07-23 11:24:00+00:00
1784806020000,46.79,46.81,46.78,46.8,516.3,2026-07-23 11:27:00+00:00
1784806200000,46.8,46.84,46.79,46.82,313.9,2026-07-23 11:30:00+00:00
1784806380000,46.81,46.81,46.73,46.75,2316.3,2026-07-23 11:33:00+00:00
1784806560000,46.76,46.8,46.76,46.78,1076.8,2026-07-23 11:36:00+00:00
1784806740000,46.77,46.82,46.72,46.74,2809.6,2026-07-23 11:39:00+00:00
1784806920000,46.75,46.81,46.75,46.81,300.3,2026-07-23 11:42:00+00:00
1784807100000,46.81,46.87,46.81,46.86,772.6,2026-07-23 11:45:00+00:00
1784807280000,46.86,46.93,46.86,46.93,568.4,2026-07-23 11:48:00+00:00
1784807460000,46.93,46.93,46.82,46.85,3117.8,2026-07-23 11:51:00+00:00
1784807640000,46.86,46.89,46.86,46.88,686.8,2026-07-23 11:54:00+00:00
1784807820000,46.88,46.91,46.84,46.91,2142.7,2026-07-23 11:57:00+00:00
1784808000000,46.9,46.9,46.87,46.88,417.3,2026-07-23 12:00:00+00:00
1784808180000,46.87,46.88,46.83,46.83,724.3,2026-07-23 12:03:00+00:00
1784808360000,46.82,46.84,46.81,46.82,608.5,2026-07-23 12:06:00+00:00
1784808540000,46.81,46.82,46.8,46.81,588.7,2026-07-23 12:09:00+00:00
1784808720000,46.82,46.86,46.82,46.85,238.5,2026-07-23 12:12:00+00:00
1784808900000,46.85,46.9,46.8,46.9,2804,2026-07-23 12:15:00+00:00
1784809080000,46.89,46.9,46.8,46.84,2440.4,2026-07-23 12:18:00+00:00
1784809260000,46.84,47,46.84,46.94,1825.6,2026-07-23 12:21:00+00:00
1784809440000,46.94,47.08,46.94,47.06,5822.2,2026-07-23 12:24:00+00:00
1784809620000,47.06,47.08,46.93,46.97,2609,2026-07-23 12:27:00+00:00
1784809800000,46.97,46.99,46.92,46.96,1018.5,2026-07-23 12:30:00+00:00
1784809980000,46.96,46.96,46.9,46.94,751.3,2026-07-23 12:33:00+00:00
1784810160000,46.93,46.93,46.85,46.92,2910.7,2026-07-23 12:36:00+00:00
1784810340000,46.93,47.01,46.93,47.01,1003.6,2026-07-23 12:39:00+00:00
1784810520000,47.02,47.02,46.97,46.98,1467,2026-07-23 12:42:00+00:00
1784810700000,46.98,46.98,46.82,46.84,2301.2,2026-07-23 12:45:00+00:00
1784810880000,46.84,46.99,46.8,46.99,2608.7,2026-07-23 12:48:00+00:00
1784811060000,46.99,47.04,46.99,47.02,859.2,2026-07-23 12:51:00+00:00
1784811240000,47.02,47.02,47,47,194.5,2026-07-23 12:54:00+00:00
1784811420000,47,47,46.94,46.94,261.6,2026-07-23 12:57:00+00:00
1784811600000,46.93,46.93,46.9,46.93,427.8,2026-07-23 13:00:00+00:00
1784811780000,46.92,46.92,46.83,46.83,533.7,2026-07-23 13:03:00+00:00
1784811960000,46.83,46.85,46.76,46.79,824.9,2026-07-23 13:06:00+00:00
1784812140000,46.8,46.8,46.76,46.78,271.3,2026-07-23 13:09:00+00:00
1784812320000,46.78,46.78,46.72,46.74,879.3,2026-07-23 13:12:00+00:00
1784812500000,46.75,46.8,46.74,46.8,707.1,2026-07-23 13:15:00+00:00
1784812680000,46.79,46.8,46.73,46.77,854,2026-07-23 13:18:00+00:00
1784812860000,46.78,46.8,46.74,46.77,2230.6,2026-07-23 13:21:00+00:00
1784813040000,46.77,46.79,46.67,46.69,2202.2,2026-07-23 13:24:00+00:00
1784813220000,46.68,46.76,46.68,46.72,469.6,2026-07-23 13:27:00+00:00
1784813400000,46.72,46.81,46.67,46.81,1509.9,2026-07-23 13:30:00+00:00
1784813580000,46.81,46.86,46.81,46.86,387,2026-07-23 13:33:00+00:00
1784813760000,46.85,46.85,46.72,46.73,1638.3,2026-07-23 13:36:00+00:00
1784813940000,46.73,46.76,46.68,46.74,2005.1,2026-07-23 13:39:00+00:00
1784814120000,46.74,46.77,46.73,46.75,480.5,2026-07-23 13:42:00+00:00
1784814300000,46.75,46.75,46.67,46.68,1091.3,2026-07-23 13:45:00+00:00
1784814480000,46.68,46.71,46.62,46.71,4876.9,2026-07-23 13:48:00+00:00
1784814660000,46.71,46.73,46.68,46.73,108.4,2026-07-23 13:51:00+00:00
1784814840000,46.73,46.82,46.73,46.76,1403.9,2026-07-23 13:54:00+00:00
1784815020000,46.76,46.76,46.68,46.69,543.8,2026-07-23 13:57:00+00:00
1784815200000,46.68,46.74,46.62,46.68,3352,2026-07-23 14:00:00+00:00
1784815380000,46.68,46.74,46.65,46.74,946.3,2026-07-23 14:03:00+00:00
1784815560000,46.73,46.73,46.62,46.62,341.7,2026-07-23 14:06:00+00:00
1784815740000,46.61,46.69,46.59,46.66,906.2,2026-07-23 14:09:00+00:00
1784815920000,46.66,46.7,46.66,46.66,537.7,2026-07-23 14:12:00+00:00
1784816100000,46.66,46.71,46.65,46.71,954.7,2026-07-23 14:15:00+00:00
1784816280000,46.72,46.73,46.68,46.73,165.7,2026-07-23 14:18:00+00:00
1784816460000,46.72,46.76,46.68,46.69,560.3,2026-07-23 14:21:00+00:00
1784816640000,46.68,46.72,46.68,46.71,272.8,2026-07-23 14:24:00+00:00
1784816820000,46.7,46.75,46.7,46.73,526.1,2026-07-23 14:27:00+00:00
1784817000000,46.74,46.74,46.68,46.68,152.6,2026-07-23 14:30:00+00:00
1784817180000,46.67,46.67,46.65,46.65,248.5,2026-07-23 14:33:00+00:00
1784817360000,46.64,46.75,46.64,46.75,737.8,2026-07-23 14:36:00+00:00
1784817540000,46.74,46.79,46.71,46.71,342.4,2026-07-23 14:39:00+00:00
1784817720000,46.71,46.71,46.61,46.62,1366.9,2026-07-23 14:42:00+00:00
1784817900000,46.63,46.64,46.61,46.64,688.4,2026-07-23 14:45:00+00:00
1784818080000,46.63,46.63,46.54,46.6,1648.6,2026-07-23 14:48:00+00:00
1784818260000,46.6,46.62,46.47,46.53,4584.6,2026-07-23 14:51:00+00:00
1784818440000,46.53,46.54,46.5,46.54,2163.7,2026-07-23 14:54:00+00:00
1784818620000,46.53,46.56,46.53,46.56,333,2026-07-23 14:57:00+00:00
1784818800000,46.56,46.56,46.5,46.5,1114.5,2026-07-23 15:00:00+00:00
1784818980000,46.5,46.53,46.47,46.5,2096.6,2026-07-23 15:03:00+00:00
1784819160000,46.49,46.5,46.35,46.35,3918.9,2026-07-23 15:06:00+00:00
1784819340000,46.35,46.4,46.22,46.24,18903.5,2026-07-23 15:09:00+00:00
1784819520000,46.25,46.32,46.18,46.18,8865,2026-07-23 15:12:00+00:00
1784819700000,46.19,46.28,46.18,46.27,1701,2026-07-23 15:15:00+00:00
1784819880000,46.28,46.37,46.27,46.36,3515,2026-07-23 15:18:00+00:00
1784820060000,46.36,46.44,46.34,46.4,1524.3,2026-07-23 15:21:00+00:00
1784820240000,46.4,46.46,46.4,46.44,827.8,2026-07-23 15:24:00+00:00
1784820420000,46.43,46.43,46.35,46.35,654.5,2026-07-23 15:27:00+00:00
1784820600000,46.35,46.39,46.34,46.38,823.7,2026-07-23 15:30:00+00:00
1784820780000,46.38,46.38,46.32,46.36,2017.2,2026-07-23 15:33:00+00:00
1784820960000,46.35,46.35,46.27,46.32,1801.7,2026-07-23 15:36:00+00:00
1784821140000,46.32,46.38,46.32,46.37,1005.7,2026-07-23 15:39:00+00:00
1784821320000,46.37,46.39,46.3,46.3,922.1,2026-07-23 15:42:00+00:00
1784821500000,46.3,46.32,46.29,46.32,572.5,2026-07-23 15:45:00+00:00
1784821680000,46.32,46.37,46.32,46.35,924,2026-07-23 15:48:00+00:00
1784821860000,46.35,46.39,46.34,46.39,321,2026-07-23 15:51:00+00:00
1784822040000,46.39,46.41,46.38,46.38,504.7,2026-07-23 15:54:00+00:00
1784822220000,46.38,46.38,46.37,46.37,54.6,2026-07-23 15:57:00+00:00
1784822400000,46.37,46.37,46.29,46.29,1323.3,2026-07-23 16:00:00+00:00
1784822580000,46.29,46.31,46.25,46.26,288.7,2026-07-23 16:03:00+00:00
1784822760000,46.25,46.35,46.25,46.35,657.2,2026-07-23 16:06:00+00:00
1784822940000,46.35,46.43,46.35,46.41,1589.3,2026-07-23 16:09:00+00:00
1784823120000,46.41,46.51,46.41,46.51,3692,2026-07-23 16:12:00+00:00
1784823300000,46.51,46.54,46.47,46.47,3536.7,2026-07-23 16:15:00+00:00
1784823480000,46.47,46.47,46.42,46.45,1142.6,2026-07-23 16:18:00+00:00
1784823660000,46.45,46.5,46.42,46.5,617.6,2026-07-23 16:21:00+00:00
1784823840000,46.5,46.51,46.48,46.48,298.2,2026-07-23 16:24:00+00:00
1784824020000,46.47,46.53,46.47,46.53,483.7,2026-07-23 16:27:00+00:00
1784824200000,46.53,46.53,46.48,46.48,380.9,2026-07-23 16:30:00+00:00
1784824380000,46.49,46.52,46.47,46.49,368.3,2026-07-23 16:33:00+00:00
1784824560000,46.48,46.54,46.48,46.53,804.8,2026-07-23 16:36:00+00:00
1784824740000,46.53,46.58,46.53,46.56,230.6,2026-07-23 16:39:00+00:00
1784824920000,46.56,46.59,46.54,46.57,1185,2026-07-23 16:42:00+00:00
1784825100000,46.57,46.57,46.52,46.53,1399.5,2026-07-23 16:45:00+00:00
1784825280000,46.52,46.56,46.52,46.55,950.4,2026-07-23 16:48:00+00:00
1784825460000,46.54,46.55,46.53,46.53,227.8,2026-07-23 16:51:00+00:00
1784825640000,46.52,46.54,46.52,46.54,300.1,2026-07-23 16:54:00+00:00
1784825820000,46.53,46.54,46.5,46.5,175.8,2026-07-23 16:57:00+00:00
1784826000000,46.5,46.57,46.46,46.52,1051,2026-07-23 17:00:00+00:00
1784826180000,46.52,46.53,46.49,46.49,298.7,2026-07-23 17:03:00+00:00
1784826360000,46.49,46.54,46.49,46.54,290.7,2026-07-23 17:06:00+00:00
1784826540000,46.54,46.56,46.54,46.56,552.5,2026-07-23 17:09:00+00:00
1784826720000,46.55,46.58,46.55,46.58,693.6,2026-07-23 17:12:00+00:00
1784826900000,46.57,46.6,46.55,46.56,249.4,2026-07-23 17:15:00+00:00
1784827080000,46.55,46.6,46.53,46.6,424.5,2026-07-23 17:18:00+00:00
1784827260000,46.6,46.63,46.59,46.62,583.6,2026-07-23 17:21:00+00:00
1784827440000,46.63,46.65,46.62,46.65,643.8,2026-07-23 17:24:00+00:00
1784827620000,46.64,46.66,46.61,46.61,716.7,2026-07-23 17:27:00+00:00
1784827800000,46.61,46.61,46.58,46.59,104.1,2026-07-23 17:30:00+00:00
1784827980000,46.59,46.66,46.59,46.65,231.1,2026-07-23 17:33:00+00:00
1784828160000,46.65,46.65,46.61,46.62,104.3,2026-07-23 17:36:00+00:00
1784828340000,46.63,46.65,46.59,46.59,1826.2,2026-07-23 17:39:00+00:00
1784828520000,46.6,46.66,46.6,46.66,1140.3,2026-07-23 17:42:00+00:00
1784828700000,46.65,46.65,46.61,46.61,276.2,2026-07-23 17:45:00+00:00
1784828880000,46.6,46.6,46.57,46.57,363.2,2026-07-23 17:48:00+00:00
1784829060000,46.56,46.56,46.52,46.53,1821.6,2026-07-23 17:51:00+00:00
1784829240000,46.52,46.53,46.46,46.47,513,2026-07-23 17:54:00+00:00
1784829420000,46.47,46.47,46.36,46.43,2045.4,2026-07-23 17:57:00+00:00
1784829600000,46.43,46.48,46.43,46.48,283.6,2026-07-23 18:00:00+00:00
1784829780000,46.48,46.51,46.48,46.51,328.7,2026-07-23 18:03:00+00:00
1784829960000,46.52,46.52,46.51,46.52,38.2,2026-07-23 18:06:00+00:00
1784830140000,46.51,46.53,46.51,46.53,170.6,2026-07-23 18:09:00+00:00
1784830320000,46.54,46.63,46.54,46.61,2294.4,2026-07-23 18:12:00+00:00
1784830500000,46.62,46.64,46.6,46.6,482.6,2026-07-23 18:15:00+00:00
1784830680000,46.59,46.66,46.58,46.65,765.1,2026-07-23 18:18:00+00:00
1784830860000,46.64,46.7,46.64,46.69,676.1,2026-07-23 18:21:00+00:00
1784831040000,46.7,46.72,46.7,46.7,730.4,2026-07-23 18:24:00+00:00
1784831220000,46.71,46.81,46.65,46.81,3206.2,2026-07-23 18:27:00+00:00
1784831400000,46.81,46.82,46.76,46.79,871.1,2026-07-23 18:30:00+00:00
1784831580000,46.79,46.8,46.78,46.8,205.1,2026-07-23 18:33:00+00:00
1784831760000,46.8,46.8,46.74,46.74,308.9,2026-07-23 18:36:00+00:00
1784831940000,46.73,46.75,46.68,46.7,1090.9,2026-07-23 18:39:00+00:00
1784832120000,46.69,46.71,46.68,46.71,278.2,2026-07-23 18:42:00+00:00
1784832300000,46.71,46.74,46.7,46.71,359.8,2026-07-23 18:45:00+00:00
1784832480000,46.7,46.71,46.69,46.7,443.8,2026-07-23 18:48:00+00:00
1784832660000,46.7,46.73,46.69,46.73,717.3,2026-07-23 18:51:00+00:00
1784832840000,46.73,46.76,46.71,46.76,203.8,2026-07-23 18:54:00+00:00
1784833020000,46.76,46.8,46.75,46.77,224.4,2026-07-23 18:57:00+00:00
1784833200000,46.78,46.8,46.78,46.8,33.1,2026-07-23 19:00:00+00:00
1784833380000,46.8,46.84,46.79,46.84,664.9,2026-07-23 19:03:00+00:00
1784833560000,46.84,46.84,46.83,46.83,396.5,2026-07-23 19:06:00+00:00
1784833740000,46.83,46.83,46.79,46.81,386.2,2026-07-23 19:09:00+00:00
1784833920000,46.81,46.82,46.77,46.79,231.8,2026-07-23 19:12:00+00:00
1784834100000,46.8,46.84,46.8,46.83,408.4,2026-07-23 19:15:00+00:00
1784834280000,46.82,46.83,46.82,46.82,650.3,2026-07-23 19:18:00+00:00
1784834460000,46.83,46.84,46.82,46.84,217.8,2026-07-23 19:21:00+00:00
1784834640000,46.85,46.9,46.81,46.9,2586.8,2026-07-23 19:24:00+00:00
1784834820000,46.89,46.92,46.88,46.91,559,2026-07-23 19:27:00+00:00
1784835000000,46.92,46.94,46.87,46.87,1134.6,2026-07-23 19:30:00+00:00
1784835180000,46.88,46.9,46.8,46.8,202.2,2026-07-23 19:33:00+00:00
1784835360000,46.81,46.89,46.81,46.88,308.1,2026-07-23 19:36:00+00:00
1784835540000,46.88,46.89,46.84,46.85,367.8,2026-07-23 19:39:00+00:00
1784835720000,46.86,46.87,46.85,46.86,19.5,2026-07-23 19:42:00+00:00
1784835900000,46.85,46.89,46.85,46.89,593.8,2026-07-23 19:45:00+00:00
1784836080000,46.89,46.91,46.83,46.88,813.5,2026-07-23 19:48:00+00:00
1784836260000,46.88,46.88,46.84,46.88,726.7,2026-07-23 19:51:00+00:00
1784836440000,46.87,46.87,46.83,46.86,182.3,2026-07-23 19:54:00+00:00
1784836620000,46.86,46.9,46.86,46.9,148.7,2026-07-23 19:57:00+00:00
1784836800000,46.89,46.95,46.78,46.95,10966.4,2026-07-23 20:00:00+00:00
1784836980000,46.95,46.99,46.95,46.99,1255.5,2026-07-23 20:03:00+00:00
1784837160000,47,47.07,46.99,47.05,2327.1,2026-07-23 20:06:00+00:00
1784837340000,47.04,47.12,46.93,47.07,28119.6,2026-07-23 20:09:00+00:00
1784837520000,47.07,47.13,47.07,47.1,601.9,2026-07-23 20:12:00+00:00
1784837700000,47.1,47.18,47.1,47.18,934.5,2026-07-23 20:15:00+00:00
1784837880000,47.18,47.28,47.18,47.24,1183,2026-07-23 20:18:00+00:00
1784838060000,47.25,47.26,47.14,47.18,1160.8,2026-07-23 20:21:00+00:00
1784838240000,47.19,47.19,47.08,47.1,1770.5,2026-07-23 20:24:00+00:00
1784838420000,47.11,47.21,47.11,47.21,520.2,2026-07-23 20:27:00+00:00
1784838600000,47.22,47.24,47.21,47.24,351,2026-07-23 20:30:00+00:00
1784838780000,47.25,47.34,47.25,47.33,901.1,2026-07-23 20:33:00+00:00
1784838960000,47.33,47.35,47.33,47.34,390.3,2026-07-23 20:36:00+00:00
1784839140000,47.35,47.35,47.27,47.3,1124.5,2026-07-23 20:39:00+00:00
1784839320000,47.31,47.31,47.25,47.29,836.6,2026-07-23 20:42:00+00:00
1784839500000,47.29,47.34,47.29,47.34,664.6,2026-07-23 20:45:00+00:00
1784839680000,47.34,47.34,47.32,47.32,108,2026-07-23 20:48:00+00:00
1784839860000,47.33,47.34,47.26,47.29,644.9,2026-07-23 20:51:00+00:00
1784840040000,47.29,47.32,47.28,47.3,541.3,2026-07-23 20:54:00+00:00
1784840220000,47.31,47.37,47.31,47.37,111.4,2026-07-23 20:57:00+00:00
1784840400000,47.38,47.52,47.38,47.5,2686,2026-07-23 21:00:00+00:00
1784840580000,47.51,47.52,47.42,47.45,1355.7,2026-07-23 21:03:00+00:00
1784840760000,47.46,47.46,47.36,47.36,1024.3,2026-07-23 21:06:00+00:00
1784840940000,47.36,47.42,47.35,47.41,814.8,2026-07-23 21:09:00+00:00
1784841120000,47.42,47.59,47.41,47.45,6807.8,2026-07-23 21:12:00+00:00
1784841300000,47.45,47.47,47.45,47.45,98.6,2026-07-23 21:15:00+00:00
1784841480000,47.45,47.45,47.29,47.41,1926.6,2026-07-23 21:18:00+00:00
1784841660000,47.42,47.43,47.4,47.42,153.4,2026-07-23 21:21:00+00:00
1784841840000,47.42,47.43,47.31,47.31,496,2026-07-23 21:24:00+00:00
1784842020000,47.3,47.33,47.28,47.28,796.9,2026-07-23 21:27:00+00:00
1784842200000,47.27,47.36,47.27,47.32,266.2,2026-07-23 21:30:00+00:00
1784842380000,47.32,47.36,47.3,47.36,433.1,2026-07-23 21:33:00+00:00
1784842560000,47.37,47.4,47.24,47.25,946.1,2026-07-23 21:36:00+00:00
1784842740000,47.26,47.26,47.2,47.22,594.4,2026-07-23 21:39:00+00:00
1784842920000,47.21,47.22,47.18,47.22,410.8,2026-07-23 21:42:00+00:00
1784843100000,47.21,47.22,47.14,47.16,412.5,2026-07-23 21:45:00+00:00
1784843280000,47.16,47.17,47.13,47.14,135,2026-07-23 21:48:00+00:00
1784843460000,47.15,47.18,47.13,47.14,136.1,2026-07-23 21:51:00+00:00
1784843640000,47.13,47.22,47.09,47.17,1828.4,2026-07-23 21:54:00+00:00
1784843820000,47.18,47.18,47.11,47.12,269.7,2026-07-23 21:57:00+00:00
1784844000000,47.13,47.15,47.09,47.14,726,2026-07-23 22:00:00+00:00
1784844180000,47.14,47.18,47.14,47.15,253.5,2026-07-23 22:03:00+00:00
1784844360000,47.16,47.19,47.16,47.19,133.4,2026-07-23 22:06:00+00:00
1784844540000,47.18,47.19,47.09,47.09,516.5,2026-07-23 22:09:00+00:00
1784844720000,47.09,47.09,47.02,47.02,457.5,2026-07-23 22:12:00+00:00
1784844900000,47.03,47.05,46.94,46.94,971.3,2026-07-23 22:15:00+00:00
1784845080000,46.95,47,46.94,47,547.3,2026-07-23 22:18:00+00:00
1784845260000,47.01,47.06,47,47.05,364.4,2026-07-23 22:21:00+00:00
1784845440000,47.04,47.11,47.04,47.07,711.4,2026-07-23 22:24:00+00:00
1784845620000,47.08,47.11,47.08,47.11,182.1,2026-07-23 22:27:00+00:00
1784845800000,47.1,47.16,47.1,47.12,1140.5,2026-07-23 22:30:00+00:00
1784845980000,47.12,47.12,47.09,47.09,345.4,2026-07-23 22:33:00+00:00
1784846160000,47.1,47.12,47.09,47.12,538.4,2026-07-23 22:36:00+00:00
1784846340000,47.12,47.13,47.1,47.1,273.8,2026-07-23 22:39:00+00:00
1784846520000,47.11,47.15,47.11,47.15,233.7,2026-07-23 22:42:00+00:00
1784846700000,47.15,47.17,47.14,47.14,293.5,2026-07-23 22:45:00+00:00
1784846880000,47.14,47.14,47.12,47.12,162.4,2026-07-23 22:48:00+00:00
1784847060000,47.13,47.13,47.11,47.12,173.6,2026-07-23 22:51:00+00:00
1784847240000,47.12,47.19,47.12,47.19,475.3,2026-07-23 22:54:00+00:00
1784847420000,47.2,47.2,47.15,47.18,902.8,2026-07-23 22:57:00+00:00
1784847600000,47.18,47.21,47.18,47.2,567.8,2026-07-23 23:00:00+00:00
1784847780000,47.2,47.21,47.16,47.16,171.1,2026-07-23 23:03:00+00:00
1784847960000,47.15,47.15,47.12,47.13,120.4,2026-07-23 23:06:00+00:00
1784848140000,47.14,47.14,47.12,47.12,142.1,2026-07-23 23:09:00+00:00
1784848320000,47.13,47.15,47.12,47.13,608.3,2026-07-23 23:12:00+00:00
1784848500000,47.13,47.13,47.11,47.11,702.7,2026-07-23 23:15:00+00:00
1784848680000,47.11,47.14,47.09,47.1,1352,2026-07-23 23:18:00+00:00
1784848860000,47.11,47.14,47.1,47.11,309.2,2026-07-23 23:21:00+00:00
1784849040000,47.1,47.11,47.08,47.08,223.6,2026-07-23 23:24:00+00:00
1784849220000,47.07,47.1,47.07,47.09,211.4,2026-07-23 23:27:00+00:00
1784849400000,47.08,47.08,47.02,47.02,886.6,2026-07-23 23:30:00+00:00
1784849580000,47.02,47.1,47,47.1,935.7,2026-07-23 23:33:00+00:00
1784849760000,47.09,47.09,47.07,47.08,85.8,2026-07-23 23:36:00+00:00
1784849940000,47.08,47.08,47.03,47.06,597.4,2026-07-23 23:39:00+00:00
1784850120000,47.05,47.06,47.05,47.06,129.3,2026-07-23 23:42:00+00:00
1784850300000,47.05,47.07,47.02,47.02,547.5,2026-07-23 23:45:00+00:00
1784850480000,47.03,47.06,47.02,47.04,402.4,2026-07-23 23:48:00+00:00
1784850660000,47.03,47.03,46.94,46.95,1092.4,2026-07-23 23:51:00+00:00
1784850840000,46.94,46.95,46.9,46.91,777.5,2026-07-23 23:54:00+00:00
1784851020000,46.92,46.94,46.9,46.93,521.3,2026-07-23 23:57:00+00:00
1784851200000,46.92,46.95,46.85,46.93,2179.5,2026-07-24 00:00:00+00:00
1784851380000,46.94,46.94,46.85,46.86,847.8,2026-07-24 00:03:00+00:00
1784851560000,46.86,46.95,46.86,46.92,1972.4,2026-07-24 00:06:00+00:00
1784851740000,46.92,46.98,46.92,46.96,4604.6,2026-07-24 00:09:00+00:00
1784851920000,46.96,47.02,46.96,46.97,917.8,2026-07-24 00:12:00+00:00
1784852100000,46.97,47.02,46.97,46.99,500,2026-07-24 00:15:00+00:00
1784852280000,46.99,47.03,46.96,47.01,758.7,2026-07-24 00:18:00+00:00
1784852460000,47.01,47.06,47.01,47.06,419,2026-07-24 00:21:00+00:00
1784852640000,47.05,47.06,47.02,47.03,352.6,2026-07-24 00:24:00+00:00
1784852820000,47.02,47.03,46.99,47,469.2,2026-07-24 00:27:00+00:00
1784853000000,47.01,47.05,46.97,46.98,3221.8,2026-07-24 00:30:00+00:00
1784853180000,46.97,47,46.89,47,1552.7,2026-07-24 00:33:00+00:00
1784853360000,46.99,47.02,46.96,46.96,368.4,2026-07-24 00:36:00+00:00
1784853540000,46.97,46.99,46.93,46.93,950.6,2026-07-24 00:39:00+00:00
1784853720000,46.93,47,46.91,46.98,1011.6,2026-07-24 00:42:00+00:00
1784853900000,46.97,47.01,46.97,47,681.4,2026-07-24 00:45:00+00:00
1784854080000,47,47.01,46.98,47,731.5,2026-07-24 00:48:00+00:00
1784854260000,47,47,46.98,46.99,144.8,2026-07-24 00:51:00+00:00
1784854440000,46.98,47.02,46.96,47.02,334,2026-07-24 00:54:00+00:00
1784854620000,47.01,47.09,47,47.09,893,2026-07-24 00:57:00+00:00
1784854800000,47.09,47.15,47.06,47.12,1539.6,2026-07-24 01:00:00+00:00
1784854980000,47.12,47.21,47.11,47.19,598.1,2026-07-24 01:03:00+00:00
1784855160000,47.18,47.18,47.15,47.18,176.2,2026-07-24 01:06:00+00:00
1784855340000,47.17,47.18,47.09,47.1,269.2,2026-07-24 01:09:00+00:00
1784855520000,47.09,47.1,47.09,47.09,204.9,2026-07-24 01:12:00+00:00
1784855700000,47.08,47.11,47.04,47.09,665.1,2026-07-24 01:15:00+00:00
1784855880000,47.09,47.09,47.06,47.09,179.9,2026-07-24 01:18:00+00:00
1784856060000,47.09,47.09,47.06,47.08,97.6,2026-07-24 01:21:00+00:00
1784856240000,47.08,47.12,47.08,47.11,296.6,2026-07-24 01:24:00+00:00
1784856420000,47.11,47.11,47.03,47.03,1060.5,2026-07-24 01:27:00+00:00
1784856600000,47.04,47.06,47.03,47.03,353.4,2026-07-24 01:30:00+00:00
1784856780000,47.03,47.07,47.03,47.03,165.4,2026-07-24 01:33:00+00:00
1784856960000,47.03,47.04,47.03,47.04,64.9,2026-07-24 01:36:00+00:00
1784857140000,47.05,47.05,47.02,47.05,523.8,2026-07-24 01:39:00+00:00
1784857320000,47.06,47.07,47.06,47.06,61.2,2026-07-24 01:42:00+00:00
1784857500000,47.05,47.05,47.04,47.04,157.9,2026-07-24 01:45:00+00:00
1784857680000,47.04,47.04,46.99,46.99,846.9,2026-07-24 01:48:00+00:00
1784857860000,46.98,46.99,46.95,46.98,666,2026-07-24 01:51:00+00:00
1784858040000,46.98,46.99,46.93,46.93,112.2,2026-07-24 01:54:00+00:00
1784858220000,46.93,46.95,46.91,46.94,245.6,2026-07-24 01:57:00+00:00
1784858400000,46.94,47.01,46.94,46.99,397.2,2026-07-24 02:00:00+00:00
1784858580000,47,47,46.95,46.95,217,2026-07-24 02:03:00+00:00
1784858760000,46.95,46.95,46.9,46.91,356.8,2026-07-24 02:06:00+00:00
1784858940000,46.91,46.94,46.91,46.93,1057.4,2026-07-24 02:09:00+00:00
1784859120000,46.93,46.96,46.93,46.95,229.8,2026-07-24 02:12:00+00:00
1784859300000,46.94,46.94,46.86,46.86,319.1,2026-07-24 02:15:00+00:00
1784859480000,46.86,46.86,46.82,46.82,648.6,2026-07-24 02:18:00+00:00
1784859660000,46.82,46.83,46.8,46.83,480,2026-07-24 02:21:00+00:00
1784859840000,46.84,46.87,46.82,46.83,692.3,2026-07-24 02:24:00+00:00
1784860020000,46.83,46.85,46.82,46.84,132.2,2026-07-24 02:27:00+00:00
1784860200000,46.83,46.83,46.8,46.8,431.2,2026-07-24 02:30:00+00:00
1784860380000,46.79,46.79,46.7,46.71,961.9,2026-07-24 02:33:00+00:00
1784860560000,46.71,46.74,46.71,46.71,381.7,2026-07-24 02:36:00+00:00
1784860740000,46.71,46.76,46.7,46.73,494.6,2026-07-24 02:39:00+00:00
1784860920000,46.73,46.73,46.69,46.71,822.6,2026-07-24 02:42:00+00:00
1784861100000,46.72,46.72,46.62,46.62,1616.5,2026-07-24 02:45:00+00:00
1784861280000,46.62,46.65,46.52,46.58,10996,2026-07-24 02:48:00+00:00
1784861460000,46.57,46.6,46.57,46.58,929.6,2026-07-24 02:51:00+00:00
1784861640000,46.58,46.61,46.58,46.59,480.2,2026-07-24 02:54:00+00:00
1784861820000,46.59,46.65,46.59,46.64,1054,2026-07-24 02:57:00+00:00
1784862000000,46.63,46.65,46.59,46.65,661.2,2026-07-24 03:00:00+00:00
1784862180000,46.65,46.73,46.65,46.73,874.6,2026-07-24 03:03:00+00:00
1784862360000,46.74,46.81,46.74,46.8,656.7,2026-07-24 03:06:00+00:00
1784862540000,46.8,46.83,46.77,46.78,531.4,2026-07-24 03:09:00+00:00
1784862720000,46.78,46.82,46.78,46.81,472.3,2026-07-24 03:12:00+00:00
1784862900000,46.82,46.85,46.81,46.84,604,2026-07-24 03:15:00+00:00
1784863080000,46.84,46.84,46.81,46.82,300.4,2026-07-24 03:18:00+00:00
1784863260000,46.82,46.83,46.8,46.8,425.5,2026-07-24 03:21:00+00:00
1784863440000,46.8,46.84,46.78,46.83,1058.5,2026-07-24 03:24:00+00:00
1784863620000,46.82,46.84,46.79,46.79,129.6,2026-07-24 03:27:00+00:00
1784863800000,46.78,46.8,46.74,46.74,525.7,2026-07-24 03:30:00+00:00
1784863980000,46.74,46.74,46.72,46.73,861.8,2026-07-24 03:33:00+00:00
1784864160000,46.72,46.73,46.7,46.7,232.2,2026-07-24 03:36:00+00:00
1784864340000,46.69,46.7,46.68,46.68,834.8,2026-07-24 03:39:00+00:00
1784864520000,46.68,46.73,46.68,46.73,211.1,2026-07-24 03:42:00+00:00
1784864700000,46.73,46.73,46.72,46.72,98.3,2026-07-24 03:45:00+00:00
1784864880000,46.73,46.74,46.71,46.72,283.2,2026-07-24 03:48:00+00:00
1784865060000,46.71,46.72,46.71,46.71,184.2,2026-07-24 03:51:00+00:00
1784865240000,46.72,46.76,46.69,46.76,793.8,2026-07-24 03:54:00+00:00
1784865420000,46.75,46.78,46.73,46.75,472.8,2026-07-24 03:57:00+00:00
1784865600000,46.75,46.78,46.71,46.77,1341.7,2026-07-24 04:00:00+00:00
1784865780000,46.77,46.8,46.77,46.78,1039.2,2026-07-24 04:03:00+00:00
1784865960000,46.78,46.83,46.78,46.81,536.4,2026-07-24 04:06:00+00:00
1784866140000,46.81,46.81,46.75,46.76,547.5,2026-07-24 04:09:00+00:00
1784866320000,46.77,46.79,46.76,46.76,1717.8,2026-07-24 04:12:00+00:00
1784866500000,46.76,46.76,46.72,46.73,217.6,2026-07-24 04:15:00+00:00
1784866680000,46.74,46.75,46.73,46.75,167.6,2026-07-24 04:18:00+00:00
1784866860000,46.75,46.82,46.75,46.82,161.4,2026-07-24 04:21:00+00:00
1784867040000,46.82,46.82,46.75,46.76,290.9,2026-07-24 04:24:00+00:00
1784867220000,46.77,46.8,46.77,46.79,384.5,2026-07-24 04:27:00+00:00
1784867400000,46.79,46.79,46.78,46.78,15.5,2026-07-24 04:30:00+00:00
1784867580000,46.78,46.78,46.75,46.75,183.4,2026-07-24 04:33:00+00:00
1784867760000,46.76,46.76,46.74,46.74,148.8,2026-07-24 04:36:00+00:00
1784867940000,46.74,46.74,46.66,46.66,500,2026-07-24 04:39:00+00:00
1784868120000,46.66,46.72,46.66,46.72,610.7,2026-07-24 04:42:00+00:00
1784868300000,46.71,46.72,46.71,46.71,85.8,2026-07-24 04:45:00+00:00
1784868480000,46.72,46.72,46.69,46.7,164.8,2026-07-24 04:48:00+00:00
1784868660000,46.69,46.69,46.68,46.68,929.7,2026-07-24 04:51:00+00:00
1784868840000,46.68,46.69,46.64,46.64,617.6,2026-07-24 04:54:00+00:00
1784869020000,46.64,46.67,46.64,46.67,279.8,2026-07-24 04:57:00+00:00
1784869200000,46.68,46.68,46.61,46.63,580.3,2026-07-24 05:00:00+00:00
1784869380000,46.64,46.65,46.63,46.65,739.6,2026-07-24 05:03:00+00:00
1784869560000,46.65,46.74,46.65,46.72,525.1,2026-07-24 05:06:00+00:00
1784869740000,46.72,46.72,46.68,46.68,311.6,2026-07-24 05:09:00+00:00
1784869920000,46.69,46.7,46.68,46.68,412.5,2026-07-24 05:12:00+00:00
1784870100000,46.68,46.69,46.68,46.69,37.4,2026-07-24 05:15:00+00:00
1784870280000,46.68,46.71,46.68,46.69,294.8,2026-07-24 05:18:00+00:00
1784870460000,46.69,46.83,46.69,46.75,874.1,2026-07-24 05:21:00+00:00
1784870640000,46.75,46.76,46.72,46.73,245.2,2026-07-24 05:24:00+00:00
1784870820000,46.74,46.75,46.73,46.74,166.3,2026-07-24 05:27:00+00:00
1784871000000,46.73,46.73,46.71,46.72,119.6,2026-07-24 05:30:00+00:00
1784871180000,46.72,46.72,46.7,46.7,130.1,2026-07-24 05:33:00+00:00
1784871360000,46.69,46.69,46.68,46.68,377.9,2026-07-24 05:36:00+00:00
1784871540000,46.67,46.68,46.67,46.67,52.8,2026-07-24 05:39:00+00:00
1784871720000,46.68,46.75,46.67,46.75,997.1,2026-07-24 05:42:00+00:00
1784871900000,46.75,46.78,46.74,46.74,601.9,2026-07-24 05:45:00+00:00
1784872080000,46.74,46.74,46.68,46.68,419.5,2026-07-24 05:48:00+00:00
1784872260000,46.67,46.67,46.66,46.66,70.7,2026-07-24 05:51:00+00:00
1784872440000,46.66,46.66,46.65,46.65,145.7,2026-07-24 05:54:00+00:00
1784872620000,46.65,46.68,46.65,46.68,232.8,2026-07-24 05:57:00+00:00
1784872800000,46.67,46.67,46.65,46.67,64.7,2026-07-24 06:00:00+00:00
1784872980000,46.67,46.71,46.67,46.69,158.8,2026-07-24 06:03:00+00:00
1784873160000,46.7,46.75,46.68,46.75,486.1,2026-07-24 06:06:00+00:00
1784873340000,46.76,46.76,46.74,46.75,286.9,2026-07-24 06:09:00+00:00
1784873520000,46.74,46.78,46.73,46.78,246.8,2026-07-24 06:12:00+00:00
1784873700000,46.79,46.8,46.77,46.8,637.7,2026-07-24 06:15:00+00:00
1784873880000,46.79,46.96,46.79,46.96,1078.1,2026-07-24 06:18:00+00:00
1784874060000,46.96,46.99,46.91,46.93,971.2,2026-07-24 06:21:00+00:00
1784874240000,46.92,46.97,46.92,46.94,373.1,2026-07-24 06:24:00+00:00
1784874420000,46.94,46.94,46.89,46.92,797.9,2026-07-24 06:27:00+00:00
1784874600000,46.91,46.91,46.85,46.9,505.3,2026-07-24 06:30:00+00:00
1784874780000,46.89,46.94,46.89,46.94,468.8,2026-07-24 06:33:00+00:00
1784874960000,46.93,46.98,46.93,46.96,385.7,2026-07-24 06:36:00+00:00
1784875140000,46.96,46.97,46.94,46.97,429.6,2026-07-24 06:39:00+00:00
1784875320000,46.96,46.98,46.95,46.96,764.3,2026-07-24 06:42:00+00:00
1784875500000,46.96,46.98,46.95,46.97,458.7,2026-07-24 06:45:00+00:00
1784875680000,46.96,46.96,46.93,46.93,282.1,2026-07-24 06:48:00+00:00
1784875860000,46.93,46.95,46.93,46.94,256.7,2026-07-24 06:51:00+00:00
1784876040000,46.95,46.96,46.95,46.95,58.5,2026-07-24 06:54:00+00:00
1784876220000,46.96,46.98,46.95,46.98,274.2,2026-07-24 06:57:00+00:00
1784876400000,46.97,47.06,46.97,47.05,692.9,2026-07-24 07:00:00+00:00
1784876580000,47.06,47.07,47.01,47.03,750.7,2026-07-24 07:03:00+00:00
1784876760000,47.04,47.11,47.04,47.11,1104.9,2026-07-24 07:06:00+00:00
1784876940000,47.11,47.32,47.11,47.24,7180.2,2026-07-24 07:09:00+00:00
1784877120000,47.24,47.26,47.2,47.21,1943.6,2026-07-24 07:12:00+00:00
1784877300000,47.21,47.32,47.17,47.26,8549.7,2026-07-24 07:15:00+00:00
1784877480000,47.26,47.31,47.25,47.3,1324,2026-07-24 07:18:00+00:00
1784877660000,47.31,47.38,47.27,47.27,2739.1,2026-07-24 07:21:00+00:00
1784877840000,47.27,47.3,47.24,47.29,1638.4,2026-07-24 07:24:00+00:00
1784878020000,47.29,47.29,47.26,47.27,667.5,2026-07-24 07:27:00+00:00
1784878200000,47.28,47.28,47.19,47.22,961.2,2026-07-24 07:30:00+00:00
1784878380000,47.22,47.23,47.16,47.18,1398.3,2026-07-24 07:33:00+00:00
1784878560000,47.19,47.21,47.13,47.14,3368.2,2026-07-24 07:36:00+00:00
1784878740000,47.14,47.16,47.08,47.08,953.6,2026-07-24 07:39:00+00:00
1784878920000,47.07,47.08,47.03,47.06,2576.2,2026-07-24 07:42:00+00:00
1784879100000,47.05,47.07,47.02,47.04,781.4,2026-07-24 07:45:00+00:00
1784879280000,47.03,47.04,47.02,47.02,207.5,2026-07-24 07:48:00+00:00
1784879460000,47.01,47.04,47,47.02,423.3,2026-07-24 07:51:00+00:00
1784879640000,47.02,47.03,46.92,46.93,4239.7,2026-07-24 07:54:00+00:00
1784879820000,46.92,46.96,46.85,46.96,2732.2,2026-07-24 07:57:00+00:00
1784880000000,46.97,46.97,46.88,46.88,546.6,2026-07-24 08:00:00+00:00
1784880180000,46.87,46.89,46.84,46.85,1533.9,2026-07-24 08:03:00+00:00
1784880360000,46.86,46.89,46.85,46.89,659.2,2026-07-24 08:06:00+00:00
1784880540000,46.89,46.91,46.81,46.85,1447.7,2026-07-24 08:09:00+00:00
1784880720000,46.84,46.84,46.82,46.82,140.8,2026-07-24 08:12:00+00:00
1784880900000,46.81,46.81,46.73,46.75,4742.2,2026-07-24 08:15:00+00:00
1784881080000,46.74,46.76,46.71,46.72,616,2026-07-24 08:18:00+00:00
1784881260000,46.71,46.71,46.68,46.69,909.1,2026-07-24 08:21:00+00:00
1784881440000,46.7,46.7,46.63,46.66,781.3,2026-07-24 08:24:00+00:00
1784881620000,46.65,46.68,46.65,46.68,550.8,2026-07-24 08:27:00+00:00
1784881800000,46.68,46.68,46.64,46.66,1130.7,2026-07-24 08:30:00+00:00
1784881980000,46.66,46.7,46.65,46.7,985,2026-07-24 08:33:00+00:00
1784882160000,46.7,46.78,46.7,46.77,1038.8,2026-07-24 08:36:00+00:00
1784882340000,46.77,46.78,46.75,46.76,240.5,2026-07-24 08:39:00+00:00
1784882520000,46.76,46.8,46.75,46.79,1458.9,2026-07-24 08:42:00+00:00
1784882700000,46.8,46.92,46.8,46.85,3416,2026-07-24 08:45:00+00:00
1784882880000,46.85,46.89,46.82,46.86,1163.5,2026-07-24 08:48:00+00:00
1784883060000,46.85,46.85,46.83,46.85,616,2026-07-24 08:51:00+00:00
1784883240000,46.86,46.86,46.86,46.86,18.8,2026-07-24 08:54:00+00:00
1784883420000,46.86,46.86,46.83,46.83,1144.3,2026-07-24 08:57:00+00:00
1784883600000,46.82,46.83,46.8,46.81,744.8,2026-07-24 09:00:00+00:00
1784883780000,46.81,46.81,46.71,46.71,3464,2026-07-24 09:03:00+00:00
1784883960000,46.7,46.79,46.7,46.79,2263.1,2026-07-24 09:06:00+00:00
1784884140000,46.8,46.8,46.74,46.74,839.9,2026-07-24 09:09:00+00:00
1784884320000,46.74,46.74,46.65,46.65,2671.9,2026-07-24 09:12:00+00:00
1784884500000,46.65,46.65,46.56,46.64,1307.6,2026-07-24 09:15:00+00:00
1784884680000,46.64,46.65,46.62,46.63,858.4,2026-07-24 09:18:00+00:00
1784884860000,46.62,46.63,46.59,46.6,459.2,2026-07-24 09:21:00+00:00
1784885040000,46.6,46.61,46.59,46.6,34.1,2026-07-24 09:24:00+00:00
1784885220000,46.59,46.59,46.57,46.59,237.1,2026-07-24 09:27:00+00:00
1784885400000,46.58,46.6,46.52,46.56,2843.6,2026-07-24 09:30:00+00:00
1784885580000,46.55,46.6,46.55,46.56,349.2,2026-07-24 09:33:00+00:00
1784885760000,46.56,46.62,46.56,46.62,436.2,2026-07-24 09:36:00+00:00
1784885940000,46.62,46.69,46.62,46.68,182.3,2026-07-24 09:39:00+00:00
1784886120000,46.67,46.7,46.66,46.66,508.6,2026-07-24 09:42:00+00:00
1784886300000,46.65,46.72,46.65,46.69,378.6,2026-07-24 09:45:00+00:00
1784886480000,46.68,46.69,46.65,46.66,96.1,2026-07-24 09:48:00+00:00
1784886660000,46.66,46.69,46.66,46.67,798.9,2026-07-24 09:51:00+00:00
1784886840000,46.68,46.69,46.68,46.69,105.4,2026-07-24 09:54:00+00:00
1784887020000,46.68,46.71,46.68,46.7,343.1,2026-07-24 09:57:00+00:00
1784887200000,46.7,46.7,46.68,46.68,74.9,2026-07-24 10:00:00+00:00
1784887380000,46.68,46.7,46.66,46.66,1209.9,2026-07-24 10:03:00+00:00
1784887560000,46.66,46.66,46.65,46.66,181.1,2026-07-24 10:06:00+00:00
1784887740000,46.67,46.67,46.64,46.64,257.4,2026-07-24 10:09:00+00:00
1784887920000,46.64,46.64,46.58,46.59,402.8,2026-07-24 10:12:00+00:00
1784888100000,46.6,46.63,46.58,46.58,733,2026-07-24 10:15:00+00:00
1784888280000,46.58,46.58,46.48,46.48,1917.9,2026-07-24 10:18:00+00:00
1784888460000,46.48,46.52,46.43,46.43,2487.2,2026-07-24 10:21:00+00:00
1784888640000,46.43,46.44,46.29,46.41,12735.4,2026-07-24 10:24:00+00:00
1784888820000,46.41,46.45,46.4,46.44,946.9,2026-07-24 10:27:00+00:00
1784889000000,46.43,46.43,46.29,46.3,6434,2026-07-24 10:30:00+00:00
1784889180000,46.3,46.33,46.21,46.21,5466.6,2026-07-24 10:33:00+00:00
1784889360000,46.22,46.25,46.18,46.25,2706.5,2026-07-24 10:36:00+00:00
1784889540000,46.25,46.27,46.24,46.26,910.3,2026-07-24 10:39:00+00:00
1784889720000,46.25,46.25,46.12,46.12,4862.5,2026-07-24 10:42:00+00:00
1784889900000,46.13,46.14,46.08,46.11,6736.4,2026-07-24 10:45:00+00:00
1784890080000,46.1,46.15,46.1,46.12,481.9,2026-07-24 10:48:00+00:00
1784890260000,46.13,46.14,46.1,46.13,2126.5,2026-07-24 10:51:00+00:00
1784890440000,46.13,46.17,46.1,46.16,2538.6,2026-07-24 10:54:00+00:00
1784890620000,46.17,46.21,46.16,46.21,446.6,2026-07-24 10:57:00+00:00
1784890800000,46.2,46.25,46.17,46.25,1403.3,2026-07-24 11:00:00+00:00
1784890980000,46.25,46.28,46.24,46.28,481.9,2026-07-24 11:03:00+00:00
1784891160000,46.27,46.28,46.25,46.26,223.7,2026-07-24 11:06:00+00:00
1784891340000,46.25,46.32,46.24,46.27,11033.5,2026-07-24 11:09:00+00:00
1784891520000,46.28,46.29,46.23,46.23,1603.6,2026-07-24 11:12:00+00:00
1784891700000,46.23,46.31,46.23,46.25,2054.1,2026-07-24 11:15:00+00:00
1784891880000,46.25,46.29,46.25,46.26,716.7,2026-07-24 11:18:00+00:00
1784892060000,46.27,46.28,46.25,46.25,335.4,2026-07-24 11:21:00+00:00
1784892240000,46.26,46.27,46.25,46.27,306.5,2026-07-24 11:24:00+00:00
1784892420000,46.27,46.31,46.27,46.31,214.5,2026-07-24 11:27:00+00:00
1784892600000,46.32,46.32,46.29,46.3,627.7,2026-07-24 11:30:00+00:00
1784892780000,46.3,46.31,46.26,46.27,2376.8,2026-07-24 11:33:00+00:00
1784892960000,46.26,46.27,46.26,46.26,78.4,2026-07-24 11:36:00+00:00
1784893140000,46.26,46.26,46.22,46.25,565.7,2026-07-24 11:39:00+00:00
1784893320000,46.24,46.27,46.23,46.24,2303.7,2026-07-24 11:42:00+00:00
1784893500000,46.25,46.27,46.15,46.17,2839,2026-07-24 11:45:00+00:00
1784893680000,46.17,46.29,46.16,46.29,647.9,2026-07-24 11:48:00+00:00
1784893860000,46.28,46.31,46.26,46.31,460.1,2026-07-24 11:51:00+00:00
1784894040000,46.31,46.35,46.25,46.27,4847.3,2026-07-24 11:54:00+00:00
1784894220000,46.26,46.32,46.26,46.32,857.9,2026-07-24 11:57:00+00:00
1784894400000,46.32,46.32,46.24,46.24,1579.9,2026-07-24 12:00:00+00:00
1784894580000,46.24,46.28,46.24,46.26,591.2,2026-07-24 12:03:00+00:00
1784894760000,46.25,46.32,46.25,46.32,787.4,2026-07-24 12:06:00+00:00
1784894940000,46.31,46.38,46.31,46.38,810.4,2026-07-24 12:09:00+00:00
1784895120000,46.37,46.38,46.35,46.38,743.3,2026-07-24 12:12:00+00:00
1784895300000,46.38,46.39,46.37,46.38,108.2,2026-07-24 12:15:00+00:00
1784895480000,46.39,46.4,46.31,46.32,1841.8,2026-07-24 12:18:00+00:00
1784895660000,46.33,46.34,46.31,46.34,855.6,2026-07-24 12:21:00+00:00
1784895840000,46.34,46.39,46.32,46.38,1903.4,2026-07-24 12:24:00+00:00
1784896020000,46.39,46.39,46.34,46.34,304.8,2026-07-24 12:27:00+00:00
1784896200000,46.34,46.36,46.34,46.36,81.5,2026-07-24 12:30:00+00:00
1784896380000,46.35,46.36,46.31,46.32,310.4,2026-07-24 12:33:00+00:00
1784896560000,46.32,46.33,46.32,46.33,208.4,2026-07-24 12:36:00+00:00
1784896740000,46.33,46.33,46.29,46.29,653.2,2026-07-24 12:39:00+00:00
1784896920000,46.29,46.3,46.29,46.29,45.3,2026-07-24 12:42:00+00:00
1784897100000,46.3,46.3,46.2,46.25,3889.6,2026-07-24 12:45:00+00:00
1784897280000,46.25,46.27,46.23,46.27,1527.3,2026-07-24 12:48:00+00:00
1784897460000,46.27,46.31,46.27,46.29,809.9,2026-07-24 12:51:00+00:00
1784897640000,46.28,46.29,46.23,46.23,515.5,2026-07-24 12:54:00+00:00
1784897820000,46.22,46.25,46.2,46.24,588,2026-07-24 12:57:00+00:00
1784898000000,46.25,46.27,46.2,46.2,1005.6,2026-07-24 13:00:00+00:00
1784898180000,46.21,46.23,46.07,46.15,3303.4,2026-07-24 13:03:00+00:00
1784898360000,46.14,46.22,46.08,46.22,3693.5,2026-07-24 13:06:00+00:00
1784898540000,46.21,46.27,46.17,46.27,1442.4,2026-07-24 13:09:00+00:00
1784898720000,46.27,46.28,46.25,46.25,1126.1,2026-07-24 13:12:00+00:00
1784898900000,46.26,46.37,46.24,46.32,5475.5,2026-07-24 13:15:00+00:00
1784899080000,46.32,46.36,46.32,46.36,234.3,2026-07-24 13:18:00+00:00
1784899260000,46.35,46.38,46.35,46.38,371.9,2026-07-24 13:21:00+00:00
1784899440000,46.39,46.39,46.35,46.36,728,2026-07-24 13:24:00+00:00
1784899620000,46.37,46.38,46.32,46.34,3235.2,2026-07-24 13:27:00+00:00
1784899800000,46.35,46.38,46.33,46.34,1294.5,2026-07-24 13:30:00+00:00
1784899980000,46.34,46.37,46.32,46.33,620.7,2026-07-24 13:33:00+00:00
1784900160000,46.33,46.33,46.24,46.25,1219.5,2026-07-24 13:36:00+00:00
1784900340000,46.25,46.29,46.24,46.28,637,2026-07-24 13:39:00+00:00
1784900520000,46.28,46.36,46.27,46.36,1736.8,2026-07-24 13:42:00+00:00
1784900700000,46.36,46.39,46.31,46.31,3153.2,2026-07-24 13:45:00+00:00
1784900880000,46.31,46.31,46.21,46.28,3119.4,2026-07-24 13:48:00+00:00
1784901060000,46.27,46.27,46.17,46.18,2142,2026-07-24 13:51:00+00:00
1784901240000,46.18,46.18,46.06,46.16,4872.6,2026-07-24 13:54:00+00:00
1784901420000,46.16,46.2,46.14,46.19,1208.4,2026-07-24 13:57:00+00:00
1784901600000,46.19,46.21,46.13,46.15,1462.1,2026-07-24 14:00:00+00:00
1784901780000,46.14,46.15,46.1,46.15,695.8,2026-07-24 14:03:00+00:00
1784901960000,46.15,46.27,46.12,46.26,792.1,2026-07-24 14:06:00+00:00
1784902140000,46.25,46.29,46.24,46.29,649.7,2026-07-24 14:09:00+00:00
1784902320000,46.29,46.3,46.24,46.25,418.2,2026-07-24 14:12:00+00:00
1784902500000,46.24,46.26,46.18,46.18,394.2,2026-07-24 14:15:00+00:00
1784902680000,46.18,46.18,46.09,46.12,1010.7,2026-07-24 14:18:00+00:00
1784902860000,46.12,46.14,46.08,46.13,2602.2,2026-07-24 14:21:00+00:00
1784903040000,46.13,46.13,46.04,46.11,5126,2026-07-24 14:24:00+00:00
1784903220000,46.1,46.15,46.1,46.14,1240.1,2026-07-24 14:27:00+00:00
1784903400000,46.15,46.15,46.06,46.1,1535.9,2026-07-24 14:30:00+00:00
1784903580000,46.1,46.17,46.08,46.16,832.9,2026-07-24 14:33:00+00:00
1784903760000,46.16,46.19,46.16,46.17,1490.2,2026-07-24 14:36:00+00:00
1784903940000,46.18,46.18,46.1,46.14,1171,2026-07-24 14:39:00+00:00
1784904120000,46.14,46.14,46.04,46.04,1257.9,2026-07-24 14:42:00+00:00
1784904300000,46.04,46.06,45.91,46.02,12119.9,2026-07-24 14:45:00+00:00
1784904480000,46.02,46.16,46,46.15,1908.3,2026-07-24 14:48:00+00:00
1784904660000,46.14,46.22,46.12,46.21,1617,2026-07-24 14:51:00+00:00
1784904840000,46.21,46.22,46.16,46.2,788.5,2026-07-24 14:54:00+00:00
1784905020000,46.21,46.27,46.21,46.27,638,2026-07-24 14:57:00+00:00
1784905200000,46.26,46.26,46.19,46.19,1297.9,2026-07-24 15:00:00+00:00
1784905380000,46.19,46.2,46.18,46.19,234.7,2026-07-24 15:03:00+00:00
1784905560000,46.2,46.21,46.16,46.21,381.7,2026-07-24 15:06:00+00:00
1784905740000,46.21,46.29,46.2,46.25,1041.1,2026-07-24 15:09:00+00:00
1784905920000,46.26,46.39,46.25,46.38,433.3,2026-07-24 15:12:00+00:00
1784906100000,46.37,46.49,46.37,46.44,3054.9,2026-07-24 15:15:00+00:00
1784906280000,46.44,46.48,46.37,46.37,1245.8,2026-07-24 15:18:00+00:00
1784906460000,46.36,46.38,46.36,46.36,216.3,2026-07-24 15:21:00+00:00
1784906640000,46.36,46.36,46.34,46.34,325.5,2026-07-24 15:24:00+00:00
1784906820000,46.34,46.34,46.3,46.3,299.2,2026-07-24 15:27:00+00:00
1784907000000,46.3,46.3,46.23,46.27,3677.7,2026-07-24 15:30:00+00:00
1784907180000,46.26,46.32,46.26,46.29,1003,2026-07-24 15:33:00+00:00
1784907360000,46.29,46.4,46.29,46.4,1579.9,2026-07-24 15:36:00+00:00
1784907540000,46.41,46.43,46.35,46.36,1373,2026-07-24 15:39:00+00:00
1784907720000,46.36,46.4,46.34,46.36,649.6,2026-07-24 15:42:00+00:00
1784907900000,46.36,46.37,46.33,46.33,672.6,2026-07-24 15:45:00+00:00
1784908080000,46.33,46.35,46.31,46.34,406.1,2026-07-24 15:48:00+00:00
1784908260000,46.34,46.36,46.29,46.31,845.7,2026-07-24 15:51:00+00:00
1784908440000,46.31,46.37,46.31,46.35,1127.7,2026-07-24 15:54:00+00:00
1784908620000,46.35,46.36,46.34,46.34,178.9,2026-07-24 15:57:00+00:00
1784908800000,46.34,46.36,46.29,46.34,454.2,2026-07-24 16:00:00+00:00
1784908980000,46.34,46.39,46.34,46.36,437.3,2026-07-24 16:03:00+00:00
1784909160000,46.36,46.39,46.36,46.39,103,2026-07-24 16:06:00+00:00
1784909340000,46.39,46.47,46.39,46.41,377.5,2026-07-24 16:09:00+00:00
1784909520000,46.4,46.41,46.35,46.35,321.5,2026-07-24 16:12:00+00:00
1784909700000,46.34,46.37,46.34,46.34,254,2026-07-24 16:15:00+00:00
1784909880000,46.34,46.4,46.34,46.4,503,2026-07-24 16:18:00+00:00
1784910060000,46.4,46.4,46.35,46.36,350.3,2026-07-24 16:21:00+00:00
1784910240000,46.35,46.41,46.35,46.37,131.2,2026-07-24 16:24:00+00:00
1784910420000,46.38,46.4,46.36,46.36,450.6,2026-07-24 16:27:00+00:00
1784910600000,46.36,46.36,46.32,46.35,981.2,2026-07-24 16:30:00+00:00
1784910780000,46.35,46.35,46.33,46.33,51.2,2026-07-24 16:33:00+00:00
1784910960000,46.32,46.36,46.32,46.36,19.3,2026-07-24 16:36:00+00:00
1784911140000,46.37,46.37,46.3,46.3,687.8,2026-07-24 16:39:00+00:00
1784911320000,46.3,46.3,46.26,46.26,234.6,2026-07-24 16:42:00+00:00
1784911500000,46.25,46.25,46.18,46.19,919.9,2026-07-24 16:45:00+00:00
1784911680000,46.18,46.22,46.17,46.2,740.2,2026-07-24 16:48:00+00:00
1784911860000,46.19,46.21,46.16,46.16,363.5,2026-07-24 16:51:00+00:00
1784912040000,46.16,46.24,46.16,46.23,332,2026-07-24 16:54:00+00:00
1784912220000,46.23,46.27,46.23,46.26,213.8,2026-07-24 16:57:00+00:00
1784912400000,46.25,46.26,46.24,46.26,1000.5,2026-07-24 17:00:00+00:00
1784912580000,46.26,46.31,46.26,46.31,90.6,2026-07-24 17:03:00+00:00
1784912760000,46.3,46.31,46.23,46.27,4187,2026-07-24 17:06:00+00:00
1784912940000,46.27,46.28,46.25,46.25,157.8,2026-07-24 17:09:00+00:00
1784913120000,46.25,46.26,46.23,46.26,285.7,2026-07-24 17:12:00+00:00
1784913300000,46.26,46.28,46.26,46.28,149.9,2026-07-24 17:15:00+00:00
1784913480000,46.28,46.32,46.28,46.32,142.3,2026-07-24 17:18:00+00:00
1784913660000,46.32,46.35,46.3,46.31,955.3,2026-07-24 17:21:00+00:00
1784913840000,46.3,46.35,46.3,46.35,460.2,2026-07-24 17:24:00+00:00
1784914020000,46.35,46.35,46.32,46.32,1084.2,2026-07-24 17:27:00+00:00
1784914200000,46.32,46.33,46.32,46.33,154.6,2026-07-24 17:30:00+00:00
1784914380000,46.34,46.36,46.34,46.36,138.3,2026-07-24 17:33:00+00:00
1784914560000,46.35,46.35,46.32,46.33,80.1,2026-07-24 17:36:00+00:00
1784914740000,46.34,46.34,46.32,46.33,165.2,2026-07-24 17:39:00+00:00
1784914920000,46.32,46.33,46.32,46.32,263.6,2026-07-24 17:42:00+00:00
1784915100000,46.31,46.32,46.3,46.3,203.9,2026-07-24 17:45:00+00:00
1784915280000,46.29,46.3,46.28,46.3,163.1,2026-07-24 17:48:00+00:00
1784915460000,46.29,46.32,46.29,46.32,142.1,2026-07-24 17:51:00+00:00
1784915640000,46.31,46.31,46.3,46.31,232,2026-07-24 17:54:00+00:00
1784915820000,46.32,46.33,46.31,46.31,98,2026-07-24 17:57:00+00:00
1784916000000,46.31,46.31,46.25,46.25,146.9,2026-07-24 18:00:00+00:00
1784916180000,46.24,46.25,46.24,46.25,114.6,2026-07-24 18:03:00+00:00
1784916360000,46.26,46.26,46.25,46.25,166.5,2026-07-24 18:06:00+00:00
1784916540000,46.25,46.25,46.23,46.23,8,2026-07-24 18:09:00+00:00
1784916720000,46.24,46.24,46.23,46.24,108.1,2026-07-24 18:12:00+00:00
1784916900000,46.24,46.24,46.21,46.21,242.6,2026-07-24 18:15:00+00:00
1784917080000,46.21,46.21,46.19,46.19,120.1,2026-07-24 18:18:00+00:00
1784917260000,46.19,46.2,46.17,46.17,40.6,2026-07-24 18:21:00+00:00
1784917440000,46.16,46.17,46.16,46.17,604.4,2026-07-24 18:24:00+00:00
1784917620000,46.18,46.18,46.15,46.15,338.9,2026-07-24 18:27:00+00:00
1784917800000,46.15,46.17,46.13,46.17,625.5,2026-07-24 18:30:00+00:00
1784917980000,46.18,46.19,46.15,46.15,50.8,2026-07-24 18:33:00+00:00
1784918160000,46.15,46.17,46.13,46.16,699.3,2026-07-24 18:36:00+00:00
1784918340000,46.17,46.17,46.1,46.12,2325.3,2026-07-24 18:39:00+00:00
1784918520000,46.12,46.12,46.11,46.12,13.8,2026-07-24 18:42:00+00:00
1784918700000,46.12,46.18,46.12,46.18,319.5,2026-07-24 18:45:00+00:00
1784918880000,46.18,46.19,46.16,46.16,211.2,2026-07-24 18:48:00+00:00
1784919060000,46.17,46.21,46.17,46.21,257.4,2026-07-24 18:51:00+00:00
1784919240000,46.2,46.2,46.19,46.19,37.9,2026-07-24 18:54:00+00:00
1784919420000,46.2,46.2,46.18,46.18,219.7,2026-07-24 18:57:00+00:00
1784919600000,46.17,46.17,46.11,46.11,218.5,2026-07-24 19:00:00+00:00
1784919780000,46.11,46.12,46.1,46.11,498,2026-07-24 19:03:00+00:00
1784919960000,46.11,46.11,46.07,46.08,395.3,2026-07-24 19:06:00+00:00
1784920140000,46.08,46.1,46.08,46.1,545.9,2026-07-24 19:09:00+00:00
1784920320000,46.09,46.1,46.08,46.08,257.9,2026-07-24 19:12:00+00:00
1784920500000,46.08,46.1,46.08,46.09,267.6,2026-07-24 19:15:00+00:00
1784920680000,46.09,46.12,46.09,46.12,203.1,2026-07-24 19:18:00+00:00
1784920860000,46.13,46.15,46.13,46.15,36.4,2026-07-24 19:21:00+00:00
1784921040000,46.14,46.14,46.12,46.14,164.6,2026-07-24 19:24:00+00:00
1784921220000,46.14,46.2,46.13,46.18,3844.1,2026-07-24 19:27:00+00:00
1784921400000,46.18,46.18,46.18,46.18,64.6,2026-07-24 19:30:00+00:00
1784921580000,46.18,46.19,46.18,46.19,35.7,2026-07-24 19:33:00+00:00
1784921760000,46.2,46.21,46.16,46.2,586.7,2026-07-24 19:36:00+00:00
1784921940000,46.2,46.21,46.15,46.15,543.5,2026-07-24 19:39:00+00:00
1784922120000,46.16,46.19,46.15,46.19,117.5,2026-07-24 19:42:00+00:00
1784922300000,46.19,46.2,46.18,46.19,184.6,2026-07-24 19:45:00+00:00
1784922480000,46.19,46.2,46.19,46.19,169.7,2026-07-24 19:48:00+00:00
1784922660000,46.18,46.19,46.18,46.19,35.6,2026-07-24 19:51:00+00:00
1784922840000,46.19,46.22,46.19,46.21,131.5,2026-07-24 19:54:00+00:00
1784923020000,46.2,46.2,46.19,46.19,72.9,2026-07-24 19:57:00+00:00
1784923200000,46.18,46.22,46.18,46.19,577.4,2026-07-24 20:00:00+00:00
1784923380000,46.19,46.19,46.14,46.14,100.3,2026-07-24 20:03:00+00:00
1784923560000,46.13,46.16,46.13,46.14,153.5,2026-07-24 20:06:00+00:00
1784923740000,46.14,46.17,46.14,46.17,328.6,2026-07-24 20:09:00+00:00
1784923920000,46.18,46.18,46.15,46.15,286.7,2026-07-24 20:12:00+00:00
1784924100000,46.15,46.16,46.15,46.15,155.5,2026-07-24 20:15:00+00:00
1784924280000,46.15,46.18,46.15,46.17,122.1,2026-07-24 20:18:00+00:00
1784924460000,46.17,46.18,46.17,46.18,73.8,2026-07-24 20:21:00+00:00
1784924640000,46.19,46.21,46.19,46.21,85.2,2026-07-24 20:24:00+00:00
1784924820000,46.22,46.22,46.21,46.21,51.5,2026-07-24 20:27:00+00:00
1784925000000,46.21,46.21,46.16,46.16,575.8,2026-07-24 20:30:00+00:00
1784925180000,46.16,46.3,46.16,46.28,4183.3,2026-07-24 20:33:00+00:00
1784925360000,46.28,46.28,46.21,46.21,1062,2026-07-24 20:36:00+00:00
1784925540000,46.21,46.27,46.2,46.25,332,2026-07-24 20:39:00+00:00
1784925720000,46.25,46.26,46.25,46.26,498.2,2026-07-24 20:42:00+00:00
1784925900000,46.26,46.27,46.19,46.19,183.7,2026-07-24 20:45:00+00:00
1784926080000,46.19,46.21,46.19,46.2,82.4,2026-07-24 20:48:00+00:00
1784926260000,46.21,46.21,46.19,46.21,46.3,2026-07-24 20:51:00+00:00
1784926440000,46.22,46.23,46.21,46.21,566.3,2026-07-24 20:54:00+00:00
1784926620000,46.21,46.21,46.2,46.2,28.3,2026-07-24 20:57:00+00:00
1784926800000,46.19,46.2,46.17,46.19,187.2,2026-07-24 21:00:00+00:00
1784926980000,46.19,46.19,46.17,46.18,204.9,2026-07-24 21:03:00+00:00
1784927160000,46.18,46.18,46.17,46.17,51.9,2026-07-24 21:06:00+00:00
1784927340000,46.18,46.18,46.17,46.17,360.5,2026-07-24 21:09:00+00:00
1784927520000,46.18,46.32,46.18,46.24,10148.7,2026-07-24 21:12:00+00:00
1784927700000,46.24,46.24,46.22,46.23,165.7,2026-07-24 21:15:00+00:00
1784927880000,46.23,46.23,46.23,46.23,30.3,2026-07-24 21:18:00+00:00
1784928060000,46.23,46.25,46.23,46.25,85.4,2026-07-24 21:21:00+00:00
1784928240000,46.25,46.3,46.25,46.3,279.1,2026-07-24 21:24:00+00:00
1784928420000,46.29,46.29,46.27,46.27,149.3,2026-07-24 21:27:00+00:00
1784928600000,46.28,46.29,46.28,46.29,109.5,2026-07-24 21:30:00+00:00
1784928780000,46.29,46.31,46.27,46.31,601.4,2026-07-24 21:33:00+00:00
1784928960000,46.3,46.3,46.28,46.28,70.2,2026-07-24 21:36:00+00:00
1784929140000,46.27,46.27,46.22,46.23,1675,2026-07-24 21:39:00+00:00
1784929320000,46.23,46.24,46.23,46.24,91.2,2026-07-24 21:42:00+00:00
1784929500000,46.23,46.23,46.17,46.18,275.4,2026-07-24 21:45:00+00:00
1784929680000,46.17,46.17,46.16,46.16,25.7,2026-07-24 21:48:00+00:00
1784929860000,46.16,46.17,46.16,46.16,82.6,2026-07-24 21:51:00+00:00
1784930040000,46.16,46.16,46.13,46.13,44.5,2026-07-24 21:54:00+00:00
1784930220000,46.13,46.13,46.1,46.1,129.6,2026-07-24 21:57:00+00:00
1784930400000,46.1,46.16,46.05,46.16,1281.9,2026-07-24 22:00:00+00:00
1784930580000,46.16,46.18,46.14,46.15,545.3,2026-07-24 22:03:00+00:00
1784930760000,46.15,46.16,46.15,46.16,222.1,2026-07-24 22:06:00+00:00
1784930940000,46.15,46.19,46.15,46.19,119.5,2026-07-24 22:09:00+00:00
1784931120000,46.19,46.19,46.17,46.18,198.3,2026-07-24 22:12:00+00:00
1784931300000,46.18,46.19,46.18,46.18,14.9,2026-07-24 22:15:00+00:00
1784931480000,46.18,46.18,46.17,46.17,87.8,2026-07-24 22:18:00+00:00
1784931660000,46.17,46.19,46.17,46.19,70.6,2026-07-24 22:21:00+00:00
1784931840000,46.19,46.19,46.18,46.19,17.1,2026-07-24 22:24:00+00:00
1784932020000,46.2,46.2,46.2,46.2,103.5,2026-07-24 22:27:00+00:00
1784932200000,46.2,46.2,46.18,46.18,295.9,2026-07-24 22:30:00+00:00
1784932380000,46.19,46.22,46.19,46.21,184.2,2026-07-24 22:33:00+00:00
1784932560000,46.2,46.23,46.2,46.22,368,2026-07-24 22:36:00+00:00
1784932740000,46.22,46.25,46.22,46.25,95.8,2026-07-24 22:39:00+00:00
1784932920000,46.24,46.28,46.24,46.26,110.4,2026-07-24 22:42:00+00:00
1784933100000,46.26,46.28,46.26,46.28,280.6,2026-07-24 22:45:00+00:00
1784933280000,46.28,46.28,46.24,46.24,162.4,2026-07-24 22:48:00+00:00
1784933460000,46.25,46.25,46.23,46.23,62.1,2026-07-24 22:51:00+00:00
1784933640000,46.23,46.23,46.22,46.22,69.5,2026-07-24 22:54:00+00:00
1784933820000,46.23,46.24,46.21,46.24,256.1,2026-07-24 22:57:00+00:00
1784934000000,46.25,46.25,46.19,46.23,154.5,2026-07-24 23:00:00+00:00
1784934180000,46.24,46.27,46.24,46.26,447.7,2026-07-24 23:03:00+00:00
1784934360000,46.26,46.26,46.25,46.25,221,2026-07-24 23:06:00+00:00
1784934540000,46.26,46.26,46.25,46.25,69.5,2026-07-24 23:09:00+00:00
1784934720000,46.25,46.29,46.25,46.28,81.3,2026-07-24 23:12:00+00:00
1784934900000,46.28,46.29,46.26,46.26,34.8,2026-07-24 23:15:00+00:00
1784935080000,46.26,46.28,46.26,46.28,109.4,2026-07-24 23:18:00+00:00
1784935260000,46.29,46.32,46.29,46.32,376.1,2026-07-24 23:21:00+00:00
1784935440000,46.32,46.33,46.3,46.3,571.6,2026-07-24 23:24:00+00:00
1784935620000,46.29,46.31,46.29,46.31,144.1,2026-07-24 23:27:00+00:00
1784935800000,46.31,46.35,46.31,46.32,318.8,2026-07-24 23:30:00+00:00
1784935980000,46.33,46.33,46.31,46.31,158.7,2026-07-24 23:33:00+00:00
1784936160000,46.3,46.3,46.28,46.28,21.7,2026-07-24 23:36:00+00:00
1784936340000,46.29,46.32,46.29,46.31,773,2026-07-24 23:39:00+00:00
1784936520000,46.32,46.33,46.32,46.33,91.2,2026-07-24 23:42:00+00:00
1784936700000,46.32,46.32,46.28,46.29,303.5,2026-07-24 23:45:00+00:00
1784936880000,46.29,46.33,46.29,46.32,64.2,2026-07-24 23:48:00+00:00
1784937060000,46.32,46.35,46.32,46.35,79.8,2026-07-24 23:51:00+00:00
1784937240000,46.35,46.35,46.33,46.33,69.7,2026-07-24 23:54:00+00:00
1784937420000,46.33,46.35,46.33,46.33,235.3,2026-07-24 23:57:00+00:00
1784937600000,46.34,46.35,46.3,46.35,505.3,2026-07-25 00:00:00+00:00
1784937780000,46.35,46.36,46.35,46.35,44.5,2026-07-25 00:03:00+00:00
1784937960000,46.35,46.35,46.29,46.31,906.2,2026-07-25 00:06:00+00:00
1784938140000,46.31,46.32,46.25,46.28,4781.8,2026-07-25 00:09:00+00:00
1784938320000,46.29,46.3,46.27,46.27,21.4,2026-07-25 00:12:00+00:00
1784938500000,46.28,46.28,46.26,46.26,42.1,2026-07-25 00:15:00+00:00
1784938680000,46.26,46.28,46.26,46.27,210.3,2026-07-25 00:18:00+00:00
1784938860000,46.27,46.28,46.27,46.27,69.4,2026-07-25 00:21:00+00:00
1784939040000,46.27,46.29,46.27,46.27,220.5,2026-07-25 00:24:00+00:00
1784939220000,46.27,46.28,46.27,46.28,15.3,2026-07-25 00:27:00+00:00
1784939400000,46.28,46.29,46.25,46.27,655.9,2026-07-25 00:30:00+00:00
1784939580000,46.27,46.28,46.26,46.26,119.2,2026-07-25 00:33:00+00:00
1784939760000,46.27,46.3,46.26,46.3,152.2,2026-07-25 00:36:00+00:00
1784939940000,46.3,46.3,46.25,46.25,195.5,2026-07-25 00:39:00+00:00
1784940120000,46.26,46.29,46.24,46.27,1226.1,2026-07-25 00:42:00+00:00
1784940300000,46.26,46.27,46.23,46.27,1267,2026-07-25 00:45:00+00:00
1784940480000,46.27,46.27,46.23,46.24,898.7,2026-07-25 00:48:00+00:00
1784940660000,46.24,46.25,46.23,46.23,370.8,2026-07-25 00:51:00+00:00
1784940840000,46.23,46.27,46.21,46.27,614.9,2026-07-25 00:54:00+00:00
1784941020000,46.27,46.28,46.27,46.27,35.1,2026-07-25 00:57:00+00:00
1784941200000,46.28,46.31,46.28,46.3,70.2,2026-07-25 01:00:00+00:00
1784941380000,46.3,46.33,46.3,46.33,515.4,2026-07-25 01:03:00+00:00
1784941560000,46.33,46.36,46.3,46.3,542,2026-07-25 01:06:00+00:00
1784941740000,46.3,46.3,46.26,46.26,114.8,2026-07-25 01:09:00+00:00
1784941920000,46.26,46.27,46.25,46.26,796.6,2026-07-25 01:12:00+00:00
1784942100000,46.26,46.27,46.24,46.24,431.9,2026-07-25 01:15:00+00:00
1784942280000,46.24,46.24,46.2,46.21,157.2,2026-07-25 01:18:00+00:00
1784942460000,46.21,46.24,46.21,46.24,101.8,2026-07-25 01:21:00+00:00
1784942640000,46.24,46.24,46.23,46.23,43.5,2026-07-25 01:24:00+00:00
1784942820000,46.23,46.28,46.22,46.28,516.1,2026-07-25 01:27:00+00:00
1784943000000,46.27,46.27,46.25,46.25,149.8,2026-07-25 01:30:00+00:00
1784943180000,46.26,46.31,46.26,46.31,85.6,2026-07-25 01:33:00+00:00
1784943360000,46.32,46.32,46.31,46.32,203.9,2026-07-25 01:36:00+00:00
1784943540000,46.31,46.31,46.28,46.29,588.2,2026-07-25 01:39:00+00:00
1784943720000,46.29,46.33,46.29,46.32,304.2,2026-07-25 01:42:00+00:00
1784943900000,46.33,46.33,46.32,46.32,3.3,2026-07-25 01:45:00+00:00
1784944080000,46.33,46.34,46.32,46.32,79.9,2026-07-25 01:48:00+00:00
1784944260000,46.32,46.32,46.29,46.3,446.2,2026-07-25 01:51:00+00:00
1784944440000,46.29,46.29,46.27,46.27,37.1,2026-07-25 01:54:00+00:00
1784944620000,46.27,46.28,46.27,46.28,251.7,2026-07-25 01:57:00+00:00
1784944800000,46.29,46.29,46.27,46.28,130.2,2026-07-25 02:00:00+00:00
1784944980000,46.27,46.28,46.27,46.28,173.7,2026-07-25 02:03:00+00:00
1784945160000,46.28,46.29,46.28,46.29,67.2,2026-07-25 02:06:00+00:00
1784945340000,46.3,46.3,46.29,46.29,401.7,2026-07-25 02:09:00+00:00
1784945520000,46.29,46.29,46.29,46.29,129.1,2026-07-25 02:12:00+00:00
1784945700000,46.28,46.28,46.26,46.26,181.8,2026-07-25 02:15:00+00:00
1784945880000,46.26,46.27,46.26,46.27,82.5,2026-07-25 02:18:00+00:00
1784946060000,46.28,46.31,46.28,46.3,96.6,2026-07-25 02:21:00+00:00
1784946240000,46.31,46.38,46.31,46.38,1093,2026-07-25 02:24:00+00:00
1784946420000,46.38,46.39,46.35,46.36,420.8,2026-07-25 02:27:00+00:00
1784946600000,46.36,46.37,46.36,46.36,485.8,2026-07-25 02:30:00+00:00
1784946780000,46.37,46.39,46.36,46.36,387.2,2026-07-25 02:33:00+00:00
1784946960000,46.37,46.38,46.35,46.38,409.5,2026-07-25 02:36:00+00:00
1784947140000,46.39,46.43,46.39,46.43,188.9,2026-07-25 02:39:00+00:00
1784947320000,46.43,46.44,46.41,46.42,856.7,2026-07-25 02:42:00+00:00
1784947500000,46.42,46.43,46.42,46.42,457.8,2026-07-25 02:45:00+00:00
1784947680000,46.41,46.42,46.35,46.35,492.3,2026-07-25 02:48:00+00:00
1784947860000,46.35,46.37,46.34,46.37,1610.5,2026-07-25 02:51:00+00:00
1784948040000,46.38,46.38,46.37,46.37,66.1,2026-07-25 02:54:00+00:00
1784948220000,46.38,46.38,46.38,46.38,117.4,2026-07-25 02:57:00+00:00
1784948400000,46.39,46.39,46.33,46.33,212.6,2026-07-25 03:00:00+00:00
1784948580000,46.33,46.33,46.3,46.3,849.9,2026-07-25 03:03:00+00:00
1784948760000,46.3,46.31,46.25,46.25,441.2,2026-07-25 03:06:00+00:00
1784948940000,46.24,46.32,46.24,46.32,485.7,2026-07-25 03:09:00+00:00
1784949120000,46.31,46.34,46.31,46.31,321.2,2026-07-25 03:12:00+00:00
1784949300000,46.31,46.32,46.3,46.3,385.7,2026-07-25 03:15:00+00:00
1784949480000,46.3,46.3,46.27,46.28,213,2026-07-25 03:18:00+00:00
1784949660000,46.28,46.29,46.28,46.28,251.5,2026-07-25 03:21:00+00:00
1784949840000,46.28,46.3,46.28,46.3,131.2,2026-07-25 03:24:00+00:00
1784950020000,46.31,46.31,46.27,46.28,164.3,2026-07-25 03:27:00+00:00
1784950200000,46.27,46.28,46.26,46.28,206.1,2026-07-25 03:30:00+00:00
1784950380000,46.28,46.3,46.28,46.3,95.6,2026-07-25 03:33:00+00:00
1784950560000,46.3,46.3,46.3,46.3,54.1,2026-07-25 03:36:00+00:00
1784950740000,46.29,46.32,46.29,46.29,551.2,2026-07-25 03:39:00+00:00
1784950920000,46.28,46.28,46.23,46.27,239.9,2026-07-25 03:42:00+00:00
1784951100000,46.27,46.28,46.25,46.25,106.7,2026-07-25 03:45:00+00:00
1784951280000,46.26,46.27,46.23,46.23,322.9,2026-07-25 03:48:00+00:00
1784951460000,46.23,46.23,46.22,46.22,89.3,2026-07-25 03:51:00+00:00
1784951640000,46.23,46.26,46.23,46.25,217.3,2026-07-25 03:54:00+00:00
1784951820000,46.25,46.28,46.25,46.26,578.9,2026-07-25 03:57:00+00:00
1784952000000,46.25,46.3,46.25,46.28,563.1,2026-07-25 04:00:00+00:00
1784952180000,46.28,46.28,46.28,46.28,0.9,2026-07-25 04:03:00+00:00
1784952360000,46.28,46.28,46.25,46.25,327.3,2026-07-25 04:06:00+00:00
1784952540000,46.25,46.27,46.25,46.26,51.5,2026-07-25 04:09:00+00:00
1784952720000,46.26,46.29,46.25,46.28,181,2026-07-25 04:12:00+00:00
1784952900000,46.29,46.29,46.28,46.28,263.2,2026-07-25 04:15:00+00:00
1784953080000,46.28,46.29,46.28,46.28,155.3,2026-07-25 04:18:00+00:00
1784953260000,46.28,46.29,46.27,46.28,117.1,2026-07-25 04:21:00+00:00
1784953440000,46.29,46.3,46.29,46.29,24.1,2026-07-25 04:24:00+00:00
1784953620000,46.29,46.3,46.29,46.29,6.3,2026-07-25 04:27:00+00:00
1784953800000,46.3,46.3,46.3,46.3,11,2026-07-25 04:30:00+00:00
1784953980000,46.3,46.3,46.25,46.27,134.2,2026-07-25 04:33:00+00:00
1784954160000,46.28,46.29,46.27,46.29,166.8,2026-07-25 04:36:00+00:00
1784954340000,46.29,46.32,46.28,46.31,142.1,2026-07-25 04:39:00+00:00
1784954520000,46.32,46.33,46.31,46.31,92.3,2026-07-25 04:42:00+00:00
1784954700000,46.32,46.33,46.31,46.33,121.2,2026-07-25 04:45:00+00:00
1784954880000,46.33,46.34,46.32,46.33,28.8,2026-07-25 04:48:00+00:00
1784955060000,46.34,46.34,46.3,46.3,173.4,2026-07-25 04:51:00+00:00
1784955240000,46.31,46.31,46.3,46.31,17.7,2026-07-25 04:54:00+00:00
1784955420000,46.3,46.31,46.3,46.3,45.5,2026-07-25 04:57:00+00:00
1784955600000,46.31,46.34,46.31,46.33,338.4,2026-07-25 05:00:00+00:00
1784955780000,46.34,46.34,46.34,46.34,0.6,2026-07-25 05:03:00+00:00
1784955960000,46.34,46.34,46.32,46.32,570.5,2026-07-25 05:06:00+00:00
1784956140000,46.32,46.32,46.3,46.3,257.6,2026-07-25 05:09:00+00:00
1784956320000,46.3,46.31,46.28,46.28,182.6,2026-07-25 05:12:00+00:00
1784956500000,46.29,46.29,46.27,46.27,62.9,2026-07-25 05:15:00+00:00
1784956680000,46.27,46.29,46.27,46.29,161.3,2026-07-25 05:18:00+00:00
1784956860000,46.3,46.31,46.3,46.31,75,2026-07-25 05:21:00+00:00
1784957040000,46.3,46.32,46.3,46.31,170.3,2026-07-25 05:24:00+00:00
1784957220000,46.32,46.32,46.26,46.27,864.3,2026-07-25 05:27:00+00:00
1784957400000,46.28,46.29,46.28,46.28,30.3,2026-07-25 05:30:00+00:00
1784957580000,46.29,46.29,46.24,46.24,1098.1,2026-07-25 05:33:00+00:00
1784957760000,46.24,46.24,46.2,46.2,665.3,2026-07-25 05:36:00+00:00
1784957940000,46.2,46.25,46.2,46.24,206.7,2026-07-25 05:39:00+00:00
1784958120000,46.24,46.24,46.21,46.23,105.8,2026-07-25 05:42:00+00:00
1784958300000,46.23,46.23,46.23,46.23,104.1,2026-07-25 05:45:00+00:00
1784958480000,46.23,46.23,46.18,46.18,1105.2,2026-07-25 05:48:00+00:00
1784958660000,46.18,46.21,46.17,46.17,466.5,2026-07-25 05:51:00+00:00
1784958840000,46.18,46.19,46.15,46.18,890.6,2026-07-25 05:54:00+00:00
1784959020000,46.18,46.19,46.18,46.18,30.3,2026-07-25 05:57:00+00:00
1784959200000,46.18,46.19,46.18,46.19,117.8,2026-07-25 06:00:00+00:00
1784959380000,46.19,46.2,46.18,46.19,83.8,2026-07-25 06:03:00+00:00
1784959560000,46.19,46.2,46.17,46.19,206.1,2026-07-25 06:06:00+00:00
1784959740000,46.2,46.22,46.2,46.22,84.1,2026-07-25 06:09:00+00:00
1784959920000,46.23,46.23,46.22,46.22,17.2,2026-07-25 06:12:00+00:00
1784960100000,46.22,46.23,46.18,46.21,282.1,2026-07-25 06:15:00+00:00
1784960280000,46.2,46.2,46.17,46.19,490.2,2026-07-25 06:18:00+00:00
1784960460000,46.19,46.19,46.13,46.14,389.2,2026-07-25 06:21:00+00:00
1784960640000,46.15,46.15,46.12,46.12,252.7,2026-07-25 06:24:00+00:00
1784960820000,46.12,46.13,46.04,46.08,2273.9,2026-07-25 06:27:00+00:00
1784961000000,46.09,46.12,46.04,46.1,3258.1,2026-07-25 06:30:00+00:00
1784961180000,46.09,46.09,46.05,46.05,1154.1,2026-07-25 06:33:00+00:00
1784961360000,46.06,46.08,46.05,46.08,391.8,2026-07-25 06:36:00+00:00
1784961540000,46.08,46.08,46.04,46.05,509,2026-07-25 06:39:00+00:00
1784961720000,46.05,46.06,46.02,46.04,1267.4,2026-07-25 06:42:00+00:00
1784961900000,46.05,46.05,46.02,46.03,292.9,2026-07-25 06:45:00+00:00
1784962080000,46.02,46.04,45.98,46.02,2148.9,2026-07-25 06:48:00+00:00
1784962260000,46.03,46.05,46.03,46.05,178.4,2026-07-25 06:51:00+00:00
1784962440000,46.05,46.08,46.05,46.06,133.9,2026-07-25 06:54:00+00:00
1784962620000,46.06,46.1,46.06,46.1,36.7,2026-07-25 06:57:00+00:00
1784962800000,46.09,46.1,46.09,46.1,14,2026-07-25 07:00:00+00:00
1784962980000,46.1,46.11,46.09,46.1,73.2,2026-07-25 07:03:00+00:00
1784963160000,46.1,46.11,46.1,46.1,33.6,2026-07-25 07:06:00+00:00
1784963340000,46.11,46.11,46.1,46.11,52.4,2026-07-25 07:09:00+00:00
1784963520000,46.11,46.13,46.1,46.1,453,2026-07-25 07:12:00+00:00
1784963700000,46.1,46.1,46.08,46.08,189.1,2026-07-25 07:15:00+00:00
1784963880000,46.08,46.08,46.05,46.07,489.7,2026-07-25 07:18:00+00:00
1784964060000,46.07,46.1,46.07,46.1,127.4,2026-07-25 07:21:00+00:00
1784964240000,46.1,46.12,46.1,46.11,30.9,2026-07-25 07:24:00+00:00
1784964420000,46.11,46.12,46.08,46.08,132.6,2026-07-25 07:27:00+00:00
1784964600000,46.09,46.09,46.05,46.05,264.1,2026-07-25 07:30:00+00:00
1784964780000,46.05,46.06,46.05,46.06,78.5,2026-07-25 07:33:00+00:00
1784964960000,46.06,46.07,46.06,46.06,32.6,2026-07-25 07:36:00+00:00
1784965140000,46.06,46.07,46.03,46.03,475.2,2026-07-25 07:39:00+00:00
1784965320000,46.03,46.05,46,46.02,475.7,2026-07-25 07:42:00+00:00
1784965500000,46.03,46.06,46.03,46.05,208.5,2026-07-25 07:45:00+00:00
1784965680000,46.05,46.06,46.05,46.06,55.8,2026-07-25 07:48:00+00:00
1784965860000,46.06,46.06,46.05,46.05,63.1,2026-07-25 07:51:00+00:00
1784966040000,46.05,46.06,46.05,46.05,295.2,2026-07-25 07:54:00+00:00
1784966220000,46.05,46.05,46.04,46.05,370.7,2026-07-25 07:57:00+00:00
1784966400000,46.05,46.06,46.01,46.02,627.3,2026-07-25 08:00:00+00:00
1784966580000,46.02,46.06,46.02,46.06,536.6,2026-07-25 08:03:00+00:00
1784966760000,46.07,46.07,46.03,46.07,500.1,2026-07-25 08:06:00+00:00
1784966940000,46.08,46.1,46.02,46.05,2849.5,2026-07-25 08:09:00+00:00
1784967120000,46.05,46.06,46.04,46.06,368.6,2026-07-25 08:12:00+00:00
1784967300000,46.07,46.07,46.02,46.02,161.4,2026-07-25 08:15:00+00:00
1784967480000,46.03,46.06,46.03,46.06,152.4,2026-07-25 08:18:00+00:00
1784967660000,46.07,46.07,46,46.02,706.4,2026-07-25 08:21:00+00:00
1784967840000,46.02,46.02,46,46.01,54,2026-07-25 08:24:00+00:00
1784968020000,46,46.01,45.98,46,951.1,2026-07-25 08:27:00+00:00
1784968200000,46.01,46.01,45.96,45.97,641.3,2026-07-25 08:30:00+00:00
1784968380000,45.97,45.98,45.93,45.94,851.9,2026-07-25 08:33:00+00:00
1784968560000,45.94,45.96,45.93,45.94,376.1,2026-07-25 08:36:00+00:00
1784968740000,45.94,45.94,45.89,45.91,2225.8,2026-07-25 08:39:00+00:00
1784968920000,45.91,45.91,45.88,45.9,1842.9,2026-07-25 08:42:00+00:00
1784969100000,45.89,45.91,45.88,45.9,337.9,2026-07-25 08:45:00+00:00
1784969280000,45.89,45.89,45.81,45.84,2264.8,2026-07-25 08:48:00+00:00
1784969460000,45.83,45.85,45.81,45.82,701.7,2026-07-25 08:51:00+00:00
1784969640000,45.82,45.85,45.82,45.83,460.3,2026-07-25 08:54:00+00:00
1784969820000,45.82,45.85,45.82,45.85,754.2,2026-07-25 08:57:00+00:00
1784970000000,45.85,45.85,45.77,45.82,2583.4,2026-07-25 09:00:00+00:00
1784970180000,45.82,45.82,45.79,45.79,337.6,2026-07-25 09:03:00+00:00
1784970360000,45.79,45.8,45.78,45.8,511.8,2026-07-25 09:06:00+00:00
1784970540000,45.8,45.8,45.75,45.79,545.2,2026-07-25 09:09:00+00:00
1784970720000,45.78,45.79,45.76,45.79,341.6,2026-07-25 09:12:00+00:00
1784970900000,45.78,45.81,45.78,45.81,268.2,2026-07-25 09:15:00+00:00
1784971080000,45.81,45.81,45.78,45.78,301.8,2026-07-25 09:18:00+00:00
1784971260000,45.78,45.81,45.78,45.81,730.8,2026-07-25 09:21:00+00:00
1784971440000,45.8,45.84,45.78,45.82,2485.4,2026-07-25 09:24:00+00:00
1784971620000,45.81,45.82,45.79,45.81,96.8,2026-07-25 09:27:00+00:00
1784971800000,45.8,45.81,45.79,45.8,210.9,2026-07-25 09:30:00+00:00
1784971980000,45.8,45.83,45.8,45.8,210.1,2026-07-25 09:33:00+00:00
1784972160000,45.81,45.85,45.8,45.85,123.1,2026-07-25 09:36:00+00:00
1784972340000,45.86,45.88,45.84,45.87,1508.1,2026-07-25 09:39:00+00:00
1784972520000,45.87,45.88,45.87,45.88,101.9,2026-07-25 09:42:00+00:00
1784972700000,45.88,45.91,45.88,45.91,88.9,2026-07-25 09:45:00+00:00
1784972880000,45.91,45.93,45.89,45.93,604.3,2026-07-25 09:48:00+00:00
1784973060000,45.93,45.96,45.92,45.92,977.2,2026-07-25 09:51:00+00:00
1784973240000,45.92,45.94,45.92,45.94,454.4,2026-07-25 09:54:00+00:00
1784973420000,45.93,45.93,45.9,45.9,464,2026-07-25 09:57:00+00:00
1784973600000,45.9,45.91,45.88,45.9,321.4,2026-07-25 10:00:00+00:00
1784973780000,45.9,45.9,45.85,45.87,1928.2,2026-07-25 10:03:00+00:00
1784973960000,45.87,45.87,45.84,45.86,320.8,2026-07-25 10:06:00+00:00
1784974140000,45.85,45.88,45.84,45.88,334,2026-07-25 10:09:00+00:00
1784974320000,45.87,45.88,45.87,45.88,8.4,2026-07-25 10:12:00+00:00
1784974500000,45.87,45.89,45.84,45.84,585.4,2026-07-25 10:15:00+00:00
1784974680000,45.84,45.86,45.83,45.83,572.3,2026-07-25 10:18:00+00:00
1784974860000,45.83,45.85,45.82,45.83,62.3,2026-07-25 10:21:00+00:00
1784975040000,45.82,45.86,45.82,45.86,81.5,2026-07-25 10:24:00+00:00
1784975220000,45.86,45.87,45.82,45.82,794.9,2026-07-25 10:27:00+00:00
1784975400000,45.83,45.84,45.83,45.83,142.4,2026-07-25 10:30:00+00:00
1784975580000,45.84,45.88,45.84,45.88,798,2026-07-25 10:33:00+00:00
1784975760000,45.87,45.9,45.87,45.9,115.5,2026-07-25 10:36:00+00:00
1784975940000,45.91,45.94,45.91,45.93,332.1,2026-07-25 10:39:00+00:00
1784976120000,45.93,45.95,45.93,45.95,420.6,2026-07-25 10:42:00+00:00
1784976300000,45.94,45.95,45.93,45.93,154.7,2026-07-25 10:45:00+00:00
1784976480000,45.93,45.94,45.93,45.93,38.3,2026-07-25 10:48:00+00:00
1784976660000,45.93,45.93,45.89,45.89,385,2026-07-25 10:51:00+00:00
1784976840000,45.88,45.89,45.84,45.87,1229.3,2026-07-25 10:54:00+00:00
1784977020000,45.87,45.9,45.87,45.9,209.5,2026-07-25 10:57:00+00:00
1784977200000,45.89,45.89,45.88,45.89,309.8,2026-07-25 11:00:00+00:00
1784977380000,45.9,45.96,45.9,45.96,850.8,2026-07-25 11:03:00+00:00
1784977560000,45.95,45.95,45.91,45.93,988.9,2026-07-25 11:06:00+00:00
1784977740000,45.93,45.93,45.91,45.91,113.8,2026-07-25 11:09:00+00:00
1784977920000,45.9,45.92,45.9,45.92,108.6,2026-07-25 11:12:00+00:00
1784978100000,45.92,45.92,45.9,45.91,38.1,2026-07-25 11:15:00+00:00
1784978280000,45.9,45.9,45.83,45.84,1172.8,2026-07-25 11:18:00+00:00
1784978460000,45.83,45.84,45.81,45.81,127,2026-07-25 11:21:00+00:00
1784978640000,45.81,45.81,45.8,45.81,199.2,2026-07-25 11:24:00+00:00
1784978820000,45.81,45.82,45.8,45.8,141.4,2026-07-25 11:27:00+00:00
1784979000000,45.79,45.84,45.79,45.82,251.8,2026-07-25 11:30:00+00:00
1784979180000,45.82,45.83,45.81,45.81,650.2,2026-07-25 11:33:00+00:00
1784979360000,45.82,45.82,45.81,45.81,130.3,2026-07-25 11:36:00+00:00
1784979540000,45.82,45.85,45.81,45.85,198.4,2026-07-25 11:39:00+00:00
1784979720000,45.85,45.85,45.82,45.83,401.7,2026-07-25 11:42:00+00:00
1784979900000,45.84,45.84,45.8,45.8,272,2026-07-25 11:45:00+00:00
1784980080000,45.8,45.83,45.79,45.83,164.8,2026-07-25 11:48:00+00:00
1784980260000,45.82,45.84,45.82,45.84,232.7,2026-07-25 11:51:00+00:00
1784980440000,45.85,45.87,45.83,45.84,637.3,2026-07-25 11:54:00+00:00
1784980620000,45.84,45.9,45.84,45.89,1797.8,2026-07-25 11:57:00+00:00
1784980800000,45.89,45.91,45.88,45.88,420.4,2026-07-25 12:00:00+00:00
1784980980000,45.88,45.89,45.88,45.89,184.7,2026-07-25 12:03:00+00:00
1784981160000,45.89,45.93,45.89,45.93,142.6,2026-07-25 12:06:00+00:00
1784981340000,45.93,45.94,45.93,45.94,28.7,2026-07-25 12:09:00+00:00
1784981520000,45.95,45.95,45.93,45.95,190.2,2026-07-25 12:12:00+00:00
1784981700000,45.95,45.96,45.94,45.94,87.3,2026-07-25 12:15:00+00:00
1784981880000,45.95,45.97,45.94,45.96,350.3,2026-07-25 12:18:00+00:00
1784982060000,45.96,45.96,45.93,45.93,586.7,2026-07-25 12:21:00+00:00
1784982240000,45.92,45.96,45.92,45.96,323.1,2026-07-25 12:24:00+00:00
1784982420000,45.95,45.95,45.93,45.94,318.7,2026-07-25 12:27:00+00:00
1784982600000,45.94,45.95,45.94,45.95,218,2026-07-25 12:30:00+00:00
1784982780000,45.96,45.97,45.96,45.97,84,2026-07-25 12:33:00+00:00
1784982960000,45.97,45.97,45.93,45.96,566.2,2026-07-25 12:36:00+00:00
1784983140000,45.96,45.96,45.91,45.91,562.2,2026-07-25 12:39:00+00:00
1784983320000,45.92,45.93,45.91,45.92,48.4,2026-07-25 12:42:00+00:00
1784983500000,45.92,45.97,45.9,45.97,633.6,2026-07-25 12:45:00+00:00
1784983680000,45.97,46.01,45.97,45.98,653,2026-07-25 12:48:00+00:00
1784983860000,45.99,46,45.96,45.98,198.1,2026-07-25 12:51:00+00:00
1784984040000,45.99,45.99,45.97,45.97,112.9,2026-07-25 12:54:00+00:00
1784984220000,45.97,45.99,45.97,45.99,154.2,2026-07-25 12:57:00+00:00
1784984400000,45.98,46,45.98,45.98,230.8,2026-07-25 13:00:00+00:00
1784984580000,45.99,46,45.95,45.95,1021.1,2026-07-25 13:03:00+00:00
1784984760000,45.94,46,45.94,46,1784.9,2026-07-25 13:06:00+00:00
1784984940000,46,46,45.96,45.96,293.3,2026-07-25 13:09:00+00:00
1784985120000,45.95,45.99,45.95,45.98,107.1,2026-07-25 13:12:00+00:00
1784985300000,45.97,45.99,45.97,45.99,284,2026-07-25 13:15:00+00:00
1784985480000,45.98,45.99,45.98,45.99,101.7,2026-07-25 13:18:00+00:00
1784985660000,46,46,45.99,45.99,17.9,2026-07-25 13:21:00+00:00
1784985840000,46,46,46,46,34.1,2026-07-25 13:24:00+00:00
1784986020000,46,46,45.99,46,135.2,2026-07-25 13:27:00+00:00
1784986200000,46,46.08,46,46.06,1056.1,2026-07-25 13:30:00+00:00
1784986380000,46.07,46.08,46.01,46.01,348.4,2026-07-25 13:33:00+00:00
1784986560000,46.01,46.01,45.98,45.99,430.7,2026-07-25 13:36:00+00:00
1784986740000,45.99,46.05,45.99,46.03,339.8,2026-07-25 13:39:00+00:00
1784986920000,46.04,46.11,46.04,46.1,834.2,2026-07-25 13:42:00+00:00
1784987100000,46.11,46.14,46.09,46.09,910.7,2026-07-25 13:45:00+00:00
1784987280000,46.1,46.13,46.06,46.06,1460.7,2026-07-25 13:48:00+00:00
1784987460000,46.06,46.07,46.01,46.01,315.5,2026-07-25 13:51:00+00:00
1784987640000,46.01,46.02,46.01,46.01,171.2,2026-07-25 13:54:00+00:00
1784987820000,46.01,46.03,46,46,255.2,2026-07-25 13:57:00+00:00
1784988000000,46,46.01,45.96,45.96,796.7,2026-07-25 14:00:00+00:00
1784988180000,45.96,45.99,45.96,45.99,344.5,2026-07-25 14:03:00+00:00
1784988360000,45.98,45.99,45.91,45.91,684.6,2026-07-25 14:06:00+00:00
1784988540000,45.9,45.91,45.84,45.84,763.1,2026-07-25 14:09:00+00:00
1784988720000,45.85,45.86,45.83,45.83,968.6,2026-07-25 14:12:00+00:00
1784988900000,45.83,45.84,45.79,45.8,683.8,2026-07-25 14:15:00+00:00
1784989080000,45.81,45.82,45.79,45.8,386.6,2026-07-25 14:18:00+00:00
1784989260000,45.81,45.81,45.79,45.81,480.7,2026-07-25 14:21:00+00:00
1784989440000,45.81,45.82,45.78,45.79,633.5,2026-07-25 14:24:00+00:00
1784989620000,45.8,45.83,45.79,45.79,258,2026-07-25 14:27:00+00:00
1784989800000,45.79,45.81,45.79,45.81,327,2026-07-25 14:30:00+00:00
1784989980000,45.82,45.89,45.82,45.87,695.8,2026-07-25 14:33:00+00:00
1784990160000,45.86,45.93,45.86,45.92,342.1,2026-07-25 14:36:00+00:00
1784990340000,45.93,45.95,45.92,45.94,548.5,2026-07-25 14:39:00+00:00
1784990520000,45.94,45.95,45.91,45.95,477.6,2026-07-25 14:42:00+00:00
1784990700000,45.95,45.97,45.94,45.97,2740.4,2026-07-25 14:45:00+00:00
1784990880000,45.97,45.98,45.91,45.92,653.9,2026-07-25 14:48:00+00:00
1784991060000,45.92,45.95,45.91,45.95,254.6,2026-07-25 14:51:00+00:00
1784991240000,45.96,45.96,45.93,45.94,82.8,2026-07-25 14:54:00+00:00
1784991420000,45.94,45.94,45.93,45.93,23,2026-07-25 14:57:00+00:00
1784991600000,45.93,45.94,45.92,45.94,310.3,2026-07-25 15:00:00+00:00
1784991780000,45.95,45.97,45.94,45.95,204.7,2026-07-25 15:03:00+00:00
1784991960000,45.95,45.97,45.92,45.92,800.3,2026-07-25 15:06:00+00:00
1784992140000,45.92,45.95,45.92,45.95,40,2026-07-25 15:09:00+00:00
1784992320000,45.96,46.01,45.96,45.96,481.1,2026-07-25 15:12:00+00:00
1784992500000,45.96,46.07,45.96,46.07,1317.5,2026-07-25 15:15:00+00:00
1784992680000,46.06,46.09,46.01,46.09,339.7,2026-07-25 15:18:00+00:00
1784992860000,46.08,46.08,46.02,46.07,653.1,2026-07-25 15:21:00+00:00
1784993040000,46.06,46.08,46.05,46.08,157.3,2026-07-25 15:24:00+00:00
1784993220000,46.07,46.1,46.07,46.1,180.4,2026-07-25 15:27:00+00:00
1784993400000,46.09,46.12,46.07,46.12,284.3,2026-07-25 15:30:00+00:00
1784993580000,46.11,46.14,46.07,46.09,1124.2,2026-07-25 15:33:00+00:00
1784993760000,46.09,46.1,46.09,46.09,177.5,2026-07-25 15:36:00+00:00
1784993940000,46.1,46.1,46.04,46.05,283.4,2026-07-25 15:39:00+00:00
1784994120000,46.06,46.08,46.06,46.08,313,2026-07-25 15:42:00+00:00
1784994300000,46.08,46.11,46.08,46.11,149.6,2026-07-25 15:45:00+00:00
1784994480000,46.11,46.11,46.08,46.08,333.4,2026-07-25 15:48:00+00:00
1784994660000,46.08,46.09,46.08,46.08,568.1,2026-07-25 15:51:00+00:00
1784994840000,46.08,46.1,46.07,46.09,463,2026-07-25 15:54:00+00:00
1784995020000,46.09,46.09,46.06,46.06,83.1,2026-07-25 15:57:00+00:00
1784995200000,46.06,46.1,46.06,46.1,634.7,2026-07-25 16:00:00+00:00
1784995380000,46.1,46.1,46.05,46.08,1061.2,2026-07-25 16:03:00+00:00
1784995560000,46.07,46.08,46.02,46.02,273,2026-07-25 16:06:00+00:00
1784995740000,46.02,46.07,45.97,46.02,3264.2,2026-07-25 16:09:00+00:00
1784995920000,46.02,46.08,46.02,46.08,704.7,2026-07-25 16:12:00+00:00
1784996100000,46.09,46.1,46.03,46.03,467.8,2026-07-25 16:15:00+00:00
1784996280000,46.03,46.03,45.99,46.02,241.5,2026-07-25 16:18:00+00:00
1784996460000,46.03,46.05,46.01,46.05,122.4,2026-07-25 16:21:00+00:00
1784996640000,46.05,46.05,46,46.02,188.1,2026-07-25 16:24:00+00:00
1784996820000,46.02,46.07,46.02,46.06,769.3,2026-07-25 16:27:00+00:00
1784997000000,46.05,46.09,46.04,46.04,257.3,2026-07-25 16:30:00+00:00
1784997180000,46.04,46.05,45.99,46.05,2392.7,2026-07-25 16:33:00+00:00
1784997360000,46.06,46.18,46.06,46.11,830.1,2026-07-25 16:36:00+00:00
1784997540000,46.11,46.12,46.1,46.12,245.8,2026-07-25 16:39:00+00:00
1784997720000,46.11,46.16,46.11,46.16,37.9,2026-07-25 16:42:00+00:00
1784997900000,46.15,46.17,46.13,46.17,404.1,2026-07-25 16:45:00+00:00
1784998080000,46.16,46.16,46.15,46.16,63.6,2026-07-25 16:48:00+00:00
1784998260000,46.16,46.18,46.14,46.16,1558.8,2026-07-25 16:51:00+00:00
1784998440000,46.17,46.19,46.16,46.16,118.5,2026-07-25 16:54:00+00:00
1784998620000,46.16,46.16,46.11,46.15,3559.5,2026-07-25 16:57:00+00:00
1784998800000,46.15,46.15,46.1,46.12,344.9,2026-07-25 17:00:00+00:00
1784998980000,46.11,46.15,46.11,46.15,832.6,2026-07-25 17:03:00+00:00
1784999160000,46.14,46.15,46.11,46.11,149.8,2026-07-25 17:06:00+00:00
1784999340000,46.11,46.12,46.09,46.12,360.4,2026-07-25 17:09:00+00:00
1784999520000,46.12,46.15,46.11,46.15,198.9,2026-07-25 17:12:00+00:00
1784999700000,46.15,46.24,46.15,46.23,502.9,2026-07-25 17:15:00+00:00
1784999880000,46.23,46.25,46.2,46.21,991.4,2026-07-25 17:18:00+00:00
1785000060000,46.22,46.26,46.22,46.25,1027.1,2026-07-25 17:21:00+00:00
1785000240000,46.25,46.25,46.22,46.22,113.8,2026-07-25 17:24:00+00:00
1785000420000,46.22,46.23,46.18,46.19,1333.1,2026-07-25 17:27:00+00:00
1785000600000,46.19,46.22,46.19,46.22,144.7,2026-07-25 17:30:00+00:00
1785000780000,46.22,46.27,46.21,46.27,419.7,2026-07-25 17:33:00+00:00
1785000960000,46.26,46.27,46.24,46.24,294.8,2026-07-25 17:36:00+00:00
1785001140000,46.24,46.27,46.23,46.26,197.9,2026-07-25 17:39:00+00:00
1785001320000,46.27,46.28,46.27,46.28,817.9,2026-07-25 17:42:00+00:00
1785001500000,46.28,46.28,46.24,46.26,1613.6,2026-07-25 17:45:00+00:00
1785001680000,46.26,46.26,46.15,46.19,720.2,2026-07-25 17:48:00+00:00
1785001860000,46.19,46.19,46.15,46.15,335.6,2026-07-25 17:51:00+00:00
1785002040000,46.16,46.19,46.16,46.16,301.4,2026-07-25 17:54:00+00:00
1785002220000,46.17,46.21,46.17,46.21,539.7,2026-07-25 17:57:00+00:00
1785002400000,46.21,46.25,46.21,46.25,379.6,2026-07-25 18:00:00+00:00
1785002580000,46.25,46.26,46.2,46.2,345.9,2026-07-25 18:03:00+00:00
1785002760000,46.2,46.21,46.2,46.2,233.1,2026-07-25 18:06:00+00:00
1785002940000,46.2,46.22,46.18,46.22,345.1,2026-07-25 18:09:00+00:00
1785003120000,46.21,46.22,46.19,46.19,634.4,2026-07-25 18:12:00+00:00
1785003300000,46.19,46.2,46.19,46.2,8,2026-07-25 18:15:00+00:00
1785003480000,46.19,46.22,46.19,46.21,107.6,2026-07-25 18:18:00+00:00
1785003660000,46.22,46.22,46.21,46.21,30.3,2026-07-25 18:21:00+00:00
1785003840000,46.21,46.21,46.21,46.21,2,2026-07-25 18:24:00+00:00
1785004020000,46.21,46.25,46.21,46.23,456.6,2026-07-25 18:27:00+00:00
1785004200000,46.23,46.26,46.23,46.26,136,2026-07-25 18:30:00+00:00
1785004380000,46.26,46.26,46.26,46.26,153.7,2026-07-25 18:33:00+00:00
1785004560000,46.27,46.28,46.27,46.28,123,2026-07-25 18:36:00+00:00
1785004740000,46.27,46.27,46.24,46.24,210.3,2026-07-25 18:39:00+00:00
1785004920000,46.24,46.26,46.23,46.26,363,2026-07-25 18:42:00+00:00
1785005100000,46.25,46.25,46.25,46.25,17.2,2026-07-25 18:45:00+00:00
1785005280000,46.26,46.26,46.24,46.25,238.1,2026-07-25 18:48:00+00:00
1785005460000,46.25,46.27,46.24,46.24,130.6,2026-07-25 18:51:00+00:00
1785005640000,46.24,46.27,46.24,46.27,272.7,2026-07-25 18:54:00+00:00
1785005820000,46.28,46.28,46.25,46.25,200.2,2026-07-25 18:57:00+00:00
1785006000000,46.26,46.26,46.24,46.26,475.8,2026-07-25 19:00:00+00:00
1785006180000,46.25,46.26,46.24,46.25,133.8,2026-07-25 19:03:00+00:00
1785006360000,46.26,46.26,46.26,46.26,0.3,2026-07-25 19:06:00+00:00
1785006540000,46.26,46.28,46.26,46.28,331.6,2026-07-25 19:09:00+00:00
1785006720000,46.28,46.29,46.26,46.29,504.1,2026-07-25 19:12:00+00:00
1785006900000,46.29,46.29,46.25,46.25,207.9,2026-07-25 19:15:00+00:00
1785007080000,46.26,46.26,46.25,46.25,271.9,2026-07-25 19:18:00+00:00
1785007260000,46.25,46.27,46.25,46.27,118.8,2026-07-25 19:21:00+00:00
1785007440000,46.26,46.28,46.24,46.28,615.1,2026-07-25 19:24:00+00:00
1785007620000,46.28,46.41,46.28,46.41,3425.9,2026-07-25 19:27:00+00:00
1785007800000,46.41,46.5,46.35,46.35,6303.3,2026-07-25 19:30:00+00:00
1785007980000,46.35,46.37,46.33,46.33,1242.7,2026-07-25 19:33:00+00:00
1785008160000,46.34,46.36,46.32,46.35,1005,2026-07-25 19:36:00+00:00
1785008340000,46.35,46.41,46.34,46.4,116.3,2026-07-25 19:39:00+00:00
1785008520000,46.4,46.46,46.4,46.46,314.4,2026-07-25 19:42:00+00:00
1785008700000,46.46,46.46,46.41,46.42,1547,2026-07-25 19:45:00+00:00
1785008880000,46.42,46.45,46.42,46.45,286.3,2026-07-25 19:48:00+00:00
1785009060000,46.45,46.5,46.45,46.48,1874.6,2026-07-25 19:51:00+00:00
1785009240000,46.47,46.48,46.44,46.46,365.6,2026-07-25 19:54:00+00:00
1785009420000,46.46,46.46,46.44,46.45,104.5,2026-07-25 19:57:00+00:00
1785009600000,46.45,46.48,46.42,46.42,1403.9,2026-07-25 20:00:00+00:00
1785009780000,46.42,46.46,46.42,46.46,247.7,2026-07-25 20:03:00+00:00
1785009960000,46.46,46.46,46.42,46.42,117,2026-07-25 20:06:00+00:00
1785010140000,46.42,46.43,46.4,46.43,271.1,2026-07-25 20:09:00+00:00
1785010320000,46.43,46.45,46.4,46.4,313.9,2026-07-25 20:12:00+00:00
1785010500000,46.4,46.4,46.39,46.4,114.4,2026-07-25 20:15:00+00:00
1785010680000,46.39,46.4,46.38,46.38,277.2,2026-07-25 20:18:00+00:00
1785010860000,46.38,46.43,46.38,46.43,255.1,2026-07-25 20:21:00+00:00
1785011040000,46.44,46.46,46.43,46.45,503,2026-07-25 20:24:00+00:00
1785011220000,46.45,46.46,46.41,46.44,1485.4,2026-07-25 20:27:00+00:00
1785011400000,46.45,46.45,46.39,46.4,335.3,2026-07-25 20:30:00+00:00
1785011580000,46.41,46.41,46.39,46.4,425,2026-07-25 20:33:00+00:00
1785011760000,46.4,46.42,46.4,46.41,170,2026-07-25 20:36:00+00:00
1785011940000,46.41,46.43,46.4,46.42,515.4,2026-07-25 20:39:00+00:00
1785012120000,46.42,46.44,46.4,46.44,756.5,2026-07-25 20:42:00+00:00
1785012300000,46.43,46.43,46.41,46.43,117.4,2026-07-25 20:45:00+00:00
1785012480000,46.44,46.44,46.44,46.44,8.6,2026-07-25 20:48:00+00:00
1785012660000,46.44,46.46,46.44,46.46,640.7,2026-07-25 20:51:00+00:00
1785012840000,46.45,46.45,46.43,46.45,150.2,2026-07-25 20:54:00+00:00
1785013020000,46.45,46.49,46.45,46.49,184,2026-07-25 20:57:00+00:00
1785013200000,46.49,46.5,46.43,46.43,802.2,2026-07-25 21:00:00+00:00
1785013380000,46.43,46.43,46.39,46.42,581.6,2026-07-25 21:03:00+00:00
1785013560000,46.42,46.42,46.42,46.42,0,2026-07-25 21:06:00+00:00
1785013740000,46.43,46.43,46.42,46.42,577.1,2026-07-25 21:09:00+00:00
1785013920000,46.42,46.47,46.4,46.44,6206.6,2026-07-25 21:12:00+00:00
1785014100000,46.44,46.45,46.44,46.45,210.6,2026-07-25 21:15:00+00:00
1785014280000,46.45,46.45,46.44,46.45,41.1,2026-07-25 21:18:00+00:00
1785014460000,46.44,46.44,46.4,46.43,348.7,2026-07-25 21:21:00+00:00
1785014640000,46.44,46.46,46.43,46.46,139,2026-07-25 21:24:00+00:00
1785014820000,46.46,46.47,46.46,46.47,133.7,2026-07-25 21:27:00+00:00
1785015000000,46.46,46.48,46.46,46.47,283.7,2026-07-25 21:30:00+00:00
1785015180000,46.47,46.55,46.47,46.54,5498.4,2026-07-25 21:33:00+00:00
1785015360000,46.55,46.56,46.54,46.54,1646.4,2026-07-25 21:36:00+00:00
1785015540000,46.54,46.8,46.53,46.56,15268.1,2026-07-25 21:39:00+00:00
1785015720000,46.57,46.6,46.56,46.58,352.4,2026-07-25 21:42:00+00:00
1785015900000,46.57,46.65,46.57,46.64,453.3,2026-07-25 21:45:00+00:00
1785016080000,46.64,46.64,46.6,46.61,198.5,2026-07-25 21:48:00+00:00
1785016260000,46.6,46.6,46.56,46.58,660.9,2026-07-25 21:51:00+00:00
1785016440000,46.58,46.58,46.49,46.53,774.1,2026-07-25 21:54:00+00:00
1785016620000,46.52,46.54,46.5,46.52,625.6,2026-07-25 21:57:00+00:00
1785016800000,46.52,46.53,46.5,46.52,460.1,2026-07-25 22:00:00+00:00
1785016980000,46.52,46.52,46.47,46.49,1085.4,2026-07-25 22:03:00+00:00
1785017160000,46.48,46.49,46.46,46.49,247.8,2026-07-25 22:06:00+00:00
1785017340000,46.48,46.48,46.45,46.46,244,2026-07-25 22:09:00+00:00
1785017520000,46.45,46.52,46.45,46.52,285.1,2026-07-25 22:12:00+00:00
1785017700000,46.51,46.54,46.51,46.54,271.2,2026-07-25 22:15:00+00:00
1785017880000,46.55,46.58,46.55,46.56,43.3,2026-07-25 22:18:00+00:00
1785018060000,46.57,46.57,46.55,46.56,93.5,2026-07-25 22:21:00+00:00
1785018240000,46.56,46.58,46.55,46.56,144.6,2026-07-25 22:24:00+00:00
1785018420000,46.56,46.56,46.53,46.54,227.5,2026-07-25 22:27:00+00:00
1785018600000,46.53,46.56,46.51,46.53,845.2,2026-07-25 22:30:00+00:00
1785018780000,46.53,46.54,46.51,46.51,482.8,2026-07-25 22:33:00+00:00
1785018960000,46.5,46.54,46.5,46.53,538.5,2026-07-25 22:36:00+00:00
1785019140000,46.54,46.54,46.48,46.48,304.7,2026-07-25 22:39:00+00:00
1785019320000,46.49,46.5,46.48,46.5,60.8,2026-07-25 22:42:00+00:00
1785019500000,46.5,46.5,46.49,46.49,25.6,2026-07-25 22:45:00+00:00
1785019680000,46.48,46.53,46.48,46.53,538.6,2026-07-25 22:48:00+00:00
1785019860000,46.52,46.53,46.51,46.52,23.6,2026-07-25 22:51:00+00:00
1785020040000,46.53,46.54,46.52,46.53,243.3,2026-07-25 22:54:00+00:00
1785020220000,46.53,46.54,46.52,46.52,712.2,2026-07-25 22:57:00+00:00
1785020400000,46.52,46.53,46.51,46.53,745.4,2026-07-25 23:00:00+00:00
1785020580000,46.54,46.54,46.53,46.54,42.6,2026-07-25 23:03:00+00:00
1785020760000,46.54,46.55,46.54,46.54,347,2026-07-25 23:06:00+00:00
1785020940000,46.54,46.54,46.52,46.53,20.2,2026-07-25 23:09:00+00:00
1785021120000,46.53,46.53,46.5,46.5,260.5,2026-07-25 23:12:00+00:00
1785021300000,46.51,46.52,46.51,46.51,287.8,2026-07-25 23:15:00+00:00
1785021480000,46.51,46.51,46.49,46.49,192.4,2026-07-25 23:18:00+00:00
1785021660000,46.49,46.49,46.47,46.49,256.4,2026-07-25 23:21:00+00:00
1785021840000,46.5,46.5,46.49,46.49,305.3,2026-07-25 23:24:00+00:00
1785022020000,46.48,46.49,46.48,46.49,5.3,2026-07-25 23:27:00+00:00
1785022200000,46.49,46.52,46.49,46.52,209.4,2026-07-25 23:30:00+00:00
1785022380000,46.51,46.51,46.48,46.48,561.9,2026-07-25 23:33:00+00:00
1785022560000,46.49,46.49,46.48,46.48,272.4,2026-07-25 23:36:00+00:00
1785022740000,46.48,46.48,46.47,46.48,207.1,2026-07-25 23:39:00+00:00
1785022920000,46.47,46.47,46.46,46.46,414.2,2026-07-25 23:42:00+00:00
1785023100000,46.47,46.49,46.47,46.49,162.9,2026-07-25 23:45:00+00:00
1785023280000,46.49,46.51,46.49,46.5,196.1,2026-07-25 23:48:00+00:00
1785023460000,46.51,46.51,46.49,46.49,558,2026-07-25 23:51:00+00:00
1785023640000,46.5,46.52,46.5,46.51,30.7,2026-07-25 23:54:00+00:00
1785023820000,46.52,46.52,46.51,46.51,7.8,2026-07-25 23:57:00+00:00
1785024000000,46.51,46.52,46.51,46.52,131.6,2026-07-26 00:00:00+00:00
1785024180000,46.53,46.56,46.52,46.55,336,2026-07-26 00:03:00+00:00
1785024360000,46.56,46.57,46.51,46.56,869.4,2026-07-26 00:06:00+00:00
1785024540000,46.56,46.57,46.45,46.45,5874.6,2026-07-26 00:09:00+00:00
1785024720000,46.46,46.51,46.43,46.51,1585.6,2026-07-26 00:12:00+00:00
1785024900000,46.52,46.52,46.5,46.52,160.6,2026-07-26 00:15:00+00:00
1785025080000,46.53,46.54,46.53,46.54,202.5,2026-07-26 00:18:00+00:00
1785025260000,46.54,46.56,46.53,46.55,157.1,2026-07-26 00:21:00+00:00
1785025440000,46.54,46.56,46.54,46.55,31.2,2026-07-26 00:24:00+00:00
1785025620000,46.56,46.61,46.56,46.61,535,2026-07-26 00:27:00+00:00
1785025800000,46.6,46.6,46.56,46.57,304.2,2026-07-26 00:30:00+00:00
1785025980000,46.58,46.59,46.56,46.57,481.4,2026-07-26 00:33:00+00:00
1785026160000,46.57,46.57,46.56,46.56,127.2,2026-07-26 00:36:00+00:00
1785026340000,46.56,46.56,46.52,46.53,638.4,2026-07-26 00:39:00+00:00
1785026520000,46.54,46.54,46.53,46.53,312.9,2026-07-26 00:42:00+00:00
1785026700000,46.53,46.53,46.5,46.5,817.4,2026-07-26 00:45:00+00:00
1785026880000,46.5,46.53,46.5,46.53,563.5,2026-07-26 00:48:00+00:00
1785027060000,46.54,46.55,46.54,46.54,143.5,2026-07-26 00:51:00+00:00
1785027240000,46.55,46.55,46.51,46.51,497.1,2026-07-26 00:54:00+00:00
1785027420000,46.51,46.53,46.51,46.53,118.7,2026-07-26 00:57:00+00:00
1785027600000,46.53,46.54,46.51,46.51,227.1,2026-07-26 01:00:00+00:00
1785027780000,46.51,46.51,46.51,46.51,125.9,2026-07-26 01:03:00+00:00
1785027960000,46.5,46.51,46.5,46.5,38.1,2026-07-26 01:06:00+00:00
1785028140000,46.51,46.51,46.48,46.49,765.9,2026-07-26 01:09:00+00:00
1785028320000,46.5,46.5,46.49,46.5,10.8,2026-07-26 01:12:00+00:00
1785028500000,46.5,46.5,46.45,46.45,290.2,2026-07-26 01:15:00+00:00
1785028680000,46.45,46.5,46.45,46.5,572,2026-07-26 01:18:00+00:00
1785028860000,46.49,46.52,46.49,46.52,457.7,2026-07-26 01:21:00+00:00
1785029040000,46.52,46.52,46.51,46.51,46.6,2026-07-26 01:24:00+00:00
1785029220000,46.52,46.52,46.52,46.52,103.4,2026-07-26 01:27:00+00:00
1785029400000,46.52,46.54,46.52,46.53,233.8,2026-07-26 01:30:00+00:00
1785029580000,46.54,46.55,46.52,46.55,91.3,2026-07-26 01:33:00+00:00
1785029760000,46.55,46.56,46.54,46.54,773.1,2026-07-26 01:36:00+00:00
1785029940000,46.54,46.64,46.54,46.61,2113.5,2026-07-26 01:39:00+00:00
1785030120000,46.61,46.63,46.61,46.62,142.6,2026-07-26 01:42:00+00:00
1785030300000,46.63,46.64,46.62,46.64,665.8,2026-07-26 01:45:00+00:00
1785030480000,46.65,46.68,46.64,46.66,526.5,2026-07-26 01:48:00+00:00
1785030660000,46.67,46.67,46.66,46.67,41.7,2026-07-26 01:51:00+00:00
1785030840000,46.67,46.69,46.64,46.64,1148,2026-07-26 01:54:00+00:00
1785031020000,46.63,46.64,46.63,46.64,45.8,2026-07-26 01:57:00+00:00
1785031200000,46.65,46.65,46.62,46.63,814.5,2026-07-26 02:00:00+00:00
1785031380000,46.63,46.63,46.58,46.59,698.2,2026-07-26 02:03:00+00:00
1785031560000,46.59,46.6,46.59,46.59,41,2026-07-26 02:06:00+00:00
1785031740000,46.6,46.65,46.59,46.65,441.2,2026-07-26 02:09:00+00:00
1785031920000,46.66,46.68,46.66,46.68,48.9,2026-07-26 02:12:00+00:00
1785032100000,46.69,46.7,46.67,46.69,435.2,2026-07-26 02:15:00+00:00
1785032280000,46.69,46.7,46.68,46.69,69.1,2026-07-26 02:18:00+00:00
1785032460000,46.69,46.71,46.68,46.68,1320.1,2026-07-26 02:21:00+00:00
1785032640000,46.67,46.68,46.65,46.68,220.9,2026-07-26 02:24:00+00:00
1785032820000,46.68,46.71,46.67,46.71,322,2026-07-26 02:27:00+00:00
1785033000000,46.71,46.71,46.67,46.67,810.6,2026-07-26 02:30:00+00:00
1785033180000,46.68,46.68,46.66,46.66,185.3,2026-07-26 02:33:00+00:00
1785033360000,46.66,46.67,46.66,46.66,121.5,2026-07-26 02:36:00+00:00
1785033540000,46.66,46.67,46.61,46.61,2036.3,2026-07-26 02:39:00+00:00
1785033720000,46.62,46.63,46.6,46.62,528.8,2026-07-26 02:42:00+00:00
1785033900000,46.62,46.63,46.61,46.62,462.9,2026-07-26 02:45:00+00:00
1785034080000,46.63,46.65,46.63,46.65,1033.1,2026-07-26 02:48:00+00:00
1785034260000,46.65,46.66,46.65,46.66,21.9,2026-07-26 02:51:00+00:00
1785034440000,46.66,46.69,46.66,46.69,152.1,2026-07-26 02:54:00+00:00
1785034620000,46.69,46.7,46.69,46.7,395.5,2026-07-26 02:57:00+00:00
1785034800000,46.71,46.71,46.69,46.7,557.4,2026-07-26 03:00:00+00:00
1785034980000,46.7,46.73,46.7,46.73,525.2,2026-07-26 03:03:00+00:00
1785035160000,46.73,46.77,46.73,46.76,343.2,2026-07-26 03:06:00+00:00
1785035340000,46.77,46.79,46.77,46.77,730,2026-07-26 03:09:00+00:00
1785035520000,46.78,46.8,46.78,46.8,995.8,2026-07-26 03:12:00+00:00
1785035700000,46.8,46.8,46.77,46.79,346.1,2026-07-26 03:15:00+00:00
1785035880000,46.79,46.8,46.77,46.77,963,2026-07-26 03:18:00+00:00
1785036060000,46.77,46.77,46.72,46.72,541.6,2026-07-26 03:21:00+00:00
1785036240000,46.73,46.78,46.73,46.77,552.8,2026-07-26 03:24:00+00:00
1785036420000,46.77,46.77,46.73,46.73,493.3,2026-07-26 03:27:00+00:00
1785036600000,46.73,46.73,46.7,46.72,382.5,2026-07-26 03:30:00+00:00
1785036780000,46.72,46.75,46.72,46.75,952.4,2026-07-26 03:33:00+00:00
1785036960000,46.75,46.77,46.75,46.76,138.1,2026-07-26 03:36:00+00:00
1785037140000,46.76,46.77,46.71,46.72,591.4,2026-07-26 03:39:00+00:00
1785037320000,46.72,46.73,46.71,46.71,155.8,2026-07-26 03:42:00+00:00
1785037500000,46.71,46.74,46.71,46.73,109.5,2026-07-26 03:45:00+00:00
1785037680000,46.74,46.77,46.74,46.75,424.3,2026-07-26 03:48:00+00:00
1785037860000,46.74,46.75,46.73,46.73,275.4,2026-07-26 03:51:00+00:00
1785038040000,46.74,46.74,46.73,46.73,51.4,2026-07-26 03:54:00+00:00
1785038220000,46.74,46.74,46.69,46.74,1940.1,2026-07-26 03:57:00+00:00
1785038400000,46.73,46.74,46.7,46.7,396.4,2026-07-26 04:00:00+00:00
1785038580000,46.7,46.73,46.7,46.73,386.6,2026-07-26 04:03:00+00:00
1785038760000,46.74,46.74,46.68,46.68,473.4,2026-07-26 04:06:00+00:00
1785038940000,46.68,46.7,46.67,46.7,990.8,2026-07-26 04:09:00+00:00
1785039120000,46.7,46.7,46.68,46.68,167.7,2026-07-26 04:12:00+00:00
1785039300000,46.68,46.68,46.66,46.68,285.5,2026-07-26 04:15:00+00:00
1785039480000,46.68,46.69,46.68,46.69,165,2026-07-26 04:18:00+00:00
1785039660000,46.68,46.7,46.68,46.7,117.8,2026-07-26 04:21:00+00:00
1785039840000,46.71,46.75,46.71,46.75,573.9,2026-07-26 04:24:00+00:00
1785040020000,46.75,46.75,46.75,46.75,61.1,2026-07-26 04:27:00+00:00
1785040200000,46.75,46.75,46.75,46.75,33.8,2026-07-26 04:30:00+00:00
1785040380000,46.75,46.75,46.72,46.74,302.7,2026-07-26 04:33:00+00:00
1785040560000,46.74,46.75,46.74,46.74,138.3,2026-07-26 04:36:00+00:00
1785040740000,46.75,46.75,46.74,46.74,38.7,2026-07-26 04:39:00+00:00
1785040920000,46.75,46.76,46.73,46.76,416.8,2026-07-26 04:42:00+00:00
1785041100000,46.77,46.77,46.74,46.74,96.7,2026-07-26 04:45:00+00:00
1785041280000,46.74,46.74,46.73,46.73,73.6,2026-07-26 04:48:00+00:00
1785041460000,46.73,46.77,46.73,46.74,243,2026-07-26 04:51:00+00:00
1785041640000,46.74,46.74,46.71,46.71,54.1,2026-07-26 04:54:00+00:00
1785041820000,46.72,46.75,46.72,46.75,1121,2026-07-26 04:57:00+00:00
1785042000000,46.75,46.75,46.71,46.71,305.4,2026-07-26 05:00:00+00:00
1785042180000,46.71,46.71,46.7,46.71,143.6,2026-07-26 05:03:00+00:00
1785042360000,46.72,46.74,46.71,46.73,207.6,2026-07-26 05:06:00+00:00
1785042540000,46.73,46.73,46.7,46.71,1777.5,2026-07-26 05:09:00+00:00
1785042720000,46.72,46.73,46.72,46.72,137.3,2026-07-26 05:12:00+00:00
1785042900000,46.72,46.72,46.71,46.71,331.1,2026-07-26 05:15:00+00:00
1785043080000,46.72,46.74,46.72,46.72,250.8,2026-07-26 05:18:00+00:00
1785043260000,46.71,46.72,46.7,46.7,49.3,2026-07-26 05:21:00+00:00
1785043440000,46.69,46.7,46.69,46.7,27,2026-07-26 05:24:00+00:00
1785043620000,46.7,46.7,46.69,46.69,238.5,2026-07-26 05:27:00+00:00
1785043800000,46.69,46.73,46.68,46.69,1573.5,2026-07-26 05:30:00+00:00
1785043980000,46.68,46.79,46.66,46.79,420.4,2026-07-26 05:33:00+00:00
1785044160000,46.79,46.85,46.78,46.85,1122.3,2026-07-26 05:36:00+00:00
1785044340000,46.85,46.85,46.84,46.84,97.9,2026-07-26 05:39:00+00:00
1785044520000,46.85,46.86,46.84,46.85,1151.8,2026-07-26 05:42:00+00:00
1785044700000,46.86,46.86,46.82,46.82,226.4,2026-07-26 05:45:00+00:00
1785044880000,46.81,46.82,46.8,46.8,83.6,2026-07-26 05:48:00+00:00
1785045060000,46.8,46.8,46.74,46.74,225.9,2026-07-26 05:51:00+00:00
1785045240000,46.75,46.76,46.75,46.75,272.7,2026-07-26 05:54:00+00:00
1785045420000,46.75,46.75,46.74,46.75,67.6,2026-07-26 05:57:00+00:00
1785045600000,46.75,46.75,46.74,46.75,158.9,2026-07-26 06:00:00+00:00
1785045780000,46.75,46.75,46.73,46.73,105.2,2026-07-26 06:03:00+00:00
1785045960000,46.72,46.73,46.71,46.72,156,2026-07-26 06:06:00+00:00
1785046140000,46.72,46.72,46.67,46.68,1412.6,2026-07-26 06:09:00+00:00
1785046320000,46.67,46.7,46.67,46.68,59.8,2026-07-26 06:12:00+00:00
1785046500000,46.68,46.77,46.68,46.75,1466.3,2026-07-26 06:15:00+00:00
1785046680000,46.75,46.76,46.71,46.71,386.4,2026-07-26 06:18:00+00:00
1785046860000,46.71,46.71,46.63,46.64,794.1,2026-07-26 06:21:00+00:00
1785047040000,46.63,46.65,46.61,46.65,1500,2026-07-26 06:24:00+00:00
1785047220000,46.65,46.67,46.64,46.67,174.1,2026-07-26 06:27:00+00:00
1785047400000,46.67,46.71,46.67,46.7,381.6,2026-07-26 06:30:00+00:00
1785047580000,46.71,46.75,46.71,46.75,257.9,2026-07-26 06:33:00+00:00
1785047760000,46.74,46.74,46.72,46.74,831.9,2026-07-26 06:36:00+00:00
1785047940000,46.75,46.77,46.73,46.74,514,2026-07-26 06:39:00+00:00
1785048120000,46.74,46.75,46.73,46.75,318.7,2026-07-26 06:42:00+00:00
1785048300000,46.75,46.8,46.75,46.79,315.7,2026-07-26 06:45:00+00:00
1785048480000,46.8,46.81,46.73,46.74,923,2026-07-26 06:48:00+00:00
1785048660000,46.75,46.83,46.75,46.83,4806.5,2026-07-26 06:51:00+00:00
1785048840000,46.83,46.83,46.81,46.81,366.1,2026-07-26 06:54:00+00:00
1785049020000,46.82,46.88,46.82,46.87,378,2026-07-26 06:57:00+00:00
1785049200000,46.86,46.88,46.83,46.86,2468.9,2026-07-26 07:00:00+00:00
1785049380000,46.86,46.86,46.82,46.82,644.8,2026-07-26 07:03:00+00:00
1785049560000,46.81,46.85,46.81,46.85,136.1,2026-07-26 07:06:00+00:00
1785049740000,46.84,46.85,46.82,46.83,231,2026-07-26 07:09:00+00:00
1785049920000,46.84,46.87,46.84,46.85,455.1,2026-07-26 07:12:00+00:00
1785050100000,46.85,46.85,46.85,46.85,2.7,2026-07-26 07:15:00+00:00
1785050280000,46.85,46.88,46.84,46.84,327.5,2026-07-26 07:18:00+00:00
1785050460000,46.84,46.84,46.75,46.76,1491.4,2026-07-26 07:21:00+00:00
1785050640000,46.76,46.77,46.73,46.77,480.8,2026-07-26 07:24:00+00:00
1785050820000,46.77,46.77,46.75,46.75,258.8,2026-07-26 07:27:00+00:00
1785051000000,46.75,46.8,46.75,46.8,522.4,2026-07-26 07:30:00+00:00
1785051180000,46.8,46.83,46.8,46.8,953.5,2026-07-26 07:33:00+00:00
1785051360000,46.81,46.81,46.75,46.77,252.7,2026-07-26 07:36:00+00:00
1785051540000,46.76,46.79,46.73,46.79,211,2026-07-26 07:39:00+00:00
1785051720000,46.78,46.79,46.75,46.75,98.3,2026-07-26 07:42:00+00:00
1785051900000,46.75,46.77,46.74,46.77,63.7,2026-07-26 07:45:00+00:00
1785052080000,46.76,46.79,46.76,46.79,419.9,2026-07-26 07:48:00+00:00
1785052260000,46.79,46.79,46.76,46.78,247.2,2026-07-26 07:51:00+00:00
1785052440000,46.79,46.9,46.79,46.85,9530.6,2026-07-26 07:54:00+00:00
1785052620000,46.85,46.95,46.85,46.94,3122,2026-07-26 07:57:00+00:00
1785052800000,46.94,46.95,46.91,46.94,530.6,2026-07-26 08:00:00+00:00
1785052980000,46.94,47.03,46.94,47.02,8721.4,2026-07-26 08:03:00+00:00
1785053160000,47.02,47.07,47.02,47.06,1451.3,2026-07-26 08:06:00+00:00
1785053340000,47.07,47.08,47,47.02,1820.5,2026-07-26 08:09:00+00:00
1785053520000,47.03,47.04,47,47.04,757.3,2026-07-26 08:12:00+00:00
1785053700000,47.04,47.04,47,47,603.2,2026-07-26 08:15:00+00:00
1785053880000,47,47.02,46.96,47.02,1628,2026-07-26 08:18:00+00:00
1785054060000,47.02,47.07,47.01,47.05,1221.5,2026-07-26 08:21:00+00:00
1785054240000,47.04,47.04,47,47,380.6,2026-07-26 08:24:00+00:00
1785054420000,47.01,47.02,46.98,47,478.3,2026-07-26 08:27:00+00:00
1785054600000,47,47,46.97,46.98,284.2,2026-07-26 08:30:00+00:00
1785054780000,46.98,47,46.98,46.99,262.5,2026-07-26 08:33:00+00:00
1785054960000,46.99,47,46.94,46.94,449.9,2026-07-26 08:36:00+00:00
1785055140000,46.94,47.01,46.94,46.99,482.4,2026-07-26 08:39:00+00:00
1785055320000,46.99,47,46.96,46.98,559.5,2026-07-26 08:42:00+00:00
1785055500000,46.98,46.99,46.97,46.99,135.5,2026-07-26 08:45:00+00:00
1785055680000,47,47.03,46.98,46.99,833.3,2026-07-26 08:48:00+00:00
1785055860000,47,47.07,47,47.04,4463.8,2026-07-26 08:51:00+00:00
1785056040000,47.05,47.06,47.03,47.04,324.4,2026-07-26 08:54:00+00:00
1785056220000,47.05,47.06,47.05,47.06,301.9,2026-07-26 08:57:00+00:00
1785056400000,47.07,47.07,47.06,47.07,100.3,2026-07-26 09:00:00+00:00
1785056580000,47.07,47.18,47.07,47.13,3046.2,2026-07-26 09:03:00+00:00
1785056760000,47.13,47.13,47.07,47.09,1150.3,2026-07-26 09:06:00+00:00
1785056940000,47.09,47.14,47.09,47.13,251.3,2026-07-26 09:09:00+00:00
1785057120000,47.12,47.14,47.11,47.12,718.8,2026-07-26 09:12:00+00:00
1785057300000,47.11,47.14,47.11,47.14,141.6,2026-07-26 09:15:00+00:00
1785057480000,47.15,47.3,47.15,47.22,15623.5,2026-07-26 09:18:00+00:00
1785057660000,47.22,47.22,47.17,47.18,949.8,2026-07-26 09:21:00+00:00
1785057840000,47.18,47.2,47.17,47.2,862,2026-07-26 09:24:00+00:00
1785058020000,47.19,47.19,47.09,47.16,11323.8,2026-07-26 09:27:00+00:00
1785058200000,47.17,47.2,47.17,47.19,957.1,2026-07-26 09:30:00+00:00
1785058380000,47.2,47.22,47.18,47.22,394.8,2026-07-26 09:33:00+00:00
1785058560000,47.21,47.21,47.18,47.19,573.3,2026-07-26 09:36:00+00:00
1785058740000,47.18,47.24,47.18,47.24,392.6,2026-07-26 09:39:00+00:00
1785058920000,47.24,47.24,47.22,47.23,562.2,2026-07-26 09:42:00+00:00
1785059100000,47.23,47.23,47.21,47.22,178.9,2026-07-26 09:45:00+00:00
1785059280000,47.23,47.23,47.21,47.21,826.8,2026-07-26 09:48:00+00:00
1785059460000,47.22,47.29,47.22,47.23,1916.6,2026-07-26 09:51:00+00:00
1785059640000,47.23,47.23,47.13,47.13,378.1,2026-07-26 09:54:00+00:00
1785059820000,47.13,47.15,47.08,47.15,3364,2026-07-26 09:57:00+00:00
1785060000000,47.15,47.19,47.14,47.19,655.4,2026-07-26 10:00:00+00:00
1785060180000,47.2,47.23,47.19,47.21,1206.6,2026-07-26 10:03:00+00:00
1785060360000,47.21,47.22,47.18,47.21,254.9,2026-07-26 10:06:00+00:00
1785060540000,47.2,47.21,47.2,47.21,21,2026-07-26 10:09:00+00:00
1785060720000,47.21,47.21,47.2,47.21,110.3,2026-07-26 10:12:00+00:00
1785060900000,47.21,47.21,47.15,47.16,634,2026-07-26 10:15:00+00:00
1785061080000,47.16,47.16,47.13,47.14,193.9,2026-07-26 10:18:00+00:00
1785061260000,47.14,47.14,47.09,47.12,484.7,2026-07-26 10:21:00+00:00
1785061440000,47.13,47.13,47.11,47.13,496.2,2026-07-26 10:24:00+00:00
1785061620000,47.12,47.14,47.12,47.14,428.4,2026-07-26 10:27:00+00:00
1785061800000,47.13,47.17,47.13,47.16,562.2,2026-07-26 10:30:00+00:00
1785061980000,47.16,47.17,47.15,47.16,64.4,2026-07-26 10:33:00+00:00
1785062160000,47.16,47.2,47.16,47.2,333.1,2026-07-26 10:36:00+00:00
1785062340000,47.2,47.21,47.19,47.21,562.1,2026-07-26 10:39:00+00:00
1785062520000,47.22,47.22,47.2,47.21,514.4,2026-07-26 10:42:00+00:00
1785062700000,47.21,47.22,47.17,47.17,389.9,2026-07-26 10:45:00+00:00
1785062880000,47.17,47.18,47.15,47.17,154.8,2026-07-26 10:48:00+00:00
1785063060000,47.16,47.21,47.16,47.16,1391.3,2026-07-26 10:51:00+00:00
1785063240000,47.16,47.17,47.14,47.17,636.2,2026-07-26 10:54:00+00:00
1785063420000,47.16,47.17,47.14,47.17,75.4,2026-07-26 10:57:00+00:00
1785063600000,47.17,47.18,47.13,47.18,955.6,2026-07-26 11:00:00+00:00
1785063780000,47.19,47.19,47.18,47.18,15.1,2026-07-26 11:03:00+00:00
1785063960000,47.19,47.21,47.14,47.14,586.8,2026-07-26 11:06:00+00:00
1785064140000,47.14,47.18,47.14,47.18,267.2,2026-07-26 11:09:00+00:00
1785064320000,47.18,47.18,47.11,47.15,520.6,2026-07-26 11:12:00+00:00
1785064500000,47.15,47.15,47.13,47.13,129,2026-07-26 11:15:00+00:00
1785064680000,47.14,47.16,47.14,47.15,313.5,2026-07-26 11:18:00+00:00
1785064860000,47.15,47.17,47.15,47.17,48.7,2026-07-26 11:21:00+00:00
1785065040000,47.17,47.17,47.16,47.17,70.9,2026-07-26 11:24:00+00:00
1785065220000,47.17,47.19,47.16,47.18,150.2,2026-07-26 11:27:00+00:00
1785065400000,47.18,47.18,47.15,47.16,803.1,2026-07-26 11:30:00+00:00
1785065580000,47.17,47.17,47.16,47.16,13.2,2026-07-26 11:33:00+00:00
1785065760000,47.17,47.17,47.17,47.17,9.9,2026-07-26 11:36:00+00:00
1785065940000,47.17,47.17,47.12,47.12,378,2026-07-26 11:39:00+00:00
1785066120000,47.11,47.11,47.09,47.09,437.5,2026-07-26 11:42:00+00:00
1785066300000,47.09,47.12,47.08,47.11,185.6,2026-07-26 11:45:00+00:00
1785066480000,47.12,47.14,47.11,47.14,132.3,2026-07-26 11:48:00+00:00
1785066660000,47.13,47.14,47.12,47.13,211.4,2026-07-26 11:51:00+00:00
1785066840000,47.13,47.14,47.12,47.12,164.9,2026-07-26 11:54:00+00:00
1785067020000,47.12,47.14,47.12,47.14,93.7,2026-07-26 11:57:00+00:00
1785067200000,47.15,47.18,47.15,47.17,255.4,2026-07-26 12:00:00+00:00
1785067380000,47.17,47.17,47.12,47.15,957.4,2026-07-26 12:03:00+00:00
1785067560000,47.15,47.2,47.14,47.14,1208.5,2026-07-26 12:06:00+00:00
1785067740000,47.15,47.15,47.11,47.11,278.8,2026-07-26 12:09:00+00:00
1785067920000,47.12,47.12,47.09,47.11,444.7,2026-07-26 12:12:00+00:00
1785068100000,47.12,47.13,47.1,47.1,993.5,2026-07-26 12:15:00+00:00
1785068280000,47.11,47.12,47.11,47.11,150.6,2026-07-26 12:18:00+00:00
1785068460000,47.11,47.14,47.09,47.14,746.4,2026-07-26 12:21:00+00:00
1785068640000,47.14,47.18,47.14,47.18,598.9,2026-07-26 12:24:00+00:00
1785068820000,47.19,47.28,47.19,47.22,3852.6,2026-07-26 12:27:00+00:00
1785069000000,47.23,47.26,47.22,47.24,673.6,2026-07-26 12:30:00+00:00
1785069180000,47.24,47.29,47.24,47.27,484.8,2026-07-26 12:33:00+00:00
1785069360000,47.27,47.3,47.27,47.28,497.4,2026-07-26 12:36:00+00:00
1785069540000,47.28,47.28,47.23,47.24,569.2,2026-07-26 12:39:00+00:00
1785069720000,47.24,47.3,47.24,47.29,930.9,2026-07-26 12:42:00+00:00
1785069900000,47.29,47.31,47.26,47.26,675.4,2026-07-26 12:45:00+00:00
1785070080000,47.26,47.26,47.22,47.23,300.7,2026-07-26 12:48:00+00:00
1785070260000,47.24,47.26,47.24,47.25,62,2026-07-26 12:51:00+00:00
1785070440000,47.26,47.29,47.23,47.29,863.3,2026-07-26 12:54:00+00:00
1785070620000,47.29,47.32,47.28,47.32,231.2,2026-07-26 12:57:00+00:00
1785070800000,47.31,47.33,47.21,47.22,1124.5,2026-07-26 13:00:00+00:00
1785070980000,47.22,47.23,47.15,47.16,2356.7,2026-07-26 13:03:00+00:00
1785071160000,47.15,47.21,47.14,47.19,771,2026-07-26 13:06:00+00:00
1785071340000,47.19,47.28,47.17,47.21,4541.5,2026-07-26 13:09:00+00:00
1785071520000,47.21,47.21,47.17,47.21,989,2026-07-26 13:12:00+00:00
1785071700000,47.2,47.21,47.17,47.21,861.3,2026-07-26 13:15:00+00:00
1785071880000,47.21,47.25,47.19,47.25,491.4,2026-07-26 13:18:00+00:00
1785072060000,47.24,47.24,47.22,47.23,272.6,2026-07-26 13:21:00+00:00
1785072240000,47.23,47.24,47.23,47.24,35.6,2026-07-26 13:24:00+00:00
1785072420000,47.23,47.24,47.17,47.18,368.1,2026-07-26 13:27:00+00:00
1785072600000,47.17,47.18,47.14,47.18,515.4,2026-07-26 13:30:00+00:00
1785072780000,47.18,47.18,47.15,47.15,773.4,2026-07-26 13:33:00+00:00
1785072960000,47.16,47.19,47.15,47.19,277.1,2026-07-26 13:36:00+00:00
1785073140000,47.18,47.19,47.17,47.19,212.6,2026-07-26 13:39:00+00:00
1785073320000,47.19,47.2,47.16,47.16,560.4,2026-07-26 13:42:00+00:00
1785073500000,47.17,47.2,47.17,47.19,114.2,2026-07-26 13:45:00+00:00
1785073680000,47.19,47.22,47.14,47.14,800.9,2026-07-26 13:48:00+00:00
1785073860000,47.13,47.14,47.1,47.11,1564.5,2026-07-26 13:51:00+00:00
1785074040000,47.1,47.11,46.97,47.01,7875.7,2026-07-26 13:54:00+00:00
1785074220000,47,47.06,46.99,47.04,921.8,2026-07-26 13:57:00+00:00
1785074400000,47.03,47.05,46.97,46.97,1785.1,2026-07-26 14:00:00+00:00
1785074580000,46.98,47.06,46.97,47.01,3135.2,2026-07-26 14:03:00+00:00
1785074760000,47.01,47.04,46.97,47.03,986.2,2026-07-26 14:06:00+00:00
1785074940000,47.03,47.07,46.88,46.89,4744.1,2026-07-26 14:09:00+00:00
1785075120000,46.88,46.95,46.88,46.93,2397.4,2026-07-26 14:12:00+00:00
1785075300000,46.92,46.93,46.83,46.92,1715.1,2026-07-26 14:15:00+00:00
1785075480000,46.91,46.91,46.76,46.76,6892.7,2026-07-26 14:18:00+00:00
1785075660000,46.77,46.84,46.77,46.82,496.9,2026-07-26 14:21:00+00:00
1785075840000,46.82,46.83,46.73,46.76,1275.3,2026-07-26 14:24:00+00:00
1785076020000,46.76,46.76,46.69,46.69,1222.6,2026-07-26 14:27:00+00:00
1785076200000,46.68,46.69,46.61,46.68,4406.3,2026-07-26 14:30:00+00:00
1785076380000,46.68,46.69,46.65,46.66,1811.1,2026-07-26 14:33:00+00:00
1785076560000,46.66,46.73,46.66,46.73,757.7,2026-07-26 14:36:00+00:00
1785076740000,46.73,46.8,46.7,46.79,923.7,2026-07-26 14:39:00+00:00
1785076920000,46.8,46.8,46.76,46.8,280.9,2026-07-26 14:42:00+00:00
1785077100000,46.8,46.9,46.8,46.86,3690.4,2026-07-26 14:45:00+00:00
1785077280000,46.86,46.94,46.83,46.88,7071.9,2026-07-26 14:48:00+00:00
1785077460000,46.88,46.94,46.88,46.93,878.9,2026-07-26 14:51:00+00:00
1785077640000,46.93,46.99,46.91,46.98,1504.3,2026-07-26 14:54:00+00:00
1785077820000,46.97,47.07,46.94,47.05,5099,2026-07-26 14:57:00+00:00
1785078000000,47.05,47.08,47,47.06,2271.3,2026-07-26 15:00:00+00:00
1785078180000,47.06,47.07,47.01,47.02,2105,2026-07-26 15:03:00+00:00
1785078360000,47.02,47.04,47,47.04,634,2026-07-26 15:06:00+00:00
1785078540000,47.03,47.07,47.02,47.07,640.3,2026-07-26 15:09:00+00:00
1785078720000,47.06,47.09,47.04,47.08,741.7,2026-07-26 15:12:00+00:00
1785078900000,47.09,47.2,47.08,47.18,1264.1,2026-07-26 15:15:00+00:00
1785079080000,47.18,47.2,47.16,47.17,991.8,2026-07-26 15:18:00+00:00
1785079260000,47.16,47.18,47.16,47.17,141.6,2026-07-26 15:21:00+00:00
1785079440000,47.17,47.18,47.16,47.16,692.7,2026-07-26 15:24:00+00:00
1785079620000,47.17,47.18,47.16,47.18,96.3,2026-07-26 15:27:00+00:00
1785079800000,47.18,47.25,47.18,47.24,922.8,2026-07-26 15:30:00+00:00
1785079980000,47.24,47.29,47.24,47.24,941.7,2026-07-26 15:33:00+00:00
1785080160000,47.25,47.32,47.25,47.28,727.7,2026-07-26 15:36:00+00:00
1785080340000,47.28,47.41,47.22,47.4,6490.5,2026-07-26 15:39:00+00:00
1785080520000,47.4,47.46,47.35,47.36,12764.2,2026-07-26 15:42:00+00:00
1785080700000,47.37,47.42,47.36,47.38,2480.3,2026-07-26 15:45:00+00:00
1785080880000,47.37,47.38,47.32,47.38,1474.2,2026-07-26 15:48:00+00:00
1785081060000,47.38,47.45,47.38,47.45,1330.6,2026-07-26 15:51:00+00:00
1785081240000,47.45,47.59,47.44,47.58,17552.6,2026-07-26 15:54:00+00:00
1785081420000,47.58,47.75,47.58,47.72,11317.9,2026-07-26 15:57:00+00:00
1785081600000,47.72,47.88,47.72,47.88,7348,2026-07-26 16:00:00+00:00
1785081780000,47.88,47.9,47.75,47.78,4572.4,2026-07-26 16:03:00+00:00
1785081960000,47.78,47.78,47.65,47.71,4317.9,2026-07-26 16:06:00+00:00
1785082140000,47.7,47.75,47.63,47.69,4392,2026-07-26 16:09:00+00:00
1785082320000,47.7,47.71,47.65,47.65,456.9,2026-07-26 16:12:00+00:00
1785082500000,47.66,47.67,47.55,47.57,3418.2,2026-07-26 16:15:00+00:00
1785082680000,47.57,47.59,47.53,47.57,1543.2,2026-07-26 16:18:00+00:00
1785082860000,47.57,47.6,47.57,47.58,701.7,2026-07-26 16:21:00+00:00
1785083040000,47.58,47.74,47.58,47.74,3219,2026-07-26 16:24:00+00:00
1785083220000,47.74,47.86,47.74,47.85,2595,2026-07-26 16:27:00+00:00
1785083400000,47.86,47.96,47.86,47.92,2818.6,2026-07-26 16:30:00+00:00
1785083580000,47.92,47.94,47.85,47.92,2875.9,2026-07-26 16:33:00+00:00
1785083760000,47.91,47.99,47.91,47.98,1431.3,2026-07-26 16:36:00+00:00
1785083940000,47.98,48.1,47.95,48.08,4526.6,2026-07-26 16:39:00+00:00
1785084120000,48.09,48.09,47.93,47.94,1568.2,2026-07-26 16:42:00+00:00
1785084300000,47.94,47.95,47.9,47.95,1352,2026-07-26 16:45:00+00:00
1785084480000,47.96,48.19,47.95,48.06,28481.2,2026-07-26 16:48:00+00:00
1785084660000,48.05,48.06,47.93,47.95,2681.7,2026-07-26 16:51:00+00:00
1785084840000,47.95,47.99,47.95,47.97,1180.6,2026-07-26 16:54:00+00:00
1785085020000,47.98,47.98,47.96,47.96,971.1,2026-07-26 16:57:00+00:00
1785085200000,47.97,47.97,47.82,47.9,2544,2026-07-26 17:00:00+00:00
1785085380000,47.9,47.99,47.9,47.92,1121.9,2026-07-26 17:03:00+00:00
1785085560000,47.92,48,47.92,47.94,576.5,2026-07-26 17:06:00+00:00
1785085740000,47.93,47.93,47.85,47.86,1124.5,2026-07-26 17:09:00+00:00
1785085920000,47.87,47.9,47.81,47.86,1475.5,2026-07-26 17:12:00+00:00
1785086100000,47.87,47.88,47.83,47.84,1146.4,2026-07-26 17:15:00+00:00
1785086280000,47.85,47.85,47.77,47.78,453.4,2026-07-26 17:18:00+00:00
1785086460000,47.79,47.81,47.65,47.66,2126.6,2026-07-26 17:21:00+00:00
1785086640000,47.65,47.75,47.65,47.74,371.5,2026-07-26 17:24:00+00:00
1785086820000,47.75,47.76,47.73,47.73,243.3,2026-07-26 17:27:00+00:00
1785087000000,47.73,47.77,47.72,47.75,1074.7,2026-07-26 17:30:00+00:00
1785087180000,47.76,47.81,47.76,47.81,123.4,2026-07-26 17:33:00+00:00
1785087360000,47.81,47.83,47.75,47.77,1383.4,2026-07-26 17:36:00+00:00
1785087540000,47.77,47.77,47.7,47.76,427.8,2026-07-26 17:39:00+00:00
1785087720000,47.76,47.76,47.75,47.76,81.4,2026-07-26 17:42:00+00:00
1785087900000,47.75,47.75,47.73,47.73,279.4,2026-07-26 17:45:00+00:00
1785088080000,47.73,47.78,47.73,47.78,641.7,2026-07-26 17:48:00+00:00
1785088260000,47.79,47.8,47.79,47.79,656.1,2026-07-26 17:51:00+00:00
1785088440000,47.8,47.8,47.76,47.76,284.3,2026-07-26 17:54:00+00:00
1785088620000,47.77,47.78,47.75,47.75,79.5,2026-07-26 17:57:00+00:00
1785088800000,47.75,47.8,47.72,47.73,1537.2,2026-07-26 18:00:00+00:00
1785088980000,47.73,47.76,47.63,47.64,3367.4,2026-07-26 18:03:00+00:00
1785089160000,47.65,47.67,47.65,47.66,525.3,2026-07-26 18:06:00+00:00
1785089340000,47.66,47.67,47.66,47.66,89.9,2026-07-26 18:09:00+00:00
1785089520000,47.67,47.73,47.61,47.69,1874.8,2026-07-26 18:12:00+00:00
1785089700000,47.68,47.69,47.66,47.66,502.9,2026-07-26 18:15:00+00:00
1785089880000,47.65,47.66,47.63,47.64,621.8,2026-07-26 18:18:00+00:00
1785090060000,47.64,47.72,47.64,47.72,271.8,2026-07-26 18:21:00+00:00
1785090240000,47.73,47.73,47.69,47.72,472.9,2026-07-26 18:24:00+00:00
1785090420000,47.72,47.75,47.72,47.75,111.1,2026-07-26 18:27:00+00:00
1785090600000,47.75,47.77,47.75,47.75,416.4,2026-07-26 18:30:00+00:00
1785090780000,47.76,47.76,47.71,47.71,1130.8,2026-07-26 18:33:00+00:00
1785090960000,47.72,47.88,47.72,47.83,1824.1,2026-07-26 18:36:00+00:00
1785091140000,47.82,47.82,47.76,47.78,259.8,2026-07-26 18:39:00+00:00
1785091320000,47.79,47.84,47.79,47.84,606.6,2026-07-26 18:42:00+00:00
1785091500000,47.83,47.85,47.83,47.85,43.4,2026-07-26 18:45:00+00:00
1785091680000,47.85,47.86,47.84,47.85,254.4,2026-07-26 18:48:00+00:00
1785091860000,47.85,47.95,47.81,47.91,2401.8,2026-07-26 18:51:00+00:00
1785092040000,47.91,48.04,47.91,47.98,1270.2,2026-07-26 18:54:00+00:00
1785092220000,47.98,47.98,47.91,47.91,623.7,2026-07-26 18:57:00+00:00
1785092400000,47.91,47.92,47.89,47.89,406.9,2026-07-26 19:00:00+00:00
1785092580000,47.89,47.9,47.87,47.88,76.2,2026-07-26 19:03:00+00:00
1785092760000,47.89,47.89,47.85,47.85,165.9,2026-07-26 19:06:00+00:00
1785092940000,47.86,47.88,47.85,47.87,401.9,2026-07-26 19:09:00+00:00
1785093120000,47.88,47.91,47.86,47.89,258.3,2026-07-26 19:12:00+00:00
1785093300000,47.89,47.91,47.89,47.91,102.5,2026-07-26 19:15:00+00:00
1785093480000,47.9,47.96,47.9,47.94,613.2,2026-07-26 19:18:00+00:00
1785093660000,47.95,47.99,47.94,47.99,822.2,2026-07-26 19:21:00+00:00
1785093840000,47.99,47.99,47.94,47.95,113.2,2026-07-26 19:24:00+00:00
1785094020000,47.95,47.96,47.93,47.96,110,2026-07-26 19:27:00+00:00
1785094200000,47.96,48.02,47.96,48.02,327.6,2026-07-26 19:30:00+00:00
1785094380000,48.02,48.04,47.96,47.96,117.2,2026-07-26 19:33:00+00:00
1785094560000,47.95,47.97,47.94,47.97,684,2026-07-26 19:36:00+00:00
1785094740000,47.97,47.97,47.93,47.97,214.3,2026-07-26 19:39:00+00:00
1785094920000,47.97,47.97,47.95,47.95,61,2026-07-26 19:42:00+00:00
1785095100000,47.95,47.96,47.94,47.94,78.6,2026-07-26 19:45:00+00:00
1785095280000,47.94,47.94,47.84,47.86,429.6,2026-07-26 19:48:00+00:00
1785095460000,47.87,47.93,47.87,47.88,155.5,2026-07-26 19:51:00+00:00
1785095640000,47.89,47.89,47.84,47.86,440,2026-07-26 19:54:00+00:00
1785095820000,47.86,47.87,47.83,47.83,244.3,2026-07-26 19:57:00+00:00
1785096000000,47.84,47.87,47.82,47.87,580,2026-07-26 20:00:00+00:00
1785096180000,47.86,47.89,47.86,47.88,343.8,2026-07-26 20:03:00+00:00
1785096360000,47.88,47.9,47.87,47.9,129,2026-07-26 20:06:00+00:00
1785096540000,47.9,47.9,47.82,47.82,156.6,2026-07-26 20:09:00+00:00
1785096720000,47.82,47.85,47.82,47.83,371.2,2026-07-26 20:12:00+00:00
1785096900000,47.84,47.84,47.79,47.79,182.6,2026-07-26 20:15:00+00:00
1785097080000,47.79,47.8,47.73,47.74,611.5,2026-07-26 20:18:00+00:00
1785097260000,47.74,47.77,47.74,47.76,233.3,2026-07-26 20:21:00+00:00
1785097440000,47.77,47.78,47.77,47.78,36.2,2026-07-26 20:24:00+00:00
1785097620000,47.78,47.78,47.77,47.77,195.5,2026-07-26 20:27:00+00:00
1785097800000,47.76,47.76,47.74,47.75,86.7,2026-07-26 20:30:00+00:00
1785097980000,47.74,47.75,47.73,47.75,300.5,2026-07-26 20:33:00+00:00
1785098160000,47.75,47.75,47.73,47.73,254.1,2026-07-26 20:36:00+00:00
1785098340000,47.72,47.73,47.7,47.7,299.3,2026-07-26 20:39:00+00:00
1785098520000,47.69,47.7,47.69,47.69,20.2,2026-07-26 20:42:00+00:00
1785098700000,47.7,47.72,47.7,47.72,398.2,2026-07-26 20:45:00+00:00
1785098880000,47.72,47.73,47.7,47.7,335.7,2026-07-26 20:48:00+00:00
1785099060000,47.7,47.72,47.7,47.72,134.1,2026-07-26 20:51:00+00:00
1785099240000,47.72,47.72,47.71,47.72,162.3,2026-07-26 20:54:00+00:00
1785099420000,47.72,47.72,47.68,47.68,270.6,2026-07-26 20:57:00+00:00
1785099600000,47.68,47.68,47.59,47.64,1319.1,2026-07-26 21:00:00+00:00
1785099780000,47.64,47.64,47.61,47.61,65.1,2026-07-26 21:03:00+00:00
1785099960000,47.62,47.62,47.57,47.58,770.8,2026-07-26 21:06:00+00:00
1785100140000,47.58,47.61,47.58,47.59,243.4,2026-07-26 21:09:00+00:00
1785100320000,47.58,47.6,47.56,47.56,1950.9,2026-07-26 21:12:00+00:00
1785100500000,47.55,47.63,47.55,47.58,1077.3,2026-07-26 21:15:00+00:00
1785100680000,47.58,47.67,47.58,47.65,894.4,2026-07-26 21:18:00+00:00
1785100860000,47.65,47.68,47.65,47.67,391.6,2026-07-26 21:21:00+00:00
1785101040000,47.67,47.76,47.67,47.71,400.5,2026-07-26 21:24:00+00:00
1785101220000,47.71,47.71,47.65,47.67,262.5,2026-07-26 21:27:00+00:00
1785101400000,47.68,47.68,47.63,47.63,121.3,2026-07-26 21:30:00+00:00
1785101580000,47.64,47.66,47.57,47.57,194.9,2026-07-26 21:33:00+00:00
1785101760000,47.58,47.58,47.57,47.58,209.1,2026-07-26 21:36:00+00:00
1785101940000,47.57,47.58,47.57,47.57,44,2026-07-26 21:39:00+00:00
1785102120000,47.58,47.6,47.58,47.6,189.1,2026-07-26 21:42:00+00:00
1785102300000,47.59,47.59,47.58,47.58,52.9,2026-07-26 21:45:00+00:00
1785102480000,47.59,47.67,47.59,47.65,323.4,2026-07-26 21:48:00+00:00
1785102660000,47.65,47.66,47.63,47.63,60.5,2026-07-26 21:51:00+00:00
1785102840000,47.64,47.64,47.63,47.63,58.8,2026-07-26 21:54:00+00:00
1785103020000,47.63,47.63,47.58,47.62,383.3,2026-07-26 21:57:00+00:00
1785103200000,47.62,47.95,47.62,47.9,2660.5,2026-07-26 22:00:00+00:00
1785103380000,47.9,47.93,47.89,47.91,479.5,2026-07-26 22:03:00+00:00
1785103560000,47.92,47.94,47.89,47.9,422,2026-07-26 22:06:00+00:00
1785103740000,47.9,47.91,47.85,47.87,487.2,2026-07-26 22:09:00+00:00
1785103920000,47.87,47.95,47.87,47.94,645.2,2026-07-26 22:12:00+00:00
1785104100000,47.94,47.98,47.94,47.96,583.3,2026-07-26 22:15:00+00:00
1785104280000,47.96,48.1,47.94,48.09,1220,2026-07-26 22:18:00+00:00
1785104460000,48.08,48.13,48.06,48.13,1048.2,2026-07-26 22:21:00+00:00
1785104640000,48.13,48.13,48.07,48.11,202.7,2026-07-26 22:24:00+00:00
1785104820000,48.11,48.16,48.1,48.13,981.2,2026-07-26 22:27:00+00:00
1785105000000,48.13,48.22,48.12,48.22,4709.1,2026-07-26 22:30:00+00:00
1785105180000,48.21,48.22,48.17,48.17,868.7,2026-07-26 22:33:00+00:00
1785105360000,48.16,48.16,48.08,48.08,753.9,2026-07-26 22:36:00+00:00
1785105540000,48.08,48.16,48.05,48.13,740.2,2026-07-26 22:39:00+00:00
1785105720000,48.13,48.13,48.07,48.1,1274.8,2026-07-26 22:42:00+00:00
1785105900000,48.11,48.11,47.99,47.99,1663.9,2026-07-26 22:45:00+00:00
1785106080000,48,48.12,47.99,48.04,1719.9,2026-07-26 22:48:00+00:00
1785106260000,48.04,48.04,47.99,48.01,1476.9,2026-07-26 22:51:00+00:00
1785106440000,48.01,48.01,47.98,47.98,199,2026-07-26 22:54:00+00:00
1785106620000,47.98,48.01,47.98,47.99,691.9,2026-07-26 22:57:00+00:00
1785106800000,48,48.01,47.97,47.99,1302.7,2026-07-26 23:00:00+00:00
1785106980000,47.99,48.02,47.97,48.02,1298.9,2026-07-26 23:03:00+00:00
1785107160000,48.03,48.03,47.9,47.93,3611.8,2026-07-26 23:06:00+00:00
1785107340000,47.93,47.99,47.87,47.88,2676.7,2026-07-26 23:09:00+00:00
1785107520000,47.88,47.9,47.83,47.84,849.9,2026-07-26 23:12:00+00:00
1785107700000,47.85,47.9,47.81,47.86,1300.4,2026-07-26 23:15:00+00:00
1785107880000,47.85,47.85,47.81,47.81,475.4,2026-07-26 23:18:00+00:00
1785108060000,47.82,47.83,47.81,47.82,96.2,2026-07-26 23:21:00+00:00
1785108240000,47.83,47.83,47.77,47.79,255.8,2026-07-26 23:24:00+00:00
1785108420000,47.79,47.79,47.78,47.78,176.8,2026-07-26 23:27:00+00:00
1785108600000,47.78,47.82,47.75,47.82,1097,2026-07-26 23:30:00+00:00
1785108780000,47.82,47.89,47.82,47.88,1124.7,2026-07-26 23:33:00+00:00
1785108960000,47.87,47.89,47.84,47.84,609.8,2026-07-26 23:36:00+00:00
1785109140000,47.85,47.85,47.84,47.85,364.2,2026-07-26 23:39:00+00:00
1785109320000,47.85,47.86,47.82,47.82,158.6,2026-07-26 23:42:00+00:00
1785109500000,47.83,47.88,47.83,47.85,335.1,2026-07-26 23:45:00+00:00
1785109680000,47.85,47.85,47.82,47.82,145.2,2026-07-26 23:48:00+00:00
1785109860000,47.83,47.86,47.82,47.84,391.8,2026-07-26 23:51:00+00:00
1785110040000,47.84,47.84,47.78,47.8,842.9,2026-07-26 23:54:00+00:00
1785110220000,47.81,47.83,47.8,47.82,612.5,2026-07-26 23:57:00+00:00
1785110400000,47.82,47.82,47.76,47.77,413.9,2026-07-27 00:00:00+00:00
1785110580000,47.77,47.77,47.74,47.76,790.4,2026-07-27 00:03:00+00:00
1785110760000,47.75,47.75,47.6,47.6,2313.4,2026-07-27 00:06:00+00:00
1785110940000,47.6,47.64,47.59,47.63,644.6,2026-07-27 00:09:00+00:00
1785111120000,47.63,47.65,47.6,47.61,140.7,2026-07-27 00:12:00+00:00
1785111300000,47.6,47.61,47.55,47.55,656.4,2026-07-27 00:15:00+00:00
1785111480000,47.56,47.58,47.53,47.57,965.1,2026-07-27 00:18:00+00:00
1785111660000,47.58,47.59,47.55,47.55,459.5,2026-07-27 00:21:00+00:00
1785111840000,47.56,47.6,47.53,47.59,288.4,2026-07-27 00:24:00+00:00
1785112020000,47.6,47.66,47.6,47.62,473.5,2026-07-27 00:27:00+00:00
1785112200000,47.61,47.61,47.56,47.57,938.6,2026-07-27 00:30:00+00:00
1785112380000,47.57,47.59,47.53,47.53,1260.8,2026-07-27 00:33:00+00:00
1785112560000,47.54,47.55,47.52,47.53,740.9,2026-07-27 00:36:00+00:00
1785112740000,47.54,47.54,47.46,47.5,5266.8,2026-07-27 00:39:00+00:00
1785112920000,47.5,47.5,47.44,47.46,807.7,2026-07-27 00:42:00+00:00
1785113100000,47.44,47.49,47.44,47.45,540.7,2026-07-27 00:45:00+00:00
1785113280000,47.44,47.48,47.44,47.46,318.9,2026-07-27 00:48:00+00:00
1785113460000,47.46,47.46,47.39,47.4,621.4,2026-07-27 00:51:00+00:00
1785113640000,47.39,47.41,47.37,47.41,830.4,2026-07-27 00:54:00+00:00
1785113820000,47.4,47.43,47.38,47.43,1611.4,2026-07-27 00:57:00+00:00
1785114000000,47.44,47.45,47.41,47.44,392.2,2026-07-27 01:00:00+00:00
1785114180000,47.44,47.44,47.41,47.41,105.9,2026-07-27 01:03:00+00:00
1785114360000,47.42,47.43,47.41,47.41,137.2,2026-07-27 01:06:00+00:00
1785114540000,47.4,47.41,47.39,47.39,165,2026-07-27 01:09:00+00:00
1785114720000,47.39,47.39,47.35,47.35,242.6,2026-07-27 01:12:00+00:00
1785114900000,47.35,47.42,47.35,47.38,2114.2,2026-07-27 01:15:00+00:00
1785115080000,47.39,47.39,47.33,47.34,917.3,2026-07-27 01:18:00+00:00
1785115260000,47.33,47.35,47.32,47.34,232.1,2026-07-27 01:21:00+00:00
1785115440000,47.34,47.34,47.26,47.27,561.8,2026-07-27 01:24:00+00:00
1785115620000,47.27,47.3,47.27,47.3,438.5,2026-07-27 01:27:00+00:00
1785115800000,47.29,47.34,47.28,47.32,2248.1,2026-07-27 01:30:00+00:00
1785115980000,47.32,47.32,47.18,47.22,1141.3,2026-07-27 01:33:00+00:00
1785116160000,47.22,47.33,47.21,47.33,687.1,2026-07-27 01:36:00+00:00
1785116340000,47.34,47.34,47.23,47.26,760.4,2026-07-27 01:39:00+00:00
1785116520000,47.25,47.25,47.22,47.24,959.6,2026-07-27 01:42:00+00:00
1785116700000,47.24,47.28,47.24,47.28,291.2,2026-07-27 01:45:00+00:00
1785116880000,47.28,47.35,47.28,47.33,306.2,2026-07-27 01:48:00+00:00
1785117060000,47.32,47.35,47.3,47.35,170.5,2026-07-27 01:51:00+00:00
1785117240000,47.35,47.39,47.34,47.37,1480.1,2026-07-27 01:54:00+00:00
1785117420000,47.38,47.39,47.36,47.36,814.6,2026-07-27 01:57:00+00:00
1785117600000,47.36,47.37,47.34,47.36,366.9,2026-07-27 02:00:00+00:00
1785117780000,47.35,47.35,47.3,47.34,214.5,2026-07-27 02:03:00+00:00
1785117960000,47.34,47.34,47.32,47.33,42.1,2026-07-27 02:06:00+00:00
1785118140000,47.32,47.37,47.32,47.33,484.3,2026-07-27 02:09:00+00:00
1785118320000,47.32,47.34,47.31,47.34,1134.5,2026-07-27 02:12:00+00:00
1785118500000,47.34,47.34,47.3,47.32,372.2,2026-07-27 02:15:00+00:00
1785118680000,47.31,47.37,47.3,47.34,409.7,2026-07-27 02:18:00+00:00
1785118860000,47.34,47.34,47.29,47.29,444,2026-07-27 02:21:00+00:00
1785119040000,47.28,47.31,47.28,47.31,245,2026-07-27 02:24:00+00:00
1785119220000,47.32,47.32,47.31,47.31,86.3,2026-07-27 02:27:00+00:00
1785119400000,47.31,47.31,47.25,47.25,268.5,2026-07-27 02:30:00+00:00
1785119580000,47.25,47.25,47.2,47.22,430.1,2026-07-27 02:33:00+00:00
1785119760000,47.23,47.27,47.23,47.27,1080.5,2026-07-27 02:36:00+00:00
1785119940000,47.27,47.32,47.27,47.32,232.1,2026-07-27 02:39:00+00:00
1785120120000,47.31,47.35,47.31,47.33,785.6,2026-07-27 02:42:00+00:00
1785120300000,47.34,47.39,47.34,47.36,744.5,2026-07-27 02:45:00+00:00
1785120480000,47.36,47.36,47.32,47.32,246.1,2026-07-27 02:48:00+00:00
1785120660000,47.31,47.33,47.31,47.33,255.5,2026-07-27 02:51:00+00:00
1785120840000,47.34,47.34,47.31,47.32,156.6,2026-07-27 02:54:00+00:00
1785121020000,47.32,47.34,47.31,47.33,150.7,2026-07-27 02:57:00+00:00
1785121200000,47.32,47.35,47.31,47.33,314.4,2026-07-27 03:00:00+00:00
1785121380000,47.32,47.32,47.22,47.24,720.3,2026-07-27 03:03:00+00:00
1785121560000,47.24,47.25,47.22,47.24,775.1,2026-07-27 03:06:00+00:00
1785121740000,47.23,47.27,47.2,47.27,1136.3,2026-07-27 03:09:00+00:00
1785121920000,47.28,47.31,47.28,47.31,121.8,2026-07-27 03:12:00+00:00
1785122100000,47.32,47.33,47.31,47.32,321.2,2026-07-27 03:15:00+00:00
1785122280000,47.31,47.32,47.3,47.3,650.7,2026-07-27 03:18:00+00:00
1785122460000,47.29,47.3,47.26,47.3,603.4,2026-07-27 03:21:00+00:00
1785122640000,47.29,47.33,47.29,47.31,272.1,2026-07-27 03:24:00+00:00
1785122820000,47.32,47.32,47.31,47.31,90.2,2026-07-27 03:27:00+00:00
1785123000000,47.3,47.31,47.28,47.3,241.1,2026-07-27 03:30:00+00:00
1785123180000,47.31,47.33,47.29,47.32,161.8,2026-07-27 03:33:00+00:00
1785123360000,47.32,47.33,47.31,47.32,64.6,2026-07-27 03:36:00+00:00
1785123540000,47.32,47.33,47.31,47.33,139.2,2026-07-27 03:39:00+00:00
1785123720000,47.34,47.38,47.33,47.38,118.4,2026-07-27 03:42:00+00:00
1785123900000,47.37,47.37,47.35,47.35,786.8,2026-07-27 03:45:00+00:00
1785124080000,47.35,47.38,47.34,47.38,331,2026-07-27 03:48:00+00:00
1785124260000,47.39,47.4,47.36,47.36,455,2026-07-27 03:51:00+00:00
1785124440000,47.35,47.35,47.33,47.34,159.7,2026-07-27 03:54:00+00:00
1785124620000,47.33,47.39,47.33,47.38,442.6,2026-07-27 03:57:00+00:00
1785124800000,47.37,47.38,47.35,47.35,84.2,2026-07-27 04:00:00+00:00
1785124980000,47.35,47.4,47.35,47.38,880.5,2026-07-27 04:03:00+00:00
1785125160000,47.39,47.41,47.39,47.39,191.7,2026-07-27 04:06:00+00:00
1785125340000,47.38,47.39,47.33,47.33,975.9,2026-07-27 04:09:00+00:00
1785125520000,47.33,47.34,47.31,47.34,316.5,2026-07-27 04:12:00+00:00
1785125700000,47.34,47.37,47.33,47.37,690.8,2026-07-27 04:15:00+00:00
1785125880000,47.38,47.44,47.38,47.42,569.3,2026-07-27 04:18:00+00:00
1785126060000,47.42,47.45,47.39,47.44,701.2,2026-07-27 04:21:00+00:00
1785126240000,47.43,47.43,47.38,47.38,160.3,2026-07-27 04:24:00+00:00
1785126420000,47.37,47.37,47.33,47.36,173.9,2026-07-27 04:27:00+00:00
1785126600000,47.35,47.36,47.31,47.31,82.8,2026-07-27 04:30:00+00:00
1785126780000,47.32,47.37,47.31,47.37,82.9,2026-07-27 04:33:00+00:00
1785126960000,47.38,47.45,47.37,47.42,166.7,2026-07-27 04:36:00+00:00
1785127140000,47.42,47.44,47.41,47.43,213.4,2026-07-27 04:39:00+00:00
1785127320000,47.44,47.48,47.43,47.47,672.9,2026-07-27 04:42:00+00:00
1785127500000,47.47,47.47,47.43,47.43,213.6,2026-07-27 04:45:00+00:00
1785127680000,47.43,47.46,47.43,47.46,498.8,2026-07-27 04:48:00+00:00
1785127860000,47.45,47.45,47.43,47.43,551.6,2026-07-27 04:51:00+00:00
1785128040000,47.43,47.44,47.42,47.42,127.7,2026-07-27 04:54:00+00:00
1785128220000,47.42,47.44,47.41,47.43,484.1,2026-07-27 04:57:00+00:00
1785128400000,47.44,47.49,47.42,47.49,1053.7,2026-07-27 05:00:00+00:00
1785128580000,47.49,47.53,47.48,47.49,1123.9,2026-07-27 05:03:00+00:00
1785128760000,47.49,47.53,47.49,47.52,233.6,2026-07-27 05:06:00+00:00
1785128940000,47.52,47.57,47.52,47.56,563.4,2026-07-27 05:09:00+00:00
1785129120000,47.56,47.6,47.56,47.6,526.6,2026-07-27 05:12:00+00:00
1785129300000,47.6,47.61,47.57,47.58,1147.8,2026-07-27 05:15:00+00:00
1785129480000,47.58,47.65,47.58,47.65,174.5,2026-07-27 05:18:00+00:00
1785129660000,47.65,47.66,47.6,47.62,920.3,2026-07-27 05:21:00+00:00
1785129840000,47.62,47.65,47.62,47.64,1557.5,2026-07-27 05:24:00+00:00
1785130020000,47.64,47.66,47.63,47.64,227.3,2026-07-27 05:27:00+00:00
1785130200000,47.64,47.69,47.63,47.64,2604.6,2026-07-27 05:30:00+00:00
1785130380000,47.65,47.65,47.61,47.61,452.5,2026-07-27 05:33:00+00:00
1785130560000,47.62,47.63,47.61,47.63,435.8,2026-07-27 05:36:00+00:00
1785130740000,47.63,47.65,47.62,47.64,1077.1,2026-07-27 05:39:00+00:00
1785130920000,47.64,47.65,47.62,47.62,745.6,2026-07-27 05:42:00+00:00
1785131100000,47.63,47.65,47.56,47.58,4535.8,2026-07-27 05:45:00+00:00
1785131280000,47.58,47.58,47.48,47.48,524.4,2026-07-27 05:48:00+00:00
1785131460000,47.49,47.53,47.46,47.46,451.1,2026-07-27 05:51:00+00:00
1785131640000,47.47,47.48,47.39,47.4,4842.6,2026-07-27 05:54:00+00:00
1785131820000,47.39,47.45,47.36,47.36,1233.1,2026-07-27 05:57:00+00:00
1785132000000,47.36,47.38,47.31,47.31,1096.6,2026-07-27 06:00:00+00:00
1785132180000,47.32,47.41,47.3,47.4,1970.6,2026-07-27 06:03:00+00:00
1785132360000,47.41,47.58,47.37,47.37,4549.1,2026-07-27 06:06:00+00:00
1785132540000,47.38,47.48,47.38,47.46,670.4,2026-07-27 06:09:00+00:00
1785132720000,47.47,47.48,47.43,47.44,222.8,2026-07-27 06:12:00+00:00
1785132900000,47.45,47.51,47.44,47.44,1502.4,2026-07-27 06:15:00+00:00
1785133080000,47.44,47.44,47.37,47.37,1058.4,2026-07-27 06:18:00+00:00
1785133260000,47.37,47.38,47.35,47.38,1097.1,2026-07-27 06:21:00+00:00
1785133440000,47.38,47.39,47.35,47.35,395.4,2026-07-27 06:24:00+00:00
1785133620000,47.36,47.37,47.34,47.37,591.6,2026-07-27 06:27:00+00:00
1785133800000,47.37,47.38,47.34,47.38,180.9,2026-07-27 06:30:00+00:00
1785133980000,47.39,47.41,47.37,47.41,1052.3,2026-07-27 06:33:00+00:00
1785134160000,47.41,47.43,47.39,47.4,317.1,2026-07-27 06:36:00+00:00
1785134340000,47.39,47.39,47.37,47.39,257.1,2026-07-27 06:39:00+00:00
1785134520000,47.4,47.44,47.4,47.42,244.1,2026-07-27 06:42:00+00:00
1785134700000,47.43,47.43,47.39,47.43,302.4,2026-07-27 06:45:00+00:00
1785134880000,47.44,47.44,47.4,47.41,315.4,2026-07-27 06:48:00+00:00
1785135060000,47.4,47.41,47.4,47.41,62,2026-07-27 06:51:00+00:00
1785135240000,47.4,47.4,47.35,47.35,280.4,2026-07-27 06:54:00+00:00
1785135420000,47.36,47.36,47.35,47.35,394.4,2026-07-27 06:57:00+00:00
1785135600000,47.35,47.39,47.33,47.38,236.1,2026-07-27 07:00:00+00:00
1785135780000,47.38,47.4,47.36,47.4,493.1,2026-07-27 07:03:00+00:00
1785135960000,47.4,47.4,47.33,47.33,203.7,2026-07-27 07:06:00+00:00
1785136140000,47.34,47.38,47.34,47.35,704.6,2026-07-27 07:09:00+00:00
1785136320000,47.36,47.36,47.33,47.34,379.1,2026-07-27 07:12:00+00:00
1785136500000,47.34,47.35,47.32,47.34,123.1,2026-07-27 07:15:00+00:00
1785136680000,47.35,47.37,47.34,47.37,263.7,2026-07-27 07:18:00+00:00
1785136860000,47.37,47.37,47.34,47.35,148.7,2026-07-27 07:21:00+00:00
1785137040000,47.36,47.36,47.32,47.32,285.1,2026-07-27 07:24:00+00:00
1785137220000,47.32,47.34,47.29,47.29,278.8,2026-07-27 07:27:00+00:00
1785137400000,47.29,47.29,47.25,47.28,549,2026-07-27 07:30:00+00:00
1785137580000,47.28,47.32,47.27,47.31,720.6,2026-07-27 07:33:00+00:00
1785137760000,47.32,47.33,47.28,47.28,446.7,2026-07-27 07:36:00+00:00
1785137940000,47.28,47.28,47.24,47.27,244.3,2026-07-27 07:39:00+00:00
1785138120000,47.27,47.3,47.26,47.3,281.3,2026-07-27 07:42:00+00:00
1785138300000,47.31,47.35,47.31,47.35,248.4,2026-07-27 07:45:00+00:00
1785138480000,47.35,47.35,47.34,47.34,92,2026-07-27 07:48:00+00:00
1785138660000,47.34,47.35,47.33,47.33,112,2026-07-27 07:51:00+00:00
1785138840000,47.33,47.37,47.32,47.32,495.2,2026-07-27 07:54:00+00:00
1785139020000,47.31,47.32,47.29,47.29,483.2,2026-07-27 07:57:00+00:00
1785139200000,47.3,47.31,47.24,47.25,927.7,2026-07-27 08:00:00+00:00
1785139380000,47.25,47.25,47.2,47.2,942.4,2026-07-27 08:03:00+00:00
1785139560000,47.2,47.23,47.2,47.22,373.7,2026-07-27 08:06:00+00:00
1785139740000,47.22,47.23,47.02,47.1,15306.8,2026-07-27 08:09:00+00:00
1785139920000,47.1,47.1,47.08,47.08,712.8,2026-07-27 08:12:00+00:00
1785140100000,47.07,47.11,47.05,47.11,2916.3,2026-07-27 08:15:00+00:00
1785140280000,47.12,47.15,47.1,47.1,345.7,2026-07-27 08:18:00+00:00
1785140460000,47.11,47.12,47.1,47.12,631.4,2026-07-27 08:21:00+00:00
1785140640000,47.13,47.13,46.97,46.99,3949.2,2026-07-27 08:24:00+00:00
1785140820000,46.99,47,46.91,46.97,2892.7,2026-07-27 08:27:00+00:00
1785141000000,46.96,46.98,46.93,46.95,785.9,2026-07-27 08:30:00+00:00
1785141180000,46.95,46.95,46.88,46.89,1187,2026-07-27 08:33:00+00:00
1785141360000,46.88,46.95,46.84,46.92,8252.8,2026-07-27 08:36:00+00:00
1785141540000,46.91,46.94,46.9,46.94,722.9,2026-07-27 08:39:00+00:00
1785141720000,46.95,47,46.95,46.98,1697.4,2026-07-27 08:42:00+00:00
1785141900000,46.99,47.03,46.99,47.03,315.7,2026-07-27 08:45:00+00:00
1785142080000,47.03,47.05,47.01,47.01,876.3,2026-07-27 08:48:00+00:00
1785142260000,47,47.02,46.97,46.99,1150.3,2026-07-27 08:51:00+00:00
1785142440000,46.99,47.04,46.99,47.03,605.9,2026-07-27 08:54:00+00:00
1785142620000,47.03,47.04,47.02,47.02,427.7,2026-07-27 08:57:00+00:00
1785142800000,47.01,47.01,46.95,46.96,687.8,2026-07-27 09:00:00+00:00
1785142980000,46.96,46.99,46.95,46.96,1147.7,2026-07-27 09:03:00+00:00
1785143160000,46.95,47,46.94,46.99,313.1,2026-07-27 09:06:00+00:00
1785143340000,46.99,47,46.98,47,153.5,2026-07-27 09:09:00+00:00
1785143520000,46.99,46.99,46.94,46.94,71,2026-07-27 09:12:00+00:00
1785143700000,46.94,46.99,46.94,46.99,464,2026-07-27 09:15:00+00:00
1785143880000,46.99,47,46.97,47,179.6,2026-07-27 09:18:00+00:00
1785144060000,47,47.04,47,47.02,378.9,2026-07-27 09:21:00+00:00
1785144240000,47.02,47.03,47.02,47.03,215.1,2026-07-27 09:24:00+00:00
1785144420000,47.03,47.04,47.02,47.04,560.5,2026-07-27 09:27:00+00:00
1785144600000,47.05,47.09,47.04,47.08,231,2026-07-27 09:30:00+00:00
1785144780000,47.08,47.12,46.96,46.98,1741.4,2026-07-27 09:33:00+00:00
1785144960000,46.98,46.98,46.92,46.92,1409.1,2026-07-27 09:36:00+00:00
1785145140000,46.93,46.96,46.92,46.93,1078.8,2026-07-27 09:39:00+00:00
1785145320000,46.93,46.96,46.92,46.95,627.4,2026-07-27 09:42:00+00:00
1785145500000,46.95,46.95,46.92,46.93,435.4,2026-07-27 09:45:00+00:00
1785145680000,46.93,46.99,46.93,46.99,223.1,2026-07-27 09:48:00+00:00
1785145860000,46.99,46.99,46.91,46.94,5141.6,2026-07-27 09:51:00+00:00
1785146040000,46.94,46.95,46.93,46.94,521.4,2026-07-27 09:54:00+00:00
1785146220000,46.94,46.95,46.93,46.94,582.3,2026-07-27 09:57:00+00:00
1785146400000,46.93,46.95,46.91,46.92,621.2,2026-07-27 10:00:00+00:00
1785146580000,46.92,46.93,46.91,46.92,200.2,2026-07-27 10:03:00+00:00
1785146760000,46.92,46.94,46.92,46.94,107.4,2026-07-27 10:06:00+00:00
1785146940000,46.94,46.94,46.92,46.92,488.3,2026-07-27 10:09:00+00:00
1785147120000,46.93,46.94,46.93,46.94,221.4,2026-07-27 10:12:00+00:00
1785147300000,46.95,46.99,46.95,46.98,1590.7,2026-07-27 10:15:00+00:00
1785147480000,46.98,47,46.96,46.99,384.5,2026-07-27 10:18:00+00:00
1785147660000,46.98,46.98,46.95,46.97,258.2,2026-07-27 10:21:00+00:00
1785147840000,46.98,46.99,46.98,46.98,76.1,2026-07-27 10:24:00+00:00
1785148020000,46.98,46.99,46.97,46.97,151.3,2026-07-27 10:27:00+00:00
1785148200000,46.97,46.97,46.94,46.95,161.7,2026-07-27 10:30:00+00:00
1785148380000,46.95,46.97,46.94,46.96,1073.7,2026-07-27 10:33:00+00:00
1785148560000,46.96,46.97,46.95,46.97,95.6,2026-07-27 10:36:00+00:00
1785148740000,46.98,47,46.96,46.99,793.7,2026-07-27 10:39:00+00:00
1785148920000,46.99,47.06,46.99,47.05,268.8,2026-07-27 10:42:00+00:00
1785149100000,47.06,47.07,47.04,47.04,549.7,2026-07-27 10:45:00+00:00
1785149280000,47.03,47.03,47.03,47.03,149.9,2026-07-27 10:48:00+00:00
1785149460000,47.02,47.02,47.01,47.01,55.9,2026-07-27 10:51:00+00:00
1785149640000,47.02,47.02,47,47.01,76.8,2026-07-27 10:54:00+00:00
1785149820000,47,47.03,47,47.03,162.5,2026-07-27 10:57:00+00:00
1785150000000,47.02,47.02,46.97,46.97,420,2026-07-27 11:00:00+00:00
1785150180000,46.98,46.98,46.96,46.98,228.7,2026-07-27 11:03:00+00:00
1785150360000,46.99,47.01,46.99,46.99,81.8,2026-07-27 11:06:00+00:00
1785150540000,46.99,46.99,46.95,46.97,504.8,2026-07-27 11:09:00+00:00
1785150720000,46.98,46.99,46.97,46.98,23.9,2026-07-27 11:12:00+00:00
1785150900000,46.98,46.99,46.97,46.99,232,2026-07-27 11:15:00+00:00
1785151080000,46.98,46.99,46.98,46.98,132.6,2026-07-27 11:18:00+00:00
1785151260000,46.98,46.98,46.94,46.95,797.1,2026-07-27 11:21:00+00:00
1785151440000,46.95,46.99,46.95,46.96,253.9,2026-07-27 11:24:00+00:00
1785151620000,46.96,46.98,46.94,46.94,445.2,2026-07-27 11:27:00+00:00
1785151800000,46.94,46.99,46.94,46.99,361.2,2026-07-27 11:30:00+00:00
1785151980000,46.99,47.02,46.98,47,163.7,2026-07-27 11:33:00+00:00
1785152160000,47,47.01,47,47.01,72,2026-07-27 11:36:00+00:00
1785152340000,47.01,47.01,47,47.01,197.7,2026-07-27 11:39:00+00:00
1785152520000,47,47.03,46.99,47,776.5,2026-07-27 11:42:00+00:00
1785152700000,47,47.02,47,47,417.8,2026-07-27 11:45:00+00:00
1785152880000,47.01,47.02,47,47,111.6,2026-07-27 11:48:00+00:00
1785153060000,47,47.01,47,47,218.1,2026-07-27 11:51:00+00:00
1785153240000,47,47.01,46.98,46.99,414.4,2026-07-27 11:54:00+00:00
1785153420000,46.99,47.01,46.99,47.01,232.9,2026-07-27 11:57:00+00:00
1785153600000,47,47.04,47,47.03,987,2026-07-27 12:00:00+00:00
1785153780000,47.03,47.03,47.01,47.02,123.4,2026-07-27 12:03:00+00:00
1785153960000,47.02,47.05,47.02,47.05,675.6,2026-07-27 12:06:00+00:00
1785154140000,47.05,47.05,47.02,47.02,118.1,2026-07-27 12:09:00+00:00
1785154320000,47.02,47.02,46.96,46.98,3055,2026-07-27 12:12:00+00:00
1785154500000,46.97,46.99,46.94,46.94,976.9,2026-07-27 12:15:00+00:00
1785154680000,46.94,46.94,46.86,46.88,1972.9,2026-07-27 12:18:00+00:00
1785154860000,46.88,46.91,46.88,46.89,365.4,2026-07-27 12:21:00+00:00
1785155040000,46.88,46.88,46.83,46.85,554.5,2026-07-27 12:24:00+00:00
1785155220000,46.85,46.87,46.85,46.85,347.3,2026-07-27 12:27:00+00:00
1785155400000,46.84,46.86,46.77,46.81,2208.3,2026-07-27 12:30:00+00:00
1785155580000,46.8,46.86,46.72,46.84,5335.8,2026-07-27 12:33:00+00:00
1785155760000,46.84,46.89,46.84,46.88,412.8,2026-07-27 12:36:00+00:00
1785155940000,46.89,46.95,46.89,46.95,427.1,2026-07-27 12:39:00+00:00
1785156120000,46.94,46.98,46.94,46.98,699.1,2026-07-27 12:42:00+00:00
1785156300000,46.98,47.02,46.98,47.02,1108.2,2026-07-27 12:45:00+00:00
1785156480000,47.03,47.03,47,47.01,268.3,2026-07-27 12:48:00+00:00
1785156660000,47.01,47.01,46.92,46.99,1526,2026-07-27 12:51:00+00:00
1785156840000,46.99,47,46.99,46.99,194.8,2026-07-27 12:54:00+00:00
1785157020000,46.99,46.99,46.96,46.97,387,2026-07-27 12:57:00+00:00
1785157200000,46.96,47.01,46.95,47.01,942.8,2026-07-27 13:00:00+00:00
1785157380000,47.01,47.02,46.98,46.98,299.9,2026-07-27 13:03:00+00:00
1785157560000,46.99,47,46.98,47,422.9,2026-07-27 13:06:00+00:00
1785157740000,46.99,47.02,46.99,47.02,216.8,2026-07-27 13:09:00+00:00
1785157920000,47.02,47.02,46.99,46.99,608.8,2026-07-27 13:12:00+00:00
1785158100000,46.99,47.04,46.99,47.04,321.1,2026-07-27 13:15:00+00:00
1785158280000,47.04,47.05,47.02,47.02,356.2,2026-07-27 13:18:00+00:00
1785158460000,47.01,47.01,46.98,47.01,260.3,2026-07-27 13:21:00+00:00
1785158640000,47.01,47.01,46.98,46.99,217.1,2026-07-27 13:24:00+00:00
1785158820000,46.99,47.02,46.97,47.02,445.1,2026-07-27 13:27:00+00:00
1785159000000,47.02,47.03,46.99,47.01,353.8,2026-07-27 13:30:00+00:00
1785159180000,47.02,47.17,47.01,47.17,1857.1,2026-07-27 13:33:00+00:00
1785159360000,47.16,47.29,47.16,47.26,2277.1,2026-07-27 13:36:00+00:00
1785159540000,47.26,47.35,47.24,47.33,1194.8,2026-07-27 13:39:00+00:00
1785159720000,47.32,47.33,47.25,47.3,1954.3,2026-07-27 13:42:00+00:00
1785159900000,47.3,47.32,47.25,47.27,1787.3,2026-07-27 13:45:00+00:00
1785160080000,47.26,47.32,47.26,47.29,1202.7,2026-07-27 13:48:00+00:00
1785160260000,47.29,47.29,47.22,47.22,605.1,2026-07-27 13:51:00+00:00
1785160440000,47.22,47.22,47.16,47.16,1072.3,2026-07-27 13:54:00+00:00
1785160620000,47.17,47.17,47.13,47.16,1679.6,2026-07-27 13:57:00+00:00
1785160800000,47.16,47.16,47.07,47.12,1084.9,2026-07-27 14:00:00+00:00
1785160980000,47.12,47.12,47.07,47.08,2148.4,2026-07-27 14:03:00+00:00
1785161160000,47.07,47.19,47.03,47.18,3112,2026-07-27 14:06:00+00:00
1785161340000,47.18,47.22,47.12,47.15,965.2,2026-07-27 14:09:00+00:00
1785161520000,47.15,47.18,47.12,47.15,495.3,2026-07-27 14:12:00+00:00
1785161700000,47.14,47.15,47.1,47.11,423.5,2026-07-27 14:15:00+00:00
1785161880000,47.1,47.1,46.89,46.89,1845.2,2026-07-27 14:18:00+00:00
1785162060000,46.89,46.96,46.83,46.89,2624.9,2026-07-27 14:21:00+00:00
1785162240000,46.89,46.98,46.89,46.97,408.1,2026-07-27 14:24:00+00:00
1785162420000,46.97,46.97,46.84,46.84,2472.6,2026-07-27 14:27:00+00:00
1785162600000,46.84,46.84,46.58,46.72,10019.2,2026-07-27 14:30:00+00:00
1785162780000,46.73,46.77,46.65,46.69,1272.2,2026-07-27 14:33:00+00:00
1785162960000,46.69,46.74,46.51,46.6,5156.5,2026-07-27 14:36:00+00:00
1785163140000,46.6,46.65,46.47,46.52,7526.9,2026-07-27 14:39:00+00:00
1785163320000,46.52,46.52,46.18,46.26,14327.4,2026-07-27 14:42:00+00:00
1785163500000,46.26,46.38,46.26,46.29,7009.8,2026-07-27 14:45:00+00:00
1785163680000,46.3,46.35,46.25,46.33,4106.6,2026-07-27 14:48:00+00:00
1785163860000,46.32,46.35,46.24,46.26,5333.3,2026-07-27 14:51:00+00:00
1785164040000,46.26,46.38,46.22,46.37,2061.5,2026-07-27 14:54:00+00:00
1785164220000,46.37,46.42,46.36,46.41,1290.3,2026-07-27 14:57:00+00:00
1785164400000,46.41,46.41,46.31,46.37,2756.2,2026-07-27 15:00:00+00:00
1785164580000,46.38,46.44,46.38,46.43,1489.7,2026-07-27 15:03:00+00:00
1785164760000,46.43,46.46,46.35,46.36,1366,2026-07-27 15:06:00+00:00
1785164940000,46.36,46.36,46.23,46.28,1242.2,2026-07-27 15:09:00+00:00
1785165120000,46.29,46.41,46.29,46.37,3148.5,2026-07-27 15:12:00+00:00
1785165300000,46.37,46.37,46.22,46.23,3232.6,2026-07-27 15:15:00+00:00
1785165480000,46.24,46.37,46.21,46.37,812.8,2026-07-27 15:18:00+00:00
1785165660000,46.37,46.38,46.32,46.32,1104.7,2026-07-27 15:21:00+00:00
1785165840000,46.32,46.33,46.28,46.33,1009.9,2026-07-27 15:24:00+00:00
1785166020000,46.32,46.35,46.28,46.35,1527.4,2026-07-27 15:27:00+00:00
1785166200000,46.34,46.39,46.34,46.35,405.5,2026-07-27 15:30:00+00:00
1785166380000,46.35,46.35,46.3,46.3,812.7,2026-07-27 15:33:00+00:00
1785166560000,46.3,46.33,46.26,46.31,1127.8,2026-07-27 15:36:00+00:00
1785166740000,46.32,46.39,46.32,46.34,1021.3,2026-07-27 15:39:00+00:00
1785166920000,46.35,46.4,46.35,46.4,45.8,2026-07-27 15:42:00+00:00
1785167100000,46.39,46.4,46.33,46.34,1189.6,2026-07-27 15:45:00+00:00
1785167280000,46.35,46.38,46.31,46.31,541.8,2026-07-27 15:48:00+00:00
1785167460000,46.31,46.36,46.31,46.32,816.6,2026-07-27 15:51:00+00:00
1785167640000,46.33,46.34,46.32,46.33,479.7,2026-07-27 15:54:00+00:00
1785167820000,46.32,46.37,46.3,46.34,452.8,2026-07-27 15:57:00+00:00
1785168000000,46.34,46.35,46.3,46.33,1213.8,2026-07-27 16:00:00+00:00
1785168180000,46.32,46.38,46.31,46.31,971.6,2026-07-27 16:03:00+00:00
1785168360000,46.3,46.34,46.29,46.31,998.4,2026-07-27 16:06:00+00:00
1785168540000,46.3,46.34,46.22,46.29,5425.2,2026-07-27 16:09:00+00:00
1785168720000,46.3,46.3,46.23,46.25,710.2,2026-07-27 16:12:00+00:00
1785168900000,46.25,46.32,46.23,46.32,977.4,2026-07-27 16:15:00+00:00
1785169080000,46.31,46.38,46.31,46.38,208.8,2026-07-27 16:18:00+00:00
1785169260000,46.38,46.4,46.36,46.37,177.8,2026-07-27 16:21:00+00:00
1785169440000,46.38,46.54,46.38,46.46,1522.2,2026-07-27 16:24:00+00:00
1785169620000,46.45,46.5,46.45,46.49,338.3,2026-07-27 16:27:00+00:00
1785169800000,46.49,46.54,46.48,46.52,253,2026-07-27 16:30:00+00:00
1785169980000,46.52,46.55,46.5,46.54,1059.3,2026-07-27 16:33:00+00:00
1785170160000,46.53,46.57,46.52,46.56,1832.6,2026-07-27 16:36:00+00:00
1785170340000,46.56,46.59,46.56,46.59,135,2026-07-27 16:39:00+00:00
1785170520000,46.59,46.6,46.52,46.53,754.6,2026-07-27 16:42:00+00:00
1785170700000,46.53,46.55,46.53,46.54,191.4,2026-07-27 16:45:00+00:00
1785170880000,46.54,46.54,46.47,46.47,290.5,2026-07-27 16:48:00+00:00
1785171060000,46.47,46.49,46.47,46.48,94.1,2026-07-27 16:51:00+00:00
1785171240000,46.47,46.48,46.47,46.48,75.4,2026-07-27 16:54:00+00:00
1785171420000,46.48,46.5,46.48,46.5,142.3,2026-07-27 16:57:00+00:00
1785171600000,46.51,46.54,46.47,46.47,720.4,2026-07-27 17:00:00+00:00
1785171780000,46.46,46.52,46.45,46.52,647.9,2026-07-27 17:03:00+00:00
1785171960000,46.52,46.56,46.51,46.54,234.4,2026-07-27 17:06:00+00:00
1785172140000,46.53,46.57,46.53,46.57,147.9,2026-07-27 17:09:00+00:00
1785172320000,46.56,46.59,46.53,46.55,756.2,2026-07-27 17:12:00+00:00
1785172500000,46.55,46.56,46.53,46.55,149.1,2026-07-27 17:15:00+00:00
1785172680000,46.55,46.6,46.53,46.6,1099.4,2026-07-27 17:18:00+00:00
1785172860000,46.59,46.6,46.56,46.57,121.4,2026-07-27 17:21:00+00:00
1785173040000,46.56,46.58,46.56,46.57,573,2026-07-27 17:24:00+00:00
1785173220000,46.57,46.57,46.52,46.55,447.6,2026-07-27 17:27:00+00:00
1785173400000,46.55,46.56,46.53,46.56,339.4,2026-07-27 17:30:00+00:00
1785173580000,46.56,46.59,46.56,46.58,268.5,2026-07-27 17:33:00+00:00
1785173760000,46.57,46.58,46.54,46.56,244,2026-07-27 17:36:00+00:00
1785173940000,46.56,46.56,46.53,46.54,148.4,2026-07-27 17:39:00+00:00
1785174120000,46.54,46.54,46.52,46.53,120.4,2026-07-27 17:42:00+00:00
1785174300000,46.53,46.53,46.5,46.5,867.2,2026-07-27 17:45:00+00:00
1785174480000,46.51,46.51,46.48,46.48,492.8,2026-07-27 17:48:00+00:00
1785174660000,46.47,46.48,46.47,46.48,120.5,2026-07-27 17:51:00+00:00
1785174840000,46.47,46.49,46.47,46.48,52,2026-07-27 17:54:00+00:00
1785175020000,46.48,46.49,46.47,46.47,336.1,2026-07-27 17:57:00+00:00
1785175200000,46.47,46.47,46.45,46.46,159.2,2026-07-27 18:00:00+00:00
1785175380000,46.45,46.5,46.41,46.41,2293.8,2026-07-27 18:03:00+00:00
1785175560000,46.41,46.43,46.28,46.31,4380.8,2026-07-27 18:06:00+00:00
1785175740000,46.31,46.35,46.31,46.32,1492.8,2026-07-27 18:09:00+00:00
1785175920000,46.31,46.35,46.28,46.34,1586.4,2026-07-27 18:12:00+00:00
1785176100000,46.35,46.38,46.27,46.37,437.4,2026-07-27 18:15:00+00:00
1785176280000,46.37,46.4,46.32,46.32,683.4,2026-07-27 18:18:00+00:00
1785176460000,46.32,46.35,46.32,46.34,90.2,2026-07-27 18:21:00+00:00
1785176640000,46.34,46.42,46.33,46.42,206,2026-07-27 18:24:00+00:00
1785176820000,46.41,46.43,46.41,46.42,193,2026-07-27 18:27:00+00:00
1785177000000,46.42,46.43,46.4,46.43,155,2026-07-27 18:30:00+00:00
1785177180000,46.42,46.42,46.36,46.37,167.2,2026-07-27 18:33:00+00:00
1785177360000,46.36,46.37,46.32,46.33,607.8,2026-07-27 18:36:00+00:00
1785177540000,46.32,46.38,46.27,46.38,4785.1,2026-07-27 18:39:00+00:00
1785177720000,46.38,46.38,46.34,46.34,401.6,2026-07-27 18:42:00+00:00
1785177900000,46.35,46.35,46.3,46.3,211.4,2026-07-27 18:45:00+00:00
1785178080000,46.31,46.32,46.3,46.31,106.4,2026-07-27 18:48:00+00:00
1785178260000,46.31,46.35,46.3,46.34,537.2,2026-07-27 18:51:00+00:00
1785178440000,46.33,46.35,46.33,46.35,98.9,2026-07-27 18:54:00+00:00
1785178620000,46.34,46.36,46.33,46.36,158.9,2026-07-27 18:57:00+00:00
1785178800000,46.37,46.37,46.33,46.35,197.6,2026-07-27 19:00:00+00:00
1785178980000,46.35,46.38,46.34,46.36,152,2026-07-27 19:03:00+00:00
1785179160000,46.36,46.44,46.36,46.43,114.9,2026-07-27 19:06:00+00:00
1785179340000,46.42,46.5,46.42,46.49,417.9,2026-07-27 19:09:00+00:00
1785179520000,46.48,46.49,46.46,46.47,99.6,2026-07-27 19:12:00+00:00
1785179700000,46.46,46.57,46.43,46.51,4172.7,2026-07-27 19:15:00+00:00
1785179880000,46.51,46.51,46.48,46.48,555.1,2026-07-27 19:18:00+00:00
1785180060000,46.48,46.49,46.46,46.48,337.5,2026-07-27 19:21:00+00:00
1785180240000,46.48,46.48,46.45,46.45,93.6,2026-07-27 19:24:00+00:00
1785180420000,46.46,46.48,46.45,46.47,124,2026-07-27 19:27:00+00:00
1785180600000,46.46,46.49,46.45,46.49,227.7,2026-07-27 19:30:00+00:00
1785180780000,46.49,46.53,46.49,46.52,185.3,2026-07-27 19:33:00+00:00
1785180960000,46.53,46.55,46.48,46.54,605.5,2026-07-27 19:36:00+00:00
1785181140000,46.53,46.54,46.52,46.54,160.6,2026-07-27 19:39:00+00:00
1785181320000,46.53,46.54,46.52,46.54,211.7,2026-07-27 19:42:00+00:00
1785181500000,46.54,46.56,46.52,46.56,180.3,2026-07-27 19:45:00+00:00
1785181680000,46.55,46.55,46.49,46.5,430.1,2026-07-27 19:48:00+00:00
1785181860000,46.5,46.51,46.49,46.51,4.4,2026-07-27 19:51:00+00:00
1785182040000,46.5,46.52,46.5,46.52,32.3,2026-07-27 19:54:00+00:00
1785182220000,46.52,46.54,46.5,46.54,152.6,2026-07-27 19:57:00+00:00
1785182400000,46.54,46.55,46.51,46.55,858,2026-07-27 20:00:00+00:00
1785182580000,46.56,46.56,46.53,46.54,491.9,2026-07-27 20:03:00+00:00
1785182760000,46.54,46.56,46.51,46.56,372.9,2026-07-27 20:06:00+00:00
1785182940000,46.55,46.56,46.55,46.56,174.3,2026-07-27 20:09:00+00:00
1785183120000,46.56,46.56,46.55,46.55,129.9,2026-07-27 20:12:00+00:00
1785183300000,46.55,46.55,46.53,46.54,84.8,2026-07-27 20:15:00+00:00
1785183480000,46.53,46.53,46.52,46.53,229.3,2026-07-27 20:18:00+00:00
1785183660000,46.53,46.53,46.46,46.47,329.2,2026-07-27 20:21:00+00:00
1785183840000,46.47,46.55,46.47,46.55,185.3,2026-07-27 20:24:00+00:00
1785184020000,46.54,46.54,46.54,46.54,50.9,2026-07-27 20:27:00+00:00
1785184200000,46.54,46.54,46.51,46.54,441.6,2026-07-27 20:30:00+00:00
1785184380000,46.55,46.58,46.55,46.58,146.8,2026-07-27 20:33:00+00:00
1785184560000,46.59,46.64,46.59,46.62,936.7,2026-07-27 20:36:00+00:00
1785184740000,46.62,46.62,46.53,46.53,428.5,2026-07-27 20:39:00+00:00
1785184920000,46.53,46.56,46.53,46.56,132,2026-07-27 20:42:00+00:00
1785185100000,46.56,46.56,46.56,46.56,22.4,2026-07-27 20:45:00+00:00
1785185280000,46.56,46.58,46.55,46.58,256.9,2026-07-27 20:48:00+00:00
1785185460000,46.59,46.68,46.59,46.68,358.1,2026-07-27 20:51:00+00:00
1785185640000,46.68,46.69,46.65,46.66,253.2,2026-07-27 20:54:00+00:00
1785185820000,46.66,46.73,46.66,46.72,342.6,2026-07-27 20:57:00+00:00
1785186000000,46.72,46.76,46.7,46.76,803.3,2026-07-27 21:00:00+00:00
1785186180000,46.75,46.75,46.7,46.7,231.4,2026-07-27 21:03:00+00:00
1785186360000,46.7,46.7,46.67,46.68,425.5,2026-07-27 21:06:00+00:00
1785186540000,46.68,46.69,46.66,46.69,855.5,2026-07-27 21:09:00+00:00
1785186720000,46.68,46.73,46.68,46.69,4400.1,2026-07-27 21:12:00+00:00
1785186900000,46.69,46.69,46.65,46.65,105.1,2026-07-27 21:15:00+00:00
1785187080000,46.66,46.69,46.65,46.65,542.2,2026-07-27 21:18:00+00:00
1785187260000,46.64,46.64,46.62,46.63,91.4,2026-07-27 21:21:00+00:00
1785187440000,46.62,46.62,46.59,46.59,861.6,2026-07-27 21:24:00+00:00
1785187620000,46.58,46.58,46.53,46.53,26.4,2026-07-27 21:27:00+00:00
1785187800000,46.53,46.56,46.53,46.55,320.2,2026-07-27 21:30:00+00:00
1785187980000,46.55,46.56,46.5,46.5,148.6,2026-07-27 21:33:00+00:00
1785188160000,46.49,46.54,46.48,46.54,432.9,2026-07-27 21:36:00+00:00
1785188340000,46.54,46.55,46.53,46.55,91,2026-07-27 21:39:00+00:00
1785188520000,46.56,46.59,46.55,46.56,243.7,2026-07-27 21:42:00+00:00
1785188700000,46.55,46.56,46.55,46.56,0.6,2026-07-27 21:45:00+00:00
1785188880000,46.55,46.55,46.53,46.53,109,2026-07-27 21:48:00+00:00
1785189060000,46.53,46.53,46.5,46.5,150.8,2026-07-27 21:51:00+00:00
1785189240000,46.49,46.53,46.49,46.53,92.7,2026-07-27 21:54:00+00:00
1785189420000,46.54,46.56,46.54,46.56,22.6,2026-07-27 21:57:00+00:00
1785189600000,46.57,46.58,46.43,46.46,463.9,2026-07-27 22:00:00+00:00
1785189780000,46.45,46.48,46.45,46.47,25.6,2026-07-27 22:03:00+00:00
1785189960000,46.47,46.47,46.46,46.46,99.2,2026-07-27 22:06:00+00:00
1785190140000,46.46,46.5,46.46,46.47,109.8,2026-07-27 22:09:00+00:00
1785190320000,46.47,46.47,46.45,46.46,37.3,2026-07-27 22:12:00+00:00
1785190500000,46.47,46.48,46.43,46.45,854.6,2026-07-27 22:15:00+00:00
1785190680000,46.46,46.49,46.46,46.49,65.7,2026-07-27 22:18:00+00:00
1785190860000,46.48,46.54,46.48,46.5,216,2026-07-27 22:21:00+00:00
1785191040000,46.49,46.51,46.43,46.47,805.7,2026-07-27 22:24:00+00:00
1785191220000,46.47,46.47,46.44,46.46,127.6,2026-07-27 22:27:00+00:00
1785191400000,46.46,46.49,46.4,46.49,321.8,2026-07-27 22:30:00+00:00
1785191580000,46.49,46.51,46.46,46.46,548.9,2026-07-27 22:33:00+00:00
1785191760000,46.47,46.49,46.45,46.45,181.4,2026-07-27 22:36:00+00:00
1785191940000,46.46,46.48,46.24,46.31,3252.6,2026-07-27 22:39:00+00:00
1785192120000,46.32,46.33,46.28,46.3,975.1,2026-07-27 22:42:00+00:00
1785192300000,46.31,46.31,46.22,46.26,654.8,2026-07-27 22:45:00+00:00
1785192480000,46.26,46.33,46.15,46.24,2684.1,2026-07-27 22:48:00+00:00
1785192660000,46.24,46.25,46.2,46.25,262.3,2026-07-27 22:51:00+00:00
1785192840000,46.26,46.27,46.23,46.25,1292.5,2026-07-27 22:54:00+00:00
1785193020000,46.25,46.25,46.03,46.07,7561,2026-07-27 22:57:00+00:00
1785193200000,46.07,46.1,45.95,45.99,11566.7,2026-07-27 23:00:00+00:00
1785193380000,45.98,46.07,45.89,46,3986.8,2026-07-27 23:03:00+00:00
1785193560000,46,46.05,45.91,45.95,2059.1,2026-07-27 23:06:00+00:00
1785193740000,45.95,45.99,45.93,45.98,1816.5,2026-07-27 23:09:00+00:00
1785193920000,45.99,46.07,45.99,46.06,383.1,2026-07-27 23:12:00+00:00
1785194100000,46.05,46.05,45.99,46.04,1383.7,2026-07-27 23:15:00+00:00
1785194280000,46.04,46.13,46.04,46.1,1020.5,2026-07-27 23:18:00+00:00
1785194460000,46.09,46.09,46.06,46.06,829.6,2026-07-27 23:21:00+00:00
1785194640000,46.06,46.1,46.03,46.1,505.9,2026-07-27 23:24:00+00:00
1785194820000,46.09,46.1,46.05,46.08,1826.9,2026-07-27 23:27:00+00:00
1785195000000,46.07,46.12,46.07,46.1,276.7,2026-07-27 23:30:00+00:00
1785195180000,46.09,46.09,46.04,46.05,746.2,2026-07-27 23:33:00+00:00
1785195360000,46.04,46.04,46.01,46.02,1646.2,2026-07-27 23:36:00+00:00
1785195540000,46.02,46.02,45.95,45.95,1201.9,2026-07-27 23:39:00+00:00
1785195720000,45.95,45.98,45.95,45.98,259.1,2026-07-27 23:42:00+00:00
1785195900000,45.97,45.98,45.95,45.97,642.3,2026-07-27 23:45:00+00:00
1785196080000,45.98,45.98,45.95,45.96,1703.2,2026-07-27 23:48:00+00:00
1785196260000,45.96,46,45.96,45.99,302.2,2026-07-27 23:51:00+00:00
1785196440000,45.98,46.02,45.98,46.02,291.1,2026-07-27 23:54:00+00:00
1785196620000,46.02,46.02,46.01,46.01,31.5,2026-07-27 23:57:00+00:00
1785196800000,46.02,46.04,45.98,46.01,750.5,2026-07-28 00:00:00+00:00
1785196980000,46,46.05,45.99,46.01,713.2,2026-07-28 00:03:00+00:00
1785197160000,46.01,46.1,45.98,45.98,3233.2,2026-07-28 00:06:00+00:00
1785197340000,45.98,46.01,45.91,45.99,2011.5,2026-07-28 00:09:00+00:00
1785197520000,45.98,46.03,45.98,46.03,1408.1,2026-07-28 00:12:00+00:00
1785197700000,46.04,46.07,46.02,46.05,745.7,2026-07-28 00:15:00+00:00
1785197880000,46.06,46.08,46.03,46.04,499.6,2026-07-28 00:18:00+00:00
1785198060000,46.03,46.03,45.98,45.99,1045.9,2026-07-28 00:21:00+00:00
1785198240000,45.98,46.01,45.97,45.99,450.9,2026-07-28 00:24:00+00:00
1785198420000,45.98,46.03,45.96,46.03,521.8,2026-07-28 00:27:00+00:00
1785198600000,46.03,46.04,45.96,46,590.8,2026-07-28 00:30:00+00:00
1785198780000,46,46.06,46,46.06,178.5,2026-07-28 00:33:00+00:00
1785198960000,46.05,46.06,46.04,46.06,271.5,2026-07-28 00:36:00+00:00
1785199140000,46.06,46.07,46.04,46.05,48.2,2026-07-28 00:39:00+00:00
1785199320000,46.04,46.04,46.01,46.03,549.8,2026-07-28 00:42:00+00:00
1785199500000,46.03,46.04,46.01,46.02,759.5,2026-07-28 00:45:00+00:00
1785199680000,46.01,46.01,45.96,45.97,217.9,2026-07-28 00:48:00+00:00
1785199860000,45.97,46.02,45.97,46.01,323.7,2026-07-28 00:51:00+00:00
1785200040000,46,46,45.97,45.99,258.6,2026-07-28 00:54:00+00:00
1785200220000,45.99,46.01,45.98,45.99,537.7,2026-07-28 00:57:00+00:00
1785200400000,45.99,46.01,45.96,46.01,146.2,2026-07-28 01:00:00+00:00
1785200580000,46,46.03,45.94,45.96,2916.1,2026-07-28 01:03:00+00:00
1785200760000,45.96,45.96,45.84,45.89,4977.1,2026-07-28 01:06:00+00:00
1785200940000,45.9,45.98,45.9,45.98,622.6,2026-07-28 01:09:00+00:00
1785201120000,45.98,45.99,45.94,45.98,615.7,2026-07-28 01:12:00+00:00
1785201300000,45.98,46,45.9,45.92,998.8,2026-07-28 01:15:00+00:00
1785201480000,45.93,45.97,45.92,45.97,1015.5,2026-07-28 01:18:00+00:00
1785201660000,45.98,46.02,45.98,46.02,557.4,2026-07-28 01:21:00+00:00
1785201840000,46.01,46.09,46.01,46.07,931.1,2026-07-28 01:24:00+00:00
1785202020000,46.07,46.14,46.07,46.11,539.7,2026-07-28 01:27:00+00:00
1785202200000,46.1,46.16,46.09,46.13,831.7,2026-07-28 01:30:00+00:00
1785202380000,46.13,46.2,46.13,46.16,1177.6,2026-07-28 01:33:00+00:00
1785202560000,46.16,46.16,46.14,46.14,560,2026-07-28 01:36:00+00:00
1785202740000,46.13,46.14,46.11,46.11,392.9,2026-07-28 01:39:00+00:00
1785202920000,46.11,46.13,46.09,46.12,687,2026-07-28 01:42:00+00:00
1785203100000,46.12,46.15,46.08,46.14,1371.4,2026-07-28 01:45:00+00:00
1785203280000,46.14,46.15,46.12,46.15,882.2,2026-07-28 01:48:00+00:00
1785203460000,46.14,46.14,46.11,46.11,648.1,2026-07-28 01:51:00+00:00
1785203640000,46.11,46.14,46.08,46.14,435.6,2026-07-28 01:54:00+00:00
1785203820000,46.13,46.14,46.12,46.13,410.6,2026-07-28 01:57:00+00:00
1785204000000,46.12,46.13,46.05,46.07,3123.7,2026-07-28 02:00:00+00:00
1785204180000,46.06,46.08,46.03,46.08,1058.6,2026-07-28 02:03:00+00:00
1785204360000,46.08,46.17,46.08,46.17,631.9,2026-07-28 02:06:00+00:00
1785204540000,46.16,46.28,46.16,46.28,1103.1,2026-07-28 02:09:00+00:00
1785204720000,46.27,46.3,46.23,46.26,1312.8,2026-07-28 02:12:00+00:00
1785204900000,46.25,46.27,46.24,46.27,654.4,2026-07-28 02:15:00+00:00
1785205080000,46.28,46.44,46.27,46.39,5581.6,2026-07-28 02:18:00+00:00
1785205260000,46.39,46.39,46.31,46.31,1337,2026-07-28 02:21:00+00:00
1785205440000,46.31,46.35,46.31,46.31,943.3,2026-07-28 02:24:00+00:00
1785205620000,46.31,46.32,46.31,46.31,184.4,2026-07-28 02:27:00+00:00
1785205800000,46.31,46.33,46.31,46.33,253.8,2026-07-28 02:30:00+00:00
1785205980000,46.33,46.33,46.32,46.32,514.2,2026-07-28 02:33:00+00:00
1785206160000,46.32,46.34,46.3,46.33,755.9,2026-07-28 02:36:00+00:00
1785206340000,46.32,46.32,46.22,46.25,637.5,2026-07-28 02:39:00+00:00
1785206520000,46.25,46.26,46.24,46.25,534.2,2026-07-28 02:42:00+00:00
1785206700000,46.25,46.25,46.21,46.21,951.7,2026-07-28 02:45:00+00:00
1785206880000,46.21,46.25,46.21,46.24,174.5,2026-07-28 02:48:00+00:00
1785207060000,46.24,46.26,46.24,46.26,142.4,2026-07-28 02:51:00+00:00
1785207240000,46.26,46.28,46.26,46.28,523.4,2026-07-28 02:54:00+00:00
1785207420000,46.27,46.27,46.25,46.25,116.5,2026-07-28 02:57:00+00:00
1785207600000,46.26,46.27,46.24,46.26,1044.3,2026-07-28 03:00:00+00:00
1785207780000,46.26,46.28,46.25,46.25,294.5,2026-07-28 03:03:00+00:00
1785207960000,46.25,46.3,46.23,46.3,421.4,2026-07-28 03:06:00+00:00
1785208140000,46.3,46.31,46.26,46.29,128.3,2026-07-28 03:09:00+00:00
1785208320000,46.28,46.3,46.28,46.29,64.8,2026-07-28 03:12:00+00:00
1785208500000,46.29,46.32,46.29,46.29,793.1,2026-07-28 03:15:00+00:00
1785208680000,46.29,46.35,46.29,46.35,486.5,2026-07-28 03:18:00+00:00
1785208860000,46.34,46.37,46.33,46.35,488.6,2026-07-28 03:21:00+00:00
1785209040000,46.35,46.35,46.3,46.3,665.6,2026-07-28 03:24:00+00:00
1785209220000,46.29,46.29,46.26,46.28,875.8,2026-07-28 03:27:00+00:00
1785209400000,46.28,46.28,46.23,46.27,539.2,2026-07-28 03:30:00+00:00
1785209580000,46.27,46.3,46.27,46.3,68,2026-07-28 03:33:00+00:00
1785209760000,46.29,46.31,46.29,46.31,204.7,2026-07-28 03:36:00+00:00
1785209940000,46.31,46.32,46.29,46.3,1054.5,2026-07-28 03:39:00+00:00
1785210120000,46.3,46.32,46.3,46.31,343.7,2026-07-28 03:42:00+00:00
1785210300000,46.31,46.33,46.31,46.31,328,2026-07-28 03:45:00+00:00
1785210480000,46.32,46.33,46.3,46.3,181.7,2026-07-28 03:48:00+00:00
1785210660000,46.31,46.31,46.28,46.28,280,2026-07-28 03:51:00+00:00
1785210840000,46.28,46.29,46.25,46.25,111.6,2026-07-28 03:54:00+00:00
1785211020000,46.26,46.27,46.25,46.27,619.1,2026-07-28 03:57:00+00:00
1785211200000,46.26,46.28,46.25,46.28,766.8,2026-07-28 04:00:00+00:00
1785211380000,46.28,46.29,46.28,46.29,328.3,2026-07-28 04:03:00+00:00
1785211560000,46.28,46.3,46.28,46.29,30.4,2026-07-28 04:06:00+00:00
1785211740000,46.29,46.3,46.29,46.29,23.7,2026-07-28 04:09:00+00:00
1785211920000,46.29,46.29,46.27,46.27,700.2,2026-07-28 04:12:00+00:00
1785212100000,46.26,46.28,46.26,46.28,150,2026-07-28 04:15:00+00:00
1785212280000,46.27,46.31,46.27,46.28,163.1,2026-07-28 04:18:00+00:00
1785212460000,46.27,46.28,46.26,46.27,229.6,2026-07-28 04:21:00+00:00
1785212640000,46.27,46.27,46.25,46.25,47.2,2026-07-28 04:24:00+00:00
1785212820000,46.25,46.25,46.22,46.23,418.2,2026-07-28 04:27:00+00:00
1785213000000,46.23,46.23,46.17,46.17,1033.9,2026-07-28 04:30:00+00:00
1785213180000,46.16,46.18,46.16,46.16,247,2026-07-28 04:33:00+00:00
1785213360000,46.16,46.18,46.15,46.16,318,2026-07-28 04:36:00+00:00
1785213540000,46.16,46.21,46.16,46.21,999.1,2026-07-28 04:39:00+00:00
1785213720000,46.2,46.27,46.2,46.27,662.2,2026-07-28 04:42:00+00:00
1785213900000,46.28,46.33,46.28,46.33,439.9,2026-07-28 04:45:00+00:00
1785214080000,46.32,46.35,46.3,46.34,827.3,2026-07-28 04:48:00+00:00
1785214260000,46.35,46.35,46.32,46.32,1169.9,2026-07-28 04:51:00+00:00
1785214440000,46.33,46.36,46.32,46.36,439.9,2026-07-28 04:54:00+00:00
1785214620000,46.35,46.37,46.28,46.29,1458.9,2026-07-28 04:57:00+00:00
1785214800000,46.29,46.37,46.29,46.37,916.3,2026-07-28 05:00:00+00:00
1785214980000,46.36,46.39,46.36,46.37,530.7,2026-07-28 05:03:00+00:00
1785215160000,46.36,46.38,46.36,46.36,262.8,2026-07-28 05:06:00+00:00
1785215340000,46.35,46.37,46.32,46.33,524.8,2026-07-28 05:09:00+00:00
1785215520000,46.33,46.33,46.29,46.29,236.7,2026-07-28 05:12:00+00:00
1785215700000,46.29,46.33,46.29,46.32,536,2026-07-28 05:15:00+00:00
1785215880000,46.31,46.34,46.29,46.33,223.8,2026-07-28 05:18:00+00:00
1785216060000,46.33,46.34,46.28,46.28,407.5,2026-07-28 05:21:00+00:00
1785216240000,46.28,46.28,46.26,46.26,363.5,2026-07-28 05:24:00+00:00
1785216420000,46.25,46.25,46.23,46.24,580.7,2026-07-28 05:27:00+00:00
1785216600000,46.24,46.26,46.23,46.26,864.6,2026-07-28 05:30:00+00:00
1785216780000,46.26,46.27,46.23,46.23,453.1,2026-07-28 05:33:00+00:00
1785216960000,46.24,46.24,46.22,46.23,488.2,2026-07-28 05:36:00+00:00
1785217140000,46.22,46.28,46.22,46.28,1239.1,2026-07-28 05:39:00+00:00
1785217320000,46.28,46.31,46.25,46.31,580.9,2026-07-28 05:42:00+00:00
1785217500000,46.31,46.32,46.26,46.26,1139,2026-07-28 05:45:00+00:00
1785217680000,46.25,46.25,46.24,46.25,103.2,2026-07-28 05:48:00+00:00
1785217860000,46.25,46.26,46.24,46.24,72.4,2026-07-28 05:51:00+00:00
1785218040000,46.23,46.23,46.21,46.21,220.3,2026-07-28 05:54:00+00:00
1785218220000,46.21,46.21,46.19,46.19,90.5,2026-07-28 05:57:00+00:00
1785218400000,46.19,46.2,46.17,46.17,203.8,2026-07-28 06:00:00+00:00
1785218580000,46.17,46.17,46.13,46.13,457.9,2026-07-28 06:03:00+00:00
1785218760000,46.14,46.15,46.14,46.14,277.4,2026-07-28 06:06:00+00:00
1785218940000,46.14,46.2,46.13,46.16,1228.5,2026-07-28 06:09:00+00:00
1785219120000,46.16,46.17,46.15,46.16,2309.3,2026-07-28 06:12:00+00:00
1785219300000,46.17,46.17,46.14,46.14,1062.8,2026-07-28 06:15:00+00:00
1785219480000,46.13,46.15,46.07,46.15,3492.8,2026-07-28 06:18:00+00:00
1785219660000,46.15,46.22,46.15,46.19,591.4,2026-07-28 06:21:00+00:00
1785219840000,46.19,46.19,46.17,46.18,117,2026-07-28 06:24:00+00:00
1785220020000,46.18,46.22,46.18,46.22,84.9,2026-07-28 06:27:00+00:00
1785220200000,46.22,46.22,46.22,46.22,42.3,2026-07-28 06:30:00+00:00
1785220380000,46.22,46.27,46.22,46.27,299.1,2026-07-28 06:33:00+00:00
1785220560000,46.26,46.29,46.26,46.28,256.5,2026-07-28 06:36:00+00:00
1785220740000,46.28,46.31,46.28,46.31,104,2026-07-28 06:39:00+00:00
1785220920000,46.31,46.37,46.31,46.34,2026.3,2026-07-28 06:42:00+00:00
1785221100000,46.34,46.37,46.31,46.31,666.8,2026-07-28 06:45:00+00:00
1785221280000,46.31,46.34,46.31,46.33,1210,2026-07-28 06:48:00+00:00
1785221460000,46.34,46.35,46.34,46.35,482.6,2026-07-28 06:51:00+00:00
1785221640000,46.34,46.37,46.34,46.36,546.3,2026-07-28 06:54:00+00:00
1785221820000,46.35,46.41,46.35,46.41,2053,2026-07-28 06:57:00+00:00
1785222000000,46.41,46.43,46.4,46.42,1859.6,2026-07-28 07:00:00+00:00
1785222180000,46.41,46.45,46.4,46.4,2903.5,2026-07-28 07:03:00+00:00
1785222360000,46.4,46.42,46.38,46.4,1174.5,2026-07-28 07:06:00+00:00
1785222540000,46.39,46.42,46.37,46.42,1134.5,2026-07-28 07:09:00+00:00
1785222720000,46.42,46.42,46.4,46.42,1210.5,2026-07-28 07:12:00+00:00
1785222900000,46.42,46.42,46.4,46.4,51.3,2026-07-28 07:15:00+00:00
1785223080000,46.4,46.42,46.4,46.42,119.8,2026-07-28 07:18:00+00:00
1785223260000,46.41,46.41,46.4,46.4,219.7,2026-07-28 07:21:00+00:00
1785223440000,46.4,46.41,46.4,46.41,113.8,2026-07-28 07:24:00+00:00
1785223620000,46.42,46.43,46.41,46.41,164,2026-07-28 07:27:00+00:00
1785223800000,46.41,46.41,46.37,46.4,957.5,2026-07-28 07:30:00+00:00
1785223980000,46.4,46.41,46.38,46.39,486.2,2026-07-28 07:33:00+00:00
1785224160000,46.38,46.38,46.32,46.36,263.7,2026-07-28 07:36:00+00:00
1785224340000,46.36,46.36,46.32,46.32,191.7,2026-07-28 07:39:00+00:00
1785224520000,46.32,46.35,46.32,46.32,902,2026-07-28 07:42:00+00:00
1785224700000,46.32,46.33,46.3,46.31,576.9,2026-07-28 07:45:00+00:00
1785224880000,46.31,46.31,46.3,46.31,511.1,2026-07-28 07:48:00+00:00
1785225060000,46.32,46.35,46.32,46.35,739.8,2026-07-28 07:51:00+00:00
1785225240000,46.36,46.4,46.36,46.39,167.3,2026-07-28 07:54:00+00:00
1785225420000,46.39,46.43,46.39,46.41,2482.8,2026-07-28 07:57:00+00:00
1785225600000,46.41,46.43,46.36,46.43,811.3,2026-07-28 08:00:00+00:00
1785225780000,46.42,46.44,46.42,46.43,436.9,2026-07-28 08:03:00+00:00
1785225960000,46.43,46.45,46.38,46.38,546.9,2026-07-28 08:06:00+00:00
1785226140000,46.38,46.38,46.32,46.33,1368.2,2026-07-28 08:09:00+00:00
1785226320000,46.33,46.35,46.33,46.34,370.9,2026-07-28 08:12:00+00:00
1785226500000,46.35,46.38,46.34,46.34,482.4,2026-07-28 08:15:00+00:00
1785226680000,46.33,46.38,46.33,46.38,115.3,2026-07-28 08:18:00+00:00
1785226860000,46.38,46.38,46.34,46.36,96.7,2026-07-28 08:21:00+00:00
1785227040000,46.37,46.38,46.37,46.38,42.7,2026-07-28 08:24:00+00:00
1785227220000,46.37,46.4,46.37,46.38,352.4,2026-07-28 08:27:00+00:00
1785227400000,46.38,46.38,46.37,46.37,33.7,2026-07-28 08:30:00+00:00
1785227580000,46.36,46.37,46.34,46.37,200.3,2026-07-28 08:33:00+00:00
1785227760000,46.37,46.37,46.3,46.33,605.9,2026-07-28 08:36:00+00:00
1785227940000,46.34,46.37,46.33,46.35,540.8,2026-07-28 08:39:00+00:00
1785228120000,46.34,46.34,46.31,46.33,489.6,2026-07-28 08:42:00+00:00
1785228300000,46.33,46.35,46.33,46.35,65.4,2026-07-28 08:45:00+00:00
1785228480000,46.34,46.34,46.3,46.3,253.2,2026-07-28 08:48:00+00:00
1785228660000,46.3,46.3,46.24,46.24,1135.6,2026-07-28 08:51:00+00:00
1785228840000,46.24,46.25,46.23,46.25,556,2026-07-28 08:54:00+00:00
1785229020000,46.26,46.27,46.23,46.23,662.8,2026-07-28 08:57:00+00:00
1785229200000,46.23,46.25,46.22,46.23,341.7,2026-07-28 09:00:00+00:00
1785229380000,46.23,46.29,46.23,46.23,651.1,2026-07-28 09:03:00+00:00
1785229560000,46.24,46.3,46.24,46.28,253.3,2026-07-28 09:06:00+00:00
1785229740000,46.28,46.28,46.25,46.25,185.5,2026-07-28 09:09:00+00:00
1785229920000,46.25,46.27,46.25,46.27,227.1,2026-07-28 09:12:00+00:00
1785230100000,46.26,46.26,46.26,46.26,78.6,2026-07-28 09:15:00+00:00
1785230280000,46.25,46.3,46.24,46.3,482.1,2026-07-28 09:18:00+00:00
1785230460000,46.31,46.34,46.31,46.33,382,2026-07-28 09:21:00+00:00
1785230640000,46.33,46.36,46.33,46.34,150.3,2026-07-28 09:24:00+00:00
1785230820000,46.34,46.38,46.34,46.37,774.6,2026-07-28 09:27:00+00:00
1785231000000,46.37,46.42,46.37,46.42,191.8,2026-07-28 09:30:00+00:00
1785231180000,46.41,46.42,46.41,46.41,75.8,2026-07-28 09:33:00+00:00
1785231360000,46.41,46.42,46.4,46.42,339.4,2026-07-28 09:36:00+00:00
1785231540000,46.43,46.45,46.33,46.35,727.5,2026-07-28 09:39:00+00:00
1785231720000,46.35,46.38,46.34,46.38,346.6,2026-07-28 09:42:00+00:00
1785231900000,46.39,46.49,46.39,46.49,2883.8,2026-07-28 09:45:00+00:00
1785232080000,46.48,46.51,46.46,46.5,1639.8,2026-07-28 09:48:00+00:00
1785232260000,46.51,46.51,46.48,46.48,602.8,2026-07-28 09:51:00+00:00
1785232440000,46.47,46.47,46.41,46.44,1262.4,2026-07-28 09:54:00+00:00
1785232620000,46.44,46.47,46.42,46.45,640.9,2026-07-28 09:57:00+00:00
1785232800000,46.45,46.47,46.45,46.45,160,2026-07-28 10:00:00+00:00
1785232980000,46.45,46.46,46.45,46.46,235.4,2026-07-28 10:03:00+00:00
1785233160000,46.45,46.45,46.43,46.43,377,2026-07-28 10:06:00+00:00
1785233340000,46.42,46.44,46.39,46.42,695.3,2026-07-28 10:09:00+00:00
1785233520000,46.43,46.44,46.42,46.43,24.3,2026-07-28 10:12:00+00:00
1785233700000,46.44,46.5,46.44,46.49,828.4,2026-07-28 10:15:00+00:00
1785233880000,46.49,46.53,46.49,46.53,326.2,2026-07-28 10:18:00+00:00
1785234060000,46.53,46.53,46.46,46.48,641.5,2026-07-28 10:21:00+00:00
1785234240000,46.49,46.49,46.42,46.43,536,2026-07-28 10:24:00+00:00
1785234420000,46.43,46.45,46.42,46.45,182.9,2026-07-28 10:27:00+00:00
1785234600000,46.46,46.56,46.46,46.49,3774.8,2026-07-28 10:30:00+00:00
1785234780000,46.48,46.5,46.47,46.47,612.2,2026-07-28 10:33:00+00:00
1785234960000,46.47,46.49,46.45,46.47,433.1,2026-07-28 10:36:00+00:00
1785235140000,46.47,46.5,46.46,46.48,410.9,2026-07-28 10:39:00+00:00
1785235320000,46.48,46.5,46.48,46.5,294.5,2026-07-28 10:42:00+00:00
1785235500000,46.5,46.51,46.5,46.51,170.6,2026-07-28 10:45:00+00:00
1785235680000,46.52,46.52,46.51,46.51,222.3,2026-07-28 10:48:00+00:00
1785235860000,46.52,46.53,46.49,46.51,359.4,2026-07-28 10:51:00+00:00
1785236040000,46.51,46.52,46.51,46.52,19.8,2026-07-28 10:54:00+00:00
1785236220000,46.51,46.51,46.49,46.5,177.2,2026-07-28 10:57:00+00:00
1785236400000,46.5,46.51,46.46,46.46,265.2,2026-07-28 11:00:00+00:00
1785236580000,46.46,46.46,46.43,46.45,653.4,2026-07-28 11:03:00+00:00
1785236760000,46.45,46.45,46.42,46.43,152.9,2026-07-28 11:06:00+00:00
1785236940000,46.43,46.46,46.41,46.41,462.4,2026-07-28 11:09:00+00:00
