stream_key_repeat,venue_repeat,symbol_repeat,asset_repeat,timeframe_min_repeat,local_i_repeat,signal_i_repeat,signal_bar_open_repeat,side_repeat,base_asset_repeat,scheduled_open_utc_repeat,v9_bundle_allowed_repeat,v9_bundle_reasons_repeat,v8_repeat,v9_repeat,strategy_version_repeat,asset_type_repeat,signal_atr_pct_repeat,reference_price_repeat,reference_initial_stop_repeat,reference_initial_risk_repeat,reference_cost_r_repeat,risk_basis_repeat,available_at_repeat,event_key,reference_risk_fraction_repeat,atr_fraction_repeat,risk_atr_repeat,volume_ratio_repeat,expansion_repeat,body_fraction_repeat,close_location_repeat,rope_width_atr_repeat,past_width_atr_repeat,rope_distance_atr_repeat,breakout20_atr_repeat,momentum20_atr_repeat,momentum60_atr_repeat,trend_slope20_atr_repeat,trend_alignment_repeat,atr_relative100_repeat,volatility_ratio20_100_repeat,efficiency20_repeat,prior_range20_atr_repeat,volume_trend20_repeat,entry_i_repeat,entry_time_repeat,valid_entry_repeat,censored_repeat,label_gt10_repeat,entry_price_repeat,initial_stop_repeat,initial_risk_repeat,initial_risk_frac_repeat,exit_i_repeat,exit_time_repeat,exit_price_repeat,exit_reason_repeat,gross_return_repeat,net_return_repeat,gross_r_repeat,net_r_repeat,mfe_r_repeat,exit_time_precision_repeat,quarter_repeat,bucket_repeat,cohort_repeat,pair_id_repeat,episode_id_repeat,repeat_repeat,visual_id_repeat,sheet_no_repeat,sheet_position_repeat,class_repeat,reason_repeat,reviewer_repeat,stream_key_original,venue_original,symbol_original,asset_original,timeframe_min_original,local_i_original,signal_i_original,signal_bar_open_original,side_original,base_asset_original,scheduled_open_utc_original,v9_bundle_allowed_original,v9_bundle_reasons_original,v8_original,v9_original,strategy_version_original,asset_type_original,signal_atr_pct_original,reference_price_original,reference_initial_stop_original,reference_initial_risk_original,reference_cost_r_original,risk_basis_original,available_at_original,reference_risk_fraction_original,atr_fraction_original,risk_atr_original,volume_ratio_original,expansion_original,body_fraction_original,close_location_original,rope_width_atr_original,past_width_atr_original,rope_distance_atr_original,breakout20_atr_original,momentum20_atr_original,momentum60_atr_original,trend_slope20_atr_original,trend_alignment_original,atr_relative100_original,volatility_ratio20_100_original,efficiency20_original,prior_range20_atr_original,volume_trend20_original,entry_i_original,entry_time_original,valid_entry_original,censored_original,label_gt10_original,entry_price_original,initial_stop_original,initial_risk_original,initial_risk_frac_original,exit_i_original,exit_time_original,exit_price_original,exit_reason_original,gross_return_original,net_return_original,gross_r_original,net_r_original,mfe_r_original,exit_time_precision_original,quarter_original,bucket_original,cohort_original,pair_id_original,episode_id_original,repeat_original,visual_id_original,sheet_no_original,sheet_position_original,class_original,reason_original,reviewer_original,same_reader
okx_30m_843d0b813938bedd,okx,JELLYJELLY-USDT-SWAP,JELLYJELLY,30,9029,9029,2025-09-30 18:30:00+00:00,1,JELLYJELLY,2025-09-30 19:00:00+00:00,True,passed,True,True,spike-v9-entry-bundle-20260915-v1,unknown,0.0167492240032085,0.05011,0.04765,0.0024599999999999,0.040739837398374,confirmation_close_reference_not_fill,2025-09-30 19:00:00+00:00,okx_30m_843d0b813938bedd:9029:1,0.0490919976052683,0.0167492240032085,2.931001316590193,2.3653603707583857,1.4239511942929854,-0.4655172413793088,0.4827586206896589,0.4468472921183876,0.3492604626902176,1.2854420022769082,-3.2407819435468843,1.8110252037467889,2.513988934148503,0.0974466810915563,1.0,1.989785576213146,1.426088151647671,0.2082191780821912,6.31475893411709,1.214446792265213,9030,2025-09-30 19:00:00+00:00,True,False,True,0.05012,0.04765,0.0024699999999999,0.0492817238627293,9240,2025-10-05 04:00:00+00:00,0.08941,trailing_stop,0.7839185953711094,0.7819185953711094,15.906882591093163,15.866299595141747,28.23076923076931,bar_open_or_intrabar_window,2025Q3,2,winner_gt10,P0372,JELLYJELLY:2,True,V0037,5,5,D,Compact bundle but sharp spike and long upper wick,astra,okx_30m_843d0b813938bedd,okx,JELLYJELLY-USDT-SWAP,JELLYJELLY,30,9029,9029,2025-09-30 18:30:00+00:00,1,JELLYJELLY,2025-09-30 19:00:00+00:00,True,passed,True,True,spike-v9-entry-bundle-20260915-v1,unknown,0.0167492240032085,0.05011,0.04765,0.0024599999999999,0.040739837398374,confirmation_close_reference_not_fill,2025-09-30 19:00:00+00:00,0.0490919976052683,0.0167492240032085,2.931001316590193,2.3653603707583857,1.4239511942929854,-0.4655172413793088,0.4827586206896589,0.4468472921183876,0.3492604626902176,1.2854420022769082,-3.2407819435468843,1.8110252037467889,2.513988934148503,0.0974466810915563,1.0,1.989785576213146,1.426088151647671,0.2082191780821912,6.31475893411709,1.214446792265213,9030,2025-09-30 19:00:00+00:00,True,False,True,0.05012,0.04765,0.0024699999999999,0.0492817238627293,9240,2025-10-05 04:00:00+00:00,0.08941,trailing_stop,0.7839185953711094,0.7819185953711094,15.906882591093163,15.866299595141747,28.23076923076931,bar_open_or_intrabar_window,2025Q3,2,winner_gt10,P0372,JELLYJELLY:2,False,V0594,75,2,D,compact lines with endpoint spike,budget-mapper-luna-max,False
binance_30m_7a6ba8888a359cb1,binance,SKYAIUSDT,SKYAI,30,14451,14451,2026-03-10 11:30:00+00:00,1,SKYAI,2026-03-10 12:00:00+00:00,True,passed,True,True,spike-v9-entry-bundle-20260915-v1,unknown,0.0114895393988261,0.04483,0.04306,0.00177,0.0506553672316384,confirmation_close_reference_not_fill,2026-03-10 12:00:00+00:00,binance_30m_7a6ba8888a359cb1:14451:1,0.0394824894044167,0.0114895393988261,3.4363857447976063,6.605971405482967,2.569313024498721,0.5210084033613451,0.5462184873949604,2.819324764069819,2.747743284939529,1.9307828379667944,0.8542427840174893,3.805263310623343,5.164285921560247,1.38793792712448,1.0,1.1326406294862614,1.043924030087967,0.4049586776859502,3.397556527342268,1.01833102395412,14452,2026-03-10 12:00:00+00:00,True,False,False,0.04483,0.04306,0.00177,0.0394824894044167,14476,2026-03-11 00:00:00+00:00,0.04306,initial_stop,-0.0394824894044166,-0.0414824894044166,-0.9999999999999994,-1.050655367231638,0.6440677966101666,bar_open_or_intrabar_window,2026Q1,2,matched_nonwinner,P0112,SKYAI:6,True,V0052,7,4,N,Established rising stack with distant slow SMA,astra,binance_30m_7a6ba8888a359cb1,binance,SKYAIUSDT,SKYAI,30,14451,14451,2026-03-10 11:30:00+00:00,1,SKYAI,2026-03-10 12:00:00+00:00,True,passed,True,True,spike-v9-entry-bundle-20260915-v1,unknown,0.0114895393988261,0.04483,0.04306,0.00177,0.0506553672316384,confirmation_close_reference_not_fill,2026-03-10 12:00:00+00:00,0.0394824894044167,0.0114895393988261,3.4363857447976063,6.605971405482967,2.569313024498721,0.5210084033613451,0.5462184873949604,2.819324764069819,2.747743284939529,1.9307828379667944,0.8542427840174893,3.805263310623343,5.164285921560247,1.38793792712448,1.0,1.1326406294862614,1.043924030087967,0.4049586776859502,3.397556527342268,1.01833102395412,14452,2026-03-10 12:00:00+00:00,True,False,False,0.04483,0.04306,0.00177,0.0394824894044167,14476,2026-03-11 00:00:00+00:00,0.04306,initial_stop,-0.0394824894044166,-0.0414824894044166,-0.9999999999999994,-1.050655367231638,0.6440677966101666,bar_open_or_intrabar_window,2026Q1,2,matched_nonwinner,P0112,SKYAI:6,False,V0033,5,1,N,Established rise with separate fast-mid-slow tiers,astra,True
binance_30m_945f5a836eff0a10,binance,OMNIUSDT,OMNI,30,14656,21516,2025-07-09 20:00:00+00:00,1,OMNI,2025-07-09 20:30:00+00:00,True,passed,True,True,spike-v9-entry-bundle-20260915-v1,unknown,0.0080167875259339,1.505,1.462,0.0429999999999999,0.0700000000000001,confirmation_close_reference_not_fill,2025-07-09 20:30:00+00:00,binance_30m_945f5a836eff0a10:21516:1,0.0285714285714285,0.0080167875259339,3.563949833895601,2.1439046184601085,1.360244255966871,-0.3125000000000069,0.25,2.963994507080503,2.4379771422559084,2.244483341254108,-0.7459429884897881,3.398184725342317,5.967543907918213,1.2517582680084545,1.0,0.987478030771391,0.8036802076066252,0.3980582524271864,4.724305593768591,1.027093545557611,21517,2025-07-09 20:30:00+00:00,True,False,True,1.504,1.462,0.042,0.0279255319148936,21597,2025-07-11 12:30:00+00:00,3.79,trailing_stop,1.5199468085106385,1.517946808510639,54.42857142857138,54.35695238095234,94.3809523809523,bar_open_or_intrabar_window,2025Q3,1,winner_gt10,P0138,OMNI:1,True,V0067,9,3,N,Established trend with fast-mid-slow tiers,astra,binance_30m_945f5a836eff0a10,binance,OMNIUSDT,OMNI,30,14656,21516,2025-07-09 20:00:00+00:00,1,OMNI,2025-07-09 20:30:00+00:00,True,passed,True,True,spike-v9-entry-bundle-20260915-v1,unknown,0.0080167875259339,1.505,1.462,0.0429999999999999,0.0700000000000001,confirmation_close_reference_not_fill,2025-07-09 20:30:00+00:00,0.0285714285714285,0.0080167875259339,3.563949833895601,2.1439046184601085,1.360244255966871,-0.3125000000000069,0.25,2.963994507080503,2.4379771422559084,2.244483341254108,-0.7459429884897881,3.398184725342317,5.967543907918213,1.2517582680084545,1.0,0.987478030771391,0.8036802076066252,0.3980582524271864,4.724305593768591,1.027093545557611,21517,2025-07-09 20:30:00+00:00,True,False,True,1.504,1.462,0.042,0.0279255319148936,21597,2025-07-11 12:30:00+00:00,3.79,trailing_stop,1.5199468085106385,1.517946808510639,54.42857142857138,54.35695238095234,94.3809523809523,bar_open_or_intrabar_window,2025Q3,1,winner_gt10,P0138,OMNI:1,False,V0461,58,5,N,widely separated lines under extended rise,budget-mapper-luna-max,False
binance_30m_54988914cfaabd43,binance,ARIAUSDT,ARIA,30,8893,8893,2026-03-07 17:30:00+00:00,1,ARIA,2026-03-07 18:00:00+00:00,True,passed,True,True,spike-v9-entry-bundle-20260915-v1,unknown,0.0127589880371847,0.07796,0.07389,0.0040699999999999,0.0383095823095824,confirmation_close_reference_not_fill,2026-03-07 18:00:00+00:00,binance_30m_54988914cfaabd43:8893:1,0.0522062596203179,0.0127589880371847,4.091724160894903,2.253140429483807,2.192910697597665,0.7512437810945268,0.9054726368159224,1.9197105409379185,1.525134364129162,2.6480409885525,1.015391007986204,4.262631558278737,3.9409235161444927,0.9377098417254792,1.0,1.120122784267465,0.8774900510252568,0.4371134020618551,4.443592331979249,1.1337413847660385,8894,2026-03-07 18:00:00+00:00,True,False,True,0.07782,0.07389,0.0039299999999999,0.0505011565150345,9106,2026-03-12 04:00:00+00:00,0.13526,trailing_stop,0.7381135954767415,0.7361135954767415,14.615776081424984,14.576173027989867,19.384223918575117,bar_open_or_intrabar_window,2026Q1,2,winner_gt10,P0076,ARIA:3,True,V0071,9,7,N,Extended rising fast pair above lower slow group,astra,binance_30m_54988914cfaabd43,binance,ARIAUSDT,ARIA,30,8893,8893,2026-03-07 17:30:00+00:00,1,ARIA,2026-03-07 18:00:00+00:00,True,passed,True,True,spike-v9-entry-bundle-20260915-v1,unknown,0.0127589880371847,0.07796,0.07389,0.0040699999999999,0.0383095823095824,confirmation_close_reference_not_fill,2026-03-07 18:00:00+00:00,0.0522062596203179,0.0127589880371847,4.091724160894903,2.253140429483807,2.192910697597665,0.7512437810945268,0.9054726368159224,1.9197105409379185,1.525134364129162,2.6480409885525,1.015391007986204,4.262631558278737,3.9409235161444927,0.9377098417254792,1.0,1.120122784267465,0.8774900510252568,0.4371134020618551,4.443592331979249,1.1337413847660385,8894,2026-03-07 18:00:00+00:00,True,False,True,0.07782,0.07389,0.0039299999999999,0.0505011565150345,9106,2026-03-12 04:00:00+00:00,0.13526,trailing_stop,0.7381135954767415,0.7361135954767415,14.615776081424984,14.576173027989867,19.384223918575117,bar_open_or_intrabar_window,2026Q1,2,winner_gt10,P0076,ARIA:3,False,V0442,56,2,N,separated lines beneath extended rebound,budget-mapper-luna-max,False
binance_30m_2f9ade18c2b746f7,binance,GWEIUSDT,GWEI,30,7117,7117,2026-06-26 12:00:00+00:00,1,GWEI,2026-06-26 12:30:00+00:00,True,passed,True,True,spike-v9-entry-bundle-20260915-v1,unknown,0.0176353432577187,0.1299,0.12444,0.0054599999999999,0.0475824175824177,confirmation_close_reference_not_fill,2026-06-26 12:30:00+00:00,binance_30m_2f9ade18c2b746f7:7117:1,0.0420323325635102,0.0176353432577187,2.383414484723076,1.594213431269541,1.9055017529903768,0.7560975609756091,0.8780487804878045,1.221436521578411,0.9434047927750572,1.8804022498303172,0.8730455987996536,4.234271154178368,1.6151343577793718,0.4966992368226879,1.0,0.9338264514740602,0.5307189733459304,0.5606936416184978,3.666791514958601,1.0682038459604817,7118,2026-06-26 12:30:00+00:00,True,False,True,0.1298,0.12444,0.0053599999999999,0.0412942989214174,7268,2026-06-29 15:30:00+00:00,0.18545,trailing_stop,0.4287365177195685,0.4267365177195685,10.382462686567184,10.334029850746289,22.4253731343284,bar_open_or_intrabar_window,2026Q2,2,winner_gt10,P0044,GWEI:3,True,V0072,9,8,B,Partial fast-mid meeting with slow pair below,astra,binance_30m_2f9ade18c2b746f7,binance,GWEIUSDT,GWEI,30,7117,7117,2026-06-26 12:00:00+00:00,1,GWEI,2026-06-26 12:30:00+00:00,True,passed,True,True,spike-v9-entry-bundle-20260915-v1,unknown,0.0176353432577187,0.1299,0.12444,0.0054599999999999,0.0475824175824177,confirmation_close_reference_not_fill,2026-06-26 12:30:00+00:00,0.0420323325635102,0.0176353432577187,2.383414484723076,1.594213431269541,1.9055017529903768,0.7560975609756091,0.8780487804878045,1.221436521578411,0.9434047927750572,1.8804022498303172,0.8730455987996536,4.234271154178368,1.6151343577793718,0.4966992368226879,1.0,0.9338264514740602,0.5307189733459304,0.5606936416184978,3.666791514958601,1.0682038459604817,7118,2026-06-26 12:30:00+00:00,True,False,True,0.1298,0.12444,0.0053599999999999,0.0412942989214174,7268,2026-06-29 15:30:00+00:00,0.18545,trailing_stop,0.4287365177195685,0.4267365177195685,10.382462686567184,10.334029850746289,22.4253731343284,bar_open_or_intrabar_window,2026Q2,2,winner_gt10,P0044,GWEI:3,False,V0680,85,8,N,separated lines under rebound,budget-mapper-luna-max,False
okx_240m_2907048cd63583ec,okx,LQTY-USDT-SWAP,LQTY,240,464,1793,2024-11-06 08:00:00+00:00,1,LQTY,2024-11-06 12:00:00+00:00,True,passed,True,True,spike-v9-entry-bundle-20260915-v1,unknown,0.0319790222473498,0.9106,0.8008000000000001,0.1097999999999999,0.0165865209471767,confirmation_close_reference_not_fill,2024-11-06 12:00:00+00:00,okx_240m_2907048cd63583ec:1793:1,0.1205798374698,0.0319790222473498,3.7705917503400994,0.8164522439696628,1.01035904255793,0.2891156462585019,0.95238095238095,1.7126201722135264,1.911251776184595,1.176449809171838,-0.2266475915504997,2.32485484060132,1.3118087874589437,-0.8873874257943325,0.25,1.0578594244233344,1.226087364558874,0.2817311693716189,4.725258878386142,1.4269854578045045,1794,2024-11-06 12:00:00+00:00,True,False,True,0.9103,0.8008000000000001,0.1094999999999999,0.1202900142810061,1994,2024-12-09 20:00:00+00:00,2.1741,trailing_stop,1.3883335164231574,1.3863335164231576,11.541552511415532,11.524926027397273,17.98812785388129,bar_open_or_intrabar_window,2024Q4,3,winner_gt10,P0315,LQTY:1,True,V0076,10,4,N,Fast group far below slow-mid lines during sharp rebound,astra,okx_240m_2907048cd63583ec,okx,LQTY-USDT-SWAP,LQTY,240,464,1793,2024-11-06 08:00:00+00:00,1,LQTY,2024-11-06 12:00:00+00:00,True,passed,True,True,spike-v9-entry-bundle-20260915-v1,unknown,0.0319790222473498,0.9106,0.8008000000000001,0.1097999999999999,0.0165865209471767,confirmation_close_reference_not_fill,2024-11-06 12:00:00+00:00,0.1205798374698,0.0319790222473498,3.7705917503400994,0.8164522439696628,1.01035904255793,0.2891156462585019,0.95238095238095,1.7126201722135264,1.911251776184595,1.176449809171838,-0.2266475915504997,2.32485484060132,1.3118087874589437,-0.8873874257943325,0.25,1.0578594244233344,1.226087364558874,0.2817311693716189,4.725258878386142,1.4269854578045045,1794,2024-11-06 12:00:00+00:00,True,False,True,0.9103,0.8008000000000001,0.1094999999999999,0.1202900142810061,1994,2024-12-09 20:00:00+00:00,2.1741,trailing_stop,1.3883335164231574,1.3863335164231576,11.541552511415532,11.524926027397273,17.98812785388129,bar_open_or_intrabar_window,2024Q4,3,winner_gt10,P0315,LQTY:1,False,V0242,31,2,N,Fast pair far below overhead mid-slow group,astra,True
binance_30m_7a45c05822f546d7,binance,ZETAUSDT,ZETA,30,9030,19501,2025-03-14 15:00:00+00:00,1,ZETA,2025-03-14 15:30:00+00:00,True,passed,True,True,spike-v9-entry-bundle-20260915-v1,unknown,0.0092323257254582,0.2149,0.2092,0.0056999999999999,0.07540350877193,confirmation_close_reference_not_fill,2025-03-14 15:30:00+00:00,binance_30m_7a45c05822f546d7:19501:1,0.0265239646347137,0.0092323257254582,2.8729450653559065,1.9169737826939364,1.5740801356300809,0.8275862068965524,0.8275862068965524,1.1600985775603894,1.1156951192057531,1.5271971136891995,0.2520127250312208,2.570529795318462,0.9576483551186448,0.752591111453321,0.5,0.816896030354559,0.6543610604238878,0.3422818791946336,3.074555245380889,1.5827193171017224,19502,2025-03-14 15:30:00+00:00,True,False,False,0.215,0.2092,0.0057999999999999,0.0269767441860463,19510,2025-03-14 19:30:00+00:00,0.2092,initial_stop,-0.0269767441860463,-0.0289767441860463,-0.9999999999999986,-1.074137931034482,0.0689655172413816,bar_open_or_intrabar_window,2025Q1,1,matched_nonwinner,P0111,ZETA:2,True,V0081,11,1,B,Fast-slow meeting with mid SMA still below,astra,binance_30m_7a45c05822f546d7,binance,ZETAUSDT,ZETA,30,9030,19501,2025-03-14 15:00:00+00:00,1,ZETA,2025-03-14 15:30:00+00:00,True,passed,True,True,spike-v9-entry-bundle-20260915-v1,unknown,0.0092323257254582,0.2149,0.2092,0.0056999999999999,0.07540350877193,confirmation_close_reference_not_fill,2025-03-14 15:30:00+00:00,0.0265239646347137,0.0092323257254582,2.8729450653559065,1.9169737826939364,1.5740801356300809,0.8275862068965524,0.8275862068965524,1.1600985775603894,1.1156951192057531,1.5271971136891995,0.2520127250312208,2.570529795318462,0.9576483551186448,0.752591111453321,0.5,0.816896030354559,0.6543610604238878,0.3422818791946336,3.074555245380889,1.5827193171017224,19502,2025-03-14 15:30:00+00:00,True,False,False,0.215,0.2092,0.0057999999999999,0.0269767441860463,19510,2025-03-14 19:30:00+00:00,0.2092,initial_stop,-0.0269767441860463,-0.0289767441860463,-0.9999999999999986,-1.074137931034482,0.0689655172413816,bar_open_or_intrabar_window,2025Q1,1,matched_nonwinner,P0111,ZETA:2,False,V0632,79,8,D,compact recent core with late rise,budget-mapper-luna-max,False
binance_30m_d49a3e8178d20e4e,binance,TAOUSDT,TAO,30,17299,24446,2025-09-02 21:30:00+00:00,1,TAO,2025-09-02 22:00:00+00:00,True,passed,True,True,spike-v9-entry-bundle-20260915-v1,unknown,0.0087922092796737,323.8,312.58,11.220000000000027,0.0577183600713011,confirmation_close_reference_not_fill,2025-09-02 22:00:00+00:00,binance_30m_d49a3e8178d20e4e:24446:1,0.034651019147622,0.0087922092796737,3.9411049083794856,3.4103653768244504,2.173846635492217,0.9701754385964888,0.9701754385964888,1.001636411834941,1.1609396788273267,2.622224772561949,1.524455909301876,3.403681511782274,4.819247713276873,0.3051056185179166,0.5,1.1621447508100748,1.3617263800523902,0.2662819455894464,3.5968729288596832,0.9130001529895048,24447,2025-09-02 22:00:00+00:00,True,False,False,323.83,312.58,11.25,0.034740450236235,24530,2025-09-04 15:30:00+00:00,313.26,opposite_v6_next_open,-0.0326405830219559,-0.0346405830219559,-0.9395555555555548,-0.9971253333333324,0.4346666666666705,bar_open_or_intrabar_window,2025Q3,1,matched_nonwinner,P0180,TAO:2,True,V0107,14,3,B,Mid SMA below otherwise gathering lines,astra,binance_30m_d49a3e8178d20e4e,binance,TAOUSDT,TAO,30,17299,24446,2025-09-02 21:30:00+00:00,1,TAO,2025-09-02 22:00:00+00:00,True,passed,True,True,spike-v9-entry-bundle-20260915-v1,unknown,0.0087922092796737,323.8,312.58,11.220000000000027,0.0577183600713011,confirmation_close_reference_not_fill,2025-09-02 22:00:00+00:00,0.034651019147622,0.0087922092796737,3.9411049083794856,3.4103653768244504,2.173846635492217,0.9701754385964888,0.9701754385964888,1.001636411834941,1.1609396788273267,2.622224772561949,1.524455909301876,3.403681511782274,4.819247713276873,0.3051056185179166,0.5,1.1621447508100748,1.3617263800523902,0.2662819455894464,3.5968729288596832,0.9130001529895048,24447,2025-09-02 22:00:00+00:00,True,False,False,323.83,312.58,11.25,0.034740450236235,24530,2025-09-04 15:30:00+00:00,313.26,opposite_v6_next_open,-0.0326405830219559,-0.0346405830219559,-0.9395555555555548,-0.9971253333333324,0.4346666666666705,bar_open_or_intrabar_window,2025Q3,1,matched_nonwinner,P0180,TAO:2,False,V0392,49,8,B,Mid SMA below other converging lines amid wide reversal,astra,True
okx_30m_2d38917e9f4b41c4,okx,RSR-USDT-SWAP,RSR,30,34042,52018,2026-08-17 17:00:00+00:00,1,RSR,2026-08-17 17:30:00+00:00,True,passed,True,True,spike-v9-entry-bundle-20260915-v1,unknown,0.0045583760928089,0.001154,0.001143,1.100000000000016e-05,0.2098181818181788,confirmation_close_reference_not_fill,2026-08-17 17:30:00+00:00,okx_30m_2d38917e9f4b41c4:52018:1,0.0095320623916812,0.0045583760928089,2.0911092453995836,1.6757311065941511,1.3654412254943349,0.2857142857142901,0.4285714285714507,0.9858092849600684,1.241890913978373,1.437976431298538,-0.1901008404908525,2.6614117668721824,0.3802016809817462,0.2579684843225615,0.5,1.3254508577237576,1.1440378207380022,0.2333333333333347,5.322823533744324,1.5242176198062591,52019,2026-08-17 17:30:00+00:00,True,False,False,0.001155,0.001143,1.2000000000000077e-05,0.0103896103896104,52037,2026-08-18 02:30:00+00:00,0.001143,initial_stop,-0.0103896103896105,-0.0123896103896105,-1.0000000000000049,-1.192500000000004,1.2499999999999956,bar_open_or_intrabar_window,2026Q3,0,matched_nonwinner,P0339,RSR:3,True,V0108,14,4,B,Fast group stays below slow group during recovery,astra,okx_30m_2d38917e9f4b41c4,okx,RSR-USDT-SWAP,RSR,30,34042,52018,2026-08-17 17:00:00+00:00,1,RSR,2026-08-17 17:30:00+00:00,True,passed,True,True,spike-v9-entry-bundle-20260915-v1,unknown,0.0045583760928089,0.001154,0.001143,1.100000000000016e-05,0.2098181818181788,confirmation_close_reference_not_fill,2026-08-17 17:30:00+00:00,0.0095320623916812,0.0045583760928089,2.0911092453995836,1.6757311065941511,1.3654412254943349,0.2857142857142901,0.4285714285714507,0.9858092849600684,1.241890913978373,1.437976431298538,-0.1901008404908525,2.6614117668721824,0.3802016809817462,0.2579684843225615,0.5,1.3254508577237576,1.1440378207380022,0.2333333333333347,5.322823533744324,1.5242176198062591,52019,2026-08-17 17:30:00+00:00,True,False,False,0.001155,0.001143,1.2000000000000077e-05,0.0103896103896104,52037,2026-08-18 02:30:00+00:00,0.001143,initial_stop,-0.0103896103896105,-0.0123896103896105,-1.0000000000000049,-1.192500000000004,1.2499999999999956,bar_open_or_intrabar_window,2026Q3,0,matched_nonwinner,P0339,RSR:3,False,V0713,90,1,D,compact lines with endpoint rise,budget-mapper-luna-max,False
okx_60m_d567226c051c9c20,okx,WIF-USDT-SWAP,WIF,60,17129,20551,2026-08-19 17:00:00+00:00,1,WIF,2026-08-19 18:00:00+00:00,True,passed,True,True,spike-v9-entry-bundle-20260915-v1,unknown,0.0095832130299326,0.1402,0.1362,0.0039999999999999,0.0701000000000004,confirmation_close_reference_not_fill,2026-08-19 18:00:00+00:00,okx_60m_d567226c051c9c20:20551:1,0.0285306704707558,0.0095832130299326,2.9771508137867566,4.045180397812884,0.965166593098274,-0.3846153846153862,0.6153846153846138,0.576314277313641,0.7451826371810409,1.9182900087385084,-2.456149421374087,3.3492946655101243,2.60500696206343,0.2266550727984233,0.5,1.5258753863183012,1.0376560908363732,0.4205607476635501,6.103159168262877,4.061388939114249,20552,2026-08-19 18:00:00+00:00,True,False,True,0.1402,0.1362,0.0039999999999999,0.0285306704707558,20611,2026-08-22 05:00:00+00:00,0.1978,trailing_stop,0.4108416547788873,0.4088416547788873,14.400000000000087,14.329900000000086,22.350000000000136,bar_open_or_intrabar_window,2026Q3,1,winner_gt10,P0444,WIF:4,True,V0146,19,2,D,Tight recent core but extended multi-bar rise and large upper wick,astra,okx_60m_d567226c051c9c20,okx,WIF-USDT-SWAP,WIF,60,17129,20551,2026-08-19 17:00:00+00:00,1,WIF,2026-08-19 18:00:00+00:00,True,passed,True,True,spike-v9-entry-bundle-20260915-v1,unknown,0.0095832130299326,0.1402,0.1362,0.0039999999999999,0.0701000000000004,confirmation_close_reference_not_fill,2026-08-19 18:00:00+00:00,0.0285306704707558,0.0095832130299326,2.9771508137867566,4.045180397812884,0.965166593098274,-0.3846153846153862,0.6153846153846138,0.576314277313641,0.7451826371810409,1.9182900087385084,-2.456149421374087,3.3492946655101243,2.60500696206343,0.2266550727984233,0.5,1.5258753863183012,1.0376560908363732,0.4205607476635501,6.103159168262877,4.061388939114249,20552,2026-08-19 18:00:00+00:00,True,False,True,0.1402,0.1362,0.0039999999999999,0.0285306704707558,20611,2026-08-22 05:00:00+00:00,0.1978,trailing_stop,0.4108416547788873,0.4088416547788873,14.400000000000087,14.329900000000086,22.350000000000136,bar_open_or_intrabar_window,2026Q3,1,winner_gt10,P0444,WIF:4,False,V0083,11,3,D,Tight recent core but extended rising sequence and tall wicks,astra,True
binance_30m_0f1035d8987b9127,binance,COTIUSDT,COTI,30,34808,52784,2026-09-02 16:00:00+00:00,1,COTI,2026-09-02 16:30:00+00:00,True,passed,True,True,spike-v9-entry-bundle-20260915-v1,unknown,0.0116214297384544,0.013161,0.012855,0.000306,0.086019607843137,confirmation_close_reference_not_fill,2026-09-02 16:30:00+00:00,binance_30m_0f1035d8987b9127:52784:1,0.0232505128789606,0.0116214297384544,2.000658559422027,2.4329134340297953,1.8995930307633264,-0.9780219780219752,0.0219780219780248,1.0093736511942195,1.4778209716278046,0.697942160844138,-1.7849012637980717,2.3864064515981687,2.222953954913358,0.4899803488997555,0.5,1.1226746610355594,1.0187793166397443,0.2329291640076585,4.6289747061137,1.756596981110706,52785,2026-09-02 16:30:00+00:00,True,False,False,0.013168,0.012855,0.0003129999999999,0.0237697448359659,52789,2026-09-02 18:30:00+00:00,0.012855,initial_stop,-0.0237697448359659,-0.0257697448359659,-1.0000000000000016,-1.084140575079874,0.1884984025559112,bar_open_or_intrabar_window,2026Q3,2,matched_nonwinner,P0029,COTI:2,True,V0147,19,3,B,Slow SMA above partial fast-mid convergence,astra,binance_30m_0f1035d8987b9127,binance,COTIUSDT,COTI,30,34808,52784,2026-09-02 16:00:00+00:00,1,COTI,2026-09-02 16:30:00+00:00,True,passed,True,True,spike-v9-entry-bundle-20260915-v1,unknown,0.0116214297384544,0.013161,0.012855,0.000306,0.086019607843137,confirmation_close_reference_not_fill,2026-09-02 16:30:00+00:00,0.0232505128789606,0.0116214297384544,2.000658559422027,2.4329134340297953,1.8995930307633264,-0.9780219780219752,0.0219780219780248,1.0093736511942195,1.4778209716278046,0.697942160844138,-1.7849012637980717,2.3864064515981687,2.222953954913358,0.4899803488997555,0.5,1.1226746610355594,1.0187793166397443,0.2329291640076585,4.6289747061137,1.756596981110706,52785,2026-09-02 16:30:00+00:00,True,False,False,0.013168,0.012855,0.0003129999999999,0.0237697448359659,52789,2026-09-02 18:30:00+00:00,0.012855,initial_stop,-0.0237697448359659,-0.0257697448359659,-1.0000000000000016,-1.084140575079874,0.1884984025559112,bar_open_or_intrabar_window,2026Q3,2,matched_nonwinner,P0029,COTI:2,False,V0675,85,3,D,compact core with endpoint pullback,budget-mapper-luna-max,False
binance_30m_e6187acd2d2a5b94,binance,ORDIUSDT,ORDI,30,15892,30531,2025-08-04 14:00:00+00:00,1,ORDI,2025-08-04 14:30:00+00:00,True,passed,True,True,spike-v9-entry-bundle-20260915-v1,unknown,0.008388282377092,9.149,8.848,0.3009999999999984,0.0607906976744189,confirmation_close_reference_not_fill,2025-08-04 14:30:00+00:00,binance_30m_e6187acd2d2a5b94:30531:1,0.0328997704667175,0.008388282377092,3.9221105093654214,3.1195864659901833,1.4827541130118664,0.8272727272727118,0.936363636363624,2.5937212294388146,2.916270966472355,2.5420501094719348,0.96423979300014,2.6190837620679366,5.420591268757536,0.9568971120139914,0.75,1.1058039902261978,0.8134034799878243,0.278008298755186,2.749386436797683,0.9940309777618264,30532,2025-08-04 14:30:00+00:00,True,False,False,9.149,8.848,0.3009999999999984,0.0328997704667175,30582,2025-08-05 15:30:00+00:00,8.848,initial_stop,-0.0328997704667175,-0.0348997704667175,-1.0000000000000016,-1.0607906976744204,0.9634551495016694,bar_open_or_intrabar_window,2025Q3,1,matched_nonwinner,P0194,ORDI:2,True,V0151,19,7,B,Slow SMA detached below other converging lines,astra,binance_30m_e6187acd2d2a5b94,binance,ORDIUSDT,ORDI,30,15892,30531,2025-08-04 14:00:00+00:00,1,ORDI,2025-08-04 14:30:00+00:00,True,passed,True,True,spike-v9-entry-bundle-20260915-v1,unknown,0.008388282377092,9.149,8.848,0.3009999999999984,0.0607906976744189,confirmation_close_reference_not_fill,2025-08-04 14:30:00+00:00,0.0328997704667175,0.008388282377092,3.9221105093654214,3.1195864659901833,1.4827541130118664,0.8272727272727118,0.936363636363624,2.5937212294388146,2.916270966472355,2.5420501094719348,0.96423979300014,2.6190837620679366,5.420591268757536,0.9568971120139914,0.75,1.1058039902261978,0.8134034799878243,0.278008298755186,2.749386436797683,0.9940309777618264,30532,2025-08-04 14:30:00+00:00,True,False,False,9.149,8.848,0.3009999999999984,0.0328997704667175,30582,2025-08-05 15:30:00+00:00,8.848,initial_stop,-0.0328997704667175,-0.0348997704667175,-1.0000000000000016,-1.0607906976744204,0.9634551495016694,bar_open_or_intrabar_window,2025Q3,1,matched_nonwinner,P0194,ORDI:2,False,V0530,67,2,N,widely separated lines under rebound,budget-mapper-luna-max,False
binance_30m_22a8979e2c29faeb,binance,GALAUSDT,GALA,30,29823,47799,2026-05-21 19:30:00+00:00,1,GALA,2026-05-21 20:00:00+00:00,True,passed,True,True,spike-v9-entry-bundle-20260915-v1,unknown,0.0086351819569762,0.003434,0.003374,6.000000000000016e-05,0.1144666666666663,confirmation_close_reference_not_fill,2026-05-21 20:00:00+00:00,binance_30m_22a8979e2c29faeb:47799:1,0.017472335468841,0.0086351819569762,2.0233893803158844,0.7997919078519006,0.976317166919871,0.7241379310344905,0.7931034482758641,0.8791877597038831,0.7094235379656274,1.419888423680026,-0.7419094394491518,2.22572831834747,2.461790412717658,-0.0176473772260342,0.75,1.315163893840235,1.437201832581312,0.2115384615384608,5.159642919805489,1.183405574674932,47800,2026-05-21 20:00:00+00:00,True,False,False,0.003434,0.003374,6.000000000000016e-05,0.017472335468841,47809,2026-05-22 00:30:00+00:00,0.003374,initial_stop,-0.017472335468841,-0.019472335468841,-1.000000000000002,-1.1144666666666685,0.0833333333333369,bar_open_or_intrabar_window,2026Q2,1,matched_nonwinner,P0038,GALA:2,True,V0156,20,4,D,Recent bundle after deep dip followed by uneven multi-bar departure,astra,binance_30m_22a8979e2c29faeb,binance,GALAUSDT,GALA,30,29823,47799,2026-05-21 19:30:00+00:00,1,GALA,2026-05-21 20:00:00+00:00,True,passed,True,True,spike-v9-entry-bundle-20260915-v1,unknown,0.0086351819569762,0.003434,0.003374,6.000000000000016e-05,0.1144666666666663,confirmation_close_reference_not_fill,2026-05-21 20:00:00+00:00,0.017472335468841,0.0086351819569762,2.0233893803158844,0.7997919078519006,0.976317166919871,0.7241379310344905,0.7931034482758641,0.8791877597038831,0.7094235379656274,1.419888423680026,-0.7419094394491518,2.22572831834747,2.461790412717658,-0.0176473772260342,0.75,1.315163893840235,1.437201832581312,0.2115384615384608,5.159642919805489,1.183405574674932,47800,2026-05-21 20:00:00+00:00,True,False,False,0.003434,0.003374,6.000000000000016e-05,0.017472335468841,47809,2026-05-22 00:30:00+00:00,0.003374,initial_stop,-0.017472335468841,-0.019472335468841,-1.000000000000002,-1.1144666666666685,0.0833333333333369,bar_open_or_intrabar_window,2026Q2,1,matched_nonwinner,P0038,GALA:2,False,V0096,12,8,D,Recent six-line meeting after deep dip; uneven extended break,astra,True
binance_240m_7fe68b1c338ef8b9,binance,ETHUSDT,ETH,240,4368,6510,2026-08-19 00:00:00+00:00,1,ETH,2026-08-19 04:00:00+00:00,True,passed,True,True,spike-v9-entry-bundle-20260915-v1,unknown,0.0079159275122008,1911.21,1880.95,30.25999999999999,0.126319233311302,confirmation_close_reference_not_fill,2026-08-19 04:00:00+00:00,binance_240m_7fe68b1c338ef8b9:6510:1,0.0158329016696229,0.0079159275122008,2.000132220162395,1.2022713344605092,0.8654185198033358,-0.4447806354008978,0.4546142208774568,0.8342053693571789,0.6478453441898302,0.673822800356598,-0.7607905437564162,1.8203450543050992,-0.1229426942994664,0.3658208653173069,1.0,0.81893499309729,0.7571562601348271,0.2190233815810387,3.616233766195794,1.0789535741046226,6511,2026-08-19 04:00:00+00:00,True,False,True,1911.2,1880.95,30.25,0.0158277521975722,6596,2026-09-02 08:00:00+00:00,2378.33,trailing_stop,0.2444171201339471,0.2424171201339471,15.442314049586768,15.315953719008256,21.659504132231408,bar_open_or_intrabar_window,2026Q3,1,winner_gt10,P0010,ETH:2,True,V0191,24,7,D,Recent broad six-line meeting but choppy jump and retest,astra,binance_240m_7fe68b1c338ef8b9,binance,ETHUSDT,ETH,240,4368,6510,2026-08-19 00:00:00+00:00,1,ETH,2026-08-19 04:00:00+00:00,True,passed,True,True,spike-v9-entry-bundle-20260915-v1,unknown,0.0079159275122008,1911.21,1880.95,30.25999999999999,0.126319233311302,confirmation_close_reference_not_fill,2026-08-19 04:00:00+00:00,0.0158329016696229,0.0079159275122008,2.000132220162395,1.2022713344605092,0.8654185198033358,-0.4447806354008978,0.4546142208774568,0.8342053693571789,0.6478453441898302,0.673822800356598,-0.7607905437564162,1.8203450543050992,-0.1229426942994664,0.3658208653173069,1.0,0.81893499309729,0.7571562601348271,0.2190233815810387,3.616233766195794,1.0789535741046226,6511,2026-08-19 04:00:00+00:00,True,False,True,1911.2,1880.95,30.25,0.0158277521975722,6596,2026-09-02 08:00:00+00:00,2378.33,trailing_stop,0.2444171201339471,0.2424171201339471,15.442314049586768,15.315953719008256,21.659504132231408,bar_open_or_intrabar_window,2026Q3,1,winner_gt10,P0010,ETH:2,False,V0749,94,5,D,compact core with endpoint pullback,budget-mapper-luna-max,False
binance_60m_497b3649c9240b01,binance,BSVUSDT,BSV,60,5473,13164,2025-04-21 01:00:00+00:00,1,BSV,2025-04-21 02:00:00+00:00,True,passed,True,True,spike-v9-entry-bundle-20260915-v1,unknown,0.007277847994169,29.27,28.51,0.759999999999998,0.0770263157894738,confirmation_close_reference_not_fill,2025-04-21 02:00:00+00:00,binance_60m_497b3649c9240b01:13164:1,0.025965152032798,0.007277847994169,3.567696392340311,2.1985278542681637,0.9344731098329724,0.1500000000000062,0.4999999999999911,2.2781370902372995,2.5109944295424245,2.1533173760380246,-0.4224903622508267,1.9716216905038528,3.332979524423198,0.4094749413349178,1.0,1.058380689948871,1.031709377566777,0.1842105263157883,5.5862614564275965,0.8031667019699216,13165,2025-04-21 02:00:00+00:00,True,False,False,29.28,28.51,0.7699999999999996,0.0262978142076502,13187,2025-04-22 00:00:00+00:00,28.51,initial_stop,-0.0262978142076502,-0.0282978142076502,-0.999999999999998,-1.076051948051946,0.3246753246753248,bar_open_or_intrabar_window,2025Q2,1,matched_nonwinner,P0231,BSV:1,True,V0226,29,2,B,Slow pair isolated below fast-mid group,astra,binance_60m_497b3649c9240b01,binance,BSVUSDT,BSV,60,5473,13164,2025-04-21 01:00:00+00:00,1,BSV,2025-04-21 02:00:00+00:00,True,passed,True,True,spike-v9-entry-bundle-20260915-v1,unknown,0.007277847994169,29.27,28.51,0.759999999999998,0.0770263157894738,confirmation_close_reference_not_fill,2025-04-21 02:00:00+00:00,0.025965152032798,0.007277847994169,3.567696392340311,2.1985278542681637,0.9344731098329724,0.1500000000000062,0.4999999999999911,2.2781370902372995,2.5109944295424245,2.1533173760380246,-0.4224903622508267,1.9716216905038528,3.332979524423198,0.4094749413349178,1.0,1.058380689948871,1.031709377566777,0.1842105263157883,5.5862614564275965,0.8031667019699216,13165,2025-04-21 02:00:00+00:00,True,False,False,29.28,28.51,0.7699999999999996,0.0262978142076502,13187,2025-04-22 00:00:00+00:00,28.51,initial_stop,-0.0262978142076502,-0.0282978142076502,-0.999999999999998,-1.076051948051946,0.3246753246753248,bar_open_or_intrabar_window,2025Q2,1,matched_nonwinner,P0231,BSV:1,False,V0073,10,1,B,Slow purple pair detached below fast-mid cluster,astra,True
gate_30m_b2533ed6e9d64a96,gate,EDGEX_USDT,EDGEX,30,8020,8020,2026-09-02 16:30:00+00:00,1,EDGEX,2026-09-02 17:00:00+00:00,True,passed,True,True,spike-v9-entry-bundle-20260915-v1,unknown,0.0105741241786557,0.3926,0.378,0.0146,0.0537808219178082,confirmation_close_reference_not_fill,2026-09-02 17:00:00+00:00,gate_30m_b2533ed6e9d64a96:8020:1,0.0371879775853285,0.0105741241786557,3.5168848934452415,3.746967071057192,1.5523997671622,0.9661016949152578,0.9661016949152578,1.6189515653029758,1.5622274498135218,2.5830433818710765,0.9876183604880454,3.155561103022785,4.046826452731506,0.7481023595811975,1.0,1.3099734399383618,1.2549528568240604,0.2343470483005373,3.757767420393546,1.3448873483535528,8021,2026-09-02 17:00:00+00:00,True,False,True,0.3915,0.378,0.0135,0.0344827586206896,8209,2026-09-06 15:00:00+00:00,0.6078,trailing_stop,0.5524904214559387,0.5504904214559387,16.02222222222221,15.964222222222212,23.162962962962943,bar_open_or_intrabar_window,2026Q3,2,winner_gt10,P0307,EDGEX:2,True,V0257,33,1,B,Slow pair below fast-mid group in uneven advance,astra,gate_30m_b2533ed6e9d64a96,gate,EDGEX_USDT,EDGEX,30,8020,8020,2026-09-02 16:30:00+00:00,1,EDGEX,2026-09-02 17:00:00+00:00,True,passed,True,True,spike-v9-entry-bundle-20260915-v1,unknown,0.0105741241786557,0.3926,0.378,0.0146,0.0537808219178082,confirmation_close_reference_not_fill,2026-09-02 17:00:00+00:00,0.0371879775853285,0.0105741241786557,3.5168848934452415,3.746967071057192,1.5523997671622,0.9661016949152578,0.9661016949152578,1.6189515653029758,1.5622274498135218,2.5830433818710765,0.9876183604880454,3.155561103022785,4.046826452731506,0.7481023595811975,1.0,1.3099734399383618,1.2549528568240604,0.2343470483005373,3.757767420393546,1.3448873483535528,8021,2026-09-02 17:00:00+00:00,True,False,True,0.3915,0.378,0.0135,0.0344827586206896,8209,2026-09-06 15:00:00+00:00,0.6078,trailing_stop,0.5524904214559387,0.5504904214559387,16.02222222222221,15.964222222222212,23.162962962962943,bar_open_or_intrabar_window,2026Q3,2,winner_gt10,P0307,EDGEX:2,False,V0195,25,3,B,Fast group above isolated slow pair,astra,True
okx_30m_9a579cc9b39ad17b,okx,BIO-USDT-SWAP,BIO,30,26604,26604,2026-07-11 17:00:00+00:00,1,BIO,2026-07-11 17:30:00+00:00,True,passed,True,True,spike-v9-entry-bundle-20260915-v1,unknown,0.0063399043900879,0.02877,0.0284,0.0003699999999999,0.155513513513514,confirmation_close_reference_not_fill,2026-07-11 17:30:00+00:00,okx_30m_9a579cc9b39ad17b:26604:1,0.0128606187000347,0.0063399043900879,2.028519344888137,2.182392864628884,1.600994593971836,0.1785714285714343,0.3928571428571406,0.684631340599019,0.6922366560277592,0.6233981378727936,-1.8092199562515896,1.4254460261376132,0.0548248471591367,0.2015823604650009,0.75,0.966518180352834,1.0316507952749707,0.1604938271604944,4.495637467049406,1.9530346288118072,26605,2026-07-11 17:30:00+00:00,True,False,False,0.02877,0.0284,0.0003699999999999,0.0128606187000347,26618,2026-07-12 00:00:00+00:00,0.0284,initial_stop,-0.0128606187000347,-0.0148606187000347,-1.000000000000002,-1.1555135135135162,2.108108108108113,bar_open_or_intrabar_window,2026Q3,1,matched_nonwinner,P0380,BIO:5,True,V0277,35,5,D,Recent compact core but prior spike and uneven pullback,astra,okx_30m_9a579cc9b39ad17b,okx,BIO-USDT-SWAP,BIO,30,26604,26604,2026-07-11 17:00:00+00:00,1,BIO,2026-07-11 17:30:00+00:00,True,passed,True,True,spike-v9-entry-bundle-20260915-v1,unknown,0.0063399043900879,0.02877,0.0284,0.0003699999999999,0.155513513513514,confirmation_close_reference_not_fill,2026-07-11 17:30:00+00:00,0.0128606187000347,0.0063399043900879,2.028519344888137,2.182392864628884,1.600994593971836,0.1785714285714343,0.3928571428571406,0.684631340599019,0.6922366560277592,0.6233981378727936,-1.8092199562515896,1.4254460261376132,0.0548248471591367,0.2015823604650009,0.75,0.966518180352834,1.0316507952749707,0.1604938271604944,4.495637467049406,1.9530346288118072,26605,2026-07-11 17:30:00+00:00,True,False,False,0.02877,0.0284,0.0003699999999999,0.0128606187000347,26618,2026-07-12 00:00:00+00:00,0.0284,initial_stop,-0.0128606187000347,-0.0148606187000347,-1.000000000000002,-1.1555135135135162,2.108108108108113,bar_open_or_intrabar_window,2026Q3,1,matched_nonwinner,P0380,BIO:5,False,V0155,20,3,D,Recent six-line core with prior strong spike and pullback,astra,True
binance_30m_8abf745011ec4c00,binance,FLOCKUSDT,FLOCK,30,11411,11411,2026-05-05 00:30:00+00:00,1,FLOCK,2026-05-05 01:00:00+00:00,True,passed,True,True,spike-v9-entry-bundle-20260915-v1,unknown,0.0096560094216367,0.06,0.05877,0.0012299999999999,0.0975609756097564,confirmation_close_reference_not_fill,2026-05-05 01:00:00+00:00,binance_30m_8abf745011ec4c00:11411:1,0.0204999999999999,0.0096560094216367,2.1230302400145113,13.673257056543228,3.707783607131629,-0.2166666666666679,0.1944444444444427,0.6028197653049518,1.055015506453325,0.2817761680344418,-1.8296032962726851,0.6213747043944923,-0.8975412396809347,-0.2919175582332415,0.0,1.1370698388384228,1.1344914098634615,0.0821917808219174,3.745508634822374,1.077539713131579,11412,2026-05-05 01:00:00+00:00,True,False,True,0.05996,0.05877,0.0011899999999999,0.0198465643762507,11633,2026-05-09 15:30:00+00:00,0.07753,trailing_stop,0.2930286857905271,0.2910286857905271,14.764705882352986,14.66393277310929,21.46218487394965,bar_open_or_intrabar_window,2026Q2,1,winner_gt10,P0121,FLOCK:4,True,V0280,35,8,B,Fast pair below otherwise gathering slow-mid lines,astra,binance_30m_8abf745011ec4c00,binance,FLOCKUSDT,FLOCK,30,11411,11411,2026-05-05 00:30:00+00:00,1,FLOCK,2026-05-05 01:00:00+00:00,True,passed,True,True,spike-v9-entry-bundle-20260915-v1,unknown,0.0096560094216367,0.06,0.05877,0.0012299999999999,0.0975609756097564,confirmation_close_reference_not_fill,2026-05-05 01:00:00+00:00,0.0204999999999999,0.0096560094216367,2.1230302400145113,13.673257056543228,3.707783607131629,-0.2166666666666679,0.1944444444444427,0.6028197653049518,1.055015506453325,0.2817761680344418,-1.8296032962726851,0.6213747043944923,-0.8975412396809347,-0.2919175582332415,0.0,1.1370698388384228,1.1344914098634615,0.0821917808219174,3.745508634822374,1.077539713131579,11412,2026-05-05 01:00:00+00:00,True,False,True,0.05996,0.05877,0.0011899999999999,0.0198465643762507,11633,2026-05-09 15:30:00+00:00,0.07753,trailing_stop,0.2930286857905271,0.2910286857905271,14.764705882352986,14.66393277310929,21.46218487394965,bar_open_or_intrabar_window,2026Q2,1,winner_gt10,P0121,FLOCK:4,False,V0737,93,1,D,compact core with endpoint pullback,budget-mapper-luna-max,False
binance_240m_1f9883b64d622516,binance,PENGUUSDT,PENGU,240,1153,1153,2025-06-28 00:00:00+00:00,1,PENGU,2025-06-28 04:00:00+00:00,True,passed,True,True,spike-v9-entry-bundle-20260915-v1,unknown,0.0432804276480136,0.010901,0.0092529999999999,0.001648,0.0132293689320388,confirmation_close_reference_not_fill,2025-06-28 04:00:00+00:00,binance_240m_1f9883b64d622516:1153:1,0.1511787909366113,0.0432804276480136,3.493005941764291,5.2305044007268044,1.568151959201904,0.2165963431786211,0.760900140646976,1.0642590288474376,1.2858311110569904,2.3101938390843215,-0.3836371817107638,2.723612035902374,3.3467575133773124,0.4696183114547893,0.5,1.2053346827716953,0.8544000708526683,0.3725717599304142,4.404409191132401,2.5232742972634044,1154,2025-06-28 04:00:00+00:00,True,False,True,0.010902,0.0092529999999999,0.001649,0.1512566501559347,1349,2025-07-30 16:00:00+00:00,0.0348329999999999,trailing_stop,2.1951018161805167,2.193101816180517,14.512431776834433,14.49920921770769,21.6628259551243,bar_open_or_intrabar_window,2025Q2,3,winner_gt10,P0002,PENGU:3,True,V0290,37,2,B,Slow group overhead and mid SMA below rebound,astra,binance_240m_1f9883b64d622516,binance,PENGUUSDT,PENGU,240,1153,1153,2025-06-28 00:00:00+00:00,1,PENGU,2025-06-28 04:00:00+00:00,True,passed,True,True,spike-v9-entry-bundle-20260915-v1,unknown,0.0432804276480136,0.010901,0.0092529999999999,0.001648,0.0132293689320388,confirmation_close_reference_not_fill,2025-06-28 04:00:00+00:00,0.1511787909366113,0.0432804276480136,3.493005941764291,5.2305044007268044,1.568151959201904,0.2165963431786211,0.760900140646976,1.0642590288474376,1.2858311110569904,2.3101938390843215,-0.3836371817107638,2.723612035902374,3.3467575133773124,0.4696183114547893,0.5,1.2053346827716953,0.8544000708526683,0.3725717599304142,4.404409191132401,2.5232742972634044,1154,2025-06-28 04:00:00+00:00,True,False,True,0.010902,0.0092529999999999,0.001649,0.1512566501559347,1349,2025-07-30 16:00:00+00:00,0.0348329999999999,trailing_stop,2.1951018161805167,2.193101816180517,14.512431776834433,14.49920921770769,21.6628259551243,bar_open_or_intrabar_window,2025Q2,3,winner_gt10,P0002,PENGU:3,False,V0016,2,8,B,Slow lines above fast-mid rebound; no unified tight core,astra,True
binance_240m_202c113ee7c2739a,binance,IOTAUSDT,IOTA,240,496,2638,2024-11-11 16:00:00+00:00,1,IOTA,2024-11-11 20:00:00+00:00,True,passed,True,True,spike-v9-entry-bundle-20260915-v1,unknown,0.033152902135555,0.1433,0.13184,0.0114599999999999,0.0250087260034904,confirmation_close_reference_not_fill,2024-11-11 20:00:00+00:00,binance_240m_202c113ee7c2739a:2638:1,0.0799720865317515,0.033152902135555,2.4122197871173654,1.7234676371476814,1.3602086138246492,0.5714285714285746,0.6190476190476214,3.3380360776920366,2.820746956997499,2.519735867536617,0.3367846125120269,4.988622072834346,6.946182633060482,1.8394302286372703,1.0,1.8903162119121273,1.2954447048453843,0.5010570824524304,5.178063417372356,2.1826312936147683,2639,2024-11-11 20:00:00+00:00,True,False,True,0.1434,0.13184,0.0115599999999999,0.0806136680613667,2807,2024-12-09 20:00:00+00:00,0.38565,trailing_stop,1.6893305439330546,1.6873305439330548,20.9558823529412,20.93107266435989,42.102076124567525,bar_open_or_intrabar_window,2024Q4,3,winner_gt10,P0003,IOTA:1,True,V0293,37,5,N,Extended upward stack and distant slow group,astra,binance_240m_202c113ee7c2739a,binance,IOTAUSDT,IOTA,240,496,2638,2024-11-11 16:00:00+00:00,1,IOTA,2024-11-11 20:00:00+00:00,True,passed,True,True,spike-v9-entry-bundle-20260915-v1,unknown,0.033152902135555,0.1433,0.13184,0.0114599999999999,0.0250087260034904,confirmation_close_reference_not_fill,2024-11-11 20:00:00+00:00,0.0799720865317515,0.033152902135555,2.4122197871173654,1.7234676371476814,1.3602086138246492,0.5714285714285746,0.6190476190476214,3.3380360776920366,2.820746956997499,2.519735867536617,0.3367846125120269,4.988622072834346,6.946182633060482,1.8394302286372703,1.0,1.8903162119121273,1.2954447048453843,0.5010570824524304,5.178063417372356,2.1826312936147683,2639,2024-11-11 20:00:00+00:00,True,False,True,0.1434,0.13184,0.0115599999999999,0.0806136680613667,2807,2024-12-09 20:00:00+00:00,0.38565,trailing_stop,1.6893305439330546,1.6873305439330548,20.9558823529412,20.93107266435989,42.102076124567525,bar_open_or_intrabar_window,2024Q4,3,winner_gt10,P0003,IOTA:1,False,V0167,21,7,N,Established long rise with widely separated MA tiers,astra,True
binance_60m_fe943f347224ebc7,binance,IMXUSDT,IMX,60,8840,17768,2025-09-08 08:00:00+00:00,1,IMX,2025-09-08 09:00:00+00:00,True,passed,True,True,spike-v9-entry-bundle-20260915-v1,unknown,0.0100456480414504,0.5255,0.5149,0.0105999999999999,0.0991509433962269,confirmation_close_reference_not_fill,2025-09-08 09:00:00+00:00,binance_60m_fe943f347224ebc7:17768:1,0.0201712654614651,0.0100456480414504,2.0079605992798437,1.2400260000576355,1.6223826061609343,0.5432098765432052,0.5432098765432052,0.6992146969098232,0.4837157648219408,1.2822256680399036,-0.4735756130377124,1.2691826429410265,0.5682907356452424,0.0928949766133131,0.75,1.0764919679730467,0.9087926347205052,0.1381443298969064,4.356895639946858,0.9142209428543068,17769,2025-09-08 09:00:00+00:00,True,False,True,0.5255,0.5149,0.0105999999999999,0.0201712654614651,17934,2025-09-15 06:00:00+00:00,0.6368,trailing_stop,0.2117982873453854,0.2097982873453854,10.50000000000006,10.400849056603834,15.396226415094423,bar_open_or_intrabar_window,2025Q3,2,winner_gt10,P0286,IMX:3,True,V0319,40,7,D,Recent tight bundle after deep dip; multi-bar rebound already underway,astra,binance_60m_fe943f347224ebc7,binance,IMXUSDT,IMX,60,8840,17768,2025-09-08 08:00:00+00:00,1,IMX,2025-09-08 09:00:00+00:00,True,passed,True,True,spike-v9-entry-bundle-20260915-v1,unknown,0.0100456480414504,0.5255,0.5149,0.0105999999999999,0.0991509433962269,confirmation_close_reference_not_fill,2025-09-08 09:00:00+00:00,0.0201712654614651,0.0100456480414504,2.0079605992798437,1.2400260000576355,1.6223826061609343,0.5432098765432052,0.5432098765432052,0.6992146969098232,0.4837157648219408,1.2822256680399036,-0.4735756130377124,1.2691826429410265,0.5682907356452424,0.0928949766133131,0.75,1.0764919679730467,0.9087926347205052,0.1381443298969064,4.356895639946858,0.9142209428543068,17769,2025-09-08 09:00:00+00:00,True,False,True,0.5255,0.5149,0.0105999999999999,0.0201712654614651,17934,2025-09-15 06:00:00+00:00,0.6368,trailing_stop,0.2117982873453854,0.2097982873453854,10.50000000000006,10.400849056603834,15.396226415094423,bar_open_or_intrabar_window,2025Q3,2,winner_gt10,P0286,IMX:3,False,V0550,69,6,D,compact core with late rise already detached,budget-mapper-luna-max,False
binance_240m_ab188c930cd2584e,binance,FFUSDT,FF,240,1149,1149,2026-04-09 04:00:00+00:00,1,FF,2026-04-09 08:00:00+00:00,True,passed,True,True,spike-v9-entry-bundle-20260915-v1,unknown,0.0149086473318054,0.07278,0.07003,0.0027499999999999,0.0529309090909093,confirmation_close_reference_not_fill,2026-04-09 08:00:00+00:00,binance_240m_ab188c930cd2584e:1149:1,0.037785105798296,0.0149086473318054,2.534442257392938,3.1432517011071552,1.298991028549532,0.3043478260869608,1.0,0.7670342802729883,0.9013999236257436,1.584160121782391,0.2857007635606512,2.663468408678411,2.1473638035365696,0.3650672930825385,0.5,1.1786982683339629,1.1474751633632203,0.2451229855810018,3.6311645433193633,1.1340707809275523,1150,2026-04-09 08:00:00+00:00,True,False,True,0.07278,0.07003,0.0027499999999999,0.037785105798296,1160,2026-04-11 00:00:00+00:00,0.10179,trailing_stop,0.3985985160758452,0.3965985160758452,10.549090909090957,10.496160000000048,35.898181818181975,bar_open_or_intrabar_window,2026Q2,2,winner_gt10,P0014,FF:1,True,V0332,42,4,B,Slow pair overhead before noisy partial convergence,astra,binance_240m_ab188c930cd2584e,binance,FFUSDT,FF,240,1149,1149,2026-04-09 04:00:00+00:00,1,FF,2026-04-09 08:00:00+00:00,True,passed,True,True,spike-v9-entry-bundle-20260915-v1,unknown,0.0149086473318054,0.07278,0.07003,0.0027499999999999,0.0529309090909093,confirmation_close_reference_not_fill,2026-04-09 08:00:00+00:00,0.037785105798296,0.0149086473318054,2.534442257392938,3.1432517011071552,1.298991028549532,0.3043478260869608,1.0,0.7670342802729883,0.9013999236257436,1.584160121782391,0.2857007635606512,2.663468408678411,2.1473638035365696,0.3650672930825385,0.5,1.1786982683339629,1.1474751633632203,0.2451229855810018,3.6311645433193633,1.1340707809275523,1150,2026-04-09 08:00:00+00:00,True,False,True,0.07278,0.07003,0.0027499999999999,0.037785105798296,1160,2026-04-11 00:00:00+00:00,0.10179,trailing_stop,0.3985985160758452,0.3965985160758452,10.549090909090957,10.496160000000048,35.898181818181975,bar_open_or_intrabar_window,2026Q2,2,winner_gt10,P0014,FF:1,False,V0094,12,6,B,Slow pair overhead during noisy partial convergence,astra,True
okx_30m_3cea0ab12e672e3d,okx,BLUR-USDT-SWAP,BLUR,30,34107,52083,2026-08-19 01:30:00+00:00,1,BLUR,2026-08-19 02:00:00+00:00,True,passed,True,True,spike-v9-entry-bundle-20260915-v1,unknown,0.0041388616869152,0.01326,0.01307,0.0001899999999999,0.1395789473684229,confirmation_close_reference_not_fill,2026-08-19 02:00:00+00:00,okx_30m_3cea0ab12e672e3d:52083:1,0.0143288084464553,0.0041388616869152,3.462016740437362,4.166223363600232,1.7248031378407884,0.777777777777767,0.777777777777767,1.0081383454790531,1.212688636572526,2.2078929949798995,0.3644228147828702,1.4576912591315123,2.368748296088751,0.3425609470645275,0.75,0.9415148255379824,0.5544975872094342,0.1999999999999982,3.279805333045958,1.4394203430248556,52084,2026-08-19 02:00:00+00:00,True,False,True,0.01324,0.01307,0.0001699999999999,0.0128398791540784,52234,2026-08-22 05:00:00+00:00,0.01621,trailing_stop,0.224320241691843,0.222320241691843,17.470588235294308,17.314823529411953,24.588235294117904,bar_open_or_intrabar_window,2026Q3,0,winner_gt10,P0346,BLUR:4,True,V0353,45,1,P,Quiet candles settle along six-line bundle then fresh upward departure,astra,okx_30m_3cea0ab12e672e3d,okx,BLUR-USDT-SWAP,BLUR,30,34107,52083,2026-08-19 01:30:00+00:00,1,BLUR,2026-08-19 02:00:00+00:00,True,passed,True,True,spike-v9-entry-bundle-20260915-v1,unknown,0.0041388616869152,0.01326,0.01307,0.0001899999999999,0.1395789473684229,confirmation_close_reference_not_fill,2026-08-19 02:00:00+00:00,0.0143288084464553,0.0041388616869152,3.462016740437362,4.166223363600232,1.7248031378407884,0.777777777777767,0.777777777777767,1.0081383454790531,1.212688636572526,2.2078929949798995,0.3644228147828702,1.4576912591315123,2.368748296088751,0.3425609470645275,0.75,0.9415148255379824,0.5544975872094342,0.1999999999999982,3.279805333045958,1.4394203430248556,52084,2026-08-19 02:00:00+00:00,True,False,True,0.01324,0.01307,0.0001699999999999,0.0128398791540784,52234,2026-08-22 05:00:00+00:00,0.01621,trailing_stop,0.224320241691843,0.222320241691843,17.470588235294308,17.314823529411953,24.588235294117904,bar_open_or_intrabar_window,2026Q3,0,winner_gt10,P0346,BLUR:4,False,V0196,25,4,P,Six lines settle together with quiet touching candles then fresh upward break,astra,True
okx_60m_0c32a966d70108e0,okx,HBAR-USDT-SWAP,HBAR,60,16746,25674,2026-08-03 18:00:00+00:00,1,HBAR,2026-08-03 19:00:00+00:00,True,passed,True,True,spike-v9-entry-bundle-20260915-v1,unknown,0.0063940769800552,0.0706,0.06888,0.0017199999999999,0.0820930232558146,confirmation_close_reference_not_fill,2026-08-03 19:00:00+00:00,okx_60m_0c32a966d70108e0:25674:1,0.0243626062322944,0.0063940769800552,3.810183441376711,0.8962932519179584,0.7162049327836335,-0.2424242424242666,0.424242424242414,1.479030510286384,2.062782276949368,2.1243987908606106,-0.6424146499995642,1.617112739654071,2.0158528672400085,-0.0158465310126078,0.75,1.1353607398036032,1.0598027982748648,0.1563169164882198,5.449448410341135,2.4083424664683473,25675,2026-08-03 19:00:00+00:00,True,False,False,0.07062,0.06888,0.0017399999999999,0.0246389124893796,25704,2026-08-05 00:00:00+00:00,0.06935,opposite_v6_next_open,-0.0179835740583405,-0.0199835740583405,-0.7298850574712715,-0.8110574712643754,0.528735632183913,bar_open_or_intrabar_window,2026Q3,1,matched_nonwinner,P0419,HBAR:6,True,V0426,54,2,D,clustered lines with endpoint spike,budget-mapper-luna-max,okx_60m_0c32a966d70108e0,okx,HBAR-USDT-SWAP,HBAR,60,16746,25674,2026-08-03 18:00:00+00:00,1,HBAR,2026-08-03 19:00:00+00:00,True,passed,True,True,spike-v9-entry-bundle-20260915-v1,unknown,0.0063940769800552,0.0706,0.06888,0.0017199999999999,0.0820930232558146,confirmation_close_reference_not_fill,2026-08-03 19:00:00+00:00,0.0243626062322944,0.0063940769800552,3.810183441376711,0.8962932519179584,0.7162049327836335,-0.2424242424242666,0.424242424242414,1.479030510286384,2.062782276949368,2.1243987908606106,-0.6424146499995642,1.617112739654071,2.0158528672400085,-0.0158465310126078,0.75,1.1353607398036032,1.0598027982748648,0.1563169164882198,5.449448410341135,2.4083424664683473,25675,2026-08-03 19:00:00+00:00,True,False,False,0.07062,0.06888,0.0017399999999999,0.0246389124893796,25704,2026-08-05 00:00:00+00:00,0.06935,opposite_v6_next_open,-0.0179835740583405,-0.0199835740583405,-0.7298850574712715,-0.8110574712643754,0.528735632183913,bar_open_or_intrabar_window,2026Q3,1,matched_nonwinner,P0419,HBAR:6,False,V0769,97,1,D,compact core with endpoint rebound,budget-mapper-luna-max,True
binance_60m_5b35cd630d479043,binance,DOGSUSDT,DOGS,60,14488,14715,2026-05-01 16:00:00+00:00,1,DOGS,2026-05-01 17:00:00+00:00,True,passed,True,True,spike-v9-entry-bundle-20260915-v1,unknown,0.0113778430411602,3.268e-05,3.116e-05,1.519999999999999e-06,0.043,confirmation_close_reference_not_fill,2026-05-01 17:00:00+00:00,binance_60m_5b35cd630d479043:14715:1,0.0465116279069767,0.0113778430411602,4.087912598083593,3.520048743651746,1.4119629149012498,0.9400000000000038,0.9400000000000038,0.8386631888363683,0.5511217306387305,2.798772198603159,0.6723540457374316,4.518219187355546,2.6894161829497265,0.4362852403448339,0.5,0.8764468977914925,0.8904717676364992,0.42211055276382,4.087912598083593,1.8259331174723508,14716,2026-05-01 17:00:00+00:00,True,False,True,3.268e-05,3.116e-05,1.519999999999999e-06,0.0465116279069767,14826,2026-05-06 07:00:00+00:00,5.194e-05,trailing_stop,0.5893512851897185,0.5873512851897185,12.671052631578954,12.628052631578957,29.28947368421055,bar_open_or_intrabar_window,2026Q2,2,winner_gt10,P0235,DOGS:4,True,V0433,55,1,D,"compact recent core, late rise detached",budget-mapper-luna-max,binance_60m_5b35cd630d479043,binance,DOGSUSDT,DOGS,60,14488,14715,2026-05-01 16:00:00+00:00,1,DOGS,2026-05-01 17:00:00+00:00,True,passed,True,True,spike-v9-entry-bundle-20260915-v1,unknown,0.0113778430411602,3.268e-05,3.116e-05,1.519999999999999e-06,0.043,confirmation_close_reference_not_fill,2026-05-01 17:00:00+00:00,0.0465116279069767,0.0113778430411602,4.087912598083593,3.520048743651746,1.4119629149012498,0.9400000000000038,0.9400000000000038,0.8386631888363683,0.5511217306387305,2.798772198603159,0.6723540457374316,4.518219187355546,2.6894161829497265,0.4362852403448339,0.5,0.8764468977914925,0.8904717676364992,0.42211055276382,4.087912598083593,1.8259331174723508,14716,2026-05-01 17:00:00+00:00,True,False,True,3.268e-05,3.116e-05,1.519999999999999e-06,0.0465116279069767,14826,2026-05-06 07:00:00+00:00,5.194e-05,trailing_stop,0.5893512851897185,0.5873512851897185,12.671052631578954,12.628052631578957,29.28947368421055,bar_open_or_intrabar_window,2026Q2,2,winner_gt10,P0235,DOGS:4,False,V0077,10,5,D,Recent joint compression but five-bar upward run already extended,astra,False
binance_60m_9f2db32dbfabb107,binance,ALGOUSDT,ALGO,60,17124,26052,2026-08-19 12:00:00+00:00,1,ALGO,2026-08-19 13:00:00+00:00,True,passed,True,True,spike-v9-entry-bundle-20260915-v1,unknown,0.0074227358069277,0.07962,0.07843,0.0011899999999999,0.1338151260504205,confirmation_close_reference_not_fill,2026-08-19 13:00:00+00:00,binance_60m_9f2db32dbfabb107:26052:1,0.0149459934689776,0.0074227358069277,2.0135424266384887,3.3724000401727183,1.4494943606929755,-0.1204819277108472,0.0602409638554152,0.953306771674081,1.7761893640992892,1.3146075413548768,-0.8121851804928519,3.0626149514417302,1.8274166561088816,0.3002459877718566,0.5,1.3454077983061128,1.245009268940204,0.3094017094017076,4.602382689459416,1.581250326270842,26053,2026-08-19 13:00:00+00:00,True,False,True,0.07962,0.07843,0.0011899999999999,0.0149459934689776,26117,2026-08-22 05:00:00+00:00,0.09696,trailing_stop,0.2177844762622458,0.2157844762622458,14.571428571428624,14.437613445378204,21.210084033613505,bar_open_or_intrabar_window,2026Q3,1,winner_gt10,P0252,ALGO:10,True,V0448,56,8,D,compact lines with late step already detached,budget-mapper-luna-max,binance_60m_9f2db32dbfabb107,binance,ALGOUSDT,ALGO,60,17124,26052,2026-08-19 12:00:00+00:00,1,ALGO,2026-08-19 13:00:00+00:00,True,passed,True,True,spike-v9-entry-bundle-20260915-v1,unknown,0.0074227358069277,0.07962,0.07843,0.0011899999999999,0.1338151260504205,confirmation_close_reference_not_fill,2026-08-19 13:00:00+00:00,0.0149459934689776,0.0074227358069277,2.0135424266384887,3.3724000401727183,1.4494943606929755,-0.1204819277108472,0.0602409638554152,0.953306771674081,1.7761893640992892,1.3146075413548768,-0.8121851804928519,3.0626149514417302,1.8274166561088816,0.3002459877718566,0.5,1.3454077983061128,1.245009268940204,0.3094017094017076,4.602382689459416,1.581250326270842,26053,2026-08-19 13:00:00+00:00,True,False,True,0.07962,0.07843,0.0011899999999999,0.0149459934689776,26117,2026-08-22 05:00:00+00:00,0.09696,trailing_stop,0.2177844762622458,0.2157844762622458,14.571428571428624,14.437613445378204,21.210084033613505,bar_open_or_intrabar_window,2026Q3,1,winner_gt10,P0252,ALGO:10,False,V0419,53,3,D,"lines close, late rebound already detached",budget-mapper-luna-max,True
okx_60m_c63896bfba200aae,okx,BIO-USDT-SWAP,BIO,60,11171,11171,2026-04-13 22:00:00+00:00,1,BIO,2026-04-13 23:00:00+00:00,True,passed,True,True,spike-v9-entry-bundle-20260915-v1,unknown,0.0148135842617226,0.01882,0.01787,0.0009499999999999,0.0396210526315789,confirmation_close_reference_not_fill,2026-04-13 23:00:00+00:00,okx_60m_c63896bfba200aae:11171:1,0.0504782146652497,0.0148135842617226,3.407562530000396,1.4443157858806417,1.443176759098144,0.9230769230769258,0.9230769230769258,1.1295201034071842,1.3523844951685386,2.8961862258950513,0.9684651401053742,4.914063859053205,3.6945151641056935,0.3480049591698103,0.5,1.4298763980194595,1.1523532328279382,0.4581939799331098,4.34015859084261,0.9460436324659528,11172,2026-04-13 23:00:00+00:00,True,False,True,0.0188,0.01787,0.00093,0.0494680851063829,11247,2026-04-17 02:00:00+00:00,0.0337,trailing_stop,0.7925531914893618,0.7905531914893618,16.02150537634408,15.9810752688172,31.354838709677413,bar_open_or_intrabar_window,2026Q2,2,winner_gt10,P0439,BIO:3,True,V0465,59,1,N,separated lines through rebound,budget-mapper-luna-max,okx_60m_c63896bfba200aae,okx,BIO-USDT-SWAP,BIO,60,11171,11171,2026-04-13 22:00:00+00:00,1,BIO,2026-04-13 23:00:00+00:00,True,passed,True,True,spike-v9-entry-bundle-20260915-v1,unknown,0.0148135842617226,0.01882,0.01787,0.0009499999999999,0.0396210526315789,confirmation_close_reference_not_fill,2026-04-13 23:00:00+00:00,0.0504782146652497,0.0148135842617226,3.407562530000396,1.4443157858806417,1.443176759098144,0.9230769230769258,0.9230769230769258,1.1295201034071842,1.3523844951685386,2.8961862258950513,0.9684651401053742,4.914063859053205,3.6945151641056935,0.3480049591698103,0.5,1.4298763980194595,1.1523532328279382,0.4581939799331098,4.34015859084261,0.9460436324659528,11172,2026-04-13 23:00:00+00:00,True,False,True,0.0188,0.01787,0.00093,0.0494680851063829,11247,2026-04-17 02:00:00+00:00,0.0337,trailing_stop,0.7925531914893618,0.7905531914893618,16.02150537634408,15.9810752688172,31.354838709677413,bar_open_or_intrabar_window,2026Q2,2,winner_gt10,P0439,BIO:3,False,V0157,20,5,B,Slow SMA overhead before advancing rebound,astra,False
gate_240m_f616535f2c0cce59,gate,M_USDT,M,240,1181,1181,2026-01-20 04:00:00+00:00,1,M,2026-01-20 08:00:00+00:00,True,passed,True,True,spike-v9-entry-bundle-20260915-v1,unknown,0.027774154024721,1.63947,1.5471,0.0923699999999998,0.0354978889249757,confirmation_close_reference_not_fill,2026-01-20 08:00:00+00:00,gate_240m_f616535f2c0cce59:1181:1,0.05634137861626,0.027774154024721,2.028554265455285,3.2830339321357287,1.6861111861495484,-0.300040989206175,0.1057521519333252,0.9046286174625058,1.2078342609481092,0.4777508463296492,-1.340949696315905,0.103437161310971,-0.7682021024751111,-0.4219175680454946,0.5,0.8811223848099826,0.9021958252165132,0.0118966431764794,4.379937887868387,1.0059880239520955,1182,2026-01-20 08:00:00+00:00,True,False,False,1.63724,1.5471,0.0901399999999998,0.0550560699714152,1225,2026-01-27 12:00:00+00:00,1.5471,initial_stop,-0.0550560699714152,-0.0570560699714152,-0.9999999999999994,-1.0363266030619034,0.9195695584646107,bar_open_or_intrabar_window,2026Q1,3,matched_nonwinner,P0303,M:1,True,V0478,60,6,B,partial bundle with fast/slow spread,budget-mapper-luna-max,gate_240m_f616535f2c0cce59,gate,M_USDT,M,240,1181,1181,2026-01-20 04:00:00+00:00,1,M,2026-01-20 08:00:00+00:00,True,passed,True,True,spike-v9-entry-bundle-20260915-v1,unknown,0.027774154024721,1.63947,1.5471,0.0923699999999998,0.0354978889249757,confirmation_close_reference_not_fill,2026-01-20 08:00:00+00:00,0.05634137861626,0.027774154024721,2.028554265455285,3.2830339321357287,1.6861111861495484,-0.300040989206175,0.1057521519333252,0.9046286174625058,1.2078342609481092,0.4777508463296492,-1.340949696315905,0.103437161310971,-0.7682021024751111,-0.4219175680454946,0.5,0.8811223848099826,0.9021958252165132,0.0118966431764794,4.379937887868387,1.0059880239520955,1182,2026-01-20 08:00:00+00:00,True,False,False,1.63724,1.5471,0.0901399999999998,0.0550560699714152,1225,2026-01-27 12:00:00+00:00,1.5471,initial_stop,-0.0550560699714152,-0.0570560699714152,-0.9999999999999994,-1.0363266030619034,0.9195695584646107,bar_open_or_intrabar_window,2026Q1,3,matched_nonwinner,P0303,M:1,False,V0158,20,6,B,Mid SMA and slow group above lower fast pair,astra,False
okx_60m_c63896bfba200aae,okx,BIO-USDT-SWAP,BIO,60,12712,12712,2026-06-17 03:00:00+00:00,1,BIO,2026-06-17 04:00:00+00:00,True,passed,True,True,spike-v9-entry-bundle-20260915-v1,unknown,0.015610915821217,0.03289,0.03029,0.0026,0.0252999999999999,confirmation_close_reference_not_fill,2026-06-17 04:00:00+00:00,okx_60m_c63896bfba200aae:12712:1,0.0790513833992095,0.015610915821217,5.063853031080307,7.461557893803039,2.3740572113377625,0.9459459459459482,0.9909909909909944,1.3811983748235137,1.724870342953534,2.4147437627055424,2.064493928055827,3.6615552686273034,3.58364983737991,-0.7722077794242025,0.5,0.9511293463993238,1.0485452761727532,0.3643410852713178,3.7394606998746824,0.8479227508928602,12713,2026-06-17 04:00:00+00:00,True,False,False,0.0329,0.03029,0.0026099999999999,0.0793313069908814,12839,2026-06-22 10:00:00+00:00,0.03029,initial_stop,-0.0793313069908814,-0.0813313069908814,-1.0000000000000004,-1.025210727969349,2.222222222222224,bar_open_or_intrabar_window,2026Q2,2,matched_nonwinner,P0439,BIO:4,True,V0493,62,5,N,separated lines with large endpoint jump,budget-mapper-luna-max,okx_60m_c63896bfba200aae,okx,BIO-USDT-SWAP,BIO,60,12712,12712,2026-06-17 03:00:00+00:00,1,BIO,2026-06-17 04:00:00+00:00,True,passed,True,True,spike-v9-entry-bundle-20260915-v1,unknown,0.015610915821217,0.03289,0.03029,0.0026,0.0252999999999999,confirmation_close_reference_not_fill,2026-06-17 04:00:00+00:00,0.0790513833992095,0.015610915821217,5.063853031080307,7.461557893803039,2.3740572113377625,0.9459459459459482,0.9909909909909944,1.3811983748235137,1.724870342953534,2.4147437627055424,2.064493928055827,3.6615552686273034,3.58364983737991,-0.7722077794242025,0.5,0.9511293463993238,1.0485452761727532,0.3643410852713178,3.7394606998746824,0.8479227508928602,12713,2026-06-17 04:00:00+00:00,True,False,False,0.0329,0.03029,0.0026099999999999,0.0793313069908814,12839,2026-06-22 10:00:00+00:00,0.03029,initial_stop,-0.0793313069908814,-0.0813313069908814,-1.0000000000000004,-1.025210727969349,2.222222222222224,bar_open_or_intrabar_window,2026Q2,2,matched_nonwinner,P0439,BIO:4,False,V0386,49,2,N,Fast pair far below overhead slow-mid group during rebound,astra,False
binance_60m_eae066d41d3d3769,binance,PROMUSDT,PROM,60,10738,10738,2026-04-07 23:00:00+00:00,1,PROM,2026-04-08 00:00:00+00:00,True,passed,True,True,spike-v9-entry-bundle-20260915-v1,unknown,0.0095976850237323,1.038,0.989,0.049,0.0423673469387754,confirmation_close_reference_not_fill,2026-04-08 00:00:00+00:00,binance_60m_eae066d41d3d3769:10738:1,0.0472061657032755,0.0095976850237323,4.918494989838519,3.228707719546291,1.5665977733338543,0.4666666666666775,0.6666666666666716,1.657900862221062,1.6239769069282024,1.6445172023847905,0.8030195901777173,1.6060391803554346,1.806794077899864,-0.9310599174202112,0.5,0.9966821324812196,1.0857689638356938,0.1600000000000003,4.416607745977445,1.315836289488824,10739,2026-04-08 00:00:00+00:00,True,False,True,1.039,0.989,0.0499999999999999,0.0481231953801731,11140,2026-04-24 17:00:00+00:00,2.172,trailing_stop,1.090471607314726,1.0884716073147265,22.660000000000036,22.61844000000004,37.06000000000005,bar_open_or_intrabar_window,2026Q2,1,winner_gt10,P0279,PROM:2,True,V0506,64,2,B,fast/mid cluster with slow spread,budget-mapper-luna-max,binance_60m_eae066d41d3d3769,binance,PROMUSDT,PROM,60,10738,10738,2026-04-07 23:00:00+00:00,1,PROM,2026-04-08 00:00:00+00:00,True,passed,True,True,spike-v9-entry-bundle-20260915-v1,unknown,0.0095976850237323,1.038,0.989,0.049,0.0423673469387754,confirmation_close_reference_not_fill,2026-04-08 00:00:00+00:00,0.0472061657032755,0.0095976850237323,4.918494989838519,3.228707719546291,1.5665977733338543,0.4666666666666775,0.6666666666666716,1.657900862221062,1.6239769069282024,1.6445172023847905,0.8030195901777173,1.6060391803554346,1.806794077899864,-0.9310599174202112,0.5,0.9966821324812196,1.0857689638356938,0.1600000000000003,4.416607745977445,1.315836289488824,10739,2026-04-08 00:00:00+00:00,True,False,True,1.039,0.989,0.0499999999999999,0.0481231953801731,11140,2026-04-24 17:00:00+00:00,2.172,trailing_stop,1.090471607314726,1.0884716073147265,22.660000000000036,22.61844000000004,37.06000000000005,bar_open_or_intrabar_window,2026Q2,1,winner_gt10,P0279,PROM:2,False,V0004,1,4,B,V rebound while fast pair remains below slow group,astra,False
binance_30m_8b725b5d9ddcfba1,binance,TUSDT,T,30,33932,51908,2026-08-15 10:00:00+00:00,1,T,2026-08-15 10:30:00+00:00,True,passed,True,True,spike-v9-entry-bundle-20260915-v1,unknown,0.0046847573015274,0.003409,0.003356,5.3000000000000096e-05,0.128641509433962,confirmation_close_reference_not_fill,2026-08-15 10:30:00+00:00,binance_30m_8b725b5d9ddcfba1:51908:1,0.0155470812555001,0.0046847573015274,3.3186524412761225,1.3373042902777494,1.069778987239496,0.2941176470588355,0.4705882352941266,1.4554805981771,1.7399253501815986,1.4300772634985155,0.2504643351906564,2.379411184311195,3.193420273680808,0.3714185270025464,0.5,1.081670383988743,1.1849176980312153,0.215909090909093,4.070045446848065,1.396929961630223,51909,2026-08-15 10:30:00+00:00,True,False,False,0.00341,0.003356,5.3999999999999795e-05,0.0158357771260996,51940,2026-08-16 02:00:00+00:00,0.003356,initial_stop,-0.0158357771260996,-0.0178357771260996,-0.9999999999999988,-1.1262962962962957,1.037037037037042,bar_open_or_intrabar_window,2026Q3,0,matched_nonwinner,P0125,T:4,True,V0520,65,8,D,lines near recent core with late rise detached,budget-mapper-luna-max,binance_30m_8b725b5d9ddcfba1,binance,TUSDT,T,30,33932,51908,2026-08-15 10:00:00+00:00,1,T,2026-08-15 10:30:00+00:00,True,passed,True,True,spike-v9-entry-bundle-20260915-v1,unknown,0.0046847573015274,0.003409,0.003356,5.3000000000000096e-05,0.128641509433962,confirmation_close_reference_not_fill,2026-08-15 10:30:00+00:00,0.0155470812555001,0.0046847573015274,3.3186524412761225,1.3373042902777494,1.069778987239496,0.2941176470588355,0.4705882352941266,1.4554805981771,1.7399253501815986,1.4300772634985155,0.2504643351906564,2.379411184311195,3.193420273680808,0.3714185270025464,0.5,1.081670383988743,1.1849176980312153,0.215909090909093,4.070045446848065,1.396929961630223,51909,2026-08-15 10:30:00+00:00,True,False,False,0.00341,0.003356,5.3999999999999795e-05,0.0158357771260996,51940,2026-08-16 02:00:00+00:00,0.003356,initial_stop,-0.0158357771260996,-0.0178357771260996,-0.9999999999999988,-1.1262962962962957,1.037037037037042,bar_open_or_intrabar_window,2026Q3,0,matched_nonwinner,P0125,T:4,False,V0659,83,3,D,compact lines with endpoint rise,budget-mapper-luna-max,True
binance_60m_b3a9b459867205ae,binance,VVVUSDT,VVV,60,9117,9117,2026-02-13 06:00:00+00:00,1,VVV,2026-02-13 07:00:00+00:00,True,passed,True,True,spike-v9-entry-bundle-20260915-v1,unknown,0.0200979986737738,1.964,1.843,0.121,0.0324628099173553,confirmation_close_reference_not_fill,2026-02-13 07:00:00+00:00,binance_60m_b3a9b459867205ae:9117:1,0.0616089613034623,0.0200979986737738,3.065427672848667,5.324596252716058,1.5833879975798233,0.6666666666666666,0.7,0.85934418081378,1.38520097038857,2.984262996313139,0.2026729039899947,3.2174323508411633,4.256130983789883,0.1859126701128206,0.5,1.262137492335158,1.24500522596229,0.2866817155756209,5.852180102711089,1.7564229536848237,9118,2026-02-13 07:00:00+00:00,True,False,True,1.965,1.843,0.1220000000000001,0.062086513994911,9201,2026-02-16 18:00:00+00:00,3.498,trailing_stop,0.7801526717557252,0.7781526717557252,12.565573770491792,12.533360655737694,22.385245901639323,bar_open_or_intrabar_window,2026Q1,3,winner_gt10,P0258,VVV:1,True,V0537,68,1,N,separated lines under large rebound,budget-mapper-luna-max,binance_60m_b3a9b459867205ae,binance,VVVUSDT,VVV,60,9117,9117,2026-02-13 06:00:00+00:00,1,VVV,2026-02-13 07:00:00+00:00,True,passed,True,True,spike-v9-entry-bundle-20260915-v1,unknown,0.0200979986737738,1.964,1.843,0.121,0.0324628099173553,confirmation_close_reference_not_fill,2026-02-13 07:00:00+00:00,0.0616089613034623,0.0200979986737738,3.065427672848667,5.324596252716058,1.5833879975798233,0.6666666666666666,0.7,0.85934418081378,1.38520097038857,2.984262996313139,0.2026729039899947,3.2174323508411633,4.256130983789883,0.1859126701128206,0.5,1.262137492335158,1.24500522596229,0.2866817155756209,5.852180102711089,1.7564229536848237,9118,2026-02-13 07:00:00+00:00,True,False,True,1.965,1.843,0.1220000000000001,0.062086513994911,9201,2026-02-16 18:00:00+00:00,3.498,trailing_stop,0.7801526717557252,0.7781526717557252,12.565573770491792,12.533360655737694,22.385245901639323,bar_open_or_intrabar_window,2026Q1,3,winner_gt10,P0258,VVV:1,False,V0200,25,8,B,Slow pair above fast-mid group before sharp rebound,astra,False
binance_60m_50a4feedf125226d,binance,LYNUSDT,LYN,60,2548,2548,2026-01-20 12:00:00+00:00,1,LYN,2026-01-20 13:00:00+00:00,True,passed,True,True,spike-v9-entry-bundle-20260915-v1,unknown,0.0320429832522457,0.09148,0.08311,0.00837,0.0218590203106332,confirmation_close_reference_not_fill,2026-01-20 13:00:00+00:00,binance_60m_50a4feedf125226d:2548:1,0.0914954088325317,0.0320429832522457,2.8553960819524864,3.0911845794070647,1.9028948452519516,0.91793893129771,0.9312977099236645,2.203379861924805,2.048241027769881,1.7603158641427552,0.5765375601552846,1.9888840092930704,4.189278839471508,0.9027791750877414,0.75,1.2072644852721308,0.8930512354267596,0.2185976752905887,2.4869578778295813,1.052429464925332,2549,2026-01-20 13:00:00+00:00,True,False,False,0.09146,0.08311,0.0083499999999999,0.0912967417450251,2622,2026-01-23 14:00:00+00:00,0.09267,trailing_stop,0.0132298272468838,0.0112298272468838,0.1449101796407179,0.1230035928143705,2.2275449101796423,bar_open_or_intrabar_window,2026Q1,3,matched_nonwinner,P0232,LYN:1,True,V0547,69,3,N,widely separated lines with established rise,budget-mapper-luna-max,binance_60m_50a4feedf125226d,binance,LYNUSDT,LYN,60,2548,2548,2026-01-20 12:00:00+00:00,1,LYN,2026-01-20 13:00:00+00:00,True,passed,True,True,spike-v9-entry-bundle-20260915-v1,unknown,0.0320429832522457,0.09148,0.08311,0.00837,0.0218590203106332,confirmation_close_reference_not_fill,2026-01-20 13:00:00+00:00,0.0914954088325317,0.0320429832522457,2.8553960819524864,3.0911845794070647,1.9028948452519516,0.91793893129771,0.9312977099236645,2.203379861924805,2.048241027769881,1.7603158641427552,0.5765375601552846,1.9888840092930704,4.189278839471508,0.9027791750877414,0.75,1.2072644852721308,0.8930512354267596,0.2185976752905887,2.4869578778295813,1.052429464925332,2549,2026-01-20 13:00:00+00:00,True,False,False,0.09146,0.08311,0.0083499999999999,0.0912967417450251,2622,2026-01-23 14:00:00+00:00,0.09267,trailing_stop,0.0132298272468838,0.0112298272468838,0.1449101796407179,0.1230035928143705,2.2275449101796423,bar_open_or_intrabar_window,2026Q1,3,matched_nonwinner,P0232,LYN:1,False,V0603,76,3,N,widely separated lines under rebound,budget-mapper-luna-max,True
binance_30m_0de60721a7664b2f,binance,BROCCOLIF3BUSDT,BROCCOLIF3B,30,3882,3882,2025-06-10 06:30:00+00:00,1,BROCCOLIF3B,2025-06-10 07:00:00+00:00,True,passed,True,True,spike-v9-entry-bundle-20260915-v1,unknown,0.012932668351557,0.010936,0.01061,0.0003259999999999,0.0670920245398773,confirmation_close_reference_not_fill,2025-06-10 07:00:00+00:00,binance_30m_0de60721a7664b2f:3882:1,0.0298098024871982,0.012932668351557,2.3050001497648576,1.3520211406419205,1.5423351897365083,-0.690476190476195,0.2857142857142822,1.167855271580957,0.6309976312273013,1.7673668005224827,-1.2656289165886825,4.242331563984401,2.4959050701441505,0.755930878481291,0.75,1.0399769198502673,0.834032957589064,0.3584229390680991,5.656442085312539,0.9896424591595324,3883,2025-06-10 07:00:00+00:00,True,False,False,0.010938,0.01061,0.000328,0.0299872005851161,3891,2025-06-10 11:00:00+00:00,0.01061,initial_stop,-0.0299872005851161,-0.0319872005851161,-1.0000000000000016,-1.066695121951221,0.4664634146341472,bar_open_or_intrabar_window,2025Q2,2,matched_nonwinner,P0027,BROCCOLIF3B:2,True,V0560,70,8,N,separated lines under extended rebound,budget-mapper-luna-max,binance_30m_0de60721a7664b2f,binance,BROCCOLIF3BUSDT,BROCCOLIF3B,30,3882,3882,2025-06-10 06:30:00+00:00,1,BROCCOLIF3B,2025-06-10 07:00:00+00:00,True,passed,True,True,spike-v9-entry-bundle-20260915-v1,unknown,0.012932668351557,0.010936,0.01061,0.0003259999999999,0.0670920245398773,confirmation_close_reference_not_fill,2025-06-10 07:00:00+00:00,0.0298098024871982,0.012932668351557,2.3050001497648576,1.3520211406419205,1.5423351897365083,-0.690476190476195,0.2857142857142822,1.167855271580957,0.6309976312273013,1.7673668005224827,-1.2656289165886825,4.242331563984401,2.4959050701441505,0.755930878481291,0.75,1.0399769198502673,0.834032957589064,0.3584229390680991,5.656442085312539,0.9896424591595324,3883,2025-06-10 07:00:00+00:00,True,False,False,0.010938,0.01061,0.000328,0.0299872005851161,3891,2025-06-10 11:00:00+00:00,0.01061,initial_stop,-0.0299872005851161,-0.0319872005851161,-1.0000000000000016,-1.066695121951221,0.4664634146341472,bar_open_or_intrabar_window,2025Q2,2,matched_nonwinner,P0027,BROCCOLIF3B:2,False,V0356,45,4,D,Recent broad convergence but two-stage volatile departure,astra,False
binance_30m_34f8c7bf56fa61ee,binance,USUALUSDT,USUAL,30,29237,29237,2026-08-19 15:30:00+00:00,1,USUAL,2026-08-19 16:00:00+00:00,True,passed,True,True,spike-v9-entry-bundle-20260915-v1,unknown,0.0085159662503169,0.00899,0.008714,0.000276,0.0651449275362318,confirmation_close_reference_not_fill,2026-08-19 16:00:00+00:00,binance_30m_34f8c7bf56fa61ee:29237:1,0.0307007786429366,0.0085159662503169,3.605084583536704,7.417155017439833,2.801026701774814,-0.7473684210526267,0.036842105263158,0.6424507017726265,1.1878612874633117,2.3411051084550603,-2.142151709058052,3.095670457602159,3.2785370669119933,0.2366466834180891,0.5,1.5714593211030612,1.4088719835894803,0.263041065482796,5.838669597249673,1.537629011317467,29238,2026-08-19 16:00:00+00:00,True,False,True,0.008995,0.008714,0.000281,0.0312395775430794,29360,2026-08-22 05:00:00+00:00,0.0118769999999999,trailing_stop,0.3204002223457476,0.3184002223457476,10.256227758007116,10.19220640569395,15.270462633451956,bar_open_or_intrabar_window,2026Q3,1,winner_gt10,P0048,USUAL:3,True,V0564,71,4,D,compact lines with sharp endpoint rebound,budget-mapper-luna-max,binance_30m_34f8c7bf56fa61ee,binance,USUALUSDT,USUAL,30,29237,29237,2026-08-19 15:30:00+00:00,1,USUAL,2026-08-19 16:00:00+00:00,True,passed,True,True,spike-v9-entry-bundle-20260915-v1,unknown,0.0085159662503169,0.00899,0.008714,0.000276,0.0651449275362318,confirmation_close_reference_not_fill,2026-08-19 16:00:00+00:00,0.0307007786429366,0.0085159662503169,3.605084583536704,7.417155017439833,2.801026701774814,-0.7473684210526267,0.036842105263158,0.6424507017726265,1.1878612874633117,2.3411051084550603,-2.142151709058052,3.095670457602159,3.2785370669119933,0.2366466834180891,0.5,1.5714593211030612,1.4088719835894803,0.263041065482796,5.838669597249673,1.537629011317467,29238,2026-08-19 16:00:00+00:00,True,False,True,0.008995,0.008714,0.000281,0.0312395775430794,29360,2026-08-22 05:00:00+00:00,0.0118769999999999,trailing_stop,0.3204002223457476,0.3184002223457476,10.256227758007116,10.19220640569395,15.270462633451956,bar_open_or_intrabar_window,2026Q3,1,winner_gt10,P0048,USUAL:3,False,V0613,77,5,D,compact core with sharp endpoint rise,budget-mapper-luna-max,True
binance_30m_a5f8e2378e69e746,binance,NEOUSDT,NEO,30,34116,52092,2026-08-19 06:00:00+00:00,1,NEO,2026-08-19 06:30:00+00:00,True,passed,True,True,spike-v9-entry-bundle-20260915-v1,unknown,0.004969015701137,1.698,1.678,0.02,0.1697999999999998,confirmation_close_reference_not_fill,2026-08-19 06:30:00+00:00,binance_30m_a5f8e2378e69e746:52092:1,0.0117785630153121,0.004969015701137,2.370401649690295,1.9356080416298205,1.7479253261281755,0.8571428571428571,1.0,0.9571838774702612,1.015648400486147,1.2630923344063056,0.0,1.1852008248451475,2.014841402236738,0.4313255501830739,1.0,1.1130524048370602,0.7952048558162679,0.1315789473684199,2.2518815672057673,1.144984297460854,52093,2026-08-19 06:30:00+00:00,True,False,True,1.698,1.678,0.02,0.0117785630153121,52234,2026-08-22 05:00:00+00:00,2.141,trailing_stop,0.2608951707891638,0.2588951707891638,22.149999999999988,21.980199999999986,28.899999999999967,bar_open_or_intrabar_window,2026Q3,0,winner_gt10,P0151,NEO:1,True,V0579,73,3,D,compact recent core with final rise,budget-mapper-luna-max,binance_30m_a5f8e2378e69e746,binance,NEOUSDT,NEO,30,34116,52092,2026-08-19 06:00:00+00:00,1,NEO,2026-08-19 06:30:00+00:00,True,passed,True,True,spike-v9-entry-bundle-20260915-v1,unknown,0.004969015701137,1.698,1.678,0.02,0.1697999999999998,confirmation_close_reference_not_fill,2026-08-19 06:30:00+00:00,0.0117785630153121,0.004969015701137,2.370401649690295,1.9356080416298205,1.7479253261281755,0.8571428571428571,1.0,0.9571838774702612,1.015648400486147,1.2630923344063056,0.0,1.1852008248451475,2.014841402236738,0.4313255501830739,1.0,1.1130524048370602,0.7952048558162679,0.1315789473684199,2.2518815672057673,1.144984297460854,52093,2026-08-19 06:30:00+00:00,True,False,True,1.698,1.678,0.02,0.0117785630153121,52234,2026-08-22 05:00:00+00:00,2.141,trailing_stop,0.2608951707891638,0.2588951707891638,22.149999999999988,21.980199999999986,28.899999999999967,bar_open_or_intrabar_window,2026Q3,0,winner_gt10,P0151,NEO:1,False,V0120,15,8,B,Fast pair above the slow-mid bundle,astra,False
binance_240m_daf5eaf8f01a2cbf,binance,BLESSUSDT,BLESS,240,1189,1189,2026-04-09 16:00:00+00:00,1,BLESS,2026-04-09 20:00:00+00:00,True,passed,True,True,spike-v9-entry-bundle-20260915-v1,unknown,0.0432793994811815,0.006397,0.0055639999999999,0.000833,0.0153589435774309,confirmation_close_reference_not_fill,2026-04-09 20:00:00+00:00,binance_240m_daf5eaf8f01a2cbf:1189:1,0.1302172893543849,0.0432793994811815,3.0087591536709093,3.441705307006951,1.8199911897782717,0.6218487394957979,0.9096638655462176,0.8994191840892622,0.7006631455772875,1.946809494981868,0.5201216304064955,2.062426742792424,3.536104695610826,0.5062142306804878,1.0,1.062934404032708,0.737889255087586,0.2358529533250723,2.882340701835996,1.075124451322048,1190,2026-04-09 20:00:00+00:00,True,False,True,0.006407,0.0055639999999999,0.000843,0.1315748400187296,1215,2026-04-14 00:00:00+00:00,0.019282,trailing_stop,2.009520836584985,2.0075208365849853,15.272835112692746,15.2576346381969,33.52194543297743,bar_open_or_intrabar_window,2026Q2,3,winner_gt10,P0019,BLESS:1,True,V0606,76,6,N,widely separated lines under rebound,budget-mapper-luna-max,binance_240m_daf5eaf8f01a2cbf,binance,BLESSUSDT,BLESS,240,1189,1189,2026-04-09 16:00:00+00:00,1,BLESS,2026-04-09 20:00:00+00:00,True,passed,True,True,spike-v9-entry-bundle-20260915-v1,unknown,0.0432793994811815,0.006397,0.0055639999999999,0.000833,0.0153589435774309,confirmation_close_reference_not_fill,2026-04-09 20:00:00+00:00,0.1302172893543849,0.0432793994811815,3.0087591536709093,3.441705307006951,1.8199911897782717,0.6218487394957979,0.9096638655462176,0.8994191840892622,0.7006631455772875,1.946809494981868,0.5201216304064955,2.062426742792424,3.536104695610826,0.5062142306804878,1.0,1.062934404032708,0.737889255087586,0.2358529533250723,2.882340701835996,1.075124451322048,1190,2026-04-09 20:00:00+00:00,True,False,True,0.006407,0.0055639999999999,0.000843,0.1315748400187296,1215,2026-04-14 00:00:00+00:00,0.019282,trailing_stop,2.009520836584985,2.0075208365849853,15.272835112692746,15.2576346381969,33.52194543297743,bar_open_or_intrabar_window,2026Q2,3,winner_gt10,P0019,BLESS:1,False,V0228,29,4,B,Fast pair above slower bundle during choppy advance,astra,False
binance_30m_335e840deb5aaa02,binance,TRXUSDT,TRX,30,4135,22111,2024-12-02 15:30:00+00:00,1,TRX,2024-12-02 16:00:00+00:00,True,passed,True,True,spike-v9-entry-bundle-20260915-v1,unknown,0.0094351272956298,0.21276,0.207,0.0057599999999999,0.0738750000000001,confirmation_close_reference_not_fill,2024-12-02 16:00:00+00:00,binance_30m_335e840deb5aaa02:22111:1,0.0270727580372249,0.0094351272956298,2.869358005351412,1.286375237726279,0.4995594202229635,0.3557692307692351,0.6826923076923146,0.9114033491957406,0.9799069899428005,1.9811187442197085,-0.1594087780750722,1.225454981452177,2.3363349036628733,0.0937368124909598,0.75,2.397639293493876,1.6480821640430583,0.0811345646438003,4.946653644642286,0.9778995270398898,22112,2024-12-02 16:00:00+00:00,True,False,True,0.21276,0.207,0.0057599999999999,0.0270727580372249,22204,2024-12-04 14:00:00+00:00,0.36456,trailing_stop,0.7134799774393685,0.7114799774393685,26.354166666666732,26.280291666666734,41.34375000000009,bar_open_or_intrabar_window,2024Q4,1,winner_gt10,P0045,TRX:1,True,V0611,77,3,D,compact recent core with multi-bar rise,budget-mapper-luna-max,binance_30m_335e840deb5aaa02,binance,TRXUSDT,TRX,30,4135,22111,2024-12-02 15:30:00+00:00,1,TRX,2024-12-02 16:00:00+00:00,True,passed,True,True,spike-v9-entry-bundle-20260915-v1,unknown,0.0094351272956298,0.21276,0.207,0.0057599999999999,0.0738750000000001,confirmation_close_reference_not_fill,2024-12-02 16:00:00+00:00,0.0270727580372249,0.0094351272956298,2.869358005351412,1.286375237726279,0.4995594202229635,0.3557692307692351,0.6826923076923146,0.9114033491957406,0.9799069899428005,1.9811187442197085,-0.1594087780750722,1.225454981452177,2.3363349036628733,0.0937368124909598,0.75,2.397639293493876,1.6480821640430583,0.0811345646438003,4.946653644642286,0.9778995270398898,22112,2024-12-02 16:00:00+00:00,True,False,True,0.21276,0.207,0.0057599999999999,0.0270727580372249,22204,2024-12-04 14:00:00+00:00,0.36456,trailing_stop,0.7134799774393685,0.7114799774393685,26.354166666666732,26.280291666666734,41.34375000000009,bar_open_or_intrabar_window,2024Q4,1,winner_gt10,P0045,TRX:1,False,V0279,35,7,B,Slow pair below faster convergence after deep dip,astra,False
binance_60m_335b37e321125acb,binance,BULLAUSDT,BULLA,60,4161,4161,2025-12-24 18:00:00+00:00,1,BULLA,2025-12-24 19:00:00+00:00,True,passed,True,True,spike-v9-entry-bundle-20260915-v1,unknown,0.0212863088086952,0.02944,0.0280139999999999,0.001426,0.041290322580645,confirmation_close_reference_not_fill,2025-12-24 19:00:00+00:00,binance_60m_335b37e321125acb:4161:1,0.0484375000000001,0.0212863088086952,2.2755236915577335,3.811202411318202,0.6536288040538474,-0.2142857142857137,0.1428571428571452,0.5392162560326539,0.8650466522068528,1.55279746039945,-1.3244632987327545,1.5797815249944973,2.2340344797901985,0.2485354026365553,0.5,1.5897173379523817,1.1587839478735706,0.1647254575707155,4.484026348721749,3.795713183558774,4162,2025-12-24 19:00:00+00:00,True,False,True,0.02941,0.0280139999999999,0.001396,0.0474668480108807,4422,2026-01-04 15:00:00+00:00,0.0591089999999999,trailing_stop,1.0098265895953755,1.0078265895953755,21.274355300859572,21.23222063037247,33.18051575931229,bar_open_or_intrabar_window,2025Q4,3,winner_gt10,P0224,BULLA:2,True,V0612,77,4,D,compact lines with late rebound detached,budget-mapper-luna-max,binance_60m_335b37e321125acb,binance,BULLAUSDT,BULLA,60,4161,4161,2025-12-24 18:00:00+00:00,1,BULLA,2025-12-24 19:00:00+00:00,True,passed,True,True,spike-v9-entry-bundle-20260915-v1,unknown,0.0212863088086952,0.02944,0.0280139999999999,0.001426,0.041290322580645,confirmation_close_reference_not_fill,2025-12-24 19:00:00+00:00,0.0484375000000001,0.0212863088086952,2.2755236915577335,3.811202411318202,0.6536288040538474,-0.2142857142857137,0.1428571428571452,0.5392162560326539,0.8650466522068528,1.55279746039945,-1.3244632987327545,1.5797815249944973,2.2340344797901985,0.2485354026365553,0.5,1.5897173379523817,1.1587839478735706,0.1647254575707155,4.484026348721749,3.795713183558774,4162,2025-12-24 19:00:00+00:00,True,False,True,0.02941,0.0280139999999999,0.001396,0.0474668480108807,4422,2026-01-04 15:00:00+00:00,0.0591089999999999,trailing_stop,1.0098265895953755,1.0078265895953755,21.274355300859572,21.23222063037247,33.18051575931229,bar_open_or_intrabar_window,2025Q4,3,winner_gt10,P0224,BULLA:2,False,V0467,59,3,D,recent lines broadly compact; endpoint rebound detached,budget-mapper-luna-max,True
binance_30m_b63b0d10c3d61fb2,binance,XVSUSDT,XVS,30,12296,30272,2025-05-21 16:00:00+00:00,1,XVS,2025-05-21 16:30:00+00:00,True,passed,True,True,spike-v9-entry-bundle-20260915-v1,unknown,0.0088094811015354,6.569,6.367,0.2019999999999999,0.065039603960396,confirmation_close_reference_not_fill,2025-05-21 16:30:00+00:00,binance_30m_b63b0d10c3d61fb2:30272:1,0.030750494748059,0.0088094811015354,3.4906136233948457,2.567721398908025,1.584108535597395,0.88505747126437,0.88505747126437,1.7817732564295534,2.0822469104874832,1.85197856587844,-0.19008292008586,-0.0864013273117517,3.559734685244241,0.4667904773953985,1.0,1.0933780097606822,1.0665040489542514,0.0083194675540763,3.559734685244256,1.2597339629403206,30273,2025-05-21 16:30:00+00:00,True,False,False,6.567,6.367,0.2000000000000001,0.0304553068372164,30274,2025-05-21 17:00:00+00:00,6.367,initial_stop,-0.0304553068372164,-0.0324553068372164,-1.0000000000000004,-1.0656700000000003,0.2950000000000005,bar_open_or_intrabar_window,2025Q2,1,matched_nonwinner,P0165,XVS:2,True,V0633,80,1,D,compact lines with endpoint rise and pullback,budget-mapper-luna-max,binance_30m_b63b0d10c3d61fb2,binance,XVSUSDT,XVS,30,12296,30272,2025-05-21 16:00:00+00:00,1,XVS,2025-05-21 16:30:00+00:00,True,passed,True,True,spike-v9-entry-bundle-20260915-v1,unknown,0.0088094811015354,6.569,6.367,0.2019999999999999,0.065039603960396,confirmation_close_reference_not_fill,2025-05-21 16:30:00+00:00,0.030750494748059,0.0088094811015354,3.4906136233948457,2.567721398908025,1.584108535597395,0.88505747126437,0.88505747126437,1.7817732564295534,2.0822469104874832,1.85197856587844,-0.19008292008586,-0.0864013273117517,3.559734685244241,0.4667904773953985,1.0,1.0933780097606822,1.0665040489542514,0.0083194675540763,3.559734685244256,1.2597339629403206,30273,2025-05-21 16:30:00+00:00,True,False,False,6.567,6.367,0.2000000000000001,0.0304553068372164,30274,2025-05-21 17:00:00+00:00,6.367,initial_stop,-0.0304553068372164,-0.0324553068372164,-1.0000000000000004,-1.0656700000000003,0.2950000000000005,bar_open_or_intrabar_window,2025Q2,1,matched_nonwinner,P0165,XVS:2,False,V0411,52,3,B,fast pair above mid/slow; extended rise,budget-mapper-luna-max,True
binance_30m_50fc9b3c644c2d85,binance,SLPUSDT,SLP,30,16471,16471,2026-07-01 15:30:00+00:00,1,SLP,2026-07-01 16:00:00+00:00,True,passed,True,True,spike-v9-entry-bundle-20260915-v1,unknown,0.0093736557112117,0.0004702,0.0004476,2.2600000000000007e-05,0.0416106194690265,confirmation_close_reference_not_fill,2026-07-01 16:00:00+00:00,binance_30m_50fc9b3c644c2d85:16471:1,0.0480646533390047,0.0093736557112117,5.127631611380263,2.4149939784253385,0.6411030284382782,0.0344827586206909,0.3103448275861998,1.0110556847677907,1.085166293868161,2.922775558092739,-0.4537727089717032,3.652870307222224,2.132731732167014,0.1970581034956537,0.5,1.1828288747824076,1.1139392944493998,0.3538461538461543,6.035177029323669,1.84842604302714,16472,2026-07-01 16:00:00+00:00,True,False,False,0.00047,0.0004476,2.24e-05,0.0476595744680851,16481,2026-07-01 20:30:00+00:00,0.0005315,trailing_stop,0.1308510638297872,0.1288510638297872,2.745535714285715,2.703571428571429,8.919642857142858,bar_open_or_intrabar_window,2026Q3,1,matched_nonwinner,P0070,SLP:1,True,V0637,80,5,D,compact core with late rise detached,budget-mapper-luna-max,binance_30m_50fc9b3c644c2d85,binance,SLPUSDT,SLP,30,16471,16471,2026-07-01 15:30:00+00:00,1,SLP,2026-07-01 16:00:00+00:00,True,passed,True,True,spike-v9-entry-bundle-20260915-v1,unknown,0.0093736557112117,0.0004702,0.0004476,2.2600000000000007e-05,0.0416106194690265,confirmation_close_reference_not_fill,2026-07-01 16:00:00+00:00,0.0480646533390047,0.0093736557112117,5.127631611380263,2.4149939784253385,0.6411030284382782,0.0344827586206909,0.3103448275861998,1.0110556847677907,1.085166293868161,2.922775558092739,-0.4537727089717032,3.652870307222224,2.132731732167014,0.1970581034956537,0.5,1.1828288747824076,1.1139392944493998,0.3538461538461543,6.035177029323669,1.84842604302714,16472,2026-07-01 16:00:00+00:00,True,False,False,0.00047,0.0004476,2.24e-05,0.0476595744680851,16481,2026-07-01 20:30:00+00:00,0.0005315,trailing_stop,0.1308510638297872,0.1288510638297872,2.745535714285715,2.703571428571429,8.919642857142858,bar_open_or_intrabar_window,2026Q3,1,matched_nonwinner,P0070,SLP:1,False,V0265,34,1,D,Recent broad convergence but four-bar extended rise,astra,False
binance_60m_b0971bbaabf2e857,binance,AI16ZUSDT,AI16Z,60,3788,3788,2025-06-09 10:00:00+00:00,1,AI16Z,2025-06-09 11:00:00+00:00,True,passed,True,True,spike-v9-entry-bundle-20260915-v1,unknown,0.0204989782339815,0.2284,0.20966,0.0187399999999999,0.0243756670224119,confirmation_close_reference_not_fill,2025-06-09 11:00:00+00:00,binance_60m_b0971bbaabf2e857:3788:1,0.0820490367775831,0.0204989782339815,4.002591536078075,2.1616030170345133,0.9811717923886012,0.7826086956521734,0.8043478260869537,1.2017741929739894,1.049516211493967,2.0440128602063607,0.2135854608366106,3.0756306360471894,5.489146343500888,0.6048903323945116,0.75,0.94273333626041,0.9606484414857112,0.2499999999999999,3.5882357420550512,1.0650909717885837,3789,2025-06-09 11:00:00+00:00,True,False,False,0.2285,0.20966,0.0188399999999999,0.0824507658643325,3844,2025-06-11 18:00:00+00:00,0.20966,initial_stop,-0.0824507658643325,-0.0844507658643325,-0.9999999999999992,-1.0242569002123136,1.3747346072186843,bar_open_or_intrabar_window,2025Q2,3,matched_nonwinner,P0255,AI16Z:2,True,V0653,82,5,N,widely separated lines under rebound,budget-mapper-luna-max,binance_60m_b0971bbaabf2e857,binance,AI16ZUSDT,AI16Z,60,3788,3788,2025-06-09 10:00:00+00:00,1,AI16Z,2025-06-09 11:00:00+00:00,True,passed,True,True,spike-v9-entry-bundle-20260915-v1,unknown,0.0204989782339815,0.2284,0.20966,0.0187399999999999,0.0243756670224119,confirmation_close_reference_not_fill,2025-06-09 11:00:00+00:00,0.0820490367775831,0.0204989782339815,4.002591536078075,2.1616030170345133,0.9811717923886012,0.7826086956521734,0.8043478260869537,1.2017741929739894,1.049516211493967,2.0440128602063607,0.2135854608366106,3.0756306360471894,5.489146343500888,0.6048903323945116,0.75,0.94273333626041,0.9606484414857112,0.2499999999999999,3.5882357420550512,1.0650909717885837,3789,2025-06-09 11:00:00+00:00,True,False,False,0.2285,0.20966,0.0188399999999999,0.0824507658643325,3844,2025-06-11 18:00:00+00:00,0.20966,initial_stop,-0.0824507658643325,-0.0844507658643325,-0.9999999999999992,-1.0242569002123136,1.3747346072186843,bar_open_or_intrabar_window,2025Q2,3,matched_nonwinner,P0255,AI16Z:2,False,V0301,38,5,B,Slow SMA below upper fast group amid wide swings,astra,False
binance_30m_dd6217e4a2f79027,binance,TAIKOUSDT,TAIKO,30,2730,2730,2025-08-07 09:30:00+00:00,1,TAIKO,2025-08-07 10:00:00+00:00,True,passed,True,True,spike-v9-entry-bundle-20260915-v1,unknown,0.0060324692439093,0.4311,0.42589,0.0052099999999999,0.165489443378121,confirmation_close_reference_not_fill,2025-08-07 10:00:00+00:00,binance_30m_dd6217e4a2f79027:2730:1,0.01208536302482,0.0060324692439093,2.0033857672829263,0.5246170780395888,0.519875751556675,-0.0714285714286025,0.8571428571428344,1.451589495488116,2.0463101784635964,1.5355445612315957,-0.8459594410791865,1.7688242858928134,5.998621491288682,0.1666335427435846,0.5,0.7802808961930745,0.9943852653164136,0.1464968152866243,5.498736367014637,1.5081435047853584,2731,2025-08-07 10:00:00+00:00,True,False,True,0.4312,0.42589,0.0053099999999999,0.0123144712430426,2816,2025-08-09 04:30:00+00:00,0.48686,trailing_stop,0.1290816326530612,0.1270816326530612,10.48210922787198,10.31969868173262,17.344632768361635,bar_open_or_intrabar_window,2025Q3,1,winner_gt10,P0186,TAIKO:1,True,V0663,83,7,D,compact core with endpoint pullback,budget-mapper-luna-max,binance_30m_dd6217e4a2f79027,binance,TAIKOUSDT,TAIKO,30,2730,2730,2025-08-07 09:30:00+00:00,1,TAIKO,2025-08-07 10:00:00+00:00,True,passed,True,True,spike-v9-entry-bundle-20260915-v1,unknown,0.0060324692439093,0.4311,0.42589,0.0052099999999999,0.165489443378121,confirmation_close_reference_not_fill,2025-08-07 10:00:00+00:00,0.01208536302482,0.0060324692439093,2.0033857672829263,0.5246170780395888,0.519875751556675,-0.0714285714286025,0.8571428571428344,1.451589495488116,2.0463101784635964,1.5355445612315957,-0.8459594410791865,1.7688242858928134,5.998621491288682,0.1666335427435846,0.5,0.7802808961930745,0.9943852653164136,0.1464968152866243,5.498736367014637,1.5081435047853584,2731,2025-08-07 10:00:00+00:00,True,False,True,0.4312,0.42589,0.0053099999999999,0.0123144712430426,2816,2025-08-09 04:30:00+00:00,0.48686,trailing_stop,0.1290816326530612,0.1270816326530612,10.48210922787198,10.31969868173262,17.344632768361635,bar_open_or_intrabar_window,2025Q3,1,winner_gt10,P0186,TAIKO:1,False,V0316,40,4,B,Slow SMA overhead and mid SMA below rebound cluster,astra,False
okx_240m_92fcab41e7863ee1,okx,ZEC-USDT-SWAP,ZEC,240,1709,1709,2026-08-18 00:00:00+00:00,1,ZEC,2026-08-18 04:00:00+00:00,True,passed,True,True,spike-v9-entry-bundle-20260915-v1,unknown,0.018032868727737,510.35,491.94,18.410000000000025,0.0554426941879412,confirmation_close_reference_not_fill,2026-08-18 04:00:00+00:00,okx_240m_92fcab41e7863ee1:1709:1,0.0360732830410503,0.018032868727737,2.0004184351192356,1.936423583518267,1.1093136509247188,-0.3326752221125376,0.1688055281342583,1.0670956846050412,1.049876596399418,1.0983038472364108,-1.3115182244372088,2.033016236886525,0.0695419771035521,0.2619760739184987,1.0,0.954030166952971,0.947303471496268,0.2759994099424701,4.197510274234429,2.0592569287783156,1710,2026-08-18 04:00:00+00:00,True,False,True,510.35,491.94,18.410000000000025,0.0360732830410503,1734,2026-08-22 04:00:00+00:00,699.2,trailing_stop,0.3700401685118055,0.3680401685118055,10.258011950027145,10.202569255839204,19.01140684410644,bar_open_or_intrabar_window,2026Q3,2,winner_gt10,P0319,ZEC:3,True,V0667,84,3,B,partial bundle with slow offset,budget-mapper-luna-max,okx_240m_92fcab41e7863ee1,okx,ZEC-USDT-SWAP,ZEC,240,1709,1709,2026-08-18 00:00:00+00:00,1,ZEC,2026-08-18 04:00:00+00:00,True,passed,True,True,spike-v9-entry-bundle-20260915-v1,unknown,0.018032868727737,510.35,491.94,18.410000000000025,0.0554426941879412,confirmation_close_reference_not_fill,2026-08-18 04:00:00+00:00,0.0360732830410503,0.018032868727737,2.0004184351192356,1.936423583518267,1.1093136509247188,-0.3326752221125376,0.1688055281342583,1.0670956846050412,1.049876596399418,1.0983038472364108,-1.3115182244372088,2.033016236886525,0.0695419771035521,0.2619760739184987,1.0,0.954030166952971,0.947303471496268,0.2759994099424701,4.197510274234429,2.0592569287783156,1710,2026-08-18 04:00:00+00:00,True,False,True,510.35,491.94,18.410000000000025,0.0360732830410503,1734,2026-08-22 04:00:00+00:00,699.2,trailing_stop,0.3700401685118055,0.3680401685118055,10.258011950027145,10.202569255839204,19.01140684410644,bar_open_or_intrabar_window,2026Q3,2,winner_gt10,P0319,ZEC:3,False,V0194,25,2,B,Mid SMA overhead and slow SMA below partial core,astra,False
okx_30m_00d54ed71b9c8447,okx,SPX-USDT-SWAP,SPX,30,19119,19119,2026-08-19 13:00:00+00:00,1,SPX,2026-08-19 13:30:00+00:00,True,passed,True,True,spike-v9-entry-bundle-20260915-v1,unknown,0.0053996920834988,0.3251,0.3206,0.0045,0.1444888888888887,confirmation_close_reference_not_fill,2026-08-19 13:30:00+00:00,okx_30m_00d54ed71b9c8447:19119:1,0.0138418948015995,0.0053996920834988,2.5634600246742987,5.443667811870632,1.342242197390051,0.6521739130434877,0.913043478260878,1.6548287319392672,1.3184394004231017,2.2088751830281725,0.2848288916304776,3.474912477891821,6.095338280892209,0.9762429747568808,1.0,0.9850324317064144,0.930909768309414,0.3297297297297301,4.329399152783254,0.6873593176163961,19120,2026-08-19 13:30:00+00:00,True,False,True,0.3249,0.3206,0.0043,0.0132348414896892,19247,2026-08-22 05:00:00+00:00,0.4537,trailing_stop,0.3964296706678978,0.3944296706678978,29.95348837209285,29.802372093023077,39.6976744186044,bar_open_or_intrabar_window,2026Q3,1,winner_gt10,P0326,SPX:4,True,V0681,86,1,D,compact core with late rise detached,budget-mapper-luna-max,okx_30m_00d54ed71b9c8447,okx,SPX-USDT-SWAP,SPX,30,19119,19119,2026-08-19 13:00:00+00:00,1,SPX,2026-08-19 13:30:00+00:00,True,passed,True,True,spike-v9-entry-bundle-20260915-v1,unknown,0.0053996920834988,0.3251,0.3206,0.0045,0.1444888888888887,confirmation_close_reference_not_fill,2026-08-19 13:30:00+00:00,0.0138418948015995,0.0053996920834988,2.5634600246742987,5.443667811870632,1.342242197390051,0.6521739130434877,0.913043478260878,1.6548287319392672,1.3184394004231017,2.2088751830281725,0.2848288916304776,3.474912477891821,6.095338280892209,0.9762429747568808,1.0,0.9850324317064144,0.930909768309414,0.3297297297297301,4.329399152783254,0.6873593176163961,19120,2026-08-19 13:30:00+00:00,True,False,True,0.3249,0.3206,0.0043,0.0132348414896892,19247,2026-08-22 05:00:00+00:00,0.4537,trailing_stop,0.3964296706678978,0.3944296706678978,29.95348837209285,29.802372093023077,39.6976744186044,bar_open_or_intrabar_window,2026Q3,1,winner_gt10,P0326,SPX:4,False,V0182,23,6,N,Established rising stack and higher fast pair,astra,False
binance_30m_38e61c096bf09bcd,binance,JASMYUSDT,JASMY,30,17561,35537,2025-09-08 08:30:00+00:00,1,JASMY,2025-09-08 09:00:00+00:00,True,passed,True,True,spike-v9-entry-bundle-20260915-v1,unknown,0.0067539525670898,0.01431,0.014045,0.0002649999999999,0.1080000000000001,confirmation_close_reference_not_fill,2025-09-08 09:00:00+00:00,binance_30m_38e61c096bf09bcd:35537:1,0.0185185185185184,0.0067539525670898,2.7418786754224715,6.374707022655071,2.760537837959069,0.6919831223628626,0.7637130801687754,1.5177558293057452,1.248359152278654,2.036081068961172,0.4449086152572281,2.8246523712842753,4.035217673263263,0.7506930832280253,1.0,1.4479311386263274,1.0807659097164135,0.3357933579335789,3.310947834472432,1.006868803959633,35538,2025-09-08 09:00:00+00:00,True,False,False,0.014308,0.014045,0.0002629999999999,0.0183813251327927,35610,2025-09-09 21:00:00+00:00,0.014045,initial_stop,-0.0183813251327927,-0.0203813251327927,-0.999999999999999,-1.1088060836501896,2.1939163498098955,bar_open_or_intrabar_window,2025Q3,1,matched_nonwinner,P0051,JASMY:2,True,V0684,86,4,D,compact lines with endpoint rise,budget-mapper-luna-max,binance_30m_38e61c096bf09bcd,binance,JASMYUSDT,JASMY,30,17561,35537,2025-09-08 08:30:00+00:00,1,JASMY,2025-09-08 09:00:00+00:00,True,passed,True,True,spike-v9-entry-bundle-20260915-v1,unknown,0.0067539525670898,0.01431,0.014045,0.0002649999999999,0.1080000000000001,confirmation_close_reference_not_fill,2025-09-08 09:00:00+00:00,0.0185185185185184,0.0067539525670898,2.7418786754224715,6.374707022655071,2.760537837959069,0.6919831223628626,0.7637130801687754,1.5177558293057452,1.248359152278654,2.036081068961172,0.4449086152572281,2.8246523712842753,4.035217673263263,0.7506930832280253,1.0,1.4479311386263274,1.0807659097164135,0.3357933579335789,3.310947834472432,1.006868803959633,35538,2025-09-08 09:00:00+00:00,True,False,False,0.014308,0.014045,0.0002629999999999,0.0183813251327927,35610,2025-09-09 21:00:00+00:00,0.014045,initial_stop,-0.0183813251327927,-0.0203813251327927,-0.999999999999999,-1.1088060836501896,2.1939163498098955,bar_open_or_intrabar_window,2025Q3,1,matched_nonwinner,P0051,JASMY:2,False,V0328,41,8,B,Fast pair above lower slow-mid group after earlier impulse,astra,False
okx_30m_d27afaef6a0e0767,okx,BZ-USDT-SWAP,BZ,30,5032,5032,2026-07-07 06:00:00+00:00,1,BZ,2026-07-07 06:30:00+00:00,True,passed,True,True,spike-v9-entry-bundle-20260915-v1,unknown,0.0029029951509378,72.88,72.45,0.4299999999999926,0.3389767441860523,confirmation_close_reference_not_fill,2026-07-07 06:30:00+00:00,okx_30m_d27afaef6a0e0767:5032:1,0.0059001097694839,0.0029029951509378,2.032421503555665,2.0794883680142315,1.043040363131633,-0.3636363636363577,0.3636363636363577,1.725303554204748,1.1877186770604895,1.6549757759337962,-0.567187396341147,3.2140619125996768,5.293749032517126,1.052408738493792,1.0,1.0567507152660771,0.7553588526668492,0.333333333333324,4.206639856196684,0.7601944301767661,5033,2026-07-07 06:30:00+00:00,True,False,True,72.86,72.45,0.4099999999999966,0.0056272303046938,5131,2026-07-09 07:30:00+00:00,77.35000000000001,trailing_stop,0.06162503431238,0.05962503431238,10.951219512195244,10.5958048780489,18.731707317073344,bar_open_or_intrabar_window,2026Q3,0,winner_gt10,P0395,BZ:1,True,V0706,89,2,D,compact lines with endpoint pullback,budget-mapper-luna-max,okx_30m_d27afaef6a0e0767,okx,BZ-USDT-SWAP,BZ,30,5032,5032,2026-07-07 06:00:00+00:00,1,BZ,2026-07-07 06:30:00+00:00,True,passed,True,True,spike-v9-entry-bundle-20260915-v1,unknown,0.0029029951509378,72.88,72.45,0.4299999999999926,0.3389767441860523,confirmation_close_reference_not_fill,2026-07-07 06:30:00+00:00,0.0059001097694839,0.0029029951509378,2.032421503555665,2.0794883680142315,1.043040363131633,-0.3636363636363577,0.3636363636363577,1.725303554204748,1.1877186770604895,1.6549757759337962,-0.567187396341147,3.2140619125996768,5.293749032517126,1.052408738493792,1.0,1.0567507152660771,0.7553588526668492,0.333333333333324,4.206639856196684,0.7601944301767661,5033,2026-07-07 06:30:00+00:00,True,False,True,72.86,72.45,0.4099999999999966,0.0056272303046938,5131,2026-07-09 07:30:00+00:00,77.35000000000001,trailing_stop,0.06162503431238,0.05962503431238,10.951219512195244,10.5958048780489,18.731707317073344,bar_open_or_intrabar_window,2026Q3,0,winner_gt10,P0395,BZ:1,False,V0402,51,2,B,fast/mid cluster with slow lines offset; late rebound,budget-mapper-luna-max,True
binance_30m_7af0c019861756e1,binance,PIXELUSDT,PIXEL,30,14105,23747,2025-06-28 08:30:00+00:00,1,PIXEL,2025-06-28 09:00:00+00:00,True,passed,True,True,spike-v9-entry-bundle-20260915-v1,unknown,0.0072940766672009,0.03081,0.0301549999999999,0.000655,0.0940763358778622,confirmation_close_reference_not_fill,2025-06-28 09:00:00+00:00,binance_30m_7af0c019861756e1:23747:1,0.0212593313859137,0.0072940766672009,2.914602129356558,1.79563500777678,0.6054100312655868,-0.3571428571428394,0.5714285714285678,0.9819168496865196,1.045973387781883,1.3838797896639576,-0.2669864545975507,0.6229683940609465,1.8244074397499015,0.5312783713158076,0.5,0.6379656962322865,0.6764835925748537,0.057851239669422,2.981348743005934,1.193628189653475,23748,2025-06-28 09:00:00+00:00,True,False,False,0.03082,0.0301549999999999,0.000665,0.0215768981181052,23844,2025-06-30 09:00:00+00:00,0.032645,trailing_stop,0.059214795587281,0.057214795587281,2.744360902255632,2.651669172932324,5.263157894736828,bar_open_or_intrabar_window,2025Q2,1,matched_nonwinner,P0115,PIXEL:2,True,V0803,101,3,D,compact core with endpoint pullback,budget-mapper-luna-max,binance_30m_7af0c019861756e1,binance,PIXELUSDT,PIXEL,30,14105,23747,2025-06-28 08:30:00+00:00,1,PIXEL,2025-06-28 09:00:00+00:00,True,passed,True,True,spike-v9-entry-bundle-20260915-v1,unknown,0.0072940766672009,0.03081,0.0301549999999999,0.000655,0.0940763358778622,confirmation_close_reference_not_fill,2025-06-28 09:00:00+00:00,0.0212593313859137,0.0072940766672009,2.914602129356558,1.79563500777678,0.6054100312655868,-0.3571428571428394,0.5714285714285678,0.9819168496865196,1.045973387781883,1.3838797896639576,-0.2669864545975507,0.6229683940609465,1.8244074397499015,0.5312783713158076,0.5,0.6379656962322865,0.6764835925748537,0.057851239669422,2.981348743005934,1.193628189653475,23748,2025-06-28 09:00:00+00:00,True,False,False,0.03082,0.0301549999999999,0.000665,0.0215768981181052,23844,2025-06-30 09:00:00+00:00,0.032645,trailing_stop,0.059214795587281,0.057214795587281,2.744360902255632,2.651669172932324,5.263157894736828,bar_open_or_intrabar_window,2025Q2,1,matched_nonwinner,P0115,PIXEL:2,False,V0268,34,4,B,Mid SMA below upper fast-slow meeting,astra,False
