scope,timeframe_min,arm,policy,kind,bucket,period,analysis_start,analysis_split,analysis_end_exclusive,taken,closed,censored,weeks,symbols,win_rate,mean_net_bp,mean_net_r,wins,sum_net_r,mean_gross_bp,median_net_bp,ge5r,ge10r,pf_r,ge5r_rate,win_rate_low,win_rate_high,mean_net_bp_low,mean_net_bp_high,mean_net_r_low,mean_net_r_high,matched,paired_target_mean_net_bp,random_mean_net_bp,random_win_rate,mean_excess_bp,random_coverage,test_scope,fixed_incumbent_symbols,run_universe_symbols,fixed_universe_coverage,fixed_universe_rule,first_analysis_month_removed
all_fixed_incumbents,15,v9_both,baseline,overall,0,all,2020-02-01 00:00:00+00:00,2023-01-01 00:00:00+00:00,2026-09-23 04:00:00+00:00,727,727,0,281,2,0.2984869325997249,-1.1615632355708938,0.010630673242621645,217.0,7.728499447385936,18.838436764429108,-86.87152052709601,33.0,7.0,1.0134979996905287,0.0453920220082531,0.26440053996170176,0.3342291265781199,-20.288923119433175,19.37589281692696,-0.14832100568311848,0.17910635849199402,616,-4.158115958332144,-8.624622202245732,0.2792207792207792,4.466506243913584,0.8473177441540578,descriptive same-clock matched random,2,2,1.0,merged source first_ms < analysis_start; not a point-in-time universe,False
all_fixed_incumbents,15,v9_both,baseline,overall,0,earlier,2020-02-01 00:00:00+00:00,2023-01-01 00:00:00+00:00,2026-09-23 04:00:00+00:00,333,333,0,126,2,0.3183183183183183,-8.07657365340477,0.08779875548298932,106.0,29.236985575835444,11.923426346595242,-114.772854645375,14.0,4.0,1.117232141590215,0.042042042042042045,0.27113702623906705,0.36950595089536403,-39.06201638645134,26.12905088865248,-0.13134692940042175,0.33030268894744236,285,-11.524359253041911,-5.587447513935349,0.2736842105263158,-5.936911739106561,0.8558558558558559,descriptive same-clock matched random,2,2,1.0,merged source first_ms < analysis_start; not a point-in-time universe,False
all_fixed_incumbents,15,v9_both,baseline,overall,0,later,2020-02-01 00:00:00+00:00,2023-01-01 00:00:00+00:00,2026-09-23 04:00:00+00:00,394,394,0,155,2,0.2817258883248731,4.682849122649111,-0.05459006631586164,111.0,-21.508486128449487,24.6828491226491,-74.5196507054565,19.0,3.0,0.9334457702081495,0.048223350253807105,0.23420103430217334,0.33075034025681993,-22.478696190622678,31.905914632831433,-0.2961622059006874,0.19019469849400403,331,2.18441980901615,-11.239712190670076,0.283987915407855,13.424131999686225,0.8401015228426396,descriptive same-clock matched random,2,2,1.0,merged source first_ms < analysis_start; not a point-in-time universe,False
all_fixed_incumbents,15,v9_both,baseline,overall,0,cross,2020-02-01 00:00:00+00:00,2023-01-01 00:00:00+00:00,2026-09-23 04:00:00+00:00,0,0,0,0,0,,,,,,,,,,,,,,,,,,0,,,,,,descriptive same-clock matched random,2,2,1.0,merged source first_ms < analysis_start; not a point-in-time universe,False
all_fixed_incumbents,15,v9_both,baseline,4h,0,all,2020-02-01 00:00:00+00:00,2023-01-01 00:00:00+00:00,2026-09-23 04:00:00+00:00,119,119,0,92,2,0.2773109243697479,-7.811109829647659,0.10861686483126502,33.0,12.925406914920538,12.188890170352325,-86.87152052709601,7.0,2.0,1.1418461388903374,0.058823529411764705,0.20168067226890757,0.3543434086868173,-57.73663266199861,44.97707354855927,-0.31146529130104167,0.5909640902722652,15,-40.08461346072946,16.619145888817936,0.3333333333333333,-56.7037593495474,0.12605042016806722,descriptive same-clock matched random,2,2,1.0,merged source first_ms < analysis_start; not a point-in-time universe,False
all_fixed_incumbents,15,v9_both,baseline,4h,0,earlier,2020-02-01 00:00:00+00:00,2023-01-01 00:00:00+00:00,2026-09-23 04:00:00+00:00,44,44,0,36,2,0.2727272727272727,-68.526649204973,-0.01356656786862806,12.0,-0.5969289862196346,-48.526649204973005,-119.72726097772599,3.0,1.0,0.9826407468628284,0.06818181818181818,0.14285714285714285,0.40476190476190477,-144.12478323085418,7.5483627919122265,-0.6241636058202753,0.6568667394837997,4,75.7149059741315,-16.595918229042745,0.25,92.31082420317425,0.09090909090909091,descriptive same-clock matched random,2,2,1.0,merged source first_ms < analysis_start; not a point-in-time universe,False
all_fixed_incumbents,15,v9_both,baseline,4h,0,later,2020-02-01 00:00:00+00:00,2023-01-01 00:00:00+00:00,2026-09-23 04:00:00+00:00,75,75,0,56,2,0.28,27.80867327054321,0.1802978120152024,21.0,13.52233590114018,47.80867327054317,-66.00721754418299,4.0,1.0,1.2383381091525008,0.05333333333333334,0.18516081871345028,0.3797602068104831,-36.086981328983654,110.61651933967087,-0.39872825876329865,0.935797083969706,11,-82.19352961886074,28.69735102258546,0.36363636363636365,-110.89088064144619,0.14666666666666667,descriptive same-clock matched random,2,2,1.0,merged source first_ms < analysis_start; not a point-in-time universe,False
all_fixed_incumbents,15,v9_both,baseline,4h,0,cross,2020-02-01 00:00:00+00:00,2023-01-01 00:00:00+00:00,2026-09-23 04:00:00+00:00,0,0,0,0,0,,,,,,,,,,,,,,,,,,0,,,,,,descriptive same-clock matched random,2,2,1.0,merged source first_ms < analysis_start; not a point-in-time universe,False
all_fixed_incumbents,15,v9_both,baseline,4h,4,all,2020-02-01 00:00:00+00:00,2023-01-01 00:00:00+00:00,2026-09-23 04:00:00+00:00,71,71,0,64,2,0.38028169014084506,6.693308919005326,0.026012410874530212,27.0,1.846881172091645,26.69330891900532,-56.626052911312996,1.0,0.0,1.0355037424141573,0.014084507042253521,0.2676056338028169,0.49333333333333335,-43.73302531639223,62.2256218155498,-0.3745994028693307,0.4422513813304653,9,-110.85992890144712,-63.89373681848622,0.1111111111111111,-46.96619208296088,0.1267605633802817,descriptive same-clock matched random,2,2,1.0,merged source first_ms < analysis_start; not a point-in-time universe,False
all_fixed_incumbents,15,v9_both,baseline,4h,4,earlier,2020-02-01 00:00:00+00:00,2023-01-01 00:00:00+00:00,2026-09-23 04:00:00+00:00,41,41,0,35,2,0.4634146341463415,25.012536956742636,0.23539334532855297,19.0,9.651127158470672,45.01253695674264,-51.783126898809996,1.0,0.0,1.3936887799051327,0.024390243902439025,0.3157894736842105,0.6097560975609756,-62.706562412597755,106.68683888795138,-0.2625767307187852,0.74296912572795,8,-117.63916340021389,-124.79874456667662,0.0,7.159581166462751,0.1951219512195122,descriptive same-clock matched random,2,2,1.0,merged source first_ms < analysis_start; not a point-in-time universe,False
all_fixed_incumbents,15,v9_both,baseline,4h,4,later,2020-02-01 00:00:00+00:00,2023-01-01 00:00:00+00:00,2026-09-23 04:00:00+00:00,30,30,0,29,2,0.26666666666666666,-18.342969399235663,-0.2601415328793008,8.0,-7.804245986379024,1.6570306007643345,-59.5167411080415,0.0,0.0,0.7162580116913455,0.0,0.10344827586206896,0.43333333333333335,-60.63288347243239,29.07504252897488,-0.8867956870788403,0.4338719747408302,1,-56.626052911312996,423.346325167037,1.0,-479.97237807835,0.03333333333333333,descriptive same-clock matched random,2,2,1.0,merged source first_ms < analysis_start; not a point-in-time universe,False
all_fixed_incumbents,15,v9_both,baseline,4h,4,cross,2020-02-01 00:00:00+00:00,2023-01-01 00:00:00+00:00,2026-09-23 04:00:00+00:00,0,0,0,0,0,,,,,,,,,,,,,,,,,,0,,,,,,descriptive same-clock matched random,2,2,1.0,merged source first_ms < analysis_start; not a point-in-time universe,False
all_fixed_incumbents,15,v9_both,baseline,4h,8,all,2020-02-01 00:00:00+00:00,2023-01-01 00:00:00+00:00,2026-09-23 04:00:00+00:00,166,166,0,122,2,0.3072289156626506,5.273382771383747,0.08325284075094966,51.0,13.819971564657642,25.273382771383762,-97.81998201426799,10.0,2.0,1.1062145348635404,0.060240963855421686,0.23528525868178596,0.37663892993234305,-36.588696748802626,48.876170116231584,-0.2795547234197439,0.45693208424343196,20,38.04966955218189,139.82628106707023,0.4,-101.77661151488834,0.12048192771084337,descriptive same-clock matched random,2,2,1.0,merged source first_ms < analysis_start; not a point-in-time universe,False
all_fixed_incumbents,15,v9_both,baseline,4h,8,earlier,2020-02-01 00:00:00+00:00,2023-01-01 00:00:00+00:00,2026-09-23 04:00:00+00:00,67,67,0,52,2,0.2537313432835821,-12.548598962511043,0.025082337869057014,17.0,1.6805166372268199,7.451401037488979,-137.33003985852798,4.0,1.0,1.0307573416781664,0.05970149253731343,0.14925373134328357,0.3538709677419354,-86.41936026303257,66.40283257436748,-0.5062705655855729,0.5938843128190894,11,59.35269239127837,190.30956071122853,0.36363636363636365,-130.9568683199502,0.16417910447761194,descriptive same-clock matched random,2,2,1.0,merged source first_ms < analysis_start; not a point-in-time universe,False
all_fixed_incumbents,15,v9_both,baseline,4h,8,later,2020-02-01 00:00:00+00:00,2023-01-01 00:00:00+00:00,2026-09-23 04:00:00+00:00,99,99,0,70,2,0.3434343434343434,17.33472394482769,0.1226207568427356,34.0,12.139454927430824,37.33472394482769,-75.08712096626701,6.0,1.0,1.1608389324759305,0.06060606060606061,0.2475222006736756,0.43564356435643564,-26.990485264300716,64.4338605346156,-0.327907656924613,0.5969780826518643,9,12.012641637730665,78.12449483532123,0.4444444444444444,-66.11185319759056,0.09090909090909091,descriptive same-clock matched random,2,2,1.0,merged source first_ms < analysis_start; not a point-in-time universe,False
all_fixed_incumbents,15,v9_both,baseline,4h,8,cross,2020-02-01 00:00:00+00:00,2023-01-01 00:00:00+00:00,2026-09-23 04:00:00+00:00,0,0,0,0,0,,,,,,,,,,,,,,,,,,0,,,,,,descriptive same-clock matched random,2,2,1.0,merged source first_ms < analysis_start; not a point-in-time universe,False
all_fixed_incumbents,15,v9_both,baseline,4h,12,all,2020-02-01 00:00:00+00:00,2023-01-01 00:00:00+00:00,2026-09-23 04:00:00+00:00,104,104,0,79,2,0.33653846153846156,23.033559125720185,0.14159058209923656,35.0,14.725420538320602,43.03355912572019,-72.517406153309,6.0,2.0,1.179343001212046,0.057692307692307696,0.24324324324324326,0.43272405660377344,-25.15891213307743,77.80900756254314,-0.3617375010438926,0.7022168817268819,14,-91.143463826244,-45.8954560082585,0.21428571428571427,-45.2480078179855,0.1346153846153846,descriptive same-clock matched random,2,2,1.0,merged source first_ms < analysis_start; not a point-in-time universe,False
all_fixed_incumbents,15,v9_both,baseline,4h,12,earlier,2020-02-01 00:00:00+00:00,2023-01-01 00:00:00+00:00,2026-09-23 04:00:00+00:00,53,53,0,42,2,0.4339622641509434,67.45019702241716,0.5175775274509008,23.0,27.43160895489774,87.45019702241717,-74.622380988575,3.0,1.0,1.7843410629390692,0.05660377358490566,0.29409229208924953,0.5740740740740741,-18.54104175001117,165.0532562616013,-0.18054825901016572,1.378359227732986,6,-101.83011326249965,-56.87276078794534,0.16666666666666666,-44.95735247455433,0.11320754716981132,descriptive same-clock matched random,2,2,1.0,merged source first_ms < analysis_start; not a point-in-time universe,False
all_fixed_incumbents,15,v9_both,baseline,4h,12,later,2020-02-01 00:00:00+00:00,2023-01-01 00:00:00+00:00,2026-09-23 04:00:00+00:00,51,51,0,37,2,0.23529411764705882,-23.124907708102157,-0.24914094934464978,12.0,-12.706188416577138,-3.1249077081021768,-71.58558795366301,3.0,1.0,0.7304212931447649,0.058823529411764705,0.12727272727272726,0.3600425531914891,-64.6863229158651,30.043974553928745,-0.8444877483526233,0.5057754465220853,8,-83.12847674905224,-37.66247742349338,0.25,-45.465999325558876,0.1568627450980392,descriptive same-clock matched random,2,2,1.0,merged source first_ms < analysis_start; not a point-in-time universe,False
all_fixed_incumbents,15,v9_both,baseline,4h,12,cross,2020-02-01 00:00:00+00:00,2023-01-01 00:00:00+00:00,2026-09-23 04:00:00+00:00,0,0,0,0,0,,,,,,,,,,,,,,,,,,0,,,,,,descriptive same-clock matched random,2,2,1.0,merged source first_ms < analysis_start; not a point-in-time universe,False
all_fixed_incumbents,15,v9_both,baseline,4h,16,all,2020-02-01 00:00:00+00:00,2023-01-01 00:00:00+00:00,2026-09-23 04:00:00+00:00,129,129,0,98,2,0.24031007751937986,-18.462658380006822,-0.14817484199805928,31.0,-19.114554617749647,1.5373416199931762,-99.73836324916199,5.0,1.0,0.8296303444512194,0.03875968992248062,0.16391013964784457,0.3181818181818182,-63.66553971395379,33.0023185285233,-0.5248853439109912,0.3012596814096352,17,-18.08704532697841,3.3481064762005293,0.17647058823529413,-21.435151803178936,0.13178294573643412,descriptive same-clock matched random,2,2,1.0,merged source first_ms < analysis_start; not a point-in-time universe,False
all_fixed_incumbents,15,v9_both,baseline,4h,16,earlier,2020-02-01 00:00:00+00:00,2023-01-01 00:00:00+00:00,2026-09-23 04:00:00+00:00,74,74,0,55,2,0.28378378378378377,-15.399266280272757,0.025475956515780128,21.0,1.8852207821677296,4.600733719727259,-118.11615308310951,2.0,1.0,1.0331594566782056,0.02702702702702703,0.1917808219178082,0.3888888888888889,-76.71033844935897,61.64590439205332,-0.43395937501294907,0.6137532077045826,10,-45.5547845166915,22.02540819959201,0.1,-67.58019271628349,0.13513513513513514,descriptive same-clock matched random,2,2,1.0,merged source first_ms < analysis_start; not a point-in-time universe,False
all_fixed_incumbents,15,v9_both,baseline,4h,16,later,2020-02-01 00:00:00+00:00,2023-01-01 00:00:00+00:00,2026-09-23 04:00:00+00:00,55,55,0,43,2,0.18181818181818182,-22.584313205103552,-0.381814098180316,10.0,-20.99977539991738,-2.5843132051035793,-79.723183688562,3.0,0.0,0.620541366731105,0.05454545454545454,0.08620689655172414,0.2962962962962963,-68.86619998243008,35.57813858283602,-0.8766809903539644,0.21292964097344322,7,21.152582086897432,-23.333753128644425,0.2857142857142857,44.486335215541864,0.12727272727272726,descriptive same-clock matched random,2,2,1.0,merged source first_ms < analysis_start; not a point-in-time universe,False
all_fixed_incumbents,15,v9_both,baseline,4h,16,cross,2020-02-01 00:00:00+00:00,2023-01-01 00:00:00+00:00,2026-09-23 04:00:00+00:00,0,0,0,0,0,,,,,,,,,,,,,,,,,,0,,,,,,descriptive same-clock matched random,2,2,1.0,merged source first_ms < analysis_start; not a point-in-time universe,False
all_fixed_incumbents,15,v9_both,baseline,4h,20,all,2020-02-01 00:00:00+00:00,2023-01-01 00:00:00+00:00,2026-09-23 04:00:00+00:00,138,138,0,107,2,0.2898550724637681,-9.270638361485991,-0.11938134873083214,40.0,-16.474626124854836,10.729361638513996,-96.87845338423651,4.0,0.0,0.8431111752240552,0.028985507246376812,0.20587228041901692,0.375,-57.298464567238945,39.82425218747796,-0.42569320919135806,0.18302932130106594,19,43.203365331914625,24.22816193915195,0.3157894736842105,18.975203392762687,0.13768115942028986,descriptive same-clock matched random,2,2,1.0,merged source first_ms < analysis_start; not a point-in-time universe,False
all_fixed_incumbents,15,v9_both,baseline,4h,20,earlier,2020-02-01 00:00:00+00:00,2023-01-01 00:00:00+00:00,2026-09-23 04:00:00+00:00,54,54,0,44,2,0.25925925925925924,-42.48887192131684,-0.20026961056866452,14.0,-10.814558970707884,-22.488871921316843,-134.46143666963502,1.0,0.0,0.754367347294202,0.018518518518518517,0.1509433962264151,0.37932758620689644,-118.17285687268587,42.107135073964756,-0.621516897719102,0.29656533388158374,6,61.972890631455506,-177.15577684984132,0.0,239.12866748129684,0.1111111111111111,descriptive same-clock matched random,2,2,1.0,merged source first_ms < analysis_start; not a point-in-time universe,False
all_fixed_incumbents,15,v9_both,baseline,4h,20,later,2020-02-01 00:00:00+00:00,2023-01-01 00:00:00+00:00,2026-09-23 04:00:00+00:00,84,84,0,63,2,0.30952380952380953,12.083940355548135,-0.06738175183508271,26.0,-5.660067154146948,32.0839403555481,-81.0594357848525,3.0,0.0,0.9071829758191244,0.03571428571428571,0.20475831899024668,0.4146341463414634,-42.84012741027372,73.56761453231776,-0.47133128871051333,0.36939868049949903,13,34.54050750135732,117.17459522637962,0.46153846153846156,-82.63408772502231,0.15476190476190477,descriptive same-clock matched random,2,2,1.0,merged source first_ms < analysis_start; not a point-in-time universe,False
all_fixed_incumbents,15,v9_both,baseline,4h,20,cross,2020-02-01 00:00:00+00:00,2023-01-01 00:00:00+00:00,2026-09-23 04:00:00+00:00,0,0,0,0,0,,,,,,,,,,,,,,,,,,0,,,,,,descriptive same-clock matched random,2,2,1.0,merged source first_ms < analysis_start; not a point-in-time universe,False
all_fixed_incumbents,15,v9_both,retest,overall,0,all,2020-02-01 00:00:00+00:00,2023-01-01 00:00:00+00:00,2026-09-23 04:00:00+00:00,109,109,0,92,2,0.3853211009174312,77.91087985401671,0.35337742421263313,42.0,38.51813923917701,97.91087985401668,-75.793496716238,6.0,0.0,1.6903422126520824,0.05504587155963303,0.2990145276209864,0.4727272727272727,-14.303289184337416,183.75224827042524,-0.013068086444244948,0.7564472518583374,10,-5.9173851117785095,108.76865338909629,0.5,-114.6860385008748,0.09174311926605505,descriptive same-clock matched random,2,2,1.0,merged source first_ms < analysis_start; not a point-in-time universe,False
all_fixed_incumbents,15,v9_both,retest,overall,0,earlier,2020-02-01 00:00:00+00:00,2023-01-01 00:00:00+00:00,2026-09-23 04:00:00+00:00,50,50,0,39,2,0.34,112.94873110227545,0.4882741465262809,17.0,24.413707326314046,132.9487311022754,-108.5873817109765,4.0,0.0,1.9125297988764671,0.08,0.20833333333333334,0.4716981132075472,-57.065132396879335,317.19400930283547,-0.09280627726883059,1.1240468982846112,4,29.478815914826487,141.6806328427695,0.5,-112.20181692794299,0.08,descriptive same-clock matched random,2,2,1.0,merged source first_ms < analysis_start; not a point-in-time universe,False
all_fixed_incumbents,15,v9_both,retest,overall,0,later,2020-02-01 00:00:00+00:00,2023-01-01 00:00:00+00:00,2026-09-23 04:00:00+00:00,59,59,0,53,2,0.423728813559322,48.21778557583135,0.23905816801462657,25.0,14.104431912862967,68.21778557583133,-71.484300641491,2.0,0.0,1.4856589710902866,0.03389830508474576,0.2999561403508772,0.55,-36.37727579784515,142.32210746982958,-0.21689440581569477,0.7806574982383514,6,-29.5148524628485,86.82733375331416,0.5,-116.34218621616267,0.1016949152542373,descriptive same-clock matched random,2,2,1.0,merged source first_ms < analysis_start; not a point-in-time universe,False
all_fixed_incumbents,15,v9_both,retest,overall,0,cross,2020-02-01 00:00:00+00:00,2023-01-01 00:00:00+00:00,2026-09-23 04:00:00+00:00,0,0,0,0,0,,,,,,,,,,,,,,,,,,0,,,,,,descriptive same-clock matched random,2,2,1.0,merged source first_ms < analysis_start; not a point-in-time universe,False
all_fixed_incumbents,15,v9_both,retest,4h,0,all,2020-02-01 00:00:00+00:00,2023-01-01 00:00:00+00:00,2026-09-23 04:00:00+00:00,24,24,0,23,2,0.2916666666666667,135.64225273719524,0.3039222810186732,7.0,7.294134744448156,155.64225273719526,-108.423605150285,2.0,0.0,1.486005866781407,0.08333333333333333,0.125,0.4782608695652174,-132.98419969247732,542.3242836801628,-0.5907431549864622,1.4990437805197985,0,,,,,0.0,descriptive same-clock matched random,2,2,1.0,merged source first_ms < analysis_start; not a point-in-time universe,False
all_fixed_incumbents,15,v9_both,retest,4h,0,earlier,2020-02-01 00:00:00+00:00,2023-01-01 00:00:00+00:00,2026-09-23 04:00:00+00:00,10,10,0,10,2,0.2,216.41789615107692,0.14316954454207315,2.0,1.4316954454207313,236.41789615107683,-201.337501575706,1.0,0.0,1.178131188414915,0.1,0.0,0.5,-258.1910857075316,1059.3436592739931,-1.0546890588039275,1.9158974854762625,0,,,,,0.0,descriptive same-clock matched random,2,2,1.0,merged source first_ms < analysis_start; not a point-in-time universe,False
all_fixed_incumbents,15,v9_both,retest,4h,0,later,2020-02-01 00:00:00+00:00,2023-01-01 00:00:00+00:00,2026-09-23 04:00:00+00:00,14,14,0,13,2,0.35714285714285715,77.94536458442266,0.41874566421624476,5.0,5.862439299027427,97.94536458442265,-57.862073451747,1.0,0.0,1.8409732825441332,0.07142857142857142,0.14285714285714285,0.5714285714285714,-116.87304652741682,378.1832691971935,-0.6568624920886764,2.13378695124441,0,,,,,0.0,descriptive same-clock matched random,2,2,1.0,merged source first_ms < analysis_start; not a point-in-time universe,False
all_fixed_incumbents,15,v9_both,retest,4h,0,cross,2020-02-01 00:00:00+00:00,2023-01-01 00:00:00+00:00,2026-09-23 04:00:00+00:00,0,0,0,0,0,,,,,,,,,,,,,,,,,,0,,,,,,descriptive same-clock matched random,2,2,1.0,merged source first_ms < analysis_start; not a point-in-time universe,False
all_fixed_incumbents,15,v9_both,retest,4h,4,all,2020-02-01 00:00:00+00:00,2023-01-01 00:00:00+00:00,2026-09-23 04:00:00+00:00,12,12,0,12,2,0.4166666666666667,-18.329693147705083,0.2696051602195868,5.0,3.2352619226350416,1.6703068522948414,-56.9295795927095,0.0,0.0,1.6501530856002453,0.0,0.16666666666666666,0.6666666666666666,-222.9570079031664,194.20541935909264,-0.4019002682648942,0.979047598891031,0,,,,,0.0,descriptive same-clock matched random,2,2,1.0,merged source first_ms < analysis_start; not a point-in-time universe,False
all_fixed_incumbents,15,v9_both,retest,4h,4,earlier,2020-02-01 00:00:00+00:00,2023-01-01 00:00:00+00:00,2026-09-23 04:00:00+00:00,5,5,0,5,2,0.4,-106.02330009901661,0.2662219095059795,2.0,1.3311095475298975,-86.02330009901678,-7.600189907002,0.0,0.0,1.7721116424755152,0.0,0.0,0.8,-482.7503736728134,195.38833157633977,-0.6849399880045913,1.1571391527463726,0,,,,,0.0,descriptive same-clock matched random,2,2,1.0,merged source first_ms < analysis_start; not a point-in-time universe,False
all_fixed_incumbents,15,v9_both,retest,4h,4,later,2020-02-01 00:00:00+00:00,2023-01-01 00:00:00+00:00,2026-09-23 04:00:00+00:00,7,7,0,7,2,0.42857142857142855,44.30859753180313,0.27202176787216353,3.0,1.9041523751051446,64.30859753180314,-106.258969278417,0.0,0.0,1.5855024241136337,0.0,0.14285714285714285,0.7142857142857143,-152.64499124883213,312.28280354466085,-0.7106956156109633,1.27369738732576,0,,,,,0.0,descriptive same-clock matched random,2,2,1.0,merged source first_ms < analysis_start; not a point-in-time universe,False
all_fixed_incumbents,15,v9_both,retest,4h,4,cross,2020-02-01 00:00:00+00:00,2023-01-01 00:00:00+00:00,2026-09-23 04:00:00+00:00,0,0,0,0,0,,,,,,,,,,,,,,,,,,0,,,,,,descriptive same-clock matched random,2,2,1.0,merged source first_ms < analysis_start; not a point-in-time universe,False
all_fixed_incumbents,15,v9_both,retest,4h,8,all,2020-02-01 00:00:00+00:00,2023-01-01 00:00:00+00:00,2026-09-23 04:00:00+00:00,12,12,0,12,2,0.75,158.44573804429322,0.6341853166760522,9.0,7.610223800112626,178.44573804429325,67.977965430382,0.0,0.0,3.5057264296227966,0.0,0.5,1.0,-30.904314579678104,393.3121279087334,0.006116605213461542,1.2776834988470527,0,,,,,0.0,descriptive same-clock matched random,2,2,1.0,merged source first_ms < analysis_start; not a point-in-time universe,False
all_fixed_incumbents,15,v9_both,retest,4h,8,earlier,2020-02-01 00:00:00+00:00,2023-01-01 00:00:00+00:00,2026-09-23 04:00:00+00:00,4,4,0,4,2,0.75,294.8380827283285,0.9239433186140588,3.0,3.695773274456235,314.83808272832846,206.91626434957453,0.0,0.0,4.515722229800359,0.0,0.25,1.0,-214.49812074714248,892.0961045825535,-0.4518213028477471,2.2997079400758644,0,,,,,0.0,descriptive same-clock matched random,2,2,1.0,merged source first_ms < analysis_start; not a point-in-time universe,False
all_fixed_incumbents,15,v9_both,retest,4h,8,later,2020-02-01 00:00:00+00:00,2023-01-01 00:00:00+00:00,2026-09-23 04:00:00+00:00,8,8,0,8,2,0.75,90.24956570227563,0.48930631570704874,6.0,3.91445052565639,110.24956570227562,67.977965430382,0.0,0.0,2.971102170726393,0.0,0.5,1.0,-36.69785607152268,217.43737433289525,-0.18452009054301588,1.1050358002027352,0,,,,,0.0,descriptive same-clock matched random,2,2,1.0,merged source first_ms < analysis_start; not a point-in-time universe,False
all_fixed_incumbents,15,v9_both,retest,4h,8,cross,2020-02-01 00:00:00+00:00,2023-01-01 00:00:00+00:00,2026-09-23 04:00:00+00:00,0,0,0,0,0,,,,,,,,,,,,,,,,,,0,,,,,,descriptive same-clock matched random,2,2,1.0,merged source first_ms < analysis_start; not a point-in-time universe,False
all_fixed_incumbents,15,v9_both,retest,4h,12,all,2020-02-01 00:00:00+00:00,2023-01-01 00:00:00+00:00,2026-09-23 04:00:00+00:00,13,13,0,12,2,0.46153846153846156,117.52993866031017,0.7250931147753623,6.0,9.42621049207971,137.52993866031017,-75.233477035652,2.0,0.0,2.456144962586443,0.15384615384615385,0.16666666666666666,0.7333333333333333,-99.06750704417004,413.6883291513982,-0.5428950091086365,2.320573689396714,0,,,,,0.0,descriptive same-clock matched random,2,2,1.0,merged source first_ms < analysis_start; not a point-in-time universe,False
all_fixed_incumbents,15,v9_both,retest,4h,12,earlier,2020-02-01 00:00:00+00:00,2023-01-01 00:00:00+00:00,2026-09-23 04:00:00+00:00,3,3,0,3,1,0.6666666666666666,649.041998645239,4.030598049737825,2.0,12.091794149213474,669.0419986452391,745.0119414036279,2.0,0.0,12.094285338151773,0.6666666666666666,0.0,1.0,-242.43984644793,1444.5539009800189,-1.0899119484182906,7.4182091503268035,0,,,,,0.0,descriptive same-clock matched random,2,2,1.0,merged source first_ms < analysis_start; not a point-in-time universe,False
all_fixed_incumbents,15,v9_both,retest,4h,12,later,2020-02-01 00:00:00+00:00,2023-01-01 00:00:00+00:00,2026-09-23 04:00:00+00:00,10,10,0,9,2,0.4,-41.9236793351685,-0.2665583657133763,4.0,-2.665583657133763,-21.923679335168494,-78.64194347884,0.0,0.0,0.5048594783713896,0.0,0.0,0.7272727272727273,-148.50496357199938,47.37953823551785,-0.8500752792484327,0.2515274973855273,0,,,,,0.0,descriptive same-clock matched random,2,2,1.0,merged source first_ms < analysis_start; not a point-in-time universe,False
all_fixed_incumbents,15,v9_both,retest,4h,12,cross,2020-02-01 00:00:00+00:00,2023-01-01 00:00:00+00:00,2026-09-23 04:00:00+00:00,0,0,0,0,0,,,,,,,,,,,,,,,,,,0,,,,,,descriptive same-clock matched random,2,2,1.0,merged source first_ms < analysis_start; not a point-in-time universe,False
all_fixed_incumbents,15,v9_both,retest,4h,16,all,2020-02-01 00:00:00+00:00,2023-01-01 00:00:00+00:00,2026-09-23 04:00:00+00:00,21,21,0,21,2,0.42857142857142855,148.0526678773032,0.9077434249390934,9.0,19.06261192372096,168.05266787730315,-42.259529336768,2.0,0.0,3.104891493107274,0.09523809523809523,0.19047619047619047,0.6666666666666666,-18.31295656510296,341.5251131432011,-0.09849299298213625,2.0284464311207993,1,-136.821580117194,-31.408105474538,0.0,-105.413474642656,0.047619047619047616,descriptive same-clock matched random,2,2,1.0,merged source first_ms < analysis_start; not a point-in-time universe,False
all_fixed_incumbents,15,v9_both,retest,4h,16,earlier,2020-02-01 00:00:00+00:00,2023-01-01 00:00:00+00:00,2026-09-23 04:00:00+00:00,13,13,0,13,2,0.46153846153846156,206.6913852960367,1.0658883458374702,6.0,13.856548495887111,226.69138529603657,-5.021400007307,1.0,0.0,3.833188244953959,0.07692307692307693,0.15384615384615385,0.6923076923076923,-28.267214813240663,474.7725874927,-0.12766152188261543,2.427645503870867,0,,,,,0.0,descriptive same-clock matched random,2,2,1.0,merged source first_ms < analysis_start; not a point-in-time universe,False
all_fixed_incumbents,15,v9_both,retest,4h,16,later,2020-02-01 00:00:00+00:00,2023-01-01 00:00:00+00:00,2026-09-23 04:00:00+00:00,8,8,0,8,2,0.375,52.76475207186127,0.6507579284792316,3.0,5.206063427833853,72.76475207186127,-66.980400866402,1.0,0.0,2.2497924158629172,0.125,0.0,0.75,-111.90619529554424,263.6246106895502,-0.772351476795779,2.7342803688033843,1,-136.821580117194,-31.408105474538,0.0,-105.413474642656,0.125,descriptive same-clock matched random,2,2,1.0,merged source first_ms < analysis_start; not a point-in-time universe,False
all_fixed_incumbents,15,v9_both,retest,4h,16,cross,2020-02-01 00:00:00+00:00,2023-01-01 00:00:00+00:00,2026-09-23 04:00:00+00:00,0,0,0,0,0,,,,,,,,,,,,,,,,,,0,,,,,,descriptive same-clock matched random,2,2,1.0,merged source first_ms < analysis_start; not a point-in-time universe,False
all_fixed_incumbents,15,v9_both,retest,4h,20,all,2020-02-01 00:00:00+00:00,2023-01-01 00:00:00+00:00,2026-09-23 04:00:00+00:00,27,27,0,24,2,0.2222222222222222,-40.056145495234155,-0.3003816164377587,6.0,-8.110303643819485,-20.056145495234194,-96.40550720594099,0.0,0.0,0.5296837992024166,0.0,0.07407407407407407,0.4,-153.16729752213516,103.33127778236829,-0.67581598439258,0.16521626881376464,0,,,,,0.0,descriptive same-clock matched random,2,2,1.0,merged source first_ms < analysis_start; not a point-in-time universe,False
all_fixed_incumbents,15,v9_both,retest,4h,20,earlier,2020-02-01 00:00:00+00:00,2023-01-01 00:00:00+00:00,2026-09-23 04:00:00+00:00,15,15,0,12,2,0.13333333333333333,-120.00614943996143,-0.5328809057462267,2.0,-7.9932135861934,-100.00614943996148,-164.439502721477,0.0,0.0,0.1975214469143713,0.0,0.0,0.35714285714285715,-209.49136863600526,35.56489509674791,-0.8441245695881454,-0.0940390789236813,0,,,,,0.0,descriptive same-clock matched random,2,2,1.0,merged source first_ms < analysis_start; not a point-in-time universe,False
all_fixed_incumbents,15,v9_both,retest,4h,20,later,2020-02-01 00:00:00+00:00,2023-01-01 00:00:00+00:00,2026-09-23 04:00:00+00:00,12,12,0,12,2,0.3333333333333333,59.881359435674995,-0.009757504802173772,4.0,-0.11709005762608526,79.8813594356749,-78.5650202801075,0.0,0.0,0.9839243861630315,0.0,0.08333333333333333,0.5833333333333334,-142.5002563900211,299.05253658849864,-0.7707544621204487,0.8302774415923861,0,,,,,0.0,descriptive same-clock matched random,2,2,1.0,merged source first_ms < analysis_start; not a point-in-time universe,False
all_fixed_incumbents,15,v9_both,retest,4h,20,cross,2020-02-01 00:00:00+00:00,2023-01-01 00:00:00+00:00,2026-09-23 04:00:00+00:00,0,0,0,0,0,,,,,,,,,,,,,,,,,,0,,,,,,descriptive same-clock matched random,2,2,1.0,merged source first_ms < analysis_start; not a point-in-time universe,False
all_fixed_incumbents,15,joint,baseline,overall,0,all,2020-02-01 00:00:00+00:00,2023-01-01 00:00:00+00:00,2026-09-23 04:00:00+00:00,333,333,0,205,2,0.2882882882882883,-0.4628255482398372,0.06370289675158752,96.0,21.213064618278644,19.537174451760148,-91.256726933358,16.0,5.0,1.0800582005735493,0.04804804804804805,0.23738493686564904,0.3371138045907305,-30.853381595011303,31.161012344229427,-0.19233507636879427,0.32962899387960887,281,-3.6456145671969518,0.45911476514100275,0.2846975088967972,-4.1047293323379535,0.8438438438438438,descriptive same-clock matched random,2,2,1.0,merged source first_ms < analysis_start; not a point-in-time universe,False
all_fixed_incumbents,15,joint,baseline,overall,0,earlier,2020-02-01 00:00:00+00:00,2023-01-01 00:00:00+00:00,2026-09-23 04:00:00+00:00,159,159,0,96,2,0.3081761006289308,-13.324040395282015,0.08436747225457979,49.0,13.414428088478186,6.675959604717993,-107.707924749438,7.0,3.0,1.1099648479308066,0.0440251572327044,0.23177569040861376,0.3841580675422138,-59.828084803142225,36.47181013697102,-0.27333393453881766,0.4665892723560415,135,-23.845662548072983,24.661792299633643,0.28888888888888886,-48.5074548477066,0.8490566037735849,descriptive same-clock matched random,2,2,1.0,merged source first_ms < analysis_start; not a point-in-time universe,False
all_fixed_incumbents,15,joint,baseline,overall,0,later,2020-02-01 00:00:00+00:00,2023-01-01 00:00:00+00:00,2026-09-23 04:00:00+00:00,174,174,0,109,2,0.27011494252873564,11.28966388095388,0.04481975017126696,47.0,7.798636529800451,31.289663880953853,-75.9052824441975,9.0,2.0,1.0545427050571778,0.05172413793103448,0.20894606720996245,0.3389830508474576,-23.385673826053814,54.03443718732798,-0.2763209191733136,0.4550202281407265,146,15.032511990462394,-21.920073366067935,0.2808219178082192,36.95258535653033,0.8390804597701149,descriptive same-clock matched random,2,2,1.0,merged source first_ms < analysis_start; not a point-in-time universe,False
all_fixed_incumbents,15,joint,baseline,overall,0,cross,2020-02-01 00:00:00+00:00,2023-01-01 00:00:00+00:00,2026-09-23 04:00:00+00:00,0,0,0,0,0,,,,,,,,,,,,,,,,,,0,,,,,,descriptive same-clock matched random,2,2,1.0,merged source first_ms < analysis_start; not a point-in-time universe,False
all_fixed_incumbents,15,joint,baseline,4h,0,all,2020-02-01 00:00:00+00:00,2023-01-01 00:00:00+00:00,2026-09-23 04:00:00+00:00,53,53,0,48,2,0.32075471698113206,54.93321262983146,0.6414347744090136,17.0,33.99604304367772,74.93321262983142,-75.769359855011,5.0,1.0,1.9512317548767752,0.09433962264150944,0.2,0.4423076923076923,-28.45035271631846,156.33000392266447,-0.12145096654489504,1.5985239929570738,8,3.9071289728922522,-7.684182041944503,0.25,11.591311014836755,0.1509433962264151,descriptive same-clock matched random,2,2,1.0,merged source first_ms < analysis_start; not a point-in-time universe,False
all_fixed_incumbents,15,joint,baseline,4h,0,earlier,2020-02-01 00:00:00+00:00,2023-01-01 00:00:00+00:00,2026-09-23 04:00:00+00:00,18,18,0,17,2,0.3888888888888889,20.00004729968578,0.37022492619432423,7.0,6.664048671497836,40.000047299685775,-83.1937517194655,2.0,0.0,1.5422467113447342,0.1111111111111111,0.15789473684210525,0.6470588235294118,-90.35642944338018,145.4702654569861,-0.5678266788239826,1.5067236015213328,4,145.75380588350404,-124.73483219225425,0.0,270.4886380757583,0.2222222222222222,descriptive same-clock matched random,2,2,1.0,merged source first_ms < analysis_start; not a point-in-time universe,False
all_fixed_incumbents,15,joint,baseline,4h,0,later,2020-02-01 00:00:00+00:00,2023-01-01 00:00:00+00:00,2026-09-23 04:00:00+00:00,35,35,0,31,2,0.2857142857142857,72.89884051390638,0.7809141249194251,10.0,27.331994372179878,92.89884051390631,-75.769359855011,3.0,1.0,2.1655796926366526,0.08571428571428572,0.15151515151515152,0.4250892857142852,-34.64176233511585,216.48965824123115,-0.2216813411562082,2.0941228473956324,4,-137.9395479377195,109.36646810836524,0.5,-247.30601604608472,0.11428571428571428,descriptive same-clock matched random,2,2,1.0,merged source first_ms < analysis_start; not a point-in-time universe,False
all_fixed_incumbents,15,joint,baseline,4h,0,cross,2020-02-01 00:00:00+00:00,2023-01-01 00:00:00+00:00,2026-09-23 04:00:00+00:00,0,0,0,0,0,,,,,,,,,,,,,,,,,,0,,,,,,descriptive same-clock matched random,2,2,1.0,merged source first_ms < analysis_start; not a point-in-time universe,False
all_fixed_incumbents,15,joint,baseline,4h,4,all,2020-02-01 00:00:00+00:00,2023-01-01 00:00:00+00:00,2026-09-23 04:00:00+00:00,33,33,0,30,2,0.42424242424242425,51.61389713266329,0.6567546481673853,14.0,21.672903389523714,71.6138971326633,-56.626052911312996,2.0,1.0,2.014978639737863,0.06060606060606061,0.25806451612903225,0.5882352941176471,-38.06608971934266,151.58332435427715,-0.22261138118737614,1.7125700087729214,3,219.385184861966,-88.64192114722267,0.0,308.0271060091887,0.09090909090909091,descriptive same-clock matched random,2,2,1.0,merged source first_ms < analysis_start; not a point-in-time universe,False
all_fixed_incumbents,15,joint,baseline,4h,4,earlier,2020-02-01 00:00:00+00:00,2023-01-01 00:00:00+00:00,2026-09-23 04:00:00+00:00,19,19,0,16,2,0.42105263157894735,11.338118306797673,0.25978811477545416,8.0,4.935974180733629,31.338118306797682,-69.980062973503,1.0,0.0,1.3865794962037152,0.05263157894736842,0.1875,0.6190476190476191,-96.04363962887659,104.97560927754638,-0.6092597412308312,1.057662310699303,2,216.97756445362498,-97.26859731488551,0.0,314.2461617685105,0.10526315789473684,descriptive same-clock matched random,2,2,1.0,merged source first_ms < analysis_start; not a point-in-time universe,False
all_fixed_incumbents,15,joint,baseline,4h,4,later,2020-02-01 00:00:00+00:00,2023-01-01 00:00:00+00:00,2026-09-23 04:00:00+00:00,14,14,0,14,2,0.42857142857142855,106.27388268205233,1.1954949434850062,6.0,16.736929208790087,126.2738826820524,-53.0292622603125,1.0,1.0,2.949615222977377,0.07142857142857142,0.14285714285714285,0.7142857142857143,-33.214538344570826,310.3745509681963,-0.4873377036728293,3.4324875906962884,1,224.200425678648,-71.388568811897,0.0,295.588994490545,0.07142857142857142,descriptive same-clock matched random,2,2,1.0,merged source first_ms < analysis_start; not a point-in-time universe,False
all_fixed_incumbents,15,joint,baseline,4h,4,cross,2020-02-01 00:00:00+00:00,2023-01-01 00:00:00+00:00,2026-09-23 04:00:00+00:00,0,0,0,0,0,,,,,,,,,,,,,,,,,,0,,,,,,descriptive same-clock matched random,2,2,1.0,merged source first_ms < analysis_start; not a point-in-time universe,False
all_fixed_incumbents,15,joint,baseline,4h,8,all,2020-02-01 00:00:00+00:00,2023-01-01 00:00:00+00:00,2026-09-23 04:00:00+00:00,75,75,0,63,2,0.24,-28.882506468413247,-0.3708333070184003,18.0,-27.812498026380023,-8.882506468413226,-101.53273017562499,1.0,1.0,0.5659851108798797,0.013333333333333334,0.14285714285714285,0.3466956521739129,-83.2942397534134,40.67473553571159,-0.7162484801679214,0.07877775422003941,11,-62.597421531277455,-19.733822108857993,0.09090909090909091,-42.86359942241946,0.14666666666666667,descriptive same-clock matched random,2,2,1.0,merged source first_ms < analysis_start; not a point-in-time universe,False
all_fixed_incumbents,15,joint,baseline,4h,8,earlier,2020-02-01 00:00:00+00:00,2023-01-01 00:00:00+00:00,2026-09-23 04:00:00+00:00,31,31,0,27,2,0.25806451612903225,-8.456129955384034,-0.07165354471066647,8.0,-2.2212598860306607,11.543870044616027,-140.068604858308,1.0,1.0,0.9117670450425758,0.03225806451612903,0.12112299465240643,0.42857142857142855,-126.42411238209573,149.39149574837492,-0.7519405108238777,0.9446663132583994,6,-10.64889689581768,43.27161364011799,0.16666666666666666,-53.92051053593568,0.1935483870967742,descriptive same-clock matched random,2,2,1.0,merged source first_ms < analysis_start; not a point-in-time universe,False
all_fixed_incumbents,15,joint,baseline,4h,8,later,2020-02-01 00:00:00+00:00,2023-01-01 00:00:00+00:00,2026-09-23 04:00:00+00:00,44,44,0,36,2,0.22727272727272727,-43.273817193502026,-0.5816190486443036,10.0,-25.591238140349358,-23.273817193502015,-92.2442801091525,0.0,0.0,0.34224510951197396,0.0,0.1025,0.36585365853658536,-85.40513720048764,7.5751795774309505,-0.9058653860012912,-0.23834963306788642,5,-124.93565109382921,-95.3403450076292,0.0,-29.5953060862,0.11363636363636363,descriptive same-clock matched random,2,2,1.0,merged source first_ms < analysis_start; not a point-in-time universe,False
all_fixed_incumbents,15,joint,baseline,4h,8,cross,2020-02-01 00:00:00+00:00,2023-01-01 00:00:00+00:00,2026-09-23 04:00:00+00:00,0,0,0,0,0,,,,,,,,,,,,,,,,,,0,,,,,,descriptive same-clock matched random,2,2,1.0,merged source first_ms < analysis_start; not a point-in-time universe,False
all_fixed_incumbents,15,joint,baseline,4h,12,all,2020-02-01 00:00:00+00:00,2023-01-01 00:00:00+00:00,2026-09-23 04:00:00+00:00,48,48,0,38,2,0.3333333333333333,22.032343222567523,0.20942189613202625,16.0,10.05225101433726,42.03234322256752,-70.24927249136151,3.0,1.0,1.255043366990925,0.0625,0.1875,0.4794097222222209,-52.880413740148256,109.13083628201433,-0.553519311756742,1.0504838411408204,6,-59.44588378630733,-5.286964935465165,0.5,-54.15891885084217,0.125,descriptive same-clock matched random,2,2,1.0,merged source first_ms < analysis_start; not a point-in-time universe,False
all_fixed_incumbents,15,joint,baseline,4h,12,earlier,2020-02-01 00:00:00+00:00,2023-01-01 00:00:00+00:00,2026-09-23 04:00:00+00:00,25,25,0,20,2,0.44,62.945532139710366,0.5654371409018953,11.0,14.135928522547385,82.94553213971041,-72.675048647707,1.0,1.0,1.8428088847685933,0.04,0.21739130434782608,0.6785714285714286,-62.63501367028942,208.46057912848974,-0.47936127850280036,1.869227502222851,0,,,,,0.0,descriptive same-clock matched random,2,2,1.0,merged source first_ms < analysis_start; not a point-in-time universe,False
all_fixed_incumbents,15,joint,baseline,4h,12,later,2020-02-01 00:00:00+00:00,2023-01-01 00:00:00+00:00,2026-09-23 04:00:00+00:00,23,23,0,18,2,0.21739130434782608,-22.438514296066,-0.17755119600913605,5.0,-4.083677508210129,-2.4385142960660486,-68.91295702906001,2.0,0.0,0.8196374083347371,0.08695652173913043,0.07692307692307693,0.391304347826087,-73.82377145950755,49.72437674827275,-1.0817103127809267,0.8077755298108136,6,-59.44588378630733,-5.286964935465165,0.5,-54.15891885084217,0.2608695652173913,descriptive same-clock matched random,2,2,1.0,merged source first_ms < analysis_start; not a point-in-time universe,False
all_fixed_incumbents,15,joint,baseline,4h,12,cross,2020-02-01 00:00:00+00:00,2023-01-01 00:00:00+00:00,2026-09-23 04:00:00+00:00,0,0,0,0,0,,,,,,,,,,,,,,,,,,0,,,,,,descriptive same-clock matched random,2,2,1.0,merged source first_ms < analysis_start; not a point-in-time universe,False
all_fixed_incumbents,15,joint,baseline,4h,16,all,2020-02-01 00:00:00+00:00,2023-01-01 00:00:00+00:00,2026-09-23 04:00:00+00:00,63,63,0,53,2,0.20634920634920634,-50.56080644877589,-0.35421494344233995,13.0,-22.315541436867417,-30.560806448775928,-102.78092846578599,2.0,0.0,0.6017112679881726,0.031746031746031744,0.1147423887587822,0.3114754098360656,-92.48073112305529,-4.701937676308446,-0.7277605820310933,0.07241225466649485,14,-16.614911840170492,-91.91897137763699,0.07142857142857142,75.3040595374665,0.2222222222222222,descriptive same-clock matched random,2,2,1.0,merged source first_ms < analysis_start; not a point-in-time universe,False
all_fixed_incumbents,15,joint,baseline,4h,16,earlier,2020-02-01 00:00:00+00:00,2023-01-01 00:00:00+00:00,2026-09-23 04:00:00+00:00,36,36,0,30,2,0.19444444444444445,-72.09444445737682,-0.4585263857235977,7.0,-16.50694988604952,-52.09444445737682,-121.839780631781,0.0,0.0,0.45395214075512647,0.0,0.08108108108108109,0.3235294117647059,-130.71462640774112,-8.142736269844637,-0.8241931445215477,-0.04736187397073562,9,-84.91016936928168,-113.79504140181034,0.0,28.884872032528673,0.25,descriptive same-clock matched random,2,2,1.0,merged source first_ms < analysis_start; not a point-in-time universe,False
all_fixed_incumbents,15,joint,baseline,4h,16,later,2020-02-01 00:00:00+00:00,2023-01-01 00:00:00+00:00,2026-09-23 04:00:00+00:00,27,27,0,23,2,0.2222222222222222,-21.8492891039747,-0.21513302040066315,6.0,-5.808591550817905,-1.8492891039747394,-83.680479136976,2.0,0.0,0.77484939626941,0.07407407407407407,0.07407407407407407,0.4074074074074074,-76.53313214639896,50.06742451207895,-0.9165729842690726,0.6889442789025575,5,106.3165517122296,-52.542045334125,0.2,158.85859704635456,0.18518518518518517,descriptive same-clock matched random,2,2,1.0,merged source first_ms < analysis_start; not a point-in-time universe,False
all_fixed_incumbents,15,joint,baseline,4h,16,cross,2020-02-01 00:00:00+00:00,2023-01-01 00:00:00+00:00,2026-09-23 04:00:00+00:00,0,0,0,0,0,,,,,,,,,,,,,,,,,,0,,,,,,descriptive same-clock matched random,2,2,1.0,merged source first_ms < analysis_start; not a point-in-time universe,False
all_fixed_incumbents,15,joint,baseline,4h,20,all,2020-02-01 00:00:00+00:00,2023-01-01 00:00:00+00:00,2026-09-23 04:00:00+00:00,61,61,0,55,2,0.29508196721311475,-7.78481091151126,0.09212961695061303,18.0,5.619906633987394,12.215189088488724,-99.398996428022,3.0,1.0,1.1162238368183381,0.04918032786885246,0.17543859649122806,0.4193972835314089,-87.12849274903184,84.37544467221073,-0.5235599706742303,0.8640878871172243,11,197.55974821526118,212.04686020267664,0.45454545454545453,-14.487111987415457,0.18032786885245902,descriptive same-clock matched random,2,2,1.0,merged source first_ms < analysis_start; not a point-in-time universe,False
all_fixed_incumbents,15,joint,baseline,4h,20,earlier,2020-02-01 00:00:00+00:00,2023-01-01 00:00:00+00:00,2026-09-23 04:00:00+00:00,30,30,0,26,2,0.26666666666666666,-47.00152654945434,0.21355621619265044,8.0,6.406686485779513,-27.001526549454333,-136.135609514985,2.0,1.0,1.2588236478644397,0.06666666666666667,0.10336206896551725,0.4444444444444444,-174.53221171768777,117.34775086815243,-0.7843849324060268,1.6703044197191026,5,188.815684690781,446.5334784331652,0.8,-257.71779374238423,0.16666666666666666,descriptive same-clock matched random,2,2,1.0,merged source first_ms < analysis_start; not a point-in-time universe,False
all_fixed_incumbents,15,joint,baseline,4h,20,later,2020-02-01 00:00:00+00:00,2023-01-01 00:00:00+00:00,2026-09-23 04:00:00+00:00,31,31,0,29,2,0.3225806451612903,30.166849383272357,-0.02537999521910066,10.0,-0.7867798517921205,50.16684938327231,-88.140604703101,1.0,0.0,0.9666633819868655,0.03225806451612903,0.16653225806451613,0.5,-61.346820752154294,130.96313825477492,-0.718172657464999,0.8279090161788382,6,204.84646781899468,16.641345010602837,0.16666666666666666,188.20512280839185,0.1935483870967742,descriptive same-clock matched random,2,2,1.0,merged source first_ms < analysis_start; not a point-in-time universe,False
all_fixed_incumbents,15,joint,baseline,4h,20,cross,2020-02-01 00:00:00+00:00,2023-01-01 00:00:00+00:00,2026-09-23 04:00:00+00:00,0,0,0,0,0,,,,,,,,,,,,,,,,,,0,,,,,,descriptive same-clock matched random,2,2,1.0,merged source first_ms < analysis_start; not a point-in-time universe,False
all_fixed_incumbents,15,joint,retest,overall,0,all,2020-02-01 00:00:00+00:00,2023-01-01 00:00:00+00:00,2026-09-23 04:00:00+00:00,49,49,0,49,2,0.40816326530612246,83.33137633503492,0.41656611520852593,20.0,20.41173964521777,103.3313763350349,-73.90924588972901,3.0,0.0,1.831011873066551,0.061224489795918366,0.2653061224489796,0.5510204081632653,-30.994669621093813,223.15599484732823,-0.20286101010698904,1.1617016632477801,3,45.48904899221599,251.31411377944866,0.3333333333333333,-205.82506478723266,0.061224489795918366,descriptive same-clock matched random,2,2,1.0,merged source first_ms < analysis_start; not a point-in-time universe,False
all_fixed_incumbents,15,joint,retest,overall,0,earlier,2020-02-01 00:00:00+00:00,2023-01-01 00:00:00+00:00,2026-09-23 04:00:00+00:00,22,22,0,22,2,0.45454545454545453,131.90487359483785,0.4841587129220805,10.0,10.651491684285771,151.9048735948378,-6.3107949571545,1.0,0.0,2.0620676150973227,0.045454545454545456,0.22727272727272727,0.6818181818181818,-51.83810184575147,335.7549257397491,-0.31402035491552005,1.4071399370987352,2,129.505178426595,421.40834933418495,0.5,-291.90317090759004,0.09090909090909091,descriptive same-clock matched random,2,2,1.0,merged source first_ms < analysis_start; not a point-in-time universe,False
all_fixed_incumbents,15,joint,retest,overall,0,later,2020-02-01 00:00:00+00:00,2023-01-01 00:00:00+00:00,2026-09-23 04:00:00+00:00,27,27,0,27,2,0.37037037037037035,43.75297116038068,0.36149066521970386,10.0,9.760247960932004,63.75297116038068,-82.050409922028,2.0,0.0,1.671569086030524,0.07407407407407407,0.18518518518518517,0.5555555555555556,-85.22650114026285,217.3153790967501,-0.4490318273212083,1.4384941405576193,1,-122.54320987654201,-88.874357330024,0.0,-33.66885254651801,0.037037037037037035,descriptive same-clock matched random,2,2,1.0,merged source first_ms < analysis_start; not a point-in-time universe,False
all_fixed_incumbents,15,joint,retest,overall,0,cross,2020-02-01 00:00:00+00:00,2023-01-01 00:00:00+00:00,2026-09-23 04:00:00+00:00,0,0,0,0,0,,,,,,,,,,,,,,,,,,0,,,,,,descriptive same-clock matched random,2,2,1.0,merged source first_ms < analysis_start; not a point-in-time universe,False
all_fixed_incumbents,15,joint,retest,4h,0,all,2020-02-01 00:00:00+00:00,2023-01-01 00:00:00+00:00,2026-09-23 04:00:00+00:00,10,10,0,10,2,0.4,81.46020481541672,0.7579860924611503,4.0,7.579860924611503,101.46020481541672,-98.22622788313551,1.0,0.0,2.362908864535687,0.1,0.1,0.7,-199.26143446532524,493.42179620747083,-0.7066964552112276,3.0381986559795044,0,,,,,0.0,descriptive same-clock matched random,2,2,1.0,merged source first_ms < analysis_start; not a point-in-time universe,False
all_fixed_incumbents,15,joint,retest,4h,0,earlier,2020-02-01 00:00:00+00:00,2023-01-01 00:00:00+00:00,2026-09-23 04:00:00+00:00,3,3,0,3,2,0.3333333333333333,-129.55901809647332,-0.011744948250377233,1.0,-0.0352348447511317,-109.55901809647334,-273.771578239401,0.0,0.0,0.9834655779903427,0.0,0.0,1.0,-403.226551662717,288.321075612698,-1.0788110321051516,2.0957646380582458,0,,,,,0.0,descriptive same-clock matched random,2,2,1.0,merged source first_ms < analysis_start; not a point-in-time universe,False
all_fixed_incumbents,15,joint,retest,4h,0,later,2020-02-01 00:00:00+00:00,2023-01-01 00:00:00+00:00,2026-09-23 04:00:00+00:00,7,7,0,7,2,0.42857142857142855,171.89701463479818,1.0878708241946622,3.0,7.615095769362635,191.8970146347982,-73.90924588972901,1.0,0.0,3.2198000697173756,0.14285714285714285,0.14285714285714285,0.7178571428571234,-178.30795106369328,732.0593485303713,-0.7671097883042757,4.188810800513187,0,,,,,0.0,descriptive same-clock matched random,2,2,1.0,merged source first_ms < analysis_start; not a point-in-time universe,False
all_fixed_incumbents,15,joint,retest,4h,0,cross,2020-02-01 00:00:00+00:00,2023-01-01 00:00:00+00:00,2026-09-23 04:00:00+00:00,0,0,0,0,0,,,,,,,,,,,,,,,,,,0,,,,,,descriptive same-clock matched random,2,2,1.0,merged source first_ms < analysis_start; not a point-in-time universe,False
all_fixed_incumbents,15,joint,retest,4h,4,all,2020-02-01 00:00:00+00:00,2023-01-01 00:00:00+00:00,2026-09-23 04:00:00+00:00,6,6,0,6,2,0.5,204.2255297637763,1.6791709392199898,3.0,10.075025635319939,224.22552976377617,46.6528914539175,1.0,0.0,7.559162509772171,0.16666666666666666,0.16666666666666666,0.8333333333333334,-84.43146926572,595.5886350909151,-0.2745790693380234,4.2124690006265375,0,,,,,0.0,descriptive same-clock matched random,2,2,1.0,merged source first_ms < analysis_start; not a point-in-time universe,False
all_fixed_incumbents,15,joint,retest,4h,4,earlier,2020-02-01 00:00:00+00:00,2023-01-01 00:00:00+00:00,2026-09-23 04:00:00+00:00,2,2,0,2,2,0.5,158.93249131520648,0.8401303961081645,1.0,1.680260792216329,178.932491315206,158.93249131520648,0.0,0.0,73.20169656858893,0.0,0.0,1.0,-7.600189907002,325.46517253741496,-0.0232717632974198,1.7035325555137488,0,,,,,0.0,descriptive same-clock matched random,2,2,1.0,merged source first_ms < analysis_start; not a point-in-time universe,False
all_fixed_incumbents,15,joint,retest,4h,4,later,2020-02-01 00:00:00+00:00,2023-01-01 00:00:00+00:00,2026-09-23 04:00:00+00:00,4,4,0,4,2,0.5,226.87204898806127,2.098691210775902,2.0,8.394764843103609,246.87204898806124,-18.412411895873,1.0,0.0,6.549335315933287,0.25,0.0,1.0,-162.21650264449448,813.8287221681521,-0.7563757067445994,5.673688912294295,0,,,,,0.0,descriptive same-clock matched random,2,2,1.0,merged source first_ms < analysis_start; not a point-in-time universe,False
all_fixed_incumbents,15,joint,retest,4h,4,cross,2020-02-01 00:00:00+00:00,2023-01-01 00:00:00+00:00,2026-09-23 04:00:00+00:00,0,0,0,0,0,,,,,,,,,,,,,,,,,,0,,,,,,descriptive same-clock matched random,2,2,1.0,merged source first_ms < analysis_start; not a point-in-time universe,False
all_fixed_incumbents,15,joint,retest,4h,8,all,2020-02-01 00:00:00+00:00,2023-01-01 00:00:00+00:00,2026-09-23 04:00:00+00:00,4,4,0,4,2,1.0,336.37787127269974,0.6658422661349834,4.0,2.6633690645399337,356.3778712726998,64.6083932546245,0.0,0.0,,0.0,1.0,1.0,46.061643575583,895.002007016736,0.19799458627898237,1.3053603243684762,0,,,,,0.0,descriptive same-clock matched random,2,2,1.0,merged source first_ms < analysis_start; not a point-in-time universe,False
all_fixed_incumbents,15,joint,retest,4h,8,earlier,2020-02-01 00:00:00+00:00,2023-01-01 00:00:00+00:00,2026-09-23 04:00:00+00:00,2,2,0,2,1,1.0,608.147349290775,0.8858143226923021,2.0,1.7716286453846042,628.1473492907751,608.147349290775,0.0,0.0,,0.0,1.0,1.0,40.249838707218004,1176.044859874332,0.1475704972993063,1.6240581480852978,0,,,,,0.0,descriptive same-clock matched random,2,2,1.0,merged source first_ms < analysis_start; not a point-in-time universe,False
all_fixed_incumbents,15,joint,retest,4h,8,later,2020-02-01 00:00:00+00:00,2023-01-01 00:00:00+00:00,2026-09-23 04:00:00+00:00,2,2,0,2,2,1.0,64.6083932546245,0.445870209577665,2.0,0.89174041915533,84.6083932546245,64.6083932546245,0.0,0.0,,0.0,1.0,1.0,51.873448443948,77.343338065301,0.3492668532180106,0.5424735659373193,0,,,,,0.0,descriptive same-clock matched random,2,2,1.0,merged source first_ms < analysis_start; not a point-in-time universe,False
all_fixed_incumbents,15,joint,retest,4h,8,cross,2020-02-01 00:00:00+00:00,2023-01-01 00:00:00+00:00,2026-09-23 04:00:00+00:00,0,0,0,0,0,,,,,,,,,,,,,,,,,,0,,,,,,descriptive same-clock matched random,2,2,1.0,merged source first_ms < analysis_start; not a point-in-time universe,False
all_fixed_incumbents,15,joint,retest,4h,12,all,2020-02-01 00:00:00+00:00,2023-01-01 00:00:00+00:00,2026-09-23 04:00:00+00:00,8,8,0,8,2,0.375,109.86688363652289,0.5719150581826262,3.0,4.57532046546101,129.86688363652289,-83.46950860979649,1.0,0.0,2.1172013927921784,0.125,0.0,0.75,-159.16120905466735,523.6551488407771,-0.786871785393617,2.6529085566133523,0,,,,,0.0,descriptive same-clock matched random,2,2,1.0,merged source first_ms < analysis_start; not a point-in-time universe,False
all_fixed_incumbents,15,joint,retest,4h,12,earlier,2020-02-01 00:00:00+00:00,2023-01-01 00:00:00+00:00,2026-09-23 04:00:00+00:00,1,1,0,1,1,1.0,1444.553900980019,7.4182091503268035,1.0,7.4182091503268035,1464.553900980019,1444.553900980019,1.0,0.0,,1.0,,,,,,,0,,,,,0.0,descriptive same-clock matched random,2,2,1.0,merged source first_ms < analysis_start; not a point-in-time universe,False
all_fixed_incumbents,15,joint,retest,4h,12,later,2020-02-01 00:00:00+00:00,2023-01-01 00:00:00+00:00,2026-09-23 04:00:00+00:00,7,7,0,7,2,0.2857142857142857,-80.80269026969086,-0.40612695498082757,2.0,-2.842888684865793,-60.80269026969085,-84.88860729756499,0.0,0.0,0.30582366366217684,0.0,0.0,0.5714285714285714,-182.28810112177143,23.604950414230213,-0.91092329263783,0.1571444228745855,0,,,,,0.0,descriptive same-clock matched random,2,2,1.0,merged source first_ms < analysis_start; not a point-in-time universe,False
all_fixed_incumbents,15,joint,retest,4h,12,cross,2020-02-01 00:00:00+00:00,2023-01-01 00:00:00+00:00,2026-09-23 04:00:00+00:00,0,0,0,0,0,,,,,,,,,,,,,,,,,,0,,,,,,descriptive same-clock matched random,2,2,1.0,merged source first_ms < analysis_start; not a point-in-time universe,False
all_fixed_incumbents,15,joint,retest,4h,16,all,2020-02-01 00:00:00+00:00,2023-01-01 00:00:00+00:00,2026-09-23 04:00:00+00:00,12,12,0,12,2,0.25,36.148153999940085,-0.1685045264085139,3.0,-2.022054316902167,56.14815399994001,-79.0483979188225,0.0,0.0,0.7499795510232922,0.0,0.0,0.5,-93.38995096891816,194.22523565693626,-0.9087738935793818,0.7783201674643457,0,,,,,0.0,descriptive same-clock matched random,2,2,1.0,merged source first_ms < analysis_start; not a point-in-time universe,False
all_fixed_incumbents,15,joint,retest,4h,16,earlier,2020-02-01 00:00:00+00:00,2023-01-01 00:00:00+00:00,2026-09-23 04:00:00+00:00,7,7,0,7,2,0.42857142857142855,128.34652505101926,0.39775341133025516,3.0,2.7842738793117863,148.34652505101914,-5.021400007307,0.0,0.0,1.8485464184669615,0.0,0.14285714285714285,0.7142857142857143,-76.57566742997314,367.0399425087481,-0.7072279010559319,1.8003611813553722,0,,,,,0.0,descriptive same-clock matched random,2,2,1.0,merged source first_ms < analysis_start; not a point-in-time universe,False
all_fixed_incumbents,15,joint,retest,4h,16,later,2020-02-01 00:00:00+00:00,2023-01-01 00:00:00+00:00,2026-09-23 04:00:00+00:00,5,5,0,5,2,0.0,-92.92956547157078,-0.9612656392427906,0.0,-4.806328196213953,-72.9295654715708,-91.70127239603599,0.0,0.0,0.0,0.0,0.0,0.0,-124.0568553525836,-61.802275590558,-1.3182447089919809,-0.6094889293290467,0,,,,,0.0,descriptive same-clock matched random,2,2,1.0,merged source first_ms < analysis_start; not a point-in-time universe,False
all_fixed_incumbents,15,joint,retest,4h,16,cross,2020-02-01 00:00:00+00:00,2023-01-01 00:00:00+00:00,2026-09-23 04:00:00+00:00,0,0,0,0,0,,,,,,,,,,,,,,,,,,0,,,,,,descriptive same-clock matched random,2,2,1.0,merged source first_ms < analysis_start; not a point-in-time universe,False
all_fixed_incumbents,15,joint,retest,4h,20,all,2020-02-01 00:00:00+00:00,2023-01-01 00:00:00+00:00,2026-09-23 04:00:00+00:00,9,9,0,9,2,0.3333333333333333,-68.32690983359745,-0.27330912531249413,3.0,-2.459782127812447,-48.32690983359744,-164.439502721477,0.0,0.0,0.5343139637308335,0.0,0.0,0.6666666666666666,-208.90828664669525,86.48623916278314,-0.8439234899418916,0.33333006021773215,1,-164.439502721477,-164.439502721477,0.0,0.0,0.1111111111111111,descriptive same-clock matched random,2,2,1.0,merged source first_ms < analysis_start; not a point-in-time universe,False
all_fixed_incumbents,15,joint,retest,4h,20,earlier,2020-02-01 00:00:00+00:00,2023-01-01 00:00:00+00:00,2026-09-23 04:00:00+00:00,7,7,0,7,2,0.2857142857142857,-83.79356916760915,-0.42394941974323175,2.0,-2.9676459382026223,-63.79356916760915,-164.439502721477,0.0,0.0,0.3539489097914455,0.0,0.0,0.5714285714285714,-233.37652446713213,105.71893375820027,-0.9895624701250123,0.2520418611533086,1,-164.439502721477,-164.439502721477,0.0,0.0,0.14285714285714285,descriptive same-clock matched random,2,2,1.0,merged source first_ms < analysis_start; not a point-in-time universe,False
all_fixed_incumbents,15,joint,retest,4h,20,later,2020-02-01 00:00:00+00:00,2023-01-01 00:00:00+00:00,2026-09-23 04:00:00+00:00,2,2,0,2,1,0.5,-14.193602164556495,0.2539319051950875,1.0,0.507863810390175,5.806397835443501,-14.193602164556495,0.0,0.0,1.7375895472036875,0.0,0.0,1.0,-203.511009027993,175.12380469888,-0.6885452923181502,1.1964091027083252,0,,,,,0.0,descriptive same-clock matched random,2,2,1.0,merged source first_ms < analysis_start; not a point-in-time universe,False
all_fixed_incumbents,15,joint,retest,4h,20,cross,2020-02-01 00:00:00+00:00,2023-01-01 00:00:00+00:00,2026-09-23 04:00:00+00:00,0,0,0,0,0,,,,,,,,,,,,,,,,,,0,,,,,,descriptive same-clock matched random,2,2,1.0,merged source first_ms < analysis_start; not a point-in-time universe,False
all_fixed_incumbents,60,v9_both,baseline,overall,0,all,2020-02-01 00:00:00+00:00,2023-01-01 00:00:00+00:00,2026-09-23 04:00:00+00:00,275,275,0,150,2,0.27636363636363637,10.447448759973277,0.06146463598139531,76.0,16.90277489488371,30.447448759973295,-167.804728944497,10.0,4.0,1.0860816945807377,0.03636363636363636,0.22371811749218365,0.32950300417972833,-55.86012500159434,81.54361865547949,-0.22807583476118345,0.40937641684322035,241,-3.7929698752200105,24.80909785830462,0.3153526970954357,-28.602067733524635,0.8763636363636363,descriptive same-clock matched random,2,2,1.0,merged source first_ms < analysis_start; not a point-in-time universe,False
all_fixed_incumbents,60,v9_both,baseline,overall,0,earlier,2020-02-01 00:00:00+00:00,2023-01-01 00:00:00+00:00,2026-09-23 04:00:00+00:00,120,120,0,66,2,0.3333333333333333,35.73282024834023,-0.0036454664640015824,40.0,-0.4374559756801899,55.73282024834027,-185.7178875624325,1.0,0.0,0.9941887613319262,0.008333333333333333,0.2542338149485968,0.4181973581973581,-61.03895292805888,148.72545535769146,-0.25834241984674927,0.29038909738638274,106,4.0141566239213,-5.726914283683098,0.3018867924528302,9.741070907604392,0.8833333333333333,descriptive same-clock matched random,2,2,1.0,merged source first_ms < analysis_start; not a point-in-time universe,False
all_fixed_incumbents,60,v9_both,baseline,overall,0,later,2020-02-01 00:00:00+00:00,2023-01-01 00:00:00+00:00,2026-09-23 04:00:00+00:00,153,153,0,84,2,0.23529411764705882,-7.298646217600621,0.12861021751472798,36.0,19.67736327975338,12.701353782399382,-161.71004729338802,9.0,4.0,1.1657143603337266,0.058823529411764705,0.17142367906066536,0.30921407610753504,-92.52947260360203,99.25513806324147,-0.3220760755861404,0.7218701318566955,133,-7.830144304875181,50.21418700217686,0.3233082706766917,-58.04433130705202,0.869281045751634,descriptive same-clock matched random,2,2,1.0,merged source first_ms < analysis_start; not a point-in-time universe,False
all_fixed_incumbents,60,v9_both,baseline,overall,0,cross,2020-02-01 00:00:00+00:00,2023-01-01 00:00:00+00:00,2026-09-23 04:00:00+00:00,2,2,0,1,2,0.0,-149.098574757641,-1.1685662045947423,0.0,-2.3371324091894845,-129.098574757641,-149.098574757641,0.0,0.0,0.0,0.0,,,,,,,2,-149.098574757641,-46.2206866838485,0.5,-102.8778880737925,1.0,descriptive same-clock matched random,2,2,1.0,merged source first_ms < analysis_start; not a point-in-time universe,False
all_fixed_incumbents,60,v9_both,baseline,4h,0,all,2020-02-01 00:00:00+00:00,2023-01-01 00:00:00+00:00,2026-09-23 04:00:00+00:00,68,68,0,60,2,0.22058823529411764,-41.649144162840074,0.06859257639299099,15.0,4.664295194723387,-21.649144162840106,-207.90809379797304,3.0,1.0,1.096523784893825,0.04411764705882353,0.12671654929577464,0.3333333333333333,-154.0104528725627,93.40890859828556,-0.5029497927063449,0.8364293483944608,14,-222.7826586664388,-20.439802465347,0.35714285714285715,-202.3428562010918,0.20588235294117646,descriptive same-clock matched random,2,2,1.0,merged source first_ms < analysis_start; not a point-in-time universe,False
all_fixed_incumbents,60,v9_both,baseline,4h,0,earlier,2020-02-01 00:00:00+00:00,2023-01-01 00:00:00+00:00,2026-09-23 04:00:00+00:00,28,28,0,23,2,0.2857142857142857,-80.74503800023847,-0.27492822385744314,8.0,-7.697990268008408,-60.745038000238495,-209.43868582760052,0.0,0.0,0.5680187560224651,0.0,0.13333333333333333,0.46153846153846156,-216.04698463803558,105.23467142407328,-0.6869393118707068,0.24161790679610806,6,-200.14781785799352,3.111492751890655,0.3333333333333333,-203.25931060988415,0.21428571428571427,descriptive same-clock matched random,2,2,1.0,merged source first_ms < analysis_start; not a point-in-time universe,False
all_fixed_incumbents,60,v9_both,baseline,4h,0,later,2020-02-01 00:00:00+00:00,2023-01-01 00:00:00+00:00,2026-09-23 04:00:00+00:00,40,40,0,37,2,0.175,-14.282018476661227,0.3090571365682949,7.0,12.362285462731798,5.717981523338786,-195.080179186218,3.0,1.0,1.4052868274255406,0.075,0.07317073170731707,0.3076923076923077,-162.60651870722378,182.29206829049414,-0.5747456603904183,1.587972817983953,8,-239.75878927277276,-38.103273878275246,0.375,-201.65551539449748,0.2,descriptive same-clock matched random,2,2,1.0,merged source first_ms < analysis_start; not a point-in-time universe,False
all_fixed_incumbents,60,v9_both,baseline,4h,0,cross,2020-02-01 00:00:00+00:00,2023-01-01 00:00:00+00:00,2026-09-23 04:00:00+00:00,0,0,0,0,0,,,,,,,,,,,,,,,,,,0,,,,,,descriptive same-clock matched random,2,2,1.0,merged source first_ms < analysis_start; not a point-in-time universe,False
all_fixed_incumbents,60,v9_both,baseline,4h,4,all,2020-02-01 00:00:00+00:00,2023-01-01 00:00:00+00:00,2026-09-23 04:00:00+00:00,45,45,0,38,2,0.3111111111111111,-3.648167237714895,-0.1273367859107352,14.0,-5.730155365983084,16.351832762285106,-160.98146751207898,1.0,0.0,0.8078901368758401,0.022222222222222223,0.1702127659574468,0.475,-126.61302956554438,155.78831019463334,-0.5385060249294596,0.4306245380732786,7,68.56065736635829,93.10003635099572,0.2857142857142857,-24.539378984637434,0.15555555555555556,descriptive same-clock matched random,2,2,1.0,merged source first_ms < analysis_start; not a point-in-time universe,False
all_fixed_incumbents,60,v9_both,baseline,4h,4,earlier,2020-02-01 00:00:00+00:00,2023-01-01 00:00:00+00:00,2026-09-23 04:00:00+00:00,23,23,0,20,2,0.391304347826087,23.1166230124881,-0.004031605889046627,9.0,-0.09272693544807242,43.11662301248809,-160.98146751207898,0.0,0.0,0.9925584610707018,0.0,0.19047619047619047,0.5909090909090909,-142.455909087468,222.5119879693422,-0.49127667577365564,0.5506752450111368,4,97.99025229609674,-215.38327868719975,0.0,313.37353098329646,0.17391304347826086,descriptive same-clock matched random,2,2,1.0,merged source first_ms < analysis_start; not a point-in-time universe,False
all_fixed_incumbents,60,v9_both,baseline,4h,4,later,2020-02-01 00:00:00+00:00,2023-01-01 00:00:00+00:00,2026-09-23 04:00:00+00:00,21,21,0,17,2,0.23809523809523808,-27.784884041370734,-0.21051912204320156,5.0,-4.420901562907233,-7.7848840413707086,-161.71004729338802,1.0,0.0,0.726264110904749,0.047619047619047616,0.07407407407407407,0.45,-202.60683566121807,228.46849854071408,-0.86892850013377,0.7929053004503007,3,29.32119746004033,504.41112306858975,0.6666666666666666,-475.0899256085494,0.14285714285714285,descriptive same-clock matched random,2,2,1.0,merged source first_ms < analysis_start; not a point-in-time universe,False
all_fixed_incumbents,60,v9_both,baseline,4h,4,cross,2020-02-01 00:00:00+00:00,2023-01-01 00:00:00+00:00,2026-09-23 04:00:00+00:00,1,1,0,1,1,0.0,-112.367290115611,-1.2165268676277785,0.0,-1.2165268676277785,-92.367290115611,-112.367290115611,0.0,0.0,0.0,0.0,,,,,,,0,,,,,0.0,descriptive same-clock matched random,2,2,1.0,merged source first_ms < analysis_start; not a point-in-time universe,False
all_fixed_incumbents,60,v9_both,baseline,4h,8,all,2020-02-01 00:00:00+00:00,2023-01-01 00:00:00+00:00,2026-09-23 04:00:00+00:00,35,35,0,32,2,0.2571428571428571,-20.166896826485186,-0.18841332228108965,9.0,-6.594466279838137,-0.16689682648515036,-169.942532265283,0.0,0.0,0.744795148847764,0.0,0.12193274205469327,0.41685606060605956,-157.92370085481568,158.58039759792166,-0.6545564417866332,0.39515658831978656,8,14.844810429404118,-81.95526699865063,0.25,96.80007742805478,0.22857142857142856,descriptive same-clock matched random,2,2,1.0,merged source first_ms < analysis_start; not a point-in-time universe,False
all_fixed_incumbents,60,v9_both,baseline,4h,8,earlier,2020-02-01 00:00:00+00:00,2023-01-01 00:00:00+00:00,2026-09-23 04:00:00+00:00,16,16,0,15,2,0.25,63.13386372273657,-0.14438203096642133,4.0,-2.3101124954627412,83.13386372273669,-158.90917681513048,0.0,0.0,0.7985959201408414,0.0,0.058823529411764705,0.4666666666666667,-206.41704649855825,408.57993628909935,-0.8286635618261657,0.7362390993037776,4,90.67215121423824,-78.54693313202749,0.25,169.21908434626576,0.25,descriptive same-clock matched random,2,2,1.0,merged source first_ms < analysis_start; not a point-in-time universe,False
all_fixed_incumbents,60,v9_both,baseline,4h,8,later,2020-02-01 00:00:00+00:00,2023-01-01 00:00:00+00:00,2026-09-23 04:00:00+00:00,19,19,0,17,2,0.2631578947368421,-90.31490571004036,-0.22549230444081036,5.0,-4.284353784375397,-70.31490571004042,-180.512809611872,0.0,0.0,0.7018513004852297,0.0,0.09090909090909091,0.47368421052631576,-218.14002136360298,64.48070301486892,-0.8631623510935041,0.6615582423170798,4,-60.98253035542999,-85.36360086527375,0.25,24.381070509843767,0.21052631578947367,descriptive same-clock matched random,2,2,1.0,merged source first_ms < analysis_start; not a point-in-time universe,False
all_fixed_incumbents,60,v9_both,baseline,4h,8,cross,2020-02-01 00:00:00+00:00,2023-01-01 00:00:00+00:00,2026-09-23 04:00:00+00:00,0,0,0,0,0,,,,,,,,,,,,,,,,,,0,,,,,,descriptive same-clock matched random,2,2,1.0,merged source first_ms < analysis_start; not a point-in-time universe,False
all_fixed_incumbents,60,v9_both,baseline,4h,12,all,2020-02-01 00:00:00+00:00,2023-01-01 00:00:00+00:00,2026-09-23 04:00:00+00:00,34,34,0,31,2,0.38235294117647056,140.05538255079108,0.3413794174347969,13.0,11.606900192783094,160.05538255079108,-132.389270522631,1.0,1.0,1.5230772874665464,0.029411764705882353,0.21621621621621623,0.5483870967741935,-65.62716555941186,412.0410224133685,-0.3872995319067504,1.3139055118705627,6,-136.8967991048388,-154.99562733441567,0.16666666666666666,18.098828229576828,0.17647058823529413,descriptive same-clock matched random,2,2,1.0,merged source first_ms < analysis_start; not a point-in-time universe,False
all_fixed_incumbents,60,v9_both,baseline,4h,12,earlier,2020-02-01 00:00:00+00:00,2023-01-01 00:00:00+00:00,2026-09-23 04:00:00+00:00,13,13,0,12,2,0.38461538461538464,253.06221249326993,0.2122578923173963,5.0,2.759352600126152,273.0622124932699,-102.773610498274,0.0,0.0,1.3038566688389397,0.0,0.14285714285714285,0.6666666666666666,-156.79503140105604,841.3004747786582,-0.7364564673794745,1.4891979550135617,2,-266.211991424494,-219.78844864597949,0.0,-46.423542778514516,0.15384615384615385,descriptive same-clock matched random,2,2,1.0,merged source first_ms < analysis_start; not a point-in-time universe,False
all_fixed_incumbents,60,v9_both,baseline,4h,12,later,2020-02-01 00:00:00+00:00,2023-01-01 00:00:00+00:00,2026-09-23 04:00:00+00:00,20,20,0,19,2,0.4,82.89520518570289,0.49840765671093246,8.0,9.96815313421865,102.8952051857029,-132.389270522631,1.0,1.0,1.8315149773106179,0.05,0.2,0.6190476190476191,-112.50357889628388,345.91046476002094,-0.49545083022053066,1.9167938452051778,4,-72.23920294501124,-122.59921667863375,0.25,50.360013733622495,0.2,descriptive same-clock matched random,2,2,1.0,merged source first_ms < analysis_start; not a point-in-time universe,False
all_fixed_incumbents,60,v9_both,baseline,4h,12,cross,2020-02-01 00:00:00+00:00,2023-01-01 00:00:00+00:00,2026-09-23 04:00:00+00:00,1,1,0,1,1,0.0,-185.829859399671,-1.120605541561706,0.0,-1.120605541561706,-165.829859399671,-185.829859399671,0.0,0.0,0.0,0.0,,,,,,,0,,,,,0.0,descriptive same-clock matched random,2,2,1.0,merged source first_ms < analysis_start; not a point-in-time universe,False
all_fixed_incumbents,60,v9_both,baseline,4h,16,all,2020-02-01 00:00:00+00:00,2023-01-01 00:00:00+00:00,2026-09-23 04:00:00+00:00,45,45,0,42,2,0.28888888888888886,33.641895072566946,0.43585736573657763,13.0,19.613581458145994,53.64189507256697,-145.11495087362601,4.0,2.0,1.5915792689227217,0.08888888888888889,0.1590909090909091,0.4318181818181818,-122.7205309095774,216.5867618276715,-0.4415796810853872,1.52992954639239,6,-160.27392477854482,0.3287659899324907,0.3333333333333333,-160.60269076847734,0.13333333333333333,descriptive same-clock matched random,2,2,1.0,merged source first_ms < analysis_start; not a point-in-time universe,False
all_fixed_incumbents,60,v9_both,baseline,4h,16,earlier,2020-02-01 00:00:00+00:00,2023-01-01 00:00:00+00:00,2026-09-23 04:00:00+00:00,17,17,0,16,2,0.29411764705882354,-126.2918184649028,-0.2848038139090705,5.0,-4.841664836454198,-106.29181846490278,-276.129717456189,0.0,0.0,0.5538597302361464,0.0,0.10526315789473684,0.5,-283.8386805362669,54.04052478540914,-0.7320614232193029,0.21603874086781555,4,-186.27681964703325,6.007451334843483,0.25,-192.28427098187672,0.23529411764705882,descriptive same-clock matched random,2,2,1.0,merged source first_ms < analysis_start; not a point-in-time universe,False
all_fixed_incumbents,60,v9_both,baseline,4h,16,later,2020-02-01 00:00:00+00:00,2023-01-01 00:00:00+00:00,2026-09-23 04:00:00+00:00,28,28,0,26,2,0.2857142857142857,130.7445068631736,0.8734016533785786,8.0,24.4552462946002,150.74450686317363,-133.385620634726,4.0,2.0,2.096535952983141,0.14285714285714285,0.12903225806451613,0.46153846153846156,-89.3772490422564,406.29841406756117,-0.4343769335141111,2.553804365193794,2,-108.268135041568,-11.028604699889499,0.5,-97.2395303416785,0.07142857142857142,descriptive same-clock matched random,2,2,1.0,merged source first_ms < analysis_start; not a point-in-time universe,False
all_fixed_incumbents,60,v9_both,baseline,4h,16,cross,2020-02-01 00:00:00+00:00,2023-01-01 00:00:00+00:00,2026-09-23 04:00:00+00:00,0,0,0,0,0,,,,,,,,,,,,,,,,,,0,,,,,,descriptive same-clock matched random,2,2,1.0,merged source first_ms < analysis_start; not a point-in-time universe,False
all_fixed_incumbents,60,v9_both,baseline,4h,20,all,2020-02-01 00:00:00+00:00,2023-01-01 00:00:00+00:00,2026-09-23 04:00:00+00:00,48,48,0,41,2,0.25,6.238142535365019,-0.13869542301974064,12.0,-6.657380304947551,26.238142535365064,-172.8255710483245,1.0,0.0,0.8201824217062095,0.020833333333333332,0.13330188679245283,0.375,-138.32153295085718,179.3053257171176,-0.6039952455221149,0.3892341521505495,5,93.88239554748661,-0.09697989160540113,0.2,93.97937543909201,0.10416666666666667,descriptive same-clock matched random,2,2,1.0,merged source first_ms < analysis_start; not a point-in-time universe,False
all_fixed_incumbents,60,v9_both,baseline,4h,20,earlier,2020-02-01 00:00:00+00:00,2023-01-01 00:00:00+00:00,2026-09-23 04:00:00+00:00,23,23,0,20,2,0.391304347826087,168.00554332379713,0.510681998242047,9.0,11.74568595956708,188.00554332379716,-132.160857183278,1.0,0.0,1.8640862194762335,0.043478260869565216,0.20833333333333334,0.5909090909090909,-102.0474945932049,522.1057664059891,-0.2976018525611643,1.4678402046201267,1,314.57058222571203,-113.372902211789,0.0,427.943484437501,0.043478260869565216,descriptive same-clock matched random,2,2,1.0,merged source first_ms < analysis_start; not a point-in-time universe,False
all_fixed_incumbents,60,v9_both,baseline,4h,20,later,2020-02-01 00:00:00+00:00,2023-01-01 00:00:00+00:00,2026-09-23 04:00:00+00:00,25,25,0,21,2,0.12,-142.5878661899925,-0.7361226505805852,3.0,-18.40306626451463,-122.58786618999247,-207.59280665474,0.0,0.0,0.21454377899272015,0.0,0.0,0.2727272727272727,-230.2943069547198,-16.755617253041525,-1.062061313648422,-0.26098964998960494,4,38.710348877930265,28.2220006884405,0.25,10.488348189489752,0.16,descriptive same-clock matched random,2,2,1.0,merged source first_ms < analysis_start; not a point-in-time universe,False
all_fixed_incumbents,60,v9_both,baseline,4h,20,cross,2020-02-01 00:00:00+00:00,2023-01-01 00:00:00+00:00,2026-09-23 04:00:00+00:00,0,0,0,0,0,,,,,,,,,,,,,,,,,,0,,,,,,descriptive same-clock matched random,2,2,1.0,merged source first_ms < analysis_start; not a point-in-time universe,False
all_fixed_incumbents,60,v9_both,retest,overall,0,all,2020-02-01 00:00:00+00:00,2023-01-01 00:00:00+00:00,2026-09-23 04:00:00+00:00,27,27,0,26,2,0.4444444444444444,9.408769936283223,0.02473349741892284,12.0,0.6678044303109167,29.408769936283242,-127.317974269298,0.0,0.0,1.0549594218845368,0.0,0.25925925925925924,0.6296296296296297,-229.19191268708045,271.8911519974073,-0.35697522488061323,0.4629470165022635,4,525.8699130209252,352.37466077456475,1.0,173.4952522463605,0.14814814814814814,descriptive same-clock matched random,2,2,1.0,merged source first_ms < analysis_start; not a point-in-time universe,False
all_fixed_incumbents,60,v9_both,retest,overall,0,earlier,2020-02-01 00:00:00+00:00,2023-01-01 00:00:00+00:00,2026-09-23 04:00:00+00:00,17,17,0,16,2,0.4117647058823529,8.480131157899256,-0.06478987763896982,7.0,-1.1014279198624868,28.480131157899304,-127.317974269298,0.0,0.0,0.8654164138858383,0.0,0.1875,0.6255514705882322,-303.83561806449933,356.331837365252,-0.5393350297732495,0.45631286388021475,2,1048.3965792444856,574.4868395861685,1.0,473.9097396583171,0.11764705882352941,descriptive same-clock matched random,2,2,1.0,merged source first_ms < analysis_start; not a point-in-time universe,False
all_fixed_incumbents,60,v9_both,retest,overall,0,later,2020-02-01 00:00:00+00:00,2023-01-01 00:00:00+00:00,2026-09-23 04:00:00+00:00,10,10,0,10,2,0.5,10.987455859535975,0.17692323501734045,5.0,1.7692323501734044,30.987455859535974,3.3432467973649977,0.0,0.0,1.4459993709859496,0.0,0.2,0.8,-263.45371841107107,312.7709228517736,-0.4577913499919829,0.8077514952868631,2,3.3432467973650013,130.262481962961,1.0,-126.91923516559602,0.2,descriptive same-clock matched random,2,2,1.0,merged source first_ms < analysis_start; not a point-in-time universe,False
all_fixed_incumbents,60,v9_both,retest,overall,0,cross,2020-02-01 00:00:00+00:00,2023-01-01 00:00:00+00:00,2026-09-23 04:00:00+00:00,0,0,0,0,0,,,,,,,,,,,,,,,,,,0,,,,,,descriptive same-clock matched random,2,2,1.0,merged source first_ms < analysis_start; not a point-in-time universe,False
all_fixed_incumbents,60,v9_both,retest,4h,0,all,2020-02-01 00:00:00+00:00,2023-01-01 00:00:00+00:00,2026-09-23 04:00:00+00:00,3,3,0,3,2,0.3333333333333333,-102.47487306919032,-0.25631444802772935,1.0,-0.7689433440831881,-82.47487306919034,-144.990443147934,0.0,0.0,0.4627635239853016,0.0,0.0,1.0,-434.81358327444997,272.379407214813,-1.0482144288577169,0.6623506547668645,0,,,,,0.0,descriptive same-clock matched random,2,2,1.0,merged source first_ms < analysis_start; not a point-in-time universe,False
all_fixed_incumbents,60,v9_both,retest,4h,0,earlier,2020-02-01 00:00:00+00:00,2023-01-01 00:00:00+00:00,2026-09-23 04:00:00+00:00,1,1,0,1,1,0.0,-434.81358327444997,-1.0482144288577169,0.0,-1.0482144288577169,-414.81358327444997,-434.81358327444997,0.0,0.0,0.0,0.0,,,,,,,0,,,,,0.0,descriptive same-clock matched random,2,2,1.0,merged source first_ms < analysis_start; not a point-in-time universe,False
all_fixed_incumbents,60,v9_both,retest,4h,0,later,2020-02-01 00:00:00+00:00,2023-01-01 00:00:00+00:00,2026-09-23 04:00:00+00:00,2,2,0,2,1,0.5,63.6944820334395,0.13963554238726436,1.0,0.2792710847745287,83.69448203343948,63.6944820334395,0.0,0.0,1.7290158668083397,0.0,0.0,1.0,-144.990443147934,272.379407214813,-0.3830795699923358,0.6623506547668645,0,,,,,0.0,descriptive same-clock matched random,2,2,1.0,merged source first_ms < analysis_start; not a point-in-time universe,False
all_fixed_incumbents,60,v9_both,retest,4h,0,cross,2020-02-01 00:00:00+00:00,2023-01-01 00:00:00+00:00,2026-09-23 04:00:00+00:00,0,0,0,0,0,,,,,,,,,,,,,,,,,,0,,,,,,descriptive same-clock matched random,2,2,1.0,merged source first_ms < analysis_start; not a point-in-time universe,False
all_fixed_incumbents,60,v9_both,retest,4h,4,all,2020-02-01 00:00:00+00:00,2023-01-01 00:00:00+00:00,2026-09-23 04:00:00+00:00,5,5,0,5,2,0.4,-60.73483551852341,-0.11019263290240185,2.0,-0.5509631645120092,-40.73483551852339,-80.18764383076599,0.0,0.0,0.5903412631763925,0.0,0.0,0.8,-264.944965680015,135.4073190159376,-0.5503985138373885,0.2890982458193433,1,151.676936742664,151.676936742664,1.0,0.0,0.2,descriptive same-clock matched random,2,2,1.0,merged source first_ms < analysis_start; not a point-in-time universe,False
all_fixed_incumbents,60,v9_both,retest,4h,4,earlier,2020-02-01 00:00:00+00:00,2023-01-01 00:00:00+00:00,2026-09-23 04:00:00+00:00,3,3,0,3,2,0.3333333333333333,3.351197589569997,-0.015453028988305065,1.0,-0.0463590869649152,23.351197589570003,-80.18764383076599,0.0,0.0,0.8454846808388526,0.0,0.0,1.0,-127.317974269298,217.559210868774,-0.1575825256003824,0.2536699795159707,0,,,,,0.0,descriptive same-clock matched random,2,2,1.0,merged source first_ms < analysis_start; not a point-in-time universe,False
all_fixed_incumbents,60,v9_both,retest,4h,4,later,2020-02-01 00:00:00+00:00,2023-01-01 00:00:00+00:00,2026-09-23 04:00:00+00:00,2,2,0,2,2,0.5,-156.86388518066352,-0.25230203877354695,1.0,-0.5046040775470939,-136.8638851806635,-156.86388518066352,0.0,0.0,0.5170804507717973,0.0,0.0,1.0,-465.40470710399103,151.676936742664,-1.0449029830197332,0.5402989054726393,1,151.676936742664,151.676936742664,1.0,0.0,0.5,descriptive same-clock matched random,2,2,1.0,merged source first_ms < analysis_start; not a point-in-time universe,False
all_fixed_incumbents,60,v9_both,retest,4h,4,cross,2020-02-01 00:00:00+00:00,2023-01-01 00:00:00+00:00,2026-09-23 04:00:00+00:00,0,0,0,0,0,,,,,,,,,,,,,,,,,,0,,,,,,descriptive same-clock matched random,2,2,1.0,merged source first_ms < analysis_start; not a point-in-time universe,False
all_fixed_incumbents,60,v9_both,retest,4h,8,all,2020-02-01 00:00:00+00:00,2023-01-01 00:00:00+00:00,2026-09-23 04:00:00+00:00,5,5,0,4,2,0.4,-184.7504882642572,-0.27440208974638314,2.0,-1.3720104487319158,-164.7504882642572,-252.023971923933,0.0,0.0,0.46673024615888786,0.0,0.0,0.75,-717.3607604422025,116.7413130032653,-0.9637982758753962,0.18519536767295885,0,,,,,0.0,descriptive same-clock matched random,2,2,1.0,merged source first_ms < analysis_start; not a point-in-time universe,False
all_fixed_incumbents,60,v9_both,retest,4h,8,earlier,2020-02-01 00:00:00+00:00,2023-01-01 00:00:00+00:00,2026-09-23 04:00:00+00:00,5,5,0,4,2,0.4,-184.7504882642572,-0.27440208974638314,2.0,-1.3720104487319158,-164.7504882642572,-252.023971923933,0.0,0.0,0.46673024615888786,0.0,0.0,0.75,-717.3607604422025,116.7413130032653,-0.9637982758753962,0.18519536767295885,0,,,,,0.0,descriptive same-clock matched random,2,2,1.0,merged source first_ms < analysis_start; not a point-in-time universe,False
all_fixed_incumbents,60,v9_both,retest,4h,8,later,2020-02-01 00:00:00+00:00,2023-01-01 00:00:00+00:00,2026-09-23 04:00:00+00:00,0,0,0,0,0,,,,,,,,,,,,,,,,,,0,,,,,,descriptive same-clock matched random,2,2,1.0,merged source first_ms < analysis_start; not a point-in-time universe,False
all_fixed_incumbents,60,v9_both,retest,4h,8,cross,2020-02-01 00:00:00+00:00,2023-01-01 00:00:00+00:00,2026-09-23 04:00:00+00:00,0,0,0,0,0,,,,,,,,,,,,,,,,,,0,,,,,,descriptive same-clock matched random,2,2,1.0,merged source first_ms < analysis_start; not a point-in-time universe,False
all_fixed_incumbents,60,v9_both,retest,4h,12,all,2020-02-01 00:00:00+00:00,2023-01-01 00:00:00+00:00,2026-09-23 04:00:00+00:00,2,2,0,2,1,1.0,616.03556256473,1.1476570847587608,2.0,2.2953141695175217,636.03556256473,616.03556256473,0.0,0.0,,0.0,1.0,1.0,167.069330461924,1065.001794667536,0.516132025196081,1.7791821443214406,0,,,,,0.0,descriptive same-clock matched random,2,2,1.0,merged source first_ms < analysis_start; not a point-in-time universe,False
all_fixed_incumbents,60,v9_both,retest,4h,12,earlier,2020-02-01 00:00:00+00:00,2023-01-01 00:00:00+00:00,2026-09-23 04:00:00+00:00,1,1,0,1,1,1.0,167.069330461924,0.516132025196081,1.0,0.516132025196081,187.06933046192398,167.069330461924,0.0,0.0,,0.0,,,,,,,0,,,,,0.0,descriptive same-clock matched random,2,2,1.0,merged source first_ms < analysis_start; not a point-in-time universe,False
all_fixed_incumbents,60,v9_both,retest,4h,12,later,2020-02-01 00:00:00+00:00,2023-01-01 00:00:00+00:00,2026-09-23 04:00:00+00:00,1,1,0,1,1,1.0,1065.001794667536,1.7791821443214406,1.0,1.7791821443214406,1085.001794667536,1065.001794667536,0.0,0.0,,0.0,,,,,,,0,,,,,0.0,descriptive same-clock matched random,2,2,1.0,merged source first_ms < analysis_start; not a point-in-time universe,False
all_fixed_incumbents,60,v9_both,retest,4h,12,cross,2020-02-01 00:00:00+00:00,2023-01-01 00:00:00+00:00,2026-09-23 04:00:00+00:00,0,0,0,0,0,,,,,,,,,,,,,,,,,,0,,,,,,descriptive same-clock matched random,2,2,1.0,merged source first_ms < analysis_start; not a point-in-time universe,False
all_fixed_incumbents,60,v9_both,retest,4h,16,all,2020-02-01 00:00:00+00:00,2023-01-01 00:00:00+00:00,2026-09-23 04:00:00+00:00,3,3,0,3,2,0.6666666666666666,526.0333112106737,0.7573358955828491,2.0,2.2720076867485473,546.0333112106737,264.883482924134,0.0,0.0,3.1678585971325224,0.0,0.0,1.0,-436.299096828397,1749.5155475362837,-1.0480423814328967,2.144462490823809,0,,,,,0.0,descriptive same-clock matched random,2,2,1.0,merged source first_ms < analysis_start; not a point-in-time universe,False
all_fixed_incumbents,60,v9_both,retest,4h,16,earlier,2020-02-01 00:00:00+00:00,2023-01-01 00:00:00+00:00,2026-09-23 04:00:00+00:00,2,2,0,2,2,0.5,656.6082253539435,0.5482100546954561,1.0,1.0964201093909123,676.6082253539435,656.6082253539435,0.0,0.0,2.046160087430694,0.0,0.0,1.0,-436.299096828397,1749.515547536284,-1.0480423814328967,2.144462490823809,0,,,,,0.0,descriptive same-clock matched random,2,2,1.0,merged source first_ms < analysis_start; not a point-in-time universe,False
all_fixed_incumbents,60,v9_both,retest,4h,16,later,2020-02-01 00:00:00+00:00,2023-01-01 00:00:00+00:00,2026-09-23 04:00:00+00:00,1,1,0,1,1,1.0,264.883482924134,1.1755875773576352,1.0,1.1755875773576352,284.883482924134,264.883482924134,0.0,0.0,,0.0,,,,,,,0,,,,,0.0,descriptive same-clock matched random,2,2,1.0,merged source first_ms < analysis_start; not a point-in-time universe,False
all_fixed_incumbents,60,v9_both,retest,4h,16,cross,2020-02-01 00:00:00+00:00,2023-01-01 00:00:00+00:00,2026-09-23 04:00:00+00:00,0,0,0,0,0,,,,,,,,,,,,,,,,,,0,,,,,,descriptive same-clock matched random,2,2,1.0,merged source first_ms < analysis_start; not a point-in-time universe,False
all_fixed_incumbents,60,v9_both,retest,4h,20,all,2020-02-01 00:00:00+00:00,2023-01-01 00:00:00+00:00,2026-09-23 04:00:00+00:00,9,9,0,9,2,0.3333333333333333,-113.47589248448442,-0.13417782984755985,3.0,-1.2076004686280386,-93.47589248448433,-280.688895564233,0.0,0.0,0.7901200884314004,0.0,0.1111111111111111,0.6666666666666666,-536.9420720796478,391.38471081961757,-0.8438836783745048,0.7735907347383904,1,1540.0064263910472,304.532747817705,1.0,1235.473678573342,0.1111111111111111,descriptive same-clock matched random,2,2,1.0,merged source first_ms < analysis_start; not a point-in-time universe,False
all_fixed_incumbents,60,v9_both,retest,4h,20,earlier,2020-02-01 00:00:00+00:00,2023-01-01 00:00:00+00:00,2026-09-23 04:00:00+00:00,5,5,0,5,2,0.4,2.4777760683004546,-0.04947921797898651,2.0,-0.24739608989493256,22.477776068300592,-183.289310950242,0.0,0.0,0.923046004725095,0.0,0.0,0.8,-768.3979865767913,831.2082145317333,-1.082811757078709,1.367195168236534,1,1540.0064263910472,304.532747817705,1.0,1235.473678573342,0.2,descriptive same-clock matched random,2,2,1.0,merged source first_ms < analysis_start; not a point-in-time universe,False
all_fixed_incumbents,60,v9_both,retest,4h,20,later,2020-02-01 00:00:00+00:00,2023-01-01 00:00:00+00:00,2026-09-23 04:00:00+00:00,4,4,0,4,2,0.25,-258.4179781754655,-0.24005109468327662,1.0,-0.9602043787331065,-238.4179781754655,-397.53247332363503,0.0,0.0,0.6218047396163645,0.0,0.0,0.75,-523.2832633512645,108.68136799155872,-0.9526618619625937,0.9830707828276091,0,,,,,0.0,descriptive same-clock matched random,2,2,1.0,merged source first_ms < analysis_start; not a point-in-time universe,False
all_fixed_incumbents,60,v9_both,retest,4h,20,cross,2020-02-01 00:00:00+00:00,2023-01-01 00:00:00+00:00,2026-09-23 04:00:00+00:00,0,0,0,0,0,,,,,,,,,,,,,,,,,,0,,,,,,descriptive same-clock matched random,2,2,1.0,merged source first_ms < analysis_start; not a point-in-time universe,False
all_fixed_incumbents,60,joint,baseline,overall,0,all,2020-02-01 00:00:00+00:00,2023-01-01 00:00:00+00:00,2026-09-23 04:00:00+00:00,123,122,1,97,2,0.30327868852459017,26.102635423704957,0.1989542036443543,37.0,24.272412844611225,46.10263542370498,-163.68636542442454,4.0,2.0,1.2787226358031039,0.03278688524590164,0.21773316970546985,0.3858267716535433,-69.09239356095074,129.7289987615388,-0.2541145380700186,0.7248454542427752,108,39.50064089489166,47.36165991674384,0.3425925925925926,-7.861019021852158,0.8852459016393442,descriptive same-clock matched random,2,2,1.0,merged source first_ms < analysis_start; not a point-in-time universe,False
all_fixed_incumbents,60,joint,baseline,overall,0,earlier,2020-02-01 00:00:00+00:00,2023-01-01 00:00:00+00:00,2026-09-23 04:00:00+00:00,57,57,0,46,2,0.3684210526315789,42.929147270407526,0.08810775346530358,21.0,5.022141947522305,62.92914727040753,-160.98146751207898,0.0,0.0,1.1407115377759538,0.0,0.23207699063231851,0.509090909090909,-85.33504869975795,172.28975442459617,-0.33069131578790967,0.5394913920488276,47,63.320707641572206,59.7992098911609,0.40425531914893614,3.5214977504113048,0.8245614035087719,descriptive same-clock matched random,2,2,1.0,merged source first_ms < analysis_start; not a point-in-time universe,False
all_fixed_incumbents,60,joint,baseline,overall,0,later,2020-02-01 00:00:00+00:00,2023-01-01 00:00:00+00:00,2026-09-23 04:00:00+00:00,66,65,1,51,2,0.24615384615384617,11.347078881211939,0.296158013801368,16.0,19.25027089708892,31.34707888121195,-167.768114351559,4.0,2.0,1.3745668137258464,0.06153846153846154,0.14083956866197184,0.35384615384615387,-121.1361746936731,156.8902779188921,-0.4387173902120766,1.1588200197035046,61,21.147474713023065,37.77862960858643,0.29508196721311475,-16.63115489556336,0.9384615384615385,descriptive same-clock matched random,2,2,1.0,merged source first_ms < analysis_start; not a point-in-time universe,False
all_fixed_incumbents,60,joint,baseline,overall,0,cross,2020-02-01 00:00:00+00:00,2023-01-01 00:00:00+00:00,2026-09-23 04:00:00+00:00,0,0,0,0,0,,,,,,,,,,,,,,,,,,0,,,,,,descriptive same-clock matched random,2,2,1.0,merged source first_ms < analysis_start; not a point-in-time universe,False
all_fixed_incumbents,60,joint,baseline,4h,0,all,2020-02-01 00:00:00+00:00,2023-01-01 00:00:00+00:00,2026-09-23 04:00:00+00:00,22,22,0,21,2,0.18181818181818182,6.816859845229456,0.5112494315720305,4.0,11.247487494584671,26.81685984522946,-198.1011970841755,2.0,1.0,1.6344474387336243,0.09090909090909091,0.043478260869565216,0.36363636363636365,-210.88163415259203,301.75660296857683,-0.8837183076883215,2.6110382419434774,4,393.444283869724,207.21086275320724,0.25,186.23342111651675,0.18181818181818182,descriptive same-clock matched random,2,2,1.0,merged source first_ms < analysis_start; not a point-in-time universe,False
all_fixed_incumbents,60,joint,baseline,4h,0,earlier,2020-02-01 00:00:00+00:00,2023-01-01 00:00:00+00:00,2026-09-23 04:00:00+00:00,6,6,0,5,2,0.0,-253.7447064156003,-1.011375986362067,0.0,-6.068255918172402,-233.74470641560035,-264.1540269063755,0.0,0.0,0.0,0.0,0.0,0.0,-280.6714679840716,-211.59987266325598,-1.0863623240293427,-0.8249498828406138,0,,,,,0.0,descriptive same-clock matched random,2,2,1.0,merged source first_ms < analysis_start; not a point-in-time universe,False
all_fixed_incumbents,60,joint,baseline,4h,0,later,2020-02-01 00:00:00+00:00,2023-01-01 00:00:00+00:00,2026-09-23 04:00:00+00:00,16,16,0,16,2,0.25,104.52744719304062,1.082233963297317,4.0,17.315743412757072,124.52744719304063,-162.22553352082,2.0,1.0,2.4850871138393043,0.125,0.0625,0.5,-178.51675908662045,502.6528133228606,-0.8221222178248829,3.8587049787233263,4,393.444283869724,207.21086275320724,0.25,186.23342111651675,0.25,descriptive same-clock matched random,2,2,1.0,merged source first_ms < analysis_start; not a point-in-time universe,False
all_fixed_incumbents,60,joint,baseline,4h,0,cross,2020-02-01 00:00:00+00:00,2023-01-01 00:00:00+00:00,2026-09-23 04:00:00+00:00,0,0,0,0,0,,,,,,,,,,,,,,,,,,0,,,,,,descriptive same-clock matched random,2,2,1.0,merged source first_ms < analysis_start; not a point-in-time universe,False
all_fixed_incumbents,60,joint,baseline,4h,4,all,2020-02-01 00:00:00+00:00,2023-01-01 00:00:00+00:00,2026-09-23 04:00:00+00:00,21,21,0,21,2,0.19047619047619047,-85.28551913566437,-0.2970224093162561,4.0,-6.237470595641378,-65.28551913566439,-216.303295906008,0.0,0.0,0.6114877987552443,0.0,0.047619047619047616,0.38095238095238093,-218.68009319005344,93.12426204147997,-0.8143362169292522,0.3989386849807868,5,-203.58606553218561,-120.3253530125554,0.0,-83.2607125196302,0.23809523809523808,descriptive same-clock matched random,2,2,1.0,merged source first_ms < analysis_start; not a point-in-time universe,False
all_fixed_incumbents,60,joint,baseline,4h,4,earlier,2020-02-01 00:00:00+00:00,2023-01-01 00:00:00+00:00,2026-09-23 04:00:00+00:00,11,11,0,11,2,0.18181818181818182,-89.06599028783127,-0.2611293927661229,2.0,-2.8724233204273517,-69.06599028783128,-216.303295906008,0.0,0.0,0.6521431576165425,0.0,0.0,0.45454545454545453,-286.7595871320119,171.2915483064565,-0.9659991400109526,0.7873832670478582,3,-244.4711152662603,-142.20256816704267,0.0,-102.26854709921766,0.2727272727272727,descriptive same-clock matched random,2,2,1.0,merged source first_ms < analysis_start; not a point-in-time universe,False
all_fixed_incumbents,60,joint,baseline,4h,4,later,2020-02-01 00:00:00+00:00,2023-01-01 00:00:00+00:00,2026-09-23 04:00:00+00:00,10,10,0,10,2,0.2,-81.1270008682808,-0.33650472752140254,2.0,-3.3650472752140255,-61.127000868280795,-188.682486149163,0.0,0.0,0.5684328692132223,0.0,0.0,0.5,-263.20256202747544,145.77840962132402,-1.0464777840504818,0.573737863905827,2,-142.2584909310735,-87.5095302808245,0.0,-54.748960650249,0.2,descriptive same-clock matched random,2,2,1.0,merged source first_ms < analysis_start; not a point-in-time universe,False
all_fixed_incumbents,60,joint,baseline,4h,4,cross,2020-02-01 00:00:00+00:00,2023-01-01 00:00:00+00:00,2026-09-23 04:00:00+00:00,0,0,0,0,0,,,,,,,,,,,,,,,,,,0,,,,,,descriptive same-clock matched random,2,2,1.0,merged source first_ms < analysis_start; not a point-in-time universe,False
all_fixed_incumbents,60,joint,baseline,4h,8,all,2020-02-01 00:00:00+00:00,2023-01-01 00:00:00+00:00,2026-09-23 04:00:00+00:00,18,18,0,18,2,0.3333333333333333,84.42923990305212,0.12509119543417116,6.0,2.251641517815081,104.42923990305209,-159.8634008590965,0.0,0.0,1.1777200181122858,0.0,0.1111111111111111,0.5555555555555556,-177.59166963551252,377.5906598395096,-0.7195967332360992,1.0661911832860318,1,-191.770962508293,-150.16655060174799,0.0,-41.604411906544996,0.05555555555555555,descriptive same-clock matched random,2,2,1.0,merged source first_ms < analysis_start; not a point-in-time universe,False
all_fixed_incumbents,60,joint,baseline,4h,8,earlier,2020-02-01 00:00:00+00:00,2023-01-01 00:00:00+00:00,2026-09-23 04:00:00+00:00,9,9,0,9,2,0.4444444444444444,316.30008500517374,0.44653707857097047,4.0,4.018833707138734,336.30008500517374,-149.327985593844,0.0,0.0,1.7817081831051644,0.0,0.1111111111111111,0.7777777777777778,-129.68796483549662,797.5365611817684,-0.7666894331171212,1.7164532128874708,0,,,,,0.0,descriptive same-clock matched random,2,2,1.0,merged source first_ms < analysis_start; not a point-in-time universe,False
all_fixed_incumbents,60,joint,baseline,4h,8,later,2020-02-01 00:00:00+00:00,2023-01-01 00:00:00+00:00,2026-09-23 04:00:00+00:00,9,9,0,9,2,0.2222222222222222,-147.44160519906958,-0.19635468770262812,2.0,-1.767192189323653,-127.44160519906958,-195.02150621725198,0.0,0.0,0.7652666070391592,0.0,0.0,0.5555555555555556,-335.2303483808493,85.36237716734229,-1.0853309574174925,1.14334333505928,1,-191.770962508293,-150.16655060174799,0.0,-41.604411906544996,0.1111111111111111,descriptive same-clock matched random,2,2,1.0,merged source first_ms < analysis_start; not a point-in-time universe,False
all_fixed_incumbents,60,joint,baseline,4h,8,cross,2020-02-01 00:00:00+00:00,2023-01-01 00:00:00+00:00,2026-09-23 04:00:00+00:00,0,0,0,0,0,,,,,,,,,,,,,,,,,,0,,,,,,descriptive same-clock matched random,2,2,1.0,merged source first_ms < analysis_start; not a point-in-time universe,False
all_fixed_incumbents,60,joint,baseline,4h,12,all,2020-02-01 00:00:00+00:00,2023-01-01 00:00:00+00:00,2026-09-23 04:00:00+00:00,16,16,0,15,2,0.25,-138.85514771819643,-0.5278492174149184,4.0,-8.445587478638695,-118.85514771819642,-176.32713475619,0.0,0.0,0.35779075198291194,0.0,0.058823529411764705,0.47058823529411764,-253.48604527184034,-24.89439708602985,-0.9920507915010502,0.06338506341110148,6,-167.65550445709437,52.48122291285319,0.5,-220.13672736994744,0.375,descriptive same-clock matched random,2,2,1.0,merged source first_ms < analysis_start; not a point-in-time universe,False
all_fixed_incumbents,60,joint,baseline,4h,12,earlier,2020-02-01 00:00:00+00:00,2023-01-01 00:00:00+00:00,2026-09-23 04:00:00+00:00,8,8,0,7,2,0.25,-173.26952948569448,-0.6933977249588199,2.0,-5.547181799670559,-153.2695294856945,-178.1346273035275,0.0,0.0,0.19653904782475104,0.0,0.0,0.625,-341.50115965104925,-12.747711997626848,-1.1785484029733095,0.08291004233924994,3,-150.97774498454467,73.88432880128869,0.6666666666666666,-224.8620737858334,0.375,descriptive same-clock matched random,2,2,1.0,merged source first_ms < analysis_start; not a point-in-time universe,False
all_fixed_incumbents,60,joint,baseline,4h,12,later,2020-02-01 00:00:00+00:00,2023-01-01 00:00:00+00:00,2026-09-23 04:00:00+00:00,8,8,0,8,2,0.25,-104.44076595069838,-0.36230070987101715,2.0,-2.898405678968137,-84.44076595069838,-176.32713475619,0.0,0.0,0.5360120099413529,0.0,0.0,0.625,-233.16090889797496,44.38855516548997,-1.0955065551570513,0.578324550601716,3,-184.33326392964398,31.07811702441768,0.3333333333333333,-215.41138095406166,0.375,descriptive same-clock matched random,2,2,1.0,merged source first_ms < analysis_start; not a point-in-time universe,False
all_fixed_incumbents,60,joint,baseline,4h,12,cross,2020-02-01 00:00:00+00:00,2023-01-01 00:00:00+00:00,2026-09-23 04:00:00+00:00,0,0,0,0,0,,,,,,,,,,,,,,,,,,0,,,,,,descriptive same-clock matched random,2,2,1.0,merged source first_ms < analysis_start; not a point-in-time universe,False
all_fixed_incumbents,60,joint,baseline,4h,16,all,2020-02-01 00:00:00+00:00,2023-01-01 00:00:00+00:00,2026-09-23 04:00:00+00:00,21,21,0,21,2,0.47619047619047616,203.6824870093852,1.0856899586933981,10.0,22.79948913256136,223.68248700938526,-79.524857791944,2.0,1.0,2.9567539681218697,0.09523809523809523,0.23809523809523808,0.6666666666666666,-38.47174479073994,487.92378988930415,-0.1533527718361524,2.5730043266878195,2,478.87571878700396,35.52503548685699,0.5,443.350683300147,0.09523809523809523,descriptive same-clock matched random,2,2,1.0,merged source first_ms < analysis_start; not a point-in-time universe,False
all_fixed_incumbents,60,joint,baseline,4h,16,earlier,2020-02-01 00:00:00+00:00,2023-01-01 00:00:00+00:00,2026-09-23 04:00:00+00:00,11,11,0,11,2,0.5454545454545454,102.11262920181326,0.42084437618713905,6.0,4.62928813805853,122.11262920181336,83.449926666754,0.0,0.0,1.978425570885368,0.0,0.2727272727272727,0.8181818181818182,-131.87681571413512,368.98085528934286,-0.4191660059943211,1.4045332111043687,2,478.87571878700396,35.52503548685699,0.5,443.350683300147,0.18181818181818182,descriptive same-clock matched random,2,2,1.0,merged source first_ms < analysis_start; not a point-in-time universe,False
all_fixed_incumbents,60,joint,baseline,4h,16,later,2020-02-01 00:00:00+00:00,2023-01-01 00:00:00+00:00,2026-09-23 04:00:00+00:00,10,10,0,10,2,0.4,315.40933059771413,1.8170200994502825,4.0,18.170200994502824,335.4093305977142,-103.357419391331,2.0,1.0,3.6256284273558683,0.2,0.1,0.7,-122.25832027570334,878.1149651182275,-0.547801704392942,4.516567321427186,0,,,,,0.0,descriptive same-clock matched random,2,2,1.0,merged source first_ms < analysis_start; not a point-in-time universe,False
all_fixed_incumbents,60,joint,baseline,4h,16,cross,2020-02-01 00:00:00+00:00,2023-01-01 00:00:00+00:00,2026-09-23 04:00:00+00:00,0,0,0,0,0,,,,,,,,,,,,,,,,,,0,,,,,,descriptive same-clock matched random,2,2,1.0,merged source first_ms < analysis_start; not a point-in-time universe,False
all_fixed_incumbents,60,joint,baseline,4h,20,all,2020-02-01 00:00:00+00:00,2023-01-01 00:00:00+00:00,2026-09-23 04:00:00+00:00,25,24,1,23,2,0.375,52.090430207709424,0.11070219891375806,9.0,2.6568527739301935,72.09043020770946,-129.22892614709,0.0,0.0,1.1678410200325047,0.0,0.18518518518518517,0.5652173913043478,-99.48304915059566,218.45417112404292,-0.5294717494780984,0.7953974286892591,1,1098.787821032067,-175.123551931586,0.0,1273.911372963653,0.041666666666666664,descriptive same-clock matched random,2,2,1.0,merged source first_ms < analysis_start; not a point-in-time universe,False
all_fixed_incumbents,60,joint,baseline,4h,20,earlier,2020-02-01 00:00:00+00:00,2023-01-01 00:00:00+00:00,2026-09-23 04:00:00+00:00,12,12,0,12,2,0.5833333333333334,197.11433964100175,0.9051567617162796,7.0,10.861881140595354,217.11433964100166,237.97990152435153,0.0,0.0,3.3670739193798824,0.0,0.3333333333333333,0.8333333333333334,-32.98611500068103,434.39357406425705,-0.01028868128866026,1.8501752007769525,1,1098.787821032067,-175.123551931586,0.0,1273.911372963653,0.08333333333333333,descriptive same-clock matched random,2,2,1.0,merged source first_ms < analysis_start; not a point-in-time universe,False
all_fixed_incumbents,60,joint,baseline,4h,20,later,2020-02-01 00:00:00+00:00,2023-01-01 00:00:00+00:00,2026-09-23 04:00:00+00:00,13,12,1,11,2,0.16666666666666666,-92.93347922558291,-0.6837523638887634,2.0,-8.205028366665161,-72.93347922558283,-166.3393319822355,0.0,0.0,0.27006994349548896,0.0,0.0,0.4166666666666667,-221.04487975116322,110.92948373756305,-1.132918144109358,0.08331122239447564,0,,,,,0.0,descriptive same-clock matched random,2,2,1.0,merged source first_ms < analysis_start; not a point-in-time universe,False
all_fixed_incumbents,60,joint,baseline,4h,20,cross,2020-02-01 00:00:00+00:00,2023-01-01 00:00:00+00:00,2026-09-23 04:00:00+00:00,0,0,0,0,0,,,,,,,,,,,,,,,,,,0,,,,,,descriptive same-clock matched random,2,2,1.0,merged source first_ms < analysis_start; not a point-in-time universe,False
all_fixed_incumbents,60,joint,retest,overall,0,all,2020-02-01 00:00:00+00:00,2023-01-01 00:00:00+00:00,2026-09-23 04:00:00+00:00,16,16,0,16,2,0.4375,110.73715720545042,0.6381081577590175,7.0,10.20973052414428,130.7371572054505,-217.6566414370875,1.0,1.0,2.1335504984968345,0.0625,0.1875,0.6875,-211.65545381683071,513.2260197720838,-0.5164595248313053,2.267262197308211,1,272.379407214813,272.379407214813,1.0,0.0,0.0625,descriptive same-clock matched random,2,2,1.0,merged source first_ms < analysis_start; not a point-in-time universe,False
all_fixed_incumbents,60,joint,retest,overall,0,earlier,2020-02-01 00:00:00+00:00,2023-01-01 00:00:00+00:00,2026-09-23 04:00:00+00:00,8,8,0,8,2,0.25,-58.727042778132486,-0.4074278974256663,2.0,-3.2594231794053306,-38.72704277813237,-284.94498103732803,0.0,0.0,0.4765563103629186,0.0,0.0,0.5,-412.7503566573642,435.03278918076353,-1.054784353207549,0.4825736098092108,0,,,,,0.0,descriptive same-clock matched random,2,2,1.0,merged source first_ms < analysis_start; not a point-in-time universe,False
all_fixed_incumbents,60,joint,retest,overall,0,later,2020-02-01 00:00:00+00:00,2023-01-01 00:00:00+00:00,2026-09-23 04:00:00+00:00,8,8,0,8,2,0.625,280.20135718903333,1.6836442129437015,5.0,13.469153703549612,300.2013571890334,212.0281719787385,1.0,1.0,5.845061473111011,0.125,0.25,0.875,-214.34494297602748,879.283016879668,-0.2745306599325068,4.444230787802454,1,272.379407214813,272.379407214813,1.0,0.0,0.125,descriptive same-clock matched random,2,2,1.0,merged source first_ms < analysis_start; not a point-in-time universe,False
all_fixed_incumbents,60,joint,retest,overall,0,cross,2020-02-01 00:00:00+00:00,2023-01-01 00:00:00+00:00,2026-09-23 04:00:00+00:00,0,0,0,0,0,,,,,,,,,,,,,,,,,,0,,,,,,descriptive same-clock matched random,2,2,1.0,merged source first_ms < analysis_start; not a point-in-time universe,False
all_fixed_incumbents,60,joint,retest,4h,0,all,2020-02-01 00:00:00+00:00,2023-01-01 00:00:00+00:00,2026-09-23 04:00:00+00:00,3,3,0,3,2,0.6666666666666666,113.60424758913068,0.6845500096527273,2.0,2.053650028958182,133.60424758913067,272.379407214813,0.0,0.0,2.9591888571846225,0.0,0.0,1.0,-434.81358327444997,503.246918827029,-1.0482144288577169,2.439513803049034,1,272.379407214813,272.379407214813,1.0,0.0,0.3333333333333333,descriptive same-clock matched random,2,2,1.0,merged source first_ms < analysis_start; not a point-in-time universe,False
all_fixed_incumbents,60,joint,retest,4h,0,earlier,2020-02-01 00:00:00+00:00,2023-01-01 00:00:00+00:00,2026-09-23 04:00:00+00:00,1,1,0,1,1,0.0,-434.81358327444997,-1.0482144288577169,0.0,-1.0482144288577169,-414.81358327444997,-434.81358327444997,0.0,0.0,0.0,0.0,,,,,,,0,,,,,0.0,descriptive same-clock matched random,2,2,1.0,merged source first_ms < analysis_start; not a point-in-time universe,False
all_fixed_incumbents,60,joint,retest,4h,0,later,2020-02-01 00:00:00+00:00,2023-01-01 00:00:00+00:00,2026-09-23 04:00:00+00:00,2,2,0,2,2,1.0,387.813163020921,1.5509322289079495,2.0,3.101864457815899,407.81316302092097,387.813163020921,0.0,0.0,,0.0,1.0,1.0,272.379407214813,503.246918827029,0.6623506547668645,2.439513803049034,1,272.379407214813,272.379407214813,1.0,0.0,0.5,descriptive same-clock matched random,2,2,1.0,merged source first_ms < analysis_start; not a point-in-time universe,False
all_fixed_incumbents,60,joint,retest,4h,0,cross,2020-02-01 00:00:00+00:00,2023-01-01 00:00:00+00:00,2026-09-23 04:00:00+00:00,0,0,0,0,0,,,,,,,,,,,,,,,,,,0,,,,,,descriptive same-clock matched random,2,2,1.0,merged source first_ms < analysis_start; not a point-in-time universe,False
all_fixed_incumbents,60,joint,retest,4h,4,all,2020-02-01 00:00:00+00:00,2023-01-01 00:00:00+00:00,2026-09-23 04:00:00+00:00,2,2,0,2,2,0.5,-156.86388518066352,-0.25230203877354695,1.0,-0.5046040775470939,-136.8638851806635,-156.86388518066352,0.0,0.0,0.5170804507717973,0.0,0.0,1.0,-465.40470710399103,151.676936742664,-1.0449029830197332,0.5402989054726393,0,,,,,0.0,descriptive same-clock matched random,2,2,1.0,merged source first_ms < analysis_start; not a point-in-time universe,False
all_fixed_incumbents,60,joint,retest,4h,4,earlier,2020-02-01 00:00:00+00:00,2023-01-01 00:00:00+00:00,2026-09-23 04:00:00+00:00,0,0,0,0,0,,,,,,,,,,,,,,,,,,0,,,,,,descriptive same-clock matched random,2,2,1.0,merged source first_ms < analysis_start; not a point-in-time universe,False
all_fixed_incumbents,60,joint,retest,4h,4,later,2020-02-01 00:00:00+00:00,2023-01-01 00:00:00+00:00,2026-09-23 04:00:00+00:00,2,2,0,2,2,0.5,-156.86388518066352,-0.25230203877354695,1.0,-0.5046040775470939,-136.8638851806635,-156.86388518066352,0.0,0.0,0.5170804507717973,0.0,0.0,1.0,-465.40470710399103,151.676936742664,-1.0449029830197332,0.5402989054726393,0,,,,,0.0,descriptive same-clock matched random,2,2,1.0,merged source first_ms < analysis_start; not a point-in-time universe,False
all_fixed_incumbents,60,joint,retest,4h,4,cross,2020-02-01 00:00:00+00:00,2023-01-01 00:00:00+00:00,2026-09-23 04:00:00+00:00,0,0,0,0,0,,,,,,,,,,,,,,,,,,0,,,,,,descriptive same-clock matched random,2,2,1.0,merged source first_ms < analysis_start; not a point-in-time universe,False
all_fixed_incumbents,60,joint,retest,4h,8,all,2020-02-01 00:00:00+00:00,2023-01-01 00:00:00+00:00,2026-09-23 04:00:00+00:00,1,1,0,1,1,0.0,-252.023971923933,-0.9076355238295214,0.0,-0.9076355238295214,-232.02397192393298,-252.023971923933,0.0,0.0,0.0,0.0,,,,,,,0,,,,,0.0,descriptive same-clock matched random,2,2,1.0,merged source first_ms < analysis_start; not a point-in-time universe,False
all_fixed_incumbents,60,joint,retest,4h,8,earlier,2020-02-01 00:00:00+00:00,2023-01-01 00:00:00+00:00,2026-09-23 04:00:00+00:00,1,1,0,1,1,0.0,-252.023971923933,-0.9076355238295214,0.0,-0.9076355238295214,-232.02397192393298,-252.023971923933,0.0,0.0,0.0,0.0,,,,,,,0,,,,,0.0,descriptive same-clock matched random,2,2,1.0,merged source first_ms < analysis_start; not a point-in-time universe,False
all_fixed_incumbents,60,joint,retest,4h,8,later,2020-02-01 00:00:00+00:00,2023-01-01 00:00:00+00:00,2026-09-23 04:00:00+00:00,0,0,0,0,0,,,,,,,,,,,,,,,,,,0,,,,,,descriptive same-clock matched random,2,2,1.0,merged source first_ms < analysis_start; not a point-in-time universe,False
all_fixed_incumbents,60,joint,retest,4h,8,cross,2020-02-01 00:00:00+00:00,2023-01-01 00:00:00+00:00,2026-09-23 04:00:00+00:00,0,0,0,0,0,,,,,,,,,,,,,,,,,,0,,,,,,descriptive same-clock matched random,2,2,1.0,merged source first_ms < analysis_start; not a point-in-time universe,False
all_fixed_incumbents,60,joint,retest,4h,12,all,2020-02-01 00:00:00+00:00,2023-01-01 00:00:00+00:00,2026-09-23 04:00:00+00:00,0,0,0,0,0,,,,,,,,,,,,,,,,,,0,,,,,,descriptive same-clock matched random,2,2,1.0,merged source first_ms < analysis_start; not a point-in-time universe,False
all_fixed_incumbents,60,joint,retest,4h,12,earlier,2020-02-01 00:00:00+00:00,2023-01-01 00:00:00+00:00,2026-09-23 04:00:00+00:00,0,0,0,0,0,,,,,,,,,,,,,,,,,,0,,,,,,descriptive same-clock matched random,2,2,1.0,merged source first_ms < analysis_start; not a point-in-time universe,False
all_fixed_incumbents,60,joint,retest,4h,12,later,2020-02-01 00:00:00+00:00,2023-01-01 00:00:00+00:00,2026-09-23 04:00:00+00:00,0,0,0,0,0,,,,,,,,,,,,,,,,,,0,,,,,,descriptive same-clock matched random,2,2,1.0,merged source first_ms < analysis_start; not a point-in-time universe,False
all_fixed_incumbents,60,joint,retest,4h,12,cross,2020-02-01 00:00:00+00:00,2023-01-01 00:00:00+00:00,2026-09-23 04:00:00+00:00,0,0,0,0,0,,,,,,,,,,,,,,,,,,0,,,,,,descriptive same-clock matched random,2,2,1.0,merged source first_ms < analysis_start; not a point-in-time universe,False
all_fixed_incumbents,60,joint,retest,4h,16,all,2020-02-01 00:00:00+00:00,2023-01-01 00:00:00+00:00,2026-09-23 04:00:00+00:00,1,1,0,1,1,0.0,-436.299096828397,-1.0480423814328967,0.0,-1.0480423814328967,-416.299096828397,-436.299096828397,0.0,0.0,0.0,0.0,,,,,,,0,,,,,0.0,descriptive same-clock matched random,2,2,1.0,merged source first_ms < analysis_start; not a point-in-time universe,False
all_fixed_incumbents,60,joint,retest,4h,16,earlier,2020-02-01 00:00:00+00:00,2023-01-01 00:00:00+00:00,2026-09-23 04:00:00+00:00,1,1,0,1,1,0.0,-436.299096828397,-1.0480423814328967,0.0,-1.0480423814328967,-416.299096828397,-436.299096828397,0.0,0.0,0.0,0.0,,,,,,,0,,,,,0.0,descriptive same-clock matched random,2,2,1.0,merged source first_ms < analysis_start; not a point-in-time universe,False
all_fixed_incumbents,60,joint,retest,4h,16,later,2020-02-01 00:00:00+00:00,2023-01-01 00:00:00+00:00,2026-09-23 04:00:00+00:00,0,0,0,0,0,,,,,,,,,,,,,,,,,,0,,,,,,descriptive same-clock matched random,2,2,1.0,merged source first_ms < analysis_start; not a point-in-time universe,False
all_fixed_incumbents,60,joint,retest,4h,16,cross,2020-02-01 00:00:00+00:00,2023-01-01 00:00:00+00:00,2026-09-23 04:00:00+00:00,0,0,0,0,0,,,,,,,,,,,,,,,,,,0,,,,,,descriptive same-clock matched random,2,2,1.0,merged source first_ms < analysis_start; not a point-in-time universe,False
all_fixed_incumbents,60,joint,retest,4h,20,all,2020-02-01 00:00:00+00:00,2023-01-01 00:00:00+00:00,2026-09-23 04:00:00+00:00,9,9,0,9,2,0.4444444444444444,270.33695684816354,1.1795958308884014,4.0,10.616362477995612,290.33695684816365,-183.289310950242,1.0,1.0,3.141231182199816,0.1111111111111111,0.1111111111111111,0.7777777777777778,-260.80454263426924,933.2115763679133,-0.6428594291954692,3.895342891136074,0,,,,,0.0,descriptive same-clock matched random,2,2,1.0,merged source first_ms < analysis_start; not a point-in-time universe,False
all_fixed_incumbents,60,joint,retest,4h,20,earlier,2020-02-01 00:00:00+00:00,2023-01-01 00:00:00+00:00,2026-09-23 04:00:00+00:00,5,5,0,5,2,0.4,130.66406196034401,-0.05110616905703904,2.0,-0.2555308452851952,150.6640619603442,-183.289310950242,0.0,0.0,0.920716258313317,0.0,0.0,0.8,-411.5731051113832,850.6881314545315,-1.0825236058184184,1.3583194184999632,0,,,,,0.0,descriptive same-clock matched random,2,2,1.0,merged source first_ms < analysis_start; not a point-in-time universe,False
all_fixed_incumbents,60,joint,retest,4h,20,later,2020-02-01 00:00:00+00:00,2023-01-01 00:00:00+00:00,2026-09-23 04:00:00+00:00,4,4,0,4,2,0.5,444.92807545793795,2.7179733308202016,2.0,10.871893323280807,464.92807545793795,6.447307000333495,1.0,1.0,7.265957913036128,0.25,0.0,1.0,-423.52743418050557,1662.627772991196,-0.8675364145569966,8.096872729011068,0,,,,,0.0,descriptive same-clock matched random,2,2,1.0,merged source first_ms < analysis_start; not a point-in-time universe,False
all_fixed_incumbents,60,joint,retest,4h,20,cross,2020-02-01 00:00:00+00:00,2023-01-01 00:00:00+00:00,2026-09-23 04:00:00+00:00,0,0,0,0,0,,,,,,,,,,,,,,,,,,0,,,,,,descriptive same-clock matched random,2,2,1.0,merged source first_ms < analysis_start; not a point-in-time universe,False
excluding_first_analysis_month,15,v9_both,baseline,overall,0,all,2020-02-01 00:00:00+00:00,2023-01-01 00:00:00+00:00,2026-09-23 04:00:00+00:00,719,719,0,277,2,0.29902642559109877,-1.1872559378451575,0.008193869881243718,215.0,5.891392444614233,18.81274406215484,-86.661995461145,32.0,7.0,1.0104217813467016,0.04450625869262865,0.26263906405258736,0.33471660327339786,-21.666171732372078,19.757265150626957,-0.15723939195004275,0.18914778830552093,610,-4.508953788023461,-8.655279561115433,0.2786885245901639,4.1463257730919665,0.8484005563282336,descriptive same-clock matched random,2,2,1.0,merged source first_ms < analysis_start; not a point-in-time universe,True
excluding_first_analysis_month,15,v9_both,baseline,overall,0,earlier,2020-02-01 00:00:00+00:00,2023-01-01 00:00:00+00:00,2026-09-23 04:00:00+00:00,325,325,0,122,2,0.32,-8.303629457336674,0.08430731868634994,104.0,27.39987857306373,11.69637054266335,-115.01489956508199,13.0,4.0,1.1131647611284787,0.04,0.2684863612764088,0.374559671367152,-40.70104973182958,26.646313960409138,-0.1361547936276273,0.3304179380649519,279,-12.449837876267589,-5.589160563328374,0.2724014336917563,-6.860677312939212,0.8584615384615385,descriptive same-clock matched random,2,2,1.0,merged source first_ms < analysis_start; not a point-in-time universe,True
excluding_first_analysis_month,15,v9_both,baseline,overall,0,later,2020-02-01 00:00:00+00:00,2023-01-01 00:00:00+00:00,2026-09-23 04:00:00+00:00,394,394,0,155,2,0.2817258883248731,4.682849122649111,-0.05459006631586164,111.0,-21.508486128449487,24.6828491226491,-74.5196507054565,19.0,3.0,0.9334457702081495,0.048223350253807105,0.23420103430217334,0.33075034025681993,-22.478696190622678,31.905914632831433,-0.2961622059006874,0.19019469849400403,331,2.18441980901615,-11.239712190670076,0.283987915407855,13.424131999686225,0.8401015228426396,descriptive same-clock matched random,2,2,1.0,merged source first_ms < analysis_start; not a point-in-time universe,True
excluding_first_analysis_month,15,v9_both,baseline,overall,0,cross,2020-02-01 00:00:00+00:00,2023-01-01 00:00:00+00:00,2026-09-23 04:00:00+00:00,0,0,0,0,0,,,,,,,,,,,,,,,,,,0,,,,,,descriptive same-clock matched random,2,2,1.0,merged source first_ms < analysis_start; not a point-in-time universe,True
excluding_first_analysis_month,15,v9_both,baseline,4h,0,all,2020-02-01 00:00:00+00:00,2023-01-01 00:00:00+00:00,2026-09-23 04:00:00+00:00,117,117,0,90,2,0.27350427350427353,-12.477784921316456,0.07537062594240546,32.0,8.818363235261439,7.522215078683525,-86.87152052709601,6.0,2.0,1.0981051098840504,0.05128205128205128,0.19468411996066864,0.3492160278745644,-60.15974448880893,41.55406784283099,-0.3336312797163707,0.5404788414666767,15,-40.08461346072946,16.619145888817936,0.3333333333333333,-56.7037593495474,0.1282051282051282,descriptive same-clock matched random,2,2,1.0,merged source first_ms < analysis_start; not a point-in-time universe,True
excluding_first_analysis_month,15,v9_both,baseline,4h,0,earlier,2020-02-01 00:00:00+00:00,2023-01-01 00:00:00+00:00,2026-09-23 04:00:00+00:00,42,42,0,34,2,0.2619047619047619,-84.41788883535158,-0.11199934918758911,11.0,-4.703972665878743,-64.41788883535158,-140.4455963505605,2.0,1.0,0.8581044527378328,0.047619047619047616,0.1282051282051282,0.4,-157.24301099253276,-8.371894036023386,-0.6945097004401266,0.533271940492915,4,75.7149059741315,-16.595918229042745,0.25,92.31082420317425,0.09523809523809523,descriptive same-clock matched random,2,2,1.0,merged source first_ms < analysis_start; not a point-in-time universe,True
excluding_first_analysis_month,15,v9_both,baseline,4h,0,later,2020-02-01 00:00:00+00:00,2023-01-01 00:00:00+00:00,2026-09-23 04:00:00+00:00,75,75,0,56,2,0.28,27.80867327054321,0.1802978120152024,21.0,13.52233590114018,47.80867327054317,-66.00721754418299,4.0,1.0,1.2383381091525008,0.05333333333333334,0.18516081871345028,0.3797602068104831,-36.086981328983654,110.61651933967087,-0.39872825876329865,0.935797083969706,11,-82.19352961886074,28.69735102258546,0.36363636363636365,-110.89088064144619,0.14666666666666667,descriptive same-clock matched random,2,2,1.0,merged source first_ms < analysis_start; not a point-in-time universe,True
excluding_first_analysis_month,15,v9_both,baseline,4h,0,cross,2020-02-01 00:00:00+00:00,2023-01-01 00:00:00+00:00,2026-09-23 04:00:00+00:00,0,0,0,0,0,,,,,,,,,,,,,,,,,,0,,,,,,descriptive same-clock matched random,2,2,1.0,merged source first_ms < analysis_start; not a point-in-time universe,True
excluding_first_analysis_month,15,v9_both,baseline,4h,4,all,2020-02-01 00:00:00+00:00,2023-01-01 00:00:00+00:00,2026-09-23 04:00:00+00:00,70,70,0,63,2,0.37142857142857144,4.531796611201671,-0.02739307273469266,26.0,-1.9175150914284862,24.531796611201674,-58.0530732476515,1.0,0.0,0.9631384179393443,0.014285714285714285,0.2571428571428571,0.4861111111111111,-49.32421982178124,59.33101250294109,-0.42446977436737465,0.37210055150497817,8,-144.46731632228563,-60.01085696876326,0.125,-84.45645935352236,0.11428571428571428,descriptive same-clock matched random,2,2,1.0,merged source first_ms < analysis_start; not a point-in-time universe,True
excluding_first_analysis_month,15,v9_both,baseline,4h,4,earlier,2020-02-01 00:00:00+00:00,2023-01-01 00:00:00+00:00,2026-09-23 04:00:00+00:00,40,40,0,34,2,0.45,21.687871119029676,0.14716827237376348,18.0,5.8867308949505395,41.68787111902968,-53.422555150963504,1.0,0.0,1.2401315271894282,0.025,0.2972972972972973,0.591001228501228,-60.1730766529875,109.57572420699958,-0.2955643271098653,0.6381194368992541,7,-157.01606823813884,-129.0618829881633,0.0,-27.954185249975573,0.175,descriptive same-clock matched random,2,2,1.0,merged source first_ms < analysis_start; not a point-in-time universe,True
excluding_first_analysis_month,15,v9_both,baseline,4h,4,later,2020-02-01 00:00:00+00:00,2023-01-01 00:00:00+00:00,2026-09-23 04:00:00+00:00,30,30,0,29,2,0.26666666666666666,-18.342969399235663,-0.2601415328793008,8.0,-7.804245986379024,1.6570306007643345,-59.5167411080415,0.0,0.0,0.7162580116913455,0.0,0.10344827586206896,0.43333333333333335,-60.63288347243239,29.07504252897488,-0.8867956870788403,0.4338719747408302,1,-56.626052911312996,423.346325167037,1.0,-479.97237807835,0.03333333333333333,descriptive same-clock matched random,2,2,1.0,merged source first_ms < analysis_start; not a point-in-time universe,True
excluding_first_analysis_month,15,v9_both,baseline,4h,4,cross,2020-02-01 00:00:00+00:00,2023-01-01 00:00:00+00:00,2026-09-23 04:00:00+00:00,0,0,0,0,0,,,,,,,,,,,,,,,,,,0,,,,,,descriptive same-clock matched random,2,2,1.0,merged source first_ms < analysis_start; not a point-in-time universe,True
excluding_first_analysis_month,15,v9_both,baseline,4h,8,all,2020-02-01 00:00:00+00:00,2023-01-01 00:00:00+00:00,2026-09-23 04:00:00+00:00,166,166,0,122,2,0.3072289156626506,5.273382771383747,0.08325284075094966,51.0,13.819971564657642,25.273382771383762,-97.81998201426799,10.0,2.0,1.1062145348635404,0.060240963855421686,0.23528525868178596,0.37663892993234305,-36.588696748802626,48.876170116231584,-0.2795547234197439,0.45693208424343196,20,38.04966955218189,139.82628106707023,0.4,-101.77661151488834,0.12048192771084337,descriptive same-clock matched random,2,2,1.0,merged source first_ms < analysis_start; not a point-in-time universe,True
excluding_first_analysis_month,15,v9_both,baseline,4h,8,earlier,2020-02-01 00:00:00+00:00,2023-01-01 00:00:00+00:00,2026-09-23 04:00:00+00:00,67,67,0,52,2,0.2537313432835821,-12.548598962511043,0.025082337869057014,17.0,1.6805166372268199,7.451401037488979,-137.33003985852798,4.0,1.0,1.0307573416781664,0.05970149253731343,0.14925373134328357,0.3538709677419354,-86.41936026303257,66.40283257436748,-0.5062705655855729,0.5938843128190894,11,59.35269239127837,190.30956071122853,0.36363636363636365,-130.9568683199502,0.16417910447761194,descriptive same-clock matched random,2,2,1.0,merged source first_ms < analysis_start; not a point-in-time universe,True
excluding_first_analysis_month,15,v9_both,baseline,4h,8,later,2020-02-01 00:00:00+00:00,2023-01-01 00:00:00+00:00,2026-09-23 04:00:00+00:00,99,99,0,70,2,0.3434343434343434,17.33472394482769,0.1226207568427356,34.0,12.139454927430824,37.33472394482769,-75.08712096626701,6.0,1.0,1.1608389324759305,0.06060606060606061,0.2475222006736756,0.43564356435643564,-26.990485264300716,64.4338605346156,-0.327907656924613,0.5969780826518643,9,12.012641637730665,78.12449483532123,0.4444444444444444,-66.11185319759056,0.09090909090909091,descriptive same-clock matched random,2,2,1.0,merged source first_ms < analysis_start; not a point-in-time universe,True
excluding_first_analysis_month,15,v9_both,baseline,4h,8,cross,2020-02-01 00:00:00+00:00,2023-01-01 00:00:00+00:00,2026-09-23 04:00:00+00:00,0,0,0,0,0,,,,,,,,,,,,,,,,,,0,,,,,,descriptive same-clock matched random,2,2,1.0,merged source first_ms < analysis_start; not a point-in-time universe,True
excluding_first_analysis_month,15,v9_both,baseline,4h,12,all,2020-02-01 00:00:00+00:00,2023-01-01 00:00:00+00:00,2026-09-23 04:00:00+00:00,103,103,0,78,2,0.33980582524271846,24.24893652647865,0.15503763787343264,35.0,15.968876700963563,44.24893652647866,-72.359763658911,6.0,2.0,1.1974778820522347,0.05825242718446602,0.24323012332721072,0.44682877406281646,-25.911891427755833,81.74470477991262,-0.3569817963036718,0.7320202225931669,13,-90.29678310884724,-55.72789288384032,0.15384615384615385,-34.568890225006925,0.1262135922330097,descriptive same-clock matched random,2,2,1.0,merged source first_ms < analysis_start; not a point-in-time universe,True
excluding_first_analysis_month,15,v9_both,baseline,4h,12,earlier,2020-02-01 00:00:00+00:00,2023-01-01 00:00:00+00:00,2026-09-23 04:00:00+00:00,52,52,0,41,2,0.4423076923076923,70.71174529500982,0.5514435599527058,23.0,28.6750651175407,90.71174529500986,-73.648714818141,3.0,1.0,1.8501195597922617,0.057692307692307696,0.29411764705882354,0.5833726415094338,-14.114737999161397,165.77945669467266,-0.15611632528132974,1.3609007240468964,5,-101.7660732845192,-84.6325576203954,0.0,-17.133515664123795,0.09615384615384616,descriptive same-clock matched random,2,2,1.0,merged source first_ms < analysis_start; not a point-in-time universe,True
excluding_first_analysis_month,15,v9_both,baseline,4h,12,later,2020-02-01 00:00:00+00:00,2023-01-01 00:00:00+00:00,2026-09-23 04:00:00+00:00,51,51,0,37,2,0.23529411764705882,-23.124907708102157,-0.24914094934464978,12.0,-12.706188416577138,-3.1249077081021768,-71.58558795366301,3.0,1.0,0.7304212931447649,0.058823529411764705,0.12727272727272726,0.3600425531914891,-64.6863229158651,30.043974553928745,-0.8444877483526233,0.5057754465220853,8,-83.12847674905224,-37.66247742349338,0.25,-45.465999325558876,0.1568627450980392,descriptive same-clock matched random,2,2,1.0,merged source first_ms < analysis_start; not a point-in-time universe,True
excluding_first_analysis_month,15,v9_both,baseline,4h,12,cross,2020-02-01 00:00:00+00:00,2023-01-01 00:00:00+00:00,2026-09-23 04:00:00+00:00,0,0,0,0,0,,,,,,,,,,,,,,,,,,0,,,,,,descriptive same-clock matched random,2,2,1.0,merged source first_ms < analysis_start; not a point-in-time universe,True
excluding_first_analysis_month,15,v9_both,baseline,4h,16,all,2020-02-01 00:00:00+00:00,2023-01-01 00:00:00+00:00,2026-09-23 04:00:00+00:00,127,127,0,96,2,0.2440944881889764,-15.915189129112399,-0.13268812324160206,31.0,-16.85139165168346,4.084810870887593,-94.26993610444501,5.0,1.0,0.8467099787742066,0.03937007874015748,0.17240672696438666,0.3254014396456257,-58.61452375567857,36.92640878246273,-0.4977703535287445,0.3150712573948778,17,-18.08704532697841,3.3481064762005293,0.17647058823529413,-21.435151803178936,0.13385826771653545,descriptive same-clock matched random,2,2,1.0,merged source first_ms < analysis_start; not a point-in-time universe,True
excluding_first_analysis_month,15,v9_both,baseline,4h,16,earlier,2020-02-01 00:00:00+00:00,2023-01-01 00:00:00+00:00,2026-09-23 04:00:00+00:00,72,72,0,53,2,0.2916666666666667,-10.820719348841376,0.05761644094769326,21.0,4.148383748233915,9.179280651158637,-114.788565036183,2.0,1.0,1.0759916091387962,0.027777777777777776,0.19230769230769232,0.40540540540540543,-75.66553678691135,70.69321657727711,-0.4274624408412728,0.6985594004994877,10,-45.5547845166915,22.02540819959201,0.1,-67.58019271628349,0.1388888888888889,descriptive same-clock matched random,2,2,1.0,merged source first_ms < analysis_start; not a point-in-time universe,True
excluding_first_analysis_month,15,v9_both,baseline,4h,16,later,2020-02-01 00:00:00+00:00,2023-01-01 00:00:00+00:00,2026-09-23 04:00:00+00:00,55,55,0,43,2,0.18181818181818182,-22.584313205103552,-0.381814098180316,10.0,-20.99977539991738,-2.5843132051035793,-79.723183688562,3.0,0.0,0.620541366731105,0.05454545454545454,0.08620689655172414,0.2962962962962963,-68.86619998243008,35.57813858283602,-0.8766809903539644,0.21292964097344322,7,21.152582086897432,-23.333753128644425,0.2857142857142857,44.486335215541864,0.12727272727272726,descriptive same-clock matched random,2,2,1.0,merged source first_ms < analysis_start; not a point-in-time universe,True
excluding_first_analysis_month,15,v9_both,baseline,4h,16,cross,2020-02-01 00:00:00+00:00,2023-01-01 00:00:00+00:00,2026-09-23 04:00:00+00:00,0,0,0,0,0,,,,,,,,,,,,,,,,,,0,,,,,,descriptive same-clock matched random,2,2,1.0,merged source first_ms < analysis_start; not a point-in-time universe,True
excluding_first_analysis_month,15,v9_both,baseline,4h,20,all,2020-02-01 00:00:00+00:00,2023-01-01 00:00:00+00:00,2026-09-23 04:00:00+00:00,136,136,0,105,2,0.29411764705882354,-7.814374479268289,-0.10255082583203273,40.0,-13.946912313156451,12.185625520731696,-96.87845338423651,4.0,0.0,0.8639067638662262,0.029411764705882353,0.21372782891782666,0.3798449612403101,-56.96232274787508,45.97752987693098,-0.41352550254736625,0.2432362058378278,19,43.203365331914625,24.22816193915195,0.3157894736842105,18.975203392762687,0.13970588235294118,descriptive same-clock matched random,2,2,1.0,merged source first_ms < analysis_start; not a point-in-time universe,True
excluding_first_analysis_month,15,v9_both,baseline,4h,20,earlier,2020-02-01 00:00:00+00:00,2023-01-01 00:00:00+00:00,2026-09-23 04:00:00+00:00,52,52,0,42,2,0.2692307692307692,-39.95780613551021,-0.15936240690402878,14.0,-8.286845159009497,-19.957806135510207,-134.46143666963502,1.0,0.0,0.8003153158211713,0.019230769230769232,0.1578689370485036,0.3958333333333333,-119.9615388327358,45.671224280017505,-0.5929672840973911,0.33423069578259956,6,61.972890631455506,-177.15577684984132,0.0,239.12866748129684,0.11538461538461539,descriptive same-clock matched random,2,2,1.0,merged source first_ms < analysis_start; not a point-in-time universe,True
excluding_first_analysis_month,15,v9_both,baseline,4h,20,later,2020-02-01 00:00:00+00:00,2023-01-01 00:00:00+00:00,2026-09-23 04:00:00+00:00,84,84,0,63,2,0.30952380952380953,12.083940355548135,-0.06738175183508271,26.0,-5.660067154146948,32.0839403555481,-81.0594357848525,3.0,0.0,0.9071829758191244,0.03571428571428571,0.20475831899024668,0.4146341463414634,-42.84012741027372,73.56761453231776,-0.47133128871051333,0.36939868049949903,13,34.54050750135732,117.17459522637962,0.46153846153846156,-82.63408772502231,0.15476190476190477,descriptive same-clock matched random,2,2,1.0,merged source first_ms < analysis_start; not a point-in-time universe,True
excluding_first_analysis_month,15,v9_both,baseline,4h,20,cross,2020-02-01 00:00:00+00:00,2023-01-01 00:00:00+00:00,2026-09-23 04:00:00+00:00,0,0,0,0,0,,,,,,,,,,,,,,,,,,0,,,,,,descriptive same-clock matched random,2,2,1.0,merged source first_ms < analysis_start; not a point-in-time universe,True
excluding_first_analysis_month,15,v9_both,retest,overall,0,all,2020-02-01 00:00:00+00:00,2023-01-01 00:00:00+00:00,2026-09-23 04:00:00+00:00,109,109,0,92,2,0.3853211009174312,77.91087985401671,0.35337742421263313,42.0,38.51813923917701,97.91087985401668,-75.793496716238,6.0,0.0,1.6903422126520824,0.05504587155963303,0.2990145276209864,0.4727272727272727,-14.303289184337416,183.75224827042524,-0.013068086444244948,0.7564472518583374,10,-5.9173851117785095,108.76865338909629,0.5,-114.6860385008748,0.09174311926605505,descriptive same-clock matched random,2,2,1.0,merged source first_ms < analysis_start; not a point-in-time universe,True
excluding_first_analysis_month,15,v9_both,retest,overall,0,earlier,2020-02-01 00:00:00+00:00,2023-01-01 00:00:00+00:00,2026-09-23 04:00:00+00:00,50,50,0,39,2,0.34,112.94873110227545,0.4882741465262809,17.0,24.413707326314046,132.9487311022754,-108.5873817109765,4.0,0.0,1.9125297988764671,0.08,0.20833333333333334,0.4716981132075472,-57.065132396879335,317.19400930283547,-0.09280627726883059,1.1240468982846112,4,29.478815914826487,141.6806328427695,0.5,-112.20181692794299,0.08,descriptive same-clock matched random,2,2,1.0,merged source first_ms < analysis_start; not a point-in-time universe,True
excluding_first_analysis_month,15,v9_both,retest,overall,0,later,2020-02-01 00:00:00+00:00,2023-01-01 00:00:00+00:00,2026-09-23 04:00:00+00:00,59,59,0,53,2,0.423728813559322,48.21778557583135,0.23905816801462657,25.0,14.104431912862967,68.21778557583133,-71.484300641491,2.0,0.0,1.4856589710902866,0.03389830508474576,0.2999561403508772,0.55,-36.37727579784515,142.32210746982958,-0.21689440581569477,0.7806574982383514,6,-29.5148524628485,86.82733375331416,0.5,-116.34218621616267,0.1016949152542373,descriptive same-clock matched random,2,2,1.0,merged source first_ms < analysis_start; not a point-in-time universe,True
excluding_first_analysis_month,15,v9_both,retest,overall,0,cross,2020-02-01 00:00:00+00:00,2023-01-01 00:00:00+00:00,2026-09-23 04:00:00+00:00,0,0,0,0,0,,,,,,,,,,,,,,,,,,0,,,,,,descriptive same-clock matched random,2,2,1.0,merged source first_ms < analysis_start; not a point-in-time universe,True
excluding_first_analysis_month,15,v9_both,retest,4h,0,all,2020-02-01 00:00:00+00:00,2023-01-01 00:00:00+00:00,2026-09-23 04:00:00+00:00,24,24,0,23,2,0.2916666666666667,135.64225273719524,0.3039222810186732,7.0,7.294134744448156,155.64225273719526,-108.423605150285,2.0,0.0,1.486005866781407,0.08333333333333333,0.125,0.4782608695652174,-132.98419969247732,542.3242836801628,-0.5907431549864622,1.4990437805197985,0,,,,,0.0,descriptive same-clock matched random,2,2,1.0,merged source first_ms < analysis_start; not a point-in-time universe,True
excluding_first_analysis_month,15,v9_both,retest,4h,0,earlier,2020-02-01 00:00:00+00:00,2023-01-01 00:00:00+00:00,2026-09-23 04:00:00+00:00,10,10,0,10,2,0.2,216.41789615107692,0.14316954454207315,2.0,1.4316954454207313,236.41789615107683,-201.337501575706,1.0,0.0,1.178131188414915,0.1,0.0,0.5,-258.1910857075316,1059.3436592739931,-1.0546890588039275,1.9158974854762625,0,,,,,0.0,descriptive same-clock matched random,2,2,1.0,merged source first_ms < analysis_start; not a point-in-time universe,True
excluding_first_analysis_month,15,v9_both,retest,4h,0,later,2020-02-01 00:00:00+00:00,2023-01-01 00:00:00+00:00,2026-09-23 04:00:00+00:00,14,14,0,13,2,0.35714285714285715,77.94536458442266,0.41874566421624476,5.0,5.862439299027427,97.94536458442265,-57.862073451747,1.0,0.0,1.8409732825441332,0.07142857142857142,0.14285714285714285,0.5714285714285714,-116.87304652741682,378.1832691971935,-0.6568624920886764,2.13378695124441,0,,,,,0.0,descriptive same-clock matched random,2,2,1.0,merged source first_ms < analysis_start; not a point-in-time universe,True
excluding_first_analysis_month,15,v9_both,retest,4h,0,cross,2020-02-01 00:00:00+00:00,2023-01-01 00:00:00+00:00,2026-09-23 04:00:00+00:00,0,0,0,0,0,,,,,,,,,,,,,,,,,,0,,,,,,descriptive same-clock matched random,2,2,1.0,merged source first_ms < analysis_start; not a point-in-time universe,True
excluding_first_analysis_month,15,v9_both,retest,4h,4,all,2020-02-01 00:00:00+00:00,2023-01-01 00:00:00+00:00,2026-09-23 04:00:00+00:00,12,12,0,12,2,0.4166666666666667,-18.329693147705083,0.2696051602195868,5.0,3.2352619226350416,1.6703068522948414,-56.9295795927095,0.0,0.0,1.6501530856002453,0.0,0.16666666666666666,0.6666666666666666,-222.9570079031664,194.20541935909264,-0.4019002682648942,0.979047598891031,0,,,,,0.0,descriptive same-clock matched random,2,2,1.0,merged source first_ms < analysis_start; not a point-in-time universe,True
excluding_first_analysis_month,15,v9_both,retest,4h,4,earlier,2020-02-01 00:00:00+00:00,2023-01-01 00:00:00+00:00,2026-09-23 04:00:00+00:00,5,5,0,5,2,0.4,-106.02330009901661,0.2662219095059795,2.0,1.3311095475298975,-86.02330009901678,-7.600189907002,0.0,0.0,1.7721116424755152,0.0,0.0,0.8,-482.7503736728134,195.38833157633977,-0.6849399880045913,1.1571391527463726,0,,,,,0.0,descriptive same-clock matched random,2,2,1.0,merged source first_ms < analysis_start; not a point-in-time universe,True
excluding_first_analysis_month,15,v9_both,retest,4h,4,later,2020-02-01 00:00:00+00:00,2023-01-01 00:00:00+00:00,2026-09-23 04:00:00+00:00,7,7,0,7,2,0.42857142857142855,44.30859753180313,0.27202176787216353,3.0,1.9041523751051446,64.30859753180314,-106.258969278417,0.0,0.0,1.5855024241136337,0.0,0.14285714285714285,0.7142857142857143,-152.64499124883213,312.28280354466085,-0.7106956156109633,1.27369738732576,0,,,,,0.0,descriptive same-clock matched random,2,2,1.0,merged source first_ms < analysis_start; not a point-in-time universe,True
excluding_first_analysis_month,15,v9_both,retest,4h,4,cross,2020-02-01 00:00:00+00:00,2023-01-01 00:00:00+00:00,2026-09-23 04:00:00+00:00,0,0,0,0,0,,,,,,,,,,,,,,,,,,0,,,,,,descriptive same-clock matched random,2,2,1.0,merged source first_ms < analysis_start; not a point-in-time universe,True
excluding_first_analysis_month,15,v9_both,retest,4h,8,all,2020-02-01 00:00:00+00:00,2023-01-01 00:00:00+00:00,2026-09-23 04:00:00+00:00,12,12,0,12,2,0.75,158.44573804429322,0.6341853166760522,9.0,7.610223800112626,178.44573804429325,67.977965430382,0.0,0.0,3.5057264296227966,0.0,0.5,1.0,-30.904314579678104,393.3121279087334,0.006116605213461542,1.2776834988470527,0,,,,,0.0,descriptive same-clock matched random,2,2,1.0,merged source first_ms < analysis_start; not a point-in-time universe,True
excluding_first_analysis_month,15,v9_both,retest,4h,8,earlier,2020-02-01 00:00:00+00:00,2023-01-01 00:00:00+00:00,2026-09-23 04:00:00+00:00,4,4,0,4,2,0.75,294.8380827283285,0.9239433186140588,3.0,3.695773274456235,314.83808272832846,206.91626434957453,0.0,0.0,4.515722229800359,0.0,0.25,1.0,-214.49812074714248,892.0961045825535,-0.4518213028477471,2.2997079400758644,0,,,,,0.0,descriptive same-clock matched random,2,2,1.0,merged source first_ms < analysis_start; not a point-in-time universe,True
excluding_first_analysis_month,15,v9_both,retest,4h,8,later,2020-02-01 00:00:00+00:00,2023-01-01 00:00:00+00:00,2026-09-23 04:00:00+00:00,8,8,0,8,2,0.75,90.24956570227563,0.48930631570704874,6.0,3.91445052565639,110.24956570227562,67.977965430382,0.0,0.0,2.971102170726393,0.0,0.5,1.0,-36.69785607152268,217.43737433289525,-0.18452009054301588,1.1050358002027352,0,,,,,0.0,descriptive same-clock matched random,2,2,1.0,merged source first_ms < analysis_start; not a point-in-time universe,True
excluding_first_analysis_month,15,v9_both,retest,4h,8,cross,2020-02-01 00:00:00+00:00,2023-01-01 00:00:00+00:00,2026-09-23 04:00:00+00:00,0,0,0,0,0,,,,,,,,,,,,,,,,,,0,,,,,,descriptive same-clock matched random,2,2,1.0,merged source first_ms < analysis_start; not a point-in-time universe,True
excluding_first_analysis_month,15,v9_both,retest,4h,12,all,2020-02-01 00:00:00+00:00,2023-01-01 00:00:00+00:00,2026-09-23 04:00:00+00:00,13,13,0,12,2,0.46153846153846156,117.52993866031017,0.7250931147753623,6.0,9.42621049207971,137.52993866031017,-75.233477035652,2.0,0.0,2.456144962586443,0.15384615384615385,0.16666666666666666,0.7333333333333333,-99.06750704417004,413.6883291513982,-0.5428950091086365,2.320573689396714,0,,,,,0.0,descriptive same-clock matched random,2,2,1.0,merged source first_ms < analysis_start; not a point-in-time universe,True
excluding_first_analysis_month,15,v9_both,retest,4h,12,earlier,2020-02-01 00:00:00+00:00,2023-01-01 00:00:00+00:00,2026-09-23 04:00:00+00:00,3,3,0,3,1,0.6666666666666666,649.041998645239,4.030598049737825,2.0,12.091794149213474,669.0419986452391,745.0119414036279,2.0,0.0,12.094285338151773,0.6666666666666666,0.0,1.0,-242.43984644793,1444.5539009800189,-1.0899119484182906,7.4182091503268035,0,,,,,0.0,descriptive same-clock matched random,2,2,1.0,merged source first_ms < analysis_start; not a point-in-time universe,True
excluding_first_analysis_month,15,v9_both,retest,4h,12,later,2020-02-01 00:00:00+00:00,2023-01-01 00:00:00+00:00,2026-09-23 04:00:00+00:00,10,10,0,9,2,0.4,-41.9236793351685,-0.2665583657133763,4.0,-2.665583657133763,-21.923679335168494,-78.64194347884,0.0,0.0,0.5048594783713896,0.0,0.0,0.7272727272727273,-148.50496357199938,47.37953823551785,-0.8500752792484327,0.2515274973855273,0,,,,,0.0,descriptive same-clock matched random,2,2,1.0,merged source first_ms < analysis_start; not a point-in-time universe,True
excluding_first_analysis_month,15,v9_both,retest,4h,12,cross,2020-02-01 00:00:00+00:00,2023-01-01 00:00:00+00:00,2026-09-23 04:00:00+00:00,0,0,0,0,0,,,,,,,,,,,,,,,,,,0,,,,,,descriptive same-clock matched random,2,2,1.0,merged source first_ms < analysis_start; not a point-in-time universe,True
excluding_first_analysis_month,15,v9_both,retest,4h,16,all,2020-02-01 00:00:00+00:00,2023-01-01 00:00:00+00:00,2026-09-23 04:00:00+00:00,21,21,0,21,2,0.42857142857142855,148.0526678773032,0.9077434249390934,9.0,19.06261192372096,168.05266787730315,-42.259529336768,2.0,0.0,3.104891493107274,0.09523809523809523,0.19047619047619047,0.6666666666666666,-18.31295656510296,341.5251131432011,-0.09849299298213625,2.0284464311207993,1,-136.821580117194,-31.408105474538,0.0,-105.413474642656,0.047619047619047616,descriptive same-clock matched random,2,2,1.0,merged source first_ms < analysis_start; not a point-in-time universe,True
excluding_first_analysis_month,15,v9_both,retest,4h,16,earlier,2020-02-01 00:00:00+00:00,2023-01-01 00:00:00+00:00,2026-09-23 04:00:00+00:00,13,13,0,13,2,0.46153846153846156,206.6913852960367,1.0658883458374702,6.0,13.856548495887111,226.69138529603657,-5.021400007307,1.0,0.0,3.833188244953959,0.07692307692307693,0.15384615384615385,0.6923076923076923,-28.267214813240663,474.7725874927,-0.12766152188261543,2.427645503870867,0,,,,,0.0,descriptive same-clock matched random,2,2,1.0,merged source first_ms < analysis_start; not a point-in-time universe,True
excluding_first_analysis_month,15,v9_both,retest,4h,16,later,2020-02-01 00:00:00+00:00,2023-01-01 00:00:00+00:00,2026-09-23 04:00:00+00:00,8,8,0,8,2,0.375,52.76475207186127,0.6507579284792316,3.0,5.206063427833853,72.76475207186127,-66.980400866402,1.0,0.0,2.2497924158629172,0.125,0.0,0.75,-111.90619529554424,263.6246106895502,-0.772351476795779,2.7342803688033843,1,-136.821580117194,-31.408105474538,0.0,-105.413474642656,0.125,descriptive same-clock matched random,2,2,1.0,merged source first_ms < analysis_start; not a point-in-time universe,True
excluding_first_analysis_month,15,v9_both,retest,4h,16,cross,2020-02-01 00:00:00+00:00,2023-01-01 00:00:00+00:00,2026-09-23 04:00:00+00:00,0,0,0,0,0,,,,,,,,,,,,,,,,,,0,,,,,,descriptive same-clock matched random,2,2,1.0,merged source first_ms < analysis_start; not a point-in-time universe,True
excluding_first_analysis_month,15,v9_both,retest,4h,20,all,2020-02-01 00:00:00+00:00,2023-01-01 00:00:00+00:00,2026-09-23 04:00:00+00:00,27,27,0,24,2,0.2222222222222222,-40.056145495234155,-0.3003816164377587,6.0,-8.110303643819485,-20.056145495234194,-96.40550720594099,0.0,0.0,0.5296837992024166,0.0,0.07407407407407407,0.4,-153.16729752213516,103.33127778236829,-0.67581598439258,0.16521626881376464,0,,,,,0.0,descriptive same-clock matched random,2,2,1.0,merged source first_ms < analysis_start; not a point-in-time universe,True
excluding_first_analysis_month,15,v9_both,retest,4h,20,earlier,2020-02-01 00:00:00+00:00,2023-01-01 00:00:00+00:00,2026-09-23 04:00:00+00:00,15,15,0,12,2,0.13333333333333333,-120.00614943996143,-0.5328809057462267,2.0,-7.9932135861934,-100.00614943996148,-164.439502721477,0.0,0.0,0.1975214469143713,0.0,0.0,0.35714285714285715,-209.49136863600526,35.56489509674791,-0.8441245695881454,-0.0940390789236813,0,,,,,0.0,descriptive same-clock matched random,2,2,1.0,merged source first_ms < analysis_start; not a point-in-time universe,True
excluding_first_analysis_month,15,v9_both,retest,4h,20,later,2020-02-01 00:00:00+00:00,2023-01-01 00:00:00+00:00,2026-09-23 04:00:00+00:00,12,12,0,12,2,0.3333333333333333,59.881359435674995,-0.009757504802173772,4.0,-0.11709005762608526,79.8813594356749,-78.5650202801075,0.0,0.0,0.9839243861630315,0.0,0.08333333333333333,0.5833333333333334,-142.5002563900211,299.05253658849864,-0.7707544621204487,0.8302774415923861,0,,,,,0.0,descriptive same-clock matched random,2,2,1.0,merged source first_ms < analysis_start; not a point-in-time universe,True
excluding_first_analysis_month,15,v9_both,retest,4h,20,cross,2020-02-01 00:00:00+00:00,2023-01-01 00:00:00+00:00,2026-09-23 04:00:00+00:00,0,0,0,0,0,,,,,,,,,,,,,,,,,,0,,,,,,descriptive same-clock matched random,2,2,1.0,merged source first_ms < analysis_start; not a point-in-time universe,True
excluding_first_analysis_month,15,joint,baseline,overall,0,all,2020-02-01 00:00:00+00:00,2023-01-01 00:00:00+00:00,2026-09-23 04:00:00+00:00,329,329,0,202,2,0.2857142857142857,-2.1306472130865868,0.044091830319451096,94.0,14.50621217509941,17.869352786913407,-91.256726933358,15.0,5.0,1.0552470037312633,0.04559270516717325,0.23528525868178596,0.3343477145567537,-31.68786056504821,28.928374114833524,-0.21221770690685665,0.31272298996477166,278,-6.029080210503816,1.2805205339123493,0.28776978417266186,-7.30960074441617,0.8449848024316109,descriptive same-clock matched random,2,2,1.0,merged source first_ms < analysis_start; not a point-in-time universe,True
excluding_first_analysis_month,15,joint,baseline,overall,0,earlier,2020-02-01 00:00:00+00:00,2023-01-01 00:00:00+00:00,2026-09-23 04:00:00+00:00,155,155,0,93,2,0.3032258064516129,-17.196028699299752,0.04327468158257389,47.0,6.707575645298952,2.8039713007002587,-107.916501804491,6.0,3.0,1.0560890803671392,0.03870967741935484,0.22666666666666666,0.37888706207120526,-67.66990085369318,33.93487769308601,-0.3075338230443932,0.4308172153621452,132,-29.324477644905844,26.941783483890546,0.29545454545454547,-56.26626112879638,0.8516129032258064,descriptive same-clock matched random,2,2,1.0,merged source first_ms < analysis_start; not a point-in-time universe,True
excluding_first_analysis_month,15,joint,baseline,overall,0,later,2020-02-01 00:00:00+00:00,2023-01-01 00:00:00+00:00,2026-09-23 04:00:00+00:00,174,174,0,109,2,0.27011494252873564,11.28966388095388,0.04481975017126696,47.0,7.798636529800451,31.289663880953853,-75.9052824441975,9.0,2.0,1.0545427050571778,0.05172413793103448,0.20894606720996245,0.3389830508474576,-23.385673826053814,54.03443718732798,-0.2763209191733136,0.4550202281407265,146,15.032511990462394,-21.920073366067935,0.2808219178082192,36.95258535653033,0.8390804597701149,descriptive same-clock matched random,2,2,1.0,merged source first_ms < analysis_start; not a point-in-time universe,True
excluding_first_analysis_month,15,joint,baseline,overall,0,cross,2020-02-01 00:00:00+00:00,2023-01-01 00:00:00+00:00,2026-09-23 04:00:00+00:00,0,0,0,0,0,,,,,,,,,,,,,,,,,,0,,,,,,descriptive same-clock matched random,2,2,1.0,merged source first_ms < analysis_start; not a point-in-time universe,True
excluding_first_analysis_month,15,joint,baseline,4h,0,all,2020-02-01 00:00:00+00:00,2023-01-01 00:00:00+00:00,2026-09-23 04:00:00+00:00,51,51,0,46,2,0.3137254901960784,46.687872614021835,0.5860588110591884,16.0,29.88899936401861,66.68787261402179,-75.769359855011,4.0,1.0,1.8662691261287057,0.0784313725490196,0.19556856187290972,0.4423076923076923,-35.412530352501946,153.43609948532523,-0.18098728466549402,1.601492569905945,7,-86.27518769698757,14.10342745157728,0.2857142857142857,-100.37861514856485,0.13725490196078433,descriptive same-clock matched random,2,2,1.0,merged source first_ms < analysis_start; not a point-in-time universe,True
excluding_first_analysis_month,15,joint,baseline,4h,0,earlier,2020-02-01 00:00:00+00:00,2023-01-01 00:00:00+00:00,2026-09-23 04:00:00+00:00,16,16,0,15,2,0.375,-10.64861966697562,0.1598128119899205,6.0,2.557004991838728,9.351380333024379,-83.1937517194655,1.0,0.0,1.231322312298099,0.0625,0.16666666666666666,0.625,-109.64339818416381,97.7294794570013,-0.66167019069605,1.1602959144431955,3,-17.389374042678327,-112.91396009080667,0.0,95.52458604812833,0.1875,descriptive same-clock matched random,2,2,1.0,merged source first_ms < analysis_start; not a point-in-time universe,True
excluding_first_analysis_month,15,joint,baseline,4h,0,later,2020-02-01 00:00:00+00:00,2023-01-01 00:00:00+00:00,2026-09-23 04:00:00+00:00,35,35,0,31,2,0.2857142857142857,72.89884051390638,0.7809141249194251,10.0,27.331994372179878,92.89884051390631,-75.769359855011,3.0,1.0,2.1655796926366526,0.08571428571428572,0.15151515151515152,0.4250892857142852,-34.64176233511585,216.48965824123115,-0.2216813411562082,2.0941228473956324,4,-137.9395479377195,109.36646810836524,0.5,-247.30601604608472,0.11428571428571428,descriptive same-clock matched random,2,2,1.0,merged source first_ms < analysis_start; not a point-in-time universe,True
excluding_first_analysis_month,15,joint,baseline,4h,0,cross,2020-02-01 00:00:00+00:00,2023-01-01 00:00:00+00:00,2026-09-23 04:00:00+00:00,0,0,0,0,0,,,,,,,,,,,,,,,,,,0,,,,,,descriptive same-clock matched random,2,2,1.0,merged source first_ms < analysis_start; not a point-in-time universe,True
excluding_first_analysis_month,15,joint,baseline,4h,4,all,2020-02-01 00:00:00+00:00,2023-01-01 00:00:00+00:00,2026-09-23 04:00:00+00:00,32,32,0,29,2,0.40625,48.289357341019624,0.5596408476876121,13.0,17.908507126003588,68.28935734101962,-58.089720771703,2.0,1.0,1.8386856101279556,0.0625,0.24242424242424243,0.5625400641025639,-40.49295651198738,156.0222043859322,-0.2931046896026223,1.653051956110125,2,250.07819206031851,-112.0659658218775,0.0,362.144157882196,0.0625,descriptive same-clock matched random,2,2,1.0,merged source first_ms < analysis_start; not a point-in-time universe,True
excluding_first_analysis_month,15,joint,baseline,4h,4,earlier,2020-02-01 00:00:00+00:00,2023-01-01 00:00:00+00:00,2026-09-23 04:00:00+00:00,18,18,0,15,2,0.3888888888888889,3.1902820757719272,0.06508766206741665,7.0,1.1715779172134997,23.190282075771954,-72.64648730079699,1.0,0.0,1.0917565579592388,0.05555555555555555,0.17622549019607844,0.6,-114.67986522371395,107.55136840131975,-0.7612068005452439,0.8545305976953449,1,275.95595844198897,-152.743362831858,0.0,428.699321273847,0.05555555555555555,descriptive same-clock matched random,2,2,1.0,merged source first_ms < analysis_start; not a point-in-time universe,True
excluding_first_analysis_month,15,joint,baseline,4h,4,later,2020-02-01 00:00:00+00:00,2023-01-01 00:00:00+00:00,2026-09-23 04:00:00+00:00,14,14,0,14,2,0.42857142857142855,106.27388268205233,1.1954949434850062,6.0,16.736929208790087,126.2738826820524,-53.0292622603125,1.0,1.0,2.949615222977377,0.07142857142857142,0.14285714285714285,0.7142857142857143,-33.214538344570826,310.3745509681963,-0.4873377036728293,3.4324875906962884,1,224.200425678648,-71.388568811897,0.0,295.588994490545,0.07142857142857142,descriptive same-clock matched random,2,2,1.0,merged source first_ms < analysis_start; not a point-in-time universe,True
excluding_first_analysis_month,15,joint,baseline,4h,4,cross,2020-02-01 00:00:00+00:00,2023-01-01 00:00:00+00:00,2026-09-23 04:00:00+00:00,0,0,0,0,0,,,,,,,,,,,,,,,,,,0,,,,,,descriptive same-clock matched random,2,2,1.0,merged source first_ms < analysis_start; not a point-in-time universe,True
excluding_first_analysis_month,15,joint,baseline,4h,8,all,2020-02-01 00:00:00+00:00,2023-01-01 00:00:00+00:00,2026-09-23 04:00:00+00:00,75,75,0,63,2,0.24,-28.882506468413247,-0.3708333070184003,18.0,-27.812498026380023,-8.882506468413226,-101.53273017562499,1.0,1.0,0.5659851108798797,0.013333333333333334,0.14285714285714285,0.3466956521739129,-83.2942397534134,40.67473553571159,-0.7162484801679214,0.07877775422003941,11,-62.597421531277455,-19.733822108857993,0.09090909090909091,-42.86359942241946,0.14666666666666667,descriptive same-clock matched random,2,2,1.0,merged source first_ms < analysis_start; not a point-in-time universe,True
excluding_first_analysis_month,15,joint,baseline,4h,8,earlier,2020-02-01 00:00:00+00:00,2023-01-01 00:00:00+00:00,2026-09-23 04:00:00+00:00,31,31,0,27,2,0.25806451612903225,-8.456129955384034,-0.07165354471066647,8.0,-2.2212598860306607,11.543870044616027,-140.068604858308,1.0,1.0,0.9117670450425758,0.03225806451612903,0.12112299465240643,0.42857142857142855,-126.42411238209573,149.39149574837492,-0.7519405108238777,0.9446663132583994,6,-10.64889689581768,43.27161364011799,0.16666666666666666,-53.92051053593568,0.1935483870967742,descriptive same-clock matched random,2,2,1.0,merged source first_ms < analysis_start; not a point-in-time universe,True
excluding_first_analysis_month,15,joint,baseline,4h,8,later,2020-02-01 00:00:00+00:00,2023-01-01 00:00:00+00:00,2026-09-23 04:00:00+00:00,44,44,0,36,2,0.22727272727272727,-43.273817193502026,-0.5816190486443036,10.0,-25.591238140349358,-23.273817193502015,-92.2442801091525,0.0,0.0,0.34224510951197396,0.0,0.1025,0.36585365853658536,-85.40513720048764,7.5751795774309505,-0.9058653860012912,-0.23834963306788642,5,-124.93565109382921,-95.3403450076292,0.0,-29.5953060862,0.11363636363636363,descriptive same-clock matched random,2,2,1.0,merged source first_ms < analysis_start; not a point-in-time universe,True
excluding_first_analysis_month,15,joint,baseline,4h,8,cross,2020-02-01 00:00:00+00:00,2023-01-01 00:00:00+00:00,2026-09-23 04:00:00+00:00,0,0,0,0,0,,,,,,,,,,,,,,,,,,0,,,,,,descriptive same-clock matched random,2,2,1.0,merged source first_ms < analysis_start; not a point-in-time universe,True
excluding_first_analysis_month,15,joint,baseline,4h,12,all,2020-02-01 00:00:00+00:00,2023-01-01 00:00:00+00:00,2026-09-23 04:00:00+00:00,48,48,0,38,2,0.3333333333333333,22.032343222567523,0.20942189613202625,16.0,10.05225101433726,42.03234322256752,-70.24927249136151,3.0,1.0,1.255043366990925,0.0625,0.1875,0.4794097222222209,-52.880413740148256,109.13083628201433,-0.553519311756742,1.0504838411408204,6,-59.44588378630733,-5.286964935465165,0.5,-54.15891885084217,0.125,descriptive same-clock matched random,2,2,1.0,merged source first_ms < analysis_start; not a point-in-time universe,True
excluding_first_analysis_month,15,joint,baseline,4h,12,earlier,2020-02-01 00:00:00+00:00,2023-01-01 00:00:00+00:00,2026-09-23 04:00:00+00:00,25,25,0,20,2,0.44,62.945532139710366,0.5654371409018953,11.0,14.135928522547385,82.94553213971041,-72.675048647707,1.0,1.0,1.8428088847685933,0.04,0.21739130434782608,0.6785714285714286,-62.63501367028942,208.46057912848974,-0.47936127850280036,1.869227502222851,0,,,,,0.0,descriptive same-clock matched random,2,2,1.0,merged source first_ms < analysis_start; not a point-in-time universe,True
excluding_first_analysis_month,15,joint,baseline,4h,12,later,2020-02-01 00:00:00+00:00,2023-01-01 00:00:00+00:00,2026-09-23 04:00:00+00:00,23,23,0,18,2,0.21739130434782608,-22.438514296066,-0.17755119600913605,5.0,-4.083677508210129,-2.4385142960660486,-68.91295702906001,2.0,0.0,0.8196374083347371,0.08695652173913043,0.07692307692307693,0.391304347826087,-73.82377145950755,49.72437674827275,-1.0817103127809267,0.8077755298108136,6,-59.44588378630733,-5.286964935465165,0.5,-54.15891885084217,0.2608695652173913,descriptive same-clock matched random,2,2,1.0,merged source first_ms < analysis_start; not a point-in-time universe,True
excluding_first_analysis_month,15,joint,baseline,4h,12,cross,2020-02-01 00:00:00+00:00,2023-01-01 00:00:00+00:00,2026-09-23 04:00:00+00:00,0,0,0,0,0,,,,,,,,,,,,,,,,,,0,,,,,,descriptive same-clock matched random,2,2,1.0,merged source first_ms < analysis_start; not a point-in-time universe,True
excluding_first_analysis_month,15,joint,baseline,4h,16,all,2020-02-01 00:00:00+00:00,2023-01-01 00:00:00+00:00,2026-09-23 04:00:00+00:00,63,63,0,53,2,0.20634920634920634,-50.56080644877589,-0.35421494344233995,13.0,-22.315541436867417,-30.560806448775928,-102.78092846578599,2.0,0.0,0.6017112679881726,0.031746031746031744,0.1147423887587822,0.3114754098360656,-92.48073112305529,-4.701937676308446,-0.7277605820310933,0.07241225466649485,14,-16.614911840170492,-91.91897137763699,0.07142857142857142,75.3040595374665,0.2222222222222222,descriptive same-clock matched random,2,2,1.0,merged source first_ms < analysis_start; not a point-in-time universe,True
excluding_first_analysis_month,15,joint,baseline,4h,16,earlier,2020-02-01 00:00:00+00:00,2023-01-01 00:00:00+00:00,2026-09-23 04:00:00+00:00,36,36,0,30,2,0.19444444444444445,-72.09444445737682,-0.4585263857235977,7.0,-16.50694988604952,-52.09444445737682,-121.839780631781,0.0,0.0,0.45395214075512647,0.0,0.08108108108108109,0.3235294117647059,-130.71462640774112,-8.142736269844637,-0.8241931445215477,-0.04736187397073562,9,-84.91016936928168,-113.79504140181034,0.0,28.884872032528673,0.25,descriptive same-clock matched random,2,2,1.0,merged source first_ms < analysis_start; not a point-in-time universe,True
excluding_first_analysis_month,15,joint,baseline,4h,16,later,2020-02-01 00:00:00+00:00,2023-01-01 00:00:00+00:00,2026-09-23 04:00:00+00:00,27,27,0,23,2,0.2222222222222222,-21.8492891039747,-0.21513302040066315,6.0,-5.808591550817905,-1.8492891039747394,-83.680479136976,2.0,0.0,0.77484939626941,0.07407407407407407,0.07407407407407407,0.4074074074074074,-76.53313214639896,50.06742451207895,-0.9165729842690726,0.6889442789025575,5,106.3165517122296,-52.542045334125,0.2,158.85859704635456,0.18518518518518517,descriptive same-clock matched random,2,2,1.0,merged source first_ms < analysis_start; not a point-in-time universe,True
excluding_first_analysis_month,15,joint,baseline,4h,16,cross,2020-02-01 00:00:00+00:00,2023-01-01 00:00:00+00:00,2026-09-23 04:00:00+00:00,0,0,0,0,0,,,,,,,,,,,,,,,,,,0,,,,,,descriptive same-clock matched random,2,2,1.0,merged source first_ms < analysis_start; not a point-in-time universe,True
excluding_first_analysis_month,15,joint,baseline,4h,20,all,2020-02-01 00:00:00+00:00,2023-01-01 00:00:00+00:00,2026-09-23 04:00:00+00:00,60,60,0,54,2,0.3,-5.55595924354322,0.1130749022331231,18.0,6.784494133987386,14.444040756456776,-98.219319529409,3.0,1.0,1.143771028045991,0.05,0.18461538461538463,0.42105263157894735,-84.29233636235509,85.06406209074763,-0.49018331285923367,0.8720762880352021,11,197.55974821526118,212.04686020267664,0.45454545454545453,-14.487111987415457,0.18333333333333332,descriptive same-clock matched random,2,2,1.0,merged source first_ms < analysis_start; not a point-in-time universe,True
excluding_first_analysis_month,15,joint,baseline,4h,20,earlier,2020-02-01 00:00:00+00:00,2023-01-01 00:00:00+00:00,2026-09-23 04:00:00+00:00,29,29,0,25,2,0.27586206896551724,-43.742409844621925,0.26107841330274184,8.0,7.571273985779513,-23.742409844621925,-130.755308040376,2.0,1.0,1.3209729911801744,0.06896551724137931,0.12121212121212122,0.4616071428571425,-171.97648829379122,113.4550996170042,-0.719697373864349,1.6609040209218882,5,188.815684690781,446.5334784331652,0.8,-257.71779374238423,0.1724137931034483,descriptive same-clock matched random,2,2,1.0,merged source first_ms < analysis_start; not a point-in-time universe,True
excluding_first_analysis_month,15,joint,baseline,4h,20,later,2020-02-01 00:00:00+00:00,2023-01-01 00:00:00+00:00,2026-09-23 04:00:00+00:00,31,31,0,29,2,0.3225806451612903,30.166849383272357,-0.02537999521910066,10.0,-0.7867798517921205,50.16684938327231,-88.140604703101,1.0,0.0,0.9666633819868655,0.03225806451612903,0.16653225806451613,0.5,-61.346820752154294,130.96313825477492,-0.718172657464999,0.8279090161788382,6,204.84646781899468,16.641345010602837,0.16666666666666666,188.20512280839185,0.1935483870967742,descriptive same-clock matched random,2,2,1.0,merged source first_ms < analysis_start; not a point-in-time universe,True
excluding_first_analysis_month,15,joint,baseline,4h,20,cross,2020-02-01 00:00:00+00:00,2023-01-01 00:00:00+00:00,2026-09-23 04:00:00+00:00,0,0,0,0,0,,,,,,,,,,,,,,,,,,0,,,,,,descriptive same-clock matched random,2,2,1.0,merged source first_ms < analysis_start; not a point-in-time universe,True
excluding_first_analysis_month,15,joint,retest,overall,0,all,2020-02-01 00:00:00+00:00,2023-01-01 00:00:00+00:00,2026-09-23 04:00:00+00:00,49,49,0,49,2,0.40816326530612246,83.33137633503492,0.41656611520852593,20.0,20.41173964521777,103.3313763350349,-73.90924588972901,3.0,0.0,1.831011873066551,0.061224489795918366,0.2653061224489796,0.5510204081632653,-30.994669621093813,223.15599484732823,-0.20286101010698904,1.1617016632477801,3,45.48904899221599,251.31411377944866,0.3333333333333333,-205.82506478723266,0.061224489795918366,descriptive same-clock matched random,2,2,1.0,merged source first_ms < analysis_start; not a point-in-time universe,True
excluding_first_analysis_month,15,joint,retest,overall,0,earlier,2020-02-01 00:00:00+00:00,2023-01-01 00:00:00+00:00,2026-09-23 04:00:00+00:00,22,22,0,22,2,0.45454545454545453,131.90487359483785,0.4841587129220805,10.0,10.651491684285771,151.9048735948378,-6.3107949571545,1.0,0.0,2.0620676150973227,0.045454545454545456,0.22727272727272727,0.6818181818181818,-51.83810184575147,335.7549257397491,-0.31402035491552005,1.4071399370987352,2,129.505178426595,421.40834933418495,0.5,-291.90317090759004,0.09090909090909091,descriptive same-clock matched random,2,2,1.0,merged source first_ms < analysis_start; not a point-in-time universe,True
excluding_first_analysis_month,15,joint,retest,overall,0,later,2020-02-01 00:00:00+00:00,2023-01-01 00:00:00+00:00,2026-09-23 04:00:00+00:00,27,27,0,27,2,0.37037037037037035,43.75297116038068,0.36149066521970386,10.0,9.760247960932004,63.75297116038068,-82.050409922028,2.0,0.0,1.671569086030524,0.07407407407407407,0.18518518518518517,0.5555555555555556,-85.22650114026285,217.3153790967501,-0.4490318273212083,1.4384941405576193,1,-122.54320987654201,-88.874357330024,0.0,-33.66885254651801,0.037037037037037035,descriptive same-clock matched random,2,2,1.0,merged source first_ms < analysis_start; not a point-in-time universe,True
excluding_first_analysis_month,15,joint,retest,overall,0,cross,2020-02-01 00:00:00+00:00,2023-01-01 00:00:00+00:00,2026-09-23 04:00:00+00:00,0,0,0,0,0,,,,,,,,,,,,,,,,,,0,,,,,,descriptive same-clock matched random,2,2,1.0,merged source first_ms < analysis_start; not a point-in-time universe,True
excluding_first_analysis_month,15,joint,retest,4h,0,all,2020-02-01 00:00:00+00:00,2023-01-01 00:00:00+00:00,2026-09-23 04:00:00+00:00,10,10,0,10,2,0.4,81.46020481541672,0.7579860924611503,4.0,7.579860924611503,101.46020481541672,-98.22622788313551,1.0,0.0,2.362908864535687,0.1,0.1,0.7,-199.26143446532524,493.42179620747083,-0.7066964552112276,3.0381986559795044,0,,,,,0.0,descriptive same-clock matched random,2,2,1.0,merged source first_ms < analysis_start; not a point-in-time universe,True
excluding_first_analysis_month,15,joint,retest,4h,0,earlier,2020-02-01 00:00:00+00:00,2023-01-01 00:00:00+00:00,2026-09-23 04:00:00+00:00,3,3,0,3,2,0.3333333333333333,-129.55901809647332,-0.011744948250377233,1.0,-0.0352348447511317,-109.55901809647334,-273.771578239401,0.0,0.0,0.9834655779903427,0.0,0.0,1.0,-403.226551662717,288.321075612698,-1.0788110321051516,2.0957646380582458,0,,,,,0.0,descriptive same-clock matched random,2,2,1.0,merged source first_ms < analysis_start; not a point-in-time universe,True
excluding_first_analysis_month,15,joint,retest,4h,0,later,2020-02-01 00:00:00+00:00,2023-01-01 00:00:00+00:00,2026-09-23 04:00:00+00:00,7,7,0,7,2,0.42857142857142855,171.89701463479818,1.0878708241946622,3.0,7.615095769362635,191.8970146347982,-73.90924588972901,1.0,0.0,3.2198000697173756,0.14285714285714285,0.14285714285714285,0.7178571428571234,-178.30795106369328,732.0593485303713,-0.7671097883042757,4.188810800513187,0,,,,,0.0,descriptive same-clock matched random,2,2,1.0,merged source first_ms < analysis_start; not a point-in-time universe,True
excluding_first_analysis_month,15,joint,retest,4h,0,cross,2020-02-01 00:00:00+00:00,2023-01-01 00:00:00+00:00,2026-09-23 04:00:00+00:00,0,0,0,0,0,,,,,,,,,,,,,,,,,,0,,,,,,descriptive same-clock matched random,2,2,1.0,merged source first_ms < analysis_start; not a point-in-time universe,True
excluding_first_analysis_month,15,joint,retest,4h,4,all,2020-02-01 00:00:00+00:00,2023-01-01 00:00:00+00:00,2026-09-23 04:00:00+00:00,6,6,0,6,2,0.5,204.2255297637763,1.6791709392199898,3.0,10.075025635319939,224.22552976377617,46.6528914539175,1.0,0.0,7.559162509772171,0.16666666666666666,0.16666666666666666,0.8333333333333334,-84.43146926572,595.5886350909151,-0.2745790693380234,4.2124690006265375,0,,,,,0.0,descriptive same-clock matched random,2,2,1.0,merged source first_ms < analysis_start; not a point-in-time universe,True
excluding_first_analysis_month,15,joint,retest,4h,4,earlier,2020-02-01 00:00:00+00:00,2023-01-01 00:00:00+00:00,2026-09-23 04:00:00+00:00,2,2,0,2,2,0.5,158.93249131520648,0.8401303961081645,1.0,1.680260792216329,178.932491315206,158.93249131520648,0.0,0.0,73.20169656858893,0.0,0.0,1.0,-7.600189907002,325.46517253741496,-0.0232717632974198,1.7035325555137488,0,,,,,0.0,descriptive same-clock matched random,2,2,1.0,merged source first_ms < analysis_start; not a point-in-time universe,True
excluding_first_analysis_month,15,joint,retest,4h,4,later,2020-02-01 00:00:00+00:00,2023-01-01 00:00:00+00:00,2026-09-23 04:00:00+00:00,4,4,0,4,2,0.5,226.87204898806127,2.098691210775902,2.0,8.394764843103609,246.87204898806124,-18.412411895873,1.0,0.0,6.549335315933287,0.25,0.0,1.0,-162.21650264449448,813.8287221681521,-0.7563757067445994,5.673688912294295,0,,,,,0.0,descriptive same-clock matched random,2,2,1.0,merged source first_ms < analysis_start; not a point-in-time universe,True
excluding_first_analysis_month,15,joint,retest,4h,4,cross,2020-02-01 00:00:00+00:00,2023-01-01 00:00:00+00:00,2026-09-23 04:00:00+00:00,0,0,0,0,0,,,,,,,,,,,,,,,,,,0,,,,,,descriptive same-clock matched random,2,2,1.0,merged source first_ms < analysis_start; not a point-in-time universe,True
excluding_first_analysis_month,15,joint,retest,4h,8,all,2020-02-01 00:00:00+00:00,2023-01-01 00:00:00+00:00,2026-09-23 04:00:00+00:00,4,4,0,4,2,1.0,336.37787127269974,0.6658422661349834,4.0,2.6633690645399337,356.3778712726998,64.6083932546245,0.0,0.0,,0.0,1.0,1.0,46.061643575583,895.002007016736,0.19799458627898237,1.3053603243684762,0,,,,,0.0,descriptive same-clock matched random,2,2,1.0,merged source first_ms < analysis_start; not a point-in-time universe,True
excluding_first_analysis_month,15,joint,retest,4h,8,earlier,2020-02-01 00:00:00+00:00,2023-01-01 00:00:00+00:00,2026-09-23 04:00:00+00:00,2,2,0,2,1,1.0,608.147349290775,0.8858143226923021,2.0,1.7716286453846042,628.1473492907751,608.147349290775,0.0,0.0,,0.0,1.0,1.0,40.249838707218004,1176.044859874332,0.1475704972993063,1.6240581480852978,0,,,,,0.0,descriptive same-clock matched random,2,2,1.0,merged source first_ms < analysis_start; not a point-in-time universe,True
excluding_first_analysis_month,15,joint,retest,4h,8,later,2020-02-01 00:00:00+00:00,2023-01-01 00:00:00+00:00,2026-09-23 04:00:00+00:00,2,2,0,2,2,1.0,64.6083932546245,0.445870209577665,2.0,0.89174041915533,84.6083932546245,64.6083932546245,0.0,0.0,,0.0,1.0,1.0,51.873448443948,77.343338065301,0.3492668532180106,0.5424735659373193,0,,,,,0.0,descriptive same-clock matched random,2,2,1.0,merged source first_ms < analysis_start; not a point-in-time universe,True
excluding_first_analysis_month,15,joint,retest,4h,8,cross,2020-02-01 00:00:00+00:00,2023-01-01 00:00:00+00:00,2026-09-23 04:00:00+00:00,0,0,0,0,0,,,,,,,,,,,,,,,,,,0,,,,,,descriptive same-clock matched random,2,2,1.0,merged source first_ms < analysis_start; not a point-in-time universe,True
excluding_first_analysis_month,15,joint,retest,4h,12,all,2020-02-01 00:00:00+00:00,2023-01-01 00:00:00+00:00,2026-09-23 04:00:00+00:00,8,8,0,8,2,0.375,109.86688363652289,0.5719150581826262,3.0,4.57532046546101,129.86688363652289,-83.46950860979649,1.0,0.0,2.1172013927921784,0.125,0.0,0.75,-159.16120905466735,523.6551488407771,-0.786871785393617,2.6529085566133523,0,,,,,0.0,descriptive same-clock matched random,2,2,1.0,merged source first_ms < analysis_start; not a point-in-time universe,True
excluding_first_analysis_month,15,joint,retest,4h,12,earlier,2020-02-01 00:00:00+00:00,2023-01-01 00:00:00+00:00,2026-09-23 04:00:00+00:00,1,1,0,1,1,1.0,1444.553900980019,7.4182091503268035,1.0,7.4182091503268035,1464.553900980019,1444.553900980019,1.0,0.0,,1.0,,,,,,,0,,,,,0.0,descriptive same-clock matched random,2,2,1.0,merged source first_ms < analysis_start; not a point-in-time universe,True
excluding_first_analysis_month,15,joint,retest,4h,12,later,2020-02-01 00:00:00+00:00,2023-01-01 00:00:00+00:00,2026-09-23 04:00:00+00:00,7,7,0,7,2,0.2857142857142857,-80.80269026969086,-0.40612695498082757,2.0,-2.842888684865793,-60.80269026969085,-84.88860729756499,0.0,0.0,0.30582366366217684,0.0,0.0,0.5714285714285714,-182.28810112177143,23.604950414230213,-0.91092329263783,0.1571444228745855,0,,,,,0.0,descriptive same-clock matched random,2,2,1.0,merged source first_ms < analysis_start; not a point-in-time universe,True
excluding_first_analysis_month,15,joint,retest,4h,12,cross,2020-02-01 00:00:00+00:00,2023-01-01 00:00:00+00:00,2026-09-23 04:00:00+00:00,0,0,0,0,0,,,,,,,,,,,,,,,,,,0,,,,,,descriptive same-clock matched random,2,2,1.0,merged source first_ms < analysis_start; not a point-in-time universe,True
excluding_first_analysis_month,15,joint,retest,4h,16,all,2020-02-01 00:00:00+00:00,2023-01-01 00:00:00+00:00,2026-09-23 04:00:00+00:00,12,12,0,12,2,0.25,36.148153999940085,-0.1685045264085139,3.0,-2.022054316902167,56.14815399994001,-79.0483979188225,0.0,0.0,0.7499795510232922,0.0,0.0,0.5,-93.38995096891816,194.22523565693626,-0.9087738935793818,0.7783201674643457,0,,,,,0.0,descriptive same-clock matched random,2,2,1.0,merged source first_ms < analysis_start; not a point-in-time universe,True
excluding_first_analysis_month,15,joint,retest,4h,16,earlier,2020-02-01 00:00:00+00:00,2023-01-01 00:00:00+00:00,2026-09-23 04:00:00+00:00,7,7,0,7,2,0.42857142857142855,128.34652505101926,0.39775341133025516,3.0,2.7842738793117863,148.34652505101914,-5.021400007307,0.0,0.0,1.8485464184669615,0.0,0.14285714285714285,0.7142857142857143,-76.57566742997314,367.0399425087481,-0.7072279010559319,1.8003611813553722,0,,,,,0.0,descriptive same-clock matched random,2,2,1.0,merged source first_ms < analysis_start; not a point-in-time universe,True
excluding_first_analysis_month,15,joint,retest,4h,16,later,2020-02-01 00:00:00+00:00,2023-01-01 00:00:00+00:00,2026-09-23 04:00:00+00:00,5,5,0,5,2,0.0,-92.92956547157078,-0.9612656392427906,0.0,-4.806328196213953,-72.9295654715708,-91.70127239603599,0.0,0.0,0.0,0.0,0.0,0.0,-124.0568553525836,-61.802275590558,-1.3182447089919809,-0.6094889293290467,0,,,,,0.0,descriptive same-clock matched random,2,2,1.0,merged source first_ms < analysis_start; not a point-in-time universe,True
excluding_first_analysis_month,15,joint,retest,4h,16,cross,2020-02-01 00:00:00+00:00,2023-01-01 00:00:00+00:00,2026-09-23 04:00:00+00:00,0,0,0,0,0,,,,,,,,,,,,,,,,,,0,,,,,,descriptive same-clock matched random,2,2,1.0,merged source first_ms < analysis_start; not a point-in-time universe,True
excluding_first_analysis_month,15,joint,retest,4h,20,all,2020-02-01 00:00:00+00:00,2023-01-01 00:00:00+00:00,2026-09-23 04:00:00+00:00,9,9,0,9,2,0.3333333333333333,-68.32690983359745,-0.27330912531249413,3.0,-2.459782127812447,-48.32690983359744,-164.439502721477,0.0,0.0,0.5343139637308335,0.0,0.0,0.6666666666666666,-208.90828664669525,86.48623916278314,-0.8439234899418916,0.33333006021773215,1,-164.439502721477,-164.439502721477,0.0,0.0,0.1111111111111111,descriptive same-clock matched random,2,2,1.0,merged source first_ms < analysis_start; not a point-in-time universe,True
excluding_first_analysis_month,15,joint,retest,4h,20,earlier,2020-02-01 00:00:00+00:00,2023-01-01 00:00:00+00:00,2026-09-23 04:00:00+00:00,7,7,0,7,2,0.2857142857142857,-83.79356916760915,-0.42394941974323175,2.0,-2.9676459382026223,-63.79356916760915,-164.439502721477,0.0,0.0,0.3539489097914455,0.0,0.0,0.5714285714285714,-233.37652446713213,105.71893375820027,-0.9895624701250123,0.2520418611533086,1,-164.439502721477,-164.439502721477,0.0,0.0,0.14285714285714285,descriptive same-clock matched random,2,2,1.0,merged source first_ms < analysis_start; not a point-in-time universe,True
excluding_first_analysis_month,15,joint,retest,4h,20,later,2020-02-01 00:00:00+00:00,2023-01-01 00:00:00+00:00,2026-09-23 04:00:00+00:00,2,2,0,2,1,0.5,-14.193602164556495,0.2539319051950875,1.0,0.507863810390175,5.806397835443501,-14.193602164556495,0.0,0.0,1.7375895472036875,0.0,0.0,1.0,-203.511009027993,175.12380469888,-0.6885452923181502,1.1964091027083252,0,,,,,0.0,descriptive same-clock matched random,2,2,1.0,merged source first_ms < analysis_start; not a point-in-time universe,True
excluding_first_analysis_month,15,joint,retest,4h,20,cross,2020-02-01 00:00:00+00:00,2023-01-01 00:00:00+00:00,2026-09-23 04:00:00+00:00,0,0,0,0,0,,,,,,,,,,,,,,,,,,0,,,,,,descriptive same-clock matched random,2,2,1.0,merged source first_ms < analysis_start; not a point-in-time universe,True
excluding_first_analysis_month,60,v9_both,baseline,overall,0,all,2020-02-01 00:00:00+00:00,2023-01-01 00:00:00+00:00,2026-09-23 04:00:00+00:00,273,273,0,148,2,0.27106227106227104,5.598908999155852,0.04795591746461286,74.0,13.091965467839312,25.598908999155864,-167.955574022706,10.0,4.0,1.0666741750909332,0.03663003663003663,0.21830665813060177,0.3254924760601915,-59.72081932381465,80.08305646976328,-0.24556496741187994,0.3686991914044668,240,-5.244691772447184,24.040450449081835,0.3125,-29.285142221529025,0.8791208791208791,descriptive same-clock matched random,2,2,1.0,merged source first_ms < analysis_start; not a point-in-time universe,True
excluding_first_analysis_month,60,v9_both,baseline,overall,0,earlier,2020-02-01 00:00:00+00:00,2023-01-01 00:00:00+00:00,2026-09-23 04:00:00+00:00,118,118,0,64,2,0.3220338983050847,24.94400150489597,-0.03600224917563207,38.0,-4.248265402724584,44.94400150489599,-192.54132332980652,1.0,0.0,0.9435653287346979,0.00847457627118644,0.2421811995967742,0.4091017316017316,-70.69886230502412,138.81875985601124,-0.2869491807673478,0.2648657413129157,105,0.770288730251003,-7.774641810877918,0.29523809523809524,8.54493054112892,0.8898305084745762,descriptive same-clock matched random,2,2,1.0,merged source first_ms < analysis_start; not a point-in-time universe,True
excluding_first_analysis_month,60,v9_both,baseline,overall,0,later,2020-02-01 00:00:00+00:00,2023-01-01 00:00:00+00:00,2026-09-23 04:00:00+00:00,153,153,0,84,2,0.23529411764705882,-7.298646217600621,0.12861021751472798,36.0,19.67736327975338,12.701353782399382,-161.71004729338802,9.0,4.0,1.1657143603337266,0.058823529411764705,0.17142367906066536,0.30921407610753504,-92.52947260360203,99.25513806324147,-0.3220760755861404,0.7218701318566955,133,-7.830144304875181,50.21418700217686,0.3233082706766917,-58.04433130705202,0.869281045751634,descriptive same-clock matched random,2,2,1.0,merged source first_ms < analysis_start; not a point-in-time universe,True
excluding_first_analysis_month,60,v9_both,baseline,overall,0,cross,2020-02-01 00:00:00+00:00,2023-01-01 00:00:00+00:00,2026-09-23 04:00:00+00:00,2,2,0,1,2,0.0,-149.098574757641,-1.1685662045947423,0.0,-2.3371324091894845,-129.098574757641,-149.098574757641,0.0,0.0,0.0,0.0,,,,,,,2,-149.098574757641,-46.2206866838485,0.5,-102.8778880737925,1.0,descriptive same-clock matched random,2,2,1.0,merged source first_ms < analysis_start; not a point-in-time universe,True
excluding_first_analysis_month,60,v9_both,baseline,4h,0,all,2020-02-01 00:00:00+00:00,2023-01-01 00:00:00+00:00,2026-09-23 04:00:00+00:00,68,68,0,60,2,0.22058823529411764,-41.649144162840074,0.06859257639299099,15.0,4.664295194723387,-21.649144162840106,-207.90809379797304,3.0,1.0,1.096523784893825,0.04411764705882353,0.12671654929577464,0.3333333333333333,-154.0104528725627,93.40890859828556,-0.5029497927063449,0.8364293483944608,14,-222.7826586664388,-20.439802465347,0.35714285714285715,-202.3428562010918,0.20588235294117646,descriptive same-clock matched random,2,2,1.0,merged source first_ms < analysis_start; not a point-in-time universe,True
excluding_first_analysis_month,60,v9_both,baseline,4h,0,earlier,2020-02-01 00:00:00+00:00,2023-01-01 00:00:00+00:00,2026-09-23 04:00:00+00:00,28,28,0,23,2,0.2857142857142857,-80.74503800023847,-0.27492822385744314,8.0,-7.697990268008408,-60.745038000238495,-209.43868582760052,0.0,0.0,0.5680187560224651,0.0,0.13333333333333333,0.46153846153846156,-216.04698463803558,105.23467142407328,-0.6869393118707068,0.24161790679610806,6,-200.14781785799352,3.111492751890655,0.3333333333333333,-203.25931060988415,0.21428571428571427,descriptive same-clock matched random,2,2,1.0,merged source first_ms < analysis_start; not a point-in-time universe,True
excluding_first_analysis_month,60,v9_both,baseline,4h,0,later,2020-02-01 00:00:00+00:00,2023-01-01 00:00:00+00:00,2026-09-23 04:00:00+00:00,40,40,0,37,2,0.175,-14.282018476661227,0.3090571365682949,7.0,12.362285462731798,5.717981523338786,-195.080179186218,3.0,1.0,1.4052868274255406,0.075,0.07317073170731707,0.3076923076923077,-162.60651870722378,182.29206829049414,-0.5747456603904183,1.587972817983953,8,-239.75878927277276,-38.103273878275246,0.375,-201.65551539449748,0.2,descriptive same-clock matched random,2,2,1.0,merged source first_ms < analysis_start; not a point-in-time universe,True
excluding_first_analysis_month,60,v9_both,baseline,4h,0,cross,2020-02-01 00:00:00+00:00,2023-01-01 00:00:00+00:00,2026-09-23 04:00:00+00:00,0,0,0,0,0,,,,,,,,,,,,,,,,,,0,,,,,,descriptive same-clock matched random,2,2,1.0,merged source first_ms < analysis_start; not a point-in-time universe,True
excluding_first_analysis_month,60,v9_both,baseline,4h,4,all,2020-02-01 00:00:00+00:00,2023-01-01 00:00:00+00:00,2026-09-23 04:00:00+00:00,45,45,0,38,2,0.3111111111111111,-3.648167237714895,-0.1273367859107352,14.0,-5.730155365983084,16.351832762285106,-160.98146751207898,1.0,0.0,0.8078901368758401,0.022222222222222223,0.1702127659574468,0.475,-126.61302956554438,155.78831019463334,-0.5385060249294596,0.4306245380732786,7,68.56065736635829,93.10003635099572,0.2857142857142857,-24.539378984637434,0.15555555555555556,descriptive same-clock matched random,2,2,1.0,merged source first_ms < analysis_start; not a point-in-time universe,True
excluding_first_analysis_month,60,v9_both,baseline,4h,4,earlier,2020-02-01 00:00:00+00:00,2023-01-01 00:00:00+00:00,2026-09-23 04:00:00+00:00,23,23,0,20,2,0.391304347826087,23.1166230124881,-0.004031605889046627,9.0,-0.09272693544807242,43.11662301248809,-160.98146751207898,0.0,0.0,0.9925584610707018,0.0,0.19047619047619047,0.5909090909090909,-142.455909087468,222.5119879693422,-0.49127667577365564,0.5506752450111368,4,97.99025229609674,-215.38327868719975,0.0,313.37353098329646,0.17391304347826086,descriptive same-clock matched random,2,2,1.0,merged source first_ms < analysis_start; not a point-in-time universe,True
excluding_first_analysis_month,60,v9_both,baseline,4h,4,later,2020-02-01 00:00:00+00:00,2023-01-01 00:00:00+00:00,2026-09-23 04:00:00+00:00,21,21,0,17,2,0.23809523809523808,-27.784884041370734,-0.21051912204320156,5.0,-4.420901562907233,-7.7848840413707086,-161.71004729338802,1.0,0.0,0.726264110904749,0.047619047619047616,0.07407407407407407,0.45,-202.60683566121807,228.46849854071408,-0.86892850013377,0.7929053004503007,3,29.32119746004033,504.41112306858975,0.6666666666666666,-475.0899256085494,0.14285714285714285,descriptive same-clock matched random,2,2,1.0,merged source first_ms < analysis_start; not a point-in-time universe,True
excluding_first_analysis_month,60,v9_both,baseline,4h,4,cross,2020-02-01 00:00:00+00:00,2023-01-01 00:00:00+00:00,2026-09-23 04:00:00+00:00,1,1,0,1,1,0.0,-112.367290115611,-1.2165268676277785,0.0,-1.2165268676277785,-92.367290115611,-112.367290115611,0.0,0.0,0.0,0.0,,,,,,,0,,,,,0.0,descriptive same-clock matched random,2,2,1.0,merged source first_ms < analysis_start; not a point-in-time universe,True
excluding_first_analysis_month,60,v9_both,baseline,4h,8,all,2020-02-01 00:00:00+00:00,2023-01-01 00:00:00+00:00,2026-09-23 04:00:00+00:00,35,35,0,32,2,0.2571428571428571,-20.166896826485186,-0.18841332228108965,9.0,-6.594466279838137,-0.16689682648515036,-169.942532265283,0.0,0.0,0.744795148847764,0.0,0.12193274205469327,0.41685606060605956,-157.92370085481568,158.58039759792166,-0.6545564417866332,0.39515658831978656,8,14.844810429404118,-81.95526699865063,0.25,96.80007742805478,0.22857142857142856,descriptive same-clock matched random,2,2,1.0,merged source first_ms < analysis_start; not a point-in-time universe,True
excluding_first_analysis_month,60,v9_both,baseline,4h,8,earlier,2020-02-01 00:00:00+00:00,2023-01-01 00:00:00+00:00,2026-09-23 04:00:00+00:00,16,16,0,15,2,0.25,63.13386372273657,-0.14438203096642133,4.0,-2.3101124954627412,83.13386372273669,-158.90917681513048,0.0,0.0,0.7985959201408414,0.0,0.058823529411764705,0.4666666666666667,-206.41704649855825,408.57993628909935,-0.8286635618261657,0.7362390993037776,4,90.67215121423824,-78.54693313202749,0.25,169.21908434626576,0.25,descriptive same-clock matched random,2,2,1.0,merged source first_ms < analysis_start; not a point-in-time universe,True
excluding_first_analysis_month,60,v9_both,baseline,4h,8,later,2020-02-01 00:00:00+00:00,2023-01-01 00:00:00+00:00,2026-09-23 04:00:00+00:00,19,19,0,17,2,0.2631578947368421,-90.31490571004036,-0.22549230444081036,5.0,-4.284353784375397,-70.31490571004042,-180.512809611872,0.0,0.0,0.7018513004852297,0.0,0.09090909090909091,0.47368421052631576,-218.14002136360298,64.48070301486892,-0.8631623510935041,0.6615582423170798,4,-60.98253035542999,-85.36360086527375,0.25,24.381070509843767,0.21052631578947367,descriptive same-clock matched random,2,2,1.0,merged source first_ms < analysis_start; not a point-in-time universe,True
excluding_first_analysis_month,60,v9_both,baseline,4h,8,cross,2020-02-01 00:00:00+00:00,2023-01-01 00:00:00+00:00,2026-09-23 04:00:00+00:00,0,0,0,0,0,,,,,,,,,,,,,,,,,,0,,,,,,descriptive same-clock matched random,2,2,1.0,merged source first_ms < analysis_start; not a point-in-time universe,True
excluding_first_analysis_month,60,v9_both,baseline,4h,12,all,2020-02-01 00:00:00+00:00,2023-01-01 00:00:00+00:00,2026-09-23 04:00:00+00:00,34,34,0,31,2,0.38235294117647056,140.05538255079108,0.3413794174347969,13.0,11.606900192783094,160.05538255079108,-132.389270522631,1.0,1.0,1.5230772874665464,0.029411764705882353,0.21621621621621623,0.5483870967741935,-65.62716555941186,412.0410224133685,-0.3872995319067504,1.3139055118705627,6,-136.8967991048388,-154.99562733441567,0.16666666666666666,18.098828229576828,0.17647058823529413,descriptive same-clock matched random,2,2,1.0,merged source first_ms < analysis_start; not a point-in-time universe,True
excluding_first_analysis_month,60,v9_both,baseline,4h,12,earlier,2020-02-01 00:00:00+00:00,2023-01-01 00:00:00+00:00,2026-09-23 04:00:00+00:00,13,13,0,12,2,0.38461538461538464,253.06221249326993,0.2122578923173963,5.0,2.759352600126152,273.0622124932699,-102.773610498274,0.0,0.0,1.3038566688389397,0.0,0.14285714285714285,0.6666666666666666,-156.79503140105604,841.3004747786582,-0.7364564673794745,1.4891979550135617,2,-266.211991424494,-219.78844864597949,0.0,-46.423542778514516,0.15384615384615385,descriptive same-clock matched random,2,2,1.0,merged source first_ms < analysis_start; not a point-in-time universe,True
excluding_first_analysis_month,60,v9_both,baseline,4h,12,later,2020-02-01 00:00:00+00:00,2023-01-01 00:00:00+00:00,2026-09-23 04:00:00+00:00,20,20,0,19,2,0.4,82.89520518570289,0.49840765671093246,8.0,9.96815313421865,102.8952051857029,-132.389270522631,1.0,1.0,1.8315149773106179,0.05,0.2,0.6190476190476191,-112.50357889628388,345.91046476002094,-0.49545083022053066,1.9167938452051778,4,-72.23920294501124,-122.59921667863375,0.25,50.360013733622495,0.2,descriptive same-clock matched random,2,2,1.0,merged source first_ms < analysis_start; not a point-in-time universe,True
excluding_first_analysis_month,60,v9_both,baseline,4h,12,cross,2020-02-01 00:00:00+00:00,2023-01-01 00:00:00+00:00,2026-09-23 04:00:00+00:00,1,1,0,1,1,0.0,-185.829859399671,-1.120605541561706,0.0,-1.120605541561706,-165.829859399671,-185.829859399671,0.0,0.0,0.0,0.0,,,,,,,0,,,,,0.0,descriptive same-clock matched random,2,2,1.0,merged source first_ms < analysis_start; not a point-in-time universe,True
excluding_first_analysis_month,60,v9_both,baseline,4h,16,all,2020-02-01 00:00:00+00:00,2023-01-01 00:00:00+00:00,2026-09-23 04:00:00+00:00,45,45,0,42,2,0.28888888888888886,33.641895072566946,0.43585736573657763,13.0,19.613581458145994,53.64189507256697,-145.11495087362601,4.0,2.0,1.5915792689227217,0.08888888888888889,0.1590909090909091,0.4318181818181818,-122.7205309095774,216.5867618276715,-0.4415796810853872,1.52992954639239,6,-160.27392477854482,0.3287659899324907,0.3333333333333333,-160.60269076847734,0.13333333333333333,descriptive same-clock matched random,2,2,1.0,merged source first_ms < analysis_start; not a point-in-time universe,True
excluding_first_analysis_month,60,v9_both,baseline,4h,16,earlier,2020-02-01 00:00:00+00:00,2023-01-01 00:00:00+00:00,2026-09-23 04:00:00+00:00,17,17,0,16,2,0.29411764705882354,-126.2918184649028,-0.2848038139090705,5.0,-4.841664836454198,-106.29181846490278,-276.129717456189,0.0,0.0,0.5538597302361464,0.0,0.10526315789473684,0.5,-283.8386805362669,54.04052478540914,-0.7320614232193029,0.21603874086781555,4,-186.27681964703325,6.007451334843483,0.25,-192.28427098187672,0.23529411764705882,descriptive same-clock matched random,2,2,1.0,merged source first_ms < analysis_start; not a point-in-time universe,True
excluding_first_analysis_month,60,v9_both,baseline,4h,16,later,2020-02-01 00:00:00+00:00,2023-01-01 00:00:00+00:00,2026-09-23 04:00:00+00:00,28,28,0,26,2,0.2857142857142857,130.7445068631736,0.8734016533785786,8.0,24.4552462946002,150.74450686317363,-133.385620634726,4.0,2.0,2.096535952983141,0.14285714285714285,0.12903225806451613,0.46153846153846156,-89.3772490422564,406.29841406756117,-0.4343769335141111,2.553804365193794,2,-108.268135041568,-11.028604699889499,0.5,-97.2395303416785,0.07142857142857142,descriptive same-clock matched random,2,2,1.0,merged source first_ms < analysis_start; not a point-in-time universe,True
excluding_first_analysis_month,60,v9_both,baseline,4h,16,cross,2020-02-01 00:00:00+00:00,2023-01-01 00:00:00+00:00,2026-09-23 04:00:00+00:00,0,0,0,0,0,,,,,,,,,,,,,,,,,,0,,,,,,descriptive same-clock matched random,2,2,1.0,merged source first_ms < analysis_start; not a point-in-time universe,True
excluding_first_analysis_month,60,v9_both,baseline,4h,20,all,2020-02-01 00:00:00+00:00,2023-01-01 00:00:00+00:00,2026-09-23 04:00:00+00:00,46,46,0,39,2,0.21739130434782608,-22.71990022881703,-0.22756934199982493,10.0,-10.468189731991947,-2.7199002288169822,-189.1552773198855,1.0,0.0,0.717251465215559,0.021739130434782608,0.10416666666666667,0.34782608695652173,-161.72035133409582,157.4061210427136,-0.6980509628542734,0.3222446364194413,5,93.88239554748661,-0.09697989160540113,0.2,93.97937543909201,0.10869565217391304,descriptive same-clock matched random,2,2,1.0,merged source first_ms < analysis_start; not a point-in-time universe,True
excluding_first_analysis_month,60,v9_both,baseline,4h,20,earlier,2020-02-01 00:00:00+00:00,2023-01-01 00:00:00+00:00,2026-09-23 04:00:00+00:00,21,21,0,18,2,0.3333333333333333,119.98005924877286,0.3778512634534611,7.0,7.934876532522683,139.98005924877293,-177.695568073943,1.0,0.0,1.5837392118774922,0.047619047619047616,0.14285714285714285,0.5263157894736842,-164.08135159289014,470.05955691530744,-0.485594352668585,1.3403690440275478,1,314.57058222571203,-113.372902211789,0.0,427.943484437501,0.047619047619047616,descriptive same-clock matched random,2,2,1.0,merged source first_ms < analysis_start; not a point-in-time universe,True
excluding_first_analysis_month,60,v9_both,baseline,4h,20,later,2020-02-01 00:00:00+00:00,2023-01-01 00:00:00+00:00,2026-09-23 04:00:00+00:00,25,25,0,21,2,0.12,-142.5878661899925,-0.7361226505805852,3.0,-18.40306626451463,-122.58786618999247,-207.59280665474,0.0,0.0,0.21454377899272015,0.0,0.0,0.2727272727272727,-230.2943069547198,-16.755617253041525,-1.062061313648422,-0.26098964998960494,4,38.710348877930265,28.2220006884405,0.25,10.488348189489752,0.16,descriptive same-clock matched random,2,2,1.0,merged source first_ms < analysis_start; not a point-in-time universe,True
excluding_first_analysis_month,60,v9_both,baseline,4h,20,cross,2020-02-01 00:00:00+00:00,2023-01-01 00:00:00+00:00,2026-09-23 04:00:00+00:00,0,0,0,0,0,,,,,,,,,,,,,,,,,,0,,,,,,descriptive same-clock matched random,2,2,1.0,merged source first_ms < analysis_start; not a point-in-time universe,True
excluding_first_analysis_month,60,v9_both,retest,overall,0,all,2020-02-01 00:00:00+00:00,2023-01-01 00:00:00+00:00,2026-09-23 04:00:00+00:00,26,26,0,25,2,0.4230769230769231,2.216254031808087,0.018544072835598207,11.0,0.4821458937255534,22.216254031808113,-136.154208708616,0.0,0.0,1.0396799697342867,0.0,0.24,0.6153846153846154,-238.25786053711013,292.7143988088843,-0.37797232200558334,0.4811670891342546,4,525.8699130209252,352.37466077456475,1.0,173.4952522463605,0.15384615384615385,descriptive same-clock matched random,2,2,1.0,merged source first_ms < analysis_start; not a point-in-time universe,True
excluding_first_analysis_month,60,v9_both,retest,overall,0,earlier,2020-02-01 00:00:00+00:00,2023-01-01 00:00:00+00:00,2026-09-23 04:00:00+00:00,16,16,0,15,2,0.375,-3.265747110521879,-0.08044290352799069,6.0,-1.287086456447851,16.73425288947817,-155.30364260977,0.0,0.0,0.8427307789970067,0.0,0.13333333333333333,0.6,-347.55862124245283,370.0964521575552,-0.5812081709611412,0.49803814214405995,2,1048.3965792444856,574.4868395861685,1.0,473.9097396583171,0.125,descriptive same-clock matched random,2,2,1.0,merged source first_ms < analysis_start; not a point-in-time universe,True
excluding_first_analysis_month,60,v9_both,retest,overall,0,later,2020-02-01 00:00:00+00:00,2023-01-01 00:00:00+00:00,2026-09-23 04:00:00+00:00,10,10,0,10,2,0.5,10.987455859535975,0.17692323501734045,5.0,1.7692323501734044,30.987455859535974,3.3432467973649977,0.0,0.0,1.4459993709859496,0.0,0.2,0.8,-263.45371841107107,312.7709228517736,-0.4577913499919829,0.8077514952868631,2,3.3432467973650013,130.262481962961,1.0,-126.91923516559602,0.2,descriptive same-clock matched random,2,2,1.0,merged source first_ms < analysis_start; not a point-in-time universe,True
excluding_first_analysis_month,60,v9_both,retest,overall,0,cross,2020-02-01 00:00:00+00:00,2023-01-01 00:00:00+00:00,2026-09-23 04:00:00+00:00,0,0,0,0,0,,,,,,,,,,,,,,,,,,0,,,,,,descriptive same-clock matched random,2,2,1.0,merged source first_ms < analysis_start; not a point-in-time universe,True
excluding_first_analysis_month,60,v9_both,retest,4h,0,all,2020-02-01 00:00:00+00:00,2023-01-01 00:00:00+00:00,2026-09-23 04:00:00+00:00,3,3,0,3,2,0.3333333333333333,-102.47487306919032,-0.25631444802772935,1.0,-0.7689433440831881,-82.47487306919034,-144.990443147934,0.0,0.0,0.4627635239853016,0.0,0.0,1.0,-434.81358327444997,272.379407214813,-1.0482144288577169,0.6623506547668645,0,,,,,0.0,descriptive same-clock matched random,2,2,1.0,merged source first_ms < analysis_start; not a point-in-time universe,True
excluding_first_analysis_month,60,v9_both,retest,4h,0,earlier,2020-02-01 00:00:00+00:00,2023-01-01 00:00:00+00:00,2026-09-23 04:00:00+00:00,1,1,0,1,1,0.0,-434.81358327444997,-1.0482144288577169,0.0,-1.0482144288577169,-414.81358327444997,-434.81358327444997,0.0,0.0,0.0,0.0,,,,,,,0,,,,,0.0,descriptive same-clock matched random,2,2,1.0,merged source first_ms < analysis_start; not a point-in-time universe,True
excluding_first_analysis_month,60,v9_both,retest,4h,0,later,2020-02-01 00:00:00+00:00,2023-01-01 00:00:00+00:00,2026-09-23 04:00:00+00:00,2,2,0,2,1,0.5,63.6944820334395,0.13963554238726436,1.0,0.2792710847745287,83.69448203343948,63.6944820334395,0.0,0.0,1.7290158668083397,0.0,0.0,1.0,-144.990443147934,272.379407214813,-0.3830795699923358,0.6623506547668645,0,,,,,0.0,descriptive same-clock matched random,2,2,1.0,merged source first_ms < analysis_start; not a point-in-time universe,True
excluding_first_analysis_month,60,v9_both,retest,4h,0,cross,2020-02-01 00:00:00+00:00,2023-01-01 00:00:00+00:00,2026-09-23 04:00:00+00:00,0,0,0,0,0,,,,,,,,,,,,,,,,,,0,,,,,,descriptive same-clock matched random,2,2,1.0,merged source first_ms < analysis_start; not a point-in-time universe,True
excluding_first_analysis_month,60,v9_both,retest,4h,4,all,2020-02-01 00:00:00+00:00,2023-01-01 00:00:00+00:00,2026-09-23 04:00:00+00:00,5,5,0,5,2,0.4,-60.73483551852341,-0.11019263290240185,2.0,-0.5509631645120092,-40.73483551852339,-80.18764383076599,0.0,0.0,0.5903412631763925,0.0,0.0,0.8,-264.944965680015,135.4073190159376,-0.5503985138373885,0.2890982458193433,1,151.676936742664,151.676936742664,1.0,0.0,0.2,descriptive same-clock matched random,2,2,1.0,merged source first_ms < analysis_start; not a point-in-time universe,True
excluding_first_analysis_month,60,v9_both,retest,4h,4,earlier,2020-02-01 00:00:00+00:00,2023-01-01 00:00:00+00:00,2026-09-23 04:00:00+00:00,3,3,0,3,2,0.3333333333333333,3.351197589569997,-0.015453028988305065,1.0,-0.0463590869649152,23.351197589570003,-80.18764383076599,0.0,0.0,0.8454846808388526,0.0,0.0,1.0,-127.317974269298,217.559210868774,-0.1575825256003824,0.2536699795159707,0,,,,,0.0,descriptive same-clock matched random,2,2,1.0,merged source first_ms < analysis_start; not a point-in-time universe,True
excluding_first_analysis_month,60,v9_both,retest,4h,4,later,2020-02-01 00:00:00+00:00,2023-01-01 00:00:00+00:00,2026-09-23 04:00:00+00:00,2,2,0,2,2,0.5,-156.86388518066352,-0.25230203877354695,1.0,-0.5046040775470939,-136.8638851806635,-156.86388518066352,0.0,0.0,0.5170804507717973,0.0,0.0,1.0,-465.40470710399103,151.676936742664,-1.0449029830197332,0.5402989054726393,1,151.676936742664,151.676936742664,1.0,0.0,0.5,descriptive same-clock matched random,2,2,1.0,merged source first_ms < analysis_start; not a point-in-time universe,True
excluding_first_analysis_month,60,v9_both,retest,4h,4,cross,2020-02-01 00:00:00+00:00,2023-01-01 00:00:00+00:00,2026-09-23 04:00:00+00:00,0,0,0,0,0,,,,,,,,,,,,,,,,,,0,,,,,,descriptive same-clock matched random,2,2,1.0,merged source first_ms < analysis_start; not a point-in-time universe,True
excluding_first_analysis_month,60,v9_both,retest,4h,8,all,2020-02-01 00:00:00+00:00,2023-01-01 00:00:00+00:00,2026-09-23 04:00:00+00:00,4,4,0,3,2,0.25,-280.0416561934808,-0.3894172463293203,1.0,-1.5576689853172812,-260.0416561934808,-327.500474232349,0.0,0.0,0.3945689282951024,0.0,0.0,0.5,-1021.9524084071489,76.90487777857948,-1.019961027921271,0.18496378321675566,0,,,,,0.0,descriptive same-clock matched random,2,2,1.0,merged source first_ms < analysis_start; not a point-in-time universe,True
excluding_first_analysis_month,60,v9_both,retest,4h,8,earlier,2020-02-01 00:00:00+00:00,2023-01-01 00:00:00+00:00,2026-09-23 04:00:00+00:00,4,4,0,3,2,0.25,-280.0416561934808,-0.3894172463293203,1.0,-1.5576689853172812,-260.0416561934808,-327.500474232349,0.0,0.0,0.3945689282951024,0.0,0.0,0.5,-1021.9524084071489,76.90487777857948,-1.019961027921271,0.18496378321675566,0,,,,,0.0,descriptive same-clock matched random,2,2,1.0,merged source first_ms < analysis_start; not a point-in-time universe,True
excluding_first_analysis_month,60,v9_both,retest,4h,8,later,2020-02-01 00:00:00+00:00,2023-01-01 00:00:00+00:00,2026-09-23 04:00:00+00:00,0,0,0,0,0,,,,,,,,,,,,,,,,,,0,,,,,,descriptive same-clock matched random,2,2,1.0,merged source first_ms < analysis_start; not a point-in-time universe,True
excluding_first_analysis_month,60,v9_both,retest,4h,8,cross,2020-02-01 00:00:00+00:00,2023-01-01 00:00:00+00:00,2026-09-23 04:00:00+00:00,0,0,0,0,0,,,,,,,,,,,,,,,,,,0,,,,,,descriptive same-clock matched random,2,2,1.0,merged source first_ms < analysis_start; not a point-in-time universe,True
excluding_first_analysis_month,60,v9_both,retest,4h,12,all,2020-02-01 00:00:00+00:00,2023-01-01 00:00:00+00:00,2026-09-23 04:00:00+00:00,2,2,0,2,1,1.0,616.03556256473,1.1476570847587608,2.0,2.2953141695175217,636.03556256473,616.03556256473,0.0,0.0,,0.0,1.0,1.0,167.069330461924,1065.001794667536,0.516132025196081,1.7791821443214406,0,,,,,0.0,descriptive same-clock matched random,2,2,1.0,merged source first_ms < analysis_start; not a point-in-time universe,True
excluding_first_analysis_month,60,v9_both,retest,4h,12,earlier,2020-02-01 00:00:00+00:00,2023-01-01 00:00:00+00:00,2026-09-23 04:00:00+00:00,1,1,0,1,1,1.0,167.069330461924,0.516132025196081,1.0,0.516132025196081,187.06933046192398,167.069330461924,0.0,0.0,,0.0,,,,,,,0,,,,,0.0,descriptive same-clock matched random,2,2,1.0,merged source first_ms < analysis_start; not a point-in-time universe,True
excluding_first_analysis_month,60,v9_both,retest,4h,12,later,2020-02-01 00:00:00+00:00,2023-01-01 00:00:00+00:00,2026-09-23 04:00:00+00:00,1,1,0,1,1,1.0,1065.001794667536,1.7791821443214406,1.0,1.7791821443214406,1085.001794667536,1065.001794667536,0.0,0.0,,0.0,,,,,,,0,,,,,0.0,descriptive same-clock matched random,2,2,1.0,merged source first_ms < analysis_start; not a point-in-time universe,True
excluding_first_analysis_month,60,v9_both,retest,4h,12,cross,2020-02-01 00:00:00+00:00,2023-01-01 00:00:00+00:00,2026-09-23 04:00:00+00:00,0,0,0,0,0,,,,,,,,,,,,,,,,,,0,,,,,,descriptive same-clock matched random,2,2,1.0,merged source first_ms < analysis_start; not a point-in-time universe,True
excluding_first_analysis_month,60,v9_both,retest,4h,16,all,2020-02-01 00:00:00+00:00,2023-01-01 00:00:00+00:00,2026-09-23 04:00:00+00:00,3,3,0,3,2,0.6666666666666666,526.0333112106737,0.7573358955828491,2.0,2.2720076867485473,546.0333112106737,264.883482924134,0.0,0.0,3.1678585971325224,0.0,0.0,1.0,-436.299096828397,1749.5155475362837,-1.0480423814328967,2.144462490823809,0,,,,,0.0,descriptive same-clock matched random,2,2,1.0,merged source first_ms < analysis_start; not a point-in-time universe,True
excluding_first_analysis_month,60,v9_both,retest,4h,16,earlier,2020-02-01 00:00:00+00:00,2023-01-01 00:00:00+00:00,2026-09-23 04:00:00+00:00,2,2,0,2,2,0.5,656.6082253539435,0.5482100546954561,1.0,1.0964201093909123,676.6082253539435,656.6082253539435,0.0,0.0,2.046160087430694,0.0,0.0,1.0,-436.299096828397,1749.515547536284,-1.0480423814328967,2.144462490823809,0,,,,,0.0,descriptive same-clock matched random,2,2,1.0,merged source first_ms < analysis_start; not a point-in-time universe,True
excluding_first_analysis_month,60,v9_both,retest,4h,16,later,2020-02-01 00:00:00+00:00,2023-01-01 00:00:00+00:00,2026-09-23 04:00:00+00:00,1,1,0,1,1,1.0,264.883482924134,1.1755875773576352,1.0,1.1755875773576352,284.883482924134,264.883482924134,0.0,0.0,,0.0,,,,,,,0,,,,,0.0,descriptive same-clock matched random,2,2,1.0,merged source first_ms < analysis_start; not a point-in-time universe,True
excluding_first_analysis_month,60,v9_both,retest,4h,16,cross,2020-02-01 00:00:00+00:00,2023-01-01 00:00:00+00:00,2026-09-23 04:00:00+00:00,0,0,0,0,0,,,,,,,,,,,,,,,,,,0,,,,,,descriptive same-clock matched random,2,2,1.0,merged source first_ms < analysis_start; not a point-in-time universe,True
excluding_first_analysis_month,60,v9_both,retest,4h,20,all,2020-02-01 00:00:00+00:00,2023-01-01 00:00:00+00:00,2026-09-23 04:00:00+00:00,9,9,0,9,2,0.3333333333333333,-113.47589248448442,-0.13417782984755985,3.0,-1.2076004686280386,-93.47589248448433,-280.688895564233,0.0,0.0,0.7901200884314004,0.0,0.1111111111111111,0.6666666666666666,-536.9420720796478,391.38471081961757,-0.8438836783745048,0.7735907347383904,1,1540.0064263910472,304.532747817705,1.0,1235.473678573342,0.1111111111111111,descriptive same-clock matched random,2,2,1.0,merged source first_ms < analysis_start; not a point-in-time universe,True
excluding_first_analysis_month,60,v9_both,retest,4h,20,earlier,2020-02-01 00:00:00+00:00,2023-01-01 00:00:00+00:00,2026-09-23 04:00:00+00:00,5,5,0,5,2,0.4,2.4777760683004546,-0.04947921797898651,2.0,-0.24739608989493256,22.477776068300592,-183.289310950242,0.0,0.0,0.923046004725095,0.0,0.0,0.8,-768.3979865767913,831.2082145317333,-1.082811757078709,1.367195168236534,1,1540.0064263910472,304.532747817705,1.0,1235.473678573342,0.2,descriptive same-clock matched random,2,2,1.0,merged source first_ms < analysis_start; not a point-in-time universe,True
excluding_first_analysis_month,60,v9_both,retest,4h,20,later,2020-02-01 00:00:00+00:00,2023-01-01 00:00:00+00:00,2026-09-23 04:00:00+00:00,4,4,0,4,2,0.25,-258.4179781754655,-0.24005109468327662,1.0,-0.9602043787331065,-238.4179781754655,-397.53247332363503,0.0,0.0,0.6218047396163645,0.0,0.0,0.75,-523.2832633512645,108.68136799155872,-0.9526618619625937,0.9830707828276091,0,,,,,0.0,descriptive same-clock matched random,2,2,1.0,merged source first_ms < analysis_start; not a point-in-time universe,True
excluding_first_analysis_month,60,v9_both,retest,4h,20,cross,2020-02-01 00:00:00+00:00,2023-01-01 00:00:00+00:00,2026-09-23 04:00:00+00:00,0,0,0,0,0,,,,,,,,,,,,,,,,,,0,,,,,,descriptive same-clock matched random,2,2,1.0,merged source first_ms < analysis_start; not a point-in-time universe,True
excluding_first_analysis_month,60,joint,baseline,overall,0,all,2020-02-01 00:00:00+00:00,2023-01-01 00:00:00+00:00,2026-09-23 04:00:00+00:00,122,121,1,96,2,0.2975206611570248,23.4702581506835,0.1869487379761806,36.0,22.620797295117853,43.47025815068351,-164.87393501997403,4.0,2.0,1.2597569630356191,0.03305785123966942,0.21367521367521367,0.3858449679084231,-68.61913081222019,126.81375019529335,-0.25410426988398965,0.7085765225868609,108,39.50064089489166,47.36165991674384,0.3425925925925926,-7.861019021852158,0.8925619834710744,descriptive same-clock matched random,2,2,1.0,merged source first_ms < analysis_start; not a point-in-time universe,True
excluding_first_analysis_month,60,joint,baseline,overall,0,earlier,2020-02-01 00:00:00+00:00,2023-01-01 00:00:00+00:00,2026-09-23 04:00:00+00:00,56,56,0,45,2,0.35714285714285715,37.541805517034405,0.060187971393373826,20.0,3.370526398028934,57.541805517034426,-161.740131670477,0.0,0.0,1.0944361902823319,0.0,0.2321085164835165,0.4909090909090909,-84.66765999557968,169.35184872819548,-0.344423884533455,0.4882863410662247,47,63.320707641572206,59.7992098911609,0.40425531914893614,3.5214977504113048,0.8392857142857143,descriptive same-clock matched random,2,2,1.0,merged source first_ms < analysis_start; not a point-in-time universe,True
excluding_first_analysis_month,60,joint,baseline,overall,0,later,2020-02-01 00:00:00+00:00,2023-01-01 00:00:00+00:00,2026-09-23 04:00:00+00:00,66,65,1,51,2,0.24615384615384617,11.347078881211939,0.296158013801368,16.0,19.25027089708892,31.34707888121195,-167.768114351559,4.0,2.0,1.3745668137258464,0.06153846153846154,0.14083956866197184,0.35384615384615387,-121.1361746936731,156.8902779188921,-0.4387173902120766,1.1588200197035046,61,21.147474713023065,37.77862960858643,0.29508196721311475,-16.63115489556336,0.9384615384615385,descriptive same-clock matched random,2,2,1.0,merged source first_ms < analysis_start; not a point-in-time universe,True
excluding_first_analysis_month,60,joint,baseline,overall,0,cross,2020-02-01 00:00:00+00:00,2023-01-01 00:00:00+00:00,2026-09-23 04:00:00+00:00,0,0,0,0,0,,,,,,,,,,,,,,,,,,0,,,,,,descriptive same-clock matched random,2,2,1.0,merged source first_ms < analysis_start; not a point-in-time universe,True
excluding_first_analysis_month,60,joint,baseline,4h,0,all,2020-02-01 00:00:00+00:00,2023-01-01 00:00:00+00:00,2026-09-23 04:00:00+00:00,22,22,0,21,2,0.18181818181818182,6.816859845229456,0.5112494315720305,4.0,11.247487494584671,26.81685984522946,-198.1011970841755,2.0,1.0,1.6344474387336243,0.09090909090909091,0.043478260869565216,0.36363636363636365,-210.88163415259203,301.75660296857683,-0.8837183076883215,2.6110382419434774,4,393.444283869724,207.21086275320724,0.25,186.23342111651675,0.18181818181818182,descriptive same-clock matched random,2,2,1.0,merged source first_ms < analysis_start; not a point-in-time universe,True
excluding_first_analysis_month,60,joint,baseline,4h,0,earlier,2020-02-01 00:00:00+00:00,2023-01-01 00:00:00+00:00,2026-09-23 04:00:00+00:00,6,6,0,5,2,0.0,-253.7447064156003,-1.011375986362067,0.0,-6.068255918172402,-233.74470641560035,-264.1540269063755,0.0,0.0,0.0,0.0,0.0,0.0,-280.6714679840716,-211.59987266325598,-1.0863623240293427,-0.8249498828406138,0,,,,,0.0,descriptive same-clock matched random,2,2,1.0,merged source first_ms < analysis_start; not a point-in-time universe,True
excluding_first_analysis_month,60,joint,baseline,4h,0,later,2020-02-01 00:00:00+00:00,2023-01-01 00:00:00+00:00,2026-09-23 04:00:00+00:00,16,16,0,16,2,0.25,104.52744719304062,1.082233963297317,4.0,17.315743412757072,124.52744719304063,-162.22553352082,2.0,1.0,2.4850871138393043,0.125,0.0625,0.5,-178.51675908662045,502.6528133228606,-0.8221222178248829,3.8587049787233263,4,393.444283869724,207.21086275320724,0.25,186.23342111651675,0.25,descriptive same-clock matched random,2,2,1.0,merged source first_ms < analysis_start; not a point-in-time universe,True
excluding_first_analysis_month,60,joint,baseline,4h,0,cross,2020-02-01 00:00:00+00:00,2023-01-01 00:00:00+00:00,2026-09-23 04:00:00+00:00,0,0,0,0,0,,,,,,,,,,,,,,,,,,0,,,,,,descriptive same-clock matched random,2,2,1.0,merged source first_ms < analysis_start; not a point-in-time universe,True
excluding_first_analysis_month,60,joint,baseline,4h,4,all,2020-02-01 00:00:00+00:00,2023-01-01 00:00:00+00:00,2026-09-23 04:00:00+00:00,21,21,0,21,2,0.19047619047619047,-85.28551913566437,-0.2970224093162561,4.0,-6.237470595641378,-65.28551913566439,-216.303295906008,0.0,0.0,0.6114877987552443,0.0,0.047619047619047616,0.38095238095238093,-218.68009319005344,93.12426204147997,-0.8143362169292522,0.3989386849807868,5,-203.58606553218561,-120.3253530125554,0.0,-83.2607125196302,0.23809523809523808,descriptive same-clock matched random,2,2,1.0,merged source first_ms < analysis_start; not a point-in-time universe,True
excluding_first_analysis_month,60,joint,baseline,4h,4,earlier,2020-02-01 00:00:00+00:00,2023-01-01 00:00:00+00:00,2026-09-23 04:00:00+00:00,11,11,0,11,2,0.18181818181818182,-89.06599028783127,-0.2611293927661229,2.0,-2.8724233204273517,-69.06599028783128,-216.303295906008,0.0,0.0,0.6521431576165425,0.0,0.0,0.45454545454545453,-286.7595871320119,171.2915483064565,-0.9659991400109526,0.7873832670478582,3,-244.4711152662603,-142.20256816704267,0.0,-102.26854709921766,0.2727272727272727,descriptive same-clock matched random,2,2,1.0,merged source first_ms < analysis_start; not a point-in-time universe,True
excluding_first_analysis_month,60,joint,baseline,4h,4,later,2020-02-01 00:00:00+00:00,2023-01-01 00:00:00+00:00,2026-09-23 04:00:00+00:00,10,10,0,10,2,0.2,-81.1270008682808,-0.33650472752140254,2.0,-3.3650472752140255,-61.127000868280795,-188.682486149163,0.0,0.0,0.5684328692132223,0.0,0.0,0.5,-263.20256202747544,145.77840962132402,-1.0464777840504818,0.573737863905827,2,-142.2584909310735,-87.5095302808245,0.0,-54.748960650249,0.2,descriptive same-clock matched random,2,2,1.0,merged source first_ms < analysis_start; not a point-in-time universe,True
excluding_first_analysis_month,60,joint,baseline,4h,4,cross,2020-02-01 00:00:00+00:00,2023-01-01 00:00:00+00:00,2026-09-23 04:00:00+00:00,0,0,0,0,0,,,,,,,,,,,,,,,,,,0,,,,,,descriptive same-clock matched random,2,2,1.0,merged source first_ms < analysis_start; not a point-in-time universe,True
excluding_first_analysis_month,60,joint,baseline,4h,8,all,2020-02-01 00:00:00+00:00,2023-01-01 00:00:00+00:00,2026-09-23 04:00:00+00:00,18,18,0,18,2,0.3333333333333333,84.42923990305212,0.12509119543417116,6.0,2.251641517815081,104.42923990305209,-159.8634008590965,0.0,0.0,1.1777200181122858,0.0,0.1111111111111111,0.5555555555555556,-177.59166963551252,377.5906598395096,-0.7195967332360992,1.0661911832860318,1,-191.770962508293,-150.16655060174799,0.0,-41.604411906544996,0.05555555555555555,descriptive same-clock matched random,2,2,1.0,merged source first_ms < analysis_start; not a point-in-time universe,True
excluding_first_analysis_month,60,joint,baseline,4h,8,earlier,2020-02-01 00:00:00+00:00,2023-01-01 00:00:00+00:00,2026-09-23 04:00:00+00:00,9,9,0,9,2,0.4444444444444444,316.30008500517374,0.44653707857097047,4.0,4.018833707138734,336.30008500517374,-149.327985593844,0.0,0.0,1.7817081831051644,0.0,0.1111111111111111,0.7777777777777778,-129.68796483549662,797.5365611817684,-0.7666894331171212,1.7164532128874708,0,,,,,0.0,descriptive same-clock matched random,2,2,1.0,merged source first_ms < analysis_start; not a point-in-time universe,True
excluding_first_analysis_month,60,joint,baseline,4h,8,later,2020-02-01 00:00:00+00:00,2023-01-01 00:00:00+00:00,2026-09-23 04:00:00+00:00,9,9,0,9,2,0.2222222222222222,-147.44160519906958,-0.19635468770262812,2.0,-1.767192189323653,-127.44160519906958,-195.02150621725198,0.0,0.0,0.7652666070391592,0.0,0.0,0.5555555555555556,-335.2303483808493,85.36237716734229,-1.0853309574174925,1.14334333505928,1,-191.770962508293,-150.16655060174799,0.0,-41.604411906544996,0.1111111111111111,descriptive same-clock matched random,2,2,1.0,merged source first_ms < analysis_start; not a point-in-time universe,True
excluding_first_analysis_month,60,joint,baseline,4h,8,cross,2020-02-01 00:00:00+00:00,2023-01-01 00:00:00+00:00,2026-09-23 04:00:00+00:00,0,0,0,0,0,,,,,,,,,,,,,,,,,,0,,,,,,descriptive same-clock matched random,2,2,1.0,merged source first_ms < analysis_start; not a point-in-time universe,True
excluding_first_analysis_month,60,joint,baseline,4h,12,all,2020-02-01 00:00:00+00:00,2023-01-01 00:00:00+00:00,2026-09-23 04:00:00+00:00,16,16,0,15,2,0.25,-138.85514771819643,-0.5278492174149184,4.0,-8.445587478638695,-118.85514771819642,-176.32713475619,0.0,0.0,0.35779075198291194,0.0,0.058823529411764705,0.47058823529411764,-253.48604527184034,-24.89439708602985,-0.9920507915010502,0.06338506341110148,6,-167.65550445709437,52.48122291285319,0.5,-220.13672736994744,0.375,descriptive same-clock matched random,2,2,1.0,merged source first_ms < analysis_start; not a point-in-time universe,True
excluding_first_analysis_month,60,joint,baseline,4h,12,earlier,2020-02-01 00:00:00+00:00,2023-01-01 00:00:00+00:00,2026-09-23 04:00:00+00:00,8,8,0,7,2,0.25,-173.26952948569448,-0.6933977249588199,2.0,-5.547181799670559,-153.2695294856945,-178.1346273035275,0.0,0.0,0.19653904782475104,0.0,0.0,0.625,-341.50115965104925,-12.747711997626848,-1.1785484029733095,0.08291004233924994,3,-150.97774498454467,73.88432880128869,0.6666666666666666,-224.8620737858334,0.375,descriptive same-clock matched random,2,2,1.0,merged source first_ms < analysis_start; not a point-in-time universe,True
excluding_first_analysis_month,60,joint,baseline,4h,12,later,2020-02-01 00:00:00+00:00,2023-01-01 00:00:00+00:00,2026-09-23 04:00:00+00:00,8,8,0,8,2,0.25,-104.44076595069838,-0.36230070987101715,2.0,-2.898405678968137,-84.44076595069838,-176.32713475619,0.0,0.0,0.5360120099413529,0.0,0.0,0.625,-233.16090889797496,44.38855516548997,-1.0955065551570513,0.578324550601716,3,-184.33326392964398,31.07811702441768,0.3333333333333333,-215.41138095406166,0.375,descriptive same-clock matched random,2,2,1.0,merged source first_ms < analysis_start; not a point-in-time universe,True
excluding_first_analysis_month,60,joint,baseline,4h,12,cross,2020-02-01 00:00:00+00:00,2023-01-01 00:00:00+00:00,2026-09-23 04:00:00+00:00,0,0,0,0,0,,,,,,,,,,,,,,,,,,0,,,,,,descriptive same-clock matched random,2,2,1.0,merged source first_ms < analysis_start; not a point-in-time universe,True
excluding_first_analysis_month,60,joint,baseline,4h,16,all,2020-02-01 00:00:00+00:00,2023-01-01 00:00:00+00:00,2026-09-23 04:00:00+00:00,21,21,0,21,2,0.47619047619047616,203.6824870093852,1.0856899586933981,10.0,22.79948913256136,223.68248700938526,-79.524857791944,2.0,1.0,2.9567539681218697,0.09523809523809523,0.23809523809523808,0.6666666666666666,-38.47174479073994,487.92378988930415,-0.1533527718361524,2.5730043266878195,2,478.87571878700396,35.52503548685699,0.5,443.350683300147,0.09523809523809523,descriptive same-clock matched random,2,2,1.0,merged source first_ms < analysis_start; not a point-in-time universe,True
excluding_first_analysis_month,60,joint,baseline,4h,16,earlier,2020-02-01 00:00:00+00:00,2023-01-01 00:00:00+00:00,2026-09-23 04:00:00+00:00,11,11,0,11,2,0.5454545454545454,102.11262920181326,0.42084437618713905,6.0,4.62928813805853,122.11262920181336,83.449926666754,0.0,0.0,1.978425570885368,0.0,0.2727272727272727,0.8181818181818182,-131.87681571413512,368.98085528934286,-0.4191660059943211,1.4045332111043687,2,478.87571878700396,35.52503548685699,0.5,443.350683300147,0.18181818181818182,descriptive same-clock matched random,2,2,1.0,merged source first_ms < analysis_start; not a point-in-time universe,True
excluding_first_analysis_month,60,joint,baseline,4h,16,later,2020-02-01 00:00:00+00:00,2023-01-01 00:00:00+00:00,2026-09-23 04:00:00+00:00,10,10,0,10,2,0.4,315.40933059771413,1.8170200994502825,4.0,18.170200994502824,335.4093305977142,-103.357419391331,2.0,1.0,3.6256284273558683,0.2,0.1,0.7,-122.25832027570334,878.1149651182275,-0.547801704392942,4.516567321427186,0,,,,,0.0,descriptive same-clock matched random,2,2,1.0,merged source first_ms < analysis_start; not a point-in-time universe,True
excluding_first_analysis_month,60,joint,baseline,4h,16,cross,2020-02-01 00:00:00+00:00,2023-01-01 00:00:00+00:00,2026-09-23 04:00:00+00:00,0,0,0,0,0,,,,,,,,,,,,,,,,,,0,,,,,,descriptive same-clock matched random,2,2,1.0,merged source first_ms < analysis_start; not a point-in-time universe,True
excluding_first_analysis_month,60,joint,baseline,4h,20,all,2020-02-01 00:00:00+00:00,2023-01-01 00:00:00+00:00,2026-09-23 04:00:00+00:00,24,23,1,22,2,0.34782608695652173,39.371740848944555,0.04370596627986179,8.0,1.0052372244368213,59.37174084894457,-132.735177935471,0.0,0.0,1.0635037224416986,0.0,0.16666666666666666,0.5454545454545454,-109.14231881313967,208.77927321086457,-0.5808232092109552,0.7524918022791577,1,1098.787821032067,-175.123551931586,0.0,1273.911372963653,0.043478260869565216,descriptive same-clock matched random,2,2,1.0,merged source first_ms < analysis_start; not a point-in-time universe,True
excluding_first_analysis_month,60,joint,baseline,4h,20,earlier,2020-02-01 00:00:00+00:00,2023-01-01 00:00:00+00:00,2026-09-23 04:00:00+00:00,11,11,0,11,2,0.5454545454545454,183.70470820297447,0.8372968719183621,6.0,9.210265591101983,203.70470820297447,161.389220822991,0.0,0.0,3.0071458331263305,0.0,0.2727272727272727,0.8181818181818182,-60.831283965538006,461.33933867589104,-0.16599581253937537,1.922237168687854,1,1098.787821032067,-175.123551931586,0.0,1273.911372963653,0.09090909090909091,descriptive same-clock matched random,2,2,1.0,merged source first_ms < analysis_start; not a point-in-time universe,True
excluding_first_analysis_month,60,joint,baseline,4h,20,later,2020-02-01 00:00:00+00:00,2023-01-01 00:00:00+00:00,2026-09-23 04:00:00+00:00,13,12,1,11,2,0.16666666666666666,-92.93347922558291,-0.6837523638887634,2.0,-8.205028366665161,-72.93347922558283,-166.3393319822355,0.0,0.0,0.27006994349548896,0.0,0.0,0.4166666666666667,-221.04487975116322,110.92948373756305,-1.132918144109358,0.08331122239447564,0,,,,,0.0,descriptive same-clock matched random,2,2,1.0,merged source first_ms < analysis_start; not a point-in-time universe,True
excluding_first_analysis_month,60,joint,baseline,4h,20,cross,2020-02-01 00:00:00+00:00,2023-01-01 00:00:00+00:00,2026-09-23 04:00:00+00:00,0,0,0,0,0,,,,,,,,,,,,,,,,,,0,,,,,,descriptive same-clock matched random,2,2,1.0,merged source first_ms < analysis_start; not a point-in-time universe,True
excluding_first_analysis_month,60,joint,retest,overall,0,all,2020-02-01 00:00:00+00:00,2023-01-01 00:00:00+00:00,2026-09-23 04:00:00+00:00,16,16,0,16,2,0.4375,110.73715720545042,0.6381081577590175,7.0,10.20973052414428,130.7371572054505,-217.6566414370875,1.0,1.0,2.1335504984968345,0.0625,0.1875,0.6875,-211.65545381683071,513.2260197720838,-0.5164595248313053,2.267262197308211,1,272.379407214813,272.379407214813,1.0,0.0,0.0625,descriptive same-clock matched random,2,2,1.0,merged source first_ms < analysis_start; not a point-in-time universe,True
excluding_first_analysis_month,60,joint,retest,overall,0,earlier,2020-02-01 00:00:00+00:00,2023-01-01 00:00:00+00:00,2026-09-23 04:00:00+00:00,8,8,0,8,2,0.25,-58.727042778132486,-0.4074278974256663,2.0,-3.2594231794053306,-38.72704277813237,-284.94498103732803,0.0,0.0,0.4765563103629186,0.0,0.0,0.5,-412.7503566573642,435.03278918076353,-1.054784353207549,0.4825736098092108,0,,,,,0.0,descriptive same-clock matched random,2,2,1.0,merged source first_ms < analysis_start; not a point-in-time universe,True
excluding_first_analysis_month,60,joint,retest,overall,0,later,2020-02-01 00:00:00+00:00,2023-01-01 00:00:00+00:00,2026-09-23 04:00:00+00:00,8,8,0,8,2,0.625,280.20135718903333,1.6836442129437015,5.0,13.469153703549612,300.2013571890334,212.0281719787385,1.0,1.0,5.845061473111011,0.125,0.25,0.875,-214.34494297602748,879.283016879668,-0.2745306599325068,4.444230787802454,1,272.379407214813,272.379407214813,1.0,0.0,0.125,descriptive same-clock matched random,2,2,1.0,merged source first_ms < analysis_start; not a point-in-time universe,True
excluding_first_analysis_month,60,joint,retest,overall,0,cross,2020-02-01 00:00:00+00:00,2023-01-01 00:00:00+00:00,2026-09-23 04:00:00+00:00,0,0,0,0,0,,,,,,,,,,,,,,,,,,0,,,,,,descriptive same-clock matched random,2,2,1.0,merged source first_ms < analysis_start; not a point-in-time universe,True
excluding_first_analysis_month,60,joint,retest,4h,0,all,2020-02-01 00:00:00+00:00,2023-01-01 00:00:00+00:00,2026-09-23 04:00:00+00:00,3,3,0,3,2,0.6666666666666666,113.60424758913068,0.6845500096527273,2.0,2.053650028958182,133.60424758913067,272.379407214813,0.0,0.0,2.9591888571846225,0.0,0.0,1.0,-434.81358327444997,503.246918827029,-1.0482144288577169,2.439513803049034,1,272.379407214813,272.379407214813,1.0,0.0,0.3333333333333333,descriptive same-clock matched random,2,2,1.0,merged source first_ms < analysis_start; not a point-in-time universe,True
excluding_first_analysis_month,60,joint,retest,4h,0,earlier,2020-02-01 00:00:00+00:00,2023-01-01 00:00:00+00:00,2026-09-23 04:00:00+00:00,1,1,0,1,1,0.0,-434.81358327444997,-1.0482144288577169,0.0,-1.0482144288577169,-414.81358327444997,-434.81358327444997,0.0,0.0,0.0,0.0,,,,,,,0,,,,,0.0,descriptive same-clock matched random,2,2,1.0,merged source first_ms < analysis_start; not a point-in-time universe,True
excluding_first_analysis_month,60,joint,retest,4h,0,later,2020-02-01 00:00:00+00:00,2023-01-01 00:00:00+00:00,2026-09-23 04:00:00+00:00,2,2,0,2,2,1.0,387.813163020921,1.5509322289079495,2.0,3.101864457815899,407.81316302092097,387.813163020921,0.0,0.0,,0.0,1.0,1.0,272.379407214813,503.246918827029,0.6623506547668645,2.439513803049034,1,272.379407214813,272.379407214813,1.0,0.0,0.5,descriptive same-clock matched random,2,2,1.0,merged source first_ms < analysis_start; not a point-in-time universe,True
excluding_first_analysis_month,60,joint,retest,4h,0,cross,2020-02-01 00:00:00+00:00,2023-01-01 00:00:00+00:00,2026-09-23 04:00:00+00:00,0,0,0,0,0,,,,,,,,,,,,,,,,,,0,,,,,,descriptive same-clock matched random,2,2,1.0,merged source first_ms < analysis_start; not a point-in-time universe,True
excluding_first_analysis_month,60,joint,retest,4h,4,all,2020-02-01 00:00:00+00:00,2023-01-01 00:00:00+00:00,2026-09-23 04:00:00+00:00,2,2,0,2,2,0.5,-156.86388518066352,-0.25230203877354695,1.0,-0.5046040775470939,-136.8638851806635,-156.86388518066352,0.0,0.0,0.5170804507717973,0.0,0.0,1.0,-465.40470710399103,151.676936742664,-1.0449029830197332,0.5402989054726393,0,,,,,0.0,descriptive same-clock matched random,2,2,1.0,merged source first_ms < analysis_start; not a point-in-time universe,True
excluding_first_analysis_month,60,joint,retest,4h,4,earlier,2020-02-01 00:00:00+00:00,2023-01-01 00:00:00+00:00,2026-09-23 04:00:00+00:00,0,0,0,0,0,,,,,,,,,,,,,,,,,,0,,,,,,descriptive same-clock matched random,2,2,1.0,merged source first_ms < analysis_start; not a point-in-time universe,True
excluding_first_analysis_month,60,joint,retest,4h,4,later,2020-02-01 00:00:00+00:00,2023-01-01 00:00:00+00:00,2026-09-23 04:00:00+00:00,2,2,0,2,2,0.5,-156.86388518066352,-0.25230203877354695,1.0,-0.5046040775470939,-136.8638851806635,-156.86388518066352,0.0,0.0,0.5170804507717973,0.0,0.0,1.0,-465.40470710399103,151.676936742664,-1.0449029830197332,0.5402989054726393,0,,,,,0.0,descriptive same-clock matched random,2,2,1.0,merged source first_ms < analysis_start; not a point-in-time universe,True
excluding_first_analysis_month,60,joint,retest,4h,4,cross,2020-02-01 00:00:00+00:00,2023-01-01 00:00:00+00:00,2026-09-23 04:00:00+00:00,0,0,0,0,0,,,,,,,,,,,,,,,,,,0,,,,,,descriptive same-clock matched random,2,2,1.0,merged source first_ms < analysis_start; not a point-in-time universe,True
excluding_first_analysis_month,60,joint,retest,4h,8,all,2020-02-01 00:00:00+00:00,2023-01-01 00:00:00+00:00,2026-09-23 04:00:00+00:00,1,1,0,1,1,0.0,-252.023971923933,-0.9076355238295214,0.0,-0.9076355238295214,-232.02397192393298,-252.023971923933,0.0,0.0,0.0,0.0,,,,,,,0,,,,,0.0,descriptive same-clock matched random,2,2,1.0,merged source first_ms < analysis_start; not a point-in-time universe,True
excluding_first_analysis_month,60,joint,retest,4h,8,earlier,2020-02-01 00:00:00+00:00,2023-01-01 00:00:00+00:00,2026-09-23 04:00:00+00:00,1,1,0,1,1,0.0,-252.023971923933,-0.9076355238295214,0.0,-0.9076355238295214,-232.02397192393298,-252.023971923933,0.0,0.0,0.0,0.0,,,,,,,0,,,,,0.0,descriptive same-clock matched random,2,2,1.0,merged source first_ms < analysis_start; not a point-in-time universe,True
excluding_first_analysis_month,60,joint,retest,4h,8,later,2020-02-01 00:00:00+00:00,2023-01-01 00:00:00+00:00,2026-09-23 04:00:00+00:00,0,0,0,0,0,,,,,,,,,,,,,,,,,,0,,,,,,descriptive same-clock matched random,2,2,1.0,merged source first_ms < analysis_start; not a point-in-time universe,True
excluding_first_analysis_month,60,joint,retest,4h,8,cross,2020-02-01 00:00:00+00:00,2023-01-01 00:00:00+00:00,2026-09-23 04:00:00+00:00,0,0,0,0,0,,,,,,,,,,,,,,,,,,0,,,,,,descriptive same-clock matched random,2,2,1.0,merged source first_ms < analysis_start; not a point-in-time universe,True
excluding_first_analysis_month,60,joint,retest,4h,12,all,2020-02-01 00:00:00+00:00,2023-01-01 00:00:00+00:00,2026-09-23 04:00:00+00:00,0,0,0,0,0,,,,,,,,,,,,,,,,,,0,,,,,,descriptive same-clock matched random,2,2,1.0,merged source first_ms < analysis_start; not a point-in-time universe,True
excluding_first_analysis_month,60,joint,retest,4h,12,earlier,2020-02-01 00:00:00+00:00,2023-01-01 00:00:00+00:00,2026-09-23 04:00:00+00:00,0,0,0,0,0,,,,,,,,,,,,,,,,,,0,,,,,,descriptive same-clock matched random,2,2,1.0,merged source first_ms < analysis_start; not a point-in-time universe,True
excluding_first_analysis_month,60,joint,retest,4h,12,later,2020-02-01 00:00:00+00:00,2023-01-01 00:00:00+00:00,2026-09-23 04:00:00+00:00,0,0,0,0,0,,,,,,,,,,,,,,,,,,0,,,,,,descriptive same-clock matched random,2,2,1.0,merged source first_ms < analysis_start; not a point-in-time universe,True
excluding_first_analysis_month,60,joint,retest,4h,12,cross,2020-02-01 00:00:00+00:00,2023-01-01 00:00:00+00:00,2026-09-23 04:00:00+00:00,0,0,0,0,0,,,,,,,,,,,,,,,,,,0,,,,,,descriptive same-clock matched random,2,2,1.0,merged source first_ms < analysis_start; not a point-in-time universe,True
excluding_first_analysis_month,60,joint,retest,4h,16,all,2020-02-01 00:00:00+00:00,2023-01-01 00:00:00+00:00,2026-09-23 04:00:00+00:00,1,1,0,1,1,0.0,-436.299096828397,-1.0480423814328967,0.0,-1.0480423814328967,-416.299096828397,-436.299096828397,0.0,0.0,0.0,0.0,,,,,,,0,,,,,0.0,descriptive same-clock matched random,2,2,1.0,merged source first_ms < analysis_start; not a point-in-time universe,True
excluding_first_analysis_month,60,joint,retest,4h,16,earlier,2020-02-01 00:00:00+00:00,2023-01-01 00:00:00+00:00,2026-09-23 04:00:00+00:00,1,1,0,1,1,0.0,-436.299096828397,-1.0480423814328967,0.0,-1.0480423814328967,-416.299096828397,-436.299096828397,0.0,0.0,0.0,0.0,,,,,,,0,,,,,0.0,descriptive same-clock matched random,2,2,1.0,merged source first_ms < analysis_start; not a point-in-time universe,True
excluding_first_analysis_month,60,joint,retest,4h,16,later,2020-02-01 00:00:00+00:00,2023-01-01 00:00:00+00:00,2026-09-23 04:00:00+00:00,0,0,0,0,0,,,,,,,,,,,,,,,,,,0,,,,,,descriptive same-clock matched random,2,2,1.0,merged source first_ms < analysis_start; not a point-in-time universe,True
excluding_first_analysis_month,60,joint,retest,4h,16,cross,2020-02-01 00:00:00+00:00,2023-01-01 00:00:00+00:00,2026-09-23 04:00:00+00:00,0,0,0,0,0,,,,,,,,,,,,,,,,,,0,,,,,,descriptive same-clock matched random,2,2,1.0,merged source first_ms < analysis_start; not a point-in-time universe,True
excluding_first_analysis_month,60,joint,retest,4h,20,all,2020-02-01 00:00:00+00:00,2023-01-01 00:00:00+00:00,2026-09-23 04:00:00+00:00,9,9,0,9,2,0.4444444444444444,270.33695684816354,1.1795958308884014,4.0,10.616362477995612,290.33695684816365,-183.289310950242,1.0,1.0,3.141231182199816,0.1111111111111111,0.1111111111111111,0.7777777777777778,-260.80454263426924,933.2115763679133,-0.6428594291954692,3.895342891136074,0,,,,,0.0,descriptive same-clock matched random,2,2,1.0,merged source first_ms < analysis_start; not a point-in-time universe,True
excluding_first_analysis_month,60,joint,retest,4h,20,earlier,2020-02-01 00:00:00+00:00,2023-01-01 00:00:00+00:00,2026-09-23 04:00:00+00:00,5,5,0,5,2,0.4,130.66406196034401,-0.05110616905703904,2.0,-0.2555308452851952,150.6640619603442,-183.289310950242,0.0,0.0,0.920716258313317,0.0,0.0,0.8,-411.5731051113832,850.6881314545315,-1.0825236058184184,1.3583194184999632,0,,,,,0.0,descriptive same-clock matched random,2,2,1.0,merged source first_ms < analysis_start; not a point-in-time universe,True
excluding_first_analysis_month,60,joint,retest,4h,20,later,2020-02-01 00:00:00+00:00,2023-01-01 00:00:00+00:00,2026-09-23 04:00:00+00:00,4,4,0,4,2,0.5,444.92807545793795,2.7179733308202016,2.0,10.871893323280807,464.92807545793795,6.447307000333495,1.0,1.0,7.265957913036128,0.25,0.0,1.0,-423.52743418050557,1662.627772991196,-0.8675364145569966,8.096872729011068,0,,,,,0.0,descriptive same-clock matched random,2,2,1.0,merged source first_ms < analysis_start; not a point-in-time universe,True
excluding_first_analysis_month,60,joint,retest,4h,20,cross,2020-02-01 00:00:00+00:00,2023-01-01 00:00:00+00:00,2026-09-23 04:00:00+00:00,0,0,0,0,0,,,,,,,,,,,,,,,,,,0,,,,,,descriptive same-clock matched random,2,2,1.0,merged source first_ms < analysis_start; not a point-in-time universe,True
