candidate_id,timeframe_min,arm,policy,kind,bucket,taken,closed,censored,weeks,symbols,win_rate,mean_net_bp,mean_net_r,wins,sum_net_r,mean_gross_bp,median_net_bp,ge5r,ge10r,pf_r,ge5r_rate,win_rate_low,win_rate_high,mean_net_bp_low,mean_net_bp_high,mean_net_r_low,mean_net_r_high,matched,paired_target_mean_net_bp,random_mean_net_bp,random_win_rate,mean_excess_bp,random_coverage,period_kind,period,selection_source,validated,analysis_start,old_window_start,analysis_end_exclusive,period_start_bjt,period_end_bjt,calendar_period_start_observed,calendar_period_end_observed,calendar_period_complete_in_analysis_window,cross_period_exit,period_end_known_closed,period_end_known_closed_rate,period_end_outcome_scope
baseline_15_v9_both_4h20,15,v9_both,baseline,4h,20,138,138,0,107,2,0.2898550724637681,-9.270638361485991,-0.11938134873083214,40.0,-16.474626124854836,10.729361638513996,-96.87845338423651,4.0,0.0,0.8431111752240552,0.028985507246376812,0.20587228041901692,0.375,-57.298464567238945,39.82425218747796,-0.42569320919135806,0.18302932130106594,19,43.203365331914625,24.22816193915195,0.3157894736842105,18.975203392762687,0.13768115942028986,old_window_cut,all,fixed pre-expansion clock observation,False,2020-02-01 00:00:00+00:00,2026-07-23 00:00:00+00:00,2026-09-23 04:00:00+00:00,,,,,,,,,
baseline_15_v9_both_4h20,15,v9_both,baseline,4h,20,132,132,0,102,2,0.2803030303030303,-11.81518992637775,-0.14782875232101542,37.0,-19.513395306374036,8.184810073622236,-98.219319529409,4.0,0.0,0.8067807085557981,0.030303030303030304,0.19847176784199685,0.36622194102112665,-60.46797637727401,41.77657359403238,-0.4504960742371675,0.19601234524111133,17,47.92322026022512,8.466933715467231,0.29411764705882354,39.456286544757894,0.12878787878787878,old_window_cut,earlier_history_mature,fixed pre-expansion clock observation,False,2020-02-01 00:00:00+00:00,2026-07-23 00:00:00+00:00,2026-09-23 04:00:00+00:00,,,,,,,,,
baseline_15_v9_both_4h20,15,v9_both,baseline,4h,20,6,6,0,5,2,0.5,46.70949606613268,0.5064615302532003,3.0,3.0387691815192017,66.70949606613266,23.797034720120998,0.0,0.0,1.7564101659297824,0.0,0.0,0.875,-100.73735034760759,169.7908651259383,-1.3633394113419017,2.092642976928915,1,-120.921516991365,-76.74496819305,0.0,-44.176548798315,0.16666666666666666,old_window_cut,old_window,fixed pre-expansion clock observation,False,2020-02-01 00:00:00+00:00,2026-07-23 00:00:00+00:00,2026-09-23 04:00:00+00:00,,,,,,,,,
baseline_15_v9_both_4h20,15,v9_both,baseline,4h,20,0,0,0,0,0,,,,,,,,,,,,,,,,,,0,,,,,,old_window_cut,crossing_old_window_cut,fixed pre-expansion clock observation,False,2020-02-01 00:00:00+00:00,2026-07-23 00:00:00+00:00,2026-09-23 04:00:00+00:00,,,,,,,,,
baseline_15_v9_both_4h20,15,v9_both,baseline,4h,20,22,22,0,19,2,0.3181818181818182,23.99341107701082,-0.013941045088377579,7.0,-0.3067029919443067,43.993411077010826,-118.322604855836,0.0,0.0,0.9820991597734676,0.0,0.14285714285714285,0.5263157894736842,-89.54939147297668,162.2725628530443,-0.6727088462150975,0.7721787586748776,0,,,,,0.0,year,2020,fixed pre-expansion clock observation,False,2020-02-01 00:00:00+00:00,2026-07-23 00:00:00+00:00,2026-09-23 04:00:00+00:00,2020-01-01T00:00:00+08:00,2021-01-01T00:00:00+08:00,False,True,False,0.0,22.0,1.0,eventual exits may occur after entry period; incomplete current period is right-censored
baseline_15_v9_both_4h20,15,v9_both,baseline,4h,20,17,17,0,13,2,0.17647058823529413,-131.00978112212255,-0.34893992973543314,3.0,-5.9319788055023634,-111.00978112212253,-173.286970213882,1.0,0.0,0.6030578308118336,0.058823529411764705,0.0,0.4,-246.63460592118201,25.1359180758,-1.0574520331834736,0.7066302383826185,1,552.2583726651279,-119.59986425375101,0.0,671.858236918879,0.058823529411764705,year,2021,fixed pre-expansion clock observation,False,2020-02-01 00:00:00+00:00,2026-07-23 00:00:00+00:00,2026-09-23 04:00:00+00:00,2021-01-01T00:00:00+08:00,2022-01-01T00:00:00+08:00,True,True,True,0.0,17.0,1.0,eventual exits may occur after entry period; incomplete current period is right-censored
baseline_15_v9_both_4h20,15,v9_both,baseline,4h,20,15,15,0,12,2,0.26666666666666666,-39.67252322461768,-0.3050584782174146,4.0,-4.575877173261219,-19.67252322461766,-91.632974763943,0.0,0.0,0.6170729791948114,0.0,0.07142857142857142,0.4666666666666667,-176.53668101493386,93.43872230887118,-0.96830080441287,0.4544883166047127,5,-36.08420577527899,-188.66695936905938,0.0,152.58275359378038,0.3333333333333333,year,2022,fixed pre-expansion clock observation,False,2020-02-01 00:00:00+00:00,2026-07-23 00:00:00+00:00,2026-09-23 04:00:00+00:00,2022-01-01T00:00:00+08:00,2023-01-01T00:00:00+08:00,True,True,True,0.0,15.0,1.0,eventual exits may occur after entry period; incomplete current period is right-censored
baseline_15_v9_both_4h20,15,v9_both,baseline,4h,20,10,10,0,9,2,0.2,-67.50985169887,-0.9234346877847985,2.0,-9.234346877847985,-47.509851698869994,-76.55033002445549,0.0,0.0,0.1360237592846438,0.0,0.0,0.4166666666666667,-116.176668737211,-25.492168828481827,-1.289769628087959,-0.5308294608480778,2,-76.06385199019799,-63.9727060105305,0.0,-12.091145979667493,0.2,year,2023,fixed pre-expansion clock observation,False,2020-02-01 00:00:00+00:00,2026-07-23 00:00:00+00:00,2026-09-23 04:00:00+00:00,2023-01-01T00:00:00+08:00,2024-01-01T00:00:00+08:00,True,True,True,0.0,10.0,1.0,eventual exits may occur after entry period; incomplete current period is right-censored
baseline_15_v9_both_4h20,15,v9_both,baseline,4h,20,23,23,0,19,2,0.30434782608695654,19.64633779873988,0.1886646506971527,7.0,4.339286966034512,39.64633779873981,-82.38693683777099,1.0,0.0,1.293362511087396,0.043478260869565216,0.10526315789473684,0.5,-87.88664410631745,131.27336764063443,-0.5910622290321979,1.0665073612435665,6,145.16307714743036,189.99706753909297,0.6666666666666666,-44.833990391662674,0.2608695652173913,year,2024,fixed pre-expansion clock observation,False,2020-02-01 00:00:00+00:00,2026-07-23 00:00:00+00:00,2026-09-23 04:00:00+00:00,2024-01-01T00:00:00+08:00,2025-01-01T00:00:00+08:00,True,True,True,0.0,23.0,1.0,eventual exits may occur after entry period; incomplete current period is right-censored
baseline_15_v9_both_4h20,15,v9_both,baseline,4h,20,23,23,0,17,2,0.2608695652173913,12.579188141608308,-0.16527501241382295,6.0,-3.801325285517928,32.57918814160831,-100.37065052949899,1.0,0.0,0.7872176513627013,0.043478260869565216,0.08333333333333333,0.478804347826084,-95.7199549666693,145.57227443701555,-0.8155977114072822,0.7090313945523316,1,-86.661995461145,-73.620110700209,0.0,-13.041884760936007,0.043478260869565216,year,2025,fixed pre-expansion clock observation,False,2020-02-01 00:00:00+00:00,2026-07-23 00:00:00+00:00,2026-09-23 04:00:00+00:00,2025-01-01T00:00:00+08:00,2026-01-01T00:00:00+08:00,True,True,True,0.0,23.0,1.0,eventual exits may occur after entry period; incomplete current period is right-censored
baseline_15_v9_both_4h20,15,v9_both,baseline,4h,20,28,28,0,18,2,0.39285714285714285,33.89151465095482,0.1084399301137304,11.0,3.036318043184451,53.89151465095479,-58.78820268263949,1.0,0.0,1.172162832201952,0.03571428571428571,0.181737012987013,0.5925925925925926,-80.05257448309415,158.85787192921123,-0.6793116197293223,0.9412668809521317,4,-45.790541481348995,146.21321385741174,0.5,-192.00375533876073,0.14285714285714285,year,2026,fixed pre-expansion clock observation,False,2020-02-01 00:00:00+00:00,2026-07-23 00:00:00+00:00,2026-09-23 04:00:00+00:00,2026-01-01T00:00:00+08:00,2027-01-01T00:00:00+08:00,True,False,False,0.0,28.0,1.0,eventual exits may occur after entry period; incomplete current period is right-censored
baseline_15_v9_both_4h20,15,v9_both,baseline,4h,20,2,2,0,2,2,0.0,-108.2965823522895,-1.263856905849194,0.0,-2.527713811698388,-88.2965823522895,-108.2965823522895,0.0,0.0,0.0,0.0,0.0,0.0,-141.515910989594,-75.077253714985,-1.3631263116983878,-1.1645875,0,,,,,0.0,month,2020-02,fixed pre-expansion clock observation,False,2020-02-01 00:00:00+00:00,2026-07-23 00:00:00+00:00,2026-09-23 04:00:00+00:00,2020-02-01T00:00:00+08:00,2020-03-01T00:00:00+08:00,False,True,False,0.0,2.0,1.0,eventual exits may occur after entry period; incomplete current period is right-censored
baseline_15_v9_both_4h20,15,v9_both,baseline,4h,20,4,4,0,3,2,0.25,-83.3102986214405,-0.7130619992675529,1.0,-2.8522479970702115,-63.31029862144049,-123.48701839819049,0.0,0.0,0.18368227246073368,0.0,0.0,1.0,-162.95241534052,121.67954662544999,-1.1834594594594592,0.6417934782608671,0,,,,,0.0,month,2020-03,fixed pre-expansion clock observation,False,2020-02-01 00:00:00+00:00,2026-07-23 00:00:00+00:00,2026-09-23 04:00:00+00:00,2020-03-01T00:00:00+08:00,2020-04-01T00:00:00+08:00,True,True,True,0.0,4.0,1.0,eventual exits may occur after entry period; incomplete current period is right-censored
baseline_15_v9_both_4h20,15,v9_both,baseline,4h,20,2,2,0,2,2,0.0,-254.6600912911375,-1.099970414193377,0.0,-2.199940828386754,-234.6600912911375,-254.6600912911375,0.0,0.0,0.0,0.0,0.0,0.0,-344.76808683594,-164.552095746335,-1.1383584229390662,-1.061582405447688,0,,,,,0.0,month,2020-04,fixed pre-expansion clock observation,False,2020-02-01 00:00:00+00:00,2026-07-23 00:00:00+00:00,2026-09-23 04:00:00+00:00,2020-04-01T00:00:00+08:00,2020-05-01T00:00:00+08:00,True,True,True,0.0,2.0,1.0,eventual exits may occur after entry period; incomplete current period is right-censored
baseline_15_v9_both_4h20,15,v9_both,baseline,4h,20,3,3,0,3,2,0.6666666666666666,325.16624802424764,1.3528689429529581,2.0,4.058606828858874,345.1662480242477,492.185206403535,0.0,0.0,4.63972309052194,0.0,0.0,1.0,-193.782019085886,677.095556755094,-1.1150867052023086,2.71134875995188,0,,,,,0.0,month,2020-05,fixed pre-expansion clock observation,False,2020-02-01 00:00:00+00:00,2026-07-23 00:00:00+00:00,2026-09-23 04:00:00+00:00,2020-05-01T00:00:00+08:00,2020-06-01T00:00:00+08:00,True,True,True,0.0,3.0,1.0,eventual exits may occur after entry period; incomplete current period is right-censored
baseline_15_v9_both_4h20,15,v9_both,baseline,4h,20,0,0,0,0,0,,,,,,,,,,,,,,,,,,0,,,,,,month,2020-06,fixed pre-expansion clock observation,False,2020-02-01 00:00:00+00:00,2026-07-23 00:00:00+00:00,2026-09-23 04:00:00+00:00,2020-06-01T00:00:00+08:00,2020-07-01T00:00:00+08:00,True,True,True,0.0,0.0,,eventual exits may occur after entry period; incomplete current period is right-censored
baseline_15_v9_both_4h20,15,v9_both,baseline,4h,20,2,2,0,1,1,0.5,180.19568615299949,1.38350090260534,1.0,2.76700180521068,200.1956861529995,180.19568615299949,0.0,0.0,3.2102553782556975,0.0,,,,,,,0,,,,,0.0,month,2020-07,fixed pre-expansion clock observation,False,2020-02-01 00:00:00+00:00,2026-07-23 00:00:00+00:00,2026-09-23 04:00:00+00:00,2020-07-01T00:00:00+08:00,2020-08-01T00:00:00+08:00,True,True,True,1.0,1.0,0.5,eventual exits may occur after entry period; incomplete current period is right-censored
baseline_15_v9_both_4h20,15,v9_both,baseline,4h,20,2,2,0,2,2,0.5,25.9706089424145,0.149153162393166,1.0,0.298306324786332,45.9706089424145,25.9706089424145,0.0,0.0,1.264734384528806,0.0,0.0,1.0,-177.711697624889,229.652915509718,-1.1268136752136673,1.4251199999999993,0,,,,,0.0,month,2020-08,fixed pre-expansion clock observation,False,2020-02-01 00:00:00+00:00,2026-07-23 00:00:00+00:00,2026-09-23 04:00:00+00:00,2020-08-01T00:00:00+08:00,2020-09-01T00:00:00+08:00,True,True,True,0.0,2.0,1.0,eventual exits may occur after entry period; incomplete current period is right-censored
baseline_15_v9_both_4h20,15,v9_both,baseline,4h,20,2,2,0,2,2,0.5,39.796492797278,0.006594767511139299,1.0,0.013189535022278598,59.796492797278,39.796492797278,0.0,0.0,1.0099215450450605,0.0,0.0,1.0,-80.719556144457,160.312541739013,-1.3293831719128328,1.3425727069351114,0,,,,,0.0,month,2020-09,fixed pre-expansion clock observation,False,2020-02-01 00:00:00+00:00,2026-07-23 00:00:00+00:00,2026-09-23 04:00:00+00:00,2020-09-01T00:00:00+08:00,2020-10-01T00:00:00+08:00,True,True,True,0.0,2.0,1.0,eventual exits may occur after entry period; incomplete current period is right-censored
baseline_15_v9_both_4h20,15,v9_both,baseline,4h,20,2,2,0,2,2,0.0,-124.72119569291951,-0.9190132587450928,0.0,-1.8380265174901855,-104.72119569291951,-124.72119569291951,0.0,0.0,0.0,0.0,0.0,0.0,-130.755308040376,-118.68708334546301,-1.2026607669616405,-0.635365750528545,0,,,,,0.0,month,2020-10,fixed pre-expansion clock observation,False,2020-02-01 00:00:00+00:00,2026-07-23 00:00:00+00:00,2026-09-23 04:00:00+00:00,2020-10-01T00:00:00+08:00,2020-11-01T00:00:00+08:00,True,True,True,0.0,2.0,1.0,eventual exits may occur after entry period; incomplete current period is right-censored
baseline_15_v9_both_4h20,15,v9_both,baseline,4h,20,2,2,0,1,2,0.0,-202.09802999798302,-1.1252712890004442,0.0,-2.2505425780008883,-182.098029997983,-202.09802999798302,0.0,0.0,0.0,0.0,,,,,,,0,,,,,0.0,month,2020-11,fixed pre-expansion clock observation,False,2020-02-01 00:00:00+00:00,2026-07-23 00:00:00+00:00,2026-09-23 04:00:00+00:00,2020-11-01T00:00:00+08:00,2020-12-01T00:00:00+08:00,True,True,True,0.0,2.0,1.0,eventual exits may occur after entry period; incomplete current period is right-censored
baseline_15_v9_both_4h20,15,v9_both,baseline,4h,20,1,1,0,1,1,1.0,773.223716990532,4.2246642468239575,1.0,4.2246642468239575,793.223716990532,773.223716990532,0.0,0.0,,0.0,,,,,,,0,,,,,0.0,month,2020-12,fixed pre-expansion clock observation,False,2020-02-01 00:00:00+00:00,2026-07-23 00:00:00+00:00,2026-09-23 04:00:00+00:00,2020-12-01T00:00:00+08:00,2021-01-01T00:00:00+08:00,True,True,True,0.0,1.0,1.0,eventual exits may occur after entry period; incomplete current period is right-censored
baseline_15_v9_both_4h20,15,v9_both,baseline,4h,20,3,3,0,2,2,0.0,-389.152686183707,-1.065172985272028,0.0,-3.195518955816084,-369.15268618370703,-440.691238351521,0.0,0.0,0.0,0.0,0.0,0.0,-521.788386291439,-322.834836129841,-1.07783075840557,-1.0398574390049442,0,,,,,0.0,month,2021-01,fixed pre-expansion clock observation,False,2020-02-01 00:00:00+00:00,2026-07-23 00:00:00+00:00,2026-09-23 04:00:00+00:00,2021-01-01T00:00:00+08:00,2021-02-01T00:00:00+08:00,True,True,True,0.0,3.0,1.0,eventual exits may occur after entry period; incomplete current period is right-censored
baseline_15_v9_both_4h20,15,v9_both,baseline,4h,20,4,4,0,3,2,0.25,-50.403047581039004,0.02010519668929439,1.0,0.08042078675717756,-30.40304758103899,-209.632853082998,0.0,0.0,1.0244238283814355,0.0,0.0,1.0,-268.6006685394965,508.8761169687189,-1.1304742338640683,3.3731390904242904,0,,,,,0.0,month,2021-02,fixed pre-expansion clock observation,False,2020-02-01 00:00:00+00:00,2026-07-23 00:00:00+00:00,2026-09-23 04:00:00+00:00,2021-02-01T00:00:00+08:00,2021-03-01T00:00:00+08:00,True,True,True,0.0,4.0,1.0,eventual exits may occur after entry period; incomplete current period is right-censored
baseline_15_v9_both_4h20,15,v9_both,baseline,4h,20,3,3,0,2,2,0.0,-194.53694867028034,-1.122136325172758,0.0,-3.366408975518274,-174.53694867028034,-163.767583468474,0.0,0.0,0.0,0.0,0.0,0.0,-209.92163127118351,-163.767583468474,-1.139113418459763,-1.1136477785292556,0,,,,,0.0,month,2021-03,fixed pre-expansion clock observation,False,2020-02-01 00:00:00+00:00,2026-07-23 00:00:00+00:00,2026-09-23 04:00:00+00:00,2021-03-01T00:00:00+08:00,2021-04-01T00:00:00+08:00,True,True,True,0.0,3.0,1.0,eventual exits may occur after entry period; incomplete current period is right-censored
baseline_15_v9_both_4h20,15,v9_both,baseline,4h,20,3,3,0,2,2,0.3333333333333333,-78.374110221501,-0.5193954049666804,1.0,-1.5581862149000412,-58.37411022150099,-103.906680109138,0.0,0.0,0.10531927462010657,0.0,0.0,1.0,-130.84455539384402,26.566780123184998,-0.8708057358888639,0.1834252568776865,0,,,,,0.0,month,2021-04,fixed pre-expansion clock observation,False,2020-02-01 00:00:00+00:00,2026-07-23 00:00:00+00:00,2026-09-23 04:00:00+00:00,2021-04-01T00:00:00+08:00,2021-05-01T00:00:00+08:00,True,True,True,0.0,3.0,1.0,eventual exits may occur after entry period; incomplete current period is right-censored
baseline_15_v9_both_4h20,15,v9_both,baseline,4h,20,2,2,0,2,2,0.0,-187.68014296150702,-1.1230130819534614,0.0,-2.246026163906923,-167.680142961507,-187.68014296150702,0.0,0.0,0.0,0.0,0.0,0.0,-216.911393000432,-158.44889292258202,-1.1444576376004956,-1.1015685263064272,0,,,,,0.0,month,2021-05,fixed pre-expansion clock observation,False,2020-02-01 00:00:00+00:00,2026-07-23 00:00:00+00:00,2026-09-23 04:00:00+00:00,2021-05-01T00:00:00+08:00,2021-06-01T00:00:00+08:00,True,True,True,0.0,2.0,1.0,eventual exits may occur after entry period; incomplete current period is right-censored
baseline_15_v9_both_4h20,15,v9_both,baseline,4h,20,0,0,0,0,0,,,,,,,,,,,,,,,,,,0,,,,,,month,2021-06,fixed pre-expansion clock observation,False,2020-02-01 00:00:00+00:00,2026-07-23 00:00:00+00:00,2026-09-23 04:00:00+00:00,2021-06-01T00:00:00+08:00,2021-07-01T00:00:00+08:00,True,True,True,0.0,0.0,,eventual exits may occur after entry period; incomplete current period is right-censored
baseline_15_v9_both_4h20,15,v9_both,baseline,4h,20,0,0,0,0,0,,,,,,,,,,,,,,,,,,0,,,,,,month,2021-07,fixed pre-expansion clock observation,False,2020-02-01 00:00:00+00:00,2026-07-23 00:00:00+00:00,2026-09-23 04:00:00+00:00,2021-07-01T00:00:00+08:00,2021-08-01T00:00:00+08:00,True,True,True,0.0,0.0,,eventual exits may occur after entry period; incomplete current period is right-censored
baseline_15_v9_both_4h20,15,v9_both,baseline,4h,20,0,0,0,0,0,,,,,,,,,,,,,,,,,,0,,,,,,month,2021-08,fixed pre-expansion clock observation,False,2020-02-01 00:00:00+00:00,2026-07-23 00:00:00+00:00,2026-09-23 04:00:00+00:00,2021-08-01T00:00:00+08:00,2021-09-01T00:00:00+08:00,True,True,True,0.0,0.0,,eventual exits may occur after entry period; incomplete current period is right-censored
baseline_15_v9_both_4h20,15,v9_both,baseline,4h,20,0,0,0,0,0,,,,,,,,,,,,,,,,,,0,,,,,,month,2021-09,fixed pre-expansion clock observation,False,2020-02-01 00:00:00+00:00,2026-07-23 00:00:00+00:00,2026-09-23 04:00:00+00:00,2021-09-01T00:00:00+08:00,2021-10-01T00:00:00+08:00,True,True,True,0.0,0.0,,eventual exits may occur after entry period; incomplete current period is right-censored
baseline_15_v9_both_4h20,15,v9_both,baseline,4h,20,2,2,0,2,1,0.5,167.99871619877595,2.1768703589408913,1.0,4.353740717881783,187.998716198776,167.99871619877595,1.0,0.0,4.951102986584124,0.5,0.0,1.0,-216.26094026757602,552.2583726651279,-1.1019051471613888,5.455645865043171,1,552.2583726651279,-119.59986425375101,0.0,671.858236918879,0.5,month,2021-10,fixed pre-expansion clock observation,False,2020-02-01 00:00:00+00:00,2026-07-23 00:00:00+00:00,2026-09-23 04:00:00+00:00,2021-10-01T00:00:00+08:00,2021-11-01T00:00:00+08:00,True,True,True,0.0,2.0,1.0,eventual exits may occur after entry period; incomplete current period is right-censored
baseline_15_v9_both_4h20,15,v9_both,baseline,4h,20,0,0,0,0,0,,,,,,,,,,,,,,,,,,0,,,,,,month,2021-11,fixed pre-expansion clock observation,False,2020-02-01 00:00:00+00:00,2026-07-23 00:00:00+00:00,2026-09-23 04:00:00+00:00,2021-11-01T00:00:00+08:00,2021-12-01T00:00:00+08:00,True,True,True,0.0,0.0,,eventual exits may occur after entry period; incomplete current period is right-censored
baseline_15_v9_both_4h20,15,v9_both,baseline,4h,20,0,0,0,0,0,,,,,,,,,,,,,,,,,,0,,,,,,month,2021-12,fixed pre-expansion clock observation,False,2020-02-01 00:00:00+00:00,2026-07-23 00:00:00+00:00,2026-09-23 04:00:00+00:00,2021-12-01T00:00:00+08:00,2022-01-01T00:00:00+08:00,True,True,True,0.0,0.0,,eventual exits may occur after entry period; incomplete current period is right-censored
baseline_15_v9_both_4h20,15,v9_both,baseline,4h,20,1,1,0,1,1,0.0,-91.632974763943,-1.2792010253086248,0.0,-1.2792010253086248,-71.632974763943,-91.632974763943,0.0,0.0,0.0,0.0,,,,,,,1,-91.632974763943,-97.54809449270701,0.0,5.915119728764004,1.0,month,2022-01,fixed pre-expansion clock observation,False,2020-02-01 00:00:00+00:00,2026-07-23 00:00:00+00:00,2026-09-23 04:00:00+00:00,2022-01-01T00:00:00+08:00,2022-02-01T00:00:00+08:00,True,True,True,0.0,1.0,1.0,eventual exits may occur after entry period; incomplete current period is right-censored
baseline_15_v9_both_4h20,15,v9_both,baseline,4h,20,2,2,0,1,2,0.5,307.843882286875,0.995370407970742,1.0,1.990740815941484,327.84388228687504,307.843882286875,0.0,0.0,2.721319560965264,0.0,,,,,,,1,763.466811636479,-136.01901544366402,0.0,899.4858270801429,0.5,month,2022-02,fixed pre-expansion clock observation,False,2020-02-01 00:00:00+00:00,2026-07-23 00:00:00+00:00,2026-09-23 04:00:00+00:00,2022-02-01T00:00:00+08:00,2022-03-01T00:00:00+08:00,True,True,True,0.0,2.0,1.0,eventual exits may occur after entry period; incomplete current period is right-censored
baseline_15_v9_both_4h20,15,v9_both,baseline,4h,20,0,0,0,0,0,,,,,,,,,,,,,,,,,,0,,,,,,month,2022-03,fixed pre-expansion clock observation,False,2020-02-01 00:00:00+00:00,2026-07-23 00:00:00+00:00,2026-09-23 04:00:00+00:00,2022-03-01T00:00:00+08:00,2022-04-01T00:00:00+08:00,True,True,True,0.0,0.0,,eventual exits may occur after entry period; incomplete current period is right-censored
baseline_15_v9_both_4h20,15,v9_both,baseline,4h,20,1,1,0,1,1,0.0,-65.90997310424301,-1.4356351931330489,0.0,-1.4356351931330489,-45.909973104243,-65.90997310424301,0.0,0.0,0.0,0.0,,,,,,,0,,,,,0.0,month,2022-04,fixed pre-expansion clock observation,False,2020-02-01 00:00:00+00:00,2026-07-23 00:00:00+00:00,2026-09-23 04:00:00+00:00,2022-04-01T00:00:00+08:00,2022-05-01T00:00:00+08:00,True,True,True,0.0,1.0,1.0,eventual exits may occur after entry period; incomplete current period is right-censored
baseline_15_v9_both_4h20,15,v9_both,baseline,4h,20,0,0,0,0,0,,,,,,,,,,,,,,,,,,0,,,,,,month,2022-05,fixed pre-expansion clock observation,False,2020-02-01 00:00:00+00:00,2026-07-23 00:00:00+00:00,2026-09-23 04:00:00+00:00,2022-05-01T00:00:00+08:00,2022-06-01T00:00:00+08:00,True,True,True,0.0,0.0,,eventual exits may occur after entry period; incomplete current period is right-censored
baseline_15_v9_both_4h20,15,v9_both,baseline,4h,20,2,2,0,1,2,0.0,-366.02997265859904,-1.05845253367808,0.0,-2.11690506735616,-346.029972658599,-366.02997265859904,0.0,0.0,0.0,0.0,,,,,,,2,-366.02997265859904,-245.52353195397748,0.0,-120.5064407046215,1.0,month,2022-06,fixed pre-expansion clock observation,False,2020-02-01 00:00:00+00:00,2026-07-23 00:00:00+00:00,2026-09-23 04:00:00+00:00,2022-06-01T00:00:00+08:00,2022-07-01T00:00:00+08:00,True,True,True,0.0,2.0,1.0,eventual exits may occur after entry period; incomplete current period is right-censored
baseline_15_v9_both_4h20,15,v9_both,baseline,4h,20,2,2,0,2,1,0.5,-76.24491876061951,-0.47478452377202124,1.0,-0.9495690475440425,-56.2449187606195,-76.24491876061951,0.0,0.0,0.07226012596272854,0.0,0.0,1.0,-159.09805544062903,6.6082179193899995,-1.0235294117647185,0.073960364220676,0,,,,,0.0,month,2022-07,fixed pre-expansion clock observation,False,2020-02-01 00:00:00+00:00,2026-07-23 00:00:00+00:00,2026-09-23 04:00:00+00:00,2022-07-01T00:00:00+08:00,2022-08-01T00:00:00+08:00,True,True,True,0.0,2.0,1.0,eventual exits may occur after entry period; incomplete current period is right-censored
baseline_15_v9_both_4h20,15,v9_both,baseline,4h,20,2,2,0,1,1,0.5,7.1691470796855015,-0.17111819837188808,1.0,-0.34223639674377615,27.16914707968549,7.1691470796855015,0.0,0.0,0.6783024978164838,0.0,,,,,,,0,,,,,0.0,month,2022-08,fixed pre-expansion clock observation,False,2020-02-01 00:00:00+00:00,2026-07-23 00:00:00+00:00,2026-09-23 04:00:00+00:00,2022-08-01T00:00:00+08:00,2022-09-01T00:00:00+08:00,True,True,True,0.0,2.0,1.0,eventual exits may occur after entry period; incomplete current period is right-censored
baseline_15_v9_both_4h20,15,v9_both,baseline,4h,20,3,3,0,3,2,0.3333333333333333,34.15936799423533,0.4593696497819956,1.0,1.3781089493459868,54.15936799423534,-86.643686085257,0.0,0.0,1.6712919213786996,0.0,0.0,1.0,-120.194920431733,309.316710499696,-1.300103448275863,3.431029453015428,1,-120.194920431733,-218.72062300097102,0.0,98.52570256923802,0.3333333333333333,month,2022-09,fixed pre-expansion clock observation,False,2020-02-01 00:00:00+00:00,2026-07-23 00:00:00+00:00,2026-09-23 04:00:00+00:00,2022-09-01T00:00:00+08:00,2022-10-01T00:00:00+08:00,True,True,True,0.0,3.0,1.0,eventual exits may occur after entry period; incomplete current period is right-censored
baseline_15_v9_both_4h20,15,v9_both,baseline,4h,20,2,2,0,2,2,0.0,-142.74964018923453,-0.9105901042315184,0.0,-1.8211802084630369,-122.74964018923448,-142.74964018923453,0.0,0.0,0.0,0.0,0.0,0.0,-201.33292469575602,-84.166355682713,-1.311689822294027,-0.5094903861690099,0,,,,,0.0,month,2022-10,fixed pre-expansion clock observation,False,2020-02-01 00:00:00+00:00,2026-07-23 00:00:00+00:00,2026-09-23 04:00:00+00:00,2022-10-01T00:00:00+08:00,2022-11-01T00:00:00+08:00,True,True,True,1.0,1.0,0.5,eventual exits may occur after entry period; incomplete current period is right-censored
baseline_15_v9_both_4h20,15,v9_both,baseline,4h,20,0,0,0,0,0,,,,,,,,,,,,,,,,,,0,,,,,,month,2022-11,fixed pre-expansion clock observation,False,2020-02-01 00:00:00+00:00,2026-07-23 00:00:00+00:00,2026-09-23 04:00:00+00:00,2022-11-01T00:00:00+08:00,2022-12-01T00:00:00+08:00,True,True,True,0.0,0.0,,eventual exits may occur after entry period; incomplete current period is right-censored
baseline_15_v9_both_4h20,15,v9_both,baseline,4h,20,0,0,0,0,0,,,,,,,,,,,,,,,,,,0,,,,,,month,2022-12,fixed pre-expansion clock observation,False,2020-02-01 00:00:00+00:00,2026-07-23 00:00:00+00:00,2026-09-23 04:00:00+00:00,2022-12-01T00:00:00+08:00,2023-01-01T00:00:00+08:00,True,True,True,0.0,0.0,,eventual exits may occur after entry period; incomplete current period is right-censored
baseline_15_v9_both_4h20,15,v9_both,baseline,4h,20,2,2,0,2,1,0.0,-132.371751578026,-1.241503769741187,0.0,-2.483007539482374,-112.37175157802601,-132.371751578026,0.0,0.0,0.0,0.0,0.0,0.0,-190.003397551246,-74.740105604806,-1.3653628318583926,-1.1176447076239813,0,,,,,0.0,month,2023-01,fixed pre-expansion clock observation,False,2020-02-01 00:00:00+00:00,2026-07-23 00:00:00+00:00,2026-09-23 04:00:00+00:00,2023-01-01T00:00:00+08:00,2023-02-01T00:00:00+08:00,True,True,True,0.0,2.0,1.0,eventual exits may occur after entry period; incomplete current period is right-censored
baseline_15_v9_both_4h20,15,v9_both,baseline,4h,20,0,0,0,0,0,,,,,,,,,,,,,,,,,,0,,,,,,month,2023-02,fixed pre-expansion clock observation,False,2020-02-01 00:00:00+00:00,2026-07-23 00:00:00+00:00,2026-09-23 04:00:00+00:00,2023-02-01T00:00:00+08:00,2023-03-01T00:00:00+08:00,True,True,True,0.0,0.0,,eventual exits may occur after entry period; incomplete current period is right-censored
baseline_15_v9_both_4h20,15,v9_both,baseline,4h,20,0,0,0,0,0,,,,,,,,,,,,,,,,,,0,,,,,,month,2023-03,fixed pre-expansion clock observation,False,2020-02-01 00:00:00+00:00,2026-07-23 00:00:00+00:00,2026-09-23 04:00:00+00:00,2023-03-01T00:00:00+08:00,2023-04-01T00:00:00+08:00,True,True,True,0.0,0.0,,eventual exits may occur after entry period; incomplete current period is right-censored
baseline_15_v9_both_4h20,15,v9_both,baseline,4h,20,1,1,0,1,1,0.0,-109.187634042998,-1.2242463343108572,0.0,-1.2242463343108572,-89.187634042998,-109.187634042998,0.0,0.0,0.0,0.0,,,,,,,0,,,,,0.0,month,2023-04,fixed pre-expansion clock observation,False,2020-02-01 00:00:00+00:00,2026-07-23 00:00:00+00:00,2026-09-23 04:00:00+00:00,2023-04-01T00:00:00+08:00,2023-05-01T00:00:00+08:00,True,True,True,0.0,1.0,1.0,eventual exits may occur after entry period; incomplete current period is right-censored
baseline_15_v9_both_4h20,15,v9_both,baseline,4h,20,1,1,0,1,1,1.0,5.182764255611,0.0682910244786851,1.0,0.0682910244786851,25.182764255611,5.182764255611,0.0,0.0,,0.0,,,,,,,0,,,,,0.0,month,2023-05,fixed pre-expansion clock observation,False,2020-02-01 00:00:00+00:00,2026-07-23 00:00:00+00:00,2026-09-23 04:00:00+00:00,2023-05-01T00:00:00+08:00,2023-06-01T00:00:00+08:00,True,True,True,0.0,1.0,1.0,eventual exits may occur after entry period; incomplete current period is right-censored
baseline_15_v9_both_4h20,15,v9_both,baseline,4h,20,2,2,0,2,1,0.0,-83.250579573603,-1.318103987067471,0.0,-2.636207974134942,-63.250579573603005,-83.250579573603,0.0,0.0,0.0,0.0,0.0,0.0,-88.140604703101,-78.36055444410499,-1.3426972240154873,-1.2935107501194545,1,-78.36055444410499,-61.066092673457,0.0,-17.294461770647995,0.5,month,2023-06,fixed pre-expansion clock observation,False,2020-02-01 00:00:00+00:00,2026-07-23 00:00:00+00:00,2026-09-23 04:00:00+00:00,2023-06-01T00:00:00+08:00,2023-07-01T00:00:00+08:00,True,True,True,0.0,2.0,1.0,eventual exits may occur after entry period; incomplete current period is right-censored
baseline_15_v9_both_4h20,15,v9_both,baseline,4h,20,0,0,0,0,0,,,,,,,,,,,,,,,,,,0,,,,,,month,2023-07,fixed pre-expansion clock observation,False,2020-02-01 00:00:00+00:00,2026-07-23 00:00:00+00:00,2026-09-23 04:00:00+00:00,2023-07-01T00:00:00+08:00,2023-08-01T00:00:00+08:00,True,True,True,0.0,0.0,,eventual exits may occur after entry period; incomplete current period is right-censored
baseline_15_v9_both_4h20,15,v9_both,baseline,4h,20,1,1,0,1,1,0.0,-73.767149536291,-1.3719743406984988,0.0,-1.3719743406984988,-53.767149536290994,-73.767149536291,0.0,0.0,0.0,0.0,,,,,,,1,-73.767149536291,-66.87931934760401,0.0,-6.887830188686992,1.0,month,2023-08,fixed pre-expansion clock observation,False,2020-02-01 00:00:00+00:00,2026-07-23 00:00:00+00:00,2026-09-23 04:00:00+00:00,2023-08-01T00:00:00+08:00,2023-09-01T00:00:00+08:00,True,True,True,0.0,1.0,1.0,eventual exits may occur after entry period; incomplete current period is right-censored
baseline_15_v9_both_4h20,15,v9_both,baseline,4h,20,2,2,0,1,1,0.5,26.337905696900503,-0.1923428750275833,1.0,-0.3846857500551666,46.3379056969005,26.337905696900503,0.0,0.0,0.782693281545651,0.0,,,,,,,0,,,,,0.0,month,2023-09,fixed pre-expansion clock observation,False,2020-02-01 00:00:00+00:00,2026-07-23 00:00:00+00:00,2026-09-23 04:00:00+00:00,2023-09-01T00:00:00+08:00,2023-10-01T00:00:00+08:00,True,True,True,0.0,2.0,1.0,eventual exits may occur after entry period; incomplete current period is right-censored
baseline_15_v9_both_4h20,15,v9_both,baseline,4h,20,0,0,0,0,0,,,,,,,,,,,,,,,,,,0,,,,,,month,2023-10,fixed pre-expansion clock observation,False,2020-02-01 00:00:00+00:00,2026-07-23 00:00:00+00:00,2026-09-23 04:00:00+00:00,2023-10-01T00:00:00+08:00,2023-11-01T00:00:00+08:00,True,True,True,0.0,0.0,,eventual exits may occur after entry period; incomplete current period is right-censored
baseline_15_v9_both_4h20,15,v9_both,baseline,4h,20,0,0,0,0,0,,,,,,,,,,,,,,,,,,0,,,,,,month,2023-11,fixed pre-expansion clock observation,False,2020-02-01 00:00:00+00:00,2026-07-23 00:00:00+00:00,2026-09-23 04:00:00+00:00,2023-11-01T00:00:00+08:00,2023-12-01T00:00:00+08:00,True,True,True,0.0,0.0,,eventual exits may occur after entry period; incomplete current period is right-censored
baseline_15_v9_both_4h20,15,v9_both,baseline,4h,20,1,1,0,1,1,0.0,-118.757646755565,-1.2025159636448313,0.0,-1.2025159636448313,-98.757646755565,-118.757646755565,0.0,0.0,0.0,0.0,,,,,,,0,,,,,0.0,month,2023-12,fixed pre-expansion clock observation,False,2020-02-01 00:00:00+00:00,2026-07-23 00:00:00+00:00,2026-09-23 04:00:00+00:00,2023-12-01T00:00:00+08:00,2024-01-01T00:00:00+08:00,True,True,True,0.0,1.0,1.0,eventual exits may occur after entry period; incomplete current period is right-censored
baseline_15_v9_both_4h20,15,v9_both,baseline,4h,20,2,2,0,2,2,0.0,-104.524012495513,-1.2371224203009206,0.0,-2.474244840601841,-84.52401249551299,-104.524012495513,0.0,0.0,0.0,0.0,0.0,0.0,-108.417998647252,-100.63002634377399,-1.2480465517241444,-1.2261982888776966,0,,,,,0.0,month,2024-01,fixed pre-expansion clock observation,False,2020-02-01 00:00:00+00:00,2026-07-23 00:00:00+00:00,2026-09-23 04:00:00+00:00,2024-01-01T00:00:00+08:00,2024-02-01T00:00:00+08:00,True,True,True,0.0,2.0,1.0,eventual exits may occur after entry period; incomplete current period is right-censored
baseline_15_v9_both_4h20,15,v9_both,baseline,4h,20,3,3,0,2,1,0.3333333333333333,238.64618861973304,2.3836819374574674,1.0,7.151045812372402,258.646188619733,-68.39143465801901,1.0,0.0,5.260880843677681,0.3333333333333333,0.0,1.0,-75.389185747895,866.7169373549891,-0.8391511139044365,8.829348040181275,0,,,,,0.0,month,2024-02,fixed pre-expansion clock observation,False,2020-02-01 00:00:00+00:00,2026-07-23 00:00:00+00:00,2026-09-23 04:00:00+00:00,2024-02-01T00:00:00+08:00,2024-03-01T00:00:00+08:00,True,True,True,0.0,3.0,1.0,eventual exits may occur after entry period; incomplete current period is right-censored
baseline_15_v9_both_4h20,15,v9_both,baseline,4h,20,1,1,0,1,1,0.0,-79.437191948785,-1.336489651416108,0.0,-1.336489651416108,-59.437191948785,-79.437191948785,0.0,0.0,0.0,0.0,,,,,,,0,,,,,0.0,month,2024-03,fixed pre-expansion clock observation,False,2020-02-01 00:00:00+00:00,2026-07-23 00:00:00+00:00,2026-09-23 04:00:00+00:00,2024-03-01T00:00:00+08:00,2024-04-01T00:00:00+08:00,True,True,True,0.0,1.0,1.0,eventual exits may occur after entry period; incomplete current period is right-censored
baseline_15_v9_both_4h20,15,v9_both,baseline,4h,20,4,4,0,3,2,0.75,147.82335099880325,1.4216239018650152,3.0,5.686495607460061,167.82335099880325,139.9850976563335,0.0,0.0,6.319676532291943,0.0,0.0,1.0,-310.0436150903,621.366823772846,-1.0689551466036369,4.2129929851909385,2,339.3673171365815,533.351884716325,1.0,-193.98456757974353,0.5,month,2024-04,fixed pre-expansion clock observation,False,2020-02-01 00:00:00+00:00,2026-07-23 00:00:00+00:00,2026-09-23 04:00:00+00:00,2024-04-01T00:00:00+08:00,2024-05-01T00:00:00+08:00,True,True,True,0.0,4.0,1.0,eventual exits may occur after entry period; incomplete current period is right-censored
baseline_15_v9_both_4h20,15,v9_both,baseline,4h,20,2,2,0,2,2,0.5,85.86186501031399,0.15193015456602832,1.0,0.30386030913205664,105.86186501031399,85.86186501031399,0.0,0.0,1.2726615541461788,0.0,0.0,1.0,-194.790022402888,366.513752423516,-1.1144230072463817,1.4182833163784383,1,366.513752423516,26.606809580367,1.0,339.906942843149,0.5,month,2024-05,fixed pre-expansion clock observation,False,2020-02-01 00:00:00+00:00,2026-07-23 00:00:00+00:00,2026-09-23 04:00:00+00:00,2024-05-01T00:00:00+08:00,2024-06-01T00:00:00+08:00,True,True,True,0.0,2.0,1.0,eventual exits may occur after entry period; incomplete current period is right-censored
baseline_15_v9_both_4h20,15,v9_both,baseline,4h,20,1,1,0,1,1,0.0,-131.373044010913,-0.5756038108516288,0.0,-0.5756038108516288,-111.37304401091299,-131.373044010913,0.0,0.0,0.0,0.0,,,,,,,1,-131.373044010913,227.808655940568,1.0,-359.18169995148105,1.0,month,2024-06,fixed pre-expansion clock observation,False,2020-02-01 00:00:00+00:00,2026-07-23 00:00:00+00:00,2026-09-23 04:00:00+00:00,2024-06-01T00:00:00+08:00,2024-07-01T00:00:00+08:00,True,True,True,0.0,1.0,1.0,eventual exits may occur after entry period; incomplete current period is right-censored
baseline_15_v9_both_4h20,15,v9_both,baseline,4h,20,2,2,0,2,2,0.0,-71.33091741918051,-0.3273498617001451,0.0,-0.6546997234002901,-51.3309174191805,-71.33091741918051,0.0,0.0,0.0,0.0,0.0,0.0,-84.405147714996,-58.256687123365,-0.3926948921059785,-0.2620048312943116,1,-84.405147714996,-86.211584097499,0.0,1.8064363825029925,0.5,month,2024-07,fixed pre-expansion clock observation,False,2020-02-01 00:00:00+00:00,2026-07-23 00:00:00+00:00,2026-09-23 04:00:00+00:00,2024-07-01T00:00:00+08:00,2024-08-01T00:00:00+08:00,True,True,True,0.0,2.0,1.0,eventual exits may occur after entry period; incomplete current period is right-censored
baseline_15_v9_both_4h20,15,v9_both,baseline,4h,20,1,1,0,1,1,0.0,-91.256726933358,-1.2806752549651164,0.0,-1.2806752549651164,-71.256726933358,-91.256726933358,0.0,0.0,0.0,0.0,,,,,,,0,,,,,0.0,month,2024-08,fixed pre-expansion clock observation,False,2020-02-01 00:00:00+00:00,2026-07-23 00:00:00+00:00,2026-09-23 04:00:00+00:00,2024-08-01T00:00:00+08:00,2024-09-01T00:00:00+08:00,True,True,True,0.0,1.0,1.0,eventual exits may occur after entry period; incomplete current period is right-censored
baseline_15_v9_both_4h20,15,v9_both,baseline,4h,20,1,1,0,1,1,1.0,41.508267913812,0.1855244494214221,1.0,0.1855244494214221,61.508267913812,41.508267913812,0.0,0.0,,0.0,,,,,,,1,41.508267913812,-94.925245621528,0.0,136.43351353534,1.0,month,2024-09,fixed pre-expansion clock observation,False,2020-02-01 00:00:00+00:00,2026-07-23 00:00:00+00:00,2026-09-23 04:00:00+00:00,2024-09-01T00:00:00+08:00,2024-10-01T00:00:00+08:00,True,True,True,0.0,1.0,1.0,eventual exits may occur after entry period; incomplete current period is right-censored
baseline_15_v9_both_4h20,15,v9_both,baseline,4h,20,0,0,0,0,0,,,,,,,,,,,,,,,,,,0,,,,,,month,2024-10,fixed pre-expansion clock observation,False,2020-02-01 00:00:00+00:00,2026-07-23 00:00:00+00:00,2026-09-23 04:00:00+00:00,2024-10-01T00:00:00+08:00,2024-11-01T00:00:00+08:00,True,True,True,0.0,0.0,,eventual exits may occur after entry period; incomplete current period is right-censored
baseline_15_v9_both_4h20,15,v9_both,baseline,4h,20,3,3,0,3,1,0.3333333333333333,-46.50243300143433,-0.1057278717193199,1.0,-0.3171836151579597,-26.502433001434323,-144.035698078959,0.0,0.0,0.8596170201816602,0.0,0.0,1.0,-223.722921260864,228.25132033552003,-1.161243902439026,1.9422328437917333,0,,,,,0.0,month,2024-11,fixed pre-expansion clock observation,False,2020-02-01 00:00:00+00:00,2026-07-23 00:00:00+00:00,2026-09-23 04:00:00+00:00,2024-11-01T00:00:00+08:00,2024-12-01T00:00:00+08:00,True,True,True,0.0,3.0,1.0,eventual exits may occur after entry period; incomplete current period is right-censored
baseline_15_v9_both_4h20,15,v9_both,baseline,4h,20,3,3,0,2,2,0.0,-91.77135889702966,-0.7829141053194953,0.0,-2.348742315958486,-71.77135889703,-116.538747156055,0.0,0.0,0.0,0.0,0.0,0.0,-130.84202984367198,-13.630017003745,-1.0409744762296178,-0.2667933634992506,0,,,,,0.0,month,2024-12,fixed pre-expansion clock observation,False,2020-02-01 00:00:00+00:00,2026-07-23 00:00:00+00:00,2026-09-23 04:00:00+00:00,2024-12-01T00:00:00+08:00,2025-01-01T00:00:00+08:00,True,True,True,0.0,3.0,1.0,eventual exits may occur after entry period; incomplete current period is right-censored
baseline_15_v9_both_4h20,15,v9_both,baseline,4h,20,1,1,0,1,1,1.0,92.26407336454001,0.8078223999999938,1.0,0.8078223999999938,112.26407336454001,92.26407336454001,0.0,0.0,,0.0,,,,,,,0,,,,,0.0,month,2025-01,fixed pre-expansion clock observation,False,2020-02-01 00:00:00+00:00,2026-07-23 00:00:00+00:00,2026-09-23 04:00:00+00:00,2025-01-01T00:00:00+08:00,2025-02-01T00:00:00+08:00,True,True,True,0.0,1.0,1.0,eventual exits may occur after entry period; incomplete current period is right-censored
baseline_15_v9_both_4h20,15,v9_both,baseline,4h,20,1,1,0,1,1,0.0,-203.86776167808802,-1.1087738264580391,0.0,-1.1087738264580391,-183.867761678088,-203.86776167808802,0.0,0.0,0.0,0.0,,,,,,,0,,,,,0.0,month,2025-02,fixed pre-expansion clock observation,False,2020-02-01 00:00:00+00:00,2026-07-23 00:00:00+00:00,2026-09-23 04:00:00+00:00,2025-02-01T00:00:00+08:00,2025-03-01T00:00:00+08:00,True,True,True,0.0,1.0,1.0,eventual exits may occur after entry period; incomplete current period is right-censored
baseline_15_v9_both_4h20,15,v9_both,baseline,4h,20,1,1,0,1,1,0.0,-200.862713430116,-1.1105811121634432,0.0,-1.1105811121634432,-180.862713430116,-200.862713430116,0.0,0.0,0.0,0.0,,,,,,,0,,,,,0.0,month,2025-03,fixed pre-expansion clock observation,False,2020-02-01 00:00:00+00:00,2026-07-23 00:00:00+00:00,2026-09-23 04:00:00+00:00,2025-03-01T00:00:00+08:00,2025-04-01T00:00:00+08:00,True,True,True,0.0,1.0,1.0,eventual exits may occur after entry period; incomplete current period is right-censored
baseline_15_v9_both_4h20,15,v9_both,baseline,4h,20,1,1,0,1,1,0.0,-164.635048772283,-1.138279069767442,0.0,-1.138279069767442,-144.635048772283,-164.635048772283,0.0,0.0,0.0,0.0,,,,,,,0,,,,,0.0,month,2025-04,fixed pre-expansion clock observation,False,2020-02-01 00:00:00+00:00,2026-07-23 00:00:00+00:00,2026-09-23 04:00:00+00:00,2025-04-01T00:00:00+08:00,2025-05-01T00:00:00+08:00,True,True,True,0.0,1.0,1.0,eventual exits may occur after entry period; incomplete current period is right-censored
baseline_15_v9_both_4h20,15,v9_both,baseline,4h,20,2,2,0,2,1,0.0,-71.315210508112,-0.5240482178974445,0.0,-1.048096435794889,-51.315210508111996,-71.315210508112,0.0,0.0,0.0,0.0,0.0,0.0,-86.661995461145,-55.968425555079,-0.595530292582001,-0.4525661432128881,1,-86.661995461145,-73.620110700209,0.0,-13.041884760936007,0.5,month,2025-05,fixed pre-expansion clock observation,False,2020-02-01 00:00:00+00:00,2026-07-23 00:00:00+00:00,2026-09-23 04:00:00+00:00,2025-05-01T00:00:00+08:00,2025-06-01T00:00:00+08:00,True,True,True,0.0,2.0,1.0,eventual exits may occur after entry period; incomplete current period is right-censored
baseline_15_v9_both_4h20,15,v9_both,baseline,4h,20,1,1,0,1,1,0.0,-122.60196450794099,-1.1949280415430314,0.0,-1.1949280415430314,-102.60196450794099,-122.60196450794099,0.0,0.0,0.0,0.0,,,,,,,0,,,,,0.0,month,2025-06,fixed pre-expansion clock observation,False,2020-02-01 00:00:00+00:00,2026-07-23 00:00:00+00:00,2026-09-23 04:00:00+00:00,2025-06-01T00:00:00+08:00,2025-07-01T00:00:00+08:00,True,True,True,0.0,1.0,1.0,eventual exits may occur after entry period; incomplete current period is right-censored
baseline_15_v9_both_4h20,15,v9_both,baseline,4h,20,3,3,0,1,1,0.0,-103.94717897188332,-1.1036255242043758,0.0,-3.310876572613127,-83.94717897188333,-100.37065052949899,0.0,0.0,0.0,0.0,,,,,,,0,,,,,0.0,month,2025-07,fixed pre-expansion clock observation,False,2020-02-01 00:00:00+00:00,2026-07-23 00:00:00+00:00,2026-09-23 04:00:00+00:00,2025-07-01T00:00:00+08:00,2025-08-01T00:00:00+08:00,True,True,True,0.0,3.0,1.0,eventual exits may occur after entry period; incomplete current period is right-censored
baseline_15_v9_both_4h20,15,v9_both,baseline,4h,20,3,3,0,2,2,0.3333333333333333,178.20669454366433,0.40757862987112975,1.0,1.2227358896133893,198.20669454366433,-105.45045657784601,0.0,0.0,1.6172781828779346,0.0,0.0,0.5,-105.45045657784601,320.0352701044195,-0.8591131260794357,1.0409245078464124,0,,,,,0.0,month,2025-08,fixed pre-expansion clock observation,False,2020-02-01 00:00:00+00:00,2026-07-23 00:00:00+00:00,2026-09-23 04:00:00+00:00,2025-08-01T00:00:00+08:00,2025-09-01T00:00:00+08:00,True,True,True,0.0,3.0,1.0,eventual exits may occur after entry period; incomplete current period is right-censored
baseline_15_v9_both_4h20,15,v9_both,baseline,4h,20,2,2,0,1,1,0.0,-142.8082457124825,-1.2252570681701482,0.0,-2.4505141363402965,-122.80824571248249,-142.8082457124825,0.0,0.0,0.0,0.0,,,,,,,0,,,,,0.0,month,2025-09,fixed pre-expansion clock observation,False,2020-02-01 00:00:00+00:00,2026-07-23 00:00:00+00:00,2026-09-23 04:00:00+00:00,2025-09-01T00:00:00+08:00,2025-10-01T00:00:00+08:00,True,True,True,0.0,2.0,1.0,eventual exits may occur after entry period; incomplete current period is right-censored
baseline_15_v9_both_4h20,15,v9_both,baseline,4h,20,4,4,0,3,2,0.75,339.09989271542025,1.9772083437987034,3.0,7.908833375194813,359.0998927154203,366.764626903579,1.0,0.0,7.9097842849358795,0.25,0.0,1.0,-158.32722240195397,781.197539456477,-1.1445847003410767,6.000277569678086,0,,,,,0.0,month,2025-10,fixed pre-expansion clock observation,False,2020-02-01 00:00:00+00:00,2026-07-23 00:00:00+00:00,2026-09-23 04:00:00+00:00,2025-10-01T00:00:00+08:00,2025-11-01T00:00:00+08:00,True,True,True,0.0,4.0,1.0,eventual exits may occur after entry period; incomplete current period is right-censored
baseline_15_v9_both_4h20,15,v9_both,baseline,4h,20,4,4,0,3,2,0.25,-65.476615713739,-0.5946669389114635,1.0,-2.378667755645854,-45.476615713739,-103.50428156010899,0.0,0.0,0.2957037119571001,0.0,0.0,1.0,-148.2847907936365,131.38038286999398,-1.1708927878178492,0.9987002583979251,0,,,,,0.0,month,2025-11,fixed pre-expansion clock observation,False,2020-02-01 00:00:00+00:00,2026-07-23 00:00:00+00:00,2026-09-23 04:00:00+00:00,2025-11-01T00:00:00+08:00,2025-12-01T00:00:00+08:00,True,True,True,0.0,4.0,1.0,eventual exits may occur after entry period; incomplete current period is right-censored
baseline_15_v9_both_4h20,15,v9_both,baseline,4h,20,0,0,0,0,0,,,,,,,,,,,,,,,,,,0,,,,,,month,2025-12,fixed pre-expansion clock observation,False,2020-02-01 00:00:00+00:00,2026-07-23 00:00:00+00:00,2026-09-23 04:00:00+00:00,2025-12-01T00:00:00+08:00,2026-01-01T00:00:00+08:00,True,True,True,0.0,0.0,,eventual exits may occur after entry period; incomplete current period is right-censored
baseline_15_v9_both_4h20,15,v9_both,baseline,4h,20,1,1,0,1,1,0.0,-97.03964263079601,-0.5972060192995564,0.0,-0.5972060192995564,-77.03964263079601,-97.03964263079601,0.0,0.0,0.0,0.0,,,,,,,0,,,,,0.0,month,2026-01,fixed pre-expansion clock observation,False,2020-02-01 00:00:00+00:00,2026-07-23 00:00:00+00:00,2026-09-23 04:00:00+00:00,2026-01-01T00:00:00+08:00,2026-02-01T00:00:00+08:00,True,True,True,0.0,1.0,1.0,eventual exits may occur after entry period; incomplete current period is right-censored
baseline_15_v9_both_4h20,15,v9_both,baseline,4h,20,4,4,0,2,2,0.75,318.57111180904104,1.9779481529875629,3.0,7.9117926119502515,338.57111180904104,155.4149905876585,1.0,0.0,8.378842249263641,0.25,0.0,1.0,-296.905421813282,523.7299563498153,-1.0722268270120283,2.99467314632076,0,,,,,0.0,month,2026-02,fixed pre-expansion clock observation,False,2020-02-01 00:00:00+00:00,2026-07-23 00:00:00+00:00,2026-09-23 04:00:00+00:00,2026-02-01T00:00:00+08:00,2026-03-01T00:00:00+08:00,True,True,True,0.0,4.0,1.0,eventual exits may occur after entry period; incomplete current period is right-censored
baseline_15_v9_both_4h20,15,v9_both,baseline,4h,20,4,4,0,2,2,0.25,59.41407652239625,-0.11901044571875241,1.0,-0.47604178287500964,79.41407652239624,-131.5919502177295,0.0,0.0,0.8308543598321134,0.0,0.0,0.3333333333333333,-185.17779474416002,140.944700277915,-1.1210816504178265,0.21501328918093895,0,,,,,0.0,month,2026-03,fixed pre-expansion clock observation,False,2020-02-01 00:00:00+00:00,2026-07-23 00:00:00+00:00,2026-09-23 04:00:00+00:00,2026-03-01T00:00:00+08:00,2026-04-01T00:00:00+08:00,True,True,True,0.0,4.0,1.0,eventual exits may occur after entry period; incomplete current period is right-censored
baseline_15_v9_both_4h20,15,v9_both,baseline,4h,20,2,2,0,1,2,0.0,-212.148093798331,-1.1055621442410914,0.0,-2.211124288482183,-192.14809379833102,-212.148093798331,0.0,0.0,0.0,0.0,,,,,,,0,,,,,0.0,month,2026-04,fixed pre-expansion clock observation,False,2020-02-01 00:00:00+00:00,2026-07-23 00:00:00+00:00,2026-09-23 04:00:00+00:00,2026-04-01T00:00:00+08:00,2026-05-01T00:00:00+08:00,True,True,True,0.0,2.0,1.0,eventual exits may occur after entry period; incomplete current period is right-censored
baseline_15_v9_both_4h20,15,v9_both,baseline,4h,20,6,6,0,5,2,0.16666666666666666,-53.339580611162326,-0.7097817090201,1.0,-4.2586902541206,-33.3395806111625,-77.3447722038585,0.0,0.0,0.21430983203232698,0.0,0.0,0.6,-90.18112134574814,0.27013673369399954,-1.3145533920439942,0.3396147222262962,2,-94.6656814039735,134.2278258743515,0.5,-228.893507278325,0.3333333333333333,month,2026-05,fixed pre-expansion clock observation,False,2020-02-01 00:00:00+00:00,2026-07-23 00:00:00+00:00,2026-09-23 04:00:00+00:00,2026-05-01T00:00:00+08:00,2026-06-01T00:00:00+08:00,True,True,True,0.0,6.0,1.0,eventual exits may occur after entry period; incomplete current period is right-censored
baseline_15_v9_both_4h20,15,v9_both,baseline,4h,20,2,2,0,1,2,0.5,-15.3599345757285,-0.13038653404274064,1.0,-0.2607730680854813,4.640065424271501,-15.3599345757285,0.0,0.0,0.22239616144817673,0.0,,,,,,,0,,,,,0.0,month,2026-06,fixed pre-expansion clock observation,False,2020-02-01 00:00:00+00:00,2026-07-23 00:00:00+00:00,2026-09-23 04:00:00+00:00,2026-06-01T00:00:00+08:00,2026-07-01T00:00:00+08:00,True,True,True,0.0,2.0,1.0,eventual exits may occur after entry period; incomplete current period is right-censored
baseline_15_v9_both_4h20,15,v9_both,baseline,4h,20,3,3,0,1,2,0.6666666666666666,9.619287850026334,-0.03680277914072427,2.0,-0.11040833742217282,29.619287850026335,40.574367687946,0.0,0.0,0.9054998176440572,0.0,,,,,,,1,127.090713873916,393.142171873994,1.0,-266.051458000078,0.3333333333333333,month,2026-07,fixed pre-expansion clock observation,False,2020-02-01 00:00:00+00:00,2026-07-23 00:00:00+00:00,2026-09-23 04:00:00+00:00,2026-07-01T00:00:00+08:00,2026-08-01T00:00:00+08:00,True,True,True,0.0,3.0,1.0,eventual exits may occur after entry period; incomplete current period is right-censored
baseline_15_v9_both_4h20,15,v9_both,baseline,4h,20,3,3,0,3,2,0.3333333333333333,-24.442482517041,-0.5433570479499271,1.0,-1.6300711438497815,-4.442482517040998,-38.370640954848,0.0,0.0,0.4176946241056272,0.0,0.0,1.0,-120.92151699136498,85.96471039509,-2.0886936416184967,1.1692695652173934,1,-120.921516991365,-76.74496819305,0.0,-44.176548798315,0.3333333333333333,month,2026-08,fixed pre-expansion clock observation,False,2020-02-01 00:00:00+00:00,2026-07-23 00:00:00+00:00,2026-09-23 04:00:00+00:00,2026-08-01T00:00:00+08:00,2026-09-01T00:00:00+08:00,True,True,True,0.0,3.0,1.0,eventual exits may occur after entry period; incomplete current period is right-censored
baseline_15_v9_both_4h20,15,v9_both,baseline,4h,20,3,3,0,2,2,0.6666666666666666,117.86147464930634,1.5562801084563276,2.0,4.668840325368983,137.86147464930633,202.075520438247,0.0,0.0,4.833153021607028,0.0,0.0,1.0,-111.73653840022999,232.6604811740745,-1.2180156385751584,2.9434279819720706,0,,,,,0.0,month,2026-09,fixed pre-expansion clock observation,False,2020-02-01 00:00:00+00:00,2026-07-23 00:00:00+00:00,2026-09-23 04:00:00+00:00,2026-09-01T00:00:00+08:00,2026-10-01T00:00:00+08:00,True,False,False,0.0,3.0,1.0,eventual exits may occur after entry period; incomplete current period is right-censored
baseline_15_joint_4h20,15,joint,baseline,4h,20,61,61,0,55,2,0.29508196721311475,-7.78481091151126,0.09212961695061303,18.0,5.619906633987394,12.215189088488724,-99.398996428022,3.0,1.0,1.1162238368183381,0.04918032786885246,0.17543859649122806,0.4193972835314089,-87.12849274903184,84.37544467221073,-0.5235599706742303,0.8640878871172243,11,197.55974821526118,212.04686020267664,0.45454545454545453,-14.487111987415457,0.18032786885245902,old_window_cut,all,fixed pre-expansion clock observation,False,2020-02-01 00:00:00+00:00,2026-07-23 00:00:00+00:00,2026-09-23 04:00:00+00:00,,,,,,,,,
baseline_15_joint_4h20,15,joint,baseline,4h,20,55,55,0,50,2,0.2727272727272727,-12.859068143962082,0.08083867774855769,15.0,4.446127276170673,7.140931856037912,-100.63002634377399,3.0,1.0,1.100261821367157,0.05454545454545454,0.16666666666666666,0.39217436974789904,-97.30031088665194,84.3206392045562,-0.5621558455161646,0.9309563844753058,10,228.85510915796579,240.53275039505615,0.5,-11.6776412370904,0.18181818181818182,old_window_cut,earlier_history_mature,fixed pre-expansion clock observation,False,2020-02-01 00:00:00+00:00,2026-07-23 00:00:00+00:00,2026-09-23 04:00:00+00:00,,,,,,,,,
baseline_15_joint_4h20,15,joint,baseline,4h,20,6,6,0,5,2,0.5,38.729213719287834,0.1956298929694533,3.0,1.1737793578167197,58.729213719287834,23.797034720120998,0.0,0.0,1.2927862310328795,0.0,0.0,0.875,-102.2002794722296,153.54162082995376,-1.3616677029990198,1.4484309765661374,1,-115.393861211785,-72.812041721119,0.0,-42.581819490666,0.16666666666666666,old_window_cut,old_window,fixed pre-expansion clock observation,False,2020-02-01 00:00:00+00:00,2026-07-23 00:00:00+00:00,2026-09-23 04:00:00+00:00,,,,,,,,,
baseline_15_joint_4h20,15,joint,baseline,4h,20,0,0,0,0,0,,,,,,,,,,,,,,,,,,0,,,,,,old_window_cut,crossing_old_window_cut,fixed pre-expansion clock observation,False,2020-02-01 00:00:00+00:00,2026-07-23 00:00:00+00:00,2026-09-23 04:00:00+00:00,,,,,,,,,
baseline_15_joint_4h20,15,joint,baseline,4h,20,7,7,0,6,2,0.2857142857142857,114.63802776748255,1.6310197457625295,2.0,11.417138220337707,134.63802776748258,-117.95812636620899,1.0,1.0,3.129098802191883,0.14285714285714285,0.0,0.6666666666666666,-145.62447347620827,607.9193134765331,-1.1156127484203266,7.209855632328426,2,620.1648511721875,1165.5129406921155,1.0,-545.3480895199281,0.2857142857142857,year,2020,fixed pre-expansion clock observation,False,2020-02-01 00:00:00+00:00,2026-07-23 00:00:00+00:00,2026-09-23 04:00:00+00:00,2020-01-01T00:00:00+08:00,2021-01-01T00:00:00+08:00,False,True,False,0.0,7.0,1.0,eventual exits may occur after entry period; incomplete current period is right-censored
baseline_15_joint_4h20,15,joint,baseline,4h,20,12,12,0,10,2,0.3333333333333333,-68.99083342370317,0.18099899716863233,4.0,2.171987966023588,-48.990833423703144,-189.13270206102152,1.0,0.0,1.2495608948404957,0.08333333333333333,0.07692307692307693,0.6363636363636364,-268.5509311902637,188.74454241613276,-0.8613274679146457,1.6949920844852273,1,26.566780123184998,67.3294949573,1.0,-40.762714834114995,0.08333333333333333,year,2021,fixed pre-expansion clock observation,False,2020-02-01 00:00:00+00:00,2026-07-23 00:00:00+00:00,2026-09-23 04:00:00+00:00,2021-01-01T00:00:00+08:00,2022-01-01T00:00:00+08:00,True,True,True,0.0,12.0,1.0,eventual exits may occur after entry period; incomplete current period is right-censored
baseline_15_joint_4h20,15,joint,baseline,4h,20,11,11,0,10,2,0.18181818181818182,-125.87472634286998,-0.6529490636892527,2.0,-7.18243970058178,-105.87472634286999,-91.632974763943,0.0,0.0,0.32795442640278,0.0,0.0,0.45454545454545453,-237.15137352362618,15.317120664314753,-1.220724095964564,0.3633938685481334,2,-161.4090295068275,-82.84399208785248,0.5,-78.56503741897501,0.18181818181818182,year,2022,fixed pre-expansion clock observation,False,2020-02-01 00:00:00+00:00,2026-07-23 00:00:00+00:00,2026-09-23 04:00:00+00:00,2022-01-01T00:00:00+08:00,2023-01-01T00:00:00+08:00,True,True,True,0.0,11.0,1.0,eventual exits may occur after entry period; incomplete current period is right-censored
baseline_15_joint_4h20,15,joint,baseline,4h,20,5,5,0,5,2,0.0,-107.8918680555482,-1.2700146713536558,0.0,-6.350073356768279,-87.8918680555482,-88.140604703101,0.0,0.0,0.0,0.0,0.0,0.0,-150.59299524660543,-79.3978835143414,-1.3406349003407332,-1.1839755362396578,0,,,,,0.0,year,2023,fixed pre-expansion clock observation,False,2020-02-01 00:00:00+00:00,2026-07-23 00:00:00+00:00,2026-09-23 04:00:00+00:00,2023-01-01T00:00:00+08:00,2024-01-01T00:00:00+08:00,True,True,True,0.0,5.0,1.0,eventual exits may occur after entry period; incomplete current period is right-censored
baseline_15_joint_4h20,15,joint,baseline,4h,20,8,8,0,8,2,0.5,109.955696210061,0.7538518057684289,4.0,6.030814446147431,129.955696210061,-24.874229509773,1.0,0.0,2.2314981532226117,0.125,0.125,0.875,-83.40169628435633,350.62077470844974,-0.9110470537435879,3.193853522337554,3,219.640487755192,-79.35990357984599,0.0,299.00039133503805,0.375,year,2024,fixed pre-expansion clock observation,False,2020-02-01 00:00:00+00:00,2026-07-23 00:00:00+00:00,2026-09-23 04:00:00+00:00,2024-01-01T00:00:00+08:00,2025-01-01T00:00:00+08:00,True,True,True,0.0,8.0,1.0,eventual exits may occur after entry period; incomplete current period is right-censored
baseline_15_joint_4h20,15,joint,baseline,4h,20,5,5,0,5,1,0.2,20.8328900424832,-0.2654186068865903,1.0,-1.3270930344329515,40.832890042483214,-186.278282604732,0.0,0.0,0.7070874219142893,0.0,0.0,0.6,-201.7811467396948,428.60546804783115,-1.1600510734340415,1.4767563824480499,1,824.35842287196,478.719836864165,1.0,345.63858600779497,0.2,year,2025,fixed pre-expansion clock observation,False,2020-02-01 00:00:00+00:00,2026-07-23 00:00:00+00:00,2026-09-23 04:00:00+00:00,2025-01-01T00:00:00+08:00,2026-01-01T00:00:00+08:00,True,True,True,0.0,5.0,1.0,eventual exits may occur after entry period; incomplete current period is right-censored
baseline_15_joint_4h20,15,joint,baseline,4h,20,13,13,0,11,2,0.38461538461538464,37.755511635867684,0.06612093025089846,5.0,0.8595720932616799,57.755511635867606,-38.370640954848,0.0,0.0,1.109875016609482,0.0,0.09090909090909091,0.6428571428571429,-70.66560243338782,128.47675499816208,-0.8428623191039851,0.8055089473414015,2,-127.100539611784,-70.39602803050501,0.0,-56.70451158127899,0.15384615384615385,year,2026,fixed pre-expansion clock observation,False,2020-02-01 00:00:00+00:00,2026-07-23 00:00:00+00:00,2026-09-23 04:00:00+00:00,2026-01-01T00:00:00+08:00,2027-01-01T00:00:00+08:00,True,False,False,0.0,13.0,1.0,eventual exits may occur after entry period; incomplete current period is right-censored
baseline_15_joint_4h20,15,joint,baseline,4h,20,1,1,0,1,1,0.0,-141.515910989594,-1.1645875,0.0,-1.1645875,-121.51591098959399,-141.515910989594,0.0,0.0,0.0,0.0,,,,,,,0,,,,,0.0,month,2020-02,fixed pre-expansion clock observation,False,2020-02-01 00:00:00+00:00,2026-07-23 00:00:00+00:00,2026-09-23 04:00:00+00:00,2020-02-01T00:00:00+08:00,2020-03-01T00:00:00+08:00,False,True,False,0.0,1.0,1.0,eventual exits may occur after entry period; incomplete current period is right-censored
baseline_15_joint_4h20,15,joint,baseline,4h,20,2,2,0,1,2,0.0,-162.95241534052,-1.1552910079358099,0.0,-2.3105820158716197,-142.95241534052,-162.95241534052,0.0,0.0,0.0,0.0,,,,,,,0,,,,,0.0,month,2020-03,fixed pre-expansion clock observation,False,2020-02-01 00:00:00+00:00,2026-07-23 00:00:00+00:00,2026-09-23 04:00:00+00:00,2020-03-01T00:00:00+08:00,2020-04-01T00:00:00+08:00,True,True,True,0.0,2.0,1.0,eventual exits may occur after entry period; incomplete current period is right-censored
baseline_15_joint_4h20,15,joint,baseline,4h,20,0,0,0,0,0,,,,,,,,,,,,,,,,,,0,,,,,,month,2020-04,fixed pre-expansion clock observation,False,2020-02-01 00:00:00+00:00,2026-07-23 00:00:00+00:00,2026-09-23 04:00:00+00:00,2020-04-01T00:00:00+08:00,2020-05-01T00:00:00+08:00,True,True,True,0.0,0.0,,eventual exits may occur after entry period; incomplete current period is right-censored
baseline_15_joint_4h20,15,joint,baseline,4h,20,0,0,0,0,0,,,,,,,,,,,,,,,,,,0,,,,,,month,2020-05,fixed pre-expansion clock observation,False,2020-02-01 00:00:00+00:00,2026-07-23 00:00:00+00:00,2026-09-23 04:00:00+00:00,2020-05-01T00:00:00+08:00,2020-06-01T00:00:00+08:00,True,True,True,0.0,0.0,,eventual exits may occur after entry period; incomplete current period is right-censored
baseline_15_joint_4h20,15,joint,baseline,4h,20,0,0,0,0,0,,,,,,,,,,,,,,,,,,0,,,,,,month,2020-06,fixed pre-expansion clock observation,False,2020-02-01 00:00:00+00:00,2026-07-23 00:00:00+00:00,2026-09-23 04:00:00+00:00,2020-06-01T00:00:00+08:00,2020-07-01T00:00:00+08:00,True,True,True,0.0,0.0,,eventual exits may occur after entry period; incomplete current period is right-censored
baseline_15_joint_4h20,15,joint,baseline,4h,20,1,1,0,1,1,0.0,-99.398996428022,-1.2518923525454142,0.0,-1.2518923525454142,-79.398996428022,-99.398996428022,0.0,0.0,0.0,0.0,,,,,,,1,-99.398996428022,694.078563867581,1.0,-793.477560295603,1.0,month,2020-07,fixed pre-expansion clock observation,False,2020-02-01 00:00:00+00:00,2026-07-23 00:00:00+00:00,2026-09-23 04:00:00+00:00,2020-07-01T00:00:00+08:00,2020-08-01T00:00:00+08:00,True,True,True,0.0,1.0,1.0,eventual exits may occur after entry period; incomplete current period is right-censored
baseline_15_joint_4h20,15,joint,baseline,4h,20,0,0,0,0,0,,,,,,,,,,,,,,,,,,0,,,,,,month,2020-08,fixed pre-expansion clock observation,False,2020-02-01 00:00:00+00:00,2026-07-23 00:00:00+00:00,2026-09-23 04:00:00+00:00,2020-08-01T00:00:00+08:00,2020-09-01T00:00:00+08:00,True,True,True,0.0,0.0,,eventual exits may occur after entry period; incomplete current period is right-censored
baseline_15_joint_4h20,15,joint,baseline,4h,20,1,1,0,1,1,1.0,160.312541739013,1.3425727069351114,1.0,1.3425727069351114,180.312541739013,160.312541739013,0.0,0.0,,0.0,,,,,,,0,,,,,0.0,month,2020-09,fixed pre-expansion clock observation,False,2020-02-01 00:00:00+00:00,2026-07-23 00:00:00+00:00,2026-09-23 04:00:00+00:00,2020-09-01T00:00:00+08:00,2020-10-01T00:00:00+08:00,True,True,True,0.0,1.0,1.0,eventual exits may occur after entry period; incomplete current period is right-censored
baseline_15_joint_4h20,15,joint,baseline,4h,20,1,1,0,1,1,0.0,-130.755308040376,-0.635365750528545,0.0,-0.635365750528545,-110.75530804037601,-130.755308040376,0.0,0.0,0.0,0.0,,,,,,,0,,,,,0.0,month,2020-10,fixed pre-expansion clock observation,False,2020-02-01 00:00:00+00:00,2026-07-23 00:00:00+00:00,2026-09-23 04:00:00+00:00,2020-10-01T00:00:00+08:00,2020-11-01T00:00:00+08:00,True,True,True,0.0,1.0,1.0,eventual exits may occur after entry period; incomplete current period is right-censored
baseline_15_joint_4h20,15,joint,baseline,4h,20,0,0,0,0,0,,,,,,,,,,,,,,,,,,0,,,,,,month,2020-11,fixed pre-expansion clock observation,False,2020-02-01 00:00:00+00:00,2026-07-23 00:00:00+00:00,2026-09-23 04:00:00+00:00,2020-11-01T00:00:00+08:00,2020-12-01T00:00:00+08:00,True,True,True,0.0,0.0,,eventual exits may occur after entry period; incomplete current period is right-censored
baseline_15_joint_4h20,15,joint,baseline,4h,20,1,1,0,1,1,1.0,1339.728698772397,15.436993132348173,1.0,15.436993132348173,1359.728698772397,1339.728698772397,1.0,1.0,,1.0,,,,,,,1,1339.728698772397,1636.94731751665,1.0,-297.218618744253,1.0,month,2020-12,fixed pre-expansion clock observation,False,2020-02-01 00:00:00+00:00,2026-07-23 00:00:00+00:00,2026-09-23 04:00:00+00:00,2020-12-01T00:00:00+08:00,2021-01-01T00:00:00+08:00,True,True,True,0.0,1.0,1.0,eventual exits may occur after entry period; incomplete current period is right-censored
baseline_15_joint_4h20,15,joint,baseline,4h,20,3,3,0,2,2,0.0,-389.152686183707,-1.065172985272028,0.0,-3.195518955816084,-369.15268618370703,-440.691238351521,0.0,0.0,0.0,0.0,0.0,0.0,-521.788386291439,-322.834836129841,-1.07783075840557,-1.0398574390049442,0,,,,,0.0,month,2021-01,fixed pre-expansion clock observation,False,2020-02-01 00:00:00+00:00,2026-07-23 00:00:00+00:00,2026-09-23 04:00:00+00:00,2021-01-01T00:00:00+08:00,2021-02-01T00:00:00+08:00,True,True,True,0.0,3.0,1.0,eventual exits may occur after entry period; incomplete current period is right-censored
baseline_15_joint_4h20,15,joint,baseline,4h,20,4,4,0,3,2,0.25,-89.933724868903,0.0268946006712093,1.0,0.1075784026848372,-69.93372486890298,-209.632853082998,0.0,0.0,1.0329433175407643,0.0,0.0,1.0,-347.6620231152245,508.8761169687189,-1.1304742338640683,3.3731390904242904,0,,,,,0.0,month,2021-02,fixed pre-expansion clock observation,False,2020-02-01 00:00:00+00:00,2026-07-23 00:00:00+00:00,2026-09-23 04:00:00+00:00,2021-02-01T00:00:00+08:00,2021-03-01T00:00:00+08:00,True,True,True,0.0,4.0,1.0,eventual exits may occur after entry period; incomplete current period is right-censored
baseline_15_joint_4h20,15,joint,baseline,4h,20,0,0,0,0,0,,,,,,,,,,,,,,,,,,0,,,,,,month,2021-03,fixed pre-expansion clock observation,False,2020-02-01 00:00:00+00:00,2026-07-23 00:00:00+00:00,2026-09-23 04:00:00+00:00,2021-03-01T00:00:00+08:00,2021-04-01T00:00:00+08:00,True,True,True,0.0,0.0,,eventual exits may occur after entry period; incomplete current period is right-censored
baseline_15_joint_4h20,15,joint,baseline,4h,20,1,1,0,1,1,1.0,26.566780123184998,0.1834252568776865,1.0,0.1834252568776865,46.566780123185005,26.566780123184998,0.0,0.0,,0.0,,,,,,,1,26.566780123184998,67.3294949573,1.0,-40.762714834114995,1.0,month,2021-04,fixed pre-expansion clock observation,False,2020-02-01 00:00:00+00:00,2026-07-23 00:00:00+00:00,2026-09-23 04:00:00+00:00,2021-04-01T00:00:00+08:00,2021-05-01T00:00:00+08:00,True,True,True,0.0,1.0,1.0,eventual exits may occur after entry period; incomplete current period is right-censored
baseline_15_joint_4h20,15,joint,baseline,4h,20,2,2,0,2,2,0.5,141.3675940277165,0.3807238195150866,1.0,0.7614476390301732,161.3675940277165,141.3675940277165,0.0,0.0,1.6912394652226643,0.0,0.0,1.0,-216.911393000432,499.646581055865,-1.1015685263064272,1.8630161653366004,0,,,,,0.0,month,2021-05,fixed pre-expansion clock observation,False,2020-02-01 00:00:00+00:00,2026-07-23 00:00:00+00:00,2026-09-23 04:00:00+00:00,2021-05-01T00:00:00+08:00,2021-06-01T00:00:00+08:00,True,True,True,0.0,2.0,1.0,eventual exits may occur after entry period; incomplete current period is right-censored
baseline_15_joint_4h20,15,joint,baseline,4h,20,0,0,0,0,0,,,,,,,,,,,,,,,,,,0,,,,,,month,2021-06,fixed pre-expansion clock observation,False,2020-02-01 00:00:00+00:00,2026-07-23 00:00:00+00:00,2026-09-23 04:00:00+00:00,2021-06-01T00:00:00+08:00,2021-07-01T00:00:00+08:00,True,True,True,0.0,0.0,,eventual exits may occur after entry period; incomplete current period is right-censored
baseline_15_joint_4h20,15,joint,baseline,4h,20,0,0,0,0,0,,,,,,,,,,,,,,,,,,0,,,,,,month,2021-07,fixed pre-expansion clock observation,False,2020-02-01 00:00:00+00:00,2026-07-23 00:00:00+00:00,2026-09-23 04:00:00+00:00,2021-07-01T00:00:00+08:00,2021-08-01T00:00:00+08:00,True,True,True,0.0,0.0,,eventual exits may occur after entry period; incomplete current period is right-censored
baseline_15_joint_4h20,15,joint,baseline,4h,20,1,1,0,1,1,0.0,-162.257383901451,-1.1405902417961968,0.0,-1.1405902417961968,-142.257383901451,-162.257383901451,0.0,0.0,0.0,0.0,,,,,,,0,,,,,0.0,month,2021-08,fixed pre-expansion clock observation,False,2020-02-01 00:00:00+00:00,2026-07-23 00:00:00+00:00,2026-09-23 04:00:00+00:00,2021-08-01T00:00:00+08:00,2021-09-01T00:00:00+08:00,True,True,True,0.0,1.0,1.0,eventual exits may occur after entry period; incomplete current period is right-censored
baseline_15_joint_4h20,15,joint,baseline,4h,20,0,0,0,0,0,,,,,,,,,,,,,,,,,,0,,,,,,month,2021-09,fixed pre-expansion clock observation,False,2020-02-01 00:00:00+00:00,2026-07-23 00:00:00+00:00,2026-09-23 04:00:00+00:00,2021-09-01T00:00:00+08:00,2021-10-01T00:00:00+08:00,True,True,True,0.0,0.0,,eventual exits may occur after entry period; incomplete current period is right-censored
baseline_15_joint_4h20,15,joint,baseline,4h,20,1,1,0,1,1,1.0,552.2583726651279,5.455645865043171,1.0,5.455645865043171,572.258372665128,552.2583726651279,1.0,0.0,,1.0,,,,,,,0,,,,,0.0,month,2021-10,fixed pre-expansion clock observation,False,2020-02-01 00:00:00+00:00,2026-07-23 00:00:00+00:00,2026-09-23 04:00:00+00:00,2021-10-01T00:00:00+08:00,2021-11-01T00:00:00+08:00,True,True,True,0.0,1.0,1.0,eventual exits may occur after entry period; incomplete current period is right-censored
baseline_15_joint_4h20,15,joint,baseline,4h,20,0,0,0,0,0,,,,,,,,,,,,,,,,,,0,,,,,,month,2021-11,fixed pre-expansion clock observation,False,2020-02-01 00:00:00+00:00,2026-07-23 00:00:00+00:00,2026-09-23 04:00:00+00:00,2021-11-01T00:00:00+08:00,2021-12-01T00:00:00+08:00,True,True,True,0.0,0.0,,eventual exits may occur after entry period; incomplete current period is right-censored
baseline_15_joint_4h20,15,joint,baseline,4h,20,0,0,0,0,0,,,,,,,,,,,,,,,,,,0,,,,,,month,2021-12,fixed pre-expansion clock observation,False,2020-02-01 00:00:00+00:00,2026-07-23 00:00:00+00:00,2026-09-23 04:00:00+00:00,2021-12-01T00:00:00+08:00,2022-01-01T00:00:00+08:00,True,True,True,0.0,0.0,,eventual exits may occur after entry period; incomplete current period is right-censored
baseline_15_joint_4h20,15,joint,baseline,4h,20,1,1,0,1,1,0.0,-91.632974763943,-1.2792010253086248,0.0,-1.2792010253086248,-71.632974763943,-91.632974763943,0.0,0.0,0.0,0.0,,,,,,,0,,,,,0.0,month,2022-01,fixed pre-expansion clock observation,False,2020-02-01 00:00:00+00:00,2026-07-23 00:00:00+00:00,2026-09-23 04:00:00+00:00,2022-01-01T00:00:00+08:00,2022-02-01T00:00:00+08:00,True,True,True,0.0,1.0,1.0,eventual exits may occur after entry period; incomplete current period is right-censored
baseline_15_joint_4h20,15,joint,baseline,4h,20,1,1,0,1,1,0.0,-147.779047062729,-1.1565201843318025,0.0,-1.1565201843318025,-127.77904706272899,-147.779047062729,0.0,0.0,0.0,0.0,,,,,,,0,,,,,0.0,month,2022-02,fixed pre-expansion clock observation,False,2020-02-01 00:00:00+00:00,2026-07-23 00:00:00+00:00,2026-09-23 04:00:00+00:00,2022-02-01T00:00:00+08:00,2022-03-01T00:00:00+08:00,True,True,True,0.0,1.0,1.0,eventual exits may occur after entry period; incomplete current period is right-censored
baseline_15_joint_4h20,15,joint,baseline,4h,20,0,0,0,0,0,,,,,,,,,,,,,,,,,,0,,,,,,month,2022-03,fixed pre-expansion clock observation,False,2020-02-01 00:00:00+00:00,2026-07-23 00:00:00+00:00,2026-09-23 04:00:00+00:00,2022-03-01T00:00:00+08:00,2022-04-01T00:00:00+08:00,True,True,True,0.0,0.0,,eventual exits may occur after entry period; incomplete current period is right-censored
baseline_15_joint_4h20,15,joint,baseline,4h,20,1,1,0,1,1,0.0,-65.90997310424301,-1.4356351931330489,0.0,-1.4356351931330489,-45.909973104243,-65.90997310424301,0.0,0.0,0.0,0.0,,,,,,,0,,,,,0.0,month,2022-04,fixed pre-expansion clock observation,False,2020-02-01 00:00:00+00:00,2026-07-23 00:00:00+00:00,2026-09-23 04:00:00+00:00,2022-04-01T00:00:00+08:00,2022-05-01T00:00:00+08:00,True,True,True,0.0,1.0,1.0,eventual exits may occur after entry period; incomplete current period is right-censored
baseline_15_joint_4h20,15,joint,baseline,4h,20,0,0,0,0,0,,,,,,,,,,,,,,,,,,0,,,,,,month,2022-05,fixed pre-expansion clock observation,False,2020-02-01 00:00:00+00:00,2026-07-23 00:00:00+00:00,2026-09-23 04:00:00+00:00,2022-05-01T00:00:00+08:00,2022-06-01T00:00:00+08:00,True,True,True,0.0,0.0,,eventual exits may occur after entry period; incomplete current period is right-censored
baseline_15_joint_4h20,15,joint,baseline,4h,20,2,2,0,1,2,0.0,-366.02997265859904,-1.05845253367808,0.0,-2.11690506735616,-346.029972658599,-366.02997265859904,0.0,0.0,0.0,0.0,,,,,,,1,-329.426276933045,-205.031745878815,0.0,-124.39453105423,0.5,month,2022-06,fixed pre-expansion clock observation,False,2020-02-01 00:00:00+00:00,2026-07-23 00:00:00+00:00,2026-09-23 04:00:00+00:00,2022-06-01T00:00:00+08:00,2022-07-01T00:00:00+08:00,True,True,True,0.0,2.0,1.0,eventual exits may occur after entry period; incomplete current period is right-censored
baseline_15_joint_4h20,15,joint,baseline,4h,20,2,2,0,2,1,0.5,-76.24491876061951,-0.47478452377202124,1.0,-0.9495690475440425,-56.2449187606195,-76.24491876061951,0.0,0.0,0.07226012596272854,0.0,0.0,1.0,-159.09805544062903,6.6082179193899995,-1.0235294117647185,0.073960364220676,1,6.6082179193899995,39.343761703110005,1.0,-32.735543783720004,0.5,month,2022-07,fixed pre-expansion clock observation,False,2020-02-01 00:00:00+00:00,2026-07-23 00:00:00+00:00,2026-09-23 04:00:00+00:00,2022-07-01T00:00:00+08:00,2022-08-01T00:00:00+08:00,True,True,True,0.0,2.0,1.0,eventual exits may occur after entry period; incomplete current period is right-censored
baseline_15_joint_4h20,15,joint,baseline,4h,20,1,1,0,1,1,0.0,-333.256880733944,-1.06384536535364,0.0,-1.06384536535364,-313.256880733944,-333.256880733944,0.0,0.0,0.0,0.0,,,,,,,0,,,,,0.0,month,2022-08,fixed pre-expansion clock observation,False,2020-02-01 00:00:00+00:00,2026-07-23 00:00:00+00:00,2026-09-23 04:00:00+00:00,2022-08-01T00:00:00+08:00,2022-09-01T00:00:00+08:00,True,True,True,0.0,1.0,1.0,eventual exits may occur after entry period; incomplete current period is right-censored
baseline_15_joint_4h20,15,joint,baseline,4h,20,2,2,0,2,2,0.5,111.3365122072195,1.0654630023697824,1.0,2.130926004739565,131.3365122072195,111.3365122072195,0.0,0.0,2.639043421941154,0.0,0.0,1.0,-86.643686085257,309.316710499696,-1.300103448275863,3.431029453015428,0,,,,,0.0,month,2022-09,fixed pre-expansion clock observation,False,2020-02-01 00:00:00+00:00,2026-07-23 00:00:00+00:00,2026-09-23 04:00:00+00:00,2022-09-01T00:00:00+08:00,2022-10-01T00:00:00+08:00,True,True,True,0.0,2.0,1.0,eventual exits may occur after entry period; incomplete current period is right-censored
baseline_15_joint_4h20,15,joint,baseline,4h,20,1,1,0,1,1,0.0,-84.166355682713,-1.311689822294027,0.0,-1.311689822294027,-64.166355682713,-84.166355682713,0.0,0.0,0.0,0.0,,,,,,,0,,,,,0.0,month,2022-10,fixed pre-expansion clock observation,False,2020-02-01 00:00:00+00:00,2026-07-23 00:00:00+00:00,2026-09-23 04:00:00+00:00,2022-10-01T00:00:00+08:00,2022-11-01T00:00:00+08:00,True,True,True,0.0,1.0,1.0,eventual exits may occur after entry period; incomplete current period is right-censored
baseline_15_joint_4h20,15,joint,baseline,4h,20,0,0,0,0,0,,,,,,,,,,,,,,,,,,0,,,,,,month,2022-11,fixed pre-expansion clock observation,False,2020-02-01 00:00:00+00:00,2026-07-23 00:00:00+00:00,2026-09-23 04:00:00+00:00,2022-11-01T00:00:00+08:00,2022-12-01T00:00:00+08:00,True,True,True,0.0,0.0,,eventual exits may occur after entry period; incomplete current period is right-censored
baseline_15_joint_4h20,15,joint,baseline,4h,20,0,0,0,0,0,,,,,,,,,,,,,,,,,,0,,,,,,month,2022-12,fixed pre-expansion clock observation,False,2020-02-01 00:00:00+00:00,2026-07-23 00:00:00+00:00,2026-09-23 04:00:00+00:00,2022-12-01T00:00:00+08:00,2023-01-01T00:00:00+08:00,True,True,True,0.0,0.0,,eventual exits may occur after entry period; incomplete current period is right-censored
baseline_15_joint_4h20,15,joint,baseline,4h,20,1,1,0,1,1,0.0,-190.003397551246,-1.1176447076239813,0.0,-1.1176447076239813,-170.00339755124602,-190.003397551246,0.0,0.0,0.0,0.0,,,,,,,0,,,,,0.0,month,2023-01,fixed pre-expansion clock observation,False,2020-02-01 00:00:00+00:00,2026-07-23 00:00:00+00:00,2026-09-23 04:00:00+00:00,2023-01-01T00:00:00+08:00,2023-02-01T00:00:00+08:00,True,True,True,0.0,1.0,1.0,eventual exits may occur after entry period; incomplete current period is right-censored
baseline_15_joint_4h20,15,joint,baseline,4h,20,0,0,0,0,0,,,,,,,,,,,,,,,,,,0,,,,,,month,2023-02,fixed pre-expansion clock observation,False,2020-02-01 00:00:00+00:00,2026-07-23 00:00:00+00:00,2026-09-23 04:00:00+00:00,2023-02-01T00:00:00+08:00,2023-03-01T00:00:00+08:00,True,True,True,0.0,0.0,,eventual exits may occur after entry period; incomplete current period is right-censored
baseline_15_joint_4h20,15,joint,baseline,4h,20,0,0,0,0,0,,,,,,,,,,,,,,,,,,0,,,,,,month,2023-03,fixed pre-expansion clock observation,False,2020-02-01 00:00:00+00:00,2026-07-23 00:00:00+00:00,2026-09-23 04:00:00+00:00,2023-03-01T00:00:00+08:00,2023-04-01T00:00:00+08:00,True,True,True,0.0,0.0,,eventual exits may occur after entry period; incomplete current period is right-censored
baseline_15_joint_4h20,15,joint,baseline,4h,20,1,1,0,1,1,0.0,-109.187634042998,-1.2242463343108572,0.0,-1.2242463343108572,-89.187634042998,-109.187634042998,0.0,0.0,0.0,0.0,,,,,,,0,,,,,0.0,month,2023-04,fixed pre-expansion clock observation,False,2020-02-01 00:00:00+00:00,2026-07-23 00:00:00+00:00,2026-09-23 04:00:00+00:00,2023-04-01T00:00:00+08:00,2023-05-01T00:00:00+08:00,True,True,True,0.0,1.0,1.0,eventual exits may occur after entry period; incomplete current period is right-censored
baseline_15_joint_4h20,15,joint,baseline,4h,20,0,0,0,0,0,,,,,,,,,,,,,,,,,,0,,,,,,month,2023-05,fixed pre-expansion clock observation,False,2020-02-01 00:00:00+00:00,2026-07-23 00:00:00+00:00,2026-09-23 04:00:00+00:00,2023-05-01T00:00:00+08:00,2023-06-01T00:00:00+08:00,True,True,True,0.0,0.0,,eventual exits may occur after entry period; incomplete current period is right-censored
baseline_15_joint_4h20,15,joint,baseline,4h,20,2,2,0,2,1,0.0,-83.250579573603,-1.318103987067471,0.0,-2.636207974134942,-63.250579573603005,-83.250579573603,0.0,0.0,0.0,0.0,0.0,0.0,-88.140604703101,-78.36055444410499,-1.3426972240154873,-1.2935107501194545,0,,,,,0.0,month,2023-06,fixed pre-expansion clock observation,False,2020-02-01 00:00:00+00:00,2026-07-23 00:00:00+00:00,2026-09-23 04:00:00+00:00,2023-06-01T00:00:00+08:00,2023-07-01T00:00:00+08:00,True,True,True,0.0,2.0,1.0,eventual exits may occur after entry period; incomplete current period is right-censored
baseline_15_joint_4h20,15,joint,baseline,4h,20,0,0,0,0,0,,,,,,,,,,,,,,,,,,0,,,,,,month,2023-07,fixed pre-expansion clock observation,False,2020-02-01 00:00:00+00:00,2026-07-23 00:00:00+00:00,2026-09-23 04:00:00+00:00,2023-07-01T00:00:00+08:00,2023-08-01T00:00:00+08:00,True,True,True,0.0,0.0,,eventual exits may occur after entry period; incomplete current period is right-censored
baseline_15_joint_4h20,15,joint,baseline,4h,20,1,1,0,1,1,0.0,-73.767149536291,-1.3719743406984988,0.0,-1.3719743406984988,-53.767149536290994,-73.767149536291,0.0,0.0,0.0,0.0,,,,,,,0,,,,,0.0,month,2023-08,fixed pre-expansion clock observation,False,2020-02-01 00:00:00+00:00,2026-07-23 00:00:00+00:00,2026-09-23 04:00:00+00:00,2023-08-01T00:00:00+08:00,2023-09-01T00:00:00+08:00,True,True,True,0.0,1.0,1.0,eventual exits may occur after entry period; incomplete current period is right-censored
baseline_15_joint_4h20,15,joint,baseline,4h,20,0,0,0,0,0,,,,,,,,,,,,,,,,,,0,,,,,,month,2023-09,fixed pre-expansion clock observation,False,2020-02-01 00:00:00+00:00,2026-07-23 00:00:00+00:00,2026-09-23 04:00:00+00:00,2023-09-01T00:00:00+08:00,2023-10-01T00:00:00+08:00,True,True,True,0.0,0.0,,eventual exits may occur after entry period; incomplete current period is right-censored
baseline_15_joint_4h20,15,joint,baseline,4h,20,0,0,0,0,0,,,,,,,,,,,,,,,,,,0,,,,,,month,2023-10,fixed pre-expansion clock observation,False,2020-02-01 00:00:00+00:00,2026-07-23 00:00:00+00:00,2026-09-23 04:00:00+00:00,2023-10-01T00:00:00+08:00,2023-11-01T00:00:00+08:00,True,True,True,0.0,0.0,,eventual exits may occur after entry period; incomplete current period is right-censored
baseline_15_joint_4h20,15,joint,baseline,4h,20,0,0,0,0,0,,,,,,,,,,,,,,,,,,0,,,,,,month,2023-11,fixed pre-expansion clock observation,False,2020-02-01 00:00:00+00:00,2026-07-23 00:00:00+00:00,2026-09-23 04:00:00+00:00,2023-11-01T00:00:00+08:00,2023-12-01T00:00:00+08:00,True,True,True,0.0,0.0,,eventual exits may occur after entry period; incomplete current period is right-censored
baseline_15_joint_4h20,15,joint,baseline,4h,20,0,0,0,0,0,,,,,,,,,,,,,,,,,,0,,,,,,month,2023-12,fixed pre-expansion clock observation,False,2020-02-01 00:00:00+00:00,2026-07-23 00:00:00+00:00,2026-09-23 04:00:00+00:00,2023-12-01T00:00:00+08:00,2024-01-01T00:00:00+08:00,True,True,True,0.0,0.0,,eventual exits may occur after entry period; incomplete current period is right-censored
baseline_15_joint_4h20,15,joint,baseline,4h,20,1,1,0,1,1,0.0,-100.63002634377399,-1.2480465517241444,0.0,-1.2480465517241444,-80.63002634377399,-100.63002634377399,0.0,0.0,0.0,0.0,,,,,,,0,,,,,0.0,month,2024-01,fixed pre-expansion clock observation,False,2020-02-01 00:00:00+00:00,2026-07-23 00:00:00+00:00,2026-09-23 04:00:00+00:00,2024-01-01T00:00:00+08:00,2024-02-01T00:00:00+08:00,True,True,True,0.0,1.0,1.0,eventual exits may occur after entry period; incomplete current period is right-censored
baseline_15_joint_4h20,15,joint,baseline,4h,20,1,1,0,1,1,1.0,866.7169373549891,8.829348040181275,1.0,8.829348040181275,886.7169373549889,866.7169373549891,1.0,0.0,,1.0,,,,,,,0,,,,,0.0,month,2024-02,fixed pre-expansion clock observation,False,2020-02-01 00:00:00+00:00,2026-07-23 00:00:00+00:00,2026-09-23 04:00:00+00:00,2024-02-01T00:00:00+08:00,2024-03-01T00:00:00+08:00,True,True,True,0.0,1.0,1.0,eventual exits may occur after entry period; incomplete current period is right-censored
baseline_15_joint_4h20,15,joint,baseline,4h,20,0,0,0,0,0,,,,,,,,,,,,,,,,,,0,,,,,,month,2024-03,fixed pre-expansion clock observation,False,2020-02-01 00:00:00+00:00,2026-07-23 00:00:00+00:00,2026-09-23 04:00:00+00:00,2024-03-01T00:00:00+08:00,2024-04-01T00:00:00+08:00,True,True,True,0.0,0.0,,eventual exits may occur after entry period; incomplete current period is right-censored
baseline_15_joint_4h20,15,joint,baseline,4h,20,1,1,0,1,1,1.0,57.367810500317,0.4947950511027326,1.0,0.4947950511027326,77.367810500317,57.367810500317,0.0,0.0,,0.0,,,,,,,0,,,,,0.0,month,2024-04,fixed pre-expansion clock observation,False,2020-02-01 00:00:00+00:00,2026-07-23 00:00:00+00:00,2026-09-23 04:00:00+00:00,2024-04-01T00:00:00+08:00,2024-05-01T00:00:00+08:00,True,True,True,0.0,1.0,1.0,eventual exits may occur after entry period; incomplete current period is right-censored
baseline_15_joint_4h20,15,joint,baseline,4h,20,1,1,0,1,1,1.0,366.513752423516,1.4182833163784383,1.0,1.4182833163784383,386.513752423516,366.513752423516,0.0,0.0,,0.0,,,,,,,0,,,,,0.0,month,2024-05,fixed pre-expansion clock observation,False,2020-02-01 00:00:00+00:00,2026-07-23 00:00:00+00:00,2026-09-23 04:00:00+00:00,2024-05-01T00:00:00+08:00,2024-06-01T00:00:00+08:00,True,True,True,0.0,1.0,1.0,eventual exits may occur after entry period; incomplete current period is right-censored
baseline_15_joint_4h20,15,joint,baseline,4h,20,0,0,0,0,0,,,,,,,,,,,,,,,,,,0,,,,,,month,2024-06,fixed pre-expansion clock observation,False,2020-02-01 00:00:00+00:00,2026-07-23 00:00:00+00:00,2026-09-23 04:00:00+00:00,2024-06-01T00:00:00+08:00,2024-07-01T00:00:00+08:00,True,True,True,0.0,0.0,,eventual exits may occur after entry period; incomplete current period is right-censored
baseline_15_joint_4h20,15,joint,baseline,4h,20,0,0,0,0,0,,,,,,,,,,,,,,,,,,0,,,,,,month,2024-07,fixed pre-expansion clock observation,False,2020-02-01 00:00:00+00:00,2026-07-23 00:00:00+00:00,2026-09-23 04:00:00+00:00,2024-07-01T00:00:00+08:00,2024-08-01T00:00:00+08:00,True,True,True,0.0,0.0,,eventual exits may occur after entry period; incomplete current period is right-censored
baseline_15_joint_4h20,15,joint,baseline,4h,20,1,1,0,1,1,0.0,-91.256726933358,-1.2806752549651164,0.0,-1.2806752549651164,-71.256726933358,-91.256726933358,0.0,0.0,0.0,0.0,,,,,,,1,-91.256726933358,-20.73035910604,0.0,-70.526367827318,1.0,month,2024-08,fixed pre-expansion clock observation,False,2020-02-01 00:00:00+00:00,2026-07-23 00:00:00+00:00,2026-09-23 04:00:00+00:00,2024-08-01T00:00:00+08:00,2024-09-01T00:00:00+08:00,True,True,True,0.0,1.0,1.0,eventual exits may occur after entry period; incomplete current period is right-censored
baseline_15_joint_4h20,15,joint,baseline,4h,20,1,1,0,1,1,1.0,41.508267913812,0.1855244494214221,1.0,0.1855244494214221,61.508267913812,41.508267913812,0.0,0.0,,0.0,,,,,,,0,,,,,0.0,month,2024-09,fixed pre-expansion clock observation,False,2020-02-01 00:00:00+00:00,2026-07-23 00:00:00+00:00,2026-09-23 04:00:00+00:00,2024-09-01T00:00:00+08:00,2024-10-01T00:00:00+08:00,True,True,True,0.0,1.0,1.0,eventual exits may occur after entry period; incomplete current period is right-censored
baseline_15_joint_4h20,15,joint,baseline,4h,20,0,0,0,0,0,,,,,,,,,,,,,,,,,,0,,,,,,month,2024-10,fixed pre-expansion clock observation,False,2020-02-01 00:00:00+00:00,2026-07-23 00:00:00+00:00,2026-09-23 04:00:00+00:00,2024-10-01T00:00:00+08:00,2024-11-01T00:00:00+08:00,True,True,True,0.0,0.0,,eventual exits may occur after entry period; incomplete current period is right-censored
baseline_15_joint_4h20,15,joint,baseline,4h,20,1,1,0,1,1,0.0,-144.035698078959,-1.161243902439026,0.0,-1.161243902439026,-124.03569807895899,-144.035698078959,0.0,0.0,0.0,0.0,,,,,,,0,,,,,0.0,month,2024-11,fixed pre-expansion clock observation,False,2020-02-01 00:00:00+00:00,2026-07-23 00:00:00+00:00,2026-09-23 04:00:00+00:00,2024-11-01T00:00:00+08:00,2024-12-01T00:00:00+08:00,True,True,True,0.0,1.0,1.0,eventual exits may occur after entry period; incomplete current period is right-censored
baseline_15_joint_4h20,15,joint,baseline,4h,20,1,1,0,1,1,0.0,-116.538747156055,-1.2071707018081503,0.0,-1.2071707018081503,-96.538747156055,-116.538747156055,0.0,0.0,0.0,0.0,,,,,,,1,-116.538747156055,-104.609895834887,0.0,-11.928851321167995,1.0,month,2024-12,fixed pre-expansion clock observation,False,2020-02-01 00:00:00+00:00,2026-07-23 00:00:00+00:00,2026-09-23 04:00:00+00:00,2024-12-01T00:00:00+08:00,2025-01-01T00:00:00+08:00,True,True,True,0.0,1.0,1.0,eventual exits may occur after entry period; incomplete current period is right-censored
baseline_15_joint_4h20,15,joint,baseline,4h,20,0,0,0,0,0,,,,,,,,,,,,,,,,,,0,,,,,,month,2025-01,fixed pre-expansion clock observation,False,2020-02-01 00:00:00+00:00,2026-07-23 00:00:00+00:00,2026-09-23 04:00:00+00:00,2025-01-01T00:00:00+08:00,2025-02-01T00:00:00+08:00,True,True,True,0.0,0.0,,eventual exits may occur after entry period; incomplete current period is right-censored
baseline_15_joint_4h20,15,joint,baseline,4h,20,1,1,0,1,1,0.0,-203.86776167808802,-1.1087738264580391,0.0,-1.1087738264580391,-183.867761678088,-203.86776167808802,0.0,0.0,0.0,0.0,,,,,,,0,,,,,0.0,month,2025-02,fixed pre-expansion clock observation,False,2020-02-01 00:00:00+00:00,2026-07-23 00:00:00+00:00,2026-09-23 04:00:00+00:00,2025-02-01T00:00:00+08:00,2025-03-01T00:00:00+08:00,True,True,True,0.0,1.0,1.0,eventual exits may occur after entry period; incomplete current period is right-censored
baseline_15_joint_4h20,15,joint,baseline,4h,20,0,0,0,0,0,,,,,,,,,,,,,,,,,,0,,,,,,month,2025-03,fixed pre-expansion clock observation,False,2020-02-01 00:00:00+00:00,2026-07-23 00:00:00+00:00,2026-09-23 04:00:00+00:00,2025-03-01T00:00:00+08:00,2025-04-01T00:00:00+08:00,True,True,True,0.0,0.0,,eventual exits may occur after entry period; incomplete current period is right-censored
baseline_15_joint_4h20,15,joint,baseline,4h,20,0,0,0,0,0,,,,,,,,,,,,,,,,,,0,,,,,,month,2025-04,fixed pre-expansion clock observation,False,2020-02-01 00:00:00+00:00,2026-07-23 00:00:00+00:00,2026-09-23 04:00:00+00:00,2025-04-01T00:00:00+08:00,2025-05-01T00:00:00+08:00,True,True,True,0.0,0.0,,eventual exits may occur after entry period; incomplete current period is right-censored
baseline_15_joint_4h20,15,joint,baseline,4h,20,0,0,0,0,0,,,,,,,,,,,,,,,,,,0,,,,,,month,2025-05,fixed pre-expansion clock observation,False,2020-02-01 00:00:00+00:00,2026-07-23 00:00:00+00:00,2026-09-23 04:00:00+00:00,2025-05-01T00:00:00+08:00,2025-06-01T00:00:00+08:00,True,True,True,0.0,0.0,,eventual exits may occur after entry period; incomplete current period is right-censored
baseline_15_joint_4h20,15,joint,baseline,4h,20,1,1,0,1,1,0.0,-122.60196450794099,-1.1949280415430314,0.0,-1.1949280415430314,-102.60196450794099,-122.60196450794099,0.0,0.0,0.0,0.0,,,,,,,0,,,,,0.0,month,2025-06,fixed pre-expansion clock observation,False,2020-02-01 00:00:00+00:00,2026-07-23 00:00:00+00:00,2026-09-23 04:00:00+00:00,2025-06-01T00:00:00+08:00,2025-07-01T00:00:00+08:00,True,True,True,0.0,1.0,1.0,eventual exits may occur after entry period; incomplete current period is right-censored
baseline_15_joint_4h20,15,joint,baseline,4h,20,0,0,0,0,0,,,,,,,,,,,,,,,,,,0,,,,,,month,2025-07,fixed pre-expansion clock observation,False,2020-02-01 00:00:00+00:00,2026-07-23 00:00:00+00:00,2026-09-23 04:00:00+00:00,2025-07-01T00:00:00+08:00,2025-08-01T00:00:00+08:00,True,True,True,0.0,0.0,,eventual exits may occur after entry period; incomplete current period is right-censored
baseline_15_joint_4h20,15,joint,baseline,4h,20,1,1,0,1,1,1.0,824.35842287196,3.203586539336065,1.0,3.203586539336065,844.35842287196,824.35842287196,0.0,0.0,,0.0,,,,,,,1,824.35842287196,478.719836864165,1.0,345.63858600779497,1.0,month,2025-08,fixed pre-expansion clock observation,False,2020-02-01 00:00:00+00:00,2026-07-23 00:00:00+00:00,2026-09-23 04:00:00+00:00,2025-08-01T00:00:00+08:00,2025-09-01T00:00:00+08:00,True,True,True,0.0,1.0,1.0,eventual exits may occur after entry period; incomplete current period is right-censored
baseline_15_joint_4h20,15,joint,baseline,4h,20,1,1,0,1,1,0.0,-207.445963868783,-1.1066974160830747,0.0,-1.1066974160830747,-187.445963868783,-207.445963868783,0.0,0.0,0.0,0.0,,,,,,,0,,,,,0.0,month,2025-09,fixed pre-expansion clock observation,False,2020-02-01 00:00:00+00:00,2026-07-23 00:00:00+00:00,2026-09-23 04:00:00+00:00,2025-09-01T00:00:00+08:00,2025-10-01T00:00:00+08:00,True,True,True,0.0,1.0,1.0,eventual exits may occur after entry period; incomplete current period is right-censored
baseline_15_joint_4h20,15,joint,baseline,4h,20,0,0,0,0,0,,,,,,,,,,,,,,,,,,0,,,,,,month,2025-10,fixed pre-expansion clock observation,False,2020-02-01 00:00:00+00:00,2026-07-23 00:00:00+00:00,2026-09-23 04:00:00+00:00,2025-10-01T00:00:00+08:00,2025-11-01T00:00:00+08:00,True,True,True,0.0,0.0,,eventual exits may occur after entry period; incomplete current period is right-censored
baseline_15_joint_4h20,15,joint,baseline,4h,20,1,1,0,1,1,0.0,-186.278282604732,-1.1202802896848716,0.0,-1.1202802896848716,-166.278282604732,-186.278282604732,0.0,0.0,0.0,0.0,,,,,,,0,,,,,0.0,month,2025-11,fixed pre-expansion clock observation,False,2020-02-01 00:00:00+00:00,2026-07-23 00:00:00+00:00,2026-09-23 04:00:00+00:00,2025-11-01T00:00:00+08:00,2025-12-01T00:00:00+08:00,True,True,True,0.0,1.0,1.0,eventual exits may occur after entry period; incomplete current period is right-censored
baseline_15_joint_4h20,15,joint,baseline,4h,20,0,0,0,0,0,,,,,,,,,,,,,,,,,,0,,,,,,month,2025-12,fixed pre-expansion clock observation,False,2020-02-01 00:00:00+00:00,2026-07-23 00:00:00+00:00,2026-09-23 04:00:00+00:00,2025-12-01T00:00:00+08:00,2026-01-01T00:00:00+08:00,True,True,True,0.0,0.0,,eventual exits may occur after entry period; incomplete current period is right-censored
baseline_15_joint_4h20,15,joint,baseline,4h,20,1,1,0,1,1,0.0,-97.03964263079601,-0.5972060192995564,0.0,-0.5972060192995564,-77.03964263079601,-97.03964263079601,0.0,0.0,0.0,0.0,,,,,,,0,,,,,0.0,month,2026-01,fixed pre-expansion clock observation,False,2020-02-01 00:00:00+00:00,2026-07-23 00:00:00+00:00,2026-09-23 04:00:00+00:00,2026-01-01T00:00:00+08:00,2026-02-01T00:00:00+08:00,True,True,True,0.0,1.0,1.0,eventual exits may occur after entry period; incomplete current period is right-censored
baseline_15_joint_4h20,15,joint,baseline,4h,20,0,0,0,0,0,,,,,,,,,,,,,,,,,,0,,,,,,month,2026-02,fixed pre-expansion clock observation,False,2020-02-01 00:00:00+00:00,2026-07-23 00:00:00+00:00,2026-09-23 04:00:00+00:00,2026-02-01T00:00:00+08:00,2026-03-01T00:00:00+08:00,True,True,True,0.0,0.0,,eventual exits may occur after entry period; incomplete current period is right-censored
baseline_15_joint_4h20,15,joint,baseline,4h,20,2,2,0,1,2,0.5,268.213092582119,0.9293665765354279,1.0,1.8587331530708557,288.213092582119,268.213092582119,0.0,0.0,4.875469400859102,0.0,,,,,,,0,,,,,0.0,month,2026-03,fixed pre-expansion clock observation,False,2020-02-01 00:00:00+00:00,2026-07-23 00:00:00+00:00,2026-09-23 04:00:00+00:00,2026-03-01T00:00:00+08:00,2026-04-01T00:00:00+08:00,True,True,True,0.0,2.0,1.0,eventual exits may occur after entry period; incomplete current period is right-censored
baseline_15_joint_4h20,15,joint,baseline,4h,20,0,0,0,0,0,,,,,,,,,,,,,,,,,,0,,,,,,month,2026-04,fixed pre-expansion clock observation,False,2020-02-01 00:00:00+00:00,2026-07-23 00:00:00+00:00,2026-09-23 04:00:00+00:00,2026-04-01T00:00:00+08:00,2026-05-01T00:00:00+08:00,True,True,True,0.0,0.0,,eventual exits may occur after entry period; incomplete current period is right-censored
baseline_15_joint_4h20,15,joint,baseline,4h,20,3,3,0,3,2,0.3333333333333333,-14.044318523701998,-0.13579815263985065,1.0,-0.407394457919552,5.955681476297667,-5.736891162508,0.0,0.0,0.7403513105353704,0.0,0.0,1.0,-75.458793228501,39.062728819903,-1.360628113879003,1.1616273567468716,0,,,,,0.0,month,2026-05,fixed pre-expansion clock observation,False,2020-02-01 00:00:00+00:00,2026-07-23 00:00:00+00:00,2026-09-23 04:00:00+00:00,2026-05-01T00:00:00+08:00,2026-06-01T00:00:00+08:00,True,True,True,0.0,3.0,1.0,eventual exits may occur after entry period; incomplete current period is right-censored
baseline_15_joint_4h20,15,joint,baseline,4h,20,0,0,0,0,0,,,,,,,,,,,,,,,,,,0,,,,,,month,2026-06,fixed pre-expansion clock observation,False,2020-02-01 00:00:00+00:00,2026-07-23 00:00:00+00:00,2026-09-23 04:00:00+00:00,2026-06-01T00:00:00+08:00,2026-07-01T00:00:00+08:00,True,True,True,0.0,0.0,,eventual exits may occur after entry period; incomplete current period is right-censored
baseline_15_joint_4h20,15,joint,baseline,4h,20,1,1,0,1,1,0.0,-138.807218011783,-1.1683399404067871,0.0,-1.1683399404067871,-118.807218011783,-138.807218011783,0.0,0.0,0.0,0.0,,,,,,,1,-138.807218011783,-67.980014339891,0.0,-70.827203671892,1.0,month,2026-07,fixed pre-expansion clock observation,False,2020-02-01 00:00:00+00:00,2026-07-23 00:00:00+00:00,2026-09-23 04:00:00+00:00,2026-07-01T00:00:00+08:00,2026-08-01T00:00:00+08:00,True,True,True,0.0,1.0,1.0,eventual exits may occur after entry period; incomplete current period is right-censored
baseline_15_joint_4h20,15,joint,baseline,4h,20,3,3,0,3,2,0.3333333333333333,-24.442482517041,-0.5433570479499271,1.0,-1.6300711438497815,-4.442482517040998,-38.370640954848,0.0,0.0,0.4176946241056272,0.0,0.0,1.0,-120.92151699136498,85.96471039509,-2.0886936416184967,1.1692695652173934,0,,,,,0.0,month,2026-08,fixed pre-expansion clock observation,False,2020-02-01 00:00:00+00:00,2026-07-23 00:00:00+00:00,2026-09-23 04:00:00+00:00,2026-08-01T00:00:00+08:00,2026-09-01T00:00:00+08:00,True,True,True,0.0,3.0,1.0,eventual exits may occur after entry period; incomplete current period is right-censored
baseline_15_joint_4h20,15,joint,baseline,4h,20,3,3,0,2,2,0.6666666666666666,101.90090995561667,0.9346168338888337,2.0,2.803850501666501,121.90090995561667,202.075520438247,0.0,0.0,3.3178886884084227,0.0,0.0,1.0,-115.393861211785,210.5482955393175,-1.2096570968607487,2.006753799263625,1,-115.393861211785,-72.812041721119,0.0,-42.581819490666,0.3333333333333333,month,2026-09,fixed pre-expansion clock observation,False,2020-02-01 00:00:00+00:00,2026-07-23 00:00:00+00:00,2026-09-23 04:00:00+00:00,2026-09-01T00:00:00+08:00,2026-10-01T00:00:00+08:00,True,False,False,0.0,3.0,1.0,eventual exits may occur after entry period; incomplete current period is right-censored
baseline_60_v9_both_4h00,60,v9_both,baseline,4h,0,68,68,0,60,2,0.22058823529411764,-41.649144162840074,0.06859257639299099,15.0,4.664295194723387,-21.649144162840106,-207.90809379797304,3.0,1.0,1.096523784893825,0.04411764705882353,0.12671654929577464,0.3333333333333333,-154.0104528725627,93.40890859828556,-0.5029497927063449,0.8364293483944608,14,-222.7826586664388,-20.439802465347,0.35714285714285715,-202.3428562010918,0.20588235294117646,old_window_cut,all,fixed pre-expansion clock observation,False,2020-02-01 00:00:00+00:00,2026-07-23 00:00:00+00:00,2026-09-23 04:00:00+00:00,,,,,,,,,
baseline_60_v9_both_4h00,60,v9_both,baseline,4h,0,65,65,0,57,2,0.2153846153846154,-74.53524473269471,-0.1798744268693492,14.0,-11.691837746507698,-54.53524473269474,-208.98784725436903,2.0,0.0,0.7494307711397649,0.03076923076923077,0.11940298507462686,0.3230882352941176,-170.44344330128197,37.95493771292119,-0.5767287364714084,0.298738138736701,13,-220.49485142837088,-36.13331232462462,0.3076923076923077,-184.36153910374622,0.2,old_window_cut,earlier_history_mature,fixed pre-expansion clock observation,False,2020-02-01 00:00:00+00:00,2026-07-23 00:00:00+00:00,2026-09-23 04:00:00+00:00,,,,,,,,,
baseline_60_v9_both_4h00,60,v9_both,baseline,4h,0,3,3,0,3,2,0.3333333333333333,670.8830348506771,5.452044313743695,1.0,16.356132941231085,690.8830348506771,-146.747363695787,1.0,1.0,10.843324345062504,0.3333333333333333,0.0,1.0,-252.52415276132197,2411.92062100914,-0.9063887537698196,18.017780202649984,1,-252.524152761322,183.575825705262,1.0,-436.099978466584,0.3333333333333333,old_window_cut,old_window,fixed pre-expansion clock observation,False,2020-02-01 00:00:00+00:00,2026-07-23 00:00:00+00:00,2026-09-23 04:00:00+00:00,,,,,,,,,
baseline_60_v9_both_4h00,60,v9_both,baseline,4h,0,0,0,0,0,0,,,,,,,,,,,,,,,,,,0,,,,,,old_window_cut,crossing_old_window_cut,fixed pre-expansion clock observation,False,2020-02-01 00:00:00+00:00,2026-07-23 00:00:00+00:00,2026-09-23 04:00:00+00:00,,,,,,,,,
baseline_60_v9_both_4h00,60,v9_both,baseline,4h,0,7,7,0,6,2,0.42857142857142855,-57.11853296192128,-0.22881644239391674,3.0,-1.6017150967574172,-37.11853296192144,-11.063069197378,0.0,0.0,0.5079713470690079,0.0,0.14285714285714285,0.7142857142857143,-243.1474670262826,137.60794105630563,-0.8395796452943451,0.4234460636265207,1,-246.44361058995202,-178.34318955321098,0.0,-68.10042103674103,0.14285714285714285,year,2020,fixed pre-expansion clock observation,False,2020-02-01 00:00:00+00:00,2026-07-23 00:00:00+00:00,2026-09-23 04:00:00+00:00,2020-01-01T00:00:00+08:00,2021-01-01T00:00:00+08:00,False,True,False,0.0,7.0,1.0,eventual exits may occur after entry period; incomplete current period is right-censored
baseline_60_v9_both_4h00,60,v9_both,baseline,4h,0,10,10,0,9,2,0.3,-45.24672993481089,-0.1738582839929173,3.0,-1.7385828399291732,-25.24672993481089,-209.43868582760052,0.0,0.0,0.7500137546905077,0.0,0.0,0.6666666666666666,-338.0865739230187,418.3681258054449,-0.9504037182811719,1.0885969906598865,4,-163.560156487631,113.50918385518773,0.5,-277.0693403428187,0.4,year,2021,fixed pre-expansion clock observation,False,2020-02-01 00:00:00+00:00,2026-07-23 00:00:00+00:00,2026-09-23 04:00:00+00:00,2021-01-01T00:00:00+08:00,2022-01-01T00:00:00+08:00,True,True,True,0.0,10.0,1.0,eventual exits may occur after entry period; incomplete current period is right-censored
baseline_60_v9_both_4h00,60,v9_both,baseline,4h,0,11,11,0,8,2,0.18181818181818182,-128.05127581137447,-0.39615384830198347,2.0,-4.357692331321818,-108.05127581137447,-212.487566361119,0.0,0.0,0.4273843771316121,0.0,0.0,0.5,-260.6888625551086,91.69414565450533,-0.949403962165183,0.3110009469243278,1,-300.202670607485,-257.024589356196,0.0,-43.178081251288994,0.09090909090909091,year,2022,fixed pre-expansion clock observation,False,2020-02-01 00:00:00+00:00,2026-07-23 00:00:00+00:00,2026-09-23 04:00:00+00:00,2022-01-01T00:00:00+08:00,2023-01-01T00:00:00+08:00,True,True,True,0.0,11.0,1.0,eventual exits may occur after entry period; incomplete current period is right-censored
baseline_60_v9_both_4h00,60,v9_both,baseline,4h,0,10,10,0,10,2,0.2,11.107335193881607,0.29303194275914646,2.0,2.9303194275914644,31.107335193881607,-180.9068631272305,1.0,0.0,1.4289779882147384,0.1,0.0,0.5,-240.72885840871172,343.34044461952016,-0.9171365955474429,1.8505484239124947,1,-133.36635969748198,214.82699943278402,1.0,-348.193359130266,0.1,year,2023,fixed pre-expansion clock observation,False,2020-02-01 00:00:00+00:00,2026-07-23 00:00:00+00:00,2026-09-23 04:00:00+00:00,2023-01-01T00:00:00+08:00,2024-01-01T00:00:00+08:00,True,True,True,1.0,9.0,0.9,eventual exits may occur after entry period; incomplete current period is right-censored
baseline_60_v9_both_4h00,60,v9_both,baseline,4h,0,10,10,0,9,2,0.3,33.082296706265176,0.6884142434923486,3.0,6.884142434923486,53.082296706265225,-195.080179186218,1.0,0.0,2.089553862526159,0.1,0.0,0.6016666666666576,-227.90325415851186,397.83639890280114,-0.7671228908029049,2.8578464351353756,1,-183.332018030859,14.306571630637,1.0,-197.638589661496,0.1,year,2024,fixed pre-expansion clock observation,False,2020-02-01 00:00:00+00:00,2026-07-23 00:00:00+00:00,2026-09-23 04:00:00+00:00,2024-01-01T00:00:00+08:00,2025-01-01T00:00:00+08:00,True,True,True,0.0,10.0,1.0,eventual exits may occur after entry period; incomplete current period is right-censored
baseline_60_v9_both_4h00,60,v9_both,baseline,4h,0,11,11,0,9,2,0.09090909090909091,-161.29301793831903,-0.7073662776089734,1.0,-7.781029053698707,-141.293017938319,-230.337548801673,0.0,0.0,0.19487606373166835,0.0,0.0,0.3,-309.2821376698812,58.72896697422186,-1.0617177038664227,-0.0966065893103864,4,-270.22555732640853,-147.83035343647524,0.0,-122.39520388993324,0.36363636363636365,year,2025,fixed pre-expansion clock observation,False,2020-02-01 00:00:00+00:00,2026-07-23 00:00:00+00:00,2026-09-23 04:00:00+00:00,2025-01-01T00:00:00+08:00,2026-01-01T00:00:00+08:00,True,True,True,0.0,11.0,1.0,eventual exits may occur after entry period; incomplete current period is right-censored
baseline_60_v9_both_4h00,60,v9_both,baseline,4h,0,9,9,0,9,2,0.1111111111111111,84.56068213928802,1.147650294879506,1.0,10.328852653915554,104.560682139288,-167.768114351559,1.0,1.0,2.343341134176202,0.1111111111111111,0.0,0.3333333333333333,-240.59262434798808,678.8017145319003,-1.0636218666390287,5.401899361607375,2,-260.2348535741035,28.680825828138996,0.5,-288.9156794022425,0.2222222222222222,year,2026,fixed pre-expansion clock observation,False,2020-02-01 00:00:00+00:00,2026-07-23 00:00:00+00:00,2026-09-23 04:00:00+00:00,2026-01-01T00:00:00+08:00,2027-01-01T00:00:00+08:00,True,False,False,0.0,9.0,1.0,eventual exits may occur after entry period; incomplete current period is right-censored
baseline_60_v9_both_4h00,60,v9_both,baseline,4h,0,0,0,0,0,0,,,,,,,,,,,,,,,,,,0,,,,,,month,2020-02,fixed pre-expansion clock observation,False,2020-02-01 00:00:00+00:00,2026-07-23 00:00:00+00:00,2026-09-23 04:00:00+00:00,2020-02-01T00:00:00+08:00,2020-03-01T00:00:00+08:00,False,True,False,0.0,0.0,,eventual exits may occur after entry period; incomplete current period is right-censored
baseline_60_v9_both_4h00,60,v9_both,baseline,4h,0,1,1,0,1,1,0.0,-360.255591054312,-1.058779342723002,0.0,-1.058779342723002,-340.25559105431205,-360.255591054312,0.0,0.0,0.0,0.0,,,,,,,0,,,,,0.0,month,2020-03,fixed pre-expansion clock observation,False,2020-02-01 00:00:00+00:00,2026-07-23 00:00:00+00:00,2026-09-23 04:00:00+00:00,2020-03-01T00:00:00+08:00,2020-04-01T00:00:00+08:00,True,True,True,0.0,1.0,1.0,eventual exits may occur after entry period; incomplete current period is right-censored
baseline_60_v9_both_4h00,60,v9_both,baseline,4h,0,0,0,0,0,0,,,,,,,,,,,,,,,,,,0,,,,,,month,2020-04,fixed pre-expansion clock observation,False,2020-02-01 00:00:00+00:00,2026-07-23 00:00:00+00:00,2026-09-23 04:00:00+00:00,2020-04-01T00:00:00+08:00,2020-05-01T00:00:00+08:00,True,True,True,0.0,0.0,,eventual exits may occur after entry period; incomplete current period is right-censored
baseline_60_v9_both_4h00,60,v9_both,baseline,4h,0,1,1,0,1,1,1.0,439.04163827127,1.2782427550676174,1.0,1.2782427550676174,459.04163827126996,439.04163827127,0.0,0.0,,0.0,,,,,,,0,,,,,0.0,month,2020-05,fixed pre-expansion clock observation,False,2020-02-01 00:00:00+00:00,2026-07-23 00:00:00+00:00,2026-09-23 04:00:00+00:00,2020-05-01T00:00:00+08:00,2020-06-01T00:00:00+08:00,True,True,True,0.0,1.0,1.0,eventual exits may occur after entry period; incomplete current period is right-censored
baseline_60_v9_both_4h00,60,v9_both,baseline,4h,0,2,2,0,1,2,0.5,-2.3977039085695004,-0.0031035250626844507,1.0,-0.0062070501253689014,17.60229609143,-2.3977039085695004,0.0,0.0,0.7652896494369369,0.0,,,,,,,0,,,,,0.0,month,2020-06,fixed pre-expansion clock observation,False,2020-02-01 00:00:00+00:00,2026-07-23 00:00:00+00:00,2026-09-23 04:00:00+00:00,2020-06-01T00:00:00+08:00,2020-07-01T00:00:00+08:00,True,True,True,0.0,2.0,1.0,eventual exits may occur after entry period; incomplete current period is right-censored
baseline_60_v9_both_4h00,60,v9_both,baseline,4h,0,1,1,0,1,1,1.0,37.176490372488,0.3551325301204852,1.0,0.3551325301204852,57.176490372488004,37.176490372488,0.0,0.0,,0.0,,,,,,,0,,,,,0.0,month,2020-07,fixed pre-expansion clock observation,False,2020-02-01 00:00:00+00:00,2026-07-23 00:00:00+00:00,2026-09-23 04:00:00+00:00,2020-07-01T00:00:00+08:00,2020-08-01T00:00:00+08:00,True,True,True,0.0,1.0,1.0,eventual exits may occur after entry period; incomplete current period is right-censored
baseline_60_v9_both_4h00,60,v9_both,baseline,4h,0,1,1,0,1,1,0.0,-264.553249915804,-1.0817817796610132,0.0,-1.0817817796610132,-244.553249915804,-264.553249915804,0.0,0.0,0.0,0.0,,,,,,,0,,,,,0.0,month,2020-08,fixed pre-expansion clock observation,False,2020-02-01 00:00:00+00:00,2026-07-23 00:00:00+00:00,2026-09-23 04:00:00+00:00,2020-08-01T00:00:00+08:00,2020-09-01T00:00:00+08:00,True,True,True,0.0,1.0,1.0,eventual exits may occur after entry period; incomplete current period is right-censored
baseline_60_v9_both_4h00,60,v9_both,baseline,4h,0,0,0,0,0,0,,,,,,,,,,,,,,,,,,0,,,,,,month,2020-09,fixed pre-expansion clock observation,False,2020-02-01 00:00:00+00:00,2026-07-23 00:00:00+00:00,2026-09-23 04:00:00+00:00,2020-09-01T00:00:00+08:00,2020-10-01T00:00:00+08:00,True,True,True,0.0,0.0,,eventual exits may occur after entry period; incomplete current period is right-censored
baseline_60_v9_both_4h00,60,v9_both,baseline,4h,0,1,1,0,1,1,0.0,-246.44361058995202,-1.088322209436136,0.0,-1.088322209436136,-226.443610589952,-246.44361058995202,0.0,0.0,0.0,0.0,,,,,,,1,-246.44361058995202,-178.34318955321098,0.0,-68.10042103674103,1.0,month,2020-10,fixed pre-expansion clock observation,False,2020-02-01 00:00:00+00:00,2026-07-23 00:00:00+00:00,2026-09-23 04:00:00+00:00,2020-10-01T00:00:00+08:00,2020-11-01T00:00:00+08:00,True,True,True,0.0,1.0,1.0,eventual exits may occur after entry period; incomplete current period is right-censored
baseline_60_v9_both_4h00,60,v9_both,baseline,4h,0,0,0,0,0,0,,,,,,,,,,,,,,,,,,0,,,,,,month,2020-11,fixed pre-expansion clock observation,False,2020-02-01 00:00:00+00:00,2026-07-23 00:00:00+00:00,2026-09-23 04:00:00+00:00,2020-11-01T00:00:00+08:00,2020-12-01T00:00:00+08:00,True,True,True,0.0,0.0,,eventual exits may occur after entry period; incomplete current period is right-censored
baseline_60_v9_both_4h00,60,v9_both,baseline,4h,0,0,0,0,0,0,,,,,,,,,,,,,,,,,,0,,,,,,month,2020-12,fixed pre-expansion clock observation,False,2020-02-01 00:00:00+00:00,2026-07-23 00:00:00+00:00,2026-09-23 04:00:00+00:00,2020-12-01T00:00:00+08:00,2021-01-01T00:00:00+08:00,True,True,True,0.0,0.0,,eventual exits may occur after entry period; incomplete current period is right-censored
baseline_60_v9_both_4h00,60,v9_both,baseline,4h,0,0,0,0,0,0,,,,,,,,,,,,,,,,,,0,,,,,,month,2021-01,fixed pre-expansion clock observation,False,2020-02-01 00:00:00+00:00,2026-07-23 00:00:00+00:00,2026-09-23 04:00:00+00:00,2021-01-01T00:00:00+08:00,2021-02-01T00:00:00+08:00,True,True,True,0.0,0.0,,eventual exits may occur after entry period; incomplete current period is right-censored
baseline_60_v9_both_4h00,60,v9_both,baseline,4h,0,1,1,0,1,1,1.0,85.50522242415501,0.2813445779016775,1.0,0.2813445779016775,105.50522242415501,85.50522242415501,0.0,0.0,,0.0,,,,,,,1,85.50522242415501,611.426609870651,1.0,-525.9213874464959,1.0,month,2021-02,fixed pre-expansion clock observation,False,2020-02-01 00:00:00+00:00,2026-07-23 00:00:00+00:00,2026-09-23 04:00:00+00:00,2021-02-01T00:00:00+08:00,2021-03-01T00:00:00+08:00,True,True,True,0.0,1.0,1.0,eventual exits may occur after entry period; incomplete current period is right-censored
baseline_60_v9_both_4h00,60,v9_both,baseline,4h,0,0,0,0,0,0,,,,,,,,,,,,,,,,,,0,,,,,,month,2021-03,fixed pre-expansion clock observation,False,2020-02-01 00:00:00+00:00,2026-07-23 00:00:00+00:00,2026-09-23 04:00:00+00:00,2021-03-01T00:00:00+08:00,2021-04-01T00:00:00+08:00,True,True,True,0.0,0.0,,eventual exits may occur after entry period; incomplete current period is right-censored
baseline_60_v9_both_4h00,60,v9_both,baseline,4h,0,1,1,0,1,1,0.0,-288.638532606856,-1.0744494834971032,0.0,-1.0744494834971032,-268.638532606856,-288.638532606856,0.0,0.0,0.0,0.0,,,,,,,1,-288.638532606856,-179.798308839503,0.0,-108.840223767353,1.0,month,2021-04,fixed pre-expansion clock observation,False,2020-02-01 00:00:00+00:00,2026-07-23 00:00:00+00:00,2026-09-23 04:00:00+00:00,2021-04-01T00:00:00+08:00,2021-05-01T00:00:00+08:00,True,True,True,0.0,1.0,1.0,eventual exits may occur after entry period; incomplete current period is right-censored
baseline_60_v9_both_4h00,60,v9_both,baseline,4h,0,1,1,0,1,1,0.0,-531.2023358516141,-1.0391234519041908,0.0,-1.0391234519041908,-511.202335851614,-531.2023358516141,0.0,0.0,0.0,0.0,,,,,,,1,-531.2023358516141,-119.77636185012301,0.0,-411.425974001491,1.0,month,2021-05,fixed pre-expansion clock observation,False,2020-02-01 00:00:00+00:00,2026-07-23 00:00:00+00:00,2026-09-23 04:00:00+00:00,2021-05-01T00:00:00+08:00,2021-06-01T00:00:00+08:00,True,True,True,0.0,1.0,1.0,eventual exits may occur after entry period; incomplete current period is right-censored
baseline_60_v9_both_4h00,60,v9_both,baseline,4h,0,0,0,0,0,0,,,,,,,,,,,,,,,,,,0,,,,,,month,2021-06,fixed pre-expansion clock observation,False,2020-02-01 00:00:00+00:00,2026-07-23 00:00:00+00:00,2026-09-23 04:00:00+00:00,2021-06-01T00:00:00+08:00,2021-07-01T00:00:00+08:00,True,True,True,0.0,0.0,,eventual exits may occur after entry period; incomplete current period is right-censored
baseline_60_v9_both_4h00,60,v9_both,baseline,4h,0,1,1,0,1,1,1.0,80.095020083791,0.5014070374403884,1.0,0.5014070374403884,100.095020083791,80.095020083791,0.0,0.0,,0.0,,,,,,,1,80.095020083791,142.184796239726,1.0,-62.089776155935006,1.0,month,2021-07,fixed pre-expansion clock observation,False,2020-02-01 00:00:00+00:00,2026-07-23 00:00:00+00:00,2026-09-23 04:00:00+00:00,2021-07-01T00:00:00+08:00,2021-08-01T00:00:00+08:00,True,True,True,0.0,1.0,1.0,eventual exits may occur after entry period; incomplete current period is right-censored
baseline_60_v9_both_4h00,60,v9_both,baseline,4h,0,2,2,0,2,1,0.5,754.7217740347936,1.9553606063980529,1.0,3.9107212127961057,774.7217740347935,754.7217740347936,0.0,0.0,8.48236654391749,0.0,0.0,1.0,-208.98784725436903,1718.4313953239562,-0.5226583314038765,4.433379544199982,0,,,,,0.0,month,2021-08,fixed pre-expansion clock observation,False,2020-02-01 00:00:00+00:00,2026-07-23 00:00:00+00:00,2026-09-23 04:00:00+00:00,2021-08-01T00:00:00+08:00,2021-09-01T00:00:00+08:00,True,True,True,1.0,1.0,0.5,eventual exits may occur after entry period; incomplete current period is right-censored
baseline_60_v9_both_4h00,60,v9_both,baseline,4h,0,1,1,0,1,1,0.0,-554.7578408212199,-1.0374001061289462,0.0,-1.0374001061289462,-534.75784082122,-554.7578408212199,0.0,0.0,0.0,0.0,,,,,,,0,,,,,0.0,month,2021-09,fixed pre-expansion clock observation,False,2020-02-01 00:00:00+00:00,2026-07-23 00:00:00+00:00,2026-09-23 04:00:00+00:00,2021-09-01T00:00:00+08:00,2021-10-01T00:00:00+08:00,True,True,True,0.0,1.0,1.0,eventual exits may occur after entry period; incomplete current period is right-censored
baseline_60_v9_both_4h00,60,v9_both,baseline,4h,0,2,2,0,1,1,0.0,-271.51142812256,-1.087879113857848,0.0,-2.175758227715696,-251.51142812256,-271.51142812256,0.0,0.0,0.0,0.0,,,,,,,0,,,,,0.0,month,2021-10,fixed pre-expansion clock observation,False,2020-02-01 00:00:00+00:00,2026-07-23 00:00:00+00:00,2026-09-23 04:00:00+00:00,2021-10-01T00:00:00+08:00,2021-11-01T00:00:00+08:00,True,True,True,0.0,2.0,1.0,eventual exits may occur after entry period; incomplete current period is right-censored
baseline_60_v9_both_4h00,60,v9_both,baseline,4h,0,1,1,0,1,1,0.0,-209.88952440083202,-1.1053243988214083,0.0,-1.1053243988214083,-189.889524400832,-209.88952440083202,0.0,0.0,0.0,0.0,,,,,,,0,,,,,0.0,month,2021-11,fixed pre-expansion clock observation,False,2020-02-01 00:00:00+00:00,2026-07-23 00:00:00+00:00,2026-09-23 04:00:00+00:00,2021-11-01T00:00:00+08:00,2021-12-01T00:00:00+08:00,True,True,True,0.0,1.0,1.0,eventual exits may occur after entry period; incomplete current period is right-censored
baseline_60_v9_both_4h00,60,v9_both,baseline,4h,0,0,0,0,0,0,,,,,,,,,,,,,,,,,,0,,,,,,month,2021-12,fixed pre-expansion clock observation,False,2020-02-01 00:00:00+00:00,2026-07-23 00:00:00+00:00,2026-09-23 04:00:00+00:00,2021-12-01T00:00:00+08:00,2022-01-01T00:00:00+08:00,True,True,True,0.0,0.0,,eventual exits may occur after entry period; incomplete current period is right-censored
baseline_60_v9_both_4h00,60,v9_both,baseline,4h,0,1,1,0,1,1,0.0,-281.86444322279897,-1.0763753939017344,0.0,-1.0763753939017344,-261.864443222799,-281.86444322279897,0.0,0.0,0.0,0.0,,,,,,,0,,,,,0.0,month,2022-01,fixed pre-expansion clock observation,False,2020-02-01 00:00:00+00:00,2026-07-23 00:00:00+00:00,2026-09-23 04:00:00+00:00,2022-01-01T00:00:00+08:00,2022-02-01T00:00:00+08:00,True,True,True,0.0,1.0,1.0,eventual exits may occur after entry period; incomplete current period is right-censored
baseline_60_v9_both_4h00,60,v9_both,baseline,4h,0,1,1,0,1,1,1.0,584.612983740497,1.608445640756308,1.0,1.608445640756308,604.6129837404969,584.612983740497,0.0,0.0,,0.0,,,,,,,0,,,,,0.0,month,2022-02,fixed pre-expansion clock observation,False,2020-02-01 00:00:00+00:00,2026-07-23 00:00:00+00:00,2026-09-23 04:00:00+00:00,2022-02-01T00:00:00+08:00,2022-03-01T00:00:00+08:00,True,True,True,0.0,1.0,1.0,eventual exits may occur after entry period; incomplete current period is right-censored
baseline_60_v9_both_4h00,60,v9_both,baseline,4h,0,0,0,0,0,0,,,,,,,,,,,,,,,,,,0,,,,,,month,2022-03,fixed pre-expansion clock observation,False,2020-02-01 00:00:00+00:00,2026-07-23 00:00:00+00:00,2026-09-23 04:00:00+00:00,2022-03-01T00:00:00+08:00,2022-04-01T00:00:00+08:00,True,True,True,0.0,0.0,,eventual exits may occur after entry period; incomplete current period is right-censored
baseline_60_v9_both_4h00,60,v9_both,baseline,4h,0,1,1,0,1,1,0.0,-180.290856876441,-1.1247731803905523,0.0,-1.1247731803905523,-160.290856876441,-180.290856876441,0.0,0.0,0.0,0.0,,,,,,,0,,,,,0.0,month,2022-04,fixed pre-expansion clock observation,False,2020-02-01 00:00:00+00:00,2026-07-23 00:00:00+00:00,2026-09-23 04:00:00+00:00,2022-04-01T00:00:00+08:00,2022-05-01T00:00:00+08:00,True,True,True,0.0,1.0,1.0,eventual exits may occur after entry period; incomplete current period is right-censored
baseline_60_v9_both_4h00,60,v9_both,baseline,4h,0,0,0,0,0,0,,,,,,,,,,,,,,,,,,0,,,,,,month,2022-05,fixed pre-expansion clock observation,False,2020-02-01 00:00:00+00:00,2026-07-23 00:00:00+00:00,2026-09-23 04:00:00+00:00,2022-05-01T00:00:00+08:00,2022-06-01T00:00:00+08:00,True,True,True,0.0,0.0,,eventual exits may occur after entry period; incomplete current period is right-censored
baseline_60_v9_both_4h00,60,v9_both,baseline,4h,0,0,0,0,0,0,,,,,,,,,,,,,,,,,,0,,,,,,month,2022-06,fixed pre-expansion clock observation,False,2020-02-01 00:00:00+00:00,2026-07-23 00:00:00+00:00,2026-09-23 04:00:00+00:00,2022-06-01T00:00:00+08:00,2022-07-01T00:00:00+08:00,True,True,True,0.0,0.0,,eventual exits may occur after entry period; incomplete current period is right-censored
baseline_60_v9_both_4h00,60,v9_both,baseline,4h,0,0,0,0,0,0,,,,,,,,,,,,,,,,,,0,,,,,,month,2022-07,fixed pre-expansion clock observation,False,2020-02-01 00:00:00+00:00,2026-07-23 00:00:00+00:00,2026-09-23 04:00:00+00:00,2022-07-01T00:00:00+08:00,2022-08-01T00:00:00+08:00,True,True,True,0.0,0.0,,eventual exits may occur after entry period; incomplete current period is right-censored
baseline_60_v9_both_4h00,60,v9_both,baseline,4h,0,2,2,0,1,2,0.0,-346.3382993131025,-1.0635215805492253,0.0,-2.1270431610984506,-326.3382993131025,-346.3382993131025,0.0,0.0,0.0,0.0,,,,,,,0,,,,,0.0,month,2022-08,fixed pre-expansion clock observation,False,2020-02-01 00:00:00+00:00,2026-07-23 00:00:00+00:00,2026-09-23 04:00:00+00:00,2022-08-01T00:00:00+08:00,2022-09-01T00:00:00+08:00,True,True,True,0.0,2.0,1.0,eventual exits may occur after entry period; incomplete current period is right-censored
baseline_60_v9_both_4h00,60,v9_both,baseline,4h,0,4,4,0,3,2,0.0,-179.2611398619025,-0.5569983036236462,0.0,-2.227993214494585,-159.2611398619025,-187.493181094997,0.0,0.0,0.0,0.0,0.0,0.0,-212.487566361119,-162.49879582887502,-1.1039028150134005,-0.23536989792972574,1,-300.202670607485,-257.024589356196,0.0,-43.178081251288994,0.25,month,2022-09,fixed pre-expansion clock observation,False,2020-02-01 00:00:00+00:00,2026-07-23 00:00:00+00:00,2026-09-23 04:00:00+00:00,2022-09-01T00:00:00+08:00,2022-10-01T00:00:00+08:00,True,True,True,1.0,3.0,0.75,eventual exits may occur after entry period; incomplete current period is right-censored
baseline_60_v9_both_4h00,60,v9_both,baseline,4h,0,2,2,0,2,2,0.5,-60.65027974628049,0.2950234889035974,1.0,0.5900469778071948,-40.65027974628051,-60.65027974628049,0.0,0.0,1.559833993895618,0.0,0.0,1.0,-390.591660548367,269.291101055806,-1.0539677551578086,1.6440147329650034,0,,,,,0.0,month,2022-10,fixed pre-expansion clock observation,False,2020-02-01 00:00:00+00:00,2026-07-23 00:00:00+00:00,2026-09-23 04:00:00+00:00,2022-10-01T00:00:00+08:00,2022-11-01T00:00:00+08:00,True,True,True,0.0,2.0,1.0,eventual exits may occur after entry period; incomplete current period is right-censored
baseline_60_v9_both_4h00,60,v9_both,baseline,4h,0,0,0,0,0,0,,,,,,,,,,,,,,,,,,0,,,,,,month,2022-11,fixed pre-expansion clock observation,False,2020-02-01 00:00:00+00:00,2026-07-23 00:00:00+00:00,2026-09-23 04:00:00+00:00,2022-11-01T00:00:00+08:00,2022-12-01T00:00:00+08:00,True,True,True,0.0,0.0,,eventual exits may occur after entry period; incomplete current period is right-censored
baseline_60_v9_both_4h00,60,v9_both,baseline,4h,0,0,0,0,0,0,,,,,,,,,,,,,,,,,,0,,,,,,month,2022-12,fixed pre-expansion clock observation,False,2020-02-01 00:00:00+00:00,2026-07-23 00:00:00+00:00,2026-09-23 04:00:00+00:00,2022-12-01T00:00:00+08:00,2023-01-01T00:00:00+08:00,True,True,True,0.0,0.0,,eventual exits may occur after entry period; incomplete current period is right-censored
baseline_60_v9_both_4h00,60,v9_both,baseline,4h,0,0,0,0,0,0,,,,,,,,,,,,,,,,,,0,,,,,,month,2023-01,fixed pre-expansion clock observation,False,2020-02-01 00:00:00+00:00,2026-07-23 00:00:00+00:00,2026-09-23 04:00:00+00:00,2023-01-01T00:00:00+08:00,2023-02-01T00:00:00+08:00,True,True,True,0.0,0.0,,eventual exits may occur after entry period; incomplete current period is right-censored
baseline_60_v9_both_4h00,60,v9_both,baseline,4h,0,2,2,0,2,1,0.5,106.99776037588748,1.1065023751153384,1.0,2.213004750230677,126.99776037588751,106.99776037588748,0.0,0.0,3.089837703276978,0.0,0.0,1.0,-359.35013544046103,573.345656192236,-1.0589361780393598,3.2719409282700367,0,,,,,0.0,month,2023-02,fixed pre-expansion clock observation,False,2020-02-01 00:00:00+00:00,2026-07-23 00:00:00+00:00,2026-09-23 04:00:00+00:00,2023-02-01T00:00:00+08:00,2023-03-01T00:00:00+08:00,True,True,True,0.0,2.0,1.0,eventual exits may occur after entry period; incomplete current period is right-censored
baseline_60_v9_both_4h00,60,v9_both,baseline,4h,0,1,1,0,1,1,0.0,-237.276748604677,-0.6812213935648797,0.0,-0.6812213935648797,-217.27674860467698,-237.276748604677,0.0,0.0,0.0,0.0,,,,,,,0,,,,,0.0,month,2023-03,fixed pre-expansion clock observation,False,2020-02-01 00:00:00+00:00,2026-07-23 00:00:00+00:00,2026-09-23 04:00:00+00:00,2023-03-01T00:00:00+08:00,2023-04-01T00:00:00+08:00,True,True,True,0.0,1.0,1.0,eventual exits may occur after entry period; incomplete current period is right-censored
baseline_60_v9_both_4h00,60,v9_both,baseline,4h,0,0,0,0,0,0,,,,,,,,,,,,,,,,,,0,,,,,,month,2023-04,fixed pre-expansion clock observation,False,2020-02-01 00:00:00+00:00,2026-07-23 00:00:00+00:00,2026-09-23 04:00:00+00:00,2023-04-01T00:00:00+08:00,2023-05-01T00:00:00+08:00,True,True,True,0.0,0.0,,eventual exits may occur after entry period; incomplete current period is right-censored
baseline_60_v9_both_4h00,60,v9_both,baseline,4h,0,1,1,0,1,1,0.0,-278.242650641546,-0.7658282565755286,0.0,-0.7658282565755286,-258.242650641546,-278.242650641546,0.0,0.0,0.0,0.0,,,,,,,0,,,,,0.0,month,2023-05,fixed pre-expansion clock observation,False,2020-02-01 00:00:00+00:00,2026-07-23 00:00:00+00:00,2026-09-23 04:00:00+00:00,2023-05-01T00:00:00+08:00,2023-06-01T00:00:00+08:00,True,True,True,0.0,1.0,1.0,eventual exits may occur after entry period; incomplete current period is right-censored
baseline_60_v9_both_4h00,60,v9_both,baseline,4h,0,0,0,0,0,0,,,,,,,,,,,,,,,,,,0,,,,,,month,2023-06,fixed pre-expansion clock observation,False,2020-02-01 00:00:00+00:00,2026-07-23 00:00:00+00:00,2026-09-23 04:00:00+00:00,2023-06-01T00:00:00+08:00,2023-07-01T00:00:00+08:00,True,True,True,0.0,0.0,,eventual exits may occur after entry period; incomplete current period is right-censored
baseline_60_v9_both_4h00,60,v9_both,baseline,4h,0,2,2,0,2,2,0.0,-180.9068631272305,-0.6585755269859253,0.0,-1.3171510539718505,-160.90686312723048,-180.9068631272305,0.0,0.0,0.0,0.0,0.0,0.0,-228.447366556979,-133.36635969748198,-1.0959474822366406,-0.2212035717352098,1,-133.36635969748198,214.82699943278402,1.0,-348.193359130266,0.5,month,2023-07,fixed pre-expansion clock observation,False,2020-02-01 00:00:00+00:00,2026-07-23 00:00:00+00:00,2026-09-23 04:00:00+00:00,2023-07-01T00:00:00+08:00,2023-08-01T00:00:00+08:00,True,True,True,0.0,2.0,1.0,eventual exits may occur after entry period; incomplete current period is right-censored
baseline_60_v9_both_4h00,60,v9_both,baseline,4h,0,2,2,0,2,1,0.0,-96.6030465339355,-0.9738593247875007,0.0,-1.9477186495750014,-76.6030465339355,-96.6030465339355,0.0,0.0,0.0,0.0,0.0,0.0,-114.378754006518,-78.827339061353,-1.2119121004566138,-0.7358065491183875,0,,,,,0.0,month,2023-08,fixed pre-expansion clock observation,False,2020-02-01 00:00:00+00:00,2026-07-23 00:00:00+00:00,2026-09-23 04:00:00+00:00,2023-08-01T00:00:00+08:00,2023-09-01T00:00:00+08:00,True,True,True,0.0,2.0,1.0,eventual exits may occur after entry period; incomplete current period is right-censored
baseline_60_v9_both_4h00,60,v9_both,baseline,4h,0,0,0,0,0,0,,,,,,,,,,,,,,,,,,0,,,,,,month,2023-09,fixed pre-expansion clock observation,False,2020-02-01 00:00:00+00:00,2026-07-23 00:00:00+00:00,2026-09-23 04:00:00+00:00,2023-09-01T00:00:00+08:00,2023-10-01T00:00:00+08:00,True,True,True,0.0,0.0,,eventual exits may occur after entry period; incomplete current period is right-censored
baseline_60_v9_both_4h00,60,v9_both,baseline,4h,0,0,0,0,0,0,,,,,,,,,,,,,,,,,,0,,,,,,month,2023-10,fixed pre-expansion clock observation,False,2020-02-01 00:00:00+00:00,2026-07-23 00:00:00+00:00,2026-09-23 04:00:00+00:00,2023-10-01T00:00:00+08:00,2023-11-01T00:00:00+08:00,True,True,True,0.0,0.0,,eventual exits may occur after entry period; incomplete current period is right-censored
baseline_60_v9_both_4h00,60,v9_both,baseline,4h,0,1,1,0,1,1,1.0,1320.526609046524,6.489310407474719,1.0,6.489310407474719,1340.526609046524,1320.526609046524,1.0,0.0,,1.0,,,,,,,0,,,,,0.0,month,2023-11,fixed pre-expansion clock observation,False,2020-02-01 00:00:00+00:00,2026-07-23 00:00:00+00:00,2026-09-23 04:00:00+00:00,2023-11-01T00:00:00+08:00,2023-12-01T00:00:00+08:00,True,True,True,1.0,0.0,0.0,eventual exits may occur after entry period; incomplete current period is right-censored
baseline_60_v9_both_4h00,60,v9_both,baseline,4h,0,1,1,0,1,1,0.0,-352.90955929092803,-1.0600763764266723,0.0,-1.0600763764266723,-332.909559290928,-352.90955929092803,0.0,0.0,0.0,0.0,,,,,,,0,,,,,0.0,month,2023-12,fixed pre-expansion clock observation,False,2020-02-01 00:00:00+00:00,2026-07-23 00:00:00+00:00,2026-09-23 04:00:00+00:00,2023-12-01T00:00:00+08:00,2024-01-01T00:00:00+08:00,True,True,True,1.0,0.0,0.0,eventual exits may occur after entry period; incomplete current period is right-censored
baseline_60_v9_both_4h00,60,v9_both,baseline,4h,0,1,1,0,1,1,1.0,241.750254936496,1.808432732316236,1.0,1.808432732316236,261.750254936496,241.750254936496,0.0,0.0,,0.0,,,,,,,0,,,,,0.0,month,2024-01,fixed pre-expansion clock observation,False,2020-02-01 00:00:00+00:00,2026-07-23 00:00:00+00:00,2026-09-23 04:00:00+00:00,2024-01-01T00:00:00+08:00,2024-02-01T00:00:00+08:00,True,True,True,0.0,1.0,1.0,eventual exits may occur after entry period; incomplete current period is right-censored
baseline_60_v9_both_4h00,60,v9_both,baseline,4h,0,1,1,0,1,1,1.0,1230.1897048881779,8.405220424194916,1.0,8.405220424194916,1250.189704888178,1230.1897048881779,1.0,0.0,,1.0,,,,,,,0,,,,,0.0,month,2024-02,fixed pre-expansion clock observation,False,2020-02-01 00:00:00+00:00,2026-07-23 00:00:00+00:00,2026-09-23 04:00:00+00:00,2024-02-01T00:00:00+08:00,2024-03-01T00:00:00+08:00,True,True,True,0.0,1.0,1.0,eventual exits may occur after entry period; incomplete current period is right-censored
baseline_60_v9_both_4h00,60,v9_both,baseline,4h,0,0,0,0,0,0,,,,,,,,,,,,,,,,,,0,,,,,,month,2024-03,fixed pre-expansion clock observation,False,2020-02-01 00:00:00+00:00,2026-07-23 00:00:00+00:00,2026-09-23 04:00:00+00:00,2024-03-01T00:00:00+08:00,2024-04-01T00:00:00+08:00,True,True,True,0.0,0.0,,eventual exits may occur after entry period; incomplete current period is right-censored
baseline_60_v9_both_4h00,60,v9_both,baseline,4h,0,2,2,0,2,2,0.5,271.530799325619,1.4383463952158002,1.0,2.8766927904316004,291.530799325619,271.530799325619,0.0,0.0,26.65965165579017,0.0,0.0,1.0,-43.201856148491004,586.263454799729,-0.1121095807932555,2.988802371224856,0,,,,,0.0,month,2024-04,fixed pre-expansion clock observation,False,2020-02-01 00:00:00+00:00,2026-07-23 00:00:00+00:00,2026-09-23 04:00:00+00:00,2024-04-01T00:00:00+08:00,2024-05-01T00:00:00+08:00,True,True,True,1.0,1.0,0.5,eventual exits may occur after entry period; incomplete current period is right-censored
baseline_60_v9_both_4h00,60,v9_both,baseline,4h,0,0,0,0,0,0,,,,,,,,,,,,,,,,,,0,,,,,,month,2024-05,fixed pre-expansion clock observation,False,2020-02-01 00:00:00+00:00,2026-07-23 00:00:00+00:00,2026-09-23 04:00:00+00:00,2024-05-01T00:00:00+08:00,2024-06-01T00:00:00+08:00,True,True,True,0.0,0.0,,eventual exits may occur after entry period; incomplete current period is right-censored
baseline_60_v9_both_4h00,60,v9_both,baseline,4h,0,1,1,0,1,1,0.0,-206.82834034157702,-1.1070501400560238,0.0,-1.1070501400560238,-186.828340341577,-206.82834034157702,0.0,0.0,0.0,0.0,,,,,,,0,,,,,0.0,month,2024-06,fixed pre-expansion clock observation,False,2020-02-01 00:00:00+00:00,2026-07-23 00:00:00+00:00,2026-09-23 04:00:00+00:00,2024-06-01T00:00:00+08:00,2024-07-01T00:00:00+08:00,True,True,True,0.0,1.0,1.0,eventual exits may occur after entry period; incomplete current period is right-censored
baseline_60_v9_both_4h00,60,v9_both,baseline,4h,0,0,0,0,0,0,,,,,,,,,,,,,,,,,,0,,,,,,month,2024-07,fixed pre-expansion clock observation,False,2020-02-01 00:00:00+00:00,2026-07-23 00:00:00+00:00,2026-09-23 04:00:00+00:00,2024-07-01T00:00:00+08:00,2024-08-01T00:00:00+08:00,True,True,True,0.0,0.0,,eventual exits may occur after entry period; incomplete current period is right-censored
baseline_60_v9_both_4h00,60,v9_both,baseline,4h,0,2,2,0,1,2,0.0,-337.07260379318,-0.9193709625941567,0.0,-1.8387419251883135,-317.07260379318,-337.07260379318,0.0,0.0,0.0,0.0,,,,,,,0,,,,,0.0,month,2024-08,fixed pre-expansion clock observation,False,2020-02-01 00:00:00+00:00,2026-07-23 00:00:00+00:00,2026-09-23 04:00:00+00:00,2024-08-01T00:00:00+08:00,2024-09-01T00:00:00+08:00,True,True,True,0.0,2.0,1.0,eventual exits may occur after entry period; incomplete current period is right-censored
baseline_60_v9_both_4h00,60,v9_both,baseline,4h,0,1,1,0,1,1,0.0,-309.550986151909,-1.0690724637681162,0.0,-1.0690724637681162,-289.550986151909,-309.550986151909,0.0,0.0,0.0,0.0,,,,,,,0,,,,,0.0,month,2024-09,fixed pre-expansion clock observation,False,2020-02-01 00:00:00+00:00,2026-07-23 00:00:00+00:00,2026-09-23 04:00:00+00:00,2024-09-01T00:00:00+08:00,2024-10-01T00:00:00+08:00,True,True,True,0.0,1.0,1.0,eventual exits may occur after entry period; incomplete current period is right-censored
baseline_60_v9_both_4h00,60,v9_both,baseline,4h,0,1,1,0,1,1,0.0,-310.32203930255497,-1.0688890173410384,0.0,-1.0688890173410384,-290.322039302555,-310.32203930255497,0.0,0.0,0.0,0.0,,,,,,,0,,,,,0.0,month,2024-10,fixed pre-expansion clock observation,False,2020-02-01 00:00:00+00:00,2026-07-23 00:00:00+00:00,2026-09-23 04:00:00+00:00,2024-10-01T00:00:00+08:00,2024-11-01T00:00:00+08:00,True,True,True,0.0,1.0,1.0,eventual exits may occur after entry period; incomplete current period is right-censored
baseline_60_v9_both_4h00,60,v9_both,baseline,4h,0,1,1,0,1,1,0.0,-183.332018030859,-1.1224499656657752,0.0,-1.1224499656657752,-163.332018030859,-183.332018030859,0.0,0.0,0.0,0.0,,,,,,,1,-183.332018030859,14.306571630637,1.0,-197.638589661496,1.0,month,2024-11,fixed pre-expansion clock observation,False,2020-02-01 00:00:00+00:00,2026-07-23 00:00:00+00:00,2026-09-23 04:00:00+00:00,2024-11-01T00:00:00+08:00,2024-12-01T00:00:00+08:00,True,True,True,0.0,1.0,1.0,eventual exits may occur after entry period; incomplete current period is right-censored
baseline_60_v9_both_4h00,60,v9_both,baseline,4h,0,0,0,0,0,0,,,,,,,,,,,,,,,,,,0,,,,,,month,2024-12,fixed pre-expansion clock observation,False,2020-02-01 00:00:00+00:00,2026-07-23 00:00:00+00:00,2026-09-23 04:00:00+00:00,2024-12-01T00:00:00+08:00,2025-01-01T00:00:00+08:00,True,True,True,0.0,0.0,,eventual exits may occur after entry period; incomplete current period is right-censored
baseline_60_v9_both_4h00,60,v9_both,baseline,4h,0,0,0,0,0,0,,,,,,,,,,,,,,,,,,0,,,,,,month,2025-01,fixed pre-expansion clock observation,False,2020-02-01 00:00:00+00:00,2026-07-23 00:00:00+00:00,2026-09-23 04:00:00+00:00,2025-01-01T00:00:00+08:00,2025-02-01T00:00:00+08:00,True,True,True,0.0,0.0,,eventual exits may occur after entry period; incomplete current period is right-censored
baseline_60_v9_both_4h00,60,v9_both,baseline,4h,0,3,3,0,2,2,0.0,-359.31080631576066,-0.9518743035429234,0.0,-2.85562291062877,-339.31080631576066,-363.26436549468195,0.0,0.0,0.0,0.0,0.0,0.0,-451.05412360545205,-313.43914767091496,-1.0701806213887748,-0.7152616678512205,1,-263.61392984714803,-57.186454548633,0.0,-206.427475298515,0.3333333333333333,month,2025-02,fixed pre-expansion clock observation,False,2020-02-01 00:00:00+00:00,2026-07-23 00:00:00+00:00,2026-09-23 04:00:00+00:00,2025-02-01T00:00:00+08:00,2025-03-01T00:00:00+08:00,True,True,True,0.0,3.0,1.0,eventual exits may occur after entry period; incomplete current period is right-censored
baseline_60_v9_both_4h00,60,v9_both,baseline,4h,0,1,1,0,1,1,0.0,-278.343158896,-1.077416410349195,0.0,-1.077416410349195,-258.34315889600003,-278.343158896,0.0,0.0,0.0,0.0,,,,,,,0,,,,,0.0,month,2025-03,fixed pre-expansion clock observation,False,2020-02-01 00:00:00+00:00,2026-07-23 00:00:00+00:00,2026-09-23 04:00:00+00:00,2025-03-01T00:00:00+08:00,2025-04-01T00:00:00+08:00,True,True,True,0.0,1.0,1.0,eventual exits may occur after entry period; incomplete current period is right-censored
baseline_60_v9_both_4h00,60,v9_both,baseline,4h,0,1,1,0,1,1,0.0,-445.109811055264,-1.0470466676606556,0.0,-1.0470466676606556,-425.10981105526406,-445.109811055264,0.0,0.0,0.0,0.0,,,,,,,1,-445.109811055264,-242.03812042149198,0.0,-203.071690633772,1.0,month,2025-04,fixed pre-expansion clock observation,False,2020-02-01 00:00:00+00:00,2026-07-23 00:00:00+00:00,2026-09-23 04:00:00+00:00,2025-04-01T00:00:00+08:00,2025-05-01T00:00:00+08:00,True,True,True,0.0,1.0,1.0,eventual exits may occur after entry period; incomplete current period is right-censored
baseline_60_v9_both_4h00,60,v9_both,baseline,4h,0,1,1,0,1,1,0.0,-156.68295269008098,-1.1463240265620285,0.0,-1.1463240265620285,-136.68295269008098,-156.68295269008098,0.0,0.0,0.0,0.0,,,,,,,0,,,,,0.0,month,2025-05,fixed pre-expansion clock observation,False,2020-02-01 00:00:00+00:00,2026-07-23 00:00:00+00:00,2026-09-23 04:00:00+00:00,2025-05-01T00:00:00+08:00,2025-06-01T00:00:00+08:00,True,True,True,0.0,1.0,1.0,eventual exits may occur after entry period; incomplete current period is right-censored
baseline_60_v9_both_4h00,60,v9_both,baseline,4h,0,0,0,0,0,0,,,,,,,,,,,,,,,,,,0,,,,,,month,2025-06,fixed pre-expansion clock observation,False,2020-02-01 00:00:00+00:00,2026-07-23 00:00:00+00:00,2026-09-23 04:00:00+00:00,2025-06-01T00:00:00+08:00,2025-07-01T00:00:00+08:00,True,True,True,0.0,0.0,,eventual exits may occur after entry period; incomplete current period is right-censored
baseline_60_v9_both_4h00,60,v9_both,baseline,4h,0,0,0,0,0,0,,,,,,,,,,,,,,,,,,0,,,,,,month,2025-07,fixed pre-expansion clock observation,False,2020-02-01 00:00:00+00:00,2026-07-23 00:00:00+00:00,2026-09-23 04:00:00+00:00,2025-07-01T00:00:00+08:00,2025-08-01T00:00:00+08:00,True,True,True,0.0,0.0,,eventual exits may occur after entry period; incomplete current period is right-censored
baseline_60_v9_both_4h00,60,v9_both,baseline,4h,0,0,0,0,0,0,,,,,,,,,,,,,,,,,,0,,,,,,month,2025-08,fixed pre-expansion clock observation,False,2020-02-01 00:00:00+00:00,2026-07-23 00:00:00+00:00,2026-09-23 04:00:00+00:00,2025-08-01T00:00:00+08:00,2025-09-01T00:00:00+08:00,True,True,True,0.0,0.0,,eventual exits may occur after entry period; incomplete current period is right-censored
baseline_60_v9_both_4h00,60,v9_both,baseline,4h,0,3,3,0,2,2,0.0,-156.518158599323,-1.0351831730152974,0.0,-3.1055495190458924,-136.518158599323,-141.840939601549,0.0,0.0,0.0,0.0,0.0,0.0,-186.089244201611,-97.375987394747,-1.258478123167149,-0.9235356979393716,2,-186.089244201611,-146.048419387888,0.0,-40.040824813723006,0.6666666666666666,month,2025-09,fixed pre-expansion clock observation,False,2020-02-01 00:00:00+00:00,2026-07-23 00:00:00+00:00,2026-09-23 04:00:00+00:00,2025-09-01T00:00:00+08:00,2025-10-01T00:00:00+08:00,True,True,True,0.0,3.0,1.0,eventual exits may occur after entry period; incomplete current period is right-censored
baseline_60_v9_both_4h00,60,v9_both,baseline,4h,0,0,0,0,0,0,,,,,,,,,,,,,,,,,,0,,,,,,month,2025-10,fixed pre-expansion clock observation,False,2020-02-01 00:00:00+00:00,2026-07-23 00:00:00+00:00,2026-09-23 04:00:00+00:00,2025-10-01T00:00:00+08:00,2025-11-01T00:00:00+08:00,True,True,True,0.0,0.0,,eventual exits may occur after entry period; incomplete current period is right-censored
baseline_60_v9_both_4h00,60,v9_both,baseline,4h,0,1,1,0,1,1,1.0,755.121778503664,1.8833576365827829,1.0,1.8833576365827829,775.121778503664,755.121778503664,0.0,0.0,,0.0,,,,,,,0,,,,,0.0,month,2025-11,fixed pre-expansion clock observation,False,2020-02-01 00:00:00+00:00,2026-07-23 00:00:00+00:00,2026-09-23 04:00:00+00:00,2025-11-01T00:00:00+08:00,2025-12-01T00:00:00+08:00,True,True,True,0.0,1.0,1.0,eventual exits may occur after entry period; incomplete current period is right-censored
baseline_60_v9_both_4h00,60,v9_both,baseline,4h,0,1,1,0,1,1,0.0,-101.72215843857701,-0.4324271560349484,0.0,-0.4324271560349484,-81.72215843857701,-101.72215843857701,0.0,0.0,0.0,0.0,,,,,,,0,,,,,0.0,month,2025-12,fixed pre-expansion clock observation,False,2020-02-01 00:00:00+00:00,2026-07-23 00:00:00+00:00,2026-09-23 04:00:00+00:00,2025-12-01T00:00:00+08:00,2026-01-01T00:00:00+08:00,True,True,True,0.0,1.0,1.0,eventual exits may occur after entry period; incomplete current period is right-censored
baseline_60_v9_both_4h00,60,v9_both,baseline,4h,0,0,0,0,0,0,,,,,,,,,,,,,,,,,,0,,,,,,month,2026-01,fixed pre-expansion clock observation,False,2020-02-01 00:00:00+00:00,2026-07-23 00:00:00+00:00,2026-09-23 04:00:00+00:00,2026-01-01T00:00:00+08:00,2026-02-01T00:00:00+08:00,True,True,True,0.0,0.0,,eventual exits may occur after entry period; incomplete current period is right-censored
baseline_60_v9_both_4h00,60,v9_both,baseline,4h,0,1,1,0,1,1,0.0,-340.68291741547995,-1.062366901739541,0.0,-1.062366901739541,-320.68291741548,-340.68291741547995,0.0,0.0,0.0,0.0,,,,,,,0,,,,,0.0,month,2026-02,fixed pre-expansion clock observation,False,2020-02-01 00:00:00+00:00,2026-07-23 00:00:00+00:00,2026-09-23 04:00:00+00:00,2026-02-01T00:00:00+08:00,2026-03-01T00:00:00+08:00,True,True,True,0.0,1.0,1.0,eventual exits may occur after entry period; incomplete current period is right-censored
baseline_60_v9_both_4h00,60,v9_both,baseline,4h,0,1,1,0,1,1,0.0,-109.53170056182,-0.4935249127887881,0.0,-0.4935249127887881,-89.53170056182,-109.53170056182,0.0,0.0,0.0,0.0,,,,,,,0,,,,,0.0,month,2026-03,fixed pre-expansion clock observation,False,2020-02-01 00:00:00+00:00,2026-07-23 00:00:00+00:00,2026-09-23 04:00:00+00:00,2026-03-01T00:00:00+08:00,2026-04-01T00:00:00+08:00,True,True,True,1.0,0.0,0.0,eventual exits may occur after entry period; incomplete current period is right-censored
baseline_60_v9_both_4h00,60,v9_both,baseline,4h,0,2,2,0,2,1,0.0,-209.495413716215,-1.1166409405789126,0.0,-2.233281881157825,-189.495413716215,-209.495413716215,0.0,0.0,0.0,0.0,0.0,0.0,-267.945554386885,-151.045273045545,-1.1526190112408607,-1.0806628699169645,1,-267.945554386885,-126.214174048984,0.0,-141.731380337901,0.5,month,2026-04,fixed pre-expansion clock observation,False,2020-02-01 00:00:00+00:00,2026-07-23 00:00:00+00:00,2026-09-23 04:00:00+00:00,2026-04-01T00:00:00+08:00,2026-05-01T00:00:00+08:00,True,True,True,1.0,1.0,0.5,eventual exits may occur after entry period; incomplete current period is right-censored
baseline_60_v9_both_4h00,60,v9_both,baseline,4h,0,1,1,0,1,1,0.0,-214.62940553715,-1.1027593951941768,0.0,-1.1027593951941768,-194.62940553714998,-214.62940553715,0.0,0.0,0.0,0.0,,,,,,,0,,,,,0.0,month,2026-05,fixed pre-expansion clock observation,False,2020-02-01 00:00:00+00:00,2026-07-23 00:00:00+00:00,2026-09-23 04:00:00+00:00,2026-05-01T00:00:00+08:00,2026-06-01T00:00:00+08:00,True,True,True,0.0,1.0,1.0,eventual exits may occur after entry period; incomplete current period is right-censored
baseline_60_v9_both_4h00,60,v9_both,baseline,4h,0,0,0,0,0,0,,,,,,,,,,,,,,,,,,0,,,,,,month,2026-06,fixed pre-expansion clock observation,False,2020-02-01 00:00:00+00:00,2026-07-23 00:00:00+00:00,2026-09-23 04:00:00+00:00,2026-06-01T00:00:00+08:00,2026-07-01T00:00:00+08:00,True,True,True,0.0,0.0,,eventual exits may occur after entry period; incomplete current period is right-censored
baseline_60_v9_both_4h00,60,v9_both,baseline,4h,0,1,1,0,1,1,0.0,-167.768114351559,-1.1353471964351995,0.0,-1.1353471964351995,-147.768114351559,-167.768114351559,0.0,0.0,0.0,0.0,,,,,,,0,,,,,0.0,month,2026-07,fixed pre-expansion clock observation,False,2020-02-01 00:00:00+00:00,2026-07-23 00:00:00+00:00,2026-09-23 04:00:00+00:00,2026-07-01T00:00:00+08:00,2026-08-01T00:00:00+08:00,True,True,True,0.0,1.0,1.0,eventual exits may occur after entry period; incomplete current period is right-censored
baseline_60_v9_both_4h00,60,v9_both,baseline,4h,0,3,3,0,3,2,0.3333333333333333,670.8830348506771,5.452044313743695,1.0,16.356132941231085,690.8830348506771,-146.747363695787,1.0,1.0,10.843324345062504,0.3333333333333333,0.0,1.0,-252.52415276132197,2411.92062100914,-0.9063887537698196,18.017780202649984,1,-252.524152761322,183.575825705262,1.0,-436.099978466584,0.3333333333333333,month,2026-08,fixed pre-expansion clock observation,False,2020-02-01 00:00:00+00:00,2026-07-23 00:00:00+00:00,2026-09-23 04:00:00+00:00,2026-08-01T00:00:00+08:00,2026-09-01T00:00:00+08:00,True,True,True,0.0,3.0,1.0,eventual exits may occur after entry period; incomplete current period is right-censored
baseline_60_v9_both_4h00,60,v9_both,baseline,4h,0,0,0,0,0,0,,,,,,,,,,,,,,,,,,0,,,,,,month,2026-09,fixed pre-expansion clock observation,False,2020-02-01 00:00:00+00:00,2026-07-23 00:00:00+00:00,2026-09-23 04:00:00+00:00,2026-09-01T00:00:00+08:00,2026-10-01T00:00:00+08:00,True,False,False,0.0,0.0,,eventual exits may occur after entry period; incomplete current period is right-censored
baseline_60_joint_4h00,60,joint,baseline,4h,0,22,22,0,21,2,0.18181818181818182,6.816859845229456,0.5112494315720305,4.0,11.247487494584671,26.81685984522946,-198.1011970841755,2.0,1.0,1.6344474387336243,0.09090909090909091,0.043478260869565216,0.36363636363636365,-210.88163415259203,301.75660296857683,-0.8837183076883215,2.6110382419434774,4,393.444283869724,207.21086275320724,0.25,186.23342111651675,0.18181818181818182,old_window_cut,all,fixed pre-expansion clock observation,False,2020-02-01 00:00:00+00:00,2026-07-23 00:00:00+00:00,2026-09-23 04:00:00+00:00,,,,,,,,,
baseline_60_joint_4h00,60,joint,baseline,4h,0,20,20,0,19,2,0.15,-100.22168618488146,-0.2723857622701639,3.0,-5.447715245403279,-80.22168618488143,-198.1011970841755,1.0,0.0,0.6790316061775159,0.05,0.0,0.3157894736842105,-225.70209044514343,73.54036044320772,-0.992795721819511,0.796904139472991,4,393.444283869724,207.21086275320724,0.25,186.23342111651675,0.2,old_window_cut,earlier_history_mature,fixed pre-expansion clock observation,False,2020-02-01 00:00:00+00:00,2026-07-23 00:00:00+00:00,2026-09-23 04:00:00+00:00,,,,,,,,,
baseline_60_joint_4h00,60,joint,baseline,4h,0,2,2,0,2,1,0.5,1077.2023201463385,8.347601369993976,1.0,16.695202739987952,1097.2023201463385,1077.2023201463385,1.0,1.0,23.10528258987207,0.5,0.0,1.0,-252.524152761322,2406.928793053999,-0.7552585076490792,17.45046124763703,0,,,,,0.0,old_window_cut,old_window,fixed pre-expansion clock observation,False,2020-02-01 00:00:00+00:00,2026-07-23 00:00:00+00:00,2026-09-23 04:00:00+00:00,,,,,,,,,
baseline_60_joint_4h00,60,joint,baseline,4h,0,0,0,0,0,0,,,,,,,,,,,,,,,,,,0,,,,,,old_window_cut,crossing_old_window_cut,fixed pre-expansion clock observation,False,2020-02-01 00:00:00+00:00,2026-07-23 00:00:00+00:00,2026-09-23 04:00:00+00:00,,,,,,,,,
baseline_60_joint_4h00,60,joint,baseline,4h,0,1,1,0,1,1,0.0,-246.44361058995202,-1.088322209436136,0.0,-1.088322209436136,-226.443610589952,-246.44361058995202,0.0,0.0,0.0,0.0,,,,,,,0,,,,,0.0,year,2020,fixed pre-expansion clock observation,False,2020-02-01 00:00:00+00:00,2026-07-23 00:00:00+00:00,2026-09-23 04:00:00+00:00,2020-01-01T00:00:00+08:00,2021-01-01T00:00:00+08:00,False,True,False,0.0,1.0,1.0,eventual exits may occur after entry period; incomplete current period is right-censored
baseline_60_joint_4h00,60,joint,baseline,4h,0,3,3,0,2,1,0.0,-277.22046295065866,-1.0834025704042665,0.0,-3.2502077112127994,-257.2204629506587,-288.638532606856,0.0,0.0,0.0,0.0,0.0,0.0,-288.638532606856,-271.51142812256,-1.087879113857848,-1.0744494834971032,0,,,,,0.0,year,2021,fixed pre-expansion clock observation,False,2020-02-01 00:00:00+00:00,2026-07-23 00:00:00+00:00,2026-09-23 04:00:00+00:00,2021-01-01T00:00:00+08:00,2022-01-01T00:00:00+08:00,True,True,True,0.0,3.0,1.0,eventual exits may occur after entry period; incomplete current period is right-censored
baseline_60_joint_4h00,60,joint,baseline,4h,0,2,2,0,2,2,0.0,-222.181619525837,-0.8648629987617336,0.0,-1.7297259975234671,-202.18161952583702,-222.181619525837,0.0,0.0,0.0,0.0,0.0,0.0,-281.86444322279897,-162.49879582887502,-1.0763753939017344,-0.6533506036217327,0,,,,,0.0,year,2022,fixed pre-expansion clock observation,False,2020-02-01 00:00:00+00:00,2026-07-23 00:00:00+00:00,2026-09-23 04:00:00+00:00,2022-01-01T00:00:00+08:00,2023-01-01T00:00:00+08:00,True,True,True,0.0,2.0,1.0,eventual exits may occur after entry period; incomplete current period is right-censored
baseline_60_joint_4h00,60,joint,baseline,4h,0,3,3,0,3,2,0.0,-146.88035510527132,-0.6843192010300793,0.0,-2.052957603090238,-126.88035510527133,-133.36635969748198,0.0,0.0,0.0,0.0,0.0,0.0,-228.447366556979,-78.827339061353,-1.0959474822366406,-0.2212035717352098,1,-228.447366556979,-136.918147488188,0.0,-91.529219068791,0.3333333333333333,year,2023,fixed pre-expansion clock observation,False,2020-02-01 00:00:00+00:00,2026-07-23 00:00:00+00:00,2026-09-23 04:00:00+00:00,2023-01-01T00:00:00+08:00,2024-01-01T00:00:00+08:00,True,True,True,0.0,3.0,1.0,eventual exits may occur after entry period; incomplete current period is right-censored
baseline_60_joint_4h00,60,joint,baseline,4h,0,5,5,0,5,2,0.6,258.08177002536075,1.869245689352161,3.0,9.346228446760804,278.0817700253608,241.750254936496,1.0,0.0,5.289616103530497,0.2,0.2,1.0,-156.37620977632918,763.7177982237146,-0.6011139274573158,5.191004308226573,3,600.741500678625,321.9205328336723,0.3333333333333333,278.8209678449527,0.6,year,2024,fixed pre-expansion clock observation,False,2020-02-01 00:00:00+00:00,2026-07-23 00:00:00+00:00,2026-09-23 04:00:00+00:00,2024-01-01T00:00:00+08:00,2025-01-01T00:00:00+08:00,True,True,True,0.0,5.0,1.0,eventual exits may occur after entry period; incomplete current period is right-censored
baseline_60_joint_4h00,60,joint,baseline,4h,0,3,3,0,3,2,0.0,-266.0968256935876,-1.0940015226770692,0.0,-3.2820045680312075,-246.09682569358765,-278.343158896,0.0,0.0,0.0,0.0,0.0,0.0,-363.26436549468195,-156.68295269008098,-1.1463240265620285,-1.0582641311199843,0,,,,,0.0,year,2025,fixed pre-expansion clock observation,False,2020-02-01 00:00:00+00:00,2026-07-23 00:00:00+00:00,2026-09-23 04:00:00+00:00,2025-01-01T00:00:00+08:00,2026-01-01T00:00:00+08:00,True,True,True,0.0,3.0,1.0,eventual exits may occur after entry period; incomplete current period is right-censored
baseline_60_joint_4h00,60,joint,baseline,4h,0,5,5,0,5,2,0.2,324.19236947168463,2.660895427423543,1.0,13.304477137117713,344.19236947168463,-167.768114351559,1.0,1.0,4.209003407263716,0.2,0.0,0.6,-220.4150461897006,1363.4433906710262,-1.1357383621092594,10.08870124480423,0,,,,,0.0,year,2026,fixed pre-expansion clock observation,False,2020-02-01 00:00:00+00:00,2026-07-23 00:00:00+00:00,2026-09-23 04:00:00+00:00,2026-01-01T00:00:00+08:00,2027-01-01T00:00:00+08:00,True,False,False,0.0,5.0,1.0,eventual exits may occur after entry period; incomplete current period is right-censored
baseline_60_joint_4h00,60,joint,baseline,4h,0,0,0,0,0,0,,,,,,,,,,,,,,,,,,0,,,,,,month,2020-02,fixed pre-expansion clock observation,False,2020-02-01 00:00:00+00:00,2026-07-23 00:00:00+00:00,2026-09-23 04:00:00+00:00,2020-02-01T00:00:00+08:00,2020-03-01T00:00:00+08:00,False,True,False,0.0,0.0,,eventual exits may occur after entry period; incomplete current period is right-censored
baseline_60_joint_4h00,60,joint,baseline,4h,0,0,0,0,0,0,,,,,,,,,,,,,,,,,,0,,,,,,month,2020-03,fixed pre-expansion clock observation,False,2020-02-01 00:00:00+00:00,2026-07-23 00:00:00+00:00,2026-09-23 04:00:00+00:00,2020-03-01T00:00:00+08:00,2020-04-01T00:00:00+08:00,True,True,True,0.0,0.0,,eventual exits may occur after entry period; incomplete current period is right-censored
baseline_60_joint_4h00,60,joint,baseline,4h,0,0,0,0,0,0,,,,,,,,,,,,,,,,,,0,,,,,,month,2020-04,fixed pre-expansion clock observation,False,2020-02-01 00:00:00+00:00,2026-07-23 00:00:00+00:00,2026-09-23 04:00:00+00:00,2020-04-01T00:00:00+08:00,2020-05-01T00:00:00+08:00,True,True,True,0.0,0.0,,eventual exits may occur after entry period; incomplete current period is right-censored
baseline_60_joint_4h00,60,joint,baseline,4h,0,0,0,0,0,0,,,,,,,,,,,,,,,,,,0,,,,,,month,2020-05,fixed pre-expansion clock observation,False,2020-02-01 00:00:00+00:00,2026-07-23 00:00:00+00:00,2026-09-23 04:00:00+00:00,2020-05-01T00:00:00+08:00,2020-06-01T00:00:00+08:00,True,True,True,0.0,0.0,,eventual exits may occur after entry period; incomplete current period is right-censored
baseline_60_joint_4h00,60,joint,baseline,4h,0,0,0,0,0,0,,,,,,,,,,,,,,,,,,0,,,,,,month,2020-06,fixed pre-expansion clock observation,False,2020-02-01 00:00:00+00:00,2026-07-23 00:00:00+00:00,2026-09-23 04:00:00+00:00,2020-06-01T00:00:00+08:00,2020-07-01T00:00:00+08:00,True,True,True,0.0,0.0,,eventual exits may occur after entry period; incomplete current period is right-censored
baseline_60_joint_4h00,60,joint,baseline,4h,0,0,0,0,0,0,,,,,,,,,,,,,,,,,,0,,,,,,month,2020-07,fixed pre-expansion clock observation,False,2020-02-01 00:00:00+00:00,2026-07-23 00:00:00+00:00,2026-09-23 04:00:00+00:00,2020-07-01T00:00:00+08:00,2020-08-01T00:00:00+08:00,True,True,True,0.0,0.0,,eventual exits may occur after entry period; incomplete current period is right-censored
baseline_60_joint_4h00,60,joint,baseline,4h,0,0,0,0,0,0,,,,,,,,,,,,,,,,,,0,,,,,,month,2020-08,fixed pre-expansion clock observation,False,2020-02-01 00:00:00+00:00,2026-07-23 00:00:00+00:00,2026-09-23 04:00:00+00:00,2020-08-01T00:00:00+08:00,2020-09-01T00:00:00+08:00,True,True,True,0.0,0.0,,eventual exits may occur after entry period; incomplete current period is right-censored
baseline_60_joint_4h00,60,joint,baseline,4h,0,0,0,0,0,0,,,,,,,,,,,,,,,,,,0,,,,,,month,2020-09,fixed pre-expansion clock observation,False,2020-02-01 00:00:00+00:00,2026-07-23 00:00:00+00:00,2026-09-23 04:00:00+00:00,2020-09-01T00:00:00+08:00,2020-10-01T00:00:00+08:00,True,True,True,0.0,0.0,,eventual exits may occur after entry period; incomplete current period is right-censored
baseline_60_joint_4h00,60,joint,baseline,4h,0,1,1,0,1,1,0.0,-246.44361058995202,-1.088322209436136,0.0,-1.088322209436136,-226.443610589952,-246.44361058995202,0.0,0.0,0.0,0.0,,,,,,,0,,,,,0.0,month,2020-10,fixed pre-expansion clock observation,False,2020-02-01 00:00:00+00:00,2026-07-23 00:00:00+00:00,2026-09-23 04:00:00+00:00,2020-10-01T00:00:00+08:00,2020-11-01T00:00:00+08:00,True,True,True,0.0,1.0,1.0,eventual exits may occur after entry period; incomplete current period is right-censored
baseline_60_joint_4h00,60,joint,baseline,4h,0,0,0,0,0,0,,,,,,,,,,,,,,,,,,0,,,,,,month,2020-11,fixed pre-expansion clock observation,False,2020-02-01 00:00:00+00:00,2026-07-23 00:00:00+00:00,2026-09-23 04:00:00+00:00,2020-11-01T00:00:00+08:00,2020-12-01T00:00:00+08:00,True,True,True,0.0,0.0,,eventual exits may occur after entry period; incomplete current period is right-censored
baseline_60_joint_4h00,60,joint,baseline,4h,0,0,0,0,0,0,,,,,,,,,,,,,,,,,,0,,,,,,month,2020-12,fixed pre-expansion clock observation,False,2020-02-01 00:00:00+00:00,2026-07-23 00:00:00+00:00,2026-09-23 04:00:00+00:00,2020-12-01T00:00:00+08:00,2021-01-01T00:00:00+08:00,True,True,True,0.0,0.0,,eventual exits may occur after entry period; incomplete current period is right-censored
baseline_60_joint_4h00,60,joint,baseline,4h,0,0,0,0,0,0,,,,,,,,,,,,,,,,,,0,,,,,,month,2021-01,fixed pre-expansion clock observation,False,2020-02-01 00:00:00+00:00,2026-07-23 00:00:00+00:00,2026-09-23 04:00:00+00:00,2021-01-01T00:00:00+08:00,2021-02-01T00:00:00+08:00,True,True,True,0.0,0.0,,eventual exits may occur after entry period; incomplete current period is right-censored
baseline_60_joint_4h00,60,joint,baseline,4h,0,0,0,0,0,0,,,,,,,,,,,,,,,,,,0,,,,,,month,2021-02,fixed pre-expansion clock observation,False,2020-02-01 00:00:00+00:00,2026-07-23 00:00:00+00:00,2026-09-23 04:00:00+00:00,2021-02-01T00:00:00+08:00,2021-03-01T00:00:00+08:00,True,True,True,0.0,0.0,,eventual exits may occur after entry period; incomplete current period is right-censored
baseline_60_joint_4h00,60,joint,baseline,4h,0,0,0,0,0,0,,,,,,,,,,,,,,,,,,0,,,,,,month,2021-03,fixed pre-expansion clock observation,False,2020-02-01 00:00:00+00:00,2026-07-23 00:00:00+00:00,2026-09-23 04:00:00+00:00,2021-03-01T00:00:00+08:00,2021-04-01T00:00:00+08:00,True,True,True,0.0,0.0,,eventual exits may occur after entry period; incomplete current period is right-censored
baseline_60_joint_4h00,60,joint,baseline,4h,0,1,1,0,1,1,0.0,-288.638532606856,-1.0744494834971032,0.0,-1.0744494834971032,-268.638532606856,-288.638532606856,0.0,0.0,0.0,0.0,,,,,,,0,,,,,0.0,month,2021-04,fixed pre-expansion clock observation,False,2020-02-01 00:00:00+00:00,2026-07-23 00:00:00+00:00,2026-09-23 04:00:00+00:00,2021-04-01T00:00:00+08:00,2021-05-01T00:00:00+08:00,True,True,True,0.0,1.0,1.0,eventual exits may occur after entry period; incomplete current period is right-censored
baseline_60_joint_4h00,60,joint,baseline,4h,0,0,0,0,0,0,,,,,,,,,,,,,,,,,,0,,,,,,month,2021-05,fixed pre-expansion clock observation,False,2020-02-01 00:00:00+00:00,2026-07-23 00:00:00+00:00,2026-09-23 04:00:00+00:00,2021-05-01T00:00:00+08:00,2021-06-01T00:00:00+08:00,True,True,True,0.0,0.0,,eventual exits may occur after entry period; incomplete current period is right-censored
baseline_60_joint_4h00,60,joint,baseline,4h,0,0,0,0,0,0,,,,,,,,,,,,,,,,,,0,,,,,,month,2021-06,fixed pre-expansion clock observation,False,2020-02-01 00:00:00+00:00,2026-07-23 00:00:00+00:00,2026-09-23 04:00:00+00:00,2021-06-01T00:00:00+08:00,2021-07-01T00:00:00+08:00,True,True,True,0.0,0.0,,eventual exits may occur after entry period; incomplete current period is right-censored
baseline_60_joint_4h00,60,joint,baseline,4h,0,0,0,0,0,0,,,,,,,,,,,,,,,,,,0,,,,,,month,2021-07,fixed pre-expansion clock observation,False,2020-02-01 00:00:00+00:00,2026-07-23 00:00:00+00:00,2026-09-23 04:00:00+00:00,2021-07-01T00:00:00+08:00,2021-08-01T00:00:00+08:00,True,True,True,0.0,0.0,,eventual exits may occur after entry period; incomplete current period is right-censored
baseline_60_joint_4h00,60,joint,baseline,4h,0,0,0,0,0,0,,,,,,,,,,,,,,,,,,0,,,,,,month,2021-08,fixed pre-expansion clock observation,False,2020-02-01 00:00:00+00:00,2026-07-23 00:00:00+00:00,2026-09-23 04:00:00+00:00,2021-08-01T00:00:00+08:00,2021-09-01T00:00:00+08:00,True,True,True,0.0,0.0,,eventual exits may occur after entry period; incomplete current period is right-censored
baseline_60_joint_4h00,60,joint,baseline,4h,0,0,0,0,0,0,,,,,,,,,,,,,,,,,,0,,,,,,month,2021-09,fixed pre-expansion clock observation,False,2020-02-01 00:00:00+00:00,2026-07-23 00:00:00+00:00,2026-09-23 04:00:00+00:00,2021-09-01T00:00:00+08:00,2021-10-01T00:00:00+08:00,True,True,True,0.0,0.0,,eventual exits may occur after entry period; incomplete current period is right-censored
baseline_60_joint_4h00,60,joint,baseline,4h,0,2,2,0,1,1,0.0,-271.51142812256,-1.087879113857848,0.0,-2.175758227715696,-251.51142812256,-271.51142812256,0.0,0.0,0.0,0.0,,,,,,,0,,,,,0.0,month,2021-10,fixed pre-expansion clock observation,False,2020-02-01 00:00:00+00:00,2026-07-23 00:00:00+00:00,2026-09-23 04:00:00+00:00,2021-10-01T00:00:00+08:00,2021-11-01T00:00:00+08:00,True,True,True,0.0,2.0,1.0,eventual exits may occur after entry period; incomplete current period is right-censored
baseline_60_joint_4h00,60,joint,baseline,4h,0,0,0,0,0,0,,,,,,,,,,,,,,,,,,0,,,,,,month,2021-11,fixed pre-expansion clock observation,False,2020-02-01 00:00:00+00:00,2026-07-23 00:00:00+00:00,2026-09-23 04:00:00+00:00,2021-11-01T00:00:00+08:00,2021-12-01T00:00:00+08:00,True,True,True,0.0,0.0,,eventual exits may occur after entry period; incomplete current period is right-censored
baseline_60_joint_4h00,60,joint,baseline,4h,0,0,0,0,0,0,,,,,,,,,,,,,,,,,,0,,,,,,month,2021-12,fixed pre-expansion clock observation,False,2020-02-01 00:00:00+00:00,2026-07-23 00:00:00+00:00,2026-09-23 04:00:00+00:00,2021-12-01T00:00:00+08:00,2022-01-01T00:00:00+08:00,True,True,True,0.0,0.0,,eventual exits may occur after entry period; incomplete current period is right-censored
baseline_60_joint_4h00,60,joint,baseline,4h,0,1,1,0,1,1,0.0,-281.86444322279897,-1.0763753939017344,0.0,-1.0763753939017344,-261.864443222799,-281.86444322279897,0.0,0.0,0.0,0.0,,,,,,,0,,,,,0.0,month,2022-01,fixed pre-expansion clock observation,False,2020-02-01 00:00:00+00:00,2026-07-23 00:00:00+00:00,2026-09-23 04:00:00+00:00,2022-01-01T00:00:00+08:00,2022-02-01T00:00:00+08:00,True,True,True,0.0,1.0,1.0,eventual exits may occur after entry period; incomplete current period is right-censored
baseline_60_joint_4h00,60,joint,baseline,4h,0,0,0,0,0,0,,,,,,,,,,,,,,,,,,0,,,,,,month,2022-02,fixed pre-expansion clock observation,False,2020-02-01 00:00:00+00:00,2026-07-23 00:00:00+00:00,2026-09-23 04:00:00+00:00,2022-02-01T00:00:00+08:00,2022-03-01T00:00:00+08:00,True,True,True,0.0,0.0,,eventual exits may occur after entry period; incomplete current period is right-censored
baseline_60_joint_4h00,60,joint,baseline,4h,0,0,0,0,0,0,,,,,,,,,,,,,,,,,,0,,,,,,month,2022-03,fixed pre-expansion clock observation,False,2020-02-01 00:00:00+00:00,2026-07-23 00:00:00+00:00,2026-09-23 04:00:00+00:00,2022-03-01T00:00:00+08:00,2022-04-01T00:00:00+08:00,True,True,True,0.0,0.0,,eventual exits may occur after entry period; incomplete current period is right-censored
baseline_60_joint_4h00,60,joint,baseline,4h,0,0,0,0,0,0,,,,,,,,,,,,,,,,,,0,,,,,,month,2022-04,fixed pre-expansion clock observation,False,2020-02-01 00:00:00+00:00,2026-07-23 00:00:00+00:00,2026-09-23 04:00:00+00:00,2022-04-01T00:00:00+08:00,2022-05-01T00:00:00+08:00,True,True,True,0.0,0.0,,eventual exits may occur after entry period; incomplete current period is right-censored
baseline_60_joint_4h00,60,joint,baseline,4h,0,0,0,0,0,0,,,,,,,,,,,,,,,,,,0,,,,,,month,2022-05,fixed pre-expansion clock observation,False,2020-02-01 00:00:00+00:00,2026-07-23 00:00:00+00:00,2026-09-23 04:00:00+00:00,2022-05-01T00:00:00+08:00,2022-06-01T00:00:00+08:00,True,True,True,0.0,0.0,,eventual exits may occur after entry period; incomplete current period is right-censored
baseline_60_joint_4h00,60,joint,baseline,4h,0,0,0,0,0,0,,,,,,,,,,,,,,,,,,0,,,,,,month,2022-06,fixed pre-expansion clock observation,False,2020-02-01 00:00:00+00:00,2026-07-23 00:00:00+00:00,2026-09-23 04:00:00+00:00,2022-06-01T00:00:00+08:00,2022-07-01T00:00:00+08:00,True,True,True,0.0,0.0,,eventual exits may occur after entry period; incomplete current period is right-censored
baseline_60_joint_4h00,60,joint,baseline,4h,0,0,0,0,0,0,,,,,,,,,,,,,,,,,,0,,,,,,month,2022-07,fixed pre-expansion clock observation,False,2020-02-01 00:00:00+00:00,2026-07-23 00:00:00+00:00,2026-09-23 04:00:00+00:00,2022-07-01T00:00:00+08:00,2022-08-01T00:00:00+08:00,True,True,True,0.0,0.0,,eventual exits may occur after entry period; incomplete current period is right-censored
baseline_60_joint_4h00,60,joint,baseline,4h,0,0,0,0,0,0,,,,,,,,,,,,,,,,,,0,,,,,,month,2022-08,fixed pre-expansion clock observation,False,2020-02-01 00:00:00+00:00,2026-07-23 00:00:00+00:00,2026-09-23 04:00:00+00:00,2022-08-01T00:00:00+08:00,2022-09-01T00:00:00+08:00,True,True,True,0.0,0.0,,eventual exits may occur after entry period; incomplete current period is right-censored
baseline_60_joint_4h00,60,joint,baseline,4h,0,1,1,0,1,1,0.0,-162.49879582887502,-0.6533506036217327,0.0,-0.6533506036217327,-142.49879582887502,-162.49879582887502,0.0,0.0,0.0,0.0,,,,,,,0,,,,,0.0,month,2022-09,fixed pre-expansion clock observation,False,2020-02-01 00:00:00+00:00,2026-07-23 00:00:00+00:00,2026-09-23 04:00:00+00:00,2022-09-01T00:00:00+08:00,2022-10-01T00:00:00+08:00,True,True,True,0.0,1.0,1.0,eventual exits may occur after entry period; incomplete current period is right-censored
baseline_60_joint_4h00,60,joint,baseline,4h,0,0,0,0,0,0,,,,,,,,,,,,,,,,,,0,,,,,,month,2022-10,fixed pre-expansion clock observation,False,2020-02-01 00:00:00+00:00,2026-07-23 00:00:00+00:00,2026-09-23 04:00:00+00:00,2022-10-01T00:00:00+08:00,2022-11-01T00:00:00+08:00,True,True,True,0.0,0.0,,eventual exits may occur after entry period; incomplete current period is right-censored
baseline_60_joint_4h00,60,joint,baseline,4h,0,0,0,0,0,0,,,,,,,,,,,,,,,,,,0,,,,,,month,2022-11,fixed pre-expansion clock observation,False,2020-02-01 00:00:00+00:00,2026-07-23 00:00:00+00:00,2026-09-23 04:00:00+00:00,2022-11-01T00:00:00+08:00,2022-12-01T00:00:00+08:00,True,True,True,0.0,0.0,,eventual exits may occur after entry period; incomplete current period is right-censored
baseline_60_joint_4h00,60,joint,baseline,4h,0,0,0,0,0,0,,,,,,,,,,,,,,,,,,0,,,,,,month,2022-12,fixed pre-expansion clock observation,False,2020-02-01 00:00:00+00:00,2026-07-23 00:00:00+00:00,2026-09-23 04:00:00+00:00,2022-12-01T00:00:00+08:00,2023-01-01T00:00:00+08:00,True,True,True,0.0,0.0,,eventual exits may occur after entry period; incomplete current period is right-censored
baseline_60_joint_4h00,60,joint,baseline,4h,0,0,0,0,0,0,,,,,,,,,,,,,,,,,,0,,,,,,month,2023-01,fixed pre-expansion clock observation,False,2020-02-01 00:00:00+00:00,2026-07-23 00:00:00+00:00,2026-09-23 04:00:00+00:00,2023-01-01T00:00:00+08:00,2023-02-01T00:00:00+08:00,True,True,True,0.0,0.0,,eventual exits may occur after entry period; incomplete current period is right-censored
baseline_60_joint_4h00,60,joint,baseline,4h,0,0,0,0,0,0,,,,,,,,,,,,,,,,,,0,,,,,,month,2023-02,fixed pre-expansion clock observation,False,2020-02-01 00:00:00+00:00,2026-07-23 00:00:00+00:00,2026-09-23 04:00:00+00:00,2023-02-01T00:00:00+08:00,2023-03-01T00:00:00+08:00,True,True,True,0.0,0.0,,eventual exits may occur after entry period; incomplete current period is right-censored
baseline_60_joint_4h00,60,joint,baseline,4h,0,0,0,0,0,0,,,,,,,,,,,,,,,,,,0,,,,,,month,2023-03,fixed pre-expansion clock observation,False,2020-02-01 00:00:00+00:00,2026-07-23 00:00:00+00:00,2026-09-23 04:00:00+00:00,2023-03-01T00:00:00+08:00,2023-04-01T00:00:00+08:00,True,True,True,0.0,0.0,,eventual exits may occur after entry period; incomplete current period is right-censored
baseline_60_joint_4h00,60,joint,baseline,4h,0,0,0,0,0,0,,,,,,,,,,,,,,,,,,0,,,,,,month,2023-04,fixed pre-expansion clock observation,False,2020-02-01 00:00:00+00:00,2026-07-23 00:00:00+00:00,2026-09-23 04:00:00+00:00,2023-04-01T00:00:00+08:00,2023-05-01T00:00:00+08:00,True,True,True,0.0,0.0,,eventual exits may occur after entry period; incomplete current period is right-censored
baseline_60_joint_4h00,60,joint,baseline,4h,0,0,0,0,0,0,,,,,,,,,,,,,,,,,,0,,,,,,month,2023-05,fixed pre-expansion clock observation,False,2020-02-01 00:00:00+00:00,2026-07-23 00:00:00+00:00,2026-09-23 04:00:00+00:00,2023-05-01T00:00:00+08:00,2023-06-01T00:00:00+08:00,True,True,True,0.0,0.0,,eventual exits may occur after entry period; incomplete current period is right-censored
baseline_60_joint_4h00,60,joint,baseline,4h,0,0,0,0,0,0,,,,,,,,,,,,,,,,,,0,,,,,,month,2023-06,fixed pre-expansion clock observation,False,2020-02-01 00:00:00+00:00,2026-07-23 00:00:00+00:00,2026-09-23 04:00:00+00:00,2023-06-01T00:00:00+08:00,2023-07-01T00:00:00+08:00,True,True,True,0.0,0.0,,eventual exits may occur after entry period; incomplete current period is right-censored
baseline_60_joint_4h00,60,joint,baseline,4h,0,2,2,0,2,2,0.0,-180.9068631272305,-0.6585755269859253,0.0,-1.3171510539718505,-160.90686312723048,-180.9068631272305,0.0,0.0,0.0,0.0,0.0,0.0,-228.447366556979,-133.36635969748198,-1.0959474822366406,-0.2212035717352098,1,-228.447366556979,-136.918147488188,0.0,-91.529219068791,0.5,month,2023-07,fixed pre-expansion clock observation,False,2020-02-01 00:00:00+00:00,2026-07-23 00:00:00+00:00,2026-09-23 04:00:00+00:00,2023-07-01T00:00:00+08:00,2023-08-01T00:00:00+08:00,True,True,True,0.0,2.0,1.0,eventual exits may occur after entry period; incomplete current period is right-censored
baseline_60_joint_4h00,60,joint,baseline,4h,0,1,1,0,1,1,0.0,-78.827339061353,-0.7358065491183875,0.0,-0.7358065491183875,-58.827339061353,-78.827339061353,0.0,0.0,0.0,0.0,,,,,,,0,,,,,0.0,month,2023-08,fixed pre-expansion clock observation,False,2020-02-01 00:00:00+00:00,2026-07-23 00:00:00+00:00,2026-09-23 04:00:00+00:00,2023-08-01T00:00:00+08:00,2023-09-01T00:00:00+08:00,True,True,True,0.0,1.0,1.0,eventual exits may occur after entry period; incomplete current period is right-censored
baseline_60_joint_4h00,60,joint,baseline,4h,0,0,0,0,0,0,,,,,,,,,,,,,,,,,,0,,,,,,month,2023-09,fixed pre-expansion clock observation,False,2020-02-01 00:00:00+00:00,2026-07-23 00:00:00+00:00,2026-09-23 04:00:00+00:00,2023-09-01T00:00:00+08:00,2023-10-01T00:00:00+08:00,True,True,True,0.0,0.0,,eventual exits may occur after entry period; incomplete current period is right-censored
baseline_60_joint_4h00,60,joint,baseline,4h,0,0,0,0,0,0,,,,,,,,,,,,,,,,,,0,,,,,,month,2023-10,fixed pre-expansion clock observation,False,2020-02-01 00:00:00+00:00,2026-07-23 00:00:00+00:00,2026-09-23 04:00:00+00:00,2023-10-01T00:00:00+08:00,2023-11-01T00:00:00+08:00,True,True,True,0.0,0.0,,eventual exits may occur after entry period; incomplete current period is right-censored
baseline_60_joint_4h00,60,joint,baseline,4h,0,0,0,0,0,0,,,,,,,,,,,,,,,,,,0,,,,,,month,2023-11,fixed pre-expansion clock observation,False,2020-02-01 00:00:00+00:00,2026-07-23 00:00:00+00:00,2026-09-23 04:00:00+00:00,2023-11-01T00:00:00+08:00,2023-12-01T00:00:00+08:00,True,True,True,0.0,0.0,,eventual exits may occur after entry period; incomplete current period is right-censored
baseline_60_joint_4h00,60,joint,baseline,4h,0,0,0,0,0,0,,,,,,,,,,,,,,,,,,0,,,,,,month,2023-12,fixed pre-expansion clock observation,False,2020-02-01 00:00:00+00:00,2026-07-23 00:00:00+00:00,2026-09-23 04:00:00+00:00,2023-12-01T00:00:00+08:00,2024-01-01T00:00:00+08:00,True,True,True,0.0,0.0,,eventual exits may occur after entry period; incomplete current period is right-censored
baseline_60_joint_4h00,60,joint,baseline,4h,0,1,1,0,1,1,1.0,241.750254936496,1.808432732316236,1.0,1.808432732316236,261.750254936496,241.750254936496,0.0,0.0,,0.0,,,,,,,1,241.750254936496,-210.59449393684,0.0,452.344748873336,1.0,month,2024-01,fixed pre-expansion clock observation,False,2020-02-01 00:00:00+00:00,2026-07-23 00:00:00+00:00,2026-09-23 04:00:00+00:00,2024-01-01T00:00:00+08:00,2024-02-01T00:00:00+08:00,True,True,True,0.0,1.0,1.0,eventual exits may occur after entry period; incomplete current period is right-censored
baseline_60_joint_4h00,60,joint,baseline,4h,0,1,1,0,1,1,1.0,1230.1897048881779,8.405220424194916,1.0,8.405220424194916,1250.189704888178,1230.1897048881779,1.0,0.0,,1.0,,,,,,,1,1230.1897048881779,1433.992527180274,1.0,-203.80282229209595,1.0,month,2024-02,fixed pre-expansion clock observation,False,2020-02-01 00:00:00+00:00,2026-07-23 00:00:00+00:00,2026-09-23 04:00:00+00:00,2024-02-01T00:00:00+08:00,2024-03-01T00:00:00+08:00,True,True,True,0.0,1.0,1.0,eventual exits may occur after entry period; incomplete current period is right-censored
baseline_60_joint_4h00,60,joint,baseline,4h,0,0,0,0,0,0,,,,,,,,,,,,,,,,,,0,,,,,,month,2024-03,fixed pre-expansion clock observation,False,2020-02-01 00:00:00+00:00,2026-07-23 00:00:00+00:00,2026-09-23 04:00:00+00:00,2024-03-01T00:00:00+08:00,2024-04-01T00:00:00+08:00,True,True,True,0.0,0.0,,eventual exits may occur after entry period; incomplete current period is right-censored
baseline_60_joint_4h00,60,joint,baseline,4h,0,0,0,0,0,0,,,,,,,,,,,,,,,,,,0,,,,,,month,2024-04,fixed pre-expansion clock observation,False,2020-02-01 00:00:00+00:00,2026-07-23 00:00:00+00:00,2026-09-23 04:00:00+00:00,2024-04-01T00:00:00+08:00,2024-05-01T00:00:00+08:00,True,True,True,0.0,0.0,,eventual exits may occur after entry period; incomplete current period is right-censored
baseline_60_joint_4h00,60,joint,baseline,4h,0,0,0,0,0,0,,,,,,,,,,,,,,,,,,0,,,,,,month,2024-05,fixed pre-expansion clock observation,False,2020-02-01 00:00:00+00:00,2026-07-23 00:00:00+00:00,2026-09-23 04:00:00+00:00,2024-05-01T00:00:00+08:00,2024-06-01T00:00:00+08:00,True,True,True,0.0,0.0,,eventual exits may occur after entry period; incomplete current period is right-censored
baseline_60_joint_4h00,60,joint,baseline,4h,0,1,1,0,1,1,0.0,-202.264665757162,-1.1097305389221586,0.0,-1.1097305389221586,-182.264665757162,-202.264665757162,0.0,0.0,0.0,0.0,,,,,,,0,,,,,0.0,month,2024-06,fixed pre-expansion clock observation,False,2020-02-01 00:00:00+00:00,2026-07-23 00:00:00+00:00,2026-09-23 04:00:00+00:00,2024-06-01T00:00:00+08:00,2024-07-01T00:00:00+08:00,True,True,True,0.0,1.0,1.0,eventual exits may occur after entry period; incomplete current period is right-censored
baseline_60_joint_4h00,60,joint,baseline,4h,0,0,0,0,0,0,,,,,,,,,,,,,,,,,,0,,,,,,month,2024-07,fixed pre-expansion clock observation,False,2020-02-01 00:00:00+00:00,2026-07-23 00:00:00+00:00,2026-09-23 04:00:00+00:00,2024-07-01T00:00:00+08:00,2024-08-01T00:00:00+08:00,True,True,True,0.0,0.0,,eventual exits may occur after entry period; incomplete current period is right-censored
baseline_60_joint_4h00,60,joint,baseline,4h,0,1,1,0,1,1,1.0,330.284542211201,1.3113782929399276,1.0,1.3113782929399276,350.284542211201,330.284542211201,0.0,0.0,,0.0,,,,,,,1,330.284542211201,-257.636434742417,0.0,587.9209769536179,1.0,month,2024-08,fixed pre-expansion clock observation,False,2020-02-01 00:00:00+00:00,2026-07-23 00:00:00+00:00,2026-09-23 04:00:00+00:00,2024-08-01T00:00:00+08:00,2024-09-01T00:00:00+08:00,True,True,True,0.0,1.0,1.0,eventual exits may occur after entry period; incomplete current period is right-censored
baseline_60_joint_4h00,60,joint,baseline,4h,0,1,1,0,1,1,0.0,-309.550986151909,-1.0690724637681162,0.0,-1.0690724637681162,-289.550986151909,-309.550986151909,0.0,0.0,0.0,0.0,,,,,,,0,,,,,0.0,month,2024-09,fixed pre-expansion clock observation,False,2020-02-01 00:00:00+00:00,2026-07-23 00:00:00+00:00,2026-09-23 04:00:00+00:00,2024-09-01T00:00:00+08:00,2024-10-01T00:00:00+08:00,True,True,True,0.0,1.0,1.0,eventual exits may occur after entry period; incomplete current period is right-censored
baseline_60_joint_4h00,60,joint,baseline,4h,0,0,0,0,0,0,,,,,,,,,,,,,,,,,,0,,,,,,month,2024-10,fixed pre-expansion clock observation,False,2020-02-01 00:00:00+00:00,2026-07-23 00:00:00+00:00,2026-09-23 04:00:00+00:00,2024-10-01T00:00:00+08:00,2024-11-01T00:00:00+08:00,True,True,True,0.0,0.0,,eventual exits may occur after entry period; incomplete current period is right-censored
baseline_60_joint_4h00,60,joint,baseline,4h,0,0,0,0,0,0,,,,,,,,,,,,,,,,,,0,,,,,,month,2024-11,fixed pre-expansion clock observation,False,2020-02-01 00:00:00+00:00,2026-07-23 00:00:00+00:00,2026-09-23 04:00:00+00:00,2024-11-01T00:00:00+08:00,2024-12-01T00:00:00+08:00,True,True,True,0.0,0.0,,eventual exits may occur after entry period; incomplete current period is right-censored
baseline_60_joint_4h00,60,joint,baseline,4h,0,0,0,0,0,0,,,,,,,,,,,,,,,,,,0,,,,,,month,2024-12,fixed pre-expansion clock observation,False,2020-02-01 00:00:00+00:00,2026-07-23 00:00:00+00:00,2026-09-23 04:00:00+00:00,2024-12-01T00:00:00+08:00,2025-01-01T00:00:00+08:00,True,True,True,0.0,0.0,,eventual exits may occur after entry period; incomplete current period is right-censored
baseline_60_joint_4h00,60,joint,baseline,4h,0,0,0,0,0,0,,,,,,,,,,,,,,,,,,0,,,,,,month,2025-01,fixed pre-expansion clock observation,False,2020-02-01 00:00:00+00:00,2026-07-23 00:00:00+00:00,2026-09-23 04:00:00+00:00,2025-01-01T00:00:00+08:00,2025-02-01T00:00:00+08:00,True,True,True,0.0,0.0,,eventual exits may occur after entry period; incomplete current period is right-censored
baseline_60_joint_4h00,60,joint,baseline,4h,0,1,1,0,1,1,0.0,-363.26436549468195,-1.0582641311199843,0.0,-1.0582641311199843,-343.264365494682,-363.26436549468195,0.0,0.0,0.0,0.0,,,,,,,0,,,,,0.0,month,2025-02,fixed pre-expansion clock observation,False,2020-02-01 00:00:00+00:00,2026-07-23 00:00:00+00:00,2026-09-23 04:00:00+00:00,2025-02-01T00:00:00+08:00,2025-03-01T00:00:00+08:00,True,True,True,0.0,1.0,1.0,eventual exits may occur after entry period; incomplete current period is right-censored
baseline_60_joint_4h00,60,joint,baseline,4h,0,1,1,0,1,1,0.0,-278.343158896,-1.077416410349195,0.0,-1.077416410349195,-258.34315889600003,-278.343158896,0.0,0.0,0.0,0.0,,,,,,,0,,,,,0.0,month,2025-03,fixed pre-expansion clock observation,False,2020-02-01 00:00:00+00:00,2026-07-23 00:00:00+00:00,2026-09-23 04:00:00+00:00,2025-03-01T00:00:00+08:00,2025-04-01T00:00:00+08:00,True,True,True,0.0,1.0,1.0,eventual exits may occur after entry period; incomplete current period is right-censored
baseline_60_joint_4h00,60,joint,baseline,4h,0,0,0,0,0,0,,,,,,,,,,,,,,,,,,0,,,,,,month,2025-04,fixed pre-expansion clock observation,False,2020-02-01 00:00:00+00:00,2026-07-23 00:00:00+00:00,2026-09-23 04:00:00+00:00,2025-04-01T00:00:00+08:00,2025-05-01T00:00:00+08:00,True,True,True,0.0,0.0,,eventual exits may occur after entry period; incomplete current period is right-censored
baseline_60_joint_4h00,60,joint,baseline,4h,0,1,1,0,1,1,0.0,-156.68295269008098,-1.1463240265620285,0.0,-1.1463240265620285,-136.68295269008098,-156.68295269008098,0.0,0.0,0.0,0.0,,,,,,,0,,,,,0.0,month,2025-05,fixed pre-expansion clock observation,False,2020-02-01 00:00:00+00:00,2026-07-23 00:00:00+00:00,2026-09-23 04:00:00+00:00,2025-05-01T00:00:00+08:00,2025-06-01T00:00:00+08:00,True,True,True,0.0,1.0,1.0,eventual exits may occur after entry period; incomplete current period is right-censored
baseline_60_joint_4h00,60,joint,baseline,4h,0,0,0,0,0,0,,,,,,,,,,,,,,,,,,0,,,,,,month,2025-06,fixed pre-expansion clock observation,False,2020-02-01 00:00:00+00:00,2026-07-23 00:00:00+00:00,2026-09-23 04:00:00+00:00,2025-06-01T00:00:00+08:00,2025-07-01T00:00:00+08:00,True,True,True,0.0,0.0,,eventual exits may occur after entry period; incomplete current period is right-censored
baseline_60_joint_4h00,60,joint,baseline,4h,0,0,0,0,0,0,,,,,,,,,,,,,,,,,,0,,,,,,month,2025-07,fixed pre-expansion clock observation,False,2020-02-01 00:00:00+00:00,2026-07-23 00:00:00+00:00,2026-09-23 04:00:00+00:00,2025-07-01T00:00:00+08:00,2025-08-01T00:00:00+08:00,True,True,True,0.0,0.0,,eventual exits may occur after entry period; incomplete current period is right-censored
baseline_60_joint_4h00,60,joint,baseline,4h,0,0,0,0,0,0,,,,,,,,,,,,,,,,,,0,,,,,,month,2025-08,fixed pre-expansion clock observation,False,2020-02-01 00:00:00+00:00,2026-07-23 00:00:00+00:00,2026-09-23 04:00:00+00:00,2025-08-01T00:00:00+08:00,2025-09-01T00:00:00+08:00,True,True,True,0.0,0.0,,eventual exits may occur after entry period; incomplete current period is right-censored
baseline_60_joint_4h00,60,joint,baseline,4h,0,0,0,0,0,0,,,,,,,,,,,,,,,,,,0,,,,,,month,2025-09,fixed pre-expansion clock observation,False,2020-02-01 00:00:00+00:00,2026-07-23 00:00:00+00:00,2026-09-23 04:00:00+00:00,2025-09-01T00:00:00+08:00,2025-10-01T00:00:00+08:00,True,True,True,0.0,0.0,,eventual exits may occur after entry period; incomplete current period is right-censored
baseline_60_joint_4h00,60,joint,baseline,4h,0,0,0,0,0,0,,,,,,,,,,,,,,,,,,0,,,,,,month,2025-10,fixed pre-expansion clock observation,False,2020-02-01 00:00:00+00:00,2026-07-23 00:00:00+00:00,2026-09-23 04:00:00+00:00,2025-10-01T00:00:00+08:00,2025-11-01T00:00:00+08:00,True,True,True,0.0,0.0,,eventual exits may occur after entry period; incomplete current period is right-censored
baseline_60_joint_4h00,60,joint,baseline,4h,0,0,0,0,0,0,,,,,,,,,,,,,,,,,,0,,,,,,month,2025-11,fixed pre-expansion clock observation,False,2020-02-01 00:00:00+00:00,2026-07-23 00:00:00+00:00,2026-09-23 04:00:00+00:00,2025-11-01T00:00:00+08:00,2025-12-01T00:00:00+08:00,True,True,True,0.0,0.0,,eventual exits may occur after entry period; incomplete current period is right-censored
baseline_60_joint_4h00,60,joint,baseline,4h,0,0,0,0,0,0,,,,,,,,,,,,,,,,,,0,,,,,,month,2025-12,fixed pre-expansion clock observation,False,2020-02-01 00:00:00+00:00,2026-07-23 00:00:00+00:00,2026-09-23 04:00:00+00:00,2025-12-01T00:00:00+08:00,2026-01-01T00:00:00+08:00,True,True,True,0.0,0.0,,eventual exits may occur after entry period; incomplete current period is right-censored
baseline_60_joint_4h00,60,joint,baseline,4h,0,0,0,0,0,0,,,,,,,,,,,,,,,,,,0,,,,,,month,2026-01,fixed pre-expansion clock observation,False,2020-02-01 00:00:00+00:00,2026-07-23 00:00:00+00:00,2026-09-23 04:00:00+00:00,2026-01-01T00:00:00+08:00,2026-02-01T00:00:00+08:00,True,True,True,0.0,0.0,,eventual exits may occur after entry period; incomplete current period is right-censored
baseline_60_joint_4h00,60,joint,baseline,4h,0,0,0,0,0,0,,,,,,,,,,,,,,,,,,0,,,,,,month,2026-02,fixed pre-expansion clock observation,False,2020-02-01 00:00:00+00:00,2026-07-23 00:00:00+00:00,2026-09-23 04:00:00+00:00,2026-02-01T00:00:00+08:00,2026-03-01T00:00:00+08:00,True,True,True,0.0,0.0,,eventual exits may occur after entry period; incomplete current period is right-censored
baseline_60_joint_4h00,60,joint,baseline,4h,0,0,0,0,0,0,,,,,,,,,,,,,,,,,,0,,,,,,month,2026-03,fixed pre-expansion clock observation,False,2020-02-01 00:00:00+00:00,2026-07-23 00:00:00+00:00,2026-09-23 04:00:00+00:00,2026-03-01T00:00:00+08:00,2026-04-01T00:00:00+08:00,True,True,True,0.0,0.0,,eventual exits may occur after entry period; incomplete current period is right-censored
baseline_60_joint_4h00,60,joint,baseline,4h,0,1,1,0,1,1,0.0,-151.045273045545,-1.1526190112408607,0.0,-1.1526190112408607,-131.045273045545,-151.045273045545,0.0,0.0,0.0,0.0,,,,,,,0,,,,,0.0,month,2026-04,fixed pre-expansion clock observation,False,2020-02-01 00:00:00+00:00,2026-07-23 00:00:00+00:00,2026-09-23 04:00:00+00:00,2026-04-01T00:00:00+08:00,2026-05-01T00:00:00+08:00,True,True,True,0.0,1.0,1.0,eventual exits may occur after entry period; incomplete current period is right-censored
baseline_60_joint_4h00,60,joint,baseline,4h,0,1,1,0,1,1,0.0,-214.62940553715,-1.1027593951941768,0.0,-1.1027593951941768,-194.62940553714998,-214.62940553715,0.0,0.0,0.0,0.0,,,,,,,0,,,,,0.0,month,2026-05,fixed pre-expansion clock observation,False,2020-02-01 00:00:00+00:00,2026-07-23 00:00:00+00:00,2026-09-23 04:00:00+00:00,2026-05-01T00:00:00+08:00,2026-06-01T00:00:00+08:00,True,True,True,0.0,1.0,1.0,eventual exits may occur after entry period; incomplete current period is right-censored
baseline_60_joint_4h00,60,joint,baseline,4h,0,0,0,0,0,0,,,,,,,,,,,,,,,,,,0,,,,,,month,2026-06,fixed pre-expansion clock observation,False,2020-02-01 00:00:00+00:00,2026-07-23 00:00:00+00:00,2026-09-23 04:00:00+00:00,2026-06-01T00:00:00+08:00,2026-07-01T00:00:00+08:00,True,True,True,0.0,0.0,,eventual exits may occur after entry period; incomplete current period is right-censored
baseline_60_joint_4h00,60,joint,baseline,4h,0,1,1,0,1,1,0.0,-167.768114351559,-1.1353471964351995,0.0,-1.1353471964351995,-147.768114351559,-167.768114351559,0.0,0.0,0.0,0.0,,,,,,,0,,,,,0.0,month,2026-07,fixed pre-expansion clock observation,False,2020-02-01 00:00:00+00:00,2026-07-23 00:00:00+00:00,2026-09-23 04:00:00+00:00,2026-07-01T00:00:00+08:00,2026-08-01T00:00:00+08:00,True,True,True,0.0,1.0,1.0,eventual exits may occur after entry period; incomplete current period is right-censored
baseline_60_joint_4h00,60,joint,baseline,4h,0,2,2,0,2,1,0.5,1077.2023201463385,8.347601369993976,1.0,16.695202739987952,1097.2023201463385,1077.2023201463385,1.0,1.0,23.10528258987207,0.5,0.0,1.0,-252.524152761322,2406.928793053999,-0.7552585076490792,17.45046124763703,0,,,,,0.0,month,2026-08,fixed pre-expansion clock observation,False,2020-02-01 00:00:00+00:00,2026-07-23 00:00:00+00:00,2026-09-23 04:00:00+00:00,2026-08-01T00:00:00+08:00,2026-09-01T00:00:00+08:00,True,True,True,0.0,2.0,1.0,eventual exits may occur after entry period; incomplete current period is right-censored
baseline_60_joint_4h00,60,joint,baseline,4h,0,0,0,0,0,0,,,,,,,,,,,,,,,,,,0,,,,,,month,2026-09,fixed pre-expansion clock observation,False,2020-02-01 00:00:00+00:00,2026-07-23 00:00:00+00:00,2026-09-23 04:00:00+00:00,2026-09-01T00:00:00+08:00,2026-10-01T00:00:00+08:00,True,False,False,0.0,0.0,,eventual exits may occur after entry period; incomplete current period is right-censored
retest_15_v9_both_4h20,15,v9_both,retest,4h,20,27,27,0,24,2,0.2222222222222222,-40.056145495234155,-0.3003816164377587,6.0,-8.110303643819485,-20.056145495234194,-96.40550720594099,0.0,0.0,0.5296837992024166,0.0,0.07407407407407407,0.4,-153.16729752213516,103.33127778236829,-0.67581598439258,0.16521626881376464,0,,,,,0.0,old_window_cut,all,fixed pre-expansion clock observation,False,2020-02-01 00:00:00+00:00,2026-07-23 00:00:00+00:00,2026-09-23 04:00:00+00:00,,,,,,,,,
retest_15_v9_both_4h20,15,v9_both,retest,4h,20,25,25,0,22,2,0.2,-42.53670027165524,-0.3493489991717433,5.0,-8.733724979293582,-22.536700271655288,-96.40550720594099,0.0,0.0,0.4724679421980549,0.0,0.06446572580645162,0.391304347826087,-159.3413092601738,116.56790490730008,-0.7273282427815146,0.1427292893165561,0,,,,,0.0,old_window_cut,earlier_history_mature,fixed pre-expansion clock observation,False,2020-02-01 00:00:00+00:00,2026-07-23 00:00:00+00:00,2026-09-23 04:00:00+00:00,,,,,,,,,
retest_15_v9_both_4h20,15,v9_both,retest,4h,20,2,2,0,2,1,0.5,-9.049210789970488,0.3117106677370484,1.0,0.6234213354740968,10.950789210029503,-9.049210789970488,0.0,0.0,1.9054180493707273,0.0,0.0,1.0,-203.511009027993,185.41258744805202,-0.6885452923181502,1.311966627792247,0,,,,,0.0,old_window_cut,old_window,fixed pre-expansion clock observation,False,2020-02-01 00:00:00+00:00,2026-07-23 00:00:00+00:00,2026-09-23 04:00:00+00:00,,,,,,,,,
retest_15_v9_both_4h20,15,v9_both,retest,4h,20,0,0,0,0,0,,,,,,,,,,,,,,,,,,0,,,,,,old_window_cut,crossing_old_window_cut,fixed pre-expansion clock observation,False,2020-02-01 00:00:00+00:00,2026-07-23 00:00:00+00:00,2026-09-23 04:00:00+00:00,,,,,,,,,
retest_15_v9_both_4h20,15,v9_both,retest,4h,20,7,7,0,6,2,0.14285714285714285,-140.43102536549273,-0.6869426155720075,1.0,-4.8085983090040525,-120.43102536549272,-164.439502721477,0.0,0.0,0.07244811317767219,0.0,0.0,0.5,-204.32729030073625,-45.14303586097133,-1.030044608889337,-0.2464304175334835,0,,,,,0.0,year,2020,fixed pre-expansion clock observation,False,2020-02-01 00:00:00+00:00,2026-07-23 00:00:00+00:00,2026-09-23 04:00:00+00:00,2020-01-01T00:00:00+08:00,2021-01-01T00:00:00+08:00,False,True,False,0.0,7.0,1.0,eventual exits may occur after entry period; incomplete current period is right-censored
retest_15_v9_both_4h20,15,v9_both,retest,4h,20,5,5,0,3,2,0.0,-211.75579761260298,-0.6764619584310253,0.0,-3.3823097921551266,-191.755797612603,-185.46679052484998,0.0,0.0,0.0,0.0,0.0,0.0,-269.09714375260796,-66.020766280341,-1.1208701754386017,-0.1497888401421889,0,,,,,0.0,year,2021,fixed pre-expansion clock observation,False,2020-02-01 00:00:00+00:00,2026-07-23 00:00:00+00:00,2026-09-23 04:00:00+00:00,2021-01-01T00:00:00+08:00,2022-01-01T00:00:00+08:00,True,True,True,0.0,5.0,1.0,eventual exits may occur after entry period; incomplete current period is right-censored
retest_15_v9_both_4h20,15,v9_both,retest,4h,20,3,3,0,3,2,0.3333333333333333,80.56797467401397,0.06589817165526013,1.0,0.1976945149657804,100.567974674014,-96.40550720594099,0.0,0.0,1.1418014147749056,0.0,0.0,1.0,-289.09839177884203,627.2078230068249,-1.013578299456059,1.591859130880218,0,,,,,0.0,year,2022,fixed pre-expansion clock observation,False,2020-02-01 00:00:00+00:00,2026-07-23 00:00:00+00:00,2026-09-23 04:00:00+00:00,2022-01-01T00:00:00+08:00,2023-01-01T00:00:00+08:00,True,True,True,0.0,3.0,1.0,eventual exits may occur after entry period; incomplete current period is right-censored
retest_15_v9_both_4h20,15,v9_both,retest,4h,20,1,1,0,1,1,0.0,-95.18244799926,-1.2660195369030336,0.0,-1.2660195369030336,-75.18244799925999,-95.18244799926,0.0,0.0,0.0,0.0,,,,,,,0,,,,,0.0,year,2023,fixed pre-expansion clock observation,False,2020-02-01 00:00:00+00:00,2026-07-23 00:00:00+00:00,2026-09-23 04:00:00+00:00,2023-01-01T00:00:00+08:00,2024-01-01T00:00:00+08:00,True,True,True,0.0,1.0,1.0,eventual exits may occur after entry period; incomplete current period is right-censored
retest_15_v9_both_4h20,15,v9_both,retest,4h,20,5,5,0,5,2,0.2,-43.15783062641721,-0.16704328933101525,1.0,-0.8352164466550762,-23.157830626417404,-71.484300641491,0.0,0.0,0.7136847290226528,0.0,0.0,0.6,-310.15832464494315,257.65498421562137,-1.0124713453114011,1.0279006218658542,0,,,,,0.0,year,2024,fixed pre-expansion clock observation,False,2020-02-01 00:00:00+00:00,2026-07-23 00:00:00+00:00,2026-09-23 04:00:00+00:00,2024-01-01T00:00:00+08:00,2025-01-01T00:00:00+08:00,True,True,True,0.0,5.0,1.0,eventual exits may occur after entry period; incomplete current period is right-censored
retest_15_v9_both_4h20,15,v9_both,retest,4h,20,1,1,0,1,1,0.0,-85.645739918724,-1.3046656191972692,0.0,-1.3046656191972692,-65.645739918724,-85.645739918724,0.0,0.0,0.0,0.0,,,,,,,0,,,,,0.0,year,2025,fixed pre-expansion clock observation,False,2020-02-01 00:00:00+00:00,2026-07-23 00:00:00+00:00,2026-09-23 04:00:00+00:00,2025-01-01T00:00:00+08:00,2026-01-01T00:00:00+08:00,True,True,True,0.0,1.0,1.0,eventual exits may occur after entry period; incomplete current period is right-censored
retest_15_v9_both_4h20,15,v9_both,retest,4h,20,5,5,0,5,2,0.6,223.03873085563401,0.6577623090258586,3.0,3.288811545129293,243.03873085563401,185.41258744805202,0.0,0.0,2.8312887089971053,0.0,0.2,1.0,-126.84114998457719,665.1734332566639,-0.5662414007568358,1.9319753697564153,0,,,,,0.0,year,2026,fixed pre-expansion clock observation,False,2020-02-01 00:00:00+00:00,2026-07-23 00:00:00+00:00,2026-09-23 04:00:00+00:00,2026-01-01T00:00:00+08:00,2027-01-01T00:00:00+08:00,True,False,False,0.0,5.0,1.0,eventual exits may occur after entry period; incomplete current period is right-censored
retest_15_v9_both_4h20,15,v9_both,retest,4h,20,0,0,0,0,0,,,,,,,,,,,,,,,,,,0,,,,,,month,2020-02,fixed pre-expansion clock observation,False,2020-02-01 00:00:00+00:00,2026-07-23 00:00:00+00:00,2026-09-23 04:00:00+00:00,2020-02-01T00:00:00+08:00,2020-03-01T00:00:00+08:00,False,True,False,0.0,0.0,,eventual exits may occur after entry period; incomplete current period is right-censored
retest_15_v9_both_4h20,15,v9_both,retest,4h,20,1,1,0,1,1,0.0,-213.86466612196503,-1.1031647509578577,0.0,-1.1031647509578577,-193.864666121965,-213.86466612196503,0.0,0.0,0.0,0.0,,,,,,,0,,,,,0.0,month,2020-03,fixed pre-expansion clock observation,False,2020-02-01 00:00:00+00:00,2026-07-23 00:00:00+00:00,2026-09-23 04:00:00+00:00,2020-03-01T00:00:00+08:00,2020-04-01T00:00:00+08:00,True,True,True,0.0,1.0,1.0,eventual exits may occur after entry period; incomplete current period is right-censored
retest_15_v9_both_4h20,15,v9_both,retest,4h,20,1,1,0,1,1,0.0,-222.69918190818498,-1.0986683804627193,0.0,-1.0986683804627193,-202.699181908185,-222.69918190818498,0.0,0.0,0.0,0.0,,,,,,,0,,,,,0.0,month,2020-04,fixed pre-expansion clock observation,False,2020-02-01 00:00:00+00:00,2026-07-23 00:00:00+00:00,2026-09-23 04:00:00+00:00,2020-04-01T00:00:00+08:00,2020-05-01T00:00:00+08:00,True,True,True,0.0,1.0,1.0,eventual exits may occur after entry period; incomplete current period is right-censored
retest_15_v9_both_4h20,15,v9_both,retest,4h,20,0,0,0,0,0,,,,,,,,,,,,,,,,,,0,,,,,,month,2020-05,fixed pre-expansion clock observation,False,2020-02-01 00:00:00+00:00,2026-07-23 00:00:00+00:00,2026-09-23 04:00:00+00:00,2020-05-01T00:00:00+08:00,2020-06-01T00:00:00+08:00,True,True,True,0.0,0.0,,eventual exits may occur after entry period; incomplete current period is right-censored
retest_15_v9_both_4h20,15,v9_both,retest,4h,20,0,0,0,0,0,,,,,,,,,,,,,,,,,,0,,,,,,month,2020-06,fixed pre-expansion clock observation,False,2020-02-01 00:00:00+00:00,2026-07-23 00:00:00+00:00,2026-09-23 04:00:00+00:00,2020-06-01T00:00:00+08:00,2020-07-01T00:00:00+08:00,True,True,True,0.0,0.0,,eventual exits may occur after entry period; incomplete current period is right-censored
retest_15_v9_both_4h20,15,v9_both,retest,4h,20,0,0,0,0,0,,,,,,,,,,,,,,,,,,0,,,,,,month,2020-07,fixed pre-expansion clock observation,False,2020-02-01 00:00:00+00:00,2026-07-23 00:00:00+00:00,2026-09-23 04:00:00+00:00,2020-07-01T00:00:00+08:00,2020-08-01T00:00:00+08:00,True,True,True,0.0,0.0,,eventual exits may occur after entry period; incomplete current period is right-censored
retest_15_v9_both_4h20,15,v9_both,retest,4h,20,2,2,0,2,2,0.5,3.771433959399509,0.025487571421450417,1.0,0.050975142842900834,23.771433959399506,3.771433959399509,0.0,0.0,1.157035470061347,0.0,0.0,1.0,-72.07928488146099,79.62215280026001,-0.3246091015169186,0.3755842443598194,0,,,,,0.0,month,2020-08,fixed pre-expansion clock observation,False,2020-02-01 00:00:00+00:00,2026-07-23 00:00:00+00:00,2026-09-23 04:00:00+00:00,2020-08-01T00:00:00+08:00,2020-09-01T00:00:00+08:00,True,True,True,0.0,2.0,1.0,eventual exits may occur after entry period; incomplete current period is right-censored
retest_15_v9_both_4h20,15,v9_both,retest,4h,20,0,0,0,0,0,,,,,,,,,,,,,,,,,,0,,,,,,month,2020-09,fixed pre-expansion clock observation,False,2020-02-01 00:00:00+00:00,2026-07-23 00:00:00+00:00,2026-09-23 04:00:00+00:00,2020-09-01T00:00:00+08:00,2020-10-01T00:00:00+08:00,True,True,True,0.0,0.0,,eventual exits may occur after entry period; incomplete current period is right-censored
retest_15_v9_both_4h20,15,v9_both,retest,4h,20,1,1,0,1,1,0.0,-132.637102426641,-1.177561385805583,0.0,-1.177561385805583,-112.63710242664101,-132.637102426641,0.0,0.0,0.0,0.0,,,,,,,0,,,,,0.0,month,2020-10,fixed pre-expansion clock observation,False,2020-02-01 00:00:00+00:00,2026-07-23 00:00:00+00:00,2026-09-23 04:00:00+00:00,2020-10-01T00:00:00+08:00,2020-11-01T00:00:00+08:00,True,True,True,0.0,1.0,1.0,eventual exits may occur after entry period; incomplete current period is right-censored
retest_15_v9_both_4h20,15,v9_both,retest,4h,20,2,2,0,1,1,0.0,-210.67954751022847,-0.7400894673103968,0.0,-1.4801789346207936,-190.6795475102285,-210.67954751022847,0.0,0.0,0.0,0.0,,,,,,,0,,,,,0.0,month,2020-11,fixed pre-expansion clock observation,False,2020-02-01 00:00:00+00:00,2026-07-23 00:00:00+00:00,2026-09-23 04:00:00+00:00,2020-11-01T00:00:00+08:00,2020-12-01T00:00:00+08:00,True,True,True,0.0,2.0,1.0,eventual exits may occur after entry period; incomplete current period is right-censored
retest_15_v9_both_4h20,15,v9_both,retest,4h,20,0,0,0,0,0,,,,,,,,,,,,,,,,,,0,,,,,,month,2020-12,fixed pre-expansion clock observation,False,2020-02-01 00:00:00+00:00,2026-07-23 00:00:00+00:00,2026-09-23 04:00:00+00:00,2020-12-01T00:00:00+08:00,2021-01-01T00:00:00+08:00,True,True,True,0.0,0.0,,eventual exits may occur after entry period; incomplete current period is right-censored
retest_15_v9_both_4h20,15,v9_both,retest,4h,20,0,0,0,0,0,,,,,,,,,,,,,,,,,,0,,,,,,month,2021-01,fixed pre-expansion clock observation,False,2020-02-01 00:00:00+00:00,2026-07-23 00:00:00+00:00,2026-09-23 04:00:00+00:00,2021-01-01T00:00:00+08:00,2021-02-01T00:00:00+08:00,True,True,True,0.0,0.0,,eventual exits may occur after entry period; incomplete current period is right-censored
retest_15_v9_both_4h20,15,v9_both,retest,4h,20,1,1,0,1,1,0.0,-66.020766280341,-0.1497888401421889,0.0,-0.1497888401421889,-46.02076628034099,-66.020766280341,0.0,0.0,0.0,0.0,,,,,,,0,,,,,0.0,month,2021-02,fixed pre-expansion clock observation,False,2020-02-01 00:00:00+00:00,2026-07-23 00:00:00+00:00,2026-09-23 04:00:00+00:00,2021-02-01T00:00:00+08:00,2021-03-01T00:00:00+08:00,True,True,True,0.0,1.0,1.0,eventual exits may occur after entry period; incomplete current period is right-censored
retest_15_v9_both_4h20,15,v9_both,retest,4h,20,0,0,0,0,0,,,,,,,,,,,,,,,,,,0,,,,,,month,2021-03,fixed pre-expansion clock observation,False,2020-02-01 00:00:00+00:00,2026-07-23 00:00:00+00:00,2026-09-23 04:00:00+00:00,2021-03-01T00:00:00+08:00,2021-04-01T00:00:00+08:00,True,True,True,0.0,0.0,,eventual exits may occur after entry period; incomplete current period is right-censored
retest_15_v9_both_4h20,15,v9_both,retest,4h,20,0,0,0,0,0,,,,,,,,,,,,,,,,,,0,,,,,,month,2021-04,fixed pre-expansion clock observation,False,2020-02-01 00:00:00+00:00,2026-07-23 00:00:00+00:00,2026-09-23 04:00:00+00:00,2021-04-01T00:00:00+08:00,2021-05-01T00:00:00+08:00,True,True,True,0.0,0.0,,eventual exits may occur after entry period; incomplete current period is right-censored
retest_15_v9_both_4h20,15,v9_both,retest,4h,20,1,1,0,1,1,0.0,-281.060189773905,-0.7654061135371163,0.0,-0.7654061135371163,-261.060189773905,-281.060189773905,0.0,0.0,0.0,0.0,,,,,,,0,,,,,0.0,month,2021-05,fixed pre-expansion clock observation,False,2020-02-01 00:00:00+00:00,2026-07-23 00:00:00+00:00,2026-09-23 04:00:00+00:00,2021-05-01T00:00:00+08:00,2021-06-01T00:00:00+08:00,True,True,True,1.0,0.0,0.0,eventual exits may occur after entry period; incomplete current period is right-censored
retest_15_v9_both_4h20,15,v9_both,retest,4h,20,2,2,0,1,2,0.0,-263.1156207419595,-0.67312233151861,0.0,-1.34624466303722,-243.1156207419595,-263.1156207419595,0.0,0.0,0.0,0.0,,,,,,,0,,,,,0.0,month,2021-06,fixed pre-expansion clock observation,False,2020-02-01 00:00:00+00:00,2026-07-23 00:00:00+00:00,2026-09-23 04:00:00+00:00,2021-06-01T00:00:00+08:00,2021-07-01T00:00:00+08:00,True,True,True,0.0,2.0,1.0,eventual exits may occur after entry period; incomplete current period is right-censored
retest_15_v9_both_4h20,15,v9_both,retest,4h,20,0,0,0,0,0,,,,,,,,,,,,,,,,,,0,,,,,,month,2021-07,fixed pre-expansion clock observation,False,2020-02-01 00:00:00+00:00,2026-07-23 00:00:00+00:00,2026-09-23 04:00:00+00:00,2021-07-01T00:00:00+08:00,2021-08-01T00:00:00+08:00,True,True,True,0.0,0.0,,eventual exits may occur after entry period; incomplete current period is right-censored
retest_15_v9_both_4h20,15,v9_both,retest,4h,20,0,0,0,0,0,,,,,,,,,,,,,,,,,,0,,,,,,month,2021-08,fixed pre-expansion clock observation,False,2020-02-01 00:00:00+00:00,2026-07-23 00:00:00+00:00,2026-09-23 04:00:00+00:00,2021-08-01T00:00:00+08:00,2021-09-01T00:00:00+08:00,True,True,True,0.0,0.0,,eventual exits may occur after entry period; incomplete current period is right-censored
retest_15_v9_both_4h20,15,v9_both,retest,4h,20,0,0,0,0,0,,,,,,,,,,,,,,,,,,0,,,,,,month,2021-09,fixed pre-expansion clock observation,False,2020-02-01 00:00:00+00:00,2026-07-23 00:00:00+00:00,2026-09-23 04:00:00+00:00,2021-09-01T00:00:00+08:00,2021-10-01T00:00:00+08:00,True,True,True,0.0,0.0,,eventual exits may occur after entry period; incomplete current period is right-censored
retest_15_v9_both_4h20,15,v9_both,retest,4h,20,0,0,0,0,0,,,,,,,,,,,,,,,,,,0,,,,,,month,2021-10,fixed pre-expansion clock observation,False,2020-02-01 00:00:00+00:00,2026-07-23 00:00:00+00:00,2026-09-23 04:00:00+00:00,2021-10-01T00:00:00+08:00,2021-11-01T00:00:00+08:00,True,True,True,0.0,0.0,,eventual exits may occur after entry period; incomplete current period is right-censored
retest_15_v9_both_4h20,15,v9_both,retest,4h,20,1,1,0,1,1,0.0,-185.46679052484998,-1.1208701754386017,0.0,-1.1208701754386017,-165.46679052485,-185.46679052484998,0.0,0.0,0.0,0.0,,,,,,,0,,,,,0.0,month,2021-11,fixed pre-expansion clock observation,False,2020-02-01 00:00:00+00:00,2026-07-23 00:00:00+00:00,2026-09-23 04:00:00+00:00,2021-11-01T00:00:00+08:00,2021-12-01T00:00:00+08:00,True,True,True,0.0,1.0,1.0,eventual exits may occur after entry period; incomplete current period is right-censored
retest_15_v9_both_4h20,15,v9_both,retest,4h,20,0,0,0,0,0,,,,,,,,,,,,,,,,,,0,,,,,,month,2021-12,fixed pre-expansion clock observation,False,2020-02-01 00:00:00+00:00,2026-07-23 00:00:00+00:00,2026-09-23 04:00:00+00:00,2021-12-01T00:00:00+08:00,2022-01-01T00:00:00+08:00,True,True,True,0.0,0.0,,eventual exits may occur after entry period; incomplete current period is right-censored
retest_15_v9_both_4h20,15,v9_both,retest,4h,20,0,0,0,0,0,,,,,,,,,,,,,,,,,,0,,,,,,month,2022-01,fixed pre-expansion clock observation,False,2020-02-01 00:00:00+00:00,2026-07-23 00:00:00+00:00,2026-09-23 04:00:00+00:00,2022-01-01T00:00:00+08:00,2022-02-01T00:00:00+08:00,True,True,True,0.0,0.0,,eventual exits may occur after entry period; incomplete current period is right-censored
retest_15_v9_both_4h20,15,v9_both,retest,4h,20,1,1,0,1,1,1.0,627.2078230068249,1.591859130880218,1.0,1.591859130880218,647.2078230068249,627.2078230068249,0.0,0.0,,0.0,,,,,,,0,,,,,0.0,month,2022-02,fixed pre-expansion clock observation,False,2020-02-01 00:00:00+00:00,2026-07-23 00:00:00+00:00,2026-09-23 04:00:00+00:00,2022-02-01T00:00:00+08:00,2022-03-01T00:00:00+08:00,True,True,True,0.0,1.0,1.0,eventual exits may occur after entry period; incomplete current period is right-censored
retest_15_v9_both_4h20,15,v9_both,retest,4h,20,0,0,0,0,0,,,,,,,,,,,,,,,,,,0,,,,,,month,2022-03,fixed pre-expansion clock observation,False,2020-02-01 00:00:00+00:00,2026-07-23 00:00:00+00:00,2026-09-23 04:00:00+00:00,2022-03-01T00:00:00+08:00,2022-04-01T00:00:00+08:00,True,True,True,0.0,0.0,,eventual exits may occur after entry period; incomplete current period is right-censored
retest_15_v9_both_4h20,15,v9_both,retest,4h,20,0,0,0,0,0,,,,,,,,,,,,,,,,,,0,,,,,,month,2022-04,fixed pre-expansion clock observation,False,2020-02-01 00:00:00+00:00,2026-07-23 00:00:00+00:00,2026-09-23 04:00:00+00:00,2022-04-01T00:00:00+08:00,2022-05-01T00:00:00+08:00,True,True,True,0.0,0.0,,eventual exits may occur after entry period; incomplete current period is right-censored
retest_15_v9_both_4h20,15,v9_both,retest,4h,20,0,0,0,0,0,,,,,,,,,,,,,,,,,,0,,,,,,month,2022-05,fixed pre-expansion clock observation,False,2020-02-01 00:00:00+00:00,2026-07-23 00:00:00+00:00,2026-09-23 04:00:00+00:00,2022-05-01T00:00:00+08:00,2022-06-01T00:00:00+08:00,True,True,True,0.0,0.0,,eventual exits may occur after entry period; incomplete current period is right-censored
retest_15_v9_both_4h20,15,v9_both,retest,4h,20,0,0,0,0,0,,,,,,,,,,,,,,,,,,0,,,,,,month,2022-06,fixed pre-expansion clock observation,False,2020-02-01 00:00:00+00:00,2026-07-23 00:00:00+00:00,2026-09-23 04:00:00+00:00,2022-06-01T00:00:00+08:00,2022-07-01T00:00:00+08:00,True,True,True,0.0,0.0,,eventual exits may occur after entry period; incomplete current period is right-censored
retest_15_v9_both_4h20,15,v9_both,retest,4h,20,1,1,0,1,1,0.0,-289.09839177884203,-1.013578299456059,0.0,-1.013578299456059,-269.098391778842,-289.09839177884203,0.0,0.0,0.0,0.0,,,,,,,0,,,,,0.0,month,2022-07,fixed pre-expansion clock observation,False,2020-02-01 00:00:00+00:00,2026-07-23 00:00:00+00:00,2026-09-23 04:00:00+00:00,2022-07-01T00:00:00+08:00,2022-08-01T00:00:00+08:00,True,True,True,0.0,1.0,1.0,eventual exits may occur after entry period; incomplete current period is right-censored
retest_15_v9_both_4h20,15,v9_both,retest,4h,20,1,1,0,1,1,0.0,-96.40550720594099,-0.3805863164583786,0.0,-0.3805863164583786,-76.405507205941,-96.40550720594099,0.0,0.0,0.0,0.0,,,,,,,0,,,,,0.0,month,2022-08,fixed pre-expansion clock observation,False,2020-02-01 00:00:00+00:00,2026-07-23 00:00:00+00:00,2026-09-23 04:00:00+00:00,2022-08-01T00:00:00+08:00,2022-09-01T00:00:00+08:00,True,True,True,0.0,1.0,1.0,eventual exits may occur after entry period; incomplete current period is right-censored
retest_15_v9_both_4h20,15,v9_both,retest,4h,20,0,0,0,0,0,,,,,,,,,,,,,,,,,,0,,,,,,month,2022-09,fixed pre-expansion clock observation,False,2020-02-01 00:00:00+00:00,2026-07-23 00:00:00+00:00,2026-09-23 04:00:00+00:00,2022-09-01T00:00:00+08:00,2022-10-01T00:00:00+08:00,True,True,True,0.0,0.0,,eventual exits may occur after entry period; incomplete current period is right-censored
retest_15_v9_both_4h20,15,v9_both,retest,4h,20,0,0,0,0,0,,,,,,,,,,,,,,,,,,0,,,,,,month,2022-10,fixed pre-expansion clock observation,False,2020-02-01 00:00:00+00:00,2026-07-23 00:00:00+00:00,2026-09-23 04:00:00+00:00,2022-10-01T00:00:00+08:00,2022-11-01T00:00:00+08:00,True,True,True,0.0,0.0,,eventual exits may occur after entry period; incomplete current period is right-censored
retest_15_v9_both_4h20,15,v9_both,retest,4h,20,0,0,0,0,0,,,,,,,,,,,,,,,,,,0,,,,,,month,2022-11,fixed pre-expansion clock observation,False,2020-02-01 00:00:00+00:00,2026-07-23 00:00:00+00:00,2026-09-23 04:00:00+00:00,2022-11-01T00:00:00+08:00,2022-12-01T00:00:00+08:00,True,True,True,0.0,0.0,,eventual exits may occur after entry period; incomplete current period is right-censored
retest_15_v9_both_4h20,15,v9_both,retest,4h,20,0,0,0,0,0,,,,,,,,,,,,,,,,,,0,,,,,,month,2022-12,fixed pre-expansion clock observation,False,2020-02-01 00:00:00+00:00,2026-07-23 00:00:00+00:00,2026-09-23 04:00:00+00:00,2022-12-01T00:00:00+08:00,2023-01-01T00:00:00+08:00,True,True,True,0.0,0.0,,eventual exits may occur after entry period; incomplete current period is right-censored
retest_15_v9_both_4h20,15,v9_both,retest,4h,20,0,0,0,0,0,,,,,,,,,,,,,,,,,,0,,,,,,month,2023-01,fixed pre-expansion clock observation,False,2020-02-01 00:00:00+00:00,2026-07-23 00:00:00+00:00,2026-09-23 04:00:00+00:00,2023-01-01T00:00:00+08:00,2023-02-01T00:00:00+08:00,True,True,True,0.0,0.0,,eventual exits may occur after entry period; incomplete current period is right-censored
retest_15_v9_both_4h20,15,v9_both,retest,4h,20,0,0,0,0,0,,,,,,,,,,,,,,,,,,0,,,,,,month,2023-02,fixed pre-expansion clock observation,False,2020-02-01 00:00:00+00:00,2026-07-23 00:00:00+00:00,2026-09-23 04:00:00+00:00,2023-02-01T00:00:00+08:00,2023-03-01T00:00:00+08:00,True,True,True,0.0,0.0,,eventual exits may occur after entry period; incomplete current period is right-censored
retest_15_v9_both_4h20,15,v9_both,retest,4h,20,0,0,0,0,0,,,,,,,,,,,,,,,,,,0,,,,,,month,2023-03,fixed pre-expansion clock observation,False,2020-02-01 00:00:00+00:00,2026-07-23 00:00:00+00:00,2026-09-23 04:00:00+00:00,2023-03-01T00:00:00+08:00,2023-04-01T00:00:00+08:00,True,True,True,0.0,0.0,,eventual exits may occur after entry period; incomplete current period is right-censored
retest_15_v9_both_4h20,15,v9_both,retest,4h,20,0,0,0,0,0,,,,,,,,,,,,,,,,,,0,,,,,,month,2023-04,fixed pre-expansion clock observation,False,2020-02-01 00:00:00+00:00,2026-07-23 00:00:00+00:00,2026-09-23 04:00:00+00:00,2023-04-01T00:00:00+08:00,2023-05-01T00:00:00+08:00,True,True,True,0.0,0.0,,eventual exits may occur after entry period; incomplete current period is right-censored
retest_15_v9_both_4h20,15,v9_both,retest,4h,20,0,0,0,0,0,,,,,,,,,,,,,,,,,,0,,,,,,month,2023-05,fixed pre-expansion clock observation,False,2020-02-01 00:00:00+00:00,2026-07-23 00:00:00+00:00,2026-09-23 04:00:00+00:00,2023-05-01T00:00:00+08:00,2023-06-01T00:00:00+08:00,True,True,True,0.0,0.0,,eventual exits may occur after entry period; incomplete current period is right-censored
retest_15_v9_both_4h20,15,v9_both,retest,4h,20,0,0,0,0,0,,,,,,,,,,,,,,,,,,0,,,,,,month,2023-06,fixed pre-expansion clock observation,False,2020-02-01 00:00:00+00:00,2026-07-23 00:00:00+00:00,2026-09-23 04:00:00+00:00,2023-06-01T00:00:00+08:00,2023-07-01T00:00:00+08:00,True,True,True,0.0,0.0,,eventual exits may occur after entry period; incomplete current period is right-censored
retest_15_v9_both_4h20,15,v9_both,retest,4h,20,0,0,0,0,0,,,,,,,,,,,,,,,,,,0,,,,,,month,2023-07,fixed pre-expansion clock observation,False,2020-02-01 00:00:00+00:00,2026-07-23 00:00:00+00:00,2026-09-23 04:00:00+00:00,2023-07-01T00:00:00+08:00,2023-08-01T00:00:00+08:00,True,True,True,0.0,0.0,,eventual exits may occur after entry period; incomplete current period is right-censored
retest_15_v9_both_4h20,15,v9_both,retest,4h,20,0,0,0,0,0,,,,,,,,,,,,,,,,,,0,,,,,,month,2023-08,fixed pre-expansion clock observation,False,2020-02-01 00:00:00+00:00,2026-07-23 00:00:00+00:00,2026-09-23 04:00:00+00:00,2023-08-01T00:00:00+08:00,2023-09-01T00:00:00+08:00,True,True,True,0.0,0.0,,eventual exits may occur after entry period; incomplete current period is right-censored
retest_15_v9_both_4h20,15,v9_both,retest,4h,20,0,0,0,0,0,,,,,,,,,,,,,,,,,,0,,,,,,month,2023-09,fixed pre-expansion clock observation,False,2020-02-01 00:00:00+00:00,2026-07-23 00:00:00+00:00,2026-09-23 04:00:00+00:00,2023-09-01T00:00:00+08:00,2023-10-01T00:00:00+08:00,True,True,True,0.0,0.0,,eventual exits may occur after entry period; incomplete current period is right-censored
retest_15_v9_both_4h20,15,v9_both,retest,4h,20,0,0,0,0,0,,,,,,,,,,,,,,,,,,0,,,,,,month,2023-10,fixed pre-expansion clock observation,False,2020-02-01 00:00:00+00:00,2026-07-23 00:00:00+00:00,2026-09-23 04:00:00+00:00,2023-10-01T00:00:00+08:00,2023-11-01T00:00:00+08:00,True,True,True,0.0,0.0,,eventual exits may occur after entry period; incomplete current period is right-censored
retest_15_v9_both_4h20,15,v9_both,retest,4h,20,1,1,0,1,1,0.0,-95.18244799926,-1.2660195369030336,0.0,-1.2660195369030336,-75.18244799925999,-95.18244799926,0.0,0.0,0.0,0.0,,,,,,,0,,,,,0.0,month,2023-11,fixed pre-expansion clock observation,False,2020-02-01 00:00:00+00:00,2026-07-23 00:00:00+00:00,2026-09-23 04:00:00+00:00,2023-11-01T00:00:00+08:00,2023-12-01T00:00:00+08:00,True,True,True,0.0,1.0,1.0,eventual exits may occur after entry period; incomplete current period is right-censored
retest_15_v9_both_4h20,15,v9_both,retest,4h,20,0,0,0,0,0,,,,,,,,,,,,,,,,,,0,,,,,,month,2023-12,fixed pre-expansion clock observation,False,2020-02-01 00:00:00+00:00,2026-07-23 00:00:00+00:00,2026-09-23 04:00:00+00:00,2023-12-01T00:00:00+08:00,2024-01-01T00:00:00+08:00,True,True,True,0.0,0.0,,eventual exits may occur after entry period; incomplete current period is right-censored
retest_15_v9_both_4h20,15,v9_both,retest,4h,20,0,0,0,0,0,,,,,,,,,,,,,,,,,,0,,,,,,month,2024-01,fixed pre-expansion clock observation,False,2020-02-01 00:00:00+00:00,2026-07-23 00:00:00+00:00,2026-09-23 04:00:00+00:00,2024-01-01T00:00:00+08:00,2024-02-01T00:00:00+08:00,True,True,True,0.0,0.0,,eventual exits may occur after entry period; incomplete current period is right-censored
retest_15_v9_both_4h20,15,v9_both,retest,4h,20,1,1,0,1,1,0.0,-214.86705111299202,-1.1026340773659196,0.0,-1.1026340773659196,-194.867051112992,-214.86705111299202,0.0,0.0,0.0,0.0,,,,,,,0,,,,,0.0,month,2024-02,fixed pre-expansion clock observation,False,2020-02-01 00:00:00+00:00,2026-07-23 00:00:00+00:00,2026-09-23 04:00:00+00:00,2024-02-01T00:00:00+08:00,2024-03-01T00:00:00+08:00,True,True,True,0.0,1.0,1.0,eventual exits may occur after entry period; incomplete current period is right-censored
retest_15_v9_both_4h20,15,v9_both,retest,4h,20,0,0,0,0,0,,,,,,,,,,,,,,,,,,0,,,,,,month,2024-03,fixed pre-expansion clock observation,False,2020-02-01 00:00:00+00:00,2026-07-23 00:00:00+00:00,2026-09-23 04:00:00+00:00,2024-03-01T00:00:00+08:00,2024-04-01T00:00:00+08:00,True,True,True,0.0,0.0,,eventual exits may occur after entry period; incomplete current period is right-censored
retest_15_v9_both_4h20,15,v9_both,retest,4h,20,2,2,0,2,2,0.5,35.890094667330004,0.5178629411179413,1.0,1.0357258822358826,55.89009466732998,35.890094667330004,0.0,0.0,1.9900080815458596,0.0,0.0,1.0,-453.09523494287,524.87542427753,-1.0461792196874156,2.081905101923298,0,,,,,0.0,month,2024-04,fixed pre-expansion clock observation,False,2020-02-01 00:00:00+00:00,2026-07-23 00:00:00+00:00,2026-09-23 04:00:00+00:00,2024-04-01T00:00:00+08:00,2024-05-01T00:00:00+08:00,True,True,True,0.0,2.0,1.0,eventual exits may occur after entry period; incomplete current period is right-censored
retest_15_v9_both_4h20,15,v9_both,retest,4h,20,0,0,0,0,0,,,,,,,,,,,,,,,,,,0,,,,,,month,2024-05,fixed pre-expansion clock observation,False,2020-02-01 00:00:00+00:00,2026-07-23 00:00:00+00:00,2026-09-23 04:00:00+00:00,2024-05-01T00:00:00+08:00,2024-06-01T00:00:00+08:00,True,True,True,0.0,0.0,,eventual exits may occur after entry period; incomplete current period is right-censored
retest_15_v9_both_4h20,15,v9_both,retest,4h,20,0,0,0,0,0,,,,,,,,,,,,,,,,,,0,,,,,,month,2024-06,fixed pre-expansion clock observation,False,2020-02-01 00:00:00+00:00,2026-07-23 00:00:00+00:00,2026-09-23 04:00:00+00:00,2024-06-01T00:00:00+08:00,2024-07-01T00:00:00+08:00,True,True,True,0.0,0.0,,eventual exits may occur after entry period; incomplete current period is right-censored
retest_15_v9_both_4h20,15,v9_both,retest,4h,20,0,0,0,0,0,,,,,,,,,,,,,,,,,,0,,,,,,month,2024-07,fixed pre-expansion clock observation,False,2020-02-01 00:00:00+00:00,2026-07-23 00:00:00+00:00,2026-09-23 04:00:00+00:00,2024-07-01T00:00:00+08:00,2024-08-01T00:00:00+08:00,True,True,True,0.0,0.0,,eventual exits may occur after entry period; incomplete current period is right-censored
retest_15_v9_both_4h20,15,v9_both,retest,4h,20,0,0,0,0,0,,,,,,,,,,,,,,,,,,0,,,,,,month,2024-08,fixed pre-expansion clock observation,False,2020-02-01 00:00:00+00:00,2026-07-23 00:00:00+00:00,2026-09-23 04:00:00+00:00,2024-08-01T00:00:00+08:00,2024-09-01T00:00:00+08:00,True,True,True,0.0,0.0,,eventual exits may occur after entry period; incomplete current period is right-censored
retest_15_v9_both_4h20,15,v9_both,retest,4h,20,0,0,0,0,0,,,,,,,,,,,,,,,,,,0,,,,,,month,2024-09,fixed pre-expansion clock observation,False,2020-02-01 00:00:00+00:00,2026-07-23 00:00:00+00:00,2026-09-23 04:00:00+00:00,2024-09-01T00:00:00+08:00,2024-10-01T00:00:00+08:00,True,True,True,0.0,0.0,,eventual exits may occur after entry period; incomplete current period is right-censored
retest_15_v9_both_4h20,15,v9_both,retest,4h,20,0,0,0,0,0,,,,,,,,,,,,,,,,,,0,,,,,,month,2024-10,fixed pre-expansion clock observation,False,2020-02-01 00:00:00+00:00,2026-07-23 00:00:00+00:00,2026-09-23 04:00:00+00:00,2024-10-01T00:00:00+08:00,2024-11-01T00:00:00+08:00,True,True,True,0.0,0.0,,eventual exits may occur after entry period; incomplete current period is right-censored
retest_15_v9_both_4h20,15,v9_both,retest,4h,20,1,1,0,1,1,0.0,-1.217990712263,-0.0035781190747037,0.0,-0.0035781190747037,18.782009287736,-1.217990712263,0.0,0.0,0.0,0.0,,,,,,,0,,,,,0.0,month,2024-11,fixed pre-expansion clock observation,False,2020-02-01 00:00:00+00:00,2026-07-23 00:00:00+00:00,2026-09-23 04:00:00+00:00,2024-11-01T00:00:00+08:00,2024-12-01T00:00:00+08:00,True,True,True,0.0,1.0,1.0,eventual exits may occur after entry period; incomplete current period is right-censored
retest_15_v9_both_4h20,15,v9_both,retest,4h,20,1,1,0,1,1,0.0,-71.484300641491,-0.7647301324503353,0.0,-0.7647301324503353,-51.484300641491,-71.484300641491,0.0,0.0,0.0,0.0,,,,,,,0,,,,,0.0,month,2024-12,fixed pre-expansion clock observation,False,2020-02-01 00:00:00+00:00,2026-07-23 00:00:00+00:00,2026-09-23 04:00:00+00:00,2024-12-01T00:00:00+08:00,2025-01-01T00:00:00+08:00,True,True,True,0.0,1.0,1.0,eventual exits may occur after entry period; incomplete current period is right-censored
retest_15_v9_both_4h20,15,v9_both,retest,4h,20,0,0,0,0,0,,,,,,,,,,,,,,,,,,0,,,,,,month,2025-01,fixed pre-expansion clock observation,False,2020-02-01 00:00:00+00:00,2026-07-23 00:00:00+00:00,2026-09-23 04:00:00+00:00,2025-01-01T00:00:00+08:00,2025-02-01T00:00:00+08:00,True,True,True,0.0,0.0,,eventual exits may occur after entry period; incomplete current period is right-censored
retest_15_v9_both_4h20,15,v9_both,retest,4h,20,0,0,0,0,0,,,,,,,,,,,,,,,,,,0,,,,,,month,2025-02,fixed pre-expansion clock observation,False,2020-02-01 00:00:00+00:00,2026-07-23 00:00:00+00:00,2026-09-23 04:00:00+00:00,2025-02-01T00:00:00+08:00,2025-03-01T00:00:00+08:00,True,True,True,0.0,0.0,,eventual exits may occur after entry period; incomplete current period is right-censored
retest_15_v9_both_4h20,15,v9_both,retest,4h,20,0,0,0,0,0,,,,,,,,,,,,,,,,,,0,,,,,,month,2025-03,fixed pre-expansion clock observation,False,2020-02-01 00:00:00+00:00,2026-07-23 00:00:00+00:00,2026-09-23 04:00:00+00:00,2025-03-01T00:00:00+08:00,2025-04-01T00:00:00+08:00,True,True,True,0.0,0.0,,eventual exits may occur after entry period; incomplete current period is right-censored
retest_15_v9_both_4h20,15,v9_both,retest,4h,20,0,0,0,0,0,,,,,,,,,,,,,,,,,,0,,,,,,month,2025-04,fixed pre-expansion clock observation,False,2020-02-01 00:00:00+00:00,2026-07-23 00:00:00+00:00,2026-09-23 04:00:00+00:00,2025-04-01T00:00:00+08:00,2025-05-01T00:00:00+08:00,True,True,True,0.0,0.0,,eventual exits may occur after entry period; incomplete current period is right-censored
retest_15_v9_both_4h20,15,v9_both,retest,4h,20,0,0,0,0,0,,,,,,,,,,,,,,,,,,0,,,,,,month,2025-05,fixed pre-expansion clock observation,False,2020-02-01 00:00:00+00:00,2026-07-23 00:00:00+00:00,2026-09-23 04:00:00+00:00,2025-05-01T00:00:00+08:00,2025-06-01T00:00:00+08:00,True,True,True,0.0,0.0,,eventual exits may occur after entry period; incomplete current period is right-censored
retest_15_v9_both_4h20,15,v9_both,retest,4h,20,1,1,0,1,1,0.0,-85.645739918724,-1.3046656191972692,0.0,-1.3046656191972692,-65.645739918724,-85.645739918724,0.0,0.0,0.0,0.0,,,,,,,0,,,,,0.0,month,2025-06,fixed pre-expansion clock observation,False,2020-02-01 00:00:00+00:00,2026-07-23 00:00:00+00:00,2026-09-23 04:00:00+00:00,2025-06-01T00:00:00+08:00,2025-07-01T00:00:00+08:00,True,True,True,0.0,1.0,1.0,eventual exits may occur after entry period; incomplete current period is right-censored
retest_15_v9_both_4h20,15,v9_both,retest,4h,20,0,0,0,0,0,,,,,,,,,,,,,,,,,,0,,,,,,month,2025-07,fixed pre-expansion clock observation,False,2020-02-01 00:00:00+00:00,2026-07-23 00:00:00+00:00,2026-09-23 04:00:00+00:00,2025-07-01T00:00:00+08:00,2025-08-01T00:00:00+08:00,True,True,True,0.0,0.0,,eventual exits may occur after entry period; incomplete current period is right-censored
retest_15_v9_both_4h20,15,v9_both,retest,4h,20,0,0,0,0,0,,,,,,,,,,,,,,,,,,0,,,,,,month,2025-08,fixed pre-expansion clock observation,False,2020-02-01 00:00:00+00:00,2026-07-23 00:00:00+00:00,2026-09-23 04:00:00+00:00,2025-08-01T00:00:00+08:00,2025-09-01T00:00:00+08:00,True,True,True,0.0,0.0,,eventual exits may occur after entry period; incomplete current period is right-censored
retest_15_v9_both_4h20,15,v9_both,retest,4h,20,0,0,0,0,0,,,,,,,,,,,,,,,,,,0,,,,,,month,2025-09,fixed pre-expansion clock observation,False,2020-02-01 00:00:00+00:00,2026-07-23 00:00:00+00:00,2026-09-23 04:00:00+00:00,2025-09-01T00:00:00+08:00,2025-10-01T00:00:00+08:00,True,True,True,0.0,0.0,,eventual exits may occur after entry period; incomplete current period is right-censored
retest_15_v9_both_4h20,15,v9_both,retest,4h,20,0,0,0,0,0,,,,,,,,,,,,,,,,,,0,,,,,,month,2025-10,fixed pre-expansion clock observation,False,2020-02-01 00:00:00+00:00,2026-07-23 00:00:00+00:00,2026-09-23 04:00:00+00:00,2025-10-01T00:00:00+08:00,2025-11-01T00:00:00+08:00,True,True,True,0.0,0.0,,eventual exits may occur after entry period; incomplete current period is right-censored
retest_15_v9_both_4h20,15,v9_both,retest,4h,20,0,0,0,0,0,,,,,,,,,,,,,,,,,,0,,,,,,month,2025-11,fixed pre-expansion clock observation,False,2020-02-01 00:00:00+00:00,2026-07-23 00:00:00+00:00,2026-09-23 04:00:00+00:00,2025-11-01T00:00:00+08:00,2025-12-01T00:00:00+08:00,True,True,True,0.0,0.0,,eventual exits may occur after entry period; incomplete current period is right-censored
retest_15_v9_both_4h20,15,v9_both,retest,4h,20,0,0,0,0,0,,,,,,,,,,,,,,,,,,0,,,,,,month,2025-12,fixed pre-expansion clock observation,False,2020-02-01 00:00:00+00:00,2026-07-23 00:00:00+00:00,2026-09-23 04:00:00+00:00,2025-12-01T00:00:00+08:00,2026-01-01T00:00:00+08:00,True,True,True,0.0,0.0,,eventual exits may occur after entry period; incomplete current period is right-censored
retest_15_v9_both_4h20,15,v9_both,retest,4h,20,0,0,0,0,0,,,,,,,,,,,,,,,,,,0,,,,,,month,2026-01,fixed pre-expansion clock observation,False,2020-02-01 00:00:00+00:00,2026-07-23 00:00:00+00:00,2026-09-23 04:00:00+00:00,2026-01-01T00:00:00+08:00,2026-02-01T00:00:00+08:00,True,True,True,0.0,0.0,,eventual exits may occur after entry period; incomplete current period is right-censored
retest_15_v9_both_4h20,15,v9_both,retest,4h,20,1,1,0,1,1,1.0,1094.893969897863,3.012151837769326,1.0,3.012151837769326,1114.893969897863,1094.893969897863,0.0,0.0,,0.0,,,,,,,0,,,,,0.0,month,2026-02,fixed pre-expansion clock observation,False,2020-02-01 00:00:00+00:00,2026-07-23 00:00:00+00:00,2026-09-23 04:00:00+00:00,2026-02-01T00:00:00+08:00,2026-03-01T00:00:00+08:00,True,True,True,0.0,1.0,1.0,eventual exits may occur after entry period; incomplete current period is right-censored
retest_15_v9_both_4h20,15,v9_both,retest,4h,20,1,1,0,1,1,1.0,244.696265617724,0.7605931629196193,1.0,0.7605931629196193,264.696265617724,244.696265617724,0.0,0.0,,0.0,,,,,,,0,,,,,0.0,month,2026-03,fixed pre-expansion clock observation,False,2020-02-01 00:00:00+00:00,2026-07-23 00:00:00+00:00,2026-09-23 04:00:00+00:00,2026-03-01T00:00:00+08:00,2026-04-01T00:00:00+08:00,True,True,True,0.0,1.0,1.0,eventual exits may occur after entry period; incomplete current period is right-censored
retest_15_v9_both_4h20,15,v9_both,retest,4h,20,0,0,0,0,0,,,,,,,,,,,,,,,,,,0,,,,,,month,2026-04,fixed pre-expansion clock observation,False,2020-02-01 00:00:00+00:00,2026-07-23 00:00:00+00:00,2026-09-23 04:00:00+00:00,2026-04-01T00:00:00+08:00,2026-05-01T00:00:00+08:00,True,True,True,0.0,0.0,,eventual exits may occur after entry period; incomplete current period is right-censored
retest_15_v9_both_4h20,15,v9_both,retest,4h,20,0,0,0,0,0,,,,,,,,,,,,,,,,,,0,,,,,,month,2026-05,fixed pre-expansion clock observation,False,2020-02-01 00:00:00+00:00,2026-07-23 00:00:00+00:00,2026-09-23 04:00:00+00:00,2026-05-01T00:00:00+08:00,2026-06-01T00:00:00+08:00,True,True,True,0.0,0.0,,eventual exits may occur after entry period; incomplete current period is right-censored
retest_15_v9_both_4h20,15,v9_both,retest,4h,20,1,1,0,1,1,0.0,-206.298159657476,-1.1073547910337491,0.0,-1.1073547910337491,-186.29815965747602,-206.298159657476,0.0,0.0,0.0,0.0,,,,,,,0,,,,,0.0,month,2026-06,fixed pre-expansion clock observation,False,2020-02-01 00:00:00+00:00,2026-07-23 00:00:00+00:00,2026-09-23 04:00:00+00:00,2026-06-01T00:00:00+08:00,2026-07-01T00:00:00+08:00,True,True,True,0.0,1.0,1.0,eventual exits may occur after entry period; incomplete current period is right-censored
retest_15_v9_both_4h20,15,v9_both,retest,4h,20,0,0,0,0,0,,,,,,,,,,,,,,,,,,0,,,,,,month,2026-07,fixed pre-expansion clock observation,False,2020-02-01 00:00:00+00:00,2026-07-23 00:00:00+00:00,2026-09-23 04:00:00+00:00,2026-07-01T00:00:00+08:00,2026-08-01T00:00:00+08:00,True,True,True,0.0,0.0,,eventual exits may occur after entry period; incomplete current period is right-censored
retest_15_v9_both_4h20,15,v9_both,retest,4h,20,1,1,0,1,1,0.0,-203.511009027993,-0.6885452923181502,0.0,-0.6885452923181502,-183.511009027993,-203.511009027993,0.0,0.0,0.0,0.0,,,,,,,0,,,,,0.0,month,2026-08,fixed pre-expansion clock observation,False,2020-02-01 00:00:00+00:00,2026-07-23 00:00:00+00:00,2026-09-23 04:00:00+00:00,2026-08-01T00:00:00+08:00,2026-09-01T00:00:00+08:00,True,True,True,0.0,1.0,1.0,eventual exits may occur after entry period; incomplete current period is right-censored
retest_15_v9_both_4h20,15,v9_both,retest,4h,20,1,1,0,1,1,1.0,185.41258744805202,1.311966627792247,1.0,1.311966627792247,205.412587448052,185.41258744805202,0.0,0.0,,0.0,,,,,,,0,,,,,0.0,month,2026-09,fixed pre-expansion clock observation,False,2020-02-01 00:00:00+00:00,2026-07-23 00:00:00+00:00,2026-09-23 04:00:00+00:00,2026-09-01T00:00:00+08:00,2026-10-01T00:00:00+08:00,True,False,False,0.0,1.0,1.0,eventual exits may occur after entry period; incomplete current period is right-censored
retest_15_v9_both_1h23,15,v9_both,retest,1h,23,9,9,0,8,2,0.3333333333333333,87.42377509288899,0.24990400597325438,3.0,2.2491360537592895,107.4237750928889,-88.351682171232,0.0,0.0,1.5069298106365423,0.0,0.08333333333333333,0.6666666666666666,-208.421602312787,453.9921442415158,-0.6194635765004917,1.3069034749826605,0,,,,,0.0,old_window_cut,all,fixed pre-expansion clock observation,False,2020-02-01 00:00:00+00:00,2026-07-23 00:00:00+00:00,2026-09-23 04:00:00+00:00,,,,,,,,,
retest_15_v9_both_1h23,15,v9_both,retest,1h,23,9,9,0,8,2,0.3333333333333333,87.42377509288899,0.24990400597325438,3.0,2.2491360537592895,107.4237750928889,-88.351682171232,0.0,0.0,1.5069298106365423,0.0,0.08333333333333333,0.6666666666666666,-208.421602312787,453.9921442415158,-0.6194635765004917,1.3069034749826605,0,,,,,0.0,old_window_cut,earlier_history_mature,fixed pre-expansion clock observation,False,2020-02-01 00:00:00+00:00,2026-07-23 00:00:00+00:00,2026-09-23 04:00:00+00:00,,,,,,,,,
retest_15_v9_both_1h23,15,v9_both,retest,1h,23,0,0,0,0,0,,,,,,,,,,,,,,,,,,0,,,,,,old_window_cut,old_window,fixed pre-expansion clock observation,False,2020-02-01 00:00:00+00:00,2026-07-23 00:00:00+00:00,2026-09-23 04:00:00+00:00,,,,,,,,,
retest_15_v9_both_1h23,15,v9_both,retest,1h,23,0,0,0,0,0,,,,,,,,,,,,,,,,,,0,,,,,,old_window_cut,crossing_old_window_cut,fixed pre-expansion clock observation,False,2020-02-01 00:00:00+00:00,2026-07-23 00:00:00+00:00,2026-09-23 04:00:00+00:00,,,,,,,,,
retest_15_v9_both_1h23,15,v9_both,retest,1h,23,2,2,0,2,1,0.0,-239.80938710358248,-1.0203890075071067,0.0,-2.0407780150142134,-219.8093871035825,-239.80938710358248,0.0,0.0,0.0,0.0,0.0,0.0,-256.91959229898,-222.69918190818498,-1.0986683804627193,-0.942109634551494,0,,,,,0.0,year,2020,fixed pre-expansion clock observation,False,2020-02-01 00:00:00+00:00,2026-07-23 00:00:00+00:00,2026-09-23 04:00:00+00:00,2020-01-01T00:00:00+08:00,2021-01-01T00:00:00+08:00,False,True,False,0.0,2.0,1.0,eventual exits may occur after entry period; incomplete current period is right-censored
retest_15_v9_both_1h23,15,v9_both,retest,1h,23,2,2,0,1,2,0.0,-263.1156207419595,-0.67312233151861,0.0,-1.34624466303722,-243.1156207419595,-263.1156207419595,0.0,0.0,0.0,0.0,,,,,,,0,,,,,0.0,year,2021,fixed pre-expansion clock observation,False,2020-02-01 00:00:00+00:00,2026-07-23 00:00:00+00:00,2026-09-23 04:00:00+00:00,2021-01-01T00:00:00+08:00,2022-01-01T00:00:00+08:00,True,True,True,0.0,2.0,1.0,eventual exits may occur after entry period; incomplete current period is right-censored
retest_15_v9_both_1h23,15,v9_both,retest,1h,23,1,1,0,1,1,1.0,627.2078230068249,1.591859130880218,1.0,1.591859130880218,647.2078230068249,627.2078230068249,0.0,0.0,,0.0,,,,,,,0,,,,,0.0,year,2022,fixed pre-expansion clock observation,False,2020-02-01 00:00:00+00:00,2026-07-23 00:00:00+00:00,2026-09-23 04:00:00+00:00,2022-01-01T00:00:00+08:00,2023-01-01T00:00:00+08:00,True,True,True,0.0,1.0,1.0,eventual exits may occur after entry period; incomplete current period is right-censored
retest_15_v9_both_1h23,15,v9_both,retest,1h,23,0,0,0,0,0,,,,,,,,,,,,,,,,,,0,,,,,,year,2023,fixed pre-expansion clock observation,False,2020-02-01 00:00:00+00:00,2026-07-23 00:00:00+00:00,2026-09-23 04:00:00+00:00,2023-01-01T00:00:00+08:00,2024-01-01T00:00:00+08:00,True,True,True,0.0,0.0,,eventual exits may occur after entry period; incomplete current period is right-censored
retest_15_v9_both_1h23,15,v9_both,retest,1h,23,3,3,0,3,2,0.3333333333333333,23.520732874132335,0.34404925438705963,1.0,1.0321477631611788,43.52073287413199,-1.217990712263,0.0,0.0,1.9832250988388367,0.0,0.0,1.0,-453.09523494287004,524.87542427753,-1.0461792196874156,2.081905101923298,0,,,,,0.0,year,2024,fixed pre-expansion clock observation,False,2020-02-01 00:00:00+00:00,2026-07-23 00:00:00+00:00,2026-09-23 04:00:00+00:00,2024-01-01T00:00:00+08:00,2025-01-01T00:00:00+08:00,True,True,True,0.0,3.0,1.0,eventual exits may occur after entry period; incomplete current period is right-censored
retest_15_v9_both_1h23,15,v9_both,retest,1h,23,0,0,0,0,0,,,,,,,,,,,,,,,,,,0,,,,,,year,2025,fixed pre-expansion clock observation,False,2020-02-01 00:00:00+00:00,2026-07-23 00:00:00+00:00,2026-09-23 04:00:00+00:00,2025-01-01T00:00:00+08:00,2026-01-01T00:00:00+08:00,True,True,True,0.0,0.0,,eventual exits may occur after entry period; incomplete current period is right-censored
retest_15_v9_both_1h23,15,v9_both,retest,1h,23,1,1,0,1,1,1.0,1094.893969897863,3.012151837769326,1.0,3.012151837769326,1114.893969897863,1094.893969897863,0.0,0.0,,0.0,,,,,,,0,,,,,0.0,year,2026,fixed pre-expansion clock observation,False,2020-02-01 00:00:00+00:00,2026-07-23 00:00:00+00:00,2026-09-23 04:00:00+00:00,2026-01-01T00:00:00+08:00,2027-01-01T00:00:00+08:00,True,False,False,0.0,1.0,1.0,eventual exits may occur after entry period; incomplete current period is right-censored
retest_15_v9_both_1h23,15,v9_both,retest,1h,23,0,0,0,0,0,,,,,,,,,,,,,,,,,,0,,,,,,month,2020-02,fixed pre-expansion clock observation,False,2020-02-01 00:00:00+00:00,2026-07-23 00:00:00+00:00,2026-09-23 04:00:00+00:00,2020-02-01T00:00:00+08:00,2020-03-01T00:00:00+08:00,False,True,False,0.0,0.0,,eventual exits may occur after entry period; incomplete current period is right-censored
retest_15_v9_both_1h23,15,v9_both,retest,1h,23,0,0,0,0,0,,,,,,,,,,,,,,,,,,0,,,,,,month,2020-03,fixed pre-expansion clock observation,False,2020-02-01 00:00:00+00:00,2026-07-23 00:00:00+00:00,2026-09-23 04:00:00+00:00,2020-03-01T00:00:00+08:00,2020-04-01T00:00:00+08:00,True,True,True,0.0,0.0,,eventual exits may occur after entry period; incomplete current period is right-censored
retest_15_v9_both_1h23,15,v9_both,retest,1h,23,1,1,0,1,1,0.0,-222.69918190818498,-1.0986683804627193,0.0,-1.0986683804627193,-202.699181908185,-222.69918190818498,0.0,0.0,0.0,0.0,,,,,,,0,,,,,0.0,month,2020-04,fixed pre-expansion clock observation,False,2020-02-01 00:00:00+00:00,2026-07-23 00:00:00+00:00,2026-09-23 04:00:00+00:00,2020-04-01T00:00:00+08:00,2020-05-01T00:00:00+08:00,True,True,True,0.0,1.0,1.0,eventual exits may occur after entry period; incomplete current period is right-censored
retest_15_v9_both_1h23,15,v9_both,retest,1h,23,0,0,0,0,0,,,,,,,,,,,,,,,,,,0,,,,,,month,2020-05,fixed pre-expansion clock observation,False,2020-02-01 00:00:00+00:00,2026-07-23 00:00:00+00:00,2026-09-23 04:00:00+00:00,2020-05-01T00:00:00+08:00,2020-06-01T00:00:00+08:00,True,True,True,0.0,0.0,,eventual exits may occur after entry period; incomplete current period is right-censored
retest_15_v9_both_1h23,15,v9_both,retest,1h,23,0,0,0,0,0,,,,,,,,,,,,,,,,,,0,,,,,,month,2020-06,fixed pre-expansion clock observation,False,2020-02-01 00:00:00+00:00,2026-07-23 00:00:00+00:00,2026-09-23 04:00:00+00:00,2020-06-01T00:00:00+08:00,2020-07-01T00:00:00+08:00,True,True,True,0.0,0.0,,eventual exits may occur after entry period; incomplete current period is right-censored
retest_15_v9_both_1h23,15,v9_both,retest,1h,23,0,0,0,0,0,,,,,,,,,,,,,,,,,,0,,,,,,month,2020-07,fixed pre-expansion clock observation,False,2020-02-01 00:00:00+00:00,2026-07-23 00:00:00+00:00,2026-09-23 04:00:00+00:00,2020-07-01T00:00:00+08:00,2020-08-01T00:00:00+08:00,True,True,True,0.0,0.0,,eventual exits may occur after entry period; incomplete current period is right-censored
retest_15_v9_both_1h23,15,v9_both,retest,1h,23,0,0,0,0,0,,,,,,,,,,,,,,,,,,0,,,,,,month,2020-08,fixed pre-expansion clock observation,False,2020-02-01 00:00:00+00:00,2026-07-23 00:00:00+00:00,2026-09-23 04:00:00+00:00,2020-08-01T00:00:00+08:00,2020-09-01T00:00:00+08:00,True,True,True,0.0,0.0,,eventual exits may occur after entry period; incomplete current period is right-censored
retest_15_v9_both_1h23,15,v9_both,retest,1h,23,0,0,0,0,0,,,,,,,,,,,,,,,,,,0,,,,,,month,2020-09,fixed pre-expansion clock observation,False,2020-02-01 00:00:00+00:00,2026-07-23 00:00:00+00:00,2026-09-23 04:00:00+00:00,2020-09-01T00:00:00+08:00,2020-10-01T00:00:00+08:00,True,True,True,0.0,0.0,,eventual exits may occur after entry period; incomplete current period is right-censored
retest_15_v9_both_1h23,15,v9_both,retest,1h,23,0,0,0,0,0,,,,,,,,,,,,,,,,,,0,,,,,,month,2020-10,fixed pre-expansion clock observation,False,2020-02-01 00:00:00+00:00,2026-07-23 00:00:00+00:00,2026-09-23 04:00:00+00:00,2020-10-01T00:00:00+08:00,2020-11-01T00:00:00+08:00,True,True,True,0.0,0.0,,eventual exits may occur after entry period; incomplete current period is right-censored
retest_15_v9_both_1h23,15,v9_both,retest,1h,23,1,1,0,1,1,0.0,-256.91959229898,-0.942109634551494,0.0,-0.942109634551494,-236.91959229897998,-256.91959229898,0.0,0.0,0.0,0.0,,,,,,,0,,,,,0.0,month,2020-11,fixed pre-expansion clock observation,False,2020-02-01 00:00:00+00:00,2026-07-23 00:00:00+00:00,2026-09-23 04:00:00+00:00,2020-11-01T00:00:00+08:00,2020-12-01T00:00:00+08:00,True,True,True,0.0,1.0,1.0,eventual exits may occur after entry period; incomplete current period is right-censored
retest_15_v9_both_1h23,15,v9_both,retest,1h,23,0,0,0,0,0,,,,,,,,,,,,,,,,,,0,,,,,,month,2020-12,fixed pre-expansion clock observation,False,2020-02-01 00:00:00+00:00,2026-07-23 00:00:00+00:00,2026-09-23 04:00:00+00:00,2020-12-01T00:00:00+08:00,2021-01-01T00:00:00+08:00,True,True,True,0.0,0.0,,eventual exits may occur after entry period; incomplete current period is right-censored
retest_15_v9_both_1h23,15,v9_both,retest,1h,23,0,0,0,0,0,,,,,,,,,,,,,,,,,,0,,,,,,month,2021-01,fixed pre-expansion clock observation,False,2020-02-01 00:00:00+00:00,2026-07-23 00:00:00+00:00,2026-09-23 04:00:00+00:00,2021-01-01T00:00:00+08:00,2021-02-01T00:00:00+08:00,True,True,True,0.0,0.0,,eventual exits may occur after entry period; incomplete current period is right-censored
retest_15_v9_both_1h23,15,v9_both,retest,1h,23,0,0,0,0,0,,,,,,,,,,,,,,,,,,0,,,,,,month,2021-02,fixed pre-expansion clock observation,False,2020-02-01 00:00:00+00:00,2026-07-23 00:00:00+00:00,2026-09-23 04:00:00+00:00,2021-02-01T00:00:00+08:00,2021-03-01T00:00:00+08:00,True,True,True,0.0,0.0,,eventual exits may occur after entry period; incomplete current period is right-censored
retest_15_v9_both_1h23,15,v9_both,retest,1h,23,0,0,0,0,0,,,,,,,,,,,,,,,,,,0,,,,,,month,2021-03,fixed pre-expansion clock observation,False,2020-02-01 00:00:00+00:00,2026-07-23 00:00:00+00:00,2026-09-23 04:00:00+00:00,2021-03-01T00:00:00+08:00,2021-04-01T00:00:00+08:00,True,True,True,0.0,0.0,,eventual exits may occur after entry period; incomplete current period is right-censored
retest_15_v9_both_1h23,15,v9_both,retest,1h,23,0,0,0,0,0,,,,,,,,,,,,,,,,,,0,,,,,,month,2021-04,fixed pre-expansion clock observation,False,2020-02-01 00:00:00+00:00,2026-07-23 00:00:00+00:00,2026-09-23 04:00:00+00:00,2021-04-01T00:00:00+08:00,2021-05-01T00:00:00+08:00,True,True,True,0.0,0.0,,eventual exits may occur after entry period; incomplete current period is right-censored
retest_15_v9_both_1h23,15,v9_both,retest,1h,23,0,0,0,0,0,,,,,,,,,,,,,,,,,,0,,,,,,month,2021-05,fixed pre-expansion clock observation,False,2020-02-01 00:00:00+00:00,2026-07-23 00:00:00+00:00,2026-09-23 04:00:00+00:00,2021-05-01T00:00:00+08:00,2021-06-01T00:00:00+08:00,True,True,True,0.0,0.0,,eventual exits may occur after entry period; incomplete current period is right-censored
retest_15_v9_both_1h23,15,v9_both,retest,1h,23,2,2,0,1,2,0.0,-263.1156207419595,-0.67312233151861,0.0,-1.34624466303722,-243.1156207419595,-263.1156207419595,0.0,0.0,0.0,0.0,,,,,,,0,,,,,0.0,month,2021-06,fixed pre-expansion clock observation,False,2020-02-01 00:00:00+00:00,2026-07-23 00:00:00+00:00,2026-09-23 04:00:00+00:00,2021-06-01T00:00:00+08:00,2021-07-01T00:00:00+08:00,True,True,True,0.0,2.0,1.0,eventual exits may occur after entry period; incomplete current period is right-censored
retest_15_v9_both_1h23,15,v9_both,retest,1h,23,0,0,0,0,0,,,,,,,,,,,,,,,,,,0,,,,,,month,2021-07,fixed pre-expansion clock observation,False,2020-02-01 00:00:00+00:00,2026-07-23 00:00:00+00:00,2026-09-23 04:00:00+00:00,2021-07-01T00:00:00+08:00,2021-08-01T00:00:00+08:00,True,True,True,0.0,0.0,,eventual exits may occur after entry period; incomplete current period is right-censored
retest_15_v9_both_1h23,15,v9_both,retest,1h,23,0,0,0,0,0,,,,,,,,,,,,,,,,,,0,,,,,,month,2021-08,fixed pre-expansion clock observation,False,2020-02-01 00:00:00+00:00,2026-07-23 00:00:00+00:00,2026-09-23 04:00:00+00:00,2021-08-01T00:00:00+08:00,2021-09-01T00:00:00+08:00,True,True,True,0.0,0.0,,eventual exits may occur after entry period; incomplete current period is right-censored
retest_15_v9_both_1h23,15,v9_both,retest,1h,23,0,0,0,0,0,,,,,,,,,,,,,,,,,,0,,,,,,month,2021-09,fixed pre-expansion clock observation,False,2020-02-01 00:00:00+00:00,2026-07-23 00:00:00+00:00,2026-09-23 04:00:00+00:00,2021-09-01T00:00:00+08:00,2021-10-01T00:00:00+08:00,True,True,True,0.0,0.0,,eventual exits may occur after entry period; incomplete current period is right-censored
retest_15_v9_both_1h23,15,v9_both,retest,1h,23,0,0,0,0,0,,,,,,,,,,,,,,,,,,0,,,,,,month,2021-10,fixed pre-expansion clock observation,False,2020-02-01 00:00:00+00:00,2026-07-23 00:00:00+00:00,2026-09-23 04:00:00+00:00,2021-10-01T00:00:00+08:00,2021-11-01T00:00:00+08:00,True,True,True,0.0,0.0,,eventual exits may occur after entry period; incomplete current period is right-censored
retest_15_v9_both_1h23,15,v9_both,retest,1h,23,0,0,0,0,0,,,,,,,,,,,,,,,,,,0,,,,,,month,2021-11,fixed pre-expansion clock observation,False,2020-02-01 00:00:00+00:00,2026-07-23 00:00:00+00:00,2026-09-23 04:00:00+00:00,2021-11-01T00:00:00+08:00,2021-12-01T00:00:00+08:00,True,True,True,0.0,0.0,,eventual exits may occur after entry period; incomplete current period is right-censored
retest_15_v9_both_1h23,15,v9_both,retest,1h,23,0,0,0,0,0,,,,,,,,,,,,,,,,,,0,,,,,,month,2021-12,fixed pre-expansion clock observation,False,2020-02-01 00:00:00+00:00,2026-07-23 00:00:00+00:00,2026-09-23 04:00:00+00:00,2021-12-01T00:00:00+08:00,2022-01-01T00:00:00+08:00,True,True,True,0.0,0.0,,eventual exits may occur after entry period; incomplete current period is right-censored
retest_15_v9_both_1h23,15,v9_both,retest,1h,23,0,0,0,0,0,,,,,,,,,,,,,,,,,,0,,,,,,month,2022-01,fixed pre-expansion clock observation,False,2020-02-01 00:00:00+00:00,2026-07-23 00:00:00+00:00,2026-09-23 04:00:00+00:00,2022-01-01T00:00:00+08:00,2022-02-01T00:00:00+08:00,True,True,True,0.0,0.0,,eventual exits may occur after entry period; incomplete current period is right-censored
retest_15_v9_both_1h23,15,v9_both,retest,1h,23,1,1,0,1,1,1.0,627.2078230068249,1.591859130880218,1.0,1.591859130880218,647.2078230068249,627.2078230068249,0.0,0.0,,0.0,,,,,,,0,,,,,0.0,month,2022-02,fixed pre-expansion clock observation,False,2020-02-01 00:00:00+00:00,2026-07-23 00:00:00+00:00,2026-09-23 04:00:00+00:00,2022-02-01T00:00:00+08:00,2022-03-01T00:00:00+08:00,True,True,True,0.0,1.0,1.0,eventual exits may occur after entry period; incomplete current period is right-censored
retest_15_v9_both_1h23,15,v9_both,retest,1h,23,0,0,0,0,0,,,,,,,,,,,,,,,,,,0,,,,,,month,2022-03,fixed pre-expansion clock observation,False,2020-02-01 00:00:00+00:00,2026-07-23 00:00:00+00:00,2026-09-23 04:00:00+00:00,2022-03-01T00:00:00+08:00,2022-04-01T00:00:00+08:00,True,True,True,0.0,0.0,,eventual exits may occur after entry period; incomplete current period is right-censored
retest_15_v9_both_1h23,15,v9_both,retest,1h,23,0,0,0,0,0,,,,,,,,,,,,,,,,,,0,,,,,,month,2022-04,fixed pre-expansion clock observation,False,2020-02-01 00:00:00+00:00,2026-07-23 00:00:00+00:00,2026-09-23 04:00:00+00:00,2022-04-01T00:00:00+08:00,2022-05-01T00:00:00+08:00,True,True,True,0.0,0.0,,eventual exits may occur after entry period; incomplete current period is right-censored
retest_15_v9_both_1h23,15,v9_both,retest,1h,23,0,0,0,0,0,,,,,,,,,,,,,,,,,,0,,,,,,month,2022-05,fixed pre-expansion clock observation,False,2020-02-01 00:00:00+00:00,2026-07-23 00:00:00+00:00,2026-09-23 04:00:00+00:00,2022-05-01T00:00:00+08:00,2022-06-01T00:00:00+08:00,True,True,True,0.0,0.0,,eventual exits may occur after entry period; incomplete current period is right-censored
retest_15_v9_both_1h23,15,v9_both,retest,1h,23,0,0,0,0,0,,,,,,,,,,,,,,,,,,0,,,,,,month,2022-06,fixed pre-expansion clock observation,False,2020-02-01 00:00:00+00:00,2026-07-23 00:00:00+00:00,2026-09-23 04:00:00+00:00,2022-06-01T00:00:00+08:00,2022-07-01T00:00:00+08:00,True,True,True,0.0,0.0,,eventual exits may occur after entry period; incomplete current period is right-censored
retest_15_v9_both_1h23,15,v9_both,retest,1h,23,0,0,0,0,0,,,,,,,,,,,,,,,,,,0,,,,,,month,2022-07,fixed pre-expansion clock observation,False,2020-02-01 00:00:00+00:00,2026-07-23 00:00:00+00:00,2026-09-23 04:00:00+00:00,2022-07-01T00:00:00+08:00,2022-08-01T00:00:00+08:00,True,True,True,0.0,0.0,,eventual exits may occur after entry period; incomplete current period is right-censored
retest_15_v9_both_1h23,15,v9_both,retest,1h,23,0,0,0,0,0,,,,,,,,,,,,,,,,,,0,,,,,,month,2022-08,fixed pre-expansion clock observation,False,2020-02-01 00:00:00+00:00,2026-07-23 00:00:00+00:00,2026-09-23 04:00:00+00:00,2022-08-01T00:00:00+08:00,2022-09-01T00:00:00+08:00,True,True,True,0.0,0.0,,eventual exits may occur after entry period; incomplete current period is right-censored
retest_15_v9_both_1h23,15,v9_both,retest,1h,23,0,0,0,0,0,,,,,,,,,,,,,,,,,,0,,,,,,month,2022-09,fixed pre-expansion clock observation,False,2020-02-01 00:00:00+00:00,2026-07-23 00:00:00+00:00,2026-09-23 04:00:00+00:00,2022-09-01T00:00:00+08:00,2022-10-01T00:00:00+08:00,True,True,True,0.0,0.0,,eventual exits may occur after entry period; incomplete current period is right-censored
retest_15_v9_both_1h23,15,v9_both,retest,1h,23,0,0,0,0,0,,,,,,,,,,,,,,,,,,0,,,,,,month,2022-10,fixed pre-expansion clock observation,False,2020-02-01 00:00:00+00:00,2026-07-23 00:00:00+00:00,2026-09-23 04:00:00+00:00,2022-10-01T00:00:00+08:00,2022-11-01T00:00:00+08:00,True,True,True,0.0,0.0,,eventual exits may occur after entry period; incomplete current period is right-censored
retest_15_v9_both_1h23,15,v9_both,retest,1h,23,0,0,0,0,0,,,,,,,,,,,,,,,,,,0,,,,,,month,2022-11,fixed pre-expansion clock observation,False,2020-02-01 00:00:00+00:00,2026-07-23 00:00:00+00:00,2026-09-23 04:00:00+00:00,2022-11-01T00:00:00+08:00,2022-12-01T00:00:00+08:00,True,True,True,0.0,0.0,,eventual exits may occur after entry period; incomplete current period is right-censored
retest_15_v9_both_1h23,15,v9_both,retest,1h,23,0,0,0,0,0,,,,,,,,,,,,,,,,,,0,,,,,,month,2022-12,fixed pre-expansion clock observation,False,2020-02-01 00:00:00+00:00,2026-07-23 00:00:00+00:00,2026-09-23 04:00:00+00:00,2022-12-01T00:00:00+08:00,2023-01-01T00:00:00+08:00,True,True,True,0.0,0.0,,eventual exits may occur after entry period; incomplete current period is right-censored
retest_15_v9_both_1h23,15,v9_both,retest,1h,23,0,0,0,0,0,,,,,,,,,,,,,,,,,,0,,,,,,month,2023-01,fixed pre-expansion clock observation,False,2020-02-01 00:00:00+00:00,2026-07-23 00:00:00+00:00,2026-09-23 04:00:00+00:00,2023-01-01T00:00:00+08:00,2023-02-01T00:00:00+08:00,True,True,True,0.0,0.0,,eventual exits may occur after entry period; incomplete current period is right-censored
retest_15_v9_both_1h23,15,v9_both,retest,1h,23,0,0,0,0,0,,,,,,,,,,,,,,,,,,0,,,,,,month,2023-02,fixed pre-expansion clock observation,False,2020-02-01 00:00:00+00:00,2026-07-23 00:00:00+00:00,2026-09-23 04:00:00+00:00,2023-02-01T00:00:00+08:00,2023-03-01T00:00:00+08:00,True,True,True,0.0,0.0,,eventual exits may occur after entry period; incomplete current period is right-censored
retest_15_v9_both_1h23,15,v9_both,retest,1h,23,0,0,0,0,0,,,,,,,,,,,,,,,,,,0,,,,,,month,2023-03,fixed pre-expansion clock observation,False,2020-02-01 00:00:00+00:00,2026-07-23 00:00:00+00:00,2026-09-23 04:00:00+00:00,2023-03-01T00:00:00+08:00,2023-04-01T00:00:00+08:00,True,True,True,0.0,0.0,,eventual exits may occur after entry period; incomplete current period is right-censored
retest_15_v9_both_1h23,15,v9_both,retest,1h,23,0,0,0,0,0,,,,,,,,,,,,,,,,,,0,,,,,,month,2023-04,fixed pre-expansion clock observation,False,2020-02-01 00:00:00+00:00,2026-07-23 00:00:00+00:00,2026-09-23 04:00:00+00:00,2023-04-01T00:00:00+08:00,2023-05-01T00:00:00+08:00,True,True,True,0.0,0.0,,eventual exits may occur after entry period; incomplete current period is right-censored
retest_15_v9_both_1h23,15,v9_both,retest,1h,23,0,0,0,0,0,,,,,,,,,,,,,,,,,,0,,,,,,month,2023-05,fixed pre-expansion clock observation,False,2020-02-01 00:00:00+00:00,2026-07-23 00:00:00+00:00,2026-09-23 04:00:00+00:00,2023-05-01T00:00:00+08:00,2023-06-01T00:00:00+08:00,True,True,True,0.0,0.0,,eventual exits may occur after entry period; incomplete current period is right-censored
retest_15_v9_both_1h23,15,v9_both,retest,1h,23,0,0,0,0,0,,,,,,,,,,,,,,,,,,0,,,,,,month,2023-06,fixed pre-expansion clock observation,False,2020-02-01 00:00:00+00:00,2026-07-23 00:00:00+00:00,2026-09-23 04:00:00+00:00,2023-06-01T00:00:00+08:00,2023-07-01T00:00:00+08:00,True,True,True,0.0,0.0,,eventual exits may occur after entry period; incomplete current period is right-censored
retest_15_v9_both_1h23,15,v9_both,retest,1h,23,0,0,0,0,0,,,,,,,,,,,,,,,,,,0,,,,,,month,2023-07,fixed pre-expansion clock observation,False,2020-02-01 00:00:00+00:00,2026-07-23 00:00:00+00:00,2026-09-23 04:00:00+00:00,2023-07-01T00:00:00+08:00,2023-08-01T00:00:00+08:00,True,True,True,0.0,0.0,,eventual exits may occur after entry period; incomplete current period is right-censored
retest_15_v9_both_1h23,15,v9_both,retest,1h,23,0,0,0,0,0,,,,,,,,,,,,,,,,,,0,,,,,,month,2023-08,fixed pre-expansion clock observation,False,2020-02-01 00:00:00+00:00,2026-07-23 00:00:00+00:00,2026-09-23 04:00:00+00:00,2023-08-01T00:00:00+08:00,2023-09-01T00:00:00+08:00,True,True,True,0.0,0.0,,eventual exits may occur after entry period; incomplete current period is right-censored
retest_15_v9_both_1h23,15,v9_both,retest,1h,23,0,0,0,0,0,,,,,,,,,,,,,,,,,,0,,,,,,month,2023-09,fixed pre-expansion clock observation,False,2020-02-01 00:00:00+00:00,2026-07-23 00:00:00+00:00,2026-09-23 04:00:00+00:00,2023-09-01T00:00:00+08:00,2023-10-01T00:00:00+08:00,True,True,True,0.0,0.0,,eventual exits may occur after entry period; incomplete current period is right-censored
retest_15_v9_both_1h23,15,v9_both,retest,1h,23,0,0,0,0,0,,,,,,,,,,,,,,,,,,0,,,,,,month,2023-10,fixed pre-expansion clock observation,False,2020-02-01 00:00:00+00:00,2026-07-23 00:00:00+00:00,2026-09-23 04:00:00+00:00,2023-10-01T00:00:00+08:00,2023-11-01T00:00:00+08:00,True,True,True,0.0,0.0,,eventual exits may occur after entry period; incomplete current period is right-censored
retest_15_v9_both_1h23,15,v9_both,retest,1h,23,0,0,0,0,0,,,,,,,,,,,,,,,,,,0,,,,,,month,2023-11,fixed pre-expansion clock observation,False,2020-02-01 00:00:00+00:00,2026-07-23 00:00:00+00:00,2026-09-23 04:00:00+00:00,2023-11-01T00:00:00+08:00,2023-12-01T00:00:00+08:00,True,True,True,0.0,0.0,,eventual exits may occur after entry period; incomplete current period is right-censored
retest_15_v9_both_1h23,15,v9_both,retest,1h,23,0,0,0,0,0,,,,,,,,,,,,,,,,,,0,,,,,,month,2023-12,fixed pre-expansion clock observation,False,2020-02-01 00:00:00+00:00,2026-07-23 00:00:00+00:00,2026-09-23 04:00:00+00:00,2023-12-01T00:00:00+08:00,2024-01-01T00:00:00+08:00,True,True,True,0.0,0.0,,eventual exits may occur after entry period; incomplete current period is right-censored
retest_15_v9_both_1h23,15,v9_both,retest,1h,23,0,0,0,0,0,,,,,,,,,,,,,,,,,,0,,,,,,month,2024-01,fixed pre-expansion clock observation,False,2020-02-01 00:00:00+00:00,2026-07-23 00:00:00+00:00,2026-09-23 04:00:00+00:00,2024-01-01T00:00:00+08:00,2024-02-01T00:00:00+08:00,True,True,True,0.0,0.0,,eventual exits may occur after entry period; incomplete current period is right-censored
retest_15_v9_both_1h23,15,v9_both,retest,1h,23,0,0,0,0,0,,,,,,,,,,,,,,,,,,0,,,,,,month,2024-02,fixed pre-expansion clock observation,False,2020-02-01 00:00:00+00:00,2026-07-23 00:00:00+00:00,2026-09-23 04:00:00+00:00,2024-02-01T00:00:00+08:00,2024-03-01T00:00:00+08:00,True,True,True,0.0,0.0,,eventual exits may occur after entry period; incomplete current period is right-censored
retest_15_v9_both_1h23,15,v9_both,retest,1h,23,0,0,0,0,0,,,,,,,,,,,,,,,,,,0,,,,,,month,2024-03,fixed pre-expansion clock observation,False,2020-02-01 00:00:00+00:00,2026-07-23 00:00:00+00:00,2026-09-23 04:00:00+00:00,2024-03-01T00:00:00+08:00,2024-04-01T00:00:00+08:00,True,True,True,0.0,0.0,,eventual exits may occur after entry period; incomplete current period is right-censored
retest_15_v9_both_1h23,15,v9_both,retest,1h,23,2,2,0,2,2,0.5,35.890094667330004,0.5178629411179413,1.0,1.0357258822358826,55.89009466732998,35.890094667330004,0.0,0.0,1.9900080815458596,0.0,0.0,1.0,-453.09523494287,524.87542427753,-1.0461792196874156,2.081905101923298,0,,,,,0.0,month,2024-04,fixed pre-expansion clock observation,False,2020-02-01 00:00:00+00:00,2026-07-23 00:00:00+00:00,2026-09-23 04:00:00+00:00,2024-04-01T00:00:00+08:00,2024-05-01T00:00:00+08:00,True,True,True,0.0,2.0,1.0,eventual exits may occur after entry period; incomplete current period is right-censored
retest_15_v9_both_1h23,15,v9_both,retest,1h,23,0,0,0,0,0,,,,,,,,,,,,,,,,,,0,,,,,,month,2024-05,fixed pre-expansion clock observation,False,2020-02-01 00:00:00+00:00,2026-07-23 00:00:00+00:00,2026-09-23 04:00:00+00:00,2024-05-01T00:00:00+08:00,2024-06-01T00:00:00+08:00,True,True,True,0.0,0.0,,eventual exits may occur after entry period; incomplete current period is right-censored
retest_15_v9_both_1h23,15,v9_both,retest,1h,23,0,0,0,0,0,,,,,,,,,,,,,,,,,,0,,,,,,month,2024-06,fixed pre-expansion clock observation,False,2020-02-01 00:00:00+00:00,2026-07-23 00:00:00+00:00,2026-09-23 04:00:00+00:00,2024-06-01T00:00:00+08:00,2024-07-01T00:00:00+08:00,True,True,True,0.0,0.0,,eventual exits may occur after entry period; incomplete current period is right-censored
retest_15_v9_both_1h23,15,v9_both,retest,1h,23,0,0,0,0,0,,,,,,,,,,,,,,,,,,0,,,,,,month,2024-07,fixed pre-expansion clock observation,False,2020-02-01 00:00:00+00:00,2026-07-23 00:00:00+00:00,2026-09-23 04:00:00+00:00,2024-07-01T00:00:00+08:00,2024-08-01T00:00:00+08:00,True,True,True,0.0,0.0,,eventual exits may occur after entry period; incomplete current period is right-censored
retest_15_v9_both_1h23,15,v9_both,retest,1h,23,0,0,0,0,0,,,,,,,,,,,,,,,,,,0,,,,,,month,2024-08,fixed pre-expansion clock observation,False,2020-02-01 00:00:00+00:00,2026-07-23 00:00:00+00:00,2026-09-23 04:00:00+00:00,2024-08-01T00:00:00+08:00,2024-09-01T00:00:00+08:00,True,True,True,0.0,0.0,,eventual exits may occur after entry period; incomplete current period is right-censored
retest_15_v9_both_1h23,15,v9_both,retest,1h,23,0,0,0,0,0,,,,,,,,,,,,,,,,,,0,,,,,,month,2024-09,fixed pre-expansion clock observation,False,2020-02-01 00:00:00+00:00,2026-07-23 00:00:00+00:00,2026-09-23 04:00:00+00:00,2024-09-01T00:00:00+08:00,2024-10-01T00:00:00+08:00,True,True,True,0.0,0.0,,eventual exits may occur after entry period; incomplete current period is right-censored
retest_15_v9_both_1h23,15,v9_both,retest,1h,23,0,0,0,0,0,,,,,,,,,,,,,,,,,,0,,,,,,month,2024-10,fixed pre-expansion clock observation,False,2020-02-01 00:00:00+00:00,2026-07-23 00:00:00+00:00,2026-09-23 04:00:00+00:00,2024-10-01T00:00:00+08:00,2024-11-01T00:00:00+08:00,True,True,True,0.0,0.0,,eventual exits may occur after entry period; incomplete current period is right-censored
retest_15_v9_both_1h23,15,v9_both,retest,1h,23,1,1,0,1,1,0.0,-1.217990712263,-0.0035781190747037,0.0,-0.0035781190747037,18.782009287736,-1.217990712263,0.0,0.0,0.0,0.0,,,,,,,0,,,,,0.0,month,2024-11,fixed pre-expansion clock observation,False,2020-02-01 00:00:00+00:00,2026-07-23 00:00:00+00:00,2026-09-23 04:00:00+00:00,2024-11-01T00:00:00+08:00,2024-12-01T00:00:00+08:00,True,True,True,0.0,1.0,1.0,eventual exits may occur after entry period; incomplete current period is right-censored
retest_15_v9_both_1h23,15,v9_both,retest,1h,23,0,0,0,0,0,,,,,,,,,,,,,,,,,,0,,,,,,month,2024-12,fixed pre-expansion clock observation,False,2020-02-01 00:00:00+00:00,2026-07-23 00:00:00+00:00,2026-09-23 04:00:00+00:00,2024-12-01T00:00:00+08:00,2025-01-01T00:00:00+08:00,True,True,True,0.0,0.0,,eventual exits may occur after entry period; incomplete current period is right-censored
retest_15_v9_both_1h23,15,v9_both,retest,1h,23,0,0,0,0,0,,,,,,,,,,,,,,,,,,0,,,,,,month,2025-01,fixed pre-expansion clock observation,False,2020-02-01 00:00:00+00:00,2026-07-23 00:00:00+00:00,2026-09-23 04:00:00+00:00,2025-01-01T00:00:00+08:00,2025-02-01T00:00:00+08:00,True,True,True,0.0,0.0,,eventual exits may occur after entry period; incomplete current period is right-censored
retest_15_v9_both_1h23,15,v9_both,retest,1h,23,0,0,0,0,0,,,,,,,,,,,,,,,,,,0,,,,,,month,2025-02,fixed pre-expansion clock observation,False,2020-02-01 00:00:00+00:00,2026-07-23 00:00:00+00:00,2026-09-23 04:00:00+00:00,2025-02-01T00:00:00+08:00,2025-03-01T00:00:00+08:00,True,True,True,0.0,0.0,,eventual exits may occur after entry period; incomplete current period is right-censored
retest_15_v9_both_1h23,15,v9_both,retest,1h,23,0,0,0,0,0,,,,,,,,,,,,,,,,,,0,,,,,,month,2025-03,fixed pre-expansion clock observation,False,2020-02-01 00:00:00+00:00,2026-07-23 00:00:00+00:00,2026-09-23 04:00:00+00:00,2025-03-01T00:00:00+08:00,2025-04-01T00:00:00+08:00,True,True,True,0.0,0.0,,eventual exits may occur after entry period; incomplete current period is right-censored
retest_15_v9_both_1h23,15,v9_both,retest,1h,23,0,0,0,0,0,,,,,,,,,,,,,,,,,,0,,,,,,month,2025-04,fixed pre-expansion clock observation,False,2020-02-01 00:00:00+00:00,2026-07-23 00:00:00+00:00,2026-09-23 04:00:00+00:00,2025-04-01T00:00:00+08:00,2025-05-01T00:00:00+08:00,True,True,True,0.0,0.0,,eventual exits may occur after entry period; incomplete current period is right-censored
retest_15_v9_both_1h23,15,v9_both,retest,1h,23,0,0,0,0,0,,,,,,,,,,,,,,,,,,0,,,,,,month,2025-05,fixed pre-expansion clock observation,False,2020-02-01 00:00:00+00:00,2026-07-23 00:00:00+00:00,2026-09-23 04:00:00+00:00,2025-05-01T00:00:00+08:00,2025-06-01T00:00:00+08:00,True,True,True,0.0,0.0,,eventual exits may occur after entry period; incomplete current period is right-censored
retest_15_v9_both_1h23,15,v9_both,retest,1h,23,0,0,0,0,0,,,,,,,,,,,,,,,,,,0,,,,,,month,2025-06,fixed pre-expansion clock observation,False,2020-02-01 00:00:00+00:00,2026-07-23 00:00:00+00:00,2026-09-23 04:00:00+00:00,2025-06-01T00:00:00+08:00,2025-07-01T00:00:00+08:00,True,True,True,0.0,0.0,,eventual exits may occur after entry period; incomplete current period is right-censored
retest_15_v9_both_1h23,15,v9_both,retest,1h,23,0,0,0,0,0,,,,,,,,,,,,,,,,,,0,,,,,,month,2025-07,fixed pre-expansion clock observation,False,2020-02-01 00:00:00+00:00,2026-07-23 00:00:00+00:00,2026-09-23 04:00:00+00:00,2025-07-01T00:00:00+08:00,2025-08-01T00:00:00+08:00,True,True,True,0.0,0.0,,eventual exits may occur after entry period; incomplete current period is right-censored
retest_15_v9_both_1h23,15,v9_both,retest,1h,23,0,0,0,0,0,,,,,,,,,,,,,,,,,,0,,,,,,month,2025-08,fixed pre-expansion clock observation,False,2020-02-01 00:00:00+00:00,2026-07-23 00:00:00+00:00,2026-09-23 04:00:00+00:00,2025-08-01T00:00:00+08:00,2025-09-01T00:00:00+08:00,True,True,True,0.0,0.0,,eventual exits may occur after entry period; incomplete current period is right-censored
retest_15_v9_both_1h23,15,v9_both,retest,1h,23,0,0,0,0,0,,,,,,,,,,,,,,,,,,0,,,,,,month,2025-09,fixed pre-expansion clock observation,False,2020-02-01 00:00:00+00:00,2026-07-23 00:00:00+00:00,2026-09-23 04:00:00+00:00,2025-09-01T00:00:00+08:00,2025-10-01T00:00:00+08:00,True,True,True,0.0,0.0,,eventual exits may occur after entry period; incomplete current period is right-censored
retest_15_v9_both_1h23,15,v9_both,retest,1h,23,0,0,0,0,0,,,,,,,,,,,,,,,,,,0,,,,,,month,2025-10,fixed pre-expansion clock observation,False,2020-02-01 00:00:00+00:00,2026-07-23 00:00:00+00:00,2026-09-23 04:00:00+00:00,2025-10-01T00:00:00+08:00,2025-11-01T00:00:00+08:00,True,True,True,0.0,0.0,,eventual exits may occur after entry period; incomplete current period is right-censored
retest_15_v9_both_1h23,15,v9_both,retest,1h,23,0,0,0,0,0,,,,,,,,,,,,,,,,,,0,,,,,,month,2025-11,fixed pre-expansion clock observation,False,2020-02-01 00:00:00+00:00,2026-07-23 00:00:00+00:00,2026-09-23 04:00:00+00:00,2025-11-01T00:00:00+08:00,2025-12-01T00:00:00+08:00,True,True,True,0.0,0.0,,eventual exits may occur after entry period; incomplete current period is right-censored
retest_15_v9_both_1h23,15,v9_both,retest,1h,23,0,0,0,0,0,,,,,,,,,,,,,,,,,,0,,,,,,month,2025-12,fixed pre-expansion clock observation,False,2020-02-01 00:00:00+00:00,2026-07-23 00:00:00+00:00,2026-09-23 04:00:00+00:00,2025-12-01T00:00:00+08:00,2026-01-01T00:00:00+08:00,True,True,True,0.0,0.0,,eventual exits may occur after entry period; incomplete current period is right-censored
retest_15_v9_both_1h23,15,v9_both,retest,1h,23,0,0,0,0,0,,,,,,,,,,,,,,,,,,0,,,,,,month,2026-01,fixed pre-expansion clock observation,False,2020-02-01 00:00:00+00:00,2026-07-23 00:00:00+00:00,2026-09-23 04:00:00+00:00,2026-01-01T00:00:00+08:00,2026-02-01T00:00:00+08:00,True,True,True,0.0,0.0,,eventual exits may occur after entry period; incomplete current period is right-censored
retest_15_v9_both_1h23,15,v9_both,retest,1h,23,1,1,0,1,1,1.0,1094.893969897863,3.012151837769326,1.0,3.012151837769326,1114.893969897863,1094.893969897863,0.0,0.0,,0.0,,,,,,,0,,,,,0.0,month,2026-02,fixed pre-expansion clock observation,False,2020-02-01 00:00:00+00:00,2026-07-23 00:00:00+00:00,2026-09-23 04:00:00+00:00,2026-02-01T00:00:00+08:00,2026-03-01T00:00:00+08:00,True,True,True,0.0,1.0,1.0,eventual exits may occur after entry period; incomplete current period is right-censored
retest_15_v9_both_1h23,15,v9_both,retest,1h,23,0,0,0,0,0,,,,,,,,,,,,,,,,,,0,,,,,,month,2026-03,fixed pre-expansion clock observation,False,2020-02-01 00:00:00+00:00,2026-07-23 00:00:00+00:00,2026-09-23 04:00:00+00:00,2026-03-01T00:00:00+08:00,2026-04-01T00:00:00+08:00,True,True,True,0.0,0.0,,eventual exits may occur after entry period; incomplete current period is right-censored
retest_15_v9_both_1h23,15,v9_both,retest,1h,23,0,0,0,0,0,,,,,,,,,,,,,,,,,,0,,,,,,month,2026-04,fixed pre-expansion clock observation,False,2020-02-01 00:00:00+00:00,2026-07-23 00:00:00+00:00,2026-09-23 04:00:00+00:00,2026-04-01T00:00:00+08:00,2026-05-01T00:00:00+08:00,True,True,True,0.0,0.0,,eventual exits may occur after entry period; incomplete current period is right-censored
retest_15_v9_both_1h23,15,v9_both,retest,1h,23,0,0,0,0,0,,,,,,,,,,,,,,,,,,0,,,,,,month,2026-05,fixed pre-expansion clock observation,False,2020-02-01 00:00:00+00:00,2026-07-23 00:00:00+00:00,2026-09-23 04:00:00+00:00,2026-05-01T00:00:00+08:00,2026-06-01T00:00:00+08:00,True,True,True,0.0,0.0,,eventual exits may occur after entry period; incomplete current period is right-censored
retest_15_v9_both_1h23,15,v9_both,retest,1h,23,0,0,0,0,0,,,,,,,,,,,,,,,,,,0,,,,,,month,2026-06,fixed pre-expansion clock observation,False,2020-02-01 00:00:00+00:00,2026-07-23 00:00:00+00:00,2026-09-23 04:00:00+00:00,2026-06-01T00:00:00+08:00,2026-07-01T00:00:00+08:00,True,True,True,0.0,0.0,,eventual exits may occur after entry period; incomplete current period is right-censored
retest_15_v9_both_1h23,15,v9_both,retest,1h,23,0,0,0,0,0,,,,,,,,,,,,,,,,,,0,,,,,,month,2026-07,fixed pre-expansion clock observation,False,2020-02-01 00:00:00+00:00,2026-07-23 00:00:00+00:00,2026-09-23 04:00:00+00:00,2026-07-01T00:00:00+08:00,2026-08-01T00:00:00+08:00,True,True,True,0.0,0.0,,eventual exits may occur after entry period; incomplete current period is right-censored
retest_15_v9_both_1h23,15,v9_both,retest,1h,23,0,0,0,0,0,,,,,,,,,,,,,,,,,,0,,,,,,month,2026-08,fixed pre-expansion clock observation,False,2020-02-01 00:00:00+00:00,2026-07-23 00:00:00+00:00,2026-09-23 04:00:00+00:00,2026-08-01T00:00:00+08:00,2026-09-01T00:00:00+08:00,True,True,True,0.0,0.0,,eventual exits may occur after entry period; incomplete current period is right-censored
retest_15_v9_both_1h23,15,v9_both,retest,1h,23,0,0,0,0,0,,,,,,,,,,,,,,,,,,0,,,,,,month,2026-09,fixed pre-expansion clock observation,False,2020-02-01 00:00:00+00:00,2026-07-23 00:00:00+00:00,2026-09-23 04:00:00+00:00,2026-09-01T00:00:00+08:00,2026-10-01T00:00:00+08:00,True,False,False,0.0,0.0,,eventual exits may occur after entry period; incomplete current period is right-censored
