编号,币种,周期,入场时间UTC,退出根或末根开盘UTC,未平仓数据末端收盘UTC,入场价,初始止损,退出价,净R,路径分类,为何退出,当时与后续事实,待验证不足,交易唯一键
T001,1000PEPEUSDT,15m,2024-09-12 23:00:00+00:00,2024-09-13 04:45:00+00:00,,0.007425,0.0073379,0.0073379,-1.1704936854190586,推进不足后止损,持仓第24根K，最低价0.0073314触及当时已生效保护价0.0073379；按初始止损在0.0073379退出，扣费后净-1.17R。,距V9 14根，较父V9独立模拟入场价+0.55%；初始风险1.17%（2.43个信号ATR），往返成本0.170R。 入场信号收盘在六均线上方，IMACD向上且增强，相对成交量1.88倍。 原账本最大浮盈0.10R；5分钟审计得到实际止损前浮盈范围0.10–0.10R（若上下界不同，触及止损的5分钟内先后未知）。 退出前最高收盘-0.10R，未收盘达到2R，原追踪未激活。 退出下一根起48根内，最高回到原入场+4.63R，最低到-1.41R。,已比V9入场更贵，需评估确认收益能否覆盖追价代价；退出后48根内曾回到+1R；属事后重启机会，不能证明放宽原止损会赚钱,binance_um:1000PEPEUSDT:15m:box_any:1783
T002,ETHUSDT,15m,2024-09-13 15:45:00+00:00,2024-09-15 10:45:00+00:00,,2391.39,2341.03,2409.53,0.2652347100873786,反向确认盈利退出,上一根出现原始反向信号，下一根开盘2409.53退出；这笔不是价格触及止损退出，扣费后净+0.27R。,距V9 1根，较父V9独立模拟入场价-0.14%；初始风险2.11%（4.00个信号ATR），往返成本0.095R。 入场信号收盘在六均线上方，IMACD向上且增强，相对成交量6.24倍。 截至退出前/数据末端，原账本最大浮盈1.44R。 退出前最高收盘1.14R，未收盘达到2R，原追踪未激活。 退出下一根起48根内，最高回到原入场+0.53R，最低到-1.10R。,作为盈利对照保留：任何更早止盈/更严过滤都需计算会损失多少这类赢家,binance_um:ETHUSDT:15m:box_any:1850
T003,WIFUSDT,15m,2024-09-13 15:45:00+00:00,2024-09-15 17:00:00+00:00,,1.5973,1.5112,1.5406,-0.6956399535423945,反向确认亏损退出,上一根出现原始反向信号，下一根开盘1.5406退出；这笔不是价格触及止损退出，扣费后净-0.70R。,距V9 1根，较父V9独立模拟入场价+1.36%；初始风险5.39%（5.90个信号ATR），往返成本0.037R。 入场信号收盘在六均线上方，IMACD向上且增强，相对成交量7.20倍。 截至退出前/数据末端，原账本最大浮盈0.77R。 退出前最高收盘0.66R，未收盘达到2R，原追踪未激活。 退出下一根起48根内，最高回到原入场-0.53R，最低到-1.47R。,已比V9入场更贵，需评估确认收益能否覆盖追价代价,binance_um:WIFUSDT:15m:box_any:1850
T004,APTUSDT,15m,2024-09-13 16:15:00+00:00,2024-09-14 11:00:00+00:00,,6.23,6.1623,6.1623,-1.1840472673559823,到过1R后回吐,持仓第76根K，最低价6.152触及当时已生效保护价6.1623；按初始止损在6.1623退出，扣费后净-1.18R。,距V9 2根，较父V9独立模拟入场价-0.05%；初始风险1.09%（2.04个信号ATR），往返成本0.184R。 入场信号收盘在六均线上方，IMACD向上且增强，相对成交量2.36倍。 原账本最大浮盈1.86R；5分钟审计得到实际止损前浮盈范围1.86–1.86R（若上下界不同，触及止损的5分钟内先后未知）。 退出前最高收盘1.82R，未收盘达到2R，原追踪未激活。 退出下一根起48根内，最高回到原入场-0.93R，最低到-3.65R。,当前事实不足以提出特定改法；先保留原规则作为对照。,binance_um:APTUSDT:15m:box_any:1852
T005,FILUSDT,15m,2024-09-13 16:15:00+00:00,2024-09-14 05:30:00+00:00,,3.739,3.689,3.689,-1.1495599999999988,推进不足后止损,持仓第54根K，最低价3.687触及当时已生效保护价3.689；按初始止损在3.689退出，扣费后净-1.15R。,距V9 4根，较父V9独立模拟入场价+0.78%；初始风险1.34%（2.04个信号ATR），往返成本0.150R。 入场信号收盘在六均线上方，IMACD向上且增强，相对成交量1.17倍。 原账本最大浮盈0.60R；5分钟审计得到实际止损前浮盈范围0.60–0.60R（若上下界不同，触及止损的5分钟内先后未知）。 退出前最高收盘0.40R，未收盘达到2R，原追踪未激活。 退出下一根起48根内，最高回到原入场-0.82R，最低到-2.10R。,已比V9入场更贵，需评估确认收益能否覆盖追价代价,binance_um:FILUSDT:15m:box_any:1852
T006,API3USDT,15m,2024-09-13 17:15:00+00:00,2024-09-14 05:45:00+00:00,,1.4503,1.4283,1.4922,1.7727000000000177,盈利保护退出,持仓第51根K，最低价1.4884触及当时已生效保护价1.4922；按追踪止损在1.4922退出，扣费后净+1.77R。,距V9 3根，较父V9独立模拟入场价+0.42%；初始风险1.52%（1.99个信号ATR），往返成本0.132R。 入场信号收盘在六均线上方，IMACD向上且增强，相对成交量0.61倍。 原账本最大浮盈4.52R；5分钟审计得到实际止损前浮盈范围4.52–4.52R（若上下界不同，触及止损的5分钟内先后未知）。 已收盘触及2R并激活追踪；退出时保护在入场价+1.90R，激活不保证保本。 退出下一根起48根内，最高回到原入场+6.29R，最低到+0.83R。,已比V9入场更贵，需评估确认收益能否覆盖追价代价；作为盈利对照保留：任何更早止盈/更严过滤都需计算会损失多少这类赢家,binance_um:API3USDT:15m:box_any:1856
T007,ARBUSDT,15m,2024-09-13 17:15:00+00:00,2024-09-14 20:15:00+00:00,,0.5297,0.5236500000000001,0.5295,-0.2081652892561974,反向确认亏损退出,上一根出现原始反向信号，下一根开盘0.5295退出；这笔不是价格触及止损退出，扣费后净-0.21R。,距V9 6根，较父V9独立模拟入场价+0.72%；初始风险1.14%（2.04个信号ATR），往返成本0.175R。 入场信号收盘在六均线上方，IMACD向上且增强，相对成交量0.91倍。 截至退出前/数据末端，原账本最大浮盈1.67R。 退出前最高收盘1.47R，未收盘达到2R，原追踪未激活。 退出下一根起48根内，最高回到原入场+1.59R，最低到-0.26R。,已比V9入场更贵，需评估确认收益能否覆盖追价代价；退出后48根内曾回到+1R；属事后重启机会，不能证明放宽原止损会赚钱,binance_um:ARBUSDT:15m:box_any:1856
T008,ARUSDT,15m,2024-09-14 00:15:00+00:00,2024-09-14 05:30:00+00:00,,20.443,20.19,20.19,-1.1616047430830003,到过1R后回吐,持仓第22根K，最低价20.164触及当时已生效保护价20.19；按初始止损在20.19退出，扣费后净-1.16R。,距V9 35根，较父V9独立模拟入场价+1.31%；初始风险1.24%（1.99个信号ATR），往返成本0.162R。 入场信号收盘在六均线上方，IMACD向上且增强，相对成交量0.99倍。 原账本最大浮盈1.64R；5分钟审计得到实际止损前浮盈范围1.64–1.64R（若上下界不同，触及止损的5分钟内先后未知）。 退出前最高收盘1.08R，未收盘达到2R，原追踪未激活。 退出下一根起48根内，最高回到原入场-0.95R，最低到-2.57R。,已比V9入场更贵，需评估确认收益能否覆盖追价代价,binance_um:ARUSDT:15m:box_any:1884
T009,ENAUSDT,15m,2024-09-14 02:00:00+00:00,2024-09-14 18:00:00+00:00,,0.2232,0.21929,0.21929,-1.1141687979539645,推进不足后止损,持仓第65根K，最低价0.218触及当时已生效保护价0.21929；按初始止损在0.21929退出，扣费后净-1.11R。,距V9 39根，较父V9独立模拟入场价+3.09%；初始风险1.75%（2.59个信号ATR），往返成本0.114R。 入场信号收盘在六均线上方，IMACD未同时满足向上和增强，相对成交量0.96倍。 原账本最大浮盈0.95R；5分钟审计得到实际止损前浮盈范围0.95–0.95R（若上下界不同，触及止损的5分钟内先后未知）。 退出前最高收盘0.72R，未收盘达到2R，原追踪未激活。 退出下一根起48根内，最高回到原入场+1.87R，最低到-1.20R。,已比V9入场更贵，需评估确认收益能否覆盖追价代价；突破当时支撑或动能不完整，但此前单加六均线门未改善全池，不能直接套门；退出后48根内曾回到+1R；属事后重启机会，不能证明放宽原止损会赚钱,binance_um:ENAUSDT:15m:box_any:1891
T010,ZECUSDT,15m,2024-09-14 15:30:00+00:00,2024-09-15 14:15:00+00:00,,30.8,30.27,30.27,-1.1162264150943384,到过1R后回吐,持仓第92根K，最低价30.21触及当时已生效保护价30.27；按初始止损在30.27退出，扣费后净-1.12R。,距V9 97根，较父V9独立模拟入场价+1.82%；初始风险1.72%（3.68个信号ATR），往返成本0.116R。 入场信号收盘在六均线上方，IMACD向上且增强，相对成交量1.23倍。 原账本最大浮盈1.28R；5分钟审计得到实际止损前浮盈范围1.28–1.28R（若上下界不同，触及止损的5分钟内先后未知）。 退出前最高收盘1.09R，未收盘达到2R，原追踪未激活。 退出下一根起48根内，最高回到原入场-0.43R，最低到-3.64R。,等待超过48根，需检验突破时原启动结构是否已失效；已比V9入场更贵，需评估确认收益能否覆盖追价代价,binance_um:ZECUSDT:15m:box_any:1945
T011,OPUSDT,15m,2024-09-15 01:00:00+00:00,2024-09-15 03:45:00+00:00,,1.5685,1.5578200000000002,1.5578200000000002,-1.2937265917603011,到过1R后回吐,持仓第12根K，最低价1.5567触及当时已生效保护价1.55782；按初始止损在1.55782退出，扣费后净-1.29R。,距V9 134根，较父V9独立模拟入场价+1.76%；初始风险0.68%（2.00个信号ATR），往返成本0.294R。 入场信号收盘在六均线上方，IMACD向上且增强，相对成交量1.13倍。 原账本最大浮盈1.87R；5分钟审计得到实际止损前浮盈范围1.87–1.87R（若上下界不同，触及止损的5分钟内先后未知）。 退出前最高收盘1.69R，未收盘达到2R，原追踪未激活。 退出下一根起48根内，最高回到原入场+0.21R，最低到-3.02R。,等待超过48根，需检验突破时原启动结构是否已失效；已比V9入场更贵，需评估确认收益能否覆盖追价代价；突破来源的两根确认期价格未上涨，需检验下降线下移与有效价格推进的区别,binance_um:OPUSDT:15m:box_any:1983
T012,API3USDT,15m,2024-09-16 11:00:00+00:00,2024-09-16 14:30:00+00:00,,1.5047,1.4624,1.4624,-1.0711442080378268,推进不足后止损,持仓第15根K，最低价1.4621触及当时已生效保护价1.4624；按初始止损在1.4624退出，扣费后净-1.07R。,距V9 0根，较父V9独立模拟入场价+0.00%；初始风险2.81%（2.62个信号ATR），往返成本0.071R。 入场信号收盘在六均线上方，IMACD向上且增强，相对成交量3.20倍。 原账本最大浮盈0.53R；5分钟审计得到实际止损前浮盈范围0.53–0.53R（若上下界不同，触及止损的5分钟内先后未知）。 退出前最高收盘0.23R，未收盘达到2R，原追踪未激活。 退出下一根起48根内，最高回到原入场+0.11R，最低到-1.12R。,当前事实不足以提出特定改法；先保留原规则作为对照。,binance_um:API3USDT:15m:box_any:2119
T013,API3USDT,15m,2024-09-17 11:15:00+00:00,2024-09-17 23:00:00+00:00,,1.5321,1.5024000000000002,1.5269,-0.2782558922558911,收盘激活追踪后仍亏,持仓第48根K，最低价1.5254触及当时已生效保护价1.5269；按追踪止损在1.5269退出，扣费后净-0.28R。,距V9 16根，较父V9独立模拟入场价+0.39%；初始风险1.94%（2.01个信号ATR），往返成本0.103R。 入场信号收盘在六均线上方，IMACD未同时满足向上和增强，相对成交量1.64倍。 原账本最大浮盈2.36R；5分钟审计得到实际止损前浮盈范围2.36–2.36R（若上下界不同，触及止损的5分钟内先后未知）。 已收盘触及2R并激活追踪；退出时保护在入场价-0.18R，激活不保证保本。 退出下一根起48根内，最高回到原入场+1.00R，最低到-1.04R。,已比V9入场更贵，需评估确认收益能否覆盖追价代价；突破当时支撑或动能不完整，但此前单加六均线门未改善全池，不能直接套门；4ATR追踪在本单仍低于成本线；统一提保本可能损失其他赢家，需另做完整对照；退出后48根内曾回到+1R；属事后重启机会，不能证明放宽原止损会赚钱,binance_um:API3USDT:15m:box_any:2216
T014,FILUSDT,15m,2024-09-18 04:30:00+00:00,2024-09-18 04:45:00+00:00,,3.497,3.4686000000000003,3.4686000000000003,-1.246267605633805,前三根止损,持仓第2根K，最低价3.467触及当时已生效保护价3.4686；按初始止损在3.4686退出，扣费后净-1.25R。,距V9 2根，较父V9独立模拟入场价+0.11%；初始风险0.81%（2.08个信号ATR），往返成本0.246R。 入场信号收盘在六均线上方，IMACD向上且增强，相对成交量0.62倍。 原账本最大浮盈0.00R；5分钟审计得到实际止损前浮盈范围0.00–0.00R（若上下界不同，触及止损的5分钟内先后未知）。 退出前最高收盘-0.49R，未收盘达到2R，原追踪未激活。 退出下一根起48根内，最高回到原入场+0.07R，最低到-4.82R。,已比V9入场更贵，需评估确认收益能否覆盖追价代价,binance_um:FILUSDT:15m:box_any:2285
T015,UNIUSDT,15m,2024-09-21 19:30:00+00:00,2024-09-22 00:30:00+00:00,,6.876,6.823,6.823,-1.259471698113207,到过1R后回吐,持仓第21根K，最低价6.821触及当时已生效保护价6.823；按初始止损在6.823退出，扣费后净-1.26R。,距V9 22根，较父V9独立模拟入场价+0.39%；初始风险0.77%（2.02个信号ATR），往返成本0.259R。 入场信号收盘在六均线上方，IMACD向上且增强，相对成交量0.89倍。 原账本最大浮盈1.02R；5分钟审计得到实际止损前浮盈范围1.02–1.02R（若上下界不同，触及止损的5分钟内先后未知）。 退出前最高收盘0.55R，未收盘达到2R，原追踪未激活。 退出下一根起48根内，最高回到原入场-0.25R，最低到-5.06R。,已比V9入场更贵，需评估确认收益能否覆盖追价代价,binance_um:UNIUSDT:15m:box_any:2633
T016,1000PEPEUSDT,15m,2024-09-24 08:15:00+00:00,2024-09-25 06:15:00+00:00,,0.0081237,0.0080185999999999,0.0084470999999999,2.922479543292094,盈利保护退出,持仓第89根K，最低价0.0084403触及当时已生效保护价0.0084471；按追踪止损在0.0084471退出，扣费后净+2.92R。,距V9 0根，较父V9独立模拟入场价+0.00%；初始风险1.29%（2.47个信号ATR），往返成本0.155R。 入场信号收盘在六均线上方，IMACD向上且增强，相对成交量4.15倍。 原账本最大浮盈6.36R；5分钟审计得到实际止损前浮盈范围6.36–6.36R（若上下界不同，触及止损的5分钟内先后未知）。 已收盘触及2R并激活追踪；退出时保护在入场价+3.08R，激活不保证保本。 退出下一根起48根内，最高回到原入场+4.67R，最低到+2.22R。,作为盈利对照保留：任何更早止盈/更严过滤都需计算会损失多少这类赢家,binance_um:1000PEPEUSDT:15m:box_any:2876
T017,NEARUSDT,15m,2024-10-06 01:45:00+00:00,2024-10-06 04:30:00+00:00,,4.798,4.735,4.735,-1.1523174603174633,推进不足后止损,持仓第12根K，最低价4.714触及当时已生效保护价4.735；按初始止损在4.735退出，扣费后净-1.15R。,距V9 11根，较父V9独立模拟入场价+0.46%；初始风险1.31%（2.34个信号ATR），往返成本0.152R。 入场信号收盘在六均线上方，IMACD向上且增强，相对成交量1.26倍。 原账本最大浮盈0.19R；5分钟审计得到实际止损前浮盈范围0.19–0.19R（若上下界不同，触及止损的5分钟内先后未知）。 退出前最高收盘0.17R，未收盘达到2R，原追踪未激活。 退出下一根起48根内，最高回到原入场+2.24R，最低到-1.30R。,已比V9入场更贵，需评估确认收益能否覆盖追价代价；退出后48根内曾回到+1R；属事后重启机会，不能证明放宽原止损会赚钱,binance_um:NEARUSDT:15m:box_any:4002
T018,ENAUSDT,15m,2024-10-11 15:30:00+00:00,2024-10-14 21:15:00+00:00,,0.3112,0.28358,0.39934,3.168631426502538,盈利保护退出,持仓第312根K，最低价0.3989触及当时已生效保护价0.39934；按追踪止损在0.39934退出，扣费后净+3.17R。,距V9 12根，较父V9独立模拟入场价+10.39%；初始风险8.88%（5.45个信号ATR），往返成本0.023R。 入场信号收盘在六均线上方，IMACD向上且增强，相对成交量7.08倍。 原账本最大浮盈4.49R；5分钟审计得到实际止损前浮盈范围4.49–4.49R（若上下界不同，触及止损的5分钟内先后未知）。 已收盘触及2R并激活追踪；退出时保护在入场价+3.19R，激活不保证保本。 退出下一根起48根内，最高回到原入场+5.50R，最低到+3.09R。,已比V9入场更贵，需评估确认收益能否覆盖追价代价；作为盈利对照保留：任何更早止盈/更严过滤都需计算会损失多少这类赢家,binance_um:ENAUSDT:15m:box_any:4537
T019,JUPUSDT,15m,2024-10-14 05:15:00+00:00,2024-10-15 04:00:00+00:00,,0.8105,0.7966000000000001,0.8634000000000001,3.689136690647514,盈利保护退出,持仓第92根K，最低价0.8632触及当时已生效保护价0.8634；按追踪止损在0.8634退出，扣费后净+3.69R。,距V9 7根，较父V9独立模拟入场价+0.37%；初始风险1.71%（2.01个信号ATR），往返成本0.117R。 入场信号收盘在六均线上方，IMACD向上且增强，相对成交量2.83倍。 原账本最大浮盈6.14R；5分钟审计得到实际止损前浮盈范围6.14–6.14R（若上下界不同，触及止损的5分钟内先后未知）。 已收盘触及2R并激活追踪；退出时保护在入场价+3.81R，激活不保证保本。 退出下一根起48根内，最高回到原入场+9.10R，最低到+2.01R。,已比V9入场更贵，需评估确认收益能否覆盖追价代价；作为盈利对照保留：任何更早止盈/更严过滤都需计算会损失多少这类赢家,binance_um:JUPUSDT:15m:box_any:4784
T020,ZECUSDT,15m,2024-10-19 20:45:00+00:00,2024-10-20 04:00:00+00:00,,36.95,36.3,36.3,-1.1136923076923078,推进不足后止损,持仓第30根K，最低价36触及当时已生效保护价36.3；按初始止损在36.3退出，扣费后净-1.11R。,距V9 23根，较父V9独立模拟入场价+2.52%；初始风险1.76%（3.42个信号ATR），往返成本0.114R。 入场信号收盘在六均线上方，IMACD向上且增强，相对成交量0.62倍。 原账本最大浮盈0.78R；5分钟审计得到实际止损前浮盈范围0.78–0.78R（若上下界不同，触及止损的5分钟内先后未知）。 退出前最高收盘0.52R，未收盘达到2R，原追踪未激活。 退出下一根起48根内，最高回到原入场-0.29R，最低到-1.68R。,已比V9入场更贵，需评估确认收益能否覆盖追价代价,binance_um:ZECUSDT:15m:box_any:5326
T021,AAVEUSDT,15m,2024-10-20 14:00:00+00:00,2024-10-20 16:45:00+00:00,,158.88,157.70000000000002,157.70000000000002,-1.2692881355932273,到过1R后回吐,持仓第12根K，最低价157.5触及当时已生效保护价157.7；按初始止损在157.7退出，扣费后净-1.27R。,距V9 173根，较父V9独立模拟入场价+1.20%；初始风险0.74%（2.32个信号ATR），往返成本0.269R。 入场信号收盘在六均线上方，IMACD向上且增强，相对成交量1.52倍。 原账本最大浮盈1.41R；5分钟审计得到实际止损前浮盈范围1.41–1.41R（若上下界不同，触及止损的5分钟内先后未知）。 退出前最高收盘1.16R，未收盘达到2R，原追踪未激活。 退出下一根起48根内，最高回到原入场+0.97R，最低到-2.63R。,等待超过48根，需检验突破时原启动结构是否已失效；已比V9入场更贵，需评估确认收益能否覆盖追价代价,binance_um:AAVEUSDT:15m:box_any:5395
T022,ETHUSDT,15m,2024-10-28 10:15:00+00:00,2024-10-28 15:45:00+00:00,,2536.43,2502.2200000000003,2502.2200000000003,-1.1482858813212562,推进不足后止损,持仓第23根K，最低价2497.5触及当时已生效保护价2502.22；按初始止损在2502.22退出，扣费后净-1.15R。,距V9 8根，较父V9独立模拟入场价+0.76%；初始风险1.35%（3.42个信号ATR），往返成本0.148R。 入场信号收盘在六均线上方，IMACD向上且增强，相对成交量3.02倍。 原账本最大浮盈0.14R；5分钟审计得到实际止损前浮盈范围0.14–0.14R（若上下界不同，触及止损的5分钟内先后未知）。 退出前最高收盘-0.04R，未收盘达到2R，原追踪未激活。 退出下一根起48根内，最高回到原入场+2.79R，最低到-1.50R。,已比V9入场更贵，需评估确认收益能否覆盖追价代价；退出后48根内曾回到+1R；属事后重启机会，不能证明放宽原止损会赚钱,binance_um:ETHUSDT:15m:box_any:6148
T023,UNIUSDT,15m,2024-10-28 13:15:00+00:00,2024-10-28 14:00:00+00:00,,7.57,7.458,7.458,-1.135178571428574,推进不足后止损,持仓第4根K，最低价7.455触及当时已生效保护价7.458；按初始止损在7.458退出，扣费后净-1.14R。,距V9 21根，较父V9独立模拟入场价+0.76%；初始风险1.48%（2.39个信号ATR），往返成本0.135R。 入场信号收盘在六均线上方，IMACD向上且增强，相对成交量1.67倍。 原账本最大浮盈0.16R；5分钟审计得到实际止损前浮盈范围0.16–0.16R（若上下界不同，触及止损的5分钟内先后未知）。 退出前最高收盘-0.22R，未收盘达到2R，原追踪未激活。 退出下一根起48根内，最高回到原入场+3.57R，最低到-1.64R。,已比V9入场更贵，需评估确认收益能否覆盖追价代价；退出后48根内曾回到+1R；属事后重启机会，不能证明放宽原止损会赚钱,binance_um:UNIUSDT:15m:box_any:6160
T024,SOLUSDT,15m,2024-10-28 22:30:00+00:00,2024-10-29 20:00:00+00:00,,178.86,176.03,178.14,-0.380819787985874,反向确认亏损退出,上一根出现原始反向信号，下一根开盘178.14退出；这笔不是价格触及止损退出，扣费后净-0.38R。,距V9 1根，较父V9独立模拟入场价-0.01%；初始风险1.58%（3.02个信号ATR），往返成本0.126R。 入场信号收盘在六均线上方，IMACD向上且增强，相对成交量3.97倍。 截至退出前/数据末端，原账本最大浮盈1.58R。 退出前最高收盘1.25R，未收盘达到2R，原追踪未激活。 退出下一根起48根内，最高回到原入场+0.89R，最低到-0.90R。,当前事实不足以提出特定改法；先保留原规则作为对照。,binance_um:SOLUSDT:15m:box_any:6197
T025,SOLUSDT,15m,2024-11-04 12:30:00+00:00,2024-11-04 14:30:00+00:00,,164.42,162.68,162.68,-1.1889885057471312,推进不足后止损,持仓第9根K，最低价162.271触及当时已生效保护价162.68；按初始止损在162.68退出，扣费后净-1.19R。,距V9 2根，较父V9独立模拟入场价+0.27%；初始风险1.06%（1.99个信号ATR），往返成本0.189R。 入场信号收盘在六均线上方，IMACD向上且增强，相对成交量1.05倍。 原账本最大浮盈0.28R；5分钟审计得到实际止损前浮盈范围0.28–0.28R（若上下界不同，触及止损的5分钟内先后未知）。 退出前最高收盘0.03R，未收盘达到2R，原追踪未激活。 退出下一根起48根内，最高回到原入场-0.55R，最低到-5.40R。,已比V9入场更贵，需评估确认收益能否覆盖追价代价,binance_um:SOLUSDT:15m:box_any:6829
T026,APTUSDT,15m,2024-11-05 10:30:00+00:00,2024-11-05 19:45:00+00:00,,8.2229,8.132200000000001,8.3427,1.1395170893054458,盈利保护退出,持仓第38根K，最低价8.3041触及当时已生效保护价8.3427；按追踪止损在8.3427退出，扣费后净+1.14R。,距V9 5根，较父V9独立模拟入场价-0.32%；初始风险1.10%（1.98个信号ATR），往返成本0.181R。 入场信号收盘在六均线上方，IMACD向上且增强，相对成交量2.03倍。 原账本最大浮盈4.58R；5分钟审计得到实际止损前浮盈范围4.58–4.58R（若上下界不同，触及止损的5分钟内先后未知）。 已收盘触及2R并激活追踪；退出时保护在入场价+1.32R，激活不保证保本。 退出下一根起48根内，最高回到原入场+13.78R，最低到+0.98R。,作为盈利对照保留：任何更早止盈/更严过滤都需计算会损失多少这类赢家,binance_um:APTUSDT:15m:box_any:6917
T027,NEARUSDT,15m,2024-11-05 12:00:00+00:00,2024-11-05 19:15:00+00:00,,3.74,3.691,3.806,1.194285714285711,盈利保护退出,持仓第30根K，最低价3.806触及当时已生效保护价3.806；按追踪止损在3.806退出，扣费后净+1.19R。,距V9 15根，较父V9独立模拟入场价+1.05%；初始风险1.31%（2.46个信号ATR），往返成本0.153R。 入场信号收盘在六均线上方，IMACD向上且增强，相对成交量2.11倍。 原账本最大浮盈3.98R；5分钟审计得到实际止损前浮盈范围3.98–3.98R（若上下界不同，触及止损的5分钟内先后未知）。 已收盘触及2R并激活追踪；退出时保护在入场价+1.35R，激活不保证保本。 退出下一根起48根内，最高回到原入场+10.45R，最低到+0.02R。,已比V9入场更贵，需评估确认收益能否覆盖追价代价；作为盈利对照保留：任何更早止盈/更严过滤都需计算会损失多少这类赢家,binance_um:NEARUSDT:15m:box_any:6923
T028,NEARUSDT,15m,2024-11-08 14:15:00+00:00,2024-11-08 14:45:00+00:00,,4.35,4.2700000000000005,4.2700000000000005,-1.1087499999999992,前三根止损,持仓第3根K，最低价4.269触及当时已生效保护价4.27；按初始止损在4.27退出，扣费后净-1.11R。,距V9 5根，较父V9独立模拟入场价+0.83%；初始风险1.84%（2.34个信号ATR），往返成本0.109R。 入场信号收盘在六均线上方，IMACD向上且增强，相对成交量2.87倍。 原账本最大浮盈0.56R；5分钟审计得到实际止损前浮盈范围0.56–0.56R（若上下界不同，触及止损的5分钟内先后未知）。 退出前最高收盘0.44R，未收盘达到2R，原追踪未激活。 退出下一根起48根内，最高回到原入场+0.10R，最低到-2.35R。,已比V9入场更贵，需评估确认收益能否覆盖追价代价,binance_um:NEARUSDT:15m:box_any:7220
T029,APTUSDT,15m,2024-11-09 07:15:00+00:00,2024-11-09 14:30:00+00:00,,9.8352,9.6747,9.6747,-1.1225570093457935,到过1R后回吐,持仓第30根K，最低价9.6434触及当时已生效保护价9.6747；按初始止损在9.6747退出，扣费后净-1.12R。,距V9 4根，较父V9独立模拟入场价-1.08%；初始风险1.63%（1.99个信号ATR），往返成本0.123R。 入场信号收盘在六均线上方，IMACD向上且增强，相对成交量1.18倍。 原账本最大浮盈1.36R；5分钟审计得到实际止损前浮盈范围1.36–1.36R（若上下界不同，触及止损的5分钟内先后未知）。 退出前最高收盘1.16R，未收盘达到2R，原追踪未激活。 退出下一根起48根内，最高回到原入场+4.76R，最低到-1.39R。,退出后48根内曾回到+1R；属事后重启机会，不能证明放宽原止损会赚钱,binance_um:APTUSDT:15m:box_any:7288
T030,WIFUSDT,15m,2024-11-10 00:15:00+00:00,2024-11-10 21:00:00+00:00,,2.4792,2.4281,2.5994,2.2552172211350356,盈利保护退出,持仓第84根K，最低价2.5409触及当时已生效保护价2.5994；按追踪止损在2.5994退出，扣费后净+2.26R。,距V9 64根，较父V9独立模拟入场价+3.56%；初始风险2.06%（2.00个信号ATR），往返成本0.097R。 入场信号收盘在六均线上方，IMACD未同时满足向上和增强，相对成交量1.55倍。 原账本最大浮盈7.97R；5分钟审计得到实际止损前浮盈范围7.97–7.97R（若上下界不同，触及止损的5分钟内先后未知）。 已收盘触及2R并激活追踪；退出时保护在入场价+2.35R，激活不保证保本。 退出下一根起48根内，最高回到原入场+14.54R，最低到+2.36R。,等待超过48根，需检验突破时原启动结构是否已失效；已比V9入场更贵，需评估确认收益能否覆盖追价代价；突破当时支撑或动能不完整，但此前单加六均线门未改善全池，不能直接套门；作为盈利对照保留：任何更早止盈/更严过滤都需计算会损失多少这类赢家,binance_um:WIFUSDT:15m:box_any:7356
T031,APTUSDT,15m,2024-11-16 02:00:00+00:00,2024-11-17 02:00:00+00:00,,12.194,11.7107,11.7107,-1.0504614111318027,到过1R后回吐,持仓第97根K，最低价11.5901触及当时已生效保护价11.7107；按初始止损在11.7107退出，扣费后净-1.05R。,距V9 0根，较父V9独立模拟入场价+0.00%；初始风险3.96%（4.08个信号ATR），往返成本0.050R。 入场信号收盘在六均线上方，IMACD向上且增强，相对成交量3.04倍。 原账本最大浮盈1.17R；5分钟审计得到实际止损前浮盈范围1.17–1.17R（若上下界不同，触及止损的5分钟内先后未知）。 退出前最高收盘0.92R，未收盘达到2R，原追踪未激活。 退出下一根起48根内，最高回到原入场+1.09R，最低到-1.31R。,退出后48根内曾回到+1R；属事后重启机会，不能证明放宽原止损会赚钱,binance_um:APTUSDT:15m:box_any:7939
T032,ZENUSDT,15m,2024-11-16 11:00:00+00:00,2024-11-17 01:30:00+00:00,,9.091,8.855,9.422,1.325500000000016,盈利保护退出,持仓第59根K，最低价9.327触及当时已生效保护价9.422；按追踪止损在9.422退出，扣费后净+1.33R。,距V9 0根，较父V9独立模拟入场价+0.00%；初始风险2.60%（3.69个信号ATR），往返成本0.077R。 入场信号收盘在六均线上方，IMACD向上且增强，相对成交量2.83倍。 原账本最大浮盈2.75R；5分钟审计得到实际止损前浮盈范围2.75–2.75R（若上下界不同，触及止损的5分钟内先后未知）。 已收盘触及2R并激活追踪；退出时保护在入场价+1.40R，激活不保证保本。 退出下一根起48根内，最高回到原入场+2.24R，最低到-0.63R。,作为盈利对照保留：任何更早止盈/更严过滤都需计算会损失多少这类赢家,binance_um:ZENUSDT:15m:box_any:7975
T033,ETHUSDT,15m,2024-11-18 06:45:00+00:00,2024-11-18 11:00:00+00:00,,3142.5,3103.84,3103.84,-1.1625711329539556,推进不足后止损,持仓第18根K，最低价3089.75触及当时已生效保护价3103.84；按初始止损在3103.84退出，扣费后净-1.16R。,距V9 1根，较父V9独立模拟入场价+0.20%；初始风险1.23%（2.69个信号ATR），往返成本0.163R。 入场信号收盘在六均线上方，IMACD向上且增强，相对成交量3.58倍。 原账本最大浮盈0.28R；5分钟审计得到实际止损前浮盈范围0.28–0.28R（若上下界不同，触及止损的5分钟内先后未知）。 退出前最高收盘0.18R，未收盘达到2R，原追踪未激活。 退出下一根起48根内，最高回到原入场+1.62R，最低到-2.35R。,已比V9入场更贵，需评估确认收益能否覆盖追价代价；退出后48根内曾回到+1R；属事后重启机会，不能证明放宽原止损会赚钱,binance_um:ETHUSDT:15m:box_any:8150
T034,UNIUSDT,15m,2024-11-18 07:45:00+00:00,2024-11-18 09:30:00+00:00,,9.227,9.077,9.077,-1.1230266666666662,推进不足后止损,持仓第8根K，最低价9.07触及当时已生效保护价9.077；按初始止损在9.077退出，扣费后净-1.12R。,距V9 23根，较父V9独立模拟入场价+1.35%；初始风险1.63%（1.99个信号ATR），往返成本0.123R。 入场信号收盘在六均线上方，IMACD向上且增强，相对成交量1.17倍。 原账本最大浮盈0.28R；5分钟审计得到实际止损前浮盈范围0.28–0.28R（若上下界不同，触及止损的5分钟内先后未知）。 退出前最高收盘0.07R，未收盘达到2R，原追踪未激活。 退出下一根起48根内，最高回到原入场+1.19R，最低到-2.59R。,已比V9入场更贵，需评估确认收益能否覆盖追价代价；退出后48根内曾回到+1R；属事后重启机会，不能证明放宽原止损会赚钱,binance_um:UNIUSDT:15m:box_any:8154
T035,FILUSDT,15m,2024-11-20 14:30:00+00:00,2024-11-20 16:15:00+00:00,,4.493,4.3419,4.3419,-1.0594705493050949,推进不足后止损,持仓第8根K，最低价4.305触及当时已生效保护价4.3419；按初始止损在4.3419退出，扣费后净-1.06R。,距V9 0根，较父V9独立模拟入场价+0.00%；初始风险3.36%（3.33个信号ATR），往返成本0.059R。 入场信号收盘在六均线上方，IMACD向上且增强，相对成交量1.70倍。 原账本最大浮盈0.02R；5分钟审计得到实际止损前浮盈范围0.02–0.02R（若上下界不同，触及止损的5分钟内先后未知）。 退出前最高收盘-0.36R，未收盘达到2R，原追踪未激活。 退出下一根起48根内，最高回到原入场-0.97R，最低到-2.75R。,当前事实不足以提出特定改法；先保留原规则作为对照。,binance_um:FILUSDT:15m:box_any:8373
T036,XTZUSDT,15m,2024-11-22 02:00:00+00:00,2024-11-23 16:15:00+00:00,,1.064,1.0256,1.1389,1.8951041666666648,盈利保护退出,持仓第154根K，最低价1.119触及当时已生效保护价1.1389；按追踪止损在1.1389退出，扣费后净+1.90R。,距V9 0根，较父V9独立模拟入场价+0.00%；初始风险3.61%（3.28个信号ATR），往返成本0.055R。 入场信号收盘在六均线上方，IMACD向上且增强，相对成交量3.31倍。 原账本最大浮盈4.14R；5分钟审计得到实际止损前浮盈范围4.14–4.14R（若上下界不同，触及止损的5分钟内先后未知）。 已收盘触及2R并激活追踪；退出时保护在入场价+1.95R，激活不保证保本。 退出下一根起48根内，最高回到原入场+8.67R，最低到+1.22R。,作为盈利对照保留：任何更早止盈/更严过滤都需计算会损失多少这类赢家,binance_um:XTZUSDT:15m:box_any:8515
T037,WIFUSDT,15m,2024-11-23 09:30:00+00:00,2024-11-23 16:15:00+00:00,,3.4456,3.3338,3.3338,-1.0616386404293394,到过1R后回吐,持仓第28根K，最低价3.2657触及当时已生效保护价3.3338；按初始止损在3.3338退出，扣费后净-1.06R。,距V9 20根，较父V9独立模拟入场价+2.57%；初始风险3.24%（2.46个信号ATR），往返成本0.062R。 入场信号收盘在六均线上方，IMACD向上且增强，相对成交量1.62倍。 原账本最大浮盈1.20R；5分钟审计得到实际止损前浮盈范围1.20–1.20R（若上下界不同，触及止损的5分钟内先后未知）。 退出前最高收盘1.00R，未收盘达到2R，原追踪未激活。 退出下一根起48根内，最高回到原入场+0.28R，最低到-2.63R。,已比V9入场更贵，需评估确认收益能否覆盖追价代价,binance_um:WIFUSDT:15m:box_any:8641
T038,BOMEUSDT,15m,2024-11-29 04:00:00+00:00,2024-11-29 06:45:00+00:00,,0.009195,0.0090479999999999,0.0090479999999999,-1.125102040816326,推进不足后止损,持仓第12根K，最低价0.009012触及当时已生效保护价0.009048；按初始止损在0.009048退出，扣费后净-1.13R。,距V9 1根，较父V9独立模拟入场价-0.68%；初始风险1.60%（2.01个信号ATR），往返成本0.125R。 入场信号收盘在六均线上方，IMACD向上且增强，相对成交量2.68倍。 原账本最大浮盈0.80R；5分钟审计得到实际止损前浮盈范围0.80–0.80R（若上下界不同，触及止损的5分钟内先后未知）。 退出前最高收盘0.56R，未收盘达到2R，原追踪未激活。 退出下一根起48根内，最高回到原入场+1.76R，最低到-1.87R。,退出后48根内曾回到+1R；属事后重启机会，不能证明放宽原止损会赚钱,binance_um:BOMEUSDT:15m:box_any:9195
T039,FILUSDT,15m,2024-11-29 11:30:00+00:00,2024-12-01 00:45:00+00:00,,5.851,5.7495,6.915100000000001,10.368453201970484,盈利保护退出,持仓第150根K，最低价6.893触及当时已生效保护价6.9151；按追踪止损在6.9151退出，扣费后净+10.37R。,距V9 0根，较父V9独立模拟入场价+0.00%；初始风险1.73%（2.41个信号ATR），往返成本0.115R。 入场信号收盘在六均线上方，IMACD向上且增强，相对成交量2.53倍。 原账本最大浮盈14.57R；5分钟审计得到实际止损前浮盈范围14.57–14.57R（若上下界不同，触及止损的5分钟内先后未知）。 已收盘触及2R并激活追踪；退出时保护在入场价+10.48R，激活不保证保本。 退出下一根起48根内，最高回到原入场+10.96R，最低到+7.91R。,作为盈利对照保留：任何更早止盈/更严过滤都需计算会损失多少这类赢家,binance_um:FILUSDT:15m:box_any:9225
T040,ARUSDT,15m,2024-11-29 14:00:00+00:00,2024-12-01 02:30:00+00:00,,22.11,21.423,24.73,3.749315866084442,盈利保护退出,持仓第147根K，最低价24.672触及当时已生效保护价24.73；按追踪止损在24.73退出，扣费后净+3.75R。,距V9 2根，较父V9独立模拟入场价+1.06%；初始风险3.11%（3.47个信号ATR），往返成本0.064R。 入场信号收盘在六均线上方，IMACD向上且增强，相对成交量1.87倍。 原账本最大浮盈6.04R；5分钟审计得到实际止损前浮盈范围6.04–6.04R（若上下界不同，触及止损的5分钟内先后未知）。 已收盘触及2R并激活追踪；退出时保护在入场价+3.81R，激活不保证保本。 退出下一根起48根内，最高回到原入场+5.04R，最低到+3.40R。,已比V9入场更贵，需评估确认收益能否覆盖追价代价；作为盈利对照保留：任何更早止盈/更严过滤都需计算会损失多少这类赢家,binance_um:ARUSDT:15m:box_any:9235
T041,PENDLEUSDT,15m,2024-11-30 00:00:00+00:00,2024-11-30 00:30:00+00:00,,5.63,5.5575,5.5575,-1.155310344827587,前三根止损,持仓第3根K，最低价5.532触及当时已生效保护价5.5575；按初始止损在5.5575退出，扣费后净-1.16R。,距V9 1根，较父V9独立模拟入场价-0.03%；初始风险1.29%（2.39个信号ATR），往返成本0.155R。 入场信号收盘在六均线上方，IMACD向上且增强，相对成交量0.98倍。 原账本最大浮盈0.29R；5分钟审计得到实际止损前浮盈范围0.29–0.29R（若上下界不同，触及止损的5分钟内先后未知）。 退出前最高收盘0.01R，未收盘达到2R，原追踪未激活。 退出下一根起48根内，最高回到原入场+3.75R，最低到-1.74R。,退出后48根内曾回到+1R；属事后重启机会，不能证明放宽原止损会赚钱,binance_um:PENDLEUSDT:15m:box_any:9275
T042,ZENUSDT,15m,2024-11-30 14:30:00+00:00,2024-12-02 09:45:00+00:00,,17.312,15.239,16.678,-0.322539315002412,反向确认亏损退出,上一根出现原始反向信号，下一根开盘16.678退出；这笔不是价格触及止损退出，扣费后净-0.32R。,距V9 41根，较父V9独立模拟入场价+10.56%；初始风险11.97%（7.10个信号ATR），往返成本0.017R。 入场信号收盘在六均线上方，IMACD向上且增强，相对成交量33.12倍。 截至退出前/数据末端，原账本最大浮盈0.76R。 退出前最高收盘0.61R，未收盘达到2R，原追踪未激活。 退出下一根起48根内，最高回到原入场+0.18R，最低到-0.57R。,已比V9入场更贵，需评估确认收益能否覆盖追价代价,binance_um:ZENUSDT:15m:box_any:9333
T043,UNIUSDT,15m,2024-12-02 02:15:00+00:00,2024-12-02 03:45:00+00:00,,13.316,13.005,13.005,-1.085633440514471,推进不足后止损,持仓第7根K，最低价12.753触及当时已生效保护价13.005；按初始止损在13.005退出，扣费后净-1.09R。,距V9 1根，较父V9独立模拟入场价-0.68%；初始风险2.34%（1.99个信号ATR），往返成本0.086R。 入场信号收盘在六均线上方，IMACD向上且增强，相对成交量2.96倍。 原账本最大浮盈0.58R；5分钟审计得到实际止损前浮盈范围0.58–0.58R（若上下界不同，触及止损的5分钟内先后未知）。 退出前最高收盘0.23R，未收盘达到2R，原追踪未激活。 退出下一根起48根内，最高回到原入场+4.11R，最低到-2.84R。,退出后48根内曾回到+1R；属事后重启机会，不能证明放宽原止损会赚钱,binance_um:UNIUSDT:15m:box_any:9476
T044,ZECUSDT,15m,2024-12-05 21:30:00+00:00,2024-12-05 22:15:00+00:00,,75.23,70.81,70.81,-1.0340407239819012,推进不足后止损,持仓第4根K，最低价68.7触及当时已生效保护价70.81；按初始止损在70.81退出，扣费后净-1.03R。,距V9 13根，较父V9独立模拟入场价+2.65%；初始风险5.88%（3.46个信号ATR），往返成本0.034R。 入场信号收盘在六均线上方，IMACD向上且增强，相对成交量1.20倍。 原账本最大浮盈0.05R；5分钟审计得到实际止损前浮盈范围0.05–0.05R（若上下界不同，触及止损的5分钟内先后未知）。 退出前最高收盘-0.12R，未收盘达到2R，原追踪未激活。 退出下一根起48根内，最高回到原入场-0.14R，最低到-1.47R。,已比V9入场更贵，需评估确认收益能否覆盖追价代价,binance_um:ZECUSDT:15m:box_any:9841
T045,BOMEUSDT,15m,2024-12-07 08:00:00+00:00,2024-12-08 00:00:00+00:00,,0.010027,0.0098830999999999,0.0106457999999999,4.160847810979823,盈利保护退出,持仓第65根K，最低价0.010643触及当时已生效保护价0.0106458；按追踪止损在0.0106458退出，扣费后净+4.16R。,距V9 1根，较父V9独立模拟入场价+0.17%；初始风险1.44%（2.01个信号ATR），往返成本0.139R。 入场信号收盘在六均线上方，IMACD向上且增强，相对成交量2.51倍。 原账本最大浮盈8.93R；5分钟审计得到实际止损前浮盈范围8.93–8.93R（若上下界不同，触及止损的5分钟内先后未知）。 已收盘触及2R并激活追踪；退出时保护在入场价+4.30R，激活不保证保本。 退出下一根起48根内，最高回到原入场+7.05R，最低到+0.66R。,已比V9入场更贵，需评估确认收益能否覆盖追价代价；作为盈利对照保留：任何更早止盈/更严过滤都需计算会损失多少这类赢家,binance_um:BOMEUSDT:15m:box_any:9979
T046,1000PEPEUSDT,15m,2024-12-07 12:15:00+00:00,2024-12-08 00:15:00+00:00,,0.0222437,0.0217687999999999,0.0244227,4.494656980416884,盈利保护退出,持仓第49根K，最低价0.0243261触及当时已生效保护价0.0244227；按追踪止损在0.0244227退出，扣费后净+4.49R。,距V9 13根，较父V9独立模拟入场价+2.31%；初始风险2.13%（2.00个信号ATR），往返成本0.094R。 入场信号收盘在六均线上方，IMACD向上且增强，相对成交量1.97倍。 原账本最大浮盈9.99R；5分钟审计得到实际止损前浮盈范围9.99–9.99R（若上下界不同，触及止损的5分钟内先后未知）。 已收盘触及2R并激活追踪；退出时保护在入场价+4.59R，激活不保证保本。 退出下一根起48根内，最高回到原入场+8.71R，最低到+4.14R。,已比V9入场更贵，需评估确认收益能否覆盖追价代价；识别突破时本周期收盘已低于至少一条冻结投影线，需核查多周期确认时差；作为盈利对照保留：任何更早止盈/更严过滤都需计算会损失多少这类赢家,binance_um:1000PEPEUSDT:15m:box_any:9996
T047,API3USDT,15m,2024-12-23 20:45:00+00:00,2024-12-24 19:45:00+00:00,,1.6285,1.5796,1.7242000000000002,1.890449897750519,盈利保护退出,持仓第93根K，最低价1.7213触及当时已生效保护价1.7242；按追踪止损在1.7242退出，扣费后净+1.89R。,距V9 0根，较父V9独立模拟入场价+0.00%；初始风险3.00%（2.77个信号ATR），往返成本0.067R。 入场信号收盘在六均线上方，IMACD向上且增强，相对成交量13.97倍。 原账本最大浮盈3.43R；5分钟审计得到实际止损前浮盈范围3.43–3.43R（若上下界不同，触及止损的5分钟内先后未知）。 已收盘触及2R并激活追踪；退出时保护在入场价+1.96R，激活不保证保本。 退出下一根起48根内，最高回到原入场+3.51R，最低到+1.56R。,作为盈利对照保留：任何更早止盈/更严过滤都需计算会损失多少这类赢家,binance_um:API3USDT:15m:box_any:11566
T048,ARUSDT,15m,2024-12-23 20:45:00+00:00,2024-12-24 20:00:00+00:00,,16.718,16.166,17.347,1.0789202898550745,盈利保护退出,持仓第94根K，最低价17.251触及当时已生效保护价17.347；按追踪止损在17.347退出，扣费后净+1.08R。,距V9 14根，较父V9独立模拟入场价+2.42%；初始风险3.30%（2.31个信号ATR），往返成本0.061R。 入场信号收盘在六均线上方，IMACD向上且增强，相对成交量1.84倍。 原账本最大浮盈2.79R；5分钟审计得到实际止损前浮盈范围2.79–2.79R（若上下界不同，触及止损的5分钟内先后未知）。 已收盘触及2R并激活追踪；退出时保护在入场价+1.14R，激活不保证保本。 退出下一根起48根内，最高回到原入场+2.26R，最低到+0.94R。,已比V9入场更贵，需评估确认收益能否覆盖追价代价；作为盈利对照保留：任何更早止盈/更严过滤都需计算会损失多少这类赢家,binance_um:ARUSDT:15m:box_any:11566
T049,BOMEUSDT,15m,2024-12-23 21:15:00+00:00,2024-12-25 15:45:00+00:00,,0.006653,0.0062946999999999,0.00659,-0.2129667876081488,反向确认亏损退出,上一根出现原始反向信号，下一根开盘0.00659退出；这笔不是价格触及止损退出，扣费后净-0.21R。,距V9 5根，较父V9独立模拟入场价+5.39%；初始风险5.39%（4.71个信号ATR），往返成本0.037R。 入场信号收盘在六均线上方，IMACD向上且增强，相对成交量2.68倍。 截至退出前/数据末端，原账本最大浮盈0.60R。 退出前最高收盘0.51R，未收盘达到2R，原追踪未激活。 退出下一根起48根内，最高回到原入场+0.06R，最低到-0.97R。,已比V9入场更贵，需评估确认收益能否覆盖追价代价,binance_um:BOMEUSDT:15m:box_any:11568
T050,DASHUSDT,15m,2024-12-23 21:15:00+00:00,2024-12-24 20:30:00+00:00,,39.04,37.1,42.87,1.9339793814433015,盈利保护退出,持仓第94根K，最低价42.67触及当时已生效保护价42.87；按追踪止损在42.87退出，扣费后净+1.93R。,距V9 2根，较父V9独立模拟入场价+3.04%；初始风险4.97%（4.36个信号ATR），往返成本0.040R。 入场信号收盘在六均线上方，IMACD向上且增强，相对成交量2.51倍。 原账本最大浮盈3.31R；5分钟审计得到实际止损前浮盈范围3.31–3.31R（若上下界不同，触及止损的5分钟内先后未知）。 已收盘触及2R并激活追踪；退出时保护在入场价+1.97R，激活不保证保本。 退出下一根起48根内，最高回到原入场+3.72R，最低到+1.85R。,已比V9入场更贵，需评估确认收益能否覆盖追价代价；作为盈利对照保留：任何更早止盈/更严过滤都需计算会损失多少这类赢家,binance_um:DASHUSDT:15m:box_any:11568
T051,ETHUSDT,15m,2024-12-23 21:15:00+00:00,2024-12-25 17:15:00+00:00,,3440.28,3322.59,3450.22,0.0259957515506783,反向确认盈利退出,上一根出现原始反向信号，下一根开盘3450.22退出；这笔不是价格触及止损退出，扣费后净+0.03R。,距V9 3根，较父V9独立模拟入场价+2.27%；初始风险3.42%（4.24个信号ATR），往返成本0.058R。 入场信号收盘在六均线上方，IMACD向上且增强，相对成交量2.12倍。 截至退出前/数据末端，原账本最大浮盈0.91R。 退出前最高收盘0.80R，未收盘达到2R，原追踪未激活。 退出下一根起48根内，最高回到原入场+0.63R，最低到-0.14R。,已比V9入场更贵，需评估确认收益能否覆盖追价代价；作为盈利对照保留：任何更早止盈/更严过滤都需计算会损失多少这类赢家,binance_um:ETHUSDT:15m:box_any:11568
T052,AEROUSDT,15m,2024-12-23 21:30:00+00:00,2024-12-25 17:15:00+00:00,,1.5615,1.4641000000000002,1.6041,0.4053080082135508,反向确认盈利退出,上一根出现原始反向信号，下一根开盘1.6041退出；这笔不是价格触及止损退出，扣费后净+0.41R。,距V9 2根，较父V9独立模拟入场价+3.67%；初始风险6.24%（5.44个信号ATR），往返成本0.032R。 入场信号收盘在六均线上方，IMACD未同时满足向上和增强，相对成交量2.42倍。 截至退出前/数据末端，原账本最大浮盈1.28R。 退出前最高收盘1.12R，未收盘达到2R，原追踪未激活。 退出下一根起48根内，最高回到原入场+0.89R，最低到+0.00R。,已比V9入场更贵，需评估确认收益能否覆盖追价代价；突破当时支撑或动能不完整，但此前单加六均线门未改善全池，不能直接套门；作为盈利对照保留：任何更早止盈/更严过滤都需计算会损失多少这类赢家,binance_um:AEROUSDT:15m:box_any:1852
T053,FILUSDT,15m,2024-12-23 21:30:00+00:00,2024-12-25 15:30:00+00:00,,5.235,4.9743,5.296,0.193824319140775,反向确认盈利退出,上一根出现原始反向信号，下一根开盘5.296退出；这笔不是价格触及止损退出，扣费后净+0.19R。,距V9 2根，较父V9独立模拟入场价+1.61%；初始风险4.98%（4.49个信号ATR），往返成本0.040R。 入场信号收盘在六均线上方，IMACD向上且增强，相对成交量1.73倍。 截至退出前/数据末端，原账本最大浮盈1.29R。 退出前最高收盘1.15R，未收盘达到2R，原追踪未激活。 退出下一根起48根内，最高回到原入场+0.49R，最低到-0.13R。,已比V9入场更贵，需评估确认收益能否覆盖追价代价；作为盈利对照保留：任何更早止盈/更严过滤都需计算会损失多少这类赢家,binance_um:FILUSDT:15m:box_any:11569
T054,UNIUSDT,15m,2024-12-23 23:15:00+00:00,2024-12-24 00:15:00+00:00,,14.446,14.086,14.086,-1.0802555555555575,推进不足后止损,持仓第5根K，最低价14.061触及当时已生效保护价14.086；按初始止损在14.086退出，扣费后净-1.08R。,距V9 6根，较父V9独立模拟入场价+0.42%；初始风险2.49%（2.00个信号ATR），往返成本0.080R。 入场信号收盘在六均线上方，IMACD向上且增强，相对成交量1.21倍。 原账本最大浮盈0.14R；5分钟审计得到实际止损前浮盈范围0.14–0.14R（若上下界不同，触及止损的5分钟内先后未知）。 退出前最高收盘-0.16R，未收盘达到2R，原追踪未激活。 退出下一根起48根内，最高回到原入场-0.57R，最低到-1.98R。,已比V9入场更贵，需评估确认收益能否覆盖追价代价,binance_um:UNIUSDT:15m:box_any:11576
T055,ARBUSDT,15m,2024-12-24 12:00:00+00:00,2024-12-24 20:00:00+00:00,,0.8026,0.7901,0.8071,0.2315840000000107,盈利保护退出,持仓第33根K，最低价0.7968触及当时已生效保护价0.8071；按追踪止损在0.8071退出，扣费后净+0.23R。,距V9 74根，较父V9独立模拟入场价+3.41%；初始风险1.56%（2.28个信号ATR），往返成本0.128R。 入场信号收盘在六均线上方，IMACD未同时满足向上和增强，相对成交量0.93倍。 原账本最大浮盈2.87R；5分钟审计得到实际止损前浮盈范围2.87–2.87R（若上下界不同，触及止损的5分钟内先后未知）。 已收盘触及2R并激活追踪；退出时保护在入场价+0.36R，激活不保证保本。 退出下一根起48根内，最高回到原入场+1.49R，最低到-0.38R。,等待超过48根，需检验突破时原启动结构是否已失效；已比V9入场更贵，需评估确认收益能否覆盖追价代价；突破当时支撑或动能不完整，但此前单加六均线门未改善全池，不能直接套门；作为盈利对照保留：任何更早止盈/更严过滤都需计算会损失多少这类赢家,binance_um:ARBUSDT:15m:box_any:11627
T056,OPUSDT,15m,2024-12-24 13:30:00+00:00,2024-12-25 13:00:00+00:00,,1.9272,1.8779200000000005,1.916,-0.3054870129870168,反向确认亏损退出,上一根出现原始反向信号，下一根开盘1.916退出；这笔不是价格触及止损退出，扣费后净-0.31R。,距V9 80根，较父V9独立模拟入场价+4.77%；初始风险2.56%（3.01个信号ATR），往返成本0.078R。 入场信号收盘在六均线上方，IMACD未同时满足向上和增强，相对成交量3.90倍。 截至退出前/数据末端，原账本最大浮盈1.13R。 退出前最高收盘0.89R，未收盘达到2R，原追踪未激活。 退出下一根起48根内，最高回到原入场+0.19R，最低到-0.94R。,等待超过48根，需检验突破时原启动结构是否已失效；已比V9入场更贵，需评估确认收益能否覆盖追价代价；突破当时支撑或动能不完整，但此前单加六均线门未改善全池，不能直接套门,binance_um:OPUSDT:15m:box_any:11633
T057,PENDLEUSDT,15m,2024-12-24 13:45:00+00:00,2024-12-25 15:45:00+00:00,,5.316,5.1846000000000005,5.2467,-0.6083105022831111,反向确认亏损退出,上一根出现原始反向信号，下一根开盘5.2467退出；这笔不是价格触及止损退出，扣费后净-0.61R。,距V9 68根，较父V9独立模拟入场价+2.93%；初始风险2.47%（3.57个信号ATR），往返成本0.081R。 入场信号收盘在六均线上方，IMACD向上且增强，相对成交量2.27倍。 截至退出前/数据末端，原账本最大浮盈1.02R。 退出前最高收盘0.85R，未收盘达到2R，原追踪未激活。 退出下一根起48根内，最高回到原入场+0.25R，最低到-1.13R。,等待超过48根，需检验突破时原启动结构是否已失效；已比V9入场更贵，需评估确认收益能否覆盖追价代价,binance_um:PENDLEUSDT:15m:box_any:11634
T058,UNIUSDT,15m,2024-12-24 15:15:00+00:00,2024-12-25 08:00:00+00:00,,14.367,14.09,14.09,-1.1037328519855578,到过1R后回吐,持仓第68根K，最低价14.064触及当时已生效保护价14.09；按初始止损在14.09退出，扣费后净-1.10R。,距V9 3根，较父V9独立模拟入场价+0.04%；初始风险1.93%（1.99个信号ATR），往返成本0.104R。 入场信号收盘在六均线上方，IMACD向上且增强，相对成交量4.60倍。 原账本最大浮盈1.43R；5分钟审计得到实际止损前浮盈范围1.43–1.43R（若上下界不同，触及止损的5分钟内先后未知）。 退出前最高收盘1.23R，未收盘达到2R，原追踪未激活。 退出下一根起48根内，最高回到原入场+0.36R，最低到-2.40R。,已比V9入场更贵，需评估确认收益能否覆盖追价代价,binance_um:UNIUSDT:15m:box_any:11640
T059,1000PEPEUSDT,15m,2024-12-28 05:30:00+00:00,2024-12-29 12:45:00+00:00,,0.0182743,0.0178943,0.0187113,1.0538194736842017,盈利保护退出,持仓第126根K，最低价0.0186623触及当时已生效保护价0.0187113；按追踪止损在0.0187113退出，扣费后净+1.05R。,距V9 0根，较父V9独立模拟入场价+0.00%；初始风险2.08%（3.18个信号ATR），往返成本0.096R。 入场信号收盘在六均线上方，IMACD向上且增强，相对成交量4.80倍。 原账本最大浮盈2.41R；5分钟审计得到实际止损前浮盈范围2.41–2.41R（若上下界不同，触及止损的5分钟内先后未知）。 已收盘触及2R并激活追踪；退出时保护在入场价+1.15R，激活不保证保本。 退出下一根起48根内，最高回到原入场+1.25R，最低到-1.40R。,作为盈利对照保留：任何更早止盈/更严过滤都需计算会损失多少这类赢家,binance_um:1000PEPEUSDT:15m:box_any:11985
T060,APTUSDT,15m,2024-12-28 12:00:00+00:00,2024-12-29 13:45:00+00:00,,8.9966,8.857800000000001,9.0644,0.3588386167146797,反向确认盈利退出,上一根出现原始反向信号，下一根开盘9.0644退出；这笔不是价格触及止损退出，扣费后净+0.36R。,距V9 2根，较父V9独立模拟入场价+0.43%；初始风险1.54%（2.34个信号ATR），往返成本0.130R。 入场信号收盘在六均线上方，IMACD向上且增强，相对成交量1.44倍。 截至退出前/数据末端，原账本最大浮盈2.00R。 退出前最高收盘1.61R，未收盘达到2R，原追踪未激活。 退出下一根起48根内，最高回到原入场+1.39R，最低到-1.49R。,已比V9入场更贵，需评估确认收益能否覆盖追价代价；盘中高点与收盘触发存在差异；此前全池最高价激活试验未通过，不能凭此单直接修改；作为盈利对照保留：任何更早止盈/更严过滤都需计算会损失多少这类赢家,binance_um:APTUSDT:15m:box_any:12011
T061,WIFUSDT,15m,2024-12-28 13:30:00+00:00,2024-12-29 14:45:00+00:00,,1.8899,1.8501,1.8605,-0.8336633165829147,反向确认亏损退出,上一根出现原始反向信号，下一根开盘1.8605退出；这笔不是价格触及止损退出，扣费后净-0.83R。,距V9 0根，较父V9独立模拟入场价+0.00%；初始风险2.11%（3.13个信号ATR），往返成本0.095R。 入场信号收盘在六均线上方，IMACD向上且增强，相对成交量2.20倍。 截至退出前/数据末端，原账本最大浮盈2.12R。 退出前最高收盘1.80R，未收盘达到2R，原追踪未激活。 退出下一根起48根内，最高回到原入场-0.25R，最低到-1.86R。,盘中高点与收盘触发存在差异；此前全池最高价激活试验未通过，不能凭此单直接修改,binance_um:WIFUSDT:15m:box_any:12017
T062,ARUSDT,15m,2024-12-28 14:15:00+00:00,2024-12-29 09:15:00+00:00,,17.299,16.494,16.939,-0.4901838509316775,反向确认亏损退出,上一根出现原始反向信号，下一根开盘16.939退出；这笔不是价格触及止损退出，扣费后净-0.49R。,距V9 2根，较父V9独立模拟入场价+2.50%；初始风险4.65%（5.86个信号ATR），往返成本0.043R。 入场信号收盘在六均线上方，IMACD未同时满足向上和增强，相对成交量3.79倍。 截至退出前/数据末端，原账本最大浮盈0.48R。 退出前最高收盘0.35R，未收盘达到2R，原追踪未激活。 退出下一根起48根内，最高回到原入场-0.38R，最低到-1.41R。,已比V9入场更贵，需评估确认收益能否覆盖追价代价；突破当时支撑或动能不完整，但此前单加六均线门未改善全池，不能直接套门,binance_um:ARUSDT:15m:box_any:12020
T063,FILUSDT,15m,2024-12-28 15:15:00+00:00,2024-12-29 10:45:00+00:00,,5.056,4.992,5.1266,0.9451250000000028,盈利保护退出,持仓第79根K，最低价5.125触及当时已生效保护价5.1266；按追踪止损在5.1266退出，扣费后净+0.95R。,距V9 3根，较父V9独立模拟入场价-0.24%；初始风险1.27%（1.97个信号ATR），往返成本0.158R。 入场信号收盘在六均线上方，IMACD向上且增强，相对成交量1.42倍。 原账本最大浮盈3.55R；5分钟审计得到实际止损前浮盈范围3.55–3.55R（若上下界不同，触及止损的5分钟内先后未知）。 已收盘触及2R并激活追踪；退出时保护在入场价+1.10R，激活不保证保本。 退出下一根起48根内，最高回到原入场+1.81R，最低到-2.25R。,作为盈利对照保留：任何更早止盈/更严过滤都需计算会损失多少这类赢家,binance_um:FILUSDT:15m:box_any:12024
T064,ETHUSDT,15m,2024-12-28 18:15:00+00:00,2024-12-29 14:30:00+00:00,,3387.73,3362.99,3362.99,-1.2738666127728404,到过1R后回吐,持仓第82根K，最低价3352.84触及当时已生效保护价3362.99；按初始止损在3362.99退出，扣费后净-1.27R。,距V9 16根，较父V9独立模拟入场价+0.23%；初始风险0.73%（2.00个信号ATR），往返成本0.274R。 入场信号收盘在六均线上方，IMACD向上且增强，相对成交量0.99倍。 原账本最大浮盈1.61R；5分钟审计得到实际止损前浮盈范围1.61–1.61R（若上下界不同，触及止损的5分钟内先后未知）。 退出前最高收盘0.87R，未收盘达到2R，原追踪未激活。 退出下一根起48根内，最高回到原入场+1.99R，最低到-2.55R。,已比V9入场更贵，需评估确认收益能否覆盖追价代价；退出后48根内曾回到+1R；属事后重启机会，不能证明放宽原止损会赚钱,binance_um:ETHUSDT:15m:box_any:12036
T065,SOLUSDT,15m,2024-12-28 18:15:00+00:00,2024-12-29 17:00:00+00:00,,194.21,192.19,192.19,-1.1922871287128722,到过1R后回吐,持仓第92根K，最低价192.03触及当时已生效保护价192.19；按初始止损在192.19退出，扣费后净-1.19R。,距V9 19根，较父V9独立模拟入场价+3.44%；初始风险1.04%（1.99个信号ATR），往返成本0.192R。 入场信号收盘在六均线上方，IMACD向上且增强，相对成交量1.88倍。 原账本最大浮盈1.72R；5分钟审计得到实际止损前浮盈范围1.72–1.72R（若上下界不同，触及止损的5分钟内先后未知）。 退出前最高收盘1.33R，未收盘达到2R，原追踪未激活。 退出下一根起48根内，最高回到原入场+0.08R，最低到-2.83R。,已比V9入场更贵，需评估确认收益能否覆盖追价代价,binance_um:SOLUSDT:15m:box_any:12036
T066,ETHUSDT,15m,2024-12-30 01:45:00+00:00,2024-12-30 13:15:00+00:00,,3417.7,3364.33,3364.33,-1.128075697957653,推进不足后止损,持仓第47根K，最低价3363.93触及当时已生效保护价3364.33；按初始止损在3364.33退出，扣费后净-1.13R。,距V9 2根，较父V9独立模拟入场价+0.91%；初始风险1.56%（2.98个信号ATR），往返成本0.128R。 入场信号收盘在六均线上方，IMACD未同时满足向上和增强，相对成交量2.22倍。 原账本最大浮盈0.30R；5分钟审计得到实际止损前浮盈范围0.30–0.30R（若上下界不同，触及止损的5分钟内先后未知）。 退出前最高收盘0.23R，未收盘达到2R，原追踪未激活。 退出下一根起48根内，最高回到原入场+0.03R，最低到-2.16R。,已比V9入场更贵，需评估确认收益能否覆盖追价代价；突破当时支撑或动能不完整，但此前单加六均线门未改善全池，不能直接套门,binance_um:ETHUSDT:15m:box_any:12162
T067,ONEUSDT,15m,2025-01-01 16:00:00+00:00,2025-01-02 22:15:00+00:00,,0.02711,0.0263796,0.0283772999999999,1.660843373493975,盈利保护退出,持仓第122根K，最低价0.02815触及当时已生效保护价0.0283773；按追踪止损在0.0283773退出，扣费后净+1.66R。,距V9 13根，较父V9独立模拟入场价+1.69%；初始风险2.69%（2.90个信号ATR），往返成本0.074R。 入场信号收盘在六均线上方，IMACD向上且增强，相对成交量1.68倍。 原账本最大浮盈3.74R；5分钟审计得到实际止损前浮盈范围3.74–3.74R（若上下界不同，触及止损的5分钟内先后未知）。 已收盘触及2R并激活追踪；退出时保护在入场价+1.74R，激活不保证保本。 退出下一根起48根内，最高回到原入场+2.45R，最低到+1.15R。,已比V9入场更贵，需评估确认收益能否覆盖追价代价；作为盈利对照保留：任何更早止盈/更严过滤都需计算会损失多少这类赢家,binance_um:ONEUSDT:15m:box_any:12411
T068,ENAUSDT,15m,2025-01-01 23:15:00+00:00,2025-01-02 22:00:00+00:00,,0.9599,0.94523,1.02508,4.31221540558968,盈利保护退出,持仓第92根K，最低价1.0243触及当时已生效保护价1.02508；按追踪止损在1.02508退出，扣费后净+4.31R。,距V9 16根，较父V9独立模拟入场价+1.73%；初始风险1.53%（2.00个信号ATR），往返成本0.131R。 入场信号收盘在六均线上方，IMACD向上且增强，相对成交量0.58倍。 原账本最大浮盈8.07R；5分钟审计得到实际止损前浮盈范围8.07–8.07R（若上下界不同，触及止损的5分钟内先后未知）。 已收盘触及2R并激活追踪；退出时保护在入场价+4.44R，激活不保证保本。 退出下一根起48根内，最高回到原入场+7.33R，最低到+4.13R。,已比V9入场更贵，需评估确认收益能否覆盖追价代价；识别突破时本周期收盘已低于至少一条冻结投影线，需核查多周期确认时差；作为盈利对照保留：任何更早止盈/更严过滤都需计算会损失多少这类赢家,binance_um:ENAUSDT:15m:box_any:12440
T069,BTCUSDT,15m,2025-01-06 03:15:00+00:00,2025-01-07 11:30:00+00:00,,98929.9,98331.6,101192.8,3.451512953367974,盈利保护退出,持仓第130根K，最低价100565触及当时已生效保护价101193；按追踪止损在101193退出，扣费后净+3.45R。,距V9 4根，较父V9独立模拟入场价-0.07%；初始风险0.60%（2.00个信号ATR），往返成本0.331R。 入场信号收盘在六均线上方，IMACD向上且增强，相对成交量0.60倍。 原账本最大浮盈6.41R；5分钟审计得到实际止损前浮盈范围6.41–6.41R（若上下界不同，触及止损的5分钟内先后未知）。 已收盘触及2R并激活追踪；退出时保护在入场价+3.78R，激活不保证保本。 退出下一根起48根内，最高回到原入场+3.32R，最低到-4.64R。,作为盈利对照保留：任何更早止盈/更严过滤都需计算会损失多少这类赢家,binance_um:BTCUSDT:15m:box_any:12840
T070,1000PEPEUSDT,15m,2025-01-06 05:45:00+00:00,2025-01-06 07:00:00+00:00,,0.0210043,0.0207534999999999,0.0207534999999999,-1.1674984051036654,推进不足后止损,持仓第6根K，最低价0.0206438触及当时已生效保护价0.0207535；按初始止损在0.0207535退出，扣费后净-1.17R。,距V9 13根，较父V9独立模拟入场价+0.75%；初始风险1.19%（2.10个信号ATR），往返成本0.167R。 入场信号收盘在六均线上方，IMACD向上且增强，相对成交量1.79倍。 原账本最大浮盈0.25R；5分钟审计得到实际止损前浮盈范围0.25–0.25R（若上下界不同，触及止损的5分钟内先后未知）。 退出前最高收盘-0.26R，未收盘达到2R，原追踪未激活。 退出下一根起48根内，最高回到原入场+1.55R，最低到-2.39R。,已比V9入场更贵，需评估确认收益能否覆盖追价代价；退出后48根内曾回到+1R；属事后重启机会，不能证明放宽原止损会赚钱,binance_um:1000PEPEUSDT:15m:box_any:12850
T071,SOLUSDT,15m,2025-01-06 15:15:00+00:00,2025-01-07 03:00:00+00:00,,221.73,216.33,216.33,-1.082122222222222,推进不足后止损,持仓第48根K，最低价216.09触及当时已生效保护价216.33；按初始止损在216.33退出，扣费后净-1.08R。,距V9 5根，较父V9独立模拟入场价+1.43%；初始风险2.44%（3.92个信号ATR），往返成本0.082R。 入场信号收盘在六均线上方，IMACD向上且增强，相对成交量3.29倍。 原账本最大浮盈0.26R；5分钟审计得到实际止损前浮盈范围0.26–0.26R（若上下界不同，触及止损的5分钟内先后未知）。 退出前最高收盘0.17R，未收盘达到2R，原追踪未激活。 退出下一根起48根内，最高回到原入场-0.77R，最低到-2.62R。,已比V9入场更贵，需评估确认收益能否覆盖追价代价,binance_um:SOLUSDT:15m:box_any:12888
T072,BOMEUSDT,15m,2025-01-06 17:15:00+00:00,2025-01-07 02:45:00+00:00,,0.007022,0.0068937,0.0068937,-1.1094621979734978,推进不足后止损,持仓第39根K，最低价0.006856触及当时已生效保护价0.0068937；按初始止损在0.0068937退出，扣费后净-1.11R。,距V9 5根，较父V9独立模拟入场价-0.86%；初始风险1.83%（2.00个信号ATR），往返成本0.109R。 入场信号收盘在六均线上方，IMACD向上且增强，相对成交量1.17倍。 原账本最大浮盈0.32R；5分钟审计得到实际止损前浮盈范围0.32–0.32R（若上下界不同，触及止损的5分钟内先后未知）。 退出前最高收盘0.22R，未收盘达到2R，原追踪未激活。 退出下一根起48根内，最高回到原入场-0.76R，最低到-4.54R。,识别突破时本周期收盘已低于至少一条冻结投影线，需核查多周期确认时差,binance_um:BOMEUSDT:15m:box_any:12896
T073,ZENUSDT,15m,2025-01-07 09:00:00+00:00,2025-01-07 10:00:00+00:00,,29.237,28.744,28.744,-1.1186085192697743,推进不足后止损,持仓第5根K，最低价28.63触及当时已生效保护价28.744；按初始止损在28.744退出，扣费后净-1.12R。,距V9 9根，较父V9独立模拟入场价+1.92%；初始风险1.69%（1.99个信号ATR），往返成本0.119R。 入场信号收盘在六均线上方，IMACD向上且增强，相对成交量2.18倍。 原账本最大浮盈0.91R；5分钟审计得到实际止损前浮盈范围0.91–0.91R（若上下界不同，触及止损的5分钟内先后未知）。 退出前最高收盘0.71R，未收盘达到2R，原追踪未激活。 退出下一根起48根内，最高回到原入场-1.09R，最低到-11.26R。,已比V9入场更贵，需评估确认收益能否覆盖追价代价,binance_um:ZENUSDT:15m:box_any:12959
T074,ZECUSDT,15m,2025-01-11 20:45:00+00:00,2025-01-13 02:45:00+00:00,,48.1,47.2,47.2,-1.106888888888888,到过1R后回吐,持仓第121根K，最低价47.07触及当时已生效保护价47.2；按初始止损在47.2退出，扣费后净-1.11R。,距V9 0根，较父V9独立模拟入场价+0.00%；初始风险1.87%（3.85个信号ATR），往返成本0.107R。 入场信号收盘在六均线上方，IMACD向上且增强，相对成交量1.97倍。 原账本最大浮盈1.58R；5分钟审计得到实际止损前浮盈范围1.58–1.58R（若上下界不同，触及止损的5分钟内先后未知）。 退出前最高收盘1.41R，未收盘达到2R，原追踪未激活。 退出下一根起48根内，最高回到原入场-0.36R，最低到-4.71R。,当前事实不足以提出特定改法；先保留原规则作为对照。,binance_um:ZECUSDT:15m:box_any:13390
T075,ZENUSDT,15m,2025-01-11 21:30:00+00:00,2025-01-12 03:30:00+00:00,,24.449,23.466,23.466,-1.049743641912512,推进不足后止损,持仓第25根K，最低价23.432触及当时已生效保护价23.466；按初始止损在23.466退出，扣费后净-1.05R。,距V9 0根，较父V9独立模拟入场价+0.00%；初始风险4.02%（4.98个信号ATR），往返成本0.050R。 入场信号收盘在六均线上方，IMACD向上且增强，相对成交量3.41倍。 原账本最大浮盈0.50R；5分钟审计得到实际止损前浮盈范围0.50–0.50R（若上下界不同，触及止损的5分钟内先后未知）。 退出前最高收盘0.41R，未收盘达到2R，原追踪未激活。 退出下一根起48根内，最高回到原入场-0.64R，最低到-1.40R。,当前事实不足以提出特定改法；先保留原规则作为对照。,binance_um:ZENUSDT:15m:box_any:13393
T076,ARBUSDT,15m,2025-01-11 21:45:00+00:00,2025-01-12 06:45:00+00:00,,0.755,0.7334400000000001,0.7334400000000001,-1.0700371057513915,推进不足后止损,持仓第37根K，最低价0.732触及当时已生效保护价0.73344；按初始止损在0.73344退出，扣费后净-1.07R。,距V9 2根，较父V9独立模拟入场价+0.23%；初始风险2.86%（4.51个信号ATR），往返成本0.070R。 入场信号收盘在六均线上方，IMACD未同时满足向上和增强，相对成交量1.48倍。 原账本最大浮盈0.26R；5分钟审计得到实际止损前浮盈范围0.26–0.26R（若上下界不同，触及止损的5分钟内先后未知）。 退出前最高收盘0.13R，未收盘达到2R，原追踪未激活。 退出下一根起48根内，最高回到原入场-0.15R，最低到-1.54R。,已比V9入场更贵，需评估确认收益能否覆盖追价代价；突破当时支撑或动能不完整，但此前单加六均线门未改善全池，不能直接套门,binance_um:ARBUSDT:15m:box_any:13394
T077,ETHUSDT,15m,2025-01-13 00:45:00+00:00,2025-01-13 02:30:00+00:00,,3318.13,3246.3,3246.3,-1.0923884170959195,推进不足后止损,持仓第8根K，最低价3241.11触及当时已生效保护价3246.3；按初始止损在3246.3退出，扣费后净-1.09R。,距V9 1根，较父V9独立模拟入场价+0.47%；初始风险2.16%（4.71个信号ATR），往返成本0.092R。 入场信号收盘在六均线上方，IMACD未同时满足向上和增强，相对成交量14.13倍。 原账本最大浮盈0.04R；5分钟审计得到实际止损前浮盈范围0.04–0.04R（若上下界不同，触及止损的5分钟内先后未知）。 退出前最高收盘-0.15R，未收盘达到2R，原追踪未激活。 退出下一根起48根内，最高回到原入场-0.73R，最低到-5.82R。,已比V9入场更贵，需评估确认收益能否覆盖追价代价；突破当时支撑或动能不完整，但此前单加六均线门未改善全池，不能直接套门,binance_um:ETHUSDT:15m:box_any:13502
T078,WIFUSDT,15m,2025-01-13 00:45:00+00:00,2025-01-13 01:45:00+00:00,,1.5801,1.5351,1.5351,-1.070226666666667,推进不足后止损,持仓第5根K，最低价1.531触及当时已生效保护价1.5351；按初始止损在1.5351退出，扣费后净-1.07R。,距V9 0根，较父V9独立模拟入场价+0.00%；初始风险2.85%（3.39个信号ATR），往返成本0.070R。 入场信号收盘在六均线上方，IMACD向上且增强，相对成交量5.94倍。 原账本最大浮盈0.07R；5分钟审计得到实际止损前浮盈范围0.07–0.07R（若上下界不同，触及止损的5分钟内先后未知）。 退出前最高收盘-0.12R，未收盘达到2R，原追踪未激活。 退出下一根起48根内，最高回到原入场-0.93R，最低到-3.66R。,当前事实不足以提出特定改法；先保留原规则作为对照。,binance_um:WIFUSDT:15m:box_any:13502
T079,FILUSDT,15m,2025-01-13 01:00:00+00:00,2025-01-13 02:30:00+00:00,,5.18,5.0654,5.0654,-1.0904013961605583,推进不足后止损,持仓第7根K，最低价5.038触及当时已生效保护价5.0654；按初始止损在5.0654退出，扣费后净-1.09R。,距V9 0根，较父V9独立模拟入场价+0.00%；初始风险2.21%（3.50个信号ATR），往返成本0.090R。 入场信号收盘在六均线上方，IMACD向上且增强，相对成交量3.05倍。 原账本最大浮盈0.18R；5分钟审计得到实际止损前浮盈范围0.18–0.18R（若上下界不同，触及止损的5分钟内先后未知）。 退出前最高收盘-0.14R，未收盘达到2R，原追踪未激活。 退出下一根起48根内，最高回到原入场-0.86R，最低到-5.06R。,当前事实不足以提出特定改法；先保留原规则作为对照。,binance_um:FILUSDT:15m:box_any:13503
T080,NEARUSDT,15m,2025-01-22 17:15:00+00:00,2025-01-22 23:00:00+00:00,,5.235,5.091,5.091,-1.072708333333332,推进不足后止损,持仓第24根K，最低价5.065触及当时已生效保护价5.091；按初始止损在5.091退出，扣费后净-1.07R。,距V9 0根，较父V9独立模拟入场价+0.00%；初始风险2.75%（3.33个信号ATR），往返成本0.073R。 入场信号收盘在六均线上方，IMACD向上且增强，相对成交量1.30倍。 原账本最大浮盈0.27R；5分钟审计得到实际止损前浮盈范围0.27–0.27R（若上下界不同，触及止损的5分钟内先后未知）。 退出前最高收盘0.12R，未收盘达到2R，原追踪未激活。 退出下一根起48根内，最高回到原入场-0.83R，最低到-2.37R。,当前事实不足以提出特定改法；先保留原规则作为对照。,binance_um:NEARUSDT:15m:box_any:14432
T081,ARUSDT,15m,2025-01-23 15:00:00+00:00,2025-01-23 18:15:00+00:00,,15.362,14.912,14.912,-1.0682755555555543,推进不足后止损,持仓第14根K，最低价14.883触及当时已生效保护价14.912；按初始止损在14.912退出，扣费后净-1.07R。,距V9 0根，较父V9独立模拟入场价+0.00%；初始风险2.93%（3.06个信号ATR），往返成本0.068R。 入场信号收盘在六均线上方，IMACD向上且增强，相对成交量4.94倍。 原账本最大浮盈0.22R；5分钟审计得到实际止损前浮盈范围0.22–0.22R（若上下界不同，触及止损的5分钟内先后未知）。 退出前最高收盘0.02R，未收盘达到2R，原追踪未激活。 退出下一根起48根内，最高回到原入场-0.25R，最低到-2.11R。,当前事实不足以提出特定改法；先保留原规则作为对照。,binance_um:ARUSDT:15m:box_any:14519
T082,OPUSDT,15m,2025-01-23 15:00:00+00:00,2025-01-23 15:15:00+00:00,,1.7178,1.6776700000000002,1.6776700000000002,-1.085611761774233,前三根止损,持仓第2根K，最低价1.6773触及当时已生效保护价1.67767；按初始止损在1.67767退出，扣费后净-1.09R。,距V9 0根，较父V9独立模拟入场价+0.00%；初始风险2.34%（2.84个信号ATR），往返成本0.086R。 入场信号收盘在六均线上方，IMACD向上且增强，相对成交量3.68倍。 原账本最大浮盈0.17R；5分钟审计得到实际止损前浮盈范围0.17–0.17R（若上下界不同，触及止损的5分钟内先后未知）。 退出前最高收盘-0.51R，未收盘达到2R，原追踪未激活。 退出下一根起48根内，最高回到原入场+0.53R，最低到-1.58R。,当前事实不足以提出特定改法；先保留原规则作为对照。,binance_um:OPUSDT:15m:box_any:14519
T083,OPUSDT,15m,2025-01-24 05:15:00+00:00,2025-01-25 00:30:00+00:00,,1.757,1.6904100000000002,1.6904100000000002,-1.0527706862892316,推进不足后止损,持仓第78根K，最低价1.6832触及当时已生效保护价1.69041；按初始止损在1.69041退出，扣费后净-1.05R。,距V9 0根，较父V9独立模拟入场价+0.00%；初始风险3.79%（3.61个信号ATR），往返成本0.053R。 入场信号收盘在六均线上方，IMACD向上且增强，相对成交量2.34倍。 原账本最大浮盈0.87R；5分钟审计得到实际止损前浮盈范围0.87–0.87R（若上下界不同，触及止损的5分钟内先后未知）。 退出前最高收盘0.81R，未收盘达到2R，原追踪未激活。 退出下一根起48根内，最高回到原入场-0.63R，最低到-1.79R。,当前事实不足以提出特定改法；先保留原规则作为对照。,binance_um:OPUSDT:15m:box_any:14576
T084,WIFUSDT,15m,2025-01-24 05:30:00+00:00,2025-01-24 20:30:00+00:00,,1.4395,1.3691,1.3691,-1.040894886363636,推进不足后止损,持仓第61根K，最低价1.368触及当时已生效保护价1.3691；按初始止损在1.3691退出，扣费后净-1.04R。,距V9 1根，较父V9独立模拟入场价+0.74%；初始风险4.89%（3.77个信号ATR），往返成本0.041R。 入场信号收盘在六均线上方，IMACD未同时满足向上和增强，相对成交量1.39倍。 原账本最大浮盈0.53R；5分钟审计得到实际止损前浮盈范围0.53–0.53R（若上下界不同，触及止损的5分钟内先后未知）。 退出前最高收盘0.45R，未收盘达到2R，原追踪未激活。 退出下一根起48根内，最高回到原入场-0.92R，最低到-3.05R。,已比V9入场更贵，需评估确认收益能否覆盖追价代价；突破当时支撑或动能不完整，但此前单加六均线门未改善全池，不能直接套门,binance_um:WIFUSDT:15m:box_any:14577
T085,APTUSDT,15m,2025-01-24 08:45:00+00:00,2025-01-24 21:00:00+00:00,,8.4965,8.2612,8.2612,-1.072218444538886,推进不足后止损,持仓第50根K，最低价8.2552触及当时已生效保护价8.2612；按初始止损在8.2612退出，扣费后净-1.07R。,距V9 0根，较父V9独立模拟入场价+0.00%；初始风险2.77%（3.12个信号ATR），往返成本0.072R。 入场信号收盘在六均线上方，IMACD向上且增强，相对成交量4.99倍。 原账本最大浮盈0.34R；5分钟审计得到实际止损前浮盈范围0.34–0.34R（若上下界不同，触及止损的5分钟内先后未知）。 退出前最高收盘0.29R，未收盘达到2R，原追踪未激活。 退出下一根起48根内，最高回到原入场-0.64R，最低到-1.95R。,当前事实不足以提出特定改法；先保留原规则作为对照。,binance_um:APTUSDT:15m:box_any:14590
T086,FILUSDT,15m,2025-01-24 11:15:00+00:00,2025-01-24 15:30:00+00:00,,5.153,5.0891,5.0891,-1.1612832550860706,推进不足后止损,持仓第18根K，最低价5.088触及当时已生效保护价5.0891；按初始止损在5.0891退出，扣费后净-1.16R。,距V9 20根，较父V9独立模拟入场价+0.45%；初始风险1.24%（2.03个信号ATR），往返成本0.161R。 入场信号收盘在六均线上方，IMACD向上且增强，相对成交量1.77倍。 原账本最大浮盈0.75R；5分钟审计得到实际止损前浮盈范围0.75–0.75R（若上下界不同，触及止损的5分钟内先后未知）。 退出前最高收盘0.67R，未收盘达到2R，原追踪未激活。 退出下一根起48根内，最高回到原入场+0.17R，最低到-3.60R。,已比V9入场更贵，需评估确认收益能否覆盖追价代价,binance_um:FILUSDT:15m:box_any:14600
T087,ARUSDT,15m,2025-01-24 14:45:00+00:00,2025-01-24 15:15:00+00:00,,15.135,14.921,14.921,-1.1414485981308402,前三根止损,持仓第3根K，最低价14.836触及当时已生效保护价14.921；按初始止损在14.921退出，扣费后净-1.14R。,距V9 37根，较父V9独立模拟入场价+0.65%；初始风险1.41%（1.98个信号ATR），往返成本0.141R。 入场信号收盘在六均线上方，IMACD未同时满足向上和增强，相对成交量4.99倍。 原账本最大浮盈0.10R；5分钟审计得到实际止损前浮盈范围0.10–0.10R（若上下界不同，触及止损的5分钟内先后未知）。 退出前最高收盘-0.59R，未收盘达到2R，原追踪未激活。 退出下一根起48根内，最高回到原入场-0.71R，最低到-5.29R。,已比V9入场更贵，需评估确认收益能否覆盖追价代价；突破当时支撑或动能不完整，但此前单加六均线门未改善全池，不能直接套门,binance_um:ARUSDT:15m:box_any:14614
T088,JUPUSDT,15m,2025-01-30 04:15:00+00:00,2025-01-30 06:00:00+00:00,,1.1429,1.1133,1.1133,-1.0772229729729734,推进不足后止损,持仓第8根K，最低价1.1126触及当时已生效保护价1.1133；按初始止损在1.1133退出，扣费后净-1.08R。,距V9 6根，较父V9独立模拟入场价+0.65%；初始风险2.59%（2.01个信号ATR），往返成本0.077R。 入场信号收盘在六均线上方，IMACD向上且增强，相对成交量0.87倍。 原账本最大浮盈0.46R；5分钟审计得到实际止损前浮盈范围0.46–0.46R（若上下界不同，触及止损的5分钟内先后未知）。 退出前最高收盘0.30R，未收盘达到2R，原追踪未激活。 退出下一根起48根内，最高回到原入场-0.54R，最低到-2.21R。,已比V9入场更贵，需评估确认收益能否覆盖追价代价,binance_um:JUPUSDT:15m:box_any:15148
T089,ZENUSDT,15m,2025-01-30 09:45:00+00:00,2025-01-30 23:45:00+00:00,,19.172,18.606,19.303,0.1637031802120162,盈利保护退出,持仓第57根K，最低价19.303触及当时已生效保护价19.303；按追踪止损在19.303退出，扣费后净+0.16R。,距V9 0根，较父V9独立模拟入场价+0.00%；初始风险2.95%（3.38个信号ATR），往返成本0.068R。 入场信号收盘在六均线上方，IMACD向上且增强，相对成交量3.56倍。 原账本最大浮盈2.29R；5分钟审计得到实际止损前浮盈范围2.29–2.29R（若上下界不同，触及止损的5分钟内先后未知）。 已收盘触及2R并激活追踪；退出时保护在入场价+0.23R，激活不保证保本。 退出下一根起48根内，最高回到原入场+0.95R，最低到-0.89R。,作为盈利对照保留：任何更早止盈/更严过滤都需计算会损失多少这类赢家,binance_um:ZENUSDT:15m:box_any:15170
T090,BTCUSDT,15m,2025-02-06 09:30:00+00:00,2025-02-06 14:30:00+00:00,,98428.3,97824.0,97824.0,-1.3257597219923858,到过1R后回吐,持仓第21根K，最低价97712.7触及当时已生效保护价97824；按初始止损在97824退出，扣费后净-1.33R。,距V9 1根，较父V9独立模拟入场价-0.18%；初始风险0.61%（2.16个信号ATR），往返成本0.326R。 入场信号收盘在六均线上方，IMACD向上且增强，相对成交量2.08倍。 原账本最大浮盈1.10R；5分钟审计得到实际止损前浮盈范围1.10–1.10R（若上下界不同，触及止损的5分钟内先后未知）。 退出前最高收盘0.91R，未收盘达到2R，原追踪未激活。 退出下一根起48根内，最高回到原入场-0.12R，最低到-4.66R。,当前事实不足以提出特定改法；先保留原规则作为对照。,binance_um:BTCUSDT:15m:box_any:15841
T091,ONEUSDT,15m,2025-02-08 18:00:00+00:00,2025-02-09 13:45:00+00:00,,0.01414,0.013824,0.0145373999999999,1.1681012658227763,盈利保护退出,持仓第80根K，最低价0.01445触及当时已生效保护价0.0145374；按追踪止损在0.0145374退出，扣费后净+1.17R。,距V9 5根，较父V9独立模拟入场价+1.73%；初始风险2.23%（2.44个信号ATR），往返成本0.089R。 入场信号收盘在六均线上方，IMACD向上且增强，相对成交量0.65倍。 原账本最大浮盈2.94R；5分钟审计得到实际止损前浮盈范围2.94–2.94R（若上下界不同，触及止损的5分钟内先后未知）。 已收盘触及2R并激活追踪；退出时保护在入场价+1.26R，激活不保证保本。 退出下一根起48根内，最高回到原入场+2.31R，最低到-1.46R。,已比V9入场更贵，需评估确认收益能否覆盖追价代价；作为盈利对照保留：任何更早止盈/更严过滤都需计算会损失多少这类赢家,binance_um:ONEUSDT:15m:box_any:16067
T092,SOLUSDT,15m,2025-02-09 03:00:00+00:00,2025-02-09 09:00:00+00:00,,201.42,199.39,202.16,0.1660886699507356,盈利保护退出,持仓第25根K，最低价201.7触及当时已生效保护价202.16；按追踪止损在202.16退出，扣费后净+0.17R。,距V9 66根，较父V9独立模拟入场价+3.60%；初始风险1.01%（2.01个信号ATR），往返成本0.198R。 入场信号收盘在六均线上方，IMACD向上且增强，相对成交量0.72倍。 原账本最大浮盈2.88R；5分钟审计得到实际止损前浮盈范围2.88–2.88R（若上下界不同，触及止损的5分钟内先后未知）。 已收盘触及2R并激活追踪；退出时保护在入场价+0.36R，激活不保证保本。 退出下一根起48根内，最高回到原入场+0.64R，最低到-2.52R。,等待超过48根，需检验突破时原启动结构是否已失效；已比V9入场更贵，需评估确认收益能否覆盖追价代价；作为盈利对照保留：任何更早止盈/更严过滤都需计算会损失多少这类赢家,binance_um:SOLUSDT:15m:box_any:16103
T093,NEARUSDT,15m,2025-02-09 03:45:00+00:00,2025-02-09 12:30:00+00:00,,3.364,3.29,3.29,-1.09091891891892,到过1R后回吐,持仓第36根K，最低价3.29触及当时已生效保护价3.29；按初始止损在3.29退出，扣费后净-1.09R。,距V9 19根，较父V9独立模拟入场价+1.60%；初始风险2.20%（2.96个信号ATR），往返成本0.091R。 入场信号收盘在六均线上方，IMACD向上且增强，相对成交量2.60倍。 原账本最大浮盈1.49R；5分钟审计得到实际止损前浮盈范围1.49–1.49R（若上下界不同，触及止损的5分钟内先后未知）。 退出前最高收盘1.31R，未收盘达到2R，原追踪未激活。 退出下一根起48根内，最高回到原入场-0.72R，最低到-4.50R。,已比V9入场更贵，需评估确认收益能否覆盖追价代价,binance_um:NEARUSDT:15m:box_any:16106
T094,JUPUSDT,15m,2025-02-10 14:15:00+00:00,2025-02-10 22:45:00+00:00,,0.849,0.8307,0.8307,-1.0927868852459035,推进不足后止损,持仓第35根K，最低价0.8302触及当时已生效保护价0.8307；按初始止损在0.8307退出，扣费后净-1.09R。,距V9 1根，较父V9独立模拟入场价-1.13%；初始风险2.16%（2.22个信号ATR），往返成本0.093R。 入场信号收盘在六均线上方，IMACD向上且增强，相对成交量3.20倍。 原账本最大浮盈0.66R；5分钟审计得到实际止损前浮盈范围0.66–0.66R（若上下界不同，触及止损的5分钟内先后未知）。 退出前最高收盘0.31R，未收盘达到2R，原追踪未激活。 退出下一根起48根内，最高回到原入场+1.44R，最低到-1.14R。,退出后48根内曾回到+1R；属事后重启机会，不能证明放宽原止损会赚钱,binance_um:JUPUSDT:15m:box_any:16244
T095,UNIUSDT,15m,2025-02-10 14:15:00+00:00,2025-02-11 13:30:00+00:00,,9.257,9.079,9.729,2.5476741573033905,盈利保护退出,持仓第94根K，最低价9.685触及当时已生效保护价9.729；按追踪止损在9.729退出，扣费后净+2.55R。,距V9 0根，较父V9独立模拟入场价+0.00%；初始风险1.92%（2.52个信号ATR），往返成本0.104R。 入场信号收盘在六均线上方，IMACD向上且增强，相对成交量1.97倍。 原账本最大浮盈4.40R；5分钟审计得到实际止损前浮盈范围4.40–4.40R（若上下界不同，触及止损的5分钟内先后未知）。 已收盘触及2R并激活追踪；退出时保护在入场价+2.65R，激活不保证保本。 退出下一根起48根内，最高回到原入场+3.25R，最低到-0.13R。,作为盈利对照保留：任何更早止盈/更严过滤都需计算会损失多少这类赢家,binance_um:UNIUSDT:15m:box_any:16244
T096,AAVEUSDT,15m,2025-02-10 17:45:00+00:00,2025-02-11 17:00:00+00:00,,252.41,247.15,247.15,-1.0959733840304204,到过1R后回吐,持仓第94根K，最低价246.42触及当时已生效保护价247.15；按初始止损在247.15退出，扣费后净-1.10R。,距V9 37根，较父V9独立模拟入场价+0.49%；初始风险2.08%（2.00个信号ATR），往返成本0.096R。 入场信号收盘在六均线上方，IMACD向上且增强，相对成交量0.81倍。 原账本最大浮盈1.92R；5分钟审计得到实际止损前浮盈范围1.92–1.92R（若上下界不同，触及止损的5分钟内先后未知）。 退出前最高收盘1.64R，未收盘达到2R，原追踪未激活。 退出下一根起48根内，最高回到原入场-0.63R，最低到-2.61R。,已比V9入场更贵，需评估确认收益能否覆盖追价代价,binance_um:AAVEUSDT:15m:box_any:16258
T097,BOMEUSDT,15m,2025-02-11 01:45:00+00:00,2025-02-11 02:15:00+00:00,,0.002149,0.0021068,0.0021068,-1.1018483412322302,前三根止损,持仓第3根K，最低价0.002101触及当时已生效保护价0.0021068；按初始止损在0.0021068退出，扣费后净-1.10R。,距V9 51根，较父V9独立模拟入场价+2.77%；初始风险1.96%（2.03个信号ATR），往返成本0.102R。 入场信号收盘在六均线上方，IMACD向上且增强，相对成交量2.50倍。 原账本最大浮盈0.07R；5分钟审计得到实际止损前浮盈范围0.07–0.07R（若上下界不同，触及止损的5分钟内先后未知）。 退出前最高收盘-0.36R，未收盘达到2R，原追踪未激活。 退出下一根起48根内，最高回到原入场+1.35R，最低到-2.87R。,等待超过48根，需检验突破时原启动结构是否已失效；已比V9入场更贵，需评估确认收益能否覆盖追价代价；退出后48根内曾回到+1R；属事后重启机会，不能证明放宽原止损会赚钱,binance_um:BOMEUSDT:15m:box_any:16290
T098,AEROUSDT,15m,2025-02-11 07:45:00+00:00,2025-02-11 10:15:00+00:00,,0.8551,0.8411000000000001,0.8411000000000001,-1.1221571428571429,推进不足后止损,持仓第11根K，最低价0.838触及当时已生效保护价0.8411；按初始止损在0.8411退出，扣费后净-1.12R。,距V9 9根，较父V9独立模拟入场价+1.94%；初始风险1.64%（2.15个信号ATR），往返成本0.122R。 入场信号收盘在六均线上方，IMACD向上且增强，相对成交量0.76倍。 原账本最大浮盈0.21R；5分钟审计得到实际止损前浮盈范围0.21–0.21R（若上下界不同，触及止损的5分钟内先后未知）。 退出前最高收盘0.06R，未收盘达到2R，原追踪未激活。 退出下一根起48根内，最高回到原入场+0.29R，最低到-5.82R。,已比V9入场更贵，需评估确认收益能否覆盖追价代价,binance_um:AEROUSDT:15m:box_any:6597
T099,ARUSDT,15m,2025-02-12 17:15:00+00:00,2025-02-13 07:45:00+00:00,,9.416,8.839,9.083,-0.6097608318890818,反向确认亏损退出,上一根出现原始反向信号，下一根开盘9.083退出；这笔不是价格触及止损退出，扣费后净-0.61R。,距V9 0根，较父V9独立模拟入场价+0.00%；初始风险6.13%（3.62个信号ATR），往返成本0.033R。 入场信号收盘在六均线上方，IMACD向上且增强，相对成交量1.80倍。 截至退出前/数据末端，原账本最大浮盈0.46R。 退出前最高收盘0.41R，未收盘达到2R，原追踪未激活。 退出下一根起48根内，最高回到原入场-0.43R，最低到-1.18R。,当前事实不足以提出特定改法；先保留原规则作为对照。,binance_um:ARUSDT:15m:box_any:16448
T100,ARBUSDT,15m,2025-02-17 11:15:00+00:00,2025-02-17 15:45:00+00:00,,0.4907,0.48213,0.49319,0.1760326721120146,盈利保护退出,持仓第19根K，最低价0.4931触及当时已生效保护价0.49319；按追踪止损在0.49319退出，扣费后净+0.18R。,距V9 4根，较父V9独立模拟入场价-0.85%；初始风险1.75%（2.00个信号ATR），往返成本0.115R。 入场信号收盘在六均线上方，IMACD向上且增强，相对成交量0.87倍。 原账本最大浮盈2.77R；5分钟审计得到实际止损前浮盈范围2.77–2.77R（若上下界不同，触及止损的5分钟内先后未知）。 已收盘触及2R并激活追踪；退出时保护在入场价+0.29R，激活不保证保本。 退出下一根起48根内，最高回到原入场+1.23R，最低到-1.81R。,作为盈利对照保留：任何更早止盈/更严过滤都需计算会损失多少这类赢家,binance_um:ARBUSDT:15m:box_any:16904
T101,AEROUSDT,15m,2025-02-17 12:45:00+00:00,2025-02-17 15:45:00+00:00,,0.8353,0.8234,0.8234,-1.1403865546218517,到过1R后回吐,持仓第13根K，最低价0.8229触及当时已生效保护价0.8234；按初始止损在0.8234退出，扣费后净-1.14R。,距V9 9根，较父V9独立模拟入场价+0.76%；初始风险1.42%（2.38个信号ATR），往返成本0.140R。 入场信号收盘在六均线上方，IMACD向上且增强，相对成交量0.54倍。 原账本最大浮盈1.87R；5分钟审计得到实际止损前浮盈范围1.87–1.87R（若上下界不同，触及止损的5分钟内先后未知）。 退出前最高收盘1.39R，未收盘达到2R，原追踪未激活。 退出下一根起48根内，最高回到原入场-0.14R，最低到-3.46R。,已比V9入场更贵，需评估确认收益能否覆盖追价代价,binance_um:AEROUSDT:15m:box_any:7193
T102,FILUSDT,15m,2025-02-17 14:30:00+00:00,2025-02-17 15:45:00+00:00,,3.489,3.4158,3.4158,-1.0953278688524608,推进不足后止损,持仓第6根K，最低价3.387触及当时已生效保护价3.4158；按初始止损在3.4158退出，扣费后净-1.10R。,距V9 1根，较父V9独立模拟入场价-0.26%；初始风险2.10%（2.86个信号ATR），往返成本0.095R。 入场信号收盘在六均线上方，IMACD向上且增强，相对成交量3.45倍。 原账本最大浮盈0.30R；5分钟审计得到实际止损前浮盈范围0.30–0.30R（若上下界不同，触及止损的5分钟内先后未知）。 退出前最高收盘0.07R，未收盘达到2R，原追踪未激活。 退出下一根起48根内，最高回到原入场-0.38R，最低到-2.46R。,当前事实不足以提出特定改法；先保留原规则作为对照。,binance_um:FILUSDT:15m:box_any:16917
T103,NEARUSDT,15m,2025-02-20 17:30:00+00:00,2025-02-21 15:30:00+00:00,,3.378,3.307,3.506,1.707661971830981,盈利保护退出,持仓第89根K，最低价3.451触及当时已生效保护价3.506；按追踪止损在3.506退出，扣费后净+1.71R。,距V9 27根，较父V9独立模拟入场价+3.97%；初始风险2.10%（2.41个信号ATR），往返成本0.095R。 入场信号收盘在六均线上方，IMACD向上且增强，相对成交量1.04倍。 原账本最大浮盈3.58R；5分钟审计得到实际止损前浮盈范围3.58–3.58R（若上下界不同，触及止损的5分钟内先后未知）。 已收盘触及2R并激活追踪；退出时保护在入场价+1.80R，激活不保证保本。 退出下一根起48根内，最高回到原入场+2.49R，最低到-2.27R。,已比V9入场更贵，需评估确认收益能否覆盖追价代价；作为盈利对照保留：任何更早止盈/更严过滤都需计算会损失多少这类赢家,binance_um:NEARUSDT:15m:box_any:17217
T104,BOMEUSDT,15m,2025-02-21 08:15:00+00:00,2025-02-21 15:30:00+00:00,,0.002045,0.002015,0.0020827,1.1203333333333323,盈利保护退出,持仓第30根K，最低价0.002027触及当时已生效保护价0.0020827；按追踪止损在0.0020827退出，扣费后净+1.12R。,距V9 14根，较父V9独立模拟入场价+0.69%；初始风险1.47%（2.03个信号ATR），往返成本0.136R。 入场信号收盘在六均线上方，IMACD向上且增强，相对成交量1.55倍。 原账本最大浮盈4.17R；5分钟审计得到实际止损前浮盈范围4.17–4.17R（若上下界不同，触及止损的5分钟内先后未知）。 已收盘触及2R并激活追踪；退出时保护在入场价+1.26R，激活不保证保本。 退出下一根起48根内，最高回到原入场+2.63R，最低到-3.17R。,已比V9入场更贵，需评估确认收益能否覆盖追价代价；作为盈利对照保留：任何更早止盈/更严过滤都需计算会损失多少这类赢家,binance_um:BOMEUSDT:15m:box_any:17276
T105,ONEUSDT,15m,2025-03-07 15:15:00+00:00,2025-03-07 16:15:00+00:00,,0.0136,0.0132699,0.0132699,-1.082399272947594,推进不足后止损,持仓第5根K，最低价0.01321触及当时已生效保护价0.0132699；按初始止损在0.0132699退出，扣费后净-1.08R。,距V9 1根，较父V9独立模拟入场价-0.15%；初始风险2.43%（2.19个信号ATR），往返成本0.082R。 入场信号收盘在六均线上方，IMACD向上且增强，相对成交量3.82倍。 原账本最大浮盈0.00R；5分钟审计得到实际止损前浮盈范围0.00–0.00R（若上下界不同，触及止损的5分钟内先后未知）。 退出前最高收盘-0.27R，未收盘达到2R，原追踪未激活。 退出下一根起48根内，最高回到原入场+0.51R，最低到-2.97R。,当前事实不足以提出特定改法；先保留原规则作为对照。,binance_um:ONEUSDT:15m:box_any:18648
T106,UNIUSDT,15m,2025-03-08 18:45:00+00:00,2025-03-09 02:45:00+00:00,,7.13,7.046,7.046,-1.1697619047619014,到过1R后回吐,持仓第33根K，最低价7.011触及当时已生效保护价7.046；按初始止损在7.046退出，扣费后净-1.17R。,距V9 2根，较父V9独立模拟入场价+0.31%；初始风险1.18%（2.00个信号ATR），往返成本0.170R。 入场信号收盘在六均线上方，IMACD向上且增强，相对成交量0.87倍。 原账本最大浮盈1.15R；5分钟审计得到实际止损前浮盈范围1.15–1.15R（若上下界不同，触及止损的5分钟内先后未知）。 退出前最高收盘0.94R，未收盘达到2R，原追踪未激活。 退出下一根起48根内，最高回到原入场-0.14R，最低到-5.02R。,已比V9入场更贵，需评估确认收益能否覆盖追价代价,binance_um:UNIUSDT:15m:box_any:18758
T107,AEROUSDT,15m,2025-03-09 05:30:00+00:00,2025-03-09 10:30:00+00:00,,0.6138,0.5979,0.5979,-1.077207547169813,推进不足后止损,持仓第21根K，最低价0.5958触及当时已生效保护价0.5979；按初始止损在0.5979退出，扣费后净-1.08R。,距V9 65根，较父V9独立模拟入场价+2.75%；初始风险2.59%（4.21个信号ATR），往返成本0.077R。 入场信号收盘在六均线上方，IMACD向上且增强，相对成交量1.65倍。 原账本最大浮盈0.01R；5分钟审计得到实际止损前浮盈范围0.01–0.01R（若上下界不同，触及止损的5分钟内先后未知）。 退出前最高收盘-0.09R，未收盘达到2R，原追踪未激活。 退出下一根起48根内，最高回到原入场-1.03R，最低到-4.01R。,等待超过48根，需检验突破时原启动结构是否已失效；已比V9入场更贵，需评估确认收益能否覆盖追价代价,binance_um:AEROUSDT:15m:box_any:9084
T108,ARUSDT,15m,2025-03-13 09:30:00+00:00,2025-03-13 16:00:00+00:00,,6.07,5.922,5.922,-1.0820270270270276,推进不足后止损,持仓第27根K，最低价5.917触及当时已生效保护价5.922；按初始止损在5.922退出，扣费后净-1.08R。,距V9 0根，较父V9独立模拟入场价+0.00%；初始风险2.44%（3.16个信号ATR），往返成本0.082R。 入场信号收盘在六均线上方，IMACD向上且增强，相对成交量1.61倍。 原账本最大浮盈0.66R；5分钟审计得到实际止损前浮盈范围0.66–0.66R（若上下界不同，触及止损的5分钟内先后未知）。 退出前最高收盘0.37R，未收盘达到2R，原追踪未激活。 退出下一根起48根内，最高回到原入场+0.68R，最低到-1.94R。,当前事实不足以提出特定改法；先保留原规则作为对照。,binance_um:ARUSDT:15m:box_any:19201
T109,ARUSDT,15m,2025-03-14 03:15:00+00:00,2025-03-15 02:00:00+00:00,,6.13,6.042,6.396,2.883409090909094,盈利保护退出,持仓第92根K，最低价6.386触及当时已生效保护价6.396；按追踪止损在6.396退出，扣费后净+2.88R。,距V9 4根，较父V9独立模拟入场价-0.08%；初始风险1.44%（2.02个信号ATR），往返成本0.139R。 入场信号收盘在六均线上方，IMACD向上且增强，相对成交量0.85倍。 原账本最大浮盈9.52R；5分钟审计得到实际止损前浮盈范围9.52–9.52R（若上下界不同，触及止损的5分钟内先后未知）。 已收盘触及2R并激活追踪；退出时保护在入场价+3.02R，激活不保证保本。 退出下一根起48根内，最高回到原入场+5.39R，最低到+2.50R。,作为盈利对照保留：任何更早止盈/更严过滤都需计算会损失多少这类赢家,binance_um:ARUSDT:15m:box_any:19272
T110,WIFUSDT,15m,2025-03-14 06:45:00+00:00,2025-03-15 08:15:00+00:00,,0.4904,0.4804,0.499,0.7619200000000003,盈利保护退出,持仓第103根K，最低价0.4975触及当时已生效保护价0.499；按追踪止损在0.499退出，扣费后净+0.76R。,距V9 134根，较父V9独立模拟入场价+4.34%；初始风险2.04%（2.02个信号ATR），往返成本0.098R。 入场信号收盘在六均线上方，IMACD向上且增强，相对成交量1.17倍。 原账本最大浮盈3.79R；5分钟审计得到实际止损前浮盈范围3.79–3.79R（若上下界不同，触及止损的5分钟内先后未知）。 已收盘触及2R并激活追踪；退出时保护在入场价+0.86R，激活不保证保本。 退出下一根起48根内，最高回到原入场+1.69R，最低到+0.18R。,等待超过48根，需检验突破时原启动结构是否已失效；已比V9入场更贵，需评估确认收益能否覆盖追价代价；作为盈利对照保留：任何更早止盈/更严过滤都需计算会损失多少这类赢家,binance_um:WIFUSDT:15m:box_any:19286
T111,API3USDT,15m,2025-03-14 08:30:00+00:00,2025-03-16 01:00:00+00:00,,0.5852,0.5738,0.6088,1.96750877192981,盈利保护退出,持仓第163根K，最低价0.6049触及当时已生效保护价0.6088；按追踪止损在0.6088退出，扣费后净+1.97R。,距V9 1根，较父V9独立模拟入场价+0.50%；初始风险1.95%（3.33个信号ATR），往返成本0.103R。 入场信号收盘在六均线上方，IMACD向上且增强，相对成交量2.29倍。 原账本最大浮盈3.46R；5分钟审计得到实际止损前浮盈范围3.46–3.46R（若上下界不同，触及止损的5分钟内先后未知）。 已收盘触及2R并激活追踪；退出时保护在入场价+2.07R，激活不保证保本。 退出下一根起48根内，最高回到原入场+3.06R，最低到+0.26R。,已比V9入场更贵，需评估确认收益能否覆盖追价代价；作为盈利对照保留：任何更早止盈/更严过滤都需计算会损失多少这类赢家,binance_um:API3USDT:15m:box_any:19293
T112,ONEUSDT,15m,2025-03-14 08:30:00+00:00,2025-03-14 23:45:00+00:00,,0.01113,0.0109474999999999,0.0112050999999999,0.2895342465753406,盈利保护退出,持仓第62根K，最低价0.01118触及当时已生效保护价0.0112051；按追踪止损在0.0112051退出，扣费后净+0.29R。,距V9 17根，较父V9独立模拟入场价+0.63%；初始风险1.64%（2.94个信号ATR），往返成本0.122R。 入场信号收盘在六均线上方，IMACD向上且增强，相对成交量2.82倍。 原账本最大浮盈2.41R；5分钟审计得到实际止损前浮盈范围2.41–2.41R（若上下界不同，触及止损的5分钟内先后未知）。 已收盘触及2R并激活追踪；退出时保护在入场价+0.41R，激活不保证保本。 退出下一根起48根内，最高回到原入场+1.42R，最低到-0.22R。,已比V9入场更贵，需评估确认收益能否覆盖追价代价；作为盈利对照保留：任何更早止盈/更严过滤都需计算会损失多少这类赢家,binance_um:ONEUSDT:15m:box_any:19293
T113,PENDLEUSDT,15m,2025-03-14 09:15:00+00:00,2025-03-14 23:45:00+00:00,,2.0745,2.0308,2.1181,0.902768878718538,盈利保护退出,持仓第59根K，最低价2.116触及当时已生效保护价2.1181；按追踪止损在2.1181退出，扣费后净+0.90R。,距V9 1根，较父V9独立模拟入场价+0.11%；初始风险2.11%（3.45个信号ATR），往返成本0.095R。 入场信号收盘在六均线上方，IMACD向上且增强，相对成交量1.95倍。 原账本最大浮盈2.82R；5分钟审计得到实际止损前浮盈范围2.82–2.82R（若上下界不同，触及止损的5分钟内先后未知）。 已收盘触及2R并激活追踪；退出时保护在入场价+1.00R，激活不保证保本。 退出下一根起48根内，最高回到原入场+2.62R，最低到+0.58R。,已比V9入场更贵，需评估确认收益能否覆盖追价代价；作为盈利对照保留：任何更早止盈/更严过滤都需计算会损失多少这类赢家,binance_um:PENDLEUSDT:15m:box_any:19296
T114,AAVEUSDT,15m,2025-03-15 04:45:00+00:00,2025-03-15 07:00:00+00:00,,176.45,173.8,173.8,-1.1331698113207556,推进不足后止损,持仓第10根K，最低价173.77触及当时已生效保护价173.8；按初始止损在173.8退出，扣费后净-1.13R。,距V9 55根，较父V9独立模拟入场价+3.19%；初始风险1.50%（2.39个信号ATR），往返成本0.133R。 入场信号收盘在六均线上方，IMACD向上且增强，相对成交量1.94倍。 原账本最大浮盈0.31R；5分钟审计得到实际止损前浮盈范围0.31–0.31R（若上下界不同，触及止损的5分钟内先后未知）。 退出前最高收盘0.02R，未收盘达到2R，原追踪未激活。 退出下一根起48根内，最高回到原入场-0.28R，最低到-1.80R。,等待超过48根，需检验突破时原启动结构是否已失效；已比V9入场更贵，需评估确认收益能否覆盖追价代价,binance_um:AAVEUSDT:15m:box_any:19374
T115,APTUSDT,15m,2025-03-15 05:00:00+00:00,2025-03-16 02:00:00+00:00,,5.2991,5.244800000000001,5.3061,-0.0662651933701778,收盘激活追踪后仍亏,持仓第85根K，最低价5.2851触及当时已生效保护价5.3061；按追踪止损在5.3061退出，扣费后净-0.07R。,距V9 55根，较父V9独立模拟入场价+0.72%；初始风险1.02%（2.01个信号ATR），往返成本0.195R。 入场信号收盘在六均线上方，IMACD向上且增强，相对成交量1.19倍。 原账本最大浮盈2.62R；5分钟审计得到实际止损前浮盈范围2.62–2.62R（若上下界不同，触及止损的5分钟内先后未知）。 已收盘触及2R并激活追踪；退出时保护在入场价+0.13R，激活不保证保本。 退出下一根起48根内，最高回到原入场+1.62R，最低到-3.16R。,等待超过48根，需检验突破时原启动结构是否已失效；已比V9入场更贵，需评估确认收益能否覆盖追价代价；退出后48根内曾回到+1R；属事后重启机会，不能证明放宽原止损会赚钱,binance_um:APTUSDT:15m:box_any:19375
T116,UNIUSDT,15m,2025-03-15 06:15:00+00:00,2025-03-16 01:30:00+00:00,,6.117,6.0520000000000005,6.199,1.0733230769230775,盈利保护退出,持仓第78根K，最低价6.156触及当时已生效保护价6.199；按追踪止损在6.199退出，扣费后净+1.07R。,距V9 54根，较父V9独立模拟入场价+0.77%；初始风险1.06%（2.03个信号ATR），往返成本0.188R。 入场信号收盘在六均线上方，IMACD向上且增强，相对成交量1.82倍。 原账本最大浮盈3.14R；5分钟审计得到实际止损前浮盈范围3.14–3.14R（若上下界不同，触及止损的5分钟内先后未知）。 已收盘触及2R并激活追踪；退出时保护在入场价+1.26R，激活不保证保本。 退出下一根起48根内，最高回到原入场+2.66R，最低到-1.78R。,等待超过48根，需检验突破时原启动结构是否已失效；已比V9入场更贵，需评估确认收益能否覆盖追价代价；作为盈利对照保留：任何更早止盈/更严过滤都需计算会损失多少这类赢家,binance_um:UNIUSDT:15m:box_any:19380
T117,ENAUSDT,15m,2025-03-15 07:00:00+00:00,2025-03-15 07:45:00+00:00,,0.3639,0.35736,0.35736,-1.1112844036697251,推进不足后止损,持仓第4根K，最低价0.3571触及当时已生效保护价0.35736；按初始止损在0.35736退出，扣费后净-1.11R。,距V9 14根，较父V9独立模拟入场价+1.08%；初始风险1.80%（2.03个信号ATR），往返成本0.111R。 入场信号收盘在六均线上方，IMACD向上且增强，相对成交量0.91倍。 原账本最大浮盈0.02R；5分钟审计得到实际止损前浮盈范围0.02–0.02R（若上下界不同，触及止损的5分钟内先后未知）。 退出前最高收盘-0.20R，未收盘达到2R，原追踪未激活。 退出下一根起48根内，最高回到原入场+2.42R，最低到-1.28R。,已比V9入场更贵，需评估确认收益能否覆盖追价代价；退出后48根内曾回到+1R；属事后重启机会，不能证明放宽原止损会赚钱,binance_um:ENAUSDT:15m:box_any:19383
T118,FILUSDT,15m,2025-03-15 12:15:00+00:00,2025-03-16 10:00:00+00:00,,2.915,2.8856,2.903,-0.6064625850340212,反向确认亏损退出,上一根出现原始反向信号，下一根开盘2.903退出；这笔不是价格触及止损退出，扣费后净-0.61R。,距V9 111根，较父V9独立模拟入场价+2.79%；初始风险1.01%（2.48个信号ATR），往返成本0.198R。 入场信号收盘在六均线上方，IMACD向上且增强，相对成交量1.71倍。 截至退出前/数据末端，原账本最大浮盈2.18R。 退出前最高收盘1.80R，未收盘达到2R，原追踪未激活。 退出下一根起48根内，最高回到原入场+0.03R，最低到-3.50R。,等待超过48根，需检验突破时原启动结构是否已失效；已比V9入场更贵，需评估确认收益能否覆盖追价代价；盘中高点与收盘触发存在差异；此前全池最高价激活试验未通过，不能凭此单直接修改,binance_um:FILUSDT:15m:box_any:19404
T119,JUPUSDT,15m,2025-03-15 17:00:00+00:00,2025-03-15 19:00:00+00:00,,0.5346,0.529,0.529,-1.1909285714285696,推进不足后止损,持仓第9根K，最低价0.5288触及当时已生效保护价0.529；按初始止损在0.529退出，扣费后净-1.19R。,距V9 107根，较父V9独立模拟入场价+3.05%；初始风险1.05%（2.09个信号ATR），往返成本0.191R。 入场信号收盘在六均线上方，IMACD向上且增强，相对成交量11.06倍。 原账本最大浮盈0.66R；5分钟审计得到实际止损前浮盈范围0.66–0.66R（若上下界不同，触及止损的5分钟内先后未知）。 退出前最高收盘0.32R，未收盘达到2R，原追踪未激活。 退出下一根起48根内，最高回到原入场+0.55R，最低到-2.04R。,等待超过48根，需检验突破时原启动结构是否已失效；已比V9入场更贵，需评估确认收益能否覆盖追价代价,binance_um:JUPUSDT:15m:box_any:19423
T120,1000PEPEUSDT,15m,2025-03-15 17:15:00+00:00,2025-03-16 01:15:00+00:00,,0.0071428,0.0070241999999999,0.0070754,-0.6887487352445156,反向确认亏损退出,上一根出现原始反向信号，下一根开盘0.0070754退出；这笔不是价格触及止损退出，扣费后净-0.69R。,距V9 5根，较父V9独立模拟入场价-0.35%；初始风险1.66%（2.00个信号ATR），往返成本0.120R。 入场信号收盘在六均线上方，IMACD向上且增强，相对成交量1.51倍。 截至退出前/数据末端，原账本最大浮盈2.02R。 退出前最高收盘1.51R，未收盘达到2R，原追踪未激活。 退出下一根起48根内，最高回到原入场+0.30R，最低到-3.97R。,盘中高点与收盘触发存在差异；此前全池最高价激活试验未通过，不能凭此单直接修改,binance_um:1000PEPEUSDT:15m:box_any:19424
T121,NEARUSDT,15m,2025-03-15 17:30:00+00:00,2025-03-15 19:30:00+00:00,,2.671,2.629,2.629,-1.1271904761904756,推进不足后止损,持仓第9根K，最低价2.626触及当时已生效保护价2.629；按初始止损在2.629退出，扣费后净-1.13R。,距V9 1根，较父V9独立模拟入场价+0.30%；初始风险1.57%（2.71个信号ATR），往返成本0.127R。 入场信号收盘在六均线上方，IMACD向上且增强，相对成交量1.29倍。 原账本最大浮盈0.10R；5分钟审计得到实际止损前浮盈范围0.10–0.10R（若上下界不同，触及止损的5分钟内先后未知）。 退出前最高收盘0.02R，未收盘达到2R，原追踪未激活。 退出下一根起48根内，最高回到原入场+0.57R，最低到-1.95R。,已比V9入场更贵，需评估确认收益能否覆盖追价代价,binance_um:NEARUSDT:15m:box_any:19425
T122,OPUSDT,15m,2025-03-15 20:45:00+00:00,2025-03-16 02:15:00+00:00,,0.8811,0.86448,0.8682,-0.882202166064985,反向确认亏损退出,上一根出现原始反向信号，下一根开盘0.8682退出；这笔不是价格触及止损退出，扣费后净-0.88R。,距V9 118根，较父V9独立模拟入场价-0.05%；初始风险1.89%（3.62个信号ATR），往返成本0.106R。 入场信号收盘在六均线上方，IMACD未同时满足向上和增强，相对成交量0.51倍。 截至退出前/数据末端，原账本最大浮盈0.89R。 退出前最高收盘0.59R，未收盘达到2R，原追踪未激活。 退出下一根起48根内，最高回到原入场+0.31R，最低到-3.51R。,等待超过48根，需检验突破时原启动结构是否已失效；突破当时支撑或动能不完整，但此前单加六均线门未改善全池，不能直接套门,binance_um:OPUSDT:15m:box_any:19438
T123,ENAUSDT,15m,2025-03-17 16:45:00+00:00,2025-03-18 03:45:00+00:00,,0.3762,0.36411,0.3701,-0.5667824648469846,反向确认亏损退出,上一根出现原始反向信号，下一根开盘0.3701退出；这笔不是价格触及止损退出，扣费后净-0.57R。,距V9 63根，较父V9独立模拟入场价+2.14%；初始风险3.21%（2.45个信号ATR），往返成本0.062R。 入场信号收盘在六均线上方，IMACD向上且增强，相对成交量18.19倍。 截至退出前/数据末端，原账本最大浮盈0.87R。 退出前最高收盘0.69R，未收盘达到2R，原追踪未激活。 退出下一根起48根内，最高回到原入场-0.21R，最低到-1.62R。,等待超过48根，需检验突破时原启动结构是否已失效；已比V9入场更贵，需评估确认收益能否覆盖追价代价,binance_um:ENAUSDT:15m:box_any:19614
T124,AAVEUSDT,15m,2025-03-19 12:15:00+00:00,2025-03-20 10:15:00+00:00,,179.72,174.66,174.66,-1.071035573122528,推进不足后止损,持仓第89根K，最低价172.65触及当时已生效保护价174.66；按初始止损在174.66退出，扣费后净-1.07R。,距V9 44根，较父V9独立模拟入场价+4.83%；初始风险2.82%（3.54个信号ATR），往返成本0.071R。 入场信号收盘在六均线上方，IMACD向上且增强，相对成交量2.79倍。 原账本最大浮盈0.96R；5分钟审计得到实际止损前浮盈范围0.96–0.96R（若上下界不同，触及止损的5分钟内先后未知）。 退出前最高收盘0.87R，未收盘达到2R，原追踪未激活。 退出下一根起48根内，最高回到原入场-0.09R，最低到-1.64R。,已比V9入场更贵，需评估确认收益能否覆盖追价代价,binance_um:AAVEUSDT:15m:box_any:19788
T125,SOLUSDT,15m,2025-03-22 09:30:00+00:00,2025-03-22 15:15:00+00:00,,130.39,128.56,128.56,-1.1425027322404415,推进不足后止损,持仓第24根K，最低价128.55触及当时已生效保护价128.56；按初始止损在128.56退出，扣费后净-1.14R。,距V9 0根，较父V9独立模拟入场价+0.00%；初始风险1.40%（3.48个信号ATR），往返成本0.143R。 入场信号收盘在六均线上方，IMACD向上且增强，相对成交量6.37倍。 原账本最大浮盈0.75R；5分钟审计得到实际止损前浮盈范围0.75–0.75R（若上下界不同，触及止损的5分钟内先后未知）。 退出前最高收盘0.55R，未收盘达到2R，原追踪未激活。 退出下一根起48根内，最高回到原入场-0.10R，最低到-1.29R。,当前事实不足以提出特定改法；先保留原规则作为对照。,binance_um:SOLUSDT:15m:box_any:20065
T126,AAVEUSDT,15m,2025-03-22 10:15:00+00:00,2025-03-22 11:30:00+00:00,,181.87,180.06,180.06,-1.200961325966849,推进不足后止损,持仓第6根K，最低价180.03触及当时已生效保护价180.06；按初始止损在180.06退出，扣费后净-1.20R。,距V9 65根，较父V9独立模拟入场价+1.92%；初始风险1.00%（2.01个信号ATR），往返成本0.201R。 入场信号收盘在六均线上方，IMACD向上且增强，相对成交量1.46倍。 原账本最大浮盈0.57R；5分钟审计得到实际止损前浮盈范围0.57–0.57R（若上下界不同，触及止损的5分钟内先后未知）。 退出前最高收盘0.31R，未收盘达到2R，原追踪未激活。 退出下一根起48根内，最高回到原入场+0.57R，最低到-1.54R。,等待超过48根，需检验突破时原启动结构是否已失效；已比V9入场更贵，需评估确认收益能否覆盖追价代价,binance_um:AAVEUSDT:15m:box_any:20068
T127,ARBUSDT,15m,2025-03-24 03:45:00+00:00,2025-03-25 01:30:00+00:00,,0.3727,0.36374,0.38578,1.3766294642857195,盈利保护退出,持仓第88根K，最低价0.3856触及当时已生效保护价0.38578；按追踪止损在0.38578退出，扣费后净+1.38R。,距V9 1根，较父V9独立模拟入场价-0.16%；初始风险2.40%（3.94个信号ATR），往返成本0.083R。 入场信号收盘在六均线上方，IMACD未同时满足向上和增强，相对成交量1.72倍。 原账本最大浮盈2.57R；5分钟审计得到实际止损前浮盈范围2.57–2.57R（若上下界不同，触及止损的5分钟内先后未知）。 已收盘触及2R并激活追踪；退出时保护在入场价+1.46R，激活不保证保本。 退出下一根起48根内，最高回到原入场+2.23R，最低到+1.21R。,突破当时支撑或动能不完整，但此前单加六均线门未改善全池，不能直接套门；作为盈利对照保留：任何更早止盈/更严过滤都需计算会损失多少这类赢家,binance_um:ARBUSDT:15m:box_any:20234
T128,OPUSDT,15m,2025-03-26 07:00:00+00:00,2025-03-26 13:45:00+00:00,,0.9154,0.90432,0.90432,-1.165234657039711,到过1R后回吐,持仓第28根K，最低价0.8945触及当时已生效保护价0.90432；按初始止损在0.90432退出，扣费后净-1.17R。,距V9 0根，较父V9独立模拟入场价+0.00%；初始风险1.21%（2.52个信号ATR），往返成本0.165R。 入场信号收盘在六均线上方，IMACD向上且增强，相对成交量1.56倍。 原账本最大浮盈1.34R；5分钟审计得到实际止损前浮盈范围1.34–1.34R（若上下界不同，触及止损的5分钟内先后未知）。 退出前最高收盘1.06R，未收盘达到2R，原追踪未激活。 退出下一根起48根内，最高回到原入场-0.41R，最低到-3.72R。,当前事实不足以提出特定改法；先保留原规则作为对照。,binance_um:OPUSDT:15m:box_any:20439
T129,PENDLEUSDT,15m,2025-03-31 12:45:00+00:00,2025-04-02 05:45:00+00:00,,2.6054,2.5003,2.9395,3.1292978116080037,盈利保护退出,持仓第165根K，最低价2.9258触及当时已生效保护价2.9395；按追踪止损在2.9395退出，扣费后净+3.13R。,距V9 1根，较父V9独立模拟入场价-0.29%；初始风险4.03%（3.63个信号ATR），往返成本0.050R。 入场信号收盘在六均线上方，IMACD未同时满足向上和增强，相对成交量4.84倍。 原账本最大浮盈4.65R；5分钟审计得到实际止损前浮盈范围4.65–4.65R（若上下界不同，触及止损的5分钟内先后未知）。 已收盘触及2R并激活追踪；退出时保护在入场价+3.18R，激活不保证保本。 退出下一根起48根内，最高回到原入场+6.74R，最低到+2.99R。,突破当时支撑或动能不完整，但此前单加六均线门未改善全池，不能直接套门；作为盈利对照保留：任何更早止盈/更严过滤都需计算会损失多少这类赢家,binance_um:PENDLEUSDT:15m:box_any:20942
T130,APTUSDT,15m,2025-04-02 16:30:00+00:00,2025-04-02 17:30:00+00:00,,5.4389,5.3442,5.3442,-1.1148658922914438,推进不足后止损,持仓第5根K，最低价5.3323触及当时已生效保护价5.3442；按初始止损在5.3442退出，扣费后净-1.11R。,距V9 2根，较父V9独立模拟入场价+0.45%；初始风险1.74%（2.34个信号ATR），往返成本0.115R。 入场信号收盘在六均线上方，IMACD向上且增强，相对成交量0.85倍。 原账本最大浮盈0.14R；5分钟审计得到实际止损前浮盈范围0.14–0.14R（若上下界不同，触及止损的5分钟内先后未知）。 退出前最高收盘-0.17R，未收盘达到2R，原追踪未激活。 退出下一根起48根内，最高回到原入场+0.74R，最低到-4.48R。,已比V9入场更贵，需评估确认收益能否覆盖追价代价,binance_um:APTUSDT:15m:box_any:21149
T131,JUPUSDT,15m,2025-04-09 19:45:00+00:00,2025-04-10 04:30:00+00:00,,0.3737,0.3639,0.3639,-1.0762653061224503,到过1R后回吐,持仓第36根K，最低价0.3637触及当时已生效保护价0.3639；按初始止损在0.3639退出，扣费后净-1.08R。,距V9 9根，较父V9独立模拟入场价+3.63%；初始风险2.62%（2.04个信号ATR），往返成本0.076R。 入场信号收盘在六均线上方，IMACD向上且增强，相对成交量0.44倍。 原账本最大浮盈1.07R；5分钟审计得到实际止损前浮盈范围1.07–1.07R（若上下界不同，触及止损的5分钟内先后未知）。 退出前最高收盘0.81R，未收盘达到2R，原追踪未激活。 退出下一根起48根内，最高回到原入场-0.07R，最低到-2.39R。,已比V9入场更贵，需评估确认收益能否覆盖追价代价,binance_um:JUPUSDT:15m:box_any:21834
T132,1000PEPEUSDT,15m,2025-04-12 09:15:00+00:00,2025-04-12 10:30:00+00:00,,0.0070712,0.0069711,0.0069711,-1.1412827172827154,推进不足后止损,持仓第6根K，最低价0.0069604触及当时已生效保护价0.0069711；按初始止损在0.0069711退出，扣费后净-1.14R。,距V9 13根，较父V9独立模拟入场价+1.37%；初始风险1.42%（2.00个信号ATR），往返成本0.141R。 入场信号收盘在六均线上方，IMACD向上且增强，相对成交量0.83倍。 原账本最大浮盈0.08R；5分钟审计得到实际止损前浮盈范围0.08–0.08R（若上下界不同，触及止损的5分钟内先后未知）。 退出前最高收盘-0.16R，未收盘达到2R，原追踪未激活。 退出下一根起48根内，最高回到原入场+5.00R，最低到-1.36R。,已比V9入场更贵，需评估确认收益能否覆盖追价代价；退出后48根内曾回到+1R；属事后重启机会，不能证明放宽原止损会赚钱,binance_um:1000PEPEUSDT:15m:box_any:22080
T133,AAVEUSDT,15m,2025-04-12 15:15:00+00:00,2025-04-13 04:15:00+00:00,,146.73,143.55,143.55,-1.0922830188679258,到过1R后回吐,持仓第53根K，最低价143.3触及当时已生效保护价143.55；按初始止损在143.55退出，扣费后净-1.09R。,距V9 15根，较父V9独立模拟入场价+4.84%；初始风险2.17%（2.53个信号ATR），往返成本0.092R。 入场信号收盘在六均线上方，IMACD向上且增强，相对成交量1.89倍。 原账本最大浮盈1.07R；5分钟审计得到实际止损前浮盈范围1.07–1.07R（若上下界不同，触及止损的5分钟内先后未知）。 退出前最高收盘0.94R，未收盘达到2R，原追踪未激活。 退出下一根起48根内，最高回到原入场-0.26R，最低到-2.19R。,已比V9入场更贵，需评估确认收益能否覆盖追价代价,binance_um:AAVEUSDT:15m:box_any:22104
T134,ETHUSDT,15m,2025-04-14 10:15:00+00:00,2025-04-14 15:30:00+00:00,,1646.3,1626.63,1626.63,-1.1673919674631403,盘中到2R但收盘未激活,持仓第22根K，最低价1624.54触及当时已生效保护价1626.63；按初始止损在1626.63退出，扣费后净-1.17R。,距V9 38根，较父V9独立模拟入场价+1.69%；初始风险1.19%（2.00个信号ATR），往返成本0.167R。 入场信号收盘在六均线上方，IMACD向上且增强，相对成交量2.56倍。 原账本最大浮盈2.30R；5分钟审计得到实际止损前浮盈范围2.30–2.30R（若上下界不同，触及止损的5分钟内先后未知）。 退出前最高收盘2.00R，未收盘达到2R，原追踪未激活。 退出下一根起48根内，最高回到原入场+0.23R，最低到-2.20R。,已比V9入场更贵，需评估确认收益能否覆盖追价代价；盘中高点与收盘触发存在差异；此前全池最高价激活试验未通过，不能凭此单直接修改,binance_um:ETHUSDT:15m:box_any:22276
T135,UNIUSDT,15m,2025-04-14 12:15:00+00:00,2025-04-14 13:45:00+00:00,,5.557,5.472,5.472,-1.1307529411764687,推进不足后止损,持仓第7根K，最低价5.461触及当时已生效保护价5.472；按初始止损在5.472退出，扣费后净-1.13R。,距V9 33根，较父V9独立模拟入场价+2.17%；初始风险1.53%（2.00个信号ATR），往返成本0.131R。 入场信号收盘在六均线上方，IMACD向上且增强，相对成交量1.33倍。 原账本最大浮盈0.52R；5分钟审计得到实际止损前浮盈范围0.52–0.52R（若上下界不同，触及止损的5分钟内先后未知）。 退出前最高收盘0.34R，未收盘达到2R，原追踪未激活。 退出下一根起48根内，最高回到原入场+0.44R，最低到-3.00R。,已比V9入场更贵，需评估确认收益能否覆盖追价代价,binance_um:UNIUSDT:15m:box_any:22284
T136,BTCUSDT,15m,2025-04-15 06:15:00+00:00,2025-04-15 14:15:00+00:00,,85468.6,84947.3,84947.3,-1.3279056205639768,到过1R后回吐,持仓第33根K，最低价84779.1触及当时已生效保护价84947.3；按初始止损在84947.3退出，扣费后净-1.33R。,距V9 118根，较父V9独立模拟入场价+0.86%；初始风险0.61%（2.01个信号ATR），往返成本0.328R。 入场信号收盘在六均线上方，IMACD向上且增强，相对成交量1.45倍。 原账本最大浮盈1.87R；5分钟审计得到实际止损前浮盈范围1.87–1.87R（若上下界不同，触及止损的5分钟内先后未知）。 退出前最高收盘1.04R，未收盘达到2R，原追踪未激活。 退出下一根起48根内，最高回到原入场-0.23R，最低到-4.61R。,等待超过48根，需检验突破时原启动结构是否已失效；已比V9入场更贵，需评估确认收益能否覆盖追价代价,binance_um:BTCUSDT:15m:box_any:22356
T137,MUBARAKUSDT,15m,2025-04-17 01:15:00+00:00,2025-04-18 20:00:00+00:00,,0.0249,0.02412,0.02574,1.013076923076933,盈利保护退出,持仓第172根K，最低价0.02567触及当时已生效保护价0.02574；按追踪止损在0.02574退出，扣费后净+1.01R。,距V9 0根，较父V9独立模拟入场价+0.00%；初始风险3.13%（2.01个信号ATR），往返成本0.064R。 入场信号收盘在六均线上方，IMACD向上且增强，相对成交量2.10倍。 原账本最大浮盈3.19R；5分钟审计得到实际止损前浮盈范围3.19–3.19R（若上下界不同，触及止损的5分钟内先后未知）。 已收盘触及2R并激活追踪；退出时保护在入场价+1.08R，激活不保证保本。 退出下一根起48根内，最高回到原入场+2.12R，最低到-0.36R。,作为盈利对照保留：任何更早止盈/更严过滤都需计算会损失多少这类赢家,binance_um:MUBARAKUSDT:15m:box_any:2925
T138,ARUSDT,15m,2025-04-17 16:45:00+00:00,2025-04-18 14:30:00+00:00,,4.974,4.857,5.216,1.9833504273504237,盈利保护退出,持仓第88根K，最低价5.184触及当时已生效保护价5.216；按追踪止损在5.216退出，扣费后净+1.98R。,距V9 0根，较父V9独立模拟入场价+0.00%；初始风险2.35%（3.04个信号ATR），往返成本0.085R。 入场信号收盘在六均线上方，IMACD向上且增强，相对成交量2.94倍。 原账本最大浮盈3.59R；5分钟审计得到实际止损前浮盈范围3.59–3.59R（若上下界不同，触及止损的5分钟内先后未知）。 已收盘触及2R并激活追踪；退出时保护在入场价+2.07R，激活不保证保本。 退出下一根起48根内，最高回到原入场+3.80R，最低到+2.03R。,作为盈利对照保留：任何更早止盈/更严过滤都需计算会损失多少这类赢家,binance_um:ARUSDT:15m:box_any:22590
T139,ONEUSDT,15m,2025-04-17 16:45:00+00:00,2025-04-18 15:15:00+00:00,,0.01036,0.0101966,0.0108428,2.827906976744199,盈利保护退出,持仓第91根K，最低价0.01083触及当时已生效保护价0.0108428；按追踪止损在0.0108428退出，扣费后净+2.83R。,距V9 1根，较父V9独立模拟入场价-0.19%；初始风险1.58%（2.45个信号ATR），往返成本0.127R。 入场信号收盘在六均线上方，IMACD向上且增强，相对成交量2.76倍。 原账本最大浮盈5.14R；5分钟审计得到实际止损前浮盈范围5.14–5.14R（若上下界不同，触及止损的5分钟内先后未知）。 已收盘触及2R并激活追踪；退出时保护在入场价+2.95R，激活不保证保本。 退出下一根起48根内，最高回到原入场+4.35R，最低到+2.88R。,作为盈利对照保留：任何更早止盈/更严过滤都需计算会损失多少这类赢家,binance_um:ONEUSDT:15m:box_any:22590
T140,ZENUSDT,15m,2025-04-17 17:15:00+00:00,2025-04-17 19:15:00+00:00,,8.337,8.203,8.203,-1.124432835820895,推进不足后止损,持仓第9根K，最低价8.2触及当时已生效保护价8.203；按初始止损在8.203退出，扣费后净-1.12R。,距V9 3根，较父V9独立模拟入场价+0.02%；初始风险1.61%（2.39个信号ATR），往返成本0.124R。 入场信号收盘在六均线上方，IMACD向上且增强，相对成交量0.98倍。 原账本最大浮盈0.54R；5分钟审计得到实际止损前浮盈范围0.54–0.54R（若上下界不同，触及止损的5分钟内先后未知）。 退出前最高收盘0.34R，未收盘达到2R，原追踪未激活。 退出下一根起48根内，最高回到原入场+2.79R，最低到-1.10R。,已比V9入场更贵，需评估确认收益能否覆盖追价代价；退出后48根内曾回到+1R；属事后重启机会，不能证明放宽原止损会赚钱,binance_um:ZENUSDT:15m:box_any:22592
T141,AAVEUSDT,15m,2025-04-17 18:15:00+00:00,2025-04-17 19:00:00+00:00,,140.94,138.86,138.86,-1.1355192307692326,推进不足后止损,持仓第4根K，最低价138.37触及当时已生效保护价138.86；按初始止损在138.86退出，扣费后净-1.14R。,距V9 6根，较父V9独立模拟入场价+1.33%；初始风险1.48%（1.99个信号ATR），往返成本0.136R。 入场信号收盘在六均线上方，IMACD向上且增强，相对成交量1.10倍。 原账本最大浮盈0.27R；5分钟审计得到实际止损前浮盈范围0.27–0.27R（若上下界不同，触及止损的5分钟内先后未知）。 退出前最高收盘-0.19R，未收盘达到2R，原追踪未激活。 退出下一根起48根内，最高回到原入场-0.70R，最低到-2.00R。,已比V9入场更贵，需评估确认收益能否覆盖追价代价,binance_um:AAVEUSDT:15m:box_any:22596
T142,FILUSDT,15m,2025-04-18 06:00:00+00:00,2025-04-18 23:00:00+00:00,,2.414,2.3937,2.4413,1.106995073891621,盈利保护退出,持仓第69根K，最低价2.439触及当时已生效保护价2.4413；按追踪止损在2.4413退出，扣费后净+1.11R。,距V9 51根，较父V9独立模拟入场价+0.71%；初始风险0.84%（1.91个信号ATR），往返成本0.238R。 入场信号收盘在六均线上方，IMACD向上且增强，相对成交量1.32倍。 原账本最大浮盈3.84R；5分钟审计得到实际止损前浮盈范围3.84–3.84R（若上下界不同，触及止损的5分钟内先后未知）。 已收盘触及2R并激活追踪；退出时保护在入场价+1.34R，激活不保证保本。 退出下一根起48根内，最高回到原入场+5.17R，最低到+1.18R。,等待超过48根，需检验突破时原启动结构是否已失效；已比V9入场更贵，需评估确认收益能否覆盖追价代价；作为盈利对照保留：任何更早止盈/更严过滤都需计算会损失多少这类赢家,binance_um:FILUSDT:15m:box_any:22643
T143,JUPUSDT,15m,2025-04-18 09:15:00+00:00,2025-04-18 13:30:00+00:00,,0.3806,0.3753,0.3753,-1.1436226415094355,推进不足后止损,持仓第18根K，最低价0.3752触及当时已生效保护价0.3753；按初始止损在0.3753退出，扣费后净-1.14R。,距V9 5根，较父V9独立模拟入场价+0.85%；初始风险1.39%（2.05个信号ATR），往返成本0.144R。 入场信号收盘在六均线上方，IMACD向上且增强，相对成交量1.26倍。 原账本最大浮盈0.28R；5分钟审计得到实际止损前浮盈范围0.28–0.28R（若上下界不同，触及止损的5分钟内先后未知）。 退出前最高收盘-0.04R，未收盘达到2R，原追踪未激活。 退出下一根起48根内，最高回到原入场-0.40R，最低到-1.91R。,已比V9入场更贵，需评估确认收益能否覆盖追价代价,binance_um:JUPUSDT:15m:box_any:22656
T144,APTUSDT,15m,2025-04-18 11:45:00+00:00,2025-04-20 07:15:00+00:00,,4.6966,4.6101,4.867500000000001,1.86713063583816,盈利保护退出,持仓第175根K，最低价4.8528触及当时已生效保护价4.8675；按追踪止损在4.8675退出，扣费后净+1.87R。,距V9 5根，较父V9独立模拟入场价+1.33%；初始风险1.84%（3.76个信号ATR），往返成本0.109R。 入场信号收盘在六均线上方，IMACD向上且增强，相对成交量8.38倍。 原账本最大浮盈3.01R；5分钟审计得到实际止损前浮盈范围3.01–3.01R（若上下界不同，触及止损的5分钟内先后未知）。 已收盘触及2R并激活追踪；退出时保护在入场价+1.98R，激活不保证保本。 退出下一根起48根内，最高回到原入场+4.42R，最低到+1.89R。,已比V9入场更贵，需评估确认收益能否覆盖追价代价；作为盈利对照保留：任何更早止盈/更严过滤都需计算会损失多少这类赢家,binance_um:APTUSDT:15m:box_any:22666
T145,ZENUSDT,15m,2025-04-19 02:00:00+00:00,2025-04-19 11:45:00+00:00,,8.683,8.585,8.585,-1.1772040816326592,推进不足后止损,持仓第40根K，最低价8.585触及当时已生效保护价8.585；按初始止损在8.585退出，扣费后净-1.18R。,距V9 94根，较父V9独立模拟入场价+3.46%；初始风险1.13%（2.27个信号ATR），往返成本0.177R。 入场信号收盘在六均线上方，IMACD向上且增强，相对成交量1.27倍。 原账本最大浮盈0.74R；5分钟审计得到实际止损前浮盈范围0.74–0.74R（若上下界不同，触及止损的5分钟内先后未知）。 退出前最高收盘0.62R，未收盘达到2R，原追踪未激活。 退出下一根起48根内，最高回到原入场+1.90R，最低到-1.02R。,等待超过48根，需检验突破时原启动结构是否已失效；已比V9入场更贵，需评估确认收益能否覆盖追价代价；退出后48根内曾回到+1R；属事后重启机会，不能证明放宽原止损会赚钱,binance_um:ZENUSDT:15m:box_any:22723
T146,NEARUSDT,15m,2025-04-19 02:15:00+00:00,2025-04-20 08:00:00+00:00,,2.082,2.057,2.166,3.1934400000000145,盈利保护退出,持仓第120根K，最低价2.165触及当时已生效保护价2.166；按追踪止损在2.166退出，扣费后净+3.19R。,距V9 133根，较父V9独立模拟入场价+1.02%；初始风险1.20%（2.61个信号ATR），往返成本0.167R。 入场信号收盘在六均线上方，IMACD未同时满足向上和增强，相对成交量2.23倍。 原账本最大浮盈4.96R；5分钟审计得到实际止损前浮盈范围4.96–4.96R（若上下界不同，触及止损的5分钟内先后未知）。 已收盘触及2R并激活追踪；退出时保护在入场价+3.36R，激活不保证保本。 退出下一根起48根内，最高回到原入场+7.40R，最低到+2.44R。,等待超过48根，需检验突破时原启动结构是否已失效；已比V9入场更贵，需评估确认收益能否覆盖追价代价；突破当时支撑或动能不完整，但此前单加六均线门未改善全池，不能直接套门；作为盈利对照保留：任何更早止盈/更严过滤都需计算会损失多少这类赢家,binance_um:NEARUSDT:15m:box_any:22724
T147,ARBUSDT,15m,2025-04-19 02:30:00+00:00,2025-04-19 09:45:00+00:00,,0.2947,0.29156,0.29156,-1.1877070063694275,推进不足后止损,持仓第30根K，最低价0.2915触及当时已生效保护价0.29156；按初始止损在0.29156退出，扣费后净-1.19R。,距V9 74根，较父V9独立模拟入场价+1.87%；初始风险1.07%（2.68个信号ATR），往返成本0.188R。 入场信号收盘在六均线上方，IMACD向上且增强，相对成交量2.04倍。 原账本最大浮盈0.41R；5分钟审计得到实际止损前浮盈范围0.41–0.41R（若上下界不同，触及止损的5分钟内先后未知）。 退出前最高收盘0.32R，未收盘达到2R，原追踪未激活。 退出下一根起48根内，最高回到原入场+3.03R，最低到-1.24R。,等待超过48根，需检验突破时原启动结构是否已失效；已比V9入场更贵，需评估确认收益能否覆盖追价代价；退出后48根内曾回到+1R；属事后重启机会，不能证明放宽原止损会赚钱,binance_um:ARBUSDT:15m:box_any:22725
T148,1000PEPEUSDT,15m,2025-04-19 03:15:00+00:00,2025-04-19 06:00:00+00:00,,0.0073461,0.0072672,0.0072672,-1.186212927756648,推进不足后止损,持仓第12根K，最低价0.0072588触及当时已生效保护价0.0072672；按初始止损在0.0072672退出，扣费后净-1.19R。,距V9 13根，较父V9独立模拟入场价+0.20%；初始风险1.07%（2.20个信号ATR），往返成本0.186R。 入场信号收盘在六均线上方，IMACD向上且增强，相对成交量1.82倍。 原账本最大浮盈0.65R；5分钟审计得到实际止损前浮盈范围0.65–0.65R（若上下界不同，触及止损的5分钟内先后未知）。 退出前最高收盘0.36R，未收盘达到2R，原追踪未激活。 退出下一根起48根内，最高回到原入场+0.62R，最低到-2.36R。,已比V9入场更贵，需评估确认收益能否覆盖追价代价,binance_um:1000PEPEUSDT:15m:box_any:22728
T149,API3USDT,15m,2025-04-19 15:00:00+00:00,2025-04-20 08:30:00+00:00,,0.7287,0.7189,0.7277,-0.2507551020408177,收盘激活追踪后仍亏,持仓第71根K，最低价0.7161触及当时已生效保护价0.7277；按追踪止损在0.7277退出，扣费后净-0.25R。,距V9 61根，较父V9独立模拟入场价-0.10%；初始风险1.34%（2.54个信号ATR），往返成本0.149R。 入场信号收盘在六均线上方，IMACD向上且增强，相对成交量1.90倍。 原账本最大浮盈2.60R；5分钟审计得到实际止损前浮盈范围2.60–2.60R（若上下界不同，触及止损的5分钟内先后未知）。 已收盘触及2R并激活追踪；退出时保护在入场价-0.10R，激活不保证保本。 退出下一根起48根内，最高回到原入场+0.33R，最低到-2.10R。,等待超过48根，需检验突破时原启动结构是否已失效；4ATR追踪在本单仍低于成本线；统一提保本可能损失其他赢家，需另做完整对照,binance_um:API3USDT:15m:box_any:22775
T150,BTCUSDT,15m,2025-04-19 15:15:00+00:00,2025-04-19 15:45:00+00:00,,85376.1,85152.40000000001,85152.40000000001,-1.7633088958426508,到过1R后回吐,持仓第3根K，最低价85006.2触及当时已生效保护价85152.4；按初始止损在85152.4退出，扣费后净-1.76R。,距V9 43根，较父V9独立模拟入场价+0.39%；初始风险0.26%（2.00个信号ATR），往返成本0.763R。 入场信号收盘在六均线上方，IMACD未同时满足向上和增强，相对成交量1.04倍。 原账本最大浮盈1.00R；5分钟审计得到实际止损前浮盈范围1.00–1.00R（若上下界不同，触及止损的5分钟内先后未知）。 退出前最高收盘0.32R，未收盘达到2R，原追踪未激活。 退出下一根起48根内，最高回到原入场-0.19R，最低到-3.41R。,已比V9入场更贵，需评估确认收益能否覆盖追价代价；突破当时支撑或动能不完整，但此前单加六均线门未改善全池，不能直接套门,binance_um:BTCUSDT:15m:box_any:22776
T151,1000PEPEUSDT,15m,2025-04-19 17:15:00+00:00,2025-04-20 08:30:00+00:00,,0.0073374,0.0072537,0.0074198999999999,0.8103369175627078,盈利保护退出,持仓第62根K，最低价0.00741触及当时已生效保护价0.0074199；按追踪止损在0.0074199退出，扣费后净+0.81R。,距V9 2根，较父V9独立模拟入场价+0.20%；初始风险1.14%（2.00个信号ATR），往返成本0.175R。 入场信号收盘在六均线上方，IMACD向上且增强，相对成交量1.07倍。 原账本最大浮盈3.16R；5分钟审计得到实际止损前浮盈范围3.16–3.16R（若上下界不同，触及止损的5分钟内先后未知）。 已收盘触及2R并激活追踪；退出时保护在入场价+0.99R，激活不保证保本。 退出下一根起48根内，最高回到原入场+4.29R，最低到-0.91R。,已比V9入场更贵，需评估确认收益能否覆盖追价代价；作为盈利对照保留：任何更早止盈/更严过滤都需计算会损失多少这类赢家,binance_um:1000PEPEUSDT:15m:box_any:22784
T152,PENDLEUSDT,15m,2025-04-19 23:00:00+00:00,2025-04-20 00:00:00+00:00,,3.2008,3.1672,3.1672,-1.190523809523806,推进不足后止损,持仓第5根K，最低价3.1598触及当时已生效保护价3.1672；按初始止损在3.1672退出，扣费后净-1.19R。,距V9 18根，较父V9独立模拟入场价+0.01%；初始风险1.05%（2.01个信号ATR），往返成本0.191R。 入场信号收盘在六均线上方，IMACD向上且增强，相对成交量0.77倍。 原账本最大浮盈0.01R；5分钟审计得到实际止损前浮盈范围0.01–0.01R（若上下界不同，触及止损的5分钟内先后未知）。 退出前最高收盘-0.53R，未收盘达到2R，原追踪未激活。 退出下一根起48根内，最高回到原入场+0.81R，最低到-4.68R。,已比V9入场更贵，需评估确认收益能否覆盖追价代价,binance_um:PENDLEUSDT:15m:box_any:22807
T153,ENAUSDT,15m,2025-04-20 01:30:00+00:00,2025-04-20 07:15:00+00:00,,0.2865,0.2837,0.2837,-1.204642857142859,到过1R后回吐,持仓第24根K，最低价0.2823触及当时已生效保护价0.2837；按初始止损在0.2837退出，扣费后净-1.20R。,距V9 28根，较父V9独立模拟入场价+0.10%；初始风险0.98%（1.93个信号ATR），往返成本0.205R。 入场信号收盘在六均线上方，IMACD向上且增强，相对成交量0.86倍。 原账本最大浮盈1.75R；5分钟审计得到实际止损前浮盈范围1.75–1.75R（若上下界不同，触及止损的5分钟内先后未知）。 退出前最高收盘1.54R，未收盘达到2R，原追踪未激活。 退出下一根起48根内，最高回到原入场+0.32R，最低到-4.39R。,已比V9入场更贵，需评估确认收益能否覆盖追价代价,binance_um:ENAUSDT:15m:box_any:22817
T154,JUPUSDT,15m,2025-04-21 16:15:00+00:00,2025-04-21 16:45:00+00:00,,0.4033,0.3973,0.3973,-1.1344333333333354,前三根止损,持仓第3根K，最低价0.3952触及当时已生效保护价0.3973；按初始止损在0.3973退出，扣费后净-1.13R。,距V9 6根，较父V9独立模拟入场价-0.22%；初始风险1.49%（1.99个信号ATR），往返成本0.134R。 入场信号收盘在六均线上方，IMACD向上且增强，相对成交量1.04倍。 原账本最大浮盈0.10R；5分钟审计得到实际止损前浮盈范围0.10–0.10R（若上下界不同，触及止损的5分钟内先后未知）。 退出前最高收盘-0.47R，未收盘达到2R，原追踪未激活。 退出下一根起48根内，最高回到原入场+1.57R，最低到-1.88R。,退出后48根内曾回到+1R；属事后重启机会，不能证明放宽原止损会赚钱,binance_um:JUPUSDT:15m:box_any:22972
T155,WIFUSDT,15m,2025-04-22 08:15:00+00:00,2025-04-23 15:15:00+00:00,,0.4398,0.4244,0.5448000000000001,6.7610649350649235,盈利保护退出,持仓第125根K，最低价0.5385触及当时已生效保护价0.5448；按追踪止损在0.5448退出，扣费后净+6.76R。,距V9 1根，较父V9独立模拟入场价+0.14%；初始风险3.50%（3.43个信号ATR），往返成本0.057R。 入场信号收盘在六均线上方，IMACD向上且增强，相对成交量1.68倍。 原账本最大浮盈9.36R；5分钟审计得到实际止损前浮盈范围9.36–9.36R（若上下界不同，触及止损的5分钟内先后未知）。 已收盘触及2R并激活追踪；退出时保护在入场价+6.82R，激活不保证保本。 退出下一根起48根内，最高回到原入场+7.77R，最低到+5.31R。,已比V9入场更贵，需评估确认收益能否覆盖追价代价；作为盈利对照保留：任何更早止盈/更严过滤都需计算会损失多少这类赢家,binance_um:WIFUSDT:15m:box_any:23036
T156,MUBARAKUSDT,15m,2025-04-26 13:30:00+00:00,2025-04-26 13:45:00+00:00,,0.03555,0.03441,0.03441,-1.062368421052632,前三根止损,持仓第2根K，最低价0.0343触及当时已生效保护价0.03441；按初始止损在0.03441退出，扣费后净-1.06R。,距V9 51根，较父V9独立模拟入场价+2.48%；初始风险3.21%（2.33个信号ATR），往返成本0.062R。 入场信号收盘在六均线上方，IMACD向上且增强，相对成交量1.16倍。 原账本最大浮盈0.00R；5分钟审计得到实际止损前浮盈范围0.00–0.00R（若上下界不同，触及止损的5分钟内先后未知）。 退出前最高收盘-0.77R，未收盘达到2R，原追踪未激活。 退出下一根起48根内，最高回到原入场+1.66R，最低到-1.30R。,等待超过48根，需检验突破时原启动结构是否已失效；已比V9入场更贵，需评估确认收益能否覆盖追价代价；退出后48根内曾回到+1R；属事后重启机会，不能证明放宽原止损会赚钱,binance_um:MUBARAKUSDT:15m:box_any:3838
T157,MUBARAKUSDT,15m,2025-04-28 08:15:00+00:00,2025-04-28 14:30:00+00:00,,0.03697,0.03543,0.03543,-1.0480129870129868,推进不足后止损,持仓第26根K，最低价0.03452触及当时已生效保护价0.03543；按初始止损在0.03543退出，扣费后净-1.05R。,距V9 11根，较父V9独立模拟入场价-1.02%；初始风险4.17%（2.00个信号ATR），往返成本0.048R。 入场信号收盘在六均线上方，IMACD向上且增强，相对成交量1.55倍。 原账本最大浮盈0.49R；5分钟审计得到实际止损前浮盈范围0.49–0.49R（若上下界不同，触及止损的5分钟内先后未知）。 退出前最高收盘0.26R，未收盘达到2R，原追踪未激活。 退出下一根起48根内，最高回到原入场-0.64R，最低到-2.24R。,当前事实不足以提出特定改法；先保留原规则作为对照。,binance_um:MUBARAKUSDT:15m:box_any:4009
T158,1000PEPEUSDT,15m,2025-04-29 08:15:00+00:00,2025-04-29 12:15:00+00:00,,0.0090765,0.0089207,0.0089207,-1.1165147625160468,推进不足后止损,持仓第17根K，最低价0.0088641触及当时已生效保护价0.0089207；按初始止损在0.0089207退出，扣费后净-1.12R。,距V9 0根，较父V9独立模拟入场价+0.00%；初始风险1.72%（2.61个信号ATR），往返成本0.117R。 入场信号收盘在六均线上方，IMACD向上且增强，相对成交量1.50倍。 原账本最大浮盈0.11R；5分钟审计得到实际止损前浮盈范围0.11–0.11R（若上下界不同，触及止损的5分钟内先后未知）。 退出前最高收盘-0.11R，未收盘达到2R，原追踪未激活。 退出下一根起48根内，最高回到原入场+0.48R，最低到-2.35R。,当前事实不足以提出特定改法；先保留原规则作为对照。,binance_um:1000PEPEUSDT:15m:box_any:23708
T159,FILUSDT,15m,2025-05-01 02:15:00+00:00,2025-05-01 03:15:00+00:00,,2.798,2.7688,2.7688,-1.1916438356164352,推进不足后止损,持仓第5根K，最低价2.765触及当时已生效保护价2.7688；按初始止损在2.7688退出，扣费后净-1.19R。,距V9 4根，较父V9独立模拟入场价+0.14%；初始风险1.04%（2.08个信号ATR），往返成本0.192R。 入场信号收盘在六均线上方，IMACD向上且增强，相对成交量2.53倍。 原账本最大浮盈0.24R；5分钟审计得到实际止损前浮盈范围0.24–0.24R（若上下界不同，触及止损的5分钟内先后未知）。 退出前最高收盘-0.14R，未收盘达到2R，原追踪未激活。 退出下一根起48根内，最高回到原入场+1.10R，最低到-1.82R。,已比V9入场更贵，需评估确认收益能否覆盖追价代价；退出后48根内曾回到+1R；属事后重启机会，不能证明放宽原止损会赚钱,binance_um:FILUSDT:15m:box_any:23876
T160,ARUSDT,15m,2025-05-01 15:15:00+00:00,2025-05-03 03:30:00+00:00,,7.13,6.869,7.852,2.711647509578543,盈利保护退出,持仓第146根K，最低价7.809触及当时已生效保护价7.852；按追踪止损在7.852退出，扣费后净+2.71R。,距V9 0根，较父V9独立模拟入场价+0.00%；初始风险3.66%（4.56个信号ATR），往返成本0.055R。 入场信号收盘在六均线上方，IMACD向上且增强，相对成交量3.52倍。 原账本最大浮盈3.94R；5分钟审计得到实际止损前浮盈范围3.94–3.94R（若上下界不同，触及止损的5分钟内先后未知）。 已收盘触及2R并激活追踪；退出时保护在入场价+2.77R，激活不保证保本。 退出下一根起48根内，最高回到原入场+2.81R，最低到+0.91R。,作为盈利对照保留：任何更早止盈/更严过滤都需计算会损失多少这类赢家,binance_um:ARUSDT:15m:box_any:23928
T161,WIFUSDT,15m,2025-05-06 07:15:00+00:00,2025-05-06 08:00:00+00:00,,0.568,0.5558000000000001,0.5558000000000001,-1.0931147540983626,推进不足后止损,持仓第4根K，最低价0.5518触及当时已生效保护价0.5558；按初始止损在0.5558退出，扣费后净-1.09R。,距V9 11根，较父V9独立模拟入场价+1.23%；初始风险2.15%（2.55个信号ATR），往返成本0.093R。 入场信号收盘在六均线上方，IMACD向上且增强，相对成交量2.12倍。 原账本最大浮盈0.00R；5分钟审计得到实际止损前浮盈范围0.00–0.00R（若上下界不同，触及止损的5分钟内先后未知）。 退出前最高收盘-0.36R，未收盘达到2R，原追踪未激活。 退出下一根起48根内，最高回到原入场-0.72R，最低到-3.82R。,已比V9入场更贵，需评估确认收益能否覆盖追价代价,binance_um:WIFUSDT:15m:box_any:24376
T162,NEARUSDT,15m,2025-05-06 22:45:00+00:00,2025-05-07 03:30:00+00:00,,2.315,2.224,2.298,-0.2376923076923066,反向确认亏损退出,上一根出现原始反向信号，下一根开盘2.298退出；这笔不是价格触及止损退出，扣费后净-0.24R。,距V9 0根，较父V9独立模拟入场价+0.00%；初始风险3.93%（4.55个信号ATR），往返成本0.051R。 入场信号收盘在六均线上方，IMACD向上且增强，相对成交量1.83倍。 截至退出前/数据末端，原账本最大浮盈0.75R。 退出前最高收盘0.69R，未收盘达到2R，原追踪未激活。 退出下一根起48根内，最高回到原入场+0.35R，最低到-0.48R。,当前事实不足以提出特定改法；先保留原规则作为对照。,binance_um:NEARUSDT:15m:box_any:24438
T163,ENAUSDT,15m,2025-05-08 10:15:00+00:00,2025-05-09 16:45:00+00:00,,0.3057,0.29809,0.36079,7.158817345597891,盈利保护退出,持仓第123根K，最低价0.3601触及当时已生效保护价0.36079；按追踪止损在0.36079退出，扣费后净+7.16R。,距V9 30根，较父V9独立模拟入场价+10.48%；初始风险2.49%（2.15个信号ATR），往返成本0.080R。 入场信号收盘在六均线上方，IMACD向上且增强，相对成交量1.24倍。 原账本最大浮盈11.76R；5分钟审计得到实际止损前浮盈范围11.76–11.76R（若上下界不同，触及止损的5分钟内先后未知）。 已收盘触及2R并激活追踪；退出时保护在入场价+7.24R，激活不保证保本。 退出下一根起48根内，最高回到原入场+9.61R，最低到+6.69R。,已比V9入场更贵，需评估确认收益能否覆盖追价代价；作为盈利对照保留：任何更早止盈/更严过滤都需计算会损失多少这类赢家,binance_um:ENAUSDT:15m:box_any:24580
T164,BOMEUSDT,15m,2025-05-20 21:00:00+00:00,2025-05-21 17:15:00+00:00,,0.002233,0.0021441,0.0023271,1.0082564679415018,盈利保护退出,持仓第82根K，最低价0.002263触及当时已生效保护价0.0023271；按追踪止损在0.0023271退出，扣费后净+1.01R。,距V9 3根，较父V9独立模拟入场价+2.15%；初始风险3.98%（3.02个信号ATR），往返成本0.050R。 入场信号收盘在六均线上方，IMACD未同时满足向上和增强，相对成交量1.95倍。 原账本最大浮盈2.83R；5分钟审计得到实际止损前浮盈范围2.83–2.83R（若上下界不同，触及止损的5分钟内先后未知）。 已收盘触及2R并激活追踪；退出时保护在入场价+1.06R，激活不保证保本。 退出下一根起48根内，最高回到原入场+3.72R，最低到+0.04R。,已比V9入场更贵，需评估确认收益能否覆盖追价代价；突破当时支撑或动能不完整，但此前单加六均线门未改善全池，不能直接套门；作为盈利对照保留：任何更早止盈/更严过滤都需计算会损失多少这类赢家,binance_um:BOMEUSDT:15m:box_any:25775
T165,AEROUSDT,15m,2025-05-20 23:15:00+00:00,2025-05-21 02:00:00+00:00,,0.6336,0.6232,0.6232,-1.121846153846154,推进不足后止损,持仓第12根K，最低价0.6185触及当时已生效保护价0.6232；按初始止损在0.6232退出，扣费后净-1.12R。,距V9 2根，较父V9独立模拟入场价+0.76%；初始风险1.64%（2.02个信号ATR），往返成本0.122R。 入场信号收盘在六均线上方，IMACD向上且增强，相对成交量0.50倍。 原账本最大浮盈0.51R；5分钟审计得到实际止损前浮盈范围0.51–0.51R（若上下界不同，触及止损的5分钟内先后未知）。 退出前最高收盘0.15R，未收盘达到2R，原追踪未激活。 退出下一根起48根内，最高回到原入场+1.59R，最低到-1.32R。,已比V9入场更贵，需评估确认收益能否覆盖追价代价；退出后48根内曾回到+1R；属事后重启机会，不能证明放宽原止损会赚钱,binance_um:AEROUSDT:15m:box_any:16067
T166,1000PEPEUSDT,15m,2025-05-21 03:00:00+00:00,2025-05-21 17:15:00+00:00,,0.0134658,0.012992,0.0137454999999999,0.5334917686787676,盈利保护退出,持仓第58根K，最低价0.0135885触及当时已生效保护价0.0137455；按追踪止损在0.0137455退出，扣费后净+0.53R。,距V9 1根，较父V9独立模拟入场价+0.84%；初始风险3.52%（3.44个信号ATR），往返成本0.057R。 入场信号收盘在六均线上方，IMACD向上且增强，相对成交量2.99倍。 原账本最大浮盈2.46R；5分钟审计得到实际止损前浮盈范围2.46–2.46R（若上下界不同，触及止损的5分钟内先后未知）。 已收盘触及2R并激活追踪；退出时保护在入场价+0.59R，激活不保证保本。 退出下一根起48根内，最高回到原入场+1.72R，最低到-1.40R。,已比V9入场更贵，需评估确认收益能否覆盖追价代价；作为盈利对照保留：任何更早止盈/更严过滤都需计算会损失多少这类赢家,binance_um:1000PEPEUSDT:15m:box_any:25799
T167,UNIUSDT,15m,2025-05-21 04:15:00+00:00,2025-05-21 17:45:00+00:00,,6.359,6.024,6.041,-0.9872179104477596,反向确认亏损退出,上一根出现原始反向信号，下一根开盘6.041退出；这笔不是价格触及止损退出，扣费后净-0.99R。,距V9 3根，较父V9独立模拟入场价+2.76%；初始风险5.27%（4.19个信号ATR），往返成本0.038R。 入场信号收盘在六均线上方，IMACD向上且增强，相对成交量4.04倍。 截至退出前/数据末端，原账本最大浮盈0.44R。 退出前最高收盘0.36R，未收盘达到2R，原追踪未激活。 退出下一根起48根内，最高回到原入场+0.36R，最低到-1.08R。,已比V9入场更贵，需评估确认收益能否覆盖追价代价,binance_um:UNIUSDT:15m:box_any:25804
T168,ARUSDT,15m,2025-05-21 05:45:00+00:00,2025-05-21 07:15:00+00:00,,7.424,7.289000000000001,7.289000000000001,-1.1099851851851823,推进不足后止损,持仓第7根K，最低价7.248触及当时已生效保护价7.289；按初始止损在7.289退出，扣费后净-1.11R。,距V9 38根，较父V9独立模拟入场价+1.67%；初始风险1.82%（2.15个信号ATR），往返成本0.110R。 入场信号收盘在六均线上方，IMACD向上且增强，相对成交量1.14倍。 原账本最大浮盈0.19R；5分钟审计得到实际止损前浮盈范围0.19–0.19R（若上下界不同，触及止损的5分钟内先后未知）。 退出前最高收盘0.06R，未收盘达到2R，原追踪未激活。 退出下一根起48根内，最高回到原入场+2.09R，最低到-2.32R。,已比V9入场更贵，需评估确认收益能否覆盖追价代价；退出后48根内曾回到+1R；属事后重启机会，不能证明放宽原止损会赚钱,binance_um:ARUSDT:15m:box_any:25810
T169,AEROUSDT,15m,2025-05-21 06:45:00+00:00,2025-05-21 09:00:00+00:00,,0.6448,0.6273000000000001,0.6273000000000001,-1.07369142857143,推进不足后止损,持仓第10根K，最低价0.6259触及当时已生效保护价0.6273；按初始止损在0.6273退出，扣费后净-1.07R。,距V9 1根，较父V9独立模拟入场价+0.45%；初始风险2.71%（3.43个信号ATR），往返成本0.074R。 入场信号收盘在六均线上方，IMACD向上且增强，相对成交量10.67倍。 原账本最大浮盈0.14R；5分钟审计得到实际止损前浮盈范围0.14–0.14R（若上下界不同，触及止损的5分钟内先后未知）。 退出前最高收盘-0.03R，未收盘达到2R，原追踪未激活。 退出下一根起48根内，最高回到原入场+1.82R，最低到-1.22R。,已比V9入场更贵，需评估确认收益能否覆盖追价代价；退出后48根内曾回到+1R；属事后重启机会，不能证明放宽原止损会赚钱,binance_um:AEROUSDT:15m:box_any:16097
T170,ZENUSDT,15m,2025-05-21 06:45:00+00:00,2025-05-21 17:15:00+00:00,,9.388,9.198,9.535,0.6748631578947396,盈利保护退出,持仓第43根K，最低价9.522触及当时已生效保护价9.535；按追踪止损在9.535退出，扣费后净+0.67R。,距V9 0根，较父V9独立模拟入场价+0.00%；初始风险2.02%（2.47个信号ATR），往返成本0.099R。 入场信号收盘在六均线上方，IMACD向上且增强，相对成交量3.85倍。 原账本最大浮盈3.69R；5分钟审计得到实际止损前浮盈范围3.69–3.69R（若上下界不同，触及止损的5分钟内先后未知）。 已收盘触及2R并激活追踪；退出时保护在入场价+0.77R，激活不保证保本。 退出下一根起48根内，最高回到原入场+5.09R，最低到+0.65R。,作为盈利对照保留：任何更早止盈/更严过滤都需计算会损失多少这类赢家,binance_um:ZENUSDT:15m:box_any:25814
T171,APTUSDT,15m,2025-05-21 15:45:00+00:00,2025-05-21 17:15:00+00:00,,5.2433,5.1489,5.1489,-1.1110868644067833,到过1R后回吐,持仓第7根K，最低价5.1214触及当时已生效保护价5.1489；按初始止损在5.1489退出，扣费后净-1.11R。,距V9 3根，较父V9独立模拟入场价+0.10%；初始风险1.80%（2.76个信号ATR），往返成本0.111R。 入场信号收盘在六均线上方，IMACD向上且增强，相对成交量2.15倍。 原账本最大浮盈1.58R；5分钟审计得到实际止损前浮盈范围1.58–1.58R（若上下界不同，触及止损的5分钟内先后未知）。 退出前最高收盘1.39R，未收盘达到2R，原追踪未激活。 退出下一根起48根内，最高回到原入场+1.69R，最低到-1.44R。,已比V9入场更贵，需评估确认收益能否覆盖追价代价；退出后48根内曾回到+1R；属事后重启机会，不能证明放宽原止损会赚钱,binance_um:APTUSDT:15m:box_any:25850
T172,SOLUSDT,15m,2025-05-21 16:15:00+00:00,2025-05-21 17:15:00+00:00,,172.03,169.54,169.54,-1.1381767068273128,到过1R后回吐,持仓第5根K，最低价166.38触及当时已生效保护价169.54；按初始止损在169.54退出，扣费后净-1.14R。,距V9 5根，较父V9独立模拟入场价-0.40%；初始风险1.45%（2.01个信号ATR），往返成本0.138R。 入场信号收盘在六均线上方，IMACD向上且增强，相对成交量1.32倍。 原账本最大浮盈1.16R；5分钟审计得到实际止损前浮盈范围1.16–1.16R（若上下界不同，触及止损的5分钟内先后未知）。 退出前最高收盘1.09R，未收盘达到2R，原追踪未激活。 退出下一根起48根内，最高回到原入场+2.31R，最低到-2.69R。,退出后48根内曾回到+1R；属事后重启机会，不能证明放宽原止损会赚钱,binance_um:SOLUSDT:15m:box_any:25852
T173,AAVEUSDT,15m,2025-05-22 09:30:00+00:00,2025-05-22 10:00:00+00:00,,259.55,253.05,253.05,-1.0798615384615404,前三根止损,持仓第3根K，最低价252.67触及当时已生效保护价253.05；按初始止损在253.05退出，扣费后净-1.08R。,距V9 1根，较父V9独立模拟入场价+0.92%；初始风险2.50%（2.93个信号ATR），往返成本0.080R。 入场信号收盘在六均线上方，IMACD向上且增强，相对成交量2.28倍。 原账本最大浮盈0.05R；5分钟审计得到实际止损前浮盈范围0.05–0.05R（若上下界不同，触及止损的5分钟内先后未知）。 退出前最高收盘-0.55R，未收盘达到2R，原追踪未激活。 退出下一根起48根内，最高回到原入场-0.08R，最低到-1.28R。,已比V9入场更贵，需评估确认收益能否覆盖追价代价,binance_um:AAVEUSDT:15m:box_any:25921
T174,AAVEUSDT,15m,2025-05-23 02:30:00+00:00,2025-05-23 06:15:00+00:00,,262.9,254.33,254.33,-1.0613535589264889,推进不足后止损,持仓第16根K，最低价254.24触及当时已生效保护价254.33；按初始止损在254.33退出，扣费后净-1.06R。,距V9 0根，较父V9独立模拟入场价+0.00%；初始风险3.26%（4.37个信号ATR），往返成本0.061R。 入场信号收盘在六均线上方，IMACD向上且增强，相对成交量3.93倍。 原账本最大浮盈0.14R；5分钟审计得到实际止损前浮盈范围0.14–0.14R（若上下界不同，触及止损的5分钟内先后未知）。 退出前最高收盘-0.07R，未收盘达到2R，原追踪未激活。 退出下一根起48根内，最高回到原入场+0.01R，最低到-2.78R。,当前事实不足以提出特定改法；先保留原规则作为对照。,binance_um:AAVEUSDT:15m:box_any:25989
T175,AAVEUSDT,15m,2025-05-24 10:45:00+00:00,2025-05-24 22:45:00+00:00,,265.7,259.64,259.64,-1.0876897689768987,到过1R后回吐,持仓第49根K，最低价259.62触及当时已生效保护价259.64；按初始止损在259.64退出，扣费后净-1.09R。,距V9 83根，较父V9独立模拟入场价+1.91%；初始风险2.28%（2.70个信号ATR），往返成本0.088R。 入场信号收盘在六均线上方，IMACD向上且增强，相对成交量3.56倍。 原账本最大浮盈1.84R；5分钟审计得到实际止损前浮盈范围1.84–1.84R（若上下界不同，触及止损的5分钟内先后未知）。 退出前最高收盘1.66R，未收盘达到2R，原追踪未激活。 退出下一根起48根内，最高回到原入场+0.81R，最低到-1.56R。,等待超过48根，需检验突破时原启动结构是否已失效；已比V9入场更贵，需评估确认收益能否覆盖追价代价,binance_um:AAVEUSDT:15m:box_any:26118
T176,NEARUSDT,15m,2025-05-27 06:15:00+00:00,2025-05-28 14:30:00+00:00,,2.837,2.76,2.833,-0.1256363636363631,反向确认亏损退出,上一根出现原始反向信号，下一根开盘2.833退出；这笔不是价格触及止损退出，扣费后净-0.13R。,距V9 11根，较父V9独立模拟入场价+1.25%；初始风险2.71%（3.76个信号ATR），往返成本0.074R。 入场信号收盘在六均线上方，IMACD未同时满足向上和增强，相对成交量3.13倍。 截至退出前/数据末端，原账本最大浮盈1.14R。 退出前最高收盘0.95R，未收盘达到2R，原追踪未激活。 退出下一根起48根内，最高回到原入场+1.83R，最低到-1.34R。,已比V9入场更贵，需评估确认收益能否覆盖追价代价；突破当时支撑或动能不完整，但此前单加六均线门未改善全池，不能直接套门；退出后48根内曾回到+1R；属事后重启机会，不能证明放宽原止损会赚钱,binance_um:NEARUSDT:15m:box_any:26388
T177,APTUSDT,15m,2025-05-27 06:30:00+00:00,2025-05-28 05:30:00+00:00,,5.3872,5.228400000000001,5.3559,-0.2649521410579335,反向确认亏损退出,上一根出现原始反向信号，下一根开盘5.3559退出；这笔不是价格触及止损退出，扣费后净-0.26R。,距V9 0根，较父V9独立模拟入场价+0.00%；初始风险2.95%（4.63个信号ATR），往返成本0.068R。 入场信号收盘在六均线上方，IMACD向上且增强，相对成交量3.00倍。 截至退出前/数据末端，原账本最大浮盈0.83R。 退出前最高收盘0.67R，未收盘达到2R，原追踪未激活。 退出下一根起48根内，最高回到原入场+0.58R，最低到-1.02R。,当前事实不足以提出特定改法；先保留原规则作为对照。,binance_um:APTUSDT:15m:box_any:26389
T178,ZENUSDT,15m,2025-05-27 06:30:00+00:00,2025-05-28 00:30:00+00:00,,9.544,9.282,9.48,-0.3171297709923651,反向确认亏损退出,上一根出现原始反向信号，下一根开盘9.48退出；这笔不是价格触及止损退出，扣费后净-0.32R。,距V9 0根，较父V9独立模拟入场价+0.00%；初始风险2.75%（3.77个信号ATR），往返成本0.073R。 入场信号收盘在六均线上方，IMACD向上且增强，相对成交量1.78倍。 截至退出前/数据末端，原账本最大浮盈0.85R。 退出前最高收盘0.63R，未收盘达到2R，原追踪未激活。 退出下一根起48根内，最高回到原入场+0.48R，最低到-1.29R。,当前事实不足以提出特定改法；先保留原规则作为对照。,binance_um:ZENUSDT:15m:box_any:26389
T179,UNIUSDT,15m,2025-05-27 09:15:00+00:00,2025-05-27 13:30:00+00:00,,6.673,6.55,6.55,-1.10850406504065,推进不足后止损,持仓第18根K，最低价6.496触及当时已生效保护价6.55；按初始止损在6.55退出，扣费后净-1.11R。,距V9 109根，较父V9独立模拟入场价+5.37%；初始风险1.84%（2.00个信号ATR），往返成本0.109R。 入场信号收盘在六均线上方，IMACD向上且增强，相对成交量0.67倍。 原账本最大浮盈0.89R；5分钟审计得到实际止损前浮盈范围0.89–0.89R（若上下界不同，触及止损的5分钟内先后未知）。 退出前最高收盘0.74R，未收盘达到2R，原追踪未激活。 退出下一根起48根内，最高回到原入场-0.18R，最低到-3.57R。,等待超过48根，需检验突破时原启动结构是否已失效；已比V9入场更贵，需评估确认收益能否覆盖追价代价,binance_um:UNIUSDT:15m:box_any:26400
T180,ZENUSDT,15m,2025-05-28 12:45:00+00:00,2025-05-28 13:45:00+00:00,,9.643,9.423,9.423,-1.0876636363636365,推进不足后止损,持仓第5根K，最低价9.418触及当时已生效保护价9.423；按初始止损在9.423退出，扣费后净-1.09R。,距V9 0根，较父V9独立模拟入场价+0.00%；初始风险2.28%（3.20个信号ATR），往返成本0.088R。 入场信号收盘在六均线上方，IMACD向上且增强，相对成交量3.88倍。 原账本最大浮盈0.05R；5分钟审计得到实际止损前浮盈范围0.05–0.05R（若上下界不同，触及止损的5分钟内先后未知）。 退出前最高收盘-0.37R，未收盘达到2R，原追踪未激活。 退出下一根起48根内，最高回到原入场+0.32R，最低到-2.30R。,当前事实不足以提出特定改法；先保留原规则作为对照。,binance_um:ZENUSDT:15m:box_any:26510
T181,MUBARAKUSDT,15m,2025-06-02 14:45:00+00:00,2025-06-03 16:45:00+00:00,,0.03981,0.03848,0.04263,2.0604360902255667,盈利保护退出,持仓第105根K，最低价0.04198触及当时已生效保护价0.04263；按追踪止损在0.04263退出，扣费后净+2.06R。,距V9 0根，较父V9独立模拟入场价+0.00%；初始风险3.34%（2.37个信号ATR），往返成本0.060R。 入场信号收盘在六均线上方，IMACD向上且增强，相对成交量2.97倍。 原账本最大浮盈5.27R；5分钟审计得到实际止损前浮盈范围5.27–5.27R（若上下界不同，触及止损的5分钟内先后未知）。 已收盘触及2R并激活追踪；退出时保护在入场价+2.12R，激活不保证保本。 退出下一根起48根内，最高回到原入场+2.77R，最低到+1.32R。,作为盈利对照保留：任何更早止盈/更严过滤都需计算会损失多少这类赢家,binance_um:MUBARAKUSDT:15m:box_any:7395
T182,ENAUSDT,15m,2025-06-02 21:45:00+00:00,2025-06-03 21:45:00+00:00,,0.3174,0.30809,0.33378,1.6912137486573595,盈利保护退出,持仓第97根K，最低价0.3304触及当时已生效保护价0.33378；按追踪止损在0.33378退出，扣费后净+1.69R。,距V9 1根，较父V9独立模拟入场价-0.87%；初始风险2.93%（2.30个信号ATR），往返成本0.068R。 入场信号收盘在六均线上方，IMACD向上且增强，相对成交量3.45倍。 原账本最大浮盈3.36R；5分钟审计得到实际止损前浮盈范围3.36–3.36R（若上下界不同，触及止损的5分钟内先后未知）。 已收盘触及2R并激活追踪；退出时保护在入场价+1.76R，激活不保证保本。 退出下一根起48根内，最高回到原入场+3.62R，最低到+1.37R。,作为盈利对照保留：任何更早止盈/更严过滤都需计算会损失多少这类赢家,binance_um:ENAUSDT:15m:box_any:27026
T183,BTCUSDT,15m,2025-06-03 00:15:00+00:00,2025-06-03 03:00:00+00:00,,106124.6,105458.2,105458.2,-1.318501200480192,推进不足后止损,持仓第12根K，最低价105280触及当时已生效保护价105458；按初始止损在105458退出，扣费后净-1.32R。,距V9 6根，较父V9独立模拟入场价+0.62%；初始风险0.63%（2.27个信号ATR），往返成本0.319R。 入场信号收盘在六均线上方，IMACD向上且增强，相对成交量3.00倍。 原账本最大浮盈0.52R；5分钟审计得到实际止损前浮盈范围0.52–0.52R（若上下界不同，触及止损的5分钟内先后未知）。 退出前最高收盘0.48R，未收盘达到2R，原追踪未激活。 退出下一根起48根内，最高回到原入场+0.81R，最低到-1.95R。,已比V9入场更贵，需评估确认收益能否覆盖追价代价,binance_um:BTCUSDT:15m:box_any:27036
T184,PENDLEUSDT,15m,2025-06-07 11:30:00+00:00,2025-06-08 06:45:00+00:00,,4.0679,4.0303,4.0303,-1.2163776595744682,到过1R后回吐,持仓第78根K，最低价4.023触及当时已生效保护价4.0303；按初始止损在4.0303退出，扣费后净-1.22R。,距V9 2根，较父V9独立模拟入场价+0.25%；初始风险0.92%（2.00个信号ATR），往返成本0.216R。 入场信号收盘在六均线上方，IMACD向上且增强，相对成交量2.46倍。 原账本最大浮盈1.78R；5分钟审计得到实际止损前浮盈范围1.78–1.78R（若上下界不同，触及止损的5分钟内先后未知）。 退出前最高收盘1.40R，未收盘达到2R，原追踪未激活。 退出下一根起48根内，最高回到原入场+1.39R，最低到-1.93R。,已比V9入场更贵，需评估确认收益能否覆盖追价代价；退出后48根内曾回到+1R；属事后重启机会，不能证明放宽原止损会赚钱,binance_um:PENDLEUSDT:15m:box_any:27465
T185,HYPEUSDT,15m,2025-06-07 16:15:00+00:00,2025-06-07 18:30:00+00:00,,34.816,34.384,34.384,-1.1611851851851829,推进不足后止损,持仓第10根K，最低价34.327触及当时已生效保护价34.384；按初始止损在34.384退出，扣费后净-1.16R。,距V9 9根，较父V9独立模拟入场价+1.42%；初始风险1.24%（2.00个信号ATR），往返成本0.161R。 入场信号收盘在六均线上方，IMACD向上且增强，相对成交量1.20倍。 原账本最大浮盈0.38R；5分钟审计得到实际止损前浮盈范围0.38–0.38R（若上下界不同，触及止损的5分钟内先后未知）。 退出前最高收盘0.31R，未收盘达到2R，原追踪未激活。 退出下一根起48根内，最高回到原入场+1.32R，最低到-1.06R。,已比V9入场更贵，需评估确认收益能否覆盖追价代价；退出后48根内曾回到+1R；属事后重启机会，不能证明放宽原止损会赚钱,binance_um:HYPEUSDT:15m:box_any:790
T186,ZENUSDT,15m,2025-06-09 10:30:00+00:00,2025-06-10 05:30:00+00:00,,10.245,10.004,10.546,1.163941908713699,盈利保护退出,持仓第77根K，最低价10.492触及当时已生效保护价10.546；按追踪止损在10.546退出，扣费后净+1.16R。,距V9 2根，较父V9独立模拟入场价+0.98%；初始风险2.35%（3.69个信号ATR），往返成本0.085R。 入场信号收盘在六均线上方，IMACD向上且增强，相对成交量2.33倍。 原账本最大浮盈3.07R；5分钟审计得到实际止损前浮盈范围3.07–3.07R（若上下界不同，触及止损的5分钟内先后未知）。 已收盘触及2R并激活追踪；退出时保护在入场价+1.25R，激活不保证保本。 退出下一根起48根内，最高回到原入场+2.62R，最低到+0.45R。,已比V9入场更贵，需评估确认收益能否覆盖追价代价；作为盈利对照保留：任何更早止盈/更严过滤都需计算会损失多少这类赢家,binance_um:ZENUSDT:15m:box_any:27653
T187,ARUSDT,15m,2025-06-09 11:15:00+00:00,2025-06-10 14:30:00+00:00,,6.518,6.36,7.0,2.9681265822784915,盈利保护退出,持仓第110根K，最低价6.978触及当时已生效保护价7；按追踪止损在7退出，扣费后净+2.97R。,距V9 6根，较父V9独立模拟入场价+2.18%；初始风险2.42%（3.89个信号ATR），往返成本0.083R。 入场信号收盘在六均线上方，IMACD向上且增强，相对成交量1.68倍。 原账本最大浮盈5.25R；5分钟审计得到实际止损前浮盈范围5.25–5.25R（若上下界不同，触及止损的5分钟内先后未知）。 已收盘触及2R并激活追踪；退出时保护在入场价+3.05R，激活不保证保本。 退出下一根起48根内，最高回到原入场+6.10R，最低到+2.78R。,已比V9入场更贵，需评估确认收益能否覆盖追价代价；作为盈利对照保留：任何更早止盈/更严过滤都需计算会损失多少这类赢家,binance_um:ARUSDT:15m:box_any:27656
T188,MUBARAKUSDT,15m,2025-06-09 13:15:00+00:00,2025-06-10 05:30:00+00:00,,0.03956,0.03882,0.04185,2.9876756756756913,盈利保护退出,持仓第66根K，最低价0.04145触及当时已生效保护价0.04185；按追踪止损在0.04185退出，扣费后净+2.99R。,距V9 13根，较父V9独立模拟入场价+0.64%；初始风险1.87%（2.00个信号ATR），往返成本0.107R。 入场信号收盘在六均线上方，IMACD向上且增强，相对成交量1.18倍。 原账本最大浮盈6.54R；5分钟审计得到实际止损前浮盈范围6.54–6.54R（若上下界不同，触及止损的5分钟内先后未知）。 已收盘触及2R并激活追踪；退出时保护在入场价+3.09R，激活不保证保本。 退出下一根起48根内，最高回到原入场+5.70R，最低到+2.36R。,已比V9入场更贵，需评估确认收益能否覆盖追价代价；作为盈利对照保留：任何更早止盈/更严过滤都需计算会损失多少这类赢家,binance_um:MUBARAKUSDT:15m:box_any:8061
T189,FILUSDT,15m,2025-06-09 19:15:00+00:00,2025-06-10 06:00:00+00:00,,2.526,2.5038,2.5679000000000003,1.6598198198198555,盈利保护退出,持仓第44根K，最低价2.566触及当时已生效保护价2.5679；按追踪止损在2.5679退出，扣费后净+1.66R。,距V9 37根，较父V9独立模拟入场价+1.08%；初始风险0.88%（2.00个信号ATR），往返成本0.228R。 入场信号收盘在六均线上方，IMACD向上且增强，相对成交量0.78倍。 原账本最大浮盈5.00R；5分钟审计得到实际止损前浮盈范围5.00–5.00R（若上下界不同，触及止损的5分钟内先后未知）。 已收盘触及2R并激活追踪；退出时保护在入场价+1.89R，激活不保证保本。 退出下一根起48根内，最高回到原入场+8.87R，最低到+1.94R。,已比V9入场更贵，需评估确认收益能否覆盖追价代价；作为盈利对照保留：任何更早止盈/更严过滤都需计算会损失多少这类赢家,binance_um:FILUSDT:15m:box_any:27688
T190,NEARUSDT,15m,2025-06-09 21:30:00+00:00,2025-06-11 18:00:00+00:00,,2.534,2.46,2.63,1.2288108108108164,盈利保护退出,持仓第179根K，最低价2.625触及当时已生效保护价2.63；按追踪止损在2.63退出，扣费后净+1.23R。,距V9 19根，较父V9独立模拟入场价+2.01%；初始风险2.92%（4.92个信号ATR），往返成本0.068R。 入场信号收盘在六均线上方，IMACD向上且增强，相对成交量3.42倍。 原账本最大浮盈2.65R；5分钟审计得到实际止损前浮盈范围2.65–2.65R（若上下界不同，触及止损的5分钟内先后未知）。 已收盘触及2R并激活追踪；退出时保护在入场价+1.30R，激活不保证保本。 退出下一根起48根内，最高回到原入场+1.43R，最低到-0.46R。,已比V9入场更贵，需评估确认收益能否覆盖追价代价；作为盈利对照保留：任何更早止盈/更严过滤都需计算会损失多少这类赢家,binance_um:NEARUSDT:15m:box_any:27697
T191,AEROUSDT,15m,2025-06-16 02:30:00+00:00,2025-06-16 22:45:00+00:00,,0.7644,0.7233,0.8153,1.201245742092462,盈利保护退出,持仓第82根K，最低价0.8125触及当时已生效保护价0.8153；按追踪止损在0.8153退出，扣费后净+1.20R。,距V9 10根，较父V9独立模拟入场价+1.72%；初始风险5.38%（3.78个信号ATR），往返成本0.037R。 入场信号收盘在六均线上方，IMACD向上且增强，相对成交量3.77倍。 原账本最大浮盈2.76R；5分钟审计得到实际止损前浮盈范围2.76–2.76R（若上下界不同，触及止损的5分钟内先后未知）。 已收盘触及2R并激活追踪；退出时保护在入场价+1.24R，激活不保证保本。 退出下一根起48根内，最高回到原入场+1.54R，最低到-0.24R。,已比V9入场更贵，需评估确认收益能否覆盖追价代价；作为盈利对照保留：任何更早止盈/更严过滤都需计算会损失多少这类赢家,binance_um:AEROUSDT:15m:box_any:18576
T192,MUBARAKUSDT,15m,2025-06-16 22:15:00+00:00,2025-06-16 22:30:00+00:00,,0.03665,0.03614,0.03614,-1.1437254901960765,前三根止损,持仓第2根K，最低价0.03575触及当时已生效保护价0.03614；按初始止损在0.03614退出，扣费后净-1.14R。,距V9 81根，较父V9独立模拟入场价+5.92%；初始风险1.39%（1.98个信号ATR），往返成本0.144R。 入场信号收盘在六均线上方，IMACD向上且增强，相对成交量0.92倍。 原账本最大浮盈0.59R；5分钟审计得到实际止损前浮盈范围0.59–0.59R（若上下界不同，触及止损的5分钟内先后未知）。 退出前最高收盘0.59R，未收盘达到2R，原追踪未激活。 退出下一根起48根内，最高回到原入场-0.75R，最低到-5.75R。,等待超过48根，需检验突破时原启动结构是否已失效；已比V9入场更贵，需评估确认收益能否覆盖追价代价,binance_um:MUBARAKUSDT:15m:box_any:8769
T193,UNIUSDT,15m,2025-06-19 09:15:00+00:00,2025-06-19 11:45:00+00:00,,7.799,7.662,7.662,-1.1138540145985385,到过1R后回吐,持仓第11根K，最低价7.656触及当时已生效保护价7.662；按初始止损在7.662退出，扣费后净-1.11R。,距V9 3根，较父V9独立模拟入场价-0.36%；初始风险1.76%（2.01个信号ATR），往返成本0.114R。 入场信号收盘在六均线上方，IMACD向上且增强，相对成交量0.92倍。 原账本最大浮盈1.09R；5分钟审计得到实际止损前浮盈范围1.09–1.09R（若上下界不同，触及止损的5分钟内先后未知）。 退出前最高收盘0.65R，未收盘达到2R，原追踪未激活。 退出下一根起48根内，最高回到原入场-0.23R，最低到-2.52R。,当前事实不足以提出特定改法；先保留原规则作为对照。,binance_um:UNIUSDT:15m:box_any:28608
T194,ZECUSDT,15m,2025-06-20 09:15:00+00:00,2025-06-20 13:45:00+00:00,,41.83,41.43,41.43,-1.2091500000000015,推进不足后止损,持仓第19根K，最低价41.41触及当时已生效保护价41.43；按初始止损在41.43退出，扣费后净-1.21R。,距V9 6根，较父V9独立模拟入场价+0.26%；初始风险0.96%（2.00个信号ATR），往返成本0.209R。 入场信号收盘在六均线上方，IMACD向上且增强，相对成交量2.69倍。 原账本最大浮盈0.27R；5分钟审计得到实际止损前浮盈范围0.27–0.27R（若上下界不同，触及止损的5分钟内先后未知）。 退出前最高收盘0.13R，未收盘达到2R，原追踪未激活。 退出下一根起48根内，最高回到原入场-0.50R，最低到-6.68R。,已比V9入场更贵，需评估确认收益能否覆盖追价代价,binance_um:ZECUSDT:15m:box_any:28704
T195,AAVEUSDT,15m,2025-06-20 13:30:00+00:00,2025-06-20 13:45:00+00:00,,264.0,260.83,260.83,-1.1665615141955838,前三根止损,持仓第2根K，最低价260.57触及当时已生效保护价260.83；按初始止损在260.83退出，扣费后净-1.17R。,距V9 19根，较父V9独立模拟入场价+2.40%；初始风险1.20%（2.38个信号ATR），往返成本0.167R。 入场信号收盘在六均线上方，IMACD向上且增强，相对成交量1.57倍。 原账本最大浮盈0.10R；5分钟审计得到实际止损前浮盈范围0.10–0.10R（若上下界不同，触及止损的5分钟内先后未知）。 退出前最高收盘-0.20R，未收盘达到2R，原追踪未激活。 退出下一根起48根内，最高回到原入场-0.23R，最低到-6.98R。,已比V9入场更贵，需评估确认收益能否覆盖追价代价,binance_um:AAVEUSDT:15m:box_any:28721
T196,HYPEUSDT,15m,2025-06-25 13:45:00+00:00,2025-06-25 14:15:00+00:00,,38.85,37.907,37.907,-1.0823966065747634,前三根止损,持仓第3根K，最低价37.452触及当时已生效保护价37.907；按初始止损在37.907退出，扣费后净-1.08R。,距V9 1根，较父V9独立模拟入场价-0.05%；初始风险2.43%（2.54个信号ATR），往返成本0.082R。 入场信号收盘在六均线上方，IMACD向上且增强，相对成交量2.51倍。 原账本最大浮盈0.26R；5分钟审计得到实际止损前浮盈范围0.26–0.26R（若上下界不同，触及止损的5分钟内先后未知）。 退出前最高收盘0.01R，未收盘达到2R，原追踪未激活。 退出下一根起48根内，最高回到原入场-0.57R，最低到-2.34R。,当前事实不足以提出特定改法；先保留原规则作为对照。,binance_um:HYPEUSDT:15m:box_any:2508
T197,PENDLEUSDT,15m,2025-06-27 09:00:00+00:00,2025-06-27 18:15:00+00:00,,3.4416,3.3435,3.3667,-0.8336717635066281,反向确认亏损退出,上一根出现原始反向信号，下一根开盘3.3667退出；这笔不是价格触及止损退出，扣费后净-0.83R。,距V9 0根，较父V9独立模拟入场价+0.00%；初始风险2.85%（4.39个信号ATR），往返成本0.070R。 入场信号收盘在六均线上方，IMACD向上且增强，相对成交量5.21倍。 截至退出前/数据末端，原账本最大浮盈0.59R。 退出前最高收盘0.33R，未收盘达到2R，原追踪未激活。 退出下一根起48根内，最高回到原入场+0.54R，最低到-1.07R。,当前事实不足以提出特定改法；先保留原规则作为对照。,binance_um:PENDLEUSDT:15m:box_any:29375
T198,ZENUSDT,15m,2025-06-27 16:00:00+00:00,2025-06-28 03:15:00+00:00,,7.315,7.123,7.205,-0.6491145833333328,反向确认亏损退出,上一根出现原始反向信号，下一根开盘7.205退出；这笔不是价格触及止损退出，扣费后净-0.65R。,距V9 0根，较父V9独立模拟入场价+0.00%；初始风险2.62%（3.75个信号ATR），往返成本0.076R。 入场信号收盘在六均线上方，IMACD向上且增强，相对成交量4.53倍。 截至退出前/数据末端，原账本最大浮盈0.43R。 退出前最高收盘0.18R，未收盘达到2R，原追踪未激活。 退出下一根起48根内，最高回到原入场+0.12R，最低到-0.76R。,当前事实不足以提出特定改法；先保留原规则作为对照。,binance_um:ZENUSDT:15m:box_any:29403
T199,AAVEUSDT,15m,2025-06-27 17:15:00+00:00,2025-06-27 17:45:00+00:00,,261.98,257.97,257.97,-1.130663341645887,前三根止损,持仓第3根K，最低价256.69触及当时已生效保护价257.97；按初始止损在257.97退出，扣费后净-1.13R。,距V9 5根，较父V9独立模拟入场价-1.06%；初始风险1.53%（2.00个信号ATR），往返成本0.131R。 入场信号收盘在六均线上方，IMACD未同时满足向上和增强，相对成交量1.75倍。 原账本最大浮盈0.40R；5分钟审计得到实际止损前浮盈范围0.40–0.40R（若上下界不同，触及止损的5分钟内先后未知）。 退出前最高收盘0.12R，未收盘达到2R，原追踪未激活。 退出下一根起48根内，最高回到原入场-0.61R，最低到-2.26R。,突破当时支撑或动能不完整，但此前单加六均线门未改善全池，不能直接套门,binance_um:AAVEUSDT:15m:box_any:29408
T200,BTCUSDT,15m,2025-06-28 04:00:00+00:00,2025-06-29 02:30:00+00:00,,107248.0,106997.6,107174.2,-1.1513418530352006,反向确认亏损退出,上一根出现原始反向信号，下一根开盘107174退出；这笔不是价格触及止损退出，扣费后净-1.15R。,距V9 48根，较父V9独立模拟入场价-0.01%；初始风险0.23%（2.00个信号ATR），往返成本0.857R。 入场信号收盘在六均线上方，IMACD未同时满足向上和增强，相对成交量2.49倍。 截至退出前/数据末端，原账本最大浮盈1.16R。 退出前最高收盘0.74R，未收盘达到2R，原追踪未激活。 退出下一根起48根内，最高回到原入场+5.00R，最低到-0.44R。,突破当时支撑或动能不完整，但此前单加六均线门未改善全池，不能直接套门；退出后48根内曾回到+1R；属事后重启机会，不能证明放宽原止损会赚钱,binance_um:BTCUSDT:15m:box_any:29451
T201,ENAUSDT,15m,2025-06-28 16:15:00+00:00,2025-06-30 01:00:00+00:00,,0.264,0.2581,0.27395,1.596949152542375,盈利保护退出,持仓第132根K，最低价0.2729触及当时已生效保护价0.27395；按追踪止损在0.27395退出，扣费后净+1.60R。,距V9 12根，较父V9独立模拟入场价+1.34%；初始风险2.23%（4.05个信号ATR），往返成本0.089R。 入场信号收盘在六均线上方，IMACD向上且增强，相对成交量5.66倍。 原账本最大浮盈3.81R；5分钟审计得到实际止损前浮盈范围3.81–3.81R（若上下界不同，触及止损的5分钟内先后未知）。 已收盘触及2R并激活追踪；退出时保护在入场价+1.69R，激活不保证保本。 退出下一根起48根内，最高回到原入场+1.76R，最低到-0.03R。,已比V9入场更贵，需评估确认收益能否覆盖追价代价；作为盈利对照保留：任何更早止盈/更严过滤都需计算会损失多少这类赢家,binance_um:ENAUSDT:15m:box_any:29500
T202,FILUSDT,15m,2025-06-28 16:15:00+00:00,2025-06-30 02:30:00+00:00,,2.252,2.2132,2.3446,2.2705154639175547,盈利保护退出,持仓第138根K，最低价2.342触及当时已生效保护价2.3446；按追踪止损在2.3446退出，扣费后净+2.27R。,距V9 6根，较父V9独立模拟入场价+1.35%；初始风险1.72%（4.39个信号ATR），往返成本0.116R。 入场信号收盘在六均线上方，IMACD向上且增强，相对成交量5.09倍。 原账本最大浮盈4.30R；5分钟审计得到实际止损前浮盈范围4.30–4.30R（若上下界不同，触及止损的5分钟内先后未知）。 已收盘触及2R并激活追踪；退出时保护在入场价+2.39R，激活不保证保本。 退出下一根起48根内，最高回到原入场+2.53R，最低到+0.49R。,已比V9入场更贵，需评估确认收益能否覆盖追价代价；作为盈利对照保留：任何更早止盈/更严过滤都需计算会损失多少这类赢家,binance_um:FILUSDT:15m:box_any:29500
T203,ONEUSDT,15m,2025-06-28 16:30:00+00:00,2025-06-30 04:30:00+00:00,,0.00969,0.0095014,0.0102239,2.728101802757142,盈利保护退出,持仓第145根K，最低价0.01022触及当时已生效保护价0.0102239；按追踪止损在0.0102239退出，扣费后净+2.73R。,距V9 0根，较父V9独立模拟入场价+0.00%；初始风险1.95%（4.41个信号ATR），往返成本0.103R。 入场信号收盘在六均线上方，IMACD向上且增强，相对成交量3.06倍。 原账本最大浮盈4.72R；5分钟审计得到实际止损前浮盈范围4.72–4.72R（若上下界不同，触及止损的5分钟内先后未知）。 已收盘触及2R并激活追踪；退出时保护在入场价+2.83R，激活不保证保本。 退出下一根起48根内，最高回到原入场+3.18R，最低到+0.90R。,作为盈利对照保留：任何更早止盈/更严过滤都需计算会损失多少这类赢家,binance_um:ONEUSDT:15m:box_any:29501
T204,ZENUSDT,15m,2025-06-28 16:30:00+00:00,2025-06-29 15:00:00+00:00,,7.328,7.224,7.431,0.8494615384615422,盈利保护退出,持仓第91根K，最低价7.422触及当时已生效保护价7.431；按追踪止损在7.431退出，扣费后净+0.85R。,距V9 34根，较父V9独立模拟入场价+0.56%；初始风险1.42%（3.48个信号ATR），往返成本0.141R。 入场信号收盘在六均线上方，IMACD未同时满足向上和增强，相对成交量0.93倍。 原账本最大浮盈2.79R；5分钟审计得到实际止损前浮盈范围2.79–2.79R（若上下界不同，触及止损的5分钟内先后未知）。 已收盘触及2R并激活追踪；退出时保护在入场价+0.99R，激活不保证保本。 退出下一根起48根内，最高回到原入场+5.03R，最低到+0.62R。,已比V9入场更贵，需评估确认收益能否覆盖追价代价；突破当时支撑或动能不完整，但此前单加六均线门未改善全池，不能直接套门；作为盈利对照保留：任何更早止盈/更严过滤都需计算会损失多少这类赢家,binance_um:ZENUSDT:15m:box_any:29501
T205,XTZUSDT,15m,2025-06-28 22:45:00+00:00,2025-06-29 02:00:00+00:00,,0.536,0.5285000000000001,0.5285000000000001,-1.142933333333335,推进不足后止损,持仓第14根K，最低价0.528触及当时已生效保护价0.5285；按初始止损在0.5285退出，扣费后净-1.14R。,距V9 26根，较父V9独立模拟入场价+1.32%；初始风险1.40%（3.57个信号ATR），往返成本0.143R。 入场信号收盘在六均线上方，IMACD向上且增强，相对成交量0.54倍。 原账本最大浮盈0.00R；5分钟审计得到实际止损前浮盈范围0.00–0.00R（若上下界不同，触及止损的5分钟内先后未知）。 退出前最高收盘0.00R，未收盘达到2R，原追踪未激活。 退出下一根起48根内，最高回到原入场+0.13R，最低到-1.20R。,已比V9入场更贵，需评估确认收益能否覆盖追价代价,binance_um:XTZUSDT:15m:box_any:29526
T206,ETHUSDT,15m,2025-06-29 07:30:00+00:00,2025-06-29 14:30:00+00:00,,2437.74,2430.59,2437.0,-0.7853818181818382,收盘激活追踪后仍亏,持仓第29根K，最低价2433.64触及当时已生效保护价2437；按追踪止损在2437退出，扣费后净-0.79R。,距V9 61根，较父V9独立模拟入场价+0.01%；初始风险0.29%（2.03个信号ATR），往返成本0.682R。 入场信号收盘在六均线上方，IMACD未同时满足向上和增强，相对成交量2.01倍。 原账本最大浮盈3.67R；5分钟审计得到实际止损前浮盈范围3.67–3.67R（若上下界不同，触及止损的5分钟内先后未知）。 已收盘触及2R并激活追踪；退出时保护在入场价-0.10R，激活不保证保本。 退出下一根起48根内，最高回到原入场+12.12R，最低到-4.38R。,等待超过48根，需检验突破时原启动结构是否已失效；已比V9入场更贵，需评估确认收益能否覆盖追价代价；突破当时支撑或动能不完整，但此前单加六均线门未改善全池，不能直接套门；4ATR追踪在本单仍低于成本线；统一提保本可能损失其他赢家，需另做完整对照；退出后48根内曾回到+1R；属事后重启机会，不能证明放宽原止损会赚钱,binance_um:ETHUSDT:15m:box_any:29561
T207,MUBARAKUSDT,15m,2025-06-29 08:15:00+00:00,2025-06-30 12:45:00+00:00,,0.03796,0.03709,0.03709,-1.0872643678160925,到过1R后回吐,持仓第115根K，最低价0.03678触及当时已生效保护价0.03709；按初始止损在0.03709退出，扣费后净-1.09R。,距V9 142根，较父V9独立模拟入场价+11.78%；初始风险2.29%（2.02个信号ATR），往返成本0.087R。 入场信号收盘在六均线上方，IMACD未同时满足向上和增强，相对成交量1.95倍。 原账本最大浮盈1.59R；5分钟审计得到实际止损前浮盈范围1.59–1.59R（若上下界不同，触及止损的5分钟内先后未知）。 退出前最高收盘1.28R，未收盘达到2R，原追踪未激活。 退出下一根起48根内，最高回到原入场+0.70R，最低到-1.69R。,等待超过48根，需检验突破时原启动结构是否已失效；已比V9入场更贵，需评估确认收益能否覆盖追价代价；突破当时支撑或动能不完整，但此前单加六均线门未改善全池，不能直接套门,binance_um:MUBARAKUSDT:15m:box_any:9961
T208,WIFUSDT,15m,2025-06-29 13:15:00+00:00,2025-06-30 01:15:00+00:00,,0.8464,0.8182,0.8608,0.4506099290780123,盈利保护退出,持仓第49根K，最低价0.8569触及当时已生效保护价0.8608；按追踪止损在0.8608退出，扣费后净+0.45R。,距V9 127根，较父V9独立模拟入场价+7.52%；初始风险3.33%（3.45个信号ATR），往返成本0.060R。 入场信号收盘在六均线上方，IMACD向上且增强，相对成交量4.84倍。 原账本最大浮盈2.13R；5分钟审计得到实际止损前浮盈范围2.13–2.13R（若上下界不同，触及止损的5分钟内先后未知）。 已收盘触及2R并激活追踪；退出时保护在入场价+0.51R，激活不保证保本。 退出下一根起48根内，最高回到原入场+1.12R，最低到-0.50R。,等待超过48根，需检验突破时原启动结构是否已失效；已比V9入场更贵，需评估确认收益能否覆盖追价代价；作为盈利对照保留：任何更早止盈/更严过滤都需计算会损失多少这类赢家,binance_um:WIFUSDT:15m:box_any:29584
T209,1000PEPEUSDT,15m,2025-06-29 22:45:00+00:00,2025-06-30 14:00:00+00:00,,0.0103032,0.0096229,0.0096229,-1.0302901661031905,推进不足后止损,持仓第62根K，最低价0.0095746触及当时已生效保护价0.0096229；按初始止损在0.0096229退出，扣费后净-1.03R。,距V9 145根，较父V9独立模拟入场价+9.76%；初始风险6.60%（6.69个信号ATR），往返成本0.030R。 入场信号收盘在六均线上方，IMACD向上且增强，相对成交量9.91倍。 原账本最大浮盈0.26R；5分钟审计得到实际止损前浮盈范围0.26–0.26R（若上下界不同，触及止损的5分钟内先后未知）。 退出前最高收盘0.18R，未收盘达到2R，原追踪未激活。 退出下一根起48根内，最高回到原入场-0.47R，最低到-1.01R。,等待超过48根，需检验突破时原启动结构是否已失效；已比V9入场更贵，需评估确认收益能否覆盖追价代价,binance_um:1000PEPEUSDT:15m:box_any:29622
T210,ZENUSDT,15m,2025-07-05 03:15:00+00:00,2025-07-05 11:30:00+00:00,,7.233,7.118,7.118,-1.1257913043478256,盘中到2R但收盘未激活,持仓第34根K，最低价7.101触及当时已生效保护价7.118；按初始止损在7.118退出，扣费后净-1.13R。,距V9 37根，较父V9独立模拟入场价+0.53%；初始风险1.59%（2.85个信号ATR），往返成本0.126R。 入场信号收盘在六均线上方，IMACD向上且增强，相对成交量1.78倍。 原账本最大浮盈2.04R；5分钟审计得到实际止损前浮盈范围2.04–2.04R（若上下界不同，触及止损的5分钟内先后未知）。 退出前最高收盘1.57R，未收盘达到2R，原追踪未激活。 退出下一根起48根内，最高回到原入场-0.13R，最低到-1.99R。,已比V9入场更贵，需评估确认收益能否覆盖追价代价；盘中高点与收盘触发存在差异；此前全池最高价激活试验未通过，不能凭此单直接修改,binance_um:ZENUSDT:15m:box_any:30120
T211,ONEUSDT,15m,2025-07-07 09:00:00+00:00,2025-07-07 10:00:00+00:00,,0.00946,0.009356,0.009356,-1.181923076923073,推进不足后止损,持仓第5根K，最低价0.00935触及当时已生效保护价0.009356；按初始止损在0.009356退出，扣费后净-1.18R。,距V9 3根，较父V9独立模拟入场价+0.21%；初始风险1.10%（2.00个信号ATR），往返成本0.182R。 入场信号收盘在六均线上方，IMACD未同时满足向上和增强，相对成交量3.77倍。 原账本最大浮盈0.00R；5分钟审计得到实际止损前浮盈范围0.00–0.00R（若上下界不同，触及止损的5分钟内先后未知）。 退出前最高收盘-0.19R，未收盘达到2R，原追踪未激活。 退出下一根起48根内，最高回到原入场-0.29R，最低到-3.56R。,已比V9入场更贵，需评估确认收益能否覆盖追价代价；突破当时支撑或动能不完整，但此前单加六均线门未改善全池，不能直接套门,binance_um:ONEUSDT:15m:box_any:30335
T212,OPUSDT,15m,2025-07-08 13:15:00+00:00,2025-07-08 14:15:00+00:00,,0.5453,0.53969,0.53969,-1.1944028520499137,推进不足后止损,持仓第5根K，最低价0.5384触及当时已生效保护价0.53969；按初始止损在0.53969退出，扣费后净-1.19R。,距V9 7根，较父V9独立模拟入场价+0.37%；初始风险1.03%（2.00个信号ATR），往返成本0.194R。 入场信号收盘在六均线上方，IMACD未同时满足向上和增强，相对成交量0.93倍。 原账本最大浮盈0.73R；5分钟审计得到实际止损前浮盈范围0.73–0.73R（若上下界不同，触及止损的5分钟内先后未知）。 退出前最高收盘0.21R，未收盘达到2R，原追踪未激活。 退出下一根起48根内，最高回到原入场+1.32R，最低到-2.48R。,已比V9入场更贵，需评估确认收益能否覆盖追价代价；突破当时支撑或动能不完整，但此前单加六均线门未改善全池，不能直接套门；退出后48根内曾回到+1R；属事后重启机会，不能证明放宽原止损会赚钱,binance_um:OPUSDT:15m:box_any:30448
T213,SOLUSDT,15m,2025-07-09 06:00:00+00:00,2025-07-10 14:00:00+00:00,,153.05,150.8,156.58,1.432844444444449,盈利保护退出,持仓第129根K，最低价156.3触及当时已生效保护价156.58；按追踪止损在156.58退出，扣费后净+1.43R。,距V9 0根，较父V9独立模拟入场价+0.00%；初始风险1.47%（3.55个信号ATR），往返成本0.136R。 入场信号收盘在六均线上方，IMACD向上且增强，相对成交量3.91倍。 原账本最大浮盈2.79R；5分钟审计得到实际止损前浮盈范围2.79–2.79R（若上下界不同，触及止损的5分钟内先后未知）。 已收盘触及2R并激活追踪；退出时保护在入场价+1.57R，激活不保证保本。 退出下一根起48根内，最高回到原入场+5.47R，最低到+1.09R。,作为盈利对照保留：任何更早止盈/更严过滤都需计算会损失多少这类赢家,binance_um:SOLUSDT:15m:box_any:30515
T214,BOMEUSDT,15m,2025-07-09 10:15:00+00:00,2025-07-09 14:45:00+00:00,,0.001599,0.0015773999999999,0.0015773999999999,-1.1480555555555512,推进不足后止损,持仓第19根K，最低价0.001576触及当时已生效保护价0.0015774；按初始止损在0.0015774退出，扣费后净-1.15R。,距V9 67根，较父V9独立模拟入场价+0.31%；初始风险1.35%（2.10个信号ATR），往返成本0.148R。 入场信号收盘在六均线上方，IMACD向上且增强，相对成交量1.13倍。 原账本最大浮盈0.97R；5分钟审计得到实际止损前浮盈范围0.97–0.97R（若上下界不同，触及止损的5分钟内先后未知）。 退出前最高收盘0.93R，未收盘达到2R，原追踪未激活。 退出下一根起48根内，最高回到原入场+5.09R，最低到-0.97R。,等待超过48根，需检验突破时原启动结构是否已失效；已比V9入场更贵，需评估确认收益能否覆盖追价代价；退出后48根内曾回到+1R；属事后重启机会，不能证明放宽原止损会赚钱,binance_um:BOMEUSDT:15m:box_any:30532
T215,DASHUSDT,15m,2025-07-09 10:15:00+00:00,2025-07-09 10:30:00+00:00,,20.21,20.03,20.03,-1.224555555555557,前三根止损,持仓第2根K，最低价20.03触及当时已生效保护价20.03；按初始止损在20.03退出，扣费后净-1.22R。,距V9 8根，较父V9独立模拟入场价+0.50%；初始风险0.89%（2.62个信号ATR），往返成本0.225R。 入场信号收盘在六均线上方，IMACD向上且增强，相对成交量1.34倍。 原账本最大浮盈0.11R；5分钟审计得到实际止损前浮盈范围0.11–0.11R（若上下界不同，触及止损的5分钟内先后未知）。 退出前最高收盘-0.06R，未收盘达到2R，原追踪未激活。 退出下一根起48根内，最高回到原入场+3.50R，最低到-0.72R。,已比V9入场更贵，需评估确认收益能否覆盖追价代价；退出后48根内曾回到+1R；属事后重启机会，不能证明放宽原止损会赚钱,binance_um:DASHUSDT:15m:box_any:30532
T216,1000PEPEUSDT,15m,2025-07-09 11:00:00+00:00,2025-07-09 14:30:00+00:00,,0.0102764,0.0101768,0.0101768,-1.206353413654622,盘中到2R但收盘未激活,持仓第15根K，最低价0.0101523触及当时已生效保护价0.0101768；按初始止损在0.0101768退出，扣费后净-1.21R。,距V9 71根，较父V9独立模拟入场价+1.10%；初始风险0.97%（2.00个信号ATR），往返成本0.206R。 入场信号收盘在六均线上方，IMACD向上且增强，相对成交量0.99倍。 原账本最大浮盈2.59R；5分钟审计得到实际止损前浮盈范围2.59–2.59R（若上下界不同，触及止损的5分钟内先后未知）。 退出前最高收盘1.60R，未收盘达到2R，原追踪未激活。 退出下一根起48根内，最高回到原入场+10.76R，最低到-1.22R。,等待超过48根，需检验突破时原启动结构是否已失效；已比V9入场更贵，需评估确认收益能否覆盖追价代价；盘中高点与收盘触发存在差异；此前全池最高价激活试验未通过，不能凭此单直接修改；退出后48根内曾回到+1R；属事后重启机会，不能证明放宽原止损会赚钱,binance_um:1000PEPEUSDT:15m:box_any:30535
T217,ARBUSDT,15m,2025-07-09 12:30:00+00:00,2025-07-09 13:45:00+00:00,,0.3444,0.33833,0.33833,-1.1134761120263597,推进不足后止损,持仓第6根K，最低价0.3378触及当时已生效保护价0.33833；按初始止损在0.33833退出，扣费后净-1.11R。,距V9 76根，较父V9独立模拟入场价+1.44%；初始风险1.76%（3.29个信号ATR），往返成本0.113R。 入场信号收盘在六均线上方，IMACD向上且增强，相对成交量3.64倍。 原账本最大浮盈0.00R；5分钟审计得到实际止损前浮盈范围0.00–0.00R（若上下界不同，触及止损的5分钟内先后未知）。 退出前最高收盘-0.10R，未收盘达到2R，原追踪未激活。 退出下一根起48根内，最高回到原入场+2.34R，最低到-1.32R。,等待超过48根，需检验突破时原启动结构是否已失效；已比V9入场更贵，需评估确认收益能否覆盖追价代价；退出后48根内曾回到+1R；属事后重启机会，不能证明放宽原止损会赚钱,binance_um:ARBUSDT:15m:box_any:30541
T218,WIFUSDT,15m,2025-07-09 12:30:00+00:00,2025-07-09 14:00:00+00:00,,0.869,0.8544,0.8544,-1.1190410958904116,推进不足后止损,持仓第7根K，最低价0.8523触及当时已生效保护价0.8544；按初始止损在0.8544退出，扣费后净-1.12R。,距V9 26根，较父V9独立模拟入场价+2.40%；初始风险1.68%（2.37个信号ATR），往返成本0.119R。 入场信号收盘在六均线上方，IMACD向上且增强，相对成交量2.77倍。 原账本最大浮盈0.25R；5分钟审计得到实际止损前浮盈范围0.25–0.25R（若上下界不同，触及止损的5分钟内先后未知）。 退出前最高收盘-0.03R，未收盘达到2R，原追踪未激活。 退出下一根起48根内，最高回到原入场+6.75R，最低到-1.23R。,已比V9入场更贵，需评估确认收益能否覆盖追价代价；退出后48根内曾回到+1R；属事后重启机会，不能证明放宽原止损会赚钱,binance_um:WIFUSDT:15m:box_any:30541
T219,MUBARAKUSDT,15m,2025-07-15 18:00:00+00:00,2025-07-16 02:30:00+00:00,,0.04714,0.04532,0.04532,-1.051802197802197,推进不足后止损,持仓第35根K，最低价0.04512触及当时已生效保护价0.04532；按初始止损在0.04532退出，扣费后净-1.05R。,距V9 19根，较父V9独立模拟入场价+4.83%；初始风险3.86%（2.41个信号ATR），往返成本0.052R。 入场信号收盘在六均线上方，IMACD向上且增强，相对成交量1.68倍。 原账本最大浮盈0.30R；5分钟审计得到实际止损前浮盈范围0.30–0.30R（若上下界不同，触及止损的5分钟内先后未知）。 退出前最高收盘-0.04R，未收盘达到2R，原追踪未激活。 退出下一根起48根内，最高回到原入场+0.21R，最低到-1.06R。,已比V9入场更贵，需评估确认收益能否覆盖追价代价,binance_um:MUBARAKUSDT:15m:box_any:11536
T220,ENAUSDT,15m,2025-07-25 08:15:00+00:00,2025-07-26 13:45:00+00:00,,0.5188,0.48259,0.56867,1.348588787627726,盈利保护退出,持仓第119根K，最低价0.5671触及当时已生效保护价0.56867；按追踪止损在0.56867退出，扣费后净+1.35R。,距V9 11根，较父V9独立模拟入场价+4.60%；初始风险6.98%（3.14个信号ATR），往返成本0.029R。 入场信号收盘在六均线上方，IMACD向上且增强，相对成交量3.53倍。 原账本最大浮盈2.93R；5分钟审计得到实际止损前浮盈范围2.93–2.93R（若上下界不同，触及止损的5分钟内先后未知）。 已收盘触及2R并激活追踪；退出时保护在入场价+1.38R，激活不保证保本。 退出下一根起48根内，最高回到原入场+3.62R，最低到+0.99R。,已比V9入场更贵，需评估确认收益能否覆盖追价代价；作为盈利对照保留：任何更早止盈/更严过滤都需计算会损失多少这类赢家,binance_um:ENAUSDT:15m:box_any:32060
T221,XTZUSDT,15m,2025-07-26 14:30:00+00:00,2025-07-26 15:15:00+00:00,,0.897,0.8841,0.8841,-1.1390697674418642,推进不足后止损,持仓第4根K，最低价0.884触及当时已生效保护价0.8841；按初始止损在0.8841退出，扣费后净-1.14R。,距V9 8根，较父V9独立模拟入场价+0.67%；初始风险1.44%（2.01个信号ATR），往返成本0.139R。 入场信号收盘在六均线上方，IMACD向上且增强，相对成交量1.36倍。 原账本最大浮盈0.23R；5分钟审计得到实际止损前浮盈范围0.23–0.23R（若上下界不同，触及止损的5分钟内先后未知）。 退出前最高收盘-0.39R，未收盘达到2R，原追踪未激活。 退出下一根起48根内，最高回到原入场+1.47R，最低到-0.78R。,已比V9入场更贵，需评估确认收益能否覆盖追价代价；退出后48根内曾回到+1R；属事后重启机会，不能证明放宽原止损会赚钱,binance_um:XTZUSDT:15m:box_any:32181
T222,UNIUSDT,15m,2025-07-26 19:30:00+00:00,2025-07-28 13:00:00+00:00,,10.548,10.371,10.809,1.3553898305084895,盈利保护退出,持仓第167根K，最低价10.801触及当时已生效保护价10.809；按追踪止损在10.809退出，扣费后净+1.36R。,距V9 84根，较父V9独立模拟入场价+1.38%；初始风险1.68%（3.17个信号ATR），往返成本0.119R。 入场信号收盘在六均线上方，IMACD向上且增强，相对成交量0.83倍。 原账本最大浮盈3.68R；5分钟审计得到实际止损前浮盈范围3.68–3.68R（若上下界不同，触及止损的5分钟内先后未知）。 已收盘触及2R并激活追踪；退出时保护在入场价+1.47R，激活不保证保本。 退出下一根起48根内，最高回到原入场+1.65R，最低到-1.29R。,等待超过48根，需检验突破时原启动结构是否已失效；已比V9入场更贵，需评估确认收益能否覆盖追价代价；作为盈利对照保留：任何更早止盈/更严过滤都需计算会损失多少这类赢家,binance_um:UNIUSDT:15m:box_any:32201
T223,ONEUSDT,15m,2025-07-27 12:15:00+00:00,2025-07-27 14:45:00+00:00,,0.01195,0.0117922,0.0117922,-1.1514575411913832,推进不足后止损,持仓第11根K，最低价0.01177触及当时已生效保护价0.0117922；按初始止损在0.0117922退出，扣费后净-1.15R。,距V9 155根，较父V9独立模拟入场价+3.28%；初始风险1.32%（1.88个信号ATR），往返成本0.151R。 入场信号收盘在六均线上方，IMACD向上且增强，相对成交量2.54倍。 原账本最大浮盈0.38R；5分钟审计得到实际止损前浮盈范围0.38–0.38R（若上下界不同，触及止损的5分钟内先后未知）。 退出前最高收盘0.19R，未收盘达到2R，原追踪未激活。 退出下一根起48根内，最高回到原入场+2.66R，最低到-1.27R。,等待超过48根，需检验突破时原启动结构是否已失效；已比V9入场更贵，需评估确认收益能否覆盖追价代价；退出后48根内曾回到+1R；属事后重启机会，不能证明放宽原止损会赚钱,binance_um:ONEUSDT:15m:box_any:32268
T224,HYPEUSDT,15m,2025-07-28 03:00:00+00:00,2025-07-28 22:30:00+00:00,,44.276,43.37,43.37,-1.0977395143487838,盘中到2R但收盘未激活,持仓第79根K，最低价42.663触及当时已生效保护价43.37；按初始止损在43.37退出，扣费后净-1.10R。,距V9 0根，较父V9独立模拟入场价+0.00%；初始风险2.05%（4.13个信号ATR），往返成本0.098R。 入场信号收盘在六均线上方，IMACD向上且增强，相对成交量1.19倍。 原账本最大浮盈2.01R；5分钟审计得到实际止损前浮盈范围2.01–2.01R（若上下界不同，触及止损的5分钟内先后未知）。 退出前最高收盘1.95R，未收盘达到2R，原追踪未激活。 退出下一根起48根内，最高回到原入场+0.97R，最低到-1.82R。,盘中高点与收盘触发存在差异；此前全池最高价激活试验未通过，不能凭此单直接修改,binance_um:HYPEUSDT:15m:box_any:5633
T225,PENDLEUSDT,15m,2025-07-28 04:00:00+00:00,2025-07-28 13:15:00+00:00,,4.5249,4.4305,4.5914,0.6085826271186527,盈利保护退出,持仓第38根K，最低价4.5647触及当时已生效保护价4.5914；按追踪止损在4.5914退出，扣费后净+0.61R。,距V9 0根，较父V9独立模拟入场价+0.00%；初始风险2.09%（3.00个信号ATR），往返成本0.096R。 入场信号收盘在六均线上方，IMACD向上且增强，相对成交量0.79倍。 原账本最大浮盈2.29R；5分钟审计得到实际止损前浮盈范围2.29–2.29R（若上下界不同，触及止损的5分钟内先后未知）。 已收盘触及2R并激活追踪；退出时保护在入场价+0.70R，激活不保证保本。 退出下一根起48根内，最高回到原入场+0.87R，最低到-2.44R。,作为盈利对照保留：任何更早止盈/更严过滤都需计算会损失多少这类赢家,binance_um:PENDLEUSDT:15m:box_any:32331
T226,ARUSDT,15m,2025-08-04 14:00:00+00:00,2025-08-05 04:15:00+00:00,,6.52,6.353,6.793,1.5566467065868337,盈利保护退出,持仓第58根K，最低价6.767触及当时已生效保护价6.793；按追踪止损在6.793退出，扣费后净+1.56R。,距V9 0根，较父V9独立模拟入场价+0.00%；初始风险2.56%（3.74个信号ATR），往返成本0.078R。 入场信号收盘在六均线上方，IMACD向上且增强，相对成交量5.36倍。 原账本最大浮盈2.81R；5分钟审计得到实际止损前浮盈范围2.81–2.81R（若上下界不同，触及止损的5分钟内先后未知）。 已收盘触及2R并激活追踪；退出时保护在入场价+1.63R，激活不保证保本。 退出下一根起48根内，最高回到原入场+3.38R，最低到+0.49R。,作为盈利对照保留：任何更早止盈/更严过滤都需计算会损失多少这类赢家,binance_um:ARUSDT:15m:box_any:33043
T227,HYPEUSDT,15m,2025-08-05 10:45:00+00:00,2025-08-05 14:15:00+00:00,,39.345,38.528,38.528,-1.096315789473684,推进不足后止损,持仓第15根K，最低价38.475触及当时已生效保护价38.528；按初始止损在38.528退出，扣费后净-1.10R。,距V9 2根，较父V9独立模拟入场价+0.11%；初始风险2.08%（2.51个信号ATR），往返成本0.096R。 入场信号收盘在六均线上方，IMACD向上且增强，相对成交量2.31倍。 原账本最大浮盈0.64R；5分钟审计得到实际止损前浮盈范围0.64–0.64R（若上下界不同，触及止损的5分钟内先后未知）。 退出前最高收盘0.58R，未收盘达到2R，原追踪未激活。 退出下一根起48根内，最高回到原入场-0.05R，最低到-2.63R。,已比V9入场更贵，需评估确认收益能否覆盖追价代价,binance_um:HYPEUSDT:15m:box_any:6432
T228,ETHUSDT,15m,2025-08-07 07:00:00+00:00,2025-08-07 16:45:00+00:00,,3693.65,3667.99,3782.9,3.190284489477818,盈利保护退出,持仓第40根K，最低价3777.14触及当时已生效保护价3782.9；按追踪止损在3782.9退出，扣费后净+3.19R。,距V9 59根，较父V9独立模拟入场价+1.22%；初始风险0.69%（2.00个信号ATR），往返成本0.288R。 入场信号收盘在六均线上方，IMACD向上且增强，相对成交量2.29倍。 原账本最大浮盈6.66R；5分钟审计得到实际止损前浮盈范围6.66–6.66R（若上下界不同，触及止损的5分钟内先后未知）。 已收盘触及2R并激活追踪；退出时保护在入场价+3.48R，激活不保证保本。 退出下一根起48根内，最高回到原入场+10.72R，最低到+4.24R。,等待超过48根，需检验突破时原启动结构是否已失效；已比V9入场更贵，需评估确认收益能否覆盖追价代价；作为盈利对照保留：任何更早止盈/更严过滤都需计算会损失多少这类赢家,binance_um:ETHUSDT:15m:box_any:33303
T229,ARBUSDT,15m,2025-08-07 08:15:00+00:00,2025-08-07 16:45:00+00:00,,0.3927,0.38908,0.40141,2.1891160220994976,盈利保护退出,持仓第35根K，最低价0.3974触及当时已生效保护价0.40141；按追踪止损在0.40141退出，扣费后净+2.19R。,距V9 8根，较父V9独立模拟入场价+0.13%；初始风险0.92%（2.00个信号ATR），往返成本0.217R。 入场信号收盘在六均线上方，IMACD向上且增强，相对成交量1.44倍。 原账本最大浮盈5.14R；5分钟审计得到实际止损前浮盈范围5.14–5.14R（若上下界不同，触及止损的5分钟内先后未知）。 已收盘触及2R并激活追踪；退出时保护在入场价+2.41R，激活不保证保本。 退出下一根起48根内，最高回到原入场+9.12R，最低到+2.24R。,已比V9入场更贵，需评估确认收益能否覆盖追价代价；作为盈利对照保留：任何更早止盈/更严过滤都需计算会损失多少这类赢家,binance_um:ARBUSDT:15m:box_any:33308
T230,APTUSDT,15m,2025-08-07 10:15:00+00:00,2025-08-08 15:30:00+00:00,,4.3012,4.2311000000000005,4.5722000000000005,3.743189728958687,盈利保护退出,持仓第118根K，最低价4.5722触及当时已生效保护价4.5722；按追踪止损在4.5722退出，扣费后净+3.74R。,距V9 0根，较父V9独立模拟入场价+0.00%；初始风险1.63%（4.12个信号ATR），往返成本0.123R。 入场信号收盘在六均线上方，IMACD向上且增强，相对成交量4.17倍。 原账本最大浮盈5.92R；5分钟审计得到实际止损前浮盈范围5.92–5.92R（若上下界不同，触及止损的5分钟内先后未知）。 已收盘触及2R并激活追踪；退出时保护在入场价+3.87R，激活不保证保本。 退出下一根起48根内，最高回到原入场+6.52R，最低到+3.95R。,作为盈利对照保留：任何更早止盈/更严过滤都需计算会损失多少这类赢家,binance_um:APTUSDT:15m:box_any:33316
T231,MUBARAKUSDT,15m,2025-08-07 13:15:00+00:00,2025-08-07 16:45:00+00:00,,0.035,0.03439,0.03439,-1.1147540983606588,推进不足后止损,持仓第15根K，最低价0.03381触及当时已生效保护价0.03439；按初始止损在0.03439退出，扣费后净-1.11R。,距V9 8根，较父V9独立模拟入场价+0.09%；初始风险1.74%（2.00个信号ATR），往返成本0.115R。 入场信号收盘在六均线上方，IMACD向上且增强，相对成交量0.48倍。 原账本最大浮盈0.44R；5分钟审计得到实际止损前浮盈范围0.44–0.44R（若上下界不同，触及止损的5分钟内先后未知）。 退出前最高收盘0.33R，未收盘达到2R，原追踪未激活。 退出下一根起48根内，最高回到原入场+1.34R，最低到-1.33R。,已比V9入场更贵，需评估确认收益能否覆盖追价代价；退出后48根内曾回到+1R；属事后重启机会，不能证明放宽原止损会赚钱,binance_um:MUBARAKUSDT:15m:box_any:13725
T232,JUPUSDT,15m,2025-08-10 03:15:00+00:00,2025-08-10 06:15:00+00:00,,0.5385,0.5275000000000001,0.5275000000000001,-1.0979090909090932,推进不足后止损,持仓第13根K，最低价0.5225触及当时已生效保护价0.5275；按初始止损在0.5275退出，扣费后净-1.10R。,距V9 73根，较父V9独立模拟入场价+2.88%；初始风险2.04%（2.00个信号ATR），往返成本0.098R。 入场信号收盘在六均线上方，IMACD向上且增强，相对成交量2.74倍。 原账本最大浮盈0.90R；5分钟审计得到实际止损前浮盈范围0.90–0.90R（若上下界不同，触及止损的5分钟内先后未知）。 退出前最高收盘0.85R，未收盘达到2R，原追踪未激活。 退出下一根起48根内，最高回到原入场-0.50R，最低到-3.00R。,等待超过48根，需检验突破时原启动结构是否已失效；已比V9入场更贵，需评估确认收益能否覆盖追价代价,binance_um:JUPUSDT:15m:box_any:33576
T233,BOMEUSDT,15m,2025-08-20 15:15:00+00:00,2025-08-22 10:45:00+00:00,,0.0018,0.0017192,0.001762,-0.5148514851485166,反向确认亏损退出,上一根出现原始反向信号，下一根开盘0.001762退出；这笔不是价格触及止损退出，扣费后净-0.51R。,距V9 0根，较父V9独立模拟入场价+0.00%；初始风险4.49%（4.34个信号ATR），往返成本0.045R。 入场信号收盘在六均线上方，IMACD向上且增强，相对成交量3.14倍。 截至退出前/数据末端，原账本最大浮盈1.10R。 退出前最高收盘1.01R，未收盘达到2R，原追踪未激活。 退出下一根起48根内，最高回到原入场+3.28R，最低到-1.21R。,退出后48根内曾回到+1R；属事后重启机会，不能证明放宽原止损会赚钱,binance_um:BOMEUSDT:15m:box_any:34584
T234,ZENUSDT,15m,2025-08-20 17:15:00+00:00,2025-08-21 09:15:00+00:00,,7.683,7.571,7.59,-0.9675535714285668,反向确认亏损退出,上一根出现原始反向信号，下一根开盘7.59退出；这笔不是价格触及止损退出，扣费后净-0.97R。,距V9 0根，较父V9独立模拟入场价+0.00%；初始风险1.46%（2.03个信号ATR），往返成本0.137R。 入场信号收盘在六均线上方，IMACD向上且增强，相对成交量0.51倍。 截至退出前/数据末端，原账本最大浮盈1.08R。 退出前最高收盘0.91R，未收盘达到2R，原追踪未激活。 退出下一根起48根内，最高回到原入场+0.26R，最低到-1.32R。,当前事实不足以提出特定改法；先保留原规则作为对照。,binance_um:ZENUSDT:15m:box_any:34592
T235,ZENUSDT,15m,2025-08-22 08:30:00+00:00,2025-08-22 09:30:00+00:00,,7.782,7.641,7.641,-1.110382978723402,推进不足后止损,持仓第5根K，最低价7.636触及当时已生效保护价7.641；按初始止损在7.641退出，扣费后净-1.11R。,距V9 0根，较父V9独立模拟入场价+0.00%；初始风险1.81%（3.32个信号ATR），往返成本0.110R。 入场信号收盘在六均线上方，IMACD向上且增强，相对成交量2.57倍。 原账本最大浮盈0.01R；5分钟审计得到实际止损前浮盈范围0.01–0.01R（若上下界不同，触及止损的5分钟内先后未知）。 退出前最高收盘-0.16R，未收盘达到2R，原追踪未激活。 退出下一根起48根内，最高回到原入场+5.09R，最低到-2.36R。,退出后48根内曾回到+1R；属事后重启机会，不能证明放宽原止损会赚钱,binance_um:ZENUSDT:15m:box_any:34749
T236,1000PEPEUSDT,15m,2025-08-22 14:30:00+00:00,2025-08-24 05:45:00+00:00,,0.0106124,0.0097812,0.0111591,0.6321886429258907,反向确认盈利退出,上一根出现原始反向信号，下一根开盘0.0111591退出；这笔不是价格触及止损退出，扣费后净+0.63R。,距V9 0根，较父V9独立模拟入场价+0.00%；初始风险7.83%（6.10个信号ATR），往返成本0.026R。 入场信号收盘在六均线上方，IMACD向上且增强，相对成交量9.02倍。 截至退出前/数据末端，原账本最大浮盈1.34R。 退出前最高收盘1.24R，未收盘达到2R，原追踪未激活。 退出下一根起48根内，最高回到原入场+0.64R，最低到+0.08R。,作为盈利对照保留：任何更早止盈/更严过滤都需计算会损失多少这类赢家,binance_um:1000PEPEUSDT:15m:box_any:34773
T237,APTUSDT,15m,2025-08-22 14:30:00+00:00,2025-08-24 06:15:00+00:00,,4.4877,4.2801,4.6523,0.7496368015414244,反向确认盈利退出,上一根出现原始反向信号，下一根开盘4.6523退出；这笔不是价格触及止损退出，扣费后净+0.75R。,距V9 0根，较父V9独立模拟入场价+0.00%；初始风险4.63%（4.49个信号ATR），往返成本0.043R。 入场信号收盘在六均线上方，IMACD向上且增强，相对成交量18.08倍。 截至退出前/数据末端，原账本最大浮盈1.59R。 退出前最高收盘1.56R，未收盘达到2R，原追踪未激活。 退出下一根起48根内，最高回到原入场+1.21R，最低到+0.28R。,作为盈利对照保留：任何更早止盈/更严过滤都需计算会损失多少这类赢家,binance_um:APTUSDT:15m:box_any:34773
T238,DASHUSDT,15m,2025-08-22 14:30:00+00:00,2025-08-24 06:30:00+00:00,,22.13,21.18,22.79,0.6481473684210548,反向确认盈利退出,上一根出现原始反向信号，下一根开盘22.79退出；这笔不是价格触及止损退出，扣费后净+0.65R。,距V9 0根，较父V9独立模拟入场价+0.00%；初始风险4.29%（4.05个信号ATR），往返成本0.047R。 入场信号收盘在六均线上方，IMACD向上且增强，相对成交量4.44倍。 截至退出前/数据末端，原账本最大浮盈1.68R。 退出前最高收盘1.55R，未收盘达到2R，原追踪未激活。 退出下一根起48根内，最高回到原入场+1.48R，最低到+0.37R。,作为盈利对照保留：任何更早止盈/更严过滤都需计算会损失多少这类赢家,binance_um:DASHUSDT:15m:box_any:34773
T239,FILUSDT,15m,2025-08-22 14:30:00+00:00,2025-08-24 02:15:00+00:00,,2.424,2.3026,2.498,0.5696210873146659,反向确认盈利退出,上一根出现原始反向信号，下一根开盘2.498退出；这笔不是价格触及止损退出，扣费后净+0.57R。,距V9 0根，较父V9独立模拟入场价+0.00%；初始风险5.01%（4.51个信号ATR），往返成本0.040R。 入场信号收盘在六均线上方，IMACD向上且增强，相对成交量12.28倍。 截至退出前/数据末端，原账本最大浮盈1.57R。 退出前最高收盘1.52R，未收盘达到2R，原追踪未激活。 退出下一根起48根内，最高回到原入场+0.73R，最低到-0.29R。,作为盈利对照保留：任何更早止盈/更严过滤都需计算会损失多少这类赢家,binance_um:FILUSDT:15m:box_any:34773
T240,OPUSDT,15m,2025-08-22 14:30:00+00:00,2025-08-25 10:45:00+00:00,,0.7346,0.6877800000000001,0.7251,-0.2342844938060679,反向确认亏损退出,上一根出现原始反向信号，下一根开盘0.7251退出；这笔不是价格触及止损退出，扣费后净-0.23R。,距V9 0根，较父V9独立模拟入场价+0.00%；初始风险6.37%（4.64个信号ATR），往返成本0.031R。 入场信号收盘在六均线上方，IMACD向上且增强，相对成交量15.19倍。 截至退出前/数据末端，原账本最大浮盈2.01R。 退出前最高收盘1.91R，未收盘达到2R，原追踪未激活。 退出下一根起48根内，最高回到原入场+0.06R，最低到-1.20R。,盘中高点与收盘触发存在差异；此前全池最高价激活试验未通过，不能凭此单直接修改,binance_um:OPUSDT:15m:box_any:34773
T241,XTZUSDT,15m,2025-08-22 18:15:00+00:00,2025-08-23 02:30:00+00:00,,0.867,0.8498,0.8498,-1.1008139534883732,推进不足后止损,持仓第34根K，最低价0.847触及当时已生效保护价0.8498；按初始止损在0.8498退出，扣费后净-1.10R。,距V9 15根，较父V9独立模拟入场价+5.60%；初始风险1.98%（2.13个信号ATR），往返成本0.101R。 入场信号收盘在六均线上方，IMACD向上且增强，相对成交量0.52倍。 原账本最大浮盈0.70R；5分钟审计得到实际止损前浮盈范围0.70–0.70R（若上下界不同，触及止损的5分钟内先后未知）。 退出前最高收盘0.64R，未收盘达到2R，原追踪未激活。 退出下一根起48根内，最高回到原入场+0.58R，最低到-0.93R。,已比V9入场更贵，需评估确认收益能否覆盖追价代价,binance_um:XTZUSDT:15m:box_any:34788
T242,ZENUSDT,15m,2025-08-24 03:15:00+00:00,2025-08-24 06:00:00+00:00,,8.422,8.328,8.328,-1.1791914893617008,推进不足后止损,持仓第12根K，最低价8.3触及当时已生效保护价8.328；按初始止损在8.328退出，扣费后净-1.18R。,距V9 146根，较父V9独立模拟入场价+6.41%；初始风险1.12%（1.99个信号ATR），往返成本0.179R。 入场信号收盘不在六均线上方，IMACD未同时满足向上和增强，相对成交量1.74倍。 原账本最大浮盈0.23R；5分钟审计得到实际止损前浮盈范围0.23–0.23R（若上下界不同，触及止损的5分钟内先后未知）。 退出前最高收盘0.14R，未收盘达到2R，原追踪未激活。 退出下一根起48根内，最高回到原入场+0.96R，最低到-2.27R。,等待超过48根，需检验突破时原启动结构是否已失效；已比V9入场更贵，需评估确认收益能否覆盖追价代价；突破当时支撑或动能不完整，但此前单加六均线门未改善全池，不能直接套门；识别突破时本周期收盘已低于至少一条冻结投影线，需核查多周期确认时差,binance_um:ZENUSDT:15m:box_any:34920
T243,ZECUSDT,15m,2025-08-29 12:15:00+00:00,2025-08-29 15:30:00+00:00,,43.06,41.98,41.98,-1.0797407407407411,推进不足后止损,持仓第14根K，最低价41.86触及当时已生效保护价41.98；按初始止损在41.98退出，扣费后净-1.08R。,距V9 3根，较父V9独立模拟入场价+1.41%；初始风险2.51%（3.50个信号ATR），往返成本0.080R。 入场信号收盘在六均线上方，IMACD未同时满足向上和增强，相对成交量3.99倍。 原账本最大浮盈0.71R；5分钟审计得到实际止损前浮盈范围0.71–0.71R（若上下界不同，触及止损的5分钟内先后未知）。 退出前最高收盘0.41R，未收盘达到2R，原追踪未激活。 退出下一根起48根内，最高回到原入场-0.69R，最低到-3.19R。,已比V9入场更贵，需评估确认收益能否覆盖追价代价；突破当时支撑或动能不完整，但此前单加六均线门未改善全池，不能直接套门,binance_um:ZECUSDT:15m:box_any:35436
T244,PUMPUSDT,15m,2025-09-02 05:15:00+00:00,2025-09-02 12:45:00+00:00,,0.003704,0.003587,0.003587,-1.0633162393162394,到过1R后回吐,持仓第31根K，最低价0.003571触及当时已生效保护价0.003587；按初始止损在0.003587退出，扣费后净-1.06R。,距V9 18根，较父V9独立模拟入场价+8.43%；初始风险3.16%（2.00个信号ATR），往返成本0.063R。 入场信号收盘在六均线上方，IMACD向上且增强，相对成交量1.38倍。 原账本最大浮盈1.38R；5分钟审计得到实际止损前浮盈范围1.38–1.38R（若上下界不同，触及止损的5分钟内先后未知）。 退出前最高收盘1.13R，未收盘达到2R，原追踪未激活。 退出下一根起48根内，最高回到原入场+1.95R，最低到-1.10R。,已比V9入场更贵，需评估确认收益能否覆盖追价代价；退出后48根内曾回到+1R；属事后重启机会，不能证明放宽原止损会赚钱,binance_um:PUMPUSDT:15m:box_any:6038
T245,PENDLEUSDT,15m,2025-09-03 11:15:00+00:00,2025-09-04 02:45:00+00:00,,4.6231,4.5517,4.684200000000001,0.726243697478999,盈利保护退出,持仓第63根K，最低价4.6827触及当时已生效保护价4.6842；按追踪止损在4.6842退出，扣费后净+0.73R。,距V9 0根，较父V9独立模拟入场价+0.00%；初始风险1.54%（2.41个信号ATR），往返成本0.129R。 入场信号收盘在六均线上方，IMACD向上且增强，相对成交量1.63倍。 原账本最大浮盈2.58R；5分钟审计得到实际止损前浮盈范围2.58–2.58R（若上下界不同，触及止损的5分钟内先后未知）。 已收盘触及2R并激活追踪；退出时保护在入场价+0.86R，激活不保证保本。 退出下一根起48根内，最高回到原入场+2.15R，最低到-0.77R。,作为盈利对照保留：任何更早止盈/更严过滤都需计算会损失多少这类赢家,binance_um:PENDLEUSDT:15m:box_any:35912
T246,UNIUSDT,15m,2025-09-03 14:00:00+00:00,2025-09-04 03:30:00+00:00,,9.607,9.494,9.561,-0.5771150442477816,反向确认亏损退出,上一根出现原始反向信号，下一根开盘9.561退出；这笔不是价格触及止损退出，扣费后净-0.58R。,距V9 1根，较父V9独立模拟入场价-0.18%；初始风险1.18%（2.23个信号ATR），往返成本0.170R。 入场信号收盘在六均线上方，IMACD向上且增强，相对成交量1.80倍。 截至退出前/数据末端，原账本最大浮盈1.36R。 退出前最高收盘1.12R，未收盘达到2R，原追踪未激活。 退出下一根起48根内，最高回到原入场-0.40R，最低到-3.38R。,当前事实不足以提出特定改法；先保留原规则作为对照。,binance_um:UNIUSDT:15m:box_any:35923
T247,UNIUSDT,15m,2025-09-08 09:45:00+00:00,2025-09-09 02:45:00+00:00,,9.604,9.432,9.432,-1.1116744186046492,到过1R后回吐,持仓第69根K，最低价9.414触及当时已生效保护价9.432；按初始止损在9.432退出，扣费后净-1.11R。,距V9 27根，较父V9独立模拟入场价+1.65%；初始风险1.79%（3.30个信号ATR），往返成本0.112R。 入场信号收盘在六均线上方，IMACD向上且增强，相对成交量3.22倍。 原账本最大浮盈1.05R；5分钟审计得到实际止损前浮盈范围1.05–1.05R（若上下界不同，触及止损的5分钟内先后未知）。 退出前最高收盘0.96R，未收盘达到2R，原追踪未激活。 退出下一根起48根内，最高回到原入场+1.90R，最低到-1.04R。,已比V9入场更贵，需评估确认收益能否覆盖追价代价；退出后48根内曾回到+1R；属事后重启机会，不能证明放宽原止损会赚钱,binance_um:UNIUSDT:15m:box_any:36386
T248,OPUSDT,15m,2025-09-08 16:15:00+00:00,2025-09-09 02:45:00+00:00,,0.7523,0.7427300000000001,0.7427300000000001,-1.1572204806687552,盘中到2R但收盘未激活,持仓第43根K，最低价0.7404触及当时已生效保护价0.74273；按初始止损在0.74273退出，扣费后净-1.16R。,距V9 54根，较父V9独立模拟入场价+3.25%；初始风险1.27%（1.98个信号ATR），往返成本0.157R。 入场信号收盘在六均线上方，IMACD向上且增强，相对成交量1.55倍。 原账本最大浮盈4.61R；5分钟审计得到实际止损前浮盈范围4.61–4.61R（若上下界不同，触及止损的5分钟内先后未知）。 退出前最高收盘1.75R，未收盘达到2R，原追踪未激活。 退出下一根起48根内，最高回到原入场+3.90R，最低到-1.00R。,等待超过48根，需检验突破时原启动结构是否已失效；已比V9入场更贵，需评估确认收益能否覆盖追价代价；盘中高点与收盘触发存在差异；此前全池最高价激活试验未通过，不能凭此单直接修改；退出后48根内曾回到+1R；属事后重启机会，不能证明放宽原止损会赚钱,binance_um:OPUSDT:15m:box_any:36412
T249,XTZUSDT,15m,2025-09-09 06:15:00+00:00,2025-09-09 14:30:00+00:00,,0.734,0.7241000000000001,0.7241000000000001,-1.148282828282827,到过1R后回吐,持仓第34根K，最低价0.72触及当时已生效保护价0.7241；按初始止损在0.7241退出，扣费后净-1.15R。,距V9 102根，较父V9独立模拟入场价+2.66%；初始风险1.35%（2.41个信号ATR），往返成本0.148R。 入场信号收盘在六均线上方，IMACD向上且增强，相对成交量1.64倍。 原账本最大浮盈1.21R；5分钟审计得到实际止损前浮盈范围1.21–1.21R（若上下界不同，触及止损的5分钟内先后未知）。 退出前最高收盘1.11R，未收盘达到2R，原追踪未激活。 退出下一根起48根内，最高回到原入场-0.71R，最低到-2.12R。,等待超过48根，需检验突破时原启动结构是否已失效；已比V9入场更贵，需评估确认收益能否覆盖追价代价,binance_um:XTZUSDT:15m:box_any:36468
T250,PUMPUSDT,15m,2025-09-10 01:45:00+00:00,2025-09-11 10:30:00+00:00,,0.004915,0.00477,0.005691,5.283931034482754,盈利保护退出,持仓第132根K，最低价0.005681触及当时已生效保护价0.005691；按追踪止损在0.005691退出，扣费后净+5.28R。,距V9 0根，较父V9独立模拟入场价+0.00%；初始风险2.95%（3.26个信号ATR），往返成本0.068R。 入场信号收盘在六均线上方，IMACD向上且增强，相对成交量1.37倍。 原账本最大浮盈10.91R；5分钟审计得到实际止损前浮盈范围10.91–10.91R（若上下界不同，触及止损的5分钟内先后未知）。 已收盘触及2R并激活追踪；退出时保护在入场价+5.35R，激活不保证保本。 退出下一根起48根内，最高回到原入场+6.87R，最低到+2.37R。,作为盈利对照保留：任何更早止盈/更严过滤都需计算会损失多少这类赢家,binance_um:PUMPUSDT:15m:box_any:6792
T251,USELESSUSDT,15m,2025-09-10 21:45:00+00:00,2025-09-12 13:15:00+00:00,,0.2249,0.20361,0.25662,1.4687740723344314,盈利保护退出,持仓第159根K，最低价0.2561触及当时已生效保护价0.25662；按追踪止损在0.25662退出，扣费后净+1.47R。,距V9 0根，较父V9独立模拟入场价+0.00%；初始风险9.47%（4.83个信号ATR），往返成本0.021R。 入场信号收盘在六均线上方，IMACD向上且增强，相对成交量4.12倍。 原账本最大浮盈2.63R；5分钟审计得到实际止损前浮盈范围2.63–2.63R（若上下界不同，触及止损的5分钟内先后未知）。 已收盘触及2R并激活追踪；退出时保护在入场价+1.49R，激活不保证保本。 退出下一根起48根内，最高回到原入场+2.15R，最低到+0.83R。,作为盈利对照保留：任何更早止盈/更严过滤都需计算会损失多少这类赢家,binance_um:USELESSUSDT:15m:box_any:2533
T252,1000PEPEUSDT,15m,2025-09-12 18:15:00+00:00,2025-09-14 04:15:00+00:00,,0.0113706,0.0106886999999999,0.0116413,0.3636292711541267,反向确认盈利退出,上一根出现原始反向信号，下一根开盘0.0116413退出；这笔不是价格触及止损退出，扣费后净+0.36R。,距V9 6根，较父V9独立模拟入场价+7.21%；初始风险6.00%（5.43个信号ATR），往返成本0.033R。 入场信号收盘在六均线上方，IMACD向上且增强，相对成交量3.20倍。 截至退出前/数据末端，原账本最大浮盈1.97R。 退出前最高收盘1.81R，未收盘达到2R，原追踪未激活。 退出下一根起48根内，最高回到原入场+0.61R，最低到-0.35R。,已比V9入场更贵，需评估确认收益能否覆盖追价代价；作为盈利对照保留：任何更早止盈/更严过滤都需计算会损失多少这类赢家,binance_um:1000PEPEUSDT:15m:box_any:36804
T253,ZECUSDT,15m,2025-09-13 12:45:00+00:00,2025-09-13 13:45:00+00:00,,50.68,49.73,49.73,-1.106694736842108,推进不足后止损,持仓第5根K，最低价49.56触及当时已生效保护价49.73；按初始止损在49.73退出，扣费后净-1.11R。,距V9 86根，较父V9独立模拟入场价+4.54%；初始风险1.87%（3.26个信号ATR），往返成本0.107R。 入场信号收盘在六均线上方，IMACD向上且增强，相对成交量2.51倍。 原账本最大浮盈0.34R；5分钟审计得到实际止损前浮盈范围0.34–0.34R（若上下界不同，触及止损的5分钟内先后未知）。 退出前最高收盘0.28R，未收盘达到2R，原追踪未激活。 退出下一根起48根内，最高回到原入场+3.41R，最低到-1.66R。,等待超过48根，需检验突破时原启动结构是否已失效；已比V9入场更贵，需评估确认收益能否覆盖追价代价；退出后48根内曾回到+1R；属事后重启机会，不能证明放宽原止损会赚钱,binance_um:ZECUSDT:15m:box_any:36878
T254,HYPEUSDT,15m,2025-09-16 16:00:00+00:00,2025-09-18 13:00:00+00:00,,54.082,53.32,57.453,4.281937007874014,盈利保护退出,持仓第181根K，最低价57.312触及当时已生效保护价57.453；按追踪止损在57.453退出，扣费后净+4.28R。,距V9 4根，较父V9独立模拟入场价+0.51%；初始风险1.41%（2.00个信号ATR），往返成本0.142R。 入场信号收盘在六均线上方，IMACD未同时满足向上和增强，相对成交量1.77倍。 原账本最大浮盈7.28R；5分钟审计得到实际止损前浮盈范围7.28–7.28R（若上下界不同，触及止损的5分钟内先后未知）。 已收盘触及2R并激活追踪；退出时保护在入场价+4.42R，激活不保证保本。 退出下一根起48根内，最高回到原入场+6.91R，最低到+4.38R。,已比V9入场更贵，需评估确认收益能否覆盖追价代价；突破当时支撑或动能不完整，但此前单加六均线门未改善全池，不能直接套门；作为盈利对照保留：任何更早止盈/更严过滤都需计算会损失多少这类赢家,binance_um:HYPEUSDT:15m:box_any:10485
T255,API3USDT,15m,2025-09-18 13:15:00+00:00,2025-09-19 02:30:00+00:00,,0.9586,0.9484,0.9484,-1.1879607843137248,推进不足后止损,持仓第54根K，最低价0.9474触及当时已生效保护价0.9484；按初始止损在0.9484退出，扣费后净-1.19R。,距V9 75根，较父V9独立模拟入场价+2.43%；初始风险1.06%（2.43个信号ATR），往返成本0.188R。 入场信号收盘在六均线上方，IMACD向上且增强，相对成交量2.33倍。 原账本最大浮盈0.91R；5分钟审计得到实际止损前浮盈范围0.91–0.91R（若上下界不同，触及止损的5分钟内先后未知）。 退出前最高收盘0.91R，未收盘达到2R，原追踪未激活。 退出下一根起48根内，最高回到原入场-0.70R，最低到-4.35R。,等待超过48根，需检验突破时原启动结构是否已失效；已比V9入场更贵，需评估确认收益能否覆盖追价代价,binance_um:API3USDT:15m:box_any:37360
T256,XTZUSDT,15m,2025-09-29 20:30:00+00:00,2025-09-30 00:45:00+00:00,,0.672,0.6622,0.6622,-1.137142857142858,推进不足后止损,持仓第18根K，最低价0.662触及当时已生效保护价0.6622；按初始止损在0.6622退出，扣费后净-1.14R。,距V9 24根，较父V9独立模拟入场价+0.60%；初始风险1.46%（2.53个信号ATR），往返成本0.137R。 入场信号收盘在六均线上方，IMACD未同时满足向上和增强，相对成交量0.45倍。 原账本最大浮盈0.51R；5分钟审计得到实际止损前浮盈范围0.51–0.51R（若上下界不同，触及止损的5分钟内先后未知）。 退出前最高收盘0.41R，未收盘达到2R，原追踪未激活。 退出下一根起48根内，最高回到原入场-0.10R，最低到-1.73R。,已比V9入场更贵，需评估确认收益能否覆盖追价代价；突破当时支撑或动能不完整，但此前单加六均线门未改善全池，不能直接套门,binance_um:XTZUSDT:15m:box_any:38445
T257,MUBARAKUSDT,15m,2025-10-15 02:45:00+00:00,2025-10-15 11:00:00+00:00,,0.02839,0.02735,0.02735,-1.054596153846153,推进不足后止损,持仓第34根K，最低价0.02735触及当时已生效保护价0.02735；按初始止损在0.02735退出，扣费后净-1.05R。,距V9 0根，较父V9独立模拟入场价+0.00%；初始风险3.66%（3.03个信号ATR），往返成本0.055R。 入场信号收盘在六均线上方，IMACD向上且增强，相对成交量3.98倍。 原账本最大浮盈0.25R；5分钟审计得到实际止损前浮盈范围0.25–0.25R（若上下界不同，触及止损的5分钟内先后未知）。 退出前最高收盘0.08R，未收盘达到2R，原追踪未激活。 退出下一根起48根内，最高回到原入场-0.87R，最低到-2.59R。,当前事实不足以提出特定改法；先保留原规则作为对照。,binance_um:MUBARAKUSDT:15m:box_any:20307
T258,PENDLEUSDT,15m,2025-10-18 07:15:00+00:00,2025-10-18 09:15:00+00:00,,3.2417,3.1884,3.1884,-1.1216397748592877,推进不足后止损,持仓第9根K，最低价3.1858触及当时已生效保护价3.1884；按初始止损在3.1884退出，扣费后净-1.12R。,距V9 4根，较父V9独立模拟入场价+0.76%；初始风险1.64%（2.47个信号ATR），往返成本0.122R。 入场信号收盘在六均线上方，IMACD向上且增强，相对成交量5.16倍。 原账本最大浮盈0.01R；5分钟审计得到实际止损前浮盈范围0.01–0.01R（若上下界不同，触及止损的5分钟内先后未知）。 退出前最高收盘-0.20R，未收盘达到2R，原追踪未激活。 退出下一根起48根内，最高回到原入场+0.88R，最低到-1.49R。,已比V9入场更贵，需评估确认收益能否覆盖追价代价,binance_um:PENDLEUSDT:15m:box_any:40216
T259,ZENUSDT,15m,2025-10-18 12:15:00+00:00,2025-10-18 13:30:00+00:00,,11.772,11.452,11.452,-1.0735749999999993,推进不足后止损,持仓第6根K，最低价11.4触及当时已生效保护价11.452；按初始止损在11.452退出，扣费后净-1.07R。,距V9 2根，较父V9独立模拟入场价-0.09%；初始风险2.72%（2.00个信号ATR），往返成本0.074R。 入场信号收盘在六均线上方，IMACD向上且增强，相对成交量0.89倍。 原账本最大浮盈0.14R；5分钟审计得到实际止损前浮盈范围0.14–0.14R（若上下界不同，触及止损的5分钟内先后未知）。 退出前最高收盘-0.25R，未收盘达到2R，原追踪未激活。 退出下一根起48根内，最高回到原入场-0.26R，最低到-1.96R。,当前事实不足以提出特定改法；先保留原规则作为对照。,binance_um:ZENUSDT:15m:box_any:40236
T260,PUMPUSDT,15m,2025-10-18 16:45:00+00:00,2025-10-19 05:30:00+00:00,,0.003687,0.003571,0.003859,1.4191896551724088,盈利保护退出,持仓第52根K，最低价0.003854触及当时已生效保护价0.003859；按追踪止损在0.003859退出，扣费后净+1.42R。,距V9 3根，较父V9独立模拟入场价+1.07%；初始风险3.15%（2.01个信号ATR），往返成本0.064R。 入场信号收盘在六均线上方，IMACD向上且增强，相对成交量7.49倍。 原账本最大浮盈3.49R；5分钟审计得到实际止损前浮盈范围3.49–3.49R（若上下界不同，触及止损的5分钟内先后未知）。 已收盘触及2R并激活追踪；退出时保护在入场价+1.48R，激活不保证保本。 退出下一根起48根内，最高回到原入场+2.75R，最低到+0.88R。,已比V9入场更贵，需评估确认收益能否覆盖追价代价；作为盈利对照保留：任何更早止盈/更严过滤都需计算会损失多少这类赢家,binance_um:PUMPUSDT:15m:box_any:10500
T261,ETHUSDT,15m,2025-10-19 05:15:00+00:00,2025-10-19 06:30:00+00:00,,3900.46,3880.18,3880.18,-1.384660749506918,推进不足后止损,持仓第6根K，最低价3873.72触及当时已生效保护价3880.18；按初始止损在3880.18退出，扣费后净-1.38R。,距V9 45根，较父V9独立模拟入场价+0.21%；初始风险0.52%（2.00个信号ATR），往返成本0.385R。 入场信号收盘在六均线上方，IMACD向上且增强，相对成交量0.93倍。 原账本最大浮盈0.94R；5分钟审计得到实际止损前浮盈范围0.94–0.94R（若上下界不同，触及止损的5分钟内先后未知）。 退出前最高收盘0.19R，未收盘达到2R，原追踪未激活。 退出下一根起48根内，最高回到原入场+6.21R，最低到-4.46R。,已比V9入场更贵，需评估确认收益能否覆盖追价代价；退出后48根内曾回到+1R；属事后重启机会，不能证明放宽原止损会赚钱,binance_um:ETHUSDT:15m:box_any:40304
T262,APTUSDT,15m,2025-10-20 04:15:00+00:00,2025-10-21 03:45:00+00:00,,3.2514,3.1607000000000003,3.1607000000000003,-1.0716957001102545,到过1R后回吐,持仓第95根K，最低价3.1581触及当时已生效保护价3.1607；按初始止损在3.1607退出，扣费后净-1.07R。,距V9 1根，较父V9独立模拟入场价+0.02%；初始风险2.79%（4.16个信号ATR），往返成本0.072R。 入场信号收盘在六均线上方，IMACD向上且增强，相对成交量3.19倍。 原账本最大浮盈1.16R；5分钟审计得到实际止损前浮盈范围1.16–1.16R（若上下界不同，触及止损的5分钟内先后未知）。 退出前最高收盘1.10R，未收盘达到2R，原追踪未激活。 退出下一根起48根内，最高回到原入场+1.24R，最低到-1.56R。,已比V9入场更贵，需评估确认收益能否覆盖追价代价；退出后48根内曾回到+1R；属事后重启机会，不能证明放宽原止损会赚钱,binance_um:APTUSDT:15m:box_any:40396
T263,BOMEUSDT,15m,2025-10-20 05:15:00+00:00,2025-10-20 16:00:00+00:00,,0.001108,0.0010895,0.0011116,0.0748108108107999,盈利保护退出,持仓第44根K，最低价0.001087触及当时已生效保护价0.0011116；按追踪止损在0.0011116退出，扣费后净+0.07R。,距V9 2根，较父V9独立模拟入场价-0.27%；初始风险1.67%（2.12个信号ATR），往返成本0.120R。 入场信号收盘在六均线上方，IMACD向上且增强，相对成交量1.03倍。 原账本最大浮盈2.49R；5分钟审计得到实际止损前浮盈范围2.49–2.49R（若上下界不同，触及止损的5分钟内先后未知）。 已收盘触及2R并激活追踪；退出时保护在入场价+0.19R，激活不保证保本。 退出下一根起48根内，最高回到原入场+1.41R，最低到-2.16R。,作为盈利对照保留：任何更早止盈/更严过滤都需计算会损失多少这类赢家,binance_um:BOMEUSDT:15m:box_any:40400
T264,SOLUSDT,15m,2025-10-20 06:15:00+00:00,2025-10-20 15:45:00+00:00,,192.86,190.52,190.52,-1.1648376068376065,推进不足后止损,持仓第39根K，最低价190.31触及当时已生效保护价190.52；按初始止损在190.52退出，扣费后净-1.16R。,距V9 8根，较父V9独立模拟入场价+0.71%；初始风险1.21%（2.01个信号ATR），往返成本0.165R。 入场信号收盘在六均线上方，IMACD向上且增强，相对成交量0.96倍。 原账本最大浮盈0.68R；5分钟审计得到实际止损前浮盈范围0.68–0.68R（若上下界不同，触及止损的5分钟内先后未知）。 退出前最高收盘0.41R，未收盘达到2R，原追踪未激活。 退出下一根起48根内，最高回到原入场-0.76R，最低到-3.29R。,已比V9入场更贵，需评估确认收益能否覆盖追价代价,binance_um:SOLUSDT:15m:box_any:40404
T265,MUBARAKUSDT,15m,2025-10-20 10:45:00+00:00,2025-10-20 16:00:00+00:00,,0.0256,0.02504,0.02504,-1.0914285714285692,推进不足后止损,持仓第22根K，最低价0.02449触及当时已生效保护价0.02504；按初始止损在0.02504退出，扣费后净-1.09R。,距V9 26根，较父V9独立模拟入场价+0.83%；初始风险2.19%（2.34个信号ATR），往返成本0.091R。 入场信号收盘在六均线上方，IMACD向上且增强，相对成交量2.59倍。 原账本最大浮盈0.29R；5分钟审计得到实际止损前浮盈范围0.29–0.29R（若上下界不同，触及止损的5分钟内先后未知）。 退出前最高收盘0.16R，未收盘达到2R，原追踪未激活。 退出下一根起48根内，最高回到原入场-0.73R，最低到-2.54R。,已比V9入场更贵，需评估确认收益能否覆盖追价代价,binance_um:MUBARAKUSDT:15m:box_any:20819
T266,AEROUSDT,15m,2025-10-25 04:30:00+00:00,2025-10-26 02:00:00+00:00,,0.8204,0.8119000000000001,0.9003,9.206964705882394,盈利保护退出,持仓第87根K，最低价0.8993触及当时已生效保护价0.9003；按追踪止损在0.9003退出，扣费后净+9.21R。,距V9 94根，较父V9独立模拟入场价+0.66%；初始风险1.04%（1.99个信号ATR），往返成本0.193R。 入场信号收盘在六均线上方，IMACD向上且增强，相对成交量1.56倍。 原账本最大浮盈14.84R；5分钟审计得到实际止损前浮盈范围14.84–14.84R（若上下界不同，触及止损的5分钟内先后未知）。 已收盘触及2R并激活追踪；退出时保护在入场价+9.40R，激活不保证保本。 退出下一根起48根内，最高回到原入场+15.02R，最低到+8.38R。,等待超过48根，需检验突破时原启动结构是否已失效；已比V9入场更贵，需评估确认收益能否覆盖追价代价；作为盈利对照保留：任何更早止盈/更严过滤都需计算会损失多少这类赢家,binance_um:AEROUSDT:15m:box_any:31160
T267,BTCUSDT,15m,2025-10-25 07:15:00+00:00,2025-10-25 16:00:00+00:00,,111400.0,111099.1,111099.1,-1.740445330674655,到过1R后回吐,持仓第36根K，最低价111094触及当时已生效保护价111099；按初始止损在111099退出，扣费后净-1.74R。,距V9 10根，较父V9独立模拟入场价+0.16%；初始风险0.27%（2.00个信号ATR），往返成本0.740R。 入场信号收盘在六均线上方，IMACD向上且增强，相对成交量0.88倍。 原账本最大浮盈1.67R；5分钟审计得到实际止损前浮盈范围1.67–1.67R（若上下界不同，触及止损的5分钟内先后未知）。 退出前最高收盘1.57R，未收盘达到2R，原追踪未激活。 退出下一根起48根内，最高回到原入场+1.55R，最低到-0.76R。,已比V9入场更贵，需评估确认收益能否覆盖追价代价；退出后48根内曾回到+1R；属事后重启机会，不能证明放宽原止损会赚钱,binance_um:BTCUSDT:15m:box_any:40888
T268,USELESSUSDT,15m,2025-10-25 09:00:00+00:00,2025-10-26 02:45:00+00:00,,0.2957,0.28418,0.28418,-1.0513368055555556,到过1R后回吐,持仓第72根K，最低价0.2831触及当时已生效保护价0.28418；按初始止损在0.28418退出，扣费后净-1.05R。,距V9 50根，较父V9独立模拟入场价+1.06%；初始风险3.90%（3.24个信号ATR），往返成本0.051R。 入场信号收盘在六均线上方，IMACD未同时满足向上和增强，相对成交量1.23倍。 原账本最大浮盈1.23R；5分钟审计得到实际止损前浮盈范围1.23–1.23R（若上下界不同，触及止损的5分钟内先后未知）。 退出前最高收盘0.82R，未收盘达到2R，原追踪未激活。 退出下一根起48根内，最高回到原入场+3.98R，最低到-1.24R。,等待超过48根，需检验突破时原启动结构是否已失效；已比V9入场更贵，需评估确认收益能否覆盖追价代价；突破当时支撑或动能不完整，但此前单加六均线门未改善全池，不能直接套门；退出后48根内曾回到+1R；属事后重启机会，不能证明放宽原止损会赚钱,binance_um:USELESSUSDT:15m:box_any:6802
T269,OPUSDT,15m,2025-10-25 16:15:00+00:00,2025-10-26 01:45:00+00:00,,0.4458,0.44249,0.44249,-1.26936555891239,到过1R后回吐,持仓第39根K，最低价0.4416触及当时已生效保护价0.44249；按初始止损在0.44249退出，扣费后净-1.27R。,距V9 140根，较父V9独立模拟入场价+1.16%；初始风险0.74%（2.07个信号ATR），往返成本0.269R。 入场信号收盘在六均线上方，IMACD向上且增强，相对成交量2.13倍。 原账本最大浮盈1.54R；5分钟审计得到实际止损前浮盈范围1.54–1.54R（若上下界不同，触及止损的5分钟内先后未知）。 退出前最高收盘1.42R，未收盘达到2R，原追踪未激活。 退出下一根起48根内，最高回到原入场+5.53R，最低到-1.93R。,等待超过48根，需检验突破时原启动结构是否已失效；已比V9入场更贵，需评估确认收益能否覆盖追价代价；退出后48根内曾回到+1R；属事后重启机会，不能证明放宽原止损会赚钱,binance_um:OPUSDT:15m:box_any:40924
T270,XTZUSDT,15m,2025-10-25 20:15:00+00:00,2025-10-26 20:15:00+00:00,,0.605,0.5988,0.607,0.1274193548387002,盈利保护退出,持仓第97根K，最低价0.607触及当时已生效保护价0.607；按追踪止损在0.607退出，扣费后净+0.13R。,距V9 22根，较父V9独立模拟入场价-0.17%；初始风险1.02%（2.41个信号ATR），往返成本0.195R。 入场信号收盘不在六均线上方，IMACD未同时满足向上和增强，相对成交量0.95倍。 原账本最大浮盈2.42R；5分钟审计得到实际止损前浮盈范围2.42–2.42R（若上下界不同，触及止损的5分钟内先后未知）。 已收盘触及2R并激活追踪；退出时保护在入场价+0.32R，激活不保证保本。 退出下一根起48根内，最高回到原入场+2.74R，最低到+0.00R。,突破当时支撑或动能不完整，但此前单加六均线门未改善全池，不能直接套门；识别突破时本周期收盘已低于至少一条冻结投影线，需核查多周期确认时差；作为盈利对照保留：任何更早止盈/更严过滤都需计算会损失多少这类赢家,binance_um:XTZUSDT:15m:box_any:40940
T271,DASHUSDT,15m,2025-10-26 06:45:00+00:00,2025-10-27 02:45:00+00:00,,42.6,41.27,49.61,5.206616541353389,盈利保护退出,持仓第81根K，最低价48.91触及当时已生效保护价49.61；按追踪止损在49.61退出，扣费后净+5.21R。,距V9 29根，较父V9独立模拟入场价+1.57%；初始风险3.12%（3.87个信号ATR），往返成本0.064R。 入场信号收盘在六均线上方，IMACD向上且增强，相对成交量7.85倍。 原账本最大浮盈8.74R；5分钟审计得到实际止损前浮盈范围8.74–8.74R（若上下界不同，触及止损的5分钟内先后未知）。 已收盘触及2R并激活追踪；退出时保护在入场价+5.27R，激活不保证保本。 退出下一根起48根内，最高回到原入场+7.67R，最低到+4.99R。,已比V9入场更贵，需评估确认收益能否覆盖追价代价；作为盈利对照保留：任何更早止盈/更严过滤都需计算会损失多少这类赢家,binance_um:DASHUSDT:15m:box_any:40982
T272,ZECUSDT,15m,2025-11-05 08:15:00+00:00,2025-11-06 16:45:00+00:00,,434.63,417.83,506.9,4.25004404761905,盈利保护退出,持仓第131根K，最低价502.5触及当时已生效保护价506.9；按追踪止损在506.9退出，扣费后净+4.25R。,距V9 159根，较父V9独立模拟入场价+5.38%；初始风险3.87%（2.00个信号ATR），往返成本0.052R。 入场信号收盘在六均线上方，IMACD未同时满足向上和增强，相对成交量1.29倍。 原账本最大浮盈6.81R；5分钟审计得到实际止损前浮盈范围6.81–6.81R（若上下界不同，触及止损的5分钟内先后未知）。 已收盘触及2R并激活追踪；退出时保护在入场价+4.30R，激活不保证保本。 退出下一根起48根内，最高回到原入场+9.60R，最低到+4.43R。,等待超过48根，需检验突破时原启动结构是否已失效；已比V9入场更贵，需评估确认收益能否覆盖追价代价；突破当时支撑或动能不完整，但此前单加六均线门未改善全池，不能直接套门；作为盈利对照保留：任何更早止盈/更严过滤都需计算会损失多少这类赢家,binance_um:ZECUSDT:15m:box_any:41948
T273,ARUSDT,15m,2025-11-06 14:15:00+00:00,2025-11-08 00:45:00+00:00,,4.528,4.221,7.066,8.237602605863207,盈利保护退出,持仓第139根K，最低价7.039触及当时已生效保护价7.066；按追踪止损在7.066退出，扣费后净+8.24R。,距V9 29根，较父V9独立模拟入场价+3.88%；初始风险6.78%（3.47个信号ATR），往返成本0.029R。 入场信号收盘在六均线上方，IMACD向上且增强，相对成交量4.05倍。 原账本最大浮盈13.70R；5分钟审计得到实际止损前浮盈范围13.70–13.70R（若上下界不同，触及止损的5分钟内先后未知）。 已收盘触及2R并激活追踪；退出时保护在入场价+8.27R，激活不保证保本。 退出下一根起48根内，最高回到原入场+13.12R，最低到+7.08R。,已比V9入场更贵，需评估确认收益能否覆盖追价代价；作为盈利对照保留：任何更早止盈/更严过滤都需计算会损失多少这类赢家,binance_um:ARUSDT:15m:box_any:42068
T274,ZENUSDT,15m,2025-11-07 04:45:00+00:00,2025-11-07 06:15:00+00:00,,20.944,19.633,19.633,-1.0319511823035858,推进不足后止损,持仓第7根K，最低价19.604触及当时已生效保护价19.633；按初始止损在19.633退出，扣费后净-1.03R。,距V9 6根，较父V9独立模拟入场价+5.32%；初始风险6.26%（2.73个信号ATR），往返成本0.032R。 入场信号收盘在六均线上方，IMACD向上且增强，相对成交量2.05倍。 原账本最大浮盈0.10R；5分钟审计得到实际止损前浮盈范围0.10–0.10R（若上下界不同，触及止损的5分钟内先后未知）。 退出前最高收盘0.08R，未收盘达到2R，原追踪未激活。 退出下一根起48根内，最高回到原入场+0.63R，最低到-1.82R。,已比V9入场更贵，需评估确认收益能否覆盖追价代价,binance_um:ZENUSDT:15m:box_any:42126
T275,ARBUSDT,15m,2025-11-11 00:15:00+00:00,2025-11-11 05:15:00+00:00,,0.3062,0.30004,0.30004,-1.0994155844155846,到过1R后回吐,持仓第21根K，最低价0.2995触及当时已生效保护价0.30004；按初始止损在0.30004退出，扣费后净-1.10R。,距V9 5根，较父V9独立模拟入场价-1.51%；初始风险2.01%（1.97个信号ATR），往返成本0.099R。 入场信号收盘在六均线上方，IMACD向上且增强，相对成交量1.26倍。 原账本最大浮盈1.23R；5分钟审计得到实际止损前浮盈范围1.23–1.23R（若上下界不同，触及止损的5分钟内先后未知）。 退出前最高收盘0.73R，未收盘达到2R，原追踪未激活。 退出下一根起48根内，最高回到原入场-0.93R，最低到-3.75R。,当前事实不足以提出特定改法；先保留原规则作为对照。,binance_um:ARBUSDT:15m:box_any:42492
T276,ENAUSDT,15m,2025-11-11 04:15:00+00:00,2025-11-11 05:15:00+00:00,,0.3548,0.34418,0.34418,-1.066817325800378,推进不足后止损,持仓第5根K，最低价0.3425触及当时已生效保护价0.34418；按初始止损在0.34418退出，扣费后净-1.07R。,距V9 109根，较父V9独立模拟入场价+4.45%；初始风险2.99%（2.00个信号ATR），往返成本0.067R。 入场信号收盘在六均线上方，IMACD向上且增强，相对成交量0.60倍。 原账本最大浮盈0.12R；5分钟审计得到实际止损前浮盈范围0.12–0.12R（若上下界不同，触及止损的5分钟内先后未知）。 退出前最高收盘-0.42R，未收盘达到2R，原追踪未激活。 退出下一根起48根内，最高回到原入场-0.89R，最低到-3.12R。,等待超过48根，需检验突破时原启动结构是否已失效；已比V9入场更贵，需评估确认收益能否覆盖追价代价,binance_um:ENAUSDT:15m:box_any:42508
T277,DASHUSDT,15m,2025-11-13 12:00:00+00:00,2025-11-13 14:00:00+00:00,,71.12,67.57000000000001,67.57000000000001,-1.0400676056338034,推进不足后止损,持仓第9根K，最低价67.49触及当时已生效保护价67.57；按初始止损在67.57退出，扣费后净-1.04R。,距V9 1根，较父V9独立模拟入场价+2.20%；初始风险4.99%（3.18个信号ATR），往返成本0.040R。 入场信号收盘在六均线上方，IMACD向上且增强，相对成交量4.31倍。 原账本最大浮盈0.00R；5分钟审计得到实际止损前浮盈范围0.00–0.00R（若上下界不同，触及止损的5分钟内先后未知）。 退出前最高收盘-0.31R，未收盘达到2R，原追踪未激活。 退出下一根起48根内，最高回到原入场-0.74R，最低到-2.70R。,已比V9入场更贵，需评估确认收益能否覆盖追价代价,binance_um:DASHUSDT:15m:box_any:42731
T278,FILUSDT,15m,2025-11-24 02:30:00+00:00,2025-11-24 09:15:00+00:00,,1.643,1.5969,1.5969,-1.0712798264642085,推进不足后止损,持仓第28根K，最低价1.594触及当时已生效保护价1.5969；按初始止损在1.5969退出，扣费后净-1.07R。,距V9 0根，较父V9独立模拟入场价+0.00%；初始风险2.81%（3.03个信号ATR），往返成本0.071R。 入场信号收盘在六均线上方，IMACD向上且增强，相对成交量2.27倍。 原账本最大浮盈0.28R；5分钟审计得到实际止损前浮盈范围0.28–0.28R（若上下界不同，触及止损的5分钟内先后未知）。 退出前最高收盘0.17R，未收盘达到2R，原追踪未激活。 退出下一根起48根内，最高回到原入场+0.80R，最低到-1.21R。,当前事实不足以提出特定改法；先保留原规则作为对照。,binance_um:FILUSDT:15m:box_any:43749
T279,UNIUSDT,15m,2025-11-24 04:15:00+00:00,2025-11-24 04:15:00+00:00,,6.36,6.243,6.243,-1.108717948717947,前三根止损,持仓第1根K，最低价6.203触及当时已生效保护价6.243；按初始止损在6.243退出，扣费后净-1.11R。,距V9 3根，较父V9独立模拟入场价+0.11%；初始风险1.84%（1.99个信号ATR），往返成本0.109R。 入场信号收盘在六均线上方，IMACD向上且增强，相对成交量0.66倍。 原账本最大浮盈0.00R；5分钟审计得到实际止损前浮盈范围0.01–0.01R（若上下界不同，触及止损的5分钟内先后未知）。 入场当根退出，无存活持仓收盘；追踪未激活。 退出下一根起48根内，最高回到原入场+0.55R，最低到-2.64R。,已比V9入场更贵，需评估确认收益能否覆盖追价代价,binance_um:UNIUSDT:15m:box_any:43756
T280,USELESSUSDT,15m,2025-11-24 12:15:00+00:00,2025-11-26 10:30:00+00:00,,0.0982,0.09296,0.1187,3.874732824427488,盈利保护退出,持仓第186根K，最低价0.1183触及当时已生效保护价0.1187；按追踪止损在0.1187退出，扣费后净+3.87R。,距V9 39根，较父V9独立模拟入场价+1.66%；初始风险5.34%（3.16个信号ATR），往返成本0.037R。 入场信号收盘在六均线上方，IMACD未同时满足向上和增强，相对成交量2.33倍。 原账本最大浮盈5.97R；5分钟审计得到实际止损前浮盈范围5.97–5.97R（若上下界不同，触及止损的5分钟内先后未知）。 已收盘触及2R并激活追踪；退出时保护在入场价+3.91R，激活不保证保本。 退出下一根起48根内，最高回到原入场+6.43R，最低到+2.29R。,已比V9入场更贵，需评估确认收益能否覆盖追价代价；突破当时支撑或动能不完整，但此前单加六均线门未改善全池，不能直接套门；作为盈利对照保留：任何更早止盈/更严过滤都需计算会损失多少这类赢家,binance_um:USELESSUSDT:15m:box_any:9695
T281,API3USDT,15m,2025-11-24 16:15:00+00:00,2025-11-25 09:30:00+00:00,,0.5409,0.531,0.5355,-0.6547272727272772,反向确认亏损退出,上一根出现原始反向信号，下一根开盘0.5355退出；这笔不是价格触及止损退出，扣费后净-0.65R。,距V9 55根，较父V9独立模拟入场价+0.28%；初始风险1.83%（2.45个信号ATR），往返成本0.109R。 入场信号收盘在六均线上方，IMACD向上且增强，相对成交量1.99倍。 截至退出前/数据末端，原账本最大浮盈1.78R。 退出前最高收盘1.56R，未收盘达到2R，原追踪未激活。 退出下一根起48根内，最高回到原入场+0.39R，最低到-1.22R。,等待超过48根，需检验突破时原启动结构是否已失效；已比V9入场更贵，需评估确认收益能否覆盖追价代价,binance_um:API3USDT:15m:box_any:43804
T282,PUMPUSDT,15m,2025-11-24 16:15:00+00:00,2025-11-26 12:30:00+00:00,,0.002715,0.002611,0.002772,0.4958653846153887,反向确认盈利退出,上一根出现原始反向信号，下一根开盘0.002772退出；这笔不是价格触及止损退出，扣费后净+0.50R。,距V9 55根，较父V9独立模拟入场价+2.61%；初始风险3.83%（2.73个信号ATR），往返成本0.052R。 入场信号收盘在六均线上方，IMACD向上且增强，相对成交量1.52倍。 截至退出前/数据末端，原账本最大浮盈2.00R。 退出前最高收盘1.80R，未收盘达到2R，原追踪未激活。 退出下一根起48根内，最高回到原入场+2.54R，最低到-0.11R。,等待超过48根，需检验突破时原启动结构是否已失效；已比V9入场更贵，需评估确认收益能否覆盖追价代价；盘中高点与收盘触发存在差异；此前全池最高价激活试验未通过，不能凭此单直接修改；作为盈利对照保留：任何更早止盈/更严过滤都需计算会损失多少这类赢家,binance_um:PUMPUSDT:15m:box_any:14050
T283,UNIUSDT,15m,2025-11-24 20:45:00+00:00,2025-11-25 00:00:00+00:00,,6.382,6.275,6.275,-1.1192897196261662,推进不足后止损,持仓第14根K，最低价6.253触及当时已生效保护价6.275；按初始止损在6.275退出，扣费后净-1.12R。,距V9 9根，较父V9独立模拟入场价+0.90%；初始风险1.68%（2.01个信号ATR），往返成本0.119R。 入场信号收盘在六均线上方，IMACD向上且增强，相对成交量0.84倍。 原账本最大浮盈0.28R；5分钟审计得到实际止损前浮盈范围0.28–0.28R（若上下界不同，触及止损的5分钟内先后未知）。 退出前最高收盘0.09R，未收盘达到2R，原追踪未激活。 退出下一根起48根内，最高回到原入场-0.09R，最低到-2.57R。,已比V9入场更贵，需评估确认收益能否覆盖追价代价,binance_um:UNIUSDT:15m:box_any:43822
T284,BOMEUSDT,15m,2025-11-25 17:45:00+00:00,2025-11-25 19:15:00+00:00,,0.0007445,0.0007283999999999,0.0007283999999999,-1.0924844720496885,推进不足后止损,持仓第7根K，最低价0.0007196触及当时已生效保护价0.0007284；按初始止损在0.0007284退出，扣费后净-1.09R。,距V9 104根，较父V9独立模拟入场价+5.11%；初始风险2.16%（2.02个信号ATR），往返成本0.092R。 入场信号收盘在六均线上方，IMACD未同时满足向上和增强，相对成交量1.34倍。 原账本最大浮盈0.18R；5分钟审计得到实际止损前浮盈范围0.18–0.18R（若上下界不同，触及止损的5分钟内先后未知）。 退出前最高收盘-0.06R，未收盘达到2R，原追踪未激活。 退出下一根起48根内，最高回到原入场+0.80R，最低到-1.54R。,等待超过48根，需检验突破时原启动结构是否已失效；已比V9入场更贵，需评估确认收益能否覆盖追价代价；突破当时支撑或动能不完整，但此前单加六均线门未改善全池，不能直接套门,binance_um:BOMEUSDT:15m:box_any:43906
T285,BTCUSDT,15m,2025-11-26 17:15:00+00:00,2025-11-27 13:00:00+00:00,,87813.0,86842.3,90789.3,2.8852106727104245,盈利保护退出,持仓第80根K，最低价90710触及当时已生效保护价90789.3；按追踪止损在90789.3退出，扣费后净+2.89R。,距V9 3根，较父V9独立模拟入场价+0.31%；初始风险1.11%（2.70个信号ATR），往返成本0.181R。 入场信号收盘在六均线上方，IMACD未同时满足向上和增强，相对成交量0.57倍。 原账本最大浮盈4.24R；5分钟审计得到实际止损前浮盈范围4.24–4.24R（若上下界不同，触及止损的5分钟内先后未知）。 已收盘触及2R并激活追踪；退出时保护在入场价+3.07R，激活不保证保本。 退出下一根起48根内，最高回到原入场+4.11R，最低到+2.68R。,已比V9入场更贵，需评估确认收益能否覆盖追价代价；突破当时支撑或动能不完整，但此前单加六均线门未改善全池，不能直接套门；作为盈利对照保留：任何更早止盈/更严过滤都需计算会损失多少这类赢家,binance_um:BTCUSDT:15m:box_any:44000
T286,WIFUSDT,15m,2025-11-26 17:15:00+00:00,2025-11-27 12:15:00+00:00,,0.3657,0.3567,0.3753,0.9854000000000004,盈利保护退出,持仓第77根K，最低价0.3753触及当时已生效保护价0.3753；按追踪止损在0.3753退出，扣费后净+0.99R。,距V9 3根，较父V9独立模拟入场价+0.30%；初始风险2.46%（2.60个信号ATR），往返成本0.081R。 入场信号收盘在六均线上方，IMACD未同时满足向上和增强，相对成交量1.47倍。 原账本最大浮盈3.03R；5分钟审计得到实际止损前浮盈范围3.03–3.03R（若上下界不同，触及止损的5分钟内先后未知）。 已收盘触及2R并激活追踪；退出时保护在入场价+1.07R，激活不保证保本。 退出下一根起48根内，最高回到原入场+3.20R，最低到+1.04R。,已比V9入场更贵，需评估确认收益能否覆盖追价代价；突破当时支撑或动能不完整，但此前单加六均线门未改善全池，不能直接套门；作为盈利对照保留：任何更早止盈/更严过滤都需计算会损失多少这类赢家,binance_um:WIFUSDT:15m:box_any:44000
T287,OPUSDT,15m,2025-11-26 17:45:00+00:00,2025-11-28 18:00:00+00:00,,0.3224,0.31168,0.3281,0.4715671641791029,反向确认盈利退出,上一根出现原始反向信号，下一根开盘0.3281退出；这笔不是价格触及止损退出，扣费后净+0.47R。,距V9 0根，较父V9独立模拟入场价+0.00%；初始风险3.33%（4.19个信号ATR），往返成本0.060R。 入场信号收盘在六均线上方，IMACD向上且增强，相对成交量2.49倍。 截至退出前/数据末端，原账本最大浮盈1.94R。 退出前最高收盘1.89R，未收盘达到2R，原追踪未激活。 退出下一根起48根内，最高回到原入场+1.22R，最低到+0.42R。,作为盈利对照保留：任何更早止盈/更严过滤都需计算会损失多少这类赢家,binance_um:OPUSDT:15m:box_any:44002
T288,AEROUSDT,15m,2025-11-26 18:30:00+00:00,2025-11-28 02:15:00+00:00,,0.7248,0.6708000000000001,0.6929,-0.6175851851851866,反向确认亏损退出,上一根出现原始反向信号，下一根开盘0.6929退出；这笔不是价格触及止损退出，扣费后净-0.62R。,距V9 3根，较父V9独立模拟入场价+3.62%；初始风险7.45%（6.76个信号ATR），往返成本0.027R。 入场信号收盘在六均线上方，IMACD向上且增强，相对成交量4.76倍。 截至退出前/数据末端，原账本最大浮盈0.24R。 退出前最高收盘0.19R，未收盘达到2R，原追踪未激活。 退出下一根起48根内，最高回到原入场-0.09R，最低到-0.67R。,已比V9入场更贵，需评估确认收益能否覆盖追价代价,binance_um:AEROUSDT:15m:box_any:34288
T289,SOLUSDT,15m,2025-11-26 19:15:00+00:00,2025-11-27 23:30:00+00:00,,143.75,140.36,140.36,-1.084808259587022,推进不足后止损,持仓第114根K，最低价140.34触及当时已生效保护价140.36；按初始止损在140.36退出，扣费后净-1.08R。,距V9 6根，较父V9独立模拟入场价+2.84%；初始风险2.36%（2.81个信号ATR），往返成本0.085R。 入场信号收盘在六均线上方，IMACD向上且增强，相对成交量0.82倍。 原账本最大浮盈0.27R；5分钟审计得到实际止损前浮盈范围0.27–0.27R（若上下界不同，触及止损的5分钟内先后未知）。 退出前最高收盘0.18R，未收盘达到2R，原追踪未激活。 退出下一根起48根内，最高回到原入场-0.35R，最低到-1.55R。,已比V9入场更贵，需评估确认收益能否覆盖追价代价,binance_um:SOLUSDT:15m:box_any:44008
T290,ONEUSDT,15m,2025-11-26 20:15:00+00:00,2025-11-27 11:30:00+00:00,,0.00441,0.004334,0.004334,-1.116052631578948,推进不足后止损,持仓第62根K，最低价0.00433触及当时已生效保护价0.004334；按初始止损在0.004334退出，扣费后净-1.12R。,距V9 10根，较父V9独立模拟入场价+0.68%；初始风险1.72%（1.77个信号ATR），往返成本0.116R。 入场信号收盘在六均线上方，IMACD向上且增强，相对成交量0.92倍。 原账本最大浮盈0.39R；5分钟审计得到实际止损前浮盈范围0.39–0.39R（若上下界不同，触及止损的5分钟内先后未知）。 退出前最高收盘0.13R，未收盘达到2R，原追踪未激活。 退出下一根起48根内，最高回到原入场+0.53R，最低到-1.58R。,已比V9入场更贵，需评估确认收益能否覆盖追价代价,binance_um:ONEUSDT:15m:box_any:44012
T291,USELESSUSDT,15m,2025-11-28 11:15:00+00:00,2025-11-28 17:00:00+00:00,,0.1246,0.12027,0.12439,-0.1060508083140853,收盘激活追踪后仍亏,持仓第24根K，最低价0.1236触及当时已生效保护价0.12439；按追踪止损在0.12439退出，扣费后净-0.11R。,距V9 23根，较父V9独立模拟入场价+1.14%；初始风险3.48%（2.05个信号ATR），往返成本0.058R。 入场信号收盘不在六均线上方，IMACD未同时满足向上和增强，相对成交量0.73倍。 原账本最大浮盈2.86R；5分钟审计得到实际止损前浮盈范围2.86–2.86R（若上下界不同，触及止损的5分钟内先后未知）。 已收盘触及2R并激活追踪；退出时保护在入场价-0.05R，激活不保证保本。 退出下一根起48根内，最高回到原入场+0.07R，最低到-1.39R。,已比V9入场更贵，需评估确认收益能否覆盖追价代价；突破当时支撑或动能不完整，但此前单加六均线门未改善全池，不能直接套门；识别突破时本周期收盘已低于至少一条冻结投影线，需核查多周期确认时差；4ATR追踪在本单仍低于成本线；统一提保本可能损失其他赢家，需另做完整对照,binance_um:USELESSUSDT:15m:box_any:10075
T292,PIEVERSEUSDT,15m,2025-11-29 23:45:00+00:00,2025-11-30 04:30:00+00:00,,0.3388,0.3289,0.3362,-0.3310707070707058,收盘激活追踪后仍亏,持仓第20根K，最低价0.3303触及当时已生效保护价0.3362；按追踪止损在0.3362退出，扣费后净-0.33R。,距V9 47根，较父V9独立模拟入场价-1.31%；初始风险2.92%（2.03个信号ATR），往返成本0.068R。 入场信号收盘在六均线上方，IMACD未同时满足向上和增强，相对成交量0.61倍。 原账本最大浮盈2.32R；5分钟审计得到实际止损前浮盈范围2.32–2.32R（若上下界不同，触及止损的5分钟内先后未知）。 已收盘触及2R并激活追踪；退出时保护在入场价-0.26R，激活不保证保本。 退出下一根起48根内，最高回到原入场+0.28R，最低到-2.11R。,突破当时支撑或动能不完整，但此前单加六均线门未改善全池，不能直接套门；4ATR追踪在本单仍低于成本线；统一提保本可能损失其他赢家，需另做完整对照,binance_um:PIEVERSEUSDT:15m:box_any:1488
T293,UNIUSDT,15m,2025-12-08 05:45:00+00:00,2025-12-09 00:45:00+00:00,,5.618,5.549,5.549,-1.1628405797101469,盘中到2R但收盘未激活,持仓第77根K，最低价5.545触及当时已生效保护价5.549；按初始止损在5.549退出，扣费后净-1.16R。,距V9 16根，较父V9独立模拟入场价+0.66%；初始风险1.23%（2.01个信号ATR），往返成本0.163R。 入场信号收盘在六均线上方，IMACD向上且增强，相对成交量0.76倍。 原账本最大浮盈2.13R；5分钟审计得到实际止损前浮盈范围2.13–2.13R（若上下界不同，触及止损的5分钟内先后未知）。 退出前最高收盘1.75R，未收盘达到2R，原追踪未激活。 退出下一根起48根内，最高回到原入场-0.68R，最低到-2.86R。,已比V9入场更贵，需评估确认收益能否覆盖追价代价；盘中高点与收盘触发存在差异；此前全池最高价激活试验未通过，不能凭此单直接修改,binance_um:UNIUSDT:15m:box_any:45106
T294,ARUSDT,15m,2025-12-08 06:45:00+00:00,2025-12-08 12:30:00+00:00,,4.052,4.009,4.042,-0.4210232558139535,收盘激活追踪后仍亏,持仓第24根K，最低价4.035触及当时已生效保护价4.042；按追踪止损在4.042退出，扣费后净-0.42R。,距V9 14根，较父V9独立模拟入场价+0.77%；初始风险1.06%（2.04个信号ATR），往返成本0.188R。 入场信号收盘在六均线上方，IMACD向上且增强，相对成交量1.30倍。 原账本最大浮盈2.44R；5分钟审计得到实际止损前浮盈范围2.44–2.44R（若上下界不同，触及止损的5分钟内先后未知）。 已收盘触及2R并激活追踪；退出时保护在入场价-0.23R，激活不保证保本。 退出下一根起48根内，最高回到原入场+1.74R，最低到-1.86R。,已比V9入场更贵，需评估确认收益能否覆盖追价代价；4ATR追踪在本单仍低于成本线；统一提保本可能损失其他赢家，需另做完整对照；退出后48根内曾回到+1R；属事后重启机会，不能证明放宽原止损会赚钱,binance_um:ARUSDT:15m:box_any:45110
T295,NEARUSDT,15m,2025-12-08 08:15:00+00:00,2025-12-08 15:30:00+00:00,,1.771,1.745,1.745,-1.136230769230767,到过1R后回吐,持仓第30根K，最低价1.743触及当时已生效保护价1.745；按初始止损在1.745退出，扣费后净-1.14R。,距V9 8根，较父V9独立模拟入场价+0.91%；初始风险1.47%（2.06个信号ATR），往返成本0.136R。 入场信号收盘在六均线上方，IMACD向上且增强，相对成交量2.63倍。 原账本最大浮盈1.00R；5分钟审计得到实际止损前浮盈范围1.00–1.00R（若上下界不同，触及止损的5分钟内先后未知）。 退出前最高收盘0.58R，未收盘达到2R，原追踪未激活。 退出下一根起48根内，最高回到原入场+0.58R，最低到-2.31R。,已比V9入场更贵，需评估确认收益能否覆盖追价代价,binance_um:NEARUSDT:15m:box_any:45116
T296,AEROUSDT,15m,2025-12-08 11:00:00+00:00,2025-12-08 12:00:00+00:00,,0.6851,0.6771,0.6771,-1.171275,推进不足后止损,持仓第5根K，最低价0.6751触及当时已生效保护价0.6771；按初始止损在0.6771退出，扣费后净-1.17R。,距V9 34根，较父V9独立模拟入场价+2.10%；初始风险1.17%（2.01个信号ATR），往返成本0.171R。 入场信号收盘在六均线上方，IMACD向上且增强，相对成交量0.57倍。 原账本最大浮盈0.05R；5分钟审计得到实际止损前浮盈范围0.05–0.05R（若上下界不同，触及止损的5分钟内先后未知）。 退出前最高收盘-0.31R，未收盘达到2R，原追踪未激活。 退出下一根起48根内，最高回到原入场+0.51R，最低到-3.51R。,已比V9入场更贵，需评估确认收益能否覆盖追价代价,binance_um:AEROUSDT:15m:box_any:35410
T297,ONEUSDT,15m,2025-12-09 18:15:00+00:00,2025-12-09 20:15:00+00:00,,0.00421,0.0041115,0.0041115,-1.0854822335025374,推进不足后止损,持仓第9根K，最低价0.00409触及当时已生效保护价0.0041115；按初始止损在0.0041115退出，扣费后净-1.09R。,距V9 23根，较父V9独立模拟入场价+6.58%；初始风险2.34%（2.00个信号ATR），往返成本0.085R。 入场信号收盘在六均线上方，IMACD向上且增强，相对成交量0.70倍。 原账本最大浮盈0.20R；5分钟审计得到实际止损前浮盈范围0.20–0.20R（若上下界不同，触及止损的5分钟内先后未知）。 退出前最高收盘0.00R，未收盘达到2R，原追踪未激活。 退出下一根起48根内，最高回到原入场-0.41R，最低到-1.83R。,已比V9入场更贵，需评估确认收益能否覆盖追价代价,binance_um:ONEUSDT:15m:box_any:45252
T298,OPUSDT,15m,2025-12-15 06:00:00+00:00,2025-12-15 07:00:00+00:00,,0.3137,0.30862,0.30862,-1.1235039370078763,推进不足后止损,持仓第5根K，最低价0.3084触及当时已生效保护价0.30862；按初始止损在0.30862退出，扣费后净-1.12R。,距V9 0根，较父V9独立模拟入场价+0.00%；初始风险1.62%（2.73个信号ATR），往返成本0.124R。 入场信号收盘在六均线上方，IMACD向上且增强，相对成交量1.14倍。 原账本最大浮盈0.20R；5分钟审计得到实际止损前浮盈范围0.20–0.20R（若上下界不同，触及止损的5分钟内先后未知）。 退出前最高收盘-0.28R，未收盘达到2R，原追踪未激活。 退出下一根起48根内，最高回到原入场+0.65R，最低到-6.44R。,当前事实不足以提出特定改法；先保留原规则作为对照。,binance_um:OPUSDT:15m:box_any:45779
T299,PIEVERSEUSDT,15m,2025-12-18 17:15:00+00:00,2025-12-18 19:45:00+00:00,,0.3812,0.3704,0.3704,-1.0705925925925943,推进不足后止损,持仓第11根K，最低价0.3693触及当时已生效保护价0.3704；按初始止损在0.3704退出，扣费后净-1.07R。,距V9 32根，较父V9独立模拟入场价+0.00%；初始风险2.83%（1.99个信号ATR），往返成本0.071R。 入场信号收盘在六均线上方，IMACD向上且增强，相对成交量1.24倍。 原账本最大浮盈0.61R；5分钟审计得到实际止损前浮盈范围0.61–0.61R（若上下界不同，触及止损的5分钟内先后未知）。 退出前最高收盘0.44R，未收盘达到2R，原追踪未激活。 退出下一根起48根内，最高回到原入场-0.37R，最低到-1.92R。,当前事实不足以提出特定改法；先保留原规则作为对照。,binance_um:PIEVERSEUSDT:15m:box_any:3286
T300,ZECUSDT,15m,2025-12-19 03:45:00+00:00,2025-12-20 04:15:00+00:00,,396.41,383.7,435.65,3.0249551534224977,盈利保护退出,持仓第99根K，最低价434.21触及当时已生效保护价435.65；按追踪止损在435.65退出，扣费后净+3.02R。,距V9 1根，较父V9独立模拟入场价-0.79%；初始风险3.21%（2.85个信号ATR），往返成本0.062R。 入场信号收盘在六均线上方，IMACD未同时满足向上和增强，相对成交量4.74倍。 原账本最大浮盈4.83R；5分钟审计得到实际止损前浮盈范围4.83–4.83R（若上下界不同，触及止损的5分钟内先后未知）。 已收盘触及2R并激活追踪；退出时保护在入场价+3.09R，激活不保证保本。 退出下一根起48根内，最高回到原入场+4.69R，最低到+3.09R。,突破当时支撑或动能不完整，但此前单加六均线门未改善全池，不能直接套门；作为盈利对照保留：任何更早止盈/更严过滤都需计算会损失多少这类赢家,binance_um:ZECUSDT:15m:box_any:46154
T301,ONEUSDT,15m,2025-12-22 03:15:00+00:00,2025-12-24 02:00:00+00:00,,0.00364,0.0035431,0.00361,-0.3847265221878214,反向确认亏损退出,上一根出现原始反向信号，下一根开盘0.00361退出；这笔不是价格触及止损退出，扣费后净-0.38R。,距V9 9根，较父V9独立模拟入场价+1.96%；初始风险2.66%（2.83个信号ATR），往返成本0.075R。 入场信号收盘在六均线上方，IMACD向上且增强，相对成交量2.30倍。 截至退出前/数据末端，原账本最大浮盈2.27R。 退出前最高收盘1.65R，未收盘达到2R，原追踪未激活。 退出下一根起48根内，最高回到原入场-0.52R，最低到-1.96R。,已比V9入场更贵，需评估确认收益能否覆盖追价代价；盘中高点与收盘触发存在差异；此前全池最高价激活试验未通过，不能凭此单直接修改,binance_um:ONEUSDT:15m:box_any:46440
T302,JUPUSDT,15m,2025-12-22 08:45:00+00:00,2025-12-22 13:15:00+00:00,,0.1969,0.1942,0.1942,-1.145851851851853,推进不足后止损,持仓第19根K，最低价0.1942触及当时已生效保护价0.1942；按初始止损在0.1942退出，扣费后净-1.15R。,距V9 17根，较父V9独立模拟入场价+0.46%；初始风险1.37%（2.11个信号ATR），往返成本0.146R。 入场信号收盘在六均线上方，IMACD向上且增强，相对成交量2.76倍。 原账本最大浮盈0.07R；5分钟审计得到实际止损前浮盈范围0.07–0.07R（若上下界不同，触及止损的5分钟内先后未知）。 退出前最高收盘-0.22R，未收盘达到2R，原追踪未激活。 退出下一根起48根内，最高回到原入场+0.11R，最低到-3.33R。,已比V9入场更贵，需评估确认收益能否覆盖追价代价,binance_um:JUPUSDT:15m:box_any:46462
T303,AEROUSDT,15m,2025-12-22 11:15:00+00:00,2025-12-22 14:30:00+00:00,,0.5056,0.5006,0.5054000000000001,-0.2422399999999944,收盘激活追踪后仍亏,持仓第14根K，最低价0.5051触及当时已生效保护价0.5054；按追踪止损在0.5054退出，扣费后净-0.24R。,距V9 5根，较父V9独立模拟入场价+0.06%；初始风险0.99%（2.04个信号ATR），往返成本0.202R。 入场信号收盘在六均线上方，IMACD向上且增强，相对成交量0.93倍。 原账本最大浮盈2.58R；5分钟审计得到实际止损前浮盈范围2.58–2.58R（若上下界不同，触及止损的5分钟内先后未知）。 已收盘触及2R并激活追踪；退出时保护在入场价-0.04R，激活不保证保本。 退出下一根起48根内，最高回到原入场+1.56R，最低到-2.80R。,已比V9入场更贵，需评估确认收益能否覆盖追价代价；4ATR追踪在本单仍低于成本线；统一提保本可能损失其他赢家，需另做完整对照；退出后48根内曾回到+1R；属事后重启机会，不能证明放宽原止损会赚钱,binance_um:AEROUSDT:15m:box_any:36755
T304,PENDLEUSDT,15m,2025-12-22 15:15:00+00:00,2025-12-22 18:15:00+00:00,,1.9042,1.8786,1.8786,-1.148765624999997,推进不足后止损,持仓第13根K，最低价1.8738触及当时已生效保护价1.8786；按初始止损在1.8786退出，扣费后净-1.15R。,距V9 1根，较父V9独立模拟入场价-0.51%；初始风险1.34%（2.00个信号ATR），往返成本0.149R。 入场信号收盘在六均线上方，IMACD向上且增强，相对成交量5.10倍。 原账本最大浮盈0.47R；5分钟审计得到实际止损前浮盈范围0.47–0.47R（若上下界不同，触及止损的5分钟内先后未知）。 退出前最高收盘0.25R，未收盘达到2R，原追踪未激活。 退出下一根起48根内，最高回到原入场-0.88R，最低到-5.64R。,当前事实不足以提出特定改法；先保留原规则作为对照。,binance_um:PENDLEUSDT:15m:box_any:46488
T305,HYPEUSDT,15m,2025-12-24 18:15:00+00:00,2025-12-25 07:45:00+00:00,,24.323,24.022,24.605,0.7752624584717638,盈利保护退出,持仓第55根K，最低价24.538触及当时已生效保护价24.605；按追踪止损在24.605退出，扣费后净+0.78R。,距V9 5根，较父V9独立模拟入场价-0.81%；初始风险1.24%（2.00个信号ATR），往返成本0.162R。 入场信号收盘在六均线上方，IMACD向上且增强，相对成交量0.59倍。 原账本最大浮盈3.06R；5分钟审计得到实际止损前浮盈范围3.06–3.06R（若上下界不同，触及止损的5分钟内先后未知）。 已收盘触及2R并激活追踪；退出时保护在入场价+0.94R，激活不保证保本。 退出下一根起48根内，最高回到原入场+3.01R，最低到+0.46R。,作为盈利对照保留：任何更早止盈/更严过滤都需计算会损失多少这类赢家,binance_um:HYPEUSDT:15m:box_any:19998
T306,ARUSDT,15m,2025-12-25 04:15:00+00:00,2025-12-25 10:30:00+00:00,,3.469,3.438,3.438,-1.223806451612906,到过1R后回吐,持仓第26根K，最低价3.432触及当时已生效保护价3.438；按初始止损在3.438退出，扣费后净-1.22R。,距V9 6根，较父V9独立模拟入场价-0.23%；初始风险0.89%（2.11个信号ATR），往返成本0.224R。 入场信号收盘在六均线上方，IMACD向上且增强，相对成交量1.37倍。 原账本最大浮盈1.74R；5分钟审计得到实际止损前浮盈范围1.74–1.74R（若上下界不同，触及止损的5分钟内先后未知）。 退出前最高收盘1.52R，未收盘达到2R，原追踪未激活。 退出下一根起48根内，最高回到原入场+0.74R，最低到-2.03R。,当前事实不足以提出特定改法；先保留原规则作为对照。,binance_um:ARUSDT:15m:box_any:46732
T307,DASHUSDT,15m,2025-12-27 02:00:00+00:00,2025-12-28 12:45:00+00:00,,40.02,39.12,43.46,3.7332888888888633,盈利保护退出,持仓第140根K，最低价43.41触及当时已生效保护价43.46；按追踪止损在43.46退出，扣费后净+3.73R。,距V9 0根，较父V9独立模拟入场价+0.00%；初始风险2.25%（3.61个信号ATR），往返成本0.089R。 入场信号收盘在六均线上方，IMACD向上且增强，相对成交量5.86倍。 原账本最大浮盈7.91R；5分钟审计得到实际止损前浮盈范围7.91–7.91R（若上下界不同，触及止损的5分钟内先后未知）。 已收盘触及2R并激活追踪；退出时保护在入场价+3.82R，激活不保证保本。 退出下一根起48根内，最高回到原入场+6.47R，最低到+3.88R。,作为盈利对照保留：任何更早止盈/更严过滤都需计算会损失多少这类赢家,binance_um:DASHUSDT:15m:box_any:46915
T308,UNIUSDT,15m,2025-12-27 03:45:00+00:00,2025-12-27 22:45:00+00:00,,5.985,5.884,5.884,-1.1185148514851495,推进不足后止损,持仓第77根K，最低价5.835触及当时已生效保护价5.884；按初始止损在5.884退出，扣费后净-1.12R。,距V9 10根，较父V9独立模拟入场价+1.79%；初始风险1.69%（3.65个信号ATR），往返成本0.119R。 入场信号收盘在六均线上方，IMACD向上且增强，相对成交量8.35倍。 原账本最大浮盈0.53R；5分钟审计得到实际止损前浮盈范围0.53–0.53R（若上下界不同，触及止损的5分钟内先后未知）。 退出前最高收盘0.32R，未收盘达到2R，原追踪未激活。 退出下一根起48根内，最高回到原入场+4.32R，最低到-1.06R。,已比V9入场更贵，需评估确认收益能否覆盖追价代价；退出后48根内曾回到+1R；属事后重启机会，不能证明放宽原止损会赚钱,binance_um:UNIUSDT:15m:box_any:46922
T309,USELESSUSDT,15m,2025-12-27 03:45:00+00:00,2025-12-28 19:30:00+00:00,,0.06638,0.06459,0.06459,-1.074167597765362,到过1R后回吐,持仓第160根K，最低价0.06418触及当时已生效保护价0.06459；按初始止损在0.06459退出，扣费后净-1.07R。,距V9 1根，较父V9独立模拟入场价-0.45%；初始风险2.70%（2.71个信号ATR），往返成本0.074R。 入场信号收盘在六均线上方，IMACD向上且增强，相对成交量2.35倍。 原账本最大浮盈1.64R；5分钟审计得到实际止损前浮盈范围1.64–1.64R（若上下界不同，触及止损的5分钟内先后未知）。 退出前最高收盘1.54R，未收盘达到2R，原追踪未激活。 退出下一根起48根内，最高回到原入场+1.57R，最低到-1.65R。,退出后48根内曾回到+1R；属事后重启机会，不能证明放宽原止损会赚钱,binance_um:USELESSUSDT:15m:box_any:12829
T310,ZENUSDT,15m,2025-12-27 03:45:00+00:00,2025-12-28 09:00:00+00:00,,8.115,7.994,9.071,7.766694214876008,盈利保护退出,持仓第118根K，最低价9.05触及当时已生效保护价9.071；按追踪止损在9.071退出，扣费后净+7.77R。,距V9 2根，较父V9独立模拟入场价+1.01%；初始风险1.49%（2.39个信号ATR），往返成本0.134R。 入场信号收盘在六均线上方，IMACD向上且增强，相对成交量4.54倍。 原账本最大浮盈11.51R；5分钟审计得到实际止损前浮盈范围11.51–11.51R（若上下界不同，触及止损的5分钟内先后未知）。 已收盘触及2R并激活追踪；退出时保护在入场价+7.90R，激活不保证保本。 退出下一根起48根内，最高回到原入场+13.35R，最低到+6.59R。,已比V9入场更贵，需评估确认收益能否覆盖追价代价；作为盈利对照保留：任何更早止盈/更严过滤都需计算会损失多少这类赢家,binance_um:ZENUSDT:15m:box_any:46922
T311,PIEVERSEUSDT,15m,2025-12-27 08:45:00+00:00,2025-12-28 05:45:00+00:00,,0.4696,0.4602,0.4832,1.3468936170212693,盈利保护退出,持仓第85根K，最低价0.4827触及当时已生效保护价0.4832；按追踪止损在0.4832退出，扣费后净+1.35R。,距V9 16根，较父V9独立模拟入场价+1.34%；初始风险2.00%（2.03个信号ATR），往返成本0.100R。 入场信号收盘在六均线上方，IMACD向上且增强，相对成交量4.84倍。 原账本最大浮盈4.16R；5分钟审计得到实际止损前浮盈范围4.16–4.16R（若上下界不同，触及止损的5分钟内先后未知）。 已收盘触及2R并激活追踪；退出时保护在入场价+1.45R，激活不保证保本。 退出下一根起48根内，最高回到原入场+6.91R，最低到+0.72R。,已比V9入场更贵，需评估确认收益能否覆盖追价代价；作为盈利对照保留：任何更早止盈/更严过滤都需计算会损失多少这类赢家,binance_um:PIEVERSEUSDT:15m:box_any:4116
T312,ONEUSDT,15m,2025-12-27 13:15:00+00:00,2025-12-27 13:30:00+00:00,,0.00368,0.0036352999999999,0.0036352999999999,-1.1646532438478705,前三根止损,持仓第2根K，最低价0.00363触及当时已生效保护价0.0036353；按初始止损在0.0036353退出，扣费后净-1.16R。,距V9 5根，较父V9独立模拟入场价+0.27%；初始风险1.21%（2.58个信号ATR），往返成本0.165R。 入场信号收盘在六均线上方，IMACD未同时满足向上和增强，相对成交量2.27倍。 原账本最大浮盈0.00R；5分钟审计得到实际止损前浮盈范围0.00–0.00R（若上下界不同，触及止损的5分钟内先后未知）。 退出前最高收盘-0.45R，未收盘达到2R，原追踪未激活。 退出下一根起48根内，最高回到原入场+3.36R，最低到-0.89R。,已比V9入场更贵，需评估确认收益能否覆盖追价代价；突破当时支撑或动能不完整，但此前单加六均线门未改善全池，不能直接套门；退出后48根内曾回到+1R；属事后重启机会，不能证明放宽原止损会赚钱,binance_um:ONEUSDT:15m:box_any:46960
T313,1000PEPEUSDT,15m,2025-12-27 15:30:00+00:00,2025-12-28 18:00:00+00:00,,0.0040761,0.0040474,0.0041684,2.9319790940765964,盈利保护退出,持仓第107根K，最低价0.0041634触及当时已生效保护价0.0041684；按追踪止损在0.0041684退出，扣费后净+2.93R。,距V9 16根，较父V9独立模拟入场价+0.49%；初始风险0.70%（2.15个信号ATR），往返成本0.284R。 入场信号收盘在六均线上方，IMACD向上且增强，相对成交量0.68倍。 原账本最大浮盈6.44R；5分钟审计得到实际止损前浮盈范围6.44–6.44R（若上下界不同，触及止损的5分钟内先后未知）。 已收盘触及2R并激活追踪；退出时保护在入场价+3.22R，激活不保证保本。 退出下一根起48根内，最高回到原入场+8.77R，最低到+1.68R。,已比V9入场更贵，需评估确认收益能否覆盖追价代价；作为盈利对照保留：任何更早止盈/更严过滤都需计算会损失多少这类赢家,binance_um:1000PEPEUSDT:15m:box_any:46969
T314,WIFUSDT,15m,2025-12-28 01:15:00+00:00,2025-12-28 16:15:00+00:00,,0.3166,0.3135,0.3135,-1.2042580645161314,到过1R后回吐,持仓第61根K，最低价0.3115触及当时已生效保护价0.3135；按初始止损在0.3135退出，扣费后净-1.20R。,距V9 11根，较父V9独立模拟入场价+0.13%；初始风险0.98%（2.03个信号ATR），往返成本0.204R。 入场信号收盘不在六均线上方，IMACD未同时满足向上和增强，相对成交量0.65倍。 原账本最大浮盈1.10R；5分钟审计得到实际止损前浮盈范围1.10–1.10R（若上下界不同，触及止损的5分钟内先后未知）。 退出前最高收盘0.81R，未收盘达到2R，原追踪未激活。 退出下一根起48根内，最高回到原入场+2.16R，最低到-3.23R。,已比V9入场更贵，需评估确认收益能否覆盖追价代价；突破当时支撑或动能不完整，但此前单加六均线门未改善全池，不能直接套门；退出后48根内曾回到+1R；属事后重启机会，不能证明放宽原止损会赚钱,binance_um:WIFUSDT:15m:box_any:47008
T315,BTCUSDT,15m,2025-12-29 04:15:00+00:00,2025-12-29 09:30:00+00:00,,90026.8,88990.5,88990.5,-1.173746598475341,推进不足后止损,持仓第22根K，最低价88131.8触及当时已生效保护价88990.5；按初始止损在88990.5退出，扣费后净-1.17R。,距V9 17根，较父V9独立模拟入场价+2.40%；初始风险1.15%（3.53个信号ATR），往返成本0.174R。 入场信号收盘在六均线上方，IMACD向上且增强，相对成交量2.04倍。 原账本最大浮盈0.33R；5分钟审计得到实际止损前浮盈范围0.33–0.33R（若上下界不同，触及止损的5分钟内先后未知）。 退出前最高收盘0.15R，未收盘达到2R，原追踪未激活。 退出下一根起48根内，最高回到原入场-1.72R，最低到-3.15R。,已比V9入场更贵，需评估确认收益能否覆盖追价代价,binance_um:BTCUSDT:15m:box_any:47116
T316,HYPEUSDT,15m,2025-12-30 07:15:00+00:00,2025-12-30 09:00:00+00:00,,26.359,25.994,25.994,-1.1444328767123306,推进不足后止损,持仓第8根K，最低价25.832触及当时已生效保护价25.994；按初始止损在25.994退出，扣费后净-1.14R。,距V9 121根，较父V9独立模拟入场价+1.47%；初始风险1.38%（2.00个信号ATR），往返成本0.144R。 入场信号收盘在六均线上方，IMACD向上且增强，相对成交量1.78倍。 原账本最大浮盈0.93R；5分钟审计得到实际止损前浮盈范围0.93–0.93R（若上下界不同，触及止损的5分钟内先后未知）。 退出前最高收盘0.51R，未收盘达到2R，原追踪未激活。 退出下一根起48根内，最高回到原入场-0.90R，最低到-2.74R。,等待超过48根，需检验突破时原启动结构是否已失效；已比V9入场更贵，需评估确认收益能否覆盖追价代价,binance_um:HYPEUSDT:15m:box_any:20530
T317,API3USDT,15m,2026-01-02 02:15:00+00:00,2026-01-04 19:00:00+00:00,,0.4594,0.4504,0.4697,1.042355555555565,盈利保护退出,持仓第260根K，最低价0.4679触及当时已生效保护价0.4697；按追踪止损在0.4697退出，扣费后净+1.04R。,距V9 48根，较父V9独立模拟入场价+4.41%；初始风险1.96%（2.03个信号ATR），往返成本0.102R。 入场信号收盘在六均线上方，IMACD向上且增强，相对成交量1.95倍。 原账本最大浮盈2.22R；5分钟审计得到实际止损前浮盈范围2.22–2.22R（若上下界不同，触及止损的5分钟内先后未知）。 已收盘触及2R并激活追踪；退出时保护在入场价+1.14R，激活不保证保本。 退出下一根起48根内，最高回到原入场+2.27R，最低到+0.04R。,已比V9入场更贵，需评估确认收益能否覆盖追价代价；作为盈利对照保留：任何更早止盈/更严过滤都需计算会损失多少这类赢家,binance_um:API3USDT:15m:box_any:47492
T318,AEROUSDT,15m,2026-01-09 15:45:00+00:00,2026-01-10 04:30:00+00:00,,0.5608,0.5376000000000001,0.5376000000000001,-1.0483448275862075,推进不足后止损,持仓第52根K，最低价0.537触及当时已生效保护价0.5376；按初始止损在0.5376退出，扣费后净-1.05R。,距V9 0根，较父V9独立模拟入场价+0.00%；初始风险4.14%（3.92个信号ATR），往返成本0.048R。 入场信号收盘在六均线上方，IMACD向上且增强，相对成交量6.09倍。 原账本最大浮盈0.49R；5分钟审计得到实际止损前浮盈范围0.49–0.49R（若上下界不同，触及止损的5分钟内先后未知）。 退出前最高收盘0.40R，未收盘达到2R，原追踪未激活。 退出下一根起48根内，最高回到原入场-0.51R，最低到-0.99R。,当前事实不足以提出特定改法；先保留原规则作为对照。,binance_um:AEROUSDT:15m:box_any:38501
T319,UNIUSDT,15m,2026-01-10 11:30:00+00:00,2026-01-10 22:45:00+00:00,,5.513,5.47,5.47,-1.2564186046511598,推进不足后止损,持仓第46根K，最低价5.437触及当时已生效保护价5.47；按初始止损在5.47退出，扣费后净-1.26R。,距V9 12根，较父V9独立模拟入场价+0.25%；初始风险0.78%（2.13个信号ATR），往返成本0.256R。 入场信号收盘在六均线上方，IMACD向上且增强，相对成交量0.71倍。 原账本最大浮盈0.93R；5分钟审计得到实际止损前浮盈范围0.93–0.93R（若上下界不同，触及止损的5分钟内先后未知）。 退出前最高收盘0.72R，未收盘达到2R，原追踪未激活。 退出下一根起48根内，最高回到原入场+0.51R，最低到-1.47R。,已比V9入场更贵，需评估确认收益能否覆盖追价代价,binance_um:UNIUSDT:15m:box_any:48297
T320,APTUSDT,15m,2026-01-10 13:15:00+00:00,2026-01-10 14:45:00+00:00,,1.8357,1.8213,1.8213,-1.2549583333333394,推进不足后止损,持仓第7根K，最低价1.821触及当时已生效保护价1.8213；按初始止损在1.8213退出，扣费后净-1.25R。,距V9 19根，较父V9独立模拟入场价+0.62%；初始风险0.78%（2.08个信号ATR），往返成本0.255R。 入场信号收盘在六均线上方，IMACD向上且增强，相对成交量2.16倍。 原账本最大浮盈0.17R；5分钟审计得到实际止损前浮盈范围0.17–0.17R（若上下界不同，触及止损的5分钟内先后未知）。 退出前最高收盘-0.22R，未收盘达到2R，原追踪未激活。 退出下一根起48根内，最高回到原入场-0.18R，最低到-2.28R。,已比V9入场更贵，需评估确认收益能否覆盖追价代价,binance_um:APTUSDT:15m:box_any:48304
T321,1000PEPEUSDT,15m,2026-01-12 03:15:00+00:00,2026-01-12 07:30:00+00:00,,0.0059716,0.0058636,0.0058636,-1.110585185185183,推进不足后止损,持仓第18根K，最低价0.0058597触及当时已生效保护价0.0058636；按初始止损在0.0058636退出，扣费后净-1.11R。,距V9 1根，较父V9独立模拟入场价-0.29%；初始风险1.81%（2.00个信号ATR），往返成本0.111R。 入场信号收盘在六均线上方，IMACD向上且增强，相对成交量1.17倍。 原账本最大浮盈0.68R；5分钟审计得到实际止损前浮盈范围0.68–0.68R（若上下界不同，触及止损的5分钟内先后未知）。 退出前最高收盘0.50R，未收盘达到2R，原追踪未激活。 退出下一根起48根内，最高回到原入场+0.03R，最低到-2.37R。,当前事实不足以提出特定改法；先保留原规则作为对照。,binance_um:1000PEPEUSDT:15m:box_any:48456
T322,PUMPUSDT,15m,2026-01-12 16:30:00+00:00,2026-01-15 02:45:00+00:00,,0.002554,0.0023829999999999,0.002777,1.274222222222222,盈利保护退出,持仓第234根K，最低价0.002754触及当时已生效保护价0.002777；按追踪止损在0.002777退出，扣费后净+1.27R。,距V9 2根，较父V9独立模拟入场价+2.90%；初始风险6.70%（4.87个信号ATR），往返成本0.030R。 入场信号收盘在六均线上方，IMACD未同时满足向上和增强，相对成交量3.77倍。 原账本最大浮盈2.77R；5分钟审计得到实际止损前浮盈范围2.77–2.77R（若上下界不同，触及止损的5分钟内先后未知）。 已收盘触及2R并激活追踪；退出时保护在入场价+1.30R，激活不保证保本。 退出下一根起48根内，最高回到原入场+2.50R，最低到+0.35R。,已比V9入场更贵，需评估确认收益能否覆盖追价代价；突破当时支撑或动能不完整，但此前单加六均线门未改善全池，不能直接套门；作为盈利对照保留：任何更早止盈/更严过滤都需计算会损失多少这类赢家,binance_um:PUMPUSDT:15m:box_any:18755
T323,PIEVERSEUSDT,15m,2026-01-14 21:45:00+00:00,2026-01-15 14:00:00+00:00,,0.5061,0.4935,0.4935,-1.0803333333333347,到过1R后回吐,持仓第66根K，最低价0.4902触及当时已生效保护价0.4935；按初始止损在0.4935退出，扣费后净-1.08R。,距V9 106根，较父V9独立模拟入场价+1.67%；初始风险2.49%（1.99个信号ATR），往返成本0.080R。 入场信号收盘在六均线上方，IMACD未同时满足向上和增强，相对成交量0.95倍。 原账本最大浮盈1.10R；5分钟审计得到实际止损前浮盈范围1.10–1.10R（若上下界不同，触及止损的5分钟内先后未知）。 退出前最高收盘0.87R，未收盘达到2R，原追踪未激活。 退出下一根起48根内，最高回到原入场+0.77R，最低到-1.24R。,等待超过48根，需检验突破时原启动结构是否已失效；已比V9入场更贵，需评估确认收益能否覆盖追价代价；突破当时支撑或动能不完整，但此前单加六均线门未改善全池，不能直接套门,binance_um:PIEVERSEUSDT:15m:box_any:5896
T324,APTUSDT,15m,2026-01-23 02:15:00+00:00,2026-01-23 14:45:00+00:00,,1.5768,1.5450000000000002,1.5450000000000002,-1.099169811320753,到过1R后回吐,持仓第51根K，最低价1.5407触及当时已生效保护价1.545；按初始止损在1.545退出，扣费后净-1.10R。,距V9 1根，较父V9独立模拟入场价+0.37%；初始风险2.02%（3.72个信号ATR），往返成本0.099R。 入场信号收盘在六均线上方，IMACD未同时满足向上和增强，相对成交量2.32倍。 原账本最大浮盈1.24R；5分钟审计得到实际止损前浮盈范围1.24–1.24R（若上下界不同，触及止损的5分钟内先后未知）。 退出前最高收盘1.05R，未收盘达到2R，原追踪未激活。 退出下一根起48根内，最高回到原入场+1.06R，最低到-1.43R。,已比V9入场更贵，需评估确认收益能否覆盖追价代价；突破当时支撑或动能不完整，但此前单加六均线门未改善全池，不能直接套门；退出后48根内曾回到+1R；属事后重启机会，不能证明放宽原止损会赚钱,binance_um:APTUSDT:15m:box_any:49508
T325,API3USDT,15m,2026-01-24 08:30:00+00:00,2026-01-25 05:30:00+00:00,,0.4069,0.403,0.4078,0.0221025641025771,盈利保护退出,持仓第85根K，最低价0.4054触及当时已生效保护价0.4078；按追踪止损在0.4078退出，扣费后净+0.02R。,距V9 6根，较父V9独立模拟入场价+0.32%；初始风险0.96%（2.67个信号ATR），往返成本0.209R。 入场信号收盘在六均线上方，IMACD向上且增强，相对成交量0.68倍。 原账本最大浮盈3.56R；5分钟审计得到实际止损前浮盈范围3.56–3.56R（若上下界不同，触及止损的5分钟内先后未知）。 已收盘触及2R并激活追踪；退出时保护在入场价+0.23R，激活不保证保本。 退出下一根起48根内，最高回到原入场+3.69R，最低到-3.10R。,已比V9入场更贵，需评估确认收益能否覆盖追价代价；作为盈利对照保留：任何更早止盈/更严过滤都需计算会损失多少这类赢家,binance_um:API3USDT:15m:box_any:49629
T326,USELESSUSDT,15m,2026-01-27 03:00:00+00:00,2026-01-28 17:30:00+00:00,,0.0634,0.06151,0.06782,2.2715343915344013,盈利保护退出,持仓第155根K，最低价0.06759触及当时已生效保护价0.06782；按追踪止损在0.06782退出，扣费后净+2.27R。,距V9 3根，较父V9独立模拟入场价+1.29%；初始风险2.98%（2.91个信号ATR），往返成本0.067R。 入场信号收盘在六均线上方，IMACD向上且增强，相对成交量2.08倍。 原账本最大浮盈5.03R；5分钟审计得到实际止损前浮盈范围5.03–5.03R（若上下界不同，触及止损的5分钟内先后未知）。 已收盘触及2R并激活追踪；退出时保护在入场价+2.34R，激活不保证保本。 退出下一根起48根内，最高回到原入场+4.59R，最低到-2.00R。,已比V9入场更贵，需评估确认收益能否覆盖追价代价；作为盈利对照保留：任何更早止盈/更严过滤都需计算会损失多少这类赢家,binance_um:USELESSUSDT:15m:box_any:15802
T327,AEROUSDT,15m,2026-01-27 16:30:00+00:00,2026-01-28 15:00:00+00:00,,0.4512,0.4412,0.4653,1.319760000000016,盈利保护退出,持仓第91根K，最低价0.465触及当时已生效保护价0.4653；按追踪止损在0.4653退出，扣费后净+1.32R。,距V9 0根，较父V9独立模拟入场价+0.00%；初始风险2.22%（2.67个信号ATR），往返成本0.090R。 入场信号收盘在六均线上方，IMACD向上且增强，相对成交量2.51倍。 原账本最大浮盈2.86R；5分钟审计得到实际止损前浮盈范围2.86–2.86R（若上下界不同，触及止损的5分钟内先后未知）。 已收盘触及2R并激活追踪；退出时保护在入场价+1.41R，激活不保证保本。 退出下一根起48根内，最高回到原入场+2.26R，最低到+0.13R。,作为盈利对照保留：任何更早止盈/更严过滤都需计算会损失多少这类赢家,binance_um:AEROUSDT:15m:box_any:40232
T328,PENDLEUSDT,15m,2026-01-27 21:15:00+00:00,2026-01-28 14:15:00+00:00,,1.9139,1.8591,2.0098000000000003,1.6801496350365095,盈利保护退出,持仓第69根K，最低价2.0001触及当时已生效保护价2.0098；按追踪止损在2.0098退出，扣费后净+1.68R。,距V9 0根，较父V9独立模拟入场价+0.00%；初始风险2.86%（3.70个信号ATR），往返成本0.070R。 入场信号收盘在六均线上方，IMACD向上且增强，相对成交量0.87倍。 原账本最大浮盈3.08R；5分钟审计得到实际止损前浮盈范围3.08–3.08R（若上下界不同，触及止损的5分钟内先后未知）。 已收盘触及2R并激活追踪；退出时保护在入场价+1.75R，激活不保证保本。 退出下一根起48根内，最高回到原入场+2.26R，最低到+1.04R。,作为盈利对照保留：任何更早止盈/更严过滤都需计算会损失多少这类赢家,binance_um:PENDLEUSDT:15m:box_any:49968
T329,PIEVERSEUSDT,15m,2026-01-28 01:30:00+00:00,2026-01-28 10:45:00+00:00,,0.6216,0.6024,0.6024,-1.0647499999999983,盘中到2R但收盘未激活,持仓第38根K，最低价0.5995触及当时已生效保护价0.6024；按初始止损在0.6024退出，扣费后净-1.06R。,距V9 65根，较父V9独立模拟入场价+4.42%；初始风险3.09%（2.12个信号ATR），往返成本0.065R。 入场信号收盘在六均线上方，IMACD向上且增强，相对成交量2.19倍。 原账本最大浮盈2.09R；5分钟审计得到实际止损前浮盈范围2.09–2.09R（若上下界不同，触及止损的5分钟内先后未知）。 退出前最高收盘1.83R，未收盘达到2R，原追踪未激活。 退出下一根起48根内，最高回到原入场-0.40R，最低到-3.42R。,等待超过48根，需检验突破时原启动结构是否已失效；已比V9入场更贵，需评估确认收益能否覆盖追价代价；盘中高点与收盘触发存在差异；此前全池最高价激活试验未通过，不能凭此单直接修改,binance_um:PIEVERSEUSDT:15m:box_any:7159
T330,MUBARAKUSDT,15m,2026-01-28 10:00:00+00:00,2026-01-28 14:15:00+00:00,,0.01873,0.01815,0.01815,-1.0645862068965524,推进不足后止损,持仓第18根K，最低价0.01815触及当时已生效保护价0.01815；按初始止损在0.01815退出，扣费后净-1.06R。,距V9 2根，较父V9独立模拟入场价+2.07%；初始风险3.10%（3.73个信号ATR），往返成本0.065R。 入场信号收盘在六均线上方，IMACD向上且增强，相对成交量3.53倍。 原账本最大浮盈0.05R；5分钟审计得到实际止损前浮盈范围0.05–0.05R（若上下界不同，触及止损的5分钟内先后未知）。 退出前最高收盘-0.17R，未收盘达到2R，原追踪未激活。 退出下一根起48根内，最高回到原入场-0.47R，最低到-1.47R。,已比V9入场更贵，需评估确认收益能否覆盖追价代价,binance_um:MUBARAKUSDT:15m:box_any:30416
T331,FILUSDT,15m,2026-01-28 12:00:00+00:00,2026-01-28 14:00:00+00:00,,1.287,1.2728000000000002,1.2728000000000002,-1.1812676056338032,推进不足后止损,持仓第9根K，最低价1.27触及当时已生效保护价1.2728；按初始止损在1.2728退出，扣费后净-1.18R。,距V9 16根，较父V9独立模拟入场价+0.94%；初始风险1.10%（2.42个信号ATR），往返成本0.181R。 入场信号收盘在六均线上方，IMACD向上且增强，相对成交量2.42倍。 原账本最大浮盈0.07R；5分钟审计得到实际止损前浮盈范围0.07–0.07R（若上下界不同，触及止损的5分钟内先后未知）。 退出前最高收盘-0.42R，未收盘达到2R，原追踪未激活。 退出下一根起48根内，最高回到原入场+0.21R，最低到-2.39R。,已比V9入场更贵，需评估确认收益能否覆盖追价代价,binance_um:FILUSDT:15m:box_any:50027
T332,HYPEUSDT,15m,2026-02-02 14:45:00+00:00,2026-02-03 10:45:00+00:00,,32.4,30.297,35.834,1.6020922491678606,盈利保护退出,持仓第81根K，最低价35.7触及当时已生效保护价35.834；按追踪止损在35.834退出，扣费后净+1.60R。,距V9 1根，较父V9独立模拟入场价-0.47%；初始风险6.49%（3.59个信号ATR），往返成本0.031R。 入场信号收盘在六均线上方，IMACD向上且增强，相对成交量9.62倍。 原账本最大浮盈2.89R；5分钟审计得到实际止损前浮盈范围2.89–2.89R（若上下界不同，触及止损的5分钟内先后未知）。 已收盘触及2R并激活追踪；退出时保护在入场价+1.63R，激活不保证保本。 退出下一根起48根内，最高回到原入场+1.95R，最低到-0.07R。,作为盈利对照保留：任何更早止盈/更严过滤都需计算会损失多少这类赢家,binance_um:HYPEUSDT:15m:box_any:23824
T333,DASHUSDT,15m,2026-02-03 05:00:00+00:00,2026-02-03 14:45:00+00:00,,44.54,43.21,43.21,-1.0669774436090218,推进不足后止损,持仓第40根K，最低价42.46触及当时已生效保护价43.21；按初始止损在43.21退出，扣费后净-1.07R。,距V9 0根，较父V9独立模拟入场价+0.00%；初始风险2.99%（2.90个信号ATR），往返成本0.067R。 入场信号收盘在六均线上方，IMACD向上且增强，相对成交量0.97倍。 原账本最大浮盈0.12R；5分钟审计得到实际止损前浮盈范围0.12–0.12R（若上下界不同，触及止损的5分钟内先后未知）。 退出前最高收盘0.06R，未收盘达到2R，原追踪未激活。 退出下一根起48根内，最高回到原入场+0.05R，最低到-3.24R。,当前事实不足以提出特定改法；先保留原规则作为对照。,binance_um:DASHUSDT:15m:box_any:50575
T334,API3USDT,15m,2026-02-03 21:00:00+00:00,2026-02-03 23:45:00+00:00,,0.3443,0.3307,0.3307,-1.0506323529411778,推进不足后止损,持仓第12根K，最低价0.3301触及当时已生效保护价0.3307；按初始止损在0.3307退出，扣费后净-1.05R。,距V9 0根，较父V9独立模拟入场价+0.00%；初始风险3.95%（3.14个信号ATR），往返成本0.051R。 入场信号收盘在六均线上方，IMACD向上且增强，相对成交量0.78倍。 原账本最大浮盈0.23R；5分钟审计得到实际止损前浮盈范围0.23–0.23R（若上下界不同，触及止损的5分钟内先后未知）。 退出前最高收盘0.13R，未收盘达到2R，原追踪未激活。 退出下一根起48根内，最高回到原入场-0.04R，最低到-0.98R。,当前事实不足以提出特定改法；先保留原规则作为对照。,binance_um:API3USDT:15m:box_any:50639
T335,MUBARAKUSDT,15m,2026-02-11 00:15:00+00:00,2026-02-11 03:00:00+00:00,,0.01411,0.0138,0.0138,-1.0910322580645175,推进不足后止损,持仓第12根K，最低价0.01377触及当时已生效保护价0.0138；按初始止损在0.0138退出，扣费后净-1.09R。,距V9 61根，较父V9独立模拟入场价+0.93%；初始风险2.20%（2.45个信号ATR），往返成本0.091R。 入场信号收盘在六均线上方，IMACD未同时满足向上和增强，相对成交量2.49倍。 原账本最大浮盈0.42R；5分钟审计得到实际止损前浮盈范围0.42–0.42R（若上下界不同，触及止损的5分钟内先后未知）。 退出前最高收盘0.23R，未收盘达到2R，原追踪未激活。 退出下一根起48根内，最高回到原入场+4.61R，最低到-2.45R。,等待超过48根，需检验突破时原启动结构是否已失效；已比V9入场更贵，需评估确认收益能否覆盖追价代价；突破当时支撑或动能不完整，但此前单加六均线门未改善全池，不能直接套门；退出后48根内曾回到+1R；属事后重启机会，不能证明放宽原止损会赚钱,binance_um:MUBARAKUSDT:15m:box_any:31721
T336,DASHUSDT,15m,2026-02-13 08:45:00+00:00,2026-02-14 13:00:00+00:00,,34.69,33.96,38.12,4.603589041095907,盈利保护退出,持仓第114根K，最低价38.09触及当时已生效保护价38.12；按追踪止损在38.12退出，扣费后净+4.60R。,距V9 0根，较父V9独立模拟入场价+0.00%；初始风险2.10%（3.18个信号ATR），往返成本0.095R。 入场信号收盘在六均线上方，IMACD向上且增强，相对成交量2.34倍。 原账本最大浮盈7.99R；5分钟审计得到实际止损前浮盈范围7.99–7.99R（若上下界不同，触及止损的5分钟内先后未知）。 已收盘触及2R并激活追踪；退出时保护在入场价+4.70R，激活不保证保本。 退出下一根起48根内，最高回到原入场+9.37R，最低到+4.64R。,作为盈利对照保留：任何更早止盈/更严过滤都需计算会损失多少这类赢家,binance_um:DASHUSDT:15m:box_any:51550
T337,PUMPUSDT,15m,2026-02-13 15:00:00+00:00,2026-02-15 12:45:00+00:00,,0.002002,0.001947,0.002258,4.581745454545464,盈利保护退出,持仓第184根K，最低价0.00224触及当时已生效保护价0.002258；按追踪止损在0.002258退出，扣费后净+4.58R。,距V9 30根，较父V9独立模拟入场价+4.38%；初始风险2.75%（3.14个信号ATR），往返成本0.073R。 入场信号收盘在六均线上方，IMACD向上且增强，相对成交量3.89倍。 原账本最大浮盈7.00R；5分钟审计得到实际止损前浮盈范围7.00–7.00R（若上下界不同，触及止损的5分钟内先后未知）。 已收盘触及2R并激活追踪；退出时保护在入场价+4.65R，激活不保证保本。 退出下一根起48根内，最高回到原入场+5.02R，最低到+3.00R。,已比V9入场更贵，需评估确认收益能否覆盖追价代价；作为盈利对照保留：任何更早止盈/更严过滤都需计算会损失多少这类赢家,binance_um:PUMPUSDT:15m:box_any:21821
T338,APTUSDT,15m,2026-02-13 15:15:00+00:00,2026-02-15 00:30:00+00:00,,0.937,0.9145,0.9765,1.672266666666673,盈利保护退出,持仓第134根K，最低价0.9734触及当时已生效保护价0.9765；按追踪止损在0.9765退出，扣费后净+1.67R。,距V9 0根，较父V9独立模拟入场价+0.00%；初始风险2.40%（3.05个信号ATR），往返成本0.083R。 入场信号收盘在六均线上方，IMACD向上且增强，相对成交量1.84倍。 原账本最大浮盈3.13R；5分钟审计得到实际止损前浮盈范围3.13–3.13R（若上下界不同，触及止损的5分钟内先后未知）。 已收盘触及2R并激活追踪；退出时保护在入场价+1.76R，激活不保证保本。 退出下一根起48根内，最高回到原入场+2.24R，最低到+0.64R。,作为盈利对照保留：任何更早止盈/更严过滤都需计算会损失多少这类赢家,binance_um:APTUSDT:15m:box_any:51576
T339,BOMEUSDT,15m,2026-02-13 15:15:00+00:00,2026-02-14 13:30:00+00:00,,0.0004029,0.0003927,0.0004173,1.3327647058823615,盈利保护退出,持仓第90根K，最低价0.0004173触及当时已生效保护价0.0004173；按追踪止损在0.0004173退出，扣费后净+1.33R。,距V9 0根，较父V9独立模拟入场价+0.00%；初始风险2.53%（3.50个信号ATR），往返成本0.079R。 入场信号收盘在六均线上方，IMACD向上且增强，相对成交量4.18倍。 原账本最大浮盈2.28R；5分钟审计得到实际止损前浮盈范围2.28–2.28R（若上下界不同，触及止损的5分钟内先后未知）。 已收盘触及2R并激活追踪；退出时保护在入场价+1.41R，激活不保证保本。 退出下一根起48根内，最高回到原入场+6.44R，最低到+1.59R。,作为盈利对照保留：任何更早止盈/更严过滤都需计算会损失多少这类赢家,binance_um:BOMEUSDT:15m:box_any:51576
T340,ARBUSDT,15m,2026-02-13 15:30:00+00:00,2026-02-15 11:00:00+00:00,,0.1144,0.11001,0.1183,0.8362642369020539,反向确认盈利退出,上一根出现原始反向信号，下一根开盘0.1183退出；这笔不是价格触及止损退出，扣费后净+0.84R。,距V9 1根，较父V9独立模拟入场价+1.15%；初始风险3.84%（4.63个信号ATR），往返成本0.052R。 入场信号收盘在六均线上方，IMACD向上且增强，相对成交量6.04倍。 截至退出前/数据末端，原账本最大浮盈1.80R。 退出前最高收盘1.71R，未收盘达到2R，原追踪未激活。 退出下一根起48根内，最高回到原入场+0.98R，最低到-0.55R。,已比V9入场更贵，需评估确认收益能否覆盖追价代价；作为盈利对照保留：任何更早止盈/更严过滤都需计算会损失多少这类赢家,binance_um:ARBUSDT:15m:box_any:51577
T341,JUPUSDT,15m,2026-02-14 11:30:00+00:00,2026-02-15 08:15:00+00:00,,0.1594,0.155,0.1692,2.1548181818181957,盈利保护退出,持仓第84根K，最低价0.1691触及当时已生效保护价0.1692；按追踪止损在0.1692退出，扣费后净+2.15R。,距V9 81根，较父V9独立模拟入场价+7.85%；初始风险2.76%（4.30个信号ATR），往返成本0.072R。 入场信号收盘在六均线上方，IMACD向上且增强，相对成交量8.80倍。 原账本最大浮盈4.30R；5分钟审计得到实际止损前浮盈范围4.30–4.30R（若上下界不同，触及止损的5分钟内先后未知）。 已收盘触及2R并激活追踪；退出时保护在入场价+2.23R，激活不保证保本。 退出下一根起48根内，最高回到原入场+2.27R，最低到-0.55R。,等待超过48根，需检验突破时原启动结构是否已失效；已比V9入场更贵，需评估确认收益能否覆盖追价代价；作为盈利对照保留：任何更早止盈/更严过滤都需计算会损失多少这类赢家,binance_um:JUPUSDT:15m:box_any:51657
T342,ETHUSDT,15m,2026-02-14 12:00:00+00:00,2026-02-14 12:45:00+00:00,,2098.22,2071.5,2071.5,-1.157052395209581,推进不足后止损,持仓第4根K，最低价2066.75触及当时已生效保护价2071.5；按初始止损在2071.5退出，扣费后净-1.16R。,距V9 103根，较父V9独立模拟入场价+7.15%；初始风险1.27%（3.20个信号ATR），往返成本0.157R。 入场信号收盘在六均线上方，IMACD向上且增强，相对成交量1.59倍。 原账本最大浮盈0.04R；5分钟审计得到实际止损前浮盈范围0.04–0.04R（若上下界不同，触及止损的5分钟内先后未知）。 退出前最高收盘-0.05R，未收盘达到2R，原追踪未激活。 退出下一根起48根内，最高回到原入场+0.03R，最低到-1.31R。,等待超过48根，需检验突破时原启动结构是否已失效；已比V9入场更贵，需评估确认收益能否覆盖追价代价,binance_um:ETHUSDT:15m:box_any:51659
T343,PUMPUSDT,15m,2026-02-17 15:30:00+00:00,2026-02-18 12:00:00+00:00,,0.002232,0.0021089999999999,0.002163,-0.597268292682925,反向确认亏损退出,上一根出现原始反向信号，下一根开盘0.002163退出；这笔不是价格触及止损退出，扣费后净-0.60R。,距V9 0根，较父V9独立模拟入场价+0.00%；初始风险5.51%（3.91个信号ATR），往返成本0.036R。 入场信号收盘在六均线上方，IMACD向上且增强，相对成交量19.67倍。 截至退出前/数据末端，原账本最大浮盈0.46R。 退出前最高收盘0.43R，未收盘达到2R，原追踪未激活。 退出下一根起48根内，最高回到原入场-0.39R，最低到-2.02R。,当前事实不足以提出特定改法；先保留原规则作为对照。,binance_um:PUMPUSDT:15m:box_any:22207
T344,AAVEUSDT,15m,2026-02-18 08:15:00+00:00,2026-02-18 08:45:00+00:00,,127.45,126.16,126.16,-1.1975968992248005,到过1R后回吐,持仓第3根K，最低价125.68触及当时已生效保护价126.16；按初始止损在126.16退出，扣费后净-1.20R。,距V9 77根，较父V9独立模拟入场价+1.06%；初始风险1.01%（2.02个信号ATR），往返成本0.198R。 入场信号收盘在六均线上方，IMACD向上且增强，相对成交量13.19倍。 原账本最大浮盈1.53R；5分钟审计得到实际止损前浮盈范围1.53–1.53R（若上下界不同，触及止损的5分钟内先后未知）。 退出前最高收盘0.43R，未收盘达到2R，原追踪未激活。 退出下一根起48根内，最高回到原入场+0.88R，最低到-5.26R。,等待超过48根，需检验突破时原启动结构是否已失效；已比V9入场更贵，需评估确认收益能否覆盖追价代价,binance_um:AAVEUSDT:15m:box_any:52028
T345,ETHUSDT,15m,2026-02-21 10:15:00+00:00,2026-02-21 21:00:00+00:00,,1971.12,1962.75,1970.17,-0.5844970131421677,收盘激活追踪后仍亏,持仓第44根K，最低价1967.03触及当时已生效保护价1970.17；按追踪止损在1970.17退出，扣费后净-0.58R。,距V9 2根，较父V9独立模拟入场价-0.05%；初始风险0.42%（2.00个信号ATR），往返成本0.471R。 入场信号收盘在六均线上方，IMACD向上且增强，相对成交量1.67倍。 原账本最大浮盈3.05R；5分钟审计得到实际止损前浮盈范围3.05–3.05R（若上下界不同，触及止损的5分钟内先后未知）。 已收盘触及2R并激活追踪；退出时保护在入场价-0.11R，激活不保证保本。 退出下一根起48根内，最高回到原入场+1.40R，最低到-0.60R。,4ATR追踪在本单仍低于成本线；统一提保本可能损失其他赢家，需另做完整对照；退出后48根内曾回到+1R；属事后重启机会，不能证明放宽原止损会赚钱,binance_um:ETHUSDT:15m:box_any:52324
T346,PIEVERSEUSDT,15m,2026-02-21 18:15:00+00:00,2026-02-21 22:15:00+00:00,,0.4216,0.4153,0.4153,-1.133841269841272,推进不足后止损,持仓第17根K，最低价0.4143触及当时已生效保护价0.4153；按初始止损在0.4153退出，扣费后净-1.13R。,距V9 29根，较父V9独立模拟入场价+1.39%；初始风险1.49%（1.95个信号ATR），往返成本0.134R。 入场信号收盘在六均线上方，IMACD向上且增强，相对成交量1.73倍。 原账本最大浮盈0.24R；5分钟审计得到实际止损前浮盈范围0.24–0.24R（若上下界不同，触及止损的5分钟内先后未知）。 退出前最高收盘0.08R，未收盘达到2R，原追踪未激活。 退出下一根起48根内，最高回到原入场-1.06R，最低到-3.43R。,已比V9入场更贵，需评估确认收益能否覆盖追价代价,binance_um:PIEVERSEUSDT:15m:box_any:9530
T347,USELESSUSDT,15m,2026-02-24 16:15:00+00:00,2026-02-26 13:00:00+00:00,,0.03838,0.03716,0.04195,2.8633114754098585,盈利保护退出,持仓第180根K，最低价0.04024触及当时已生效保护价0.04195；按追踪止损在0.04195退出，扣费后净+2.86R。,距V9 5根，较父V9独立模拟入场价+1.48%；初始风险3.18%（2.03个信号ATR），往返成本0.063R。 入场信号收盘在六均线上方，IMACD未同时满足向上和增强，相对成交量3.15倍。 原账本最大浮盈6.62R；5分钟审计得到实际止损前浮盈范围6.62–6.62R（若上下界不同，触及止损的5分钟内先后未知）。 已收盘触及2R并激活追踪；退出时保护在入场价+2.93R，激活不保证保本。 退出下一根起48根内，最高回到原入场+2.65R，最低到-0.07R。,已比V9入场更贵，需评估确认收益能否覆盖追价代价；突破当时支撑或动能不完整，但此前单加六均线门未改善全池，不能直接套门；作为盈利对照保留：任何更早止盈/更严过滤都需计算会损失多少这类赢家,binance_um:USELESSUSDT:15m:box_any:18543
T348,ARBUSDT,15m,2026-02-25 16:15:00+00:00,2026-02-26 02:00:00+00:00,,0.1011,0.09821,0.09821,-1.0699653979238748,盘中到2R但收盘未激活,持仓第40根K，最低价0.0982触及当时已生效保护价0.09821；按初始止损在0.09821退出，扣费后净-1.07R。,距V9 15根，较父V9独立模拟入场价+5.75%；初始风险2.86%（3.10个信号ATR），往返成本0.070R。 入场信号收盘在六均线上方，IMACD向上且增强，相对成交量1.66倍。 原账本最大浮盈2.01R；5分钟审计得到实际止损前浮盈范围2.01–2.01R（若上下界不同，触及止损的5分钟内先后未知）。 退出前最高收盘1.66R，未收盘达到2R，原追踪未激活。 退出下一根起48根内，最高回到原入场+0.24R，最低到-1.00R。,已比V9入场更贵，需评估确认收益能否覆盖追价代价；盘中高点与收盘触发存在差异；此前全池最高价激活试验未通过，不能凭此单直接修改,binance_um:ARBUSDT:15m:box_any:52732
T349,API3USDT,15m,2026-03-02 15:00:00+00:00,2026-03-03 08:45:00+00:00,,0.2826,0.2762,0.278,-0.8070624999999947,反向确认亏损退出,上一根出现原始反向信号，下一根开盘0.278退出；这笔不是价格触及止损退出，扣费后净-0.81R。,距V9 0根，较父V9独立模拟入场价+0.00%；初始风险2.26%（3.61个信号ATR），往返成本0.088R。 入场信号收盘在六均线上方，IMACD向上且增强，相对成交量3.71倍。 截至退出前/数据末端，原账本最大浮盈1.09R。 退出前最高收盘0.94R，未收盘达到2R，原追踪未激活。 退出下一根起48根内，最高回到原入场+0.33R，最低到-1.31R。,当前事实不足以提出特定改法；先保留原规则作为对照。,binance_um:API3USDT:15m:box_any:53207
T350,ETHUSDT,15m,2026-03-02 15:00:00+00:00,2026-03-04 04:30:00+00:00,,1978.52,1916.81,1952.88,-0.4796149732620305,反向确认亏损退出,上一根出现原始反向信号，下一根开盘1952.88退出；这笔不是价格触及止损退出，扣费后净-0.48R。,距V9 0根，较父V9独立模拟入场价+0.00%；初始风险3.12%（4.17个信号ATR），往返成本0.064R。 入场信号收盘在六均线上方，IMACD向上且增强，相对成交量5.96倍。 截至退出前/数据末端，原账本最大浮盈1.79R。 退出前最高收盘1.62R，未收盘达到2R，原追踪未激活。 退出下一根起48根内，最高回到原入场+3.04R，最低到-0.40R。,退出后48根内曾回到+1R；属事后重启机会，不能证明放宽原止损会赚钱,binance_um:ETHUSDT:15m:box_any:53207
T351,ZECUSDT,15m,2026-03-03 23:30:00+00:00,2026-03-04 03:15:00+00:00,,221.94,217.39,217.39,-1.0975560439560463,推进不足后止损,持仓第16根K，最低价217.21触及当时已生效保护价217.39；按初始止损在217.39退出，扣费后净-1.10R。,距V9 28根，较父V9独立模拟入场价-0.12%；初始风险2.05%（2.26个信号ATR），往返成本0.098R。 入场信号收盘在六均线上方，IMACD未同时满足向上和增强，相对成交量0.89倍。 原账本最大浮盈0.18R；5分钟审计得到实际止损前浮盈范围0.18–0.18R（若上下界不同，触及止损的5分钟内先后未知）。 退出前最高收盘0.11R，未收盘达到2R，原追踪未激活。 退出下一根起48根内，最高回到原入场+4.64R，最低到-1.45R。,突破当时支撑或动能不完整，但此前单加六均线门未改善全池，不能直接套门；退出后48根内曾回到+1R；属事后重启机会，不能证明放宽原止损会赚钱,binance_um:ZECUSDT:15m:box_any:53337
T352,FILUSDT,15m,2026-03-04 03:15:00+00:00,2026-03-04 04:15:00+00:00,,1.012,0.9945,0.9945,-1.1156571428571431,推进不足后止损,持仓第5根K，最低价0.992触及当时已生效保护价0.9945；按初始止损在0.9945退出，扣费后净-1.12R。,距V9 145根，较父V9独立模拟入场价+1.10%；初始风险1.73%（2.47个信号ATR），往返成本0.116R。 入场信号收盘在六均线上方，IMACD向上且增强，相对成交量2.31倍。 原账本最大浮盈0.06R；5分钟审计得到实际止损前浮盈范围0.06–0.06R（若上下界不同，触及止损的5分钟内先后未知）。 退出前最高收盘-0.34R，未收盘达到2R，原追踪未激活。 退出下一根起48根内，最高回到原入场+1.31R，最低到-1.20R。,等待超过48根，需检验突破时原启动结构是否已失效；已比V9入场更贵，需评估确认收益能否覆盖追价代价；退出后48根内曾回到+1R；属事后重启机会，不能证明放宽原止损会赚钱,binance_um:FILUSDT:15m:box_any:53352
T353,ETHUSDT,15m,2026-03-04 07:00:00+00:00,2026-03-05 01:45:00+00:00,,1979.25,1956.22,2106.7,5.362201476335206,盈利保护退出,持仓第76根K，最低价2106.32触及当时已生效保护价2106.7；按追踪止损在2106.7退出，扣费后净+5.36R。,距V9 0根，较父V9独立模拟入场价+0.00%；初始风险1.16%（2.00个信号ATR），往返成本0.172R。 入场信号收盘在六均线上方，IMACD向上且增强，相对成交量1.17倍。 原账本最大浮盈9.56R；5分钟审计得到实际止损前浮盈范围9.56–9.56R（若上下界不同，触及止损的5分钟内先后未知）。 已收盘触及2R并激活追踪；退出时保护在入场价+5.53R，激活不保证保本。 退出下一根起48根内，最高回到原入场+7.98R，最低到+4.91R。,作为盈利对照保留：任何更早止盈/更严过滤都需计算会损失多少这类赢家,binance_um:ETHUSDT:15m:box_any:53367
T354,BTCUSDT,15m,2026-03-04 07:45:00+00:00,2026-03-05 07:45:00+00:00,,68937.9,68022.40000000001,71868.0,3.049944511196126,盈利保护退出,持仓第97根K，最低价71740触及当时已生效保护价71868；按追踪止损在71868退出，扣费后净+3.05R。,距V9 163根，较父V9独立模拟入场价+2.70%；初始风险1.33%（2.69个信号ATR），往返成本0.151R。 入场信号收盘在六均线上方，IMACD向上且增强，相对成交量1.76倍。 原账本最大浮盈5.58R；5分钟审计得到实际止损前浮盈范围5.58–5.58R（若上下界不同，触及止损的5分钟内先后未知）。 已收盘触及2R并激活追踪；退出时保护在入场价+3.20R，激活不保证保本。 退出下一根起48根内，最高回到原入场+5.03R，最低到+1.83R。,等待超过48根，需检验突破时原启动结构是否已失效；已比V9入场更贵，需评估确认收益能否覆盖追价代价；作为盈利对照保留：任何更早止盈/更严过滤都需计算会损失多少这类赢家,binance_um:BTCUSDT:15m:box_any:53370
T355,USELESSUSDT,15m,2026-03-04 08:15:00+00:00,2026-03-05 15:00:00+00:00,,0.04468,0.04344,0.04551,0.5972903225806564,盈利保护退出,持仓第124根K，最低价0.04487触及当时已生效保护价0.04551；按追踪止损在0.04551退出，扣费后净+0.60R。,距V9 37根，较父V9独立模拟入场价+5.98%；初始风险2.78%（2.00个信号ATR），往返成本0.072R。 入场信号收盘在六均线上方，IMACD向上且增强，相对成交量1.77倍。 原账本最大浮盈3.54R；5分钟审计得到实际止损前浮盈范围3.54–3.54R（若上下界不同，触及止损的5分钟内先后未知）。 已收盘触及2R并激活追踪；退出时保护在入场价+0.67R，激活不保证保本。 退出下一根起48根内，最高回到原入场+0.52R，最低到-3.03R。,已比V9入场更贵，需评估确认收益能否覆盖追价代价；作为盈利对照保留：任何更早止盈/更严过滤都需计算会损失多少这类赢家,binance_um:USELESSUSDT:15m:box_any:19279
T356,BOMEUSDT,15m,2026-03-04 09:00:00+00:00,2026-03-05 16:15:00+00:00,,0.0004135,0.0003987,0.000405,-0.630202702702705,反向确认亏损退出,上一根出现原始反向信号，下一根开盘0.000405退出；这笔不是价格触及止损退出，扣费后净-0.63R。,距V9 66根，较父V9独立模拟入场价+4.37%；初始风险3.58%（4.31个信号ATR），往返成本0.056R。 入场信号收盘在六均线上方，IMACD向上且增强，相对成交量4.61倍。 截至退出前/数据末端，原账本最大浮盈1.74R。 退出前最高收盘1.68R，未收盘达到2R，原追踪未激活。 退出下一根起48根内，最高回到原入场+0.16R，最低到-0.76R。,等待超过48根，需检验突破时原启动结构是否已失效；已比V9入场更贵，需评估确认收益能否覆盖追价代价,binance_um:BOMEUSDT:15m:box_any:53375
T357,AEROUSDT,15m,2026-03-04 09:15:00+00:00,2026-03-05 16:00:00+00:00,,0.3644,0.3532,0.3566,-0.7615000000000053,反向确认亏损退出,上一根出现原始反向信号，下一根开盘0.3566退出；这笔不是价格触及止损退出，扣费后净-0.76R。,距V9 5根，较父V9独立模拟入场价+2.42%；初始风险3.07%（3.38个信号ATR），往返成本0.065R。 入场信号收盘在六均线上方，IMACD向上且增强，相对成交量8.55倍。 截至退出前/数据末端，原账本最大浮盈1.82R。 退出前最高收盘1.66R，未收盘达到2R，原追踪未激活。 退出下一根起48根内，最高回到原入场+0.21R，最低到-1.19R。,已比V9入场更贵，需评估确认收益能否覆盖追价代价,binance_um:AEROUSDT:15m:box_any:43659
T358,OPUSDT,15m,2026-03-04 09:15:00+00:00,2026-03-05 13:30:00+00:00,,0.1295,0.12645,0.12645,-1.0849180327868864,推进不足后止损,持仓第114根K，最低价0.1262触及当时已生效保护价0.12645；按初始止损在0.12645退出，扣费后净-1.08R。,距V9 67根，较父V9独立模拟入场价+1.81%；初始风险2.36%（2.53个信号ATR），往返成本0.085R。 入场信号收盘在六均线上方，IMACD向上且增强，相对成交量2.82倍。 原账本最大浮盈0.92R；5分钟审计得到实际止损前浮盈范围0.92–0.92R（若上下界不同，触及止损的5分钟内先后未知）。 退出前最高收盘0.82R，未收盘达到2R，原追踪未激活。 退出下一根起48根内，最高回到原入场+0.16R，最低到-2.07R。,等待超过48根，需检验突破时原启动结构是否已失效；已比V9入场更贵，需评估确认收益能否覆盖追价代价,binance_um:OPUSDT:15m:box_any:53376
T359,ARBUSDT,15m,2026-03-04 10:15:00+00:00,2026-03-04 12:30:00+00:00,,0.1045,0.10239,0.10239,-1.0990521327014249,推进不足后止损,持仓第10根K，最低价0.1021触及当时已生效保护价0.10239；按初始止损在0.10239退出，扣费后净-1.10R。,距V9 71根，较父V9独立模拟入场价+0.87%；初始风险2.02%（2.10个信号ATR），往返成本0.099R。 入场信号收盘在六均线上方，IMACD向上且增强，相对成交量1.44倍。 原账本最大浮盈0.00R；5分钟审计得到实际止损前浮盈范围0.00–0.00R（若上下界不同，触及止损的5分钟内先后未知）。 退出前最高收盘-0.09R，未收盘达到2R，原追踪未激活。 退出下一根起48根内，最高回到原入场+1.37R，最低到-1.00R。,等待超过48根，需检验突破时原启动结构是否已失效；已比V9入场更贵，需评估确认收益能否覆盖追价代价；退出后48根内曾回到+1R；属事后重启机会，不能证明放宽原止损会赚钱,binance_um:ARBUSDT:15m:box_any:53380
T360,PIEVERSEUSDT,15m,2026-03-06 00:45:00+00:00,2026-03-06 12:45:00+00:00,,0.5581,0.5463,0.5463,-1.0945932203389848,到过1R后回吐,持仓第49根K，最低价0.5463触及当时已生效保护价0.5463；按初始止损在0.5463退出，扣费后净-1.09R。,距V9 70根，较父V9独立模拟入场价+1.81%；初始风险2.11%（2.27个信号ATR），往返成本0.095R。 入场信号收盘在六均线上方，IMACD向上且增强，相对成交量2.44倍。 原账本最大浮盈1.78R；5分钟审计得到实际止损前浮盈范围1.78–1.78R（若上下界不同，触及止损的5分钟内先后未知）。 退出前最高收盘1.52R，未收盘达到2R，原追踪未激活。 退出下一根起48根内，最高回到原入场+0.97R，最低到-2.67R。,等待超过48根，需检验突破时原启动结构是否已失效；已比V9入场更贵，需评估确认收益能否覆盖追价代价,binance_um:PIEVERSEUSDT:15m:box_any:10708
T361,APTUSDT,15m,2026-03-06 07:45:00+00:00,2026-03-06 09:00:00+00:00,,1.0186,1.0038,1.0038,-1.13764864864865,推进不足后止损,持仓第6根K，最低价1.0022触及当时已生效保护价1.0038；按初始止损在1.0038退出，扣费后净-1.14R。,距V9 0根，较父V9独立模拟入场价+0.00%；初始风险1.45%（2.46个信号ATR），往返成本0.138R。 入场信号收盘在六均线上方，IMACD向上且增强，相对成交量2.06倍。 原账本最大浮盈0.38R；5分钟审计得到实际止损前浮盈范围0.38–0.38R（若上下界不同，触及止损的5分钟内先后未知）。 退出前最高收盘0.19R，未收盘达到2R，原追踪未激活。 退出下一根起48根内，最高回到原入场-0.43R，最低到-5.44R。,当前事实不足以提出特定改法；先保留原规则作为对照。,binance_um:APTUSDT:15m:box_any:53562
T362,HYPEUSDT,15m,2026-03-07 15:00:00+00:00,2026-03-07 15:30:00+00:00,,31.013,30.7,30.7,-1.198166134185304,前三根止损,持仓第3根K，最低价30.593触及当时已生效保护价30.7；按初始止损在30.7退出，扣费后净-1.20R。,距V9 10根，较父V9独立模拟入场价+0.83%；初始风险1.01%（2.00个信号ATR），往返成本0.198R。 入场信号收盘在六均线上方，IMACD向上且增强，相对成交量2.65倍。 原账本最大浮盈0.01R；5分钟审计得到实际止损前浮盈范围0.01–0.01R（若上下界不同，触及止损的5分钟内先后未知）。 退出前最高收盘-0.38R，未收盘达到2R，原追踪未激活。 退出下一根起48根内，最高回到原入场-0.22R，最低到-3.93R。,已比V9入场更贵，需评估确认收益能否覆盖追价代价,binance_um:HYPEUSDT:15m:box_any:26993
T363,BOMEUSDT,15m,2026-03-09 03:30:00+00:00,2026-03-10 21:30:00+00:00,,0.0003848,0.0003774999999999,0.0004255,5.46991780821917,盈利保护退出,持仓第169根K，最低价0.0004247触及当时已生效保护价0.0004255；按追踪止损在0.0004255退出，扣费后净+5.47R。,距V9 1根，较父V9独立模拟入场价-1.18%；初始风险1.90%（2.02个信号ATR），往返成本0.105R。 入场信号收盘在六均线上方，IMACD向上且增强，相对成交量1.66倍。 原账本最大浮盈9.71R；5分钟审计得到实际止损前浮盈范围9.71–9.71R（若上下界不同，触及止损的5分钟内先后未知）。 已收盘触及2R并激活追踪；退出时保护在入场价+5.58R，激活不保证保本。 退出下一根起48根内，最高回到原入场+5.90R，最低到+3.86R。,作为盈利对照保留：任何更早止盈/更严过滤都需计算会损失多少这类赢家,binance_um:BOMEUSDT:15m:box_any:53833
T364,ENAUSDT,15m,2026-03-09 04:45:00+00:00,2026-03-09 22:45:00+00:00,,0.1009,0.0992,0.10083,-0.159882352941176,收盘激活追踪后仍亏,持仓第73根K，最低价0.1008触及当时已生效保护价0.10083；按追踪止损在0.10083退出，扣费后净-0.16R。,距V9 0根，较父V9独立模拟入场价+0.00%；初始风险1.68%（1.89个信号ATR），往返成本0.119R。 入场信号收盘在六均线上方，IMACD向上且增强，相对成交量0.96倍。 原账本最大浮盈2.41R；5分钟审计得到实际止损前浮盈范围2.41–2.41R（若上下界不同，触及止损的5分钟内先后未知）。 已收盘触及2R并激活追踪；退出时保护在入场价-0.04R，激活不保证保本。 退出下一根起48根内，最高回到原入场+2.53R，最低到-0.18R。,4ATR追踪在本单仍低于成本线；统一提保本可能损失其他赢家，需另做完整对照；退出后48根内曾回到+1R；属事后重启机会，不能证明放宽原止损会赚钱,binance_um:ENAUSDT:15m:box_any:53838
T365,BTCUSDT,15m,2026-03-09 09:45:00+00:00,2026-03-09 11:15:00+00:00,,68314.4,67458.40000000001,67458.40000000001,-1.159613084112148,推进不足后止损,持仓第7根K，最低价67301触及当时已生效保护价67458.4；按初始止损在67458.4退出，扣费后净-1.16R。,距V9 0根，较父V9独立模拟入场价+0.00%；初始风险1.25%（2.65个信号ATR），往返成本0.160R。 入场信号收盘在六均线上方，IMACD向上且增强，相对成交量2.98倍。 原账本最大浮盈0.11R；5分钟审计得到实际止损前浮盈范围0.11–0.11R（若上下界不同，触及止损的5分钟内先后未知）。 退出前最高收盘-0.43R，未收盘达到2R，原追踪未激活。 退出下一根起48根内，最高回到原入场+1.38R，最低到-1.04R。,退出后48根内曾回到+1R；属事后重启机会，不能证明放宽原止损会赚钱,binance_um:BTCUSDT:15m:box_any:53858
T366,AEROUSDT,15m,2026-03-09 13:45:00+00:00,2026-03-09 16:15:00+00:00,,0.3282,0.3205,0.3205,-1.085246753246755,推进不足后止损,持仓第11根K，最低价0.3203触及当时已生效保护价0.3205；按初始止损在0.3205退出，扣费后净-1.09R。,距V9 0根，较父V9独立模拟入场价+0.00%；初始风险2.35%（3.38个信号ATR），往返成本0.085R。 入场信号收盘在六均线上方，IMACD向上且增强，相对成交量2.72倍。 原账本最大浮盈0.16R；5分钟审计得到实际止损前浮盈范围0.16–0.16R（若上下界不同，触及止损的5分钟内先后未知）。 退出前最高收盘-0.13R，未收盘达到2R，原追踪未激活。 退出下一根起48根内，最高回到原入场-0.08R，最低到-1.73R。,当前事实不足以提出特定改法；先保留原规则作为对照。,binance_um:AEROUSDT:15m:box_any:44157
T367,NEARUSDT,15m,2026-03-09 14:00:00+00:00,2026-03-09 16:45:00+00:00,,1.262,1.234,1.234,-1.090142857142858,推进不足后止损,持仓第12根K，最低价1.234触及当时已生效保护价1.234；按初始止损在1.234退出，扣费后净-1.09R。,距V9 41根，较父V9独立模拟入场价+1.77%；初始风险2.22%（2.74个信号ATR），往返成本0.090R。 入场信号收盘在六均线上方，IMACD向上且增强，相对成交量3.26倍。 原账本最大浮盈0.21R；5分钟审计得到实际止损前浮盈范围0.21–0.21R（若上下界不同，触及止损的5分钟内先后未知）。 退出前最高收盘0.07R，未收盘达到2R，原追踪未激活。 退出下一根起48根内，最高回到原入场+0.71R，最低到-1.54R。,已比V9入场更贵，需评估确认收益能否覆盖追价代价,binance_um:NEARUSDT:15m:box_any:53875
T368,MUBARAKUSDT,15m,2026-03-09 17:15:00+00:00,2026-03-10 13:30:00+00:00,,0.01473,0.01443,0.01443,-1.098200000000001,到过1R后回吐,持仓第82根K，最低价0.01441触及当时已生效保护价0.01443；按初始止损在0.01443退出，扣费后净-1.10R。,距V9 5根，较父V9独立模拟入场价-0.14%；初始风险2.04%（2.01个信号ATR），往返成本0.098R。 入场信号收盘在六均线上方，IMACD向上且增强，相对成交量1.07倍。 原账本最大浮盈1.00R；5分钟审计得到实际止损前浮盈范围1.00–1.00R（若上下界不同，触及止损的5分钟内先后未知）。 退出前最高收盘0.97R，未收盘达到2R，原追踪未激活。 退出下一根起48根内，最高回到原入场+1.67R，最低到-1.33R。,退出后48根内曾回到+1R；属事后重启机会，不能证明放宽原止损会赚钱,binance_um:MUBARAKUSDT:15m:box_any:34285
T369,PUMPUSDT,15m,2026-03-09 19:45:00+00:00,2026-03-09 23:45:00+00:00,,0.00199,0.0019459999999999,0.0019459999999999,-1.090454545454547,推进不足后止损,持仓第17根K，最低价0.001942触及当时已生效保护价0.001946；按初始止损在0.001946退出，扣费后净-1.09R。,距V9 66根，较父V9独立模拟入场价-0.15%；初始风险2.21%（2.00个信号ATR），往返成本0.090R。 入场信号收盘在六均线上方，IMACD向上且增强，相对成交量2.77倍。 原账本最大浮盈0.39R；5分钟审计得到实际止损前浮盈范围0.39–0.39R（若上下界不同，触及止损的5分钟内先后未知）。 退出前最高收盘0.30R，未收盘达到2R，原追踪未激活。 退出下一根起48根内，最高回到原入场+2.25R，最低到-1.05R。,等待超过48根，需检验突破时原启动结构是否已失效；退出后48根内曾回到+1R；属事后重启机会，不能证明放宽原止损会赚钱,binance_um:PUMPUSDT:15m:box_any:24144
T370,AAVEUSDT,15m,2026-03-09 21:30:00+00:00,2026-03-10 14:00:00+00:00,,107.64,105.81,110.08,1.2156939890710443,盈利保护退出,持仓第67根K，最低价109.75触及当时已生效保护价110.08；按追踪止损在110.08退出，扣费后净+1.22R。,距V9 0根，较父V9独立模拟入场价+0.00%；初始风险1.70%（2.00个信号ATR），往返成本0.118R。 入场信号收盘在六均线上方，IMACD向上且增强，相对成交量0.85倍。 原账本最大浮盈2.90R；5分钟审计得到实际止损前浮盈范围2.90–2.90R（若上下界不同，触及止损的5分钟内先后未知）。 已收盘触及2R并激活追踪；退出时保护在入场价+1.33R，激活不保证保本。 退出下一根起48根内，最高回到原入场+3.89R，最低到+1.07R。,作为盈利对照保留：任何更早止盈/更严过滤都需计算会损失多少这类赢家,binance_um:AAVEUSDT:15m:box_any:53905
T371,XTZUSDT,15m,2026-03-10 05:00:00+00:00,2026-03-10 13:30:00+00:00,,0.371,0.3645,0.3645,-1.1141538461538467,推进不足后止损,持仓第35根K，最低价0.362触及当时已生效保护价0.3645；按初始止损在0.3645退出，扣费后净-1.11R。,距V9 82根，较父V9独立模拟入场价+1.09%；初始风险1.75%（2.60个信号ATR），往返成本0.114R。 入场信号收盘在六均线上方，IMACD向上且增强，相对成交量2.17倍。 原账本最大浮盈0.15R；5分钟审计得到实际止损前浮盈范围0.15–0.15R（若上下界不同，触及止损的5分钟内先后未知）。 退出前最高收盘0.00R，未收盘达到2R，原追踪未激活。 退出下一根起48根内，最高回到原入场+0.15R，最低到-2.00R。,等待超过48根，需检验突破时原启动结构是否已失效；已比V9入场更贵，需评估确认收益能否覆盖追价代价,binance_um:XTZUSDT:15m:box_any:53935
T372,AEROUSDT,15m,2026-03-10 08:30:00+00:00,2026-03-10 13:30:00+00:00,,0.3293,0.3215,0.3215,-1.084435897435896,推进不足后止损,持仓第21根K，最低价0.3214触及当时已生效保护价0.3215；按初始止损在0.3215退出，扣费后净-1.08R。,距V9 22根，较父V9独立模拟入场价+1.64%；初始风险2.37%（3.25个信号ATR），往返成本0.084R。 入场信号收盘在六均线上方，IMACD向上且增强，相对成交量5.02倍。 原账本最大浮盈0.63R；5分钟审计得到实际止损前浮盈范围0.63–0.63R（若上下界不同，触及止损的5分钟内先后未知）。 退出前最高收盘0.60R，未收盘达到2R，原追踪未激活。 退出下一根起48根内，最高回到原入场+2.63R，最低到-1.31R。,已比V9入场更贵，需评估确认收益能否覆盖追价代价；退出后48根内曾回到+1R；属事后重启机会，不能证明放宽原止损会赚钱,binance_um:AEROUSDT:15m:box_any:44232
T373,SOLUSDT,15m,2026-03-10 08:30:00+00:00,2026-03-10 13:30:00+00:00,,86.98,86.07000000000001,86.07000000000001,-1.1911648351648376,推进不足后止损,持仓第21根K，最低价85.7触及当时已生效保护价86.07；按初始止损在86.07退出，扣费后净-1.19R。,距V9 114根，较父V9独立模拟入场价+4.67%；初始风险1.05%（2.02个信号ATR），往返成本0.191R。 入场信号收盘在六均线上方，IMACD向上且增强，相对成交量1.83倍。 原账本最大浮盈0.74R；5分钟审计得到实际止损前浮盈范围0.74–0.74R（若上下界不同，触及止损的5分钟内先后未知）。 退出前最高收盘0.27R，未收盘达到2R，原追踪未激活。 退出下一根起48根内，最高回到原入场+1.98R，最低到-2.33R。,等待超过48根，需检验突破时原启动结构是否已失效；已比V9入场更贵，需评估确认收益能否覆盖追价代价；退出后48根内曾回到+1R；属事后重启机会，不能证明放宽原止损会赚钱,binance_um:SOLUSDT:15m:box_any:53949
T374,ARUSDT,15m,2026-03-10 10:15:00+00:00,2026-03-10 14:00:00+00:00,,1.631,1.61,1.61,-1.1553333333333329,推进不足后止损,持仓第16根K，最低价1.606触及当时已生效保护价1.61；按初始止损在1.61退出，扣费后净-1.16R。,距V9 4根，较父V9独立模拟入场价+0.87%；初始风险1.29%（2.47个信号ATR），往返成本0.155R。 入场信号收盘在六均线上方，IMACD向上且增强，相对成交量2.98倍。 原账本最大浮盈0.29R；5分钟审计得到实际止损前浮盈范围0.29–0.29R（若上下界不同，触及止损的5分钟内先后未知）。 退出前最高收盘0.10R，未收盘达到2R，原追踪未激活。 退出下一根起48根内，最高回到原入场+3.38R，最低到-1.19R。,已比V9入场更贵，需评估确认收益能否覆盖追价代价；退出后48根内曾回到+1R；属事后重启机会，不能证明放宽原止损会赚钱,binance_um:ARUSDT:15m:box_any:53956
T375,APTUSDT,15m,2026-03-10 16:15:00+00:00,2026-03-10 18:00:00+00:00,,0.9863,0.9707,0.9707,-1.1264487179487208,推进不足后止损,持仓第8根K，最低价0.9703触及当时已生效保护价0.9707；按初始止损在0.9707退出，扣费后净-1.13R。,距V9 106根，较父V9独立模拟入场价+2.20%；初始风险1.58%（2.01个信号ATR），往返成本0.126R。 入场信号收盘在六均线上方，IMACD向上且增强，相对成交量1.26倍。 原账本最大浮盈0.71R；5分钟审计得到实际止损前浮盈范围0.71–0.71R（若上下界不同，触及止损的5分钟内先后未知）。 退出前最高收盘0.60R，未收盘达到2R，原追踪未激活。 退出下一根起48根内，最高回到原入场-0.85R，最低到-3.34R。,等待超过48根，需检验突破时原启动结构是否已失效；已比V9入场更贵，需评估确认收益能否覆盖追价代价,binance_um:APTUSDT:15m:box_any:53980
T376,API3USDT,15m,2026-03-11 12:45:00+00:00,2026-03-12 01:30:00+00:00,,0.2848,0.2817,0.3052,6.396903225806482,盈利保护退出,持仓第52根K，最低价0.3048触及当时已生效保护价0.3052；按追踪止损在0.3052退出，扣费后净+6.40R。,距V9 1根，较父V9独立模拟入场价-0.04%；初始风险1.09%（2.64个信号ATR），往返成本0.184R。 入场信号收盘在六均线上方，IMACD向上且增强，相对成交量4.36倍。 原账本最大浮盈13.29R；5分钟审计得到实际止损前浮盈范围13.29–13.29R（若上下界不同，触及止损的5分钟内先后未知）。 已收盘触及2R并激活追踪；退出时保护在入场价+6.58R，激活不保证保本。 退出下一根起48根内，最高回到原入场+6.94R，最低到+2.03R。,作为盈利对照保留：任何更早止盈/更严过滤都需计算会损失多少这类赢家,binance_um:API3USDT:15m:box_any:54062
T377,MUBARAKUSDT,15m,2026-03-12 23:15:00+00:00,2026-03-13 05:30:00+00:00,,0.0157,0.0154,0.0154,-1.1046666666666674,到过1R后回吐,持仓第26根K，最低价0.01536触及当时已生效保护价0.0154；按初始止损在0.0154退出，扣费后净-1.10R。,距V9 63根，较父V9独立模拟入场价+4.32%；初始风险1.91%（1.88个信号ATR），往返成本0.105R。 入场信号收盘在六均线上方，IMACD向上且增强，相对成交量1.21倍。 原账本最大浮盈1.50R；5分钟审计得到实际止损前浮盈范围1.50–1.50R（若上下界不同，触及止损的5分钟内先后未知）。 退出前最高收盘1.47R，未收盘达到2R，原追踪未激活。 退出下一根起48根内，最高回到原入场+0.43R，最低到-2.27R。,等待超过48根，需检验突破时原启动结构是否已失效；已比V9入场更贵，需评估确认收益能否覆盖追价代价,binance_um:MUBARAKUSDT:15m:box_any:34597
T378,BTCUSDT,15m,2026-03-12 23:45:00+00:00,2026-03-13 14:45:00+00:00,,70591.3,69926.7,72370.2,2.464215167017718,盈利保护退出,持仓第61根K，最低价72328.4触及当时已生效保护价72370.2；按追踪止损在72370.2退出，扣费后净+2.46R。,距V9 1根，较父V9独立模拟入场价+0.13%；初始风险0.94%（2.77个信号ATR），往返成本0.212R。 入场信号收盘在六均线上方，IMACD向上且增强，相对成交量1.20倍。 原账本最大浮盈4.93R；5分钟审计得到实际止损前浮盈范围4.93–4.93R（若上下界不同，触及止损的5分钟内先后未知）。 已收盘触及2R并激活追踪；退出时保护在入场价+2.68R，激活不保证保本。 退出下一根起48根内，最高回到原入场+3.37R，最低到-0.23R。,已比V9入场更贵，需评估确认收益能否覆盖追价代价；作为盈利对照保留：任何更早止盈/更严过滤都需计算会损失多少这类赢家,binance_um:BTCUSDT:15m:box_any:54202
T379,XTZUSDT,15m,2026-03-13 01:15:00+00:00,2026-03-13 08:00:00+00:00,,0.369,0.3645,0.3645,-1.164,推进不足后止损,持仓第28根K，最低价0.364触及当时已生效保护价0.3645；按初始止损在0.3645退出，扣费后净-1.16R。,距V9 3根，较父V9独立模拟入场价+0.27%；初始风险1.22%（1.92个信号ATR），往返成本0.164R。 入场信号收盘在六均线上方，IMACD向上且增强，相对成交量0.99倍。 原账本最大浮盈0.67R；5分钟审计得到实际止损前浮盈范围0.67–0.67R（若上下界不同，触及止损的5分钟内先后未知）。 退出前最高收盘0.67R，未收盘达到2R，原追踪未激活。 退出下一根起48根内，最高回到原入场+2.67R，最低到-0.89R。,已比V9入场更贵，需评估确认收益能否覆盖追价代价；退出后48根内曾回到+1R；属事后重启机会，不能证明放宽原止损会赚钱,binance_um:XTZUSDT:15m:box_any:54208
T380,ZENUSDT,15m,2026-03-13 01:15:00+00:00,2026-03-14 06:15:00+00:00,,5.544,5.426,5.646,0.7704406779661059,盈利保护退出,持仓第117根K，最低价5.618触及当时已生效保护价5.646；按追踪止损在5.646退出，扣费后净+0.77R。,距V9 3根，较父V9独立模拟入场价+0.25%；初始风险2.13%（3.67个信号ATR），往返成本0.094R。 入场信号收盘在六均线上方，IMACD向上且增强，相对成交量3.35倍。 原账本最大浮盈2.79R；5分钟审计得到实际止损前浮盈范围2.79–2.79R（若上下界不同，触及止损的5分钟内先后未知）。 已收盘触及2R并激活追踪；退出时保护在入场价+0.86R，激活不保证保本。 退出下一根起48根内，最高回到原入场+0.85R，最低到-0.60R。,已比V9入场更贵，需评估确认收益能否覆盖追价代价；作为盈利对照保留：任何更早止盈/更严过滤都需计算会损失多少这类赢家,binance_um:ZENUSDT:15m:box_any:54208
T381,USELESSUSDT,15m,2026-03-13 02:00:00+00:00,2026-03-13 06:00:00+00:00,,0.04034,0.03927,0.03927,-1.0754018691588791,推进不足后止损,持仓第17根K，最低价0.0392触及当时已生效保护价0.03927；按初始止损在0.03927退出，扣费后净-1.08R。,距V9 1根，较父V9独立模拟入场价-0.22%；初始风险2.65%（2.10个信号ATR），往返成本0.075R。 入场信号收盘在六均线上方，IMACD向上且增强，相对成交量0.95倍。 原账本最大浮盈0.20R；5分钟审计得到实际止损前浮盈范围0.20–0.20R（若上下界不同，触及止损的5分钟内先后未知）。 退出前最高收盘0.04R，未收盘达到2R，原追踪未激活。 退出下一根起48根内，最高回到原入场+2.20R，最低到-2.55R。,退出后48根内曾回到+1R；属事后重启机会，不能证明放宽原止损会赚钱,binance_um:USELESSUSDT:15m:box_any:20118
T382,APTUSDT,15m,2026-03-16 06:15:00+00:00,2026-03-17 03:30:00+00:00,,0.9743,0.9575,0.9926,0.9732976190476208,盈利保护退出,持仓第86根K，最低价0.9887触及当时已生效保护价0.9926；按追踪止损在0.9926退出，扣费后净+0.97R。,距V9 10根，较父V9独立模拟入场价+2.26%；初始风险1.72%（2.01个信号ATR），往返成本0.116R。 入场信号收盘在六均线上方，IMACD向上且增强，相对成交量4.32倍。 原账本最大浮盈3.25R；5分钟审计得到实际止损前浮盈范围3.25–3.25R（若上下界不同，触及止损的5分钟内先后未知）。 已收盘触及2R并激活追踪；退出时保护在入场价+1.09R，激活不保证保本。 退出下一根起48根内，最高回到原入场+1.79R，最低到+0.35R。,已比V9入场更贵，需评估确认收益能否覆盖追价代价；作为盈利对照保留：任何更早止盈/更严过滤都需计算会损失多少这类赢家,binance_um:APTUSDT:15m:box_any:54516
T383,PIEVERSEUSDT,15m,2026-03-16 15:45:00+00:00,2026-03-17 03:00:00+00:00,,0.5368,0.5241,0.5241,-1.084535433070865,推进不足后止损,持仓第46根K，最低价0.5218触及当时已生效保护价0.5241；按初始止损在0.5241退出，扣费后净-1.08R。,距V9 59根，较父V9独立模拟入场价+3.75%；初始风险2.37%（2.40个信号ATR），往返成本0.085R。 入场信号收盘在六均线上方，IMACD向上且增强，相对成交量1.50倍。 原账本最大浮盈0.78R；5分钟审计得到实际止损前浮盈范围0.78–0.78R（若上下界不同，触及止损的5分钟内先后未知）。 退出前最高收盘0.43R，未收盘达到2R，原追踪未激活。 退出下一根起48根内，最高回到原入场+3.36R，最低到-1.24R。,等待超过48根，需检验突破时原启动结构是否已失效；已比V9入场更贵，需评估确认收益能否覆盖追价代价；退出后48根内曾回到+1R；属事后重启机会，不能证明放宽原止损会赚钱,binance_um:PIEVERSEUSDT:15m:box_any:11728
T384,JUPUSDT,15m,2026-03-17 00:30:00+00:00,2026-03-17 03:15:00+00:00,,0.1702,0.1681,0.1681,-1.1620952380952358,推进不足后止损,持仓第12根K，最低价0.1679触及当时已生效保护价0.1681；按初始止损在0.1681退出，扣费后净-1.16R。,距V9 83根，较父V9独立模拟入场价+2.78%；初始风险1.23%（1.95个信号ATR），往返成本0.162R。 入场信号收盘在六均线上方，IMACD未同时满足向上和增强，相对成交量8.97倍。 原账本最大浮盈0.57R；5分钟审计得到实际止损前浮盈范围0.57–0.57R（若上下界不同，触及止损的5分钟内先后未知）。 退出前最高收盘0.33R，未收盘达到2R，原追踪未激活。 退出下一根起48根内，最高回到原入场-0.86R，最低到-3.48R。,等待超过48根，需检验突破时原启动结构是否已失效；已比V9入场更贵，需评估确认收益能否覆盖追价代价；突破当时支撑或动能不完整，但此前单加六均线门未改善全池，不能直接套门,binance_um:JUPUSDT:15m:box_any:54589
T385,USELESSUSDT,15m,2026-03-20 23:15:00+00:00,2026-03-21 23:45:00+00:00,,0.03838,0.03739,0.03739,-1.0775353535353551,盘中到2R但收盘未激活,持仓第99根K，最低价0.03638触及当时已生效保护价0.03739；按初始止损在0.03739退出，扣费后净-1.08R。,距V9 4根，较父V9独立模拟入场价+0.68%；初始风险2.58%（2.01个信号ATR），往返成本0.078R。 入场信号收盘在六均线上方，IMACD未同时满足向上和增强，相对成交量2.21倍。 原账本最大浮盈2.05R；5分钟审计得到实际止损前浮盈范围2.05–2.05R（若上下界不同，触及止损的5分钟内先后未知）。 退出前最高收盘1.92R，未收盘达到2R，原追踪未激活。 退出下一根起48根内，最高回到原入场+0.26R，最低到-2.88R。,已比V9入场更贵，需评估确认收益能否覆盖追价代价；突破当时支撑或动能不完整，但此前单加六均线门未改善全池，不能直接套门；盘中高点与收盘触发存在差异；此前全池最高价激活试验未通过，不能凭此单直接修改,binance_um:USELESSUSDT:15m:box_any:20875
T386,ETHUSDT,15m,2026-03-21 12:15:00+00:00,2026-03-21 14:45:00+00:00,,2157.84,2151.13,2151.13,-1.643171385991051,到过1R后回吐,持仓第11根K，最低价2149.09触及当时已生效保护价2151.13；按初始止损在2151.13退出，扣费后净-1.64R。,距V9 44根，较父V9独立模拟入场价+0.16%；初始风险0.31%（2.08个信号ATR），往返成本0.643R。 入场信号收盘在六均线上方，IMACD未同时满足向上和增强，相对成交量1.72倍。 原账本最大浮盈1.51R；5分钟审计得到实际止损前浮盈范围1.51–1.51R（若上下界不同，触及止损的5分钟内先后未知）。 退出前最高收盘0.90R，未收盘达到2R，原追踪未激活。 退出下一根起48根内，最高回到原入场-0.14R，最低到-16.73R。,已比V9入场更贵，需评估确认收益能否覆盖追价代价；突破当时支撑或动能不完整，但此前单加六均线门未改善全池，不能直接套门,binance_um:ETHUSDT:15m:box_any:55020
T387,JUPUSDT,15m,2026-03-30 02:00:00+00:00,2026-03-30 17:15:00+00:00,,0.1451,0.1427,0.1507,2.212416666666647,盈利保护退出,持仓第62根K，最低价0.1507触及当时已生效保护价0.1507；按追踪止损在0.1507退出，扣费后净+2.21R。,距V9 4根，较父V9独立模拟入场价+0.83%；初始风险1.65%（2.35个信号ATR），往返成本0.121R。 入场信号收盘在六均线上方，IMACD未同时满足向上和增强，相对成交量0.69倍。 原账本最大浮盈4.25R；5分钟审计得到实际止损前浮盈范围4.25–4.25R（若上下界不同，触及止损的5分钟内先后未知）。 已收盘触及2R并激活追踪；退出时保护在入场价+2.33R，激活不保证保本。 退出下一根起48根内，最高回到原入场+4.50R，最低到+1.67R。,已比V9入场更贵，需评估确认收益能否覆盖追价代价；突破当时支撑或动能不完整，但此前单加六均线门未改善全池，不能直接套门；作为盈利对照保留：任何更早止盈/更严过滤都需计算会损失多少这类赢家,binance_um:JUPUSDT:15m:box_any:55843
T388,AEROUSDT,15m,2026-03-30 04:15:00+00:00,2026-03-30 10:15:00+00:00,,0.3257,0.322,0.322,-1.1760540540540525,推进不足后止损,持仓第25根K，最低价0.3218触及当时已生效保护价0.322；按初始止损在0.322退出，扣费后净-1.18R。,距V9 0根，较父V9独立模拟入场价+0.00%；初始风险1.14%（2.05个信号ATR），往返成本0.176R。 入场信号收盘在六均线上方，IMACD向上且增强，相对成交量5.85倍。 原账本最大浮盈0.70R；5分钟审计得到实际止损前浮盈范围0.70–0.70R（若上下界不同，触及止损的5分钟内先后未知）。 退出前最高收盘0.38R，未收盘达到2R，原追踪未激活。 退出下一根起48根内，最高回到原入场+0.32R，最低到-4.73R。,当前事实不足以提出特定改法；先保留原规则作为对照。,binance_um:AEROUSDT:15m:box_any:46135
T389,ENAUSDT,15m,2026-03-31 02:30:00+00:00,2026-03-31 04:15:00+00:00,,0.0937,0.09205,0.09205,-1.113575757575759,推进不足后止损,持仓第8根K，最低价0.0918触及当时已生效保护价0.09205；按初始止损在0.09205退出，扣费后净-1.11R。,距V9 2根，较父V9独立模拟入场价+0.64%；初始风险1.76%（2.29个信号ATR），往返成本0.114R。 入场信号收盘在六均线上方，IMACD向上且增强，相对成交量0.91倍。 原账本最大浮盈0.12R；5分钟审计得到实际止损前浮盈范围0.12–0.12R（若上下界不同，触及止损的5分钟内先后未知）。 退出前最高收盘-0.06R，未收盘达到2R，原追踪未激活。 退出下一根起48根内，最高回到原入场-0.55R，最低到-2.79R。,已比V9入场更贵，需评估确认收益能否覆盖追价代价,binance_um:ENAUSDT:15m:box_any:55941
T390,PIEVERSEUSDT,15m,2026-03-31 14:00:00+00:00,2026-03-31 14:45:00+00:00,,0.5279,0.5213,0.5213,-1.1599696969697004,推进不足后止损,持仓第4根K，最低价0.5203触及当时已生效保护价0.5213；按初始止损在0.5213退出，扣费后净-1.16R。,距V9 50根，较父V9独立模拟入场价+2.05%；初始风险1.25%（2.15个信号ATR），往返成本0.160R。 入场信号收盘在六均线上方，IMACD向上且增强，相对成交量0.67倍。 原账本最大浮盈0.14R；5分钟审计得到实际止损前浮盈范围0.14–0.14R（若上下界不同，触及止损的5分钟内先后未知）。 退出前最高收盘-0.09R，未收盘达到2R，原追踪未激活。 退出下一根起48根内，最高回到原入场+2.70R，最低到-2.09R。,等待超过48根，需检验突破时原启动结构是否已失效；已比V9入场更贵，需评估确认收益能否覆盖追价代价；退出后48根内曾回到+1R；属事后重启机会，不能证明放宽原止损会赚钱,binance_um:PIEVERSEUSDT:15m:box_any:13161
T391,BOMEUSDT,15m,2026-04-01 01:15:00+00:00,2026-04-01 02:00:00+00:00,,0.0003862,0.0003818999999999,0.0003818999999999,-1.1796279069767432,推进不足后止损,持仓第4根K，最低价0.0003816触及当时已生效保护价0.0003819；按初始止损在0.0003819退出，扣费后净-1.18R。,距V9 5根，较父V9独立模拟入场价+0.57%；初始风险1.11%（2.12个信号ATR），往返成本0.180R。 入场信号收盘在六均线上方，IMACD向上且增强，相对成交量3.09倍。 原账本最大浮盈0.00R；5分钟审计得到实际止损前浮盈范围0.00–0.00R（若上下界不同，触及止损的5分钟内先后未知）。 退出前最高收盘-0.49R，未收盘达到2R，原追踪未激活。 退出下一根起48根内，最高回到原入场+2.28R，最低到-1.53R。,已比V9入场更贵，需评估确认收益能否覆盖追价代价；退出后48根内曾回到+1R；属事后重启机会，不能证明放宽原止损会赚钱,binance_um:BOMEUSDT:15m:box_any:56032
T392,1000PEPEUSDT,15m,2026-04-01 05:45:00+00:00,2026-04-01 13:30:00+00:00,,0.0034572,0.0033986,0.0033986,-1.117993174061435,到过1R后回吐,持仓第32根K，最低价0.0033837触及当时已生效保护价0.0033986；按初始止损在0.0033986退出，扣费后净-1.12R。,距V9 0根，较父V9独立模拟入场价+0.00%；初始风险1.70%（2.89个信号ATR），往返成本0.118R。 入场信号收盘在六均线上方，IMACD向上且增强，相对成交量1.58倍。 原账本最大浮盈1.24R；5分钟审计得到实际止损前浮盈范围1.24–1.24R（若上下界不同，触及止损的5分钟内先后未知）。 退出前最高收盘1.10R，未收盘达到2R，原追踪未激活。 退出下一根起48根内，最高回到原入场+1.01R，最低到-2.19R。,退出后48根内曾回到+1R；属事后重启机会，不能证明放宽原止损会赚钱,binance_um:1000PEPEUSDT:15m:box_any:56050
T393,AAVEUSDT,15m,2026-04-01 05:45:00+00:00,2026-04-02 01:00:00+00:00,,99.07,97.85,97.85,-1.1624098360655803,到过1R后回吐,持仓第78根K，最低价97.05触及当时已生效保护价97.85；按初始止损在97.85退出，扣费后净-1.16R。,距V9 1根，较父V9独立模拟入场价-0.20%；初始风险1.23%（2.34个信号ATR），往返成本0.162R。 入场信号收盘在六均线上方，IMACD向上且增强，相对成交量2.18倍。 原账本最大浮盈1.67R；5分钟审计得到实际止损前浮盈范围1.67–1.67R（若上下界不同，触及止损的5分钟内先后未知）。 退出前最高收盘1.32R，未收盘达到2R，原追踪未激活。 退出下一根起48根内，最高回到原入场-0.79R，最低到-5.25R。,当前事实不足以提出特定改法；先保留原规则作为对照。,binance_um:AAVEUSDT:15m:box_any:56050
T394,HYPEUSDT,15m,2026-04-04 16:30:00+00:00,2026-04-05 05:30:00+00:00,,36.131,35.677,35.677,-1.15916740088106,推进不足后止损,持仓第53根K，最低价35.601触及当时已生效保护价35.677；按初始止损在35.677退出，扣费后净-1.16R。,距V9 0根，较父V9独立模拟入场价+0.00%；初始风险1.26%（3.54个信号ATR），往返成本0.159R。 入场信号收盘在六均线上方，IMACD向上且增强，相对成交量4.07倍。 原账本最大浮盈0.94R；5分钟审计得到实际止损前浮盈范围0.94–0.94R（若上下界不同，触及止损的5分钟内先后未知）。 退出前最高收盘0.74R，未收盘达到2R，原追踪未激活。 退出下一根起48根内，最高回到原入场-0.48R，最低到-2.24R。,当前事实不足以提出特定改法；先保留原规则作为对照。,binance_um:HYPEUSDT:15m:box_any:29687
T395,OPUSDT,15m,2026-04-04 17:45:00+00:00,2026-04-05 04:45:00+00:00,,0.1103,0.10889,0.10889,-1.156453900709221,推进不足后止损,持仓第45根K，最低价0.1087触及当时已生效保护价0.10889；按初始止损在0.10889退出，扣费后净-1.16R。,距V9 1根，较父V9独立模拟入场价-0.27%；初始风险1.28%（2.70个信号ATR），往返成本0.156R。 入场信号收盘在六均线上方，IMACD未同时满足向上和增强，相对成交量0.97倍。 原账本最大浮盈0.78R；5分钟审计得到实际止损前浮盈范围0.78–0.78R（若上下界不同，触及止损的5分钟内先后未知）。 退出前最高收盘0.78R，未收盘达到2R，原追踪未激活。 退出下一根起48根内，最高回到原入场-0.92R，最低到-3.26R。,突破当时支撑或动能不完整，但此前单加六均线门未改善全池，不能直接套门,binance_um:OPUSDT:15m:box_any:56386
T396,WIFUSDT,15m,2026-04-04 20:15:00+00:00,2026-04-05 03:30:00+00:00,,0.1817,0.1796,0.1796,-1.173047619047619,推进不足后止损,持仓第30根K，最低价0.1793触及当时已生效保护价0.1796；按初始止损在0.1796退出，扣费后净-1.17R。,距V9 8根，较父V9独立模拟入场价-0.27%；初始风险1.16%（1.94个信号ATR），往返成本0.173R。 入场信号收盘在六均线上方，IMACD向上且增强，相对成交量0.72倍。 原账本最大浮盈0.29R；5分钟审计得到实际止损前浮盈范围0.29–0.29R（若上下界不同，触及止损的5分钟内先后未知）。 退出前最高收盘0.24R，未收盘达到2R，原追踪未激活。 退出下一根起48根内，最高回到原入场-0.48R，最低到-3.76R。,当前事实不足以提出特定改法；先保留原规则作为对照。,binance_um:WIFUSDT:15m:box_any:56396
T397,USELESSUSDT,15m,2026-04-07 20:15:00+00:00,2026-04-08 13:00:00+00:00,,0.03215,0.03123,0.03635,4.495326086956554,盈利保护退出,持仓第68根K，最低价0.03629触及当时已生效保护价0.03635；按追踪止损在0.03635退出，扣费后净+4.50R。,距V9 3根，较父V9独立模拟入场价+1.80%；初始风险2.86%（2.71个信号ATR），往返成本0.070R。 入场信号收盘在六均线上方，IMACD向上且增强，相对成交量5.34倍。 原账本最大浮盈7.26R；5分钟审计得到实际止损前浮盈范围7.26–7.26R（若上下界不同，触及止损的5分钟内先后未知）。 已收盘触及2R并激活追踪；退出时保护在入场价+4.57R，激活不保证保本。 退出下一根起48根内，最高回到原入场+6.21R，最低到+1.90R。,已比V9入场更贵，需评估确认收益能否覆盖追价代价；作为盈利对照保留：任何更早止盈/更严过滤都需计算会损失多少这类赢家,binance_um:USELESSUSDT:15m:box_any:22591
T398,JUPUSDT,15m,2026-04-10 19:30:00+00:00,2026-04-11 03:45:00+00:00,,0.1658,0.1635,0.1635,-1.144173913043479,到过1R后回吐,持仓第34根K，最低价0.1633触及当时已生效保护价0.1635；按初始止损在0.1635退出，扣费后净-1.14R。,距V9 1根，较父V9独立模拟入场价-0.30%；初始风险1.39%（2.53个信号ATR），往返成本0.144R。 入场信号收盘在六均线上方，IMACD向上且增强，相对成交量0.75倍。 原账本最大浮盈1.13R；5分钟审计得到实际止损前浮盈范围1.13–1.13R（若上下界不同，触及止损的5分钟内先后未知）。 退出前最高收盘1.00R，未收盘达到2R，原追踪未激活。 退出下一根起48根内，最高回到原入场-0.04R，最低到-1.70R。,当前事实不足以提出特定改法；先保留原规则作为对照。,binance_um:JUPUSDT:15m:box_any:56969
T399,BOMEUSDT,15m,2026-04-10 21:15:00+00:00,2026-04-11 00:30:00+00:00,,0.0004063,0.0004008,0.0004008,-1.1477454545454555,推进不足后止损,持仓第14根K，最低价0.0004008触及当时已生效保护价0.0004008；按初始止损在0.0004008退出，扣费后净-1.15R。,距V9 33根，较父V9独立模拟入场价+2.09%；初始风险1.35%（1.98个信号ATR），往返成本0.148R。 入场信号收盘在六均线上方，IMACD向上且增强，相对成交量1.22倍。 原账本最大浮盈0.49R；5分钟审计得到实际止损前浮盈范围0.49–0.49R（若上下界不同，触及止损的5分钟内先后未知）。 退出前最高收盘0.31R，未收盘达到2R，原追踪未激活。 退出下一根起48根内，最高回到原入场-0.25R，最低到-2.82R。,已比V9入场更贵，需评估确认收益能否覆盖追价代价,binance_um:BOMEUSDT:15m:box_any:56976
T400,SOLUSDT,15m,2026-04-11 17:00:00+00:00,2026-04-12 01:30:00+00:00,,84.94,84.38,84.38,-1.303357142857145,盘中到2R但收盘未激活,持仓第35根K，最低价82.52触及当时已生效保护价84.38；按初始止损在84.38退出，扣费后净-1.30R。,距V9 0根，较父V9独立模拟入场价+0.00%；初始风险0.66%（2.06个信号ATR），往返成本0.303R。 入场信号收盘在六均线上方，IMACD向上且增强，相对成交量2.52倍。 原账本最大浮盈2.30R；5分钟审计得到实际止损前浮盈范围2.30–2.30R（若上下界不同，触及止损的5分钟内先后未知）。 退出前最高收盘1.96R，未收盘达到2R，原追踪未激活。 退出下一根起48根内，最高回到原入场-3.55R，最低到-5.77R。,盘中高点与收盘触发存在差异；此前全池最高价激活试验未通过，不能凭此单直接修改,binance_um:SOLUSDT:15m:box_any:57055
T401,UNIUSDT,15m,2026-04-11 19:00:00+00:00,2026-04-11 23:00:00+00:00,,3.196,3.145,3.145,-1.1253333333333295,推进不足后止损,持仓第17根K，最低价3.137触及当时已生效保护价3.145；按初始止损在3.145退出，扣费后净-1.13R。,距V9 9根，较父V9独立模拟入场价+0.79%；初始风险1.60%（3.93个信号ATR），往返成本0.125R。 入场信号收盘在六均线上方，IMACD向上且增强，相对成交量1.59倍。 原账本最大浮盈0.45R；5分钟审计得到实际止损前浮盈范围0.45–0.45R（若上下界不同，触及止损的5分钟内先后未知）。 退出前最高收盘0.24R，未收盘达到2R，原追踪未激活。 退出下一根起48根内，最高回到原入场-0.75R，最低到-3.24R。,已比V9入场更贵，需评估确认收益能否覆盖追价代价,binance_um:UNIUSDT:15m:box_any:57063
T402,AAVEUSDT,15m,2026-04-11 20:15:00+00:00,2026-04-11 23:00:00+00:00,,95.75,94.38,94.38,-1.1397810218978135,推进不足后止损,持仓第12根K，最低价93.85触及当时已生效保护价94.38；按初始止损在94.38退出，扣费后净-1.14R。,距V9 14根，较父V9独立模拟入场价+2.40%；初始风险1.43%（2.41个信号ATR），往返成本0.140R。 入场信号收盘在六均线上方，IMACD向上且增强，相对成交量1.75倍。 原账本最大浮盈0.31R；5分钟审计得到实际止损前浮盈范围0.31–0.31R（若上下界不同，触及止损的5分钟内先后未知）。 退出前最高收盘0.19R，未收盘达到2R，原追踪未激活。 退出下一根起48根内，最高回到原入场-0.69R，最低到-4.77R。,已比V9入场更贵，需评估确认收益能否覆盖追价代价,binance_um:AAVEUSDT:15m:box_any:57068
T403,FILUSDT,15m,2026-04-11 20:15:00+00:00,2026-04-11 22:30:00+00:00,,0.917,0.9074,0.9074,-1.1910416666666634,推进不足后止损,持仓第10根K，最低价0.902触及当时已生效保护价0.9074；按初始止损在0.9074退出，扣费后净-1.19R。,距V9 13根，较父V9独立模拟入场价+0.99%；初始风险1.05%（1.82个信号ATR），往返成本0.191R。 入场信号收盘在六均线上方，IMACD向上且增强，相对成交量1.32倍。 原账本最大浮盈0.21R；5分钟审计得到实际止损前浮盈范围0.21–0.21R（若上下界不同，触及止损的5分钟内先后未知）。 退出前最高收盘0.10R，未收盘达到2R，原追踪未激活。 退出下一根起48根内，最高回到原入场-1.04R，最低到-6.15R。,已比V9入场更贵，需评估确认收益能否覆盖追价代价,binance_um:FILUSDT:15m:box_any:57068
T404,ONEUSDT,15m,2026-04-15 17:30:00+00:00,2026-04-16 14:15:00+00:00,,0.00212,0.0020867,0.0021801999999999,1.680480480480479,盈利保护退出,持仓第84根K，最低价0.00218触及当时已生效保护价0.0021802；按追踪止损在0.0021802退出，扣费后净+1.68R。,距V9 0根，较父V9独立模拟入场价+0.00%；初始风险1.57%（2.05个信号ATR），往返成本0.127R。 入场信号收盘在六均线上方，IMACD向上且增强，相对成交量1.79倍。 原账本最大浮盈4.50R；5分钟审计得到实际止损前浮盈范围4.50–4.50R（若上下界不同，触及止损的5分钟内先后未知）。 已收盘触及2R并激活追踪；退出时保护在入场价+1.81R，激活不保证保本。 退出下一根起48根内，最高回到原入场+6.01R，最低到+2.40R。,作为盈利对照保留：任何更早止盈/更严过滤都需计算会损失多少这类赢家,binance_um:ONEUSDT:15m:box_any:57441
T405,AEROUSDT,15m,2026-04-16 13:30:00+00:00,2026-04-16 13:45:00+00:00,,0.3844,0.3771,0.3771,-1.105315068493151,前三根止损,持仓第2根K，最低价0.3726触及当时已生效保护价0.3771；按初始止损在0.3771退出，扣费后净-1.11R。,距V9 5根，较父V9独立模拟入场价+1.26%；初始风险1.90%（3.63个信号ATR），往返成本0.105R。 入场信号收盘在六均线上方，IMACD向上且增强，相对成交量3.72倍。 原账本最大浮盈0.00R；5分钟审计得到实际止损前浮盈范围0.00–0.00R（若上下界不同，触及止损的5分钟内先后未知）。 退出前最高收盘-0.34R，未收盘达到2R，原追踪未激活。 退出下一根起48根内，最高回到原入场+4.90R，最低到-2.07R。,已比V9入场更贵，需评估确认收益能否覆盖追价代价；退出后48根内曾回到+1R；属事后重启机会，不能证明放宽原止损会赚钱,binance_um:AEROUSDT:15m:box_any:47804
T406,ETHUSDT,15m,2026-04-17 13:15:00+00:00,2026-04-18 11:30:00+00:00,,2405.87,2345.34,2345.34,-1.0794934743102595,推进不足后止损,持仓第90根K，最低价2341.52触及当时已生效保护价2345.34；按初始止损在2345.34退出，扣费后净-1.08R。,距V9 18根，较父V9独立模拟入场价+2.46%；初始风险2.52%（4.55个信号ATR），往返成本0.079R。 入场信号收盘在六均线上方，IMACD向上且增强，相对成交量7.75倍。 原账本最大浮盈0.96R；5分钟审计得到实际止损前浮盈范围0.96–0.96R（若上下界不同，触及止损的5分钟内先后未知）。 退出前最高收盘0.86R，未收盘达到2R，原追踪未激活。 退出下一根起48根内，最高回到原入场-0.52R，最低到-1.14R。,已比V9入场更贵，需评估确认收益能否覆盖追价代价,binance_um:ETHUSDT:15m:box_any:57616
T407,BOMEUSDT,15m,2026-04-27 03:15:00+00:00,2026-04-27 05:00:00+00:00,,0.0005351,0.0005260999999999,0.0005260999999999,-1.118911111111112,推进不足后止损,持仓第8根K，最低价0.0005213触及当时已生效保护价0.0005261；按初始止损在0.0005261退出，扣费后净-1.12R。,距V9 4根，较父V9独立模拟入场价+1.15%；初始风险1.68%（2.43个信号ATR），往返成本0.119R。 入场信号收盘在六均线上方，IMACD向上且增强，相对成交量2.36倍。 原账本最大浮盈0.20R；5分钟审计得到实际止损前浮盈范围0.20–0.20R（若上下界不同，触及止损的5分钟内先后未知）。 退出前最高收盘0.07R，未收盘达到2R，原追踪未激活。 退出下一根起48根内，最高回到原入场-1.53R，最低到-4.87R。,已比V9入场更贵，需评估确认收益能否覆盖追价代价,binance_um:BOMEUSDT:15m:box_any:58536
T408,APTUSDT,15m,2026-04-29 05:15:00+00:00,2026-04-29 08:15:00+00:00,,0.9946,0.985,0.985,-1.2072083333333337,到过1R后回吐,持仓第13根K，最低价0.9739触及当时已生效保护价0.985；按初始止损在0.985退出，扣费后净-1.21R。,距V9 8根，较父V9独立模拟入场价+1.97%；初始风险0.97%（2.02个信号ATR），往返成本0.207R。 入场信号收盘在六均线上方，IMACD向上且增强，相对成交量1.55倍。 原账本最大浮盈1.59R；5分钟审计得到实际止损前浮盈范围1.59–1.59R（若上下界不同，触及止损的5分钟内先后未知）。 退出前最高收盘1.22R，未收盘达到2R，原追踪未激活。 退出下一根起48根内，最高回到原入场+1.46R，最低到-5.10R。,已比V9入场更贵，需评估确认收益能否覆盖追价代价；退出后48根内曾回到+1R；属事后重启机会，不能证明放宽原止损会赚钱,binance_um:APTUSDT:15m:box_any:58736
T409,OPUSDT,15m,2026-04-29 10:15:00+00:00,2026-04-29 12:00:00+00:00,,0.1256,0.12255,0.12255,-1.0823606557377066,推进不足后止损,持仓第8根K，最低价0.1222触及当时已生效保护价0.12255；按初始止损在0.12255退出，扣费后净-1.08R。,距V9 1根，较父V9独立模拟入场价+0.40%；初始风险2.43%（4.21个信号ATR），往返成本0.082R。 入场信号收盘在六均线上方，IMACD向上且增强，相对成交量2.80倍。 原账本最大浮盈0.13R；5分钟审计得到实际止损前浮盈范围0.13–0.13R（若上下界不同，触及止损的5分钟内先后未知）。 退出前最高收盘-0.03R，未收盘达到2R，原追踪未激活。 退出下一根起48根内，最高回到原入场-0.95R，最低到-3.38R。,已比V9入场更贵，需评估确认收益能否覆盖追价代价,binance_um:OPUSDT:15m:box_any:58756
T410,ETHUSDT,1h,2024-09-13 17:00:00+00:00,2024-09-15 21:00:00+00:00,,2405.96,2337.07,2337.07,-1.0698493250108876,推进不足后止损,持仓第53根K，最低价2336触及当时已生效保护价2337.07；按初始止损在2337.07退出，扣费后净-1.07R。,距V9 1根，较父V9独立模拟入场价-0.04%；初始风险2.86%（3.56个信号ATR），往返成本0.070R。 入场信号收盘在六均线上方，IMACD向上且增强，相对成交量3.40倍。 原账本最大浮盈0.84R；5分钟审计得到实际止损前浮盈范围0.84–0.84R（若上下界不同，触及止损的5分钟内先后未知）。 退出前最高收盘0.58R，未收盘达到2R，原追踪未激活。 退出下一根起48根内，最高回到原入场-0.19R，最低到-2.25R。,当前事实不足以提出特定改法；先保留原规则作为对照。,binance_um:ETHUSDT:1h:box_any:1588
T411,SOLUSDT,1h,2024-09-19 01:00:00+00:00,2024-09-22 10:00:00+00:00,,135.711,128.02,144.59,1.119175399817966,盈利保护退出,持仓第82根K，最低价144.256触及当时已生效保护价144.59；按追踪止损在144.59退出，扣费后净+1.12R。,距V9 0根，较父V9独立模拟入场价+0.00%；初始风险5.67%（4.43个信号ATR），往返成本0.035R。 入场信号收盘在六均线上方，IMACD向上且增强，相对成交量2.72倍。 原账本最大浮盈2.18R；5分钟审计得到实际止损前浮盈范围2.18–2.18R（若上下界不同，触及止损的5分钟内先后未知）。 已收盘触及2R并激活追踪；退出时保护在入场价+1.15R，激活不保证保本。 退出下一根起48根内，最高回到原入场+1.73R，最低到+0.68R。,作为盈利对照保留：任何更早止盈/更严过滤都需计算会损失多少这类赢家,binance_um:SOLUSDT:1h:box_any:1716
T412,WIFUSDT,1h,2024-09-19 05:00:00+00:00,2024-09-21 01:00:00+00:00,,1.6769,1.5844,1.7397,0.6426616216216228,盈利保护退出,持仓第45根K，最低价1.7341触及当时已生效保护价1.7397；按追踪止损在1.7397退出，扣费后净+0.64R。,距V9 2根，较父V9独立模拟入场价+3.60%；初始风险5.52%（2.63个信号ATR），往返成本0.036R。 入场信号收盘在六均线上方，IMACD向上且增强，相对成交量1.10倍。 原账本最大浮盈2.47R；5分钟审计得到实际止损前浮盈范围2.47–2.47R（若上下界不同，触及止损的5分钟内先后未知）。 已收盘触及2R并激活追踪；退出时保护在入场价+0.68R，激活不保证保本。 退出下一根起48根内，最高回到原入场+1.17R，最低到-0.60R。,已比V9入场更贵，需评估确认收益能否覆盖追价代价；作为盈利对照保留：任何更早止盈/更严过滤都需计算会损失多少这类赢家,binance_um:WIFUSDT:1h:box_any:1720
T413,AAVEUSDT,1h,2024-09-19 08:00:00+00:00,2024-09-24 14:00:00+00:00,,146.96,142.47,164.15,3.763046770601332,盈利保护退出,持仓第127根K，最低价163.62触及当时已生效保护价164.15；按追踪止损在164.15退出，扣费后净+3.76R。,距V9 359根，较父V9独立模拟入场价+9.43%；初始风险3.06%（2.30个信号ATR），往返成本0.065R。 入场信号收盘在六均线上方，IMACD未同时满足向上和增强，相对成交量1.10倍。 原账本最大浮盈8.53R；5分钟审计得到实际止损前浮盈范围8.53–8.53R（若上下界不同，触及止损的5分钟内先后未知）。 已收盘触及2R并激活追踪；退出时保护在入场价+3.83R，激活不保证保本。 退出下一根起48根内，最高回到原入场+5.98R，最低到+3.56R。,等待超过48根，需检验突破时原启动结构是否已失效；已比V9入场更贵，需评估确认收益能否覆盖追价代价；突破当时支撑或动能不完整，但此前单加六均线门未改善全池，不能直接套门；作为盈利对照保留：任何更早止盈/更严过滤都需计算会损失多少这类赢家,binance_um:AAVEUSDT:1h:box_any:1723
T414,1000PEPEUSDT,1h,2024-09-19 09:00:00+00:00,2024-09-22 10:00:00+00:00,,0.0078179,0.0075534999999999,0.0080502,0.8194561270801869,盈利保护退出,持仓第74根K，最低价0.0080502触及当时已生效保护价0.0080502；按追踪止损在0.0080502退出，扣费后净+0.82R。,距V9 8根，较父V9独立模拟入场价+1.92%；初始风险3.38%（2.00个信号ATR），往返成本0.059R。 入场信号收盘在六均线上方，IMACD向上且增强，相对成交量1.06倍。 原账本最大浮盈2.63R；5分钟审计得到实际止损前浮盈范围2.63–2.63R（若上下界不同，触及止损的5分钟内先后未知）。 已收盘触及2R并激活追踪；退出时保护在入场价+0.88R，激活不保证保本。 退出下一根起48根内，最高回到原入场+1.96R，最低到-0.36R。,已比V9入场更贵，需评估确认收益能否覆盖追价代价；作为盈利对照保留：任何更早止盈/更严过滤都需计算会损失多少这类赢家,binance_um:1000PEPEUSDT:1h:box_any:1724
T415,UNIUSDT,1h,2024-09-24 09:00:00+00:00,2024-09-24 14:00:00+00:00,,7.01,6.801,6.801,-1.0670813397129195,推进不足后止损,持仓第6根K，最低价6.768触及当时已生效保护价6.801；按初始止损在6.801退出，扣费后净-1.07R。,距V9 29根，较父V9独立模拟入场价+1.83%；初始风险2.98%（2.93个信号ATR），往返成本0.067R。 入场信号收盘在六均线上方，IMACD向上且增强，相对成交量2.40倍。 原账本最大浮盈0.10R；5分钟审计得到实际止损前浮盈范围0.10–0.10R（若上下界不同，触及止损的5分钟内先后未知）。 退出前最高收盘-0.32R，未收盘达到2R，原追踪未激活。 退出下一根起48根内，最高回到原入场+1.04R，最低到-1.63R。,已比V9入场更贵，需评估确认收益能否覆盖追价代价；退出后48根内曾回到+1R；属事后重启机会，不能证明放宽原止损会赚钱,binance_um:UNIUSDT:1h:box_any:1844
T416,API3USDT,1h,2024-09-27 21:00:00+00:00,2024-09-28 09:00:00+00:00,,1.6762,1.6285,1.6285,-1.0702809224318646,推进不足后止损,持仓第13根K，最低价1.6228触及当时已生效保护价1.6285；按初始止损在1.6285退出，扣费后净-1.07R。,距V9 113根，较父V9独立模拟入场价+4.55%；初始风险2.85%（2.00个信号ATR），往返成本0.070R。 入场信号收盘在六均线上方，IMACD向上且增强，相对成交量0.80倍。 原账本最大浮盈0.74R；5分钟审计得到实际止损前浮盈范围0.74–0.74R（若上下界不同，触及止损的5分钟内先后未知）。 退出前最高收盘0.58R，未收盘达到2R，原追踪未激活。 退出下一根起48根内，最高回到原入场-0.32R，最低到-2.37R。,等待超过48根，需检验突破时原启动结构是否已失效；已比V9入场更贵，需评估确认收益能否覆盖追价代价,binance_um:API3USDT:1h:box_any:1928
T417,SOLUSDT,1h,2024-10-12 14:00:00+00:00,2024-10-13 15:00:00+00:00,,146.432,144.53,144.53,-1.1539768664563617,到过1R后回吐,持仓第26根K，最低价144.382触及当时已生效保护价144.53；按初始止损在144.53退出，扣费后净-1.15R。,距V9 20根，较父V9独立模拟入场价+0.45%；初始风险1.30%（2.00个信号ATR），往返成本0.154R。 入场信号收盘在六均线上方，IMACD向上且增强，相对成交量1.53倍。 原账本最大浮盈1.01R；5分钟审计得到实际止损前浮盈范围1.01–1.01R（若上下界不同，触及止损的5分钟内先后未知）。 退出前最高收盘0.62R，未收盘达到2R，原追踪未激活。 退出下一根起48根内，最高回到原入场+7.12R，最低到-0.96R。,已比V9入场更贵，需评估确认收益能否覆盖追价代价；退出后48根内曾回到+1R；属事后重启机会，不能证明放宽原止损会赚钱,binance_um:SOLUSDT:1h:box_any:2281
T418,1000PEPEUSDT,1h,2024-10-14 09:00:00+00:00,2024-10-17 10:00:00+00:00,,0.0103549,0.0099778,0.0099778,-1.0549185892336257,盘中到2R但收盘未激活,持仓第74根K，最低价0.00996触及当时已生效保护价0.0099778；按初始止损在0.0099778退出，扣费后净-1.05R。,距V9 2根，较父V9独立模拟入场价+1.12%；初始风险3.64%（2.00个信号ATR），往返成本0.055R。 入场信号收盘在六均线上方，IMACD向上且增强，相对成交量1.16倍。 原账本最大浮盈2.19R；5分钟审计得到实际止损前浮盈范围2.19–2.19R（若上下界不同，触及止损的5分钟内先后未知）。 退出前最高收盘1.70R，未收盘达到2R，原追踪未激活。 退出下一根起48根内，最高回到原入场+1.58R，最低到-1.93R。,已比V9入场更贵，需评估确认收益能否覆盖追价代价；盘中高点与收盘触发存在差异；此前全池最高价激活试验未通过，不能凭此单直接修改；退出后48根内曾回到+1R；属事后重启机会，不能证明放宽原止损会赚钱,binance_um:1000PEPEUSDT:1h:box_any:2324
T419,ARBUSDT,1h,2024-10-20 07:00:00+00:00,2024-10-21 13:00:00+00:00,,0.5757,0.55966,0.58638,0.5940523690773077,盈利保护退出,持仓第31根K，最低价0.5818触及当时已生效保护价0.58638；按追踪止损在0.58638退出，扣费后净+0.59R。,距V9 146根，较父V9独立模拟入场价+6.41%；初始风险2.79%（3.42个信号ATR），往返成本0.072R。 入场信号收盘在六均线上方，IMACD向上且增强，相对成交量3.48倍。 原账本最大浮盈2.75R；5分钟审计得到实际止损前浮盈范围2.75–2.75R（若上下界不同，触及止损的5分钟内先后未知）。 已收盘触及2R并激活追踪；退出时保护在入场价+0.67R，激活不保证保本。 退出下一根起48根内，最高回到原入场+1.55R，最低到-0.96R。,等待超过48根，需检验突破时原启动结构是否已失效；已比V9入场更贵，需评估确认收益能否覆盖追价代价；作为盈利对照保留：任何更早止盈/更严过滤都需计算会损失多少这类赢家,binance_um:ARBUSDT:1h:box_any:2466
T420,BTCUSDT,1h,2024-10-28 11:00:00+00:00,2024-10-31 13:00:00+00:00,,68600.9,67716.3,71158.8,2.7364890345919455,盈利保护退出,持仓第75根K，最低价71111触及当时已生效保护价71158.8；按追踪止损在71158.8退出，扣费后净+2.74R。,距V9 1根，较父V9独立模拟入场价+0.08%；初始风险1.29%（3.02个信号ATR），往返成本0.155R。 入场信号收盘在六均线上方，IMACD向上且增强，相对成交量2.76倍。 原账本最大浮盈5.72R；5分钟审计得到实际止损前浮盈范围5.72–5.72R（若上下界不同，触及止损的5分钟内先后未知）。 已收盘触及2R并激活追踪；退出时保护在入场价+2.89R，激活不保证保本。 退出下一根起48根内，最高回到原入场+3.45R，最低到+0.25R。,已比V9入场更贵，需评估确认收益能否覆盖追价代价；作为盈利对照保留：任何更早止盈/更严过滤都需计算会损失多少这类赢家,binance_um:BTCUSDT:1h:box_any:2662
T421,AAVEUSDT,1h,2024-11-21 15:00:00+00:00,2024-11-22 20:00:00+00:00,,167.22,155.18,163.03,-0.375784053156147,反向确认亏损退出,上一根出现原始反向信号，下一根开盘163.03退出；这笔不是价格触及止损退出，扣费后净-0.38R。,距V9 1根，较父V9独立模拟入场价-0.43%；初始风险7.20%（3.38个信号ATR），往返成本0.028R。 入场信号收盘在六均线上方，IMACD向上且增强，相对成交量3.42倍。 截至退出前/数据末端，原账本最大浮盈0.39R。 退出前最高收盘0.31R，未收盘达到2R，原追踪未激活。 退出下一根起48根内，最高回到原入场+1.43R，最低到-0.60R。,退出后48根内曾回到+1R；属事后重启机会，不能证明放宽原止损会赚钱,binance_um:AAVEUSDT:1h:box_any:3242
T422,PENDLEUSDT,1h,2024-11-23 08:00:00+00:00,2024-11-24 12:00:00+00:00,,5.3508,5.1115,5.1115,-1.044720434600919,到过1R后回吐,持仓第29根K，最低价4.9391触及当时已生效保护价5.1115；按初始止损在5.1115退出，扣费后净-1.04R。,距V9 0根，较父V9独立模拟入场价+0.00%；初始风险4.47%（2.85个信号ATR），往返成本0.045R。 入场信号收盘在六均线上方，IMACD向上且增强，相对成交量1.35倍。 原账本最大浮盈1.05R；5分钟审计得到实际止损前浮盈范围1.05–1.05R（若上下界不同，触及止损的5分钟内先后未知）。 退出前最高收盘0.97R，未收盘达到2R，原追踪未激活。 退出下一根起48根内，最高回到原入场+1.55R，最低到-2.48R。,退出后48根内曾回到+1R；属事后重启机会，不能证明放宽原止损会赚钱,binance_um:PENDLEUSDT:1h:box_any:3283
T423,WIFUSDT,1h,2024-12-04 09:00:00+00:00,2024-12-04 16:00:00+00:00,,3.3616,3.2156,3.2156,-1.0460493150684924,推进不足后止损,持仓第8根K，最低价3.115触及当时已生效保护价3.2156；按初始止损在3.2156退出，扣费后净-1.05R。,距V9 6根，较父V9独立模拟入场价+1.94%；初始风险4.34%（2.00个信号ATR），往返成本0.046R。 入场信号收盘在六均线上方，IMACD向上且增强，相对成交量0.91倍。 原账本最大浮盈0.50R；5分钟审计得到实际止损前浮盈范围0.50–0.50R（若上下界不同，触及止损的5分钟内先后未知）。 退出前最高收盘0.31R，未收盘达到2R，原追踪未激活。 退出下一根起48根内，最高回到原入场+1.66R，最低到-2.22R。,已比V9入场更贵，需评估确认收益能否覆盖追价代价；退出后48根内曾回到+1R；属事后重启机会，不能证明放宽原止损会赚钱,binance_um:WIFUSDT:1h:box_any:3548
T424,1000PEPEUSDT,1h,2024-12-07 12:00:00+00:00,2024-12-09 21:00:00+00:00,,0.0224299,0.0212141,0.0238834,1.158611778253002,盈利保护退出,持仓第58根K，最低价0.0230102触及当时已生效保护价0.0238834；按追踪止损在0.0238834退出，扣费后净+1.16R。,距V9 1根，较父V9独立模拟入场价-0.38%；初始风险5.42%（3.03个信号ATR），往返成本0.037R。 入场信号收盘在六均线上方，IMACD向上且增强，相对成交量3.20倍。 原账本最大浮盈4.89R；5分钟审计得到实际止损前浮盈范围4.89–4.89R（若上下界不同，触及止损的5分钟内先后未知）。 已收盘触及2R并激活追踪；退出时保护在入场价+1.20R，激活不保证保本。 退出下一根起48根内，最高回到原入场+3.95R，最低到-0.68R。,作为盈利对照保留：任何更早止盈/更严过滤都需计算会损失多少这类赢家,binance_um:1000PEPEUSDT:1h:box_any:3623
T425,BOMEUSDT,1h,2024-12-30 08:00:00+00:00,2024-12-30 13:00:00+00:00,,0.006412,0.0062289,0.0062289,-1.0700382304751488,推进不足后止损,持仓第6根K，最低价0.006193触及当时已生效保护价0.0062289；按初始止损在0.0062289退出，扣费后净-1.07R。,距V9 69根，较父V9独立模拟入场价-2.72%；初始风险2.86%（2.00个信号ATR），往返成本0.070R。 入场信号收盘在六均线上方，IMACD未同时满足向上和增强，相对成交量1.93倍。 原账本最大浮盈0.52R；5分钟审计得到实际止损前浮盈范围0.52–0.52R（若上下界不同，触及止损的5分钟内先后未知）。 退出前最高收盘-0.06R，未收盘达到2R，原追踪未激活。 退出下一根起48根内，最高回到原入场+1.25R，最低到-2.23R。,等待超过48根，需检验突破时原启动结构是否已失效；突破当时支撑或动能不完整，但此前单加六均线门未改善全池，不能直接套门；退出后48根内曾回到+1R；属事后重启机会，不能证明放宽原止损会赚钱,binance_um:BOMEUSDT:1h:box_any:4171
T426,WIFUSDT,1h,2024-12-31 16:00:00+00:00,2025-01-01 08:00:00+00:00,,1.9195,1.8194,1.8194,-1.0383516483516475,推进不足后止损,持仓第17根K，最低价1.7928触及当时已生效保护价1.8194；按初始止损在1.8194退出，扣费后净-1.04R。,距V9 1根，较父V9独立模拟入场价-0.88%；初始风险5.21%（2.45个信号ATR），往返成本0.038R。 入场信号收盘在六均线上方，IMACD向上且增强，相对成交量1.52倍。 原账本最大浮盈0.29R；5分钟审计得到实际止损前浮盈范围0.29–0.29R（若上下界不同，触及止损的5分钟内先后未知）。 退出前最高收盘0.01R，未收盘达到2R，原追踪未激活。 退出下一根起48根内，最高回到原入场+1.35R，最低到-1.58R。,退出后48根内曾回到+1R；属事后重启机会，不能证明放宽原止损会赚钱,binance_um:WIFUSDT:1h:box_any:4203
T427,ARUSDT,1h,2025-01-01 13:00:00+00:00,2025-01-07 01:00:00+00:00,,16.912,15.956,18.664,1.797255230125527,盈利保护退出,持仓第133根K，最低价18.642触及当时已生效保护价18.664；按追踪止损在18.664退出，扣费后净+1.80R。,距V9 41根，较父V9独立模拟入场价-0.31%；初始风险5.65%（3.39个信号ATR），往返成本0.035R。 入场信号收盘在六均线上方，IMACD未同时满足向上和增强，相对成交量0.94倍。 原账本最大浮盈3.14R；5分钟审计得到实际止损前浮盈范围3.14–3.14R（若上下界不同，触及止损的5分钟内先后未知）。 已收盘触及2R并激活追踪；退出时保护在入场价+1.83R，激活不保证保本。 退出下一根起48根内，最高回到原入场+2.17R，最低到-2.09R。,突破当时支撑或动能不完整，但此前单加六均线门未改善全池，不能直接套门；作为盈利对照保留：任何更早止盈/更严过滤都需计算会损失多少这类赢家,binance_um:ARUSDT:1h:box_any:4224
T428,API3USDT,1h,2025-01-01 23:00:00+00:00,2025-01-05 14:00:00+00:00,,1.6469,1.5934,1.7416,1.708527102803742,盈利保护退出,持仓第88根K，最低价1.738触及当时已生效保护价1.7416；按追踪止损在1.7416退出，扣费后净+1.71R。,距V9 0根，较父V9独立模拟入场价+0.00%；初始风险3.25%（2.31个信号ATR），往返成本0.062R。 入场信号收盘在六均线上方，IMACD向上且增强，相对成交量1.36倍。 原账本最大浮盈3.40R；5分钟审计得到实际止损前浮盈范围3.40–3.40R（若上下界不同，触及止损的5分钟内先后未知）。 已收盘触及2R并激活追踪；退出时保护在入场价+1.77R，激活不保证保本。 退出下一根起48根内，最高回到原入场+3.69R，最低到+0.08R。,作为盈利对照保留：任何更早止盈/更严过滤都需计算会损失多少这类赢家,binance_um:API3USDT:1h:box_any:4234
T429,ENAUSDT,1h,2025-01-01 23:00:00+00:00,2025-01-05 08:00:00+00:00,,0.9653,0.91302,1.1951200000000002,4.359016832440707,盈利保护退出,持仓第82根K，最低价1.1945触及当时已生效保护价1.19512；按追踪止损在1.19512退出，扣费后净+4.36R。,距V9 2根，较父V9独立模拟入场价+0.59%；初始风险5.42%（3.40个信号ATR），往返成本0.037R。 入场信号收盘在六均线上方，IMACD向上且增强，相对成交量0.77倍。 原账本最大浮盈6.63R；5分钟审计得到实际止损前浮盈范围6.63–6.63R（若上下界不同，触及止损的5分钟内先后未知）。 已收盘触及2R并激活追踪；退出时保护在入场价+4.40R，激活不保证保本。 退出下一根起48根内，最高回到原入场+6.42R，最低到+3.34R。,已比V9入场更贵，需评估确认收益能否覆盖追价代价；作为盈利对照保留：任何更早止盈/更严过滤都需计算会损失多少这类赢家,binance_um:ENAUSDT:1h:box_any:4234
T430,OPUSDT,1h,2025-01-03 13:00:00+00:00,2025-01-07 14:00:00+00:00,,1.9097,1.83272,2.02931,1.5041647181086033,盈利保护退出,持仓第98根K，最低价2.0039触及当时已生效保护价2.02931；按追踪止损在2.02931退出，扣费后净+1.50R。,距V9 26根，较父V9独立模拟入场价+1.94%；初始风险4.03%（3.44个信号ATR），往返成本0.050R。 入场信号收盘在六均线上方，IMACD向上且增强，相对成交量2.53倍。 原账本最大浮盈3.57R；5分钟审计得到实际止损前浮盈范围3.57–3.57R（若上下界不同，触及止损的5分钟内先后未知）。 已收盘触及2R并激活追踪；退出时保护在入场价+1.55R，激活不保证保本。 退出下一根起48根内，最高回到原入场+1.96R，最低到-2.65R。,已比V9入场更贵，需评估确认收益能否覆盖追价代价；作为盈利对照保留：任何更早止盈/更严过滤都需计算会损失多少这类赢家,binance_um:OPUSDT:1h:box_any:4272
T431,XTZUSDT,1h,2025-01-03 15:00:00+00:00,2025-01-07 15:00:00+00:00,,1.426,1.3792,1.3792,-1.0609401709401716,到过1R后回吐,持仓第97根K，最低价1.339触及当时已生效保护价1.3792；按初始止损在1.3792退出，扣费后净-1.06R。,距V9 27根，较父V9独立模拟入场价+2.89%；初始风险3.28%（2.53个信号ATR），往返成本0.061R。 入场信号收盘在六均线上方，IMACD向上且增强，相对成交量1.63倍。 原账本最大浮盈1.39R；5分钟审计得到实际止损前浮盈范围1.39–1.39R（若上下界不同，触及止损的5分钟内先后未知）。 退出前最高收盘1.18R，未收盘达到2R，原追踪未激活。 退出下一根起48根内，最高回到原入场+1.22R，最低到-3.95R。,已比V9入场更贵，需评估确认收益能否覆盖追价代价；退出后48根内曾回到+1R；属事后重启机会，不能证明放宽原止损会赚钱,binance_um:XTZUSDT:1h:box_any:4274
T432,1000PEPEUSDT,1h,2025-01-03 16:00:00+00:00,2025-01-05 18:00:00+00:00,,0.0212388,0.0203115,0.0203115,-1.0458078291814956,推进不足后止损,持仓第51根K，最低价0.02031触及当时已生效保护价0.0203115；按初始止损在0.0203115退出，扣费后净-1.05R。,距V9 78根，较父V9独立模拟入场价+6.73%；初始风险4.37%（2.87个信号ATR），往返成本0.046R。 入场信号收盘在六均线上方，IMACD向上且增强，相对成交量2.85倍。 原账本最大浮盈0.73R；5分钟审计得到实际止损前浮盈范围0.73–0.73R（若上下界不同，触及止损的5分钟内先后未知）。 退出前最高收盘0.38R，未收盘达到2R，原追踪未激活。 退出下一根起48根内，最高回到原入场+0.17R，最低到-2.79R。,等待超过48根，需检验突破时原启动结构是否已失效；已比V9入场更贵，需评估确认收益能否覆盖追价代价,binance_um:1000PEPEUSDT:1h:box_any:4275
T433,JUPUSDT,1h,2025-01-18 05:00:00+00:00,2025-01-20 00:00:00+00:00,,0.8474,0.8150000000000001,0.9369,2.7100370370370364,盈利保护退出,持仓第44根K，最低价0.9142触及当时已生效保护价0.9369；按追踪止损在0.9369退出，扣费后净+2.71R。,距V9 15根，较父V9独立模拟入场价+3.37%；初始风险3.82%（2.00个信号ATR），往返成本0.052R。 入场信号收盘在六均线上方，IMACD向上且增强，相对成交量3.57倍。 原账本最大浮盈11.47R；5分钟审计得到实际止损前浮盈范围11.47–11.47R（若上下界不同，触及止损的5分钟内先后未知）。 已收盘触及2R并激活追踪；退出时保护在入场价+2.76R，激活不保证保本。 退出下一根起48根内，最高回到原入场+6.30R，最低到-0.03R。,已比V9入场更贵，需评估确认收益能否覆盖追价代价；作为盈利对照保留：任何更早止盈/更严过滤都需计算会损失多少这类赢家,binance_um:JUPUSDT:1h:box_any:4624
T434,ETHUSDT,1h,2025-01-24 00:00:00+00:00,2025-01-27 02:00:00+00:00,,3337.87,3183.85,3193.69,-0.97945552525646,反向确认亏损退出,上一根出现原始反向信号，下一根开盘3193.69退出；这笔不是价格触及止损退出，扣费后净-0.98R。,距V9 0根，较父V9独立模拟入场价+0.00%；初始风险4.61%（3.51个信号ATR），往返成本0.043R。 入场信号收盘在六均线上方，IMACD向上且增强，相对成交量1.27倍。 截至退出前/数据末端，原账本最大浮盈0.60R。 退出前最高收盘0.49R，未收盘达到2R，原追踪未激活。 退出下一根起48根内，最高回到原入场-0.65R，最低到-2.06R。,当前事实不足以提出特定改法；先保留原规则作为对照。,binance_um:ETHUSDT:1h:box_any:4763
T435,XTZUSDT,1h,2025-02-14 13:00:00+00:00,2025-02-15 14:00:00+00:00,,0.903,0.8811,0.8811,-1.082465753424657,到过1R后回吐,持仓第26根K，最低价0.88触及当时已生效保护价0.8811；按初始止损在0.8811退出，扣费后净-1.08R。,距V9 43根，较父V9独立模拟入场价+0.33%；初始风险2.43%（2.00个信号ATR），往返成本0.082R。 入场信号收盘在六均线上方，IMACD向上且增强，相对成交量4.96倍。 原账本最大浮盈1.14R；5分钟审计得到实际止损前浮盈范围1.14–1.14R（若上下界不同，触及止损的5分钟内先后未知）。 退出前最高收盘0.87R，未收盘达到2R，原追踪未激活。 退出下一根起48根内，最高回到原入场+0.91R，最低到-1.46R。,已比V9入场更贵，需评估确认收益能否覆盖追价代价,binance_um:XTZUSDT:1h:box_any:5280
T436,ARBUSDT,1h,2025-02-17 11:00:00+00:00,2025-02-18 05:00:00+00:00,,0.4905,0.47238,0.47238,-1.0541390728476814,到过1R后回吐,持仓第19根K，最低价0.4706触及当时已生效保护价0.47238；按初始止损在0.47238退出，扣费后净-1.05R。,距V9 112根，较父V9独立模拟入场价+1.70%；初始风险3.69%（2.75个信号ATR），往返成本0.054R。 入场信号收盘在六均线上方，IMACD向上且增强，相对成交量2.54倍。 原账本最大浮盈1.32R；5分钟审计得到实际止损前浮盈范围1.32–1.32R（若上下界不同，触及止损的5分钟内先后未知）。 退出前最高收盘1.07R，未收盘达到2R，原追踪未激活。 退出下一根起48根内，最高回到原入场-0.09R，最低到-2.86R。,等待超过48根，需检验突破时原启动结构是否已失效；已比V9入场更贵，需评估确认收益能否覆盖追价代价,binance_um:ARBUSDT:1h:box_any:5350
T437,APTUSDT,1h,2025-03-17 17:00:00+00:00,2025-03-18 18:00:00+00:00,,5.3526,5.2109000000000005,5.2109000000000005,-1.0755483415666924,推进不足后止损,持仓第26根K，最低价5.2043触及当时已生效保护价5.2109；按初始止损在5.2109退出，扣费后净-1.08R。,距V9 5根，较父V9独立模拟入场价-0.31%；初始风险2.65%（2.00个信号ATR），往返成本0.076R。 入场信号收盘在六均线上方，IMACD向上且增强，相对成交量0.97倍。 原账本最大浮盈0.83R；5分钟审计得到实际止损前浮盈范围0.83–0.83R（若上下界不同，触及止损的5分钟内先后未知）。 退出前最高收盘0.60R，未收盘达到2R，原追踪未激活。 退出下一根起48根内，最高回到原入场+2.03R，最低到-0.75R。,退出后48根内曾回到+1R；属事后重启机会，不能证明放宽原止损会赚钱,binance_um:APTUSDT:1h:box_any:6028
T438,FILUSDT,1h,2025-03-17 21:00:00+00:00,2025-03-18 06:00:00+00:00,,3.043,2.9348,2.9348,-1.0562476894639543,推进不足后止损,持仓第10根K，最低价2.913触及当时已生效保护价2.9348；按初始止损在2.9348退出，扣费后净-1.06R。,距V9 2根，较父V9独立模拟入场价+0.83%；初始风险3.56%（3.03个信号ATR），往返成本0.056R。 入场信号收盘在六均线上方，IMACD向上且增强，相对成交量1.65倍。 原账本最大浮盈0.35R；5分钟审计得到实际止损前浮盈范围0.35–0.35R（若上下界不同，触及止损的5分钟内先后未知）。 退出前最高收盘0.13R，未收盘达到2R，原追踪未激活。 退出下一根起48根内，最高回到原入场+0.57R，最低到-2.09R。,已比V9入场更贵，需评估确认收益能否覆盖追价代价,binance_um:FILUSDT:1h:box_any:6032
T439,JUPUSDT,1h,2025-03-19 15:00:00+00:00,2025-03-21 10:00:00+00:00,,0.5352,0.5141,0.5141,-1.050729857819907,推进不足后止损,持仓第44根K，最低价0.5072触及当时已生效保护价0.5141；按初始止损在0.5141退出，扣费后净-1.05R。,距V9 1根，较父V9独立模拟入场价+0.36%；初始风险3.94%（2.92个信号ATR），往返成本0.051R。 入场信号收盘在六均线上方，IMACD向上且增强，相对成交量1.93倍。 原账本最大浮盈0.62R；5分钟审计得到实际止损前浮盈范围0.62–0.62R（若上下界不同，触及止损的5分钟内先后未知）。 退出前最高收盘0.46R，未收盘达到2R，原追踪未激活。 退出下一根起48根内，最高回到原入场+0.59R，最低到-1.49R。,已比V9入场更贵，需评估确认收益能否覆盖追价代价,binance_um:JUPUSDT:1h:box_any:6074
T440,1000PEPEUSDT,1h,2025-03-20 13:00:00+00:00,2025-03-21 10:00:00+00:00,,0.0075906,0.0072587,0.0072587,-1.0457402832178355,推进不足后止损,持仓第22根K，最低价0.0072184触及当时已生效保护价0.0072587；按初始止损在0.0072587退出，扣费后净-1.05R。,距V9 31根，较父V9独立模拟入场价+4.85%；初始风险4.37%（2.00个信号ATR），往返成本0.046R。 入场信号收盘在六均线上方，IMACD向上且增强，相对成交量0.91倍。 原账本最大浮盈0.88R；5分钟审计得到实际止损前浮盈范围0.88–0.88R（若上下界不同，触及止损的5分钟内先后未知）。 退出前最高收盘0.73R，未收盘达到2R，原追踪未激活。 退出下一根起48根内，最高回到原入场-0.57R，最低到-1.76R。,已比V9入场更贵，需评估确认收益能否覆盖追价代价,binance_um:1000PEPEUSDT:1h:box_any:6096
T441,BOMEUSDT,1h,2025-03-22 08:00:00+00:00,2025-03-24 17:00:00+00:00,,0.001436,0.0013419,0.0015676,1.3679914984059516,盈利保护退出,持仓第58根K，最低价0.00156触及当时已生效保护价0.0015676；按追踪止损在0.0015676退出，扣费后净+1.37R。,距V9 0根，较父V9独立模拟入场价+0.00%；初始风险6.55%（4.66个信号ATR），往返成本0.031R。 入场信号收盘在六均线上方，IMACD向上且增强，相对成交量2.19倍。 原账本最大浮盈4.29R；5分钟审计得到实际止损前浮盈范围4.29–4.29R（若上下界不同，触及止损的5分钟内先后未知）。 已收盘触及2R并激活追踪；退出时保护在入场价+1.40R，激活不保证保本。 退出下一根起48根内，最高回到原入场+2.99R，最低到+0.83R。,作为盈利对照保留：任何更早止盈/更严过滤都需计算会损失多少这类赢家,binance_um:BOMEUSDT:1h:box_any:6139
T442,NEARUSDT,1h,2025-03-22 08:00:00+00:00,2025-03-28 04:00:00+00:00,,2.756,2.699,2.926,2.8857543859649244,盈利保护退出,持仓第141根K，最低价2.901触及当时已生效保护价2.926；按追踪止损在2.926退出，扣费后净+2.89R。,距V9 67根，较父V9独立模拟入场价+1.44%；初始风险2.07%（2.02个信号ATR），往返成本0.097R。 入场信号收盘在六均线上方，IMACD向上且增强，相对成交量0.58倍。 原账本最大浮盈5.86R；5分钟审计得到实际止损前浮盈范围5.86–5.86R（若上下界不同，触及止损的5分钟内先后未知）。 已收盘触及2R并激活追踪；退出时保护在入场价+2.98R，激活不保证保本。 退出下一根起48根内，最高回到原入场+2.77R，最低到-4.18R。,等待超过48根，需检验突破时原启动结构是否已失效；已比V9入场更贵，需评估确认收益能否覆盖追价代价；作为盈利对照保留：任何更早止盈/更严过滤都需计算会损失多少这类赢家,binance_um:NEARUSDT:1h:box_any:6139
T443,WIFUSDT,1h,2025-03-23 12:00:00+00:00,2025-03-23 17:00:00+00:00,,0.5333,0.5068,0.5068,-1.040249056603774,推进不足后止损,持仓第6根K，最低价0.5001触及当时已生效保护价0.5068；按初始止损在0.5068退出，扣费后净-1.04R。,距V9 91根，较父V9独立模拟入场价+7.82%；初始风险4.97%（3.29个信号ATR），往返成本0.040R。 入场信号收盘在六均线上方，IMACD向上且增强，相对成交量4.44倍。 原账本最大浮盈0.10R；5分钟审计得到实际止损前浮盈范围0.10–0.10R（若上下界不同，触及止损的5分钟内先后未知）。 退出前最高收盘-0.33R，未收盘达到2R，原追踪未激活。 退出下一根起48根内，最高回到原入场+1.72R，最低到-1.35R。,等待超过48根，需检验突破时原启动结构是否已失效；已比V9入场更贵，需评估确认收益能否覆盖追价代价；退出后48根内曾回到+1R；属事后重启机会，不能证明放宽原止损会赚钱,binance_um:WIFUSDT:1h:box_any:6167
T444,NEARUSDT,1h,2025-04-19 03:00:00+00:00,2025-04-21 23:00:00+00:00,,2.085,2.032,2.211,2.298679245283018,盈利保护退出,持仓第69根K，最低价2.198触及当时已生效保护价2.211；按追踪止损在2.211退出，扣费后净+2.30R。,距V9 0根，较父V9独立模拟入场价+0.00%；初始风险2.54%（2.73个信号ATR），往返成本0.079R。 入场信号收盘在六均线上方，IMACD向上且增强，相对成交量1.14倍。 原账本最大浮盈4.72R；5分钟审计得到实际止损前浮盈范围4.72–4.72R（若上下界不同，触及止损的5分钟内先后未知）。 已收盘触及2R并激活追踪；退出时保护在入场价+2.38R，激活不保证保本。 退出下一根起48根内，最高回到原入场+8.75R，最低到+1.17R。,作为盈利对照保留：任何更早止盈/更严过滤都需计算会损失多少这类赢家,binance_um:NEARUSDT:1h:box_any:6806
T445,JUPUSDT,1h,2025-04-19 04:00:00+00:00,2025-04-24 04:00:00+00:00,,0.3837,0.3699,0.4292,3.241492753623197,盈利保护退出,持仓第121根K，最低价0.4283触及当时已生效保护价0.4292；按追踪止损在0.4292退出，扣费后净+3.24R。,距V9 0根，较父V9独立模拟入场价+0.00%；初始风险3.60%（3.15个信号ATR），往返成本0.056R。 入场信号收盘在六均线上方，IMACD向上且增强，相对成交量1.93倍。 原账本最大浮盈7.09R；5分钟审计得到实际止损前浮盈范围7.09–7.09R（若上下界不同，触及止损的5分钟内先后未知）。 已收盘触及2R并激活追踪；退出时保护在入场价+3.30R，激活不保证保本。 退出下一根起48根内，最高回到原入场+9.12R，最低到+2.93R。,作为盈利对照保留：任何更早止盈/更严过滤都需计算会损失多少这类赢家,binance_um:JUPUSDT:1h:box_any:6807
T446,BTCUSDT,1h,2025-04-19 09:00:00+00:00,2025-04-19 16:00:00+00:00,,85270.2,84757.90000000001,84757.90000000001,-1.332891665040026,推进不足后止损,持仓第8根K，最低价84613.5触及当时已生效保护价84757.9；按初始止损在84757.9退出，扣费后净-1.33R。,距V9 1根，较父V9独立模拟入场价+0.11%；初始风险0.60%（2.00个信号ATR），往返成本0.333R。 入场信号收盘在六均线上方，IMACD向上且增强，相对成交量1.98倍。 原账本最大浮盈0.64R；5分钟审计得到实际止损前浮盈范围0.64–0.64R（若上下界不同，触及止损的5分钟内先后未知）。 退出前最高收盘0.32R，未收盘达到2R，原追踪未激活。 退出下一根起48根内，最高回到原入场+6.14R，最低到-2.67R。,已比V9入场更贵，需评估确认收益能否覆盖追价代价；退出后48根内曾回到+1R；属事后重启机会，不能证明放宽原止损会赚钱,binance_um:BTCUSDT:1h:box_any:6812
T447,ZENUSDT,1h,2025-04-19 16:00:00+00:00,2025-04-20 10:00:00+00:00,,8.707,8.551,8.551,-1.111628205128202,盘中到2R但收盘未激活,持仓第19根K，最低价8.542触及当时已生效保护价8.551；按初始止损在8.551退出，扣费后净-1.11R。,距V9 36根，较父V9独立模拟入场价+2.57%；初始风险1.79%（2.00个信号ATR），往返成本0.112R。 入场信号收盘在六均线上方，IMACD未同时满足向上和增强，相对成交量1.13倍。 原账本最大浮盈4.44R；5分钟审计得到实际止损前浮盈范围4.44–4.44R（若上下界不同，触及止损的5分钟内先后未知）。 退出前最高收盘1.28R，未收盘达到2R，原追踪未激活。 退出下一根起48根内，最高回到原入场+2.57R，最低到-1.87R。,已比V9入场更贵，需评估确认收益能否覆盖追价代价；突破当时支撑或动能不完整，但此前单加六均线门未改善全池，不能直接套门；盘中高点与收盘触发存在差异；此前全池最高价激活试验未通过，不能凭此单直接修改；退出后48根内曾回到+1R；属事后重启机会，不能证明放宽原止损会赚钱,binance_um:ZENUSDT:1h:box_any:6819
T448,APTUSDT,1h,2025-04-19 17:00:00+00:00,2025-04-21 15:00:00+00:00,,4.8414,4.7592,4.9936,1.7337858880778452,盈利保护退出,持仓第47根K，最低价4.9838触及当时已生效保护价4.9936；按追踪止损在4.9936退出，扣费后净+1.73R。,距V9 8根，较父V9独立模拟入场价+1.28%；初始风险1.70%（2.00个信号ATR），往返成本0.118R。 入场信号收盘在六均线上方，IMACD向上且增强，相对成交量1.30倍。 原账本最大浮盈4.86R；5分钟审计得到实际止损前浮盈范围4.86–4.86R（若上下界不同，触及止损的5分钟内先后未知）。 已收盘触及2R并激活追踪；退出时保护在入场价+1.85R，激活不保证保本。 退出下一根起48根内，最高回到原入场+6.75R，最低到-0.99R。,已比V9入场更贵，需评估确认收益能否覆盖追价代价；作为盈利对照保留：任何更早止盈/更严过滤都需计算会损失多少这类赢家,binance_um:APTUSDT:1h:box_any:6820
T449,AAVEUSDT,1h,2025-04-19 19:00:00+00:00,2025-04-20 10:00:00+00:00,,141.23,138.83,138.83,-1.117691666666668,推进不足后止损,持仓第16根K，最低价137.24触及当时已生效保护价138.83；按初始止损在138.83退出，扣费后净-1.12R。,距V9 1根，较父V9独立模拟入场价-0.17%；初始风险1.70%（1.99个信号ATR），往返成本0.118R。 入场信号收盘在六均线上方，IMACD向上且增强，相对成交量1.61倍。 原账本最大浮盈0.94R；5分钟审计得到实际止损前浮盈范围0.94–0.94R（若上下界不同，触及止损的5分钟内先后未知）。 退出前最高收盘0.68R，未收盘达到2R，原追踪未激活。 退出下一根起48根内，最高回到原入场+3.00R，最低到-1.89R。,退出后48根内曾回到+1R；属事后重启机会，不能证明放宽原止损会赚钱,binance_um:AAVEUSDT:1h:box_any:6822
T450,OPUSDT,1h,2025-04-19 21:00:00+00:00,2025-04-22 06:00:00+00:00,,0.7058,0.6793800000000001,0.6793800000000001,-1.0534292202876625,到过1R后回吐,持仓第58根K，最低价0.6759触及当时已生效保护价0.67938；按初始止损在0.67938退出，扣费后净-1.05R。,距V9 32根，较父V9独立模拟入场价+6.75%；初始风险3.74%（4.02个信号ATR），往返成本0.053R。 入场信号收盘在六均线上方，IMACD向上且增强，相对成交量1.10倍。 原账本最大浮盈1.14R；5分钟审计得到实际止损前浮盈范围1.14–1.14R（若上下界不同，触及止损的5分钟内先后未知）。 退出前最高收盘1.07R，未收盘达到2R，原追踪未激活。 退出下一根起48根内，最高回到原入场+2.71R，最低到-0.93R。,已比V9入场更贵，需评估确认收益能否覆盖追价代价；退出后48根内曾回到+1R；属事后重启机会，不能证明放宽原止损会赚钱,binance_um:OPUSDT:1h:box_any:6824
T451,1000PEPEUSDT,1h,2025-04-20 01:00:00+00:00,2025-04-20 10:00:00+00:00,,0.0074755,0.0073209,0.0073209,-1.096707632600256,推进不足后止损,持仓第10根K，最低价0.0072694触及当时已生效保护价0.0073209；按初始止损在0.0073209退出，扣费后净-1.10R。,距V9 2根，较父V9独立模拟入场价-1.08%；初始风险2.07%（2.00个信号ATR），往返成本0.097R。 入场信号收盘在六均线上方，IMACD向上且增强，相对成交量1.19倍。 原账本最大浮盈0.63R；5分钟审计得到实际止损前浮盈范围0.63–0.63R（若上下界不同，触及止损的5分钟内先后未知）。 退出前最高收盘0.46R，未收盘达到2R，原追踪未激活。 退出下一根起48根内，最高回到原入场+4.75R，最低到-1.39R。,退出后48根内曾回到+1R；属事后重启机会，不能证明放宽原止损会赚钱,binance_um:1000PEPEUSDT:1h:box_any:6828
T452,ARUSDT,1h,2025-04-21 17:00:00+00:00,2025-04-22 00:00:00+00:00,,5.7,5.5280000000000005,5.5280000000000005,-1.0662790697674425,推进不足后止损,持仓第8根K，最低价5.471触及当时已生效保护价5.528；按初始止损在5.528退出，扣费后净-1.07R。,距V9 61根，较父V9独立模拟入场价+4.49%；初始风险3.02%（2.01个信号ATR），往返成本0.066R。 入场信号收盘在六均线上方，IMACD向上且增强，相对成交量2.10倍。 原账本最大浮盈0.24R；5分钟审计得到实际止损前浮盈范围0.24–0.24R（若上下界不同，触及止损的5分钟内先后未知）。 退出前最高收盘0.14R，未收盘达到2R，原追踪未激活。 退出下一根起48根内，最高回到原入场+5.30R，最低到-1.93R。,等待超过48根，需检验突破时原启动结构是否已失效；已比V9入场更贵，需评估确认收益能否覆盖追价代价；退出后48根内曾回到+1R；属事后重启机会，不能证明放宽原止损会赚钱,binance_um:ARUSDT:1h:box_any:6868
T453,AEROUSDT,1h,2025-04-22 19:00:00+00:00,2025-04-27 12:00:00+00:00,,0.4329,0.412,0.6089,8.379626794258382,盈利保护退出,持仓第114根K，最低价0.6067触及当时已生效保护价0.6089；按追踪止损在0.6089退出，扣费后净+8.38R。,距V9 3根，较父V9独立模拟入场价+1.41%；初始风险4.83%（2.85个信号ATR），往返成本0.041R。 入场信号收盘在六均线上方，IMACD向上且增强，相对成交量0.98倍。 原账本最大浮盈11.11R；5分钟审计得到实际止损前浮盈范围11.11–11.11R（若上下界不同，触及止损的5分钟内先后未知）。 已收盘触及2R并激活追踪；退出时保护在入场价+8.42R，激活不保证保本。 退出下一根起48根内，最高回到原入场+9.54R，最低到+6.94R。,已比V9入场更贵，需评估确认收益能否覆盖追价代价；作为盈利对照保留：任何更早止盈/更严过滤都需计算会损失多少这类赢家,binance_um:AEROUSDT:1h:box_any:3340
T454,MUBARAKUSDT,1h,2025-04-23 05:00:00+00:00,2025-04-29 11:00:00+00:00,,0.03533,0.03092,0.03194,-0.7847301587301589,反向确认亏损退出,上一根出现原始反向信号，下一根开盘0.03194退出；这笔不是价格触及止损退出，扣费后净-0.78R。,距V9 27根，较父V9独立模拟入场价+13.42%；初始风险12.48%（3.25个信号ATR），往返成本0.016R。 入场信号收盘在六均线上方，IMACD向上且增强，相对成交量1.59倍。 截至退出前/数据末端，原账本最大浮盈1.75R。 退出前最高收盘0.85R，未收盘达到2R，原追踪未激活。 退出下一根起48根内，最高回到原入场+0.08R，最低到-0.97R。,已比V9入场更贵，需评估确认收益能否覆盖追价代价,binance_um:MUBARAKUSDT:1h:box_any:879
T455,XTZUSDT,1h,2025-04-24 18:00:00+00:00,2025-04-27 07:00:00+00:00,,0.545,0.5286000000000001,0.5515,0.3298780487804837,盈利保护退出,持仓第62根K，最低价0.551触及当时已生效保护价0.5515；按追踪止损在0.5515退出，扣费后净+0.33R。,距V9 50根，较父V9独立模拟入场价+5.21%；初始风险3.01%（2.13个信号ATR），往返成本0.066R。 入场信号收盘在六均线上方，IMACD向上且增强，相对成交量1.65倍。 原账本最大浮盈2.44R；5分钟审计得到实际止损前浮盈范围2.44–2.44R（若上下界不同，触及止损的5分钟内先后未知）。 已收盘触及2R并激活追踪；退出时保护在入场价+0.40R，激活不保证保本。 退出下一根起48根内，最高回到原入场+1.40R，最低到-0.73R。,等待超过48根，需检验突破时原启动结构是否已失效；已比V9入场更贵，需评估确认收益能否覆盖追价代价；作为盈利对照保留：任何更早止盈/更严过滤都需计算会损失多少这类赢家,binance_um:XTZUSDT:1h:box_any:6941
T456,ZECUSDT,1h,2025-04-28 06:00:00+00:00,2025-04-29 21:00:00+00:00,,37.36,31.98,34.11,-0.6179776951672866,反向确认亏损退出,上一根出现原始反向信号，下一根开盘34.11退出；这笔不是价格触及止损退出，扣费后净-0.62R。,距V9 127根，较父V9独立模拟入场价+14.57%；初始风险14.40%（7.91个信号ATR），往返成本0.014R。 入场信号收盘在六均线上方，IMACD向上且增强，相对成交量51.88倍。 截至退出前/数据末端，原账本最大浮盈0.50R。 退出前最高收盘0.27R，未收盘达到2R，原追踪未激活。 退出下一根起48根内，最高回到原入场-0.02R，最低到-0.61R。,等待超过48根，需检验突破时原启动结构是否已失效；已比V9入场更贵，需评估确认收益能否覆盖追价代价,binance_um:ZECUSDT:1h:box_any:7025
T457,ARUSDT,1h,2025-05-01 18:00:00+00:00,2025-05-03 07:00:00+00:00,,7.264,6.851,7.503,0.5435157384987878,盈利保护退出,持仓第38根K，最低价7.464触及当时已生效保护价7.503；按追踪止损在7.503退出，扣费后净+0.54R。,距V9 0根，较父V9独立模拟入场价+0.00%；初始风险5.69%（3.19个信号ATR），往返成本0.035R。 入场信号收盘在六均线上方，IMACD向上且增强，相对成交量1.57倍。 原账本最大浮盈2.17R；5分钟审计得到实际止损前浮盈范围2.17–2.17R（若上下界不同，触及止损的5分钟内先后未知）。 已收盘触及2R并激活追踪；退出时保护在入场价+0.58R，激活不保证保本。 退出下一根起48根内，最高回到原入场+0.86R，最低到-0.51R。,作为盈利对照保留：任何更早止盈/更严过滤都需计算会损失多少这类赢家,binance_um:ARUSDT:1h:box_any:7109
T458,ARBUSDT,1h,2025-05-29 02:00:00+00:00,2025-05-30 00:00:00+00:00,,0.4283,0.39232,0.39232,-1.023807670928293,推进不足后止损,持仓第23根K，最低价0.3643触及当时已生效保护价0.39232；按初始止损在0.39232退出，扣费后净-1.02R。,距V9 0根，较父V9独立模拟入场价+0.00%；初始风险8.40%（4.56个信号ATR），往返成本0.024R。 入场信号收盘在六均线上方，IMACD向上且增强，相对成交量4.39倍。 原账本最大浮盈0.37R；5分钟审计得到实际止损前浮盈范围0.37–0.37R（若上下界不同，触及止损的5分钟内先后未知）。 退出前最高收盘0.31R，未收盘达到2R，原追踪未激活。 退出下一根起48根内，最高回到原入场-1.25R，最低到-3.03R。,当前事实不足以提出特定改法；先保留原规则作为对照。,binance_um:ARBUSDT:1h:box_any:7765
T459,OPUSDT,1h,2025-05-29 02:00:00+00:00,2025-05-29 14:00:00+00:00,,0.798,0.7452000000000001,0.7452000000000001,-1.030227272727273,推进不足后止损,持仓第13根K，最低价0.7446触及当时已生效保护价0.7452；按初始止损在0.7452退出，扣费后净-1.03R。,距V9 0根，较父V9独立模拟入场价+0.00%；初始风险6.62%（3.41个信号ATR），往返成本0.030R。 入场信号收盘在六均线上方，IMACD向上且增强，相对成交量2.10倍。 原账本最大浮盈0.46R；5分钟审计得到实际止损前浮盈范围0.46–0.46R（若上下界不同，触及止损的5分钟内先后未知）。 退出前最高收盘0.38R，未收盘达到2R，原追踪未激活。 退出下一根起48根内，最高回到原入场-0.64R，最低到-3.84R。,当前事实不足以提出特定改法；先保留原规则作为对照。,binance_um:OPUSDT:1h:box_any:7765
T460,ENAUSDT,1h,2025-06-09 17:00:00+00:00,2025-06-11 22:00:00+00:00,,0.3314,0.32039,0.34175,0.8798546775658586,盈利保护退出,持仓第54根K，最低价0.3411触及当时已生效保护价0.34175；按追踪止损在0.34175退出，扣费后净+0.88R。,距V9 7根，较父V9独立模拟入场价+1.38%；初始风险3.32%（2.02个信号ATR），往返成本0.060R。 入场信号收盘在六均线上方，IMACD向上且增强，相对成交量1.83倍。 原账本最大浮盈4.24R；5分钟审计得到实际止损前浮盈范围4.24–4.24R（若上下界不同，触及止损的5分钟内先后未知）。 已收盘触及2R并激活追踪；退出时保护在入场价+0.94R，激活不保证保本。 退出下一根起48根内，最高回到原入场+1.77R，最低到-4.84R。,已比V9入场更贵，需评估确认收益能否覆盖追价代价；作为盈利对照保留：任何更早止盈/更严过滤都需计算会损失多少这类赢家,binance_um:ENAUSDT:1h:box_any:8044
T461,ZENUSDT,1h,2025-07-03 07:00:00+00:00,2025-07-03 15:00:00+00:00,,7.387,7.218,7.218,-1.0874201183431933,推进不足后止损,持仓第9根K，最低价7.106触及当时已生效保护价7.218；按初始止损在7.218退出，扣费后净-1.09R。,距V9 13根，较父V9独立模拟入场价+1.22%；初始风险2.29%（2.10个信号ATR），往返成本0.087R。 入场信号收盘在六均线上方，IMACD向上且增强，相对成交量0.54倍。 原账本最大浮盈0.30R；5分钟审计得到实际止损前浮盈范围0.30–0.30R（若上下界不同，触及止损的5分钟内先后未知）。 退出前最高收盘0.16R，未收盘达到2R，原追踪未激活。 退出下一根起48根内，最高回到原入场+0.48R，最低到-2.72R。,已比V9入场更贵，需评估确认收益能否覆盖追价代价,binance_um:ZENUSDT:1h:box_any:8610
T462,ZECUSDT,1h,2025-07-08 21:00:00+00:00,2025-07-09 03:00:00+00:00,,42.3,40.61,40.61,-1.0500591715976346,盘中到2R但收盘未激活,持仓第7根K，最低价39.96触及当时已生效保护价40.61；按初始止损在40.61退出，扣费后净-1.05R。,距V9 8根，较父V9独立模拟入场价+5.41%；初始风险4.00%（2.74个信号ATR），往返成本0.050R。 入场信号收盘在六均线上方，IMACD向上且增强，相对成交量4.71倍。 原账本最大浮盈2.78R；5分钟审计得到实际止损前浮盈范围2.78–2.78R（若上下界不同，触及止损的5分钟内先后未知）。 退出前最高收盘1.28R，未收盘达到2R，原追踪未激活。 退出下一根起48根内，最高回到原入场+0.37R，最低到-2.90R。,已比V9入场更贵，需评估确认收益能否覆盖追价代价；盘中高点与收盘触发存在差异；此前全池最高价激活试验未通过，不能凭此单直接修改,binance_um:ZECUSDT:1h:box_any:8744
T463,ZENUSDT,1h,2025-07-09 13:00:00+00:00,2025-07-12 00:00:00+00:00,,7.642,7.476,8.0,2.0645542168674624,盈利保护退出,持仓第60根K，最低价7.963触及当时已生效保护价8；按追踪止损在8退出，扣费后净+2.06R。,距V9 14根，较父V9独立模拟入场价+0.78%；初始风险2.17%（2.01个信号ATR），往返成本0.092R。 入场信号收盘在六均线上方，IMACD向上且增强，相对成交量1.90倍。 原账本最大浮盈5.72R；5分钟审计得到实际止损前浮盈范围5.72–5.72R（若上下界不同，触及止损的5分钟内先后未知）。 已收盘触及2R并激活追踪；退出时保护在入场价+2.16R，激活不保证保本。 退出下一根起48根内，最高回到原入场+4.54R，最低到+0.23R。,已比V9入场更贵，需评估确认收益能否覆盖追价代价；作为盈利对照保留：任何更早止盈/更严过滤都需计算会损失多少这类赢家,binance_um:ZENUSDT:1h:box_any:8760
T464,PENDLEUSDT,1h,2025-07-09 14:00:00+00:00,2025-07-11 22:00:00+00:00,,3.5764,3.4165,3.9089,2.034691682301441,盈利保护退出,持仓第57根K，最低价3.8745触及当时已生效保护价3.9089；按追踪止损在3.9089退出，扣费后净+2.03R。,距V9 16根，较父V9独立模拟入场价+3.42%；初始风险4.47%（3.79个信号ATR），往返成本0.045R。 入场信号收盘在六均线上方，IMACD向上且增强，相对成交量2.95倍。 原账本最大浮盈3.91R；5分钟审计得到实际止损前浮盈范围3.91–3.91R（若上下界不同，触及止损的5分钟内先后未知）。 已收盘触及2R并激活追踪；退出时保护在入场价+2.08R，激活不保证保本。 退出下一根起48根内，最高回到原入场+2.71R，最低到+0.86R。,已比V9入场更贵，需评估确认收益能否覆盖追价代价；作为盈利对照保留：任何更早止盈/更严过滤都需计算会损失多少这类赢家,binance_um:PENDLEUSDT:1h:box_any:8761
T465,WIFUSDT,1h,2025-07-09 18:00:00+00:00,2025-07-11 21:00:00+00:00,,0.8696,0.8428,0.9766,3.9276417910447705,盈利保护退出,持仓第52根K，最低价0.9609触及当时已生效保护价0.9766；按追踪止损在0.9766退出，扣费后净+3.93R。,距V9 23根，较父V9独立模拟入场价+0.06%；初始风险3.08%（2.01个信号ATR），往返成本0.065R。 入场信号收盘在六均线上方，IMACD未同时满足向上和增强，相对成交量2.08倍。 原账本最大浮盈7.60R；5分钟审计得到实际止损前浮盈范围7.60–7.60R（若上下界不同，触及止损的5分钟内先后未知）。 已收盘触及2R并激活追踪；退出时保护在入场价+3.99R，激活不保证保本。 退出下一根起48根内，最高回到原入场+6.23R，最低到+1.44R。,已比V9入场更贵，需评估确认收益能否覆盖追价代价；突破当时支撑或动能不完整，但此前单加六均线门未改善全池，不能直接套门；作为盈利对照保留：任何更早止盈/更严过滤都需计算会损失多少这类赢家,binance_um:WIFUSDT:1h:box_any:8765
T466,FILUSDT,1h,2025-08-08 19:00:00+00:00,2025-08-11 21:00:00+00:00,,2.542,2.46,2.46,-1.062000000000001,到过1R后回吐,持仓第75根K，最低价2.458触及当时已生效保护价2.46；按初始止损在2.46退出，扣费后净-1.06R。,距V9 32根，较父V9独立模拟入场价+4.39%；初始风险3.23%（2.75个信号ATR），往返成本0.062R。 入场信号收盘在六均线上方，IMACD向上且增强，相对成交量1.26倍。 原账本最大浮盈1.71R；5分钟审计得到实际止损前浮盈范围1.71–1.71R（若上下界不同，触及止损的5分钟内先后未知）。 退出前最高收盘1.61R，未收盘达到2R，原追踪未激活。 退出下一根起48根内，最高回到原入场+2.34R，最低到-1.21R。,已比V9入场更贵，需评估确认收益能否覆盖追价代价；退出后48根内曾回到+1R；属事后重启机会，不能证明放宽原止损会赚钱,binance_um:FILUSDT:1h:box_any:9486
T467,JUPUSDT,1h,2025-08-10 03:00:00+00:00,2025-08-10 07:00:00+00:00,,0.5363,0.5184,0.5184,-1.0599217877094986,推进不足后止损,持仓第5根K，最低价0.513触及当时已生效保护价0.5184；按初始止损在0.5184退出，扣费后净-1.06R。,距V9 20根，较父V9独立模拟入场价+4.93%；初始风险3.34%（2.08个信号ATR），往返成本0.060R。 入场信号收盘在六均线上方，IMACD向上且增强，相对成交量2.79倍。 原账本最大浮盈0.68R；5分钟审计得到实际止损前浮盈范围0.68–0.68R（若上下界不同，触及止损的5分钟内先后未知）。 退出前最高收盘0.36R，未收盘达到2R，原追踪未激活。 退出下一根起48根内，最高回到原入场+0.40R，最低到-2.74R。,已比V9入场更贵，需评估确认收益能否覆盖追价代价,binance_um:JUPUSDT:1h:box_any:9518
T468,1000PEPEUSDT,1h,2025-08-22 16:00:00+00:00,2025-08-25 20:00:00+00:00,,0.0108841,0.0097699,0.0097699,-1.019537066953868,推进不足后止损,持仓第77根K，最低价0.009565触及当时已生效保护价0.0097699；按初始止损在0.0097699退出，扣费后净-1.02R。,距V9 0根，较父V9独立模拟入场价+0.00%；初始风险10.24%（5.78个信号ATR），往返成本0.020R。 入场信号收盘在六均线上方，IMACD向上且增强，相对成交量4.38倍。 原账本最大浮盈0.76R；5分钟审计得到实际止损前浮盈范围0.76–0.76R（若上下界不同，触及止损的5分钟内先后未知）。 退出前最高收盘0.63R，未收盘达到2R，原追踪未激活。 退出下一根起48根内，最高回到原入场-0.52R，最低到-1.18R。,当前事实不足以提出特定改法；先保留原规则作为对照。,binance_um:1000PEPEUSDT:1h:box_any:9819
T469,ENAUSDT,1h,2025-09-03 11:00:00+00:00,2025-09-04 15:00:00+00:00,,0.7185,0.68398,0.68398,-1.0416280417149475,推进不足后止损,持仓第29根K，最低价0.6748触及当时已生效保护价0.68398；按初始止损在0.68398退出，扣费后净-1.04R。,距V9 31根，较父V9独立模拟入场价+5.77%；初始风险4.80%（2.85个信号ATR），往返成本0.042R。 入场信号收盘在六均线上方，IMACD向上且增强，相对成交量2.82倍。 原账本最大浮盈0.58R；5分钟审计得到实际止损前浮盈范围0.58–0.58R（若上下界不同，触及止损的5分钟内先后未知）。 退出前最高收盘0.50R，未收盘达到2R，原追踪未激活。 退出下一根起48根内，最高回到原入场+1.35R，最低到-2.27R。,已比V9入场更贵，需评估确认收益能否覆盖追价代价；退出后48根内曾回到+1R；属事后重启机会，不能证明放宽原止损会赚钱,binance_um:ENAUSDT:1h:box_any:10102
T470,APTUSDT,1h,2025-09-03 15:00:00+00:00,2025-09-04 05:00:00+00:00,,4.3716,4.2903,4.2903,-1.1075424354243528,推进不足后止损,持仓第15根K，最低价4.277触及当时已生效保护价4.2903；按初始止损在4.2903退出，扣费后净-1.11R。,距V9 0根，较父V9独立模拟入场价+0.00%；初始风险1.86%（2.21个信号ATR），往返成本0.108R。 入场信号收盘在六均线上方，IMACD向上且增强，相对成交量2.30倍。 原账本最大浮盈0.52R；5分钟审计得到实际止损前浮盈范围0.52–0.52R（若上下界不同，触及止损的5分钟内先后未知）。 退出前最高收盘0.32R，未收盘达到2R，原追踪未激活。 退出下一根起48根内，最高回到原入场-0.16R，最低到-2.13R。,当前事实不足以提出特定改法；先保留原规则作为对照。,binance_um:APTUSDT:1h:box_any:10106
T471,ARBUSDT,1h,2025-09-03 15:00:00+00:00,2025-09-04 05:00:00+00:00,,0.5164,0.49599,0.49599,-1.0506026457618824,推进不足后止损,持仓第15根K，最低价0.4944触及当时已生效保护价0.49599；按初始止损在0.49599退出，扣费后净-1.05R。,距V9 0根，较父V9独立模拟入场价+0.00%；初始风险3.95%（2.91个信号ATR），往返成本0.051R。 入场信号收盘在六均线上方，IMACD向上且增强，相对成交量2.96倍。 原账本最大浮盈0.14R；5分钟审计得到实际止损前浮盈范围0.14–0.14R（若上下界不同，触及止损的5分钟内先后未知）。 退出前最高收盘-0.06R，未收盘达到2R，原追踪未激活。 退出下一根起48根内，最高回到原入场-0.23R，最低到-1.89R。,当前事实不足以提出特定改法；先保留原规则作为对照。,binance_um:ARBUSDT:1h:box_any:10106
T472,UNIUSDT,1h,2025-09-03 21:00:00+00:00,2025-09-04 03:00:00+00:00,,9.718,9.538,9.538,-1.107977777777778,推进不足后止损,持仓第7根K，最低价9.521触及当时已生效保护价9.538；按初始止损在9.538退出，扣费后净-1.11R。,距V9 0根，较父V9独立模拟入场价+0.00%；初始风险1.85%（2.01个信号ATR），往返成本0.108R。 入场信号收盘在六均线上方，IMACD向上且增强，相对成交量0.45倍。 原账本最大浮盈0.24R；5分钟审计得到实际止损前浮盈范围0.24–0.24R（若上下界不同，触及止损的5分钟内先后未知）。 退出前最高收盘-0.01R，未收盘达到2R，原追踪未激活。 退出下一根起48根内，最高回到原入场+0.01R，最低到-3.13R。,当前事实不足以提出特定改法；先保留原规则作为对照。,binance_um:UNIUSDT:1h:box_any:10112
T473,ZECUSDT,1h,2025-09-07 01:00:00+00:00,2025-09-09 16:00:00+00:00,,46.22,43.49,48.36,0.7500219780219772,盈利保护退出,持仓第64根K，最低价48.26触及当时已生效保护价48.36；按追踪止损在48.36退出，扣费后净+0.75R。,距V9 6根，较父V9独立模拟入场价+7.02%；初始风险5.91%（3.26个信号ATR），往返成本0.034R。 入场信号收盘在六均线上方，IMACD向上且增强，相对成交量12.01倍。 原账本最大浮盈2.12R；5分钟审计得到实际止损前浮盈范围2.12–2.12R（若上下界不同，触及止损的5分钟内先后未知）。 已收盘触及2R并激活追踪；退出时保护在入场价+0.78R，激活不保证保本。 退出下一根起48根内，最高回到原入场+1.08R，最低到+0.12R。,已比V9入场更贵，需评估确认收益能否覆盖追价代价；作为盈利对照保留：任何更早止盈/更严过滤都需计算会损失多少这类赢家,binance_um:ZECUSDT:1h:box_any:10188
T474,1000PEPEUSDT,1h,2025-09-08 04:00:00+00:00,2025-09-09 15:00:00+00:00,,0.0099928,0.0097989,0.0102545,1.2465930892212516,盈利保护退出,持仓第36根K，最低价0.0101408触及当时已生效保护价0.0102545；按追踪止损在0.0102545退出，扣费后净+1.25R。,距V9 0根，较父V9独立模拟入场价+0.00%；初始风险1.94%（2.38个信号ATR），往返成本0.103R。 入场信号收盘在六均线上方，IMACD向上且增强，相对成交量3.01倍。 原账本最大浮盈4.35R；5分钟审计得到实际止损前浮盈范围4.35–4.35R（若上下界不同，触及止损的5分钟内先后未知）。 已收盘触及2R并激活追踪；退出时保护在入场价+1.35R，激活不保证保本。 退出下一根起48根内，最高回到原入场+3.69R，最低到+0.89R。,作为盈利对照保留：任何更早止盈/更严过滤都需计算会损失多少这类赢家,binance_um:1000PEPEUSDT:1h:box_any:10215
T475,BOMEUSDT,1h,2025-09-08 04:00:00+00:00,2025-09-14 11:00:00+00:00,,0.001965,0.001921,0.0021784,4.760681818181795,盈利保护退出,持仓第152根K，最低价0.00215触及当时已生效保护价0.0021784；按追踪止损在0.0021784退出，扣费后净+4.76R。,距V9 0根，较父V9独立模拟入场价+0.00%；初始风险2.24%（2.24个信号ATR），往返成本0.089R。 入场信号收盘在六均线上方，IMACD向上且增强，相对成交量2.30倍。 原账本最大浮盈8.52R；5分钟审计得到实际止损前浮盈范围8.52–8.52R（若上下界不同，触及止损的5分钟内先后未知）。 已收盘触及2R并激活追踪；退出时保护在入场价+4.85R，激活不保证保本。 退出下一根起48根内，最高回到原入场+4.75R，最低到-0.80R。,作为盈利对照保留：任何更早止盈/更严过滤都需计算会损失多少这类赢家,binance_um:BOMEUSDT:1h:box_any:10215
T476,UNIUSDT,1h,2025-09-08 11:00:00+00:00,2025-09-13 17:00:00+00:00,,9.64,9.365,9.96,1.0935272727272751,盈利保护退出,持仓第127根K，最低价9.926触及当时已生效保护价9.96；按追踪止损在9.96退出，扣费后净+1.09R。,距V9 0根，较父V9独立模拟入场价+0.00%；初始风险2.85%（3.63个信号ATR），往返成本0.070R。 入场信号收盘在六均线上方，IMACD向上且增强，相对成交量2.27倍。 原账本最大浮盈2.55R；5分钟审计得到实际止损前浮盈范围2.55–2.55R（若上下界不同，触及止损的5分钟内先后未知）。 已收盘触及2R并激活追踪；退出时保护在入场价+1.16R，激活不保证保本。 退出下一根起48根内，最高回到原入场+1.80R，最低到-2.37R。,作为盈利对照保留：任何更早止盈/更严过滤都需计算会损失多少这类赢家,binance_um:UNIUSDT:1h:box_any:10222
T477,OPUSDT,1h,2025-09-08 16:00:00+00:00,2025-09-14 04:00:00+00:00,,0.7505,0.7290800000000001,0.7988000000000001,2.184827264239045,盈利保护退出,持仓第133根K，最低价0.797触及当时已生效保护价0.7988；按追踪止损在0.7988退出，扣费后净+2.18R。,距V9 12根，较父V9独立模拟入场价+2.43%；初始风险2.85%（2.65个信号ATR），往返成本0.070R。 入场信号收盘在六均线上方，IMACD向上且增强，相对成交量2.51倍。 原账本最大浮盈4.00R；5分钟审计得到实际止损前浮盈范围4.00–4.00R（若上下界不同，触及止损的5分钟内先后未知）。 已收盘触及2R并激活追踪；退出时保护在入场价+2.25R，激活不保证保本。 退出下一根起48根内，最高回到原入场+3.04R，最低到-0.92R。,已比V9入场更贵，需评估确认收益能否覆盖追价代价；作为盈利对照保留：任何更早止盈/更严过滤都需计算会损失多少这类赢家,binance_um:OPUSDT:1h:box_any:10227
T478,APTUSDT,1h,2025-09-09 01:00:00+00:00,2025-09-09 15:00:00+00:00,,4.4203,4.3544,4.3544,-1.1341517450682883,到过1R后回吐,持仓第15根K，最低价4.3533触及当时已生效保护价4.3544；按初始止损在4.3544退出，扣费后净-1.13R。,距V9 10根，较父V9独立模拟入场价+0.27%；初始风险1.49%（2.01个信号ATR），往返成本0.134R。 入场信号收盘在六均线上方，IMACD向上且增强，相对成交量1.77倍。 原账本最大浮盈1.73R；5分钟审计得到实际止损前浮盈范围1.73–1.73R（若上下界不同，触及止损的5分钟内先后未知）。 退出前最高收盘1.47R，未收盘达到2R，原追踪未激活。 退出下一根起48根内，最高回到原入场+1.95R，最低到-1.06R。,已比V9入场更贵，需评估确认收益能否覆盖追价代价；退出后48根内曾回到+1R；属事后重启机会，不能证明放宽原止损会赚钱,binance_um:APTUSDT:1h:box_any:10236
T479,BTCUSDT,1h,2025-09-09 08:00:00+00:00,2025-09-09 15:00:00+00:00,,112950.2,111092.0,111092.0,-1.12156947583683,推进不足后止损,持仓第8根K，最低价110715触及当时已生效保护价111092；按初始止损在111092退出，扣费后净-1.12R。,距V9 22根，较父V9独立模拟入场价+0.79%；初始风险1.65%（3.95个信号ATR），往返成本0.122R。 入场信号收盘在六均线上方，IMACD向上且增强，相对成交量2.28倍。 原账本最大浮盈0.10R；5分钟审计得到实际止损前浮盈范围0.10–0.10R（若上下界不同，触及止损的5分钟内先后未知）。 退出前最高收盘0.01R，未收盘达到2R，原追踪未激活。 退出下一根起48根内，最高回到原入场+0.94R，最低到-1.19R。,已比V9入场更贵，需评估确认收益能否覆盖追价代价,binance_um:BTCUSDT:1h:box_any:10243
T480,AEROUSDT,1h,2025-09-11 21:00:00+00:00,2025-09-14 14:00:00+00:00,,1.2194,1.1771,1.1771,-1.0576548463356978,到过1R后回吐,持仓第66根K，最低价1.1727触及当时已生效保护价1.1771；按初始止损在1.1771退出，扣费后净-1.06R。,距V9 8根，较父V9独立模拟入场价+2.51%；初始风险3.47%（2.56个信号ATR），往返成本0.058R。 入场信号收盘在六均线上方，IMACD向上且增强，相对成交量2.13倍。 原账本最大浮盈1.98R；5分钟审计得到实际止损前浮盈范围1.98–1.98R（若上下界不同，触及止损的5分钟内先后未知）。 退出前最高收盘1.83R，未收盘达到2R，原追踪未激活。 退出下一根起48根内，最高回到原入场+3.75R，最低到-1.41R。,已比V9入场更贵，需评估确认收益能否覆盖追价代价；退出后48根内曾回到+1R；属事后重启机会，不能证明放宽原止损会赚钱,binance_um:AEROUSDT:1h:box_any:6750
T481,ARBUSDT,1h,2025-09-12 00:00:00+00:00,2025-09-14 12:00:00+00:00,,0.5298,0.51668,0.51668,-1.0807621951219502,盘中到2R但收盘未激活,持仓第61根K，最低价0.5141触及当时已生效保护价0.51668；按初始止损在0.51668退出，扣费后净-1.08R。,距V9 79根，较父V9独立模拟入场价+3.76%；初始风险2.48%（2.16个信号ATR），往返成本0.081R。 入场信号收盘在六均线上方，IMACD向上且增强，相对成交量1.67倍。 原账本最大浮盈2.12R；5分钟审计得到实际止损前浮盈范围2.12–2.12R（若上下界不同，触及止损的5分钟内先后未知）。 退出前最高收盘1.99R，未收盘达到2R，原追踪未激活。 退出下一根起48根内，最高回到原入场-0.40R，最低到-3.55R。,等待超过48根，需检验突破时原启动结构是否已失效；已比V9入场更贵，需评估确认收益能否覆盖追价代价；盘中高点与收盘触发存在差异；此前全池最高价激活试验未通过，不能凭此单直接修改,binance_um:ARBUSDT:1h:box_any:10307
T482,ONEUSDT,1h,2025-09-12 00:00:00+00:00,2025-09-12 08:00:00+00:00,,0.01096,0.0107424,0.0107424,-1.100735294117649,推进不足后止损,持仓第9根K，最低价0.01066触及当时已生效保护价0.0107424；按初始止损在0.0107424退出，扣费后净-1.10R。,距V9 83根，较父V9独立模拟入场价+7.14%；初始风险1.99%（2.00个信号ATR），往返成本0.101R。 入场信号收盘在六均线上方，IMACD向上且增强，相对成交量1.15倍。 原账本最大浮盈0.74R；5分钟审计得到实际止损前浮盈范围0.74–0.74R（若上下界不同，触及止损的5分钟内先后未知）。 退出前最高收盘0.37R，未收盘达到2R，原追踪未激活。 退出下一根起48根内，最高回到原入场+3.12R，最低到-1.61R。,等待超过48根，需检验突破时原启动结构是否已失效；已比V9入场更贵，需评估确认收益能否覆盖追价代价；退出后48根内曾回到+1R；属事后重启机会，不能证明放宽原止损会赚钱,binance_um:ONEUSDT:1h:box_any:10307
T483,WIFUSDT,1h,2025-09-12 00:00:00+00:00,2025-09-14 12:00:00+00:00,,0.9096,0.8836,0.9324,0.8069538461538476,盈利保护退出,持仓第61根K，最低价0.9286触及当时已生效保护价0.9324；按追踪止损在0.9324退出，扣费后净+0.81R。,距V9 80根，较父V9独立模拟入场价+4.97%；初始风险2.86%（3.00个信号ATR），往返成本0.070R。 入场信号收盘在六均线上方，IMACD向上且增强，相对成交量1.26倍。 原账本最大浮盈3.10R；5分钟审计得到实际止损前浮盈范围3.10–3.10R（若上下界不同，触及止损的5分钟内先后未知）。 已收盘触及2R并激活追踪；退出时保护在入场价+0.88R，激活不保证保本。 退出下一根起48根内，最高回到原入场+1.41R，最低到-1.95R。,等待超过48根，需检验突破时原启动结构是否已失效；已比V9入场更贵，需评估确认收益能否覆盖追价代价；作为盈利对照保留：任何更早止盈/更严过滤都需计算会损失多少这类赢家,binance_um:WIFUSDT:1h:box_any:10307
T484,ARUSDT,1h,2025-09-12 20:00:00+00:00,2025-09-14 13:00:00+00:00,,7.475,7.152,7.152,-1.0462848297213634,到过1R后回吐,持仓第42根K，最低价7.145触及当时已生效保护价7.152；按初始止损在7.152退出，扣费后净-1.05R。,距V9 113根，较父V9独立模拟入场价+11.12%；初始风险4.32%（3.85个信号ATR），往返成本0.046R。 入场信号收盘在六均线上方，IMACD向上且增强，相对成交量0.82倍。 原账本最大浮盈1.03R；5分钟审计得到实际止损前浮盈范围1.03–1.03R（若上下界不同，触及止损的5分钟内先后未知）。 退出前最高收盘0.89R，未收盘达到2R，原追踪未激活。 退出下一根起48根内，最高回到原入场-0.14R，最低到-2.14R。,等待超过48根，需检验突破时原启动结构是否已失效；已比V9入场更贵，需评估确认收益能否覆盖追价代价,binance_um:ARUSDT:1h:box_any:10327
T485,ENAUSDT,1h,2025-10-02 06:00:00+00:00,2025-10-06 04:00:00+00:00,,0.5996,0.57494,0.57494,-1.0486293592862932,盘中到2R但收盘未激活,持仓第95根K，最低价0.5731触及当时已生效保护价0.57494；按初始止损在0.57494退出，扣费后净-1.05R。,距V9 20根，较父V9独立模拟入场价+1.08%；初始风险4.11%（2.97个信号ATR），往返成本0.049R。 入场信号收盘在六均线上方，IMACD向上且增强，相对成交量1.75倍。 原账本最大浮盈2.21R；5分钟审计得到实际止损前浮盈范围2.21–2.21R（若上下界不同，触及止损的5分钟内先后未知）。 退出前最高收盘1.88R，未收盘达到2R，原追踪未激活。 退出下一根起48根内，最高回到原入场+0.45R，最低到-2.75R。,已比V9入场更贵，需评估确认收益能否覆盖追价代价；盘中高点与收盘触发存在差异；此前全池最高价激活试验未通过，不能凭此单直接修改,binance_um:ENAUSDT:1h:box_any:10793
T486,ARUSDT,1h,2025-10-03 21:00:00+00:00,2025-10-04 01:00:00+00:00,,6.179,5.956,5.956,-1.0554170403587442,推进不足后止损,持仓第5根K，最低价5.951触及当时已生效保护价5.956；按初始止损在5.956退出，扣费后净-1.06R。,距V9 62根，较父V9独立模拟入场价+9.25%；初始风险3.61%（2.03个信号ATR），往返成本0.055R。 入场信号收盘在六均线上方，IMACD向上且增强，相对成交量1.14倍。 原账本最大浮盈0.01R；5分钟审计得到实际止损前浮盈范围0.01–0.01R（若上下界不同，触及止损的5分钟内先后未知）。 退出前最高收盘-0.12R，未收盘达到2R，原追踪未激活。 退出下一根起48根内，最高回到原入场+0.45R，最低到-2.14R。,等待超过48根，需检验突破时原启动结构是否已失效；已比V9入场更贵，需评估确认收益能否覆盖追价代价,binance_um:ARUSDT:1h:box_any:10832
T487,ARBUSDT,1h,2025-10-06 15:00:00+00:00,2025-10-07 14:00:00+00:00,,0.4566,0.43761,0.43761,-1.048088467614535,推进不足后止损,持仓第24根K，最低价0.4341触及当时已生效保护价0.43761；按初始止损在0.43761退出，扣费后净-1.05R。,距V9 138根，较父V9独立模拟入场价+8.25%；初始风险4.16%（3.19个信号ATR），往返成本0.048R。 入场信号收盘在六均线上方，IMACD未同时满足向上和增强，相对成交量5.54倍。 原账本最大浮盈0.48R；5分钟审计得到实际止损前浮盈范围0.48–0.48R（若上下界不同，触及止损的5分钟内先后未知）。 退出前最高收盘0.42R，未收盘达到2R，原追踪未激活。 退出下一根起48根内，最高回到原入场-0.88R，最低到-2.53R。,等待超过48根，需检验突破时原启动结构是否已失效；已比V9入场更贵，需评估确认收益能否覆盖追价代价；突破当时支撑或动能不完整，但此前单加六均线门未改善全池，不能直接套门,binance_um:ARBUSDT:1h:box_any:10898
T488,BOMEUSDT,1h,2025-10-06 17:00:00+00:00,2025-10-07 14:00:00+00:00,,0.001781,0.0017193,0.0017193,-1.057730956239871,推进不足后止损,持仓第22根K，最低价0.0017触及当时已生效保护价0.0017193；按初始止损在0.0017193退出，扣费后净-1.06R。,距V9 125根，较父V9独立模拟入场价+5.82%；初始风险3.46%（2.66个信号ATR），往返成本0.058R。 入场信号收盘在六均线上方，IMACD未同时满足向上和增强，相对成交量1.28倍。 原账本最大浮盈0.68R；5分钟审计得到实际止损前浮盈范围0.68–0.68R（若上下界不同，触及止损的5分钟内先后未知）。 退出前最高收盘0.47R，未收盘达到2R，原追踪未激活。 退出下一根起48根内，最高回到原入场-0.28R，最低到-3.14R。,等待超过48根，需检验突破时原启动结构是否已失效；已比V9入场更贵，需评估确认收益能否覆盖追价代价；突破当时支撑或动能不完整，但此前单加六均线门未改善全池，不能直接套门,binance_um:BOMEUSDT:1h:box_any:10900
T489,ONEUSDT,1h,2025-10-25 00:00:00+00:00,2025-10-27 13:00:00+00:00,,0.00683,0.0064893,0.0064893,-1.0400939242735543,推进不足后止损,持仓第62根K，最低价0.00644触及当时已生效保护价0.0064893；按初始止损在0.0064893退出，扣费后净-1.04R。,距V9 17根，较父V9独立模拟入场价+3.96%；初始风险4.99%（3.30个信号ATR），往返成本0.040R。 入场信号收盘在六均线上方，IMACD向上且增强，相对成交量1.62倍。 原账本最大浮盈0.29R；5分钟审计得到实际止损前浮盈范围0.29–0.29R（若上下界不同，触及止损的5分钟内先后未知）。 退出前最高收盘0.03R，未收盘达到2R，原追踪未激活。 退出下一根起48根内，最高回到原入场-0.29R，最低到-2.44R。,已比V9入场更贵，需评估确认收益能否覆盖追价代价,binance_um:ONEUSDT:1h:box_any:11339
T490,BTCUSDT,1h,2025-10-25 07:00:00+00:00,2025-10-28 00:00:00+00:00,,111308.8,110312.5,113765.0,2.2418773461808534,盈利保护退出,持仓第66根K，最低价113710触及当时已生效保护价113765；按追踪止损在113765退出，扣费后净+2.24R。,距V9 26根，较父V9独立模拟入场价+0.17%；初始风险0.90%（2.00个信号ATR），往返成本0.223R。 入场信号收盘在六均线上方，IMACD向上且增强，相对成交量0.58倍。 原账本最大浮盈5.09R；5分钟审计得到实际止损前浮盈范围5.09–5.09R（若上下界不同，触及止损的5分钟内先后未知）。 已收盘触及2R并激活追踪；退出时保护在入场价+2.47R，激活不保证保本。 退出下一根起48根内，最高回到原入场+4.78R，最低到-2.29R。,已比V9入场更贵，需评估确认收益能否覆盖追价代价；作为盈利对照保留：任何更早止盈/更严过滤都需计算会损失多少这类赢家,binance_um:BTCUSDT:1h:box_any:11346
T491,AEROUSDT,1h,2025-11-27 20:00:00+00:00,2025-11-28 01:00:00+00:00,,0.7268,0.6973,0.6973,-1.049274576271186,推进不足后止损,持仓第6根K，最低价0.6955触及当时已生效保护价0.6973；按初始止损在0.6973退出，扣费后净-1.05R。,距V9 22根，较父V9独立模拟入场价-0.22%；初始风险4.06%（2.58个信号ATR），往返成本0.049R。 入场信号收盘在六均线上方，IMACD向上且增强，相对成交量0.63倍。 原账本最大浮盈0.29R；5分钟审计得到实际止损前浮盈范围0.29–0.29R（若上下界不同，触及止损的5分钟内先后未知）。 退出前最高收盘0.27R，未收盘达到2R，原追踪未激活。 退出下一根起48根内，最高回到原入场-0.14R，最低到-2.02R。,当前事实不足以提出特定改法；先保留原规则作为对照。,binance_um:AEROUSDT:1h:box_any:8597
T492,ARUSDT,1h,2025-12-03 06:00:00+00:00,2025-12-05 09:00:00+00:00,,4.35,4.128,4.128,-1.0391891891891885,到过1R后回吐,持仓第52根K，最低价4.108触及当时已生效保护价4.128；按初始止损在4.128退出，扣费后净-1.04R。,距V9 13根，较父V9独立模拟入场价+3.60%；初始风险5.10%（3.61个信号ATR），往返成本0.039R。 入场信号收盘在六均线上方，IMACD向上且增强，相对成交量1.04倍。 原账本最大浮盈1.14R；5分钟审计得到实际止损前浮盈范围1.14–1.14R（若上下界不同，触及止损的5分钟内先后未知）。 退出前最高收盘1.05R，未收盘达到2R，原追踪未激活。 退出下一根起48根内，最高回到原入场-0.91R，最低到-2.13R。,已比V9入场更贵，需评估确认收益能否覆盖追价代价,binance_um:ARUSDT:1h:box_any:12281
T493,USELESSUSDT,1h,2025-12-03 22:00:00+00:00,2025-12-04 13:00:00+00:00,,0.1297,0.11916,0.11916,-1.0246110056926,推进不足后止损,持仓第16根K，最低价0.1183触及当时已生效保护价0.11916；按初始止损在0.11916退出，扣费后净-1.02R。,距V9 29根，较父V9独立模拟入场价+11.91%；初始风险8.13%（2.52个信号ATR），往返成本0.025R。 入场信号收盘在六均线上方，IMACD向上且增强，相对成交量2.20倍。 原账本最大浮盈0.47R；5分钟审计得到实际止损前浮盈范围0.47–0.47R（若上下界不同，触及止损的5分钟内先后未知）。 退出前最高收盘0.18R，未收盘达到2R，原追踪未激活。 退出下一根起48根内，最高回到原入场-0.40R，最低到-2.61R。,已比V9入场更贵，需评估确认收益能否覆盖追价代价,binance_um:USELESSUSDT:1h:box_any:2649
T494,JUPUSDT,1h,2025-12-24 17:00:00+00:00,2025-12-29 15:00:00+00:00,,0.1926,0.1849,0.1913,-0.2188571428571428,反向确认亏损退出,上一根出现原始反向信号，下一根开盘0.1913退出；这笔不是价格触及止损退出，扣费后净-0.22R。,距V9 0根，较父V9独立模拟入场价+0.00%；初始风险4.00%（3.39个信号ATR），往返成本0.050R。 入场信号收盘在六均线上方，IMACD向上且增强，相对成交量2.16倍。 截至退出前/数据末端，原账本最大浮盈1.57R。 退出前最高收盘1.45R，未收盘达到2R，原追踪未激活。 退出下一根起48根内，最高回到原入场+0.04R，最低到-0.92R。,当前事实不足以提出特定改法；先保留原规则作为对照。,binance_um:JUPUSDT:1h:box_any:12796
T495,OPUSDT,1h,2025-12-27 03:00:00+00:00,2025-12-31 16:00:00+00:00,,0.2723,0.26536,0.26536,-1.0784726224783885,到过1R后回吐,持仓第110根K，最低价0.2596触及当时已生效保护价0.26536；按初始止损在0.26536退出，扣费后净-1.08R。,距V9 0根，较父V9独立模拟入场价+0.00%；初始风险2.55%（2.18个信号ATR），往返成本0.078R。 入场信号收盘在六均线上方，IMACD向上且增强，相对成交量0.66倍。 原账本最大浮盈1.66R；5分钟审计得到实际止损前浮盈范围1.66–1.66R（若上下界不同，触及止损的5分钟内先后未知）。 退出前最高收盘1.48R，未收盘达到2R，原追踪未激活。 退出下一根起48根内，最高回到原入场+4.76R，最低到-1.80R。,退出后48根内曾回到+1R；属事后重启机会，不能证明放宽原止损会赚钱,binance_um:OPUSDT:1h:box_any:12854
T496,ZENUSDT,1h,2025-12-27 05:00:00+00:00,2025-12-31 16:00:00+00:00,,8.096,7.841,8.766,2.5639529411764697,盈利保护退出,持仓第108根K，最低价8.576触及当时已生效保护价8.766；按追踪止损在8.766退出，扣费后净+2.56R。,距V9 1根，较父V9独立模拟入场价-0.63%；初始风险3.15%（2.96个信号ATR），往返成本0.063R。 入场信号收盘在六均线上方，IMACD向上且增强，相对成交量1.52倍。 原账本最大浮盈6.41R；5分钟审计得到实际止损前浮盈范围6.41–6.41R（若上下界不同，触及止损的5分钟内先后未知）。 已收盘触及2R并激活追踪；退出时保护在入场价+2.63R，激活不保证保本。 退出下一根起48根内，最高回到原入场+7.86R，最低到+2.09R。,作为盈利对照保留：任何更早止盈/更严过滤都需计算会损失多少这类赢家,binance_um:ZENUSDT:1h:box_any:12856
T497,NEARUSDT,1h,2025-12-27 17:00:00+00:00,2025-12-29 12:00:00+00:00,,1.552,1.519,1.519,-1.0940606060606055,到过1R后回吐,持仓第44根K，最低价1.51触及当时已生效保护价1.519；按初始止损在1.519退出，扣费后净-1.09R。,距V9 34根，较父V9独立模拟入场价+0.45%；初始风险2.13%（2.05个信号ATR），往返成本0.094R。 入场信号收盘在六均线上方，IMACD向上且增强，相对成交量4.10倍。 原账本最大浮盈1.91R；5分钟审计得到实际止损前浮盈范围1.91–1.91R（若上下界不同，触及止损的5分钟内先后未知）。 退出前最高收盘1.82R，未收盘达到2R，原追踪未激活。 退出下一根起48根内，最高回到原入场+0.27R，最低到-1.70R。,已比V9入场更贵，需评估确认收益能否覆盖追价代价,binance_um:NEARUSDT:1h:box_any:12868
T498,ONEUSDT,1h,2025-12-27 19:00:00+00:00,2025-12-29 12:00:00+00:00,,0.00371,0.0036328999999999,0.0037297,0.1592736705577076,盈利保护退出,持仓第42根K，最低价0.00372触及当时已生效保护价0.0037297；按追踪止损在0.0037297退出，扣费后净+0.16R。,距V9 2根，较父V9独立模拟入场价+0.54%；初始风险2.08%（2.18个信号ATR），往返成本0.096R。 入场信号收盘在六均线上方，IMACD向上且增强，相对成交量1.57倍。 原账本最大浮盈6.74R；5分钟审计得到实际止损前浮盈范围6.74–6.74R（若上下界不同，触及止损的5分钟内先后未知）。 已收盘触及2R并激活追踪；退出时保护在入场价+0.26R，激活不保证保本。 退出下一根起48根内，最高回到原入场+3.76R，最低到-0.39R。,已比V9入场更贵，需评估确认收益能否覆盖追价代价；作为盈利对照保留：任何更早止盈/更严过滤都需计算会损失多少这类赢家,binance_um:ONEUSDT:1h:box_any:12870
T499,HYPEUSDT,1h,2025-12-30 07:00:00+00:00,2025-12-31 20:00:00+00:00,,26.324,25.285,25.285,-1.0506717998075072,推进不足后止损,持仓第38根K，最低价25.281触及当时已生效保护价25.285；按初始止损在25.285退出，扣费后净-1.05R。,距V9 96根，较父V9独立模拟入场价+3.50%；初始风险3.95%（3.23个信号ATR），往返成本0.051R。 入场信号收盘在六均线上方，IMACD向上且增强，相对成交量1.49倍。 原账本最大浮盈0.36R；5分钟审计得到实际止损前浮盈范围0.36–0.36R（若上下界不同，触及止损的5分钟内先后未知）。 退出前最高收盘-0.18R，未收盘达到2R，原追踪未激活。 退出下一根起48根内，最高回到原入场-0.21R，最低到-2.51R。,等待超过48根，需检验突破时原启动结构是否已失效；已比V9入场更贵，需评估确认收益能否覆盖追价代价,binance_um:HYPEUSDT:1h:box_any:5132
T500,PUMPUSDT,1h,2026-01-01 02:00:00+00:00,2026-01-07 14:00:00+00:00,,0.001955,0.0018889999999999,0.0023339999999999,5.683181818181784,盈利保护退出,持仓第157根K，最低价0.002295触及当时已生效保护价0.002334；按追踪止损在0.002334退出，扣费后净+5.68R。,距V9 25根，较父V9独立模拟入场价+5.33%；初始风险3.38%（2.00个信号ATR），往返成本0.059R。 入场信号收盘在六均线上方，IMACD向上且增强，相对成交量1.67倍。 原账本最大浮盈11.59R；5分钟审计得到实际止损前浮盈范围11.59–11.59R（若上下界不同，触及止损的5分钟内先后未知）。 已收盘触及2R并激活追踪；退出时保护在入场价+5.74R，激活不保证保本。 退出下一根起48根内，最高回到原入场+6.39R，最低到+1.39R。,已比V9入场更贵，需评估确认收益能否覆盖追价代价；作为盈利对照保留：任何更早止盈/更严过滤都需计算会损失多少这类赢家,binance_um:PUMPUSDT:1h:box_any:4410
T501,API3USDT,1h,2026-01-02 02:00:00+00:00,2026-01-07 19:00:00+00:00,,0.4585,0.4438,0.4622,0.1893197278911561,反向确认盈利退出,上一根出现原始反向信号，下一根开盘0.4622退出；这笔不是价格触及止损退出，扣费后净+0.19R。,距V9 2根，较父V9独立模拟入场价+1.64%；初始风险3.21%（2.28个信号ATR），往返成本0.062R。 入场信号收盘在六均线上方，IMACD向上且增强，相对成交量6.38倍。 截至退出前/数据末端，原账本最大浮盈2.34R。 退出前最高收盘1.96R，未收盘达到2R，原追踪未激活。 退出下一根起48根内，最高回到原入场+1.01R，最低到-0.97R。,已比V9入场更贵，需评估确认收益能否覆盖追价代价；盘中高点与收盘触发存在差异；此前全池最高价激活试验未通过，不能凭此单直接修改；作为盈利对照保留：任何更早止盈/更严过滤都需计算会损失多少这类赢家,binance_um:API3USDT:1h:box_any:12997
T502,PENDLEUSDT,1h,2026-01-03 01:00:00+00:00,2026-01-03 07:00:00+00:00,,2.2009,2.1314,2.1314,-1.063335251798562,推进不足后止损,持仓第7根K，最低价2.1299触及当时已生效保护价2.1314；按初始止损在2.1314退出，扣费后净-1.06R。,距V9 29根，较父V9独立模拟入场价+9.77%；初始风险3.16%（2.00个信号ATR），往返成本0.063R。 入场信号收盘在六均线上方，IMACD向上且增强，相对成交量0.60倍。 原账本最大浮盈0.79R；5分钟审计得到实际止损前浮盈范围0.79–0.79R（若上下界不同，触及止损的5分钟内先后未知）。 退出前最高收盘0.57R，未收盘达到2R，原追踪未激活。 退出下一根起48根内，最高回到原入场+1.06R，最低到-0.98R。,已比V9入场更贵，需评估确认收益能否覆盖追价代价；退出后48根内曾回到+1R；属事后重启机会，不能证明放宽原止损会赚钱,binance_um:PENDLEUSDT:1h:box_any:13020
T503,UNIUSDT,1h,2026-01-06 05:00:00+00:00,2026-01-06 16:00:00+00:00,,6.21,5.985,5.985,-1.0552,推进不足后止损,持仓第12根K，最低价5.943触及当时已生效保护价5.985；按初始止损在5.985退出，扣费后净-1.06R。,距V9 5根，较父V9独立模拟入场价+0.83%；初始风险3.62%（2.01个信号ATR），往返成本0.055R。 入场信号收盘在六均线上方，IMACD向上且增强，相对成交量0.68倍。 原账本最大浮盈0.46R；5分钟审计得到实际止损前浮盈范围0.46–0.46R（若上下界不同，触及止损的5分钟内先后未知）。 退出前最高收盘0.25R，未收盘达到2R，原追踪未激活。 退出下一根起48根内，最高回到原入场-0.53R，最低到-3.67R。,已比V9入场更贵，需评估确认收益能否覆盖追价代价,binance_um:UNIUSDT:1h:box_any:13096
T504,DASHUSDT,1h,2026-01-06 17:00:00+00:00,2026-01-07 09:00:00+00:00,,44.01,42.17,42.17,-1.047836956521738,推进不足后止损,持仓第17根K，最低价42.08触及当时已生效保护价42.17；按初始止损在42.17退出，扣费后净-1.05R。,距V9 5根，较父V9独立模拟入场价-3.57%；初始风险4.18%（2.00个信号ATR），往返成本0.048R。 入场信号收盘不在六均线上方，IMACD未同时满足向上和增强，相对成交量2.38倍。 原账本最大浮盈0.43R；5分钟审计得到实际止损前浮盈范围0.43–0.43R（若上下界不同，触及止损的5分钟内先后未知）。 退出前最高收盘0.34R，未收盘达到2R，原追踪未激活。 退出下一根起48根内，最高回到原入场-0.78R，最低到-3.51R。,突破当时支撑或动能不完整，但此前单加六均线门未改善全池，不能直接套门,binance_um:DASHUSDT:1h:box_any:13108
T505,HYPEUSDT,1h,2026-02-17 01:00:00+00:00,2026-02-17 09:00:00+00:00,,31.277,29.742,29.742,-1.0407517915309448,推进不足后止损,持仓第9根K，最低价29.736触及当时已生效保护价29.742；按初始止损在29.742退出，扣费后净-1.04R。,距V9 0根，较父V9独立模拟入场价+0.00%；初始风险4.91%（3.53个信号ATR），往返成本0.041R。 入场信号收盘在六均线上方，IMACD向上且增强，相对成交量1.49倍。 原账本最大浮盈0.08R；5分钟审计得到实际止损前浮盈范围0.08–0.08R（若上下界不同，触及止损的5分钟内先后未知）。 退出前最高收盘-0.16R，未收盘达到2R，原追踪未激活。 退出下一根起48根内，最高回到原入场-0.74R，最低到-2.00R。,当前事实不足以提出特定改法；先保留原规则作为对照。,binance_um:HYPEUSDT:1h:box_any:6302
T506,PENDLEUSDT,1h,2026-02-20 17:00:00+00:00,2026-02-22 18:00:00+00:00,,1.2135,1.1535,1.187,-0.4821166666666647,反向确认亏损退出,上一根出现原始反向信号，下一根开盘1.187退出；这笔不是价格触及止损退出，扣费后净-0.48R。,距V9 0根，较父V9独立模拟入场价+0.00%；初始风险4.94%（3.33个信号ATR），往返成本0.040R。 入场信号收盘在六均线上方，IMACD向上且增强，相对成交量2.66倍。 截至退出前/数据末端，原账本最大浮盈0.70R。 退出前最高收盘0.49R，未收盘达到2R，原追踪未激活。 退出下一根起48根内，最高回到原入场+0.37R，最低到-1.78R。,当前事实不足以提出特定改法；先保留原规则作为对照。,binance_um:PENDLEUSDT:1h:box_any:14188
T507,PIEVERSEUSDT,1h,2026-02-21 18:00:00+00:00,2026-02-22 00:00:00+00:00,,0.4228,0.4111,0.4111,-1.0722735042735052,推进不足后止损,持仓第7根K，最低价0.4触及当时已生效保护价0.4111；按初始止损在0.4111退出，扣费后净-1.07R。,距V9 19根，较父V9独立模拟入场价+1.00%；初始风险2.77%（2.01个信号ATR），往返成本0.072R。 入场信号收盘在六均线上方，IMACD向上且增强，相对成交量3.95倍。 原账本最大浮盈0.14R；5分钟审计得到实际止损前浮盈范围0.14–0.14R（若上下界不同，触及止损的5分钟内先后未知）。 退出前最高收盘-0.06R，未收盘达到2R，原追踪未激活。 退出下一根起48根内，最高回到原入场+0.53R，最低到-2.11R。,已比V9入场更贵，需评估确认收益能否覆盖追价代价,binance_um:PIEVERSEUSDT:1h:box_any:2382
T508,PIEVERSEUSDT,1h,2026-02-24 11:00:00+00:00,2026-02-25 12:00:00+00:00,,0.4275,0.4064,0.4837,2.6229857819905305,盈利保护退出,持仓第26根K，最低价0.4822触及当时已生效保护价0.4837；按追踪止损在0.4837退出，扣费后净+2.62R。,距V9 0根，较父V9独立模拟入场价+0.00%；初始风险4.94%（3.39个信号ATR），往返成本0.041R。 入场信号收盘在六均线上方，IMACD向上且增强，相对成交量1.30倍。 原账本最大浮盈5.60R；5分钟审计得到实际止损前浮盈范围5.60–5.60R（若上下界不同，触及止损的5分钟内先后未知）。 已收盘触及2R并激活追踪；退出时保护在入场价+2.66R，激活不保证保本。 退出下一根起48根内，最高回到原入场+6.73R，最低到+1.87R。,作为盈利对照保留：任何更早止盈/更严过滤都需计算会损失多少这类赢家,binance_um:PIEVERSEUSDT:1h:box_any:2447
T509,USELESSUSDT,1h,2026-03-04 08:00:00+00:00,2026-03-06 00:00:00+00:00,,0.04491,0.04199,0.04199,-1.0307602739726025,到过1R后回吐,持仓第41根K，最低价0.04092触及当时已生效保护价0.04199；按初始止损在0.04199退出，扣费后净-1.03R。,距V9 5根，较父V9独立模拟入场价+1.24%；初始风险6.50%（2.22个信号ATR），往返成本0.031R。 入场信号收盘在六均线上方，IMACD向上且增强，相对成交量1.00倍。 原账本最大浮盈1.42R；5分钟审计得到实际止损前浮盈范围1.42–1.42R（若上下界不同，触及止损的5分钟内先后未知）。 退出前最高收盘1.28R，未收盘达到2R，原追踪未激活。 退出下一根起48根内，最高回到原入场-0.27R，最低到-2.59R。,已比V9入场更贵，需评估确认收益能否覆盖追价代价,binance_um:USELESSUSDT:1h:box_any:4819
T510,BOMEUSDT,1h,2026-03-04 09:00:00+00:00,2026-03-06 14:00:00+00:00,,0.0004135,0.0003919,0.0003919,-1.0382870370370374,到过1R后回吐,持仓第54根K，最低价0.0003871触及当时已生效保护价0.0003919；按初始止损在0.0003919退出，扣费后净-1.04R。,距V9 39根，较父V9独立模拟入场价+3.48%；初始风险5.22%（3.03个信号ATR），往返成本0.038R。 入场信号收盘在六均线上方，IMACD向上且增强，相对成交量1.73倍。 原账本最大浮盈1.19R；5分钟审计得到实际止损前浮盈范围1.19–1.19R（若上下界不同，触及止损的5分钟内先后未知）。 退出前最高收盘1.15R，未收盘达到2R，原追踪未激活。 退出下一根起48根内，最高回到原入场-0.83R，最低到-1.97R。,已比V9入场更贵，需评估确认收益能否覆盖追价代价,binance_um:BOMEUSDT:1h:box_any:14468
T511,ZENUSDT,1h,2026-03-04 09:00:00+00:00,2026-03-06 15:00:00+00:00,,5.756,5.418,5.418,-1.0340591715976322,推进不足后止损,持仓第55根K，最低价5.415触及当时已生效保护价5.418；按初始止损在5.418退出，扣费后净-1.03R。,距V9 0根，较父V9独立模拟入场价+0.00%；初始风险5.87%（3.65个信号ATR），往返成本0.034R。 入场信号收盘在六均线上方，IMACD向上且增强，相对成交量3.78倍。 原账本最大浮盈0.58R；5分钟审计得到实际止损前浮盈范围0.58–0.58R（若上下界不同，触及止损的5分钟内先后未知）。 退出前最高收盘0.53R，未收盘达到2R，原追踪未激活。 退出下一根起48根内，最高回到原入场-0.78R，最低到-1.59R。,当前事实不足以提出特定改法；先保留原规则作为对照。,binance_um:ZENUSDT:1h:box_any:14468
T512,ARBUSDT,1h,2026-03-10 16:00:00+00:00,2026-03-10 19:00:00+00:00,,0.1011,0.09798,0.09798,-1.064807692307694,推进不足后止损,持仓第4根K，最低价0.0978触及当时已生效保护价0.09798；按初始止损在0.09798退出，扣费后净-1.06R。,距V9 1根，较父V9独立模拟入场价-0.79%；初始风险3.09%（2.01个信号ATR），往返成本0.065R。 入场信号收盘在六均线上方，IMACD向上且增强，相对成交量2.25倍。 原账本最大浮盈0.10R；5分钟审计得到实际止损前浮盈范围0.10–0.10R（若上下界不同，触及止损的5分钟内先后未知）。 退出前最高收盘0.00R，未收盘达到2R，原追踪未激活。 退出下一根起48根内，最高回到原入场+0.74R，最低到-1.35R。,当前事实不足以提出特定改法；先保留原规则作为对照。,binance_um:ARBUSDT:1h:box_any:14619
T513,MUBARAKUSDT,1h,2026-03-12 23:00:00+00:00,2026-03-17 04:00:00+00:00,,0.01558,0.015,0.015,-1.0537241379310338,到过1R后回吐,持仓第102根K，最低价0.01488触及当时已生效保护价0.015；按初始止损在0.015退出，扣费后净-1.05R。,距V9 46根，较父V9独立模拟入场价+3.87%；初始风险3.72%（2.07个信号ATR），往返成本0.054R。 入场信号收盘在六均线上方，IMACD向上且增强，相对成交量2.18倍。 原账本最大浮盈1.47R；5分钟审计得到实际止损前浮盈范围1.47–1.47R（若上下界不同，触及止损的5分钟内先后未知）。 退出前最高收盘1.21R，未收盘达到2R，原追踪未激活。 退出下一根起48根内，最高回到原入场+0.17R，最低到-2.22R。,已比V9入场更贵，需评估确认收益能否覆盖追价代价,binance_um:MUBARAKUSDT:1h:box_any:8649
T514,UNIUSDT,1h,2026-03-13 02:00:00+00:00,2026-03-18 11:00:00+00:00,,4.006,3.873,3.873,-1.0602406015037589,到过1R后回吐,持仓第130根K，最低价3.842触及当时已生效保护价3.873；按初始止损在3.873退出，扣费后净-1.06R。,距V9 0根，较父V9独立模拟入场价+0.00%；初始风险3.32%（3.08个信号ATR），往返成本0.060R。 入场信号收盘在六均线上方，IMACD向上且增强，相对成交量1.28倍。 原账本最大浮盈1.51R；5分钟审计得到实际止损前浮盈范围1.51–1.51R（若上下界不同，触及止损的5分钟内先后未知）。 退出前最高收盘1.26R，未收盘达到2R，原追踪未激活。 退出下一根起48根内，最高回到原入场-1.11R，最低到-3.83R。,当前事实不足以提出特定改法；先保留原规则作为对照。,binance_um:UNIUSDT:1h:box_any:14677
T515,ARBUSDT,1h,2026-03-13 09:00:00+00:00,2026-03-14 00:00:00+00:00,,0.104,0.10151,0.10151,-1.0835341365461866,到过1R后回吐,持仓第16根K，最低价0.1015触及当时已生效保护价0.10151；按初始止损在0.10151退出，扣费后净-1.08R。,距V9 7根，较父V9独立模拟入场价+0.39%；初始风险2.39%（1.93个信号ATR），往返成本0.084R。 入场信号收盘在六均线上方，IMACD向上且增强，相对成交量1.14倍。 原账本最大浮盈1.33R；5分钟审计得到实际止损前浮盈范围1.33–1.33R（若上下界不同，触及止损的5分钟内先后未知）。 退出前最高收盘0.88R，未收盘达到2R，原追踪未激活。 退出下一根起48根内，最高回到原入场+0.24R，最低到-1.89R。,已比V9入场更贵，需评估确认收益能否覆盖追价代价,binance_um:ARBUSDT:1h:box_any:14684
T516,ZENUSDT,1h,2026-03-14 06:00:00+00:00,2026-03-14 07:00:00+00:00,,5.79,5.497,5.497,-1.0395221843003413,前三根止损,持仓第2根K，最低价5.473触及当时已生效保护价5.497；按初始止损在5.497退出，扣费后净-1.04R。,距V9 17根，较父V9独立模拟入场价+2.15%；初始风险5.06%（3.61个信号ATR），往返成本0.040R。 入场信号收盘在六均线上方，IMACD向上且增强，相对成交量2.59倍。 原账本最大浮盈0.06R；5分钟审计得到实际止损前浮盈范围0.06–0.06R（若上下界不同，触及止损的5分钟内先后未知）。 退出前最高收盘-0.89R，未收盘达到2R，原追踪未激活。 退出下一根起48根内，最高回到原入场+1.94R，最低到-1.08R。,已比V9入场更贵，需评估确认收益能否覆盖追价代价；退出后48根内曾回到+1R；属事后重启机会，不能证明放宽原止损会赚钱,binance_um:ZENUSDT:1h:box_any:14705
T517,XTZUSDT,1h,2026-03-15 05:00:00+00:00,2026-03-18 11:00:00+00:00,,0.376,0.369,0.3893,1.7925714285714285,盈利保护退出,持仓第79根K，最低价0.388触及当时已生效保护价0.3893；按追踪止损在0.3893退出，扣费后净+1.79R。,距V9 43根，较父V9独立模拟入场价+1.90%；初始风险1.86%（2.00个信号ATR），往返成本0.107R。 入场信号收盘在六均线上方，IMACD向上且增强，相对成交量0.92倍。 原账本最大浮盈4.00R；5分钟审计得到实际止损前浮盈范围4.00–4.00R（若上下界不同，触及止损的5分钟内先后未知）。 已收盘触及2R并激活追踪；退出时保护在入场价+1.90R，激活不保证保本。 退出下一根起48根内，最高回到原入场+3.86R，最低到+0.57R。,已比V9入场更贵，需评估确认收益能否覆盖追价代价；作为盈利对照保留：任何更早止盈/更严过滤都需计算会损失多少这类赢家,binance_um:XTZUSDT:1h:box_any:14728
T518,1000PEPEUSDT,1h,2026-03-16 05:00:00+00:00,2026-03-18 15:00:00+00:00,,0.0036763,0.0034422999999999,0.0034422999999999,-1.0314213675213668,到过1R后回吐,持仓第59根K，最低价0.0034422触及当时已生效保护价0.0034423；按初始止损在0.0034423退出，扣费后净-1.03R。,距V9 3根，较父V9独立模拟入场价+4.76%；初始风险6.37%（4.61个信号ATR），往返成本0.031R。 入场信号收盘在六均线上方，IMACD向上且增强，相对成交量3.95倍。 原账本最大浮盈1.98R；5分钟审计得到实际止损前浮盈范围1.98–1.98R（若上下界不同，触及止损的5分钟内先后未知）。 退出前最高收盘1.69R，未收盘达到2R，原追踪未激活。 退出下一根起48根内，最高回到原入场-0.46R，最低到-1.48R。,已比V9入场更贵，需评估确认收益能否覆盖追价代价,binance_um:1000PEPEUSDT:1h:box_any:14752
T519,ENAUSDT,1h,2026-03-16 13:00:00+00:00,2026-03-18 11:00:00+00:00,,0.1157,0.11252,0.11252,-1.0727672955974836,到过1R后回吐,持仓第47根K，最低价0.1116触及当时已生效保护价0.11252；按初始止损在0.11252退出，扣费后净-1.07R。,距V9 8根，较父V9独立模拟入场价+1.67%；初始风险2.75%（2.00个信号ATR），往返成本0.073R。 入场信号收盘在六均线上方，IMACD向上且增强，相对成交量1.79倍。 原账本最大浮盈1.54R；5分钟审计得到实际止损前浮盈范围1.54–1.54R（若上下界不同，触及止损的5分钟内先后未知）。 退出前最高收盘1.38R，未收盘达到2R，原追踪未激活。 退出下一根起48根内，最高回到原入场-1.13R，最低到-4.78R。,已比V9入场更贵，需评估确认收益能否覆盖追价代价,binance_um:ENAUSDT:1h:box_any:14760
T520,USELESSUSDT,1h,2026-03-16 13:00:00+00:00,2026-03-18 11:00:00+00:00,,0.04349,0.0412,0.0412,-1.0379825327510923,到过1R后回吐,持仓第47根K，最低价0.04075触及当时已生效保护价0.0412；按初始止损在0.0412退出，扣费后净-1.04R。,距V9 9根，较父V9独立模拟入场价+6.65%；初始风险5.27%（1.99个信号ATR），往返成本0.038R。 入场信号收盘在六均线上方，IMACD向上且增强，相对成交量1.51倍。 原账本最大浮盈1.69R；5分钟审计得到实际止损前浮盈范围1.69–1.69R（若上下界不同，触及止损的5分钟内先后未知）。 退出前最高收盘1.40R，未收盘达到2R，原追踪未激活。 退出下一根起48根内，最高回到原入场-1.04R，最低到-3.24R。,已比V9入场更贵，需评估确认收益能否覆盖追价代价,binance_um:USELESSUSDT:1h:box_any:5112
T521,PIEVERSEUSDT,1h,2026-03-16 19:00:00+00:00,2026-03-20 15:00:00+00:00,,0.5391,0.5197,0.543,0.1454536082474241,盈利保护退出,持仓第93根K，最低价0.5416触及当时已生效保护价0.543；按追踪止损在0.543退出，扣费后净+0.15R。,距V9 3根，较父V9独立模拟入场价+0.75%；初始风险3.60%（2.06个信号ATR），往返成本0.056R。 入场信号收盘在六均线上方，IMACD向上且增强，相对成交量0.82倍。 原账本最大浮盈2.56R；5分钟审计得到实际止损前浮盈范围2.56–2.56R（若上下界不同，触及止损的5分钟内先后未知）。 已收盘触及2R并激活追踪；退出时保护在入场价+0.20R，激活不保证保本。 退出下一根起48根内，最高回到原入场+1.19R，最低到-0.63R。,已比V9入场更贵，需评估确认收益能否覆盖追价代价；作为盈利对照保留：任何更早止盈/更严过滤都需计算会损失多少这类赢家,binance_um:PIEVERSEUSDT:1h:box_any:2935
T522,ARBUSDT,1h,2026-04-06 01:00:00+00:00,2026-04-12 04:00:00+00:00,,0.0954,0.09049,0.11169,3.2788594704684377,盈利保护退出,持仓第148根K，最低价0.1108触及当时已生效保护价0.11169；按追踪止损在0.11169退出，扣费后净+3.28R。,距V9 1根，较父V9独立模拟入场价+1.27%；初始风险5.15%（4.78个信号ATR），往返成本0.039R。 入场信号收盘在六均线上方，IMACD向上且增强，相对成交量5.25倍。 原账本最大浮盈5.54R；5分钟审计得到实际止损前浮盈范围5.54–5.54R（若上下界不同，触及止损的5分钟内先后未知）。 已收盘触及2R并激活追踪；退出时保护在入场价+3.32R，激活不保证保本。 退出下一根起48根内，最高回到原入场+3.75R，最低到+2.77R。,已比V9入场更贵，需评估确认收益能否覆盖追价代价；作为盈利对照保留：任何更早止盈/更严过滤都需计算会损失多少这类赢家,binance_um:ARBUSDT:1h:box_any:15252
T523,BOMEUSDT,1h,2026-04-06 02:00:00+00:00,2026-04-07 00:00:00+00:00,,0.0003842,0.0003639999999999,0.0003753,-0.4786336633663344,反向确认亏损退出,上一根出现原始反向信号，下一根开盘0.0003753退出；这笔不是价格触及止损退出，扣费后净-0.48R。,距V9 1根，较父V9独立模拟入场价-0.49%；初始风险5.26%（4.70个信号ATR），往返成本0.038R。 入场信号收盘在六均线上方，IMACD向上且增强，相对成交量1.88倍。 截至退出前/数据末端，原账本最大浮盈0.53R。 退出前最高收盘0.41R，未收盘达到2R，原追踪未激活。 退出下一根起48根内，最高回到原入场+1.09R，最低到-1.17R。,退出后48根内曾回到+1R；属事后重启机会，不能证明放宽原止损会赚钱,binance_um:BOMEUSDT:1h:box_any:15253
T524,FILUSDT,1h,2026-04-06 04:00:00+00:00,2026-04-06 22:00:00+00:00,,0.85,0.8313,0.8598,0.4331550802139108,盈利保护退出,持仓第19根K，最低价0.854触及当时已生效保护价0.8598；按追踪止损在0.8598退出，扣费后净+0.43R。,距V9 4根，较父V9独立模拟入场价+0.83%；初始风险2.20%（2.00个信号ATR），往返成本0.091R。 入场信号收盘在六均线上方，IMACD未同时满足向上和增强，相对成交量1.65倍。 原账本最大浮盈3.05R；5分钟审计得到实际止损前浮盈范围3.05–3.05R（若上下界不同，触及止损的5分钟内先后未知）。 已收盘触及2R并激活追踪；退出时保护在入场价+0.52R，激活不保证保本。 退出下一根起48根内，最高回到原入场+4.22R，最低到-0.48R。,已比V9入场更贵，需评估确认收益能否覆盖追价代价；突破当时支撑或动能不完整，但此前单加六均线门未改善全池，不能直接套门；作为盈利对照保留：任何更早止盈/更严过滤都需计算会损失多少这类赢家,binance_um:FILUSDT:1h:box_any:15255
T525,OPUSDT,1h,2026-04-06 04:00:00+00:00,2026-04-07 12:00:00+00:00,,0.1116,0.10817,0.10817,-1.065072886297375,推进不足后止损,持仓第33根K，最低价0.1073触及当时已生效保护价0.10817；按初始止损在0.10817退出，扣费后净-1.07R。,距V9 3根，较父V9独立模拟入场价+0.63%；初始风险3.07%（3.02个信号ATR），往返成本0.065R。 入场信号收盘在六均线上方，IMACD未同时满足向上和增强，相对成交量1.76倍。 原账本最大浮盈0.99R；5分钟审计得到实际止损前浮盈范围0.99–0.99R（若上下界不同，触及止损的5分钟内先后未知）。 退出前最高收盘0.87R，未收盘达到2R，原追踪未激活。 退出下一根起48根内，最高回到原入场+2.71R，最低到-1.17R。,已比V9入场更贵，需评估确认收益能否覆盖追价代价；突破当时支撑或动能不完整，但此前单加六均线门未改善全池，不能直接套门；退出后48根内曾回到+1R；属事后重启机会，不能证明放宽原止损会赚钱,binance_um:OPUSDT:1h:box_any:15255
T526,API3USDT,1h,2026-04-06 09:00:00+00:00,2026-04-07 11:00:00+00:00,,0.2738,0.2701,0.2701,-1.148000000000004,盘中到2R但收盘未激活,持仓第27根K，最低价0.2694触及当时已生效保护价0.2701；按初始止损在0.2701退出，扣费后净-1.15R。,距V9 7根，较父V9独立模拟入场价+0.85%；初始风险1.35%（2.11个信号ATR），往返成本0.148R。 入场信号收盘在六均线上方，IMACD向上且增强，相对成交量1.90倍。 原账本最大浮盈2.03R；5分钟审计得到实际止损前浮盈范围2.03–2.03R（若上下界不同，触及止损的5分钟内先后未知）。 退出前最高收盘1.84R，未收盘达到2R，原追踪未激活。 退出下一根起48根内，最高回到原入场+4.24R，最低到-1.41R。,已比V9入场更贵，需评估确认收益能否覆盖追价代价；盘中高点与收盘触发存在差异；此前全池最高价激活试验未通过，不能凭此单直接修改；退出后48根内曾回到+1R；属事后重启机会，不能证明放宽原止损会赚钱,binance_um:API3USDT:1h:box_any:15260
T527,WIFUSDT,1h,2026-04-06 17:00:00+00:00,2026-04-06 22:00:00+00:00,,0.1867,0.1824,0.1824,-1.0868372093023246,推进不足后止损,持仓第6根K，最低价0.1798触及当时已生效保护价0.1824；按初始止损在0.1824退出，扣费后净-1.09R。,距V9 16根，较父V9独立模拟入场价+1.08%；初始风险2.30%（2.00个信号ATR），往返成本0.087R。 入场信号收盘在六均线上方，IMACD向上且增强，相对成交量0.58倍。 原账本最大浮盈0.21R；5分钟审计得到实际止损前浮盈范围0.21–0.21R（若上下界不同，触及止损的5分钟内先后未知）。 退出前最高收盘0.14R，未收盘达到2R，原追踪未激活。 退出下一根起48根内，最高回到原入场+3.93R，最低到-2.44R。,已比V9入场更贵，需评估确认收益能否覆盖追价代价；退出后48根内曾回到+1R；属事后重启机会，不能证明放宽原止损会赚钱,binance_um:WIFUSDT:1h:box_any:15268
T528,APTUSDT,1h,2026-04-10 16:00:00+00:00,2026-04-12 01:00:00+00:00,,0.8586,0.8292,0.8292,-1.058408163265306,推进不足后止损,持仓第34根K，最低价0.8273触及当时已生效保护价0.8292；按初始止损在0.8292退出，扣费后净-1.06R。,距V9 21根，较父V9独立模拟入场价+1.39%；初始风险3.42%（3.09个信号ATR），往返成本0.058R。 入场信号收盘在六均线上方，IMACD未同时满足向上和增强，相对成交量2.36倍。 原账本最大浮盈0.73R；5分钟审计得到实际止损前浮盈范围0.73–0.73R（若上下界不同，触及止损的5分钟内先后未知）。 退出前最高收盘0.71R，未收盘达到2R，原追踪未激活。 退出下一根起48根内，最高回到原入场+0.60R，最低到-1.81R。,已比V9入场更贵，需评估确认收益能否覆盖追价代价；突破当时支撑或动能不完整，但此前单加六均线门未改善全池，不能直接套门,binance_um:APTUSDT:1h:box_any:15363
T529,SOLUSDT,1h,2026-04-11 20:00:00+00:00,2026-04-12 01:00:00+00:00,,85.99,84.08,84.08,-1.0900418848167557,推进不足后止损,持仓第6根K，最低价81.98触及当时已生效保护价84.08；按初始止损在84.08退出，扣费后净-1.09R。,距V9 95根，较父V9独立模拟入场价+4.98%；初始风险2.22%（3.21个信号ATR），往返成本0.090R。 入场信号收盘在六均线上方，IMACD向上且增强，相对成交量2.86倍。 原账本最大浮盈0.08R；5分钟审计得到实际止损前浮盈范围0.08–0.08R（若上下界不同，触及止损的5分钟内先后未知）。 退出前最高收盘-0.32R，未收盘达到2R，原追踪未激活。 退出下一根起48根内，最高回到原入场+0.42R，最低到-2.49R。,等待超过48根，需检验突破时原启动结构是否已失效；已比V9入场更贵，需评估确认收益能否覆盖追价代价,binance_um:SOLUSDT:1h:box_any:15391
T530,JUPUSDT,1h,2026-04-14 05:00:00+00:00,2026-04-14 17:00:00+00:00,,0.1693,0.1654,0.1654,-1.0868205128205113,推进不足后止损,持仓第13根K，最低价0.1652触及当时已生效保护价0.1654；按初始止损在0.1654退出，扣费后净-1.09R。,距V9 7根，较父V9独立模拟入场价+1.50%；初始风险2.30%（2.04个信号ATR），往返成本0.087R。 入场信号收盘在六均线上方，IMACD向上且增强，相对成交量0.98倍。 原账本最大浮盈0.74R；5分钟审计得到实际止损前浮盈范围0.74–0.74R（若上下界不同，触及止损的5分钟内先后未知）。 退出前最高收盘0.62R，未收盘达到2R，原追踪未激活。 退出下一根起48根内，最高回到原入场+1.31R，最低到-1.54R。,已比V9入场更贵，需评估确认收益能否覆盖追价代价；退出后48根内曾回到+1R；属事后重启机会，不能证明放宽原止损会赚钱,binance_um:JUPUSDT:1h:box_any:15448
T531,PENDLEUSDT,1h,2026-04-17 01:00:00+00:00,2026-04-17 05:00:00+00:00,,1.2941,1.2435,1.2435,-1.051150197628458,推进不足后止损,持仓第5根K，最低价1.2354触及当时已生效保护价1.2435；按初始止损在1.2435退出，扣费后净-1.05R。,距V9 33根，较父V9独立模拟入场价+20.18%；初始风险3.91%（2.00个信号ATR），往返成本0.051R。 入场信号收盘在六均线上方，IMACD向上且增强，相对成交量0.47倍。 原账本最大浮盈0.07R；5分钟审计得到实际止损前浮盈范围0.07–0.07R（若上下界不同，触及止损的5分钟内先后未知）。 退出前最高收盘-0.41R，未收盘达到2R，原追踪未激活。 退出下一根起48根内，最高回到原入场+3.83R，最低到-1.11R。,已比V9入场更贵，需评估确认收益能否覆盖追价代价；退出后48根内曾回到+1R；属事后重启机会，不能证明放宽原止损会赚钱,binance_um:PENDLEUSDT:1h:box_any:15516
T532,WIFUSDT,4h,2024-09-19 04:00:00+00:00,2024-10-02 16:00:00+00:00,,1.6788,1.4312,2.1397,1.8479095315024223,盈利保护退出,持仓第82根K，最低价2.0966触及当时已生效保护价2.1397；按追踪止损在2.1397退出，扣费后净+1.85R。,距V9 0根，较父V9独立模拟入场价+0.00%；初始风险14.75%（4.19个信号ATR），往返成本0.014R。 入场信号收盘在六均线上方，IMACD向上且增强，相对成交量2.07倍。 原账本最大浮盈3.89R；5分钟审计得到实际止损前浮盈范围3.89–3.89R（若上下界不同，触及止损的5分钟内先后未知）。 已收盘触及2R并激活追踪；退出时保护在入场价+1.86R，激活不保证保本。 退出下一根起48根内，最高回到原入场+4.56R，最低到+1.17R。,作为盈利对照保留：任何更早止盈/更严过滤都需计算会损失多少这类赢家,binance_um:WIFUSDT:4h:box_any:1467
T533,1000PEPEUSDT,4h,2024-09-20 12:00:00+00:00,2024-10-01 16:00:00+00:00,,0.0081841,0.0076428,0.009861,3.067673748383522,盈利保护退出,持仓第68根K，最低价0.00973触及当时已生效保护价0.009861；按追踪止损在0.009861退出，扣费后净+3.07R。,距V9 4根，较父V9独立模拟入场价+1.19%；初始风险6.61%（2.00个信号ATR），往返成本0.030R。 入场信号收盘在六均线上方，IMACD向上且增强，相对成交量1.36倍。 原账本最大浮盈6.99R；5分钟审计得到实际止损前浮盈范围6.99–6.99R（若上下界不同，触及止损的5分钟内先后未知）。 已收盘触及2R并激活追踪；退出时保护在入场价+3.10R，激活不保证保本。 退出下一根起48根内，最高回到原入场+4.87R，最低到+0.29R。,已比V9入场更贵，需评估确认收益能否覆盖追价代价；作为盈利对照保留：任何更早止盈/更严过滤都需计算会损失多少这类赢家,binance_um:1000PEPEUSDT:4h:box_any:1562
T534,NEARUSDT,4h,2024-09-22 04:00:00+00:00,2024-10-01 12:00:00+00:00,,4.607,4.305,5.062,1.4761125827814532,盈利保护退出,持仓第57根K，最低价4.819触及当时已生效保护价5.062；按追踪止损在5.062退出，扣费后净+1.48R。,距V9 18根，较父V9独立模拟入场价+1.68%；初始风险6.56%（2.34个信号ATR），往返成本0.031R。 入场信号收盘在六均线上方，IMACD向上且增强，相对成交量1.24倍。 原账本最大浮盈4.19R；5分钟审计得到实际止损前浮盈范围4.19–4.19R（若上下界不同，触及止损的5分钟内先后未知）。 已收盘触及2R并激活追踪；退出时保护在入场价+1.51R，激活不保证保本。 退出下一根起48根内，最高回到原入场+2.37R，最低到-0.63R。,已比V9入场更贵，需评估确认收益能否覆盖追价代价；作为盈利对照保留：任何更早止盈/更严过滤都需计算会损失多少这类赢家,binance_um:NEARUSDT:4h:box_any:1572
T535,DASHUSDT,4h,2024-09-27 16:00:00+00:00,2024-09-28 08:00:00+00:00,,26.29,25.45,25.45,-1.062595238095238,推进不足后止损,持仓第5根K，最低价25.35触及当时已生效保护价25.45；按初始止损在25.45退出，扣费后净-1.06R。,距V9 48根，较父V9独立模拟入场价+5.37%；初始风险3.20%（2.01个信号ATR），往返成本0.063R。 入场信号收盘在六均线上方，IMACD向上且增强，相对成交量1.59倍。 原账本最大浮盈0.17R；5分钟审计得到实际止损前浮盈范围0.17–0.17R（若上下界不同，触及止损的5分钟内先后未知）。 退出前最高收盘-0.01R，未收盘达到2R，原追踪未激活。 退出下一根起48根内，最高回到原入场+0.38R，最低到-5.00R。,已比V9入场更贵，需评估确认收益能否覆盖追价代价,binance_um:DASHUSDT:4h:box_any:1605
T536,API3USDT,4h,2024-09-27 20:00:00+00:00,2024-09-29 04:00:00+00:00,,1.6749,1.5886,1.5886,-1.0388157589803018,推进不足后止损,持仓第9根K，最低价1.5805触及当时已生效保护价1.5886；按初始止损在1.5886退出，扣费后净-1.04R。,距V9 61根，较父V9独立模拟入场价+5.86%；初始风险5.15%（1.99个信号ATR），往返成本0.039R。 入场信号收盘在六均线上方，IMACD向上且增强，相对成交量0.95倍。 原账本最大浮盈0.43R；5分钟审计得到实际止损前浮盈范围0.43–0.43R（若上下界不同，触及止损的5分钟内先后未知）。 退出前最高收盘0.25R，未收盘达到2R，原追踪未激活。 退出下一根起48根内，最高回到原入场-0.16R，最低到-5.07R。,等待超过48根，需检验突破时原启动结构是否已失效；已比V9入场更贵，需评估确认收益能否覆盖追价代价,binance_um:API3USDT:4h:box_any:1606
T537,ZECUSDT,4h,2024-10-10 12:00:00+00:00,2024-10-25 20:00:00+00:00,,31.14,28.5,34.44,1.2264090909090888,盈利保护退出,持仓第93根K，最低价34.08触及当时已生效保护价34.44；按追踪止损在34.44退出，扣费后净+1.23R。,距V9 0根，较父V9独立模拟入场价+0.00%；初始风险8.48%（3.70个信号ATR），往返成本0.024R。 入场信号收盘在六均线上方，IMACD向上且增强，相对成交量4.53倍。 原账本最大浮盈3.66R；5分钟审计得到实际止损前浮盈范围3.66–3.66R（若上下界不同，触及止损的5分钟内先后未知）。 已收盘触及2R并激活追踪；退出时保护在入场价+1.25R，激活不保证保本。 退出下一根起48根内，最高回到原入场+3.78R，最低到+0.73R。,作为盈利对照保留：任何更早止盈/更严过滤都需计算会损失多少这类赢家,binance_um:ZECUSDT:4h:box_any:1682
T538,UNIUSDT,4h,2024-10-12 04:00:00+00:00,2024-10-17 08:00:00+00:00,,7.777,7.305,7.305,-1.0329533898305092,到过1R后回吐,持仓第32根K，最低价7.305触及当时已生效保护价7.305；按初始止损在7.305退出，扣费后净-1.03R。,距V9 11根，较父V9独立模拟入场价+2.68%；初始风险6.07%（2.00个信号ATR），往返成本0.033R。 入场信号收盘在六均线上方，IMACD未同时满足向上和增强，相对成交量0.85倍。 原账本最大浮盈1.14R；5分钟审计得到实际止损前浮盈范围1.14–1.14R（若上下界不同，触及止损的5分钟内先后未知）。 退出前最高收盘0.95R，未收盘达到2R，原追踪未激活。 退出下一根起48根内，最高回到原入场+2.02R，最低到-1.25R。,已比V9入场更贵，需评估确认收益能否覆盖追价代价；突破当时支撑或动能不完整，但此前单加六均线门未改善全池，不能直接套门；退出后48根内曾回到+1R；属事后重启机会，不能证明放宽原止损会赚钱,binance_um:UNIUSDT:4h:box_any:1692
T539,BTCUSDT,4h,2024-10-14 08:00:00+00:00,2024-11-01 00:00:00+00:00,,64599.5,61864.8,69120.90000000001,1.6060997550005554,盈利保护退出,持仓第107根K，最低价68870.4触及当时已生效保护价69120.9；按追踪止损在69120.9退出，扣费后净+1.61R。,距V9 0根，较父V9独立模拟入场价+0.00%；初始风险4.23%（3.52个信号ATR），往返成本0.047R。 入场信号收盘在六均线上方，IMACD向上且增强，相对成交量2.59倍。 原账本最大浮盈3.31R；5分钟审计得到实际止损前浮盈范围3.31–3.31R（若上下界不同，触及止损的5分钟内先后未知）。 已收盘触及2R并激活追踪；退出时保护在入场价+1.65R，激活不保证保本。 退出下一根起48根内，最高回到原入场+4.60R，最低到+0.81R。,作为盈利对照保留：任何更早止盈/更严过滤都需计算会损失多少这类赢家,binance_um:BTCUSDT:4h:box_any:1705
T540,AAVEUSDT,4h,2024-10-30 20:00:00+00:00,2024-10-31 12:00:00+00:00,,156.13,147.88,147.88,-1.0378496969696969,推进不足后止损,持仓第5根K，最低价145.63触及当时已生效保护价147.88；按初始止损在147.88退出，扣费后净-1.04R。,距V9 10根，较父V9独立模拟入场价+1.51%；初始风险5.28%（2.41个信号ATR），往返成本0.038R。 入场信号收盘在六均线上方，IMACD未同时满足向上和增强，相对成交量0.97倍。 原账本最大浮盈0.19R；5分钟审计得到实际止损前浮盈范围0.19–0.19R（若上下界不同，触及止损的5分钟内先后未知）。 退出前最高收盘0.01R，未收盘达到2R，原追踪未激活。 退出下一根起48根内，最高回到原入场+4.23R，最低到-3.70R。,已比V9入场更贵，需评估确认收益能否覆盖追价代价；突破当时支撑或动能不完整，但此前单加六均线门未改善全池，不能直接套门；退出后48根内曾回到+1R；属事后重启机会，不能证明放宽原止损会赚钱,binance_um:AAVEUSDT:4h:box_any:1804
T541,AAVEUSDT,4h,2024-11-06 16:00:00+00:00,2024-12-09 20:00:00+00:00,,163.92,131.33,243.61,2.4351690702669555,盈利保护退出,持仓第200根K，最低价220触及当时已生效保护价243.61；按追踪止损在243.61退出，扣费后净+2.44R。,距V9 2根，较父V9独立模拟入场价+4.71%；初始风险19.88%（6.03个信号ATR），往返成本0.010R。 入场信号收盘在六均线上方，IMACD向上且增强，相对成交量3.12倍。 原账本最大浮盈4.10R；5分钟审计得到实际止损前浮盈范围4.10–4.10R（若上下界不同，触及止损的5分钟内先后未知）。 已收盘触及2R并激活追踪；退出时保护在入场价+2.45R，激活不保证保本。 退出下一根起48根内，最高回到原入场+7.24R，最低到+2.57R。,已比V9入场更贵，需评估确认收益能否覆盖追价代价；作为盈利对照保留：任何更早止盈/更严过滤都需计算会损失多少这类赢家,binance_um:AAVEUSDT:4h:box_any:1845
T542,ETHUSDT,4h,2024-11-07 00:00:00+00:00,2024-11-14 20:00:00+00:00,,2722.5,2548.69,3040.0,1.7953800126575017,盈利保护退出,持仓第48根K，最低价3031.6触及当时已生效保护价3040；按追踪止损在3040退出，扣费后净+1.80R。,距V9 1根，较父V9独立模拟入场价+1.29%；初始风险6.38%（2.93个信号ATR），往返成本0.031R。 入场信号收盘在六均线上方，IMACD未同时满足向上和增强，相对成交量1.34倍。 原账本最大浮盈4.18R；5分钟审计得到实际止损前浮盈范围4.18–4.18R（若上下界不同，触及止损的5分钟内先后未知）。 已收盘触及2R并激活追踪；退出时保护在入场价+1.83R，激活不保证保本。 退出下一根起48根内，最高回到原入场+4.07R，最低到+1.69R。,已比V9入场更贵，需评估确认收益能否覆盖追价代价；突破当时支撑或动能不完整，但此前单加六均线门未改善全池，不能直接套门；作为盈利对照保留：任何更早止盈/更严过滤都需计算会损失多少这类赢家,binance_um:ETHUSDT:4h:box_any:1847
T543,FILUSDT,4h,2024-11-08 20:00:00+00:00,2024-11-13 04:00:00+00:00,,3.91,3.66,3.9121,-0.0228800000000008,收盘激活追踪后仍亏,持仓第27根K，最低价3.854触及当时已生效保护价3.9121；按追踪止损在3.9121退出，扣费后净-0.02R。,距V9 11根，较父V9独立模拟入场价+5.36%；初始风险6.39%（2.51个信号ATR），往返成本0.031R。 入场信号收盘在六均线上方，IMACD向上且增强，相对成交量2.50倍。 原账本最大浮盈3.00R；5分钟审计得到实际止损前浮盈范围3.00–3.00R（若上下界不同，触及止损的5分钟内先后未知）。 已收盘触及2R并激活追踪；退出时保护在入场价+0.01R，激活不保证保本。 退出下一根起48根内，最高回到原入场+3.89R，最低到-0.51R。,已比V9入场更贵，需评估确认收益能否覆盖追价代价；退出后48根内曾回到+1R；属事后重启机会，不能证明放宽原止损会赚钱,binance_um:FILUSDT:4h:box_any:1858
T544,DASHUSDT,4h,2024-11-09 04:00:00+00:00,2024-12-09 20:00:00+00:00,,23.8,22.95,51.46,32.485176470588186,盈利保护退出,持仓第185根K，最低价41.18触及当时已生效保护价51.46；按追踪止损在51.46退出，扣费后净+32.49R。,距V9 17根，较父V9独立模拟入场价+3.93%；初始风险3.57%（2.01个信号ATR），往返成本0.056R。 入场信号收盘在六均线上方，IMACD向上且增强，相对成交量1.00倍。 原账本最大浮盈56.32R；5分钟审计得到实际止损前浮盈范围56.32–56.32R（若上下界不同，触及止损的5分钟内先后未知）。 已收盘触及2R并激活追踪；退出时保护在入场价+32.54R，激活不保证保本。 退出下一根起48根内，最高回到原入场+32.48R，最低到+19.14R。,已比V9入场更贵，需评估确认收益能否覆盖追价代价；作为盈利对照保留：任何更早止盈/更严过滤都需计算会损失多少这类赢家,binance_um:DASHUSDT:4h:box_any:1860
T545,BTCUSDT,4h,2025-04-02 20:00:00+00:00,2025-04-02 20:00:00+00:00,,86854.2,83607.3,83607.3,-1.0534997690104415,前三根止损,持仓第1根K，最低价82300触及当时已生效保护价83607.3；按初始止损在83607.3退出，扣费后净-1.05R。,距V9 0根，较父V9独立模拟入场价+0.00%；初始风险3.74%（2.72个信号ATR），往返成本0.053R。 入场信号收盘在六均线上方，IMACD向上且增强，相对成交量1.79倍。 原账本最大浮盈0.00R；5分钟审计得到实际止损前浮盈范围0.51–0.51R（若上下界不同，触及止损的5分钟内先后未知）。 入场当根退出，无存活持仓收盘；追踪未激活。 退出下一根起48根内，最高回到原入场-0.67R，最低到-3.82R。,当前事实不足以提出特定改法；先保留原规则作为对照。,binance_um:BTCUSDT:4h:box_any:2728
T546,BTCUSDT,4h,2025-04-19 08:00:00+00:00,2025-05-29 20:00:00+00:00,,85174.5,83570.40000000001,105328.9,12.458107973318445,盈利保护退出,持仓第244根K，最低价105054触及当时已生效保护价105329；按追踪止损在105329退出，扣费后净+12.46R。,距V9 44根，较父V9独立模拟入场价+2.15%；初始风险1.88%（2.00个信号ATR），往返成本0.106R。 入场信号收盘在六均线上方，IMACD未同时满足向上和增强，相对成交量0.88倍。 原账本最大浮盈16.70R；5分钟审计得到实际止损前浮盈范围16.70–16.70R（若上下界不同，触及止损的5分钟内先后未知）。 已收盘触及2R并激活追踪；退出时保护在入场价+12.56R，激活不保证保本。 退出下一根起48根内，最高回到原入场+13.47R，最低到+9.43R。,已比V9入场更贵，需评估确认收益能否覆盖追价代价；突破当时支撑或动能不完整，但此前单加六均线门未改善全池，不能直接套门；作为盈利对照保留：任何更早止盈/更严过滤都需计算会损失多少这类赢家,binance_um:BTCUSDT:4h:box_any:2827
T547,API3USDT,4h,2025-05-08 08:00:00+00:00,2025-05-15 08:00:00+00:00,,0.7777,0.7049000000000001,0.8313,0.7148983516483546,盈利保护退出,持仓第43根K，最低价0.8291触及当时已生效保护价0.8313；按追踪止损在0.8313退出，扣费后净+0.71R。,距V9 0根，较父V9独立模拟入场价+0.00%；初始风险9.36%（3.32个信号ATR），往返成本0.021R。 入场信号收盘在六均线上方，IMACD向上且增强，相对成交量1.54倍。 原账本最大浮盈2.82R；5分钟审计得到实际止损前浮盈范围2.82–2.82R（若上下界不同，触及止损的5分钟内先后未知）。 已收盘触及2R并激活追踪；退出时保护在入场价+0.74R，激活不保证保本。 退出下一根起48根内，最高回到原入场+2.39R，最低到+0.01R。,作为盈利对照保留：任何更早止盈/更严过滤都需计算会损失多少这类赢家,binance_um:API3USDT:4h:box_any:2941
T548,ARBUSDT,4h,2025-05-08 08:00:00+00:00,2025-05-13 00:00:00+00:00,,0.3305,0.29656,0.41262,2.40008839127873,盈利保护退出,持仓第29根K，最低价0.4064触及当时已生效保护价0.41262；按追踪止损在0.41262退出，扣费后净+2.40R。,距V9 0根，较父V9独立模拟入场价+0.00%；初始风险10.27%（3.91个信号ATR），往返成本0.019R。 入场信号收盘在六均线上方，IMACD向上且增强，相对成交量1.91倍。 原账本最大浮盈5.13R；5分钟审计得到实际止损前浮盈范围5.13–5.13R（若上下界不同，触及止损的5分钟内先后未知）。 已收盘触及2R并激活追踪；退出时保护在入场价+2.42R，激活不保证保本。 退出下一根起48根内，最高回到原入场+3.95R，最低到+0.98R。,作为盈利对照保留：任何更早止盈/更严过滤都需计算会损失多少这类赢家,binance_um:ARBUSDT:4h:box_any:2941
T549,ETHUSDT,4h,2025-06-10 16:00:00+00:00,2025-06-13 00:00:00+00:00,,2731.84,2563.62,2563.62,-1.0324793722506238,推进不足后止损,持仓第15根K，最低价2433.8触及当时已生效保护价2563.62；按初始止损在2563.62退出，扣费后净-1.03R。,距V9 4根，较父V9独立模拟入场价+1.97%；初始风险6.16%（3.08个信号ATR），往返成本0.032R。 入场信号收盘在六均线上方，IMACD向上且增强，相对成交量3.77倍。 原账本最大浮盈0.87R；5分钟审计得到实际止损前浮盈范围0.87–0.87R（若上下界不同，触及止损的5分钟内先后未知）。 退出前最高收盘0.79R，未收盘达到2R，原追踪未激活。 退出下一根起48根内，最高回到原入场-0.31R，最低到-2.19R。,已比V9入场更贵，需评估确认收益能否覆盖追价代价,binance_um:ETHUSDT:4h:box_any:3141
T550,BOMEUSDT,4h,2025-07-03 00:00:00+00:00,2025-07-24 04:00:00+00:00,,0.001643,0.0014303999999999,0.0019756,1.5489840075258705,盈利保护退出,持仓第128根K，最低价0.001896触及当时已生效保护价0.0019756；按追踪止损在0.0019756退出，扣费后净+1.55R。,距V9 0根，较父V9独立模拟入场价+0.00%；初始风险12.94%（4.04个信号ATR），往返成本0.015R。 入场信号收盘在六均线上方，IMACD向上且增强，相对成交量1.74倍。 原账本最大浮盈4.46R；5分钟审计得到实际止损前浮盈范围4.46–4.46R（若上下界不同，触及止损的5分钟内先后未知）。 已收盘触及2R并激活追踪；退出时保护在入场价+1.56R，激活不保证保本。 退出下一根起48根内，最高回到原入场+3.03R，最低到+0.46R。,作为盈利对照保留：任何更早止盈/更严过滤都需计算会损失多少这类赢家,binance_um:BOMEUSDT:4h:box_any:2840
T551,WIFUSDT,4h,2025-07-03 00:00:00+00:00,2025-07-24 04:00:00+00:00,,0.9088,0.777,1.0559,1.102294385432474,盈利保护退出,持仓第128根K，最低价1.0162触及当时已生效保护价1.0559；按追踪止损在1.0559退出，扣费后净+1.10R。,距V9 0根，较父V9独立模拟入场价+0.00%；初始风险14.50%（3.94个信号ATR），往返成本0.014R。 入场信号收盘在六均线上方，IMACD向上且增强，相对成交量1.78倍。 原账本最大浮盈3.16R；5分钟审计得到实际止损前浮盈范围3.16–3.16R（若上下界不同，触及止损的5分钟内先后未知）。 已收盘触及2R并激活追踪；退出时保护在入场价+1.12R，激活不保证保本。 退出下一根起48根内，最高回到原入场+2.05R，最低到-0.27R。,作为盈利对照保留：任何更早止盈/更严过滤都需计算会损失多少这类赢家,binance_um:WIFUSDT:4h:box_any:3188
T552,APTUSDT,4h,2025-07-11 00:00:00+00:00,2025-07-24 00:00:00+00:00,,4.8807,4.5402000000000005,4.8086,-0.2404152716593247,反向确认亏损退出,上一根出现原始反向信号，下一根开盘4.8086退出；这笔不是价格触及止损退出，扣费后净-0.24R。,距V9 6根，较父V9独立模拟入场价+5.23%；初始风险6.98%（3.57个信号ATR），往返成本0.029R。 入场信号收盘在六均线上方，IMACD未同时满足向上和增强，相对成交量2.81倍。 截至退出前/数据末端，原账本最大浮盈2.28R。 退出前最高收盘1.90R，未收盘达到2R，原追踪未激活。 退出下一根起48根内，最高回到原入场+0.31R，最低到-1.96R。,已比V9入场更贵，需评估确认收益能否覆盖追价代价；突破当时支撑或动能不完整，但此前单加六均线门未改善全池，不能直接套门；盘中高点与收盘触发存在差异；此前全池最高价激活试验未通过，不能凭此单直接修改,binance_um:APTUSDT:4h:box_any:3323
T553,SOLUSDT,4h,2025-07-11 04:00:00+00:00,2025-07-24 04:00:00+00:00,,165.11,154.89,183.11,1.7289412915851263,盈利保护退出,持仓第79根K，最低价179.2触及当时已生效保护价183.11；按追踪止损在183.11退出，扣费后净+1.73R。,距V9 8根，较父V9独立模拟入场价+5.01%；初始风险6.19%（3.40个信号ATR），往返成本0.032R。 入场信号收盘在六均线上方，IMACD向上且增强，相对成交量1.18倍。 原账本最大浮盈4.04R；5分钟审计得到实际止损前浮盈范围4.04–4.04R（若上下界不同，触及止损的5分钟内先后未知）。 已收盘触及2R并激活追踪；退出时保护在入场价+1.76R，激活不保证保本。 退出下一根起48根内，最高回到原入场+2.96R，最低到+0.21R。,已比V9入场更贵，需评估确认收益能否覆盖追价代价；作为盈利对照保留：任何更早止盈/更严过滤都需计算会损失多少这类赢家,binance_um:SOLUSDT:4h:box_any:3324
T554,DASHUSDT,4h,2025-07-20 04:00:00+00:00,2025-07-23 20:00:00+00:00,,24.58,23.1,23.1,-1.0332162162162155,推进不足后止损,持仓第23根K，最低价22.87触及当时已生效保护价23.1；按初始止损在23.1退出，扣费后净-1.03R。,距V9 61根，较父V9独立模拟入场价+18.63%；初始风险6.02%（2.00个信号ATR），往返成本0.033R。 入场信号收盘在六均线上方，IMACD向上且增强，相对成交量1.60倍。 原账本最大浮盈0.94R；5分钟审计得到实际止损前浮盈范围0.94–0.94R（若上下界不同，触及止损的5分钟内先后未知）。 退出前最高收盘0.70R，未收盘达到2R，原追踪未激活。 退出下一根起48根内，最高回到原入场-0.56R，最低到-2.96R。,等待超过48根，需检验突破时原启动结构是否已失效；已比V9入场更贵，需评估确认收益能否覆盖追价代价,binance_um:DASHUSDT:4h:box_any:3378
T555,MUBARAKUSDT,4h,2025-09-17 04:00:00+00:00,2025-09-25 16:00:00+00:00,,0.03851,0.02987,0.02987,-1.008914351851852,推进不足后止损,持仓第52根K，最低价0.02851触及当时已生效保护价0.02987；按初始止损在0.02987退出，扣费后净-1.01R。,距V9 1根，较父V9独立模拟入场价+5.19%；初始风险22.44%（4.19个信号ATR），往返成本0.009R。 入场信号收盘在六均线上方，IMACD向上且增强，相对成交量41.12倍。 原账本最大浮盈0.74R；5分钟审计得到实际止损前浮盈范围0.74–0.74R（若上下界不同，触及止损的5分钟内先后未知）。 退出前最高收盘0.48R，未收盘达到2R，原追踪未激活。 退出下一根起48根内，最高回到原入场-0.35R，最低到-1.27R。,已比V9入场更贵，需评估确认收益能否覆盖追价代价,binance_um:MUBARAKUSDT:4h:box_any:1101
T556,NEARUSDT,4h,2025-09-20 04:00:00+00:00,2025-09-22 04:00:00+00:00,,3.099,2.9090000000000003,2.9090000000000003,-1.0326210526315789,推进不足后止损,持仓第13根K，最低价2.72触及当时已生效保护价2.909；按初始止损在2.909退出，扣费后净-1.03R。,距V9 13根，较父V9独立模拟入场价+9.74%；初始风险6.13%（2.01个信号ATR），往返成本0.033R。 入场信号收盘在六均线上方，IMACD向上且增强，相对成交量1.49倍。 原账本最大浮盈0.95R；5分钟审计得到实际止损前浮盈范围0.95–0.95R（若上下界不同，触及止损的5分钟内先后未知）。 退出前最高收盘0.39R，未收盘达到2R，原追踪未激活。 退出下一根起48根内，最高回到原入场+0.17R，最低到-2.51R。,已比V9入场更贵，需评估确认收益能否覆盖追价代价,binance_um:NEARUSDT:4h:box_any:3750
T557,XTZUSDT,4h,2026-01-06 04:00:00+00:00,2026-01-19 00:00:00+00:00,,0.573,0.5313,0.5313,-1.027482014388489,到过1R后回吐,持仓第78根K，最低价0.526触及当时已生效保护价0.5313；按初始止损在0.5313退出，扣费后净-1.03R。,距V9 38根，较父V9独立模拟入场价+9.98%；初始风险7.28%（3.17个信号ATR），往返成本0.027R。 入场信号收盘在六均线上方，IMACD向上且增强，相对成交量1.12倍。 原账本最大浮盈1.58R；5分钟审计得到实际止损前浮盈范围1.58–1.58R（若上下界不同，触及止损的5分钟内先后未知）。 退出前最高收盘1.10R，未收盘达到2R，原追踪未激活。 退出下一根起48根内，最高回到原入场+1.53R，最低到-0.50R。,已比V9入场更贵，需评估确认收益能否覆盖追价代价；退出后48根内曾回到+1R；属事后重启机会，不能证明放宽原止损会赚钱,binance_um:XTZUSDT:4h:box_any:4398
T558,JUPUSDT,4h,2026-01-15 04:00:00+00:00,2026-01-18 20:00:00+00:00,,0.2245,0.2106,0.2106,-1.0323021582733811,推进不足后止损,持仓第23根K，最低价0.2077触及当时已生效保护价0.2106；按初始止损在0.2106退出，扣费后净-1.03R。,距V9 6根，较父V9独立模拟入场价-1.54%；初始风险6.19%（2.01个信号ATR），往返成本0.032R。 入场信号收盘在六均线上方，IMACD向上且增强，相对成交量1.32倍。 原账本最大浮盈0.50R；5分钟审计得到实际止损前浮盈范围0.50–0.50R（若上下界不同，触及止损的5分钟内先后未知）。 退出前最高收盘0.23R，未收盘达到2R，原追踪未激活。 退出下一根起48根内，最高回到原入场-1.17R，最低到-3.09R。,当前事实不足以提出特定改法；先保留原规则作为对照。,binance_um:JUPUSDT:4h:box_any:4286
T559,AAVEUSDT,4h,2026-03-13 08:00:00+00:00,2026-03-22 16:00:00+00:00,,114.21,106.3,106.3,-1.0288773704171938,到过1R后回吐,持仓第57根K，最低价105.69触及当时已生效保护价106.3；按初始止损在106.3退出，扣费后净-1.03R。,距V9 0根，较父V9独立模拟入场价+0.00%；初始风险6.93%（2.70个信号ATR），往返成本0.029R。 入场信号收盘在六均线上方，IMACD向上且增强，相对成交量0.92倍。 原账本最大浮盈1.34R；5分钟审计得到实际止损前浮盈范围1.34–1.34R（若上下界不同，触及止损的5分钟内先后未知）。 退出前最高收盘1.01R，未收盘达到2R，原追踪未激活。 退出下一根起48根内，最高回到原入场+0.28R，最低到-2.73R。,当前事实不足以提出特定改法；先保留原规则作为对照。,binance_um:AAVEUSDT:4h:box_any:4795
T560,ENAUSDT,4h,2026-03-16 12:00:00+00:00,2026-03-18 12:00:00+00:00,,0.1151,0.10692,0.10692,-1.028141809290954,推进不足后止损,持仓第13根K，最低价0.1068触及当时已生效保护价0.10692；按初始止损在0.10692退出，扣费后净-1.03R。,距V9 1根，较父V9独立模拟入场价-1.79%；初始风险7.11%（2.86个信号ATR），往返成本0.028R。 入场信号收盘在六均线上方，IMACD向上且增强，相对成交量1.88倍。 原账本最大浮盈0.67R；5分钟审计得到实际止损前浮盈范围0.67–0.67R（若上下界不同，触及止损的5分钟内先后未知）。 退出前最高收盘0.54R，未收盘达到2R，原追踪未激活。 退出下一根起48根内，最高回到原入场-0.64R，最低到-2.95R。,当前事实不足以提出特定改法；先保留原规则作为对照。,binance_um:ENAUSDT:4h:box_any:4277
T561,USELESSUSDT,4h,2026-03-16 12:00:00+00:00,2026-03-18 12:00:00+00:00,,0.04317,0.03775,0.03775,-1.015929889298893,推进不足后止损,持仓第13根K，最低价0.03656触及当时已生效保护价0.03775；按初始止损在0.03775退出，扣费后净-1.02R。,距V9 1根，较父V9独立模拟入场价-1.17%；初始风险12.56%（3.00个信号ATR），往返成本0.016R。 入场信号收盘在六均线上方，IMACD向上且增强，相对成交量3.14倍。 原账本最大浮盈0.77R；5分钟审计得到实际止损前浮盈范围0.77–0.77R（若上下界不同，触及止损的5分钟内先后未知）。 退出前最高收盘0.60R，未收盘达到2R，原追踪未激活。 退出下一根起48根内，最高回到原入场-0.51R，最低到-1.80R。,当前事实不足以提出特定改法；先保留原规则作为对照。,binance_um:USELESSUSDT:4h:box_any:1277
T562,PENDLEUSDT,4h,2026-03-17 00:00:00+00:00,2026-03-18 12:00:00+00:00,,1.3772,1.2949000000000002,1.2949000000000002,-1.0334678007290394,推进不足后止损,持仓第10根K，最低价1.2441触及当时已生效保护价1.2949；按初始止损在1.2949退出，扣费后净-1.03R。,距V9 39根，较父V9独立模拟入场价+7.94%；初始风险5.98%（2.90个信号ATR），往返成本0.033R。 入场信号收盘在六均线上方，IMACD向上且增强，相对成交量1.36倍。 原账本最大浮盈0.19R；5分钟审计得到实际止损前浮盈范围0.19–0.19R（若上下界不同，触及止损的5分钟内先后未知）。 退出前最高收盘-0.20R，未收盘达到2R，原追踪未激活。 退出下一根起48根内，最高回到原入场-0.68R，最低到-2.94R。,已比V9入场更贵，需评估确认收益能否覆盖追价代价,binance_um:PENDLEUSDT:4h:box_any:4817
T563,PIEVERSEUSDT,4h,2026-04-06 00:00:00+00:00,2026-04-06 16:00:00+00:00,,0.5623,0.5199,0.5199,-1.0265235849056604,推进不足后止损,持仓第5根K，最低价0.505触及当时已生效保护价0.5199；按初始止损在0.5199退出，扣费后净-1.03R。,距V9 0根，较父V9独立模拟入场价+0.00%；初始风险7.54%（3.00个信号ATR），往返成本0.027R。 入场信号收盘在六均线上方，IMACD向上且增强，相对成交量1.52倍。 原账本最大浮盈0.01R；5分钟审计得到实际止损前浮盈范围0.01–0.01R（若上下界不同，触及止损的5分钟内先后未知）。 退出前最高收盘-0.33R，未收盘达到2R，原追踪未激活。 退出下一根起48根内，最高回到原入场-0.53R，最低到-3.90R。,当前事实不足以提出特定改法；先保留原规则作为对照。,binance_um:PIEVERSEUSDT:4h:box_any:855
T564,ZECUSDT,4h,2026-04-07 08:00:00+00:00,2026-04-18 16:00:00+00:00,,263.18,246.59,318.86,3.3245111512959618,盈利保护退出,持仓第69根K，最低价318.03触及当时已生效保护价318.86；按追踪止损在318.86退出，扣费后净+3.32R。,距V9 42根，较父V9独立模拟入场价+14.43%；初始风险6.30%（2.18个信号ATR），往返成本0.032R。 入场信号收盘在六均线上方，IMACD向上且增强，相对成交量2.21倍。 原账本最大浮盈7.89R；5分钟审计得到实际止损前浮盈范围7.89–7.89R（若上下界不同，触及止损的5分钟内先后未知）。 已收盘触及2R并激活追踪；退出时保护在入场价+3.36R，激活不保证保本。 退出下一根起48根内，最高回到原入场+6.27R，最低到+2.19R。,已比V9入场更贵，需评估确认收益能否覆盖追价代价；作为盈利对照保留：任何更早止盈/更严过滤都需计算会损失多少这类赢家,binance_um:ZECUSDT:4h:box_any:4945
T565,WIFUSDT,4h,2026-04-08 04:00:00+00:00,2026-04-27 04:00:00+00:00,,0.1984,0.1751,0.1751,-1.0170300429184551,到过1R后回吐,持仓第115根K，最低价0.1751触及当时已生效保护价0.1751；按初始止损在0.1751退出，扣费后净-1.02R。,距V9 0根，较父V9独立模拟入场价+0.00%；初始风险11.74%（4.35个信号ATR），往返成本0.017R。 入场信号收盘在六均线上方，IMACD向上且增强，相对成交量1.14倍。 原账本最大浮盈1.21R；5分钟审计得到实际止损前浮盈范围1.21–1.21R（若上下界不同，触及止损的5分钟内先后未知）。 退出前最高收盘1.13R，未收盘达到2R，原追踪未激活。 退出后48根窗口不足或断档，不评价止损后是否重新启动。,当前事实不足以提出特定改法；先保留原规则作为对照。,binance_um:WIFUSDT:4h:box_any:4863
T566,AEROUSDT,4h,2026-04-08 12:00:00+00:00,2026-04-19 00:00:00+00:00,,0.3381,0.306,0.3913,1.6362554517133947,盈利保护退出,持仓第64根K，最低价0.3864触及当时已生效保护价0.3913；按追踪止损在0.3913退出，扣费后净+1.64R。,距V9 2根，较父V9独立模拟入场价+2.30%；初始风险9.49%（4.23个信号ATR），往返成本0.021R。 入场信号收盘在六均线上方，IMACD未同时满足向上和增强，相对成交量2.55倍。 原账本最大浮盈4.10R；5分钟审计得到实际止损前浮盈范围4.10–4.10R（若上下界不同，触及止损的5分钟内先后未知）。 已收盘触及2R并激活追踪；退出时保护在入场价+1.66R，激活不保证保本。 退出下一根起48根内，最高回到原入场+4.53R，最低到+0.91R。,已比V9入场更贵，需评估确认收益能否覆盖追价代价；突破当时支撑或动能不完整，但此前单加六均线门未改善全池，不能直接套门；作为盈利对照保留：任何更早止盈/更严过滤都需计算会损失多少这类赢家,binance_um:AEROUSDT:4h:box_any:2939
T567,1000PEPEUSDT,4h,2026-04-14 04:00:00+00:00,2026-04-30 20:00:00+00:00,2026-05-01 00:00:00+00:00,0.0037027,0.0034346,0.0038727,,数据结束仍持仓,截至2026-05-01 00:00:00+00:00仍持仓，不能按已平仓盈利或亏损归类。末根收盘计算的下根保护价0.0034346。,距V9 36根，较父V9独立模拟入场价-0.10%；初始风险7.24%（2.80个信号ATR），往返成本0.028R。 入场信号收盘在六均线上方，IMACD向上且增强，相对成交量1.85倍。 截至退出前/数据末端，原账本最大浮盈1.71R。 截至数据末端最高收盘1.51R，未收盘达到2R，原追踪未激活。,当前事实不足以提出特定改法；先保留原规则作为对照。,binance_um:1000PEPEUSDT:4h:box_any:4986
T568,JUPUSDT,4h,2026-04-14 04:00:00+00:00,2026-04-19 20:00:00+00:00,,0.1696,0.161,0.1704,0.0535813953488383,盈利保护退出,持仓第35根K，最低价0.1675触及当时已生效保护价0.1704；按追踪止损在0.1704退出，扣费后净+0.05R。,距V9 1根，较父V9独立模拟入场价-0.88%；初始风险5.07%（2.41个信号ATR），往返成本0.039R。 入场信号收盘在六均线上方，IMACD向上且增强，相对成交量1.67倍。 原账本最大浮盈2.38R；5分钟审计得到实际止损前浮盈范围2.38–2.38R（若上下界不同，触及止损的5分钟内先后未知）。 已收盘触及2R并激活追踪；退出时保护在入场价+0.09R，激活不保证保本。 退出下一根起48根内，最高回到原入场+3.44R，最低到-0.36R。,作为盈利对照保留：任何更早止盈/更严过滤都需计算会损失多少这类赢家,binance_um:JUPUSDT:4h:box_any:4820
T569,ARUSDT,4h,2026-04-15 16:00:00+00:00,2026-04-23 08:00:00+00:00,,1.853,1.722,1.916,0.452625954198476,盈利保护退出,持仓第47根K，最低价1.897触及当时已生效保护价1.916；按追踪止损在1.916退出，扣费后净+0.45R。,距V9 3根，较父V9独立模拟入场价+5.05%；初始风险7.07%（3.06个信号ATR），往返成本0.028R。 入场信号收盘在六均线上方，IMACD向上且增强，相对成交量2.60倍。 原账本最大浮盈3.46R；5分钟审计得到实际止损前浮盈范围3.46–3.46R（若上下界不同，触及止损的5分钟内先后未知）。 已收盘触及2R并激活追踪；退出时保护在入场价+0.48R，激活不保证保本。 退出后48根窗口不足或断档，不评价止损后是否重新启动。,已比V9入场更贵，需评估确认收益能否覆盖追价代价；作为盈利对照保留：任何更早止盈/更严过滤都需计算会损失多少这类赢家,binance_um:ARUSDT:4h:box_any:4995
T570,XTZUSDT,4h,2026-04-28 08:00:00+00:00,2026-04-30 20:00:00+00:00,2026-05-01 00:00:00+00:00,0.392,0.3607,0.365,,数据结束仍持仓,截至2026-05-01 00:00:00+00:00仍持仓，不能按已平仓盈利或亏损归类。末根收盘计算的下根保护价0.3607。,距V9 0根，较父V9独立模拟入场价+0.00%；初始风险7.98%（4.66个信号ATR），往返成本0.025R。 入场信号收盘在六均线上方，IMACD向上且增强，相对成交量4.65倍。 截至退出前/数据末端，原账本最大浮盈0.23R。 截至数据末端最高收盘-0.07R，未收盘达到2R，原追踪未激活。,当前事实不足以提出特定改法；先保留原规则作为对照。,binance_um:XTZUSDT:4h:box_any:5071
