=== 等 v10 候选池 07-29 13:19 ===
=== 等 v10 候选池 07-29 17:13 ===
=== 池子跑完 07-30 02:04,取回 ===
v10 池: 18379 行 / 232 币 / 2026-02-01~2026-05-03
  holdout 泄漏(>=2026-05-04): 0 行  ← 必须 0
  重复 (symbol, signal_i): 0
  出场标签 9 套: barrier, be, hold, partial, struct, tponly, trail, trend, wide

=== ① 九种出场对照(v10 候选,带匹配随机对照)===
池 judgment_v10_wide.csv  18379 行 / 232 币
① 真实候选的九种出场…
/Users/zhangzc/fable-trading/scripts/diag_nine_exits_matched.py:200: UserWarning: Converting to Period representation will drop timezone information.
  "month": r["t"].to_period("M"),
/Users/zhangzc/fable-trading/scripts/diag_nine_exits_matched.py:200: UserWarning: Converting to Period representation will drop timezone information.
  "month": r["t"].to_period("M"),
/Users/zhangzc/fable-trading/scripts/diag_nine_exits_matched.py:200: UserWarning: Converting to Period representation will drop timezone information.
  "month": r["t"].to_period("M"),
/Users/zhangzc/fable-trading/scripts/diag_nine_exits_matched.py:200: UserWarning: Converting to Period representation will drop timezone information.
  "month": r["t"].to_period("M"),
/Users/zhangzc/fable-trading/scripts/diag_nine_exits_matched.py:200: UserWarning: Converting to Period representation will drop timezone information.
  "month": r["t"].to_period("M"),
/Users/zhangzc/fable-trading/scripts/diag_nine_exits_matched.py:200: UserWarning: Converting to Period representation will drop timezone information.
  "month": r["t"].to_period("M"),
/Users/zhangzc/fable-trading/scripts/diag_nine_exits_matched.py:200: UserWarning: Converting to Period representation will drop timezone information.
  "month": r["t"].to_period("M"),
/Users/zhangzc/fable-trading/scripts/diag_nine_exits_matched.py:200: UserWarning: Converting to Period representation will drop timezone information.
  "month": r["t"].to_period("M"),
/Users/zhangzc/fable-trading/scripts/diag_nine_exits_matched.py:200: UserWarning: Converting to Period representation will drop timezone information.
  "month": r["t"].to_period("M"),
/Users/zhangzc/fable-trading/scripts/diag_nine_exits_matched.py:200: UserWarning: Converting to Period representation will drop timezone information.
  "month": r["t"].to_period("M"),
/Users/zhangzc/fable-trading/scripts/diag_nine_exits_matched.py:200: UserWarning: Converting to Period representation will drop timezone information.
  "month": r["t"].to_period("M"),
/Users/zhangzc/fable-trading/scripts/diag_nine_exits_matched.py:200: UserWarning: Converting to Period representation will drop timezone information.
  "month": r["t"].to_period("M"),
/Users/zhangzc/fable-trading/scripts/diag_nine_exits_matched.py:200: UserWarning: Converting to Period representation will drop timezone information.
  "month": r["t"].to_period("M"),
/Users/zhangzc/fable-trading/scripts/diag_nine_exits_matched.py:200: UserWarning: Converting to Period representation will drop timezone information.
  "month": r["t"].to_period("M"),
/Users/zhangzc/fable-trading/scripts/diag_nine_exits_matched.py:200: UserWarning: Converting to Period representation will drop timezone information.
  "month": r["t"].to_period("M"),
/Users/zhangzc/fable-trading/scripts/diag_nine_exits_matched.py:200: UserWarning: Converting to Period representation will drop timezone information.
  "month": r["t"].to_period("M"),
/Users/zhangzc/fable-trading/scripts/diag_nine_exits_matched.py:200: UserWarning: Converting to Period representation will drop timezone information.
  "month": r["t"].to_period("M"),
/Users/zhangzc/fable-trading/scripts/diag_nine_exits_matched.py:200: UserWarning: Converting to Period representation will drop timezone information.
  "month": r["t"].to_period("M"),
/Users/zhangzc/fable-trading/scripts/diag_nine_exits_matched.py:200: UserWarning: Converting to Period representation will drop timezone information.
  "month": r["t"].to_period("M"),
/Users/zhangzc/fable-trading/scripts/diag_nine_exits_matched.py:200: UserWarning: Converting to Period representation will drop timezone information.
  "month": r["t"].to_period("M"),
/Users/zhangzc/fable-trading/scripts/diag_nine_exits_matched.py:200: UserWarning: Converting to Period representation will drop timezone information.
  "month": r["t"].to_period("M"),
/Users/zhangzc/fable-trading/scripts/diag_nine_exits_matched.py:200: UserWarning: Converting to Period representation will drop timezone information.
  "month": r["t"].to_period("M"),
/Users/zhangzc/fable-trading/scripts/diag_nine_exits_matched.py:200: UserWarning: Converting to Period representation will drop timezone information.
  "month": r["t"].to_period("M"),
/Users/zhangzc/fable-trading/scripts/diag_nine_exits_matched.py:200: UserWarning: Converting to Period representation will drop timezone information.
  "month": r["t"].to_period("M"),
/Users/zhangzc/fable-trading/scripts/diag_nine_exits_matched.py:200: UserWarning: Converting to Period representation will drop timezone information.
  "month": r["t"].to_period("M"),
   [25/232]
/Users/zhangzc/fable-trading/scripts/diag_nine_exits_matched.py:200: UserWarning: Converting to Period representation will drop timezone information.
  "month": r["t"].to_period("M"),
/Users/zhangzc/fable-trading/scripts/diag_nine_exits_matched.py:200: UserWarning: Converting to Period representation will drop timezone information.
  "month": r["t"].to_period("M"),
/Users/zhangzc/fable-trading/scripts/diag_nine_exits_matched.py:200: UserWarning: Converting to Period representation will drop timezone information.
  "month": r["t"].to_period("M"),
/Users/zhangzc/fable-trading/scripts/diag_nine_exits_matched.py:200: UserWarning: Converting to Period representation will drop timezone information.
  "month": r["t"].to_period("M"),
/Users/zhangzc/fable-trading/scripts/diag_nine_exits_matched.py:200: UserWarning: Converting to Period representation will drop timezone information.
  "month": r["t"].to_period("M"),
/Users/zhangzc/fable-trading/scripts/diag_nine_exits_matched.py:200: UserWarning: Converting to Period representation will drop timezone information.
  "month": r["t"].to_period("M"),
/Users/zhangzc/fable-trading/scripts/diag_nine_exits_matched.py:200: UserWarning: Converting to Period representation will drop timezone information.
  "month": r["t"].to_period("M"),
/Users/zhangzc/fable-trading/scripts/diag_nine_exits_matched.py:200: UserWarning: Converting to Period representation will drop timezone information.
  "month": r["t"].to_period("M"),
/Users/zhangzc/fable-trading/scripts/diag_nine_exits_matched.py:200: UserWarning: Converting to Period representation will drop timezone information.
  "month": r["t"].to_period("M"),
/Users/zhangzc/fable-trading/scripts/diag_nine_exits_matched.py:200: UserWarning: Converting to Period representation will drop timezone information.
  "month": r["t"].to_period("M"),
/Users/zhangzc/fable-trading/scripts/diag_nine_exits_matched.py:200: UserWarning: Converting to Period representation will drop timezone information.
  "month": r["t"].to_period("M"),
/Users/zhangzc/fable-trading/scripts/diag_nine_exits_matched.py:200: UserWarning: Converting to Period representation will drop timezone information.
  "month": r["t"].to_period("M"),
/Users/zhangzc/fable-trading/scripts/diag_nine_exits_matched.py:200: UserWarning: Converting to Period representation will drop timezone information.
  "month": r["t"].to_period("M"),
/Users/zhangzc/fable-trading/scripts/diag_nine_exits_matched.py:200: UserWarning: Converting to Period representation will drop timezone information.
  "month": r["t"].to_period("M"),
/Users/zhangzc/fable-trading/scripts/diag_nine_exits_matched.py:200: UserWarning: Converting to Period representation will drop timezone information.
  "month": r["t"].to_period("M"),
/Users/zhangzc/fable-trading/scripts/diag_nine_exits_matched.py:200: UserWarning: Converting to Period representation will drop timezone information.
  "month": r["t"].to_period("M"),
/Users/zhangzc/fable-trading/scripts/diag_nine_exits_matched.py:200: UserWarning: Converting to Period representation will drop timezone information.
  "month": r["t"].to_period("M"),
/Users/zhangzc/fable-trading/scripts/diag_nine_exits_matched.py:200: UserWarning: Converting to Period representation will drop timezone information.
  "month": r["t"].to_period("M"),
/Users/zhangzc/fable-trading/scripts/diag_nine_exits_matched.py:200: UserWarning: Converting to Period representation will drop timezone information.
  "month": r["t"].to_period("M"),
/Users/zhangzc/fable-trading/scripts/diag_nine_exits_matched.py:200: UserWarning: Converting to Period representation will drop timezone information.
  "month": r["t"].to_period("M"),
/Users/zhangzc/fable-trading/scripts/diag_nine_exits_matched.py:200: UserWarning: Converting to Period representation will drop timezone information.
  "month": r["t"].to_period("M"),
/Users/zhangzc/fable-trading/scripts/diag_nine_exits_matched.py:200: UserWarning: Converting to Period representation will drop timezone information.
  "month": r["t"].to_period("M"),
/Users/zhangzc/fable-trading/scripts/diag_nine_exits_matched.py:200: UserWarning: Converting to Period representation will drop timezone information.
  "month": r["t"].to_period("M"),
/Users/zhangzc/fable-trading/scripts/diag_nine_exits_matched.py:200: UserWarning: Converting to Period representation will drop timezone information.
  "month": r["t"].to_period("M"),
/Users/zhangzc/fable-trading/scripts/diag_nine_exits_matched.py:200: UserWarning: Converting to Period representation will drop timezone information.
  "month": r["t"].to_period("M"),
   [50/232]
/Users/zhangzc/fable-trading/scripts/diag_nine_exits_matched.py:200: UserWarning: Converting to Period representation will drop timezone information.
  "month": r["t"].to_period("M"),
/Users/zhangzc/fable-trading/scripts/diag_nine_exits_matched.py:200: UserWarning: Converting to Period representation will drop timezone information.
  "month": r["t"].to_period("M"),
/Users/zhangzc/fable-trading/scripts/diag_nine_exits_matched.py:200: UserWarning: Converting to Period representation will drop timezone information.
  "month": r["t"].to_period("M"),
/Users/zhangzc/fable-trading/scripts/diag_nine_exits_matched.py:200: UserWarning: Converting to Period representation will drop timezone information.
  "month": r["t"].to_period("M"),
/Users/zhangzc/fable-trading/scripts/diag_nine_exits_matched.py:200: UserWarning: Converting to Period representation will drop timezone information.
  "month": r["t"].to_period("M"),
/Users/zhangzc/fable-trading/scripts/diag_nine_exits_matched.py:200: UserWarning: Converting to Period representation will drop timezone information.
  "month": r["t"].to_period("M"),
/Users/zhangzc/fable-trading/scripts/diag_nine_exits_matched.py:200: UserWarning: Converting to Period representation will drop timezone information.
  "month": r["t"].to_period("M"),
/Users/zhangzc/fable-trading/scripts/diag_nine_exits_matched.py:200: UserWarning: Converting to Period representation will drop timezone information.
  "month": r["t"].to_period("M"),
/Users/zhangzc/fable-trading/scripts/diag_nine_exits_matched.py:200: UserWarning: Converting to Period representation will drop timezone information.
  "month": r["t"].to_period("M"),
/Users/zhangzc/fable-trading/scripts/diag_nine_exits_matched.py:200: UserWarning: Converting to Period representation will drop timezone information.
  "month": r["t"].to_period("M"),
/Users/zhangzc/fable-trading/scripts/diag_nine_exits_matched.py:200: UserWarning: Converting to Period representation will drop timezone information.
  "month": r["t"].to_period("M"),
/Users/zhangzc/fable-trading/scripts/diag_nine_exits_matched.py:200: UserWarning: Converting to Period representation will drop timezone information.
  "month": r["t"].to_period("M"),
/Users/zhangzc/fable-trading/scripts/diag_nine_exits_matched.py:200: UserWarning: Converting to Period representation will drop timezone information.
  "month": r["t"].to_period("M"),
/Users/zhangzc/fable-trading/scripts/diag_nine_exits_matched.py:200: UserWarning: Converting to Period representation will drop timezone information.
  "month": r["t"].to_period("M"),
/Users/zhangzc/fable-trading/scripts/diag_nine_exits_matched.py:200: UserWarning: Converting to Period representation will drop timezone information.
  "month": r["t"].to_period("M"),
/Users/zhangzc/fable-trading/scripts/diag_nine_exits_matched.py:200: UserWarning: Converting to Period representation will drop timezone information.
  "month": r["t"].to_period("M"),
/Users/zhangzc/fable-trading/scripts/diag_nine_exits_matched.py:200: UserWarning: Converting to Period representation will drop timezone information.
  "month": r["t"].to_period("M"),
/Users/zhangzc/fable-trading/scripts/diag_nine_exits_matched.py:200: UserWarning: Converting to Period representation will drop timezone information.
  "month": r["t"].to_period("M"),
/Users/zhangzc/fable-trading/scripts/diag_nine_exits_matched.py:200: UserWarning: Converting to Period representation will drop timezone information.
  "month": r["t"].to_period("M"),
/Users/zhangzc/fable-trading/scripts/diag_nine_exits_matched.py:200: UserWarning: Converting to Period representation will drop timezone information.
  "month": r["t"].to_period("M"),
/Users/zhangzc/fable-trading/scripts/diag_nine_exits_matched.py:200: UserWarning: Converting to Period representation will drop timezone information.
  "month": r["t"].to_period("M"),
/Users/zhangzc/fable-trading/scripts/diag_nine_exits_matched.py:200: UserWarning: Converting to Period representation will drop timezone information.
  "month": r["t"].to_period("M"),
/Users/zhangzc/fable-trading/scripts/diag_nine_exits_matched.py:200: UserWarning: Converting to Period representation will drop timezone information.
  "month": r["t"].to_period("M"),
/Users/zhangzc/fable-trading/scripts/diag_nine_exits_matched.py:200: UserWarning: Converting to Period representation will drop timezone information.
  "month": r["t"].to_period("M"),
/Users/zhangzc/fable-trading/scripts/diag_nine_exits_matched.py:200: UserWarning: Converting to Period representation will drop timezone information.
  "month": r["t"].to_period("M"),
   [75/232]
/Users/zhangzc/fable-trading/scripts/diag_nine_exits_matched.py:200: UserWarning: Converting to Period representation will drop timezone information.
  "month": r["t"].to_period("M"),
/Users/zhangzc/fable-trading/scripts/diag_nine_exits_matched.py:200: UserWarning: Converting to Period representation will drop timezone information.
  "month": r["t"].to_period("M"),
/Users/zhangzc/fable-trading/scripts/diag_nine_exits_matched.py:200: UserWarning: Converting to Period representation will drop timezone information.
  "month": r["t"].to_period("M"),
/Users/zhangzc/fable-trading/scripts/diag_nine_exits_matched.py:200: UserWarning: Converting to Period representation will drop timezone information.
  "month": r["t"].to_period("M"),
/Users/zhangzc/fable-trading/scripts/diag_nine_exits_matched.py:200: UserWarning: Converting to Period representation will drop timezone information.
  "month": r["t"].to_period("M"),
/Users/zhangzc/fable-trading/scripts/diag_nine_exits_matched.py:200: UserWarning: Converting to Period representation will drop timezone information.
  "month": r["t"].to_period("M"),
/Users/zhangzc/fable-trading/scripts/diag_nine_exits_matched.py:200: UserWarning: Converting to Period representation will drop timezone information.
  "month": r["t"].to_period("M"),
/Users/zhangzc/fable-trading/scripts/diag_nine_exits_matched.py:200: UserWarning: Converting to Period representation will drop timezone information.
  "month": r["t"].to_period("M"),
/Users/zhangzc/fable-trading/scripts/diag_nine_exits_matched.py:200: UserWarning: Converting to Period representation will drop timezone information.
  "month": r["t"].to_period("M"),
/Users/zhangzc/fable-trading/scripts/diag_nine_exits_matched.py:200: UserWarning: Converting to Period representation will drop timezone information.
  "month": r["t"].to_period("M"),
/Users/zhangzc/fable-trading/scripts/diag_nine_exits_matched.py:200: UserWarning: Converting to Period representation will drop timezone information.
  "month": r["t"].to_period("M"),
/Users/zhangzc/fable-trading/scripts/diag_nine_exits_matched.py:200: UserWarning: Converting to Period representation will drop timezone information.
  "month": r["t"].to_period("M"),
/Users/zhangzc/fable-trading/scripts/diag_nine_exits_matched.py:200: UserWarning: Converting to Period representation will drop timezone information.
  "month": r["t"].to_period("M"),
/Users/zhangzc/fable-trading/scripts/diag_nine_exits_matched.py:200: UserWarning: Converting to Period representation will drop timezone information.
  "month": r["t"].to_period("M"),
/Users/zhangzc/fable-trading/scripts/diag_nine_exits_matched.py:200: UserWarning: Converting to Period representation will drop timezone information.
  "month": r["t"].to_period("M"),
/Users/zhangzc/fable-trading/scripts/diag_nine_exits_matched.py:200: UserWarning: Converting to Period representation will drop timezone information.
  "month": r["t"].to_period("M"),
/Users/zhangzc/fable-trading/scripts/diag_nine_exits_matched.py:200: UserWarning: Converting to Period representation will drop timezone information.
  "month": r["t"].to_period("M"),
/Users/zhangzc/fable-trading/scripts/diag_nine_exits_matched.py:200: UserWarning: Converting to Period representation will drop timezone information.
  "month": r["t"].to_period("M"),
/Users/zhangzc/fable-trading/scripts/diag_nine_exits_matched.py:200: UserWarning: Converting to Period representation will drop timezone information.
  "month": r["t"].to_period("M"),
/Users/zhangzc/fable-trading/scripts/diag_nine_exits_matched.py:200: UserWarning: Converting to Period representation will drop timezone information.
  "month": r["t"].to_period("M"),
/Users/zhangzc/fable-trading/scripts/diag_nine_exits_matched.py:200: UserWarning: Converting to Period representation will drop timezone information.
  "month": r["t"].to_period("M"),
/Users/zhangzc/fable-trading/scripts/diag_nine_exits_matched.py:200: UserWarning: Converting to Period representation will drop timezone information.
  "month": r["t"].to_period("M"),
/Users/zhangzc/fable-trading/scripts/diag_nine_exits_matched.py:200: UserWarning: Converting to Period representation will drop timezone information.
  "month": r["t"].to_period("M"),
/Users/zhangzc/fable-trading/scripts/diag_nine_exits_matched.py:200: UserWarning: Converting to Period representation will drop timezone information.
  "month": r["t"].to_period("M"),
/Users/zhangzc/fable-trading/scripts/diag_nine_exits_matched.py:200: UserWarning: Converting to Period representation will drop timezone information.
  "month": r["t"].to_period("M"),
   [100/232]
/Users/zhangzc/fable-trading/scripts/diag_nine_exits_matched.py:200: UserWarning: Converting to Period representation will drop timezone information.
  "month": r["t"].to_period("M"),
/Users/zhangzc/fable-trading/scripts/diag_nine_exits_matched.py:200: UserWarning: Converting to Period representation will drop timezone information.
  "month": r["t"].to_period("M"),
/Users/zhangzc/fable-trading/scripts/diag_nine_exits_matched.py:200: UserWarning: Converting to Period representation will drop timezone information.
  "month": r["t"].to_period("M"),
/Users/zhangzc/fable-trading/scripts/diag_nine_exits_matched.py:200: UserWarning: Converting to Period representation will drop timezone information.
  "month": r["t"].to_period("M"),
/Users/zhangzc/fable-trading/scripts/diag_nine_exits_matched.py:200: UserWarning: Converting to Period representation will drop timezone information.
  "month": r["t"].to_period("M"),
/Users/zhangzc/fable-trading/scripts/diag_nine_exits_matched.py:200: UserWarning: Converting to Period representation will drop timezone information.
  "month": r["t"].to_period("M"),
/Users/zhangzc/fable-trading/scripts/diag_nine_exits_matched.py:200: UserWarning: Converting to Period representation will drop timezone information.
  "month": r["t"].to_period("M"),
/Users/zhangzc/fable-trading/scripts/diag_nine_exits_matched.py:200: UserWarning: Converting to Period representation will drop timezone information.
  "month": r["t"].to_period("M"),
/Users/zhangzc/fable-trading/scripts/diag_nine_exits_matched.py:200: UserWarning: Converting to Period representation will drop timezone information.
  "month": r["t"].to_period("M"),
/Users/zhangzc/fable-trading/scripts/diag_nine_exits_matched.py:200: UserWarning: Converting to Period representation will drop timezone information.
  "month": r["t"].to_period("M"),
/Users/zhangzc/fable-trading/scripts/diag_nine_exits_matched.py:200: UserWarning: Converting to Period representation will drop timezone information.
  "month": r["t"].to_period("M"),
/Users/zhangzc/fable-trading/scripts/diag_nine_exits_matched.py:200: UserWarning: Converting to Period representation will drop timezone information.
  "month": r["t"].to_period("M"),
/Users/zhangzc/fable-trading/scripts/diag_nine_exits_matched.py:200: UserWarning: Converting to Period representation will drop timezone information.
  "month": r["t"].to_period("M"),
/Users/zhangzc/fable-trading/scripts/diag_nine_exits_matched.py:200: UserWarning: Converting to Period representation will drop timezone information.
  "month": r["t"].to_period("M"),
/Users/zhangzc/fable-trading/scripts/diag_nine_exits_matched.py:200: UserWarning: Converting to Period representation will drop timezone information.
  "month": r["t"].to_period("M"),
/Users/zhangzc/fable-trading/scripts/diag_nine_exits_matched.py:200: UserWarning: Converting to Period representation will drop timezone information.
  "month": r["t"].to_period("M"),
/Users/zhangzc/fable-trading/scripts/diag_nine_exits_matched.py:200: UserWarning: Converting to Period representation will drop timezone information.
  "month": r["t"].to_period("M"),
/Users/zhangzc/fable-trading/scripts/diag_nine_exits_matched.py:200: UserWarning: Converting to Period representation will drop timezone information.
  "month": r["t"].to_period("M"),
/Users/zhangzc/fable-trading/scripts/diag_nine_exits_matched.py:200: UserWarning: Converting to Period representation will drop timezone information.
  "month": r["t"].to_period("M"),
/Users/zhangzc/fable-trading/scripts/diag_nine_exits_matched.py:200: UserWarning: Converting to Period representation will drop timezone information.
  "month": r["t"].to_period("M"),
/Users/zhangzc/fable-trading/scripts/diag_nine_exits_matched.py:200: UserWarning: Converting to Period representation will drop timezone information.
  "month": r["t"].to_period("M"),
/Users/zhangzc/fable-trading/scripts/diag_nine_exits_matched.py:200: UserWarning: Converting to Period representation will drop timezone information.
  "month": r["t"].to_period("M"),
/Users/zhangzc/fable-trading/scripts/diag_nine_exits_matched.py:200: UserWarning: Converting to Period representation will drop timezone information.
  "month": r["t"].to_period("M"),
/Users/zhangzc/fable-trading/scripts/diag_nine_exits_matched.py:200: UserWarning: Converting to Period representation will drop timezone information.
  "month": r["t"].to_period("M"),
/Users/zhangzc/fable-trading/scripts/diag_nine_exits_matched.py:200: UserWarning: Converting to Period representation will drop timezone information.
  "month": r["t"].to_period("M"),
   [125/232]
/Users/zhangzc/fable-trading/scripts/diag_nine_exits_matched.py:200: UserWarning: Converting to Period representation will drop timezone information.
  "month": r["t"].to_period("M"),
/Users/zhangzc/fable-trading/scripts/diag_nine_exits_matched.py:200: UserWarning: Converting to Period representation will drop timezone information.
  "month": r["t"].to_period("M"),
/Users/zhangzc/fable-trading/scripts/diag_nine_exits_matched.py:200: UserWarning: Converting to Period representation will drop timezone information.
  "month": r["t"].to_period("M"),
/Users/zhangzc/fable-trading/scripts/diag_nine_exits_matched.py:200: UserWarning: Converting to Period representation will drop timezone information.
  "month": r["t"].to_period("M"),
/Users/zhangzc/fable-trading/scripts/diag_nine_exits_matched.py:200: UserWarning: Converting to Period representation will drop timezone information.
  "month": r["t"].to_period("M"),
/Users/zhangzc/fable-trading/scripts/diag_nine_exits_matched.py:200: UserWarning: Converting to Period representation will drop timezone information.
  "month": r["t"].to_period("M"),
/Users/zhangzc/fable-trading/scripts/diag_nine_exits_matched.py:200: UserWarning: Converting to Period representation will drop timezone information.
  "month": r["t"].to_period("M"),
/Users/zhangzc/fable-trading/scripts/diag_nine_exits_matched.py:200: UserWarning: Converting to Period representation will drop timezone information.
  "month": r["t"].to_period("M"),
/Users/zhangzc/fable-trading/scripts/diag_nine_exits_matched.py:200: UserWarning: Converting to Period representation will drop timezone information.
  "month": r["t"].to_period("M"),
/Users/zhangzc/fable-trading/scripts/diag_nine_exits_matched.py:200: UserWarning: Converting to Period representation will drop timezone information.
  "month": r["t"].to_period("M"),
/Users/zhangzc/fable-trading/scripts/diag_nine_exits_matched.py:200: UserWarning: Converting to Period representation will drop timezone information.
  "month": r["t"].to_period("M"),
/Users/zhangzc/fable-trading/scripts/diag_nine_exits_matched.py:200: UserWarning: Converting to Period representation will drop timezone information.
  "month": r["t"].to_period("M"),
/Users/zhangzc/fable-trading/scripts/diag_nine_exits_matched.py:200: UserWarning: Converting to Period representation will drop timezone information.
  "month": r["t"].to_period("M"),
/Users/zhangzc/fable-trading/scripts/diag_nine_exits_matched.py:200: UserWarning: Converting to Period representation will drop timezone information.
  "month": r["t"].to_period("M"),
/Users/zhangzc/fable-trading/scripts/diag_nine_exits_matched.py:200: UserWarning: Converting to Period representation will drop timezone information.
  "month": r["t"].to_period("M"),
/Users/zhangzc/fable-trading/scripts/diag_nine_exits_matched.py:200: UserWarning: Converting to Period representation will drop timezone information.
  "month": r["t"].to_period("M"),
/Users/zhangzc/fable-trading/scripts/diag_nine_exits_matched.py:200: UserWarning: Converting to Period representation will drop timezone information.
  "month": r["t"].to_period("M"),
/Users/zhangzc/fable-trading/scripts/diag_nine_exits_matched.py:200: UserWarning: Converting to Period representation will drop timezone information.
  "month": r["t"].to_period("M"),
/Users/zhangzc/fable-trading/scripts/diag_nine_exits_matched.py:200: UserWarning: Converting to Period representation will drop timezone information.
  "month": r["t"].to_period("M"),
/Users/zhangzc/fable-trading/scripts/diag_nine_exits_matched.py:200: UserWarning: Converting to Period representation will drop timezone information.
  "month": r["t"].to_period("M"),
/Users/zhangzc/fable-trading/scripts/diag_nine_exits_matched.py:200: UserWarning: Converting to Period representation will drop timezone information.
  "month": r["t"].to_period("M"),
/Users/zhangzc/fable-trading/scripts/diag_nine_exits_matched.py:200: UserWarning: Converting to Period representation will drop timezone information.
  "month": r["t"].to_period("M"),
/Users/zhangzc/fable-trading/scripts/diag_nine_exits_matched.py:200: UserWarning: Converting to Period representation will drop timezone information.
  "month": r["t"].to_period("M"),
/Users/zhangzc/fable-trading/scripts/diag_nine_exits_matched.py:200: UserWarning: Converting to Period representation will drop timezone information.
  "month": r["t"].to_period("M"),
/Users/zhangzc/fable-trading/scripts/diag_nine_exits_matched.py:200: UserWarning: Converting to Period representation will drop timezone information.
  "month": r["t"].to_period("M"),
   [150/232]
/Users/zhangzc/fable-trading/scripts/diag_nine_exits_matched.py:200: UserWarning: Converting to Period representation will drop timezone information.
  "month": r["t"].to_period("M"),
/Users/zhangzc/fable-trading/scripts/diag_nine_exits_matched.py:200: UserWarning: Converting to Period representation will drop timezone information.
  "month": r["t"].to_period("M"),
/Users/zhangzc/fable-trading/scripts/diag_nine_exits_matched.py:200: UserWarning: Converting to Period representation will drop timezone information.
  "month": r["t"].to_period("M"),
/Users/zhangzc/fable-trading/scripts/diag_nine_exits_matched.py:200: UserWarning: Converting to Period representation will drop timezone information.
  "month": r["t"].to_period("M"),
/Users/zhangzc/fable-trading/scripts/diag_nine_exits_matched.py:200: UserWarning: Converting to Period representation will drop timezone information.
  "month": r["t"].to_period("M"),
/Users/zhangzc/fable-trading/scripts/diag_nine_exits_matched.py:200: UserWarning: Converting to Period representation will drop timezone information.
  "month": r["t"].to_period("M"),
/Users/zhangzc/fable-trading/scripts/diag_nine_exits_matched.py:200: UserWarning: Converting to Period representation will drop timezone information.
  "month": r["t"].to_period("M"),
/Users/zhangzc/fable-trading/scripts/diag_nine_exits_matched.py:200: UserWarning: Converting to Period representation will drop timezone information.
  "month": r["t"].to_period("M"),
/Users/zhangzc/fable-trading/scripts/diag_nine_exits_matched.py:200: UserWarning: Converting to Period representation will drop timezone information.
  "month": r["t"].to_period("M"),
/Users/zhangzc/fable-trading/scripts/diag_nine_exits_matched.py:200: UserWarning: Converting to Period representation will drop timezone information.
  "month": r["t"].to_period("M"),
/Users/zhangzc/fable-trading/scripts/diag_nine_exits_matched.py:200: UserWarning: Converting to Period representation will drop timezone information.
  "month": r["t"].to_period("M"),
/Users/zhangzc/fable-trading/scripts/diag_nine_exits_matched.py:200: UserWarning: Converting to Period representation will drop timezone information.
  "month": r["t"].to_period("M"),
/Users/zhangzc/fable-trading/scripts/diag_nine_exits_matched.py:200: UserWarning: Converting to Period representation will drop timezone information.
  "month": r["t"].to_period("M"),
/Users/zhangzc/fable-trading/scripts/diag_nine_exits_matched.py:200: UserWarning: Converting to Period representation will drop timezone information.
  "month": r["t"].to_period("M"),
/Users/zhangzc/fable-trading/scripts/diag_nine_exits_matched.py:200: UserWarning: Converting to Period representation will drop timezone information.
  "month": r["t"].to_period("M"),
/Users/zhangzc/fable-trading/scripts/diag_nine_exits_matched.py:200: UserWarning: Converting to Period representation will drop timezone information.
  "month": r["t"].to_period("M"),
/Users/zhangzc/fable-trading/scripts/diag_nine_exits_matched.py:200: UserWarning: Converting to Period representation will drop timezone information.
  "month": r["t"].to_period("M"),
/Users/zhangzc/fable-trading/scripts/diag_nine_exits_matched.py:200: UserWarning: Converting to Period representation will drop timezone information.
  "month": r["t"].to_period("M"),
/Users/zhangzc/fable-trading/scripts/diag_nine_exits_matched.py:200: UserWarning: Converting to Period representation will drop timezone information.
  "month": r["t"].to_period("M"),
/Users/zhangzc/fable-trading/scripts/diag_nine_exits_matched.py:200: UserWarning: Converting to Period representation will drop timezone information.
  "month": r["t"].to_period("M"),
/Users/zhangzc/fable-trading/scripts/diag_nine_exits_matched.py:200: UserWarning: Converting to Period representation will drop timezone information.
  "month": r["t"].to_period("M"),
/Users/zhangzc/fable-trading/scripts/diag_nine_exits_matched.py:200: UserWarning: Converting to Period representation will drop timezone information.
  "month": r["t"].to_period("M"),
/Users/zhangzc/fable-trading/scripts/diag_nine_exits_matched.py:200: UserWarning: Converting to Period representation will drop timezone information.
  "month": r["t"].to_period("M"),
/Users/zhangzc/fable-trading/scripts/diag_nine_exits_matched.py:200: UserWarning: Converting to Period representation will drop timezone information.
  "month": r["t"].to_period("M"),
/Users/zhangzc/fable-trading/scripts/diag_nine_exits_matched.py:200: UserWarning: Converting to Period representation will drop timezone information.
  "month": r["t"].to_period("M"),
   [175/232]
/Users/zhangzc/fable-trading/scripts/diag_nine_exits_matched.py:200: UserWarning: Converting to Period representation will drop timezone information.
  "month": r["t"].to_period("M"),
/Users/zhangzc/fable-trading/scripts/diag_nine_exits_matched.py:200: UserWarning: Converting to Period representation will drop timezone information.
  "month": r["t"].to_period("M"),
/Users/zhangzc/fable-trading/scripts/diag_nine_exits_matched.py:200: UserWarning: Converting to Period representation will drop timezone information.
  "month": r["t"].to_period("M"),
/Users/zhangzc/fable-trading/scripts/diag_nine_exits_matched.py:200: UserWarning: Converting to Period representation will drop timezone information.
  "month": r["t"].to_period("M"),
/Users/zhangzc/fable-trading/scripts/diag_nine_exits_matched.py:200: UserWarning: Converting to Period representation will drop timezone information.
  "month": r["t"].to_period("M"),
/Users/zhangzc/fable-trading/scripts/diag_nine_exits_matched.py:200: UserWarning: Converting to Period representation will drop timezone information.
  "month": r["t"].to_period("M"),
/Users/zhangzc/fable-trading/scripts/diag_nine_exits_matched.py:200: UserWarning: Converting to Period representation will drop timezone information.
  "month": r["t"].to_period("M"),
/Users/zhangzc/fable-trading/scripts/diag_nine_exits_matched.py:200: UserWarning: Converting to Period representation will drop timezone information.
  "month": r["t"].to_period("M"),
/Users/zhangzc/fable-trading/scripts/diag_nine_exits_matched.py:200: UserWarning: Converting to Period representation will drop timezone information.
  "month": r["t"].to_period("M"),
/Users/zhangzc/fable-trading/scripts/diag_nine_exits_matched.py:200: UserWarning: Converting to Period representation will drop timezone information.
  "month": r["t"].to_period("M"),
/Users/zhangzc/fable-trading/scripts/diag_nine_exits_matched.py:200: UserWarning: Converting to Period representation will drop timezone information.
  "month": r["t"].to_period("M"),
/Users/zhangzc/fable-trading/scripts/diag_nine_exits_matched.py:200: UserWarning: Converting to Period representation will drop timezone information.
  "month": r["t"].to_period("M"),
/Users/zhangzc/fable-trading/scripts/diag_nine_exits_matched.py:200: UserWarning: Converting to Period representation will drop timezone information.
  "month": r["t"].to_period("M"),
/Users/zhangzc/fable-trading/scripts/diag_nine_exits_matched.py:200: UserWarning: Converting to Period representation will drop timezone information.
  "month": r["t"].to_period("M"),
/Users/zhangzc/fable-trading/scripts/diag_nine_exits_matched.py:200: UserWarning: Converting to Period representation will drop timezone information.
  "month": r["t"].to_period("M"),
/Users/zhangzc/fable-trading/scripts/diag_nine_exits_matched.py:200: UserWarning: Converting to Period representation will drop timezone information.
  "month": r["t"].to_period("M"),
/Users/zhangzc/fable-trading/scripts/diag_nine_exits_matched.py:200: UserWarning: Converting to Period representation will drop timezone information.
  "month": r["t"].to_period("M"),
/Users/zhangzc/fable-trading/scripts/diag_nine_exits_matched.py:200: UserWarning: Converting to Period representation will drop timezone information.
  "month": r["t"].to_period("M"),
/Users/zhangzc/fable-trading/scripts/diag_nine_exits_matched.py:200: UserWarning: Converting to Period representation will drop timezone information.
  "month": r["t"].to_period("M"),
/Users/zhangzc/fable-trading/scripts/diag_nine_exits_matched.py:200: UserWarning: Converting to Period representation will drop timezone information.
  "month": r["t"].to_period("M"),
/Users/zhangzc/fable-trading/scripts/diag_nine_exits_matched.py:200: UserWarning: Converting to Period representation will drop timezone information.
  "month": r["t"].to_period("M"),
/Users/zhangzc/fable-trading/scripts/diag_nine_exits_matched.py:200: UserWarning: Converting to Period representation will drop timezone information.
  "month": r["t"].to_period("M"),
/Users/zhangzc/fable-trading/scripts/diag_nine_exits_matched.py:200: UserWarning: Converting to Period representation will drop timezone information.
  "month": r["t"].to_period("M"),
/Users/zhangzc/fable-trading/scripts/diag_nine_exits_matched.py:200: UserWarning: Converting to Period representation will drop timezone information.
  "month": r["t"].to_period("M"),
/Users/zhangzc/fable-trading/scripts/diag_nine_exits_matched.py:200: UserWarning: Converting to Period representation will drop timezone information.
  "month": r["t"].to_period("M"),
   [200/232]
/Users/zhangzc/fable-trading/scripts/diag_nine_exits_matched.py:200: UserWarning: Converting to Period representation will drop timezone information.
  "month": r["t"].to_period("M"),
/Users/zhangzc/fable-trading/scripts/diag_nine_exits_matched.py:200: UserWarning: Converting to Period representation will drop timezone information.
  "month": r["t"].to_period("M"),
/Users/zhangzc/fable-trading/scripts/diag_nine_exits_matched.py:200: UserWarning: Converting to Period representation will drop timezone information.
  "month": r["t"].to_period("M"),
/Users/zhangzc/fable-trading/scripts/diag_nine_exits_matched.py:200: UserWarning: Converting to Period representation will drop timezone information.
  "month": r["t"].to_period("M"),
/Users/zhangzc/fable-trading/scripts/diag_nine_exits_matched.py:200: UserWarning: Converting to Period representation will drop timezone information.
  "month": r["t"].to_period("M"),
/Users/zhangzc/fable-trading/scripts/diag_nine_exits_matched.py:200: UserWarning: Converting to Period representation will drop timezone information.
  "month": r["t"].to_period("M"),
/Users/zhangzc/fable-trading/scripts/diag_nine_exits_matched.py:200: UserWarning: Converting to Period representation will drop timezone information.
  "month": r["t"].to_period("M"),
/Users/zhangzc/fable-trading/scripts/diag_nine_exits_matched.py:200: UserWarning: Converting to Period representation will drop timezone information.
  "month": r["t"].to_period("M"),
/Users/zhangzc/fable-trading/scripts/diag_nine_exits_matched.py:200: UserWarning: Converting to Period representation will drop timezone information.
  "month": r["t"].to_period("M"),
/Users/zhangzc/fable-trading/scripts/diag_nine_exits_matched.py:200: UserWarning: Converting to Period representation will drop timezone information.
  "month": r["t"].to_period("M"),
/Users/zhangzc/fable-trading/scripts/diag_nine_exits_matched.py:200: UserWarning: Converting to Period representation will drop timezone information.
  "month": r["t"].to_period("M"),
/Users/zhangzc/fable-trading/scripts/diag_nine_exits_matched.py:200: UserWarning: Converting to Period representation will drop timezone information.
  "month": r["t"].to_period("M"),
/Users/zhangzc/fable-trading/scripts/diag_nine_exits_matched.py:200: UserWarning: Converting to Period representation will drop timezone information.
  "month": r["t"].to_period("M"),
/Users/zhangzc/fable-trading/scripts/diag_nine_exits_matched.py:200: UserWarning: Converting to Period representation will drop timezone information.
  "month": r["t"].to_period("M"),
/Users/zhangzc/fable-trading/scripts/diag_nine_exits_matched.py:200: UserWarning: Converting to Period representation will drop timezone information.
  "month": r["t"].to_period("M"),
/Users/zhangzc/fable-trading/scripts/diag_nine_exits_matched.py:200: UserWarning: Converting to Period representation will drop timezone information.
  "month": r["t"].to_period("M"),
/Users/zhangzc/fable-trading/scripts/diag_nine_exits_matched.py:200: UserWarning: Converting to Period representation will drop timezone information.
  "month": r["t"].to_period("M"),
/Users/zhangzc/fable-trading/scripts/diag_nine_exits_matched.py:200: UserWarning: Converting to Period representation will drop timezone information.
  "month": r["t"].to_period("M"),
/Users/zhangzc/fable-trading/scripts/diag_nine_exits_matched.py:200: UserWarning: Converting to Period representation will drop timezone information.
  "month": r["t"].to_period("M"),
/Users/zhangzc/fable-trading/scripts/diag_nine_exits_matched.py:200: UserWarning: Converting to Period representation will drop timezone information.
  "month": r["t"].to_period("M"),
/Users/zhangzc/fable-trading/scripts/diag_nine_exits_matched.py:200: UserWarning: Converting to Period representation will drop timezone information.
  "month": r["t"].to_period("M"),
/Users/zhangzc/fable-trading/scripts/diag_nine_exits_matched.py:200: UserWarning: Converting to Period representation will drop timezone information.
  "month": r["t"].to_period("M"),
/Users/zhangzc/fable-trading/scripts/diag_nine_exits_matched.py:200: UserWarning: Converting to Period representation will drop timezone information.
  "month": r["t"].to_period("M"),
/Users/zhangzc/fable-trading/scripts/diag_nine_exits_matched.py:200: UserWarning: Converting to Period representation will drop timezone information.
  "month": r["t"].to_period("M"),
/Users/zhangzc/fable-trading/scripts/diag_nine_exits_matched.py:200: UserWarning: Converting to Period representation will drop timezone information.
  "month": r["t"].to_period("M"),
   [225/232]
/Users/zhangzc/fable-trading/scripts/diag_nine_exits_matched.py:200: UserWarning: Converting to Period representation will drop timezone information.
  "month": r["t"].to_period("M"),
/Users/zhangzc/fable-trading/scripts/diag_nine_exits_matched.py:200: UserWarning: Converting to Period representation will drop timezone information.
  "month": r["t"].to_period("M"),
/Users/zhangzc/fable-trading/scripts/diag_nine_exits_matched.py:200: UserWarning: Converting to Period representation will drop timezone information.
  "month": r["t"].to_period("M"),
/Users/zhangzc/fable-trading/scripts/diag_nine_exits_matched.py:200: UserWarning: Converting to Period representation will drop timezone information.
  "month": r["t"].to_period("M"),
/Users/zhangzc/fable-trading/scripts/diag_nine_exits_matched.py:200: UserWarning: Converting to Period representation will drop timezone information.
  "month": r["t"].to_period("M"),
/Users/zhangzc/fable-trading/scripts/diag_nine_exits_matched.py:200: UserWarning: Converting to Period representation will drop timezone information.
  "month": r["t"].to_period("M"),
/Users/zhangzc/fable-trading/scripts/diag_nine_exits_matched.py:200: UserWarning: Converting to Period representation will drop timezone information.
  "month": r["t"].to_period("M"),
   有效候选 18379

② 匹配随机对照(同币 × 同月 × 同 ATR 桶,每笔 3 个)…
/Users/zhangzc/fable-trading/scripts/diag_nine_exits_matched.py:217: UserWarning: Converting to PeriodArray/Index representation will drop timezone information.
  in_month = np.flatnonzero((times.dt.to_period("M") == month).to_numpy())
/Users/zhangzc/fable-trading/scripts/diag_nine_exits_matched.py:217: UserWarning: Converting to PeriodArray/Index representation will drop timezone information.
  in_month = np.flatnonzero((times.dt.to_period("M") == month).to_numpy())
/Users/zhangzc/fable-trading/scripts/diag_nine_exits_matched.py:217: UserWarning: Converting to PeriodArray/Index representation will drop timezone information.
  in_month = np.flatnonzero((times.dt.to_period("M") == month).to_numpy())
/Users/zhangzc/fable-trading/scripts/diag_nine_exits_matched.py:217: UserWarning: Converting to PeriodArray/Index representation will drop timezone information.
  in_month = np.flatnonzero((times.dt.to_period("M") == month).to_numpy())
/Users/zhangzc/fable-trading/scripts/diag_nine_exits_matched.py:217: UserWarning: Converting to PeriodArray/Index representation will drop timezone information.
  in_month = np.flatnonzero((times.dt.to_period("M") == month).to_numpy())
/Users/zhangzc/fable-trading/scripts/diag_nine_exits_matched.py:217: UserWarning: Converting to PeriodArray/Index representation will drop timezone information.
  in_month = np.flatnonzero((times.dt.to_period("M") == month).to_numpy())
/Users/zhangzc/fable-trading/scripts/diag_nine_exits_matched.py:217: UserWarning: Converting to PeriodArray/Index representation will drop timezone information.
  in_month = np.flatnonzero((times.dt.to_period("M") == month).to_numpy())
/Users/zhangzc/fable-trading/scripts/diag_nine_exits_matched.py:217: UserWarning: Converting to PeriodArray/Index representation will drop timezone information.
  in_month = np.flatnonzero((times.dt.to_period("M") == month).to_numpy())
/Users/zhangzc/fable-trading/scripts/diag_nine_exits_matched.py:217: UserWarning: Converting to PeriodArray/Index representation will drop timezone information.
  in_month = np.flatnonzero((times.dt.to_period("M") == month).to_numpy())
/Users/zhangzc/fable-trading/scripts/diag_nine_exits_matched.py:217: UserWarning: Converting to PeriodArray/Index representation will drop timezone information.
  in_month = np.flatnonzero((times.dt.to_period("M") == month).to_numpy())
/Users/zhangzc/fable-trading/scripts/diag_nine_exits_matched.py:217: UserWarning: Converting to PeriodArray/Index representation will drop timezone information.
  in_month = np.flatnonzero((times.dt.to_period("M") == month).to_numpy())
/Users/zhangzc/fable-trading/scripts/diag_nine_exits_matched.py:217: UserWarning: Converting to PeriodArray/Index representation will drop timezone information.
  in_month = np.flatnonzero((times.dt.to_period("M") == month).to_numpy())
/Users/zhangzc/fable-trading/scripts/diag_nine_exits_matched.py:217: UserWarning: Converting to PeriodArray/Index representation will drop timezone information.
  in_month = np.flatnonzero((times.dt.to_period("M") == month).to_numpy())
/Users/zhangzc/fable-trading/scripts/diag_nine_exits_matched.py:217: UserWarning: Converting to PeriodArray/Index representation will drop timezone information.
  in_month = np.flatnonzero((times.dt.to_period("M") == month).to_numpy())
/Users/zhangzc/fable-trading/scripts/diag_nine_exits_matched.py:217: UserWarning: Converting to PeriodArray/Index representation will drop timezone information.
  in_month = np.flatnonzero((times.dt.to_period("M") == month).to_numpy())
/Users/zhangzc/fable-trading/scripts/diag_nine_exits_matched.py:217: UserWarning: Converting to PeriodArray/Index representation will drop timezone information.
  in_month = np.flatnonzero((times.dt.to_period("M") == month).to_numpy())
/Users/zhangzc/fable-trading/scripts/diag_nine_exits_matched.py:217: UserWarning: Converting to PeriodArray/Index representation will drop timezone information.
  in_month = np.flatnonzero((times.dt.to_period("M") == month).to_numpy())
/Users/zhangzc/fable-trading/scripts/diag_nine_exits_matched.py:217: UserWarning: Converting to PeriodArray/Index representation will drop timezone information.
  in_month = np.flatnonzero((times.dt.to_period("M") == month).to_numpy())
/Users/zhangzc/fable-trading/scripts/diag_nine_exits_matched.py:217: UserWarning: Converting to PeriodArray/Index representation will drop timezone information.
  in_month = np.flatnonzero((times.dt.to_period("M") == month).to_numpy())
/Users/zhangzc/fable-trading/scripts/diag_nine_exits_matched.py:217: UserWarning: Converting to PeriodArray/Index representation will drop timezone information.
  in_month = np.flatnonzero((times.dt.to_period("M") == month).to_numpy())
/Users/zhangzc/fable-trading/scripts/diag_nine_exits_matched.py:217: UserWarning: Converting to PeriodArray/Index representation will drop timezone information.
  in_month = np.flatnonzero((times.dt.to_period("M") == month).to_numpy())
/Users/zhangzc/fable-trading/scripts/diag_nine_exits_matched.py:217: UserWarning: Converting to PeriodArray/Index representation will drop timezone information.
  in_month = np.flatnonzero((times.dt.to_period("M") == month).to_numpy())
/Users/zhangzc/fable-trading/scripts/diag_nine_exits_matched.py:217: UserWarning: Converting to PeriodArray/Index representation will drop timezone information.
  in_month = np.flatnonzero((times.dt.to_period("M") == month).to_numpy())
/Users/zhangzc/fable-trading/scripts/diag_nine_exits_matched.py:217: UserWarning: Converting to PeriodArray/Index representation will drop timezone information.
  in_month = np.flatnonzero((times.dt.to_period("M") == month).to_numpy())
/Users/zhangzc/fable-trading/scripts/diag_nine_exits_matched.py:217: UserWarning: Converting to PeriodArray/Index representation will drop timezone information.
  in_month = np.flatnonzero((times.dt.to_period("M") == month).to_numpy())
/Users/zhangzc/fable-trading/scripts/diag_nine_exits_matched.py:217: UserWarning: Converting to PeriodArray/Index representation will drop timezone information.
  in_month = np.flatnonzero((times.dt.to_period("M") == month).to_numpy())
/Users/zhangzc/fable-trading/scripts/diag_nine_exits_matched.py:217: UserWarning: Converting to PeriodArray/Index representation will drop timezone information.
  in_month = np.flatnonzero((times.dt.to_period("M") == month).to_numpy())
/Users/zhangzc/fable-trading/scripts/diag_nine_exits_matched.py:217: UserWarning: Converting to PeriodArray/Index representation will drop timezone information.
  in_month = np.flatnonzero((times.dt.to_period("M") == month).to_numpy())
/Users/zhangzc/fable-trading/scripts/diag_nine_exits_matched.py:217: UserWarning: Converting to PeriodArray/Index representation will drop timezone information.
  in_month = np.flatnonzero((times.dt.to_period("M") == month).to_numpy())
/Users/zhangzc/fable-trading/scripts/diag_nine_exits_matched.py:217: UserWarning: Converting to PeriodArray/Index representation will drop timezone information.
  in_month = np.flatnonzero((times.dt.to_period("M") == month).to_numpy())
/Users/zhangzc/fable-trading/scripts/diag_nine_exits_matched.py:217: UserWarning: Converting to PeriodArray/Index representation will drop timezone information.
  in_month = np.flatnonzero((times.dt.to_period("M") == month).to_numpy())
/Users/zhangzc/fable-trading/scripts/diag_nine_exits_matched.py:217: UserWarning: Converting to PeriodArray/Index representation will drop timezone information.
  in_month = np.flatnonzero((times.dt.to_period("M") == month).to_numpy())
/Users/zhangzc/fable-trading/scripts/diag_nine_exits_matched.py:217: UserWarning: Converting to PeriodArray/Index representation will drop timezone information.
  in_month = np.flatnonzero((times.dt.to_period("M") == month).to_numpy())
/Users/zhangzc/fable-trading/scripts/diag_nine_exits_matched.py:217: UserWarning: Converting to PeriodArray/Index representation will drop timezone information.
  in_month = np.flatnonzero((times.dt.to_period("M") == month).to_numpy())
/Users/zhangzc/fable-trading/scripts/diag_nine_exits_matched.py:217: UserWarning: Converting to PeriodArray/Index representation will drop timezone information.
  in_month = np.flatnonzero((times.dt.to_period("M") == month).to_numpy())
/Users/zhangzc/fable-trading/scripts/diag_nine_exits_matched.py:217: UserWarning: Converting to PeriodArray/Index representation will drop timezone information.
  in_month = np.flatnonzero((times.dt.to_period("M") == month).to_numpy())
/Users/zhangzc/fable-trading/scripts/diag_nine_exits_matched.py:217: UserWarning: Converting to PeriodArray/Index representation will drop timezone information.
  in_month = np.flatnonzero((times.dt.to_period("M") == month).to_numpy())
/Users/zhangzc/fable-trading/scripts/diag_nine_exits_matched.py:217: UserWarning: Converting to PeriodArray/Index representation will drop timezone information.
  in_month = np.flatnonzero((times.dt.to_period("M") == month).to_numpy())
/Users/zhangzc/fable-trading/scripts/diag_nine_exits_matched.py:217: UserWarning: Converting to PeriodArray/Index representation will drop timezone information.
  in_month = np.flatnonzero((times.dt.to_period("M") == month).to_numpy())
/Users/zhangzc/fable-trading/scripts/diag_nine_exits_matched.py:217: UserWarning: Converting to PeriodArray/Index representation will drop timezone information.
  in_month = np.flatnonzero((times.dt.to_period("M") == month).to_numpy())
/Users/zhangzc/fable-trading/scripts/diag_nine_exits_matched.py:217: UserWarning: Converting to PeriodArray/Index representation will drop timezone information.
  in_month = np.flatnonzero((times.dt.to_period("M") == month).to_numpy())
/Users/zhangzc/fable-trading/scripts/diag_nine_exits_matched.py:217: UserWarning: Converting to PeriodArray/Index representation will drop timezone information.
  in_month = np.flatnonzero((times.dt.to_period("M") == month).to_numpy())
/Users/zhangzc/fable-trading/scripts/diag_nine_exits_matched.py:217: UserWarning: Converting to PeriodArray/Index representation will drop timezone information.
  in_month = np.flatnonzero((times.dt.to_period("M") == month).to_numpy())
/Users/zhangzc/fable-trading/scripts/diag_nine_exits_matched.py:217: UserWarning: Converting to PeriodArray/Index representation will drop timezone information.
  in_month = np.flatnonzero((times.dt.to_period("M") == month).to_numpy())
/Users/zhangzc/fable-trading/scripts/diag_nine_exits_matched.py:217: UserWarning: Converting to PeriodArray/Index representation will drop timezone information.
  in_month = np.flatnonzero((times.dt.to_period("M") == month).to_numpy())
/Users/zhangzc/fable-trading/scripts/diag_nine_exits_matched.py:217: UserWarning: Converting to PeriodArray/Index representation will drop timezone information.
  in_month = np.flatnonzero((times.dt.to_period("M") == month).to_numpy())
/Users/zhangzc/fable-trading/scripts/diag_nine_exits_matched.py:217: UserWarning: Converting to PeriodArray/Index representation will drop timezone information.
  in_month = np.flatnonzero((times.dt.to_period("M") == month).to_numpy())
/Users/zhangzc/fable-trading/scripts/diag_nine_exits_matched.py:217: UserWarning: Converting to PeriodArray/Index representation will drop timezone information.
  in_month = np.flatnonzero((times.dt.to_period("M") == month).to_numpy())
/Users/zhangzc/fable-trading/scripts/diag_nine_exits_matched.py:217: UserWarning: Converting to PeriodArray/Index representation will drop timezone information.
  in_month = np.flatnonzero((times.dt.to_period("M") == month).to_numpy())
/Users/zhangzc/fable-trading/scripts/diag_nine_exits_matched.py:217: UserWarning: Converting to PeriodArray/Index representation will drop timezone information.
  in_month = np.flatnonzero((times.dt.to_period("M") == month).to_numpy())
/Users/zhangzc/fable-trading/scripts/diag_nine_exits_matched.py:217: UserWarning: Converting to PeriodArray/Index representation will drop timezone information.
  in_month = np.flatnonzero((times.dt.to_period("M") == month).to_numpy())
/Users/zhangzc/fable-trading/scripts/diag_nine_exits_matched.py:217: UserWarning: Converting to PeriodArray/Index representation will drop timezone information.
  in_month = np.flatnonzero((times.dt.to_period("M") == month).to_numpy())
/Users/zhangzc/fable-trading/scripts/diag_nine_exits_matched.py:217: UserWarning: Converting to PeriodArray/Index representation will drop timezone information.
  in_month = np.flatnonzero((times.dt.to_period("M") == month).to_numpy())
/Users/zhangzc/fable-trading/scripts/diag_nine_exits_matched.py:217: UserWarning: Converting to PeriodArray/Index representation will drop timezone information.
  in_month = np.flatnonzero((times.dt.to_period("M") == month).to_numpy())
/Users/zhangzc/fable-trading/scripts/diag_nine_exits_matched.py:217: UserWarning: Converting to PeriodArray/Index representation will drop timezone information.
  in_month = np.flatnonzero((times.dt.to_period("M") == month).to_numpy())
/Users/zhangzc/fable-trading/scripts/diag_nine_exits_matched.py:217: UserWarning: Converting to PeriodArray/Index representation will drop timezone information.
  in_month = np.flatnonzero((times.dt.to_period("M") == month).to_numpy())
/Users/zhangzc/fable-trading/scripts/diag_nine_exits_matched.py:217: UserWarning: Converting to PeriodArray/Index representation will drop timezone information.
  in_month = np.flatnonzero((times.dt.to_period("M") == month).to_numpy())
/Users/zhangzc/fable-trading/scripts/diag_nine_exits_matched.py:217: UserWarning: Converting to PeriodArray/Index representation will drop timezone information.
  in_month = np.flatnonzero((times.dt.to_period("M") == month).to_numpy())
/Users/zhangzc/fable-trading/scripts/diag_nine_exits_matched.py:217: UserWarning: Converting to PeriodArray/Index representation will drop timezone information.
  in_month = np.flatnonzero((times.dt.to_period("M") == month).to_numpy())
/Users/zhangzc/fable-trading/scripts/diag_nine_exits_matched.py:217: UserWarning: Converting to PeriodArray/Index representation will drop timezone information.
  in_month = np.flatnonzero((times.dt.to_period("M") == month).to_numpy())
/Users/zhangzc/fable-trading/scripts/diag_nine_exits_matched.py:217: UserWarning: Converting to PeriodArray/Index representation will drop timezone information.
  in_month = np.flatnonzero((times.dt.to_period("M") == month).to_numpy())
/Users/zhangzc/fable-trading/scripts/diag_nine_exits_matched.py:217: UserWarning: Converting to PeriodArray/Index representation will drop timezone information.
  in_month = np.flatnonzero((times.dt.to_period("M") == month).to_numpy())
/Users/zhangzc/fable-trading/scripts/diag_nine_exits_matched.py:217: UserWarning: Converting to PeriodArray/Index representation will drop timezone information.
  in_month = np.flatnonzero((times.dt.to_period("M") == month).to_numpy())
/Users/zhangzc/fable-trading/scripts/diag_nine_exits_matched.py:217: UserWarning: Converting to PeriodArray/Index representation will drop timezone information.
  in_month = np.flatnonzero((times.dt.to_period("M") == month).to_numpy())
/Users/zhangzc/fable-trading/scripts/diag_nine_exits_matched.py:217: UserWarning: Converting to PeriodArray/Index representation will drop timezone information.
  in_month = np.flatnonzero((times.dt.to_period("M") == month).to_numpy())
/Users/zhangzc/fable-trading/scripts/diag_nine_exits_matched.py:217: UserWarning: Converting to PeriodArray/Index representation will drop timezone information.
  in_month = np.flatnonzero((times.dt.to_period("M") == month).to_numpy())
/Users/zhangzc/fable-trading/scripts/diag_nine_exits_matched.py:217: UserWarning: Converting to PeriodArray/Index representation will drop timezone information.
  in_month = np.flatnonzero((times.dt.to_period("M") == month).to_numpy())
/Users/zhangzc/fable-trading/scripts/diag_nine_exits_matched.py:217: UserWarning: Converting to PeriodArray/Index representation will drop timezone information.
  in_month = np.flatnonzero((times.dt.to_period("M") == month).to_numpy())
/Users/zhangzc/fable-trading/scripts/diag_nine_exits_matched.py:217: UserWarning: Converting to PeriodArray/Index representation will drop timezone information.
  in_month = np.flatnonzero((times.dt.to_period("M") == month).to_numpy())
/Users/zhangzc/fable-trading/scripts/diag_nine_exits_matched.py:217: UserWarning: Converting to PeriodArray/Index representation will drop timezone information.
  in_month = np.flatnonzero((times.dt.to_period("M") == month).to_numpy())
/Users/zhangzc/fable-trading/scripts/diag_nine_exits_matched.py:217: UserWarning: Converting to PeriodArray/Index representation will drop timezone information.
  in_month = np.flatnonzero((times.dt.to_period("M") == month).to_numpy())
/Users/zhangzc/fable-trading/scripts/diag_nine_exits_matched.py:217: UserWarning: Converting to PeriodArray/Index representation will drop timezone information.
  in_month = np.flatnonzero((times.dt.to_period("M") == month).to_numpy())
/Users/zhangzc/fable-trading/scripts/diag_nine_exits_matched.py:217: UserWarning: Converting to PeriodArray/Index representation will drop timezone information.
  in_month = np.flatnonzero((times.dt.to_period("M") == month).to_numpy())
/Users/zhangzc/fable-trading/scripts/diag_nine_exits_matched.py:217: UserWarning: Converting to PeriodArray/Index representation will drop timezone information.
  in_month = np.flatnonzero((times.dt.to_period("M") == month).to_numpy())
/Users/zhangzc/fable-trading/scripts/diag_nine_exits_matched.py:217: UserWarning: Converting to PeriodArray/Index representation will drop timezone information.
  in_month = np.flatnonzero((times.dt.to_period("M") == month).to_numpy())
/Users/zhangzc/fable-trading/scripts/diag_nine_exits_matched.py:217: UserWarning: Converting to PeriodArray/Index representation will drop timezone information.
  in_month = np.flatnonzero((times.dt.to_period("M") == month).to_numpy())
/Users/zhangzc/fable-trading/scripts/diag_nine_exits_matched.py:217: UserWarning: Converting to PeriodArray/Index representation will drop timezone information.
  in_month = np.flatnonzero((times.dt.to_period("M") == month).to_numpy())
/Users/zhangzc/fable-trading/scripts/diag_nine_exits_matched.py:217: UserWarning: Converting to PeriodArray/Index representation will drop timezone information.
  in_month = np.flatnonzero((times.dt.to_period("M") == month).to_numpy())
/Users/zhangzc/fable-trading/scripts/diag_nine_exits_matched.py:217: UserWarning: Converting to PeriodArray/Index representation will drop timezone information.
  in_month = np.flatnonzero((times.dt.to_period("M") == month).to_numpy())
/Users/zhangzc/fable-trading/scripts/diag_nine_exits_matched.py:217: UserWarning: Converting to PeriodArray/Index representation will drop timezone information.
  in_month = np.flatnonzero((times.dt.to_period("M") == month).to_numpy())
/Users/zhangzc/fable-trading/scripts/diag_nine_exits_matched.py:217: UserWarning: Converting to PeriodArray/Index representation will drop timezone information.
  in_month = np.flatnonzero((times.dt.to_period("M") == month).to_numpy())
/Users/zhangzc/fable-trading/scripts/diag_nine_exits_matched.py:217: UserWarning: Converting to PeriodArray/Index representation will drop timezone information.
  in_month = np.flatnonzero((times.dt.to_period("M") == month).to_numpy())
/Users/zhangzc/fable-trading/scripts/diag_nine_exits_matched.py:217: UserWarning: Converting to PeriodArray/Index representation will drop timezone information.
  in_month = np.flatnonzero((times.dt.to_period("M") == month).to_numpy())
/Users/zhangzc/fable-trading/scripts/diag_nine_exits_matched.py:217: UserWarning: Converting to PeriodArray/Index representation will drop timezone information.
  in_month = np.flatnonzero((times.dt.to_period("M") == month).to_numpy())
/Users/zhangzc/fable-trading/scripts/diag_nine_exits_matched.py:217: UserWarning: Converting to PeriodArray/Index representation will drop timezone information.
  in_month = np.flatnonzero((times.dt.to_period("M") == month).to_numpy())
/Users/zhangzc/fable-trading/scripts/diag_nine_exits_matched.py:217: UserWarning: Converting to PeriodArray/Index representation will drop timezone information.
  in_month = np.flatnonzero((times.dt.to_period("M") == month).to_numpy())
/Users/zhangzc/fable-trading/scripts/diag_nine_exits_matched.py:217: UserWarning: Converting to PeriodArray/Index representation will drop timezone information.
  in_month = np.flatnonzero((times.dt.to_period("M") == month).to_numpy())
/Users/zhangzc/fable-trading/scripts/diag_nine_exits_matched.py:217: UserWarning: Converting to PeriodArray/Index representation will drop timezone information.
  in_month = np.flatnonzero((times.dt.to_period("M") == month).to_numpy())
/Users/zhangzc/fable-trading/scripts/diag_nine_exits_matched.py:217: UserWarning: Converting to PeriodArray/Index representation will drop timezone information.
  in_month = np.flatnonzero((times.dt.to_period("M") == month).to_numpy())
/Users/zhangzc/fable-trading/scripts/diag_nine_exits_matched.py:217: UserWarning: Converting to PeriodArray/Index representation will drop timezone information.
  in_month = np.flatnonzero((times.dt.to_period("M") == month).to_numpy())
/Users/zhangzc/fable-trading/scripts/diag_nine_exits_matched.py:217: UserWarning: Converting to PeriodArray/Index representation will drop timezone information.
  in_month = np.flatnonzero((times.dt.to_period("M") == month).to_numpy())
/Users/zhangzc/fable-trading/scripts/diag_nine_exits_matched.py:217: UserWarning: Converting to PeriodArray/Index representation will drop timezone information.
  in_month = np.flatnonzero((times.dt.to_period("M") == month).to_numpy())
/Users/zhangzc/fable-trading/scripts/diag_nine_exits_matched.py:217: UserWarning: Converting to PeriodArray/Index representation will drop timezone information.
  in_month = np.flatnonzero((times.dt.to_period("M") == month).to_numpy())
/Users/zhangzc/fable-trading/scripts/diag_nine_exits_matched.py:217: UserWarning: Converting to PeriodArray/Index representation will drop timezone information.
  in_month = np.flatnonzero((times.dt.to_period("M") == month).to_numpy())
/Users/zhangzc/fable-trading/scripts/diag_nine_exits_matched.py:217: UserWarning: Converting to PeriodArray/Index representation will drop timezone information.
  in_month = np.flatnonzero((times.dt.to_period("M") == month).to_numpy())
/Users/zhangzc/fable-trading/scripts/diag_nine_exits_matched.py:217: UserWarning: Converting to PeriodArray/Index representation will drop timezone information.
  in_month = np.flatnonzero((times.dt.to_period("M") == month).to_numpy())
/Users/zhangzc/fable-trading/scripts/diag_nine_exits_matched.py:217: UserWarning: Converting to PeriodArray/Index representation will drop timezone information.
  in_month = np.flatnonzero((times.dt.to_period("M") == month).to_numpy())
/Users/zhangzc/fable-trading/scripts/diag_nine_exits_matched.py:217: UserWarning: Converting to PeriodArray/Index representation will drop timezone information.
  in_month = np.flatnonzero((times.dt.to_period("M") == month).to_numpy())
/Users/zhangzc/fable-trading/scripts/diag_nine_exits_matched.py:217: UserWarning: Converting to PeriodArray/Index representation will drop timezone information.
  in_month = np.flatnonzero((times.dt.to_period("M") == month).to_numpy())
/Users/zhangzc/fable-trading/scripts/diag_nine_exits_matched.py:217: UserWarning: Converting to PeriodArray/Index representation will drop timezone information.
  in_month = np.flatnonzero((times.dt.to_period("M") == month).to_numpy())
/Users/zhangzc/fable-trading/scripts/diag_nine_exits_matched.py:217: UserWarning: Converting to PeriodArray/Index representation will drop timezone information.
  in_month = np.flatnonzero((times.dt.to_period("M") == month).to_numpy())
/Users/zhangzc/fable-trading/scripts/diag_nine_exits_matched.py:217: UserWarning: Converting to PeriodArray/Index representation will drop timezone information.
  in_month = np.flatnonzero((times.dt.to_period("M") == month).to_numpy())
/Users/zhangzc/fable-trading/scripts/diag_nine_exits_matched.py:217: UserWarning: Converting to PeriodArray/Index representation will drop timezone information.
  in_month = np.flatnonzero((times.dt.to_period("M") == month).to_numpy())
/Users/zhangzc/fable-trading/scripts/diag_nine_exits_matched.py:217: UserWarning: Converting to PeriodArray/Index representation will drop timezone information.
  in_month = np.flatnonzero((times.dt.to_period("M") == month).to_numpy())
/Users/zhangzc/fable-trading/scripts/diag_nine_exits_matched.py:217: UserWarning: Converting to PeriodArray/Index representation will drop timezone information.
  in_month = np.flatnonzero((times.dt.to_period("M") == month).to_numpy())
/Users/zhangzc/fable-trading/scripts/diag_nine_exits_matched.py:217: UserWarning: Converting to PeriodArray/Index representation will drop timezone information.
  in_month = np.flatnonzero((times.dt.to_period("M") == month).to_numpy())
/Users/zhangzc/fable-trading/scripts/diag_nine_exits_matched.py:217: UserWarning: Converting to PeriodArray/Index representation will drop timezone information.
  in_month = np.flatnonzero((times.dt.to_period("M") == month).to_numpy())
/Users/zhangzc/fable-trading/scripts/diag_nine_exits_matched.py:217: UserWarning: Converting to PeriodArray/Index representation will drop timezone information.
  in_month = np.flatnonzero((times.dt.to_period("M") == month).to_numpy())
/Users/zhangzc/fable-trading/scripts/diag_nine_exits_matched.py:217: UserWarning: Converting to PeriodArray/Index representation will drop timezone information.
  in_month = np.flatnonzero((times.dt.to_period("M") == month).to_numpy())
/Users/zhangzc/fable-trading/scripts/diag_nine_exits_matched.py:217: UserWarning: Converting to PeriodArray/Index representation will drop timezone information.
  in_month = np.flatnonzero((times.dt.to_period("M") == month).to_numpy())
/Users/zhangzc/fable-trading/scripts/diag_nine_exits_matched.py:217: UserWarning: Converting to PeriodArray/Index representation will drop timezone information.
  in_month = np.flatnonzero((times.dt.to_period("M") == month).to_numpy())
/Users/zhangzc/fable-trading/scripts/diag_nine_exits_matched.py:217: UserWarning: Converting to PeriodArray/Index representation will drop timezone information.
  in_month = np.flatnonzero((times.dt.to_period("M") == month).to_numpy())
/Users/zhangzc/fable-trading/scripts/diag_nine_exits_matched.py:217: UserWarning: Converting to PeriodArray/Index representation will drop timezone information.
  in_month = np.flatnonzero((times.dt.to_period("M") == month).to_numpy())
/Users/zhangzc/fable-trading/scripts/diag_nine_exits_matched.py:217: UserWarning: Converting to PeriodArray/Index representation will drop timezone information.
  in_month = np.flatnonzero((times.dt.to_period("M") == month).to_numpy())
/Users/zhangzc/fable-trading/scripts/diag_nine_exits_matched.py:217: UserWarning: Converting to PeriodArray/Index representation will drop timezone information.
  in_month = np.flatnonzero((times.dt.to_period("M") == month).to_numpy())
/Users/zhangzc/fable-trading/scripts/diag_nine_exits_matched.py:217: UserWarning: Converting to PeriodArray/Index representation will drop timezone information.
  in_month = np.flatnonzero((times.dt.to_period("M") == month).to_numpy())
/Users/zhangzc/fable-trading/scripts/diag_nine_exits_matched.py:217: UserWarning: Converting to PeriodArray/Index representation will drop timezone information.
  in_month = np.flatnonzero((times.dt.to_period("M") == month).to_numpy())
/Users/zhangzc/fable-trading/scripts/diag_nine_exits_matched.py:217: UserWarning: Converting to PeriodArray/Index representation will drop timezone information.
  in_month = np.flatnonzero((times.dt.to_period("M") == month).to_numpy())
/Users/zhangzc/fable-trading/scripts/diag_nine_exits_matched.py:217: UserWarning: Converting to PeriodArray/Index representation will drop timezone information.
  in_month = np.flatnonzero((times.dt.to_period("M") == month).to_numpy())
/Users/zhangzc/fable-trading/scripts/diag_nine_exits_matched.py:217: UserWarning: Converting to PeriodArray/Index representation will drop timezone information.
  in_month = np.flatnonzero((times.dt.to_period("M") == month).to_numpy())
/Users/zhangzc/fable-trading/scripts/diag_nine_exits_matched.py:217: UserWarning: Converting to PeriodArray/Index representation will drop timezone information.
  in_month = np.flatnonzero((times.dt.to_period("M") == month).to_numpy())
/Users/zhangzc/fable-trading/scripts/diag_nine_exits_matched.py:217: UserWarning: Converting to PeriodArray/Index representation will drop timezone information.
  in_month = np.flatnonzero((times.dt.to_period("M") == month).to_numpy())
/Users/zhangzc/fable-trading/scripts/diag_nine_exits_matched.py:217: UserWarning: Converting to PeriodArray/Index representation will drop timezone information.
  in_month = np.flatnonzero((times.dt.to_period("M") == month).to_numpy())
/Users/zhangzc/fable-trading/scripts/diag_nine_exits_matched.py:217: UserWarning: Converting to PeriodArray/Index representation will drop timezone information.
  in_month = np.flatnonzero((times.dt.to_period("M") == month).to_numpy())
/Users/zhangzc/fable-trading/scripts/diag_nine_exits_matched.py:217: UserWarning: Converting to PeriodArray/Index representation will drop timezone information.
  in_month = np.flatnonzero((times.dt.to_period("M") == month).to_numpy())
/Users/zhangzc/fable-trading/scripts/diag_nine_exits_matched.py:217: UserWarning: Converting to PeriodArray/Index representation will drop timezone information.
  in_month = np.flatnonzero((times.dt.to_period("M") == month).to_numpy())
/Users/zhangzc/fable-trading/scripts/diag_nine_exits_matched.py:217: UserWarning: Converting to PeriodArray/Index representation will drop timezone information.
  in_month = np.flatnonzero((times.dt.to_period("M") == month).to_numpy())
/Users/zhangzc/fable-trading/scripts/diag_nine_exits_matched.py:217: UserWarning: Converting to PeriodArray/Index representation will drop timezone information.
  in_month = np.flatnonzero((times.dt.to_period("M") == month).to_numpy())
/Users/zhangzc/fable-trading/scripts/diag_nine_exits_matched.py:217: UserWarning: Converting to PeriodArray/Index representation will drop timezone information.
  in_month = np.flatnonzero((times.dt.to_period("M") == month).to_numpy())
/Users/zhangzc/fable-trading/scripts/diag_nine_exits_matched.py:217: UserWarning: Converting to PeriodArray/Index representation will drop timezone information.
  in_month = np.flatnonzero((times.dt.to_period("M") == month).to_numpy())
/Users/zhangzc/fable-trading/scripts/diag_nine_exits_matched.py:217: UserWarning: Converting to PeriodArray/Index representation will drop timezone information.
  in_month = np.flatnonzero((times.dt.to_period("M") == month).to_numpy())
/Users/zhangzc/fable-trading/scripts/diag_nine_exits_matched.py:217: UserWarning: Converting to PeriodArray/Index representation will drop timezone information.
  in_month = np.flatnonzero((times.dt.to_period("M") == month).to_numpy())
/Users/zhangzc/fable-trading/scripts/diag_nine_exits_matched.py:217: UserWarning: Converting to PeriodArray/Index representation will drop timezone information.
  in_month = np.flatnonzero((times.dt.to_period("M") == month).to_numpy())
/Users/zhangzc/fable-trading/scripts/diag_nine_exits_matched.py:217: UserWarning: Converting to PeriodArray/Index representation will drop timezone information.
  in_month = np.flatnonzero((times.dt.to_period("M") == month).to_numpy())
/Users/zhangzc/fable-trading/scripts/diag_nine_exits_matched.py:217: UserWarning: Converting to PeriodArray/Index representation will drop timezone information.
  in_month = np.flatnonzero((times.dt.to_period("M") == month).to_numpy())
/Users/zhangzc/fable-trading/scripts/diag_nine_exits_matched.py:217: UserWarning: Converting to PeriodArray/Index representation will drop timezone information.
  in_month = np.flatnonzero((times.dt.to_period("M") == month).to_numpy())
/Users/zhangzc/fable-trading/scripts/diag_nine_exits_matched.py:217: UserWarning: Converting to PeriodArray/Index representation will drop timezone information.
  in_month = np.flatnonzero((times.dt.to_period("M") == month).to_numpy())
/Users/zhangzc/fable-trading/scripts/diag_nine_exits_matched.py:217: UserWarning: Converting to PeriodArray/Index representation will drop timezone information.
  in_month = np.flatnonzero((times.dt.to_period("M") == month).to_numpy())
/Users/zhangzc/fable-trading/scripts/diag_nine_exits_matched.py:217: UserWarning: Converting to PeriodArray/Index representation will drop timezone information.
  in_month = np.flatnonzero((times.dt.to_period("M") == month).to_numpy())
/Users/zhangzc/fable-trading/scripts/diag_nine_exits_matched.py:217: UserWarning: Converting to PeriodArray/Index representation will drop timezone information.
  in_month = np.flatnonzero((times.dt.to_period("M") == month).to_numpy())
/Users/zhangzc/fable-trading/scripts/diag_nine_exits_matched.py:217: UserWarning: Converting to PeriodArray/Index representation will drop timezone information.
  in_month = np.flatnonzero((times.dt.to_period("M") == month).to_numpy())
/Users/zhangzc/fable-trading/scripts/diag_nine_exits_matched.py:217: UserWarning: Converting to PeriodArray/Index representation will drop timezone information.
  in_month = np.flatnonzero((times.dt.to_period("M") == month).to_numpy())
/Users/zhangzc/fable-trading/scripts/diag_nine_exits_matched.py:217: UserWarning: Converting to PeriodArray/Index representation will drop timezone information.
  in_month = np.flatnonzero((times.dt.to_period("M") == month).to_numpy())
/Users/zhangzc/fable-trading/scripts/diag_nine_exits_matched.py:217: UserWarning: Converting to PeriodArray/Index representation will drop timezone information.
  in_month = np.flatnonzero((times.dt.to_period("M") == month).to_numpy())
/Users/zhangzc/fable-trading/scripts/diag_nine_exits_matched.py:217: UserWarning: Converting to PeriodArray/Index representation will drop timezone information.
  in_month = np.flatnonzero((times.dt.to_period("M") == month).to_numpy())
/Users/zhangzc/fable-trading/scripts/diag_nine_exits_matched.py:217: UserWarning: Converting to PeriodArray/Index representation will drop timezone information.
  in_month = np.flatnonzero((times.dt.to_period("M") == month).to_numpy())
/Users/zhangzc/fable-trading/scripts/diag_nine_exits_matched.py:217: UserWarning: Converting to PeriodArray/Index representation will drop timezone information.
  in_month = np.flatnonzero((times.dt.to_period("M") == month).to_numpy())
/Users/zhangzc/fable-trading/scripts/diag_nine_exits_matched.py:217: UserWarning: Converting to PeriodArray/Index representation will drop timezone information.
  in_month = np.flatnonzero((times.dt.to_period("M") == month).to_numpy())
/Users/zhangzc/fable-trading/scripts/diag_nine_exits_matched.py:217: UserWarning: Converting to PeriodArray/Index representation will drop timezone information.
  in_month = np.flatnonzero((times.dt.to_period("M") == month).to_numpy())
/Users/zhangzc/fable-trading/scripts/diag_nine_exits_matched.py:217: UserWarning: Converting to PeriodArray/Index representation will drop timezone information.
  in_month = np.flatnonzero((times.dt.to_period("M") == month).to_numpy())
/Users/zhangzc/fable-trading/scripts/diag_nine_exits_matched.py:217: UserWarning: Converting to PeriodArray/Index representation will drop timezone information.
  in_month = np.flatnonzero((times.dt.to_period("M") == month).to_numpy())
/Users/zhangzc/fable-trading/scripts/diag_nine_exits_matched.py:217: UserWarning: Converting to PeriodArray/Index representation will drop timezone information.
  in_month = np.flatnonzero((times.dt.to_period("M") == month).to_numpy())
/Users/zhangzc/fable-trading/scripts/diag_nine_exits_matched.py:217: UserWarning: Converting to PeriodArray/Index representation will drop timezone information.
  in_month = np.flatnonzero((times.dt.to_period("M") == month).to_numpy())
/Users/zhangzc/fable-trading/scripts/diag_nine_exits_matched.py:217: UserWarning: Converting to PeriodArray/Index representation will drop timezone information.
  in_month = np.flatnonzero((times.dt.to_period("M") == month).to_numpy())
/Users/zhangzc/fable-trading/scripts/diag_nine_exits_matched.py:217: UserWarning: Converting to PeriodArray/Index representation will drop timezone information.
  in_month = np.flatnonzero((times.dt.to_period("M") == month).to_numpy())
/Users/zhangzc/fable-trading/scripts/diag_nine_exits_matched.py:217: UserWarning: Converting to PeriodArray/Index representation will drop timezone information.
  in_month = np.flatnonzero((times.dt.to_period("M") == month).to_numpy())
/Users/zhangzc/fable-trading/scripts/diag_nine_exits_matched.py:217: UserWarning: Converting to PeriodArray/Index representation will drop timezone information.
  in_month = np.flatnonzero((times.dt.to_period("M") == month).to_numpy())
/Users/zhangzc/fable-trading/scripts/diag_nine_exits_matched.py:217: UserWarning: Converting to PeriodArray/Index representation will drop timezone information.
  in_month = np.flatnonzero((times.dt.to_period("M") == month).to_numpy())
/Users/zhangzc/fable-trading/scripts/diag_nine_exits_matched.py:217: UserWarning: Converting to PeriodArray/Index representation will drop timezone information.
  in_month = np.flatnonzero((times.dt.to_period("M") == month).to_numpy())
/Users/zhangzc/fable-trading/scripts/diag_nine_exits_matched.py:217: UserWarning: Converting to PeriodArray/Index representation will drop timezone information.
  in_month = np.flatnonzero((times.dt.to_period("M") == month).to_numpy())
/Users/zhangzc/fable-trading/scripts/diag_nine_exits_matched.py:217: UserWarning: Converting to PeriodArray/Index representation will drop timezone information.
  in_month = np.flatnonzero((times.dt.to_period("M") == month).to_numpy())
/Users/zhangzc/fable-trading/scripts/diag_nine_exits_matched.py:217: UserWarning: Converting to PeriodArray/Index representation will drop timezone information.
  in_month = np.flatnonzero((times.dt.to_period("M") == month).to_numpy())
/Users/zhangzc/fable-trading/scripts/diag_nine_exits_matched.py:217: UserWarning: Converting to PeriodArray/Index representation will drop timezone information.
  in_month = np.flatnonzero((times.dt.to_period("M") == month).to_numpy())
/Users/zhangzc/fable-trading/scripts/diag_nine_exits_matched.py:217: UserWarning: Converting to PeriodArray/Index representation will drop timezone information.
  in_month = np.flatnonzero((times.dt.to_period("M") == month).to_numpy())
/Users/zhangzc/fable-trading/scripts/diag_nine_exits_matched.py:217: UserWarning: Converting to PeriodArray/Index representation will drop timezone information.
  in_month = np.flatnonzero((times.dt.to_period("M") == month).to_numpy())
/Users/zhangzc/fable-trading/scripts/diag_nine_exits_matched.py:217: UserWarning: Converting to PeriodArray/Index representation will drop timezone information.
  in_month = np.flatnonzero((times.dt.to_period("M") == month).to_numpy())
/Users/zhangzc/fable-trading/scripts/diag_nine_exits_matched.py:217: UserWarning: Converting to PeriodArray/Index representation will drop timezone information.
  in_month = np.flatnonzero((times.dt.to_period("M") == month).to_numpy())
/Users/zhangzc/fable-trading/scripts/diag_nine_exits_matched.py:217: UserWarning: Converting to PeriodArray/Index representation will drop timezone information.
  in_month = np.flatnonzero((times.dt.to_period("M") == month).to_numpy())
/Users/zhangzc/fable-trading/scripts/diag_nine_exits_matched.py:217: UserWarning: Converting to PeriodArray/Index representation will drop timezone information.
  in_month = np.flatnonzero((times.dt.to_period("M") == month).to_numpy())
/Users/zhangzc/fable-trading/scripts/diag_nine_exits_matched.py:217: UserWarning: Converting to PeriodArray/Index representation will drop timezone information.
  in_month = np.flatnonzero((times.dt.to_period("M") == month).to_numpy())
/Users/zhangzc/fable-trading/scripts/diag_nine_exits_matched.py:217: UserWarning: Converting to PeriodArray/Index representation will drop timezone information.
  in_month = np.flatnonzero((times.dt.to_period("M") == month).to_numpy())
/Users/zhangzc/fable-trading/scripts/diag_nine_exits_matched.py:217: UserWarning: Converting to PeriodArray/Index representation will drop timezone information.
  in_month = np.flatnonzero((times.dt.to_period("M") == month).to_numpy())
/Users/zhangzc/fable-trading/scripts/diag_nine_exits_matched.py:217: UserWarning: Converting to PeriodArray/Index representation will drop timezone information.
  in_month = np.flatnonzero((times.dt.to_period("M") == month).to_numpy())
/Users/zhangzc/fable-trading/scripts/diag_nine_exits_matched.py:217: UserWarning: Converting to PeriodArray/Index representation will drop timezone information.
  in_month = np.flatnonzero((times.dt.to_period("M") == month).to_numpy())
/Users/zhangzc/fable-trading/scripts/diag_nine_exits_matched.py:217: UserWarning: Converting to PeriodArray/Index representation will drop timezone information.
  in_month = np.flatnonzero((times.dt.to_period("M") == month).to_numpy())
/Users/zhangzc/fable-trading/scripts/diag_nine_exits_matched.py:217: UserWarning: Converting to PeriodArray/Index representation will drop timezone information.
  in_month = np.flatnonzero((times.dt.to_period("M") == month).to_numpy())
/Users/zhangzc/fable-trading/scripts/diag_nine_exits_matched.py:217: UserWarning: Converting to PeriodArray/Index representation will drop timezone information.
  in_month = np.flatnonzero((times.dt.to_period("M") == month).to_numpy())
/Users/zhangzc/fable-trading/scripts/diag_nine_exits_matched.py:217: UserWarning: Converting to PeriodArray/Index representation will drop timezone information.
  in_month = np.flatnonzero((times.dt.to_period("M") == month).to_numpy())
/Users/zhangzc/fable-trading/scripts/diag_nine_exits_matched.py:217: UserWarning: Converting to PeriodArray/Index representation will drop timezone information.
  in_month = np.flatnonzero((times.dt.to_period("M") == month).to_numpy())
/Users/zhangzc/fable-trading/scripts/diag_nine_exits_matched.py:217: UserWarning: Converting to PeriodArray/Index representation will drop timezone information.
  in_month = np.flatnonzero((times.dt.to_period("M") == month).to_numpy())
/Users/zhangzc/fable-trading/scripts/diag_nine_exits_matched.py:217: UserWarning: Converting to PeriodArray/Index representation will drop timezone information.
  in_month = np.flatnonzero((times.dt.to_period("M") == month).to_numpy())
/Users/zhangzc/fable-trading/scripts/diag_nine_exits_matched.py:217: UserWarning: Converting to PeriodArray/Index representation will drop timezone information.
  in_month = np.flatnonzero((times.dt.to_period("M") == month).to_numpy())
/Users/zhangzc/fable-trading/scripts/diag_nine_exits_matched.py:217: UserWarning: Converting to PeriodArray/Index representation will drop timezone information.
  in_month = np.flatnonzero((times.dt.to_period("M") == month).to_numpy())
/Users/zhangzc/fable-trading/scripts/diag_nine_exits_matched.py:217: UserWarning: Converting to PeriodArray/Index representation will drop timezone information.
  in_month = np.flatnonzero((times.dt.to_period("M") == month).to_numpy())
/Users/zhangzc/fable-trading/scripts/diag_nine_exits_matched.py:217: UserWarning: Converting to PeriodArray/Index representation will drop timezone information.
  in_month = np.flatnonzero((times.dt.to_period("M") == month).to_numpy())
/Users/zhangzc/fable-trading/scripts/diag_nine_exits_matched.py:217: UserWarning: Converting to PeriodArray/Index representation will drop timezone information.
  in_month = np.flatnonzero((times.dt.to_period("M") == month).to_numpy())
/Users/zhangzc/fable-trading/scripts/diag_nine_exits_matched.py:217: UserWarning: Converting to PeriodArray/Index representation will drop timezone information.
  in_month = np.flatnonzero((times.dt.to_period("M") == month).to_numpy())
/Users/zhangzc/fable-trading/scripts/diag_nine_exits_matched.py:217: UserWarning: Converting to PeriodArray/Index representation will drop timezone information.
  in_month = np.flatnonzero((times.dt.to_period("M") == month).to_numpy())
/Users/zhangzc/fable-trading/scripts/diag_nine_exits_matched.py:217: UserWarning: Converting to PeriodArray/Index representation will drop timezone information.
  in_month = np.flatnonzero((times.dt.to_period("M") == month).to_numpy())
/Users/zhangzc/fable-trading/scripts/diag_nine_exits_matched.py:217: UserWarning: Converting to PeriodArray/Index representation will drop timezone information.
  in_month = np.flatnonzero((times.dt.to_period("M") == month).to_numpy())
/Users/zhangzc/fable-trading/scripts/diag_nine_exits_matched.py:217: UserWarning: Converting to PeriodArray/Index representation will drop timezone information.
  in_month = np.flatnonzero((times.dt.to_period("M") == month).to_numpy())
/Users/zhangzc/fable-trading/scripts/diag_nine_exits_matched.py:217: UserWarning: Converting to PeriodArray/Index representation will drop timezone information.
  in_month = np.flatnonzero((times.dt.to_period("M") == month).to_numpy())
/Users/zhangzc/fable-trading/scripts/diag_nine_exits_matched.py:217: UserWarning: Converting to PeriodArray/Index representation will drop timezone information.
  in_month = np.flatnonzero((times.dt.to_period("M") == month).to_numpy())
/Users/zhangzc/fable-trading/scripts/diag_nine_exits_matched.py:217: UserWarning: Converting to PeriodArray/Index representation will drop timezone information.
  in_month = np.flatnonzero((times.dt.to_period("M") == month).to_numpy())
/Users/zhangzc/fable-trading/scripts/diag_nine_exits_matched.py:217: UserWarning: Converting to PeriodArray/Index representation will drop timezone information.
  in_month = np.flatnonzero((times.dt.to_period("M") == month).to_numpy())
/Users/zhangzc/fable-trading/scripts/diag_nine_exits_matched.py:217: UserWarning: Converting to PeriodArray/Index representation will drop timezone information.
  in_month = np.flatnonzero((times.dt.to_period("M") == month).to_numpy())
/Users/zhangzc/fable-trading/scripts/diag_nine_exits_matched.py:217: UserWarning: Converting to PeriodArray/Index representation will drop timezone information.
  in_month = np.flatnonzero((times.dt.to_period("M") == month).to_numpy())
/Users/zhangzc/fable-trading/scripts/diag_nine_exits_matched.py:217: UserWarning: Converting to PeriodArray/Index representation will drop timezone information.
  in_month = np.flatnonzero((times.dt.to_period("M") == month).to_numpy())
/Users/zhangzc/fable-trading/scripts/diag_nine_exits_matched.py:217: UserWarning: Converting to PeriodArray/Index representation will drop timezone information.
  in_month = np.flatnonzero((times.dt.to_period("M") == month).to_numpy())
/Users/zhangzc/fable-trading/scripts/diag_nine_exits_matched.py:217: UserWarning: Converting to PeriodArray/Index representation will drop timezone information.
  in_month = np.flatnonzero((times.dt.to_period("M") == month).to_numpy())
/Users/zhangzc/fable-trading/scripts/diag_nine_exits_matched.py:217: UserWarning: Converting to PeriodArray/Index representation will drop timezone information.
  in_month = np.flatnonzero((times.dt.to_period("M") == month).to_numpy())
/Users/zhangzc/fable-trading/scripts/diag_nine_exits_matched.py:217: UserWarning: Converting to PeriodArray/Index representation will drop timezone information.
  in_month = np.flatnonzero((times.dt.to_period("M") == month).to_numpy())
/Users/zhangzc/fable-trading/scripts/diag_nine_exits_matched.py:217: UserWarning: Converting to PeriodArray/Index representation will drop timezone information.
  in_month = np.flatnonzero((times.dt.to_period("M") == month).to_numpy())
/Users/zhangzc/fable-trading/scripts/diag_nine_exits_matched.py:217: UserWarning: Converting to PeriodArray/Index representation will drop timezone information.
  in_month = np.flatnonzero((times.dt.to_period("M") == month).to_numpy())
/Users/zhangzc/fable-trading/scripts/diag_nine_exits_matched.py:217: UserWarning: Converting to PeriodArray/Index representation will drop timezone information.
  in_month = np.flatnonzero((times.dt.to_period("M") == month).to_numpy())
/Users/zhangzc/fable-trading/scripts/diag_nine_exits_matched.py:217: UserWarning: Converting to PeriodArray/Index representation will drop timezone information.
  in_month = np.flatnonzero((times.dt.to_period("M") == month).to_numpy())
/Users/zhangzc/fable-trading/scripts/diag_nine_exits_matched.py:217: UserWarning: Converting to PeriodArray/Index representation will drop timezone information.
  in_month = np.flatnonzero((times.dt.to_period("M") == month).to_numpy())
/Users/zhangzc/fable-trading/scripts/diag_nine_exits_matched.py:217: UserWarning: Converting to PeriodArray/Index representation will drop timezone information.
  in_month = np.flatnonzero((times.dt.to_period("M") == month).to_numpy())
/Users/zhangzc/fable-trading/scripts/diag_nine_exits_matched.py:217: UserWarning: Converting to PeriodArray/Index representation will drop timezone information.
  in_month = np.flatnonzero((times.dt.to_period("M") == month).to_numpy())
/Users/zhangzc/fable-trading/scripts/diag_nine_exits_matched.py:217: UserWarning: Converting to PeriodArray/Index representation will drop timezone information.
  in_month = np.flatnonzero((times.dt.to_period("M") == month).to_numpy())
/Users/zhangzc/fable-trading/scripts/diag_nine_exits_matched.py:217: UserWarning: Converting to PeriodArray/Index representation will drop timezone information.
  in_month = np.flatnonzero((times.dt.to_period("M") == month).to_numpy())
/Users/zhangzc/fable-trading/scripts/diag_nine_exits_matched.py:217: UserWarning: Converting to PeriodArray/Index representation will drop timezone information.
  in_month = np.flatnonzero((times.dt.to_period("M") == month).to_numpy())
/Users/zhangzc/fable-trading/scripts/diag_nine_exits_matched.py:217: UserWarning: Converting to PeriodArray/Index representation will drop timezone information.
  in_month = np.flatnonzero((times.dt.to_period("M") == month).to_numpy())
/Users/zhangzc/fable-trading/scripts/diag_nine_exits_matched.py:217: UserWarning: Converting to PeriodArray/Index representation will drop timezone information.
  in_month = np.flatnonzero((times.dt.to_period("M") == month).to_numpy())
/Users/zhangzc/fable-trading/scripts/diag_nine_exits_matched.py:217: UserWarning: Converting to PeriodArray/Index representation will drop timezone information.
  in_month = np.flatnonzero((times.dt.to_period("M") == month).to_numpy())
/Users/zhangzc/fable-trading/scripts/diag_nine_exits_matched.py:217: UserWarning: Converting to PeriodArray/Index representation will drop timezone information.
  in_month = np.flatnonzero((times.dt.to_period("M") == month).to_numpy())
/Users/zhangzc/fable-trading/scripts/diag_nine_exits_matched.py:217: UserWarning: Converting to PeriodArray/Index representation will drop timezone information.
  in_month = np.flatnonzero((times.dt.to_period("M") == month).to_numpy())
/Users/zhangzc/fable-trading/scripts/diag_nine_exits_matched.py:217: UserWarning: Converting to PeriodArray/Index representation will drop timezone information.
  in_month = np.flatnonzero((times.dt.to_period("M") == month).to_numpy())
/Users/zhangzc/fable-trading/scripts/diag_nine_exits_matched.py:217: UserWarning: Converting to PeriodArray/Index representation will drop timezone information.
  in_month = np.flatnonzero((times.dt.to_period("M") == month).to_numpy())
/Users/zhangzc/fable-trading/scripts/diag_nine_exits_matched.py:217: UserWarning: Converting to PeriodArray/Index representation will drop timezone information.
  in_month = np.flatnonzero((times.dt.to_period("M") == month).to_numpy())
/Users/zhangzc/fable-trading/scripts/diag_nine_exits_matched.py:217: UserWarning: Converting to PeriodArray/Index representation will drop timezone information.
  in_month = np.flatnonzero((times.dt.to_period("M") == month).to_numpy())
/Users/zhangzc/fable-trading/scripts/diag_nine_exits_matched.py:217: UserWarning: Converting to PeriodArray/Index representation will drop timezone information.
  in_month = np.flatnonzero((times.dt.to_period("M") == month).to_numpy())
/Users/zhangzc/fable-trading/scripts/diag_nine_exits_matched.py:217: UserWarning: Converting to PeriodArray/Index representation will drop timezone information.
  in_month = np.flatnonzero((times.dt.to_period("M") == month).to_numpy())
/Users/zhangzc/fable-trading/scripts/diag_nine_exits_matched.py:217: UserWarning: Converting to PeriodArray/Index representation will drop timezone information.
  in_month = np.flatnonzero((times.dt.to_period("M") == month).to_numpy())
/Users/zhangzc/fable-trading/scripts/diag_nine_exits_matched.py:217: UserWarning: Converting to PeriodArray/Index representation will drop timezone information.
  in_month = np.flatnonzero((times.dt.to_period("M") == month).to_numpy())
/Users/zhangzc/fable-trading/scripts/diag_nine_exits_matched.py:217: UserWarning: Converting to PeriodArray/Index representation will drop timezone information.
  in_month = np.flatnonzero((times.dt.to_period("M") == month).to_numpy())
/Users/zhangzc/fable-trading/scripts/diag_nine_exits_matched.py:217: UserWarning: Converting to PeriodArray/Index representation will drop timezone information.
  in_month = np.flatnonzero((times.dt.to_period("M") == month).to_numpy())
/Users/zhangzc/fable-trading/scripts/diag_nine_exits_matched.py:217: UserWarning: Converting to PeriodArray/Index representation will drop timezone information.
  in_month = np.flatnonzero((times.dt.to_period("M") == month).to_numpy())
/Users/zhangzc/fable-trading/scripts/diag_nine_exits_matched.py:217: UserWarning: Converting to PeriodArray/Index representation will drop timezone information.
  in_month = np.flatnonzero((times.dt.to_period("M") == month).to_numpy())
/Users/zhangzc/fable-trading/scripts/diag_nine_exits_matched.py:217: UserWarning: Converting to PeriodArray/Index representation will drop timezone information.
  in_month = np.flatnonzero((times.dt.to_period("M") == month).to_numpy())
/Users/zhangzc/fable-trading/scripts/diag_nine_exits_matched.py:217: UserWarning: Converting to PeriodArray/Index representation will drop timezone information.
  in_month = np.flatnonzero((times.dt.to_period("M") == month).to_numpy())
/Users/zhangzc/fable-trading/scripts/diag_nine_exits_matched.py:217: UserWarning: Converting to PeriodArray/Index representation will drop timezone information.
  in_month = np.flatnonzero((times.dt.to_period("M") == month).to_numpy())
/Users/zhangzc/fable-trading/scripts/diag_nine_exits_matched.py:217: UserWarning: Converting to PeriodArray/Index representation will drop timezone information.
  in_month = np.flatnonzero((times.dt.to_period("M") == month).to_numpy())
/Users/zhangzc/fable-trading/scripts/diag_nine_exits_matched.py:217: UserWarning: Converting to PeriodArray/Index representation will drop timezone information.
  in_month = np.flatnonzero((times.dt.to_period("M") == month).to_numpy())
/Users/zhangzc/fable-trading/scripts/diag_nine_exits_matched.py:217: UserWarning: Converting to PeriodArray/Index representation will drop timezone information.
  in_month = np.flatnonzero((times.dt.to_period("M") == month).to_numpy())
/Users/zhangzc/fable-trading/scripts/diag_nine_exits_matched.py:217: UserWarning: Converting to PeriodArray/Index representation will drop timezone information.
  in_month = np.flatnonzero((times.dt.to_period("M") == month).to_numpy())
/Users/zhangzc/fable-trading/scripts/diag_nine_exits_matched.py:217: UserWarning: Converting to PeriodArray/Index representation will drop timezone information.
  in_month = np.flatnonzero((times.dt.to_period("M") == month).to_numpy())
/Users/zhangzc/fable-trading/scripts/diag_nine_exits_matched.py:217: UserWarning: Converting to PeriodArray/Index representation will drop timezone information.
  in_month = np.flatnonzero((times.dt.to_period("M") == month).to_numpy())
/Users/zhangzc/fable-trading/scripts/diag_nine_exits_matched.py:217: UserWarning: Converting to PeriodArray/Index representation will drop timezone information.
  in_month = np.flatnonzero((times.dt.to_period("M") == month).to_numpy())
/Users/zhangzc/fable-trading/scripts/diag_nine_exits_matched.py:217: UserWarning: Converting to PeriodArray/Index representation will drop timezone information.
  in_month = np.flatnonzero((times.dt.to_period("M") == month).to_numpy())
/Users/zhangzc/fable-trading/scripts/diag_nine_exits_matched.py:217: UserWarning: Converting to PeriodArray/Index representation will drop timezone information.
  in_month = np.flatnonzero((times.dt.to_period("M") == month).to_numpy())
/Users/zhangzc/fable-trading/scripts/diag_nine_exits_matched.py:217: UserWarning: Converting to PeriodArray/Index representation will drop timezone information.
  in_month = np.flatnonzero((times.dt.to_period("M") == month).to_numpy())
/Users/zhangzc/fable-trading/scripts/diag_nine_exits_matched.py:217: UserWarning: Converting to PeriodArray/Index representation will drop timezone information.
  in_month = np.flatnonzero((times.dt.to_period("M") == month).to_numpy())
/Users/zhangzc/fable-trading/scripts/diag_nine_exits_matched.py:217: UserWarning: Converting to PeriodArray/Index representation will drop timezone information.
  in_month = np.flatnonzero((times.dt.to_period("M") == month).to_numpy())
/Users/zhangzc/fable-trading/scripts/diag_nine_exits_matched.py:217: UserWarning: Converting to PeriodArray/Index representation will drop timezone information.
  in_month = np.flatnonzero((times.dt.to_period("M") == month).to_numpy())
/Users/zhangzc/fable-trading/scripts/diag_nine_exits_matched.py:217: UserWarning: Converting to PeriodArray/Index representation will drop timezone information.
  in_month = np.flatnonzero((times.dt.to_period("M") == month).to_numpy())
/Users/zhangzc/fable-trading/scripts/diag_nine_exits_matched.py:217: UserWarning: Converting to PeriodArray/Index representation will drop timezone information.
  in_month = np.flatnonzero((times.dt.to_period("M") == month).to_numpy())
/Users/zhangzc/fable-trading/scripts/diag_nine_exits_matched.py:217: UserWarning: Converting to PeriodArray/Index representation will drop timezone information.
  in_month = np.flatnonzero((times.dt.to_period("M") == month).to_numpy())
/Users/zhangzc/fable-trading/scripts/diag_nine_exits_matched.py:217: UserWarning: Converting to PeriodArray/Index representation will drop timezone information.
  in_month = np.flatnonzero((times.dt.to_period("M") == month).to_numpy())
/Users/zhangzc/fable-trading/scripts/diag_nine_exits_matched.py:217: UserWarning: Converting to PeriodArray/Index representation will drop timezone information.
  in_month = np.flatnonzero((times.dt.to_period("M") == month).to_numpy())
/Users/zhangzc/fable-trading/scripts/diag_nine_exits_matched.py:217: UserWarning: Converting to PeriodArray/Index representation will drop timezone information.
  in_month = np.flatnonzero((times.dt.to_period("M") == month).to_numpy())
/Users/zhangzc/fable-trading/scripts/diag_nine_exits_matched.py:217: UserWarning: Converting to PeriodArray/Index representation will drop timezone information.
  in_month = np.flatnonzero((times.dt.to_period("M") == month).to_numpy())
/Users/zhangzc/fable-trading/scripts/diag_nine_exits_matched.py:217: UserWarning: Converting to PeriodArray/Index representation will drop timezone information.
  in_month = np.flatnonzero((times.dt.to_period("M") == month).to_numpy())
/Users/zhangzc/fable-trading/scripts/diag_nine_exits_matched.py:217: UserWarning: Converting to PeriodArray/Index representation will drop timezone information.
  in_month = np.flatnonzero((times.dt.to_period("M") == month).to_numpy())
/Users/zhangzc/fable-trading/scripts/diag_nine_exits_matched.py:217: UserWarning: Converting to PeriodArray/Index representation will drop timezone information.
  in_month = np.flatnonzero((times.dt.to_period("M") == month).to_numpy())
/Users/zhangzc/fable-trading/scripts/diag_nine_exits_matched.py:217: UserWarning: Converting to PeriodArray/Index representation will drop timezone information.
  in_month = np.flatnonzero((times.dt.to_period("M") == month).to_numpy())
/Users/zhangzc/fable-trading/scripts/diag_nine_exits_matched.py:217: UserWarning: Converting to PeriodArray/Index representation will drop timezone information.
  in_month = np.flatnonzero((times.dt.to_period("M") == month).to_numpy())
/Users/zhangzc/fable-trading/scripts/diag_nine_exits_matched.py:217: UserWarning: Converting to PeriodArray/Index representation will drop timezone information.
  in_month = np.flatnonzero((times.dt.to_period("M") == month).to_numpy())
/Users/zhangzc/fable-trading/scripts/diag_nine_exits_matched.py:217: UserWarning: Converting to PeriodArray/Index representation will drop timezone information.
  in_month = np.flatnonzero((times.dt.to_period("M") == month).to_numpy())
/Users/zhangzc/fable-trading/scripts/diag_nine_exits_matched.py:217: UserWarning: Converting to PeriodArray/Index representation will drop timezone information.
  in_month = np.flatnonzero((times.dt.to_period("M") == month).to_numpy())
/Users/zhangzc/fable-trading/scripts/diag_nine_exits_matched.py:217: UserWarning: Converting to PeriodArray/Index representation will drop timezone information.
  in_month = np.flatnonzero((times.dt.to_period("M") == month).to_numpy())
/Users/zhangzc/fable-trading/scripts/diag_nine_exits_matched.py:217: UserWarning: Converting to PeriodArray/Index representation will drop timezone information.
  in_month = np.flatnonzero((times.dt.to_period("M") == month).to_numpy())
/Users/zhangzc/fable-trading/scripts/diag_nine_exits_matched.py:217: UserWarning: Converting to PeriodArray/Index representation will drop timezone information.
  in_month = np.flatnonzero((times.dt.to_period("M") == month).to_numpy())
/Users/zhangzc/fable-trading/scripts/diag_nine_exits_matched.py:217: UserWarning: Converting to PeriodArray/Index representation will drop timezone information.
  in_month = np.flatnonzero((times.dt.to_period("M") == month).to_numpy())
/Users/zhangzc/fable-trading/scripts/diag_nine_exits_matched.py:217: UserWarning: Converting to PeriodArray/Index representation will drop timezone information.
  in_month = np.flatnonzero((times.dt.to_period("M") == month).to_numpy())
/Users/zhangzc/fable-trading/scripts/diag_nine_exits_matched.py:217: UserWarning: Converting to PeriodArray/Index representation will drop timezone information.
  in_month = np.flatnonzero((times.dt.to_period("M") == month).to_numpy())
/Users/zhangzc/fable-trading/scripts/diag_nine_exits_matched.py:217: UserWarning: Converting to PeriodArray/Index representation will drop timezone information.
  in_month = np.flatnonzero((times.dt.to_period("M") == month).to_numpy())
/Users/zhangzc/fable-trading/scripts/diag_nine_exits_matched.py:217: UserWarning: Converting to PeriodArray/Index representation will drop timezone information.
  in_month = np.flatnonzero((times.dt.to_period("M") == month).to_numpy())
/Users/zhangzc/fable-trading/scripts/diag_nine_exits_matched.py:217: UserWarning: Converting to PeriodArray/Index representation will drop timezone information.
  in_month = np.flatnonzero((times.dt.to_period("M") == month).to_numpy())
/Users/zhangzc/fable-trading/scripts/diag_nine_exits_matched.py:217: UserWarning: Converting to PeriodArray/Index representation will drop timezone information.
  in_month = np.flatnonzero((times.dt.to_period("M") == month).to_numpy())
/Users/zhangzc/fable-trading/scripts/diag_nine_exits_matched.py:217: UserWarning: Converting to PeriodArray/Index representation will drop timezone information.
  in_month = np.flatnonzero((times.dt.to_period("M") == month).to_numpy())
/Users/zhangzc/fable-trading/scripts/diag_nine_exits_matched.py:217: UserWarning: Converting to PeriodArray/Index representation will drop timezone information.
  in_month = np.flatnonzero((times.dt.to_period("M") == month).to_numpy())
/Users/zhangzc/fable-trading/scripts/diag_nine_exits_matched.py:217: UserWarning: Converting to PeriodArray/Index representation will drop timezone information.
  in_month = np.flatnonzero((times.dt.to_period("M") == month).to_numpy())
/Users/zhangzc/fable-trading/scripts/diag_nine_exits_matched.py:217: UserWarning: Converting to PeriodArray/Index representation will drop timezone information.
  in_month = np.flatnonzero((times.dt.to_period("M") == month).to_numpy())
/Users/zhangzc/fable-trading/scripts/diag_nine_exits_matched.py:217: UserWarning: Converting to PeriodArray/Index representation will drop timezone information.
  in_month = np.flatnonzero((times.dt.to_period("M") == month).to_numpy())
/Users/zhangzc/fable-trading/scripts/diag_nine_exits_matched.py:217: UserWarning: Converting to PeriodArray/Index representation will drop timezone information.
  in_month = np.flatnonzero((times.dt.to_period("M") == month).to_numpy())
/Users/zhangzc/fable-trading/scripts/diag_nine_exits_matched.py:217: UserWarning: Converting to PeriodArray/Index representation will drop timezone information.
  in_month = np.flatnonzero((times.dt.to_period("M") == month).to_numpy())
/Users/zhangzc/fable-trading/scripts/diag_nine_exits_matched.py:217: UserWarning: Converting to PeriodArray/Index representation will drop timezone information.
  in_month = np.flatnonzero((times.dt.to_period("M") == month).to_numpy())
/Users/zhangzc/fable-trading/scripts/diag_nine_exits_matched.py:217: UserWarning: Converting to PeriodArray/Index representation will drop timezone information.
  in_month = np.flatnonzero((times.dt.to_period("M") == month).to_numpy())
/Users/zhangzc/fable-trading/scripts/diag_nine_exits_matched.py:217: UserWarning: Converting to PeriodArray/Index representation will drop timezone information.
  in_month = np.flatnonzero((times.dt.to_period("M") == month).to_numpy())
/Users/zhangzc/fable-trading/scripts/diag_nine_exits_matched.py:217: UserWarning: Converting to PeriodArray/Index representation will drop timezone information.
  in_month = np.flatnonzero((times.dt.to_period("M") == month).to_numpy())
/Users/zhangzc/fable-trading/scripts/diag_nine_exits_matched.py:217: UserWarning: Converting to PeriodArray/Index representation will drop timezone information.
  in_month = np.flatnonzero((times.dt.to_period("M") == month).to_numpy())
/Users/zhangzc/fable-trading/scripts/diag_nine_exits_matched.py:217: UserWarning: Converting to PeriodArray/Index representation will drop timezone information.
  in_month = np.flatnonzero((times.dt.to_period("M") == month).to_numpy())
/Users/zhangzc/fable-trading/scripts/diag_nine_exits_matched.py:217: UserWarning: Converting to PeriodArray/Index representation will drop timezone information.
  in_month = np.flatnonzero((times.dt.to_period("M") == month).to_numpy())
/Users/zhangzc/fable-trading/scripts/diag_nine_exits_matched.py:217: UserWarning: Converting to PeriodArray/Index representation will drop timezone information.
  in_month = np.flatnonzero((times.dt.to_period("M") == month).to_numpy())
/Users/zhangzc/fable-trading/scripts/diag_nine_exits_matched.py:217: UserWarning: Converting to PeriodArray/Index representation will drop timezone information.
  in_month = np.flatnonzero((times.dt.to_period("M") == month).to_numpy())
/Users/zhangzc/fable-trading/scripts/diag_nine_exits_matched.py:217: UserWarning: Converting to PeriodArray/Index representation will drop timezone information.
  in_month = np.flatnonzero((times.dt.to_period("M") == month).to_numpy())
/Users/zhangzc/fable-trading/scripts/diag_nine_exits_matched.py:217: UserWarning: Converting to PeriodArray/Index representation will drop timezone information.
  in_month = np.flatnonzero((times.dt.to_period("M") == month).to_numpy())
/Users/zhangzc/fable-trading/scripts/diag_nine_exits_matched.py:217: UserWarning: Converting to PeriodArray/Index representation will drop timezone information.
  in_month = np.flatnonzero((times.dt.to_period("M") == month).to_numpy())
/Users/zhangzc/fable-trading/scripts/diag_nine_exits_matched.py:217: UserWarning: Converting to PeriodArray/Index representation will drop timezone information.
  in_month = np.flatnonzero((times.dt.to_period("M") == month).to_numpy())
/Users/zhangzc/fable-trading/scripts/diag_nine_exits_matched.py:217: UserWarning: Converting to PeriodArray/Index representation will drop timezone information.
  in_month = np.flatnonzero((times.dt.to_period("M") == month).to_numpy())
/Users/zhangzc/fable-trading/scripts/diag_nine_exits_matched.py:217: UserWarning: Converting to PeriodArray/Index representation will drop timezone information.
  in_month = np.flatnonzero((times.dt.to_period("M") == month).to_numpy())
/Users/zhangzc/fable-trading/scripts/diag_nine_exits_matched.py:217: UserWarning: Converting to PeriodArray/Index representation will drop timezone information.
  in_month = np.flatnonzero((times.dt.to_period("M") == month).to_numpy())
/Users/zhangzc/fable-trading/scripts/diag_nine_exits_matched.py:217: UserWarning: Converting to PeriodArray/Index representation will drop timezone information.
  in_month = np.flatnonzero((times.dt.to_period("M") == month).to_numpy())
/Users/zhangzc/fable-trading/scripts/diag_nine_exits_matched.py:217: UserWarning: Converting to PeriodArray/Index representation will drop timezone information.
  in_month = np.flatnonzero((times.dt.to_period("M") == month).to_numpy())
/Users/zhangzc/fable-trading/scripts/diag_nine_exits_matched.py:217: UserWarning: Converting to PeriodArray/Index representation will drop timezone information.
  in_month = np.flatnonzero((times.dt.to_period("M") == month).to_numpy())
/Users/zhangzc/fable-trading/scripts/diag_nine_exits_matched.py:217: UserWarning: Converting to PeriodArray/Index representation will drop timezone information.
  in_month = np.flatnonzero((times.dt.to_period("M") == month).to_numpy())
/Users/zhangzc/fable-trading/scripts/diag_nine_exits_matched.py:217: UserWarning: Converting to PeriodArray/Index representation will drop timezone information.
  in_month = np.flatnonzero((times.dt.to_period("M") == month).to_numpy())
/Users/zhangzc/fable-trading/scripts/diag_nine_exits_matched.py:217: UserWarning: Converting to PeriodArray/Index representation will drop timezone information.
  in_month = np.flatnonzero((times.dt.to_period("M") == month).to_numpy())
/Users/zhangzc/fable-trading/scripts/diag_nine_exits_matched.py:217: UserWarning: Converting to PeriodArray/Index representation will drop timezone information.
  in_month = np.flatnonzero((times.dt.to_period("M") == month).to_numpy())
/Users/zhangzc/fable-trading/scripts/diag_nine_exits_matched.py:217: UserWarning: Converting to PeriodArray/Index representation will drop timezone information.
  in_month = np.flatnonzero((times.dt.to_period("M") == month).to_numpy())
/Users/zhangzc/fable-trading/scripts/diag_nine_exits_matched.py:217: UserWarning: Converting to PeriodArray/Index representation will drop timezone information.
  in_month = np.flatnonzero((times.dt.to_period("M") == month).to_numpy())
/Users/zhangzc/fable-trading/scripts/diag_nine_exits_matched.py:217: UserWarning: Converting to PeriodArray/Index representation will drop timezone information.
  in_month = np.flatnonzero((times.dt.to_period("M") == month).to_numpy())
/Users/zhangzc/fable-trading/scripts/diag_nine_exits_matched.py:217: UserWarning: Converting to PeriodArray/Index representation will drop timezone information.
  in_month = np.flatnonzero((times.dt.to_period("M") == month).to_numpy())
/Users/zhangzc/fable-trading/scripts/diag_nine_exits_matched.py:217: UserWarning: Converting to PeriodArray/Index representation will drop timezone information.
  in_month = np.flatnonzero((times.dt.to_period("M") == month).to_numpy())
/Users/zhangzc/fable-trading/scripts/diag_nine_exits_matched.py:217: UserWarning: Converting to PeriodArray/Index representation will drop timezone information.
  in_month = np.flatnonzero((times.dt.to_period("M") == month).to_numpy())
/Users/zhangzc/fable-trading/scripts/diag_nine_exits_matched.py:217: UserWarning: Converting to PeriodArray/Index representation will drop timezone information.
  in_month = np.flatnonzero((times.dt.to_period("M") == month).to_numpy())
/Users/zhangzc/fable-trading/scripts/diag_nine_exits_matched.py:217: UserWarning: Converting to PeriodArray/Index representation will drop timezone information.
  in_month = np.flatnonzero((times.dt.to_period("M") == month).to_numpy())
/Users/zhangzc/fable-trading/scripts/diag_nine_exits_matched.py:217: UserWarning: Converting to PeriodArray/Index representation will drop timezone information.
  in_month = np.flatnonzero((times.dt.to_period("M") == month).to_numpy())
/Users/zhangzc/fable-trading/scripts/diag_nine_exits_matched.py:217: UserWarning: Converting to PeriodArray/Index representation will drop timezone information.
  in_month = np.flatnonzero((times.dt.to_period("M") == month).to_numpy())
/Users/zhangzc/fable-trading/scripts/diag_nine_exits_matched.py:217: UserWarning: Converting to PeriodArray/Index representation will drop timezone information.
  in_month = np.flatnonzero((times.dt.to_period("M") == month).to_numpy())
/Users/zhangzc/fable-trading/scripts/diag_nine_exits_matched.py:217: UserWarning: Converting to PeriodArray/Index representation will drop timezone information.
  in_month = np.flatnonzero((times.dt.to_period("M") == month).to_numpy())
/Users/zhangzc/fable-trading/scripts/diag_nine_exits_matched.py:217: UserWarning: Converting to PeriodArray/Index representation will drop timezone information.
  in_month = np.flatnonzero((times.dt.to_period("M") == month).to_numpy())
/Users/zhangzc/fable-trading/scripts/diag_nine_exits_matched.py:217: UserWarning: Converting to PeriodArray/Index representation will drop timezone information.
  in_month = np.flatnonzero((times.dt.to_period("M") == month).to_numpy())
/Users/zhangzc/fable-trading/scripts/diag_nine_exits_matched.py:217: UserWarning: Converting to PeriodArray/Index representation will drop timezone information.
  in_month = np.flatnonzero((times.dt.to_period("M") == month).to_numpy())
/Users/zhangzc/fable-trading/scripts/diag_nine_exits_matched.py:217: UserWarning: Converting to PeriodArray/Index representation will drop timezone information.
  in_month = np.flatnonzero((times.dt.to_period("M") == month).to_numpy())
/Users/zhangzc/fable-trading/scripts/diag_nine_exits_matched.py:217: UserWarning: Converting to PeriodArray/Index representation will drop timezone information.
  in_month = np.flatnonzero((times.dt.to_period("M") == month).to_numpy())
/Users/zhangzc/fable-trading/scripts/diag_nine_exits_matched.py:217: UserWarning: Converting to PeriodArray/Index representation will drop timezone information.
  in_month = np.flatnonzero((times.dt.to_period("M") == month).to_numpy())
/Users/zhangzc/fable-trading/scripts/diag_nine_exits_matched.py:217: UserWarning: Converting to PeriodArray/Index representation will drop timezone information.
  in_month = np.flatnonzero((times.dt.to_period("M") == month).to_numpy())
/Users/zhangzc/fable-trading/scripts/diag_nine_exits_matched.py:217: UserWarning: Converting to PeriodArray/Index representation will drop timezone information.
  in_month = np.flatnonzero((times.dt.to_period("M") == month).to_numpy())
/Users/zhangzc/fable-trading/scripts/diag_nine_exits_matched.py:217: UserWarning: Converting to PeriodArray/Index representation will drop timezone information.
  in_month = np.flatnonzero((times.dt.to_period("M") == month).to_numpy())
/Users/zhangzc/fable-trading/scripts/diag_nine_exits_matched.py:217: UserWarning: Converting to PeriodArray/Index representation will drop timezone information.
  in_month = np.flatnonzero((times.dt.to_period("M") == month).to_numpy())
/Users/zhangzc/fable-trading/scripts/diag_nine_exits_matched.py:217: UserWarning: Converting to PeriodArray/Index representation will drop timezone information.
  in_month = np.flatnonzero((times.dt.to_period("M") == month).to_numpy())
/Users/zhangzc/fable-trading/scripts/diag_nine_exits_matched.py:217: UserWarning: Converting to PeriodArray/Index representation will drop timezone information.
  in_month = np.flatnonzero((times.dt.to_period("M") == month).to_numpy())
/Users/zhangzc/fable-trading/scripts/diag_nine_exits_matched.py:217: UserWarning: Converting to PeriodArray/Index representation will drop timezone information.
  in_month = np.flatnonzero((times.dt.to_period("M") == month).to_numpy())
/Users/zhangzc/fable-trading/scripts/diag_nine_exits_matched.py:217: UserWarning: Converting to PeriodArray/Index representation will drop timezone information.
  in_month = np.flatnonzero((times.dt.to_period("M") == month).to_numpy())
/Users/zhangzc/fable-trading/scripts/diag_nine_exits_matched.py:217: UserWarning: Converting to PeriodArray/Index representation will drop timezone information.
  in_month = np.flatnonzero((times.dt.to_period("M") == month).to_numpy())
/Users/zhangzc/fable-trading/scripts/diag_nine_exits_matched.py:217: UserWarning: Converting to PeriodArray/Index representation will drop timezone information.
  in_month = np.flatnonzero((times.dt.to_period("M") == month).to_numpy())
/Users/zhangzc/fable-trading/scripts/diag_nine_exits_matched.py:217: UserWarning: Converting to PeriodArray/Index representation will drop timezone information.
  in_month = np.flatnonzero((times.dt.to_period("M") == month).to_numpy())
/Users/zhangzc/fable-trading/scripts/diag_nine_exits_matched.py:217: UserWarning: Converting to PeriodArray/Index representation will drop timezone information.
  in_month = np.flatnonzero((times.dt.to_period("M") == month).to_numpy())
/Users/zhangzc/fable-trading/scripts/diag_nine_exits_matched.py:217: UserWarning: Converting to PeriodArray/Index representation will drop timezone information.
  in_month = np.flatnonzero((times.dt.to_period("M") == month).to_numpy())
/Users/zhangzc/fable-trading/scripts/diag_nine_exits_matched.py:217: UserWarning: Converting to PeriodArray/Index representation will drop timezone information.
  in_month = np.flatnonzero((times.dt.to_period("M") == month).to_numpy())
/Users/zhangzc/fable-trading/scripts/diag_nine_exits_matched.py:217: UserWarning: Converting to PeriodArray/Index representation will drop timezone information.
  in_month = np.flatnonzero((times.dt.to_period("M") == month).to_numpy())
/Users/zhangzc/fable-trading/scripts/diag_nine_exits_matched.py:217: UserWarning: Converting to PeriodArray/Index representation will drop timezone information.
  in_month = np.flatnonzero((times.dt.to_period("M") == month).to_numpy())
/Users/zhangzc/fable-trading/scripts/diag_nine_exits_matched.py:217: UserWarning: Converting to PeriodArray/Index representation will drop timezone information.
  in_month = np.flatnonzero((times.dt.to_period("M") == month).to_numpy())
/Users/zhangzc/fable-trading/scripts/diag_nine_exits_matched.py:217: UserWarning: Converting to PeriodArray/Index representation will drop timezone information.
  in_month = np.flatnonzero((times.dt.to_period("M") == month).to_numpy())
/Users/zhangzc/fable-trading/scripts/diag_nine_exits_matched.py:217: UserWarning: Converting to PeriodArray/Index representation will drop timezone information.
  in_month = np.flatnonzero((times.dt.to_period("M") == month).to_numpy())
/Users/zhangzc/fable-trading/scripts/diag_nine_exits_matched.py:217: UserWarning: Converting to PeriodArray/Index representation will drop timezone information.
  in_month = np.flatnonzero((times.dt.to_period("M") == month).to_numpy())
/Users/zhangzc/fable-trading/scripts/diag_nine_exits_matched.py:217: UserWarning: Converting to PeriodArray/Index representation will drop timezone information.
  in_month = np.flatnonzero((times.dt.to_period("M") == month).to_numpy())
/Users/zhangzc/fable-trading/scripts/diag_nine_exits_matched.py:217: UserWarning: Converting to PeriodArray/Index representation will drop timezone information.
  in_month = np.flatnonzero((times.dt.to_period("M") == month).to_numpy())
/Users/zhangzc/fable-trading/scripts/diag_nine_exits_matched.py:217: UserWarning: Converting to PeriodArray/Index representation will drop timezone information.
  in_month = np.flatnonzero((times.dt.to_period("M") == month).to_numpy())
/Users/zhangzc/fable-trading/scripts/diag_nine_exits_matched.py:217: UserWarning: Converting to PeriodArray/Index representation will drop timezone information.
  in_month = np.flatnonzero((times.dt.to_period("M") == month).to_numpy())
/Users/zhangzc/fable-trading/scripts/diag_nine_exits_matched.py:217: UserWarning: Converting to PeriodArray/Index representation will drop timezone information.
  in_month = np.flatnonzero((times.dt.to_period("M") == month).to_numpy())
/Users/zhangzc/fable-trading/scripts/diag_nine_exits_matched.py:217: UserWarning: Converting to PeriodArray/Index representation will drop timezone information.
  in_month = np.flatnonzero((times.dt.to_period("M") == month).to_numpy())
/Users/zhangzc/fable-trading/scripts/diag_nine_exits_matched.py:217: UserWarning: Converting to PeriodArray/Index representation will drop timezone information.
  in_month = np.flatnonzero((times.dt.to_period("M") == month).to_numpy())
/Users/zhangzc/fable-trading/scripts/diag_nine_exits_matched.py:217: UserWarning: Converting to PeriodArray/Index representation will drop timezone information.
  in_month = np.flatnonzero((times.dt.to_period("M") == month).to_numpy())
/Users/zhangzc/fable-trading/scripts/diag_nine_exits_matched.py:217: UserWarning: Converting to PeriodArray/Index representation will drop timezone information.
  in_month = np.flatnonzero((times.dt.to_period("M") == month).to_numpy())
/Users/zhangzc/fable-trading/scripts/diag_nine_exits_matched.py:217: UserWarning: Converting to PeriodArray/Index representation will drop timezone information.
  in_month = np.flatnonzero((times.dt.to_period("M") == month).to_numpy())
/Users/zhangzc/fable-trading/scripts/diag_nine_exits_matched.py:217: UserWarning: Converting to PeriodArray/Index representation will drop timezone information.
  in_month = np.flatnonzero((times.dt.to_period("M") == month).to_numpy())
/Users/zhangzc/fable-trading/scripts/diag_nine_exits_matched.py:217: UserWarning: Converting to PeriodArray/Index representation will drop timezone information.
  in_month = np.flatnonzero((times.dt.to_period("M") == month).to_numpy())
/Users/zhangzc/fable-trading/scripts/diag_nine_exits_matched.py:217: UserWarning: Converting to PeriodArray/Index representation will drop timezone information.
  in_month = np.flatnonzero((times.dt.to_period("M") == month).to_numpy())
/Users/zhangzc/fable-trading/scripts/diag_nine_exits_matched.py:217: UserWarning: Converting to PeriodArray/Index representation will drop timezone information.
  in_month = np.flatnonzero((times.dt.to_period("M") == month).to_numpy())
/Users/zhangzc/fable-trading/scripts/diag_nine_exits_matched.py:217: UserWarning: Converting to PeriodArray/Index representation will drop timezone information.
  in_month = np.flatnonzero((times.dt.to_period("M") == month).to_numpy())
/Users/zhangzc/fable-trading/scripts/diag_nine_exits_matched.py:217: UserWarning: Converting to PeriodArray/Index representation will drop timezone information.
  in_month = np.flatnonzero((times.dt.to_period("M") == month).to_numpy())
/Users/zhangzc/fable-trading/scripts/diag_nine_exits_matched.py:217: UserWarning: Converting to PeriodArray/Index representation will drop timezone information.
  in_month = np.flatnonzero((times.dt.to_period("M") == month).to_numpy())
/Users/zhangzc/fable-trading/scripts/diag_nine_exits_matched.py:217: UserWarning: Converting to PeriodArray/Index representation will drop timezone information.
  in_month = np.flatnonzero((times.dt.to_period("M") == month).to_numpy())
/Users/zhangzc/fable-trading/scripts/diag_nine_exits_matched.py:217: UserWarning: Converting to PeriodArray/Index representation will drop timezone information.
  in_month = np.flatnonzero((times.dt.to_period("M") == month).to_numpy())
/Users/zhangzc/fable-trading/scripts/diag_nine_exits_matched.py:217: UserWarning: Converting to PeriodArray/Index representation will drop timezone information.
  in_month = np.flatnonzero((times.dt.to_period("M") == month).to_numpy())
/Users/zhangzc/fable-trading/scripts/diag_nine_exits_matched.py:217: UserWarning: Converting to PeriodArray/Index representation will drop timezone information.
  in_month = np.flatnonzero((times.dt.to_period("M") == month).to_numpy())
/Users/zhangzc/fable-trading/scripts/diag_nine_exits_matched.py:217: UserWarning: Converting to PeriodArray/Index representation will drop timezone information.
  in_month = np.flatnonzero((times.dt.to_period("M") == month).to_numpy())
/Users/zhangzc/fable-trading/scripts/diag_nine_exits_matched.py:217: UserWarning: Converting to PeriodArray/Index representation will drop timezone information.
  in_month = np.flatnonzero((times.dt.to_period("M") == month).to_numpy())
/Users/zhangzc/fable-trading/scripts/diag_nine_exits_matched.py:217: UserWarning: Converting to PeriodArray/Index representation will drop timezone information.
  in_month = np.flatnonzero((times.dt.to_period("M") == month).to_numpy())
/Users/zhangzc/fable-trading/scripts/diag_nine_exits_matched.py:217: UserWarning: Converting to PeriodArray/Index representation will drop timezone information.
  in_month = np.flatnonzero((times.dt.to_period("M") == month).to_numpy())
/Users/zhangzc/fable-trading/scripts/diag_nine_exits_matched.py:217: UserWarning: Converting to PeriodArray/Index representation will drop timezone information.
  in_month = np.flatnonzero((times.dt.to_period("M") == month).to_numpy())
/Users/zhangzc/fable-trading/scripts/diag_nine_exits_matched.py:217: UserWarning: Converting to PeriodArray/Index representation will drop timezone information.
  in_month = np.flatnonzero((times.dt.to_period("M") == month).to_numpy())
/Users/zhangzc/fable-trading/scripts/diag_nine_exits_matched.py:217: UserWarning: Converting to PeriodArray/Index representation will drop timezone information.
  in_month = np.flatnonzero((times.dt.to_period("M") == month).to_numpy())
/Users/zhangzc/fable-trading/scripts/diag_nine_exits_matched.py:217: UserWarning: Converting to PeriodArray/Index representation will drop timezone information.
  in_month = np.flatnonzero((times.dt.to_period("M") == month).to_numpy())
/Users/zhangzc/fable-trading/scripts/diag_nine_exits_matched.py:217: UserWarning: Converting to PeriodArray/Index representation will drop timezone information.
  in_month = np.flatnonzero((times.dt.to_period("M") == month).to_numpy())
/Users/zhangzc/fable-trading/scripts/diag_nine_exits_matched.py:217: UserWarning: Converting to PeriodArray/Index representation will drop timezone information.
  in_month = np.flatnonzero((times.dt.to_period("M") == month).to_numpy())
/Users/zhangzc/fable-trading/scripts/diag_nine_exits_matched.py:217: UserWarning: Converting to PeriodArray/Index representation will drop timezone information.
  in_month = np.flatnonzero((times.dt.to_period("M") == month).to_numpy())
/Users/zhangzc/fable-trading/scripts/diag_nine_exits_matched.py:217: UserWarning: Converting to PeriodArray/Index representation will drop timezone information.
  in_month = np.flatnonzero((times.dt.to_period("M") == month).to_numpy())
/Users/zhangzc/fable-trading/scripts/diag_nine_exits_matched.py:217: UserWarning: Converting to PeriodArray/Index representation will drop timezone information.
  in_month = np.flatnonzero((times.dt.to_period("M") == month).to_numpy())
/Users/zhangzc/fable-trading/scripts/diag_nine_exits_matched.py:217: UserWarning: Converting to PeriodArray/Index representation will drop timezone information.
  in_month = np.flatnonzero((times.dt.to_period("M") == month).to_numpy())
/Users/zhangzc/fable-trading/scripts/diag_nine_exits_matched.py:217: UserWarning: Converting to PeriodArray/Index representation will drop timezone information.
  in_month = np.flatnonzero((times.dt.to_period("M") == month).to_numpy())
/Users/zhangzc/fable-trading/scripts/diag_nine_exits_matched.py:217: UserWarning: Converting to PeriodArray/Index representation will drop timezone information.
  in_month = np.flatnonzero((times.dt.to_period("M") == month).to_numpy())
/Users/zhangzc/fable-trading/scripts/diag_nine_exits_matched.py:217: UserWarning: Converting to PeriodArray/Index representation will drop timezone information.
  in_month = np.flatnonzero((times.dt.to_period("M") == month).to_numpy())
/Users/zhangzc/fable-trading/scripts/diag_nine_exits_matched.py:217: UserWarning: Converting to PeriodArray/Index representation will drop timezone information.
  in_month = np.flatnonzero((times.dt.to_period("M") == month).to_numpy())
/Users/zhangzc/fable-trading/scripts/diag_nine_exits_matched.py:217: UserWarning: Converting to PeriodArray/Index representation will drop timezone information.
  in_month = np.flatnonzero((times.dt.to_period("M") == month).to_numpy())
/Users/zhangzc/fable-trading/scripts/diag_nine_exits_matched.py:217: UserWarning: Converting to PeriodArray/Index representation will drop timezone information.
  in_month = np.flatnonzero((times.dt.to_period("M") == month).to_numpy())
/Users/zhangzc/fable-trading/scripts/diag_nine_exits_matched.py:217: UserWarning: Converting to PeriodArray/Index representation will drop timezone information.
  in_month = np.flatnonzero((times.dt.to_period("M") == month).to_numpy())
/Users/zhangzc/fable-trading/scripts/diag_nine_exits_matched.py:217: UserWarning: Converting to PeriodArray/Index representation will drop timezone information.
  in_month = np.flatnonzero((times.dt.to_period("M") == month).to_numpy())
/Users/zhangzc/fable-trading/scripts/diag_nine_exits_matched.py:217: UserWarning: Converting to PeriodArray/Index representation will drop timezone information.
  in_month = np.flatnonzero((times.dt.to_period("M") == month).to_numpy())
/Users/zhangzc/fable-trading/scripts/diag_nine_exits_matched.py:217: UserWarning: Converting to PeriodArray/Index representation will drop timezone information.
  in_month = np.flatnonzero((times.dt.to_period("M") == month).to_numpy())
/Users/zhangzc/fable-trading/scripts/diag_nine_exits_matched.py:217: UserWarning: Converting to PeriodArray/Index representation will drop timezone information.
  in_month = np.flatnonzero((times.dt.to_period("M") == month).to_numpy())
/Users/zhangzc/fable-trading/scripts/diag_nine_exits_matched.py:217: UserWarning: Converting to PeriodArray/Index representation will drop timezone information.
  in_month = np.flatnonzero((times.dt.to_period("M") == month).to_numpy())
/Users/zhangzc/fable-trading/scripts/diag_nine_exits_matched.py:217: UserWarning: Converting to PeriodArray/Index representation will drop timezone information.
  in_month = np.flatnonzero((times.dt.to_period("M") == month).to_numpy())
/Users/zhangzc/fable-trading/scripts/diag_nine_exits_matched.py:217: UserWarning: Converting to PeriodArray/Index representation will drop timezone information.
  in_month = np.flatnonzero((times.dt.to_period("M") == month).to_numpy())
/Users/zhangzc/fable-trading/scripts/diag_nine_exits_matched.py:217: UserWarning: Converting to PeriodArray/Index representation will drop timezone information.
  in_month = np.flatnonzero((times.dt.to_period("M") == month).to_numpy())
/Users/zhangzc/fable-trading/scripts/diag_nine_exits_matched.py:217: UserWarning: Converting to PeriodArray/Index representation will drop timezone information.
  in_month = np.flatnonzero((times.dt.to_period("M") == month).to_numpy())
/Users/zhangzc/fable-trading/scripts/diag_nine_exits_matched.py:217: UserWarning: Converting to PeriodArray/Index representation will drop timezone information.
  in_month = np.flatnonzero((times.dt.to_period("M") == month).to_numpy())
/Users/zhangzc/fable-trading/scripts/diag_nine_exits_matched.py:217: UserWarning: Converting to PeriodArray/Index representation will drop timezone information.
  in_month = np.flatnonzero((times.dt.to_period("M") == month).to_numpy())
/Users/zhangzc/fable-trading/scripts/diag_nine_exits_matched.py:217: UserWarning: Converting to PeriodArray/Index representation will drop timezone information.
  in_month = np.flatnonzero((times.dt.to_period("M") == month).to_numpy())
/Users/zhangzc/fable-trading/scripts/diag_nine_exits_matched.py:217: UserWarning: Converting to PeriodArray/Index representation will drop timezone information.
  in_month = np.flatnonzero((times.dt.to_period("M") == month).to_numpy())
/Users/zhangzc/fable-trading/scripts/diag_nine_exits_matched.py:217: UserWarning: Converting to PeriodArray/Index representation will drop timezone information.
  in_month = np.flatnonzero((times.dt.to_period("M") == month).to_numpy())
/Users/zhangzc/fable-trading/scripts/diag_nine_exits_matched.py:217: UserWarning: Converting to PeriodArray/Index representation will drop timezone information.
  in_month = np.flatnonzero((times.dt.to_period("M") == month).to_numpy())
/Users/zhangzc/fable-trading/scripts/diag_nine_exits_matched.py:217: UserWarning: Converting to PeriodArray/Index representation will drop timezone information.
  in_month = np.flatnonzero((times.dt.to_period("M") == month).to_numpy())
/Users/zhangzc/fable-trading/scripts/diag_nine_exits_matched.py:217: UserWarning: Converting to PeriodArray/Index representation will drop timezone information.
  in_month = np.flatnonzero((times.dt.to_period("M") == month).to_numpy())
/Users/zhangzc/fable-trading/scripts/diag_nine_exits_matched.py:217: UserWarning: Converting to PeriodArray/Index representation will drop timezone information.
  in_month = np.flatnonzero((times.dt.to_period("M") == month).to_numpy())
/Users/zhangzc/fable-trading/scripts/diag_nine_exits_matched.py:217: UserWarning: Converting to PeriodArray/Index representation will drop timezone information.
  in_month = np.flatnonzero((times.dt.to_period("M") == month).to_numpy())
/Users/zhangzc/fable-trading/scripts/diag_nine_exits_matched.py:217: UserWarning: Converting to PeriodArray/Index representation will drop timezone information.
  in_month = np.flatnonzero((times.dt.to_period("M") == month).to_numpy())
/Users/zhangzc/fable-trading/scripts/diag_nine_exits_matched.py:217: UserWarning: Converting to PeriodArray/Index representation will drop timezone information.
  in_month = np.flatnonzero((times.dt.to_period("M") == month).to_numpy())
/Users/zhangzc/fable-trading/scripts/diag_nine_exits_matched.py:217: UserWarning: Converting to PeriodArray/Index representation will drop timezone information.
  in_month = np.flatnonzero((times.dt.to_period("M") == month).to_numpy())
/Users/zhangzc/fable-trading/scripts/diag_nine_exits_matched.py:217: UserWarning: Converting to PeriodArray/Index representation will drop timezone information.
  in_month = np.flatnonzero((times.dt.to_period("M") == month).to_numpy())
/Users/zhangzc/fable-trading/scripts/diag_nine_exits_matched.py:217: UserWarning: Converting to PeriodArray/Index representation will drop timezone information.
  in_month = np.flatnonzero((times.dt.to_period("M") == month).to_numpy())
/Users/zhangzc/fable-trading/scripts/diag_nine_exits_matched.py:217: UserWarning: Converting to PeriodArray/Index representation will drop timezone information.
  in_month = np.flatnonzero((times.dt.to_period("M") == month).to_numpy())
/Users/zhangzc/fable-trading/scripts/diag_nine_exits_matched.py:217: UserWarning: Converting to PeriodArray/Index representation will drop timezone information.
  in_month = np.flatnonzero((times.dt.to_period("M") == month).to_numpy())
/Users/zhangzc/fable-trading/scripts/diag_nine_exits_matched.py:217: UserWarning: Converting to PeriodArray/Index representation will drop timezone information.
  in_month = np.flatnonzero((times.dt.to_period("M") == month).to_numpy())
/Users/zhangzc/fable-trading/scripts/diag_nine_exits_matched.py:217: UserWarning: Converting to PeriodArray/Index representation will drop timezone information.
  in_month = np.flatnonzero((times.dt.to_period("M") == month).to_numpy())
/Users/zhangzc/fable-trading/scripts/diag_nine_exits_matched.py:217: UserWarning: Converting to PeriodArray/Index representation will drop timezone information.
  in_month = np.flatnonzero((times.dt.to_period("M") == month).to_numpy())
/Users/zhangzc/fable-trading/scripts/diag_nine_exits_matched.py:217: UserWarning: Converting to PeriodArray/Index representation will drop timezone information.
  in_month = np.flatnonzero((times.dt.to_period("M") == month).to_numpy())
/Users/zhangzc/fable-trading/scripts/diag_nine_exits_matched.py:217: UserWarning: Converting to PeriodArray/Index representation will drop timezone information.
  in_month = np.flatnonzero((times.dt.to_period("M") == month).to_numpy())
/Users/zhangzc/fable-trading/scripts/diag_nine_exits_matched.py:217: UserWarning: Converting to PeriodArray/Index representation will drop timezone information.
  in_month = np.flatnonzero((times.dt.to_period("M") == month).to_numpy())
/Users/zhangzc/fable-trading/scripts/diag_nine_exits_matched.py:217: UserWarning: Converting to PeriodArray/Index representation will drop timezone information.
  in_month = np.flatnonzero((times.dt.to_period("M") == month).to_numpy())
/Users/zhangzc/fable-trading/scripts/diag_nine_exits_matched.py:217: UserWarning: Converting to PeriodArray/Index representation will drop timezone information.
  in_month = np.flatnonzero((times.dt.to_period("M") == month).to_numpy())
/Users/zhangzc/fable-trading/scripts/diag_nine_exits_matched.py:217: UserWarning: Converting to PeriodArray/Index representation will drop timezone information.
  in_month = np.flatnonzero((times.dt.to_period("M") == month).to_numpy())
/Users/zhangzc/fable-trading/scripts/diag_nine_exits_matched.py:217: UserWarning: Converting to PeriodArray/Index representation will drop timezone information.
  in_month = np.flatnonzero((times.dt.to_period("M") == month).to_numpy())
/Users/zhangzc/fable-trading/scripts/diag_nine_exits_matched.py:217: UserWarning: Converting to PeriodArray/Index representation will drop timezone information.
  in_month = np.flatnonzero((times.dt.to_period("M") == month).to_numpy())
/Users/zhangzc/fable-trading/scripts/diag_nine_exits_matched.py:217: UserWarning: Converting to PeriodArray/Index representation will drop timezone information.
  in_month = np.flatnonzero((times.dt.to_period("M") == month).to_numpy())
/Users/zhangzc/fable-trading/scripts/diag_nine_exits_matched.py:217: UserWarning: Converting to PeriodArray/Index representation will drop timezone information.
  in_month = np.flatnonzero((times.dt.to_period("M") == month).to_numpy())
/Users/zhangzc/fable-trading/scripts/diag_nine_exits_matched.py:217: UserWarning: Converting to PeriodArray/Index representation will drop timezone information.
  in_month = np.flatnonzero((times.dt.to_period("M") == month).to_numpy())
/Users/zhangzc/fable-trading/scripts/diag_nine_exits_matched.py:217: UserWarning: Converting to PeriodArray/Index representation will drop timezone information.
  in_month = np.flatnonzero((times.dt.to_period("M") == month).to_numpy())
/Users/zhangzc/fable-trading/scripts/diag_nine_exits_matched.py:217: UserWarning: Converting to PeriodArray/Index representation will drop timezone information.
  in_month = np.flatnonzero((times.dt.to_period("M") == month).to_numpy())
/Users/zhangzc/fable-trading/scripts/diag_nine_exits_matched.py:217: UserWarning: Converting to PeriodArray/Index representation will drop timezone information.
  in_month = np.flatnonzero((times.dt.to_period("M") == month).to_numpy())
/Users/zhangzc/fable-trading/scripts/diag_nine_exits_matched.py:217: UserWarning: Converting to PeriodArray/Index representation will drop timezone information.
  in_month = np.flatnonzero((times.dt.to_period("M") == month).to_numpy())
/Users/zhangzc/fable-trading/scripts/diag_nine_exits_matched.py:217: UserWarning: Converting to PeriodArray/Index representation will drop timezone information.
  in_month = np.flatnonzero((times.dt.to_period("M") == month).to_numpy())
/Users/zhangzc/fable-trading/scripts/diag_nine_exits_matched.py:217: UserWarning: Converting to PeriodArray/Index representation will drop timezone information.
  in_month = np.flatnonzero((times.dt.to_period("M") == month).to_numpy())
/Users/zhangzc/fable-trading/scripts/diag_nine_exits_matched.py:217: UserWarning: Converting to PeriodArray/Index representation will drop timezone information.
  in_month = np.flatnonzero((times.dt.to_period("M") == month).to_numpy())
/Users/zhangzc/fable-trading/scripts/diag_nine_exits_matched.py:217: UserWarning: Converting to PeriodArray/Index representation will drop timezone information.
  in_month = np.flatnonzero((times.dt.to_period("M") == month).to_numpy())
/Users/zhangzc/fable-trading/scripts/diag_nine_exits_matched.py:217: UserWarning: Converting to PeriodArray/Index representation will drop timezone information.
  in_month = np.flatnonzero((times.dt.to_period("M") == month).to_numpy())
/Users/zhangzc/fable-trading/scripts/diag_nine_exits_matched.py:217: UserWarning: Converting to PeriodArray/Index representation will drop timezone information.
  in_month = np.flatnonzero((times.dt.to_period("M") == month).to_numpy())
/Users/zhangzc/fable-trading/scripts/diag_nine_exits_matched.py:217: UserWarning: Converting to PeriodArray/Index representation will drop timezone information.
  in_month = np.flatnonzero((times.dt.to_period("M") == month).to_numpy())
/Users/zhangzc/fable-trading/scripts/diag_nine_exits_matched.py:217: UserWarning: Converting to PeriodArray/Index representation will drop timezone information.
  in_month = np.flatnonzero((times.dt.to_period("M") == month).to_numpy())
/Users/zhangzc/fable-trading/scripts/diag_nine_exits_matched.py:217: UserWarning: Converting to PeriodArray/Index representation will drop timezone information.
  in_month = np.flatnonzero((times.dt.to_period("M") == month).to_numpy())
/Users/zhangzc/fable-trading/scripts/diag_nine_exits_matched.py:217: UserWarning: Converting to PeriodArray/Index representation will drop timezone information.
  in_month = np.flatnonzero((times.dt.to_period("M") == month).to_numpy())
/Users/zhangzc/fable-trading/scripts/diag_nine_exits_matched.py:217: UserWarning: Converting to PeriodArray/Index representation will drop timezone information.
  in_month = np.flatnonzero((times.dt.to_period("M") == month).to_numpy())
/Users/zhangzc/fable-trading/scripts/diag_nine_exits_matched.py:217: UserWarning: Converting to PeriodArray/Index representation will drop timezone information.
  in_month = np.flatnonzero((times.dt.to_period("M") == month).to_numpy())
/Users/zhangzc/fable-trading/scripts/diag_nine_exits_matched.py:217: UserWarning: Converting to PeriodArray/Index representation will drop timezone information.
  in_month = np.flatnonzero((times.dt.to_period("M") == month).to_numpy())
/Users/zhangzc/fable-trading/scripts/diag_nine_exits_matched.py:217: UserWarning: Converting to PeriodArray/Index representation will drop timezone information.
  in_month = np.flatnonzero((times.dt.to_period("M") == month).to_numpy())
/Users/zhangzc/fable-trading/scripts/diag_nine_exits_matched.py:217: UserWarning: Converting to PeriodArray/Index representation will drop timezone information.
  in_month = np.flatnonzero((times.dt.to_period("M") == month).to_numpy())
/Users/zhangzc/fable-trading/scripts/diag_nine_exits_matched.py:217: UserWarning: Converting to PeriodArray/Index representation will drop timezone information.
  in_month = np.flatnonzero((times.dt.to_period("M") == month).to_numpy())
/Users/zhangzc/fable-trading/scripts/diag_nine_exits_matched.py:217: UserWarning: Converting to PeriodArray/Index representation will drop timezone information.
  in_month = np.flatnonzero((times.dt.to_period("M") == month).to_numpy())
/Users/zhangzc/fable-trading/scripts/diag_nine_exits_matched.py:217: UserWarning: Converting to PeriodArray/Index representation will drop timezone information.
  in_month = np.flatnonzero((times.dt.to_period("M") == month).to_numpy())
/Users/zhangzc/fable-trading/scripts/diag_nine_exits_matched.py:217: UserWarning: Converting to PeriodArray/Index representation will drop timezone information.
  in_month = np.flatnonzero((times.dt.to_period("M") == month).to_numpy())
/Users/zhangzc/fable-trading/scripts/diag_nine_exits_matched.py:217: UserWarning: Converting to PeriodArray/Index representation will drop timezone information.
  in_month = np.flatnonzero((times.dt.to_period("M") == month).to_numpy())
/Users/zhangzc/fable-trading/scripts/diag_nine_exits_matched.py:217: UserWarning: Converting to PeriodArray/Index representation will drop timezone information.
  in_month = np.flatnonzero((times.dt.to_period("M") == month).to_numpy())
/Users/zhangzc/fable-trading/scripts/diag_nine_exits_matched.py:217: UserWarning: Converting to PeriodArray/Index representation will drop timezone information.
  in_month = np.flatnonzero((times.dt.to_period("M") == month).to_numpy())
/Users/zhangzc/fable-trading/scripts/diag_nine_exits_matched.py:217: UserWarning: Converting to PeriodArray/Index representation will drop timezone information.
  in_month = np.flatnonzero((times.dt.to_period("M") == month).to_numpy())
/Users/zhangzc/fable-trading/scripts/diag_nine_exits_matched.py:217: UserWarning: Converting to PeriodArray/Index representation will drop timezone information.
  in_month = np.flatnonzero((times.dt.to_period("M") == month).to_numpy())
/Users/zhangzc/fable-trading/scripts/diag_nine_exits_matched.py:217: UserWarning: Converting to PeriodArray/Index representation will drop timezone information.
  in_month = np.flatnonzero((times.dt.to_period("M") == month).to_numpy())
/Users/zhangzc/fable-trading/scripts/diag_nine_exits_matched.py:217: UserWarning: Converting to PeriodArray/Index representation will drop timezone information.
  in_month = np.flatnonzero((times.dt.to_period("M") == month).to_numpy())
/Users/zhangzc/fable-trading/scripts/diag_nine_exits_matched.py:217: UserWarning: Converting to PeriodArray/Index representation will drop timezone information.
  in_month = np.flatnonzero((times.dt.to_period("M") == month).to_numpy())
/Users/zhangzc/fable-trading/scripts/diag_nine_exits_matched.py:217: UserWarning: Converting to PeriodArray/Index representation will drop timezone information.
  in_month = np.flatnonzero((times.dt.to_period("M") == month).to_numpy())
/Users/zhangzc/fable-trading/scripts/diag_nine_exits_matched.py:217: UserWarning: Converting to PeriodArray/Index representation will drop timezone information.
  in_month = np.flatnonzero((times.dt.to_period("M") == month).to_numpy())
/Users/zhangzc/fable-trading/scripts/diag_nine_exits_matched.py:217: UserWarning: Converting to PeriodArray/Index representation will drop timezone information.
  in_month = np.flatnonzero((times.dt.to_period("M") == month).to_numpy())
/Users/zhangzc/fable-trading/scripts/diag_nine_exits_matched.py:217: UserWarning: Converting to PeriodArray/Index representation will drop timezone information.
  in_month = np.flatnonzero((times.dt.to_period("M") == month).to_numpy())
/Users/zhangzc/fable-trading/scripts/diag_nine_exits_matched.py:217: UserWarning: Converting to PeriodArray/Index representation will drop timezone information.
  in_month = np.flatnonzero((times.dt.to_period("M") == month).to_numpy())
/Users/zhangzc/fable-trading/scripts/diag_nine_exits_matched.py:217: UserWarning: Converting to PeriodArray/Index representation will drop timezone information.
  in_month = np.flatnonzero((times.dt.to_period("M") == month).to_numpy())
/Users/zhangzc/fable-trading/scripts/diag_nine_exits_matched.py:217: UserWarning: Converting to PeriodArray/Index representation will drop timezone information.
  in_month = np.flatnonzero((times.dt.to_period("M") == month).to_numpy())
/Users/zhangzc/fable-trading/scripts/diag_nine_exits_matched.py:217: UserWarning: Converting to PeriodArray/Index representation will drop timezone information.
  in_month = np.flatnonzero((times.dt.to_period("M") == month).to_numpy())
/Users/zhangzc/fable-trading/scripts/diag_nine_exits_matched.py:217: UserWarning: Converting to PeriodArray/Index representation will drop timezone information.
  in_month = np.flatnonzero((times.dt.to_period("M") == month).to_numpy())
/Users/zhangzc/fable-trading/scripts/diag_nine_exits_matched.py:217: UserWarning: Converting to PeriodArray/Index representation will drop timezone information.
  in_month = np.flatnonzero((times.dt.to_period("M") == month).to_numpy())
/Users/zhangzc/fable-trading/scripts/diag_nine_exits_matched.py:217: UserWarning: Converting to PeriodArray/Index representation will drop timezone information.
  in_month = np.flatnonzero((times.dt.to_period("M") == month).to_numpy())
/Users/zhangzc/fable-trading/scripts/diag_nine_exits_matched.py:217: UserWarning: Converting to PeriodArray/Index representation will drop timezone information.
  in_month = np.flatnonzero((times.dt.to_period("M") == month).to_numpy())
/Users/zhangzc/fable-trading/scripts/diag_nine_exits_matched.py:217: UserWarning: Converting to PeriodArray/Index representation will drop timezone information.
  in_month = np.flatnonzero((times.dt.to_period("M") == month).to_numpy())
/Users/zhangzc/fable-trading/scripts/diag_nine_exits_matched.py:217: UserWarning: Converting to PeriodArray/Index representation will drop timezone information.
  in_month = np.flatnonzero((times.dt.to_period("M") == month).to_numpy())
/Users/zhangzc/fable-trading/scripts/diag_nine_exits_matched.py:217: UserWarning: Converting to PeriodArray/Index representation will drop timezone information.
  in_month = np.flatnonzero((times.dt.to_period("M") == month).to_numpy())
/Users/zhangzc/fable-trading/scripts/diag_nine_exits_matched.py:217: UserWarning: Converting to PeriodArray/Index representation will drop timezone information.
  in_month = np.flatnonzero((times.dt.to_period("M") == month).to_numpy())
/Users/zhangzc/fable-trading/scripts/diag_nine_exits_matched.py:217: UserWarning: Converting to PeriodArray/Index representation will drop timezone information.
  in_month = np.flatnonzero((times.dt.to_period("M") == month).to_numpy())
/Users/zhangzc/fable-trading/scripts/diag_nine_exits_matched.py:217: UserWarning: Converting to PeriodArray/Index representation will drop timezone information.
  in_month = np.flatnonzero((times.dt.to_period("M") == month).to_numpy())
/Users/zhangzc/fable-trading/scripts/diag_nine_exits_matched.py:217: UserWarning: Converting to PeriodArray/Index representation will drop timezone information.
  in_month = np.flatnonzero((times.dt.to_period("M") == month).to_numpy())
/Users/zhangzc/fable-trading/scripts/diag_nine_exits_matched.py:217: UserWarning: Converting to PeriodArray/Index representation will drop timezone information.
  in_month = np.flatnonzero((times.dt.to_period("M") == month).to_numpy())
/Users/zhangzc/fable-trading/scripts/diag_nine_exits_matched.py:217: UserWarning: Converting to PeriodArray/Index representation will drop timezone information.
  in_month = np.flatnonzero((times.dt.to_period("M") == month).to_numpy())
/Users/zhangzc/fable-trading/scripts/diag_nine_exits_matched.py:217: UserWarning: Converting to PeriodArray/Index representation will drop timezone information.
  in_month = np.flatnonzero((times.dt.to_period("M") == month).to_numpy())
/Users/zhangzc/fable-trading/scripts/diag_nine_exits_matched.py:217: UserWarning: Converting to PeriodArray/Index representation will drop timezone information.
  in_month = np.flatnonzero((times.dt.to_period("M") == month).to_numpy())
/Users/zhangzc/fable-trading/scripts/diag_nine_exits_matched.py:217: UserWarning: Converting to PeriodArray/Index representation will drop timezone information.
  in_month = np.flatnonzero((times.dt.to_period("M") == month).to_numpy())
/Users/zhangzc/fable-trading/scripts/diag_nine_exits_matched.py:217: UserWarning: Converting to PeriodArray/Index representation will drop timezone information.
  in_month = np.flatnonzero((times.dt.to_period("M") == month).to_numpy())
/Users/zhangzc/fable-trading/scripts/diag_nine_exits_matched.py:217: UserWarning: Converting to PeriodArray/Index representation will drop timezone information.
  in_month = np.flatnonzero((times.dt.to_period("M") == month).to_numpy())
/Users/zhangzc/fable-trading/scripts/diag_nine_exits_matched.py:217: UserWarning: Converting to PeriodArray/Index representation will drop timezone information.
  in_month = np.flatnonzero((times.dt.to_period("M") == month).to_numpy())
/Users/zhangzc/fable-trading/scripts/diag_nine_exits_matched.py:217: UserWarning: Converting to PeriodArray/Index representation will drop timezone information.
  in_month = np.flatnonzero((times.dt.to_period("M") == month).to_numpy())
/Users/zhangzc/fable-trading/scripts/diag_nine_exits_matched.py:217: UserWarning: Converting to PeriodArray/Index representation will drop timezone information.
  in_month = np.flatnonzero((times.dt.to_period("M") == month).to_numpy())
/Users/zhangzc/fable-trading/scripts/diag_nine_exits_matched.py:217: UserWarning: Converting to PeriodArray/Index representation will drop timezone information.
  in_month = np.flatnonzero((times.dt.to_period("M") == month).to_numpy())
/Users/zhangzc/fable-trading/scripts/diag_nine_exits_matched.py:217: UserWarning: Converting to PeriodArray/Index representation will drop timezone information.
  in_month = np.flatnonzero((times.dt.to_period("M") == month).to_numpy())
/Users/zhangzc/fable-trading/scripts/diag_nine_exits_matched.py:217: UserWarning: Converting to PeriodArray/Index representation will drop timezone information.
  in_month = np.flatnonzero((times.dt.to_period("M") == month).to_numpy())
/Users/zhangzc/fable-trading/scripts/diag_nine_exits_matched.py:217: UserWarning: Converting to PeriodArray/Index representation will drop timezone information.
  in_month = np.flatnonzero((times.dt.to_period("M") == month).to_numpy())
/Users/zhangzc/fable-trading/scripts/diag_nine_exits_matched.py:217: UserWarning: Converting to PeriodArray/Index representation will drop timezone information.
  in_month = np.flatnonzero((times.dt.to_period("M") == month).to_numpy())
/Users/zhangzc/fable-trading/scripts/diag_nine_exits_matched.py:217: UserWarning: Converting to PeriodArray/Index representation will drop timezone information.
  in_month = np.flatnonzero((times.dt.to_period("M") == month).to_numpy())
/Users/zhangzc/fable-trading/scripts/diag_nine_exits_matched.py:217: UserWarning: Converting to PeriodArray/Index representation will drop timezone information.
  in_month = np.flatnonzero((times.dt.to_period("M") == month).to_numpy())
/Users/zhangzc/fable-trading/scripts/diag_nine_exits_matched.py:217: UserWarning: Converting to PeriodArray/Index representation will drop timezone information.
  in_month = np.flatnonzero((times.dt.to_period("M") == month).to_numpy())
/Users/zhangzc/fable-trading/scripts/diag_nine_exits_matched.py:217: UserWarning: Converting to PeriodArray/Index representation will drop timezone information.
  in_month = np.flatnonzero((times.dt.to_period("M") == month).to_numpy())
/Users/zhangzc/fable-trading/scripts/diag_nine_exits_matched.py:217: UserWarning: Converting to PeriodArray/Index representation will drop timezone information.
  in_month = np.flatnonzero((times.dt.to_period("M") == month).to_numpy())
/Users/zhangzc/fable-trading/scripts/diag_nine_exits_matched.py:217: UserWarning: Converting to PeriodArray/Index representation will drop timezone information.
  in_month = np.flatnonzero((times.dt.to_period("M") == month).to_numpy())
/Users/zhangzc/fable-trading/scripts/diag_nine_exits_matched.py:217: UserWarning: Converting to PeriodArray/Index representation will drop timezone information.
  in_month = np.flatnonzero((times.dt.to_period("M") == month).to_numpy())
/Users/zhangzc/fable-trading/scripts/diag_nine_exits_matched.py:217: UserWarning: Converting to PeriodArray/Index representation will drop timezone information.
  in_month = np.flatnonzero((times.dt.to_period("M") == month).to_numpy())
/Users/zhangzc/fable-trading/scripts/diag_nine_exits_matched.py:217: UserWarning: Converting to PeriodArray/Index representation will drop timezone information.
  in_month = np.flatnonzero((times.dt.to_period("M") == month).to_numpy())
/Users/zhangzc/fable-trading/scripts/diag_nine_exits_matched.py:217: UserWarning: Converting to PeriodArray/Index representation will drop timezone information.
  in_month = np.flatnonzero((times.dt.to_period("M") == month).to_numpy())
/Users/zhangzc/fable-trading/scripts/diag_nine_exits_matched.py:217: UserWarning: Converting to PeriodArray/Index representation will drop timezone information.
  in_month = np.flatnonzero((times.dt.to_period("M") == month).to_numpy())
/Users/zhangzc/fable-trading/scripts/diag_nine_exits_matched.py:217: UserWarning: Converting to PeriodArray/Index representation will drop timezone information.
  in_month = np.flatnonzero((times.dt.to_period("M") == month).to_numpy())
/Users/zhangzc/fable-trading/scripts/diag_nine_exits_matched.py:217: UserWarning: Converting to PeriodArray/Index representation will drop timezone information.
  in_month = np.flatnonzero((times.dt.to_period("M") == month).to_numpy())
/Users/zhangzc/fable-trading/scripts/diag_nine_exits_matched.py:217: UserWarning: Converting to PeriodArray/Index representation will drop timezone information.
  in_month = np.flatnonzero((times.dt.to_period("M") == month).to_numpy())
/Users/zhangzc/fable-trading/scripts/diag_nine_exits_matched.py:217: UserWarning: Converting to PeriodArray/Index representation will drop timezone information.
  in_month = np.flatnonzero((times.dt.to_period("M") == month).to_numpy())
/Users/zhangzc/fable-trading/scripts/diag_nine_exits_matched.py:217: UserWarning: Converting to PeriodArray/Index representation will drop timezone information.
  in_month = np.flatnonzero((times.dt.to_period("M") == month).to_numpy())
/Users/zhangzc/fable-trading/scripts/diag_nine_exits_matched.py:217: UserWarning: Converting to PeriodArray/Index representation will drop timezone information.
  in_month = np.flatnonzero((times.dt.to_period("M") == month).to_numpy())
/Users/zhangzc/fable-trading/scripts/diag_nine_exits_matched.py:217: UserWarning: Converting to PeriodArray/Index representation will drop timezone information.
  in_month = np.flatnonzero((times.dt.to_period("M") == month).to_numpy())
/Users/zhangzc/fable-trading/scripts/diag_nine_exits_matched.py:217: UserWarning: Converting to PeriodArray/Index representation will drop timezone information.
  in_month = np.flatnonzero((times.dt.to_period("M") == month).to_numpy())
/Users/zhangzc/fable-trading/scripts/diag_nine_exits_matched.py:217: UserWarning: Converting to PeriodArray/Index representation will drop timezone information.
  in_month = np.flatnonzero((times.dt.to_period("M") == month).to_numpy())
/Users/zhangzc/fable-trading/scripts/diag_nine_exits_matched.py:217: UserWarning: Converting to PeriodArray/Index representation will drop timezone information.
  in_month = np.flatnonzero((times.dt.to_period("M") == month).to_numpy())
/Users/zhangzc/fable-trading/scripts/diag_nine_exits_matched.py:217: UserWarning: Converting to PeriodArray/Index representation will drop timezone information.
  in_month = np.flatnonzero((times.dt.to_period("M") == month).to_numpy())
/Users/zhangzc/fable-trading/scripts/diag_nine_exits_matched.py:217: UserWarning: Converting to PeriodArray/Index representation will drop timezone information.
  in_month = np.flatnonzero((times.dt.to_period("M") == month).to_numpy())
/Users/zhangzc/fable-trading/scripts/diag_nine_exits_matched.py:217: UserWarning: Converting to PeriodArray/Index representation will drop timezone information.
  in_month = np.flatnonzero((times.dt.to_period("M") == month).to_numpy())
/Users/zhangzc/fable-trading/scripts/diag_nine_exits_matched.py:217: UserWarning: Converting to PeriodArray/Index representation will drop timezone information.
  in_month = np.flatnonzero((times.dt.to_period("M") == month).to_numpy())
/Users/zhangzc/fable-trading/scripts/diag_nine_exits_matched.py:217: UserWarning: Converting to PeriodArray/Index representation will drop timezone information.
  in_month = np.flatnonzero((times.dt.to_period("M") == month).to_numpy())
/Users/zhangzc/fable-trading/scripts/diag_nine_exits_matched.py:217: UserWarning: Converting to PeriodArray/Index representation will drop timezone information.
  in_month = np.flatnonzero((times.dt.to_period("M") == month).to_numpy())
/Users/zhangzc/fable-trading/scripts/diag_nine_exits_matched.py:217: UserWarning: Converting to PeriodArray/Index representation will drop timezone information.
  in_month = np.flatnonzero((times.dt.to_period("M") == month).to_numpy())
/Users/zhangzc/fable-trading/scripts/diag_nine_exits_matched.py:217: UserWarning: Converting to PeriodArray/Index representation will drop timezone information.
  in_month = np.flatnonzero((times.dt.to_period("M") == month).to_numpy())
/Users/zhangzc/fable-trading/scripts/diag_nine_exits_matched.py:217: UserWarning: Converting to PeriodArray/Index representation will drop timezone information.
  in_month = np.flatnonzero((times.dt.to_period("M") == month).to_numpy())
/Users/zhangzc/fable-trading/scripts/diag_nine_exits_matched.py:217: UserWarning: Converting to PeriodArray/Index representation will drop timezone information.
  in_month = np.flatnonzero((times.dt.to_period("M") == month).to_numpy())
/Users/zhangzc/fable-trading/scripts/diag_nine_exits_matched.py:217: UserWarning: Converting to PeriodArray/Index representation will drop timezone information.
  in_month = np.flatnonzero((times.dt.to_period("M") == month).to_numpy())
/Users/zhangzc/fable-trading/scripts/diag_nine_exits_matched.py:217: UserWarning: Converting to PeriodArray/Index representation will drop timezone information.
  in_month = np.flatnonzero((times.dt.to_period("M") == month).to_numpy())
/Users/zhangzc/fable-trading/scripts/diag_nine_exits_matched.py:217: UserWarning: Converting to PeriodArray/Index representation will drop timezone information.
  in_month = np.flatnonzero((times.dt.to_period("M") == month).to_numpy())
/Users/zhangzc/fable-trading/scripts/diag_nine_exits_matched.py:217: UserWarning: Converting to PeriodArray/Index representation will drop timezone information.
  in_month = np.flatnonzero((times.dt.to_period("M") == month).to_numpy())
/Users/zhangzc/fable-trading/scripts/diag_nine_exits_matched.py:217: UserWarning: Converting to PeriodArray/Index representation will drop timezone information.
  in_month = np.flatnonzero((times.dt.to_period("M") == month).to_numpy())
/Users/zhangzc/fable-trading/scripts/diag_nine_exits_matched.py:217: UserWarning: Converting to PeriodArray/Index representation will drop timezone information.
  in_month = np.flatnonzero((times.dt.to_period("M") == month).to_numpy())
/Users/zhangzc/fable-trading/scripts/diag_nine_exits_matched.py:217: UserWarning: Converting to PeriodArray/Index representation will drop timezone information.
  in_month = np.flatnonzero((times.dt.to_period("M") == month).to_numpy())
/Users/zhangzc/fable-trading/scripts/diag_nine_exits_matched.py:217: UserWarning: Converting to PeriodArray/Index representation will drop timezone information.
  in_month = np.flatnonzero((times.dt.to_period("M") == month).to_numpy())
/Users/zhangzc/fable-trading/scripts/diag_nine_exits_matched.py:217: UserWarning: Converting to PeriodArray/Index representation will drop timezone information.
  in_month = np.flatnonzero((times.dt.to_period("M") == month).to_numpy())
/Users/zhangzc/fable-trading/scripts/diag_nine_exits_matched.py:217: UserWarning: Converting to PeriodArray/Index representation will drop timezone information.
  in_month = np.flatnonzero((times.dt.to_period("M") == month).to_numpy())
/Users/zhangzc/fable-trading/scripts/diag_nine_exits_matched.py:217: UserWarning: Converting to PeriodArray/Index representation will drop timezone information.
  in_month = np.flatnonzero((times.dt.to_period("M") == month).to_numpy())
/Users/zhangzc/fable-trading/scripts/diag_nine_exits_matched.py:217: UserWarning: Converting to PeriodArray/Index representation will drop timezone information.
  in_month = np.flatnonzero((times.dt.to_period("M") == month).to_numpy())
/Users/zhangzc/fable-trading/scripts/diag_nine_exits_matched.py:217: UserWarning: Converting to PeriodArray/Index representation will drop timezone information.
  in_month = np.flatnonzero((times.dt.to_period("M") == month).to_numpy())
/Users/zhangzc/fable-trading/scripts/diag_nine_exits_matched.py:217: UserWarning: Converting to PeriodArray/Index representation will drop timezone information.
  in_month = np.flatnonzero((times.dt.to_period("M") == month).to_numpy())
/Users/zhangzc/fable-trading/scripts/diag_nine_exits_matched.py:217: UserWarning: Converting to PeriodArray/Index representation will drop timezone information.
  in_month = np.flatnonzero((times.dt.to_period("M") == month).to_numpy())
/Users/zhangzc/fable-trading/scripts/diag_nine_exits_matched.py:217: UserWarning: Converting to PeriodArray/Index representation will drop timezone information.
  in_month = np.flatnonzero((times.dt.to_period("M") == month).to_numpy())
/Users/zhangzc/fable-trading/scripts/diag_nine_exits_matched.py:217: UserWarning: Converting to PeriodArray/Index representation will drop timezone information.
  in_month = np.flatnonzero((times.dt.to_period("M") == month).to_numpy())
/Users/zhangzc/fable-trading/scripts/diag_nine_exits_matched.py:217: UserWarning: Converting to PeriodArray/Index representation will drop timezone information.
  in_month = np.flatnonzero((times.dt.to_period("M") == month).to_numpy())
/Users/zhangzc/fable-trading/scripts/diag_nine_exits_matched.py:217: UserWarning: Converting to PeriodArray/Index representation will drop timezone information.
  in_month = np.flatnonzero((times.dt.to_period("M") == month).to_numpy())
/Users/zhangzc/fable-trading/scripts/diag_nine_exits_matched.py:217: UserWarning: Converting to PeriodArray/Index representation will drop timezone information.
  in_month = np.flatnonzero((times.dt.to_period("M") == month).to_numpy())
/Users/zhangzc/fable-trading/scripts/diag_nine_exits_matched.py:217: UserWarning: Converting to PeriodArray/Index representation will drop timezone information.
  in_month = np.flatnonzero((times.dt.to_period("M") == month).to_numpy())
/Users/zhangzc/fable-trading/scripts/diag_nine_exits_matched.py:217: UserWarning: Converting to PeriodArray/Index representation will drop timezone information.
  in_month = np.flatnonzero((times.dt.to_period("M") == month).to_numpy())
/Users/zhangzc/fable-trading/scripts/diag_nine_exits_matched.py:217: UserWarning: Converting to PeriodArray/Index representation will drop timezone information.
  in_month = np.flatnonzero((times.dt.to_period("M") == month).to_numpy())
/Users/zhangzc/fable-trading/scripts/diag_nine_exits_matched.py:217: UserWarning: Converting to PeriodArray/Index representation will drop timezone information.
  in_month = np.flatnonzero((times.dt.to_period("M") == month).to_numpy())
/Users/zhangzc/fable-trading/scripts/diag_nine_exits_matched.py:217: UserWarning: Converting to PeriodArray/Index representation will drop timezone information.
  in_month = np.flatnonzero((times.dt.to_period("M") == month).to_numpy())
/Users/zhangzc/fable-trading/scripts/diag_nine_exits_matched.py:217: UserWarning: Converting to PeriodArray/Index representation will drop timezone information.
  in_month = np.flatnonzero((times.dt.to_period("M") == month).to_numpy())
/Users/zhangzc/fable-trading/scripts/diag_nine_exits_matched.py:217: UserWarning: Converting to PeriodArray/Index representation will drop timezone information.
  in_month = np.flatnonzero((times.dt.to_period("M") == month).to_numpy())
/Users/zhangzc/fable-trading/scripts/diag_nine_exits_matched.py:217: UserWarning: Converting to PeriodArray/Index representation will drop timezone information.
  in_month = np.flatnonzero((times.dt.to_period("M") == month).to_numpy())
/Users/zhangzc/fable-trading/scripts/diag_nine_exits_matched.py:217: UserWarning: Converting to PeriodArray/Index representation will drop timezone information.
  in_month = np.flatnonzero((times.dt.to_period("M") == month).to_numpy())
/Users/zhangzc/fable-trading/scripts/diag_nine_exits_matched.py:217: UserWarning: Converting to PeriodArray/Index representation will drop timezone information.
  in_month = np.flatnonzero((times.dt.to_period("M") == month).to_numpy())
/Users/zhangzc/fable-trading/scripts/diag_nine_exits_matched.py:217: UserWarning: Converting to PeriodArray/Index representation will drop timezone information.
  in_month = np.flatnonzero((times.dt.to_period("M") == month).to_numpy())
/Users/zhangzc/fable-trading/scripts/diag_nine_exits_matched.py:217: UserWarning: Converting to PeriodArray/Index representation will drop timezone information.
  in_month = np.flatnonzero((times.dt.to_period("M") == month).to_numpy())
/Users/zhangzc/fable-trading/scripts/diag_nine_exits_matched.py:217: UserWarning: Converting to PeriodArray/Index representation will drop timezone information.
  in_month = np.flatnonzero((times.dt.to_period("M") == month).to_numpy())
/Users/zhangzc/fable-trading/scripts/diag_nine_exits_matched.py:217: UserWarning: Converting to PeriodArray/Index representation will drop timezone information.
  in_month = np.flatnonzero((times.dt.to_period("M") == month).to_numpy())
/Users/zhangzc/fable-trading/scripts/diag_nine_exits_matched.py:217: UserWarning: Converting to PeriodArray/Index representation will drop timezone information.
  in_month = np.flatnonzero((times.dt.to_period("M") == month).to_numpy())
/Users/zhangzc/fable-trading/scripts/diag_nine_exits_matched.py:217: UserWarning: Converting to PeriodArray/Index representation will drop timezone information.
  in_month = np.flatnonzero((times.dt.to_period("M") == month).to_numpy())
/Users/zhangzc/fable-trading/scripts/diag_nine_exits_matched.py:217: UserWarning: Converting to PeriodArray/Index representation will drop timezone information.
  in_month = np.flatnonzero((times.dt.to_period("M") == month).to_numpy())
/Users/zhangzc/fable-trading/scripts/diag_nine_exits_matched.py:217: UserWarning: Converting to PeriodArray/Index representation will drop timezone information.
  in_month = np.flatnonzero((times.dt.to_period("M") == month).to_numpy())
/Users/zhangzc/fable-trading/scripts/diag_nine_exits_matched.py:217: UserWarning: Converting to PeriodArray/Index representation will drop timezone information.
  in_month = np.flatnonzero((times.dt.to_period("M") == month).to_numpy())
/Users/zhangzc/fable-trading/scripts/diag_nine_exits_matched.py:217: UserWarning: Converting to PeriodArray/Index representation will drop timezone information.
  in_month = np.flatnonzero((times.dt.to_period("M") == month).to_numpy())
/Users/zhangzc/fable-trading/scripts/diag_nine_exits_matched.py:217: UserWarning: Converting to PeriodArray/Index representation will drop timezone information.
  in_month = np.flatnonzero((times.dt.to_period("M") == month).to_numpy())
/Users/zhangzc/fable-trading/scripts/diag_nine_exits_matched.py:217: UserWarning: Converting to PeriodArray/Index representation will drop timezone information.
  in_month = np.flatnonzero((times.dt.to_period("M") == month).to_numpy())
/Users/zhangzc/fable-trading/scripts/diag_nine_exits_matched.py:217: UserWarning: Converting to PeriodArray/Index representation will drop timezone information.
  in_month = np.flatnonzero((times.dt.to_period("M") == month).to_numpy())
/Users/zhangzc/fable-trading/scripts/diag_nine_exits_matched.py:217: UserWarning: Converting to PeriodArray/Index representation will drop timezone information.
  in_month = np.flatnonzero((times.dt.to_period("M") == month).to_numpy())
/Users/zhangzc/fable-trading/scripts/diag_nine_exits_matched.py:217: UserWarning: Converting to PeriodArray/Index representation will drop timezone information.
  in_month = np.flatnonzero((times.dt.to_period("M") == month).to_numpy())
/Users/zhangzc/fable-trading/scripts/diag_nine_exits_matched.py:217: UserWarning: Converting to PeriodArray/Index representation will drop timezone information.
  in_month = np.flatnonzero((times.dt.to_period("M") == month).to_numpy())
/Users/zhangzc/fable-trading/scripts/diag_nine_exits_matched.py:217: UserWarning: Converting to PeriodArray/Index representation will drop timezone information.
  in_month = np.flatnonzero((times.dt.to_period("M") == month).to_numpy())
/Users/zhangzc/fable-trading/scripts/diag_nine_exits_matched.py:217: UserWarning: Converting to PeriodArray/Index representation will drop timezone information.
  in_month = np.flatnonzero((times.dt.to_period("M") == month).to_numpy())
/Users/zhangzc/fable-trading/scripts/diag_nine_exits_matched.py:217: UserWarning: Converting to PeriodArray/Index representation will drop timezone information.
  in_month = np.flatnonzero((times.dt.to_period("M") == month).to_numpy())
/Users/zhangzc/fable-trading/scripts/diag_nine_exits_matched.py:217: UserWarning: Converting to PeriodArray/Index representation will drop timezone information.
  in_month = np.flatnonzero((times.dt.to_period("M") == month).to_numpy())
/Users/zhangzc/fable-trading/scripts/diag_nine_exits_matched.py:217: UserWarning: Converting to PeriodArray/Index representation will drop timezone information.
  in_month = np.flatnonzero((times.dt.to_period("M") == month).to_numpy())
/Users/zhangzc/fable-trading/scripts/diag_nine_exits_matched.py:217: UserWarning: Converting to PeriodArray/Index representation will drop timezone information.
  in_month = np.flatnonzero((times.dt.to_period("M") == month).to_numpy())
/Users/zhangzc/fable-trading/scripts/diag_nine_exits_matched.py:217: UserWarning: Converting to PeriodArray/Index representation will drop timezone information.
  in_month = np.flatnonzero((times.dt.to_period("M") == month).to_numpy())
/Users/zhangzc/fable-trading/scripts/diag_nine_exits_matched.py:217: UserWarning: Converting to PeriodArray/Index representation will drop timezone information.
  in_month = np.flatnonzero((times.dt.to_period("M") == month).to_numpy())
/Users/zhangzc/fable-trading/scripts/diag_nine_exits_matched.py:217: UserWarning: Converting to PeriodArray/Index representation will drop timezone information.
  in_month = np.flatnonzero((times.dt.to_period("M") == month).to_numpy())
/Users/zhangzc/fable-trading/scripts/diag_nine_exits_matched.py:217: UserWarning: Converting to PeriodArray/Index representation will drop timezone information.
  in_month = np.flatnonzero((times.dt.to_period("M") == month).to_numpy())
/Users/zhangzc/fable-trading/scripts/diag_nine_exits_matched.py:217: UserWarning: Converting to PeriodArray/Index representation will drop timezone information.
  in_month = np.flatnonzero((times.dt.to_period("M") == month).to_numpy())
/Users/zhangzc/fable-trading/scripts/diag_nine_exits_matched.py:217: UserWarning: Converting to PeriodArray/Index representation will drop timezone information.
  in_month = np.flatnonzero((times.dt.to_period("M") == month).to_numpy())
/Users/zhangzc/fable-trading/scripts/diag_nine_exits_matched.py:217: UserWarning: Converting to PeriodArray/Index representation will drop timezone information.
  in_month = np.flatnonzero((times.dt.to_period("M") == month).to_numpy())
/Users/zhangzc/fable-trading/scripts/diag_nine_exits_matched.py:217: UserWarning: Converting to PeriodArray/Index representation will drop timezone information.
  in_month = np.flatnonzero((times.dt.to_period("M") == month).to_numpy())
/Users/zhangzc/fable-trading/scripts/diag_nine_exits_matched.py:217: UserWarning: Converting to PeriodArray/Index representation will drop timezone information.
  in_month = np.flatnonzero((times.dt.to_period("M") == month).to_numpy())
/Users/zhangzc/fable-trading/scripts/diag_nine_exits_matched.py:217: UserWarning: Converting to PeriodArray/Index representation will drop timezone information.
  in_month = np.flatnonzero((times.dt.to_period("M") == month).to_numpy())
/Users/zhangzc/fable-trading/scripts/diag_nine_exits_matched.py:217: UserWarning: Converting to PeriodArray/Index representation will drop timezone information.
  in_month = np.flatnonzero((times.dt.to_period("M") == month).to_numpy())
/Users/zhangzc/fable-trading/scripts/diag_nine_exits_matched.py:217: UserWarning: Converting to PeriodArray/Index representation will drop timezone information.
  in_month = np.flatnonzero((times.dt.to_period("M") == month).to_numpy())
/Users/zhangzc/fable-trading/scripts/diag_nine_exits_matched.py:217: UserWarning: Converting to PeriodArray/Index representation will drop timezone information.
  in_month = np.flatnonzero((times.dt.to_period("M") == month).to_numpy())
/Users/zhangzc/fable-trading/scripts/diag_nine_exits_matched.py:217: UserWarning: Converting to PeriodArray/Index representation will drop timezone information.
  in_month = np.flatnonzero((times.dt.to_period("M") == month).to_numpy())
/Users/zhangzc/fable-trading/scripts/diag_nine_exits_matched.py:217: UserWarning: Converting to PeriodArray/Index representation will drop timezone information.
  in_month = np.flatnonzero((times.dt.to_period("M") == month).to_numpy())
/Users/zhangzc/fable-trading/scripts/diag_nine_exits_matched.py:217: UserWarning: Converting to PeriodArray/Index representation will drop timezone information.
  in_month = np.flatnonzero((times.dt.to_period("M") == month).to_numpy())
/Users/zhangzc/fable-trading/scripts/diag_nine_exits_matched.py:217: UserWarning: Converting to PeriodArray/Index representation will drop timezone information.
  in_month = np.flatnonzero((times.dt.to_period("M") == month).to_numpy())
/Users/zhangzc/fable-trading/scripts/diag_nine_exits_matched.py:217: UserWarning: Converting to PeriodArray/Index representation will drop timezone information.
  in_month = np.flatnonzero((times.dt.to_period("M") == month).to_numpy())
/Users/zhangzc/fable-trading/scripts/diag_nine_exits_matched.py:217: UserWarning: Converting to PeriodArray/Index representation will drop timezone information.
  in_month = np.flatnonzero((times.dt.to_period("M") == month).to_numpy())
/Users/zhangzc/fable-trading/scripts/diag_nine_exits_matched.py:217: UserWarning: Converting to PeriodArray/Index representation will drop timezone information.
  in_month = np.flatnonzero((times.dt.to_period("M") == month).to_numpy())
/Users/zhangzc/fable-trading/scripts/diag_nine_exits_matched.py:217: UserWarning: Converting to PeriodArray/Index representation will drop timezone information.
  in_month = np.flatnonzero((times.dt.to_period("M") == month).to_numpy())
/Users/zhangzc/fable-trading/scripts/diag_nine_exits_matched.py:217: UserWarning: Converting to PeriodArray/Index representation will drop timezone information.
  in_month = np.flatnonzero((times.dt.to_period("M") == month).to_numpy())
/Users/zhangzc/fable-trading/scripts/diag_nine_exits_matched.py:217: UserWarning: Converting to PeriodArray/Index representation will drop timezone information.
  in_month = np.flatnonzero((times.dt.to_period("M") == month).to_numpy())
/Users/zhangzc/fable-trading/scripts/diag_nine_exits_matched.py:217: UserWarning: Converting to PeriodArray/Index representation will drop timezone information.
  in_month = np.flatnonzero((times.dt.to_period("M") == month).to_numpy())
/Users/zhangzc/fable-trading/scripts/diag_nine_exits_matched.py:217: UserWarning: Converting to PeriodArray/Index representation will drop timezone information.
  in_month = np.flatnonzero((times.dt.to_period("M") == month).to_numpy())
/Users/zhangzc/fable-trading/scripts/diag_nine_exits_matched.py:217: UserWarning: Converting to PeriodArray/Index representation will drop timezone information.
  in_month = np.flatnonzero((times.dt.to_period("M") == month).to_numpy())
/Users/zhangzc/fable-trading/scripts/diag_nine_exits_matched.py:217: UserWarning: Converting to PeriodArray/Index representation will drop timezone information.
  in_month = np.flatnonzero((times.dt.to_period("M") == month).to_numpy())
/Users/zhangzc/fable-trading/scripts/diag_nine_exits_matched.py:217: UserWarning: Converting to PeriodArray/Index representation will drop timezone information.
  in_month = np.flatnonzero((times.dt.to_period("M") == month).to_numpy())
/Users/zhangzc/fable-trading/scripts/diag_nine_exits_matched.py:217: UserWarning: Converting to PeriodArray/Index representation will drop timezone information.
  in_month = np.flatnonzero((times.dt.to_period("M") == month).to_numpy())
/Users/zhangzc/fable-trading/scripts/diag_nine_exits_matched.py:217: UserWarning: Converting to PeriodArray/Index representation will drop timezone information.
  in_month = np.flatnonzero((times.dt.to_period("M") == month).to_numpy())
/Users/zhangzc/fable-trading/scripts/diag_nine_exits_matched.py:217: UserWarning: Converting to PeriodArray/Index representation will drop timezone information.
  in_month = np.flatnonzero((times.dt.to_period("M") == month).to_numpy())
/Users/zhangzc/fable-trading/scripts/diag_nine_exits_matched.py:217: UserWarning: Converting to PeriodArray/Index representation will drop timezone information.
  in_month = np.flatnonzero((times.dt.to_period("M") == month).to_numpy())
/Users/zhangzc/fable-trading/scripts/diag_nine_exits_matched.py:217: UserWarning: Converting to PeriodArray/Index representation will drop timezone information.
  in_month = np.flatnonzero((times.dt.to_period("M") == month).to_numpy())
/Users/zhangzc/fable-trading/scripts/diag_nine_exits_matched.py:217: UserWarning: Converting to PeriodArray/Index representation will drop timezone information.
  in_month = np.flatnonzero((times.dt.to_period("M") == month).to_numpy())
/Users/zhangzc/fable-trading/scripts/diag_nine_exits_matched.py:217: UserWarning: Converting to PeriodArray/Index representation will drop timezone information.
  in_month = np.flatnonzero((times.dt.to_period("M") == month).to_numpy())
/Users/zhangzc/fable-trading/scripts/diag_nine_exits_matched.py:217: UserWarning: Converting to PeriodArray/Index representation will drop timezone information.
  in_month = np.flatnonzero((times.dt.to_period("M") == month).to_numpy())
/Users/zhangzc/fable-trading/scripts/diag_nine_exits_matched.py:217: UserWarning: Converting to PeriodArray/Index representation will drop timezone information.
  in_month = np.flatnonzero((times.dt.to_period("M") == month).to_numpy())
/Users/zhangzc/fable-trading/scripts/diag_nine_exits_matched.py:217: UserWarning: Converting to PeriodArray/Index representation will drop timezone information.
  in_month = np.flatnonzero((times.dt.to_period("M") == month).to_numpy())
/Users/zhangzc/fable-trading/scripts/diag_nine_exits_matched.py:217: UserWarning: Converting to PeriodArray/Index representation will drop timezone information.
  in_month = np.flatnonzero((times.dt.to_period("M") == month).to_numpy())
/Users/zhangzc/fable-trading/scripts/diag_nine_exits_matched.py:217: UserWarning: Converting to PeriodArray/Index representation will drop timezone information.
  in_month = np.flatnonzero((times.dt.to_period("M") == month).to_numpy())
/Users/zhangzc/fable-trading/scripts/diag_nine_exits_matched.py:217: UserWarning: Converting to PeriodArray/Index representation will drop timezone information.
  in_month = np.flatnonzero((times.dt.to_period("M") == month).to_numpy())
/Users/zhangzc/fable-trading/scripts/diag_nine_exits_matched.py:217: UserWarning: Converting to PeriodArray/Index representation will drop timezone information.
  in_month = np.flatnonzero((times.dt.to_period("M") == month).to_numpy())
/Users/zhangzc/fable-trading/scripts/diag_nine_exits_matched.py:217: UserWarning: Converting to PeriodArray/Index representation will drop timezone information.
  in_month = np.flatnonzero((times.dt.to_period("M") == month).to_numpy())
/Users/zhangzc/fable-trading/scripts/diag_nine_exits_matched.py:217: UserWarning: Converting to PeriodArray/Index representation will drop timezone information.
  in_month = np.flatnonzero((times.dt.to_period("M") == month).to_numpy())
/Users/zhangzc/fable-trading/scripts/diag_nine_exits_matched.py:217: UserWarning: Converting to PeriodArray/Index representation will drop timezone information.
  in_month = np.flatnonzero((times.dt.to_period("M") == month).to_numpy())
/Users/zhangzc/fable-trading/scripts/diag_nine_exits_matched.py:217: UserWarning: Converting to PeriodArray/Index representation will drop timezone information.
  in_month = np.flatnonzero((times.dt.to_period("M") == month).to_numpy())
/Users/zhangzc/fable-trading/scripts/diag_nine_exits_matched.py:217: UserWarning: Converting to PeriodArray/Index representation will drop timezone information.
  in_month = np.flatnonzero((times.dt.to_period("M") == month).to_numpy())
/Users/zhangzc/fable-trading/scripts/diag_nine_exits_matched.py:217: UserWarning: Converting to PeriodArray/Index representation will drop timezone information.
  in_month = np.flatnonzero((times.dt.to_period("M") == month).to_numpy())
/Users/zhangzc/fable-trading/scripts/diag_nine_exits_matched.py:217: UserWarning: Converting to PeriodArray/Index representation will drop timezone information.
  in_month = np.flatnonzero((times.dt.to_period("M") == month).to_numpy())
/Users/zhangzc/fable-trading/scripts/diag_nine_exits_matched.py:217: UserWarning: Converting to PeriodArray/Index representation will drop timezone information.
  in_month = np.flatnonzero((times.dt.to_period("M") == month).to_numpy())
/Users/zhangzc/fable-trading/scripts/diag_nine_exits_matched.py:217: UserWarning: Converting to PeriodArray/Index representation will drop timezone information.
  in_month = np.flatnonzero((times.dt.to_period("M") == month).to_numpy())
/Users/zhangzc/fable-trading/scripts/diag_nine_exits_matched.py:217: UserWarning: Converting to PeriodArray/Index representation will drop timezone information.
  in_month = np.flatnonzero((times.dt.to_period("M") == month).to_numpy())
/Users/zhangzc/fable-trading/scripts/diag_nine_exits_matched.py:217: UserWarning: Converting to PeriodArray/Index representation will drop timezone information.
  in_month = np.flatnonzero((times.dt.to_period("M") == month).to_numpy())
/Users/zhangzc/fable-trading/scripts/diag_nine_exits_matched.py:217: UserWarning: Converting to PeriodArray/Index representation will drop timezone information.
  in_month = np.flatnonzero((times.dt.to_period("M") == month).to_numpy())
/Users/zhangzc/fable-trading/scripts/diag_nine_exits_matched.py:217: UserWarning: Converting to PeriodArray/Index representation will drop timezone information.
  in_month = np.flatnonzero((times.dt.to_period("M") == month).to_numpy())
/Users/zhangzc/fable-trading/scripts/diag_nine_exits_matched.py:217: UserWarning: Converting to PeriodArray/Index representation will drop timezone information.
  in_month = np.flatnonzero((times.dt.to_period("M") == month).to_numpy())
/Users/zhangzc/fable-trading/scripts/diag_nine_exits_matched.py:217: UserWarning: Converting to PeriodArray/Index representation will drop timezone information.
  in_month = np.flatnonzero((times.dt.to_period("M") == month).to_numpy())
/Users/zhangzc/fable-trading/scripts/diag_nine_exits_matched.py:217: UserWarning: Converting to PeriodArray/Index representation will drop timezone information.
  in_month = np.flatnonzero((times.dt.to_period("M") == month).to_numpy())
/Users/zhangzc/fable-trading/scripts/diag_nine_exits_matched.py:217: UserWarning: Converting to PeriodArray/Index representation will drop timezone information.
  in_month = np.flatnonzero((times.dt.to_period("M") == month).to_numpy())
/Users/zhangzc/fable-trading/scripts/diag_nine_exits_matched.py:217: UserWarning: Converting to PeriodArray/Index representation will drop timezone information.
  in_month = np.flatnonzero((times.dt.to_period("M") == month).to_numpy())
/Users/zhangzc/fable-trading/scripts/diag_nine_exits_matched.py:217: UserWarning: Converting to PeriodArray/Index representation will drop timezone information.
  in_month = np.flatnonzero((times.dt.to_period("M") == month).to_numpy())
/Users/zhangzc/fable-trading/scripts/diag_nine_exits_matched.py:217: UserWarning: Converting to PeriodArray/Index representation will drop timezone information.
  in_month = np.flatnonzero((times.dt.to_period("M") == month).to_numpy())
/Users/zhangzc/fable-trading/scripts/diag_nine_exits_matched.py:217: UserWarning: Converting to PeriodArray/Index representation will drop timezone information.
  in_month = np.flatnonzero((times.dt.to_period("M") == month).to_numpy())
/Users/zhangzc/fable-trading/scripts/diag_nine_exits_matched.py:217: UserWarning: Converting to PeriodArray/Index representation will drop timezone information.
  in_month = np.flatnonzero((times.dt.to_period("M") == month).to_numpy())
/Users/zhangzc/fable-trading/scripts/diag_nine_exits_matched.py:217: UserWarning: Converting to PeriodArray/Index representation will drop timezone information.
  in_month = np.flatnonzero((times.dt.to_period("M") == month).to_numpy())
/Users/zhangzc/fable-trading/scripts/diag_nine_exits_matched.py:217: UserWarning: Converting to PeriodArray/Index representation will drop timezone information.
  in_month = np.flatnonzero((times.dt.to_period("M") == month).to_numpy())
/Users/zhangzc/fable-trading/scripts/diag_nine_exits_matched.py:217: UserWarning: Converting to PeriodArray/Index representation will drop timezone information.
  in_month = np.flatnonzero((times.dt.to_period("M") == month).to_numpy())
/Users/zhangzc/fable-trading/scripts/diag_nine_exits_matched.py:217: UserWarning: Converting to PeriodArray/Index representation will drop timezone information.
  in_month = np.flatnonzero((times.dt.to_period("M") == month).to_numpy())
/Users/zhangzc/fable-trading/scripts/diag_nine_exits_matched.py:217: UserWarning: Converting to PeriodArray/Index representation will drop timezone information.
  in_month = np.flatnonzero((times.dt.to_period("M") == month).to_numpy())
/Users/zhangzc/fable-trading/scripts/diag_nine_exits_matched.py:217: UserWarning: Converting to PeriodArray/Index representation will drop timezone information.
  in_month = np.flatnonzero((times.dt.to_period("M") == month).to_numpy())
/Users/zhangzc/fable-trading/scripts/diag_nine_exits_matched.py:217: UserWarning: Converting to PeriodArray/Index representation will drop timezone information.
  in_month = np.flatnonzero((times.dt.to_period("M") == month).to_numpy())
/Users/zhangzc/fable-trading/scripts/diag_nine_exits_matched.py:217: UserWarning: Converting to PeriodArray/Index representation will drop timezone information.
  in_month = np.flatnonzero((times.dt.to_period("M") == month).to_numpy())
/Users/zhangzc/fable-trading/scripts/diag_nine_exits_matched.py:217: UserWarning: Converting to PeriodArray/Index representation will drop timezone information.
  in_month = np.flatnonzero((times.dt.to_period("M") == month).to_numpy())
/Users/zhangzc/fable-trading/scripts/diag_nine_exits_matched.py:217: UserWarning: Converting to PeriodArray/Index representation will drop timezone information.
  in_month = np.flatnonzero((times.dt.to_period("M") == month).to_numpy())
/Users/zhangzc/fable-trading/scripts/diag_nine_exits_matched.py:217: UserWarning: Converting to PeriodArray/Index representation will drop timezone information.
  in_month = np.flatnonzero((times.dt.to_period("M") == month).to_numpy())
/Users/zhangzc/fable-trading/scripts/diag_nine_exits_matched.py:217: UserWarning: Converting to PeriodArray/Index representation will drop timezone information.
  in_month = np.flatnonzero((times.dt.to_period("M") == month).to_numpy())
/Users/zhangzc/fable-trading/scripts/diag_nine_exits_matched.py:217: UserWarning: Converting to PeriodArray/Index representation will drop timezone information.
  in_month = np.flatnonzero((times.dt.to_period("M") == month).to_numpy())
/Users/zhangzc/fable-trading/scripts/diag_nine_exits_matched.py:217: UserWarning: Converting to PeriodArray/Index representation will drop timezone information.
  in_month = np.flatnonzero((times.dt.to_period("M") == month).to_numpy())
/Users/zhangzc/fable-trading/scripts/diag_nine_exits_matched.py:217: UserWarning: Converting to PeriodArray/Index representation will drop timezone information.
  in_month = np.flatnonzero((times.dt.to_period("M") == month).to_numpy())
/Users/zhangzc/fable-trading/scripts/diag_nine_exits_matched.py:217: UserWarning: Converting to PeriodArray/Index representation will drop timezone information.
  in_month = np.flatnonzero((times.dt.to_period("M") == month).to_numpy())
/Users/zhangzc/fable-trading/scripts/diag_nine_exits_matched.py:217: UserWarning: Converting to PeriodArray/Index representation will drop timezone information.
  in_month = np.flatnonzero((times.dt.to_period("M") == month).to_numpy())
/Users/zhangzc/fable-trading/scripts/diag_nine_exits_matched.py:217: UserWarning: Converting to PeriodArray/Index representation will drop timezone information.
  in_month = np.flatnonzero((times.dt.to_period("M") == month).to_numpy())
/Users/zhangzc/fable-trading/scripts/diag_nine_exits_matched.py:217: UserWarning: Converting to PeriodArray/Index representation will drop timezone information.
  in_month = np.flatnonzero((times.dt.to_period("M") == month).to_numpy())
/Users/zhangzc/fable-trading/scripts/diag_nine_exits_matched.py:217: UserWarning: Converting to PeriodArray/Index representation will drop timezone information.
  in_month = np.flatnonzero((times.dt.to_period("M") == month).to_numpy())
/Users/zhangzc/fable-trading/scripts/diag_nine_exits_matched.py:217: UserWarning: Converting to PeriodArray/Index representation will drop timezone information.
  in_month = np.flatnonzero((times.dt.to_period("M") == month).to_numpy())
/Users/zhangzc/fable-trading/scripts/diag_nine_exits_matched.py:217: UserWarning: Converting to PeriodArray/Index representation will drop timezone information.
  in_month = np.flatnonzero((times.dt.to_period("M") == month).to_numpy())
/Users/zhangzc/fable-trading/scripts/diag_nine_exits_matched.py:217: UserWarning: Converting to PeriodArray/Index representation will drop timezone information.
  in_month = np.flatnonzero((times.dt.to_period("M") == month).to_numpy())
/Users/zhangzc/fable-trading/scripts/diag_nine_exits_matched.py:217: UserWarning: Converting to PeriodArray/Index representation will drop timezone information.
  in_month = np.flatnonzero((times.dt.to_period("M") == month).to_numpy())
/Users/zhangzc/fable-trading/scripts/diag_nine_exits_matched.py:217: UserWarning: Converting to PeriodArray/Index representation will drop timezone information.
  in_month = np.flatnonzero((times.dt.to_period("M") == month).to_numpy())
/Users/zhangzc/fable-trading/scripts/diag_nine_exits_matched.py:217: UserWarning: Converting to PeriodArray/Index representation will drop timezone information.
  in_month = np.flatnonzero((times.dt.to_period("M") == month).to_numpy())
/Users/zhangzc/fable-trading/scripts/diag_nine_exits_matched.py:217: UserWarning: Converting to PeriodArray/Index representation will drop timezone information.
  in_month = np.flatnonzero((times.dt.to_period("M") == month).to_numpy())
/Users/zhangzc/fable-trading/scripts/diag_nine_exits_matched.py:217: UserWarning: Converting to PeriodArray/Index representation will drop timezone information.
  in_month = np.flatnonzero((times.dt.to_period("M") == month).to_numpy())
/Users/zhangzc/fable-trading/scripts/diag_nine_exits_matched.py:217: UserWarning: Converting to PeriodArray/Index representation will drop timezone information.
  in_month = np.flatnonzero((times.dt.to_period("M") == month).to_numpy())
/Users/zhangzc/fable-trading/scripts/diag_nine_exits_matched.py:217: UserWarning: Converting to PeriodArray/Index representation will drop timezone information.
  in_month = np.flatnonzero((times.dt.to_period("M") == month).to_numpy())
/Users/zhangzc/fable-trading/scripts/diag_nine_exits_matched.py:217: UserWarning: Converting to PeriodArray/Index representation will drop timezone information.
  in_month = np.flatnonzero((times.dt.to_period("M") == month).to_numpy())
/Users/zhangzc/fable-trading/scripts/diag_nine_exits_matched.py:217: UserWarning: Converting to PeriodArray/Index representation will drop timezone information.
  in_month = np.flatnonzero((times.dt.to_period("M") == month).to_numpy())
/Users/zhangzc/fable-trading/scripts/diag_nine_exits_matched.py:217: UserWarning: Converting to PeriodArray/Index representation will drop timezone information.
  in_month = np.flatnonzero((times.dt.to_period("M") == month).to_numpy())
/Users/zhangzc/fable-trading/scripts/diag_nine_exits_matched.py:217: UserWarning: Converting to PeriodArray/Index representation will drop timezone information.
  in_month = np.flatnonzero((times.dt.to_period("M") == month).to_numpy())
/Users/zhangzc/fable-trading/scripts/diag_nine_exits_matched.py:217: UserWarning: Converting to PeriodArray/Index representation will drop timezone information.
  in_month = np.flatnonzero((times.dt.to_period("M") == month).to_numpy())
/Users/zhangzc/fable-trading/scripts/diag_nine_exits_matched.py:217: UserWarning: Converting to PeriodArray/Index representation will drop timezone information.
  in_month = np.flatnonzero((times.dt.to_period("M") == month).to_numpy())
/Users/zhangzc/fable-trading/scripts/diag_nine_exits_matched.py:217: UserWarning: Converting to PeriodArray/Index representation will drop timezone information.
  in_month = np.flatnonzero((times.dt.to_period("M") == month).to_numpy())
/Users/zhangzc/fable-trading/scripts/diag_nine_exits_matched.py:217: UserWarning: Converting to PeriodArray/Index representation will drop timezone information.
  in_month = np.flatnonzero((times.dt.to_period("M") == month).to_numpy())
/Users/zhangzc/fable-trading/scripts/diag_nine_exits_matched.py:217: UserWarning: Converting to PeriodArray/Index representation will drop timezone information.
  in_month = np.flatnonzero((times.dt.to_period("M") == month).to_numpy())
/Users/zhangzc/fable-trading/scripts/diag_nine_exits_matched.py:217: UserWarning: Converting to PeriodArray/Index representation will drop timezone information.
  in_month = np.flatnonzero((times.dt.to_period("M") == month).to_numpy())
/Users/zhangzc/fable-trading/scripts/diag_nine_exits_matched.py:217: UserWarning: Converting to PeriodArray/Index representation will drop timezone information.
  in_month = np.flatnonzero((times.dt.to_period("M") == month).to_numpy())
/Users/zhangzc/fable-trading/scripts/diag_nine_exits_matched.py:217: UserWarning: Converting to PeriodArray/Index representation will drop timezone information.
  in_month = np.flatnonzero((times.dt.to_period("M") == month).to_numpy())
/Users/zhangzc/fable-trading/scripts/diag_nine_exits_matched.py:217: UserWarning: Converting to PeriodArray/Index representation will drop timezone information.
  in_month = np.flatnonzero((times.dt.to_period("M") == month).to_numpy())
/Users/zhangzc/fable-trading/scripts/diag_nine_exits_matched.py:217: UserWarning: Converting to PeriodArray/Index representation will drop timezone information.
  in_month = np.flatnonzero((times.dt.to_period("M") == month).to_numpy())
/Users/zhangzc/fable-trading/scripts/diag_nine_exits_matched.py:217: UserWarning: Converting to PeriodArray/Index representation will drop timezone information.
  in_month = np.flatnonzero((times.dt.to_period("M") == month).to_numpy())
/Users/zhangzc/fable-trading/scripts/diag_nine_exits_matched.py:217: UserWarning: Converting to PeriodArray/Index representation will drop timezone information.
  in_month = np.flatnonzero((times.dt.to_period("M") == month).to_numpy())
/Users/zhangzc/fable-trading/scripts/diag_nine_exits_matched.py:217: UserWarning: Converting to PeriodArray/Index representation will drop timezone information.
  in_month = np.flatnonzero((times.dt.to_period("M") == month).to_numpy())
/Users/zhangzc/fable-trading/scripts/diag_nine_exits_matched.py:217: UserWarning: Converting to PeriodArray/Index representation will drop timezone information.
  in_month = np.flatnonzero((times.dt.to_period("M") == month).to_numpy())
/Users/zhangzc/fable-trading/scripts/diag_nine_exits_matched.py:217: UserWarning: Converting to PeriodArray/Index representation will drop timezone information.
  in_month = np.flatnonzero((times.dt.to_period("M") == month).to_numpy())
/Users/zhangzc/fable-trading/scripts/diag_nine_exits_matched.py:217: UserWarning: Converting to PeriodArray/Index representation will drop timezone information.
  in_month = np.flatnonzero((times.dt.to_period("M") == month).to_numpy())
/Users/zhangzc/fable-trading/scripts/diag_nine_exits_matched.py:217: UserWarning: Converting to PeriodArray/Index representation will drop timezone information.
  in_month = np.flatnonzero((times.dt.to_period("M") == month).to_numpy())
/Users/zhangzc/fable-trading/scripts/diag_nine_exits_matched.py:217: UserWarning: Converting to PeriodArray/Index representation will drop timezone information.
  in_month = np.flatnonzero((times.dt.to_period("M") == month).to_numpy())
/Users/zhangzc/fable-trading/scripts/diag_nine_exits_matched.py:217: UserWarning: Converting to PeriodArray/Index representation will drop timezone information.
  in_month = np.flatnonzero((times.dt.to_period("M") == month).to_numpy())
/Users/zhangzc/fable-trading/scripts/diag_nine_exits_matched.py:217: UserWarning: Converting to PeriodArray/Index representation will drop timezone information.
  in_month = np.flatnonzero((times.dt.to_period("M") == month).to_numpy())
/Users/zhangzc/fable-trading/scripts/diag_nine_exits_matched.py:217: UserWarning: Converting to PeriodArray/Index representation will drop timezone information.
  in_month = np.flatnonzero((times.dt.to_period("M") == month).to_numpy())
/Users/zhangzc/fable-trading/scripts/diag_nine_exits_matched.py:217: UserWarning: Converting to PeriodArray/Index representation will drop timezone information.
  in_month = np.flatnonzero((times.dt.to_period("M") == month).to_numpy())
/Users/zhangzc/fable-trading/scripts/diag_nine_exits_matched.py:217: UserWarning: Converting to PeriodArray/Index representation will drop timezone information.
  in_month = np.flatnonzero((times.dt.to_period("M") == month).to_numpy())
/Users/zhangzc/fable-trading/scripts/diag_nine_exits_matched.py:217: UserWarning: Converting to PeriodArray/Index representation will drop timezone information.
  in_month = np.flatnonzero((times.dt.to_period("M") == month).to_numpy())
/Users/zhangzc/fable-trading/scripts/diag_nine_exits_matched.py:217: UserWarning: Converting to PeriodArray/Index representation will drop timezone information.
  in_month = np.flatnonzero((times.dt.to_period("M") == month).to_numpy())
/Users/zhangzc/fable-trading/scripts/diag_nine_exits_matched.py:217: UserWarning: Converting to PeriodArray/Index representation will drop timezone information.
  in_month = np.flatnonzero((times.dt.to_period("M") == month).to_numpy())
/Users/zhangzc/fable-trading/scripts/diag_nine_exits_matched.py:217: UserWarning: Converting to PeriodArray/Index representation will drop timezone information.
  in_month = np.flatnonzero((times.dt.to_period("M") == month).to_numpy())
/Users/zhangzc/fable-trading/scripts/diag_nine_exits_matched.py:217: UserWarning: Converting to PeriodArray/Index representation will drop timezone information.
  in_month = np.flatnonzero((times.dt.to_period("M") == month).to_numpy())
/Users/zhangzc/fable-trading/scripts/diag_nine_exits_matched.py:217: UserWarning: Converting to PeriodArray/Index representation will drop timezone information.
  in_month = np.flatnonzero((times.dt.to_period("M") == month).to_numpy())
/Users/zhangzc/fable-trading/scripts/diag_nine_exits_matched.py:217: UserWarning: Converting to PeriodArray/Index representation will drop timezone information.
  in_month = np.flatnonzero((times.dt.to_period("M") == month).to_numpy())
/Users/zhangzc/fable-trading/scripts/diag_nine_exits_matched.py:217: UserWarning: Converting to PeriodArray/Index representation will drop timezone information.
  in_month = np.flatnonzero((times.dt.to_period("M") == month).to_numpy())
/Users/zhangzc/fable-trading/scripts/diag_nine_exits_matched.py:217: UserWarning: Converting to PeriodArray/Index representation will drop timezone information.
  in_month = np.flatnonzero((times.dt.to_period("M") == month).to_numpy())
/Users/zhangzc/fable-trading/scripts/diag_nine_exits_matched.py:217: UserWarning: Converting to PeriodArray/Index representation will drop timezone information.
  in_month = np.flatnonzero((times.dt.to_period("M") == month).to_numpy())
/Users/zhangzc/fable-trading/scripts/diag_nine_exits_matched.py:217: UserWarning: Converting to PeriodArray/Index representation will drop timezone information.
  in_month = np.flatnonzero((times.dt.to_period("M") == month).to_numpy())
/Users/zhangzc/fable-trading/scripts/diag_nine_exits_matched.py:217: UserWarning: Converting to PeriodArray/Index representation will drop timezone information.
  in_month = np.flatnonzero((times.dt.to_period("M") == month).to_numpy())
/Users/zhangzc/fable-trading/scripts/diag_nine_exits_matched.py:217: UserWarning: Converting to PeriodArray/Index representation will drop timezone information.
  in_month = np.flatnonzero((times.dt.to_period("M") == month).to_numpy())
/Users/zhangzc/fable-trading/scripts/diag_nine_exits_matched.py:217: UserWarning: Converting to PeriodArray/Index representation will drop timezone information.
  in_month = np.flatnonzero((times.dt.to_period("M") == month).to_numpy())
/Users/zhangzc/fable-trading/scripts/diag_nine_exits_matched.py:217: UserWarning: Converting to PeriodArray/Index representation will drop timezone information.
  in_month = np.flatnonzero((times.dt.to_period("M") == month).to_numpy())
/Users/zhangzc/fable-trading/scripts/diag_nine_exits_matched.py:217: UserWarning: Converting to PeriodArray/Index representation will drop timezone information.
  in_month = np.flatnonzero((times.dt.to_period("M") == month).to_numpy())
/Users/zhangzc/fable-trading/scripts/diag_nine_exits_matched.py:217: UserWarning: Converting to PeriodArray/Index representation will drop timezone information.
  in_month = np.flatnonzero((times.dt.to_period("M") == month).to_numpy())
/Users/zhangzc/fable-trading/scripts/diag_nine_exits_matched.py:217: UserWarning: Converting to PeriodArray/Index representation will drop timezone information.
  in_month = np.flatnonzero((times.dt.to_period("M") == month).to_numpy())
/Users/zhangzc/fable-trading/scripts/diag_nine_exits_matched.py:217: UserWarning: Converting to PeriodArray/Index representation will drop timezone information.
  in_month = np.flatnonzero((times.dt.to_period("M") == month).to_numpy())
/Users/zhangzc/fable-trading/scripts/diag_nine_exits_matched.py:217: UserWarning: Converting to PeriodArray/Index representation will drop timezone information.
  in_month = np.flatnonzero((times.dt.to_period("M") == month).to_numpy())
/Users/zhangzc/fable-trading/scripts/diag_nine_exits_matched.py:217: UserWarning: Converting to PeriodArray/Index representation will drop timezone information.
  in_month = np.flatnonzero((times.dt.to_period("M") == month).to_numpy())
/Users/zhangzc/fable-trading/scripts/diag_nine_exits_matched.py:217: UserWarning: Converting to PeriodArray/Index representation will drop timezone information.
  in_month = np.flatnonzero((times.dt.to_period("M") == month).to_numpy())
/Users/zhangzc/fable-trading/scripts/diag_nine_exits_matched.py:217: UserWarning: Converting to PeriodArray/Index representation will drop timezone information.
  in_month = np.flatnonzero((times.dt.to_period("M") == month).to_numpy())
/Users/zhangzc/fable-trading/scripts/diag_nine_exits_matched.py:217: UserWarning: Converting to PeriodArray/Index representation will drop timezone information.
  in_month = np.flatnonzero((times.dt.to_period("M") == month).to_numpy())
/Users/zhangzc/fable-trading/scripts/diag_nine_exits_matched.py:217: UserWarning: Converting to PeriodArray/Index representation will drop timezone information.
  in_month = np.flatnonzero((times.dt.to_period("M") == month).to_numpy())
/Users/zhangzc/fable-trading/scripts/diag_nine_exits_matched.py:217: UserWarning: Converting to PeriodArray/Index representation will drop timezone information.
  in_month = np.flatnonzero((times.dt.to_period("M") == month).to_numpy())
/Users/zhangzc/fable-trading/scripts/diag_nine_exits_matched.py:217: UserWarning: Converting to PeriodArray/Index representation will drop timezone information.
  in_month = np.flatnonzero((times.dt.to_period("M") == month).to_numpy())
/Users/zhangzc/fable-trading/scripts/diag_nine_exits_matched.py:217: UserWarning: Converting to PeriodArray/Index representation will drop timezone information.
  in_month = np.flatnonzero((times.dt.to_period("M") == month).to_numpy())
/Users/zhangzc/fable-trading/scripts/diag_nine_exits_matched.py:217: UserWarning: Converting to PeriodArray/Index representation will drop timezone information.
  in_month = np.flatnonzero((times.dt.to_period("M") == month).to_numpy())
/Users/zhangzc/fable-trading/scripts/diag_nine_exits_matched.py:217: UserWarning: Converting to PeriodArray/Index representation will drop timezone information.
  in_month = np.flatnonzero((times.dt.to_period("M") == month).to_numpy())
/Users/zhangzc/fable-trading/scripts/diag_nine_exits_matched.py:217: UserWarning: Converting to PeriodArray/Index representation will drop timezone information.
  in_month = np.flatnonzero((times.dt.to_period("M") == month).to_numpy())
/Users/zhangzc/fable-trading/scripts/diag_nine_exits_matched.py:217: UserWarning: Converting to PeriodArray/Index representation will drop timezone information.
  in_month = np.flatnonzero((times.dt.to_period("M") == month).to_numpy())
/Users/zhangzc/fable-trading/scripts/diag_nine_exits_matched.py:217: UserWarning: Converting to PeriodArray/Index representation will drop timezone information.
  in_month = np.flatnonzero((times.dt.to_period("M") == month).to_numpy())
/Users/zhangzc/fable-trading/scripts/diag_nine_exits_matched.py:217: UserWarning: Converting to PeriodArray/Index representation will drop timezone information.
  in_month = np.flatnonzero((times.dt.to_period("M") == month).to_numpy())
/Users/zhangzc/fable-trading/scripts/diag_nine_exits_matched.py:217: UserWarning: Converting to PeriodArray/Index representation will drop timezone information.
  in_month = np.flatnonzero((times.dt.to_period("M") == month).to_numpy())
/Users/zhangzc/fable-trading/scripts/diag_nine_exits_matched.py:217: UserWarning: Converting to PeriodArray/Index representation will drop timezone information.
  in_month = np.flatnonzero((times.dt.to_period("M") == month).to_numpy())
/Users/zhangzc/fable-trading/scripts/diag_nine_exits_matched.py:217: UserWarning: Converting to PeriodArray/Index representation will drop timezone information.
  in_month = np.flatnonzero((times.dt.to_period("M") == month).to_numpy())
/Users/zhangzc/fable-trading/scripts/diag_nine_exits_matched.py:217: UserWarning: Converting to PeriodArray/Index representation will drop timezone information.
  in_month = np.flatnonzero((times.dt.to_period("M") == month).to_numpy())
/Users/zhangzc/fable-trading/scripts/diag_nine_exits_matched.py:217: UserWarning: Converting to PeriodArray/Index representation will drop timezone information.
  in_month = np.flatnonzero((times.dt.to_period("M") == month).to_numpy())
/Users/zhangzc/fable-trading/scripts/diag_nine_exits_matched.py:217: UserWarning: Converting to PeriodArray/Index representation will drop timezone information.
  in_month = np.flatnonzero((times.dt.to_period("M") == month).to_numpy())
/Users/zhangzc/fable-trading/scripts/diag_nine_exits_matched.py:217: UserWarning: Converting to PeriodArray/Index representation will drop timezone information.
  in_month = np.flatnonzero((times.dt.to_period("M") == month).to_numpy())
/Users/zhangzc/fable-trading/scripts/diag_nine_exits_matched.py:217: UserWarning: Converting to PeriodArray/Index representation will drop timezone information.
  in_month = np.flatnonzero((times.dt.to_period("M") == month).to_numpy())
/Users/zhangzc/fable-trading/scripts/diag_nine_exits_matched.py:217: UserWarning: Converting to PeriodArray/Index representation will drop timezone information.
  in_month = np.flatnonzero((times.dt.to_period("M") == month).to_numpy())
/Users/zhangzc/fable-trading/scripts/diag_nine_exits_matched.py:217: UserWarning: Converting to PeriodArray/Index representation will drop timezone information.
  in_month = np.flatnonzero((times.dt.to_period("M") == month).to_numpy())
/Users/zhangzc/fable-trading/scripts/diag_nine_exits_matched.py:217: UserWarning: Converting to PeriodArray/Index representation will drop timezone information.
  in_month = np.flatnonzero((times.dt.to_period("M") == month).to_numpy())
/Users/zhangzc/fable-trading/scripts/diag_nine_exits_matched.py:217: UserWarning: Converting to PeriodArray/Index representation will drop timezone information.
  in_month = np.flatnonzero((times.dt.to_period("M") == month).to_numpy())
/Users/zhangzc/fable-trading/scripts/diag_nine_exits_matched.py:217: UserWarning: Converting to PeriodArray/Index representation will drop timezone information.
  in_month = np.flatnonzero((times.dt.to_period("M") == month).to_numpy())
/Users/zhangzc/fable-trading/scripts/diag_nine_exits_matched.py:217: UserWarning: Converting to PeriodArray/Index representation will drop timezone information.
  in_month = np.flatnonzero((times.dt.to_period("M") == month).to_numpy())
/Users/zhangzc/fable-trading/scripts/diag_nine_exits_matched.py:217: UserWarning: Converting to PeriodArray/Index representation will drop timezone information.
  in_month = np.flatnonzero((times.dt.to_period("M") == month).to_numpy())
/Users/zhangzc/fable-trading/scripts/diag_nine_exits_matched.py:217: UserWarning: Converting to PeriodArray/Index representation will drop timezone information.
  in_month = np.flatnonzero((times.dt.to_period("M") == month).to_numpy())
/Users/zhangzc/fable-trading/scripts/diag_nine_exits_matched.py:217: UserWarning: Converting to PeriodArray/Index representation will drop timezone information.
  in_month = np.flatnonzero((times.dt.to_period("M") == month).to_numpy())
/Users/zhangzc/fable-trading/scripts/diag_nine_exits_matched.py:217: UserWarning: Converting to PeriodArray/Index representation will drop timezone information.
  in_month = np.flatnonzero((times.dt.to_period("M") == month).to_numpy())
/Users/zhangzc/fable-trading/scripts/diag_nine_exits_matched.py:217: UserWarning: Converting to PeriodArray/Index representation will drop timezone information.
  in_month = np.flatnonzero((times.dt.to_period("M") == month).to_numpy())
/Users/zhangzc/fable-trading/scripts/diag_nine_exits_matched.py:217: UserWarning: Converting to PeriodArray/Index representation will drop timezone information.
  in_month = np.flatnonzero((times.dt.to_period("M") == month).to_numpy())
/Users/zhangzc/fable-trading/scripts/diag_nine_exits_matched.py:217: UserWarning: Converting to PeriodArray/Index representation will drop timezone information.
  in_month = np.flatnonzero((times.dt.to_period("M") == month).to_numpy())
/Users/zhangzc/fable-trading/scripts/diag_nine_exits_matched.py:217: UserWarning: Converting to PeriodArray/Index representation will drop timezone information.
  in_month = np.flatnonzero((times.dt.to_period("M") == month).to_numpy())
/Users/zhangzc/fable-trading/scripts/diag_nine_exits_matched.py:217: UserWarning: Converting to PeriodArray/Index representation will drop timezone information.
  in_month = np.flatnonzero((times.dt.to_period("M") == month).to_numpy())
/Users/zhangzc/fable-trading/scripts/diag_nine_exits_matched.py:217: UserWarning: Converting to PeriodArray/Index representation will drop timezone information.
  in_month = np.flatnonzero((times.dt.to_period("M") == month).to_numpy())
/Users/zhangzc/fable-trading/scripts/diag_nine_exits_matched.py:217: UserWarning: Converting to PeriodArray/Index representation will drop timezone information.
  in_month = np.flatnonzero((times.dt.to_period("M") == month).to_numpy())
/Users/zhangzc/fable-trading/scripts/diag_nine_exits_matched.py:217: UserWarning: Converting to PeriodArray/Index representation will drop timezone information.
  in_month = np.flatnonzero((times.dt.to_period("M") == month).to_numpy())
/Users/zhangzc/fable-trading/scripts/diag_nine_exits_matched.py:217: UserWarning: Converting to PeriodArray/Index representation will drop timezone information.
  in_month = np.flatnonzero((times.dt.to_period("M") == month).to_numpy())
/Users/zhangzc/fable-trading/scripts/diag_nine_exits_matched.py:217: UserWarning: Converting to PeriodArray/Index representation will drop timezone information.
  in_month = np.flatnonzero((times.dt.to_period("M") == month).to_numpy())
/Users/zhangzc/fable-trading/scripts/diag_nine_exits_matched.py:217: UserWarning: Converting to PeriodArray/Index representation will drop timezone information.
  in_month = np.flatnonzero((times.dt.to_period("M") == month).to_numpy())
/Users/zhangzc/fable-trading/scripts/diag_nine_exits_matched.py:217: UserWarning: Converting to PeriodArray/Index representation will drop timezone information.
  in_month = np.flatnonzero((times.dt.to_period("M") == month).to_numpy())
/Users/zhangzc/fable-trading/scripts/diag_nine_exits_matched.py:217: UserWarning: Converting to PeriodArray/Index representation will drop timezone information.
  in_month = np.flatnonzero((times.dt.to_period("M") == month).to_numpy())
/Users/zhangzc/fable-trading/scripts/diag_nine_exits_matched.py:217: UserWarning: Converting to PeriodArray/Index representation will drop timezone information.
  in_month = np.flatnonzero((times.dt.to_period("M") == month).to_numpy())
/Users/zhangzc/fable-trading/scripts/diag_nine_exits_matched.py:217: UserWarning: Converting to PeriodArray/Index representation will drop timezone information.
  in_month = np.flatnonzero((times.dt.to_period("M") == month).to_numpy())
/Users/zhangzc/fable-trading/scripts/diag_nine_exits_matched.py:217: UserWarning: Converting to PeriodArray/Index representation will drop timezone information.
  in_month = np.flatnonzero((times.dt.to_period("M") == month).to_numpy())
/Users/zhangzc/fable-trading/scripts/diag_nine_exits_matched.py:217: UserWarning: Converting to PeriodArray/Index representation will drop timezone information.
  in_month = np.flatnonzero((times.dt.to_period("M") == month).to_numpy())
/Users/zhangzc/fable-trading/scripts/diag_nine_exits_matched.py:217: UserWarning: Converting to PeriodArray/Index representation will drop timezone information.
  in_month = np.flatnonzero((times.dt.to_period("M") == month).to_numpy())
/Users/zhangzc/fable-trading/scripts/diag_nine_exits_matched.py:217: UserWarning: Converting to PeriodArray/Index representation will drop timezone information.
  in_month = np.flatnonzero((times.dt.to_period("M") == month).to_numpy())
/Users/zhangzc/fable-trading/scripts/diag_nine_exits_matched.py:217: UserWarning: Converting to PeriodArray/Index representation will drop timezone information.
  in_month = np.flatnonzero((times.dt.to_period("M") == month).to_numpy())
/Users/zhangzc/fable-trading/scripts/diag_nine_exits_matched.py:217: UserWarning: Converting to PeriodArray/Index representation will drop timezone information.
  in_month = np.flatnonzero((times.dt.to_period("M") == month).to_numpy())
/Users/zhangzc/fable-trading/scripts/diag_nine_exits_matched.py:217: UserWarning: Converting to PeriodArray/Index representation will drop timezone information.
  in_month = np.flatnonzero((times.dt.to_period("M") == month).to_numpy())
/Users/zhangzc/fable-trading/scripts/diag_nine_exits_matched.py:217: UserWarning: Converting to PeriodArray/Index representation will drop timezone information.
  in_month = np.flatnonzero((times.dt.to_period("M") == month).to_numpy())
/Users/zhangzc/fable-trading/scripts/diag_nine_exits_matched.py:217: UserWarning: Converting to PeriodArray/Index representation will drop timezone information.
  in_month = np.flatnonzero((times.dt.to_period("M") == month).to_numpy())
/Users/zhangzc/fable-trading/scripts/diag_nine_exits_matched.py:217: UserWarning: Converting to PeriodArray/Index representation will drop timezone information.
  in_month = np.flatnonzero((times.dt.to_period("M") == month).to_numpy())
/Users/zhangzc/fable-trading/scripts/diag_nine_exits_matched.py:217: UserWarning: Converting to PeriodArray/Index representation will drop timezone information.
  in_month = np.flatnonzero((times.dt.to_period("M") == month).to_numpy())
/Users/zhangzc/fable-trading/scripts/diag_nine_exits_matched.py:217: UserWarning: Converting to PeriodArray/Index representation will drop timezone information.
  in_month = np.flatnonzero((times.dt.to_period("M") == month).to_numpy())
/Users/zhangzc/fable-trading/scripts/diag_nine_exits_matched.py:217: UserWarning: Converting to PeriodArray/Index representation will drop timezone information.
  in_month = np.flatnonzero((times.dt.to_period("M") == month).to_numpy())
/Users/zhangzc/fable-trading/scripts/diag_nine_exits_matched.py:217: UserWarning: Converting to PeriodArray/Index representation will drop timezone information.
  in_month = np.flatnonzero((times.dt.to_period("M") == month).to_numpy())
/Users/zhangzc/fable-trading/scripts/diag_nine_exits_matched.py:217: UserWarning: Converting to PeriodArray/Index representation will drop timezone information.
  in_month = np.flatnonzero((times.dt.to_period("M") == month).to_numpy())
/Users/zhangzc/fable-trading/scripts/diag_nine_exits_matched.py:217: UserWarning: Converting to PeriodArray/Index representation will drop timezone information.
  in_month = np.flatnonzero((times.dt.to_period("M") == month).to_numpy())
/Users/zhangzc/fable-trading/scripts/diag_nine_exits_matched.py:217: UserWarning: Converting to PeriodArray/Index representation will drop timezone information.
  in_month = np.flatnonzero((times.dt.to_period("M") == month).to_numpy())
/Users/zhangzc/fable-trading/scripts/diag_nine_exits_matched.py:217: UserWarning: Converting to PeriodArray/Index representation will drop timezone information.
  in_month = np.flatnonzero((times.dt.to_period("M") == month).to_numpy())
/Users/zhangzc/fable-trading/scripts/diag_nine_exits_matched.py:217: UserWarning: Converting to PeriodArray/Index representation will drop timezone information.
  in_month = np.flatnonzero((times.dt.to_period("M") == month).to_numpy())
/Users/zhangzc/fable-trading/scripts/diag_nine_exits_matched.py:217: UserWarning: Converting to PeriodArray/Index representation will drop timezone information.
  in_month = np.flatnonzero((times.dt.to_period("M") == month).to_numpy())
/Users/zhangzc/fable-trading/scripts/diag_nine_exits_matched.py:217: UserWarning: Converting to PeriodArray/Index representation will drop timezone information.
  in_month = np.flatnonzero((times.dt.to_period("M") == month).to_numpy())
/Users/zhangzc/fable-trading/scripts/diag_nine_exits_matched.py:217: UserWarning: Converting to PeriodArray/Index representation will drop timezone information.
  in_month = np.flatnonzero((times.dt.to_period("M") == month).to_numpy())
/Users/zhangzc/fable-trading/scripts/diag_nine_exits_matched.py:217: UserWarning: Converting to PeriodArray/Index representation will drop timezone information.
  in_month = np.flatnonzero((times.dt.to_period("M") == month).to_numpy())
/Users/zhangzc/fable-trading/scripts/diag_nine_exits_matched.py:217: UserWarning: Converting to PeriodArray/Index representation will drop timezone information.
  in_month = np.flatnonzero((times.dt.to_period("M") == month).to_numpy())
/Users/zhangzc/fable-trading/scripts/diag_nine_exits_matched.py:217: UserWarning: Converting to PeriodArray/Index representation will drop timezone information.
  in_month = np.flatnonzero((times.dt.to_period("M") == month).to_numpy())
/Users/zhangzc/fable-trading/scripts/diag_nine_exits_matched.py:217: UserWarning: Converting to PeriodArray/Index representation will drop timezone information.
  in_month = np.flatnonzero((times.dt.to_period("M") == month).to_numpy())
/Users/zhangzc/fable-trading/scripts/diag_nine_exits_matched.py:217: UserWarning: Converting to PeriodArray/Index representation will drop timezone information.
  in_month = np.flatnonzero((times.dt.to_period("M") == month).to_numpy())
/Users/zhangzc/fable-trading/scripts/diag_nine_exits_matched.py:217: UserWarning: Converting to PeriodArray/Index representation will drop timezone information.
  in_month = np.flatnonzero((times.dt.to_period("M") == month).to_numpy())
/Users/zhangzc/fable-trading/scripts/diag_nine_exits_matched.py:217: UserWarning: Converting to PeriodArray/Index representation will drop timezone information.
  in_month = np.flatnonzero((times.dt.to_period("M") == month).to_numpy())
/Users/zhangzc/fable-trading/scripts/diag_nine_exits_matched.py:217: UserWarning: Converting to PeriodArray/Index representation will drop timezone information.
  in_month = np.flatnonzero((times.dt.to_period("M") == month).to_numpy())
/Users/zhangzc/fable-trading/scripts/diag_nine_exits_matched.py:217: UserWarning: Converting to PeriodArray/Index representation will drop timezone information.
  in_month = np.flatnonzero((times.dt.to_period("M") == month).to_numpy())
/Users/zhangzc/fable-trading/scripts/diag_nine_exits_matched.py:217: UserWarning: Converting to PeriodArray/Index representation will drop timezone information.
  in_month = np.flatnonzero((times.dt.to_period("M") == month).to_numpy())
/Users/zhangzc/fable-trading/scripts/diag_nine_exits_matched.py:217: UserWarning: Converting to PeriodArray/Index representation will drop timezone information.
  in_month = np.flatnonzero((times.dt.to_period("M") == month).to_numpy())
/Users/zhangzc/fable-trading/scripts/diag_nine_exits_matched.py:217: UserWarning: Converting to PeriodArray/Index representation will drop timezone information.
  in_month = np.flatnonzero((times.dt.to_period("M") == month).to_numpy())
/Users/zhangzc/fable-trading/scripts/diag_nine_exits_matched.py:217: UserWarning: Converting to PeriodArray/Index representation will drop timezone information.
  in_month = np.flatnonzero((times.dt.to_period("M") == month).to_numpy())
/Users/zhangzc/fable-trading/scripts/diag_nine_exits_matched.py:217: UserWarning: Converting to PeriodArray/Index representation will drop timezone information.
  in_month = np.flatnonzero((times.dt.to_period("M") == month).to_numpy())
/Users/zhangzc/fable-trading/scripts/diag_nine_exits_matched.py:217: UserWarning: Converting to PeriodArray/Index representation will drop timezone information.
  in_month = np.flatnonzero((times.dt.to_period("M") == month).to_numpy())
/Users/zhangzc/fable-trading/scripts/diag_nine_exits_matched.py:217: UserWarning: Converting to PeriodArray/Index representation will drop timezone information.
  in_month = np.flatnonzero((times.dt.to_period("M") == month).to_numpy())
/Users/zhangzc/fable-trading/scripts/diag_nine_exits_matched.py:217: UserWarning: Converting to PeriodArray/Index representation will drop timezone information.
  in_month = np.flatnonzero((times.dt.to_period("M") == month).to_numpy())
/Users/zhangzc/fable-trading/scripts/diag_nine_exits_matched.py:217: UserWarning: Converting to PeriodArray/Index representation will drop timezone information.
  in_month = np.flatnonzero((times.dt.to_period("M") == month).to_numpy())
/Users/zhangzc/fable-trading/scripts/diag_nine_exits_matched.py:217: UserWarning: Converting to PeriodArray/Index representation will drop timezone information.
  in_month = np.flatnonzero((times.dt.to_period("M") == month).to_numpy())
/Users/zhangzc/fable-trading/scripts/diag_nine_exits_matched.py:217: UserWarning: Converting to PeriodArray/Index representation will drop timezone information.
  in_month = np.flatnonzero((times.dt.to_period("M") == month).to_numpy())
/Users/zhangzc/fable-trading/scripts/diag_nine_exits_matched.py:217: UserWarning: Converting to PeriodArray/Index representation will drop timezone information.
  in_month = np.flatnonzero((times.dt.to_period("M") == month).to_numpy())
/Users/zhangzc/fable-trading/scripts/diag_nine_exits_matched.py:217: UserWarning: Converting to PeriodArray/Index representation will drop timezone information.
  in_month = np.flatnonzero((times.dt.to_period("M") == month).to_numpy())
/Users/zhangzc/fable-trading/scripts/diag_nine_exits_matched.py:217: UserWarning: Converting to PeriodArray/Index representation will drop timezone information.
  in_month = np.flatnonzero((times.dt.to_period("M") == month).to_numpy())
/Users/zhangzc/fable-trading/scripts/diag_nine_exits_matched.py:217: UserWarning: Converting to PeriodArray/Index representation will drop timezone information.
  in_month = np.flatnonzero((times.dt.to_period("M") == month).to_numpy())
/Users/zhangzc/fable-trading/scripts/diag_nine_exits_matched.py:217: UserWarning: Converting to PeriodArray/Index representation will drop timezone information.
  in_month = np.flatnonzero((times.dt.to_period("M") == month).to_numpy())
/Users/zhangzc/fable-trading/scripts/diag_nine_exits_matched.py:217: UserWarning: Converting to PeriodArray/Index representation will drop timezone information.
  in_month = np.flatnonzero((times.dt.to_period("M") == month).to_numpy())
/Users/zhangzc/fable-trading/scripts/diag_nine_exits_matched.py:217: UserWarning: Converting to PeriodArray/Index representation will drop timezone information.
  in_month = np.flatnonzero((times.dt.to_period("M") == month).to_numpy())
/Users/zhangzc/fable-trading/scripts/diag_nine_exits_matched.py:217: UserWarning: Converting to PeriodArray/Index representation will drop timezone information.
  in_month = np.flatnonzero((times.dt.to_period("M") == month).to_numpy())
/Users/zhangzc/fable-trading/scripts/diag_nine_exits_matched.py:217: UserWarning: Converting to PeriodArray/Index representation will drop timezone information.
  in_month = np.flatnonzero((times.dt.to_period("M") == month).to_numpy())
/Users/zhangzc/fable-trading/scripts/diag_nine_exits_matched.py:217: UserWarning: Converting to PeriodArray/Index representation will drop timezone information.
  in_month = np.flatnonzero((times.dt.to_period("M") == month).to_numpy())
/Users/zhangzc/fable-trading/scripts/diag_nine_exits_matched.py:217: UserWarning: Converting to PeriodArray/Index representation will drop timezone information.
  in_month = np.flatnonzero((times.dt.to_period("M") == month).to_numpy())
/Users/zhangzc/fable-trading/scripts/diag_nine_exits_matched.py:217: UserWarning: Converting to PeriodArray/Index representation will drop timezone information.
  in_month = np.flatnonzero((times.dt.to_period("M") == month).to_numpy())
/Users/zhangzc/fable-trading/scripts/diag_nine_exits_matched.py:217: UserWarning: Converting to PeriodArray/Index representation will drop timezone information.
  in_month = np.flatnonzero((times.dt.to_period("M") == month).to_numpy())
/Users/zhangzc/fable-trading/scripts/diag_nine_exits_matched.py:217: UserWarning: Converting to PeriodArray/Index representation will drop timezone information.
  in_month = np.flatnonzero((times.dt.to_period("M") == month).to_numpy())
/Users/zhangzc/fable-trading/scripts/diag_nine_exits_matched.py:217: UserWarning: Converting to PeriodArray/Index representation will drop timezone information.
  in_month = np.flatnonzero((times.dt.to_period("M") == month).to_numpy())
/Users/zhangzc/fable-trading/scripts/diag_nine_exits_matched.py:217: UserWarning: Converting to PeriodArray/Index representation will drop timezone information.
  in_month = np.flatnonzero((times.dt.to_period("M") == month).to_numpy())
/Users/zhangzc/fable-trading/scripts/diag_nine_exits_matched.py:217: UserWarning: Converting to PeriodArray/Index representation will drop timezone information.
  in_month = np.flatnonzero((times.dt.to_period("M") == month).to_numpy())
/Users/zhangzc/fable-trading/scripts/diag_nine_exits_matched.py:217: UserWarning: Converting to PeriodArray/Index representation will drop timezone information.
  in_month = np.flatnonzero((times.dt.to_period("M") == month).to_numpy())
/Users/zhangzc/fable-trading/scripts/diag_nine_exits_matched.py:217: UserWarning: Converting to PeriodArray/Index representation will drop timezone information.
  in_month = np.flatnonzero((times.dt.to_period("M") == month).to_numpy())
/Users/zhangzc/fable-trading/scripts/diag_nine_exits_matched.py:217: UserWarning: Converting to PeriodArray/Index representation will drop timezone information.
  in_month = np.flatnonzero((times.dt.to_period("M") == month).to_numpy())
/Users/zhangzc/fable-trading/scripts/diag_nine_exits_matched.py:217: UserWarning: Converting to PeriodArray/Index representation will drop timezone information.
  in_month = np.flatnonzero((times.dt.to_period("M") == month).to_numpy())
/Users/zhangzc/fable-trading/scripts/diag_nine_exits_matched.py:217: UserWarning: Converting to PeriodArray/Index representation will drop timezone information.
  in_month = np.flatnonzero((times.dt.to_period("M") == month).to_numpy())
/Users/zhangzc/fable-trading/scripts/diag_nine_exits_matched.py:217: UserWarning: Converting to PeriodArray/Index representation will drop timezone information.
  in_month = np.flatnonzero((times.dt.to_period("M") == month).to_numpy())
/Users/zhangzc/fable-trading/scripts/diag_nine_exits_matched.py:217: UserWarning: Converting to PeriodArray/Index representation will drop timezone information.
  in_month = np.flatnonzero((times.dt.to_period("M") == month).to_numpy())
/Users/zhangzc/fable-trading/scripts/diag_nine_exits_matched.py:217: UserWarning: Converting to PeriodArray/Index representation will drop timezone information.
  in_month = np.flatnonzero((times.dt.to_period("M") == month).to_numpy())
/Users/zhangzc/fable-trading/scripts/diag_nine_exits_matched.py:217: UserWarning: Converting to PeriodArray/Index representation will drop timezone information.
  in_month = np.flatnonzero((times.dt.to_period("M") == month).to_numpy())
/Users/zhangzc/fable-trading/scripts/diag_nine_exits_matched.py:217: UserWarning: Converting to PeriodArray/Index representation will drop timezone information.
  in_month = np.flatnonzero((times.dt.to_period("M") == month).to_numpy())
/Users/zhangzc/fable-trading/scripts/diag_nine_exits_matched.py:217: UserWarning: Converting to PeriodArray/Index representation will drop timezone information.
  in_month = np.flatnonzero((times.dt.to_period("M") == month).to_numpy())
/Users/zhangzc/fable-trading/scripts/diag_nine_exits_matched.py:217: UserWarning: Converting to PeriodArray/Index representation will drop timezone information.
  in_month = np.flatnonzero((times.dt.to_period("M") == month).to_numpy())
/Users/zhangzc/fable-trading/scripts/diag_nine_exits_matched.py:217: UserWarning: Converting to PeriodArray/Index representation will drop timezone information.
  in_month = np.flatnonzero((times.dt.to_period("M") == month).to_numpy())
/Users/zhangzc/fable-trading/scripts/diag_nine_exits_matched.py:217: UserWarning: Converting to PeriodArray/Index representation will drop timezone information.
  in_month = np.flatnonzero((times.dt.to_period("M") == month).to_numpy())
/Users/zhangzc/fable-trading/scripts/diag_nine_exits_matched.py:217: UserWarning: Converting to PeriodArray/Index representation will drop timezone information.
  in_month = np.flatnonzero((times.dt.to_period("M") == month).to_numpy())
/Users/zhangzc/fable-trading/scripts/diag_nine_exits_matched.py:217: UserWarning: Converting to PeriodArray/Index representation will drop timezone information.
  in_month = np.flatnonzero((times.dt.to_period("M") == month).to_numpy())
/Users/zhangzc/fable-trading/scripts/diag_nine_exits_matched.py:217: UserWarning: Converting to PeriodArray/Index representation will drop timezone information.
  in_month = np.flatnonzero((times.dt.to_period("M") == month).to_numpy())
/Users/zhangzc/fable-trading/scripts/diag_nine_exits_matched.py:217: UserWarning: Converting to PeriodArray/Index representation will drop timezone information.
  in_month = np.flatnonzero((times.dt.to_period("M") == month).to_numpy())
/Users/zhangzc/fable-trading/scripts/diag_nine_exits_matched.py:217: UserWarning: Converting to PeriodArray/Index representation will drop timezone information.
  in_month = np.flatnonzero((times.dt.to_period("M") == month).to_numpy())
/Users/zhangzc/fable-trading/scripts/diag_nine_exits_matched.py:217: UserWarning: Converting to PeriodArray/Index representation will drop timezone information.
  in_month = np.flatnonzero((times.dt.to_period("M") == month).to_numpy())
/Users/zhangzc/fable-trading/scripts/diag_nine_exits_matched.py:217: UserWarning: Converting to PeriodArray/Index representation will drop timezone information.
  in_month = np.flatnonzero((times.dt.to_period("M") == month).to_numpy())
/Users/zhangzc/fable-trading/scripts/diag_nine_exits_matched.py:217: UserWarning: Converting to PeriodArray/Index representation will drop timezone information.
  in_month = np.flatnonzero((times.dt.to_period("M") == month).to_numpy())
/Users/zhangzc/fable-trading/scripts/diag_nine_exits_matched.py:217: UserWarning: Converting to PeriodArray/Index representation will drop timezone information.
  in_month = np.flatnonzero((times.dt.to_period("M") == month).to_numpy())
/Users/zhangzc/fable-trading/scripts/diag_nine_exits_matched.py:217: UserWarning: Converting to PeriodArray/Index representation will drop timezone information.
  in_month = np.flatnonzero((times.dt.to_period("M") == month).to_numpy())
/Users/zhangzc/fable-trading/scripts/diag_nine_exits_matched.py:217: UserWarning: Converting to PeriodArray/Index representation will drop timezone information.
  in_month = np.flatnonzero((times.dt.to_period("M") == month).to_numpy())
/Users/zhangzc/fable-trading/scripts/diag_nine_exits_matched.py:217: UserWarning: Converting to PeriodArray/Index representation will drop timezone information.
  in_month = np.flatnonzero((times.dt.to_period("M") == month).to_numpy())
/Users/zhangzc/fable-trading/scripts/diag_nine_exits_matched.py:217: UserWarning: Converting to PeriodArray/Index representation will drop timezone information.
  in_month = np.flatnonzero((times.dt.to_period("M") == month).to_numpy())
/Users/zhangzc/fable-trading/scripts/diag_nine_exits_matched.py:217: UserWarning: Converting to PeriodArray/Index representation will drop timezone information.
  in_month = np.flatnonzero((times.dt.to_period("M") == month).to_numpy())
/Users/zhangzc/fable-trading/scripts/diag_nine_exits_matched.py:217: UserWarning: Converting to PeriodArray/Index representation will drop timezone information.
  in_month = np.flatnonzero((times.dt.to_period("M") == month).to_numpy())
/Users/zhangzc/fable-trading/scripts/diag_nine_exits_matched.py:217: UserWarning: Converting to PeriodArray/Index representation will drop timezone information.
  in_month = np.flatnonzero((times.dt.to_period("M") == month).to_numpy())
/Users/zhangzc/fable-trading/scripts/diag_nine_exits_matched.py:217: UserWarning: Converting to PeriodArray/Index representation will drop timezone information.
  in_month = np.flatnonzero((times.dt.to_period("M") == month).to_numpy())
/Users/zhangzc/fable-trading/scripts/diag_nine_exits_matched.py:217: UserWarning: Converting to PeriodArray/Index representation will drop timezone information.
  in_month = np.flatnonzero((times.dt.to_period("M") == month).to_numpy())
/Users/zhangzc/fable-trading/scripts/diag_nine_exits_matched.py:217: UserWarning: Converting to PeriodArray/Index representation will drop timezone information.
  in_month = np.flatnonzero((times.dt.to_period("M") == month).to_numpy())
/Users/zhangzc/fable-trading/scripts/diag_nine_exits_matched.py:217: UserWarning: Converting to PeriodArray/Index representation will drop timezone information.
  in_month = np.flatnonzero((times.dt.to_period("M") == month).to_numpy())
/Users/zhangzc/fable-trading/scripts/diag_nine_exits_matched.py:217: UserWarning: Converting to PeriodArray/Index representation will drop timezone information.
  in_month = np.flatnonzero((times.dt.to_period("M") == month).to_numpy())
/Users/zhangzc/fable-trading/scripts/diag_nine_exits_matched.py:217: UserWarning: Converting to PeriodArray/Index representation will drop timezone information.
  in_month = np.flatnonzero((times.dt.to_period("M") == month).to_numpy())
/Users/zhangzc/fable-trading/scripts/diag_nine_exits_matched.py:217: UserWarning: Converting to PeriodArray/Index representation will drop timezone information.
  in_month = np.flatnonzero((times.dt.to_period("M") == month).to_numpy())
/Users/zhangzc/fable-trading/scripts/diag_nine_exits_matched.py:217: UserWarning: Converting to PeriodArray/Index representation will drop timezone information.
  in_month = np.flatnonzero((times.dt.to_period("M") == month).to_numpy())
/Users/zhangzc/fable-trading/scripts/diag_nine_exits_matched.py:217: UserWarning: Converting to PeriodArray/Index representation will drop timezone information.
  in_month = np.flatnonzero((times.dt.to_period("M") == month).to_numpy())
/Users/zhangzc/fable-trading/scripts/diag_nine_exits_matched.py:217: UserWarning: Converting to PeriodArray/Index representation will drop timezone information.
  in_month = np.flatnonzero((times.dt.to_period("M") == month).to_numpy())
/Users/zhangzc/fable-trading/scripts/diag_nine_exits_matched.py:217: UserWarning: Converting to PeriodArray/Index representation will drop timezone information.
  in_month = np.flatnonzero((times.dt.to_period("M") == month).to_numpy())
/Users/zhangzc/fable-trading/scripts/diag_nine_exits_matched.py:217: UserWarning: Converting to PeriodArray/Index representation will drop timezone information.
  in_month = np.flatnonzero((times.dt.to_period("M") == month).to_numpy())
/Users/zhangzc/fable-trading/scripts/diag_nine_exits_matched.py:217: UserWarning: Converting to PeriodArray/Index representation will drop timezone information.
  in_month = np.flatnonzero((times.dt.to_period("M") == month).to_numpy())
/Users/zhangzc/fable-trading/scripts/diag_nine_exits_matched.py:217: UserWarning: Converting to PeriodArray/Index representation will drop timezone information.
  in_month = np.flatnonzero((times.dt.to_period("M") == month).to_numpy())
/Users/zhangzc/fable-trading/scripts/diag_nine_exits_matched.py:217: UserWarning: Converting to PeriodArray/Index representation will drop timezone information.
  in_month = np.flatnonzero((times.dt.to_period("M") == month).to_numpy())
/Users/zhangzc/fable-trading/scripts/diag_nine_exits_matched.py:217: UserWarning: Converting to PeriodArray/Index representation will drop timezone information.
  in_month = np.flatnonzero((times.dt.to_period("M") == month).to_numpy())
   对照样本 55137

=== 九种出场:真实候选 vs 匹配随机对照(净@taker)===
出场                 候选净         对照净        因果超额       t       胜率      PF
barrier         -6.41bp      -0.39bp      -6.02bp   -2.60    32.7% 0.9382635918246726
hold            -9.72bp      -8.06bp      -1.66bp   -0.38    49.8% 0.9401801299107175
trend          -11.51bp     -14.71bp      +3.20bp   +1.07    34.1% 0.9114996472390344
struct          -8.38bp      +9.00bp     -17.39bp   -6.33    30.9% 0.9271831162620268
trail          -18.25bp     -14.57bp      -3.69bp   -1.78    36.2% 0.7899679211878535
be             -10.76bp      -8.52bp      -2.24bp   -0.64    21.8% 0.8862107482164664
tponly          -4.27bp      +0.37bp      -4.64bp   -1.17    55.2% 0.9715550593720647
wide            -1.26bp      -0.48bp      -0.78bp   -0.26    48.0% 0.990570165946818
partial         +6.84bp     +20.32bp     -13.49bp   -6.29    46.7% 1.0852686518462447

往返成本 taker 10bp / maker 6bp  —— 因果超额必须超过它才有意义

判读: 最优 trend:因果超额 +3.20bp(t=+1.07),现行 barrier -6.02bp(t=-2.60)。没有一种出场的因果超额能覆盖 10bp 往返成本 —— 换出场规则解决不了这个池子的问题。
注:基线与池中 realized_ret 有 0.026% 中位偏差(原因未查明),故只做九种之间横比,不与历史数字对照。

=== ② 判断层目标对比(v10 候选)===
① 标注每一行:它的 72 根窗口走完了吗…
Traceback (most recent call last):
  File "/Users/zhangzc/fable-trading/.venv/lib/python3.9/site-packages/pandas/core/indexes/base.py", line 3812, in get_loc
    return self._engine.get_loc(casted_key)
  File "pandas/_libs/index.pyx", line 167, in pandas._libs.index.IndexEngine.get_loc
  File "pandas/_libs/index.pyx", line 196, in pandas._libs.index.IndexEngine.get_loc
  File "pandas/_libs/hashtable_class_helper.pxi", line 7088, in pandas._libs.hashtable.PyObjectHashTable.get_item
  File "pandas/_libs/hashtable_class_helper.pxi", line 7096, in pandas._libs.hashtable.PyObjectHashTable.get_item
KeyError: 'realized_ret'

The above exception was the direct cause of the following exception:

Traceback (most recent call last):
  File "/Users/zhangzc/fable-trading/scripts/diag_why_lift_jumped.py", line 187, in <module>
    raise SystemExit(main())
  File "/Users/zhangzc/fable-trading/scripts/diag_why_lift_jumped.py", line 96, in main
    d["net"] = d["realized_ret"].astype(float) - SWAP_TAKER
  File "/Users/zhangzc/fable-trading/.venv/lib/python3.9/site-packages/pandas/core/frame.py", line 4113, in __getitem__
    indexer = self.columns.get_loc(key)
  File "/Users/zhangzc/fable-trading/.venv/lib/python3.9/site-packages/pandas/core/indexes/base.py", line 3819, in get_loc
    raise KeyError(key) from err
KeyError: 'realized_ret'

=== ③ Kronos 特征(5.5 小时,Mac 本来就闲着)===
池 judgment_v10_wide.csv  18379 行   设备 mps   预测 12 根   批 8
Warning: You are sending unauthenticated requests to the HF Hub. Please set a HF_TOKEN to enable higher rate limits and faster downloads.
  [500/18379] 已写 496   3.0min   剩余约 1.8h
  [1000/18379] 已写 1000   6.8min   剩余约 2.0h
  [1500/18379] 已写 1496   10.6min   剩余约 2.0h
  [2000/18379] 已写 2000   14.5min   剩余约 2.0h
  [2500/18379] 已写 2496   18.4min   剩余约 2.0h
  [3000/18379] 已写 2991   22.4min   剩余约 1.9h
  [3500/18379] 已写 3487   26.3min   剩余约 1.9h
  [4000/18379] 已写 3991   30.3min   剩余约 1.8h
  [4500/18379] 已写 4487   34.3min   剩余约 1.8h
  [5000/18379] 已写 4983   38.3min   剩余约 1.7h
  [5500/18379] 已写 5459   42.4min   剩余约 1.7h
  [6000/18379] 已写 5955   46.4min   剩余约 1.6h
  [6500/18379] 已写 6459   50.4min   剩余约 1.5h
  [7000/18379] 已写 6955   54.4min   剩余约 1.5h
  [7500/18379] 已写 7459   58.5min   剩余约 1.4h
  [8000/18379] 已写 7955   62.5min   剩余约 1.4h
  [8500/18379] 已写 8459   66.5min   剩余约 1.3h
  [9000/18379] 已写 8955   70.6min   剩余约 1.2h
  [9500/18379] 已写 9459   74.6min   剩余约 1.2h
  [10000/18379] 已写 9955   78.6min   剩余约 1.1h
  [10500/18379] 已写 10451   83.2min   剩余约 1.0h
  [11000/18379] 已写 10955   88.8min   剩余约 1.0h
  [11500/18379] 已写 11451   93.8min   剩余约 0.9h
  [12000/18379] 已写 11955   98.7min   剩余约 0.9h
  [12500/18379] 已写 12451   103.3min   剩余约 0.8h
  [13000/18379] 已写 12955   108.0min   剩余约 0.7h
  [13500/18379] 已写 13451   112.5min   剩余约 0.7h
  [14000/18379] 已写 13947   117.0min   剩余约 0.6h
  [14500/18379] 已写 14443   121.5min   剩余约 0.5h
  [15000/18379] 已写 14939   126.0min   剩余约 0.5h
  [15500/18379] 已写 15443   130.6min   剩余约 0.4h
  [16000/18379] 已写 15878   135.0min   剩余约 0.3h
  [16500/18379] 已写 16374   139.5min   剩余约 0.3h
