=== K线补齐完成 11:12 ===
权重 best.pt   窗口 最近 3 天   conf 0.3   周期 15m,5m,3m   推理设备 mps
主流币 10 个 + 涨跌幅前 20 → 合计 30 个

涨跌幅榜前 10:
  SOON         +42.2%
  PEOPLE       +33.4%
  BOME         +30.4%
  KORU         -23.2%
  ZAMA         +22.8%
  SLX          -20.9%
  KGEN         +19.2%
  RE           -18.8%
  KIOXIA       -18.4%
  SOXL         -17.7%

拉取 5m 数据(30 币 x 5 天)…
拉取 3m 数据(30 币 x 5 天)…

===== 15m =====
[1/30] BTC_USDT_SWAP         15m 主流  3日   -0.7%  扫 288  开火 3
/Users/zhangzc/fable-trading/scripts/scan_recent_multi_tf.py:199: UserWarning: This figure includes Axes that are not compatible with tight_layout, so results might be incorrect.
  fig.tight_layout()
/Users/zhangzc/fable-trading/scripts/scan_recent_multi_tf.py:199: UserWarning: This figure includes Axes that are not compatible with tight_layout, so results might be incorrect.
  fig.tight_layout()
/Users/zhangzc/fable-trading/scripts/scan_recent_multi_tf.py:199: UserWarning: This figure includes Axes that are not compatible with tight_layout, so results might be incorrect.
  fig.tight_layout()
[2/30] ETH_USDT_SWAP         15m 主流  3日   +1.0%  扫 288  开火 3
/Users/zhangzc/fable-trading/scripts/scan_recent_multi_tf.py:199: UserWarning: This figure includes Axes that are not compatible with tight_layout, so results might be incorrect.
  fig.tight_layout()
/Users/zhangzc/fable-trading/scripts/scan_recent_multi_tf.py:199: UserWarning: This figure includes Axes that are not compatible with tight_layout, so results might be incorrect.
  fig.tight_layout()
/Users/zhangzc/fable-trading/scripts/scan_recent_multi_tf.py:199: UserWarning: This figure includes Axes that are not compatible with tight_layout, so results might be incorrect.
  fig.tight_layout()
[3/30] SOL_USDT_SWAP         15m 主流  3日   -0.9%  扫 288  开火 3
/Users/zhangzc/fable-trading/scripts/scan_recent_multi_tf.py:199: UserWarning: This figure includes Axes that are not compatible with tight_layout, so results might be incorrect.
  fig.tight_layout()
/Users/zhangzc/fable-trading/scripts/scan_recent_multi_tf.py:199: UserWarning: This figure includes Axes that are not compatible with tight_layout, so results might be incorrect.
  fig.tight_layout()
/Users/zhangzc/fable-trading/scripts/scan_recent_multi_tf.py:199: UserWarning: This figure includes Axes that are not compatible with tight_layout, so results might be incorrect.
  fig.tight_layout()
[4/30] BNB_USDT_SWAP         15m 主流  3日   +0.3%  扫 288  开火 3
/Users/zhangzc/fable-trading/scripts/scan_recent_multi_tf.py:199: UserWarning: This figure includes Axes that are not compatible with tight_layout, so results might be incorrect.
  fig.tight_layout()
/Users/zhangzc/fable-trading/scripts/scan_recent_multi_tf.py:199: UserWarning: This figure includes Axes that are not compatible with tight_layout, so results might be incorrect.
  fig.tight_layout()
/Users/zhangzc/fable-trading/scripts/scan_recent_multi_tf.py:199: UserWarning: This figure includes Axes that are not compatible with tight_layout, so results might be incorrect.
  fig.tight_layout()
[5/30] XRP_USDT_SWAP         15m 主流  3日   -3.2%  扫 288  开火 4
/Users/zhangzc/fable-trading/scripts/scan_recent_multi_tf.py:199: UserWarning: This figure includes Axes that are not compatible with tight_layout, so results might be incorrect.
  fig.tight_layout()
/Users/zhangzc/fable-trading/scripts/scan_recent_multi_tf.py:199: UserWarning: This figure includes Axes that are not compatible with tight_layout, so results might be incorrect.
  fig.tight_layout()
/Users/zhangzc/fable-trading/scripts/scan_recent_multi_tf.py:199: UserWarning: This figure includes Axes that are not compatible with tight_layout, so results might be incorrect.
  fig.tight_layout()
/Users/zhangzc/fable-trading/scripts/scan_recent_multi_tf.py:199: UserWarning: This figure includes Axes that are not compatible with tight_layout, so results might be incorrect.
  fig.tight_layout()
[6/30] DOGE_USDT_SWAP        15m 主流  3日   +0.9%  扫 288  开火 7
/Users/zhangzc/fable-trading/scripts/scan_recent_multi_tf.py:199: UserWarning: This figure includes Axes that are not compatible with tight_layout, so results might be incorrect.
  fig.tight_layout()
/Users/zhangzc/fable-trading/scripts/scan_recent_multi_tf.py:199: UserWarning: This figure includes Axes that are not compatible with tight_layout, so results might be incorrect.
  fig.tight_layout()
/Users/zhangzc/fable-trading/scripts/scan_recent_multi_tf.py:199: UserWarning: This figure includes Axes that are not compatible with tight_layout, so results might be incorrect.
  fig.tight_layout()
/Users/zhangzc/fable-trading/scripts/scan_recent_multi_tf.py:199: UserWarning: This figure includes Axes that are not compatible with tight_layout, so results might be incorrect.
  fig.tight_layout()
/Users/zhangzc/fable-trading/scripts/scan_recent_multi_tf.py:199: UserWarning: This figure includes Axes that are not compatible with tight_layout, so results might be incorrect.
  fig.tight_layout()
/Users/zhangzc/fable-trading/scripts/scan_recent_multi_tf.py:199: UserWarning: This figure includes Axes that are not compatible with tight_layout, so results might be incorrect.
  fig.tight_layout()
/Users/zhangzc/fable-trading/scripts/scan_recent_multi_tf.py:199: UserWarning: This figure includes Axes that are not compatible with tight_layout, so results might be incorrect.
  fig.tight_layout()
[7/30] ADA_USDT_SWAP         15m 主流  3日   -3.1%  扫 288  开火 6
/Users/zhangzc/fable-trading/scripts/scan_recent_multi_tf.py:199: UserWarning: This figure includes Axes that are not compatible with tight_layout, so results might be incorrect.
  fig.tight_layout()
/Users/zhangzc/fable-trading/scripts/scan_recent_multi_tf.py:199: UserWarning: This figure includes Axes that are not compatible with tight_layout, so results might be incorrect.
  fig.tight_layout()
/Users/zhangzc/fable-trading/scripts/scan_recent_multi_tf.py:199: UserWarning: This figure includes Axes that are not compatible with tight_layout, so results might be incorrect.
  fig.tight_layout()
/Users/zhangzc/fable-trading/scripts/scan_recent_multi_tf.py:199: UserWarning: This figure includes Axes that are not compatible with tight_layout, so results might be incorrect.
  fig.tight_layout()
/Users/zhangzc/fable-trading/scripts/scan_recent_multi_tf.py:199: UserWarning: This figure includes Axes that are not compatible with tight_layout, so results might be incorrect.
  fig.tight_layout()
/Users/zhangzc/fable-trading/scripts/scan_recent_multi_tf.py:199: UserWarning: This figure includes Axes that are not compatible with tight_layout, so results might be incorrect.
  fig.tight_layout()
[8/30] AVAX_USDT_SWAP        15m 主流  3日   +2.9%  扫 288  开火 4
/Users/zhangzc/fable-trading/scripts/scan_recent_multi_tf.py:199: UserWarning: This figure includes Axes that are not compatible with tight_layout, so results might be incorrect.
  fig.tight_layout()
/Users/zhangzc/fable-trading/scripts/scan_recent_multi_tf.py:199: UserWarning: This figure includes Axes that are not compatible with tight_layout, so results might be incorrect.
  fig.tight_layout()
/Users/zhangzc/fable-trading/scripts/scan_recent_multi_tf.py:199: UserWarning: This figure includes Axes that are not compatible with tight_layout, so results might be incorrect.
  fig.tight_layout()
/Users/zhangzc/fable-trading/scripts/scan_recent_multi_tf.py:199: UserWarning: This figure includes Axes that are not compatible with tight_layout, so results might be incorrect.
  fig.tight_layout()
[9/30] LINK_USDT_SWAP        15m 主流  3日   +0.0%  扫 288  开火 2
/Users/zhangzc/fable-trading/scripts/scan_recent_multi_tf.py:199: UserWarning: This figure includes Axes that are not compatible with tight_layout, so results might be incorrect.
  fig.tight_layout()
/Users/zhangzc/fable-trading/scripts/scan_recent_multi_tf.py:199: UserWarning: This figure includes Axes that are not compatible with tight_layout, so results might be incorrect.
  fig.tight_layout()
[10/30] LTC_USDT_SWAP         15m 主流  3日   +1.2%  扫 288  开火 6
/Users/zhangzc/fable-trading/scripts/scan_recent_multi_tf.py:199: UserWarning: This figure includes Axes that are not compatible with tight_layout, so results might be incorrect.
  fig.tight_layout()
/Users/zhangzc/fable-trading/scripts/scan_recent_multi_tf.py:199: UserWarning: This figure includes Axes that are not compatible with tight_layout, so results might be incorrect.
  fig.tight_layout()
/Users/zhangzc/fable-trading/scripts/scan_recent_multi_tf.py:199: UserWarning: This figure includes Axes that are not compatible with tight_layout, so results might be incorrect.
  fig.tight_layout()
/Users/zhangzc/fable-trading/scripts/scan_recent_multi_tf.py:199: UserWarning: This figure includes Axes that are not compatible with tight_layout, so results might be incorrect.
  fig.tight_layout()
/Users/zhangzc/fable-trading/scripts/scan_recent_multi_tf.py:199: UserWarning: This figure includes Axes that are not compatible with tight_layout, so results might be incorrect.
  fig.tight_layout()
/Users/zhangzc/fable-trading/scripts/scan_recent_multi_tf.py:199: UserWarning: This figure includes Axes that are not compatible with tight_layout, so results might be incorrect.
  fig.tight_layout()
[11/30] SOON_USDT_SWAP        15m 榜单  3日  +42.2%  扫 288  开火 6
/Users/zhangzc/fable-trading/scripts/scan_recent_multi_tf.py:199: UserWarning: This figure includes Axes that are not compatible with tight_layout, so results might be incorrect.
  fig.tight_layout()
/Users/zhangzc/fable-trading/scripts/scan_recent_multi_tf.py:199: UserWarning: This figure includes Axes that are not compatible with tight_layout, so results might be incorrect.
  fig.tight_layout()
/Users/zhangzc/fable-trading/scripts/scan_recent_multi_tf.py:199: UserWarning: This figure includes Axes that are not compatible with tight_layout, so results might be incorrect.
  fig.tight_layout()
/Users/zhangzc/fable-trading/scripts/scan_recent_multi_tf.py:199: UserWarning: This figure includes Axes that are not compatible with tight_layout, so results might be incorrect.
  fig.tight_layout()
/Users/zhangzc/fable-trading/scripts/scan_recent_multi_tf.py:199: UserWarning: This figure includes Axes that are not compatible with tight_layout, so results might be incorrect.
  fig.tight_layout()
/Users/zhangzc/fable-trading/scripts/scan_recent_multi_tf.py:199: UserWarning: This figure includes Axes that are not compatible with tight_layout, so results might be incorrect.
  fig.tight_layout()
[12/30] PEOPLE_USDT_SWAP      15m 榜单  3日  +33.4%  扫 288  开火 1
/Users/zhangzc/fable-trading/scripts/scan_recent_multi_tf.py:199: UserWarning: This figure includes Axes that are not compatible with tight_layout, so results might be incorrect.
  fig.tight_layout()
[13/30] BOME_USDT_SWAP        15m 榜单  3日  +30.4%  扫 288  开火 2
/Users/zhangzc/fable-trading/scripts/scan_recent_multi_tf.py:199: UserWarning: This figure includes Axes that are not compatible with tight_layout, so results might be incorrect.
  fig.tight_layout()
/Users/zhangzc/fable-trading/scripts/scan_recent_multi_tf.py:199: UserWarning: This figure includes Axes that are not compatible with tight_layout, so results might be incorrect.
  fig.tight_layout()
[14/30] KORU_USDT_SWAP        15m 榜单  3日  -23.2%  扫 288  开火 3
/Users/zhangzc/fable-trading/scripts/scan_recent_multi_tf.py:199: UserWarning: This figure includes Axes that are not compatible with tight_layout, so results might be incorrect.
  fig.tight_layout()
/Users/zhangzc/fable-trading/scripts/scan_recent_multi_tf.py:199: UserWarning: This figure includes Axes that are not compatible with tight_layout, so results might be incorrect.
  fig.tight_layout()
/Users/zhangzc/fable-trading/scripts/scan_recent_multi_tf.py:199: UserWarning: This figure includes Axes that are not compatible with tight_layout, so results might be incorrect.
  fig.tight_layout()
[15/30] ZAMA_USDT_SWAP        15m 榜单  3日  +22.8%  扫 288  开火 5
/Users/zhangzc/fable-trading/scripts/scan_recent_multi_tf.py:199: UserWarning: This figure includes Axes that are not compatible with tight_layout, so results might be incorrect.
  fig.tight_layout()
/Users/zhangzc/fable-trading/scripts/scan_recent_multi_tf.py:199: UserWarning: This figure includes Axes that are not compatible with tight_layout, so results might be incorrect.
  fig.tight_layout()
/Users/zhangzc/fable-trading/scripts/scan_recent_multi_tf.py:199: UserWarning: This figure includes Axes that are not compatible with tight_layout, so results might be incorrect.
  fig.tight_layout()
/Users/zhangzc/fable-trading/scripts/scan_recent_multi_tf.py:199: UserWarning: This figure includes Axes that are not compatible with tight_layout, so results might be incorrect.
  fig.tight_layout()
/Users/zhangzc/fable-trading/scripts/scan_recent_multi_tf.py:199: UserWarning: This figure includes Axes that are not compatible with tight_layout, so results might be incorrect.
  fig.tight_layout()
[16/30] SLX_USDT_SWAP         15m 榜单  3日  -20.9%  扫 288  开火 3
/Users/zhangzc/fable-trading/scripts/scan_recent_multi_tf.py:199: UserWarning: This figure includes Axes that are not compatible with tight_layout, so results might be incorrect.
  fig.tight_layout()
/Users/zhangzc/fable-trading/scripts/scan_recent_multi_tf.py:199: UserWarning: This figure includes Axes that are not compatible with tight_layout, so results might be incorrect.
  fig.tight_layout()
/Users/zhangzc/fable-trading/scripts/scan_recent_multi_tf.py:199: UserWarning: This figure includes Axes that are not compatible with tight_layout, so results might be incorrect.
  fig.tight_layout()
[17/30] KGEN_USDT_SWAP        15m 榜单  3日  +19.2%  扫 288  开火 3
/Users/zhangzc/fable-trading/scripts/scan_recent_multi_tf.py:199: UserWarning: This figure includes Axes that are not compatible with tight_layout, so results might be incorrect.
  fig.tight_layout()
/Users/zhangzc/fable-trading/scripts/scan_recent_multi_tf.py:199: UserWarning: This figure includes Axes that are not compatible with tight_layout, so results might be incorrect.
  fig.tight_layout()
/Users/zhangzc/fable-trading/scripts/scan_recent_multi_tf.py:199: UserWarning: This figure includes Axes that are not compatible with tight_layout, so results might be incorrect.
  fig.tight_layout()
[18/30] RE_USDT_SWAP          15m 榜单  3日  -18.8%  扫 288  开火 7
/Users/zhangzc/fable-trading/scripts/scan_recent_multi_tf.py:199: UserWarning: This figure includes Axes that are not compatible with tight_layout, so results might be incorrect.
  fig.tight_layout()
/Users/zhangzc/fable-trading/scripts/scan_recent_multi_tf.py:199: UserWarning: This figure includes Axes that are not compatible with tight_layout, so results might be incorrect.
  fig.tight_layout()
/Users/zhangzc/fable-trading/scripts/scan_recent_multi_tf.py:199: UserWarning: This figure includes Axes that are not compatible with tight_layout, so results might be incorrect.
  fig.tight_layout()
/Users/zhangzc/fable-trading/scripts/scan_recent_multi_tf.py:199: UserWarning: This figure includes Axes that are not compatible with tight_layout, so results might be incorrect.
  fig.tight_layout()
/Users/zhangzc/fable-trading/scripts/scan_recent_multi_tf.py:199: UserWarning: This figure includes Axes that are not compatible with tight_layout, so results might be incorrect.
  fig.tight_layout()
/Users/zhangzc/fable-trading/scripts/scan_recent_multi_tf.py:199: UserWarning: This figure includes Axes that are not compatible with tight_layout, so results might be incorrect.
  fig.tight_layout()
/Users/zhangzc/fable-trading/scripts/scan_recent_multi_tf.py:199: UserWarning: This figure includes Axes that are not compatible with tight_layout, so results might be incorrect.
  fig.tight_layout()
[19/30] KIOXIA_USDT_SWAP      15m 榜单  3日  -18.4%  扫 288  开火 3
/Users/zhangzc/fable-trading/scripts/scan_recent_multi_tf.py:199: UserWarning: This figure includes Axes that are not compatible with tight_layout, so results might be incorrect.
  fig.tight_layout()
/Users/zhangzc/fable-trading/scripts/scan_recent_multi_tf.py:199: UserWarning: This figure includes Axes that are not compatible with tight_layout, so results might be incorrect.
  fig.tight_layout()
/Users/zhangzc/fable-trading/scripts/scan_recent_multi_tf.py:199: UserWarning: This figure includes Axes that are not compatible with tight_layout, so results might be incorrect.
  fig.tight_layout()
[20/30] SOXL_USDT_SWAP        15m 榜单  3日  -17.7%  扫 288  开火 3
/Users/zhangzc/fable-trading/scripts/scan_recent_multi_tf.py:199: UserWarning: This figure includes Axes that are not compatible with tight_layout, so results might be incorrect.
  fig.tight_layout()
/Users/zhangzc/fable-trading/scripts/scan_recent_multi_tf.py:199: UserWarning: This figure includes Axes that are not compatible with tight_layout, so results might be incorrect.
  fig.tight_layout()
/Users/zhangzc/fable-trading/scripts/scan_recent_multi_tf.py:199: UserWarning: This figure includes Axes that are not compatible with tight_layout, so results might be incorrect.
  fig.tight_layout()
[21/30] KAITO_USDT_SWAP       15m 榜单  3日  +17.3%  扫 288  开火 3
/Users/zhangzc/fable-trading/scripts/scan_recent_multi_tf.py:199: UserWarning: This figure includes Axes that are not compatible with tight_layout, so results might be incorrect.
  fig.tight_layout()
/Users/zhangzc/fable-trading/scripts/scan_recent_multi_tf.py:199: UserWarning: This figure includes Axes that are not compatible with tight_layout, so results might be incorrect.
  fig.tight_layout()
/Users/zhangzc/fable-trading/scripts/scan_recent_multi_tf.py:199: UserWarning: This figure includes Axes that are not compatible with tight_layout, so results might be incorrect.
  fig.tight_layout()
[22/30] PROS_USDT_SWAP        15m 榜单  3日  +16.7%  扫 288  开火 10
/Users/zhangzc/fable-trading/scripts/scan_recent_multi_tf.py:199: UserWarning: This figure includes Axes that are not compatible with tight_layout, so results might be incorrect.
  fig.tight_layout()
/Users/zhangzc/fable-trading/scripts/scan_recent_multi_tf.py:199: UserWarning: This figure includes Axes that are not compatible with tight_layout, so results might be incorrect.
  fig.tight_layout()
/Users/zhangzc/fable-trading/scripts/scan_recent_multi_tf.py:199: UserWarning: This figure includes Axes that are not compatible with tight_layout, so results might be incorrect.
  fig.tight_layout()
/Users/zhangzc/fable-trading/scripts/scan_recent_multi_tf.py:199: UserWarning: This figure includes Axes that are not compatible with tight_layout, so results might be incorrect.
  fig.tight_layout()
/Users/zhangzc/fable-trading/scripts/scan_recent_multi_tf.py:199: UserWarning: This figure includes Axes that are not compatible with tight_layout, so results might be incorrect.
  fig.tight_layout()
/Users/zhangzc/fable-trading/scripts/scan_recent_multi_tf.py:199: UserWarning: This figure includes Axes that are not compatible with tight_layout, so results might be incorrect.
  fig.tight_layout()
/Users/zhangzc/fable-trading/scripts/scan_recent_multi_tf.py:199: UserWarning: This figure includes Axes that are not compatible with tight_layout, so results might be incorrect.
  fig.tight_layout()
/Users/zhangzc/fable-trading/scripts/scan_recent_multi_tf.py:199: UserWarning: This figure includes Axes that are not compatible with tight_layout, so results might be incorrect.
  fig.tight_layout()
/Users/zhangzc/fable-trading/scripts/scan_recent_multi_tf.py:199: UserWarning: This figure includes Axes that are not compatible with tight_layout, so results might be incorrect.
  fig.tight_layout()
/Users/zhangzc/fable-trading/scripts/scan_recent_multi_tf.py:199: UserWarning: This figure includes Axes that are not compatible with tight_layout, so results might be incorrect.
  fig.tight_layout()
[23/30] RAM_USDT_SWAP         15m 榜单  3日  -16.6%  扫 288  开火 4
/Users/zhangzc/fable-trading/scripts/scan_recent_multi_tf.py:199: UserWarning: This figure includes Axes that are not compatible with tight_layout, so results might be incorrect.
  fig.tight_layout()
/Users/zhangzc/fable-trading/scripts/scan_recent_multi_tf.py:199: UserWarning: This figure includes Axes that are not compatible with tight_layout, so results might be incorrect.
  fig.tight_layout()
/Users/zhangzc/fable-trading/scripts/scan_recent_multi_tf.py:199: UserWarning: This figure includes Axes that are not compatible with tight_layout, so results might be incorrect.
  fig.tight_layout()
/Users/zhangzc/fable-trading/scripts/scan_recent_multi_tf.py:199: UserWarning: This figure includes Axes that are not compatible with tight_layout, so results might be incorrect.
  fig.tight_layout()
[24/30] ORDER_USDT_SWAP       15m 榜单  3日  -15.9%  扫 288  开火 2
/Users/zhangzc/fable-trading/scripts/scan_recent_multi_tf.py:199: UserWarning: This figure includes Axes that are not compatible with tight_layout, so results might be incorrect.
  fig.tight_layout()
/Users/zhangzc/fable-trading/scripts/scan_recent_multi_tf.py:199: UserWarning: This figure includes Axes that are not compatible with tight_layout, so results might be incorrect.
  fig.tight_layout()
[25/30] OPN_USDT_SWAP         15m 榜单  3日  -15.8%  扫 288  开火 5
/Users/zhangzc/fable-trading/scripts/scan_recent_multi_tf.py:199: UserWarning: This figure includes Axes that are not compatible with tight_layout, so results might be incorrect.
  fig.tight_layout()
/Users/zhangzc/fable-trading/scripts/scan_recent_multi_tf.py:199: UserWarning: This figure includes Axes that are not compatible with tight_layout, so results might be incorrect.
  fig.tight_layout()
/Users/zhangzc/fable-trading/scripts/scan_recent_multi_tf.py:199: UserWarning: This figure includes Axes that are not compatible with tight_layout, so results might be incorrect.
  fig.tight_layout()
/Users/zhangzc/fable-trading/scripts/scan_recent_multi_tf.py:199: UserWarning: This figure includes Axes that are not compatible with tight_layout, so results might be incorrect.
  fig.tight_layout()
/Users/zhangzc/fable-trading/scripts/scan_recent_multi_tf.py:199: UserWarning: This figure includes Axes that are not compatible with tight_layout, so results might be incorrect.
  fig.tight_layout()
[26/30] BARD_USDT_SWAP        15m 榜单  3日  -15.5%  扫 288  开火 4
/Users/zhangzc/fable-trading/scripts/scan_recent_multi_tf.py:199: UserWarning: This figure includes Axes that are not compatible with tight_layout, so results might be incorrect.
  fig.tight_layout()
/Users/zhangzc/fable-trading/scripts/scan_recent_multi_tf.py:199: UserWarning: This figure includes Axes that are not compatible with tight_layout, so results might be incorrect.
  fig.tight_layout()
/Users/zhangzc/fable-trading/scripts/scan_recent_multi_tf.py:199: UserWarning: This figure includes Axes that are not compatible with tight_layout, so results might be incorrect.
  fig.tight_layout()
/Users/zhangzc/fable-trading/scripts/scan_recent_multi_tf.py:199: UserWarning: This figure includes Axes that are not compatible with tight_layout, so results might be incorrect.
  fig.tight_layout()
[27/30] ZHIPU_USDT_SWAP       15m 榜单  3日  -15.2%  扫 288  开火 6
/Users/zhangzc/fable-trading/scripts/scan_recent_multi_tf.py:199: UserWarning: This figure includes Axes that are not compatible with tight_layout, so results might be incorrect.
  fig.tight_layout()
/Users/zhangzc/fable-trading/scripts/scan_recent_multi_tf.py:199: UserWarning: This figure includes Axes that are not compatible with tight_layout, so results might be incorrect.
  fig.tight_layout()
/Users/zhangzc/fable-trading/scripts/scan_recent_multi_tf.py:199: UserWarning: This figure includes Axes that are not compatible with tight_layout, so results might be incorrect.
  fig.tight_layout()
/Users/zhangzc/fable-trading/scripts/scan_recent_multi_tf.py:199: UserWarning: This figure includes Axes that are not compatible with tight_layout, so results might be incorrect.
  fig.tight_layout()
/Users/zhangzc/fable-trading/scripts/scan_recent_multi_tf.py:199: UserWarning: This figure includes Axes that are not compatible with tight_layout, so results might be incorrect.
  fig.tight_layout()
/Users/zhangzc/fable-trading/scripts/scan_recent_multi_tf.py:199: UserWarning: This figure includes Axes that are not compatible with tight_layout, so results might be incorrect.
  fig.tight_layout()
[28/30] BILL_USDT_SWAP        15m 榜单  3日  -15.0%  扫 288  开火 7
/Users/zhangzc/fable-trading/scripts/scan_recent_multi_tf.py:199: UserWarning: This figure includes Axes that are not compatible with tight_layout, so results might be incorrect.
  fig.tight_layout()
/Users/zhangzc/fable-trading/scripts/scan_recent_multi_tf.py:199: UserWarning: This figure includes Axes that are not compatible with tight_layout, so results might be incorrect.
  fig.tight_layout()
/Users/zhangzc/fable-trading/scripts/scan_recent_multi_tf.py:199: UserWarning: This figure includes Axes that are not compatible with tight_layout, so results might be incorrect.
  fig.tight_layout()
/Users/zhangzc/fable-trading/scripts/scan_recent_multi_tf.py:199: UserWarning: This figure includes Axes that are not compatible with tight_layout, so results might be incorrect.
  fig.tight_layout()
/Users/zhangzc/fable-trading/scripts/scan_recent_multi_tf.py:199: UserWarning: This figure includes Axes that are not compatible with tight_layout, so results might be incorrect.
  fig.tight_layout()
/Users/zhangzc/fable-trading/scripts/scan_recent_multi_tf.py:199: UserWarning: This figure includes Axes that are not compatible with tight_layout, so results might be incorrect.
  fig.tight_layout()
/Users/zhangzc/fable-trading/scripts/scan_recent_multi_tf.py:199: UserWarning: This figure includes Axes that are not compatible with tight_layout, so results might be incorrect.
  fig.tight_layout()
[29/30] MUU_USDT_SWAP         15m 榜单  3日  -14.5%  扫 288  开火 2
/Users/zhangzc/fable-trading/scripts/scan_recent_multi_tf.py:199: UserWarning: This figure includes Axes that are not compatible with tight_layout, so results might be incorrect.
  fig.tight_layout()
/Users/zhangzc/fable-trading/scripts/scan_recent_multi_tf.py:199: UserWarning: This figure includes Axes that are not compatible with tight_layout, so results might be incorrect.
  fig.tight_layout()
[30/30] MMT_USDT_SWAP         15m 榜单  3日  +14.1%  扫 288  开火 7
/Users/zhangzc/fable-trading/scripts/scan_recent_multi_tf.py:199: UserWarning: This figure includes Axes that are not compatible with tight_layout, so results might be incorrect.
  fig.tight_layout()
/Users/zhangzc/fable-trading/scripts/scan_recent_multi_tf.py:199: UserWarning: This figure includes Axes that are not compatible with tight_layout, so results might be incorrect.
  fig.tight_layout()
/Users/zhangzc/fable-trading/scripts/scan_recent_multi_tf.py:199: UserWarning: This figure includes Axes that are not compatible with tight_layout, so results might be incorrect.
  fig.tight_layout()
/Users/zhangzc/fable-trading/scripts/scan_recent_multi_tf.py:199: UserWarning: This figure includes Axes that are not compatible with tight_layout, so results might be incorrect.
  fig.tight_layout()
/Users/zhangzc/fable-trading/scripts/scan_recent_multi_tf.py:199: UserWarning: This figure includes Axes that are not compatible with tight_layout, so results might be incorrect.
  fig.tight_layout()
/Users/zhangzc/fable-trading/scripts/scan_recent_multi_tf.py:199: UserWarning: This figure includes Axes that are not compatible with tight_layout, so results might be incorrect.
  fig.tight_layout()
/Users/zhangzc/fable-trading/scripts/scan_recent_multi_tf.py:199: UserWarning: This figure includes Axes that are not compatible with tight_layout, so results might be incorrect.
  fig.tight_layout()

===== 5m  [分布外] =====
[1/30] BTC_USDT_SWAP          5m 主流  3日   -0.7%  扫 864  开火 7
/Users/zhangzc/fable-trading/scripts/scan_recent_multi_tf.py:199: UserWarning: This figure includes Axes that are not compatible with tight_layout, so results might be incorrect.
  fig.tight_layout()
/Users/zhangzc/fable-trading/scripts/scan_recent_multi_tf.py:199: UserWarning: This figure includes Axes that are not compatible with tight_layout, so results might be incorrect.
  fig.tight_layout()
/Users/zhangzc/fable-trading/scripts/scan_recent_multi_tf.py:199: UserWarning: This figure includes Axes that are not compatible with tight_layout, so results might be incorrect.
  fig.tight_layout()
/Users/zhangzc/fable-trading/scripts/scan_recent_multi_tf.py:199: UserWarning: This figure includes Axes that are not compatible with tight_layout, so results might be incorrect.
  fig.tight_layout()
/Users/zhangzc/fable-trading/scripts/scan_recent_multi_tf.py:199: UserWarning: This figure includes Axes that are not compatible with tight_layout, so results might be incorrect.
  fig.tight_layout()
/Users/zhangzc/fable-trading/scripts/scan_recent_multi_tf.py:199: UserWarning: This figure includes Axes that are not compatible with tight_layout, so results might be incorrect.
  fig.tight_layout()
/Users/zhangzc/fable-trading/scripts/scan_recent_multi_tf.py:199: UserWarning: This figure includes Axes that are not compatible with tight_layout, so results might be incorrect.
  fig.tight_layout()
[2/30] ETH_USDT_SWAP          5m 主流  3日   +1.0%  扫 864  开火 7
/Users/zhangzc/fable-trading/scripts/scan_recent_multi_tf.py:199: UserWarning: This figure includes Axes that are not compatible with tight_layout, so results might be incorrect.
  fig.tight_layout()
/Users/zhangzc/fable-trading/scripts/scan_recent_multi_tf.py:199: UserWarning: This figure includes Axes that are not compatible with tight_layout, so results might be incorrect.
  fig.tight_layout()
/Users/zhangzc/fable-trading/scripts/scan_recent_multi_tf.py:199: UserWarning: This figure includes Axes that are not compatible with tight_layout, so results might be incorrect.
  fig.tight_layout()
/Users/zhangzc/fable-trading/scripts/scan_recent_multi_tf.py:199: UserWarning: This figure includes Axes that are not compatible with tight_layout, so results might be incorrect.
  fig.tight_layout()
/Users/zhangzc/fable-trading/scripts/scan_recent_multi_tf.py:199: UserWarning: This figure includes Axes that are not compatible with tight_layout, so results might be incorrect.
  fig.tight_layout()
/Users/zhangzc/fable-trading/scripts/scan_recent_multi_tf.py:199: UserWarning: This figure includes Axes that are not compatible with tight_layout, so results might be incorrect.
  fig.tight_layout()
/Users/zhangzc/fable-trading/scripts/scan_recent_multi_tf.py:199: UserWarning: This figure includes Axes that are not compatible with tight_layout, so results might be incorrect.
  fig.tight_layout()
[3/30] SOL_USDT_SWAP          5m 主流  3日   -0.9%  扫 864  开火 9
/Users/zhangzc/fable-trading/scripts/scan_recent_multi_tf.py:199: UserWarning: This figure includes Axes that are not compatible with tight_layout, so results might be incorrect.
  fig.tight_layout()
/Users/zhangzc/fable-trading/scripts/scan_recent_multi_tf.py:199: UserWarning: This figure includes Axes that are not compatible with tight_layout, so results might be incorrect.
  fig.tight_layout()
/Users/zhangzc/fable-trading/scripts/scan_recent_multi_tf.py:199: UserWarning: This figure includes Axes that are not compatible with tight_layout, so results might be incorrect.
  fig.tight_layout()
/Users/zhangzc/fable-trading/scripts/scan_recent_multi_tf.py:199: UserWarning: This figure includes Axes that are not compatible with tight_layout, so results might be incorrect.
  fig.tight_layout()
/Users/zhangzc/fable-trading/scripts/scan_recent_multi_tf.py:199: UserWarning: This figure includes Axes that are not compatible with tight_layout, so results might be incorrect.
  fig.tight_layout()
/Users/zhangzc/fable-trading/scripts/scan_recent_multi_tf.py:199: UserWarning: This figure includes Axes that are not compatible with tight_layout, so results might be incorrect.
  fig.tight_layout()
/Users/zhangzc/fable-trading/scripts/scan_recent_multi_tf.py:199: UserWarning: This figure includes Axes that are not compatible with tight_layout, so results might be incorrect.
  fig.tight_layout()
/Users/zhangzc/fable-trading/scripts/scan_recent_multi_tf.py:199: UserWarning: This figure includes Axes that are not compatible with tight_layout, so results might be incorrect.
  fig.tight_layout()
/Users/zhangzc/fable-trading/scripts/scan_recent_multi_tf.py:199: UserWarning: This figure includes Axes that are not compatible with tight_layout, so results might be incorrect.
  fig.tight_layout()
[4/30] BNB_USDT_SWAP          5m 主流  3日   +0.3%  扫 864  开火 11
/Users/zhangzc/fable-trading/scripts/scan_recent_multi_tf.py:199: UserWarning: This figure includes Axes that are not compatible with tight_layout, so results might be incorrect.
  fig.tight_layout()
/Users/zhangzc/fable-trading/scripts/scan_recent_multi_tf.py:199: UserWarning: This figure includes Axes that are not compatible with tight_layout, so results might be incorrect.
  fig.tight_layout()
/Users/zhangzc/fable-trading/scripts/scan_recent_multi_tf.py:199: UserWarning: This figure includes Axes that are not compatible with tight_layout, so results might be incorrect.
  fig.tight_layout()
/Users/zhangzc/fable-trading/scripts/scan_recent_multi_tf.py:199: UserWarning: This figure includes Axes that are not compatible with tight_layout, so results might be incorrect.
  fig.tight_layout()
/Users/zhangzc/fable-trading/scripts/scan_recent_multi_tf.py:199: UserWarning: This figure includes Axes that are not compatible with tight_layout, so results might be incorrect.
  fig.tight_layout()
/Users/zhangzc/fable-trading/scripts/scan_recent_multi_tf.py:199: UserWarning: This figure includes Axes that are not compatible with tight_layout, so results might be incorrect.
  fig.tight_layout()
/Users/zhangzc/fable-trading/scripts/scan_recent_multi_tf.py:199: UserWarning: This figure includes Axes that are not compatible with tight_layout, so results might be incorrect.
  fig.tight_layout()
/Users/zhangzc/fable-trading/scripts/scan_recent_multi_tf.py:199: UserWarning: This figure includes Axes that are not compatible with tight_layout, so results might be incorrect.
  fig.tight_layout()
/Users/zhangzc/fable-trading/scripts/scan_recent_multi_tf.py:199: UserWarning: This figure includes Axes that are not compatible with tight_layout, so results might be incorrect.
  fig.tight_layout()
/Users/zhangzc/fable-trading/scripts/scan_recent_multi_tf.py:199: UserWarning: This figure includes Axes that are not compatible with tight_layout, so results might be incorrect.
  fig.tight_layout()
/Users/zhangzc/fable-trading/scripts/scan_recent_multi_tf.py:199: UserWarning: This figure includes Axes that are not compatible with tight_layout, so results might be incorrect.
  fig.tight_layout()
[5/30] XRP_USDT_SWAP          5m 主流  3日   -3.2%  扫 864  开火 13
/Users/zhangzc/fable-trading/scripts/scan_recent_multi_tf.py:199: UserWarning: This figure includes Axes that are not compatible with tight_layout, so results might be incorrect.
  fig.tight_layout()
/Users/zhangzc/fable-trading/scripts/scan_recent_multi_tf.py:199: UserWarning: This figure includes Axes that are not compatible with tight_layout, so results might be incorrect.
  fig.tight_layout()
/Users/zhangzc/fable-trading/scripts/scan_recent_multi_tf.py:199: UserWarning: This figure includes Axes that are not compatible with tight_layout, so results might be incorrect.
  fig.tight_layout()
/Users/zhangzc/fable-trading/scripts/scan_recent_multi_tf.py:199: UserWarning: This figure includes Axes that are not compatible with tight_layout, so results might be incorrect.
  fig.tight_layout()
/Users/zhangzc/fable-trading/scripts/scan_recent_multi_tf.py:199: UserWarning: This figure includes Axes that are not compatible with tight_layout, so results might be incorrect.
  fig.tight_layout()
/Users/zhangzc/fable-trading/scripts/scan_recent_multi_tf.py:199: UserWarning: This figure includes Axes that are not compatible with tight_layout, so results might be incorrect.
  fig.tight_layout()
/Users/zhangzc/fable-trading/scripts/scan_recent_multi_tf.py:199: UserWarning: This figure includes Axes that are not compatible with tight_layout, so results might be incorrect.
  fig.tight_layout()
/Users/zhangzc/fable-trading/scripts/scan_recent_multi_tf.py:199: UserWarning: This figure includes Axes that are not compatible with tight_layout, so results might be incorrect.
  fig.tight_layout()
/Users/zhangzc/fable-trading/scripts/scan_recent_multi_tf.py:199: UserWarning: This figure includes Axes that are not compatible with tight_layout, so results might be incorrect.
  fig.tight_layout()
/Users/zhangzc/fable-trading/scripts/scan_recent_multi_tf.py:199: UserWarning: This figure includes Axes that are not compatible with tight_layout, so results might be incorrect.
  fig.tight_layout()
/Users/zhangzc/fable-trading/scripts/scan_recent_multi_tf.py:199: UserWarning: This figure includes Axes that are not compatible with tight_layout, so results might be incorrect.
  fig.tight_layout()
/Users/zhangzc/fable-trading/scripts/scan_recent_multi_tf.py:199: UserWarning: This figure includes Axes that are not compatible with tight_layout, so results might be incorrect.
  fig.tight_layout()
/Users/zhangzc/fable-trading/scripts/scan_recent_multi_tf.py:199: UserWarning: This figure includes Axes that are not compatible with tight_layout, so results might be incorrect.
  fig.tight_layout()
[6/30] DOGE_USDT_SWAP         5m 主流  3日   +0.9%  扫 864  开火 21
/Users/zhangzc/fable-trading/scripts/scan_recent_multi_tf.py:199: UserWarning: This figure includes Axes that are not compatible with tight_layout, so results might be incorrect.
  fig.tight_layout()
/Users/zhangzc/fable-trading/scripts/scan_recent_multi_tf.py:199: UserWarning: This figure includes Axes that are not compatible with tight_layout, so results might be incorrect.
  fig.tight_layout()
/Users/zhangzc/fable-trading/scripts/scan_recent_multi_tf.py:199: UserWarning: This figure includes Axes that are not compatible with tight_layout, so results might be incorrect.
  fig.tight_layout()
/Users/zhangzc/fable-trading/scripts/scan_recent_multi_tf.py:199: UserWarning: This figure includes Axes that are not compatible with tight_layout, so results might be incorrect.
  fig.tight_layout()
/Users/zhangzc/fable-trading/scripts/scan_recent_multi_tf.py:199: UserWarning: This figure includes Axes that are not compatible with tight_layout, so results might be incorrect.
  fig.tight_layout()
/Users/zhangzc/fable-trading/scripts/scan_recent_multi_tf.py:199: UserWarning: This figure includes Axes that are not compatible with tight_layout, so results might be incorrect.
  fig.tight_layout()
/Users/zhangzc/fable-trading/scripts/scan_recent_multi_tf.py:199: UserWarning: This figure includes Axes that are not compatible with tight_layout, so results might be incorrect.
  fig.tight_layout()
/Users/zhangzc/fable-trading/scripts/scan_recent_multi_tf.py:199: UserWarning: This figure includes Axes that are not compatible with tight_layout, so results might be incorrect.
  fig.tight_layout()
/Users/zhangzc/fable-trading/scripts/scan_recent_multi_tf.py:199: UserWarning: This figure includes Axes that are not compatible with tight_layout, so results might be incorrect.
  fig.tight_layout()
/Users/zhangzc/fable-trading/scripts/scan_recent_multi_tf.py:199: UserWarning: This figure includes Axes that are not compatible with tight_layout, so results might be incorrect.
  fig.tight_layout()
/Users/zhangzc/fable-trading/scripts/scan_recent_multi_tf.py:199: UserWarning: This figure includes Axes that are not compatible with tight_layout, so results might be incorrect.
  fig.tight_layout()
/Users/zhangzc/fable-trading/scripts/scan_recent_multi_tf.py:199: UserWarning: This figure includes Axes that are not compatible with tight_layout, so results might be incorrect.
  fig.tight_layout()
/Users/zhangzc/fable-trading/scripts/scan_recent_multi_tf.py:199: UserWarning: This figure includes Axes that are not compatible with tight_layout, so results might be incorrect.
  fig.tight_layout()
/Users/zhangzc/fable-trading/scripts/scan_recent_multi_tf.py:199: UserWarning: This figure includes Axes that are not compatible with tight_layout, so results might be incorrect.
  fig.tight_layout()
/Users/zhangzc/fable-trading/scripts/scan_recent_multi_tf.py:199: UserWarning: This figure includes Axes that are not compatible with tight_layout, so results might be incorrect.
  fig.tight_layout()
/Users/zhangzc/fable-trading/scripts/scan_recent_multi_tf.py:199: UserWarning: This figure includes Axes that are not compatible with tight_layout, so results might be incorrect.
  fig.tight_layout()
/Users/zhangzc/fable-trading/scripts/scan_recent_multi_tf.py:199: UserWarning: This figure includes Axes that are not compatible with tight_layout, so results might be incorrect.
  fig.tight_layout()
/Users/zhangzc/fable-trading/scripts/scan_recent_multi_tf.py:199: UserWarning: This figure includes Axes that are not compatible with tight_layout, so results might be incorrect.
  fig.tight_layout()
/Users/zhangzc/fable-trading/scripts/scan_recent_multi_tf.py:199: UserWarning: This figure includes Axes that are not compatible with tight_layout, so results might be incorrect.
  fig.tight_layout()
/Users/zhangzc/fable-trading/scripts/scan_recent_multi_tf.py:199: UserWarning: This figure includes Axes that are not compatible with tight_layout, so results might be incorrect.
  fig.tight_layout()
[7/30] ADA_USDT_SWAP          5m 主流  3日   -3.1%  扫 864  开火 14
/Users/zhangzc/fable-trading/scripts/scan_recent_multi_tf.py:199: UserWarning: This figure includes Axes that are not compatible with tight_layout, so results might be incorrect.
  fig.tight_layout()
/Users/zhangzc/fable-trading/scripts/scan_recent_multi_tf.py:199: UserWarning: This figure includes Axes that are not compatible with tight_layout, so results might be incorrect.
  fig.tight_layout()
/Users/zhangzc/fable-trading/scripts/scan_recent_multi_tf.py:199: UserWarning: This figure includes Axes that are not compatible with tight_layout, so results might be incorrect.
  fig.tight_layout()
/Users/zhangzc/fable-trading/scripts/scan_recent_multi_tf.py:199: UserWarning: This figure includes Axes that are not compatible with tight_layout, so results might be incorrect.
  fig.tight_layout()
/Users/zhangzc/fable-trading/scripts/scan_recent_multi_tf.py:199: UserWarning: This figure includes Axes that are not compatible with tight_layout, so results might be incorrect.
  fig.tight_layout()
/Users/zhangzc/fable-trading/scripts/scan_recent_multi_tf.py:199: UserWarning: This figure includes Axes that are not compatible with tight_layout, so results might be incorrect.
  fig.tight_layout()
/Users/zhangzc/fable-trading/scripts/scan_recent_multi_tf.py:199: UserWarning: This figure includes Axes that are not compatible with tight_layout, so results might be incorrect.
  fig.tight_layout()
/Users/zhangzc/fable-trading/scripts/scan_recent_multi_tf.py:199: UserWarning: This figure includes Axes that are not compatible with tight_layout, so results might be incorrect.
  fig.tight_layout()
/Users/zhangzc/fable-trading/scripts/scan_recent_multi_tf.py:199: UserWarning: This figure includes Axes that are not compatible with tight_layout, so results might be incorrect.
  fig.tight_layout()
/Users/zhangzc/fable-trading/scripts/scan_recent_multi_tf.py:199: UserWarning: This figure includes Axes that are not compatible with tight_layout, so results might be incorrect.
  fig.tight_layout()
/Users/zhangzc/fable-trading/scripts/scan_recent_multi_tf.py:199: UserWarning: This figure includes Axes that are not compatible with tight_layout, so results might be incorrect.
  fig.tight_layout()
/Users/zhangzc/fable-trading/scripts/scan_recent_multi_tf.py:199: UserWarning: This figure includes Axes that are not compatible with tight_layout, so results might be incorrect.
  fig.tight_layout()
/Users/zhangzc/fable-trading/scripts/scan_recent_multi_tf.py:199: UserWarning: This figure includes Axes that are not compatible with tight_layout, so results might be incorrect.
  fig.tight_layout()
/Users/zhangzc/fable-trading/scripts/scan_recent_multi_tf.py:199: UserWarning: This figure includes Axes that are not compatible with tight_layout, so results might be incorrect.
  fig.tight_layout()
[8/30] AVAX_USDT_SWAP         5m 主流  3日   +2.9%  扫 864  开火 13
/Users/zhangzc/fable-trading/scripts/scan_recent_multi_tf.py:199: UserWarning: This figure includes Axes that are not compatible with tight_layout, so results might be incorrect.
  fig.tight_layout()
/Users/zhangzc/fable-trading/scripts/scan_recent_multi_tf.py:199: UserWarning: This figure includes Axes that are not compatible with tight_layout, so results might be incorrect.
  fig.tight_layout()
/Users/zhangzc/fable-trading/scripts/scan_recent_multi_tf.py:199: UserWarning: This figure includes Axes that are not compatible with tight_layout, so results might be incorrect.
  fig.tight_layout()
/Users/zhangzc/fable-trading/scripts/scan_recent_multi_tf.py:199: UserWarning: This figure includes Axes that are not compatible with tight_layout, so results might be incorrect.
  fig.tight_layout()
/Users/zhangzc/fable-trading/scripts/scan_recent_multi_tf.py:199: UserWarning: This figure includes Axes that are not compatible with tight_layout, so results might be incorrect.
  fig.tight_layout()
/Users/zhangzc/fable-trading/scripts/scan_recent_multi_tf.py:199: UserWarning: This figure includes Axes that are not compatible with tight_layout, so results might be incorrect.
  fig.tight_layout()
/Users/zhangzc/fable-trading/scripts/scan_recent_multi_tf.py:199: UserWarning: This figure includes Axes that are not compatible with tight_layout, so results might be incorrect.
  fig.tight_layout()
/Users/zhangzc/fable-trading/scripts/scan_recent_multi_tf.py:199: UserWarning: This figure includes Axes that are not compatible with tight_layout, so results might be incorrect.
  fig.tight_layout()
/Users/zhangzc/fable-trading/scripts/scan_recent_multi_tf.py:199: UserWarning: This figure includes Axes that are not compatible with tight_layout, so results might be incorrect.
  fig.tight_layout()
/Users/zhangzc/fable-trading/scripts/scan_recent_multi_tf.py:199: UserWarning: This figure includes Axes that are not compatible with tight_layout, so results might be incorrect.
  fig.tight_layout()
/Users/zhangzc/fable-trading/scripts/scan_recent_multi_tf.py:199: UserWarning: This figure includes Axes that are not compatible with tight_layout, so results might be incorrect.
  fig.tight_layout()
/Users/zhangzc/fable-trading/scripts/scan_recent_multi_tf.py:199: UserWarning: This figure includes Axes that are not compatible with tight_layout, so results might be incorrect.
  fig.tight_layout()
/Users/zhangzc/fable-trading/scripts/scan_recent_multi_tf.py:199: UserWarning: This figure includes Axes that are not compatible with tight_layout, so results might be incorrect.
  fig.tight_layout()
[9/30] LINK_USDT_SWAP         5m 主流  3日   +0.0%  扫 864  开火 10
/Users/zhangzc/fable-trading/scripts/scan_recent_multi_tf.py:199: UserWarning: This figure includes Axes that are not compatible with tight_layout, so results might be incorrect.
  fig.tight_layout()
/Users/zhangzc/fable-trading/scripts/scan_recent_multi_tf.py:199: UserWarning: This figure includes Axes that are not compatible with tight_layout, so results might be incorrect.
  fig.tight_layout()
/Users/zhangzc/fable-trading/scripts/scan_recent_multi_tf.py:199: UserWarning: This figure includes Axes that are not compatible with tight_layout, so results might be incorrect.
  fig.tight_layout()
/Users/zhangzc/fable-trading/scripts/scan_recent_multi_tf.py:199: UserWarning: This figure includes Axes that are not compatible with tight_layout, so results might be incorrect.
  fig.tight_layout()
/Users/zhangzc/fable-trading/scripts/scan_recent_multi_tf.py:199: UserWarning: This figure includes Axes that are not compatible with tight_layout, so results might be incorrect.
  fig.tight_layout()
/Users/zhangzc/fable-trading/scripts/scan_recent_multi_tf.py:199: UserWarning: This figure includes Axes that are not compatible with tight_layout, so results might be incorrect.
  fig.tight_layout()
/Users/zhangzc/fable-trading/scripts/scan_recent_multi_tf.py:199: UserWarning: This figure includes Axes that are not compatible with tight_layout, so results might be incorrect.
  fig.tight_layout()
/Users/zhangzc/fable-trading/scripts/scan_recent_multi_tf.py:199: UserWarning: This figure includes Axes that are not compatible with tight_layout, so results might be incorrect.
  fig.tight_layout()
/Users/zhangzc/fable-trading/scripts/scan_recent_multi_tf.py:199: UserWarning: This figure includes Axes that are not compatible with tight_layout, so results might be incorrect.
  fig.tight_layout()
/Users/zhangzc/fable-trading/scripts/scan_recent_multi_tf.py:199: UserWarning: This figure includes Axes that are not compatible with tight_layout, so results might be incorrect.
  fig.tight_layout()
[10/30] LTC_USDT_SWAP          5m 主流  3日   +1.2%  扫 864  开火 8
/Users/zhangzc/fable-trading/scripts/scan_recent_multi_tf.py:199: UserWarning: This figure includes Axes that are not compatible with tight_layout, so results might be incorrect.
  fig.tight_layout()
/Users/zhangzc/fable-trading/scripts/scan_recent_multi_tf.py:199: UserWarning: This figure includes Axes that are not compatible with tight_layout, so results might be incorrect.
  fig.tight_layout()
/Users/zhangzc/fable-trading/scripts/scan_recent_multi_tf.py:199: UserWarning: This figure includes Axes that are not compatible with tight_layout, so results might be incorrect.
  fig.tight_layout()
/Users/zhangzc/fable-trading/scripts/scan_recent_multi_tf.py:199: UserWarning: This figure includes Axes that are not compatible with tight_layout, so results might be incorrect.
  fig.tight_layout()
/Users/zhangzc/fable-trading/scripts/scan_recent_multi_tf.py:199: UserWarning: This figure includes Axes that are not compatible with tight_layout, so results might be incorrect.
  fig.tight_layout()
/Users/zhangzc/fable-trading/scripts/scan_recent_multi_tf.py:199: UserWarning: This figure includes Axes that are not compatible with tight_layout, so results might be incorrect.
  fig.tight_layout()
/Users/zhangzc/fable-trading/scripts/scan_recent_multi_tf.py:199: UserWarning: This figure includes Axes that are not compatible with tight_layout, so results might be incorrect.
  fig.tight_layout()
/Users/zhangzc/fable-trading/scripts/scan_recent_multi_tf.py:199: UserWarning: This figure includes Axes that are not compatible with tight_layout, so results might be incorrect.
  fig.tight_layout()
[11/30] SOON_USDT_SWAP         5m 榜单  3日  +42.2%  扫 864  开火 14
/Users/zhangzc/fable-trading/scripts/scan_recent_multi_tf.py:199: UserWarning: This figure includes Axes that are not compatible with tight_layout, so results might be incorrect.
  fig.tight_layout()
/Users/zhangzc/fable-trading/scripts/scan_recent_multi_tf.py:199: UserWarning: This figure includes Axes that are not compatible with tight_layout, so results might be incorrect.
  fig.tight_layout()
/Users/zhangzc/fable-trading/scripts/scan_recent_multi_tf.py:199: UserWarning: This figure includes Axes that are not compatible with tight_layout, so results might be incorrect.
  fig.tight_layout()
/Users/zhangzc/fable-trading/scripts/scan_recent_multi_tf.py:199: UserWarning: This figure includes Axes that are not compatible with tight_layout, so results might be incorrect.
  fig.tight_layout()
/Users/zhangzc/fable-trading/scripts/scan_recent_multi_tf.py:199: UserWarning: This figure includes Axes that are not compatible with tight_layout, so results might be incorrect.
  fig.tight_layout()
/Users/zhangzc/fable-trading/scripts/scan_recent_multi_tf.py:199: UserWarning: This figure includes Axes that are not compatible with tight_layout, so results might be incorrect.
  fig.tight_layout()
/Users/zhangzc/fable-trading/scripts/scan_recent_multi_tf.py:199: UserWarning: This figure includes Axes that are not compatible with tight_layout, so results might be incorrect.
  fig.tight_layout()
/Users/zhangzc/fable-trading/scripts/scan_recent_multi_tf.py:199: UserWarning: This figure includes Axes that are not compatible with tight_layout, so results might be incorrect.
  fig.tight_layout()
/Users/zhangzc/fable-trading/scripts/scan_recent_multi_tf.py:199: UserWarning: This figure includes Axes that are not compatible with tight_layout, so results might be incorrect.
  fig.tight_layout()
/Users/zhangzc/fable-trading/scripts/scan_recent_multi_tf.py:199: UserWarning: This figure includes Axes that are not compatible with tight_layout, so results might be incorrect.
  fig.tight_layout()
/Users/zhangzc/fable-trading/scripts/scan_recent_multi_tf.py:199: UserWarning: This figure includes Axes that are not compatible with tight_layout, so results might be incorrect.
  fig.tight_layout()
/Users/zhangzc/fable-trading/scripts/scan_recent_multi_tf.py:199: UserWarning: This figure includes Axes that are not compatible with tight_layout, so results might be incorrect.
  fig.tight_layout()
/Users/zhangzc/fable-trading/scripts/scan_recent_multi_tf.py:199: UserWarning: This figure includes Axes that are not compatible with tight_layout, so results might be incorrect.
  fig.tight_layout()
/Users/zhangzc/fable-trading/scripts/scan_recent_multi_tf.py:199: UserWarning: This figure includes Axes that are not compatible with tight_layout, so results might be incorrect.
  fig.tight_layout()
[12/30] PEOPLE_USDT_SWAP       5m 榜单  3日  +33.4%  扫 864  开火 14
/Users/zhangzc/fable-trading/scripts/scan_recent_multi_tf.py:199: UserWarning: This figure includes Axes that are not compatible with tight_layout, so results might be incorrect.
  fig.tight_layout()
/Users/zhangzc/fable-trading/scripts/scan_recent_multi_tf.py:199: UserWarning: This figure includes Axes that are not compatible with tight_layout, so results might be incorrect.
  fig.tight_layout()
/Users/zhangzc/fable-trading/scripts/scan_recent_multi_tf.py:199: UserWarning: This figure includes Axes that are not compatible with tight_layout, so results might be incorrect.
  fig.tight_layout()
/Users/zhangzc/fable-trading/scripts/scan_recent_multi_tf.py:199: UserWarning: This figure includes Axes that are not compatible with tight_layout, so results might be incorrect.
  fig.tight_layout()
/Users/zhangzc/fable-trading/scripts/scan_recent_multi_tf.py:199: UserWarning: This figure includes Axes that are not compatible with tight_layout, so results might be incorrect.
  fig.tight_layout()
/Users/zhangzc/fable-trading/scripts/scan_recent_multi_tf.py:199: UserWarning: This figure includes Axes that are not compatible with tight_layout, so results might be incorrect.
  fig.tight_layout()
/Users/zhangzc/fable-trading/scripts/scan_recent_multi_tf.py:199: UserWarning: This figure includes Axes that are not compatible with tight_layout, so results might be incorrect.
  fig.tight_layout()
/Users/zhangzc/fable-trading/scripts/scan_recent_multi_tf.py:199: UserWarning: This figure includes Axes that are not compatible with tight_layout, so results might be incorrect.
  fig.tight_layout()
/Users/zhangzc/fable-trading/scripts/scan_recent_multi_tf.py:199: UserWarning: This figure includes Axes that are not compatible with tight_layout, so results might be incorrect.
  fig.tight_layout()
/Users/zhangzc/fable-trading/scripts/scan_recent_multi_tf.py:199: UserWarning: This figure includes Axes that are not compatible with tight_layout, so results might be incorrect.
  fig.tight_layout()
/Users/zhangzc/fable-trading/scripts/scan_recent_multi_tf.py:199: UserWarning: This figure includes Axes that are not compatible with tight_layout, so results might be incorrect.
  fig.tight_layout()
/Users/zhangzc/fable-trading/scripts/scan_recent_multi_tf.py:199: UserWarning: This figure includes Axes that are not compatible with tight_layout, so results might be incorrect.
  fig.tight_layout()
/Users/zhangzc/fable-trading/scripts/scan_recent_multi_tf.py:199: UserWarning: This figure includes Axes that are not compatible with tight_layout, so results might be incorrect.
  fig.tight_layout()
/Users/zhangzc/fable-trading/scripts/scan_recent_multi_tf.py:199: UserWarning: This figure includes Axes that are not compatible with tight_layout, so results might be incorrect.
  fig.tight_layout()
[13/30] BOME_USDT_SWAP         5m 榜单  3日  +30.4%  扫 864  开火 15
/Users/zhangzc/fable-trading/scripts/scan_recent_multi_tf.py:199: UserWarning: This figure includes Axes that are not compatible with tight_layout, so results might be incorrect.
  fig.tight_layout()
/Users/zhangzc/fable-trading/scripts/scan_recent_multi_tf.py:199: UserWarning: This figure includes Axes that are not compatible with tight_layout, so results might be incorrect.
  fig.tight_layout()
/Users/zhangzc/fable-trading/scripts/scan_recent_multi_tf.py:199: UserWarning: This figure includes Axes that are not compatible with tight_layout, so results might be incorrect.
  fig.tight_layout()
/Users/zhangzc/fable-trading/scripts/scan_recent_multi_tf.py:199: UserWarning: This figure includes Axes that are not compatible with tight_layout, so results might be incorrect.
  fig.tight_layout()
/Users/zhangzc/fable-trading/scripts/scan_recent_multi_tf.py:199: UserWarning: This figure includes Axes that are not compatible with tight_layout, so results might be incorrect.
  fig.tight_layout()
/Users/zhangzc/fable-trading/scripts/scan_recent_multi_tf.py:199: UserWarning: This figure includes Axes that are not compatible with tight_layout, so results might be incorrect.
  fig.tight_layout()
/Users/zhangzc/fable-trading/scripts/scan_recent_multi_tf.py:199: UserWarning: This figure includes Axes that are not compatible with tight_layout, so results might be incorrect.
  fig.tight_layout()
/Users/zhangzc/fable-trading/scripts/scan_recent_multi_tf.py:199: UserWarning: This figure includes Axes that are not compatible with tight_layout, so results might be incorrect.
  fig.tight_layout()
/Users/zhangzc/fable-trading/scripts/scan_recent_multi_tf.py:199: UserWarning: This figure includes Axes that are not compatible with tight_layout, so results might be incorrect.
  fig.tight_layout()
/Users/zhangzc/fable-trading/scripts/scan_recent_multi_tf.py:199: UserWarning: This figure includes Axes that are not compatible with tight_layout, so results might be incorrect.
  fig.tight_layout()
/Users/zhangzc/fable-trading/scripts/scan_recent_multi_tf.py:199: UserWarning: This figure includes Axes that are not compatible with tight_layout, so results might be incorrect.
  fig.tight_layout()
/Users/zhangzc/fable-trading/scripts/scan_recent_multi_tf.py:199: UserWarning: This figure includes Axes that are not compatible with tight_layout, so results might be incorrect.
  fig.tight_layout()
/Users/zhangzc/fable-trading/scripts/scan_recent_multi_tf.py:199: UserWarning: This figure includes Axes that are not compatible with tight_layout, so results might be incorrect.
  fig.tight_layout()
/Users/zhangzc/fable-trading/scripts/scan_recent_multi_tf.py:199: UserWarning: This figure includes Axes that are not compatible with tight_layout, so results might be incorrect.
  fig.tight_layout()
/Users/zhangzc/fable-trading/scripts/scan_recent_multi_tf.py:199: UserWarning: This figure includes Axes that are not compatible with tight_layout, so results might be incorrect.
  fig.tight_layout()
[14/30] KORU_USDT_SWAP         5m 榜单  3日  -23.2%  扫 864  开火 13
/Users/zhangzc/fable-trading/scripts/scan_recent_multi_tf.py:199: UserWarning: This figure includes Axes that are not compatible with tight_layout, so results might be incorrect.
  fig.tight_layout()
/Users/zhangzc/fable-trading/scripts/scan_recent_multi_tf.py:199: UserWarning: This figure includes Axes that are not compatible with tight_layout, so results might be incorrect.
  fig.tight_layout()
/Users/zhangzc/fable-trading/scripts/scan_recent_multi_tf.py:199: UserWarning: This figure includes Axes that are not compatible with tight_layout, so results might be incorrect.
  fig.tight_layout()
/Users/zhangzc/fable-trading/scripts/scan_recent_multi_tf.py:199: UserWarning: This figure includes Axes that are not compatible with tight_layout, so results might be incorrect.
  fig.tight_layout()
/Users/zhangzc/fable-trading/scripts/scan_recent_multi_tf.py:199: UserWarning: This figure includes Axes that are not compatible with tight_layout, so results might be incorrect.
  fig.tight_layout()
/Users/zhangzc/fable-trading/scripts/scan_recent_multi_tf.py:199: UserWarning: This figure includes Axes that are not compatible with tight_layout, so results might be incorrect.
  fig.tight_layout()
/Users/zhangzc/fable-trading/scripts/scan_recent_multi_tf.py:199: UserWarning: This figure includes Axes that are not compatible with tight_layout, so results might be incorrect.
  fig.tight_layout()
/Users/zhangzc/fable-trading/scripts/scan_recent_multi_tf.py:199: UserWarning: This figure includes Axes that are not compatible with tight_layout, so results might be incorrect.
  fig.tight_layout()
/Users/zhangzc/fable-trading/scripts/scan_recent_multi_tf.py:199: UserWarning: This figure includes Axes that are not compatible with tight_layout, so results might be incorrect.
  fig.tight_layout()
/Users/zhangzc/fable-trading/scripts/scan_recent_multi_tf.py:199: UserWarning: This figure includes Axes that are not compatible with tight_layout, so results might be incorrect.
  fig.tight_layout()
/Users/zhangzc/fable-trading/scripts/scan_recent_multi_tf.py:199: UserWarning: This figure includes Axes that are not compatible with tight_layout, so results might be incorrect.
  fig.tight_layout()
/Users/zhangzc/fable-trading/scripts/scan_recent_multi_tf.py:199: UserWarning: This figure includes Axes that are not compatible with tight_layout, so results might be incorrect.
  fig.tight_layout()
/Users/zhangzc/fable-trading/scripts/scan_recent_multi_tf.py:199: UserWarning: This figure includes Axes that are not compatible with tight_layout, so results might be incorrect.
  fig.tight_layout()
[15/30] ZAMA_USDT_SWAP         5m 榜单  3日  +22.8%  扫 864  开火 10
/Users/zhangzc/fable-trading/scripts/scan_recent_multi_tf.py:199: UserWarning: This figure includes Axes that are not compatible with tight_layout, so results might be incorrect.
  fig.tight_layout()
/Users/zhangzc/fable-trading/scripts/scan_recent_multi_tf.py:199: UserWarning: This figure includes Axes that are not compatible with tight_layout, so results might be incorrect.
  fig.tight_layout()
/Users/zhangzc/fable-trading/scripts/scan_recent_multi_tf.py:199: UserWarning: This figure includes Axes that are not compatible with tight_layout, so results might be incorrect.
  fig.tight_layout()
/Users/zhangzc/fable-trading/scripts/scan_recent_multi_tf.py:199: UserWarning: This figure includes Axes that are not compatible with tight_layout, so results might be incorrect.
  fig.tight_layout()
/Users/zhangzc/fable-trading/scripts/scan_recent_multi_tf.py:199: UserWarning: This figure includes Axes that are not compatible with tight_layout, so results might be incorrect.
  fig.tight_layout()
/Users/zhangzc/fable-trading/scripts/scan_recent_multi_tf.py:199: UserWarning: This figure includes Axes that are not compatible with tight_layout, so results might be incorrect.
  fig.tight_layout()
/Users/zhangzc/fable-trading/scripts/scan_recent_multi_tf.py:199: UserWarning: This figure includes Axes that are not compatible with tight_layout, so results might be incorrect.
  fig.tight_layout()
/Users/zhangzc/fable-trading/scripts/scan_recent_multi_tf.py:199: UserWarning: This figure includes Axes that are not compatible with tight_layout, so results might be incorrect.
  fig.tight_layout()
/Users/zhangzc/fable-trading/scripts/scan_recent_multi_tf.py:199: UserWarning: This figure includes Axes that are not compatible with tight_layout, so results might be incorrect.
  fig.tight_layout()
/Users/zhangzc/fable-trading/scripts/scan_recent_multi_tf.py:199: UserWarning: This figure includes Axes that are not compatible with tight_layout, so results might be incorrect.
  fig.tight_layout()
[16/30] SLX_USDT_SWAP          5m 榜单  3日  -20.9%  扫 864  开火 10
/Users/zhangzc/fable-trading/scripts/scan_recent_multi_tf.py:199: UserWarning: This figure includes Axes that are not compatible with tight_layout, so results might be incorrect.
  fig.tight_layout()
/Users/zhangzc/fable-trading/scripts/scan_recent_multi_tf.py:199: UserWarning: This figure includes Axes that are not compatible with tight_layout, so results might be incorrect.
  fig.tight_layout()
/Users/zhangzc/fable-trading/scripts/scan_recent_multi_tf.py:199: UserWarning: This figure includes Axes that are not compatible with tight_layout, so results might be incorrect.
  fig.tight_layout()
/Users/zhangzc/fable-trading/scripts/scan_recent_multi_tf.py:199: UserWarning: This figure includes Axes that are not compatible with tight_layout, so results might be incorrect.
  fig.tight_layout()
/Users/zhangzc/fable-trading/scripts/scan_recent_multi_tf.py:199: UserWarning: This figure includes Axes that are not compatible with tight_layout, so results might be incorrect.
  fig.tight_layout()
/Users/zhangzc/fable-trading/scripts/scan_recent_multi_tf.py:199: UserWarning: This figure includes Axes that are not compatible with tight_layout, so results might be incorrect.
  fig.tight_layout()
/Users/zhangzc/fable-trading/scripts/scan_recent_multi_tf.py:199: UserWarning: This figure includes Axes that are not compatible with tight_layout, so results might be incorrect.
  fig.tight_layout()
/Users/zhangzc/fable-trading/scripts/scan_recent_multi_tf.py:199: UserWarning: This figure includes Axes that are not compatible with tight_layout, so results might be incorrect.
  fig.tight_layout()
/Users/zhangzc/fable-trading/scripts/scan_recent_multi_tf.py:199: UserWarning: This figure includes Axes that are not compatible with tight_layout, so results might be incorrect.
  fig.tight_layout()
/Users/zhangzc/fable-trading/scripts/scan_recent_multi_tf.py:199: UserWarning: This figure includes Axes that are not compatible with tight_layout, so results might be incorrect.
  fig.tight_layout()
[17/30] KGEN_USDT_SWAP         5m 榜单  3日  +19.2%  扫 864  开火 17
/Users/zhangzc/fable-trading/scripts/scan_recent_multi_tf.py:199: UserWarning: This figure includes Axes that are not compatible with tight_layout, so results might be incorrect.
  fig.tight_layout()
/Users/zhangzc/fable-trading/scripts/scan_recent_multi_tf.py:199: UserWarning: This figure includes Axes that are not compatible with tight_layout, so results might be incorrect.
  fig.tight_layout()
/Users/zhangzc/fable-trading/scripts/scan_recent_multi_tf.py:199: UserWarning: This figure includes Axes that are not compatible with tight_layout, so results might be incorrect.
  fig.tight_layout()
/Users/zhangzc/fable-trading/scripts/scan_recent_multi_tf.py:199: UserWarning: This figure includes Axes that are not compatible with tight_layout, so results might be incorrect.
  fig.tight_layout()
/Users/zhangzc/fable-trading/scripts/scan_recent_multi_tf.py:199: UserWarning: This figure includes Axes that are not compatible with tight_layout, so results might be incorrect.
  fig.tight_layout()
/Users/zhangzc/fable-trading/scripts/scan_recent_multi_tf.py:199: UserWarning: This figure includes Axes that are not compatible with tight_layout, so results might be incorrect.
  fig.tight_layout()
/Users/zhangzc/fable-trading/scripts/scan_recent_multi_tf.py:199: UserWarning: This figure includes Axes that are not compatible with tight_layout, so results might be incorrect.
  fig.tight_layout()
/Users/zhangzc/fable-trading/scripts/scan_recent_multi_tf.py:199: UserWarning: This figure includes Axes that are not compatible with tight_layout, so results might be incorrect.
  fig.tight_layout()
/Users/zhangzc/fable-trading/scripts/scan_recent_multi_tf.py:199: UserWarning: This figure includes Axes that are not compatible with tight_layout, so results might be incorrect.
  fig.tight_layout()
/Users/zhangzc/fable-trading/scripts/scan_recent_multi_tf.py:199: UserWarning: This figure includes Axes that are not compatible with tight_layout, so results might be incorrect.
  fig.tight_layout()
/Users/zhangzc/fable-trading/scripts/scan_recent_multi_tf.py:199: UserWarning: This figure includes Axes that are not compatible with tight_layout, so results might be incorrect.
  fig.tight_layout()
/Users/zhangzc/fable-trading/scripts/scan_recent_multi_tf.py:199: UserWarning: This figure includes Axes that are not compatible with tight_layout, so results might be incorrect.
  fig.tight_layout()
/Users/zhangzc/fable-trading/scripts/scan_recent_multi_tf.py:199: UserWarning: This figure includes Axes that are not compatible with tight_layout, so results might be incorrect.
  fig.tight_layout()
/Users/zhangzc/fable-trading/scripts/scan_recent_multi_tf.py:199: UserWarning: This figure includes Axes that are not compatible with tight_layout, so results might be incorrect.
  fig.tight_layout()
/Users/zhangzc/fable-trading/scripts/scan_recent_multi_tf.py:199: UserWarning: This figure includes Axes that are not compatible with tight_layout, so results might be incorrect.
  fig.tight_layout()
/Users/zhangzc/fable-trading/scripts/scan_recent_multi_tf.py:199: UserWarning: This figure includes Axes that are not compatible with tight_layout, so results might be incorrect.
  fig.tight_layout()
/Users/zhangzc/fable-trading/scripts/scan_recent_multi_tf.py:199: UserWarning: This figure includes Axes that are not compatible with tight_layout, so results might be incorrect.
  fig.tight_layout()
[18/30] RE_USDT_SWAP           5m 榜单  3日  -18.8%  扫 864  开火 24
/Users/zhangzc/fable-trading/scripts/scan_recent_multi_tf.py:199: UserWarning: This figure includes Axes that are not compatible with tight_layout, so results might be incorrect.
  fig.tight_layout()
/Users/zhangzc/fable-trading/scripts/scan_recent_multi_tf.py:199: UserWarning: This figure includes Axes that are not compatible with tight_layout, so results might be incorrect.
  fig.tight_layout()
/Users/zhangzc/fable-trading/scripts/scan_recent_multi_tf.py:199: UserWarning: This figure includes Axes that are not compatible with tight_layout, so results might be incorrect.
  fig.tight_layout()
/Users/zhangzc/fable-trading/scripts/scan_recent_multi_tf.py:199: UserWarning: This figure includes Axes that are not compatible with tight_layout, so results might be incorrect.
  fig.tight_layout()
/Users/zhangzc/fable-trading/scripts/scan_recent_multi_tf.py:199: UserWarning: This figure includes Axes that are not compatible with tight_layout, so results might be incorrect.
  fig.tight_layout()
/Users/zhangzc/fable-trading/scripts/scan_recent_multi_tf.py:199: UserWarning: This figure includes Axes that are not compatible with tight_layout, so results might be incorrect.
  fig.tight_layout()
/Users/zhangzc/fable-trading/scripts/scan_recent_multi_tf.py:199: UserWarning: This figure includes Axes that are not compatible with tight_layout, so results might be incorrect.
  fig.tight_layout()
/Users/zhangzc/fable-trading/scripts/scan_recent_multi_tf.py:199: UserWarning: This figure includes Axes that are not compatible with tight_layout, so results might be incorrect.
  fig.tight_layout()
/Users/zhangzc/fable-trading/scripts/scan_recent_multi_tf.py:199: UserWarning: This figure includes Axes that are not compatible with tight_layout, so results might be incorrect.
  fig.tight_layout()
/Users/zhangzc/fable-trading/scripts/scan_recent_multi_tf.py:199: UserWarning: This figure includes Axes that are not compatible with tight_layout, so results might be incorrect.
  fig.tight_layout()
/Users/zhangzc/fable-trading/scripts/scan_recent_multi_tf.py:199: UserWarning: This figure includes Axes that are not compatible with tight_layout, so results might be incorrect.
  fig.tight_layout()
/Users/zhangzc/fable-trading/scripts/scan_recent_multi_tf.py:199: UserWarning: This figure includes Axes that are not compatible with tight_layout, so results might be incorrect.
  fig.tight_layout()
/Users/zhangzc/fable-trading/scripts/scan_recent_multi_tf.py:199: UserWarning: This figure includes Axes that are not compatible with tight_layout, so results might be incorrect.
  fig.tight_layout()
/Users/zhangzc/fable-trading/scripts/scan_recent_multi_tf.py:199: UserWarning: This figure includes Axes that are not compatible with tight_layout, so results might be incorrect.
  fig.tight_layout()
/Users/zhangzc/fable-trading/scripts/scan_recent_multi_tf.py:199: UserWarning: This figure includes Axes that are not compatible with tight_layout, so results might be incorrect.
  fig.tight_layout()
/Users/zhangzc/fable-trading/scripts/scan_recent_multi_tf.py:199: UserWarning: This figure includes Axes that are not compatible with tight_layout, so results might be incorrect.
  fig.tight_layout()
/Users/zhangzc/fable-trading/scripts/scan_recent_multi_tf.py:199: UserWarning: This figure includes Axes that are not compatible with tight_layout, so results might be incorrect.
  fig.tight_layout()
/Users/zhangzc/fable-trading/scripts/scan_recent_multi_tf.py:199: UserWarning: This figure includes Axes that are not compatible with tight_layout, so results might be incorrect.
  fig.tight_layout()
/Users/zhangzc/fable-trading/scripts/scan_recent_multi_tf.py:199: UserWarning: This figure includes Axes that are not compatible with tight_layout, so results might be incorrect.
  fig.tight_layout()
/Users/zhangzc/fable-trading/scripts/scan_recent_multi_tf.py:199: UserWarning: This figure includes Axes that are not compatible with tight_layout, so results might be incorrect.
  fig.tight_layout()
/Users/zhangzc/fable-trading/scripts/scan_recent_multi_tf.py:199: UserWarning: This figure includes Axes that are not compatible with tight_layout, so results might be incorrect.
  fig.tight_layout()
/Users/zhangzc/fable-trading/scripts/scan_recent_multi_tf.py:199: UserWarning: This figure includes Axes that are not compatible with tight_layout, so results might be incorrect.
  fig.tight_layout()
/Users/zhangzc/fable-trading/scripts/scan_recent_multi_tf.py:199: UserWarning: This figure includes Axes that are not compatible with tight_layout, so results might be incorrect.
  fig.tight_layout()
/Users/zhangzc/fable-trading/scripts/scan_recent_multi_tf.py:199: UserWarning: This figure includes Axes that are not compatible with tight_layout, so results might be incorrect.
  fig.tight_layout()
[19/30] KIOXIA_USDT_SWAP       5m 榜单  3日  -18.4%  扫 864  开火 16
/Users/zhangzc/fable-trading/scripts/scan_recent_multi_tf.py:199: UserWarning: This figure includes Axes that are not compatible with tight_layout, so results might be incorrect.
  fig.tight_layout()
/Users/zhangzc/fable-trading/scripts/scan_recent_multi_tf.py:199: UserWarning: This figure includes Axes that are not compatible with tight_layout, so results might be incorrect.
  fig.tight_layout()
/Users/zhangzc/fable-trading/scripts/scan_recent_multi_tf.py:199: UserWarning: This figure includes Axes that are not compatible with tight_layout, so results might be incorrect.
  fig.tight_layout()
/Users/zhangzc/fable-trading/scripts/scan_recent_multi_tf.py:199: UserWarning: This figure includes Axes that are not compatible with tight_layout, so results might be incorrect.
  fig.tight_layout()
/Users/zhangzc/fable-trading/scripts/scan_recent_multi_tf.py:199: UserWarning: This figure includes Axes that are not compatible with tight_layout, so results might be incorrect.
  fig.tight_layout()
/Users/zhangzc/fable-trading/scripts/scan_recent_multi_tf.py:199: UserWarning: This figure includes Axes that are not compatible with tight_layout, so results might be incorrect.
  fig.tight_layout()
/Users/zhangzc/fable-trading/scripts/scan_recent_multi_tf.py:199: UserWarning: This figure includes Axes that are not compatible with tight_layout, so results might be incorrect.
  fig.tight_layout()
/Users/zhangzc/fable-trading/scripts/scan_recent_multi_tf.py:199: UserWarning: This figure includes Axes that are not compatible with tight_layout, so results might be incorrect.
  fig.tight_layout()
/Users/zhangzc/fable-trading/scripts/scan_recent_multi_tf.py:199: UserWarning: This figure includes Axes that are not compatible with tight_layout, so results might be incorrect.
  fig.tight_layout()
/Users/zhangzc/fable-trading/scripts/scan_recent_multi_tf.py:199: UserWarning: This figure includes Axes that are not compatible with tight_layout, so results might be incorrect.
  fig.tight_layout()
/Users/zhangzc/fable-trading/scripts/scan_recent_multi_tf.py:199: UserWarning: This figure includes Axes that are not compatible with tight_layout, so results might be incorrect.
  fig.tight_layout()
/Users/zhangzc/fable-trading/scripts/scan_recent_multi_tf.py:199: UserWarning: This figure includes Axes that are not compatible with tight_layout, so results might be incorrect.
  fig.tight_layout()
/Users/zhangzc/fable-trading/scripts/scan_recent_multi_tf.py:199: UserWarning: This figure includes Axes that are not compatible with tight_layout, so results might be incorrect.
  fig.tight_layout()
/Users/zhangzc/fable-trading/scripts/scan_recent_multi_tf.py:199: UserWarning: This figure includes Axes that are not compatible with tight_layout, so results might be incorrect.
  fig.tight_layout()
/Users/zhangzc/fable-trading/scripts/scan_recent_multi_tf.py:199: UserWarning: This figure includes Axes that are not compatible with tight_layout, so results might be incorrect.
  fig.tight_layout()
/Users/zhangzc/fable-trading/scripts/scan_recent_multi_tf.py:199: UserWarning: This figure includes Axes that are not compatible with tight_layout, so results might be incorrect.
  fig.tight_layout()
[20/30] SOXL_USDT_SWAP         5m 榜单  3日  -17.7%  扫 864  开火 17
/Users/zhangzc/fable-trading/scripts/scan_recent_multi_tf.py:199: UserWarning: This figure includes Axes that are not compatible with tight_layout, so results might be incorrect.
  fig.tight_layout()
/Users/zhangzc/fable-trading/scripts/scan_recent_multi_tf.py:199: UserWarning: This figure includes Axes that are not compatible with tight_layout, so results might be incorrect.
  fig.tight_layout()
/Users/zhangzc/fable-trading/scripts/scan_recent_multi_tf.py:199: UserWarning: This figure includes Axes that are not compatible with tight_layout, so results might be incorrect.
  fig.tight_layout()
/Users/zhangzc/fable-trading/scripts/scan_recent_multi_tf.py:199: UserWarning: This figure includes Axes that are not compatible with tight_layout, so results might be incorrect.
  fig.tight_layout()
/Users/zhangzc/fable-trading/scripts/scan_recent_multi_tf.py:199: UserWarning: This figure includes Axes that are not compatible with tight_layout, so results might be incorrect.
  fig.tight_layout()
/Users/zhangzc/fable-trading/scripts/scan_recent_multi_tf.py:199: UserWarning: This figure includes Axes that are not compatible with tight_layout, so results might be incorrect.
  fig.tight_layout()
/Users/zhangzc/fable-trading/scripts/scan_recent_multi_tf.py:199: UserWarning: This figure includes Axes that are not compatible with tight_layout, so results might be incorrect.
  fig.tight_layout()
/Users/zhangzc/fable-trading/scripts/scan_recent_multi_tf.py:199: UserWarning: This figure includes Axes that are not compatible with tight_layout, so results might be incorrect.
  fig.tight_layout()
/Users/zhangzc/fable-trading/scripts/scan_recent_multi_tf.py:199: UserWarning: This figure includes Axes that are not compatible with tight_layout, so results might be incorrect.
  fig.tight_layout()
/Users/zhangzc/fable-trading/scripts/scan_recent_multi_tf.py:199: UserWarning: This figure includes Axes that are not compatible with tight_layout, so results might be incorrect.
  fig.tight_layout()
/Users/zhangzc/fable-trading/scripts/scan_recent_multi_tf.py:199: UserWarning: This figure includes Axes that are not compatible with tight_layout, so results might be incorrect.
  fig.tight_layout()
/Users/zhangzc/fable-trading/scripts/scan_recent_multi_tf.py:199: UserWarning: This figure includes Axes that are not compatible with tight_layout, so results might be incorrect.
  fig.tight_layout()
/Users/zhangzc/fable-trading/scripts/scan_recent_multi_tf.py:199: UserWarning: This figure includes Axes that are not compatible with tight_layout, so results might be incorrect.
  fig.tight_layout()
/Users/zhangzc/fable-trading/scripts/scan_recent_multi_tf.py:199: UserWarning: This figure includes Axes that are not compatible with tight_layout, so results might be incorrect.
  fig.tight_layout()
/Users/zhangzc/fable-trading/scripts/scan_recent_multi_tf.py:199: UserWarning: This figure includes Axes that are not compatible with tight_layout, so results might be incorrect.
  fig.tight_layout()
/Users/zhangzc/fable-trading/scripts/scan_recent_multi_tf.py:199: UserWarning: This figure includes Axes that are not compatible with tight_layout, so results might be incorrect.
  fig.tight_layout()
/Users/zhangzc/fable-trading/scripts/scan_recent_multi_tf.py:199: UserWarning: This figure includes Axes that are not compatible with tight_layout, so results might be incorrect.
  fig.tight_layout()
[21/30] KAITO_USDT_SWAP        5m 榜单  3日  +17.3%  扫 864  开火 11
/Users/zhangzc/fable-trading/scripts/scan_recent_multi_tf.py:199: UserWarning: This figure includes Axes that are not compatible with tight_layout, so results might be incorrect.
  fig.tight_layout()
/Users/zhangzc/fable-trading/scripts/scan_recent_multi_tf.py:199: UserWarning: This figure includes Axes that are not compatible with tight_layout, so results might be incorrect.
  fig.tight_layout()
/Users/zhangzc/fable-trading/scripts/scan_recent_multi_tf.py:199: UserWarning: This figure includes Axes that are not compatible with tight_layout, so results might be incorrect.
  fig.tight_layout()
/Users/zhangzc/fable-trading/scripts/scan_recent_multi_tf.py:199: UserWarning: This figure includes Axes that are not compatible with tight_layout, so results might be incorrect.
  fig.tight_layout()
/Users/zhangzc/fable-trading/scripts/scan_recent_multi_tf.py:199: UserWarning: This figure includes Axes that are not compatible with tight_layout, so results might be incorrect.
  fig.tight_layout()
/Users/zhangzc/fable-trading/scripts/scan_recent_multi_tf.py:199: UserWarning: This figure includes Axes that are not compatible with tight_layout, so results might be incorrect.
  fig.tight_layout()
/Users/zhangzc/fable-trading/scripts/scan_recent_multi_tf.py:199: UserWarning: This figure includes Axes that are not compatible with tight_layout, so results might be incorrect.
  fig.tight_layout()
/Users/zhangzc/fable-trading/scripts/scan_recent_multi_tf.py:199: UserWarning: This figure includes Axes that are not compatible with tight_layout, so results might be incorrect.
  fig.tight_layout()
/Users/zhangzc/fable-trading/scripts/scan_recent_multi_tf.py:199: UserWarning: This figure includes Axes that are not compatible with tight_layout, so results might be incorrect.
  fig.tight_layout()
/Users/zhangzc/fable-trading/scripts/scan_recent_multi_tf.py:199: UserWarning: This figure includes Axes that are not compatible with tight_layout, so results might be incorrect.
  fig.tight_layout()
/Users/zhangzc/fable-trading/scripts/scan_recent_multi_tf.py:199: UserWarning: This figure includes Axes that are not compatible with tight_layout, so results might be incorrect.
  fig.tight_layout()
[22/30] PROS_USDT_SWAP         5m 榜单  3日  +16.7%  扫 864  开火 15
/Users/zhangzc/fable-trading/scripts/scan_recent_multi_tf.py:199: UserWarning: This figure includes Axes that are not compatible with tight_layout, so results might be incorrect.
  fig.tight_layout()
/Users/zhangzc/fable-trading/scripts/scan_recent_multi_tf.py:199: UserWarning: This figure includes Axes that are not compatible with tight_layout, so results might be incorrect.
  fig.tight_layout()
/Users/zhangzc/fable-trading/scripts/scan_recent_multi_tf.py:199: UserWarning: This figure includes Axes that are not compatible with tight_layout, so results might be incorrect.
  fig.tight_layout()
/Users/zhangzc/fable-trading/scripts/scan_recent_multi_tf.py:199: UserWarning: This figure includes Axes that are not compatible with tight_layout, so results might be incorrect.
  fig.tight_layout()
/Users/zhangzc/fable-trading/scripts/scan_recent_multi_tf.py:199: UserWarning: This figure includes Axes that are not compatible with tight_layout, so results might be incorrect.
  fig.tight_layout()
/Users/zhangzc/fable-trading/scripts/scan_recent_multi_tf.py:199: UserWarning: This figure includes Axes that are not compatible with tight_layout, so results might be incorrect.
  fig.tight_layout()
/Users/zhangzc/fable-trading/scripts/scan_recent_multi_tf.py:199: UserWarning: This figure includes Axes that are not compatible with tight_layout, so results might be incorrect.
  fig.tight_layout()
/Users/zhangzc/fable-trading/scripts/scan_recent_multi_tf.py:199: UserWarning: This figure includes Axes that are not compatible with tight_layout, so results might be incorrect.
  fig.tight_layout()
/Users/zhangzc/fable-trading/scripts/scan_recent_multi_tf.py:199: UserWarning: This figure includes Axes that are not compatible with tight_layout, so results might be incorrect.
  fig.tight_layout()
/Users/zhangzc/fable-trading/scripts/scan_recent_multi_tf.py:199: UserWarning: This figure includes Axes that are not compatible with tight_layout, so results might be incorrect.
  fig.tight_layout()
/Users/zhangzc/fable-trading/scripts/scan_recent_multi_tf.py:199: UserWarning: This figure includes Axes that are not compatible with tight_layout, so results might be incorrect.
  fig.tight_layout()
/Users/zhangzc/fable-trading/scripts/scan_recent_multi_tf.py:199: UserWarning: This figure includes Axes that are not compatible with tight_layout, so results might be incorrect.
  fig.tight_layout()
/Users/zhangzc/fable-trading/scripts/scan_recent_multi_tf.py:199: UserWarning: This figure includes Axes that are not compatible with tight_layout, so results might be incorrect.
  fig.tight_layout()
/Users/zhangzc/fable-trading/scripts/scan_recent_multi_tf.py:199: UserWarning: This figure includes Axes that are not compatible with tight_layout, so results might be incorrect.
  fig.tight_layout()
/Users/zhangzc/fable-trading/scripts/scan_recent_multi_tf.py:199: UserWarning: This figure includes Axes that are not compatible with tight_layout, so results might be incorrect.
  fig.tight_layout()
[23/30] RAM_USDT_SWAP          5m 榜单  3日  -16.6%  扫 864  开火 14
/Users/zhangzc/fable-trading/scripts/scan_recent_multi_tf.py:199: UserWarning: This figure includes Axes that are not compatible with tight_layout, so results might be incorrect.
  fig.tight_layout()
/Users/zhangzc/fable-trading/scripts/scan_recent_multi_tf.py:199: UserWarning: This figure includes Axes that are not compatible with tight_layout, so results might be incorrect.
  fig.tight_layout()
/Users/zhangzc/fable-trading/scripts/scan_recent_multi_tf.py:199: UserWarning: This figure includes Axes that are not compatible with tight_layout, so results might be incorrect.
  fig.tight_layout()
/Users/zhangzc/fable-trading/scripts/scan_recent_multi_tf.py:199: UserWarning: This figure includes Axes that are not compatible with tight_layout, so results might be incorrect.
  fig.tight_layout()
/Users/zhangzc/fable-trading/scripts/scan_recent_multi_tf.py:199: UserWarning: This figure includes Axes that are not compatible with tight_layout, so results might be incorrect.
  fig.tight_layout()
/Users/zhangzc/fable-trading/scripts/scan_recent_multi_tf.py:199: UserWarning: This figure includes Axes that are not compatible with tight_layout, so results might be incorrect.
  fig.tight_layout()
/Users/zhangzc/fable-trading/scripts/scan_recent_multi_tf.py:199: UserWarning: This figure includes Axes that are not compatible with tight_layout, so results might be incorrect.
  fig.tight_layout()
/Users/zhangzc/fable-trading/scripts/scan_recent_multi_tf.py:199: UserWarning: This figure includes Axes that are not compatible with tight_layout, so results might be incorrect.
  fig.tight_layout()
/Users/zhangzc/fable-trading/scripts/scan_recent_multi_tf.py:199: UserWarning: This figure includes Axes that are not compatible with tight_layout, so results might be incorrect.
  fig.tight_layout()
/Users/zhangzc/fable-trading/scripts/scan_recent_multi_tf.py:199: UserWarning: This figure includes Axes that are not compatible with tight_layout, so results might be incorrect.
  fig.tight_layout()
/Users/zhangzc/fable-trading/scripts/scan_recent_multi_tf.py:199: UserWarning: This figure includes Axes that are not compatible with tight_layout, so results might be incorrect.
  fig.tight_layout()
/Users/zhangzc/fable-trading/scripts/scan_recent_multi_tf.py:199: UserWarning: This figure includes Axes that are not compatible with tight_layout, so results might be incorrect.
  fig.tight_layout()
/Users/zhangzc/fable-trading/scripts/scan_recent_multi_tf.py:199: UserWarning: This figure includes Axes that are not compatible with tight_layout, so results might be incorrect.
  fig.tight_layout()
/Users/zhangzc/fable-trading/scripts/scan_recent_multi_tf.py:199: UserWarning: This figure includes Axes that are not compatible with tight_layout, so results might be incorrect.
  fig.tight_layout()
[24/30] ORDER_USDT_SWAP        5m 榜单  3日  -15.9%  扫 864  开火 15
/Users/zhangzc/fable-trading/scripts/scan_recent_multi_tf.py:199: UserWarning: This figure includes Axes that are not compatible with tight_layout, so results might be incorrect.
  fig.tight_layout()
/Users/zhangzc/fable-trading/scripts/scan_recent_multi_tf.py:199: UserWarning: This figure includes Axes that are not compatible with tight_layout, so results might be incorrect.
  fig.tight_layout()
/Users/zhangzc/fable-trading/scripts/scan_recent_multi_tf.py:199: UserWarning: This figure includes Axes that are not compatible with tight_layout, so results might be incorrect.
  fig.tight_layout()
/Users/zhangzc/fable-trading/scripts/scan_recent_multi_tf.py:199: UserWarning: This figure includes Axes that are not compatible with tight_layout, so results might be incorrect.
  fig.tight_layout()
/Users/zhangzc/fable-trading/scripts/scan_recent_multi_tf.py:199: UserWarning: This figure includes Axes that are not compatible with tight_layout, so results might be incorrect.
  fig.tight_layout()
/Users/zhangzc/fable-trading/scripts/scan_recent_multi_tf.py:199: UserWarning: This figure includes Axes that are not compatible with tight_layout, so results might be incorrect.
  fig.tight_layout()
/Users/zhangzc/fable-trading/scripts/scan_recent_multi_tf.py:199: UserWarning: This figure includes Axes that are not compatible with tight_layout, so results might be incorrect.
  fig.tight_layout()
/Users/zhangzc/fable-trading/scripts/scan_recent_multi_tf.py:199: UserWarning: This figure includes Axes that are not compatible with tight_layout, so results might be incorrect.
  fig.tight_layout()
/Users/zhangzc/fable-trading/scripts/scan_recent_multi_tf.py:199: UserWarning: This figure includes Axes that are not compatible with tight_layout, so results might be incorrect.
  fig.tight_layout()
/Users/zhangzc/fable-trading/scripts/scan_recent_multi_tf.py:199: UserWarning: This figure includes Axes that are not compatible with tight_layout, so results might be incorrect.
  fig.tight_layout()
/Users/zhangzc/fable-trading/scripts/scan_recent_multi_tf.py:199: UserWarning: This figure includes Axes that are not compatible with tight_layout, so results might be incorrect.
  fig.tight_layout()
/Users/zhangzc/fable-trading/scripts/scan_recent_multi_tf.py:199: UserWarning: This figure includes Axes that are not compatible with tight_layout, so results might be incorrect.
  fig.tight_layout()
/Users/zhangzc/fable-trading/scripts/scan_recent_multi_tf.py:199: UserWarning: This figure includes Axes that are not compatible with tight_layout, so results might be incorrect.
  fig.tight_layout()
/Users/zhangzc/fable-trading/scripts/scan_recent_multi_tf.py:199: UserWarning: This figure includes Axes that are not compatible with tight_layout, so results might be incorrect.
  fig.tight_layout()
[25/30] OPN_USDT_SWAP          5m 榜单  3日  -15.8%  扫 864  开火 23
/Users/zhangzc/fable-trading/scripts/scan_recent_multi_tf.py:199: UserWarning: This figure includes Axes that are not compatible with tight_layout, so results might be incorrect.
  fig.tight_layout()
/Users/zhangzc/fable-trading/scripts/scan_recent_multi_tf.py:199: UserWarning: This figure includes Axes that are not compatible with tight_layout, so results might be incorrect.
  fig.tight_layout()
/Users/zhangzc/fable-trading/scripts/scan_recent_multi_tf.py:199: UserWarning: This figure includes Axes that are not compatible with tight_layout, so results might be incorrect.
  fig.tight_layout()
/Users/zhangzc/fable-trading/scripts/scan_recent_multi_tf.py:199: UserWarning: This figure includes Axes that are not compatible with tight_layout, so results might be incorrect.
  fig.tight_layout()
/Users/zhangzc/fable-trading/scripts/scan_recent_multi_tf.py:199: UserWarning: This figure includes Axes that are not compatible with tight_layout, so results might be incorrect.
  fig.tight_layout()
/Users/zhangzc/fable-trading/scripts/scan_recent_multi_tf.py:199: UserWarning: This figure includes Axes that are not compatible with tight_layout, so results might be incorrect.
  fig.tight_layout()
/Users/zhangzc/fable-trading/scripts/scan_recent_multi_tf.py:199: UserWarning: This figure includes Axes that are not compatible with tight_layout, so results might be incorrect.
  fig.tight_layout()
/Users/zhangzc/fable-trading/scripts/scan_recent_multi_tf.py:199: UserWarning: This figure includes Axes that are not compatible with tight_layout, so results might be incorrect.
  fig.tight_layout()
/Users/zhangzc/fable-trading/scripts/scan_recent_multi_tf.py:199: UserWarning: This figure includes Axes that are not compatible with tight_layout, so results might be incorrect.
  fig.tight_layout()
/Users/zhangzc/fable-trading/scripts/scan_recent_multi_tf.py:199: UserWarning: This figure includes Axes that are not compatible with tight_layout, so results might be incorrect.
  fig.tight_layout()
/Users/zhangzc/fable-trading/scripts/scan_recent_multi_tf.py:199: UserWarning: This figure includes Axes that are not compatible with tight_layout, so results might be incorrect.
  fig.tight_layout()
/Users/zhangzc/fable-trading/scripts/scan_recent_multi_tf.py:199: UserWarning: This figure includes Axes that are not compatible with tight_layout, so results might be incorrect.
  fig.tight_layout()
/Users/zhangzc/fable-trading/scripts/scan_recent_multi_tf.py:199: UserWarning: This figure includes Axes that are not compatible with tight_layout, so results might be incorrect.
  fig.tight_layout()
/Users/zhangzc/fable-trading/scripts/scan_recent_multi_tf.py:199: UserWarning: This figure includes Axes that are not compatible with tight_layout, so results might be incorrect.
  fig.tight_layout()
/Users/zhangzc/fable-trading/scripts/scan_recent_multi_tf.py:199: UserWarning: This figure includes Axes that are not compatible with tight_layout, so results might be incorrect.
  fig.tight_layout()
/Users/zhangzc/fable-trading/scripts/scan_recent_multi_tf.py:199: UserWarning: This figure includes Axes that are not compatible with tight_layout, so results might be incorrect.
  fig.tight_layout()
/Users/zhangzc/fable-trading/scripts/scan_recent_multi_tf.py:199: UserWarning: This figure includes Axes that are not compatible with tight_layout, so results might be incorrect.
  fig.tight_layout()
/Users/zhangzc/fable-trading/scripts/scan_recent_multi_tf.py:199: UserWarning: This figure includes Axes that are not compatible with tight_layout, so results might be incorrect.
  fig.tight_layout()
/Users/zhangzc/fable-trading/scripts/scan_recent_multi_tf.py:199: UserWarning: This figure includes Axes that are not compatible with tight_layout, so results might be incorrect.
  fig.tight_layout()
/Users/zhangzc/fable-trading/scripts/scan_recent_multi_tf.py:199: UserWarning: This figure includes Axes that are not compatible with tight_layout, so results might be incorrect.
  fig.tight_layout()
/Users/zhangzc/fable-trading/scripts/scan_recent_multi_tf.py:199: UserWarning: This figure includes Axes that are not compatible with tight_layout, so results might be incorrect.
  fig.tight_layout()
/Users/zhangzc/fable-trading/scripts/scan_recent_multi_tf.py:199: UserWarning: This figure includes Axes that are not compatible with tight_layout, so results might be incorrect.
  fig.tight_layout()
/Users/zhangzc/fable-trading/scripts/scan_recent_multi_tf.py:199: UserWarning: This figure includes Axes that are not compatible with tight_layout, so results might be incorrect.
  fig.tight_layout()
[26/30] BARD_USDT_SWAP         5m 榜单  3日  -15.5%  扫 864  开火 11
/Users/zhangzc/fable-trading/scripts/scan_recent_multi_tf.py:199: UserWarning: This figure includes Axes that are not compatible with tight_layout, so results might be incorrect.
  fig.tight_layout()
/Users/zhangzc/fable-trading/scripts/scan_recent_multi_tf.py:199: UserWarning: This figure includes Axes that are not compatible with tight_layout, so results might be incorrect.
  fig.tight_layout()
/Users/zhangzc/fable-trading/scripts/scan_recent_multi_tf.py:199: UserWarning: This figure includes Axes that are not compatible with tight_layout, so results might be incorrect.
  fig.tight_layout()
/Users/zhangzc/fable-trading/scripts/scan_recent_multi_tf.py:199: UserWarning: This figure includes Axes that are not compatible with tight_layout, so results might be incorrect.
  fig.tight_layout()
/Users/zhangzc/fable-trading/scripts/scan_recent_multi_tf.py:199: UserWarning: This figure includes Axes that are not compatible with tight_layout, so results might be incorrect.
  fig.tight_layout()
/Users/zhangzc/fable-trading/scripts/scan_recent_multi_tf.py:199: UserWarning: This figure includes Axes that are not compatible with tight_layout, so results might be incorrect.
  fig.tight_layout()
/Users/zhangzc/fable-trading/scripts/scan_recent_multi_tf.py:199: UserWarning: This figure includes Axes that are not compatible with tight_layout, so results might be incorrect.
  fig.tight_layout()
/Users/zhangzc/fable-trading/scripts/scan_recent_multi_tf.py:199: UserWarning: This figure includes Axes that are not compatible with tight_layout, so results might be incorrect.
  fig.tight_layout()
/Users/zhangzc/fable-trading/scripts/scan_recent_multi_tf.py:199: UserWarning: This figure includes Axes that are not compatible with tight_layout, so results might be incorrect.
  fig.tight_layout()
/Users/zhangzc/fable-trading/scripts/scan_recent_multi_tf.py:199: UserWarning: This figure includes Axes that are not compatible with tight_layout, so results might be incorrect.
  fig.tight_layout()
/Users/zhangzc/fable-trading/scripts/scan_recent_multi_tf.py:199: UserWarning: This figure includes Axes that are not compatible with tight_layout, so results might be incorrect.
  fig.tight_layout()
[27/30] ZHIPU_USDT_SWAP        5m 榜单  3日  -15.2%  扫 864  开火 15
/Users/zhangzc/fable-trading/scripts/scan_recent_multi_tf.py:199: UserWarning: This figure includes Axes that are not compatible with tight_layout, so results might be incorrect.
  fig.tight_layout()
/Users/zhangzc/fable-trading/scripts/scan_recent_multi_tf.py:199: UserWarning: This figure includes Axes that are not compatible with tight_layout, so results might be incorrect.
  fig.tight_layout()
/Users/zhangzc/fable-trading/scripts/scan_recent_multi_tf.py:199: UserWarning: This figure includes Axes that are not compatible with tight_layout, so results might be incorrect.
  fig.tight_layout()
/Users/zhangzc/fable-trading/scripts/scan_recent_multi_tf.py:199: UserWarning: This figure includes Axes that are not compatible with tight_layout, so results might be incorrect.
  fig.tight_layout()
/Users/zhangzc/fable-trading/scripts/scan_recent_multi_tf.py:199: UserWarning: This figure includes Axes that are not compatible with tight_layout, so results might be incorrect.
  fig.tight_layout()
/Users/zhangzc/fable-trading/scripts/scan_recent_multi_tf.py:199: UserWarning: This figure includes Axes that are not compatible with tight_layout, so results might be incorrect.
  fig.tight_layout()
/Users/zhangzc/fable-trading/scripts/scan_recent_multi_tf.py:199: UserWarning: This figure includes Axes that are not compatible with tight_layout, so results might be incorrect.
  fig.tight_layout()
/Users/zhangzc/fable-trading/scripts/scan_recent_multi_tf.py:199: UserWarning: This figure includes Axes that are not compatible with tight_layout, so results might be incorrect.
  fig.tight_layout()
/Users/zhangzc/fable-trading/scripts/scan_recent_multi_tf.py:199: UserWarning: This figure includes Axes that are not compatible with tight_layout, so results might be incorrect.
  fig.tight_layout()
/Users/zhangzc/fable-trading/scripts/scan_recent_multi_tf.py:199: UserWarning: This figure includes Axes that are not compatible with tight_layout, so results might be incorrect.
  fig.tight_layout()
/Users/zhangzc/fable-trading/scripts/scan_recent_multi_tf.py:199: UserWarning: This figure includes Axes that are not compatible with tight_layout, so results might be incorrect.
  fig.tight_layout()
/Users/zhangzc/fable-trading/scripts/scan_recent_multi_tf.py:199: UserWarning: This figure includes Axes that are not compatible with tight_layout, so results might be incorrect.
  fig.tight_layout()
/Users/zhangzc/fable-trading/scripts/scan_recent_multi_tf.py:199: UserWarning: This figure includes Axes that are not compatible with tight_layout, so results might be incorrect.
  fig.tight_layout()
/Users/zhangzc/fable-trading/scripts/scan_recent_multi_tf.py:199: UserWarning: This figure includes Axes that are not compatible with tight_layout, so results might be incorrect.
  fig.tight_layout()
/Users/zhangzc/fable-trading/scripts/scan_recent_multi_tf.py:199: UserWarning: This figure includes Axes that are not compatible with tight_layout, so results might be incorrect.
  fig.tight_layout()
[28/30] BILL_USDT_SWAP         5m 榜单  3日  -15.0%  扫 864  开火 26
/Users/zhangzc/fable-trading/scripts/scan_recent_multi_tf.py:199: UserWarning: This figure includes Axes that are not compatible with tight_layout, so results might be incorrect.
  fig.tight_layout()
/Users/zhangzc/fable-trading/scripts/scan_recent_multi_tf.py:199: UserWarning: This figure includes Axes that are not compatible with tight_layout, so results might be incorrect.
  fig.tight_layout()
/Users/zhangzc/fable-trading/scripts/scan_recent_multi_tf.py:199: UserWarning: This figure includes Axes that are not compatible with tight_layout, so results might be incorrect.
  fig.tight_layout()
/Users/zhangzc/fable-trading/scripts/scan_recent_multi_tf.py:199: UserWarning: This figure includes Axes that are not compatible with tight_layout, so results might be incorrect.
  fig.tight_layout()
/Users/zhangzc/fable-trading/scripts/scan_recent_multi_tf.py:199: UserWarning: This figure includes Axes that are not compatible with tight_layout, so results might be incorrect.
  fig.tight_layout()
/Users/zhangzc/fable-trading/scripts/scan_recent_multi_tf.py:199: UserWarning: This figure includes Axes that are not compatible with tight_layout, so results might be incorrect.
  fig.tight_layout()
/Users/zhangzc/fable-trading/scripts/scan_recent_multi_tf.py:199: UserWarning: This figure includes Axes that are not compatible with tight_layout, so results might be incorrect.
  fig.tight_layout()
/Users/zhangzc/fable-trading/scripts/scan_recent_multi_tf.py:199: UserWarning: This figure includes Axes that are not compatible with tight_layout, so results might be incorrect.
  fig.tight_layout()
/Users/zhangzc/fable-trading/scripts/scan_recent_multi_tf.py:199: UserWarning: This figure includes Axes that are not compatible with tight_layout, so results might be incorrect.
  fig.tight_layout()
/Users/zhangzc/fable-trading/scripts/scan_recent_multi_tf.py:199: UserWarning: This figure includes Axes that are not compatible with tight_layout, so results might be incorrect.
  fig.tight_layout()
/Users/zhangzc/fable-trading/scripts/scan_recent_multi_tf.py:199: UserWarning: This figure includes Axes that are not compatible with tight_layout, so results might be incorrect.
  fig.tight_layout()
/Users/zhangzc/fable-trading/scripts/scan_recent_multi_tf.py:199: UserWarning: This figure includes Axes that are not compatible with tight_layout, so results might be incorrect.
  fig.tight_layout()
/Users/zhangzc/fable-trading/scripts/scan_recent_multi_tf.py:199: UserWarning: This figure includes Axes that are not compatible with tight_layout, so results might be incorrect.
  fig.tight_layout()
/Users/zhangzc/fable-trading/scripts/scan_recent_multi_tf.py:199: UserWarning: This figure includes Axes that are not compatible with tight_layout, so results might be incorrect.
  fig.tight_layout()
/Users/zhangzc/fable-trading/scripts/scan_recent_multi_tf.py:199: UserWarning: This figure includes Axes that are not compatible with tight_layout, so results might be incorrect.
  fig.tight_layout()
/Users/zhangzc/fable-trading/scripts/scan_recent_multi_tf.py:199: UserWarning: This figure includes Axes that are not compatible with tight_layout, so results might be incorrect.
  fig.tight_layout()
/Users/zhangzc/fable-trading/scripts/scan_recent_multi_tf.py:199: UserWarning: This figure includes Axes that are not compatible with tight_layout, so results might be incorrect.
  fig.tight_layout()
/Users/zhangzc/fable-trading/scripts/scan_recent_multi_tf.py:199: UserWarning: This figure includes Axes that are not compatible with tight_layout, so results might be incorrect.
  fig.tight_layout()
/Users/zhangzc/fable-trading/scripts/scan_recent_multi_tf.py:199: UserWarning: This figure includes Axes that are not compatible with tight_layout, so results might be incorrect.
  fig.tight_layout()
/Users/zhangzc/fable-trading/scripts/scan_recent_multi_tf.py:199: UserWarning: This figure includes Axes that are not compatible with tight_layout, so results might be incorrect.
  fig.tight_layout()
/Users/zhangzc/fable-trading/scripts/scan_recent_multi_tf.py:199: UserWarning: This figure includes Axes that are not compatible with tight_layout, so results might be incorrect.
  fig.tight_layout()
/Users/zhangzc/fable-trading/scripts/scan_recent_multi_tf.py:199: UserWarning: This figure includes Axes that are not compatible with tight_layout, so results might be incorrect.
  fig.tight_layout()
/Users/zhangzc/fable-trading/scripts/scan_recent_multi_tf.py:199: UserWarning: This figure includes Axes that are not compatible with tight_layout, so results might be incorrect.
  fig.tight_layout()
/Users/zhangzc/fable-trading/scripts/scan_recent_multi_tf.py:199: UserWarning: This figure includes Axes that are not compatible with tight_layout, so results might be incorrect.
  fig.tight_layout()
/Users/zhangzc/fable-trading/scripts/scan_recent_multi_tf.py:199: UserWarning: This figure includes Axes that are not compatible with tight_layout, so results might be incorrect.
  fig.tight_layout()
/Users/zhangzc/fable-trading/scripts/scan_recent_multi_tf.py:199: UserWarning: This figure includes Axes that are not compatible with tight_layout, so results might be incorrect.
  fig.tight_layout()
[29/30] MUU_USDT_SWAP          5m 榜单  3日  -14.5%  扫 864  开火 14
/Users/zhangzc/fable-trading/scripts/scan_recent_multi_tf.py:199: UserWarning: This figure includes Axes that are not compatible with tight_layout, so results might be incorrect.
  fig.tight_layout()
/Users/zhangzc/fable-trading/scripts/scan_recent_multi_tf.py:199: UserWarning: This figure includes Axes that are not compatible with tight_layout, so results might be incorrect.
  fig.tight_layout()
/Users/zhangzc/fable-trading/scripts/scan_recent_multi_tf.py:199: UserWarning: This figure includes Axes that are not compatible with tight_layout, so results might be incorrect.
  fig.tight_layout()
/Users/zhangzc/fable-trading/scripts/scan_recent_multi_tf.py:199: UserWarning: This figure includes Axes that are not compatible with tight_layout, so results might be incorrect.
  fig.tight_layout()
/Users/zhangzc/fable-trading/scripts/scan_recent_multi_tf.py:199: UserWarning: This figure includes Axes that are not compatible with tight_layout, so results might be incorrect.
  fig.tight_layout()
/Users/zhangzc/fable-trading/scripts/scan_recent_multi_tf.py:199: UserWarning: This figure includes Axes that are not compatible with tight_layout, so results might be incorrect.
  fig.tight_layout()
/Users/zhangzc/fable-trading/scripts/scan_recent_multi_tf.py:199: UserWarning: This figure includes Axes that are not compatible with tight_layout, so results might be incorrect.
  fig.tight_layout()
/Users/zhangzc/fable-trading/scripts/scan_recent_multi_tf.py:199: UserWarning: This figure includes Axes that are not compatible with tight_layout, so results might be incorrect.
  fig.tight_layout()
/Users/zhangzc/fable-trading/scripts/scan_recent_multi_tf.py:199: UserWarning: This figure includes Axes that are not compatible with tight_layout, so results might be incorrect.
  fig.tight_layout()
/Users/zhangzc/fable-trading/scripts/scan_recent_multi_tf.py:199: UserWarning: This figure includes Axes that are not compatible with tight_layout, so results might be incorrect.
  fig.tight_layout()
/Users/zhangzc/fable-trading/scripts/scan_recent_multi_tf.py:199: UserWarning: This figure includes Axes that are not compatible with tight_layout, so results might be incorrect.
  fig.tight_layout()
/Users/zhangzc/fable-trading/scripts/scan_recent_multi_tf.py:199: UserWarning: This figure includes Axes that are not compatible with tight_layout, so results might be incorrect.
  fig.tight_layout()
/Users/zhangzc/fable-trading/scripts/scan_recent_multi_tf.py:199: UserWarning: This figure includes Axes that are not compatible with tight_layout, so results might be incorrect.
  fig.tight_layout()
/Users/zhangzc/fable-trading/scripts/scan_recent_multi_tf.py:199: UserWarning: This figure includes Axes that are not compatible with tight_layout, so results might be incorrect.
  fig.tight_layout()
[30/30] MMT_USDT_SWAP          5m 榜单  3日  +14.1%  扫 864  开火 18
/Users/zhangzc/fable-trading/scripts/scan_recent_multi_tf.py:199: UserWarning: This figure includes Axes that are not compatible with tight_layout, so results might be incorrect.
  fig.tight_layout()
/Users/zhangzc/fable-trading/scripts/scan_recent_multi_tf.py:199: UserWarning: This figure includes Axes that are not compatible with tight_layout, so results might be incorrect.
  fig.tight_layout()
/Users/zhangzc/fable-trading/scripts/scan_recent_multi_tf.py:199: UserWarning: This figure includes Axes that are not compatible with tight_layout, so results might be incorrect.
  fig.tight_layout()
/Users/zhangzc/fable-trading/scripts/scan_recent_multi_tf.py:199: UserWarning: This figure includes Axes that are not compatible with tight_layout, so results might be incorrect.
  fig.tight_layout()
/Users/zhangzc/fable-trading/scripts/scan_recent_multi_tf.py:199: UserWarning: This figure includes Axes that are not compatible with tight_layout, so results might be incorrect.
  fig.tight_layout()
/Users/zhangzc/fable-trading/scripts/scan_recent_multi_tf.py:199: UserWarning: This figure includes Axes that are not compatible with tight_layout, so results might be incorrect.
  fig.tight_layout()
/Users/zhangzc/fable-trading/scripts/scan_recent_multi_tf.py:199: UserWarning: This figure includes Axes that are not compatible with tight_layout, so results might be incorrect.
  fig.tight_layout()
/Users/zhangzc/fable-trading/scripts/scan_recent_multi_tf.py:199: UserWarning: This figure includes Axes that are not compatible with tight_layout, so results might be incorrect.
  fig.tight_layout()
/Users/zhangzc/fable-trading/scripts/scan_recent_multi_tf.py:199: UserWarning: This figure includes Axes that are not compatible with tight_layout, so results might be incorrect.
  fig.tight_layout()
/Users/zhangzc/fable-trading/scripts/scan_recent_multi_tf.py:199: UserWarning: This figure includes Axes that are not compatible with tight_layout, so results might be incorrect.
  fig.tight_layout()
/Users/zhangzc/fable-trading/scripts/scan_recent_multi_tf.py:199: UserWarning: This figure includes Axes that are not compatible with tight_layout, so results might be incorrect.
  fig.tight_layout()
/Users/zhangzc/fable-trading/scripts/scan_recent_multi_tf.py:199: UserWarning: This figure includes Axes that are not compatible with tight_layout, so results might be incorrect.
  fig.tight_layout()
/Users/zhangzc/fable-trading/scripts/scan_recent_multi_tf.py:199: UserWarning: This figure includes Axes that are not compatible with tight_layout, so results might be incorrect.
  fig.tight_layout()
/Users/zhangzc/fable-trading/scripts/scan_recent_multi_tf.py:199: UserWarning: This figure includes Axes that are not compatible with tight_layout, so results might be incorrect.
  fig.tight_layout()
/Users/zhangzc/fable-trading/scripts/scan_recent_multi_tf.py:199: UserWarning: This figure includes Axes that are not compatible with tight_layout, so results might be incorrect.
  fig.tight_layout()
/Users/zhangzc/fable-trading/scripts/scan_recent_multi_tf.py:199: UserWarning: This figure includes Axes that are not compatible with tight_layout, so results might be incorrect.
  fig.tight_layout()
/Users/zhangzc/fable-trading/scripts/scan_recent_multi_tf.py:199: UserWarning: This figure includes Axes that are not compatible with tight_layout, so results might be incorrect.
  fig.tight_layout()
/Users/zhangzc/fable-trading/scripts/scan_recent_multi_tf.py:199: UserWarning: This figure includes Axes that are not compatible with tight_layout, so results might be incorrect.
  fig.tight_layout()

===== 3m  [分布外] =====
[1/30] BTC_USDT_SWAP          3m 主流  3日   -0.7%  扫 1440  开火 7
/Users/zhangzc/fable-trading/scripts/scan_recent_multi_tf.py:199: UserWarning: This figure includes Axes that are not compatible with tight_layout, so results might be incorrect.
  fig.tight_layout()
/Users/zhangzc/fable-trading/scripts/scan_recent_multi_tf.py:199: UserWarning: This figure includes Axes that are not compatible with tight_layout, so results might be incorrect.
  fig.tight_layout()
/Users/zhangzc/fable-trading/scripts/scan_recent_multi_tf.py:199: UserWarning: This figure includes Axes that are not compatible with tight_layout, so results might be incorrect.
  fig.tight_layout()
/Users/zhangzc/fable-trading/scripts/scan_recent_multi_tf.py:199: UserWarning: This figure includes Axes that are not compatible with tight_layout, so results might be incorrect.
  fig.tight_layout()
/Users/zhangzc/fable-trading/scripts/scan_recent_multi_tf.py:199: UserWarning: This figure includes Axes that are not compatible with tight_layout, so results might be incorrect.
  fig.tight_layout()
/Users/zhangzc/fable-trading/scripts/scan_recent_multi_tf.py:199: UserWarning: This figure includes Axes that are not compatible with tight_layout, so results might be incorrect.
  fig.tight_layout()
/Users/zhangzc/fable-trading/scripts/scan_recent_multi_tf.py:199: UserWarning: This figure includes Axes that are not compatible with tight_layout, so results might be incorrect.
  fig.tight_layout()
[2/30] ETH_USDT_SWAP          3m 主流  3日   +1.0%  扫 1440  开火 12
/Users/zhangzc/fable-trading/scripts/scan_recent_multi_tf.py:199: UserWarning: This figure includes Axes that are not compatible with tight_layout, so results might be incorrect.
  fig.tight_layout()
/Users/zhangzc/fable-trading/scripts/scan_recent_multi_tf.py:199: UserWarning: This figure includes Axes that are not compatible with tight_layout, so results might be incorrect.
  fig.tight_layout()
/Users/zhangzc/fable-trading/scripts/scan_recent_multi_tf.py:199: UserWarning: This figure includes Axes that are not compatible with tight_layout, so results might be incorrect.
  fig.tight_layout()
/Users/zhangzc/fable-trading/scripts/scan_recent_multi_tf.py:199: UserWarning: This figure includes Axes that are not compatible with tight_layout, so results might be incorrect.
  fig.tight_layout()
/Users/zhangzc/fable-trading/scripts/scan_recent_multi_tf.py:199: UserWarning: This figure includes Axes that are not compatible with tight_layout, so results might be incorrect.
  fig.tight_layout()
/Users/zhangzc/fable-trading/scripts/scan_recent_multi_tf.py:199: UserWarning: This figure includes Axes that are not compatible with tight_layout, so results might be incorrect.
  fig.tight_layout()
/Users/zhangzc/fable-trading/scripts/scan_recent_multi_tf.py:199: UserWarning: This figure includes Axes that are not compatible with tight_layout, so results might be incorrect.
  fig.tight_layout()
/Users/zhangzc/fable-trading/scripts/scan_recent_multi_tf.py:199: UserWarning: This figure includes Axes that are not compatible with tight_layout, so results might be incorrect.
  fig.tight_layout()
/Users/zhangzc/fable-trading/scripts/scan_recent_multi_tf.py:199: UserWarning: This figure includes Axes that are not compatible with tight_layout, so results might be incorrect.
  fig.tight_layout()
/Users/zhangzc/fable-trading/scripts/scan_recent_multi_tf.py:199: UserWarning: This figure includes Axes that are not compatible with tight_layout, so results might be incorrect.
  fig.tight_layout()
/Users/zhangzc/fable-trading/scripts/scan_recent_multi_tf.py:199: UserWarning: This figure includes Axes that are not compatible with tight_layout, so results might be incorrect.
  fig.tight_layout()
/Users/zhangzc/fable-trading/scripts/scan_recent_multi_tf.py:199: UserWarning: This figure includes Axes that are not compatible with tight_layout, so results might be incorrect.
  fig.tight_layout()
[3/30] SOL_USDT_SWAP          3m 主流  3日   -0.9%  扫 1440  开火 19
/Users/zhangzc/fable-trading/scripts/scan_recent_multi_tf.py:199: UserWarning: This figure includes Axes that are not compatible with tight_layout, so results might be incorrect.
  fig.tight_layout()
/Users/zhangzc/fable-trading/scripts/scan_recent_multi_tf.py:199: UserWarning: This figure includes Axes that are not compatible with tight_layout, so results might be incorrect.
  fig.tight_layout()
/Users/zhangzc/fable-trading/scripts/scan_recent_multi_tf.py:199: UserWarning: This figure includes Axes that are not compatible with tight_layout, so results might be incorrect.
  fig.tight_layout()
/Users/zhangzc/fable-trading/scripts/scan_recent_multi_tf.py:199: UserWarning: This figure includes Axes that are not compatible with tight_layout, so results might be incorrect.
  fig.tight_layout()
/Users/zhangzc/fable-trading/scripts/scan_recent_multi_tf.py:199: UserWarning: This figure includes Axes that are not compatible with tight_layout, so results might be incorrect.
  fig.tight_layout()
/Users/zhangzc/fable-trading/scripts/scan_recent_multi_tf.py:199: UserWarning: This figure includes Axes that are not compatible with tight_layout, so results might be incorrect.
  fig.tight_layout()
/Users/zhangzc/fable-trading/scripts/scan_recent_multi_tf.py:199: UserWarning: This figure includes Axes that are not compatible with tight_layout, so results might be incorrect.
  fig.tight_layout()
/Users/zhangzc/fable-trading/scripts/scan_recent_multi_tf.py:199: UserWarning: This figure includes Axes that are not compatible with tight_layout, so results might be incorrect.
  fig.tight_layout()
/Users/zhangzc/fable-trading/scripts/scan_recent_multi_tf.py:199: UserWarning: This figure includes Axes that are not compatible with tight_layout, so results might be incorrect.
  fig.tight_layout()
/Users/zhangzc/fable-trading/scripts/scan_recent_multi_tf.py:199: UserWarning: This figure includes Axes that are not compatible with tight_layout, so results might be incorrect.
  fig.tight_layout()
/Users/zhangzc/fable-trading/scripts/scan_recent_multi_tf.py:199: UserWarning: This figure includes Axes that are not compatible with tight_layout, so results might be incorrect.
  fig.tight_layout()
/Users/zhangzc/fable-trading/scripts/scan_recent_multi_tf.py:199: UserWarning: This figure includes Axes that are not compatible with tight_layout, so results might be incorrect.
  fig.tight_layout()
/Users/zhangzc/fable-trading/scripts/scan_recent_multi_tf.py:199: UserWarning: This figure includes Axes that are not compatible with tight_layout, so results might be incorrect.
  fig.tight_layout()
/Users/zhangzc/fable-trading/scripts/scan_recent_multi_tf.py:199: UserWarning: This figure includes Axes that are not compatible with tight_layout, so results might be incorrect.
  fig.tight_layout()
/Users/zhangzc/fable-trading/scripts/scan_recent_multi_tf.py:199: UserWarning: This figure includes Axes that are not compatible with tight_layout, so results might be incorrect.
  fig.tight_layout()
/Users/zhangzc/fable-trading/scripts/scan_recent_multi_tf.py:199: UserWarning: This figure includes Axes that are not compatible with tight_layout, so results might be incorrect.
  fig.tight_layout()
/Users/zhangzc/fable-trading/scripts/scan_recent_multi_tf.py:199: UserWarning: This figure includes Axes that are not compatible with tight_layout, so results might be incorrect.
  fig.tight_layout()
/Users/zhangzc/fable-trading/scripts/scan_recent_multi_tf.py:199: UserWarning: This figure includes Axes that are not compatible with tight_layout, so results might be incorrect.
  fig.tight_layout()
/Users/zhangzc/fable-trading/scripts/scan_recent_multi_tf.py:199: UserWarning: This figure includes Axes that are not compatible with tight_layout, so results might be incorrect.
  fig.tight_layout()
[4/30] BNB_USDT_SWAP          3m 主流  3日   +0.3%  扫 1440  开火 7
/Users/zhangzc/fable-trading/scripts/scan_recent_multi_tf.py:199: UserWarning: This figure includes Axes that are not compatible with tight_layout, so results might be incorrect.
  fig.tight_layout()
/Users/zhangzc/fable-trading/scripts/scan_recent_multi_tf.py:199: UserWarning: This figure includes Axes that are not compatible with tight_layout, so results might be incorrect.
  fig.tight_layout()
/Users/zhangzc/fable-trading/scripts/scan_recent_multi_tf.py:199: UserWarning: This figure includes Axes that are not compatible with tight_layout, so results might be incorrect.
  fig.tight_layout()
/Users/zhangzc/fable-trading/scripts/scan_recent_multi_tf.py:199: UserWarning: This figure includes Axes that are not compatible with tight_layout, so results might be incorrect.
  fig.tight_layout()
/Users/zhangzc/fable-trading/scripts/scan_recent_multi_tf.py:199: UserWarning: This figure includes Axes that are not compatible with tight_layout, so results might be incorrect.
  fig.tight_layout()
/Users/zhangzc/fable-trading/scripts/scan_recent_multi_tf.py:199: UserWarning: This figure includes Axes that are not compatible with tight_layout, so results might be incorrect.
  fig.tight_layout()
/Users/zhangzc/fable-trading/scripts/scan_recent_multi_tf.py:199: UserWarning: This figure includes Axes that are not compatible with tight_layout, so results might be incorrect.
  fig.tight_layout()
[5/30] XRP_USDT_SWAP          3m 主流  3日   -3.2%  扫 1440  开火 19
/Users/zhangzc/fable-trading/scripts/scan_recent_multi_tf.py:199: UserWarning: This figure includes Axes that are not compatible with tight_layout, so results might be incorrect.
  fig.tight_layout()
/Users/zhangzc/fable-trading/scripts/scan_recent_multi_tf.py:199: UserWarning: This figure includes Axes that are not compatible with tight_layout, so results might be incorrect.
  fig.tight_layout()
/Users/zhangzc/fable-trading/scripts/scan_recent_multi_tf.py:199: UserWarning: This figure includes Axes that are not compatible with tight_layout, so results might be incorrect.
  fig.tight_layout()
/Users/zhangzc/fable-trading/scripts/scan_recent_multi_tf.py:199: UserWarning: This figure includes Axes that are not compatible with tight_layout, so results might be incorrect.
  fig.tight_layout()
/Users/zhangzc/fable-trading/scripts/scan_recent_multi_tf.py:199: UserWarning: This figure includes Axes that are not compatible with tight_layout, so results might be incorrect.
  fig.tight_layout()
/Users/zhangzc/fable-trading/scripts/scan_recent_multi_tf.py:199: UserWarning: This figure includes Axes that are not compatible with tight_layout, so results might be incorrect.
  fig.tight_layout()
/Users/zhangzc/fable-trading/scripts/scan_recent_multi_tf.py:199: UserWarning: This figure includes Axes that are not compatible with tight_layout, so results might be incorrect.
  fig.tight_layout()
/Users/zhangzc/fable-trading/scripts/scan_recent_multi_tf.py:199: UserWarning: This figure includes Axes that are not compatible with tight_layout, so results might be incorrect.
  fig.tight_layout()
/Users/zhangzc/fable-trading/scripts/scan_recent_multi_tf.py:199: UserWarning: This figure includes Axes that are not compatible with tight_layout, so results might be incorrect.
  fig.tight_layout()
/Users/zhangzc/fable-trading/scripts/scan_recent_multi_tf.py:199: UserWarning: This figure includes Axes that are not compatible with tight_layout, so results might be incorrect.
  fig.tight_layout()
/Users/zhangzc/fable-trading/scripts/scan_recent_multi_tf.py:199: UserWarning: This figure includes Axes that are not compatible with tight_layout, so results might be incorrect.
  fig.tight_layout()
/Users/zhangzc/fable-trading/scripts/scan_recent_multi_tf.py:199: UserWarning: This figure includes Axes that are not compatible with tight_layout, so results might be incorrect.
  fig.tight_layout()
/Users/zhangzc/fable-trading/scripts/scan_recent_multi_tf.py:199: UserWarning: This figure includes Axes that are not compatible with tight_layout, so results might be incorrect.
  fig.tight_layout()
/Users/zhangzc/fable-trading/scripts/scan_recent_multi_tf.py:199: UserWarning: This figure includes Axes that are not compatible with tight_layout, so results might be incorrect.
  fig.tight_layout()
/Users/zhangzc/fable-trading/scripts/scan_recent_multi_tf.py:199: UserWarning: This figure includes Axes that are not compatible with tight_layout, so results might be incorrect.
  fig.tight_layout()
/Users/zhangzc/fable-trading/scripts/scan_recent_multi_tf.py:199: UserWarning: This figure includes Axes that are not compatible with tight_layout, so results might be incorrect.
  fig.tight_layout()
/Users/zhangzc/fable-trading/scripts/scan_recent_multi_tf.py:199: UserWarning: This figure includes Axes that are not compatible with tight_layout, so results might be incorrect.
  fig.tight_layout()
/Users/zhangzc/fable-trading/scripts/scan_recent_multi_tf.py:199: UserWarning: This figure includes Axes that are not compatible with tight_layout, so results might be incorrect.
  fig.tight_layout()
/Users/zhangzc/fable-trading/scripts/scan_recent_multi_tf.py:199: UserWarning: This figure includes Axes that are not compatible with tight_layout, so results might be incorrect.
  fig.tight_layout()
[6/30] DOGE_USDT_SWAP         3m 主流  3日   +0.9%  扫 1440  开火 23
/Users/zhangzc/fable-trading/scripts/scan_recent_multi_tf.py:199: UserWarning: This figure includes Axes that are not compatible with tight_layout, so results might be incorrect.
  fig.tight_layout()
/Users/zhangzc/fable-trading/scripts/scan_recent_multi_tf.py:199: UserWarning: This figure includes Axes that are not compatible with tight_layout, so results might be incorrect.
  fig.tight_layout()
/Users/zhangzc/fable-trading/scripts/scan_recent_multi_tf.py:199: UserWarning: This figure includes Axes that are not compatible with tight_layout, so results might be incorrect.
  fig.tight_layout()
/Users/zhangzc/fable-trading/scripts/scan_recent_multi_tf.py:199: UserWarning: This figure includes Axes that are not compatible with tight_layout, so results might be incorrect.
  fig.tight_layout()
/Users/zhangzc/fable-trading/scripts/scan_recent_multi_tf.py:199: UserWarning: This figure includes Axes that are not compatible with tight_layout, so results might be incorrect.
  fig.tight_layout()
/Users/zhangzc/fable-trading/scripts/scan_recent_multi_tf.py:199: UserWarning: This figure includes Axes that are not compatible with tight_layout, so results might be incorrect.
  fig.tight_layout()
/Users/zhangzc/fable-trading/scripts/scan_recent_multi_tf.py:199: UserWarning: This figure includes Axes that are not compatible with tight_layout, so results might be incorrect.
  fig.tight_layout()
/Users/zhangzc/fable-trading/scripts/scan_recent_multi_tf.py:199: UserWarning: This figure includes Axes that are not compatible with tight_layout, so results might be incorrect.
  fig.tight_layout()
/Users/zhangzc/fable-trading/scripts/scan_recent_multi_tf.py:199: UserWarning: This figure includes Axes that are not compatible with tight_layout, so results might be incorrect.
  fig.tight_layout()
/Users/zhangzc/fable-trading/scripts/scan_recent_multi_tf.py:199: UserWarning: This figure includes Axes that are not compatible with tight_layout, so results might be incorrect.
  fig.tight_layout()
/Users/zhangzc/fable-trading/scripts/scan_recent_multi_tf.py:199: UserWarning: This figure includes Axes that are not compatible with tight_layout, so results might be incorrect.
  fig.tight_layout()
/Users/zhangzc/fable-trading/scripts/scan_recent_multi_tf.py:199: UserWarning: This figure includes Axes that are not compatible with tight_layout, so results might be incorrect.
  fig.tight_layout()
/Users/zhangzc/fable-trading/scripts/scan_recent_multi_tf.py:199: UserWarning: This figure includes Axes that are not compatible with tight_layout, so results might be incorrect.
  fig.tight_layout()
/Users/zhangzc/fable-trading/scripts/scan_recent_multi_tf.py:199: UserWarning: This figure includes Axes that are not compatible with tight_layout, so results might be incorrect.
  fig.tight_layout()
/Users/zhangzc/fable-trading/scripts/scan_recent_multi_tf.py:199: UserWarning: This figure includes Axes that are not compatible with tight_layout, so results might be incorrect.
  fig.tight_layout()
/Users/zhangzc/fable-trading/scripts/scan_recent_multi_tf.py:199: UserWarning: This figure includes Axes that are not compatible with tight_layout, so results might be incorrect.
  fig.tight_layout()
/Users/zhangzc/fable-trading/scripts/scan_recent_multi_tf.py:199: UserWarning: This figure includes Axes that are not compatible with tight_layout, so results might be incorrect.
  fig.tight_layout()
/Users/zhangzc/fable-trading/scripts/scan_recent_multi_tf.py:199: UserWarning: This figure includes Axes that are not compatible with tight_layout, so results might be incorrect.
  fig.tight_layout()
/Users/zhangzc/fable-trading/scripts/scan_recent_multi_tf.py:199: UserWarning: This figure includes Axes that are not compatible with tight_layout, so results might be incorrect.
  fig.tight_layout()
/Users/zhangzc/fable-trading/scripts/scan_recent_multi_tf.py:199: UserWarning: This figure includes Axes that are not compatible with tight_layout, so results might be incorrect.
  fig.tight_layout()
/Users/zhangzc/fable-trading/scripts/scan_recent_multi_tf.py:199: UserWarning: This figure includes Axes that are not compatible with tight_layout, so results might be incorrect.
  fig.tight_layout()
/Users/zhangzc/fable-trading/scripts/scan_recent_multi_tf.py:199: UserWarning: This figure includes Axes that are not compatible with tight_layout, so results might be incorrect.
  fig.tight_layout()
/Users/zhangzc/fable-trading/scripts/scan_recent_multi_tf.py:199: UserWarning: This figure includes Axes that are not compatible with tight_layout, so results might be incorrect.
  fig.tight_layout()
[7/30] ADA_USDT_SWAP          3m 主流  3日   -3.1%  扫 1440  开火 20
/Users/zhangzc/fable-trading/scripts/scan_recent_multi_tf.py:199: UserWarning: This figure includes Axes that are not compatible with tight_layout, so results might be incorrect.
  fig.tight_layout()
/Users/zhangzc/fable-trading/scripts/scan_recent_multi_tf.py:199: UserWarning: This figure includes Axes that are not compatible with tight_layout, so results might be incorrect.
  fig.tight_layout()
/Users/zhangzc/fable-trading/scripts/scan_recent_multi_tf.py:199: UserWarning: This figure includes Axes that are not compatible with tight_layout, so results might be incorrect.
  fig.tight_layout()
/Users/zhangzc/fable-trading/scripts/scan_recent_multi_tf.py:199: UserWarning: This figure includes Axes that are not compatible with tight_layout, so results might be incorrect.
  fig.tight_layout()
/Users/zhangzc/fable-trading/scripts/scan_recent_multi_tf.py:199: UserWarning: This figure includes Axes that are not compatible with tight_layout, so results might be incorrect.
  fig.tight_layout()
/Users/zhangzc/fable-trading/scripts/scan_recent_multi_tf.py:199: UserWarning: This figure includes Axes that are not compatible with tight_layout, so results might be incorrect.
  fig.tight_layout()
/Users/zhangzc/fable-trading/scripts/scan_recent_multi_tf.py:199: UserWarning: This figure includes Axes that are not compatible with tight_layout, so results might be incorrect.
  fig.tight_layout()
/Users/zhangzc/fable-trading/scripts/scan_recent_multi_tf.py:199: UserWarning: This figure includes Axes that are not compatible with tight_layout, so results might be incorrect.
  fig.tight_layout()
/Users/zhangzc/fable-trading/scripts/scan_recent_multi_tf.py:199: UserWarning: This figure includes Axes that are not compatible with tight_layout, so results might be incorrect.
  fig.tight_layout()
/Users/zhangzc/fable-trading/scripts/scan_recent_multi_tf.py:199: UserWarning: This figure includes Axes that are not compatible with tight_layout, so results might be incorrect.
  fig.tight_layout()
/Users/zhangzc/fable-trading/scripts/scan_recent_multi_tf.py:199: UserWarning: This figure includes Axes that are not compatible with tight_layout, so results might be incorrect.
  fig.tight_layout()
/Users/zhangzc/fable-trading/scripts/scan_recent_multi_tf.py:199: UserWarning: This figure includes Axes that are not compatible with tight_layout, so results might be incorrect.
  fig.tight_layout()
/Users/zhangzc/fable-trading/scripts/scan_recent_multi_tf.py:199: UserWarning: This figure includes Axes that are not compatible with tight_layout, so results might be incorrect.
  fig.tight_layout()
/Users/zhangzc/fable-trading/scripts/scan_recent_multi_tf.py:199: UserWarning: This figure includes Axes that are not compatible with tight_layout, so results might be incorrect.
  fig.tight_layout()
/Users/zhangzc/fable-trading/scripts/scan_recent_multi_tf.py:199: UserWarning: This figure includes Axes that are not compatible with tight_layout, so results might be incorrect.
  fig.tight_layout()
/Users/zhangzc/fable-trading/scripts/scan_recent_multi_tf.py:199: UserWarning: This figure includes Axes that are not compatible with tight_layout, so results might be incorrect.
  fig.tight_layout()
/Users/zhangzc/fable-trading/scripts/scan_recent_multi_tf.py:199: UserWarning: This figure includes Axes that are not compatible with tight_layout, so results might be incorrect.
  fig.tight_layout()
/Users/zhangzc/fable-trading/scripts/scan_recent_multi_tf.py:199: UserWarning: This figure includes Axes that are not compatible with tight_layout, so results might be incorrect.
  fig.tight_layout()
/Users/zhangzc/fable-trading/scripts/scan_recent_multi_tf.py:199: UserWarning: This figure includes Axes that are not compatible with tight_layout, so results might be incorrect.
  fig.tight_layout()
/Users/zhangzc/fable-trading/scripts/scan_recent_multi_tf.py:199: UserWarning: This figure includes Axes that are not compatible with tight_layout, so results might be incorrect.
  fig.tight_layout()
[8/30] AVAX_USDT_SWAP         3m 主流  3日   +2.9%  扫 1440  开火 19
/Users/zhangzc/fable-trading/scripts/scan_recent_multi_tf.py:199: UserWarning: This figure includes Axes that are not compatible with tight_layout, so results might be incorrect.
  fig.tight_layout()
/Users/zhangzc/fable-trading/scripts/scan_recent_multi_tf.py:199: UserWarning: This figure includes Axes that are not compatible with tight_layout, so results might be incorrect.
  fig.tight_layout()
/Users/zhangzc/fable-trading/scripts/scan_recent_multi_tf.py:199: UserWarning: This figure includes Axes that are not compatible with tight_layout, so results might be incorrect.
  fig.tight_layout()
/Users/zhangzc/fable-trading/scripts/scan_recent_multi_tf.py:199: UserWarning: This figure includes Axes that are not compatible with tight_layout, so results might be incorrect.
  fig.tight_layout()
/Users/zhangzc/fable-trading/scripts/scan_recent_multi_tf.py:199: UserWarning: This figure includes Axes that are not compatible with tight_layout, so results might be incorrect.
  fig.tight_layout()
/Users/zhangzc/fable-trading/scripts/scan_recent_multi_tf.py:199: UserWarning: This figure includes Axes that are not compatible with tight_layout, so results might be incorrect.
  fig.tight_layout()
/Users/zhangzc/fable-trading/scripts/scan_recent_multi_tf.py:199: UserWarning: This figure includes Axes that are not compatible with tight_layout, so results might be incorrect.
  fig.tight_layout()
/Users/zhangzc/fable-trading/scripts/scan_recent_multi_tf.py:199: UserWarning: This figure includes Axes that are not compatible with tight_layout, so results might be incorrect.
  fig.tight_layout()
/Users/zhangzc/fable-trading/scripts/scan_recent_multi_tf.py:199: UserWarning: This figure includes Axes that are not compatible with tight_layout, so results might be incorrect.
  fig.tight_layout()
/Users/zhangzc/fable-trading/scripts/scan_recent_multi_tf.py:199: UserWarning: This figure includes Axes that are not compatible with tight_layout, so results might be incorrect.
  fig.tight_layout()
/Users/zhangzc/fable-trading/scripts/scan_recent_multi_tf.py:199: UserWarning: This figure includes Axes that are not compatible with tight_layout, so results might be incorrect.
  fig.tight_layout()
/Users/zhangzc/fable-trading/scripts/scan_recent_multi_tf.py:199: UserWarning: This figure includes Axes that are not compatible with tight_layout, so results might be incorrect.
  fig.tight_layout()
/Users/zhangzc/fable-trading/scripts/scan_recent_multi_tf.py:199: UserWarning: This figure includes Axes that are not compatible with tight_layout, so results might be incorrect.
  fig.tight_layout()
/Users/zhangzc/fable-trading/scripts/scan_recent_multi_tf.py:199: UserWarning: This figure includes Axes that are not compatible with tight_layout, so results might be incorrect.
  fig.tight_layout()
/Users/zhangzc/fable-trading/scripts/scan_recent_multi_tf.py:199: UserWarning: This figure includes Axes that are not compatible with tight_layout, so results might be incorrect.
  fig.tight_layout()
/Users/zhangzc/fable-trading/scripts/scan_recent_multi_tf.py:199: UserWarning: This figure includes Axes that are not compatible with tight_layout, so results might be incorrect.
  fig.tight_layout()
/Users/zhangzc/fable-trading/scripts/scan_recent_multi_tf.py:199: UserWarning: This figure includes Axes that are not compatible with tight_layout, so results might be incorrect.
  fig.tight_layout()
/Users/zhangzc/fable-trading/scripts/scan_recent_multi_tf.py:199: UserWarning: This figure includes Axes that are not compatible with tight_layout, so results might be incorrect.
  fig.tight_layout()
/Users/zhangzc/fable-trading/scripts/scan_recent_multi_tf.py:199: UserWarning: This figure includes Axes that are not compatible with tight_layout, so results might be incorrect.
  fig.tight_layout()
[9/30] LINK_USDT_SWAP         3m 主流  3日   +0.0%  扫 1440  开火 13
/Users/zhangzc/fable-trading/scripts/scan_recent_multi_tf.py:199: UserWarning: This figure includes Axes that are not compatible with tight_layout, so results might be incorrect.
  fig.tight_layout()
/Users/zhangzc/fable-trading/scripts/scan_recent_multi_tf.py:199: UserWarning: This figure includes Axes that are not compatible with tight_layout, so results might be incorrect.
  fig.tight_layout()
/Users/zhangzc/fable-trading/scripts/scan_recent_multi_tf.py:199: UserWarning: This figure includes Axes that are not compatible with tight_layout, so results might be incorrect.
  fig.tight_layout()
/Users/zhangzc/fable-trading/scripts/scan_recent_multi_tf.py:199: UserWarning: This figure includes Axes that are not compatible with tight_layout, so results might be incorrect.
  fig.tight_layout()
/Users/zhangzc/fable-trading/scripts/scan_recent_multi_tf.py:199: UserWarning: This figure includes Axes that are not compatible with tight_layout, so results might be incorrect.
  fig.tight_layout()
/Users/zhangzc/fable-trading/scripts/scan_recent_multi_tf.py:199: UserWarning: This figure includes Axes that are not compatible with tight_layout, so results might be incorrect.
  fig.tight_layout()
/Users/zhangzc/fable-trading/scripts/scan_recent_multi_tf.py:199: UserWarning: This figure includes Axes that are not compatible with tight_layout, so results might be incorrect.
  fig.tight_layout()
/Users/zhangzc/fable-trading/scripts/scan_recent_multi_tf.py:199: UserWarning: This figure includes Axes that are not compatible with tight_layout, so results might be incorrect.
  fig.tight_layout()
/Users/zhangzc/fable-trading/scripts/scan_recent_multi_tf.py:199: UserWarning: This figure includes Axes that are not compatible with tight_layout, so results might be incorrect.
  fig.tight_layout()
/Users/zhangzc/fable-trading/scripts/scan_recent_multi_tf.py:199: UserWarning: This figure includes Axes that are not compatible with tight_layout, so results might be incorrect.
  fig.tight_layout()
/Users/zhangzc/fable-trading/scripts/scan_recent_multi_tf.py:199: UserWarning: This figure includes Axes that are not compatible with tight_layout, so results might be incorrect.
  fig.tight_layout()
/Users/zhangzc/fable-trading/scripts/scan_recent_multi_tf.py:199: UserWarning: This figure includes Axes that are not compatible with tight_layout, so results might be incorrect.
  fig.tight_layout()
/Users/zhangzc/fable-trading/scripts/scan_recent_multi_tf.py:199: UserWarning: This figure includes Axes that are not compatible with tight_layout, so results might be incorrect.
  fig.tight_layout()
[10/30] LTC_USDT_SWAP          3m 主流  3日   +1.2%  扫 1440  开火 15
/Users/zhangzc/fable-trading/scripts/scan_recent_multi_tf.py:199: UserWarning: This figure includes Axes that are not compatible with tight_layout, so results might be incorrect.
  fig.tight_layout()
/Users/zhangzc/fable-trading/scripts/scan_recent_multi_tf.py:199: UserWarning: This figure includes Axes that are not compatible with tight_layout, so results might be incorrect.
  fig.tight_layout()
/Users/zhangzc/fable-trading/scripts/scan_recent_multi_tf.py:199: UserWarning: This figure includes Axes that are not compatible with tight_layout, so results might be incorrect.
  fig.tight_layout()
/Users/zhangzc/fable-trading/scripts/scan_recent_multi_tf.py:199: UserWarning: This figure includes Axes that are not compatible with tight_layout, so results might be incorrect.
  fig.tight_layout()
/Users/zhangzc/fable-trading/scripts/scan_recent_multi_tf.py:199: UserWarning: This figure includes Axes that are not compatible with tight_layout, so results might be incorrect.
  fig.tight_layout()
/Users/zhangzc/fable-trading/scripts/scan_recent_multi_tf.py:199: UserWarning: This figure includes Axes that are not compatible with tight_layout, so results might be incorrect.
  fig.tight_layout()
/Users/zhangzc/fable-trading/scripts/scan_recent_multi_tf.py:199: UserWarning: This figure includes Axes that are not compatible with tight_layout, so results might be incorrect.
  fig.tight_layout()
/Users/zhangzc/fable-trading/scripts/scan_recent_multi_tf.py:199: UserWarning: This figure includes Axes that are not compatible with tight_layout, so results might be incorrect.
  fig.tight_layout()
/Users/zhangzc/fable-trading/scripts/scan_recent_multi_tf.py:199: UserWarning: This figure includes Axes that are not compatible with tight_layout, so results might be incorrect.
  fig.tight_layout()
/Users/zhangzc/fable-trading/scripts/scan_recent_multi_tf.py:199: UserWarning: This figure includes Axes that are not compatible with tight_layout, so results might be incorrect.
  fig.tight_layout()
/Users/zhangzc/fable-trading/scripts/scan_recent_multi_tf.py:199: UserWarning: This figure includes Axes that are not compatible with tight_layout, so results might be incorrect.
  fig.tight_layout()
/Users/zhangzc/fable-trading/scripts/scan_recent_multi_tf.py:199: UserWarning: This figure includes Axes that are not compatible with tight_layout, so results might be incorrect.
  fig.tight_layout()
/Users/zhangzc/fable-trading/scripts/scan_recent_multi_tf.py:199: UserWarning: This figure includes Axes that are not compatible with tight_layout, so results might be incorrect.
  fig.tight_layout()
/Users/zhangzc/fable-trading/scripts/scan_recent_multi_tf.py:199: UserWarning: This figure includes Axes that are not compatible with tight_layout, so results might be incorrect.
  fig.tight_layout()
/Users/zhangzc/fable-trading/scripts/scan_recent_multi_tf.py:199: UserWarning: This figure includes Axes that are not compatible with tight_layout, so results might be incorrect.
  fig.tight_layout()
[11/30] SOON_USDT_SWAP         3m 榜单  3日  +42.2%  扫 1440  开火 24
/Users/zhangzc/fable-trading/scripts/scan_recent_multi_tf.py:199: UserWarning: This figure includes Axes that are not compatible with tight_layout, so results might be incorrect.
  fig.tight_layout()
/Users/zhangzc/fable-trading/scripts/scan_recent_multi_tf.py:199: UserWarning: This figure includes Axes that are not compatible with tight_layout, so results might be incorrect.
  fig.tight_layout()
/Users/zhangzc/fable-trading/scripts/scan_recent_multi_tf.py:199: UserWarning: This figure includes Axes that are not compatible with tight_layout, so results might be incorrect.
  fig.tight_layout()
/Users/zhangzc/fable-trading/scripts/scan_recent_multi_tf.py:199: UserWarning: This figure includes Axes that are not compatible with tight_layout, so results might be incorrect.
  fig.tight_layout()
/Users/zhangzc/fable-trading/scripts/scan_recent_multi_tf.py:199: UserWarning: This figure includes Axes that are not compatible with tight_layout, so results might be incorrect.
  fig.tight_layout()
/Users/zhangzc/fable-trading/scripts/scan_recent_multi_tf.py:199: UserWarning: This figure includes Axes that are not compatible with tight_layout, so results might be incorrect.
  fig.tight_layout()
/Users/zhangzc/fable-trading/scripts/scan_recent_multi_tf.py:199: UserWarning: This figure includes Axes that are not compatible with tight_layout, so results might be incorrect.
  fig.tight_layout()
/Users/zhangzc/fable-trading/scripts/scan_recent_multi_tf.py:199: UserWarning: This figure includes Axes that are not compatible with tight_layout, so results might be incorrect.
  fig.tight_layout()
/Users/zhangzc/fable-trading/scripts/scan_recent_multi_tf.py:199: UserWarning: This figure includes Axes that are not compatible with tight_layout, so results might be incorrect.
  fig.tight_layout()
/Users/zhangzc/fable-trading/scripts/scan_recent_multi_tf.py:199: UserWarning: This figure includes Axes that are not compatible with tight_layout, so results might be incorrect.
  fig.tight_layout()
/Users/zhangzc/fable-trading/scripts/scan_recent_multi_tf.py:199: UserWarning: This figure includes Axes that are not compatible with tight_layout, so results might be incorrect.
  fig.tight_layout()
/Users/zhangzc/fable-trading/scripts/scan_recent_multi_tf.py:199: UserWarning: This figure includes Axes that are not compatible with tight_layout, so results might be incorrect.
  fig.tight_layout()
/Users/zhangzc/fable-trading/scripts/scan_recent_multi_tf.py:199: UserWarning: This figure includes Axes that are not compatible with tight_layout, so results might be incorrect.
  fig.tight_layout()
/Users/zhangzc/fable-trading/scripts/scan_recent_multi_tf.py:199: UserWarning: This figure includes Axes that are not compatible with tight_layout, so results might be incorrect.
  fig.tight_layout()
/Users/zhangzc/fable-trading/scripts/scan_recent_multi_tf.py:199: UserWarning: This figure includes Axes that are not compatible with tight_layout, so results might be incorrect.
  fig.tight_layout()
/Users/zhangzc/fable-trading/scripts/scan_recent_multi_tf.py:199: UserWarning: This figure includes Axes that are not compatible with tight_layout, so results might be incorrect.
  fig.tight_layout()
/Users/zhangzc/fable-trading/scripts/scan_recent_multi_tf.py:199: UserWarning: This figure includes Axes that are not compatible with tight_layout, so results might be incorrect.
  fig.tight_layout()
/Users/zhangzc/fable-trading/scripts/scan_recent_multi_tf.py:199: UserWarning: This figure includes Axes that are not compatible with tight_layout, so results might be incorrect.
  fig.tight_layout()
/Users/zhangzc/fable-trading/scripts/scan_recent_multi_tf.py:199: UserWarning: This figure includes Axes that are not compatible with tight_layout, so results might be incorrect.
  fig.tight_layout()
/Users/zhangzc/fable-trading/scripts/scan_recent_multi_tf.py:199: UserWarning: This figure includes Axes that are not compatible with tight_layout, so results might be incorrect.
  fig.tight_layout()
/Users/zhangzc/fable-trading/scripts/scan_recent_multi_tf.py:199: UserWarning: This figure includes Axes that are not compatible with tight_layout, so results might be incorrect.
  fig.tight_layout()
/Users/zhangzc/fable-trading/scripts/scan_recent_multi_tf.py:199: UserWarning: This figure includes Axes that are not compatible with tight_layout, so results might be incorrect.
  fig.tight_layout()
/Users/zhangzc/fable-trading/scripts/scan_recent_multi_tf.py:199: UserWarning: This figure includes Axes that are not compatible with tight_layout, so results might be incorrect.
  fig.tight_layout()
/Users/zhangzc/fable-trading/scripts/scan_recent_multi_tf.py:199: UserWarning: This figure includes Axes that are not compatible with tight_layout, so results might be incorrect.
  fig.tight_layout()
[12/30] PEOPLE_USDT_SWAP       3m 榜单  3日  +33.4%  扫 1440  开火 32
/Users/zhangzc/fable-trading/scripts/scan_recent_multi_tf.py:199: UserWarning: This figure includes Axes that are not compatible with tight_layout, so results might be incorrect.
  fig.tight_layout()
/Users/zhangzc/fable-trading/scripts/scan_recent_multi_tf.py:199: UserWarning: This figure includes Axes that are not compatible with tight_layout, so results might be incorrect.
  fig.tight_layout()
/Users/zhangzc/fable-trading/scripts/scan_recent_multi_tf.py:199: UserWarning: This figure includes Axes that are not compatible with tight_layout, so results might be incorrect.
  fig.tight_layout()
/Users/zhangzc/fable-trading/scripts/scan_recent_multi_tf.py:199: UserWarning: This figure includes Axes that are not compatible with tight_layout, so results might be incorrect.
  fig.tight_layout()
/Users/zhangzc/fable-trading/scripts/scan_recent_multi_tf.py:199: UserWarning: This figure includes Axes that are not compatible with tight_layout, so results might be incorrect.
  fig.tight_layout()
/Users/zhangzc/fable-trading/scripts/scan_recent_multi_tf.py:199: UserWarning: This figure includes Axes that are not compatible with tight_layout, so results might be incorrect.
  fig.tight_layout()
/Users/zhangzc/fable-trading/scripts/scan_recent_multi_tf.py:199: UserWarning: This figure includes Axes that are not compatible with tight_layout, so results might be incorrect.
  fig.tight_layout()
/Users/zhangzc/fable-trading/scripts/scan_recent_multi_tf.py:199: UserWarning: This figure includes Axes that are not compatible with tight_layout, so results might be incorrect.
  fig.tight_layout()
/Users/zhangzc/fable-trading/scripts/scan_recent_multi_tf.py:199: UserWarning: This figure includes Axes that are not compatible with tight_layout, so results might be incorrect.
  fig.tight_layout()
/Users/zhangzc/fable-trading/scripts/scan_recent_multi_tf.py:199: UserWarning: This figure includes Axes that are not compatible with tight_layout, so results might be incorrect.
  fig.tight_layout()
/Users/zhangzc/fable-trading/scripts/scan_recent_multi_tf.py:199: UserWarning: This figure includes Axes that are not compatible with tight_layout, so results might be incorrect.
  fig.tight_layout()
/Users/zhangzc/fable-trading/scripts/scan_recent_multi_tf.py:199: UserWarning: This figure includes Axes that are not compatible with tight_layout, so results might be incorrect.
  fig.tight_layout()
/Users/zhangzc/fable-trading/scripts/scan_recent_multi_tf.py:199: UserWarning: This figure includes Axes that are not compatible with tight_layout, so results might be incorrect.
  fig.tight_layout()
/Users/zhangzc/fable-trading/scripts/scan_recent_multi_tf.py:199: UserWarning: This figure includes Axes that are not compatible with tight_layout, so results might be incorrect.
  fig.tight_layout()
/Users/zhangzc/fable-trading/scripts/scan_recent_multi_tf.py:199: UserWarning: This figure includes Axes that are not compatible with tight_layout, so results might be incorrect.
  fig.tight_layout()
/Users/zhangzc/fable-trading/scripts/scan_recent_multi_tf.py:199: UserWarning: This figure includes Axes that are not compatible with tight_layout, so results might be incorrect.
  fig.tight_layout()
/Users/zhangzc/fable-trading/scripts/scan_recent_multi_tf.py:199: UserWarning: This figure includes Axes that are not compatible with tight_layout, so results might be incorrect.
  fig.tight_layout()
/Users/zhangzc/fable-trading/scripts/scan_recent_multi_tf.py:199: UserWarning: This figure includes Axes that are not compatible with tight_layout, so results might be incorrect.
  fig.tight_layout()
/Users/zhangzc/fable-trading/scripts/scan_recent_multi_tf.py:199: UserWarning: This figure includes Axes that are not compatible with tight_layout, so results might be incorrect.
  fig.tight_layout()
/Users/zhangzc/fable-trading/scripts/scan_recent_multi_tf.py:199: UserWarning: This figure includes Axes that are not compatible with tight_layout, so results might be incorrect.
  fig.tight_layout()
/Users/zhangzc/fable-trading/scripts/scan_recent_multi_tf.py:199: UserWarning: This figure includes Axes that are not compatible with tight_layout, so results might be incorrect.
  fig.tight_layout()
/Users/zhangzc/fable-trading/scripts/scan_recent_multi_tf.py:199: UserWarning: This figure includes Axes that are not compatible with tight_layout, so results might be incorrect.
  fig.tight_layout()
/Users/zhangzc/fable-trading/scripts/scan_recent_multi_tf.py:199: UserWarning: This figure includes Axes that are not compatible with tight_layout, so results might be incorrect.
  fig.tight_layout()
/Users/zhangzc/fable-trading/scripts/scan_recent_multi_tf.py:199: UserWarning: This figure includes Axes that are not compatible with tight_layout, so results might be incorrect.
  fig.tight_layout()
/Users/zhangzc/fable-trading/scripts/scan_recent_multi_tf.py:199: UserWarning: This figure includes Axes that are not compatible with tight_layout, so results might be incorrect.
  fig.tight_layout()
/Users/zhangzc/fable-trading/scripts/scan_recent_multi_tf.py:199: UserWarning: This figure includes Axes that are not compatible with tight_layout, so results might be incorrect.
  fig.tight_layout()
/Users/zhangzc/fable-trading/scripts/scan_recent_multi_tf.py:199: UserWarning: This figure includes Axes that are not compatible with tight_layout, so results might be incorrect.
  fig.tight_layout()
/Users/zhangzc/fable-trading/scripts/scan_recent_multi_tf.py:199: UserWarning: This figure includes Axes that are not compatible with tight_layout, so results might be incorrect.
  fig.tight_layout()
/Users/zhangzc/fable-trading/scripts/scan_recent_multi_tf.py:199: UserWarning: This figure includes Axes that are not compatible with tight_layout, so results might be incorrect.
  fig.tight_layout()
/Users/zhangzc/fable-trading/scripts/scan_recent_multi_tf.py:199: UserWarning: This figure includes Axes that are not compatible with tight_layout, so results might be incorrect.
  fig.tight_layout()
/Users/zhangzc/fable-trading/scripts/scan_recent_multi_tf.py:199: UserWarning: This figure includes Axes that are not compatible with tight_layout, so results might be incorrect.
  fig.tight_layout()
/Users/zhangzc/fable-trading/scripts/scan_recent_multi_tf.py:199: UserWarning: This figure includes Axes that are not compatible with tight_layout, so results might be incorrect.
  fig.tight_layout()
[13/30] BOME_USDT_SWAP         3m 榜单  3日  +30.4%  扫 1440  开火 24
/Users/zhangzc/fable-trading/scripts/scan_recent_multi_tf.py:199: UserWarning: This figure includes Axes that are not compatible with tight_layout, so results might be incorrect.
  fig.tight_layout()
/Users/zhangzc/fable-trading/scripts/scan_recent_multi_tf.py:199: UserWarning: This figure includes Axes that are not compatible with tight_layout, so results might be incorrect.
  fig.tight_layout()
/Users/zhangzc/fable-trading/scripts/scan_recent_multi_tf.py:199: UserWarning: This figure includes Axes that are not compatible with tight_layout, so results might be incorrect.
  fig.tight_layout()
/Users/zhangzc/fable-trading/scripts/scan_recent_multi_tf.py:199: UserWarning: This figure includes Axes that are not compatible with tight_layout, so results might be incorrect.
  fig.tight_layout()
/Users/zhangzc/fable-trading/scripts/scan_recent_multi_tf.py:199: UserWarning: This figure includes Axes that are not compatible with tight_layout, so results might be incorrect.
  fig.tight_layout()
/Users/zhangzc/fable-trading/scripts/scan_recent_multi_tf.py:199: UserWarning: This figure includes Axes that are not compatible with tight_layout, so results might be incorrect.
  fig.tight_layout()
/Users/zhangzc/fable-trading/scripts/scan_recent_multi_tf.py:199: UserWarning: This figure includes Axes that are not compatible with tight_layout, so results might be incorrect.
  fig.tight_layout()
/Users/zhangzc/fable-trading/scripts/scan_recent_multi_tf.py:199: UserWarning: This figure includes Axes that are not compatible with tight_layout, so results might be incorrect.
  fig.tight_layout()
/Users/zhangzc/fable-trading/scripts/scan_recent_multi_tf.py:199: UserWarning: This figure includes Axes that are not compatible with tight_layout, so results might be incorrect.
  fig.tight_layout()
/Users/zhangzc/fable-trading/scripts/scan_recent_multi_tf.py:199: UserWarning: This figure includes Axes that are not compatible with tight_layout, so results might be incorrect.
  fig.tight_layout()
/Users/zhangzc/fable-trading/scripts/scan_recent_multi_tf.py:199: UserWarning: This figure includes Axes that are not compatible with tight_layout, so results might be incorrect.
  fig.tight_layout()
/Users/zhangzc/fable-trading/scripts/scan_recent_multi_tf.py:199: UserWarning: This figure includes Axes that are not compatible with tight_layout, so results might be incorrect.
  fig.tight_layout()
/Users/zhangzc/fable-trading/scripts/scan_recent_multi_tf.py:199: UserWarning: This figure includes Axes that are not compatible with tight_layout, so results might be incorrect.
  fig.tight_layout()
/Users/zhangzc/fable-trading/scripts/scan_recent_multi_tf.py:199: UserWarning: This figure includes Axes that are not compatible with tight_layout, so results might be incorrect.
  fig.tight_layout()
/Users/zhangzc/fable-trading/scripts/scan_recent_multi_tf.py:199: UserWarning: This figure includes Axes that are not compatible with tight_layout, so results might be incorrect.
  fig.tight_layout()
/Users/zhangzc/fable-trading/scripts/scan_recent_multi_tf.py:199: UserWarning: This figure includes Axes that are not compatible with tight_layout, so results might be incorrect.
  fig.tight_layout()
/Users/zhangzc/fable-trading/scripts/scan_recent_multi_tf.py:199: UserWarning: This figure includes Axes that are not compatible with tight_layout, so results might be incorrect.
  fig.tight_layout()
/Users/zhangzc/fable-trading/scripts/scan_recent_multi_tf.py:199: UserWarning: This figure includes Axes that are not compatible with tight_layout, so results might be incorrect.
  fig.tight_layout()
/Users/zhangzc/fable-trading/scripts/scan_recent_multi_tf.py:199: UserWarning: This figure includes Axes that are not compatible with tight_layout, so results might be incorrect.
  fig.tight_layout()
/Users/zhangzc/fable-trading/scripts/scan_recent_multi_tf.py:199: UserWarning: This figure includes Axes that are not compatible with tight_layout, so results might be incorrect.
  fig.tight_layout()
/Users/zhangzc/fable-trading/scripts/scan_recent_multi_tf.py:199: UserWarning: This figure includes Axes that are not compatible with tight_layout, so results might be incorrect.
  fig.tight_layout()
/Users/zhangzc/fable-trading/scripts/scan_recent_multi_tf.py:199: UserWarning: This figure includes Axes that are not compatible with tight_layout, so results might be incorrect.
  fig.tight_layout()
/Users/zhangzc/fable-trading/scripts/scan_recent_multi_tf.py:199: UserWarning: This figure includes Axes that are not compatible with tight_layout, so results might be incorrect.
  fig.tight_layout()
/Users/zhangzc/fable-trading/scripts/scan_recent_multi_tf.py:199: UserWarning: This figure includes Axes that are not compatible with tight_layout, so results might be incorrect.
  fig.tight_layout()
[14/30] KORU_USDT_SWAP         3m 榜单  3日  -23.2%  扫 1440  开火 22
/Users/zhangzc/fable-trading/scripts/scan_recent_multi_tf.py:199: UserWarning: This figure includes Axes that are not compatible with tight_layout, so results might be incorrect.
  fig.tight_layout()
/Users/zhangzc/fable-trading/scripts/scan_recent_multi_tf.py:199: UserWarning: This figure includes Axes that are not compatible with tight_layout, so results might be incorrect.
  fig.tight_layout()
/Users/zhangzc/fable-trading/scripts/scan_recent_multi_tf.py:199: UserWarning: This figure includes Axes that are not compatible with tight_layout, so results might be incorrect.
  fig.tight_layout()
/Users/zhangzc/fable-trading/scripts/scan_recent_multi_tf.py:199: UserWarning: This figure includes Axes that are not compatible with tight_layout, so results might be incorrect.
  fig.tight_layout()
/Users/zhangzc/fable-trading/scripts/scan_recent_multi_tf.py:199: UserWarning: This figure includes Axes that are not compatible with tight_layout, so results might be incorrect.
  fig.tight_layout()
/Users/zhangzc/fable-trading/scripts/scan_recent_multi_tf.py:199: UserWarning: This figure includes Axes that are not compatible with tight_layout, so results might be incorrect.
  fig.tight_layout()
/Users/zhangzc/fable-trading/scripts/scan_recent_multi_tf.py:199: UserWarning: This figure includes Axes that are not compatible with tight_layout, so results might be incorrect.
  fig.tight_layout()
/Users/zhangzc/fable-trading/scripts/scan_recent_multi_tf.py:199: UserWarning: This figure includes Axes that are not compatible with tight_layout, so results might be incorrect.
  fig.tight_layout()
/Users/zhangzc/fable-trading/scripts/scan_recent_multi_tf.py:199: UserWarning: This figure includes Axes that are not compatible with tight_layout, so results might be incorrect.
  fig.tight_layout()
/Users/zhangzc/fable-trading/scripts/scan_recent_multi_tf.py:199: UserWarning: This figure includes Axes that are not compatible with tight_layout, so results might be incorrect.
  fig.tight_layout()
/Users/zhangzc/fable-trading/scripts/scan_recent_multi_tf.py:199: UserWarning: This figure includes Axes that are not compatible with tight_layout, so results might be incorrect.
  fig.tight_layout()
/Users/zhangzc/fable-trading/scripts/scan_recent_multi_tf.py:199: UserWarning: This figure includes Axes that are not compatible with tight_layout, so results might be incorrect.
  fig.tight_layout()
/Users/zhangzc/fable-trading/scripts/scan_recent_multi_tf.py:199: UserWarning: This figure includes Axes that are not compatible with tight_layout, so results might be incorrect.
  fig.tight_layout()
/Users/zhangzc/fable-trading/scripts/scan_recent_multi_tf.py:199: UserWarning: This figure includes Axes that are not compatible with tight_layout, so results might be incorrect.
  fig.tight_layout()
/Users/zhangzc/fable-trading/scripts/scan_recent_multi_tf.py:199: UserWarning: This figure includes Axes that are not compatible with tight_layout, so results might be incorrect.
  fig.tight_layout()
/Users/zhangzc/fable-trading/scripts/scan_recent_multi_tf.py:199: UserWarning: This figure includes Axes that are not compatible with tight_layout, so results might be incorrect.
  fig.tight_layout()
/Users/zhangzc/fable-trading/scripts/scan_recent_multi_tf.py:199: UserWarning: This figure includes Axes that are not compatible with tight_layout, so results might be incorrect.
  fig.tight_layout()
/Users/zhangzc/fable-trading/scripts/scan_recent_multi_tf.py:199: UserWarning: This figure includes Axes that are not compatible with tight_layout, so results might be incorrect.
  fig.tight_layout()
/Users/zhangzc/fable-trading/scripts/scan_recent_multi_tf.py:199: UserWarning: This figure includes Axes that are not compatible with tight_layout, so results might be incorrect.
  fig.tight_layout()
/Users/zhangzc/fable-trading/scripts/scan_recent_multi_tf.py:199: UserWarning: This figure includes Axes that are not compatible with tight_layout, so results might be incorrect.
  fig.tight_layout()
/Users/zhangzc/fable-trading/scripts/scan_recent_multi_tf.py:199: UserWarning: This figure includes Axes that are not compatible with tight_layout, so results might be incorrect.
  fig.tight_layout()
/Users/zhangzc/fable-trading/scripts/scan_recent_multi_tf.py:199: UserWarning: This figure includes Axes that are not compatible with tight_layout, so results might be incorrect.
  fig.tight_layout()
[15/30] ZAMA_USDT_SWAP         3m 榜单  3日  +22.8%  扫 1440  开火 19
/Users/zhangzc/fable-trading/scripts/scan_recent_multi_tf.py:199: UserWarning: This figure includes Axes that are not compatible with tight_layout, so results might be incorrect.
  fig.tight_layout()
/Users/zhangzc/fable-trading/scripts/scan_recent_multi_tf.py:199: UserWarning: This figure includes Axes that are not compatible with tight_layout, so results might be incorrect.
  fig.tight_layout()
/Users/zhangzc/fable-trading/scripts/scan_recent_multi_tf.py:199: UserWarning: This figure includes Axes that are not compatible with tight_layout, so results might be incorrect.
  fig.tight_layout()
/Users/zhangzc/fable-trading/scripts/scan_recent_multi_tf.py:199: UserWarning: This figure includes Axes that are not compatible with tight_layout, so results might be incorrect.
  fig.tight_layout()
/Users/zhangzc/fable-trading/scripts/scan_recent_multi_tf.py:199: UserWarning: This figure includes Axes that are not compatible with tight_layout, so results might be incorrect.
  fig.tight_layout()
/Users/zhangzc/fable-trading/scripts/scan_recent_multi_tf.py:199: UserWarning: This figure includes Axes that are not compatible with tight_layout, so results might be incorrect.
  fig.tight_layout()
/Users/zhangzc/fable-trading/scripts/scan_recent_multi_tf.py:199: UserWarning: This figure includes Axes that are not compatible with tight_layout, so results might be incorrect.
  fig.tight_layout()
/Users/zhangzc/fable-trading/scripts/scan_recent_multi_tf.py:199: UserWarning: This figure includes Axes that are not compatible with tight_layout, so results might be incorrect.
  fig.tight_layout()
/Users/zhangzc/fable-trading/scripts/scan_recent_multi_tf.py:199: UserWarning: This figure includes Axes that are not compatible with tight_layout, so results might be incorrect.
  fig.tight_layout()
/Users/zhangzc/fable-trading/scripts/scan_recent_multi_tf.py:199: UserWarning: This figure includes Axes that are not compatible with tight_layout, so results might be incorrect.
  fig.tight_layout()
/Users/zhangzc/fable-trading/scripts/scan_recent_multi_tf.py:199: UserWarning: This figure includes Axes that are not compatible with tight_layout, so results might be incorrect.
  fig.tight_layout()
/Users/zhangzc/fable-trading/scripts/scan_recent_multi_tf.py:199: UserWarning: This figure includes Axes that are not compatible with tight_layout, so results might be incorrect.
  fig.tight_layout()
/Users/zhangzc/fable-trading/scripts/scan_recent_multi_tf.py:199: UserWarning: This figure includes Axes that are not compatible with tight_layout, so results might be incorrect.
  fig.tight_layout()
/Users/zhangzc/fable-trading/scripts/scan_recent_multi_tf.py:199: UserWarning: This figure includes Axes that are not compatible with tight_layout, so results might be incorrect.
  fig.tight_layout()
/Users/zhangzc/fable-trading/scripts/scan_recent_multi_tf.py:199: UserWarning: This figure includes Axes that are not compatible with tight_layout, so results might be incorrect.
  fig.tight_layout()
/Users/zhangzc/fable-trading/scripts/scan_recent_multi_tf.py:199: UserWarning: This figure includes Axes that are not compatible with tight_layout, so results might be incorrect.
  fig.tight_layout()
/Users/zhangzc/fable-trading/scripts/scan_recent_multi_tf.py:199: UserWarning: This figure includes Axes that are not compatible with tight_layout, so results might be incorrect.
  fig.tight_layout()
/Users/zhangzc/fable-trading/scripts/scan_recent_multi_tf.py:199: UserWarning: This figure includes Axes that are not compatible with tight_layout, so results might be incorrect.
  fig.tight_layout()
/Users/zhangzc/fable-trading/scripts/scan_recent_multi_tf.py:199: UserWarning: This figure includes Axes that are not compatible with tight_layout, so results might be incorrect.
  fig.tight_layout()
[16/30] SLX_USDT_SWAP          3m 榜单  3日  -20.9%  扫 1440  开火 23
/Users/zhangzc/fable-trading/scripts/scan_recent_multi_tf.py:199: UserWarning: This figure includes Axes that are not compatible with tight_layout, so results might be incorrect.
  fig.tight_layout()
/Users/zhangzc/fable-trading/scripts/scan_recent_multi_tf.py:199: UserWarning: This figure includes Axes that are not compatible with tight_layout, so results might be incorrect.
  fig.tight_layout()
/Users/zhangzc/fable-trading/scripts/scan_recent_multi_tf.py:199: UserWarning: This figure includes Axes that are not compatible with tight_layout, so results might be incorrect.
  fig.tight_layout()
/Users/zhangzc/fable-trading/scripts/scan_recent_multi_tf.py:199: UserWarning: This figure includes Axes that are not compatible with tight_layout, so results might be incorrect.
  fig.tight_layout()
/Users/zhangzc/fable-trading/scripts/scan_recent_multi_tf.py:199: UserWarning: This figure includes Axes that are not compatible with tight_layout, so results might be incorrect.
  fig.tight_layout()
/Users/zhangzc/fable-trading/scripts/scan_recent_multi_tf.py:199: UserWarning: This figure includes Axes that are not compatible with tight_layout, so results might be incorrect.
  fig.tight_layout()
/Users/zhangzc/fable-trading/scripts/scan_recent_multi_tf.py:199: UserWarning: This figure includes Axes that are not compatible with tight_layout, so results might be incorrect.
  fig.tight_layout()
/Users/zhangzc/fable-trading/scripts/scan_recent_multi_tf.py:199: UserWarning: This figure includes Axes that are not compatible with tight_layout, so results might be incorrect.
  fig.tight_layout()
/Users/zhangzc/fable-trading/scripts/scan_recent_multi_tf.py:199: UserWarning: This figure includes Axes that are not compatible with tight_layout, so results might be incorrect.
  fig.tight_layout()
/Users/zhangzc/fable-trading/scripts/scan_recent_multi_tf.py:199: UserWarning: This figure includes Axes that are not compatible with tight_layout, so results might be incorrect.
  fig.tight_layout()
/Users/zhangzc/fable-trading/scripts/scan_recent_multi_tf.py:199: UserWarning: This figure includes Axes that are not compatible with tight_layout, so results might be incorrect.
  fig.tight_layout()
/Users/zhangzc/fable-trading/scripts/scan_recent_multi_tf.py:199: UserWarning: This figure includes Axes that are not compatible with tight_layout, so results might be incorrect.
  fig.tight_layout()
/Users/zhangzc/fable-trading/scripts/scan_recent_multi_tf.py:199: UserWarning: This figure includes Axes that are not compatible with tight_layout, so results might be incorrect.
  fig.tight_layout()
/Users/zhangzc/fable-trading/scripts/scan_recent_multi_tf.py:199: UserWarning: This figure includes Axes that are not compatible with tight_layout, so results might be incorrect.
  fig.tight_layout()
/Users/zhangzc/fable-trading/scripts/scan_recent_multi_tf.py:199: UserWarning: This figure includes Axes that are not compatible with tight_layout, so results might be incorrect.
  fig.tight_layout()
/Users/zhangzc/fable-trading/scripts/scan_recent_multi_tf.py:199: UserWarning: This figure includes Axes that are not compatible with tight_layout, so results might be incorrect.
  fig.tight_layout()
/Users/zhangzc/fable-trading/scripts/scan_recent_multi_tf.py:199: UserWarning: This figure includes Axes that are not compatible with tight_layout, so results might be incorrect.
  fig.tight_layout()
/Users/zhangzc/fable-trading/scripts/scan_recent_multi_tf.py:199: UserWarning: This figure includes Axes that are not compatible with tight_layout, so results might be incorrect.
  fig.tight_layout()
/Users/zhangzc/fable-trading/scripts/scan_recent_multi_tf.py:199: UserWarning: This figure includes Axes that are not compatible with tight_layout, so results might be incorrect.
  fig.tight_layout()
/Users/zhangzc/fable-trading/scripts/scan_recent_multi_tf.py:199: UserWarning: This figure includes Axes that are not compatible with tight_layout, so results might be incorrect.
  fig.tight_layout()
/Users/zhangzc/fable-trading/scripts/scan_recent_multi_tf.py:199: UserWarning: This figure includes Axes that are not compatible with tight_layout, so results might be incorrect.
  fig.tight_layout()
/Users/zhangzc/fable-trading/scripts/scan_recent_multi_tf.py:199: UserWarning: This figure includes Axes that are not compatible with tight_layout, so results might be incorrect.
  fig.tight_layout()
/Users/zhangzc/fable-trading/scripts/scan_recent_multi_tf.py:199: UserWarning: This figure includes Axes that are not compatible with tight_layout, so results might be incorrect.
  fig.tight_layout()
[17/30] KGEN_USDT_SWAP         3m 榜单  3日  +19.2%  扫 1440  开火 22
/Users/zhangzc/fable-trading/scripts/scan_recent_multi_tf.py:199: UserWarning: This figure includes Axes that are not compatible with tight_layout, so results might be incorrect.
  fig.tight_layout()
/Users/zhangzc/fable-trading/scripts/scan_recent_multi_tf.py:199: UserWarning: This figure includes Axes that are not compatible with tight_layout, so results might be incorrect.
  fig.tight_layout()
/Users/zhangzc/fable-trading/scripts/scan_recent_multi_tf.py:199: UserWarning: This figure includes Axes that are not compatible with tight_layout, so results might be incorrect.
  fig.tight_layout()
/Users/zhangzc/fable-trading/scripts/scan_recent_multi_tf.py:199: UserWarning: This figure includes Axes that are not compatible with tight_layout, so results might be incorrect.
  fig.tight_layout()
/Users/zhangzc/fable-trading/scripts/scan_recent_multi_tf.py:199: UserWarning: This figure includes Axes that are not compatible with tight_layout, so results might be incorrect.
  fig.tight_layout()
/Users/zhangzc/fable-trading/scripts/scan_recent_multi_tf.py:199: UserWarning: This figure includes Axes that are not compatible with tight_layout, so results might be incorrect.
  fig.tight_layout()
/Users/zhangzc/fable-trading/scripts/scan_recent_multi_tf.py:199: UserWarning: This figure includes Axes that are not compatible with tight_layout, so results might be incorrect.
  fig.tight_layout()
/Users/zhangzc/fable-trading/scripts/scan_recent_multi_tf.py:199: UserWarning: This figure includes Axes that are not compatible with tight_layout, so results might be incorrect.
  fig.tight_layout()
/Users/zhangzc/fable-trading/scripts/scan_recent_multi_tf.py:199: UserWarning: This figure includes Axes that are not compatible with tight_layout, so results might be incorrect.
  fig.tight_layout()
/Users/zhangzc/fable-trading/scripts/scan_recent_multi_tf.py:199: UserWarning: This figure includes Axes that are not compatible with tight_layout, so results might be incorrect.
  fig.tight_layout()
/Users/zhangzc/fable-trading/scripts/scan_recent_multi_tf.py:199: UserWarning: This figure includes Axes that are not compatible with tight_layout, so results might be incorrect.
  fig.tight_layout()
/Users/zhangzc/fable-trading/scripts/scan_recent_multi_tf.py:199: UserWarning: This figure includes Axes that are not compatible with tight_layout, so results might be incorrect.
  fig.tight_layout()
/Users/zhangzc/fable-trading/scripts/scan_recent_multi_tf.py:199: UserWarning: This figure includes Axes that are not compatible with tight_layout, so results might be incorrect.
  fig.tight_layout()
/Users/zhangzc/fable-trading/scripts/scan_recent_multi_tf.py:199: UserWarning: This figure includes Axes that are not compatible with tight_layout, so results might be incorrect.
  fig.tight_layout()
/Users/zhangzc/fable-trading/scripts/scan_recent_multi_tf.py:199: UserWarning: This figure includes Axes that are not compatible with tight_layout, so results might be incorrect.
  fig.tight_layout()
/Users/zhangzc/fable-trading/scripts/scan_recent_multi_tf.py:199: UserWarning: This figure includes Axes that are not compatible with tight_layout, so results might be incorrect.
  fig.tight_layout()
/Users/zhangzc/fable-trading/scripts/scan_recent_multi_tf.py:199: UserWarning: This figure includes Axes that are not compatible with tight_layout, so results might be incorrect.
  fig.tight_layout()
/Users/zhangzc/fable-trading/scripts/scan_recent_multi_tf.py:199: UserWarning: This figure includes Axes that are not compatible with tight_layout, so results might be incorrect.
  fig.tight_layout()
/Users/zhangzc/fable-trading/scripts/scan_recent_multi_tf.py:199: UserWarning: This figure includes Axes that are not compatible with tight_layout, so results might be incorrect.
  fig.tight_layout()
/Users/zhangzc/fable-trading/scripts/scan_recent_multi_tf.py:199: UserWarning: This figure includes Axes that are not compatible with tight_layout, so results might be incorrect.
  fig.tight_layout()
/Users/zhangzc/fable-trading/scripts/scan_recent_multi_tf.py:199: UserWarning: This figure includes Axes that are not compatible with tight_layout, so results might be incorrect.
  fig.tight_layout()
/Users/zhangzc/fable-trading/scripts/scan_recent_multi_tf.py:199: UserWarning: This figure includes Axes that are not compatible with tight_layout, so results might be incorrect.
  fig.tight_layout()
[18/30] RE_USDT_SWAP           3m 榜单  3日  -18.8%  扫 1440  开火 37
/Users/zhangzc/fable-trading/scripts/scan_recent_multi_tf.py:199: UserWarning: This figure includes Axes that are not compatible with tight_layout, so results might be incorrect.
  fig.tight_layout()
/Users/zhangzc/fable-trading/scripts/scan_recent_multi_tf.py:199: UserWarning: This figure includes Axes that are not compatible with tight_layout, so results might be incorrect.
  fig.tight_layout()
/Users/zhangzc/fable-trading/scripts/scan_recent_multi_tf.py:199: UserWarning: This figure includes Axes that are not compatible with tight_layout, so results might be incorrect.
  fig.tight_layout()
/Users/zhangzc/fable-trading/scripts/scan_recent_multi_tf.py:199: UserWarning: This figure includes Axes that are not compatible with tight_layout, so results might be incorrect.
  fig.tight_layout()
/Users/zhangzc/fable-trading/scripts/scan_recent_multi_tf.py:199: UserWarning: This figure includes Axes that are not compatible with tight_layout, so results might be incorrect.
  fig.tight_layout()
/Users/zhangzc/fable-trading/scripts/scan_recent_multi_tf.py:199: UserWarning: This figure includes Axes that are not compatible with tight_layout, so results might be incorrect.
  fig.tight_layout()
/Users/zhangzc/fable-trading/scripts/scan_recent_multi_tf.py:199: UserWarning: This figure includes Axes that are not compatible with tight_layout, so results might be incorrect.
  fig.tight_layout()
/Users/zhangzc/fable-trading/scripts/scan_recent_multi_tf.py:199: UserWarning: This figure includes Axes that are not compatible with tight_layout, so results might be incorrect.
  fig.tight_layout()
/Users/zhangzc/fable-trading/scripts/scan_recent_multi_tf.py:199: UserWarning: This figure includes Axes that are not compatible with tight_layout, so results might be incorrect.
  fig.tight_layout()
/Users/zhangzc/fable-trading/scripts/scan_recent_multi_tf.py:199: UserWarning: This figure includes Axes that are not compatible with tight_layout, so results might be incorrect.
  fig.tight_layout()
/Users/zhangzc/fable-trading/scripts/scan_recent_multi_tf.py:199: UserWarning: This figure includes Axes that are not compatible with tight_layout, so results might be incorrect.
  fig.tight_layout()
/Users/zhangzc/fable-trading/scripts/scan_recent_multi_tf.py:199: UserWarning: This figure includes Axes that are not compatible with tight_layout, so results might be incorrect.
  fig.tight_layout()
/Users/zhangzc/fable-trading/scripts/scan_recent_multi_tf.py:199: UserWarning: This figure includes Axes that are not compatible with tight_layout, so results might be incorrect.
  fig.tight_layout()
/Users/zhangzc/fable-trading/scripts/scan_recent_multi_tf.py:199: UserWarning: This figure includes Axes that are not compatible with tight_layout, so results might be incorrect.
  fig.tight_layout()
/Users/zhangzc/fable-trading/scripts/scan_recent_multi_tf.py:199: UserWarning: This figure includes Axes that are not compatible with tight_layout, so results might be incorrect.
  fig.tight_layout()
/Users/zhangzc/fable-trading/scripts/scan_recent_multi_tf.py:199: UserWarning: This figure includes Axes that are not compatible with tight_layout, so results might be incorrect.
  fig.tight_layout()
/Users/zhangzc/fable-trading/scripts/scan_recent_multi_tf.py:199: UserWarning: This figure includes Axes that are not compatible with tight_layout, so results might be incorrect.
  fig.tight_layout()
/Users/zhangzc/fable-trading/scripts/scan_recent_multi_tf.py:199: UserWarning: This figure includes Axes that are not compatible with tight_layout, so results might be incorrect.
  fig.tight_layout()
/Users/zhangzc/fable-trading/scripts/scan_recent_multi_tf.py:199: UserWarning: This figure includes Axes that are not compatible with tight_layout, so results might be incorrect.
  fig.tight_layout()
/Users/zhangzc/fable-trading/scripts/scan_recent_multi_tf.py:199: UserWarning: This figure includes Axes that are not compatible with tight_layout, so results might be incorrect.
  fig.tight_layout()
/Users/zhangzc/fable-trading/scripts/scan_recent_multi_tf.py:199: UserWarning: This figure includes Axes that are not compatible with tight_layout, so results might be incorrect.
  fig.tight_layout()
/Users/zhangzc/fable-trading/scripts/scan_recent_multi_tf.py:199: UserWarning: This figure includes Axes that are not compatible with tight_layout, so results might be incorrect.
  fig.tight_layout()
/Users/zhangzc/fable-trading/scripts/scan_recent_multi_tf.py:199: UserWarning: This figure includes Axes that are not compatible with tight_layout, so results might be incorrect.
  fig.tight_layout()
/Users/zhangzc/fable-trading/scripts/scan_recent_multi_tf.py:199: UserWarning: This figure includes Axes that are not compatible with tight_layout, so results might be incorrect.
  fig.tight_layout()
/Users/zhangzc/fable-trading/scripts/scan_recent_multi_tf.py:199: UserWarning: This figure includes Axes that are not compatible with tight_layout, so results might be incorrect.
  fig.tight_layout()
/Users/zhangzc/fable-trading/scripts/scan_recent_multi_tf.py:199: UserWarning: This figure includes Axes that are not compatible with tight_layout, so results might be incorrect.
  fig.tight_layout()
/Users/zhangzc/fable-trading/scripts/scan_recent_multi_tf.py:199: UserWarning: This figure includes Axes that are not compatible with tight_layout, so results might be incorrect.
  fig.tight_layout()
/Users/zhangzc/fable-trading/scripts/scan_recent_multi_tf.py:199: UserWarning: This figure includes Axes that are not compatible with tight_layout, so results might be incorrect.
  fig.tight_layout()
/Users/zhangzc/fable-trading/scripts/scan_recent_multi_tf.py:199: UserWarning: This figure includes Axes that are not compatible with tight_layout, so results might be incorrect.
  fig.tight_layout()
/Users/zhangzc/fable-trading/scripts/scan_recent_multi_tf.py:199: UserWarning: This figure includes Axes that are not compatible with tight_layout, so results might be incorrect.
  fig.tight_layout()
/Users/zhangzc/fable-trading/scripts/scan_recent_multi_tf.py:199: UserWarning: This figure includes Axes that are not compatible with tight_layout, so results might be incorrect.
  fig.tight_layout()
/Users/zhangzc/fable-trading/scripts/scan_recent_multi_tf.py:199: UserWarning: This figure includes Axes that are not compatible with tight_layout, so results might be incorrect.
  fig.tight_layout()
/Users/zhangzc/fable-trading/scripts/scan_recent_multi_tf.py:199: UserWarning: This figure includes Axes that are not compatible with tight_layout, so results might be incorrect.
  fig.tight_layout()
/Users/zhangzc/fable-trading/scripts/scan_recent_multi_tf.py:199: UserWarning: This figure includes Axes that are not compatible with tight_layout, so results might be incorrect.
  fig.tight_layout()
/Users/zhangzc/fable-trading/scripts/scan_recent_multi_tf.py:199: UserWarning: This figure includes Axes that are not compatible with tight_layout, so results might be incorrect.
  fig.tight_layout()
/Users/zhangzc/fable-trading/scripts/scan_recent_multi_tf.py:199: UserWarning: This figure includes Axes that are not compatible with tight_layout, so results might be incorrect.
  fig.tight_layout()
/Users/zhangzc/fable-trading/scripts/scan_recent_multi_tf.py:199: UserWarning: This figure includes Axes that are not compatible with tight_layout, so results might be incorrect.
  fig.tight_layout()
[19/30] KIOXIA_USDT_SWAP       3m 榜单  3日  -18.4%  扫 1440  开火 20
/Users/zhangzc/fable-trading/scripts/scan_recent_multi_tf.py:199: UserWarning: This figure includes Axes that are not compatible with tight_layout, so results might be incorrect.
  fig.tight_layout()
/Users/zhangzc/fable-trading/scripts/scan_recent_multi_tf.py:199: UserWarning: This figure includes Axes that are not compatible with tight_layout, so results might be incorrect.
  fig.tight_layout()
/Users/zhangzc/fable-trading/scripts/scan_recent_multi_tf.py:199: UserWarning: This figure includes Axes that are not compatible with tight_layout, so results might be incorrect.
  fig.tight_layout()
/Users/zhangzc/fable-trading/scripts/scan_recent_multi_tf.py:199: UserWarning: This figure includes Axes that are not compatible with tight_layout, so results might be incorrect.
  fig.tight_layout()
/Users/zhangzc/fable-trading/scripts/scan_recent_multi_tf.py:199: UserWarning: This figure includes Axes that are not compatible with tight_layout, so results might be incorrect.
  fig.tight_layout()
/Users/zhangzc/fable-trading/scripts/scan_recent_multi_tf.py:199: UserWarning: This figure includes Axes that are not compatible with tight_layout, so results might be incorrect.
  fig.tight_layout()
/Users/zhangzc/fable-trading/scripts/scan_recent_multi_tf.py:199: UserWarning: This figure includes Axes that are not compatible with tight_layout, so results might be incorrect.
  fig.tight_layout()
/Users/zhangzc/fable-trading/scripts/scan_recent_multi_tf.py:199: UserWarning: This figure includes Axes that are not compatible with tight_layout, so results might be incorrect.
  fig.tight_layout()
/Users/zhangzc/fable-trading/scripts/scan_recent_multi_tf.py:199: UserWarning: This figure includes Axes that are not compatible with tight_layout, so results might be incorrect.
  fig.tight_layout()
/Users/zhangzc/fable-trading/scripts/scan_recent_multi_tf.py:199: UserWarning: This figure includes Axes that are not compatible with tight_layout, so results might be incorrect.
  fig.tight_layout()
/Users/zhangzc/fable-trading/scripts/scan_recent_multi_tf.py:199: UserWarning: This figure includes Axes that are not compatible with tight_layout, so results might be incorrect.
  fig.tight_layout()
/Users/zhangzc/fable-trading/scripts/scan_recent_multi_tf.py:199: UserWarning: This figure includes Axes that are not compatible with tight_layout, so results might be incorrect.
  fig.tight_layout()
/Users/zhangzc/fable-trading/scripts/scan_recent_multi_tf.py:199: UserWarning: This figure includes Axes that are not compatible with tight_layout, so results might be incorrect.
  fig.tight_layout()
/Users/zhangzc/fable-trading/scripts/scan_recent_multi_tf.py:199: UserWarning: This figure includes Axes that are not compatible with tight_layout, so results might be incorrect.
  fig.tight_layout()
/Users/zhangzc/fable-trading/scripts/scan_recent_multi_tf.py:199: UserWarning: This figure includes Axes that are not compatible with tight_layout, so results might be incorrect.
  fig.tight_layout()
/Users/zhangzc/fable-trading/scripts/scan_recent_multi_tf.py:199: UserWarning: This figure includes Axes that are not compatible with tight_layout, so results might be incorrect.
  fig.tight_layout()
/Users/zhangzc/fable-trading/scripts/scan_recent_multi_tf.py:199: UserWarning: This figure includes Axes that are not compatible with tight_layout, so results might be incorrect.
  fig.tight_layout()
/Users/zhangzc/fable-trading/scripts/scan_recent_multi_tf.py:199: UserWarning: This figure includes Axes that are not compatible with tight_layout, so results might be incorrect.
  fig.tight_layout()
/Users/zhangzc/fable-trading/scripts/scan_recent_multi_tf.py:199: UserWarning: This figure includes Axes that are not compatible with tight_layout, so results might be incorrect.
  fig.tight_layout()
/Users/zhangzc/fable-trading/scripts/scan_recent_multi_tf.py:199: UserWarning: This figure includes Axes that are not compatible with tight_layout, so results might be incorrect.
  fig.tight_layout()
[20/30] SOXL_USDT_SWAP         3m 榜单  3日  -17.7%  扫 1440  开火 20
/Users/zhangzc/fable-trading/scripts/scan_recent_multi_tf.py:199: UserWarning: This figure includes Axes that are not compatible with tight_layout, so results might be incorrect.
  fig.tight_layout()
/Users/zhangzc/fable-trading/scripts/scan_recent_multi_tf.py:199: UserWarning: This figure includes Axes that are not compatible with tight_layout, so results might be incorrect.
  fig.tight_layout()
/Users/zhangzc/fable-trading/scripts/scan_recent_multi_tf.py:199: UserWarning: This figure includes Axes that are not compatible with tight_layout, so results might be incorrect.
  fig.tight_layout()
/Users/zhangzc/fable-trading/scripts/scan_recent_multi_tf.py:199: UserWarning: This figure includes Axes that are not compatible with tight_layout, so results might be incorrect.
  fig.tight_layout()
/Users/zhangzc/fable-trading/scripts/scan_recent_multi_tf.py:199: UserWarning: This figure includes Axes that are not compatible with tight_layout, so results might be incorrect.
  fig.tight_layout()
/Users/zhangzc/fable-trading/scripts/scan_recent_multi_tf.py:199: UserWarning: This figure includes Axes that are not compatible with tight_layout, so results might be incorrect.
  fig.tight_layout()
/Users/zhangzc/fable-trading/scripts/scan_recent_multi_tf.py:199: UserWarning: This figure includes Axes that are not compatible with tight_layout, so results might be incorrect.
  fig.tight_layout()
/Users/zhangzc/fable-trading/scripts/scan_recent_multi_tf.py:199: UserWarning: This figure includes Axes that are not compatible with tight_layout, so results might be incorrect.
  fig.tight_layout()
/Users/zhangzc/fable-trading/scripts/scan_recent_multi_tf.py:199: UserWarning: This figure includes Axes that are not compatible with tight_layout, so results might be incorrect.
  fig.tight_layout()
/Users/zhangzc/fable-trading/scripts/scan_recent_multi_tf.py:199: UserWarning: This figure includes Axes that are not compatible with tight_layout, so results might be incorrect.
  fig.tight_layout()
/Users/zhangzc/fable-trading/scripts/scan_recent_multi_tf.py:199: UserWarning: This figure includes Axes that are not compatible with tight_layout, so results might be incorrect.
  fig.tight_layout()
/Users/zhangzc/fable-trading/scripts/scan_recent_multi_tf.py:199: UserWarning: This figure includes Axes that are not compatible with tight_layout, so results might be incorrect.
  fig.tight_layout()
/Users/zhangzc/fable-trading/scripts/scan_recent_multi_tf.py:199: UserWarning: This figure includes Axes that are not compatible with tight_layout, so results might be incorrect.
  fig.tight_layout()
/Users/zhangzc/fable-trading/scripts/scan_recent_multi_tf.py:199: UserWarning: This figure includes Axes that are not compatible with tight_layout, so results might be incorrect.
  fig.tight_layout()
/Users/zhangzc/fable-trading/scripts/scan_recent_multi_tf.py:199: UserWarning: This figure includes Axes that are not compatible with tight_layout, so results might be incorrect.
  fig.tight_layout()
/Users/zhangzc/fable-trading/scripts/scan_recent_multi_tf.py:199: UserWarning: This figure includes Axes that are not compatible with tight_layout, so results might be incorrect.
  fig.tight_layout()
/Users/zhangzc/fable-trading/scripts/scan_recent_multi_tf.py:199: UserWarning: This figure includes Axes that are not compatible with tight_layout, so results might be incorrect.
  fig.tight_layout()
/Users/zhangzc/fable-trading/scripts/scan_recent_multi_tf.py:199: UserWarning: This figure includes Axes that are not compatible with tight_layout, so results might be incorrect.
  fig.tight_layout()
/Users/zhangzc/fable-trading/scripts/scan_recent_multi_tf.py:199: UserWarning: This figure includes Axes that are not compatible with tight_layout, so results might be incorrect.
  fig.tight_layout()
/Users/zhangzc/fable-trading/scripts/scan_recent_multi_tf.py:199: UserWarning: This figure includes Axes that are not compatible with tight_layout, so results might be incorrect.
  fig.tight_layout()
[21/30] KAITO_USDT_SWAP        3m 榜单  3日  +17.3%  扫 1440  开火 29
/Users/zhangzc/fable-trading/scripts/scan_recent_multi_tf.py:199: UserWarning: This figure includes Axes that are not compatible with tight_layout, so results might be incorrect.
  fig.tight_layout()
/Users/zhangzc/fable-trading/scripts/scan_recent_multi_tf.py:199: UserWarning: This figure includes Axes that are not compatible with tight_layout, so results might be incorrect.
  fig.tight_layout()
/Users/zhangzc/fable-trading/scripts/scan_recent_multi_tf.py:199: UserWarning: This figure includes Axes that are not compatible with tight_layout, so results might be incorrect.
  fig.tight_layout()
/Users/zhangzc/fable-trading/scripts/scan_recent_multi_tf.py:199: UserWarning: This figure includes Axes that are not compatible with tight_layout, so results might be incorrect.
  fig.tight_layout()
/Users/zhangzc/fable-trading/scripts/scan_recent_multi_tf.py:199: UserWarning: This figure includes Axes that are not compatible with tight_layout, so results might be incorrect.
  fig.tight_layout()
/Users/zhangzc/fable-trading/scripts/scan_recent_multi_tf.py:199: UserWarning: This figure includes Axes that are not compatible with tight_layout, so results might be incorrect.
  fig.tight_layout()
/Users/zhangzc/fable-trading/scripts/scan_recent_multi_tf.py:199: UserWarning: This figure includes Axes that are not compatible with tight_layout, so results might be incorrect.
  fig.tight_layout()
/Users/zhangzc/fable-trading/scripts/scan_recent_multi_tf.py:199: UserWarning: This figure includes Axes that are not compatible with tight_layout, so results might be incorrect.
  fig.tight_layout()
/Users/zhangzc/fable-trading/scripts/scan_recent_multi_tf.py:199: UserWarning: This figure includes Axes that are not compatible with tight_layout, so results might be incorrect.
  fig.tight_layout()
/Users/zhangzc/fable-trading/scripts/scan_recent_multi_tf.py:199: UserWarning: This figure includes Axes that are not compatible with tight_layout, so results might be incorrect.
  fig.tight_layout()
/Users/zhangzc/fable-trading/scripts/scan_recent_multi_tf.py:199: UserWarning: This figure includes Axes that are not compatible with tight_layout, so results might be incorrect.
  fig.tight_layout()
/Users/zhangzc/fable-trading/scripts/scan_recent_multi_tf.py:199: UserWarning: This figure includes Axes that are not compatible with tight_layout, so results might be incorrect.
  fig.tight_layout()
/Users/zhangzc/fable-trading/scripts/scan_recent_multi_tf.py:199: UserWarning: This figure includes Axes that are not compatible with tight_layout, so results might be incorrect.
  fig.tight_layout()
/Users/zhangzc/fable-trading/scripts/scan_recent_multi_tf.py:199: UserWarning: This figure includes Axes that are not compatible with tight_layout, so results might be incorrect.
  fig.tight_layout()
/Users/zhangzc/fable-trading/scripts/scan_recent_multi_tf.py:199: UserWarning: This figure includes Axes that are not compatible with tight_layout, so results might be incorrect.
  fig.tight_layout()
/Users/zhangzc/fable-trading/scripts/scan_recent_multi_tf.py:199: UserWarning: This figure includes Axes that are not compatible with tight_layout, so results might be incorrect.
  fig.tight_layout()
/Users/zhangzc/fable-trading/scripts/scan_recent_multi_tf.py:199: UserWarning: This figure includes Axes that are not compatible with tight_layout, so results might be incorrect.
  fig.tight_layout()
/Users/zhangzc/fable-trading/scripts/scan_recent_multi_tf.py:199: UserWarning: This figure includes Axes that are not compatible with tight_layout, so results might be incorrect.
  fig.tight_layout()
/Users/zhangzc/fable-trading/scripts/scan_recent_multi_tf.py:199: UserWarning: This figure includes Axes that are not compatible with tight_layout, so results might be incorrect.
  fig.tight_layout()
/Users/zhangzc/fable-trading/scripts/scan_recent_multi_tf.py:199: UserWarning: This figure includes Axes that are not compatible with tight_layout, so results might be incorrect.
  fig.tight_layout()
/Users/zhangzc/fable-trading/scripts/scan_recent_multi_tf.py:199: UserWarning: This figure includes Axes that are not compatible with tight_layout, so results might be incorrect.
  fig.tight_layout()
/Users/zhangzc/fable-trading/scripts/scan_recent_multi_tf.py:199: UserWarning: This figure includes Axes that are not compatible with tight_layout, so results might be incorrect.
  fig.tight_layout()
/Users/zhangzc/fable-trading/scripts/scan_recent_multi_tf.py:199: UserWarning: This figure includes Axes that are not compatible with tight_layout, so results might be incorrect.
  fig.tight_layout()
/Users/zhangzc/fable-trading/scripts/scan_recent_multi_tf.py:199: UserWarning: This figure includes Axes that are not compatible with tight_layout, so results might be incorrect.
  fig.tight_layout()
/Users/zhangzc/fable-trading/scripts/scan_recent_multi_tf.py:199: UserWarning: This figure includes Axes that are not compatible with tight_layout, so results might be incorrect.
  fig.tight_layout()
/Users/zhangzc/fable-trading/scripts/scan_recent_multi_tf.py:199: UserWarning: This figure includes Axes that are not compatible with tight_layout, so results might be incorrect.
  fig.tight_layout()
/Users/zhangzc/fable-trading/scripts/scan_recent_multi_tf.py:199: UserWarning: This figure includes Axes that are not compatible with tight_layout, so results might be incorrect.
  fig.tight_layout()
/Users/zhangzc/fable-trading/scripts/scan_recent_multi_tf.py:199: UserWarning: This figure includes Axes that are not compatible with tight_layout, so results might be incorrect.
  fig.tight_layout()
/Users/zhangzc/fable-trading/scripts/scan_recent_multi_tf.py:199: UserWarning: This figure includes Axes that are not compatible with tight_layout, so results might be incorrect.
  fig.tight_layout()
[22/30] PROS_USDT_SWAP         3m 榜单  3日  +16.7%  扫 1440  开火 22
/Users/zhangzc/fable-trading/scripts/scan_recent_multi_tf.py:199: UserWarning: This figure includes Axes that are not compatible with tight_layout, so results might be incorrect.
  fig.tight_layout()
/Users/zhangzc/fable-trading/scripts/scan_recent_multi_tf.py:199: UserWarning: This figure includes Axes that are not compatible with tight_layout, so results might be incorrect.
  fig.tight_layout()
/Users/zhangzc/fable-trading/scripts/scan_recent_multi_tf.py:199: UserWarning: This figure includes Axes that are not compatible with tight_layout, so results might be incorrect.
  fig.tight_layout()
/Users/zhangzc/fable-trading/scripts/scan_recent_multi_tf.py:199: UserWarning: This figure includes Axes that are not compatible with tight_layout, so results might be incorrect.
  fig.tight_layout()
/Users/zhangzc/fable-trading/scripts/scan_recent_multi_tf.py:199: UserWarning: This figure includes Axes that are not compatible with tight_layout, so results might be incorrect.
  fig.tight_layout()
/Users/zhangzc/fable-trading/scripts/scan_recent_multi_tf.py:199: UserWarning: This figure includes Axes that are not compatible with tight_layout, so results might be incorrect.
  fig.tight_layout()
/Users/zhangzc/fable-trading/scripts/scan_recent_multi_tf.py:199: UserWarning: This figure includes Axes that are not compatible with tight_layout, so results might be incorrect.
  fig.tight_layout()
/Users/zhangzc/fable-trading/scripts/scan_recent_multi_tf.py:199: UserWarning: This figure includes Axes that are not compatible with tight_layout, so results might be incorrect.
  fig.tight_layout()
/Users/zhangzc/fable-trading/scripts/scan_recent_multi_tf.py:199: UserWarning: This figure includes Axes that are not compatible with tight_layout, so results might be incorrect.
  fig.tight_layout()
/Users/zhangzc/fable-trading/scripts/scan_recent_multi_tf.py:199: UserWarning: This figure includes Axes that are not compatible with tight_layout, so results might be incorrect.
  fig.tight_layout()
/Users/zhangzc/fable-trading/scripts/scan_recent_multi_tf.py:199: UserWarning: This figure includes Axes that are not compatible with tight_layout, so results might be incorrect.
  fig.tight_layout()
/Users/zhangzc/fable-trading/scripts/scan_recent_multi_tf.py:199: UserWarning: This figure includes Axes that are not compatible with tight_layout, so results might be incorrect.
  fig.tight_layout()
/Users/zhangzc/fable-trading/scripts/scan_recent_multi_tf.py:199: UserWarning: This figure includes Axes that are not compatible with tight_layout, so results might be incorrect.
  fig.tight_layout()
/Users/zhangzc/fable-trading/scripts/scan_recent_multi_tf.py:199: UserWarning: This figure includes Axes that are not compatible with tight_layout, so results might be incorrect.
  fig.tight_layout()
/Users/zhangzc/fable-trading/scripts/scan_recent_multi_tf.py:199: UserWarning: This figure includes Axes that are not compatible with tight_layout, so results might be incorrect.
  fig.tight_layout()
/Users/zhangzc/fable-trading/scripts/scan_recent_multi_tf.py:199: UserWarning: This figure includes Axes that are not compatible with tight_layout, so results might be incorrect.
  fig.tight_layout()
/Users/zhangzc/fable-trading/scripts/scan_recent_multi_tf.py:199: UserWarning: This figure includes Axes that are not compatible with tight_layout, so results might be incorrect.
  fig.tight_layout()
/Users/zhangzc/fable-trading/scripts/scan_recent_multi_tf.py:199: UserWarning: This figure includes Axes that are not compatible with tight_layout, so results might be incorrect.
  fig.tight_layout()
/Users/zhangzc/fable-trading/scripts/scan_recent_multi_tf.py:199: UserWarning: This figure includes Axes that are not compatible with tight_layout, so results might be incorrect.
  fig.tight_layout()
/Users/zhangzc/fable-trading/scripts/scan_recent_multi_tf.py:199: UserWarning: This figure includes Axes that are not compatible with tight_layout, so results might be incorrect.
  fig.tight_layout()
/Users/zhangzc/fable-trading/scripts/scan_recent_multi_tf.py:199: UserWarning: This figure includes Axes that are not compatible with tight_layout, so results might be incorrect.
  fig.tight_layout()
/Users/zhangzc/fable-trading/scripts/scan_recent_multi_tf.py:199: UserWarning: This figure includes Axes that are not compatible with tight_layout, so results might be incorrect.
  fig.tight_layout()
[23/30] RAM_USDT_SWAP          3m 榜单  3日  -16.6%  扫 1440  开火 21
/Users/zhangzc/fable-trading/scripts/scan_recent_multi_tf.py:199: UserWarning: This figure includes Axes that are not compatible with tight_layout, so results might be incorrect.
  fig.tight_layout()
/Users/zhangzc/fable-trading/scripts/scan_recent_multi_tf.py:199: UserWarning: This figure includes Axes that are not compatible with tight_layout, so results might be incorrect.
  fig.tight_layout()
/Users/zhangzc/fable-trading/scripts/scan_recent_multi_tf.py:199: UserWarning: This figure includes Axes that are not compatible with tight_layout, so results might be incorrect.
  fig.tight_layout()
/Users/zhangzc/fable-trading/scripts/scan_recent_multi_tf.py:199: UserWarning: This figure includes Axes that are not compatible with tight_layout, so results might be incorrect.
  fig.tight_layout()
/Users/zhangzc/fable-trading/scripts/scan_recent_multi_tf.py:199: UserWarning: This figure includes Axes that are not compatible with tight_layout, so results might be incorrect.
  fig.tight_layout()
/Users/zhangzc/fable-trading/scripts/scan_recent_multi_tf.py:199: UserWarning: This figure includes Axes that are not compatible with tight_layout, so results might be incorrect.
  fig.tight_layout()
/Users/zhangzc/fable-trading/scripts/scan_recent_multi_tf.py:199: UserWarning: This figure includes Axes that are not compatible with tight_layout, so results might be incorrect.
  fig.tight_layout()
/Users/zhangzc/fable-trading/scripts/scan_recent_multi_tf.py:199: UserWarning: This figure includes Axes that are not compatible with tight_layout, so results might be incorrect.
  fig.tight_layout()
/Users/zhangzc/fable-trading/scripts/scan_recent_multi_tf.py:199: UserWarning: This figure includes Axes that are not compatible with tight_layout, so results might be incorrect.
  fig.tight_layout()
/Users/zhangzc/fable-trading/scripts/scan_recent_multi_tf.py:199: UserWarning: This figure includes Axes that are not compatible with tight_layout, so results might be incorrect.
  fig.tight_layout()
/Users/zhangzc/fable-trading/scripts/scan_recent_multi_tf.py:199: UserWarning: This figure includes Axes that are not compatible with tight_layout, so results might be incorrect.
  fig.tight_layout()
/Users/zhangzc/fable-trading/scripts/scan_recent_multi_tf.py:199: UserWarning: This figure includes Axes that are not compatible with tight_layout, so results might be incorrect.
  fig.tight_layout()
/Users/zhangzc/fable-trading/scripts/scan_recent_multi_tf.py:199: UserWarning: This figure includes Axes that are not compatible with tight_layout, so results might be incorrect.
  fig.tight_layout()
/Users/zhangzc/fable-trading/scripts/scan_recent_multi_tf.py:199: UserWarning: This figure includes Axes that are not compatible with tight_layout, so results might be incorrect.
  fig.tight_layout()
/Users/zhangzc/fable-trading/scripts/scan_recent_multi_tf.py:199: UserWarning: This figure includes Axes that are not compatible with tight_layout, so results might be incorrect.
  fig.tight_layout()
/Users/zhangzc/fable-trading/scripts/scan_recent_multi_tf.py:199: UserWarning: This figure includes Axes that are not compatible with tight_layout, so results might be incorrect.
  fig.tight_layout()
/Users/zhangzc/fable-trading/scripts/scan_recent_multi_tf.py:199: UserWarning: This figure includes Axes that are not compatible with tight_layout, so results might be incorrect.
  fig.tight_layout()
/Users/zhangzc/fable-trading/scripts/scan_recent_multi_tf.py:199: UserWarning: This figure includes Axes that are not compatible with tight_layout, so results might be incorrect.
  fig.tight_layout()
/Users/zhangzc/fable-trading/scripts/scan_recent_multi_tf.py:199: UserWarning: This figure includes Axes that are not compatible with tight_layout, so results might be incorrect.
  fig.tight_layout()
/Users/zhangzc/fable-trading/scripts/scan_recent_multi_tf.py:199: UserWarning: This figure includes Axes that are not compatible with tight_layout, so results might be incorrect.
  fig.tight_layout()
/Users/zhangzc/fable-trading/scripts/scan_recent_multi_tf.py:199: UserWarning: This figure includes Axes that are not compatible with tight_layout, so results might be incorrect.
  fig.tight_layout()
[24/30] ORDER_USDT_SWAP        3m 榜单  3日  -15.9%  扫 1440  开火 21
/Users/zhangzc/fable-trading/scripts/scan_recent_multi_tf.py:199: UserWarning: This figure includes Axes that are not compatible with tight_layout, so results might be incorrect.
  fig.tight_layout()
/Users/zhangzc/fable-trading/scripts/scan_recent_multi_tf.py:199: UserWarning: This figure includes Axes that are not compatible with tight_layout, so results might be incorrect.
  fig.tight_layout()
/Users/zhangzc/fable-trading/scripts/scan_recent_multi_tf.py:199: UserWarning: This figure includes Axes that are not compatible with tight_layout, so results might be incorrect.
  fig.tight_layout()
/Users/zhangzc/fable-trading/scripts/scan_recent_multi_tf.py:199: UserWarning: This figure includes Axes that are not compatible with tight_layout, so results might be incorrect.
  fig.tight_layout()
/Users/zhangzc/fable-trading/scripts/scan_recent_multi_tf.py:199: UserWarning: This figure includes Axes that are not compatible with tight_layout, so results might be incorrect.
  fig.tight_layout()
/Users/zhangzc/fable-trading/scripts/scan_recent_multi_tf.py:199: UserWarning: This figure includes Axes that are not compatible with tight_layout, so results might be incorrect.
  fig.tight_layout()
/Users/zhangzc/fable-trading/scripts/scan_recent_multi_tf.py:199: UserWarning: This figure includes Axes that are not compatible with tight_layout, so results might be incorrect.
  fig.tight_layout()
/Users/zhangzc/fable-trading/scripts/scan_recent_multi_tf.py:199: UserWarning: This figure includes Axes that are not compatible with tight_layout, so results might be incorrect.
  fig.tight_layout()
/Users/zhangzc/fable-trading/scripts/scan_recent_multi_tf.py:199: UserWarning: This figure includes Axes that are not compatible with tight_layout, so results might be incorrect.
  fig.tight_layout()
/Users/zhangzc/fable-trading/scripts/scan_recent_multi_tf.py:199: UserWarning: This figure includes Axes that are not compatible with tight_layout, so results might be incorrect.
  fig.tight_layout()
/Users/zhangzc/fable-trading/scripts/scan_recent_multi_tf.py:199: UserWarning: This figure includes Axes that are not compatible with tight_layout, so results might be incorrect.
  fig.tight_layout()
/Users/zhangzc/fable-trading/scripts/scan_recent_multi_tf.py:199: UserWarning: This figure includes Axes that are not compatible with tight_layout, so results might be incorrect.
  fig.tight_layout()
/Users/zhangzc/fable-trading/scripts/scan_recent_multi_tf.py:199: UserWarning: This figure includes Axes that are not compatible with tight_layout, so results might be incorrect.
  fig.tight_layout()
/Users/zhangzc/fable-trading/scripts/scan_recent_multi_tf.py:199: UserWarning: This figure includes Axes that are not compatible with tight_layout, so results might be incorrect.
  fig.tight_layout()
/Users/zhangzc/fable-trading/scripts/scan_recent_multi_tf.py:199: UserWarning: This figure includes Axes that are not compatible with tight_layout, so results might be incorrect.
  fig.tight_layout()
/Users/zhangzc/fable-trading/scripts/scan_recent_multi_tf.py:199: UserWarning: This figure includes Axes that are not compatible with tight_layout, so results might be incorrect.
  fig.tight_layout()
/Users/zhangzc/fable-trading/scripts/scan_recent_multi_tf.py:199: UserWarning: This figure includes Axes that are not compatible with tight_layout, so results might be incorrect.
  fig.tight_layout()
/Users/zhangzc/fable-trading/scripts/scan_recent_multi_tf.py:199: UserWarning: This figure includes Axes that are not compatible with tight_layout, so results might be incorrect.
  fig.tight_layout()
/Users/zhangzc/fable-trading/scripts/scan_recent_multi_tf.py:199: UserWarning: This figure includes Axes that are not compatible with tight_layout, so results might be incorrect.
  fig.tight_layout()
/Users/zhangzc/fable-trading/scripts/scan_recent_multi_tf.py:199: UserWarning: This figure includes Axes that are not compatible with tight_layout, so results might be incorrect.
  fig.tight_layout()
/Users/zhangzc/fable-trading/scripts/scan_recent_multi_tf.py:199: UserWarning: This figure includes Axes that are not compatible with tight_layout, so results might be incorrect.
  fig.tight_layout()
[25/30] OPN_USDT_SWAP          3m 榜单  3日  -15.8%  扫 1440  开火 36
/Users/zhangzc/fable-trading/scripts/scan_recent_multi_tf.py:199: UserWarning: This figure includes Axes that are not compatible with tight_layout, so results might be incorrect.
  fig.tight_layout()
/Users/zhangzc/fable-trading/scripts/scan_recent_multi_tf.py:199: UserWarning: This figure includes Axes that are not compatible with tight_layout, so results might be incorrect.
  fig.tight_layout()
/Users/zhangzc/fable-trading/scripts/scan_recent_multi_tf.py:199: UserWarning: This figure includes Axes that are not compatible with tight_layout, so results might be incorrect.
  fig.tight_layout()
/Users/zhangzc/fable-trading/scripts/scan_recent_multi_tf.py:199: UserWarning: This figure includes Axes that are not compatible with tight_layout, so results might be incorrect.
  fig.tight_layout()
/Users/zhangzc/fable-trading/scripts/scan_recent_multi_tf.py:199: UserWarning: This figure includes Axes that are not compatible with tight_layout, so results might be incorrect.
  fig.tight_layout()
/Users/zhangzc/fable-trading/scripts/scan_recent_multi_tf.py:199: UserWarning: This figure includes Axes that are not compatible with tight_layout, so results might be incorrect.
  fig.tight_layout()
/Users/zhangzc/fable-trading/scripts/scan_recent_multi_tf.py:199: UserWarning: This figure includes Axes that are not compatible with tight_layout, so results might be incorrect.
  fig.tight_layout()
/Users/zhangzc/fable-trading/scripts/scan_recent_multi_tf.py:199: UserWarning: This figure includes Axes that are not compatible with tight_layout, so results might be incorrect.
  fig.tight_layout()
/Users/zhangzc/fable-trading/scripts/scan_recent_multi_tf.py:199: UserWarning: This figure includes Axes that are not compatible with tight_layout, so results might be incorrect.
  fig.tight_layout()
/Users/zhangzc/fable-trading/scripts/scan_recent_multi_tf.py:199: UserWarning: This figure includes Axes that are not compatible with tight_layout, so results might be incorrect.
  fig.tight_layout()
/Users/zhangzc/fable-trading/scripts/scan_recent_multi_tf.py:199: UserWarning: This figure includes Axes that are not compatible with tight_layout, so results might be incorrect.
  fig.tight_layout()
/Users/zhangzc/fable-trading/scripts/scan_recent_multi_tf.py:199: UserWarning: This figure includes Axes that are not compatible with tight_layout, so results might be incorrect.
  fig.tight_layout()
/Users/zhangzc/fable-trading/scripts/scan_recent_multi_tf.py:199: UserWarning: This figure includes Axes that are not compatible with tight_layout, so results might be incorrect.
  fig.tight_layout()
/Users/zhangzc/fable-trading/scripts/scan_recent_multi_tf.py:199: UserWarning: This figure includes Axes that are not compatible with tight_layout, so results might be incorrect.
  fig.tight_layout()
/Users/zhangzc/fable-trading/scripts/scan_recent_multi_tf.py:199: UserWarning: This figure includes Axes that are not compatible with tight_layout, so results might be incorrect.
  fig.tight_layout()
/Users/zhangzc/fable-trading/scripts/scan_recent_multi_tf.py:199: UserWarning: This figure includes Axes that are not compatible with tight_layout, so results might be incorrect.
  fig.tight_layout()
/Users/zhangzc/fable-trading/scripts/scan_recent_multi_tf.py:199: UserWarning: This figure includes Axes that are not compatible with tight_layout, so results might be incorrect.
  fig.tight_layout()
/Users/zhangzc/fable-trading/scripts/scan_recent_multi_tf.py:199: UserWarning: This figure includes Axes that are not compatible with tight_layout, so results might be incorrect.
  fig.tight_layout()
/Users/zhangzc/fable-trading/scripts/scan_recent_multi_tf.py:199: UserWarning: This figure includes Axes that are not compatible with tight_layout, so results might be incorrect.
  fig.tight_layout()
/Users/zhangzc/fable-trading/scripts/scan_recent_multi_tf.py:199: UserWarning: This figure includes Axes that are not compatible with tight_layout, so results might be incorrect.
  fig.tight_layout()
/Users/zhangzc/fable-trading/scripts/scan_recent_multi_tf.py:199: UserWarning: This figure includes Axes that are not compatible with tight_layout, so results might be incorrect.
  fig.tight_layout()
/Users/zhangzc/fable-trading/scripts/scan_recent_multi_tf.py:199: UserWarning: This figure includes Axes that are not compatible with tight_layout, so results might be incorrect.
  fig.tight_layout()
/Users/zhangzc/fable-trading/scripts/scan_recent_multi_tf.py:199: UserWarning: This figure includes Axes that are not compatible with tight_layout, so results might be incorrect.
  fig.tight_layout()
/Users/zhangzc/fable-trading/scripts/scan_recent_multi_tf.py:199: UserWarning: This figure includes Axes that are not compatible with tight_layout, so results might be incorrect.
  fig.tight_layout()
/Users/zhangzc/fable-trading/scripts/scan_recent_multi_tf.py:199: UserWarning: This figure includes Axes that are not compatible with tight_layout, so results might be incorrect.
  fig.tight_layout()
/Users/zhangzc/fable-trading/scripts/scan_recent_multi_tf.py:199: UserWarning: This figure includes Axes that are not compatible with tight_layout, so results might be incorrect.
  fig.tight_layout()
/Users/zhangzc/fable-trading/scripts/scan_recent_multi_tf.py:199: UserWarning: This figure includes Axes that are not compatible with tight_layout, so results might be incorrect.
  fig.tight_layout()
/Users/zhangzc/fable-trading/scripts/scan_recent_multi_tf.py:199: UserWarning: This figure includes Axes that are not compatible with tight_layout, so results might be incorrect.
  fig.tight_layout()
/Users/zhangzc/fable-trading/scripts/scan_recent_multi_tf.py:199: UserWarning: This figure includes Axes that are not compatible with tight_layout, so results might be incorrect.
  fig.tight_layout()
/Users/zhangzc/fable-trading/scripts/scan_recent_multi_tf.py:199: UserWarning: This figure includes Axes that are not compatible with tight_layout, so results might be incorrect.
  fig.tight_layout()
/Users/zhangzc/fable-trading/scripts/scan_recent_multi_tf.py:199: UserWarning: This figure includes Axes that are not compatible with tight_layout, so results might be incorrect.
  fig.tight_layout()
/Users/zhangzc/fable-trading/scripts/scan_recent_multi_tf.py:199: UserWarning: This figure includes Axes that are not compatible with tight_layout, so results might be incorrect.
  fig.tight_layout()
/Users/zhangzc/fable-trading/scripts/scan_recent_multi_tf.py:199: UserWarning: This figure includes Axes that are not compatible with tight_layout, so results might be incorrect.
  fig.tight_layout()
/Users/zhangzc/fable-trading/scripts/scan_recent_multi_tf.py:199: UserWarning: This figure includes Axes that are not compatible with tight_layout, so results might be incorrect.
  fig.tight_layout()
/Users/zhangzc/fable-trading/scripts/scan_recent_multi_tf.py:199: UserWarning: This figure includes Axes that are not compatible with tight_layout, so results might be incorrect.
  fig.tight_layout()
/Users/zhangzc/fable-trading/scripts/scan_recent_multi_tf.py:199: UserWarning: This figure includes Axes that are not compatible with tight_layout, so results might be incorrect.
  fig.tight_layout()
[26/30] BARD_USDT_SWAP         3m 榜单  3日  -15.5%  扫 1440  开火 20
/Users/zhangzc/fable-trading/scripts/scan_recent_multi_tf.py:199: UserWarning: This figure includes Axes that are not compatible with tight_layout, so results might be incorrect.
  fig.tight_layout()
/Users/zhangzc/fable-trading/scripts/scan_recent_multi_tf.py:199: UserWarning: This figure includes Axes that are not compatible with tight_layout, so results might be incorrect.
  fig.tight_layout()
/Users/zhangzc/fable-trading/scripts/scan_recent_multi_tf.py:199: UserWarning: This figure includes Axes that are not compatible with tight_layout, so results might be incorrect.
  fig.tight_layout()
/Users/zhangzc/fable-trading/scripts/scan_recent_multi_tf.py:199: UserWarning: This figure includes Axes that are not compatible with tight_layout, so results might be incorrect.
  fig.tight_layout()
/Users/zhangzc/fable-trading/scripts/scan_recent_multi_tf.py:199: UserWarning: This figure includes Axes that are not compatible with tight_layout, so results might be incorrect.
  fig.tight_layout()
/Users/zhangzc/fable-trading/scripts/scan_recent_multi_tf.py:199: UserWarning: This figure includes Axes that are not compatible with tight_layout, so results might be incorrect.
  fig.tight_layout()
/Users/zhangzc/fable-trading/scripts/scan_recent_multi_tf.py:199: UserWarning: This figure includes Axes that are not compatible with tight_layout, so results might be incorrect.
  fig.tight_layout()
/Users/zhangzc/fable-trading/scripts/scan_recent_multi_tf.py:199: UserWarning: This figure includes Axes that are not compatible with tight_layout, so results might be incorrect.
  fig.tight_layout()
/Users/zhangzc/fable-trading/scripts/scan_recent_multi_tf.py:199: UserWarning: This figure includes Axes that are not compatible with tight_layout, so results might be incorrect.
  fig.tight_layout()
/Users/zhangzc/fable-trading/scripts/scan_recent_multi_tf.py:199: UserWarning: This figure includes Axes that are not compatible with tight_layout, so results might be incorrect.
  fig.tight_layout()
/Users/zhangzc/fable-trading/scripts/scan_recent_multi_tf.py:199: UserWarning: This figure includes Axes that are not compatible with tight_layout, so results might be incorrect.
  fig.tight_layout()
/Users/zhangzc/fable-trading/scripts/scan_recent_multi_tf.py:199: UserWarning: This figure includes Axes that are not compatible with tight_layout, so results might be incorrect.
  fig.tight_layout()
/Users/zhangzc/fable-trading/scripts/scan_recent_multi_tf.py:199: UserWarning: This figure includes Axes that are not compatible with tight_layout, so results might be incorrect.
  fig.tight_layout()
/Users/zhangzc/fable-trading/scripts/scan_recent_multi_tf.py:199: UserWarning: This figure includes Axes that are not compatible with tight_layout, so results might be incorrect.
  fig.tight_layout()
/Users/zhangzc/fable-trading/scripts/scan_recent_multi_tf.py:199: UserWarning: This figure includes Axes that are not compatible with tight_layout, so results might be incorrect.
  fig.tight_layout()
/Users/zhangzc/fable-trading/scripts/scan_recent_multi_tf.py:199: UserWarning: This figure includes Axes that are not compatible with tight_layout, so results might be incorrect.
  fig.tight_layout()
/Users/zhangzc/fable-trading/scripts/scan_recent_multi_tf.py:199: UserWarning: This figure includes Axes that are not compatible with tight_layout, so results might be incorrect.
  fig.tight_layout()
/Users/zhangzc/fable-trading/scripts/scan_recent_multi_tf.py:199: UserWarning: This figure includes Axes that are not compatible with tight_layout, so results might be incorrect.
  fig.tight_layout()
/Users/zhangzc/fable-trading/scripts/scan_recent_multi_tf.py:199: UserWarning: This figure includes Axes that are not compatible with tight_layout, so results might be incorrect.
  fig.tight_layout()
/Users/zhangzc/fable-trading/scripts/scan_recent_multi_tf.py:199: UserWarning: This figure includes Axes that are not compatible with tight_layout, so results might be incorrect.
  fig.tight_layout()
[27/30] ZHIPU_USDT_SWAP        3m 榜单  3日  -15.2%  扫 1440  开火 19
/Users/zhangzc/fable-trading/scripts/scan_recent_multi_tf.py:199: UserWarning: This figure includes Axes that are not compatible with tight_layout, so results might be incorrect.
  fig.tight_layout()
/Users/zhangzc/fable-trading/scripts/scan_recent_multi_tf.py:199: UserWarning: This figure includes Axes that are not compatible with tight_layout, so results might be incorrect.
  fig.tight_layout()
/Users/zhangzc/fable-trading/scripts/scan_recent_multi_tf.py:199: UserWarning: This figure includes Axes that are not compatible with tight_layout, so results might be incorrect.
  fig.tight_layout()
/Users/zhangzc/fable-trading/scripts/scan_recent_multi_tf.py:199: UserWarning: This figure includes Axes that are not compatible with tight_layout, so results might be incorrect.
  fig.tight_layout()
/Users/zhangzc/fable-trading/scripts/scan_recent_multi_tf.py:199: UserWarning: This figure includes Axes that are not compatible with tight_layout, so results might be incorrect.
  fig.tight_layout()
/Users/zhangzc/fable-trading/scripts/scan_recent_multi_tf.py:199: UserWarning: This figure includes Axes that are not compatible with tight_layout, so results might be incorrect.
  fig.tight_layout()
/Users/zhangzc/fable-trading/scripts/scan_recent_multi_tf.py:199: UserWarning: This figure includes Axes that are not compatible with tight_layout, so results might be incorrect.
  fig.tight_layout()
/Users/zhangzc/fable-trading/scripts/scan_recent_multi_tf.py:199: UserWarning: This figure includes Axes that are not compatible with tight_layout, so results might be incorrect.
  fig.tight_layout()
/Users/zhangzc/fable-trading/scripts/scan_recent_multi_tf.py:199: UserWarning: This figure includes Axes that are not compatible with tight_layout, so results might be incorrect.
  fig.tight_layout()
/Users/zhangzc/fable-trading/scripts/scan_recent_multi_tf.py:199: UserWarning: This figure includes Axes that are not compatible with tight_layout, so results might be incorrect.
  fig.tight_layout()
/Users/zhangzc/fable-trading/scripts/scan_recent_multi_tf.py:199: UserWarning: This figure includes Axes that are not compatible with tight_layout, so results might be incorrect.
  fig.tight_layout()
/Users/zhangzc/fable-trading/scripts/scan_recent_multi_tf.py:199: UserWarning: This figure includes Axes that are not compatible with tight_layout, so results might be incorrect.
  fig.tight_layout()
/Users/zhangzc/fable-trading/scripts/scan_recent_multi_tf.py:199: UserWarning: This figure includes Axes that are not compatible with tight_layout, so results might be incorrect.
  fig.tight_layout()
/Users/zhangzc/fable-trading/scripts/scan_recent_multi_tf.py:199: UserWarning: This figure includes Axes that are not compatible with tight_layout, so results might be incorrect.
  fig.tight_layout()
/Users/zhangzc/fable-trading/scripts/scan_recent_multi_tf.py:199: UserWarning: This figure includes Axes that are not compatible with tight_layout, so results might be incorrect.
  fig.tight_layout()
/Users/zhangzc/fable-trading/scripts/scan_recent_multi_tf.py:199: UserWarning: This figure includes Axes that are not compatible with tight_layout, so results might be incorrect.
  fig.tight_layout()
/Users/zhangzc/fable-trading/scripts/scan_recent_multi_tf.py:199: UserWarning: This figure includes Axes that are not compatible with tight_layout, so results might be incorrect.
  fig.tight_layout()
/Users/zhangzc/fable-trading/scripts/scan_recent_multi_tf.py:199: UserWarning: This figure includes Axes that are not compatible with tight_layout, so results might be incorrect.
  fig.tight_layout()
/Users/zhangzc/fable-trading/scripts/scan_recent_multi_tf.py:199: UserWarning: This figure includes Axes that are not compatible with tight_layout, so results might be incorrect.
  fig.tight_layout()
[28/30] BILL_USDT_SWAP         3m 榜单  3日  -15.0%  扫 1440  开火 36
/Users/zhangzc/fable-trading/scripts/scan_recent_multi_tf.py:199: UserWarning: This figure includes Axes that are not compatible with tight_layout, so results might be incorrect.
  fig.tight_layout()
/Users/zhangzc/fable-trading/scripts/scan_recent_multi_tf.py:199: UserWarning: This figure includes Axes that are not compatible with tight_layout, so results might be incorrect.
  fig.tight_layout()
/Users/zhangzc/fable-trading/scripts/scan_recent_multi_tf.py:199: UserWarning: This figure includes Axes that are not compatible with tight_layout, so results might be incorrect.
  fig.tight_layout()
/Users/zhangzc/fable-trading/scripts/scan_recent_multi_tf.py:199: UserWarning: This figure includes Axes that are not compatible with tight_layout, so results might be incorrect.
  fig.tight_layout()
/Users/zhangzc/fable-trading/scripts/scan_recent_multi_tf.py:199: UserWarning: This figure includes Axes that are not compatible with tight_layout, so results might be incorrect.
  fig.tight_layout()
/Users/zhangzc/fable-trading/scripts/scan_recent_multi_tf.py:199: UserWarning: This figure includes Axes that are not compatible with tight_layout, so results might be incorrect.
  fig.tight_layout()
/Users/zhangzc/fable-trading/scripts/scan_recent_multi_tf.py:199: UserWarning: This figure includes Axes that are not compatible with tight_layout, so results might be incorrect.
  fig.tight_layout()
/Users/zhangzc/fable-trading/scripts/scan_recent_multi_tf.py:199: UserWarning: This figure includes Axes that are not compatible with tight_layout, so results might be incorrect.
  fig.tight_layout()
/Users/zhangzc/fable-trading/scripts/scan_recent_multi_tf.py:199: UserWarning: This figure includes Axes that are not compatible with tight_layout, so results might be incorrect.
  fig.tight_layout()
/Users/zhangzc/fable-trading/scripts/scan_recent_multi_tf.py:199: UserWarning: This figure includes Axes that are not compatible with tight_layout, so results might be incorrect.
  fig.tight_layout()
/Users/zhangzc/fable-trading/scripts/scan_recent_multi_tf.py:199: UserWarning: This figure includes Axes that are not compatible with tight_layout, so results might be incorrect.
  fig.tight_layout()
/Users/zhangzc/fable-trading/scripts/scan_recent_multi_tf.py:199: UserWarning: This figure includes Axes that are not compatible with tight_layout, so results might be incorrect.
  fig.tight_layout()
/Users/zhangzc/fable-trading/scripts/scan_recent_multi_tf.py:199: UserWarning: This figure includes Axes that are not compatible with tight_layout, so results might be incorrect.
  fig.tight_layout()
/Users/zhangzc/fable-trading/scripts/scan_recent_multi_tf.py:199: UserWarning: This figure includes Axes that are not compatible with tight_layout, so results might be incorrect.
  fig.tight_layout()
/Users/zhangzc/fable-trading/scripts/scan_recent_multi_tf.py:199: UserWarning: This figure includes Axes that are not compatible with tight_layout, so results might be incorrect.
  fig.tight_layout()
/Users/zhangzc/fable-trading/scripts/scan_recent_multi_tf.py:199: UserWarning: This figure includes Axes that are not compatible with tight_layout, so results might be incorrect.
  fig.tight_layout()
/Users/zhangzc/fable-trading/scripts/scan_recent_multi_tf.py:199: UserWarning: This figure includes Axes that are not compatible with tight_layout, so results might be incorrect.
  fig.tight_layout()
/Users/zhangzc/fable-trading/scripts/scan_recent_multi_tf.py:199: UserWarning: This figure includes Axes that are not compatible with tight_layout, so results might be incorrect.
  fig.tight_layout()
/Users/zhangzc/fable-trading/scripts/scan_recent_multi_tf.py:199: UserWarning: This figure includes Axes that are not compatible with tight_layout, so results might be incorrect.
  fig.tight_layout()
/Users/zhangzc/fable-trading/scripts/scan_recent_multi_tf.py:199: UserWarning: This figure includes Axes that are not compatible with tight_layout, so results might be incorrect.
  fig.tight_layout()
/Users/zhangzc/fable-trading/scripts/scan_recent_multi_tf.py:199: UserWarning: This figure includes Axes that are not compatible with tight_layout, so results might be incorrect.
  fig.tight_layout()
/Users/zhangzc/fable-trading/scripts/scan_recent_multi_tf.py:199: UserWarning: This figure includes Axes that are not compatible with tight_layout, so results might be incorrect.
  fig.tight_layout()
/Users/zhangzc/fable-trading/scripts/scan_recent_multi_tf.py:199: UserWarning: This figure includes Axes that are not compatible with tight_layout, so results might be incorrect.
  fig.tight_layout()
/Users/zhangzc/fable-trading/scripts/scan_recent_multi_tf.py:199: UserWarning: This figure includes Axes that are not compatible with tight_layout, so results might be incorrect.
  fig.tight_layout()
/Users/zhangzc/fable-trading/scripts/scan_recent_multi_tf.py:199: UserWarning: This figure includes Axes that are not compatible with tight_layout, so results might be incorrect.
  fig.tight_layout()
/Users/zhangzc/fable-trading/scripts/scan_recent_multi_tf.py:199: UserWarning: This figure includes Axes that are not compatible with tight_layout, so results might be incorrect.
  fig.tight_layout()
/Users/zhangzc/fable-trading/scripts/scan_recent_multi_tf.py:199: UserWarning: This figure includes Axes that are not compatible with tight_layout, so results might be incorrect.
  fig.tight_layout()
/Users/zhangzc/fable-trading/scripts/scan_recent_multi_tf.py:199: UserWarning: This figure includes Axes that are not compatible with tight_layout, so results might be incorrect.
  fig.tight_layout()
/Users/zhangzc/fable-trading/scripts/scan_recent_multi_tf.py:199: UserWarning: This figure includes Axes that are not compatible with tight_layout, so results might be incorrect.
  fig.tight_layout()
/Users/zhangzc/fable-trading/scripts/scan_recent_multi_tf.py:199: UserWarning: This figure includes Axes that are not compatible with tight_layout, so results might be incorrect.
  fig.tight_layout()
/Users/zhangzc/fable-trading/scripts/scan_recent_multi_tf.py:199: UserWarning: This figure includes Axes that are not compatible with tight_layout, so results might be incorrect.
  fig.tight_layout()
/Users/zhangzc/fable-trading/scripts/scan_recent_multi_tf.py:199: UserWarning: This figure includes Axes that are not compatible with tight_layout, so results might be incorrect.
  fig.tight_layout()
/Users/zhangzc/fable-trading/scripts/scan_recent_multi_tf.py:199: UserWarning: This figure includes Axes that are not compatible with tight_layout, so results might be incorrect.
  fig.tight_layout()
/Users/zhangzc/fable-trading/scripts/scan_recent_multi_tf.py:199: UserWarning: This figure includes Axes that are not compatible with tight_layout, so results might be incorrect.
  fig.tight_layout()
/Users/zhangzc/fable-trading/scripts/scan_recent_multi_tf.py:199: UserWarning: This figure includes Axes that are not compatible with tight_layout, so results might be incorrect.
  fig.tight_layout()
/Users/zhangzc/fable-trading/scripts/scan_recent_multi_tf.py:199: UserWarning: This figure includes Axes that are not compatible with tight_layout, so results might be incorrect.
  fig.tight_layout()
[29/30] MUU_USDT_SWAP        3m  数据不足,跳过
[30/30] MMT_USDT_SWAP          3m 榜单  3日  +14.1%  扫 1440  开火 28
/Users/zhangzc/fable-trading/scripts/scan_recent_multi_tf.py:199: UserWarning: This figure includes Axes that are not compatible with tight_layout, so results might be incorrect.
  fig.tight_layout()
/Users/zhangzc/fable-trading/scripts/scan_recent_multi_tf.py:199: UserWarning: This figure includes Axes that are not compatible with tight_layout, so results might be incorrect.
  fig.tight_layout()
/Users/zhangzc/fable-trading/scripts/scan_recent_multi_tf.py:199: UserWarning: This figure includes Axes that are not compatible with tight_layout, so results might be incorrect.
  fig.tight_layout()
/Users/zhangzc/fable-trading/scripts/scan_recent_multi_tf.py:199: UserWarning: This figure includes Axes that are not compatible with tight_layout, so results might be incorrect.
  fig.tight_layout()
/Users/zhangzc/fable-trading/scripts/scan_recent_multi_tf.py:199: UserWarning: This figure includes Axes that are not compatible with tight_layout, so results might be incorrect.
  fig.tight_layout()
/Users/zhangzc/fable-trading/scripts/scan_recent_multi_tf.py:199: UserWarning: This figure includes Axes that are not compatible with tight_layout, so results might be incorrect.
  fig.tight_layout()
/Users/zhangzc/fable-trading/scripts/scan_recent_multi_tf.py:199: UserWarning: This figure includes Axes that are not compatible with tight_layout, so results might be incorrect.
  fig.tight_layout()
/Users/zhangzc/fable-trading/scripts/scan_recent_multi_tf.py:199: UserWarning: This figure includes Axes that are not compatible with tight_layout, so results might be incorrect.
  fig.tight_layout()
/Users/zhangzc/fable-trading/scripts/scan_recent_multi_tf.py:199: UserWarning: This figure includes Axes that are not compatible with tight_layout, so results might be incorrect.
  fig.tight_layout()
/Users/zhangzc/fable-trading/scripts/scan_recent_multi_tf.py:199: UserWarning: This figure includes Axes that are not compatible with tight_layout, so results might be incorrect.
  fig.tight_layout()
/Users/zhangzc/fable-trading/scripts/scan_recent_multi_tf.py:199: UserWarning: This figure includes Axes that are not compatible with tight_layout, so results might be incorrect.
  fig.tight_layout()
/Users/zhangzc/fable-trading/scripts/scan_recent_multi_tf.py:199: UserWarning: This figure includes Axes that are not compatible with tight_layout, so results might be incorrect.
  fig.tight_layout()
/Users/zhangzc/fable-trading/scripts/scan_recent_multi_tf.py:199: UserWarning: This figure includes Axes that are not compatible with tight_layout, so results might be incorrect.
  fig.tight_layout()
/Users/zhangzc/fable-trading/scripts/scan_recent_multi_tf.py:199: UserWarning: This figure includes Axes that are not compatible with tight_layout, so results might be incorrect.
  fig.tight_layout()
/Users/zhangzc/fable-trading/scripts/scan_recent_multi_tf.py:199: UserWarning: This figure includes Axes that are not compatible with tight_layout, so results might be incorrect.
  fig.tight_layout()
/Users/zhangzc/fable-trading/scripts/scan_recent_multi_tf.py:199: UserWarning: This figure includes Axes that are not compatible with tight_layout, so results might be incorrect.
  fig.tight_layout()
/Users/zhangzc/fable-trading/scripts/scan_recent_multi_tf.py:199: UserWarning: This figure includes Axes that are not compatible with tight_layout, so results might be incorrect.
  fig.tight_layout()
/Users/zhangzc/fable-trading/scripts/scan_recent_multi_tf.py:199: UserWarning: This figure includes Axes that are not compatible with tight_layout, so results might be incorrect.
  fig.tight_layout()
/Users/zhangzc/fable-trading/scripts/scan_recent_multi_tf.py:199: UserWarning: This figure includes Axes that are not compatible with tight_layout, so results might be incorrect.
  fig.tight_layout()
/Users/zhangzc/fable-trading/scripts/scan_recent_multi_tf.py:199: UserWarning: This figure includes Axes that are not compatible with tight_layout, so results might be incorrect.
  fig.tight_layout()
/Users/zhangzc/fable-trading/scripts/scan_recent_multi_tf.py:199: UserWarning: This figure includes Axes that are not compatible with tight_layout, so results might be incorrect.
  fig.tight_layout()
/Users/zhangzc/fable-trading/scripts/scan_recent_multi_tf.py:199: UserWarning: This figure includes Axes that are not compatible with tight_layout, so results might be incorrect.
  fig.tight_layout()
/Users/zhangzc/fable-trading/scripts/scan_recent_multi_tf.py:199: UserWarning: This figure includes Axes that are not compatible with tight_layout, so results might be incorrect.
  fig.tight_layout()
/Users/zhangzc/fable-trading/scripts/scan_recent_multi_tf.py:199: UserWarning: This figure includes Axes that are not compatible with tight_layout, so results might be incorrect.
  fig.tight_layout()
/Users/zhangzc/fable-trading/scripts/scan_recent_multi_tf.py:199: UserWarning: This figure includes Axes that are not compatible with tight_layout, so results might be incorrect.
  fig.tight_layout()
/Users/zhangzc/fable-trading/scripts/scan_recent_multi_tf.py:199: UserWarning: This figure includes Axes that are not compatible with tight_layout, so results might be incorrect.
  fig.tight_layout()
/Users/zhangzc/fable-trading/scripts/scan_recent_multi_tf.py:199: UserWarning: This figure includes Axes that are not compatible with tight_layout, so results might be incorrect.
  fig.tight_layout()
/Users/zhangzc/fable-trading/scripts/scan_recent_multi_tf.py:199: UserWarning: This figure includes Axes that are not compatible with tight_layout, so results might be incorrect.
  fig.tight_layout()

   周期    信号     已了结   TP   SL    超时     净@taker  说明
  15m   127     125   46   71     8     +0.464%  
   5m   423     409  110  275    24     -0.102%  ← 分布外,不构成验证
   3m   629     619  166  420    33     -0.079%  ← 分布外,不构成验证

扫 30 币 x 3 周期用时 81.4 分钟   信号 1179 条(已了结 1153,持仓中 26)
已了结:TP 322 · SL 766 · 超时 65 · 净@taker 均值 -0.028%
摘要: True
已推送 30/30 张到 TG
