{
  "merged_long_n_pos": 301,
  "merged_long_n_neg": 1365,
  "fav_pos_median": 0.0178499,
  "fav_neg_median": 0.01731088,
  "fav_U_p": 0.8440147833183705,
  "fav_rank_biserial": -0.007238387304832505,
  "adv_pos_median": -0.00387553,
  "adv_neg_median": -0.0119343,
  "adv_U_p": 9.232937877312961e-14,
  "adv_rank_biserial": 0.2740291823348302,
  "pos_median_net": 0.013974369999999998,
  "roundtrip_cost": 0.002,
  "covers_cost": true
}