{
  "run": "dense_15m_full_s_e21b_hsv0",
  "weights": "runs/detect/runs/detect/dense_15m_full_s_e21b_hsv0/weights/best.pt",
  "images": 1255,
  "instances": 1297,
  "precision": 0.7613846571,
  "recall": 0.7405124486,
  "map50": 0.8505233222,
  "map50_95": 0.662223897,
  "fitness": 0.662223897,
  "gate_map50_ge_0_90": false,
  "holdout_used": false
}
