{
  "tp5_sl2": {
    "n_pool": 9312,
    "threshold": 0.3874,
    "top_all": {
      "n": 151,
      "net_maker016": -0.00074,
      "net_swap006": 0.00026,
      "win": 0.3576
    },
    "top_above_ma": {
      "n": 58,
      "net_maker016": -0.00034,
      "net_swap006": 0.00066,
      "win": 0.3966
    },
    "top_against": {
      "n": 93,
      "net_maker016": -0.00099,
      "net_swap006": 1e-05,
      "win": 0.3333
    }
  },
  "scaled_25_t3": {
    "n_pool": 9312,
    "threshold": 0.6078,
    "top_all": {
      "n": 151,
      "net_maker016": 0.00226,
      "net_swap006": 0.00326,
      "win": 0.7285
    },
    "top_above_ma": {
      "n": 52,
      "net_maker016": 0.00189,
      "net_swap006": 0.00289,
      "win": 0.75
    },
    "top_against": {
      "n": 99,
      "net_maker016": 0.00245,
      "net_swap006": 0.00345,
      "win": 0.7172
    }
  }
}