{
  "v13_train": {
    "name": "v13_train",
    "n_label_files": 8467,
    "n_empty_bg": 4520,
    "n_pos_files": 3947,
    "n_boxes": 4146,
    "right_p10_p50_p90": [
      0.9921869999999999,
      0.9921875,
      0.992188
    ],
    "w_p10_p50_p90": [
      0.038281,
      0.057813,
      0.072656
    ],
    "w_mean": 0.05680936420646407,
    "h_p10_p50_p90": [
      0.053908,
      0.110512,
      0.204852
    ],
    "frac_right_ge_095": 0.9599614085865895,
    "frac_right_04_09": 0.025566811384466957,
    "frac_w_le_03": 0.00964785335262904,
    "frac_w_gt_10": 0.00602990834539315,
    "frac_w_gt_15": 0.000241196333815726,
    "multi_box_files": 195,
    "render_checked": 80,
    "frac_dark_bg_meanlt40": 0.0,
    "frac_has_nonblack": 1.0
  },
  "v11_train": {
    "name": "v11_train",
    "n_label_files": 8561,
    "n_empty_bg": 4520,
    "n_pos_files": 4041,
    "n_boxes": 4244,
    "right_p10_p50_p90": [
      0.1541202,
      0.50861325,
      0.8493482500000001
    ],
    "w_p10_p50_p90": [
      0.036120599999999996,
      0.054794,
      0.0672759
    ],
    "w_mean": 0.05386356479736098,
    "h_p10_p50_p90": [
      0.0638571,
      0.103774,
      0.15224340000000003
    ],
    "frac_right_ge_095": 0.027803958529688973,
    "frac_right_04_09": 0.5589066918001885,
    "frac_w_le_03": 0.012016965127238455,
    "frac_w_gt_10": 0.003770028275212064,
    "frac_w_gt_15": 0.0,
    "multi_box_files": 199,
    "render_checked": 80,
    "frac_dark_bg_meanlt40": 0.0,
    "frac_has_nonblack": 1.0
  },
  "v12_train": {
    "name": "v12_train",
    "n_label_files": 12520,
    "n_empty_bg": 4520,
    "n_pos_files": 8000,
    "n_boxes": 8402,
    "right_p10_p50_p90": [
      0.2495202,
      0.92265675,
      0.9968750000000001
    ],
    "w_p10_p50_p90": [
      0.0391882,
      0.061569,
      0.077344
    ],
    "w_mean": 0.05995559807188765,
    "h_p10_p50_p90": [
      0.0742112,
      0.137466,
      0.408356
    ],
    "frac_right_ge_095": 0.4917876696024756,
    "frac_right_04_09": 0.2949297786241371,
    "frac_w_le_03": 0.006189002618424185,
    "frac_w_gt_10": 0.007379195429659605,
    "frac_w_gt_15": 0.00011901928112354201,
    "multi_box_files": 394,
    "render_checked": 80,
    "frac_dark_bg_meanlt40": 0.0,
    "frac_has_nonblack": 1.0
  },
  "v13_val": {
    "name": "v13_val",
    "n_label_files": 3169,
    "n_empty_bg": 1660,
    "n_pos_files": 1509,
    "n_boxes": 1587,
    "right_p10_p50_p90": [
      0.1482043,
      0.5085934999999999,
      0.8344047000000001
    ],
    "w_p10_p50_p90": [
      0.035927,
      0.05438,
      0.06784620000000001
    ],
    "w_mean": 0.0539870775047259,
    "h_p10_p50_p90": [
      0.063342,
      0.106469,
      0.15197
    ],
    "frac_right_ge_095": 0.02142407057340895,
    "frac_right_04_09": 0.5759294265910523,
    "frac_w_le_03": 0.015122873345935728,
    "frac_w_gt_10": 0.005040957781978576,
    "frac_w_gt_15": 0.000630119722747322,
    "multi_box_files": 76,
    "render_checked": 80,
    "frac_dark_bg_meanlt40": 0.0,
    "frac_has_nonblack": 1.0
  }
}