[2026-07-24T08:41:11Z] driver start chunk=1 device=cpu weights=runs/detect/runs/detect/owner_side_short_tip_v1b/weights/best.pt out=data/judgment_yolo_owner_side_short_100_6m.csv symbols_file=analysis/output/yolo_short_100_6m_symbols.txt months=6 end_before=2026-05-04 start_time=none
[2026-07-24T08:41:11Z] chunk=1 done=0/100
swap series to scan: 1  workers=1  side=short  resume=True  signal_window=[2025-11-04 00:00:00+00:00, 2026-05-04 00:00:00+00:00)
  AAVE_USDT_SWAP: 253 YOLO候选 (short)
  … progress 1/1
{
  "side": "short",
  "weights": "/Users/zhangzc/fable-trading/runs/detect/runs/detect/owner_side_short_tip_v1b/weights/best.pt",
  "series_this_chunk": 1,
  "candidates_so_far": 253,
  "symbols_so_far": 1,
  "pos_rate": 0.3004,
  "out": "data/judgment_yolo_owner_side_short_100_6m.csv",
  "workers": 1,
  "checkpoint": true,
  "signal_time_lo": "2025-11-04 00:00:00+00:00",
  "signal_time_hi": "2026-05-04 00:00:00+00:00",
  "symbols_filter": [
    "AAVE_USDT_SWAP",
    "ACH_USDT_SWAP",
    "ACT_USDT_SWAP",
    "ADA_USDT_SWAP",
    "AEVO_USDT_SWAP",
    "AIXBT_USDT_SWAP",
    "ANIME_USDT_SWAP",
    "APE_USDT_SWAP",
    "APT_USDT_SWAP",
    "ARB_USDT_SWAP",
    "ATH_USDT_SWAP",
    "ATOM_USDT_SWAP",
    "AVAX_USDT_SWAP",
    "BABY_USDT_SWAP",
    "BCH_USDT_SWAP",
    "BICO_USDT_SWAP",
    "BIGTIME_USDT_SWAP",
    "BIO_USDT_SWAP",
    "BLUR_USDT_SWAP",
    "BNB_USDT_SWAP",
    "BOME_USDT_SWAP",
    "BONK_USDT_SWAP",
    "BRETT_USDT_SWAP",
    "BTC_USDT_SWAP",
    "CFX_USDT_SWAP",
    "CHZ_USDT_SWAP",
    "CORE_USDT_SWAP",
    "CRO_USDT_SWAP",
    "DOGE_USDT_SWAP",
    "DOOD_USDT_SWAP",
    "DOT_USDT_SWAP",
    "DYDX_USDT_SWAP",
    "ENJ_USDT_SWAP",
    "ETC_USDT_SWAP",
    "ETH_USDT_SWAP",
    "FIL_USDT_SWAP",
    "FLOKI_USDT_SWAP",
    "GALA_USDT_SWAP",
    "GMT_USDT_SWAP",
    "GPS_USDT_SWAP",
    "GRT_USDT_SWAP",
    "HBAR_USDT_SWAP",
    "HMSTR_USDT_SWAP",
    "HOME_USDT_SWAP",
    "HUMA_USDT_SWAP",
    "ICP_USDT_SWAP",
    "ICX_USDT_SWAP",
    "INJ_USDT_SWAP",
    "IOST_USDT_SWAP",
    "JELLYJELLY_USDT_SWAP",
    "KMNO_USDT_SWAP",
    "LINK_USDT_SWAP",
    "LRC_USDT_SWAP",
    "LTC_USDT_SWAP",
    "LUNA_USDT_SWAP",
    "MAGIC_USDT_SWAP",
    "MEME_USDT_SWAP",
    "MERL_USDT_SWAP",
    "MEW_USDT_SWAP",
    "MINA_USDT_SWAP",
    "MOODENG_USDT_SWAP",
    "MOVE_USDT_SWAP",
    "MUBARAK_USDT_SWAP",
    "NEAR_USDT_SWAP",
    "NEIRO_USDT_SWAP",
    "NOT_USDT_SWAP",
    "ONE_USDT_SWAP",
    "ONT_USDT_SWAP",
    "OP_USDT_SWAP",
    "PARTI_USDT_SWAP",
    "PENGU_USDT_SWAP",
    "PEOPLE_USDT_SWAP",
    "PEPE_USDT_SWAP",
    "PLUME_USDT_SWAP",
    "PNUT_USDT_SWAP",
    "POL_USDT_SWAP",
    "PYTH_USDT_SWAP",
    "RESOLV_USDT_SWAP",
    "RSR_USDT_SWAP",
    "RVN_USDT_SWAP",
    "SATS_USDT_SWAP",
    "SHIB_USDT_SWAP",
    "SIGN_USDT_SWAP",
    "SOL_USDT_SWAP",
    "SOON_USDT_SWAP",
    "SOPH_USDT_SWAP",
    "STRK_USDT_SWAP",
    "SUI_USDT_SWAP",
    "TIA_USDT_SWAP",
    "TRX_USDT_SWAP",
    "TURBO_USDT_SWAP",
    "UNI_USDT_SWAP",
    "WIF_USDT_SWAP",
    "WOO_USDT_SWAP",
    "W_USDT_SWAP",
    "XLM_USDT_SWAP",
    "XRP_USDT_SWAP",
    "YGG_USDT_SWAP",
    "ZIL_USDT_SWAP",
    "ZK_USDT_SWAP"
  ]
}
[2026-07-24T08:41:31Z] chunk=1 exit=0 done_after=1
[2026-07-24T08:41:31Z] chunk=2 done=1/100
resume: skip 1 done symbols (1 marked); remain 99
swap series to scan: 1  workers=1  side=short  resume=True  signal_window=[2025-11-04 00:00:00+00:00, 2026-05-04 00:00:00+00:00)
  ACH_USDT_SWAP: 268 YOLO候选 (short)
  … progress 1/1
{
  "side": "short",
  "weights": "/Users/zhangzc/fable-trading/runs/detect/runs/detect/owner_side_short_tip_v1b/weights/best.pt",
  "series_this_chunk": 1,
  "candidates_so_far": 521,
  "symbols_so_far": 2,
  "pos_rate": 0.309,
  "out": "data/judgment_yolo_owner_side_short_100_6m.csv",
  "workers": 1,
  "checkpoint": true,
  "signal_time_lo": "2025-11-04 00:00:00+00:00",
  "signal_time_hi": "2026-05-04 00:00:00+00:00",
  "symbols_filter": [
    "AAVE_USDT_SWAP",
    "ACH_USDT_SWAP",
    "ACT_USDT_SWAP",
    "ADA_USDT_SWAP",
    "AEVO_USDT_SWAP",
    "AIXBT_USDT_SWAP",
    "ANIME_USDT_SWAP",
    "APE_USDT_SWAP",
    "APT_USDT_SWAP",
    "ARB_USDT_SWAP",
    "ATH_USDT_SWAP",
    "ATOM_USDT_SWAP",
    "AVAX_USDT_SWAP",
    "BABY_USDT_SWAP",
    "BCH_USDT_SWAP",
    "BICO_USDT_SWAP",
    "BIGTIME_USDT_SWAP",
    "BIO_USDT_SWAP",
    "BLUR_USDT_SWAP",
    "BNB_USDT_SWAP",
    "BOME_USDT_SWAP",
    "BONK_USDT_SWAP",
    "BRETT_USDT_SWAP",
    "BTC_USDT_SWAP",
    "CFX_USDT_SWAP",
    "CHZ_USDT_SWAP",
    "CORE_USDT_SWAP",
    "CRO_USDT_SWAP",
    "DOGE_USDT_SWAP",
    "DOOD_USDT_SWAP",
    "DOT_USDT_SWAP",
    "DYDX_USDT_SWAP",
    "ENJ_USDT_SWAP",
    "ETC_USDT_SWAP",
    "ETH_USDT_SWAP",
    "FIL_USDT_SWAP",
    "FLOKI_USDT_SWAP",
    "GALA_USDT_SWAP",
    "GMT_USDT_SWAP",
    "GPS_USDT_SWAP",
    "GRT_USDT_SWAP",
    "HBAR_USDT_SWAP",
    "HMSTR_USDT_SWAP",
    "HOME_USDT_SWAP",
    "HUMA_USDT_SWAP",
    "ICP_USDT_SWAP",
    "ICX_USDT_SWAP",
    "INJ_USDT_SWAP",
    "IOST_USDT_SWAP",
    "JELLYJELLY_USDT_SWAP",
    "KMNO_USDT_SWAP",
    "LINK_USDT_SWAP",
    "LRC_USDT_SWAP",
    "LTC_USDT_SWAP",
    "LUNA_USDT_SWAP",
    "MAGIC_USDT_SWAP",
    "MEME_USDT_SWAP",
    "MERL_USDT_SWAP",
    "MEW_USDT_SWAP",
    "MINA_USDT_SWAP",
    "MOODENG_USDT_SWAP",
    "MOVE_USDT_SWAP",
    "MUBARAK_USDT_SWAP",
    "NEAR_USDT_SWAP",
    "NEIRO_USDT_SWAP",
    "NOT_USDT_SWAP",
    "ONE_USDT_SWAP",
    "ONT_USDT_SWAP",
    "OP_USDT_SWAP",
    "PARTI_USDT_SWAP",
    "PENGU_USDT_SWAP",
    "PEOPLE_USDT_SWAP",
    "PEPE_USDT_SWAP",
    "PLUME_USDT_SWAP",
    "PNUT_USDT_SWAP",
    "POL_USDT_SWAP",
    "PYTH_USDT_SWAP",
    "RESOLV_USDT_SWAP",
    "RSR_USDT_SWAP",
    "RVN_USDT_SWAP",
    "SATS_USDT_SWAP",
    "SHIB_USDT_SWAP",
    "SIGN_USDT_SWAP",
    "SOL_USDT_SWAP",
    "SOON_USDT_SWAP",
    "SOPH_USDT_SWAP",
    "STRK_USDT_SWAP",
    "SUI_USDT_SWAP",
    "TIA_USDT_SWAP",
    "TRX_USDT_SWAP",
    "TURBO_USDT_SWAP",
    "UNI_USDT_SWAP",
    "WIF_USDT_SWAP",
    "WOO_USDT_SWAP",
    "W_USDT_SWAP",
    "XLM_USDT_SWAP",
    "XRP_USDT_SWAP",
    "YGG_USDT_SWAP",
    "ZIL_USDT_SWAP",
    "ZK_USDT_SWAP"
  ]
}
[2026-07-24T08:41:52Z] chunk=2 exit=0 done_after=2
[2026-07-24T08:41:52Z] chunk=3 done=2/100
resume: skip 2 done symbols (2 marked); remain 98
swap series to scan: 1  workers=1  side=short  resume=True  signal_window=[2025-11-04 00:00:00+00:00, 2026-05-04 00:00:00+00:00)
  ACT_USDT_SWAP: 257 YOLO候选 (short)
  … progress 1/1
{
  "side": "short",
  "weights": "/Users/zhangzc/fable-trading/runs/detect/runs/detect/owner_side_short_tip_v1b/weights/best.pt",
  "series_this_chunk": 1,
  "candidates_so_far": 778,
  "symbols_so_far": 3,
  "pos_rate": 0.2969,
  "out": "data/judgment_yolo_owner_side_short_100_6m.csv",
  "workers": 1,
  "checkpoint": true,
  "signal_time_lo": "2025-11-04 00:00:00+00:00",
  "signal_time_hi": "2026-05-04 00:00:00+00:00",
  "symbols_filter": [
    "AAVE_USDT_SWAP",
    "ACH_USDT_SWAP",
    "ACT_USDT_SWAP",
    "ADA_USDT_SWAP",
    "AEVO_USDT_SWAP",
    "AIXBT_USDT_SWAP",
    "ANIME_USDT_SWAP",
    "APE_USDT_SWAP",
    "APT_USDT_SWAP",
    "ARB_USDT_SWAP",
    "ATH_USDT_SWAP",
    "ATOM_USDT_SWAP",
    "AVAX_USDT_SWAP",
    "BABY_USDT_SWAP",
    "BCH_USDT_SWAP",
    "BICO_USDT_SWAP",
    "BIGTIME_USDT_SWAP",
    "BIO_USDT_SWAP",
    "BLUR_USDT_SWAP",
    "BNB_USDT_SWAP",
    "BOME_USDT_SWAP",
    "BONK_USDT_SWAP",
    "BRETT_USDT_SWAP",
    "BTC_USDT_SWAP",
    "CFX_USDT_SWAP",
    "CHZ_USDT_SWAP",
    "CORE_USDT_SWAP",
    "CRO_USDT_SWAP",
    "DOGE_USDT_SWAP",
    "DOOD_USDT_SWAP",
    "DOT_USDT_SWAP",
    "DYDX_USDT_SWAP",
    "ENJ_USDT_SWAP",
    "ETC_USDT_SWAP",
    "ETH_USDT_SWAP",
    "FIL_USDT_SWAP",
    "FLOKI_USDT_SWAP",
    "GALA_USDT_SWAP",
    "GMT_USDT_SWAP",
    "GPS_USDT_SWAP",
    "GRT_USDT_SWAP",
    "HBAR_USDT_SWAP",
    "HMSTR_USDT_SWAP",
    "HOME_USDT_SWAP",
    "HUMA_USDT_SWAP",
    "ICP_USDT_SWAP",
    "ICX_USDT_SWAP",
    "INJ_USDT_SWAP",
    "IOST_USDT_SWAP",
    "JELLYJELLY_USDT_SWAP",
    "KMNO_USDT_SWAP",
    "LINK_USDT_SWAP",
    "LRC_USDT_SWAP",
    "LTC_USDT_SWAP",
    "LUNA_USDT_SWAP",
    "MAGIC_USDT_SWAP",
    "MEME_USDT_SWAP",
    "MERL_USDT_SWAP",
    "MEW_USDT_SWAP",
    "MINA_USDT_SWAP",
    "MOODENG_USDT_SWAP",
    "MOVE_USDT_SWAP",
    "MUBARAK_USDT_SWAP",
    "NEAR_USDT_SWAP",
    "NEIRO_USDT_SWAP",
    "NOT_USDT_SWAP",
    "ONE_USDT_SWAP",
    "ONT_USDT_SWAP",
    "OP_USDT_SWAP",
    "PARTI_USDT_SWAP",
    "PENGU_USDT_SWAP",
    "PEOPLE_USDT_SWAP",
    "PEPE_USDT_SWAP",
    "PLUME_USDT_SWAP",
    "PNUT_USDT_SWAP",
    "POL_USDT_SWAP",
    "PYTH_USDT_SWAP",
    "RESOLV_USDT_SWAP",
    "RSR_USDT_SWAP",
    "RVN_USDT_SWAP",
    "SATS_USDT_SWAP",
    "SHIB_USDT_SWAP",
    "SIGN_USDT_SWAP",
    "SOL_USDT_SWAP",
    "SOON_USDT_SWAP",
    "SOPH_USDT_SWAP",
    "STRK_USDT_SWAP",
    "SUI_USDT_SWAP",
    "TIA_USDT_SWAP",
    "TRX_USDT_SWAP",
    "TURBO_USDT_SWAP",
    "UNI_USDT_SWAP",
    "WIF_USDT_SWAP",
    "WOO_USDT_SWAP",
    "W_USDT_SWAP",
    "XLM_USDT_SWAP",
    "XRP_USDT_SWAP",
    "YGG_USDT_SWAP",
    "ZIL_USDT_SWAP",
    "ZK_USDT_SWAP"
  ]
}
[2026-07-24T08:42:13Z] chunk=3 exit=0 done_after=3
[2026-07-24T08:42:13Z] chunk=4 done=3/100
resume: skip 3 done symbols (3 marked); remain 97
swap series to scan: 1  workers=1  side=short  resume=True  signal_window=[2025-11-04 00:00:00+00:00, 2026-05-04 00:00:00+00:00)
  ADA_USDT_SWAP: 259 YOLO候选 (short)
  … progress 1/1
{
  "side": "short",
  "weights": "/Users/zhangzc/fable-trading/runs/detect/runs/detect/owner_side_short_tip_v1b/weights/best.pt",
  "series_this_chunk": 1,
  "candidates_so_far": 1037,
  "symbols_so_far": 4,
  "pos_rate": 0.297,
  "out": "data/judgment_yolo_owner_side_short_100_6m.csv",
  "workers": 1,
  "checkpoint": true,
  "signal_time_lo": "2025-11-04 00:00:00+00:00",
  "signal_time_hi": "2026-05-04 00:00:00+00:00",
  "symbols_filter": [
    "AAVE_USDT_SWAP",
    "ACH_USDT_SWAP",
    "ACT_USDT_SWAP",
    "ADA_USDT_SWAP",
    "AEVO_USDT_SWAP",
    "AIXBT_USDT_SWAP",
    "ANIME_USDT_SWAP",
    "APE_USDT_SWAP",
    "APT_USDT_SWAP",
    "ARB_USDT_SWAP",
    "ATH_USDT_SWAP",
    "ATOM_USDT_SWAP",
    "AVAX_USDT_SWAP",
    "BABY_USDT_SWAP",
    "BCH_USDT_SWAP",
    "BICO_USDT_SWAP",
    "BIGTIME_USDT_SWAP",
    "BIO_USDT_SWAP",
    "BLUR_USDT_SWAP",
    "BNB_USDT_SWAP",
    "BOME_USDT_SWAP",
    "BONK_USDT_SWAP",
    "BRETT_USDT_SWAP",
    "BTC_USDT_SWAP",
    "CFX_USDT_SWAP",
    "CHZ_USDT_SWAP",
    "CORE_USDT_SWAP",
    "CRO_USDT_SWAP",
    "DOGE_USDT_SWAP",
    "DOOD_USDT_SWAP",
    "DOT_USDT_SWAP",
    "DYDX_USDT_SWAP",
    "ENJ_USDT_SWAP",
    "ETC_USDT_SWAP",
    "ETH_USDT_SWAP",
    "FIL_USDT_SWAP",
    "FLOKI_USDT_SWAP",
    "GALA_USDT_SWAP",
    "GMT_USDT_SWAP",
    "GPS_USDT_SWAP",
    "GRT_USDT_SWAP",
    "HBAR_USDT_SWAP",
    "HMSTR_USDT_SWAP",
    "HOME_USDT_SWAP",
    "HUMA_USDT_SWAP",
    "ICP_USDT_SWAP",
    "ICX_USDT_SWAP",
    "INJ_USDT_SWAP",
    "IOST_USDT_SWAP",
    "JELLYJELLY_USDT_SWAP",
    "KMNO_USDT_SWAP",
    "LINK_USDT_SWAP",
    "LRC_USDT_SWAP",
    "LTC_USDT_SWAP",
    "LUNA_USDT_SWAP",
    "MAGIC_USDT_SWAP",
    "MEME_USDT_SWAP",
    "MERL_USDT_SWAP",
    "MEW_USDT_SWAP",
    "MINA_USDT_SWAP",
    "MOODENG_USDT_SWAP",
    "MOVE_USDT_SWAP",
    "MUBARAK_USDT_SWAP",
    "NEAR_USDT_SWAP",
    "NEIRO_USDT_SWAP",
    "NOT_USDT_SWAP",
    "ONE_USDT_SWAP",
    "ONT_USDT_SWAP",
    "OP_USDT_SWAP",
    "PARTI_USDT_SWAP",
    "PENGU_USDT_SWAP",
    "PEOPLE_USDT_SWAP",
    "PEPE_USDT_SWAP",
    "PLUME_USDT_SWAP",
    "PNUT_USDT_SWAP",
    "POL_USDT_SWAP",
    "PYTH_USDT_SWAP",
    "RESOLV_USDT_SWAP",
    "RSR_USDT_SWAP",
    "RVN_USDT_SWAP",
    "SATS_USDT_SWAP",
    "SHIB_USDT_SWAP",
    "SIGN_USDT_SWAP",
    "SOL_USDT_SWAP",
    "SOON_USDT_SWAP",
    "SOPH_USDT_SWAP",
    "STRK_USDT_SWAP",
    "SUI_USDT_SWAP",
    "TIA_USDT_SWAP",
    "TRX_USDT_SWAP",
    "TURBO_USDT_SWAP",
    "UNI_USDT_SWAP",
    "WIF_USDT_SWAP",
    "WOO_USDT_SWAP",
    "W_USDT_SWAP",
    "XLM_USDT_SWAP",
    "XRP_USDT_SWAP",
    "YGG_USDT_SWAP",
    "ZIL_USDT_SWAP",
    "ZK_USDT_SWAP"
  ]
}
[2026-07-24T08:42:34Z] chunk=4 exit=0 done_after=4
[2026-07-24T08:42:34Z] chunk=5 done=4/100
resume: skip 4 done symbols (4 marked); remain 96
swap series to scan: 1  workers=1  side=short  resume=True  signal_window=[2025-11-04 00:00:00+00:00, 2026-05-04 00:00:00+00:00)
  AEVO_USDT_SWAP: 263 YOLO候选 (short)
  … progress 1/1
{
  "side": "short",
  "weights": "/Users/zhangzc/fable-trading/runs/detect/runs/detect/owner_side_short_tip_v1b/weights/best.pt",
  "series_this_chunk": 1,
  "candidates_so_far": 1300,
  "symbols_so_far": 5,
  "pos_rate": 0.2892,
  "out": "data/judgment_yolo_owner_side_short_100_6m.csv",
  "workers": 1,
  "checkpoint": true,
  "signal_time_lo": "2025-11-04 00:00:00+00:00",
  "signal_time_hi": "2026-05-04 00:00:00+00:00",
  "symbols_filter": [
    "AAVE_USDT_SWAP",
    "ACH_USDT_SWAP",
    "ACT_USDT_SWAP",
    "ADA_USDT_SWAP",
    "AEVO_USDT_SWAP",
    "AIXBT_USDT_SWAP",
    "ANIME_USDT_SWAP",
    "APE_USDT_SWAP",
    "APT_USDT_SWAP",
    "ARB_USDT_SWAP",
    "ATH_USDT_SWAP",
    "ATOM_USDT_SWAP",
    "AVAX_USDT_SWAP",
    "BABY_USDT_SWAP",
    "BCH_USDT_SWAP",
    "BICO_USDT_SWAP",
    "BIGTIME_USDT_SWAP",
    "BIO_USDT_SWAP",
    "BLUR_USDT_SWAP",
    "BNB_USDT_SWAP",
    "BOME_USDT_SWAP",
    "BONK_USDT_SWAP",
    "BRETT_USDT_SWAP",
    "BTC_USDT_SWAP",
    "CFX_USDT_SWAP",
    "CHZ_USDT_SWAP",
    "CORE_USDT_SWAP",
    "CRO_USDT_SWAP",
    "DOGE_USDT_SWAP",
    "DOOD_USDT_SWAP",
    "DOT_USDT_SWAP",
    "DYDX_USDT_SWAP",
    "ENJ_USDT_SWAP",
    "ETC_USDT_SWAP",
    "ETH_USDT_SWAP",
    "FIL_USDT_SWAP",
    "FLOKI_USDT_SWAP",
    "GALA_USDT_SWAP",
    "GMT_USDT_SWAP",
    "GPS_USDT_SWAP",
    "GRT_USDT_SWAP",
    "HBAR_USDT_SWAP",
    "HMSTR_USDT_SWAP",
    "HOME_USDT_SWAP",
    "HUMA_USDT_SWAP",
    "ICP_USDT_SWAP",
    "ICX_USDT_SWAP",
    "INJ_USDT_SWAP",
    "IOST_USDT_SWAP",
    "JELLYJELLY_USDT_SWAP",
    "KMNO_USDT_SWAP",
    "LINK_USDT_SWAP",
    "LRC_USDT_SWAP",
    "LTC_USDT_SWAP",
    "LUNA_USDT_SWAP",
    "MAGIC_USDT_SWAP",
    "MEME_USDT_SWAP",
    "MERL_USDT_SWAP",
    "MEW_USDT_SWAP",
    "MINA_USDT_SWAP",
    "MOODENG_USDT_SWAP",
    "MOVE_USDT_SWAP",
    "MUBARAK_USDT_SWAP",
    "NEAR_USDT_SWAP",
    "NEIRO_USDT_SWAP",
    "NOT_USDT_SWAP",
    "ONE_USDT_SWAP",
    "ONT_USDT_SWAP",
    "OP_USDT_SWAP",
    "PARTI_USDT_SWAP",
    "PENGU_USDT_SWAP",
    "PEOPLE_USDT_SWAP",
    "PEPE_USDT_SWAP",
    "PLUME_USDT_SWAP",
    "PNUT_USDT_SWAP",
    "POL_USDT_SWAP",
    "PYTH_USDT_SWAP",
    "RESOLV_USDT_SWAP",
    "RSR_USDT_SWAP",
    "RVN_USDT_SWAP",
    "SATS_USDT_SWAP",
    "SHIB_USDT_SWAP",
    "SIGN_USDT_SWAP",
    "SOL_USDT_SWAP",
    "SOON_USDT_SWAP",
    "SOPH_USDT_SWAP",
    "STRK_USDT_SWAP",
    "SUI_USDT_SWAP",
    "TIA_USDT_SWAP",
    "TRX_USDT_SWAP",
    "TURBO_USDT_SWAP",
    "UNI_USDT_SWAP",
    "WIF_USDT_SWAP",
    "WOO_USDT_SWAP",
    "W_USDT_SWAP",
    "XLM_USDT_SWAP",
    "XRP_USDT_SWAP",
    "YGG_USDT_SWAP",
    "ZIL_USDT_SWAP",
    "ZK_USDT_SWAP"
  ]
}
[2026-07-24T08:42:58Z] chunk=5 exit=0 done_after=5
[2026-07-24T08:42:58Z] chunk=6 done=5/100
resume: skip 5 done symbols (5 marked); remain 95
swap series to scan: 1  workers=1  side=short  resume=True  signal_window=[2025-11-04 00:00:00+00:00, 2026-05-04 00:00:00+00:00)
  AIXBT_USDT_SWAP: 250 YOLO候选 (short)
  … progress 1/1
{
  "side": "short",
  "weights": "/Users/zhangzc/fable-trading/runs/detect/runs/detect/owner_side_short_tip_v1b/weights/best.pt",
  "series_this_chunk": 1,
  "candidates_so_far": 1550,
  "symbols_so_far": 6,
  "pos_rate": 0.2865,
  "out": "data/judgment_yolo_owner_side_short_100_6m.csv",
  "workers": 1,
  "checkpoint": true,
  "signal_time_lo": "2025-11-04 00:00:00+00:00",
  "signal_time_hi": "2026-05-04 00:00:00+00:00",
  "symbols_filter": [
    "AAVE_USDT_SWAP",
    "ACH_USDT_SWAP",
    "ACT_USDT_SWAP",
    "ADA_USDT_SWAP",
    "AEVO_USDT_SWAP",
    "AIXBT_USDT_SWAP",
    "ANIME_USDT_SWAP",
    "APE_USDT_SWAP",
    "APT_USDT_SWAP",
    "ARB_USDT_SWAP",
    "ATH_USDT_SWAP",
    "ATOM_USDT_SWAP",
    "AVAX_USDT_SWAP",
    "BABY_USDT_SWAP",
    "BCH_USDT_SWAP",
    "BICO_USDT_SWAP",
    "BIGTIME_USDT_SWAP",
    "BIO_USDT_SWAP",
    "BLUR_USDT_SWAP",
    "BNB_USDT_SWAP",
    "BOME_USDT_SWAP",
    "BONK_USDT_SWAP",
    "BRETT_USDT_SWAP",
    "BTC_USDT_SWAP",
    "CFX_USDT_SWAP",
    "CHZ_USDT_SWAP",
    "CORE_USDT_SWAP",
    "CRO_USDT_SWAP",
    "DOGE_USDT_SWAP",
    "DOOD_USDT_SWAP",
    "DOT_USDT_SWAP",
    "DYDX_USDT_SWAP",
    "ENJ_USDT_SWAP",
    "ETC_USDT_SWAP",
    "ETH_USDT_SWAP",
    "FIL_USDT_SWAP",
    "FLOKI_USDT_SWAP",
    "GALA_USDT_SWAP",
    "GMT_USDT_SWAP",
    "GPS_USDT_SWAP",
    "GRT_USDT_SWAP",
    "HBAR_USDT_SWAP",
    "HMSTR_USDT_SWAP",
    "HOME_USDT_SWAP",
    "HUMA_USDT_SWAP",
    "ICP_USDT_SWAP",
    "ICX_USDT_SWAP",
    "INJ_USDT_SWAP",
    "IOST_USDT_SWAP",
    "JELLYJELLY_USDT_SWAP",
    "KMNO_USDT_SWAP",
    "LINK_USDT_SWAP",
    "LRC_USDT_SWAP",
    "LTC_USDT_SWAP",
    "LUNA_USDT_SWAP",
    "MAGIC_USDT_SWAP",
    "MEME_USDT_SWAP",
    "MERL_USDT_SWAP",
    "MEW_USDT_SWAP",
    "MINA_USDT_SWAP",
    "MOODENG_USDT_SWAP",
    "MOVE_USDT_SWAP",
    "MUBARAK_USDT_SWAP",
    "NEAR_USDT_SWAP",
    "NEIRO_USDT_SWAP",
    "NOT_USDT_SWAP",
    "ONE_USDT_SWAP",
    "ONT_USDT_SWAP",
    "OP_USDT_SWAP",
    "PARTI_USDT_SWAP",
    "PENGU_USDT_SWAP",
    "PEOPLE_USDT_SWAP",
    "PEPE_USDT_SWAP",
    "PLUME_USDT_SWAP",
    "PNUT_USDT_SWAP",
    "POL_USDT_SWAP",
    "PYTH_USDT_SWAP",
    "RESOLV_USDT_SWAP",
    "RSR_USDT_SWAP",
    "RVN_USDT_SWAP",
    "SATS_USDT_SWAP",
    "SHIB_USDT_SWAP",
    "SIGN_USDT_SWAP",
    "SOL_USDT_SWAP",
    "SOON_USDT_SWAP",
    "SOPH_USDT_SWAP",
    "STRK_USDT_SWAP",
    "SUI_USDT_SWAP",
    "TIA_USDT_SWAP",
    "TRX_USDT_SWAP",
    "TURBO_USDT_SWAP",
    "UNI_USDT_SWAP",
    "WIF_USDT_SWAP",
    "WOO_USDT_SWAP",
    "W_USDT_SWAP",
    "XLM_USDT_SWAP",
    "XRP_USDT_SWAP",
    "YGG_USDT_SWAP",
    "ZIL_USDT_SWAP",
    "ZK_USDT_SWAP"
  ]
}
[2026-07-24T08:43:23Z] chunk=6 exit=0 done_after=6
[2026-07-24T08:43:23Z] chunk=7 done=6/100
resume: skip 6 done symbols (6 marked); remain 94
swap series to scan: 1  workers=1  side=short  resume=True  signal_window=[2025-11-04 00:00:00+00:00, 2026-05-04 00:00:00+00:00)
  ANIME_USDT_SWAP: 262 YOLO候选 (short)
  … progress 1/1
{
  "side": "short",
  "weights": "/Users/zhangzc/fable-trading/runs/detect/runs/detect/owner_side_short_tip_v1b/weights/best.pt",
  "series_this_chunk": 1,
  "candidates_so_far": 1812,
  "symbols_so_far": 7,
  "pos_rate": 0.2759,
  "out": "data/judgment_yolo_owner_side_short_100_6m.csv",
  "workers": 1,
  "checkpoint": true,
  "signal_time_lo": "2025-11-04 00:00:00+00:00",
  "signal_time_hi": "2026-05-04 00:00:00+00:00",
  "symbols_filter": [
    "AAVE_USDT_SWAP",
    "ACH_USDT_SWAP",
    "ACT_USDT_SWAP",
    "ADA_USDT_SWAP",
    "AEVO_USDT_SWAP",
    "AIXBT_USDT_SWAP",
    "ANIME_USDT_SWAP",
    "APE_USDT_SWAP",
    "APT_USDT_SWAP",
    "ARB_USDT_SWAP",
    "ATH_USDT_SWAP",
    "ATOM_USDT_SWAP",
    "AVAX_USDT_SWAP",
    "BABY_USDT_SWAP",
    "BCH_USDT_SWAP",
    "BICO_USDT_SWAP",
    "BIGTIME_USDT_SWAP",
    "BIO_USDT_SWAP",
    "BLUR_USDT_SWAP",
    "BNB_USDT_SWAP",
    "BOME_USDT_SWAP",
    "BONK_USDT_SWAP",
    "BRETT_USDT_SWAP",
    "BTC_USDT_SWAP",
    "CFX_USDT_SWAP",
    "CHZ_USDT_SWAP",
    "CORE_USDT_SWAP",
    "CRO_USDT_SWAP",
    "DOGE_USDT_SWAP",
    "DOOD_USDT_SWAP",
    "DOT_USDT_SWAP",
    "DYDX_USDT_SWAP",
    "ENJ_USDT_SWAP",
    "ETC_USDT_SWAP",
    "ETH_USDT_SWAP",
    "FIL_USDT_SWAP",
    "FLOKI_USDT_SWAP",
    "GALA_USDT_SWAP",
    "GMT_USDT_SWAP",
    "GPS_USDT_SWAP",
    "GRT_USDT_SWAP",
    "HBAR_USDT_SWAP",
    "HMSTR_USDT_SWAP",
    "HOME_USDT_SWAP",
    "HUMA_USDT_SWAP",
    "ICP_USDT_SWAP",
    "ICX_USDT_SWAP",
    "INJ_USDT_SWAP",
    "IOST_USDT_SWAP",
    "JELLYJELLY_USDT_SWAP",
    "KMNO_USDT_SWAP",
    "LINK_USDT_SWAP",
    "LRC_USDT_SWAP",
    "LTC_USDT_SWAP",
    "LUNA_USDT_SWAP",
    "MAGIC_USDT_SWAP",
    "MEME_USDT_SWAP",
    "MERL_USDT_SWAP",
    "MEW_USDT_SWAP",
    "MINA_USDT_SWAP",
    "MOODENG_USDT_SWAP",
    "MOVE_USDT_SWAP",
    "MUBARAK_USDT_SWAP",
    "NEAR_USDT_SWAP",
    "NEIRO_USDT_SWAP",
    "NOT_USDT_SWAP",
    "ONE_USDT_SWAP",
    "ONT_USDT_SWAP",
    "OP_USDT_SWAP",
    "PARTI_USDT_SWAP",
    "PENGU_USDT_SWAP",
    "PEOPLE_USDT_SWAP",
    "PEPE_USDT_SWAP",
    "PLUME_USDT_SWAP",
    "PNUT_USDT_SWAP",
    "POL_USDT_SWAP",
    "PYTH_USDT_SWAP",
    "RESOLV_USDT_SWAP",
    "RSR_USDT_SWAP",
    "RVN_USDT_SWAP",
    "SATS_USDT_SWAP",
    "SHIB_USDT_SWAP",
    "SIGN_USDT_SWAP",
    "SOL_USDT_SWAP",
    "SOON_USDT_SWAP",
    "SOPH_USDT_SWAP",
    "STRK_USDT_SWAP",
    "SUI_USDT_SWAP",
    "TIA_USDT_SWAP",
    "TRX_USDT_SWAP",
    "TURBO_USDT_SWAP",
    "UNI_USDT_SWAP",
    "WIF_USDT_SWAP",
    "WOO_USDT_SWAP",
    "W_USDT_SWAP",
    "XLM_USDT_SWAP",
    "XRP_USDT_SWAP",
    "YGG_USDT_SWAP",
    "ZIL_USDT_SWAP",
    "ZK_USDT_SWAP"
  ]
}
[2026-07-24T08:43:52Z] chunk=7 exit=0 done_after=7
[2026-07-24T08:43:52Z] chunk=8 done=7/100
resume: skip 7 done symbols (7 marked); remain 93
swap series to scan: 1  workers=1  side=short  resume=True  signal_window=[2025-11-04 00:00:00+00:00, 2026-05-04 00:00:00+00:00)
  APE_USDT_SWAP: 255 YOLO候选 (short)
  … progress 1/1
{
  "side": "short",
  "weights": "/Users/zhangzc/fable-trading/runs/detect/runs/detect/owner_side_short_tip_v1b/weights/best.pt",
  "series_this_chunk": 1,
  "candidates_so_far": 2067,
  "symbols_so_far": 8,
  "pos_rate": 0.2791,
  "out": "data/judgment_yolo_owner_side_short_100_6m.csv",
  "workers": 1,
  "checkpoint": true,
  "signal_time_lo": "2025-11-04 00:00:00+00:00",
  "signal_time_hi": "2026-05-04 00:00:00+00:00",
  "symbols_filter": [
    "AAVE_USDT_SWAP",
    "ACH_USDT_SWAP",
    "ACT_USDT_SWAP",
    "ADA_USDT_SWAP",
    "AEVO_USDT_SWAP",
    "AIXBT_USDT_SWAP",
    "ANIME_USDT_SWAP",
    "APE_USDT_SWAP",
    "APT_USDT_SWAP",
    "ARB_USDT_SWAP",
    "ATH_USDT_SWAP",
    "ATOM_USDT_SWAP",
    "AVAX_USDT_SWAP",
    "BABY_USDT_SWAP",
    "BCH_USDT_SWAP",
    "BICO_USDT_SWAP",
    "BIGTIME_USDT_SWAP",
    "BIO_USDT_SWAP",
    "BLUR_USDT_SWAP",
    "BNB_USDT_SWAP",
    "BOME_USDT_SWAP",
    "BONK_USDT_SWAP",
    "BRETT_USDT_SWAP",
    "BTC_USDT_SWAP",
    "CFX_USDT_SWAP",
    "CHZ_USDT_SWAP",
    "CORE_USDT_SWAP",
    "CRO_USDT_SWAP",
    "DOGE_USDT_SWAP",
    "DOOD_USDT_SWAP",
    "DOT_USDT_SWAP",
    "DYDX_USDT_SWAP",
    "ENJ_USDT_SWAP",
    "ETC_USDT_SWAP",
    "ETH_USDT_SWAP",
    "FIL_USDT_SWAP",
    "FLOKI_USDT_SWAP",
    "GALA_USDT_SWAP",
    "GMT_USDT_SWAP",
    "GPS_USDT_SWAP",
    "GRT_USDT_SWAP",
    "HBAR_USDT_SWAP",
    "HMSTR_USDT_SWAP",
    "HOME_USDT_SWAP",
    "HUMA_USDT_SWAP",
    "ICP_USDT_SWAP",
    "ICX_USDT_SWAP",
    "INJ_USDT_SWAP",
    "IOST_USDT_SWAP",
    "JELLYJELLY_USDT_SWAP",
    "KMNO_USDT_SWAP",
    "LINK_USDT_SWAP",
    "LRC_USDT_SWAP",
    "LTC_USDT_SWAP",
    "LUNA_USDT_SWAP",
    "MAGIC_USDT_SWAP",
    "MEME_USDT_SWAP",
    "MERL_USDT_SWAP",
    "MEW_USDT_SWAP",
    "MINA_USDT_SWAP",
    "MOODENG_USDT_SWAP",
    "MOVE_USDT_SWAP",
    "MUBARAK_USDT_SWAP",
    "NEAR_USDT_SWAP",
    "NEIRO_USDT_SWAP",
    "NOT_USDT_SWAP",
    "ONE_USDT_SWAP",
    "ONT_USDT_SWAP",
    "OP_USDT_SWAP",
    "PARTI_USDT_SWAP",
    "PENGU_USDT_SWAP",
    "PEOPLE_USDT_SWAP",
    "PEPE_USDT_SWAP",
    "PLUME_USDT_SWAP",
    "PNUT_USDT_SWAP",
    "POL_USDT_SWAP",
    "PYTH_USDT_SWAP",
    "RESOLV_USDT_SWAP",
    "RSR_USDT_SWAP",
    "RVN_USDT_SWAP",
    "SATS_USDT_SWAP",
    "SHIB_USDT_SWAP",
    "SIGN_USDT_SWAP",
    "SOL_USDT_SWAP",
    "SOON_USDT_SWAP",
    "SOPH_USDT_SWAP",
    "STRK_USDT_SWAP",
    "SUI_USDT_SWAP",
    "TIA_USDT_SWAP",
    "TRX_USDT_SWAP",
    "TURBO_USDT_SWAP",
    "UNI_USDT_SWAP",
    "WIF_USDT_SWAP",
    "WOO_USDT_SWAP",
    "W_USDT_SWAP",
    "XLM_USDT_SWAP",
    "XRP_USDT_SWAP",
    "YGG_USDT_SWAP",
    "ZIL_USDT_SWAP",
    "ZK_USDT_SWAP"
  ]
}
[2026-07-24T08:44:24Z] chunk=8 exit=0 done_after=8
[2026-07-24T08:44:24Z] chunk=9 done=8/100
resume: skip 8 done symbols (8 marked); remain 92
swap series to scan: 1  workers=1  side=short  resume=True  signal_window=[2025-11-04 00:00:00+00:00, 2026-05-04 00:00:00+00:00)
  APT_USDT_SWAP: 260 YOLO候选 (short)
  … progress 1/1
{
  "side": "short",
  "weights": "/Users/zhangzc/fable-trading/runs/detect/runs/detect/owner_side_short_tip_v1b/weights/best.pt",
  "series_this_chunk": 1,
  "candidates_so_far": 2327,
  "symbols_so_far": 9,
  "pos_rate": 0.278,
  "out": "data/judgment_yolo_owner_side_short_100_6m.csv",
  "workers": 1,
  "checkpoint": true,
  "signal_time_lo": "2025-11-04 00:00:00+00:00",
  "signal_time_hi": "2026-05-04 00:00:00+00:00",
  "symbols_filter": [
    "AAVE_USDT_SWAP",
    "ACH_USDT_SWAP",
    "ACT_USDT_SWAP",
    "ADA_USDT_SWAP",
    "AEVO_USDT_SWAP",
    "AIXBT_USDT_SWAP",
    "ANIME_USDT_SWAP",
    "APE_USDT_SWAP",
    "APT_USDT_SWAP",
    "ARB_USDT_SWAP",
    "ATH_USDT_SWAP",
    "ATOM_USDT_SWAP",
    "AVAX_USDT_SWAP",
    "BABY_USDT_SWAP",
    "BCH_USDT_SWAP",
    "BICO_USDT_SWAP",
    "BIGTIME_USDT_SWAP",
    "BIO_USDT_SWAP",
    "BLUR_USDT_SWAP",
    "BNB_USDT_SWAP",
    "BOME_USDT_SWAP",
    "BONK_USDT_SWAP",
    "BRETT_USDT_SWAP",
    "BTC_USDT_SWAP",
    "CFX_USDT_SWAP",
    "CHZ_USDT_SWAP",
    "CORE_USDT_SWAP",
    "CRO_USDT_SWAP",
    "DOGE_USDT_SWAP",
    "DOOD_USDT_SWAP",
    "DOT_USDT_SWAP",
    "DYDX_USDT_SWAP",
    "ENJ_USDT_SWAP",
    "ETC_USDT_SWAP",
    "ETH_USDT_SWAP",
    "FIL_USDT_SWAP",
    "FLOKI_USDT_SWAP",
    "GALA_USDT_SWAP",
    "GMT_USDT_SWAP",
    "GPS_USDT_SWAP",
    "GRT_USDT_SWAP",
    "HBAR_USDT_SWAP",
    "HMSTR_USDT_SWAP",
    "HOME_USDT_SWAP",
    "HUMA_USDT_SWAP",
    "ICP_USDT_SWAP",
    "ICX_USDT_SWAP",
    "INJ_USDT_SWAP",
    "IOST_USDT_SWAP",
    "JELLYJELLY_USDT_SWAP",
    "KMNO_USDT_SWAP",
    "LINK_USDT_SWAP",
    "LRC_USDT_SWAP",
    "LTC_USDT_SWAP",
    "LUNA_USDT_SWAP",
    "MAGIC_USDT_SWAP",
    "MEME_USDT_SWAP",
    "MERL_USDT_SWAP",
    "MEW_USDT_SWAP",
    "MINA_USDT_SWAP",
    "MOODENG_USDT_SWAP",
    "MOVE_USDT_SWAP",
    "MUBARAK_USDT_SWAP",
    "NEAR_USDT_SWAP",
    "NEIRO_USDT_SWAP",
    "NOT_USDT_SWAP",
    "ONE_USDT_SWAP",
    "ONT_USDT_SWAP",
    "OP_USDT_SWAP",
    "PARTI_USDT_SWAP",
    "PENGU_USDT_SWAP",
    "PEOPLE_USDT_SWAP",
    "PEPE_USDT_SWAP",
    "PLUME_USDT_SWAP",
    "PNUT_USDT_SWAP",
    "POL_USDT_SWAP",
    "PYTH_USDT_SWAP",
    "RESOLV_USDT_SWAP",
    "RSR_USDT_SWAP",
    "RVN_USDT_SWAP",
    "SATS_USDT_SWAP",
    "SHIB_USDT_SWAP",
    "SIGN_USDT_SWAP",
    "SOL_USDT_SWAP",
    "SOON_USDT_SWAP",
    "SOPH_USDT_SWAP",
    "STRK_USDT_SWAP",
    "SUI_USDT_SWAP",
    "TIA_USDT_SWAP",
    "TRX_USDT_SWAP",
    "TURBO_USDT_SWAP",
    "UNI_USDT_SWAP",
    "WIF_USDT_SWAP",
    "WOO_USDT_SWAP",
    "W_USDT_SWAP",
    "XLM_USDT_SWAP",
    "XRP_USDT_SWAP",
    "YGG_USDT_SWAP",
    "ZIL_USDT_SWAP",
    "ZK_USDT_SWAP"
  ]
}
[2026-07-24T08:44:58Z] chunk=9 exit=0 done_after=9
[2026-07-24T08:44:58Z] chunk=10 done=9/100
resume: skip 9 done symbols (9 marked); remain 91
swap series to scan: 1  workers=1  side=short  resume=True  signal_window=[2025-11-04 00:00:00+00:00, 2026-05-04 00:00:00+00:00)
  ARB_USDT_SWAP: 262 YOLO候选 (short)
  … progress 1/1
{
  "side": "short",
  "weights": "/Users/zhangzc/fable-trading/runs/detect/runs/detect/owner_side_short_tip_v1b/weights/best.pt",
  "series_this_chunk": 1,
  "candidates_so_far": 2589,
  "symbols_so_far": 10,
  "pos_rate": 0.2793,
  "out": "data/judgment_yolo_owner_side_short_100_6m.csv",
  "workers": 1,
  "checkpoint": true,
  "signal_time_lo": "2025-11-04 00:00:00+00:00",
  "signal_time_hi": "2026-05-04 00:00:00+00:00",
  "symbols_filter": [
    "AAVE_USDT_SWAP",
    "ACH_USDT_SWAP",
    "ACT_USDT_SWAP",
    "ADA_USDT_SWAP",
    "AEVO_USDT_SWAP",
    "AIXBT_USDT_SWAP",
    "ANIME_USDT_SWAP",
    "APE_USDT_SWAP",
    "APT_USDT_SWAP",
    "ARB_USDT_SWAP",
    "ATH_USDT_SWAP",
    "ATOM_USDT_SWAP",
    "AVAX_USDT_SWAP",
    "BABY_USDT_SWAP",
    "BCH_USDT_SWAP",
    "BICO_USDT_SWAP",
    "BIGTIME_USDT_SWAP",
    "BIO_USDT_SWAP",
    "BLUR_USDT_SWAP",
    "BNB_USDT_SWAP",
    "BOME_USDT_SWAP",
    "BONK_USDT_SWAP",
    "BRETT_USDT_SWAP",
    "BTC_USDT_SWAP",
    "CFX_USDT_SWAP",
    "CHZ_USDT_SWAP",
    "CORE_USDT_SWAP",
    "CRO_USDT_SWAP",
    "DOGE_USDT_SWAP",
    "DOOD_USDT_SWAP",
    "DOT_USDT_SWAP",
    "DYDX_USDT_SWAP",
    "ENJ_USDT_SWAP",
    "ETC_USDT_SWAP",
    "ETH_USDT_SWAP",
    "FIL_USDT_SWAP",
    "FLOKI_USDT_SWAP",
    "GALA_USDT_SWAP",
    "GMT_USDT_SWAP",
    "GPS_USDT_SWAP",
    "GRT_USDT_SWAP",
    "HBAR_USDT_SWAP",
    "HMSTR_USDT_SWAP",
    "HOME_USDT_SWAP",
    "HUMA_USDT_SWAP",
    "ICP_USDT_SWAP",
    "ICX_USDT_SWAP",
    "INJ_USDT_SWAP",
    "IOST_USDT_SWAP",
    "JELLYJELLY_USDT_SWAP",
    "KMNO_USDT_SWAP",
    "LINK_USDT_SWAP",
    "LRC_USDT_SWAP",
    "LTC_USDT_SWAP",
    "LUNA_USDT_SWAP",
    "MAGIC_USDT_SWAP",
    "MEME_USDT_SWAP",
    "MERL_USDT_SWAP",
    "MEW_USDT_SWAP",
    "MINA_USDT_SWAP",
    "MOODENG_USDT_SWAP",
    "MOVE_USDT_SWAP",
    "MUBARAK_USDT_SWAP",
    "NEAR_USDT_SWAP",
    "NEIRO_USDT_SWAP",
    "NOT_USDT_SWAP",
    "ONE_USDT_SWAP",
    "ONT_USDT_SWAP",
    "OP_USDT_SWAP",
    "PARTI_USDT_SWAP",
    "PENGU_USDT_SWAP",
    "PEOPLE_USDT_SWAP",
    "PEPE_USDT_SWAP",
    "PLUME_USDT_SWAP",
    "PNUT_USDT_SWAP",
    "POL_USDT_SWAP",
    "PYTH_USDT_SWAP",
    "RESOLV_USDT_SWAP",
    "RSR_USDT_SWAP",
    "RVN_USDT_SWAP",
    "SATS_USDT_SWAP",
    "SHIB_USDT_SWAP",
    "SIGN_USDT_SWAP",
    "SOL_USDT_SWAP",
    "SOON_USDT_SWAP",
    "SOPH_USDT_SWAP",
    "STRK_USDT_SWAP",
    "SUI_USDT_SWAP",
    "TIA_USDT_SWAP",
    "TRX_USDT_SWAP",
    "TURBO_USDT_SWAP",
    "UNI_USDT_SWAP",
    "WIF_USDT_SWAP",
    "WOO_USDT_SWAP",
    "W_USDT_SWAP",
    "XLM_USDT_SWAP",
    "XRP_USDT_SWAP",
    "YGG_USDT_SWAP",
    "ZIL_USDT_SWAP",
    "ZK_USDT_SWAP"
  ]
}
[2026-07-24T08:45:33Z] chunk=10 exit=0 done_after=10
[2026-07-24T08:45:33Z] chunk=11 done=10/100
resume: skip 10 done symbols (10 marked); remain 90
swap series to scan: 1  workers=1  side=short  resume=True  signal_window=[2025-11-04 00:00:00+00:00, 2026-05-04 00:00:00+00:00)
  ATH_USDT_SWAP: 261 YOLO候选 (short)
  … progress 1/1
{
  "side": "short",
  "weights": "/Users/zhangzc/fable-trading/runs/detect/runs/detect/owner_side_short_tip_v1b/weights/best.pt",
  "series_this_chunk": 1,
  "candidates_so_far": 2850,
  "symbols_so_far": 11,
  "pos_rate": 0.2839,
  "out": "data/judgment_yolo_owner_side_short_100_6m.csv",
  "workers": 1,
  "checkpoint": true,
  "signal_time_lo": "2025-11-04 00:00:00+00:00",
  "signal_time_hi": "2026-05-04 00:00:00+00:00",
  "symbols_filter": [
    "AAVE_USDT_SWAP",
    "ACH_USDT_SWAP",
    "ACT_USDT_SWAP",
    "ADA_USDT_SWAP",
    "AEVO_USDT_SWAP",
    "AIXBT_USDT_SWAP",
    "ANIME_USDT_SWAP",
    "APE_USDT_SWAP",
    "APT_USDT_SWAP",
    "ARB_USDT_SWAP",
    "ATH_USDT_SWAP",
    "ATOM_USDT_SWAP",
    "AVAX_USDT_SWAP",
    "BABY_USDT_SWAP",
    "BCH_USDT_SWAP",
    "BICO_USDT_SWAP",
    "BIGTIME_USDT_SWAP",
    "BIO_USDT_SWAP",
    "BLUR_USDT_SWAP",
    "BNB_USDT_SWAP",
    "BOME_USDT_SWAP",
    "BONK_USDT_SWAP",
    "BRETT_USDT_SWAP",
    "BTC_USDT_SWAP",
    "CFX_USDT_SWAP",
    "CHZ_USDT_SWAP",
    "CORE_USDT_SWAP",
    "CRO_USDT_SWAP",
    "DOGE_USDT_SWAP",
    "DOOD_USDT_SWAP",
    "DOT_USDT_SWAP",
    "DYDX_USDT_SWAP",
    "ENJ_USDT_SWAP",
    "ETC_USDT_SWAP",
    "ETH_USDT_SWAP",
    "FIL_USDT_SWAP",
    "FLOKI_USDT_SWAP",
    "GALA_USDT_SWAP",
    "GMT_USDT_SWAP",
    "GPS_USDT_SWAP",
    "GRT_USDT_SWAP",
    "HBAR_USDT_SWAP",
    "HMSTR_USDT_SWAP",
    "HOME_USDT_SWAP",
    "HUMA_USDT_SWAP",
    "ICP_USDT_SWAP",
    "ICX_USDT_SWAP",
    "INJ_USDT_SWAP",
    "IOST_USDT_SWAP",
    "JELLYJELLY_USDT_SWAP",
    "KMNO_USDT_SWAP",
    "LINK_USDT_SWAP",
    "LRC_USDT_SWAP",
    "LTC_USDT_SWAP",
    "LUNA_USDT_SWAP",
    "MAGIC_USDT_SWAP",
    "MEME_USDT_SWAP",
    "MERL_USDT_SWAP",
    "MEW_USDT_SWAP",
    "MINA_USDT_SWAP",
    "MOODENG_USDT_SWAP",
    "MOVE_USDT_SWAP",
    "MUBARAK_USDT_SWAP",
    "NEAR_USDT_SWAP",
    "NEIRO_USDT_SWAP",
    "NOT_USDT_SWAP",
    "ONE_USDT_SWAP",
    "ONT_USDT_SWAP",
    "OP_USDT_SWAP",
    "PARTI_USDT_SWAP",
    "PENGU_USDT_SWAP",
    "PEOPLE_USDT_SWAP",
    "PEPE_USDT_SWAP",
    "PLUME_USDT_SWAP",
    "PNUT_USDT_SWAP",
    "POL_USDT_SWAP",
    "PYTH_USDT_SWAP",
    "RESOLV_USDT_SWAP",
    "RSR_USDT_SWAP",
    "RVN_USDT_SWAP",
    "SATS_USDT_SWAP",
    "SHIB_USDT_SWAP",
    "SIGN_USDT_SWAP",
    "SOL_USDT_SWAP",
    "SOON_USDT_SWAP",
    "SOPH_USDT_SWAP",
    "STRK_USDT_SWAP",
    "SUI_USDT_SWAP",
    "TIA_USDT_SWAP",
    "TRX_USDT_SWAP",
    "TURBO_USDT_SWAP",
    "UNI_USDT_SWAP",
    "WIF_USDT_SWAP",
    "WOO_USDT_SWAP",
    "W_USDT_SWAP",
    "XLM_USDT_SWAP",
    "XRP_USDT_SWAP",
    "YGG_USDT_SWAP",
    "ZIL_USDT_SWAP",
    "ZK_USDT_SWAP"
  ]
}
[2026-07-24T08:46:08Z] chunk=11 exit=0 done_after=11
[2026-07-24T08:46:08Z] chunk=12 done=11/100
resume: skip 11 done symbols (11 marked); remain 89
swap series to scan: 1  workers=1  side=short  resume=True  signal_window=[2025-11-04 00:00:00+00:00, 2026-05-04 00:00:00+00:00)
  ATOM_USDT_SWAP: 239 YOLO候选 (short)
  … progress 1/1
{
  "side": "short",
  "weights": "/Users/zhangzc/fable-trading/runs/detect/runs/detect/owner_side_short_tip_v1b/weights/best.pt",
  "series_this_chunk": 1,
  "candidates_so_far": 3089,
  "symbols_so_far": 12,
  "pos_rate": 0.2839,
  "out": "data/judgment_yolo_owner_side_short_100_6m.csv",
  "workers": 1,
  "checkpoint": true,
  "signal_time_lo": "2025-11-04 00:00:00+00:00",
  "signal_time_hi": "2026-05-04 00:00:00+00:00",
  "symbols_filter": [
    "AAVE_USDT_SWAP",
    "ACH_USDT_SWAP",
    "ACT_USDT_SWAP",
    "ADA_USDT_SWAP",
    "AEVO_USDT_SWAP",
    "AIXBT_USDT_SWAP",
    "ANIME_USDT_SWAP",
    "APE_USDT_SWAP",
    "APT_USDT_SWAP",
    "ARB_USDT_SWAP",
    "ATH_USDT_SWAP",
    "ATOM_USDT_SWAP",
    "AVAX_USDT_SWAP",
    "BABY_USDT_SWAP",
    "BCH_USDT_SWAP",
    "BICO_USDT_SWAP",
    "BIGTIME_USDT_SWAP",
    "BIO_USDT_SWAP",
    "BLUR_USDT_SWAP",
    "BNB_USDT_SWAP",
    "BOME_USDT_SWAP",
    "BONK_USDT_SWAP",
    "BRETT_USDT_SWAP",
    "BTC_USDT_SWAP",
    "CFX_USDT_SWAP",
    "CHZ_USDT_SWAP",
    "CORE_USDT_SWAP",
    "CRO_USDT_SWAP",
    "DOGE_USDT_SWAP",
    "DOOD_USDT_SWAP",
    "DOT_USDT_SWAP",
    "DYDX_USDT_SWAP",
    "ENJ_USDT_SWAP",
    "ETC_USDT_SWAP",
    "ETH_USDT_SWAP",
    "FIL_USDT_SWAP",
    "FLOKI_USDT_SWAP",
    "GALA_USDT_SWAP",
    "GMT_USDT_SWAP",
    "GPS_USDT_SWAP",
    "GRT_USDT_SWAP",
    "HBAR_USDT_SWAP",
    "HMSTR_USDT_SWAP",
    "HOME_USDT_SWAP",
    "HUMA_USDT_SWAP",
    "ICP_USDT_SWAP",
    "ICX_USDT_SWAP",
    "INJ_USDT_SWAP",
    "IOST_USDT_SWAP",
    "JELLYJELLY_USDT_SWAP",
    "KMNO_USDT_SWAP",
    "LINK_USDT_SWAP",
    "LRC_USDT_SWAP",
    "LTC_USDT_SWAP",
    "LUNA_USDT_SWAP",
    "MAGIC_USDT_SWAP",
    "MEME_USDT_SWAP",
    "MERL_USDT_SWAP",
    "MEW_USDT_SWAP",
    "MINA_USDT_SWAP",
    "MOODENG_USDT_SWAP",
    "MOVE_USDT_SWAP",
    "MUBARAK_USDT_SWAP",
    "NEAR_USDT_SWAP",
    "NEIRO_USDT_SWAP",
    "NOT_USDT_SWAP",
    "ONE_USDT_SWAP",
    "ONT_USDT_SWAP",
    "OP_USDT_SWAP",
    "PARTI_USDT_SWAP",
    "PENGU_USDT_SWAP",
    "PEOPLE_USDT_SWAP",
    "PEPE_USDT_SWAP",
    "PLUME_USDT_SWAP",
    "PNUT_USDT_SWAP",
    "POL_USDT_SWAP",
    "PYTH_USDT_SWAP",
    "RESOLV_USDT_SWAP",
    "RSR_USDT_SWAP",
    "RVN_USDT_SWAP",
    "SATS_USDT_SWAP",
    "SHIB_USDT_SWAP",
    "SIGN_USDT_SWAP",
    "SOL_USDT_SWAP",
    "SOON_USDT_SWAP",
    "SOPH_USDT_SWAP",
    "STRK_USDT_SWAP",
    "SUI_USDT_SWAP",
    "TIA_USDT_SWAP",
    "TRX_USDT_SWAP",
    "TURBO_USDT_SWAP",
    "UNI_USDT_SWAP",
    "WIF_USDT_SWAP",
    "WOO_USDT_SWAP",
    "W_USDT_SWAP",
    "XLM_USDT_SWAP",
    "XRP_USDT_SWAP",
    "YGG_USDT_SWAP",
    "ZIL_USDT_SWAP",
    "ZK_USDT_SWAP"
  ]
}
[2026-07-24T08:46:44Z] chunk=12 exit=0 done_after=12
[2026-07-24T08:46:44Z] chunk=13 done=12/100
resume: skip 12 done symbols (12 marked); remain 88
swap series to scan: 1  workers=1  side=short  resume=True  signal_window=[2025-11-04 00:00:00+00:00, 2026-05-04 00:00:00+00:00)
  AVAX_USDT_SWAP: 256 YOLO候选 (short)
  … progress 1/1
{
  "side": "short",
  "weights": "/Users/zhangzc/fable-trading/runs/detect/runs/detect/owner_side_short_tip_v1b/weights/best.pt",
  "series_this_chunk": 1,
  "candidates_so_far": 3345,
  "symbols_so_far": 13,
  "pos_rate": 0.2834,
  "out": "data/judgment_yolo_owner_side_short_100_6m.csv",
  "workers": 1,
  "checkpoint": true,
  "signal_time_lo": "2025-11-04 00:00:00+00:00",
  "signal_time_hi": "2026-05-04 00:00:00+00:00",
  "symbols_filter": [
    "AAVE_USDT_SWAP",
    "ACH_USDT_SWAP",
    "ACT_USDT_SWAP",
    "ADA_USDT_SWAP",
    "AEVO_USDT_SWAP",
    "AIXBT_USDT_SWAP",
    "ANIME_USDT_SWAP",
    "APE_USDT_SWAP",
    "APT_USDT_SWAP",
    "ARB_USDT_SWAP",
    "ATH_USDT_SWAP",
    "ATOM_USDT_SWAP",
    "AVAX_USDT_SWAP",
    "BABY_USDT_SWAP",
    "BCH_USDT_SWAP",
    "BICO_USDT_SWAP",
    "BIGTIME_USDT_SWAP",
    "BIO_USDT_SWAP",
    "BLUR_USDT_SWAP",
    "BNB_USDT_SWAP",
    "BOME_USDT_SWAP",
    "BONK_USDT_SWAP",
    "BRETT_USDT_SWAP",
    "BTC_USDT_SWAP",
    "CFX_USDT_SWAP",
    "CHZ_USDT_SWAP",
    "CORE_USDT_SWAP",
    "CRO_USDT_SWAP",
    "DOGE_USDT_SWAP",
    "DOOD_USDT_SWAP",
    "DOT_USDT_SWAP",
    "DYDX_USDT_SWAP",
    "ENJ_USDT_SWAP",
    "ETC_USDT_SWAP",
    "ETH_USDT_SWAP",
    "FIL_USDT_SWAP",
    "FLOKI_USDT_SWAP",
    "GALA_USDT_SWAP",
    "GMT_USDT_SWAP",
    "GPS_USDT_SWAP",
    "GRT_USDT_SWAP",
    "HBAR_USDT_SWAP",
    "HMSTR_USDT_SWAP",
    "HOME_USDT_SWAP",
    "HUMA_USDT_SWAP",
    "ICP_USDT_SWAP",
    "ICX_USDT_SWAP",
    "INJ_USDT_SWAP",
    "IOST_USDT_SWAP",
    "JELLYJELLY_USDT_SWAP",
    "KMNO_USDT_SWAP",
    "LINK_USDT_SWAP",
    "LRC_USDT_SWAP",
    "LTC_USDT_SWAP",
    "LUNA_USDT_SWAP",
    "MAGIC_USDT_SWAP",
    "MEME_USDT_SWAP",
    "MERL_USDT_SWAP",
    "MEW_USDT_SWAP",
    "MINA_USDT_SWAP",
    "MOODENG_USDT_SWAP",
    "MOVE_USDT_SWAP",
    "MUBARAK_USDT_SWAP",
    "NEAR_USDT_SWAP",
    "NEIRO_USDT_SWAP",
    "NOT_USDT_SWAP",
    "ONE_USDT_SWAP",
    "ONT_USDT_SWAP",
    "OP_USDT_SWAP",
    "PARTI_USDT_SWAP",
    "PENGU_USDT_SWAP",
    "PEOPLE_USDT_SWAP",
    "PEPE_USDT_SWAP",
    "PLUME_USDT_SWAP",
    "PNUT_USDT_SWAP",
    "POL_USDT_SWAP",
    "PYTH_USDT_SWAP",
    "RESOLV_USDT_SWAP",
    "RSR_USDT_SWAP",
    "RVN_USDT_SWAP",
    "SATS_USDT_SWAP",
    "SHIB_USDT_SWAP",
    "SIGN_USDT_SWAP",
    "SOL_USDT_SWAP",
    "SOON_USDT_SWAP",
    "SOPH_USDT_SWAP",
    "STRK_USDT_SWAP",
    "SUI_USDT_SWAP",
    "TIA_USDT_SWAP",
    "TRX_USDT_SWAP",
    "TURBO_USDT_SWAP",
    "UNI_USDT_SWAP",
    "WIF_USDT_SWAP",
    "WOO_USDT_SWAP",
    "W_USDT_SWAP",
    "XLM_USDT_SWAP",
    "XRP_USDT_SWAP",
    "YGG_USDT_SWAP",
    "ZIL_USDT_SWAP",
    "ZK_USDT_SWAP"
  ]
}
[2026-07-24T08:47:19Z] chunk=13 exit=0 done_after=13
[2026-07-24T08:47:19Z] chunk=14 done=13/100
resume: skip 13 done symbols (13 marked); remain 87
swap series to scan: 1  workers=1  side=short  resume=True  signal_window=[2025-11-04 00:00:00+00:00, 2026-05-04 00:00:00+00:00)
  BABY_USDT_SWAP: 247 YOLO候选 (short)
  … progress 1/1
{
  "side": "short",
  "weights": "/Users/zhangzc/fable-trading/runs/detect/runs/detect/owner_side_short_tip_v1b/weights/best.pt",
  "series_this_chunk": 1,
  "candidates_so_far": 3592,
  "symbols_so_far": 14,
  "pos_rate": 0.2823,
  "out": "data/judgment_yolo_owner_side_short_100_6m.csv",
  "workers": 1,
  "checkpoint": true,
  "signal_time_lo": "2025-11-04 00:00:00+00:00",
  "signal_time_hi": "2026-05-04 00:00:00+00:00",
  "symbols_filter": [
    "AAVE_USDT_SWAP",
    "ACH_USDT_SWAP",
    "ACT_USDT_SWAP",
    "ADA_USDT_SWAP",
    "AEVO_USDT_SWAP",
    "AIXBT_USDT_SWAP",
    "ANIME_USDT_SWAP",
    "APE_USDT_SWAP",
    "APT_USDT_SWAP",
    "ARB_USDT_SWAP",
    "ATH_USDT_SWAP",
    "ATOM_USDT_SWAP",
    "AVAX_USDT_SWAP",
    "BABY_USDT_SWAP",
    "BCH_USDT_SWAP",
    "BICO_USDT_SWAP",
    "BIGTIME_USDT_SWAP",
    "BIO_USDT_SWAP",
    "BLUR_USDT_SWAP",
    "BNB_USDT_SWAP",
    "BOME_USDT_SWAP",
    "BONK_USDT_SWAP",
    "BRETT_USDT_SWAP",
    "BTC_USDT_SWAP",
    "CFX_USDT_SWAP",
    "CHZ_USDT_SWAP",
    "CORE_USDT_SWAP",
    "CRO_USDT_SWAP",
    "DOGE_USDT_SWAP",
    "DOOD_USDT_SWAP",
    "DOT_USDT_SWAP",
    "DYDX_USDT_SWAP",
    "ENJ_USDT_SWAP",
    "ETC_USDT_SWAP",
    "ETH_USDT_SWAP",
    "FIL_USDT_SWAP",
    "FLOKI_USDT_SWAP",
    "GALA_USDT_SWAP",
    "GMT_USDT_SWAP",
    "GPS_USDT_SWAP",
    "GRT_USDT_SWAP",
    "HBAR_USDT_SWAP",
    "HMSTR_USDT_SWAP",
    "HOME_USDT_SWAP",
    "HUMA_USDT_SWAP",
    "ICP_USDT_SWAP",
    "ICX_USDT_SWAP",
    "INJ_USDT_SWAP",
    "IOST_USDT_SWAP",
    "JELLYJELLY_USDT_SWAP",
    "KMNO_USDT_SWAP",
    "LINK_USDT_SWAP",
    "LRC_USDT_SWAP",
    "LTC_USDT_SWAP",
    "LUNA_USDT_SWAP",
    "MAGIC_USDT_SWAP",
    "MEME_USDT_SWAP",
    "MERL_USDT_SWAP",
    "MEW_USDT_SWAP",
    "MINA_USDT_SWAP",
    "MOODENG_USDT_SWAP",
    "MOVE_USDT_SWAP",
    "MUBARAK_USDT_SWAP",
    "NEAR_USDT_SWAP",
    "NEIRO_USDT_SWAP",
    "NOT_USDT_SWAP",
    "ONE_USDT_SWAP",
    "ONT_USDT_SWAP",
    "OP_USDT_SWAP",
    "PARTI_USDT_SWAP",
    "PENGU_USDT_SWAP",
    "PEOPLE_USDT_SWAP",
    "PEPE_USDT_SWAP",
    "PLUME_USDT_SWAP",
    "PNUT_USDT_SWAP",
    "POL_USDT_SWAP",
    "PYTH_USDT_SWAP",
    "RESOLV_USDT_SWAP",
    "RSR_USDT_SWAP",
    "RVN_USDT_SWAP",
    "SATS_USDT_SWAP",
    "SHIB_USDT_SWAP",
    "SIGN_USDT_SWAP",
    "SOL_USDT_SWAP",
    "SOON_USDT_SWAP",
    "SOPH_USDT_SWAP",
    "STRK_USDT_SWAP",
    "SUI_USDT_SWAP",
    "TIA_USDT_SWAP",
    "TRX_USDT_SWAP",
    "TURBO_USDT_SWAP",
    "UNI_USDT_SWAP",
    "WIF_USDT_SWAP",
    "WOO_USDT_SWAP",
    "W_USDT_SWAP",
    "XLM_USDT_SWAP",
    "XRP_USDT_SWAP",
    "YGG_USDT_SWAP",
    "ZIL_USDT_SWAP",
    "ZK_USDT_SWAP"
  ]
}
[2026-07-24T08:47:54Z] chunk=14 exit=0 done_after=14
[2026-07-24T08:47:54Z] chunk=15 done=14/100
resume: skip 14 done symbols (14 marked); remain 86
swap series to scan: 1  workers=1  side=short  resume=True  signal_window=[2025-11-04 00:00:00+00:00, 2026-05-04 00:00:00+00:00)
  BCH_USDT_SWAP: 252 YOLO候选 (short)
  … progress 1/1
{
  "side": "short",
  "weights": "/Users/zhangzc/fable-trading/runs/detect/runs/detect/owner_side_short_tip_v1b/weights/best.pt",
  "series_this_chunk": 1,
  "candidates_so_far": 3844,
  "symbols_so_far": 15,
  "pos_rate": 0.2841,
  "out": "data/judgment_yolo_owner_side_short_100_6m.csv",
  "workers": 1,
  "checkpoint": true,
  "signal_time_lo": "2025-11-04 00:00:00+00:00",
  "signal_time_hi": "2026-05-04 00:00:00+00:00",
  "symbols_filter": [
    "AAVE_USDT_SWAP",
    "ACH_USDT_SWAP",
    "ACT_USDT_SWAP",
    "ADA_USDT_SWAP",
    "AEVO_USDT_SWAP",
    "AIXBT_USDT_SWAP",
    "ANIME_USDT_SWAP",
    "APE_USDT_SWAP",
    "APT_USDT_SWAP",
    "ARB_USDT_SWAP",
    "ATH_USDT_SWAP",
    "ATOM_USDT_SWAP",
    "AVAX_USDT_SWAP",
    "BABY_USDT_SWAP",
    "BCH_USDT_SWAP",
    "BICO_USDT_SWAP",
    "BIGTIME_USDT_SWAP",
    "BIO_USDT_SWAP",
    "BLUR_USDT_SWAP",
    "BNB_USDT_SWAP",
    "BOME_USDT_SWAP",
    "BONK_USDT_SWAP",
    "BRETT_USDT_SWAP",
    "BTC_USDT_SWAP",
    "CFX_USDT_SWAP",
    "CHZ_USDT_SWAP",
    "CORE_USDT_SWAP",
    "CRO_USDT_SWAP",
    "DOGE_USDT_SWAP",
    "DOOD_USDT_SWAP",
    "DOT_USDT_SWAP",
    "DYDX_USDT_SWAP",
    "ENJ_USDT_SWAP",
    "ETC_USDT_SWAP",
    "ETH_USDT_SWAP",
    "FIL_USDT_SWAP",
    "FLOKI_USDT_SWAP",
    "GALA_USDT_SWAP",
    "GMT_USDT_SWAP",
    "GPS_USDT_SWAP",
    "GRT_USDT_SWAP",
    "HBAR_USDT_SWAP",
    "HMSTR_USDT_SWAP",
    "HOME_USDT_SWAP",
    "HUMA_USDT_SWAP",
    "ICP_USDT_SWAP",
    "ICX_USDT_SWAP",
    "INJ_USDT_SWAP",
    "IOST_USDT_SWAP",
    "JELLYJELLY_USDT_SWAP",
    "KMNO_USDT_SWAP",
    "LINK_USDT_SWAP",
    "LRC_USDT_SWAP",
    "LTC_USDT_SWAP",
    "LUNA_USDT_SWAP",
    "MAGIC_USDT_SWAP",
    "MEME_USDT_SWAP",
    "MERL_USDT_SWAP",
    "MEW_USDT_SWAP",
    "MINA_USDT_SWAP",
    "MOODENG_USDT_SWAP",
    "MOVE_USDT_SWAP",
    "MUBARAK_USDT_SWAP",
    "NEAR_USDT_SWAP",
    "NEIRO_USDT_SWAP",
    "NOT_USDT_SWAP",
    "ONE_USDT_SWAP",
    "ONT_USDT_SWAP",
    "OP_USDT_SWAP",
    "PARTI_USDT_SWAP",
    "PENGU_USDT_SWAP",
    "PEOPLE_USDT_SWAP",
    "PEPE_USDT_SWAP",
    "PLUME_USDT_SWAP",
    "PNUT_USDT_SWAP",
    "POL_USDT_SWAP",
    "PYTH_USDT_SWAP",
    "RESOLV_USDT_SWAP",
    "RSR_USDT_SWAP",
    "RVN_USDT_SWAP",
    "SATS_USDT_SWAP",
    "SHIB_USDT_SWAP",
    "SIGN_USDT_SWAP",
    "SOL_USDT_SWAP",
    "SOON_USDT_SWAP",
    "SOPH_USDT_SWAP",
    "STRK_USDT_SWAP",
    "SUI_USDT_SWAP",
    "TIA_USDT_SWAP",
    "TRX_USDT_SWAP",
    "TURBO_USDT_SWAP",
    "UNI_USDT_SWAP",
    "WIF_USDT_SWAP",
    "WOO_USDT_SWAP",
    "W_USDT_SWAP",
    "XLM_USDT_SWAP",
    "XRP_USDT_SWAP",
    "YGG_USDT_SWAP",
    "ZIL_USDT_SWAP",
    "ZK_USDT_SWAP"
  ]
}
[2026-07-24T08:48:27Z] chunk=15 exit=0 done_after=15
[2026-07-24T08:48:27Z] chunk=16 done=15/100
resume: skip 15 done symbols (15 marked); remain 85
swap series to scan: 1  workers=1  side=short  resume=True  signal_window=[2025-11-04 00:00:00+00:00, 2026-05-04 00:00:00+00:00)
  BICO_USDT_SWAP: 250 YOLO候选 (short)
  … progress 1/1
{
  "side": "short",
  "weights": "/Users/zhangzc/fable-trading/runs/detect/runs/detect/owner_side_short_tip_v1b/weights/best.pt",
  "series_this_chunk": 1,
  "candidates_so_far": 4094,
  "symbols_so_far": 16,
  "pos_rate": 0.2855,
  "out": "data/judgment_yolo_owner_side_short_100_6m.csv",
  "workers": 1,
  "checkpoint": true,
  "signal_time_lo": "2025-11-04 00:00:00+00:00",
  "signal_time_hi": "2026-05-04 00:00:00+00:00",
  "symbols_filter": [
    "AAVE_USDT_SWAP",
    "ACH_USDT_SWAP",
    "ACT_USDT_SWAP",
    "ADA_USDT_SWAP",
    "AEVO_USDT_SWAP",
    "AIXBT_USDT_SWAP",
    "ANIME_USDT_SWAP",
    "APE_USDT_SWAP",
    "APT_USDT_SWAP",
    "ARB_USDT_SWAP",
    "ATH_USDT_SWAP",
    "ATOM_USDT_SWAP",
    "AVAX_USDT_SWAP",
    "BABY_USDT_SWAP",
    "BCH_USDT_SWAP",
    "BICO_USDT_SWAP",
    "BIGTIME_USDT_SWAP",
    "BIO_USDT_SWAP",
    "BLUR_USDT_SWAP",
    "BNB_USDT_SWAP",
    "BOME_USDT_SWAP",
    "BONK_USDT_SWAP",
    "BRETT_USDT_SWAP",
    "BTC_USDT_SWAP",
    "CFX_USDT_SWAP",
    "CHZ_USDT_SWAP",
    "CORE_USDT_SWAP",
    "CRO_USDT_SWAP",
    "DOGE_USDT_SWAP",
    "DOOD_USDT_SWAP",
    "DOT_USDT_SWAP",
    "DYDX_USDT_SWAP",
    "ENJ_USDT_SWAP",
    "ETC_USDT_SWAP",
    "ETH_USDT_SWAP",
    "FIL_USDT_SWAP",
    "FLOKI_USDT_SWAP",
    "GALA_USDT_SWAP",
    "GMT_USDT_SWAP",
    "GPS_USDT_SWAP",
    "GRT_USDT_SWAP",
    "HBAR_USDT_SWAP",
    "HMSTR_USDT_SWAP",
    "HOME_USDT_SWAP",
    "HUMA_USDT_SWAP",
    "ICP_USDT_SWAP",
    "ICX_USDT_SWAP",
    "INJ_USDT_SWAP",
    "IOST_USDT_SWAP",
    "JELLYJELLY_USDT_SWAP",
    "KMNO_USDT_SWAP",
    "LINK_USDT_SWAP",
    "LRC_USDT_SWAP",
    "LTC_USDT_SWAP",
    "LUNA_USDT_SWAP",
    "MAGIC_USDT_SWAP",
    "MEME_USDT_SWAP",
    "MERL_USDT_SWAP",
    "MEW_USDT_SWAP",
    "MINA_USDT_SWAP",
    "MOODENG_USDT_SWAP",
    "MOVE_USDT_SWAP",
    "MUBARAK_USDT_SWAP",
    "NEAR_USDT_SWAP",
    "NEIRO_USDT_SWAP",
    "NOT_USDT_SWAP",
    "ONE_USDT_SWAP",
    "ONT_USDT_SWAP",
    "OP_USDT_SWAP",
    "PARTI_USDT_SWAP",
    "PENGU_USDT_SWAP",
    "PEOPLE_USDT_SWAP",
    "PEPE_USDT_SWAP",
    "PLUME_USDT_SWAP",
    "PNUT_USDT_SWAP",
    "POL_USDT_SWAP",
    "PYTH_USDT_SWAP",
    "RESOLV_USDT_SWAP",
    "RSR_USDT_SWAP",
    "RVN_USDT_SWAP",
    "SATS_USDT_SWAP",
    "SHIB_USDT_SWAP",
    "SIGN_USDT_SWAP",
    "SOL_USDT_SWAP",
    "SOON_USDT_SWAP",
    "SOPH_USDT_SWAP",
    "STRK_USDT_SWAP",
    "SUI_USDT_SWAP",
    "TIA_USDT_SWAP",
    "TRX_USDT_SWAP",
    "TURBO_USDT_SWAP",
    "UNI_USDT_SWAP",
    "WIF_USDT_SWAP",
    "WOO_USDT_SWAP",
    "W_USDT_SWAP",
    "XLM_USDT_SWAP",
    "XRP_USDT_SWAP",
    "YGG_USDT_SWAP",
    "ZIL_USDT_SWAP",
    "ZK_USDT_SWAP"
  ]
}
[2026-07-24T08:49:02Z] chunk=16 exit=0 done_after=16
[2026-07-24T08:49:02Z] chunk=17 done=16/100
resume: skip 16 done symbols (16 marked); remain 84
swap series to scan: 1  workers=1  side=short  resume=True  signal_window=[2025-11-04 00:00:00+00:00, 2026-05-04 00:00:00+00:00)
  BIGTIME_USDT_SWAP: 252 YOLO候选 (short)
  … progress 1/1
{
  "side": "short",
  "weights": "/Users/zhangzc/fable-trading/runs/detect/runs/detect/owner_side_short_tip_v1b/weights/best.pt",
  "series_this_chunk": 1,
  "candidates_so_far": 4346,
  "symbols_so_far": 17,
  "pos_rate": 0.2849,
  "out": "data/judgment_yolo_owner_side_short_100_6m.csv",
  "workers": 1,
  "checkpoint": true,
  "signal_time_lo": "2025-11-04 00:00:00+00:00",
  "signal_time_hi": "2026-05-04 00:00:00+00:00",
  "symbols_filter": [
    "AAVE_USDT_SWAP",
    "ACH_USDT_SWAP",
    "ACT_USDT_SWAP",
    "ADA_USDT_SWAP",
    "AEVO_USDT_SWAP",
    "AIXBT_USDT_SWAP",
    "ANIME_USDT_SWAP",
    "APE_USDT_SWAP",
    "APT_USDT_SWAP",
    "ARB_USDT_SWAP",
    "ATH_USDT_SWAP",
    "ATOM_USDT_SWAP",
    "AVAX_USDT_SWAP",
    "BABY_USDT_SWAP",
    "BCH_USDT_SWAP",
    "BICO_USDT_SWAP",
    "BIGTIME_USDT_SWAP",
    "BIO_USDT_SWAP",
    "BLUR_USDT_SWAP",
    "BNB_USDT_SWAP",
    "BOME_USDT_SWAP",
    "BONK_USDT_SWAP",
    "BRETT_USDT_SWAP",
    "BTC_USDT_SWAP",
    "CFX_USDT_SWAP",
    "CHZ_USDT_SWAP",
    "CORE_USDT_SWAP",
    "CRO_USDT_SWAP",
    "DOGE_USDT_SWAP",
    "DOOD_USDT_SWAP",
    "DOT_USDT_SWAP",
    "DYDX_USDT_SWAP",
    "ENJ_USDT_SWAP",
    "ETC_USDT_SWAP",
    "ETH_USDT_SWAP",
    "FIL_USDT_SWAP",
    "FLOKI_USDT_SWAP",
    "GALA_USDT_SWAP",
    "GMT_USDT_SWAP",
    "GPS_USDT_SWAP",
    "GRT_USDT_SWAP",
    "HBAR_USDT_SWAP",
    "HMSTR_USDT_SWAP",
    "HOME_USDT_SWAP",
    "HUMA_USDT_SWAP",
    "ICP_USDT_SWAP",
    "ICX_USDT_SWAP",
    "INJ_USDT_SWAP",
    "IOST_USDT_SWAP",
    "JELLYJELLY_USDT_SWAP",
    "KMNO_USDT_SWAP",
    "LINK_USDT_SWAP",
    "LRC_USDT_SWAP",
    "LTC_USDT_SWAP",
    "LUNA_USDT_SWAP",
    "MAGIC_USDT_SWAP",
    "MEME_USDT_SWAP",
    "MERL_USDT_SWAP",
    "MEW_USDT_SWAP",
    "MINA_USDT_SWAP",
    "MOODENG_USDT_SWAP",
    "MOVE_USDT_SWAP",
    "MUBARAK_USDT_SWAP",
    "NEAR_USDT_SWAP",
    "NEIRO_USDT_SWAP",
    "NOT_USDT_SWAP",
    "ONE_USDT_SWAP",
    "ONT_USDT_SWAP",
    "OP_USDT_SWAP",
    "PARTI_USDT_SWAP",
    "PENGU_USDT_SWAP",
    "PEOPLE_USDT_SWAP",
    "PEPE_USDT_SWAP",
    "PLUME_USDT_SWAP",
    "PNUT_USDT_SWAP",
    "POL_USDT_SWAP",
    "PYTH_USDT_SWAP",
    "RESOLV_USDT_SWAP",
    "RSR_USDT_SWAP",
    "RVN_USDT_SWAP",
    "SATS_USDT_SWAP",
    "SHIB_USDT_SWAP",
    "SIGN_USDT_SWAP",
    "SOL_USDT_SWAP",
    "SOON_USDT_SWAP",
    "SOPH_USDT_SWAP",
    "STRK_USDT_SWAP",
    "SUI_USDT_SWAP",
    "TIA_USDT_SWAP",
    "TRX_USDT_SWAP",
    "TURBO_USDT_SWAP",
    "UNI_USDT_SWAP",
    "WIF_USDT_SWAP",
    "WOO_USDT_SWAP",
    "W_USDT_SWAP",
    "XLM_USDT_SWAP",
    "XRP_USDT_SWAP",
    "YGG_USDT_SWAP",
    "ZIL_USDT_SWAP",
    "ZK_USDT_SWAP"
  ]
}
[2026-07-24T08:49:36Z] chunk=17 exit=0 done_after=17
[2026-07-24T08:49:36Z] chunk=18 done=17/100
resume: skip 17 done symbols (17 marked); remain 83
swap series to scan: 1  workers=1  side=short  resume=True  signal_window=[2025-11-04 00:00:00+00:00, 2026-05-04 00:00:00+00:00)
  BIO_USDT_SWAP: 252 YOLO候选 (short)
  … progress 1/1
{
  "side": "short",
  "weights": "/Users/zhangzc/fable-trading/runs/detect/runs/detect/owner_side_short_tip_v1b/weights/best.pt",
  "series_this_chunk": 1,
  "candidates_so_far": 4598,
  "symbols_so_far": 18,
  "pos_rate": 0.2849,
  "out": "data/judgment_yolo_owner_side_short_100_6m.csv",
  "workers": 1,
  "checkpoint": true,
  "signal_time_lo": "2025-11-04 00:00:00+00:00",
  "signal_time_hi": "2026-05-04 00:00:00+00:00",
  "symbols_filter": [
    "AAVE_USDT_SWAP",
    "ACH_USDT_SWAP",
    "ACT_USDT_SWAP",
    "ADA_USDT_SWAP",
    "AEVO_USDT_SWAP",
    "AIXBT_USDT_SWAP",
    "ANIME_USDT_SWAP",
    "APE_USDT_SWAP",
    "APT_USDT_SWAP",
    "ARB_USDT_SWAP",
    "ATH_USDT_SWAP",
    "ATOM_USDT_SWAP",
    "AVAX_USDT_SWAP",
    "BABY_USDT_SWAP",
    "BCH_USDT_SWAP",
    "BICO_USDT_SWAP",
    "BIGTIME_USDT_SWAP",
    "BIO_USDT_SWAP",
    "BLUR_USDT_SWAP",
    "BNB_USDT_SWAP",
    "BOME_USDT_SWAP",
    "BONK_USDT_SWAP",
    "BRETT_USDT_SWAP",
    "BTC_USDT_SWAP",
    "CFX_USDT_SWAP",
    "CHZ_USDT_SWAP",
    "CORE_USDT_SWAP",
    "CRO_USDT_SWAP",
    "DOGE_USDT_SWAP",
    "DOOD_USDT_SWAP",
    "DOT_USDT_SWAP",
    "DYDX_USDT_SWAP",
    "ENJ_USDT_SWAP",
    "ETC_USDT_SWAP",
    "ETH_USDT_SWAP",
    "FIL_USDT_SWAP",
    "FLOKI_USDT_SWAP",
    "GALA_USDT_SWAP",
    "GMT_USDT_SWAP",
    "GPS_USDT_SWAP",
    "GRT_USDT_SWAP",
    "HBAR_USDT_SWAP",
    "HMSTR_USDT_SWAP",
    "HOME_USDT_SWAP",
    "HUMA_USDT_SWAP",
    "ICP_USDT_SWAP",
    "ICX_USDT_SWAP",
    "INJ_USDT_SWAP",
    "IOST_USDT_SWAP",
    "JELLYJELLY_USDT_SWAP",
    "KMNO_USDT_SWAP",
    "LINK_USDT_SWAP",
    "LRC_USDT_SWAP",
    "LTC_USDT_SWAP",
    "LUNA_USDT_SWAP",
    "MAGIC_USDT_SWAP",
    "MEME_USDT_SWAP",
    "MERL_USDT_SWAP",
    "MEW_USDT_SWAP",
    "MINA_USDT_SWAP",
    "MOODENG_USDT_SWAP",
    "MOVE_USDT_SWAP",
    "MUBARAK_USDT_SWAP",
    "NEAR_USDT_SWAP",
    "NEIRO_USDT_SWAP",
    "NOT_USDT_SWAP",
    "ONE_USDT_SWAP",
    "ONT_USDT_SWAP",
    "OP_USDT_SWAP",
    "PARTI_USDT_SWAP",
    "PENGU_USDT_SWAP",
    "PEOPLE_USDT_SWAP",
    "PEPE_USDT_SWAP",
    "PLUME_USDT_SWAP",
    "PNUT_USDT_SWAP",
    "POL_USDT_SWAP",
    "PYTH_USDT_SWAP",
    "RESOLV_USDT_SWAP",
    "RSR_USDT_SWAP",
    "RVN_USDT_SWAP",
    "SATS_USDT_SWAP",
    "SHIB_USDT_SWAP",
    "SIGN_USDT_SWAP",
    "SOL_USDT_SWAP",
    "SOON_USDT_SWAP",
    "SOPH_USDT_SWAP",
    "STRK_USDT_SWAP",
    "SUI_USDT_SWAP",
    "TIA_USDT_SWAP",
    "TRX_USDT_SWAP",
    "TURBO_USDT_SWAP",
    "UNI_USDT_SWAP",
    "WIF_USDT_SWAP",
    "WOO_USDT_SWAP",
    "W_USDT_SWAP",
    "XLM_USDT_SWAP",
    "XRP_USDT_SWAP",
    "YGG_USDT_SWAP",
    "ZIL_USDT_SWAP",
    "ZK_USDT_SWAP"
  ]
}
[2026-07-24T08:50:09Z] chunk=18 exit=0 done_after=18
[2026-07-24T08:50:09Z] chunk=19 done=18/100
resume: skip 18 done symbols (18 marked); remain 82
swap series to scan: 1  workers=1  side=short  resume=True  signal_window=[2025-11-04 00:00:00+00:00, 2026-05-04 00:00:00+00:00)
  BLUR_USDT_SWAP: 264 YOLO候选 (short)
  … progress 1/1
{
  "side": "short",
  "weights": "/Users/zhangzc/fable-trading/runs/detect/runs/detect/owner_side_short_tip_v1b/weights/best.pt",
  "series_this_chunk": 1,
  "candidates_so_far": 4862,
  "symbols_so_far": 19,
  "pos_rate": 0.2851,
  "out": "data/judgment_yolo_owner_side_short_100_6m.csv",
  "workers": 1,
  "checkpoint": true,
  "signal_time_lo": "2025-11-04 00:00:00+00:00",
  "signal_time_hi": "2026-05-04 00:00:00+00:00",
  "symbols_filter": [
    "AAVE_USDT_SWAP",
    "ACH_USDT_SWAP",
    "ACT_USDT_SWAP",
    "ADA_USDT_SWAP",
    "AEVO_USDT_SWAP",
    "AIXBT_USDT_SWAP",
    "ANIME_USDT_SWAP",
    "APE_USDT_SWAP",
    "APT_USDT_SWAP",
    "ARB_USDT_SWAP",
    "ATH_USDT_SWAP",
    "ATOM_USDT_SWAP",
    "AVAX_USDT_SWAP",
    "BABY_USDT_SWAP",
    "BCH_USDT_SWAP",
    "BICO_USDT_SWAP",
    "BIGTIME_USDT_SWAP",
    "BIO_USDT_SWAP",
    "BLUR_USDT_SWAP",
    "BNB_USDT_SWAP",
    "BOME_USDT_SWAP",
    "BONK_USDT_SWAP",
    "BRETT_USDT_SWAP",
    "BTC_USDT_SWAP",
    "CFX_USDT_SWAP",
    "CHZ_USDT_SWAP",
    "CORE_USDT_SWAP",
    "CRO_USDT_SWAP",
    "DOGE_USDT_SWAP",
    "DOOD_USDT_SWAP",
    "DOT_USDT_SWAP",
    "DYDX_USDT_SWAP",
    "ENJ_USDT_SWAP",
    "ETC_USDT_SWAP",
    "ETH_USDT_SWAP",
    "FIL_USDT_SWAP",
    "FLOKI_USDT_SWAP",
    "GALA_USDT_SWAP",
    "GMT_USDT_SWAP",
    "GPS_USDT_SWAP",
    "GRT_USDT_SWAP",
    "HBAR_USDT_SWAP",
    "HMSTR_USDT_SWAP",
    "HOME_USDT_SWAP",
    "HUMA_USDT_SWAP",
    "ICP_USDT_SWAP",
    "ICX_USDT_SWAP",
    "INJ_USDT_SWAP",
    "IOST_USDT_SWAP",
    "JELLYJELLY_USDT_SWAP",
    "KMNO_USDT_SWAP",
    "LINK_USDT_SWAP",
    "LRC_USDT_SWAP",
    "LTC_USDT_SWAP",
    "LUNA_USDT_SWAP",
    "MAGIC_USDT_SWAP",
    "MEME_USDT_SWAP",
    "MERL_USDT_SWAP",
    "MEW_USDT_SWAP",
    "MINA_USDT_SWAP",
    "MOODENG_USDT_SWAP",
    "MOVE_USDT_SWAP",
    "MUBARAK_USDT_SWAP",
    "NEAR_USDT_SWAP",
    "NEIRO_USDT_SWAP",
    "NOT_USDT_SWAP",
    "ONE_USDT_SWAP",
    "ONT_USDT_SWAP",
    "OP_USDT_SWAP",
    "PARTI_USDT_SWAP",
    "PENGU_USDT_SWAP",
    "PEOPLE_USDT_SWAP",
    "PEPE_USDT_SWAP",
    "PLUME_USDT_SWAP",
    "PNUT_USDT_SWAP",
    "POL_USDT_SWAP",
    "PYTH_USDT_SWAP",
    "RESOLV_USDT_SWAP",
    "RSR_USDT_SWAP",
    "RVN_USDT_SWAP",
    "SATS_USDT_SWAP",
    "SHIB_USDT_SWAP",
    "SIGN_USDT_SWAP",
    "SOL_USDT_SWAP",
    "SOON_USDT_SWAP",
    "SOPH_USDT_SWAP",
    "STRK_USDT_SWAP",
    "SUI_USDT_SWAP",
    "TIA_USDT_SWAP",
    "TRX_USDT_SWAP",
    "TURBO_USDT_SWAP",
    "UNI_USDT_SWAP",
    "WIF_USDT_SWAP",
    "WOO_USDT_SWAP",
    "W_USDT_SWAP",
    "XLM_USDT_SWAP",
    "XRP_USDT_SWAP",
    "YGG_USDT_SWAP",
    "ZIL_USDT_SWAP",
    "ZK_USDT_SWAP"
  ]
}
[2026-07-24T08:50:43Z] chunk=19 exit=0 done_after=19
[2026-07-24T08:50:43Z] chunk=20 done=19/100
resume: skip 19 done symbols (19 marked); remain 81
swap series to scan: 1  workers=1  side=short  resume=True  signal_window=[2025-11-04 00:00:00+00:00, 2026-05-04 00:00:00+00:00)
  BNB_USDT_SWAP: 237 YOLO候选 (short)
  … progress 1/1
{
  "side": "short",
  "weights": "/Users/zhangzc/fable-trading/runs/detect/runs/detect/owner_side_short_tip_v1b/weights/best.pt",
  "series_this_chunk": 1,
  "candidates_so_far": 5099,
  "symbols_so_far": 20,
  "pos_rate": 0.2865,
  "out": "data/judgment_yolo_owner_side_short_100_6m.csv",
  "workers": 1,
  "checkpoint": true,
  "signal_time_lo": "2025-11-04 00:00:00+00:00",
  "signal_time_hi": "2026-05-04 00:00:00+00:00",
  "symbols_filter": [
    "AAVE_USDT_SWAP",
    "ACH_USDT_SWAP",
    "ACT_USDT_SWAP",
    "ADA_USDT_SWAP",
    "AEVO_USDT_SWAP",
    "AIXBT_USDT_SWAP",
    "ANIME_USDT_SWAP",
    "APE_USDT_SWAP",
    "APT_USDT_SWAP",
    "ARB_USDT_SWAP",
    "ATH_USDT_SWAP",
    "ATOM_USDT_SWAP",
    "AVAX_USDT_SWAP",
    "BABY_USDT_SWAP",
    "BCH_USDT_SWAP",
    "BICO_USDT_SWAP",
    "BIGTIME_USDT_SWAP",
    "BIO_USDT_SWAP",
    "BLUR_USDT_SWAP",
    "BNB_USDT_SWAP",
    "BOME_USDT_SWAP",
    "BONK_USDT_SWAP",
    "BRETT_USDT_SWAP",
    "BTC_USDT_SWAP",
    "CFX_USDT_SWAP",
    "CHZ_USDT_SWAP",
    "CORE_USDT_SWAP",
    "CRO_USDT_SWAP",
    "DOGE_USDT_SWAP",
    "DOOD_USDT_SWAP",
    "DOT_USDT_SWAP",
    "DYDX_USDT_SWAP",
    "ENJ_USDT_SWAP",
    "ETC_USDT_SWAP",
    "ETH_USDT_SWAP",
    "FIL_USDT_SWAP",
    "FLOKI_USDT_SWAP",
    "GALA_USDT_SWAP",
    "GMT_USDT_SWAP",
    "GPS_USDT_SWAP",
    "GRT_USDT_SWAP",
    "HBAR_USDT_SWAP",
    "HMSTR_USDT_SWAP",
    "HOME_USDT_SWAP",
    "HUMA_USDT_SWAP",
    "ICP_USDT_SWAP",
    "ICX_USDT_SWAP",
    "INJ_USDT_SWAP",
    "IOST_USDT_SWAP",
    "JELLYJELLY_USDT_SWAP",
    "KMNO_USDT_SWAP",
    "LINK_USDT_SWAP",
    "LRC_USDT_SWAP",
    "LTC_USDT_SWAP",
    "LUNA_USDT_SWAP",
    "MAGIC_USDT_SWAP",
    "MEME_USDT_SWAP",
    "MERL_USDT_SWAP",
    "MEW_USDT_SWAP",
    "MINA_USDT_SWAP",
    "MOODENG_USDT_SWAP",
    "MOVE_USDT_SWAP",
    "MUBARAK_USDT_SWAP",
    "NEAR_USDT_SWAP",
    "NEIRO_USDT_SWAP",
    "NOT_USDT_SWAP",
    "ONE_USDT_SWAP",
    "ONT_USDT_SWAP",
    "OP_USDT_SWAP",
    "PARTI_USDT_SWAP",
    "PENGU_USDT_SWAP",
    "PEOPLE_USDT_SWAP",
    "PEPE_USDT_SWAP",
    "PLUME_USDT_SWAP",
    "PNUT_USDT_SWAP",
    "POL_USDT_SWAP",
    "PYTH_USDT_SWAP",
    "RESOLV_USDT_SWAP",
    "RSR_USDT_SWAP",
    "RVN_USDT_SWAP",
    "SATS_USDT_SWAP",
    "SHIB_USDT_SWAP",
    "SIGN_USDT_SWAP",
    "SOL_USDT_SWAP",
    "SOON_USDT_SWAP",
    "SOPH_USDT_SWAP",
    "STRK_USDT_SWAP",
    "SUI_USDT_SWAP",
    "TIA_USDT_SWAP",
    "TRX_USDT_SWAP",
    "TURBO_USDT_SWAP",
    "UNI_USDT_SWAP",
    "WIF_USDT_SWAP",
    "WOO_USDT_SWAP",
    "W_USDT_SWAP",
    "XLM_USDT_SWAP",
    "XRP_USDT_SWAP",
    "YGG_USDT_SWAP",
    "ZIL_USDT_SWAP",
    "ZK_USDT_SWAP"
  ]
}
[2026-07-24T08:51:16Z] chunk=20 exit=0 done_after=20
[2026-07-24T08:51:16Z] chunk=21 done=20/100
resume: skip 20 done symbols (20 marked); remain 80
swap series to scan: 1  workers=1  side=short  resume=True  signal_window=[2025-11-04 00:00:00+00:00, 2026-05-04 00:00:00+00:00)
  BOME_USDT_SWAP: 246 YOLO候选 (short)
  … progress 1/1
{
  "side": "short",
  "weights": "/Users/zhangzc/fable-trading/runs/detect/runs/detect/owner_side_short_tip_v1b/weights/best.pt",
  "series_this_chunk": 1,
  "candidates_so_far": 5345,
  "symbols_so_far": 21,
  "pos_rate": 0.2881,
  "out": "data/judgment_yolo_owner_side_short_100_6m.csv",
  "workers": 1,
  "checkpoint": true,
  "signal_time_lo": "2025-11-04 00:00:00+00:00",
  "signal_time_hi": "2026-05-04 00:00:00+00:00",
  "symbols_filter": [
    "AAVE_USDT_SWAP",
    "ACH_USDT_SWAP",
    "ACT_USDT_SWAP",
    "ADA_USDT_SWAP",
    "AEVO_USDT_SWAP",
    "AIXBT_USDT_SWAP",
    "ANIME_USDT_SWAP",
    "APE_USDT_SWAP",
    "APT_USDT_SWAP",
    "ARB_USDT_SWAP",
    "ATH_USDT_SWAP",
    "ATOM_USDT_SWAP",
    "AVAX_USDT_SWAP",
    "BABY_USDT_SWAP",
    "BCH_USDT_SWAP",
    "BICO_USDT_SWAP",
    "BIGTIME_USDT_SWAP",
    "BIO_USDT_SWAP",
    "BLUR_USDT_SWAP",
    "BNB_USDT_SWAP",
    "BOME_USDT_SWAP",
    "BONK_USDT_SWAP",
    "BRETT_USDT_SWAP",
    "BTC_USDT_SWAP",
    "CFX_USDT_SWAP",
    "CHZ_USDT_SWAP",
    "CORE_USDT_SWAP",
    "CRO_USDT_SWAP",
    "DOGE_USDT_SWAP",
    "DOOD_USDT_SWAP",
    "DOT_USDT_SWAP",
    "DYDX_USDT_SWAP",
    "ENJ_USDT_SWAP",
    "ETC_USDT_SWAP",
    "ETH_USDT_SWAP",
    "FIL_USDT_SWAP",
    "FLOKI_USDT_SWAP",
    "GALA_USDT_SWAP",
    "GMT_USDT_SWAP",
    "GPS_USDT_SWAP",
    "GRT_USDT_SWAP",
    "HBAR_USDT_SWAP",
    "HMSTR_USDT_SWAP",
    "HOME_USDT_SWAP",
    "HUMA_USDT_SWAP",
    "ICP_USDT_SWAP",
    "ICX_USDT_SWAP",
    "INJ_USDT_SWAP",
    "IOST_USDT_SWAP",
    "JELLYJELLY_USDT_SWAP",
    "KMNO_USDT_SWAP",
    "LINK_USDT_SWAP",
    "LRC_USDT_SWAP",
    "LTC_USDT_SWAP",
    "LUNA_USDT_SWAP",
    "MAGIC_USDT_SWAP",
    "MEME_USDT_SWAP",
    "MERL_USDT_SWAP",
    "MEW_USDT_SWAP",
    "MINA_USDT_SWAP",
    "MOODENG_USDT_SWAP",
    "MOVE_USDT_SWAP",
    "MUBARAK_USDT_SWAP",
    "NEAR_USDT_SWAP",
    "NEIRO_USDT_SWAP",
    "NOT_USDT_SWAP",
    "ONE_USDT_SWAP",
    "ONT_USDT_SWAP",
    "OP_USDT_SWAP",
    "PARTI_USDT_SWAP",
    "PENGU_USDT_SWAP",
    "PEOPLE_USDT_SWAP",
    "PEPE_USDT_SWAP",
    "PLUME_USDT_SWAP",
    "PNUT_USDT_SWAP",
    "POL_USDT_SWAP",
    "PYTH_USDT_SWAP",
    "RESOLV_USDT_SWAP",
    "RSR_USDT_SWAP",
    "RVN_USDT_SWAP",
    "SATS_USDT_SWAP",
    "SHIB_USDT_SWAP",
    "SIGN_USDT_SWAP",
    "SOL_USDT_SWAP",
    "SOON_USDT_SWAP",
    "SOPH_USDT_SWAP",
    "STRK_USDT_SWAP",
    "SUI_USDT_SWAP",
    "TIA_USDT_SWAP",
    "TRX_USDT_SWAP",
    "TURBO_USDT_SWAP",
    "UNI_USDT_SWAP",
    "WIF_USDT_SWAP",
    "WOO_USDT_SWAP",
    "W_USDT_SWAP",
    "XLM_USDT_SWAP",
    "XRP_USDT_SWAP",
    "YGG_USDT_SWAP",
    "ZIL_USDT_SWAP",
    "ZK_USDT_SWAP"
  ]
}
[2026-07-24T08:51:50Z] chunk=21 exit=0 done_after=21
[2026-07-24T08:51:50Z] chunk=22 done=21/100
resume: skip 21 done symbols (21 marked); remain 79
swap series to scan: 1  workers=1  side=short  resume=True  signal_window=[2025-11-04 00:00:00+00:00, 2026-05-04 00:00:00+00:00)
  BONK_USDT_SWAP: 263 YOLO候选 (short)
  … progress 1/1
{
  "side": "short",
  "weights": "/Users/zhangzc/fable-trading/runs/detect/runs/detect/owner_side_short_tip_v1b/weights/best.pt",
  "series_this_chunk": 1,
  "candidates_so_far": 5608,
  "symbols_so_far": 22,
  "pos_rate": 0.2887,
  "out": "data/judgment_yolo_owner_side_short_100_6m.csv",
  "workers": 1,
  "checkpoint": true,
  "signal_time_lo": "2025-11-04 00:00:00+00:00",
  "signal_time_hi": "2026-05-04 00:00:00+00:00",
  "symbols_filter": [
    "AAVE_USDT_SWAP",
    "ACH_USDT_SWAP",
    "ACT_USDT_SWAP",
    "ADA_USDT_SWAP",
    "AEVO_USDT_SWAP",
    "AIXBT_USDT_SWAP",
    "ANIME_USDT_SWAP",
    "APE_USDT_SWAP",
    "APT_USDT_SWAP",
    "ARB_USDT_SWAP",
    "ATH_USDT_SWAP",
    "ATOM_USDT_SWAP",
    "AVAX_USDT_SWAP",
    "BABY_USDT_SWAP",
    "BCH_USDT_SWAP",
    "BICO_USDT_SWAP",
    "BIGTIME_USDT_SWAP",
    "BIO_USDT_SWAP",
    "BLUR_USDT_SWAP",
    "BNB_USDT_SWAP",
    "BOME_USDT_SWAP",
    "BONK_USDT_SWAP",
    "BRETT_USDT_SWAP",
    "BTC_USDT_SWAP",
    "CFX_USDT_SWAP",
    "CHZ_USDT_SWAP",
    "CORE_USDT_SWAP",
    "CRO_USDT_SWAP",
    "DOGE_USDT_SWAP",
    "DOOD_USDT_SWAP",
    "DOT_USDT_SWAP",
    "DYDX_USDT_SWAP",
    "ENJ_USDT_SWAP",
    "ETC_USDT_SWAP",
    "ETH_USDT_SWAP",
    "FIL_USDT_SWAP",
    "FLOKI_USDT_SWAP",
    "GALA_USDT_SWAP",
    "GMT_USDT_SWAP",
    "GPS_USDT_SWAP",
    "GRT_USDT_SWAP",
    "HBAR_USDT_SWAP",
    "HMSTR_USDT_SWAP",
    "HOME_USDT_SWAP",
    "HUMA_USDT_SWAP",
    "ICP_USDT_SWAP",
    "ICX_USDT_SWAP",
    "INJ_USDT_SWAP",
    "IOST_USDT_SWAP",
    "JELLYJELLY_USDT_SWAP",
    "KMNO_USDT_SWAP",
    "LINK_USDT_SWAP",
    "LRC_USDT_SWAP",
    "LTC_USDT_SWAP",
    "LUNA_USDT_SWAP",
    "MAGIC_USDT_SWAP",
    "MEME_USDT_SWAP",
    "MERL_USDT_SWAP",
    "MEW_USDT_SWAP",
    "MINA_USDT_SWAP",
    "MOODENG_USDT_SWAP",
    "MOVE_USDT_SWAP",
    "MUBARAK_USDT_SWAP",
    "NEAR_USDT_SWAP",
    "NEIRO_USDT_SWAP",
    "NOT_USDT_SWAP",
    "ONE_USDT_SWAP",
    "ONT_USDT_SWAP",
    "OP_USDT_SWAP",
    "PARTI_USDT_SWAP",
    "PENGU_USDT_SWAP",
    "PEOPLE_USDT_SWAP",
    "PEPE_USDT_SWAP",
    "PLUME_USDT_SWAP",
    "PNUT_USDT_SWAP",
    "POL_USDT_SWAP",
    "PYTH_USDT_SWAP",
    "RESOLV_USDT_SWAP",
    "RSR_USDT_SWAP",
    "RVN_USDT_SWAP",
    "SATS_USDT_SWAP",
    "SHIB_USDT_SWAP",
    "SIGN_USDT_SWAP",
    "SOL_USDT_SWAP",
    "SOON_USDT_SWAP",
    "SOPH_USDT_SWAP",
    "STRK_USDT_SWAP",
    "SUI_USDT_SWAP",
    "TIA_USDT_SWAP",
    "TRX_USDT_SWAP",
    "TURBO_USDT_SWAP",
    "UNI_USDT_SWAP",
    "WIF_USDT_SWAP",
    "WOO_USDT_SWAP",
    "W_USDT_SWAP",
    "XLM_USDT_SWAP",
    "XRP_USDT_SWAP",
    "YGG_USDT_SWAP",
    "ZIL_USDT_SWAP",
    "ZK_USDT_SWAP"
  ]
}
[2026-07-24T08:52:23Z] chunk=22 exit=0 done_after=22
[2026-07-24T08:52:23Z] chunk=23 done=22/100
resume: skip 22 done symbols (22 marked); remain 78
swap series to scan: 1  workers=1  side=short  resume=True  signal_window=[2025-11-04 00:00:00+00:00, 2026-05-04 00:00:00+00:00)
  BRETT_USDT_SWAP: 249 YOLO候选 (short)
  … progress 1/1
{
  "side": "short",
  "weights": "/Users/zhangzc/fable-trading/runs/detect/runs/detect/owner_side_short_tip_v1b/weights/best.pt",
  "series_this_chunk": 1,
  "candidates_so_far": 5857,
  "symbols_so_far": 23,
  "pos_rate": 0.2885,
  "out": "data/judgment_yolo_owner_side_short_100_6m.csv",
  "workers": 1,
  "checkpoint": true,
  "signal_time_lo": "2025-11-04 00:00:00+00:00",
  "signal_time_hi": "2026-05-04 00:00:00+00:00",
  "symbols_filter": [
    "AAVE_USDT_SWAP",
    "ACH_USDT_SWAP",
    "ACT_USDT_SWAP",
    "ADA_USDT_SWAP",
    "AEVO_USDT_SWAP",
    "AIXBT_USDT_SWAP",
    "ANIME_USDT_SWAP",
    "APE_USDT_SWAP",
    "APT_USDT_SWAP",
    "ARB_USDT_SWAP",
    "ATH_USDT_SWAP",
    "ATOM_USDT_SWAP",
    "AVAX_USDT_SWAP",
    "BABY_USDT_SWAP",
    "BCH_USDT_SWAP",
    "BICO_USDT_SWAP",
    "BIGTIME_USDT_SWAP",
    "BIO_USDT_SWAP",
    "BLUR_USDT_SWAP",
    "BNB_USDT_SWAP",
    "BOME_USDT_SWAP",
    "BONK_USDT_SWAP",
    "BRETT_USDT_SWAP",
    "BTC_USDT_SWAP",
    "CFX_USDT_SWAP",
    "CHZ_USDT_SWAP",
    "CORE_USDT_SWAP",
    "CRO_USDT_SWAP",
    "DOGE_USDT_SWAP",
    "DOOD_USDT_SWAP",
    "DOT_USDT_SWAP",
    "DYDX_USDT_SWAP",
    "ENJ_USDT_SWAP",
    "ETC_USDT_SWAP",
    "ETH_USDT_SWAP",
    "FIL_USDT_SWAP",
    "FLOKI_USDT_SWAP",
    "GALA_USDT_SWAP",
    "GMT_USDT_SWAP",
    "GPS_USDT_SWAP",
    "GRT_USDT_SWAP",
    "HBAR_USDT_SWAP",
    "HMSTR_USDT_SWAP",
    "HOME_USDT_SWAP",
    "HUMA_USDT_SWAP",
    "ICP_USDT_SWAP",
    "ICX_USDT_SWAP",
    "INJ_USDT_SWAP",
    "IOST_USDT_SWAP",
    "JELLYJELLY_USDT_SWAP",
    "KMNO_USDT_SWAP",
    "LINK_USDT_SWAP",
    "LRC_USDT_SWAP",
    "LTC_USDT_SWAP",
    "LUNA_USDT_SWAP",
    "MAGIC_USDT_SWAP",
    "MEME_USDT_SWAP",
    "MERL_USDT_SWAP",
    "MEW_USDT_SWAP",
    "MINA_USDT_SWAP",
    "MOODENG_USDT_SWAP",
    "MOVE_USDT_SWAP",
    "MUBARAK_USDT_SWAP",
    "NEAR_USDT_SWAP",
    "NEIRO_USDT_SWAP",
    "NOT_USDT_SWAP",
    "ONE_USDT_SWAP",
    "ONT_USDT_SWAP",
    "OP_USDT_SWAP",
    "PARTI_USDT_SWAP",
    "PENGU_USDT_SWAP",
    "PEOPLE_USDT_SWAP",
    "PEPE_USDT_SWAP",
    "PLUME_USDT_SWAP",
    "PNUT_USDT_SWAP",
    "POL_USDT_SWAP",
    "PYTH_USDT_SWAP",
    "RESOLV_USDT_SWAP",
    "RSR_USDT_SWAP",
    "RVN_USDT_SWAP",
    "SATS_USDT_SWAP",
    "SHIB_USDT_SWAP",
    "SIGN_USDT_SWAP",
    "SOL_USDT_SWAP",
    "SOON_USDT_SWAP",
    "SOPH_USDT_SWAP",
    "STRK_USDT_SWAP",
    "SUI_USDT_SWAP",
    "TIA_USDT_SWAP",
    "TRX_USDT_SWAP",
    "TURBO_USDT_SWAP",
    "UNI_USDT_SWAP",
    "WIF_USDT_SWAP",
    "WOO_USDT_SWAP",
    "W_USDT_SWAP",
    "XLM_USDT_SWAP",
    "XRP_USDT_SWAP",
    "YGG_USDT_SWAP",
    "ZIL_USDT_SWAP",
    "ZK_USDT_SWAP"
  ]
}
[2026-07-24T08:52:56Z] chunk=23 exit=0 done_after=23
[2026-07-24T08:52:56Z] chunk=24 done=23/100
resume: skip 23 done symbols (23 marked); remain 77
swap series to scan: 1  workers=1  side=short  resume=True  signal_window=[2025-11-04 00:00:00+00:00, 2026-05-04 00:00:00+00:00)
  BTC_USDT_SWAP: 224 YOLO候选 (short)
  … progress 1/1
{
  "side": "short",
  "weights": "/Users/zhangzc/fable-trading/runs/detect/runs/detect/owner_side_short_tip_v1b/weights/best.pt",
  "series_this_chunk": 1,
  "candidates_so_far": 6081,
  "symbols_so_far": 24,
  "pos_rate": 0.2893,
  "out": "data/judgment_yolo_owner_side_short_100_6m.csv",
  "workers": 1,
  "checkpoint": true,
  "signal_time_lo": "2025-11-04 00:00:00+00:00",
  "signal_time_hi": "2026-05-04 00:00:00+00:00",
  "symbols_filter": [
    "AAVE_USDT_SWAP",
    "ACH_USDT_SWAP",
    "ACT_USDT_SWAP",
    "ADA_USDT_SWAP",
    "AEVO_USDT_SWAP",
    "AIXBT_USDT_SWAP",
    "ANIME_USDT_SWAP",
    "APE_USDT_SWAP",
    "APT_USDT_SWAP",
    "ARB_USDT_SWAP",
    "ATH_USDT_SWAP",
    "ATOM_USDT_SWAP",
    "AVAX_USDT_SWAP",
    "BABY_USDT_SWAP",
    "BCH_USDT_SWAP",
    "BICO_USDT_SWAP",
    "BIGTIME_USDT_SWAP",
    "BIO_USDT_SWAP",
    "BLUR_USDT_SWAP",
    "BNB_USDT_SWAP",
    "BOME_USDT_SWAP",
    "BONK_USDT_SWAP",
    "BRETT_USDT_SWAP",
    "BTC_USDT_SWAP",
    "CFX_USDT_SWAP",
    "CHZ_USDT_SWAP",
    "CORE_USDT_SWAP",
    "CRO_USDT_SWAP",
    "DOGE_USDT_SWAP",
    "DOOD_USDT_SWAP",
    "DOT_USDT_SWAP",
    "DYDX_USDT_SWAP",
    "ENJ_USDT_SWAP",
    "ETC_USDT_SWAP",
    "ETH_USDT_SWAP",
    "FIL_USDT_SWAP",
    "FLOKI_USDT_SWAP",
    "GALA_USDT_SWAP",
    "GMT_USDT_SWAP",
    "GPS_USDT_SWAP",
    "GRT_USDT_SWAP",
    "HBAR_USDT_SWAP",
    "HMSTR_USDT_SWAP",
    "HOME_USDT_SWAP",
    "HUMA_USDT_SWAP",
    "ICP_USDT_SWAP",
    "ICX_USDT_SWAP",
    "INJ_USDT_SWAP",
    "IOST_USDT_SWAP",
    "JELLYJELLY_USDT_SWAP",
    "KMNO_USDT_SWAP",
    "LINK_USDT_SWAP",
    "LRC_USDT_SWAP",
    "LTC_USDT_SWAP",
    "LUNA_USDT_SWAP",
    "MAGIC_USDT_SWAP",
    "MEME_USDT_SWAP",
    "MERL_USDT_SWAP",
    "MEW_USDT_SWAP",
    "MINA_USDT_SWAP",
    "MOODENG_USDT_SWAP",
    "MOVE_USDT_SWAP",
    "MUBARAK_USDT_SWAP",
    "NEAR_USDT_SWAP",
    "NEIRO_USDT_SWAP",
    "NOT_USDT_SWAP",
    "ONE_USDT_SWAP",
    "ONT_USDT_SWAP",
    "OP_USDT_SWAP",
    "PARTI_USDT_SWAP",
    "PENGU_USDT_SWAP",
    "PEOPLE_USDT_SWAP",
    "PEPE_USDT_SWAP",
    "PLUME_USDT_SWAP",
    "PNUT_USDT_SWAP",
    "POL_USDT_SWAP",
    "PYTH_USDT_SWAP",
    "RESOLV_USDT_SWAP",
    "RSR_USDT_SWAP",
    "RVN_USDT_SWAP",
    "SATS_USDT_SWAP",
    "SHIB_USDT_SWAP",
    "SIGN_USDT_SWAP",
    "SOL_USDT_SWAP",
    "SOON_USDT_SWAP",
    "SOPH_USDT_SWAP",
    "STRK_USDT_SWAP",
    "SUI_USDT_SWAP",
    "TIA_USDT_SWAP",
    "TRX_USDT_SWAP",
    "TURBO_USDT_SWAP",
    "UNI_USDT_SWAP",
    "WIF_USDT_SWAP",
    "WOO_USDT_SWAP",
    "W_USDT_SWAP",
    "XLM_USDT_SWAP",
    "XRP_USDT_SWAP",
    "YGG_USDT_SWAP",
    "ZIL_USDT_SWAP",
    "ZK_USDT_SWAP"
  ]
}
[2026-07-24T08:53:29Z] chunk=24 exit=0 done_after=24
[2026-07-24T08:53:29Z] chunk=25 done=24/100
resume: skip 24 done symbols (24 marked); remain 76
swap series to scan: 1  workers=1  side=short  resume=True  signal_window=[2025-11-04 00:00:00+00:00, 2026-05-04 00:00:00+00:00)
  CFX_USDT_SWAP: 256 YOLO候选 (short)
  … progress 1/1
{
  "side": "short",
  "weights": "/Users/zhangzc/fable-trading/runs/detect/runs/detect/owner_side_short_tip_v1b/weights/best.pt",
  "series_this_chunk": 1,
  "candidates_so_far": 6337,
  "symbols_so_far": 25,
  "pos_rate": 0.2891,
  "out": "data/judgment_yolo_owner_side_short_100_6m.csv",
  "workers": 1,
  "checkpoint": true,
  "signal_time_lo": "2025-11-04 00:00:00+00:00",
  "signal_time_hi": "2026-05-04 00:00:00+00:00",
  "symbols_filter": [
    "AAVE_USDT_SWAP",
    "ACH_USDT_SWAP",
    "ACT_USDT_SWAP",
    "ADA_USDT_SWAP",
    "AEVO_USDT_SWAP",
    "AIXBT_USDT_SWAP",
    "ANIME_USDT_SWAP",
    "APE_USDT_SWAP",
    "APT_USDT_SWAP",
    "ARB_USDT_SWAP",
    "ATH_USDT_SWAP",
    "ATOM_USDT_SWAP",
    "AVAX_USDT_SWAP",
    "BABY_USDT_SWAP",
    "BCH_USDT_SWAP",
    "BICO_USDT_SWAP",
    "BIGTIME_USDT_SWAP",
    "BIO_USDT_SWAP",
    "BLUR_USDT_SWAP",
    "BNB_USDT_SWAP",
    "BOME_USDT_SWAP",
    "BONK_USDT_SWAP",
    "BRETT_USDT_SWAP",
    "BTC_USDT_SWAP",
    "CFX_USDT_SWAP",
    "CHZ_USDT_SWAP",
    "CORE_USDT_SWAP",
    "CRO_USDT_SWAP",
    "DOGE_USDT_SWAP",
    "DOOD_USDT_SWAP",
    "DOT_USDT_SWAP",
    "DYDX_USDT_SWAP",
    "ENJ_USDT_SWAP",
    "ETC_USDT_SWAP",
    "ETH_USDT_SWAP",
    "FIL_USDT_SWAP",
    "FLOKI_USDT_SWAP",
    "GALA_USDT_SWAP",
    "GMT_USDT_SWAP",
    "GPS_USDT_SWAP",
    "GRT_USDT_SWAP",
    "HBAR_USDT_SWAP",
    "HMSTR_USDT_SWAP",
    "HOME_USDT_SWAP",
    "HUMA_USDT_SWAP",
    "ICP_USDT_SWAP",
    "ICX_USDT_SWAP",
    "INJ_USDT_SWAP",
    "IOST_USDT_SWAP",
    "JELLYJELLY_USDT_SWAP",
    "KMNO_USDT_SWAP",
    "LINK_USDT_SWAP",
    "LRC_USDT_SWAP",
    "LTC_USDT_SWAP",
    "LUNA_USDT_SWAP",
    "MAGIC_USDT_SWAP",
    "MEME_USDT_SWAP",
    "MERL_USDT_SWAP",
    "MEW_USDT_SWAP",
    "MINA_USDT_SWAP",
    "MOODENG_USDT_SWAP",
    "MOVE_USDT_SWAP",
    "MUBARAK_USDT_SWAP",
    "NEAR_USDT_SWAP",
    "NEIRO_USDT_SWAP",
    "NOT_USDT_SWAP",
    "ONE_USDT_SWAP",
    "ONT_USDT_SWAP",
    "OP_USDT_SWAP",
    "PARTI_USDT_SWAP",
    "PENGU_USDT_SWAP",
    "PEOPLE_USDT_SWAP",
    "PEPE_USDT_SWAP",
    "PLUME_USDT_SWAP",
    "PNUT_USDT_SWAP",
    "POL_USDT_SWAP",
    "PYTH_USDT_SWAP",
    "RESOLV_USDT_SWAP",
    "RSR_USDT_SWAP",
    "RVN_USDT_SWAP",
    "SATS_USDT_SWAP",
    "SHIB_USDT_SWAP",
    "SIGN_USDT_SWAP",
    "SOL_USDT_SWAP",
    "SOON_USDT_SWAP",
    "SOPH_USDT_SWAP",
    "STRK_USDT_SWAP",
    "SUI_USDT_SWAP",
    "TIA_USDT_SWAP",
    "TRX_USDT_SWAP",
    "TURBO_USDT_SWAP",
    "UNI_USDT_SWAP",
    "WIF_USDT_SWAP",
    "WOO_USDT_SWAP",
    "W_USDT_SWAP",
    "XLM_USDT_SWAP",
    "XRP_USDT_SWAP",
    "YGG_USDT_SWAP",
    "ZIL_USDT_SWAP",
    "ZK_USDT_SWAP"
  ]
}
[2026-07-24T08:54:01Z] chunk=25 exit=0 done_after=25
[2026-07-24T08:54:01Z] chunk=26 done=25/100
resume: skip 25 done symbols (25 marked); remain 75
swap series to scan: 1  workers=1  side=short  resume=True  signal_window=[2025-11-04 00:00:00+00:00, 2026-05-04 00:00:00+00:00)
  CHZ_USDT_SWAP: 258 YOLO候选 (short)
  … progress 1/1
{
  "side": "short",
  "weights": "/Users/zhangzc/fable-trading/runs/detect/runs/detect/owner_side_short_tip_v1b/weights/best.pt",
  "series_this_chunk": 1,
  "candidates_so_far": 6595,
  "symbols_so_far": 26,
  "pos_rate": 0.2878,
  "out": "data/judgment_yolo_owner_side_short_100_6m.csv",
  "workers": 1,
  "checkpoint": true,
  "signal_time_lo": "2025-11-04 00:00:00+00:00",
  "signal_time_hi": "2026-05-04 00:00:00+00:00",
  "symbols_filter": [
    "AAVE_USDT_SWAP",
    "ACH_USDT_SWAP",
    "ACT_USDT_SWAP",
    "ADA_USDT_SWAP",
    "AEVO_USDT_SWAP",
    "AIXBT_USDT_SWAP",
    "ANIME_USDT_SWAP",
    "APE_USDT_SWAP",
    "APT_USDT_SWAP",
    "ARB_USDT_SWAP",
    "ATH_USDT_SWAP",
    "ATOM_USDT_SWAP",
    "AVAX_USDT_SWAP",
    "BABY_USDT_SWAP",
    "BCH_USDT_SWAP",
    "BICO_USDT_SWAP",
    "BIGTIME_USDT_SWAP",
    "BIO_USDT_SWAP",
    "BLUR_USDT_SWAP",
    "BNB_USDT_SWAP",
    "BOME_USDT_SWAP",
    "BONK_USDT_SWAP",
    "BRETT_USDT_SWAP",
    "BTC_USDT_SWAP",
    "CFX_USDT_SWAP",
    "CHZ_USDT_SWAP",
    "CORE_USDT_SWAP",
    "CRO_USDT_SWAP",
    "DOGE_USDT_SWAP",
    "DOOD_USDT_SWAP",
    "DOT_USDT_SWAP",
    "DYDX_USDT_SWAP",
    "ENJ_USDT_SWAP",
    "ETC_USDT_SWAP",
    "ETH_USDT_SWAP",
    "FIL_USDT_SWAP",
    "FLOKI_USDT_SWAP",
    "GALA_USDT_SWAP",
    "GMT_USDT_SWAP",
    "GPS_USDT_SWAP",
    "GRT_USDT_SWAP",
    "HBAR_USDT_SWAP",
    "HMSTR_USDT_SWAP",
    "HOME_USDT_SWAP",
    "HUMA_USDT_SWAP",
    "ICP_USDT_SWAP",
    "ICX_USDT_SWAP",
    "INJ_USDT_SWAP",
    "IOST_USDT_SWAP",
    "JELLYJELLY_USDT_SWAP",
    "KMNO_USDT_SWAP",
    "LINK_USDT_SWAP",
    "LRC_USDT_SWAP",
    "LTC_USDT_SWAP",
    "LUNA_USDT_SWAP",
    "MAGIC_USDT_SWAP",
    "MEME_USDT_SWAP",
    "MERL_USDT_SWAP",
    "MEW_USDT_SWAP",
    "MINA_USDT_SWAP",
    "MOODENG_USDT_SWAP",
    "MOVE_USDT_SWAP",
    "MUBARAK_USDT_SWAP",
    "NEAR_USDT_SWAP",
    "NEIRO_USDT_SWAP",
    "NOT_USDT_SWAP",
    "ONE_USDT_SWAP",
    "ONT_USDT_SWAP",
    "OP_USDT_SWAP",
    "PARTI_USDT_SWAP",
    "PENGU_USDT_SWAP",
    "PEOPLE_USDT_SWAP",
    "PEPE_USDT_SWAP",
    "PLUME_USDT_SWAP",
    "PNUT_USDT_SWAP",
    "POL_USDT_SWAP",
    "PYTH_USDT_SWAP",
    "RESOLV_USDT_SWAP",
    "RSR_USDT_SWAP",
    "RVN_USDT_SWAP",
    "SATS_USDT_SWAP",
    "SHIB_USDT_SWAP",
    "SIGN_USDT_SWAP",
    "SOL_USDT_SWAP",
    "SOON_USDT_SWAP",
    "SOPH_USDT_SWAP",
    "STRK_USDT_SWAP",
    "SUI_USDT_SWAP",
    "TIA_USDT_SWAP",
    "TRX_USDT_SWAP",
    "TURBO_USDT_SWAP",
    "UNI_USDT_SWAP",
    "WIF_USDT_SWAP",
    "WOO_USDT_SWAP",
    "W_USDT_SWAP",
    "XLM_USDT_SWAP",
    "XRP_USDT_SWAP",
    "YGG_USDT_SWAP",
    "ZIL_USDT_SWAP",
    "ZK_USDT_SWAP"
  ]
}
[2026-07-24T08:54:34Z] chunk=26 exit=0 done_after=26
[2026-07-24T08:54:34Z] chunk=27 done=26/100
resume: skip 26 done symbols (26 marked); remain 74
swap series to scan: 1  workers=1  side=short  resume=True  signal_window=[2025-11-04 00:00:00+00:00, 2026-05-04 00:00:00+00:00)
  CORE_USDT_SWAP: 275 YOLO候选 (short)
  … progress 1/1
{
  "side": "short",
  "weights": "/Users/zhangzc/fable-trading/runs/detect/runs/detect/owner_side_short_tip_v1b/weights/best.pt",
  "series_this_chunk": 1,
  "candidates_so_far": 6870,
  "symbols_so_far": 27,
  "pos_rate": 0.2886,
  "out": "data/judgment_yolo_owner_side_short_100_6m.csv",
  "workers": 1,
  "checkpoint": true,
  "signal_time_lo": "2025-11-04 00:00:00+00:00",
  "signal_time_hi": "2026-05-04 00:00:00+00:00",
  "symbols_filter": [
    "AAVE_USDT_SWAP",
    "ACH_USDT_SWAP",
    "ACT_USDT_SWAP",
    "ADA_USDT_SWAP",
    "AEVO_USDT_SWAP",
    "AIXBT_USDT_SWAP",
    "ANIME_USDT_SWAP",
    "APE_USDT_SWAP",
    "APT_USDT_SWAP",
    "ARB_USDT_SWAP",
    "ATH_USDT_SWAP",
    "ATOM_USDT_SWAP",
    "AVAX_USDT_SWAP",
    "BABY_USDT_SWAP",
    "BCH_USDT_SWAP",
    "BICO_USDT_SWAP",
    "BIGTIME_USDT_SWAP",
    "BIO_USDT_SWAP",
    "BLUR_USDT_SWAP",
    "BNB_USDT_SWAP",
    "BOME_USDT_SWAP",
    "BONK_USDT_SWAP",
    "BRETT_USDT_SWAP",
    "BTC_USDT_SWAP",
    "CFX_USDT_SWAP",
    "CHZ_USDT_SWAP",
    "CORE_USDT_SWAP",
    "CRO_USDT_SWAP",
    "DOGE_USDT_SWAP",
    "DOOD_USDT_SWAP",
    "DOT_USDT_SWAP",
    "DYDX_USDT_SWAP",
    "ENJ_USDT_SWAP",
    "ETC_USDT_SWAP",
    "ETH_USDT_SWAP",
    "FIL_USDT_SWAP",
    "FLOKI_USDT_SWAP",
    "GALA_USDT_SWAP",
    "GMT_USDT_SWAP",
    "GPS_USDT_SWAP",
    "GRT_USDT_SWAP",
    "HBAR_USDT_SWAP",
    "HMSTR_USDT_SWAP",
    "HOME_USDT_SWAP",
    "HUMA_USDT_SWAP",
    "ICP_USDT_SWAP",
    "ICX_USDT_SWAP",
    "INJ_USDT_SWAP",
    "IOST_USDT_SWAP",
    "JELLYJELLY_USDT_SWAP",
    "KMNO_USDT_SWAP",
    "LINK_USDT_SWAP",
    "LRC_USDT_SWAP",
    "LTC_USDT_SWAP",
    "LUNA_USDT_SWAP",
    "MAGIC_USDT_SWAP",
    "MEME_USDT_SWAP",
    "MERL_USDT_SWAP",
    "MEW_USDT_SWAP",
    "MINA_USDT_SWAP",
    "MOODENG_USDT_SWAP",
    "MOVE_USDT_SWAP",
    "MUBARAK_USDT_SWAP",
    "NEAR_USDT_SWAP",
    "NEIRO_USDT_SWAP",
    "NOT_USDT_SWAP",
    "ONE_USDT_SWAP",
    "ONT_USDT_SWAP",
    "OP_USDT_SWAP",
    "PARTI_USDT_SWAP",
    "PENGU_USDT_SWAP",
    "PEOPLE_USDT_SWAP",
    "PEPE_USDT_SWAP",
    "PLUME_USDT_SWAP",
    "PNUT_USDT_SWAP",
    "POL_USDT_SWAP",
    "PYTH_USDT_SWAP",
    "RESOLV_USDT_SWAP",
    "RSR_USDT_SWAP",
    "RVN_USDT_SWAP",
    "SATS_USDT_SWAP",
    "SHIB_USDT_SWAP",
    "SIGN_USDT_SWAP",
    "SOL_USDT_SWAP",
    "SOON_USDT_SWAP",
    "SOPH_USDT_SWAP",
    "STRK_USDT_SWAP",
    "SUI_USDT_SWAP",
    "TIA_USDT_SWAP",
    "TRX_USDT_SWAP",
    "TURBO_USDT_SWAP",
    "UNI_USDT_SWAP",
    "WIF_USDT_SWAP",
    "WOO_USDT_SWAP",
    "W_USDT_SWAP",
    "XLM_USDT_SWAP",
    "XRP_USDT_SWAP",
    "YGG_USDT_SWAP",
    "ZIL_USDT_SWAP",
    "ZK_USDT_SWAP"
  ]
}
[2026-07-24T08:55:06Z] chunk=27 exit=0 done_after=27
[2026-07-24T08:55:06Z] chunk=28 done=27/100
resume: skip 27 done symbols (27 marked); remain 73
swap series to scan: 1  workers=1  side=short  resume=True  signal_window=[2025-11-04 00:00:00+00:00, 2026-05-04 00:00:00+00:00)
  CRO_USDT_SWAP: 260 YOLO候选 (short)
  … progress 1/1
{
  "side": "short",
  "weights": "/Users/zhangzc/fable-trading/runs/detect/runs/detect/owner_side_short_tip_v1b/weights/best.pt",
  "series_this_chunk": 1,
  "candidates_so_far": 7130,
  "symbols_so_far": 28,
  "pos_rate": 0.2891,
  "out": "data/judgment_yolo_owner_side_short_100_6m.csv",
  "workers": 1,
  "checkpoint": true,
  "signal_time_lo": "2025-11-04 00:00:00+00:00",
  "signal_time_hi": "2026-05-04 00:00:00+00:00",
  "symbols_filter": [
    "AAVE_USDT_SWAP",
    "ACH_USDT_SWAP",
    "ACT_USDT_SWAP",
    "ADA_USDT_SWAP",
    "AEVO_USDT_SWAP",
    "AIXBT_USDT_SWAP",
    "ANIME_USDT_SWAP",
    "APE_USDT_SWAP",
    "APT_USDT_SWAP",
    "ARB_USDT_SWAP",
    "ATH_USDT_SWAP",
    "ATOM_USDT_SWAP",
    "AVAX_USDT_SWAP",
    "BABY_USDT_SWAP",
    "BCH_USDT_SWAP",
    "BICO_USDT_SWAP",
    "BIGTIME_USDT_SWAP",
    "BIO_USDT_SWAP",
    "BLUR_USDT_SWAP",
    "BNB_USDT_SWAP",
    "BOME_USDT_SWAP",
    "BONK_USDT_SWAP",
    "BRETT_USDT_SWAP",
    "BTC_USDT_SWAP",
    "CFX_USDT_SWAP",
    "CHZ_USDT_SWAP",
    "CORE_USDT_SWAP",
    "CRO_USDT_SWAP",
    "DOGE_USDT_SWAP",
    "DOOD_USDT_SWAP",
    "DOT_USDT_SWAP",
    "DYDX_USDT_SWAP",
    "ENJ_USDT_SWAP",
    "ETC_USDT_SWAP",
    "ETH_USDT_SWAP",
    "FIL_USDT_SWAP",
    "FLOKI_USDT_SWAP",
    "GALA_USDT_SWAP",
    "GMT_USDT_SWAP",
    "GPS_USDT_SWAP",
    "GRT_USDT_SWAP",
    "HBAR_USDT_SWAP",
    "HMSTR_USDT_SWAP",
    "HOME_USDT_SWAP",
    "HUMA_USDT_SWAP",
    "ICP_USDT_SWAP",
    "ICX_USDT_SWAP",
    "INJ_USDT_SWAP",
    "IOST_USDT_SWAP",
    "JELLYJELLY_USDT_SWAP",
    "KMNO_USDT_SWAP",
    "LINK_USDT_SWAP",
    "LRC_USDT_SWAP",
    "LTC_USDT_SWAP",
    "LUNA_USDT_SWAP",
    "MAGIC_USDT_SWAP",
    "MEME_USDT_SWAP",
    "MERL_USDT_SWAP",
    "MEW_USDT_SWAP",
    "MINA_USDT_SWAP",
    "MOODENG_USDT_SWAP",
    "MOVE_USDT_SWAP",
    "MUBARAK_USDT_SWAP",
    "NEAR_USDT_SWAP",
    "NEIRO_USDT_SWAP",
    "NOT_USDT_SWAP",
    "ONE_USDT_SWAP",
    "ONT_USDT_SWAP",
    "OP_USDT_SWAP",
    "PARTI_USDT_SWAP",
    "PENGU_USDT_SWAP",
    "PEOPLE_USDT_SWAP",
    "PEPE_USDT_SWAP",
    "PLUME_USDT_SWAP",
    "PNUT_USDT_SWAP",
    "POL_USDT_SWAP",
    "PYTH_USDT_SWAP",
    "RESOLV_USDT_SWAP",
    "RSR_USDT_SWAP",
    "RVN_USDT_SWAP",
    "SATS_USDT_SWAP",
    "SHIB_USDT_SWAP",
    "SIGN_USDT_SWAP",
    "SOL_USDT_SWAP",
    "SOON_USDT_SWAP",
    "SOPH_USDT_SWAP",
    "STRK_USDT_SWAP",
    "SUI_USDT_SWAP",
    "TIA_USDT_SWAP",
    "TRX_USDT_SWAP",
    "TURBO_USDT_SWAP",
    "UNI_USDT_SWAP",
    "WIF_USDT_SWAP",
    "WOO_USDT_SWAP",
    "W_USDT_SWAP",
    "XLM_USDT_SWAP",
    "XRP_USDT_SWAP",
    "YGG_USDT_SWAP",
    "ZIL_USDT_SWAP",
    "ZK_USDT_SWAP"
  ]
}
[2026-07-24T08:55:39Z] chunk=28 exit=0 done_after=28
[2026-07-24T08:55:39Z] chunk=29 done=28/100
resume: skip 28 done symbols (28 marked); remain 72
swap series to scan: 1  workers=1  side=short  resume=True  signal_window=[2025-11-04 00:00:00+00:00, 2026-05-04 00:00:00+00:00)
  DOGE_USDT_SWAP: 259 YOLO候选 (short)
  … progress 1/1
{
  "side": "short",
  "weights": "/Users/zhangzc/fable-trading/runs/detect/runs/detect/owner_side_short_tip_v1b/weights/best.pt",
  "series_this_chunk": 1,
  "candidates_so_far": 7389,
  "symbols_so_far": 29,
  "pos_rate": 0.2898,
  "out": "data/judgment_yolo_owner_side_short_100_6m.csv",
  "workers": 1,
  "checkpoint": true,
  "signal_time_lo": "2025-11-04 00:00:00+00:00",
  "signal_time_hi": "2026-05-04 00:00:00+00:00",
  "symbols_filter": [
    "AAVE_USDT_SWAP",
    "ACH_USDT_SWAP",
    "ACT_USDT_SWAP",
    "ADA_USDT_SWAP",
    "AEVO_USDT_SWAP",
    "AIXBT_USDT_SWAP",
    "ANIME_USDT_SWAP",
    "APE_USDT_SWAP",
    "APT_USDT_SWAP",
    "ARB_USDT_SWAP",
    "ATH_USDT_SWAP",
    "ATOM_USDT_SWAP",
    "AVAX_USDT_SWAP",
    "BABY_USDT_SWAP",
    "BCH_USDT_SWAP",
    "BICO_USDT_SWAP",
    "BIGTIME_USDT_SWAP",
    "BIO_USDT_SWAP",
    "BLUR_USDT_SWAP",
    "BNB_USDT_SWAP",
    "BOME_USDT_SWAP",
    "BONK_USDT_SWAP",
    "BRETT_USDT_SWAP",
    "BTC_USDT_SWAP",
    "CFX_USDT_SWAP",
    "CHZ_USDT_SWAP",
    "CORE_USDT_SWAP",
    "CRO_USDT_SWAP",
    "DOGE_USDT_SWAP",
    "DOOD_USDT_SWAP",
    "DOT_USDT_SWAP",
    "DYDX_USDT_SWAP",
    "ENJ_USDT_SWAP",
    "ETC_USDT_SWAP",
    "ETH_USDT_SWAP",
    "FIL_USDT_SWAP",
    "FLOKI_USDT_SWAP",
    "GALA_USDT_SWAP",
    "GMT_USDT_SWAP",
    "GPS_USDT_SWAP",
    "GRT_USDT_SWAP",
    "HBAR_USDT_SWAP",
    "HMSTR_USDT_SWAP",
    "HOME_USDT_SWAP",
    "HUMA_USDT_SWAP",
    "ICP_USDT_SWAP",
    "ICX_USDT_SWAP",
    "INJ_USDT_SWAP",
    "IOST_USDT_SWAP",
    "JELLYJELLY_USDT_SWAP",
    "KMNO_USDT_SWAP",
    "LINK_USDT_SWAP",
    "LRC_USDT_SWAP",
    "LTC_USDT_SWAP",
    "LUNA_USDT_SWAP",
    "MAGIC_USDT_SWAP",
    "MEME_USDT_SWAP",
    "MERL_USDT_SWAP",
    "MEW_USDT_SWAP",
    "MINA_USDT_SWAP",
    "MOODENG_USDT_SWAP",
    "MOVE_USDT_SWAP",
    "MUBARAK_USDT_SWAP",
    "NEAR_USDT_SWAP",
    "NEIRO_USDT_SWAP",
    "NOT_USDT_SWAP",
    "ONE_USDT_SWAP",
    "ONT_USDT_SWAP",
    "OP_USDT_SWAP",
    "PARTI_USDT_SWAP",
    "PENGU_USDT_SWAP",
    "PEOPLE_USDT_SWAP",
    "PEPE_USDT_SWAP",
    "PLUME_USDT_SWAP",
    "PNUT_USDT_SWAP",
    "POL_USDT_SWAP",
    "PYTH_USDT_SWAP",
    "RESOLV_USDT_SWAP",
    "RSR_USDT_SWAP",
    "RVN_USDT_SWAP",
    "SATS_USDT_SWAP",
    "SHIB_USDT_SWAP",
    "SIGN_USDT_SWAP",
    "SOL_USDT_SWAP",
    "SOON_USDT_SWAP",
    "SOPH_USDT_SWAP",
    "STRK_USDT_SWAP",
    "SUI_USDT_SWAP",
    "TIA_USDT_SWAP",
    "TRX_USDT_SWAP",
    "TURBO_USDT_SWAP",
    "UNI_USDT_SWAP",
    "WIF_USDT_SWAP",
    "WOO_USDT_SWAP",
    "W_USDT_SWAP",
    "XLM_USDT_SWAP",
    "XRP_USDT_SWAP",
    "YGG_USDT_SWAP",
    "ZIL_USDT_SWAP",
    "ZK_USDT_SWAP"
  ]
}
[2026-07-24T08:56:11Z] chunk=29 exit=0 done_after=29
[2026-07-24T08:56:11Z] chunk=30 done=29/100
resume: skip 29 done symbols (29 marked); remain 71
swap series to scan: 1  workers=1  side=short  resume=True  signal_window=[2025-11-04 00:00:00+00:00, 2026-05-04 00:00:00+00:00)
  DOOD_USDT_SWAP: 257 YOLO候选 (short)
  … progress 1/1
{
  "side": "short",
  "weights": "/Users/zhangzc/fable-trading/runs/detect/runs/detect/owner_side_short_tip_v1b/weights/best.pt",
  "series_this_chunk": 1,
  "candidates_so_far": 7646,
  "symbols_so_far": 30,
  "pos_rate": 0.2896,
  "out": "data/judgment_yolo_owner_side_short_100_6m.csv",
  "workers": 1,
  "checkpoint": true,
  "signal_time_lo": "2025-11-04 00:00:00+00:00",
  "signal_time_hi": "2026-05-04 00:00:00+00:00",
  "symbols_filter": [
    "AAVE_USDT_SWAP",
    "ACH_USDT_SWAP",
    "ACT_USDT_SWAP",
    "ADA_USDT_SWAP",
    "AEVO_USDT_SWAP",
    "AIXBT_USDT_SWAP",
    "ANIME_USDT_SWAP",
    "APE_USDT_SWAP",
    "APT_USDT_SWAP",
    "ARB_USDT_SWAP",
    "ATH_USDT_SWAP",
    "ATOM_USDT_SWAP",
    "AVAX_USDT_SWAP",
    "BABY_USDT_SWAP",
    "BCH_USDT_SWAP",
    "BICO_USDT_SWAP",
    "BIGTIME_USDT_SWAP",
    "BIO_USDT_SWAP",
    "BLUR_USDT_SWAP",
    "BNB_USDT_SWAP",
    "BOME_USDT_SWAP",
    "BONK_USDT_SWAP",
    "BRETT_USDT_SWAP",
    "BTC_USDT_SWAP",
    "CFX_USDT_SWAP",
    "CHZ_USDT_SWAP",
    "CORE_USDT_SWAP",
    "CRO_USDT_SWAP",
    "DOGE_USDT_SWAP",
    "DOOD_USDT_SWAP",
    "DOT_USDT_SWAP",
    "DYDX_USDT_SWAP",
    "ENJ_USDT_SWAP",
    "ETC_USDT_SWAP",
    "ETH_USDT_SWAP",
    "FIL_USDT_SWAP",
    "FLOKI_USDT_SWAP",
    "GALA_USDT_SWAP",
    "GMT_USDT_SWAP",
    "GPS_USDT_SWAP",
    "GRT_USDT_SWAP",
    "HBAR_USDT_SWAP",
    "HMSTR_USDT_SWAP",
    "HOME_USDT_SWAP",
    "HUMA_USDT_SWAP",
    "ICP_USDT_SWAP",
    "ICX_USDT_SWAP",
    "INJ_USDT_SWAP",
    "IOST_USDT_SWAP",
    "JELLYJELLY_USDT_SWAP",
    "KMNO_USDT_SWAP",
    "LINK_USDT_SWAP",
    "LRC_USDT_SWAP",
    "LTC_USDT_SWAP",
    "LUNA_USDT_SWAP",
    "MAGIC_USDT_SWAP",
    "MEME_USDT_SWAP",
    "MERL_USDT_SWAP",
    "MEW_USDT_SWAP",
    "MINA_USDT_SWAP",
    "MOODENG_USDT_SWAP",
    "MOVE_USDT_SWAP",
    "MUBARAK_USDT_SWAP",
    "NEAR_USDT_SWAP",
    "NEIRO_USDT_SWAP",
    "NOT_USDT_SWAP",
    "ONE_USDT_SWAP",
    "ONT_USDT_SWAP",
    "OP_USDT_SWAP",
    "PARTI_USDT_SWAP",
    "PENGU_USDT_SWAP",
    "PEOPLE_USDT_SWAP",
    "PEPE_USDT_SWAP",
    "PLUME_USDT_SWAP",
    "PNUT_USDT_SWAP",
    "POL_USDT_SWAP",
    "PYTH_USDT_SWAP",
    "RESOLV_USDT_SWAP",
    "RSR_USDT_SWAP",
    "RVN_USDT_SWAP",
    "SATS_USDT_SWAP",
    "SHIB_USDT_SWAP",
    "SIGN_USDT_SWAP",
    "SOL_USDT_SWAP",
    "SOON_USDT_SWAP",
    "SOPH_USDT_SWAP",
    "STRK_USDT_SWAP",
    "SUI_USDT_SWAP",
    "TIA_USDT_SWAP",
    "TRX_USDT_SWAP",
    "TURBO_USDT_SWAP",
    "UNI_USDT_SWAP",
    "WIF_USDT_SWAP",
    "WOO_USDT_SWAP",
    "W_USDT_SWAP",
    "XLM_USDT_SWAP",
    "XRP_USDT_SWAP",
    "YGG_USDT_SWAP",
    "ZIL_USDT_SWAP",
    "ZK_USDT_SWAP"
  ]
}
[2026-07-24T08:56:45Z] chunk=30 exit=0 done_after=30
[2026-07-24T08:56:45Z] chunk=31 done=30/100
resume: skip 30 done symbols (30 marked); remain 70
swap series to scan: 1  workers=1  side=short  resume=True  signal_window=[2025-11-04 00:00:00+00:00, 2026-05-04 00:00:00+00:00)
  DOT_USDT_SWAP: 273 YOLO候选 (short)
  … progress 1/1
{
  "side": "short",
  "weights": "/Users/zhangzc/fable-trading/runs/detect/runs/detect/owner_side_short_tip_v1b/weights/best.pt",
  "series_this_chunk": 1,
  "candidates_so_far": 7919,
  "symbols_so_far": 31,
  "pos_rate": 0.2898,
  "out": "data/judgment_yolo_owner_side_short_100_6m.csv",
  "workers": 1,
  "checkpoint": true,
  "signal_time_lo": "2025-11-04 00:00:00+00:00",
  "signal_time_hi": "2026-05-04 00:00:00+00:00",
  "symbols_filter": [
    "AAVE_USDT_SWAP",
    "ACH_USDT_SWAP",
    "ACT_USDT_SWAP",
    "ADA_USDT_SWAP",
    "AEVO_USDT_SWAP",
    "AIXBT_USDT_SWAP",
    "ANIME_USDT_SWAP",
    "APE_USDT_SWAP",
    "APT_USDT_SWAP",
    "ARB_USDT_SWAP",
    "ATH_USDT_SWAP",
    "ATOM_USDT_SWAP",
    "AVAX_USDT_SWAP",
    "BABY_USDT_SWAP",
    "BCH_USDT_SWAP",
    "BICO_USDT_SWAP",
    "BIGTIME_USDT_SWAP",
    "BIO_USDT_SWAP",
    "BLUR_USDT_SWAP",
    "BNB_USDT_SWAP",
    "BOME_USDT_SWAP",
    "BONK_USDT_SWAP",
    "BRETT_USDT_SWAP",
    "BTC_USDT_SWAP",
    "CFX_USDT_SWAP",
    "CHZ_USDT_SWAP",
    "CORE_USDT_SWAP",
    "CRO_USDT_SWAP",
    "DOGE_USDT_SWAP",
    "DOOD_USDT_SWAP",
    "DOT_USDT_SWAP",
    "DYDX_USDT_SWAP",
    "ENJ_USDT_SWAP",
    "ETC_USDT_SWAP",
    "ETH_USDT_SWAP",
    "FIL_USDT_SWAP",
    "FLOKI_USDT_SWAP",
    "GALA_USDT_SWAP",
    "GMT_USDT_SWAP",
    "GPS_USDT_SWAP",
    "GRT_USDT_SWAP",
    "HBAR_USDT_SWAP",
    "HMSTR_USDT_SWAP",
    "HOME_USDT_SWAP",
    "HUMA_USDT_SWAP",
    "ICP_USDT_SWAP",
    "ICX_USDT_SWAP",
    "INJ_USDT_SWAP",
    "IOST_USDT_SWAP",
    "JELLYJELLY_USDT_SWAP",
    "KMNO_USDT_SWAP",
    "LINK_USDT_SWAP",
    "LRC_USDT_SWAP",
    "LTC_USDT_SWAP",
    "LUNA_USDT_SWAP",
    "MAGIC_USDT_SWAP",
    "MEME_USDT_SWAP",
    "MERL_USDT_SWAP",
    "MEW_USDT_SWAP",
    "MINA_USDT_SWAP",
    "MOODENG_USDT_SWAP",
    "MOVE_USDT_SWAP",
    "MUBARAK_USDT_SWAP",
    "NEAR_USDT_SWAP",
    "NEIRO_USDT_SWAP",
    "NOT_USDT_SWAP",
    "ONE_USDT_SWAP",
    "ONT_USDT_SWAP",
    "OP_USDT_SWAP",
    "PARTI_USDT_SWAP",
    "PENGU_USDT_SWAP",
    "PEOPLE_USDT_SWAP",
    "PEPE_USDT_SWAP",
    "PLUME_USDT_SWAP",
    "PNUT_USDT_SWAP",
    "POL_USDT_SWAP",
    "PYTH_USDT_SWAP",
    "RESOLV_USDT_SWAP",
    "RSR_USDT_SWAP",
    "RVN_USDT_SWAP",
    "SATS_USDT_SWAP",
    "SHIB_USDT_SWAP",
    "SIGN_USDT_SWAP",
    "SOL_USDT_SWAP",
    "SOON_USDT_SWAP",
    "SOPH_USDT_SWAP",
    "STRK_USDT_SWAP",
    "SUI_USDT_SWAP",
    "TIA_USDT_SWAP",
    "TRX_USDT_SWAP",
    "TURBO_USDT_SWAP",
    "UNI_USDT_SWAP",
    "WIF_USDT_SWAP",
    "WOO_USDT_SWAP",
    "W_USDT_SWAP",
    "XLM_USDT_SWAP",
    "XRP_USDT_SWAP",
    "YGG_USDT_SWAP",
    "ZIL_USDT_SWAP",
    "ZK_USDT_SWAP"
  ]
}
[2026-07-24T08:57:19Z] chunk=31 exit=0 done_after=31
[2026-07-24T08:57:19Z] chunk=32 done=31/100
resume: skip 31 done symbols (31 marked); remain 69
swap series to scan: 1  workers=1  side=short  resume=True  signal_window=[2025-11-04 00:00:00+00:00, 2026-05-04 00:00:00+00:00)
  DYDX_USDT_SWAP: 265 YOLO候选 (short)
  … progress 1/1
{
  "side": "short",
  "weights": "/Users/zhangzc/fable-trading/runs/detect/runs/detect/owner_side_short_tip_v1b/weights/best.pt",
  "series_this_chunk": 1,
  "candidates_so_far": 8184,
  "symbols_so_far": 32,
  "pos_rate": 0.2911,
  "out": "data/judgment_yolo_owner_side_short_100_6m.csv",
  "workers": 1,
  "checkpoint": true,
  "signal_time_lo": "2025-11-04 00:00:00+00:00",
  "signal_time_hi": "2026-05-04 00:00:00+00:00",
  "symbols_filter": [
    "AAVE_USDT_SWAP",
    "ACH_USDT_SWAP",
    "ACT_USDT_SWAP",
    "ADA_USDT_SWAP",
    "AEVO_USDT_SWAP",
    "AIXBT_USDT_SWAP",
    "ANIME_USDT_SWAP",
    "APE_USDT_SWAP",
    "APT_USDT_SWAP",
    "ARB_USDT_SWAP",
    "ATH_USDT_SWAP",
    "ATOM_USDT_SWAP",
    "AVAX_USDT_SWAP",
    "BABY_USDT_SWAP",
    "BCH_USDT_SWAP",
    "BICO_USDT_SWAP",
    "BIGTIME_USDT_SWAP",
    "BIO_USDT_SWAP",
    "BLUR_USDT_SWAP",
    "BNB_USDT_SWAP",
    "BOME_USDT_SWAP",
    "BONK_USDT_SWAP",
    "BRETT_USDT_SWAP",
    "BTC_USDT_SWAP",
    "CFX_USDT_SWAP",
    "CHZ_USDT_SWAP",
    "CORE_USDT_SWAP",
    "CRO_USDT_SWAP",
    "DOGE_USDT_SWAP",
    "DOOD_USDT_SWAP",
    "DOT_USDT_SWAP",
    "DYDX_USDT_SWAP",
    "ENJ_USDT_SWAP",
    "ETC_USDT_SWAP",
    "ETH_USDT_SWAP",
    "FIL_USDT_SWAP",
    "FLOKI_USDT_SWAP",
    "GALA_USDT_SWAP",
    "GMT_USDT_SWAP",
    "GPS_USDT_SWAP",
    "GRT_USDT_SWAP",
    "HBAR_USDT_SWAP",
    "HMSTR_USDT_SWAP",
    "HOME_USDT_SWAP",
    "HUMA_USDT_SWAP",
    "ICP_USDT_SWAP",
    "ICX_USDT_SWAP",
    "INJ_USDT_SWAP",
    "IOST_USDT_SWAP",
    "JELLYJELLY_USDT_SWAP",
    "KMNO_USDT_SWAP",
    "LINK_USDT_SWAP",
    "LRC_USDT_SWAP",
    "LTC_USDT_SWAP",
    "LUNA_USDT_SWAP",
    "MAGIC_USDT_SWAP",
    "MEME_USDT_SWAP",
    "MERL_USDT_SWAP",
    "MEW_USDT_SWAP",
    "MINA_USDT_SWAP",
    "MOODENG_USDT_SWAP",
    "MOVE_USDT_SWAP",
    "MUBARAK_USDT_SWAP",
    "NEAR_USDT_SWAP",
    "NEIRO_USDT_SWAP",
    "NOT_USDT_SWAP",
    "ONE_USDT_SWAP",
    "ONT_USDT_SWAP",
    "OP_USDT_SWAP",
    "PARTI_USDT_SWAP",
    "PENGU_USDT_SWAP",
    "PEOPLE_USDT_SWAP",
    "PEPE_USDT_SWAP",
    "PLUME_USDT_SWAP",
    "PNUT_USDT_SWAP",
    "POL_USDT_SWAP",
    "PYTH_USDT_SWAP",
    "RESOLV_USDT_SWAP",
    "RSR_USDT_SWAP",
    "RVN_USDT_SWAP",
    "SATS_USDT_SWAP",
    "SHIB_USDT_SWAP",
    "SIGN_USDT_SWAP",
    "SOL_USDT_SWAP",
    "SOON_USDT_SWAP",
    "SOPH_USDT_SWAP",
    "STRK_USDT_SWAP",
    "SUI_USDT_SWAP",
    "TIA_USDT_SWAP",
    "TRX_USDT_SWAP",
    "TURBO_USDT_SWAP",
    "UNI_USDT_SWAP",
    "WIF_USDT_SWAP",
    "WOO_USDT_SWAP",
    "W_USDT_SWAP",
    "XLM_USDT_SWAP",
    "XRP_USDT_SWAP",
    "YGG_USDT_SWAP",
    "ZIL_USDT_SWAP",
    "ZK_USDT_SWAP"
  ]
}
[2026-07-24T08:57:59Z] chunk=32 exit=0 done_after=32
[2026-07-24T08:57:59Z] chunk=33 done=32/100
resume: skip 32 done symbols (32 marked); remain 68
swap series to scan: 1  workers=1  side=short  resume=True  signal_window=[2025-11-04 00:00:00+00:00, 2026-05-04 00:00:00+00:00)
  ENJ_USDT_SWAP: 264 YOLO候选 (short)
  … progress 1/1
{
  "side": "short",
  "weights": "/Users/zhangzc/fable-trading/runs/detect/runs/detect/owner_side_short_tip_v1b/weights/best.pt",
  "series_this_chunk": 1,
  "candidates_so_far": 8448,
  "symbols_so_far": 33,
  "pos_rate": 0.2914,
  "out": "data/judgment_yolo_owner_side_short_100_6m.csv",
  "workers": 1,
  "checkpoint": true,
  "signal_time_lo": "2025-11-04 00:00:00+00:00",
  "signal_time_hi": "2026-05-04 00:00:00+00:00",
  "symbols_filter": [
    "AAVE_USDT_SWAP",
    "ACH_USDT_SWAP",
    "ACT_USDT_SWAP",
    "ADA_USDT_SWAP",
    "AEVO_USDT_SWAP",
    "AIXBT_USDT_SWAP",
    "ANIME_USDT_SWAP",
    "APE_USDT_SWAP",
    "APT_USDT_SWAP",
    "ARB_USDT_SWAP",
    "ATH_USDT_SWAP",
    "ATOM_USDT_SWAP",
    "AVAX_USDT_SWAP",
    "BABY_USDT_SWAP",
    "BCH_USDT_SWAP",
    "BICO_USDT_SWAP",
    "BIGTIME_USDT_SWAP",
    "BIO_USDT_SWAP",
    "BLUR_USDT_SWAP",
    "BNB_USDT_SWAP",
    "BOME_USDT_SWAP",
    "BONK_USDT_SWAP",
    "BRETT_USDT_SWAP",
    "BTC_USDT_SWAP",
    "CFX_USDT_SWAP",
    "CHZ_USDT_SWAP",
    "CORE_USDT_SWAP",
    "CRO_USDT_SWAP",
    "DOGE_USDT_SWAP",
    "DOOD_USDT_SWAP",
    "DOT_USDT_SWAP",
    "DYDX_USDT_SWAP",
    "ENJ_USDT_SWAP",
    "ETC_USDT_SWAP",
    "ETH_USDT_SWAP",
    "FIL_USDT_SWAP",
    "FLOKI_USDT_SWAP",
    "GALA_USDT_SWAP",
    "GMT_USDT_SWAP",
    "GPS_USDT_SWAP",
    "GRT_USDT_SWAP",
    "HBAR_USDT_SWAP",
    "HMSTR_USDT_SWAP",
    "HOME_USDT_SWAP",
    "HUMA_USDT_SWAP",
    "ICP_USDT_SWAP",
    "ICX_USDT_SWAP",
    "INJ_USDT_SWAP",
    "IOST_USDT_SWAP",
    "JELLYJELLY_USDT_SWAP",
    "KMNO_USDT_SWAP",
    "LINK_USDT_SWAP",
    "LRC_USDT_SWAP",
    "LTC_USDT_SWAP",
    "LUNA_USDT_SWAP",
    "MAGIC_USDT_SWAP",
    "MEME_USDT_SWAP",
    "MERL_USDT_SWAP",
    "MEW_USDT_SWAP",
    "MINA_USDT_SWAP",
    "MOODENG_USDT_SWAP",
    "MOVE_USDT_SWAP",
    "MUBARAK_USDT_SWAP",
    "NEAR_USDT_SWAP",
    "NEIRO_USDT_SWAP",
    "NOT_USDT_SWAP",
    "ONE_USDT_SWAP",
    "ONT_USDT_SWAP",
    "OP_USDT_SWAP",
    "PARTI_USDT_SWAP",
    "PENGU_USDT_SWAP",
    "PEOPLE_USDT_SWAP",
    "PEPE_USDT_SWAP",
    "PLUME_USDT_SWAP",
    "PNUT_USDT_SWAP",
    "POL_USDT_SWAP",
    "PYTH_USDT_SWAP",
    "RESOLV_USDT_SWAP",
    "RSR_USDT_SWAP",
    "RVN_USDT_SWAP",
    "SATS_USDT_SWAP",
    "SHIB_USDT_SWAP",
    "SIGN_USDT_SWAP",
    "SOL_USDT_SWAP",
    "SOON_USDT_SWAP",
    "SOPH_USDT_SWAP",
    "STRK_USDT_SWAP",
    "SUI_USDT_SWAP",
    "TIA_USDT_SWAP",
    "TRX_USDT_SWAP",
    "TURBO_USDT_SWAP",
    "UNI_USDT_SWAP",
    "WIF_USDT_SWAP",
    "WOO_USDT_SWAP",
    "W_USDT_SWAP",
    "XLM_USDT_SWAP",
    "XRP_USDT_SWAP",
    "YGG_USDT_SWAP",
    "ZIL_USDT_SWAP",
    "ZK_USDT_SWAP"
  ]
}
[2026-07-24T08:58:34Z] chunk=33 exit=0 done_after=33
[2026-07-24T08:58:34Z] chunk=34 done=33/100
resume: skip 33 done symbols (33 marked); remain 67
swap series to scan: 1  workers=1  side=short  resume=True  signal_window=[2025-11-04 00:00:00+00:00, 2026-05-04 00:00:00+00:00)
  ETC_USDT_SWAP: 267 YOLO候选 (short)
  … progress 1/1
{
  "side": "short",
  "weights": "/Users/zhangzc/fable-trading/runs/detect/runs/detect/owner_side_short_tip_v1b/weights/best.pt",
  "series_this_chunk": 1,
  "candidates_so_far": 8715,
  "symbols_so_far": 34,
  "pos_rate": 0.292,
  "out": "data/judgment_yolo_owner_side_short_100_6m.csv",
  "workers": 1,
  "checkpoint": true,
  "signal_time_lo": "2025-11-04 00:00:00+00:00",
  "signal_time_hi": "2026-05-04 00:00:00+00:00",
  "symbols_filter": [
    "AAVE_USDT_SWAP",
    "ACH_USDT_SWAP",
    "ACT_USDT_SWAP",
    "ADA_USDT_SWAP",
    "AEVO_USDT_SWAP",
    "AIXBT_USDT_SWAP",
    "ANIME_USDT_SWAP",
    "APE_USDT_SWAP",
    "APT_USDT_SWAP",
    "ARB_USDT_SWAP",
    "ATH_USDT_SWAP",
    "ATOM_USDT_SWAP",
    "AVAX_USDT_SWAP",
    "BABY_USDT_SWAP",
    "BCH_USDT_SWAP",
    "BICO_USDT_SWAP",
    "BIGTIME_USDT_SWAP",
    "BIO_USDT_SWAP",
    "BLUR_USDT_SWAP",
    "BNB_USDT_SWAP",
    "BOME_USDT_SWAP",
    "BONK_USDT_SWAP",
    "BRETT_USDT_SWAP",
    "BTC_USDT_SWAP",
    "CFX_USDT_SWAP",
    "CHZ_USDT_SWAP",
    "CORE_USDT_SWAP",
    "CRO_USDT_SWAP",
    "DOGE_USDT_SWAP",
    "DOOD_USDT_SWAP",
    "DOT_USDT_SWAP",
    "DYDX_USDT_SWAP",
    "ENJ_USDT_SWAP",
    "ETC_USDT_SWAP",
    "ETH_USDT_SWAP",
    "FIL_USDT_SWAP",
    "FLOKI_USDT_SWAP",
    "GALA_USDT_SWAP",
    "GMT_USDT_SWAP",
    "GPS_USDT_SWAP",
    "GRT_USDT_SWAP",
    "HBAR_USDT_SWAP",
    "HMSTR_USDT_SWAP",
    "HOME_USDT_SWAP",
    "HUMA_USDT_SWAP",
    "ICP_USDT_SWAP",
    "ICX_USDT_SWAP",
    "INJ_USDT_SWAP",
    "IOST_USDT_SWAP",
    "JELLYJELLY_USDT_SWAP",
    "KMNO_USDT_SWAP",
    "LINK_USDT_SWAP",
    "LRC_USDT_SWAP",
    "LTC_USDT_SWAP",
    "LUNA_USDT_SWAP",
    "MAGIC_USDT_SWAP",
    "MEME_USDT_SWAP",
    "MERL_USDT_SWAP",
    "MEW_USDT_SWAP",
    "MINA_USDT_SWAP",
    "MOODENG_USDT_SWAP",
    "MOVE_USDT_SWAP",
    "MUBARAK_USDT_SWAP",
    "NEAR_USDT_SWAP",
    "NEIRO_USDT_SWAP",
    "NOT_USDT_SWAP",
    "ONE_USDT_SWAP",
    "ONT_USDT_SWAP",
    "OP_USDT_SWAP",
    "PARTI_USDT_SWAP",
    "PENGU_USDT_SWAP",
    "PEOPLE_USDT_SWAP",
    "PEPE_USDT_SWAP",
    "PLUME_USDT_SWAP",
    "PNUT_USDT_SWAP",
    "POL_USDT_SWAP",
    "PYTH_USDT_SWAP",
    "RESOLV_USDT_SWAP",
    "RSR_USDT_SWAP",
    "RVN_USDT_SWAP",
    "SATS_USDT_SWAP",
    "SHIB_USDT_SWAP",
    "SIGN_USDT_SWAP",
    "SOL_USDT_SWAP",
    "SOON_USDT_SWAP",
    "SOPH_USDT_SWAP",
    "STRK_USDT_SWAP",
    "SUI_USDT_SWAP",
    "TIA_USDT_SWAP",
    "TRX_USDT_SWAP",
    "TURBO_USDT_SWAP",
    "UNI_USDT_SWAP",
    "WIF_USDT_SWAP",
    "WOO_USDT_SWAP",
    "W_USDT_SWAP",
    "XLM_USDT_SWAP",
    "XRP_USDT_SWAP",
    "YGG_USDT_SWAP",
    "ZIL_USDT_SWAP",
    "ZK_USDT_SWAP"
  ]
}
[2026-07-24T08:59:09Z] chunk=34 exit=0 done_after=34
[2026-07-24T08:59:09Z] chunk=35 done=34/100
resume: skip 34 done symbols (34 marked); remain 66
swap series to scan: 1  workers=1  side=short  resume=True  signal_window=[2025-11-04 00:00:00+00:00, 2026-05-04 00:00:00+00:00)
  ETH_USDT_SWAP: 236 YOLO候选 (short)
  … progress 1/1
{
  "side": "short",
  "weights": "/Users/zhangzc/fable-trading/runs/detect/runs/detect/owner_side_short_tip_v1b/weights/best.pt",
  "series_this_chunk": 1,
  "candidates_so_far": 8951,
  "symbols_so_far": 35,
  "pos_rate": 0.2921,
  "out": "data/judgment_yolo_owner_side_short_100_6m.csv",
  "workers": 1,
  "checkpoint": true,
  "signal_time_lo": "2025-11-04 00:00:00+00:00",
  "signal_time_hi": "2026-05-04 00:00:00+00:00",
  "symbols_filter": [
    "AAVE_USDT_SWAP",
    "ACH_USDT_SWAP",
    "ACT_USDT_SWAP",
    "ADA_USDT_SWAP",
    "AEVO_USDT_SWAP",
    "AIXBT_USDT_SWAP",
    "ANIME_USDT_SWAP",
    "APE_USDT_SWAP",
    "APT_USDT_SWAP",
    "ARB_USDT_SWAP",
    "ATH_USDT_SWAP",
    "ATOM_USDT_SWAP",
    "AVAX_USDT_SWAP",
    "BABY_USDT_SWAP",
    "BCH_USDT_SWAP",
    "BICO_USDT_SWAP",
    "BIGTIME_USDT_SWAP",
    "BIO_USDT_SWAP",
    "BLUR_USDT_SWAP",
    "BNB_USDT_SWAP",
    "BOME_USDT_SWAP",
    "BONK_USDT_SWAP",
    "BRETT_USDT_SWAP",
    "BTC_USDT_SWAP",
    "CFX_USDT_SWAP",
    "CHZ_USDT_SWAP",
    "CORE_USDT_SWAP",
    "CRO_USDT_SWAP",
    "DOGE_USDT_SWAP",
    "DOOD_USDT_SWAP",
    "DOT_USDT_SWAP",
    "DYDX_USDT_SWAP",
    "ENJ_USDT_SWAP",
    "ETC_USDT_SWAP",
    "ETH_USDT_SWAP",
    "FIL_USDT_SWAP",
    "FLOKI_USDT_SWAP",
    "GALA_USDT_SWAP",
    "GMT_USDT_SWAP",
    "GPS_USDT_SWAP",
    "GRT_USDT_SWAP",
    "HBAR_USDT_SWAP",
    "HMSTR_USDT_SWAP",
    "HOME_USDT_SWAP",
    "HUMA_USDT_SWAP",
    "ICP_USDT_SWAP",
    "ICX_USDT_SWAP",
    "INJ_USDT_SWAP",
    "IOST_USDT_SWAP",
    "JELLYJELLY_USDT_SWAP",
    "KMNO_USDT_SWAP",
    "LINK_USDT_SWAP",
    "LRC_USDT_SWAP",
    "LTC_USDT_SWAP",
    "LUNA_USDT_SWAP",
    "MAGIC_USDT_SWAP",
    "MEME_USDT_SWAP",
    "MERL_USDT_SWAP",
    "MEW_USDT_SWAP",
    "MINA_USDT_SWAP",
    "MOODENG_USDT_SWAP",
    "MOVE_USDT_SWAP",
    "MUBARAK_USDT_SWAP",
    "NEAR_USDT_SWAP",
    "NEIRO_USDT_SWAP",
    "NOT_USDT_SWAP",
    "ONE_USDT_SWAP",
    "ONT_USDT_SWAP",
    "OP_USDT_SWAP",
    "PARTI_USDT_SWAP",
    "PENGU_USDT_SWAP",
    "PEOPLE_USDT_SWAP",
    "PEPE_USDT_SWAP",
    "PLUME_USDT_SWAP",
    "PNUT_USDT_SWAP",
    "POL_USDT_SWAP",
    "PYTH_USDT_SWAP",
    "RESOLV_USDT_SWAP",
    "RSR_USDT_SWAP",
    "RVN_USDT_SWAP",
    "SATS_USDT_SWAP",
    "SHIB_USDT_SWAP",
    "SIGN_USDT_SWAP",
    "SOL_USDT_SWAP",
    "SOON_USDT_SWAP",
    "SOPH_USDT_SWAP",
    "STRK_USDT_SWAP",
    "SUI_USDT_SWAP",
    "TIA_USDT_SWAP",
    "TRX_USDT_SWAP",
    "TURBO_USDT_SWAP",
    "UNI_USDT_SWAP",
    "WIF_USDT_SWAP",
    "WOO_USDT_SWAP",
    "W_USDT_SWAP",
    "XLM_USDT_SWAP",
    "XRP_USDT_SWAP",
    "YGG_USDT_SWAP",
    "ZIL_USDT_SWAP",
    "ZK_USDT_SWAP"
  ]
}
[2026-07-24T08:59:45Z] chunk=35 exit=0 done_after=35
[2026-07-24T08:59:45Z] chunk=36 done=35/100
resume: skip 35 done symbols (35 marked); remain 65
swap series to scan: 1  workers=1  side=short  resume=True  signal_window=[2025-11-04 00:00:00+00:00, 2026-05-04 00:00:00+00:00)
  FIL_USDT_SWAP: 266 YOLO候选 (short)
  … progress 1/1
{
  "side": "short",
  "weights": "/Users/zhangzc/fable-trading/runs/detect/runs/detect/owner_side_short_tip_v1b/weights/best.pt",
  "series_this_chunk": 1,
  "candidates_so_far": 9217,
  "symbols_so_far": 36,
  "pos_rate": 0.2921,
  "out": "data/judgment_yolo_owner_side_short_100_6m.csv",
  "workers": 1,
  "checkpoint": true,
  "signal_time_lo": "2025-11-04 00:00:00+00:00",
  "signal_time_hi": "2026-05-04 00:00:00+00:00",
  "symbols_filter": [
    "AAVE_USDT_SWAP",
    "ACH_USDT_SWAP",
    "ACT_USDT_SWAP",
    "ADA_USDT_SWAP",
    "AEVO_USDT_SWAP",
    "AIXBT_USDT_SWAP",
    "ANIME_USDT_SWAP",
    "APE_USDT_SWAP",
    "APT_USDT_SWAP",
    "ARB_USDT_SWAP",
    "ATH_USDT_SWAP",
    "ATOM_USDT_SWAP",
    "AVAX_USDT_SWAP",
    "BABY_USDT_SWAP",
    "BCH_USDT_SWAP",
    "BICO_USDT_SWAP",
    "BIGTIME_USDT_SWAP",
    "BIO_USDT_SWAP",
    "BLUR_USDT_SWAP",
    "BNB_USDT_SWAP",
    "BOME_USDT_SWAP",
    "BONK_USDT_SWAP",
    "BRETT_USDT_SWAP",
    "BTC_USDT_SWAP",
    "CFX_USDT_SWAP",
    "CHZ_USDT_SWAP",
    "CORE_USDT_SWAP",
    "CRO_USDT_SWAP",
    "DOGE_USDT_SWAP",
    "DOOD_USDT_SWAP",
    "DOT_USDT_SWAP",
    "DYDX_USDT_SWAP",
    "ENJ_USDT_SWAP",
    "ETC_USDT_SWAP",
    "ETH_USDT_SWAP",
    "FIL_USDT_SWAP",
    "FLOKI_USDT_SWAP",
    "GALA_USDT_SWAP",
    "GMT_USDT_SWAP",
    "GPS_USDT_SWAP",
    "GRT_USDT_SWAP",
    "HBAR_USDT_SWAP",
    "HMSTR_USDT_SWAP",
    "HOME_USDT_SWAP",
    "HUMA_USDT_SWAP",
    "ICP_USDT_SWAP",
    "ICX_USDT_SWAP",
    "INJ_USDT_SWAP",
    "IOST_USDT_SWAP",
    "JELLYJELLY_USDT_SWAP",
    "KMNO_USDT_SWAP",
    "LINK_USDT_SWAP",
    "LRC_USDT_SWAP",
    "LTC_USDT_SWAP",
    "LUNA_USDT_SWAP",
    "MAGIC_USDT_SWAP",
    "MEME_USDT_SWAP",
    "MERL_USDT_SWAP",
    "MEW_USDT_SWAP",
    "MINA_USDT_SWAP",
    "MOODENG_USDT_SWAP",
    "MOVE_USDT_SWAP",
    "MUBARAK_USDT_SWAP",
    "NEAR_USDT_SWAP",
    "NEIRO_USDT_SWAP",
    "NOT_USDT_SWAP",
    "ONE_USDT_SWAP",
    "ONT_USDT_SWAP",
    "OP_USDT_SWAP",
    "PARTI_USDT_SWAP",
    "PENGU_USDT_SWAP",
    "PEOPLE_USDT_SWAP",
    "PEPE_USDT_SWAP",
    "PLUME_USDT_SWAP",
    "PNUT_USDT_SWAP",
    "POL_USDT_SWAP",
    "PYTH_USDT_SWAP",
    "RESOLV_USDT_SWAP",
    "RSR_USDT_SWAP",
    "RVN_USDT_SWAP",
    "SATS_USDT_SWAP",
    "SHIB_USDT_SWAP",
    "SIGN_USDT_SWAP",
    "SOL_USDT_SWAP",
    "SOON_USDT_SWAP",
    "SOPH_USDT_SWAP",
    "STRK_USDT_SWAP",
    "SUI_USDT_SWAP",
    "TIA_USDT_SWAP",
    "TRX_USDT_SWAP",
    "TURBO_USDT_SWAP",
    "UNI_USDT_SWAP",
    "WIF_USDT_SWAP",
    "WOO_USDT_SWAP",
    "W_USDT_SWAP",
    "XLM_USDT_SWAP",
    "XRP_USDT_SWAP",
    "YGG_USDT_SWAP",
    "ZIL_USDT_SWAP",
    "ZK_USDT_SWAP"
  ]
}
[2026-07-24T09:00:20Z] chunk=36 exit=0 done_after=36
[2026-07-24T09:00:20Z] chunk=37 done=36/100
resume: skip 36 done symbols (36 marked); remain 64
swap series to scan: 1  workers=1  side=short  resume=True  signal_window=[2025-11-04 00:00:00+00:00, 2026-05-04 00:00:00+00:00)
  FLOKI_USDT_SWAP: 263 YOLO候选 (short)
  … progress 1/1
{
  "side": "short",
  "weights": "/Users/zhangzc/fable-trading/runs/detect/runs/detect/owner_side_short_tip_v1b/weights/best.pt",
  "series_this_chunk": 1,
  "candidates_so_far": 9480,
  "symbols_so_far": 37,
  "pos_rate": 0.2915,
  "out": "data/judgment_yolo_owner_side_short_100_6m.csv",
  "workers": 1,
  "checkpoint": true,
  "signal_time_lo": "2025-11-04 00:00:00+00:00",
  "signal_time_hi": "2026-05-04 00:00:00+00:00",
  "symbols_filter": [
    "AAVE_USDT_SWAP",
    "ACH_USDT_SWAP",
    "ACT_USDT_SWAP",
    "ADA_USDT_SWAP",
    "AEVO_USDT_SWAP",
    "AIXBT_USDT_SWAP",
    "ANIME_USDT_SWAP",
    "APE_USDT_SWAP",
    "APT_USDT_SWAP",
    "ARB_USDT_SWAP",
    "ATH_USDT_SWAP",
    "ATOM_USDT_SWAP",
    "AVAX_USDT_SWAP",
    "BABY_USDT_SWAP",
    "BCH_USDT_SWAP",
    "BICO_USDT_SWAP",
    "BIGTIME_USDT_SWAP",
    "BIO_USDT_SWAP",
    "BLUR_USDT_SWAP",
    "BNB_USDT_SWAP",
    "BOME_USDT_SWAP",
    "BONK_USDT_SWAP",
    "BRETT_USDT_SWAP",
    "BTC_USDT_SWAP",
    "CFX_USDT_SWAP",
    "CHZ_USDT_SWAP",
    "CORE_USDT_SWAP",
    "CRO_USDT_SWAP",
    "DOGE_USDT_SWAP",
    "DOOD_USDT_SWAP",
    "DOT_USDT_SWAP",
    "DYDX_USDT_SWAP",
    "ENJ_USDT_SWAP",
    "ETC_USDT_SWAP",
    "ETH_USDT_SWAP",
    "FIL_USDT_SWAP",
    "FLOKI_USDT_SWAP",
    "GALA_USDT_SWAP",
    "GMT_USDT_SWAP",
    "GPS_USDT_SWAP",
    "GRT_USDT_SWAP",
    "HBAR_USDT_SWAP",
    "HMSTR_USDT_SWAP",
    "HOME_USDT_SWAP",
    "HUMA_USDT_SWAP",
    "ICP_USDT_SWAP",
    "ICX_USDT_SWAP",
    "INJ_USDT_SWAP",
    "IOST_USDT_SWAP",
    "JELLYJELLY_USDT_SWAP",
    "KMNO_USDT_SWAP",
    "LINK_USDT_SWAP",
    "LRC_USDT_SWAP",
    "LTC_USDT_SWAP",
    "LUNA_USDT_SWAP",
    "MAGIC_USDT_SWAP",
    "MEME_USDT_SWAP",
    "MERL_USDT_SWAP",
    "MEW_USDT_SWAP",
    "MINA_USDT_SWAP",
    "MOODENG_USDT_SWAP",
    "MOVE_USDT_SWAP",
    "MUBARAK_USDT_SWAP",
    "NEAR_USDT_SWAP",
    "NEIRO_USDT_SWAP",
    "NOT_USDT_SWAP",
    "ONE_USDT_SWAP",
    "ONT_USDT_SWAP",
    "OP_USDT_SWAP",
    "PARTI_USDT_SWAP",
    "PENGU_USDT_SWAP",
    "PEOPLE_USDT_SWAP",
    "PEPE_USDT_SWAP",
    "PLUME_USDT_SWAP",
    "PNUT_USDT_SWAP",
    "POL_USDT_SWAP",
    "PYTH_USDT_SWAP",
    "RESOLV_USDT_SWAP",
    "RSR_USDT_SWAP",
    "RVN_USDT_SWAP",
    "SATS_USDT_SWAP",
    "SHIB_USDT_SWAP",
    "SIGN_USDT_SWAP",
    "SOL_USDT_SWAP",
    "SOON_USDT_SWAP",
    "SOPH_USDT_SWAP",
    "STRK_USDT_SWAP",
    "SUI_USDT_SWAP",
    "TIA_USDT_SWAP",
    "TRX_USDT_SWAP",
    "TURBO_USDT_SWAP",
    "UNI_USDT_SWAP",
    "WIF_USDT_SWAP",
    "WOO_USDT_SWAP",
    "W_USDT_SWAP",
    "XLM_USDT_SWAP",
    "XRP_USDT_SWAP",
    "YGG_USDT_SWAP",
    "ZIL_USDT_SWAP",
    "ZK_USDT_SWAP"
  ]
}
[2026-07-24T09:00:59Z] chunk=37 exit=0 done_after=37
[2026-07-24T09:00:59Z] chunk=38 done=37/100
resume: skip 37 done symbols (37 marked); remain 63
swap series to scan: 1  workers=1  side=short  resume=True  signal_window=[2025-11-04 00:00:00+00:00, 2026-05-04 00:00:00+00:00)
  GALA_USDT_SWAP: 262 YOLO候选 (short)
  … progress 1/1
{
  "side": "short",
  "weights": "/Users/zhangzc/fable-trading/runs/detect/runs/detect/owner_side_short_tip_v1b/weights/best.pt",
  "series_this_chunk": 1,
  "candidates_so_far": 9742,
  "symbols_so_far": 38,
  "pos_rate": 0.2915,
  "out": "data/judgment_yolo_owner_side_short_100_6m.csv",
  "workers": 1,
  "checkpoint": true,
  "signal_time_lo": "2025-11-04 00:00:00+00:00",
  "signal_time_hi": "2026-05-04 00:00:00+00:00",
  "symbols_filter": [
    "AAVE_USDT_SWAP",
    "ACH_USDT_SWAP",
    "ACT_USDT_SWAP",
    "ADA_USDT_SWAP",
    "AEVO_USDT_SWAP",
    "AIXBT_USDT_SWAP",
    "ANIME_USDT_SWAP",
    "APE_USDT_SWAP",
    "APT_USDT_SWAP",
    "ARB_USDT_SWAP",
    "ATH_USDT_SWAP",
    "ATOM_USDT_SWAP",
    "AVAX_USDT_SWAP",
    "BABY_USDT_SWAP",
    "BCH_USDT_SWAP",
    "BICO_USDT_SWAP",
    "BIGTIME_USDT_SWAP",
    "BIO_USDT_SWAP",
    "BLUR_USDT_SWAP",
    "BNB_USDT_SWAP",
    "BOME_USDT_SWAP",
    "BONK_USDT_SWAP",
    "BRETT_USDT_SWAP",
    "BTC_USDT_SWAP",
    "CFX_USDT_SWAP",
    "CHZ_USDT_SWAP",
    "CORE_USDT_SWAP",
    "CRO_USDT_SWAP",
    "DOGE_USDT_SWAP",
    "DOOD_USDT_SWAP",
    "DOT_USDT_SWAP",
    "DYDX_USDT_SWAP",
    "ENJ_USDT_SWAP",
    "ETC_USDT_SWAP",
    "ETH_USDT_SWAP",
    "FIL_USDT_SWAP",
    "FLOKI_USDT_SWAP",
    "GALA_USDT_SWAP",
    "GMT_USDT_SWAP",
    "GPS_USDT_SWAP",
    "GRT_USDT_SWAP",
    "HBAR_USDT_SWAP",
    "HMSTR_USDT_SWAP",
    "HOME_USDT_SWAP",
    "HUMA_USDT_SWAP",
    "ICP_USDT_SWAP",
    "ICX_USDT_SWAP",
    "INJ_USDT_SWAP",
    "IOST_USDT_SWAP",
    "JELLYJELLY_USDT_SWAP",
    "KMNO_USDT_SWAP",
    "LINK_USDT_SWAP",
    "LRC_USDT_SWAP",
    "LTC_USDT_SWAP",
    "LUNA_USDT_SWAP",
    "MAGIC_USDT_SWAP",
    "MEME_USDT_SWAP",
    "MERL_USDT_SWAP",
    "MEW_USDT_SWAP",
    "MINA_USDT_SWAP",
    "MOODENG_USDT_SWAP",
    "MOVE_USDT_SWAP",
    "MUBARAK_USDT_SWAP",
    "NEAR_USDT_SWAP",
    "NEIRO_USDT_SWAP",
    "NOT_USDT_SWAP",
    "ONE_USDT_SWAP",
    "ONT_USDT_SWAP",
    "OP_USDT_SWAP",
    "PARTI_USDT_SWAP",
    "PENGU_USDT_SWAP",
    "PEOPLE_USDT_SWAP",
    "PEPE_USDT_SWAP",
    "PLUME_USDT_SWAP",
    "PNUT_USDT_SWAP",
    "POL_USDT_SWAP",
    "PYTH_USDT_SWAP",
    "RESOLV_USDT_SWAP",
    "RSR_USDT_SWAP",
    "RVN_USDT_SWAP",
    "SATS_USDT_SWAP",
    "SHIB_USDT_SWAP",
    "SIGN_USDT_SWAP",
    "SOL_USDT_SWAP",
    "SOON_USDT_SWAP",
    "SOPH_USDT_SWAP",
    "STRK_USDT_SWAP",
    "SUI_USDT_SWAP",
    "TIA_USDT_SWAP",
    "TRX_USDT_SWAP",
    "TURBO_USDT_SWAP",
    "UNI_USDT_SWAP",
    "WIF_USDT_SWAP",
    "WOO_USDT_SWAP",
    "W_USDT_SWAP",
    "XLM_USDT_SWAP",
    "XRP_USDT_SWAP",
    "YGG_USDT_SWAP",
    "ZIL_USDT_SWAP",
    "ZK_USDT_SWAP"
  ]
}
[2026-07-24T09:01:37Z] chunk=38 exit=0 done_after=38
[2026-07-24T09:01:37Z] chunk=39 done=38/100
resume: skip 38 done symbols (38 marked); remain 62
swap series to scan: 1  workers=1  side=short  resume=True  signal_window=[2025-11-04 00:00:00+00:00, 2026-05-04 00:00:00+00:00)
  GMT_USDT_SWAP: 256 YOLO候选 (short)
  … progress 1/1
{
  "side": "short",
  "weights": "/Users/zhangzc/fable-trading/runs/detect/runs/detect/owner_side_short_tip_v1b/weights/best.pt",
  "series_this_chunk": 1,
  "candidates_so_far": 9998,
  "symbols_so_far": 39,
  "pos_rate": 0.2912,
  "out": "data/judgment_yolo_owner_side_short_100_6m.csv",
  "workers": 1,
  "checkpoint": true,
  "signal_time_lo": "2025-11-04 00:00:00+00:00",
  "signal_time_hi": "2026-05-04 00:00:00+00:00",
  "symbols_filter": [
    "AAVE_USDT_SWAP",
    "ACH_USDT_SWAP",
    "ACT_USDT_SWAP",
    "ADA_USDT_SWAP",
    "AEVO_USDT_SWAP",
    "AIXBT_USDT_SWAP",
    "ANIME_USDT_SWAP",
    "APE_USDT_SWAP",
    "APT_USDT_SWAP",
    "ARB_USDT_SWAP",
    "ATH_USDT_SWAP",
    "ATOM_USDT_SWAP",
    "AVAX_USDT_SWAP",
    "BABY_USDT_SWAP",
    "BCH_USDT_SWAP",
    "BICO_USDT_SWAP",
    "BIGTIME_USDT_SWAP",
    "BIO_USDT_SWAP",
    "BLUR_USDT_SWAP",
    "BNB_USDT_SWAP",
    "BOME_USDT_SWAP",
    "BONK_USDT_SWAP",
    "BRETT_USDT_SWAP",
    "BTC_USDT_SWAP",
    "CFX_USDT_SWAP",
    "CHZ_USDT_SWAP",
    "CORE_USDT_SWAP",
    "CRO_USDT_SWAP",
    "DOGE_USDT_SWAP",
    "DOOD_USDT_SWAP",
    "DOT_USDT_SWAP",
    "DYDX_USDT_SWAP",
    "ENJ_USDT_SWAP",
    "ETC_USDT_SWAP",
    "ETH_USDT_SWAP",
    "FIL_USDT_SWAP",
    "FLOKI_USDT_SWAP",
    "GALA_USDT_SWAP",
    "GMT_USDT_SWAP",
    "GPS_USDT_SWAP",
    "GRT_USDT_SWAP",
    "HBAR_USDT_SWAP",
    "HMSTR_USDT_SWAP",
    "HOME_USDT_SWAP",
    "HUMA_USDT_SWAP",
    "ICP_USDT_SWAP",
    "ICX_USDT_SWAP",
    "INJ_USDT_SWAP",
    "IOST_USDT_SWAP",
    "JELLYJELLY_USDT_SWAP",
    "KMNO_USDT_SWAP",
    "LINK_USDT_SWAP",
    "LRC_USDT_SWAP",
    "LTC_USDT_SWAP",
    "LUNA_USDT_SWAP",
    "MAGIC_USDT_SWAP",
    "MEME_USDT_SWAP",
    "MERL_USDT_SWAP",
    "MEW_USDT_SWAP",
    "MINA_USDT_SWAP",
    "MOODENG_USDT_SWAP",
    "MOVE_USDT_SWAP",
    "MUBARAK_USDT_SWAP",
    "NEAR_USDT_SWAP",
    "NEIRO_USDT_SWAP",
    "NOT_USDT_SWAP",
    "ONE_USDT_SWAP",
    "ONT_USDT_SWAP",
    "OP_USDT_SWAP",
    "PARTI_USDT_SWAP",
    "PENGU_USDT_SWAP",
    "PEOPLE_USDT_SWAP",
    "PEPE_USDT_SWAP",
    "PLUME_USDT_SWAP",
    "PNUT_USDT_SWAP",
    "POL_USDT_SWAP",
    "PYTH_USDT_SWAP",
    "RESOLV_USDT_SWAP",
    "RSR_USDT_SWAP",
    "RVN_USDT_SWAP",
    "SATS_USDT_SWAP",
    "SHIB_USDT_SWAP",
    "SIGN_USDT_SWAP",
    "SOL_USDT_SWAP",
    "SOON_USDT_SWAP",
    "SOPH_USDT_SWAP",
    "STRK_USDT_SWAP",
    "SUI_USDT_SWAP",
    "TIA_USDT_SWAP",
    "TRX_USDT_SWAP",
    "TURBO_USDT_SWAP",
    "UNI_USDT_SWAP",
    "WIF_USDT_SWAP",
    "WOO_USDT_SWAP",
    "W_USDT_SWAP",
    "XLM_USDT_SWAP",
    "XRP_USDT_SWAP",
    "YGG_USDT_SWAP",
    "ZIL_USDT_SWAP",
    "ZK_USDT_SWAP"
  ]
}
[2026-07-24T09:02:14Z] chunk=39 exit=0 done_after=39
[2026-07-24T09:02:14Z] chunk=40 done=39/100
resume: skip 39 done symbols (39 marked); remain 61
swap series to scan: 1  workers=1  side=short  resume=True  signal_window=[2025-11-04 00:00:00+00:00, 2026-05-04 00:00:00+00:00)
  GPS_USDT_SWAP: 260 YOLO候选 (short)
  … progress 1/1
{
  "side": "short",
  "weights": "/Users/zhangzc/fable-trading/runs/detect/runs/detect/owner_side_short_tip_v1b/weights/best.pt",
  "series_this_chunk": 1,
  "candidates_so_far": 10258,
  "symbols_so_far": 40,
  "pos_rate": 0.2888,
  "out": "data/judgment_yolo_owner_side_short_100_6m.csv",
  "workers": 1,
  "checkpoint": true,
  "signal_time_lo": "2025-11-04 00:00:00+00:00",
  "signal_time_hi": "2026-05-04 00:00:00+00:00",
  "symbols_filter": [
    "AAVE_USDT_SWAP",
    "ACH_USDT_SWAP",
    "ACT_USDT_SWAP",
    "ADA_USDT_SWAP",
    "AEVO_USDT_SWAP",
    "AIXBT_USDT_SWAP",
    "ANIME_USDT_SWAP",
    "APE_USDT_SWAP",
    "APT_USDT_SWAP",
    "ARB_USDT_SWAP",
    "ATH_USDT_SWAP",
    "ATOM_USDT_SWAP",
    "AVAX_USDT_SWAP",
    "BABY_USDT_SWAP",
    "BCH_USDT_SWAP",
    "BICO_USDT_SWAP",
    "BIGTIME_USDT_SWAP",
    "BIO_USDT_SWAP",
    "BLUR_USDT_SWAP",
    "BNB_USDT_SWAP",
    "BOME_USDT_SWAP",
    "BONK_USDT_SWAP",
    "BRETT_USDT_SWAP",
    "BTC_USDT_SWAP",
    "CFX_USDT_SWAP",
    "CHZ_USDT_SWAP",
    "CORE_USDT_SWAP",
    "CRO_USDT_SWAP",
    "DOGE_USDT_SWAP",
    "DOOD_USDT_SWAP",
    "DOT_USDT_SWAP",
    "DYDX_USDT_SWAP",
    "ENJ_USDT_SWAP",
    "ETC_USDT_SWAP",
    "ETH_USDT_SWAP",
    "FIL_USDT_SWAP",
    "FLOKI_USDT_SWAP",
    "GALA_USDT_SWAP",
    "GMT_USDT_SWAP",
    "GPS_USDT_SWAP",
    "GRT_USDT_SWAP",
    "HBAR_USDT_SWAP",
    "HMSTR_USDT_SWAP",
    "HOME_USDT_SWAP",
    "HUMA_USDT_SWAP",
    "ICP_USDT_SWAP",
    "ICX_USDT_SWAP",
    "INJ_USDT_SWAP",
    "IOST_USDT_SWAP",
    "JELLYJELLY_USDT_SWAP",
    "KMNO_USDT_SWAP",
    "LINK_USDT_SWAP",
    "LRC_USDT_SWAP",
    "LTC_USDT_SWAP",
    "LUNA_USDT_SWAP",
    "MAGIC_USDT_SWAP",
    "MEME_USDT_SWAP",
    "MERL_USDT_SWAP",
    "MEW_USDT_SWAP",
    "MINA_USDT_SWAP",
    "MOODENG_USDT_SWAP",
    "MOVE_USDT_SWAP",
    "MUBARAK_USDT_SWAP",
    "NEAR_USDT_SWAP",
    "NEIRO_USDT_SWAP",
    "NOT_USDT_SWAP",
    "ONE_USDT_SWAP",
    "ONT_USDT_SWAP",
    "OP_USDT_SWAP",
    "PARTI_USDT_SWAP",
    "PENGU_USDT_SWAP",
    "PEOPLE_USDT_SWAP",
    "PEPE_USDT_SWAP",
    "PLUME_USDT_SWAP",
    "PNUT_USDT_SWAP",
    "POL_USDT_SWAP",
    "PYTH_USDT_SWAP",
    "RESOLV_USDT_SWAP",
    "RSR_USDT_SWAP",
    "RVN_USDT_SWAP",
    "SATS_USDT_SWAP",
    "SHIB_USDT_SWAP",
    "SIGN_USDT_SWAP",
    "SOL_USDT_SWAP",
    "SOON_USDT_SWAP",
    "SOPH_USDT_SWAP",
    "STRK_USDT_SWAP",
    "SUI_USDT_SWAP",
    "TIA_USDT_SWAP",
    "TRX_USDT_SWAP",
    "TURBO_USDT_SWAP",
    "UNI_USDT_SWAP",
    "WIF_USDT_SWAP",
    "WOO_USDT_SWAP",
    "W_USDT_SWAP",
    "XLM_USDT_SWAP",
    "XRP_USDT_SWAP",
    "YGG_USDT_SWAP",
    "ZIL_USDT_SWAP",
    "ZK_USDT_SWAP"
  ]
}
[2026-07-24T09:02:49Z] chunk=40 exit=0 done_after=40
[2026-07-24T09:02:49Z] chunk=41 done=40/100
resume: skip 40 done symbols (40 marked); remain 60
swap series to scan: 1  workers=1  side=short  resume=True  signal_window=[2025-11-04 00:00:00+00:00, 2026-05-04 00:00:00+00:00)
  GRT_USDT_SWAP: 263 YOLO候选 (short)
  … progress 1/1
{
  "side": "short",
  "weights": "/Users/zhangzc/fable-trading/runs/detect/runs/detect/owner_side_short_tip_v1b/weights/best.pt",
  "series_this_chunk": 1,
  "candidates_so_far": 10521,
  "symbols_so_far": 41,
  "pos_rate": 0.2881,
  "out": "data/judgment_yolo_owner_side_short_100_6m.csv",
  "workers": 1,
  "checkpoint": true,
  "signal_time_lo": "2025-11-04 00:00:00+00:00",
  "signal_time_hi": "2026-05-04 00:00:00+00:00",
  "symbols_filter": [
    "AAVE_USDT_SWAP",
    "ACH_USDT_SWAP",
    "ACT_USDT_SWAP",
    "ADA_USDT_SWAP",
    "AEVO_USDT_SWAP",
    "AIXBT_USDT_SWAP",
    "ANIME_USDT_SWAP",
    "APE_USDT_SWAP",
    "APT_USDT_SWAP",
    "ARB_USDT_SWAP",
    "ATH_USDT_SWAP",
    "ATOM_USDT_SWAP",
    "AVAX_USDT_SWAP",
    "BABY_USDT_SWAP",
    "BCH_USDT_SWAP",
    "BICO_USDT_SWAP",
    "BIGTIME_USDT_SWAP",
    "BIO_USDT_SWAP",
    "BLUR_USDT_SWAP",
    "BNB_USDT_SWAP",
    "BOME_USDT_SWAP",
    "BONK_USDT_SWAP",
    "BRETT_USDT_SWAP",
    "BTC_USDT_SWAP",
    "CFX_USDT_SWAP",
    "CHZ_USDT_SWAP",
    "CORE_USDT_SWAP",
    "CRO_USDT_SWAP",
    "DOGE_USDT_SWAP",
    "DOOD_USDT_SWAP",
    "DOT_USDT_SWAP",
    "DYDX_USDT_SWAP",
    "ENJ_USDT_SWAP",
    "ETC_USDT_SWAP",
    "ETH_USDT_SWAP",
    "FIL_USDT_SWAP",
    "FLOKI_USDT_SWAP",
    "GALA_USDT_SWAP",
    "GMT_USDT_SWAP",
    "GPS_USDT_SWAP",
    "GRT_USDT_SWAP",
    "HBAR_USDT_SWAP",
    "HMSTR_USDT_SWAP",
    "HOME_USDT_SWAP",
    "HUMA_USDT_SWAP",
    "ICP_USDT_SWAP",
    "ICX_USDT_SWAP",
    "INJ_USDT_SWAP",
    "IOST_USDT_SWAP",
    "JELLYJELLY_USDT_SWAP",
    "KMNO_USDT_SWAP",
    "LINK_USDT_SWAP",
    "LRC_USDT_SWAP",
    "LTC_USDT_SWAP",
    "LUNA_USDT_SWAP",
    "MAGIC_USDT_SWAP",
    "MEME_USDT_SWAP",
    "MERL_USDT_SWAP",
    "MEW_USDT_SWAP",
    "MINA_USDT_SWAP",
    "MOODENG_USDT_SWAP",
    "MOVE_USDT_SWAP",
    "MUBARAK_USDT_SWAP",
    "NEAR_USDT_SWAP",
    "NEIRO_USDT_SWAP",
    "NOT_USDT_SWAP",
    "ONE_USDT_SWAP",
    "ONT_USDT_SWAP",
    "OP_USDT_SWAP",
    "PARTI_USDT_SWAP",
    "PENGU_USDT_SWAP",
    "PEOPLE_USDT_SWAP",
    "PEPE_USDT_SWAP",
    "PLUME_USDT_SWAP",
    "PNUT_USDT_SWAP",
    "POL_USDT_SWAP",
    "PYTH_USDT_SWAP",
    "RESOLV_USDT_SWAP",
    "RSR_USDT_SWAP",
    "RVN_USDT_SWAP",
    "SATS_USDT_SWAP",
    "SHIB_USDT_SWAP",
    "SIGN_USDT_SWAP",
    "SOL_USDT_SWAP",
    "SOON_USDT_SWAP",
    "SOPH_USDT_SWAP",
    "STRK_USDT_SWAP",
    "SUI_USDT_SWAP",
    "TIA_USDT_SWAP",
    "TRX_USDT_SWAP",
    "TURBO_USDT_SWAP",
    "UNI_USDT_SWAP",
    "WIF_USDT_SWAP",
    "WOO_USDT_SWAP",
    "W_USDT_SWAP",
    "XLM_USDT_SWAP",
    "XRP_USDT_SWAP",
    "YGG_USDT_SWAP",
    "ZIL_USDT_SWAP",
    "ZK_USDT_SWAP"
  ]
}
[2026-07-24T09:03:24Z] chunk=41 exit=0 done_after=41
[2026-07-24T09:03:24Z] chunk=42 done=41/100
resume: skip 41 done symbols (41 marked); remain 59
swap series to scan: 1  workers=1  side=short  resume=True  signal_window=[2025-11-04 00:00:00+00:00, 2026-05-04 00:00:00+00:00)
  HBAR_USDT_SWAP: 254 YOLO候选 (short)
  … progress 1/1
{
  "side": "short",
  "weights": "/Users/zhangzc/fable-trading/runs/detect/runs/detect/owner_side_short_tip_v1b/weights/best.pt",
  "series_this_chunk": 1,
  "candidates_so_far": 10775,
  "symbols_so_far": 42,
  "pos_rate": 0.2883,
  "out": "data/judgment_yolo_owner_side_short_100_6m.csv",
  "workers": 1,
  "checkpoint": true,
  "signal_time_lo": "2025-11-04 00:00:00+00:00",
  "signal_time_hi": "2026-05-04 00:00:00+00:00",
  "symbols_filter": [
    "AAVE_USDT_SWAP",
    "ACH_USDT_SWAP",
    "ACT_USDT_SWAP",
    "ADA_USDT_SWAP",
    "AEVO_USDT_SWAP",
    "AIXBT_USDT_SWAP",
    "ANIME_USDT_SWAP",
    "APE_USDT_SWAP",
    "APT_USDT_SWAP",
    "ARB_USDT_SWAP",
    "ATH_USDT_SWAP",
    "ATOM_USDT_SWAP",
    "AVAX_USDT_SWAP",
    "BABY_USDT_SWAP",
    "BCH_USDT_SWAP",
    "BICO_USDT_SWAP",
    "BIGTIME_USDT_SWAP",
    "BIO_USDT_SWAP",
    "BLUR_USDT_SWAP",
    "BNB_USDT_SWAP",
    "BOME_USDT_SWAP",
    "BONK_USDT_SWAP",
    "BRETT_USDT_SWAP",
    "BTC_USDT_SWAP",
    "CFX_USDT_SWAP",
    "CHZ_USDT_SWAP",
    "CORE_USDT_SWAP",
    "CRO_USDT_SWAP",
    "DOGE_USDT_SWAP",
    "DOOD_USDT_SWAP",
    "DOT_USDT_SWAP",
    "DYDX_USDT_SWAP",
    "ENJ_USDT_SWAP",
    "ETC_USDT_SWAP",
    "ETH_USDT_SWAP",
    "FIL_USDT_SWAP",
    "FLOKI_USDT_SWAP",
    "GALA_USDT_SWAP",
    "GMT_USDT_SWAP",
    "GPS_USDT_SWAP",
    "GRT_USDT_SWAP",
    "HBAR_USDT_SWAP",
    "HMSTR_USDT_SWAP",
    "HOME_USDT_SWAP",
    "HUMA_USDT_SWAP",
    "ICP_USDT_SWAP",
    "ICX_USDT_SWAP",
    "INJ_USDT_SWAP",
    "IOST_USDT_SWAP",
    "JELLYJELLY_USDT_SWAP",
    "KMNO_USDT_SWAP",
    "LINK_USDT_SWAP",
    "LRC_USDT_SWAP",
    "LTC_USDT_SWAP",
    "LUNA_USDT_SWAP",
    "MAGIC_USDT_SWAP",
    "MEME_USDT_SWAP",
    "MERL_USDT_SWAP",
    "MEW_USDT_SWAP",
    "MINA_USDT_SWAP",
    "MOODENG_USDT_SWAP",
    "MOVE_USDT_SWAP",
    "MUBARAK_USDT_SWAP",
    "NEAR_USDT_SWAP",
    "NEIRO_USDT_SWAP",
    "NOT_USDT_SWAP",
    "ONE_USDT_SWAP",
    "ONT_USDT_SWAP",
    "OP_USDT_SWAP",
    "PARTI_USDT_SWAP",
    "PENGU_USDT_SWAP",
    "PEOPLE_USDT_SWAP",
    "PEPE_USDT_SWAP",
    "PLUME_USDT_SWAP",
    "PNUT_USDT_SWAP",
    "POL_USDT_SWAP",
    "PYTH_USDT_SWAP",
    "RESOLV_USDT_SWAP",
    "RSR_USDT_SWAP",
    "RVN_USDT_SWAP",
    "SATS_USDT_SWAP",
    "SHIB_USDT_SWAP",
    "SIGN_USDT_SWAP",
    "SOL_USDT_SWAP",
    "SOON_USDT_SWAP",
    "SOPH_USDT_SWAP",
    "STRK_USDT_SWAP",
    "SUI_USDT_SWAP",
    "TIA_USDT_SWAP",
    "TRX_USDT_SWAP",
    "TURBO_USDT_SWAP",
    "UNI_USDT_SWAP",
    "WIF_USDT_SWAP",
    "WOO_USDT_SWAP",
    "W_USDT_SWAP",
    "XLM_USDT_SWAP",
    "XRP_USDT_SWAP",
    "YGG_USDT_SWAP",
    "ZIL_USDT_SWAP",
    "ZK_USDT_SWAP"
  ]
}
[2026-07-24T09:03:58Z] chunk=42 exit=0 done_after=42
[2026-07-24T09:03:58Z] chunk=43 done=42/100
resume: skip 42 done symbols (42 marked); remain 58
swap series to scan: 1  workers=1  side=short  resume=True  signal_window=[2025-11-04 00:00:00+00:00, 2026-05-04 00:00:00+00:00)
  HMSTR_USDT_SWAP: 255 YOLO候选 (short)
  … progress 1/1
{
  "side": "short",
  "weights": "/Users/zhangzc/fable-trading/runs/detect/runs/detect/owner_side_short_tip_v1b/weights/best.pt",
  "series_this_chunk": 1,
  "candidates_so_far": 11030,
  "symbols_so_far": 43,
  "pos_rate": 0.2879,
  "out": "data/judgment_yolo_owner_side_short_100_6m.csv",
  "workers": 1,
  "checkpoint": true,
  "signal_time_lo": "2025-11-04 00:00:00+00:00",
  "signal_time_hi": "2026-05-04 00:00:00+00:00",
  "symbols_filter": [
    "AAVE_USDT_SWAP",
    "ACH_USDT_SWAP",
    "ACT_USDT_SWAP",
    "ADA_USDT_SWAP",
    "AEVO_USDT_SWAP",
    "AIXBT_USDT_SWAP",
    "ANIME_USDT_SWAP",
    "APE_USDT_SWAP",
    "APT_USDT_SWAP",
    "ARB_USDT_SWAP",
    "ATH_USDT_SWAP",
    "ATOM_USDT_SWAP",
    "AVAX_USDT_SWAP",
    "BABY_USDT_SWAP",
    "BCH_USDT_SWAP",
    "BICO_USDT_SWAP",
    "BIGTIME_USDT_SWAP",
    "BIO_USDT_SWAP",
    "BLUR_USDT_SWAP",
    "BNB_USDT_SWAP",
    "BOME_USDT_SWAP",
    "BONK_USDT_SWAP",
    "BRETT_USDT_SWAP",
    "BTC_USDT_SWAP",
    "CFX_USDT_SWAP",
    "CHZ_USDT_SWAP",
    "CORE_USDT_SWAP",
    "CRO_USDT_SWAP",
    "DOGE_USDT_SWAP",
    "DOOD_USDT_SWAP",
    "DOT_USDT_SWAP",
    "DYDX_USDT_SWAP",
    "ENJ_USDT_SWAP",
    "ETC_USDT_SWAP",
    "ETH_USDT_SWAP",
    "FIL_USDT_SWAP",
    "FLOKI_USDT_SWAP",
    "GALA_USDT_SWAP",
    "GMT_USDT_SWAP",
    "GPS_USDT_SWAP",
    "GRT_USDT_SWAP",
    "HBAR_USDT_SWAP",
    "HMSTR_USDT_SWAP",
    "HOME_USDT_SWAP",
    "HUMA_USDT_SWAP",
    "ICP_USDT_SWAP",
    "ICX_USDT_SWAP",
    "INJ_USDT_SWAP",
    "IOST_USDT_SWAP",
    "JELLYJELLY_USDT_SWAP",
    "KMNO_USDT_SWAP",
    "LINK_USDT_SWAP",
    "LRC_USDT_SWAP",
    "LTC_USDT_SWAP",
    "LUNA_USDT_SWAP",
    "MAGIC_USDT_SWAP",
    "MEME_USDT_SWAP",
    "MERL_USDT_SWAP",
    "MEW_USDT_SWAP",
    "MINA_USDT_SWAP",
    "MOODENG_USDT_SWAP",
    "MOVE_USDT_SWAP",
    "MUBARAK_USDT_SWAP",
    "NEAR_USDT_SWAP",
    "NEIRO_USDT_SWAP",
    "NOT_USDT_SWAP",
    "ONE_USDT_SWAP",
    "ONT_USDT_SWAP",
    "OP_USDT_SWAP",
    "PARTI_USDT_SWAP",
    "PENGU_USDT_SWAP",
    "PEOPLE_USDT_SWAP",
    "PEPE_USDT_SWAP",
    "PLUME_USDT_SWAP",
    "PNUT_USDT_SWAP",
    "POL_USDT_SWAP",
    "PYTH_USDT_SWAP",
    "RESOLV_USDT_SWAP",
    "RSR_USDT_SWAP",
    "RVN_USDT_SWAP",
    "SATS_USDT_SWAP",
    "SHIB_USDT_SWAP",
    "SIGN_USDT_SWAP",
    "SOL_USDT_SWAP",
    "SOON_USDT_SWAP",
    "SOPH_USDT_SWAP",
    "STRK_USDT_SWAP",
    "SUI_USDT_SWAP",
    "TIA_USDT_SWAP",
    "TRX_USDT_SWAP",
    "TURBO_USDT_SWAP",
    "UNI_USDT_SWAP",
    "WIF_USDT_SWAP",
    "WOO_USDT_SWAP",
    "W_USDT_SWAP",
    "XLM_USDT_SWAP",
    "XRP_USDT_SWAP",
    "YGG_USDT_SWAP",
    "ZIL_USDT_SWAP",
    "ZK_USDT_SWAP"
  ]
}
[2026-07-24T09:04:33Z] chunk=43 exit=0 done_after=43
[2026-07-24T09:04:33Z] chunk=44 done=43/100
resume: skip 43 done symbols (43 marked); remain 57
swap series to scan: 1  workers=1  side=short  resume=True  signal_window=[2025-11-04 00:00:00+00:00, 2026-05-04 00:00:00+00:00)
  HOME_USDT_SWAP: 254 YOLO候选 (short)
  … progress 1/1
{
  "side": "short",
  "weights": "/Users/zhangzc/fable-trading/runs/detect/runs/detect/owner_side_short_tip_v1b/weights/best.pt",
  "series_this_chunk": 1,
  "candidates_so_far": 11284,
  "symbols_so_far": 44,
  "pos_rate": 0.2863,
  "out": "data/judgment_yolo_owner_side_short_100_6m.csv",
  "workers": 1,
  "checkpoint": true,
  "signal_time_lo": "2025-11-04 00:00:00+00:00",
  "signal_time_hi": "2026-05-04 00:00:00+00:00",
  "symbols_filter": [
    "AAVE_USDT_SWAP",
    "ACH_USDT_SWAP",
    "ACT_USDT_SWAP",
    "ADA_USDT_SWAP",
    "AEVO_USDT_SWAP",
    "AIXBT_USDT_SWAP",
    "ANIME_USDT_SWAP",
    "APE_USDT_SWAP",
    "APT_USDT_SWAP",
    "ARB_USDT_SWAP",
    "ATH_USDT_SWAP",
    "ATOM_USDT_SWAP",
    "AVAX_USDT_SWAP",
    "BABY_USDT_SWAP",
    "BCH_USDT_SWAP",
    "BICO_USDT_SWAP",
    "BIGTIME_USDT_SWAP",
    "BIO_USDT_SWAP",
    "BLUR_USDT_SWAP",
    "BNB_USDT_SWAP",
    "BOME_USDT_SWAP",
    "BONK_USDT_SWAP",
    "BRETT_USDT_SWAP",
    "BTC_USDT_SWAP",
    "CFX_USDT_SWAP",
    "CHZ_USDT_SWAP",
    "CORE_USDT_SWAP",
    "CRO_USDT_SWAP",
    "DOGE_USDT_SWAP",
    "DOOD_USDT_SWAP",
    "DOT_USDT_SWAP",
    "DYDX_USDT_SWAP",
    "ENJ_USDT_SWAP",
    "ETC_USDT_SWAP",
    "ETH_USDT_SWAP",
    "FIL_USDT_SWAP",
    "FLOKI_USDT_SWAP",
    "GALA_USDT_SWAP",
    "GMT_USDT_SWAP",
    "GPS_USDT_SWAP",
    "GRT_USDT_SWAP",
    "HBAR_USDT_SWAP",
    "HMSTR_USDT_SWAP",
    "HOME_USDT_SWAP",
    "HUMA_USDT_SWAP",
    "ICP_USDT_SWAP",
    "ICX_USDT_SWAP",
    "INJ_USDT_SWAP",
    "IOST_USDT_SWAP",
    "JELLYJELLY_USDT_SWAP",
    "KMNO_USDT_SWAP",
    "LINK_USDT_SWAP",
    "LRC_USDT_SWAP",
    "LTC_USDT_SWAP",
    "LUNA_USDT_SWAP",
    "MAGIC_USDT_SWAP",
    "MEME_USDT_SWAP",
    "MERL_USDT_SWAP",
    "MEW_USDT_SWAP",
    "MINA_USDT_SWAP",
    "MOODENG_USDT_SWAP",
    "MOVE_USDT_SWAP",
    "MUBARAK_USDT_SWAP",
    "NEAR_USDT_SWAP",
    "NEIRO_USDT_SWAP",
    "NOT_USDT_SWAP",
    "ONE_USDT_SWAP",
    "ONT_USDT_SWAP",
    "OP_USDT_SWAP",
    "PARTI_USDT_SWAP",
    "PENGU_USDT_SWAP",
    "PEOPLE_USDT_SWAP",
    "PEPE_USDT_SWAP",
    "PLUME_USDT_SWAP",
    "PNUT_USDT_SWAP",
    "POL_USDT_SWAP",
    "PYTH_USDT_SWAP",
    "RESOLV_USDT_SWAP",
    "RSR_USDT_SWAP",
    "RVN_USDT_SWAP",
    "SATS_USDT_SWAP",
    "SHIB_USDT_SWAP",
    "SIGN_USDT_SWAP",
    "SOL_USDT_SWAP",
    "SOON_USDT_SWAP",
    "SOPH_USDT_SWAP",
    "STRK_USDT_SWAP",
    "SUI_USDT_SWAP",
    "TIA_USDT_SWAP",
    "TRX_USDT_SWAP",
    "TURBO_USDT_SWAP",
    "UNI_USDT_SWAP",
    "WIF_USDT_SWAP",
    "WOO_USDT_SWAP",
    "W_USDT_SWAP",
    "XLM_USDT_SWAP",
    "XRP_USDT_SWAP",
    "YGG_USDT_SWAP",
    "ZIL_USDT_SWAP",
    "ZK_USDT_SWAP"
  ]
}
[2026-07-24T09:05:07Z] chunk=44 exit=0 done_after=44
[2026-07-24T09:05:07Z] chunk=45 done=44/100
resume: skip 44 done symbols (44 marked); remain 56
swap series to scan: 1  workers=1  side=short  resume=True  signal_window=[2025-11-04 00:00:00+00:00, 2026-05-04 00:00:00+00:00)
  HUMA_USDT_SWAP: 258 YOLO候选 (short)
  … progress 1/1
{
  "side": "short",
  "weights": "/Users/zhangzc/fable-trading/runs/detect/runs/detect/owner_side_short_tip_v1b/weights/best.pt",
  "series_this_chunk": 1,
  "candidates_so_far": 11542,
  "symbols_so_far": 45,
  "pos_rate": 0.2858,
  "out": "data/judgment_yolo_owner_side_short_100_6m.csv",
  "workers": 1,
  "checkpoint": true,
  "signal_time_lo": "2025-11-04 00:00:00+00:00",
  "signal_time_hi": "2026-05-04 00:00:00+00:00",
  "symbols_filter": [
    "AAVE_USDT_SWAP",
    "ACH_USDT_SWAP",
    "ACT_USDT_SWAP",
    "ADA_USDT_SWAP",
    "AEVO_USDT_SWAP",
    "AIXBT_USDT_SWAP",
    "ANIME_USDT_SWAP",
    "APE_USDT_SWAP",
    "APT_USDT_SWAP",
    "ARB_USDT_SWAP",
    "ATH_USDT_SWAP",
    "ATOM_USDT_SWAP",
    "AVAX_USDT_SWAP",
    "BABY_USDT_SWAP",
    "BCH_USDT_SWAP",
    "BICO_USDT_SWAP",
    "BIGTIME_USDT_SWAP",
    "BIO_USDT_SWAP",
    "BLUR_USDT_SWAP",
    "BNB_USDT_SWAP",
    "BOME_USDT_SWAP",
    "BONK_USDT_SWAP",
    "BRETT_USDT_SWAP",
    "BTC_USDT_SWAP",
    "CFX_USDT_SWAP",
    "CHZ_USDT_SWAP",
    "CORE_USDT_SWAP",
    "CRO_USDT_SWAP",
    "DOGE_USDT_SWAP",
    "DOOD_USDT_SWAP",
    "DOT_USDT_SWAP",
    "DYDX_USDT_SWAP",
    "ENJ_USDT_SWAP",
    "ETC_USDT_SWAP",
    "ETH_USDT_SWAP",
    "FIL_USDT_SWAP",
    "FLOKI_USDT_SWAP",
    "GALA_USDT_SWAP",
    "GMT_USDT_SWAP",
    "GPS_USDT_SWAP",
    "GRT_USDT_SWAP",
    "HBAR_USDT_SWAP",
    "HMSTR_USDT_SWAP",
    "HOME_USDT_SWAP",
    "HUMA_USDT_SWAP",
    "ICP_USDT_SWAP",
    "ICX_USDT_SWAP",
    "INJ_USDT_SWAP",
    "IOST_USDT_SWAP",
    "JELLYJELLY_USDT_SWAP",
    "KMNO_USDT_SWAP",
    "LINK_USDT_SWAP",
    "LRC_USDT_SWAP",
    "LTC_USDT_SWAP",
    "LUNA_USDT_SWAP",
    "MAGIC_USDT_SWAP",
    "MEME_USDT_SWAP",
    "MERL_USDT_SWAP",
    "MEW_USDT_SWAP",
    "MINA_USDT_SWAP",
    "MOODENG_USDT_SWAP",
    "MOVE_USDT_SWAP",
    "MUBARAK_USDT_SWAP",
    "NEAR_USDT_SWAP",
    "NEIRO_USDT_SWAP",
    "NOT_USDT_SWAP",
    "ONE_USDT_SWAP",
    "ONT_USDT_SWAP",
    "OP_USDT_SWAP",
    "PARTI_USDT_SWAP",
    "PENGU_USDT_SWAP",
    "PEOPLE_USDT_SWAP",
    "PEPE_USDT_SWAP",
    "PLUME_USDT_SWAP",
    "PNUT_USDT_SWAP",
    "POL_USDT_SWAP",
    "PYTH_USDT_SWAP",
    "RESOLV_USDT_SWAP",
    "RSR_USDT_SWAP",
    "RVN_USDT_SWAP",
    "SATS_USDT_SWAP",
    "SHIB_USDT_SWAP",
    "SIGN_USDT_SWAP",
    "SOL_USDT_SWAP",
    "SOON_USDT_SWAP",
    "SOPH_USDT_SWAP",
    "STRK_USDT_SWAP",
    "SUI_USDT_SWAP",
    "TIA_USDT_SWAP",
    "TRX_USDT_SWAP",
    "TURBO_USDT_SWAP",
    "UNI_USDT_SWAP",
    "WIF_USDT_SWAP",
    "WOO_USDT_SWAP",
    "W_USDT_SWAP",
    "XLM_USDT_SWAP",
    "XRP_USDT_SWAP",
    "YGG_USDT_SWAP",
    "ZIL_USDT_SWAP",
    "ZK_USDT_SWAP"
  ]
}
[2026-07-24T09:05:43Z] chunk=45 exit=0 done_after=45
[2026-07-24T09:05:43Z] chunk=46 done=45/100
resume: skip 45 done symbols (45 marked); remain 55
swap series to scan: 1  workers=1  side=short  resume=True  signal_window=[2025-11-04 00:00:00+00:00, 2026-05-04 00:00:00+00:00)
  ICP_USDT_SWAP: 259 YOLO候选 (short)
  … progress 1/1
{
  "side": "short",
  "weights": "/Users/zhangzc/fable-trading/runs/detect/runs/detect/owner_side_short_tip_v1b/weights/best.pt",
  "series_this_chunk": 1,
  "candidates_so_far": 11801,
  "symbols_so_far": 46,
  "pos_rate": 0.2852,
  "out": "data/judgment_yolo_owner_side_short_100_6m.csv",
  "workers": 1,
  "checkpoint": true,
  "signal_time_lo": "2025-11-04 00:00:00+00:00",
  "signal_time_hi": "2026-05-04 00:00:00+00:00",
  "symbols_filter": [
    "AAVE_USDT_SWAP",
    "ACH_USDT_SWAP",
    "ACT_USDT_SWAP",
    "ADA_USDT_SWAP",
    "AEVO_USDT_SWAP",
    "AIXBT_USDT_SWAP",
    "ANIME_USDT_SWAP",
    "APE_USDT_SWAP",
    "APT_USDT_SWAP",
    "ARB_USDT_SWAP",
    "ATH_USDT_SWAP",
    "ATOM_USDT_SWAP",
    "AVAX_USDT_SWAP",
    "BABY_USDT_SWAP",
    "BCH_USDT_SWAP",
    "BICO_USDT_SWAP",
    "BIGTIME_USDT_SWAP",
    "BIO_USDT_SWAP",
    "BLUR_USDT_SWAP",
    "BNB_USDT_SWAP",
    "BOME_USDT_SWAP",
    "BONK_USDT_SWAP",
    "BRETT_USDT_SWAP",
    "BTC_USDT_SWAP",
    "CFX_USDT_SWAP",
    "CHZ_USDT_SWAP",
    "CORE_USDT_SWAP",
    "CRO_USDT_SWAP",
    "DOGE_USDT_SWAP",
    "DOOD_USDT_SWAP",
    "DOT_USDT_SWAP",
    "DYDX_USDT_SWAP",
    "ENJ_USDT_SWAP",
    "ETC_USDT_SWAP",
    "ETH_USDT_SWAP",
    "FIL_USDT_SWAP",
    "FLOKI_USDT_SWAP",
    "GALA_USDT_SWAP",
    "GMT_USDT_SWAP",
    "GPS_USDT_SWAP",
    "GRT_USDT_SWAP",
    "HBAR_USDT_SWAP",
    "HMSTR_USDT_SWAP",
    "HOME_USDT_SWAP",
    "HUMA_USDT_SWAP",
    "ICP_USDT_SWAP",
    "ICX_USDT_SWAP",
    "INJ_USDT_SWAP",
    "IOST_USDT_SWAP",
    "JELLYJELLY_USDT_SWAP",
    "KMNO_USDT_SWAP",
    "LINK_USDT_SWAP",
    "LRC_USDT_SWAP",
    "LTC_USDT_SWAP",
    "LUNA_USDT_SWAP",
    "MAGIC_USDT_SWAP",
    "MEME_USDT_SWAP",
    "MERL_USDT_SWAP",
    "MEW_USDT_SWAP",
    "MINA_USDT_SWAP",
    "MOODENG_USDT_SWAP",
    "MOVE_USDT_SWAP",
    "MUBARAK_USDT_SWAP",
    "NEAR_USDT_SWAP",
    "NEIRO_USDT_SWAP",
    "NOT_USDT_SWAP",
    "ONE_USDT_SWAP",
    "ONT_USDT_SWAP",
    "OP_USDT_SWAP",
    "PARTI_USDT_SWAP",
    "PENGU_USDT_SWAP",
    "PEOPLE_USDT_SWAP",
    "PEPE_USDT_SWAP",
    "PLUME_USDT_SWAP",
    "PNUT_USDT_SWAP",
    "POL_USDT_SWAP",
    "PYTH_USDT_SWAP",
    "RESOLV_USDT_SWAP",
    "RSR_USDT_SWAP",
    "RVN_USDT_SWAP",
    "SATS_USDT_SWAP",
    "SHIB_USDT_SWAP",
    "SIGN_USDT_SWAP",
    "SOL_USDT_SWAP",
    "SOON_USDT_SWAP",
    "SOPH_USDT_SWAP",
    "STRK_USDT_SWAP",
    "SUI_USDT_SWAP",
    "TIA_USDT_SWAP",
    "TRX_USDT_SWAP",
    "TURBO_USDT_SWAP",
    "UNI_USDT_SWAP",
    "WIF_USDT_SWAP",
    "WOO_USDT_SWAP",
    "W_USDT_SWAP",
    "XLM_USDT_SWAP",
    "XRP_USDT_SWAP",
    "YGG_USDT_SWAP",
    "ZIL_USDT_SWAP",
    "ZK_USDT_SWAP"
  ]
}
[2026-07-24T09:06:18Z] chunk=46 exit=0 done_after=46
[2026-07-24T09:06:18Z] chunk=47 done=46/100
resume: skip 46 done symbols (46 marked); remain 54
swap series to scan: 1  workers=1  side=short  resume=True  signal_window=[2025-11-04 00:00:00+00:00, 2026-05-04 00:00:00+00:00)
  ICX_USDT_SWAP: 244 YOLO候选 (short)
  … progress 1/1
{
  "side": "short",
  "weights": "/Users/zhangzc/fable-trading/runs/detect/runs/detect/owner_side_short_tip_v1b/weights/best.pt",
  "series_this_chunk": 1,
  "candidates_so_far": 12045,
  "symbols_so_far": 47,
  "pos_rate": 0.2855,
  "out": "data/judgment_yolo_owner_side_short_100_6m.csv",
  "workers": 1,
  "checkpoint": true,
  "signal_time_lo": "2025-11-04 00:00:00+00:00",
  "signal_time_hi": "2026-05-04 00:00:00+00:00",
  "symbols_filter": [
    "AAVE_USDT_SWAP",
    "ACH_USDT_SWAP",
    "ACT_USDT_SWAP",
    "ADA_USDT_SWAP",
    "AEVO_USDT_SWAP",
    "AIXBT_USDT_SWAP",
    "ANIME_USDT_SWAP",
    "APE_USDT_SWAP",
    "APT_USDT_SWAP",
    "ARB_USDT_SWAP",
    "ATH_USDT_SWAP",
    "ATOM_USDT_SWAP",
    "AVAX_USDT_SWAP",
    "BABY_USDT_SWAP",
    "BCH_USDT_SWAP",
    "BICO_USDT_SWAP",
    "BIGTIME_USDT_SWAP",
    "BIO_USDT_SWAP",
    "BLUR_USDT_SWAP",
    "BNB_USDT_SWAP",
    "BOME_USDT_SWAP",
    "BONK_USDT_SWAP",
    "BRETT_USDT_SWAP",
    "BTC_USDT_SWAP",
    "CFX_USDT_SWAP",
    "CHZ_USDT_SWAP",
    "CORE_USDT_SWAP",
    "CRO_USDT_SWAP",
    "DOGE_USDT_SWAP",
    "DOOD_USDT_SWAP",
    "DOT_USDT_SWAP",
    "DYDX_USDT_SWAP",
    "ENJ_USDT_SWAP",
    "ETC_USDT_SWAP",
    "ETH_USDT_SWAP",
    "FIL_USDT_SWAP",
    "FLOKI_USDT_SWAP",
    "GALA_USDT_SWAP",
    "GMT_USDT_SWAP",
    "GPS_USDT_SWAP",
    "GRT_USDT_SWAP",
    "HBAR_USDT_SWAP",
    "HMSTR_USDT_SWAP",
    "HOME_USDT_SWAP",
    "HUMA_USDT_SWAP",
    "ICP_USDT_SWAP",
    "ICX_USDT_SWAP",
    "INJ_USDT_SWAP",
    "IOST_USDT_SWAP",
    "JELLYJELLY_USDT_SWAP",
    "KMNO_USDT_SWAP",
    "LINK_USDT_SWAP",
    "LRC_USDT_SWAP",
    "LTC_USDT_SWAP",
    "LUNA_USDT_SWAP",
    "MAGIC_USDT_SWAP",
    "MEME_USDT_SWAP",
    "MERL_USDT_SWAP",
    "MEW_USDT_SWAP",
    "MINA_USDT_SWAP",
    "MOODENG_USDT_SWAP",
    "MOVE_USDT_SWAP",
    "MUBARAK_USDT_SWAP",
    "NEAR_USDT_SWAP",
    "NEIRO_USDT_SWAP",
    "NOT_USDT_SWAP",
    "ONE_USDT_SWAP",
    "ONT_USDT_SWAP",
    "OP_USDT_SWAP",
    "PARTI_USDT_SWAP",
    "PENGU_USDT_SWAP",
    "PEOPLE_USDT_SWAP",
    "PEPE_USDT_SWAP",
    "PLUME_USDT_SWAP",
    "PNUT_USDT_SWAP",
    "POL_USDT_SWAP",
    "PYTH_USDT_SWAP",
    "RESOLV_USDT_SWAP",
    "RSR_USDT_SWAP",
    "RVN_USDT_SWAP",
    "SATS_USDT_SWAP",
    "SHIB_USDT_SWAP",
    "SIGN_USDT_SWAP",
    "SOL_USDT_SWAP",
    "SOON_USDT_SWAP",
    "SOPH_USDT_SWAP",
    "STRK_USDT_SWAP",
    "SUI_USDT_SWAP",
    "TIA_USDT_SWAP",
    "TRX_USDT_SWAP",
    "TURBO_USDT_SWAP",
    "UNI_USDT_SWAP",
    "WIF_USDT_SWAP",
    "WOO_USDT_SWAP",
    "W_USDT_SWAP",
    "XLM_USDT_SWAP",
    "XRP_USDT_SWAP",
    "YGG_USDT_SWAP",
    "ZIL_USDT_SWAP",
    "ZK_USDT_SWAP"
  ]
}
[2026-07-24T09:06:54Z] chunk=47 exit=0 done_after=47
[2026-07-24T09:06:54Z] chunk=48 done=47/100
resume: skip 47 done symbols (47 marked); remain 53
swap series to scan: 1  workers=1  side=short  resume=True  signal_window=[2025-11-04 00:00:00+00:00, 2026-05-04 00:00:00+00:00)
  INJ_USDT_SWAP: 257 YOLO候选 (short)
  … progress 1/1
{
  "side": "short",
  "weights": "/Users/zhangzc/fable-trading/runs/detect/runs/detect/owner_side_short_tip_v1b/weights/best.pt",
  "series_this_chunk": 1,
  "candidates_so_far": 12302,
  "symbols_so_far": 48,
  "pos_rate": 0.2849,
  "out": "data/judgment_yolo_owner_side_short_100_6m.csv",
  "workers": 1,
  "checkpoint": true,
  "signal_time_lo": "2025-11-04 00:00:00+00:00",
  "signal_time_hi": "2026-05-04 00:00:00+00:00",
  "symbols_filter": [
    "AAVE_USDT_SWAP",
    "ACH_USDT_SWAP",
    "ACT_USDT_SWAP",
    "ADA_USDT_SWAP",
    "AEVO_USDT_SWAP",
    "AIXBT_USDT_SWAP",
    "ANIME_USDT_SWAP",
    "APE_USDT_SWAP",
    "APT_USDT_SWAP",
    "ARB_USDT_SWAP",
    "ATH_USDT_SWAP",
    "ATOM_USDT_SWAP",
    "AVAX_USDT_SWAP",
    "BABY_USDT_SWAP",
    "BCH_USDT_SWAP",
    "BICO_USDT_SWAP",
    "BIGTIME_USDT_SWAP",
    "BIO_USDT_SWAP",
    "BLUR_USDT_SWAP",
    "BNB_USDT_SWAP",
    "BOME_USDT_SWAP",
    "BONK_USDT_SWAP",
    "BRETT_USDT_SWAP",
    "BTC_USDT_SWAP",
    "CFX_USDT_SWAP",
    "CHZ_USDT_SWAP",
    "CORE_USDT_SWAP",
    "CRO_USDT_SWAP",
    "DOGE_USDT_SWAP",
    "DOOD_USDT_SWAP",
    "DOT_USDT_SWAP",
    "DYDX_USDT_SWAP",
    "ENJ_USDT_SWAP",
    "ETC_USDT_SWAP",
    "ETH_USDT_SWAP",
    "FIL_USDT_SWAP",
    "FLOKI_USDT_SWAP",
    "GALA_USDT_SWAP",
    "GMT_USDT_SWAP",
    "GPS_USDT_SWAP",
    "GRT_USDT_SWAP",
    "HBAR_USDT_SWAP",
    "HMSTR_USDT_SWAP",
    "HOME_USDT_SWAP",
    "HUMA_USDT_SWAP",
    "ICP_USDT_SWAP",
    "ICX_USDT_SWAP",
    "INJ_USDT_SWAP",
    "IOST_USDT_SWAP",
    "JELLYJELLY_USDT_SWAP",
    "KMNO_USDT_SWAP",
    "LINK_USDT_SWAP",
    "LRC_USDT_SWAP",
    "LTC_USDT_SWAP",
    "LUNA_USDT_SWAP",
    "MAGIC_USDT_SWAP",
    "MEME_USDT_SWAP",
    "MERL_USDT_SWAP",
    "MEW_USDT_SWAP",
    "MINA_USDT_SWAP",
    "MOODENG_USDT_SWAP",
    "MOVE_USDT_SWAP",
    "MUBARAK_USDT_SWAP",
    "NEAR_USDT_SWAP",
    "NEIRO_USDT_SWAP",
    "NOT_USDT_SWAP",
    "ONE_USDT_SWAP",
    "ONT_USDT_SWAP",
    "OP_USDT_SWAP",
    "PARTI_USDT_SWAP",
    "PENGU_USDT_SWAP",
    "PEOPLE_USDT_SWAP",
    "PEPE_USDT_SWAP",
    "PLUME_USDT_SWAP",
    "PNUT_USDT_SWAP",
    "POL_USDT_SWAP",
    "PYTH_USDT_SWAP",
    "RESOLV_USDT_SWAP",
    "RSR_USDT_SWAP",
    "RVN_USDT_SWAP",
    "SATS_USDT_SWAP",
    "SHIB_USDT_SWAP",
    "SIGN_USDT_SWAP",
    "SOL_USDT_SWAP",
    "SOON_USDT_SWAP",
    "SOPH_USDT_SWAP",
    "STRK_USDT_SWAP",
    "SUI_USDT_SWAP",
    "TIA_USDT_SWAP",
    "TRX_USDT_SWAP",
    "TURBO_USDT_SWAP",
    "UNI_USDT_SWAP",
    "WIF_USDT_SWAP",
    "WOO_USDT_SWAP",
    "W_USDT_SWAP",
    "XLM_USDT_SWAP",
    "XRP_USDT_SWAP",
    "YGG_USDT_SWAP",
    "ZIL_USDT_SWAP",
    "ZK_USDT_SWAP"
  ]
}
[2026-07-24T09:07:28Z] chunk=48 exit=0 done_after=48
[2026-07-24T09:07:28Z] chunk=49 done=48/100
resume: skip 48 done symbols (48 marked); remain 52
swap series to scan: 1  workers=1  side=short  resume=True  signal_window=[2025-11-04 00:00:00+00:00, 2026-05-04 00:00:00+00:00)
  IOST_USDT_SWAP: 252 YOLO候选 (short)
  … progress 1/1
{
  "side": "short",
  "weights": "/Users/zhangzc/fable-trading/runs/detect/runs/detect/owner_side_short_tip_v1b/weights/best.pt",
  "series_this_chunk": 1,
  "candidates_so_far": 12554,
  "symbols_so_far": 49,
  "pos_rate": 0.2846,
  "out": "data/judgment_yolo_owner_side_short_100_6m.csv",
  "workers": 1,
  "checkpoint": true,
  "signal_time_lo": "2025-11-04 00:00:00+00:00",
  "signal_time_hi": "2026-05-04 00:00:00+00:00",
  "symbols_filter": [
    "AAVE_USDT_SWAP",
    "ACH_USDT_SWAP",
    "ACT_USDT_SWAP",
    "ADA_USDT_SWAP",
    "AEVO_USDT_SWAP",
    "AIXBT_USDT_SWAP",
    "ANIME_USDT_SWAP",
    "APE_USDT_SWAP",
    "APT_USDT_SWAP",
    "ARB_USDT_SWAP",
    "ATH_USDT_SWAP",
    "ATOM_USDT_SWAP",
    "AVAX_USDT_SWAP",
    "BABY_USDT_SWAP",
    "BCH_USDT_SWAP",
    "BICO_USDT_SWAP",
    "BIGTIME_USDT_SWAP",
    "BIO_USDT_SWAP",
    "BLUR_USDT_SWAP",
    "BNB_USDT_SWAP",
    "BOME_USDT_SWAP",
    "BONK_USDT_SWAP",
    "BRETT_USDT_SWAP",
    "BTC_USDT_SWAP",
    "CFX_USDT_SWAP",
    "CHZ_USDT_SWAP",
    "CORE_USDT_SWAP",
    "CRO_USDT_SWAP",
    "DOGE_USDT_SWAP",
    "DOOD_USDT_SWAP",
    "DOT_USDT_SWAP",
    "DYDX_USDT_SWAP",
    "ENJ_USDT_SWAP",
    "ETC_USDT_SWAP",
    "ETH_USDT_SWAP",
    "FIL_USDT_SWAP",
    "FLOKI_USDT_SWAP",
    "GALA_USDT_SWAP",
    "GMT_USDT_SWAP",
    "GPS_USDT_SWAP",
    "GRT_USDT_SWAP",
    "HBAR_USDT_SWAP",
    "HMSTR_USDT_SWAP",
    "HOME_USDT_SWAP",
    "HUMA_USDT_SWAP",
    "ICP_USDT_SWAP",
    "ICX_USDT_SWAP",
    "INJ_USDT_SWAP",
    "IOST_USDT_SWAP",
    "JELLYJELLY_USDT_SWAP",
    "KMNO_USDT_SWAP",
    "LINK_USDT_SWAP",
    "LRC_USDT_SWAP",
    "LTC_USDT_SWAP",
    "LUNA_USDT_SWAP",
    "MAGIC_USDT_SWAP",
    "MEME_USDT_SWAP",
    "MERL_USDT_SWAP",
    "MEW_USDT_SWAP",
    "MINA_USDT_SWAP",
    "MOODENG_USDT_SWAP",
    "MOVE_USDT_SWAP",
    "MUBARAK_USDT_SWAP",
    "NEAR_USDT_SWAP",
    "NEIRO_USDT_SWAP",
    "NOT_USDT_SWAP",
    "ONE_USDT_SWAP",
    "ONT_USDT_SWAP",
    "OP_USDT_SWAP",
    "PARTI_USDT_SWAP",
    "PENGU_USDT_SWAP",
    "PEOPLE_USDT_SWAP",
    "PEPE_USDT_SWAP",
    "PLUME_USDT_SWAP",
    "PNUT_USDT_SWAP",
    "POL_USDT_SWAP",
    "PYTH_USDT_SWAP",
    "RESOLV_USDT_SWAP",
    "RSR_USDT_SWAP",
    "RVN_USDT_SWAP",
    "SATS_USDT_SWAP",
    "SHIB_USDT_SWAP",
    "SIGN_USDT_SWAP",
    "SOL_USDT_SWAP",
    "SOON_USDT_SWAP",
    "SOPH_USDT_SWAP",
    "STRK_USDT_SWAP",
    "SUI_USDT_SWAP",
    "TIA_USDT_SWAP",
    "TRX_USDT_SWAP",
    "TURBO_USDT_SWAP",
    "UNI_USDT_SWAP",
    "WIF_USDT_SWAP",
    "WOO_USDT_SWAP",
    "W_USDT_SWAP",
    "XLM_USDT_SWAP",
    "XRP_USDT_SWAP",
    "YGG_USDT_SWAP",
    "ZIL_USDT_SWAP",
    "ZK_USDT_SWAP"
  ]
}
[2026-07-24T09:08:03Z] chunk=49 exit=0 done_after=49
[2026-07-24T09:08:03Z] chunk=50 done=49/100
resume: skip 49 done symbols (49 marked); remain 51
swap series to scan: 1  workers=1  side=short  resume=True  signal_window=[2025-11-04 00:00:00+00:00, 2026-05-04 00:00:00+00:00)
  JELLYJELLY_USDT_SWAP: 258 YOLO候选 (short)
  … progress 1/1
{
  "side": "short",
  "weights": "/Users/zhangzc/fable-trading/runs/detect/runs/detect/owner_side_short_tip_v1b/weights/best.pt",
  "series_this_chunk": 1,
  "candidates_so_far": 12812,
  "symbols_so_far": 50,
  "pos_rate": 0.2833,
  "out": "data/judgment_yolo_owner_side_short_100_6m.csv",
  "workers": 1,
  "checkpoint": true,
  "signal_time_lo": "2025-11-04 00:00:00+00:00",
  "signal_time_hi": "2026-05-04 00:00:00+00:00",
  "symbols_filter": [
    "AAVE_USDT_SWAP",
    "ACH_USDT_SWAP",
    "ACT_USDT_SWAP",
    "ADA_USDT_SWAP",
    "AEVO_USDT_SWAP",
    "AIXBT_USDT_SWAP",
    "ANIME_USDT_SWAP",
    "APE_USDT_SWAP",
    "APT_USDT_SWAP",
    "ARB_USDT_SWAP",
    "ATH_USDT_SWAP",
    "ATOM_USDT_SWAP",
    "AVAX_USDT_SWAP",
    "BABY_USDT_SWAP",
    "BCH_USDT_SWAP",
    "BICO_USDT_SWAP",
    "BIGTIME_USDT_SWAP",
    "BIO_USDT_SWAP",
    "BLUR_USDT_SWAP",
    "BNB_USDT_SWAP",
    "BOME_USDT_SWAP",
    "BONK_USDT_SWAP",
    "BRETT_USDT_SWAP",
    "BTC_USDT_SWAP",
    "CFX_USDT_SWAP",
    "CHZ_USDT_SWAP",
    "CORE_USDT_SWAP",
    "CRO_USDT_SWAP",
    "DOGE_USDT_SWAP",
    "DOOD_USDT_SWAP",
    "DOT_USDT_SWAP",
    "DYDX_USDT_SWAP",
    "ENJ_USDT_SWAP",
    "ETC_USDT_SWAP",
    "ETH_USDT_SWAP",
    "FIL_USDT_SWAP",
    "FLOKI_USDT_SWAP",
    "GALA_USDT_SWAP",
    "GMT_USDT_SWAP",
    "GPS_USDT_SWAP",
    "GRT_USDT_SWAP",
    "HBAR_USDT_SWAP",
    "HMSTR_USDT_SWAP",
    "HOME_USDT_SWAP",
    "HUMA_USDT_SWAP",
    "ICP_USDT_SWAP",
    "ICX_USDT_SWAP",
    "INJ_USDT_SWAP",
    "IOST_USDT_SWAP",
    "JELLYJELLY_USDT_SWAP",
    "KMNO_USDT_SWAP",
    "LINK_USDT_SWAP",
    "LRC_USDT_SWAP",
    "LTC_USDT_SWAP",
    "LUNA_USDT_SWAP",
    "MAGIC_USDT_SWAP",
    "MEME_USDT_SWAP",
    "MERL_USDT_SWAP",
    "MEW_USDT_SWAP",
    "MINA_USDT_SWAP",
    "MOODENG_USDT_SWAP",
    "MOVE_USDT_SWAP",
    "MUBARAK_USDT_SWAP",
    "NEAR_USDT_SWAP",
    "NEIRO_USDT_SWAP",
    "NOT_USDT_SWAP",
    "ONE_USDT_SWAP",
    "ONT_USDT_SWAP",
    "OP_USDT_SWAP",
    "PARTI_USDT_SWAP",
    "PENGU_USDT_SWAP",
    "PEOPLE_USDT_SWAP",
    "PEPE_USDT_SWAP",
    "PLUME_USDT_SWAP",
    "PNUT_USDT_SWAP",
    "POL_USDT_SWAP",
    "PYTH_USDT_SWAP",
    "RESOLV_USDT_SWAP",
    "RSR_USDT_SWAP",
    "RVN_USDT_SWAP",
    "SATS_USDT_SWAP",
    "SHIB_USDT_SWAP",
    "SIGN_USDT_SWAP",
    "SOL_USDT_SWAP",
    "SOON_USDT_SWAP",
    "SOPH_USDT_SWAP",
    "STRK_USDT_SWAP",
    "SUI_USDT_SWAP",
    "TIA_USDT_SWAP",
    "TRX_USDT_SWAP",
    "TURBO_USDT_SWAP",
    "UNI_USDT_SWAP",
    "WIF_USDT_SWAP",
    "WOO_USDT_SWAP",
    "W_USDT_SWAP",
    "XLM_USDT_SWAP",
    "XRP_USDT_SWAP",
    "YGG_USDT_SWAP",
    "ZIL_USDT_SWAP",
    "ZK_USDT_SWAP"
  ]
}
[2026-07-24T09:08:40Z] chunk=50 exit=0 done_after=50
[2026-07-24T09:08:40Z] chunk=51 done=50/100
resume: skip 50 done symbols (50 marked); remain 50
swap series to scan: 1  workers=1  side=short  resume=True  signal_window=[2025-11-04 00:00:00+00:00, 2026-05-04 00:00:00+00:00)
  KMNO_USDT_SWAP: 267 YOLO候选 (short)
  … progress 1/1
{
  "side": "short",
  "weights": "/Users/zhangzc/fable-trading/runs/detect/runs/detect/owner_side_short_tip_v1b/weights/best.pt",
  "series_this_chunk": 1,
  "candidates_so_far": 13079,
  "symbols_so_far": 51,
  "pos_rate": 0.2834,
  "out": "data/judgment_yolo_owner_side_short_100_6m.csv",
  "workers": 1,
  "checkpoint": true,
  "signal_time_lo": "2025-11-04 00:00:00+00:00",
  "signal_time_hi": "2026-05-04 00:00:00+00:00",
  "symbols_filter": [
    "AAVE_USDT_SWAP",
    "ACH_USDT_SWAP",
    "ACT_USDT_SWAP",
    "ADA_USDT_SWAP",
    "AEVO_USDT_SWAP",
    "AIXBT_USDT_SWAP",
    "ANIME_USDT_SWAP",
    "APE_USDT_SWAP",
    "APT_USDT_SWAP",
    "ARB_USDT_SWAP",
    "ATH_USDT_SWAP",
    "ATOM_USDT_SWAP",
    "AVAX_USDT_SWAP",
    "BABY_USDT_SWAP",
    "BCH_USDT_SWAP",
    "BICO_USDT_SWAP",
    "BIGTIME_USDT_SWAP",
    "BIO_USDT_SWAP",
    "BLUR_USDT_SWAP",
    "BNB_USDT_SWAP",
    "BOME_USDT_SWAP",
    "BONK_USDT_SWAP",
    "BRETT_USDT_SWAP",
    "BTC_USDT_SWAP",
    "CFX_USDT_SWAP",
    "CHZ_USDT_SWAP",
    "CORE_USDT_SWAP",
    "CRO_USDT_SWAP",
    "DOGE_USDT_SWAP",
    "DOOD_USDT_SWAP",
    "DOT_USDT_SWAP",
    "DYDX_USDT_SWAP",
    "ENJ_USDT_SWAP",
    "ETC_USDT_SWAP",
    "ETH_USDT_SWAP",
    "FIL_USDT_SWAP",
    "FLOKI_USDT_SWAP",
    "GALA_USDT_SWAP",
    "GMT_USDT_SWAP",
    "GPS_USDT_SWAP",
    "GRT_USDT_SWAP",
    "HBAR_USDT_SWAP",
    "HMSTR_USDT_SWAP",
    "HOME_USDT_SWAP",
    "HUMA_USDT_SWAP",
    "ICP_USDT_SWAP",
    "ICX_USDT_SWAP",
    "INJ_USDT_SWAP",
    "IOST_USDT_SWAP",
    "JELLYJELLY_USDT_SWAP",
    "KMNO_USDT_SWAP",
    "LINK_USDT_SWAP",
    "LRC_USDT_SWAP",
    "LTC_USDT_SWAP",
    "LUNA_USDT_SWAP",
    "MAGIC_USDT_SWAP",
    "MEME_USDT_SWAP",
    "MERL_USDT_SWAP",
    "MEW_USDT_SWAP",
    "MINA_USDT_SWAP",
    "MOODENG_USDT_SWAP",
    "MOVE_USDT_SWAP",
    "MUBARAK_USDT_SWAP",
    "NEAR_USDT_SWAP",
    "NEIRO_USDT_SWAP",
    "NOT_USDT_SWAP",
    "ONE_USDT_SWAP",
    "ONT_USDT_SWAP",
    "OP_USDT_SWAP",
    "PARTI_USDT_SWAP",
    "PENGU_USDT_SWAP",
    "PEOPLE_USDT_SWAP",
    "PEPE_USDT_SWAP",
    "PLUME_USDT_SWAP",
    "PNUT_USDT_SWAP",
    "POL_USDT_SWAP",
    "PYTH_USDT_SWAP",
    "RESOLV_USDT_SWAP",
    "RSR_USDT_SWAP",
    "RVN_USDT_SWAP",
    "SATS_USDT_SWAP",
    "SHIB_USDT_SWAP",
    "SIGN_USDT_SWAP",
    "SOL_USDT_SWAP",
    "SOON_USDT_SWAP",
    "SOPH_USDT_SWAP",
    "STRK_USDT_SWAP",
    "SUI_USDT_SWAP",
    "TIA_USDT_SWAP",
    "TRX_USDT_SWAP",
    "TURBO_USDT_SWAP",
    "UNI_USDT_SWAP",
    "WIF_USDT_SWAP",
    "WOO_USDT_SWAP",
    "W_USDT_SWAP",
    "XLM_USDT_SWAP",
    "XRP_USDT_SWAP",
    "YGG_USDT_SWAP",
    "ZIL_USDT_SWAP",
    "ZK_USDT_SWAP"
  ]
}
[2026-07-24T09:09:18Z] chunk=51 exit=0 done_after=51
[2026-07-24T09:09:18Z] chunk=52 done=51/100
resume: skip 51 done symbols (51 marked); remain 49
swap series to scan: 1  workers=1  side=short  resume=True  signal_window=[2025-11-04 00:00:00+00:00, 2026-05-04 00:00:00+00:00)
  LINK_USDT_SWAP: 259 YOLO候选 (short)
  … progress 1/1
{
  "side": "short",
  "weights": "/Users/zhangzc/fable-trading/runs/detect/runs/detect/owner_side_short_tip_v1b/weights/best.pt",
  "series_this_chunk": 1,
  "candidates_so_far": 13338,
  "symbols_so_far": 52,
  "pos_rate": 0.2839,
  "out": "data/judgment_yolo_owner_side_short_100_6m.csv",
  "workers": 1,
  "checkpoint": true,
  "signal_time_lo": "2025-11-04 00:00:00+00:00",
  "signal_time_hi": "2026-05-04 00:00:00+00:00",
  "symbols_filter": [
    "AAVE_USDT_SWAP",
    "ACH_USDT_SWAP",
    "ACT_USDT_SWAP",
    "ADA_USDT_SWAP",
    "AEVO_USDT_SWAP",
    "AIXBT_USDT_SWAP",
    "ANIME_USDT_SWAP",
    "APE_USDT_SWAP",
    "APT_USDT_SWAP",
    "ARB_USDT_SWAP",
    "ATH_USDT_SWAP",
    "ATOM_USDT_SWAP",
    "AVAX_USDT_SWAP",
    "BABY_USDT_SWAP",
    "BCH_USDT_SWAP",
    "BICO_USDT_SWAP",
    "BIGTIME_USDT_SWAP",
    "BIO_USDT_SWAP",
    "BLUR_USDT_SWAP",
    "BNB_USDT_SWAP",
    "BOME_USDT_SWAP",
    "BONK_USDT_SWAP",
    "BRETT_USDT_SWAP",
    "BTC_USDT_SWAP",
    "CFX_USDT_SWAP",
    "CHZ_USDT_SWAP",
    "CORE_USDT_SWAP",
    "CRO_USDT_SWAP",
    "DOGE_USDT_SWAP",
    "DOOD_USDT_SWAP",
    "DOT_USDT_SWAP",
    "DYDX_USDT_SWAP",
    "ENJ_USDT_SWAP",
    "ETC_USDT_SWAP",
    "ETH_USDT_SWAP",
    "FIL_USDT_SWAP",
    "FLOKI_USDT_SWAP",
    "GALA_USDT_SWAP",
    "GMT_USDT_SWAP",
    "GPS_USDT_SWAP",
    "GRT_USDT_SWAP",
    "HBAR_USDT_SWAP",
    "HMSTR_USDT_SWAP",
    "HOME_USDT_SWAP",
    "HUMA_USDT_SWAP",
    "ICP_USDT_SWAP",
    "ICX_USDT_SWAP",
    "INJ_USDT_SWAP",
    "IOST_USDT_SWAP",
    "JELLYJELLY_USDT_SWAP",
    "KMNO_USDT_SWAP",
    "LINK_USDT_SWAP",
    "LRC_USDT_SWAP",
    "LTC_USDT_SWAP",
    "LUNA_USDT_SWAP",
    "MAGIC_USDT_SWAP",
    "MEME_USDT_SWAP",
    "MERL_USDT_SWAP",
    "MEW_USDT_SWAP",
    "MINA_USDT_SWAP",
    "MOODENG_USDT_SWAP",
    "MOVE_USDT_SWAP",
    "MUBARAK_USDT_SWAP",
    "NEAR_USDT_SWAP",
    "NEIRO_USDT_SWAP",
    "NOT_USDT_SWAP",
    "ONE_USDT_SWAP",
    "ONT_USDT_SWAP",
    "OP_USDT_SWAP",
    "PARTI_USDT_SWAP",
    "PENGU_USDT_SWAP",
    "PEOPLE_USDT_SWAP",
    "PEPE_USDT_SWAP",
    "PLUME_USDT_SWAP",
    "PNUT_USDT_SWAP",
    "POL_USDT_SWAP",
    "PYTH_USDT_SWAP",
    "RESOLV_USDT_SWAP",
    "RSR_USDT_SWAP",
    "RVN_USDT_SWAP",
    "SATS_USDT_SWAP",
    "SHIB_USDT_SWAP",
    "SIGN_USDT_SWAP",
    "SOL_USDT_SWAP",
    "SOON_USDT_SWAP",
    "SOPH_USDT_SWAP",
    "STRK_USDT_SWAP",
    "SUI_USDT_SWAP",
    "TIA_USDT_SWAP",
    "TRX_USDT_SWAP",
    "TURBO_USDT_SWAP",
    "UNI_USDT_SWAP",
    "WIF_USDT_SWAP",
    "WOO_USDT_SWAP",
    "W_USDT_SWAP",
    "XLM_USDT_SWAP",
    "XRP_USDT_SWAP",
    "YGG_USDT_SWAP",
    "ZIL_USDT_SWAP",
    "ZK_USDT_SWAP"
  ]
}
[2026-07-24T09:09:54Z] chunk=52 exit=0 done_after=52
[2026-07-24T09:09:54Z] chunk=53 done=52/100
resume: skip 52 done symbols (52 marked); remain 48
swap series to scan: 1  workers=1  side=short  resume=True  signal_window=[2025-11-04 00:00:00+00:00, 2026-05-04 00:00:00+00:00)
  LRC_USDT_SWAP: 259 YOLO候选 (short)
  … progress 1/1
{
  "side": "short",
  "weights": "/Users/zhangzc/fable-trading/runs/detect/runs/detect/owner_side_short_tip_v1b/weights/best.pt",
  "series_this_chunk": 1,
  "candidates_so_far": 13597,
  "symbols_so_far": 53,
  "pos_rate": 0.284,
  "out": "data/judgment_yolo_owner_side_short_100_6m.csv",
  "workers": 1,
  "checkpoint": true,
  "signal_time_lo": "2025-11-04 00:00:00+00:00",
  "signal_time_hi": "2026-05-04 00:00:00+00:00",
  "symbols_filter": [
    "AAVE_USDT_SWAP",
    "ACH_USDT_SWAP",
    "ACT_USDT_SWAP",
    "ADA_USDT_SWAP",
    "AEVO_USDT_SWAP",
    "AIXBT_USDT_SWAP",
    "ANIME_USDT_SWAP",
    "APE_USDT_SWAP",
    "APT_USDT_SWAP",
    "ARB_USDT_SWAP",
    "ATH_USDT_SWAP",
    "ATOM_USDT_SWAP",
    "AVAX_USDT_SWAP",
    "BABY_USDT_SWAP",
    "BCH_USDT_SWAP",
    "BICO_USDT_SWAP",
    "BIGTIME_USDT_SWAP",
    "BIO_USDT_SWAP",
    "BLUR_USDT_SWAP",
    "BNB_USDT_SWAP",
    "BOME_USDT_SWAP",
    "BONK_USDT_SWAP",
    "BRETT_USDT_SWAP",
    "BTC_USDT_SWAP",
    "CFX_USDT_SWAP",
    "CHZ_USDT_SWAP",
    "CORE_USDT_SWAP",
    "CRO_USDT_SWAP",
    "DOGE_USDT_SWAP",
    "DOOD_USDT_SWAP",
    "DOT_USDT_SWAP",
    "DYDX_USDT_SWAP",
    "ENJ_USDT_SWAP",
    "ETC_USDT_SWAP",
    "ETH_USDT_SWAP",
    "FIL_USDT_SWAP",
    "FLOKI_USDT_SWAP",
    "GALA_USDT_SWAP",
    "GMT_USDT_SWAP",
    "GPS_USDT_SWAP",
    "GRT_USDT_SWAP",
    "HBAR_USDT_SWAP",
    "HMSTR_USDT_SWAP",
    "HOME_USDT_SWAP",
    "HUMA_USDT_SWAP",
    "ICP_USDT_SWAP",
    "ICX_USDT_SWAP",
    "INJ_USDT_SWAP",
    "IOST_USDT_SWAP",
    "JELLYJELLY_USDT_SWAP",
    "KMNO_USDT_SWAP",
    "LINK_USDT_SWAP",
    "LRC_USDT_SWAP",
    "LTC_USDT_SWAP",
    "LUNA_USDT_SWAP",
    "MAGIC_USDT_SWAP",
    "MEME_USDT_SWAP",
    "MERL_USDT_SWAP",
    "MEW_USDT_SWAP",
    "MINA_USDT_SWAP",
    "MOODENG_USDT_SWAP",
    "MOVE_USDT_SWAP",
    "MUBARAK_USDT_SWAP",
    "NEAR_USDT_SWAP",
    "NEIRO_USDT_SWAP",
    "NOT_USDT_SWAP",
    "ONE_USDT_SWAP",
    "ONT_USDT_SWAP",
    "OP_USDT_SWAP",
    "PARTI_USDT_SWAP",
    "PENGU_USDT_SWAP",
    "PEOPLE_USDT_SWAP",
    "PEPE_USDT_SWAP",
    "PLUME_USDT_SWAP",
    "PNUT_USDT_SWAP",
    "POL_USDT_SWAP",
    "PYTH_USDT_SWAP",
    "RESOLV_USDT_SWAP",
    "RSR_USDT_SWAP",
    "RVN_USDT_SWAP",
    "SATS_USDT_SWAP",
    "SHIB_USDT_SWAP",
    "SIGN_USDT_SWAP",
    "SOL_USDT_SWAP",
    "SOON_USDT_SWAP",
    "SOPH_USDT_SWAP",
    "STRK_USDT_SWAP",
    "SUI_USDT_SWAP",
    "TIA_USDT_SWAP",
    "TRX_USDT_SWAP",
    "TURBO_USDT_SWAP",
    "UNI_USDT_SWAP",
    "WIF_USDT_SWAP",
    "WOO_USDT_SWAP",
    "W_USDT_SWAP",
    "XLM_USDT_SWAP",
    "XRP_USDT_SWAP",
    "YGG_USDT_SWAP",
    "ZIL_USDT_SWAP",
    "ZK_USDT_SWAP"
  ]
}
[2026-07-24T09:10:31Z] chunk=53 exit=0 done_after=53
[2026-07-24T09:10:31Z] chunk=54 done=53/100
resume: skip 53 done symbols (53 marked); remain 47
swap series to scan: 1  workers=1  side=short  resume=True  signal_window=[2025-11-04 00:00:00+00:00, 2026-05-04 00:00:00+00:00)
  LTC_USDT_SWAP: 262 YOLO候选 (short)
  … progress 1/1
{
  "side": "short",
  "weights": "/Users/zhangzc/fable-trading/runs/detect/runs/detect/owner_side_short_tip_v1b/weights/best.pt",
  "series_this_chunk": 1,
  "candidates_so_far": 13859,
  "symbols_so_far": 54,
  "pos_rate": 0.2843,
  "out": "data/judgment_yolo_owner_side_short_100_6m.csv",
  "workers": 1,
  "checkpoint": true,
  "signal_time_lo": "2025-11-04 00:00:00+00:00",
  "signal_time_hi": "2026-05-04 00:00:00+00:00",
  "symbols_filter": [
    "AAVE_USDT_SWAP",
    "ACH_USDT_SWAP",
    "ACT_USDT_SWAP",
    "ADA_USDT_SWAP",
    "AEVO_USDT_SWAP",
    "AIXBT_USDT_SWAP",
    "ANIME_USDT_SWAP",
    "APE_USDT_SWAP",
    "APT_USDT_SWAP",
    "ARB_USDT_SWAP",
    "ATH_USDT_SWAP",
    "ATOM_USDT_SWAP",
    "AVAX_USDT_SWAP",
    "BABY_USDT_SWAP",
    "BCH_USDT_SWAP",
    "BICO_USDT_SWAP",
    "BIGTIME_USDT_SWAP",
    "BIO_USDT_SWAP",
    "BLUR_USDT_SWAP",
    "BNB_USDT_SWAP",
    "BOME_USDT_SWAP",
    "BONK_USDT_SWAP",
    "BRETT_USDT_SWAP",
    "BTC_USDT_SWAP",
    "CFX_USDT_SWAP",
    "CHZ_USDT_SWAP",
    "CORE_USDT_SWAP",
    "CRO_USDT_SWAP",
    "DOGE_USDT_SWAP",
    "DOOD_USDT_SWAP",
    "DOT_USDT_SWAP",
    "DYDX_USDT_SWAP",
    "ENJ_USDT_SWAP",
    "ETC_USDT_SWAP",
    "ETH_USDT_SWAP",
    "FIL_USDT_SWAP",
    "FLOKI_USDT_SWAP",
    "GALA_USDT_SWAP",
    "GMT_USDT_SWAP",
    "GPS_USDT_SWAP",
    "GRT_USDT_SWAP",
    "HBAR_USDT_SWAP",
    "HMSTR_USDT_SWAP",
    "HOME_USDT_SWAP",
    "HUMA_USDT_SWAP",
    "ICP_USDT_SWAP",
    "ICX_USDT_SWAP",
    "INJ_USDT_SWAP",
    "IOST_USDT_SWAP",
    "JELLYJELLY_USDT_SWAP",
    "KMNO_USDT_SWAP",
    "LINK_USDT_SWAP",
    "LRC_USDT_SWAP",
    "LTC_USDT_SWAP",
    "LUNA_USDT_SWAP",
    "MAGIC_USDT_SWAP",
    "MEME_USDT_SWAP",
    "MERL_USDT_SWAP",
    "MEW_USDT_SWAP",
    "MINA_USDT_SWAP",
    "MOODENG_USDT_SWAP",
    "MOVE_USDT_SWAP",
    "MUBARAK_USDT_SWAP",
    "NEAR_USDT_SWAP",
    "NEIRO_USDT_SWAP",
    "NOT_USDT_SWAP",
    "ONE_USDT_SWAP",
    "ONT_USDT_SWAP",
    "OP_USDT_SWAP",
    "PARTI_USDT_SWAP",
    "PENGU_USDT_SWAP",
    "PEOPLE_USDT_SWAP",
    "PEPE_USDT_SWAP",
    "PLUME_USDT_SWAP",
    "PNUT_USDT_SWAP",
    "POL_USDT_SWAP",
    "PYTH_USDT_SWAP",
    "RESOLV_USDT_SWAP",
    "RSR_USDT_SWAP",
    "RVN_USDT_SWAP",
    "SATS_USDT_SWAP",
    "SHIB_USDT_SWAP",
    "SIGN_USDT_SWAP",
    "SOL_USDT_SWAP",
    "SOON_USDT_SWAP",
    "SOPH_USDT_SWAP",
    "STRK_USDT_SWAP",
    "SUI_USDT_SWAP",
    "TIA_USDT_SWAP",
    "TRX_USDT_SWAP",
    "TURBO_USDT_SWAP",
    "UNI_USDT_SWAP",
    "WIF_USDT_SWAP",
    "WOO_USDT_SWAP",
    "W_USDT_SWAP",
    "XLM_USDT_SWAP",
    "XRP_USDT_SWAP",
    "YGG_USDT_SWAP",
    "ZIL_USDT_SWAP",
    "ZK_USDT_SWAP"
  ]
}
[2026-07-24T09:11:07Z] chunk=54 exit=0 done_after=54
[2026-07-24T09:11:07Z] chunk=55 done=54/100
resume: skip 54 done symbols (54 marked); remain 46
swap series to scan: 1  workers=1  side=short  resume=True  signal_window=[2025-11-04 00:00:00+00:00, 2026-05-04 00:00:00+00:00)
  LUNA_USDT_SWAP: 269 YOLO候选 (short)
  … progress 1/1
{
  "side": "short",
  "weights": "/Users/zhangzc/fable-trading/runs/detect/runs/detect/owner_side_short_tip_v1b/weights/best.pt",
  "series_this_chunk": 1,
  "candidates_so_far": 14128,
  "symbols_so_far": 55,
  "pos_rate": 0.284,
  "out": "data/judgment_yolo_owner_side_short_100_6m.csv",
  "workers": 1,
  "checkpoint": true,
  "signal_time_lo": "2025-11-04 00:00:00+00:00",
  "signal_time_hi": "2026-05-04 00:00:00+00:00",
  "symbols_filter": [
    "AAVE_USDT_SWAP",
    "ACH_USDT_SWAP",
    "ACT_USDT_SWAP",
    "ADA_USDT_SWAP",
    "AEVO_USDT_SWAP",
    "AIXBT_USDT_SWAP",
    "ANIME_USDT_SWAP",
    "APE_USDT_SWAP",
    "APT_USDT_SWAP",
    "ARB_USDT_SWAP",
    "ATH_USDT_SWAP",
    "ATOM_USDT_SWAP",
    "AVAX_USDT_SWAP",
    "BABY_USDT_SWAP",
    "BCH_USDT_SWAP",
    "BICO_USDT_SWAP",
    "BIGTIME_USDT_SWAP",
    "BIO_USDT_SWAP",
    "BLUR_USDT_SWAP",
    "BNB_USDT_SWAP",
    "BOME_USDT_SWAP",
    "BONK_USDT_SWAP",
    "BRETT_USDT_SWAP",
    "BTC_USDT_SWAP",
    "CFX_USDT_SWAP",
    "CHZ_USDT_SWAP",
    "CORE_USDT_SWAP",
    "CRO_USDT_SWAP",
    "DOGE_USDT_SWAP",
    "DOOD_USDT_SWAP",
    "DOT_USDT_SWAP",
    "DYDX_USDT_SWAP",
    "ENJ_USDT_SWAP",
    "ETC_USDT_SWAP",
    "ETH_USDT_SWAP",
    "FIL_USDT_SWAP",
    "FLOKI_USDT_SWAP",
    "GALA_USDT_SWAP",
    "GMT_USDT_SWAP",
    "GPS_USDT_SWAP",
    "GRT_USDT_SWAP",
    "HBAR_USDT_SWAP",
    "HMSTR_USDT_SWAP",
    "HOME_USDT_SWAP",
    "HUMA_USDT_SWAP",
    "ICP_USDT_SWAP",
    "ICX_USDT_SWAP",
    "INJ_USDT_SWAP",
    "IOST_USDT_SWAP",
    "JELLYJELLY_USDT_SWAP",
    "KMNO_USDT_SWAP",
    "LINK_USDT_SWAP",
    "LRC_USDT_SWAP",
    "LTC_USDT_SWAP",
    "LUNA_USDT_SWAP",
    "MAGIC_USDT_SWAP",
    "MEME_USDT_SWAP",
    "MERL_USDT_SWAP",
    "MEW_USDT_SWAP",
    "MINA_USDT_SWAP",
    "MOODENG_USDT_SWAP",
    "MOVE_USDT_SWAP",
    "MUBARAK_USDT_SWAP",
    "NEAR_USDT_SWAP",
    "NEIRO_USDT_SWAP",
    "NOT_USDT_SWAP",
    "ONE_USDT_SWAP",
    "ONT_USDT_SWAP",
    "OP_USDT_SWAP",
    "PARTI_USDT_SWAP",
    "PENGU_USDT_SWAP",
    "PEOPLE_USDT_SWAP",
    "PEPE_USDT_SWAP",
    "PLUME_USDT_SWAP",
    "PNUT_USDT_SWAP",
    "POL_USDT_SWAP",
    "PYTH_USDT_SWAP",
    "RESOLV_USDT_SWAP",
    "RSR_USDT_SWAP",
    "RVN_USDT_SWAP",
    "SATS_USDT_SWAP",
    "SHIB_USDT_SWAP",
    "SIGN_USDT_SWAP",
    "SOL_USDT_SWAP",
    "SOON_USDT_SWAP",
    "SOPH_USDT_SWAP",
    "STRK_USDT_SWAP",
    "SUI_USDT_SWAP",
    "TIA_USDT_SWAP",
    "TRX_USDT_SWAP",
    "TURBO_USDT_SWAP",
    "UNI_USDT_SWAP",
    "WIF_USDT_SWAP",
    "WOO_USDT_SWAP",
    "W_USDT_SWAP",
    "XLM_USDT_SWAP",
    "XRP_USDT_SWAP",
    "YGG_USDT_SWAP",
    "ZIL_USDT_SWAP",
    "ZK_USDT_SWAP"
  ]
}
[2026-07-24T09:11:44Z] chunk=55 exit=0 done_after=55
[2026-07-24T09:11:44Z] chunk=56 done=55/100
resume: skip 55 done symbols (55 marked); remain 45
swap series to scan: 1  workers=1  side=short  resume=True  signal_window=[2025-11-04 00:00:00+00:00, 2026-05-04 00:00:00+00:00)
  MAGIC_USDT_SWAP: 252 YOLO候选 (short)
  … progress 1/1
{
  "side": "short",
  "weights": "/Users/zhangzc/fable-trading/runs/detect/runs/detect/owner_side_short_tip_v1b/weights/best.pt",
  "series_this_chunk": 1,
  "candidates_so_far": 14380,
  "symbols_so_far": 56,
  "pos_rate": 0.2843,
  "out": "data/judgment_yolo_owner_side_short_100_6m.csv",
  "workers": 1,
  "checkpoint": true,
  "signal_time_lo": "2025-11-04 00:00:00+00:00",
  "signal_time_hi": "2026-05-04 00:00:00+00:00",
  "symbols_filter": [
    "AAVE_USDT_SWAP",
    "ACH_USDT_SWAP",
    "ACT_USDT_SWAP",
    "ADA_USDT_SWAP",
    "AEVO_USDT_SWAP",
    "AIXBT_USDT_SWAP",
    "ANIME_USDT_SWAP",
    "APE_USDT_SWAP",
    "APT_USDT_SWAP",
    "ARB_USDT_SWAP",
    "ATH_USDT_SWAP",
    "ATOM_USDT_SWAP",
    "AVAX_USDT_SWAP",
    "BABY_USDT_SWAP",
    "BCH_USDT_SWAP",
    "BICO_USDT_SWAP",
    "BIGTIME_USDT_SWAP",
    "BIO_USDT_SWAP",
    "BLUR_USDT_SWAP",
    "BNB_USDT_SWAP",
    "BOME_USDT_SWAP",
    "BONK_USDT_SWAP",
    "BRETT_USDT_SWAP",
    "BTC_USDT_SWAP",
    "CFX_USDT_SWAP",
    "CHZ_USDT_SWAP",
    "CORE_USDT_SWAP",
    "CRO_USDT_SWAP",
    "DOGE_USDT_SWAP",
    "DOOD_USDT_SWAP",
    "DOT_USDT_SWAP",
    "DYDX_USDT_SWAP",
    "ENJ_USDT_SWAP",
    "ETC_USDT_SWAP",
    "ETH_USDT_SWAP",
    "FIL_USDT_SWAP",
    "FLOKI_USDT_SWAP",
    "GALA_USDT_SWAP",
    "GMT_USDT_SWAP",
    "GPS_USDT_SWAP",
    "GRT_USDT_SWAP",
    "HBAR_USDT_SWAP",
    "HMSTR_USDT_SWAP",
    "HOME_USDT_SWAP",
    "HUMA_USDT_SWAP",
    "ICP_USDT_SWAP",
    "ICX_USDT_SWAP",
    "INJ_USDT_SWAP",
    "IOST_USDT_SWAP",
    "JELLYJELLY_USDT_SWAP",
    "KMNO_USDT_SWAP",
    "LINK_USDT_SWAP",
    "LRC_USDT_SWAP",
    "LTC_USDT_SWAP",
    "LUNA_USDT_SWAP",
    "MAGIC_USDT_SWAP",
    "MEME_USDT_SWAP",
    "MERL_USDT_SWAP",
    "MEW_USDT_SWAP",
    "MINA_USDT_SWAP",
    "MOODENG_USDT_SWAP",
    "MOVE_USDT_SWAP",
    "MUBARAK_USDT_SWAP",
    "NEAR_USDT_SWAP",
    "NEIRO_USDT_SWAP",
    "NOT_USDT_SWAP",
    "ONE_USDT_SWAP",
    "ONT_USDT_SWAP",
    "OP_USDT_SWAP",
    "PARTI_USDT_SWAP",
    "PENGU_USDT_SWAP",
    "PEOPLE_USDT_SWAP",
    "PEPE_USDT_SWAP",
    "PLUME_USDT_SWAP",
    "PNUT_USDT_SWAP",
    "POL_USDT_SWAP",
    "PYTH_USDT_SWAP",
    "RESOLV_USDT_SWAP",
    "RSR_USDT_SWAP",
    "RVN_USDT_SWAP",
    "SATS_USDT_SWAP",
    "SHIB_USDT_SWAP",
    "SIGN_USDT_SWAP",
    "SOL_USDT_SWAP",
    "SOON_USDT_SWAP",
    "SOPH_USDT_SWAP",
    "STRK_USDT_SWAP",
    "SUI_USDT_SWAP",
    "TIA_USDT_SWAP",
    "TRX_USDT_SWAP",
    "TURBO_USDT_SWAP",
    "UNI_USDT_SWAP",
    "WIF_USDT_SWAP",
    "WOO_USDT_SWAP",
    "W_USDT_SWAP",
    "XLM_USDT_SWAP",
    "XRP_USDT_SWAP",
    "YGG_USDT_SWAP",
    "ZIL_USDT_SWAP",
    "ZK_USDT_SWAP"
  ]
}
[2026-07-24T09:12:19Z] chunk=56 exit=0 done_after=56
[2026-07-24T09:12:19Z] chunk=57 done=56/100
resume: skip 56 done symbols (56 marked); remain 44
swap series to scan: 1  workers=1  side=short  resume=True  signal_window=[2025-11-04 00:00:00+00:00, 2026-05-04 00:00:00+00:00)
  MEME_USDT_SWAP: 268 YOLO候选 (short)
  … progress 1/1
{
  "side": "short",
  "weights": "/Users/zhangzc/fable-trading/runs/detect/runs/detect/owner_side_short_tip_v1b/weights/best.pt",
  "series_this_chunk": 1,
  "candidates_so_far": 14648,
  "symbols_so_far": 57,
  "pos_rate": 0.285,
  "out": "data/judgment_yolo_owner_side_short_100_6m.csv",
  "workers": 1,
  "checkpoint": true,
  "signal_time_lo": "2025-11-04 00:00:00+00:00",
  "signal_time_hi": "2026-05-04 00:00:00+00:00",
  "symbols_filter": [
    "AAVE_USDT_SWAP",
    "ACH_USDT_SWAP",
    "ACT_USDT_SWAP",
    "ADA_USDT_SWAP",
    "AEVO_USDT_SWAP",
    "AIXBT_USDT_SWAP",
    "ANIME_USDT_SWAP",
    "APE_USDT_SWAP",
    "APT_USDT_SWAP",
    "ARB_USDT_SWAP",
    "ATH_USDT_SWAP",
    "ATOM_USDT_SWAP",
    "AVAX_USDT_SWAP",
    "BABY_USDT_SWAP",
    "BCH_USDT_SWAP",
    "BICO_USDT_SWAP",
    "BIGTIME_USDT_SWAP",
    "BIO_USDT_SWAP",
    "BLUR_USDT_SWAP",
    "BNB_USDT_SWAP",
    "BOME_USDT_SWAP",
    "BONK_USDT_SWAP",
    "BRETT_USDT_SWAP",
    "BTC_USDT_SWAP",
    "CFX_USDT_SWAP",
    "CHZ_USDT_SWAP",
    "CORE_USDT_SWAP",
    "CRO_USDT_SWAP",
    "DOGE_USDT_SWAP",
    "DOOD_USDT_SWAP",
    "DOT_USDT_SWAP",
    "DYDX_USDT_SWAP",
    "ENJ_USDT_SWAP",
    "ETC_USDT_SWAP",
    "ETH_USDT_SWAP",
    "FIL_USDT_SWAP",
    "FLOKI_USDT_SWAP",
    "GALA_USDT_SWAP",
    "GMT_USDT_SWAP",
    "GPS_USDT_SWAP",
    "GRT_USDT_SWAP",
    "HBAR_USDT_SWAP",
    "HMSTR_USDT_SWAP",
    "HOME_USDT_SWAP",
    "HUMA_USDT_SWAP",
    "ICP_USDT_SWAP",
    "ICX_USDT_SWAP",
    "INJ_USDT_SWAP",
    "IOST_USDT_SWAP",
    "JELLYJELLY_USDT_SWAP",
    "KMNO_USDT_SWAP",
    "LINK_USDT_SWAP",
    "LRC_USDT_SWAP",
    "LTC_USDT_SWAP",
    "LUNA_USDT_SWAP",
    "MAGIC_USDT_SWAP",
    "MEME_USDT_SWAP",
    "MERL_USDT_SWAP",
    "MEW_USDT_SWAP",
    "MINA_USDT_SWAP",
    "MOODENG_USDT_SWAP",
    "MOVE_USDT_SWAP",
    "MUBARAK_USDT_SWAP",
    "NEAR_USDT_SWAP",
    "NEIRO_USDT_SWAP",
    "NOT_USDT_SWAP",
    "ONE_USDT_SWAP",
    "ONT_USDT_SWAP",
    "OP_USDT_SWAP",
    "PARTI_USDT_SWAP",
    "PENGU_USDT_SWAP",
    "PEOPLE_USDT_SWAP",
    "PEPE_USDT_SWAP",
    "PLUME_USDT_SWAP",
    "PNUT_USDT_SWAP",
    "POL_USDT_SWAP",
    "PYTH_USDT_SWAP",
    "RESOLV_USDT_SWAP",
    "RSR_USDT_SWAP",
    "RVN_USDT_SWAP",
    "SATS_USDT_SWAP",
    "SHIB_USDT_SWAP",
    "SIGN_USDT_SWAP",
    "SOL_USDT_SWAP",
    "SOON_USDT_SWAP",
    "SOPH_USDT_SWAP",
    "STRK_USDT_SWAP",
    "SUI_USDT_SWAP",
    "TIA_USDT_SWAP",
    "TRX_USDT_SWAP",
    "TURBO_USDT_SWAP",
    "UNI_USDT_SWAP",
    "WIF_USDT_SWAP",
    "WOO_USDT_SWAP",
    "W_USDT_SWAP",
    "XLM_USDT_SWAP",
    "XRP_USDT_SWAP",
    "YGG_USDT_SWAP",
    "ZIL_USDT_SWAP",
    "ZK_USDT_SWAP"
  ]
}
[2026-07-24T09:12:55Z] chunk=57 exit=0 done_after=57
[2026-07-24T09:12:55Z] chunk=58 done=57/100
resume: skip 57 done symbols (57 marked); remain 43
swap series to scan: 1  workers=1  side=short  resume=True  signal_window=[2025-11-04 00:00:00+00:00, 2026-05-04 00:00:00+00:00)
  MERL_USDT_SWAP: 265 YOLO候选 (short)
  … progress 1/1
{
  "side": "short",
  "weights": "/Users/zhangzc/fable-trading/runs/detect/runs/detect/owner_side_short_tip_v1b/weights/best.pt",
  "series_this_chunk": 1,
  "candidates_so_far": 14913,
  "symbols_so_far": 58,
  "pos_rate": 0.2845,
  "out": "data/judgment_yolo_owner_side_short_100_6m.csv",
  "workers": 1,
  "checkpoint": true,
  "signal_time_lo": "2025-11-04 00:00:00+00:00",
  "signal_time_hi": "2026-05-04 00:00:00+00:00",
  "symbols_filter": [
    "AAVE_USDT_SWAP",
    "ACH_USDT_SWAP",
    "ACT_USDT_SWAP",
    "ADA_USDT_SWAP",
    "AEVO_USDT_SWAP",
    "AIXBT_USDT_SWAP",
    "ANIME_USDT_SWAP",
    "APE_USDT_SWAP",
    "APT_USDT_SWAP",
    "ARB_USDT_SWAP",
    "ATH_USDT_SWAP",
    "ATOM_USDT_SWAP",
    "AVAX_USDT_SWAP",
    "BABY_USDT_SWAP",
    "BCH_USDT_SWAP",
    "BICO_USDT_SWAP",
    "BIGTIME_USDT_SWAP",
    "BIO_USDT_SWAP",
    "BLUR_USDT_SWAP",
    "BNB_USDT_SWAP",
    "BOME_USDT_SWAP",
    "BONK_USDT_SWAP",
    "BRETT_USDT_SWAP",
    "BTC_USDT_SWAP",
    "CFX_USDT_SWAP",
    "CHZ_USDT_SWAP",
    "CORE_USDT_SWAP",
    "CRO_USDT_SWAP",
    "DOGE_USDT_SWAP",
    "DOOD_USDT_SWAP",
    "DOT_USDT_SWAP",
    "DYDX_USDT_SWAP",
    "ENJ_USDT_SWAP",
    "ETC_USDT_SWAP",
    "ETH_USDT_SWAP",
    "FIL_USDT_SWAP",
    "FLOKI_USDT_SWAP",
    "GALA_USDT_SWAP",
    "GMT_USDT_SWAP",
    "GPS_USDT_SWAP",
    "GRT_USDT_SWAP",
    "HBAR_USDT_SWAP",
    "HMSTR_USDT_SWAP",
    "HOME_USDT_SWAP",
    "HUMA_USDT_SWAP",
    "ICP_USDT_SWAP",
    "ICX_USDT_SWAP",
    "INJ_USDT_SWAP",
    "IOST_USDT_SWAP",
    "JELLYJELLY_USDT_SWAP",
    "KMNO_USDT_SWAP",
    "LINK_USDT_SWAP",
    "LRC_USDT_SWAP",
    "LTC_USDT_SWAP",
    "LUNA_USDT_SWAP",
    "MAGIC_USDT_SWAP",
    "MEME_USDT_SWAP",
    "MERL_USDT_SWAP",
    "MEW_USDT_SWAP",
    "MINA_USDT_SWAP",
    "MOODENG_USDT_SWAP",
    "MOVE_USDT_SWAP",
    "MUBARAK_USDT_SWAP",
    "NEAR_USDT_SWAP",
    "NEIRO_USDT_SWAP",
    "NOT_USDT_SWAP",
    "ONE_USDT_SWAP",
    "ONT_USDT_SWAP",
    "OP_USDT_SWAP",
    "PARTI_USDT_SWAP",
    "PENGU_USDT_SWAP",
    "PEOPLE_USDT_SWAP",
    "PEPE_USDT_SWAP",
    "PLUME_USDT_SWAP",
    "PNUT_USDT_SWAP",
    "POL_USDT_SWAP",
    "PYTH_USDT_SWAP",
    "RESOLV_USDT_SWAP",
    "RSR_USDT_SWAP",
    "RVN_USDT_SWAP",
    "SATS_USDT_SWAP",
    "SHIB_USDT_SWAP",
    "SIGN_USDT_SWAP",
    "SOL_USDT_SWAP",
    "SOON_USDT_SWAP",
    "SOPH_USDT_SWAP",
    "STRK_USDT_SWAP",
    "SUI_USDT_SWAP",
    "TIA_USDT_SWAP",
    "TRX_USDT_SWAP",
    "TURBO_USDT_SWAP",
    "UNI_USDT_SWAP",
    "WIF_USDT_SWAP",
    "WOO_USDT_SWAP",
    "W_USDT_SWAP",
    "XLM_USDT_SWAP",
    "XRP_USDT_SWAP",
    "YGG_USDT_SWAP",
    "ZIL_USDT_SWAP",
    "ZK_USDT_SWAP"
  ]
}
[2026-07-24T09:13:31Z] chunk=58 exit=0 done_after=58
[2026-07-24T09:13:31Z] chunk=59 done=58/100
resume: skip 58 done symbols (58 marked); remain 42
swap series to scan: 1  workers=1  side=short  resume=True  signal_window=[2025-11-04 00:00:00+00:00, 2026-05-04 00:00:00+00:00)
  MEW_USDT_SWAP: 261 YOLO候选 (short)
  … progress 1/1
{
  "side": "short",
  "weights": "/Users/zhangzc/fable-trading/runs/detect/runs/detect/owner_side_short_tip_v1b/weights/best.pt",
  "series_this_chunk": 1,
  "candidates_so_far": 15174,
  "symbols_so_far": 59,
  "pos_rate": 0.2853,
  "out": "data/judgment_yolo_owner_side_short_100_6m.csv",
  "workers": 1,
  "checkpoint": true,
  "signal_time_lo": "2025-11-04 00:00:00+00:00",
  "signal_time_hi": "2026-05-04 00:00:00+00:00",
  "symbols_filter": [
    "AAVE_USDT_SWAP",
    "ACH_USDT_SWAP",
    "ACT_USDT_SWAP",
    "ADA_USDT_SWAP",
    "AEVO_USDT_SWAP",
    "AIXBT_USDT_SWAP",
    "ANIME_USDT_SWAP",
    "APE_USDT_SWAP",
    "APT_USDT_SWAP",
    "ARB_USDT_SWAP",
    "ATH_USDT_SWAP",
    "ATOM_USDT_SWAP",
    "AVAX_USDT_SWAP",
    "BABY_USDT_SWAP",
    "BCH_USDT_SWAP",
    "BICO_USDT_SWAP",
    "BIGTIME_USDT_SWAP",
    "BIO_USDT_SWAP",
    "BLUR_USDT_SWAP",
    "BNB_USDT_SWAP",
    "BOME_USDT_SWAP",
    "BONK_USDT_SWAP",
    "BRETT_USDT_SWAP",
    "BTC_USDT_SWAP",
    "CFX_USDT_SWAP",
    "CHZ_USDT_SWAP",
    "CORE_USDT_SWAP",
    "CRO_USDT_SWAP",
    "DOGE_USDT_SWAP",
    "DOOD_USDT_SWAP",
    "DOT_USDT_SWAP",
    "DYDX_USDT_SWAP",
    "ENJ_USDT_SWAP",
    "ETC_USDT_SWAP",
    "ETH_USDT_SWAP",
    "FIL_USDT_SWAP",
    "FLOKI_USDT_SWAP",
    "GALA_USDT_SWAP",
    "GMT_USDT_SWAP",
    "GPS_USDT_SWAP",
    "GRT_USDT_SWAP",
    "HBAR_USDT_SWAP",
    "HMSTR_USDT_SWAP",
    "HOME_USDT_SWAP",
    "HUMA_USDT_SWAP",
    "ICP_USDT_SWAP",
    "ICX_USDT_SWAP",
    "INJ_USDT_SWAP",
    "IOST_USDT_SWAP",
    "JELLYJELLY_USDT_SWAP",
    "KMNO_USDT_SWAP",
    "LINK_USDT_SWAP",
    "LRC_USDT_SWAP",
    "LTC_USDT_SWAP",
    "LUNA_USDT_SWAP",
    "MAGIC_USDT_SWAP",
    "MEME_USDT_SWAP",
    "MERL_USDT_SWAP",
    "MEW_USDT_SWAP",
    "MINA_USDT_SWAP",
    "MOODENG_USDT_SWAP",
    "MOVE_USDT_SWAP",
    "MUBARAK_USDT_SWAP",
    "NEAR_USDT_SWAP",
    "NEIRO_USDT_SWAP",
    "NOT_USDT_SWAP",
    "ONE_USDT_SWAP",
    "ONT_USDT_SWAP",
    "OP_USDT_SWAP",
    "PARTI_USDT_SWAP",
    "PENGU_USDT_SWAP",
    "PEOPLE_USDT_SWAP",
    "PEPE_USDT_SWAP",
    "PLUME_USDT_SWAP",
    "PNUT_USDT_SWAP",
    "POL_USDT_SWAP",
    "PYTH_USDT_SWAP",
    "RESOLV_USDT_SWAP",
    "RSR_USDT_SWAP",
    "RVN_USDT_SWAP",
    "SATS_USDT_SWAP",
    "SHIB_USDT_SWAP",
    "SIGN_USDT_SWAP",
    "SOL_USDT_SWAP",
    "SOON_USDT_SWAP",
    "SOPH_USDT_SWAP",
    "STRK_USDT_SWAP",
    "SUI_USDT_SWAP",
    "TIA_USDT_SWAP",
    "TRX_USDT_SWAP",
    "TURBO_USDT_SWAP",
    "UNI_USDT_SWAP",
    "WIF_USDT_SWAP",
    "WOO_USDT_SWAP",
    "W_USDT_SWAP",
    "XLM_USDT_SWAP",
    "XRP_USDT_SWAP",
    "YGG_USDT_SWAP",
    "ZIL_USDT_SWAP",
    "ZK_USDT_SWAP"
  ]
}
[2026-07-24T09:14:08Z] chunk=59 exit=0 done_after=59
[2026-07-24T09:14:08Z] chunk=60 done=59/100
resume: skip 59 done symbols (59 marked); remain 41
swap series to scan: 1  workers=1  side=short  resume=True  signal_window=[2025-11-04 00:00:00+00:00, 2026-05-04 00:00:00+00:00)
  MINA_USDT_SWAP: 259 YOLO候选 (short)
  … progress 1/1
{
  "side": "short",
  "weights": "/Users/zhangzc/fable-trading/runs/detect/runs/detect/owner_side_short_tip_v1b/weights/best.pt",
  "series_this_chunk": 1,
  "candidates_so_far": 15433,
  "symbols_so_far": 60,
  "pos_rate": 0.285,
  "out": "data/judgment_yolo_owner_side_short_100_6m.csv",
  "workers": 1,
  "checkpoint": true,
  "signal_time_lo": "2025-11-04 00:00:00+00:00",
  "signal_time_hi": "2026-05-04 00:00:00+00:00",
  "symbols_filter": [
    "AAVE_USDT_SWAP",
    "ACH_USDT_SWAP",
    "ACT_USDT_SWAP",
    "ADA_USDT_SWAP",
    "AEVO_USDT_SWAP",
    "AIXBT_USDT_SWAP",
    "ANIME_USDT_SWAP",
    "APE_USDT_SWAP",
    "APT_USDT_SWAP",
    "ARB_USDT_SWAP",
    "ATH_USDT_SWAP",
    "ATOM_USDT_SWAP",
    "AVAX_USDT_SWAP",
    "BABY_USDT_SWAP",
    "BCH_USDT_SWAP",
    "BICO_USDT_SWAP",
    "BIGTIME_USDT_SWAP",
    "BIO_USDT_SWAP",
    "BLUR_USDT_SWAP",
    "BNB_USDT_SWAP",
    "BOME_USDT_SWAP",
    "BONK_USDT_SWAP",
    "BRETT_USDT_SWAP",
    "BTC_USDT_SWAP",
    "CFX_USDT_SWAP",
    "CHZ_USDT_SWAP",
    "CORE_USDT_SWAP",
    "CRO_USDT_SWAP",
    "DOGE_USDT_SWAP",
    "DOOD_USDT_SWAP",
    "DOT_USDT_SWAP",
    "DYDX_USDT_SWAP",
    "ENJ_USDT_SWAP",
    "ETC_USDT_SWAP",
    "ETH_USDT_SWAP",
    "FIL_USDT_SWAP",
    "FLOKI_USDT_SWAP",
    "GALA_USDT_SWAP",
    "GMT_USDT_SWAP",
    "GPS_USDT_SWAP",
    "GRT_USDT_SWAP",
    "HBAR_USDT_SWAP",
    "HMSTR_USDT_SWAP",
    "HOME_USDT_SWAP",
    "HUMA_USDT_SWAP",
    "ICP_USDT_SWAP",
    "ICX_USDT_SWAP",
    "INJ_USDT_SWAP",
    "IOST_USDT_SWAP",
    "JELLYJELLY_USDT_SWAP",
    "KMNO_USDT_SWAP",
    "LINK_USDT_SWAP",
    "LRC_USDT_SWAP",
    "LTC_USDT_SWAP",
    "LUNA_USDT_SWAP",
    "MAGIC_USDT_SWAP",
    "MEME_USDT_SWAP",
    "MERL_USDT_SWAP",
    "MEW_USDT_SWAP",
    "MINA_USDT_SWAP",
    "MOODENG_USDT_SWAP",
    "MOVE_USDT_SWAP",
    "MUBARAK_USDT_SWAP",
    "NEAR_USDT_SWAP",
    "NEIRO_USDT_SWAP",
    "NOT_USDT_SWAP",
    "ONE_USDT_SWAP",
    "ONT_USDT_SWAP",
    "OP_USDT_SWAP",
    "PARTI_USDT_SWAP",
    "PENGU_USDT_SWAP",
    "PEOPLE_USDT_SWAP",
    "PEPE_USDT_SWAP",
    "PLUME_USDT_SWAP",
    "PNUT_USDT_SWAP",
    "POL_USDT_SWAP",
    "PYTH_USDT_SWAP",
    "RESOLV_USDT_SWAP",
    "RSR_USDT_SWAP",
    "RVN_USDT_SWAP",
    "SATS_USDT_SWAP",
    "SHIB_USDT_SWAP",
    "SIGN_USDT_SWAP",
    "SOL_USDT_SWAP",
    "SOON_USDT_SWAP",
    "SOPH_USDT_SWAP",
    "STRK_USDT_SWAP",
    "SUI_USDT_SWAP",
    "TIA_USDT_SWAP",
    "TRX_USDT_SWAP",
    "TURBO_USDT_SWAP",
    "UNI_USDT_SWAP",
    "WIF_USDT_SWAP",
    "WOO_USDT_SWAP",
    "W_USDT_SWAP",
    "XLM_USDT_SWAP",
    "XRP_USDT_SWAP",
    "YGG_USDT_SWAP",
    "ZIL_USDT_SWAP",
    "ZK_USDT_SWAP"
  ]
}
[2026-07-24T09:14:45Z] chunk=60 exit=0 done_after=60
[2026-07-24T09:14:45Z] chunk=61 done=60/100
resume: skip 60 done symbols (60 marked); remain 40
swap series to scan: 1  workers=1  side=short  resume=True  signal_window=[2025-11-04 00:00:00+00:00, 2026-05-04 00:00:00+00:00)
  MOODENG_USDT_SWAP: 258 YOLO候选 (short)
  … progress 1/1
{
  "side": "short",
  "weights": "/Users/zhangzc/fable-trading/runs/detect/runs/detect/owner_side_short_tip_v1b/weights/best.pt",
  "series_this_chunk": 1,
  "candidates_so_far": 15691,
  "symbols_so_far": 61,
  "pos_rate": 0.2851,
  "out": "data/judgment_yolo_owner_side_short_100_6m.csv",
  "workers": 1,
  "checkpoint": true,
  "signal_time_lo": "2025-11-04 00:00:00+00:00",
  "signal_time_hi": "2026-05-04 00:00:00+00:00",
  "symbols_filter": [
    "AAVE_USDT_SWAP",
    "ACH_USDT_SWAP",
    "ACT_USDT_SWAP",
    "ADA_USDT_SWAP",
    "AEVO_USDT_SWAP",
    "AIXBT_USDT_SWAP",
    "ANIME_USDT_SWAP",
    "APE_USDT_SWAP",
    "APT_USDT_SWAP",
    "ARB_USDT_SWAP",
    "ATH_USDT_SWAP",
    "ATOM_USDT_SWAP",
    "AVAX_USDT_SWAP",
    "BABY_USDT_SWAP",
    "BCH_USDT_SWAP",
    "BICO_USDT_SWAP",
    "BIGTIME_USDT_SWAP",
    "BIO_USDT_SWAP",
    "BLUR_USDT_SWAP",
    "BNB_USDT_SWAP",
    "BOME_USDT_SWAP",
    "BONK_USDT_SWAP",
    "BRETT_USDT_SWAP",
    "BTC_USDT_SWAP",
    "CFX_USDT_SWAP",
    "CHZ_USDT_SWAP",
    "CORE_USDT_SWAP",
    "CRO_USDT_SWAP",
    "DOGE_USDT_SWAP",
    "DOOD_USDT_SWAP",
    "DOT_USDT_SWAP",
    "DYDX_USDT_SWAP",
    "ENJ_USDT_SWAP",
    "ETC_USDT_SWAP",
    "ETH_USDT_SWAP",
    "FIL_USDT_SWAP",
    "FLOKI_USDT_SWAP",
    "GALA_USDT_SWAP",
    "GMT_USDT_SWAP",
    "GPS_USDT_SWAP",
    "GRT_USDT_SWAP",
    "HBAR_USDT_SWAP",
    "HMSTR_USDT_SWAP",
    "HOME_USDT_SWAP",
    "HUMA_USDT_SWAP",
    "ICP_USDT_SWAP",
    "ICX_USDT_SWAP",
    "INJ_USDT_SWAP",
    "IOST_USDT_SWAP",
    "JELLYJELLY_USDT_SWAP",
    "KMNO_USDT_SWAP",
    "LINK_USDT_SWAP",
    "LRC_USDT_SWAP",
    "LTC_USDT_SWAP",
    "LUNA_USDT_SWAP",
    "MAGIC_USDT_SWAP",
    "MEME_USDT_SWAP",
    "MERL_USDT_SWAP",
    "MEW_USDT_SWAP",
    "MINA_USDT_SWAP",
    "MOODENG_USDT_SWAP",
    "MOVE_USDT_SWAP",
    "MUBARAK_USDT_SWAP",
    "NEAR_USDT_SWAP",
    "NEIRO_USDT_SWAP",
    "NOT_USDT_SWAP",
    "ONE_USDT_SWAP",
    "ONT_USDT_SWAP",
    "OP_USDT_SWAP",
    "PARTI_USDT_SWAP",
    "PENGU_USDT_SWAP",
    "PEOPLE_USDT_SWAP",
    "PEPE_USDT_SWAP",
    "PLUME_USDT_SWAP",
    "PNUT_USDT_SWAP",
    "POL_USDT_SWAP",
    "PYTH_USDT_SWAP",
    "RESOLV_USDT_SWAP",
    "RSR_USDT_SWAP",
    "RVN_USDT_SWAP",
    "SATS_USDT_SWAP",
    "SHIB_USDT_SWAP",
    "SIGN_USDT_SWAP",
    "SOL_USDT_SWAP",
    "SOON_USDT_SWAP",
    "SOPH_USDT_SWAP",
    "STRK_USDT_SWAP",
    "SUI_USDT_SWAP",
    "TIA_USDT_SWAP",
    "TRX_USDT_SWAP",
    "TURBO_USDT_SWAP",
    "UNI_USDT_SWAP",
    "WIF_USDT_SWAP",
    "WOO_USDT_SWAP",
    "W_USDT_SWAP",
    "XLM_USDT_SWAP",
    "XRP_USDT_SWAP",
    "YGG_USDT_SWAP",
    "ZIL_USDT_SWAP",
    "ZK_USDT_SWAP"
  ]
}
[2026-07-24T09:15:21Z] chunk=61 exit=0 done_after=61
[2026-07-24T09:15:21Z] chunk=62 done=61/100
resume: skip 61 done symbols (61 marked); remain 39
swap series to scan: 1  workers=1  side=short  resume=True  signal_window=[2025-11-04 00:00:00+00:00, 2026-05-04 00:00:00+00:00)
  MOVE_USDT_SWAP: 256 YOLO候选 (short)
  … progress 1/1
{
  "side": "short",
  "weights": "/Users/zhangzc/fable-trading/runs/detect/runs/detect/owner_side_short_tip_v1b/weights/best.pt",
  "series_this_chunk": 1,
  "candidates_so_far": 15947,
  "symbols_so_far": 62,
  "pos_rate": 0.2857,
  "out": "data/judgment_yolo_owner_side_short_100_6m.csv",
  "workers": 1,
  "checkpoint": true,
  "signal_time_lo": "2025-11-04 00:00:00+00:00",
  "signal_time_hi": "2026-05-04 00:00:00+00:00",
  "symbols_filter": [
    "AAVE_USDT_SWAP",
    "ACH_USDT_SWAP",
    "ACT_USDT_SWAP",
    "ADA_USDT_SWAP",
    "AEVO_USDT_SWAP",
    "AIXBT_USDT_SWAP",
    "ANIME_USDT_SWAP",
    "APE_USDT_SWAP",
    "APT_USDT_SWAP",
    "ARB_USDT_SWAP",
    "ATH_USDT_SWAP",
    "ATOM_USDT_SWAP",
    "AVAX_USDT_SWAP",
    "BABY_USDT_SWAP",
    "BCH_USDT_SWAP",
    "BICO_USDT_SWAP",
    "BIGTIME_USDT_SWAP",
    "BIO_USDT_SWAP",
    "BLUR_USDT_SWAP",
    "BNB_USDT_SWAP",
    "BOME_USDT_SWAP",
    "BONK_USDT_SWAP",
    "BRETT_USDT_SWAP",
    "BTC_USDT_SWAP",
    "CFX_USDT_SWAP",
    "CHZ_USDT_SWAP",
    "CORE_USDT_SWAP",
    "CRO_USDT_SWAP",
    "DOGE_USDT_SWAP",
    "DOOD_USDT_SWAP",
    "DOT_USDT_SWAP",
    "DYDX_USDT_SWAP",
    "ENJ_USDT_SWAP",
    "ETC_USDT_SWAP",
    "ETH_USDT_SWAP",
    "FIL_USDT_SWAP",
    "FLOKI_USDT_SWAP",
    "GALA_USDT_SWAP",
    "GMT_USDT_SWAP",
    "GPS_USDT_SWAP",
    "GRT_USDT_SWAP",
    "HBAR_USDT_SWAP",
    "HMSTR_USDT_SWAP",
    "HOME_USDT_SWAP",
    "HUMA_USDT_SWAP",
    "ICP_USDT_SWAP",
    "ICX_USDT_SWAP",
    "INJ_USDT_SWAP",
    "IOST_USDT_SWAP",
    "JELLYJELLY_USDT_SWAP",
    "KMNO_USDT_SWAP",
    "LINK_USDT_SWAP",
    "LRC_USDT_SWAP",
    "LTC_USDT_SWAP",
    "LUNA_USDT_SWAP",
    "MAGIC_USDT_SWAP",
    "MEME_USDT_SWAP",
    "MERL_USDT_SWAP",
    "MEW_USDT_SWAP",
    "MINA_USDT_SWAP",
    "MOODENG_USDT_SWAP",
    "MOVE_USDT_SWAP",
    "MUBARAK_USDT_SWAP",
    "NEAR_USDT_SWAP",
    "NEIRO_USDT_SWAP",
    "NOT_USDT_SWAP",
    "ONE_USDT_SWAP",
    "ONT_USDT_SWAP",
    "OP_USDT_SWAP",
    "PARTI_USDT_SWAP",
    "PENGU_USDT_SWAP",
    "PEOPLE_USDT_SWAP",
    "PEPE_USDT_SWAP",
    "PLUME_USDT_SWAP",
    "PNUT_USDT_SWAP",
    "POL_USDT_SWAP",
    "PYTH_USDT_SWAP",
    "RESOLV_USDT_SWAP",
    "RSR_USDT_SWAP",
    "RVN_USDT_SWAP",
    "SATS_USDT_SWAP",
    "SHIB_USDT_SWAP",
    "SIGN_USDT_SWAP",
    "SOL_USDT_SWAP",
    "SOON_USDT_SWAP",
    "SOPH_USDT_SWAP",
    "STRK_USDT_SWAP",
    "SUI_USDT_SWAP",
    "TIA_USDT_SWAP",
    "TRX_USDT_SWAP",
    "TURBO_USDT_SWAP",
    "UNI_USDT_SWAP",
    "WIF_USDT_SWAP",
    "WOO_USDT_SWAP",
    "W_USDT_SWAP",
    "XLM_USDT_SWAP",
    "XRP_USDT_SWAP",
    "YGG_USDT_SWAP",
    "ZIL_USDT_SWAP",
    "ZK_USDT_SWAP"
  ]
}
[2026-07-24T09:15:57Z] chunk=62 exit=0 done_after=62
[2026-07-24T09:15:57Z] chunk=63 done=62/100
resume: skip 62 done symbols (62 marked); remain 38
swap series to scan: 1  workers=1  side=short  resume=True  signal_window=[2025-11-04 00:00:00+00:00, 2026-05-04 00:00:00+00:00)
  MUBARAK_USDT_SWAP: 268 YOLO候选 (short)
  … progress 1/1
{
  "side": "short",
  "weights": "/Users/zhangzc/fable-trading/runs/detect/runs/detect/owner_side_short_tip_v1b/weights/best.pt",
  "series_this_chunk": 1,
  "candidates_so_far": 16215,
  "symbols_so_far": 63,
  "pos_rate": 0.2852,
  "out": "data/judgment_yolo_owner_side_short_100_6m.csv",
  "workers": 1,
  "checkpoint": true,
  "signal_time_lo": "2025-11-04 00:00:00+00:00",
  "signal_time_hi": "2026-05-04 00:00:00+00:00",
  "symbols_filter": [
    "AAVE_USDT_SWAP",
    "ACH_USDT_SWAP",
    "ACT_USDT_SWAP",
    "ADA_USDT_SWAP",
    "AEVO_USDT_SWAP",
    "AIXBT_USDT_SWAP",
    "ANIME_USDT_SWAP",
    "APE_USDT_SWAP",
    "APT_USDT_SWAP",
    "ARB_USDT_SWAP",
    "ATH_USDT_SWAP",
    "ATOM_USDT_SWAP",
    "AVAX_USDT_SWAP",
    "BABY_USDT_SWAP",
    "BCH_USDT_SWAP",
    "BICO_USDT_SWAP",
    "BIGTIME_USDT_SWAP",
    "BIO_USDT_SWAP",
    "BLUR_USDT_SWAP",
    "BNB_USDT_SWAP",
    "BOME_USDT_SWAP",
    "BONK_USDT_SWAP",
    "BRETT_USDT_SWAP",
    "BTC_USDT_SWAP",
    "CFX_USDT_SWAP",
    "CHZ_USDT_SWAP",
    "CORE_USDT_SWAP",
    "CRO_USDT_SWAP",
    "DOGE_USDT_SWAP",
    "DOOD_USDT_SWAP",
    "DOT_USDT_SWAP",
    "DYDX_USDT_SWAP",
    "ENJ_USDT_SWAP",
    "ETC_USDT_SWAP",
    "ETH_USDT_SWAP",
    "FIL_USDT_SWAP",
    "FLOKI_USDT_SWAP",
    "GALA_USDT_SWAP",
    "GMT_USDT_SWAP",
    "GPS_USDT_SWAP",
    "GRT_USDT_SWAP",
    "HBAR_USDT_SWAP",
    "HMSTR_USDT_SWAP",
    "HOME_USDT_SWAP",
    "HUMA_USDT_SWAP",
    "ICP_USDT_SWAP",
    "ICX_USDT_SWAP",
    "INJ_USDT_SWAP",
    "IOST_USDT_SWAP",
    "JELLYJELLY_USDT_SWAP",
    "KMNO_USDT_SWAP",
    "LINK_USDT_SWAP",
    "LRC_USDT_SWAP",
    "LTC_USDT_SWAP",
    "LUNA_USDT_SWAP",
    "MAGIC_USDT_SWAP",
    "MEME_USDT_SWAP",
    "MERL_USDT_SWAP",
    "MEW_USDT_SWAP",
    "MINA_USDT_SWAP",
    "MOODENG_USDT_SWAP",
    "MOVE_USDT_SWAP",
    "MUBARAK_USDT_SWAP",
    "NEAR_USDT_SWAP",
    "NEIRO_USDT_SWAP",
    "NOT_USDT_SWAP",
    "ONE_USDT_SWAP",
    "ONT_USDT_SWAP",
    "OP_USDT_SWAP",
    "PARTI_USDT_SWAP",
    "PENGU_USDT_SWAP",
    "PEOPLE_USDT_SWAP",
    "PEPE_USDT_SWAP",
    "PLUME_USDT_SWAP",
    "PNUT_USDT_SWAP",
    "POL_USDT_SWAP",
    "PYTH_USDT_SWAP",
    "RESOLV_USDT_SWAP",
    "RSR_USDT_SWAP",
    "RVN_USDT_SWAP",
    "SATS_USDT_SWAP",
    "SHIB_USDT_SWAP",
    "SIGN_USDT_SWAP",
    "SOL_USDT_SWAP",
    "SOON_USDT_SWAP",
    "SOPH_USDT_SWAP",
    "STRK_USDT_SWAP",
    "SUI_USDT_SWAP",
    "TIA_USDT_SWAP",
    "TRX_USDT_SWAP",
    "TURBO_USDT_SWAP",
    "UNI_USDT_SWAP",
    "WIF_USDT_SWAP",
    "WOO_USDT_SWAP",
    "W_USDT_SWAP",
    "XLM_USDT_SWAP",
    "XRP_USDT_SWAP",
    "YGG_USDT_SWAP",
    "ZIL_USDT_SWAP",
    "ZK_USDT_SWAP"
  ]
}
[2026-07-24T09:16:33Z] chunk=63 exit=0 done_after=63
[2026-07-24T09:16:33Z] chunk=64 done=63/100
resume: skip 63 done symbols (63 marked); remain 37
swap series to scan: 1  workers=1  side=short  resume=True  signal_window=[2025-11-04 00:00:00+00:00, 2026-05-04 00:00:00+00:00)
  NEAR_USDT_SWAP: 262 YOLO候选 (short)
  … progress 1/1
{
  "side": "short",
  "weights": "/Users/zhangzc/fable-trading/runs/detect/runs/detect/owner_side_short_tip_v1b/weights/best.pt",
  "series_this_chunk": 1,
  "candidates_so_far": 16477,
  "symbols_so_far": 64,
  "pos_rate": 0.2847,
  "out": "data/judgment_yolo_owner_side_short_100_6m.csv",
  "workers": 1,
  "checkpoint": true,
  "signal_time_lo": "2025-11-04 00:00:00+00:00",
  "signal_time_hi": "2026-05-04 00:00:00+00:00",
  "symbols_filter": [
    "AAVE_USDT_SWAP",
    "ACH_USDT_SWAP",
    "ACT_USDT_SWAP",
    "ADA_USDT_SWAP",
    "AEVO_USDT_SWAP",
    "AIXBT_USDT_SWAP",
    "ANIME_USDT_SWAP",
    "APE_USDT_SWAP",
    "APT_USDT_SWAP",
    "ARB_USDT_SWAP",
    "ATH_USDT_SWAP",
    "ATOM_USDT_SWAP",
    "AVAX_USDT_SWAP",
    "BABY_USDT_SWAP",
    "BCH_USDT_SWAP",
    "BICO_USDT_SWAP",
    "BIGTIME_USDT_SWAP",
    "BIO_USDT_SWAP",
    "BLUR_USDT_SWAP",
    "BNB_USDT_SWAP",
    "BOME_USDT_SWAP",
    "BONK_USDT_SWAP",
    "BRETT_USDT_SWAP",
    "BTC_USDT_SWAP",
    "CFX_USDT_SWAP",
    "CHZ_USDT_SWAP",
    "CORE_USDT_SWAP",
    "CRO_USDT_SWAP",
    "DOGE_USDT_SWAP",
    "DOOD_USDT_SWAP",
    "DOT_USDT_SWAP",
    "DYDX_USDT_SWAP",
    "ENJ_USDT_SWAP",
    "ETC_USDT_SWAP",
    "ETH_USDT_SWAP",
    "FIL_USDT_SWAP",
    "FLOKI_USDT_SWAP",
    "GALA_USDT_SWAP",
    "GMT_USDT_SWAP",
    "GPS_USDT_SWAP",
    "GRT_USDT_SWAP",
    "HBAR_USDT_SWAP",
    "HMSTR_USDT_SWAP",
    "HOME_USDT_SWAP",
    "HUMA_USDT_SWAP",
    "ICP_USDT_SWAP",
    "ICX_USDT_SWAP",
    "INJ_USDT_SWAP",
    "IOST_USDT_SWAP",
    "JELLYJELLY_USDT_SWAP",
    "KMNO_USDT_SWAP",
    "LINK_USDT_SWAP",
    "LRC_USDT_SWAP",
    "LTC_USDT_SWAP",
    "LUNA_USDT_SWAP",
    "MAGIC_USDT_SWAP",
    "MEME_USDT_SWAP",
    "MERL_USDT_SWAP",
    "MEW_USDT_SWAP",
    "MINA_USDT_SWAP",
    "MOODENG_USDT_SWAP",
    "MOVE_USDT_SWAP",
    "MUBARAK_USDT_SWAP",
    "NEAR_USDT_SWAP",
    "NEIRO_USDT_SWAP",
    "NOT_USDT_SWAP",
    "ONE_USDT_SWAP",
    "ONT_USDT_SWAP",
    "OP_USDT_SWAP",
    "PARTI_USDT_SWAP",
    "PENGU_USDT_SWAP",
    "PEOPLE_USDT_SWAP",
    "PEPE_USDT_SWAP",
    "PLUME_USDT_SWAP",
    "PNUT_USDT_SWAP",
    "POL_USDT_SWAP",
    "PYTH_USDT_SWAP",
    "RESOLV_USDT_SWAP",
    "RSR_USDT_SWAP",
    "RVN_USDT_SWAP",
    "SATS_USDT_SWAP",
    "SHIB_USDT_SWAP",
    "SIGN_USDT_SWAP",
    "SOL_USDT_SWAP",
    "SOON_USDT_SWAP",
    "SOPH_USDT_SWAP",
    "STRK_USDT_SWAP",
    "SUI_USDT_SWAP",
    "TIA_USDT_SWAP",
    "TRX_USDT_SWAP",
    "TURBO_USDT_SWAP",
    "UNI_USDT_SWAP",
    "WIF_USDT_SWAP",
    "WOO_USDT_SWAP",
    "W_USDT_SWAP",
    "XLM_USDT_SWAP",
    "XRP_USDT_SWAP",
    "YGG_USDT_SWAP",
    "ZIL_USDT_SWAP",
    "ZK_USDT_SWAP"
  ]
}
[2026-07-24T09:17:10Z] chunk=64 exit=0 done_after=64
[2026-07-24T09:17:10Z] chunk=65 done=64/100
resume: skip 64 done symbols (64 marked); remain 36
swap series to scan: 1  workers=1  side=short  resume=True  signal_window=[2025-11-04 00:00:00+00:00, 2026-05-04 00:00:00+00:00)
  NEIRO_USDT_SWAP: 249 YOLO候选 (short)
  … progress 1/1
{
  "side": "short",
  "weights": "/Users/zhangzc/fable-trading/runs/detect/runs/detect/owner_side_short_tip_v1b/weights/best.pt",
  "series_this_chunk": 1,
  "candidates_so_far": 16726,
  "symbols_so_far": 65,
  "pos_rate": 0.2845,
  "out": "data/judgment_yolo_owner_side_short_100_6m.csv",
  "workers": 1,
  "checkpoint": true,
  "signal_time_lo": "2025-11-04 00:00:00+00:00",
  "signal_time_hi": "2026-05-04 00:00:00+00:00",
  "symbols_filter": [
    "AAVE_USDT_SWAP",
    "ACH_USDT_SWAP",
    "ACT_USDT_SWAP",
    "ADA_USDT_SWAP",
    "AEVO_USDT_SWAP",
    "AIXBT_USDT_SWAP",
    "ANIME_USDT_SWAP",
    "APE_USDT_SWAP",
    "APT_USDT_SWAP",
    "ARB_USDT_SWAP",
    "ATH_USDT_SWAP",
    "ATOM_USDT_SWAP",
    "AVAX_USDT_SWAP",
    "BABY_USDT_SWAP",
    "BCH_USDT_SWAP",
    "BICO_USDT_SWAP",
    "BIGTIME_USDT_SWAP",
    "BIO_USDT_SWAP",
    "BLUR_USDT_SWAP",
    "BNB_USDT_SWAP",
    "BOME_USDT_SWAP",
    "BONK_USDT_SWAP",
    "BRETT_USDT_SWAP",
    "BTC_USDT_SWAP",
    "CFX_USDT_SWAP",
    "CHZ_USDT_SWAP",
    "CORE_USDT_SWAP",
    "CRO_USDT_SWAP",
    "DOGE_USDT_SWAP",
    "DOOD_USDT_SWAP",
    "DOT_USDT_SWAP",
    "DYDX_USDT_SWAP",
    "ENJ_USDT_SWAP",
    "ETC_USDT_SWAP",
    "ETH_USDT_SWAP",
    "FIL_USDT_SWAP",
    "FLOKI_USDT_SWAP",
    "GALA_USDT_SWAP",
    "GMT_USDT_SWAP",
    "GPS_USDT_SWAP",
    "GRT_USDT_SWAP",
    "HBAR_USDT_SWAP",
    "HMSTR_USDT_SWAP",
    "HOME_USDT_SWAP",
    "HUMA_USDT_SWAP",
    "ICP_USDT_SWAP",
    "ICX_USDT_SWAP",
    "INJ_USDT_SWAP",
    "IOST_USDT_SWAP",
    "JELLYJELLY_USDT_SWAP",
    "KMNO_USDT_SWAP",
    "LINK_USDT_SWAP",
    "LRC_USDT_SWAP",
    "LTC_USDT_SWAP",
    "LUNA_USDT_SWAP",
    "MAGIC_USDT_SWAP",
    "MEME_USDT_SWAP",
    "MERL_USDT_SWAP",
    "MEW_USDT_SWAP",
    "MINA_USDT_SWAP",
    "MOODENG_USDT_SWAP",
    "MOVE_USDT_SWAP",
    "MUBARAK_USDT_SWAP",
    "NEAR_USDT_SWAP",
    "NEIRO_USDT_SWAP",
    "NOT_USDT_SWAP",
    "ONE_USDT_SWAP",
    "ONT_USDT_SWAP",
    "OP_USDT_SWAP",
    "PARTI_USDT_SWAP",
    "PENGU_USDT_SWAP",
    "PEOPLE_USDT_SWAP",
    "PEPE_USDT_SWAP",
    "PLUME_USDT_SWAP",
    "PNUT_USDT_SWAP",
    "POL_USDT_SWAP",
    "PYTH_USDT_SWAP",
    "RESOLV_USDT_SWAP",
    "RSR_USDT_SWAP",
    "RVN_USDT_SWAP",
    "SATS_USDT_SWAP",
    "SHIB_USDT_SWAP",
    "SIGN_USDT_SWAP",
    "SOL_USDT_SWAP",
    "SOON_USDT_SWAP",
    "SOPH_USDT_SWAP",
    "STRK_USDT_SWAP",
    "SUI_USDT_SWAP",
    "TIA_USDT_SWAP",
    "TRX_USDT_SWAP",
    "TURBO_USDT_SWAP",
    "UNI_USDT_SWAP",
    "WIF_USDT_SWAP",
    "WOO_USDT_SWAP",
    "W_USDT_SWAP",
    "XLM_USDT_SWAP",
    "XRP_USDT_SWAP",
    "YGG_USDT_SWAP",
    "ZIL_USDT_SWAP",
    "ZK_USDT_SWAP"
  ]
}
[2026-07-24T09:17:45Z] chunk=65 exit=0 done_after=65
[2026-07-24T09:17:45Z] chunk=66 done=65/100
resume: skip 65 done symbols (65 marked); remain 35
swap series to scan: 1  workers=1  side=short  resume=True  signal_window=[2025-11-04 00:00:00+00:00, 2026-05-04 00:00:00+00:00)
  NOT_USDT_SWAP: 254 YOLO候选 (short)
  … progress 1/1
{
  "side": "short",
  "weights": "/Users/zhangzc/fable-trading/runs/detect/runs/detect/owner_side_short_tip_v1b/weights/best.pt",
  "series_this_chunk": 1,
  "candidates_so_far": 16980,
  "symbols_so_far": 66,
  "pos_rate": 0.2845,
  "out": "data/judgment_yolo_owner_side_short_100_6m.csv",
  "workers": 1,
  "checkpoint": true,
  "signal_time_lo": "2025-11-04 00:00:00+00:00",
  "signal_time_hi": "2026-05-04 00:00:00+00:00",
  "symbols_filter": [
    "AAVE_USDT_SWAP",
    "ACH_USDT_SWAP",
    "ACT_USDT_SWAP",
    "ADA_USDT_SWAP",
    "AEVO_USDT_SWAP",
    "AIXBT_USDT_SWAP",
    "ANIME_USDT_SWAP",
    "APE_USDT_SWAP",
    "APT_USDT_SWAP",
    "ARB_USDT_SWAP",
    "ATH_USDT_SWAP",
    "ATOM_USDT_SWAP",
    "AVAX_USDT_SWAP",
    "BABY_USDT_SWAP",
    "BCH_USDT_SWAP",
    "BICO_USDT_SWAP",
    "BIGTIME_USDT_SWAP",
    "BIO_USDT_SWAP",
    "BLUR_USDT_SWAP",
    "BNB_USDT_SWAP",
    "BOME_USDT_SWAP",
    "BONK_USDT_SWAP",
    "BRETT_USDT_SWAP",
    "BTC_USDT_SWAP",
    "CFX_USDT_SWAP",
    "CHZ_USDT_SWAP",
    "CORE_USDT_SWAP",
    "CRO_USDT_SWAP",
    "DOGE_USDT_SWAP",
    "DOOD_USDT_SWAP",
    "DOT_USDT_SWAP",
    "DYDX_USDT_SWAP",
    "ENJ_USDT_SWAP",
    "ETC_USDT_SWAP",
    "ETH_USDT_SWAP",
    "FIL_USDT_SWAP",
    "FLOKI_USDT_SWAP",
    "GALA_USDT_SWAP",
    "GMT_USDT_SWAP",
    "GPS_USDT_SWAP",
    "GRT_USDT_SWAP",
    "HBAR_USDT_SWAP",
    "HMSTR_USDT_SWAP",
    "HOME_USDT_SWAP",
    "HUMA_USDT_SWAP",
    "ICP_USDT_SWAP",
    "ICX_USDT_SWAP",
    "INJ_USDT_SWAP",
    "IOST_USDT_SWAP",
    "JELLYJELLY_USDT_SWAP",
    "KMNO_USDT_SWAP",
    "LINK_USDT_SWAP",
    "LRC_USDT_SWAP",
    "LTC_USDT_SWAP",
    "LUNA_USDT_SWAP",
    "MAGIC_USDT_SWAP",
    "MEME_USDT_SWAP",
    "MERL_USDT_SWAP",
    "MEW_USDT_SWAP",
    "MINA_USDT_SWAP",
    "MOODENG_USDT_SWAP",
    "MOVE_USDT_SWAP",
    "MUBARAK_USDT_SWAP",
    "NEAR_USDT_SWAP",
    "NEIRO_USDT_SWAP",
    "NOT_USDT_SWAP",
    "ONE_USDT_SWAP",
    "ONT_USDT_SWAP",
    "OP_USDT_SWAP",
    "PARTI_USDT_SWAP",
    "PENGU_USDT_SWAP",
    "PEOPLE_USDT_SWAP",
    "PEPE_USDT_SWAP",
    "PLUME_USDT_SWAP",
    "PNUT_USDT_SWAP",
    "POL_USDT_SWAP",
    "PYTH_USDT_SWAP",
    "RESOLV_USDT_SWAP",
    "RSR_USDT_SWAP",
    "RVN_USDT_SWAP",
    "SATS_USDT_SWAP",
    "SHIB_USDT_SWAP",
    "SIGN_USDT_SWAP",
    "SOL_USDT_SWAP",
    "SOON_USDT_SWAP",
    "SOPH_USDT_SWAP",
    "STRK_USDT_SWAP",
    "SUI_USDT_SWAP",
    "TIA_USDT_SWAP",
    "TRX_USDT_SWAP",
    "TURBO_USDT_SWAP",
    "UNI_USDT_SWAP",
    "WIF_USDT_SWAP",
    "WOO_USDT_SWAP",
    "W_USDT_SWAP",
    "XLM_USDT_SWAP",
    "XRP_USDT_SWAP",
    "YGG_USDT_SWAP",
    "ZIL_USDT_SWAP",
    "ZK_USDT_SWAP"
  ]
}
[2026-07-24T09:18:21Z] chunk=66 exit=0 done_after=66
[2026-07-24T09:18:21Z] chunk=67 done=66/100
resume: skip 66 done symbols (66 marked); remain 34
swap series to scan: 1  workers=1  side=short  resume=True  signal_window=[2025-11-04 00:00:00+00:00, 2026-05-04 00:00:00+00:00)
  ONE_USDT_SWAP: 261 YOLO候选 (short)
  … progress 1/1
{
  "side": "short",
  "weights": "/Users/zhangzc/fable-trading/runs/detect/runs/detect/owner_side_short_tip_v1b/weights/best.pt",
  "series_this_chunk": 1,
  "candidates_so_far": 17241,
  "symbols_so_far": 67,
  "pos_rate": 0.2847,
  "out": "data/judgment_yolo_owner_side_short_100_6m.csv",
  "workers": 1,
  "checkpoint": true,
  "signal_time_lo": "2025-11-04 00:00:00+00:00",
  "signal_time_hi": "2026-05-04 00:00:00+00:00",
  "symbols_filter": [
    "AAVE_USDT_SWAP",
    "ACH_USDT_SWAP",
    "ACT_USDT_SWAP",
    "ADA_USDT_SWAP",
    "AEVO_USDT_SWAP",
    "AIXBT_USDT_SWAP",
    "ANIME_USDT_SWAP",
    "APE_USDT_SWAP",
    "APT_USDT_SWAP",
    "ARB_USDT_SWAP",
    "ATH_USDT_SWAP",
    "ATOM_USDT_SWAP",
    "AVAX_USDT_SWAP",
    "BABY_USDT_SWAP",
    "BCH_USDT_SWAP",
    "BICO_USDT_SWAP",
    "BIGTIME_USDT_SWAP",
    "BIO_USDT_SWAP",
    "BLUR_USDT_SWAP",
    "BNB_USDT_SWAP",
    "BOME_USDT_SWAP",
    "BONK_USDT_SWAP",
    "BRETT_USDT_SWAP",
    "BTC_USDT_SWAP",
    "CFX_USDT_SWAP",
    "CHZ_USDT_SWAP",
    "CORE_USDT_SWAP",
    "CRO_USDT_SWAP",
    "DOGE_USDT_SWAP",
    "DOOD_USDT_SWAP",
    "DOT_USDT_SWAP",
    "DYDX_USDT_SWAP",
    "ENJ_USDT_SWAP",
    "ETC_USDT_SWAP",
    "ETH_USDT_SWAP",
    "FIL_USDT_SWAP",
    "FLOKI_USDT_SWAP",
    "GALA_USDT_SWAP",
    "GMT_USDT_SWAP",
    "GPS_USDT_SWAP",
    "GRT_USDT_SWAP",
    "HBAR_USDT_SWAP",
    "HMSTR_USDT_SWAP",
    "HOME_USDT_SWAP",
    "HUMA_USDT_SWAP",
    "ICP_USDT_SWAP",
    "ICX_USDT_SWAP",
    "INJ_USDT_SWAP",
    "IOST_USDT_SWAP",
    "JELLYJELLY_USDT_SWAP",
    "KMNO_USDT_SWAP",
    "LINK_USDT_SWAP",
    "LRC_USDT_SWAP",
    "LTC_USDT_SWAP",
    "LUNA_USDT_SWAP",
    "MAGIC_USDT_SWAP",
    "MEME_USDT_SWAP",
    "MERL_USDT_SWAP",
    "MEW_USDT_SWAP",
    "MINA_USDT_SWAP",
    "MOODENG_USDT_SWAP",
    "MOVE_USDT_SWAP",
    "MUBARAK_USDT_SWAP",
    "NEAR_USDT_SWAP",
    "NEIRO_USDT_SWAP",
    "NOT_USDT_SWAP",
    "ONE_USDT_SWAP",
    "ONT_USDT_SWAP",
    "OP_USDT_SWAP",
    "PARTI_USDT_SWAP",
    "PENGU_USDT_SWAP",
    "PEOPLE_USDT_SWAP",
    "PEPE_USDT_SWAP",
    "PLUME_USDT_SWAP",
    "PNUT_USDT_SWAP",
    "POL_USDT_SWAP",
    "PYTH_USDT_SWAP",
    "RESOLV_USDT_SWAP",
    "RSR_USDT_SWAP",
    "RVN_USDT_SWAP",
    "SATS_USDT_SWAP",
    "SHIB_USDT_SWAP",
    "SIGN_USDT_SWAP",
    "SOL_USDT_SWAP",
    "SOON_USDT_SWAP",
    "SOPH_USDT_SWAP",
    "STRK_USDT_SWAP",
    "SUI_USDT_SWAP",
    "TIA_USDT_SWAP",
    "TRX_USDT_SWAP",
    "TURBO_USDT_SWAP",
    "UNI_USDT_SWAP",
    "WIF_USDT_SWAP",
    "WOO_USDT_SWAP",
    "W_USDT_SWAP",
    "XLM_USDT_SWAP",
    "XRP_USDT_SWAP",
    "YGG_USDT_SWAP",
    "ZIL_USDT_SWAP",
    "ZK_USDT_SWAP"
  ]
}
[2026-07-24T09:18:58Z] chunk=67 exit=0 done_after=67
[2026-07-24T09:18:58Z] chunk=68 done=67/100
resume: skip 67 done symbols (67 marked); remain 33
swap series to scan: 1  workers=1  side=short  resume=True  signal_window=[2025-11-04 00:00:00+00:00, 2026-05-04 00:00:00+00:00)
  ONT_USDT_SWAP: 262 YOLO候选 (short)
  … progress 1/1
{
  "side": "short",
  "weights": "/Users/zhangzc/fable-trading/runs/detect/runs/detect/owner_side_short_tip_v1b/weights/best.pt",
  "series_this_chunk": 1,
  "candidates_so_far": 17503,
  "symbols_so_far": 68,
  "pos_rate": 0.2845,
  "out": "data/judgment_yolo_owner_side_short_100_6m.csv",
  "workers": 1,
  "checkpoint": true,
  "signal_time_lo": "2025-11-04 00:00:00+00:00",
  "signal_time_hi": "2026-05-04 00:00:00+00:00",
  "symbols_filter": [
    "AAVE_USDT_SWAP",
    "ACH_USDT_SWAP",
    "ACT_USDT_SWAP",
    "ADA_USDT_SWAP",
    "AEVO_USDT_SWAP",
    "AIXBT_USDT_SWAP",
    "ANIME_USDT_SWAP",
    "APE_USDT_SWAP",
    "APT_USDT_SWAP",
    "ARB_USDT_SWAP",
    "ATH_USDT_SWAP",
    "ATOM_USDT_SWAP",
    "AVAX_USDT_SWAP",
    "BABY_USDT_SWAP",
    "BCH_USDT_SWAP",
    "BICO_USDT_SWAP",
    "BIGTIME_USDT_SWAP",
    "BIO_USDT_SWAP",
    "BLUR_USDT_SWAP",
    "BNB_USDT_SWAP",
    "BOME_USDT_SWAP",
    "BONK_USDT_SWAP",
    "BRETT_USDT_SWAP",
    "BTC_USDT_SWAP",
    "CFX_USDT_SWAP",
    "CHZ_USDT_SWAP",
    "CORE_USDT_SWAP",
    "CRO_USDT_SWAP",
    "DOGE_USDT_SWAP",
    "DOOD_USDT_SWAP",
    "DOT_USDT_SWAP",
    "DYDX_USDT_SWAP",
    "ENJ_USDT_SWAP",
    "ETC_USDT_SWAP",
    "ETH_USDT_SWAP",
    "FIL_USDT_SWAP",
    "FLOKI_USDT_SWAP",
    "GALA_USDT_SWAP",
    "GMT_USDT_SWAP",
    "GPS_USDT_SWAP",
    "GRT_USDT_SWAP",
    "HBAR_USDT_SWAP",
    "HMSTR_USDT_SWAP",
    "HOME_USDT_SWAP",
    "HUMA_USDT_SWAP",
    "ICP_USDT_SWAP",
    "ICX_USDT_SWAP",
    "INJ_USDT_SWAP",
    "IOST_USDT_SWAP",
    "JELLYJELLY_USDT_SWAP",
    "KMNO_USDT_SWAP",
    "LINK_USDT_SWAP",
    "LRC_USDT_SWAP",
    "LTC_USDT_SWAP",
    "LUNA_USDT_SWAP",
    "MAGIC_USDT_SWAP",
    "MEME_USDT_SWAP",
    "MERL_USDT_SWAP",
    "MEW_USDT_SWAP",
    "MINA_USDT_SWAP",
    "MOODENG_USDT_SWAP",
    "MOVE_USDT_SWAP",
    "MUBARAK_USDT_SWAP",
    "NEAR_USDT_SWAP",
    "NEIRO_USDT_SWAP",
    "NOT_USDT_SWAP",
    "ONE_USDT_SWAP",
    "ONT_USDT_SWAP",
    "OP_USDT_SWAP",
    "PARTI_USDT_SWAP",
    "PENGU_USDT_SWAP",
    "PEOPLE_USDT_SWAP",
    "PEPE_USDT_SWAP",
    "PLUME_USDT_SWAP",
    "PNUT_USDT_SWAP",
    "POL_USDT_SWAP",
    "PYTH_USDT_SWAP",
    "RESOLV_USDT_SWAP",
    "RSR_USDT_SWAP",
    "RVN_USDT_SWAP",
    "SATS_USDT_SWAP",
    "SHIB_USDT_SWAP",
    "SIGN_USDT_SWAP",
    "SOL_USDT_SWAP",
    "SOON_USDT_SWAP",
    "SOPH_USDT_SWAP",
    "STRK_USDT_SWAP",
    "SUI_USDT_SWAP",
    "TIA_USDT_SWAP",
    "TRX_USDT_SWAP",
    "TURBO_USDT_SWAP",
    "UNI_USDT_SWAP",
    "WIF_USDT_SWAP",
    "WOO_USDT_SWAP",
    "W_USDT_SWAP",
    "XLM_USDT_SWAP",
    "XRP_USDT_SWAP",
    "YGG_USDT_SWAP",
    "ZIL_USDT_SWAP",
    "ZK_USDT_SWAP"
  ]
}
[2026-07-24T09:19:33Z] chunk=68 exit=0 done_after=68
[2026-07-24T09:19:33Z] chunk=69 done=68/100
resume: skip 68 done symbols (68 marked); remain 32
swap series to scan: 1  workers=1  side=short  resume=True  signal_window=[2025-11-04 00:00:00+00:00, 2026-05-04 00:00:00+00:00)
  OP_USDT_SWAP: 253 YOLO候选 (short)
  … progress 1/1
{
  "side": "short",
  "weights": "/Users/zhangzc/fable-trading/runs/detect/runs/detect/owner_side_short_tip_v1b/weights/best.pt",
  "series_this_chunk": 1,
  "candidates_so_far": 17756,
  "symbols_so_far": 69,
  "pos_rate": 0.2843,
  "out": "data/judgment_yolo_owner_side_short_100_6m.csv",
  "workers": 1,
  "checkpoint": true,
  "signal_time_lo": "2025-11-04 00:00:00+00:00",
  "signal_time_hi": "2026-05-04 00:00:00+00:00",
  "symbols_filter": [
    "AAVE_USDT_SWAP",
    "ACH_USDT_SWAP",
    "ACT_USDT_SWAP",
    "ADA_USDT_SWAP",
    "AEVO_USDT_SWAP",
    "AIXBT_USDT_SWAP",
    "ANIME_USDT_SWAP",
    "APE_USDT_SWAP",
    "APT_USDT_SWAP",
    "ARB_USDT_SWAP",
    "ATH_USDT_SWAP",
    "ATOM_USDT_SWAP",
    "AVAX_USDT_SWAP",
    "BABY_USDT_SWAP",
    "BCH_USDT_SWAP",
    "BICO_USDT_SWAP",
    "BIGTIME_USDT_SWAP",
    "BIO_USDT_SWAP",
    "BLUR_USDT_SWAP",
    "BNB_USDT_SWAP",
    "BOME_USDT_SWAP",
    "BONK_USDT_SWAP",
    "BRETT_USDT_SWAP",
    "BTC_USDT_SWAP",
    "CFX_USDT_SWAP",
    "CHZ_USDT_SWAP",
    "CORE_USDT_SWAP",
    "CRO_USDT_SWAP",
    "DOGE_USDT_SWAP",
    "DOOD_USDT_SWAP",
    "DOT_USDT_SWAP",
    "DYDX_USDT_SWAP",
    "ENJ_USDT_SWAP",
    "ETC_USDT_SWAP",
    "ETH_USDT_SWAP",
    "FIL_USDT_SWAP",
    "FLOKI_USDT_SWAP",
    "GALA_USDT_SWAP",
    "GMT_USDT_SWAP",
    "GPS_USDT_SWAP",
    "GRT_USDT_SWAP",
    "HBAR_USDT_SWAP",
    "HMSTR_USDT_SWAP",
    "HOME_USDT_SWAP",
    "HUMA_USDT_SWAP",
    "ICP_USDT_SWAP",
    "ICX_USDT_SWAP",
    "INJ_USDT_SWAP",
    "IOST_USDT_SWAP",
    "JELLYJELLY_USDT_SWAP",
    "KMNO_USDT_SWAP",
    "LINK_USDT_SWAP",
    "LRC_USDT_SWAP",
    "LTC_USDT_SWAP",
    "LUNA_USDT_SWAP",
    "MAGIC_USDT_SWAP",
    "MEME_USDT_SWAP",
    "MERL_USDT_SWAP",
    "MEW_USDT_SWAP",
    "MINA_USDT_SWAP",
    "MOODENG_USDT_SWAP",
    "MOVE_USDT_SWAP",
    "MUBARAK_USDT_SWAP",
    "NEAR_USDT_SWAP",
    "NEIRO_USDT_SWAP",
    "NOT_USDT_SWAP",
    "ONE_USDT_SWAP",
    "ONT_USDT_SWAP",
    "OP_USDT_SWAP",
    "PARTI_USDT_SWAP",
    "PENGU_USDT_SWAP",
    "PEOPLE_USDT_SWAP",
    "PEPE_USDT_SWAP",
    "PLUME_USDT_SWAP",
    "PNUT_USDT_SWAP",
    "POL_USDT_SWAP",
    "PYTH_USDT_SWAP",
    "RESOLV_USDT_SWAP",
    "RSR_USDT_SWAP",
    "RVN_USDT_SWAP",
    "SATS_USDT_SWAP",
    "SHIB_USDT_SWAP",
    "SIGN_USDT_SWAP",
    "SOL_USDT_SWAP",
    "SOON_USDT_SWAP",
    "SOPH_USDT_SWAP",
    "STRK_USDT_SWAP",
    "SUI_USDT_SWAP",
    "TIA_USDT_SWAP",
    "TRX_USDT_SWAP",
    "TURBO_USDT_SWAP",
    "UNI_USDT_SWAP",
    "WIF_USDT_SWAP",
    "WOO_USDT_SWAP",
    "W_USDT_SWAP",
    "XLM_USDT_SWAP",
    "XRP_USDT_SWAP",
    "YGG_USDT_SWAP",
    "ZIL_USDT_SWAP",
    "ZK_USDT_SWAP"
  ]
}
[2026-07-24T09:20:10Z] chunk=69 exit=0 done_after=69
[2026-07-24T09:20:10Z] chunk=70 done=69/100
resume: skip 69 done symbols (69 marked); remain 31
swap series to scan: 1  workers=1  side=short  resume=True  signal_window=[2025-11-04 00:00:00+00:00, 2026-05-04 00:00:00+00:00)
  PARTI_USDT_SWAP: 251 YOLO候选 (short)
  … progress 1/1
{
  "side": "short",
  "weights": "/Users/zhangzc/fable-trading/runs/detect/runs/detect/owner_side_short_tip_v1b/weights/best.pt",
  "series_this_chunk": 1,
  "candidates_so_far": 18007,
  "symbols_so_far": 70,
  "pos_rate": 0.2838,
  "out": "data/judgment_yolo_owner_side_short_100_6m.csv",
  "workers": 1,
  "checkpoint": true,
  "signal_time_lo": "2025-11-04 00:00:00+00:00",
  "signal_time_hi": "2026-05-04 00:00:00+00:00",
  "symbols_filter": [
    "AAVE_USDT_SWAP",
    "ACH_USDT_SWAP",
    "ACT_USDT_SWAP",
    "ADA_USDT_SWAP",
    "AEVO_USDT_SWAP",
    "AIXBT_USDT_SWAP",
    "ANIME_USDT_SWAP",
    "APE_USDT_SWAP",
    "APT_USDT_SWAP",
    "ARB_USDT_SWAP",
    "ATH_USDT_SWAP",
    "ATOM_USDT_SWAP",
    "AVAX_USDT_SWAP",
    "BABY_USDT_SWAP",
    "BCH_USDT_SWAP",
    "BICO_USDT_SWAP",
    "BIGTIME_USDT_SWAP",
    "BIO_USDT_SWAP",
    "BLUR_USDT_SWAP",
    "BNB_USDT_SWAP",
    "BOME_USDT_SWAP",
    "BONK_USDT_SWAP",
    "BRETT_USDT_SWAP",
    "BTC_USDT_SWAP",
    "CFX_USDT_SWAP",
    "CHZ_USDT_SWAP",
    "CORE_USDT_SWAP",
    "CRO_USDT_SWAP",
    "DOGE_USDT_SWAP",
    "DOOD_USDT_SWAP",
    "DOT_USDT_SWAP",
    "DYDX_USDT_SWAP",
    "ENJ_USDT_SWAP",
    "ETC_USDT_SWAP",
    "ETH_USDT_SWAP",
    "FIL_USDT_SWAP",
    "FLOKI_USDT_SWAP",
    "GALA_USDT_SWAP",
    "GMT_USDT_SWAP",
    "GPS_USDT_SWAP",
    "GRT_USDT_SWAP",
    "HBAR_USDT_SWAP",
    "HMSTR_USDT_SWAP",
    "HOME_USDT_SWAP",
    "HUMA_USDT_SWAP",
    "ICP_USDT_SWAP",
    "ICX_USDT_SWAP",
    "INJ_USDT_SWAP",
    "IOST_USDT_SWAP",
    "JELLYJELLY_USDT_SWAP",
    "KMNO_USDT_SWAP",
    "LINK_USDT_SWAP",
    "LRC_USDT_SWAP",
    "LTC_USDT_SWAP",
    "LUNA_USDT_SWAP",
    "MAGIC_USDT_SWAP",
    "MEME_USDT_SWAP",
    "MERL_USDT_SWAP",
    "MEW_USDT_SWAP",
    "MINA_USDT_SWAP",
    "MOODENG_USDT_SWAP",
    "MOVE_USDT_SWAP",
    "MUBARAK_USDT_SWAP",
    "NEAR_USDT_SWAP",
    "NEIRO_USDT_SWAP",
    "NOT_USDT_SWAP",
    "ONE_USDT_SWAP",
    "ONT_USDT_SWAP",
    "OP_USDT_SWAP",
    "PARTI_USDT_SWAP",
    "PENGU_USDT_SWAP",
    "PEOPLE_USDT_SWAP",
    "PEPE_USDT_SWAP",
    "PLUME_USDT_SWAP",
    "PNUT_USDT_SWAP",
    "POL_USDT_SWAP",
    "PYTH_USDT_SWAP",
    "RESOLV_USDT_SWAP",
    "RSR_USDT_SWAP",
    "RVN_USDT_SWAP",
    "SATS_USDT_SWAP",
    "SHIB_USDT_SWAP",
    "SIGN_USDT_SWAP",
    "SOL_USDT_SWAP",
    "SOON_USDT_SWAP",
    "SOPH_USDT_SWAP",
    "STRK_USDT_SWAP",
    "SUI_USDT_SWAP",
    "TIA_USDT_SWAP",
    "TRX_USDT_SWAP",
    "TURBO_USDT_SWAP",
    "UNI_USDT_SWAP",
    "WIF_USDT_SWAP",
    "WOO_USDT_SWAP",
    "W_USDT_SWAP",
    "XLM_USDT_SWAP",
    "XRP_USDT_SWAP",
    "YGG_USDT_SWAP",
    "ZIL_USDT_SWAP",
    "ZK_USDT_SWAP"
  ]
}
[2026-07-24T09:20:46Z] chunk=70 exit=0 done_after=70
[2026-07-24T09:20:46Z] chunk=71 done=70/100
resume: skip 70 done symbols (70 marked); remain 30
swap series to scan: 1  workers=1  side=short  resume=True  signal_window=[2025-11-04 00:00:00+00:00, 2026-05-04 00:00:00+00:00)
  PENGU_USDT_SWAP: 246 YOLO候选 (short)
  … progress 1/1
{
  "side": "short",
  "weights": "/Users/zhangzc/fable-trading/runs/detect/runs/detect/owner_side_short_tip_v1b/weights/best.pt",
  "series_this_chunk": 1,
  "candidates_so_far": 18253,
  "symbols_so_far": 71,
  "pos_rate": 0.284,
  "out": "data/judgment_yolo_owner_side_short_100_6m.csv",
  "workers": 1,
  "checkpoint": true,
  "signal_time_lo": "2025-11-04 00:00:00+00:00",
  "signal_time_hi": "2026-05-04 00:00:00+00:00",
  "symbols_filter": [
    "AAVE_USDT_SWAP",
    "ACH_USDT_SWAP",
    "ACT_USDT_SWAP",
    "ADA_USDT_SWAP",
    "AEVO_USDT_SWAP",
    "AIXBT_USDT_SWAP",
    "ANIME_USDT_SWAP",
    "APE_USDT_SWAP",
    "APT_USDT_SWAP",
    "ARB_USDT_SWAP",
    "ATH_USDT_SWAP",
    "ATOM_USDT_SWAP",
    "AVAX_USDT_SWAP",
    "BABY_USDT_SWAP",
    "BCH_USDT_SWAP",
    "BICO_USDT_SWAP",
    "BIGTIME_USDT_SWAP",
    "BIO_USDT_SWAP",
    "BLUR_USDT_SWAP",
    "BNB_USDT_SWAP",
    "BOME_USDT_SWAP",
    "BONK_USDT_SWAP",
    "BRETT_USDT_SWAP",
    "BTC_USDT_SWAP",
    "CFX_USDT_SWAP",
    "CHZ_USDT_SWAP",
    "CORE_USDT_SWAP",
    "CRO_USDT_SWAP",
    "DOGE_USDT_SWAP",
    "DOOD_USDT_SWAP",
    "DOT_USDT_SWAP",
    "DYDX_USDT_SWAP",
    "ENJ_USDT_SWAP",
    "ETC_USDT_SWAP",
    "ETH_USDT_SWAP",
    "FIL_USDT_SWAP",
    "FLOKI_USDT_SWAP",
    "GALA_USDT_SWAP",
    "GMT_USDT_SWAP",
    "GPS_USDT_SWAP",
    "GRT_USDT_SWAP",
    "HBAR_USDT_SWAP",
    "HMSTR_USDT_SWAP",
    "HOME_USDT_SWAP",
    "HUMA_USDT_SWAP",
    "ICP_USDT_SWAP",
    "ICX_USDT_SWAP",
    "INJ_USDT_SWAP",
    "IOST_USDT_SWAP",
    "JELLYJELLY_USDT_SWAP",
    "KMNO_USDT_SWAP",
    "LINK_USDT_SWAP",
    "LRC_USDT_SWAP",
    "LTC_USDT_SWAP",
    "LUNA_USDT_SWAP",
    "MAGIC_USDT_SWAP",
    "MEME_USDT_SWAP",
    "MERL_USDT_SWAP",
    "MEW_USDT_SWAP",
    "MINA_USDT_SWAP",
    "MOODENG_USDT_SWAP",
    "MOVE_USDT_SWAP",
    "MUBARAK_USDT_SWAP",
    "NEAR_USDT_SWAP",
    "NEIRO_USDT_SWAP",
    "NOT_USDT_SWAP",
    "ONE_USDT_SWAP",
    "ONT_USDT_SWAP",
    "OP_USDT_SWAP",
    "PARTI_USDT_SWAP",
    "PENGU_USDT_SWAP",
    "PEOPLE_USDT_SWAP",
    "PEPE_USDT_SWAP",
    "PLUME_USDT_SWAP",
    "PNUT_USDT_SWAP",
    "POL_USDT_SWAP",
    "PYTH_USDT_SWAP",
    "RESOLV_USDT_SWAP",
    "RSR_USDT_SWAP",
    "RVN_USDT_SWAP",
    "SATS_USDT_SWAP",
    "SHIB_USDT_SWAP",
    "SIGN_USDT_SWAP",
    "SOL_USDT_SWAP",
    "SOON_USDT_SWAP",
    "SOPH_USDT_SWAP",
    "STRK_USDT_SWAP",
    "SUI_USDT_SWAP",
    "TIA_USDT_SWAP",
    "TRX_USDT_SWAP",
    "TURBO_USDT_SWAP",
    "UNI_USDT_SWAP",
    "WIF_USDT_SWAP",
    "WOO_USDT_SWAP",
    "W_USDT_SWAP",
    "XLM_USDT_SWAP",
    "XRP_USDT_SWAP",
    "YGG_USDT_SWAP",
    "ZIL_USDT_SWAP",
    "ZK_USDT_SWAP"
  ]
}
[2026-07-24T09:21:23Z] chunk=71 exit=0 done_after=71
[2026-07-24T09:21:23Z] chunk=72 done=71/100
resume: skip 71 done symbols (71 marked); remain 29
swap series to scan: 1  workers=1  side=short  resume=True  signal_window=[2025-11-04 00:00:00+00:00, 2026-05-04 00:00:00+00:00)
  PEOPLE_USDT_SWAP: 260 YOLO候选 (short)
  … progress 1/1
{
  "side": "short",
  "weights": "/Users/zhangzc/fable-trading/runs/detect/runs/detect/owner_side_short_tip_v1b/weights/best.pt",
  "series_this_chunk": 1,
  "candidates_so_far": 18513,
  "symbols_so_far": 72,
  "pos_rate": 0.2842,
  "out": "data/judgment_yolo_owner_side_short_100_6m.csv",
  "workers": 1,
  "checkpoint": true,
  "signal_time_lo": "2025-11-04 00:00:00+00:00",
  "signal_time_hi": "2026-05-04 00:00:00+00:00",
  "symbols_filter": [
    "AAVE_USDT_SWAP",
    "ACH_USDT_SWAP",
    "ACT_USDT_SWAP",
    "ADA_USDT_SWAP",
    "AEVO_USDT_SWAP",
    "AIXBT_USDT_SWAP",
    "ANIME_USDT_SWAP",
    "APE_USDT_SWAP",
    "APT_USDT_SWAP",
    "ARB_USDT_SWAP",
    "ATH_USDT_SWAP",
    "ATOM_USDT_SWAP",
    "AVAX_USDT_SWAP",
    "BABY_USDT_SWAP",
    "BCH_USDT_SWAP",
    "BICO_USDT_SWAP",
    "BIGTIME_USDT_SWAP",
    "BIO_USDT_SWAP",
    "BLUR_USDT_SWAP",
    "BNB_USDT_SWAP",
    "BOME_USDT_SWAP",
    "BONK_USDT_SWAP",
    "BRETT_USDT_SWAP",
    "BTC_USDT_SWAP",
    "CFX_USDT_SWAP",
    "CHZ_USDT_SWAP",
    "CORE_USDT_SWAP",
    "CRO_USDT_SWAP",
    "DOGE_USDT_SWAP",
    "DOOD_USDT_SWAP",
    "DOT_USDT_SWAP",
    "DYDX_USDT_SWAP",
    "ENJ_USDT_SWAP",
    "ETC_USDT_SWAP",
    "ETH_USDT_SWAP",
    "FIL_USDT_SWAP",
    "FLOKI_USDT_SWAP",
    "GALA_USDT_SWAP",
    "GMT_USDT_SWAP",
    "GPS_USDT_SWAP",
    "GRT_USDT_SWAP",
    "HBAR_USDT_SWAP",
    "HMSTR_USDT_SWAP",
    "HOME_USDT_SWAP",
    "HUMA_USDT_SWAP",
    "ICP_USDT_SWAP",
    "ICX_USDT_SWAP",
    "INJ_USDT_SWAP",
    "IOST_USDT_SWAP",
    "JELLYJELLY_USDT_SWAP",
    "KMNO_USDT_SWAP",
    "LINK_USDT_SWAP",
    "LRC_USDT_SWAP",
    "LTC_USDT_SWAP",
    "LUNA_USDT_SWAP",
    "MAGIC_USDT_SWAP",
    "MEME_USDT_SWAP",
    "MERL_USDT_SWAP",
    "MEW_USDT_SWAP",
    "MINA_USDT_SWAP",
    "MOODENG_USDT_SWAP",
    "MOVE_USDT_SWAP",
    "MUBARAK_USDT_SWAP",
    "NEAR_USDT_SWAP",
    "NEIRO_USDT_SWAP",
    "NOT_USDT_SWAP",
    "ONE_USDT_SWAP",
    "ONT_USDT_SWAP",
    "OP_USDT_SWAP",
    "PARTI_USDT_SWAP",
    "PENGU_USDT_SWAP",
    "PEOPLE_USDT_SWAP",
    "PEPE_USDT_SWAP",
    "PLUME_USDT_SWAP",
    "PNUT_USDT_SWAP",
    "POL_USDT_SWAP",
    "PYTH_USDT_SWAP",
    "RESOLV_USDT_SWAP",
    "RSR_USDT_SWAP",
    "RVN_USDT_SWAP",
    "SATS_USDT_SWAP",
    "SHIB_USDT_SWAP",
    "SIGN_USDT_SWAP",
    "SOL_USDT_SWAP",
    "SOON_USDT_SWAP",
    "SOPH_USDT_SWAP",
    "STRK_USDT_SWAP",
    "SUI_USDT_SWAP",
    "TIA_USDT_SWAP",
    "TRX_USDT_SWAP",
    "TURBO_USDT_SWAP",
    "UNI_USDT_SWAP",
    "WIF_USDT_SWAP",
    "WOO_USDT_SWAP",
    "W_USDT_SWAP",
    "XLM_USDT_SWAP",
    "XRP_USDT_SWAP",
    "YGG_USDT_SWAP",
    "ZIL_USDT_SWAP",
    "ZK_USDT_SWAP"
  ]
}
[2026-07-24T09:21:59Z] chunk=72 exit=0 done_after=72
[2026-07-24T09:21:59Z] chunk=73 done=72/100
resume: skip 72 done symbols (72 marked); remain 28
swap series to scan: 1  workers=1  side=short  resume=True  signal_window=[2025-11-04 00:00:00+00:00, 2026-05-04 00:00:00+00:00)
  PEPE_USDT_SWAP: 249 YOLO候选 (short)
  … progress 1/1
{
  "side": "short",
  "weights": "/Users/zhangzc/fable-trading/runs/detect/runs/detect/owner_side_short_tip_v1b/weights/best.pt",
  "series_this_chunk": 1,
  "candidates_so_far": 18762,
  "symbols_so_far": 73,
  "pos_rate": 0.2842,
  "out": "data/judgment_yolo_owner_side_short_100_6m.csv",
  "workers": 1,
  "checkpoint": true,
  "signal_time_lo": "2025-11-04 00:00:00+00:00",
  "signal_time_hi": "2026-05-04 00:00:00+00:00",
  "symbols_filter": [
    "AAVE_USDT_SWAP",
    "ACH_USDT_SWAP",
    "ACT_USDT_SWAP",
    "ADA_USDT_SWAP",
    "AEVO_USDT_SWAP",
    "AIXBT_USDT_SWAP",
    "ANIME_USDT_SWAP",
    "APE_USDT_SWAP",
    "APT_USDT_SWAP",
    "ARB_USDT_SWAP",
    "ATH_USDT_SWAP",
    "ATOM_USDT_SWAP",
    "AVAX_USDT_SWAP",
    "BABY_USDT_SWAP",
    "BCH_USDT_SWAP",
    "BICO_USDT_SWAP",
    "BIGTIME_USDT_SWAP",
    "BIO_USDT_SWAP",
    "BLUR_USDT_SWAP",
    "BNB_USDT_SWAP",
    "BOME_USDT_SWAP",
    "BONK_USDT_SWAP",
    "BRETT_USDT_SWAP",
    "BTC_USDT_SWAP",
    "CFX_USDT_SWAP",
    "CHZ_USDT_SWAP",
    "CORE_USDT_SWAP",
    "CRO_USDT_SWAP",
    "DOGE_USDT_SWAP",
    "DOOD_USDT_SWAP",
    "DOT_USDT_SWAP",
    "DYDX_USDT_SWAP",
    "ENJ_USDT_SWAP",
    "ETC_USDT_SWAP",
    "ETH_USDT_SWAP",
    "FIL_USDT_SWAP",
    "FLOKI_USDT_SWAP",
    "GALA_USDT_SWAP",
    "GMT_USDT_SWAP",
    "GPS_USDT_SWAP",
    "GRT_USDT_SWAP",
    "HBAR_USDT_SWAP",
    "HMSTR_USDT_SWAP",
    "HOME_USDT_SWAP",
    "HUMA_USDT_SWAP",
    "ICP_USDT_SWAP",
    "ICX_USDT_SWAP",
    "INJ_USDT_SWAP",
    "IOST_USDT_SWAP",
    "JELLYJELLY_USDT_SWAP",
    "KMNO_USDT_SWAP",
    "LINK_USDT_SWAP",
    "LRC_USDT_SWAP",
    "LTC_USDT_SWAP",
    "LUNA_USDT_SWAP",
    "MAGIC_USDT_SWAP",
    "MEME_USDT_SWAP",
    "MERL_USDT_SWAP",
    "MEW_USDT_SWAP",
    "MINA_USDT_SWAP",
    "MOODENG_USDT_SWAP",
    "MOVE_USDT_SWAP",
    "MUBARAK_USDT_SWAP",
    "NEAR_USDT_SWAP",
    "NEIRO_USDT_SWAP",
    "NOT_USDT_SWAP",
    "ONE_USDT_SWAP",
    "ONT_USDT_SWAP",
    "OP_USDT_SWAP",
    "PARTI_USDT_SWAP",
    "PENGU_USDT_SWAP",
    "PEOPLE_USDT_SWAP",
    "PEPE_USDT_SWAP",
    "PLUME_USDT_SWAP",
    "PNUT_USDT_SWAP",
    "POL_USDT_SWAP",
    "PYTH_USDT_SWAP",
    "RESOLV_USDT_SWAP",
    "RSR_USDT_SWAP",
    "RVN_USDT_SWAP",
    "SATS_USDT_SWAP",
    "SHIB_USDT_SWAP",
    "SIGN_USDT_SWAP",
    "SOL_USDT_SWAP",
    "SOON_USDT_SWAP",
    "SOPH_USDT_SWAP",
    "STRK_USDT_SWAP",
    "SUI_USDT_SWAP",
    "TIA_USDT_SWAP",
    "TRX_USDT_SWAP",
    "TURBO_USDT_SWAP",
    "UNI_USDT_SWAP",
    "WIF_USDT_SWAP",
    "WOO_USDT_SWAP",
    "W_USDT_SWAP",
    "XLM_USDT_SWAP",
    "XRP_USDT_SWAP",
    "YGG_USDT_SWAP",
    "ZIL_USDT_SWAP",
    "ZK_USDT_SWAP"
  ]
}
[2026-07-24T09:22:35Z] chunk=73 exit=0 done_after=73
[2026-07-24T09:22:35Z] chunk=74 done=73/100
resume: skip 73 done symbols (73 marked); remain 27
swap series to scan: 1  workers=1  side=short  resume=True  signal_window=[2025-11-04 00:00:00+00:00, 2026-05-04 00:00:00+00:00)
  PLUME_USDT_SWAP: 262 YOLO候选 (short)
  … progress 1/1
{
  "side": "short",
  "weights": "/Users/zhangzc/fable-trading/runs/detect/runs/detect/owner_side_short_tip_v1b/weights/best.pt",
  "series_this_chunk": 1,
  "candidates_so_far": 19024,
  "symbols_so_far": 74,
  "pos_rate": 0.2836,
  "out": "data/judgment_yolo_owner_side_short_100_6m.csv",
  "workers": 1,
  "checkpoint": true,
  "signal_time_lo": "2025-11-04 00:00:00+00:00",
  "signal_time_hi": "2026-05-04 00:00:00+00:00",
  "symbols_filter": [
    "AAVE_USDT_SWAP",
    "ACH_USDT_SWAP",
    "ACT_USDT_SWAP",
    "ADA_USDT_SWAP",
    "AEVO_USDT_SWAP",
    "AIXBT_USDT_SWAP",
    "ANIME_USDT_SWAP",
    "APE_USDT_SWAP",
    "APT_USDT_SWAP",
    "ARB_USDT_SWAP",
    "ATH_USDT_SWAP",
    "ATOM_USDT_SWAP",
    "AVAX_USDT_SWAP",
    "BABY_USDT_SWAP",
    "BCH_USDT_SWAP",
    "BICO_USDT_SWAP",
    "BIGTIME_USDT_SWAP",
    "BIO_USDT_SWAP",
    "BLUR_USDT_SWAP",
    "BNB_USDT_SWAP",
    "BOME_USDT_SWAP",
    "BONK_USDT_SWAP",
    "BRETT_USDT_SWAP",
    "BTC_USDT_SWAP",
    "CFX_USDT_SWAP",
    "CHZ_USDT_SWAP",
    "CORE_USDT_SWAP",
    "CRO_USDT_SWAP",
    "DOGE_USDT_SWAP",
    "DOOD_USDT_SWAP",
    "DOT_USDT_SWAP",
    "DYDX_USDT_SWAP",
    "ENJ_USDT_SWAP",
    "ETC_USDT_SWAP",
    "ETH_USDT_SWAP",
    "FIL_USDT_SWAP",
    "FLOKI_USDT_SWAP",
    "GALA_USDT_SWAP",
    "GMT_USDT_SWAP",
    "GPS_USDT_SWAP",
    "GRT_USDT_SWAP",
    "HBAR_USDT_SWAP",
    "HMSTR_USDT_SWAP",
    "HOME_USDT_SWAP",
    "HUMA_USDT_SWAP",
    "ICP_USDT_SWAP",
    "ICX_USDT_SWAP",
    "INJ_USDT_SWAP",
    "IOST_USDT_SWAP",
    "JELLYJELLY_USDT_SWAP",
    "KMNO_USDT_SWAP",
    "LINK_USDT_SWAP",
    "LRC_USDT_SWAP",
    "LTC_USDT_SWAP",
    "LUNA_USDT_SWAP",
    "MAGIC_USDT_SWAP",
    "MEME_USDT_SWAP",
    "MERL_USDT_SWAP",
    "MEW_USDT_SWAP",
    "MINA_USDT_SWAP",
    "MOODENG_USDT_SWAP",
    "MOVE_USDT_SWAP",
    "MUBARAK_USDT_SWAP",
    "NEAR_USDT_SWAP",
    "NEIRO_USDT_SWAP",
    "NOT_USDT_SWAP",
    "ONE_USDT_SWAP",
    "ONT_USDT_SWAP",
    "OP_USDT_SWAP",
    "PARTI_USDT_SWAP",
    "PENGU_USDT_SWAP",
    "PEOPLE_USDT_SWAP",
    "PEPE_USDT_SWAP",
    "PLUME_USDT_SWAP",
    "PNUT_USDT_SWAP",
    "POL_USDT_SWAP",
    "PYTH_USDT_SWAP",
    "RESOLV_USDT_SWAP",
    "RSR_USDT_SWAP",
    "RVN_USDT_SWAP",
    "SATS_USDT_SWAP",
    "SHIB_USDT_SWAP",
    "SIGN_USDT_SWAP",
    "SOL_USDT_SWAP",
    "SOON_USDT_SWAP",
    "SOPH_USDT_SWAP",
    "STRK_USDT_SWAP",
    "SUI_USDT_SWAP",
    "TIA_USDT_SWAP",
    "TRX_USDT_SWAP",
    "TURBO_USDT_SWAP",
    "UNI_USDT_SWAP",
    "WIF_USDT_SWAP",
    "WOO_USDT_SWAP",
    "W_USDT_SWAP",
    "XLM_USDT_SWAP",
    "XRP_USDT_SWAP",
    "YGG_USDT_SWAP",
    "ZIL_USDT_SWAP",
    "ZK_USDT_SWAP"
  ]
}
[2026-07-24T09:23:12Z] chunk=74 exit=0 done_after=74
[2026-07-24T09:23:12Z] chunk=75 done=74/100
resume: skip 74 done symbols (74 marked); remain 26
swap series to scan: 1  workers=1  side=short  resume=True  signal_window=[2025-11-04 00:00:00+00:00, 2026-05-04 00:00:00+00:00)
  PNUT_USDT_SWAP: 253 YOLO候选 (short)
  … progress 1/1
{
  "side": "short",
  "weights": "/Users/zhangzc/fable-trading/runs/detect/runs/detect/owner_side_short_tip_v1b/weights/best.pt",
  "series_this_chunk": 1,
  "candidates_so_far": 19277,
  "symbols_so_far": 75,
  "pos_rate": 0.2838,
  "out": "data/judgment_yolo_owner_side_short_100_6m.csv",
  "workers": 1,
  "checkpoint": true,
  "signal_time_lo": "2025-11-04 00:00:00+00:00",
  "signal_time_hi": "2026-05-04 00:00:00+00:00",
  "symbols_filter": [
    "AAVE_USDT_SWAP",
    "ACH_USDT_SWAP",
    "ACT_USDT_SWAP",
    "ADA_USDT_SWAP",
    "AEVO_USDT_SWAP",
    "AIXBT_USDT_SWAP",
    "ANIME_USDT_SWAP",
    "APE_USDT_SWAP",
    "APT_USDT_SWAP",
    "ARB_USDT_SWAP",
    "ATH_USDT_SWAP",
    "ATOM_USDT_SWAP",
    "AVAX_USDT_SWAP",
    "BABY_USDT_SWAP",
    "BCH_USDT_SWAP",
    "BICO_USDT_SWAP",
    "BIGTIME_USDT_SWAP",
    "BIO_USDT_SWAP",
    "BLUR_USDT_SWAP",
    "BNB_USDT_SWAP",
    "BOME_USDT_SWAP",
    "BONK_USDT_SWAP",
    "BRETT_USDT_SWAP",
    "BTC_USDT_SWAP",
    "CFX_USDT_SWAP",
    "CHZ_USDT_SWAP",
    "CORE_USDT_SWAP",
    "CRO_USDT_SWAP",
    "DOGE_USDT_SWAP",
    "DOOD_USDT_SWAP",
    "DOT_USDT_SWAP",
    "DYDX_USDT_SWAP",
    "ENJ_USDT_SWAP",
    "ETC_USDT_SWAP",
    "ETH_USDT_SWAP",
    "FIL_USDT_SWAP",
    "FLOKI_USDT_SWAP",
    "GALA_USDT_SWAP",
    "GMT_USDT_SWAP",
    "GPS_USDT_SWAP",
    "GRT_USDT_SWAP",
    "HBAR_USDT_SWAP",
    "HMSTR_USDT_SWAP",
    "HOME_USDT_SWAP",
    "HUMA_USDT_SWAP",
    "ICP_USDT_SWAP",
    "ICX_USDT_SWAP",
    "INJ_USDT_SWAP",
    "IOST_USDT_SWAP",
    "JELLYJELLY_USDT_SWAP",
    "KMNO_USDT_SWAP",
    "LINK_USDT_SWAP",
    "LRC_USDT_SWAP",
    "LTC_USDT_SWAP",
    "LUNA_USDT_SWAP",
    "MAGIC_USDT_SWAP",
    "MEME_USDT_SWAP",
    "MERL_USDT_SWAP",
    "MEW_USDT_SWAP",
    "MINA_USDT_SWAP",
    "MOODENG_USDT_SWAP",
    "MOVE_USDT_SWAP",
    "MUBARAK_USDT_SWAP",
    "NEAR_USDT_SWAP",
    "NEIRO_USDT_SWAP",
    "NOT_USDT_SWAP",
    "ONE_USDT_SWAP",
    "ONT_USDT_SWAP",
    "OP_USDT_SWAP",
    "PARTI_USDT_SWAP",
    "PENGU_USDT_SWAP",
    "PEOPLE_USDT_SWAP",
    "PEPE_USDT_SWAP",
    "PLUME_USDT_SWAP",
    "PNUT_USDT_SWAP",
    "POL_USDT_SWAP",
    "PYTH_USDT_SWAP",
    "RESOLV_USDT_SWAP",
    "RSR_USDT_SWAP",
    "RVN_USDT_SWAP",
    "SATS_USDT_SWAP",
    "SHIB_USDT_SWAP",
    "SIGN_USDT_SWAP",
    "SOL_USDT_SWAP",
    "SOON_USDT_SWAP",
    "SOPH_USDT_SWAP",
    "STRK_USDT_SWAP",
    "SUI_USDT_SWAP",
    "TIA_USDT_SWAP",
    "TRX_USDT_SWAP",
    "TURBO_USDT_SWAP",
    "UNI_USDT_SWAP",
    "WIF_USDT_SWAP",
    "WOO_USDT_SWAP",
    "W_USDT_SWAP",
    "XLM_USDT_SWAP",
    "XRP_USDT_SWAP",
    "YGG_USDT_SWAP",
    "ZIL_USDT_SWAP",
    "ZK_USDT_SWAP"
  ]
}
[2026-07-24T09:23:48Z] chunk=75 exit=0 done_after=75
[2026-07-24T09:23:48Z] chunk=76 done=75/100
resume: skip 75 done symbols (75 marked); remain 25
swap series to scan: 1  workers=1  side=short  resume=True  signal_window=[2025-11-04 00:00:00+00:00, 2026-05-04 00:00:00+00:00)
  POL_USDT_SWAP: 253 YOLO候选 (short)
  … progress 1/1
{
  "side": "short",
  "weights": "/Users/zhangzc/fable-trading/runs/detect/runs/detect/owner_side_short_tip_v1b/weights/best.pt",
  "series_this_chunk": 1,
  "candidates_so_far": 19530,
  "symbols_so_far": 76,
  "pos_rate": 0.2841,
  "out": "data/judgment_yolo_owner_side_short_100_6m.csv",
  "workers": 1,
  "checkpoint": true,
  "signal_time_lo": "2025-11-04 00:00:00+00:00",
  "signal_time_hi": "2026-05-04 00:00:00+00:00",
  "symbols_filter": [
    "AAVE_USDT_SWAP",
    "ACH_USDT_SWAP",
    "ACT_USDT_SWAP",
    "ADA_USDT_SWAP",
    "AEVO_USDT_SWAP",
    "AIXBT_USDT_SWAP",
    "ANIME_USDT_SWAP",
    "APE_USDT_SWAP",
    "APT_USDT_SWAP",
    "ARB_USDT_SWAP",
    "ATH_USDT_SWAP",
    "ATOM_USDT_SWAP",
    "AVAX_USDT_SWAP",
    "BABY_USDT_SWAP",
    "BCH_USDT_SWAP",
    "BICO_USDT_SWAP",
    "BIGTIME_USDT_SWAP",
    "BIO_USDT_SWAP",
    "BLUR_USDT_SWAP",
    "BNB_USDT_SWAP",
    "BOME_USDT_SWAP",
    "BONK_USDT_SWAP",
    "BRETT_USDT_SWAP",
    "BTC_USDT_SWAP",
    "CFX_USDT_SWAP",
    "CHZ_USDT_SWAP",
    "CORE_USDT_SWAP",
    "CRO_USDT_SWAP",
    "DOGE_USDT_SWAP",
    "DOOD_USDT_SWAP",
    "DOT_USDT_SWAP",
    "DYDX_USDT_SWAP",
    "ENJ_USDT_SWAP",
    "ETC_USDT_SWAP",
    "ETH_USDT_SWAP",
    "FIL_USDT_SWAP",
    "FLOKI_USDT_SWAP",
    "GALA_USDT_SWAP",
    "GMT_USDT_SWAP",
    "GPS_USDT_SWAP",
    "GRT_USDT_SWAP",
    "HBAR_USDT_SWAP",
    "HMSTR_USDT_SWAP",
    "HOME_USDT_SWAP",
    "HUMA_USDT_SWAP",
    "ICP_USDT_SWAP",
    "ICX_USDT_SWAP",
    "INJ_USDT_SWAP",
    "IOST_USDT_SWAP",
    "JELLYJELLY_USDT_SWAP",
    "KMNO_USDT_SWAP",
    "LINK_USDT_SWAP",
    "LRC_USDT_SWAP",
    "LTC_USDT_SWAP",
    "LUNA_USDT_SWAP",
    "MAGIC_USDT_SWAP",
    "MEME_USDT_SWAP",
    "MERL_USDT_SWAP",
    "MEW_USDT_SWAP",
    "MINA_USDT_SWAP",
    "MOODENG_USDT_SWAP",
    "MOVE_USDT_SWAP",
    "MUBARAK_USDT_SWAP",
    "NEAR_USDT_SWAP",
    "NEIRO_USDT_SWAP",
    "NOT_USDT_SWAP",
    "ONE_USDT_SWAP",
    "ONT_USDT_SWAP",
    "OP_USDT_SWAP",
    "PARTI_USDT_SWAP",
    "PENGU_USDT_SWAP",
    "PEOPLE_USDT_SWAP",
    "PEPE_USDT_SWAP",
    "PLUME_USDT_SWAP",
    "PNUT_USDT_SWAP",
    "POL_USDT_SWAP",
    "PYTH_USDT_SWAP",
    "RESOLV_USDT_SWAP",
    "RSR_USDT_SWAP",
    "RVN_USDT_SWAP",
    "SATS_USDT_SWAP",
    "SHIB_USDT_SWAP",
    "SIGN_USDT_SWAP",
    "SOL_USDT_SWAP",
    "SOON_USDT_SWAP",
    "SOPH_USDT_SWAP",
    "STRK_USDT_SWAP",
    "SUI_USDT_SWAP",
    "TIA_USDT_SWAP",
    "TRX_USDT_SWAP",
    "TURBO_USDT_SWAP",
    "UNI_USDT_SWAP",
    "WIF_USDT_SWAP",
    "WOO_USDT_SWAP",
    "W_USDT_SWAP",
    "XLM_USDT_SWAP",
    "XRP_USDT_SWAP",
    "YGG_USDT_SWAP",
    "ZIL_USDT_SWAP",
    "ZK_USDT_SWAP"
  ]
}
[2026-07-24T09:24:24Z] chunk=76 exit=0 done_after=76
[2026-07-24T09:24:24Z] chunk=77 done=76/100
resume: skip 76 done symbols (76 marked); remain 24
swap series to scan: 1  workers=1  side=short  resume=True  signal_window=[2025-11-04 00:00:00+00:00, 2026-05-04 00:00:00+00:00)
  PYTH_USDT_SWAP: 260 YOLO候选 (short)
  … progress 1/1
{
  "side": "short",
  "weights": "/Users/zhangzc/fable-trading/runs/detect/runs/detect/owner_side_short_tip_v1b/weights/best.pt",
  "series_this_chunk": 1,
  "candidates_so_far": 19790,
  "symbols_so_far": 77,
  "pos_rate": 0.2841,
  "out": "data/judgment_yolo_owner_side_short_100_6m.csv",
  "workers": 1,
  "checkpoint": true,
  "signal_time_lo": "2025-11-04 00:00:00+00:00",
  "signal_time_hi": "2026-05-04 00:00:00+00:00",
  "symbols_filter": [
    "AAVE_USDT_SWAP",
    "ACH_USDT_SWAP",
    "ACT_USDT_SWAP",
    "ADA_USDT_SWAP",
    "AEVO_USDT_SWAP",
    "AIXBT_USDT_SWAP",
    "ANIME_USDT_SWAP",
    "APE_USDT_SWAP",
    "APT_USDT_SWAP",
    "ARB_USDT_SWAP",
    "ATH_USDT_SWAP",
    "ATOM_USDT_SWAP",
    "AVAX_USDT_SWAP",
    "BABY_USDT_SWAP",
    "BCH_USDT_SWAP",
    "BICO_USDT_SWAP",
    "BIGTIME_USDT_SWAP",
    "BIO_USDT_SWAP",
    "BLUR_USDT_SWAP",
    "BNB_USDT_SWAP",
    "BOME_USDT_SWAP",
    "BONK_USDT_SWAP",
    "BRETT_USDT_SWAP",
    "BTC_USDT_SWAP",
    "CFX_USDT_SWAP",
    "CHZ_USDT_SWAP",
    "CORE_USDT_SWAP",
    "CRO_USDT_SWAP",
    "DOGE_USDT_SWAP",
    "DOOD_USDT_SWAP",
    "DOT_USDT_SWAP",
    "DYDX_USDT_SWAP",
    "ENJ_USDT_SWAP",
    "ETC_USDT_SWAP",
    "ETH_USDT_SWAP",
    "FIL_USDT_SWAP",
    "FLOKI_USDT_SWAP",
    "GALA_USDT_SWAP",
    "GMT_USDT_SWAP",
    "GPS_USDT_SWAP",
    "GRT_USDT_SWAP",
    "HBAR_USDT_SWAP",
    "HMSTR_USDT_SWAP",
    "HOME_USDT_SWAP",
    "HUMA_USDT_SWAP",
    "ICP_USDT_SWAP",
    "ICX_USDT_SWAP",
    "INJ_USDT_SWAP",
    "IOST_USDT_SWAP",
    "JELLYJELLY_USDT_SWAP",
    "KMNO_USDT_SWAP",
    "LINK_USDT_SWAP",
    "LRC_USDT_SWAP",
    "LTC_USDT_SWAP",
    "LUNA_USDT_SWAP",
    "MAGIC_USDT_SWAP",
    "MEME_USDT_SWAP",
    "MERL_USDT_SWAP",
    "MEW_USDT_SWAP",
    "MINA_USDT_SWAP",
    "MOODENG_USDT_SWAP",
    "MOVE_USDT_SWAP",
    "MUBARAK_USDT_SWAP",
    "NEAR_USDT_SWAP",
    "NEIRO_USDT_SWAP",
    "NOT_USDT_SWAP",
    "ONE_USDT_SWAP",
    "ONT_USDT_SWAP",
    "OP_USDT_SWAP",
    "PARTI_USDT_SWAP",
    "PENGU_USDT_SWAP",
    "PEOPLE_USDT_SWAP",
    "PEPE_USDT_SWAP",
    "PLUME_USDT_SWAP",
    "PNUT_USDT_SWAP",
    "POL_USDT_SWAP",
    "PYTH_USDT_SWAP",
    "RESOLV_USDT_SWAP",
    "RSR_USDT_SWAP",
    "RVN_USDT_SWAP",
    "SATS_USDT_SWAP",
    "SHIB_USDT_SWAP",
    "SIGN_USDT_SWAP",
    "SOL_USDT_SWAP",
    "SOON_USDT_SWAP",
    "SOPH_USDT_SWAP",
    "STRK_USDT_SWAP",
    "SUI_USDT_SWAP",
    "TIA_USDT_SWAP",
    "TRX_USDT_SWAP",
    "TURBO_USDT_SWAP",
    "UNI_USDT_SWAP",
    "WIF_USDT_SWAP",
    "WOO_USDT_SWAP",
    "W_USDT_SWAP",
    "XLM_USDT_SWAP",
    "XRP_USDT_SWAP",
    "YGG_USDT_SWAP",
    "ZIL_USDT_SWAP",
    "ZK_USDT_SWAP"
  ]
}
[2026-07-24T09:25:00Z] chunk=77 exit=0 done_after=77
[2026-07-24T09:25:00Z] chunk=78 done=77/100
resume: skip 77 done symbols (77 marked); remain 23
swap series to scan: 1  workers=1  side=short  resume=True  signal_window=[2025-11-04 00:00:00+00:00, 2026-05-04 00:00:00+00:00)
  RESOLV_USDT_SWAP: 251 YOLO候选 (short)
  … progress 1/1
{
  "side": "short",
  "weights": "/Users/zhangzc/fable-trading/runs/detect/runs/detect/owner_side_short_tip_v1b/weights/best.pt",
  "series_this_chunk": 1,
  "candidates_so_far": 20041,
  "symbols_so_far": 78,
  "pos_rate": 0.2834,
  "out": "data/judgment_yolo_owner_side_short_100_6m.csv",
  "workers": 1,
  "checkpoint": true,
  "signal_time_lo": "2025-11-04 00:00:00+00:00",
  "signal_time_hi": "2026-05-04 00:00:00+00:00",
  "symbols_filter": [
    "AAVE_USDT_SWAP",
    "ACH_USDT_SWAP",
    "ACT_USDT_SWAP",
    "ADA_USDT_SWAP",
    "AEVO_USDT_SWAP",
    "AIXBT_USDT_SWAP",
    "ANIME_USDT_SWAP",
    "APE_USDT_SWAP",
    "APT_USDT_SWAP",
    "ARB_USDT_SWAP",
    "ATH_USDT_SWAP",
    "ATOM_USDT_SWAP",
    "AVAX_USDT_SWAP",
    "BABY_USDT_SWAP",
    "BCH_USDT_SWAP",
    "BICO_USDT_SWAP",
    "BIGTIME_USDT_SWAP",
    "BIO_USDT_SWAP",
    "BLUR_USDT_SWAP",
    "BNB_USDT_SWAP",
    "BOME_USDT_SWAP",
    "BONK_USDT_SWAP",
    "BRETT_USDT_SWAP",
    "BTC_USDT_SWAP",
    "CFX_USDT_SWAP",
    "CHZ_USDT_SWAP",
    "CORE_USDT_SWAP",
    "CRO_USDT_SWAP",
    "DOGE_USDT_SWAP",
    "DOOD_USDT_SWAP",
    "DOT_USDT_SWAP",
    "DYDX_USDT_SWAP",
    "ENJ_USDT_SWAP",
    "ETC_USDT_SWAP",
    "ETH_USDT_SWAP",
    "FIL_USDT_SWAP",
    "FLOKI_USDT_SWAP",
    "GALA_USDT_SWAP",
    "GMT_USDT_SWAP",
    "GPS_USDT_SWAP",
    "GRT_USDT_SWAP",
    "HBAR_USDT_SWAP",
    "HMSTR_USDT_SWAP",
    "HOME_USDT_SWAP",
    "HUMA_USDT_SWAP",
    "ICP_USDT_SWAP",
    "ICX_USDT_SWAP",
    "INJ_USDT_SWAP",
    "IOST_USDT_SWAP",
    "JELLYJELLY_USDT_SWAP",
    "KMNO_USDT_SWAP",
    "LINK_USDT_SWAP",
    "LRC_USDT_SWAP",
    "LTC_USDT_SWAP",
    "LUNA_USDT_SWAP",
    "MAGIC_USDT_SWAP",
    "MEME_USDT_SWAP",
    "MERL_USDT_SWAP",
    "MEW_USDT_SWAP",
    "MINA_USDT_SWAP",
    "MOODENG_USDT_SWAP",
    "MOVE_USDT_SWAP",
    "MUBARAK_USDT_SWAP",
    "NEAR_USDT_SWAP",
    "NEIRO_USDT_SWAP",
    "NOT_USDT_SWAP",
    "ONE_USDT_SWAP",
    "ONT_USDT_SWAP",
    "OP_USDT_SWAP",
    "PARTI_USDT_SWAP",
    "PENGU_USDT_SWAP",
    "PEOPLE_USDT_SWAP",
    "PEPE_USDT_SWAP",
    "PLUME_USDT_SWAP",
    "PNUT_USDT_SWAP",
    "POL_USDT_SWAP",
    "PYTH_USDT_SWAP",
    "RESOLV_USDT_SWAP",
    "RSR_USDT_SWAP",
    "RVN_USDT_SWAP",
    "SATS_USDT_SWAP",
    "SHIB_USDT_SWAP",
    "SIGN_USDT_SWAP",
    "SOL_USDT_SWAP",
    "SOON_USDT_SWAP",
    "SOPH_USDT_SWAP",
    "STRK_USDT_SWAP",
    "SUI_USDT_SWAP",
    "TIA_USDT_SWAP",
    "TRX_USDT_SWAP",
    "TURBO_USDT_SWAP",
    "UNI_USDT_SWAP",
    "WIF_USDT_SWAP",
    "WOO_USDT_SWAP",
    "W_USDT_SWAP",
    "XLM_USDT_SWAP",
    "XRP_USDT_SWAP",
    "YGG_USDT_SWAP",
    "ZIL_USDT_SWAP",
    "ZK_USDT_SWAP"
  ]
}
[2026-07-24T09:25:36Z] chunk=78 exit=0 done_after=78
[2026-07-24T09:25:36Z] chunk=79 done=78/100
resume: skip 78 done symbols (78 marked); remain 22
swap series to scan: 1  workers=1  side=short  resume=True  signal_window=[2025-11-04 00:00:00+00:00, 2026-05-04 00:00:00+00:00)
  RSR_USDT_SWAP: 247 YOLO候选 (short)
  … progress 1/1
{
  "side": "short",
  "weights": "/Users/zhangzc/fable-trading/runs/detect/runs/detect/owner_side_short_tip_v1b/weights/best.pt",
  "series_this_chunk": 1,
  "candidates_so_far": 20288,
  "symbols_so_far": 79,
  "pos_rate": 0.2838,
  "out": "data/judgment_yolo_owner_side_short_100_6m.csv",
  "workers": 1,
  "checkpoint": true,
  "signal_time_lo": "2025-11-04 00:00:00+00:00",
  "signal_time_hi": "2026-05-04 00:00:00+00:00",
  "symbols_filter": [
    "AAVE_USDT_SWAP",
    "ACH_USDT_SWAP",
    "ACT_USDT_SWAP",
    "ADA_USDT_SWAP",
    "AEVO_USDT_SWAP",
    "AIXBT_USDT_SWAP",
    "ANIME_USDT_SWAP",
    "APE_USDT_SWAP",
    "APT_USDT_SWAP",
    "ARB_USDT_SWAP",
    "ATH_USDT_SWAP",
    "ATOM_USDT_SWAP",
    "AVAX_USDT_SWAP",
    "BABY_USDT_SWAP",
    "BCH_USDT_SWAP",
    "BICO_USDT_SWAP",
    "BIGTIME_USDT_SWAP",
    "BIO_USDT_SWAP",
    "BLUR_USDT_SWAP",
    "BNB_USDT_SWAP",
    "BOME_USDT_SWAP",
    "BONK_USDT_SWAP",
    "BRETT_USDT_SWAP",
    "BTC_USDT_SWAP",
    "CFX_USDT_SWAP",
    "CHZ_USDT_SWAP",
    "CORE_USDT_SWAP",
    "CRO_USDT_SWAP",
    "DOGE_USDT_SWAP",
    "DOOD_USDT_SWAP",
    "DOT_USDT_SWAP",
    "DYDX_USDT_SWAP",
    "ENJ_USDT_SWAP",
    "ETC_USDT_SWAP",
    "ETH_USDT_SWAP",
    "FIL_USDT_SWAP",
    "FLOKI_USDT_SWAP",
    "GALA_USDT_SWAP",
    "GMT_USDT_SWAP",
    "GPS_USDT_SWAP",
    "GRT_USDT_SWAP",
    "HBAR_USDT_SWAP",
    "HMSTR_USDT_SWAP",
    "HOME_USDT_SWAP",
    "HUMA_USDT_SWAP",
    "ICP_USDT_SWAP",
    "ICX_USDT_SWAP",
    "INJ_USDT_SWAP",
    "IOST_USDT_SWAP",
    "JELLYJELLY_USDT_SWAP",
    "KMNO_USDT_SWAP",
    "LINK_USDT_SWAP",
    "LRC_USDT_SWAP",
    "LTC_USDT_SWAP",
    "LUNA_USDT_SWAP",
    "MAGIC_USDT_SWAP",
    "MEME_USDT_SWAP",
    "MERL_USDT_SWAP",
    "MEW_USDT_SWAP",
    "MINA_USDT_SWAP",
    "MOODENG_USDT_SWAP",
    "MOVE_USDT_SWAP",
    "MUBARAK_USDT_SWAP",
    "NEAR_USDT_SWAP",
    "NEIRO_USDT_SWAP",
    "NOT_USDT_SWAP",
    "ONE_USDT_SWAP",
    "ONT_USDT_SWAP",
    "OP_USDT_SWAP",
    "PARTI_USDT_SWAP",
    "PENGU_USDT_SWAP",
    "PEOPLE_USDT_SWAP",
    "PEPE_USDT_SWAP",
    "PLUME_USDT_SWAP",
    "PNUT_USDT_SWAP",
    "POL_USDT_SWAP",
    "PYTH_USDT_SWAP",
    "RESOLV_USDT_SWAP",
    "RSR_USDT_SWAP",
    "RVN_USDT_SWAP",
    "SATS_USDT_SWAP",
    "SHIB_USDT_SWAP",
    "SIGN_USDT_SWAP",
    "SOL_USDT_SWAP",
    "SOON_USDT_SWAP",
    "SOPH_USDT_SWAP",
    "STRK_USDT_SWAP",
    "SUI_USDT_SWAP",
    "TIA_USDT_SWAP",
    "TRX_USDT_SWAP",
    "TURBO_USDT_SWAP",
    "UNI_USDT_SWAP",
    "WIF_USDT_SWAP",
    "WOO_USDT_SWAP",
    "W_USDT_SWAP",
    "XLM_USDT_SWAP",
    "XRP_USDT_SWAP",
    "YGG_USDT_SWAP",
    "ZIL_USDT_SWAP",
    "ZK_USDT_SWAP"
  ]
}
[2026-07-24T09:26:12Z] chunk=79 exit=0 done_after=79
[2026-07-24T09:26:12Z] chunk=80 done=79/100
resume: skip 79 done symbols (79 marked); remain 21
swap series to scan: 1  workers=1  side=short  resume=True  signal_window=[2025-11-04 00:00:00+00:00, 2026-05-04 00:00:00+00:00)
  RVN_USDT_SWAP: 267 YOLO候选 (short)
  … progress 1/1
{
  "side": "short",
  "weights": "/Users/zhangzc/fable-trading/runs/detect/runs/detect/owner_side_short_tip_v1b/weights/best.pt",
  "series_this_chunk": 1,
  "candidates_so_far": 20555,
  "symbols_so_far": 80,
  "pos_rate": 0.2835,
  "out": "data/judgment_yolo_owner_side_short_100_6m.csv",
  "workers": 1,
  "checkpoint": true,
  "signal_time_lo": "2025-11-04 00:00:00+00:00",
  "signal_time_hi": "2026-05-04 00:00:00+00:00",
  "symbols_filter": [
    "AAVE_USDT_SWAP",
    "ACH_USDT_SWAP",
    "ACT_USDT_SWAP",
    "ADA_USDT_SWAP",
    "AEVO_USDT_SWAP",
    "AIXBT_USDT_SWAP",
    "ANIME_USDT_SWAP",
    "APE_USDT_SWAP",
    "APT_USDT_SWAP",
    "ARB_USDT_SWAP",
    "ATH_USDT_SWAP",
    "ATOM_USDT_SWAP",
    "AVAX_USDT_SWAP",
    "BABY_USDT_SWAP",
    "BCH_USDT_SWAP",
    "BICO_USDT_SWAP",
    "BIGTIME_USDT_SWAP",
    "BIO_USDT_SWAP",
    "BLUR_USDT_SWAP",
    "BNB_USDT_SWAP",
    "BOME_USDT_SWAP",
    "BONK_USDT_SWAP",
    "BRETT_USDT_SWAP",
    "BTC_USDT_SWAP",
    "CFX_USDT_SWAP",
    "CHZ_USDT_SWAP",
    "CORE_USDT_SWAP",
    "CRO_USDT_SWAP",
    "DOGE_USDT_SWAP",
    "DOOD_USDT_SWAP",
    "DOT_USDT_SWAP",
    "DYDX_USDT_SWAP",
    "ENJ_USDT_SWAP",
    "ETC_USDT_SWAP",
    "ETH_USDT_SWAP",
    "FIL_USDT_SWAP",
    "FLOKI_USDT_SWAP",
    "GALA_USDT_SWAP",
    "GMT_USDT_SWAP",
    "GPS_USDT_SWAP",
    "GRT_USDT_SWAP",
    "HBAR_USDT_SWAP",
    "HMSTR_USDT_SWAP",
    "HOME_USDT_SWAP",
    "HUMA_USDT_SWAP",
    "ICP_USDT_SWAP",
    "ICX_USDT_SWAP",
    "INJ_USDT_SWAP",
    "IOST_USDT_SWAP",
    "JELLYJELLY_USDT_SWAP",
    "KMNO_USDT_SWAP",
    "LINK_USDT_SWAP",
    "LRC_USDT_SWAP",
    "LTC_USDT_SWAP",
    "LUNA_USDT_SWAP",
    "MAGIC_USDT_SWAP",
    "MEME_USDT_SWAP",
    "MERL_USDT_SWAP",
    "MEW_USDT_SWAP",
    "MINA_USDT_SWAP",
    "MOODENG_USDT_SWAP",
    "MOVE_USDT_SWAP",
    "MUBARAK_USDT_SWAP",
    "NEAR_USDT_SWAP",
    "NEIRO_USDT_SWAP",
    "NOT_USDT_SWAP",
    "ONE_USDT_SWAP",
    "ONT_USDT_SWAP",
    "OP_USDT_SWAP",
    "PARTI_USDT_SWAP",
    "PENGU_USDT_SWAP",
    "PEOPLE_USDT_SWAP",
    "PEPE_USDT_SWAP",
    "PLUME_USDT_SWAP",
    "PNUT_USDT_SWAP",
    "POL_USDT_SWAP",
    "PYTH_USDT_SWAP",
    "RESOLV_USDT_SWAP",
    "RSR_USDT_SWAP",
    "RVN_USDT_SWAP",
    "SATS_USDT_SWAP",
    "SHIB_USDT_SWAP",
    "SIGN_USDT_SWAP",
    "SOL_USDT_SWAP",
    "SOON_USDT_SWAP",
    "SOPH_USDT_SWAP",
    "STRK_USDT_SWAP",
    "SUI_USDT_SWAP",
    "TIA_USDT_SWAP",
    "TRX_USDT_SWAP",
    "TURBO_USDT_SWAP",
    "UNI_USDT_SWAP",
    "WIF_USDT_SWAP",
    "WOO_USDT_SWAP",
    "W_USDT_SWAP",
    "XLM_USDT_SWAP",
    "XRP_USDT_SWAP",
    "YGG_USDT_SWAP",
    "ZIL_USDT_SWAP",
    "ZK_USDT_SWAP"
  ]
}
[2026-07-24T09:26:49Z] chunk=80 exit=0 done_after=80
[2026-07-24T09:26:49Z] chunk=81 done=80/100
resume: skip 80 done symbols (80 marked); remain 20
swap series to scan: 1  workers=1  side=short  resume=True  signal_window=[2025-11-04 00:00:00+00:00, 2026-05-04 00:00:00+00:00)
  SATS_USDT_SWAP: 266 YOLO候选 (short)
  … progress 1/1
{
  "side": "short",
  "weights": "/Users/zhangzc/fable-trading/runs/detect/runs/detect/owner_side_short_tip_v1b/weights/best.pt",
  "series_this_chunk": 1,
  "candidates_so_far": 20821,
  "symbols_so_far": 81,
  "pos_rate": 0.2835,
  "out": "data/judgment_yolo_owner_side_short_100_6m.csv",
  "workers": 1,
  "checkpoint": true,
  "signal_time_lo": "2025-11-04 00:00:00+00:00",
  "signal_time_hi": "2026-05-04 00:00:00+00:00",
  "symbols_filter": [
    "AAVE_USDT_SWAP",
    "ACH_USDT_SWAP",
    "ACT_USDT_SWAP",
    "ADA_USDT_SWAP",
    "AEVO_USDT_SWAP",
    "AIXBT_USDT_SWAP",
    "ANIME_USDT_SWAP",
    "APE_USDT_SWAP",
    "APT_USDT_SWAP",
    "ARB_USDT_SWAP",
    "ATH_USDT_SWAP",
    "ATOM_USDT_SWAP",
    "AVAX_USDT_SWAP",
    "BABY_USDT_SWAP",
    "BCH_USDT_SWAP",
    "BICO_USDT_SWAP",
    "BIGTIME_USDT_SWAP",
    "BIO_USDT_SWAP",
    "BLUR_USDT_SWAP",
    "BNB_USDT_SWAP",
    "BOME_USDT_SWAP",
    "BONK_USDT_SWAP",
    "BRETT_USDT_SWAP",
    "BTC_USDT_SWAP",
    "CFX_USDT_SWAP",
    "CHZ_USDT_SWAP",
    "CORE_USDT_SWAP",
    "CRO_USDT_SWAP",
    "DOGE_USDT_SWAP",
    "DOOD_USDT_SWAP",
    "DOT_USDT_SWAP",
    "DYDX_USDT_SWAP",
    "ENJ_USDT_SWAP",
    "ETC_USDT_SWAP",
    "ETH_USDT_SWAP",
    "FIL_USDT_SWAP",
    "FLOKI_USDT_SWAP",
    "GALA_USDT_SWAP",
    "GMT_USDT_SWAP",
    "GPS_USDT_SWAP",
    "GRT_USDT_SWAP",
    "HBAR_USDT_SWAP",
    "HMSTR_USDT_SWAP",
    "HOME_USDT_SWAP",
    "HUMA_USDT_SWAP",
    "ICP_USDT_SWAP",
    "ICX_USDT_SWAP",
    "INJ_USDT_SWAP",
    "IOST_USDT_SWAP",
    "JELLYJELLY_USDT_SWAP",
    "KMNO_USDT_SWAP",
    "LINK_USDT_SWAP",
    "LRC_USDT_SWAP",
    "LTC_USDT_SWAP",
    "LUNA_USDT_SWAP",
    "MAGIC_USDT_SWAP",
    "MEME_USDT_SWAP",
    "MERL_USDT_SWAP",
    "MEW_USDT_SWAP",
    "MINA_USDT_SWAP",
    "MOODENG_USDT_SWAP",
    "MOVE_USDT_SWAP",
    "MUBARAK_USDT_SWAP",
    "NEAR_USDT_SWAP",
    "NEIRO_USDT_SWAP",
    "NOT_USDT_SWAP",
    "ONE_USDT_SWAP",
    "ONT_USDT_SWAP",
    "OP_USDT_SWAP",
    "PARTI_USDT_SWAP",
    "PENGU_USDT_SWAP",
    "PEOPLE_USDT_SWAP",
    "PEPE_USDT_SWAP",
    "PLUME_USDT_SWAP",
    "PNUT_USDT_SWAP",
    "POL_USDT_SWAP",
    "PYTH_USDT_SWAP",
    "RESOLV_USDT_SWAP",
    "RSR_USDT_SWAP",
    "RVN_USDT_SWAP",
    "SATS_USDT_SWAP",
    "SHIB_USDT_SWAP",
    "SIGN_USDT_SWAP",
    "SOL_USDT_SWAP",
    "SOON_USDT_SWAP",
    "SOPH_USDT_SWAP",
    "STRK_USDT_SWAP",
    "SUI_USDT_SWAP",
    "TIA_USDT_SWAP",
    "TRX_USDT_SWAP",
    "TURBO_USDT_SWAP",
    "UNI_USDT_SWAP",
    "WIF_USDT_SWAP",
    "WOO_USDT_SWAP",
    "W_USDT_SWAP",
    "XLM_USDT_SWAP",
    "XRP_USDT_SWAP",
    "YGG_USDT_SWAP",
    "ZIL_USDT_SWAP",
    "ZK_USDT_SWAP"
  ]
}
[2026-07-24T09:27:26Z] chunk=81 exit=0 done_after=81
[2026-07-24T09:27:26Z] chunk=82 done=81/100
resume: skip 81 done symbols (81 marked); remain 19
swap series to scan: 1  workers=1  side=short  resume=True  signal_window=[2025-11-04 00:00:00+00:00, 2026-05-04 00:00:00+00:00)
  SHIB_USDT_SWAP: 264 YOLO候选 (short)
  … progress 1/1
{
  "side": "short",
  "weights": "/Users/zhangzc/fable-trading/runs/detect/runs/detect/owner_side_short_tip_v1b/weights/best.pt",
  "series_this_chunk": 1,
  "candidates_so_far": 21085,
  "symbols_so_far": 82,
  "pos_rate": 0.2835,
  "out": "data/judgment_yolo_owner_side_short_100_6m.csv",
  "workers": 1,
  "checkpoint": true,
  "signal_time_lo": "2025-11-04 00:00:00+00:00",
  "signal_time_hi": "2026-05-04 00:00:00+00:00",
  "symbols_filter": [
    "AAVE_USDT_SWAP",
    "ACH_USDT_SWAP",
    "ACT_USDT_SWAP",
    "ADA_USDT_SWAP",
    "AEVO_USDT_SWAP",
    "AIXBT_USDT_SWAP",
    "ANIME_USDT_SWAP",
    "APE_USDT_SWAP",
    "APT_USDT_SWAP",
    "ARB_USDT_SWAP",
    "ATH_USDT_SWAP",
    "ATOM_USDT_SWAP",
    "AVAX_USDT_SWAP",
    "BABY_USDT_SWAP",
    "BCH_USDT_SWAP",
    "BICO_USDT_SWAP",
    "BIGTIME_USDT_SWAP",
    "BIO_USDT_SWAP",
    "BLUR_USDT_SWAP",
    "BNB_USDT_SWAP",
    "BOME_USDT_SWAP",
    "BONK_USDT_SWAP",
    "BRETT_USDT_SWAP",
    "BTC_USDT_SWAP",
    "CFX_USDT_SWAP",
    "CHZ_USDT_SWAP",
    "CORE_USDT_SWAP",
    "CRO_USDT_SWAP",
    "DOGE_USDT_SWAP",
    "DOOD_USDT_SWAP",
    "DOT_USDT_SWAP",
    "DYDX_USDT_SWAP",
    "ENJ_USDT_SWAP",
    "ETC_USDT_SWAP",
    "ETH_USDT_SWAP",
    "FIL_USDT_SWAP",
    "FLOKI_USDT_SWAP",
    "GALA_USDT_SWAP",
    "GMT_USDT_SWAP",
    "GPS_USDT_SWAP",
    "GRT_USDT_SWAP",
    "HBAR_USDT_SWAP",
    "HMSTR_USDT_SWAP",
    "HOME_USDT_SWAP",
    "HUMA_USDT_SWAP",
    "ICP_USDT_SWAP",
    "ICX_USDT_SWAP",
    "INJ_USDT_SWAP",
    "IOST_USDT_SWAP",
    "JELLYJELLY_USDT_SWAP",
    "KMNO_USDT_SWAP",
    "LINK_USDT_SWAP",
    "LRC_USDT_SWAP",
    "LTC_USDT_SWAP",
    "LUNA_USDT_SWAP",
    "MAGIC_USDT_SWAP",
    "MEME_USDT_SWAP",
    "MERL_USDT_SWAP",
    "MEW_USDT_SWAP",
    "MINA_USDT_SWAP",
    "MOODENG_USDT_SWAP",
    "MOVE_USDT_SWAP",
    "MUBARAK_USDT_SWAP",
    "NEAR_USDT_SWAP",
    "NEIRO_USDT_SWAP",
    "NOT_USDT_SWAP",
    "ONE_USDT_SWAP",
    "ONT_USDT_SWAP",
    "OP_USDT_SWAP",
    "PARTI_USDT_SWAP",
    "PENGU_USDT_SWAP",
    "PEOPLE_USDT_SWAP",
    "PEPE_USDT_SWAP",
    "PLUME_USDT_SWAP",
    "PNUT_USDT_SWAP",
    "POL_USDT_SWAP",
    "PYTH_USDT_SWAP",
    "RESOLV_USDT_SWAP",
    "RSR_USDT_SWAP",
    "RVN_USDT_SWAP",
    "SATS_USDT_SWAP",
    "SHIB_USDT_SWAP",
    "SIGN_USDT_SWAP",
    "SOL_USDT_SWAP",
    "SOON_USDT_SWAP",
    "SOPH_USDT_SWAP",
    "STRK_USDT_SWAP",
    "SUI_USDT_SWAP",
    "TIA_USDT_SWAP",
    "TRX_USDT_SWAP",
    "TURBO_USDT_SWAP",
    "UNI_USDT_SWAP",
    "WIF_USDT_SWAP",
    "WOO_USDT_SWAP",
    "W_USDT_SWAP",
    "XLM_USDT_SWAP",
    "XRP_USDT_SWAP",
    "YGG_USDT_SWAP",
    "ZIL_USDT_SWAP",
    "ZK_USDT_SWAP"
  ]
}
[2026-07-24T09:28:01Z] chunk=82 exit=0 done_after=82
[2026-07-24T09:28:01Z] chunk=83 done=82/100
resume: skip 82 done symbols (82 marked); remain 18
swap series to scan: 1  workers=1  side=short  resume=True  signal_window=[2025-11-04 00:00:00+00:00, 2026-05-04 00:00:00+00:00)
  SIGN_USDT_SWAP: 274 YOLO候选 (short)
  … progress 1/1
{
  "side": "short",
  "weights": "/Users/zhangzc/fable-trading/runs/detect/runs/detect/owner_side_short_tip_v1b/weights/best.pt",
  "series_this_chunk": 1,
  "candidates_so_far": 21359,
  "symbols_so_far": 83,
  "pos_rate": 0.2831,
  "out": "data/judgment_yolo_owner_side_short_100_6m.csv",
  "workers": 1,
  "checkpoint": true,
  "signal_time_lo": "2025-11-04 00:00:00+00:00",
  "signal_time_hi": "2026-05-04 00:00:00+00:00",
  "symbols_filter": [
    "AAVE_USDT_SWAP",
    "ACH_USDT_SWAP",
    "ACT_USDT_SWAP",
    "ADA_USDT_SWAP",
    "AEVO_USDT_SWAP",
    "AIXBT_USDT_SWAP",
    "ANIME_USDT_SWAP",
    "APE_USDT_SWAP",
    "APT_USDT_SWAP",
    "ARB_USDT_SWAP",
    "ATH_USDT_SWAP",
    "ATOM_USDT_SWAP",
    "AVAX_USDT_SWAP",
    "BABY_USDT_SWAP",
    "BCH_USDT_SWAP",
    "BICO_USDT_SWAP",
    "BIGTIME_USDT_SWAP",
    "BIO_USDT_SWAP",
    "BLUR_USDT_SWAP",
    "BNB_USDT_SWAP",
    "BOME_USDT_SWAP",
    "BONK_USDT_SWAP",
    "BRETT_USDT_SWAP",
    "BTC_USDT_SWAP",
    "CFX_USDT_SWAP",
    "CHZ_USDT_SWAP",
    "CORE_USDT_SWAP",
    "CRO_USDT_SWAP",
    "DOGE_USDT_SWAP",
    "DOOD_USDT_SWAP",
    "DOT_USDT_SWAP",
    "DYDX_USDT_SWAP",
    "ENJ_USDT_SWAP",
    "ETC_USDT_SWAP",
    "ETH_USDT_SWAP",
    "FIL_USDT_SWAP",
    "FLOKI_USDT_SWAP",
    "GALA_USDT_SWAP",
    "GMT_USDT_SWAP",
    "GPS_USDT_SWAP",
    "GRT_USDT_SWAP",
    "HBAR_USDT_SWAP",
    "HMSTR_USDT_SWAP",
    "HOME_USDT_SWAP",
    "HUMA_USDT_SWAP",
    "ICP_USDT_SWAP",
    "ICX_USDT_SWAP",
    "INJ_USDT_SWAP",
    "IOST_USDT_SWAP",
    "JELLYJELLY_USDT_SWAP",
    "KMNO_USDT_SWAP",
    "LINK_USDT_SWAP",
    "LRC_USDT_SWAP",
    "LTC_USDT_SWAP",
    "LUNA_USDT_SWAP",
    "MAGIC_USDT_SWAP",
    "MEME_USDT_SWAP",
    "MERL_USDT_SWAP",
    "MEW_USDT_SWAP",
    "MINA_USDT_SWAP",
    "MOODENG_USDT_SWAP",
    "MOVE_USDT_SWAP",
    "MUBARAK_USDT_SWAP",
    "NEAR_USDT_SWAP",
    "NEIRO_USDT_SWAP",
    "NOT_USDT_SWAP",
    "ONE_USDT_SWAP",
    "ONT_USDT_SWAP",
    "OP_USDT_SWAP",
    "PARTI_USDT_SWAP",
    "PENGU_USDT_SWAP",
    "PEOPLE_USDT_SWAP",
    "PEPE_USDT_SWAP",
    "PLUME_USDT_SWAP",
    "PNUT_USDT_SWAP",
    "POL_USDT_SWAP",
    "PYTH_USDT_SWAP",
    "RESOLV_USDT_SWAP",
    "RSR_USDT_SWAP",
    "RVN_USDT_SWAP",
    "SATS_USDT_SWAP",
    "SHIB_USDT_SWAP",
    "SIGN_USDT_SWAP",
    "SOL_USDT_SWAP",
    "SOON_USDT_SWAP",
    "SOPH_USDT_SWAP",
    "STRK_USDT_SWAP",
    "SUI_USDT_SWAP",
    "TIA_USDT_SWAP",
    "TRX_USDT_SWAP",
    "TURBO_USDT_SWAP",
    "UNI_USDT_SWAP",
    "WIF_USDT_SWAP",
    "WOO_USDT_SWAP",
    "W_USDT_SWAP",
    "XLM_USDT_SWAP",
    "XRP_USDT_SWAP",
    "YGG_USDT_SWAP",
    "ZIL_USDT_SWAP",
    "ZK_USDT_SWAP"
  ]
}
[2026-07-24T09:28:36Z] chunk=83 exit=0 done_after=83
[2026-07-24T09:28:36Z] chunk=84 done=83/100
resume: skip 83 done symbols (83 marked); remain 17
swap series to scan: 1  workers=1  side=short  resume=True  signal_window=[2025-11-04 00:00:00+00:00, 2026-05-04 00:00:00+00:00)
  SOL_USDT_SWAP: 263 YOLO候选 (short)
  … progress 1/1
{
  "side": "short",
  "weights": "/Users/zhangzc/fable-trading/runs/detect/runs/detect/owner_side_short_tip_v1b/weights/best.pt",
  "series_this_chunk": 1,
  "candidates_so_far": 21622,
  "symbols_so_far": 84,
  "pos_rate": 0.2831,
  "out": "data/judgment_yolo_owner_side_short_100_6m.csv",
  "workers": 1,
  "checkpoint": true,
  "signal_time_lo": "2025-11-04 00:00:00+00:00",
  "signal_time_hi": "2026-05-04 00:00:00+00:00",
  "symbols_filter": [
    "AAVE_USDT_SWAP",
    "ACH_USDT_SWAP",
    "ACT_USDT_SWAP",
    "ADA_USDT_SWAP",
    "AEVO_USDT_SWAP",
    "AIXBT_USDT_SWAP",
    "ANIME_USDT_SWAP",
    "APE_USDT_SWAP",
    "APT_USDT_SWAP",
    "ARB_USDT_SWAP",
    "ATH_USDT_SWAP",
    "ATOM_USDT_SWAP",
    "AVAX_USDT_SWAP",
    "BABY_USDT_SWAP",
    "BCH_USDT_SWAP",
    "BICO_USDT_SWAP",
    "BIGTIME_USDT_SWAP",
    "BIO_USDT_SWAP",
    "BLUR_USDT_SWAP",
    "BNB_USDT_SWAP",
    "BOME_USDT_SWAP",
    "BONK_USDT_SWAP",
    "BRETT_USDT_SWAP",
    "BTC_USDT_SWAP",
    "CFX_USDT_SWAP",
    "CHZ_USDT_SWAP",
    "CORE_USDT_SWAP",
    "CRO_USDT_SWAP",
    "DOGE_USDT_SWAP",
    "DOOD_USDT_SWAP",
    "DOT_USDT_SWAP",
    "DYDX_USDT_SWAP",
    "ENJ_USDT_SWAP",
    "ETC_USDT_SWAP",
    "ETH_USDT_SWAP",
    "FIL_USDT_SWAP",
    "FLOKI_USDT_SWAP",
    "GALA_USDT_SWAP",
    "GMT_USDT_SWAP",
    "GPS_USDT_SWAP",
    "GRT_USDT_SWAP",
    "HBAR_USDT_SWAP",
    "HMSTR_USDT_SWAP",
    "HOME_USDT_SWAP",
    "HUMA_USDT_SWAP",
    "ICP_USDT_SWAP",
    "ICX_USDT_SWAP",
    "INJ_USDT_SWAP",
    "IOST_USDT_SWAP",
    "JELLYJELLY_USDT_SWAP",
    "KMNO_USDT_SWAP",
    "LINK_USDT_SWAP",
    "LRC_USDT_SWAP",
    "LTC_USDT_SWAP",
    "LUNA_USDT_SWAP",
    "MAGIC_USDT_SWAP",
    "MEME_USDT_SWAP",
    "MERL_USDT_SWAP",
    "MEW_USDT_SWAP",
    "MINA_USDT_SWAP",
    "MOODENG_USDT_SWAP",
    "MOVE_USDT_SWAP",
    "MUBARAK_USDT_SWAP",
    "NEAR_USDT_SWAP",
    "NEIRO_USDT_SWAP",
    "NOT_USDT_SWAP",
    "ONE_USDT_SWAP",
    "ONT_USDT_SWAP",
    "OP_USDT_SWAP",
    "PARTI_USDT_SWAP",
    "PENGU_USDT_SWAP",
    "PEOPLE_USDT_SWAP",
    "PEPE_USDT_SWAP",
    "PLUME_USDT_SWAP",
    "PNUT_USDT_SWAP",
    "POL_USDT_SWAP",
    "PYTH_USDT_SWAP",
    "RESOLV_USDT_SWAP",
    "RSR_USDT_SWAP",
    "RVN_USDT_SWAP",
    "SATS_USDT_SWAP",
    "SHIB_USDT_SWAP",
    "SIGN_USDT_SWAP",
    "SOL_USDT_SWAP",
    "SOON_USDT_SWAP",
    "SOPH_USDT_SWAP",
    "STRK_USDT_SWAP",
    "SUI_USDT_SWAP",
    "TIA_USDT_SWAP",
    "TRX_USDT_SWAP",
    "TURBO_USDT_SWAP",
    "UNI_USDT_SWAP",
    "WIF_USDT_SWAP",
    "WOO_USDT_SWAP",
    "W_USDT_SWAP",
    "XLM_USDT_SWAP",
    "XRP_USDT_SWAP",
    "YGG_USDT_SWAP",
    "ZIL_USDT_SWAP",
    "ZK_USDT_SWAP"
  ]
}
[2026-07-24T09:29:11Z] chunk=84 exit=0 done_after=84
[2026-07-24T09:29:11Z] chunk=85 done=84/100
resume: skip 84 done symbols (84 marked); remain 16
swap series to scan: 1  workers=1  side=short  resume=True  signal_window=[2025-11-04 00:00:00+00:00, 2026-05-04 00:00:00+00:00)
  SOON_USDT_SWAP: 266 YOLO候选 (short)
  … progress 1/1
{
  "side": "short",
  "weights": "/Users/zhangzc/fable-trading/runs/detect/runs/detect/owner_side_short_tip_v1b/weights/best.pt",
  "series_this_chunk": 1,
  "candidates_so_far": 21888,
  "symbols_so_far": 85,
  "pos_rate": 0.2833,
  "out": "data/judgment_yolo_owner_side_short_100_6m.csv",
  "workers": 1,
  "checkpoint": true,
  "signal_time_lo": "2025-11-04 00:00:00+00:00",
  "signal_time_hi": "2026-05-04 00:00:00+00:00",
  "symbols_filter": [
    "AAVE_USDT_SWAP",
    "ACH_USDT_SWAP",
    "ACT_USDT_SWAP",
    "ADA_USDT_SWAP",
    "AEVO_USDT_SWAP",
    "AIXBT_USDT_SWAP",
    "ANIME_USDT_SWAP",
    "APE_USDT_SWAP",
    "APT_USDT_SWAP",
    "ARB_USDT_SWAP",
    "ATH_USDT_SWAP",
    "ATOM_USDT_SWAP",
    "AVAX_USDT_SWAP",
    "BABY_USDT_SWAP",
    "BCH_USDT_SWAP",
    "BICO_USDT_SWAP",
    "BIGTIME_USDT_SWAP",
    "BIO_USDT_SWAP",
    "BLUR_USDT_SWAP",
    "BNB_USDT_SWAP",
    "BOME_USDT_SWAP",
    "BONK_USDT_SWAP",
    "BRETT_USDT_SWAP",
    "BTC_USDT_SWAP",
    "CFX_USDT_SWAP",
    "CHZ_USDT_SWAP",
    "CORE_USDT_SWAP",
    "CRO_USDT_SWAP",
    "DOGE_USDT_SWAP",
    "DOOD_USDT_SWAP",
    "DOT_USDT_SWAP",
    "DYDX_USDT_SWAP",
    "ENJ_USDT_SWAP",
    "ETC_USDT_SWAP",
    "ETH_USDT_SWAP",
    "FIL_USDT_SWAP",
    "FLOKI_USDT_SWAP",
    "GALA_USDT_SWAP",
    "GMT_USDT_SWAP",
    "GPS_USDT_SWAP",
    "GRT_USDT_SWAP",
    "HBAR_USDT_SWAP",
    "HMSTR_USDT_SWAP",
    "HOME_USDT_SWAP",
    "HUMA_USDT_SWAP",
    "ICP_USDT_SWAP",
    "ICX_USDT_SWAP",
    "INJ_USDT_SWAP",
    "IOST_USDT_SWAP",
    "JELLYJELLY_USDT_SWAP",
    "KMNO_USDT_SWAP",
    "LINK_USDT_SWAP",
    "LRC_USDT_SWAP",
    "LTC_USDT_SWAP",
    "LUNA_USDT_SWAP",
    "MAGIC_USDT_SWAP",
    "MEME_USDT_SWAP",
    "MERL_USDT_SWAP",
    "MEW_USDT_SWAP",
    "MINA_USDT_SWAP",
    "MOODENG_USDT_SWAP",
    "MOVE_USDT_SWAP",
    "MUBARAK_USDT_SWAP",
    "NEAR_USDT_SWAP",
    "NEIRO_USDT_SWAP",
    "NOT_USDT_SWAP",
    "ONE_USDT_SWAP",
    "ONT_USDT_SWAP",
    "OP_USDT_SWAP",
    "PARTI_USDT_SWAP",
    "PENGU_USDT_SWAP",
    "PEOPLE_USDT_SWAP",
    "PEPE_USDT_SWAP",
    "PLUME_USDT_SWAP",
    "PNUT_USDT_SWAP",
    "POL_USDT_SWAP",
    "PYTH_USDT_SWAP",
    "RESOLV_USDT_SWAP",
    "RSR_USDT_SWAP",
    "RVN_USDT_SWAP",
    "SATS_USDT_SWAP",
    "SHIB_USDT_SWAP",
    "SIGN_USDT_SWAP",
    "SOL_USDT_SWAP",
    "SOON_USDT_SWAP",
    "SOPH_USDT_SWAP",
    "STRK_USDT_SWAP",
    "SUI_USDT_SWAP",
    "TIA_USDT_SWAP",
    "TRX_USDT_SWAP",
    "TURBO_USDT_SWAP",
    "UNI_USDT_SWAP",
    "WIF_USDT_SWAP",
    "WOO_USDT_SWAP",
    "W_USDT_SWAP",
    "XLM_USDT_SWAP",
    "XRP_USDT_SWAP",
    "YGG_USDT_SWAP",
    "ZIL_USDT_SWAP",
    "ZK_USDT_SWAP"
  ]
}
[2026-07-24T09:29:45Z] chunk=85 exit=0 done_after=85
[2026-07-24T09:29:45Z] chunk=86 done=85/100
resume: skip 85 done symbols (85 marked); remain 15
swap series to scan: 1  workers=1  side=short  resume=True  signal_window=[2025-11-04 00:00:00+00:00, 2026-05-04 00:00:00+00:00)
  SOPH_USDT_SWAP: 255 YOLO候选 (short)
  … progress 1/1
{
  "side": "short",
  "weights": "/Users/zhangzc/fable-trading/runs/detect/runs/detect/owner_side_short_tip_v1b/weights/best.pt",
  "series_this_chunk": 1,
  "candidates_so_far": 22143,
  "symbols_so_far": 86,
  "pos_rate": 0.2833,
  "out": "data/judgment_yolo_owner_side_short_100_6m.csv",
  "workers": 1,
  "checkpoint": true,
  "signal_time_lo": "2025-11-04 00:00:00+00:00",
  "signal_time_hi": "2026-05-04 00:00:00+00:00",
  "symbols_filter": [
    "AAVE_USDT_SWAP",
    "ACH_USDT_SWAP",
    "ACT_USDT_SWAP",
    "ADA_USDT_SWAP",
    "AEVO_USDT_SWAP",
    "AIXBT_USDT_SWAP",
    "ANIME_USDT_SWAP",
    "APE_USDT_SWAP",
    "APT_USDT_SWAP",
    "ARB_USDT_SWAP",
    "ATH_USDT_SWAP",
    "ATOM_USDT_SWAP",
    "AVAX_USDT_SWAP",
    "BABY_USDT_SWAP",
    "BCH_USDT_SWAP",
    "BICO_USDT_SWAP",
    "BIGTIME_USDT_SWAP",
    "BIO_USDT_SWAP",
    "BLUR_USDT_SWAP",
    "BNB_USDT_SWAP",
    "BOME_USDT_SWAP",
    "BONK_USDT_SWAP",
    "BRETT_USDT_SWAP",
    "BTC_USDT_SWAP",
    "CFX_USDT_SWAP",
    "CHZ_USDT_SWAP",
    "CORE_USDT_SWAP",
    "CRO_USDT_SWAP",
    "DOGE_USDT_SWAP",
    "DOOD_USDT_SWAP",
    "DOT_USDT_SWAP",
    "DYDX_USDT_SWAP",
    "ENJ_USDT_SWAP",
    "ETC_USDT_SWAP",
    "ETH_USDT_SWAP",
    "FIL_USDT_SWAP",
    "FLOKI_USDT_SWAP",
    "GALA_USDT_SWAP",
    "GMT_USDT_SWAP",
    "GPS_USDT_SWAP",
    "GRT_USDT_SWAP",
    "HBAR_USDT_SWAP",
    "HMSTR_USDT_SWAP",
    "HOME_USDT_SWAP",
    "HUMA_USDT_SWAP",
    "ICP_USDT_SWAP",
    "ICX_USDT_SWAP",
    "INJ_USDT_SWAP",
    "IOST_USDT_SWAP",
    "JELLYJELLY_USDT_SWAP",
    "KMNO_USDT_SWAP",
    "LINK_USDT_SWAP",
    "LRC_USDT_SWAP",
    "LTC_USDT_SWAP",
    "LUNA_USDT_SWAP",
    "MAGIC_USDT_SWAP",
    "MEME_USDT_SWAP",
    "MERL_USDT_SWAP",
    "MEW_USDT_SWAP",
    "MINA_USDT_SWAP",
    "MOODENG_USDT_SWAP",
    "MOVE_USDT_SWAP",
    "MUBARAK_USDT_SWAP",
    "NEAR_USDT_SWAP",
    "NEIRO_USDT_SWAP",
    "NOT_USDT_SWAP",
    "ONE_USDT_SWAP",
    "ONT_USDT_SWAP",
    "OP_USDT_SWAP",
    "PARTI_USDT_SWAP",
    "PENGU_USDT_SWAP",
    "PEOPLE_USDT_SWAP",
    "PEPE_USDT_SWAP",
    "PLUME_USDT_SWAP",
    "PNUT_USDT_SWAP",
    "POL_USDT_SWAP",
    "PYTH_USDT_SWAP",
    "RESOLV_USDT_SWAP",
    "RSR_USDT_SWAP",
    "RVN_USDT_SWAP",
    "SATS_USDT_SWAP",
    "SHIB_USDT_SWAP",
    "SIGN_USDT_SWAP",
    "SOL_USDT_SWAP",
    "SOON_USDT_SWAP",
    "SOPH_USDT_SWAP",
    "STRK_USDT_SWAP",
    "SUI_USDT_SWAP",
    "TIA_USDT_SWAP",
    "TRX_USDT_SWAP",
    "TURBO_USDT_SWAP",
    "UNI_USDT_SWAP",
    "WIF_USDT_SWAP",
    "WOO_USDT_SWAP",
    "W_USDT_SWAP",
    "XLM_USDT_SWAP",
    "XRP_USDT_SWAP",
    "YGG_USDT_SWAP",
    "ZIL_USDT_SWAP",
    "ZK_USDT_SWAP"
  ]
}
[2026-07-24T09:30:20Z] chunk=86 exit=0 done_after=86
[2026-07-24T09:30:20Z] chunk=87 done=86/100
resume: skip 86 done symbols (86 marked); remain 14
swap series to scan: 1  workers=1  side=short  resume=True  signal_window=[2025-11-04 00:00:00+00:00, 2026-05-04 00:00:00+00:00)
  STRK_USDT_SWAP: 247 YOLO候选 (short)
  … progress 1/1
{
  "side": "short",
  "weights": "/Users/zhangzc/fable-trading/runs/detect/runs/detect/owner_side_short_tip_v1b/weights/best.pt",
  "series_this_chunk": 1,
  "candidates_so_far": 22390,
  "symbols_so_far": 87,
  "pos_rate": 0.2835,
  "out": "data/judgment_yolo_owner_side_short_100_6m.csv",
  "workers": 1,
  "checkpoint": true,
  "signal_time_lo": "2025-11-04 00:00:00+00:00",
  "signal_time_hi": "2026-05-04 00:00:00+00:00",
  "symbols_filter": [
    "AAVE_USDT_SWAP",
    "ACH_USDT_SWAP",
    "ACT_USDT_SWAP",
    "ADA_USDT_SWAP",
    "AEVO_USDT_SWAP",
    "AIXBT_USDT_SWAP",
    "ANIME_USDT_SWAP",
    "APE_USDT_SWAP",
    "APT_USDT_SWAP",
    "ARB_USDT_SWAP",
    "ATH_USDT_SWAP",
    "ATOM_USDT_SWAP",
    "AVAX_USDT_SWAP",
    "BABY_USDT_SWAP",
    "BCH_USDT_SWAP",
    "BICO_USDT_SWAP",
    "BIGTIME_USDT_SWAP",
    "BIO_USDT_SWAP",
    "BLUR_USDT_SWAP",
    "BNB_USDT_SWAP",
    "BOME_USDT_SWAP",
    "BONK_USDT_SWAP",
    "BRETT_USDT_SWAP",
    "BTC_USDT_SWAP",
    "CFX_USDT_SWAP",
    "CHZ_USDT_SWAP",
    "CORE_USDT_SWAP",
    "CRO_USDT_SWAP",
    "DOGE_USDT_SWAP",
    "DOOD_USDT_SWAP",
    "DOT_USDT_SWAP",
    "DYDX_USDT_SWAP",
    "ENJ_USDT_SWAP",
    "ETC_USDT_SWAP",
    "ETH_USDT_SWAP",
    "FIL_USDT_SWAP",
    "FLOKI_USDT_SWAP",
    "GALA_USDT_SWAP",
    "GMT_USDT_SWAP",
    "GPS_USDT_SWAP",
    "GRT_USDT_SWAP",
    "HBAR_USDT_SWAP",
    "HMSTR_USDT_SWAP",
    "HOME_USDT_SWAP",
    "HUMA_USDT_SWAP",
    "ICP_USDT_SWAP",
    "ICX_USDT_SWAP",
    "INJ_USDT_SWAP",
    "IOST_USDT_SWAP",
    "JELLYJELLY_USDT_SWAP",
    "KMNO_USDT_SWAP",
    "LINK_USDT_SWAP",
    "LRC_USDT_SWAP",
    "LTC_USDT_SWAP",
    "LUNA_USDT_SWAP",
    "MAGIC_USDT_SWAP",
    "MEME_USDT_SWAP",
    "MERL_USDT_SWAP",
    "MEW_USDT_SWAP",
    "MINA_USDT_SWAP",
    "MOODENG_USDT_SWAP",
    "MOVE_USDT_SWAP",
    "MUBARAK_USDT_SWAP",
    "NEAR_USDT_SWAP",
    "NEIRO_USDT_SWAP",
    "NOT_USDT_SWAP",
    "ONE_USDT_SWAP",
    "ONT_USDT_SWAP",
    "OP_USDT_SWAP",
    "PARTI_USDT_SWAP",
    "PENGU_USDT_SWAP",
    "PEOPLE_USDT_SWAP",
    "PEPE_USDT_SWAP",
    "PLUME_USDT_SWAP",
    "PNUT_USDT_SWAP",
    "POL_USDT_SWAP",
    "PYTH_USDT_SWAP",
    "RESOLV_USDT_SWAP",
    "RSR_USDT_SWAP",
    "RVN_USDT_SWAP",
    "SATS_USDT_SWAP",
    "SHIB_USDT_SWAP",
    "SIGN_USDT_SWAP",
    "SOL_USDT_SWAP",
    "SOON_USDT_SWAP",
    "SOPH_USDT_SWAP",
    "STRK_USDT_SWAP",
    "SUI_USDT_SWAP",
    "TIA_USDT_SWAP",
    "TRX_USDT_SWAP",
    "TURBO_USDT_SWAP",
    "UNI_USDT_SWAP",
    "WIF_USDT_SWAP",
    "WOO_USDT_SWAP",
    "W_USDT_SWAP",
    "XLM_USDT_SWAP",
    "XRP_USDT_SWAP",
    "YGG_USDT_SWAP",
    "ZIL_USDT_SWAP",
    "ZK_USDT_SWAP"
  ]
}
[2026-07-24T09:30:55Z] chunk=87 exit=0 done_after=87
[2026-07-24T09:30:55Z] chunk=88 done=87/100
resume: skip 87 done symbols (87 marked); remain 13
swap series to scan: 1  workers=1  side=short  resume=True  signal_window=[2025-11-04 00:00:00+00:00, 2026-05-04 00:00:00+00:00)
  SUI_USDT_SWAP: 256 YOLO候选 (short)
  … progress 1/1
{
  "side": "short",
  "weights": "/Users/zhangzc/fable-trading/runs/detect/runs/detect/owner_side_short_tip_v1b/weights/best.pt",
  "series_this_chunk": 1,
  "candidates_so_far": 22646,
  "symbols_so_far": 88,
  "pos_rate": 0.2832,
  "out": "data/judgment_yolo_owner_side_short_100_6m.csv",
  "workers": 1,
  "checkpoint": true,
  "signal_time_lo": "2025-11-04 00:00:00+00:00",
  "signal_time_hi": "2026-05-04 00:00:00+00:00",
  "symbols_filter": [
    "AAVE_USDT_SWAP",
    "ACH_USDT_SWAP",
    "ACT_USDT_SWAP",
    "ADA_USDT_SWAP",
    "AEVO_USDT_SWAP",
    "AIXBT_USDT_SWAP",
    "ANIME_USDT_SWAP",
    "APE_USDT_SWAP",
    "APT_USDT_SWAP",
    "ARB_USDT_SWAP",
    "ATH_USDT_SWAP",
    "ATOM_USDT_SWAP",
    "AVAX_USDT_SWAP",
    "BABY_USDT_SWAP",
    "BCH_USDT_SWAP",
    "BICO_USDT_SWAP",
    "BIGTIME_USDT_SWAP",
    "BIO_USDT_SWAP",
    "BLUR_USDT_SWAP",
    "BNB_USDT_SWAP",
    "BOME_USDT_SWAP",
    "BONK_USDT_SWAP",
    "BRETT_USDT_SWAP",
    "BTC_USDT_SWAP",
    "CFX_USDT_SWAP",
    "CHZ_USDT_SWAP",
    "CORE_USDT_SWAP",
    "CRO_USDT_SWAP",
    "DOGE_USDT_SWAP",
    "DOOD_USDT_SWAP",
    "DOT_USDT_SWAP",
    "DYDX_USDT_SWAP",
    "ENJ_USDT_SWAP",
    "ETC_USDT_SWAP",
    "ETH_USDT_SWAP",
    "FIL_USDT_SWAP",
    "FLOKI_USDT_SWAP",
    "GALA_USDT_SWAP",
    "GMT_USDT_SWAP",
    "GPS_USDT_SWAP",
    "GRT_USDT_SWAP",
    "HBAR_USDT_SWAP",
    "HMSTR_USDT_SWAP",
    "HOME_USDT_SWAP",
    "HUMA_USDT_SWAP",
    "ICP_USDT_SWAP",
    "ICX_USDT_SWAP",
    "INJ_USDT_SWAP",
    "IOST_USDT_SWAP",
    "JELLYJELLY_USDT_SWAP",
    "KMNO_USDT_SWAP",
    "LINK_USDT_SWAP",
    "LRC_USDT_SWAP",
    "LTC_USDT_SWAP",
    "LUNA_USDT_SWAP",
    "MAGIC_USDT_SWAP",
    "MEME_USDT_SWAP",
    "MERL_USDT_SWAP",
    "MEW_USDT_SWAP",
    "MINA_USDT_SWAP",
    "MOODENG_USDT_SWAP",
    "MOVE_USDT_SWAP",
    "MUBARAK_USDT_SWAP",
    "NEAR_USDT_SWAP",
    "NEIRO_USDT_SWAP",
    "NOT_USDT_SWAP",
    "ONE_USDT_SWAP",
    "ONT_USDT_SWAP",
    "OP_USDT_SWAP",
    "PARTI_USDT_SWAP",
    "PENGU_USDT_SWAP",
    "PEOPLE_USDT_SWAP",
    "PEPE_USDT_SWAP",
    "PLUME_USDT_SWAP",
    "PNUT_USDT_SWAP",
    "POL_USDT_SWAP",
    "PYTH_USDT_SWAP",
    "RESOLV_USDT_SWAP",
    "RSR_USDT_SWAP",
    "RVN_USDT_SWAP",
    "SATS_USDT_SWAP",
    "SHIB_USDT_SWAP",
    "SIGN_USDT_SWAP",
    "SOL_USDT_SWAP",
    "SOON_USDT_SWAP",
    "SOPH_USDT_SWAP",
    "STRK_USDT_SWAP",
    "SUI_USDT_SWAP",
    "TIA_USDT_SWAP",
    "TRX_USDT_SWAP",
    "TURBO_USDT_SWAP",
    "UNI_USDT_SWAP",
    "WIF_USDT_SWAP",
    "WOO_USDT_SWAP",
    "W_USDT_SWAP",
    "XLM_USDT_SWAP",
    "XRP_USDT_SWAP",
    "YGG_USDT_SWAP",
    "ZIL_USDT_SWAP",
    "ZK_USDT_SWAP"
  ]
}
[2026-07-24T09:31:30Z] chunk=88 exit=0 done_after=88
[2026-07-24T09:31:30Z] chunk=89 done=88/100
resume: skip 88 done symbols (88 marked); remain 12
swap series to scan: 1  workers=1  side=short  resume=True  signal_window=[2025-11-04 00:00:00+00:00, 2026-05-04 00:00:00+00:00)
  TIA_USDT_SWAP: 253 YOLO候选 (short)
  … progress 1/1
{
  "side": "short",
  "weights": "/Users/zhangzc/fable-trading/runs/detect/runs/detect/owner_side_short_tip_v1b/weights/best.pt",
  "series_this_chunk": 1,
  "candidates_so_far": 22899,
  "symbols_so_far": 89,
  "pos_rate": 0.283,
  "out": "data/judgment_yolo_owner_side_short_100_6m.csv",
  "workers": 1,
  "checkpoint": true,
  "signal_time_lo": "2025-11-04 00:00:00+00:00",
  "signal_time_hi": "2026-05-04 00:00:00+00:00",
  "symbols_filter": [
    "AAVE_USDT_SWAP",
    "ACH_USDT_SWAP",
    "ACT_USDT_SWAP",
    "ADA_USDT_SWAP",
    "AEVO_USDT_SWAP",
    "AIXBT_USDT_SWAP",
    "ANIME_USDT_SWAP",
    "APE_USDT_SWAP",
    "APT_USDT_SWAP",
    "ARB_USDT_SWAP",
    "ATH_USDT_SWAP",
    "ATOM_USDT_SWAP",
    "AVAX_USDT_SWAP",
    "BABY_USDT_SWAP",
    "BCH_USDT_SWAP",
    "BICO_USDT_SWAP",
    "BIGTIME_USDT_SWAP",
    "BIO_USDT_SWAP",
    "BLUR_USDT_SWAP",
    "BNB_USDT_SWAP",
    "BOME_USDT_SWAP",
    "BONK_USDT_SWAP",
    "BRETT_USDT_SWAP",
    "BTC_USDT_SWAP",
    "CFX_USDT_SWAP",
    "CHZ_USDT_SWAP",
    "CORE_USDT_SWAP",
    "CRO_USDT_SWAP",
    "DOGE_USDT_SWAP",
    "DOOD_USDT_SWAP",
    "DOT_USDT_SWAP",
    "DYDX_USDT_SWAP",
    "ENJ_USDT_SWAP",
    "ETC_USDT_SWAP",
    "ETH_USDT_SWAP",
    "FIL_USDT_SWAP",
    "FLOKI_USDT_SWAP",
    "GALA_USDT_SWAP",
    "GMT_USDT_SWAP",
    "GPS_USDT_SWAP",
    "GRT_USDT_SWAP",
    "HBAR_USDT_SWAP",
    "HMSTR_USDT_SWAP",
    "HOME_USDT_SWAP",
    "HUMA_USDT_SWAP",
    "ICP_USDT_SWAP",
    "ICX_USDT_SWAP",
    "INJ_USDT_SWAP",
    "IOST_USDT_SWAP",
    "JELLYJELLY_USDT_SWAP",
    "KMNO_USDT_SWAP",
    "LINK_USDT_SWAP",
    "LRC_USDT_SWAP",
    "LTC_USDT_SWAP",
    "LUNA_USDT_SWAP",
    "MAGIC_USDT_SWAP",
    "MEME_USDT_SWAP",
    "MERL_USDT_SWAP",
    "MEW_USDT_SWAP",
    "MINA_USDT_SWAP",
    "MOODENG_USDT_SWAP",
    "MOVE_USDT_SWAP",
    "MUBARAK_USDT_SWAP",
    "NEAR_USDT_SWAP",
    "NEIRO_USDT_SWAP",
    "NOT_USDT_SWAP",
    "ONE_USDT_SWAP",
    "ONT_USDT_SWAP",
    "OP_USDT_SWAP",
    "PARTI_USDT_SWAP",
    "PENGU_USDT_SWAP",
    "PEOPLE_USDT_SWAP",
    "PEPE_USDT_SWAP",
    "PLUME_USDT_SWAP",
    "PNUT_USDT_SWAP",
    "POL_USDT_SWAP",
    "PYTH_USDT_SWAP",
    "RESOLV_USDT_SWAP",
    "RSR_USDT_SWAP",
    "RVN_USDT_SWAP",
    "SATS_USDT_SWAP",
    "SHIB_USDT_SWAP",
    "SIGN_USDT_SWAP",
    "SOL_USDT_SWAP",
    "SOON_USDT_SWAP",
    "SOPH_USDT_SWAP",
    "STRK_USDT_SWAP",
    "SUI_USDT_SWAP",
    "TIA_USDT_SWAP",
    "TRX_USDT_SWAP",
    "TURBO_USDT_SWAP",
    "UNI_USDT_SWAP",
    "WIF_USDT_SWAP",
    "WOO_USDT_SWAP",
    "W_USDT_SWAP",
    "XLM_USDT_SWAP",
    "XRP_USDT_SWAP",
    "YGG_USDT_SWAP",
    "ZIL_USDT_SWAP",
    "ZK_USDT_SWAP"
  ]
}
[2026-07-24T09:32:05Z] chunk=89 exit=0 done_after=89
[2026-07-24T09:32:05Z] chunk=90 done=89/100
resume: skip 89 done symbols (89 marked); remain 11
swap series to scan: 1  workers=1  side=short  resume=True  signal_window=[2025-11-04 00:00:00+00:00, 2026-05-04 00:00:00+00:00)
  TRX_USDT_SWAP: 107 YOLO候选 (short)
  … progress 1/1
{
  "side": "short",
  "weights": "/Users/zhangzc/fable-trading/runs/detect/runs/detect/owner_side_short_tip_v1b/weights/best.pt",
  "series_this_chunk": 1,
  "candidates_so_far": 23006,
  "symbols_so_far": 90,
  "pos_rate": 0.283,
  "out": "data/judgment_yolo_owner_side_short_100_6m.csv",
  "workers": 1,
  "checkpoint": true,
  "signal_time_lo": "2025-11-04 00:00:00+00:00",
  "signal_time_hi": "2026-05-04 00:00:00+00:00",
  "symbols_filter": [
    "AAVE_USDT_SWAP",
    "ACH_USDT_SWAP",
    "ACT_USDT_SWAP",
    "ADA_USDT_SWAP",
    "AEVO_USDT_SWAP",
    "AIXBT_USDT_SWAP",
    "ANIME_USDT_SWAP",
    "APE_USDT_SWAP",
    "APT_USDT_SWAP",
    "ARB_USDT_SWAP",
    "ATH_USDT_SWAP",
    "ATOM_USDT_SWAP",
    "AVAX_USDT_SWAP",
    "BABY_USDT_SWAP",
    "BCH_USDT_SWAP",
    "BICO_USDT_SWAP",
    "BIGTIME_USDT_SWAP",
    "BIO_USDT_SWAP",
    "BLUR_USDT_SWAP",
    "BNB_USDT_SWAP",
    "BOME_USDT_SWAP",
    "BONK_USDT_SWAP",
    "BRETT_USDT_SWAP",
    "BTC_USDT_SWAP",
    "CFX_USDT_SWAP",
    "CHZ_USDT_SWAP",
    "CORE_USDT_SWAP",
    "CRO_USDT_SWAP",
    "DOGE_USDT_SWAP",
    "DOOD_USDT_SWAP",
    "DOT_USDT_SWAP",
    "DYDX_USDT_SWAP",
    "ENJ_USDT_SWAP",
    "ETC_USDT_SWAP",
    "ETH_USDT_SWAP",
    "FIL_USDT_SWAP",
    "FLOKI_USDT_SWAP",
    "GALA_USDT_SWAP",
    "GMT_USDT_SWAP",
    "GPS_USDT_SWAP",
    "GRT_USDT_SWAP",
    "HBAR_USDT_SWAP",
    "HMSTR_USDT_SWAP",
    "HOME_USDT_SWAP",
    "HUMA_USDT_SWAP",
    "ICP_USDT_SWAP",
    "ICX_USDT_SWAP",
    "INJ_USDT_SWAP",
    "IOST_USDT_SWAP",
    "JELLYJELLY_USDT_SWAP",
    "KMNO_USDT_SWAP",
    "LINK_USDT_SWAP",
    "LRC_USDT_SWAP",
    "LTC_USDT_SWAP",
    "LUNA_USDT_SWAP",
    "MAGIC_USDT_SWAP",
    "MEME_USDT_SWAP",
    "MERL_USDT_SWAP",
    "MEW_USDT_SWAP",
    "MINA_USDT_SWAP",
    "MOODENG_USDT_SWAP",
    "MOVE_USDT_SWAP",
    "MUBARAK_USDT_SWAP",
    "NEAR_USDT_SWAP",
    "NEIRO_USDT_SWAP",
    "NOT_USDT_SWAP",
    "ONE_USDT_SWAP",
    "ONT_USDT_SWAP",
    "OP_USDT_SWAP",
    "PARTI_USDT_SWAP",
    "PENGU_USDT_SWAP",
    "PEOPLE_USDT_SWAP",
    "PEPE_USDT_SWAP",
    "PLUME_USDT_SWAP",
    "PNUT_USDT_SWAP",
    "POL_USDT_SWAP",
    "PYTH_USDT_SWAP",
    "RESOLV_USDT_SWAP",
    "RSR_USDT_SWAP",
    "RVN_USDT_SWAP",
    "SATS_USDT_SWAP",
    "SHIB_USDT_SWAP",
    "SIGN_USDT_SWAP",
    "SOL_USDT_SWAP",
    "SOON_USDT_SWAP",
    "SOPH_USDT_SWAP",
    "STRK_USDT_SWAP",
    "SUI_USDT_SWAP",
    "TIA_USDT_SWAP",
    "TRX_USDT_SWAP",
    "TURBO_USDT_SWAP",
    "UNI_USDT_SWAP",
    "WIF_USDT_SWAP",
    "WOO_USDT_SWAP",
    "W_USDT_SWAP",
    "XLM_USDT_SWAP",
    "XRP_USDT_SWAP",
    "YGG_USDT_SWAP",
    "ZIL_USDT_SWAP",
    "ZK_USDT_SWAP"
  ]
}
[2026-07-24T09:32:39Z] chunk=90 exit=0 done_after=90
[2026-07-24T09:32:39Z] chunk=91 done=90/100
resume: skip 90 done symbols (90 marked); remain 10
swap series to scan: 1  workers=1  side=short  resume=True  signal_window=[2025-11-04 00:00:00+00:00, 2026-05-04 00:00:00+00:00)
  TURBO_USDT_SWAP: 260 YOLO候选 (short)
  … progress 1/1
{
  "side": "short",
  "weights": "/Users/zhangzc/fable-trading/runs/detect/runs/detect/owner_side_short_tip_v1b/weights/best.pt",
  "series_this_chunk": 1,
  "candidates_so_far": 23266,
  "symbols_so_far": 91,
  "pos_rate": 0.2834,
  "out": "data/judgment_yolo_owner_side_short_100_6m.csv",
  "workers": 1,
  "checkpoint": true,
  "signal_time_lo": "2025-11-04 00:00:00+00:00",
  "signal_time_hi": "2026-05-04 00:00:00+00:00",
  "symbols_filter": [
    "AAVE_USDT_SWAP",
    "ACH_USDT_SWAP",
    "ACT_USDT_SWAP",
    "ADA_USDT_SWAP",
    "AEVO_USDT_SWAP",
    "AIXBT_USDT_SWAP",
    "ANIME_USDT_SWAP",
    "APE_USDT_SWAP",
    "APT_USDT_SWAP",
    "ARB_USDT_SWAP",
    "ATH_USDT_SWAP",
    "ATOM_USDT_SWAP",
    "AVAX_USDT_SWAP",
    "BABY_USDT_SWAP",
    "BCH_USDT_SWAP",
    "BICO_USDT_SWAP",
    "BIGTIME_USDT_SWAP",
    "BIO_USDT_SWAP",
    "BLUR_USDT_SWAP",
    "BNB_USDT_SWAP",
    "BOME_USDT_SWAP",
    "BONK_USDT_SWAP",
    "BRETT_USDT_SWAP",
    "BTC_USDT_SWAP",
    "CFX_USDT_SWAP",
    "CHZ_USDT_SWAP",
    "CORE_USDT_SWAP",
    "CRO_USDT_SWAP",
    "DOGE_USDT_SWAP",
    "DOOD_USDT_SWAP",
    "DOT_USDT_SWAP",
    "DYDX_USDT_SWAP",
    "ENJ_USDT_SWAP",
    "ETC_USDT_SWAP",
    "ETH_USDT_SWAP",
    "FIL_USDT_SWAP",
    "FLOKI_USDT_SWAP",
    "GALA_USDT_SWAP",
    "GMT_USDT_SWAP",
    "GPS_USDT_SWAP",
    "GRT_USDT_SWAP",
    "HBAR_USDT_SWAP",
    "HMSTR_USDT_SWAP",
    "HOME_USDT_SWAP",
    "HUMA_USDT_SWAP",
    "ICP_USDT_SWAP",
    "ICX_USDT_SWAP",
    "INJ_USDT_SWAP",
    "IOST_USDT_SWAP",
    "JELLYJELLY_USDT_SWAP",
    "KMNO_USDT_SWAP",
    "LINK_USDT_SWAP",
    "LRC_USDT_SWAP",
    "LTC_USDT_SWAP",
    "LUNA_USDT_SWAP",
    "MAGIC_USDT_SWAP",
    "MEME_USDT_SWAP",
    "MERL_USDT_SWAP",
    "MEW_USDT_SWAP",
    "MINA_USDT_SWAP",
    "MOODENG_USDT_SWAP",
    "MOVE_USDT_SWAP",
    "MUBARAK_USDT_SWAP",
    "NEAR_USDT_SWAP",
    "NEIRO_USDT_SWAP",
    "NOT_USDT_SWAP",
    "ONE_USDT_SWAP",
    "ONT_USDT_SWAP",
    "OP_USDT_SWAP",
    "PARTI_USDT_SWAP",
    "PENGU_USDT_SWAP",
    "PEOPLE_USDT_SWAP",
    "PEPE_USDT_SWAP",
    "PLUME_USDT_SWAP",
    "PNUT_USDT_SWAP",
    "POL_USDT_SWAP",
    "PYTH_USDT_SWAP",
    "RESOLV_USDT_SWAP",
    "RSR_USDT_SWAP",
    "RVN_USDT_SWAP",
    "SATS_USDT_SWAP",
    "SHIB_USDT_SWAP",
    "SIGN_USDT_SWAP",
    "SOL_USDT_SWAP",
    "SOON_USDT_SWAP",
    "SOPH_USDT_SWAP",
    "STRK_USDT_SWAP",
    "SUI_USDT_SWAP",
    "TIA_USDT_SWAP",
    "TRX_USDT_SWAP",
    "TURBO_USDT_SWAP",
    "UNI_USDT_SWAP",
    "WIF_USDT_SWAP",
    "WOO_USDT_SWAP",
    "W_USDT_SWAP",
    "XLM_USDT_SWAP",
    "XRP_USDT_SWAP",
    "YGG_USDT_SWAP",
    "ZIL_USDT_SWAP",
    "ZK_USDT_SWAP"
  ]
}
[2026-07-24T09:33:13Z] chunk=91 exit=0 done_after=91
[2026-07-24T09:33:13Z] chunk=92 done=91/100
resume: skip 91 done symbols (91 marked); remain 9
swap series to scan: 1  workers=1  side=short  resume=True  signal_window=[2025-11-04 00:00:00+00:00, 2026-05-04 00:00:00+00:00)
  UNI_USDT_SWAP: 261 YOLO候选 (short)
  … progress 1/1
{
  "side": "short",
  "weights": "/Users/zhangzc/fable-trading/runs/detect/runs/detect/owner_side_short_tip_v1b/weights/best.pt",
  "series_this_chunk": 1,
  "candidates_so_far": 23527,
  "symbols_so_far": 92,
  "pos_rate": 0.2838,
  "out": "data/judgment_yolo_owner_side_short_100_6m.csv",
  "workers": 1,
  "checkpoint": true,
  "signal_time_lo": "2025-11-04 00:00:00+00:00",
  "signal_time_hi": "2026-05-04 00:00:00+00:00",
  "symbols_filter": [
    "AAVE_USDT_SWAP",
    "ACH_USDT_SWAP",
    "ACT_USDT_SWAP",
    "ADA_USDT_SWAP",
    "AEVO_USDT_SWAP",
    "AIXBT_USDT_SWAP",
    "ANIME_USDT_SWAP",
    "APE_USDT_SWAP",
    "APT_USDT_SWAP",
    "ARB_USDT_SWAP",
    "ATH_USDT_SWAP",
    "ATOM_USDT_SWAP",
    "AVAX_USDT_SWAP",
    "BABY_USDT_SWAP",
    "BCH_USDT_SWAP",
    "BICO_USDT_SWAP",
    "BIGTIME_USDT_SWAP",
    "BIO_USDT_SWAP",
    "BLUR_USDT_SWAP",
    "BNB_USDT_SWAP",
    "BOME_USDT_SWAP",
    "BONK_USDT_SWAP",
    "BRETT_USDT_SWAP",
    "BTC_USDT_SWAP",
    "CFX_USDT_SWAP",
    "CHZ_USDT_SWAP",
    "CORE_USDT_SWAP",
    "CRO_USDT_SWAP",
    "DOGE_USDT_SWAP",
    "DOOD_USDT_SWAP",
    "DOT_USDT_SWAP",
    "DYDX_USDT_SWAP",
    "ENJ_USDT_SWAP",
    "ETC_USDT_SWAP",
    "ETH_USDT_SWAP",
    "FIL_USDT_SWAP",
    "FLOKI_USDT_SWAP",
    "GALA_USDT_SWAP",
    "GMT_USDT_SWAP",
    "GPS_USDT_SWAP",
    "GRT_USDT_SWAP",
    "HBAR_USDT_SWAP",
    "HMSTR_USDT_SWAP",
    "HOME_USDT_SWAP",
    "HUMA_USDT_SWAP",
    "ICP_USDT_SWAP",
    "ICX_USDT_SWAP",
    "INJ_USDT_SWAP",
    "IOST_USDT_SWAP",
    "JELLYJELLY_USDT_SWAP",
    "KMNO_USDT_SWAP",
    "LINK_USDT_SWAP",
    "LRC_USDT_SWAP",
    "LTC_USDT_SWAP",
    "LUNA_USDT_SWAP",
    "MAGIC_USDT_SWAP",
    "MEME_USDT_SWAP",
    "MERL_USDT_SWAP",
    "MEW_USDT_SWAP",
    "MINA_USDT_SWAP",
    "MOODENG_USDT_SWAP",
    "MOVE_USDT_SWAP",
    "MUBARAK_USDT_SWAP",
    "NEAR_USDT_SWAP",
    "NEIRO_USDT_SWAP",
    "NOT_USDT_SWAP",
    "ONE_USDT_SWAP",
    "ONT_USDT_SWAP",
    "OP_USDT_SWAP",
    "PARTI_USDT_SWAP",
    "PENGU_USDT_SWAP",
    "PEOPLE_USDT_SWAP",
    "PEPE_USDT_SWAP",
    "PLUME_USDT_SWAP",
    "PNUT_USDT_SWAP",
    "POL_USDT_SWAP",
    "PYTH_USDT_SWAP",
    "RESOLV_USDT_SWAP",
    "RSR_USDT_SWAP",
    "RVN_USDT_SWAP",
    "SATS_USDT_SWAP",
    "SHIB_USDT_SWAP",
    "SIGN_USDT_SWAP",
    "SOL_USDT_SWAP",
    "SOON_USDT_SWAP",
    "SOPH_USDT_SWAP",
    "STRK_USDT_SWAP",
    "SUI_USDT_SWAP",
    "TIA_USDT_SWAP",
    "TRX_USDT_SWAP",
    "TURBO_USDT_SWAP",
    "UNI_USDT_SWAP",
    "WIF_USDT_SWAP",
    "WOO_USDT_SWAP",
    "W_USDT_SWAP",
    "XLM_USDT_SWAP",
    "XRP_USDT_SWAP",
    "YGG_USDT_SWAP",
    "ZIL_USDT_SWAP",
    "ZK_USDT_SWAP"
  ]
}
[2026-07-24T09:33:48Z] chunk=92 exit=0 done_after=92
[2026-07-24T09:33:48Z] chunk=93 done=92/100
resume: skip 92 done symbols (92 marked); remain 8
swap series to scan: 1  workers=1  side=short  resume=True  signal_window=[2025-11-04 00:00:00+00:00, 2026-05-04 00:00:00+00:00)
  WIF_USDT_SWAP: 260 YOLO候选 (short)
  … progress 1/1
{
  "side": "short",
  "weights": "/Users/zhangzc/fable-trading/runs/detect/runs/detect/owner_side_short_tip_v1b/weights/best.pt",
  "series_this_chunk": 1,
  "candidates_so_far": 23787,
  "symbols_so_far": 93,
  "pos_rate": 0.2838,
  "out": "data/judgment_yolo_owner_side_short_100_6m.csv",
  "workers": 1,
  "checkpoint": true,
  "signal_time_lo": "2025-11-04 00:00:00+00:00",
  "signal_time_hi": "2026-05-04 00:00:00+00:00",
  "symbols_filter": [
    "AAVE_USDT_SWAP",
    "ACH_USDT_SWAP",
    "ACT_USDT_SWAP",
    "ADA_USDT_SWAP",
    "AEVO_USDT_SWAP",
    "AIXBT_USDT_SWAP",
    "ANIME_USDT_SWAP",
    "APE_USDT_SWAP",
    "APT_USDT_SWAP",
    "ARB_USDT_SWAP",
    "ATH_USDT_SWAP",
    "ATOM_USDT_SWAP",
    "AVAX_USDT_SWAP",
    "BABY_USDT_SWAP",
    "BCH_USDT_SWAP",
    "BICO_USDT_SWAP",
    "BIGTIME_USDT_SWAP",
    "BIO_USDT_SWAP",
    "BLUR_USDT_SWAP",
    "BNB_USDT_SWAP",
    "BOME_USDT_SWAP",
    "BONK_USDT_SWAP",
    "BRETT_USDT_SWAP",
    "BTC_USDT_SWAP",
    "CFX_USDT_SWAP",
    "CHZ_USDT_SWAP",
    "CORE_USDT_SWAP",
    "CRO_USDT_SWAP",
    "DOGE_USDT_SWAP",
    "DOOD_USDT_SWAP",
    "DOT_USDT_SWAP",
    "DYDX_USDT_SWAP",
    "ENJ_USDT_SWAP",
    "ETC_USDT_SWAP",
    "ETH_USDT_SWAP",
    "FIL_USDT_SWAP",
    "FLOKI_USDT_SWAP",
    "GALA_USDT_SWAP",
    "GMT_USDT_SWAP",
    "GPS_USDT_SWAP",
    "GRT_USDT_SWAP",
    "HBAR_USDT_SWAP",
    "HMSTR_USDT_SWAP",
    "HOME_USDT_SWAP",
    "HUMA_USDT_SWAP",
    "ICP_USDT_SWAP",
    "ICX_USDT_SWAP",
    "INJ_USDT_SWAP",
    "IOST_USDT_SWAP",
    "JELLYJELLY_USDT_SWAP",
    "KMNO_USDT_SWAP",
    "LINK_USDT_SWAP",
    "LRC_USDT_SWAP",
    "LTC_USDT_SWAP",
    "LUNA_USDT_SWAP",
    "MAGIC_USDT_SWAP",
    "MEME_USDT_SWAP",
    "MERL_USDT_SWAP",
    "MEW_USDT_SWAP",
    "MINA_USDT_SWAP",
    "MOODENG_USDT_SWAP",
    "MOVE_USDT_SWAP",
    "MUBARAK_USDT_SWAP",
    "NEAR_USDT_SWAP",
    "NEIRO_USDT_SWAP",
    "NOT_USDT_SWAP",
    "ONE_USDT_SWAP",
    "ONT_USDT_SWAP",
    "OP_USDT_SWAP",
    "PARTI_USDT_SWAP",
    "PENGU_USDT_SWAP",
    "PEOPLE_USDT_SWAP",
    "PEPE_USDT_SWAP",
    "PLUME_USDT_SWAP",
    "PNUT_USDT_SWAP",
    "POL_USDT_SWAP",
    "PYTH_USDT_SWAP",
    "RESOLV_USDT_SWAP",
    "RSR_USDT_SWAP",
    "RVN_USDT_SWAP",
    "SATS_USDT_SWAP",
    "SHIB_USDT_SWAP",
    "SIGN_USDT_SWAP",
    "SOL_USDT_SWAP",
    "SOON_USDT_SWAP",
    "SOPH_USDT_SWAP",
    "STRK_USDT_SWAP",
    "SUI_USDT_SWAP",
    "TIA_USDT_SWAP",
    "TRX_USDT_SWAP",
    "TURBO_USDT_SWAP",
    "UNI_USDT_SWAP",
    "WIF_USDT_SWAP",
    "WOO_USDT_SWAP",
    "W_USDT_SWAP",
    "XLM_USDT_SWAP",
    "XRP_USDT_SWAP",
    "YGG_USDT_SWAP",
    "ZIL_USDT_SWAP",
    "ZK_USDT_SWAP"
  ]
}
[2026-07-24T09:34:24Z] chunk=93 exit=0 done_after=93
[2026-07-24T09:34:24Z] chunk=94 done=93/100
resume: skip 93 done symbols (93 marked); remain 7
swap series to scan: 1  workers=1  side=short  resume=True  signal_window=[2025-11-04 00:00:00+00:00, 2026-05-04 00:00:00+00:00)
  WOO_USDT_SWAP: 256 YOLO候选 (short)
  … progress 1/1
{
  "side": "short",
  "weights": "/Users/zhangzc/fable-trading/runs/detect/runs/detect/owner_side_short_tip_v1b/weights/best.pt",
  "series_this_chunk": 1,
  "candidates_so_far": 24043,
  "symbols_so_far": 94,
  "pos_rate": 0.2837,
  "out": "data/judgment_yolo_owner_side_short_100_6m.csv",
  "workers": 1,
  "checkpoint": true,
  "signal_time_lo": "2025-11-04 00:00:00+00:00",
  "signal_time_hi": "2026-05-04 00:00:00+00:00",
  "symbols_filter": [
    "AAVE_USDT_SWAP",
    "ACH_USDT_SWAP",
    "ACT_USDT_SWAP",
    "ADA_USDT_SWAP",
    "AEVO_USDT_SWAP",
    "AIXBT_USDT_SWAP",
    "ANIME_USDT_SWAP",
    "APE_USDT_SWAP",
    "APT_USDT_SWAP",
    "ARB_USDT_SWAP",
    "ATH_USDT_SWAP",
    "ATOM_USDT_SWAP",
    "AVAX_USDT_SWAP",
    "BABY_USDT_SWAP",
    "BCH_USDT_SWAP",
    "BICO_USDT_SWAP",
    "BIGTIME_USDT_SWAP",
    "BIO_USDT_SWAP",
    "BLUR_USDT_SWAP",
    "BNB_USDT_SWAP",
    "BOME_USDT_SWAP",
    "BONK_USDT_SWAP",
    "BRETT_USDT_SWAP",
    "BTC_USDT_SWAP",
    "CFX_USDT_SWAP",
    "CHZ_USDT_SWAP",
    "CORE_USDT_SWAP",
    "CRO_USDT_SWAP",
    "DOGE_USDT_SWAP",
    "DOOD_USDT_SWAP",
    "DOT_USDT_SWAP",
    "DYDX_USDT_SWAP",
    "ENJ_USDT_SWAP",
    "ETC_USDT_SWAP",
    "ETH_USDT_SWAP",
    "FIL_USDT_SWAP",
    "FLOKI_USDT_SWAP",
    "GALA_USDT_SWAP",
    "GMT_USDT_SWAP",
    "GPS_USDT_SWAP",
    "GRT_USDT_SWAP",
    "HBAR_USDT_SWAP",
    "HMSTR_USDT_SWAP",
    "HOME_USDT_SWAP",
    "HUMA_USDT_SWAP",
    "ICP_USDT_SWAP",
    "ICX_USDT_SWAP",
    "INJ_USDT_SWAP",
    "IOST_USDT_SWAP",
    "JELLYJELLY_USDT_SWAP",
    "KMNO_USDT_SWAP",
    "LINK_USDT_SWAP",
    "LRC_USDT_SWAP",
    "LTC_USDT_SWAP",
    "LUNA_USDT_SWAP",
    "MAGIC_USDT_SWAP",
    "MEME_USDT_SWAP",
    "MERL_USDT_SWAP",
    "MEW_USDT_SWAP",
    "MINA_USDT_SWAP",
    "MOODENG_USDT_SWAP",
    "MOVE_USDT_SWAP",
    "MUBARAK_USDT_SWAP",
    "NEAR_USDT_SWAP",
    "NEIRO_USDT_SWAP",
    "NOT_USDT_SWAP",
    "ONE_USDT_SWAP",
    "ONT_USDT_SWAP",
    "OP_USDT_SWAP",
    "PARTI_USDT_SWAP",
    "PENGU_USDT_SWAP",
    "PEOPLE_USDT_SWAP",
    "PEPE_USDT_SWAP",
    "PLUME_USDT_SWAP",
    "PNUT_USDT_SWAP",
    "POL_USDT_SWAP",
    "PYTH_USDT_SWAP",
    "RESOLV_USDT_SWAP",
    "RSR_USDT_SWAP",
    "RVN_USDT_SWAP",
    "SATS_USDT_SWAP",
    "SHIB_USDT_SWAP",
    "SIGN_USDT_SWAP",
    "SOL_USDT_SWAP",
    "SOON_USDT_SWAP",
    "SOPH_USDT_SWAP",
    "STRK_USDT_SWAP",
    "SUI_USDT_SWAP",
    "TIA_USDT_SWAP",
    "TRX_USDT_SWAP",
    "TURBO_USDT_SWAP",
    "UNI_USDT_SWAP",
    "WIF_USDT_SWAP",
    "WOO_USDT_SWAP",
    "W_USDT_SWAP",
    "XLM_USDT_SWAP",
    "XRP_USDT_SWAP",
    "YGG_USDT_SWAP",
    "ZIL_USDT_SWAP",
    "ZK_USDT_SWAP"
  ]
}
[2026-07-24T09:35:00Z] chunk=94 exit=0 done_after=94
[2026-07-24T09:35:00Z] chunk=95 done=94/100
resume: skip 94 done symbols (94 marked); remain 6
swap series to scan: 1  workers=1  side=short  resume=True  signal_window=[2025-11-04 00:00:00+00:00, 2026-05-04 00:00:00+00:00)
  W_USDT_SWAP: 262 YOLO候选 (short)
  … progress 1/1
{
  "side": "short",
  "weights": "/Users/zhangzc/fable-trading/runs/detect/runs/detect/owner_side_short_tip_v1b/weights/best.pt",
  "series_this_chunk": 1,
  "candidates_so_far": 24305,
  "symbols_so_far": 95,
  "pos_rate": 0.2842,
  "out": "data/judgment_yolo_owner_side_short_100_6m.csv",
  "workers": 1,
  "checkpoint": true,
  "signal_time_lo": "2025-11-04 00:00:00+00:00",
  "signal_time_hi": "2026-05-04 00:00:00+00:00",
  "symbols_filter": [
    "AAVE_USDT_SWAP",
    "ACH_USDT_SWAP",
    "ACT_USDT_SWAP",
    "ADA_USDT_SWAP",
    "AEVO_USDT_SWAP",
    "AIXBT_USDT_SWAP",
    "ANIME_USDT_SWAP",
    "APE_USDT_SWAP",
    "APT_USDT_SWAP",
    "ARB_USDT_SWAP",
    "ATH_USDT_SWAP",
    "ATOM_USDT_SWAP",
    "AVAX_USDT_SWAP",
    "BABY_USDT_SWAP",
    "BCH_USDT_SWAP",
    "BICO_USDT_SWAP",
    "BIGTIME_USDT_SWAP",
    "BIO_USDT_SWAP",
    "BLUR_USDT_SWAP",
    "BNB_USDT_SWAP",
    "BOME_USDT_SWAP",
    "BONK_USDT_SWAP",
    "BRETT_USDT_SWAP",
    "BTC_USDT_SWAP",
    "CFX_USDT_SWAP",
    "CHZ_USDT_SWAP",
    "CORE_USDT_SWAP",
    "CRO_USDT_SWAP",
    "DOGE_USDT_SWAP",
    "DOOD_USDT_SWAP",
    "DOT_USDT_SWAP",
    "DYDX_USDT_SWAP",
    "ENJ_USDT_SWAP",
    "ETC_USDT_SWAP",
    "ETH_USDT_SWAP",
    "FIL_USDT_SWAP",
    "FLOKI_USDT_SWAP",
    "GALA_USDT_SWAP",
    "GMT_USDT_SWAP",
    "GPS_USDT_SWAP",
    "GRT_USDT_SWAP",
    "HBAR_USDT_SWAP",
    "HMSTR_USDT_SWAP",
    "HOME_USDT_SWAP",
    "HUMA_USDT_SWAP",
    "ICP_USDT_SWAP",
    "ICX_USDT_SWAP",
    "INJ_USDT_SWAP",
    "IOST_USDT_SWAP",
    "JELLYJELLY_USDT_SWAP",
    "KMNO_USDT_SWAP",
    "LINK_USDT_SWAP",
    "LRC_USDT_SWAP",
    "LTC_USDT_SWAP",
    "LUNA_USDT_SWAP",
    "MAGIC_USDT_SWAP",
    "MEME_USDT_SWAP",
    "MERL_USDT_SWAP",
    "MEW_USDT_SWAP",
    "MINA_USDT_SWAP",
    "MOODENG_USDT_SWAP",
    "MOVE_USDT_SWAP",
    "MUBARAK_USDT_SWAP",
    "NEAR_USDT_SWAP",
    "NEIRO_USDT_SWAP",
    "NOT_USDT_SWAP",
    "ONE_USDT_SWAP",
    "ONT_USDT_SWAP",
    "OP_USDT_SWAP",
    "PARTI_USDT_SWAP",
    "PENGU_USDT_SWAP",
    "PEOPLE_USDT_SWAP",
    "PEPE_USDT_SWAP",
    "PLUME_USDT_SWAP",
    "PNUT_USDT_SWAP",
    "POL_USDT_SWAP",
    "PYTH_USDT_SWAP",
    "RESOLV_USDT_SWAP",
    "RSR_USDT_SWAP",
    "RVN_USDT_SWAP",
    "SATS_USDT_SWAP",
    "SHIB_USDT_SWAP",
    "SIGN_USDT_SWAP",
    "SOL_USDT_SWAP",
    "SOON_USDT_SWAP",
    "SOPH_USDT_SWAP",
    "STRK_USDT_SWAP",
    "SUI_USDT_SWAP",
    "TIA_USDT_SWAP",
    "TRX_USDT_SWAP",
    "TURBO_USDT_SWAP",
    "UNI_USDT_SWAP",
    "WIF_USDT_SWAP",
    "WOO_USDT_SWAP",
    "W_USDT_SWAP",
    "XLM_USDT_SWAP",
    "XRP_USDT_SWAP",
    "YGG_USDT_SWAP",
    "ZIL_USDT_SWAP",
    "ZK_USDT_SWAP"
  ]
}
[2026-07-24T09:35:35Z] chunk=95 exit=0 done_after=95
[2026-07-24T09:35:35Z] chunk=96 done=95/100
resume: skip 95 done symbols (95 marked); remain 5
swap series to scan: 1  workers=1  side=short  resume=True  signal_window=[2025-11-04 00:00:00+00:00, 2026-05-04 00:00:00+00:00)
  XLM_USDT_SWAP: 276 YOLO候选 (short)
  … progress 1/1
{
  "side": "short",
  "weights": "/Users/zhangzc/fable-trading/runs/detect/runs/detect/owner_side_short_tip_v1b/weights/best.pt",
  "series_this_chunk": 1,
  "candidates_so_far": 24581,
  "symbols_so_far": 96,
  "pos_rate": 0.2844,
  "out": "data/judgment_yolo_owner_side_short_100_6m.csv",
  "workers": 1,
  "checkpoint": true,
  "signal_time_lo": "2025-11-04 00:00:00+00:00",
  "signal_time_hi": "2026-05-04 00:00:00+00:00",
  "symbols_filter": [
    "AAVE_USDT_SWAP",
    "ACH_USDT_SWAP",
    "ACT_USDT_SWAP",
    "ADA_USDT_SWAP",
    "AEVO_USDT_SWAP",
    "AIXBT_USDT_SWAP",
    "ANIME_USDT_SWAP",
    "APE_USDT_SWAP",
    "APT_USDT_SWAP",
    "ARB_USDT_SWAP",
    "ATH_USDT_SWAP",
    "ATOM_USDT_SWAP",
    "AVAX_USDT_SWAP",
    "BABY_USDT_SWAP",
    "BCH_USDT_SWAP",
    "BICO_USDT_SWAP",
    "BIGTIME_USDT_SWAP",
    "BIO_USDT_SWAP",
    "BLUR_USDT_SWAP",
    "BNB_USDT_SWAP",
    "BOME_USDT_SWAP",
    "BONK_USDT_SWAP",
    "BRETT_USDT_SWAP",
    "BTC_USDT_SWAP",
    "CFX_USDT_SWAP",
    "CHZ_USDT_SWAP",
    "CORE_USDT_SWAP",
    "CRO_USDT_SWAP",
    "DOGE_USDT_SWAP",
    "DOOD_USDT_SWAP",
    "DOT_USDT_SWAP",
    "DYDX_USDT_SWAP",
    "ENJ_USDT_SWAP",
    "ETC_USDT_SWAP",
    "ETH_USDT_SWAP",
    "FIL_USDT_SWAP",
    "FLOKI_USDT_SWAP",
    "GALA_USDT_SWAP",
    "GMT_USDT_SWAP",
    "GPS_USDT_SWAP",
    "GRT_USDT_SWAP",
    "HBAR_USDT_SWAP",
    "HMSTR_USDT_SWAP",
    "HOME_USDT_SWAP",
    "HUMA_USDT_SWAP",
    "ICP_USDT_SWAP",
    "ICX_USDT_SWAP",
    "INJ_USDT_SWAP",
    "IOST_USDT_SWAP",
    "JELLYJELLY_USDT_SWAP",
    "KMNO_USDT_SWAP",
    "LINK_USDT_SWAP",
    "LRC_USDT_SWAP",
    "LTC_USDT_SWAP",
    "LUNA_USDT_SWAP",
    "MAGIC_USDT_SWAP",
    "MEME_USDT_SWAP",
    "MERL_USDT_SWAP",
    "MEW_USDT_SWAP",
    "MINA_USDT_SWAP",
    "MOODENG_USDT_SWAP",
    "MOVE_USDT_SWAP",
    "MUBARAK_USDT_SWAP",
    "NEAR_USDT_SWAP",
    "NEIRO_USDT_SWAP",
    "NOT_USDT_SWAP",
    "ONE_USDT_SWAP",
    "ONT_USDT_SWAP",
    "OP_USDT_SWAP",
    "PARTI_USDT_SWAP",
    "PENGU_USDT_SWAP",
    "PEOPLE_USDT_SWAP",
    "PEPE_USDT_SWAP",
    "PLUME_USDT_SWAP",
    "PNUT_USDT_SWAP",
    "POL_USDT_SWAP",
    "PYTH_USDT_SWAP",
    "RESOLV_USDT_SWAP",
    "RSR_USDT_SWAP",
    "RVN_USDT_SWAP",
    "SATS_USDT_SWAP",
    "SHIB_USDT_SWAP",
    "SIGN_USDT_SWAP",
    "SOL_USDT_SWAP",
    "SOON_USDT_SWAP",
    "SOPH_USDT_SWAP",
    "STRK_USDT_SWAP",
    "SUI_USDT_SWAP",
    "TIA_USDT_SWAP",
    "TRX_USDT_SWAP",
    "TURBO_USDT_SWAP",
    "UNI_USDT_SWAP",
    "WIF_USDT_SWAP",
    "WOO_USDT_SWAP",
    "W_USDT_SWAP",
    "XLM_USDT_SWAP",
    "XRP_USDT_SWAP",
    "YGG_USDT_SWAP",
    "ZIL_USDT_SWAP",
    "ZK_USDT_SWAP"
  ]
}
[2026-07-24T09:36:11Z] chunk=96 exit=0 done_after=96
[2026-07-24T09:36:11Z] chunk=97 done=96/100
resume: skip 96 done symbols (96 marked); remain 4
swap series to scan: 1  workers=1  side=short  resume=True  signal_window=[2025-11-04 00:00:00+00:00, 2026-05-04 00:00:00+00:00)
  XRP_USDT_SWAP: 258 YOLO候选 (short)
  … progress 1/1
{
  "side": "short",
  "weights": "/Users/zhangzc/fable-trading/runs/detect/runs/detect/owner_side_short_tip_v1b/weights/best.pt",
  "series_this_chunk": 1,
  "candidates_so_far": 24839,
  "symbols_so_far": 97,
  "pos_rate": 0.2844,
  "out": "data/judgment_yolo_owner_side_short_100_6m.csv",
  "workers": 1,
  "checkpoint": true,
  "signal_time_lo": "2025-11-04 00:00:00+00:00",
  "signal_time_hi": "2026-05-04 00:00:00+00:00",
  "symbols_filter": [
    "AAVE_USDT_SWAP",
    "ACH_USDT_SWAP",
    "ACT_USDT_SWAP",
    "ADA_USDT_SWAP",
    "AEVO_USDT_SWAP",
    "AIXBT_USDT_SWAP",
    "ANIME_USDT_SWAP",
    "APE_USDT_SWAP",
    "APT_USDT_SWAP",
    "ARB_USDT_SWAP",
    "ATH_USDT_SWAP",
    "ATOM_USDT_SWAP",
    "AVAX_USDT_SWAP",
    "BABY_USDT_SWAP",
    "BCH_USDT_SWAP",
    "BICO_USDT_SWAP",
    "BIGTIME_USDT_SWAP",
    "BIO_USDT_SWAP",
    "BLUR_USDT_SWAP",
    "BNB_USDT_SWAP",
    "BOME_USDT_SWAP",
    "BONK_USDT_SWAP",
    "BRETT_USDT_SWAP",
    "BTC_USDT_SWAP",
    "CFX_USDT_SWAP",
    "CHZ_USDT_SWAP",
    "CORE_USDT_SWAP",
    "CRO_USDT_SWAP",
    "DOGE_USDT_SWAP",
    "DOOD_USDT_SWAP",
    "DOT_USDT_SWAP",
    "DYDX_USDT_SWAP",
    "ENJ_USDT_SWAP",
    "ETC_USDT_SWAP",
    "ETH_USDT_SWAP",
    "FIL_USDT_SWAP",
    "FLOKI_USDT_SWAP",
    "GALA_USDT_SWAP",
    "GMT_USDT_SWAP",
    "GPS_USDT_SWAP",
    "GRT_USDT_SWAP",
    "HBAR_USDT_SWAP",
    "HMSTR_USDT_SWAP",
    "HOME_USDT_SWAP",
    "HUMA_USDT_SWAP",
    "ICP_USDT_SWAP",
    "ICX_USDT_SWAP",
    "INJ_USDT_SWAP",
    "IOST_USDT_SWAP",
    "JELLYJELLY_USDT_SWAP",
    "KMNO_USDT_SWAP",
    "LINK_USDT_SWAP",
    "LRC_USDT_SWAP",
    "LTC_USDT_SWAP",
    "LUNA_USDT_SWAP",
    "MAGIC_USDT_SWAP",
    "MEME_USDT_SWAP",
    "MERL_USDT_SWAP",
    "MEW_USDT_SWAP",
    "MINA_USDT_SWAP",
    "MOODENG_USDT_SWAP",
    "MOVE_USDT_SWAP",
    "MUBARAK_USDT_SWAP",
    "NEAR_USDT_SWAP",
    "NEIRO_USDT_SWAP",
    "NOT_USDT_SWAP",
    "ONE_USDT_SWAP",
    "ONT_USDT_SWAP",
    "OP_USDT_SWAP",
    "PARTI_USDT_SWAP",
    "PENGU_USDT_SWAP",
    "PEOPLE_USDT_SWAP",
    "PEPE_USDT_SWAP",
    "PLUME_USDT_SWAP",
    "PNUT_USDT_SWAP",
    "POL_USDT_SWAP",
    "PYTH_USDT_SWAP",
    "RESOLV_USDT_SWAP",
    "RSR_USDT_SWAP",
    "RVN_USDT_SWAP",
    "SATS_USDT_SWAP",
    "SHIB_USDT_SWAP",
    "SIGN_USDT_SWAP",
    "SOL_USDT_SWAP",
    "SOON_USDT_SWAP",
    "SOPH_USDT_SWAP",
    "STRK_USDT_SWAP",
    "SUI_USDT_SWAP",
    "TIA_USDT_SWAP",
    "TRX_USDT_SWAP",
    "TURBO_USDT_SWAP",
    "UNI_USDT_SWAP",
    "WIF_USDT_SWAP",
    "WOO_USDT_SWAP",
    "W_USDT_SWAP",
    "XLM_USDT_SWAP",
    "XRP_USDT_SWAP",
    "YGG_USDT_SWAP",
    "ZIL_USDT_SWAP",
    "ZK_USDT_SWAP"
  ]
}
[2026-07-24T09:36:46Z] chunk=97 exit=0 done_after=97
[2026-07-24T09:36:46Z] chunk=98 done=97/100
resume: skip 97 done symbols (97 marked); remain 3
swap series to scan: 1  workers=1  side=short  resume=True  signal_window=[2025-11-04 00:00:00+00:00, 2026-05-04 00:00:00+00:00)
  YGG_USDT_SWAP: 250 YOLO候选 (short)
  … progress 1/1
{
  "side": "short",
  "weights": "/Users/zhangzc/fable-trading/runs/detect/runs/detect/owner_side_short_tip_v1b/weights/best.pt",
  "series_this_chunk": 1,
  "candidates_so_far": 25089,
  "symbols_so_far": 98,
  "pos_rate": 0.2842,
  "out": "data/judgment_yolo_owner_side_short_100_6m.csv",
  "workers": 1,
  "checkpoint": true,
  "signal_time_lo": "2025-11-04 00:00:00+00:00",
  "signal_time_hi": "2026-05-04 00:00:00+00:00",
  "symbols_filter": [
    "AAVE_USDT_SWAP",
    "ACH_USDT_SWAP",
    "ACT_USDT_SWAP",
    "ADA_USDT_SWAP",
    "AEVO_USDT_SWAP",
    "AIXBT_USDT_SWAP",
    "ANIME_USDT_SWAP",
    "APE_USDT_SWAP",
    "APT_USDT_SWAP",
    "ARB_USDT_SWAP",
    "ATH_USDT_SWAP",
    "ATOM_USDT_SWAP",
    "AVAX_USDT_SWAP",
    "BABY_USDT_SWAP",
    "BCH_USDT_SWAP",
    "BICO_USDT_SWAP",
    "BIGTIME_USDT_SWAP",
    "BIO_USDT_SWAP",
    "BLUR_USDT_SWAP",
    "BNB_USDT_SWAP",
    "BOME_USDT_SWAP",
    "BONK_USDT_SWAP",
    "BRETT_USDT_SWAP",
    "BTC_USDT_SWAP",
    "CFX_USDT_SWAP",
    "CHZ_USDT_SWAP",
    "CORE_USDT_SWAP",
    "CRO_USDT_SWAP",
    "DOGE_USDT_SWAP",
    "DOOD_USDT_SWAP",
    "DOT_USDT_SWAP",
    "DYDX_USDT_SWAP",
    "ENJ_USDT_SWAP",
    "ETC_USDT_SWAP",
    "ETH_USDT_SWAP",
    "FIL_USDT_SWAP",
    "FLOKI_USDT_SWAP",
    "GALA_USDT_SWAP",
    "GMT_USDT_SWAP",
    "GPS_USDT_SWAP",
    "GRT_USDT_SWAP",
    "HBAR_USDT_SWAP",
    "HMSTR_USDT_SWAP",
    "HOME_USDT_SWAP",
    "HUMA_USDT_SWAP",
    "ICP_USDT_SWAP",
    "ICX_USDT_SWAP",
    "INJ_USDT_SWAP",
    "IOST_USDT_SWAP",
    "JELLYJELLY_USDT_SWAP",
    "KMNO_USDT_SWAP",
    "LINK_USDT_SWAP",
    "LRC_USDT_SWAP",
    "LTC_USDT_SWAP",
    "LUNA_USDT_SWAP",
    "MAGIC_USDT_SWAP",
    "MEME_USDT_SWAP",
    "MERL_USDT_SWAP",
    "MEW_USDT_SWAP",
    "MINA_USDT_SWAP",
    "MOODENG_USDT_SWAP",
    "MOVE_USDT_SWAP",
    "MUBARAK_USDT_SWAP",
    "NEAR_USDT_SWAP",
    "NEIRO_USDT_SWAP",
    "NOT_USDT_SWAP",
    "ONE_USDT_SWAP",
    "ONT_USDT_SWAP",
    "OP_USDT_SWAP",
    "PARTI_USDT_SWAP",
    "PENGU_USDT_SWAP",
    "PEOPLE_USDT_SWAP",
    "PEPE_USDT_SWAP",
    "PLUME_USDT_SWAP",
    "PNUT_USDT_SWAP",
    "POL_USDT_SWAP",
    "PYTH_USDT_SWAP",
    "RESOLV_USDT_SWAP",
    "RSR_USDT_SWAP",
    "RVN_USDT_SWAP",
    "SATS_USDT_SWAP",
    "SHIB_USDT_SWAP",
    "SIGN_USDT_SWAP",
    "SOL_USDT_SWAP",
    "SOON_USDT_SWAP",
    "SOPH_USDT_SWAP",
    "STRK_USDT_SWAP",
    "SUI_USDT_SWAP",
    "TIA_USDT_SWAP",
    "TRX_USDT_SWAP",
    "TURBO_USDT_SWAP",
    "UNI_USDT_SWAP",
    "WIF_USDT_SWAP",
    "WOO_USDT_SWAP",
    "W_USDT_SWAP",
    "XLM_USDT_SWAP",
    "XRP_USDT_SWAP",
    "YGG_USDT_SWAP",
    "ZIL_USDT_SWAP",
    "ZK_USDT_SWAP"
  ]
}
[2026-07-24T09:37:22Z] chunk=98 exit=0 done_after=98
[2026-07-24T09:37:22Z] chunk=99 done=98/100
resume: skip 98 done symbols (98 marked); remain 2
swap series to scan: 1  workers=1  side=short  resume=True  signal_window=[2025-11-04 00:00:00+00:00, 2026-05-04 00:00:00+00:00)
  ZIL_USDT_SWAP: 253 YOLO候选 (short)
  … progress 1/1
{
  "side": "short",
  "weights": "/Users/zhangzc/fable-trading/runs/detect/runs/detect/owner_side_short_tip_v1b/weights/best.pt",
  "series_this_chunk": 1,
  "candidates_so_far": 25342,
  "symbols_so_far": 99,
  "pos_rate": 0.2841,
  "out": "data/judgment_yolo_owner_side_short_100_6m.csv",
  "workers": 1,
  "checkpoint": true,
  "signal_time_lo": "2025-11-04 00:00:00+00:00",
  "signal_time_hi": "2026-05-04 00:00:00+00:00",
  "symbols_filter": [
    "AAVE_USDT_SWAP",
    "ACH_USDT_SWAP",
    "ACT_USDT_SWAP",
    "ADA_USDT_SWAP",
    "AEVO_USDT_SWAP",
    "AIXBT_USDT_SWAP",
    "ANIME_USDT_SWAP",
    "APE_USDT_SWAP",
    "APT_USDT_SWAP",
    "ARB_USDT_SWAP",
    "ATH_USDT_SWAP",
    "ATOM_USDT_SWAP",
    "AVAX_USDT_SWAP",
    "BABY_USDT_SWAP",
    "BCH_USDT_SWAP",
    "BICO_USDT_SWAP",
    "BIGTIME_USDT_SWAP",
    "BIO_USDT_SWAP",
    "BLUR_USDT_SWAP",
    "BNB_USDT_SWAP",
    "BOME_USDT_SWAP",
    "BONK_USDT_SWAP",
    "BRETT_USDT_SWAP",
    "BTC_USDT_SWAP",
    "CFX_USDT_SWAP",
    "CHZ_USDT_SWAP",
    "CORE_USDT_SWAP",
    "CRO_USDT_SWAP",
    "DOGE_USDT_SWAP",
    "DOOD_USDT_SWAP",
    "DOT_USDT_SWAP",
    "DYDX_USDT_SWAP",
    "ENJ_USDT_SWAP",
    "ETC_USDT_SWAP",
    "ETH_USDT_SWAP",
    "FIL_USDT_SWAP",
    "FLOKI_USDT_SWAP",
    "GALA_USDT_SWAP",
    "GMT_USDT_SWAP",
    "GPS_USDT_SWAP",
    "GRT_USDT_SWAP",
    "HBAR_USDT_SWAP",
    "HMSTR_USDT_SWAP",
    "HOME_USDT_SWAP",
    "HUMA_USDT_SWAP",
    "ICP_USDT_SWAP",
    "ICX_USDT_SWAP",
    "INJ_USDT_SWAP",
    "IOST_USDT_SWAP",
    "JELLYJELLY_USDT_SWAP",
    "KMNO_USDT_SWAP",
    "LINK_USDT_SWAP",
    "LRC_USDT_SWAP",
    "LTC_USDT_SWAP",
    "LUNA_USDT_SWAP",
    "MAGIC_USDT_SWAP",
    "MEME_USDT_SWAP",
    "MERL_USDT_SWAP",
    "MEW_USDT_SWAP",
    "MINA_USDT_SWAP",
    "MOODENG_USDT_SWAP",
    "MOVE_USDT_SWAP",
    "MUBARAK_USDT_SWAP",
    "NEAR_USDT_SWAP",
    "NEIRO_USDT_SWAP",
    "NOT_USDT_SWAP",
    "ONE_USDT_SWAP",
    "ONT_USDT_SWAP",
    "OP_USDT_SWAP",
    "PARTI_USDT_SWAP",
    "PENGU_USDT_SWAP",
    "PEOPLE_USDT_SWAP",
    "PEPE_USDT_SWAP",
    "PLUME_USDT_SWAP",
    "PNUT_USDT_SWAP",
    "POL_USDT_SWAP",
    "PYTH_USDT_SWAP",
    "RESOLV_USDT_SWAP",
    "RSR_USDT_SWAP",
    "RVN_USDT_SWAP",
    "SATS_USDT_SWAP",
    "SHIB_USDT_SWAP",
    "SIGN_USDT_SWAP",
    "SOL_USDT_SWAP",
    "SOON_USDT_SWAP",
    "SOPH_USDT_SWAP",
    "STRK_USDT_SWAP",
    "SUI_USDT_SWAP",
    "TIA_USDT_SWAP",
    "TRX_USDT_SWAP",
    "TURBO_USDT_SWAP",
    "UNI_USDT_SWAP",
    "WIF_USDT_SWAP",
    "WOO_USDT_SWAP",
    "W_USDT_SWAP",
    "XLM_USDT_SWAP",
    "XRP_USDT_SWAP",
    "YGG_USDT_SWAP",
    "ZIL_USDT_SWAP",
    "ZK_USDT_SWAP"
  ]
}
[2026-07-24T09:37:57Z] chunk=99 exit=0 done_after=99
[2026-07-24T09:37:57Z] chunk=100 done=99/100
resume: skip 99 done symbols (99 marked); remain 1
swap series to scan: 1  workers=1  side=short  resume=True  signal_window=[2025-11-04 00:00:00+00:00, 2026-05-04 00:00:00+00:00)
  ZK_USDT_SWAP: 260 YOLO候选 (short)
  … progress 1/1
{
  "side": "short",
  "weights": "/Users/zhangzc/fable-trading/runs/detect/runs/detect/owner_side_short_tip_v1b/weights/best.pt",
  "series_this_chunk": 1,
  "candidates_so_far": 25602,
  "symbols_so_far": 100,
  "pos_rate": 0.284,
  "out": "data/judgment_yolo_owner_side_short_100_6m.csv",
  "workers": 1,
  "checkpoint": true,
  "signal_time_lo": "2025-11-04 00:00:00+00:00",
  "signal_time_hi": "2026-05-04 00:00:00+00:00",
  "symbols_filter": [
    "AAVE_USDT_SWAP",
    "ACH_USDT_SWAP",
    "ACT_USDT_SWAP",
    "ADA_USDT_SWAP",
    "AEVO_USDT_SWAP",
    "AIXBT_USDT_SWAP",
    "ANIME_USDT_SWAP",
    "APE_USDT_SWAP",
    "APT_USDT_SWAP",
    "ARB_USDT_SWAP",
    "ATH_USDT_SWAP",
    "ATOM_USDT_SWAP",
    "AVAX_USDT_SWAP",
    "BABY_USDT_SWAP",
    "BCH_USDT_SWAP",
    "BICO_USDT_SWAP",
    "BIGTIME_USDT_SWAP",
    "BIO_USDT_SWAP",
    "BLUR_USDT_SWAP",
    "BNB_USDT_SWAP",
    "BOME_USDT_SWAP",
    "BONK_USDT_SWAP",
    "BRETT_USDT_SWAP",
    "BTC_USDT_SWAP",
    "CFX_USDT_SWAP",
    "CHZ_USDT_SWAP",
    "CORE_USDT_SWAP",
    "CRO_USDT_SWAP",
    "DOGE_USDT_SWAP",
    "DOOD_USDT_SWAP",
    "DOT_USDT_SWAP",
    "DYDX_USDT_SWAP",
    "ENJ_USDT_SWAP",
    "ETC_USDT_SWAP",
    "ETH_USDT_SWAP",
    "FIL_USDT_SWAP",
    "FLOKI_USDT_SWAP",
    "GALA_USDT_SWAP",
    "GMT_USDT_SWAP",
    "GPS_USDT_SWAP",
    "GRT_USDT_SWAP",
    "HBAR_USDT_SWAP",
    "HMSTR_USDT_SWAP",
    "HOME_USDT_SWAP",
    "HUMA_USDT_SWAP",
    "ICP_USDT_SWAP",
    "ICX_USDT_SWAP",
    "INJ_USDT_SWAP",
    "IOST_USDT_SWAP",
    "JELLYJELLY_USDT_SWAP",
    "KMNO_USDT_SWAP",
    "LINK_USDT_SWAP",
    "LRC_USDT_SWAP",
    "LTC_USDT_SWAP",
    "LUNA_USDT_SWAP",
    "MAGIC_USDT_SWAP",
    "MEME_USDT_SWAP",
    "MERL_USDT_SWAP",
    "MEW_USDT_SWAP",
    "MINA_USDT_SWAP",
    "MOODENG_USDT_SWAP",
    "MOVE_USDT_SWAP",
    "MUBARAK_USDT_SWAP",
    "NEAR_USDT_SWAP",
    "NEIRO_USDT_SWAP",
    "NOT_USDT_SWAP",
    "ONE_USDT_SWAP",
    "ONT_USDT_SWAP",
    "OP_USDT_SWAP",
    "PARTI_USDT_SWAP",
    "PENGU_USDT_SWAP",
    "PEOPLE_USDT_SWAP",
    "PEPE_USDT_SWAP",
    "PLUME_USDT_SWAP",
    "PNUT_USDT_SWAP",
    "POL_USDT_SWAP",
    "PYTH_USDT_SWAP",
    "RESOLV_USDT_SWAP",
    "RSR_USDT_SWAP",
    "RVN_USDT_SWAP",
    "SATS_USDT_SWAP",
    "SHIB_USDT_SWAP",
    "SIGN_USDT_SWAP",
    "SOL_USDT_SWAP",
    "SOON_USDT_SWAP",
    "SOPH_USDT_SWAP",
    "STRK_USDT_SWAP",
    "SUI_USDT_SWAP",
    "TIA_USDT_SWAP",
    "TRX_USDT_SWAP",
    "TURBO_USDT_SWAP",
    "UNI_USDT_SWAP",
    "WIF_USDT_SWAP",
    "WOO_USDT_SWAP",
    "W_USDT_SWAP",
    "XLM_USDT_SWAP",
    "XRP_USDT_SWAP",
    "YGG_USDT_SWAP",
    "ZIL_USDT_SWAP",
    "ZK_USDT_SWAP"
  ]
}
[2026-07-24T09:38:33Z] chunk=100 exit=0 done_after=100
[2026-07-24T09:38:33Z] complete: done=100 / 100
{
  "side": "short",
  "weights": "/Users/zhangzc/fable-trading/runs/detect/runs/detect/owner_side_short_tip_v1b/weights/best.pt",
  "candidates": 25602,
  "symbols": 100,
  "pos_rate": 0.284,
  "out": "data/judgment_yolo_owner_side_short_100_6m.csv",
  "features": [
    "ma_spread_pct",
    "full_spread",
    "fast_slow_gap",
    "full_ratio_min48",
    "spread_mean8",
    "spread_mean24",
    "spread_chg8",
    "spread_chg24",
    "spread_pos96",
    "dense_run_len",
    "dense_frac48",
    "ext_up",
    "close_vs_ema55",
    "close_vs_ema200",
    "order_score",
    "slow_slope_12",
    "volume_ratio",
    "volume_z",
    "vol_ratio_mean8",
    "atr_pct",
    "atr_pct_ratio96",
    "pre_range48",
    "pre_range168",
    "drawdown24",
    "ret_4",
    "ret_12",
    "ret_24",
    "ret_48"
  ],
  "finalize": true,
  "signal_time_lo": "2025-11-04 00:00:00+00:00",
  "signal_time_hi": "2026-05-04 00:00:00+00:00"
}
[2026-07-24T09:38:34Z] driver done
[2026-08-13T15:21:05Z] driver start chunk=1 device=cpu weights=runs/detect/runs/detect/owner_side_short_tip_v1b/weights/best.pt out=data/judgment_yolo_owner_side_short_100_6m.csv symbols_file=analysis/output/yolo_short_100_6m_symbols.txt months=6 end_before=2026-05-04 start_time=none
[2026-08-13T15:21:06Z] complete: done=100 / 100
{
  "side": "short",
  "weights": "/Users/zhangzc/fable-trading/runs/detect/runs/detect/owner_side_short_tip_v1b/weights/best.pt",
  "candidates": 25602,
  "symbols": 100,
  "pos_rate": 0.284,
  "out": "data/judgment_yolo_owner_side_short_100_6m.csv",
  "features": [
    "ma_spread_pct",
    "full_spread",
    "fast_slow_gap",
    "full_ratio_min48",
    "spread_mean8",
    "spread_mean24",
    "spread_chg8",
    "spread_chg24",
    "spread_pos96",
    "dense_run_len",
    "dense_frac48",
    "ext_up",
    "close_vs_ema55",
    "close_vs_ema200",
    "order_score",
    "slow_slope_12",
    "volume_ratio",
    "volume_z",
    "vol_ratio_mean8",
    "atr_pct",
    "atr_pct_ratio96",
    "pre_range48",
    "pre_range168",
    "drawdown24",
    "ret_4",
    "ret_12",
    "ret_24",
    "ret_48"
  ],
  "finalize": true,
  "signal_time_lo": "2025-11-04 00:00:00+00:00",
  "signal_time_hi": "2026-05-04 00:00:00+00:00"
}
[2026-08-13T15:21:09Z] driver done
