{"done": 1, "target": 3531, "failures": 0, "seconds": 0.4}
/Users/zhangzc/fable-trading/yoyo/evaluation/spike_high_r_entry_study.py:179: FutureWarning: The behavior of DataFrame concatenation with empty or all-NA entries is deprecated. In a future version, this will no longer exclude empty or all-NA columns when determining the result dtypes. To retain the old behavior, exclude the relevant entries before the concat operation.
  "controls": pd.concat([oldc, newc], ignore_index=True),
/Users/zhangzc/fable-trading/yoyo/evaluation/spike_high_r_entry_study.py:179: FutureWarning: The behavior of DataFrame concatenation with empty or all-NA entries is deprecated. In a future version, this will no longer exclude empty or all-NA columns when determining the result dtypes. To retain the old behavior, exclude the relevant entries before the concat operation.
  "controls": pd.concat([oldc, newc], ignore_index=True),
/Users/zhangzc/fable-trading/yoyo/evaluation/spike_high_r_entry_study.py:179: FutureWarning: The behavior of DataFrame concatenation with empty or all-NA entries is deprecated. In a future version, this will no longer exclude empty or all-NA columns when determining the result dtypes. To retain the old behavior, exclude the relevant entries before the concat operation.
  "controls": pd.concat([oldc, newc], ignore_index=True),
/Users/zhangzc/fable-trading/yoyo/evaluation/spike_high_r_entry_study.py:179: FutureWarning: The behavior of DataFrame concatenation with empty or all-NA entries is deprecated. In a future version, this will no longer exclude empty or all-NA columns when determining the result dtypes. To retain the old behavior, exclude the relevant entries before the concat operation.
  "controls": pd.concat([oldc, newc], ignore_index=True),
/Users/zhangzc/fable-trading/yoyo/evaluation/spike_high_r_entry_study.py:179: FutureWarning: The behavior of DataFrame concatenation with empty or all-NA entries is deprecated. In a future version, this will no longer exclude empty or all-NA columns when determining the result dtypes. To retain the old behavior, exclude the relevant entries before the concat operation.
  "controls": pd.concat([oldc, newc], ignore_index=True),
/Users/zhangzc/fable-trading/yoyo/evaluation/spike_high_r_entry_study.py:179: FutureWarning: The behavior of DataFrame concatenation with empty or all-NA entries is deprecated. In a future version, this will no longer exclude empty or all-NA columns when determining the result dtypes. To retain the old behavior, exclude the relevant entries before the concat operation.
  "controls": pd.concat([oldc, newc], ignore_index=True),
/Users/zhangzc/fable-trading/yoyo/evaluation/spike_high_r_entry_study.py:179: FutureWarning: The behavior of DataFrame concatenation with empty or all-NA entries is deprecated. In a future version, this will no longer exclude empty or all-NA columns when determining the result dtypes. To retain the old behavior, exclude the relevant entries before the concat operation.
  "controls": pd.concat([oldc, newc], ignore_index=True),
{"done": 50, "target": 3531, "failures": 0, "seconds": 1.4}
/Users/zhangzc/fable-trading/yoyo/evaluation/spike_high_r_entry_study.py:179: FutureWarning: The behavior of DataFrame concatenation with empty or all-NA entries is deprecated. In a future version, this will no longer exclude empty or all-NA columns when determining the result dtypes. To retain the old behavior, exclude the relevant entries before the concat operation.
  "controls": pd.concat([oldc, newc], ignore_index=True),
/Users/zhangzc/fable-trading/yoyo/evaluation/spike_high_r_entry_study.py:179: FutureWarning: The behavior of DataFrame concatenation with empty or all-NA entries is deprecated. In a future version, this will no longer exclude empty or all-NA columns when determining the result dtypes. To retain the old behavior, exclude the relevant entries before the concat operation.
  "controls": pd.concat([oldc, newc], ignore_index=True),
/Users/zhangzc/fable-trading/yoyo/evaluation/spike_high_r_entry_study.py:179: FutureWarning: The behavior of DataFrame concatenation with empty or all-NA entries is deprecated. In a future version, this will no longer exclude empty or all-NA columns when determining the result dtypes. To retain the old behavior, exclude the relevant entries before the concat operation.
  "controls": pd.concat([oldc, newc], ignore_index=True),
/Users/zhangzc/fable-trading/yoyo/evaluation/spike_high_r_entry_study.py:178: FutureWarning: The behavior of DataFrame concatenation with empty or all-NA entries is deprecated. In a future version, this will no longer exclude empty or all-NA columns when determining the result dtypes. To retain the old behavior, exclude the relevant entries before the concat operation.
  tables = {"trades": pd.concat([baseline, treatment], ignore_index=True),
/Users/zhangzc/fable-trading/yoyo/evaluation/spike_high_r_entry_study.py:179: FutureWarning: The behavior of DataFrame concatenation with empty or all-NA entries is deprecated. In a future version, this will no longer exclude empty or all-NA columns when determining the result dtypes. To retain the old behavior, exclude the relevant entries before the concat operation.
  "controls": pd.concat([oldc, newc], ignore_index=True),
/Users/zhangzc/fable-trading/yoyo/evaluation/spike_high_r_entry_study.py:180: FutureWarning: The behavior of DataFrame concatenation with empty or all-NA entries is deprecated. In a future version, this will no longer exclude empty or all-NA columns when determining the result dtypes. To retain the old behavior, exclude the relevant entries before the concat operation.
  "fills": pd.concat([tag(bf, "baseline"), tag(tf, "high_r_entry_v2")], ignore_index=True),
/Users/zhangzc/fable-trading/yoyo/evaluation/spike_high_r_entry_study.py:179: FutureWarning: The behavior of DataFrame concatenation with empty or all-NA entries is deprecated. In a future version, this will no longer exclude empty or all-NA columns when determining the result dtypes. To retain the old behavior, exclude the relevant entries before the concat operation.
  "controls": pd.concat([oldc, newc], ignore_index=True),
/Users/zhangzc/fable-trading/yoyo/evaluation/spike_high_r_entry_study.py:179: FutureWarning: The behavior of DataFrame concatenation with empty or all-NA entries is deprecated. In a future version, this will no longer exclude empty or all-NA columns when determining the result dtypes. To retain the old behavior, exclude the relevant entries before the concat operation.
  "controls": pd.concat([oldc, newc], ignore_index=True),
/Users/zhangzc/fable-trading/yoyo/evaluation/spike_high_r_entry_study.py:179: FutureWarning: The behavior of DataFrame concatenation with empty or all-NA entries is deprecated. In a future version, this will no longer exclude empty or all-NA columns when determining the result dtypes. To retain the old behavior, exclude the relevant entries before the concat operation.
  "controls": pd.concat([oldc, newc], ignore_index=True),
/Users/zhangzc/fable-trading/yoyo/evaluation/spike_high_r_entry_study.py:179: FutureWarning: The behavior of DataFrame concatenation with empty or all-NA entries is deprecated. In a future version, this will no longer exclude empty or all-NA columns when determining the result dtypes. To retain the old behavior, exclude the relevant entries before the concat operation.
  "controls": pd.concat([oldc, newc], ignore_index=True),
/Users/zhangzc/fable-trading/yoyo/evaluation/spike_high_r_entry_study.py:179: FutureWarning: The behavior of DataFrame concatenation with empty or all-NA entries is deprecated. In a future version, this will no longer exclude empty or all-NA columns when determining the result dtypes. To retain the old behavior, exclude the relevant entries before the concat operation.
  "controls": pd.concat([oldc, newc], ignore_index=True),
{"done": 100, "target": 3531, "failures": 0, "seconds": 2.4}
/Users/zhangzc/fable-trading/yoyo/evaluation/spike_high_r_entry_study.py:179: FutureWarning: The behavior of DataFrame concatenation with empty or all-NA entries is deprecated. In a future version, this will no longer exclude empty or all-NA columns when determining the result dtypes. To retain the old behavior, exclude the relevant entries before the concat operation.
  "controls": pd.concat([oldc, newc], ignore_index=True),
/Users/zhangzc/fable-trading/yoyo/evaluation/spike_high_r_entry_study.py:178: FutureWarning: The behavior of DataFrame concatenation with empty or all-NA entries is deprecated. In a future version, this will no longer exclude empty or all-NA columns when determining the result dtypes. To retain the old behavior, exclude the relevant entries before the concat operation.
  tables = {"trades": pd.concat([baseline, treatment], ignore_index=True),
/Users/zhangzc/fable-trading/yoyo/evaluation/spike_high_r_entry_study.py:179: FutureWarning: The behavior of DataFrame concatenation with empty or all-NA entries is deprecated. In a future version, this will no longer exclude empty or all-NA columns when determining the result dtypes. To retain the old behavior, exclude the relevant entries before the concat operation.
  "controls": pd.concat([oldc, newc], ignore_index=True),
/Users/zhangzc/fable-trading/yoyo/evaluation/spike_high_r_entry_study.py:180: FutureWarning: The behavior of DataFrame concatenation with empty or all-NA entries is deprecated. In a future version, this will no longer exclude empty or all-NA columns when determining the result dtypes. To retain the old behavior, exclude the relevant entries before the concat operation.
  "fills": pd.concat([tag(bf, "baseline"), tag(tf, "high_r_entry_v2")], ignore_index=True),
/Users/zhangzc/fable-trading/yoyo/evaluation/spike_high_r_entry_study.py:179: FutureWarning: The behavior of DataFrame concatenation with empty or all-NA entries is deprecated. In a future version, this will no longer exclude empty or all-NA columns when determining the result dtypes. To retain the old behavior, exclude the relevant entries before the concat operation.
  "controls": pd.concat([oldc, newc], ignore_index=True),
/Users/zhangzc/fable-trading/yoyo/evaluation/spike_high_r_entry_study.py:179: FutureWarning: The behavior of DataFrame concatenation with empty or all-NA entries is deprecated. In a future version, this will no longer exclude empty or all-NA columns when determining the result dtypes. To retain the old behavior, exclude the relevant entries before the concat operation.
  "controls": pd.concat([oldc, newc], ignore_index=True),
/Users/zhangzc/fable-trading/yoyo/evaluation/spike_high_r_entry_study.py:178: FutureWarning: The behavior of DataFrame concatenation with empty or all-NA entries is deprecated. In a future version, this will no longer exclude empty or all-NA columns when determining the result dtypes. To retain the old behavior, exclude the relevant entries before the concat operation.
  tables = {"trades": pd.concat([baseline, treatment], ignore_index=True),
/Users/zhangzc/fable-trading/yoyo/evaluation/spike_high_r_entry_study.py:179: FutureWarning: The behavior of DataFrame concatenation with empty or all-NA entries is deprecated. In a future version, this will no longer exclude empty or all-NA columns when determining the result dtypes. To retain the old behavior, exclude the relevant entries before the concat operation.
  "controls": pd.concat([oldc, newc], ignore_index=True),
/Users/zhangzc/fable-trading/yoyo/evaluation/spike_high_r_entry_study.py:180: FutureWarning: The behavior of DataFrame concatenation with empty or all-NA entries is deprecated. In a future version, this will no longer exclude empty or all-NA columns when determining the result dtypes. To retain the old behavior, exclude the relevant entries before the concat operation.
  "fills": pd.concat([tag(bf, "baseline"), tag(tf, "high_r_entry_v2")], ignore_index=True),
/Users/zhangzc/fable-trading/yoyo/evaluation/spike_high_r_entry_study.py:179: FutureWarning: The behavior of DataFrame concatenation with empty or all-NA entries is deprecated. In a future version, this will no longer exclude empty or all-NA columns when determining the result dtypes. To retain the old behavior, exclude the relevant entries before the concat operation.
  "controls": pd.concat([oldc, newc], ignore_index=True),
/Users/zhangzc/fable-trading/yoyo/evaluation/spike_high_r_entry_study.py:179: FutureWarning: The behavior of DataFrame concatenation with empty or all-NA entries is deprecated. In a future version, this will no longer exclude empty or all-NA columns when determining the result dtypes. To retain the old behavior, exclude the relevant entries before the concat operation.
  "controls": pd.concat([oldc, newc], ignore_index=True),
/Users/zhangzc/fable-trading/yoyo/evaluation/spike_high_r_entry_study.py:179: FutureWarning: The behavior of DataFrame concatenation with empty or all-NA entries is deprecated. In a future version, this will no longer exclude empty or all-NA columns when determining the result dtypes. To retain the old behavior, exclude the relevant entries before the concat operation.
  "controls": pd.concat([oldc, newc], ignore_index=True),
{"done": 150, "target": 3531, "failures": 0, "seconds": 3.3}
/Users/zhangzc/fable-trading/yoyo/evaluation/spike_high_r_entry_study.py:179: FutureWarning: The behavior of DataFrame concatenation with empty or all-NA entries is deprecated. In a future version, this will no longer exclude empty or all-NA columns when determining the result dtypes. To retain the old behavior, exclude the relevant entries before the concat operation.
  "controls": pd.concat([oldc, newc], ignore_index=True),
/Users/zhangzc/fable-trading/yoyo/evaluation/spike_high_r_entry_study.py:179: FutureWarning: The behavior of DataFrame concatenation with empty or all-NA entries is deprecated. In a future version, this will no longer exclude empty or all-NA columns when determining the result dtypes. To retain the old behavior, exclude the relevant entries before the concat operation.
  "controls": pd.concat([oldc, newc], ignore_index=True),
/Users/zhangzc/fable-trading/yoyo/evaluation/spike_high_r_entry_study.py:179: FutureWarning: The behavior of DataFrame concatenation with empty or all-NA entries is deprecated. In a future version, this will no longer exclude empty or all-NA columns when determining the result dtypes. To retain the old behavior, exclude the relevant entries before the concat operation.
  "controls": pd.concat([oldc, newc], ignore_index=True),
/Users/zhangzc/fable-trading/yoyo/evaluation/spike_high_r_entry_study.py:178: FutureWarning: The behavior of DataFrame concatenation with empty or all-NA entries is deprecated. In a future version, this will no longer exclude empty or all-NA columns when determining the result dtypes. To retain the old behavior, exclude the relevant entries before the concat operation.
  tables = {"trades": pd.concat([baseline, treatment], ignore_index=True),
/Users/zhangzc/fable-trading/yoyo/evaluation/spike_high_r_entry_study.py:179: FutureWarning: The behavior of DataFrame concatenation with empty or all-NA entries is deprecated. In a future version, this will no longer exclude empty or all-NA columns when determining the result dtypes. To retain the old behavior, exclude the relevant entries before the concat operation.
  "controls": pd.concat([oldc, newc], ignore_index=True),
/Users/zhangzc/fable-trading/yoyo/evaluation/spike_high_r_entry_study.py:180: FutureWarning: The behavior of DataFrame concatenation with empty or all-NA entries is deprecated. In a future version, this will no longer exclude empty or all-NA columns when determining the result dtypes. To retain the old behavior, exclude the relevant entries before the concat operation.
  "fills": pd.concat([tag(bf, "baseline"), tag(tf, "high_r_entry_v2")], ignore_index=True),
/Users/zhangzc/fable-trading/yoyo/evaluation/spike_high_r_entry_study.py:178: FutureWarning: The behavior of DataFrame concatenation with empty or all-NA entries is deprecated. In a future version, this will no longer exclude empty or all-NA columns when determining the result dtypes. To retain the old behavior, exclude the relevant entries before the concat operation.
  tables = {"trades": pd.concat([baseline, treatment], ignore_index=True),
/Users/zhangzc/fable-trading/yoyo/evaluation/spike_high_r_entry_study.py:179: FutureWarning: The behavior of DataFrame concatenation with empty or all-NA entries is deprecated. In a future version, this will no longer exclude empty or all-NA columns when determining the result dtypes. To retain the old behavior, exclude the relevant entries before the concat operation.
  "controls": pd.concat([oldc, newc], ignore_index=True),
/Users/zhangzc/fable-trading/yoyo/evaluation/spike_high_r_entry_study.py:180: FutureWarning: The behavior of DataFrame concatenation with empty or all-NA entries is deprecated. In a future version, this will no longer exclude empty or all-NA columns when determining the result dtypes. To retain the old behavior, exclude the relevant entries before the concat operation.
  "fills": pd.concat([tag(bf, "baseline"), tag(tf, "high_r_entry_v2")], ignore_index=True),
/Users/zhangzc/fable-trading/yoyo/evaluation/spike_high_r_entry_study.py:179: FutureWarning: The behavior of DataFrame concatenation with empty or all-NA entries is deprecated. In a future version, this will no longer exclude empty or all-NA columns when determining the result dtypes. To retain the old behavior, exclude the relevant entries before the concat operation.
  "controls": pd.concat([oldc, newc], ignore_index=True),
/Users/zhangzc/fable-trading/yoyo/evaluation/spike_high_r_entry_study.py:179: FutureWarning: The behavior of DataFrame concatenation with empty or all-NA entries is deprecated. In a future version, this will no longer exclude empty or all-NA columns when determining the result dtypes. To retain the old behavior, exclude the relevant entries before the concat operation.
  "controls": pd.concat([oldc, newc], ignore_index=True),
/Users/zhangzc/fable-trading/yoyo/evaluation/spike_high_r_entry_study.py:179: FutureWarning: The behavior of DataFrame concatenation with empty or all-NA entries is deprecated. In a future version, this will no longer exclude empty or all-NA columns when determining the result dtypes. To retain the old behavior, exclude the relevant entries before the concat operation.
  "controls": pd.concat([oldc, newc], ignore_index=True),
/Users/zhangzc/fable-trading/yoyo/evaluation/spike_high_r_entry_study.py:179: FutureWarning: The behavior of DataFrame concatenation with empty or all-NA entries is deprecated. In a future version, this will no longer exclude empty or all-NA columns when determining the result dtypes. To retain the old behavior, exclude the relevant entries before the concat operation.
  "controls": pd.concat([oldc, newc], ignore_index=True),
{"done": 200, "target": 3531, "failures": 0, "seconds": 4.3}
/Users/zhangzc/fable-trading/yoyo/evaluation/spike_high_r_entry_study.py:179: FutureWarning: The behavior of DataFrame concatenation with empty or all-NA entries is deprecated. In a future version, this will no longer exclude empty or all-NA columns when determining the result dtypes. To retain the old behavior, exclude the relevant entries before the concat operation.
  "controls": pd.concat([oldc, newc], ignore_index=True),
/Users/zhangzc/fable-trading/yoyo/evaluation/spike_high_r_entry_study.py:179: FutureWarning: The behavior of DataFrame concatenation with empty or all-NA entries is deprecated. In a future version, this will no longer exclude empty or all-NA columns when determining the result dtypes. To retain the old behavior, exclude the relevant entries before the concat operation.
  "controls": pd.concat([oldc, newc], ignore_index=True),
/Users/zhangzc/fable-trading/yoyo/evaluation/spike_high_r_entry_study.py:178: FutureWarning: The behavior of DataFrame concatenation with empty or all-NA entries is deprecated. In a future version, this will no longer exclude empty or all-NA columns when determining the result dtypes. To retain the old behavior, exclude the relevant entries before the concat operation.
  tables = {"trades": pd.concat([baseline, treatment], ignore_index=True),
/Users/zhangzc/fable-trading/yoyo/evaluation/spike_high_r_entry_study.py:179: FutureWarning: The behavior of DataFrame concatenation with empty or all-NA entries is deprecated. In a future version, this will no longer exclude empty or all-NA columns when determining the result dtypes. To retain the old behavior, exclude the relevant entries before the concat operation.
  "controls": pd.concat([oldc, newc], ignore_index=True),
/Users/zhangzc/fable-trading/yoyo/evaluation/spike_high_r_entry_study.py:180: FutureWarning: The behavior of DataFrame concatenation with empty or all-NA entries is deprecated. In a future version, this will no longer exclude empty or all-NA columns when determining the result dtypes. To retain the old behavior, exclude the relevant entries before the concat operation.
  "fills": pd.concat([tag(bf, "baseline"), tag(tf, "high_r_entry_v2")], ignore_index=True),
/Users/zhangzc/fable-trading/yoyo/evaluation/spike_high_r_entry_study.py:179: FutureWarning: The behavior of DataFrame concatenation with empty or all-NA entries is deprecated. In a future version, this will no longer exclude empty or all-NA columns when determining the result dtypes. To retain the old behavior, exclude the relevant entries before the concat operation.
  "controls": pd.concat([oldc, newc], ignore_index=True),
/Users/zhangzc/fable-trading/yoyo/evaluation/spike_high_r_entry_study.py:179: FutureWarning: The behavior of DataFrame concatenation with empty or all-NA entries is deprecated. In a future version, this will no longer exclude empty or all-NA columns when determining the result dtypes. To retain the old behavior, exclude the relevant entries before the concat operation.
  "controls": pd.concat([oldc, newc], ignore_index=True),
/Users/zhangzc/fable-trading/yoyo/evaluation/spike_high_r_entry_study.py:179: FutureWarning: The behavior of DataFrame concatenation with empty or all-NA entries is deprecated. In a future version, this will no longer exclude empty or all-NA columns when determining the result dtypes. To retain the old behavior, exclude the relevant entries before the concat operation.
  "controls": pd.concat([oldc, newc], ignore_index=True),
/Users/zhangzc/fable-trading/yoyo/evaluation/spike_high_r_entry_study.py:178: FutureWarning: The behavior of DataFrame concatenation with empty or all-NA entries is deprecated. In a future version, this will no longer exclude empty or all-NA columns when determining the result dtypes. To retain the old behavior, exclude the relevant entries before the concat operation.
  tables = {"trades": pd.concat([baseline, treatment], ignore_index=True),
/Users/zhangzc/fable-trading/yoyo/evaluation/spike_high_r_entry_study.py:179: FutureWarning: The behavior of DataFrame concatenation with empty or all-NA entries is deprecated. In a future version, this will no longer exclude empty or all-NA columns when determining the result dtypes. To retain the old behavior, exclude the relevant entries before the concat operation.
  "controls": pd.concat([oldc, newc], ignore_index=True),
/Users/zhangzc/fable-trading/yoyo/evaluation/spike_high_r_entry_study.py:180: FutureWarning: The behavior of DataFrame concatenation with empty or all-NA entries is deprecated. In a future version, this will no longer exclude empty or all-NA columns when determining the result dtypes. To retain the old behavior, exclude the relevant entries before the concat operation.
  "fills": pd.concat([tag(bf, "baseline"), tag(tf, "high_r_entry_v2")], ignore_index=True),
{"done": 250, "target": 3531, "failures": 0, "seconds": 5.3}
/Users/zhangzc/fable-trading/yoyo/evaluation/spike_high_r_entry_study.py:179: FutureWarning: The behavior of DataFrame concatenation with empty or all-NA entries is deprecated. In a future version, this will no longer exclude empty or all-NA columns when determining the result dtypes. To retain the old behavior, exclude the relevant entries before the concat operation.
  "controls": pd.concat([oldc, newc], ignore_index=True),
/Users/zhangzc/fable-trading/yoyo/evaluation/spike_high_r_entry_study.py:179: FutureWarning: The behavior of DataFrame concatenation with empty or all-NA entries is deprecated. In a future version, this will no longer exclude empty or all-NA columns when determining the result dtypes. To retain the old behavior, exclude the relevant entries before the concat operation.
  "controls": pd.concat([oldc, newc], ignore_index=True),
/Users/zhangzc/fable-trading/yoyo/evaluation/spike_high_r_entry_study.py:179: FutureWarning: The behavior of DataFrame concatenation with empty or all-NA entries is deprecated. In a future version, this will no longer exclude empty or all-NA columns when determining the result dtypes. To retain the old behavior, exclude the relevant entries before the concat operation.
  "controls": pd.concat([oldc, newc], ignore_index=True),
/Users/zhangzc/fable-trading/yoyo/evaluation/spike_high_r_entry_study.py:179: FutureWarning: The behavior of DataFrame concatenation with empty or all-NA entries is deprecated. In a future version, this will no longer exclude empty or all-NA columns when determining the result dtypes. To retain the old behavior, exclude the relevant entries before the concat operation.
  "controls": pd.concat([oldc, newc], ignore_index=True),
/Users/zhangzc/fable-trading/yoyo/evaluation/spike_high_r_entry_study.py:179: FutureWarning: The behavior of DataFrame concatenation with empty or all-NA entries is deprecated. In a future version, this will no longer exclude empty or all-NA columns when determining the result dtypes. To retain the old behavior, exclude the relevant entries before the concat operation.
  "controls": pd.concat([oldc, newc], ignore_index=True),
/Users/zhangzc/fable-trading/yoyo/evaluation/spike_high_r_entry_study.py:179: FutureWarning: The behavior of DataFrame concatenation with empty or all-NA entries is deprecated. In a future version, this will no longer exclude empty or all-NA columns when determining the result dtypes. To retain the old behavior, exclude the relevant entries before the concat operation.
  "controls": pd.concat([oldc, newc], ignore_index=True),
/Users/zhangzc/fable-trading/yoyo/evaluation/spike_high_r_entry_study.py:179: FutureWarning: The behavior of DataFrame concatenation with empty or all-NA entries is deprecated. In a future version, this will no longer exclude empty or all-NA columns when determining the result dtypes. To retain the old behavior, exclude the relevant entries before the concat operation.
  "controls": pd.concat([oldc, newc], ignore_index=True),
/Users/zhangzc/fable-trading/yoyo/evaluation/spike_high_r_entry_study.py:178: FutureWarning: The behavior of DataFrame concatenation with empty or all-NA entries is deprecated. In a future version, this will no longer exclude empty or all-NA columns when determining the result dtypes. To retain the old behavior, exclude the relevant entries before the concat operation.
  tables = {"trades": pd.concat([baseline, treatment], ignore_index=True),
/Users/zhangzc/fable-trading/yoyo/evaluation/spike_high_r_entry_study.py:179: FutureWarning: The behavior of DataFrame concatenation with empty or all-NA entries is deprecated. In a future version, this will no longer exclude empty or all-NA columns when determining the result dtypes. To retain the old behavior, exclude the relevant entries before the concat operation.
  "controls": pd.concat([oldc, newc], ignore_index=True),
/Users/zhangzc/fable-trading/yoyo/evaluation/spike_high_r_entry_study.py:180: FutureWarning: The behavior of DataFrame concatenation with empty or all-NA entries is deprecated. In a future version, this will no longer exclude empty or all-NA columns when determining the result dtypes. To retain the old behavior, exclude the relevant entries before the concat operation.
  "fills": pd.concat([tag(bf, "baseline"), tag(tf, "high_r_entry_v2")], ignore_index=True),
/Users/zhangzc/fable-trading/yoyo/evaluation/spike_high_r_entry_study.py:179: FutureWarning: The behavior of DataFrame concatenation with empty or all-NA entries is deprecated. In a future version, this will no longer exclude empty or all-NA columns when determining the result dtypes. To retain the old behavior, exclude the relevant entries before the concat operation.
  "controls": pd.concat([oldc, newc], ignore_index=True),
/Users/zhangzc/fable-trading/yoyo/evaluation/spike_high_r_entry_study.py:178: FutureWarning: The behavior of DataFrame concatenation with empty or all-NA entries is deprecated. In a future version, this will no longer exclude empty or all-NA columns when determining the result dtypes. To retain the old behavior, exclude the relevant entries before the concat operation.
  tables = {"trades": pd.concat([baseline, treatment], ignore_index=True),
{"done": 300, "target": 3531, "failures": 0, "seconds": 6.3}
/Users/zhangzc/fable-trading/yoyo/evaluation/spike_high_r_entry_study.py:179: FutureWarning: The behavior of DataFrame concatenation with empty or all-NA entries is deprecated. In a future version, this will no longer exclude empty or all-NA columns when determining the result dtypes. To retain the old behavior, exclude the relevant entries before the concat operation.
  "controls": pd.concat([oldc, newc], ignore_index=True),
/Users/zhangzc/fable-trading/yoyo/evaluation/spike_high_r_entry_study.py:180: FutureWarning: The behavior of DataFrame concatenation with empty or all-NA entries is deprecated. In a future version, this will no longer exclude empty or all-NA columns when determining the result dtypes. To retain the old behavior, exclude the relevant entries before the concat operation.
  "fills": pd.concat([tag(bf, "baseline"), tag(tf, "high_r_entry_v2")], ignore_index=True),
/Users/zhangzc/fable-trading/yoyo/evaluation/spike_high_r_entry_study.py:179: FutureWarning: The behavior of DataFrame concatenation with empty or all-NA entries is deprecated. In a future version, this will no longer exclude empty or all-NA columns when determining the result dtypes. To retain the old behavior, exclude the relevant entries before the concat operation.
  "controls": pd.concat([oldc, newc], ignore_index=True),
/Users/zhangzc/fable-trading/yoyo/evaluation/spike_high_r_entry_study.py:179: FutureWarning: The behavior of DataFrame concatenation with empty or all-NA entries is deprecated. In a future version, this will no longer exclude empty or all-NA columns when determining the result dtypes. To retain the old behavior, exclude the relevant entries before the concat operation.
  "controls": pd.concat([oldc, newc], ignore_index=True),
/Users/zhangzc/fable-trading/yoyo/evaluation/spike_high_r_entry_study.py:179: FutureWarning: The behavior of DataFrame concatenation with empty or all-NA entries is deprecated. In a future version, this will no longer exclude empty or all-NA columns when determining the result dtypes. To retain the old behavior, exclude the relevant entries before the concat operation.
  "controls": pd.concat([oldc, newc], ignore_index=True),
/Users/zhangzc/fable-trading/yoyo/evaluation/spike_high_r_entry_study.py:179: FutureWarning: The behavior of DataFrame concatenation with empty or all-NA entries is deprecated. In a future version, this will no longer exclude empty or all-NA columns when determining the result dtypes. To retain the old behavior, exclude the relevant entries before the concat operation.
  "controls": pd.concat([oldc, newc], ignore_index=True),
/Users/zhangzc/fable-trading/yoyo/evaluation/spike_high_r_entry_study.py:179: FutureWarning: The behavior of DataFrame concatenation with empty or all-NA entries is deprecated. In a future version, this will no longer exclude empty or all-NA columns when determining the result dtypes. To retain the old behavior, exclude the relevant entries before the concat operation.
  "controls": pd.concat([oldc, newc], ignore_index=True),
/Users/zhangzc/fable-trading/yoyo/evaluation/spike_high_r_entry_study.py:179: FutureWarning: The behavior of DataFrame concatenation with empty or all-NA entries is deprecated. In a future version, this will no longer exclude empty or all-NA columns when determining the result dtypes. To retain the old behavior, exclude the relevant entries before the concat operation.
  "controls": pd.concat([oldc, newc], ignore_index=True),
/Users/zhangzc/fable-trading/yoyo/evaluation/spike_high_r_entry_study.py:179: FutureWarning: The behavior of DataFrame concatenation with empty or all-NA entries is deprecated. In a future version, this will no longer exclude empty or all-NA columns when determining the result dtypes. To retain the old behavior, exclude the relevant entries before the concat operation.
  "controls": pd.concat([oldc, newc], ignore_index=True),
/Users/zhangzc/fable-trading/yoyo/evaluation/spike_high_r_entry_study.py:179: FutureWarning: The behavior of DataFrame concatenation with empty or all-NA entries is deprecated. In a future version, this will no longer exclude empty or all-NA columns when determining the result dtypes. To retain the old behavior, exclude the relevant entries before the concat operation.
  "controls": pd.concat([oldc, newc], ignore_index=True),
{"done": 350, "target": 3531, "failures": 0, "seconds": 7.3}
/Users/zhangzc/fable-trading/yoyo/evaluation/spike_high_r_entry_study.py:179: FutureWarning: The behavior of DataFrame concatenation with empty or all-NA entries is deprecated. In a future version, this will no longer exclude empty or all-NA columns when determining the result dtypes. To retain the old behavior, exclude the relevant entries before the concat operation.
  "controls": pd.concat([oldc, newc], ignore_index=True),
/Users/zhangzc/fable-trading/yoyo/evaluation/spike_high_r_entry_study.py:178: FutureWarning: The behavior of DataFrame concatenation with empty or all-NA entries is deprecated. In a future version, this will no longer exclude empty or all-NA columns when determining the result dtypes. To retain the old behavior, exclude the relevant entries before the concat operation.
  tables = {"trades": pd.concat([baseline, treatment], ignore_index=True),
/Users/zhangzc/fable-trading/yoyo/evaluation/spike_high_r_entry_study.py:179: FutureWarning: The behavior of DataFrame concatenation with empty or all-NA entries is deprecated. In a future version, this will no longer exclude empty or all-NA columns when determining the result dtypes. To retain the old behavior, exclude the relevant entries before the concat operation.
  "controls": pd.concat([oldc, newc], ignore_index=True),
/Users/zhangzc/fable-trading/yoyo/evaluation/spike_high_r_entry_study.py:180: FutureWarning: The behavior of DataFrame concatenation with empty or all-NA entries is deprecated. In a future version, this will no longer exclude empty or all-NA columns when determining the result dtypes. To retain the old behavior, exclude the relevant entries before the concat operation.
  "fills": pd.concat([tag(bf, "baseline"), tag(tf, "high_r_entry_v2")], ignore_index=True),
/Users/zhangzc/fable-trading/yoyo/evaluation/spike_high_r_entry_study.py:179: FutureWarning: The behavior of DataFrame concatenation with empty or all-NA entries is deprecated. In a future version, this will no longer exclude empty or all-NA columns when determining the result dtypes. To retain the old behavior, exclude the relevant entries before the concat operation.
  "controls": pd.concat([oldc, newc], ignore_index=True),
/Users/zhangzc/fable-trading/yoyo/evaluation/spike_high_r_entry_study.py:178: FutureWarning: The behavior of DataFrame concatenation with empty or all-NA entries is deprecated. In a future version, this will no longer exclude empty or all-NA columns when determining the result dtypes. To retain the old behavior, exclude the relevant entries before the concat operation.
  tables = {"trades": pd.concat([baseline, treatment], ignore_index=True),
/Users/zhangzc/fable-trading/yoyo/evaluation/spike_high_r_entry_study.py:179: FutureWarning: The behavior of DataFrame concatenation with empty or all-NA entries is deprecated. In a future version, this will no longer exclude empty or all-NA columns when determining the result dtypes. To retain the old behavior, exclude the relevant entries before the concat operation.
  "controls": pd.concat([oldc, newc], ignore_index=True),
/Users/zhangzc/fable-trading/yoyo/evaluation/spike_high_r_entry_study.py:180: FutureWarning: The behavior of DataFrame concatenation with empty or all-NA entries is deprecated. In a future version, this will no longer exclude empty or all-NA columns when determining the result dtypes. To retain the old behavior, exclude the relevant entries before the concat operation.
  "fills": pd.concat([tag(bf, "baseline"), tag(tf, "high_r_entry_v2")], ignore_index=True),
/Users/zhangzc/fable-trading/yoyo/evaluation/spike_high_r_entry_study.py:179: FutureWarning: The behavior of DataFrame concatenation with empty or all-NA entries is deprecated. In a future version, this will no longer exclude empty or all-NA columns when determining the result dtypes. To retain the old behavior, exclude the relevant entries before the concat operation.
  "controls": pd.concat([oldc, newc], ignore_index=True),
/Users/zhangzc/fable-trading/yoyo/evaluation/spike_high_r_entry_study.py:179: FutureWarning: The behavior of DataFrame concatenation with empty or all-NA entries is deprecated. In a future version, this will no longer exclude empty or all-NA columns when determining the result dtypes. To retain the old behavior, exclude the relevant entries before the concat operation.
  "controls": pd.concat([oldc, newc], ignore_index=True),
/Users/zhangzc/fable-trading/yoyo/evaluation/spike_high_r_entry_study.py:179: FutureWarning: The behavior of DataFrame concatenation with empty or all-NA entries is deprecated. In a future version, this will no longer exclude empty or all-NA columns when determining the result dtypes. To retain the old behavior, exclude the relevant entries before the concat operation.
  "controls": pd.concat([oldc, newc], ignore_index=True),
/Users/zhangzc/fable-trading/yoyo/evaluation/spike_high_r_entry_study.py:179: FutureWarning: The behavior of DataFrame concatenation with empty or all-NA entries is deprecated. In a future version, this will no longer exclude empty or all-NA columns when determining the result dtypes. To retain the old behavior, exclude the relevant entries before the concat operation.
  "controls": pd.concat([oldc, newc], ignore_index=True),
{"done": 400, "target": 3531, "failures": 0, "seconds": 8.4}
/Users/zhangzc/fable-trading/yoyo/evaluation/spike_high_r_entry_study.py:179: FutureWarning: The behavior of DataFrame concatenation with empty or all-NA entries is deprecated. In a future version, this will no longer exclude empty or all-NA columns when determining the result dtypes. To retain the old behavior, exclude the relevant entries before the concat operation.
  "controls": pd.concat([oldc, newc], ignore_index=True),
/Users/zhangzc/fable-trading/yoyo/evaluation/spike_high_r_entry_study.py:179: FutureWarning: The behavior of DataFrame concatenation with empty or all-NA entries is deprecated. In a future version, this will no longer exclude empty or all-NA columns when determining the result dtypes. To retain the old behavior, exclude the relevant entries before the concat operation.
  "controls": pd.concat([oldc, newc], ignore_index=True),
/Users/zhangzc/fable-trading/yoyo/evaluation/spike_high_r_entry_study.py:179: FutureWarning: The behavior of DataFrame concatenation with empty or all-NA entries is deprecated. In a future version, this will no longer exclude empty or all-NA columns when determining the result dtypes. To retain the old behavior, exclude the relevant entries before the concat operation.
  "controls": pd.concat([oldc, newc], ignore_index=True),
/Users/zhangzc/fable-trading/yoyo/evaluation/spike_high_r_entry_study.py:178: FutureWarning: The behavior of DataFrame concatenation with empty or all-NA entries is deprecated. In a future version, this will no longer exclude empty or all-NA columns when determining the result dtypes. To retain the old behavior, exclude the relevant entries before the concat operation.
  tables = {"trades": pd.concat([baseline, treatment], ignore_index=True),
/Users/zhangzc/fable-trading/yoyo/evaluation/spike_high_r_entry_study.py:179: FutureWarning: The behavior of DataFrame concatenation with empty or all-NA entries is deprecated. In a future version, this will no longer exclude empty or all-NA columns when determining the result dtypes. To retain the old behavior, exclude the relevant entries before the concat operation.
  "controls": pd.concat([oldc, newc], ignore_index=True),
/Users/zhangzc/fable-trading/yoyo/evaluation/spike_high_r_entry_study.py:180: FutureWarning: The behavior of DataFrame concatenation with empty or all-NA entries is deprecated. In a future version, this will no longer exclude empty or all-NA columns when determining the result dtypes. To retain the old behavior, exclude the relevant entries before the concat operation.
  "fills": pd.concat([tag(bf, "baseline"), tag(tf, "high_r_entry_v2")], ignore_index=True),
/Users/zhangzc/fable-trading/yoyo/evaluation/spike_high_r_entry_study.py:179: FutureWarning: The behavior of DataFrame concatenation with empty or all-NA entries is deprecated. In a future version, this will no longer exclude empty or all-NA columns when determining the result dtypes. To retain the old behavior, exclude the relevant entries before the concat operation.
  "controls": pd.concat([oldc, newc], ignore_index=True),
/Users/zhangzc/fable-trading/yoyo/evaluation/spike_high_r_entry_study.py:179: FutureWarning: The behavior of DataFrame concatenation with empty or all-NA entries is deprecated. In a future version, this will no longer exclude empty or all-NA columns when determining the result dtypes. To retain the old behavior, exclude the relevant entries before the concat operation.
  "controls": pd.concat([oldc, newc], ignore_index=True),
/Users/zhangzc/fable-trading/yoyo/evaluation/spike_high_r_entry_study.py:179: FutureWarning: The behavior of DataFrame concatenation with empty or all-NA entries is deprecated. In a future version, this will no longer exclude empty or all-NA columns when determining the result dtypes. To retain the old behavior, exclude the relevant entries before the concat operation.
  "controls": pd.concat([oldc, newc], ignore_index=True),
/Users/zhangzc/fable-trading/yoyo/evaluation/spike_high_r_entry_study.py:179: FutureWarning: The behavior of DataFrame concatenation with empty or all-NA entries is deprecated. In a future version, this will no longer exclude empty or all-NA columns when determining the result dtypes. To retain the old behavior, exclude the relevant entries before the concat operation.
  "controls": pd.concat([oldc, newc], ignore_index=True),
/Users/zhangzc/fable-trading/yoyo/evaluation/spike_high_r_entry_study.py:179: FutureWarning: The behavior of DataFrame concatenation with empty or all-NA entries is deprecated. In a future version, this will no longer exclude empty or all-NA columns when determining the result dtypes. To retain the old behavior, exclude the relevant entries before the concat operation.
  "controls": pd.concat([oldc, newc], ignore_index=True),
{"done": 450, "target": 3531, "failures": 0, "seconds": 9.5}
/Users/zhangzc/fable-trading/yoyo/evaluation/spike_high_r_entry_study.py:179: FutureWarning: The behavior of DataFrame concatenation with empty or all-NA entries is deprecated. In a future version, this will no longer exclude empty or all-NA columns when determining the result dtypes. To retain the old behavior, exclude the relevant entries before the concat operation.
  "controls": pd.concat([oldc, newc], ignore_index=True),
/Users/zhangzc/fable-trading/yoyo/evaluation/spike_high_r_entry_study.py:179: FutureWarning: The behavior of DataFrame concatenation with empty or all-NA entries is deprecated. In a future version, this will no longer exclude empty or all-NA columns when determining the result dtypes. To retain the old behavior, exclude the relevant entries before the concat operation.
  "controls": pd.concat([oldc, newc], ignore_index=True),
/Users/zhangzc/fable-trading/yoyo/evaluation/spike_high_r_entry_study.py:179: FutureWarning: The behavior of DataFrame concatenation with empty or all-NA entries is deprecated. In a future version, this will no longer exclude empty or all-NA columns when determining the result dtypes. To retain the old behavior, exclude the relevant entries before the concat operation.
  "controls": pd.concat([oldc, newc], ignore_index=True),
/Users/zhangzc/fable-trading/yoyo/evaluation/spike_high_r_entry_study.py:179: FutureWarning: The behavior of DataFrame concatenation with empty or all-NA entries is deprecated. In a future version, this will no longer exclude empty or all-NA columns when determining the result dtypes. To retain the old behavior, exclude the relevant entries before the concat operation.
  "controls": pd.concat([oldc, newc], ignore_index=True),
/Users/zhangzc/fable-trading/yoyo/evaluation/spike_high_r_entry_study.py:179: FutureWarning: The behavior of DataFrame concatenation with empty or all-NA entries is deprecated. In a future version, this will no longer exclude empty or all-NA columns when determining the result dtypes. To retain the old behavior, exclude the relevant entries before the concat operation.
  "controls": pd.concat([oldc, newc], ignore_index=True),
/Users/zhangzc/fable-trading/yoyo/evaluation/spike_high_r_entry_study.py:179: FutureWarning: The behavior of DataFrame concatenation with empty or all-NA entries is deprecated. In a future version, this will no longer exclude empty or all-NA columns when determining the result dtypes. To retain the old behavior, exclude the relevant entries before the concat operation.
  "controls": pd.concat([oldc, newc], ignore_index=True),
/Users/zhangzc/fable-trading/yoyo/evaluation/spike_high_r_entry_study.py:179: FutureWarning: The behavior of DataFrame concatenation with empty or all-NA entries is deprecated. In a future version, this will no longer exclude empty or all-NA columns when determining the result dtypes. To retain the old behavior, exclude the relevant entries before the concat operation.
  "controls": pd.concat([oldc, newc], ignore_index=True),
{"done": 500, "target": 3531, "failures": 0, "seconds": 10.5}
/Users/zhangzc/fable-trading/yoyo/evaluation/spike_high_r_entry_study.py:179: FutureWarning: The behavior of DataFrame concatenation with empty or all-NA entries is deprecated. In a future version, this will no longer exclude empty or all-NA columns when determining the result dtypes. To retain the old behavior, exclude the relevant entries before the concat operation.
  "controls": pd.concat([oldc, newc], ignore_index=True),
/Users/zhangzc/fable-trading/yoyo/evaluation/spike_high_r_entry_study.py:179: FutureWarning: The behavior of DataFrame concatenation with empty or all-NA entries is deprecated. In a future version, this will no longer exclude empty or all-NA columns when determining the result dtypes. To retain the old behavior, exclude the relevant entries before the concat operation.
  "controls": pd.concat([oldc, newc], ignore_index=True),
/Users/zhangzc/fable-trading/yoyo/evaluation/spike_high_r_entry_study.py:179: FutureWarning: The behavior of DataFrame concatenation with empty or all-NA entries is deprecated. In a future version, this will no longer exclude empty or all-NA columns when determining the result dtypes. To retain the old behavior, exclude the relevant entries before the concat operation.
  "controls": pd.concat([oldc, newc], ignore_index=True),
/Users/zhangzc/fable-trading/yoyo/evaluation/spike_high_r_entry_study.py:179: FutureWarning: The behavior of DataFrame concatenation with empty or all-NA entries is deprecated. In a future version, this will no longer exclude empty or all-NA columns when determining the result dtypes. To retain the old behavior, exclude the relevant entries before the concat operation.
  "controls": pd.concat([oldc, newc], ignore_index=True),
{"done": 550, "target": 3531, "failures": 0, "seconds": 11.6}
/Users/zhangzc/fable-trading/yoyo/evaluation/spike_high_r_entry_study.py:179: FutureWarning: The behavior of DataFrame concatenation with empty or all-NA entries is deprecated. In a future version, this will no longer exclude empty or all-NA columns when determining the result dtypes. To retain the old behavior, exclude the relevant entries before the concat operation.
  "controls": pd.concat([oldc, newc], ignore_index=True),
/Users/zhangzc/fable-trading/yoyo/evaluation/spike_high_r_entry_study.py:179: FutureWarning: The behavior of DataFrame concatenation with empty or all-NA entries is deprecated. In a future version, this will no longer exclude empty or all-NA columns when determining the result dtypes. To retain the old behavior, exclude the relevant entries before the concat operation.
  "controls": pd.concat([oldc, newc], ignore_index=True),
/Users/zhangzc/fable-trading/yoyo/evaluation/spike_high_r_entry_study.py:179: FutureWarning: The behavior of DataFrame concatenation with empty or all-NA entries is deprecated. In a future version, this will no longer exclude empty or all-NA columns when determining the result dtypes. To retain the old behavior, exclude the relevant entries before the concat operation.
  "controls": pd.concat([oldc, newc], ignore_index=True),
/Users/zhangzc/fable-trading/yoyo/evaluation/spike_high_r_entry_study.py:179: FutureWarning: The behavior of DataFrame concatenation with empty or all-NA entries is deprecated. In a future version, this will no longer exclude empty or all-NA columns when determining the result dtypes. To retain the old behavior, exclude the relevant entries before the concat operation.
  "controls": pd.concat([oldc, newc], ignore_index=True),
/Users/zhangzc/fable-trading/yoyo/evaluation/spike_high_r_entry_study.py:178: FutureWarning: The behavior of DataFrame concatenation with empty or all-NA entries is deprecated. In a future version, this will no longer exclude empty or all-NA columns when determining the result dtypes. To retain the old behavior, exclude the relevant entries before the concat operation.
  tables = {"trades": pd.concat([baseline, treatment], ignore_index=True),
/Users/zhangzc/fable-trading/yoyo/evaluation/spike_high_r_entry_study.py:179: FutureWarning: The behavior of DataFrame concatenation with empty or all-NA entries is deprecated. In a future version, this will no longer exclude empty or all-NA columns when determining the result dtypes. To retain the old behavior, exclude the relevant entries before the concat operation.
  "controls": pd.concat([oldc, newc], ignore_index=True),
/Users/zhangzc/fable-trading/yoyo/evaluation/spike_high_r_entry_study.py:180: FutureWarning: The behavior of DataFrame concatenation with empty or all-NA entries is deprecated. In a future version, this will no longer exclude empty or all-NA columns when determining the result dtypes. To retain the old behavior, exclude the relevant entries before the concat operation.
  "fills": pd.concat([tag(bf, "baseline"), tag(tf, "high_r_entry_v2")], ignore_index=True),
/Users/zhangzc/fable-trading/yoyo/evaluation/spike_high_r_entry_study.py:178: FutureWarning: The behavior of DataFrame concatenation with empty or all-NA entries is deprecated. In a future version, this will no longer exclude empty or all-NA columns when determining the result dtypes. To retain the old behavior, exclude the relevant entries before the concat operation.
  tables = {"trades": pd.concat([baseline, treatment], ignore_index=True),
/Users/zhangzc/fable-trading/yoyo/evaluation/spike_high_r_entry_study.py:179: FutureWarning: The behavior of DataFrame concatenation with empty or all-NA entries is deprecated. In a future version, this will no longer exclude empty or all-NA columns when determining the result dtypes. To retain the old behavior, exclude the relevant entries before the concat operation.
  "controls": pd.concat([oldc, newc], ignore_index=True),
/Users/zhangzc/fable-trading/yoyo/evaluation/spike_high_r_entry_study.py:180: FutureWarning: The behavior of DataFrame concatenation with empty or all-NA entries is deprecated. In a future version, this will no longer exclude empty or all-NA columns when determining the result dtypes. To retain the old behavior, exclude the relevant entries before the concat operation.
  "fills": pd.concat([tag(bf, "baseline"), tag(tf, "high_r_entry_v2")], ignore_index=True),
/Users/zhangzc/fable-trading/yoyo/evaluation/spike_high_r_entry_study.py:178: FutureWarning: The behavior of DataFrame concatenation with empty or all-NA entries is deprecated. In a future version, this will no longer exclude empty or all-NA columns when determining the result dtypes. To retain the old behavior, exclude the relevant entries before the concat operation.
  tables = {"trades": pd.concat([baseline, treatment], ignore_index=True),
/Users/zhangzc/fable-trading/yoyo/evaluation/spike_high_r_entry_study.py:179: FutureWarning: The behavior of DataFrame concatenation with empty or all-NA entries is deprecated. In a future version, this will no longer exclude empty or all-NA columns when determining the result dtypes. To retain the old behavior, exclude the relevant entries before the concat operation.
  "controls": pd.concat([oldc, newc], ignore_index=True),
/Users/zhangzc/fable-trading/yoyo/evaluation/spike_high_r_entry_study.py:180: FutureWarning: The behavior of DataFrame concatenation with empty or all-NA entries is deprecated. In a future version, this will no longer exclude empty or all-NA columns when determining the result dtypes. To retain the old behavior, exclude the relevant entries before the concat operation.
  "fills": pd.concat([tag(bf, "baseline"), tag(tf, "high_r_entry_v2")], ignore_index=True),
/Users/zhangzc/fable-trading/yoyo/evaluation/spike_high_r_entry_study.py:179: FutureWarning: The behavior of DataFrame concatenation with empty or all-NA entries is deprecated. In a future version, this will no longer exclude empty or all-NA columns when determining the result dtypes. To retain the old behavior, exclude the relevant entries before the concat operation.
  "controls": pd.concat([oldc, newc], ignore_index=True),
/Users/zhangzc/fable-trading/yoyo/evaluation/spike_high_r_entry_study.py:179: FutureWarning: The behavior of DataFrame concatenation with empty or all-NA entries is deprecated. In a future version, this will no longer exclude empty or all-NA columns when determining the result dtypes. To retain the old behavior, exclude the relevant entries before the concat operation.
  "controls": pd.concat([oldc, newc], ignore_index=True),
/Users/zhangzc/fable-trading/yoyo/evaluation/spike_high_r_entry_study.py:179: FutureWarning: The behavior of DataFrame concatenation with empty or all-NA entries is deprecated. In a future version, this will no longer exclude empty or all-NA columns when determining the result dtypes. To retain the old behavior, exclude the relevant entries before the concat operation.
  "controls": pd.concat([oldc, newc], ignore_index=True),
{"done": 600, "target": 3531, "failures": 0, "seconds": 12.6}
/Users/zhangzc/fable-trading/yoyo/evaluation/spike_high_r_entry_study.py:179: FutureWarning: The behavior of DataFrame concatenation with empty or all-NA entries is deprecated. In a future version, this will no longer exclude empty or all-NA columns when determining the result dtypes. To retain the old behavior, exclude the relevant entries before the concat operation.
  "controls": pd.concat([oldc, newc], ignore_index=True),
/Users/zhangzc/fable-trading/yoyo/evaluation/spike_high_r_entry_study.py:179: FutureWarning: The behavior of DataFrame concatenation with empty or all-NA entries is deprecated. In a future version, this will no longer exclude empty or all-NA columns when determining the result dtypes. To retain the old behavior, exclude the relevant entries before the concat operation.
  "controls": pd.concat([oldc, newc], ignore_index=True),
/Users/zhangzc/fable-trading/yoyo/evaluation/spike_high_r_entry_study.py:179: FutureWarning: The behavior of DataFrame concatenation with empty or all-NA entries is deprecated. In a future version, this will no longer exclude empty or all-NA columns when determining the result dtypes. To retain the old behavior, exclude the relevant entries before the concat operation.
  "controls": pd.concat([oldc, newc], ignore_index=True),
/Users/zhangzc/fable-trading/yoyo/evaluation/spike_high_r_entry_study.py:179: FutureWarning: The behavior of DataFrame concatenation with empty or all-NA entries is deprecated. In a future version, this will no longer exclude empty or all-NA columns when determining the result dtypes. To retain the old behavior, exclude the relevant entries before the concat operation.
  "controls": pd.concat([oldc, newc], ignore_index=True),
/Users/zhangzc/fable-trading/yoyo/evaluation/spike_high_r_entry_study.py:179: FutureWarning: The behavior of DataFrame concatenation with empty or all-NA entries is deprecated. In a future version, this will no longer exclude empty or all-NA columns when determining the result dtypes. To retain the old behavior, exclude the relevant entries before the concat operation.
  "controls": pd.concat([oldc, newc], ignore_index=True),
/Users/zhangzc/fable-trading/yoyo/evaluation/spike_high_r_entry_study.py:179: FutureWarning: The behavior of DataFrame concatenation with empty or all-NA entries is deprecated. In a future version, this will no longer exclude empty or all-NA columns when determining the result dtypes. To retain the old behavior, exclude the relevant entries before the concat operation.
  "controls": pd.concat([oldc, newc], ignore_index=True),
/Users/zhangzc/fable-trading/yoyo/evaluation/spike_high_r_entry_study.py:179: FutureWarning: The behavior of DataFrame concatenation with empty or all-NA entries is deprecated. In a future version, this will no longer exclude empty or all-NA columns when determining the result dtypes. To retain the old behavior, exclude the relevant entries before the concat operation.
  "controls": pd.concat([oldc, newc], ignore_index=True),
/Users/zhangzc/fable-trading/yoyo/evaluation/spike_high_r_entry_study.py:179: FutureWarning: The behavior of DataFrame concatenation with empty or all-NA entries is deprecated. In a future version, this will no longer exclude empty or all-NA columns when determining the result dtypes. To retain the old behavior, exclude the relevant entries before the concat operation.
  "controls": pd.concat([oldc, newc], ignore_index=True),
/Users/zhangzc/fable-trading/yoyo/evaluation/spike_high_r_entry_study.py:178: FutureWarning: The behavior of DataFrame concatenation with empty or all-NA entries is deprecated. In a future version, this will no longer exclude empty or all-NA columns when determining the result dtypes. To retain the old behavior, exclude the relevant entries before the concat operation.
  tables = {"trades": pd.concat([baseline, treatment], ignore_index=True),
/Users/zhangzc/fable-trading/yoyo/evaluation/spike_high_r_entry_study.py:179: FutureWarning: The behavior of DataFrame concatenation with empty or all-NA entries is deprecated. In a future version, this will no longer exclude empty or all-NA columns when determining the result dtypes. To retain the old behavior, exclude the relevant entries before the concat operation.
  "controls": pd.concat([oldc, newc], ignore_index=True),
/Users/zhangzc/fable-trading/yoyo/evaluation/spike_high_r_entry_study.py:180: FutureWarning: The behavior of DataFrame concatenation with empty or all-NA entries is deprecated. In a future version, this will no longer exclude empty or all-NA columns when determining the result dtypes. To retain the old behavior, exclude the relevant entries before the concat operation.
  "fills": pd.concat([tag(bf, "baseline"), tag(tf, "high_r_entry_v2")], ignore_index=True),
/Users/zhangzc/fable-trading/yoyo/evaluation/spike_high_r_entry_study.py:179: FutureWarning: The behavior of DataFrame concatenation with empty or all-NA entries is deprecated. In a future version, this will no longer exclude empty or all-NA columns when determining the result dtypes. To retain the old behavior, exclude the relevant entries before the concat operation.
  "controls": pd.concat([oldc, newc], ignore_index=True),
{"done": 650, "target": 3531, "failures": 0, "seconds": 13.8}
{"done": 700, "target": 3531, "failures": 0, "seconds": 18.4}
{"done": 750, "target": 3531, "failures": 0, "seconds": 23.2}
{"done": 800, "target": 3531, "failures": 0, "seconds": 28.1}
{"done": 850, "target": 3531, "failures": 0, "seconds": 32.9}
{"done": 900, "target": 3531, "failures": 0, "seconds": 37.8}
{"done": 950, "target": 3531, "failures": 0, "seconds": 43.3}
/Users/zhangzc/fable-trading/yoyo/evaluation/spike_high_r_entry_study.py:179: FutureWarning: The behavior of DataFrame concatenation with empty or all-NA entries is deprecated. In a future version, this will no longer exclude empty or all-NA columns when determining the result dtypes. To retain the old behavior, exclude the relevant entries before the concat operation.
  "controls": pd.concat([oldc, newc], ignore_index=True),
/Users/zhangzc/fable-trading/yoyo/evaluation/spike_high_r_entry_study.py:179: FutureWarning: The behavior of DataFrame concatenation with empty or all-NA entries is deprecated. In a future version, this will no longer exclude empty or all-NA columns when determining the result dtypes. To retain the old behavior, exclude the relevant entries before the concat operation.
  "controls": pd.concat([oldc, newc], ignore_index=True),
/Users/zhangzc/fable-trading/yoyo/evaluation/spike_high_r_entry_study.py:178: FutureWarning: The behavior of DataFrame concatenation with empty or all-NA entries is deprecated. In a future version, this will no longer exclude empty or all-NA columns when determining the result dtypes. To retain the old behavior, exclude the relevant entries before the concat operation.
  tables = {"trades": pd.concat([baseline, treatment], ignore_index=True),
/Users/zhangzc/fable-trading/yoyo/evaluation/spike_high_r_entry_study.py:179: FutureWarning: The behavior of DataFrame concatenation with empty or all-NA entries is deprecated. In a future version, this will no longer exclude empty or all-NA columns when determining the result dtypes. To retain the old behavior, exclude the relevant entries before the concat operation.
  "controls": pd.concat([oldc, newc], ignore_index=True),
/Users/zhangzc/fable-trading/yoyo/evaluation/spike_high_r_entry_study.py:180: FutureWarning: The behavior of DataFrame concatenation with empty or all-NA entries is deprecated. In a future version, this will no longer exclude empty or all-NA columns when determining the result dtypes. To retain the old behavior, exclude the relevant entries before the concat operation.
  "fills": pd.concat([tag(bf, "baseline"), tag(tf, "high_r_entry_v2")], ignore_index=True),
{"done": 1000, "target": 3531, "failures": 0, "seconds": 48.6}
{"done": 1050, "target": 3531, "failures": 0, "seconds": 54.8}
{"done": 1100, "target": 3531, "failures": 0, "seconds": 60.1}
{"done": 1150, "target": 3531, "failures": 0, "seconds": 65.4}
/Users/zhangzc/fable-trading/yoyo/evaluation/spike_high_r_entry_study.py:179: FutureWarning: The behavior of DataFrame concatenation with empty or all-NA entries is deprecated. In a future version, this will no longer exclude empty or all-NA columns when determining the result dtypes. To retain the old behavior, exclude the relevant entries before the concat operation.
  "controls": pd.concat([oldc, newc], ignore_index=True),
{"done": 1200, "target": 3531, "failures": 0, "seconds": 70.0}
{"done": 1250, "target": 3531, "failures": 0, "seconds": 75.9}
/Users/zhangzc/fable-trading/yoyo/evaluation/spike_high_r_entry_study.py:179: FutureWarning: The behavior of DataFrame concatenation with empty or all-NA entries is deprecated. In a future version, this will no longer exclude empty or all-NA columns when determining the result dtypes. To retain the old behavior, exclude the relevant entries before the concat operation.
  "controls": pd.concat([oldc, newc], ignore_index=True),
{"done": 1300, "target": 3531, "failures": 0, "seconds": 82.4}
/Users/zhangzc/fable-trading/yoyo/evaluation/spike_high_r_entry_study.py:179: FutureWarning: The behavior of DataFrame concatenation with empty or all-NA entries is deprecated. In a future version, this will no longer exclude empty or all-NA columns when determining the result dtypes. To retain the old behavior, exclude the relevant entries before the concat operation.
  "controls": pd.concat([oldc, newc], ignore_index=True),
/Users/zhangzc/fable-trading/yoyo/evaluation/spike_high_r_entry_study.py:179: FutureWarning: The behavior of DataFrame concatenation with empty or all-NA entries is deprecated. In a future version, this will no longer exclude empty or all-NA columns when determining the result dtypes. To retain the old behavior, exclude the relevant entries before the concat operation.
  "controls": pd.concat([oldc, newc], ignore_index=True),
{"done": 1350, "target": 3531, "failures": 0, "seconds": 85.7}
/Users/zhangzc/fable-trading/yoyo/evaluation/spike_high_r_entry_study.py:179: FutureWarning: The behavior of DataFrame concatenation with empty or all-NA entries is deprecated. In a future version, this will no longer exclude empty or all-NA columns when determining the result dtypes. To retain the old behavior, exclude the relevant entries before the concat operation.
  "controls": pd.concat([oldc, newc], ignore_index=True),
{"done": 1400, "target": 3531, "failures": 0, "seconds": 89.3}
/Users/zhangzc/fable-trading/yoyo/evaluation/spike_high_r_entry_study.py:179: FutureWarning: The behavior of DataFrame concatenation with empty or all-NA entries is deprecated. In a future version, this will no longer exclude empty or all-NA columns when determining the result dtypes. To retain the old behavior, exclude the relevant entries before the concat operation.
  "controls": pd.concat([oldc, newc], ignore_index=True),
{"done": 1450, "target": 3531, "failures": 0, "seconds": 92.5}
/Users/zhangzc/fable-trading/yoyo/evaluation/spike_high_r_entry_study.py:179: FutureWarning: The behavior of DataFrame concatenation with empty or all-NA entries is deprecated. In a future version, this will no longer exclude empty or all-NA columns when determining the result dtypes. To retain the old behavior, exclude the relevant entries before the concat operation.
  "controls": pd.concat([oldc, newc], ignore_index=True),
/Users/zhangzc/fable-trading/yoyo/evaluation/spike_high_r_entry_study.py:179: FutureWarning: The behavior of DataFrame concatenation with empty or all-NA entries is deprecated. In a future version, this will no longer exclude empty or all-NA columns when determining the result dtypes. To retain the old behavior, exclude the relevant entries before the concat operation.
  "controls": pd.concat([oldc, newc], ignore_index=True),
{"done": 1500, "target": 3531, "failures": 0, "seconds": 95.4}
/Users/zhangzc/fable-trading/yoyo/evaluation/spike_high_r_entry_study.py:178: FutureWarning: The behavior of DataFrame concatenation with empty or all-NA entries is deprecated. In a future version, this will no longer exclude empty or all-NA columns when determining the result dtypes. To retain the old behavior, exclude the relevant entries before the concat operation.
  tables = {"trades": pd.concat([baseline, treatment], ignore_index=True),
/Users/zhangzc/fable-trading/yoyo/evaluation/spike_high_r_entry_study.py:179: FutureWarning: The behavior of DataFrame concatenation with empty or all-NA entries is deprecated. In a future version, this will no longer exclude empty or all-NA columns when determining the result dtypes. To retain the old behavior, exclude the relevant entries before the concat operation.
  "controls": pd.concat([oldc, newc], ignore_index=True),
/Users/zhangzc/fable-trading/yoyo/evaluation/spike_high_r_entry_study.py:180: FutureWarning: The behavior of DataFrame concatenation with empty or all-NA entries is deprecated. In a future version, this will no longer exclude empty or all-NA columns when determining the result dtypes. To retain the old behavior, exclude the relevant entries before the concat operation.
  "fills": pd.concat([tag(bf, "baseline"), tag(tf, "high_r_entry_v2")], ignore_index=True),
{"done": 1550, "target": 3531, "failures": 0, "seconds": 98.5}
/Users/zhangzc/fable-trading/yoyo/evaluation/spike_high_r_entry_study.py:179: FutureWarning: The behavior of DataFrame concatenation with empty or all-NA entries is deprecated. In a future version, this will no longer exclude empty or all-NA columns when determining the result dtypes. To retain the old behavior, exclude the relevant entries before the concat operation.
  "controls": pd.concat([oldc, newc], ignore_index=True),
{"done": 1600, "target": 3531, "failures": 0, "seconds": 101.6}
/Users/zhangzc/fable-trading/yoyo/evaluation/spike_high_r_entry_study.py:179: FutureWarning: The behavior of DataFrame concatenation with empty or all-NA entries is deprecated. In a future version, this will no longer exclude empty or all-NA columns when determining the result dtypes. To retain the old behavior, exclude the relevant entries before the concat operation.
  "controls": pd.concat([oldc, newc], ignore_index=True),
{"done": 1650, "target": 3531, "failures": 0, "seconds": 104.6}
/Users/zhangzc/fable-trading/yoyo/evaluation/spike_high_r_entry_study.py:179: FutureWarning: The behavior of DataFrame concatenation with empty or all-NA entries is deprecated. In a future version, this will no longer exclude empty or all-NA columns when determining the result dtypes. To retain the old behavior, exclude the relevant entries before the concat operation.
  "controls": pd.concat([oldc, newc], ignore_index=True),
/Users/zhangzc/fable-trading/yoyo/evaluation/spike_high_r_entry_study.py:179: FutureWarning: The behavior of DataFrame concatenation with empty or all-NA entries is deprecated. In a future version, this will no longer exclude empty or all-NA columns when determining the result dtypes. To retain the old behavior, exclude the relevant entries before the concat operation.
  "controls": pd.concat([oldc, newc], ignore_index=True),
/Users/zhangzc/fable-trading/yoyo/evaluation/spike_high_r_entry_study.py:179: FutureWarning: The behavior of DataFrame concatenation with empty or all-NA entries is deprecated. In a future version, this will no longer exclude empty or all-NA columns when determining the result dtypes. To retain the old behavior, exclude the relevant entries before the concat operation.
  "controls": pd.concat([oldc, newc], ignore_index=True),
{"done": 1700, "target": 3531, "failures": 0, "seconds": 107.8}
/Users/zhangzc/fable-trading/yoyo/evaluation/spike_high_r_entry_study.py:179: FutureWarning: The behavior of DataFrame concatenation with empty or all-NA entries is deprecated. In a future version, this will no longer exclude empty or all-NA columns when determining the result dtypes. To retain the old behavior, exclude the relevant entries before the concat operation.
  "controls": pd.concat([oldc, newc], ignore_index=True),
{"done": 1750, "target": 3531, "failures": 0, "seconds": 111.3}
/Users/zhangzc/fable-trading/yoyo/evaluation/spike_high_r_entry_study.py:179: FutureWarning: The behavior of DataFrame concatenation with empty or all-NA entries is deprecated. In a future version, this will no longer exclude empty or all-NA columns when determining the result dtypes. To retain the old behavior, exclude the relevant entries before the concat operation.
  "controls": pd.concat([oldc, newc], ignore_index=True),
{"done": 1800, "target": 3531, "failures": 0, "seconds": 114.7}
/Users/zhangzc/fable-trading/yoyo/evaluation/spike_high_r_entry_study.py:179: FutureWarning: The behavior of DataFrame concatenation with empty or all-NA entries is deprecated. In a future version, this will no longer exclude empty or all-NA columns when determining the result dtypes. To retain the old behavior, exclude the relevant entries before the concat operation.
  "controls": pd.concat([oldc, newc], ignore_index=True),
/Users/zhangzc/fable-trading/yoyo/evaluation/spike_high_r_entry_study.py:179: FutureWarning: The behavior of DataFrame concatenation with empty or all-NA entries is deprecated. In a future version, this will no longer exclude empty or all-NA columns when determining the result dtypes. To retain the old behavior, exclude the relevant entries before the concat operation.
  "controls": pd.concat([oldc, newc], ignore_index=True),
/Users/zhangzc/fable-trading/yoyo/evaluation/spike_high_r_entry_study.py:179: FutureWarning: The behavior of DataFrame concatenation with empty or all-NA entries is deprecated. In a future version, this will no longer exclude empty or all-NA columns when determining the result dtypes. To retain the old behavior, exclude the relevant entries before the concat operation.
  "controls": pd.concat([oldc, newc], ignore_index=True),
{"done": 1850, "target": 3531, "failures": 0, "seconds": 118.1}
/Users/zhangzc/fable-trading/yoyo/evaluation/spike_high_r_entry_study.py:179: FutureWarning: The behavior of DataFrame concatenation with empty or all-NA entries is deprecated. In a future version, this will no longer exclude empty or all-NA columns when determining the result dtypes. To retain the old behavior, exclude the relevant entries before the concat operation.
  "controls": pd.concat([oldc, newc], ignore_index=True),
/Users/zhangzc/fable-trading/yoyo/evaluation/spike_high_r_entry_study.py:178: FutureWarning: The behavior of DataFrame concatenation with empty or all-NA entries is deprecated. In a future version, this will no longer exclude empty or all-NA columns when determining the result dtypes. To retain the old behavior, exclude the relevant entries before the concat operation.
  tables = {"trades": pd.concat([baseline, treatment], ignore_index=True),
/Users/zhangzc/fable-trading/yoyo/evaluation/spike_high_r_entry_study.py:179: FutureWarning: The behavior of DataFrame concatenation with empty or all-NA entries is deprecated. In a future version, this will no longer exclude empty or all-NA columns when determining the result dtypes. To retain the old behavior, exclude the relevant entries before the concat operation.
  "controls": pd.concat([oldc, newc], ignore_index=True),
/Users/zhangzc/fable-trading/yoyo/evaluation/spike_high_r_entry_study.py:180: FutureWarning: The behavior of DataFrame concatenation with empty or all-NA entries is deprecated. In a future version, this will no longer exclude empty or all-NA columns when determining the result dtypes. To retain the old behavior, exclude the relevant entries before the concat operation.
  "fills": pd.concat([tag(bf, "baseline"), tag(tf, "high_r_entry_v2")], ignore_index=True),
{"done": 1900, "target": 3531, "failures": 0, "seconds": 121.1}
/Users/zhangzc/fable-trading/yoyo/evaluation/spike_high_r_entry_study.py:178: FutureWarning: The behavior of DataFrame concatenation with empty or all-NA entries is deprecated. In a future version, this will no longer exclude empty or all-NA columns when determining the result dtypes. To retain the old behavior, exclude the relevant entries before the concat operation.
  tables = {"trades": pd.concat([baseline, treatment], ignore_index=True),
/Users/zhangzc/fable-trading/yoyo/evaluation/spike_high_r_entry_study.py:179: FutureWarning: The behavior of DataFrame concatenation with empty or all-NA entries is deprecated. In a future version, this will no longer exclude empty or all-NA columns when determining the result dtypes. To retain the old behavior, exclude the relevant entries before the concat operation.
  "controls": pd.concat([oldc, newc], ignore_index=True),
/Users/zhangzc/fable-trading/yoyo/evaluation/spike_high_r_entry_study.py:180: FutureWarning: The behavior of DataFrame concatenation with empty or all-NA entries is deprecated. In a future version, this will no longer exclude empty or all-NA columns when determining the result dtypes. To retain the old behavior, exclude the relevant entries before the concat operation.
  "fills": pd.concat([tag(bf, "baseline"), tag(tf, "high_r_entry_v2")], ignore_index=True),
{"done": 1950, "target": 3531, "failures": 0, "seconds": 124.5}
/Users/zhangzc/fable-trading/yoyo/evaluation/spike_high_r_entry_study.py:179: FutureWarning: The behavior of DataFrame concatenation with empty or all-NA entries is deprecated. In a future version, this will no longer exclude empty or all-NA columns when determining the result dtypes. To retain the old behavior, exclude the relevant entries before the concat operation.
  "controls": pd.concat([oldc, newc], ignore_index=True),
/Users/zhangzc/fable-trading/yoyo/evaluation/spike_high_r_entry_study.py:179: FutureWarning: The behavior of DataFrame concatenation with empty or all-NA entries is deprecated. In a future version, this will no longer exclude empty or all-NA columns when determining the result dtypes. To retain the old behavior, exclude the relevant entries before the concat operation.
  "controls": pd.concat([oldc, newc], ignore_index=True),
/Users/zhangzc/fable-trading/yoyo/evaluation/spike_high_r_entry_study.py:179: FutureWarning: The behavior of DataFrame concatenation with empty or all-NA entries is deprecated. In a future version, this will no longer exclude empty or all-NA columns when determining the result dtypes. To retain the old behavior, exclude the relevant entries before the concat operation.
  "controls": pd.concat([oldc, newc], ignore_index=True),
/Users/zhangzc/fable-trading/yoyo/evaluation/spike_high_r_entry_study.py:179: FutureWarning: The behavior of DataFrame concatenation with empty or all-NA entries is deprecated. In a future version, this will no longer exclude empty or all-NA columns when determining the result dtypes. To retain the old behavior, exclude the relevant entries before the concat operation.
  "controls": pd.concat([oldc, newc], ignore_index=True),
{"done": 2000, "target": 3531, "failures": 0, "seconds": 126.1}
/Users/zhangzc/fable-trading/yoyo/evaluation/spike_high_r_entry_study.py:179: FutureWarning: The behavior of DataFrame concatenation with empty or all-NA entries is deprecated. In a future version, this will no longer exclude empty or all-NA columns when determining the result dtypes. To retain the old behavior, exclude the relevant entries before the concat operation.
  "controls": pd.concat([oldc, newc], ignore_index=True),
/Users/zhangzc/fable-trading/yoyo/evaluation/spike_high_r_entry_study.py:179: FutureWarning: The behavior of DataFrame concatenation with empty or all-NA entries is deprecated. In a future version, this will no longer exclude empty or all-NA columns when determining the result dtypes. To retain the old behavior, exclude the relevant entries before the concat operation.
  "controls": pd.concat([oldc, newc], ignore_index=True),
/Users/zhangzc/fable-trading/yoyo/evaluation/spike_high_r_entry_study.py:179: FutureWarning: The behavior of DataFrame concatenation with empty or all-NA entries is deprecated. In a future version, this will no longer exclude empty or all-NA columns when determining the result dtypes. To retain the old behavior, exclude the relevant entries before the concat operation.
  "controls": pd.concat([oldc, newc], ignore_index=True),
{"done": 2050, "target": 3531, "failures": 0, "seconds": 127.7}
/Users/zhangzc/fable-trading/yoyo/evaluation/spike_high_r_entry_study.py:179: FutureWarning: The behavior of DataFrame concatenation with empty or all-NA entries is deprecated. In a future version, this will no longer exclude empty or all-NA columns when determining the result dtypes. To retain the old behavior, exclude the relevant entries before the concat operation.
  "controls": pd.concat([oldc, newc], ignore_index=True),
/Users/zhangzc/fable-trading/yoyo/evaluation/spike_high_r_entry_study.py:179: FutureWarning: The behavior of DataFrame concatenation with empty or all-NA entries is deprecated. In a future version, this will no longer exclude empty or all-NA columns when determining the result dtypes. To retain the old behavior, exclude the relevant entries before the concat operation.
  "controls": pd.concat([oldc, newc], ignore_index=True),
/Users/zhangzc/fable-trading/yoyo/evaluation/spike_high_r_entry_study.py:179: FutureWarning: The behavior of DataFrame concatenation with empty or all-NA entries is deprecated. In a future version, this will no longer exclude empty or all-NA columns when determining the result dtypes. To retain the old behavior, exclude the relevant entries before the concat operation.
  "controls": pd.concat([oldc, newc], ignore_index=True),
/Users/zhangzc/fable-trading/yoyo/evaluation/spike_high_r_entry_study.py:179: FutureWarning: The behavior of DataFrame concatenation with empty or all-NA entries is deprecated. In a future version, this will no longer exclude empty or all-NA columns when determining the result dtypes. To retain the old behavior, exclude the relevant entries before the concat operation.
  "controls": pd.concat([oldc, newc], ignore_index=True),
/Users/zhangzc/fable-trading/yoyo/evaluation/spike_high_r_entry_study.py:179: FutureWarning: The behavior of DataFrame concatenation with empty or all-NA entries is deprecated. In a future version, this will no longer exclude empty or all-NA columns when determining the result dtypes. To retain the old behavior, exclude the relevant entries before the concat operation.
  "controls": pd.concat([oldc, newc], ignore_index=True),
/Users/zhangzc/fable-trading/yoyo/evaluation/spike_high_r_entry_study.py:179: FutureWarning: The behavior of DataFrame concatenation with empty or all-NA entries is deprecated. In a future version, this will no longer exclude empty or all-NA columns when determining the result dtypes. To retain the old behavior, exclude the relevant entries before the concat operation.
  "controls": pd.concat([oldc, newc], ignore_index=True),
{"done": 2100, "target": 3531, "failures": 0, "seconds": 129.2}
/Users/zhangzc/fable-trading/yoyo/evaluation/spike_high_r_entry_study.py:179: FutureWarning: The behavior of DataFrame concatenation with empty or all-NA entries is deprecated. In a future version, this will no longer exclude empty or all-NA columns when determining the result dtypes. To retain the old behavior, exclude the relevant entries before the concat operation.
  "controls": pd.concat([oldc, newc], ignore_index=True),
/Users/zhangzc/fable-trading/yoyo/evaluation/spike_high_r_entry_study.py:178: FutureWarning: The behavior of DataFrame concatenation with empty or all-NA entries is deprecated. In a future version, this will no longer exclude empty or all-NA columns when determining the result dtypes. To retain the old behavior, exclude the relevant entries before the concat operation.
  tables = {"trades": pd.concat([baseline, treatment], ignore_index=True),
/Users/zhangzc/fable-trading/yoyo/evaluation/spike_high_r_entry_study.py:179: FutureWarning: The behavior of DataFrame concatenation with empty or all-NA entries is deprecated. In a future version, this will no longer exclude empty or all-NA columns when determining the result dtypes. To retain the old behavior, exclude the relevant entries before the concat operation.
  "controls": pd.concat([oldc, newc], ignore_index=True),
/Users/zhangzc/fable-trading/yoyo/evaluation/spike_high_r_entry_study.py:180: FutureWarning: The behavior of DataFrame concatenation with empty or all-NA entries is deprecated. In a future version, this will no longer exclude empty or all-NA columns when determining the result dtypes. To retain the old behavior, exclude the relevant entries before the concat operation.
  "fills": pd.concat([tag(bf, "baseline"), tag(tf, "high_r_entry_v2")], ignore_index=True),
/Users/zhangzc/fable-trading/yoyo/evaluation/spike_high_r_entry_study.py:179: FutureWarning: The behavior of DataFrame concatenation with empty or all-NA entries is deprecated. In a future version, this will no longer exclude empty or all-NA columns when determining the result dtypes. To retain the old behavior, exclude the relevant entries before the concat operation.
  "controls": pd.concat([oldc, newc], ignore_index=True),
/Users/zhangzc/fable-trading/yoyo/evaluation/spike_high_r_entry_study.py:179: FutureWarning: The behavior of DataFrame concatenation with empty or all-NA entries is deprecated. In a future version, this will no longer exclude empty or all-NA columns when determining the result dtypes. To retain the old behavior, exclude the relevant entries before the concat operation.
  "controls": pd.concat([oldc, newc], ignore_index=True),
/Users/zhangzc/fable-trading/yoyo/evaluation/spike_high_r_entry_study.py:179: FutureWarning: The behavior of DataFrame concatenation with empty or all-NA entries is deprecated. In a future version, this will no longer exclude empty or all-NA columns when determining the result dtypes. To retain the old behavior, exclude the relevant entries before the concat operation.
  "controls": pd.concat([oldc, newc], ignore_index=True),
/Users/zhangzc/fable-trading/yoyo/evaluation/spike_high_r_entry_study.py:179: FutureWarning: The behavior of DataFrame concatenation with empty or all-NA entries is deprecated. In a future version, this will no longer exclude empty or all-NA columns when determining the result dtypes. To retain the old behavior, exclude the relevant entries before the concat operation.
  "controls": pd.concat([oldc, newc], ignore_index=True),
{"done": 2150, "target": 3531, "failures": 0, "seconds": 130.8}
/Users/zhangzc/fable-trading/yoyo/evaluation/spike_high_r_entry_study.py:179: FutureWarning: The behavior of DataFrame concatenation with empty or all-NA entries is deprecated. In a future version, this will no longer exclude empty or all-NA columns when determining the result dtypes. To retain the old behavior, exclude the relevant entries before the concat operation.
  "controls": pd.concat([oldc, newc], ignore_index=True),
/Users/zhangzc/fable-trading/yoyo/evaluation/spike_high_r_entry_study.py:179: FutureWarning: The behavior of DataFrame concatenation with empty or all-NA entries is deprecated. In a future version, this will no longer exclude empty or all-NA columns when determining the result dtypes. To retain the old behavior, exclude the relevant entries before the concat operation.
  "controls": pd.concat([oldc, newc], ignore_index=True),
/Users/zhangzc/fable-trading/yoyo/evaluation/spike_high_r_entry_study.py:179: FutureWarning: The behavior of DataFrame concatenation with empty or all-NA entries is deprecated. In a future version, this will no longer exclude empty or all-NA columns when determining the result dtypes. To retain the old behavior, exclude the relevant entries before the concat operation.
  "controls": pd.concat([oldc, newc], ignore_index=True),
/Users/zhangzc/fable-trading/yoyo/evaluation/spike_high_r_entry_study.py:179: FutureWarning: The behavior of DataFrame concatenation with empty or all-NA entries is deprecated. In a future version, this will no longer exclude empty or all-NA columns when determining the result dtypes. To retain the old behavior, exclude the relevant entries before the concat operation.
  "controls": pd.concat([oldc, newc], ignore_index=True),
{"done": 2200, "target": 3531, "failures": 0, "seconds": 132.4}
{"done": 2250, "target": 3531, "failures": 0, "seconds": 134.2}
/Users/zhangzc/fable-trading/yoyo/evaluation/spike_high_r_entry_study.py:179: FutureWarning: The behavior of DataFrame concatenation with empty or all-NA entries is deprecated. In a future version, this will no longer exclude empty or all-NA columns when determining the result dtypes. To retain the old behavior, exclude the relevant entries before the concat operation.
  "controls": pd.concat([oldc, newc], ignore_index=True),
/Users/zhangzc/fable-trading/yoyo/evaluation/spike_high_r_entry_study.py:179: FutureWarning: The behavior of DataFrame concatenation with empty or all-NA entries is deprecated. In a future version, this will no longer exclude empty or all-NA columns when determining the result dtypes. To retain the old behavior, exclude the relevant entries before the concat operation.
  "controls": pd.concat([oldc, newc], ignore_index=True),
/Users/zhangzc/fable-trading/yoyo/evaluation/spike_high_r_entry_study.py:179: FutureWarning: The behavior of DataFrame concatenation with empty or all-NA entries is deprecated. In a future version, this will no longer exclude empty or all-NA columns when determining the result dtypes. To retain the old behavior, exclude the relevant entries before the concat operation.
  "controls": pd.concat([oldc, newc], ignore_index=True),
{"done": 2300, "target": 3531, "failures": 0, "seconds": 135.4}
/Users/zhangzc/fable-trading/yoyo/evaluation/spike_high_r_entry_study.py:178: FutureWarning: The behavior of DataFrame concatenation with empty or all-NA entries is deprecated. In a future version, this will no longer exclude empty or all-NA columns when determining the result dtypes. To retain the old behavior, exclude the relevant entries before the concat operation.
  tables = {"trades": pd.concat([baseline, treatment], ignore_index=True),
/Users/zhangzc/fable-trading/yoyo/evaluation/spike_high_r_entry_study.py:179: FutureWarning: The behavior of DataFrame concatenation with empty or all-NA entries is deprecated. In a future version, this will no longer exclude empty or all-NA columns when determining the result dtypes. To retain the old behavior, exclude the relevant entries before the concat operation.
  "controls": pd.concat([oldc, newc], ignore_index=True),
/Users/zhangzc/fable-trading/yoyo/evaluation/spike_high_r_entry_study.py:180: FutureWarning: The behavior of DataFrame concatenation with empty or all-NA entries is deprecated. In a future version, this will no longer exclude empty or all-NA columns when determining the result dtypes. To retain the old behavior, exclude the relevant entries before the concat operation.
  "fills": pd.concat([tag(bf, "baseline"), tag(tf, "high_r_entry_v2")], ignore_index=True),
/Users/zhangzc/fable-trading/yoyo/evaluation/spike_high_r_entry_study.py:179: FutureWarning: The behavior of DataFrame concatenation with empty or all-NA entries is deprecated. In a future version, this will no longer exclude empty or all-NA columns when determining the result dtypes. To retain the old behavior, exclude the relevant entries before the concat operation.
  "controls": pd.concat([oldc, newc], ignore_index=True),
{"done": 2350, "target": 3531, "failures": 0, "seconds": 136.5}
/Users/zhangzc/fable-trading/yoyo/evaluation/spike_high_r_entry_study.py:179: FutureWarning: The behavior of DataFrame concatenation with empty or all-NA entries is deprecated. In a future version, this will no longer exclude empty or all-NA columns when determining the result dtypes. To retain the old behavior, exclude the relevant entries before the concat operation.
  "controls": pd.concat([oldc, newc], ignore_index=True),
/Users/zhangzc/fable-trading/yoyo/evaluation/spike_high_r_entry_study.py:178: FutureWarning: The behavior of DataFrame concatenation with empty or all-NA entries is deprecated. In a future version, this will no longer exclude empty or all-NA columns when determining the result dtypes. To retain the old behavior, exclude the relevant entries before the concat operation.
  tables = {"trades": pd.concat([baseline, treatment], ignore_index=True),
/Users/zhangzc/fable-trading/yoyo/evaluation/spike_high_r_entry_study.py:179: FutureWarning: The behavior of DataFrame concatenation with empty or all-NA entries is deprecated. In a future version, this will no longer exclude empty or all-NA columns when determining the result dtypes. To retain the old behavior, exclude the relevant entries before the concat operation.
  "controls": pd.concat([oldc, newc], ignore_index=True),
/Users/zhangzc/fable-trading/yoyo/evaluation/spike_high_r_entry_study.py:180: FutureWarning: The behavior of DataFrame concatenation with empty or all-NA entries is deprecated. In a future version, this will no longer exclude empty or all-NA columns when determining the result dtypes. To retain the old behavior, exclude the relevant entries before the concat operation.
  "fills": pd.concat([tag(bf, "baseline"), tag(tf, "high_r_entry_v2")], ignore_index=True),
/Users/zhangzc/fable-trading/yoyo/evaluation/spike_high_r_entry_study.py:179: FutureWarning: The behavior of DataFrame concatenation with empty or all-NA entries is deprecated. In a future version, this will no longer exclude empty or all-NA columns when determining the result dtypes. To retain the old behavior, exclude the relevant entries before the concat operation.
  "controls": pd.concat([oldc, newc], ignore_index=True),
/Users/zhangzc/fable-trading/yoyo/evaluation/spike_high_r_entry_study.py:179: FutureWarning: The behavior of DataFrame concatenation with empty or all-NA entries is deprecated. In a future version, this will no longer exclude empty or all-NA columns when determining the result dtypes. To retain the old behavior, exclude the relevant entries before the concat operation.
  "controls": pd.concat([oldc, newc], ignore_index=True),
/Users/zhangzc/fable-trading/yoyo/evaluation/spike_high_r_entry_study.py:179: FutureWarning: The behavior of DataFrame concatenation with empty or all-NA entries is deprecated. In a future version, this will no longer exclude empty or all-NA columns when determining the result dtypes. To retain the old behavior, exclude the relevant entries before the concat operation.
  "controls": pd.concat([oldc, newc], ignore_index=True),
/Users/zhangzc/fable-trading/yoyo/evaluation/spike_high_r_entry_study.py:179: FutureWarning: The behavior of DataFrame concatenation with empty or all-NA entries is deprecated. In a future version, this will no longer exclude empty or all-NA columns when determining the result dtypes. To retain the old behavior, exclude the relevant entries before the concat operation.
  "controls": pd.concat([oldc, newc], ignore_index=True),
/Users/zhangzc/fable-trading/yoyo/evaluation/spike_high_r_entry_study.py:178: FutureWarning: The behavior of DataFrame concatenation with empty or all-NA entries is deprecated. In a future version, this will no longer exclude empty or all-NA columns when determining the result dtypes. To retain the old behavior, exclude the relevant entries before the concat operation.
  tables = {"trades": pd.concat([baseline, treatment], ignore_index=True),
/Users/zhangzc/fable-trading/yoyo/evaluation/spike_high_r_entry_study.py:179: FutureWarning: The behavior of DataFrame concatenation with empty or all-NA entries is deprecated. In a future version, this will no longer exclude empty or all-NA columns when determining the result dtypes. To retain the old behavior, exclude the relevant entries before the concat operation.
  "controls": pd.concat([oldc, newc], ignore_index=True),
/Users/zhangzc/fable-trading/yoyo/evaluation/spike_high_r_entry_study.py:180: FutureWarning: The behavior of DataFrame concatenation with empty or all-NA entries is deprecated. In a future version, this will no longer exclude empty or all-NA columns when determining the result dtypes. To retain the old behavior, exclude the relevant entries before the concat operation.
  "fills": pd.concat([tag(bf, "baseline"), tag(tf, "high_r_entry_v2")], ignore_index=True),
/Users/zhangzc/fable-trading/yoyo/evaluation/spike_high_r_entry_study.py:178: FutureWarning: The behavior of DataFrame concatenation with empty or all-NA entries is deprecated. In a future version, this will no longer exclude empty or all-NA columns when determining the result dtypes. To retain the old behavior, exclude the relevant entries before the concat operation.
  tables = {"trades": pd.concat([baseline, treatment], ignore_index=True),
/Users/zhangzc/fable-trading/yoyo/evaluation/spike_high_r_entry_study.py:179: FutureWarning: The behavior of DataFrame concatenation with empty or all-NA entries is deprecated. In a future version, this will no longer exclude empty or all-NA columns when determining the result dtypes. To retain the old behavior, exclude the relevant entries before the concat operation.
  "controls": pd.concat([oldc, newc], ignore_index=True),
/Users/zhangzc/fable-trading/yoyo/evaluation/spike_high_r_entry_study.py:180: FutureWarning: The behavior of DataFrame concatenation with empty or all-NA entries is deprecated. In a future version, this will no longer exclude empty or all-NA columns when determining the result dtypes. To retain the old behavior, exclude the relevant entries before the concat operation.
  "fills": pd.concat([tag(bf, "baseline"), tag(tf, "high_r_entry_v2")], ignore_index=True),
/Users/zhangzc/fable-trading/yoyo/evaluation/spike_high_r_entry_study.py:179: FutureWarning: The behavior of DataFrame concatenation with empty or all-NA entries is deprecated. In a future version, this will no longer exclude empty or all-NA columns when determining the result dtypes. To retain the old behavior, exclude the relevant entries before the concat operation.
  "controls": pd.concat([oldc, newc], ignore_index=True),
/Users/zhangzc/fable-trading/yoyo/evaluation/spike_high_r_entry_study.py:179: FutureWarning: The behavior of DataFrame concatenation with empty or all-NA entries is deprecated. In a future version, this will no longer exclude empty or all-NA columns when determining the result dtypes. To retain the old behavior, exclude the relevant entries before the concat operation.
  "controls": pd.concat([oldc, newc], ignore_index=True),
{"done": 2400, "target": 3531, "failures": 0, "seconds": 137.9}
/Users/zhangzc/fable-trading/yoyo/evaluation/spike_high_r_entry_study.py:179: FutureWarning: The behavior of DataFrame concatenation with empty or all-NA entries is deprecated. In a future version, this will no longer exclude empty or all-NA columns when determining the result dtypes. To retain the old behavior, exclude the relevant entries before the concat operation.
  "controls": pd.concat([oldc, newc], ignore_index=True),
/Users/zhangzc/fable-trading/yoyo/evaluation/spike_high_r_entry_study.py:179: FutureWarning: The behavior of DataFrame concatenation with empty or all-NA entries is deprecated. In a future version, this will no longer exclude empty or all-NA columns when determining the result dtypes. To retain the old behavior, exclude the relevant entries before the concat operation.
  "controls": pd.concat([oldc, newc], ignore_index=True),
/Users/zhangzc/fable-trading/yoyo/evaluation/spike_high_r_entry_study.py:178: FutureWarning: The behavior of DataFrame concatenation with empty or all-NA entries is deprecated. In a future version, this will no longer exclude empty or all-NA columns when determining the result dtypes. To retain the old behavior, exclude the relevant entries before the concat operation.
  tables = {"trades": pd.concat([baseline, treatment], ignore_index=True),
/Users/zhangzc/fable-trading/yoyo/evaluation/spike_high_r_entry_study.py:179: FutureWarning: The behavior of DataFrame concatenation with empty or all-NA entries is deprecated. In a future version, this will no longer exclude empty or all-NA columns when determining the result dtypes. To retain the old behavior, exclude the relevant entries before the concat operation.
  "controls": pd.concat([oldc, newc], ignore_index=True),
/Users/zhangzc/fable-trading/yoyo/evaluation/spike_high_r_entry_study.py:180: FutureWarning: The behavior of DataFrame concatenation with empty or all-NA entries is deprecated. In a future version, this will no longer exclude empty or all-NA columns when determining the result dtypes. To retain the old behavior, exclude the relevant entries before the concat operation.
  "fills": pd.concat([tag(bf, "baseline"), tag(tf, "high_r_entry_v2")], ignore_index=True),
{"done": 2450, "target": 3531, "failures": 0, "seconds": 139.3}
/Users/zhangzc/fable-trading/yoyo/evaluation/spike_high_r_entry_study.py:179: FutureWarning: The behavior of DataFrame concatenation with empty or all-NA entries is deprecated. In a future version, this will no longer exclude empty or all-NA columns when determining the result dtypes. To retain the old behavior, exclude the relevant entries before the concat operation.
  "controls": pd.concat([oldc, newc], ignore_index=True),
/Users/zhangzc/fable-trading/yoyo/evaluation/spike_high_r_entry_study.py:179: FutureWarning: The behavior of DataFrame concatenation with empty or all-NA entries is deprecated. In a future version, this will no longer exclude empty or all-NA columns when determining the result dtypes. To retain the old behavior, exclude the relevant entries before the concat operation.
  "controls": pd.concat([oldc, newc], ignore_index=True),
/Users/zhangzc/fable-trading/yoyo/evaluation/spike_high_r_entry_study.py:178: FutureWarning: The behavior of DataFrame concatenation with empty or all-NA entries is deprecated. In a future version, this will no longer exclude empty or all-NA columns when determining the result dtypes. To retain the old behavior, exclude the relevant entries before the concat operation.
  tables = {"trades": pd.concat([baseline, treatment], ignore_index=True),
/Users/zhangzc/fable-trading/yoyo/evaluation/spike_high_r_entry_study.py:179: FutureWarning: The behavior of DataFrame concatenation with empty or all-NA entries is deprecated. In a future version, this will no longer exclude empty or all-NA columns when determining the result dtypes. To retain the old behavior, exclude the relevant entries before the concat operation.
  "controls": pd.concat([oldc, newc], ignore_index=True),
/Users/zhangzc/fable-trading/yoyo/evaluation/spike_high_r_entry_study.py:180: FutureWarning: The behavior of DataFrame concatenation with empty or all-NA entries is deprecated. In a future version, this will no longer exclude empty or all-NA columns when determining the result dtypes. To retain the old behavior, exclude the relevant entries before the concat operation.
  "fills": pd.concat([tag(bf, "baseline"), tag(tf, "high_r_entry_v2")], ignore_index=True),
/Users/zhangzc/fable-trading/yoyo/evaluation/spike_high_r_entry_study.py:178: FutureWarning: The behavior of DataFrame concatenation with empty or all-NA entries is deprecated. In a future version, this will no longer exclude empty or all-NA columns when determining the result dtypes. To retain the old behavior, exclude the relevant entries before the concat operation.
  tables = {"trades": pd.concat([baseline, treatment], ignore_index=True),
/Users/zhangzc/fable-trading/yoyo/evaluation/spike_high_r_entry_study.py:179: FutureWarning: The behavior of DataFrame concatenation with empty or all-NA entries is deprecated. In a future version, this will no longer exclude empty or all-NA columns when determining the result dtypes. To retain the old behavior, exclude the relevant entries before the concat operation.
  "controls": pd.concat([oldc, newc], ignore_index=True),
/Users/zhangzc/fable-trading/yoyo/evaluation/spike_high_r_entry_study.py:180: FutureWarning: The behavior of DataFrame concatenation with empty or all-NA entries is deprecated. In a future version, this will no longer exclude empty or all-NA columns when determining the result dtypes. To retain the old behavior, exclude the relevant entries before the concat operation.
  "fills": pd.concat([tag(bf, "baseline"), tag(tf, "high_r_entry_v2")], ignore_index=True),
{"done": 2500, "target": 3531, "failures": 0, "seconds": 140.6}
/Users/zhangzc/fable-trading/yoyo/evaluation/spike_high_r_entry_study.py:179: FutureWarning: The behavior of DataFrame concatenation with empty or all-NA entries is deprecated. In a future version, this will no longer exclude empty or all-NA columns when determining the result dtypes. To retain the old behavior, exclude the relevant entries before the concat operation.
  "controls": pd.concat([oldc, newc], ignore_index=True),
/Users/zhangzc/fable-trading/yoyo/evaluation/spike_high_r_entry_study.py:178: FutureWarning: The behavior of DataFrame concatenation with empty or all-NA entries is deprecated. In a future version, this will no longer exclude empty or all-NA columns when determining the result dtypes. To retain the old behavior, exclude the relevant entries before the concat operation.
  tables = {"trades": pd.concat([baseline, treatment], ignore_index=True),
/Users/zhangzc/fable-trading/yoyo/evaluation/spike_high_r_entry_study.py:179: FutureWarning: The behavior of DataFrame concatenation with empty or all-NA entries is deprecated. In a future version, this will no longer exclude empty or all-NA columns when determining the result dtypes. To retain the old behavior, exclude the relevant entries before the concat operation.
  "controls": pd.concat([oldc, newc], ignore_index=True),
/Users/zhangzc/fable-trading/yoyo/evaluation/spike_high_r_entry_study.py:180: FutureWarning: The behavior of DataFrame concatenation with empty or all-NA entries is deprecated. In a future version, this will no longer exclude empty or all-NA columns when determining the result dtypes. To retain the old behavior, exclude the relevant entries before the concat operation.
  "fills": pd.concat([tag(bf, "baseline"), tag(tf, "high_r_entry_v2")], ignore_index=True),
/Users/zhangzc/fable-trading/yoyo/evaluation/spike_high_r_entry_study.py:179: FutureWarning: The behavior of DataFrame concatenation with empty or all-NA entries is deprecated. In a future version, this will no longer exclude empty or all-NA columns when determining the result dtypes. To retain the old behavior, exclude the relevant entries before the concat operation.
  "controls": pd.concat([oldc, newc], ignore_index=True),
/Users/zhangzc/fable-trading/yoyo/evaluation/spike_high_r_entry_study.py:178: FutureWarning: The behavior of DataFrame concatenation with empty or all-NA entries is deprecated. In a future version, this will no longer exclude empty or all-NA columns when determining the result dtypes. To retain the old behavior, exclude the relevant entries before the concat operation.
  tables = {"trades": pd.concat([baseline, treatment], ignore_index=True),
/Users/zhangzc/fable-trading/yoyo/evaluation/spike_high_r_entry_study.py:179: FutureWarning: The behavior of DataFrame concatenation with empty or all-NA entries is deprecated. In a future version, this will no longer exclude empty or all-NA columns when determining the result dtypes. To retain the old behavior, exclude the relevant entries before the concat operation.
  "controls": pd.concat([oldc, newc], ignore_index=True),
/Users/zhangzc/fable-trading/yoyo/evaluation/spike_high_r_entry_study.py:180: FutureWarning: The behavior of DataFrame concatenation with empty or all-NA entries is deprecated. In a future version, this will no longer exclude empty or all-NA columns when determining the result dtypes. To retain the old behavior, exclude the relevant entries before the concat operation.
  "fills": pd.concat([tag(bf, "baseline"), tag(tf, "high_r_entry_v2")], ignore_index=True),
{"done": 2550, "target": 3531, "failures": 0, "seconds": 141.7}
/Users/zhangzc/fable-trading/yoyo/evaluation/spike_high_r_entry_study.py:179: FutureWarning: The behavior of DataFrame concatenation with empty or all-NA entries is deprecated. In a future version, this will no longer exclude empty or all-NA columns when determining the result dtypes. To retain the old behavior, exclude the relevant entries before the concat operation.
  "controls": pd.concat([oldc, newc], ignore_index=True),
/Users/zhangzc/fable-trading/yoyo/evaluation/spike_high_r_entry_study.py:179: FutureWarning: The behavior of DataFrame concatenation with empty or all-NA entries is deprecated. In a future version, this will no longer exclude empty or all-NA columns when determining the result dtypes. To retain the old behavior, exclude the relevant entries before the concat operation.
  "controls": pd.concat([oldc, newc], ignore_index=True),
{"done": 2600, "target": 3531, "failures": 0, "seconds": 143.0}
/Users/zhangzc/fable-trading/yoyo/evaluation/spike_high_r_entry_study.py:179: FutureWarning: The behavior of DataFrame concatenation with empty or all-NA entries is deprecated. In a future version, this will no longer exclude empty or all-NA columns when determining the result dtypes. To retain the old behavior, exclude the relevant entries before the concat operation.
  "controls": pd.concat([oldc, newc], ignore_index=True),
/Users/zhangzc/fable-trading/yoyo/evaluation/spike_high_r_entry_study.py:178: FutureWarning: The behavior of DataFrame concatenation with empty or all-NA entries is deprecated. In a future version, this will no longer exclude empty or all-NA columns when determining the result dtypes. To retain the old behavior, exclude the relevant entries before the concat operation.
  tables = {"trades": pd.concat([baseline, treatment], ignore_index=True),
/Users/zhangzc/fable-trading/yoyo/evaluation/spike_high_r_entry_study.py:179: FutureWarning: The behavior of DataFrame concatenation with empty or all-NA entries is deprecated. In a future version, this will no longer exclude empty or all-NA columns when determining the result dtypes. To retain the old behavior, exclude the relevant entries before the concat operation.
  "controls": pd.concat([oldc, newc], ignore_index=True),
/Users/zhangzc/fable-trading/yoyo/evaluation/spike_high_r_entry_study.py:180: FutureWarning: The behavior of DataFrame concatenation with empty or all-NA entries is deprecated. In a future version, this will no longer exclude empty or all-NA columns when determining the result dtypes. To retain the old behavior, exclude the relevant entries before the concat operation.
  "fills": pd.concat([tag(bf, "baseline"), tag(tf, "high_r_entry_v2")], ignore_index=True),
/Users/zhangzc/fable-trading/yoyo/evaluation/spike_high_r_entry_study.py:179: FutureWarning: The behavior of DataFrame concatenation with empty or all-NA entries is deprecated. In a future version, this will no longer exclude empty or all-NA columns when determining the result dtypes. To retain the old behavior, exclude the relevant entries before the concat operation.
  "controls": pd.concat([oldc, newc], ignore_index=True),
/Users/zhangzc/fable-trading/yoyo/evaluation/spike_high_r_entry_study.py:179: FutureWarning: The behavior of DataFrame concatenation with empty or all-NA entries is deprecated. In a future version, this will no longer exclude empty or all-NA columns when determining the result dtypes. To retain the old behavior, exclude the relevant entries before the concat operation.
  "controls": pd.concat([oldc, newc], ignore_index=True),
/Users/zhangzc/fable-trading/yoyo/evaluation/spike_high_r_entry_study.py:179: FutureWarning: The behavior of DataFrame concatenation with empty or all-NA entries is deprecated. In a future version, this will no longer exclude empty or all-NA columns when determining the result dtypes. To retain the old behavior, exclude the relevant entries before the concat operation.
  "controls": pd.concat([oldc, newc], ignore_index=True),
{"done": 2650, "target": 3531, "failures": 0, "seconds": 144.2}
/Users/zhangzc/fable-trading/yoyo/evaluation/spike_high_r_entry_study.py:179: FutureWarning: The behavior of DataFrame concatenation with empty or all-NA entries is deprecated. In a future version, this will no longer exclude empty or all-NA columns when determining the result dtypes. To retain the old behavior, exclude the relevant entries before the concat operation.
  "controls": pd.concat([oldc, newc], ignore_index=True),
{"done": 2700, "target": 3531, "failures": 0, "seconds": 147.9}
/Users/zhangzc/fable-trading/yoyo/evaluation/spike_high_r_entry_study.py:179: FutureWarning: The behavior of DataFrame concatenation with empty or all-NA entries is deprecated. In a future version, this will no longer exclude empty or all-NA columns when determining the result dtypes. To retain the old behavior, exclude the relevant entries before the concat operation.
  "controls": pd.concat([oldc, newc], ignore_index=True),
/Users/zhangzc/fable-trading/yoyo/evaluation/spike_high_r_entry_study.py:178: FutureWarning: The behavior of DataFrame concatenation with empty or all-NA entries is deprecated. In a future version, this will no longer exclude empty or all-NA columns when determining the result dtypes. To retain the old behavior, exclude the relevant entries before the concat operation.
  tables = {"trades": pd.concat([baseline, treatment], ignore_index=True),
/Users/zhangzc/fable-trading/yoyo/evaluation/spike_high_r_entry_study.py:179: FutureWarning: The behavior of DataFrame concatenation with empty or all-NA entries is deprecated. In a future version, this will no longer exclude empty or all-NA columns when determining the result dtypes. To retain the old behavior, exclude the relevant entries before the concat operation.
  "controls": pd.concat([oldc, newc], ignore_index=True),
/Users/zhangzc/fable-trading/yoyo/evaluation/spike_high_r_entry_study.py:180: FutureWarning: The behavior of DataFrame concatenation with empty or all-NA entries is deprecated. In a future version, this will no longer exclude empty or all-NA columns when determining the result dtypes. To retain the old behavior, exclude the relevant entries before the concat operation.
  "fills": pd.concat([tag(bf, "baseline"), tag(tf, "high_r_entry_v2")], ignore_index=True),
{"done": 2750, "target": 3531, "failures": 0, "seconds": 153.4}
/Users/zhangzc/fable-trading/yoyo/evaluation/spike_high_r_entry_study.py:179: FutureWarning: The behavior of DataFrame concatenation with empty or all-NA entries is deprecated. In a future version, this will no longer exclude empty or all-NA columns when determining the result dtypes. To retain the old behavior, exclude the relevant entries before the concat operation.
  "controls": pd.concat([oldc, newc], ignore_index=True),
/Users/zhangzc/fable-trading/yoyo/evaluation/spike_high_r_entry_study.py:179: FutureWarning: The behavior of DataFrame concatenation with empty or all-NA entries is deprecated. In a future version, this will no longer exclude empty or all-NA columns when determining the result dtypes. To retain the old behavior, exclude the relevant entries before the concat operation.
  "controls": pd.concat([oldc, newc], ignore_index=True),
/Users/zhangzc/fable-trading/yoyo/evaluation/spike_high_r_entry_study.py:179: FutureWarning: The behavior of DataFrame concatenation with empty or all-NA entries is deprecated. In a future version, this will no longer exclude empty or all-NA columns when determining the result dtypes. To retain the old behavior, exclude the relevant entries before the concat operation.
  "controls": pd.concat([oldc, newc], ignore_index=True),
{"done": 2800, "target": 3531, "failures": 0, "seconds": 158.0}
/Users/zhangzc/fable-trading/yoyo/evaluation/spike_high_r_entry_study.py:179: FutureWarning: The behavior of DataFrame concatenation with empty or all-NA entries is deprecated. In a future version, this will no longer exclude empty or all-NA columns when determining the result dtypes. To retain the old behavior, exclude the relevant entries before the concat operation.
  "controls": pd.concat([oldc, newc], ignore_index=True),
/Users/zhangzc/fable-trading/yoyo/evaluation/spike_high_r_entry_study.py:179: FutureWarning: The behavior of DataFrame concatenation with empty or all-NA entries is deprecated. In a future version, this will no longer exclude empty or all-NA columns when determining the result dtypes. To retain the old behavior, exclude the relevant entries before the concat operation.
  "controls": pd.concat([oldc, newc], ignore_index=True),
{"done": 2850, "target": 3531, "failures": 0, "seconds": 162.5}
/Users/zhangzc/fable-trading/yoyo/evaluation/spike_high_r_entry_study.py:178: FutureWarning: The behavior of DataFrame concatenation with empty or all-NA entries is deprecated. In a future version, this will no longer exclude empty or all-NA columns when determining the result dtypes. To retain the old behavior, exclude the relevant entries before the concat operation.
  tables = {"trades": pd.concat([baseline, treatment], ignore_index=True),
/Users/zhangzc/fable-trading/yoyo/evaluation/spike_high_r_entry_study.py:179: FutureWarning: The behavior of DataFrame concatenation with empty or all-NA entries is deprecated. In a future version, this will no longer exclude empty or all-NA columns when determining the result dtypes. To retain the old behavior, exclude the relevant entries before the concat operation.
  "controls": pd.concat([oldc, newc], ignore_index=True),
/Users/zhangzc/fable-trading/yoyo/evaluation/spike_high_r_entry_study.py:180: FutureWarning: The behavior of DataFrame concatenation with empty or all-NA entries is deprecated. In a future version, this will no longer exclude empty or all-NA columns when determining the result dtypes. To retain the old behavior, exclude the relevant entries before the concat operation.
  "fills": pd.concat([tag(bf, "baseline"), tag(tf, "high_r_entry_v2")], ignore_index=True),
/Users/zhangzc/fable-trading/yoyo/evaluation/spike_high_r_entry_study.py:179: FutureWarning: The behavior of DataFrame concatenation with empty or all-NA entries is deprecated. In a future version, this will no longer exclude empty or all-NA columns when determining the result dtypes. To retain the old behavior, exclude the relevant entries before the concat operation.
  "controls": pd.concat([oldc, newc], ignore_index=True),
/Users/zhangzc/fable-trading/yoyo/evaluation/spike_high_r_entry_study.py:179: FutureWarning: The behavior of DataFrame concatenation with empty or all-NA entries is deprecated. In a future version, this will no longer exclude empty or all-NA columns when determining the result dtypes. To retain the old behavior, exclude the relevant entries before the concat operation.
  "controls": pd.concat([oldc, newc], ignore_index=True),
/Users/zhangzc/fable-trading/yoyo/evaluation/spike_high_r_entry_study.py:179: FutureWarning: The behavior of DataFrame concatenation with empty or all-NA entries is deprecated. In a future version, this will no longer exclude empty or all-NA columns when determining the result dtypes. To retain the old behavior, exclude the relevant entries before the concat operation.
  "controls": pd.concat([oldc, newc], ignore_index=True),
/Users/zhangzc/fable-trading/yoyo/evaluation/spike_high_r_entry_study.py:179: FutureWarning: The behavior of DataFrame concatenation with empty or all-NA entries is deprecated. In a future version, this will no longer exclude empty or all-NA columns when determining the result dtypes. To retain the old behavior, exclude the relevant entries before the concat operation.
  "controls": pd.concat([oldc, newc], ignore_index=True),
{"done": 2900, "target": 3531, "failures": 0, "seconds": 167.3}
/Users/zhangzc/fable-trading/yoyo/evaluation/spike_high_r_entry_study.py:179: FutureWarning: The behavior of DataFrame concatenation with empty or all-NA entries is deprecated. In a future version, this will no longer exclude empty or all-NA columns when determining the result dtypes. To retain the old behavior, exclude the relevant entries before the concat operation.
  "controls": pd.concat([oldc, newc], ignore_index=True),
/Users/zhangzc/fable-trading/yoyo/evaluation/spike_high_r_entry_study.py:179: FutureWarning: The behavior of DataFrame concatenation with empty or all-NA entries is deprecated. In a future version, this will no longer exclude empty or all-NA columns when determining the result dtypes. To retain the old behavior, exclude the relevant entries before the concat operation.
  "controls": pd.concat([oldc, newc], ignore_index=True),
{"done": 2950, "target": 3531, "failures": 0, "seconds": 172.3}
/Users/zhangzc/fable-trading/yoyo/evaluation/spike_high_r_entry_study.py:179: FutureWarning: The behavior of DataFrame concatenation with empty or all-NA entries is deprecated. In a future version, this will no longer exclude empty or all-NA columns when determining the result dtypes. To retain the old behavior, exclude the relevant entries before the concat operation.
  "controls": pd.concat([oldc, newc], ignore_index=True),
/Users/zhangzc/fable-trading/yoyo/evaluation/spike_high_r_entry_study.py:179: FutureWarning: The behavior of DataFrame concatenation with empty or all-NA entries is deprecated. In a future version, this will no longer exclude empty or all-NA columns when determining the result dtypes. To retain the old behavior, exclude the relevant entries before the concat operation.
  "controls": pd.concat([oldc, newc], ignore_index=True),
/Users/zhangzc/fable-trading/yoyo/evaluation/spike_high_r_entry_study.py:179: FutureWarning: The behavior of DataFrame concatenation with empty or all-NA entries is deprecated. In a future version, this will no longer exclude empty or all-NA columns when determining the result dtypes. To retain the old behavior, exclude the relevant entries before the concat operation.
  "controls": pd.concat([oldc, newc], ignore_index=True),
/Users/zhangzc/fable-trading/yoyo/evaluation/spike_high_r_entry_study.py:179: FutureWarning: The behavior of DataFrame concatenation with empty or all-NA entries is deprecated. In a future version, this will no longer exclude empty or all-NA columns when determining the result dtypes. To retain the old behavior, exclude the relevant entries before the concat operation.
  "controls": pd.concat([oldc, newc], ignore_index=True),
/Users/zhangzc/fable-trading/yoyo/evaluation/spike_high_r_entry_study.py:179: FutureWarning: The behavior of DataFrame concatenation with empty or all-NA entries is deprecated. In a future version, this will no longer exclude empty or all-NA columns when determining the result dtypes. To retain the old behavior, exclude the relevant entries before the concat operation.
  "controls": pd.concat([oldc, newc], ignore_index=True),
{"done": 3000, "target": 3531, "failures": 0, "seconds": 177.3}
/Users/zhangzc/fable-trading/yoyo/evaluation/spike_high_r_entry_study.py:179: FutureWarning: The behavior of DataFrame concatenation with empty or all-NA entries is deprecated. In a future version, this will no longer exclude empty or all-NA columns when determining the result dtypes. To retain the old behavior, exclude the relevant entries before the concat operation.
  "controls": pd.concat([oldc, newc], ignore_index=True),
/Users/zhangzc/fable-trading/yoyo/evaluation/spike_high_r_entry_study.py:179: FutureWarning: The behavior of DataFrame concatenation with empty or all-NA entries is deprecated. In a future version, this will no longer exclude empty or all-NA columns when determining the result dtypes. To retain the old behavior, exclude the relevant entries before the concat operation.
  "controls": pd.concat([oldc, newc], ignore_index=True),
{"done": 3050, "target": 3531, "failures": 0, "seconds": 182.3}
/Users/zhangzc/fable-trading/yoyo/evaluation/spike_high_r_entry_study.py:178: FutureWarning: The behavior of DataFrame concatenation with empty or all-NA entries is deprecated. In a future version, this will no longer exclude empty or all-NA columns when determining the result dtypes. To retain the old behavior, exclude the relevant entries before the concat operation.
  tables = {"trades": pd.concat([baseline, treatment], ignore_index=True),
/Users/zhangzc/fable-trading/yoyo/evaluation/spike_high_r_entry_study.py:179: FutureWarning: The behavior of DataFrame concatenation with empty or all-NA entries is deprecated. In a future version, this will no longer exclude empty or all-NA columns when determining the result dtypes. To retain the old behavior, exclude the relevant entries before the concat operation.
  "controls": pd.concat([oldc, newc], ignore_index=True),
/Users/zhangzc/fable-trading/yoyo/evaluation/spike_high_r_entry_study.py:180: FutureWarning: The behavior of DataFrame concatenation with empty or all-NA entries is deprecated. In a future version, this will no longer exclude empty or all-NA columns when determining the result dtypes. To retain the old behavior, exclude the relevant entries before the concat operation.
  "fills": pd.concat([tag(bf, "baseline"), tag(tf, "high_r_entry_v2")], ignore_index=True),
/Users/zhangzc/fable-trading/yoyo/evaluation/spike_high_r_entry_study.py:179: FutureWarning: The behavior of DataFrame concatenation with empty or all-NA entries is deprecated. In a future version, this will no longer exclude empty or all-NA columns when determining the result dtypes. To retain the old behavior, exclude the relevant entries before the concat operation.
  "controls": pd.concat([oldc, newc], ignore_index=True),
/Users/zhangzc/fable-trading/yoyo/evaluation/spike_high_r_entry_study.py:179: FutureWarning: The behavior of DataFrame concatenation with empty or all-NA entries is deprecated. In a future version, this will no longer exclude empty or all-NA columns when determining the result dtypes. To retain the old behavior, exclude the relevant entries before the concat operation.
  "controls": pd.concat([oldc, newc], ignore_index=True),
/Users/zhangzc/fable-trading/yoyo/evaluation/spike_high_r_entry_study.py:179: FutureWarning: The behavior of DataFrame concatenation with empty or all-NA entries is deprecated. In a future version, this will no longer exclude empty or all-NA columns when determining the result dtypes. To retain the old behavior, exclude the relevant entries before the concat operation.
  "controls": pd.concat([oldc, newc], ignore_index=True),
{"done": 3100, "target": 3531, "failures": 0, "seconds": 186.6}
/Users/zhangzc/fable-trading/yoyo/evaluation/spike_high_r_entry_study.py:179: FutureWarning: The behavior of DataFrame concatenation with empty or all-NA entries is deprecated. In a future version, this will no longer exclude empty or all-NA columns when determining the result dtypes. To retain the old behavior, exclude the relevant entries before the concat operation.
  "controls": pd.concat([oldc, newc], ignore_index=True),
/Users/zhangzc/fable-trading/yoyo/evaluation/spike_high_r_entry_study.py:179: FutureWarning: The behavior of DataFrame concatenation with empty or all-NA entries is deprecated. In a future version, this will no longer exclude empty or all-NA columns when determining the result dtypes. To retain the old behavior, exclude the relevant entries before the concat operation.
  "controls": pd.concat([oldc, newc], ignore_index=True),
/Users/zhangzc/fable-trading/yoyo/evaluation/spike_high_r_entry_study.py:179: FutureWarning: The behavior of DataFrame concatenation with empty or all-NA entries is deprecated. In a future version, this will no longer exclude empty or all-NA columns when determining the result dtypes. To retain the old behavior, exclude the relevant entries before the concat operation.
  "controls": pd.concat([oldc, newc], ignore_index=True),
/Users/zhangzc/fable-trading/yoyo/evaluation/spike_high_r_entry_study.py:179: FutureWarning: The behavior of DataFrame concatenation with empty or all-NA entries is deprecated. In a future version, this will no longer exclude empty or all-NA columns when determining the result dtypes. To retain the old behavior, exclude the relevant entries before the concat operation.
  "controls": pd.concat([oldc, newc], ignore_index=True),
/Users/zhangzc/fable-trading/yoyo/evaluation/spike_high_r_entry_study.py:179: FutureWarning: The behavior of DataFrame concatenation with empty or all-NA entries is deprecated. In a future version, this will no longer exclude empty or all-NA columns when determining the result dtypes. To retain the old behavior, exclude the relevant entries before the concat operation.
  "controls": pd.concat([oldc, newc], ignore_index=True),
{"done": 3150, "target": 3531, "failures": 0, "seconds": 189.7}
/Users/zhangzc/fable-trading/yoyo/evaluation/spike_high_r_entry_study.py:178: FutureWarning: The behavior of DataFrame concatenation with empty or all-NA entries is deprecated. In a future version, this will no longer exclude empty or all-NA columns when determining the result dtypes. To retain the old behavior, exclude the relevant entries before the concat operation.
  tables = {"trades": pd.concat([baseline, treatment], ignore_index=True),
/Users/zhangzc/fable-trading/yoyo/evaluation/spike_high_r_entry_study.py:179: FutureWarning: The behavior of DataFrame concatenation with empty or all-NA entries is deprecated. In a future version, this will no longer exclude empty or all-NA columns when determining the result dtypes. To retain the old behavior, exclude the relevant entries before the concat operation.
  "controls": pd.concat([oldc, newc], ignore_index=True),
/Users/zhangzc/fable-trading/yoyo/evaluation/spike_high_r_entry_study.py:180: FutureWarning: The behavior of DataFrame concatenation with empty or all-NA entries is deprecated. In a future version, this will no longer exclude empty or all-NA columns when determining the result dtypes. To retain the old behavior, exclude the relevant entries before the concat operation.
  "fills": pd.concat([tag(bf, "baseline"), tag(tf, "high_r_entry_v2")], ignore_index=True),
/Users/zhangzc/fable-trading/yoyo/evaluation/spike_high_r_entry_study.py:179: FutureWarning: The behavior of DataFrame concatenation with empty or all-NA entries is deprecated. In a future version, this will no longer exclude empty or all-NA columns when determining the result dtypes. To retain the old behavior, exclude the relevant entries before the concat operation.
  "controls": pd.concat([oldc, newc], ignore_index=True),
/Users/zhangzc/fable-trading/yoyo/evaluation/spike_high_r_entry_study.py:179: FutureWarning: The behavior of DataFrame concatenation with empty or all-NA entries is deprecated. In a future version, this will no longer exclude empty or all-NA columns when determining the result dtypes. To retain the old behavior, exclude the relevant entries before the concat operation.
  "controls": pd.concat([oldc, newc], ignore_index=True),
/Users/zhangzc/fable-trading/yoyo/evaluation/spike_high_r_entry_study.py:179: FutureWarning: The behavior of DataFrame concatenation with empty or all-NA entries is deprecated. In a future version, this will no longer exclude empty or all-NA columns when determining the result dtypes. To retain the old behavior, exclude the relevant entries before the concat operation.
  "controls": pd.concat([oldc, newc], ignore_index=True),
/Users/zhangzc/fable-trading/yoyo/evaluation/spike_high_r_entry_study.py:179: FutureWarning: The behavior of DataFrame concatenation with empty or all-NA entries is deprecated. In a future version, this will no longer exclude empty or all-NA columns when determining the result dtypes. To retain the old behavior, exclude the relevant entries before the concat operation.
  "controls": pd.concat([oldc, newc], ignore_index=True),
{"done": 3200, "target": 3531, "failures": 0, "seconds": 192.3}
/Users/zhangzc/fable-trading/yoyo/evaluation/spike_high_r_entry_study.py:179: FutureWarning: The behavior of DataFrame concatenation with empty or all-NA entries is deprecated. In a future version, this will no longer exclude empty or all-NA columns when determining the result dtypes. To retain the old behavior, exclude the relevant entries before the concat operation.
  "controls": pd.concat([oldc, newc], ignore_index=True),
/Users/zhangzc/fable-trading/yoyo/evaluation/spike_high_r_entry_study.py:179: FutureWarning: The behavior of DataFrame concatenation with empty or all-NA entries is deprecated. In a future version, this will no longer exclude empty or all-NA columns when determining the result dtypes. To retain the old behavior, exclude the relevant entries before the concat operation.
  "controls": pd.concat([oldc, newc], ignore_index=True),
/Users/zhangzc/fable-trading/yoyo/evaluation/spike_high_r_entry_study.py:178: FutureWarning: The behavior of DataFrame concatenation with empty or all-NA entries is deprecated. In a future version, this will no longer exclude empty or all-NA columns when determining the result dtypes. To retain the old behavior, exclude the relevant entries before the concat operation.
  tables = {"trades": pd.concat([baseline, treatment], ignore_index=True),
/Users/zhangzc/fable-trading/yoyo/evaluation/spike_high_r_entry_study.py:179: FutureWarning: The behavior of DataFrame concatenation with empty or all-NA entries is deprecated. In a future version, this will no longer exclude empty or all-NA columns when determining the result dtypes. To retain the old behavior, exclude the relevant entries before the concat operation.
  "controls": pd.concat([oldc, newc], ignore_index=True),
/Users/zhangzc/fable-trading/yoyo/evaluation/spike_high_r_entry_study.py:180: FutureWarning: The behavior of DataFrame concatenation with empty or all-NA entries is deprecated. In a future version, this will no longer exclude empty or all-NA columns when determining the result dtypes. To retain the old behavior, exclude the relevant entries before the concat operation.
  "fills": pd.concat([tag(bf, "baseline"), tag(tf, "high_r_entry_v2")], ignore_index=True),
/Users/zhangzc/fable-trading/yoyo/evaluation/spike_high_r_entry_study.py:179: FutureWarning: The behavior of DataFrame concatenation with empty or all-NA entries is deprecated. In a future version, this will no longer exclude empty or all-NA columns when determining the result dtypes. To retain the old behavior, exclude the relevant entries before the concat operation.
  "controls": pd.concat([oldc, newc], ignore_index=True),
/Users/zhangzc/fable-trading/yoyo/evaluation/spike_high_r_entry_study.py:179: FutureWarning: The behavior of DataFrame concatenation with empty or all-NA entries is deprecated. In a future version, this will no longer exclude empty or all-NA columns when determining the result dtypes. To retain the old behavior, exclude the relevant entries before the concat operation.
  "controls": pd.concat([oldc, newc], ignore_index=True),
/Users/zhangzc/fable-trading/yoyo/evaluation/spike_high_r_entry_study.py:179: FutureWarning: The behavior of DataFrame concatenation with empty or all-NA entries is deprecated. In a future version, this will no longer exclude empty or all-NA columns when determining the result dtypes. To retain the old behavior, exclude the relevant entries before the concat operation.
  "controls": pd.concat([oldc, newc], ignore_index=True),
{"done": 3250, "target": 3531, "failures": 0, "seconds": 195.1}
/Users/zhangzc/fable-trading/yoyo/evaluation/spike_high_r_entry_study.py:179: FutureWarning: The behavior of DataFrame concatenation with empty or all-NA entries is deprecated. In a future version, this will no longer exclude empty or all-NA columns when determining the result dtypes. To retain the old behavior, exclude the relevant entries before the concat operation.
  "controls": pd.concat([oldc, newc], ignore_index=True),
/Users/zhangzc/fable-trading/yoyo/evaluation/spike_high_r_entry_study.py:179: FutureWarning: The behavior of DataFrame concatenation with empty or all-NA entries is deprecated. In a future version, this will no longer exclude empty or all-NA columns when determining the result dtypes. To retain the old behavior, exclude the relevant entries before the concat operation.
  "controls": pd.concat([oldc, newc], ignore_index=True),
/Users/zhangzc/fable-trading/yoyo/evaluation/spike_high_r_entry_study.py:179: FutureWarning: The behavior of DataFrame concatenation with empty or all-NA entries is deprecated. In a future version, this will no longer exclude empty or all-NA columns when determining the result dtypes. To retain the old behavior, exclude the relevant entries before the concat operation.
  "controls": pd.concat([oldc, newc], ignore_index=True),
/Users/zhangzc/fable-trading/yoyo/evaluation/spike_high_r_entry_study.py:179: FutureWarning: The behavior of DataFrame concatenation with empty or all-NA entries is deprecated. In a future version, this will no longer exclude empty or all-NA columns when determining the result dtypes. To retain the old behavior, exclude the relevant entries before the concat operation.
  "controls": pd.concat([oldc, newc], ignore_index=True),
{"done": 3300, "target": 3531, "failures": 0, "seconds": 197.9}
/Users/zhangzc/fable-trading/yoyo/evaluation/spike_high_r_entry_study.py:179: FutureWarning: The behavior of DataFrame concatenation with empty or all-NA entries is deprecated. In a future version, this will no longer exclude empty or all-NA columns when determining the result dtypes. To retain the old behavior, exclude the relevant entries before the concat operation.
  "controls": pd.concat([oldc, newc], ignore_index=True),
/Users/zhangzc/fable-trading/yoyo/evaluation/spike_high_r_entry_study.py:179: FutureWarning: The behavior of DataFrame concatenation with empty or all-NA entries is deprecated. In a future version, this will no longer exclude empty or all-NA columns when determining the result dtypes. To retain the old behavior, exclude the relevant entries before the concat operation.
  "controls": pd.concat([oldc, newc], ignore_index=True),
/Users/zhangzc/fable-trading/yoyo/evaluation/spike_high_r_entry_study.py:179: FutureWarning: The behavior of DataFrame concatenation with empty or all-NA entries is deprecated. In a future version, this will no longer exclude empty or all-NA columns when determining the result dtypes. To retain the old behavior, exclude the relevant entries before the concat operation.
  "controls": pd.concat([oldc, newc], ignore_index=True),
/Users/zhangzc/fable-trading/yoyo/evaluation/spike_high_r_entry_study.py:179: FutureWarning: The behavior of DataFrame concatenation with empty or all-NA entries is deprecated. In a future version, this will no longer exclude empty or all-NA columns when determining the result dtypes. To retain the old behavior, exclude the relevant entries before the concat operation.
  "controls": pd.concat([oldc, newc], ignore_index=True),
/Users/zhangzc/fable-trading/yoyo/evaluation/spike_high_r_entry_study.py:179: FutureWarning: The behavior of DataFrame concatenation with empty or all-NA entries is deprecated. In a future version, this will no longer exclude empty or all-NA columns when determining the result dtypes. To retain the old behavior, exclude the relevant entries before the concat operation.
  "controls": pd.concat([oldc, newc], ignore_index=True),
{"done": 3350, "target": 3531, "failures": 0, "seconds": 200.4}
/Users/zhangzc/fable-trading/yoyo/evaluation/spike_high_r_entry_study.py:178: FutureWarning: The behavior of DataFrame concatenation with empty or all-NA entries is deprecated. In a future version, this will no longer exclude empty or all-NA columns when determining the result dtypes. To retain the old behavior, exclude the relevant entries before the concat operation.
  tables = {"trades": pd.concat([baseline, treatment], ignore_index=True),
/Users/zhangzc/fable-trading/yoyo/evaluation/spike_high_r_entry_study.py:179: FutureWarning: The behavior of DataFrame concatenation with empty or all-NA entries is deprecated. In a future version, this will no longer exclude empty or all-NA columns when determining the result dtypes. To retain the old behavior, exclude the relevant entries before the concat operation.
  "controls": pd.concat([oldc, newc], ignore_index=True),
/Users/zhangzc/fable-trading/yoyo/evaluation/spike_high_r_entry_study.py:180: FutureWarning: The behavior of DataFrame concatenation with empty or all-NA entries is deprecated. In a future version, this will no longer exclude empty or all-NA columns when determining the result dtypes. To retain the old behavior, exclude the relevant entries before the concat operation.
  "fills": pd.concat([tag(bf, "baseline"), tag(tf, "high_r_entry_v2")], ignore_index=True),
/Users/zhangzc/fable-trading/yoyo/evaluation/spike_high_r_entry_study.py:179: FutureWarning: The behavior of DataFrame concatenation with empty or all-NA entries is deprecated. In a future version, this will no longer exclude empty or all-NA columns when determining the result dtypes. To retain the old behavior, exclude the relevant entries before the concat operation.
  "controls": pd.concat([oldc, newc], ignore_index=True),
/Users/zhangzc/fable-trading/yoyo/evaluation/spike_high_r_entry_study.py:179: FutureWarning: The behavior of DataFrame concatenation with empty or all-NA entries is deprecated. In a future version, this will no longer exclude empty or all-NA columns when determining the result dtypes. To retain the old behavior, exclude the relevant entries before the concat operation.
  "controls": pd.concat([oldc, newc], ignore_index=True),
/Users/zhangzc/fable-trading/yoyo/evaluation/spike_high_r_entry_study.py:179: FutureWarning: The behavior of DataFrame concatenation with empty or all-NA entries is deprecated. In a future version, this will no longer exclude empty or all-NA columns when determining the result dtypes. To retain the old behavior, exclude the relevant entries before the concat operation.
  "controls": pd.concat([oldc, newc], ignore_index=True),
/Users/zhangzc/fable-trading/yoyo/evaluation/spike_high_r_entry_study.py:179: FutureWarning: The behavior of DataFrame concatenation with empty or all-NA entries is deprecated. In a future version, this will no longer exclude empty or all-NA columns when determining the result dtypes. To retain the old behavior, exclude the relevant entries before the concat operation.
  "controls": pd.concat([oldc, newc], ignore_index=True),
/Users/zhangzc/fable-trading/yoyo/evaluation/spike_high_r_entry_study.py:179: FutureWarning: The behavior of DataFrame concatenation with empty or all-NA entries is deprecated. In a future version, this will no longer exclude empty or all-NA columns when determining the result dtypes. To retain the old behavior, exclude the relevant entries before the concat operation.
  "controls": pd.concat([oldc, newc], ignore_index=True),
{"done": 3400, "target": 3531, "failures": 0, "seconds": 203.1}
/Users/zhangzc/fable-trading/yoyo/evaluation/spike_high_r_entry_study.py:179: FutureWarning: The behavior of DataFrame concatenation with empty or all-NA entries is deprecated. In a future version, this will no longer exclude empty or all-NA columns when determining the result dtypes. To retain the old behavior, exclude the relevant entries before the concat operation.
  "controls": pd.concat([oldc, newc], ignore_index=True),
/Users/zhangzc/fable-trading/yoyo/evaluation/spike_high_r_entry_study.py:179: FutureWarning: The behavior of DataFrame concatenation with empty or all-NA entries is deprecated. In a future version, this will no longer exclude empty or all-NA columns when determining the result dtypes. To retain the old behavior, exclude the relevant entries before the concat operation.
  "controls": pd.concat([oldc, newc], ignore_index=True),
/Users/zhangzc/fable-trading/yoyo/evaluation/spike_high_r_entry_study.py:179: FutureWarning: The behavior of DataFrame concatenation with empty or all-NA entries is deprecated. In a future version, this will no longer exclude empty or all-NA columns when determining the result dtypes. To retain the old behavior, exclude the relevant entries before the concat operation.
  "controls": pd.concat([oldc, newc], ignore_index=True),
/Users/zhangzc/fable-trading/yoyo/evaluation/spike_high_r_entry_study.py:179: FutureWarning: The behavior of DataFrame concatenation with empty or all-NA entries is deprecated. In a future version, this will no longer exclude empty or all-NA columns when determining the result dtypes. To retain the old behavior, exclude the relevant entries before the concat operation.
  "controls": pd.concat([oldc, newc], ignore_index=True),
/Users/zhangzc/fable-trading/yoyo/evaluation/spike_high_r_entry_study.py:179: FutureWarning: The behavior of DataFrame concatenation with empty or all-NA entries is deprecated. In a future version, this will no longer exclude empty or all-NA columns when determining the result dtypes. To retain the old behavior, exclude the relevant entries before the concat operation.
  "controls": pd.concat([oldc, newc], ignore_index=True),
/Users/zhangzc/fable-trading/yoyo/evaluation/spike_high_r_entry_study.py:179: FutureWarning: The behavior of DataFrame concatenation with empty or all-NA entries is deprecated. In a future version, this will no longer exclude empty or all-NA columns when determining the result dtypes. To retain the old behavior, exclude the relevant entries before the concat operation.
  "controls": pd.concat([oldc, newc], ignore_index=True),
/Users/zhangzc/fable-trading/yoyo/evaluation/spike_high_r_entry_study.py:179: FutureWarning: The behavior of DataFrame concatenation with empty or all-NA entries is deprecated. In a future version, this will no longer exclude empty or all-NA columns when determining the result dtypes. To retain the old behavior, exclude the relevant entries before the concat operation.
  "controls": pd.concat([oldc, newc], ignore_index=True),
{"done": 3450, "target": 3531, "failures": 0, "seconds": 205.8}
/Users/zhangzc/fable-trading/yoyo/evaluation/spike_high_r_entry_study.py:179: FutureWarning: The behavior of DataFrame concatenation with empty or all-NA entries is deprecated. In a future version, this will no longer exclude empty or all-NA columns when determining the result dtypes. To retain the old behavior, exclude the relevant entries before the concat operation.
  "controls": pd.concat([oldc, newc], ignore_index=True),
/Users/zhangzc/fable-trading/yoyo/evaluation/spike_high_r_entry_study.py:179: FutureWarning: The behavior of DataFrame concatenation with empty or all-NA entries is deprecated. In a future version, this will no longer exclude empty or all-NA columns when determining the result dtypes. To retain the old behavior, exclude the relevant entries before the concat operation.
  "controls": pd.concat([oldc, newc], ignore_index=True),
/Users/zhangzc/fable-trading/yoyo/evaluation/spike_high_r_entry_study.py:179: FutureWarning: The behavior of DataFrame concatenation with empty or all-NA entries is deprecated. In a future version, this will no longer exclude empty or all-NA columns when determining the result dtypes. To retain the old behavior, exclude the relevant entries before the concat operation.
  "controls": pd.concat([oldc, newc], ignore_index=True),
/Users/zhangzc/fable-trading/yoyo/evaluation/spike_high_r_entry_study.py:179: FutureWarning: The behavior of DataFrame concatenation with empty or all-NA entries is deprecated. In a future version, this will no longer exclude empty or all-NA columns when determining the result dtypes. To retain the old behavior, exclude the relevant entries before the concat operation.
  "controls": pd.concat([oldc, newc], ignore_index=True),
/Users/zhangzc/fable-trading/yoyo/evaluation/spike_high_r_entry_study.py:179: FutureWarning: The behavior of DataFrame concatenation with empty or all-NA entries is deprecated. In a future version, this will no longer exclude empty or all-NA columns when determining the result dtypes. To retain the old behavior, exclude the relevant entries before the concat operation.
  "controls": pd.concat([oldc, newc], ignore_index=True),
{"done": 3500, "target": 3531, "failures": 0, "seconds": 209.4}
/Users/zhangzc/fable-trading/yoyo/evaluation/spike_high_r_entry_study.py:179: FutureWarning: The behavior of DataFrame concatenation with empty or all-NA entries is deprecated. In a future version, this will no longer exclude empty or all-NA columns when determining the result dtypes. To retain the old behavior, exclude the relevant entries before the concat operation.
  "controls": pd.concat([oldc, newc], ignore_index=True),
{"done": 3531, "target": 3531, "failures": 0, "seconds": 211.1}
