period,config,kind,minutes,h,instrument,direction,events,months,mean_net_bp,median_net_bp,win_rate,control_net_bp,paired_diff_bp,t_diff,sign_flip_p
check,z2.0_v2.0_b0.6_sync,sync,5,1,alts,continue,2645,21,-20.372696003976976,-22.767789363861084,0.2052930056710775,-19.94948435244827,-0.4232116515287038,-0.5078584474183191,0.6385
check,z2.0_v2.0_b0.6_sync,sync,5,1,alts,reverse,2645,21,-19.627303996023024,-17.232210636138916,0.22608695652173913,-20.05051564755173,0.4232116515287037,0.5078584474183191,0.6385
check,z2.0_v2.0_b0.6_sync,sync,5,1,btc,continue,2645,21,-20.39129423959945,-21.913905143737793,0.12400756143667296,-19.94229184977511,-0.4490023898243394,-0.9786893605328967,0.2191
check,z2.0_v2.0_b0.6_sync,sync,5,1,btc,reverse,2645,21,-19.608705760400554,-18.086094856262207,0.13005671077504727,-20.057708150224894,0.4490023898243395,0.9786893605328969,0.2191
check,z2.0_v2.0_b0.6_sync,sync,5,1,eth,continue,2645,21,-20.541438227114472,-24.44769859313965,0.17996219281663517,-19.951837507246406,-0.5896007198680635,-0.801486537969638,0.3411
check,z2.0_v2.0_b0.6_sync,sync,5,1,eth,reverse,2645,21,-19.458561772885535,-15.552301406860352,0.21852551984877128,-20.048162492753594,0.5896007198680633,0.8014865379696376,0.3411
check,z2.0_v2.0_b0.6_sync,sync,5,3,alts,continue,2645,21,-21.586231090170678,-24.777443408966064,0.2650283553875236,-19.81657076620863,-1.7696603239620405,-1.4007312500488565,0.1299
check,z2.0_v2.0_b0.6_sync,sync,5,3,alts,reverse,2645,21,-18.413768909829326,-15.222556591033936,0.32930056710775046,-20.18342923379137,1.7696603239620399,1.4007312500488562,0.1299
check,z2.0_v2.0_b0.6_sync,sync,5,3,btc,continue,2645,21,-20.854429089955442,-22.961158752441406,0.1882797731568998,-19.852370639402896,-1.0020584505525425,-1.3696032763215673,0.112
check,z2.0_v2.0_b0.6_sync,sync,5,3,btc,reverse,2645,21,-19.145570910044565,-17.038841247558594,0.2177693761814745,-20.147629360597108,1.002058450552542,1.3696032763215669,0.112
check,z2.0_v2.0_b0.6_sync,sync,5,3,eth,continue,2645,21,-19.94032391979023,-24.813075065612793,0.24612476370510397,-19.830067161896515,-0.11025675789371295,-0.09623154000638418,0.9065
check,z2.0_v2.0_b0.6_sync,sync,5,3,eth,reverse,2645,21,-20.059676080209773,-15.186924934387207,0.2956521739130435,-20.169932838103485,0.11025675789371212,0.09623154000638345,0.9065
check,z2.0_v2.0_b0.6_sync,sync,5,6,alts,continue,2645,21,-20.250445349680678,-24.476356506347656,0.3092627599243856,-19.493619455068153,-0.756825894612529,-0.34428019559695056,0.7414
check,z2.0_v2.0_b0.6_sync,sync,5,6,alts,reverse,2645,21,-19.74955465031932,-15.523643493652344,0.3761814744801512,-20.50638054493185,0.7568258946125281,0.34428019559695017,0.7414
check,z2.0_v2.0_b0.6_sync,sync,5,6,btc,continue,2645,21,-20.44435431691334,-22.416372299194336,0.23251417769376181,-19.69226899828772,-0.75208531862562,-0.7518882416396923,0.4881
check,z2.0_v2.0_b0.6_sync,sync,5,6,btc,reverse,2645,21,-19.555645683086667,-17.583627700805664,0.265406427221172,-20.307731001712284,0.7520853186256193,0.7518882416396916,0.4881
check,z2.0_v2.0_b0.6_sync,sync,5,6,eth,continue,2645,21,-18.867931798635677,-25.54203987121582,0.2843100189035917,-19.61612729892934,0.7481955002936626,0.49702880334302124,0.6323
check,z2.0_v2.0_b0.6_sync,sync,5,6,eth,reverse,2645,21,-21.13206820136433,-14.45796012878418,0.34858223062381855,-20.38387270107066,-0.7481955002936642,-0.49702880334302235,0.6323
check,z2.0_v2.0_b0.6_sync,sync,5,12,alts,continue,2644,21,-21.73623087095962,-25.842643976211548,0.35930408472012104,-19.292360316540503,-2.4438705544191164,-1.1025204173025138,0.2267
check,z2.0_v2.0_b0.6_sync,sync,5,12,alts,reverse,2644,21,-18.26376912904038,-14.157356023788452,0.4111195158850227,-20.7076396834595,2.443870554419116,1.1025204173025136,0.2267
check,z2.0_v2.0_b0.6_sync,sync,5,12,btc,continue,2644,21,-20.83545174973816,-22.577006816864014,0.2844175491679274,-19.506842379704228,-1.3286093700339308,-1.0404699539841853,0.138
check,z2.0_v2.0_b0.6_sync,sync,5,12,btc,reverse,2644,21,-19.164548250261852,-17.422993183135986,0.3271558245083207,-20.493157620295772,1.3286093700339294,1.0404699539841842,0.138
check,z2.0_v2.0_b0.6_sync,sync,5,12,eth,continue,2644,21,-19.5754541950399,-25.525052547454834,0.3316944024205749,-19.311291122144173,-0.26416307289572594,-0.1405995270579525,0.8383
check,z2.0_v2.0_b0.6_sync,sync,5,12,eth,reverse,2644,21,-20.42454580496011,-14.474947452545166,0.3956127080181543,-20.688708877855827,0.2641630728957227,0.14059952705795078,0.8383
check,z2.0_v2.0_b0.6_sync,sync,15,1,alts,continue,977,21,-18.02910000421374,-21.88610553741455,0.30808597748208805,-19.730997444297298,1.7018974400835611,0.8396333471070287,0.4519
check,z2.0_v2.0_b0.6_sync,sync,15,1,alts,reverse,977,21,-21.97089999578626,-18.11389446258545,0.31218014329580346,-20.269002555702702,-1.7018974400835618,-0.8396333471070291,0.4519
check,z2.0_v2.0_b0.6_sync,sync,15,1,btc,continue,977,21,-18.179388631939773,-23.586411476135254,0.23336745138178097,-19.935053815129105,1.7556651831893373,1.3298810138683952,0.0661
check,z2.0_v2.0_b0.6_sync,sync,15,1,btc,reverse,977,21,-21.820611368060238,-16.413588523864746,0.22210849539406347,-20.064946184870898,-1.7556651831893375,-1.3298810138683954,0.0661
check,z2.0_v2.0_b0.6_sync,sync,15,1,eth,continue,977,21,-17.8976789003995,-25.431175231933594,0.28249744114636643,-19.798835666055197,1.901156765655705,1.029323841932413,0.1612
check,z2.0_v2.0_b0.6_sync,sync,15,1,eth,reverse,977,21,-22.10232109960051,-14.568824768066406,0.3132036847492323,-20.2011643339448,-1.9011567656557056,-1.0293238419324133,0.1612
check,z2.0_v2.0_b0.6_sync,sync,15,3,alts,continue,977,21,-18.910573536688375,-21.425790786743164,0.35823950870010235,-19.218548707507882,0.3079751708195054,0.09908027574174717,0.9251
check,z2.0_v2.0_b0.6_sync,sync,15,3,alts,reverse,977,21,-21.089426463311625,-18.574209213256836,0.37871033776867963,-20.781451292492115,-0.3079751708195054,-0.09908027574174717,0.9251
check,z2.0_v2.0_b0.6_sync,sync,15,3,btc,continue,977,21,-20.59943482234022,-22.774596214294434,0.2865916069600819,-19.55610333765426,-1.0433314846859587,-0.5206066417152035,0.4626
check,z2.0_v2.0_b0.6_sync,sync,15,3,btc,reverse,977,21,-19.40056517765979,-17.225403785705566,0.3295803480040942,-20.443896662345743,1.0433314846859578,0.5206066417152031,0.4626
check,z2.0_v2.0_b0.6_sync,sync,15,3,eth,continue,977,21,-18.968082538280672,-23.926753997802734,0.3398157625383828,-19.13016851397994,0.16208597569927138,0.05709630011095371,0.9324
check,z2.0_v2.0_b0.6_sync,sync,15,3,eth,reverse,977,21,-21.031917461719345,-16.073246002197266,0.38178096212896623,-20.86983148602006,-0.16208597569927335,-0.0570963001109544,0.9324
check,z2.0_v2.0_b0.6_sync,sync,15,6,alts,continue,977,21,-17.701915162124557,-23.870737552642826,0.3961105424769703,-18.905122041034396,1.2032068789098387,0.2758617482351454,0.787
check,z2.0_v2.0_b0.6_sync,sync,15,6,alts,reverse,977,21,-22.298084837875447,-16.129262447357178,0.42681678607983625,-21.0948779589656,-1.2032068789098405,-0.27586174823514586,0.787
check,z2.0_v2.0_b0.6_sync,sync,15,6,btc,continue,977,21,-19.660603099616072,-24.02688980102539,0.330603889457523,-19.684930998838613,0.024327899222549496,0.00882437019966271,0.9884
check,z2.0_v2.0_b0.6_sync,sync,15,6,btc,reverse,977,21,-20.339396900383946,-15.97311019897461,0.353121801432958,-20.31506900116139,-0.024327899222551626,-0.008824370199663482,0.9884
check,z2.0_v2.0_b0.6_sync,sync,15,6,eth,continue,977,21,-16.09728430530311,-24.73499298095703,0.390992835209826,-19.09428511946159,2.9970008141584867,0.7679332295016936,0.2701
check,z2.0_v2.0_b0.6_sync,sync,15,6,eth,reverse,977,21,-23.90271569469691,-15.265007019042969,0.4094165813715456,-20.905714880538415,-2.9970008141584907,-0.7679332295016945,0.2701
check,z2.0_v2.0_b0.6_sync,sync,15,12,alts,continue,977,21,-15.974867590374203,-18.14145565032959,0.43091095189355166,-17.799941838439448,1.825074248065247,0.28947351388337783,0.7933
check,z2.0_v2.0_b0.6_sync,sync,15,12,alts,reverse,977,21,-24.0251324096258,-21.858544349670414,0.42681678607983625,-22.200058161560555,-1.8250742480652502,-0.28947351388337833,0.7933
check,z2.0_v2.0_b0.6_sync,sync,15,12,btc,continue,977,21,-19.116851949154913,-25.265474319458008,0.37871033776867963,-18.958844216496807,-0.15800773265809928,-0.04350523707980788,0.9598
check,z2.0_v2.0_b0.6_sync,sync,15,12,btc,reverse,977,21,-20.883148050845108,-14.734525680541992,0.3991811668372569,-21.041155783503193,0.1580077326580956,0.043505237079806865,0.9598
check,z2.0_v2.0_b0.6_sync,sync,15,12,eth,continue,977,21,-16.386006276219515,-25.1802396774292,0.4053224155578301,-17.834222361245544,1.4482160850260373,0.2660084653118689,0.7711
check,z2.0_v2.0_b0.6_sync,sync,15,12,eth,reverse,977,21,-23.61399372378051,-14.8197603225708,0.43091095189355166,-22.165777638754456,-1.4482160850260448,-0.2660084653118703,0.7711
check,z2.0_v2.0_b0.6_sync,sync,30,1,alts,continue,545,21,-22.88367293296604,-23.87431383132935,0.3669724770642202,-19.71873690885142,-3.164936024114627,-0.46121516271375984,0.5553
check,z2.0_v2.0_b0.6_sync,sync,30,1,alts,reverse,545,21,-17.11632706703396,-16.125686168670654,0.4073394495412844,-20.281263091148592,3.164936024114627,0.46121516271375984,0.5553
check,z2.0_v2.0_b0.6_sync,sync,30,1,btc,continue,545,21,-18.42498389952774,-24.218220710754395,0.29724770642201837,-19.539136339765076,1.1141524402373422,0.4155412540432809,0.6078
check,z2.0_v2.0_b0.6_sync,sync,30,1,btc,reverse,545,21,-21.575016100472272,-15.781779289245605,0.30458715596330277,-20.460863660234928,-1.1141524402373435,-0.4155412540432813,0.6078
check,z2.0_v2.0_b0.6_sync,sync,30,1,eth,continue,545,21,-16.294357361049833,-23.964900970458984,0.3486238532110092,-19.408673255815415,3.1143158947655896,0.7238180642199216,0.4242
check,z2.0_v2.0_b0.6_sync,sync,30,1,eth,reverse,545,21,-23.705642638950177,-16.035099029541016,0.3724770642201835,-20.591326744184578,-3.1143158947655922,-0.7238180642199221,0.4242
check,z2.0_v2.0_b0.6_sync,sync,30,3,alts,continue,545,21,-19.969138858515187,-19.681520462036133,0.4073394495412844,-19.309740446029455,-0.6593984124857368,-0.07886081360725954,0.917
check,z2.0_v2.0_b0.6_sync,sync,30,3,alts,reverse,545,21,-20.030861141484813,-20.318479537963867,0.43302752293577984,-20.69025955397055,0.6593984124857333,0.07886081360725912,0.917
check,z2.0_v2.0_b0.6_sync,sync,30,3,btc,continue,545,21,-17.211169759067925,-19.687671661376953,0.363302752293578,-18.968973509762268,1.7578037506943447,0.44614732908840526,0.5569
check,z2.0_v2.0_b0.6_sync,sync,30,3,btc,reverse,545,21,-22.788830240932086,-20.312328338623047,0.3431192660550459,-21.031026490237736,-1.7578037506943462,-0.44614732908840565,0.5569
check,z2.0_v2.0_b0.6_sync,sync,30,3,eth,continue,545,21,-14.255331678128032,-22.87473201751709,0.4,-18.67026559803464,4.414933919906613,0.7302142331767772,0.3541
check,z2.0_v2.0_b0.6_sync,sync,30,3,eth,reverse,545,21,-25.744668321871984,-17.12526798248291,0.4055045871559633,-21.32973440196536,-4.414933919906618,-0.7302142331767781,0.3541
check,z2.0_v2.0_b0.6_sync,sync,30,6,alts,continue,545,21,-23.389648756849656,-25.722832679748535,0.41834862385321103,-17.394939889774292,-5.994708867075359,-0.6272978903396655,0.4868
check,z2.0_v2.0_b0.6_sync,sync,30,6,alts,reverse,545,21,-16.610351243150347,-14.277167320251465,0.43853211009174314,-22.605060110225708,5.994708867075358,0.6272978903396654,0.4868
check,z2.0_v2.0_b0.6_sync,sync,30,6,btc,continue,545,21,-15.936672621910736,-24.155635833740234,0.3834862385321101,-17.059442774216834,1.1227701523061049,0.22500919381192067,0.7484
check,z2.0_v2.0_b0.6_sync,sync,30,6,btc,reverse,545,21,-24.06332737808928,-15.844364166259766,0.3944954128440367,-22.940557225783174,-1.1227701523061089,-0.22500919381192147,0.7484
check,z2.0_v2.0_b0.6_sync,sync,30,6,eth,continue,545,21,-12.94542172633181,-29.873509407043457,0.41100917431192663,-16.15495288389308,3.20953115756128,0.4260138360961468,0.5336
check,z2.0_v2.0_b0.6_sync,sync,30,6,eth,reverse,545,21,-27.054578273668213,-10.126490592956543,0.45137614678899085,-23.845047116106922,-3.2095311575612895,-0.426013836096148,0.5336
check,z2.0_v2.0_b0.6_sync,sync,30,12,alts,continue,545,21,-23.378696726002826,-20.373101234436035,0.44587155963302755,-13.709454711539223,-9.669242014463604,-0.8178586579518341,0.3165
check,z2.0_v2.0_b0.6_sync,sync,30,12,alts,reverse,545,21,-16.621303273997178,-19.626898765563965,0.44403669724770645,-26.290545288460777,9.6692420144636,0.8178586579518338,0.3165
check,z2.0_v2.0_b0.6_sync,sync,30,12,btc,continue,545,21,-17.37664756424931,-16.519088745117188,0.42385321100917434,-14.52649340256581,-2.8501541616834962,-0.44837998220098013,0.5383
check,z2.0_v2.0_b0.6_sync,sync,30,12,btc,reverse,545,21,-22.623352435750714,-23.480911254882812,0.4073394495412844,-25.47350659743419,2.8501541616834882,0.44837998220097885,0.5383
check,z2.0_v2.0_b0.6_sync,sync,30,12,eth,continue,545,21,-8.904519912299774,-22.11477279663086,0.44587155963302755,-12.909985271299135,4.005465358999367,0.4087634560325036,0.5326
check,z2.0_v2.0_b0.6_sync,sync,30,12,eth,reverse,545,21,-31.095480087700253,-17.88522720336914,0.44036697247706424,-27.090014728700865,-4.005465358999379,-0.40876345603250475,0.5326
check,z2.0_v2.0_b0.6_sync,sync,60,1,alts,continue,307,21,-9.390738390944293,-11.998887062072754,0.4495114006514658,-17.723006248862426,8.332267857918135,1.1697501142566136,0.2318
check,z2.0_v2.0_b0.6_sync,sync,60,1,alts,reverse,307,21,-30.609261609055707,-28.001112937927246,0.39087947882736157,-22.276993751137578,-8.332267857918135,-1.1697501142566136,0.2318
check,z2.0_v2.0_b0.6_sync,sync,60,1,btc,continue,307,21,-12.671245860742829,-15.107054710388184,0.3941368078175896,-19.230290662970525,6.559044802227703,1.4450286733007958,0.1553
check,z2.0_v2.0_b0.6_sync,sync,60,1,btc,reverse,307,21,-27.32875413925718,-24.892945289611816,0.32247557003257327,-20.769709337029475,-6.559044802227706,-1.4450286733007962,0.1553
check,z2.0_v2.0_b0.6_sync,sync,60,1,eth,continue,307,21,-8.059378213913515,-21.080036163330078,0.41368078175895767,-19.158632289314895,11.09925407540138,1.707828239541818,0.0676
check,z2.0_v2.0_b0.6_sync,sync,60,1,eth,reverse,307,21,-31.940621786086503,-18.919963836669922,0.3713355048859935,-20.84136771068511,-11.099254075401383,-1.7078282395418185,0.0676
check,z2.0_v2.0_b0.6_sync,sync,60,3,alts,continue,307,21,-8.933299146956657,-15.256125926971436,0.44625407166123776,-14.633229058417902,5.699929911461247,0.5465639882228733,0.6111
check,z2.0_v2.0_b0.6_sync,sync,60,3,alts,reverse,307,21,-31.066700853043354,-24.743874073028564,0.4006514657980456,-25.3667709415821,-5.699929911461253,-0.5465639882228739,0.6111
check,z2.0_v2.0_b0.6_sync,sync,60,3,btc,continue,307,21,-11.075425660571378,-18.253583908081055,0.4006514657980456,-17.46226070369882,6.386835043127448,0.9459448473095492,0.4195
check,z2.0_v2.0_b0.6_sync,sync,60,3,btc,reverse,307,21,-28.924574339428634,-21.746416091918945,0.3713355048859935,-22.53773929630118,-6.386835043127453,-0.94594484730955,0.4195
check,z2.0_v2.0_b0.6_sync,sync,60,3,eth,continue,307,21,0.5412730331917813,-16.770620346069336,0.4495114006514658,-16.0250638983537,16.566336931545493,1.6884347183888024,0.0992
check,z2.0_v2.0_b0.6_sync,sync,60,3,eth,reverse,307,21,-40.5412730331918,-23.229379653930664,0.4006514657980456,-23.974936101646303,-16.5663369315455,-1.688434718388803,0.0992
check,z2.0_v2.0_b0.6_sync,sync,60,6,alts,continue,307,21,-2.2292104606131407,-14.331777095794678,0.46579804560260585,-14.229244152963746,12.000033692350602,0.8634100401110262,0.4696
check,z2.0_v2.0_b0.6_sync,sync,60,6,alts,reverse,307,21,-37.77078953938686,-25.668222904205322,0.4495114006514658,-25.770755847036256,-12.000033692350609,-0.8634100401110268,0.4696
check,z2.0_v2.0_b0.6_sync,sync,60,6,btc,continue,307,21,-11.942906224378168,-16.767044067382812,0.4201954397394137,-16.827370957365257,4.884464732987096,0.567722003373905,0.6479
check,z2.0_v2.0_b0.6_sync,sync,60,6,btc,reverse,307,21,-28.057093775621855,-23.232955932617188,0.4006514657980456,-23.172629042634746,-4.884464732987098,-0.5677220033739052,0.6479
check,z2.0_v2.0_b0.6_sync,sync,60,6,eth,continue,307,21,7.460096713386045,-21.219511032104492,0.4364820846905538,-14.790405035018921,22.250501748404975,1.6535711681548069,0.1668
check,z2.0_v2.0_b0.6_sync,sync,60,6,eth,reverse,307,21,-47.46009671338608,-18.780488967895508,0.4527687296416938,-25.20959496498108,-22.25050174840499,-1.653571168154808,0.1668
check,z2.0_v2.0_b0.6_sync,sync,60,12,alts,continue,307,21,19.62999127975115,-14.184839725494385,0.4723127035830619,-6.186690153827109,25.816681433578264,1.3656470985276266,0.2145
check,z2.0_v2.0_b0.6_sync,sync,60,12,alts,reverse,307,21,-59.62999127975117,-25.815160274505615,0.44625407166123776,-33.81330984617289,-25.816681433578278,-1.3656470985276272,0.2145
check,z2.0_v2.0_b0.6_sync,sync,60,12,btc,continue,307,21,-4.524962568127772,-13.653297424316406,0.44625407166123776,-14.1680647845377,9.643102216409932,0.9233696840444837,0.383
check,z2.0_v2.0_b0.6_sync,sync,60,12,btc,reverse,307,21,-35.47503743187226,-26.346702575683594,0.4201954397394137,-25.831935215462305,-9.643102216409945,-0.9233696840444848,0.383
check,z2.0_v2.0_b0.6_sync,sync,60,12,eth,continue,307,21,29.36810230975817,-20.717639923095703,0.4723127035830619,-9.644619560397024,39.012721870155204,2.2591981153754803,0.0614
check,z2.0_v2.0_b0.6_sync,sync,60,12,eth,reverse,307,21,-69.36810230975821,-19.282360076904297,0.44625407166123776,-30.355380439602985,-39.01272187015522,-2.259198115375481,0.0614
check,z2.0_v2.0_b0.75_sync,sync,5,1,alts,continue,2592,21,-20.35535172547823,-22.747470140457157,0.20756172839506173,-19.858726238900868,-0.4966254865773669,-0.5841430606059815,0.585
check,z2.0_v2.0_b0.75_sync,sync,5,1,alts,reverse,2592,21,-19.64464827452177,-17.252529859542847,0.22993827160493827,-20.141273761099132,0.4966254865773669,0.5841430606059815,0.585
check,z2.0_v2.0_b0.75_sync,sync,5,1,btc,continue,2592,21,-20.450633880164894,-21.96009874343872,0.125,-19.97112811485558,-0.4795057653093044,-1.0347982991378772,0.1982
check,z2.0_v2.0_b0.75_sync,sync,5,1,btc,reverse,2592,21,-19.549366119835117,-18.03990125656128,0.13194444444444445,-20.02887188514442,0.4795057653093044,1.0347982991378772,0.1982
check,z2.0_v2.0_b0.75_sync,sync,5,1,eth,continue,2592,21,-20.55423443332131,-24.381537437438965,0.18132716049382716,-19.92778901884585,-0.6264454144754531,-0.8398055190393272,0.3317
check,z2.0_v2.0_b0.75_sync,sync,5,1,eth,reverse,2592,21,-19.4457655666787,-15.618462562561035,0.22376543209876543,-20.07221098115415,0.6264454144754527,0.8398055190393268,0.3317
check,z2.0_v2.0_b0.75_sync,sync,5,3,alts,continue,2592,21,-21.60603932576415,-24.59606647491455,0.26697530864197533,-19.943046741117374,-1.6629925846467746,-1.2992275487978564,0.1693
check,z2.0_v2.0_b0.75_sync,sync,5,3,alts,reverse,2592,21,-18.39396067423585,-15.403933525085451,0.3314043209876543,-20.056953258882626,1.6629925846467744,1.2992275487978562,0.1693
check,z2.0_v2.0_b0.75_sync,sync,5,3,btc,continue,2592,21,-20.882141154121474,-23.025531768798828,0.1878858024691358,-20.02354619415783,-0.8585949599636384,-1.1583571969216493,0.2244
check,z2.0_v2.0_b0.75_sync,sync,5,3,btc,reverse,2592,21,-19.117858845878537,-16.974468231201172,0.22029320987654322,-19.97645380584217,0.8585949599636383,1.158357196921649,0.2244
check,z2.0_v2.0_b0.75_sync,sync,5,3,eth,continue,2592,21,-19.973579643317215,-24.959702491760254,0.24807098765432098,-20.044981624066946,0.07140198074973467,0.06133598853583105,0.9455
check,z2.0_v2.0_b0.75_sync,sync,5,3,eth,reverse,2592,21,-20.02642035668279,-15.040297508239746,0.29899691358024694,-19.955018375933054,-0.07140198074973551,-0.06133598853583178,0.9455
check,z2.0_v2.0_b0.75_sync,sync,5,6,alts,continue,2592,21,-20.044854229063166,-23.928309679031372,0.3121141975308642,-20.141497283830237,0.09664305476707842,0.04299454281221671,0.9644
check,z2.0_v2.0_b0.75_sync,sync,5,6,alts,reverse,2592,21,-19.955145770936834,-16.071690320968628,0.3773148148148148,-19.858502716169763,-0.09664305476707842,-0.04299454281221671,0.9644
check,z2.0_v2.0_b0.75_sync,sync,5,6,btc,continue,2592,21,-20.449853408851748,-22.3728609085083,0.2349537037037037,-20.140445292978765,-0.3094081158729793,-0.3038731178500465,0.7776
check,z2.0_v2.0_b0.75_sync,sync,5,6,btc,reverse,2592,21,-19.550146591148263,-17.6271390914917,0.2673611111111111,-19.85955470702124,0.3094081158729789,0.30387311785004606,0.7776
check,z2.0_v2.0_b0.75_sync,sync,5,6,eth,continue,2592,21,-18.834442669226803,-25.424320697784424,0.28703703703703703,-20.181360893396874,1.346918224170077,0.8799023998268429,0.3892
check,z2.0_v2.0_b0.75_sync,sync,5,6,eth,reverse,2592,21,-21.165557330773208,-14.575679302215576,0.3506944444444444,-19.818639106603122,-1.3469182241700788,-0.8799023998268442,0.3892
check,z2.0_v2.0_b0.75_sync,sync,5,12,alts,continue,2591,21,-21.80594131137726,-25.798816680908207,0.36009262832883054,-19.740216966683096,-2.065724344694161,-0.9156233538280156,0.266
check,z2.0_v2.0_b0.75_sync,sync,5,12,alts,reverse,2591,21,-18.194058688622743,-14.201183319091797,0.4125820146661521,-20.259783033316907,2.06572434469416,0.9156233538280152,0.266
check,z2.0_v2.0_b0.75_sync,sync,5,12,btc,continue,2591,21,-21.064349628700253,-22.859830856323242,0.28676186800463144,-20.03744775649992,-1.0269018722003311,-0.7980198205229375,0.2509
check,z2.0_v2.0_b0.75_sync,sync,5,12,btc,reverse,2591,21,-18.935650371299758,-17.140169143676758,0.3307603241991509,-19.962552243500085,1.0269018722003298,0.7980198205229365,0.2509
check,z2.0_v2.0_b0.75_sync,sync,5,12,eth,continue,2591,21,-19.877111371628164,-25.959272384643555,0.33307603241991507,-19.982106255575463,0.10499488394730377,0.05545621204048914,0.9327
check,z2.0_v2.0_b0.75_sync,sync,5,12,eth,reverse,2591,21,-20.122888628371854,-14.040727615356445,0.3994596680818217,-20.017893744424544,-0.10499488394730667,-0.05545621204049067,0.9327
check,z2.0_v2.0_b0.75_sync,sync,15,1,alts,continue,963,21,-18.04675149521476,-21.88610553741455,0.3115264797507788,-19.65672461124706,1.6099731160323005,0.783045605540024,0.5066
check,z2.0_v2.0_b0.75_sync,sync,15,1,alts,reverse,963,21,-21.953248504785236,-18.11389446258545,0.31360332294911736,-20.34327538875294,-1.6099731160323008,-0.7830456055400241,0.5066
check,z2.0_v2.0_b0.75_sync,sync,15,1,btc,continue,963,21,-18.145667934714826,-23.586411476135254,0.23572170301142265,-19.78825270937409,1.6425847746592668,1.2395394633626353,0.0988
check,z2.0_v2.0_b0.75_sync,sync,15,1,btc,reverse,963,21,-21.854332065285192,-16.413588523864746,0.2222222222222222,-20.211747290625915,-1.6425847746592674,-1.2395394633626358,0.0988
check,z2.0_v2.0_b0.75_sync,sync,15,1,eth,continue,963,21,-17.7276988737556,-25.49793243408203,0.284527518172378,-19.700966310115398,1.973267436359804,1.0578987221754172,0.1782
check,z2.0_v2.0_b0.75_sync,sync,15,1,eth,reverse,963,21,-22.272301126244418,-14.502067565917969,0.31568016614745587,-20.299033689884606,-1.9732674363598046,-1.0578987221754175,0.1782
check,z2.0_v2.0_b0.75_sync,sync,15,3,alts,continue,963,21,-19.139849555331473,-21.73344612121582,0.3603322949117342,-19.658450585099107,0.5186010297676329,0.16510325990870378,0.864
check,z2.0_v2.0_b0.75_sync,sync,15,3,alts,reverse,963,21,-20.860150444668527,-18.26655387878418,0.3821391484942887,-20.341549414900893,-0.5186010297676341,-0.16510325990870414,0.864
check,z2.0_v2.0_b0.75_sync,sync,15,3,btc,continue,963,21,-20.587821254353912,-23.04698944091797,0.28556593977154726,-19.559314474288367,-1.0285067800655392,-0.5035517677714867,0.4315
check,z2.0_v2.0_b0.75_sync,sync,15,3,btc,reverse,963,21,-19.412178745646106,-16.95301055908203,0.328141225337487,-20.440685525711636,1.028506780065539,0.5035517677714866,0.4315
check,z2.0_v2.0_b0.75_sync,sync,15,3,eth,continue,963,21,-18.697127261018217,-23.865957260131836,0.34164070612668745,-19.407744172453757,0.710616911435547,0.2458991758891283,0.7303
check,z2.0_v2.0_b0.75_sync,sync,15,3,eth,reverse,963,21,-21.302872738981804,-16.134042739868164,0.3811007268951194,-20.59225582754624,-0.7106169114355486,-0.2458991758891289,0.7303
check,z2.0_v2.0_b0.75_sync,sync,15,6,alts,continue,963,21,-17.904781512877403,-23.92476320266724,0.3987538940809969,-18.774242548950156,0.8694610360727484,0.1955063369083804,0.862
check,z2.0_v2.0_b0.75_sync,sync,15,6,alts,reverse,963,21,-22.095218487122597,-16.075236797332764,0.43094496365524404,-21.225757451049848,-0.8694610360727489,-0.1955063369083805,0.862
check,z2.0_v2.0_b0.75_sync,sync,15,6,btc,continue,963,21,-19.721875319475952,-24.02688980102539,0.3302180685358255,-19.041048659322925,-0.6808266601530193,-0.23960787882672696,0.7349
check,z2.0_v2.0_b0.75_sync,sync,15,6,btc,reverse,963,21,-20.278124680524062,-15.97311019897461,0.3582554517133956,-20.95895134067707,0.6808266601530176,0.23960787882672638,0.7349
check,z2.0_v2.0_b0.75_sync,sync,15,6,eth,continue,963,21,-16.24329873458372,-24.52399253845215,0.3935617860851506,-18.61281277114511,2.3695140365613927,0.5898443129342639,0.4592
check,z2.0_v2.0_b0.75_sync,sync,15,6,eth,reverse,963,21,-23.7567012654163,-15.476007461547852,0.4132917964693666,-21.3871872288549,-2.3695140365613967,-0.589844312934265,0.4592
check,z2.0_v2.0_b0.75_sync,sync,15,12,alts,continue,963,21,-16.70479807650684,-18.269176483154297,0.42990654205607476,-17.99083451463303,1.2860364381261877,0.20450768723503515,0.8537
check,z2.0_v2.0_b0.75_sync,sync,15,12,alts,reverse,963,21,-23.295201923493163,-21.730823516845703,0.43198338525441327,-22.00916548536697,-1.28603643812619,-0.2045076872350355,0.8537
check,z2.0_v2.0_b0.75_sync,sync,15,12,btc,continue,963,21,-19.374437802553434,-25.780458450317383,0.3811007268951194,-18.757030568958523,-0.617407233594903,-0.16784087041238602,0.8535
check,z2.0_v2.0_b0.75_sync,sync,15,12,btc,reverse,963,21,-20.625562197446587,-14.219541549682617,0.4039460020768432,-21.242969431041477,0.6174072335948991,0.167840870412385,0.8535
check,z2.0_v2.0_b0.75_sync,sync,15,12,eth,continue,963,21,-16.546647382797616,-25.66422939300537,0.40602284527518173,-18.499370885667165,1.9527235028695518,0.35397004431149826,0.719
check,z2.0_v2.0_b0.75_sync,sync,15,12,eth,reverse,963,21,-23.45335261720241,-14.335770606994629,0.43509865005192105,-21.50062911433284,-1.9527235028695613,-0.3539700443115,0.719
check,z2.0_v2.0_b0.75_sync,sync,30,1,alts,continue,539,21,-22.15199995571696,-23.87431383132935,0.37105751391465674,-19.502355376731934,-2.6496445789850265,-0.3804872269914041,0.6751
check,z2.0_v2.0_b0.75_sync,sync,30,1,alts,reverse,539,21,-17.848000044283044,-16.125686168670654,0.4044526901669759,-20.49764462326807,2.6496445789850256,0.38048722699140397,0.6751
check,z2.0_v2.0_b0.75_sync,sync,30,1,btc,continue,539,21,-17.372991078859805,-24.00066375732422,0.30612244897959184,-19.651049915182785,2.2780588363229892,0.8189377052562783,0.276
check,z2.0_v2.0_b0.75_sync,sync,30,1,btc,reverse,539,21,-22.627008921140206,-15.999336242675781,0.30241187384044527,-20.34895008481721,-2.2780588363229906,-0.8189377052562787,0.276
check,z2.0_v2.0_b0.75_sync,sync,30,1,eth,continue,539,21,-14.632030019954763,-23.292560577392578,0.3580705009276438,-19.620226572970957,4.988196553016196,1.121055214002317,0.1943
check,z2.0_v2.0_b0.75_sync,sync,30,1,eth,reverse,539,21,-25.367969980045245,-16.707439422607422,0.37105751391465674,-20.379773427029047,-4.9881965530161985,-1.1210552140023176,0.1943
check,z2.0_v2.0_b0.75_sync,sync,30,3,alts,continue,539,21,-18.778917064029788,-19.576246738433838,0.41187384044526903,-18.383126211299086,-0.39579085273070774,-0.0461554500330591,0.9534
check,z2.0_v2.0_b0.75_sync,sync,30,3,alts,reverse,539,21,-21.22108293597022,-20.423753261566166,0.43042671614100186,-21.616873788700918,0.39579085273070413,0.04615545003305868,0.9534
check,z2.0_v2.0_b0.75_sync,sync,30,3,btc,continue,539,21,-15.763408009771519,-19.284744262695312,0.37105751391465674,-18.956725581899867,3.1933175721283518,0.7763256900252836,0.3021
check,z2.0_v2.0_b0.75_sync,sync,30,3,btc,reverse,539,21,-24.236591990228494,-20.715255737304688,0.34137291280148424,-21.043274418100136,-3.193317572128354,-0.7763256900252841,0.3021
check,z2.0_v2.0_b0.75_sync,sync,30,3,eth,continue,539,21,-11.6878281807413,-22.173185348510742,0.41187384044526903,-18.48545382770404,6.797625646962746,1.0803016673509007,0.1289
check,z2.0_v2.0_b0.75_sync,sync,30,3,eth,reverse,539,21,-28.31217181925872,-17.826814651489258,0.39888682745825604,-21.514546172295965,-6.797625646962752,-1.0803016673509018,0.1289
check,z2.0_v2.0_b0.75_sync,sync,30,6,alts,continue,539,21,-22.69195960492504,-24.738104343414307,0.424860853432282,-16.790754440100603,-5.901205164824432,-0.6091785657852292,0.5694
check,z2.0_v2.0_b0.75_sync,sync,30,6,alts,reverse,539,21,-17.308040395074965,-15.261895656585693,0.437847866419295,-23.209245559899394,5.9012051648244315,0.6091785657852291,0.5694
check,z2.0_v2.0_b0.75_sync,sync,30,6,btc,continue,539,21,-15.664944232947759,-23.429651260375977,0.3914656771799629,-18.580661410524584,2.915717177576831,0.5841456961192263,0.4154
check,z2.0_v2.0_b0.75_sync,sync,30,6,btc,reverse,539,21,-24.33505576705226,-16.570348739624023,0.39332096474953615,-21.419338589475416,-2.9157171775768367,-0.5841456961192273,0.4154
check,z2.0_v2.0_b0.75_sync,sync,30,6,eth,continue,539,21,-11.899540782638306,-28.1634521484375,0.4174397031539889,-18.087950949323865,6.188410166685566,0.8217338236343056,0.2001
check,z2.0_v2.0_b0.75_sync,sync,30,6,eth,reverse,539,21,-28.10045921736172,-11.8365478515625,0.4452690166975881,-21.91204905067614,-6.18841016668557,-0.8217338236343062,0.2001
check,z2.0_v2.0_b0.75_sync,sync,30,12,alts,continue,539,21,-22.580780354855452,-16.51259183883667,0.45083487940630795,-16.875411867396977,-5.705368487458483,-0.47519532326146185,0.6095
check,z2.0_v2.0_b0.75_sync,sync,30,12,alts,reverse,539,21,-17.419219645144548,-23.48740816116333,0.44155844155844154,-23.124588132603023,5.705368487458479,0.4751953232614615,0.6095
check,z2.0_v2.0_b0.75_sync,sync,30,12,btc,continue,539,21,-16.739210135861548,-15.887279510498047,0.42857142857142855,-18.2444369726588,1.505226836797254,0.23487179750507486,0.7315
check,z2.0_v2.0_b0.75_sync,sync,30,12,btc,reverse,539,21,-23.26078986413847,-24.112720489501953,0.40630797773654914,-21.7555630273412,-1.5052268367972632,-0.2348717975050763,0.7315
check,z2.0_v2.0_b0.75_sync,sync,30,12,eth,continue,539,21,-7.208523644144785,-22.015233039855957,0.4489795918367347,-17.84736640110413,10.638842756959352,1.06531134687062,0.0798
check,z2.0_v2.0_b0.75_sync,sync,30,12,eth,reverse,539,21,-32.791476355855245,-17.984766960144043,0.4359925788497217,-22.152633598895875,-10.638842756959363,-1.065311346870621,0.0798
check,z2.0_v2.0_b0.75_sync,sync,60,1,alts,continue,297,21,-10.551514657659562,-14.550526142120361,0.4444444444444444,-17.60654257202791,7.055027914368344,0.9611169046396013,0.3187
check,z2.0_v2.0_b0.75_sync,sync,60,1,alts,reverse,297,21,-29.44848534234044,-25.44947385787964,0.40404040404040403,-22.393457427972095,-7.055027914368345,-0.9611169046396015,0.3187
check,z2.0_v2.0_b0.75_sync,sync,60,1,btc,continue,297,21,-12.569309693795669,-15.740652084350586,0.39057239057239057,-18.770771102873166,6.201461409077498,1.278500413388573,0.1824
check,z2.0_v2.0_b0.75_sync,sync,60,1,btc,reverse,297,21,-27.430690306204344,-24.259347915649414,0.3333333333333333,-21.229228897126838,-6.201461409077503,-1.2785004133885738,0.1824
check,z2.0_v2.0_b0.75_sync,sync,60,1,eth,continue,297,21,-7.7302574388908685,-22.10404396057129,0.4006734006734007,-18.247072451845163,10.516815012954298,1.514861322623137,0.088
check,z2.0_v2.0_b0.75_sync,sync,60,1,eth,reverse,297,21,-32.26974256110915,-17.89595603942871,0.38047138047138046,-21.752927548154837,-10.516815012954304,-1.5148613226231378,0.088
check,z2.0_v2.0_b0.75_sync,sync,60,3,alts,continue,297,21,-9.813164067188099,-17.31994867324829,0.4444444444444444,-13.677237825403816,3.864073758215716,0.36503466508431415,0.7431
check,z2.0_v2.0_b0.75_sync,sync,60,3,alts,reverse,297,21,-30.186835932811906,-22.68005132675171,0.4074074074074074,-26.322762174596186,-3.8640737582157216,-0.3650346650843147,0.7431
check,z2.0_v2.0_b0.75_sync,sync,60,3,btc,continue,297,21,-12.09333148468224,-17.9555606842041,0.40404040404040403,-16.55179883515647,4.458467350474235,0.655561481127435,0.5676
check,z2.0_v2.0_b0.75_sync,sync,60,3,btc,reverse,297,21,-27.90666851531778,-22.0444393157959,0.3771043771043771,-23.448201164843535,-4.45846735047424,-0.6555614811274356,0.5676
check,z2.0_v2.0_b0.75_sync,sync,60,3,eth,continue,297,21,0.07405765931612918,-16.159076690673828,0.45454545454545453,-14.507223732100087,14.581281391416224,1.4857345325915559,0.1349
check,z2.0_v2.0_b0.75_sync,sync,60,3,eth,reverse,297,21,-40.07405765931615,-23.840923309326172,0.4006734006734007,-25.492776267899913,-14.581281391416232,-1.4857345325915565,0.1349
check,z2.0_v2.0_b0.75_sync,sync,60,6,alts,continue,297,21,1.1778026638608938,-10.595400333404541,0.4781144781144781,-8.807334758082089,9.985137421942982,0.7185286489777697,0.5511
check,z2.0_v2.0_b0.75_sync,sync,60,6,alts,reverse,297,21,-41.1778026638609,-29.404599666595463,0.4444444444444444,-31.19266524191791,-9.985137421942992,-0.7185286489777705,0.5511
check,z2.0_v2.0_b0.75_sync,sync,60,6,btc,continue,297,21,-10.562226635839814,-15.890259742736816,0.42424242424242425,-14.388269722528598,3.8260430866887907,0.4462829701299562,0.7056
check,z2.0_v2.0_b0.75_sync,sync,60,6,btc,reverse,297,21,-29.437773364160208,-24.109740257263184,0.4006734006734007,-25.611730277471406,-3.8260430866887964,-0.44628297012995694,0.7056
check,z2.0_v2.0_b0.75_sync,sync,60,6,eth,continue,297,21,11.443286423731315,-20.267624855041504,0.4478114478114478,-9.935492403356495,21.378778827087817,1.5352363164506628,0.175
check,z2.0_v2.0_b0.75_sync,sync,60,6,eth,reverse,297,21,-51.44328642373135,-19.732375144958496,0.4511784511784512,-30.06450759664351,-21.37877882708782,-1.5352363164506633,0.175
check,z2.0_v2.0_b0.75_sync,sync,60,12,alts,continue,297,21,23.39278314250085,-10.25869369506836,0.4781144781144781,1.8403237919837785,21.552459350517076,1.1410235947290408,0.2925
check,z2.0_v2.0_b0.75_sync,sync,60,12,alts,reverse,297,21,-63.39278314250085,-29.74130630493164,0.44107744107744107,-41.840323791983785,-21.552459350517083,-1.1410235947290412,0.2925
check,z2.0_v2.0_b0.75_sync,sync,60,12,btc,continue,297,21,-1.9014028266624299,-12.913007736206055,0.45791245791245794,-8.360375857201578,6.458973030539157,0.6180318999206632,0.5294
check,z2.0_v2.0_b0.75_sync,sync,60,12,btc,reverse,297,21,-38.0985971733376,-27.086992263793945,0.4107744107744108,-31.639624142798418,-6.458973030539167,-0.6180318999206641,0.5294
check,z2.0_v2.0_b0.75_sync,sync,60,12,eth,continue,297,21,32.52331394940512,-4.776973724365234,0.49158249158249157,-0.7782719922877416,33.30158594169287,1.9232884579885012,0.1039
check,z2.0_v2.0_b0.75_sync,sync,60,12,eth,reverse,297,21,-72.52331394940515,-35.223026275634766,0.4377104377104377,-39.22172800771226,-33.30158594169289,-1.9232884579885026,0.1039
check,z2.0_v2.0_lead,lead,5,1,alts,continue,14,9,-16.00881082671029,-14.35739517211914,0.21428571428571427,-18.670348950794764,2.6615381240844713,0.40194331988944193,0.7085
check,z2.0_v2.0_lead,lead,5,1,alts,reverse,14,9,-23.991189173289705,-25.64260482788086,0.14285714285714285,-21.32965104920524,-2.6615381240844713,-0.40194331988944193,0.7085
check,z2.0_v2.0_lead,lead,5,1,btc,continue,14,9,-18.149956975664416,-17.479915618896484,0.21428571428571427,-18.947737472397943,0.7977804967335289,0.1260214236887332,0.9106
check,z2.0_v2.0_lead,lead,5,1,btc,reverse,14,9,-21.850043024335594,-22.520084381103516,0.14285714285714285,-21.05226252760206,-0.7977804967335292,-0.12602142368873326,0.9106
check,z2.0_v2.0_lead,lead,5,1,eth,continue,14,9,-16.802295957292834,-14.370043277740479,0.21428571428571427,-18.370594211987093,1.5682982546942577,0.1699261810964119,0.8739
check,z2.0_v2.0_lead,lead,5,1,eth,reverse,14,9,-23.197704042707176,-25.62995672225952,0.35714285714285715,-21.62940578801291,-1.5682982546942579,-0.16992618109641192,0.8739
check,z2.0_v2.0_lead,lead,5,3,alts,continue,14,9,-23.623614992414204,-6.861610412597657,0.35714285714285715,-18.391293798174175,-5.232321194240021,-0.2989326483090332,0.8669
check,z2.0_v2.0_lead,lead,5,3,alts,reverse,14,9,-16.376385007585796,-33.138389587402344,0.35714285714285715,-21.608706201825825,5.232321194240024,0.2989326483090333,0.8669
check,z2.0_v2.0_lead,lead,5,3,btc,continue,14,9,-21.315602234431683,-14.593560695648193,0.35714285714285715,-18.50592655794961,-2.8096756764820636,-0.28334224656548956,0.7886
check,z2.0_v2.0_lead,lead,5,3,btc,reverse,14,9,-18.684397765568328,-25.406439304351807,0.35714285714285715,-21.494073442050393,2.8096756764820636,0.28334224656548956,0.7886
check,z2.0_v2.0_lead,lead,5,3,eth,continue,14,9,-17.382504599435,-11.87082052230835,0.42857142857142855,-17.710596237863818,0.3280916384288246,0.019123119734323346,0.9831
check,z2.0_v2.0_lead,lead,5,3,eth,reverse,14,9,-22.617495400565012,-28.12917947769165,0.2857142857142857,-22.28940376213619,-0.3280916384288246,-0.019123119734323346,0.9831
check,z2.0_v2.0_lead,lead,5,6,alts,continue,14,9,-36.090456928525654,-24.963886737823486,0.35714285714285715,-17.16871274369104,-18.921744184834616,-0.709125081725183,0.7397
check,z2.0_v2.0_lead,lead,5,6,alts,reverse,14,9,-3.9095430714743498,-15.036113262176515,0.35714285714285715,-22.831287256308972,18.92174418483462,0.7091250817251828,0.7397
check,z2.0_v2.0_lead,lead,5,6,btc,continue,14,9,-32.7505830356053,-32.84182071685791,0.2857142857142857,-19.251527445656915,-13.49905558994838,-0.8506942826764744,0.5257
check,z2.0_v2.0_lead,lead,5,6,btc,reverse,14,9,-7.249416964394706,-7.15817928314209,0.35714285714285715,-20.74847255434309,13.49905558994838,0.8506942826764744,0.5257
check,z2.0_v2.0_lead,lead,5,6,eth,continue,14,9,-26.080142089298803,-18.723268508911133,0.35714285714285715,-19.01584642274039,-7.0642956665584,-0.3785068356736591,0.7776
check,z2.0_v2.0_lead,lead,5,6,eth,reverse,14,9,-13.919857910701207,-21.276731491088867,0.21428571428571427,-20.984153577259615,7.0642956665584,0.3785068356736591,0.7776
check,z2.0_v2.0_lead,lead,5,12,alts,continue,14,9,4.719006674630301,9.14506196975708,0.6428571428571429,-15.978475851672034,20.697482526302338,0.7843582956333627,0.5154
check,z2.0_v2.0_lead,lead,5,12,alts,reverse,14,9,-44.71900667463031,-49.14506196975708,0.14285714285714285,-24.02152414832797,-20.697482526302338,-0.7843582956333628,0.5154
check,z2.0_v2.0_lead,lead,5,12,btc,continue,14,9,-9.299263272966659,-2.1358919143676762,0.5,-17.549499784197124,8.25023651123047,0.6649278532479942,0.5578
check,z2.0_v2.0_lead,lead,5,12,btc,reverse,14,9,-30.700736727033348,-37.864108085632324,0.14285714285714285,-22.450500215802872,-8.250236511230469,-0.6649278532479941,0.5578
check,z2.0_v2.0_lead,lead,5,12,eth,continue,14,9,15.439516816820413,13.326447010040283,0.7142857142857143,-17.842780181339812,33.28229699816023,2.1807089335260095,0.0696
check,z2.0_v2.0_lead,lead,5,12,eth,reverse,14,9,-55.43951681682042,-53.32644701004028,0.07142857142857142,-22.1572198186602,-33.28229699816023,-2.1807089335260095,0.0696
check,z2.0_v2.0_lead,lead,15,1,alts,continue,3,2,-40.39686838785807,-31.109960079193115,0.3333333333333333,-22.811753352483112,-17.585115035374955,-0.6589405886090699,0.4992
check,z2.0_v2.0_lead,lead,15,1,alts,reverse,3,2,0.3968683878580702,-8.890039920806887,0.3333333333333333,-17.188246647516888,17.585115035374955,0.6589405886090698,0.4992
check,z2.0_v2.0_lead,lead,15,1,btc,continue,3,2,-26.370345751444496,-25.40316104888916,0.3333333333333333,-21.828024784723915,-4.542320966720581,-0.24155708766424908,0.4992
check,z2.0_v2.0_lead,lead,15,1,btc,reverse,3,2,-13.6296542485555,-14.59683895111084,0.3333333333333333,-18.17197521527608,4.542320966720581,0.24155708766424908,0.4992
check,z2.0_v2.0_lead,lead,15,1,eth,continue,3,2,-33.38104406992594,-8.873004913330078,0.3333333333333333,-20.430643558502197,-12.950400511423748,-0.4555988724290919,1.0
check,z2.0_v2.0_lead,lead,15,1,eth,reverse,3,2,-6.618955930074057,-31.126995086669922,0.3333333333333333,-19.569356441497803,12.950400511423748,0.4555988724290919,1.0
check,z2.0_v2.0_lead,lead,15,3,alts,continue,3,2,21.555221875508625,-1.4266681671142576,0.3333333333333333,-20.794845620791115,42.35006749629973,1.395357489284748,1.0
check,z2.0_v2.0_lead,lead,15,3,alts,reverse,3,2,-61.55522187550863,-38.57333183288574,0.0,-19.20515437920888,-42.35006749629974,-1.3953574892847482,1.0
check,z2.0_v2.0_lead,lead,15,3,btc,continue,3,2,-21.710851987202965,-36.24166965484619,0.3333333333333333,-21.5122393767039,-0.19861261049906587,-0.004493055318918398,1.0
check,z2.0_v2.0_lead,lead,15,3,btc,reverse,3,2,-18.28914801279704,-3.758330345153809,0.3333333333333333,-18.4877606232961,0.19861261049906587,0.004493055318918398,1.0
check,z2.0_v2.0_lead,lead,15,3,eth,continue,3,2,-25.475680033365883,-20.26524066925049,0.3333333333333333,-19.784668286641438,-5.691011746724444,-0.10970292543802475,0.4992
check,z2.0_v2.0_lead,lead,15,3,eth,reverse,3,2,-14.524319966634113,-19.73475933074951,0.3333333333333333,-20.215331713358562,5.691011746724444,0.10970292543802475,0.4992
check,z2.0_v2.0_lead,lead,15,6,alts,continue,3,2,52.29897578557332,83.752064704895,0.6666666666666666,-10.438417196273805,62.73739298184714,2.0608156037071916,0.4992
check,z2.0_v2.0_lead,lead,15,6,alts,reverse,3,2,-92.29897578557333,-123.752064704895,0.0,-29.561582803726196,-62.73739298184714,-2.0608156037071916,0.4992
check,z2.0_v2.0_lead,lead,15,6,btc,continue,3,2,-8.866051038106283,-45.926828384399414,0.3333333333333333,-15.788494745890299,6.922443707784021,0.1538916778645303,1.0
check,z2.0_v2.0_lead,lead,15,6,btc,reverse,3,2,-31.133948961893715,5.926828384399414,0.6666666666666666,-24.211505254109703,-6.922443707784021,-0.1538916778645303,1.0
check,z2.0_v2.0_lead,lead,15,6,eth,continue,3,2,-7.66620953877767,-36.26729965209961,0.3333333333333333,-13.295043706893921,5.628834168116249,0.10384995640123394,1.0
check,z2.0_v2.0_lead,lead,15,6,eth,reverse,3,2,-32.33379046122233,-3.732700347900391,0.3333333333333333,-26.704956293106076,-5.628834168116249,-0.10384995640123394,1.0
check,z2.0_v2.0_lead,lead,15,12,alts,continue,3,2,62.21226930618286,71.61490201950072,0.6666666666666666,-0.041522979736324905,62.25379228591918,1.7549669076484502,0.4992
check,z2.0_v2.0_lead,lead,15,12,alts,reverse,3,2,-102.21226930618286,-111.61490201950073,0.0,-39.95847702026368,-62.25379228591918,-1.7549669076484502,0.4992
check,z2.0_v2.0_lead,lead,15,12,btc,continue,3,2,16.38744354248047,10.591487884521484,0.6666666666666666,-15.252738396326702,31.640181938807167,1.0433578365094862,1.0
check,z2.0_v2.0_lead,lead,15,12,btc,reverse,3,2,-56.38744354248046,-50.591487884521484,0.0,-24.7472616036733,-31.640181938807167,-1.0433578365094862,1.0
check,z2.0_v2.0_lead,lead,15,12,eth,continue,3,2,17.848552068074543,-21.854300498962402,0.3333333333333333,-8.446553548177084,26.295105616251625,0.43505393075242305,1.0
check,z2.0_v2.0_lead,lead,15,12,eth,reverse,3,2,-57.84855206807456,-18.145699501037598,0.3333333333333333,-31.553446451822918,-26.295105616251632,-0.4350539307524231,1.0
check,z2.0_v2.0_lead,lead,30,1,alts,continue,1,1,-32.73750066757202,-32.73750066757202,0.0,-24.301189184188843,-8.436311483383179,,1.0
check,z2.0_v2.0_lead,lead,30,1,alts,reverse,1,1,-7.262499332427979,-7.262499332427979,0.0,-15.698810815811157,8.436311483383179,,1.0
check,z2.0_v2.0_lead,lead,30,1,btc,continue,1,1,-29.81152057647705,-29.81152057647705,0.0,-25.19710779190064,-4.614412784576414,,1.0
check,z2.0_v2.0_lead,lead,30,1,btc,reverse,1,1,-10.18847942352295,-10.18847942352295,0.0,-14.802892208099365,4.614412784576416,,1.0
check,z2.0_v2.0_lead,lead,30,1,eth,continue,1,1,-12.95353889465332,-12.95353889465332,0.0,-21.85477733612061,8.901238441467287,,1.0
check,z2.0_v2.0_lead,lead,30,1,eth,reverse,1,1,-27.04646110534668,-27.04646110534668,0.0,-18.145222663879395,-8.901238441467285,,1.0
check,z2.0_v2.0_lead,lead,30,3,alts,continue,1,1,-15.99292278289795,-15.99292278289795,0.0,-28.325097560882565,12.332174777984617,,1.0
check,z2.0_v2.0_lead,lead,30,3,alts,reverse,1,1,-24.00707721710205,-24.00707721710205,0.0,-11.674902439117433,-12.332174777984617,,1.0
check,z2.0_v2.0_lead,lead,30,3,btc,continue,1,1,-45.926828384399414,-45.926828384399414,0.0,-25.765974521636963,-20.16085386276245,,1.0
check,z2.0_v2.0_lead,lead,30,3,btc,reverse,1,1,5.926828384399414,5.926828384399414,1.0,-14.234025478363037,20.16085386276245,,1.0
check,z2.0_v2.0_lead,lead,30,3,eth,continue,1,1,-36.26729965209961,-36.26729965209961,0.0,-17.355639934539795,-18.911659717559814,,1.0
check,z2.0_v2.0_lead,lead,30,3,eth,reverse,1,1,-3.732700347900391,-3.732700347900391,0.0,-22.644360065460205,18.911659717559814,,1.0
check,z2.0_v2.0_lead,lead,30,6,alts,continue,1,1,-16.589088439941406,-16.589088439941406,0.0,-31.94345712661743,15.354368686676027,,1.0
check,z2.0_v2.0_lead,lead,30,6,alts,reverse,1,1,-23.410911560058594,-23.410911560058594,0.0,-8.056542873382568,-15.354368686676025,,1.0
check,z2.0_v2.0_lead,lead,30,6,btc,continue,1,1,-36.81089401245117,-36.81089401245117,0.0,-15.472967624664308,-21.337926387786865,,1.0
check,z2.0_v2.0_lead,lead,30,6,btc,reverse,1,1,-3.1891059875488286,-3.1891059875488286,0.0,-24.527032375335693,21.337926387786865,,1.0
check,z2.0_v2.0_lead,lead,30,6,eth,continue,1,1,-21.854300498962402,-21.854300498962402,0.0,-8.9829158782959,-12.871384620666504,,1.0
check,z2.0_v2.0_lead,lead,30,6,eth,reverse,1,1,-18.145699501037598,-18.145699501037598,0.0,-31.0170841217041,12.871384620666504,,1.0
check,z2.0_v2.0_lead,lead,30,12,alts,continue,1,1,-86.26081466674803,-86.26081466674803,0.0,-28.309936523437496,-57.95087814331054,,1.0
check,z2.0_v2.0_lead,lead,30,12,alts,reverse,1,1,46.26081466674805,46.26081466674805,1.0,-11.690063476562502,57.95087814331055,,1.0
check,z2.0_v2.0_lead,lead,30,12,btc,continue,1,1,-94.7460126876831,-94.7460126876831,0.0,-1.150895357131959,-93.59511733055115,,1.0
check,z2.0_v2.0_lead,lead,30,12,btc,reverse,1,1,54.746012687683105,54.746012687683105,1.0,-38.84910464286804,93.59511733055115,,1.0
check,z2.0_v2.0_lead,lead,30,12,eth,continue,1,1,-87.76988506317139,-87.76988506317139,0.0,0.07192373275756708,-87.84180879592896,,1.0
check,z2.0_v2.0_lead,lead,30,12,eth,reverse,1,1,47.76988506317139,47.76988506317139,1.0,-40.071923732757575,87.84180879592896,,1.0
check,z2.0_v3.0_b0.6_sync,sync,5,1,alts,continue,2060,21,-20.594776185970865,-23.342765569686886,0.21359223300970873,-19.941446546653612,-0.6533296393172499,-0.6693824397990384,0.5813
check,z2.0_v3.0_b0.6_sync,sync,5,1,alts,reverse,2060,21,-19.405223814029135,-16.65723443031311,0.24320388349514563,-20.058553453346388,0.6533296393172499,0.6693824397990384,0.5813
check,z2.0_v3.0_b0.6_sync,sync,5,1,btc,continue,2060,21,-20.446910997038913,-22.295374870300293,0.1378640776699029,-19.906374613850108,-0.5405363831888002,-0.962132665109548,0.314
check,z2.0_v3.0_b0.6_sync,sync,5,1,btc,reverse,2060,21,-19.553089002961105,-17.704625129699707,0.14805825242718446,-20.093625386149895,0.5405363831888003,0.9621326651095481,0.314
check,z2.0_v3.0_b0.6_sync,sync,5,1,eth,continue,2060,21,-20.803567830798702,-24.963278770446777,0.1859223300970874,-19.86041571238727,-0.9431521184114277,-1.0503167081970268,0.2954
check,z2.0_v3.0_b0.6_sync,sync,5,1,eth,reverse,2060,21,-19.196432169201312,-15.036721229553223,0.23980582524271846,-20.13958428761273,0.9431521184114271,1.0503167081970264,0.2954
check,z2.0_v3.0_b0.6_sync,sync,5,3,alts,continue,2060,21,-22.162872124644156,-25.249756574630737,0.270873786407767,-19.806006579403377,-2.3568655452407863,-1.6027018718328776,0.1152
check,z2.0_v3.0_b0.6_sync,sync,5,3,alts,reverse,2060,21,-17.837127875355844,-14.750243425369264,0.341747572815534,-20.19399342059663,2.3568655452407867,1.6027018718328778,0.1152
check,z2.0_v3.0_b0.6_sync,sync,5,3,btc,continue,2060,21,-21.12739812980579,-23.23653221130371,0.19611650485436893,-19.853177523972374,-1.2742206058334073,-1.449864253498022,0.1089
check,z2.0_v3.0_b0.6_sync,sync,5,3,btc,reverse,2060,21,-18.87260187019423,-16.76346778869629,0.23495145631067962,-20.146822476027626,1.274220605833407,1.4498642534980215,0.1089
check,z2.0_v3.0_b0.6_sync,sync,5,3,eth,continue,2060,21,-20.57595563166351,-25.725622177124023,0.24854368932038834,-19.672320654152237,-0.9036349775112591,-0.6390729574166605,0.3985
check,z2.0_v3.0_b0.6_sync,sync,5,3,eth,reverse,2060,21,-19.42404436833651,-14.274377822875977,0.3179611650485437,-20.327679345847763,0.903634977511258,0.6390729574166597,0.3985
check,z2.0_v3.0_b0.6_sync,sync,5,6,alts,continue,2060,21,-19.732290651034386,-24.73266839981079,0.3179611650485437,-19.78376932497773,0.051478673943342906,0.019045905956675612,0.9865
check,z2.0_v3.0_b0.6_sync,sync,5,6,alts,reverse,2060,21,-20.267709348965614,-15.26733160018921,0.37766990291262137,-20.21623067502227,-0.051478673943342906,-0.019045905956675612,0.9865
check,z2.0_v3.0_b0.6_sync,sync,5,6,btc,continue,2060,21,-19.903626522971596,-22.445578575134277,0.2538834951456311,-19.85048882453857,-0.05313769843301789,-0.043352928661406304,0.9657
check,z2.0_v3.0_b0.6_sync,sync,5,6,btc,reverse,2060,21,-20.096373477028422,-17.554421424865723,0.2757281553398058,-20.14951117546143,0.05313769843301726,0.04335292866140579,0.9657
check,z2.0_v3.0_b0.6_sync,sync,5,6,eth,continue,2060,21,-18.62375074219936,-25.400478839874268,0.2966019417475728,-19.784155920201197,1.1604051780018434,0.6403362709507414,0.4662
check,z2.0_v3.0_b0.6_sync,sync,5,6,eth,reverse,2060,21,-21.37624925780066,-14.599521160125732,0.3524271844660194,-20.215844079798803,-1.1604051780018454,-0.6403362709507426,0.4662
check,z2.0_v3.0_b0.6_sync,sync,5,12,alts,continue,2060,21,-21.617774963378906,-25.709892511367798,0.3616504854368932,-19.59437708717144,-2.023397876207462,-0.7715834018626341,0.4299
check,z2.0_v3.0_b0.6_sync,sync,5,12,alts,reverse,2060,21,-18.382225036621094,-14.290107488632202,0.4111650485436893,-20.40562291282856,2.0233978762074614,0.771583401862634,0.4299
check,z2.0_v3.0_b0.6_sync,sync,5,12,btc,continue,2060,21,-20.48067124144546,-22.380013465881348,0.30145631067961165,-19.7169983623544,-0.7636728790910542,-0.49840580561858355,0.5147
check,z2.0_v3.0_b0.6_sync,sync,5,12,btc,reverse,2060,21,-19.51932875855456,-17.619986534118652,0.3325242718446602,-20.283001637645608,0.7636728790910533,0.4984058056185829,0.5147
check,z2.0_v3.0_b0.6_sync,sync,5,12,eth,continue,2060,21,-20.033625121255533,-26.302595138549805,0.3344660194174757,-19.608023242934735,-0.42560187832078644,-0.1926337487561606,0.8128
check,z2.0_v3.0_b0.6_sync,sync,5,12,eth,reverse,2060,21,-19.966374878744485,-13.697404861450195,0.4092233009708738,-20.39197675706527,0.42560187832078367,0.19263374875615938,0.8128
check,z2.0_v3.0_b0.6_sync,sync,15,1,alts,continue,788,21,-19.098065964461586,-22.844214439392093,0.3134517766497462,-20.234452499653482,1.1363865351918998,0.48289268265389645,0.69
check,z2.0_v3.0_b0.6_sync,sync,15,1,alts,reverse,788,21,-20.901934035538417,-17.15578556060791,0.32741116751269034,-19.765547500346518,-1.1363865351918991,-0.4828926826538962,0.69
check,z2.0_v3.0_b0.6_sync,sync,15,1,btc,continue,788,21,-18.1710897181845,-24.299283027648926,0.24619289340101522,-20.157248890641984,1.9861591724574867,1.2820986859025514,0.1394
check,z2.0_v3.0_b0.6_sync,sync,15,1,btc,reverse,788,21,-21.82891028181551,-15.700716972351074,0.23477157360406092,-19.84275110935802,-1.9861591724574867,-1.2820986859025518,0.1394
check,z2.0_v3.0_b0.6_sync,sync,15,1,eth,continue,788,21,-17.5322012973921,-26.468892097473145,0.2982233502538071,-20.237798743744186,2.705597446352092,1.2337961789120997,0.1678
check,z2.0_v3.0_b0.6_sync,sync,15,1,eth,reverse,788,21,-22.467798702607915,-13.531107902526855,0.3248730964467005,-19.762201256255814,-2.7055974463520926,-1.2337961789121,0.1678
check,z2.0_v3.0_b0.6_sync,sync,15,3,alts,continue,788,21,-17.66135339809553,-21.579618453979496,0.366751269035533,-19.942092941170735,2.2807395430752018,0.637989841266299,0.5889
check,z2.0_v3.0_b0.6_sync,sync,15,3,alts,reverse,788,21,-22.33864660190447,-18.420381546020508,0.37817258883248733,-20.057907058829265,-2.280739543075202,-0.6379898412662992,0.5889
check,z2.0_v3.0_b0.6_sync,sync,15,3,btc,continue,788,21,-19.302715668218397,-21.39981508255005,0.31218274111675126,-19.943605619909416,0.6408899516910272,0.2753286763167581,0.742
check,z2.0_v3.0_b0.6_sync,sync,15,3,btc,reverse,788,21,-20.697284331781617,-18.60018491744995,0.33248730964467005,-20.056394380090588,-0.6408899516910284,-0.2753286763167586,0.742
check,z2.0_v3.0_b0.6_sync,sync,15,3,eth,continue,788,21,-15.657488476806492,-23.01361083984375,0.36548223350253806,-19.50659092522674,3.849102448420251,1.143532927412086,0.2705
check,z2.0_v3.0_b0.6_sync,sync,15,3,eth,reverse,788,21,-24.342511523193522,-16.98638916015625,0.3769035532994924,-20.49340907477326,-3.849102448420255,-1.1435329274120871,0.2705
check,z2.0_v3.0_b0.6_sync,sync,15,6,alts,continue,788,21,-10.95800649091072,-18.552989959716797,0.41878172588832485,-19.136545729611665,8.17853923870095,1.5833899638732385,0.2124
check,z2.0_v3.0_b0.6_sync,sync,15,6,alts,reverse,788,21,-29.041993509089284,-21.447010040283203,0.4098984771573604,-20.863454270388335,-8.17853923870095,-1.5833899638732385,0.2124
check,z2.0_v3.0_b0.6_sync,sync,15,6,btc,continue,788,21,-15.44915435882995,-19.89032745361328,0.35913705583756345,-19.509049859669258,4.059895500839315,1.2471600159126395,0.1863
check,z2.0_v3.0_b0.6_sync,sync,15,6,btc,reverse,788,21,-24.550845641170064,-20.10967254638672,0.33121827411167515,-20.490950140330742,-4.059895500839315,-1.2471600159126397,0.1863
check,z2.0_v3.0_b0.6_sync,sync,15,6,eth,continue,788,21,-7.257498926317641,-20.609755516052246,0.41751269035532995,-18.353934225522035,11.096435299204405,2.2520704054935394,0.0312
check,z2.0_v3.0_b0.6_sync,sync,15,6,eth,reverse,788,21,-32.742501073682384,-19.390244483947754,0.38578680203045684,-21.646065774477965,-11.096435299204408,-2.2520704054935403,0.0312
check,z2.0_v3.0_b0.6_sync,sync,15,12,alts,continue,788,21,-7.174529139765631,-13.951928615570068,0.44543147208121825,-17.89102800606471,10.716498866299082,1.5311835365945028,0.2071
check,z2.0_v3.0_b0.6_sync,sync,15,12,alts,reverse,788,21,-32.825470860234375,-26.048071384429928,0.4086294416243655,-22.10897199393529,-10.716498866299084,-1.5311835365945032,0.2071
check,z2.0_v3.0_b0.6_sync,sync,15,12,btc,continue,788,21,-13.670162210609716,-21.2284517288208,0.4022842639593909,-19.026323585802626,5.356161375192917,1.311891692278187,0.216
check,z2.0_v3.0_b0.6_sync,sync,15,12,btc,reverse,788,21,-26.329837789390297,-18.7715482711792,0.3819796954314721,-20.973676414197378,-5.356161375192921,-1.311891692278188,0.216
check,z2.0_v3.0_b0.6_sync,sync,15,12,eth,continue,788,21,-4.119452044443444,-18.6422061920166,0.43781725888324874,-17.118191871689564,12.998739827246128,2.1148044154943753,0.0519
check,z2.0_v3.0_b0.6_sync,sync,15,12,eth,reverse,788,21,-35.88054795555658,-21.3577938079834,0.4073604060913706,-22.881808128310436,-12.998739827246139,-2.114804415494377,0.0519
check,z2.0_v3.0_b0.6_sync,sync,30,1,alts,continue,453,21,-30.616534198356778,-29.3131422996521,0.35320088300220753,-20.223165317613294,-10.393368880743488,-1.2850463051131524,0.1185
check,z2.0_v3.0_b0.6_sync,sync,30,1,alts,reverse,453,21,-9.383465801643219,-10.6868577003479,0.4370860927152318,-19.77683468238671,10.39336888074349,1.2850463051131527,0.1185
check,z2.0_v3.0_b0.6_sync,sync,30,1,btc,continue,453,21,-21.84477954510822,-25.224943161010742,0.2803532008830022,-20.161462338028628,-1.683317207079586,-0.5436921928878062,0.5016
check,z2.0_v3.0_b0.6_sync,sync,30,1,btc,reverse,453,21,-18.155220454891793,-14.775056838989258,0.3465783664459161,-19.838537661971372,1.6833172070795845,0.5436921928878058,0.5016
check,z2.0_v3.0_b0.6_sync,sync,30,1,eth,continue,453,21,-21.14581179671467,-28.845925331115723,0.33774834437086093,-20.751405428050635,-0.3944063686640347,-0.07759344393064681,0.9319
check,z2.0_v3.0_b0.6_sync,sync,30,1,eth,reverse,453,21,-18.854188203285343,-11.154074668884277,0.40618101545253865,-19.24859457194937,0.39440636866403195,0.07759344393064627,0.9319
check,z2.0_v3.0_b0.6_sync,sync,30,3,alts,continue,453,21,-24.405757028272347,-22.557873725891113,0.39514348785871967,-19.52822335376908,-4.877533674503268,-0.5034681340844828,0.4726
check,z2.0_v3.0_b0.6_sync,sync,30,3,alts,reverse,453,21,-15.594242971727658,-17.442126274108887,0.445916114790287,-20.47177664623092,4.877533674503266,0.5034681340844825,0.4726
check,z2.0_v3.0_b0.6_sync,sync,30,3,btc,continue,453,21,-19.81068749038327,-21.95026397705078,0.3598233995584989,-19.899246440028513,0.08855894964525475,0.019078057341864737,0.9751
check,z2.0_v3.0_b0.6_sync,sync,30,3,btc,reverse,453,21,-20.189312509616748,-18.04973602294922,0.3598233995584989,-20.100753559971483,-0.08855894964525597,-0.019078057341864997,0.9751
check,z2.0_v3.0_b0.6_sync,sync,30,3,eth,continue,453,21,-16.66515828231577,-24.488229751586914,0.38852097130242824,-20.54920930209802,3.8840510197822575,0.5525791963983337,0.3654
check,z2.0_v3.0_b0.6_sync,sync,30,3,eth,reverse,453,21,-23.334841717684256,-15.511770248413086,0.4105960264900662,-19.45079069790198,-3.884051019782265,-0.5525791963983349,0.3654
check,z2.0_v3.0_b0.6_sync,sync,30,6,alts,continue,453,21,-31.528250844799658,-29.8952054977417,0.39072847682119205,-17.4312249377614,-14.097025907038256,-1.306182956798649,0.1183
check,z2.0_v3.0_b0.6_sync,sync,30,6,alts,reverse,453,21,-8.471749155200346,-10.1047945022583,0.4613686534216336,-22.5687750622386,14.097025907038256,1.306182956798649,0.1183
check,z2.0_v3.0_b0.6_sync,sync,30,6,btc,continue,453,21,-18.114661665152248,-24.69684600830078,0.3730684326710817,-19.146916554809877,1.032254889657635,0.1838430673031781,0.7643
check,z2.0_v3.0_b0.6_sync,sync,30,6,btc,reverse,453,21,-21.885338334847773,-15.303153991699219,0.4194260485651214,-20.853083445190123,-1.0322548896576391,-0.18384306730317884,0.7643
check,z2.0_v3.0_b0.6_sync,sync,30,6,eth,continue,453,21,-14.923252669917575,-35.19203186035156,0.40176600441501104,-18.659903605363507,3.736650935445936,0.4435038447394053,0.5706
check,z2.0_v3.0_b0.6_sync,sync,30,6,eth,reverse,453,21,-25.076747330082448,-4.8079681396484375,0.47240618101545256,-21.340096394636497,-3.7366509354459425,-0.4435038447394061,0.5706
check,z2.0_v3.0_b0.6_sync,sync,30,12,alts,continue,453,21,-25.94023097692999,-22.10281610488892,0.44370860927152317,-16.699381537161543,-9.240849439768452,-0.7052565505650844,0.2695
check,z2.0_v3.0_b0.6_sync,sync,30,12,alts,reverse,453,21,-14.05976902307001,-17.897183895111084,0.45253863134657835,-23.300618462838454,9.240849439768448,0.7052565505650841,0.2695
check,z2.0_v3.0_b0.6_sync,sync,30,12,btc,continue,453,21,-19.511331385597764,-18.36742877960205,0.40618101545253865,-17.716413026793962,-1.7949183588037974,-0.24941193034927758,0.7149
check,z2.0_v3.0_b0.6_sync,sync,30,12,btc,reverse,453,21,-20.488668614402265,-21.63257122039795,0.4216335540838852,-22.28358697320604,1.7949183588037874,0.2494119303492762,0.7149
check,z2.0_v3.0_b0.6_sync,sync,30,12,eth,continue,453,21,-9.6300957429225,-22.11477279663086,0.4481236203090508,-16.482480513422114,6.852384770499624,0.6287634841746164,0.3711
check,z2.0_v3.0_b0.6_sync,sync,30,12,eth,reverse,453,21,-30.369904257077533,-17.88522720336914,0.4503311258278146,-23.517519486577886,-6.852384770499639,-0.6287634841746177,0.3711
check,z2.0_v3.0_b0.6_sync,sync,60,1,alts,continue,245,21,-16.04912446469677,-23.751528263092045,0.40408163265306124,-18.05648497902617,2.007360514329403,0.22202453973315717,0.8131
check,z2.0_v3.0_b0.6_sync,sync,60,1,alts,reverse,245,21,-23.950875535303233,-16.24847173690796,0.43673469387755104,-21.94351502097383,-2.007360514329405,-0.2220245397331574,0.8131
check,z2.0_v3.0_b0.6_sync,sync,60,1,btc,continue,245,21,-14.52910617906221,-15.795488357543945,0.3795918367346939,-18.72752610518008,4.198419926117878,0.7947041783070884,0.4704
check,z2.0_v3.0_b0.6_sync,sync,60,1,btc,reverse,245,21,-25.47089382093781,-24.204511642456055,0.3306122448979592,-21.272473894819917,-4.19841992611788,-0.7947041783070888,0.4704
check,z2.0_v3.0_b0.6_sync,sync,60,1,eth,continue,245,21,-12.342676435198111,-23.70621681213379,0.37551020408163266,-17.857463359832764,5.514786924634659,0.6438637261349719,0.4924
check,z2.0_v3.0_b0.6_sync,sync,60,1,eth,reverse,245,21,-27.657323564801906,-16.29378318786621,0.4122448979591837,-22.142536640167236,-5.514786924634663,-0.6438637261349723,0.4924
check,z2.0_v3.0_b0.6_sync,sync,60,3,alts,continue,245,21,-11.17812672439887,-19.980556964874268,0.44081632653061226,-13.72258153817067,2.5444548137718024,0.20589339379632626,0.8107
check,z2.0_v3.0_b0.6_sync,sync,60,3,alts,reverse,245,21,-28.82187327560113,-20.019443035125736,0.4122448979591837,-26.277418461829328,-2.5444548137718037,-0.20589339379632635,0.8107
check,z2.0_v3.0_b0.6_sync,sync,60,3,btc,continue,245,21,-12.710422496406409,-18.84486198425293,0.4163265306122449,-16.397997581356968,3.6875750849505624,0.46633212684306175,0.5897
check,z2.0_v3.0_b0.6_sync,sync,60,3,btc,reverse,245,21,-27.289577503593613,-21.15513801574707,0.39183673469387753,-23.60200241864304,-3.6875750849505664,-0.4663321268430623,0.5897
check,z2.0_v3.0_b0.6_sync,sync,60,3,eth,continue,245,21,-0.23707769354996966,-27.849931716918945,0.42448979591836733,-13.421413710242822,13.184336016692864,1.060372326307884,0.217
check,z2.0_v3.0_b0.6_sync,sync,60,3,eth,reverse,245,21,-39.76292230645006,-12.150068283081055,0.4163265306122449,-26.578586289757176,-13.184336016692873,-1.0603723263078846,0.217
check,z2.0_v3.0_b0.6_sync,sync,60,6,alts,continue,245,21,9.06470785335618,-7.574911117553711,0.4897959183673469,-9.105925615568806,18.170633468924986,1.0631115500272474,0.4017
check,z2.0_v3.0_b0.6_sync,sync,60,6,alts,reverse,245,21,-49.06470785335619,-32.42508888244629,0.42448979591836733,-30.894074384431196,-18.17063346892499,-1.0631115500272474,0.4017
check,z2.0_v3.0_b0.6_sync,sync,60,6,btc,continue,245,21,-11.19382001915758,-19.091029167175293,0.42857142857142855,-12.515020045250752,1.3212000260931782,0.1340762282734699,0.9064
check,z2.0_v3.0_b0.6_sync,sync,60,6,btc,reverse,245,21,-28.806179980842447,-20.908970832824707,0.4,-27.48497995474925,-1.321200026093189,-0.13407622827347102,0.9064
check,z2.0_v3.0_b0.6_sync,sync,60,6,eth,continue,245,21,11.781510430939326,-21.080036163330078,0.44081632653061226,-6.410897893372976,18.192408324312304,1.1967246515691365,0.2781
check,z2.0_v3.0_b0.6_sync,sync,60,6,eth,reverse,245,21,-51.78151043093936,-18.919963836669922,0.45714285714285713,-33.589102106627024,-18.192408324312325,-1.196724651569138,0.2781
check,z2.0_v3.0_b0.6_sync,sync,60,12,alts,continue,245,21,10.956933887637392,-0.662989616394044,0.49795918367346936,-0.9237029576788152,11.880636845316205,0.593875619556945,0.6355
check,z2.0_v3.0_b0.6_sync,sync,60,12,alts,reverse,245,21,-50.95693388763738,-39.33701038360596,0.4204081632653061,-39.07629704232119,-11.880636845316207,-0.593875619556945,0.6355
check,z2.0_v3.0_b0.6_sync,sync,60,12,btc,continue,245,21,-10.385435065444648,-16.172785758972168,0.45714285714285713,-6.229785820659327,-4.155649244785312,-0.3460832815419142,0.7236
check,z2.0_v3.0_b0.6_sync,sync,60,12,btc,reverse,245,21,-29.614564934555386,-23.827214241027832,0.42857142857142855,-33.77021417934067,4.155649244785304,0.3460832815419135,0.7236
check,z2.0_v3.0_b0.6_sync,sync,60,12,eth,continue,245,21,18.77090191354555,-23.386735916137695,0.45714285714285713,2.5395252814098295,16.23137663213573,0.8825964912536077,0.4504
check,z2.0_v3.0_b0.6_sync,sync,60,12,eth,reverse,245,21,-58.770901913545586,-16.613264083862305,0.4489795918367347,-42.53952528140983,-16.231376632135753,-0.8825964912536088,0.4504
check,z2.0_v3.0_b0.75_sync,sync,5,1,alts,continue,2021,21,-20.634275728496572,-23.336954116821286,0.21375556655121228,-20.0157298223622,-0.618545906134374,-0.6172617500428106,0.6019
check,z2.0_v3.0_b0.75_sync,sync,5,1,alts,reverse,2021,21,-19.36572427150343,-16.66304588317871,0.24641266699653636,-19.98427017763781,0.6185459061343741,0.6172617500428107,0.6019
check,z2.0_v3.0_b0.75_sync,sync,5,1,btc,continue,2021,21,-20.529914194849805,-22.341270446777344,0.13805047006432458,-19.992951079797535,-0.5369631150522662,-0.9454512646823853,0.3337
check,z2.0_v3.0_b0.75_sync,sync,5,1,btc,reverse,2021,21,-19.47008580515021,-17.658729553222656,0.1504205838693716,-20.00704892020247,0.5369631150522662,0.9454512646823853,0.3337
check,z2.0_v3.0_b0.75_sync,sync,5,1,eth,continue,2021,21,-20.89147225398348,-24.976987838745117,0.18604651162790697,-20.031914187798932,-0.8595580661845409,-0.9460343546187281,0.3554
check,z2.0_v3.0_b0.75_sync,sync,5,1,eth,reverse,2021,21,-19.108527746016534,-15.023012161254883,0.24492825333993073,-19.968085812201068,0.8595580661845408,0.946034354618728,0.3554
check,z2.0_v3.0_b0.75_sync,sync,5,3,alts,continue,2021,21,-22.290064995976614,-24.910778999328613,0.27214250371103416,-19.586139576562807,-2.70392541941381,-1.8022006377497835,0.0987
check,z2.0_v3.0_b0.75_sync,sync,5,3,alts,reverse,2021,21,-17.709935004023382,-15.089221000671388,0.34438396833250867,-20.413860423437193,2.7039254194138094,1.802200637749783,0.0987
check,z2.0_v3.0_b0.75_sync,sync,5,3,btc,continue,2021,21,-21.16962126609656,-23.243684768676758,0.1949529935675408,-19.91180831394009,-1.2578129521564674,-1.4150295355958873,0.1373
check,z2.0_v3.0_b0.75_sync,sync,5,3,btc,reverse,2021,21,-18.830378733903455,-16.756315231323242,0.23750618505690252,-20.08819168605992,1.2578129521564672,1.415029535595887,0.1373
check,z2.0_v3.0_b0.75_sync,sync,5,3,eth,continue,2021,21,-20.61980867551024,-26.0194730758667,0.24987629886194954,-19.765779773295954,-0.854028902214274,-0.5951646675956224,0.4725
check,z2.0_v3.0_b0.75_sync,sync,5,3,eth,reverse,2021,21,-19.380191324489775,-13.9805269241333,0.32162295893122217,-20.234220226704043,0.8540289022142723,0.5951646675956211,0.4725
check,z2.0_v3.0_b0.75_sync,sync,5,6,alts,continue,2021,21,-19.6986655891679,-24.598689079284668,0.31964374072241464,-19.26684164981357,-0.43182393935432134,-0.15673316296502263,0.8708
check,z2.0_v3.0_b0.75_sync,sync,5,6,alts,reverse,2021,21,-20.30133441083211,-15.401310920715332,0.38050470064324593,-20.73315835018643,0.4318239393543207,0.15673316296502238,0.8708
check,z2.0_v3.0_b0.75_sync,sync,5,6,btc,continue,2021,21,-19.945398488297204,-22.416372299194336,0.2553191489361702,-19.69330366155953,-0.2520948267376685,-0.20265902667217534,0.8464
check,z2.0_v3.0_b0.75_sync,sync,5,6,btc,reverse,2021,21,-20.054601511702813,-17.583627700805664,0.2780801583374567,-20.306696338440474,0.25209482673766803,0.20265902667217503,0.8464
check,z2.0_v3.0_b0.75_sync,sync,5,6,eth,continue,2021,21,-18.67282782020928,-25.437731742858887,0.2983671449777338,-19.49293849899693,0.8201106787876562,0.4448234839032577,0.6341
check,z2.0_v3.0_b0.75_sync,sync,5,6,eth,reverse,2021,21,-21.327172179790733,-14.562268257141113,0.3557644730331519,-20.50706150100307,-0.8201106787876578,-0.4448234839032585,0.6341
check,z2.0_v3.0_b0.75_sync,sync,5,12,alts,continue,2021,21,-21.893256419605105,-26.00229501724243,0.3607125185551707,-19.28320280283782,-2.610053616767284,-0.9814754404295812,0.3001
check,z2.0_v3.0_b0.75_sync,sync,5,12,alts,reverse,2021,21,-18.106743580394895,-13.997704982757568,0.4136566056407719,-20.716797197162183,2.6100536167672823,0.9814754404295806,0.3001
check,z2.0_v3.0_b0.75_sync,sync,5,12,btc,continue,2021,21,-20.78476961740818,-22.748966217041016,0.3008411677387432,-19.512341016965465,-1.272428600442711,-0.8189574773702808,0.3404
check,z2.0_v3.0_b0.75_sync,sync,5,12,btc,reverse,2021,21,-19.215230382591834,-17.251033782958984,0.3364670954972786,-20.487658983034535,1.2724286004427106,0.8189574773702805,0.3404
check,z2.0_v3.0_b0.75_sync,sync,5,12,eth,continue,2021,21,-20.485074750153757,-26.945133209228516,0.33399307273626916,-19.31172076859615,-1.1733539815576035,-0.5201785395292575,0.5259
check,z2.0_v3.0_b0.75_sync,sync,5,12,eth,reverse,2021,21,-19.514925249846257,-13.054866790771484,0.4136566056407719,-20.68827923140385,1.1733539815576004,0.5201785395292561,0.5259
check,z2.0_v3.0_b0.75_sync,sync,15,1,alts,continue,776,21,-18.781582160094352,-22.02193856239319,0.32087628865979384,-19.779905957643326,0.9983237975489747,0.41271690164525293,0.7536
check,z2.0_v3.0_b0.75_sync,sync,15,1,alts,reverse,776,21,-21.218417839905648,-17.97806143760681,0.327319587628866,-20.220094042356678,-0.998323797548975,-0.4127169016452531,0.7536
check,z2.0_v3.0_b0.75_sync,sync,15,1,btc,continue,776,21,-17.919231038732633,-24.14341688156128,0.25128865979381443,-19.889645052389547,1.97041401365692,1.2573618348619224,0.1626
check,z2.0_v3.0_b0.75_sync,sync,15,1,btc,reverse,776,21,-22.08076896126738,-15.85658311843872,0.23582474226804123,-20.110354947610453,-1.9704140136569206,-1.2573618348619229,0.1626
check,z2.0_v3.0_b0.75_sync,sync,15,1,eth,continue,776,21,-17.10351305524099,-26.15924596786499,0.30283505154639173,-19.671417498194,2.5679044429530147,1.1557449974883256,0.2219
check,z2.0_v3.0_b0.75_sync,sync,15,1,eth,reverse,776,21,-22.896486944759022,-13.84075403213501,0.32603092783505155,-20.328582501806,-2.5679044429530156,-1.155744997488326,0.2219
check,z2.0_v3.0_b0.75_sync,sync,15,3,alts,continue,776,21,-17.603251239688127,-21.40700340270996,0.3711340206185567,-19.540422825881535,1.9371715861934078,0.5287311309230928,0.6449
check,z2.0_v3.0_b0.75_sync,sync,15,3,alts,reverse,776,21,-22.396748760311873,-18.59299659729004,0.38273195876288657,-20.45957717411847,-1.9371715861934071,-0.5287311309230927,0.6449
check,z2.0_v3.0_b0.75_sync,sync,15,3,btc,continue,776,21,-19.21670356362137,-21.47998332977295,0.3131443298969072,-19.845024147760718,0.6283205841393549,0.267295782466151,0.7592
check,z2.0_v3.0_b0.75_sync,sync,15,3,btc,reverse,776,21,-20.78329643637864,-18.52001667022705,0.33118556701030927,-20.15497585223928,-0.6283205841393562,-0.26729578246615154,0.7592
check,z2.0_v3.0_b0.75_sync,sync,15,3,eth,continue,776,21,-15.177713097985265,-22.85118818283081,0.3698453608247423,-19.393181025383594,4.215467927398334,1.2471061727283876,0.2323
check,z2.0_v3.0_b0.75_sync,sync,15,3,eth,reverse,776,21,-24.82228690201475,-17.14881181716919,0.3788659793814433,-20.606818974616406,-4.215467927398335,-1.2471061727283879,0.2323
check,z2.0_v3.0_b0.75_sync,sync,15,6,alts,continue,776,21,-11.161134915868033,-18.501694202423096,0.4213917525773196,-19.89331507288239,8.732180157014353,1.6600416707211003,0.1995
check,z2.0_v3.0_b0.75_sync,sync,15,6,alts,reverse,776,21,-28.838865084131974,-21.498305797576908,0.41494845360824745,-20.10668492711761,-8.73218015701436,-1.6600416707211016,0.1995
check,z2.0_v3.0_b0.75_sync,sync,15,6,btc,continue,776,21,-15.624440693363708,-19.89032745361328,0.3595360824742268,-19.63729936130268,4.012858667938977,1.2128846316463067,0.2034
check,z2.0_v3.0_b0.75_sync,sync,15,6,btc,reverse,776,21,-24.375559306636305,-20.10967254638672,0.33634020618556704,-20.362700638697323,-4.012858667938981,-1.212884631646308,0.2034
check,z2.0_v3.0_b0.75_sync,sync,15,6,eth,continue,776,21,-7.4223054377074185,-20.47445297241211,0.4213917525773196,-19.23303546469883,11.810730026991417,2.3630284712179632,0.0275
check,z2.0_v3.0_b0.75_sync,sync,15,6,eth,reverse,776,21,-32.577694562292606,-19.52554702758789,0.38788659793814434,-20.76696453530117,-11.810730026991422,-2.3630284712179646,0.0275
check,z2.0_v3.0_b0.75_sync,sync,15,12,alts,continue,776,21,-8.049528448237588,-14.792836904525759,0.44458762886597936,-17.85529534874561,9.805766900508022,1.3665306982754688,0.2858
check,z2.0_v3.0_b0.75_sync,sync,15,12,alts,reverse,776,21,-31.95047155176242,-25.207163095474243,0.4162371134020619,-22.1447046512544,-9.805766900508022,-1.3665306982754688,0.2858
check,z2.0_v3.0_b0.75_sync,sync,15,12,btc,continue,776,21,-13.990492267706966,-22.19792127609253,0.4059278350515464,-18.344663963599526,4.354171695892564,1.0562878233148405,0.2898
check,z2.0_v3.0_b0.75_sync,sync,15,12,btc,reverse,776,21,-26.009507732293045,-17.80207872390747,0.3853092783505155,-21.65533603640047,-4.3541716958925685,-1.0562878233148416,0.2898
check,z2.0_v3.0_b0.75_sync,sync,15,12,eth,continue,776,21,-4.47433037241711,-18.755455017089844,0.4368556701030928,-17.79978773842498,13.325457366007878,2.1245397069403142,0.0549
check,z2.0_v3.0_b0.75_sync,sync,15,12,eth,reverse,776,21,-35.525669627582914,-21.244544982910156,0.41237113402061853,-22.200212261575025,-13.325457366007887,-2.1245397069403156,0.0549
check,z2.0_v3.0_b0.75_sync,sync,30,1,alts,continue,446,21,-29.73856227280313,-27.934832572937015,0.3609865470852018,-19.945237349656384,-9.793324923146749,-1.1858317118172508,0.1374
check,z2.0_v3.0_b0.75_sync,sync,30,1,alts,reverse,446,21,-10.261437727196869,-12.06516742706299,0.4327354260089686,-20.054762650343616,9.793324923146749,1.1858317118172508,0.1374
check,z2.0_v3.0_b0.75_sync,sync,30,1,btc,continue,446,21,-20.501027823563657,-25.201101303100586,0.2937219730941704,-19.85929546714645,-0.6417323564172002,-0.19750856648321044,0.7899
check,z2.0_v3.0_b0.75_sync,sync,30,1,btc,reverse,446,21,-19.498972176436357,-14.798898696899414,0.3452914798206278,-20.14070453285355,0.6417323564171986,0.19750856648321,0.7899
check,z2.0_v3.0_b0.75_sync,sync,30,1,eth,continue,446,21,-19.092404350571577,-27.6410174369812,0.34977578475336324,-19.98019883619718,0.8877944856256066,0.1674133003347874,0.8395
check,z2.0_v3.0_b0.75_sync,sync,30,1,eth,reverse,446,21,-20.90759564942844,-12.358982563018799,0.40582959641255606,-20.019801163802825,-0.8877944856256074,-0.16741330033478757,0.8395
check,z2.0_v3.0_b0.75_sync,sync,30,3,alts,continue,446,21,-23.037809603951974,-21.75886154174805,0.4013452914798206,-19.693245813268124,-3.3445637906838463,-0.3358049919104648,0.6209
check,z2.0_v3.0_b0.75_sync,sync,30,3,alts,reverse,446,21,-16.96219039604803,-18.241138458251953,0.44170403587443946,-20.306754186731876,3.344563790683845,0.33580499191046465,0.6209
check,z2.0_v3.0_b0.75_sync,sync,30,3,btc,continue,446,21,-18.24224566130361,-20.838935375213623,0.3654708520179372,-19.581179691705888,1.3389340304022872,0.2733193156734771,0.6281
check,z2.0_v3.0_b0.75_sync,sync,30,3,btc,reverse,446,21,-21.757754338696408,-19.161064624786377,0.35874439461883406,-20.418820308294112,-1.3389340304022899,-0.27331931567347767,0.6281
check,z2.0_v3.0_b0.75_sync,sync,30,3,eth,continue,446,21,-13.766057117102937,-23.08007001876831,0.4013452914798206,-19.885899223807513,6.1198421067045805,0.8257270947634046,0.1502
check,z2.0_v3.0_b0.75_sync,sync,30,3,eth,reverse,446,21,-26.233942882897082,-16.91992998123169,0.40358744394618834,-20.114100776192487,-6.119842106704586,-0.8257270947634052,0.1502
check,z2.0_v3.0_b0.75_sync,sync,30,6,alts,continue,446,21,-31.06449950970876,-29.85792875289917,0.3968609865470852,-20.1344569528584,-10.930042556850365,-0.983534933192928,0.2243
check,z2.0_v3.0_b0.75_sync,sync,30,6,alts,reverse,446,21,-8.935500490291242,-10.14207124710083,0.4618834080717489,-19.8655430471416,10.93004255685036,0.9835349331929274,0.2243
check,z2.0_v3.0_b0.75_sync,sync,30,6,btc,continue,446,21,-18.019333644832738,-24.61786985397339,0.3811659192825112,-20.248890494492496,2.2295568496597626,0.3923201050201356,0.5388
check,z2.0_v3.0_b0.75_sync,sync,30,6,btc,reverse,446,21,-21.98066635516728,-15.382130146026611,0.4192825112107623,-19.751109505507504,-2.229556849659769,-0.3923201050201367,0.5388
check,z2.0_v3.0_b0.75_sync,sync,30,6,eth,continue,446,21,-13.883872513279265,-32.969970703125,0.4080717488789238,-20.39017631096453,6.506303797685271,0.7595043300363361,0.344
check,z2.0_v3.0_b0.75_sync,sync,30,6,eth,reverse,446,21,-26.116127486720767,-7.030029296875,0.4641255605381166,-19.60982368903547,-6.506303797685279,-0.759504330036337,0.344
check,z2.0_v3.0_b0.75_sync,sync,30,12,alts,continue,446,21,-24.87640954453849,-17.803878784179688,0.452914798206278,-17.823798024185155,-7.052611520353336,-0.5278133777855267,0.4749
check,z2.0_v3.0_b0.75_sync,sync,30,12,alts,reverse,446,21,-15.123590455461516,-22.196121215820316,0.4484304932735426,-22.176201975814845,7.052611520353334,0.5278133777855265,0.4749
check,z2.0_v3.0_b0.75_sync,sync,30,12,btc,continue,446,21,-18.75662439072614,-16.00231647491455,0.4147982062780269,-19.294899793840134,0.538275403113997,0.07366672450106465,0.9064
check,z2.0_v3.0_b0.75_sync,sync,30,12,btc,reverse,446,21,-21.24337560927388,-23.99768352508545,0.4192825112107623,-20.70510020615987,-0.5382754031140007,-0.07366672450106515,0.9064
check,z2.0_v3.0_b0.75_sync,sync,30,12,eth,continue,446,21,-7.4682129765840015,-21.167654991149902,0.4551569506726457,-18.374527879894586,10.90631490331059,0.963326317368355,0.1284
check,z2.0_v3.0_b0.75_sync,sync,30,12,eth,reverse,446,21,-32.53178702341603,-18.832345008850098,0.44170403587443946,-21.625472120105417,-10.906314903310601,-0.9633263173683559,0.1284
check,z2.0_v3.0_b0.75_sync,sync,60,1,alts,continue,238,21,-17.202460004501987,-25.57916760444641,0.39915966386554624,-17.919603713921138,0.7171437094191505,0.07517188952804461,0.9292
check,z2.0_v3.0_b0.75_sync,sync,60,1,alts,reverse,238,21,-22.797539995498017,-14.420832395553589,0.44537815126050423,-22.080396286078866,-0.7171437094191517,-0.07517188952804474,0.9292
check,z2.0_v3.0_b0.75_sync,sync,60,1,btc,continue,238,21,-14.028869296322359,-17.78449535369873,0.38235294117647056,-18.719009782085905,4.69014048576355,0.8062568175857789,0.4276
check,z2.0_v3.0_b0.75_sync,sync,60,1,btc,reverse,238,21,-25.97113070367766,-22.21550464630127,0.3403361344537815,-21.280990217914102,-4.690140485763552,-0.8062568175857794,0.4276
check,z2.0_v3.0_b0.75_sync,sync,60,1,eth,continue,238,21,-11.611710616520483,-27.51584768295288,0.36554621848739494,-18.562991619110107,6.95128100258963,0.7575898235445964,0.3752
check,z2.0_v3.0_b0.75_sync,sync,60,1,eth,reverse,238,21,-28.388289383479535,-12.48415231704712,0.42016806722689076,-21.437008380889893,-6.951281002589635,-0.7575898235445968,0.3752
check,z2.0_v3.0_b0.75_sync,sync,60,3,alts,continue,238,21,-12.389185939516345,-20.226396322250366,0.4369747899159664,-14.593584372215911,2.2043984326995694,0.1748004364187727,0.8402
check,z2.0_v3.0_b0.75_sync,sync,60,3,alts,reverse,238,21,-27.610814060483662,-19.773603677749634,0.41596638655462187,-25.406415627784085,-2.204398432699575,-0.17480043641877316,0.8402
check,z2.0_v3.0_b0.75_sync,sync,60,3,btc,continue,238,21,-14.036422557189697,-17.94185161590576,0.42016806722689076,-17.23941500948257,3.2029924522928797,0.3988059964005901,0.6443
check,z2.0_v3.0_b0.75_sync,sync,60,3,btc,reverse,238,21,-25.963577442810326,-22.05814838409424,0.3949579831932773,-22.760584990517437,-3.2029924522928854,-0.3988059964005909,0.6443
check,z2.0_v3.0_b0.75_sync,sync,60,3,eth,continue,238,21,-1.2338181904384222,-28.006691932678223,0.42857142857142855,-15.685433514979708,14.451615324541297,1.1554056732594749,0.184
check,z2.0_v3.0_b0.75_sync,sync,60,3,eth,reverse,238,21,-38.76618180956161,-11.993308067321777,0.42016806722689076,-24.314566485020297,-14.451615324541303,-1.1554056732594753,0.184
check,z2.0_v3.0_b0.75_sync,sync,60,6,alts,continue,238,21,12.555821212399902,1.7771172523498524,0.5042016806722689,-10.853264434497898,23.409085646897797,1.3244450778310695,0.2706
check,z2.0_v3.0_b0.75_sync,sync,60,6,alts,reverse,238,21,-52.55582121239991,-41.77711725234985,0.42016806722689076,-29.14673556550211,-23.40908564689781,-1.3244450778310703,0.2706
check,z2.0_v3.0_b0.75_sync,sync,60,6,btc,continue,238,21,-10.243781514528434,-18.729228973388672,0.4327731092436975,-14.47612915219379,4.2323476376653675,0.41920034976111803,0.6679
check,z2.0_v3.0_b0.75_sync,sync,60,6,btc,reverse,238,21,-29.756218485471596,-21.270771026611328,0.39915966386554624,-25.523870847806215,-4.232347637665376,-0.4192003497611189,0.6679
check,z2.0_v3.0_b0.75_sync,sync,60,6,eth,continue,238,21,15.457606075190679,-18.74114990234375,0.4495798319327731,-11.245112624488959,26.70271869967965,1.639210268141877,0.1259
check,z2.0_v3.0_b0.75_sync,sync,60,6,eth,reverse,238,21,-55.45760607519072,-21.25885009765625,0.453781512605042,-28.754887375511043,-26.702718699679654,-1.639210268141877,0.1259
check,z2.0_v3.0_b0.75_sync,sync,60,12,alts,continue,238,21,14.329061648424934,3.0651795864105225,0.5042016806722689,-0.9017420065503133,15.230803654975245,0.7188337270485645,0.5684
check,z2.0_v3.0_b0.75_sync,sync,60,12,alts,reverse,238,21,-54.329061648424926,-43.06517958641053,0.41596638655462187,-39.098257993449685,-15.23080365497525,-0.7188337270485647,0.5684
check,z2.0_v3.0_b0.75_sync,sync,60,12,btc,continue,238,21,-8.06671935971045,-9.749491214752197,0.47058823529411764,-8.765062028620424,0.6983426689099775,0.057162512653148784,0.9517
check,z2.0_v3.0_b0.75_sync,sync,60,12,btc,reverse,238,21,-31.93328064028958,-30.250508785247803,0.41596638655462187,-31.23493797137958,-0.6983426689099917,-0.05716251265314995,0.9517
check,z2.0_v3.0_b0.75_sync,sync,60,12,eth,continue,238,21,21.748863809248963,-20.836849212646484,0.47478991596638653,-2.4520447174040223,24.20090852665299,1.2703223392649725,0.303
check,z2.0_v3.0_b0.75_sync,sync,60,12,eth,reverse,238,21,-61.748863809249,-19.163150787353516,0.4411764705882353,-37.54795528259598,-24.200908526653006,-1.2703223392649732,0.303
check,z2.0_v3.0_lead,lead,5,1,alts,continue,13,9,-14.545969596275917,-13.666064739227295,0.23076923076923078,-20.51897291953747,5.973003323261555,0.7985282316464996,0.4298
check,z2.0_v3.0_lead,lead,5,1,alts,reverse,13,9,-25.45403040372408,-26.333935260772705,0.15384615384615385,-19.48102708046253,-5.973003323261554,-0.7985282316464994,0.4298
check,z2.0_v3.0_lead,lead,5,1,btc,continue,13,9,-16.786667750431942,-17.217655181884766,0.23076923076923078,-20.370557491595925,3.5838897411639885,0.5220915411063157,0.6172
check,z2.0_v3.0_lead,lead,5,1,btc,reverse,13,9,-23.21333224956807,-22.782344818115234,0.15384615384615385,-19.629442508404075,-3.5838897411639885,-0.5220915411063157,0.6172
check,z2.0_v3.0_lead,lead,5,1,eth,continue,13,9,-14.91123052743765,-12.834329605102539,0.23076923076923078,-19.214115051122814,4.3028845236851625,0.4658668761344444,0.6664
check,z2.0_v3.0_lead,lead,5,1,eth,reverse,13,9,-25.08876947256236,-27.16567039489746,0.3076923076923077,-20.785884948877186,-4.3028845236851625,-0.4658668761344444,0.6664
check,z2.0_v3.0_lead,lead,5,3,alts,continue,13,9,-21.888326498178337,-5.353147983551025,0.38461538461538464,-19.236022463211647,-2.652304034966689,-0.1622579820242834,0.9146
check,z2.0_v3.0_lead,lead,5,3,alts,reverse,13,9,-18.111673501821667,-34.646852016448975,0.3076923076923077,-20.763977536788353,2.652304034966689,0.1622579820242834,0.9146
check,z2.0_v3.0_lead,lead,5,3,btc,continue,13,9,-19.808027194096496,-7.254738807678223,0.38461538461538464,-19.918380608925453,0.11035341482896098,0.011547028154354403,0.9964
check,z2.0_v3.0_lead,lead,5,3,btc,reverse,13,9,-20.191972805903507,-32.74526119232178,0.3076923076923077,-20.081619391074547,-0.11035341482896098,-0.011547028154354403,0.9964
check,z2.0_v3.0_lead,lead,5,3,eth,continue,13,9,-14.887113571167,-9.9369478225708,0.46153846153846156,-18.0882818882282,3.201168317061203,0.18583682792184264,0.8815
check,z2.0_v3.0_lead,lead,5,3,eth,reverse,13,9,-25.112886428833008,-30.0630521774292,0.23076923076923078,-21.9117181117718,-3.201168317061203,-0.18583682792184264,0.8815
check,z2.0_v3.0_lead,lead,5,6,alts,continue,13,9,-34.754758431361275,-17.16085195541382,0.38461538461538464,-18.757507021610554,-15.997251409750719,-0.6495107235036176,0.717
check,z2.0_v3.0_lead,lead,5,6,alts,reverse,13,9,-5.24524156863873,-22.839148044586185,0.3076923076923077,-21.242492978389443,15.997251409750719,0.6495107235036176,0.717
check,z2.0_v3.0_lead,lead,5,6,btc,continue,13,9,-32.06255876100981,-30.973215103149414,0.3076923076923077,-20.30889190160311,-11.753666859406694,-0.7827559289160924,0.5395
check,z2.0_v3.0_lead,lead,5,6,btc,reverse,13,9,-7.937441238990197,-9.026784896850586,0.3076923076923077,-19.69110809839689,11.75366685940669,0.7827559289160921,0.5395
check,z2.0_v3.0_lead,lead,5,6,eth,continue,13,9,-22.18964540041411,-10.56100845336914,0.38461538461538464,-18.73517568294819,-3.4544697174659142,-0.1959520685491708,0.8671
check,z2.0_v3.0_lead,lead,5,6,eth,reverse,13,9,-17.810354599585903,-29.43899154663086,0.15384615384615385,-21.264824317051815,3.4544697174659156,0.19595206854917088,0.8671
check,z2.0_v3.0_lead,lead,5,12,alts,continue,13,9,8.98771854547354,14.403967857360838,0.6923076923076923,-20.399471979874832,29.38719052534837,1.0459266823277036,0.345
check,z2.0_v3.0_lead,lead,5,12,alts,reverse,13,9,-48.98771854547354,-54.40396785736084,0.07692307692307693,-19.60052802012517,-29.38719052534837,-1.0459266823277036,0.345
check,z2.0_v3.0_lead,lead,5,12,btc,continue,13,9,-8.217170421893782,3.3602523803710933,0.5384615384615384,-18.690165006197418,10.472994584303633,0.8136404382620633,0.43
check,z2.0_v3.0_lead,lead,5,12,btc,reverse,13,9,-31.782829578106227,-43.360252380371094,0.15384615384615385,-21.309834993802586,-10.472994584303633,-0.8136404382620633,0.43
check,z2.0_v3.0_lead,lead,5,12,eth,continue,13,9,19.50866369100717,15.915374755859375,0.7692307692307693,-16.961247462492725,36.46991115349989,2.062138025264343,0.0822
check,z2.0_v3.0_lead,lead,5,12,eth,reverse,13,9,-59.50866369100718,-55.915374755859375,0.07692307692307693,-23.03875253750728,-36.46991115349989,-2.062138025264343,0.0822
check,z2.0_v3.0_lead,lead,15,1,alts,continue,3,2,-40.39686838785807,-31.109960079193115,0.3333333333333333,-18.750970959663395,-21.645897428194676,-0.7433475930818629,0.4992
check,z2.0_v3.0_lead,lead,15,1,alts,reverse,3,2,0.3968683878580702,-8.890039920806887,0.3333333333333333,-21.249029040336605,21.645897428194676,0.7433475930818629,0.4992
check,z2.0_v3.0_lead,lead,15,1,btc,continue,3,2,-26.370345751444496,-25.40316104888916,0.3333333333333333,-19.729245901107788,-6.64109985033671,-0.3229678107820826,0.4992
check,z2.0_v3.0_lead,lead,15,1,btc,reverse,3,2,-13.6296542485555,-14.59683895111084,0.3333333333333333,-20.270754098892212,6.64109985033671,0.3229678107820826,0.4992
check,z2.0_v3.0_lead,lead,15,1,eth,continue,3,2,-33.38104406992594,-8.873004913330078,0.3333333333333333,-20.311185916264854,-13.069858153661091,-0.4057120310291498,1.0
check,z2.0_v3.0_lead,lead,15,1,eth,reverse,3,2,-6.618955930074057,-31.126995086669922,0.3333333333333333,-19.688814083735146,13.069858153661091,0.4057120310291498,1.0
check,z2.0_v3.0_lead,lead,15,3,alts,continue,3,2,21.555221875508625,-1.4266681671142576,0.3333333333333333,-9.364962776501972,30.9201846520106,1.0664065256542885,1.0
check,z2.0_v3.0_lead,lead,15,3,alts,reverse,3,2,-61.55522187550863,-38.57333183288574,0.0,-30.635037223498024,-30.9201846520106,-1.0664065256542885,1.0
check,z2.0_v3.0_lead,lead,15,3,btc,continue,3,2,-21.710851987202965,-36.24166965484619,0.3333333333333333,-15.715866486231487,-5.994985500971479,-0.13151550415736749,0.4992
check,z2.0_v3.0_lead,lead,15,3,btc,reverse,3,2,-18.28914801279704,-3.758330345153809,0.3333333333333333,-24.284133513768516,5.994985500971479,0.13151550415736749,0.4992
check,z2.0_v3.0_lead,lead,15,3,eth,continue,3,2,-25.475680033365883,-20.26524066925049,0.3333333333333333,-12.774566014607748,-12.70111401875814,-0.2361428259069257,0.4992
check,z2.0_v3.0_lead,lead,15,3,eth,reverse,3,2,-14.524319966634113,-19.73475933074951,0.3333333333333333,-27.22543398539225,12.70111401875814,0.2361428259069257,0.4992
check,z2.0_v3.0_lead,lead,15,6,alts,continue,3,2,52.29897578557332,83.752064704895,0.6666666666666666,-14.271432360013327,66.57040814558665,2.0268481181104345,0.4992
check,z2.0_v3.0_lead,lead,15,6,alts,reverse,3,2,-92.29897578557333,-123.752064704895,0.0,-25.728567639986675,-66.57040814558664,-2.026848118110434,0.4992
check,z2.0_v3.0_lead,lead,15,6,btc,continue,3,2,-8.866051038106283,-45.926828384399414,0.3333333333333333,-19.601165453592937,10.73511441548665,0.20996762217213,1.0
check,z2.0_v3.0_lead,lead,15,6,btc,reverse,3,2,-31.133948961893715,5.926828384399414,0.6666666666666666,-20.398834546407066,-10.73511441548665,-0.20996762217213,1.0
check,z2.0_v3.0_lead,lead,15,6,eth,continue,3,2,-7.66620953877767,-36.26729965209961,0.3333333333333333,-19.57900245984395,11.912792921066286,0.1954682133479383,1.0
check,z2.0_v3.0_lead,lead,15,6,eth,reverse,3,2,-32.33379046122233,-3.732700347900391,0.3333333333333333,-20.420997540156048,-11.912792921066286,-0.1954682133479383,1.0
check,z2.0_v3.0_lead,lead,15,12,alts,continue,3,2,62.21226930618286,71.61490201950072,0.6666666666666666,-4.1214553515116386,66.33372465769449,1.9577925506668195,0.4992
check,z2.0_v3.0_lead,lead,15,12,alts,reverse,3,2,-102.21226930618286,-111.61490201950073,0.0,-35.878544648488365,-66.33372465769449,-1.957792550666819,0.4992
check,z2.0_v3.0_lead,lead,15,12,btc,continue,3,2,16.38744354248047,10.591487884521484,0.6666666666666666,-17.48444557189941,33.87188911437988,1.047951972746931,1.0
check,z2.0_v3.0_lead,lead,15,12,btc,reverse,3,2,-56.38744354248046,-50.591487884521484,0.0,-22.515554428100586,-33.87188911437988,-1.047951972746931,1.0
check,z2.0_v3.0_lead,lead,15,12,eth,continue,3,2,17.848552068074543,-21.854300498962402,0.3333333333333333,-21.03957454363505,38.88812661170959,0.6382606013293468,0.4992
check,z2.0_v3.0_lead,lead,15,12,eth,reverse,3,2,-57.84855206807456,-18.145699501037598,0.3333333333333333,-18.96042545636495,-38.8881266117096,-0.638260601329347,0.4992
check,z2.0_v3.0_lead,lead,30,1,alts,continue,1,1,-32.73750066757202,-32.73750066757202,0.0,-22.26301670074463,-10.47448396682739,,1.0
check,z2.0_v3.0_lead,lead,30,1,alts,reverse,1,1,-7.262499332427979,-7.262499332427979,0.0,-17.73698329925537,10.474483966827393,,1.0
check,z2.0_v3.0_lead,lead,30,1,btc,continue,1,1,-29.81152057647705,-29.81152057647705,0.0,-21.339077949523926,-8.472442626953125,,1.0
check,z2.0_v3.0_lead,lead,30,1,btc,reverse,1,1,-10.18847942352295,-10.18847942352295,0.0,-18.660922050476074,8.472442626953125,,1.0
check,z2.0_v3.0_lead,lead,30,1,eth,continue,1,1,-12.95353889465332,-12.95353889465332,0.0,-21.051396131515503,8.09785723686218,,1.0
check,z2.0_v3.0_lead,lead,30,1,eth,reverse,1,1,-27.04646110534668,-27.04646110534668,0.0,-18.948603868484497,-8.097857236862183,,1.0
check,z2.0_v3.0_lead,lead,30,3,alts,continue,1,1,-15.99292278289795,-15.99292278289795,0.0,-23.15688192844391,7.16395914554596,,1.0
check,z2.0_v3.0_lead,lead,30,3,alts,reverse,1,1,-24.00707721710205,-24.00707721710205,0.0,-16.84311807155609,-7.163959145545962,,1.0
check,z2.0_v3.0_lead,lead,30,3,btc,continue,1,1,-45.926828384399414,-45.926828384399414,0.0,-26.747931241989136,-19.17889714241028,,1.0
check,z2.0_v3.0_lead,lead,30,3,btc,reverse,1,1,5.926828384399414,5.926828384399414,1.0,-13.252068758010864,19.17889714241028,,1.0
check,z2.0_v3.0_lead,lead,30,3,eth,continue,1,1,-36.26729965209961,-36.26729965209961,0.0,-26.643593311309814,-9.623706340789795,,1.0
check,z2.0_v3.0_lead,lead,30,3,eth,reverse,1,1,-3.732700347900391,-3.732700347900391,0.0,-13.356406688690187,9.623706340789795,,1.0
check,z2.0_v3.0_lead,lead,30,6,alts,continue,1,1,-16.589088439941406,-16.589088439941406,0.0,-21.637267470359802,5.048179030418397,,1.0
check,z2.0_v3.0_lead,lead,30,6,alts,reverse,1,1,-23.410911560058594,-23.410911560058594,0.0,-18.362732529640198,-5.048179030418395,,1.0
check,z2.0_v3.0_lead,lead,30,6,btc,continue,1,1,-36.81089401245117,-36.81089401245117,0.0,-27.54818320274353,-9.262710809707642,,1.0
check,z2.0_v3.0_lead,lead,30,6,btc,reverse,1,1,-3.1891059875488286,-3.1891059875488286,0.0,-12.45181679725647,9.262710809707642,,1.0
check,z2.0_v3.0_lead,lead,30,6,eth,continue,1,1,-21.854300498962402,-21.854300498962402,0.0,-25.211263895034794,3.3569633960723895,,1.0
check,z2.0_v3.0_lead,lead,30,6,eth,reverse,1,1,-18.145699501037598,-18.145699501037598,0.0,-14.78873610496521,-3.3569633960723873,,1.0
check,z2.0_v3.0_lead,lead,30,12,alts,continue,1,1,-86.26081466674803,-86.26081466674803,0.0,-15.075623989105225,-71.18519067764281,,1.0
check,z2.0_v3.0_lead,lead,30,12,alts,reverse,1,1,46.26081466674805,46.26081466674805,1.0,-24.92437601089478,71.18519067764282,,1.0
check,z2.0_v3.0_lead,lead,30,12,btc,continue,1,1,-94.7460126876831,-94.7460126876831,0.0,-24.18400764465332,-70.56200504302979,,1.0
check,z2.0_v3.0_lead,lead,30,12,btc,reverse,1,1,54.746012687683105,54.746012687683105,1.0,-15.815992355346681,70.56200504302979,,1.0
check,z2.0_v3.0_lead,lead,30,12,eth,continue,1,1,-87.76988506317139,-87.76988506317139,0.0,-18.988986015319824,-68.78089904785156,,1.0
check,z2.0_v3.0_lead,lead,30,12,eth,reverse,1,1,47.76988506317139,47.76988506317139,1.0,-21.011013984680176,68.78089904785156,,1.0
check,z3.0_v2.0_b0.6_sync,sync,5,1,alts,continue,1217,21,-18.407692123654442,-22.514851093292236,0.24157764995891537,-19.880941548892093,1.4732494252376507,0.9966911906109659,0.2323
check,z3.0_v2.0_b0.6_sync,sync,5,1,alts,reverse,1217,21,-21.592307876345558,-17.485148906707764,0.25390304026294164,-20.119058451107904,-1.473249425237651,-0.996691190610966,0.2323
check,z3.0_v2.0_b0.6_sync,sync,5,1,btc,continue,1217,21,-19.46051478483879,-22.2965669631958,0.16023007395234182,-19.904902013678385,0.44438722883959536,0.5499450361846507,0.5495
check,z3.0_v2.0_b0.6_sync,sync,5,1,btc,reverse,1217,21,-20.539485215161214,-17.7034330368042,0.15694330320460148,-20.09509798632162,-0.4443872288395954,-0.5499450361846508,0.5495
check,z3.0_v2.0_b0.6_sync,sync,5,1,eth,continue,1217,21,-19.42092985624942,-24.492998123168945,0.22678718159408381,-19.91528524564933,0.49435538939990836,0.3941362644243137,0.6273
check,z3.0_v2.0_b0.6_sync,sync,5,1,eth,reverse,1217,21,-20.579070143750585,-15.507001876831055,0.2514379622021364,-20.084714754350674,-0.49435538939990864,-0.39413626442431393,0.6273
check,z3.0_v2.0_b0.6_sync,sync,5,3,alts,continue,1217,21,-19.973991481417407,-23.55489253997803,0.2769104354971241,-19.723324547954142,-0.25066693346326063,-0.12482978925848602,0.879
check,z3.0_v2.0_b0.6_sync,sync,5,3,alts,reverse,1217,21,-20.0260085185826,-16.445107460021973,0.3319638455217749,-20.276675452045858,0.2506669334632602,0.12482978925848578,0.879
check,z3.0_v2.0_b0.6_sync,sync,5,3,btc,continue,1217,21,-19.872602785622966,-23.685951232910156,0.20788824979457682,-19.73470474621656,-0.13789803940640605,-0.11364724388439491,0.8862
check,z3.0_v2.0_b0.6_sync,sync,5,3,btc,reverse,1217,21,-20.127397214377034,-16.314048767089844,0.2456861133935908,-20.265295253783435,0.1378980394064055,0.11364724388439444,0.8862
check,z3.0_v2.0_b0.6_sync,sync,5,3,eth,continue,1217,21,-18.7426853219113,-24.96804714202881,0.2621199671322925,-19.78710555501325,1.04442023310195,0.5848002715643085,0.4098
check,z3.0_v2.0_b0.6_sync,sync,5,3,eth,reverse,1217,21,-21.257314678088704,-15.031952857971191,0.33032046014790467,-20.212894444986752,-1.0444202331019512,-0.5848002715643091,0.4098
check,z3.0_v2.0_b0.6_sync,sync,5,6,alts,continue,1217,21,-15.290843404113218,-22.9325008392334,0.34264585045193097,-19.80791201381871,4.517068609705498,1.084964875409311,0.3058
check,z3.0_v2.0_b0.6_sync,sync,5,6,alts,reverse,1217,21,-24.709156595886782,-17.0674991607666,0.37387017255546423,-20.192087986181285,-4.517068609705498,-1.084964875409311,0.3058
check,z3.0_v2.0_b0.6_sync,sync,5,6,btc,continue,1217,21,-18.07084008328917,-21.90138816833496,0.2777321281840592,-19.707975711799,1.6371356285098349,0.9886388622280003,0.2213
check,z3.0_v2.0_b0.6_sync,sync,5,6,btc,reverse,1217,21,-21.92915991671084,-18.09861183166504,0.28348397699260475,-20.292024288201,-1.6371356285098353,-0.9886388622280006,0.2213
check,z3.0_v2.0_b0.6_sync,sync,5,6,eth,continue,1217,21,-15.75865689906902,-24.61578369140625,0.3179950698438784,-19.840410963472223,4.081754064403211,1.6740906745606312,0.0379
check,z3.0_v2.0_b0.6_sync,sync,5,6,eth,reverse,1217,21,-24.241343100930994,-15.38421630859375,0.3574363188167625,-20.159589036527773,-4.081754064403212,-1.6740906745606319,0.0379
check,z3.0_v2.0_b0.6_sync,sync,5,12,alts,continue,1216,21,-14.494184312459671,-20.60007572174072,0.3963815789473684,-20.20685368315562,5.712669370695948,1.5132862265779807,0.1358
check,z3.0_v2.0_b0.6_sync,sync,5,12,alts,reverse,1216,21,-25.50581568754033,-19.399924278259277,0.3881578947368421,-19.793146316844382,-5.712669370695949,-1.513286226577981,0.1358
check,z3.0_v2.0_b0.6_sync,sync,5,12,btc,continue,1216,21,-17.19812681800441,-20.967085361480713,0.3379934210526316,-19.742281966303523,2.544155148299117,1.1947738971859838,0.1576
check,z3.0_v2.0_b0.6_sync,sync,5,12,btc,reverse,1216,21,-22.801873181995596,-19.032914638519287,0.32730263157894735,-20.257718033696477,-2.544155148299118,-1.1947738971859843,0.1576
check,z3.0_v2.0_b0.6_sync,sync,5,12,eth,continue,1216,21,-15.36779807194284,-21.55627727508545,0.3675986842105263,-20.085303682441776,4.717505610498941,1.5758723198351854,0.0553
check,z3.0_v2.0_b0.6_sync,sync,5,12,eth,reverse,1216,21,-24.632201928057174,-18.44372272491455,0.3963815789473684,-19.914696317558228,-4.717505610498946,-1.5758723198351865,0.0553
check,z3.0_v2.0_b0.6_sync,sync,15,1,alts,continue,464,21,-16.548751253506236,-23.72382998466492,0.3426724137931034,-20.13042714832158,3.581675894815346,1.0447289580786374,0.358
check,z3.0_v2.0_b0.6_sync,sync,15,1,alts,reverse,464,21,-23.451248746493768,-16.276170015335083,0.3297413793103448,-19.86957285167842,-3.581675894815345,-1.0447289580786372,0.358
check,z3.0_v2.0_b0.6_sync,sync,15,1,btc,continue,464,21,-16.31936051722231,-22.994239330291748,0.3017241379310345,-20.180279193767184,3.8609186765448804,1.6819145827805677,0.0451
check,z3.0_v2.0_b0.6_sync,sync,15,1,btc,reverse,464,21,-23.680639482777703,-17.005760669708252,0.27586206896551724,-19.819720806232812,-3.8609186765448804,-1.6819145827805677,0.0451
check,z3.0_v2.0_b0.6_sync,sync,15,1,eth,continue,464,21,-13.618523766254565,-25.631446838378906,0.33620689655172414,-20.1581943240659,6.53967055781134,2.006063207847261,0.0143
check,z3.0_v2.0_b0.6_sync,sync,15,1,eth,reverse,464,21,-26.381476233745452,-14.368553161621094,0.3168103448275862,-19.8418056759341,-6.539670557811342,-2.0060632078472613,0.0143
check,z3.0_v2.0_b0.6_sync,sync,15,3,alts,continue,464,21,-15.584765256478871,-16.68305516242981,0.4073275862068966,-19.726772549648356,4.142007293169492,0.7965169032479413,0.392
check,z3.0_v2.0_b0.6_sync,sync,15,3,alts,reverse,464,21,-24.415234743521133,-23.316944837570194,0.38362068965517243,-20.273227450351644,-4.142007293169494,-0.7965169032479418,0.392
check,z3.0_v2.0_b0.6_sync,sync,15,3,btc,continue,464,21,-16.610157962503113,-17.68286943435669,0.3577586206896552,-20.327399534641504,3.717241572138402,1.088856258357733,0.2183
check,z3.0_v2.0_b0.6_sync,sync,15,3,btc,reverse,464,21,-23.389842037496905,-22.31713056564331,0.3168103448275862,-19.672600465358492,-3.717241572138403,-1.0888562583577335,0.2183
check,z3.0_v2.0_b0.6_sync,sync,15,3,eth,continue,464,21,-10.165157821671725,-15.186328887939453,0.41594827586206895,-19.983546856500062,9.818389034828343,1.970553729845496,0.0229
check,z3.0_v2.0_b0.6_sync,sync,15,3,eth,reverse,464,21,-29.83484217832829,-24.813671112060547,0.36637931034482757,-20.01645314349994,-9.818389034828343,-1.970553729845496,0.0229
check,z3.0_v2.0_b0.6_sync,sync,15,6,alts,continue,464,21,-7.971858037956832,-16.574091911315918,0.43103448275862066,-20.642910943706326,12.671052905749493,1.6563571649565176,0.0906
check,z3.0_v2.0_b0.6_sync,sync,15,6,alts,reverse,464,21,-32.02814196204318,-23.425908088684082,0.40086206896551724,-19.357089056293674,-12.671052905749496,-1.6563571649565183,0.0906
check,z3.0_v2.0_b0.6_sync,sync,15,6,btc,continue,464,21,-11.612474209275748,-17.17622995376587,0.3857758620689655,-20.694920692572577,9.082446483296836,1.8857720711768584,0.0334
check,z3.0_v2.0_b0.6_sync,sync,15,6,btc,reverse,464,21,-28.387525790724272,-22.82377004623413,0.33189655172413796,-19.305079307427423,-9.082446483296838,-1.8857720711768589,0.0334
check,z3.0_v2.0_b0.6_sync,sync,15,6,eth,continue,464,21,-0.5828980330763309,-14.32981014251709,0.4396551724137931,-20.41903000656252,19.836131973486197,2.7143603564063574,0.0015
check,z3.0_v2.0_b0.6_sync,sync,15,6,eth,reverse,464,21,-39.41710196692369,-25.67018985748291,0.375,-19.58096999343748,-19.8361319734862,-2.714360356406358,0.0015
check,z3.0_v2.0_b0.6_sync,sync,15,12,alts,continue,464,21,-5.571222315574514,-19.790412187576297,0.42887931034482757,-18.80389623627905,13.232673920704533,1.2633431379241982,0.2555
check,z3.0_v2.0_b0.6_sync,sync,15,12,alts,reverse,464,21,-34.428777684425484,-20.209587812423706,0.4353448275862069,-21.19610376372095,-13.232673920704535,-1.2633431379241984,0.2555
check,z3.0_v2.0_b0.6_sync,sync,15,12,btc,continue,464,21,-8.71890635325992,-17.9478120803833,0.4245689655172414,-19.186096915775767,10.467190562515855,1.7310392463930317,0.0572
check,z3.0_v2.0_b0.6_sync,sync,15,12,btc,reverse,464,21,-31.281093646740107,-22.0521879196167,0.3771551724137931,-20.813903084224236,-10.46719056251586,-1.7310392463930329,0.0572
check,z3.0_v2.0_b0.6_sync,sync,15,12,eth,continue,464,21,4.699674084268752,-13.936419486999512,0.45905172413793105,-18.49027047058848,23.18994455485724,2.5855808224877195,0.005
check,z3.0_v2.0_b0.6_sync,sync,15,12,eth,reverse,464,21,-44.699674084268786,-26.06358051300049,0.41594827586206895,-21.50972952941152,-23.189944554857252,-2.58558082248772,0.005
check,z3.0_v2.0_b0.6_sync,sync,30,1,alts,continue,282,21,-22.573752783714454,-19.637764692306522,0.3829787234042553,-20.06165547996548,-2.5120973037489756,-0.3824070021096229,0.594
check,z3.0_v2.0_b0.6_sync,sync,30,1,alts,reverse,282,21,-17.426247216285542,-20.362235307693478,0.39361702127659576,-19.93834452003452,2.5120973037489756,0.3824070021096229,0.594
check,z3.0_v2.0_b0.6_sync,sync,30,1,btc,continue,282,21,-16.384238520412588,-18.049139976501465,0.3617021276595745,-19.43655010656262,3.05231158615004,0.8014659687039156,0.2886
check,z3.0_v2.0_b0.6_sync,sync,30,1,btc,reverse,282,21,-23.615761479587423,-21.950860023498535,0.32269503546099293,-20.56344989343738,-3.052311586150041,-0.8014659687039158,0.2886
check,z3.0_v2.0_b0.6_sync,sync,30,1,eth,continue,282,21,-13.574090883241483,-18.193979263305664,0.40425531914893614,-19.454329094142775,5.880238210901301,1.105845752398602,0.1995
check,z3.0_v2.0_b0.6_sync,sync,30,1,eth,reverse,282,21,-26.425909116758525,-21.806020736694336,0.36879432624113473,-20.54567090585722,-5.880238210901303,-1.1058457523986023,0.1995
check,z3.0_v2.0_b0.6_sync,sync,30,3,alts,continue,282,21,-4.463496242009157,-10.811771154403687,0.4432624113475177,-19.68822140008845,15.224725158079295,1.6281098356818624,0.0799
check,z3.0_v2.0_b0.6_sync,sync,30,3,alts,reverse,282,21,-35.53650375799084,-29.188228845596313,0.40425531914893614,-20.311778599911545,-15.2247251580793,-1.6281098356818628,0.0799
check,z3.0_v2.0_b0.6_sync,sync,30,3,btc,continue,282,21,-7.638440537959978,-11.153478622436523,0.4326241134751773,-19.268963404581058,11.630522866621085,2.0686019982863,0.0011
check,z3.0_v2.0_b0.6_sync,sync,30,3,btc,reverse,282,21,-32.361559462040034,-28.846521377563477,0.30141843971631205,-20.731036595418942,-11.630522866621087,-2.0686019982863004,0.0011
check,z3.0_v2.0_b0.6_sync,sync,30,3,eth,continue,282,21,-1.2263038986963675,-6.0221147537231445,0.475177304964539,-19.035692595421,17.809388696724643,2.0839994687071064,0.0021
check,z3.0_v2.0_b0.6_sync,sync,30,3,eth,reverse,282,21,-38.773696101303656,-33.977885246276855,0.3404255319148936,-20.964307404579,-17.809388696724646,-2.083999468707107,0.0021
check,z3.0_v2.0_b0.6_sync,sync,30,6,alts,continue,282,21,-2.6588112834497575,-11.18010401725769,0.4645390070921986,-19.16207141910039,16.50326013565063,1.3552447579029976,0.1833
check,z3.0_v2.0_b0.6_sync,sync,30,6,alts,reverse,282,21,-37.34118871655024,-28.81989598274231,0.40425531914893614,-20.837928580899607,-16.50326013565064,-1.3552447579029978,0.1833
check,z3.0_v2.0_b0.6_sync,sync,30,6,btc,continue,282,21,-4.912189608770065,-11.26821756362915,0.44680851063829785,-18.90968055589825,13.997490947128188,1.9168212404110583,0.0274
check,z3.0_v2.0_b0.6_sync,sync,30,6,btc,reverse,282,21,-35.08781039122995,-28.73178243637085,0.38652482269503546,-21.090319444101755,-13.997490947128192,-1.916821240411059,0.0274
check,z3.0_v2.0_b0.6_sync,sync,30,6,eth,continue,282,21,8.482929189154431,-8.551735877990723,0.475177304964539,-18.304353115406442,26.78728230456088,2.3604077511780854,0.0157
check,z3.0_v2.0_b0.6_sync,sync,30,6,eth,reverse,282,21,-48.482929189154454,-31.448264122009277,0.39361702127659576,-21.695646884593558,-26.78728230456089,-2.3604077511780868,0.0157
check,z3.0_v2.0_b0.6_sync,sync,30,12,alts,continue,282,21,13.567246984928206,-0.43019771575927757,0.49645390070921985,-14.267568829211786,27.83481581413999,1.3802429722059262,0.2295
check,z3.0_v2.0_b0.6_sync,sync,30,12,alts,reverse,282,21,-53.567246984928225,-39.569802284240716,0.4148936170212766,-25.732431170788217,-27.834815814139997,-1.3802429722059262,0.2295
check,z3.0_v2.0_b0.6_sync,sync,30,12,btc,continue,282,21,-3.7128448148145883,-9.970028400421143,0.450354609929078,-16.935682093843504,13.222837279028921,1.392491525008732,0.155
check,z3.0_v2.0_b0.6_sync,sync,30,12,btc,reverse,282,21,-36.28715518518543,-30.029971599578857,0.37943262411347517,-23.064317906156496,-13.222837279028928,-1.3924915250087326,0.155
check,z3.0_v2.0_b0.6_sync,sync,30,12,eth,continue,282,21,16.159159866630592,-9.133477210998535,0.4716312056737589,-14.109673280242486,30.26883314687309,2.003535602380843,0.0495
check,z3.0_v2.0_b0.6_sync,sync,30,12,eth,reverse,282,21,-56.15915986663063,-30.866522789001465,0.4078014184397163,-25.890326719757514,-30.268833146873103,-2.0035356023808437,0.0495
check,z3.0_v2.0_b0.6_sync,sync,60,1,alts,continue,157,21,-14.633223068941936,-23.751528263092045,0.4140127388535032,-20.224231758694735,5.59100868975281,0.41181643121543615,0.7511
check,z3.0_v2.0_b0.6_sync,sync,60,1,alts,reverse,157,21,-25.36677693105807,-16.24847173690796,0.45222929936305734,-19.775768241305265,-5.59100868975281,-0.41181643121543615,0.7511
check,z3.0_v2.0_b0.6_sync,sync,60,1,btc,continue,157,21,-18.086778221616328,-21.274943351745605,0.3630573248407643,-19.8411659602147,1.7543877385983804,0.28482317675585156,0.8034
check,z3.0_v2.0_b0.6_sync,sync,60,1,btc,reverse,157,21,-21.91322177838369,-18.725056648254395,0.33121019108280253,-20.158834039785305,-1.754387738598382,-0.2848231767558518,0.8034
check,z3.0_v2.0_b0.6_sync,sync,60,1,eth,continue,157,21,-20.655233480368455,-23.67283821105957,0.37579617834394907,-18.79603344164077,-1.8592000387276817,-0.21730557304527792,0.8554
check,z3.0_v2.0_b0.6_sync,sync,60,1,eth,reverse,157,21,-19.34476651963156,-16.32716178894043,0.4012738853503185,-21.20396655835923,1.859200038727679,0.2173055730452776,0.8554
check,z3.0_v2.0_b0.6_sync,sync,60,3,alts,continue,157,21,-15.997694723165726,-27.034206390380863,0.4267515923566879,-15.462789664602584,-0.5349050585631383,-0.03121098737825647,0.9758
check,z3.0_v2.0_b0.6_sync,sync,60,3,alts,reverse,157,21,-24.00230527683429,-12.965793609619139,0.42038216560509556,-24.537210335397415,0.534905058563133,0.031210987378256158,0.9758
check,z3.0_v2.0_b0.6_sync,sync,60,3,btc,continue,157,21,-19.042901263874818,-24.67240810394287,0.3885350318471338,-17.35863212567226,-1.6842691382025452,-0.1730458000342331,0.849
check,z3.0_v2.0_b0.6_sync,sync,60,3,btc,reverse,157,21,-20.957098736125204,-15.327591896057129,0.4394904458598726,-22.64136787432774,1.6842691382025443,0.173045800034233,0.849
check,z3.0_v2.0_b0.6_sync,sync,60,3,eth,continue,157,21,-13.248004822214712,-25.064010620117188,0.42038216560509556,-15.514704922961581,2.2667001007468808,0.1634223147907717,0.8727
check,z3.0_v2.0_b0.6_sync,sync,60,3,eth,reverse,157,21,-26.751995177785314,-14.935989379882812,0.42038216560509556,-24.485295077038423,-2.2667001007468865,-0.16342231479077213,0.8727
check,z3.0_v2.0_b0.6_sync,sync,60,6,alts,continue,157,21,-21.60416212810833,-19.60157871246338,0.45222929936305734,-14.59851766108188,-7.005644467026449,-0.35365516141818254,0.7095
check,z3.0_v2.0_b0.6_sync,sync,60,6,alts,reverse,157,21,-18.39583787189168,-20.398421287536625,0.445859872611465,-25.40148233891812,7.005644467026438,0.353655161418182,0.7095
check,z3.0_v2.0_b0.6_sync,sync,60,6,btc,continue,157,21,-20.56783864452582,-26.150007247924805,0.40764331210191085,-16.116598510438475,-4.45124013408734,-0.3748192711903213,0.6878
check,z3.0_v2.0_b0.6_sync,sync,60,6,btc,reverse,157,21,-19.432161355474204,-13.849992752075195,0.4267515923566879,-23.883401489561532,4.451240134087333,0.3748192711903208,0.6878
check,z3.0_v2.0_b0.6_sync,sync,60,6,eth,continue,157,21,-14.649879492012575,-19.35746192932129,0.4267515923566879,-12.664418822361089,-1.9854606696514743,-0.11697122288785951,0.8876
check,z3.0_v2.0_b0.6_sync,sync,60,6,eth,reverse,157,21,-25.350120507987455,-20.64253807067871,0.4267515923566879,-27.335581177638915,1.9854606696514636,0.11697122288785888,0.8876
check,z3.0_v2.0_b0.6_sync,sync,60,12,alts,continue,157,21,-18.336085620199803,-16.627187728881836,0.4585987261146497,-3.8389101283922757,-14.497175491807527,-0.6063262260527607,0.5003
check,z3.0_v2.0_b0.6_sync,sync,60,12,alts,reverse,157,21,-21.663914379800207,-23.372812271118164,0.4394904458598726,-36.16108987160773,14.497175491807516,0.6063262260527601,0.5003
check,z3.0_v2.0_b0.6_sync,sync,60,12,btc,continue,157,21,-13.702864191334735,-16.396899223327637,0.445859872611465,-7.84196313153764,-5.860901059797084,-0.3978944096668745,0.6016
check,z3.0_v2.0_b0.6_sync,sync,60,12,btc,reverse,157,21,-26.2971358086653,-23.603100776672363,0.4394904458598726,-32.15803686846236,5.860901059797074,0.39789440966687384,0.6016
check,z3.0_v2.0_b0.6_sync,sync,60,12,eth,continue,157,21,1.1995991931599275,-20.575780868530273,0.4840764331210191,-1.0205686177239095,2.220167810883841,0.09721911463199423,0.9057
check,z3.0_v2.0_b0.6_sync,sync,60,12,eth,reverse,157,21,-41.19959919315996,-19.424219131469727,0.4267515923566879,-38.9794313822761,-2.2201678108838556,-0.09721911463199488,0.9057
check,z3.0_v2.0_b0.75_sync,sync,5,1,alts,continue,1203,21,-18.488833115483363,-22.63251066207886,0.24189526184538654,-19.957563998990523,1.468730883507162,0.9910619270492232,0.223
check,z3.0_v2.0_b0.75_sync,sync,5,1,alts,reverse,1203,21,-21.51116688451664,-17.367489337921143,0.25602660016625106,-20.042436001009477,-1.468730883507162,-0.9910619270492232,0.223
check,z3.0_v2.0_b0.75_sync,sync,5,1,btc,continue,1203,21,-19.59642700819997,-22.3651123046875,0.1596009975062344,-20.004621267516914,0.40819425931694303,0.505204677689535,0.5522
check,z3.0_v2.0_b0.75_sync,sync,5,1,btc,reverse,1203,21,-20.403572991800036,-17.6348876953125,0.1596009975062344,-19.995378732483086,-0.4081942593169429,-0.5052046776895348,0.5522
check,z3.0_v2.0_b0.75_sync,sync,5,1,eth,continue,1203,21,-19.50933436602231,-24.459619522094727,0.22693266832917705,-20.010063325179587,0.5007289591572825,0.39666661380978674,0.6333
check,z3.0_v2.0_b0.75_sync,sync,5,1,eth,reverse,1203,21,-20.490665633977702,-15.540380477905273,0.2543640897755611,-19.98993667482042,-0.5007289591572827,-0.39666661380978685,0.6333
check,z3.0_v2.0_b0.75_sync,sync,5,3,alts,continue,1203,21,-20.214571667431002,-23.618967533111576,0.2776392352452203,-19.824610879197284,-0.3899607882337183,-0.19308095108071316,0.824
check,z3.0_v2.0_b0.75_sync,sync,5,3,alts,reverse,1203,21,-19.785428332568998,-16.381032466888428,0.3341645885286783,-20.175389120802716,0.38996078823371827,0.1930809510807131,0.824
check,z3.0_v2.0_b0.75_sync,sync,5,3,btc,continue,1203,21,-20.01153743772436,-23.750324249267578,0.20781379883624274,-20.021174636763135,0.009637199038777236,0.007944457856750816,0.9914
check,z3.0_v2.0_b0.75_sync,sync,5,3,btc,reverse,1203,21,-19.98846256227565,-16.249675750732422,0.2485453034081463,-19.978825363236872,-0.009637199038777553,-0.007944457856751078,0.9914
check,z3.0_v2.0_b0.75_sync,sync,5,3,eth,continue,1203,21,-18.933636735898702,-24.96983528137207,0.2626766417290108,-19.958183427503084,1.0245466916043853,0.5716942036099492,0.4468
check,z3.0_v2.0_b0.75_sync,sync,5,3,eth,reverse,1203,21,-21.06636326410131,-15.03016471862793,0.3333333333333333,-20.04181657249692,-1.0245466916043864,-0.5716942036099498,0.4468
check,z3.0_v2.0_b0.75_sync,sync,5,6,alts,continue,1203,21,-15.294363619581622,-22.964615821838382,0.34413965087281795,-19.77062747068239,4.476263851100766,1.069849713846454,0.2915
check,z3.0_v2.0_b0.75_sync,sync,5,6,alts,reverse,1203,21,-24.70563638041838,-17.03538417816162,0.37572734829592686,-20.22937252931762,-4.476263851100768,-1.0698497138464544,0.2915
check,z3.0_v2.0_b0.75_sync,sync,5,6,btc,continue,1203,21,-18.15818972123829,-21.86324119567871,0.27847049044056527,-20.062939804589263,1.9047500833509763,1.1568058145162101,0.1191
check,z3.0_v2.0_b0.75_sync,sync,5,6,btc,reverse,1203,21,-21.841810278761717,-18.13675880432129,0.28595178719867,-19.937060195410737,-1.9047500833509774,-1.1568058145162108,0.1191
check,z3.0_v2.0_b0.75_sync,sync,5,6,eth,continue,1203,21,-15.768564201253513,-24.55617904663086,0.3192019950124688,-19.794821984948264,4.026257783694754,1.65268828883858,0.0346
check,z3.0_v2.0_b0.75_sync,sync,5,6,eth,reverse,1203,21,-24.231435798746496,-15.44382095336914,0.3574397339983375,-20.205178015051736,-4.0262577836947555,-1.652688288838581,0.0346
check,z3.0_v2.0_b0.75_sync,sync,5,12,alts,continue,1202,21,-14.53907084346016,-20.60007572174072,0.39933444259567386,-20.063171396636328,5.5241005531761695,1.4631908452108993,0.1312
check,z3.0_v2.0_b0.75_sync,sync,5,12,alts,reverse,1202,21,-25.460929156539837,-19.399924278259277,0.39018302828618967,-19.93682860336367,-5.5241005531761695,-1.4631908452108993,0.1312
check,z3.0_v2.0_b0.75_sync,sync,5,12,btc,continue,1202,21,-17.424235359801234,-21.525282859802246,0.3369384359400998,-20.15100197070053,2.7267666108993054,1.289756251536957,0.1297
check,z3.0_v2.0_b0.75_sync,sync,5,12,btc,reverse,1202,21,-22.575764640198773,-18.474717140197754,0.3286189683860233,-19.848998029299466,-2.726766610899306,-1.2897562515369572,0.1297
check,z3.0_v2.0_b0.75_sync,sync,5,12,eth,continue,1202,21,-15.614222797895238,-21.75654888153076,0.3685524126455907,-19.678551778817138,4.064328980921904,1.3622751868328202,0.0771
check,z3.0_v2.0_b0.75_sync,sync,5,12,eth,reverse,1202,21,-24.385777202104777,-18.24345111846924,0.39933444259567386,-20.32144822118286,-4.064328980921907,-1.3622751868328211,0.0771
check,z3.0_v2.0_b0.75_sync,sync,15,1,alts,continue,456,21,-16.55347615480423,-23.72382998466492,0.3442982456140351,-19.631095877603478,3.077619722799252,0.871862823500559,0.4438
check,z3.0_v2.0_b0.75_sync,sync,15,1,alts,reverse,456,21,-23.446523845195774,-16.276170015335083,0.3333333333333333,-20.368904122396522,-3.0776197227992506,-0.8718628235005587,0.4438
check,z3.0_v2.0_b0.75_sync,sync,15,1,btc,continue,456,21,-16.313525919328665,-23.78251075744629,0.3048245614035088,-19.897820973082595,3.5842950537539355,1.5266328126845623,0.0824
check,z3.0_v2.0_b0.75_sync,sync,15,1,btc,reverse,456,21,-23.686474080671353,-16.21748924255371,0.27850877192982454,-20.10217902691741,-3.584295053753936,-1.5266328126845625,0.0824
check,z3.0_v2.0_b0.75_sync,sync,15,1,eth,continue,456,21,-13.49832273366159,-25.631446838378906,0.3399122807017544,-19.50531294994187,6.006990216280284,1.8155101242427587,0.027
check,z3.0_v2.0_b0.75_sync,sync,15,1,eth,reverse,456,21,-26.501677266338422,-14.368553161621094,0.3201754385964912,-20.494687050058133,-6.006990216280286,-1.815510124242759,0.027
check,z3.0_v2.0_b0.75_sync,sync,15,3,alts,continue,456,21,-16.090764931419443,-17.217750549316406,0.4057017543859649,-19.393882672349722,3.3031177409302823,0.6309079072745534,0.4897
check,z3.0_v2.0_b0.75_sync,sync,15,3,alts,reverse,456,21,-23.909235068580564,-22.782249450683594,0.3881578947368421,-20.606117327650278,-3.303117740930284,-0.6309079072745537,0.4897
check,z3.0_v2.0_b0.75_sync,sync,15,3,btc,continue,456,21,-16.826667011829855,-18.278915882110596,0.3574561403508772,-19.53469323787223,2.70802622604238,0.7799831677018777,0.3505
check,z3.0_v2.0_b0.75_sync,sync,15,3,btc,reverse,456,21,-23.173332988170163,-21.721084117889404,0.3201754385964912,-20.465306762127774,-2.70802622604238,-0.7799831677018777,0.3505
check,z3.0_v2.0_b0.75_sync,sync,15,3,eth,continue,456,21,-10.214210068970404,-15.264112949371338,0.41885964912280704,-18.85765756183714,8.643447492866745,1.7110213647787416,0.0403
check,z3.0_v2.0_b0.75_sync,sync,15,3,eth,reverse,456,21,-29.785789931029612,-24.735887050628662,0.375,-21.14234243816286,-8.643447492866747,-1.7110213647787416,0.0403
check,z3.0_v2.0_b0.75_sync,sync,15,6,alts,continue,456,21,-8.200725301315913,-17.22427725791931,0.4276315789473684,-19.394812329379036,11.194087028063121,1.4536619779714348,0.1431
check,z3.0_v2.0_b0.75_sync,sync,15,6,alts,reverse,456,21,-31.799274698684094,-22.77572274208069,0.40131578947368424,-20.605187670620964,-11.194087028063127,-1.4536619779714353,0.1431
check,z3.0_v2.0_b0.75_sync,sync,15,6,btc,continue,456,21,-11.73341351642944,-17.621774673461914,0.38596491228070173,-19.44500591423593,7.711592397806496,1.59341720597776,0.0686
check,z3.0_v2.0_b0.75_sync,sync,15,6,btc,reverse,456,21,-28.266586483570574,-22.378225326538086,0.3355263157894737,-20.554994085764072,-7.7115923978064975,-1.5934172059777605,0.0686
check,z3.0_v2.0_b0.75_sync,sync,15,6,eth,continue,456,21,-0.8772875551591943,-15.453357696533203,0.43640350877192985,-18.33277932824851,17.45549177308932,2.383814544771469,0.0081
check,z3.0_v2.0_b0.75_sync,sync,15,6,eth,reverse,456,21,-39.122712444840836,-24.546642303466797,0.3793859649122807,-21.667220671751494,-17.455491773089328,-2.38381454477147,0.0081
check,z3.0_v2.0_b0.75_sync,sync,15,12,alts,continue,456,21,-6.114858195447086,-21.740610599517822,0.42543859649122806,-18.04107027226373,11.926212076816642,1.1230778936736516,0.2919
check,z3.0_v2.0_b0.75_sync,sync,15,12,alts,reverse,456,21,-33.88514180455292,-18.259389400482178,0.44298245614035087,-21.958929727736272,-11.926212076816647,-1.123077893673652,0.2919
check,z3.0_v2.0_b0.75_sync,sync,15,12,btc,continue,456,21,-8.69306162783975,-18.404979705810547,0.4298245614035088,-18.756628655523258,10.063567027683513,1.642226570230529,0.0496
check,z3.0_v2.0_b0.75_sync,sync,15,12,btc,reverse,456,21,-31.306938372160268,-21.595020294189453,0.3793859649122807,-21.24337134447675,-10.063567027683517,-1.6422265702305296,0.0496
check,z3.0_v2.0_b0.75_sync,sync,15,12,eth,continue,456,21,4.46880466059633,-15.363950729370117,0.45614035087719296,-17.435419176148798,21.904223836745135,2.4065182710638253,0.0063
check,z3.0_v2.0_b0.75_sync,sync,15,12,eth,reverse,456,21,-44.46880466059636,-24.636049270629883,0.42105263157894735,-22.564580823851202,-21.90422383674515,-2.406518271063827,0.0063
check,z3.0_v2.0_b0.75_sync,sync,30,1,alts,continue,281,21,-21.73729250863778,-19.33803081512451,0.3879003558718861,-19.3064342974768,-2.4308582111609778,-0.3666811924410157,0.6172
check,z3.0_v2.0_b0.75_sync,sync,30,1,alts,reverse,281,21,-18.26270749136222,-20.66196918487549,0.39501779359430605,-20.6935657025232,2.4308582111609787,0.3666811924410158,0.6172
check,z3.0_v2.0_b0.75_sync,sync,30,1,btc,continue,281,21,-14.920490051079483,-17.048377990722656,0.3701067615658363,-20.141207221564027,5.2207171704845505,1.2742374933582736,0.1298
check,z3.0_v2.0_b0.75_sync,sync,30,1,btc,reverse,281,21,-25.079509948920524,-22.951622009277344,0.3202846975088968,-19.858792778435976,-5.2207171704845505,-1.2742374933582736,0.1298
check,z3.0_v2.0_b0.75_sync,sync,30,1,eth,continue,281,21,-11.613138612903315,-17.330904006958008,0.4092526690391459,-20.371816425561057,8.758677812657746,1.5353753997756265,0.0937
check,z3.0_v2.0_b0.75_sync,sync,30,1,eth,reverse,281,21,-28.38686138709669,-22.669095993041992,0.3701067615658363,-19.628183574438943,-8.758677812657748,-1.535375399775627,0.0937
check,z3.0_v2.0_b0.75_sync,sync,30,3,alts,continue,281,21,-3.9191700640098053,-9.392352104187012,0.44483985765124556,-17.924471056334063,14.005300992324258,1.472117971295879,0.109
check,z3.0_v2.0_b0.75_sync,sync,30,3,alts,reverse,281,21,-36.080829935990195,-30.60764789581299,0.40569395017793597,-22.075528943665937,-14.00530099232426,-1.4721179712958792,0.109
check,z3.0_v2.0_b0.75_sync,sync,30,3,btc,continue,281,21,-6.193358261814326,-10.991353988647461,0.43416370106761565,-19.80219647129235,13.60883820947803,2.3147517960495785,0.001
check,z3.0_v2.0_b0.75_sync,sync,30,3,btc,reverse,281,21,-33.80664173818568,-29.00864601135254,0.302491103202847,-20.19780352870765,-13.608838209478035,-2.314751796049579,0.001
check,z3.0_v2.0_b0.75_sync,sync,30,3,eth,continue,281,21,0.934839689858858,-4.802603721618652,0.47686832740213525,-19.259993486981372,20.194833176840245,2.263746105100713,0.0025
check,z3.0_v2.0_b0.75_sync,sync,30,3,eth,reverse,281,21,-40.934839689858876,-35.19739627838135,0.33807829181494664,-20.74000651301862,-20.194833176840245,-2.263746105100713,0.0025
check,z3.0_v2.0_b0.75_sync,sync,30,6,alts,continue,281,21,-3.3931192384495885,-11.537356376647951,0.4626334519572954,-15.793824777060133,12.400705538610545,1.0031784703255147,0.2723
check,z3.0_v2.0_b0.75_sync,sync,30,6,alts,reverse,281,21,-36.606880761550414,-28.46264362335205,0.4092526690391459,-24.20617522293987,-12.400705538610552,-1.0031784703255153,0.2723
check,z3.0_v2.0_b0.75_sync,sync,30,6,btc,continue,281,21,-5.754245965082032,-9.652633666992188,0.4483985765124555,-18.32196284443458,12.567716879352552,1.7289670625730007,0.0292
check,z3.0_v2.0_b0.75_sync,sync,30,6,btc,reverse,281,21,-34.24575403491799,-30.347366333007812,0.3879003558718861,-21.678037155565416,-12.567716879352558,-1.7289670625730014,0.0292
check,z3.0_v2.0_b0.75_sync,sync,30,6,eth,continue,281,21,7.573594419133185,-9.157915115356445,0.47330960854092524,-16.875246118396202,24.4488405375294,2.1526245814036264,0.014
check,z3.0_v2.0_b0.75_sync,sync,30,6,eth,reverse,281,21,-47.5735944191332,-30.842084884643555,0.39501779359430605,-23.124753881603798,-24.448840537529406,-2.1526245814036264,0.014
check,z3.0_v2.0_b0.75_sync,sync,30,12,alts,continue,281,21,13.8899681152398,-0.5236101150512704,0.49466192170818507,-14.91568607579771,28.80565419103751,1.4116592226994185,0.2084
check,z3.0_v2.0_b0.75_sync,sync,30,12,alts,reverse,281,21,-53.88996811523982,-39.47638988494872,0.41637010676156583,-25.084313924202295,-28.805654191037515,-1.4116592226994187,0.2084
check,z3.0_v2.0_b0.75_sync,sync,30,12,btc,continue,281,21,-4.1392209945624545,-10.024566650390625,0.4483985765124555,-17.07722122983152,12.938000235269078,1.3265767442406369,0.1617
check,z3.0_v2.0_b0.75_sync,sync,30,12,btc,reverse,281,21,-35.860779005437564,-29.975433349609375,0.3807829181494662,-22.92277877016848,-12.938000235269081,-1.3265767442406373,0.1617
check,z3.0_v2.0_b0.75_sync,sync,30,12,eth,continue,281,21,17.521825990642924,-11.151094436645508,0.4697508896797153,-15.752617239527856,33.27444323017079,2.1141345061456303,0.0343
check,z3.0_v2.0_b0.75_sync,sync,30,12,eth,reverse,281,21,-57.52182599064295,-28.848905563354492,0.4092526690391459,-24.247382760472142,-33.274443230170796,-2.114134506145631,0.0343
check,z3.0_v2.0_b0.75_sync,sync,60,1,alts,continue,152,21,-14.815178999775336,-24.96792197227478,0.40789473684210525,-18.888705961014097,4.073526961238756,0.2931105150305601,0.823
check,z3.0_v2.0_b0.75_sync,sync,60,1,alts,reverse,152,21,-25.184821000224666,-15.03207802772522,0.4605263157894737,-21.1112940389859,-4.0735269612387635,-0.29311051503056057,0.823
check,z3.0_v2.0_b0.75_sync,sync,60,1,btc,continue,152,21,-16.123596241599643,-21.508891582489014,0.3684210526315789,-18.3174393051549,2.193843063555265,0.3124167217583439,0.7753
check,z3.0_v2.0_b0.75_sync,sync,60,1,btc,reverse,152,21,-23.876403758400368,-18.491108417510986,0.34210526315789475,-21.6825606948451,-2.193843063555265,-0.3124167217583439,0.7753
check,z3.0_v2.0_b0.75_sync,sync,60,1,eth,continue,152,21,-17.52058794623928,-23.68952751159668,0.3684210526315789,-18.663169773001425,1.1425818267621484,0.11676238877494681,0.9268
check,z3.0_v2.0_b0.75_sync,sync,60,1,eth,reverse,152,21,-22.479412053760736,-16.31047248840332,0.40131578947368424,-21.33683022699858,-1.142581826762152,-0.11676238877494718,0.9268
check,z3.0_v2.0_b0.75_sync,sync,60,3,alts,continue,152,21,-16.574920964868454,-28.57799053192139,0.42105263157894735,-19.809122946618995,3.234201981750552,0.1899476674572601,0.8588
check,z3.0_v2.0_b0.75_sync,sync,60,3,alts,reverse,152,21,-23.425079035131557,-11.422009468078612,0.42105263157894735,-20.190877053381005,-3.2342019817505556,-0.18994766745726033,0.8588
check,z3.0_v2.0_b0.75_sync,sync,60,3,btc,continue,152,21,-19.962833366895985,-23.805160522460938,0.39473684210526316,-17.26253382634588,-2.7002995405500965,-0.2766186496859375,0.7612
check,z3.0_v2.0_b0.75_sync,sync,60,3,btc,reverse,152,21,-20.037166633104036,-16.194839477539062,0.4407894736842105,-22.737466173654123,2.7002995405500916,0.276618649685937,0.7612
check,z3.0_v2.0_b0.75_sync,sync,60,3,eth,continue,152,21,-13.621601085913822,-24.22537326812744,0.4276315789473684,-17.517215578179613,3.8956144922657985,0.2827624224493989,0.7848
check,z3.0_v2.0_b0.75_sync,sync,60,3,eth,reverse,152,21,-26.37839891408621,-15.774626731872559,0.42105263157894735,-22.48278442182039,-3.8956144922658065,-0.28276242244939953,0.7848
check,z3.0_v2.0_b0.75_sync,sync,60,6,alts,continue,152,21,-18.671667826803112,-16.378010511398315,0.4605263157894737,-15.670689105638987,-3.0009787211641283,-0.14624135867384583,0.8855
check,z3.0_v2.0_b0.75_sync,sync,60,6,alts,reverse,152,21,-21.328332173196902,-23.621989488601688,0.4407894736842105,-24.32931089436102,3.000978721164119,0.14624135867384538,0.8855
check,z3.0_v2.0_b0.75_sync,sync,60,6,btc,continue,152,21,-19.093934893608107,-24.584789276123047,0.4144736842105263,-14.125239681779293,-4.9686952118288,-0.40895480404932266,0.6156
check,z3.0_v2.0_b0.75_sync,sync,60,6,btc,reverse,152,21,-20.906065106391917,-15.415210723876953,0.42105263157894735,-25.874760318220705,4.968695211828795,0.40895480404932216,0.6156
check,z3.0_v2.0_b0.75_sync,sync,60,6,eth,continue,152,21,-9.504896496471623,-18.35193157196045,0.4407894736842105,-12.158378011476229,2.653481515004614,0.14016457487222497,0.8715
check,z3.0_v2.0_b0.75_sync,sync,60,6,eth,reverse,152,21,-30.49510350352841,-21.64806842803955,0.42105263157894735,-27.841621988523773,-2.653481515004622,-0.1401645748722254,0.8715
check,z3.0_v2.0_b0.75_sync,sync,60,12,alts,continue,152,21,-17.88432380086498,-14.97787356376648,0.4605263157894737,-3.2061623535104564,-14.678161447354519,-0.6226233445239095,0.5173
check,z3.0_v2.0_b0.75_sync,sync,60,12,alts,reverse,152,21,-22.11567619913503,-25.022126436233517,0.4342105263157895,-36.79383764648955,14.678161447354508,0.6226233445239092,0.5173
check,z3.0_v2.0_b0.75_sync,sync,60,12,btc,continue,152,21,-12.034368609127261,-14.542896747589111,0.45394736842105265,-5.513719565728132,-6.520649043399118,-0.4518603551448461,0.5481
check,z3.0_v2.0_b0.75_sync,sync,60,12,btc,reverse,152,21,-27.96563139087277,-25.45710325241089,0.4276315789473684,-34.48628043427187,6.52064904339911,0.4518603551448455,0.5481
check,z3.0_v2.0_b0.75_sync,sync,60,12,eth,continue,152,21,2.5952189219625232,-1.4015626907348637,0.5,-1.6029144698990387,4.1981333918615675,0.1859103604089507,0.8307
check,z3.0_v2.0_b0.75_sync,sync,60,12,eth,reverse,152,21,-42.595218921962555,-38.59843730926514,0.4144736842105263,-38.39708553010095,-4.198133391861586,-0.18591036040895154,0.8307
check,z3.0_v2.0_lead,lead,5,1,alts,continue,2,2,-9.069783687591553,-9.069783687591553,0.5,-20.231424868106842,11.161641180515291,,0.4992
check,z3.0_v2.0_lead,lead,5,1,alts,reverse,2,2,-30.930216312408447,-30.930216312408447,0.0,-19.768575131893158,-11.161641180515288,,0.4992
check,z3.0_v2.0_lead,lead,5,1,btc,continue,2,2,-13.994534015655518,-13.994534015655518,0.5,-20.920817255973816,6.926283240318298,,1.0
check,z3.0_v2.0_lead,lead,5,1,btc,reverse,2,2,-26.005465984344482,-26.005465984344482,0.0,-19.079182744026184,-6.926283240318298,,1.0
check,z3.0_v2.0_lead,lead,5,1,eth,continue,2,2,-19.971091747283936,-19.971091747283936,0.5,-20.68198144435883,0.7108896970748897,,1.0
check,z3.0_v2.0_lead,lead,5,1,eth,reverse,2,2,-20.028908252716064,-20.028908252716064,0.5,-19.318018555641174,-0.7108896970748897,,1.0
check,z3.0_v2.0_lead,lead,5,3,alts,continue,2,2,-3.2696139812469487,-3.2696139812469487,0.5,-20.779136419296265,17.509522438049313,,1.0
check,z3.0_v2.0_lead,lead,5,3,alts,reverse,2,2,-36.73038601875305,-36.73038601875305,0.0,-19.220863580703735,-17.509522438049313,,1.0
check,z3.0_v2.0_lead,lead,5,3,btc,continue,2,2,-9.801347255706787,-9.801347255706787,0.5,-22.757281064987183,12.955933809280397,,1.0
check,z3.0_v2.0_lead,lead,5,3,btc,reverse,2,2,-30.198652744293213,-30.198652744293213,0.5,-17.24271893501282,-12.955933809280397,,1.0
check,z3.0_v2.0_lead,lead,5,3,eth,continue,2,2,-2.2852015495300297,-2.2852015495300297,0.5,-22.565965056419373,20.280763506889347,,0.4992
check,z3.0_v2.0_lead,lead,5,3,eth,reverse,2,2,-37.71479845046997,-37.71479845046997,0.0,-17.434034943580627,-20.280763506889347,,0.4992
check,z3.0_v2.0_lead,lead,5,6,alts,continue,2,2,10.812829732894896,10.812829732894896,0.5,-18.852127790451053,29.664957523345947,,0.4992
check,z3.0_v2.0_lead,lead,5,6,alts,reverse,2,2,-50.812829732894905,-50.812829732894905,0.0,-21.14787220954895,-29.664957523345944,,0.4992
check,z3.0_v2.0_lead,lead,5,6,btc,continue,2,2,-17.49898910522461,-17.49898910522461,0.5,-25.03233075141907,7.533341646194459,,1.0
check,z3.0_v2.0_lead,lead,5,6,btc,reverse,2,2,-22.50101089477539,-22.50101089477539,0.5,-14.967669248580934,-7.533341646194459,,1.0
check,z3.0_v2.0_lead,lead,5,6,eth,continue,2,2,-3.588159084320069,-3.588159084320069,0.5,-26.263718008995056,22.675558924674988,,0.4992
check,z3.0_v2.0_lead,lead,5,6,eth,reverse,2,2,-36.41184091567993,-36.41184091567993,0.0,-13.736281991004944,-22.675558924674988,,0.4992
check,z3.0_v2.0_lead,lead,5,12,alts,continue,2,2,16.605894565582275,16.605894565582275,0.5,-21.456266343593597,38.06216090917587,,0.4992
check,z3.0_v2.0_lead,lead,5,12,alts,reverse,2,2,-56.605894565582275,-56.605894565582275,0.0,-18.543733656406403,-38.06216090917587,,0.4992
check,z3.0_v2.0_lead,lead,5,12,btc,continue,2,2,-17.67392873764038,-17.67392873764038,0.5,-24.560619592666626,6.886690855026243,,1.0
check,z3.0_v2.0_lead,lead,5,12,btc,reverse,2,2,-22.32607126235962,-22.32607126235962,0.5,-15.439380407333374,-6.886690855026243,,1.0
check,z3.0_v2.0_lead,lead,5,12,eth,continue,2,2,7.835965156555176,7.835965156555176,0.5,-24.81612980365753,32.65209496021271,,0.4992
check,z3.0_v2.0_lead,lead,5,12,eth,reverse,2,2,-47.835965156555176,-47.835965156555176,0.0,-15.183870196342468,-32.65209496021271,,0.4992
check,z3.0_v3.0_b0.6_sync,sync,5,1,alts,continue,1112,21,-18.47879897561862,-23.174352645874023,0.25,-19.828122205657063,1.3493232300384435,0.8660269278324063,0.4284
check,z3.0_v3.0_b0.6_sync,sync,5,1,alts,reverse,1112,21,-21.521201024381376,-16.825647354125977,0.26258992805755393,-20.171877794342933,-1.3493232300384437,-0.8660269278324065,0.4284
check,z3.0_v3.0_b0.6_sync,sync,5,1,btc,continue,1112,21,-19.542141453825312,-22.24471092224121,0.16906474820143885,-20.077418259365096,0.5352768055397831,0.6249243303557539,0.5577
check,z3.0_v3.0_b0.6_sync,sync,5,1,btc,reverse,1112,21,-20.457858546174688,-17.75528907775879,0.1681654676258993,-19.922581740634904,-0.5352768055397832,-0.6249243303557541,0.5577
check,z3.0_v3.0_b0.6_sync,sync,5,1,eth,continue,1112,21,-19.97771204375535,-24.64022159576416,0.2302158273381295,-20.011239040026563,0.03352699627121555,0.025476773481838532,0.9817
check,z3.0_v3.0_b0.6_sync,sync,5,1,eth,reverse,1112,21,-20.022287956244657,-15.35977840423584,0.26348920863309355,-19.988760959973433,-0.033526996271215866,-0.025476773481838768,0.9817
check,z3.0_v3.0_b0.6_sync,sync,5,3,alts,continue,1112,21,-19.82388050650521,-23.728586435317993,0.2841726618705036,-19.726800549802164,-0.09707995670304921,-0.04544660750410091,0.9603
check,z3.0_v3.0_b0.6_sync,sync,5,3,alts,reverse,1112,21,-20.17611949349479,-16.271413564682007,0.3408273381294964,-20.273199450197843,0.09707995670304852,0.04544660750410058,0.9603
check,z3.0_v3.0_b0.6_sync,sync,5,3,btc,continue,1112,21,-19.581199112555964,-23.44604253768921,0.21402877697841727,-19.921490069773558,0.34029095721759367,0.26665070253231826,0.7284
check,z3.0_v3.0_b0.6_sync,sync,5,3,btc,reverse,1112,21,-20.41880088744404,-16.55395746231079,0.2517985611510791,-20.078509930226446,-0.340290957217594,-0.26665070253231854,0.7284
check,z3.0_v3.0_b0.6_sync,sync,5,3,eth,continue,1112,21,-18.942869279882036,-25.52058219909668,0.26888489208633093,-19.96791193060738,1.0250426507253436,0.5428752178290185,0.3996
check,z3.0_v3.0_b0.6_sync,sync,5,3,eth,reverse,1112,21,-21.05713072011797,-14.47941780090332,0.33723021582733814,-20.03208806939262,-1.0250426507253445,-0.542875217829019,0.3996
check,z3.0_v3.0_b0.6_sync,sync,5,6,alts,continue,1112,21,-14.414632697757199,-22.606511116027832,0.35071942446043164,-20.25357752877602,5.838944831018826,1.290727741094435,0.1674
check,z3.0_v3.0_b0.6_sync,sync,5,6,alts,reverse,1112,21,-25.5853673022428,-17.393488883972168,0.3767985611510791,-19.746422471223976,-5.838944831018826,-1.290727741094435,0.1674
check,z3.0_v3.0_b0.6_sync,sync,5,6,btc,continue,1112,21,-17.471094989090517,-21.81645154953003,0.29406474820143885,-20.14053625490168,2.669441265811165,1.5180408872038031,0.0522
check,z3.0_v3.0_b0.6_sync,sync,5,6,btc,reverse,1112,21,-22.528905010909487,-18.18354845046997,0.289568345323741,-19.859463745098317,-2.6694412658111655,-1.5180408872038034,0.0522
check,z3.0_v3.0_b0.6_sync,sync,5,6,eth,continue,1112,21,-15.496893743816903,-24.516243934631348,0.3255395683453237,-20.37635147249956,4.879457728682662,1.8658096429314923,0.0131
check,z3.0_v3.0_b0.6_sync,sync,5,6,eth,reverse,1112,21,-24.503106256183113,-15.483756065368652,0.36151079136690645,-19.62364852750044,-4.879457728682663,-1.8658096429314925,0.0131
check,z3.0_v3.0_b0.6_sync,sync,5,12,alts,continue,1112,21,-14.688744038986647,-20.60007572174072,0.4010791366906475,-19.919010038427306,5.230265999440666,1.2949975858908787,0.2229
check,z3.0_v3.0_b0.6_sync,sync,5,12,alts,reverse,1112,21,-25.311255961013355,-19.399924278259277,0.3965827338129496,-20.08098996157269,-5.230265999440666,-1.2949975858908787,0.2229
check,z3.0_v3.0_b0.6_sync,sync,5,12,btc,continue,1112,21,-17.305000643078376,-21.308917999267578,0.3408273381294964,-19.924432459495055,2.6194318164166783,1.1679537990175128,0.1576
check,z3.0_v3.0_b0.6_sync,sync,5,12,btc,reverse,1112,21,-22.69499935692163,-18.691082000732422,0.3381294964028777,-20.07556754050495,-2.619431816416679,-1.167953799017513,0.1576
check,z3.0_v3.0_b0.6_sync,sync,5,12,eth,continue,1112,21,-16.170529680286386,-22.650320529937744,0.36510791366906475,-20.22498526268726,4.054455582400876,1.2510501948511787,0.1142
check,z3.0_v3.0_b0.6_sync,sync,5,12,eth,reverse,1112,21,-23.82947031971363,-17.349679470062256,0.41097122302158273,-19.77501473731274,-4.05445558240088,-1.25105019485118,0.1142
check,z3.0_v3.0_b0.6_sync,sync,15,1,alts,continue,439,21,-15.05740368827872,-23.210783004760746,0.35079726651480636,-19.64727712926669,4.589873440987971,1.2867517215708977,0.2568
check,z3.0_v3.0_b0.6_sync,sync,15,1,alts,reverse,439,21,-24.942596311721285,-16.789216995239258,0.32801822323462415,-20.352722870733306,-4.589873440987971,-1.2867517215708977,0.2568
check,z3.0_v3.0_b0.6_sync,sync,15,1,btc,continue,439,21,-15.361884253986338,-22.312660217285156,0.3120728929384966,-19.87808032839608,4.516196074409747,1.8932562055216469,0.0323
check,z3.0_v3.0_b0.6_sync,sync,15,1,btc,reverse,439,21,-24.638115746013675,-17.687339782714844,0.27107061503416857,-20.121919671603923,-4.516196074409747,-1.8932562055216469,0.0323
check,z3.0_v3.0_b0.6_sync,sync,15,1,eth,continue,439,21,-12.19651238521846,-24.398822784423828,0.35079726651480636,-19.351717548652772,7.155205163434316,2.120797998936654,0.0133
check,z3.0_v3.0_b0.6_sync,sync,15,1,eth,reverse,439,21,-27.803487614781556,-15.601177215576172,0.3120728929384966,-20.648282451347228,-7.155205163434319,-2.1207979989366543,0.0133
check,z3.0_v3.0_b0.6_sync,sync,15,3,alts,continue,439,21,-14.418558960351962,-15.559692382812502,0.4123006833712984,-19.097088254937276,4.678529294585313,0.8808445738441251,0.3264
check,z3.0_v3.0_b0.6_sync,sync,15,3,alts,reverse,439,21,-25.581441039648038,-24.4403076171875,0.37813211845102507,-20.902911745062724,-4.678529294585312,-0.8808445738441248,0.3264
check,z3.0_v3.0_b0.6_sync,sync,15,3,btc,continue,439,21,-15.837993665273757,-16.262192726135254,0.3690205011389522,-19.857178649489594,4.019184984215843,1.1288499785268795,0.1767
check,z3.0_v3.0_b0.6_sync,sync,15,3,btc,reverse,439,21,-24.162006334726257,-23.737807273864746,0.3097949886104784,-20.142821350510413,-4.019184984215843,-1.1288499785268797,0.1767
check,z3.0_v3.0_b0.6_sync,sync,15,3,eth,continue,439,21,-8.064765930175788,-13.56985092163086,0.428246013667426,-18.99204852640765,10.927282596231862,2.0973810880073267,0.0144
check,z3.0_v3.0_b0.6_sync,sync,15,3,eth,reverse,439,21,-31.93523406982423,-26.43014907836914,0.35990888382687924,-21.007951473592353,-10.927282596231866,-2.097381088007327,0.0144
check,z3.0_v3.0_b0.6_sync,sync,15,6,alts,continue,439,21,-6.732778326525502,-14.671297073364258,0.4396355353075171,-17.685577624236608,10.952799297711099,1.4156652085645722,0.1548
check,z3.0_v3.0_b0.6_sync,sync,15,6,alts,reverse,439,21,-33.26722167347449,-25.328702926635742,0.39863325740318906,-22.314422375763392,-10.952799297711099,-1.4156652085645722,0.1548
check,z3.0_v3.0_b0.6_sync,sync,15,6,btc,continue,439,21,-10.84572449903554,-16.78492546081543,0.38724373576309795,-19.125940799570216,8.280216300534681,1.6921506295145918,0.058
check,z3.0_v3.0_b0.6_sync,sync,15,6,btc,reverse,439,21,-29.15427550096448,-23.21507453918457,0.3234624145785877,-20.874059200429784,-8.280216300534683,-1.6921506295145923,0.058
check,z3.0_v3.0_b0.6_sync,sync,15,6,eth,continue,439,21,1.8554822078869826,-11.422891616821289,0.44874715261959,-17.64398891224648,19.499471120133467,2.602667251772977,0.0022
check,z3.0_v3.0_b0.6_sync,sync,15,6,eth,reverse,439,21,-41.85548220788701,-28.57710838317871,0.36674259681093396,-22.356011087753522,-19.499471120133478,-2.602667251772978,0.0022
check,z3.0_v3.0_b0.6_sync,sync,15,12,alts,continue,439,21,-7.410129935974954,-18.537516593933105,0.4305239179954442,-15.462854004072206,8.052724068097252,0.7329324287645381,0.5688
check,z3.0_v3.0_b0.6_sync,sync,15,12,alts,reverse,439,21,-32.58987006402504,-21.462483406066895,0.428246013667426,-24.537145995927794,-8.052724068097247,-0.7329324287645378,0.5688
check,z3.0_v3.0_b0.6_sync,sync,15,12,btc,continue,439,21,-8.172627255693936,-17.777938842773438,0.42596810933940776,-17.775535864097833,9.602908608403903,1.5385355718395235,0.1079
check,z3.0_v3.0_b0.6_sync,sync,15,12,btc,reverse,439,21,-31.827372744306086,-22.222061157226562,0.3735763097949886,-22.22446413590217,-9.602908608403906,-1.538535571839524,0.1079
check,z3.0_v3.0_b0.6_sync,sync,15,12,eth,continue,439,21,3.8681477674862093,-11.502761840820312,0.4624145785876993,-15.633676876706325,19.501824644192542,2.1046192570465116,0.021
check,z3.0_v3.0_b0.6_sync,sync,15,12,eth,reverse,439,21,-43.86814776748624,-28.497238159179688,0.40774487471526194,-24.366323123293675,-19.501824644192556,-2.104619257046513,0.021
check,z3.0_v3.0_b0.6_sync,sync,30,1,alts,continue,264,21,-24.774921410011522,-22.965158224105835,0.375,-19.599883944105112,-5.175037465906407,-0.7707969402490877,0.3872
check,z3.0_v3.0_b0.6_sync,sync,30,1,alts,reverse,264,21,-15.225078589988478,-17.034841775894165,0.4166666666666667,-20.400116055894888,5.175037465906409,0.770796940249088,0.3872
check,z3.0_v3.0_b0.6_sync,sync,30,1,btc,continue,264,21,-16.746633992050636,-19.6793270111084,0.3522727272727273,-19.71701399062239,2.970379998571754,0.7423315394441413,0.4153
check,z3.0_v3.0_b0.6_sync,sync,30,1,btc,reverse,264,21,-23.25336600794937,-20.3206729888916,0.3446969696969697,-20.282986009377613,-2.970379998571755,-0.7423315394441417,0.4153
check,z3.0_v3.0_b0.6_sync,sync,30,1,eth,continue,264,21,-15.155219327319761,-22.96086072921753,0.39015151515151514,-19.072310682594107,3.917091355274358,0.6985802263880768,0.4914
check,z3.0_v3.0_b0.6_sync,sync,30,1,eth,reverse,264,21,-24.84478067268026,-17.03913927078247,0.3939393939393939,-20.927689317405893,-3.9170913552743607,-0.6985802263880774,0.4914
check,z3.0_v3.0_b0.6_sync,sync,30,3,alts,continue,264,21,-8.513713713848228,-15.668786764144897,0.4318181818181818,-18.889768207163524,10.37605449331529,1.1007157715235003,0.1628
check,z3.0_v3.0_b0.6_sync,sync,30,3,alts,reverse,264,21,-31.48628628615177,-24.331213235855103,0.42045454545454547,-21.110231792836476,-10.376054493315293,-1.1007157715235005,0.1628
check,z3.0_v3.0_b0.6_sync,sync,30,3,btc,continue,264,21,-9.215930302937833,-13.770122528076172,0.42424242424242425,-19.19833200114766,9.982401698209832,1.698166758636837,0.0052
check,z3.0_v3.0_b0.6_sync,sync,30,3,btc,reverse,264,21,-30.784069697062183,-26.229877471923828,0.3068181818181818,-20.80166799885234,-9.982401698209834,-1.6981667586368374,0.0052
check,z3.0_v3.0_b0.6_sync,sync,30,3,eth,continue,264,21,-4.453415328806106,-8.94035816192627,0.4583333333333333,-17.91558245508865,13.462167126282552,1.5182201225977565,0.0071
check,z3.0_v3.0_b0.6_sync,sync,30,3,eth,reverse,264,21,-35.54658467119392,-31.05964183807373,0.3409090909090909,-22.08441754491135,-13.462167126282555,-1.518220122597757,0.0071
check,z3.0_v3.0_b0.6_sync,sync,30,6,alts,continue,264,21,-11.304555670781571,-15.774340629577635,0.44696969696969696,-16.629592042053904,5.325036371272333,0.4384904217893113,0.6115
check,z3.0_v3.0_b0.6_sync,sync,30,6,alts,reverse,264,21,-28.695444329218432,-24.22565937042236,0.4166666666666667,-23.370407957946092,-5.325036371272336,-0.4384904217893116,0.6115
check,z3.0_v3.0_b0.6_sync,sync,30,6,btc,continue,264,21,-8.160104011044368,-11.26821756362915,0.4431818181818182,-18.74212039691029,10.582016385865932,1.3737622190371088,0.0965
check,z3.0_v3.0_b0.6_sync,sync,30,6,btc,reverse,264,21,-31.83989598895565,-28.73178243637085,0.39015151515151514,-21.25787960308971,-10.582016385865934,-1.3737622190371093,0.0965
check,z3.0_v3.0_b0.6_sync,sync,30,6,eth,continue,264,21,4.646279035192533,-12.059469223022461,0.4621212121212121,-16.60345203758617,21.24973107277871,1.758715626428884,0.045
check,z3.0_v3.0_b0.6_sync,sync,30,6,eth,reverse,264,21,-44.64627903519256,-27.94053077697754,0.4015151515151515,-23.396547962413827,-21.249731072778722,-1.758715626428885,0.045
check,z3.0_v3.0_b0.6_sync,sync,30,12,alts,continue,264,21,6.969697213534152,-5.51093339920044,0.48863636363636365,-12.522423660611722,19.49212087414587,0.939574156876647,0.4338
check,z3.0_v3.0_b0.6_sync,sync,30,12,alts,reverse,264,21,-46.96969721353416,-34.48906660079956,0.4318181818181818,-27.477576339388282,-19.492120874145872,-0.9395741568766472,0.4338
check,z3.0_v3.0_b0.6_sync,sync,30,12,btc,continue,264,21,-7.947367357485235,-11.966485977172852,0.4356060606060606,-18.106991058736774,10.15962370125155,1.0073022469451989,0.2242
check,z3.0_v3.0_b0.6_sync,sync,30,12,btc,reverse,264,21,-32.05263264251479,-28.03351402282715,0.3977272727272727,-21.89300894126323,-10.159623701251558,-1.0073022469451998,0.2242
check,z3.0_v3.0_b0.6_sync,sync,30,12,eth,continue,264,21,13.940313891930998,-13.524253368377686,0.4659090909090909,-14.540994286324675,28.481308178255684,1.805716746636386,0.028
check,z3.0_v3.0_b0.6_sync,sync,30,12,eth,reverse,264,21,-53.94031389193103,-26.475746631622314,0.42045454545454547,-25.459005713675325,-28.4813081782557,-1.8057167466363868,0.028
check,z3.0_v3.0_b0.6_sync,sync,60,1,alts,continue,149,21,-13.836389131994062,-26.18431568145752,0.4161073825503356,-16.014971993113527,2.178582861119468,0.1521188348788849,0.9162
check,z3.0_v3.0_b0.6_sync,sync,60,1,alts,reverse,149,21,-26.163610868005946,-13.815684318542482,0.4563758389261745,-23.985028006886473,-2.178582861119471,-0.15211883487888506,0.9162
check,z3.0_v3.0_b0.6_sync,sync,60,1,btc,continue,149,21,-18.95883086543756,-21.46806240081787,0.35570469798657717,-17.40651049869973,-1.5523203667378282,-0.23331944888655584,0.845
check,z3.0_v3.0_b0.6_sync,sync,60,1,btc,reverse,149,21,-21.041169134562455,-18.53193759918213,0.3422818791946309,-22.593489501300272,1.5523203667378256,0.23331944888655543,0.845
check,z3.0_v3.0_b0.6_sync,sync,60,1,eth,continue,149,21,-22.152575742478344,-23.67283821105957,0.3691275167785235,-16.199809264816697,-5.952766477661644,-0.6545746494986913,0.5845
check,z3.0_v3.0_b0.6_sync,sync,60,1,eth,reverse,149,21,-17.847424257521666,-16.32716178894043,0.40939597315436244,-23.80019073518331,5.952766477661641,0.6545746494986909,0.5845
check,z3.0_v3.0_b0.6_sync,sync,60,3,alts,continue,149,21,-13.915728114595357,-21.796936988830566,0.4228187919463087,-12.545499721629508,-1.370228392965842,-0.07528115675341082,0.944
check,z3.0_v3.0_b0.6_sync,sync,60,3,alts,reverse,149,21,-26.084271885404657,-18.203063011169434,0.4161073825503356,-27.454500278370496,1.3702283929658363,0.0752811567534105,0.944
check,z3.0_v3.0_b0.6_sync,sync,60,3,btc,continue,149,21,-18.968851646320942,-23.610849380493164,0.38926174496644295,-13.875743358727268,-5.093108287593665,-0.49202055476578266,0.5621
check,z3.0_v3.0_b0.6_sync,sync,60,3,btc,reverse,149,21,-21.03114835367908,-16.389150619506836,0.436241610738255,-26.124256641272734,5.093108287593659,0.49202055476578216,0.5621
check,z3.0_v3.0_b0.6_sync,sync,60,3,eth,continue,149,21,-12.313677032521916,-25.064010620117188,0.4228187919463087,-10.92035965631472,-1.393317376207187,-0.09627811057703586,0.9175
check,z3.0_v3.0_b0.6_sync,sync,60,3,eth,reverse,149,21,-27.686322967478112,-14.935989379882812,0.4161073825503356,-29.079640343685277,1.3933173762071787,0.0962781105770353,0.9175
check,z3.0_v3.0_b0.6_sync,sync,60,6,alts,continue,149,21,-15.51933379781327,-16.977245807647705,0.46308724832214765,-11.736641334207263,-3.782692463605992,-0.177538854579913,0.858
check,z3.0_v3.0_b0.6_sync,sync,60,6,alts,reverse,149,21,-24.480666202186736,-23.022754192352295,0.436241610738255,-28.263358665792733,3.7826924636059958,0.17753885457991314,0.858
check,z3.0_v3.0_b0.6_sync,sync,60,6,btc,continue,149,21,-20.045091513819354,-29.246468544006348,0.40939597315436244,-12.771411902152453,-7.273679611666897,-0.5712265989186511,0.5128
check,z3.0_v3.0_b0.6_sync,sync,60,6,btc,reverse,149,21,-19.954908486180667,-10.753531455993652,0.436241610738255,-27.22858809784755,7.273679611666888,0.5712265989186505,0.5128
check,z3.0_v3.0_b0.6_sync,sync,60,6,eth,continue,149,21,-12.424125639384242,-16.811747550964355,0.42953020134228187,-8.947795941525657,-3.4763296978585716,-0.18746410515774115,0.8266
check,z3.0_v3.0_b0.6_sync,sync,60,6,eth,reverse,149,21,-27.575874360615785,-23.188252449035645,0.4161073825503356,-31.052204058474345,3.4763296978585623,0.18746410515774065,0.8266
check,z3.0_v3.0_b0.6_sync,sync,60,12,alts,continue,149,21,-17.33791783352027,-5.758173465728761,0.47651006711409394,-6.082994773883948,-11.254923059636315,-0.426734681146335,0.6564
check,z3.0_v3.0_b0.6_sync,sync,60,12,alts,reverse,149,21,-22.662082166479742,-34.24182653427124,0.42953020134228187,-33.91700522611605,11.25492305963631,0.42673468114633484,0.6564
check,z3.0_v3.0_b0.6_sync,sync,60,12,btc,continue,149,21,-16.812247589930607,-16.396899223327637,0.4429530201342282,-7.501066803132127,-9.311180786798468,-0.5761295620184917,0.4477
check,z3.0_v3.0_b0.6_sync,sync,60,12,btc,reverse,149,21,-23.187752410069425,-23.603100776672363,0.44966442953020136,-32.498933196867874,9.311180786798458,0.5761295620184912,0.4477
check,z3.0_v3.0_b0.6_sync,sync,60,12,eth,continue,149,21,-1.0534835661817896,-20.956058502197266,0.47651006711409394,-2.4036635808496665,1.350180014667886,0.0539351497194158,0.9498
check,z3.0_v3.0_b0.6_sync,sync,60,12,eth,reverse,149,21,-38.946516433818246,-19.043941497802734,0.42953020134228187,-37.59633641915034,-1.3501800146679022,-0.05393514971941645,0.9498
check,z3.0_v3.0_b0.75_sync,sync,5,1,alts,continue,1100,21,-18.5571444793181,-23.174352645874023,0.25,-19.99562792236155,1.4384834430434488,0.922069037747925,0.4034
check,z3.0_v3.0_b0.75_sync,sync,5,1,alts,reverse,1100,21,-21.442855520681903,-16.825647354125977,0.26454545454545453,-20.00437207763845,-1.4384834430434488,-0.922069037747925,0.4034
check,z3.0_v3.0_b0.75_sync,sync,5,1,btc,continue,1100,21,-19.676846374164928,-22.24471092224121,0.16818181818181818,-20.013614892959595,0.3367685187946666,0.39492518552695055,0.72
check,z3.0_v3.0_b0.75_sync,sync,5,1,btc,reverse,1100,21,-20.323153625835072,-17.75528907775879,0.1709090909090909,-19.9863851070404,-0.3367685187946666,-0.39492518552695055,0.72
check,z3.0_v3.0_b0.75_sync,sync,5,1,eth,continue,1100,21,-20.083215670152146,-24.62651252746582,0.23,-19.97836050662128,-0.10485516353087007,-0.0794429113006483,0.938
check,z3.0_v3.0_b0.75_sync,sync,5,1,eth,reverse,1100,21,-19.916784329847857,-15.37348747253418,0.26636363636363636,-20.021639493378725,0.10485516353086989,0.07944291130064815,0.938
check,z3.0_v3.0_b0.75_sync,sync,5,3,alts,continue,1100,21,-20.00924096324227,-23.586930036544803,0.28545454545454546,-19.903420642831104,-0.10582032041116254,-0.048776155022937,0.9605
check,z3.0_v3.0_b0.75_sync,sync,5,3,alts,reverse,1100,21,-19.99075903675773,-16.4130699634552,0.3418181818181818,-20.096579357168892,0.10582032041116136,0.04877615502293646,0.9605
check,z3.0_v3.0_b0.75_sync,sync,5,3,btc,continue,1100,21,-19.699173190376975,-23.494322299957275,0.21363636363636362,-19.912957359444015,0.21378416906703593,0.16534976947966074,0.8495
check,z3.0_v3.0_b0.75_sync,sync,5,3,btc,reverse,1100,21,-20.300826809623025,-16.505677700042725,0.2545454545454545,-20.08704264055599,-0.21378416906703632,-0.16534976947966107,0.8495
check,z3.0_v3.0_b0.75_sync,sync,5,3,eth,continue,1100,21,-19.134016578847714,-25.52952289581299,0.2690909090909091,-19.88541294227947,0.7513963634317568,0.39358270739112106,0.6046
check,z3.0_v3.0_b0.75_sync,sync,5,3,eth,reverse,1100,21,-20.865983421152286,-14.470477104187012,0.34,-20.114587057720534,-0.7513963634317581,-0.3935827073911218,0.6046
check,z3.0_v3.0_b0.75_sync,sync,5,6,alts,continue,1100,21,-14.352501934224907,-22.57149338722229,0.3527272727272727,-20.129454979571435,5.77695304534652,1.2588777032550285,0.1659
check,z3.0_v3.0_b0.75_sync,sync,5,6,alts,reverse,1100,21,-25.64749806577509,-17.42850661277771,0.37727272727272726,-19.87054502042857,-5.776953045346521,-1.2588777032550287,0.1659
check,z3.0_v3.0_b0.75_sync,sync,5,6,btc,continue,1100,21,-17.550373727625068,-21.746714115142822,0.29454545454545455,-20.050186894156717,2.4998131665316494,1.393927678731049,0.0536
check,z3.0_v3.0_b0.75_sync,sync,5,6,btc,reverse,1100,21,-22.449626272374935,-18.253285884857178,0.2918181818181818,-19.949813105843283,-2.4998131665316503,-1.3939276787310495,0.0536
check,z3.0_v3.0_b0.75_sync,sync,5,6,eth,continue,1100,21,-15.52117586135865,-24.457831382751465,0.32636363636363636,-20.086517306891356,4.565341445532712,1.715233781230164,0.0194
check,z3.0_v3.0_b0.75_sync,sync,5,6,eth,reverse,1100,21,-24.478824138641368,-15.542168617248535,0.3609090909090909,-19.913482693108644,-4.565341445532713,-1.7152337812301643,0.0194
check,z3.0_v3.0_b0.75_sync,sync,5,12,alts,continue,1100,21,-14.693710142915899,-20.60007572174072,0.40454545454545454,-20.312159098278393,5.618448955362494,1.3742074657636516,0.1972
check,z3.0_v3.0_b0.75_sync,sync,5,12,alts,reverse,1100,21,-25.3062898570841,-19.399924278259277,0.3972727272727273,-19.687840901721607,-5.618448955362494,-1.3742074657636516,0.1972
check,z3.0_v3.0_b0.75_sync,sync,5,12,btc,continue,1100,21,-17.508059848438613,-21.741647720336914,0.34,-20.088072852654893,2.58001300421628,1.12628953050705,0.1603
check,z3.0_v3.0_b0.75_sync,sync,5,12,btc,reverse,1100,21,-22.4919401515614,-18.258352279663086,0.3390909090909091,-19.911927147345114,-2.5800130042162817,-1.1262895305070506,0.1603
check,z3.0_v3.0_b0.75_sync,sync,5,12,eth,continue,1100,21,-16.41512632369996,-22.814829349517822,0.3663636363636364,-20.064324736595154,3.649198412895201,1.116550178067577,0.1324
check,z3.0_v3.0_b0.75_sync,sync,5,12,eth,reverse,1100,21,-23.584873676300056,-17.185170650482178,0.41363636363636364,-19.935675263404846,-3.6491984128952044,-1.1165501780675782,0.1324
check,z3.0_v3.0_b0.75_sync,sync,15,1,alts,continue,431,21,-15.034721030436646,-23.210783004760746,0.35266821345707655,-19.852217142653853,4.8174961122172055,1.3433865027718468,0.24
check,z3.0_v3.0_b0.75_sync,sync,15,1,alts,reverse,431,21,-24.965278969563357,-16.789216995239258,0.33178654292343385,-20.147782857346147,-4.817496112217206,-1.343386502771847,0.24
check,z3.0_v3.0_b0.75_sync,sync,15,1,btc,continue,431,21,-15.337939041119995,-22.52068042755127,0.31554524361948955,-19.734983574210073,4.397044533090082,1.8070251811922877,0.0339
check,z3.0_v3.0_b0.75_sync,sync,15,1,btc,reverse,431,21,-24.662060958880016,-17.47931957244873,0.2737819025522042,-20.265016425789923,-4.3970445330900825,-1.807025181192288,0.0339
check,z3.0_v3.0_b0.75_sync,sync,15,1,eth,continue,431,21,-12.042944492154225,-24.398822784423828,0.35498839907192575,-19.640141175130683,7.597196682976458,2.2072599157726716,0.0082
check,z3.0_v3.0_b0.75_sync,sync,15,1,eth,reverse,431,21,-27.957055507845787,-15.601177215576172,0.31554524361948955,-20.35985882486932,-7.597196682976461,-2.207259915772672,0.0082
check,z3.0_v3.0_b0.75_sync,sync,15,3,alts,continue,431,21,-14.932262443887659,-16.208226680755615,0.41067285382830626,-19.882316583678143,4.95005413979048,0.9275033863841151,0.3053
check,z3.0_v3.0_b0.75_sync,sync,15,3,alts,reverse,431,21,-25.067737556112338,-23.791773319244385,0.382830626450116,-20.117683416321857,-4.950054139790479,-0.9275033863841149,0.3053
check,z3.0_v3.0_b0.75_sync,sync,15,3,btc,continue,431,21,-16.052728728185958,-16.84453010559082,0.3689095127610209,-19.931903018053525,3.879174289867575,1.07348768941164,0.2244
check,z3.0_v3.0_b0.75_sync,sync,15,3,btc,reverse,431,21,-23.947271271814056,-23.15546989440918,0.31322505800464034,-20.068096981946475,-3.8791742898675756,-1.07348768941164,0.2244
check,z3.0_v3.0_b0.75_sync,sync,15,3,eth,continue,431,21,-8.07767704302087,-14.177818298339844,0.43155452436194897,-19.78073647511662,11.703059432095754,2.204773019104511,0.0168
check,z3.0_v3.0_b0.75_sync,sync,15,3,eth,reverse,431,21,-31.92232295697915,-25.822181701660156,0.3689095127610209,-20.219263524883377,-11.703059432095754,-2.204773019104511,0.0168
check,z3.0_v3.0_b0.75_sync,sync,15,6,alts,continue,431,21,-6.951921793811562,-14.838070869445803,0.4361948955916473,-19.32324806147988,12.37132626766832,1.542891386699459,0.1017
check,z3.0_v3.0_b0.75_sync,sync,15,6,alts,reverse,431,21,-33.048078206188436,-25.1619291305542,0.3990719257540603,-20.676751938520123,-12.37132626766832,-1.5428913866994587,0.1017
check,z3.0_v3.0_b0.75_sync,sync,15,6,btc,continue,431,21,-10.959446834024318,-17.07639217376709,0.3874709976798144,-19.52491165473939,8.565464820715079,1.6911044417325538,0.0619
check,z3.0_v3.0_b0.75_sync,sync,15,6,btc,reverse,431,21,-29.0405531659757,-22.92360782623291,0.3271461716937355,-20.47508834526061,-8.565464820715082,-1.6911044417325547,0.0619
check,z3.0_v3.0_b0.75_sync,sync,15,6,eth,continue,431,21,1.5892766855155684,-13.857145309448242,0.44547563805104406,-19.16533898529894,20.75461567081452,2.6750053884659466,0.0029
check,z3.0_v3.0_b0.75_sync,sync,15,6,eth,reverse,431,21,-41.58927668551559,-26.142854690551758,0.37122969837587005,-20.834661014701062,-20.75461567081452,-2.6750053884659466,0.0029
check,z3.0_v3.0_b0.75_sync,sync,15,12,alts,continue,431,21,-8.019432075615548,-20.091671943664554,0.42691415313225056,-18.209501133833868,10.190069058218315,0.9090037560520285,0.4638
check,z3.0_v3.0_b0.75_sync,sync,15,12,alts,reverse,431,21,-31.980567924384456,-19.90832805633545,0.4361948955916473,-21.790498866166136,-10.19006905821832,-0.9090037560520291,0.4638
check,z3.0_v3.0_b0.75_sync,sync,15,12,btc,continue,431,21,-8.135143665039356,-18.297691345214844,0.43155452436194897,-18.97938000149948,10.844236336460128,1.6997006772100576,0.0718
check,z3.0_v3.0_b0.75_sync,sync,15,12,btc,reverse,431,21,-31.864856334960667,-21.702308654785156,0.37587006960556846,-21.02061999850052,-10.844236336460131,-1.6997006772100578,0.0718
check,z3.0_v3.0_b0.75_sync,sync,15,12,eth,continue,431,21,3.608452482732417,-12.916584014892578,0.4593967517401392,-18.102500705378937,21.710953188111368,2.2746005888495238,0.0151
check,z3.0_v3.0_b0.75_sync,sync,15,12,eth,reverse,431,21,-43.608452482732446,-27.083415985107422,0.41299303944315546,-21.897499294621063,-21.710953188111375,-2.2746005888495247,0.0151
check,z3.0_v3.0_b0.75_sync,sync,30,1,alts,continue,263,21,-23.88958236563795,-23.20981740951538,0.38022813688212925,-19.05005121865653,-4.839531146981418,-0.7205888776190423,0.4128
check,z3.0_v3.0_b0.75_sync,sync,30,1,alts,reverse,263,21,-16.11041763436205,-16.79018259048462,0.41825095057034223,-20.949948781343473,4.83953114698142,0.7205888776190427,0.4128
check,z3.0_v3.0_b0.75_sync,sync,30,1,btc,continue,263,21,-15.18408294866294,-18.508691787719727,0.3612167300380228,-19.2803145950738,4.096231646410866,0.969205662005836,0.2853
check,z3.0_v3.0_b0.75_sync,sync,30,1,btc,reverse,263,21,-24.81591705133707,-21.491308212280273,0.34220532319391633,-20.719685404926203,-4.096231646410867,-0.9692056620058362,0.2853
check,z3.0_v3.0_b0.75_sync,sync,30,1,eth,continue,263,21,-13.066069291118442,-22.009868621826172,0.39543726235741444,-19.376400795273007,6.310331504154567,1.0607883435186627,0.2893
check,z3.0_v3.0_b0.75_sync,sync,30,1,eth,reverse,263,21,-26.933930708881576,-17.990131378173828,0.39543726235741444,-20.623599204727004,-6.310331504154569,-1.060788343518663,0.2893
check,z3.0_v3.0_b0.75_sync,sync,30,3,alts,continue,263,21,-7.947533339148689,-14.706404209136963,0.43346007604562736,-17.56369962438431,9.616166285235618,1.027148806941636,0.1802
check,z3.0_v3.0_b0.75_sync,sync,30,3,alts,reverse,263,21,-32.05246666085131,-25.293595790863037,0.4220532319391635,-22.43630037561569,-9.616166285235622,-1.0271488069416361,0.1802
check,z3.0_v3.0_b0.75_sync,sync,30,3,btc,continue,263,21,-7.67794311726502,-13.374347686767578,0.42585551330798477,-18.86222348013758,11.184280362872569,1.8585929247450241,0.0063
check,z3.0_v3.0_b0.75_sync,sync,30,3,btc,reverse,263,21,-32.322056882735,-26.625652313232422,0.30798479087452474,-21.13777651986242,-11.184280362872572,-1.8585929247450246,0.0063
check,z3.0_v3.0_b0.75_sync,sync,30,3,eth,continue,263,21,-2.156631157878696,-8.868236541748047,0.4600760456273764,-17.97128305235743,15.814651894478738,1.7408016592789946,0.0051
check,z3.0_v3.0_b0.75_sync,sync,30,3,eth,reverse,263,21,-37.84336884212132,-31.131763458251953,0.33840304182509506,-22.02871694764257,-15.814651894478743,-1.740801659278995,0.0051
check,z3.0_v3.0_b0.75_sync,sync,30,6,alts,continue,263,21,-12.121993996797862,-16.055328845977783,0.4448669201520912,-15.342129530108926,3.2201355333110686,0.2658743218584089,0.7709
check,z3.0_v3.0_b0.75_sync,sync,30,6,alts,reverse,263,21,-27.87800600320214,-23.944671154022217,0.4220532319391635,-24.657870469891076,-3.2201355333110717,-0.26587432185840915,0.7709
check,z3.0_v3.0_b0.75_sync,sync,30,6,btc,continue,263,21,-9.072141085287473,-9.652633666992188,0.4448669201520912,-18.114007054172994,9.041865968885528,1.22764151013451,0.152
check,z3.0_v3.0_b0.75_sync,sync,30,6,btc,reverse,263,21,-30.927858914712548,-30.347366333007812,0.3916349809885932,-21.885992945827006,-9.041865968885535,-1.2276415101345108,0.152
check,z3.0_v3.0_b0.75_sync,sync,30,6,eth,continue,263,21,3.660120401998877,-14.275569915771484,0.4600760456273764,-16.741151968335924,20.40127237033481,1.7237787310391883,0.0731
check,z3.0_v3.0_b0.75_sync,sync,30,6,eth,reverse,263,21,-43.6601204019989,-25.724430084228516,0.40304182509505704,-23.258848031664076,-20.40127237033482,-1.723778731039189,0.0731
check,z3.0_v3.0_b0.75_sync,sync,30,12,alts,continue,263,21,7.28941998101006,-5.807859897613526,0.4866920152091255,-11.758951252404271,19.048371233414336,0.9254556924324604,0.4347
check,z3.0_v3.0_b0.75_sync,sync,30,12,alts,reverse,263,21,-47.289419981010056,-34.192140102386475,0.43346007604562736,-28.241048747595727,-19.048371233414336,-0.9254556924324604,0.4347
check,z3.0_v3.0_b0.75_sync,sync,30,12,btc,continue,263,21,-8.419026023081514,-13.096590042114258,0.43346007604562736,-17.736745460858362,9.317719437776857,0.9269307529206177,0.2983
check,z3.0_v3.0_b0.75_sync,sync,30,12,btc,reverse,263,21,-31.58097397691851,-26.903409957885742,0.39923954372623577,-22.263254539141634,-9.317719437776866,-0.9269307529206186,0.2983
check,z3.0_v3.0_b0.75_sync,sync,30,12,eth,continue,263,21,15.387805659508055,-15.897412300109863,0.46387832699619774,-15.260466300942598,30.648271960450657,1.9094632114878494,0.04
check,z3.0_v3.0_b0.75_sync,sync,30,12,eth,reverse,263,21,-55.38780565950809,-24.102587699890137,0.4220532319391635,-24.739533699057404,-30.648271960450668,-1.90946321148785,0.04
check,z3.0_v3.0_b0.75_sync,sync,60,1,alts,continue,144,21,-14.000785880618626,-27.522058486938477,0.4097222222222222,-18.957662843167782,4.956876962549155,0.3241274294356809,0.82
check,z3.0_v3.0_b0.75_sync,sync,60,1,alts,reverse,144,21,-25.999214119381374,-12.477941513061525,0.4652777777777778,-21.042337156832218,-4.956876962549159,-0.3241274294356811,0.82
check,z3.0_v3.0_b0.75_sync,sync,60,1,btc,continue,144,21,-16.916862825552627,-22.44438648223877,0.3611111111111111,-18.736872441238827,1.8200096156862042,0.24647194837991115,0.814
check,z3.0_v3.0_b0.75_sync,sync,60,1,btc,reverse,144,21,-23.083137174447387,-17.55561351776123,0.3541666666666667,-21.263127558761173,-1.8200096156862053,-0.2464719483799113,0.814
check,z3.0_v3.0_b0.75_sync,sync,60,1,eth,continue,144,21,-18.89577428499858,-23.68952751159668,0.3611111111111111,-18.1021440277497,-0.7936302572488791,-0.07782300015817992,0.9454
check,z3.0_v3.0_b0.75_sync,sync,60,1,eth,reverse,144,21,-21.104225715001434,-16.31047248840332,0.4097222222222222,-21.897855972250305,0.7936302572488757,0.07782300015817958,0.9454
check,z3.0_v3.0_b0.75_sync,sync,60,3,alts,continue,144,21,-14.452731973595093,-24.415571689605716,0.4166666666666667,-16.882430666850674,2.429698693255579,0.12953832557891914,0.9058
check,z3.0_v3.0_b0.75_sync,sync,60,3,alts,reverse,144,21,-25.54726802640491,-15.584428310394287,0.4166666666666667,-23.117569333149326,-2.429698693255586,-0.12953832557891948,0.9058
check,z3.0_v3.0_b0.75_sync,sync,60,3,btc,continue,144,21,-19.937319921122665,-22.04235315322876,0.3958333333333333,-16.42718955874443,-3.5101303623782294,-0.3405222706022428,0.7042
check,z3.0_v3.0_b0.75_sync,sync,60,3,btc,reverse,144,21,-20.062680078877353,-17.95764684677124,0.4375,-23.57281044125557,3.5101303623782263,0.34052227060224255,0.7042
check,z3.0_v3.0_b0.75_sync,sync,60,3,eth,continue,144,21,-12.675586707062202,-24.22537326812744,0.4305555555555556,-15.02496918042501,2.3493824733628075,0.16038599772315598,0.8725
check,z3.0_v3.0_b0.75_sync,sync,60,3,eth,reverse,144,21,-27.324413292937827,-15.774626731872559,0.4166666666666667,-24.975030819574993,-2.34938247336282,-0.16038599772315681,0.8725
check,z3.0_v3.0_b0.75_sync,sync,60,6,alts,continue,144,21,-12.21264438496696,-14.642323255538939,0.4722222222222222,-17.68225573417213,5.469611349205174,0.2516706994255676,0.7876
check,z3.0_v3.0_b0.75_sync,sync,60,6,alts,reverse,144,21,-27.787355615033043,-25.357676744461063,0.4305555555555556,-22.31774426582787,-5.469611349205181,-0.2516706994255679,0.7876
check,z3.0_v3.0_b0.75_sync,sync,60,6,btc,continue,144,21,-18.471153279145575,-27.739663124084473,0.4166666666666667,-15.708546083834436,-2.7626071953111238,-0.2138571283720022,0.7702
check,z3.0_v3.0_b0.75_sync,sync,60,6,btc,reverse,144,21,-21.528846720854453,-12.260336875915527,0.4305555555555556,-24.291453916165562,2.7626071953111166,0.21385712837200163,0.7702
check,z3.0_v3.0_b0.75_sync,sync,60,6,eth,continue,144,21,-6.916027135319198,-16.35457992553711,0.4444444444444444,-13.978134459919401,7.062107324600212,0.35186729326874866,0.6546
check,z3.0_v3.0_b0.75_sync,sync,60,6,eth,reverse,144,21,-33.08397286468084,-23.64542007446289,0.4097222222222222,-26.0218655400806,-7.0621073246002215,-0.35186729326874916,0.6546
check,z3.0_v3.0_b0.75_sync,sync,60,12,alts,continue,144,21,-16.82639953162936,-4.467113018035889,0.4791666666666667,-12.851115502417093,-3.9752840292122666,-0.15361547274788306,0.8587
check,z3.0_v3.0_b0.75_sync,sync,60,12,alts,reverse,144,21,-23.173600468370655,-35.53288698196411,0.4236111111111111,-27.14888449758291,3.975284029212256,0.15361547274788265,0.8587
check,z3.0_v3.0_b0.75_sync,sync,60,12,btc,continue,144,21,-15.159022510051738,-14.542896747589111,0.4513888888888889,-9.892834383580423,-5.266188126471309,-0.3272152588530043,0.5876
check,z3.0_v3.0_b0.75_sync,sync,60,12,btc,reverse,144,21,-24.840977489948287,-25.45710325241089,0.4375,-30.10716561641958,5.266188126471302,0.32721525885300384,0.5876
check,z3.0_v3.0_b0.75_sync,sync,60,12,eth,continue,144,21,0.34143855174380755,-3.2928180694580083,0.4930555555555556,-4.42883085873392,4.770269410477733,0.19407983075196333,0.7941
check,z3.0_v3.0_b0.75_sync,sync,60,12,eth,reverse,144,21,-40.34143855174384,-36.70718193054199,0.4166666666666667,-35.57116914126608,-4.7702694104777486,-0.194079830751964,0.7941
check,z3.0_v3.0_lead,lead,5,1,alts,continue,2,2,-9.069783687591553,-9.069783687591553,0.5,-18.588668704032898,9.518885016441345,,0.4992
check,z3.0_v3.0_lead,lead,5,1,alts,reverse,2,2,-30.930216312408447,-30.930216312408447,0.0,-21.4113312959671,-9.518885016441343,,0.4992
check,z3.0_v3.0_lead,lead,5,1,btc,continue,2,2,-13.994534015655518,-13.994534015655518,0.5,-20.61328709125519,6.61875307559967,,1.0
check,z3.0_v3.0_lead,lead,5,1,btc,reverse,2,2,-26.005465984344482,-26.005465984344482,0.0,-19.386712908744812,-6.61875307559967,,1.0
check,z3.0_v3.0_lead,lead,5,1,eth,continue,2,2,-19.971091747283936,-19.971091747283936,0.5,-20.86185336112976,0.8907616138458256,,1.0
check,z3.0_v3.0_lead,lead,5,1,eth,reverse,2,2,-20.028908252716064,-20.028908252716064,0.5,-19.13814663887024,-0.8907616138458256,,1.0
check,z3.0_v3.0_lead,lead,5,3,alts,continue,2,2,-3.2696139812469487,-3.2696139812469487,0.5,-19.21449452638626,15.944880545139315,,1.0
check,z3.0_v3.0_lead,lead,5,3,alts,reverse,2,2,-36.73038601875305,-36.73038601875305,0.0,-20.78550547361374,-15.944880545139311,,1.0
check,z3.0_v3.0_lead,lead,5,3,btc,continue,2,2,-9.801347255706787,-9.801347255706787,0.5,-20.829637050628662,11.028289794921873,,1.0
check,z3.0_v3.0_lead,lead,5,3,btc,reverse,2,2,-30.198652744293213,-30.198652744293213,0.5,-19.170362949371338,-11.028289794921873,,1.0
check,z3.0_v3.0_lead,lead,5,3,eth,continue,2,2,-2.2852015495300297,-2.2852015495300297,0.5,-19.64842200279236,17.36322045326233,,1.0
check,z3.0_v3.0_lead,lead,5,3,eth,reverse,2,2,-37.71479845046997,-37.71479845046997,0.0,-20.35157799720764,-17.36322045326233,,1.0
check,z3.0_v3.0_lead,lead,5,6,alts,continue,2,2,10.812829732894896,10.812829732894896,0.5,-19.794694781303406,30.607524514198303,,0.4992
check,z3.0_v3.0_lead,lead,5,6,alts,reverse,2,2,-50.812829732894905,-50.812829732894905,0.0,-20.205305218696594,-30.607524514198303,,0.4992
check,z3.0_v3.0_lead,lead,5,6,btc,continue,2,2,-17.49898910522461,-17.49898910522461,0.5,-22.468451857566833,4.969462752342224,,1.0
check,z3.0_v3.0_lead,lead,5,6,btc,reverse,2,2,-22.50101089477539,-22.50101089477539,0.5,-17.531548142433167,-4.969462752342224,,1.0
check,z3.0_v3.0_lead,lead,5,6,eth,continue,2,2,-3.588159084320069,-3.588159084320069,0.5,-23.77023220062256,20.18207311630249,,0.4992
check,z3.0_v3.0_lead,lead,5,6,eth,reverse,2,2,-36.41184091567993,-36.41184091567993,0.0,-16.22976779937744,-20.18207311630249,,0.4992
check,z3.0_v3.0_lead,lead,5,12,alts,continue,2,2,16.605894565582275,16.605894565582275,0.5,-12.950214147567749,29.556108713150024,,0.4992
check,z3.0_v3.0_lead,lead,5,12,alts,reverse,2,2,-56.605894565582275,-56.605894565582275,0.0,-27.049785852432247,-29.556108713150028,,0.4992
check,z3.0_v3.0_lead,lead,5,12,btc,continue,2,2,-17.67392873764038,-17.67392873764038,0.5,-17.713893651962284,0.03996491432189681,,1.0
check,z3.0_v3.0_lead,lead,5,12,btc,reverse,2,2,-22.32607126235962,-22.32607126235962,0.5,-22.28610634803772,-0.03996491432189681,,1.0
check,z3.0_v3.0_lead,lead,5,12,eth,continue,2,2,7.835965156555176,7.835965156555176,0.5,-18.70021641254425,26.536181569099426,,0.4992
check,z3.0_v3.0_lead,lead,5,12,eth,reverse,2,2,-47.835965156555176,-47.835965156555176,0.0,-21.299783587455753,-26.536181569099426,,0.4992
select,z2.0_v2.0_b0.6_sync,sync,5,1,alts,continue,3172,24,-19.70925688969082,-21.763206720352173,0.21279949558638084,-19.955041671235204,0.24578478154438554,0.2761561804492001,0.7819
select,z2.0_v2.0_b0.6_sync,sync,5,1,alts,reverse,3172,24,-20.29074311030918,-18.236793279647827,0.24148802017654478,-20.0449583287648,-0.24578478154438596,-0.2761561804492006,0.7819
select,z2.0_v2.0_b0.6_sync,sync,5,1,btc,continue,3172,24,-20.92571312361979,-22.757906913757324,0.1330390920554855,-19.925302132531943,-1.0004109910878378,-2.0259943906237496,0.0823
select,z2.0_v2.0_b0.6_sync,sync,5,1,btc,reverse,3172,24,-19.074286876380224,-17.242093086242676,0.14596469104665827,-20.074697867468057,1.0004109910878378,2.0259943906237496,0.0823
select,z2.0_v2.0_b0.6_sync,sync,5,1,eth,continue,3172,24,-20.365342836812953,-23.38345766067505,0.1585750315258512,-19.855511332069337,-0.5098315047436073,-0.8960933182497736,0.3883
select,z2.0_v2.0_b0.6_sync,sync,5,1,eth,reverse,3172,24,-19.634657163187057,-16.61654233932495,0.16424968474148802,-20.14448866793066,0.5098315047436071,0.8960933182497732,0.3883
select,z2.0_v2.0_b0.6_sync,sync,5,3,alts,continue,3172,24,-19.601735447123556,-22.725595235824585,0.28846153846153844,-19.846277591334317,0.24454214421076215,0.1852573112320774,0.8519
select,z2.0_v2.0_b0.6_sync,sync,5,3,alts,reverse,3172,24,-20.398264552876448,-17.274404764175415,0.33921815889029006,-20.153722408665686,-0.24454214421076295,-0.185257311232078,0.8519
select,z2.0_v2.0_b0.6_sync,sync,5,3,btc,continue,3172,24,-20.0041980686284,-23.276467323303223,0.20081967213114754,-19.801884768213633,-0.20231330041476486,-0.26288468686817595,0.8123
select,z2.0_v2.0_b0.6_sync,sync,5,3,btc,reverse,3172,24,-19.995801931371613,-16.723532676696777,0.23581336696090793,-20.198115231786375,0.20231330041476445,0.2628846868681754,0.8123
select,z2.0_v2.0_b0.6_sync,sync,5,3,eth,continue,3172,24,-19.457454546102216,-23.93211841583252,0.21784363177805802,-19.75899560905495,0.3015410629527414,0.3559091327054657,0.7204
select,z2.0_v2.0_b0.6_sync,sync,5,3,eth,reverse,3172,24,-20.542545453897798,-16.06788158416748,0.2764817150063052,-20.24100439094505,-0.30154106295274213,-0.35590913270546654,0.7204
select,z2.0_v2.0_b0.6_sync,sync,5,6,alts,continue,3172,24,-21.96369757117119,-26.062185764312748,0.31399747793190413,-19.90401633769687,-2.0596812334743158,-1.3233113844174653,0.2007
select,z2.0_v2.0_b0.6_sync,sync,5,6,alts,reverse,3172,24,-18.036302428828815,-13.937814235687256,0.39186633039092056,-20.09598366230313,2.059681233474315,1.3233113844174649,0.2007
select,z2.0_v2.0_b0.6_sync,sync,5,6,btc,continue,3172,24,-21.394489373715803,-25.178451538085938,0.2310844892812106,-19.864010415116297,-1.5304789585995047,-1.5628670910012596,0.126
select,z2.0_v2.0_b0.6_sync,sync,5,6,btc,reverse,3172,24,-18.605510626284207,-14.821548461914062,0.2972887767969735,-20.13598958488371,1.530478958599504,1.562867091001259,0.126
select,z2.0_v2.0_b0.6_sync,sync,5,6,eth,continue,3172,24,-20.684022302134498,-25.627572536468506,0.24401008827238335,-19.753217566359087,-0.9308047357754028,-0.8465004559454697,0.3264
select,z2.0_v2.0_b0.6_sync,sync,5,6,eth,reverse,3172,24,-19.315977697865517,-14.372427463531494,0.32471626733921816,-20.246782433640913,0.9308047357754023,0.8465004559454692,0.3264
select,z2.0_v2.0_b0.6_sync,sync,5,12,alts,continue,3172,24,-20.818808089288762,-28.347940444946293,0.349936948297604,-19.706954863415692,-1.1118532258730682,-0.4931267151677976,0.5837
select,z2.0_v2.0_b0.6_sync,sync,5,12,alts,reverse,3172,24,-19.181191910711245,-11.652059555053711,0.4344262295081967,-20.293045136584308,1.1118532258730676,0.49312671516779727,0.5837
select,z2.0_v2.0_b0.6_sync,sync,5,12,btc,continue,3172,24,-20.89288002154867,-26.221234798431396,0.27112232030264816,-19.67242795198893,-1.2204520695597352,-0.8932569755477635,0.2897
select,z2.0_v2.0_b0.6_sync,sync,5,12,btc,reverse,3172,24,-19.107119978451344,-13.778765201568604,0.35498108448928123,-20.327572048011074,1.2204520695597338,0.8932569755477625,0.2897
select,z2.0_v2.0_b0.6_sync,sync,5,12,eth,continue,3172,24,-20.265096167447744,-27.69495964050293,0.2859394703656999,-19.527182472308375,-0.7379136951393624,-0.4735502192075084,0.545
select,z2.0_v2.0_b0.6_sync,sync,5,12,eth,reverse,3172,24,-19.734903832552266,-12.30504035949707,0.3805170239596469,-20.472817527691628,0.7379136951393614,0.4735502192075078,0.545
select,z2.0_v2.0_b0.6_sync,sync,15,1,alts,continue,1144,24,-18.67971418620823,-23.328502178192142,0.29632867132867136,-20.01117715937691,1.3314629731686787,0.5111422953373647,0.6169
select,z2.0_v2.0_b0.6_sync,sync,15,1,alts,reverse,1144,24,-21.320285813791767,-16.67149782180786,0.3487762237762238,-19.988822840623087,-1.3314629731686802,-0.5111422953373651,0.6169
select,z2.0_v2.0_b0.6_sync,sync,15,1,btc,continue,1144,24,-19.157834303128972,-24.1353702545166,0.2298951048951049,-20.085197753839562,0.9273634507105899,0.5841338681158039,0.5488
select,z2.0_v2.0_b0.6_sync,sync,15,1,btc,reverse,1144,24,-20.84216569687103,-15.864629745483398,0.25,-19.91480224616044,-0.9273634507105909,-0.5841338681158046,0.5488
select,z2.0_v2.0_b0.6_sync,sync,15,1,eth,continue,1144,24,-18.24417585676367,-25.429387092590332,0.2491258741258741,-20.203145003610555,1.9589691468468904,1.1239248928913121,0.2043
select,z2.0_v2.0_b0.6_sync,sync,15,1,eth,reverse,1144,24,-21.755824143236335,-14.570612907409668,0.28321678321678323,-19.796854996389445,-1.958969146846892,-1.123924892891313,0.2043
select,z2.0_v2.0_b0.6_sync,sync,15,3,alts,continue,1144,24,-22.924985662623715,-27.800447940826412,0.3531468531468531,-20.022327064738406,-2.902658597885312,-0.8611172048915253,0.3775
select,z2.0_v2.0_b0.6_sync,sync,15,3,alts,reverse,1144,24,-17.075014337376285,-12.199552059173584,0.4318181818181818,-19.97767293526159,2.902658597885311,0.861117204891525,0.3775
select,z2.0_v2.0_b0.6_sync,sync,15,3,btc,continue,1144,24,-20.505028487919095,-25.4091215133667,0.2770979020979021,-20.182262667409194,-0.32276582050990515,-0.14012092991691943,0.8649
select,z2.0_v2.0_b0.6_sync,sync,15,3,btc,reverse,1144,24,-19.49497151208091,-14.5908784866333,0.3522727272727273,-19.81773733259081,0.32276582050990366,0.14012092991691877,0.8649
select,z2.0_v2.0_b0.6_sync,sync,15,3,eth,continue,1144,24,-21.224676420638616,-28.258521556854248,0.2928321678321678,-20.453891141431313,-0.7707852792072972,-0.3146411593422456,0.6935
select,z2.0_v2.0_b0.6_sync,sync,15,3,eth,reverse,1144,24,-18.77532357936139,-11.741478443145752,0.3881118881118881,-19.546108858568687,0.7707852792072951,0.3146411593422447,0.6935
select,z2.0_v2.0_b0.6_sync,sync,15,6,alts,continue,1144,24,-24.243641299801276,-33.13457489013672,0.3557692307692308,-19.75751177518518,-4.486129524616096,-0.9747255622588716,0.438
select,z2.0_v2.0_b0.6_sync,sync,15,6,alts,reverse,1144,24,-15.756358700198732,-6.865425109863282,0.46853146853146854,-20.242488224814824,4.486129524616094,0.9747255622588711,0.438
select,z2.0_v2.0_b0.6_sync,sync,15,6,btc,continue,1144,24,-20.534521845670856,-26.896257400512695,0.32342657342657344,-19.973336586377005,-0.5611852592938438,-0.19101597892110672,0.8553
select,z2.0_v2.0_b0.6_sync,sync,15,6,btc,reverse,1144,24,-19.46547815432916,-13.103742599487305,0.40734265734265734,-20.026663413623,0.561185259293841,0.19101597892110578,0.8553
select,z2.0_v2.0_b0.6_sync,sync,15,6,eth,continue,1144,24,-23.070711464315035,-31.689364910125732,0.32342657342657344,-20.211249255425447,-2.8594622088895836,-0.8220671392195317,0.3823
select,z2.0_v2.0_b0.6_sync,sync,15,6,eth,reverse,1144,24,-16.92928853568498,-8.310635089874268,0.4396853146853147,-19.78875074457455,2.8594622088895796,0.8220671392195306,0.3823
select,z2.0_v2.0_b0.6_sync,sync,15,12,alts,continue,1144,24,-24.208512010274237,-32.25036382675171,0.38461538461538464,-18.991643271141953,-5.216868739132281,-0.9021379032019037,0.4972
select,z2.0_v2.0_b0.6_sync,sync,15,12,alts,reverse,1144,24,-15.79148798972577,-7.749636173248292,0.4772727272727273,-21.00835672885805,5.216868739132279,0.9021379032019031,0.4972
select,z2.0_v2.0_b0.6_sync,sync,15,12,btc,continue,1144,24,-17.643823181832598,-29.0143084526062,0.3513986013986014,-19.523499055759057,1.8796758739264678,0.5090414591887158,0.6218
select,z2.0_v2.0_b0.6_sync,sync,15,12,btc,reverse,1144,24,-22.356176818167423,-10.985691547393799,0.44143356643356646,-20.476500944240946,-1.8796758739264718,-0.5090414591887168,0.6218
select,z2.0_v2.0_b0.6_sync,sync,15,12,eth,continue,1144,24,-18.91332865178169,-31.357665061950684,0.361013986013986,-19.63946752510704,0.7261388733253602,0.16968786243280895,0.8735
select,z2.0_v2.0_b0.6_sync,sync,15,12,eth,reverse,1144,24,-21.086671348218328,-8.642334938049316,0.4606643356643357,-20.360532474892956,-0.7261388733253636,-0.16968786243280976,0.8735
select,z2.0_v2.0_b0.6_sync,sync,30,1,alts,continue,653,24,-21.579608924538583,-27.510662078857425,0.33690658499234305,-19.237196368791423,-2.3424125557471567,-0.5827879588477377,0.4211
select,z2.0_v2.0_b0.6_sync,sync,30,1,alts,reverse,653,24,-18.42039107546142,-12.489337921142578,0.4119448698315467,-20.762803631208573,2.3424125557471567,0.5827879588477377,0.4211
select,z2.0_v2.0_b0.6_sync,sync,30,1,btc,continue,653,24,-18.7120485962989,-24.29987907409668,0.2787136294027565,-19.688193635590046,0.9761450392911474,0.3506094457691447,0.6493
select,z2.0_v2.0_b0.6_sync,sync,30,1,btc,reverse,653,24,-21.287951403701108,-15.70012092590332,0.32924961715160794,-20.311806364409954,-0.976145039291148,-0.35060944576914493,0.6493
select,z2.0_v2.0_b0.6_sync,sync,30,1,eth,continue,653,24,-18.15292051703788,-26.846189498901367,0.2787136294027565,-19.701807911509214,1.5488873944713348,0.5237194416300999,0.533
select,z2.0_v2.0_b0.6_sync,sync,30,1,eth,reverse,653,24,-21.84707948296213,-13.153810501098633,0.3614088820826952,-20.29819208849079,-1.5488873944713373,-0.5237194416301008,0.533
select,z2.0_v2.0_b0.6_sync,sync,30,3,alts,continue,653,24,-24.03863490997011,-31.316096782684323,0.36447166921898927,-17.41631566017729,-6.622319249792817,-1.0769141575804133,0.1989
select,z2.0_v2.0_b0.6_sync,sync,30,3,alts,reverse,653,24,-15.961365090029895,-8.683903217315676,0.4609494640122512,-22.583684339822714,6.622319249792814,1.0769141575804129,0.1989
select,z2.0_v2.0_b0.6_sync,sync,30,3,btc,continue,653,24,-17.233071151955393,-27.845759391784668,0.327718223583461,-18.76424140806038,1.5311702561049862,0.38094687427657076,0.6823
select,z2.0_v2.0_b0.6_sync,sync,30,3,btc,reverse,653,24,-22.76692884804462,-12.154240608215332,0.40428790199081166,-21.23575859193963,-1.5311702561049891,-0.3809468742765715,0.6823
select,z2.0_v2.0_b0.6_sync,sync,30,3,eth,continue,653,24,-21.085159606992015,-28.95977020263672,0.32465543644716693,-18.671237533344428,-2.4139220736475875,-0.5483649126137962,0.5031
select,z2.0_v2.0_b0.6_sync,sync,30,3,eth,reverse,653,24,-18.914840393007996,-11.040229797363281,0.444104134762634,-21.328762466655576,2.413922073647583,0.548364912613795,0.5031
select,z2.0_v2.0_b0.6_sync,sync,30,6,alts,continue,653,24,-26.104778549755153,-33.3919358253479,0.36906584992343033,-16.152450499819395,-9.952328049935755,-1.3133507028788898,0.1653
select,z2.0_v2.0_b0.6_sync,sync,30,6,alts,reverse,653,24,-13.895221450244852,-6.6080641746521005,0.4900459418070444,-23.847549500180605,9.952328049935753,1.3133507028788893,0.1653
select,z2.0_v2.0_b0.6_sync,sync,30,6,btc,continue,653,24,-15.45571632443673,-26.678104400634766,0.35987748851454826,-18.440786351836294,2.9850700273995727,0.6099051017515529,0.3785
select,z2.0_v2.0_b0.6_sync,sync,30,6,btc,reverse,653,24,-24.54428367556329,-13.321895599365234,0.42572741194486985,-21.559213648163706,-2.9850700273995776,-0.6099051017515539,0.3785
select,z2.0_v2.0_b0.6_sync,sync,30,6,eth,continue,653,24,-16.115539742100307,-32.25471496582031,0.3614088820826952,-17.980811694497174,1.8652719523968742,0.3363996580486367,0.6367
select,z2.0_v2.0_b0.6_sync,sync,30,6,eth,reverse,653,24,-23.88446025789972,-7.7452850341796875,0.44869831546707506,-22.01918830550283,-1.86527195239688,-0.33639965804863775,0.6367
select,z2.0_v2.0_b0.6_sync,sync,30,12,alts,continue,653,24,-30.26273009240354,-34.898478984832764,0.4333843797856049,-13.683427210788814,-16.57930288161472,-1.704770352616928,0.0387
select,z2.0_v2.0_b0.6_sync,sync,30,12,alts,reverse,653,24,-9.737269907596469,-5.101521015167236,0.4885145482388974,-26.316572789211186,16.579302881614712,1.704770352616927,0.0387
select,z2.0_v2.0_b0.6_sync,sync,30,12,btc,continue,653,24,-13.06362584393022,-26.344318389892578,0.4012251148545176,-16.793650969246812,3.7300251253165997,0.5789633580447751,0.3299
select,z2.0_v2.0_b0.6_sync,sync,30,12,btc,reverse,653,24,-26.936374156069807,-13.655681610107422,0.43032159264931086,-23.20634903075319,-3.730025125316607,-0.5789633580447762,0.3299
select,z2.0_v2.0_b0.6_sync,sync,30,12,eth,continue,653,24,-18.83347138146348,-28.658766746520996,0.37978560490045943,-16.170432835954255,-2.6630385455092136,-0.3627481609655728,0.5774
select,z2.0_v2.0_b0.6_sync,sync,30,12,eth,reverse,653,24,-21.16652861853655,-11.341233253479004,0.45788667687595713,-23.82956716404575,2.663038545509206,0.3627481609655717,0.5774
select,z2.0_v2.0_b0.6_sync,sync,60,1,alts,continue,374,24,-17.321189278587298,-28.816283941268924,0.3609625668449198,-19.3932528275857,2.0720635489983965,0.2788747287151275,0.791
select,z2.0_v2.0_b0.6_sync,sync,60,1,alts,reverse,374,24,-22.678810721412702,-11.183716058731079,0.4385026737967914,-20.606747172414302,-2.0720635489984,-0.2788747287151279,0.791
select,z2.0_v2.0_b0.6_sync,sync,60,1,btc,continue,374,24,-20.605772842060443,-27.009506225585938,0.2967914438502674,-19.736484518663133,-0.8692883233973057,-0.20354567686795447,0.7956
select,z2.0_v2.0_b0.6_sync,sync,60,1,btc,reverse,374,24,-19.39422715793957,-12.990493774414062,0.4090909090909091,-20.263515481336867,0.8692883233973041,0.20354567686795413,0.7956
select,z2.0_v2.0_b0.6_sync,sync,60,1,eth,continue,374,24,-23.78019988218094,-31.774003505706787,0.27807486631016043,-19.277884867739548,-4.5023150144413835,-0.9682859344032758,0.2937
select,z2.0_v2.0_b0.6_sync,sync,60,1,eth,reverse,374,24,-16.219800117819073,-8.225996494293213,0.4197860962566845,-20.72211513226045,4.502315014441381,0.9682859344032753,0.2937
select,z2.0_v2.0_b0.6_sync,sync,60,3,alts,continue,374,24,-5.797384365357183,-20.50420165061951,0.4037433155080214,-17.945683662266656,12.148299296909467,1.1491402144047704,0.1179
select,z2.0_v2.0_b0.6_sync,sync,60,3,alts,reverse,374,24,-34.20261563464282,-19.495798349380493,0.44919786096256686,-22.054316337733344,-12.148299296909476,-1.149140214404771,0.1179
select,z2.0_v2.0_b0.6_sync,sync,60,3,btc,continue,374,24,-11.218991139355834,-23.37958335876465,0.393048128342246,-19.44132215836469,8.22233101900886,1.3916266375678472,0.1
select,z2.0_v2.0_b0.6_sync,sync,60,3,btc,reverse,374,24,-28.78100886064418,-16.62041664123535,0.3983957219251337,-20.558677841635312,-8.222331019008863,-1.3916266375678477,0.1
select,z2.0_v2.0_b0.6_sync,sync,60,3,eth,continue,374,24,-9.349955224735861,-31.11656427383423,0.3502673796791444,-17.8561682656487,8.50621304091285,1.1613194859960165,0.1428
select,z2.0_v2.0_b0.6_sync,sync,60,3,eth,reverse,374,24,-30.65004477526416,-8.883435726165771,0.42780748663101603,-22.1438317343513,-8.506213040912854,-1.1613194859960172,0.1428
select,z2.0_v2.0_b0.6_sync,sync,60,6,alts,continue,374,24,-3.251200353398043,-27.442104816436768,0.4304812834224599,-14.559885403689218,11.308685050291167,0.8814316903655959,0.1983
select,z2.0_v2.0_b0.6_sync,sync,60,6,alts,reverse,374,24,-36.74879964660197,-12.557895183563234,0.4679144385026738,-25.440114596310785,-11.308685050291182,-0.881431690365597,0.1983
select,z2.0_v2.0_b0.6_sync,sync,60,6,btc,continue,374,24,-7.839093820296519,-20.072717666625977,0.41711229946524064,-17.652394647266778,9.813300826970265,1.2308682609573989,0.1551
select,z2.0_v2.0_b0.6_sync,sync,60,6,btc,reverse,374,24,-32.16090617970351,-19.927282333374023,0.4117647058823529,-22.34760535273323,-9.81330082697027,-1.2308682609573998,0.1551
select,z2.0_v2.0_b0.6_sync,sync,60,6,eth,continue,374,24,-5.565661109067552,-27.70479440689087,0.37433155080213903,-16.09563288522914,10.529971776161599,1.164857535236967,0.2109
select,z2.0_v2.0_b0.6_sync,sync,60,6,eth,reverse,374,24,-34.43433889093248,-12.29520559310913,0.45187165775401067,-23.90436711477086,-10.52997177616161,-1.1648575352369683,0.2109
select,z2.0_v2.0_b0.6_sync,sync,60,12,alts,continue,374,24,-3.5057705800163625,-18.477059602737427,0.4732620320855615,-9.213145770491124,5.707375190474766,0.3528818047280889,0.6415
select,z2.0_v2.0_b0.6_sync,sync,60,12,alts,reverse,374,24,-36.49422941998365,-21.522940397262573,0.47058823529411764,-30.786854229508872,-5.707375190474777,-0.3528818047280896,0.6415
select,z2.0_v2.0_b0.6_sync,sync,60,12,btc,continue,374,24,0.9738465553936341,-9.688992500305176,0.4679144385026738,-13.903422100658723,14.877268656052365,1.4453831304915221,0.0257
select,z2.0_v2.0_b0.6_sync,sync,60,12,btc,reverse,374,24,-40.97384655539366,-30.311007499694824,0.41711229946524064,-26.096577899341277,-14.877268656052374,-1.445383130491523,0.0257
select,z2.0_v2.0_b0.6_sync,sync,60,12,eth,continue,374,24,2.9474870278873393,-22.895593643188477,0.4411764705882353,-12.303668257386928,15.251155285274274,1.2734456906022393,0.0378
select,z2.0_v2.0_b0.6_sync,sync,60,12,eth,reverse,374,24,-42.94748702788737,-17.104406356811523,0.44919786096256686,-27.696331742613072,-15.251155285274288,-1.2734456906022404,0.0378
select,z2.0_v2.0_b0.75_sync,sync,5,1,alts,continue,3144,24,-19.636669699623994,-21.731187105178833,0.21310432569974555,-20.01258697351275,0.3759172738887577,0.41881188474979536,0.6612
select,z2.0_v2.0_b0.75_sync,sync,5,1,alts,reverse,3144,24,-20.36333030037601,-18.26881289482117,0.24141221374045801,-19.98741302648725,-0.37591727388875784,-0.4188118847497955,0.6612
select,z2.0_v2.0_b0.75_sync,sync,5,1,btc,continue,3144,24,-20.833248288273516,-22.6741623878479,0.13358778625954199,-20.017498750192217,-0.8157495380812929,-1.6413687467736922,0.1488
select,z2.0_v2.0_b0.75_sync,sync,5,1,btc,reverse,3144,24,-19.166751711726498,-17.3258376121521,0.1453562340966921,-19.98250124980779,0.8157495380812928,1.641368746773692,0.1488
select,z2.0_v2.0_b0.75_sync,sync,5,1,eth,continue,3144,24,-20.283488904246855,-23.252625465393066,0.16030534351145037,-20.004546930089255,-0.2789419741575955,-0.48560342117750566,0.6055
select,z2.0_v2.0_b0.75_sync,sync,5,1,eth,reverse,3144,24,-19.71651109575316,-16.747374534606934,0.16380407124681934,-19.995453069910752,0.2789419741575955,0.4856034211775056,0.6055
select,z2.0_v2.0_b0.75_sync,sync,5,3,alts,continue,3144,24,-19.28135869991385,-22.576321363449097,0.29103053435114506,-20.20218303090592,0.9208243309920674,0.6997971433318513,0.4743
select,z2.0_v2.0_b0.75_sync,sync,5,3,alts,reverse,3144,24,-20.71864130008615,-17.423678636550903,0.3387404580152672,-19.797816969094086,-0.920824330992068,-0.6997971433318516,0.4743
select,z2.0_v2.0_b0.75_sync,sync,5,3,btc,continue,3144,24,-19.754340139054165,-23.18169593811035,0.2029262086513995,-20.14826215557166,0.393922016517503,0.5096591195268373,0.6299
select,z2.0_v2.0_b0.75_sync,sync,5,3,btc,reverse,3144,24,-20.245659860945846,-16.81830406188965,0.23346055979643765,-19.851737844428335,-0.3939220165175034,-0.5096591195268378,0.6299
select,z2.0_v2.0_b0.75_sync,sync,5,3,eth,continue,3144,24,-19.26881878885605,-23.86178493499756,0.21851145038167938,-20.161677636869687,0.8928588480136471,1.0507303206588448,0.2832
select,z2.0_v2.0_b0.75_sync,sync,5,3,eth,reverse,3144,24,-20.73118121114397,-16.13821506500244,0.2741730279898219,-19.838322363130317,-0.8928588480136476,-1.050730320658845,0.2832
select,z2.0_v2.0_b0.75_sync,sync,5,6,alts,continue,3144,24,-21.628342414933606,-25.663126707077026,0.31743002544529264,-19.977391976815753,-1.6509504381178604,-1.0612853827229038,0.2897
select,z2.0_v2.0_b0.75_sync,sync,5,6,alts,reverse,3144,24,-18.37165758506639,-14.336873292922974,0.38963104325699743,-20.022608023184247,1.650950438117859,1.0612853827229032,0.2897
select,z2.0_v2.0_b0.75_sync,sync,5,6,btc,continue,3144,24,-21.163639640080113,-25.108416080474854,0.23282442748091603,-20.129814764470545,-1.0338248756095656,-1.050670423681431,0.257
select,z2.0_v2.0_b0.75_sync,sync,5,6,btc,reverse,3144,24,-18.836360359919897,-14.891583919525146,0.29548346055979646,-19.87018523552946,1.0338248756095652,1.0506704236814306,0.257
select,z2.0_v2.0_b0.75_sync,sync,5,6,eth,continue,3144,24,-20.479079157341534,-25.368292331695557,0.24618320610687022,-20.116758731030327,-0.36232042631120215,-0.32964351752066223,0.6834
select,z2.0_v2.0_b0.75_sync,sync,5,6,eth,reverse,3144,24,-19.52092084265848,-14.631707668304443,0.32251908396946566,-19.883241268969673,0.3623204263112016,0.32964351752066173,0.6834
select,z2.0_v2.0_b0.75_sync,sync,5,12,alts,continue,3144,24,-20.81322042238318,-27.927405834197994,0.35146310432569977,-19.71003679260043,-1.1031836297827524,-0.4877437204035486,0.6036
select,z2.0_v2.0_b0.75_sync,sync,5,12,alts,reverse,3144,24,-19.18677957761682,-12.072594165802002,0.43193384223918574,-20.28996320739957,1.103183629782752,0.4877437204035484,0.6036
select,z2.0_v2.0_b0.75_sync,sync,5,12,btc,continue,3144,24,-20.766103011354545,-26.12884759902954,0.2719465648854962,-19.9950723414506,-0.7710306699039378,-0.560212743086959,0.5081
select,z2.0_v2.0_b0.75_sync,sync,5,12,btc,reverse,3144,24,-19.233896988645466,-13.871152400970459,0.352735368956743,-20.0049276585494,0.7710306699039364,0.560212743086958,0.5081
select,z2.0_v2.0_b0.75_sync,sync,5,12,eth,continue,3144,24,-20.18394402875246,-27.546544075012207,0.2868956743002545,-19.935424462453707,-0.24851956629874497,-0.1582815694998515,0.8512
select,z2.0_v2.0_b0.75_sync,sync,5,12,eth,reverse,3144,24,-19.816055971247554,-12.453455924987793,0.3788167938931298,-20.064575537546297,0.24851956629874314,0.15828156949985034,0.8512
select,z2.0_v2.0_b0.75_sync,sync,15,1,alts,continue,1138,24,-18.569841208902098,-23.321611881256104,0.29789103690685415,-20.189030350616402,1.6191891417143,0.6223245959335971,0.5219
select,z2.0_v2.0_b0.75_sync,sync,15,1,alts,reverse,1138,24,-21.430158791097895,-16.678388118743896,0.34973637961335674,-19.8109696493836,-1.6191891417143014,-0.6223245959335977,0.5219
select,z2.0_v2.0_b0.75_sync,sync,15,1,btc,continue,1138,24,-19.10368232190714,-24.146099090576172,0.23198594024604569,-20.055343776888922,0.9516614549817848,0.5985621050305862,0.5196
select,z2.0_v2.0_b0.75_sync,sync,15,1,btc,reverse,1138,24,-20.896317678092863,-15.853900909423828,0.2504393673110721,-19.944656223111078,-0.9516614549817852,-0.5985621050305864,0.5196
select,z2.0_v2.0_b0.75_sync,sync,15,1,eth,continue,1138,24,-18.219652733191037,-25.323588848114014,0.24956063268892795,-20.004085353682036,1.7844326204910008,1.0214280793452282,0.217
select,z2.0_v2.0_b0.75_sync,sync,15,1,eth,reverse,1138,24,-21.780347266808967,-14.676411151885986,0.28558875219683655,-19.995914646317964,-1.784432620491001,-1.0214280793452282,0.217
select,z2.0_v2.0_b0.75_sync,sync,15,3,alts,continue,1138,24,-22.623149045531903,-27.490938901901245,0.35500878734622143,-20.592989841957294,-2.030159203574612,-0.5947452095463204,0.55
select,z2.0_v2.0_b0.75_sync,sync,15,3,alts,reverse,1138,24,-17.376850954468097,-12.509061098098757,0.4288224956063269,-19.40701015804271,2.0301592035746103,0.5947452095463198,0.55
select,z2.0_v2.0_b0.75_sync,sync,15,3,btc,continue,1138,24,-20.341557136528944,-25.210041999816895,0.27855887521968364,-20.125793402978534,-0.2157637335504092,-0.09198434102865949,0.9184
select,z2.0_v2.0_b0.75_sync,sync,15,3,btc,reverse,1138,24,-19.658442863471063,-14.789958000183105,0.351493848857645,-19.874206597021463,0.2157637335504076,0.0919843410286588,0.9184
select,z2.0_v2.0_b0.75_sync,sync,15,3,eth,continue,1138,24,-20.9696303436333,-28.03232192993164,0.29437609841827767,-20.39115954053004,-0.578470803103255,-0.2319398512305066,0.7804
select,z2.0_v2.0_b0.75_sync,sync,15,3,eth,reverse,1138,24,-19.030369656366712,-11.96767807006836,0.38576449912126537,-19.608840459469963,0.5784708031032534,0.2319398512305059,0.7804
select,z2.0_v2.0_b0.75_sync,sync,15,6,alts,continue,1138,24,-24.05260150587622,-32.8335177898407,0.35676625659050965,-19.976737245210238,-4.075864260665982,-0.8784702563400383,0.4352
select,z2.0_v2.0_b0.75_sync,sync,15,6,alts,reverse,1138,24,-15.947398494123785,-7.166482210159303,0.46660808435852374,-20.023262754789766,4.07586426066598,0.8784702563400377,0.4352
select,z2.0_v2.0_b0.75_sync,sync,15,6,btc,continue,1138,24,-20.429863669960284,-26.896257400512695,0.3242530755711775,-19.86876557811911,-0.5610980918411634,-0.1882212190935889,0.8449
select,z2.0_v2.0_b0.75_sync,sync,15,6,btc,reverse,1138,24,-19.57013633003973,-13.103742599487305,0.4068541300527241,-20.131234421880887,0.5610980918411618,0.18822121909358833,0.8449
select,z2.0_v2.0_b0.75_sync,sync,15,6,eth,continue,1138,24,-22.930653011442708,-31.41577959060669,0.3242530755711775,-20.24499295046962,-2.6856600609730763,-0.763298293862179,0.3802
select,z2.0_v2.0_b0.75_sync,sync,15,6,eth,reverse,1138,24,-17.06934698855731,-8.58422040939331,0.437609841827768,-19.75500704953038,2.685660060973074,0.7632982938621784,0.3802
select,z2.0_v2.0_b0.75_sync,sync,15,12,alts,continue,1138,24,-23.9701489656378,-32.25036382675171,0.3866432337434095,-19.84739752195003,-4.1227514436877675,-0.7075415930861907,0.5598
select,z2.0_v2.0_b0.75_sync,sync,15,12,alts,reverse,1138,24,-16.029851034362206,-7.749636173248292,0.4771528998242531,-20.152602478049975,4.122751443687765,0.7075415930861901,0.5598
select,z2.0_v2.0_b0.75_sync,sync,15,12,btc,continue,1138,24,-17.380087266697416,-28.855164051055908,0.3523725834797891,-19.950135660297214,2.570048393599804,0.6892623919433114,0.4359
select,z2.0_v2.0_b0.75_sync,sync,15,12,btc,reverse,1138,24,-22.619912733302606,-11.144835948944092,0.44024604569420034,-20.04986433970279,-2.5700483935998086,-0.6892623919433126,0.4359
select,z2.0_v2.0_b0.75_sync,sync,15,12,eth,continue,1138,24,-18.596409083669766,-31.062920093536377,0.36203866432337434,-20.599753458596282,2.0033443749265185,0.46677542393906485,0.6216
select,z2.0_v2.0_b0.75_sync,sync,15,12,eth,reverse,1138,24,-21.403590916330245,-8.937079906463623,0.45869947275922673,-19.400246541403718,-2.0033443749265247,-0.46677542393906635,0.6216
select,z2.0_v2.0_b0.75_sync,sync,30,1,alts,continue,648,24,-21.527294810907335,-27.681077718734745,0.3395061728395062,-19.482223890997744,-2.0450709199095956,-0.5058319320188845,0.4284
select,z2.0_v2.0_b0.75_sync,sync,30,1,alts,reverse,648,24,-18.47270518909266,-12.31892228126526,0.41203703703703703,-20.517776109002256,2.0450709199095956,0.5058319320188845,0.4284
select,z2.0_v2.0_b0.75_sync,sync,30,1,btc,continue,648,24,-18.475097027825722,-23.949403762817383,0.279320987654321,-19.509644683128524,1.0345476553028004,0.3713281867452539,0.6474
select,z2.0_v2.0_b0.75_sync,sync,30,1,btc,reverse,648,24,-21.52490297217428,-16.050596237182617,0.3256172839506173,-20.490355316871476,-1.0345476553028023,-0.37132818674525464,0.6474
select,z2.0_v2.0_b0.75_sync,sync,30,1,eth,continue,648,24,-18.185423973165914,-26.814897060394287,0.279320987654321,-19.54854765975917,1.3631236865932554,0.45544864605713703,0.5646
select,z2.0_v2.0_b0.75_sync,sync,30,1,eth,reverse,648,24,-21.814576026834093,-13.185102939605713,0.3595679012345679,-20.451452340240834,-1.3631236865932566,-0.4554486460571373,0.5646
select,z2.0_v2.0_b0.75_sync,sync,30,3,alts,continue,648,24,-23.908358054396547,-31.305147409439087,0.36574074074074076,-18.25774773127503,-5.650610323121519,-0.9252232632176769,0.2211
select,z2.0_v2.0_b0.75_sync,sync,30,3,alts,reverse,648,24,-16.091641945603456,-8.694852590560913,0.4583333333333333,-21.742252268724975,5.650610323121518,0.9252232632176767,0.2211
select,z2.0_v2.0_b0.75_sync,sync,30,3,btc,continue,648,24,-16.411453610585063,-27.333755493164062,0.3287037037037037,-19.064752395138328,2.653298784553268,0.6747679514675617,0.431
select,z2.0_v2.0_b0.75_sync,sync,30,3,btc,reverse,648,24,-23.588546389414947,-12.666244506835938,0.4027777777777778,-20.935247604861672,-2.65329878455327,-0.6747679514675623,0.431
select,z2.0_v2.0_b0.75_sync,sync,30,3,eth,continue,648,24,-20.386033897046694,-28.905529975891113,0.3271604938271605,-18.896235945048158,-1.4897979519985356,-0.3435593507573833,0.6201
select,z2.0_v2.0_b0.75_sync,sync,30,3,eth,reverse,648,24,-19.61396610295332,-11.094470024108887,0.44290123456790126,-21.103764054951846,1.4897979519985327,0.34355935075738264,0.6201
select,z2.0_v2.0_b0.75_sync,sync,30,6,alts,continue,648,24,-24.30439055701833,-32.973153591156006,0.36882716049382713,-16.317259283897315,-7.987131273121011,-1.0363516505550707,0.2446
select,z2.0_v2.0_b0.75_sync,sync,30,6,alts,reverse,648,24,-15.695609442981674,-7.026846408843994,0.48919753086419754,-23.682740716102682,7.987131273121009,1.0363516505550703,0.2446
select,z2.0_v2.0_b0.75_sync,sync,30,6,btc,continue,648,24,-14.393472134331136,-26.64651393890381,0.3626543209876543,-17.90968828731113,3.516216152980001,0.7205871241264685,0.3019
select,z2.0_v2.0_b0.75_sync,sync,30,6,btc,reverse,648,24,-25.60652786566888,-13.353486061096191,0.42592592592592593,-22.090311712688873,-3.516216152980005,-0.7205871241264694,0.3019
select,z2.0_v2.0_b0.75_sync,sync,30,6,eth,continue,648,24,-14.546070143028553,-32.02791929244995,0.36419753086419754,-17.592627542254366,3.0465573992258217,0.5398108947511814,0.4048
select,z2.0_v2.0_b0.75_sync,sync,30,6,eth,reverse,648,24,-25.453929856971467,-7.972080707550049,0.4444444444444444,-22.407372457745634,-3.0465573992258252,-0.539810894751182,0.4048
select,z2.0_v2.0_b0.75_sync,sync,30,12,alts,continue,648,24,-27.9778594919193,-33.94115686416626,0.4351851851851852,-14.412712499867252,-13.565146992052046,-1.424319964961343,0.053
select,z2.0_v2.0_b0.75_sync,sync,30,12,alts,reverse,648,24,-12.022140508080712,-6.05884313583374,0.4861111111111111,-25.587287500132746,13.565146992052037,1.4243199649613418,0.053
select,z2.0_v2.0_b0.75_sync,sync,30,12,btc,continue,648,24,-11.78976004506336,-26.19947910308838,0.4027777777777778,-16.616367986540737,4.826607941477382,0.7641492953123202,0.231
select,z2.0_v2.0_b0.75_sync,sync,30,12,btc,reverse,648,24,-28.210239954936668,-13.800520896911621,0.42901234567901236,-23.383632013459266,-4.826607941477393,-0.7641492953123219,0.231
select,z2.0_v2.0_b0.75_sync,sync,30,12,eth,continue,648,24,-16.83445894423828,-28.389055728912354,0.38271604938271603,-15.894403323347186,-0.9400556208910811,-0.12899628534783203,0.849
select,z2.0_v2.0_b0.75_sync,sync,30,12,eth,reverse,648,24,-23.16554105576175,-11.610944271087646,0.45524691358024694,-24.105596676652816,0.940055620891071,0.12899628534783067,0.849
select,z2.0_v2.0_b0.75_sync,sync,60,1,alts,continue,369,24,-14.480745159190523,-28.62513780593872,0.3604336043360434,-20.3907330863198,5.909987927129275,0.7344319936647353,0.4529
select,z2.0_v2.0_b0.75_sync,sync,60,1,alts,reverse,369,24,-25.51925484080948,-11.37486219406128,0.4363143631436314,-19.6092669136802,-5.909987927129275,-0.7344319936647353,0.4529
select,z2.0_v2.0_b0.75_sync,sync,60,1,btc,continue,369,24,-19.149126735160028,-26.650686264038086,0.3035230352303523,-20.063423784121593,0.9142970489615649,0.20761872915111584,0.8001
select,z2.0_v2.0_b0.75_sync,sync,60,1,btc,reverse,369,24,-20.850873264839986,-13.349313735961914,0.4065040650406504,-19.936576215878414,-0.9142970489615673,-0.20761872915111637,0.8001
select,z2.0_v2.0_b0.75_sync,sync,60,1,eth,continue,369,24,-22.028415519693688,-31.565685272216797,0.28184281842818426,-20.099752088226275,-1.9286634314674034,-0.38603303835598424,0.6764
select,z2.0_v2.0_b0.75_sync,sync,60,1,eth,reverse,369,24,-17.97158448030633,-8.434314727783203,0.4173441734417344,-19.90024791177372,1.9286634314674014,0.38603303835598396,0.6764
select,z2.0_v2.0_b0.75_sync,sync,60,3,alts,continue,369,24,-8.312929884851144,-20.393259525299072,0.4037940379403794,-19.058668254836785,10.745738369985641,1.0480058197032573,0.1625
select,z2.0_v2.0_b0.75_sync,sync,60,3,alts,reverse,369,24,-31.687070115148863,-19.606740474700928,0.44715447154471544,-20.941331745163215,-10.745738369985647,-1.048005819703258,0.1625
select,z2.0_v2.0_b0.75_sync,sync,60,3,btc,continue,369,24,-13.08701776230562,-23.13282012939453,0.39295392953929537,-20.493687988942877,7.406670226637262,1.301211818081662,0.0776
select,z2.0_v2.0_b0.75_sync,sync,60,3,btc,reverse,369,24,-26.9129822376944,-16.86717987060547,0.3983739837398374,-19.506312011057123,-7.4066702266372655,-1.3012118180816625,0.0776
select,z2.0_v2.0_b0.75_sync,sync,60,3,eth,continue,369,24,-11.544037653501773,-31.075735092163086,0.34959349593495936,-19.205188538000833,7.66115088449907,1.0849673399420303,0.1399
select,z2.0_v2.0_b0.75_sync,sync,60,3,eth,reverse,369,24,-28.45596234649825,-8.924264907836914,0.4254742547425474,-20.794811461999167,-7.661150884499074,-1.0849673399420308,0.1399
select,z2.0_v2.0_b0.75_sync,sync,60,6,alts,continue,369,24,-4.5242558456048725,-28.985424041748047,0.4281842818428184,-17.00410601246325,12.479850166858368,0.9883794481752387,0.1413
select,z2.0_v2.0_b0.75_sync,sync,60,6,alts,reverse,369,24,-35.47574415439513,-11.014575958251953,0.46883468834688347,-22.995893987536753,-12.479850166858375,-0.9883794481752393,0.1413
select,z2.0_v2.0_b0.75_sync,sync,60,6,btc,continue,369,24,-9.69345719510625,-20.78439712524414,0.4146341463414634,-19.66934428305484,9.975887087948598,1.2586415562628799,0.1557
select,z2.0_v2.0_b0.75_sync,sync,60,6,btc,reverse,369,24,-30.306542804893777,-19.21560287475586,0.41192411924119243,-20.330655716945166,-9.975887087948603,-1.2586415562628805,0.1557
select,z2.0_v2.0_b0.75_sync,sync,60,6,eth,continue,369,24,-7.663258381975391,-27.79569149017334,0.3712737127371274,-17.691119670221802,10.02786128824642,1.1397589372450123,0.2308
select,z2.0_v2.0_b0.75_sync,sync,60,6,eth,reverse,369,24,-32.33674161802463,-12.20430850982666,0.45257452574525747,-22.308880329778205,-10.027861288246429,-1.1397589372450134,0.2308
select,z2.0_v2.0_b0.75_sync,sync,60,12,alts,continue,369,24,-5.394226632467135,-20.041961669921875,0.4715447154471545,-12.991145498707366,7.59691886624023,0.47763975760366484,0.5814
select,z2.0_v2.0_b0.75_sync,sync,60,12,alts,reverse,369,24,-34.605773367532876,-19.958038330078125,0.4715447154471545,-27.00885450129264,-7.596918866240238,-0.4776397576036653,0.5814
select,z2.0_v2.0_b0.75_sync,sync,60,12,btc,continue,369,24,-1.4681325178482485,-10.278482437133789,0.4634146341463415,-18.416683699703476,16.948551181855237,1.648231501147694,0.0377
select,z2.0_v2.0_b0.75_sync,sync,60,12,btc,reverse,369,24,-38.53186748215178,-29.72151756286621,0.42005420054200543,-21.583316300296524,-16.948551181855247,-1.6482315011476953,0.0377
select,z2.0_v2.0_b0.75_sync,sync,60,12,eth,continue,369,24,0.9556265575129663,-26.028413772583008,0.43902439024390244,-14.425519856657116,15.381146414170088,1.290948111178182,0.0549
select,z2.0_v2.0_b0.75_sync,sync,60,12,eth,reverse,369,24,-40.95562655751299,-13.971586227416992,0.45257452574525747,-25.574480143342885,-15.381146414170097,-1.2909481111781826,0.0549
select,z2.0_v2.0_lead,lead,5,1,alts,continue,13,9,9.766666889190672,-23.21640968322754,0.23076923076923078,-18.12778913057768,27.89445601976834,0.6983561070951142,0.8629
select,z2.0_v2.0_lead,lead,5,1,alts,reverse,13,9,-49.76666688919067,-16.78359031677246,0.3076923076923077,-21.872210869422325,-27.894456019768352,-0.6983561070951145,0.8629
select,z2.0_v2.0_lead,lead,5,1,btc,continue,13,9,-14.39656734466553,-17.494816780090332,0.15384615384615385,-19.507101682516247,5.110534337850717,0.5013186529049686,0.8462
select,z2.0_v2.0_lead,lead,5,1,btc,reverse,13,9,-25.603432655334483,-22.505183219909668,0.23076923076923078,-20.492898317483753,-5.110534337850717,-0.5013186529049686,0.8462
select,z2.0_v2.0_lead,lead,5,1,eth,continue,13,9,-5.552934499887322,-27.643699645996094,0.23076923076923078,-19.80567739560054,14.25274289571322,0.5543203808210517,0.9007
select,z2.0_v2.0_lead,lead,5,1,eth,reverse,13,9,-34.447065500112686,-12.356300354003906,0.3076923076923077,-20.194322604399463,-14.252742895713222,-0.5543203808210517,0.9007
select,z2.0_v2.0_lead,lead,5,3,alts,continue,13,9,-6.449434207035949,-43.81135225296021,0.15384615384615385,-19.183040444667522,12.733606237631573,0.25934116241311544,0.9856
select,z2.0_v2.0_lead,lead,5,3,alts,reverse,13,9,-33.55056579296405,3.8113522529602046,0.5384615384615384,-20.816959555332478,-12.73360623763157,-0.25934116241311533,0.9856
select,z2.0_v2.0_lead,lead,5,3,btc,continue,13,9,-17.86308178534875,-24.035234451293945,0.23076923076923078,-19.658187994590172,1.7951062092414243,0.09895937223950452,0.9427
select,z2.0_v2.0_lead,lead,5,3,btc,reverse,13,9,-22.136918214651264,-15.964765548706055,0.38461538461538464,-20.34181200540983,-1.795106209241427,-0.09895937223950464,0.9427
select,z2.0_v2.0_lead,lead,5,3,eth,continue,13,9,-8.906108416043798,-28.541345596313477,0.3076923076923077,-20.357215221111588,11.451106805067798,0.3859450197495846,0.938
select,z2.0_v2.0_lead,lead,5,3,eth,reverse,13,9,-31.09389158395621,-11.458654403686523,0.3076923076923077,-19.642784778888412,-11.451106805067798,-0.3859450197495846,0.938
select,z2.0_v2.0_lead,lead,5,6,alts,continue,13,9,-39.447941046494705,-88.57564449310303,0.23076923076923078,-26.440627620770382,-13.007313425724318,-0.27376336391006856,0.7708
select,z2.0_v2.0_lead,lead,5,6,alts,reverse,13,9,-0.5520589535052923,48.57564449310303,0.5384615384615384,-13.559372379229616,13.007313425724336,0.27376336391006895,0.7708
select,z2.0_v2.0_lead,lead,5,6,btc,continue,13,9,-23.090638380784263,-22.307891845703125,0.23076923076923078,-22.862999072441696,-0.2276393083425706,-0.010136846276003784,0.9876
select,z2.0_v2.0_lead,lead,5,6,btc,reverse,13,9,-16.909361619215748,-17.692108154296875,0.46153846153846156,-17.137000927558308,0.2276393083425706,0.010136846276003784,0.9876
select,z2.0_v2.0_lead,lead,5,6,eth,continue,13,9,-20.3101734014658,-18.931288719177246,0.23076923076923078,-24.964580902686485,4.654407501220696,0.1247126596188291,0.8868
select,z2.0_v2.0_lead,lead,5,6,eth,reverse,13,9,-19.68982659853422,-21.068711280822754,0.38461538461538464,-15.035419097313515,-4.654407501220699,-0.12471265961882919,0.8868
select,z2.0_v2.0_lead,lead,5,12,alts,continue,13,9,-85.14101853737463,-118.08752536773682,0.23076923076923078,-26.328772214742813,-58.81224632263184,-0.9344636363682404,0.299
select,z2.0_v2.0_lead,lead,5,12,alts,reverse,13,9,45.14101853737464,78.08752536773682,0.6923076923076923,-13.67122778525719,58.81224632263184,0.9344636363682404,0.299
select,z2.0_v2.0_lead,lead,5,12,btc,continue,13,9,-44.80511481945333,-35.62952995300293,0.15384615384615385,-22.559194198021526,-22.245920621431797,-0.7817107749659702,0.395
select,z2.0_v2.0_lead,lead,5,12,btc,reverse,13,9,4.805114819453309,-4.37047004699707,0.38461538461538464,-17.440805801978478,22.24592062143179,0.78171077496597,0.395
select,z2.0_v2.0_lead,lead,5,12,eth,continue,13,9,-29.58447272960958,-43.69880676269531,0.15384615384615385,-24.024175497201774,-5.5602972324077875,-0.127275316041925,0.8694
select,z2.0_v2.0_lead,lead,5,12,eth,reverse,13,9,-10.415527270390447,3.698806762695312,0.5384615384615384,-15.975824502798229,5.560297232407786,0.12727531604192494,0.8694
select,z2.0_v2.0_lead,lead,15,1,alts,continue,13,9,-10.953616912548359,-10.469145774841307,0.46153846153846156,-20.162433798496536,9.208816885948183,0.535078385092082,0.6141
select,z2.0_v2.0_lead,lead,15,1,alts,reverse,13,9,-29.04638308745164,-29.530854225158695,0.3076923076923077,-19.837566201503467,-9.208816885948183,-0.535078385092082,0.6141
select,z2.0_v2.0_lead,lead,15,1,btc,continue,13,9,3.4897778584406893,-4.731078147888184,0.46153846153846156,-21.805167931776776,25.29494579021748,0.9303772471773171,0.5062
select,z2.0_v2.0_lead,lead,15,1,btc,reverse,13,9,-43.489777858440696,-35.268921852111816,0.15384615384615385,-18.19483206822322,-25.29494579021748,-0.9303772471773171,0.5062
select,z2.0_v2.0_lead,lead,15,1,eth,continue,13,9,3.708939552307126,-4.16900634765625,0.46153846153846156,-20.91868409743676,24.627623649743885,1.2289815577637282,0.2943
select,z2.0_v2.0_lead,lead,15,1,eth,reverse,13,9,-43.708939552307136,-35.83099365234375,0.15384615384615385,-19.081315902563237,-24.627623649743892,-1.2289815577637282,0.2943
select,z2.0_v2.0_lead,lead,15,3,alts,continue,13,9,-29.38005447387696,43.2857084274292,0.5384615384615384,-17.23995144550617,-12.14010302837079,-0.2140816538853302,0.8252
select,z2.0_v2.0_lead,lead,15,3,alts,reverse,13,9,-10.619945526123054,-83.28570842742921,0.38461538461538464,-22.760048554493828,12.140103028370785,0.2140816538853302,0.8252
select,z2.0_v2.0_lead,lead,15,3,btc,continue,13,9,-49.146717144892776,-13.005990982055664,0.38461538461538464,-19.82294669518104,-29.323770449711724,-0.6907876523211318,0.6662
select,z2.0_v2.0_lead,lead,15,3,btc,reverse,13,9,9.146717144892762,-26.994009017944336,0.3076923076923077,-20.177053304818962,29.323770449711724,0.6907876523211318,0.6662
select,z2.0_v2.0_lead,lead,15,3,eth,continue,13,9,-34.650867535517776,-22.69293785095215,0.3076923076923077,-19.06061933590816,-15.590248199609613,-0.37660920519689534,0.8284
select,z2.0_v2.0_lead,lead,15,3,eth,reverse,13,9,-5.349132464482243,-17.30706214904785,0.38461538461538464,-20.939380664091843,15.590248199609613,0.37660920519689534,0.8284
select,z2.0_v2.0_lead,lead,15,6,alts,continue,13,9,4.7765229298518115,34.85579967498779,0.5384615384615384,-18.560414910316464,23.336937840168286,0.3096967656578887,0.7589
select,z2.0_v2.0_lead,lead,15,6,alts,reverse,13,9,-44.77652292985182,-74.8557996749878,0.38461538461538464,-21.439585089683533,-23.33693784016829,-0.3096967656578887,0.7589
select,z2.0_v2.0_lead,lead,15,6,btc,continue,13,9,-26.447984622075023,-2.723593711853028,0.3076923076923077,-19.289851922255295,-7.158132699819711,-0.14623880437304185,0.8675
select,z2.0_v2.0_lead,lead,15,6,btc,reverse,13,9,-13.552015377924999,-37.27640628814697,0.3076923076923077,-20.710148077744705,7.1581326998197,0.14623880437304163,0.8675
select,z2.0_v2.0_lead,lead,15,6,eth,continue,13,9,-25.90970883002649,-21.270174980163574,0.46153846153846156,-19.40264454254737,-6.507064287479102,-0.12010761593741638,0.9066
select,z2.0_v2.0_lead,lead,15,6,eth,reverse,13,9,-14.090291169973538,-18.729825019836426,0.38461538461538464,-20.59735545745263,6.507064287479102,0.12010761593741638,0.9066
select,z2.0_v2.0_lead,lead,15,12,alts,continue,13,9,-18.020519660069404,31.278352737426758,0.6923076923076923,-24.26421023332156,6.243690573252174,0.09618885625781205,0.9457
select,z2.0_v2.0_lead,lead,15,12,alts,reverse,13,9,-21.979480339930614,-71.27835273742676,0.3076923076923077,-15.735789766678442,-6.243690573252176,-0.09618885625781211,0.9457
select,z2.0_v2.0_lead,lead,15,12,btc,continue,13,9,-26.335515242356532,-22.450942993164062,0.3076923076923077,-26.76974195700425,0.43422671464772633,0.011329274058026318,0.9868
select,z2.0_v2.0_lead,lead,15,12,btc,reverse,13,9,-13.664484757643486,-17.549057006835938,0.3076923076923077,-13.230258042995747,-0.434226714647737,-0.011329274058026598,0.9868
select,z2.0_v2.0_lead,lead,15,12,eth,continue,13,9,-13.780117768507756,2.6914882659912105,0.5384615384615384,-24.601345612452583,10.821227843944841,0.21499740354830535,0.8439
select,z2.0_v2.0_lead,lead,15,12,eth,reverse,13,9,-26.219882231492278,-42.69148826599121,0.38461538461538464,-15.398654387547422,-10.821227843944843,-0.2149974035483054,0.8439
select,z2.0_v2.0_lead,lead,30,1,alts,continue,8,7,21.394227743148807,5.714170932769775,0.75,-19.70234476029873,41.096572503447526,0.9883249750851305,0.3586
select,z2.0_v2.0_lead,lead,30,1,alts,reverse,8,7,-61.394227743148804,-45.714170932769775,0.25,-20.29765523970127,-41.09657250344755,-0.988324975085131,0.3586
select,z2.0_v2.0_lead,lead,30,1,btc,continue,8,7,11.38609230518341,14.680366516113281,0.625,-18.909421265125275,30.295513570308685,2.344945301229732,0.0448
select,z2.0_v2.0_lead,lead,30,1,btc,reverse,8,7,-51.38609230518341,-54.68036651611328,0.0,-21.090578734874725,-30.295513570308685,-2.344945301229732,0.0448
select,z2.0_v2.0_lead,lead,30,1,eth,continue,8,7,27.382712364196777,1.4597582817077632,0.5,-18.550232499837875,45.93294486403465,1.7121780242732665,0.1681
select,z2.0_v2.0_lead,lead,30,1,eth,reverse,8,7,-67.38271236419679,-41.459758281707764,0.375,-21.44976750016212,-45.93294486403465,-1.7121780242732663,0.1681
select,z2.0_v2.0_lead,lead,30,3,alts,continue,8,7,22.373399436473843,14.783756732940672,0.625,-17.549122795462612,39.922522231936455,0.8238157888167804,0.5736
select,z2.0_v2.0_lead,lead,30,3,alts,reverse,8,7,-62.373399436473846,-54.78375673294067,0.375,-22.450877204537388,-39.922522231936455,-0.8238157888167804,0.5736
select,z2.0_v2.0_lead,lead,30,3,btc,continue,8,7,10.03828227519989,9.411613941192627,0.625,-17.272595763206482,27.310878038406372,1.4233903429951622,0.1039
select,z2.0_v2.0_lead,lead,30,3,btc,reverse,8,7,-50.03828227519989,-49.41161394119263,0.125,-22.72740423679352,-27.310878038406372,-1.4233903429951622,0.1039
select,z2.0_v2.0_lead,lead,30,3,eth,continue,8,7,12.845735549926756,1.174550056457519,0.5,-16.54768779873848,29.39342334866523,0.7965939459380231,0.4751
select,z2.0_v2.0_lead,lead,30,3,eth,reverse,8,7,-52.845735549926765,-41.17455005645752,0.25,-23.452312201261517,-29.39342334866524,-0.7965939459380235,0.4751
select,z2.0_v2.0_lead,lead,30,6,alts,continue,8,7,1.0801050066947915,3.0663836002349845,0.5,-25.22203363478184,26.302138641476635,0.5248024894285952,0.6102
select,z2.0_v2.0_lead,lead,30,6,alts,reverse,8,7,-41.080105006694794,-43.066383600234985,0.375,-14.77796636521816,-26.302138641476628,-0.5248024894285952,0.6102
select,z2.0_v2.0_lead,lead,30,6,btc,continue,8,7,25.131295919418335,29.934685230255127,0.625,-20.196170061826706,45.32746598124504,1.678447747765818,0.138
select,z2.0_v2.0_lead,lead,30,6,btc,reverse,8,7,-65.13129591941835,-69.93468523025513,0.375,-19.803829938173294,-45.32746598124504,-1.678447747765818,0.138
select,z2.0_v2.0_lead,lead,30,6,eth,continue,8,7,29.37291145324707,5.524497032165527,0.5,-22.900976687669754,52.273888140916824,1.074711190979674,0.3333
select,z2.0_v2.0_lead,lead,30,6,eth,reverse,8,7,-69.37291145324708,-45.52449703216553,0.375,-17.099023312330246,-52.27388814091683,-1.074711190979674,0.3333
select,z2.0_v2.0_lead,lead,30,12,alts,continue,8,7,-52.77615010738373,-80.17129421234131,0.375,-25.3555367141962,-27.42061339318753,-0.34273275235968337,0.7233
select,z2.0_v2.0_lead,lead,30,12,alts,reverse,8,7,12.776150107383721,40.1712942123413,0.5,-14.644463285803797,27.420613393187516,0.3427327523596832,0.7233
select,z2.0_v2.0_lead,lead,30,12,btc,continue,8,7,26.009495854377747,22.087435722351074,0.5,-18.244885355234146,44.254381209611886,1.616127897680881,0.1676
select,z2.0_v2.0_lead,lead,30,12,btc,reverse,8,7,-66.00949585437776,-62.087435722351074,0.25,-21.755114644765854,-44.25438120961189,-1.6161278976808815,0.1676
select,z2.0_v2.0_lead,lead,30,12,eth,continue,8,7,44.00711834430693,6.07196569442749,0.5,-20.631626695394516,64.63874503970146,0.9623097626605955,0.3634
select,z2.0_v2.0_lead,lead,30,12,eth,reverse,8,7,-84.00711834430696,-46.07196569442749,0.5,-19.368373304605484,-64.63874503970148,-0.9623097626605958,0.3634
select,z2.0_v2.0_lead,lead,60,1,alts,continue,5,5,-58.88423442840576,-84.97009992599489,0.4,-39.19089460372926,-19.693339824676507,-0.34650173259895584,0.8167
select,z2.0_v2.0_lead,lead,60,1,alts,reverse,5,5,18.88423442840576,44.97009992599487,0.6,-0.8091053962707494,19.693339824676514,0.3465017325989559,0.8167
select,z2.0_v2.0_lead,lead,60,1,btc,continue,5,5,-99.53596115112308,-75.16767501831055,0.0,-29.139537811279297,-70.39642333984376,-2.277526363453762,0.1256
select,z2.0_v2.0_lead,lead,60,1,btc,reverse,5,5,59.53596115112305,35.16767501831055,0.8,-10.860462188720705,70.39642333984375,2.2775263634537626,0.1256
select,z2.0_v2.0_lead,lead,60,1,eth,continue,5,5,-60.84789752960206,-100.90853691101074,0.2,-31.447304487228394,-29.400593042373657,-0.686475215851282,0.6219
select,z2.0_v2.0_lead,lead,60,1,eth,reverse,5,5,20.847897529602054,60.90853691101074,0.6,-8.552695512771605,29.400593042373657,0.686475215851282,0.6219
select,z2.0_v2.0_lead,lead,60,3,alts,continue,5,5,5.579183101654043,15.872018337249756,0.8,-28.24674451351166,33.8259276151657,0.2683486581353961,0.7553
select,z2.0_v2.0_lead,lead,60,3,alts,reverse,5,5,-45.57918310165406,-55.87201833724976,0.2,-11.753255486488339,-33.82592761516573,-0.2683486581353963,0.7553
select,z2.0_v2.0_lead,lead,60,3,btc,continue,5,5,-47.06182003021242,-19.687671661376953,0.4,-24.08063530921936,-22.98118472099304,-0.34726463232830546,0.7557
select,z2.0_v2.0_lead,lead,60,3,btc,reverse,5,5,7.061820030212398,-20.312328338623047,0.4,-15.91936469078064,22.98118472099303,0.3472646323283054,0.7557
select,z2.0_v2.0_lead,lead,60,3,eth,continue,5,5,12.77850151062011,-3.3947420120239262,0.4,-26.34150505065918,39.12000656127928,0.41541945337463365,0.694
select,z2.0_v2.0_lead,lead,60,3,eth,reverse,5,5,-52.778501510620124,-36.605257987976074,0.4,-13.658494949340822,-39.12000656127931,-0.4154194533746339,0.694
select,z2.0_v2.0_lead,lead,60,6,alts,continue,5,5,-76.72033786773683,-156.40289306640625,0.2,-27.281357645988464,-49.43898022174835,-0.4645086185676558,0.5676
select,z2.0_v2.0_lead,lead,60,6,alts,reverse,5,5,36.7203378677368,116.40289306640624,0.8,-12.718642354011532,49.438980221748345,0.46450861856765563,0.5676
select,z2.0_v2.0_lead,lead,60,6,btc,continue,5,5,-86.4184093475342,-72.28042602539062,0.4,-17.244071960449215,-69.17433738708496,-1.3765724205566834,0.2477
select,z2.0_v2.0_lead,lead,60,6,btc,reverse,5,5,46.41840934753417,32.280426025390625,0.6,-22.75592803955078,69.17433738708496,1.3765724205566834,0.2477
select,z2.0_v2.0_lead,lead,60,6,eth,continue,5,5,-22.636194229125994,-54.8132848739624,0.4,-18.259598016738895,-4.3765962123871045,-0.04867746734996341,1.0
select,z2.0_v2.0_lead,lead,60,6,eth,reverse,5,5,-17.363805770874023,14.813284873962402,0.6,-21.7404019832611,4.376596212387073,0.04867746734996306,1.0
select,z2.0_v2.0_lead,lead,60,12,alts,continue,5,5,58.86010885238646,-263.06557178497314,0.4,17.070449352264404,41.789659500122056,0.14073559908461372,0.938
select,z2.0_v2.0_lead,lead,60,12,alts,reverse,5,5,-98.8601088523865,223.06557178497312,0.6,-57.07044935226441,-41.789659500122056,-0.14073559908461372,0.938
select,z2.0_v2.0_lead,lead,60,12,btc,continue,5,5,46.06769561767576,5.193691253662109,0.6,13.327239751815794,32.74045586585997,0.16093045955995575,0.8764
select,z2.0_v2.0_lead,lead,60,12,btc,reverse,5,5,-86.06769561767581,-45.19369125366211,0.4,-53.327239751815796,-32.740455865859985,-0.1609304595599558,0.8764
select,z2.0_v2.0_lead,lead,60,12,eth,continue,5,5,195.6858444213867,-136.119384765625,0.4,15.924720764160156,179.76112365722656,0.6285059359391743,0.8123
select,z2.0_v2.0_lead,lead,60,12,eth,reverse,5,5,-235.68584442138672,96.119384765625,0.6,-55.92472076416016,-179.76112365722656,-0.6285059359391743,0.8123
select,z2.0_v3.0_b0.6_sync,sync,5,1,alts,continue,2492,24,-20.210258929151593,-22.276885509490963,0.22712680577849118,-19.890200102262284,-0.3200588268893109,-0.282358438067027,0.7966
select,z2.0_v3.0_b0.6_sync,sync,5,1,alts,reverse,2492,24,-19.789741070848407,-17.723114490509033,0.2592295345104334,-20.10979989773772,0.32005882688931064,0.2823584380670267,0.7966
select,z2.0_v3.0_b0.6_sync,sync,5,1,btc,continue,2492,24,-21.219072368707554,-23.12119722366333,0.14646869983948635,-19.983489812377176,-1.2355825563303733,-2.0270859920152593,0.0979
select,z2.0_v3.0_b0.6_sync,sync,5,1,btc,reverse,2492,24,-18.780927631292453,-16.87880277633667,0.16452648475120385,-20.016510187622828,1.2355825563303733,2.027085992015259,0.0979
select,z2.0_v3.0_b0.6_sync,sync,5,1,eth,continue,2492,24,-20.527511151988858,-23.46928834915161,0.17215088282504012,-19.919543751361477,-0.6079674006273812,-0.8662592974364487,0.4123
select,z2.0_v3.0_b0.6_sync,sync,5,1,eth,reverse,2492,24,-19.47248884801115,-16.53071165084839,0.18659711075441412,-20.080456248638523,0.6079674006273811,0.8662592974364485,0.4123
select,z2.0_v3.0_b0.6_sync,sync,5,3,alts,continue,2492,24,-20.331937582688003,-22.916723489761353,0.2913322632423756,-19.74260959277949,-0.5893279899085124,-0.36769138174039695,0.6788
select,z2.0_v3.0_b0.6_sync,sync,5,3,alts,reverse,2492,24,-19.668062417312,-17.083276510238647,0.3455056179775281,-20.257390407220512,0.5893279899085122,0.3676913817403968,0.6788
select,z2.0_v3.0_b0.6_sync,sync,5,3,btc,continue,2492,24,-20.375606609959856,-23.483891487121582,0.2086677367576244,-19.99097093676679,-0.38463567319306685,-0.413047646611631,0.6933
select,z2.0_v3.0_b0.6_sync,sync,5,3,btc,reverse,2492,24,-19.624393390040147,-16.516108512878418,0.25802568218298555,-20.00902906323321,0.38463567319306646,0.41304764661163057,0.6933
select,z2.0_v3.0_b0.6_sync,sync,5,3,eth,continue,2492,24,-19.817120655773163,-23.913938999176025,0.22913322632423755,-19.791188640923604,-0.02593201484955748,-0.025617250650976534,0.9678
select,z2.0_v3.0_b0.6_sync,sync,5,3,eth,reverse,2492,24,-20.182879344226848,-16.086061000823975,0.29253611556982345,-20.208811359076396,0.02593201484955687,0.02561725065097593,0.9678
select,z2.0_v3.0_b0.6_sync,sync,5,6,alts,continue,2492,24,-21.677917769211632,-25.56434392929077,0.31781701444622795,-19.54341735517424,-2.1345004140373978,-1.0933595710223802,0.2389
select,z2.0_v3.0_b0.6_sync,sync,5,6,alts,reverse,2492,24,-18.322082230788364,-14.43565607070923,0.3904494382022472,-20.456582644825765,2.1345004140373978,1.09335957102238,0.2389
select,z2.0_v3.0_b0.6_sync,sync,5,6,btc,continue,2492,24,-21.32138642032495,-25.612075328826904,0.24077046548956663,-19.85214031000964,-1.4692461103153078,-1.2127067237671252,0.2285
select,z2.0_v3.0_b0.6_sync,sync,5,6,btc,reverse,2492,24,-18.678613579675055,-14.387924671173096,0.30497592295345105,-20.147859689990362,1.469246110315307,1.2127067237671245,0.2285
select,z2.0_v3.0_b0.6_sync,sync,5,6,eth,continue,2492,24,-20.267496891618734,-25.410313606262207,0.25441412520064205,-19.575488640064222,-0.6920082515545111,-0.5141855086165686,0.44
select,z2.0_v3.0_b0.6_sync,sync,5,6,eth,reverse,2492,24,-19.73250310838127,-14.589686393737793,0.3330658105939005,-20.424511359935778,0.69200825155451,0.5141855086165679,0.44
select,z2.0_v3.0_b0.6_sync,sync,5,12,alts,continue,2492,24,-21.36634935632372,-28.57422947883606,0.3543338683788122,-19.45563783112728,-1.9107115251964402,-0.7142770635347585,0.4949
select,z2.0_v3.0_b0.6_sync,sync,5,12,alts,reverse,2492,24,-18.63365064367628,-11.425770521163942,0.43619582664526485,-20.544362168872723,1.910711525196439,0.7142770635347581,0.4949
select,z2.0_v3.0_b0.6_sync,sync,5,12,btc,continue,2492,24,-21.372623453170885,-26.30974769592285,0.2768860353130016,-19.688596956515585,-1.6840264966552951,-1.0150808976294408,0.3218
select,z2.0_v3.0_b0.6_sync,sync,5,12,btc,reverse,2492,24,-18.627376546829133,-13.690252304077148,0.36597110754414125,-20.31140304348442,1.6840264966552938,1.0150808976294399,0.3218
select,z2.0_v3.0_b0.6_sync,sync,5,12,eth,continue,2492,24,-20.977634092012536,-28.319318294525146,0.2897271268057785,-19.393556942717797,-1.584077149294736,-0.8496003184411839,0.39
select,z2.0_v3.0_b0.6_sync,sync,5,12,eth,reverse,2492,24,-19.02236590798747,-11.680681705474854,0.3888443017656501,-20.606443057282206,1.5840771492947345,0.849600318441183,0.39
select,z2.0_v3.0_b0.6_sync,sync,15,1,alts,continue,953,24,-18.66158516934886,-22.650129795074463,0.31374606505771246,-20.334448282766193,1.6728631134173297,0.5460763949681454,0.5949
select,z2.0_v3.0_b0.6_sync,sync,15,1,alts,reverse,953,24,-21.338414830651136,-17.349870204925537,0.34942287513116477,-19.665551717233807,-1.6728631134173302,-0.5460763949681454,0.5949
select,z2.0_v3.0_b0.6_sync,sync,15,1,btc,continue,953,24,-18.30625740203378,-23.604888916015625,0.24449108079748164,-20.05944615771363,1.753188755679856,0.946789271143122,0.36
select,z2.0_v3.0_b0.6_sync,sync,15,1,btc,reverse,953,24,-21.693742597966235,-16.395111083984375,0.2497376705141658,-19.940553842286374,-1.7531887556798564,-0.9467892711431222,0.36
select,z2.0_v3.0_b0.6_sync,sync,15,1,eth,continue,953,24,-17.062015133164245,-24.407763481140137,0.26652675760755506,-20.174002438502196,3.1119873053379594,1.5321840766576034,0.1314
select,z2.0_v3.0_b0.6_sync,sync,15,1,eth,reverse,953,24,-22.93798486683577,-15.592236518859863,0.28961175236096537,-19.825997561497807,-3.1119873053379603,-1.5321840766576038,0.1314
select,z2.0_v3.0_b0.6_sync,sync,15,3,alts,continue,953,24,-23.310756755900915,-28.33480358123779,0.35571878279118574,-19.781633534811725,-3.529123221089182,-0.9245908562311183,0.3289
select,z2.0_v3.0_b0.6_sync,sync,15,3,alts,reverse,953,24,-16.689243244099092,-11.665196418762207,0.4260230849947534,-20.21836646518827,3.5291232210891814,0.9245908562311181,0.3289
select,z2.0_v3.0_b0.6_sync,sync,15,3,btc,continue,953,24,-19.523263537996346,-24.46617603302002,0.28226652675760755,-19.758656509025155,0.23539297102881038,0.0874339854305902,0.9075
select,z2.0_v3.0_b0.6_sync,sync,15,3,btc,reverse,953,24,-20.476736462003668,-15.53382396697998,0.3410283315844701,-20.241343490974852,-0.2353929710288124,-0.08743398543059096,0.9075
select,z2.0_v3.0_b0.6_sync,sync,15,3,eth,continue,953,24,-19.610976182151074,-27.543563842773438,0.29275970619097585,-20.00724477883026,0.3962685966791897,0.13892754356550907,0.8593
select,z2.0_v3.0_b0.6_sync,sync,15,3,eth,reverse,953,24,-20.38902381784894,-12.456436157226562,0.3777544596012592,-19.99275522116974,-0.3962685966791921,-0.13892754356550993,0.8593
select,z2.0_v3.0_b0.6_sync,sync,15,6,alts,continue,953,24,-26.141495104226333,-34.11617994308472,0.3515215110178384,-20.6096251257319,-5.531869978494436,-1.087531745493178,0.2931
select,z2.0_v3.0_b0.6_sync,sync,15,6,alts,reverse,953,24,-13.858504895773667,-5.883820056915283,0.472193074501574,-19.390374874268097,5.5318699784944325,1.0875317454931774,0.2931
select,z2.0_v3.0_b0.6_sync,sync,15,6,btc,continue,953,24,-20.0964056657469,-26.521940231323242,0.3242392444910808,-19.87846519113963,-0.2179404746072628,-0.06573783466939784,0.9347
select,z2.0_v3.0_b0.6_sync,sync,15,6,btc,reverse,953,24,-19.903594334253118,-13.478059768676758,0.40713536201469047,-20.12153480886037,0.21794047460726018,0.06573783466939705,0.9347
select,z2.0_v3.0_b0.6_sync,sync,15,6,eth,continue,953,24,-22.604756125122915,-32.40849494934082,0.3200419727177335,-20.253150464355137,-2.3516056607677718,-0.6022019933684598,0.4546
select,z2.0_v3.0_b0.6_sync,sync,15,6,eth,reverse,953,24,-17.39524387487711,-7.59150505065918,0.4459601259181532,-19.74684953564487,2.3516056607677687,0.602201993368459,0.4546
select,z2.0_v3.0_b0.6_sync,sync,15,12,alts,continue,953,24,-27.386270850302672,-37.9402232170105,0.37985309548793283,-21.3245765722561,-6.061694278046569,-0.9480253385761784,0.3407
select,z2.0_v3.0_b0.6_sync,sync,15,12,alts,reverse,953,24,-12.613729149697335,-2.059776782989502,0.49422875131164745,-18.6754234277439,6.061694278046566,0.9480253385761781,0.3407
select,z2.0_v3.0_b0.6_sync,sync,15,12,btc,continue,953,24,-15.757587183685153,-28.45193862915039,0.3588667366211962,-20.051530560816698,4.293943377131553,1.037025972990535,0.1866
select,z2.0_v3.0_b0.6_sync,sync,15,12,btc,reverse,953,24,-24.242412816314868,-11.54806137084961,0.4386149003147954,-19.948469439183306,-4.293943377131556,-1.0370259729905353,0.1866
select,z2.0_v3.0_b0.6_sync,sync,15,12,eth,continue,953,24,-17.774900444407038,-32.69400119781494,0.3641133263378804,-19.997378333793232,2.2224778893862003,0.4645526178995388,0.6012
select,z2.0_v3.0_b0.6_sync,sync,15,12,eth,reverse,953,24,-22.225099555592983,-7.305998802185059,0.46799580272822666,-20.00262166620677,-2.2224778893862065,-0.46455261789954005,0.6012
select,z2.0_v3.0_b0.6_sync,sync,30,1,alts,continue,551,24,-21.41386308600812,-27.397568225860596,0.33212341197822143,-19.84894747310022,-1.5649156129078954,-0.3469510626581732,0.6656
select,z2.0_v3.0_b0.6_sync,sync,30,1,alts,reverse,551,24,-18.586136913991883,-12.602431774139406,0.4192377495462795,-20.151052526899775,1.5649156129078952,0.34695106265817316,0.6656
select,z2.0_v3.0_b0.6_sync,sync,30,1,btc,continue,551,24,-19.05734226621431,-22.804994583129883,0.2849364791288566,-19.992794166243012,0.9354519000287067,0.29273495415534445,0.7349
select,z2.0_v3.0_b0.6_sync,sync,30,1,btc,reverse,551,24,-20.9426577337857,-17.195005416870117,0.33575317604355714,-20.007205833756984,-0.9354519000287081,-0.2927349541553449,0.7349
select,z2.0_v3.0_b0.6_sync,sync,30,1,eth,continue,551,24,-18.57142161976837,-26.783604621887207,0.2885662431941924,-19.565515241259455,0.9940936214910877,0.30414973500385173,0.7035
select,z2.0_v3.0_b0.6_sync,sync,30,1,eth,reverse,551,24,-21.428578380231638,-13.216395378112793,0.3629764065335753,-20.43448475874055,-0.994093621491088,-0.30414973500385184,0.7035
select,z2.0_v3.0_b0.6_sync,sync,30,3,alts,continue,551,24,-23.88092877860511,-32.90755271911621,0.36116152450090744,-19.7544654105839,-4.12646336802121,-0.6129381756998697,0.4002
select,z2.0_v3.0_b0.6_sync,sync,30,3,alts,reverse,551,24,-16.119071221394897,-7.09244728088379,0.47368421052631576,-20.245534589416106,4.1264633680212075,0.6129381756998693,0.4002
select,z2.0_v3.0_b0.6_sync,sync,30,3,btc,continue,551,24,-17.26424848968451,-27.424354553222656,0.32849364791288566,-19.937501825568038,2.6732533358835258,0.6060091515323583,0.4856
select,z2.0_v3.0_b0.6_sync,sync,30,3,btc,reverse,551,24,-22.7357515103155,-12.575645446777344,0.40653357531760437,-20.06249817443197,-2.673253335883528,-0.6060091515323588,0.4856
select,z2.0_v3.0_b0.6_sync,sync,30,3,eth,continue,551,24,-20.71394140620847,-28.95977020263672,0.3248638838475499,-19.530561011413052,-1.1833803947954145,-0.24804035867682045,0.7381
select,z2.0_v3.0_b0.6_sync,sync,30,3,eth,reverse,551,24,-19.286058593791545,-11.040229797363281,0.44283121597096187,-20.46943898858695,1.1833803947954114,0.24804035867681978,0.7381
select,z2.0_v3.0_b0.6_sync,sync,30,6,alts,continue,551,24,-27.184138055721775,-41.37043476104736,0.3629764065335753,-20.177327075368044,-7.0068109803537295,-0.8591959153498844,0.3385
select,z2.0_v3.0_b0.6_sync,sync,30,6,alts,reverse,551,24,-12.815861944278229,1.3704347610473626,0.5045372050816697,-19.822672924631952,7.006810980353726,0.8591959153498838,0.3385
select,z2.0_v3.0_b0.6_sync,sync,30,6,btc,continue,551,24,-15.905112225001183,-27.096529006958008,0.35934664246823955,-20.020577827512454,4.115465602511284,0.7726194120307652,0.3264
select,z2.0_v3.0_b0.6_sync,sync,30,6,btc,reverse,551,24,-24.094887774998835,-12.903470993041992,0.426497277676951,-19.979422172487535,-4.1154656025112875,-0.7726194120307659,0.3264
select,z2.0_v3.0_b0.6_sync,sync,30,6,eth,continue,551,24,-16.682235636425546,-35.398263931274414,0.35390199637023595,-19.458136013328705,2.7759003769031634,0.4707614655241057,0.5267
select,z2.0_v3.0_b0.6_sync,sync,30,6,eth,reverse,551,24,-23.317764363574472,-4.601736068725586,0.4573502722323049,-20.541863986671295,-2.775900376903168,-0.4707614655241064,0.5267
select,z2.0_v3.0_b0.6_sync,sync,30,12,alts,continue,551,24,-29.095997602667005,-33.79702091217041,0.4355716878402904,-19.17475232087116,-9.921245281795843,-0.9315947798321765,0.2627
select,z2.0_v3.0_b0.6_sync,sync,30,12,alts,reverse,551,24,-10.904002397333,-6.20297908782959,0.4827586206896552,-20.82524767912884,9.921245281795837,0.9315947798321759,0.2627
select,z2.0_v3.0_b0.6_sync,sync,30,12,btc,continue,551,24,-13.020019167780672,-26.05463981628418,0.40834845735027225,-19.485916970213186,6.4658978024325195,0.903831220728059,0.2117
select,z2.0_v3.0_b0.6_sync,sync,30,12,btc,reverse,551,24,-26.979980832219354,-13.94536018371582,0.4337568058076225,-20.514083029786818,-6.465897802432527,-0.9038312207280598,0.2117
select,z2.0_v3.0_b0.6_sync,sync,30,12,eth,continue,551,24,-19.01933483982261,-28.12530517578125,0.37568058076225047,-19.0705971060128,0.051262266190208204,0.006332507654134796,0.9921
select,z2.0_v3.0_b0.6_sync,sync,30,12,eth,reverse,551,24,-20.98066516017742,-11.87469482421875,0.4519056261343013,-20.9294028939872,-0.05126226619021526,-0.006332507654135667,0.9921
select,z2.0_v3.0_b0.6_sync,sync,60,1,alts,continue,301,24,-21.442553870305666,-32.756431102752686,0.3488372093023256,-17.58692824167271,-3.8556256286329607,-0.43493474601573845,0.653
select,z2.0_v3.0_b0.6_sync,sync,60,1,alts,reverse,301,24,-18.557446129694334,-7.243568897247314,0.45182724252491696,-22.413071758327295,3.85562562863296,0.4349347460157384,0.653
select,z2.0_v3.0_b0.6_sync,sync,60,1,btc,continue,301,24,-21.81040494544958,-23.6466121673584,0.30564784053156147,-18.360144735570763,-3.450260209878815,-0.7201924414019095,0.3458
select,z2.0_v3.0_b0.6_sync,sync,60,1,btc,reverse,301,24,-18.18959505455043,-16.3533878326416,0.3953488372093023,-21.639855264429237,3.4502602098788127,0.7201924414019091,0.3458
select,z2.0_v3.0_b0.6_sync,sync,60,1,eth,continue,301,24,-25.64806287074802,-28.84115695953369,0.29900332225913623,-18.09356494203358,-7.5544979287144365,-1.4320450249930599,0.1321
select,z2.0_v3.0_b0.6_sync,sync,60,1,eth,reverse,301,24,-14.351937129251986,-11.158843040466309,0.40863787375415284,-21.90643505796642,7.554497928714435,1.4320450249930596,0.1321
select,z2.0_v3.0_b0.6_sync,sync,60,3,alts,continue,301,24,-15.08091270725593,-24.00465726852417,0.38870431893687707,-15.115101313670214,0.03418860641428512,0.0027690314720040816,0.9979
select,z2.0_v3.0_b0.6_sync,sync,60,3,alts,reverse,301,24,-24.919087292744074,-15.99534273147583,0.4485049833887043,-24.884898686329787,-0.03418860641428558,-0.002769031472004119,0.9979
select,z2.0_v3.0_b0.6_sync,sync,60,3,btc,continue,301,24,-14.038385014201326,-23.626346588134766,0.3953488372093023,-16.74256438036694,2.7041793661656155,0.38097814760343074,0.6304
select,z2.0_v3.0_b0.6_sync,sync,60,3,btc,reverse,301,24,-25.96161498579869,-16.373653411865234,0.3920265780730897,-23.25743561963306,-2.70417936616562,-0.38097814760343135,0.6304
select,z2.0_v3.0_b0.6_sync,sync,60,3,eth,continue,301,24,-13.16621262369759,-30.53452491760254,0.36212624584717606,-16.648195772075972,3.4819831483783887,0.4100482370827647,0.5985
select,z2.0_v3.0_b0.6_sync,sync,60,3,eth,reverse,301,24,-26.833787376302432,-9.465475082397461,0.42524916943521596,-23.35180422792403,-3.481983148378395,-0.4100482370827654,0.5985
select,z2.0_v3.0_b0.6_sync,sync,60,6,alts,continue,301,24,-8.828231884395564,-28.985424041748047,0.4318936877076412,-6.551787453236373,-2.2764444311591907,-0.14555303437487807,0.8313
select,z2.0_v3.0_b0.6_sync,sync,60,6,alts,reverse,301,24,-31.171768115604436,-11.014575958251953,0.4717607973421927,-33.44821254676363,2.276444431159182,0.14555303437487752,0.8313
select,z2.0_v3.0_b0.6_sync,sync,60,6,btc,continue,301,24,-5.593840529356302,-17.057318687438965,0.4318936877076412,-11.476298467661456,5.882457938305162,0.6064942978734004,0.4953
select,z2.0_v3.0_b0.6_sync,sync,60,6,btc,reverse,301,24,-34.40615947064372,-22.942681312561035,0.4053156146179402,-28.523701532338542,-5.882457938305173,-0.6064942978734015,0.4953
select,z2.0_v3.0_b0.6_sync,sync,60,6,eth,continue,301,24,-5.7280499911387635,-27.79569149017334,0.3754152823920266,-11.596448065038535,5.868398073899781,0.5383833509479861,0.5574
select,z2.0_v3.0_b0.6_sync,sync,60,6,eth,reverse,301,24,-34.27195000886127,-12.20430850982666,0.44518272425249167,-28.403551934961467,-5.868398073899791,-0.538383350947987,0.5574
select,z2.0_v3.0_b0.6_sync,sync,60,12,alts,continue,301,24,-9.297500876493231,-16.91215753555298,0.46179401993355484,-0.9631138643949138,-8.334387012098324,-0.4198674523343525,0.618
select,z2.0_v3.0_b0.6_sync,sync,60,12,alts,reverse,301,24,-30.702499123506783,-23.08784246444702,0.46179401993355484,-39.03688613560509,8.334387012098308,0.4198674523343517,0.618
select,z2.0_v3.0_b0.6_sync,sync,60,12,btc,continue,301,24,2.30992150861162,-8.238811492919922,0.48172757475083056,-10.395028824822054,12.70495033343368,1.0223647359243353,0.2212
select,z2.0_v3.0_b0.6_sync,sync,60,12,btc,reverse,301,24,-42.30992150861165,-31.761188507080078,0.42524916943521596,-29.604971175177948,-12.704950333433693,-1.0223647359243362,0.2212
select,z2.0_v3.0_b0.6_sync,sync,60,12,eth,continue,301,24,2.4354179990647875,-19.87006187438965,0.43853820598006643,-7.836612122399466,10.272030121464267,0.7158773183066806,0.282
select,z2.0_v3.0_b0.6_sync,sync,60,12,eth,reverse,301,24,-42.435417999064825,-20.12993812561035,0.4418604651162791,-32.163387877600535,-10.27203012146428,-0.7158773183066814,0.282
select,z2.0_v3.0_b0.75_sync,sync,5,1,alts,continue,2468,24,-20.133067949084836,-22.21889019012451,0.2273095623987034,-19.90965538825749,-0.22341256082734198,-0.19686967291586813,0.8659
select,z2.0_v3.0_b0.75_sync,sync,5,1,alts,reverse,2468,24,-19.866932050915164,-17.78110980987549,0.25972447325769854,-20.09034461174251,0.22341256082734173,0.1968696729158679,0.8659
select,z2.0_v3.0_b0.75_sync,sync,5,1,btc,continue,2468,24,-21.113385058685875,-23.064274787902832,0.14789303079416533,-19.931604781065804,-1.1817802776200652,-1.9338038000992124,0.1261
select,z2.0_v3.0_b0.75_sync,sync,5,1,btc,reverse,2468,24,-18.886614941314132,-16.935725212097168,0.163290113452188,-20.068395218934192,1.1817802776200648,1.9338038000992117,0.1261
select,z2.0_v3.0_b0.75_sync,sync,5,1,eth,continue,2468,24,-20.455322731256103,-23.396272659301758,0.17382495948136142,-19.878526313571527,-0.5767964176845705,-0.8201221724416697,0.4724
select,z2.0_v3.0_b0.75_sync,sync,5,1,eth,reverse,2468,24,-19.544677268743907,-16.603727340698242,0.1867909238249595,-20.121473686428473,0.5767964176845702,0.8201221724416694,0.4724
select,z2.0_v3.0_b0.75_sync,sync,5,3,alts,continue,2468,24,-19.85108071246835,-22.74774432182312,0.2941653160453809,-19.899120373074783,0.04803966060643014,0.029793266893458695,0.971
select,z2.0_v3.0_b0.75_sync,sync,5,3,alts,reverse,2468,24,-20.14891928753165,-17.25225567817688,0.3448136142625608,-20.10087962692522,-0.048039660606430674,-0.029793266893459028,0.971
select,z2.0_v3.0_b0.75_sync,sync,5,3,btc,continue,2468,24,-20.098334380834576,-23.47435474395752,0.21150729335494328,-20.059632249357634,-0.03870213147693558,-0.041229338010185836,0.9684
select,z2.0_v3.0_b0.75_sync,sync,5,3,btc,reverse,2468,24,-19.901665619165435,-16.52564525604248,0.25486223662884927,-19.940367750642366,0.03870213147693491,0.041229338010185114,0.9684
select,z2.0_v3.0_b0.75_sync,sync,5,3,eth,continue,2468,24,-19.605850037338282,-23.894567489624023,0.23055105348460292,-20.01622707472821,0.41037703738993103,0.4025107702879744,0.5473
select,z2.0_v3.0_b0.75_sync,sync,5,3,eth,reverse,2468,24,-20.39414996266172,-16.105432510375977,0.2901134521880065,-19.983772925271786,-0.41037703738993153,-0.40251077028797483,0.5473
select,z2.0_v3.0_b0.75_sync,sync,5,6,alts,continue,2468,24,-21.184985118901515,-25.448579788208008,0.3217179902755267,-19.803436142747174,-1.3815489761543436,-0.7001596479950175,0.4678
select,z2.0_v3.0_b0.75_sync,sync,5,6,alts,reverse,2468,24,-18.81501488109848,-14.551420211791992,0.3881685575364668,-20.196563857252823,1.3815489761543427,0.7001596479950171,0.4678
select,z2.0_v3.0_b0.75_sync,sync,5,6,btc,continue,2468,24,-21.08491587097873,-25.396604537963867,0.2427066450567261,-19.979018863151683,-1.105897007827048,-0.9055633515660585,0.3709
select,z2.0_v3.0_b0.75_sync,sync,5,6,btc,reverse,2468,24,-18.915084129021274,-14.603395462036133,0.30226904376012964,-20.02098113684832,1.1058970078270476,0.9055633515660582,0.3709
select,z2.0_v3.0_b0.75_sync,sync,5,6,eth,continue,2468,24,-20.096876868552485,-25.336105823516846,0.2568881685575365,-19.92552615786681,-0.1713507106856748,-0.12657397495317507,0.8694
select,z2.0_v3.0_b0.75_sync,sync,5,6,eth,reverse,2468,24,-19.903123131447522,-14.663894176483154,0.33144246353322526,-20.074473842133195,0.17135071068567403,0.1265739749531745,0.8694
select,z2.0_v3.0_b0.75_sync,sync,5,12,alts,continue,2468,24,-21.561372515834517,-28.470171689987183,0.35615883306320906,-19.91258925083584,-1.6487832649986787,-0.6172773452816787,0.5573
select,z2.0_v3.0_b0.75_sync,sync,5,12,alts,reverse,2468,24,-18.438627484165483,-11.529828310012817,0.4343598055105348,-20.08741074916416,1.6487832649986787,0.6172773452816787,0.5573
select,z2.0_v3.0_b0.75_sync,sync,5,12,btc,continue,2468,24,-21.337950871095092,-26.30974769592285,0.2779578606158833,-20.15616742969525,-1.1817834413998327,-0.7068918585225518,0.5
select,z2.0_v3.0_b0.75_sync,sync,5,12,btc,reverse,2468,24,-18.662049128904922,-13.690252304077148,0.3642625607779579,-19.84383257030475,1.1817834413998318,0.7068918585225512,0.5
select,z2.0_v3.0_b0.75_sync,sync,5,12,eth,continue,2468,24,-21.029600925151883,-28.24570655822754,0.2901134521880065,-19.847436513950996,-1.1821644112008909,-0.6303908646523559,0.5725
select,z2.0_v3.0_b0.75_sync,sync,5,12,eth,reverse,2468,24,-18.970399074848128,-11.754293441772461,0.3881685575364668,-20.152563486049015,1.1821644112008887,0.6303908646523547,0.5725
select,z2.0_v3.0_b0.75_sync,sync,15,1,alts,continue,948,24,-18.678065000204096,-22.691990137100223,0.3143459915611814,-19.332619413167617,0.6545544129635203,0.21192368378098397,0.8383
select,z2.0_v3.0_b0.75_sync,sync,15,1,alts,reverse,948,24,-21.321934999795904,-17.30800986289978,0.3512658227848101,-20.667380586832383,-0.6545544129635211,-0.21192368378098425,0.8383
select,z2.0_v3.0_b0.75_sync,sync,15,1,btc,continue,948,24,-18.351424177990694,-23.761649131774902,0.24578059071729957,-19.74101222265622,1.3895880446655333,0.7505654360428782,0.4675
select,z2.0_v3.0_b0.75_sync,sync,15,1,btc,reverse,948,24,-21.648575822009324,-16.238350868225098,0.2521097046413502,-20.25898777734378,-1.3895880446655344,-0.7505654360428787,0.4675
select,z2.0_v3.0_b0.75_sync,sync,15,1,eth,continue,948,24,-17.184121910529807,-24.389286041259766,0.26582278481012656,-19.592722751168765,2.4086008406389614,1.1768797246739144,0.2531
select,z2.0_v3.0_b0.75_sync,sync,15,1,eth,reverse,948,24,-22.815878089470207,-15.610713958740234,0.29324894514767935,-20.40727724883124,-2.408600840638962,-1.1768797246739144,0.2531
select,z2.0_v3.0_b0.75_sync,sync,15,3,alts,continue,948,24,-23.168476985979684,-28.045154809951782,0.35654008438818563,-18.715570382931062,-4.452906603048623,-1.1567933109987434,0.2097
select,z2.0_v3.0_b0.75_sync,sync,15,3,alts,reverse,948,24,-16.83152301402032,-11.95484519004822,0.4240506329113924,-21.28442961706894,4.452906603048621,1.1567933109987427,0.2097
select,z2.0_v3.0_b0.75_sync,sync,15,3,btc,continue,948,24,-19.503211633062573,-24.43965196609497,0.28270042194092826,-19.29432344587543,-0.2088881871871313,-0.07757382849074419,0.9178
select,z2.0_v3.0_b0.75_sync,sync,15,3,btc,reverse,948,24,-20.496788366937444,-15.56034803390503,0.34282700421940926,-20.705676554124565,0.20888818718712926,0.07757382849074343,0.9178
select,z2.0_v3.0_b0.75_sync,sync,15,3,eth,continue,948,24,-19.576774956304824,-26.96331262588501,0.29324894514767935,-19.089212168621113,-0.48756278768370576,-0.16853605571177446,0.8306
select,z2.0_v3.0_b0.75_sync,sync,15,3,eth,reverse,948,24,-20.423225043695194,-13.03668737411499,0.37658227848101267,-20.910787831378894,0.4875627876837026,0.16853605571177335,0.8306
select,z2.0_v3.0_b0.75_sync,sync,15,6,alts,continue,948,24,-26.28593111340004,-33.42853307723999,0.3512658227848101,-19.247146846121375,-7.038784267278665,-1.3653044512724641,0.199
select,z2.0_v3.0_b0.75_sync,sync,15,6,alts,reverse,948,24,-13.714068886599962,-6.57146692276001,0.47151898734177217,-20.752853153878625,7.038784267278663,1.3653044512724637,0.199
select,z2.0_v3.0_b0.75_sync,sync,15,6,btc,continue,948,24,-20.280109764654433,-26.606876850128174,0.3227848101265823,-19.69528238230114,-0.5848273823532888,-0.17396727725828018,0.8252
select,z2.0_v3.0_b0.75_sync,sync,15,6,btc,reverse,948,24,-19.719890235345584,-13.393123149871826,0.40822784810126583,-20.304717617698863,0.5848273823532858,0.1739672772582793,0.8252
select,z2.0_v3.0_b0.75_sync,sync,15,6,eth,continue,948,24,-22.714665881692113,-32.364983558654785,0.31962025316455694,-19.19010783675351,-3.5245580449386,-0.8796501837604397,0.2741
select,z2.0_v3.0_b0.75_sync,sync,15,6,eth,reverse,948,24,-17.285334118307905,-7.635016441345215,0.4440928270042194,-20.80989216324649,3.5245580449385967,0.8796501837604388,0.2741
select,z2.0_v3.0_b0.75_sync,sync,15,12,alts,continue,948,24,-27.466339172190253,-38.29840540885925,0.3808016877637131,-18.030769965190927,-9.435569206999327,-1.4719618135889092,0.1393
select,z2.0_v3.0_b0.75_sync,sync,15,12,alts,reverse,948,24,-12.53366082780975,-1.7015945911407468,0.4947257383966245,-21.969230034809073,9.435569206999324,1.4719618135889088,0.1393
select,z2.0_v3.0_b0.75_sync,sync,15,12,btc,continue,948,24,-15.922651849215551,-28.475780487060547,0.35864978902953587,-18.775973193001647,2.8533213437861003,0.6825333300875934,0.3675
select,z2.0_v3.0_b0.75_sync,sync,15,12,btc,reverse,948,24,-24.077348150784466,-11.524219512939453,0.4388185654008439,-21.224026806998353,-2.8533213437861056,-0.6825333300875946,0.3675
select,z2.0_v3.0_b0.75_sync,sync,15,12,eth,continue,948,24,-17.7945916763338,-32.56078481674194,0.3639240506329114,-18.292956171156487,0.49836449482269685,0.1027891525458325,0.9089
select,z2.0_v3.0_b0.75_sync,sync,15,12,eth,reverse,948,24,-22.205408323666227,-7.439215183258057,0.46624472573839665,-21.707043828843517,-0.4983644948227015,-0.10278915254583348,0.9089
select,z2.0_v3.0_b0.75_sync,sync,30,1,alts,continue,547,24,-21.384709870793486,-27.510662078857425,0.33455210237659966,-19.48084371835266,-1.903866152440827,-0.41923225431876204,0.603
select,z2.0_v3.0_b0.75_sync,sync,30,1,alts,reverse,547,24,-18.615290129206514,-12.489337921142578,0.42047531992687387,-20.519156281647344,1.9038661524408251,0.41923225431876165,0.603
select,z2.0_v3.0_b0.75_sync,sync,30,1,btc,continue,547,24,-18.983982712084902,-22.757906913757324,0.2851919561243144,-19.681545676871234,0.6975629647863403,0.21910006774607005,0.8072
select,z2.0_v3.0_b0.75_sync,sync,30,1,btc,reverse,547,24,-21.016017287915112,-17.242093086242676,0.3327239488117002,-20.318454323128766,-0.6975629647863414,-0.21910006774607044,0.8072
select,z2.0_v3.0_b0.75_sync,sync,30,1,eth,continue,547,24,-18.66889316377518,-26.783604621887207,0.28884826325411334,-19.549521443176964,0.880628279401789,0.26591441826992723,0.7576
select,z2.0_v3.0_b0.75_sync,sync,30,1,eth,reverse,547,24,-21.33110683622483,-13.216395378112793,0.3619744058500914,-20.450478556823036,-0.880628279401791,-0.26591441826992784,0.7576
select,z2.0_v3.0_b0.75_sync,sync,30,3,alts,continue,547,24,-23.68781412323389,-32.33776807785034,0.3619744058500914,-18.279587085983653,-5.408227037250233,-0.8012670142208264,0.3186
select,z2.0_v3.0_b0.75_sync,sync,30,3,alts,reverse,547,24,-16.31218587676612,-7.662231922149658,0.46983546617915906,-21.720412914016347,5.408227037250231,0.801267014220826,0.3186
select,z2.0_v3.0_b0.75_sync,sync,30,3,btc,continue,547,24,-16.45923456718543,-27.24315643310547,0.3290676416819013,-18.73268876694674,2.2734541997613142,0.520461973684305,0.5451
select,z2.0_v3.0_b0.75_sync,sync,30,3,btc,reverse,547,24,-23.540765432814585,-12.756843566894531,0.40585009140767825,-21.267311233053256,-2.273454199761317,-0.5204619736843056,0.5451
select,z2.0_v3.0_b0.75_sync,sync,30,3,eth,continue,547,24,-20.004767281917598,-28.95977020263672,0.3272394881170018,-18.55673318589191,-1.4480340960256812,-0.30353406746329825,0.6858
select,z2.0_v3.0_b0.75_sync,sync,30,3,eth,reverse,547,24,-19.995232718082413,-11.040229797363281,0.4424131627056673,-21.44326681410808,1.448034096025679,0.30353406746329764,0.6858
select,z2.0_v3.0_b0.75_sync,sync,30,6,alts,continue,547,24,-24.7053079064629,-40.26261091232299,0.36380255941499084,-15.036749710112646,-9.668558196350256,-1.15589837398338,0.1997
select,z2.0_v3.0_b0.75_sync,sync,30,6,alts,reverse,547,24,-15.294692093537103,0.2626109123229957,0.5027422303473492,-24.963250289887355,9.66855819635025,1.1558983739833792,0.1997
select,z2.0_v3.0_b0.75_sync,sync,30,6,btc,continue,547,24,-14.64432979632558,-26.74724578857422,0.3619744058500914,-17.307145018028386,2.662815221702811,0.5031454507671997,0.5192
select,z2.0_v3.0_b0.75_sync,sync,30,6,btc,reverse,547,24,-25.355670203674435,-13.252754211425781,0.4259597806215722,-22.692854981971617,-2.662815221702816,-0.5031454507672006,0.5192
select,z2.0_v3.0_b0.75_sync,sync,30,6,eth,continue,547,24,-14.563814490979082,-33.98205757141113,0.3583180987202925,-16.363090695149285,1.7992762041702093,0.2968785138740854,0.6908
select,z2.0_v3.0_b0.75_sync,sync,30,6,eth,reverse,547,24,-25.43618550902094,-6.017942428588867,0.4515539305301645,-23.636909304850718,-1.7992762041702153,-0.2968785138740864,0.6908
select,z2.0_v3.0_b0.75_sync,sync,30,12,alts,continue,547,24,-26.424758334046526,-33.45316171646118,0.4369287020109689,-14.080249832796657,-12.344508501249873,-1.1700574452698986,0.1539
select,z2.0_v3.0_b0.75_sync,sync,30,12,alts,reverse,547,24,-13.575241665953477,-6.546838283538819,0.48080438756855576,-25.919750167203343,12.344508501249862,1.1700574452698977,0.1539
select,z2.0_v3.0_b0.75_sync,sync,30,12,btc,continue,547,24,-11.726711855510048,-26.05463981628418,0.40950639853747717,-17.442178251102593,5.715466395592555,0.8289001297834104,0.2369
select,z2.0_v3.0_b0.75_sync,sync,30,12,btc,reverse,547,24,-28.273288144489978,-13.94536018371582,0.43327239488117003,-22.557821748897407,-5.715466395592562,-0.8289001297834117,0.2369
select,z2.0_v3.0_b0.75_sync,sync,30,12,eth,continue,547,24,-16.63633772834347,-27.036328315734863,0.37842778793418647,-16.045082371675118,-0.5912553566683418,-0.07452350289492733,0.9045
select,z2.0_v3.0_b0.75_sync,sync,30,12,eth,reverse,547,24,-23.36366227165656,-12.963671684265137,0.44789762340036565,-23.954917628324882,0.5912553566683321,0.07452350289492611,0.9045
select,z2.0_v3.0_b0.75_sync,sync,60,1,alts,continue,296,24,-17.971212461188035,-31.857903003692627,0.34797297297297297,-17.312356487319274,-0.6588559738687585,-0.06841787146397572,0.9421
select,z2.0_v3.0_b0.75_sync,sync,60,1,alts,reverse,296,24,-22.02878753881197,-8.142096996307373,0.44932432432432434,-22.687643512680722,0.6588559738687585,0.06841787146397572,0.9421
select,z2.0_v3.0_b0.75_sync,sync,60,1,btc,continue,296,24,-20.01486692879652,-22.920925617218018,0.3141891891891892,-18.6068471460729,-1.408019782723609,-0.2806256761304424,0.7112
select,z2.0_v3.0_b0.75_sync,sync,60,1,btc,reverse,296,24,-19.985133071203492,-17.079074382781982,0.3918918918918919,-21.393152853927102,1.4080197827236063,0.28062567613044187,0.7112
select,z2.0_v3.0_b0.75_sync,sync,60,1,eth,continue,296,24,-23.495802347724506,-28.207857608795166,0.30405405405405406,-18.74651210533606,-4.749290242388443,-0.823374349731923,0.3842
select,z2.0_v3.0_b0.75_sync,sync,60,1,eth,reverse,296,24,-16.504197652275504,-11.792142391204834,0.40540540540540543,-21.253487894663937,4.749290242388441,0.8233743497319227,0.3842
select,z2.0_v3.0_b0.75_sync,sync,60,3,alts,continue,296,24,-18.37366249915716,-23.893285989761353,0.3885135135135135,-16.54369056023456,-1.829971938922599,-0.15198621401516288,0.8376
select,z2.0_v3.0_b0.75_sync,sync,60,3,alts,reverse,296,24,-21.626337500842848,-16.106714010238647,0.44594594594594594,-23.45630943976544,1.8299719389225977,0.15198621401516277,0.8376
select,z2.0_v3.0_b0.75_sync,sync,60,3,btc,continue,296,24,-16.414732288669903,-23.283023834228516,0.3952702702702703,-18.167578130960464,1.7528458422905686,0.2583260480600697,0.6637
select,z2.0_v3.0_b0.75_sync,sync,60,3,btc,reverse,296,24,-23.58526771133011,-16.716976165771484,0.3918918918918919,-21.83242186903954,-1.7528458422905722,-0.25832604806007026,0.6637
select,z2.0_v3.0_b0.75_sync,sync,60,3,eth,continue,296,24,-15.96586702643215,-30.123252868652344,0.3614864864864865,-17.128719111552112,1.162852085119968,0.14315718122238583,0.8471
select,z2.0_v3.0_b0.75_sync,sync,60,3,eth,reverse,296,24,-24.034132973567868,-9.876747131347656,0.4222972972972973,-22.871280888447888,-1.1628520851199735,-0.14315718122238652,0.8471
select,z2.0_v3.0_b0.75_sync,sync,60,6,alts,continue,296,24,-10.50945700020404,-29.09903049468994,0.42905405405405406,-12.90984874440206,2.400391744198023,0.1529187956848042,0.8116
select,z2.0_v3.0_b0.75_sync,sync,60,6,alts,reverse,296,24,-29.490542999795966,-10.900969505310059,0.47297297297297297,-27.090151255597938,-2.4003917441980307,-0.1529187956848047,0.8116
select,z2.0_v3.0_b0.75_sync,sync,60,6,btc,continue,296,24,-7.867603430876874,-17.428953647613525,0.42905405405405406,-16.92204544270361,9.054442011826746,0.9558269010453468,0.2929
select,z2.0_v3.0_b0.75_sync,sync,60,6,btc,reverse,296,24,-32.13239656912315,-22.571046352386475,0.40540540540540543,-23.077954557296394,-9.054442011826751,-0.9558269010453475,0.2929
select,z2.0_v3.0_b0.75_sync,sync,60,6,eth,continue,296,24,-8.345703160440614,-28.402764797210693,0.3716216216216216,-14.724259787314647,6.378556626874043,0.5899471816988238,0.5155
select,z2.0_v3.0_b0.75_sync,sync,60,6,eth,reverse,296,24,-31.654296839559418,-11.597235202789307,0.44594594594594594,-25.27574021268535,-6.378556626874049,-0.5899471816988243,0.5155
select,z2.0_v3.0_b0.75_sync,sync,60,12,alts,continue,296,24,-11.74952430499567,-18.477059602737427,0.4594594594594595,-5.775174464325649,-5.974349840670023,-0.2946750527013278,0.7298
select,z2.0_v3.0_b0.75_sync,sync,60,12,alts,reverse,296,24,-28.250475695004344,-21.522940397262573,0.46283783783783783,-34.22482553567435,5.97434984067001,0.2946750527013272,0.7298
select,z2.0_v3.0_b0.75_sync,sync,60,12,btc,continue,296,24,-0.711733569970016,-9.461898803710938,0.47635135135135137,-14.25258970743901,13.540856137469,1.094467911322643,0.2155
select,z2.0_v3.0_b0.75_sync,sync,60,12,btc,reverse,296,24,-39.28826643003001,-30.538101196289062,0.42905405405405406,-25.747410292560986,-13.540856137469017,-1.0944679113226445,0.2155
select,z2.0_v3.0_b0.75_sync,sync,60,12,eth,continue,296,24,-0.056328145233375454,-22.895593643188477,0.4358108108108108,-9.70843358217059,9.65210543693722,0.6679346154541989,0.3422
select,z2.0_v3.0_b0.75_sync,sync,60,12,eth,reverse,296,24,-39.943671854766656,-17.104406356811523,0.44594594594594594,-30.29156641782941,-9.652105436937234,-0.6679346154541999,0.3422
select,z2.0_v3.0_lead,lead,5,1,alts,continue,12,9,12.296727101008091,-25.38594126701355,0.25,-21.657036791245147,33.95376389225324,0.7325023391115153,0.833
select,z2.0_v3.0_lead,lead,5,1,alts,reverse,12,9,-52.296727101008095,-14.61405873298645,0.3333333333333333,-18.342963208754856,-33.95376389225324,-0.7325023391115153,0.833
select,z2.0_v3.0_lead,lead,5,1,btc,continue,12,9,-13.552615245183308,-17.446835041046143,0.16666666666666666,-20.619327028592433,7.066711783409121,0.5647725463071026,0.8445
select,z2.0_v3.0_lead,lead,5,1,btc,reverse,12,9,-26.4473847548167,-22.553164958953857,0.25,-19.380672971407574,-7.066711783409121,-0.5647725463071026,0.8445
select,z2.0_v3.0_lead,lead,5,1,eth,continue,12,9,-3.701109886169436,-27.00235366821289,0.25,-21.02158387502035,17.32047398885091,0.5839085822221305,0.8768
select,z2.0_v3.0_lead,lead,5,1,eth,reverse,12,9,-36.29889011383057,-12.99764633178711,0.3333333333333333,-18.978416124979656,-17.32047398885091,-0.5839085822221305,0.8768
select,z2.0_v3.0_lead,lead,5,3,alts,continue,12,9,-6.12881799538931,-43.90316724777222,0.16666666666666666,-22.342004130283996,16.213186134894684,0.2861236827938696,0.9873
select,z2.0_v3.0_lead,lead,5,3,alts,reverse,12,9,-33.871182004610695,3.903167247772217,0.5833333333333334,-17.657995869716007,-16.213186134894688,-0.2861236827938697,0.9873
select,z2.0_v3.0_lead,lead,5,3,btc,continue,12,9,-18.230487108230598,-26.77436590194702,0.25,-20.08749465147654,1.8570075432459496,0.08339133605902066,0.9627
select,z2.0_v3.0_lead,lead,5,3,btc,reverse,12,9,-21.769512891769413,-13.225634098052979,0.4166666666666667,-19.91250534852346,-1.8570075432459523,-0.08339133605902078,0.9627
select,z2.0_v3.0_lead,lead,5,3,eth,continue,12,9,-8.515824079513552,-30.01894474029541,0.3333333333333333,-20.5430281162262,12.027204036712646,0.34000412604693525,0.9582
select,z2.0_v3.0_lead,lead,5,3,eth,reverse,12,9,-31.484175920486454,-9.98105525970459,0.3333333333333333,-19.456971883773804,-12.027204036712646,-0.34000412604693525,0.9582
select,z2.0_v3.0_lead,lead,5,6,alts,continue,12,9,-40.588396986325584,-92.71802425384521,0.25,-21.9625091056029,-18.625887880722672,-0.3394644733454439,0.7326
select,z2.0_v3.0_lead,lead,5,6,alts,reverse,12,9,0.588396986325584,52.718024253845215,0.5833333333333334,-18.037490894397102,18.625887880722683,0.33946447334544405,0.7326
select,z2.0_v3.0_lead,lead,5,6,btc,continue,12,9,-23.841569026311245,-34.53280448913574,0.25,-21.37710322936376,-2.464465796947481,-0.09033207195847746,0.934
select,z2.0_v3.0_lead,lead,5,6,btc,reverse,12,9,-16.158430973688763,-5.467195510864258,0.5,-18.622896770636242,2.4644657969474775,0.09033207195847735,0.934
select,z2.0_v3.0_lead,lead,5,6,eth,continue,12,9,-20.425080458323176,-27.959604263305664,0.25,-21.548896233240765,1.1238157749175937,0.025679265743286744,0.9835
select,z2.0_v3.0_lead,lead,5,6,eth,reverse,12,9,-19.57491954167684,-12.040395736694336,0.4166666666666667,-18.451103766759235,-1.123815774917608,-0.02567926574328707,0.9835
select,z2.0_v3.0_lead,lead,5,12,alts,continue,12,9,-91.00731730461118,-120.43783783912659,0.25,-20.003463427225753,-71.00385387738547,-1.0408672297761088,0.2342
select,z2.0_v3.0_lead,lead,5,12,alts,reverse,12,9,51.007317304611206,80.43783783912659,0.75,-19.996536572774254,71.00385387738544,1.0408672297761083,0.2342
select,z2.0_v3.0_lead,lead,5,12,btc,continue,12,9,-47.46060490608217,-37.25316047668457,0.16666666666666666,-20.367718438307445,-27.092886467774708,-0.8146673296049917,0.3869
select,z2.0_v3.0_lead,lead,5,12,btc,reverse,12,9,7.460604906082149,-2.74683952331543,0.4166666666666667,-19.632281561692555,27.092886467774708,0.8146673296049916,0.3869
select,z2.0_v3.0_lead,lead,5,12,eth,continue,12,9,-29.91339484850567,-45.36773681640625,0.16666666666666666,-20.69360435009003,-9.219790498415636,-0.18810894503108272,0.8016
select,z2.0_v3.0_lead,lead,5,12,eth,reverse,12,9,-10.086605151494352,5.36773681640625,0.5833333333333334,-19.306395649909973,9.219790498415627,0.18810894503108247,0.8016
select,z2.0_v3.0_lead,lead,15,1,alts,continue,13,9,-10.953616912548359,-10.469145774841307,0.46153846153846156,-20.742287039756768,9.788670127208416,0.583124979734666,0.5505
select,z2.0_v3.0_lead,lead,15,1,alts,reverse,13,9,-29.04638308745164,-29.530854225158695,0.3076923076923077,-19.257712960243225,-9.788670127208418,-0.583124979734666,0.5505
select,z2.0_v3.0_lead,lead,15,1,btc,continue,13,9,3.4897778584406893,-4.731078147888184,0.46153846153846156,-22.48196950325599,25.971747361696682,0.9412308341112647,0.5135
select,z2.0_v3.0_lead,lead,15,1,btc,reverse,13,9,-43.489777858440696,-35.268921852111816,0.15384615384615385,-17.518030496744007,-25.971747361696686,-0.9412308341112648,0.5135
select,z2.0_v3.0_lead,lead,15,1,eth,continue,13,9,3.708939552307126,-4.16900634765625,0.46153846153846156,-22.30302260472224,26.01196215702937,1.2723065968520526,0.2901
select,z2.0_v3.0_lead,lead,15,1,eth,reverse,13,9,-43.708939552307136,-35.83099365234375,0.15384615384615385,-17.696977395277752,-26.011962157029373,-1.2723065968520528,0.2901
select,z2.0_v3.0_lead,lead,15,3,alts,continue,13,9,-29.38005447387696,43.2857084274292,0.5384615384615384,-21.16065222483415,-8.219402249042812,-0.13902317335277153,0.8798
select,z2.0_v3.0_lead,lead,15,3,alts,reverse,13,9,-10.619945526123054,-83.28570842742921,0.38461538461538464,-18.83934777516585,8.219402249042806,0.13902317335277145,0.8798
select,z2.0_v3.0_lead,lead,15,3,btc,continue,13,9,-49.146717144892776,-13.005990982055664,0.38461538461538464,-21.623023014802197,-27.523694130090572,-0.6414681128887709,0.7124
select,z2.0_v3.0_lead,lead,15,3,btc,reverse,13,9,9.146717144892762,-26.994009017944336,0.3076923076923077,-18.376976985197803,27.52369413009057,0.6414681128887708,0.7124
select,z2.0_v3.0_lead,lead,15,3,eth,continue,13,9,-34.650867535517776,-22.69293785095215,0.3076923076923077,-23.58288104717548,-11.067986488342289,-0.2621576172782091,0.8771
select,z2.0_v3.0_lead,lead,15,3,eth,reverse,13,9,-5.349132464482243,-17.30706214904785,0.38461538461538464,-16.417118952824516,11.067986488342283,0.2621576172782089,0.8771
select,z2.0_v3.0_lead,lead,15,6,alts,continue,13,9,4.7765229298518115,34.85579967498779,0.5384615384615384,-17.565207481384274,22.34173041123608,0.27831077904251617,0.7712
select,z2.0_v3.0_lead,lead,15,6,alts,reverse,13,9,-44.77652292985182,-74.8557996749878,0.38461538461538464,-22.434792518615723,-22.34173041123611,-0.2783107790425165,0.7712
select,z2.0_v3.0_lead,lead,15,6,btc,continue,13,9,-26.447984622075023,-2.723593711853028,0.3076923076923077,-18.023560413947468,-8.424424208127544,-0.1677765729671327,0.854
select,z2.0_v3.0_lead,lead,15,6,btc,reverse,13,9,-13.552015377924999,-37.27640628814697,0.3076923076923077,-21.97643958605253,8.424424208127528,0.16777657296713236,0.854
select,z2.0_v3.0_lead,lead,15,6,eth,continue,13,9,-25.90970883002649,-21.270174980163574,0.46153846153846156,-20.466979466951813,-5.442729363074673,-0.09958002395306526,0.918
select,z2.0_v3.0_lead,lead,15,6,eth,reverse,13,9,-14.090291169973538,-18.729825019836426,0.38461538461538464,-19.53302053304819,5.442729363074668,0.09958002395306514,0.918
select,z2.0_v3.0_lead,lead,15,12,alts,continue,13,9,-18.020519660069404,31.278352737426758,0.6923076923076923,-9.590640985048735,-8.429878675020664,-0.1259289833635551,0.9327
select,z2.0_v3.0_lead,lead,15,12,alts,reverse,13,9,-21.979480339930614,-71.27835273742676,0.3076923076923077,-30.409359014951264,8.429878675020653,0.12592898336355496,0.9327
select,z2.0_v3.0_lead,lead,15,12,btc,continue,13,9,-26.335515242356532,-22.450942993164062,0.3076923076923077,-7.584852255307713,-18.750662987048806,-0.4581952190914961,0.648
select,z2.0_v3.0_lead,lead,15,12,btc,reverse,13,9,-13.664484757643486,-17.549057006835938,0.3076923076923077,-32.41514774469229,18.750662987048806,0.45819521909149613,0.648
select,z2.0_v3.0_lead,lead,15,12,eth,continue,13,9,-13.780117768507756,2.6914882659912105,0.5384615384615384,-12.483861171282253,-1.2962565972254922,-0.025380046215669343,0.9865
select,z2.0_v3.0_lead,lead,15,12,eth,reverse,13,9,-26.219882231492278,-42.69148826599121,0.38461538461538464,-27.516138828717747,1.2962565972254736,0.025380046215668983,0.9865
select,z2.0_v3.0_lead,lead,30,1,alts,continue,8,7,21.394227743148807,5.714170932769775,0.75,-19.220898002386093,40.6151257455349,0.9507741053571294,0.3456
select,z2.0_v3.0_lead,lead,30,1,alts,reverse,8,7,-61.394227743148804,-45.714170932769775,0.25,-20.779101997613907,-40.6151257455349,-0.9507741053571294,0.3456
select,z2.0_v3.0_lead,lead,30,1,btc,continue,8,7,11.38609230518341,14.680366516113281,0.625,-20.27197599411011,31.658068299293518,2.4399730704182936,0.0581
select,z2.0_v3.0_lead,lead,30,1,btc,reverse,8,7,-51.38609230518341,-54.68036651611328,0.0,-19.728024005889893,-31.658068299293518,-2.4399730704182936,0.0581
select,z2.0_v3.0_lead,lead,30,1,eth,continue,8,7,27.382712364196777,1.4597582817077632,0.5,-18.99045750498772,46.373169869184494,1.6173512203333493,0.2095
select,z2.0_v3.0_lead,lead,30,1,eth,reverse,8,7,-67.38271236419679,-41.459758281707764,0.375,-21.009542495012283,-46.373169869184494,-1.6173512203333493,0.2095
select,z2.0_v3.0_lead,lead,30,3,alts,continue,8,7,22.373399436473843,14.783756732940672,0.625,-18.53903859853745,40.9124380350113,0.841786618685953,0.5661
select,z2.0_v3.0_lead,lead,30,3,alts,reverse,8,7,-62.373399436473846,-54.78375673294067,0.375,-21.460961401462555,-40.9124380350113,-0.841786618685953,0.5661
select,z2.0_v3.0_lead,lead,30,3,btc,continue,8,7,10.03828227519989,9.411613941192627,0.625,-17.77967482805252,27.817957103252414,1.4366878256042577,0.1061
select,z2.0_v3.0_lead,lead,30,3,btc,reverse,8,7,-50.03828227519989,-49.41161394119263,0.125,-22.22032517194748,-27.81795710325241,-1.4366878256042575,0.1061
select,z2.0_v3.0_lead,lead,30,3,eth,continue,8,7,12.845735549926756,1.174550056457519,0.5,-16.509268879890442,29.355004429817196,0.774575404008235,0.5325
select,z2.0_v3.0_lead,lead,30,3,eth,reverse,8,7,-52.845735549926765,-41.17455005645752,0.25,-23.490731120109558,-29.355004429817203,-0.7745754040082353,0.5325
select,z2.0_v3.0_lead,lead,30,6,alts,continue,8,7,1.0801050066947915,3.0663836002349845,0.5,-20.1599583029747,21.240063309669495,0.4764266044368501,0.6428
select,z2.0_v3.0_lead,lead,30,6,alts,reverse,8,7,-41.080105006694794,-43.066383600234985,0.375,-19.8400416970253,-21.24006330966949,-0.47642660443685,0.6428
select,z2.0_v3.0_lead,lead,30,6,btc,continue,8,7,25.131295919418335,29.934685230255127,0.625,-19.32311102747917,44.45440694689751,1.641810539751421,0.2057
select,z2.0_v3.0_lead,lead,30,6,btc,reverse,8,7,-65.13129591941835,-69.93468523025513,0.375,-20.67688897252083,-44.45440694689751,-1.641810539751421,0.2057
select,z2.0_v3.0_lead,lead,30,6,eth,continue,8,7,29.37291145324707,5.524497032165527,0.5,-14.352571666240692,43.72548311948776,0.9403134459183138,0.4146
select,z2.0_v3.0_lead,lead,30,6,eth,reverse,8,7,-69.37291145324708,-45.52449703216553,0.375,-25.647428333759308,-43.72548311948777,-0.940313445918314,0.4146
select,z2.0_v3.0_lead,lead,30,12,alts,continue,8,7,-52.77615010738373,-80.17129421234131,0.375,-12.407898679375648,-40.36825142800809,-0.5576233363535406,0.5733
select,z2.0_v3.0_lead,lead,30,12,alts,reverse,8,7,12.776150107383721,40.1712942123413,0.5,-27.59210132062435,40.368251428008065,0.5576233363535403,0.5733
select,z2.0_v3.0_lead,lead,30,12,btc,continue,8,7,26.009495854377747,22.087435722351074,0.5,-19.083910137414932,45.09340599179268,1.624771792668295,0.1746
select,z2.0_v3.0_lead,lead,30,12,btc,reverse,8,7,-66.00949585437776,-62.087435722351074,0.25,-20.916089862585068,-45.09340599179268,-1.6247717926682945,0.1746
select,z2.0_v3.0_lead,lead,30,12,eth,continue,8,7,44.00711834430693,6.07196569442749,0.5,-9.033661782741547,53.04078012704848,0.8248804382510042,0.4114
select,z2.0_v3.0_lead,lead,30,12,eth,reverse,8,7,-84.00711834430696,-46.07196569442749,0.5,-30.966338217258453,-53.04078012704849,-0.8248804382510044,0.4114
select,z2.0_v3.0_lead,lead,60,1,alts,continue,5,5,-58.88423442840576,-84.97009992599489,0.4,-35.72399628162385,-23.16023814678192,-0.3939344603516809,0.756
select,z2.0_v3.0_lead,lead,60,1,alts,reverse,5,5,18.88423442840576,44.97009992599487,0.6,-4.276003718376159,23.160238146781925,0.39393446035168095,0.756
select,z2.0_v3.0_lead,lead,60,1,btc,continue,5,5,-99.53596115112308,-75.16767501831055,0.0,-27.43767619132996,-72.0982849597931,-2.228726475429658,0.1256
select,z2.0_v3.0_lead,lead,60,1,btc,reverse,5,5,59.53596115112305,35.16767501831055,0.8,-12.562323808670046,72.09828495979309,2.228726475429658,0.1256
select,z2.0_v3.0_lead,lead,60,1,eth,continue,5,5,-60.84789752960206,-100.90853691101074,0.2,-22.743923664093014,-38.10397386550904,-0.9198579335599715,0.5018
select,z2.0_v3.0_lead,lead,60,1,eth,reverse,5,5,20.847897529602054,60.90853691101074,0.6,-17.256076335906982,38.103973865509026,0.9198579335599711,0.5018
select,z2.0_v3.0_lead,lead,60,3,alts,continue,5,5,5.579183101654043,15.872018337249756,0.8,-45.415985226631165,50.99516832828521,0.40963477567413664,0.6911
select,z2.0_v3.0_lead,lead,60,3,alts,reverse,5,5,-45.57918310165406,-55.87201833724976,0.2,5.4159852266311646,-50.99516832828523,-0.4096347756741369,0.6911
select,z2.0_v3.0_lead,lead,60,3,btc,continue,5,5,-47.06182003021242,-19.687671661376953,0.4,-39.331926107406616,-7.7298939228057915,-0.11923654653574656,0.877
select,z2.0_v3.0_lead,lead,60,3,btc,reverse,5,5,7.061820030212398,-20.312328338623047,0.4,-0.6680738925933837,7.729893922805784,0.11923654653574645,0.877
select,z2.0_v3.0_lead,lead,60,3,eth,continue,5,5,12.77850151062011,-3.3947420120239262,0.4,-31.956846714019786,44.735348224639885,0.4726982259217624,0.7544
select,z2.0_v3.0_lead,lead,60,3,eth,reverse,5,5,-52.778501510620124,-36.605257987976074,0.4,-8.043153285980226,-44.735348224639885,-0.4726982259217624,0.7544
select,z2.0_v3.0_lead,lead,60,6,alts,continue,5,5,-76.72033786773683,-156.40289306640625,0.2,-47.43894350528718,-29.281394362449657,-0.2713301303492288,0.8119
select,z2.0_v3.0_lead,lead,60,6,alts,reverse,5,5,36.7203378677368,116.40289306640624,0.8,7.438943505287173,29.281394362449625,0.27133013034922854,0.8119
select,z2.0_v3.0_lead,lead,60,6,btc,continue,5,5,-86.4184093475342,-72.28042602539062,0.4,-40.61988115310669,-45.798528194427504,-0.969559484761673,0.3678
select,z2.0_v3.0_lead,lead,60,6,btc,reverse,5,5,46.41840934753417,32.280426025390625,0.6,0.6198811531066885,45.7985281944275,0.969559484761673,0.3678
select,z2.0_v3.0_lead,lead,60,6,eth,continue,5,5,-22.636194229125994,-54.8132848739624,0.4,-38.28864216804504,15.652447938919053,0.15865383656008547,0.8719
select,z2.0_v3.0_lead,lead,60,6,eth,reverse,5,5,-17.363805770874023,14.813284873962402,0.6,-1.711357831954958,-15.652447938919074,-0.15865383656008566,0.8719
select,z2.0_v3.0_lead,lead,60,12,alts,continue,5,5,58.86010885238646,-263.06557178497314,0.4,-60.96668517589569,119.82679402828214,0.3698820717071537,0.8764
select,z2.0_v3.0_lead,lead,60,12,alts,reverse,5,5,-98.8601088523865,223.06557178497312,0.6,20.966685175895687,-119.82679402828215,-0.36988207170715376,0.8764
select,z2.0_v3.0_lead,lead,60,12,btc,continue,5,5,46.06769561767576,5.193691253662109,0.6,-53.83322358131409,99.90091919898987,0.44550884059773516,0.7519
select,z2.0_v3.0_lead,lead,60,12,btc,reverse,5,5,-86.06769561767581,-45.19369125366211,0.4,13.833223581314089,-99.90091919898988,-0.44550884059773527,0.7519
select,z2.0_v3.0_lead,lead,60,12,eth,continue,5,5,195.6858444213867,-136.119384765625,0.4,-54.29784774780273,249.98369216918945,0.7687898915842455,0.6874
select,z2.0_v3.0_lead,lead,60,12,eth,reverse,5,5,-235.68584442138672,96.119384765625,0.6,14.297847747802733,-249.98369216918945,-0.7687898915842455,0.6874
select,z3.0_v2.0_b0.6_sync,sync,5,1,alts,continue,1525,24,-23.123467351569502,-22.55826711654663,0.2360655737704918,-20.07285774105885,-3.050609610510654,-1.9497763117019777,0.1329
select,z3.0_v2.0_b0.6_sync,sync,5,1,alts,reverse,1525,24,-16.876532648430498,-17.44173288345337,0.2813114754098361,-19.92714225894115,3.050609610510654,1.9497763117019777,0.1329
select,z3.0_v2.0_b0.6_sync,sync,5,1,btc,continue,1525,24,-21.862665473437705,-23.587007522583008,0.16393442622950818,-19.979146269501232,-1.8835192039364679,-2.093192041079597,0.1292
select,z3.0_v2.0_b0.6_sync,sync,5,1,btc,reverse,1525,24,-18.137334526562306,-16.412992477416992,0.1901639344262295,-20.020853730498768,1.8835192039364679,2.093192041079597,0.1292
select,z3.0_v2.0_b0.6_sync,sync,5,1,eth,continue,1525,24,-21.845342995690523,-23.674030303955078,0.18163934426229508,-19.997478254505847,-1.8478647411846725,-1.7694673247451715,0.1708
select,z3.0_v2.0_b0.6_sync,sync,5,1,eth,reverse,1525,24,-18.154657004309488,-16.325969696044922,0.21049180327868852,-20.002521745494153,1.847864741184672,1.7694673247451713,0.1708
select,z3.0_v2.0_b0.6_sync,sync,5,3,alts,continue,1525,24,-24.04970455169678,-23.324580192565918,0.29311475409836063,-19.5792947659727,-4.470409785724077,-1.9702009099469602,0.121
select,z3.0_v2.0_b0.6_sync,sync,5,3,alts,reverse,1525,24,-15.950295448303219,-16.675419807434082,0.3586885245901639,-20.4207052340273,4.470409785724077,1.9702009099469602,0.121
select,z3.0_v2.0_b0.6_sync,sync,5,3,btc,continue,1525,24,-20.943163965569173,-24.010796546936035,0.23868852459016393,-19.697839451617885,-1.245324513951286,-0.9217951558547307,0.4534
select,z3.0_v2.0_b0.6_sync,sync,5,3,btc,reverse,1525,24,-19.056836034430837,-15.989203453063965,0.2740983606557377,-20.302160548382115,1.2453245139512854,0.9217951558547302,0.4534
select,z3.0_v2.0_b0.6_sync,sync,5,3,eth,continue,1525,24,-21.422985655362492,-24.814863204956055,0.2380327868852459,-19.707236231350507,-1.715749424011981,-1.1470024256511244,0.3566
select,z3.0_v2.0_b0.6_sync,sync,5,3,eth,reverse,1525,24,-18.577014344637515,-15.185136795043945,0.30295081967213117,-20.292763768649493,1.7157494240119808,1.1470024256511242,0.3566
select,z3.0_v2.0_b0.6_sync,sync,5,6,alts,continue,1525,24,-25.61579942703247,-25.386579036712646,0.30950819672131147,-19.849471217687015,-5.766328209345461,-2.030911301217698,0.0874
select,z3.0_v2.0_b0.6_sync,sync,5,6,alts,reverse,1525,24,-14.38420057296753,-14.613420963287354,0.4,-20.150528782312985,5.766328209345458,2.0309113012176976,0.0874
select,z3.0_v2.0_b0.6_sync,sync,5,6,btc,continue,1525,24,-21.65488680855173,-25.605220794677734,0.2577049180327869,-19.774187295163266,-1.880699513388463,-1.0598756807781515,0.3011
select,z3.0_v2.0_b0.6_sync,sync,5,6,btc,reverse,1525,24,-18.345113191448277,-14.394779205322266,0.3140983606557377,-20.225812704836734,1.8806995133884612,1.0598756807781509,0.3011
select,z3.0_v2.0_b0.6_sync,sync,5,6,eth,continue,1525,24,-22.68206088269344,-27.20798969268799,0.24918032786885247,-19.82075884693959,-2.861302035753845,-1.416531118941322,0.1722
select,z3.0_v2.0_b0.6_sync,sync,5,6,eth,reverse,1525,24,-17.317939117306572,-12.792010307312012,0.3521311475409836,-20.17924115306041,2.8613020357538432,1.416531118941321,0.1722
select,z3.0_v2.0_b0.6_sync,sync,5,12,alts,continue,1525,24,-25.56954173572728,-29.189188480377197,0.35081967213114756,-19.82727708777443,-5.742264647952846,-1.572683884623585,0.1533
select,z3.0_v2.0_b0.6_sync,sync,5,12,alts,reverse,1525,24,-14.43045826427272,-10.810811519622803,0.44524590163934424,-20.172722912225566,5.7422646479528465,1.5726838846235853,0.1533
select,z3.0_v2.0_b0.6_sync,sync,5,12,btc,continue,1525,24,-22.840349713309873,-26.47902488708496,0.27934426229508197,-19.603658719140974,-3.236690994168893,-1.4127916699568932,0.1382
select,z3.0_v2.0_b0.6_sync,sync,5,12,btc,reverse,1525,24,-17.159650286690137,-13.520975112915039,0.37508196721311476,-20.396341280859023,3.23669099416889,1.412791669956892,0.1382
select,z3.0_v2.0_b0.6_sync,sync,5,12,eth,continue,1525,24,-23.979891636332532,-29.675025939941406,0.28524590163934427,-19.736285737303433,-4.243605899029092,-1.6371569907121206,0.0909
select,z3.0_v2.0_b0.6_sync,sync,5,12,eth,reverse,1525,24,-16.020108363667482,-10.324974060058594,0.4157377049180328,-20.263714262696567,4.243605899029089,1.6371569907121197,0.0909
select,z3.0_v2.0_b0.6_sync,sync,15,1,alts,continue,594,24,-21.734410773222695,-24.71736788749695,0.30303030303030304,-19.969398201716064,-1.7650125715066287,-0.39628673021427174,0.6954
select,z3.0_v2.0_b0.6_sync,sync,15,1,alts,reverse,594,24,-18.2655892267773,-15.282632112503052,0.38047138047138046,-20.030601798283936,1.7650125715066283,0.39628673021427163,0.6954
select,z3.0_v2.0_b0.6_sync,sync,15,1,btc,continue,594,24,-18.340574579206784,-23.972351551055908,0.265993265993266,-20.021988093250933,1.6814135140441473,0.5959555986468853,0.611
select,z3.0_v2.0_b0.6_sync,sync,15,1,btc,reverse,594,24,-21.65942542079322,-16.027648448944092,0.2760942760942761,-19.978011906749074,-1.681413514044149,-0.595955598646886,0.611
select,z3.0_v2.0_b0.6_sync,sync,15,1,eth,continue,594,24,-18.126714317886922,-26.666183471679688,0.26936026936026936,-20.019930077321604,1.8932157594346835,0.6271754603649256,0.5403
select,z3.0_v2.0_b0.6_sync,sync,15,1,eth,reverse,594,24,-21.87328568211309,-13.333816528320312,0.32323232323232326,-19.9800699226784,-1.8932157594346846,-0.6271754603649259,0.5403
select,z3.0_v2.0_b0.6_sync,sync,15,3,alts,continue,594,24,-26.688941970016018,-32.27204203605652,0.3569023569023569,-19.429442367770452,-7.259499602245564,-1.2959085765627703,0.1987
select,z3.0_v2.0_b0.6_sync,sync,15,3,alts,reverse,594,24,-13.311058029983982,-7.727957963943482,0.4511784511784512,-20.570557632229544,7.259499602245561,1.2959085765627698,0.1987
select,z3.0_v2.0_b0.6_sync,sync,15,3,btc,continue,594,24,-20.38293074277114,-24.43965196609497,0.30303030303030304,-19.353180479521704,-1.0297502632494333,-0.26685155736724914,0.7858
select,z3.0_v2.0_b0.6_sync,sync,15,3,btc,reverse,594,24,-19.61706925722887,-15.56034803390503,0.3484848484848485,-20.6468195204783,1.0297502632494304,0.2668515573672484,0.7858
select,z3.0_v2.0_b0.6_sync,sync,15,3,eth,continue,594,24,-20.583390996913728,-26.02930784225464,0.3181818181818182,-19.64171903904038,-0.9416719578733358,-0.22712263174465924,0.8095
select,z3.0_v2.0_b0.6_sync,sync,15,3,eth,reverse,594,24,-19.41660900308629,-13.970692157745361,0.398989898989899,-20.358280960959622,0.9416719578733326,0.22712263174465844,0.8095
select,z3.0_v2.0_b0.6_sync,sync,15,6,alts,continue,594,24,-26.512696795190628,-34.015018939971924,0.3653198653198653,-18.844762876981033,-7.667933918209592,-1.08023742964342,0.2941
select,z3.0_v2.0_b0.6_sync,sync,15,6,alts,reverse,594,24,-13.487303204809379,-5.984981060028076,0.4764309764309764,-21.155237123018964,7.667933918209588,1.0802374296434196,0.2941
select,z3.0_v2.0_b0.6_sync,sync,15,6,btc,continue,594,24,-18.12535364619811,-25.612969398498535,0.3383838383838384,-19.36321518236539,1.2378615361672847,0.2736682263240301,0.767
select,z3.0_v2.0_b0.6_sync,sync,15,6,btc,reverse,594,24,-21.874646353801904,-14.387030601501465,0.40235690235690236,-20.63678481763461,-1.2378615361672871,-0.2736682263240306,0.767
select,z3.0_v2.0_b0.6_sync,sync,15,6,eth,continue,594,24,-20.377563314405766,-29.71972942352295,0.3501683501683502,-19.42040503627122,-0.9571582781345379,-0.17927979333991984,0.8459
select,z3.0_v2.0_b0.6_sync,sync,15,6,eth,reverse,594,24,-19.622436685594256,-10.28027057647705,0.43265993265993263,-20.579594963728784,0.9571582781345321,0.17927979333991878,0.8459
select,z3.0_v2.0_b0.6_sync,sync,15,12,alts,continue,594,24,-30.428649106812397,-34.36413526535034,0.38552188552188554,-16.968096096306944,-13.46055301050546,-1.6317401769080964,0.1371
select,z3.0_v2.0_b0.6_sync,sync,15,12,alts,reverse,594,24,-9.571350893187601,-5.635864734649659,0.4882154882154882,-23.031903903693063,13.460553010505459,1.6317401769080961,0.1371
select,z3.0_v2.0_b0.6_sync,sync,15,12,btc,continue,594,24,-15.604887955919269,-27.748007774353027,0.38552188552188554,-18.342149536617676,2.7372615806984157,0.5076859128879939,0.5682
select,z3.0_v2.0_b0.6_sync,sync,15,12,btc,reverse,594,24,-24.39511204408075,-12.251992225646973,0.43434343434343436,-21.65785046338232,-2.73726158069842,-0.5076859128879948,0.5682
select,z3.0_v2.0_b0.6_sync,sync,15,12,eth,continue,594,24,-17.708483376486946,-32.676119804382324,0.35858585858585856,-18.81859926462976,1.1101158881428255,0.1770641313696488,0.8388
select,z3.0_v2.0_b0.6_sync,sync,15,12,eth,reverse,594,24,-22.291516623513076,-7.323880195617676,0.4663299663299663,-21.18140073537024,-1.110115888142831,-0.17706413136964966,0.8388
select,z3.0_v2.0_b0.6_sync,sync,30,1,alts,continue,351,24,-16.00247046207091,-31.491477489471436,0.3561253561253561,-20.357328283141484,4.35485782107057,0.680038030315218,0.4794
select,z3.0_v2.0_b0.6_sync,sync,30,1,alts,reverse,351,24,-23.99752953792909,-8.508522510528564,0.4444444444444444,-19.642671716858523,-4.354857821070569,-0.680038030315218,0.4794
select,z3.0_v2.0_b0.6_sync,sync,30,1,btc,continue,351,24,-13.586847585151004,-25.069375038146973,0.31339031339031337,-19.91905977922967,6.332212194078668,1.3475847723601269,0.2002
select,z3.0_v2.0_b0.6_sync,sync,30,1,btc,reverse,351,24,-26.413152414849005,-14.930624961853027,0.36752136752136755,-20.080940220770337,-6.33221219407867,-1.3475847723601273,0.2002
select,z3.0_v2.0_b0.6_sync,sync,30,1,eth,continue,351,24,-10.878555170151587,-28.151531219482422,0.31054131054131057,-19.688350661867364,8.809795491715779,1.6681661525243998,0.1204
select,z3.0_v2.0_b0.6_sync,sync,30,1,eth,reverse,351,24,-29.121444829848425,-11.848468780517578,0.38461538461538464,-20.311649338132636,-8.809795491715784,-1.6681661525244007,0.1204
select,z3.0_v2.0_b0.6_sync,sync,30,3,alts,continue,351,24,-11.638150615909504,-31.316096782684323,0.37606837606837606,-20.28232872146487,8.644178105555367,0.9427579275647676,0.3975
select,z3.0_v2.0_b0.6_sync,sync,30,3,alts,reverse,351,24,-28.3618493840905,-8.683903217315676,0.4700854700854701,-19.717671278535136,-8.64417810555537,-0.942757927564768,0.3975
select,z3.0_v2.0_b0.6_sync,sync,30,3,btc,continue,351,24,-9.931218304865046,-27.24315643310547,0.3504273504273504,-19.560866600427875,9.629648295562829,1.5840815701767292,0.1882
select,z3.0_v2.0_b0.6_sync,sync,30,3,btc,reverse,351,24,-30.068781695134973,-12.756843566894531,0.4017094017094017,-20.439133399572132,-9.629648295562834,-1.5840815701767301,0.1882
select,z3.0_v2.0_b0.6_sync,sync,30,3,eth,continue,351,24,-8.69827160468469,-25.341768264770508,0.36752136752136755,-19.41202921745105,10.713757612766365,1.509852933290235,0.1979
select,z3.0_v2.0_b0.6_sync,sync,30,3,eth,reverse,351,24,-31.30172839531532,-14.658231735229492,0.43304843304843305,-20.587970782548954,-10.713757612766365,-1.509852933290235,0.1979
select,z3.0_v2.0_b0.6_sync,sync,30,6,alts,continue,351,24,-19.389880878633246,-29.844505786895752,0.4045584045584046,-18.077979761990388,-1.31190111664286,-0.11897825650173145,0.9206
select,z3.0_v2.0_b0.6_sync,sync,30,6,alts,reverse,351,24,-20.610119121366758,-10.155494213104248,0.47863247863247865,-21.922020238009615,1.3119011166428554,0.11897825650173102,0.9206
select,z3.0_v2.0_b0.6_sync,sync,30,6,btc,continue,351,24,-13.213680055406368,-26.141066551208496,0.38461538461538464,-18.941273940594446,5.727593885188088,0.814787491027603,0.4837
select,z3.0_v2.0_b0.6_sync,sync,30,6,btc,reverse,351,24,-26.78631994459365,-13.858933448791504,0.42735042735042733,-21.058726059405554,-5.7275938851880905,-0.8147874910276034,0.4837
select,z3.0_v2.0_b0.6_sync,sync,30,6,eth,continue,351,24,-9.588945000259974,-32.07113265991211,0.4045584045584046,-18.268940255173252,8.679995254913281,1.0622446852111784,0.3396
select,z3.0_v2.0_b0.6_sync,sync,30,6,eth,reverse,351,24,-30.411054999740045,-7.928867340087891,0.4444444444444444,-21.731059744826748,-8.67999525491329,-1.0622446852111795,0.3396
select,z3.0_v2.0_b0.6_sync,sync,30,12,alts,continue,351,24,-24.901391047018546,-29.309089183807373,0.43304843304843305,-15.39381344433863,-9.507577602679913,-0.6840965517571062,0.5477
select,z3.0_v2.0_b0.6_sync,sync,30,12,alts,reverse,351,24,-15.098608952981456,-10.690910816192629,0.4843304843304843,-24.60618655566137,9.50757760267991,0.6840965517571062,0.5477
select,z3.0_v2.0_b0.6_sync,sync,30,12,btc,continue,351,24,-12.03292902378616,-24.304051399230957,0.42165242165242167,-17.200973692782583,5.168044668996433,0.573649404956969,0.6006
select,z3.0_v2.0_b0.6_sync,sync,30,12,btc,reverse,351,24,-27.967070976213865,-15.695948600769043,0.45584045584045585,-22.799026307217417,-5.168044668996442,-0.57364940495697,0.6006
select,z3.0_v2.0_b0.6_sync,sync,30,12,eth,continue,351,24,-15.757501009862322,-26.633996963500977,0.3789173789173789,-16.214938809049777,0.4574377991874635,0.04531771816866238,0.9646
select,z3.0_v2.0_b0.6_sync,sync,30,12,eth,reverse,351,24,-24.242498990137705,-13.366003036499023,0.45584045584045585,-23.785061190950227,-0.457437799187473,-0.04531771816866331,0.9646
select,z3.0_v2.0_b0.6_sync,sync,60,1,alts,continue,180,24,4.626413451300726,-21.54609084129334,0.4444444444444444,-21.518245485093857,26.144658936394578,1.890561845159505,0.0644
select,z3.0_v2.0_b0.6_sync,sync,60,1,alts,reverse,180,24,-44.62641345130073,-18.453909158706665,0.4111111111111111,-18.48175451490614,-26.144658936394578,-1.890561845159505,0.0644
select,z3.0_v2.0_b0.6_sync,sync,60,1,btc,continue,180,24,-9.89031049940322,-22.260208129882812,0.36666666666666664,-20.628059605757397,10.737749106354181,1.315683542734071,0.1761
select,z3.0_v2.0_b0.6_sync,sync,60,1,btc,reverse,180,24,-30.109689500596804,-17.739791870117188,0.4166666666666667,-19.371940394242603,-10.737749106354185,-1.3156835427340712,0.1761
select,z3.0_v2.0_b0.6_sync,sync,60,1,eth,continue,180,24,-5.403031110763561,-23.883540630340576,0.38333333333333336,-20.901403526465096,15.498372415701548,1.6061435755128974,0.0876
select,z3.0_v2.0_b0.6_sync,sync,60,1,eth,reverse,180,24,-34.59696888923646,-16.116459369659424,0.3888888888888889,-19.0985964735349,-15.498372415701548,-1.6061435755128974,0.0876
select,z3.0_v2.0_b0.6_sync,sync,60,3,alts,continue,180,24,9.599903159671353,-14.490319490432741,0.45555555555555555,-18.376154717471866,27.976057877143216,1.511689337156505,0.211
select,z3.0_v2.0_b0.6_sync,sync,60,3,alts,reverse,180,24,-49.59990315967136,-25.50968050956726,0.4222222222222222,-21.623845282528134,-27.97605787714322,-1.5116893371565052,0.211
select,z3.0_v2.0_b0.6_sync,sync,60,3,btc,continue,180,24,-4.687103165520572,-13.806779384613037,0.4388888888888889,-19.215825233194565,14.528722067673998,1.524005807806639,0.1917
select,z3.0_v2.0_b0.6_sync,sync,60,3,btc,reverse,180,24,-35.31289683447946,-26.193220615386963,0.37222222222222223,-20.784174766805435,-14.528722067674005,-1.5240058078066396,0.1917
select,z3.0_v2.0_b0.6_sync,sync,60,3,eth,continue,180,24,7.767876784006743,-20.939369201660156,0.45,-19.63029291894701,27.398169702953762,2.306615891674392,0.0359
select,z3.0_v2.0_b0.6_sync,sync,60,3,eth,reverse,180,24,-47.76787678400677,-19.060630798339844,0.3888888888888889,-20.369707081052997,-27.39816970295377,-2.306615891674393,0.0359
select,z3.0_v2.0_b0.6_sync,sync,60,6,alts,continue,180,24,18.30283648437924,-0.4571390151977546,0.5,-12.912541591458849,31.215378075838085,1.3961097489905647,0.2004
select,z3.0_v2.0_b0.6_sync,sync,60,6,alts,reverse,180,24,-58.302836484379235,-39.542860984802246,0.45,-27.08745840854115,-31.215378075838103,-1.3961097489905656,0.2004
select,z3.0_v2.0_b0.6_sync,sync,60,6,btc,continue,180,24,1.155542797512465,-3.8629364967346196,0.49444444444444446,-17.446174919605255,18.60171771711773,1.466377165686774,0.1724
select,z3.0_v2.0_b0.6_sync,sync,60,6,btc,reverse,180,24,-41.155542797512496,-36.13706350326538,0.38333333333333336,-22.553825080394745,-18.601717717117737,-1.4663771656867743,0.1724
select,z3.0_v2.0_b0.6_sync,sync,60,6,eth,continue,180,24,14.817771779166309,-15.421767234802246,0.45555555555555555,-16.886111299196877,31.703883078363205,2.1750369925543898,0.0209
select,z3.0_v2.0_b0.6_sync,sync,60,6,eth,reverse,180,24,-54.81777177916635,-24.578232765197754,0.39444444444444443,-23.113888700803123,-31.703883078363212,-2.17503699255439,0.0209
select,z3.0_v2.0_b0.6_sync,sync,60,12,alts,continue,180,24,12.195714844597713,-4.121674299240113,0.49444444444444446,-2.572905431191125,14.768620275788834,0.5556413259817378,0.5792
select,z3.0_v2.0_b0.6_sync,sync,60,12,alts,reverse,180,24,-52.19571484459772,-35.87832570075989,0.4444444444444444,-37.42709456880887,-14.768620275788841,-0.5556413259817381,0.5792
select,z3.0_v2.0_b0.6_sync,sync,60,12,btc,continue,180,24,10.70539236068724,6.156008243560791,0.5222222222222223,-11.85186525185903,22.55725761254628,1.392506136630018,0.1634
select,z3.0_v2.0_b0.6_sync,sync,60,12,btc,reverse,180,24,-50.70539236068728,-46.15600824356079,0.38333333333333336,-28.14813474814098,-22.557257612546294,-1.3925061366300189,0.1634
select,z3.0_v2.0_b0.6_sync,sync,60,12,eth,continue,180,24,16.686185333463865,-10.130364894866943,0.4777777777777778,-9.740049011177486,26.42623434464136,1.4877185971066231,0.0936
select,z3.0_v2.0_b0.6_sync,sync,60,12,eth,reverse,180,24,-56.6861853334639,-29.869635105133057,0.3888888888888889,-30.25995098882251,-26.426234344641376,-1.4877185971066238,0.0936
select,z3.0_v2.0_b0.75_sync,sync,5,1,alts,continue,1522,24,-23.255373952266577,-22.641654014587402,0.23587385019710908,-19.9585983999142,-3.2967755523523734,-2.085708900796088,0.1105
select,z3.0_v2.0_b0.75_sync,sync,5,1,alts,reverse,1522,24,-16.744626047733423,-17.358345985412598,0.28252299605781866,-20.041401600085795,3.2967755523523734,2.085708900796088,0.1105
select,z3.0_v2.0_b0.75_sync,sync,5,1,btc,continue,1522,24,-21.858707796415118,-23.612041473388672,0.164257555847569,-19.946186424241585,-1.9125213721735248,-2.121724350948376,0.1243
select,z3.0_v2.0_b0.75_sync,sync,5,1,btc,reverse,1522,24,-18.141292203584896,-16.387958526611328,0.19053876478318002,-20.053813575758415,1.9125213721735244,2.1217243509483756,0.1243
select,z3.0_v2.0_b0.75_sync,sync,5,1,eth,continue,1522,24,-21.89687826630321,-23.67581844329834,0.18199737187910645,-19.9786470667918,-1.9182311995114043,-1.8282882568330956,0.1604
select,z3.0_v2.0_b0.75_sync,sync,5,1,eth,reverse,1522,24,-18.103121733696803,-16.32418155670166,0.21156373193166886,-20.021352933208203,1.9182311995114039,1.8282882568330954,0.1604
select,z3.0_v2.0_b0.75_sync,sync,5,3,alts,continue,1522,24,-24.241069011713297,-23.328752517700195,0.29303547963206306,-20.16835477325512,-4.072714238458176,-1.7937362178154896,0.1622
select,z3.0_v2.0_b0.75_sync,sync,5,3,alts,reverse,1522,24,-15.758930988286703,-16.671247482299805,0.35939553219448095,-19.83164522674488,4.0727142384581745,1.793736217815489,0.1622
select,z3.0_v2.0_b0.75_sync,sync,5,3,btc,continue,1522,24,-20.934846767771422,-23.997087478637695,0.23915900131406045,-19.977434335494323,-0.9574124322770926,-0.7139796591140434,0.5552
select,z3.0_v2.0_b0.75_sync,sync,5,3,btc,reverse,1522,24,-19.06515323222859,-16.002912521362305,0.2733245729303548,-20.022565664505677,0.9574124322770922,0.7139796591140432,0.5552
select,z3.0_v2.0_b0.75_sync,sync,5,3,eth,continue,1522,24,-21.481161324329356,-24.815757274627686,0.2378449408672799,-20.06483354252052,-1.416327781808831,-0.946876530103862,0.4342
select,z3.0_v2.0_b0.75_sync,sync,5,3,eth,reverse,1522,24,-18.518838675670654,-15.184242725372314,0.3035479632063075,-19.93516645747948,1.4163277818088302,0.9468765301038617,0.4342
select,z3.0_v2.0_b0.75_sync,sync,5,6,alts,continue,1522,24,-26.08473430325261,-25.56434392929077,0.30814717477003944,-19.94693265755449,-6.13780164569812,-2.163689912336668,0.083
select,z3.0_v2.0_b0.75_sync,sync,5,6,alts,reverse,1522,24,-13.915265696747387,-14.43565607070923,0.4007884362680683,-20.053067342445512,6.13780164569812,2.163689912336668,0.083
select,z3.0_v2.0_b0.75_sync,sync,5,6,btc,continue,1522,24,-21.637458644621326,-25.633234977722168,0.2575558475689882,-19.797118144812316,-1.8403404998090052,-1.0493961374273906,0.315
select,z3.0_v2.0_b0.75_sync,sync,5,6,btc,reverse,1522,24,-18.36254135537869,-14.366765022277832,0.3140604467805519,-20.202881855187687,1.8403404998090038,1.04939613742739,0.315
select,z3.0_v2.0_b0.75_sync,sync,5,6,eth,continue,1522,24,-22.731260661226695,-27.229149341583252,0.2490144546649146,-19.967838947155787,-2.763421714070906,-1.377883700199087,0.1855
select,z3.0_v2.0_b0.75_sync,sync,5,6,eth,reverse,1522,24,-17.268739338773315,-12.770850658416748,0.35216819973718794,-20.032161052844213,2.7634217140709048,1.3778837001990862,0.1855
select,z3.0_v2.0_b0.75_sync,sync,5,12,alts,continue,1522,24,-26.780296329129857,-29.627896547317505,0.3495400788436268,-20.21047348496792,-6.569822844161937,-1.831425314286167,0.1111
select,z3.0_v2.0_b0.75_sync,sync,5,12,alts,reverse,1522,24,-13.219703670870146,-10.372103452682495,0.44612352168199737,-19.789526515032087,6.569822844161937,1.831425314286167,0.1111
select,z3.0_v2.0_b0.75_sync,sync,5,12,btc,continue,1522,24,-23.008938415291748,-26.592273712158203,0.2779237844940867,-19.82061535707441,-3.188323058217334,-1.4108104818895126,0.1291
select,z3.0_v2.0_b0.75_sync,sync,5,12,btc,reverse,1522,24,-16.991061584708262,-13.407726287841797,0.37582128777923784,-20.17938464292559,3.188323058217332,1.410810481889512,0.1291
select,z3.0_v2.0_b0.75_sync,sync,5,12,eth,continue,1522,24,-24.146666157104665,-29.66966152191162,0.2851511169513798,-19.974697045051787,-4.171969112052869,-1.6281777124955044,0.0765
select,z3.0_v2.0_b0.75_sync,sync,5,12,eth,reverse,1522,24,-15.853333842895353,-10.330338478088379,0.4159001314060447,-20.025302954948216,4.171969112052866,1.628177712495503,0.0765
select,z3.0_v2.0_b0.75_sync,sync,15,1,alts,continue,591,24,-21.44023437387044,-24.88075017929077,0.30456852791878175,-19.979474860197797,-1.4607595136726377,-0.32694185228795813,0.7564
select,z3.0_v2.0_b0.75_sync,sync,15,1,alts,reverse,591,24,-18.559765626129565,-15.119249820709229,0.38071065989847713,-20.0205251398022,1.460759513672636,0.32694185228795775,0.7564
select,z3.0_v2.0_b0.75_sync,sync,15,1,btc,continue,591,24,-18.17511353597625,-23.979206085205078,0.2673434856175973,-19.909766131851274,1.7346525958750252,0.6126549223683461,0.6085
select,z3.0_v2.0_b0.75_sync,sync,15,1,btc,reverse,591,24,-21.824886464023756,-16.020793914794922,0.27580372250423013,-20.090233868148726,-1.7346525958750256,-0.6126549223683463,0.6085
select,z3.0_v2.0_b0.75_sync,sync,15,1,eth,continue,591,24,-18.036446506803614,-26.66975975036621,0.2707275803722504,-19.873285668755543,1.836839161951932,0.6058971807343186,0.5629
select,z3.0_v2.0_b0.75_sync,sync,15,1,eth,reverse,591,24,-21.963553493196393,-13.330240249633789,0.32148900169204736,-20.126714331244454,-1.8368391619519344,-0.6058971807343194,0.5629
select,z3.0_v2.0_b0.75_sync,sync,15,3,alts,continue,591,24,-26.9998691529792,-32.21593618392944,0.3553299492385787,-19.93336163196467,-7.06650752101453,-1.265029517599506,0.2191
select,z3.0_v2.0_b0.75_sync,sync,15,3,alts,reverse,591,24,-13.000130847020806,-7.7840638160705575,0.4517766497461929,-20.066638368035328,7.066507521014528,1.2650295175995057,0.2191
select,z3.0_v2.0_b0.75_sync,sync,15,3,btc,continue,591,24,-20.291136920754685,-24.46617603302002,0.30456852791878175,-19.770273865782066,-0.5208630549726161,-0.13501435004575688,0.8905
select,z3.0_v2.0_b0.75_sync,sync,15,3,btc,reverse,591,24,-19.708863079245326,-15.53382396697998,0.34856175972927245,-20.229726134217934,0.5208630549726134,0.1350143500457562,0.8905
select,z3.0_v2.0_b0.75_sync,sync,15,3,eth,continue,591,24,-20.825679645118782,-26.58273696899414,0.3164128595600677,-19.922628582229873,-0.9030510628889065,-0.2169548906287463,0.815
select,z3.0_v2.0_b0.75_sync,sync,15,3,eth,reverse,591,24,-19.174320354881228,-13.41726303100586,0.3993231810490694,-20.077371417770127,0.9030510628889035,0.21695489062874565,0.815
select,z3.0_v2.0_b0.75_sync,sync,15,6,alts,continue,591,24,-26.850852841249782,-33.71643543243408,0.3637901861252115,-19.101373412080623,-7.7494794291691536,-1.089710612399766,0.299
select,z3.0_v2.0_b0.75_sync,sync,15,6,alts,reverse,591,24,-13.149147158750225,-6.283564567565918,0.4754653130287648,-20.898626587919374,7.749479429169151,1.0897106123997655,0.299
select,z3.0_v2.0_b0.75_sync,sync,15,6,btc,continue,591,24,-18.029374632536864,-25.55276870727539,0.3401015228426396,-18.99750161291984,0.9681269803829791,0.2139350751599423,0.8204
select,z3.0_v2.0_b0.75_sync,sync,15,6,btc,reverse,591,24,-21.970625367463146,-14.44723129272461,0.4027072758037225,-21.00249838708016,-0.9681269803829816,-0.21393507515994287,0.8204
select,z3.0_v2.0_b0.75_sync,sync,15,6,eth,continue,591,24,-20.477797287168038,-29.829998016357422,0.34856175972927245,-19.370991729842828,-1.1068055573252074,-0.20602140987309478,0.8272
select,z3.0_v2.0_b0.75_sync,sync,15,6,eth,reverse,591,24,-19.522202712831973,-10.170001983642578,0.43316412859560066,-20.629008270157172,1.1068055573252022,0.2060214098730938,0.8272
select,z3.0_v2.0_b0.75_sync,sync,15,12,alts,continue,591,24,-30.435881429113923,-33.97274732589722,0.38578680203045684,-17.288387277606375,-13.147494151507539,-1.5951159927138694,0.1704
select,z3.0_v2.0_b0.75_sync,sync,15,12,alts,reverse,591,24,-9.564118570886086,-6.027252674102783,0.4873096446700508,-22.71161272239362,13.147494151507534,1.595115992713869,0.1704
select,z3.0_v2.0_b0.75_sync,sync,15,12,btc,continue,591,24,-15.397506833278195,-27.653236389160156,0.38578680203045684,-17.923746881549537,2.5262400482713456,0.46852954766410926,0.6103
select,z3.0_v2.0_b0.75_sync,sync,15,12,btc,reverse,591,24,-24.60249316672183,-12.346763610839844,0.43316412859560066,-22.07625311845047,-2.5262400482713496,-0.46852954766411,0.6103
select,z3.0_v2.0_b0.75_sync,sync,15,12,eth,continue,591,24,-17.282335802584946,-31.826753616333008,0.3604060913705584,-17.797995049336237,0.5156592467512969,0.08188526756959098,0.9257
select,z3.0_v2.0_b0.75_sync,sync,15,12,eth,reverse,591,24,-22.717664197415072,-8.173246383666992,0.4619289340101523,-22.202004950663767,-0.5156592467513009,-0.08188526756959161,0.9257
select,z3.0_v2.0_b0.75_sync,sync,30,1,alts,continue,350,24,-16.037900550024847,-32.18607425689697,0.35714285714285715,-20.745692907060896,4.707792357036043,0.7363724399079516,0.4427
select,z3.0_v2.0_b0.75_sync,sync,30,1,alts,reverse,350,24,-23.96209944997515,-7.813925743103027,0.44571428571428573,-19.254307092939108,-4.707792357036045,-0.7363724399079519,0.4427
select,z3.0_v2.0_b0.75_sync,sync,30,1,btc,continue,350,24,-13.885760647909986,-25.209743976593018,0.31142857142857144,-20.526731099401204,6.640970451491217,1.4150830598936357,0.1826
select,z3.0_v2.0_b0.75_sync,sync,30,1,btc,reverse,350,24,-26.11423935209002,-14.790256023406982,0.36857142857142855,-19.4732689005988,-6.64097045149122,-1.4150830598936361,0.1826
select,z3.0_v2.0_b0.75_sync,sync,30,1,eth,continue,350,24,-10.957248210906986,-28.337199687957764,0.30857142857142855,-20.128423486437118,9.171175275530134,1.7266273137496075,0.1063
select,z3.0_v2.0_b0.75_sync,sync,30,1,eth,reverse,350,24,-29.042751789093025,-11.662800312042236,0.38571428571428573,-19.871576513562882,-9.171175275530135,-1.7266273137496075,0.1063
select,z3.0_v2.0_b0.75_sync,sync,30,3,alts,continue,350,24,-12.193783351353238,-31.380165815353394,0.3742857142857143,-20.241976308822633,8.048192957469398,0.8885988069078428,0.4396
select,z3.0_v2.0_b0.75_sync,sync,30,3,alts,reverse,350,24,-27.806216648646764,-8.619834184646606,0.4714285714285714,-19.758023691177367,-8.048192957469398,-0.8885988069078428,0.4396
select,z3.0_v2.0_b0.75_sync,sync,30,3,btc,continue,350,24,-10.29544251305717,-27.54445791244507,0.3485714285714286,-20.55041023663112,10.254967723573955,1.6869491029362884,0.1759
select,z3.0_v2.0_b0.75_sync,sync,30,3,btc,reverse,350,24,-29.70455748694285,-12.455542087554932,0.40285714285714286,-19.449589763368877,-10.254967723573959,-1.6869491029362886,0.1759
select,z3.0_v2.0_b0.75_sync,sync,30,3,eth,continue,350,24,-8.818020480019712,-26.635189056396484,0.3657142857142857,-20.344721504620146,11.526701024600436,1.6134651218942409,0.1774
select,z3.0_v2.0_b0.75_sync,sync,30,3,eth,reverse,350,24,-31.181979519980302,-13.364810943603516,0.4342857142857143,-19.655278495379854,-11.526701024600442,-1.613465121894241,0.1774
select,z3.0_v2.0_b0.75_sync,sync,30,6,alts,continue,350,24,-19.553749799728397,-30.422998666763306,0.40285714285714286,-17.250802375589103,-2.3029474241392993,-0.21507731330721588,0.8551
select,z3.0_v2.0_b0.75_sync,sync,30,6,alts,reverse,350,24,-20.44625020027161,-9.577001333236694,0.48,-22.7491976244109,2.302947424139295,0.21507731330721544,0.8551
select,z3.0_v2.0_b0.75_sync,sync,30,6,btc,continue,350,24,-13.176744665418362,-26.13003969192505,0.38571428571428573,-19.18127647468022,6.004531809261865,0.8640725651649506,0.4275
select,z3.0_v2.0_b0.75_sync,sync,30,6,btc,reverse,350,24,-26.823255334581653,-13.869960308074951,0.42857142857142855,-20.818723525319783,-6.004531809261869,-0.8640725651649512,0.4275
select,z3.0_v2.0_b0.75_sync,sync,30,6,eth,continue,350,24,-9.464453288487036,-31.532902717590332,0.4057142857142857,-19.013951676232477,9.549498387745446,1.1901920536019748,0.2419
select,z3.0_v2.0_b0.75_sync,sync,30,6,eth,reverse,350,24,-30.535546711512985,-8.467097282409668,0.44285714285714284,-20.986048323767527,-9.549498387745452,-1.1901920536019757,0.2419
select,z3.0_v2.0_b0.75_sync,sync,30,12,alts,continue,350,24,-25.01379016467503,-30.165846347808838,0.43142857142857144,-13.446833411284855,-11.566956753390176,-0.8332972123174938,0.4582
select,z3.0_v2.0_b0.75_sync,sync,30,12,alts,reverse,350,24,-14.986209835324969,-9.834153652191164,0.4857142857142857,-26.553166588715147,11.566956753390174,0.8332972123174935,0.4582
select,z3.0_v2.0_b0.75_sync,sync,30,12,btc,continue,350,24,-12.134307112012602,-25.178451538085938,0.42,-16.80720755032131,4.672900438308712,0.5228221222032429,0.6117
select,z3.0_v2.0_b0.75_sync,sync,30,12,btc,reverse,350,24,-27.86569288798742,-14.821548461914062,0.45714285714285713,-23.192792449678695,-4.672900438308721,-0.5228221222032438,0.6117
select,z3.0_v2.0_b0.75_sync,sync,30,12,eth,continue,350,24,-15.68268912179131,-26.60538673400879,0.38,-16.085567474365234,0.40287835257393134,0.03939394474292383,0.9678
select,z3.0_v2.0_b0.75_sync,sync,30,12,eth,reverse,350,24,-24.317310878208726,-13.394613265991211,0.4542857142857143,-23.914432525634766,-0.402878352573944,-0.03939394474292506,0.9678
select,z3.0_v2.0_b0.75_sync,sync,60,1,alts,continue,178,24,5.45502051878511,-19.600565433502197,0.449438202247191,-19.947005490238748,25.402026009023857,1.8104053308179227,0.0765
select,z3.0_v2.0_b0.75_sync,sync,60,1,alts,reverse,178,24,-45.45502051878511,-20.399434566497803,0.4044943820224719,-20.052994509761252,-25.402026009023853,-1.8104053308179224,0.0765
select,z3.0_v2.0_b0.75_sync,sync,60,1,btc,continue,178,24,-10.066289901733407,-22.620220184326172,0.3651685393258427,-20.5275873320826,10.461297430349198,1.2515072559329714,0.2054
select,z3.0_v2.0_b0.75_sync,sync,60,1,btc,reverse,178,24,-29.933710098266616,-17.379779815673828,0.42134831460674155,-19.4724126679174,-10.4612974303492,-1.2515072559329716,0.2054
select,z3.0_v2.0_b0.75_sync,sync,60,1,eth,continue,178,24,-4.9487255128581955,-23.693699836730957,0.38764044943820225,-20.688165761111826,15.739440248253636,1.598536381585337,0.0764
select,z3.0_v2.0_b0.75_sync,sync,60,1,eth,reverse,178,24,-35.051274487141825,-16.306300163269043,0.38202247191011235,-19.31183423888817,-15.73944024825364,-1.5985363815853375,0.0764
select,z3.0_v2.0_b0.75_sync,sync,60,3,alts,continue,178,24,10.863362684678494,-9.319753646850586,0.4606741573033708,-16.340152952778208,27.203515637456697,1.4464524270174814,0.2374
select,z3.0_v2.0_b0.75_sync,sync,60,3,alts,reverse,178,24,-50.8633626846785,-30.68024635314941,0.4157303370786517,-23.659847047221795,-27.203515637456707,-1.446452427017482,0.2374
select,z3.0_v2.0_b0.75_sync,sync,60,3,btc,continue,178,24,-4.516404318005861,-13.806779384613037,0.43820224719101125,-19.06831577922521,14.551911461219353,1.5025976168396646,0.2056
select,z3.0_v2.0_b0.75_sync,sync,60,3,btc,reverse,178,24,-35.48359568199416,-26.193220615386963,0.3707865168539326,-20.93168422077479,-14.551911461219365,-1.502597616839666,0.2056
select,z3.0_v2.0_b0.75_sync,sync,60,3,eth,continue,178,24,8.443845470299868,-18.83890151977539,0.4550561797752809,-17.89078382963545,26.334629299935333,2.1375973979405933,0.0548
select,z3.0_v2.0_b0.75_sync,sync,60,3,eth,reverse,178,24,-48.4438454702999,-21.16109848022461,0.38202247191011235,-22.10921617036455,-26.334629299935333,-2.1375973979405933,0.0548
select,z3.0_v2.0_b0.75_sync,sync,60,6,alts,continue,178,24,18.511636551846276,-0.4571390151977546,0.5,-10.738029161865791,29.249665713712076,1.2795358565700323,0.2242
select,z3.0_v2.0_b0.75_sync,sync,60,6,alts,reverse,178,24,-58.51163655184628,-39.542860984802246,0.4550561797752809,-29.26197083813421,-29.249665713712083,-1.2795358565700328,0.2242
select,z3.0_v2.0_b0.75_sync,sync,60,6,btc,continue,178,24,0.7750449019871269,-5.808432102203369,0.4887640449438202,-16.284538775347592,17.059583677334725,1.3231755896629318,0.2161
select,z3.0_v2.0_b0.75_sync,sync,60,6,btc,reverse,178,24,-40.77504490198716,-34.19156789779663,0.38764044943820225,-23.715461224652405,-17.059583677334736,-1.3231755896629327,0.2161
select,z3.0_v2.0_b0.75_sync,sync,60,6,eth,continue,178,24,14.109809425439709,-15.87714672088623,0.449438202247191,-13.410642729716354,27.520452155156075,1.8589649677802484,0.0403
select,z3.0_v2.0_b0.75_sync,sync,60,6,eth,reverse,178,24,-54.10980942543974,-24.12285327911377,0.398876404494382,-26.58935727028365,-27.52045215515608,-1.8589649677802487,0.0403
select,z3.0_v2.0_b0.75_sync,sync,60,12,alts,continue,178,24,15.02851054909524,-0.3457021713256848,0.5,-2.189660390441335,17.218170939536574,0.6323186289141026,0.5003
select,z3.0_v2.0_b0.75_sync,sync,60,12,alts,reverse,178,24,-55.028510549095245,-39.654297828674316,0.43820224719101125,-37.81033960955866,-17.218170939536584,-0.6323186289141031,0.5003
select,z3.0_v2.0_b0.75_sync,sync,60,12,btc,continue,178,24,9.996683758296307,6.156008243560791,0.5224719101123596,-14.173472349563342,24.170156107859658,1.4484006463623769,0.151
select,z3.0_v2.0_b0.75_sync,sync,60,12,btc,reverse,178,24,-49.99668375829634,-46.15600824356079,0.38202247191011235,-25.826527650436656,-24.17015610785967,-1.4484006463623773,0.151
select,z3.0_v2.0_b0.75_sync,sync,60,12,eth,continue,178,24,17.78795178016918,-10.130364894866943,0.48314606741573035,-8.310033183419302,26.09798496358849,1.387738267883159,0.092
select,z3.0_v2.0_b0.75_sync,sync,60,12,eth,reverse,178,24,-57.787951780169216,-29.869635105133057,0.38764044943820225,-31.6899668165807,-26.097984963588498,-1.3877382678831596,0.092
select,z3.0_v2.0_lead,lead,5,1,alts,continue,4,4,120.5236780643463,8.634816408157349,0.75,-26.666570752859116,147.1902488172054,1.1457896254929478,0.2474
select,z3.0_v2.0_lead,lead,5,1,alts,reverse,4,4,-160.5236780643463,-48.63481640815735,0.0,-13.333429247140884,-147.1902488172054,-1.1457896254929478,0.2474
select,z3.0_v2.0_lead,lead,5,1,btc,continue,4,4,1.0019946098327632,-5.032975673675537,0.25,-24.819974303245544,25.821968913078308,0.8685200988215356,0.6245
select,z3.0_v2.0_lead,lead,5,1,btc,reverse,4,4,-41.001994609832764,-34.96702432632446,0.25,-15.180025696754457,-25.821968913078308,-0.8685200988215356,0.6245
select,z3.0_v2.0_lead,lead,5,1,eth,continue,4,4,43.84521722793579,-10.741610527038574,0.5,-25.223594605922695,69.06881183385849,0.7635605261009877,0.745
select,z3.0_v2.0_lead,lead,5,1,eth,reverse,4,4,-83.84521722793579,-29.258389472961426,0.5,-14.776405394077301,-69.06881183385849,-0.7635605261009877,0.745
select,z3.0_v2.0_lead,lead,5,3,alts,continue,4,4,86.17368221282958,-43.46656322479248,0.25,-28.83995607495308,115.01363828778265,0.6950271771129154,0.8735
select,z3.0_v2.0_lead,lead,5,3,alts,reverse,4,4,-126.17368221282958,3.4665632247924814,0.5,-11.160043925046923,-115.01363828778267,-0.6950271771129154,0.8735
select,z3.0_v2.0_lead,lead,5,3,btc,continue,4,4,2.3882496356964062,-14.0413236618042,0.25,-26.412282586097717,28.800532221794125,0.4954740737107262,0.6245
select,z3.0_v2.0_lead,lead,5,3,btc,reverse,4,4,-42.38824963569641,-25.9586763381958,0.25,-13.587717413902283,-28.800532221794132,-0.4954740737107263,0.6245
select,z3.0_v2.0_lead,lead,5,3,eth,continue,4,4,28.948377370834347,-38.91374588012695,0.5,-23.44268232584,52.39105969667434,0.5121172974387392,0.8735
select,z3.0_v2.0_lead,lead,5,3,eth,reverse,4,4,-68.94837737083435,-1.0862541198730473,0.5,-16.557317674160004,-52.39105969667434,-0.5121172974387392,0.8735
select,z3.0_v2.0_lead,lead,5,6,alts,continue,4,4,-17.101166844367985,-137.82212257385254,0.25,-27.502458989620205,10.401292145252231,0.06560752770397008,1.0
select,z3.0_v2.0_lead,lead,5,6,alts,reverse,4,4,-22.89883315563201,97.82212257385254,0.75,-12.497541010379793,-10.401292145252217,-0.06560752770396998,1.0
select,z3.0_v2.0_lead,lead,5,6,btc,continue,4,4,-26.808489561080936,-63.315887451171875,0.25,-26.765462458133698,-0.04302710294723836,-0.0006509709162087685,1.0
select,z3.0_v2.0_lead,lead,5,6,btc,reverse,4,4,-13.191510438919073,23.315887451171875,0.75,-13.234537541866302,0.04302710294722969,0.0006509709162086372,1.0
select,z3.0_v2.0_lead,lead,5,6,eth,continue,4,4,-20.567287206649794,-110.44170379638673,0.25,-24.60799038410187,4.040703177452091,0.032853629196685864,1.0
select,z3.0_v2.0_lead,lead,5,6,eth,reverse,4,4,-19.432712793350223,70.44170379638672,0.5,-15.392009615898132,-4.040703177452091,-0.032853629196685864,1.0
select,z3.0_v2.0_lead,lead,5,12,alts,continue,4,4,-10.999343991279606,-123.76879572868347,0.25,-35.78233942389489,24.782995432615294,0.16442409036391892,1.0
select,z3.0_v2.0_lead,lead,5,12,alts,reverse,4,4,-29.000656008720405,83.76879572868347,0.75,-4.217660576105118,-24.782995432615277,-0.1644240903639188,1.0
select,z3.0_v2.0_lead,lead,5,12,btc,continue,4,4,-17.08652496337892,-43.8114595413208,0.25,-31.606477200984955,14.519952237606047,0.21097587513143226,0.8739
select,z3.0_v2.0_lead,lead,5,12,btc,reverse,4,4,-22.913475036621097,3.8114595413208003,0.5,-8.393522799015045,-14.519952237606056,-0.21097587513143234,0.8739
select,z3.0_v2.0_lead,lead,5,12,eth,continue,4,4,36.68208003044128,-54.74414348602295,0.25,-29.932510554790493,66.61459058523178,0.6493284607654718,0.8768
select,z3.0_v2.0_lead,lead,5,12,eth,reverse,4,4,-76.6820800304413,14.74414348602295,0.75,-10.067489445209501,-66.61459058523178,-0.6493284607654718,0.8768
select,z3.0_v2.0_lead,lead,15,1,alts,continue,3,2,-23.722878297170002,-43.0283260345459,0.3333333333333333,-21.966882745424904,-1.7559955517450976,-0.08312903163449238,1.0
select,z3.0_v2.0_lead,lead,15,1,alts,reverse,3,2,-16.277121702829994,3.0283260345458998,0.6666666666666666,-18.033117254575096,1.755995551745096,0.08312903163449228,1.0
select,z3.0_v2.0_lead,lead,15,1,btc,continue,3,2,91.29617691040038,94.75682258605957,0.6666666666666666,-13.254363536834717,104.55054044723508,1.4456584567868003,1.0
select,z3.0_v2.0_lead,lead,15,1,btc,reverse,3,2,-131.29617691040042,-134.75682258605957,0.0,-26.74563646316528,-104.5505404472351,-1.4456584567868,1.0
select,z3.0_v2.0_lead,lead,15,1,eth,continue,3,2,49.04582182566323,19.112567901611328,0.6666666666666666,-17.176647186279297,66.22246901194254,1.0697064821241202,1.0
select,z3.0_v2.0_lead,lead,15,1,eth,reverse,3,2,-89.04582182566327,-59.11256790161133,0.0,-22.8233528137207,-66.22246901194254,-1.0697064821241202,1.0
select,z3.0_v2.0_lead,lead,15,3,alts,continue,3,2,-140.4038739204407,43.2857084274292,0.6666666666666666,-22.82441079616547,-117.57946312427525,-0.5942692061131034,1.0
select,z3.0_v2.0_lead,lead,15,3,alts,reverse,3,2,100.40387392044067,-83.28570842742921,0.3333333333333333,-17.175589203834537,117.57946312427521,0.5942692061131034,1.0
select,z3.0_v2.0_lead,lead,15,3,btc,continue,3,2,-46.47002538045248,-22.520084381103516,0.3333333333333333,-3.5589130719502777,-42.911112308502204,-0.659526895844118,0.4992
select,z3.0_v2.0_lead,lead,15,3,btc,reverse,3,2,6.470025380452474,-17.479915618896484,0.3333333333333333,-36.44108692804972,42.9111123085022,0.6595268958441179,0.4992
select,z3.0_v2.0_lead,lead,15,3,eth,continue,3,2,-42.174914677937835,-22.69293785095215,0.3333333333333333,-12.652853329976399,-29.522061347961433,-0.40915350342904105,0.4992
select,z3.0_v2.0_lead,lead,15,3,eth,reverse,3,2,2.1749146779378252,-17.30706214904785,0.3333333333333333,-27.3471466700236,29.52206134796142,0.40915350342904094,0.4992
select,z3.0_v2.0_lead,lead,15,6,alts,continue,3,2,-179.33006604512536,34.85579967498779,0.6666666666666666,-38.94648730754853,-140.38357873757678,-0.45752776441329224,1.0
select,z3.0_v2.0_lead,lead,15,6,alts,reverse,3,2,139.33006604512533,-74.8557996749878,0.3333333333333333,-1.0535126924514728,140.38357873757684,0.4575277644132924,1.0
select,z3.0_v2.0_lead,lead,15,6,btc,continue,3,2,-89.30132706960045,-13.98946762084961,0.3333333333333333,-15.9791898727417,-73.32213719685873,-0.5229725864434001,0.4992
select,z3.0_v2.0_lead,lead,15,6,btc,reverse,3,2,49.30132706960041,-26.01053237915039,0.3333333333333333,-24.020810127258297,73.3221371968587,0.5229725864434001,0.4992
select,z3.0_v2.0_lead,lead,15,6,eth,continue,3,2,-152.53748416900638,-21.270174980163574,0.3333333333333333,-24.49320673942566,-128.0442774295807,-0.8254008226633069,0.4992
select,z3.0_v2.0_lead,lead,15,6,eth,reverse,3,2,112.53748416900633,-18.729825019836426,0.3333333333333333,-15.50679326057434,128.0442774295807,0.8254008226633069,0.4992
select,z3.0_v2.0_lead,lead,15,12,alts,continue,3,2,-194.92618958155316,31.278352737426758,0.6666666666666666,-22.14159548282624,-172.7845940987269,-0.7654591861598372,1.0
select,z3.0_v2.0_lead,lead,15,12,alts,reverse,3,2,154.92618958155313,-71.27835273742676,0.3333333333333333,-17.858404517173764,172.7845940987269,0.7654591861598372,1.0
select,z3.0_v2.0_lead,lead,15,12,btc,continue,3,2,-75.31787872314455,-26.141066551208496,0.3333333333333333,7.7339816093444815,-83.05186033248903,-0.9633620569557525,1.0
select,z3.0_v2.0_lead,lead,15,12,btc,reverse,3,2,35.31787872314452,-13.858933448791504,0.3333333333333333,-47.73398160934448,83.05186033248901,0.9633620569557524,1.0
select,z3.0_v2.0_lead,lead,15,12,eth,continue,3,2,-146.25257174173993,-53.161044120788574,0.3333333333333333,-8.604873418807982,-137.64769832293194,-1.3142671163140165,0.4992
select,z3.0_v2.0_lead,lead,15,12,eth,reverse,3,2,106.25257174173989,13.161044120788574,0.6666666666666666,-31.39512658119202,137.64769832293192,1.3142671163140163,0.4992
select,z3.0_v2.0_lead,lead,30,1,alts,continue,2,2,-100.55214285850523,-100.55214285850523,0.0,-28.653334677219387,-71.89880818128587,,0.4992
select,z3.0_v2.0_lead,lead,30,1,alts,reverse,2,2,60.552142858505256,60.552142858505256,1.0,-11.346665322780611,71.89880818128586,,0.4992
select,z3.0_v2.0_lead,lead,30,1,btc,continue,2,2,-26.088316440582275,-26.088316440582275,0.0,-21.045137643814087,-5.043178796768189,,1.0
select,z3.0_v2.0_lead,lead,30,1,btc,reverse,2,2,-13.911683559417725,-13.911683559417725,0.0,-18.954862356185917,5.043178796768189,,1.0
select,z3.0_v2.0_lead,lead,30,1,eth,continue,2,2,-41.291375160217285,-41.291375160217285,0.0,-23.068938851356506,-18.22243630886078,,0.4992
select,z3.0_v2.0_lead,lead,30,1,eth,reverse,2,2,1.2913751602172847,1.2913751602172847,1.0,-16.931061148643494,18.22243630886078,,0.4992
select,z3.0_v2.0_lead,lead,30,3,alts,continue,2,2,-35.77789783477783,-35.77789783477783,0.5,-11.839088201522829,-23.93880963325501,,1.0
select,z3.0_v2.0_lead,lead,30,3,alts,reverse,2,2,-4.22210216522217,-4.22210216522217,0.5,-28.160911798477173,23.93880963325501,,1.0
select,z3.0_v2.0_lead,lead,30,3,btc,continue,2,2,12.387971878051758,12.387971878051758,0.5,-20.1562237739563,32.54419565200806,,1.0
select,z3.0_v2.0_lead,lead,30,3,btc,reverse,2,2,-52.38797187805176,-52.38797187805176,0.0,-19.8437762260437,-32.54419565200806,,1.0
select,z3.0_v2.0_lead,lead,30,3,eth,continue,2,2,-31.6574764251709,-31.6574764251709,0.0,-17.92817234992981,-13.729304075241087,,0.4992
select,z3.0_v2.0_lead,lead,30,3,eth,reverse,2,2,-8.342523574829102,-8.342523574829102,0.5,-22.07182765007019,13.729304075241087,,0.4992
select,z3.0_v2.0_lead,lead,30,6,alts,continue,2,2,-131.9787037372589,-131.9787037372589,0.0,-8.909309804439545,-123.06939393281938,,0.4992
select,z3.0_v2.0_lead,lead,30,6,alts,reverse,2,2,91.97870373725891,91.97870373725891,1.0,-31.09069019556046,123.06939393281938,,0.4992
select,z3.0_v2.0_lead,lead,30,6,btc,continue,2,2,-19.177753925323486,-19.177753925323486,0.5,-20.044986605644226,0.8672326803207389,,1.0
select,z3.0_v2.0_lead,lead,30,6,btc,reverse,2,2,-20.822246074676514,-20.822246074676514,0.5,-19.955013394355774,-0.8672326803207389,,1.0
select,z3.0_v2.0_lead,lead,30,6,eth,continue,2,2,-41.326541900634766,-41.326541900634766,0.0,-11.644367575645447,-29.68217432498932,,0.4992
select,z3.0_v2.0_lead,lead,30,6,eth,reverse,2,2,1.3265419006347652,1.3265419006347652,0.5,-28.355632424354557,29.68217432498932,,0.4992
select,z3.0_v2.0_lead,lead,30,12,alts,continue,2,2,-99.04504537582399,-99.04504537582399,0.0,-1.14382773637772,-97.90121763944626,,0.4992
select,z3.0_v2.0_lead,lead,30,12,alts,reverse,2,2,59.045045375823975,59.045045375823975,0.5,-38.856172263622284,97.90121763944626,,0.4992
select,z3.0_v2.0_lead,lead,30,12,btc,continue,2,2,5.444328784942627,5.444328784942627,0.5,-29.573504328727726,35.01783311367035,,1.0
select,z3.0_v2.0_lead,lead,30,12,btc,reverse,2,2,-45.44432878494263,-45.44432878494263,0.5,-10.426495671272278,-35.01783311367035,,1.0
select,z3.0_v2.0_lead,lead,30,12,eth,continue,2,2,6.07196569442749,6.07196569442749,0.5,-9.129289984703066,15.201255679130554,,1.0
select,z3.0_v2.0_lead,lead,30,12,eth,reverse,2,2,-46.07196569442749,-46.07196569442749,0.5,-30.870710015296936,-15.201255679130554,,1.0
select,z3.0_v2.0_lead,lead,60,1,alts,continue,1,1,-84.97009992599489,-84.97009992599489,0.0,-32.95726239681244,-52.01283752918244,,1.0
select,z3.0_v2.0_lead,lead,60,1,alts,reverse,1,1,44.97009992599487,44.97009992599487,1.0,-7.042737603187561,52.012837529182434,,1.0
select,z3.0_v2.0_lead,lead,60,1,btc,continue,1,1,-75.16767501831055,-75.16767501831055,0.0,-30.09485125541687,-45.07282376289368,,1.0
select,z3.0_v2.0_lead,lead,60,1,btc,reverse,1,1,35.16767501831055,35.16767501831055,1.0,-9.905148744583132,45.07282376289368,,1.0
select,z3.0_v2.0_lead,lead,60,1,eth,continue,1,1,-100.90853691101074,-100.90853691101074,0.0,-30.165810585021973,-70.74272632598877,,1.0
select,z3.0_v2.0_lead,lead,60,1,eth,reverse,1,1,60.90853691101074,60.90853691101074,1.0,-9.834189414978027,70.74272632598877,,1.0
select,z3.0_v2.0_lead,lead,60,3,alts,continue,1,1,15.872018337249756,15.872018337249756,1.0,-77.63942241668701,93.51144075393678,,1.0
select,z3.0_v2.0_lead,lead,60,3,alts,reverse,1,1,-55.87201833724976,-55.87201833724976,0.0,37.63942241668702,-93.51144075393678,,1.0
select,z3.0_v2.0_lead,lead,60,3,btc,continue,1,1,-19.687671661376953,-19.687671661376953,0.0,-53.11839699745178,33.43072533607483,,1.0
select,z3.0_v2.0_lead,lead,60,3,btc,reverse,1,1,-20.312328338623047,-20.312328338623047,0.0,13.11839699745178,-33.43072533607483,,1.0
select,z3.0_v2.0_lead,lead,60,3,eth,continue,1,1,-3.3947420120239262,-3.3947420120239262,0.0,-63.121635913848884,59.72689390182495,,1.0
select,z3.0_v2.0_lead,lead,60,3,eth,reverse,1,1,-36.605257987976074,-36.605257987976074,0.0,23.12163591384888,-59.72689390182495,,1.0
select,z3.0_v2.0_lead,lead,60,6,alts,continue,1,1,-161.57854318618777,-161.57854318618777,0.0,-93.33697617053986,-68.2415670156479,,1.0
select,z3.0_v2.0_lead,lead,60,6,alts,reverse,1,1,121.57854318618774,121.57854318618774,1.0,53.33697617053986,68.24156701564789,,1.0
select,z3.0_v2.0_lead,lead,60,6,btc,continue,1,1,-180.5165004730225,-180.5165004730225,0.0,-63.59617829322815,-116.92032217979433,,1.0
select,z3.0_v2.0_lead,lead,60,6,btc,reverse,1,1,140.51650047302246,140.51650047302246,1.0,23.59617829322815,116.92032217979431,,1.0
select,z3.0_v2.0_lead,lead,60,6,eth,continue,1,1,-185.77482223510745,-185.77482223510745,0.0,-70.7802665233612,-114.99455571174623,,1.0
select,z3.0_v2.0_lead,lead,60,6,eth,reverse,1,1,145.77482223510742,145.77482223510742,1.0,30.780266523361203,114.99455571174622,,1.0
select,z3.0_v2.0_lead,lead,60,12,alts,continue,1,1,-348.06307077407837,-348.06307077407837,0.0,-186.07029557228088,-161.9927752017975,,1.0
select,z3.0_v2.0_lead,lead,60,12,alts,reverse,1,1,308.06307077407837,308.06307077407837,1.0,146.07029557228086,161.9927752017975,,1.0
select,z3.0_v2.0_lead,lead,60,12,btc,continue,1,1,-183.64336013793948,-183.64336013793948,0.0,-125.43060302734376,-58.21275711059571,,1.0
select,z3.0_v2.0_lead,lead,60,12,btc,reverse,1,1,143.64336013793945,143.64336013793945,1.0,85.43060302734375,58.212757110595696,,1.0
select,z3.0_v2.0_lead,lead,60,12,eth,continue,1,1,-136.119384765625,-136.119384765625,0.0,-159.49507474899292,23.375689983367916,,1.0
select,z3.0_v2.0_lead,lead,60,12,eth,reverse,1,1,96.119384765625,96.119384765625,1.0,119.49507474899292,-23.375689983367916,,1.0
select,z3.0_v3.0_b0.6_sync,sync,5,1,alts,continue,1393,24,-23.323430469030967,-23.270936012268066,0.239770279971285,-20.01587703984501,-3.3075534291859587,-1.9639244695749496,0.118
select,z3.0_v3.0_b0.6_sync,sync,5,1,alts,reverse,1393,24,-16.676569530969036,-16.729063987731934,0.28858578607322327,-19.98412296015499,3.307553429185959,1.96392446957495,0.118
select,z3.0_v3.0_b0.6_sync,sync,5,1,btc,continue,1393,24,-21.949793729350798,-23.795623779296875,0.1715721464465183,-20.014089074651718,-1.9357046546990806,-2.0141100523188045,0.1463
select,z3.0_v3.0_b0.6_sync,sync,5,1,btc,reverse,1393,24,-18.05020627064921,-16.204376220703125,0.19885139985642497,-19.98591092534829,1.9357046546990802,2.014110052318804,0.1463
select,z3.0_v3.0_b0.6_sync,sync,5,1,eth,continue,1393,24,-21.74074102800182,-23.94582748413086,0.18880114860014358,-19.985813623867873,-1.7549274041339464,-1.5621208612258701,0.2288
select,z3.0_v3.0_b0.6_sync,sync,5,1,eth,reverse,1393,24,-18.259258971998186,-16.05417251586914,0.22038765254845658,-20.01418637613213,1.7549274041339464,1.5621208612258701,0.2288
select,z3.0_v3.0_b0.6_sync,sync,5,3,alts,continue,1393,24,-24.29685821827589,-23.098666667938232,0.29863603732950467,-19.91512289555571,-4.381735322720185,-1.7825300845720276,0.1542
select,z3.0_v3.0_b0.6_sync,sync,5,3,alts,reverse,1393,24,-15.703141781724106,-16.901333332061768,0.3596554199569275,-20.084877104444292,4.381735322720185,1.7825300845720276,0.1542
select,z3.0_v3.0_b0.6_sync,sync,5,3,btc,continue,1393,24,-20.65849354518718,-23.96549701690674,0.2440775305096913,-19.851770244394373,-0.8067233007928069,-0.5537655678534421,0.6547
select,z3.0_v3.0_b0.6_sync,sync,5,3,btc,reverse,1393,24,-19.341506454812826,-16.03450298309326,0.2828427853553482,-20.148229755605627,0.8067233007928061,0.5537655678534416,0.6547
select,z3.0_v3.0_b0.6_sync,sync,5,3,eth,continue,1393,24,-21.025047562401333,-24.816651344299316,0.2455132806891601,-19.909700161248598,-1.1153474011527325,-0.6824008485994203,0.567
select,z3.0_v3.0_b0.6_sync,sync,5,3,eth,reverse,1393,24,-18.974952437598677,-15.183348655700684,0.31155778894472363,-20.090299838751406,1.1153474011527316,0.6824008485994197,0.567
select,z3.0_v3.0_b0.6_sync,sync,5,6,alts,continue,1393,24,-25.486362081419543,-25.582797527313232,0.312275664034458,-20.28868648446214,-5.197675596957401,-1.6974988072570354,0.1705
select,z3.0_v3.0_b0.6_sync,sync,5,6,alts,reverse,1393,24,-14.513637918580459,-14.41720247268677,0.4012921751615219,-19.71131351553786,5.197675596957401,1.6974988072570354,0.1705
select,z3.0_v3.0_b0.6_sync,sync,5,6,btc,continue,1393,24,-20.664681645494017,-25.512237548828125,0.26776740847092606,-20.065501503865665,-0.5991801416283451,-0.3103157719173696,0.7624
select,z3.0_v3.0_b0.6_sync,sync,5,6,btc,reverse,1393,24,-19.335318354505993,-14.487762451171875,0.3173007896625987,-19.934498496134335,0.5991801416283443,0.31031577191736925,0.7624
select,z3.0_v3.0_b0.6_sync,sync,5,6,eth,continue,1393,24,-21.48941352909962,-26.67870044708252,0.2562814070351759,-20.0319395960447,-1.4574739330549171,-0.6647278213853234,0.5105
select,z3.0_v3.0_b0.6_sync,sync,5,6,eth,reverse,1393,24,-18.51058647090039,-13.32129955291748,0.3546302943287868,-19.968060403955302,1.4574739330549156,0.6647278213853226,0.5105
select,z3.0_v3.0_b0.6_sync,sync,5,12,alts,continue,1393,24,-25.991668206534623,-30.362792015075687,0.35175879396984927,-19.761535696904602,-6.230132509630017,-1.6087794762812966,0.1379
select,z3.0_v3.0_b0.6_sync,sync,5,12,alts,reverse,1393,24,-14.00833179346538,-9.637207984924316,0.44938980617372576,-20.238464303095395,6.230132509630015,1.6087794762812964,0.1379
select,z3.0_v3.0_b0.6_sync,sync,5,12,btc,continue,1393,24,-21.989873467121555,-26.29425048828125,0.28930366116295764,-19.769313486890663,-2.220559980230887,-0.9147077840697084,0.2965
select,z3.0_v3.0_b0.6_sync,sync,5,12,btc,reverse,1393,24,-18.010126532878456,-13.70574951171875,0.38190954773869346,-20.230686513109337,2.2205599802308855,0.9147077840697079,0.2965
select,z3.0_v3.0_b0.6_sync,sync,5,12,eth,continue,1393,24,-23.238175724875735,-29.23335552215576,0.29361091170136394,-19.559522787615798,-3.678652937259936,-1.339031437678376,0.1354
select,z3.0_v3.0_b0.6_sync,sync,5,12,eth,reverse,1393,24,-16.761824275124273,-10.766644477844238,0.4134960516870065,-20.440477212384202,3.6786529372599333,1.339031437678375,0.1354
select,z3.0_v3.0_b0.6_sync,sync,15,1,alts,continue,568,24,-22.23692441490335,-25.1426351070404,0.3028169014084507,-19.505290802515727,-2.7316336123876166,-0.5919258941458821,0.5886
select,z3.0_v3.0_b0.6_sync,sync,15,1,alts,reverse,568,24,-17.763075585096654,-14.857364892959595,0.3855633802816901,-20.49470919748427,2.7316336123876166,0.5919258941458821,0.5886
select,z3.0_v3.0_b0.6_sync,sync,15,1,btc,continue,568,24,-18.143404512338236,-23.542304039001465,0.272887323943662,-19.91322429457181,1.7698197822335735,0.6065062157910514,0.6148
select,z3.0_v3.0_b0.6_sync,sync,15,1,btc,reverse,568,24,-21.856595487661764,-16.457695960998535,0.2711267605633803,-20.08677570542819,-1.7698197822335748,-0.6065062157910519,0.6148
select,z3.0_v3.0_b0.6_sync,sync,15,1,eth,continue,568,24,-18.286568992574452,-26.666183471679688,0.2746478873239437,-19.729893786806453,1.4433247942320058,0.4621464488841017,0.6754
select,z3.0_v3.0_b0.6_sync,sync,15,1,eth,reverse,568,24,-21.713431007425555,-13.333816528320312,0.3274647887323944,-20.27010621319355,-1.4433247942320067,-0.462146448884102,0.6754
select,z3.0_v3.0_b0.6_sync,sync,15,3,alts,continue,568,24,-27.560766225969285,-32.17371225357056,0.3591549295774648,-18.38754386864078,-9.173222357328509,-1.6230448568205122,0.1079
select,z3.0_v3.0_b0.6_sync,sync,15,3,alts,reverse,568,24,-12.439233774030713,-7.826287746429444,0.448943661971831,-21.612456131359224,9.173222357328509,1.6230448568205122,0.1079
select,z3.0_v3.0_b0.6_sync,sync,15,3,btc,continue,568,24,-19.888597030035207,-24.15414571762085,0.30633802816901406,-19.22526816666966,-0.6633288633655494,-0.16669492877690373,0.8655
select,z3.0_v3.0_b0.6_sync,sync,15,3,btc,reverse,568,24,-20.111402969964796,-15.84585428237915,0.34507042253521125,-20.774731833330343,0.6633288633655482,0.16669492877690342,0.8655
select,z3.0_v3.0_b0.6_sync,sync,15,3,eth,continue,568,24,-20.938165565611623,-26.02930784225464,0.31514084507042256,-18.80169468446517,-2.136470881146446,-0.4973007950730811,0.6011
select,z3.0_v3.0_b0.6_sync,sync,15,3,eth,reverse,568,24,-19.0618344343884,-13.970692157745361,0.39436619718309857,-21.19830531553483,2.1364708811464426,0.49730079507308034,0.6011
select,z3.0_v3.0_b0.6_sync,sync,15,6,alts,continue,568,24,-27.12134313415474,-36.93664789199829,0.3609154929577465,-18.43221709447008,-8.689126039684655,-1.1904999109029617,0.2329
select,z3.0_v3.0_b0.6_sync,sync,15,6,alts,reverse,568,24,-12.878656865845267,-3.06335210800171,0.48063380281690143,-21.567782905529924,8.689126039684655,1.1904999109029617,0.2329
select,z3.0_v3.0_b0.6_sync,sync,15,6,btc,continue,568,24,-18.069487407173916,-25.612969398498535,0.3380281690140845,-19.013104069400846,0.9436166622269293,0.20298331441173245,0.8227
select,z3.0_v3.0_b0.6_sync,sync,15,6,btc,reverse,568,24,-21.930512592826098,-14.387030601501465,0.4014084507042254,-20.986895930599157,-0.9436166622269334,-0.20298331441173337,0.8227
select,z3.0_v3.0_b0.6_sync,sync,15,6,eth,continue,568,24,-20.874952111445694,-30.907351970672607,0.34330985915492956,-18.519308130506058,-2.3556439809396266,-0.4238922507326604,0.6439
select,z3.0_v3.0_b0.6_sync,sync,15,6,eth,reverse,568,24,-19.125047888554327,-9.092648029327393,0.44366197183098594,-21.48069186949394,2.3556439809396217,0.4238922507326595,0.6439
select,z3.0_v3.0_b0.6_sync,sync,15,12,alts,continue,568,24,-30.472356769400587,-34.73267674446106,0.3873239436619718,-17.400960783723374,-13.07139598567721,-1.5649200620940407,0.1497
select,z3.0_v3.0_b0.6_sync,sync,15,12,alts,reverse,568,24,-9.52764323059942,-5.267323255538941,0.4894366197183099,-22.59903921627663,13.07139598567721,1.5649200620940409,0.1497
select,z3.0_v3.0_b0.6_sync,sync,15,12,btc,continue,568,24,-15.150222954615751,-26.333887577056885,0.3873239436619718,-18.782930082418552,3.6327071278028056,0.663536309050157,0.448
select,z3.0_v3.0_b0.6_sync,sync,15,12,btc,reverse,568,24,-24.84977704538427,-13.666112422943115,0.4278169014084507,-21.217069917581448,-3.6327071278028122,-0.6635363090501581,0.448
select,z3.0_v3.0_b0.6_sync,sync,15,12,eth,continue,568,24,-17.722248376255315,-32.70800828933716,0.3609154929577465,-18.315636855615697,0.5933884793603901,0.09242916672618941,0.9122
select,z3.0_v3.0_b0.6_sync,sync,15,12,eth,reverse,568,24,-22.277751623744706,-7.291991710662842,0.47007042253521125,-21.684363144384303,-0.5933884793603947,-0.09242916672619013,0.9122
select,z3.0_v3.0_b0.6_sync,sync,30,1,alts,continue,334,24,-18.253771716249204,-32.28950023651123,0.3532934131736527,-19.03364957806593,0.7798778618167249,0.11882661759561419,0.8924
select,z3.0_v3.0_b0.6_sync,sync,30,1,alts,reverse,334,24,-21.746228283750796,-7.7104997634887695,0.45209580838323354,-20.96635042193407,-0.7798778618167266,-0.11882661759561444,0.8924
select,z3.0_v3.0_b0.6_sync,sync,30,1,btc,continue,334,24,-15.836376430031786,-26.294548511505127,0.31137724550898205,-19.182656496584773,3.346280066552988,0.7023941801691634,0.4745
select,z3.0_v3.0_b0.6_sync,sync,30,1,btc,reverse,334,24,-24.163623569968223,-13.705451488494873,0.3712574850299401,-20.817343503415227,-3.346280066552991,-0.702394180169164,0.4745
select,z3.0_v3.0_b0.6_sync,sync,30,1,eth,continue,334,24,-12.569777779950359,-28.337199687957764,0.3083832335329341,-19.265234627409612,6.695456847459255,1.2442487304213357,0.2369
select,z3.0_v3.0_b0.6_sync,sync,30,1,eth,reverse,334,24,-27.430222220049654,-11.662800312042236,0.38922155688622756,-20.73476537259039,-6.6954568474592575,-1.2442487304213363,0.2369
select,z3.0_v3.0_b0.6_sync,sync,30,3,alts,continue,334,24,-15.300548162289008,-36.163331270217896,0.3652694610778443,-18.468581743226082,3.168033580937069,0.3436434993794768,0.7269
select,z3.0_v3.0_b0.6_sync,sync,30,3,alts,reverse,334,24,-24.699451837710992,-3.836668729782105,0.47904191616766467,-21.531418256773918,-3.168033580937073,-0.34364349937947725,0.7269
select,z3.0_v3.0_b0.6_sync,sync,30,3,btc,continue,334,24,-13.43760891588863,-28.129477500915527,0.3323353293413174,-19.017253518104553,5.579644602215931,0.9340469194492613,0.3727
select,z3.0_v3.0_b0.6_sync,sync,30,3,btc,reverse,334,24,-26.56239108411139,-11.870522499084473,0.4101796407185629,-20.982746481895447,-5.579644602215935,-0.9340469194492619,0.3727
select,z3.0_v3.0_b0.6_sync,sync,30,3,eth,continue,334,24,-11.737870042195583,-28.701682090759277,0.3502994011976048,-18.782511421306403,7.044641379110826,0.9961180004581175,0.3353
select,z3.0_v3.0_b0.6_sync,sync,30,3,eth,reverse,334,24,-28.262129957804426,-11.298317909240723,0.4491017964071856,-21.217488578693594,-7.044641379110828,-0.9961180004581178,0.3353
select,z3.0_v3.0_b0.6_sync,sync,30,6,alts,continue,334,24,-25.11219804872296,-39.63072419166565,0.39221556886227543,-16.385198579933828,-8.72699946878913,-0.7834461300040991,0.4998
select,z3.0_v3.0_b0.6_sync,sync,30,6,alts,reverse,334,24,-14.887801951277046,-0.36927580833435025,0.5,-23.614801420066176,8.726999468789128,0.783446130004099,0.4998
select,z3.0_v3.0_b0.6_sync,sync,30,6,btc,continue,334,24,-16.88640504540085,-28.2474946975708,0.37425149700598803,-18.170595147652545,1.2841901022517022,0.1846512664502788,0.8663
select,z3.0_v3.0_b0.6_sync,sync,30,6,btc,reverse,334,24,-23.113594954599172,-11.7525053024292,0.4341317365269461,-21.82940485234746,-1.2841901022517073,-0.18465126645027952,0.8663
select,z3.0_v3.0_b0.6_sync,sync,30,6,eth,continue,334,24,-13.162267579289978,-34.99742269515991,0.38622754491017963,-17.408849928907294,4.246582349617323,0.5252502851614613,0.6023
select,z3.0_v3.0_b0.6_sync,sync,30,6,eth,reverse,334,24,-26.837732420710044,-5.002577304840088,0.46706586826347307,-22.591150071092706,-4.246582349617329,-0.525250285161462,0.6023
select,z3.0_v3.0_b0.6_sync,sync,30,12,alts,continue,334,24,-25.799318502049253,-34.34774994850159,0.4251497005988024,-13.541001279553969,-12.258317222495286,-0.8553619882308214,0.471
select,z3.0_v3.0_b0.6_sync,sync,30,12,alts,reverse,334,24,-14.20068149795076,-5.652250051498413,0.4940119760479042,-26.458998720446033,12.258317222495279,0.855361988230821,0.471
select,z3.0_v3.0_b0.6_sync,sync,30,12,btc,continue,334,24,-14.015063711269184,-26.8742036819458,0.4101796407185629,-15.427612059130643,1.4125483478614618,0.15715144734372735,0.8822
select,z3.0_v3.0_b0.6_sync,sync,30,12,btc,reverse,334,24,-25.984936288730843,-13.1257963180542,0.4550898203592814,-24.572387940869366,-1.4125483478614689,-0.1571514473437281,0.8822
select,z3.0_v3.0_b0.6_sync,sync,30,12,eth,continue,334,24,-15.805390937599604,-27.49528408050537,0.3712574850299401,-13.1408070518585,-2.664583885741096,-0.2599563180218172,0.7853
select,z3.0_v3.0_b0.6_sync,sync,30,12,eth,reverse,334,24,-24.19460906240042,-12.504715919494629,0.46107784431137727,-26.859192948141498,2.664583885741084,0.259956318021816,0.7853
select,z3.0_v3.0_b0.6_sync,sync,60,1,alts,continue,166,24,6.1689935822084685,-19.258238077163696,0.4578313253012048,-19.343913714569734,25.5129072967782,1.7112010603622996,0.0753
select,z3.0_v3.0_b0.6_sync,sync,60,1,alts,reverse,166,24,-46.16899358220848,-20.741761922836304,0.40963855421686746,-20.656086285430266,-25.512907296778206,-1.7112010603622998,0.0753
select,z3.0_v3.0_b0.6_sync,sync,60,1,btc,continue,166,24,-10.87916799338468,-21.47014856338501,0.3614457831325301,-19.209488730832756,8.33032073744808,0.9729113664390118,0.2535
select,z3.0_v3.0_b0.6_sync,sync,60,1,btc,reverse,166,24,-29.12083200661534,-18.52985143661499,0.39156626506024095,-20.790511269167247,-8.330320737448087,-0.9729113664390125,0.2535
select,z3.0_v3.0_b0.6_sync,sync,60,1,eth,continue,166,24,-4.907468399369583,-23.693699836730957,0.3855421686746988,-19.564984117645817,14.657515718276239,1.4047339161839614,0.1166
select,z3.0_v3.0_b0.6_sync,sync,60,1,eth,reverse,166,24,-35.092531600630444,-16.306300163269043,0.3795180722891566,-20.43501588235419,-14.657515718276242,-1.4047339161839618,0.1166
select,z3.0_v3.0_b0.6_sync,sync,60,3,alts,continue,166,24,8.174876017742841,-18.84374737739563,0.4578313253012048,-16.536685070359564,24.71156108810241,1.2451427140909126,0.2542
select,z3.0_v3.0_b0.6_sync,sync,60,3,alts,reverse,166,24,-48.17487601774285,-21.156252622604367,0.41566265060240964,-23.46331492964044,-24.711561088102417,-1.2451427140909128,0.2542
select,z3.0_v3.0_b0.6_sync,sync,60,3,btc,continue,166,24,-4.3056876975369835,-13.806779384613037,0.4397590361445783,-17.542166745806313,13.23647904826934,1.251279806690849,0.2208
select,z3.0_v3.0_b0.6_sync,sync,60,3,btc,reverse,166,24,-35.69431230246304,-26.193220615386963,0.3795180722891566,-22.457833254193687,-13.236479048269343,-1.2512798066908495,0.2208
select,z3.0_v3.0_b0.6_sync,sync,60,3,eth,continue,166,24,6.946405330336223,-22.678632736206055,0.4457831325301205,-17.685137642435283,24.631542972771513,1.902986839052784,0.0501
select,z3.0_v3.0_b0.6_sync,sync,60,3,eth,reverse,166,24,-46.94640533033626,-17.321367263793945,0.39156626506024095,-22.31486235756472,-24.63154297277152,-1.9029868390527844,0.0501
select,z3.0_v3.0_b0.6_sync,sync,60,6,alts,continue,166,24,21.04169743606843,-11.624802350997925,0.4939759036144578,-13.556511366223715,34.59820880229214,1.4291595624917086,0.1347
select,z3.0_v3.0_b0.6_sync,sync,60,6,alts,reverse,166,24,-61.04169743606843,-28.375197649002075,0.4578313253012048,-26.443488633776283,-34.59820880229214,-1.4291595624917086,0.1347
select,z3.0_v3.0_b0.6_sync,sync,60,6,btc,continue,166,24,5.116564279579244,-3.8629364967346196,0.4939759036144578,-15.564387684845064,20.680951964424313,1.455254311686548,0.1573
select,z3.0_v3.0_b0.6_sync,sync,60,6,btc,reverse,166,24,-45.11656427957927,-36.13706350326538,0.3855421686746988,-24.435612315154938,-20.680951964424317,-1.4552543116865482,0.1573
select,z3.0_v3.0_b0.6_sync,sync,60,6,eth,continue,166,24,19.319370884493154,-15.87714672088623,0.4457831325301205,-14.623427470046357,33.942798354539526,2.1407194325165606,0.0064
select,z3.0_v3.0_b0.6_sync,sync,60,6,eth,reverse,166,24,-59.31937088449319,-24.12285327911377,0.39156626506024095,-25.376572529953652,-33.94279835453953,-2.1407194325165606,0.0064
select,z3.0_v3.0_b0.6_sync,sync,60,12,alts,continue,166,24,24.414551645876408,-5.477405786514282,0.4879518072289157,3.0477851593350787,21.36676648654133,0.7621409690675098,0.458
select,z3.0_v3.0_b0.6_sync,sync,60,12,alts,reverse,166,24,-64.41455164587641,-34.52259421348572,0.4397590361445783,-43.047785159335085,-21.36676648654134,-0.7621409690675102,0.458
select,z3.0_v3.0_b0.6_sync,sync,60,12,btc,continue,166,24,20.382121700838375,10.866563320159912,0.5421686746987951,-9.58888272923159,29.971004430069982,1.7326378098543793,0.0837
select,z3.0_v3.0_b0.6_sync,sync,60,12,btc,reverse,166,24,-60.382121700838404,-50.86656332015991,0.3614457831325301,-30.411117270768404,-29.97100443007,-1.7326378098543804,0.0837
select,z3.0_v3.0_b0.6_sync,sync,60,12,eth,continue,166,24,29.220811889832262,-9.130496978759766,0.4819277108433735,-4.546976096658822,33.767787986491086,1.8041613087310058,0.0211
select,z3.0_v3.0_b0.6_sync,sync,60,12,eth,reverse,166,24,-69.22081188983229,-30.869503021240234,0.39156626506024095,-35.45302390334118,-33.7677879864911,-1.8041613087310064,0.0211
select,z3.0_v3.0_b0.75_sync,sync,5,1,alts,continue,1390,24,-23.468295027026173,-23.329235315322876,0.239568345323741,-20.155268124110403,-3.313026902915762,-1.942621758681437,0.1183
select,z3.0_v3.0_b0.75_sync,sync,5,1,alts,reverse,1390,24,-16.53170497297383,-16.670764684677124,0.28992805755395684,-19.844731875889593,3.313026902915762,1.942621758681437,0.1183
select,z3.0_v3.0_b0.75_sync,sync,5,1,btc,continue,1390,24,-21.945648261969044,-23.845691680908203,0.17194244604316547,-20.111167615266154,-1.834480646702883,-1.8927419968047738,0.1548
select,z3.0_v3.0_b0.75_sync,sync,5,1,btc,reverse,1390,24,-18.054351738030967,-16.154308319091797,0.19928057553956835,-19.888832384733846,1.834480646702883,1.8927419968047738,0.1548
select,z3.0_v3.0_b0.75_sync,sync,5,1,eth,continue,1390,24,-21.79694453589351,-23.951191902160645,0.18920863309352517,-20.040533281058714,-1.7564112548347859,-1.5474292718896707,0.2224
select,z3.0_v3.0_b0.75_sync,sync,5,1,eth,reverse,1390,24,-18.203055464106505,-16.048808097839355,0.22158273381294963,-19.959466718941286,1.7564112548347857,1.5474292718896705,0.2224
select,z3.0_v3.0_b0.75_sync,sync,5,3,alts,continue,1390,24,-24.506928843559976,-23.13031673431397,0.29856115107913667,-19.842119166319318,-4.664809677240661,-1.886195895591496,0.1226
select,z3.0_v3.0_b0.75_sync,sync,5,3,alts,reverse,1390,24,-15.493071156440024,-16.869683265686035,0.360431654676259,-20.157880833680686,4.664809677240659,1.8861958955914953,0.1226
select,z3.0_v3.0_b0.75_sync,sync,5,3,btc,continue,1390,24,-20.64877211618767,-23.96043062210083,0.2446043165467626,-19.94338446383854,-0.705387652349129,-0.4825401694205723,0.6817
select,z3.0_v3.0_b0.75_sync,sync,5,3,btc,reverse,1390,24,-19.351227883812342,-16.03956937789917,0.2820143884892086,-20.056615536161466,0.7053876523491285,0.48254016942057193,0.6817
select,z3.0_v3.0_b0.75_sync,sync,5,3,eth,continue,1390,24,-21.08788896807664,-24.820823669433594,0.24532374100719426,-19.77685806991385,-1.3110308981627867,-0.7952526939771728,0.4884
select,z3.0_v3.0_b0.75_sync,sync,5,3,eth,reverse,1390,24,-18.912111031923367,-15.179176330566406,0.3122302158273381,-20.22314193008615,1.3110308981627863,0.7952526939771727,0.4884
select,z3.0_v3.0_b0.75_sync,sync,5,6,alts,continue,1390,24,-25.999549541541995,-25.740785598754886,0.3107913669064748,-19.693319235774254,-6.306230305767746,-2.045975893216365,0.1
select,z3.0_v3.0_b0.75_sync,sync,5,6,alts,reverse,1390,24,-14.000450458458001,-14.259214401245115,0.40215827338129495,-20.30668076422575,6.306230305767746,2.045975893216365,0.1
select,z3.0_v3.0_b0.75_sync,sync,5,6,btc,continue,1390,24,-20.643461299457144,-25.55872917175293,0.26762589928057556,-19.774723237366985,-0.8687380620901535,-0.4490190178736261,0.6575
select,z3.0_v3.0_b0.75_sync,sync,5,6,btc,reverse,1390,24,-19.356538700542867,-14.44127082824707,0.3172661870503597,-20.225276762633015,0.8687380620901526,0.4490190178736256,0.6575
select,z3.0_v3.0_b0.75_sync,sync,5,6,eth,continue,1390,24,-21.5407114577808,-26.703436374664307,0.25611510791366904,-19.712192390462473,-1.82851906731832,-0.8260697049204855,0.4047
select,z3.0_v3.0_b0.75_sync,sync,5,6,eth,reverse,1390,24,-18.45928854221921,-13.296563625335693,0.35467625899280575,-20.287807609537523,1.828519067318319,0.826069704920485,0.4047
select,z3.0_v3.0_b0.75_sync,sync,5,12,alts,continue,1390,24,-27.318311998312428,-30.455471277236935,0.35035971223021584,-19.56398178819272,-7.754330210119699,-2.0346515167641597,0.0767
select,z3.0_v3.0_b0.75_sync,sync,5,12,alts,reverse,1390,24,-12.681688001687581,-9.544528722763063,0.4503597122302158,-20.43601821180728,7.754330210119699,2.0346515167641597,0.0767
select,z3.0_v3.0_b0.75_sync,sync,5,12,btc,continue,1390,24,-22.172636471206346,-26.335675716400146,0.28776978417266186,-19.581161227157644,-2.591475244048689,-1.070829157873052,0.244
select,z3.0_v3.0_b0.75_sync,sync,5,12,btc,reverse,1390,24,-17.82736352879367,-13.664324283599854,0.38273381294964026,-20.418838772842353,2.591475244048687,1.0708291578730513,0.244
select,z3.0_v3.0_b0.75_sync,sync,5,12,eth,continue,1390,24,-23.419187000329554,-29.228289127349854,0.2935251798561151,-19.66523192769332,-3.753955072636228,-1.3671405177889282,0.1398
select,z3.0_v3.0_b0.75_sync,sync,5,12,eth,reverse,1390,24,-16.580812999670457,-10.771710872650146,0.4136690647482014,-20.334768072306684,3.7539550726362263,1.3671405177889278,0.1398
select,z3.0_v3.0_b0.75_sync,sync,15,1,alts,continue,564,24,-22.058007552268663,-25.326205492019653,0.30319148936170215,-19.378341322249558,-2.679666230019104,-0.5746263212325635,0.5973
select,z3.0_v3.0_b0.75_sync,sync,15,1,alts,reverse,564,24,-17.941992447731344,-14.673794507980347,0.38652482269503546,-20.62165867775045,2.679666230019102,0.5746263212325632,0.5973
select,z3.0_v3.0_b0.75_sync,sync,15,1,btc,continue,564,24,-17.968188625700932,-23.68177890777588,0.274822695035461,-19.642192789003357,1.6740041633024283,0.5682178543768495,0.6392
select,z3.0_v3.0_b0.75_sync,sync,15,1,btc,reverse,564,24,-22.03181137429907,-16.31822109222412,0.2712765957446808,-20.357807210996643,-1.6740041633024296,-0.5682178543768499,0.6392
select,z3.0_v3.0_b0.75_sync,sync,15,1,eth,continue,564,24,-18.26738809017425,-26.685256958007812,0.274822695035461,-19.710668908788804,1.4432808186145532,0.46070000412955103,0.6801
select,z3.0_v3.0_b0.75_sync,sync,15,1,eth,reverse,564,24,-21.732611909825753,-13.314743041992188,0.3262411347517731,-20.2893310912112,-1.4432808186145545,-0.4607000041295514,0.6801
select,z3.0_v3.0_b0.75_sync,sync,15,3,alts,continue,564,24,-28.089329503106736,-32.17371225357056,0.35638297872340424,-18.439821306061237,-9.649508197045497,-1.6904261022849596,0.0897
select,z3.0_v3.0_b0.75_sync,sync,15,3,alts,reverse,564,24,-11.91067049689327,-7.826287746429444,0.450354609929078,-21.560178693938763,9.649508197045495,1.6904261022849592,0.0897
select,z3.0_v3.0_b0.75_sync,sync,15,3,btc,continue,564,24,-19.91157270492392,-24.25189733505249,0.3067375886524823,-19.764030072705967,-0.14754263221795003,-0.03658795631582921,0.9708
select,z3.0_v3.0_b0.75_sync,sync,15,3,btc,reverse,564,24,-20.08842729507609,-15.74810266494751,0.34574468085106386,-20.23596992729404,0.14754263221794708,0.03658795631582848,0.9708
select,z3.0_v3.0_b0.75_sync,sync,15,3,eth,continue,564,24,-21.456097085425203,-26.60717487335205,0.3120567375886525,-19.596503556620146,-1.859593528805051,-0.43330699429846975,0.6437
select,z3.0_v3.0_b0.75_sync,sync,15,3,eth,reverse,564,24,-18.543902914574815,-13.39282512664795,0.3953900709219858,-20.40349644337985,1.8595935288050476,0.43330699429846903,0.6437
select,z3.0_v3.0_b0.75_sync,sync,15,6,alts,continue,564,24,-27.791808078475032,-36.93664789199829,0.35815602836879434,-18.984785212058547,-8.807022866416485,-1.2051760816924024,0.2509
select,z3.0_v3.0_b0.75_sync,sync,15,6,alts,reverse,564,24,-12.20819192152497,-3.06335210800171,0.4804964539007092,-21.015214787941456,8.807022866416483,1.2051760816924022,0.2509
select,z3.0_v3.0_b0.75_sync,sync,15,6,btc,continue,564,24,-18.12150149480672,-25.612969398498535,0.33865248226950356,-19.634309440639846,1.512807945833137,0.32011492191733776,0.7162
select,z3.0_v3.0_b0.75_sync,sync,15,6,btc,reverse,564,24,-21.878498505193303,-14.387030601501465,0.4024822695035461,-20.36569055936015,-1.5128079458331396,-0.3201149219173383,0.7162
select,z3.0_v3.0_b0.75_sync,sync,15,6,eth,continue,564,24,-21.23064463020218,-31.137425899505615,0.3404255319148936,-20.031676434033308,-1.1989681961688603,-0.2157386498318718,0.8169
select,z3.0_v3.0_b0.75_sync,sync,15,6,eth,reverse,564,24,-18.769355369797847,-8.862574100494385,0.4450354609929078,-19.968323565966692,1.198968196168857,0.2157386498318712,0.8169
select,z3.0_v3.0_b0.75_sync,sync,15,12,alts,continue,564,24,-30.884148875872295,-34.5999014377594,0.38652482269503546,-17.26552593158492,-13.618622944287374,-1.6162855480640257,0.162
select,z3.0_v3.0_b0.75_sync,sync,15,12,alts,reverse,564,24,-9.115851124127708,-5.4000985622406015,0.48936170212765956,-22.73447406841508,13.618622944287372,1.6162855480640257,0.162
select,z3.0_v3.0_b0.75_sync,sync,15,12,btc,continue,564,24,-15.186435626753687,-26.333887577056885,0.38652482269503546,-18.94456961687575,3.758133990122069,0.6722412609748993,0.4316
select,z3.0_v3.0_b0.75_sync,sync,15,12,btc,reverse,564,24,-24.813564373246333,-13.666112422943115,0.42730496453900707,-21.05543038312425,-3.7581339901220736,-0.6722412609749001,0.4316
select,z3.0_v3.0_b0.75_sync,sync,15,12,eth,continue,564,24,-17.63994774919876,-32.36140727996826,0.3617021276595745,-19.03433976021219,1.3943920110134325,0.21643066301878064,0.81
select,z3.0_v3.0_b0.75_sync,sync,15,12,eth,reverse,564,24,-22.360052250801257,-7.638592720031738,0.46631205673758863,-20.965660239787816,-1.3943920110134398,-0.21643066301878178,0.81
select,z3.0_v3.0_b0.75_sync,sync,30,1,alts,continue,333,24,-18.297771211858986,-33.087522983551025,0.35435435435435436,-20.131652197680314,1.8338809858213307,0.2803794811745899,0.7521
select,z3.0_v3.0_b0.75_sync,sync,30,1,alts,reverse,333,24,-21.702228788141017,-6.912477016448975,0.45345345345345345,-19.868347802319686,-1.8338809858213327,-0.28037948117459016,0.7521
select,z3.0_v3.0_b0.75_sync,sync,30,1,btc,continue,333,24,-16.157304660694024,-26.430745124816895,0.30930930930930933,-19.830429260437192,3.673124599743176,0.7656539333256459,0.4534
select,z3.0_v3.0_b0.75_sync,sync,30,1,btc,reverse,333,24,-23.84269533930599,-13.569254875183105,0.37237237237237236,-20.169570739562804,-3.673124599743177,-0.7656539333256461,0.4534
select,z3.0_v3.0_b0.75_sync,sync,30,1,eth,continue,333,24,-12.657566929722696,-28.522868156433105,0.3063063063063063,-19.876972612317974,7.219405682595282,1.3407028253155975,0.2031
select,z3.0_v3.0_b0.75_sync,sync,30,1,eth,reverse,333,24,-27.342433070277316,-11.477131843566895,0.39039039039039036,-20.123027387682026,-7.219405682595285,-1.340702825315598,0.2031
select,z3.0_v3.0_b0.75_sync,sync,30,3,alts,continue,333,24,-15.895544723705486,-36.3049578666687,0.3633633633633634,-17.11480570806039,1.2192609843549058,0.1317301383630615,0.8986
select,z3.0_v3.0_b0.75_sync,sync,30,3,alts,reverse,333,24,-24.104455276294516,-3.6950421333312993,0.4804804804804805,-22.88519429193961,-1.2192609843549074,-0.13173013836306163,0.8986
select,z3.0_v3.0_b0.75_sync,sync,30,3,btc,continue,333,24,-13.830956854261801,-28.14080238342285,0.3303303303303303,-18.53618223745902,4.705225383197222,0.779196431360715,0.4688
select,z3.0_v3.0_b0.75_sync,sync,30,3,btc,reverse,333,24,-26.169043145738215,-11.859197616577148,0.4114114114114114,-21.463817762540984,-4.705225383197227,-0.7791964313607159,0.4688
select,z3.0_v3.0_b0.75_sync,sync,30,3,eth,continue,333,24,-11.872860146714407,-28.733272552490234,0.3483483483483483,-18.29237632923298,6.419516182518578,0.89587130318139,0.4029
select,z3.0_v3.0_b0.75_sync,sync,30,3,eth,reverse,333,24,-28.127139853285602,-11.266727447509766,0.45045045045045046,-21.70762367076702,-6.419516182518579,-0.8958713031813901,0.4029
select,z3.0_v3.0_b0.75_sync,sync,30,6,alts,continue,333,24,-25.301616786120533,-40.17223834991455,0.39039039039039036,-13.889677148681503,-11.411939637439032,-1.0074785424582253,0.3545
select,z3.0_v3.0_b0.75_sync,sync,30,6,alts,reverse,333,24,-14.69838321387947,0.17223834991455123,0.5015015015015015,-26.1103228513185,11.411939637439028,1.0074785424582249,0.3545
select,z3.0_v3.0_b0.75_sync,sync,30,6,btc,continue,333,24,-16.85861326910713,-28.92460346221924,0.37537537537537535,-16.419763600862062,-0.4388496682450588,-0.061888736673400675,0.9562
select,z3.0_v3.0_b0.75_sync,sync,30,6,btc,reverse,333,24,-23.141386730892886,-11.075396537780762,0.43543543543543545,-23.580236399137938,0.4388496682450563,0.06188873667340032,0.9562
select,z3.0_v3.0_b0.75_sync,sync,30,6,eth,continue,333,24,-13.042151133219413,-34.59658145904541,0.38738738738738737,-16.200610120017252,3.158458986797845,0.38270980947099714,0.6994
select,z3.0_v3.0_b0.75_sync,sync,30,6,eth,reverse,333,24,-26.95784886678061,-5.40341854095459,0.46546546546546547,-23.79938987998275,-3.158458986797852,-0.3827098094709979,0.6994
select,z3.0_v3.0_b0.75_sync,sync,30,12,alts,continue,333,24,-25.920152191643247,-34.898478984832764,0.42342342342342343,-8.797337914014365,-17.122814277628883,-1.1821086386820607,0.3057
select,z3.0_v3.0_b0.75_sync,sync,30,12,alts,reverse,333,24,-14.07984780835676,-5.101521015167236,0.4954954954954955,-31.202662085985633,17.122814277628873,1.1821086386820598,0.3057
select,z3.0_v3.0_b0.75_sync,sync,30,12,btc,continue,333,24,-14.127569613872001,-27.190704345703125,0.4084084084084084,-14.953865940506395,0.8262963266344013,0.09005464235039878,0.9344
select,z3.0_v3.0_b0.75_sync,sync,30,12,btc,reverse,333,24,-25.87243038612803,-12.809295654296875,0.45645645645645644,-25.04613405949361,-0.826296326634408,-0.0900546423503995,0.9344
select,z3.0_v3.0_b0.75_sync,sync,30,12,eth,continue,333,24,-15.726903637608265,-26.633996963500977,0.37237237237237236,-12.583964501057302,-3.142939136550954,-0.3033617482086746,0.7467
select,z3.0_v3.0_b0.75_sync,sync,30,12,eth,reverse,333,24,-24.27309636239176,-13.366003036499023,0.4594594594594595,-27.416035498942698,3.1429391365509436,0.3033617482086736,0.7467
select,z3.0_v3.0_b0.75_sync,sync,60,1,alts,continue,164,24,7.087147352172105,-17.143268585205078,0.4634146341463415,-18.528725043302632,25.61587239547473,1.7375540440467903,0.0775
select,z3.0_v3.0_b0.75_sync,sync,60,1,alts,reverse,164,24,-47.08714735217211,-22.856731414794925,0.4024390243902439,-21.47127495669737,-25.615872395474746,-1.7375540440467911,0.0775
select,z3.0_v3.0_b0.75_sync,sync,60,1,btc,continue,164,24,-11.082229265352582,-22.13444232940674,0.3597560975609756,-19.225032765690877,8.142803500338298,0.9521911627974916,0.2704
select,z3.0_v3.0_b0.75_sync,sync,60,1,btc,reverse,164,24,-28.917770734647437,-17.86555767059326,0.39634146341463417,-20.774967234309127,-8.142803500338303,-0.9521911627974923,0.2704
select,z3.0_v3.0_b0.75_sync,sync,60,1,eth,continue,164,24,-4.40833716857725,-23.590285778045654,0.3902439024390244,-18.607550452395188,14.199213283817942,1.3775785925934092,0.1317
select,z3.0_v3.0_b0.75_sync,sync,60,1,eth,reverse,164,24,-35.59166283142278,-16.409714221954346,0.3719512195121951,-21.39244954760482,-14.199213283817944,-1.3775785925934094,0.1317
select,z3.0_v3.0_b0.75_sync,sync,60,3,alts,continue,164,24,9.528813463885603,-14.490319490432741,0.4634146341463415,-12.57783561581519,22.10664907970079,1.128960853110007,0.3022
select,z3.0_v3.0_b0.75_sync,sync,60,3,alts,reverse,164,24,-49.52881346388561,-25.50968050956726,0.40853658536585363,-27.42216438418481,-22.106649079700798,-1.1289608531100075,0.3022
select,z3.0_v3.0_b0.75_sync,sync,60,3,btc,continue,164,24,-4.1157655890395075,-13.806779384613037,0.43902439024390244,-17.03288732505426,12.917121736014757,1.236406114755628,0.217
select,z3.0_v3.0_b0.75_sync,sync,60,3,btc,reverse,164,24,-35.88423441096052,-26.193220615386963,0.3780487804878049,-22.967112674945742,-12.91712173601476,-1.2364061147556284,0.217
select,z3.0_v3.0_b0.75_sync,sync,60,3,eth,continue,164,24,7.670060716024245,-20.939369201660156,0.45121951219512196,-14.866704795418718,22.536765511442972,1.7564726928273386,0.0633
select,z3.0_v3.0_b0.75_sync,sync,60,3,eth,reverse,164,24,-47.67006071602428,-19.060630798339844,0.38414634146341464,-25.133295204581284,-22.536765511442987,-1.7564726928273395,0.0633
select,z3.0_v3.0_b0.75_sync,sync,60,6,alts,continue,164,24,21.30172264285203,-11.624802350997925,0.49390243902439024,-2.9620442812035734,24.263766924055613,1.0313135646723277,0.2916
select,z3.0_v3.0_b0.75_sync,sync,60,6,alts,reverse,164,24,-61.30172264285205,-28.375197649002075,0.4634146341463415,-37.037955718796425,-24.263766924055624,-1.0313135646723282,0.2916
select,z3.0_v3.0_b0.75_sync,sync,60,6,btc,continue,164,24,4.751889996412309,-5.808432102203369,0.4878048780487805,-12.971239656936831,17.72312965334915,1.2756969912857132,0.2082
select,z3.0_v3.0_b0.75_sync,sync,60,6,btc,reverse,164,24,-44.75188999641234,-34.19156789779663,0.3902439024390244,-27.02876034306317,-17.723129653349158,-1.2756969912857135,0.2082
select,z3.0_v3.0_b0.75_sync,sync,60,6,eth,continue,164,24,18.605870270147538,-16.90920114517212,0.43902439024390244,-7.7064278939875175,26.312298164135065,1.6880367125100364,0.0354
select,z3.0_v3.0_b0.75_sync,sync,60,6,eth,reverse,164,24,-58.60587027014757,-23.09079885482788,0.39634146341463417,-32.29357210601248,-26.312298164135072,-1.6880367125100368,0.0354
select,z3.0_v3.0_b0.75_sync,sync,60,12,alts,continue,164,24,27.638181578822245,-4.121674299240113,0.49390243902439024,5.4574220391308375,22.18075953969141,0.815603971165838,0.4179
select,z3.0_v3.0_b0.75_sync,sync,60,12,alts,reverse,164,24,-67.63818157882226,-35.87832570075989,0.4329268292682927,-45.45742203913085,-22.18075953969142,-0.8156039711658386,0.4179
select,z3.0_v3.0_b0.75_sync,sync,60,12,btc,continue,164,24,19.730922478001276,10.866563320159912,0.5426829268292683,-9.65785561538324,29.388778093384524,1.7045591834907399,0.0715
select,z3.0_v3.0_b0.75_sync,sync,60,12,btc,reverse,164,24,-59.73092247800131,-50.86656332015991,0.3597560975609756,-30.342144384616763,-29.388778093384538,-1.7045591834907408,0.0715
select,z3.0_v3.0_b0.75_sync,sync,60,12,eth,continue,164,24,30.569492869260817,-6.862540245056152,0.4878048780487805,-1.764019262499925,32.33351213176075,1.7331743606376842,0.0266
select,z3.0_v3.0_b0.75_sync,sync,60,12,eth,reverse,164,24,-70.56949286926086,-33.13745975494385,0.3902439024390244,-38.23598073750008,-32.33351213176076,-1.7331743606376848,0.0266
select,z3.0_v3.0_lead,lead,5,1,alts,continue,4,4,120.5236780643463,8.634816408157349,0.75,-19.702360033988953,140.22603809833524,1.1307247866724537,0.2474
select,z3.0_v3.0_lead,lead,5,1,alts,reverse,4,4,-160.5236780643463,-48.63481640815735,0.0,-20.29763996601105,-140.22603809833527,-1.1307247866724537,0.2474
select,z3.0_v3.0_lead,lead,5,1,btc,continue,4,4,1.0019946098327632,-5.032975673675537,0.25,-19.61119145154953,20.613186061382294,0.7081366829035929,0.6245
select,z3.0_v3.0_lead,lead,5,1,btc,reverse,4,4,-41.001994609832764,-34.96702432632446,0.25,-20.38880854845047,-20.613186061382294,-0.7081366829035929,0.6245
select,z3.0_v3.0_lead,lead,5,1,eth,continue,4,4,43.84521722793579,-10.741610527038574,0.5,-18.383410274982456,62.228627502918236,0.7147564248987283,0.745
select,z3.0_v3.0_lead,lead,5,1,eth,reverse,4,4,-83.84521722793579,-29.258389472961426,0.5,-21.616589725017548,-62.22862750291824,-0.7147564248987283,0.745
select,z3.0_v3.0_lead,lead,5,3,alts,continue,4,4,86.17368221282958,-43.46656322479248,0.25,-17.84419357776642,104.01787579059601,0.6276206495554678,1.0
select,z3.0_v3.0_lead,lead,5,3,alts,reverse,4,4,-126.17368221282958,3.4665632247924814,0.5,-22.15580642223358,-104.017875790596,-0.6276206495554677,1.0
select,z3.0_v3.0_lead,lead,5,3,btc,continue,4,4,2.3882496356964062,-14.0413236618042,0.25,-19.39966201782227,21.787911653518673,0.3722875357662764,0.751
select,z3.0_v3.0_lead,lead,5,3,btc,reverse,4,4,-42.38824963569641,-25.9586763381958,0.25,-20.600337982177734,-21.787911653518673,-0.3722875357662764,0.751
select,z3.0_v3.0_lead,lead,5,3,eth,continue,4,4,28.948377370834347,-38.91374588012695,0.5,-17.13992327451706,46.088300645351396,0.45003320645973544,0.8735
select,z3.0_v3.0_lead,lead,5,3,eth,reverse,4,4,-68.94837737083435,-1.0862541198730473,0.5,-22.86007672548294,-46.08830064535142,-0.4500332064597356,0.8735
select,z3.0_v3.0_lead,lead,5,6,alts,continue,4,4,-17.101166844367985,-137.82212257385254,0.25,-16.4014632999897,-0.6997035443782884,-0.004515659495296179,1.0
select,z3.0_v3.0_lead,lead,5,6,alts,reverse,4,4,-22.89883315563201,97.82212257385254,0.75,-23.598536700010303,0.6997035443782841,0.004515659495296151,1.0
select,z3.0_v3.0_lead,lead,5,6,btc,continue,4,4,-26.808489561080936,-63.315887451171875,0.25,-16.414825320243835,-10.393664240837095,-0.1606673002144432,0.8735
select,z3.0_v3.0_lead,lead,5,6,btc,reverse,4,4,-13.191510438919073,23.315887451171875,0.75,-23.585174679756168,10.393664240837095,0.1606673002144432,0.8735
select,z3.0_v3.0_lead,lead,5,6,eth,continue,4,4,-20.567287206649794,-110.44170379638673,0.25,-14.14847791194916,-6.418809294700626,-0.052290011794215135,0.8735
select,z3.0_v3.0_lead,lead,5,6,eth,reverse,4,4,-19.432712793350223,70.44170379638672,0.5,-25.851522088050842,6.418809294700626,0.052290011794215135,0.8735
select,z3.0_v3.0_lead,lead,5,12,alts,continue,4,4,-10.999343991279606,-123.76879572868347,0.25,-12.753678411245344,1.754334419965752,0.01170596616047582,1.0
select,z3.0_v3.0_lead,lead,5,12,alts,reverse,4,4,-29.000656008720405,83.76879572868347,0.75,-27.24632158875465,-1.7543344199657347,-0.011705966160475704,1.0
select,z3.0_v3.0_lead,lead,5,12,btc,continue,4,4,-17.08652496337892,-43.8114595413208,0.25,-17.22832441329956,0.14179944992065083,0.001975678959946338,1.0
select,z3.0_v3.0_lead,lead,5,12,btc,reverse,4,4,-22.913475036621097,3.8114595413208003,0.5,-22.77167558670044,-0.14179944992065951,-0.0019756789599464585,1.0
select,z3.0_v3.0_lead,lead,5,12,eth,continue,4,4,36.68208003044128,-54.74414348602295,0.25,-11.828136146068573,48.51021617650985,0.4852566939065636,1.0
select,z3.0_v3.0_lead,lead,5,12,eth,reverse,4,4,-76.6820800304413,14.74414348602295,0.75,-28.17186385393143,-48.510216176509864,-0.4852566939065638,1.0
select,z3.0_v3.0_lead,lead,15,1,alts,continue,3,2,-23.722878297170002,-43.0283260345459,0.3333333333333333,-24.932607213656105,1.2097289164861043,0.04616490962628918,1.0
select,z3.0_v3.0_lead,lead,15,1,alts,reverse,3,2,-16.277121702829994,3.0283260345458998,0.6666666666666666,-15.067392786343891,-1.2097289164861027,-0.04616490962628912,1.0
select,z3.0_v3.0_lead,lead,15,1,btc,continue,3,2,91.29617691040038,94.75682258605957,0.6666666666666666,-18.6279308795929,109.9241077899933,1.526205296685086,1.0
select,z3.0_v3.0_lead,lead,15,1,btc,reverse,3,2,-131.29617691040042,-134.75682258605957,0.0,-21.372069120407104,-109.92410778999331,-1.5262052966850859,1.0
select,z3.0_v3.0_lead,lead,15,1,eth,continue,3,2,49.04582182566323,19.112567901611328,0.6666666666666666,-18.374303181966148,67.4201250076294,1.1119240528097345,1.0
select,z3.0_v3.0_lead,lead,15,1,eth,reverse,3,2,-89.04582182566327,-59.11256790161133,0.0,-21.625696818033855,-67.4201250076294,-1.1119240528097343,1.0
select,z3.0_v3.0_lead,lead,15,3,alts,continue,3,2,-140.4038739204407,43.2857084274292,0.6666666666666666,-3.21632742881775,-137.18754649162295,-0.6721327819177283,1.0
select,z3.0_v3.0_lead,lead,15,3,alts,reverse,3,2,100.40387392044067,-83.28570842742921,0.3333333333333333,-36.78367257118226,137.18754649162292,0.6721327819177283,1.0
select,z3.0_v3.0_lead,lead,15,3,btc,continue,3,2,-46.47002538045248,-22.520084381103516,0.3333333333333333,-5.576272010803223,-40.89375336964927,-0.5056592038531968,0.4992
select,z3.0_v3.0_lead,lead,15,3,btc,reverse,3,2,6.470025380452474,-17.479915618896484,0.3333333333333333,-34.42372798919678,40.89375336964925,0.5056592038531966,0.4992
select,z3.0_v3.0_lead,lead,15,3,eth,continue,3,2,-42.174914677937835,-22.69293785095215,0.3333333333333333,-5.810885826746623,-36.36402885119121,-0.43398717966901207,0.4992
select,z3.0_v3.0_lead,lead,15,3,eth,reverse,3,2,2.1749146779378252,-17.30706214904785,0.3333333333333333,-34.18911417325338,36.36402885119121,0.43398717966901207,0.4992
select,z3.0_v3.0_lead,lead,15,6,alts,continue,3,2,-179.33006604512536,34.85579967498779,0.6666666666666666,13.316215276718141,-192.6462813218435,-0.6309964413249387,1.0
select,z3.0_v3.0_lead,lead,15,6,alts,reverse,3,2,139.33006604512533,-74.8557996749878,0.3333333333333333,-53.31621527671813,192.64628132184345,0.6309964413249386,1.0
select,z3.0_v3.0_lead,lead,15,6,btc,continue,3,2,-89.30132706960045,-13.98946762084961,0.3333333333333333,-1.0396035512288417,-88.26172351837158,-0.5837137551652689,0.4992
select,z3.0_v3.0_lead,lead,15,6,btc,reverse,3,2,49.30132706960041,-26.01053237915039,0.3333333333333333,-38.96039644877116,88.26172351837157,0.5837137551652687,0.4992
select,z3.0_v3.0_lead,lead,15,6,eth,continue,3,2,-152.53748416900638,-21.270174980163574,0.3333333333333333,5.9224971135457345,-158.4599812825521,-0.962249809985136,0.4992
select,z3.0_v3.0_lead,lead,15,6,eth,reverse,3,2,112.53748416900633,-18.729825019836426,0.3333333333333333,-45.92249711354574,158.4599812825521,0.962249809985136,0.4992
select,z3.0_v3.0_lead,lead,15,12,alts,continue,3,2,-194.92618958155316,31.278352737426758,0.6666666666666666,2.294156948725383,-197.2203465302785,-0.7885104715504658,1.0
select,z3.0_v3.0_lead,lead,15,12,alts,reverse,3,2,154.92618958155313,-71.27835273742676,0.3333333333333333,-42.29415694872538,197.2203465302785,0.7885104715504658,1.0
select,z3.0_v3.0_lead,lead,15,12,btc,continue,3,2,-75.31787872314455,-26.141066551208496,0.3333333333333333,-7.652242183685304,-67.66563653945924,-0.7131968878691749,1.0
select,z3.0_v3.0_lead,lead,15,12,btc,reverse,3,2,35.31787872314452,-13.858933448791504,0.3333333333333333,-32.347757816314704,67.66563653945924,0.7131968878691749,1.0
select,z3.0_v3.0_lead,lead,15,12,eth,continue,3,2,-146.25257174173993,-53.161044120788574,0.3333333333333333,3.6727396647135415,-149.92531140645346,-1.1018335513775501,1.0
select,z3.0_v3.0_lead,lead,15,12,eth,reverse,3,2,106.25257174173989,13.161044120788574,0.6666666666666666,-43.672739664713546,149.92531140645343,1.1018335513775503,1.0
select,z3.0_v3.0_lead,lead,30,1,alts,continue,2,2,-100.55214285850523,-100.55214285850523,0.0,-28.578303158283237,-71.97383970022202,,0.4992
select,z3.0_v3.0_lead,lead,30,1,alts,reverse,2,2,60.552142858505256,60.552142858505256,1.0,-11.421696841716765,71.97383970022202,,0.4992
select,z3.0_v3.0_lead,lead,30,1,btc,continue,2,2,-26.088316440582275,-26.088316440582275,0.0,-21.213669776916504,-4.8746466636657715,,1.0
select,z3.0_v3.0_lead,lead,30,1,btc,reverse,2,2,-13.911683559417725,-13.911683559417725,0.0,-18.786330223083496,4.8746466636657715,,1.0
select,z3.0_v3.0_lead,lead,30,1,eth,continue,2,2,-41.291375160217285,-41.291375160217285,0.0,-18.907729983329773,-22.38364517688751,,0.4992
select,z3.0_v3.0_lead,lead,30,1,eth,reverse,2,2,1.2913751602172847,1.2913751602172847,1.0,-21.092270016670227,22.383645176887512,,0.4992
select,z3.0_v3.0_lead,lead,30,3,alts,continue,2,2,-35.77789783477783,-35.77789783477783,0.5,-17.037791907787327,-18.740105926990505,,1.0
select,z3.0_v3.0_lead,lead,30,3,alts,reverse,2,2,-4.22210216522217,-4.22210216522217,0.5,-22.96220809221268,18.74010592699051,,1.0
select,z3.0_v3.0_lead,lead,30,3,btc,continue,2,2,12.387971878051758,12.387971878051758,0.5,-16.525779366493225,28.913751244544983,,1.0
select,z3.0_v3.0_lead,lead,30,3,btc,reverse,2,2,-52.38797187805176,-52.38797187805176,0.0,-23.474220633506775,-28.913751244544983,,1.0
select,z3.0_v3.0_lead,lead,30,3,eth,continue,2,2,-31.6574764251709,-31.6574764251709,0.0,-11.589099168777466,-20.068377256393433,,0.4992
select,z3.0_v3.0_lead,lead,30,3,eth,reverse,2,2,-8.342523574829102,-8.342523574829102,0.5,-28.410900831222534,20.068377256393433,,0.4992
select,z3.0_v3.0_lead,lead,30,6,alts,continue,2,2,-131.9787037372589,-131.9787037372589,0.0,-5.141609013080597,-126.83709472417831,,0.4992
select,z3.0_v3.0_lead,lead,30,6,alts,reverse,2,2,91.97870373725891,91.97870373725891,1.0,-34.8583909869194,126.83709472417831,,0.4992
select,z3.0_v3.0_lead,lead,30,6,btc,continue,2,2,-19.177753925323486,-19.177753925323486,0.5,-6.048206686973572,-13.129547238349915,,1.0
select,z3.0_v3.0_lead,lead,30,6,btc,reverse,2,2,-20.822246074676514,-20.822246074676514,0.5,-33.95179331302643,13.129547238349915,,1.0
select,z3.0_v3.0_lead,lead,30,6,eth,continue,2,2,-41.326541900634766,-41.326541900634766,0.0,-0.041593313217162635,-41.2849485874176,,0.4992
select,z3.0_v3.0_lead,lead,30,6,eth,reverse,2,2,1.3265419006347652,1.3265419006347652,0.5,-39.95840668678284,41.2849485874176,,0.4992
select,z3.0_v3.0_lead,lead,30,12,alts,continue,2,2,-99.04504537582399,-99.04504537582399,0.0,-0.9017589688301095,-98.14328640699387,,0.4992
select,z3.0_v3.0_lead,lead,30,12,alts,reverse,2,2,59.045045375823975,59.045045375823975,0.5,-39.09824103116989,98.14328640699387,,0.4992
select,z3.0_v3.0_lead,lead,30,12,btc,continue,2,2,5.444328784942627,5.444328784942627,0.5,7.664780616760253,-2.2204518318176287,,1.0
select,z3.0_v3.0_lead,lead,30,12,btc,reverse,2,2,-45.44432878494263,-45.44432878494263,0.5,-47.664780616760254,2.2204518318176287,,1.0
select,z3.0_v3.0_lead,lead,30,12,eth,continue,2,2,6.07196569442749,6.07196569442749,0.5,16.182016134262085,-10.110050439834595,,1.0
select,z3.0_v3.0_lead,lead,30,12,eth,reverse,2,2,-46.07196569442749,-46.07196569442749,0.5,-56.18201613426209,10.110050439834595,,1.0
select,z3.0_v3.0_lead,lead,60,1,alts,continue,1,1,-84.97009992599489,-84.97009992599489,0.0,4.416649341583249,-89.38674926757814,,1.0
select,z3.0_v3.0_lead,lead,60,1,alts,reverse,1,1,44.97009992599487,44.97009992599487,1.0,-44.41664934158325,89.38674926757814,,1.0
select,z3.0_v3.0_lead,lead,60,1,btc,continue,1,1,-75.16767501831055,-75.16767501831055,0.0,-17.070729732513428,-58.09694528579712,,1.0
select,z3.0_v3.0_lead,lead,60,1,btc,reverse,1,1,35.16767501831055,35.16767501831055,1.0,-22.929270267486572,58.09694528579712,,1.0
select,z3.0_v3.0_lead,lead,60,1,eth,continue,1,1,-100.90853691101074,-100.90853691101074,0.0,-16.151357889175415,-84.75717902183533,,1.0
select,z3.0_v3.0_lead,lead,60,1,eth,reverse,1,1,60.90853691101074,60.90853691101074,1.0,-23.848642110824585,84.75717902183533,,1.0
select,z3.0_v3.0_lead,lead,60,3,alts,continue,1,1,15.872018337249756,15.872018337249756,1.0,13.931558132171634,1.9404602050781226,,1.0
select,z3.0_v3.0_lead,lead,60,3,alts,reverse,1,1,-55.87201833724976,-55.87201833724976,0.0,-53.93155813217164,-1.9404602050781226,,1.0
select,z3.0_v3.0_lead,lead,60,3,btc,continue,1,1,-19.687671661376953,-19.687671661376953,0.0,-22.30392813682556,2.6162564754486075,,1.0
select,z3.0_v3.0_lead,lead,60,3,btc,reverse,1,1,-20.312328338623047,-20.312328338623047,0.0,-17.69607186317444,-2.6162564754486075,,1.0
select,z3.0_v3.0_lead,lead,60,3,eth,continue,1,1,-3.3947420120239262,-3.3947420120239262,0.0,-12.12959408760071,8.734852075576782,,1.0
select,z3.0_v3.0_lead,lead,60,3,eth,reverse,1,1,-36.605257987976074,-36.605257987976074,0.0,-27.870405912399292,-8.734852075576782,,1.0
select,z3.0_v3.0_lead,lead,60,6,alts,continue,1,1,-161.57854318618777,-161.57854318618777,0.0,-1.5694427490234353,-160.00910043716434,,1.0
select,z3.0_v3.0_lead,lead,60,6,alts,reverse,1,1,121.57854318618774,121.57854318618774,1.0,-38.43055725097656,160.0091004371643,,1.0
select,z3.0_v3.0_lead,lead,60,6,btc,continue,1,1,-180.5165004730225,-180.5165004730225,0.0,-23.987729549407963,-156.5287709236145,,1.0
select,z3.0_v3.0_lead,lead,60,6,btc,reverse,1,1,140.51650047302246,140.51650047302246,1.0,-16.01227045059204,156.5287709236145,,1.0
select,z3.0_v3.0_lead,lead,60,6,eth,continue,1,1,-185.77482223510745,-185.77482223510745,0.0,-12.930442094802856,-172.84438014030457,,1.0
select,z3.0_v3.0_lead,lead,60,6,eth,reverse,1,1,145.77482223510742,145.77482223510742,1.0,-27.069557905197144,172.84438014030457,,1.0
select,z3.0_v3.0_lead,lead,60,12,alts,continue,1,1,-348.06307077407837,-348.06307077407837,0.0,-22.144728899002086,-325.9183418750763,,1.0
select,z3.0_v3.0_lead,lead,60,12,alts,reverse,1,1,308.06307077407837,308.06307077407837,1.0,-17.855271100997914,325.9183418750763,,1.0
select,z3.0_v3.0_lead,lead,60,12,btc,continue,1,1,-183.64336013793948,-183.64336013793948,0.0,-46.355087757110596,-137.2882723808289,,1.0
select,z3.0_v3.0_lead,lead,60,12,btc,reverse,1,1,143.64336013793945,143.64336013793945,1.0,6.355087757110596,137.28827238082886,,1.0
select,z3.0_v3.0_lead,lead,60,12,eth,continue,1,1,-136.119384765625,-136.119384765625,0.0,-13.799656629562378,-122.31972813606262,,1.0
select,z3.0_v3.0_lead,lead,60,12,eth,reverse,1,1,96.119384765625,96.119384765625,1.0,-26.200343370437622,122.31972813606262,,1.0
