minutes,side,vix,measure,level,stop,target_r,reentry,conf,period,trades,symbols,days,win_rate,target_rate,timeout_rate,mean_net_pct,mean_net_r,control_net_r,excess_r,t_excess,p_excess,net_r_ex_best5_days,median_risk_pct,median_hold_h,median_dev_pct
5,-1,False,atr,4.0,swing0.1,2,0,prev_bar,check,266,1,179,0.3157894736842105,0.31203007518796994,0.011278195488721804,-0.19478478791752393,-0.4072448558609041,-0.40498508285793927,-0.002259773002964937,-0.025796577951815662,0.9825,-0.47542096032264636,0.6251765793329935,2.4583333333333335,1.2219445632800419
5,-1,False,atr,4.0,swing0.1,2,0,prev_bar,select,261,1,176,0.3333333333333333,0.3333333333333333,0.0,-0.18584754273555734,-0.3371260328475668,-0.3247567720811345,-0.012369260766432296,-0.14043217273031755,0.8669,-0.38809352704154576,0.6091805549415518,1.8333333333333333,1.5326934337569709
5,-1,False,atr,4.0,swing0.1,2,0,reclaim,check,274,1,175,0.3357664233576642,0.32116788321167883,0.021897810218978103,-0.18464474615065568,-0.5368626681367286,-0.5668869314284096,0.030024263291680914,0.34505765956222767,0.7919,-0.5761670016138969,0.4195033283851332,0.9583333333333334,1.315888740722293
5,-1,False,atr,4.0,swing0.1,2,0,reclaim,select,258,1,178,0.3643410852713178,0.36046511627906974,0.003875968992248062,-0.193870701967973,-0.44610872625353476,-0.474040962011876,0.0279322357583412,0.30189300951834697,0.7994,-0.5036741831607473,0.4582746460434763,0.75,1.5676484430005466
5,-1,False,atr,4.0,swing0.1,2,3,prev_bar,check,440,1,182,0.3409090909090909,0.3340909090909091,0.013636363636363636,-0.17430337105360214,-0.3163055900099093,-0.36261420455543214,0.04630861454552278,0.6738534682842174,0.4311,-0.351407951048251,0.6514486597789072,2.4166666666666665,1.6041843480265272
5,-1,False,atr,4.0,swing0.1,2,3,prev_bar,select,494,1,186,0.3259109311740891,0.3259109311740891,0.0,-0.21702688376830087,-0.3522685909189608,-0.31761773502672797,-0.034650855892232844,-0.5361571160574283,0.5668,-0.3790873744597252,0.624232169660055,1.6666666666666667,2.0451987680327632
5,-1,False,atr,4.0,swing0.1,2,3,reclaim,check,419,1,177,0.3723150357995227,0.34844868735083534,0.031026252983293555,-0.08232497584022684,-0.31906719905842196,-0.44350993492366136,0.1244427358652394,1.7660266626213115,0.217,-0.3441738800856431,0.5680585384874077,1.75,1.4627529191883148
5,-1,False,atr,4.0,swing0.1,2,3,reclaim,select,429,1,192,0.3752913752913753,0.3682983682983683,0.011655011655011656,-0.18306256439543905,-0.2546308351761267,-0.4017914549145405,0.1471606197384137,2.090575326810482,0.0762,-0.28752941279454153,0.7177622154568075,1.75,1.6993018429253492
5,-1,False,atr,4.0,swing0.1,3,0,prev_bar,check,258,1,177,0.25193798449612403,0.24031007751937986,0.01937984496124031,-0.1688068668331432,-0.3592640207666969,-0.34528863109700875,-0.013975389669688204,-0.12688359562182921,0.8689,-0.4344136468879016,0.6413485937619038,3.0833333333333335,1.2787340670896707
5,-1,False,atr,4.0,swing0.1,3,0,prev_bar,select,253,1,175,0.25296442687747034,0.2490118577075099,0.003952569169960474,-0.1458724422933879,-0.3251821276283627,-0.3133532200694192,-0.011828907558943431,-0.10810279566576572,0.9217,-0.3955207583805966,0.6124353513842334,2.4166666666666665,1.594986360052708
5,-1,False,atr,4.0,swing0.1,3,0,reclaim,check,266,1,173,0.22932330827067668,0.20676691729323307,0.03007518796992481,-0.23810475534192554,-0.6422457823241804,-0.5900390662198806,-0.052206716104299736,-0.5106785375728117,0.5878,-0.7003134198265895,0.43640945123687425,1.375,1.3270759833845513
5,-1,False,atr,4.0,swing0.1,3,0,reclaim,select,254,1,177,0.2677165354330709,0.2559055118110236,0.011811023622047244,-0.1847456543945466,-0.47444812338713044,-0.4697209096221174,-0.004727213765013043,-0.04234816335392019,0.9675,-0.5655978043024251,0.46197756362949033,1.125,1.592478305938838
5,-1,False,atr,4.0,swing0.1,3,3,prev_bar,check,423,1,177,0.2718676122931442,0.2553191489361702,0.02364066193853428,-0.16018412269830387,-0.2617284609140986,-0.36347804707728343,0.10174958616318486,1.180481122134903,0.1685,-0.3065416389175449,0.6689901981004986,2.9166666666666665,1.722416405449323
5,-1,False,atr,4.0,swing0.1,3,3,prev_bar,select,479,1,186,0.2546972860125261,0.25260960334029225,0.0020876826722338203,-0.16204131596588195,-0.30833709459118,-0.2914572432069574,-0.016879851384222565,-0.20761834571693147,0.7482,-0.34485415927950697,0.6299174314812752,2.3333333333333335,2.1540584646887684
5,-1,False,atr,4.0,swing0.1,3,3,reclaim,check,391,1,168,0.2864450127877238,0.23273657289002558,0.0639386189258312,-0.12973633973507787,-0.3473732991673139,-0.38807948048155255,0.04070618131423874,0.4711283072272237,0.7161,-0.38428546769676925,0.601564440663553,2.5833333333333335,1.496354862628868
5,-1,False,atr,4.0,swing0.1,3,3,reclaim,select,405,1,189,0.2839506172839506,0.25679012345679014,0.0345679012345679,-0.16379286002540366,-0.26005107277525397,-0.39996589571457913,0.13991482293932522,1.5852782319509582,0.0763,-0.2973441019630393,0.7741378417156031,2.9166666666666665,1.7929758970521181
5,-1,False,atr,4.0,swing0.1,5,0,prev_bar,check,247,1,170,0.1902834008097166,0.14979757085020243,0.05668016194331984,-0.18139179076854067,-0.3330240099102137,-0.36374942225266443,0.030725412342450735,0.2183224170382303,0.8372,-0.45996384915685373,0.6498409945070717,3.75,1.326379655737675
5,-1,False,atr,4.0,swing0.1,5,0,prev_bar,select,237,1,168,0.16877637130801687,0.1350210970464135,0.0379746835443038,-0.23677831193578736,-0.4173974990509405,-0.31296794775486564,-0.10442955129607487,-0.7473579904447992,0.3398,-0.5158250182719551,0.6152870845587317,3.0,1.6412730989053603
5,-1,False,atr,4.0,swing0.1,5,0,reclaim,check,257,1,171,0.17120622568093385,0.12062256809338522,0.058365758754863814,-0.21821913194444206,-0.6263289389003877,-0.48527960413766247,-0.14104933476272524,-1.0811821198101672,0.2568,-0.7157890255331877,0.4585578570316073,2.0833333333333335,1.3657477105166071
5,-1,False,atr,4.0,swing0.1,5,0,reclaim,select,251,1,177,0.16733067729083664,0.13147410358565736,0.035856573705179286,-0.24715888106759737,-0.6133476595949049,-0.4951103569537533,-0.11823730264115155,-0.8706880563418148,0.3476,-0.6992753164881117,0.4773547249725415,1.5833333333333333,1.601203604896595
5,-1,False,atr,4.0,swing0.1,5,3,prev_bar,check,401,1,170,0.20199501246882792,0.15211970074812967,0.059850374064837904,-0.18820331061441178,-0.2636351600405683,-0.371622415479495,0.10798725543892668,0.9702800279358932,0.4673,-0.34005657518088367,0.6689901981004986,3.6666666666666665,1.7468251900842224
5,-1,False,atr,4.0,swing0.1,5,3,prev_bar,select,446,1,178,0.17937219730941703,0.1547085201793722,0.02466367713004484,-0.18861073613264573,-0.31163021309416117,-0.2729867675879353,-0.038643445506225976,-0.35924267230952245,0.6871,-0.36517622038858816,0.6408749486470072,3.0833333333333335,2.2560471026825457
5,-1,False,atr,4.0,swing0.1,5,3,reclaim,check,365,1,165,0.23835616438356164,0.14520547945205478,0.10410958904109589,-0.10685194859895195,-0.2682082417953591,-0.38144896009430956,0.1132407182989504,0.9842847499787252,0.3925,-0.3216464338190413,0.6516669812903706,3.5833333333333335,1.5217346027945
5,-1,False,atr,4.0,swing0.1,5,3,reclaim,select,371,1,184,0.215633423180593,0.14016172506738545,0.0862533692722372,-0.17278743155474555,-0.25080046407907874,-0.346211401094862,0.0954109370157833,0.8412157667117959,0.327,-0.3054405988468188,0.8783710494593131,4.166666666666667,1.8214309942625517
5,-1,False,atr,6.0,swing0.1,2,0,prev_bar,check,139,1,112,0.35251798561151076,0.34532374100719426,0.014388489208633094,-0.20303889807228595,-0.2577311008756346,-0.35800964191492685,0.10027854103929232,0.7905829048300362,0.1183,-0.34162071902710905,0.7047980097144695,2.8333333333333335,1.647421475973121
5,-1,False,atr,6.0,swing0.1,2,0,prev_bar,select,149,1,114,0.348993288590604,0.348993288590604,0.0,-0.1936472960511904,-0.24940365157429137,-0.2925927602298034,0.04318910865551211,0.3671766648505677,0.7732,-0.341988514263836,0.7185048132356953,2.1666666666666665,2.4887874723500403
5,-1,False,atr,6.0,swing0.1,2,0,reclaim,check,148,1,116,0.3581081081081081,0.35135135135135137,0.006756756756756757,-0.07808945486392288,-0.4116937641493848,-0.507618622324709,0.09592485817532415,0.7892852671327104,0.4032,-0.48626621869662806,0.478236618945847,1.0,1.7948222414933213
5,-1,False,atr,6.0,swing0.1,2,0,reclaim,select,150,1,114,0.34,0.34,0.0,-0.29352095072828793,-0.44036486393333385,-0.5023715858255096,0.062006721892175765,0.5225227706567741,0.5943,-0.517892218593941,0.506570471213975,0.5833333333333334,2.529345929598781
5,-1,False,atr,6.0,swing0.1,2,3,prev_bar,check,238,1,118,0.3445378151260504,0.3319327731092437,0.02100840336134454,-0.23981280990680084,-0.27493574824372413,-0.34764423586266363,0.07270848761893957,0.7823572934168003,0.2837,-0.3209853048235811,0.7057405090054875,2.5,2.203475758001372
5,-1,False,atr,6.0,swing0.1,2,3,prev_bar,select,298,1,126,0.3389261744966443,0.3389261744966443,0.0,-0.2256932510118353,-0.2836040627035003,-0.2921022666430249,0.008498203939524607,0.10166162620610242,0.9299,-0.32982246442892743,0.6949717762932237,2.0,2.8425279859836783
5,-1,False,atr,6.0,swing0.1,2,3,reclaim,check,279,1,121,0.3727598566308244,0.36200716845878134,0.010752688172043012,-0.09928366376855177,-0.32525010598632975,-0.4885119861364314,0.1632618801501016,1.8803927718244906,0.0623,-0.36302742245754344,0.5246860366113046,1.0833333333333333,2.0703357463508043
5,-1,False,atr,6.0,swing0.1,2,3,reclaim,select,316,1,130,0.33544303797468356,0.3322784810126582,0.0031645569620253164,-0.33971401903624654,-0.40890093883421197,-0.4458544589134645,0.036953520079252525,0.46242260455331785,0.6241,-0.44322243114874804,0.5679597227727453,1.0,2.8146915755894564
5,-1,False,atr,6.0,swing0.1,3,0,prev_bar,check,137,1,110,0.29927007299270075,0.2846715328467153,0.021897810218978103,-0.11452169379611063,-0.13298272473777695,-0.2967667217134723,0.16378399697569532,1.0349268017958868,0.1926,-0.2461326879374286,0.7066830082965054,3.75,1.69851619989565
5,-1,False,atr,6.0,swing0.1,3,0,prev_bar,select,149,1,114,0.2953020134228188,0.2953020134228188,0.0,-0.08313537284527661,-0.1151754636548285,-0.255120932067281,0.13994546841245256,0.9339430591759194,0.4796,-0.23819264006885044,0.7185048132356953,3.0833333333333335,2.4887874723500403
5,-1,False,atr,6.0,swing0.1,3,0,reclaim,check,146,1,115,0.2808219178082192,0.2534246575342466,0.03424657534246575,-0.069459406966042,-0.3872986340904913,-0.5294544126532817,0.1421557785627905,0.9655147834167312,0.2976,-0.5061241850151756,0.47889033836514255,1.3333333333333333,1.8085792259433853
5,-1,False,atr,6.0,swing0.1,3,0,reclaim,select,150,1,114,0.25333333333333335,0.25333333333333335,0.0,-0.2870799128694131,-0.4470315306000007,-0.49780032234986843,0.05076879174986775,0.3465459285780223,0.7573,-0.5587168243625179,0.506570471213975,0.875,2.529345929598781
5,-1,False,atr,6.0,swing0.1,3,3,prev_bar,check,235,1,116,0.28085106382978725,0.25957446808510637,0.029787234042553193,-0.19036561376887992,-0.20582298011464678,-0.3465680418557894,0.14074506174114257,1.1917323722008555,0.258,-0.2723757223642325,0.7096390051376184,3.25,2.2220800407286356
5,-1,False,atr,6.0,swing0.1,3,3,prev_bar,select,301,1,126,0.26245847176079734,0.26245847176079734,0.0,-0.1813650033056427,-0.24858441244307355,-0.30233093965398783,0.05374652721091429,0.5224731989873393,0.6327,-0.3080816251425783,0.697384154641965,2.5833333333333335,2.9429769568342534
5,-1,False,atr,6.0,swing0.1,3,3,reclaim,check,281,1,118,0.2918149466192171,0.2597864768683274,0.03558718861209965,-0.10505316463085175,-0.308205896768491,-0.452196268471494,0.14399037170300302,1.338934973916385,0.0053,-0.3560705574790069,0.5363260684970214,1.5833333333333333,2.2536800727928297
5,-1,False,atr,6.0,swing0.1,3,3,reclaim,select,326,1,132,0.2607361963190184,0.254601226993865,0.006134969325153374,-0.32661038162554995,-0.3901146269193266,-0.4076391911753337,0.017524564256007173,0.17438176763163718,0.8532,-0.4415022807807422,0.5664702874245654,1.4583333333333333,2.8071401659441775
5,-1,False,atr,6.0,swing0.1,5,0,prev_bar,check,135,1,109,0.2074074074074074,0.14074074074074075,0.07407407407407407,-0.2261824860284665,-0.25486411668962206,-0.2850634463195424,0.030199329629920314,0.15677738723105347,0.8823,-0.4147775980658034,0.7066830082965054,4.75,1.8029590437043996
5,-1,False,atr,6.0,swing0.1,5,0,prev_bar,select,148,1,114,0.20270270270270271,0.16891891891891891,0.033783783783783786,-0.1404110145290178,-0.1683925835675247,-0.3479161199953052,0.17952353642778054,0.9209974412487567,0.2735,-0.3648273622025888,0.7199833987284321,3.375,2.5006348667592992
5,-1,False,atr,6.0,swing0.1,5,0,reclaim,check,145,1,114,0.18620689655172415,0.13793103448275862,0.05517241379310345,-0.18945434865295618,-0.5078422449177676,-0.4950218952152768,-0.012820349702490911,-0.0723700919132495,0.9359,-0.6298694377384632,0.47923567995359473,1.5,1.814199408182371
5,-1,False,atr,6.0,swing0.1,5,0,reclaim,select,150,1,114,0.16666666666666666,0.16666666666666666,0.0,-0.2721718588047901,-0.46036486393333403,-0.47852676675244576,0.018161902819111612,0.09646364117202728,0.9313,-0.6409775417764476,0.506570471213975,1.2083333333333333,2.529345929598781
5,-1,False,atr,6.0,swing0.1,5,3,prev_bar,check,229,1,112,0.2096069868995633,0.14410480349344978,0.07423580786026202,-0.2264864170350658,-0.23096308997288822,-0.29274044134124094,0.06177735136835266,0.41991579973488485,0.6978,-0.3290954297104247,0.7136900588487433,4.416666666666667,2.292990733516098
5,-1,False,atr,6.0,swing0.1,5,3,prev_bar,select,300,1,127,0.17666666666666667,0.14333333333333334,0.03333333333333333,-0.24061677676013404,-0.32169161322984735,-0.3274343916284788,0.005742778398631536,0.04553271307010346,0.9582,-0.41186773228878965,0.6974946996756578,3.125,2.9458727713200905
5,-1,False,atr,6.0,swing0.1,5,3,reclaim,check,271,1,114,0.2140221402214022,0.14760147601476015,0.07011070110701106,-0.13828384792189893,-0.350106349851063,-0.5179032067057738,0.16779685685471077,1.2481171305717675,0.0977,-0.4346226372544288,0.5415848496100903,1.8333333333333333,2.285161242534217
5,-1,False,atr,6.0,swing0.1,5,3,reclaim,select,335,1,132,0.19402985074626866,0.17313432835820897,0.020895522388059702,-0.3031773126769177,-0.3328180390824137,-0.40374753536901803,0.0709294962866042,0.5581505601611961,0.5209,-0.39977996600267707,0.5515389366209736,1.8333333333333333,2.8131757223727627
5,-1,False,atr,8.0,swing0.1,2,0,prev_bar,check,60,1,52,0.36666666666666664,0.35,0.03333333333333333,-0.16143551889045532,-0.18918210358917348,-0.3803067652735559,0.1911246616843824,1.0186094518267919,0.4546,-0.3747189164560404,0.8413945365736107,2.7916666666666665,3.062520937069846
5,-1,False,atr,8.0,swing0.1,2,0,prev_bar,select,62,1,53,0.3225806451612903,0.3225806451612903,0.0,-0.29533563156100606,-0.3096985553672932,-0.32061962871535526,0.010921073348061984,0.0604302424691134,0.9528,-0.4986782920535019,0.7528790116509522,1.75,3.8324232337205166
5,-1,False,atr,8.0,swing0.1,2,0,reclaim,check,65,1,56,0.23076923076923078,0.2153846153846154,0.015384615384615385,-0.4019502321234421,-0.7470161708002133,-0.43913374632925717,-0.30788242447095615,-1.9176350592592877,0.0644,-0.9448502191989239,0.6262032144248457,0.5833333333333334,2.692708657559506
5,-1,False,atr,8.0,swing0.1,2,0,reclaim,select,64,1,55,0.265625,0.265625,0.0,-0.3105640075221489,-0.7027350632543228,-0.551070112287559,-0.15166495096676377,-0.8975738709675142,0.1691,-0.9136488370759691,0.48077328650913675,0.3333333333333333,3.5687814325553235
5,-1,False,atr,8.0,swing0.1,2,3,prev_bar,check,114,1,56,0.32456140350877194,0.30701754385964913,0.02631578947368421,-0.2965843800215133,-0.3157147006812248,-0.3148776046912178,-0.0008370959900070502,-0.006096508842976146,0.995,-0.428613463971312,0.8546383076394382,2.875,3.1321338846376
5,-1,False,atr,8.0,swing0.1,2,3,prev_bar,select,138,1,61,0.2898550724637681,0.2898550724637681,0.0,-0.3958002303887539,-0.4164934440694794,-0.3121782698123723,-0.1043151742571071,-0.8919777878805061,0.3506,-0.5017732565067234,0.7381733202793445,1.625,4.069997951953452
5,-1,False,atr,8.0,swing0.1,2,3,reclaim,check,144,1,59,0.2916666666666667,0.2708333333333333,0.020833333333333332,-0.2813720731003261,-0.5930282389306131,-0.5053544478674112,-0.08767379106320194,-0.7406026570283528,0.4715,-0.6728850968052508,0.5671079196086228,0.5833333333333334,3.358061053752648
5,-1,False,atr,8.0,swing0.1,2,3,reclaim,select,168,1,61,0.26785714285714285,0.26785714285714285,0.0,-0.33707437093033543,-0.6798020344305211,-0.4582171787212037,-0.22158485570931732,-2.0933978302336578,0.0095,-0.7463465930969783,0.48338312959427204,0.4166666666666667,3.9555922060987903
5,-1,False,atr,8.0,swing0.1,3,0,prev_bar,check,58,1,51,0.3103448275862069,0.27586206896551724,0.05172413793103448,-0.053953654115070894,-0.08657553659949101,-0.4440382011733945,0.35746266457390347,1.475559352149344,0.2989,-0.3630409067197463,0.8413945365736107,3.2916666666666665,3.1221769589800386
5,-1,False,atr,8.0,swing0.1,3,0,prev_bar,select,62,1,53,0.25806451612903225,0.25806451612903225,0.0,-0.21731071030679164,-0.2451824263350355,-0.41470370586565386,0.16952127953061844,0.7732565185121841,0.3896,-0.516222151702625,0.7528790116509522,2.8333333333333335,3.8324232337205166
5,-1,False,atr,8.0,swing0.1,3,0,reclaim,check,64,1,56,0.1875,0.171875,0.03125,-0.4390094301443182,-0.7005568366670281,-0.47672936886443423,-0.22382746780259388,-1.1266892324005564,0.2543,-0.9601346369203926,0.6121541168845782,0.5833333333333334,2.76300519042435
5,-1,False,atr,8.0,swing0.1,3,0,reclaim,select,64,1,55,0.171875,0.171875,0.0,-0.4180168622270704,-0.812110063254321,-0.49732651674941863,-0.31478354650490237,-1.5673386432805003,0.1871,-1.1118985454507588,0.48077328650913675,0.3333333333333333,3.5687814325553235
5,-1,False,atr,8.0,swing0.1,3,3,prev_bar,check,112,1,55,0.2767857142857143,0.24107142857142858,0.044642857142857144,-0.20769938996906484,-0.22215880984368017,-0.37849748665346805,0.15633867680978794,0.9159142986576494,0.3875,-0.35467127135614074,0.8546383076394382,3.25,3.1650592455744753
5,-1,False,atr,8.0,swing0.1,3,3,prev_bar,select,145,1,61,0.2,0.19310344827586207,0.006896551724137931,-0.4223693809741821,-0.49952321824582735,-0.3447782564739802,-0.15474496177184718,-1.1533311881603026,0.2711,-0.6192186748532218,0.7361791884290994,2.0833333333333335,4.093513859405684
5,-1,False,atr,8.0,swing0.1,3,3,reclaim,check,143,1,59,0.2517482517482518,0.23076923076923078,0.027972027972027972,-0.23035194246372936,-0.48173899984977636,-0.5045770466478313,0.022838046798054935,0.1551043589184196,0.8893,-0.594257666755611,0.5530984320141386,0.6666666666666666,3.366101711913827
5,-1,False,atr,8.0,swing0.1,3,3,reclaim,select,179,1,61,0.20670391061452514,0.2011173184357542,0.00558659217877095,-0.3505281084893828,-0.6699492871751951,-0.44282493958194197,-0.22712434759325315,-1.8898308187731006,0.0463,-0.7602148200360269,0.4818688343396182,0.6666666666666666,3.9698766050238588
5,-1,False,atr,8.0,swing0.1,5,0,prev_bar,check,58,1,51,0.3103448275862069,0.1896551724137931,0.13793103448275862,0.13969794621665907,0.19280563898735362,-0.1763209343779367,0.3691265733652903,1.0940392487816986,0.3953,-0.19804462816404309,0.8413945365736107,4.208333333333333,3.1221769589800386
5,-1,False,atr,8.0,swing0.1,5,0,prev_bar,select,62,1,53,0.14516129032258066,0.11290322580645161,0.03225806451612903,-0.35030859177162227,-0.4945848825940449,-0.2536548418874884,-0.2409300407065565,-0.8700184354330813,0.3219,-0.9317251335669706,0.7528790116509522,3.3333333333333335,3.8324232337205166
5,-1,False,atr,8.0,swing0.1,5,0,reclaim,check,64,1,56,0.15625,0.125,0.046875,-0.4360871726629634,-0.5886177617937749,-0.3892570527515873,-0.1993607090421876,-0.7514438264415318,0.4825,-1.0330755668682035,0.6121541168845782,0.5833333333333334,2.76300519042435
5,-1,False,atr,8.0,swing0.1,5,0,reclaim,select,64,1,55,0.109375,0.109375,0.0,-0.39327577357682897,-0.8433600632543221,-0.36656348504124586,-0.4767965782130762,-2.018061255749217,0.0942,-1.3121474170705645,0.48077328650913675,0.4166666666666667,3.5687814325553235
5,-1,False,atr,8.0,swing0.1,5,3,prev_bar,check,114,1,55,0.2543859649122807,0.17543859649122806,0.08771929824561403,-0.043997640892198285,-0.012440145146370554,-0.37282783186250124,0.3603876867161308,1.595904750208571,0.1339,-0.19570385993502729,0.846716403025741,4.916666666666667,3.1925102957795826
5,-1,False,atr,8.0,swing0.1,5,3,prev_bar,select,145,1,61,0.12413793103448276,0.0896551724137931,0.034482758620689655,-0.5226046132745157,-0.6420392204048145,-0.3484263340335894,-0.29361288637122523,-1.9261512490882973,0.0079,-0.8252839775084618,0.7361791884290994,2.3333333333333335,4.093513859405684
5,-1,False,atr,8.0,swing0.1,5,3,reclaim,check,146,1,58,0.19863013698630136,0.15753424657534246,0.04794520547945205,-0.18326419463281057,-0.39836478843205386,-0.5413381653442777,0.14297337691222378,0.7434781145277002,0.481,-0.5676380874783931,0.5479763362253145,0.7083333333333334,3.5398255900563447
5,-1,False,atr,8.0,swing0.1,5,3,reclaim,select,187,1,61,0.12299465240641712,0.10695187165775401,0.016042780748663103,-0.371637569892031,-0.7952310010225893,-0.5120965242490403,-0.2831344767735491,-1.9859656944890063,0.0238,-0.9307366248224066,0.4779781105553575,0.75,3.965735355084554
5,-1,False,pct,0.03,swing0.1,2,0,prev_bar,check,85,1,77,0.3411764705882353,0.32941176470588235,0.023529411764705882,-0.286922401807147,-0.2242354093850969,-0.23160665582587686,0.007371246440780118,0.046774050715907754,0.9384,-0.3916492962363156,0.9144617017966236,2.4166666666666665,2.9307753967481753
5,-1,False,pct,0.03,swing0.1,2,0,prev_bar,select,123,1,105,0.3821138211382114,0.3821138211382114,0.0,-0.06228574113536255,-0.11524024138328667,-0.24457292014523843,0.12933267876195167,0.9572391433172524,0.4156,-0.23257213643042757,0.7721684152460399,1.75,2.715924233601852
5,-1,False,pct,0.03,swing0.1,2,0,reclaim,check,83,1,76,0.3132530120481928,0.2891566265060241,0.03614457831325301,-0.31697370260732316,-0.45184211056599016,-0.3510511339546484,-0.10079097661134179,-0.6504748181208162,0.5756,-0.6007781958470344,0.7275179981219188,0.75,2.8333017232891944
5,-1,False,pct,0.03,swing0.1,2,0,reclaim,select,123,1,104,0.34959349593495936,0.3333333333333333,0.024390243902439025,-0.16072379514088497,-0.3658921429543671,-0.47122598975410646,0.10533384679973941,0.8270153870105235,0.4361,-0.47066233376578376,0.6206418037291348,0.6666666666666666,2.8225731154249756
5,-1,False,pct,0.03,swing0.1,2,3,prev_bar,check,170,1,87,0.3352941176470588,0.32941176470588235,0.01764705882352941,-0.2604499307682132,-0.23712729165528743,-0.2437272419588034,0.006599950303515999,0.05982698929554709,0.9471,-0.32096849311626086,0.8709225705557954,2.4166666666666665,3.1055127279183248
5,-1,False,pct,0.03,swing0.1,2,3,prev_bar,select,257,1,112,0.33073929961089493,0.33073929961089493,0.0,-0.22517192040651546,-0.28078753275235624,-0.30334580682344786,0.022558274071091615,0.2478867007755067,0.801,-0.3398648562125635,0.7454122315058568,1.75,3.061013330805551
5,-1,False,pct,0.03,swing0.1,2,3,reclaim,check,164,1,88,0.36585365853658536,0.32926829268292684,0.042682926829268296,-0.12185930149274139,-0.2529456675024252,-0.29867620707089676,0.04573053956847155,0.4005560303486656,0.5133,-0.3103227661823523,0.8352321058129148,1.9166666666666667,2.8314590958333774
5,-1,False,pct,0.03,swing0.1,2,3,reclaim,select,241,1,113,0.34854771784232363,0.3360995850622407,0.016597510373443983,-0.2263341354886953,-0.3031096060994416,-0.3363214073084326,0.03321180120899098,0.3521570368636827,0.6821,-0.3589803100195746,0.7278843659058084,1.4166666666666667,2.8520812418252106
5,-1,False,pct,0.03,swing0.1,3,0,prev_bar,check,84,1,77,0.2976190476190476,0.27380952380952384,0.03571428571428571,-0.17591485469949425,-0.08625987896827544,-0.23898166154905884,0.15272178258078342,0.7769450514419213,0.3618,-0.2723444279240862,0.9124928292554721,4.125,2.9399213363661025
5,-1,False,pct,0.03,swing0.1,3,0,prev_bar,select,123,1,105,0.3333333333333333,0.3252032520325203,0.008130081300813009,0.09651064506650014,0.059213407208466996,-0.2680760349956923,0.3272894422041593,1.8752175458713098,0.1354,-0.0712612911470636,0.7721684152460399,2.25,2.715924233601852
5,-1,False,pct,0.03,swing0.1,3,0,reclaim,check,83,1,76,0.25301204819277107,0.20481927710843373,0.060240963855421686,-0.41656002825445365,-0.43495599758792214,-0.29584814880428295,-0.13910784878363913,-0.7627444100219052,0.5101,-0.6669222439095204,0.7275179981219188,0.8333333333333334,2.8333017232891944
5,-1,False,pct,0.03,swing0.1,3,0,reclaim,select,122,1,104,0.2540983606557377,0.22950819672131148,0.03278688524590164,-0.17333485985610741,-0.4331738545774169,-0.341273095723899,-0.09190075885351788,-0.5805315485809064,0.6486,-0.5562833856666963,0.6060484852677237,1.125,2.8287591691782965
5,-1,False,pct,0.03,swing0.1,3,3,prev_bar,check,174,1,89,0.27586206896551724,0.25862068965517243,0.028735632183908046,-0.19305429856399062,-0.15960904047204735,-0.2515295689300748,0.09192052845802748,0.65901457122553,0.5126,-0.24880944918403688,0.8709225705557954,3.1666666666666665,3.095555802260763
5,-1,False,pct,0.03,swing0.1,3,3,prev_bar,select,264,1,112,0.2765151515151515,0.2727272727272727,0.003787878787878788,-0.11966228649571806,-0.17332635828929047,-0.29169049812025205,0.11836413983096154,1.0616231757245878,0.2885,-0.24515729070626846,0.7436012962435621,2.2916666666666665,3.122610308204954
5,-1,False,pct,0.03,swing0.1,3,3,reclaim,check,168,1,88,0.30357142857142855,0.24404761904761904,0.06547619047619048,-0.10875009392319303,-0.2033206563404807,-0.26760964092828154,0.06428898458780086,0.4741589254068695,0.5773,-0.2689049517992363,0.8318782152600003,2.4583333333333335,2.8327721739780487
5,-1,False,pct,0.03,swing0.1,3,3,reclaim,select,248,1,116,0.27419354838709675,0.24193548387096775,0.036290322580645164,-0.23272120217827896,-0.30668641283798875,-0.35104619480620664,0.04435978196821786,0.39586159238893276,0.5963,-0.3690319447751356,0.7447681457558528,1.9166666666666667,2.850417753619494
5,-1,False,pct,0.03,swing0.1,5,0,prev_bar,check,84,1,77,0.23809523809523808,0.15476190476190477,0.09523809523809523,-0.1635328895200956,-0.0384532527433095,-0.19586360237764203,0.1574103496343325,0.5949716994422445,0.462,-0.31590528305434457,0.9124928292554721,5.083333333333333,2.9399213363661025
5,-1,False,pct,0.03,swing0.1,5,0,prev_bar,select,121,1,103,0.23140495867768596,0.1652892561983471,0.06611570247933884,0.0058727233769464695,-0.06835467315504651,-0.3288387144165034,0.26048404126145697,1.2244272609211009,0.2945,-0.2939899010826274,0.7846860346938181,3.0833333333333335,2.715924233601852
5,-1,False,pct,0.03,swing0.1,5,0,reclaim,check,83,1,76,0.18072289156626506,0.10843373493975904,0.08433734939759036,-0.44241991012288007,-0.5365352236395,-0.35448742419519974,-0.18204779944430033,-0.7734557474002922,0.555,-0.8381375864786066,0.7275179981219188,1.0,2.8333017232891944
5,-1,False,pct,0.03,swing0.1,5,0,reclaim,select,121,1,103,0.2231404958677686,0.17355371900826447,0.05785123966942149,-0.03282794348453315,-0.22868731052361288,-0.44251706729045276,0.21382975676683982,0.9873723088269416,0.3483,-0.4241204100337512,0.5914551668063127,1.25,2.8349452229316174
5,-1,False,pct,0.03,swing0.1,5,3,prev_bar,check,174,1,88,0.20689655172413793,0.16091954022988506,0.05747126436781609,-0.15923350468852474,-0.12557360497355272,-0.2881322190502667,0.16255861407671388,0.9111479289116197,0.3636,-0.26667594151666474,0.8733908759578961,4.916666666666667,3.1055127279183248
5,-1,False,pct,0.03,swing0.1,5,3,prev_bar,select,260,1,110,0.2,0.1576923076923077,0.04230769230769231,-0.10724866039690621,-0.1897277036575888,-0.3339236801802995,0.1441959765227106,0.9948534392988757,0.3566,-0.31386051641529583,0.7470609896353055,2.625,3.1298349257453117
5,-1,False,pct,0.03,swing0.1,5,3,reclaim,check,168,1,88,0.26785714285714285,0.16071428571428573,0.1130952380952381,-0.0009946706936165002,-0.061262687824529906,-0.34053144581551476,0.2792687579909849,1.5470488914349003,0.1627,-0.1748742845621144,0.8318782152600003,3.625,2.8327721739780487
5,-1,False,pct,0.03,swing0.1,5,3,reclaim,select,248,1,113,0.22983870967741934,0.15725806451612903,0.07661290322580645,-0.15224838945519886,-0.18451291728065305,-0.3290678845404557,0.14455496725980255,1.002514232001044,0.1197,-0.2625612809124481,0.7389031870180975,2.375,2.8487235526035493
5,-1,False,pct,0.04,swing0.1,2,0,prev_bar,check,44,1,40,0.3181818181818182,0.29545454545454547,0.045454545454545456,-0.2871388859059016,-0.27155078221597634,-0.21834684381709044,-0.05320393839888598,-0.25068945232066175,0.7579,-0.5442922790761144,0.9897070130229892,2.5,3.8511065520843712
5,-1,False,pct,0.04,swing0.1,2,0,prev_bar,select,73,1,67,0.3287671232876712,0.3287671232876712,0.0,-0.15956503829250548,-0.26324052470429643,-0.28002619069768564,0.016785665993389303,0.10178632356808585,0.913,-0.4533915314776526,0.8167942653727859,2.3333333333333335,3.6926091035499597
5,-1,False,pct,0.04,swing0.1,2,0,reclaim,check,45,1,40,0.3111111111111111,0.26666666666666666,0.06666666666666667,-0.44936202605347153,-0.43126349633840405,-0.37080624918871935,-0.06045724714968459,-0.29721727668758735,0.7291,-0.6874895275546891,0.7066830082965054,0.5,3.711556888735612
5,-1,False,pct,0.04,swing0.1,2,0,reclaim,select,73,1,67,0.3150684931506849,0.3013698630136986,0.0136986301369863,-0.1066340896594224,-0.47719771515585746,-0.4261888052090187,-0.05100890994683871,-0.30535796989699837,0.6786,-0.6710710310586521,0.5154347826086939,0.4166666666666667,3.761153207279455
5,-1,False,pct,0.04,swing0.1,2,3,prev_bar,check,95,1,46,0.2736842105263158,0.2631578947368421,0.021052631578947368,-0.4190341072531705,-0.40951835112116874,-0.27094879222760354,-0.13856955889356523,-0.9382321659696121,0.4012,-0.5544104950445092,0.9309410472354415,2.1666666666666665,4.057401193907473
5,-1,False,pct,0.04,swing0.1,2,3,prev_bar,select,159,1,72,0.33962264150943394,0.33962264150943394,0.0,-0.20979183680002716,-0.23869112745835602,-0.32078977135449993,0.08209864389614384,0.723961093162551,0.3794,-0.3341796406570349,0.818330605564627,1.9166666666666667,3.936071613968606
5,-1,False,pct,0.04,swing0.1,2,3,reclaim,check,101,1,44,0.26732673267326734,0.2376237623762376,0.039603960396039604,-0.4092455085557059,-0.5411290101907451,-0.35107845447659175,-0.19005055571415339,-1.3795527645834693,0.1465,-0.6739902478411892,0.8169519382883655,0.8333333333333334,3.8101111492242934
5,-1,False,pct,0.04,swing0.1,2,3,reclaim,select,164,1,74,0.3048780487804878,0.29878048780487804,0.006097560975609756,-0.35831350634025094,-0.457229163066543,-0.33658039989753413,-0.12064876316900881,-1.0545744446110208,0.33,-0.5387965315077634,0.5947840475807583,1.0,3.8189337894403264
5,-1,False,pct,0.04,swing0.1,3,0,prev_bar,check,44,1,40,0.22727272727272727,0.18181818181818182,0.06818181818181818,-0.3127647645785681,-0.3694625398476776,-0.13770116072623947,-0.23176137912143818,-0.939313882539305,0.3601,-0.7733210334227948,0.9897070130229892,2.75,3.8511065520843712
5,-1,False,pct,0.04,swing0.1,3,0,prev_bar,select,73,1,67,0.3013698630136986,0.2876712328767123,0.0136986301369863,0.031281745944744886,-0.06460919633198378,-0.33934865524970814,0.2747394589177244,1.2592034495060767,0.293,-0.30350663305387493,0.8167942653727859,3.4166666666666665,3.716794581427685
5,-1,False,pct,0.04,swing0.1,3,0,reclaim,check,45,1,40,0.24444444444444444,0.17777777777777778,0.08888888888888889,-0.4461505335430304,-0.45139794828433677,-0.36438208544049044,-0.08701586284384626,-0.3517397538523883,0.7323,-0.847438167700869,0.7066830082965054,0.8333333333333334,3.711556888735612
5,-1,False,pct,0.04,swing0.1,3,0,reclaim,select,73,1,67,0.273972602739726,0.2602739726027397,0.0136986301369863,0.11255978411142593,-0.3402114137859942,-0.3662273569245853,0.026015943138591145,0.12360411475369351,0.8701,-0.59644416538701,0.5154347826086939,0.5833333333333334,3.761153207279455
5,-1,False,pct,0.04,swing0.1,3,3,prev_bar,check,97,1,46,0.21649484536082475,0.18556701030927836,0.041237113402061855,-0.40611785564401887,-0.3983864037123743,-0.2583220111770998,-0.1400643925352745,-0.8273185942386581,0.4011,-0.5750199051069097,0.9330947434157506,2.6666666666666665,4.057401193907473
5,-1,False,pct,0.04,swing0.1,3,3,prev_bar,select,164,1,72,0.2804878048780488,0.2682926829268293,0.012195121951219513,-0.12785977366270623,-0.15855628178829942,-0.33485019660048354,0.17629391481218404,1.2371935267587026,0.2143,-0.26342850187124,0.8175624354687063,2.4166666666666665,3.9383288593278887
5,-1,False,pct,0.04,swing0.1,3,3,reclaim,check,107,1,45,0.205607476635514,0.1588785046728972,0.056074766355140186,-0.37859588410701495,-0.5835123807944794,-0.3265092093386348,-0.25700317145584467,-1.6873067992870145,0.0891,-0.7550724377166184,0.7712770193854644,1.1666666666666667,3.7740813371929915
5,-1,False,pct,0.04,swing0.1,3,3,reclaim,select,172,1,75,0.2616279069767442,0.23837209302325582,0.023255813953488372,-0.25754028431767845,-0.3699503366755706,-0.42762059955962956,0.057670262884058895,0.4344574287947297,0.5964,-0.47455257315368504,0.5947840475807583,1.1666666666666667,3.8159235904114186
5,-1,False,pct,0.04,swing0.1,5,0,prev_bar,check,44,1,40,0.1590909090909091,0.09090909090909091,0.09090909090909091,-0.4570198708643654,-0.4695951522646022,-0.22990199344173431,-0.2396931588228678,-0.804364783875889,0.4767,-1.0833135977510393,0.9897070130229892,3.4166666666666665,3.8511065520843712
5,-1,False,pct,0.04,swing0.1,5,0,prev_bar,select,73,1,67,0.2054794520547945,0.1506849315068493,0.0547945205479452,-0.1216205146983383,-0.18986400997036446,-0.3058846969230971,0.11602068695273263,0.4303462107056241,0.7942,-0.5867121255016766,0.8167942653727859,3.6666666666666665,3.7263444854508387
5,-1,False,pct,0.04,swing0.1,5,0,reclaim,check,45,1,40,0.2,0.13333333333333333,0.08888888888888889,-0.3240094049452565,-0.36250905939544764,-0.33939628350295936,-0.023112775892488068,-0.0712250271583706,0.933,-0.9032496202501503,0.7066830082965054,0.8333333333333334,3.711556888735612
5,-1,False,pct,0.04,swing0.1,5,0,reclaim,select,73,1,67,0.1917808219178082,0.136986301369863,0.0547945205479452,-0.020240561419480257,-0.4365764227337563,-0.4451752557305012,0.008598832996744766,0.0351070577751226,0.9694,-0.8081648208829253,0.5154347826086939,1.1666666666666667,3.761153207279455
5,-1,False,pct,0.04,swing0.1,5,3,prev_bar,check,98,1,46,0.17346938775510204,0.1326530612244898,0.05102040816326531,-0.34112258700770925,-0.3105418270750299,-0.21648001925029214,-0.09406180782473782,-0.4394525285518427,0.5795,-0.5343166974828634,0.9334418481789696,2.7916666666666665,4.0000184001649615
5,-1,False,pct,0.04,swing0.1,5,3,prev_bar,select,163,1,72,0.2085889570552147,0.15950920245398773,0.049079754601226995,-0.1262853177066555,-0.14618469740556236,-0.27506705260420966,0.12888235519864732,0.7243072110113723,0.5214,-0.31419583360374614,0.8167942653727859,3.0,3.9405861046871715
5,-1,False,pct,0.04,swing0.1,5,3,reclaim,check,105,1,45,0.1619047619047619,0.08571428571428572,0.08571428571428572,-0.4688224406876116,-0.6046496131311596,-0.3591953880031648,-0.2454542251279947,-1.3405718979574826,0.2624,-0.7991657305707538,0.7712770193854644,1.25,3.781916042299427
5,-1,False,pct,0.04,swing0.1,5,3,reclaim,select,171,1,76,0.1871345029239766,0.14035087719298245,0.04678362573099415,-0.3367411192364305,-0.40964629571894573,-0.469055421460554,0.0594091257416084,0.3640364829430275,0.7297,-0.565112054815169,0.6137921694497285,1.9166666666666667,3.818222297405449
5,-1,False,pct,0.05,swing0.1,2,0,prev_bar,check,27,1,26,0.25925925925925924,0.2222222222222222,0.07407407407407407,-0.4857788261583982,-0.4521998939826962,-0.25652560432497445,-0.19567428965772185,-0.7182359199659049,0.3618,-0.9762583182972283,1.2025354935694061,2.0,4.7112740937076625
5,-1,False,pct,0.05,swing0.1,2,0,prev_bar,select,36,1,36,0.3055555555555556,0.3055555555555556,0.0,-0.39796709761547616,-0.2728723676312264,-0.18190140747507116,-0.0909709601561552,-0.38861605538889055,0.7875,-0.6164453939104669,1.0785885624475817,2.0416666666666665,4.584486447009417
5,-1,False,pct,0.05,swing0.1,2,0,reclaim,check,28,1,26,0.25,0.17857142857142858,0.07142857142857142,-0.5141787088260004,-0.6449658680991996,-0.25461358537300594,-0.39035228272619366,-1.523442171302467,0.0759,-1.0682486901855193,0.6743659646064297,0.375,4.808820526466873
5,-1,False,pct,0.05,swing0.1,2,0,reclaim,select,36,1,36,0.25,0.25,0.0,-0.16981227485219808,-0.6022785025624302,-0.34643288327315885,-0.2558456192892713,-1.1852897543046705,0.3055,-0.9992299200729767,0.8175052996478478,0.9583333333333334,4.752742134039378
5,-1,False,pct,0.05,swing0.1,2,3,prev_bar,check,56,1,29,0.30357142857142855,0.2857142857142857,0.03571428571428571,-0.3710559832508245,-0.31263002978218485,-0.23735899349557613,-0.07527103628660882,-0.3833040918728208,0.7418,-0.5264631019756996,1.0582110585627575,2.9583333333333335,4.968402669791361
5,-1,False,pct,0.05,swing0.1,2,3,prev_bar,select,85,1,39,0.29411764705882354,0.29411764705882354,0.0,-0.42653591346701214,-0.33792642206605766,-0.3042385234217529,-0.033687898644304874,-0.21355385950215272,0.8413,-0.4839327548088339,0.9632525062691392,1.9166666666666667,4.726101856553355
5,-1,False,pct,0.05,swing0.1,2,3,reclaim,check,60,1,30,0.31666666666666665,0.25,0.06666666666666667,-0.2506506126923649,-0.40405431006688364,-0.34932849857791554,-0.054725811488968164,-0.3115040784858315,0.6498,-0.5770273302401003,0.8456008619472908,1.0,4.772476869271458
5,-1,False,pct,0.05,swing0.1,2,3,reclaim,select,90,1,41,0.24444444444444444,0.24444444444444444,0.0,-0.3548511785433305,-0.615381534834443,-0.410588269143263,-0.2047932656911801,-1.4102249280444572,0.2191,-0.7477342018186278,0.7688826152225936,1.375,4.797436051060822
5,-1,False,pct,0.05,swing0.1,3,0,prev_bar,check,27,1,26,0.2222222222222222,0.14814814814814814,0.1111111111111111,-0.3895009105227233,-0.4265746101232465,-0.2157059550915042,-0.21086865503174226,-0.7192628479726156,0.3763,-1.1126219546608647,1.2025354935694061,2.0,4.7112740937076625
5,-1,False,pct,0.05,swing0.1,3,0,prev_bar,select,36,1,36,0.2777777777777778,0.2777777777777778,0.0,-0.18610788354797783,-0.07842792318678181,-0.25708922468207085,0.17866130149528903,0.5785217813149715,0.6533,-0.5518382559807182,1.0785885624475817,3.0833333333333335,4.584486447009417
5,-1,False,pct,0.05,swing0.1,3,0,reclaim,check,28,1,26,0.17857142857142858,0.10714285714285714,0.10714285714285714,-0.6112493384298455,-0.7358731489996682,-0.35175342489387035,-0.3841197241057978,-1.4421514435966534,0.0206,-1.0893824231097775,0.6743659646064297,0.375,4.808820526466873
5,-1,False,pct,0.05,swing0.1,3,0,reclaim,select,36,1,36,0.25,0.2222222222222222,0.027777777777777776,-0.006794496085848619,-0.4040357421536523,-0.482896985896018,0.0788612437423656,0.27057931258255125,0.7987,-0.8701976620084617,0.8175052996478478,1.3333333333333333,4.752742134039378
5,-1,False,pct,0.05,swing0.1,3,3,prev_bar,check,56,1,29,0.25,0.19642857142857142,0.07142857142857142,-0.27809236825437933,-0.28634383787517287,-0.2992167403934681,0.012872902518295173,0.05244441293686775,0.9581,-0.5711956633044037,1.0582110585627575,3.2083333333333335,4.968402669791361
5,-1,False,pct,0.05,swing0.1,3,3,prev_bar,select,89,1,39,0.2247191011235955,0.2247191011235955,0.0,-0.3556895457459257,-0.3264012164428636,-0.26559923459363377,-0.060801981849229816,-0.3384827801615102,0.7764,-0.5082625984613438,0.9606996355429156,2.3333333333333335,4.726101856553355
5,-1,False,pct,0.05,swing0.1,3,3,reclaim,check,62,1,30,0.27419354838709675,0.1935483870967742,0.0967741935483871,-0.23367134495147182,-0.3549474463415855,-0.3388097196460164,-0.01613772669556904,-0.08145508683070239,0.919,-0.5569921933541879,0.7812792561384109,1.2916666666666667,4.761277507826566
5,-1,False,pct,0.05,swing0.1,3,3,reclaim,select,92,1,41,0.21739130434782608,0.20652173913043478,0.010869565217391304,-0.22607234472788398,-0.5022796957609499,-0.34426407891973715,-0.15801561684121265,-0.8973941373039106,0.4913,-0.6591067294184667,0.7476404159260248,1.4583333333333333,4.793948719981344
5,-1,False,pct,0.05,swing0.1,5,0,prev_bar,check,27,1,26,0.14814814814814814,0.037037037037037035,0.14814814814814814,-0.7164620338822308,-0.6638277562841607,-0.30754713750617063,-0.35628061877798994,-1.2444098562030381,0.2942,-1.1732467325232259,1.2025354935694061,2.0,4.7112740937076625
5,-1,False,pct,0.05,swing0.1,5,0,prev_bar,select,36,1,36,0.25,0.19444444444444445,0.05555555555555555,-0.09861065344105571,0.10831206054108206,-0.3552923473991523,0.46360440794023433,1.1263156795475642,0.4136,-0.6496555189237417,1.0785885624475817,3.4166666666666665,4.584486447009417
5,-1,False,pct,0.05,swing0.1,5,0,reclaim,check,28,1,26,0.14285714285714285,0.07142857142857142,0.10714285714285714,-0.7566721768542526,-0.7358731489996675,-0.28585444340914556,-0.4500187055905219,-1.4525207651424519,0.007,-0.9773725756225204,0.6743659646064297,0.7083333333333334,4.808820526466873
5,-1,False,pct,0.05,swing0.1,5,0,reclaim,select,36,1,36,0.25,0.16666666666666666,0.08333333333333333,0.1731701075143841,-0.08858062207494238,-0.34887217170978574,0.26029154963484336,0.6444718692126439,0.474,-0.6879633602335926,0.8175052996478478,1.5416666666666667,4.752742134039378
5,-1,False,pct,0.05,swing0.1,5,3,prev_bar,check,56,1,29,0.17857142857142858,0.10714285714285714,0.08928571428571429,-0.39244296323695127,-0.3692261906619633,-0.22629656028008044,-0.14292963038188286,-0.5171023630903079,0.7093,-0.7531368219461921,1.0582110585627575,5.041666666666667,4.968402669791361
5,-1,False,pct,0.05,swing0.1,5,3,prev_bar,select,90,1,39,0.17777777777777778,0.12222222222222222,0.05555555555555555,-0.3361280479880105,-0.31554850489155845,-0.38854942492377154,0.0730009200322132,0.3358979436134544,0.7894,-0.5927173977809392,0.949784972350495,2.4166666666666665,4.712029814440976
5,-1,False,pct,0.05,swing0.1,5,3,reclaim,check,59,1,30,0.2033898305084746,0.0847457627118644,0.13559322033898305,-0.37772885171175846,-0.46915846931629934,-0.3506582109251784,-0.11850025839112092,-0.5052807272047263,0.3627,-0.7526824996636607,0.8682216309889604,2.25,4.758049836946121
5,-1,False,pct,0.05,swing0.1,5,3,reclaim,select,94,1,41,0.19148936170212766,0.1276595744680851,0.06382978723404255,-0.267926919966406,-0.4127529819630194,-0.4549994775297029,0.042246495566683334,0.20124462847718488,0.8534,-0.6353188503909858,0.7297229776544202,1.5,4.793948719981344
5,-1,False,pct,0.06,swing0.1,2,0,prev_bar,check,20,1,19,0.4,0.35,0.1,-0.08555257828269602,-0.029061872371154707,-0.3544733166641585,0.3254114442930037,0.8975972414124382,0.404,-0.658532952484003,1.3634036379613506,4.083333333333333,5.654617939530116
5,-1,False,pct,0.06,swing0.1,2,0,prev_bar,select,22,1,20,0.22727272727272727,0.22727272727272727,0.0,-0.8516508889818348,-0.47768321690054205,-0.3024268195169046,-0.17525639738363744,-0.6784666396187856,0.5368,-1.1453432972686597,1.353140604646413,3.75,5.507648549872057
5,-1,False,pct,0.06,swing0.1,2,0,reclaim,check,20,1,19,0.3,0.3,0.0,-0.08461910912684431,-0.3993623305040289,-0.16874423718130446,-0.23061809332272434,-0.714342388299528,0.5152,-1.1332251112542364,0.6987036982023752,0.4166666666666667,5.744654891094658
5,-1,False,pct,0.06,swing0.1,2,0,reclaim,select,22,1,20,0.13636363636363635,0.13636363636363635,0.0,-0.5703301654331653,-0.9236378534790226,-0.41020669414439176,-0.5134311593346309,-2.3157716939344746,0.1314,-1.2431562808856367,0.9204569978297648,1.875,5.69989719428362
5,-1,False,pct,0.06,swing0.1,2,3,prev_bar,check,37,1,20,0.2972972972972973,0.2702702702702703,0.05405405405405406,-0.4637537253929014,-0.3259470482645535,-0.2373727533862695,-0.08857429487828403,-0.39018151638856546,0.731,-0.66584667922215,1.2041609417671402,3.6666666666666665,5.772661174534854
5,-1,False,pct,0.06,swing0.1,2,3,prev_bar,select,51,1,23,0.2549019607843137,0.2549019607843137,0.0,-0.6982604986646452,-0.42651892775972855,-0.20719489752585585,-0.21932403023387276,-1.214606061236696,0.348,-0.7128024864931667,1.0877898714995526,1.9166666666666667,5.785001255394184
5,-1,False,pct,0.06,swing0.1,2,3,reclaim,check,42,1,22,0.35714285714285715,0.3333333333333333,0.023809523809523808,0.10603527679861223,-0.20825112558798264,-0.2598711037833536,0.051619978195370925,0.22610451863246567,0.6533,-0.4207496413960974,0.8487576254067649,0.7916666666666666,5.727711143054148
5,-1,False,pct,0.06,swing0.1,2,3,reclaim,select,54,1,23,0.18518518518518517,0.18518518518518517,0.0,-0.47205803425792414,-0.7527304158446737,-0.43549467883095255,-0.31723573701372104,-1.84096290415353,0.1854,-1.062648464383948,0.86301422285038,0.875,5.667498700679008
5,-1,False,pct,0.06,swing0.1,3,0,prev_bar,check,20,1,19,0.35,0.25,0.15,0.09190297801027147,0.055532260839102364,-0.43488446721896273,0.490416728058065,1.1706995155688442,0.417,-0.7918662858173365,1.3634036379613506,5.958333333333333,5.654617939530116
5,-1,False,pct,0.06,swing0.1,3,0,prev_bar,select,22,1,20,0.13636363636363635,0.13636363636363635,0.0,-0.9304867142749125,-0.6140468532641775,-0.43394442303756564,-0.1801024302266119,-0.6562765567028345,0.5215,-1.150073719999297,1.353140604646413,3.9583333333333335,5.507648549872057
5,-1,False,pct,0.06,swing0.1,3,0,reclaim,check,20,1,19,0.2,0.15,0.1,-0.2280613462117069,-0.5172199241517909,-0.2696211369842746,-0.24759878716751632,-0.6842614696863629,0.604,-1.2630938038749224,0.6987036982023752,0.4166666666666667,5.744654891094658
5,-1,False,pct,0.06,swing0.1,3,0,reclaim,select,22,1,20,0.09090909090909091,0.09090909090909091,0.0,-0.4768937990147932,-0.969092398933567,-0.48778248354134174,-0.48130991539222523,-1.9039007726816048,0.2,-1.2467277415643219,0.9204569978297648,2.2083333333333335,5.69989719428362
5,-1,False,pct,0.06,swing0.1,3,3,prev_bar,check,37,1,20,0.2702702702702703,0.21621621621621623,0.08108108108108109,-0.30376739692633337,-0.1991394086914414,-0.19729953316430368,-0.0018398755271377522,-0.006317998585547774,0.9964,-0.6214721844644844,1.2041609417671402,5.0,5.772661174534854
5,-1,False,pct,0.06,swing0.1,3,3,prev_bar,select,53,1,23,0.18867924528301888,0.18867924528301888,0.0,-0.6648353827309853,-0.4410868589233297,-0.30252152933766685,-0.1385653295856629,-0.6422726978532257,0.5959,-0.7601203243379773,1.046885097691227,2.4166666666666665,5.7911050565855104
5,-1,False,pct,0.06,swing0.1,3,3,reclaim,check,42,1,22,0.30952380952380953,0.21428571428571427,0.11904761904761904,0.14334317067625785,-0.13868879095373443,-0.34654037339651694,0.20785158244278254,0.7395309040696763,0.1594,-0.3423979681347621,0.8487576254067649,1.0416666666666667,5.727711143054148
5,-1,False,pct,0.06,swing0.1,3,3,reclaim,select,54,1,23,0.14814814814814814,0.12962962962962962,0.018518518518518517,-0.42495400798218985,-0.7396793187870238,-0.4342590543270188,-0.30542026446000503,-1.615226953536027,0.1882,-1.0469503320262123,0.86301422285038,1.125,5.667498700679008
5,-1,False,pct,0.06,swing0.1,5,0,prev_bar,check,20,1,19,0.25,0.1,0.2,-0.3290469164997073,-0.16475948647813116,-0.11770211704027074,-0.04705736943786047,-0.09528470250404368,0.9168,-1.1512302061615778,1.3634036379613506,12.375,5.654617939530116
5,-1,False,pct,0.06,swing0.1,5,0,prev_bar,select,22,1,20,0.13636363636363635,0.09090909090909091,0.045454545454545456,-0.6950144641583313,-0.4146880634717677,-0.31497615588494293,-0.09971190758682474,-0.2230618334434234,0.8618,-1.150073719999297,1.353140604646413,3.9583333333333335,5.507648549872057
5,-1,False,pct,0.06,swing0.1,5,0,reclaim,check,20,1,19,0.1,0.0,0.15,-0.5182697537595587,-0.9632648597014392,-0.527094748118547,-0.43617011158289226,-1.7130061288302376,0.2258,-1.240287561729406,0.6987036982023752,0.4583333333333333,5.744654891094658
5,-1,False,pct,0.06,swing0.1,5,0,reclaim,select,22,1,20,0.09090909090909091,0.09090909090909091,0.0,-0.08987171150297113,-0.7872742171153857,-0.516937272432305,-0.2703369446830806,-0.6646970047052149,0.5809,-1.2467277415643219,0.9204569978297648,2.2083333333333335,5.69989719428362
5,-1,False,pct,0.06,swing0.1,5,3,prev_bar,check,37,1,20,0.1891891891891892,0.10810810810810811,0.10810810810810811,-0.480193526487194,-0.31821602886291933,-0.1897654776179744,-0.12845055124494492,-0.3782054766716634,0.7127,-0.9146588871243602,1.2041609417671402,6.0,5.772661174534854
5,-1,False,pct,0.06,swing0.1,5,3,prev_bar,select,53,1,23,0.1509433962264151,0.11320754716981132,0.03773584905660377,-0.5511378191690861,-0.3595258121177402,-0.37968467198617195,0.02015885986843171,0.07093593738391128,0.9798,-0.8460818450130629,1.046885097691227,2.4166666666666665,5.7911050565855104
5,-1,False,pct,0.06,swing0.1,5,3,reclaim,check,46,1,22,0.21739130434782608,0.08695652173913043,0.15217391304347827,-0.0005409457430123972,-0.345304652988881,-0.26482797112459283,-0.08047668186428815,-0.26365055965465506,0.8757,-0.6783362977277844,0.8889723598109874,2.1666666666666665,5.734086624616886
5,-1,False,pct,0.06,swing0.1,5,3,reclaim,select,55,1,23,0.14545454545454545,0.10909090909090909,0.03636363636363636,-0.2981387113155236,-0.5675532151637745,-0.45855754173424607,-0.10899567342952858,-0.4317419045670729,0.6557,-0.9423917098729441,0.8483669563103693,1.3333333333333333,5.66262600430123
5,-1,False,pct,0.08,swing0.1,2,0,prev_bar,check,5,1,5,0.4,0.4,0.0,-0.0699819834936942,0.04739607961965149,-0.462157822059085,0.5095539016787365,0.6355757530846692,0.5659,,1.2041609417671402,3.1666666666666665,7.433767031074545
5,-1,False,pct,0.08,swing0.1,2,0,prev_bar,select,11,1,11,0.18181818181818182,0.18181818181818182,0.0,-1.126724416734305,-0.6035598093496594,-0.04100576548518644,-0.5625540438644729,-1.4380941340105904,0.153,-1.1112802418001546,1.679203362690141,1.0833333333333333,7.201853907827882
5,-1,False,pct,0.08,swing0.1,2,0,reclaim,check,5,1,5,0.2,0.2,0.0,-0.9132540466291528,-0.5946194075084922,-0.42978292891270675,-0.1648364785957855,-0.2018574447644354,0.8086,,1.1649944871119529,1.8333333333333333,7.483455017405194
5,-1,False,pct,0.08,swing0.1,2,0,reclaim,select,11,1,11,0.45454545454545453,0.45454545454545453,0.0,0.19177533594610033,0.002531393074277047,-0.5290164546767648,0.5315478477510418,1.1014576397662839,0.066,-1.196490784444974,1.302648644958681,0.8333333333333334,7.678071930136632
5,-1,False,pct,0.08,swing0.1,2,3,prev_bar,check,10,1,6,0.3,0.3,0.0,-0.23106617456565723,-0.24362795184749278,-0.42616344757672664,0.18253549572923383,0.3729125887538025,0.6851,-1.0742223336251469,1.4220689138963745,5.041666666666667,7.489604695893737
5,-1,False,pct,0.08,swing0.1,2,3,prev_bar,select,27,1,14,0.25925925925925924,0.25925925925925924,0.0,-0.7496850138383777,-0.3935176800010834,-0.08994450216518314,-0.3035731778359001,-1.1104521799575169,0.2805,-0.8655951106266262,1.193674301778055,1.0833333333333333,7.58070725310156
5,-1,False,pct,0.08,swing0.1,2,3,reclaim,check,12,1,6,0.25,0.25,0.0,-0.9875238394955327,-0.5125325959566837,-0.22468066997494499,-0.28785192598173864,-0.630283468624103,0.6193,-1.4289302457742141,1.0873843408794874,2.5,7.320556643661957
5,-1,False,pct,0.08,swing0.1,2,3,reclaim,select,24,1,15,0.375,0.375,0.0,-0.36385717027270315,-0.2156322060491009,-0.4051056315944721,0.18947342554537128,0.6355717717707163,0.435,-0.7318594182829333,1.0855466889089285,0.8333333333333334,7.681399112372411
5,-1,False,pct,0.08,swing0.1,3,0,prev_bar,check,5,1,5,0.2,0.2,0.0,-0.19925381666714204,-0.35260392038034805,-0.3805299266473,0.027926006266951832,0.03227388275606447,1.0,,1.2041609417671402,5.0,7.433767031074545
5,-1,False,pct,0.08,swing0.1,3,0,prev_bar,select,11,1,11,0.18181818181818182,0.18181818181818182,0.0,-0.8932871707805767,-0.42174162753147826,-0.21327650340181137,-0.2084651241296669,-0.40079487666439206,0.6576,-1.1112802418001546,1.679203362690141,2.4166666666666665,7.201853907827882
5,-1,False,pct,0.08,swing0.1,3,0,reclaim,check,5,1,5,0.2,0.2,0.0,-0.6802551492067632,-0.3946194075084931,-0.43303005502200387,0.03841064751351073,0.043716470243715104,1.0,,1.1649944871119529,1.9166666666666667,7.483455017405194
5,-1,False,pct,0.08,swing0.1,3,0,reclaim,select,11,1,11,0.45454545454545453,0.45454545454545453,0.0,0.708145244257339,0.4570768476197305,-0.27512697303507483,0.7322038206548052,1.2024389530501103,0.1291,-1.196490784444974,1.302648644958681,0.8333333333333334,7.678071930136632
5,-1,False,pct,0.08,swing0.1,3,3,prev_bar,check,10,1,6,0.2,0.2,0.0,-0.03131672142259734,-0.3436279518474924,-0.03781330784019834,-0.30581464400729413,-0.531415921345199,0.621,-1.0742223336251469,1.4220689138963745,6.166666666666667,7.489604695893737
5,-1,False,pct,0.08,swing0.1,3,3,prev_bar,select,29,1,14,0.2413793103448276,0.2413793103448276,0.0,-0.5081409134218036,-0.21552122645584829,-0.2589956990028152,0.043474472546967,0.12934377083486825,0.8791,-0.815653923920394,1.1781345700588282,1.9166666666666667,7.587869192941343
5,-1,False,pct,0.08,swing0.1,3,3,reclaim,check,12,1,6,0.08333333333333333,0.08333333333333333,0.0,-1.2737174550451,-0.9291992626233516,-0.33602246256038604,-0.5931768000629655,-1.4347723805160832,0.3697,-1.1724111116498046,1.0873843408794874,3.7916666666666665,7.320556643661957
5,-1,False,pct,0.08,swing0.1,3,3,reclaim,select,25,1,15,0.36,0.36,0.0,-0.03381262082577535,0.08077293907639593,-0.45970508368282653,0.5404780227592224,1.3563367338966916,0.062,-0.5482975579743119,1.0709378158988017,0.8333333333333334,7.678071930136632
5,-1,False,pct,0.08,swing0.1,5,0,prev_bar,check,5,1,5,0.2,0.0,0.2,-0.3603041323576939,-0.43377090964928433,-0.5055087520010819,0.07173784235179745,0.08262669515066619,1.0,,1.2041609417671402,5.0,7.433767031074545
5,-1,False,pct,0.08,swing0.1,5,0,prev_bar,select,11,1,11,0.09090909090909091,0.0,0.09090909090909091,-1.092943371083374,-0.7502967752193843,-0.599139030248904,-0.15115774497048032,-0.3414977334490747,0.7515,-1.1112802418001546,1.679203362690141,2.4166666666666665,7.201853907827882
5,-1,False,pct,0.08,swing0.1,5,0,reclaim,check,5,1,5,0.2,0.2,0.0,-0.2142573543619819,0.005380592491506952,-0.4856627600790615,0.49104335257056836,0.36543390265296066,1.0,,1.1649944871119529,4.083333333333333,7.483455017405194
5,-1,False,pct,0.08,swing0.1,5,0,reclaim,select,11,1,11,0.45454545454545453,0.36363636363636365,0.09090909090909091,1.470722536740311,1.21943079084091,-0.440000949204392,1.659431740045302,1.80941976130941,0.0987,-1.196490784444974,1.302648644958681,0.8333333333333334,7.678071930136632
5,-1,False,pct,0.08,swing0.1,5,3,prev_bar,check,10,1,6,0.2,0.0,0.2,-0.05900408836824522,-0.36422630473465767,-0.3583266428178852,-0.0058996619167725585,-0.010612292173254923,1.0,-1.0742223336251469,1.4220689138963745,6.166666666666667,7.489604695893737
5,-1,False,pct,0.08,swing0.1,5,3,prev_bar,select,29,1,14,0.13793103448275862,0.10344827586206896,0.034482758620689655,-0.6910144445779696,-0.40911111006160594,-0.4801519167136714,0.07104080665206552,0.20410060933248178,0.8141,-1.1561564161884945,1.1781345700588282,1.9166666666666667,7.587869192941343
5,-1,False,pct,0.08,swing0.1,5,3,reclaim,check,12,1,6,0.08333333333333333,0.08333333333333333,0.0,-1.0795517071931076,-0.7625325959566848,-0.2516483605817175,-0.5108842353749673,-0.9040221172433809,0.5543,-1.1724111116498046,1.0873843408794874,4.625,7.320556643661957
5,-1,False,pct,0.08,swing0.1,5,3,reclaim,select,25,1,15,0.32,0.28,0.04,0.2355519316487689,0.4962086740937168,-0.5395312824128892,1.0357399565066059,1.7935277127050793,0.066,-0.47001112948725066,1.0709378158988017,1.0,7.678071930136632
5,-1,False,pctl,0.003,swing0.1,2,0,prev_bar,check,17,1,16,0.29411764705882354,0.23529411764705882,0.058823529411764705,-0.48300863243318015,-0.39191872729970767,-0.16078788387306825,-0.2311308434266394,-0.7097620459134063,0.5036,-1.1871482740408945,1.0416664571695515,2.75,4.955090357882175
5,-1,False,pctl,0.003,swing0.1,2,0,prev_bar,select,20,1,19,0.35,0.35,0.0,-0.35595135646476206,-0.12552739773817145,-0.27045651744034827,0.14492911970217678,0.4700891655567832,0.7399,-0.9642198923358135,1.2180603773861611,3.9583333333333335,5.296080841920658
5,-1,False,pctl,0.003,swing0.1,2,0,reclaim,check,17,1,17,0.17647058823529413,0.17647058823529413,0.0,-0.6361440271878301,-0.76886794517274,-0.28587975019834344,-0.4829881949743968,-1.6388931726234237,0.1291,-1.2410793661730815,0.6583053099666035,0.5,4.711719908755274
5,-1,False,pctl,0.003,swing0.1,2,0,reclaim,select,20,1,19,0.2,0.2,0.0,-0.608127237573316,-0.7528775901297361,-0.3763151449773626,-0.3765624451523732,-1.3397806870265352,0.1519,-1.23373598541439,0.8286120965080443,0.5,5.0278711480667315
5,-1,False,pctl,0.003,swing0.1,2,3,prev_bar,check,34,1,16,0.2647058823529412,0.23529411764705882,0.029411764705882353,-0.6377368205064224,-0.4644762587152407,-0.15429609155355473,-0.310180167161686,-1.435616391667307,0.3331,-0.8850329273256134,0.980995133256148,2.7916666666666665,5.21910297717395
5,-1,False,pctl,0.003,swing0.1,2,3,prev_bar,select,41,1,20,0.36585365853658536,0.36585365853658536,0.0,-0.35487270374315594,-0.10026256196252355,-0.3049091817230974,0.20464661976057386,0.8808365190988218,0.4622,-0.4314084450971836,1.0298465266558885,2.8333333333333335,5.785001255394184
5,-1,False,pctl,0.003,swing0.1,2,3,reclaim,check,40,1,20,0.25,0.25,0.0,-0.34311942846310556,-0.5784534159475625,-0.22976568221539675,-0.3486877337321657,-1.5927069906077622,0.2146,-0.8587713138736113,0.9096543042822866,1.625,4.715184106937831
5,-1,False,pctl,0.003,swing0.1,2,3,reclaim,select,53,1,20,0.2641509433962264,0.2641509433962264,0.0,-0.5089325538778671,-0.6084113321790106,-0.48691884789843776,-0.12149248428057274,-0.6223801462386982,0.5538,-0.9077076332701484,0.7525295003765986,0.5833333333333334,5.1016242894418085
5,-1,False,pctl,0.003,swing0.1,3,0,prev_bar,check,17,1,16,0.23529411764705882,0.11764705882352941,0.11764705882352941,-0.5293983992902335,-0.4688668058758756,-0.1884202580050566,-0.28044654787081896,-0.7928087768968388,0.4336,-1.180159534187155,1.0416664571695515,2.75,4.955090357882175
5,-1,False,pctl,0.003,swing0.1,3,0,prev_bar,select,20,1,19,0.25,0.25,0.0,-0.32828829821572203,-0.175527397738171,-0.1419789166844088,-0.03354848105376225,-0.08410205345697706,0.9704,-1.1739399426327553,1.2180603773861611,4.333333333333333,5.296080841920658
5,-1,False,pctl,0.003,swing0.1,3,0,reclaim,check,17,1,17,0.11764705882352941,0.058823529411764705,0.058823529411764705,-0.8081180655378856,-0.9208898425017523,-0.31124970533055685,-0.6096401371711958,-2.0148002854718303,0.0917,-1.235330799779942,0.6583053099666035,0.75,4.711719908755274
5,-1,False,pctl,0.003,swing0.1,3,0,reclaim,select,20,1,19,0.1,0.1,0.0,-0.7992492107097513,-0.9528775901297349,-0.3921799003689071,-0.5606976897608279,-1.9042936329514428,0.0375,-1.214475615147806,0.8286120965080443,0.5,5.0278711480667315
5,-1,False,pctl,0.003,swing0.1,3,3,prev_bar,check,34,1,16,0.23529411764705882,0.17647058823529413,0.058823529411764705,-0.593303958939121,-0.3853032391797953,-0.14758998678585591,-0.2377132523939394,-0.8264952079734595,0.6149,-0.9028211791109221,0.980995133256148,3.0416666666666665,5.21910297717395
5,-1,False,pctl,0.003,swing0.1,3,3,prev_bar,select,43,1,20,0.2558139534883721,0.2558139534883721,0.0,-0.356966478374755,-0.17990472668962285,-0.15200537273037146,-0.027899353959251423,-0.10347885560491966,0.9383,-0.5745909061153075,1.005176644724027,3.5,5.7911050565855104
5,-1,False,pctl,0.003,swing0.1,3,3,reclaim,check,40,1,20,0.15,0.075,0.075,-0.613556564848944,-0.8671834948130381,-0.2523125380785227,-0.6148709567345155,-3.258948192137884,0.0397,-1.1963607437665962,0.9096543042822866,2.25,4.715184106937831
5,-1,False,pctl,0.003,swing0.1,3,3,reclaim,select,54,1,20,0.2222222222222222,0.2222222222222222,0.0,-0.46433400636747185,-0.5194685959888753,-0.4982765170699498,-0.02119207891892565,-0.09212852588089403,0.9274,-0.838001005632192,0.7484509772625553,0.7916666666666666,5.179903017256127
5,-1,False,pctl,0.003,swing0.1,5,0,prev_bar,check,17,1,16,0.23529411764705882,0.058823529411764705,0.17647058823529413,-0.47908337673966406,-0.4673285706570966,-0.18001431384260388,-0.2873142568144927,-0.6882490363597272,0.5308,-1.180159534187155,1.0416664571695515,2.75,4.955090357882175
5,-1,False,pctl,0.003,swing0.1,5,0,prev_bar,select,20,1,19,0.25,0.15,0.1,-0.24055330873164749,-0.039395427028015725,-0.17850024328488187,0.13910481625686605,0.281760250224085,0.8455,-1.1739399426327553,1.2180603773861611,5.625,5.296080841920658
5,-1,False,pctl,0.003,swing0.1,5,0,reclaim,check,17,1,17,0.11764705882352941,0.058823529411764705,0.058823529411764705,-0.7745407138923857,-0.8032427836782245,-0.18108163915996006,-0.6221611445182647,-1.559580510554538,0.1663,-1.235330799779942,0.6583053099666035,0.8333333333333334,4.711719908755274
5,-1,False,pctl,0.003,swing0.1,5,0,reclaim,select,20,1,19,0.1,0.05,0.05,-0.7555680121099283,-0.8761679575934819,-0.44704879050660284,-0.4291191670868789,-1.1747113953794102,0.1776,-1.214475615147806,0.8286120965080443,0.5,5.0278711480667315
5,-1,False,pctl,0.003,swing0.1,5,3,prev_bar,check,34,1,16,0.17647058823529413,0.08823529411764706,0.08823529411764706,-0.6374402430116577,-0.5021811803939357,-0.2964714085082942,-0.20570977188564152,-0.6398871036152618,0.6441,-1.1314373708367023,0.980995133256148,4.041666666666667,5.21910297717395
5,-1,False,pctl,0.003,swing0.1,5,3,prev_bar,select,43,1,20,0.23255813953488372,0.16279069767441862,0.06976744186046512,-0.22780477795983187,-0.02503306344621999,-0.2819307507425349,0.25689768729631496,0.7391393253652269,0.5523,-0.5414426636911502,1.005176644724027,3.6666666666666665,5.7911050565855104
5,-1,False,pctl,0.003,swing0.1,5,3,reclaim,check,40,1,20,0.15,0.05,0.1,-0.5594384869033459,-0.7634505934299973,-0.34273550510704787,-0.4207150883229495,-1.569512132162834,0.2198,-1.2684939609080126,0.9096543042822866,2.25,4.715184106937831
5,-1,False,pctl,0.003,swing0.1,5,3,reclaim,select,54,1,20,0.2037037037037037,0.18518518518518517,0.018518518518518517,-0.252513388693436,-0.23179836171618823,-0.35946781563353186,0.12766945391734366,0.3957387659759558,0.7234,-0.6640879621539296,0.7484509772625553,0.9583333333333334,5.179903017256127
5,-1,False,pctl,0.01,swing0.1,2,0,prev_bar,check,29,1,25,0.3448275862068966,0.3103448275862069,0.034482758620689655,-0.31152018502602047,-0.21193550368370187,-0.10290855373008402,-0.10902694995361785,-0.39392703788121913,0.7028,-0.6397684158912204,0.9934824046268738,2.8333333333333335,4.057401193907473
5,-1,False,pctl,0.01,swing0.1,2,0,prev_bar,select,37,1,35,0.21621621621621623,0.21621621621621623,0.0,-0.7131852481185506,-0.56949810562086,-0.23663658019850858,-0.33286152542235126,-1.5639259019426917,0.1483,-0.9325638592143654,0.9659098661500051,3.0833333333333335,4.580623183974697
5,-1,False,pctl,0.01,swing0.1,2,0,reclaim,check,30,1,25,0.26666666666666666,0.13333333333333333,0.13333333333333333,-0.48470922171799335,-0.6109315095865602,-0.2488906659957595,-0.36204084359080047,-1.7223264302377452,0.0249,-0.9858121405903663,0.8010483694391415,1.0,3.878169679473309
5,-1,False,pctl,0.01,swing0.1,2,0,reclaim,select,37,1,36,0.24324324324324326,0.24324324324324326,0.0,-0.3377106316630882,-0.6752800350424407,-0.42416787776826853,-0.251112157274172,-1.247394404480192,0.29,-1.057850172072369,0.5283589186251796,0.5,4.296039615108649
5,-1,False,pctl,0.01,swing0.1,2,3,prev_bar,check,53,1,26,0.3018867924528302,0.2830188679245283,0.018867924528301886,-0.44316789856187505,-0.3347297941462464,-0.22256001396721212,-0.11216978017903431,-0.5712602947807984,0.5642,-0.5622902214365619,0.9934824046268738,3.0833333333333335,4.695444533933646
5,-1,False,pctl,0.01,swing0.1,2,3,prev_bar,select,83,1,38,0.2891566265060241,0.2891566265060241,0.0,-0.49637259478712636,-0.37308901474094197,-0.2905091471674758,-0.08257986757346623,-0.5563452009722026,0.5833,-0.5244589219134487,0.9205986943367881,2.8333333333333335,4.6531898040298
5,-1,False,pctl,0.01,swing0.1,2,3,reclaim,check,54,1,28,0.3148148148148148,0.24074074074074073,0.07407407407407407,-0.42139041039752956,-0.3847736151593854,-0.1802895499451403,-0.2044840652142452,-1.0576782482969547,0.6549,-0.5848334494333244,0.9107371804009307,2.0,4.058862188884726
5,-1,False,pctl,0.01,swing0.1,2,3,reclaim,select,89,1,41,0.2696629213483146,0.2696629213483146,0.0,-0.3220849361458831,-0.592532758339171,-0.48014452881167013,-0.11238822952750073,-0.7530442347425753,0.4896,-0.7344781426020529,0.592576946288446,0.8333333333333334,4.412544072297919
5,-1,False,pctl,0.01,swing0.1,3,0,prev_bar,check,29,1,25,0.2413793103448276,0.1724137931034483,0.06896551724137931,-0.3567034623364667,-0.36049127388352387,-0.11164027436593507,-0.24885099951758868,-0.8403231129701564,0.4217,-1.0244994387617623,0.9934824046268738,5.0,4.057401193907473
5,-1,False,pctl,0.01,swing0.1,3,0,prev_bar,select,37,1,35,0.1891891891891892,0.1891891891891892,0.0,-0.6217445741303943,-0.46138999751275206,-0.22671201123437348,-0.23467798627837858,-0.8877589832798617,0.3753,-0.9718270402947161,0.9659098661500051,3.0833333333333335,4.580623183974697
5,-1,False,pctl,0.01,swing0.1,3,0,reclaim,check,30,1,25,0.26666666666666666,0.13333333333333333,0.13333333333333333,-0.3703103985382172,-0.47759817625322704,-0.24132783316138393,-0.23627034309184317,-0.8751950660256578,0.063,-0.9024788072570331,0.8010483694391415,1.5,3.878169679473309
5,-1,False,pctl,0.01,swing0.1,3,0,reclaim,select,37,1,36,0.24324324324324326,0.24324324324324326,0.0,-0.11637931677463027,-0.4320367917991966,-0.5333147110876985,0.10127791928850206,0.33368811377230984,0.7225,-0.9328501720723683,0.5283589186251796,0.75,4.296039615108649
5,-1,False,pctl,0.01,swing0.1,3,3,prev_bar,check,52,1,26,0.25,0.21153846153846154,0.038461538461538464,-0.36004289735740647,-0.2854755825910703,-0.17441679737473886,-0.11105878521633146,-0.4966771171257931,0.6953,-0.6177069853737762,0.9975318050991333,4.333333333333333,4.701965801705754
5,-1,False,pctl,0.01,swing0.1,3,3,prev_bar,select,85,1,38,0.2235294117647059,0.2235294117647059,0.0,-0.4574620754270284,-0.3481356050669231,-0.28324134094637804,-0.06489426412054507,-0.3696793490221304,0.8027,-0.5373047893880363,0.9204071306113563,3.0833333333333335,4.655759186610298
5,-1,False,pctl,0.01,swing0.1,3,3,reclaim,check,55,1,28,0.2909090909090909,0.21818181818181817,0.07272727272727272,-0.3111996714702464,-0.24170177584271516,-0.17594837614356149,-0.06575339969915375,-0.2779995923365287,0.8226,-0.46323725562738566,0.9105239567143208,2.9166666666666665,4.011913702878345
5,-1,False,pctl,0.01,swing0.1,3,3,reclaim,select,90,1,41,0.24444444444444444,0.24444444444444444,0.0,-0.1342476725914799,-0.4297004175428282,-0.44803650889929786,0.0183360913564696,0.09691398473154209,0.9223,-0.617848903840937,0.5896895557420814,1.125,4.430962180571008
5,-1,False,pctl,0.01,swing0.1,5,0,prev_bar,check,29,1,25,0.13793103448275862,0.0,0.13793103448275862,-0.9812170592883127,-0.8492422857132208,0.03337462238009762,-0.8826169080933184,-4.175614625576041,0.0134,-1.183915266425653,0.9934824046268738,6.0,4.057401193907473
5,-1,False,pctl,0.01,swing0.1,5,0,prev_bar,select,37,1,35,0.13513513513513514,0.08108108108108109,0.05405405405405406,-0.7686820311367056,-0.6040213646964521,-0.17607788227269155,-0.4279434824237606,-1.4949413233710258,0.2169,-1.2138462757075914,0.9659098661500051,3.5,4.580623183974697
5,-1,False,pctl,0.01,swing0.1,5,0,reclaim,check,30,1,25,0.2,0.03333333333333333,0.16666666666666666,-0.473294856814537,-0.6505502501060739,-0.23206335536319905,-0.4184868947428748,-1.481268710357244,0.1551,-1.2544916314443244,0.8010483694391415,2.0,3.878169679473309
5,-1,False,pctl,0.01,swing0.1,5,0,reclaim,select,37,1,36,0.13513513513513514,0.10810810810810811,0.02702702702702703,-0.3924343409315155,-0.6931082135535804,-0.5282184157324151,-0.1648897978211651,-0.5071271063111215,0.5244,-1.405501993926339,0.5283589186251796,1.0,4.296039615108649
5,-1,False,pctl,0.01,swing0.1,5,3,prev_bar,check,54,1,26,0.14814814814814814,0.07407407407407407,0.07407407407407407,-0.6570168821152329,-0.588129771593109,0.0072809989778584916,-0.5954107705709675,-2.456598280440652,0.0417,-1.0093913285704401,0.9797185306431717,5.541666666666667,4.665034361765574
5,-1,False,pctl,0.01,swing0.1,5,3,prev_bar,select,85,1,38,0.16470588235294117,0.11764705882352941,0.047058823529411764,-0.462947599054369,-0.3899294006880001,-0.3056892609094684,-0.08424013977853176,-0.3836377686759976,0.7981,-0.6890610536504793,0.9204071306113563,3.1666666666666665,4.655759186610298
5,-1,False,pctl,0.01,swing0.1,5,3,reclaim,check,58,1,28,0.15517241379310345,0.06896551724137931,0.08620689655172414,-0.5067948064092702,-0.6266692346429061,-0.29926825428855675,-0.3274009803543492,-1.4407542699819034,0.4249,-0.9866612418127977,0.8773460029815279,4.791666666666667,4.058862188884726
5,-1,False,pctl,0.01,swing0.1,5,3,reclaim,select,93,1,41,0.17204301075268819,0.12903225806451613,0.043010752688172046,-0.315124206142636,-0.5238565565289564,-0.44115107583787433,-0.08270548069108201,-0.3886865101273411,0.6673,-0.7211023502976363,0.5868021651957166,2.0833333333333335,4.327008501455998
5,1,False,atr,4.0,swing0.1,2,0,prev_bar,check,259,1,176,0.3204633204633205,0.3088803088803089,0.015444015444015444,-0.20085618278954687,-0.366563769133369,-0.3462482485763867,-0.020315520556982346,-0.23839580946303401,0.8037,-0.41516300553444957,0.7229385655747098,1.8333333333333333,-1.3490607570010527
5,1,False,atr,4.0,swing0.1,2,0,prev_bar,select,262,1,175,0.3435114503816794,0.33969465648854963,0.003816793893129771,-0.14481041362787792,-0.2612712747163041,-0.28920462254173596,0.027933347825431925,0.3004772712828059,0.7893,-0.31866399198339035,0.7747507220710161,1.9166666666666667,-1.7263235924025344
5,1,False,atr,4.0,swing0.1,2,0,reclaim,check,269,1,178,0.36059479553903345,0.3382899628252788,0.026022304832713755,-0.073251400883202,-0.4310521582969785,-0.5422831163557192,0.11123095805874071,1.2521389677397685,0.1725,-0.5015831115352638,0.4340850888062707,0.9166666666666666,-1.3403439680850782
5,1,False,atr,4.0,swing0.1,2,0,reclaim,select,274,1,180,0.35766423357664234,0.35036496350364965,0.01824817518248175,-0.11597766433216465,-0.4080112533276378,-0.4602651458477529,0.05225389252011511,0.5892167582612863,0.632,-0.46190302809204603,0.4843238285107092,0.5833333333333334,-1.7331641057872604
5,1,False,atr,4.0,swing0.1,2,3,prev_bar,check,455,1,179,0.3142857142857143,0.2989010989010989,0.017582417582417582,-0.2521936927892553,-0.36309128540275354,-0.3493613876446326,-0.013729897758120965,-0.20824481530687583,0.8041,-0.3901308301715403,0.7679880597014975,2.0833333333333335,-1.895243466487062
5,1,False,atr,4.0,swing0.1,2,3,prev_bar,select,451,1,178,0.3325942350332594,0.328159645232816,0.0066518847006651885,-0.21912652307843067,-0.27518016584761285,-0.2810747572138704,0.00589459136625754,0.08651248978367007,0.9508,-0.3084068623024459,0.803452235763292,2.0,-2.1423567333468285
5,1,False,atr,4.0,swing0.1,2,3,reclaim,check,425,1,179,0.3458823529411765,0.3129411764705882,0.03764705882352941,-0.24026230537515653,-0.36626335019140777,-0.4117640705719623,0.0455007203805545,0.6579783628323999,0.515,-0.39018748121747343,0.6872176150986732,2.0,-1.5567869522909894
5,1,False,atr,4.0,swing0.1,2,3,reclaim,select,447,1,174,0.3512304250559284,0.3333333333333333,0.026845637583892617,-0.11302741912212057,-0.3268507132845859,-0.3685066587596567,0.04165594547507081,0.591293097584577,0.6452,-0.346255267853183,0.6831140670554025,1.0833333333333333,-1.9715669521590096
5,1,False,atr,4.0,swing0.1,3,0,prev_bar,check,251,1,176,0.24701195219123506,0.21912350597609562,0.03187250996015936,-0.2745108777622974,-0.37632288153637605,-0.39167934490923634,0.01535646337286032,0.1422154938312093,0.8654,-0.4381392993562308,0.7236379279297303,2.5833333333333335,-1.4038334552743281
5,1,False,atr,4.0,swing0.1,3,0,prev_bar,select,253,1,171,0.26877470355731226,0.2490118577075099,0.019762845849802372,-0.13318459229182167,-0.2434557596805563,-0.2202564894966347,-0.02319927018392159,-0.20713810075159333,0.8798,-0.3121593244924361,0.7862096345291046,2.8333333333333335,-1.782601996806743
5,1,False,atr,4.0,swing0.1,3,0,reclaim,check,263,1,176,0.27756653992395436,0.24334600760456274,0.03802281368821293,-0.05045677275668668,-0.43713623252752276,-0.49827807756402154,0.061141845036498894,0.5577774279274719,0.4332,-0.49379311113363883,0.4359075871793404,1.0,-1.3581000041687719
5,1,False,atr,4.0,swing0.1,3,0,reclaim,select,265,1,175,0.27169811320754716,0.2490566037735849,0.033962264150943396,-0.09697686673767575,-0.40886662642821653,-0.48126180766615434,0.07239518123793784,0.6689585194318417,0.6113,-0.4862976956659122,0.491584341600239,0.8333333333333334,-1.739645352307695
5,1,False,atr,4.0,swing0.1,3,3,prev_bar,check,432,1,173,0.22685185185185186,0.19675925925925927,0.032407407407407406,-0.3287611260323716,-0.4350701719257228,-0.3753638159416441,-0.05970635598407866,-0.7642005897177718,0.4558,-0.46069975744688285,0.7781517157161054,2.6666666666666665,-2.01484388760817
5,1,False,atr,4.0,swing0.1,3,3,prev_bar,select,424,1,167,0.2617924528301887,0.23820754716981132,0.025943396226415096,-0.18644166912511656,-0.2498351961220379,-0.2695331585513889,0.019697962429350954,0.2329999406197765,0.8435,-0.29426366234692075,0.8218527307013921,2.5,-2.2759569349662723
5,1,False,atr,4.0,swing0.1,3,3,reclaim,check,384,1,171,0.2916666666666667,0.22395833333333334,0.07291666666666667,-0.24016507284966832,-0.304138010026115,-0.39501196338363725,0.0908739533575222,1.0471059121844062,0.2494,-0.33694497655259165,0.7391517945057451,3.0416666666666665,-1.5930049012971181
5,1,False,atr,4.0,swing0.1,3,3,reclaim,select,407,1,165,0.2800982800982801,0.23587223587223588,0.05405405405405406,-0.09408843317193406,-0.3027151913689251,-0.3160895468472303,0.013374355478305063,0.1547402140975383,0.9004,-0.338558614979505,0.7129448925489297,2.0,-1.9669766974041103
5,1,False,atr,4.0,swing0.1,5,0,prev_bar,check,241,1,170,0.18672199170124482,0.13278008298755187,0.058091286307053944,-0.23683371351237953,-0.35085700208135867,-0.400364535492002,0.049507533410643324,0.36411710016689003,0.6659,-0.438075240869827,0.7295968924650185,3.4166666666666665,-1.4146884399091841
5,1,False,atr,4.0,swing0.1,5,0,prev_bar,select,247,1,164,0.22267206477732793,0.17408906882591094,0.048582995951417005,-0.02796061935039185,-0.10711422379686021,-0.27534665506457684,0.16823243126771664,1.1180768387459572,0.3835,-0.2050586546136011,0.782174015173682,3.25,-1.8182684593703313
5,1,False,atr,4.0,swing0.1,5,0,reclaim,check,256,1,172,0.19140625,0.12890625,0.06640625,-0.0866493406052269,-0.5225260683881038,-0.5223349964328794,-0.00019107195522448384,-0.0014535362551496788,0.9988,-0.59923683727545,0.4427403857221212,1.3333333333333333,-1.3818272206843507
5,1,False,atr,4.0,swing0.1,5,0,reclaim,select,260,1,173,0.2,0.1576923076923077,0.05384615384615385,-0.099385984634871,-0.38363694440903423,-0.40722848279337864,0.02359153838434437,0.16739540307121903,0.8875,-0.5039275482947388,0.5103173206996516,1.375,-1.7404668937089196
5,1,False,atr,4.0,swing0.1,5,3,prev_bar,check,413,1,163,0.17675544794188863,0.11138014527845036,0.06779661016949153,-0.3093686442773222,-0.4222805486715197,-0.3870580264518047,-0.03522252221971505,-0.3636091393747586,0.6314,-0.46616851857688285,0.7818016036124616,3.1666666666666665,-2.0406928080812903
5,1,False,atr,4.0,swing0.1,5,3,prev_bar,select,388,1,155,0.19845360824742267,0.13917525773195877,0.061855670103092786,-0.16648260969484183,-0.2420773844857713,-0.26013550072999775,0.018058116244226412,0.16368617838668706,0.9046,-0.30456740185244746,0.8547379518383654,3.2083333333333335,-2.3730285883937885
5,1,False,atr,4.0,swing0.1,5,3,reclaim,check,369,1,166,0.2086720867208672,0.1111111111111111,0.10298102981029811,-0.308199429824386,-0.4146864187069977,-0.3864582861323535,-0.028228132574644214,-0.27587781889210483,0.7419,-0.45912140227421866,0.7803983507493428,3.8333333333333335,-1.615344777322547
5,1,False,atr,4.0,swing0.1,5,3,reclaim,select,371,1,156,0.2210242587601078,0.1320754716981132,0.09973045822102426,-0.06035859065118984,-0.29386608683674853,-0.24908581418455064,-0.04478027265219794,-0.3860376549345018,0.7691,-0.36262954105860273,0.767330247351837,3.0,-1.9705306924980515
5,1,False,atr,6.0,swing0.1,2,0,prev_bar,check,143,1,116,0.27972027972027974,0.26573426573426573,0.02097902097902098,-0.5135058867680453,-0.4425871216536982,-0.2808559052805357,-0.1617312163731624,-1.4229147543255976,0.2603,-0.5412524428244431,0.783698580269392,2.5833333333333335,-2.0423845592874468
5,1,False,atr,6.0,swing0.1,2,0,prev_bar,select,108,1,86,0.2777777777777778,0.2777777777777778,0.0,-0.4103687907215413,-0.37205507101915564,-0.18396433850318164,-0.18809073251597394,-1.3969483204927915,0.2456,-0.48242735340981174,1.0148613235648922,2.2083333333333335,-2.679100539880319
5,1,False,atr,6.0,swing0.1,2,0,reclaim,check,150,1,121,0.24,0.24,0.0,-0.44149145308190524,-0.7960265128551756,-0.552585239660176,-0.24344127319499942,-2.206028352372133,0.0055,-0.9157240281918474,0.4497673108057142,0.5833333333333334,-2.094831005215542
5,1,False,atr,6.0,swing0.1,2,0,reclaim,select,112,1,89,0.22321428571428573,0.22321428571428573,0.0,-0.3903863238023206,-0.7073207887079447,-0.3277806055088134,-0.3795401831991314,-3.063699771162998,0.0024,-0.8478003974374104,0.6553143967731051,0.625,-2.7255705597930167
5,1,False,atr,6.0,swing0.1,2,3,prev_bar,check,267,1,118,0.29213483146067415,0.27340823970037453,0.02247191011235955,-0.41779089967885885,-0.3965494634159734,-0.3235472219586878,-0.07300224145728565,-0.8786697738670068,0.4135,-0.43908267070584395,0.8358245651595927,2.1666666666666665,-2.7170017037104754
5,1,False,atr,6.0,swing0.1,2,3,prev_bar,select,205,1,95,0.28292682926829266,0.2780487804878049,0.00975609756097561,-0.4339069866473257,-0.3598844576649707,-0.1850647394937155,-0.1748197181712552,-1.8646977339289557,0.0732,-0.41691012355339424,0.9733876100562142,2.25,-3.2513188675113436
5,1,False,atr,6.0,swing0.1,2,3,reclaim,check,299,1,121,0.3010033444816054,0.28762541806020064,0.013377926421404682,-0.3270358961216716,-0.5312895307497916,-0.5016126898437102,-0.029676840906081484,-0.3803336149326948,0.7132,-0.567873578663136,0.5962543859649161,0.8333333333333334,-2.3742645218481573
5,1,False,atr,6.0,swing0.1,2,3,reclaim,select,260,1,94,0.24615384615384617,0.23846153846153847,0.011538461538461539,-0.48694485709366125,-0.6290018168378214,-0.3475394656821866,-0.28146235115563484,-3.400966857663292,0.0041,-0.6724639043105376,0.7005193322177339,0.5833333333333334,-3.1418219751841283
5,1,False,atr,6.0,swing0.1,3,0,prev_bar,check,143,1,116,0.23076923076923078,0.2097902097902098,0.027972027972027972,-0.4442107594066459,-0.3918887348506228,-0.3646770415981747,-0.027211693252448033,-0.19838834885456055,0.8628,-0.5094023731318227,0.783698580269392,3.0,-2.0423845592874468
5,1,False,atr,6.0,swing0.1,3,0,prev_bar,select,107,1,85,0.22429906542056074,0.205607476635514,0.018691588785046728,-0.350935083853968,-0.344010054475045,-0.19624216897605556,-0.1477678854989895,-0.8832488081742444,0.2926,-0.4874209873715747,1.017089904080639,3.0,-2.6891300908083005
5,1,False,atr,6.0,swing0.1,3,0,reclaim,check,148,1,120,0.1891891891891892,0.1891891891891892,0.0,-0.435240875236011,-0.7558913590242591,-0.532929376891208,-0.22296198213305105,-1.6429418065166659,0.0075,-0.8720777056657987,0.4580598079377237,0.75,-2.094831005215542
5,1,False,atr,6.0,swing0.1,3,0,reclaim,select,112,1,89,0.17857142857142858,0.17857142857142858,0.0,-0.3411320427559972,-0.6626779315650865,-0.34805451142484684,-0.31462342014023953,-2.053612655009213,0.0303,-0.8582856391060845,0.6553143967731051,0.6666666666666666,-2.7255705597930167
5,1,False,atr,6.0,swing0.1,3,3,prev_bar,check,267,1,117,0.2209737827715356,0.18726591760299627,0.03745318352059925,-0.4184514132945967,-0.43919171312399596,-0.32142991992098807,-0.11776179320300792,-1.1738285441987732,0.3207,-0.4818932293123842,0.8386738676813542,2.6666666666666665,-2.786269616726522
5,1,False,atr,6.0,swing0.1,3,3,prev_bar,select,207,1,93,0.2222222222222222,0.18357487922705315,0.043478260869565216,-0.4300567561153675,-0.37558108946143803,-0.18146555006784776,-0.1941155393935903,-1.682381995162229,0.0362,-0.45658000884840827,0.998506092177304,2.9166666666666665,-3.2999781486240276
5,1,False,atr,6.0,swing0.1,3,3,reclaim,check,298,1,118,0.24161073825503357,0.2181208053691275,0.02348993288590604,-0.33127648761427647,-0.4823761585974684,-0.4886869937566478,0.006310835159179298,0.06405934393655045,0.9493,-0.5235274563492955,0.6232671186278731,1.25,-2.4644803361659475
5,1,False,atr,6.0,swing0.1,3,3,reclaim,select,264,1,95,0.20833333333333334,0.20075757575757575,0.011363636363636364,-0.3998072874969619,-0.5435847907033139,-0.3458882024663401,-0.19769658823697372,-1.9059503529135375,0.0383,-0.6037664498554957,0.6961421288720513,0.7916666666666666,-3.1418219751841283
5,1,False,atr,6.0,swing0.1,5,0,prev_bar,check,141,1,115,0.18439716312056736,0.10638297872340426,0.0851063829787234,-0.4540036055648799,-0.40365643427989134,-0.38237838102874233,-0.021278053251149048,-0.12210001402201222,0.8575,-0.569209304615893,0.7848790897625935,3.8333333333333335,-2.1200416447321846
5,1,False,atr,6.0,swing0.1,5,0,prev_bar,select,107,1,85,0.205607476635514,0.14953271028037382,0.056074766355140186,-0.12669772163259763,-0.13772299282942546,-0.23393117953577322,0.09620818670634769,0.42941288599099187,0.6704,-0.3827503805027243,1.017089904080639,3.4166666666666665,-2.6891300908083005
5,1,False,atr,6.0,swing0.1,5,0,reclaim,check,148,1,120,0.13513513513513514,0.10810810810810811,0.02702702702702703,-0.4186227883825816,-0.7747300381420328,-0.5226508909861269,-0.25207914715590585,-1.5265398268413166,0.0871,-0.965601262108685,0.4580598079377237,0.75,-2.094831005215542
5,1,False,atr,6.0,swing0.1,5,0,reclaim,select,111,1,88,0.10810810810810811,0.07207207207207207,0.036036036036036036,-0.413430880136231,-0.8194641685174908,-0.36207628779614204,-0.45738788072134884,-2.6429432639967567,0.0509,-1.0334061308643079,0.6556881391407244,0.6666666666666666,-2.7443665907127546
5,1,False,atr,6.0,swing0.1,5,3,prev_bar,check,265,1,115,0.17735849056603772,0.09056603773584905,0.09056603773584905,-0.42021053654983503,-0.453582666015778,-0.44693711023758714,-0.00664555577819086,-0.057094063087918166,0.9585,-0.5125910921071811,0.8580282590930016,3.25,-2.815310021243067
5,1,False,atr,6.0,swing0.1,5,3,prev_bar,select,207,1,93,0.18840579710144928,0.1111111111111111,0.0821256038647343,-0.3139415756975024,-0.3141030236367276,-0.18909673631312426,-0.12500628732360328,-0.8782189168362846,0.2785,-0.442778301559665,0.998506092177304,3.3333333333333335,-3.2999781486240276
5,1,False,atr,6.0,swing0.1,5,3,reclaim,check,308,1,116,0.17532467532467533,0.11363636363636363,0.06168831168831169,-0.30605247992594536,-0.5381073675928815,-0.5218035019260686,-0.016303865666812932,-0.13917170036512927,0.8939,-0.5999667362266765,0.6232671186278731,1.5833333333333333,-2.5547598332383457
5,1,False,atr,6.0,swing0.1,5,3,reclaim,select,266,1,94,0.15413533834586465,0.10902255639097744,0.04887218045112782,-0.3942221684456086,-0.5639743230930404,-0.36545635969432705,-0.1985179633987132,-1.6250905409281713,0.1071,-0.6523230007623051,0.6961421288720513,0.9583333333333334,-3.1418219751841283
5,1,False,atr,8.0,swing0.1,2,0,prev_bar,check,66,1,58,0.2878787878787879,0.25757575757575757,0.030303030303030304,-0.6672192117131258,-0.41127164093364493,-0.24459839859458218,-0.16667324233906264,-1.0878374248261078,0.392,-0.5938147781965313,0.9784348085643015,2.5833333333333335,-3.006244894645116
5,1,False,atr,8.0,swing0.1,2,0,prev_bar,select,44,1,39,0.25,0.22727272727272727,0.022727272727272728,-0.6587426773075843,-0.4474212255315449,-0.17153602405617374,-0.2758852014753711,-1.372308994087634,0.2345,-0.7131753240014758,1.4697893359970862,2.5416666666666665,-4.167150767468225
5,1,False,atr,8.0,swing0.1,2,0,reclaim,check,66,1,59,0.25757575757575757,0.24242424242424243,0.015151515151515152,-0.4953972275870586,-0.6487197217136077,-0.42041663250359806,-0.22830308921000972,-1.5310355074345532,0.1668,-0.8492754183787735,0.6010552675519559,0.9166666666666666,-2.902699173470502
5,1,False,atr,8.0,swing0.1,2,0,reclaim,select,46,1,41,0.1956521739130435,0.17391304347826086,0.021739130434782608,-0.5345237376013107,-0.7011994222318144,-0.22795289495716423,-0.47324652727465016,-2.7022947129819794,0.0495,-0.9836225238875178,0.9661831634201725,0.4166666666666667,-3.9610983081069024
5,1,False,atr,8.0,swing0.1,2,3,prev_bar,check,123,1,58,0.34959349593495936,0.3252032520325203,0.024390243902439025,-0.23956970762741017,-0.20670272105576795,-0.30363826302643904,0.09693554197067118,0.769427867342481,0.4292,-0.2660650164762755,0.9922173826684126,2.5,-3.3204289601116543
5,1,False,atr,8.0,swing0.1,2,3,prev_bar,select,88,1,45,0.25,0.2159090909090909,0.045454545454545456,-0.5390232767584582,-0.43675425595068235,-0.1838601797611883,-0.25289407618949405,-1.8634371365567701,0.0504,-0.5617735184196074,1.6133165219121406,2.875,-5.220836464360634
5,1,False,atr,8.0,swing0.1,2,3,reclaim,check,150,1,60,0.2733333333333333,0.26666666666666666,0.006666666666666667,-0.3682892385033185,-0.6241924480785709,-0.4958291181158916,-0.12836332996267924,-1.149056511153469,0.1919,-0.7038145008996177,0.5433165344359199,0.5416666666666666,-3.3862427699967834
5,1,False,atr,8.0,swing0.1,2,3,reclaim,select,113,1,42,0.24778761061946902,0.23893805309734514,0.008849557522123894,-0.455100829921574,-0.5824734323832623,-0.3533392520501351,-0.22913418033312724,-1.7897952471273195,0.061,-0.6800495499956773,0.9018732713780796,0.3333333333333333,-4.7080373662367165
5,1,False,atr,8.0,swing0.1,3,0,prev_bar,check,66,1,58,0.25757575757575757,0.21212121212121213,0.045454545454545456,-0.5524225030094374,-0.30172044397212794,-0.3967697786332289,0.09504933466110092,0.4788951710836038,0.6691,-0.5557691178290353,0.9784348085643015,2.8333333333333335,-3.006244894645116
5,1,False,atr,8.0,swing0.1,3,0,prev_bar,select,44,1,39,0.1590909090909091,0.11363636363636363,0.045454545454545456,-0.7361797171221333,-0.6201531538967945,-0.22110456457943875,-0.3990485893173558,-2.0116968612211106,0.0917,-0.9695855804117312,1.4697893359970862,3.2916666666666665,-4.167150767468225
5,1,False,atr,8.0,swing0.1,3,0,reclaim,check,66,1,59,0.21212121212121213,0.19696969696969696,0.015151515151515152,-0.4442802337700957,-0.5881136611075473,-0.488835414125536,-0.09927824698201136,-0.5162889331517916,0.6405,-0.8656688610017246,0.6010552675519559,1.0,-2.902699173470502
5,1,False,atr,8.0,swing0.1,3,0,reclaim,select,46,1,41,0.1956521739130435,0.17391304347826086,0.021739130434782608,-0.3053486653750048,-0.5272863787535529,-0.320032948489288,-0.20725343026426488,-0.8665591660221,0.5065,-0.8860615482777611,0.9661831634201725,0.5,-3.9610983081069024
5,1,False,atr,8.0,swing0.1,3,3,prev_bar,check,128,1,59,0.2578125,0.2109375,0.046875,-0.3121155215929835,-0.29472535540083594,-0.4400340903262322,0.14530873492539625,1.0031119651210065,0.3001,-0.38426273679935874,0.9746995528619341,3.4583333333333335,-3.2769167449211545
5,1,False,atr,8.0,swing0.1,3,3,prev_bar,select,90,1,46,0.2,0.1111111111111111,0.1,-0.5694835126626483,-0.4957768866896295,-0.22477674046500964,-0.27100014622461976,-1.832718181302979,0.0669,-0.6420269608370216,1.635020583185539,3.375,-5.3142070931767815
5,1,False,atr,8.0,swing0.1,3,3,reclaim,check,158,1,60,0.22151898734177214,0.20253164556962025,0.0189873417721519,-0.3375124105222783,-0.5950365173568939,-0.5415536366996324,-0.05348288065726148,-0.40740170654990376,0.7561,-0.7117975598548759,0.5506385597450644,0.6666666666666666,-3.5796572423635595
5,1,False,atr,8.0,swing0.1,3,3,reclaim,select,114,1,42,0.20175438596491227,0.18421052631578946,0.017543859649122806,-0.43603383241490756,-0.5424680034773137,-0.37365944775427296,-0.1688085557230406,-1.087451357300107,0.3613,-0.6739551517281723,0.8790036056169505,0.4166666666666667,-4.725009181661998
5,1,False,atr,8.0,swing0.1,5,0,prev_bar,check,66,1,58,0.21212121212121213,0.13636363636363635,0.07575757575757576,-0.4613537988938862,-0.22483824984222495,-0.32675631836119257,0.10191806851896762,0.3909462496647713,0.7103,-0.59924642163461,0.9784348085643015,3.9583333333333335,-3.006244894645116
5,1,False,atr,8.0,swing0.1,5,0,prev_bar,select,44,1,39,0.1590909090909091,0.11363636363636363,0.045454545454545456,-0.3826493133549981,-0.3928804266240672,-0.3319870545769629,-0.06089337204710428,-0.20315008357431233,0.8674,-0.9745210267487727,1.4697893359970862,3.2916666666666665,-4.167150767468225
5,1,False,atr,8.0,swing0.1,5,0,reclaim,check,66,1,59,0.13636363636363635,0.10606060606060606,0.030303030303030304,-0.46322943600423444,-0.6953508421721839,-0.47985372386694564,-0.21549711830523838,-1.0189858623306167,0.4582,-1.0937519014940709,0.6010552675519559,1.4166666666666667,-2.902699173470502
5,1,False,atr,8.0,swing0.1,5,0,reclaim,select,46,1,41,0.10869565217391304,0.043478260869565216,0.06521739130434782,-0.5509736469672911,-0.8165235303623982,-0.23666605278228225,-0.5798574775801161,-2.6186493889006845,0.0069,-1.2757229063814846,0.9661831634201725,0.5,-3.9610983081069024
5,1,False,atr,8.0,swing0.1,5,3,prev_bar,check,129,1,59,0.20930232558139536,0.10077519379844961,0.10852713178294573,-0.3668994024207638,-0.32035922345041307,-0.38979107149196646,0.06943184804155336,0.4123757431252642,0.6661,-0.4360550142368064,0.9922173826684126,3.8333333333333335,-3.2334045297306546
5,1,False,atr,8.0,swing0.1,5,3,prev_bar,select,90,1,46,0.2,0.08888888888888889,0.12222222222222222,-0.307593368794711,-0.3314734726217891,-0.2558547526159411,-0.07561872000584799,-0.3888959719717617,0.6829,-0.5861869638903788,1.635020583185539,3.4583333333333335,-5.3142070931767815
5,1,False,atr,8.0,swing0.1,5,3,reclaim,check,162,1,61,0.16049382716049382,0.12345679012345678,0.037037037037037035,-0.3183262189189462,-0.6013453942203419,-0.5685893182406246,-0.03275607597971741,-0.21041893203949222,0.8697,-0.7674830909354217,0.5506385597450644,0.8333333333333334,-3.590971905419804
5,1,False,atr,8.0,swing0.1,5,3,reclaim,select,118,1,44,0.1440677966101695,0.1016949152542373,0.0423728813559322,-0.4331142550901674,-0.5784638190094561,-0.38369674806707077,-0.1947670709423854,-1.1175638775345336,0.273,-0.7437826201902199,0.9070427956627898,0.4166666666666667,-4.764262611739056
5,1,False,pct,0.03,swing0.1,2,0,prev_bar,check,108,1,90,0.3055555555555556,0.28703703703703703,0.018518518518518517,-0.3188310460267902,-0.33477511377705765,-0.27453268328674896,-0.06024243049030877,-0.43952019607565335,0.5586,-0.442087414539245,0.9627339384774858,2.1666666666666665,-2.9151887462446457
5,1,False,pct,0.03,swing0.1,2,0,prev_bar,select,141,1,105,0.3404255319148936,0.3404255319148936,0.0,-0.21560344902147224,-0.178981960320383,-0.20476886572666533,0.02578690540628234,0.20424910174978092,0.9159,-0.270752506509307,1.0213443651712748,2.0833333333333335,-2.669070988952338
5,1,False,pct,0.03,swing0.1,2,0,reclaim,check,107,1,91,0.29906542056074764,0.27102803738317754,0.04672897196261682,-0.3027836251305251,-0.4827910039343834,-0.39999209493275456,-0.08279890900162883,-0.6160739309368387,0.612,-0.6017502805995699,0.6776672223379826,0.3333333333333333,-2.8324164981020306
5,1,False,pct,0.03,swing0.1,2,0,reclaim,select,141,1,105,0.3333333333333333,0.2978723404255319,0.0425531914893617,-0.1785294355705388,-0.36565048296975533,-0.28822944487115265,-0.0774210380986027,-0.6453904573196398,0.3978,-0.482757537315993,0.7009685966633933,0.5,-2.7841333282764835
5,1,False,pct,0.03,swing0.1,2,3,prev_bar,check,218,1,91,0.3165137614678899,0.2981651376146789,0.01834862385321101,-0.2926681965913065,-0.285195931016383,-0.2878054522891144,0.002609521272731426,0.027590409058663515,0.9762,-0.32649277180787273,1.0097556644978898,2.0,-3.1931356996363625
5,1,False,pct,0.03,swing0.1,2,3,prev_bar,select,259,1,111,0.3127413127413127,0.305019305019305,0.011583011583011582,-0.3185862265755498,-0.2682878436864382,-0.22941108849115857,-0.038876755195279646,-0.4429100143004029,0.703,-0.3246256075430787,1.0126327430491455,2.0833333333333335,-3.0170555368012053
5,1,False,pct,0.03,swing0.1,2,3,reclaim,check,198,1,94,0.30808080808080807,0.25252525252525254,0.06565656565656566,-0.4197098313732379,-0.40530226360681454,-0.39322736250883245,-0.01207490109798214,-0.12631209029161503,0.8855,-0.4437341963370311,0.9660865238160624,2.2083333333333335,-2.846820768235797
5,1,False,pct,0.03,swing0.1,2,3,reclaim,select,230,1,107,0.33043478260869563,0.2782608695652174,0.07391304347826087,-0.209995175272541,-0.32954216631972194,-0.2291616292215459,-0.10038053709817599,-1.1024921847495808,0.4047,-0.38358915381937025,0.978927939272332,1.625,-2.8113515389881716
5,1,False,pct,0.03,swing0.1,3,0,prev_bar,check,108,1,90,0.19444444444444445,0.1574074074074074,0.037037037037037035,-0.5117154106677531,-0.519740051696553,-0.4135677243630338,-0.10617232733351914,-0.7216669968973051,0.4231,-0.6837042148578297,0.9627339384774858,2.5833333333333335,-2.9151887462446457
5,1,False,pct,0.03,swing0.1,3,0,prev_bar,select,140,1,105,0.2785714285714286,0.2642857142857143,0.014285714285714285,-0.10204090880559613,-0.10772655407960013,-0.1575176159658575,0.049791061886257384,0.31606180122796734,0.7156,-0.2188374896527775,1.025895214219201,2.875,-2.668639820493346
5,1,False,pct,0.03,swing0.1,3,0,reclaim,check,107,1,91,0.21495327102803738,0.18691588785046728,0.04672897196261682,-0.29609693881455346,-0.5482115646820479,-0.4341952394870465,-0.11401632519500135,-0.7309588675458303,0.4045,-0.6775948952860817,0.6776672223379826,0.6666666666666666,-2.8324164981020306
5,1,False,pct,0.03,swing0.1,3,0,reclaim,select,140,1,104,0.29285714285714287,0.24285714285714285,0.05714285714285714,-0.08409203193405805,-0.2607527415367546,-0.3051111721882632,0.04435843065150861,0.29964713214130245,0.7029,-0.38840151790304506,0.7031272174986187,0.6666666666666666,-2.785209048175774
5,1,False,pct,0.03,swing0.1,3,3,prev_bar,check,220,1,92,0.19545454545454546,0.1590909090909091,0.03636363636363636,-0.5028441348667292,-0.5024722139794537,-0.32831670271581,-0.17415551126364376,-1.6999536683262737,0.0026,-0.5606119736093944,1.0168367224006345,2.7083333333333335,-3.2073753120094803
5,1,False,pct,0.03,swing0.1,3,3,prev_bar,select,261,1,111,0.2567049808429119,0.22988505747126436,0.03065134099616858,-0.23721040739846486,-0.21929102556961663,-0.23662781730639965,0.017336791736783017,0.1632880304700945,0.8471,-0.2889465164972988,1.017089904080639,2.8333333333333335,-3.018935254482513
5,1,False,pct,0.03,swing0.1,3,3,reclaim,check,194,1,93,0.23711340206185566,0.17010309278350516,0.08247422680412371,-0.5046224198903551,-0.44817866522834754,-0.37034806685929766,-0.07783059836904986,-0.7105693427439282,0.2307,-0.4964226711681033,0.9955460426447589,3.3333333333333335,-2.8399065369634604
5,1,False,pct,0.03,swing0.1,3,3,reclaim,select,229,1,106,0.28820960698689957,0.2183406113537118,0.09606986899563319,-0.14072575928001851,-0.24446036054823617,-0.23527357606142119,-0.009186784486815038,-0.08260018354026899,0.976,-0.300654742235598,0.980265233960952,2.0833333333333335,-2.811502424530976
5,1,False,pct,0.03,swing0.1,5,0,prev_bar,check,107,1,89,0.1588785046728972,0.08411214953271028,0.07476635514018691,-0.46631405271435716,-0.4883371219301962,-0.3791870916747938,-0.10915003025540258,-0.6202834461287661,0.6009,-0.7100306011282306,0.9710219125226757,3.0,-2.917748559658573
5,1,False,pct,0.03,swing0.1,5,0,prev_bar,select,138,1,104,0.21739130434782608,0.15217391304347827,0.07246376811594203,-0.03159016761223095,-0.09088850969181554,-0.19102786866930277,0.10013935897748724,0.5202001657785085,0.6245,-0.27768821612435773,1.025895214219201,3.8333333333333335,-2.692050177436167
5,1,False,pct,0.03,swing0.1,5,0,reclaim,check,107,1,91,0.16822429906542055,0.08411214953271028,0.102803738317757,-0.36295445541971105,-0.5805664392265588,-0.47589310010688674,-0.10467333911967203,-0.5605878590767847,0.5235,-0.7396281383550601,0.6701080864691666,0.6666666666666666,-2.8324164981020306
5,1,False,pct,0.03,swing0.1,5,0,reclaim,select,137,1,103,0.24087591240875914,0.16058394160583941,0.0948905109489051,-0.02405065670857691,-0.17287942514255475,-0.33860970268284407,0.16573027754028932,0.8211831684701701,0.4867,-0.344358621328825,0.7235851690294413,1.0,-2.7862847680750646
5,1,False,pct,0.03,swing0.1,5,3,prev_bar,check,217,1,90,0.17050691244239632,0.0967741935483871,0.07373271889400922,-0.42329549225052837,-0.41525907646709515,-0.4006392433218345,-0.014619833145260622,-0.11298429183710333,0.8384,-0.4807148533789713,1.0212268254489862,3.3333333333333335,-3.2203862244478576
5,1,False,pct,0.03,swing0.1,5,3,prev_bar,select,252,1,109,0.19444444444444445,0.11904761904761904,0.08333333333333333,-0.2300413840825904,-0.25446615034242515,-0.17991223567511488,-0.07455391466731025,-0.5718752219909735,0.6163,-0.35550768313730563,1.0192171346259569,3.375,-3.087776871626674
5,1,False,pct,0.03,swing0.1,5,3,reclaim,check,191,1,92,0.19895287958115182,0.08900523560209424,0.1256544502617801,-0.49459764143484,-0.43420350315962314,-0.3386836883320987,-0.09551981482752443,-0.7076414595742658,0.3607,-0.5203142867803777,1.0309721411677857,4.333333333333333,-2.8401116036807728
5,1,False,pct,0.03,swing0.1,5,3,reclaim,select,218,1,104,0.23394495412844038,0.12844036697247707,0.13302752293577982,-0.10416178150820621,-0.23510972169542463,-0.2258873750990829,-0.009222346596341769,-0.06349763125407286,0.9561,-0.32555796506124596,0.978927939272332,3.0,-2.813974849984302
5,1,False,pct,0.04,swing0.1,2,0,prev_bar,check,78,1,66,0.24358974358974358,0.21794871794871795,0.02564102564102564,-0.5740894190709434,-0.482300601194778,-0.3258722266648284,-0.1564283745299496,-1.0552328092359726,0.3225,-0.6419032104902299,1.142997535272045,2.2083333333333335,-3.497369280398072
5,1,False,pct,0.04,swing0.1,2,0,prev_bar,select,74,1,64,0.3108108108108108,0.2972972972972973,0.013513513513513514,-0.30995503983025385,-0.2538123798677719,-0.20013766910156772,-0.053674710766204226,-0.3059262980454191,0.7812,-0.4437770402511467,1.2791442638644002,2.1666666666666665,-3.5052623117807604
5,1,False,pct,0.04,swing0.1,2,0,reclaim,check,76,1,65,0.32894736842105265,0.3157894736842105,0.013157894736842105,-0.3275255183230004,-0.3816756245120505,-0.44134376989659324,0.059668145384542834,0.3710907148270871,0.7689,-0.547450072945963,0.8468150548255962,0.75,-3.729451541620171
5,1,False,pct,0.04,swing0.1,2,0,reclaim,select,76,1,68,0.3026315789473684,0.2894736842105263,0.013157894736842105,-0.3034720666435266,-0.4086619903428157,-0.2701810096515147,-0.13848098069130096,-0.8026879875485683,0.3805,-0.5610482532798708,0.824432831461799,0.5,-3.754320561860486
5,1,False,pct,0.04,swing0.1,2,3,prev_bar,check,161,1,68,0.2857142857142857,0.2670807453416149,0.018633540372670808,-0.40759910148133954,-0.3464895124776677,-0.3268744047035348,-0.019615107774132955,-0.1816726084417439,0.8141,-0.3979024472927754,1.1381819689700927,2.1666666666666665,-3.967859881967928
5,1,False,pct,0.04,swing0.1,2,3,prev_bar,select,143,1,73,0.26573426573426573,0.24475524475524477,0.027972027972027972,-0.513099786553007,-0.3915106377479503,-0.17618364283055638,-0.2153269949173939,-1.9271268811905238,0.0531,-0.4648187033725473,1.2844582043343564,2.1666666666666665,-4.210636903751164
5,1,False,pct,0.04,swing0.1,2,3,reclaim,check,137,1,67,0.3284671532846715,0.2773722627737226,0.058394160583941604,-0.39965847041790425,-0.3419986911603714,-0.4243907298331845,0.0823920386728131,0.6884217483337732,0.443,-0.41575312259592945,0.9970779665141091,2.25,-3.803702020219979
5,1,False,pct,0.04,swing0.1,2,3,reclaim,select,138,1,71,0.35507246376811596,0.2971014492753623,0.07246376811594203,0.0136513377909781,-0.24506625718805966,-0.27839283251238917,0.033326575324329547,0.27613397975884524,0.7879,-0.28502140764033257,0.9434768983664127,1.6666666666666667,-3.7886659765309414
5,1,False,pct,0.04,swing0.1,3,0,prev_bar,check,78,1,66,0.16666666666666666,0.1282051282051282,0.038461538461538464,-0.7289284619747718,-0.5947316396632392,-0.385804864644101,-0.20892677501913814,-1.2811186962107588,0.2141,-0.8303349501915829,1.142997535272045,2.7916666666666665,-3.497369280398072
5,1,False,pct,0.04,swing0.1,3,0,prev_bar,select,74,1,64,0.25675675675675674,0.21621621621621623,0.04054054054054054,-0.26479502986090664,-0.22621497134822982,-0.22442129898692365,-0.0017936723613062012,-0.00936190464015481,0.9904,-0.47809432692772225,1.2791442638644002,3.5833333333333335,-3.5052623117807604
5,1,False,pct,0.04,swing0.1,3,0,reclaim,check,76,1,65,0.2236842105263158,0.19736842105263158,0.02631578947368421,-0.35179984750243987,-0.5073680039886233,-0.5166485915699247,0.009280587581301509,0.048585087297739284,0.9632,-0.7552732980138206,0.8468150548255962,0.8333333333333334,-3.729451541620171
5,1,False,pct,0.04,swing0.1,3,0,reclaim,select,76,1,68,0.27631578947368424,0.25,0.02631578947368421,-0.2393888584641758,-0.24701478723678286,-0.33396501722139127,0.08695022998460836,0.422666082110004,0.6177,-0.44165565353492314,0.824432831461799,0.5,-3.754320561860486
5,1,False,pct,0.04,swing0.1,3,3,prev_bar,check,158,1,68,0.1962025316455696,0.15822784810126583,0.0379746835443038,-0.5728484355819727,-0.4767227387822539,-0.38258732710790416,-0.09413541167434977,-0.7635845982107368,0.1721,-0.562510672652669,1.1264620414933952,2.8333333333333335,-4.011548751225197
5,1,False,pct,0.04,swing0.1,3,3,prev_bar,select,147,1,74,0.23129251700680273,0.1836734693877551,0.05442176870748299,-0.43364567478630534,-0.3330574372946156,-0.2115617044840626,-0.121495732810553,-0.8707228377028796,0.3053,-0.4299099024415281,1.282732649453922,3.0,-4.206437445722511
5,1,False,pct,0.04,swing0.1,3,3,reclaim,check,142,1,67,0.24647887323943662,0.176056338028169,0.07746478873239436,-0.47570636870390715,-0.4188924810605322,-0.40616338041895234,-0.01272910064157979,-0.09598822394839622,0.9277,-0.5114495590379167,0.9778784141919785,3.2083333333333335,-3.8066166799413215
5,1,False,pct,0.04,swing0.1,3,3,reclaim,select,136,1,70,0.29411764705882354,0.20588235294117646,0.11029411764705882,-0.012834241211112488,-0.23838134126683705,-0.26389439074304866,0.025513049476211587,0.17739514736049947,0.8269,-0.31272307541397776,0.9518897640232508,2.1666666666666665,-3.79088087433207
5,1,False,pct,0.04,swing0.1,5,0,prev_bar,check,78,1,66,0.14102564102564102,0.0641025641025641,0.07692307692307693,-0.7148912277559238,-0.5636032292139874,-0.45043097555401584,-0.11317225365997147,-0.5779643202611693,0.5717,-0.9073401680924982,1.142997535272045,3.125,-3.497369280398072
5,1,False,pct,0.04,swing0.1,5,0,prev_bar,select,74,1,64,0.17567567567567569,0.06756756756756757,0.12162162162162163,-0.49298819762612245,-0.4396467134841118,-0.17125087508199668,-0.268395838402115,-1.3112780303671694,0.1598,-0.753482456096642,1.2791442638644002,4.083333333333333,-3.5052623117807604
5,1,False,pct,0.04,swing0.1,5,0,reclaim,check,76,1,65,0.13157894736842105,0.10526315789473684,0.02631578947368421,-0.4197175855661374,-0.6573759406629452,-0.61000278929573,-0.04737315136721524,-0.2208294645975118,0.8427,-0.9843481013421578,0.883241586899484,1.375,-3.729451541620171
5,1,False,pct,0.04,swing0.1,5,0,reclaim,select,76,1,68,0.17105263157894737,0.11842105263157894,0.05263157894736842,-0.3258558324500982,-0.4608654711265441,-0.2909932613577526,-0.1698722097687914,-0.6993826459436431,0.5641,-0.7972765481224269,0.824432831461799,0.9583333333333334,-3.754320561860486
5,1,False,pct,0.04,swing0.1,5,3,prev_bar,check,158,1,67,0.17088607594936708,0.08227848101265822,0.08860759493670886,-0.5275149920388796,-0.42029872661029494,-0.42680236715040215,0.006503640540107086,0.04408005713203948,0.9374,-0.5323196168326964,1.11365675847199,3.4166666666666665,-4.011548751225197
5,1,False,pct,0.04,swing0.1,5,3,prev_bar,select,147,1,74,0.19047619047619047,0.08163265306122448,0.11564625850340136,-0.40556107941534675,-0.3668014317630974,-0.20547374808289628,-0.16132768368020112,-1.0661836190018226,0.209,-0.5171373233953592,1.282732649453922,3.5,-4.206437445722511
5,1,False,pct,0.04,swing0.1,5,3,reclaim,check,146,1,67,0.1780821917808219,0.0821917808219178,0.10273972602739725,-0.6198413776076532,-0.570059591085269,-0.42761408393527456,-0.1424455071499945,-0.9714914651396912,0.29,-0.6774621146429127,0.9778784141919785,3.5416666666666665,-3.804591127179785
5,1,False,pct,0.04,swing0.1,5,3,reclaim,select,137,1,69,0.20437956204379562,0.072992700729927,0.15328467153284672,-0.2630241727547116,-0.49519896282196274,-0.24701173593830045,-0.2481872268836623,-1.6973599693341204,0.0435,-0.6352362710358425,0.9434403978183156,3.0,-3.78187553439151
5,1,False,pct,0.05,swing0.1,2,0,prev_bar,check,43,1,37,0.3023255813953488,0.27906976744186046,0.023255813953488372,-0.5319295028845036,-0.29102423683250395,-0.3158074649349012,0.024783228102397224,0.11736405256562235,0.9149,-0.5601557655466056,1.2635151735297054,1.9166666666666667,-4.458373511851754
5,1,False,pct,0.05,swing0.1,2,0,prev_bar,select,38,1,38,0.2631578947368421,0.21052631578947367,0.07894736842105263,-0.7001211775485724,-0.39724020121092773,-0.14873380218030527,-0.24850639903062247,-1.1709762808204258,0.288,-0.7022486494964664,1.7168832378294203,2.0833333333333335,-4.6294685478123485
5,1,False,pct,0.05,swing0.1,2,0,reclaim,check,43,1,37,0.2558139534883721,0.23255813953488372,0.023255813953488372,-0.5008628580741663,-0.6110012850437341,-0.5202454532874917,-0.09075583175624233,-0.43692135052745923,0.6063,-0.9066897922508479,0.7107416995614951,0.3333333333333333,-4.770083419138782
5,1,False,pct,0.05,swing0.1,2,0,reclaim,select,40,1,39,0.25,0.175,0.1,-0.5641201016118156,-0.5707162987185219,-0.3084895740341434,-0.2622267246843785,-1.5139188137232016,0.0781,-0.8773006621352293,1.1721182981867049,0.375,-4.784822372728053
5,1,False,pct,0.05,swing0.1,2,3,prev_bar,check,89,1,38,0.3146067415730337,0.29213483146067415,0.02247191011235955,-0.4976393965459497,-0.25075858683310165,-0.30729093994854517,0.056532353115443475,0.3950823612087757,0.6554,-0.37433470887905146,1.2635151735297054,1.5833333333333333,-4.920933456460396
5,1,False,pct,0.05,swing0.1,2,3,prev_bar,select,84,1,46,0.2619047619047619,0.2261904761904762,0.047619047619047616,-0.48014493487525445,-0.38454289640421113,-0.21370486626943036,-0.17083803013478074,-1.2152842524110619,0.2386,-0.495113161458825,1.7455004261015779,2.5,-5.4068734445825495
5,1,False,pct,0.05,swing0.1,2,3,reclaim,check,93,1,41,0.3118279569892473,0.26881720430107525,0.043010752688172046,-0.34307863862432314,-0.3914850226003734,-0.43679013371798836,0.045305111117615045,0.31417941572533115,0.7961,-0.4888176114958913,0.9759109028979076,0.8333333333333334,-4.7628317942007055
5,1,False,pct,0.05,swing0.1,2,3,reclaim,select,83,1,45,0.3132530120481928,0.2289156626506024,0.0963855421686747,-0.25836057803657525,-0.33694124963349803,-0.21431945330984406,-0.12262179632365403,-0.8260428278000473,0.2093,-0.43042808448205505,1.613587426548447,1.8333333333333333,-4.7838069205976215
5,1,False,pct,0.05,swing0.1,3,0,prev_bar,check,43,1,37,0.23255813953488372,0.18604651162790697,0.046511627906976744,-0.5486917840482717,-0.3192672811921058,-0.282385740560772,-0.03688154063133385,-0.14274954596959585,0.9102,-0.7356291833974119,1.2635151735297054,2.8333333333333335,-4.458373511851754
5,1,False,pct,0.05,swing0.1,3,0,prev_bar,select,38,1,38,0.21052631578947367,0.13157894736842105,0.10526315789473684,-0.7498564280160758,-0.4393508551075345,-0.15857223525856307,-0.28077861984897134,-1.2488952751848426,0.2285,-0.8234607707085884,1.7168832378294203,3.375,-4.6294685478123485
5,1,False,pct,0.05,swing0.1,3,0,reclaim,check,43,1,37,0.23255813953488372,0.20930232558139536,0.023255813953488372,-0.365542403403142,-0.47146640132280115,-0.5524756751667845,0.08100927384398326,0.3175972953707044,0.6672,-0.8540582133034761,0.7107416995614951,0.4166666666666667,-4.770083419138782
5,1,False,pct,0.05,swing0.1,3,0,reclaim,select,40,1,39,0.2,0.125,0.1,-0.4585863555410024,-0.5957162987185217,-0.24530143549279276,-0.3504148632257289,-1.6376400849451633,0.1142,-1.0201578049923719,1.1721182981867049,0.625,-4.784822372728053
5,1,False,pct,0.05,swing0.1,3,3,prev_bar,check,89,1,38,0.20224719101123595,0.1797752808988764,0.02247191011235955,-0.6576491935228287,-0.4088402548112011,-0.31019653713717027,-0.09864371767403081,-0.5854970720374927,0.4749,-0.5604922232502262,1.2570836413259807,2.6666666666666665,-4.920933456460396
5,1,False,pct,0.05,swing0.1,3,3,prev_bar,select,85,1,46,0.23529411764705882,0.1411764705882353,0.10588235294117647,-0.41708535985716066,-0.3457075694883714,-0.2550923567682909,-0.09061521272008036,-0.563364900581866,0.5689,-0.48559515495755134,1.7509431410047305,3.5,-5.438569107939662
5,1,False,pct,0.05,swing0.1,3,3,reclaim,check,93,1,41,0.21505376344086022,0.17204301075268819,0.043010752688172046,-0.5325733713863617,-0.5003179843119411,-0.3978621458078257,-0.10245583850411544,-0.6449320029782479,0.4416,-0.6452465889252995,0.9901507958221342,2.1666666666666665,-4.758347825546883
5,1,False,pct,0.05,swing0.1,3,3,reclaim,select,86,1,45,0.27906976744186046,0.1744186046511628,0.11627906976744186,-0.04222776002645141,-0.278095471989982,-0.24896863762648888,-0.029126834363493174,-0.16656399687997148,0.8671,-0.4362066744020341,1.5258956011994456,2.2916666666666665,-4.778084218237188
5,1,False,pct,0.05,swing0.1,5,0,prev_bar,check,43,1,37,0.20930232558139536,0.11627906976744186,0.09302325581395349,-0.4732300599113781,-0.2380844505553902,-0.5152061027077016,0.27712165215231144,0.8857042085718719,0.6354,-0.9029413883474762,1.2635151735297054,3.0,-4.458373511851754
5,1,False,pct,0.05,swing0.1,5,0,prev_bar,select,38,1,38,0.18421052631578946,0.0,0.21052631578947367,-0.9314524922591584,-0.5994681173025016,-0.23591099582941275,-0.3635571214730889,-1.9011858255046037,0.1367,-0.9727293931607882,1.7168832378294203,3.375,-4.6294685478123485
5,1,False,pct,0.05,swing0.1,5,0,reclaim,check,43,1,37,0.16279069767441862,0.11627906976744186,0.046511627906976744,-0.427307120295968,-0.5520414245586727,-0.6254228495382825,0.07338142497960984,0.234714489891014,0.8331,-1.0536770462383513,0.7107416995614951,0.4166666666666667,-4.770083419138782
5,1,False,pct,0.05,swing0.1,5,0,reclaim,select,40,1,39,0.175,0.025,0.175,-0.734406287185507,-0.7491082810644711,-0.36346393763984464,-0.3856443434246266,-2.1183659140347593,0.1275,-1.1279971286079267,1.1721182981867049,0.625,-4.784822372728053
5,1,False,pct,0.05,swing0.1,5,3,prev_bar,check,90,1,38,0.17777777777777778,0.1111111111111111,0.06666666666666667,-0.5628455344890201,-0.3183954158507915,-0.41361295109726204,0.09521753524647057,0.469024686419541,0.6514,-0.5564816266422777,1.2485777941821117,2.75,-4.908919799593053
5,1,False,pct,0.05,swing0.1,5,3,prev_bar,select,85,1,46,0.21176470588235294,0.047058823529411764,0.17647058823529413,-0.35222603424520044,-0.36750958404261075,-0.2982747693781628,-0.06923481466444781,-0.3884256774456314,0.6813,-0.6221431645449491,1.7509431410047305,3.8333333333333335,-5.438569107939662
5,1,False,pct,0.05,swing0.1,5,3,reclaim,check,92,1,41,0.16304347826086957,0.09782608695652174,0.06521739130434782,-0.6008005916029945,-0.5432626837122111,-0.4636014235278575,-0.07966126018435378,-0.39277591217071217,0.6435,-0.7194476665367909,0.9911840892452735,2.5416666666666665,-4.759760119745643
5,1,False,pct,0.05,swing0.1,5,3,reclaim,select,83,1,44,0.25301204819277107,0.060240963855421686,0.20481927710843373,-0.25695574241147584,-0.34353322778480194,-0.2918827699721756,-0.051650457812626345,-0.29279777576346466,0.7344,-0.52727818095013,1.4971362546434954,2.8333333333333335,-4.7838069205976215
5,1,False,pct,0.06,swing0.1,2,0,prev_bar,check,23,1,22,0.2608695652173913,0.2608695652173913,0.0,-1.0015579177426686,-0.3617941969302618,-0.3534845749370446,-0.008309621993217178,-0.028759693875005342,0.9104,-0.9628958796670342,1.38438311385376,2.0,-5.0723314446270535
5,1,False,pct,0.06,swing0.1,2,0,prev_bar,select,27,1,27,0.18518518518518517,0.14814814814814814,0.07407407407407407,-0.8142334585686896,-0.570361246937347,-0.22653171717053605,-0.34382952976681097,-1.5672300971915503,0.2282,-1.0682830928566693,1.8551555299539186,2.5,-5.438569107939662
5,1,False,pct,0.06,swing0.1,2,0,reclaim,check,23,1,22,0.391304347826087,0.391304347826087,0.0,-0.46239241791806707,-0.1262927147285957,-0.4294227945277738,0.3031300797991781,0.9772965069589756,0.4028,-0.7403397554394177,0.6201065754509061,0.25,-5.726064793302498
5,1,False,pct,0.06,swing0.1,2,0,reclaim,select,27,1,27,0.3333333333333333,0.25925925925925924,0.1111111111111111,-0.124474515912136,-0.2849828772988851,-0.2795893989381813,-0.0053934783607038584,-0.021412270608017547,0.9968,-0.71812761379896,1.3946517311132658,0.6666666666666666,-5.651834815303259
5,1,False,pct,0.06,swing0.1,2,3,prev_bar,check,47,1,22,0.23404255319148937,0.2127659574468085,0.02127659574468085,-0.8612898406700481,-0.4498067627971661,-0.35519251739859137,-0.0946142453985749,-0.5154990612617248,0.2821,-0.6612535375405195,1.7603021709013542,2.0,-5.677718269530574
5,1,False,pct,0.06,swing0.1,2,3,prev_bar,select,65,1,35,0.23076923076923078,0.2,0.046153846153846156,-0.5283487702608916,-0.45334578849206314,-0.16877214714935668,-0.28457364134270646,-1.8332789858875052,0.153,-0.6283874296827032,1.8799930531434634,3.0,-5.653761027891924
5,1,False,pct,0.06,swing0.1,2,3,reclaim,check,45,1,24,0.35555555555555557,0.3111111111111111,0.044444444444444446,-0.4296508030770009,-0.1916015512688979,-0.32028785560697703,0.1286863043380791,0.6311869701770557,0.4379,-0.43340302354142735,1.0878255577599472,1.3333333333333333,-5.732676539897774
5,1,False,pct,0.06,swing0.1,2,3,reclaim,select,64,1,33,0.265625,0.21875,0.0625,-0.689585488762878,-0.4590095292289966,-0.38781791267843857,-0.07119161655055799,-0.4491615889570663,0.765,-0.6378483163387405,1.429415985662682,1.0416666666666667,-5.709100232255337
5,1,False,pct,0.06,swing0.1,3,0,prev_bar,check,23,1,22,0.21739130434782608,0.21739130434782608,0.0,-0.8408992830845001,-0.2748376751911318,-0.2770996124251372,0.0022619372340055505,0.00640577421013303,1.0,-1.1324403643959469,1.38438311385376,3.6666666666666665,-5.0723314446270535
5,1,False,pct,0.06,swing0.1,3,0,prev_bar,select,27,1,27,0.14814814814814814,0.037037037037037035,0.14814814814814814,-0.9072821344534009,-0.6516928429745249,-0.21190332573666928,-0.4397895172378557,-2.1112349368385988,0.1856,-1.119202051347375,1.8551555299539186,3.0,-5.438569107939662
5,1,False,pct,0.06,swing0.1,3,0,reclaim,check,23,1,22,0.30434782608695654,0.30434782608695654,0.0,-0.6331015593924648,-0.08281445385903387,-0.4806205993042433,0.3978061454452094,1.00752730570832,0.5051,-1.0115377055365808,0.6201065754509061,0.6666666666666666,-5.726064793302498
5,1,False,pct,0.06,swing0.1,3,0,reclaim,select,27,1,27,0.2962962962962963,0.18518518518518517,0.14814814814814814,0.021807204510994185,-0.19593651600009993,-0.19591496872171565,-2.154727838431108e-05,-6.659582779776092e-05,1.0,-0.7601350999082097,1.3946517311132658,0.6666666666666666,-5.651834815303259
5,1,False,pct,0.06,swing0.1,3,3,prev_bar,check,47,1,22,0.19148936170212766,0.1702127659574468,0.02127659574468085,-0.8522526629320142,-0.4072535713078048,-0.36281816862610755,-0.04443540268169735,-0.1926728008779167,0.8146,-0.7821512471498967,1.7603021709013542,2.8333333333333335,-5.677718269530574
5,1,False,pct,0.06,swing0.1,3,3,prev_bar,select,66,1,35,0.21212121212121213,0.10606060606060606,0.12121212121212122,-0.49353381669549057,-0.4325911569779075,-0.2457252244529809,-0.18686593252492656,-1.072619299285359,0.2301,-0.6315608836880846,1.902437553690254,3.4583333333333335,-5.679886478344887
5,1,False,pct,0.06,swing0.1,3,3,reclaim,check,48,1,24,0.25,0.1875,0.0625,-0.9693436654122317,-0.34588103045572133,-0.4028005538344799,0.05691952337875853,0.2702325309658177,0.7818,-0.7085295051959576,1.2087231727853025,1.9583333333333333,-5.7214089436276145
5,1,False,pct,0.06,swing0.1,3,3,reclaim,select,64,1,33,0.25,0.1875,0.078125,-0.4282081541815667,-0.31206809555606974,-0.33282129811480643,0.02075320255873675,0.09955894233069358,0.9239,-0.5744278329186371,1.429415985662682,1.1666666666666667,-5.709100232255337
5,1,False,pct,0.06,swing0.1,5,0,prev_bar,check,23,1,22,0.21739130434782608,0.17391304347826086,0.043478260869565216,-0.5399176639794032,0.009304672672240227,-0.44159010131637777,0.45089477398861794,0.9149050435367616,0.1853,-1.1324403643959469,1.38438311385376,6.583333333333333,-5.0723314446270535
5,1,False,pct,0.06,swing0.1,5,0,prev_bar,select,27,1,27,0.14814814814814814,0.0,0.18518518518518517,-0.9599241334767425,-0.6877347953183998,-0.19255729791144244,-0.4951774974069572,-2.3753651525059043,0.0987,-1.119202051347375,1.8551555299539186,3.0,-5.438569107939662
5,1,False,pct,0.06,swing0.1,5,0,reclaim,check,23,1,22,0.21739130434782608,0.21739130434782608,0.0,-0.5885007488585066,0.004142067880099506,-0.5591123452263217,0.5632544131064213,1.14626242012239,0.2207,-1.2379391876230008,0.6201065754509061,1.9166666666666667,-5.726064793302498
5,1,False,pct,0.06,swing0.1,5,0,reclaim,select,27,1,27,0.25925925925925924,0.07407407407407407,0.2222222222222222,-0.10709384542750379,-0.2586315281415948,-0.34993429907321777,0.091302770931623,0.25924338195942465,0.8281,-0.8510441908173033,1.3946517311132658,0.9166666666666666,-5.651834815303259
5,1,False,pct,0.06,swing0.1,5,3,prev_bar,check,47,1,22,0.1702127659574468,0.0851063829787234,0.0851063829787234,-0.7460632730532524,-0.3654632822417731,-0.432355701426004,0.06689241918423099,0.2584380564405942,0.6266,-0.8387028142025774,1.7603021709013542,3.0,-5.677718269530574
5,1,False,pct,0.06,swing0.1,5,3,prev_bar,select,66,1,35,0.21212121212121213,0.06060606060606061,0.16666666666666666,-0.2694394394330639,-0.32261915678072883,-0.35361601621006516,0.030996859429336387,0.15583767102750803,0.8745,-0.6281068961324114,1.902437553690254,3.4583333333333335,-5.679886478344887
5,1,False,pct,0.06,swing0.1,5,3,reclaim,check,51,1,24,0.17647058823529413,0.11764705882352941,0.058823529411764705,-0.9554183175900314,-0.4054696121419817,-0.5553893800782903,0.14991976793630854,0.5400367223643628,0.091,-0.8576235086240345,1.0878255577599472,2.75,-5.709345659159548
5,1,False,pct,0.06,swing0.1,5,3,reclaim,select,65,1,32,0.2153846153846154,0.06153846153846154,0.16923076923076924,-0.5818503951647056,-0.35378175503984355,-0.40376787338894704,0.049986118349103416,0.22392843078826727,0.7542,-0.6045331109364482,1.4944452682008946,1.5833333333333333,-5.6903174063684725
5,1,False,pct,0.08,swing0.1,2,0,prev_bar,check,9,1,8,0.1111111111111111,0.1111111111111111,0.0,-2.310558208476231,-0.7523515907472837,-0.385108288817995,-0.36724330192928867,-1.1260288580918627,0.1905,-1.0725807913778065,2.043510478470119,2.8333333333333335,-6.465861120408767
5,1,False,pct,0.08,swing0.1,2,0,prev_bar,select,15,1,15,0.26666666666666666,0.2,0.13333333333333333,-0.7344053042538053,-0.3134090744804843,-0.1439019322742975,-0.1695071422061867,-0.5207618131562165,0.6687,-1.0862825153727778,2.906480431083369,1.5833333333333333,-6.593831794061112
5,1,False,pct,0.08,swing0.1,2,0,reclaim,check,9,1,8,0.3333333333333333,0.3333333333333333,0.0,-1.2043085876840518,-0.17010063329906602,-0.23918784240717514,0.0690872091081091,0.12169121342944335,0.8747,-1.0828846293904262,1.2496070583066954,0.9166666666666666,-7.762494874856585
5,1,False,pct,0.08,swing0.1,2,0,reclaim,select,15,1,15,0.3333333333333333,0.2,0.13333333333333333,-0.8864270467743385,-0.3499632586352425,-0.1797904917567116,-0.17017276687853095,-0.5283232115784511,0.7144,-1.130631858036316,1.6164428530611452,1.0833333333333333,-7.609040368759157
5,1,False,pct,0.08,swing0.1,2,3,prev_bar,check,20,1,8,0.3,0.25,0.05,-0.4267133896971753,-0.243198791782349,-0.38212468517300946,0.13892589339066047,0.49424061833287775,0.4995,-0.8072892774065755,2.3101849913011807,1.5,-7.272014165004198
5,1,False,pct,0.08,swing0.1,2,3,prev_bar,select,33,1,19,0.2727272727272727,0.21212121212121213,0.09090909090909091,-0.5012217070616811,-0.327531209956557,-0.17156682983300178,-0.15596438012355518,-0.6449485143579251,0.4728,-0.6295230470149056,2.3098451055238303,2.5,-7.151847792594046
5,1,False,pct,0.08,swing0.1,2,3,reclaim,check,20,1,9,0.4,0.3,0.1,-0.4439994450104773,-0.08875098999242349,-0.423529147541214,0.3347781575487905,1.154055566693115,0.189,-0.4291608178519877,1.3073889826846081,0.9583333333333334,-7.538272243610555
5,1,False,pct,0.08,swing0.1,2,3,reclaim,select,32,1,18,0.40625,0.3125,0.09375,0.038300959106220625,-0.079715239977515,-0.2237977988338441,0.1440825588563291,0.5516495288832116,0.618,-0.27069194571194616,1.7706624536490947,1.0416666666666667,-7.615815452461827
5,1,False,pct,0.08,swing0.1,3,0,prev_bar,check,9,1,8,0.1111111111111111,0.1111111111111111,0.0,-2.1192753477888937,-0.6412404796361737,-0.403450083022957,-0.23779039661321674,-0.5533533770174534,0.4413,-1.0725807913778065,2.043510478470119,2.8333333333333335,-6.465861120408767
5,1,False,pct,0.08,swing0.1,3,0,prev_bar,select,15,1,15,0.2,0.06666666666666667,0.2,-0.7004779827708182,-0.4197922908093363,-0.19149425162564498,-0.2282980391836912,-0.71067027458085,0.5318,-1.0862825153727778,2.906480431083369,1.5833333333333333,-6.593831794061112
5,1,False,pct,0.08,swing0.1,3,0,reclaim,check,9,1,8,0.1111111111111111,0.1111111111111111,0.0,-1.791406537554521,-0.7256561888546212,-0.36477431487014944,-0.36088187398447186,-0.9887822569401516,0.1905,-1.0971666653752699,1.2496070583066954,1.3333333333333333,-7.762494874856585
5,1,False,pct,0.08,swing0.1,3,0,reclaim,select,15,1,15,0.13333333333333333,0.0,0.13333333333333333,-1.376329129438969,-0.9499632586352439,-0.158578862125383,-0.7913843965098608,-5.267476975730361,0.0315,-1.1218262756695372,1.6164428530611452,1.1666666666666667,-7.609040368759157
5,1,False,pct,0.08,swing0.1,3,3,prev_bar,check,20,1,8,0.25,0.2,0.05,-0.5118501952260079,-0.19319879178234944,-0.5465854643994866,0.3533866726171372,0.9781546659868806,0.3782,-0.7426094730742673,2.3101849913011807,2.125,-7.272014165004198
5,1,False,pct,0.08,swing0.1,3,3,prev_bar,select,35,1,20,0.22857142857142856,0.05714285714285714,0.2,-0.6883799864856934,-0.4398248673971999,-0.2046153049746462,-0.23520956242255364,-1.034750159103027,0.1844,-0.7667937044636183,2.3098451055238303,3.0,-7.220464542231064
5,1,False,pct,0.08,swing0.1,3,3,reclaim,check,21,1,9,0.2857142857142857,0.14285714285714285,0.14285714285714285,-0.37241083446435336,-0.34709011304362863,-0.38198945444289606,0.03489934139926748,0.11374114928257158,0.8747,-0.8458274845186536,1.3651709070625209,1.1666666666666667,-7.553966318456329
5,1,False,pct,0.08,swing0.1,3,3,reclaim,select,40,1,19,0.2,0.1,0.1,-0.6370892782759546,-0.5902462441249665,-0.20830088098717986,-0.38194536313778665,-1.886272355597787,0.0451,-0.9324875339828536,1.8825419836740047,1.4583333333333333,-7.615815452461827
5,1,False,pct,0.08,swing0.1,5,0,prev_bar,check,9,1,8,0.1111111111111111,0.1111111111111111,0.0,-1.7367096264142137,-0.41901825741395093,-0.3949344072973796,-0.024083850116571253,-0.037049863232115725,0.9353,-1.0725807913778065,2.043510478470119,2.8333333333333335,-6.465861120408767
5,1,False,pct,0.08,swing0.1,5,0,prev_bar,select,15,1,15,0.2,0.06666666666666667,0.2,-0.3773203703165118,-0.2864589574760031,-0.206783273029037,-0.07967568444696603,-0.1923495563125677,0.8934,-1.0862825153727778,2.906480431083369,1.5833333333333333,-6.593831794061112
5,1,False,pct,0.08,swing0.1,5,0,reclaim,check,9,1,8,0.1111111111111111,0.1111111111111111,0.0,-1.6505355582208017,-0.5034339666323964,-0.4765568511911169,-0.026877115441279378,-0.04167070562010237,1.0,-1.0971666653752699,1.2496070583066954,1.3333333333333333,-7.762494874856585
5,1,False,pct,0.08,swing0.1,5,0,reclaim,select,15,1,15,0.13333333333333333,0.0,0.13333333333333333,-1.376329129438969,-0.9499632586352439,-0.0975752213028506,-0.8523880373323933,-4.6884531971998875,0.0315,-1.1218262756695372,1.6164428530611452,1.1666666666666667,-7.609040368759157
5,1,False,pct,0.08,swing0.1,5,3,prev_bar,check,20,1,8,0.2,0.05,0.15,-0.6472016182257828,-0.3217553125200534,-0.505820960281713,0.18406564776165962,0.4749510659572182,0.7463,-1.1062458367106314,2.3101849913011807,2.75,-7.272014165004198
5,1,False,pct,0.08,swing0.1,5,3,prev_bar,select,35,1,20,0.22857142857142856,0.05714285714285714,0.2,-0.44267800041318867,-0.32553915311148557,-0.28763730476955035,-0.03790184834193516,-0.13320275008027868,0.8125,-0.8383976197863726,2.3098451055238303,4.166666666666667,-7.220464542231064
5,1,False,pct,0.08,swing0.1,5,3,reclaim,check,21,1,9,0.2857142857142857,0.14285714285714285,0.14285714285714285,-0.20167799458141997,-0.06137582732934096,-0.32636525769292934,0.2649894303635883,0.5923247830018393,0.7532,-0.6791608178519875,1.3651709070625209,1.1666666666666667,-7.553966318456329
5,1,False,pct,0.08,swing0.1,5,3,reclaim,select,40,1,19,0.2,0.05,0.15,-0.47080121971472594,-0.4797235678925271,-0.2794447350892134,-0.20027883280331374,-0.7787782925564452,0.2762,-0.8699875339828544,1.8825419836740047,1.4583333333333333,-7.615815452461827
5,1,False,pctl,0.003,swing0.1,2,0,prev_bar,check,34,1,33,0.20588235294117646,0.20588235294117646,0.0,-0.9287289008399473,-0.5613097031082384,-0.33394680822554085,-0.22736289488269748,-1.1532080033895273,0.3247,-0.9759120277256734,1.230174138338892,4.25,-3.0519769904567786
5,1,False,pctl,0.003,swing0.1,2,0,prev_bar,select,42,1,35,0.3333333333333333,0.30952380952380953,0.047619047619047616,-0.2207017638122144,-0.18011690015826845,-0.12331652047624274,-0.056800379682025795,-0.25086618223161095,0.8352,-0.5216145505024796,1.3016836288200926,3.0833333333333335,-3.8009086074548337
5,1,False,pctl,0.003,swing0.1,2,0,reclaim,check,35,1,33,0.3142857142857143,0.2857142857142857,0.02857142857142857,-0.5659329045551902,-0.3873988051352408,-0.39455253698092774,0.007153731845686893,0.030245790459025184,0.9634,-0.7123087029123822,0.707081672883004,1.0,-2.9948946760130712
5,1,False,pctl,0.003,swing0.1,2,0,reclaim,select,45,1,38,0.28888888888888886,0.28888888888888886,0.022222222222222223,-0.37217966029646526,-0.4499176527295285,-0.47203638934823283,0.022118736618704164,0.10674674871706316,0.9004,-0.7992477462673138,0.8597340483350834,0.25,-3.9029067609809287
5,1,False,pctl,0.003,swing0.1,2,3,prev_bar,check,67,1,34,0.23880597014925373,0.208955223880597,0.029850746268656716,-0.5859323649405913,-0.4897010602829072,-0.25915873501526704,-0.23054232526764018,-1.5954550745455112,0.1587,-0.6373306404694022,1.1995499802839098,2.8333333333333335,-3.4098162729210957
5,1,False,pctl,0.003,swing0.1,2,3,prev_bar,select,72,1,39,0.3194444444444444,0.2777777777777778,0.05555555555555555,-0.2083252185542612,-0.24535952293303115,-0.12939110319206693,-0.11596841974096418,-0.7240667810203303,0.6491,-0.38624870249025356,1.443546707323068,3.25,-4.114615280653766
5,1,False,pctl,0.003,swing0.1,2,3,reclaim,check,68,1,34,0.35294117647058826,0.29411764705882354,0.058823529411764705,-0.4265037545443432,-0.28347729186101905,-0.3166711544492352,0.03319386258821611,0.19596181575904736,0.7451,-0.37161270551043346,0.8953271040528263,1.4583333333333333,-3.089349454803303
5,1,False,pctl,0.003,swing0.1,2,3,reclaim,select,93,1,39,0.3225806451612903,0.3010752688172043,0.03225806451612903,-0.19258317663517624,-0.29812477509273116,-0.24428134461516568,-0.053843430477565506,-0.35884965239634387,0.8661,-0.37056648979151924,0.9878879636638818,0.75,-4.157491709508465
5,1,False,pctl,0.003,swing0.1,3,0,prev_bar,check,34,1,33,0.14705882352941177,0.08823529411764706,0.058823529411764705,-1.1192975258586169,-0.6782571529701618,-0.38128605111564096,-0.2969711018545207,-1.40720277902661,0.1443,-1.172442223923907,1.230174138338892,4.666666666666667,-3.0519769904567786
5,1,False,pctl,0.003,swing0.1,3,0,prev_bar,select,42,1,35,0.2619047619047619,0.19047619047619047,0.09523809523809523,-0.2005252729610245,-0.2085919738012161,-0.12568499245162504,-0.08290698134959115,-0.3352823132206489,0.8268,-0.5696758282354627,1.3016836288200926,3.625,-3.8009086074548337
5,1,False,pctl,0.003,swing0.1,3,0,reclaim,check,35,1,33,0.2,0.17142857142857143,0.02857142857142857,-0.7698528674742204,-0.5588273765638103,-0.5302725445598906,-0.028554832003919638,-0.11853113973237626,0.8688,-1.0206350295010542,0.707081672883004,1.25,-2.9948946760130712
5,1,False,pctl,0.003,swing0.1,3,0,reclaim,select,45,1,38,0.2222222222222222,0.2,0.06666666666666667,-0.49588681967957304,-0.45300894566170896,-0.23415926581379043,-0.21884967984791864,-0.8690681097001283,0.39,-0.9030605240957522,0.8597340483350834,0.25,-3.9029067609809287
5,1,False,pctl,0.003,swing0.1,3,3,prev_bar,check,68,1,34,0.17647058823529413,0.11764705882352941,0.058823529411764705,-0.6193849307908253,-0.5728200074628361,-0.3395822460598662,-0.23323776140296995,-1.3346544628611348,0.2771,-0.7690514829136227,1.203726621948042,4.125,-3.4489931168976637
5,1,False,pctl,0.003,swing0.1,3,3,prev_bar,select,74,1,40,0.2972972972972973,0.20270270270270271,0.10810810810810811,-0.05500708357058125,-0.1309071305963694,-0.02102619128744963,-0.10988093930891979,-0.5563351729095956,0.6949,-0.2846135231196125,1.4060969993564987,4.041666666666667,-4.020356329062762
5,1,False,pctl,0.003,swing0.1,3,3,reclaim,check,72,1,34,0.2222222222222222,0.1527777777777778,0.06944444444444445,-0.6016747555103129,-0.5160460675774302,-0.4305720635512718,-0.0854740040261583,-0.49121999118059634,0.5776,-0.6583214619727238,0.8612483497114906,2.75,-3.0648972885557733
5,1,False,pctl,0.003,swing0.1,3,3,reclaim,select,93,1,39,0.26881720430107525,0.22580645161290322,0.06451612903225806,-0.16786057302323004,-0.24168966272563158,-0.19287817398573173,-0.04881148873989995,-0.265999874732579,0.797,-0.4130289859745064,0.9878879636638818,1.3333333333333333,-4.157491709508465
5,1,False,pctl,0.003,swing0.1,5,0,prev_bar,check,34,1,33,0.14705882352941177,0.058823529411764705,0.08823529411764706,-1.0282801989520873,-0.5492611259713209,-0.3608247043346237,-0.18843642163669716,-0.6279203077025279,0.5165,-1.172442223923907,1.230174138338892,5.958333333333333,-3.0519769904567786
5,1,False,pctl,0.003,swing0.1,5,0,prev_bar,select,42,1,35,0.21428571428571427,0.07142857142857142,0.16666666666666666,-0.29405292713046227,-0.2809554119173392,-0.009129986149740582,-0.2718254257675986,-0.9197381805389312,0.5195,-0.7362272675592166,1.3016836288200926,4.083333333333333,-3.8009086074548337
5,1,False,pctl,0.003,swing0.1,5,0,reclaim,check,35,1,33,0.2,0.17142857142857143,0.02857142857142857,-0.5710976220890346,-0.21597023370666904,-0.4008900077791111,0.18491977407244217,0.4578598916634875,0.5103,-0.8873016961677214,0.707081672883004,1.3333333333333333,-2.9948946760130712
5,1,False,pctl,0.003,swing0.1,5,0,reclaim,select,45,1,38,0.13333333333333333,0.08888888888888889,0.08888888888888889,-0.5952747918039666,-0.6437928647610688,-0.2209232920819447,-0.4228695726791242,-1.607009050919459,0.175,-1.1558820277928705,0.8597340483350834,0.3333333333333333,-3.9029067609809287
5,1,False,pctl,0.003,swing0.1,5,3,prev_bar,check,68,1,34,0.17647058823529413,0.058823529411764705,0.11764705882352941,-0.6165671931331388,-0.47559589964854526,-0.2992359113180638,-0.17635998833048128,-0.8332819974312505,0.4917,-0.7010152872863125,1.203726621948042,4.458333333333333,-3.4489931168976637
5,1,False,pctl,0.003,swing0.1,5,3,prev_bar,select,73,1,40,0.2602739726027397,0.0821917808219178,0.1917808219178082,-0.03852039250833636,-0.14284145531011702,0.05540315891145226,-0.19824461422156928,-0.8846191670925656,0.4133,-0.4005825452676941,1.438509874326758,5.25,-4.0695180013694205
5,1,False,pctl,0.003,swing0.1,5,3,reclaim,check,72,1,34,0.20833333333333334,0.1388888888888889,0.06944444444444445,-0.4728792692071707,-0.293823845355208,-0.3253633013654384,0.031539456010230255,0.12082848839826574,0.8926,-0.5533001145902589,0.8612483497114906,3.3333333333333335,-3.0648972885557733
5,1,False,pctl,0.003,swing0.1,5,3,reclaim,select,89,1,38,0.23595505617977527,0.12359550561797752,0.1348314606741573,-0.043652460010181526,-0.15833978544113117,-0.1923878489986586,0.03404806355752741,0.14607879819573147,0.8111,-0.3797653828718253,0.9878879636638818,1.6666666666666667,-4.125392549279761
5,1,False,pctl,0.01,swing0.1,2,0,prev_bar,check,52,1,50,0.23076923076923078,0.21153846153846154,0.019230769230769232,-0.7403197436418546,-0.530936045540413,-0.3232476125673409,-0.20768843297307205,-1.175344380511243,0.345,-0.7832416674780117,1.0075989902352012,2.9583333333333335,-2.895183831831666
5,1,False,pctl,0.01,swing0.1,2,0,prev_bar,select,61,1,49,0.2786885245901639,0.2786885245901639,0.0,-0.41596343291108956,-0.3392885604383304,-0.15367461175558608,-0.18561394868274425,-1.0544281351039364,0.2102,-0.5401310942993944,1.2231022689466944,2.1666666666666665,-3.1993415328309904
5,1,False,pctl,0.01,swing0.1,2,0,reclaim,check,52,1,49,0.25,0.23076923076923078,0.019230769230769232,-0.49452213725919586,-0.6183290428413948,-0.40476477864035576,-0.21356426420103913,-1.1286338936934257,0.0431,-0.8518441385601844,0.696126281211563,1.0416666666666667,-2.568283706902108
5,1,False,pctl,0.01,swing0.1,2,0,reclaim,select,64,1,51,0.40625,0.390625,0.015625,0.07264105902125358,-0.14497844950066302,-0.3034753859370998,0.15849693643643673,0.8416568665711298,0.4879,-0.29846054050368126,0.7547033159257264,0.5416666666666666,-3.3284710049086064
5,1,False,pctl,0.01,swing0.1,2,3,prev_bar,check,99,1,53,0.2828282828282828,0.25252525252525254,0.030303030303030304,-0.4578135371055168,-0.37343910887472825,-0.29573259203909547,-0.07770651683563282,-0.5908047847065017,0.6104,-0.4635241036987926,1.0381156403264262,2.8333333333333335,-3.3507631599876797
5,1,False,pctl,0.01,swing0.1,2,3,prev_bar,select,117,1,56,0.27350427350427353,0.24786324786324787,0.03418803418803419,-0.39568778927256754,-0.38099674827616287,-0.1464906040109197,-0.2345061442652432,-1.8919686365361175,0.0483,-0.4715391881900817,1.1848879037413262,2.9166666666666665,-3.7299095324441534
5,1,False,pctl,0.01,swing0.1,2,3,reclaim,check,106,1,54,0.27358490566037735,0.24528301886792453,0.02830188679245283,-0.3515512604554515,-0.4812561012974578,-0.36054619746258226,-0.12070990383487551,-0.9625498011648294,0.4043,-0.5667850883993392,0.9021348826272112,2.75,-2.860544484876809
5,1,False,pctl,0.01,swing0.1,2,3,reclaim,select,117,1,56,0.36752136752136755,0.3418803418803419,0.03418803418803419,-0.11625996587842917,-0.20234177100437206,-0.19292714254726342,-0.00941462845710859,-0.07048829702198303,0.9849,-0.28224406380686207,0.9080557526086919,1.0,-3.5088129196888307
5,1,False,pctl,0.01,swing0.1,3,0,prev_bar,check,52,1,50,0.21153846153846154,0.17307692307692307,0.038461538461538464,-0.6620077874917559,-0.41952435890128786,-0.30210743949461827,-0.11741691940666957,-0.5451182347680317,0.6007,-0.7395150482155625,1.0075989902352012,3.125,-2.895183831831666
5,1,False,pctl,0.01,swing0.1,3,0,prev_bar,select,61,1,49,0.22950819672131148,0.19672131147540983,0.03278688524590164,-0.3099901958506038,-0.2933205783564254,-0.006145018510126353,-0.28717555984629906,-1.3053618048823845,0.2514,-0.5401310942993948,1.2231022689466944,3.0833333333333335,-3.1993415328309904
5,1,False,pctl,0.01,swing0.1,3,0,reclaim,check,52,1,49,0.23076923076923078,0.21153846153846154,0.019230769230769232,-0.37841169469549074,-0.46448288899524215,-0.36126242059037994,-0.10322046840486218,-0.48756472444597476,0.2611,-0.7667377555814628,0.696126281211563,1.2083333333333333,-2.568283706902108
5,1,False,pctl,0.01,swing0.1,3,0,reclaim,select,64,1,51,0.34375,0.3125,0.03125,0.1277648361795513,-0.013662015827738978,-0.3165837240489666,0.30292170822122766,1.2517746751720393,0.3083,-0.2495328687244438,0.7547033159257264,0.875,-3.3284710049086064
5,1,False,pctl,0.01,swing0.1,3,3,prev_bar,check,100,1,53,0.22,0.16,0.06,-0.5711136702741867,-0.4277377904980795,-0.33650890341000056,-0.09122888708807883,-0.5924087293558145,0.4788,-0.5514360074734469,1.0492158673324739,3.8333333333333335,-3.386169830164276
5,1,False,pctl,0.01,swing0.1,3,3,prev_bar,select,121,1,58,0.24793388429752067,0.19008264462809918,0.06611570247933884,-0.29151358580001374,-0.2790344666589023,-0.12960516813441753,-0.1494292985244848,-1.0296763335867616,0.3161,-0.3902898043355076,1.1848879037413262,3.4166666666666665,-3.7299095324441534
5,1,False,pctl,0.01,swing0.1,3,3,reclaim,check,106,1,54,0.2358490566037736,0.18867924528301888,0.04716981132075472,-0.33575625354560323,-0.40991709058561066,-0.37958692508410935,-0.03033016550150132,-0.194998850223436,0.7997,-0.5215210112486189,0.9021348826272112,3.0416666666666665,-2.860544484876809
5,1,False,pctl,0.01,swing0.1,3,3,reclaim,select,124,1,57,0.2903225806451613,0.22580645161290322,0.07258064516129033,-0.15146686613475194,-0.2264714567608377,-0.24818503085582483,0.021713574094987233,0.13570425949175974,0.8935,-0.3305703939107092,0.9254961012860855,1.5,-3.52613263381138
5,1,False,pctl,0.01,swing0.1,5,0,prev_bar,check,52,1,50,0.21153846153846154,0.11538461538461539,0.09615384615384616,-0.4753424594196493,-0.19712598702226491,-0.2527478090241043,0.055621822001839336,0.1857444687762733,0.8494,-0.6830231301501387,1.0075989902352012,4.25,-2.895183831831666
5,1,False,pctl,0.01,swing0.1,5,0,prev_bar,select,61,1,48,0.19672131147540983,0.11475409836065574,0.08196721311475409,-0.19427774385970178,-0.20927374171552152,-0.0743525485167844,-0.13492119319873708,-0.5009943540484184,0.6735,-0.6181026904974848,1.2231022689466944,3.4166666666666665,-3.1993415328309904
5,1,False,pctl,0.01,swing0.1,5,0,reclaim,check,52,1,49,0.21153846153846154,0.17307692307692307,0.038461538461538464,-0.13208871043479165,-0.1864297034487872,-0.4035752357990405,0.21714553235025344,0.6598256728494437,0.1992,-0.6293172098704916,0.696126281211563,1.8333333333333333,-2.568283706902108
5,1,False,pctl,0.01,swing0.1,5,0,reclaim,select,63,1,49,0.2222222222222222,0.14285714285714285,0.07936507936507936,-0.06078575977869997,-0.21168218611426293,-0.23699921997497092,0.025317033860708032,0.08814233558867077,0.9306,-0.538393944501608,0.767330247351837,0.9166666666666666,-3.3567332244490267
5,1,False,pctl,0.01,swing0.1,5,3,prev_bar,check,100,1,53,0.22,0.1,0.12,-0.40490932237420535,-0.23394329208892298,-0.37330249800328824,0.13935920591436532,0.6860270812337382,0.3635,-0.4378858129319433,1.0492158673324739,4.625,-3.386169830164276
5,1,False,pctl,0.01,swing0.1,5,3,prev_bar,select,118,1,56,0.211864406779661,0.1016949152542373,0.11864406779661017,-0.20284284864170687,-0.2358790514696135,-0.026925930879292792,-0.20895312059032065,-1.104812183697312,0.3039,-0.3943453161186608,1.2203008069858279,4.041666666666667,-3.7438146471901526
5,1,False,pctl,0.01,swing0.1,5,3,reclaim,check,106,1,54,0.22641509433962265,0.12264150943396226,0.10377358490566038,-0.17589098569234488,-0.222655772281207,-0.367286757149483,0.144630984868276,0.6979020223469599,0.2622,-0.3715707968375699,0.9021348826272112,3.4583333333333335,-2.860544484876809
5,1,False,pctl,0.01,swing0.1,5,3,reclaim,select,126,1,56,0.1984126984126984,0.10317460317460317,0.10317460317460317,-0.34944532534110107,-0.3902410454452757,-0.1503926205122748,-0.23984842493300082,-1.3608820095195582,0.3042,-0.516528431516522,0.9459771264003837,2.375,-3.6337073220490677
15,-1,False,atr,3.0,swing0.1,2,0,prev_bar,check,128,1,109,0.3515625,0.3203125,0.0703125,-0.05993256803182309,-0.18391466141713764,-0.33497418055057754,0.15105951913343987,1.2226333972469687,0.1937,-0.2683914150328627,0.933663633005498,5.666666666666667,1.9537578289961055
15,-1,False,atr,3.0,swing0.1,2,0,prev_bar,select,118,1,99,0.3389830508474576,0.3305084745762712,0.00847457627118644,-0.19708885377168756,-0.21593429066127298,-0.2546289761389909,0.038694685477717795,0.29665372973997023,0.7321,-0.3278884131109951,0.9363941962719758,4.125,2.3889542900390692
15,-1,False,atr,3.0,swing0.1,2,0,reclaim,check,125,1,108,0.384,0.336,0.088,-0.03962306869242529,-0.25579681824524786,-0.37158503960183353,0.11578822135658572,0.8807066954957764,0.553,-0.3372643768910499,0.6252956491415713,2.0833333333333335,2.04967762504622
15,-1,False,atr,3.0,swing0.1,2,0,reclaim,select,113,1,98,0.3274336283185841,0.2920353982300885,0.035398230088495575,-0.2324323448509486,-0.40485823700341783,-0.38630492929531063,-0.018553307708107196,-0.14301348076935552,0.8519,-0.49923828652815183,0.7168224858185447,1.6666666666666667,2.3166543302366227
15,-1,False,atr,3.0,swing0.1,2,3,prev_bar,check,218,1,125,0.3440366972477064,0.3165137614678899,0.05045871559633028,-0.12302653823073127,-0.20618220769041348,-0.28416113739942667,0.07797892970901325,0.8104271971333468,0.49,-0.26489952064135863,0.9388559262912934,5.166666666666667,2.5280492255931653
15,-1,False,atr,3.0,swing0.1,2,3,prev_bar,select,234,1,118,0.32905982905982906,0.3247863247863248,0.004273504273504274,-0.22860511203403583,-0.2347340629956692,-0.2797104056992302,0.044976342703561045,0.49719296787757983,0.553,-0.28656181118368956,0.9647188965914764,3.9166666666666665,3.2231373848777167
15,-1,False,atr,3.0,swing0.1,2,3,reclaim,check,207,1,125,0.391304347826087,0.32367149758454106,0.10628019323671498,0.08031120336538904,-0.1804411083455105,-0.2981888491625984,0.11774774081708796,1.177957741395746,0.4036,-0.22506736253229115,0.8047340928255672,3.8333333333333335,2.1327767218079607
15,-1,False,atr,3.0,swing0.1,2,3,reclaim,select,197,1,125,0.36548223350253806,0.3248730964467005,0.06091370558375635,-0.09595824261376147,-0.1958226341159545,-0.2755305488425281,0.07970791472657357,0.820013705524068,0.4145,-0.25150662157297504,1.1089193098421035,4.25,2.4955354260912
15,-1,False,atr,3.0,swing0.1,3,0,prev_bar,check,127,1,108,0.2992125984251969,0.23622047244094488,0.10236220472440945,0.03579816586133101,-0.11882721416407308,-0.23599420624314374,0.1171669920790706,0.7561878638518919,0.4051,-0.2419895554471092,0.9368085375094555,7.25,1.9594004158262734
15,-1,False,atr,3.0,swing0.1,3,0,prev_bar,select,113,1,97,0.23008849557522124,0.17699115044247787,0.05309734513274336,-0.42685970554691544,-0.4062053832970583,-0.2862625038914287,-0.11994287940562959,-0.8061099799698873,0.2694,-0.6094039305722097,0.9356243609234038,5.083333333333333,2.420109469438758
15,-1,False,atr,3.0,swing0.1,3,0,reclaim,check,124,1,107,0.31451612903225806,0.23387096774193547,0.12096774193548387,-0.027501940451842004,-0.2332292442715475,-0.40415957630141897,0.1709303320298715,1.0623808275493152,0.5043,-0.3293498486245325,0.6254649059165295,3.5833333333333335,2.0568278354196057
15,-1,False,atr,3.0,swing0.1,3,0,reclaim,select,110,1,97,0.2545454545454545,0.16363636363636364,0.09090909090909091,-0.3633619183013553,-0.5094379368234846,-0.35364668290629175,-0.15579125391719287,-1.0648455391269263,0.135,-0.6394240491949973,0.7224537758732332,2.5416666666666665,2.3488508746713266
15,-1,False,atr,3.0,swing0.1,3,3,prev_bar,check,212,1,122,0.2971698113207547,0.24056603773584906,0.08018867924528301,-0.007452767970126878,-0.11522872654947126,-0.2836308189897133,0.16840209244024204,1.4375122179061628,0.2059,-0.17868690997121625,0.9542899100784716,7.333333333333333,2.5280492255931653
15,-1,False,atr,3.0,swing0.1,3,3,prev_bar,select,228,1,118,0.24561403508771928,0.20614035087719298,0.039473684210526314,-0.319599786275109,-0.3083576418539617,-0.2687257205540379,-0.03963192129992381,-0.36108572756084306,0.6008,-0.4029265837620283,0.984538289051944,5.083333333333333,3.2743996528403874
15,-1,False,atr,3.0,swing0.1,3,3,reclaim,check,204,1,123,0.3431372549019608,0.21568627450980393,0.16666666666666666,0.1280964584577684,-0.11724285168568978,-0.3214740283465065,0.2042311766608168,1.6729868038248865,0.218,-0.17108808489311877,0.8155848274026345,6.5,2.1529600975639496
15,-1,False,atr,3.0,swing0.1,3,3,reclaim,select,189,1,123,0.31746031746031744,0.2222222222222222,0.1164021164021164,-0.026033708676894855,-0.14447673616839635,-0.31532582358895195,0.17084908742055566,1.368694727123531,0.0863,-0.2287168944283229,1.1425136203851955,6.833333333333333,2.4955354260912
15,-1,False,atr,3.0,swing0.1,5,0,prev_bar,check,124,1,107,0.25,0.12096774193548387,0.1774193548387097,-0.0907806618226817,-0.10835116229368502,-0.24378754154264284,0.13543637924895782,0.7153498168999716,0.5118,-0.27869908723085945,0.9471562448276322,10.375,1.9664906859894526
15,-1,False,atr,3.0,swing0.1,5,0,prev_bar,select,110,1,98,0.16363636363636364,0.08181818181818182,0.08181818181818182,-0.4984873797737689,-0.5270885938742975,-0.26990462322652325,-0.25718397064777415,-1.52778120011459,0.1121,-0.7544870426706364,0.9363941962719758,6.875,2.54015025173423
15,-1,False,atr,3.0,swing0.1,5,0,reclaim,check,124,1,107,0.25,0.14516129032258066,0.14516129032258066,-0.021681932094624295,-0.20996125206982966,-0.4256295948745469,0.21566834280471722,1.0760941859771989,0.4501,-0.34919509598235504,0.6300828757773057,6.083333333333333,2.0568278354196057
15,-1,False,atr,3.0,swing0.1,5,0,reclaim,select,110,1,98,0.19090909090909092,0.07272727272727272,0.11818181818181818,-0.43307226852778236,-0.6399821256228267,-0.35025464478772095,-0.28972748083510597,-1.7760865082978554,0.0416,-0.819798298802842,0.7298968510843215,4.291666666666667,2.3518562928793174
15,-1,False,atr,3.0,swing0.1,5,3,prev_bar,check,207,1,120,0.2608695652173913,0.14009661835748793,0.1497584541062802,-0.013427701617146919,-0.013165578546585583,-0.18207355999422511,0.16890798144763963,1.073847387989408,0.3783,-0.0961790659480252,0.9534091745821331,8.833333333333334,2.5615276860640135
15,-1,False,atr,3.0,swing0.1,5,3,prev_bar,select,222,1,118,0.19369369369369369,0.11711711711711711,0.07657657657657657,-0.2817223052746918,-0.30294750595619563,-0.19471751465022297,-0.10822999130597252,-0.783868789397585,0.457,-0.4188761879635616,0.984538289051944,5.833333333333333,3.394149909605726
15,-1,False,atr,3.0,swing0.1,5,3,reclaim,check,201,1,123,0.27860696517412936,0.10945273631840796,0.208955223880597,0.04928005663488147,-0.16741063018750885,-0.2775068620532278,0.11009623186571901,0.743222300485153,0.6107,-0.22206318089364802,0.8264236544145773,9.416666666666666,2.132954898133832
15,-1,False,atr,3.0,swing0.1,5,3,reclaim,select,186,1,122,0.24731182795698925,0.08064516129032258,0.1935483870967742,-0.20091179634688625,-0.28255490037520375,-0.29180412354192814,0.009249223166724304,0.06624144103296851,0.9231,-0.3708175969800373,1.2378538203110614,10.75,2.4999928011936734
15,-1,False,atr,4.0,swing0.1,2,0,prev_bar,check,78,1,72,0.3333333333333333,0.2948717948717949,0.0641025641025641,-0.27664629629042414,-0.25996067193353806,-0.32802309586746364,0.0680624239339256,0.42915904531039123,0.7593,-0.4062306898330438,0.9739555466311084,4.541666666666667,2.622140233189174
15,-1,False,atr,4.0,swing0.1,2,0,prev_bar,select,79,1,75,0.379746835443038,0.379746835443038,0.0,0.08590988701172533,-0.06351051175443047,-0.23035806079072466,0.16684754903629417,1.0150024891125093,0.4426,-0.19716341686784153,0.9371640316205481,4.083333333333333,3.4501625175552997
15,-1,False,atr,4.0,swing0.1,2,0,reclaim,check,79,1,72,0.35443037974683544,0.31645569620253167,0.0379746835443038,-0.009500281118224659,-0.34503488525758985,-0.4583835581566312,0.11334867289904145,0.6637438554208155,0.6527,-0.4896199434958764,0.5511145998188727,1.6666666666666667,2.6326399271261014
15,-1,False,atr,4.0,swing0.1,2,0,reclaim,select,80,1,75,0.4,0.3875,0.025,0.15194044203191723,-0.10553021772257791,-0.31097638287097823,0.20544616514840025,1.260402200711357,0.26,-0.24114355612841062,0.8122526415885224,2.75,3.3153138570147456
15,-1,False,atr,4.0,swing0.1,2,3,prev_bar,check,138,1,89,0.34057971014492755,0.30434782608695654,0.050724637681159424,-0.19054558301375657,-0.22620734486031308,-0.2685333239832934,0.042325979122980376,0.3432831311991554,0.749,-0.2995326566408888,0.9827114769889029,4.833333333333333,3.3676957791813456
15,-1,False,atr,4.0,swing0.1,2,3,prev_bar,select,168,1,90,0.30952380952380953,0.30952380952380953,0.0,-0.22837146248461943,-0.27593519313996806,-0.23946409052036927,-0.03647110261959884,-0.3320573957416576,0.7544,-0.3431280666695392,1.0100973837369558,3.7083333333333335,4.253581802524176
15,-1,False,atr,4.0,swing0.1,2,3,reclaim,check,151,1,89,0.37748344370860926,0.32450331125827814,0.0728476821192053,0.10042548984562398,-0.2279432165835437,-0.39897281869565093,0.1710296021121073,1.4545563065010845,0.193,-0.29803929529758527,0.8017530927405625,2.8333333333333335,2.924119821906568
15,-1,False,atr,4.0,swing0.1,2,3,reclaim,select,168,1,94,0.32142857142857145,0.30952380952380953,0.03571428571428571,-0.19461825610134031,-0.2970796376053049,-0.30078181488155403,0.003702177276249071,0.03465070709801016,0.9824,-0.36029873737343293,0.8712987331458696,3.4583333333333335,3.6132642077150723
15,-1,False,atr,4.0,swing0.1,3,0,prev_bar,check,78,1,72,0.2948717948717949,0.21794871794871795,0.10256410256410256,-0.168572249713963,-0.16763982099873403,-0.2867330616827708,0.11909324068403669,0.6336971447770057,0.6154,-0.37529933426759216,0.9739555466311084,7.458333333333333,2.622140233189174
15,-1,False,atr,4.0,swing0.1,3,0,prev_bar,select,78,1,74,0.2948717948717949,0.24358974358974358,0.05128205128205128,-0.11213533162680239,-0.1206493723584612,-0.21123863216209507,0.09058925980363391,0.4589162225165314,0.679,-0.3116785026800476,0.9444867253731278,5.25,3.405155074344146
15,-1,False,atr,4.0,swing0.1,3,0,reclaim,check,79,1,72,0.26582278481012656,0.189873417721519,0.08860759493670886,-0.10399429847414066,-0.437818179567123,-0.42149864591426917,-0.01631953365285364,-0.08938480471167531,0.9466,-0.6249730506341115,0.5511145998188727,1.9166666666666667,2.6326399271261014
15,-1,False,atr,4.0,swing0.1,3,0,reclaim,select,80,1,75,0.3625,0.325,0.05,0.3816375997358401,0.0867128599441012,-0.34870452088944126,0.43541738083354237,2.0191966737413876,0.0874,-0.11593167074696634,0.8122526415885224,3.5,3.3153138570147456
15,-1,False,atr,4.0,swing0.1,3,3,prev_bar,check,138,1,88,0.30434782608695654,0.2463768115942029,0.07246376811594203,-0.03618185719384133,-0.09502059643778776,-0.2988362318694784,0.2038156354316906,1.3439648118016383,0.2551,-0.20008643015129446,0.979186239458479,7.25,3.3676957791813456
15,-1,False,atr,4.0,swing0.1,3,3,prev_bar,select,171,1,91,0.23391812865497075,0.2046783625730994,0.029239766081871343,-0.3364169469763767,-0.3282064894773009,-0.30921556529071353,-0.018990924186587415,-0.14963022333115,0.867,-0.4185940593951302,1.0237006165471885,4.833333333333333,4.312899437657647
15,-1,False,atr,4.0,swing0.1,3,3,reclaim,check,152,1,89,0.3026315789473684,0.21710526315789475,0.1118421052631579,0.05527782609253799,-0.25190759864585516,-0.3047452021488502,0.052837603502995024,0.38554858051723356,0.7344,-0.3344509635466126,0.8009661318016302,3.7083333333333335,2.9253696149917463
15,-1,False,atr,4.0,swing0.1,3,3,reclaim,select,169,1,94,0.28994082840236685,0.23668639053254437,0.07692307692307693,-0.04695124467890293,-0.16415930774171084,-0.2591998346503028,0.09504052690859198,0.7144815206360307,0.5399,-0.2698146349073667,0.8694069193408569,3.9166666666666665,3.6163401479581747
15,-1,False,atr,4.0,swing0.1,5,0,prev_bar,check,78,1,72,0.2692307692307692,0.11538461538461539,0.1794871794871795,-0.15672017405012018,-0.10612966393833889,-0.22868832105118428,0.12255865711284529,0.5341923611380675,0.658,-0.39241622753455385,0.9739555466311084,8.625,2.622140233189174
15,-1,False,atr,4.0,swing0.1,5,0,prev_bar,select,78,1,74,0.23076923076923078,0.1282051282051282,0.10256410256410256,-0.11983447557524828,-0.16077340405722657,-0.24716861199690593,0.08639520793967935,0.3468921013364787,0.7675,-0.4408817711243055,0.9444867253731278,6.25,3.405155074344146
15,-1,False,atr,4.0,swing0.1,5,0,reclaim,check,79,1,72,0.22784810126582278,0.12658227848101267,0.11392405063291139,-0.07990348318104576,-0.34665687321477767,-0.3518826629995472,0.005225789784769481,0.022982261604844175,0.9879,-0.5847881687311046,0.5511145998188727,2.9166666666666665,2.6326399271261014
15,-1,False,atr,4.0,swing0.1,5,0,reclaim,select,79,1,74,0.27848101265822783,0.20253164556962025,0.08860759493670886,0.46374963763017835,0.1504611957987724,-0.327928356854966,0.47838955265373845,1.7437565509658222,0.0713,-0.1363463282972266,0.8151935047361157,3.8333333333333335,3.286738214555296
15,-1,False,atr,4.0,swing0.1,5,3,prev_bar,check,138,1,88,0.2826086956521739,0.14492753623188406,0.15217391304347827,0.05588114119478052,0.056684372177240046,-0.24262641640715163,0.2993107885843916,1.5745675864506816,0.1478,-0.07451004944713584,0.979186239458479,8.416666666666666,3.3676957791813456
15,-1,False,atr,4.0,swing0.1,5,3,prev_bar,select,173,1,92,0.1907514450867052,0.11560693641618497,0.07514450867052024,-0.28157707516480635,-0.30397842309644524,-0.2505806491561143,-0.05339777394033092,-0.3377916431354911,0.7772,-0.4320268248632049,1.035413842726437,5.166666666666667,4.394374558757486
15,-1,False,atr,4.0,swing0.1,5,3,reclaim,check,155,1,90,0.25806451612903225,0.1032258064516129,0.18064516129032257,0.02747900035856209,-0.25874378186289415,-0.32539330842393904,0.06664952656104499,0.4037792260473288,0.7172,-0.3804593687975793,0.8017530927405625,4.833333333333333,2.9379614286455302
15,-1,False,atr,4.0,swing0.1,5,3,reclaim,select,173,1,95,0.20809248554913296,0.12716763005780346,0.10404624277456648,-0.07809887139276608,-0.24315765164137768,-0.2807574770890035,0.03759982544762574,0.2338075509970564,0.8247,-0.3790403030142072,0.8731905469508824,4.25,3.6618788472826402
15,-1,False,atr,6.0,swing0.1,2,0,prev_bar,check,33,1,33,0.36363636363636365,0.30303030303030304,0.06060606060606061,-0.14467164688710543,-0.180852390494702,-0.25802649228286045,0.07717410178815849,0.3118468569871125,0.7859,-0.5017583600511154,1.0743542655142277,6.583333333333333,3.7292489164827636
15,-1,False,atr,6.0,swing0.1,2,0,prev_bar,select,34,1,33,0.3235294117647059,0.29411764705882354,0.029411764705882353,-0.1444078058233681,-0.27956582292184684,-0.1555815005708754,-0.1239843223509715,-0.4897143157947278,0.5809,-0.6479365624493418,0.9788891132854034,5.083333333333333,5.338541320523904
15,-1,False,atr,6.0,swing0.1,2,0,reclaim,check,33,1,33,0.36363636363636365,0.3333333333333333,0.030303030303030304,-0.11962824126192369,-0.27349900753818285,-0.3030499224523545,0.029550914914171566,0.11517820509779292,0.8699,-0.6503637266026775,0.6610109992979033,1.1666666666666667,3.8909871537996077
15,-1,False,atr,6.0,swing0.1,2,0,reclaim,select,35,1,34,0.17142857142857143,0.17142857142857143,0.0,-0.3954575342270001,-0.8587602360342699,-0.43750303258426737,-0.42125720345000256,-2.085804105312689,0.0725,-1.3061189550116303,0.6761859389014705,1.0833333333333333,5.314827182425996
15,-1,False,atr,6.0,swing0.1,2,3,prev_bar,check,63,1,43,0.36507936507936506,0.30158730158730157,0.06349206349206349,-0.09729460560507207,-0.16089110963926104,-0.183993223439645,0.02310211380038396,0.12933801885908547,0.902,-0.32412858844550474,1.0849878372975215,5.75,5.138433603495218
15,-1,False,atr,6.0,swing0.1,2,3,prev_bar,select,79,1,45,0.25316455696202533,0.24050632911392406,0.012658227848101266,-0.5202205477441857,-0.4529521932976845,-0.23584649537219757,-0.2171056979254869,-1.4458430234878008,0.0879,-0.6103027808979399,1.1130411701586618,4.25,5.814045661634215
15,-1,False,atr,6.0,swing0.1,2,3,reclaim,check,69,1,38,0.37681159420289856,0.34782608695652173,0.028985507246376812,-0.01058837274850699,-0.20281637852520146,-0.3710095486498815,0.1681931701246801,0.9937465298563926,0.2242,-0.27494519038045384,0.7802873072070884,1.75,4.841938061391993
15,-1,False,atr,6.0,swing0.1,2,3,reclaim,select,94,1,44,0.18085106382978725,0.18085106382978725,0.0,-0.5862713479203627,-0.8140915431027262,-0.4262176719852148,-0.3878738711175113,-3.079672200174839,0.0078,-0.9632788477936357,0.7722813157790432,1.125,5.3848041836406235
15,-1,False,atr,6.0,swing0.1,3,0,prev_bar,check,33,1,33,0.36363636363636365,0.21212121212121213,0.15151515151515152,-0.04632463127585678,-0.0039388747263851605,-0.2847237052140364,0.2807848304876511,0.9509959783975563,0.4426,-0.34333107408287183,1.0743542655142277,14.583333333333334,3.7292489164827636
15,-1,False,atr,6.0,swing0.1,3,0,prev_bar,select,34,1,33,0.29411764705882354,0.23529411764705882,0.058823529411764705,0.055301695044932174,-0.13302583141673335,-0.2523139759979549,0.11928814458122157,0.4064472593676161,0.626,-0.6134538038286526,0.9788891132854034,6.208333333333333,5.338541320523904
15,-1,False,atr,6.0,swing0.1,3,0,reclaim,check,33,1,33,0.3333333333333333,0.2727272727272727,0.06060606060606061,-0.020401591972364835,-0.08597621989400633,-0.260555369094055,0.1745791492000487,0.5396072849780051,0.4968,-0.5747757274725348,0.6610109992979033,2.5833333333333335,3.8909871537996077
15,-1,False,atr,6.0,swing0.1,3,0,reclaim,select,35,1,34,0.14285714285714285,0.14285714285714285,0.0,-0.38426570088244455,-0.8016173788914129,-0.43204313168920766,-0.36957424720220516,-1.5195840445259907,0.1613,-1.3983808316005186,0.6761859389014705,1.0833333333333333,5.314827182425996
15,-1,False,atr,6.0,swing0.1,3,3,prev_bar,check,64,1,44,0.34375,0.234375,0.109375,0.0842321257511363,-0.007345426214111744,-0.14804374943086854,0.14069832321675682,0.6485203051181873,0.4544,-0.22038257998394892,1.123506235845019,7.333333333333333,5.101780297316405
15,-1,False,atr,6.0,swing0.1,3,3,prev_bar,select,81,1,45,0.19753086419753085,0.1728395061728395,0.024691358024691357,-0.4822883387699499,-0.44729361311169913,-0.26613009772423696,-0.18116351538746217,-1.0350554401567262,0.0455,-0.6525305906467366,1.0951192848020317,4.833333333333333,5.859391559625249
15,-1,False,atr,6.0,swing0.1,3,3,reclaim,check,72,1,39,0.3333333333333333,0.25,0.08333333333333333,-0.007050643256068218,-0.10501406062519483,-0.3491194737724614,0.24410541314726655,1.1776001998228458,0.1609,-0.2280360501326194,0.7805653548118283,2.5833333333333335,4.931998612741739
15,-1,False,atr,6.0,swing0.1,3,3,reclaim,select,94,1,44,0.14893617021276595,0.14893617021276595,0.0,-0.5727322086351889,-0.7609000537410241,-0.28535774116546814,-0.4755423125755561,-3.2253076288834306,0.0089,-0.9614992994927944,0.7722813157790432,1.25,5.3848041836406235
15,-1,False,atr,6.0,swing0.1,5,0,prev_bar,check,33,1,33,0.3333333333333333,0.15151515151515152,0.18181818181818182,-0.008651570807023789,0.1428724185581728,-0.05823060389770244,0.2011030224558752,0.5016021443574395,0.5209,-0.5795933295572493,1.0743542655142277,14.583333333333334,3.7292489164827636
15,-1,False,atr,6.0,swing0.1,5,0,prev_bar,select,34,1,33,0.2647058823529412,0.11764705882352941,0.14705882352941177,0.058097124979430224,-0.12536033297048266,-0.18908428519937548,0.06372395222889286,0.18701711748778932,0.8391,-0.797727467414187,0.9788891132854034,6.208333333333333,5.338541320523904
15,-1,False,atr,6.0,swing0.1,5,0,reclaim,check,33,1,33,0.30303030303030304,0.15151515151515152,0.15151515151515152,0.039895633418830165,0.036483048743466216,-0.23163804319991071,0.26812109194337697,0.7203808953474029,0.4081,-0.5332006991908131,0.6610109992979033,2.8333333333333335,3.8909871537996077
15,-1,False,atr,6.0,swing0.1,5,0,reclaim,select,35,1,34,0.11428571428571428,0.02857142857142857,0.08571428571428572,-0.483620447551075,-0.9489310971943855,-0.23383034909284725,-0.7151007481015383,-2.8997277256900365,0.0359,-1.3693367340123745,0.6761859389014705,1.3333333333333333,5.314827182425996
15,-1,False,atr,6.0,swing0.1,5,3,prev_bar,check,63,1,43,0.31746031746031744,0.15873015873015872,0.15873015873015872,0.21744407138050165,0.21132589901017781,-0.28973311140023017,0.5010590104104079,1.826638231083221,0.0191,-0.08243268309605838,1.0849878372975215,7.583333333333333,5.138433603495218
15,-1,False,atr,6.0,swing0.1,5,3,prev_bar,select,83,1,46,0.1686746987951807,0.07228915662650602,0.0963855421686747,-0.5064258026484261,-0.4728102391778162,-0.2645671078960428,-0.2082431312817734,-1.122409974101384,0.0699,-0.7405407763545134,1.1130411701586618,5.333333333333333,5.884036526819991
15,-1,False,atr,6.0,swing0.1,5,3,reclaim,check,77,1,41,0.2857142857142857,0.14285714285714285,0.14285714285714285,0.05369996100149864,-0.05863970512138096,-0.41147693376056793,0.352837228639187,1.4171347423871141,0.067,-0.23931094559623328,0.7798758457738049,3.0,4.841938061391993
15,-1,False,atr,6.0,swing0.1,5,3,reclaim,select,97,1,45,0.12371134020618557,0.07216494845360824,0.05154639175257732,-0.6223340709268192,-0.7774721209486811,-0.3626767774105927,-0.4147953435380886,-2.3645348930171775,0.0281,-1.0483410989929547,0.8121538476259597,1.3333333333333333,5.446980448749605
15,-1,False,pct,0.03,swing0.1,2,0,prev_bar,check,88,1,75,0.375,0.3522727272727273,0.03409090909090909,-0.061784040393884354,-0.0995435973282353,-0.23982744105935463,0.14028384373111935,0.8953963043362153,0.4162,-0.219617969844857,1.0435844536424141,4.833333333333333,2.7009119810463167
15,-1,False,pct,0.03,swing0.1,2,0,prev_bar,select,110,1,97,0.35454545454545455,0.35454545454545455,0.0,-0.09920795160070868,-0.12420398526211053,-0.24319993432011233,0.11899594905800184,0.8608124269033431,0.3328,-0.23959555784768322,1.0902009800868349,4.208333333333333,2.7094600966078186
15,-1,False,pct,0.03,swing0.1,2,0,reclaim,check,84,1,73,0.40476190476190477,0.35714285714285715,0.09523809523809523,0.2447852549791705,-0.10628294231529692,-0.32151735234893186,0.21523441003363494,1.3659584762418826,0.2284,-0.223562818813977,0.8671055418824017,2.4166666666666665,2.796743956843173
15,-1,False,pct,0.03,swing0.1,2,0,reclaim,select,111,1,99,0.36936936936936937,0.32432432432432434,0.07207207207207207,-0.08138171903423215,-0.23509696771991995,-0.28857240293704667,0.05347543521712673,0.39807082552225037,0.5527,-0.30647180262586865,0.8326874473462389,2.0833333333333335,2.71968170589163
15,-1,False,pct,0.03,swing0.1,2,3,prev_bar,check,162,1,93,0.36419753086419754,0.3271604938271605,0.04938271604938271,-0.08475165926178366,-0.1325504385917852,-0.22616916914501717,0.09361873055323205,0.8187902350676745,0.3676,-0.20951377020081471,1.0457237774925734,5.5,3.3064851979958565
15,-1,False,pct,0.03,swing0.1,2,3,prev_bar,select,220,1,115,0.3181818181818182,0.31363636363636366,0.004545454545454545,-0.23718087120724535,-0.24936740291455511,-0.2297739731676059,-0.019593429746949248,-0.21079039192523297,0.8216,-0.30895480503985523,1.0719085071277383,3.8333333333333335,3.363562307434542
15,-1,False,pct,0.03,swing0.1,2,3,reclaim,check,149,1,85,0.3959731543624161,0.3288590604026846,0.10738255033557047,0.164932992457821,-0.1320393028936509,-0.25607376225296424,0.12403445935931334,1.0681070660785585,0.2811,-0.19727466432620291,0.9426806141799458,3.0833333333333335,2.8129455134310755
15,-1,False,pct,0.03,swing0.1,2,3,reclaim,select,173,1,118,0.3699421965317919,0.31213872832369943,0.09248554913294797,-0.14719022526410555,-0.17424409181681788,-0.2431618656370047,0.0689177738201868,0.6401401241322245,0.3571,-0.22916823608478848,1.232696854556045,4.583333333333333,2.754433965146341
15,-1,False,pct,0.03,swing0.1,3,0,prev_bar,check,87,1,75,0.3563218390804598,0.2988505747126437,0.06896551724137931,0.1548307432968193,0.12065517314465302,-0.18245071959574036,0.3031058927403934,1.4922138017510411,0.1895,-0.04821285522804497,1.0435628524046299,6.333333333333333,2.7073801517626395
15,-1,False,pct,0.03,swing0.1,3,0,prev_bar,select,108,1,96,0.28703703703703703,0.2222222222222222,0.06481481481481481,-0.20066017327612518,-0.16286866825506668,-0.3015235619204053,0.13865489366533862,0.8807013619623146,0.2753,-0.33074398791236725,1.0783769854727299,5.458333333333333,2.7246426283846548
15,-1,False,pct,0.03,swing0.1,3,0,reclaim,check,84,1,73,0.35714285714285715,0.25,0.15476190476190477,0.21784938250770572,-0.047941573807230596,-0.29958438529204895,0.2516428114848183,1.3124771788648106,0.2102,-0.16709926384925958,0.8671055418824017,3.2083333333333335,2.796743956843173
15,-1,False,pct,0.03,swing0.1,3,0,reclaim,select,111,1,99,0.3063063063063063,0.21621621621621623,0.11711711711711711,-0.08744610653930741,-0.22709481116119112,-0.31368458295488766,0.08658977179369655,0.5430772042696805,0.5715,-0.3440432088822006,0.8326874473462389,3.0833333333333335,2.71968170589163
15,-1,False,pct,0.03,swing0.1,3,3,prev_bar,check,156,1,90,0.32051282051282054,0.2564102564102564,0.07692307692307693,0.04426239221324056,-0.018385834823715568,-0.23441298563972787,0.21602715081601231,1.5026881841422617,0.1441,-0.10115592904484436,1.049245409880341,7.291666666666667,3.3609542479016263
15,-1,False,pct,0.03,swing0.1,3,3,prev_bar,select,218,1,115,0.25229357798165136,0.20642201834862386,0.045871559633027525,-0.29675364482089434,-0.2761327976337051,-0.20091777120909807,-0.07521502642460702,-0.6580454727447205,0.4773,-0.3669626321898962,1.0735144977931703,4.833333333333333,3.4169918543781597
15,-1,False,pct,0.03,swing0.1,3,3,reclaim,check,149,1,87,0.3221476510067114,0.20134228187919462,0.1610738255033557,0.05178516117035325,-0.1927092581135305,-0.2408371524607721,0.04812789434724154,0.3470681869911319,0.7384,-0.28005676617171527,0.9551706455748101,5.333333333333333,2.8129455134310755
15,-1,False,pct,0.03,swing0.1,3,3,reclaim,select,173,1,117,0.3063583815028902,0.19653179190751446,0.14450867052023122,-0.1039878176272811,-0.17710474439274995,-0.32029648506325725,0.14319174067050736,1.1562216790444941,0.1097,-0.2759104538352845,1.2488140780412902,6.166666666666667,2.74991768850803
15,-1,False,pct,0.03,swing0.1,5,0,prev_bar,check,86,1,75,0.2558139534883721,0.11627906976744186,0.1744186046511628,-0.26245423624990527,-0.11317864251387717,-0.1880926031937488,0.07491396067987165,0.3253559668114876,0.7842,-0.3637748294679607,1.0485273112549054,9.75,2.7557197318839655
15,-1,False,pct,0.03,swing0.1,5,0,prev_bar,select,108,1,96,0.23148148148148148,0.10185185185185185,0.12962962962962962,-0.2391401278287498,-0.2402260536441238,-0.21679621686727846,-0.023429836776845375,-0.12101457331732135,0.8942,-0.45841946243452986,1.0783769854727299,6.041666666666667,2.7246426283846548
15,-1,False,pct,0.03,swing0.1,5,0,reclaim,check,83,1,73,0.27710843373493976,0.13253012048192772,0.20481927710843373,0.09725469739113102,-0.10715238238819602,-0.29725851481799187,0.19010613242979585,0.7916976960221817,0.5419,-0.30460999160930885,0.878633315207527,4.0,2.798488382812536
15,-1,False,pct,0.03,swing0.1,5,0,reclaim,select,111,1,99,0.27927927927927926,0.14414414414414414,0.16216216216216217,0.03629328329876023,-0.047996442764759936,-0.40805243937712415,0.3600559966123642,1.7130819073523282,0.1114,-0.20478418828334796,0.8326874473462389,3.8333333333333335,2.71968170589163
15,-1,False,pct,0.03,swing0.1,5,3,prev_bar,check,151,1,89,0.25165562913907286,0.11920529801324503,0.152317880794702,-0.12764465210699164,-0.09158048079167477,-0.20631374676565573,0.11473326597398086,0.6347597487068529,0.6291,-0.210688826597255,1.048739762926509,10.666666666666666,3.386776157980642
15,-1,False,pct,0.03,swing0.1,5,3,prev_bar,select,220,1,117,0.2,0.10909090909090909,0.09090909090909091,-0.3018292642945247,-0.2969606842038152,-0.22537192379979049,-0.07158876040402466,-0.5341614586124009,0.6151,-0.39998902055862423,1.0735144977931703,5.416666666666667,3.476940741272838
15,-1,False,pct,0.03,swing0.1,5,3,reclaim,check,146,1,86,0.273972602739726,0.08904109589041095,0.2328767123287671,-0.018108898331123977,-0.2456189240896932,-0.2880019975860733,0.042383073496380194,0.27144513289163197,0.8148,-0.3521136089073506,0.9800077881464965,7.666666666666667,2.814869786771801
15,-1,False,pct,0.03,swing0.1,5,3,reclaim,select,173,1,117,0.2774566473988439,0.09826589595375723,0.21965317919075145,-0.1001955852714091,-0.10176413788186596,-0.22715245728857095,0.125388319406705,0.8350928744453244,0.2602,-0.22288550175865876,1.2546251535907114,9.75,2.747062929147548
15,-1,False,pct,0.04,swing0.1,2,0,prev_bar,check,54,1,50,0.2962962962962963,0.24074074074074073,0.09259259259259259,-0.3618291821138872,-0.3247070512376085,-0.04258027467230358,-0.282126776565305,-1.5159742094516975,0.078,-0.5503884177858385,1.2971227356856907,6.958333333333333,3.587517142591723
15,-1,False,pct,0.04,swing0.1,2,0,prev_bar,select,70,1,65,0.34285714285714286,0.34285714285714286,0.0,-0.09356761187006166,-0.15256414679393968,-0.24435679312759767,0.09179264633365791,0.5429378677437748,0.656,-0.298428519798344,1.0799355657819003,4.0,3.6082632659015013
15,-1,False,pct,0.04,swing0.1,2,0,reclaim,check,53,1,49,0.33962264150943394,0.22641509433962265,0.1509433962264151,-0.3250339026041783,-0.3717390122464914,-0.25829110407466166,-0.11344790817182986,-0.6278607777464664,0.3348,-0.5265893872349413,1.1574423179453075,4.916666666666667,3.730253075602352
15,-1,False,pct,0.04,swing0.1,2,0,reclaim,select,70,1,67,0.3,0.2571428571428571,0.05714285714285714,-0.2493908804147685,-0.41964519404423856,-0.3046676744145673,-0.11497751962967112,-0.7103370927748079,0.4806,-0.6006561679740089,0.9582844503351012,2.8333333333333335,3.683550316167028
15,-1,False,pct,0.04,swing0.1,2,3,prev_bar,check,104,1,65,0.34615384615384615,0.2980769230769231,0.0673076923076923,-0.14872282044874083,-0.1840947600286813,-0.1435848548397418,-0.040509905188939474,-0.295973047154755,0.8481,-0.28050133856375586,1.177643465900412,6.041666666666667,4.293423978366729
15,-1,False,pct,0.04,swing0.1,2,3,prev_bar,select,152,1,80,0.29605263157894735,0.29605263157894735,0.0,-0.2996931189190516,-0.3040769455878381,-0.2425307742707766,-0.06154617131706147,-0.5474151693693283,0.5922,-0.3742440460333536,1.084636884346137,3.5,4.597000028391507
15,-1,False,pct,0.04,swing0.1,2,3,reclaim,check,99,1,62,0.36363636363636365,0.25252525252525254,0.13131313131313133,-0.013412429504724793,-0.28789911391630923,-0.27809803454592313,-0.009801079370386158,-0.07034506132930987,0.957,-0.38710393455432485,1.1234945017511229,5.666666666666667,3.790192415365179
15,-1,False,pct,0.04,swing0.1,2,3,reclaim,select,138,1,84,0.34057971014492755,0.26811594202898553,0.08695652173913043,-0.11928389549110249,-0.30623503198065644,-0.30983395798295155,0.003598926002295123,0.030938923824524605,0.9693,-0.38380262210877025,1.0726934915875512,3.7916666666666665,3.714916897398035
15,-1,False,pct,0.04,swing0.1,3,0,prev_bar,check,54,1,50,0.2777777777777778,0.16666666666666666,0.14814814814814814,-0.30233565471995216,-0.2193399969762153,-0.15268980847625077,-0.06665018849996453,-0.2746373373256784,0.7896,-0.5191656898359627,1.2971227356856907,9.041666666666666,3.587517142591723
15,-1,False,pct,0.04,swing0.1,3,0,prev_bar,select,68,1,64,0.2647058823529412,0.22058823529411764,0.04411764705882353,-0.2977782773840773,-0.20596722792699823,-0.22826560502162055,0.0222983770946223,0.10982729894912983,0.9035,-0.4341717307740427,1.0799355657819003,4.25,3.6865466613092757
15,-1,False,pct,0.04,swing0.1,3,0,reclaim,check,53,1,49,0.3018867924528302,0.18867924528301888,0.16981132075471697,-0.273826291944688,-0.28769002857126685,-0.30458493777111667,0.01689490919984977,0.07732848135888028,0.9238,-0.512578895197912,1.1574423179453075,5.333333333333333,3.730253075602352
15,-1,False,pct,0.04,swing0.1,3,0,reclaim,select,68,1,66,0.22058823529411764,0.14705882352941177,0.08823529411764706,-0.4403711972443612,-0.5483200584143342,-0.30859211515016566,-0.23972794326416857,-1.26295337431721,0.167,-0.7909209618641099,0.9582844503351012,3.3333333333333335,3.683550316167028
15,-1,False,pct,0.04,swing0.1,3,3,prev_bar,check,105,1,65,0.3238095238095238,0.24761904761904763,0.09523809523809523,0.03409268411194233,-0.005755563253008276,-0.16753696266489557,0.16178139941188738,0.931015072359648,0.3872,-0.14070312664522386,1.1743248549365002,7.583333333333333,4.341470786631407
15,-1,False,pct,0.04,swing0.1,3,3,prev_bar,select,154,1,81,0.23376623376623376,0.2012987012987013,0.032467532467532464,-0.37340993961629637,-0.31808950670399905,-0.27685263455942183,-0.041236872144577136,-0.3049957104806108,0.7318,-0.4184454354949663,1.0868125021326445,4.25,4.648530599078738
15,-1,False,pct,0.04,swing0.1,3,3,reclaim,check,99,1,62,0.35353535353535354,0.2222222222222222,0.16161616161616163,0.18652195184784107,-0.09140948368570266,-0.2728954230286645,0.18148593934296184,1.040293048757007,0.3172,-0.20000074666556958,1.1234945017511229,5.916666666666667,3.790192415365179
15,-1,False,pct,0.04,swing0.1,3,3,reclaim,select,141,1,84,0.2765957446808511,0.1773049645390071,0.11347517730496454,-0.1518432794988376,-0.3576683602985785,-0.317709960605007,-0.03995839969357151,-0.308395212554883,0.6605,-0.4552869682814542,1.0392924168147126,4.166666666666667,3.7143484810927108
15,-1,False,pct,0.04,swing0.1,5,0,prev_bar,check,54,1,50,0.24074074074074073,0.1111111111111111,0.16666666666666666,-0.4067583125654002,-0.13669391864399577,-0.14141947179399728,0.0047255531500015,0.016389757961774436,0.9848,-0.5513078696229894,1.3227741554497412,10.041666666666666,3.587517142591723
15,-1,False,pct,0.04,swing0.1,5,0,prev_bar,select,68,1,64,0.20588235294117646,0.10294117647058823,0.10294117647058823,-0.38964813493280914,-0.29220744627852924,-0.2158765936331827,-0.07633085264534657,-0.30412816628623923,0.6949,-0.6516155007703268,1.0799355657819003,4.291666666666667,3.6865466613092757
15,-1,False,pct,0.04,swing0.1,5,0,reclaim,check,53,1,49,0.24528301886792453,0.11320754716981132,0.18867924528301888,-0.2819158926519047,-0.29045817568580845,-0.2832351478943137,-0.007223027791494827,-0.026237613136397445,0.9663,-0.7345791487371708,1.1574423179453075,6.666666666666667,3.730253075602352
15,-1,False,pct,0.04,swing0.1,5,0,reclaim,select,68,1,66,0.20588235294117646,0.07352941176470588,0.14705882352941177,-0.3596182293778402,-0.46164090286655274,-0.17176698825493913,-0.28987391461161366,-1.2982537025121605,0.069,-0.734449713199614,0.9582844503351012,3.3333333333333335,3.683550316167028
15,-1,False,pct,0.04,swing0.1,5,3,prev_bar,check,103,1,64,0.2815533980582524,0.1553398058252427,0.14563106796116504,0.043791957932527326,0.12587563301424506,-0.15471262820565476,0.2805882612198999,1.2550004484349433,0.1215,-0.03577849559240515,1.1743248549365002,9.416666666666666,4.341470786631407
15,-1,False,pct,0.04,swing0.1,5,3,prev_bar,select,155,1,82,0.2,0.10967741935483871,0.09032258064516129,-0.3210259280362519,-0.2818272218947243,-0.20869197987620253,-0.07313524201852176,-0.4494586195221378,0.5572,-0.42265241540259313,1.0886482442012217,5.083333333333333,4.67106466769891
15,-1,False,pct,0.04,swing0.1,5,3,reclaim,check,101,1,63,0.3069306930693069,0.10891089108910891,0.22772277227722773,0.16996811900237646,-0.095554043497311,-0.30475052443426753,0.2091964809369565,1.0034663838569986,0.3559,-0.22000291886110393,1.1234945017511229,7.583333333333333,3.790192415365179
15,-1,False,pct,0.04,swing0.1,5,3,reclaim,select,141,1,84,0.2624113475177305,0.09219858156028368,0.18439716312056736,-0.012030790556691475,-0.22786135238877137,-0.264259582370235,0.03639822998146359,0.2101611834649256,0.751,-0.37415180232121886,1.0392924168147126,4.75,3.7143484810927108
15,-1,False,pct,0.05,swing0.1,2,0,prev_bar,check,29,1,29,0.3448275862068966,0.27586206896551724,0.06896551724137931,-0.034808694246322415,-0.21407709347862663,-0.21755785716876974,0.0034807636901430287,0.012405224883757891,0.9929,-0.6514282028946984,1.3149008379888145,6.833333333333333,5.008353204370297
15,-1,False,pct,0.05,swing0.1,2,0,prev_bar,select,49,1,49,0.3469387755102041,0.32653061224489793,0.02040816326530612,0.03138419243727122,-0.17083191039442852,-0.2507689210849725,0.07993701069054399,0.4102118857011679,0.708,-0.40831676729181543,1.1791626187215336,3.8333333333333335,4.6792261500505195
15,-1,False,pct,0.05,swing0.1,2,0,reclaim,check,30,1,30,0.36666666666666664,0.26666666666666666,0.13333333333333333,-0.18529584218902928,-0.282375408938192,-0.331383600989229,0.04900819205103691,0.18613909459837963,0.8741,-0.5653342732079488,0.7835075460627915,1.7916666666666667,4.634332457516555
15,-1,False,pct,0.05,swing0.1,2,0,reclaim,select,50,1,50,0.3,0.3,0.0,-0.03958682005018517,-0.40206621299020967,-0.3535641749040694,-0.048502038086140224,-0.24471386863318073,0.7494,-0.658035216407716,0.966438243661116,1.0,4.680542151218492
15,-1,False,pct,0.05,swing0.1,2,3,prev_bar,check,66,1,40,0.36363636363636365,0.30303030303030304,0.06060606060606061,-0.009812688647132663,-0.14334045103231335,-0.2200288631733202,0.0766884121410069,0.46164464632771085,0.639,-0.29678772289876826,1.2655933405289157,6.041666666666667,5.37456545344136
15,-1,False,pct,0.05,swing0.1,2,3,prev_bar,select,111,1,63,0.3153153153153153,0.3063063063063063,0.009009009009009009,-0.24360839892404118,-0.25471878126290814,-0.23050928976780846,-0.02420949149509968,-0.1824136605091267,0.8408,-0.3572543289782612,1.1209789458992232,3.5,5.215854122847574
15,-1,False,pct,0.05,swing0.1,2,3,reclaim,check,57,1,43,0.43859649122807015,0.2982456140350877,0.15789473684210525,0.2796310631934815,-0.011870527849179186,-0.2726843626352572,0.260813834786078,1.3331993670885802,0.0762,-0.17388032561755415,1.2650323942196111,6.333333333333333,4.660255132873337
15,-1,False,pct,0.05,swing0.1,2,3,reclaim,select,118,1,72,0.2711864406779661,0.2457627118644068,0.05084745762711865,-0.3302793739771961,-0.461576270243682,-0.31416608903585297,-0.14741018120782903,-1.2360842375146148,0.2535,-0.5558576878358052,1.1679461023327304,2.1666666666666665,4.761785286816334
15,-1,False,pct,0.05,swing0.1,3,0,prev_bar,check,29,1,29,0.3448275862068966,0.1724137931034483,0.1724137931034483,0.1034758342573238,-0.0817272307077824,-0.2076024279597512,0.12587519725196883,0.3912931106048718,0.7655,-0.5929393333909402,1.3149008379888145,13.916666666666666,5.008353204370297
15,-1,False,pct,0.05,swing0.1,3,0,prev_bar,select,49,1,49,0.2857142857142857,0.20408163265306123,0.08163265306122448,-0.19180527131897993,-0.2031833200656666,-0.2584782651617526,0.05529494509608599,0.22954688272486523,0.7361,-0.5297343468298823,1.1791626187215336,6.166666666666667,4.6792261500505195
15,-1,False,pct,0.05,swing0.1,3,0,reclaim,check,30,1,30,0.3333333333333333,0.2,0.16666666666666666,-0.13469911823597608,-0.19130598008048985,-0.31521333038829125,0.12390735030780146,0.3765213647065013,0.7776,-0.5739021344544385,0.7835075460627915,1.7916666666666667,4.634332457516555
15,-1,False,pct,0.05,swing0.1,3,0,reclaim,select,50,1,50,0.26,0.22,0.04,-0.06764694700161139,-0.3277734608864502,-0.2924533710716617,-0.035320089814788375,-0.1503432530956228,0.8602,-0.6132969631945179,0.966438243661116,1.375,4.680542151218492
15,-1,False,pct,0.05,swing0.1,3,3,prev_bar,check,68,1,41,0.3382352941176471,0.23529411764705882,0.10294117647058823,0.18694205966166313,-0.0003362788025268198,-0.24223583880503236,0.24189956000250554,1.1273439619482604,0.232,-0.21437976540394268,1.2531293117697486,7.916666666666667,5.37456545344136
15,-1,False,pct,0.05,swing0.1,3,3,prev_bar,select,114,1,64,0.24561403508771928,0.21052631578947367,0.03508771929824561,-0.3474500006046803,-0.2758620050913719,-0.2529597388333749,-0.02290226625799692,-0.14724115204308813,0.8505,-0.41128162899183524,1.1281207301020446,5.083333333333333,5.214402293960063
15,-1,False,pct,0.05,swing0.1,3,3,reclaim,check,57,1,43,0.3684210526315789,0.19298245614035087,0.19298245614035087,0.28552566026764026,-0.03540988826428721,-0.1301791903468628,0.09476930208257565,0.41687256434072234,0.6712,-0.23672488589195678,1.2650323942196111,8.083333333333334,4.660255132873337
15,-1,False,pct,0.05,swing0.1,3,3,reclaim,select,121,1,73,0.2231404958677686,0.17355371900826447,0.0743801652892562,-0.3755730892467354,-0.44822433236139236,-0.3240374397078606,-0.12418689265353179,-0.8603120741744047,0.3677,-0.5399907183803722,1.1534486099723975,2.8333333333333335,4.781996148208867
15,-1,False,pct,0.05,swing0.1,5,0,prev_bar,check,29,1,29,0.27586206896551724,0.06896551724137931,0.20689655172413793,-0.2853425526368439,-0.24173360758063767,-0.021087200850216453,-0.22064640673042116,-0.6009978659898124,0.5601,-0.9121853406835964,1.3296957284961908,14.583333333333334,5.008353204370297
15,-1,False,pct,0.05,swing0.1,5,0,prev_bar,select,49,1,49,0.22448979591836735,0.08163265306122448,0.14285714285714285,-0.2958238490233964,-0.3278422018144063,-0.13946220021848169,-0.18838000159592463,-0.6711546529825262,0.3313,-0.758218736350744,1.1791626187215336,6.75,4.6792261500505195
15,-1,False,pct,0.05,swing0.1,5,0,reclaim,check,30,1,30,0.26666666666666666,0.1,0.2,-0.13429509594378303,-0.28284273460741477,-0.30786767825116,0.02502494364374517,0.0597188428663645,0.9703,-0.8598527194759494,0.7835075460627915,3.7083333333333335,4.634332457516555
15,-1,False,pct,0.05,swing0.1,5,0,reclaim,select,50,1,50,0.2,0.1,0.1,-0.27502044247199886,-0.47042193787348574,-0.38497893879262723,-0.08544299908085852,-0.3268319165160885,0.6599,-0.9002570271265392,0.966438243661116,1.6666666666666667,4.680542151218492
15,-1,False,pct,0.05,swing0.1,5,3,prev_bar,check,66,1,40,0.30303030303030304,0.15151515151515152,0.15151515151515152,0.2759318231379078,0.1722081715729321,-0.21336060236319565,0.38556877393612776,1.3062580970072861,0.0956,-0.11080857575188093,1.2531293117697486,8.833333333333334,5.463856071910101
15,-1,False,pct,0.05,swing0.1,5,3,prev_bar,select,116,1,65,0.20689655172413793,0.09482758620689655,0.11206896551724138,-0.33872410422348254,-0.29102511209074794,-0.30253598450935565,0.011510872418607647,0.06379876188632691,0.9541,-0.4903109791245915,1.139859773358199,5.416666666666667,5.229843707065751
15,-1,False,pct,0.05,swing0.1,5,3,reclaim,check,61,1,45,0.3442622950819672,0.04918032786885246,0.3114754098360656,0.33713860841767496,-0.062146759723696335,-0.1517413752467644,0.08959461552306804,0.38768992260943025,0.7805,-0.2416896073552159,1.2650323942196111,9.916666666666666,4.67008285635282
15,-1,False,pct,0.05,swing0.1,5,3,reclaim,select,125,1,73,0.176,0.08,0.12,-0.42204055510491534,-0.5328751610108288,-0.36852358231480414,-0.16435157869602457,-0.9987211491968224,0.311,-0.6996390929364898,1.1019144336175257,3.3333333333333335,4.7828453069232335
15,-1,False,pct,0.06,swing0.1,2,0,prev_bar,check,24,1,24,0.375,0.2916666666666667,0.08333333333333333,0.04793177486773494,-0.130546177990531,-0.20393766425911175,0.07339148626858072,0.24756522151655863,0.8089,-0.6589913372141315,1.4699669344444872,9.708333333333334,5.646955338517035
15,-1,False,pct,0.06,swing0.1,2,0,prev_bar,select,35,1,35,0.2571428571428571,0.2571428571428571,0.0,-0.4477365396022132,-0.39365489667275916,-0.23000488705825256,-0.16365000961450663,-0.7129351317943136,0.6421,-0.771253945130541,1.2229777405517877,4.583333333333333,5.410639071481382
15,-1,False,pct,0.06,swing0.1,2,0,reclaim,check,24,1,24,0.3333333333333333,0.2916666666666667,0.08333333333333333,0.06576328822724223,-0.2691089288729008,-0.2218653976718233,-0.04724353120107749,-0.1717398270857268,0.8855,-0.7722054843333873,1.3893856525903303,3.625,5.716733148868092
15,-1,False,pct,0.06,swing0.1,2,0,reclaim,select,35,1,35,0.4,0.37142857142857144,0.02857142857142857,-0.0080929962129757,-0.12132192920832639,-0.3163417151184846,0.19501978591015812,0.7764421396212864,0.7395,-0.4236385171333422,0.9585870473330935,3.8333333333333335,5.714718518446893
15,-1,False,pct,0.06,swing0.1,2,3,prev_bar,check,50,1,31,0.42,0.34,0.08,0.16923677747752297,0.01869726856965226,-0.1905473301564648,0.209244598726117,1.042543835792462,0.2886,-0.1677789076487889,1.3303223049341524,5.75,5.8255748251389905
15,-1,False,pct,0.06,swing0.1,2,3,prev_bar,select,87,1,45,0.25287356321839083,0.25287356321839083,0.0,-0.5689481664764531,-0.41597889903183144,-0.24480868166431347,-0.17117021736751806,-1.2098363320347525,0.2532,-0.55588710698411,1.181145139529144,3.5833333333333335,5.962991111992877
15,-1,False,pct,0.06,swing0.1,2,3,reclaim,check,48,1,32,0.4375,0.375,0.08333333333333333,0.2968421419879389,0.04596685294454161,-0.2364659686504789,0.2824328215950205,1.3351144597494475,0.1994,-0.17315166420857236,1.3403089022892456,4.0,5.7399875028923075
15,-1,False,pct,0.06,swing0.1,2,3,reclaim,select,74,1,46,0.2972972972972973,0.2702702702702703,0.04054054054054054,-0.5668049936051754,-0.3699255351732168,-0.2967932008866651,-0.07313233428655166,-0.4528670699056971,0.7743,-0.49820233125631574,1.1648527537875613,3.5833333333333335,5.747022045506389
15,-1,False,pct,0.06,swing0.1,3,0,prev_bar,check,24,1,24,0.375,0.20833333333333334,0.16666666666666666,0.29876759271113323,0.05562460337704783,-0.044307515594849765,0.09993211897189754,0.26411272729851565,0.7949,-0.6368343060670709,1.4699669344444872,14.25,5.646955338517035
15,-1,False,pct,0.06,swing0.1,3,0,prev_bar,select,35,1,35,0.2,0.17142857142857143,0.02857142857142857,-0.6056364027087183,-0.39415890492493444,-0.26074349953893183,-0.13341540538600258,-0.5072148088682163,0.6747,-0.8994646385369554,1.2229777405517877,5.083333333333333,5.410639071481382
15,-1,False,pct,0.06,swing0.1,3,0,reclaim,check,24,1,24,0.25,0.041666666666666664,0.25,-0.0836904338089616,-0.48502525307842675,-0.30578755328740737,-0.17923769979101947,-0.6206107261567759,0.5764,-1.035363379070229,1.3893856525903303,3.625,5.716733148868092
15,-1,False,pct,0.06,swing0.1,3,0,reclaim,select,35,1,35,0.37142857142857144,0.2857142857142857,0.08571428571428572,-0.002217154238203348,0.053944391189594765,-0.36271636587185646,0.41666075706145117,1.328297347103302,0.5745,-0.2569718504666751,0.9585870473330935,4.583333333333333,5.714718518446893
15,-1,False,pct,0.06,swing0.1,3,3,prev_bar,check,51,1,31,0.37254901960784315,0.2549019607843137,0.11764705882352941,0.34061695816710785,0.12026654313557152,-0.2474209963753304,0.367687539510902,1.4933176435299063,0.0702,-0.13930536938610283,1.271640177681673,7.583333333333333,5.842605979974613
15,-1,False,pct,0.06,swing0.1,3,3,prev_bar,select,87,1,45,0.20689655172413793,0.19540229885057472,0.011494252873563218,-0.5636089069066857,-0.35871039660454557,-0.2329341185803202,-0.12577627802422528,-0.7514909835269998,0.3402,-0.542573464264094,1.181145139529144,4.583333333333333,5.962991111992877
15,-1,False,pct,0.06,swing0.1,3,3,reclaim,check,56,1,33,0.3392857142857143,0.17857142857142858,0.17857142857142858,0.22581972837335795,-0.09972350581699772,-0.23458272638200064,0.13485922056500288,0.5981963724720494,0.2742,-0.3064537802355767,1.1511732476189724,4.916666666666667,5.7399875028923075
15,-1,False,pct,0.06,swing0.1,3,3,reclaim,select,78,1,47,0.24358974358974358,0.19230769230769232,0.0641025641025641,-0.5857887009350935,-0.3591633963600457,-0.38022972296352786,0.021066326603482215,0.1185055028326438,0.9665,-0.4951713201753084,1.10576383543512,3.8333333333333335,5.738730120177671
15,-1,False,pct,0.06,swing0.1,5,0,prev_bar,check,24,1,24,0.3333333333333333,0.125,0.20833333333333334,0.26220919246110563,0.10787032688505864,-0.11079926975399883,0.21866959663905738,0.4876299221609472,0.5799,-0.8417757677502592,1.4699669344444872,15.833333333333334,5.646955338517035
15,-1,False,pct,0.06,swing0.1,5,0,prev_bar,select,35,1,35,0.17142857142857143,0.11428571428571428,0.05714285714285714,-0.510887717228603,-0.31702825265436435,-0.3184472861069007,0.0014190334525364192,0.004115709411649021,0.9989,-1.0750586227355199,1.2229777405517877,5.083333333333333,5.410639071481382
15,-1,False,pct,0.06,swing0.1,5,0,reclaim,check,24,1,24,0.25,0.041666666666666664,0.25,-0.06473433660759698,-0.40169191974509383,-0.09381781338524357,-0.3078741063598503,-0.8865829142989285,0.5111,-0.9301002211754926,1.3893856525903303,3.625,5.716733148868092
15,-1,False,pct,0.06,swing0.1,5,0,reclaim,select,35,1,35,0.22857142857142856,0.14285714285714285,0.08571428571428572,-0.3201403028409785,-0.2317698945246902,-0.3059956600956821,0.07422576557099186,0.19708694646211566,0.921,-0.7178128594501078,0.9585870473330935,5.333333333333333,5.714718518446893
15,-1,False,pct,0.06,swing0.1,5,3,prev_bar,check,51,1,31,0.35294117647058826,0.1568627450980392,0.19607843137254902,0.5171547910137175,0.3451675267154215,-0.21146535196594324,0.5566328786813646,1.6610631153262698,0.0371,-0.01249144249815423,1.271640177681673,12.166666666666666,5.842605979974613
15,-1,False,pct,0.06,swing0.1,5,3,prev_bar,select,89,1,46,0.1797752808988764,0.11235955056179775,0.06741573033707865,-0.45888911804926635,-0.27799712692510875,-0.2643381385979557,-0.013658988327153024,-0.06577975203579269,0.9431,-0.5343656934633874,1.1811954660360335,5.083333333333333,6.089251557104336
15,-1,False,pct,0.06,swing0.1,5,3,reclaim,check,56,1,33,0.32142857142857145,0.14285714285714285,0.19642857142857142,0.36420658056016786,0.10367328198177818,-0.24304446833276203,0.34671775031454033,1.1689087376987797,0.056,-0.15621459585394784,1.1511732476189724,5.375,5.7399875028923075
15,-1,False,pct,0.06,swing0.1,5,3,reclaim,select,83,1,49,0.1686746987951807,0.10843373493975904,0.07228915662650602,-0.6634545968203239,-0.43644450277041835,-0.32803654095925083,-0.1084079618111677,-0.5035438872677606,0.6901,-0.6549949582534809,1.0877898714995526,4.583333333333333,5.736647487585467
15,-1,False,pct,0.08,swing0.1,2,0,prev_bar,check,11,1,10,0.2727272727272727,0.18181818181818182,0.09090909090909091,-0.8219319572742427,-0.41324994063252807,-0.30417391108887465,-0.10907602954365335,-0.25946609131917175,0.8738,-1.1009683831663808,1.4820489260143088,5.666666666666667,7.011345461513585
15,-1,False,pct,0.08,swing0.1,2,0,prev_bar,select,17,1,17,0.23529411764705882,0.23529411764705882,0.0,-0.7054109151320314,-0.43833898114868264,-0.2355531976982197,-0.2027857834504629,-0.6394173536000836,0.4948,-1.1304790928894424,1.471232876712325,3.5833333333333335,7.548462394288258
15,-1,False,pct,0.08,swing0.1,2,0,reclaim,check,11,1,10,0.2727272727272727,0.18181818181818182,0.09090909090909091,-0.7232971690092324,-0.6737224832911142,-0.25275252796006753,-0.4209699553310466,-1.266702199993025,0.4118,-1.1629556304485722,0.8044808318008146,2.25,7.590860792326226
15,-1,False,pct,0.08,swing0.1,2,0,reclaim,select,17,1,17,0.29411764705882354,0.29411764705882354,0.0,-0.1861858377348835,-0.40424875718789194,-0.3367275407815179,-0.06752121640637405,-0.18259188483100047,0.8425,-1.269242347122226,1.2070691974293672,1.3333333333333333,7.725248902692128
15,-1,False,pct,0.08,swing0.1,2,3,prev_bar,check,22,1,13,0.36363636363636365,0.3181818181818182,0.045454545454545456,-0.22807250920395108,-0.09391990089477188,-0.06293900940161691,-0.030980891493154982,-0.10066622915713293,0.9202,-0.7078140678974776,1.36422306932184,5.75,7.8376531443592246
15,-1,False,pct,0.08,swing0.1,2,3,prev_bar,select,44,1,24,0.25,0.25,0.0,-0.5652483111372175,-0.4133002967268728,-0.2820985422395766,-0.13120175448729607,-0.6992442005220373,0.4518,-0.7011493707680421,1.215900008738963,2.75,8.044788931224613
15,-1,False,pct,0.08,swing0.1,2,3,reclaim,check,25,1,12,0.28,0.2,0.08,-0.28194730122421463,-0.5226245566505545,-0.22417158107431817,-0.2984529755762364,-1.134658280295303,0.3757,-1.0514787408287551,1.0566392704038394,2.0,7.568571730428597
15,-1,False,pct,0.08,swing0.1,2,3,reclaim,select,43,1,22,0.27906976744186046,0.23255813953488372,0.046511627906976744,-0.6140582869073522,-0.5018790016395903,-0.3557393831775762,-0.14613961846201398,-0.7602788579896043,0.3401,-0.7811381410904655,1.2070691974293672,1.6666666666666667,7.669699944823383
15,-1,False,pct,0.08,swing0.1,3,0,prev_bar,check,11,1,10,0.18181818181818182,0.09090909090909091,0.09090909090909091,-1.1168551239066107,-0.5950681224507094,-0.0030113427267492647,-0.5920567797239602,-1.4272788734749442,0.1752,-1.1009683831663808,1.4820489260143088,5.666666666666667,7.011345461513585
15,-1,False,pct,0.08,swing0.1,3,0,prev_bar,select,17,1,17,0.17647058823529413,0.11764705882352941,0.058823529411764705,-0.7732966582534986,-0.4982001746090438,-0.39369146010091655,-0.10450871450812725,-0.2939972596077692,0.7616,-1.1304790928894424,1.471232876712325,3.5833333333333335,7.548462394288258
15,-1,False,pct,0.08,swing0.1,3,0,reclaim,check,11,1,10,0.18181818181818182,0.09090909090909091,0.09090909090909091,-1.0503099309153456,-0.8555406651092997,-0.32864293185953525,-0.5268977332497644,-1.675898945405776,0.1247,-0.5959958719857422,0.8044808318008146,2.25,7.590860792326226
15,-1,False,pct,0.08,swing0.1,3,0,reclaim,select,17,1,17,0.23529411764705882,0.23529411764705882,0.0,0.14068887854949325,-0.3454252277761267,-0.3868337330814828,0.041408505305356155,0.10540002293684433,0.9209,-1.2351249272055311,1.2070691974293672,1.3333333333333333,7.725248902692128
15,-1,False,pct,0.08,swing0.1,3,3,prev_bar,check,22,1,13,0.3181818181818182,0.2727272727272727,0.045454545454545456,-0.00897288457056731,0.04244373546886484,-0.09571581708011662,0.1381595525489814,0.36596551138075234,0.482,-0.5645477017053564,1.36422306932184,6.458333333333333,7.8376531443592246
15,-1,False,pct,0.08,swing0.1,3,3,prev_bar,select,48,1,24,0.16666666666666666,0.125,0.041666666666666664,-0.6914759032562191,-0.5632012425576072,-0.24457082141523623,-0.3186304211423709,-1.655953190123119,0.1344,-0.9276755621165891,1.1912104077209675,2.625,8.044788931224613
15,-1,False,pct,0.08,swing0.1,3,3,reclaim,check,25,1,12,0.24,0.16,0.08,-0.2544692270489337,-0.4826245566505564,-0.24280584042788222,-0.2398187162226742,-0.8342893401606085,0.4534,-1.0228754830822244,1.0566392704038394,2.0,7.568571730428597
15,-1,False,pct,0.08,swing0.1,3,3,reclaim,select,47,1,24,0.2127659574468085,0.1702127659574468,0.0425531914893617,-0.4235821877135562,-0.5226573381572053,-0.4075883744892268,-0.11506896366797847,-0.5374203598481921,0.7776,-0.9062037094478723,1.2070691974293672,1.8333333333333333,7.667881451229364
15,-1,False,pct,0.08,swing0.1,5,0,prev_bar,check,11,1,10,0.18181818181818182,0.09090909090909091,0.09090909090909091,-0.9576655909370251,-0.413249940632528,-0.1194402806307928,-0.29380966000173525,-0.477573372780046,0.6322,-1.1009683831663808,1.4820489260143088,5.833333333333333,7.011345461513585
15,-1,False,pct,0.08,swing0.1,5,0,prev_bar,select,17,1,17,0.11764705882352941,0.058823529411764705,0.058823529411764705,-0.8950255986195536,-0.6158472334325733,-0.4501895327527099,-0.16565770067986346,-0.4012968865120586,0.7543,-1.1304790928894424,1.471232876712325,4.25,7.548462394288258
15,-1,False,pct,0.08,swing0.1,5,0,reclaim,check,11,1,10,0.18181818181818182,0.09090909090909091,0.09090909090909091,-1.0116513709359913,-0.6737224832911157,-0.5410094299196424,-0.13271305337147324,-0.22380891699100738,0.9246,-1.1629556304485722,0.8044808318008146,2.75,7.590860792326226
15,-1,False,pct,0.08,swing0.1,5,0,reclaim,select,17,1,17,0.17647058823529413,0.058823529411764705,0.11764705882352941,-0.09708260228256493,-0.4908664489502173,-0.45325893113039095,-0.03760751781982631,-0.09054501040400391,0.927,-1.2143615545841302,1.2070691974293672,2.25,7.725248902692128
15,-1,False,pct,0.08,swing0.1,5,3,prev_bar,check,22,1,13,0.3181818181818182,0.18181818181818182,0.13636363636363635,0.49217950615644873,0.42131881916257,0.05624259082848935,0.3650762283340805,0.6645690969199586,0.2257,-0.41507068343839065,1.36422306932184,7.375,7.8376531443592246
15,-1,False,pct,0.08,swing0.1,5,3,prev_bar,select,50,1,25,0.1,0.06,0.04,-0.7944426742978582,-0.7071989305985474,-0.47234369396522036,-0.23485523663332716,-1.1834563825015112,0.4345,-1.1704389260611192,1.1933836714103605,3.5833333333333335,8.004077219659646
15,-1,False,pct,0.08,swing0.1,5,3,reclaim,check,25,1,12,0.24,0.08,0.16,-0.1654081336332926,-0.3602015573833362,-0.2825507452518687,-0.0776508121314675,-0.21674145946182358,0.8184,-0.8895421497488895,1.0566392704038394,2.75,7.568571730428597
15,-1,False,pct,0.08,swing0.1,5,3,reclaim,select,52,1,25,0.1346153846153846,0.038461538461538464,0.09615384615384616,-0.7200601568054035,-0.7687767333183191,-0.5864038025949434,-0.1823729307233757,-0.8982496381750285,0.4345,-1.2020586806401823,1.160916037391572,2.3333333333333335,7.641856438144979
15,-1,False,pctl,0.003,swing0.1,2,0,prev_bar,check,12,1,12,0.25,0.16666666666666666,0.08333333333333333,-0.7616926229500155,-0.5134964435245858,-0.04389408136663094,-0.46960236215795464,-1.114418606890971,0.2076,-1.1473333884123902,1.0515998122318928,4.291666666666667,6.197166555068934
15,-1,False,pctl,0.003,swing0.1,2,0,prev_bar,select,12,1,12,0.0,0.0,0.0,-1.845125452487952,-1.1367853412640305,-0.28113591188433484,-0.8556494293796956,-9.903070270110623,0.0055,-1.1018165384322551,1.5610897680108011,3.0416666666666665,8.013731294175885
15,-1,False,pctl,0.003,swing0.1,2,0,reclaim,check,12,1,12,0.25,0.16666666666666666,0.08333333333333333,-0.768985789874967,-0.6401291766800787,-0.3337231965399208,-0.3064059801401579,-0.8672157237743445,0.2817,-1.185884398195583,0.7455544367611269,1.8333333333333333,5.732421629578588
15,-1,False,pctl,0.003,swing0.1,2,0,reclaim,select,12,1,12,0.16666666666666666,0.16666666666666666,0.0,-1.164784006001245,-0.7672391960589354,-0.18889657671956486,-0.5783426193393706,-1.7627430399178137,0.1014,-1.1154138088365448,1.4470163410675367,2.0416666666666665,8.64757563944615
15,-1,False,pctl,0.003,swing0.1,2,3,prev_bar,check,26,1,16,0.34615384615384615,0.2692307692307692,0.07692307692307693,-0.40969368456592137,-0.1941715204655085,-0.12758624711030395,-0.06658527335520462,-0.24444060399437265,0.7945,-0.6871521535815531,1.316389462402875,4.958333333333333,6.197166555068934
15,-1,False,pctl,0.003,swing0.1,2,3,prev_bar,select,35,1,18,0.22857142857142856,0.22857142857142856,0.0,-0.8795451882852329,-0.47325573630769335,-0.16593233027280527,-0.30732340603488817,-1.3242993697984378,0.097,-0.8103511455247314,1.327700424451585,2.75,8.831294464670103
15,-1,False,pctl,0.003,swing0.1,2,3,reclaim,check,26,1,13,0.34615384615384615,0.3076923076923077,0.038461538461538464,-0.3873280336143541,-0.2513592647210889,-0.22426596502039584,-0.027093299700693015,-0.09377125821960573,0.8552,-0.520896538834781,0.9284120988858726,2.25,6.0500606731261675
15,-1,False,pctl,0.003,swing0.1,2,3,reclaim,select,38,1,15,0.18421052631578946,0.18421052631578946,0.0,-0.8842878958032523,-0.7030147471508523,-0.24826125183994038,-0.4547534953109119,-2.5699970727933703,0.0327,-0.9576700038832594,1.0017738625705552,1.4166666666666667,9.355431151162263
15,-1,False,pctl,0.003,swing0.1,3,0,prev_bar,check,12,1,12,0.16666666666666666,0.08333333333333333,0.08333333333333333,-0.8575622969135915,-0.680163110191252,-0.08998020769513843,-0.5901829024961134,-1.7840386444239267,0.0633,-1.1473333884123902,1.0515998122318928,4.666666666666667,6.197166555068934
15,-1,False,pctl,0.003,swing0.1,3,0,prev_bar,select,12,1,12,0.0,0.0,0.0,-1.845125452487952,-1.1367853412640305,-0.38095578447831463,-0.755829556785716,-8.10480184824481,0.0055,-1.1018165384322551,1.5610897680108011,3.0416666666666665,8.013731294175885
15,-1,False,pctl,0.003,swing0.1,3,0,reclaim,check,12,1,12,0.16666666666666666,0.08333333333333333,0.08333333333333333,-0.8857274296461085,-0.8067958433467469,-0.2658061763190161,-0.5409896670277309,-1.4447795171422393,0.1749,-1.185884398195583,0.7455544367611269,1.8333333333333333,5.732421629578588
15,-1,False,pctl,0.003,swing0.1,3,0,reclaim,select,12,1,12,0.16666666666666666,0.16666666666666666,0.0,-1.0545693448144655,-0.6005725293922667,-0.3069090909808245,-0.2936634384114423,-0.5604259482783912,0.5713,-1.1154138088365448,1.4470163410675367,2.25,8.64757563944615
15,-1,False,pctl,0.003,swing0.1,3,3,prev_bar,check,26,1,16,0.2692307692307692,0.19230769230769232,0.07692307692307693,-0.40270051451678457,-0.23263305892704678,-0.023212784766339103,-0.20942027416070763,-0.7449644159062971,0.4791,-0.7162705691222038,1.316389462402875,6.0,6.197166555068934
15,-1,False,pctl,0.003,swing0.1,3,3,prev_bar,select,35,1,18,0.17142857142857143,0.14285714285714285,0.02857142857142857,-0.9162213652624235,-0.5313249599998346,-0.334895814114913,-0.19642914588492175,-0.7736219039323188,0.3651,-0.9971262031364863,1.327700424451585,2.9166666666666665,8.831294464670103
15,-1,False,pctl,0.003,swing0.1,3,3,reclaim,check,30,1,15,0.23333333333333334,0.2,0.03333333333333333,-0.3924652997144399,-0.4069266369917217,-0.29274589363058273,-0.11418074336113898,-0.39105656124592203,0.5563,-0.8076480648312228,0.858229433225246,3.4583333333333335,6.041722617141854
15,-1,False,pctl,0.003,swing0.1,3,3,reclaim,select,41,1,15,0.12195121951219512,0.12195121951219512,0.0,-0.8311935218377389,-0.778287782532458,-0.33536759327359805,-0.44292018925886,-2.22025025594967,0.0697,-1.112600623196727,0.9388703091580743,1.6666666666666667,9.392141049555436
15,-1,False,pctl,0.003,swing0.1,5,0,prev_bar,check,12,1,12,0.16666666666666666,0.08333333333333333,0.08333333333333333,-0.711638558358138,-0.5134964435245856,0.16417551210894196,-0.6776719556335276,-1.1395796063748076,0.236,-1.1473333884123902,1.0515998122318928,5.291666666666667,6.197166555068934
15,-1,False,pctl,0.003,swing0.1,5,0,prev_bar,select,12,1,12,0.0,0.0,0.0,-1.845125452487952,-1.1367853412640305,-0.25586416728429007,-0.8809211739797406,-9.122650335320644,0.0055,-1.1018165384322551,1.5610897680108011,3.0416666666666665,8.013731294175885
15,-1,False,pctl,0.003,swing0.1,5,0,reclaim,check,12,1,12,0.08333333333333333,0.0,0.08333333333333333,-0.9572895839126294,-1.1401291766800783,-0.11470170712917808,-1.0254274695509003,-5.835567834792615,0.016,-1.185884398195583,0.7455544367611269,1.9583333333333333,5.732421629578588
15,-1,False,pctl,0.003,swing0.1,5,0,reclaim,select,12,1,12,0.16666666666666666,0.16666666666666666,0.0,-0.8341400224409073,-0.2672391960589348,-0.560646947582279,0.29340775152334414,0.4228322254764183,0.6335,-1.1154138088365448,1.4470163410675367,2.2916666666666665,8.64757563944615
15,-1,False,pctl,0.003,swing0.1,5,3,prev_bar,check,26,1,16,0.2692307692307692,0.11538461538461539,0.15384615384615385,-0.1796016301909436,0.011030473429164966,0.2237356621202458,-0.21270518869108082,-0.5197543859113508,0.3914,-0.7779678408763883,1.316389462402875,6.708333333333333,6.197166555068934
15,-1,False,pctl,0.003,swing0.1,5,3,prev_bar,select,35,1,18,0.11428571428571428,0.08571428571428572,0.02857142857142857,-0.8950592674099975,-0.5884678171426917,-0.3783112485872451,-0.21015656855544657,-0.7793276255286976,0.4093,-1.1551389191105086,1.327700424451585,2.9166666666666665,8.831294464670103
15,-1,False,pctl,0.003,swing0.1,5,3,reclaim,check,33,1,15,0.18181818181818182,0.09090909090909091,0.09090909090909091,-0.39315674419540214,-0.488579731798312,-0.22016316764028654,-0.26841656415802556,-0.784766647729646,0.5042,-1.02056870990635,0.7659319685092937,3.0,6.057719405360107
15,-1,False,pctl,0.003,swing0.1,5,3,reclaim,select,41,1,15,0.0975609756097561,0.0975609756097561,0.0,-0.8222094542895719,-0.6807268069227023,-0.43415360667611536,-0.24657320024658677,-0.9382188821172595,0.345,-1.2610884041761299,0.9388703091580743,1.6666666666666667,9.392141049555436
15,-1,False,pctl,0.01,swing0.1,2,0,prev_bar,check,14,1,14,0.14285714285714285,0.07142857142857142,0.07142857142857142,-0.9279039105076778,-0.8056275585276348,-0.1268891194803611,-0.6787384390472735,-3.2557310835152866,0.0086,-1.147187915080293,1.3338386912264473,7.916666666666667,6.243108883526949
15,-1,False,pctl,0.01,swing0.1,2,0,prev_bar,select,17,1,17,0.11764705882352941,0.11764705882352941,0.0,-1.071364730407161,-0.7927582294988738,-0.3099117258873472,-0.48284650361152665,-1.9444609847394307,0.1197,-1.1299029925162134,1.25338800274228,3.5833333333333335,5.962991111992877
15,-1,False,pctl,0.01,swing0.1,2,0,reclaim,check,16,1,14,0.1875,0.1875,0.0,-0.7995369549824314,-0.8669887387540514,-0.4449121781567861,-0.4220765605972654,-1.3459130017437932,0.2491,-1.3649332660745197,0.7219938716981656,1.0416666666666667,5.213174171504464
15,-1,False,pctl,0.01,swing0.1,2,0,reclaim,select,17,1,17,0.29411764705882354,0.29411764705882354,0.0,0.22083977603023244,-0.5171860955251866,-0.44531422719860764,-0.07187186832657902,-0.2340330983897241,0.8316,-1.490081741550588,0.8070454177824833,0.75,6.711464490102248
15,-1,False,pctl,0.01,swing0.1,2,3,prev_bar,check,32,1,20,0.28125,0.21875,0.0625,-0.46805413772034005,-0.3787738082554484,-0.1251724869043144,-0.253601321351134,-1.175901798104597,0.2381,-0.7127842749406276,1.282488698015187,5.958333333333333,5.971091379637572
15,-1,False,pctl,0.01,swing0.1,2,3,prev_bar,select,45,1,24,0.2222222222222222,0.2222222222222222,0.0,-0.8599093908769562,-0.48815693413710526,-0.197545019386087,-0.2906119147510182,-1.5863860440854582,0.2099,-0.7583501189942056,1.3126596757225943,3.5,7.828251382678575
15,-1,False,pctl,0.01,swing0.1,2,3,reclaim,check,37,1,17,0.2702702702702703,0.21621621621621623,0.05405405405405406,-0.471726101520633,-0.5783994975938578,-0.15279688705736605,-0.42560261053649157,-1.8979506456028103,0.1153,-0.7952129540985582,0.88628456326678,2.5833333333333335,5.4954773979350335
15,-1,False,pctl,0.01,swing0.1,2,3,reclaim,select,44,1,24,0.3181818181818182,0.3181818181818182,0.0,-0.2496801445923727,-0.3812619851149108,-0.39402920339526504,0.01276721828035429,0.06058789363643067,0.9493,-0.6354283588811872,0.7956515539956391,2.0,6.448345935866628
15,-1,False,pctl,0.01,swing0.1,3,0,prev_bar,check,14,1,14,0.14285714285714285,0.07142857142857142,0.07142857142857142,-0.8092371238937897,-0.7341989870990633,-0.004145455784418899,-0.7300535313146443,-2.3011106415650975,0.0312,-1.147187915080293,1.3338386912264473,8.333333333333334,6.243108883526949
15,-1,False,pctl,0.01,swing0.1,3,0,prev_bar,select,17,1,17,0.11764705882352941,0.058823529411764705,0.058823529411764705,-1.1708054757994615,-0.7973672038195486,-0.27992517185538884,-0.5174420319641598,-2.352762494186488,0.0598,-1.1299029925162134,1.25338800274228,5.166666666666667,5.962991111992877
15,-1,False,pctl,0.01,swing0.1,3,0,reclaim,check,16,1,14,0.0625,0.0625,0.0,-1.0401286954535578,-1.1794887387540511,-0.25730141741328705,-0.9221873213407641,-3.5343020830386864,0.0146,-1.3407042261547442,0.7219938716981656,1.625,5.213174171504464
15,-1,False,pctl,0.01,swing0.1,3,0,reclaim,select,17,1,17,0.23529411764705882,0.23529411764705882,0.0,0.5639175748419545,-0.45836256611342163,-0.5702656270437885,0.11190306093036692,0.287449864109435,0.8288,-1.3855975120780615,0.8070454177824833,0.75,6.711464490102248
15,-1,False,pctl,0.01,swing0.1,3,3,prev_bar,check,33,1,20,0.2727272727272727,0.21212121212121213,0.06060606060606061,-0.2500630514837449,-0.1923997480055704,-0.017649408350246917,-0.17475033965532344,-0.6577835330232548,0.4453,-0.5610745771256958,1.2595465033761586,6.333333333333333,6.099576779300531
15,-1,False,pctl,0.01,swing0.1,3,3,prev_bar,select,45,1,24,0.15555555555555556,0.13333333333333333,0.022222222222222223,-0.9553783521023302,-0.5787869911026938,-0.30202574143403277,-0.2767612496686611,-1.393853962459132,0.1943,-0.9407740880904116,1.3126596757225943,4.5,7.828251382678575
15,-1,False,pctl,0.01,swing0.1,3,3,reclaim,check,42,1,19,0.19047619047619047,0.14285714285714285,0.047619047619047616,-0.5293495560973572,-0.6853524268622716,-0.16879988595866813,-0.5165525409036035,-2.1603801080783436,0.0775,-0.9805776694103393,0.8490971218428088,2.875,5.593863021699185
15,-1,False,pctl,0.01,swing0.1,3,3,reclaim,select,47,1,24,0.19148936170212766,0.19148936170212766,0.0,-0.4037278905615045,-0.5562234560272457,-0.37232028845519904,-0.1839031675720467,-0.8210908293010033,0.5113,-0.9365919754072882,0.8180072250221356,2.75,6.564364502546449
15,-1,False,pctl,0.01,swing0.1,5,0,prev_bar,check,14,1,14,0.14285714285714285,0.07142857142857142,0.07142857142857142,-0.5719035506660126,-0.5913418442419205,-0.1771775991987203,-0.4141642450432002,-0.9626501229043546,0.3271,-1.147187915080293,1.3338386912264473,8.333333333333334,6.243108883526949
15,-1,False,pctl,0.01,swing0.1,5,0,prev_bar,select,17,1,17,0.11764705882352941,0.058823529411764705,0.058823529411764705,-1.0233480637121346,-0.6797201449960194,-0.10216421447396605,-0.5775559305220533,-1.4955416638380015,0.2144,-1.1299029925162134,1.25338800274228,5.166666666666667,5.962991111992877
15,-1,False,pctl,0.01,swing0.1,5,0,reclaim,check,16,1,14,0.0625,0.0625,0.0,-0.8714447227544269,-1.0544887387540511,-0.2856499086791158,-0.7688388300749353,-1.8519594919947118,0.111,-1.3407042261547442,0.7219938716981656,1.625,5.213174171504464
15,-1,False,pctl,0.01,swing0.1,5,0,reclaim,select,17,1,17,0.17647058823529413,0.11764705882352941,0.058823529411764705,0.604162598778079,-0.5559886016964911,-0.49641872793312203,-0.05956987376336896,-0.13021606387241974,0.9169,-1.3264299695290085,0.8070454177824833,2.9166666666666665,6.711464490102248
15,-1,False,pctl,0.01,swing0.1,5,3,prev_bar,check,33,1,20,0.2727272727272727,0.15151515151515152,0.12121212121212122,0.1055158213335027,0.12078970172962666,-0.169313403929312,0.2901031056589387,0.7545131191254882,0.5041,-0.5717385803227116,1.2595465033761586,7.083333333333333,6.099576779300531
15,-1,False,pctl,0.01,swing0.1,5,3,prev_bar,select,45,1,24,0.1111111111111111,0.08888888888888889,0.022222222222222223,-0.8832128092063423,-0.5787869911026938,-0.24725163052453525,-0.3315353605781586,-1.376369111105308,0.333,-1.1569903043066276,1.3126596757225943,5.166666666666667,7.828251382678575
15,-1,False,pctl,0.01,swing0.1,5,3,reclaim,check,40,1,19,0.15,0.05,0.1,-0.5027249165364422,-0.7653201297274437,-0.30983173760125104,-0.4554883921261926,-1.977384479429209,0.1194,-1.2076329812538273,0.8490971218428088,3.4583333333333335,5.616117111540008
15,-1,False,pctl,0.01,swing0.1,5,3,reclaim,select,50,1,25,0.12,0.1,0.02,-0.504203102969238,-0.6631927460588122,-0.3368583096242341,-0.32633443643457816,-1.2753688600719162,0.2059,-1.169848341446848,0.9847845198654942,2.625,6.637914496324349
15,1,False,atr,3.0,swing0.1,2,0,prev_bar,check,115,1,103,0.3217391304347826,0.30434782608695654,0.05217391304347826,-0.2680869145501378,-0.22750862808184077,-0.20238099381321828,-0.025127634268622478,-0.19270870792003622,0.8517,-0.343557512587491,1.0561206525790487,4.916666666666667,-2.340212110815121
15,1,False,atr,3.0,swing0.1,2,0,prev_bar,select,103,1,91,0.39805825242718446,0.3592233009708738,0.038834951456310676,0.06893119311555714,-0.03548806756766232,-0.23125315482777864,0.1957650872601163,1.3733991798657048,0.2785,-0.1548127731258618,1.2127315114622517,4.5,-2.688024694181168
15,1,False,atr,3.0,swing0.1,2,0,reclaim,check,115,1,102,0.3565217391304348,0.3130434782608696,0.06956521739130435,-0.09618984194063977,-0.26350479449109304,-0.37008266645241766,0.10657787196132458,0.8158005934514708,0.0814,-0.3592937029406851,0.7737026113467591,1.9166666666666667,-2.1692229151586195
15,1,False,atr,3.0,swing0.1,2,0,reclaim,select,106,1,91,0.330188679245283,0.3113207547169811,0.03773584905660377,-0.27773917005569165,-0.2931816209531746,-0.3268590351332966,0.03367741418012202,0.239641883349273,0.8403,-0.44331636145947984,0.8499203425079337,2.375,-2.809977283025422
15,1,False,atr,3.0,swing0.1,2,3,prev_bar,check,214,1,120,0.32710280373831774,0.29906542056074764,0.0514018691588785,-0.25691877854668593,-0.22892140606480635,-0.21010783396176674,-0.018813572103039546,-0.1986972788312647,0.831,-0.2900350256806775,1.0703216217768854,5.333333333333333,-2.83325957295904
15,1,False,atr,3.0,swing0.1,2,3,prev_bar,select,193,1,106,0.35233160621761656,0.30569948186528495,0.05181347150259067,-0.09636258176065184,-0.15704377888316404,-0.15185972584010726,-0.005184053043056706,-0.04992467402855902,0.9664,-0.20161173232531515,1.2730333026089078,3.9166666666666665,-3.230112739176394
15,1,False,atr,3.0,swing0.1,2,3,reclaim,check,198,1,117,0.37373737373737376,0.29292929292929293,0.10101010101010101,-0.14477211458216652,-0.21445362748519475,-0.2968251063541196,0.08237147886892497,0.8392537945214137,0.1635,-0.26790426798573636,1.0137596582707564,4.0,-2.3381769448340304
15,1,False,atr,3.0,swing0.1,2,3,reclaim,select,183,1,99,0.34972677595628415,0.2677595628415301,0.1092896174863388,-0.15598195581053034,-0.24981567729730977,-0.22662276404871706,-0.023192913248592656,-0.23323100457202794,0.8316,-0.29121674678540777,1.1932600552978403,3.4166666666666665,-2.9356082452726473
15,1,False,atr,3.0,swing0.1,3,0,prev_bar,check,111,1,102,0.2702702702702703,0.1981981981981982,0.10810810810810811,-0.32572761001112177,-0.2087505597876614,-0.2650422188717987,0.05629165908413726,0.35248463959599363,0.743,-0.34629944879569124,1.0687218281757374,6.75,-2.3600983005929055
15,1,False,atr,3.0,swing0.1,3,0,prev_bar,select,99,1,88,0.31313131313131315,0.21212121212121213,0.10101010101010101,-0.033309447278370784,-0.11835478929340601,-0.16261652018887002,0.04426173089546401,0.25772338220993873,0.8316,-0.27940979580400094,1.2127315114622517,6.916666666666667,-2.715016244065227
15,1,False,atr,3.0,swing0.1,3,0,reclaim,check,115,1,102,0.25217391304347825,0.1826086956521739,0.10434782608695652,-0.2600978376209884,-0.38996656442782013,-0.30791004370701847,-0.08205652072080166,-0.5251641278336712,0.2648,-0.4949303405308122,0.8010371498125578,3.3333333333333335,-2.158880022417975
15,1,False,atr,3.0,swing0.1,3,0,reclaim,select,105,1,90,0.2571428571428571,0.23809523809523808,0.0380952380952381,-0.13138735025801768,-0.27345085032464095,-0.2640879309281733,-0.009362919396467627,-0.05250211305888027,0.9642,-0.4630805245931327,0.8567369171148729,3.4166666666666665,-2.8158500059828895
15,1,False,atr,3.0,swing0.1,3,3,prev_bar,check,212,1,121,0.2641509433962264,0.19339622641509435,0.09433962264150944,-0.30499969680375055,-0.22875360658401064,-0.20571371675047653,-0.023039889833534097,-0.20700924319693334,0.8195,-0.2871228007541028,1.085874554691918,7.458333333333333,-2.9725762342957984
15,1,False,atr,3.0,swing0.1,3,3,prev_bar,select,185,1,101,0.2702702702702703,0.1837837837837838,0.0918918918918919,-0.1362915192252579,-0.24038890601408128,-0.11282689455164042,-0.12756201146244087,-1.0387693682381904,0.3367,-0.3245772754320599,1.2797020282835314,4.666666666666667,-3.2999626102263147
15,1,False,atr,3.0,swing0.1,3,3,reclaim,check,199,1,119,0.2864321608040201,0.17587939698492464,0.1457286432160804,-0.24501122211203916,-0.28300595530578526,-0.24391436830226682,-0.039091587003518495,-0.33347439970049386,0.5732,-0.3529139829510862,1.0633638681982298,6.666666666666667,-2.3600983005929055
15,1,False,atr,3.0,swing0.1,3,3,reclaim,select,181,1,99,0.287292817679558,0.1712707182320442,0.143646408839779,-0.11680617738402298,-0.26710659687108984,-0.18207890205896793,-0.08502769481212194,-0.7230229210840768,0.5751,-0.3260260104152534,1.205744249754797,4.916666666666667,-2.9356082452726473
15,1,False,atr,3.0,swing0.1,5,0,prev_bar,check,110,1,101,0.23636363636363636,0.1,0.16363636363636364,-0.3261231550643884,-0.1834087608120024,-0.2823250752316302,0.09891631441962778,0.5244366652884976,0.5747,-0.3760391652150824,1.0740894320300292,9.416666666666666,-2.3510929676934578
15,1,False,atr,3.0,swing0.1,5,0,prev_bar,select,99,1,88,0.2727272727272727,0.08080808080808081,0.1919191919191919,0.012235986035089217,-0.11799922148891226,-0.2042407139681357,0.08624149247922348,0.4279956728354294,0.7302,-0.33312855418987714,1.2127315114622517,7.333333333333333,-2.715016244065227
15,1,False,atr,3.0,swing0.1,5,0,reclaim,check,114,1,102,0.19298245614035087,0.08771929824561403,0.14035087719298245,-0.22727455456761114,-0.4634294075707687,-0.3545307881819864,-0.10889861938878224,-0.6077696267667094,0.2789,-0.6654805511373868,0.7993238492079675,3.75,-2.1870289587651803
15,1,False,atr,3.0,swing0.1,5,0,reclaim,select,101,1,88,0.21782178217821782,0.09900990099009901,0.1485148514851485,-0.22655861950494982,-0.304184898243316,-0.29592918234923293,-0.00825571589408307,-0.039021031223960494,0.9598,-0.5603981924876694,0.9314387400960059,4.5,-2.856070025209345
15,1,False,atr,3.0,swing0.1,5,3,prev_bar,check,209,1,119,0.22966507177033493,0.09090909090909091,0.15789473684210525,-0.3244093272753928,-0.2279768729173865,-0.2719230931827021,0.04394622026531552,0.33340709739135255,0.7157,-0.33082089829705885,1.0884467592282676,8.083333333333334,-2.9817533562404464
15,1,False,atr,3.0,swing0.1,5,3,prev_bar,select,182,1,100,0.22527472527472528,0.04945054945054945,0.1813186813186813,-0.31940512606713384,-0.36171870650528276,-0.11841129388037583,-0.24330741262490702,-1.8366238846754444,0.1508,-0.4599112748848031,1.2742691400722335,5.208333333333333,-3.2890327057127635
15,1,False,atr,3.0,swing0.1,5,3,reclaim,check,192,1,117,0.23958333333333334,0.08854166666666667,0.1875,-0.2528310508512061,-0.298938439729993,-0.24060685077795832,-0.05833158895203474,-0.42897313718486996,0.6196,-0.39966582321396965,1.0970809201540712,9.75,-2.3689201637310586
15,1,False,atr,3.0,swing0.1,5,3,reclaim,select,177,1,98,0.2598870056497175,0.07909604519774012,0.21468926553672316,-0.15000837406818382,-0.2590176528120133,-0.19043661846889426,-0.06858103434311903,-0.49420343823772694,0.6979,-0.34830199523419236,1.2090710568297764,6.666666666666667,-2.997793782951086
15,1,False,atr,4.0,swing0.1,2,0,prev_bar,check,75,1,69,0.30666666666666664,0.28,0.05333333333333334,-0.3507988507470425,-0.27076290014015875,-0.2287562790205693,-0.042006621119589437,-0.27095521783408405,0.7457,-0.4256833895632407,1.0833023501555685,5.166666666666667,-2.8992975864304715
15,1,False,atr,4.0,swing0.1,2,0,prev_bar,select,68,1,64,0.3382352941176471,0.29411764705882354,0.04411764705882353,-0.16301064198223977,-0.20832438016815857,-0.11847517865462445,-0.08984920151353405,-0.514661976378241,0.4632,-0.37710455170001916,1.400320596274382,4.0,-3.159326054665823
15,1,False,atr,4.0,swing0.1,2,0,reclaim,check,74,1,68,0.28378378378378377,0.25675675675675674,0.02702702702702703,-0.31885794555881175,-0.4883267645411764,-0.3119678030247804,-0.17635896151639602,-1.1020038513668327,0.3458,-0.6607646793143428,0.7778237654106974,2.75,-2.9049577382936063
15,1,False,atr,4.0,swing0.1,2,0,reclaim,select,67,1,63,0.373134328358209,0.3283582089552239,0.04477611940298507,-0.06783166911588981,-0.23179988454135544,-0.2705801406998471,0.038780256158491615,0.21560696720038694,0.8504,-0.437330155141977,0.8181505685839718,2.3333333333333335,-3.3643124328070373
15,1,False,atr,4.0,swing0.1,2,3,prev_bar,check,144,1,81,0.3194444444444444,0.2916666666666667,0.04861111111111111,-0.3346261186003152,-0.23930142659957598,-0.2616594384241948,0.02235801182461883,0.19907941075096686,0.8531,-0.30060369414870425,1.096065418050478,5.25,-3.46707630742758
15,1,False,atr,4.0,swing0.1,2,3,prev_bar,select,135,1,80,0.3333333333333333,0.2814814814814815,0.05925925925925926,-0.17460384227029638,-0.20967124013460264,-0.15646502526198403,-0.053206214872618694,-0.4369784787462478,0.6662,-0.28487730573798875,1.4485835403193779,4.5,-4.318691207543768
15,1,False,atr,4.0,swing0.1,2,3,reclaim,check,154,1,85,0.3246753246753247,0.22727272727272727,0.09740259740259741,-0.19658582958045237,-0.3773071734611785,-0.27284892616442286,-0.1044582472967556,-0.9911231512695736,0.3388,-0.4427377572031428,0.9529079454885249,3.9166666666666665,-3.155003617782237
15,1,False,atr,4.0,swing0.1,2,3,reclaim,select,131,1,76,0.3816793893129771,0.3282442748091603,0.06870229007633588,-0.02905245564415451,-0.16141793445213037,-0.2558936400700518,0.09447570561792142,0.7437669489038503,0.5391,-0.23526863807207976,0.9907459553860909,2.5833333333333335,-3.6645986221096827
15,1,False,atr,4.0,swing0.1,3,0,prev_bar,check,75,1,69,0.24,0.18666666666666668,0.08,-0.41324694150027125,-0.28047292552777087,-0.2463688177049212,-0.03410410782284964,-0.19260156236864995,0.8075,-0.4849682717390838,1.0833023501555685,8.833333333333334,-2.8992975864304715
15,1,False,atr,4.0,swing0.1,3,0,prev_bar,select,68,1,64,0.27941176470588236,0.17647058823529413,0.10294117647058823,-0.09496689525987659,-0.23809130228361564,-0.16622378891976142,-0.07186751336385426,-0.3671701674712728,0.6145,-0.4787957413056062,1.400320596274382,4.666666666666667,-3.159326054665823
15,1,False,atr,4.0,swing0.1,3,0,reclaim,check,74,1,68,0.20270270270270271,0.17567567567567569,0.02702702702702703,-0.41537296280287844,-0.555894332108744,-0.3295807433270833,-0.22631358878166058,-1.2350261401718794,0.2595,-0.8004273305531009,0.7778237654106974,4.416666666666667,-2.9049577382936063
15,1,False,atr,4.0,swing0.1,3,0,reclaim,select,67,1,63,0.3283582089552239,0.26865671641791045,0.05970149253731343,0.040341732921231124,-0.10835006915714342,-0.21428700225929073,0.1059369331021474,0.48732605857517464,0.6015,-0.3226869876638644,0.8181505685839718,2.9166666666666665,-3.3643124328070373
15,1,False,atr,4.0,swing0.1,3,3,prev_bar,check,149,1,83,0.2550335570469799,0.18120805369127516,0.09395973154362416,-0.38266536695013714,-0.2582255576148055,-0.26088268892748223,0.002657131312676807,0.01966550983304182,0.9868,-0.33351998807808475,1.116503003556879,7.416666666666667,-3.5422841406991257
15,1,False,atr,4.0,swing0.1,3,3,prev_bar,select,135,1,80,0.2962962962962963,0.2,0.1037037037037037,0.056044558850267746,-0.13604437089719015,-0.16473066225882416,0.02868629136163406,0.19558737145993255,0.8352,-0.23858375323234038,1.4485835403193779,5.25,-4.318691207543768
15,1,False,atr,4.0,swing0.1,3,3,reclaim,check,155,1,86,0.2709677419354839,0.15483870967741936,0.11612903225806452,-0.29993427134341744,-0.4009050517252494,-0.31511068253197344,-0.0857943691932759,-0.6818403425037957,0.4152,-0.48611921349140214,0.9682358036573648,5.416666666666667,-3.155035271032336
15,1,False,atr,4.0,swing0.1,3,3,reclaim,select,135,1,77,0.31851851851851853,0.24444444444444444,0.08888888888888889,0.03136741808687582,-0.1189122286788901,-0.23981741484635424,0.12090518616746425,0.7739576350035755,0.4696,-0.21141830596301983,0.9907459553860909,3.3333333333333335,-3.6853526473585863
15,1,False,atr,4.0,swing0.1,5,0,prev_bar,check,75,1,69,0.18666666666666668,0.04,0.17333333333333334,-0.6405203175575903,-0.48546746647488914,-0.2494991458001012,-0.23596832067478787,-1.2815731118394773,0.1944,-0.7884659813597211,1.0833023501555685,9.833333333333334,-2.8992975864304715
15,1,False,atr,4.0,swing0.1,5,0,prev_bar,select,68,1,64,0.23529411764705882,0.04411764705882353,0.19117647058823528,-0.04425809204815549,-0.3072123223265438,-0.10984377338270813,-0.19736854894383565,-0.9159082383585092,0.4322,-0.668219685144828,1.400320596274382,4.958333333333333,-3.159326054665823
15,1,False,atr,4.0,swing0.1,5,0,reclaim,check,74,1,68,0.1891891891891892,0.0945945945945946,0.0945945945945946,-0.3269911580385179,-0.433794048389412,-0.38353433346700905,-0.0502597149224028,-0.2129156511922148,0.8603,-0.7360696866445567,0.7778237654106974,5.291666666666667,-2.9049577382936063
15,1,False,atr,4.0,swing0.1,5,0,reclaim,select,67,1,63,0.2537313432835821,0.11940298507462686,0.13432835820895522,0.07840474120141641,-0.20543592440393138,-0.25628742514275915,0.050851500738827896,0.19354161325275557,0.8616,-0.5931511374787608,0.8181505685839718,3.5,-3.3643124328070373
15,1,False,atr,4.0,swing0.1,5,3,prev_bar,check,149,1,83,0.2214765100671141,0.053691275167785234,0.18791946308724833,-0.4868703269046067,-0.3438471864868537,-0.2365859221034504,-0.1072612643834033,-0.7660499786045974,0.4216,-0.47154052916272987,1.116503003556879,8.083333333333334,-3.5422841406991257
15,1,False,atr,4.0,swing0.1,5,3,prev_bar,select,135,1,80,0.25925925925925924,0.05925925925925926,0.2074074074074074,-0.0810019993956865,-0.21223087348443975,-0.12551541129366423,-0.0867154621907755,-0.5498193118304315,0.683,-0.38083855945226164,1.4160757168135096,7.083333333333333,-4.27409396548788
15,1,False,atr,4.0,swing0.1,5,3,reclaim,check,157,1,86,0.2611464968152866,0.07643312101910828,0.18471337579617833,-0.23955323619022023,-0.3016644866796621,-0.32542814691084865,0.023763660231186524,0.1560052618347554,0.8816,-0.39696926791824116,1.0031605681497449,6.583333333333333,-3.175796770328887
15,1,False,atr,4.0,swing0.1,5,3,reclaim,select,136,1,77,0.25735294117647056,0.11764705882352941,0.15441176470588236,-0.011931345038661932,-0.18398898555613333,-0.19869661994314547,0.014707634387012137,0.08210192331684284,0.9691,-0.3241657049213989,0.9942557844270887,4.166666666666667,-3.7479174481773567
15,1,False,atr,6.0,swing0.1,2,0,prev_bar,check,35,1,34,0.34285714285714286,0.34285714285714286,0.02857142857142857,-0.5060069804279869,-0.09215169283943969,-0.1839785843391719,0.09182689149973222,0.3765332336496653,0.5653,-0.41765771188553225,1.362822521821373,6.25,-4.544800123337311
15,1,False,atr,6.0,swing0.1,2,0,prev_bar,select,23,1,23,0.13043478260869565,0.08695652173913043,0.043478260869565216,-1.5049398111016528,-0.7806833233282174,-0.19729368738040784,-0.5833896359478096,-2.70057089659262,0.0468,-1.106282605063338,2.064171799241823,3.4166666666666665,-6.651573767320351
15,1,False,atr,6.0,swing0.1,2,0,reclaim,check,36,1,35,0.3611111111111111,0.3611111111111111,0.0,-0.5416357666142433,-0.14977761834175818,-0.2092533271094287,0.059475708767670527,0.24132711658313397,0.8089,-0.4681564414090756,1.0245738673570397,4.041666666666667,-4.661147689723871
15,1,False,atr,6.0,swing0.1,2,0,reclaim,select,24,1,24,0.125,0.08333333333333333,0.041666666666666664,-1.117983213795365,-0.8977712404623509,-0.2483836056427889,-0.649387634819562,-3.363525981381099,0.0225,-1.1596846470080178,1.213524393229707,1.4583333333333333,-6.198180904102974
15,1,False,atr,6.0,swing0.1,2,3,prev_bar,check,68,1,40,0.3235294117647059,0.27941176470588236,0.058823529411764705,-0.15525339896457635,-0.2231318805499409,-0.2419186252869943,0.018786744737053454,0.11375661551182152,0.9188,-0.35789177117915816,1.344107243121838,6.208333333333333,-4.753060784341678
15,1,False,atr,6.0,swing0.1,2,3,prev_bar,select,52,1,32,0.2692307692307692,0.17307692307692307,0.11538461538461539,-0.4790617938390104,-0.40037768283207736,-0.1864975897161917,-0.21388009311588563,-1.2447852549352134,0.1312,-0.5946942565323967,2.1741814987391748,5.875,-6.633665903919111
15,1,False,atr,6.0,swing0.1,2,3,reclaim,check,71,1,38,0.39436619718309857,0.36619718309859156,0.028169014084507043,-0.18498362788378486,-0.10792055015096251,-0.3682008431065611,0.26028029295559857,1.4654276977405964,0.1949,-0.23862024904164114,1.0526644475947213,2.5833333333333335,-5.242595494200253
15,1,False,atr,6.0,swing0.1,2,3,reclaim,select,68,1,33,0.16176470588235295,0.1323529411764706,0.04411764705882353,-1.0533614707439483,-0.8105330869996215,-0.32860245206440536,-0.4819306349352162,-3.5129030483309225,0.0051,-0.9968635209393956,1.0989241983917823,1.3333333333333333,-6.616708592413644
15,1,False,atr,6.0,swing0.1,3,0,prev_bar,check,35,1,34,0.3142857142857143,0.2857142857142857,0.05714285714285714,-0.2543582156302187,0.10504472058059701,-0.2946464612916249,0.3996911818722219,1.3092824745695073,0.0373,-0.3532968095378247,1.362822521821373,6.25,-4.544800123337311
15,1,False,atr,6.0,swing0.1,3,0,prev_bar,select,23,1,23,0.13043478260869565,0.043478260869565216,0.08695652173913043,-1.3602319746488643,-0.7454830499805921,-0.23669024489390425,-0.5087928050866879,-2.2433402262438937,0.0624,-1.106282605063338,2.064171799241823,3.4166666666666665,-6.651573767320351
15,1,False,atr,6.0,swing0.1,3,0,reclaim,check,36,1,35,0.2777777777777778,0.2777777777777778,0.0,-0.4957636451995012,-0.12199984056398153,-0.309134677322509,0.18713483675852746,0.61385712295817,0.5219,-0.5952517358793865,1.0245738673570397,4.875,-4.661147689723871
15,1,False,atr,6.0,swing0.1,3,0,reclaim,select,24,1,24,0.125,0.08333333333333333,0.041666666666666664,-1.029016536230646,-0.8144379071290176,-0.1617498181884295,-0.6526880889405883,-2.450790878108518,0.0656,-1.1596846470080178,1.213524393229707,1.8333333333333333,-6.198180904102974
15,1,False,atr,6.0,swing0.1,3,3,prev_bar,check,69,1,41,0.30434782608695654,0.2028985507246377,0.11594202898550725,0.04556403544008359,-0.11507000168823804,-0.2871116858032318,0.1720416841149938,0.8672154162863744,0.4486,-0.33240833082192656,1.35646266142616,6.833333333333333,-4.797261425958366
15,1,False,atr,6.0,swing0.1,3,3,prev_bar,select,52,1,32,0.2692307692307692,0.1346153846153846,0.15384615384615385,-0.13404497696868634,-0.26645887416089,-0.15075368027561303,-0.11570519388527699,-0.537705193840392,0.4658,-0.5698148461869128,2.1741814987391748,5.916666666666667,-6.633665903919111
15,1,False,atr,6.0,swing0.1,3,3,reclaim,check,77,1,39,0.2727272727272727,0.23376623376623376,0.03896103896103896,-0.2435214036742311,-0.2683568358703125,-0.3773630751159626,0.10900623924565007,0.5441257655298773,0.6386,-0.42994654769450297,0.9964832871193583,2.5833333333333335,-5.242595494200253
15,1,False,atr,6.0,swing0.1,3,3,reclaim,select,70,1,33,0.14285714285714285,0.11428571428571428,0.04285714285714286,-0.8576800027455537,-0.7524080213662185,-0.3025719273470701,-0.44983609401914837,-2.8418023647578132,0.0059,-0.989966404342243,1.0989241983917823,2.0416666666666665,-6.6301231131096365
15,1,False,atr,6.0,swing0.1,5,0,prev_bar,check,35,1,34,0.2571428571428571,0.05714285714285714,0.22857142857142856,-0.5470059021915669,-0.08663830310448158,-0.33284601783614237,0.24620771473166095,0.7605060350816709,0.334,-0.7412454885417948,1.362822521821373,10.25,-4.544800123337311
15,1,False,atr,6.0,swing0.1,5,0,prev_bar,select,23,1,23,0.13043478260869565,0.0,0.13043478260869565,-1.5075608866969648,-0.7859703789890427,-0.23567702365673307,-0.5502933553323096,-2.656101570693417,0.0379,-1.106282605063338,2.064171799241823,3.4166666666666665,-6.651573767320351
15,1,False,atr,6.0,swing0.1,5,0,reclaim,check,36,1,35,0.25,0.1388888888888889,0.1111111111111111,-0.5188611694034306,0.0015207012073060497,-0.2949843386858279,0.2965050398931339,0.7602189624604627,0.4471,-0.5349888172203267,1.0245738673570397,6.166666666666667,-4.661147689723871
15,1,False,atr,6.0,swing0.1,5,0,reclaim,select,24,1,24,0.125,0.041666666666666664,0.08333333333333333,-0.9303864982088536,-0.7208097863272639,-0.1727236744486653,-0.5480861118785986,-1.7198786129272772,0.1583,-1.1596846470080178,1.213524393229707,2.2916666666666665,-6.198180904102974
15,1,False,atr,6.0,swing0.1,5,3,prev_bar,check,69,1,41,0.2753623188405797,0.057971014492753624,0.2318840579710145,-0.10602540805351296,-0.18807617086550424,-0.3360948318537568,0.1480186609882526,0.7251148546169869,0.3896,-0.4466764894356197,1.35646266142616,8.0,-4.797261425958366
15,1,False,atr,6.0,swing0.1,5,3,prev_bar,select,52,1,32,0.25,0.019230769230769232,0.25,-0.4974087740978794,-0.3699809534982875,-0.10757286287078321,-0.26240809062750436,-1.3289963853569031,0.1328,-0.705377933055608,2.1741814987391748,8.166666666666666,-6.633665903919111
15,1,False,atr,6.0,swing0.1,5,3,reclaim,check,77,1,39,0.22077922077922077,0.12987012987012986,0.09090909090909091,-0.1966817230331871,-0.23658099815906108,-0.43350162532880065,0.19692062716973965,0.78740258656403,0.5025,-0.4819458501086018,0.9964832871193583,3.6666666666666665,-5.242595494200253
15,1,False,atr,6.0,swing0.1,5,3,reclaim,select,70,1,33,0.12857142857142856,0.02857142857142857,0.11428571428571428,-0.8759429176507649,-0.7662112965464404,-0.36307495220504976,-0.4031363443413908,-2.147867676062723,0.0388,-1.063081998830363,1.0989241983917823,2.2916666666666665,-6.6301231131096365
15,1,False,pct,0.03,swing0.1,2,0,prev_bar,check,101,1,83,0.31683168316831684,0.2871287128712871,0.0594059405940594,-0.370317926503395,-0.23025265164015574,-0.2327156380526596,0.0024629864125038825,0.017751394118747644,0.981,-0.38654426482649995,1.2073312070657454,5.25,-2.678966624201762
15,1,False,pct,0.03,swing0.1,2,0,prev_bar,select,123,1,98,0.43089430894308944,0.3902439024390244,0.04065040650406504,0.14830460864978198,0.071710629009605,-0.14523912923140772,0.21694975824101267,1.6350384886432705,0.021,-0.02182554217808363,1.3090612502631067,4.5,-2.5778047678551297
15,1,False,pct,0.03,swing0.1,2,0,reclaim,check,97,1,84,0.35051546391752575,0.30927835051546393,0.05154639175257732,-0.3445146722077252,-0.2841433320274952,-0.3141997638555611,0.030056431828065843,0.20871000384997881,0.8595,-0.3875465405434532,0.8634495343751415,2.5,-2.745424600129942
15,1,False,pct,0.03,swing0.1,2,0,reclaim,select,116,1,92,0.3275862068965517,0.27586206896551724,0.09482758620689655,-0.3723189483911646,-0.3275417294160024,-0.24982957930144944,-0.07771215011455287,-0.6191852558267583,0.3911,-0.4200713055127597,0.8771927116519935,1.625,-2.7244024069770667
15,1,False,pct,0.03,swing0.1,2,3,prev_bar,check,179,1,99,0.3128491620111732,0.2849162011173184,0.05027932960893855,-0.3334300402791621,-0.24709010273785634,-0.21433132304151084,-0.03275877969634549,-0.3142714757151569,0.7305,-0.3335034841232505,1.22198438155722,5.75,-3.282531592640159
15,1,False,pct,0.03,swing0.1,2,3,prev_bar,select,199,1,109,0.39195979899497485,0.3417085427135678,0.05527638190954774,0.04634417843360029,-0.04301792260070206,-0.1994392540743039,0.15642133147360182,1.5096349346736964,0.0633,-0.0920196884372415,1.320082644628104,4.583333333333333,-3.1276674664175053
15,1,False,pct,0.03,swing0.1,2,3,reclaim,check,161,1,100,0.34782608695652173,0.2484472049689441,0.11801242236024845,-0.28879198841384573,-0.2799076278721735,-0.290015627146174,0.010107999274000459,0.09700263605780543,0.9271,-0.34441037212427983,1.1825770316719832,5.416666666666667,-2.8148624193283456
15,1,False,pct,0.03,swing0.1,2,3,reclaim,select,183,1,106,0.3551912568306011,0.2568306010928962,0.1366120218579235,-0.3436737812296808,-0.24671558052016113,-0.17831428628149984,-0.0684012942386613,-0.6778171816894906,0.4816,-0.2751902929361814,1.3180571665285836,4.0,-2.772459186275744
15,1,False,pct,0.03,swing0.1,3,0,prev_bar,check,98,1,82,0.2653061224489796,0.20408163265306123,0.09183673469387756,-0.42188272852080816,-0.19507091287017175,-0.3087266332564334,0.11365572038626162,0.6799772034887838,0.3767,-0.35011789566978385,1.197264020962588,8.416666666666666,-2.6844698232443065
15,1,False,pct,0.03,swing0.1,3,0,prev_bar,select,114,1,95,0.3333333333333333,0.2543859649122807,0.08771929824561403,0.10171053389098335,0.006597842040559861,-0.14370390173639108,0.15030174377695102,0.8865999756222906,0.2418,-0.12687290707918022,1.330515520586002,6.541666666666667,-2.6708295724146627
15,1,False,pct,0.03,swing0.1,3,0,reclaim,check,97,1,84,0.30927835051546393,0.26804123711340205,0.05154639175257732,-0.1404151557092494,-0.13897360428720382,-0.3891150255383229,0.250141421251119,1.3868290959352862,0.1485,-0.30501910392190007,0.8634495343751415,4.5,-2.72443598473755
15,1,False,pct,0.03,swing0.1,3,0,reclaim,select,111,1,91,0.27927927927927926,0.2072072072072072,0.11711711711711711,-0.25561759815105006,-0.27901972412716525,-0.23033593475597972,-0.04868378937118562,-0.2991155936313498,0.7056,-0.4279293158154226,0.8657134679679268,2.3333333333333335,-2.7569377197140033
15,1,False,pct,0.03,swing0.1,3,3,prev_bar,check,179,1,100,0.26256983240223464,0.18994413407821228,0.09497206703910614,-0.3662115783703829,-0.22353600793498082,-0.2713656841102357,0.047829676175254895,0.3889340102002344,0.7091,-0.27852675281782624,1.2336274944567631,7.833333333333333,-3.3303818813219532
15,1,False,pct,0.03,swing0.1,3,3,prev_bar,select,189,1,105,0.30158730158730157,0.21693121693121692,0.09523809523809523,0.009855654481037208,-0.11329000435564615,-0.15605244069491964,0.04276243633927347,0.34590773225191634,0.6909,-0.18471034076116027,1.3609054072935607,6.5,-3.230112739176394
15,1,False,pct,0.03,swing0.1,3,3,reclaim,check,162,1,100,0.3148148148148148,0.2037037037037037,0.12962962962962962,-0.1662834638243347,-0.17983379346432157,-0.21405417423204084,0.03422038076771931,0.2639081795086044,0.8067,-0.2729271511045274,1.1596984307223224,6.833333333333333,-2.8155120756271526
15,1,False,pct,0.03,swing0.1,3,3,reclaim,select,175,1,105,0.3028571428571429,0.18285714285714286,0.16,-0.25835514675217297,-0.22282224082444835,-0.16146119727878167,-0.061361043545666676,-0.49182694271480315,0.6482,-0.27129167224152045,1.3278500276701835,6.333333333333333,-2.7930309920336294
15,1,False,pct,0.03,swing0.1,5,0,prev_bar,check,97,1,81,0.21649484536082475,0.08247422680412371,0.15463917525773196,-0.5269397426522182,-0.2847925791550422,-0.3336592492736098,0.04886667011856751,0.25609846606171544,0.7147,-0.5319738885316019,1.2073312070657454,9.583333333333334,-2.689973022286851
15,1,False,pct,0.03,swing0.1,5,0,prev_bar,select,112,1,94,0.2857142857142857,0.11607142857142858,0.16964285714285715,0.17945512387183807,0.03474870537737726,-0.12418693433387237,0.1589356397112496,0.7613624650308862,0.4881,-0.167581483745831,1.3135592083958452,9.375,-2.6968715843889157
15,1,False,pct,0.03,swing0.1,5,0,reclaim,check,97,1,84,0.25773195876288657,0.1134020618556701,0.15463917525773196,-0.02304521675011145,-0.11944293054602546,-0.3765506679457284,0.257107737399703,1.1535416350553525,0.2172,-0.33720002654417996,0.8634495343751415,5.916666666666667,-2.72443598473755
15,1,False,pct,0.03,swing0.1,5,0,reclaim,select,111,1,91,0.24324324324324326,0.13513513513513514,0.15315315315315314,-0.21450239197490137,-0.18345468330715017,-0.23237425406801732,0.04891957076086715,0.22441337269386574,0.7954,-0.40299518002462137,0.8906333398685172,2.5,-2.7583577582077856
15,1,False,pct,0.03,swing0.1,5,3,prev_bar,check,177,1,99,0.23163841807909605,0.07909604519774012,0.1694915254237288,-0.41866735634452956,-0.24779788986580356,-0.28896810222219044,0.041170212356386834,0.30002222364725206,0.6755,-0.34693994800907235,1.2336274944567631,8.75,-3.3792357412130603
15,1,False,pct,0.03,swing0.1,5,3,prev_bar,select,186,1,104,0.26344086021505375,0.08602150537634409,0.1827956989247312,-0.0628671911458666,-0.14228425749586562,-0.1261075747485908,-0.016176682747274816,-0.10762366758804898,0.9214,-0.27742338068305344,1.3190699055783437,7.416666666666667,-3.2659420750572488
15,1,False,pct,0.03,swing0.1,5,3,reclaim,check,156,1,99,0.30128205128205127,0.08974358974358974,0.23076923076923078,-0.08403619652783945,-0.08481949115371207,-0.29846740559187795,0.21364791443816591,1.3588915656067686,0.1677,-0.2163462172124449,1.1861218785917333,9.75,-2.8155120756271526
15,1,False,pct,0.03,swing0.1,5,3,reclaim,select,169,1,105,0.27218934911242604,0.10650887573964497,0.20710059171597633,-0.17118421786126609,-0.15844502100881125,-0.14441195952123134,-0.014033061487579873,-0.09123476260266071,0.9334,-0.2476193084359672,1.3359014509170228,9.166666666666666,-2.802120669902819
15,1,False,pct,0.04,swing0.1,2,0,prev_bar,check,65,1,56,0.3076923076923077,0.2923076923076923,0.06153846153846154,-0.383253920550956,-0.2083189064234419,-0.2375215410249011,0.02920263460145926,0.1690392572993553,0.8516,-0.38381261831742103,1.2866519025568763,6.583333333333333,-3.6963708991605837
15,1,False,pct,0.04,swing0.1,2,0,prev_bar,select,82,1,71,0.43902439024390244,0.3902439024390244,0.04878048780487805,0.16654103167819773,0.10440277308426191,-0.07165233731401895,0.17605511039828087,1.0146840935953418,0.3155,-0.03828121022340697,1.4682372923702058,4.791666666666667,-3.44824421605911
15,1,False,pct,0.04,swing0.1,2,0,reclaim,check,65,1,57,0.26153846153846155,0.2153846153846154,0.06153846153846154,-0.593173109264122,-0.5074624594735374,-0.34712537481194405,-0.16033708466159327,-0.991897711922637,0.4382,-0.7555951094844543,0.9146150227379751,1.8333333333333333,-3.7572780448042464
15,1,False,pct,0.04,swing0.1,2,0,reclaim,select,83,1,70,0.37349397590361444,0.3132530120481928,0.060240963855421686,-0.19102409349518945,-0.22436165269700992,-0.26191042702803463,0.037548774331024666,0.24604676131932968,0.7902,-0.350193223723603,0.8420423591528203,1.0,-3.64781006611139
15,1,False,pct,0.04,swing0.1,2,3,prev_bar,check,119,1,69,0.29411764705882354,0.2689075630252101,0.05042016806722689,-0.39684977100912,-0.2829672546179565,-0.203858668606048,-0.07910858601190844,-0.6340058962813273,0.6227,-0.37231180088927257,1.2866519025568763,5.833333333333333,-4.222284184763348
15,1,False,pct,0.04,swing0.1,2,3,prev_bar,select,143,1,86,0.3916083916083916,0.32867132867132864,0.06993006993006994,0.005108538389538912,-0.038033542506193306,-0.13265311229805876,0.09461956979186545,0.7784797667684505,0.4102,-0.11550921461969725,1.5491001317153907,4.916666666666667,-3.943008529146541
15,1,False,pct,0.04,swing0.1,2,3,reclaim,check,116,1,73,0.33620689655172414,0.25862068965517243,0.11206896551724138,-0.37750709096323554,-0.2579724053685784,-0.34710075869575596,0.08912835332717751,0.7287705598055254,0.3564,-0.33563314553688967,1.2562946231472754,5.0,-3.7657400939954733
15,1,False,pct,0.04,swing0.1,2,3,reclaim,select,140,1,85,0.37857142857142856,0.2857142857142857,0.12857142857142856,-0.23208618124033348,-0.16147669059958078,-0.188490710216487,0.0270140196169062,0.2361617914618521,0.7767,-0.21624263017530718,1.333852718977838,3.5,-3.687147065163515
15,1,False,pct,0.04,swing0.1,3,0,prev_bar,check,64,1,55,0.234375,0.203125,0.09375,-0.5237140265689456,-0.209755623578036,-0.21901027310113064,0.009254649523094599,0.04314496151103913,0.9568,-0.4690799125871656,1.3092018636871963,9.083333333333334,-3.7336249097245644
15,1,False,pct,0.04,swing0.1,3,0,prev_bar,select,80,1,70,0.3625,0.2625,0.1,0.15686851398676566,0.1139177304083094,-0.12912175504133536,0.24303948544964477,1.1793457910332013,0.2879,-0.0726127588844984,1.4682372923702058,6.916666666666667,-3.4712635363904565
15,1,False,pct,0.04,swing0.1,3,0,reclaim,check,65,1,57,0.2,0.15384615384615385,0.06153846153846154,-0.6545199872320442,-0.5330057348410555,-0.36137307512381306,-0.17163265971724248,-0.9189793944922374,0.3345,-0.773311204058512,0.9181345643258761,2.8333333333333335,-3.7572780448042464
15,1,False,pct,0.04,swing0.1,3,0,reclaim,select,83,1,70,0.3253012048192771,0.25301204819277107,0.07228915662650602,-0.09219123478366406,-0.13055625549064445,-0.30611909370190776,0.17556283821126337,0.8883416940240381,0.3469,-0.34313144296265013,0.8420423591528203,1.75,-3.64781006611139
15,1,False,pct,0.04,swing0.1,3,3,prev_bar,check,123,1,71,0.22764227642276422,0.17886178861788618,0.08130081300813008,-0.5121769497318068,-0.31333588611997487,-0.23989625870180825,-0.07343962741816665,-0.5047430347902582,0.6569,-0.40909598892763727,1.331751824817516,7.25,-4.395053571278185
15,1,False,pct,0.04,swing0.1,3,3,prev_bar,select,136,1,82,0.33088235294117646,0.22058823529411764,0.11764705882352941,0.08200595591394116,-0.016119749471883084,-0.18292181695674903,0.16680206748486595,1.1220180377180529,0.2399,-0.1051254595718009,1.5472281222834336,6.916666666666667,-4.225395936944093
15,1,False,pct,0.04,swing0.1,3,3,reclaim,check,115,1,74,0.2608695652173913,0.1565217391304348,0.1391304347826087,-0.5269536792697798,-0.3554658819726608,-0.2787958493660204,-0.0766700326066404,-0.5426522933643467,0.5188,-0.4751202438977737,1.2704255123609918,7.25,-3.7647057309603493
15,1,False,pct,0.04,swing0.1,3,3,reclaim,select,134,1,81,0.3283582089552239,0.20149253731343283,0.17164179104477612,-0.2725248952019438,-0.14282653226809153,-0.20415079978848544,0.061324267520393855,0.4343448917761852,0.5991,-0.21741880227281798,1.333852718977838,5.041666666666667,-3.716227820078938
15,1,False,pct,0.04,swing0.1,5,0,prev_bar,check,63,1,54,0.20634920634920634,0.07936507936507936,0.1746031746031746,-0.5753525845571754,-0.23432701946431708,-0.21073542431972375,-0.02359159514459343,-0.09403505918996846,0.8895,-0.6324324236374407,1.2866519025568763,10.25,-3.770878920288545
15,1,False,pct,0.04,swing0.1,5,0,prev_bar,select,79,1,70,0.31645569620253167,0.12658227848101267,0.189873417721519,0.3178101214106518,0.1836968290885436,-0.1564417802930987,0.34013860938164225,1.3259221562930155,0.3577,-0.09879762520371937,1.4661900408400783,11.25,-3.4884344168898407
15,1,False,pct,0.04,swing0.1,5,0,reclaim,check,65,1,57,0.18461538461538463,0.07692307692307693,0.12307692307692308,-0.4386684743542991,-0.39746744582946564,-0.346063411059867,-0.051404034769598615,-0.21194474576906372,0.7664,-0.8028559825226821,0.9181345643258761,3.5833333333333335,-3.7572780448042464
15,1,False,pct,0.04,swing0.1,5,0,reclaim,select,83,1,70,0.2891566265060241,0.20481927710843373,0.08433734939759036,0.17890359327265362,0.1286248767368132,-0.3504809982804584,0.4791058750172717,1.7452565567035385,0.1343,-0.1323671703230371,0.8420423591528203,2.5833333333333335,-3.64781006611139
15,1,False,pct,0.04,swing0.1,5,3,prev_bar,check,122,1,70,0.20491803278688525,0.07377049180327869,0.1557377049180328,-0.5576301860143064,-0.3144094341089572,-0.34918082761687025,0.03477139350791309,0.20891321978166535,0.8204,-0.48664827348441175,1.3092018636871963,7.458333333333333,-4.395126307964531
15,1,False,pct,0.04,swing0.1,5,3,prev_bar,select,134,1,82,0.2835820895522388,0.06716417910447761,0.22388059701492538,-0.1084797618651227,-0.13852538192281197,-0.16093163596129811,0.022406254038486156,0.13617713168717743,0.9438,-0.2752953844060017,1.524276042551324,9.666666666666666,-4.2963925865158235
15,1,False,pct,0.04,swing0.1,5,3,reclaim,check,115,1,74,0.23478260869565218,0.06956521739130435,0.2,-0.42683544644677024,-0.3032408635495027,-0.2898203885350108,-0.013420475014491883,-0.07870175780338,0.9224,-0.4976398370982499,1.2704255123609918,10.416666666666666,-3.7647057309603493
15,1,False,pct,0.04,swing0.1,5,3,reclaim,select,133,1,81,0.3007518796992481,0.12781954887218044,0.21804511278195488,-0.17575151280727586,-0.020846926460771326,-0.13186290566317288,0.11101597920240155,0.6008855863232329,0.577,-0.1381617143033688,1.3429738746434206,7.416666666666667,-3.7096999231990613
15,1,False,pct,0.05,swing0.1,2,0,prev_bar,check,43,1,41,0.3953488372093023,0.37209302325581395,0.046511627906976744,-0.06887089179944922,0.024285265563482927,-0.32020329874297304,0.3444885643064559,1.5865774205415495,0.196,-0.22261720865013543,1.490119670667458,6.583333333333333,-4.637660314035719
15,1,False,pct,0.05,swing0.1,2,0,prev_bar,select,43,1,40,0.3488372093023256,0.27906976744186046,0.09302325581395349,-0.34794682667565097,-0.16310368463771002,-0.13974108790511314,-0.02336259673259691,-0.1136526201980118,0.8778,-0.559673443454778,1.653679258773468,3.1666666666666665,-4.648180044896943
15,1,False,pct,0.05,swing0.1,2,0,reclaim,check,44,1,42,0.29545454545454547,0.2727272727272727,0.022727272727272728,-0.3862493859049851,-0.4455310892600728,-0.38548753116734685,-0.06004355809272586,-0.28705958808893445,0.7232,-0.7058201983379655,0.9911884702603119,1.2916666666666667,-4.701685828041291
15,1,False,pct,0.05,swing0.1,2,0,reclaim,select,43,1,38,0.4186046511627907,0.3488372093023256,0.11627906976744186,0.36447585556288953,0.030208074484268668,-0.1487944803696368,0.17900255485390548,0.8236759128401501,0.2895,-0.2680782800390571,1.4702845439003331,5.0,-4.689167963348362
15,1,False,pct,0.05,swing0.1,2,3,prev_bar,check,82,1,52,0.3170731707317073,0.2926829268292683,0.036585365853658534,-0.323795100833308,-0.2238647953597535,-0.2679085381627375,0.04404374280298403,0.2834328901840623,0.7345,-0.333905498997087,1.4733327107677119,4.958333333333333,-4.828435720644131
15,1,False,pct,0.05,swing0.1,2,3,prev_bar,select,91,1,53,0.32967032967032966,0.25274725274725274,0.08791208791208792,-0.30815965884504976,-0.21781035211142027,-0.12209870579996233,-0.09571164631145797,-0.6582523670691479,0.2669,-0.3585039318007308,1.8458281058582173,4.5,-5.418873824328696
15,1,False,pct,0.05,swing0.1,2,3,reclaim,check,91,1,54,0.3626373626373626,0.27472527472527475,0.0989010989010989,-0.27529700129489787,-0.25134989036088423,-0.3483239892898192,0.09697409892893494,0.6694283806203146,0.4738,-0.3609873351853425,1.2417142857142818,4.0,-4.732219057561904
15,1,False,pct,0.05,swing0.1,2,3,reclaim,select,73,1,48,0.3150684931506849,0.2602739726027397,0.1506849315068493,-0.22624138489025125,-0.21331357591530983,-0.1197598353194663,-0.09355374059584358,-0.5768181574967804,0.6664,-0.39984678516546696,1.4160757168135096,3.8333333333333335,-4.7408755054864855
15,1,False,pct,0.05,swing0.1,3,0,prev_bar,check,43,1,41,0.27906976744186046,0.23255813953488372,0.06976744186046512,-0.33116826903620444,-0.10779990548436949,-0.2820747734595966,0.17427486797522712,0.6385894003326805,0.4722,-0.49951134847689677,1.490119670667458,10.25,-4.637660314035719
15,1,False,pct,0.05,swing0.1,3,0,prev_bar,select,43,1,40,0.27906976744186046,0.16279069767441862,0.13953488372093023,-0.5994581976025587,-0.25813738907353684,-0.08884020381182421,-0.1692971852617127,-0.6847167188554137,0.3852,-0.6241922283215227,1.653679258773468,3.5833333333333335,-4.648180044896943
15,1,False,pct,0.05,swing0.1,3,0,reclaim,check,44,1,42,0.22727272727272727,0.18181818181818182,0.045454545454545456,-0.5195302602475068,-0.48483113881481915,-0.46261502567180185,-0.02221611314301727,-0.09052996685626381,0.9282,-0.8465890448330078,0.9911884702603119,1.5416666666666667,-4.701685828041291
15,1,False,pct,0.05,swing0.1,3,0,reclaim,select,41,1,38,0.34146341463414637,0.14634146341463414,0.2682926829268293,-0.23568178014847108,-0.10246076325743214,-0.18744248556278617,0.084981722305354,0.33870589044805005,0.685,-0.34991038501669647,1.7636514858887276,6.75,-4.689167963348362
15,1,False,pct,0.05,swing0.1,3,3,prev_bar,check,89,1,55,0.23595505617977527,0.1797752808988764,0.06741573033707865,-0.5478746380978666,-0.33067021276692216,-0.3118236678888997,-0.018846544878022457,-0.10880453811788562,0.9066,-0.48635292015404774,1.3982357879092446,6.583333333333333,-5.007245456089427
15,1,False,pct,0.05,swing0.1,3,3,prev_bar,select,91,1,53,0.3076923076923077,0.18681318681318682,0.13186813186813187,-0.10644608188529266,-0.12025728881294527,-0.16876000277382863,0.048502713960883376,0.284486886044785,0.6876,-0.2658165003785136,1.8458281058582173,4.666666666666667,-5.418873824328696
15,1,False,pct,0.05,swing0.1,3,3,reclaim,check,91,1,55,0.2857142857142857,0.17582417582417584,0.12087912087912088,-0.5255837898409842,-0.3319063023100024,-0.2998795274103432,-0.03202677489965918,-0.19084544710966095,0.8399,-0.46588982270487045,1.2417142857142818,4.833333333333333,-4.7255951615125635
15,1,False,pct,0.05,swing0.1,3,3,reclaim,select,73,1,49,0.2602739726027397,0.136986301369863,0.2328767123287671,-0.5280823377289535,-0.2756750662301189,-0.17765093046104177,-0.09802413576907718,-0.5974886408669698,0.5973,-0.4194141529683093,1.402136498516326,4.416666666666667,-4.7408755054864855
15,1,False,pct,0.05,swing0.1,5,0,prev_bar,check,43,1,41,0.23255813953488372,0.046511627906976744,0.20930232558139536,-0.6034011510471355,-0.28239552554328423,-0.344474781087886,0.062079255544601766,0.2380547508230368,0.7913,-0.7850886962359624,1.490119670667458,14.416666666666666,-4.637660314035719
15,1,False,pct,0.05,swing0.1,5,0,prev_bar,select,43,1,40,0.23255813953488372,0.046511627906976744,0.20930232558139536,-0.7451741550337286,-0.415010178587575,-0.1598843282321317,-0.2551258503554433,-1.007219851198668,0.3939,-0.760474683906875,1.653679258773468,4.333333333333333,-4.648180044896943
15,1,False,pct,0.05,swing0.1,5,0,reclaim,check,44,1,42,0.1590909090909091,0.11363636363636363,0.045454545454545456,-0.46051106141875825,-0.5302856842693658,-0.42075153457805375,-0.10953414969131207,-0.3673695889051233,0.7194,-1.097425642159268,0.9911884702603119,2.25,-4.701685828041291
15,1,False,pct,0.05,swing0.1,5,0,reclaim,select,41,1,38,0.3170731707317073,0.0975609756097561,0.2926829268292683,-0.12413715967760695,-0.006967556372686859,-0.07062666163262135,0.0636591052599345,0.20136033967767403,0.8155,-0.29518347936740336,1.7636514858887276,7.5,-4.689167963348362
15,1,False,pct,0.05,swing0.1,5,3,prev_bar,check,89,1,55,0.21348314606741572,0.056179775280898875,0.16853932584269662,-0.6163773030844671,-0.34443293184835333,-0.3568765766368871,0.0124436447885337,0.06816387560453578,0.9708,-0.6024048863786318,1.3982357879092446,7.416666666666667,-5.007245456089427
15,1,False,pct,0.05,swing0.1,5,3,prev_bar,select,89,1,53,0.2808988764044944,0.033707865168539325,0.25842696629213485,-0.4431435302756154,-0.2826753588375486,-0.05751437475483447,-0.2251609840827141,-1.2912768928920502,0.2137,-0.47432371333262585,1.850193399244544,7.0,-5.4072899768458305
15,1,False,pct,0.05,swing0.1,5,3,reclaim,check,94,1,57,0.24468085106382978,0.10638297872340426,0.14893617021276595,-0.43308595437299874,-0.2814969802942496,-0.3813467407110704,0.09984976041682082,0.49039561207791393,0.5511,-0.4433783669650622,1.2994590458172293,5.666666666666667,-4.72039350198738
15,1,False,pct,0.05,swing0.1,5,3,reclaim,select,73,1,49,0.2328767123287671,0.0410958904109589,0.3013698630136986,-0.5743050812600885,-0.40826734955132277,-0.057431929848099375,-0.35083541970322335,-1.9422397212170088,0.0723,-0.5605091259789332,1.4160757168135096,7.5,-4.749842252496849
15,1,False,pct,0.06,swing0.1,2,0,prev_bar,check,28,1,28,0.21428571428571427,0.21428571428571427,0.03571428571428571,-0.766397112409402,-0.4600545945645716,-0.19315499945448716,-0.26689959511008443,-1.1125090808303097,0.2227,-0.9688954300377209,1.5569533356472482,5.0,-5.226975592885891
15,1,False,pct,0.06,swing0.1,2,0,prev_bar,select,34,1,34,0.29411764705882354,0.20588235294117646,0.11764705882352941,-0.5896066344711224,-0.3540618886708429,-0.19454533539937746,-0.15951655327146538,-0.7008154915772219,0.4336,-0.7416260823946449,1.80126643646175,4.625,-5.3068082565655486
15,1,False,pct,0.06,swing0.1,2,0,reclaim,check,28,1,28,0.35714285714285715,0.32142857142857145,0.03571428571428571,-0.09936930443703701,-0.2260136123660378,-0.36268523103235656,0.13667161866631863,0.4874160765766125,0.6737,-0.6230006460617344,0.8429086248949003,1.2916666666666667,-5.727170443298902
15,1,False,pct,0.06,swing0.1,2,0,reclaim,select,34,1,34,0.3235294117647059,0.2647058823529412,0.11764705882352941,-0.6457642956993679,-0.28560121606498456,-0.24648655275938208,-0.03911466330560245,-0.1738943094035668,0.9074,-0.6086214713967122,1.2559153329581236,2.125,-5.509823319459617
15,1,False,pct,0.06,swing0.1,2,3,prev_bar,check,61,1,37,0.29508196721311475,0.2786885245901639,0.03278688524590164,-0.36575915233508766,-0.2623766271476472,-0.2658311224913689,0.0034544953437216494,0.020400691161096874,0.9925,-0.41858047669534604,1.490119670667458,5.333333333333333,-5.94335212537559
15,1,False,pct,0.06,swing0.1,2,3,prev_bar,select,70,1,44,0.3142857142857143,0.24285714285714285,0.08571428571428572,-0.3475282131506303,-0.2440161077639657,-0.1542256303837431,-0.08979047738022258,-0.5656069939431487,0.4402,-0.39867855054766144,1.9327103465336621,5.125,-6.475529025801846
15,1,False,pct,0.06,swing0.1,2,3,reclaim,check,59,1,38,0.3559322033898305,0.288135593220339,0.1016949152542373,-0.29308116376837773,-0.1912823926308011,-0.31813385361319013,0.126851460982389,0.719236894031189,0.584,-0.3345070689106312,1.151880824712676,3.4166666666666665,-5.717396164326449
15,1,False,pct,0.06,swing0.1,2,3,reclaim,select,63,1,43,0.3492063492063492,0.25396825396825395,0.1746031746031746,-0.33737449387872154,-0.1556200261829475,-0.2885385036320403,0.13291847744909283,0.8398772188264361,0.4003,-0.26696442718517027,1.7110566931417155,4.083333333333333,-5.680938883967235
15,1,False,pct,0.06,swing0.1,3,0,prev_bar,check,27,1,27,0.07407407407407407,0.07407407407407407,0.037037037037037035,-1.444306615443447,-0.8053614090182271,-0.2490196185224301,-0.556341790495797,-2.5323140142794194,0.0615,-1.1253432374871901,1.578703315719868,6.583333333333333,-5.2188697774079085
15,1,False,pct,0.06,swing0.1,3,0,prev_bar,select,34,1,34,0.2647058823529412,0.08823529411764706,0.20588235294117646,-0.8179578153204261,-0.42102785936923004,-0.06044212769263545,-0.3605857316765945,-1.6218258768545253,0.1235,-0.8868750550267019,1.80126643646175,4.625,-5.3068082565655486
15,1,False,pct,0.06,swing0.1,3,0,reclaim,check,28,1,28,0.21428571428571427,0.17857142857142858,0.03571428571428571,-0.7267331229152467,-0.47070777656222074,-0.29571019081085465,-0.17499758575136617,-0.5479234591367537,0.6508,-1.0666241798425673,0.8429086248949003,3.75,-5.727170443298902
15,1,False,pct,0.06,swing0.1,3,0,reclaim,select,34,1,34,0.23529411764705882,0.14705882352941177,0.14705882352941177,-0.8927468947631866,-0.43753654425624705,-0.26983268106365743,-0.16770386319258965,-0.7285514309368394,0.5365,-0.8426298207321262,1.2559153329581236,2.625,-5.509823319459617
15,1,False,pct,0.06,swing0.1,3,3,prev_bar,check,65,1,37,0.18461538461538463,0.1076923076923077,0.09230769230769231,-0.9128157978738026,-0.5550918810911505,-0.29531365666417236,-0.2597782244269781,-1.590946838604261,0.3132,-0.790093971722687,1.535203355574629,6.833333333333333,-5.94335212537559
15,1,False,pct,0.06,swing0.1,3,3,prev_bar,select,70,1,44,0.3,0.17142857142857143,0.14285714285714285,-0.12465326851841621,-0.14576855404737707,-0.2327671460462257,0.08699859199884863,0.44552260437987573,0.423,-0.34252226330830726,1.9327103465336621,5.208333333333333,-6.475529025801846
15,1,False,pct,0.06,swing0.1,3,3,reclaim,check,63,1,40,0.30158730158730157,0.19047619047619047,0.14285714285714285,-0.33227659231850176,-0.21955462471301637,-0.28347259044146045,0.06391796572844409,0.32153490224668835,0.8015,-0.37028625469846366,1.3381329046994677,5.416666666666667,-5.717396164326449
15,1,False,pct,0.06,swing0.1,3,3,reclaim,select,66,1,44,0.2878787878787879,0.15151515151515152,0.21212121212121213,-0.43820625577886546,-0.23376721257377991,-0.15231560354853743,-0.08145160902524251,-0.4247262650682071,0.5471,-0.39005366732085206,1.6712305798598517,6.0,-5.680938883967235
15,1,False,pct,0.06,swing0.1,5,0,prev_bar,check,27,1,27,0.0,0.0,0.037037037037037035,-1.8789744697379627,-1.1016577053145231,-0.32455471886303355,-0.7771029864514897,-12.94501387913365,0.016,-1.1210530955915854,1.578703315719868,6.583333333333333,-5.2188697774079085
15,1,False,pct,0.06,swing0.1,5,0,prev_bar,select,34,1,34,0.23529411764705882,0.0,0.2647058823529412,-1.0084380535592428,-0.5915858608106901,-0.2635179614560171,-0.32806789935467323,-1.845473310026027,0.1271,-0.9358788493853116,1.80126643646175,4.958333333333333,-5.3068082565655486
15,1,False,pct,0.06,swing0.1,5,0,reclaim,check,28,1,28,0.10714285714285714,0.07142857142857142,0.03571428571428571,-0.9444939335686698,-0.7564220622765088,-0.31104741471197933,-0.4453746475645294,-1.518287403554631,0.1178,-1.2126777536367717,0.8429086248949003,5.25,-5.727170443298902
15,1,False,pct,0.06,swing0.1,5,0,reclaim,select,34,1,34,0.14705882352941177,0.029411764705882353,0.17647058823529413,-1.0878969138809447,-0.7532569476268773,-0.11062291737809186,-0.6426340302487855,-3.0868345896501634,0.0436,-1.1676394856096748,1.2559153329581236,3.5,-5.509823319459617
15,1,False,pct,0.06,swing0.1,5,3,prev_bar,check,65,1,37,0.15384615384615385,0.03076923076923077,0.13846153846153847,-1.027553448693185,-0.6122806554867509,-0.2949415079746841,-0.31733914751206693,-1.885714350096761,0.0951,-0.8358269293506959,1.535203355574629,7.416666666666667,-5.94335212537559
15,1,False,pct,0.06,swing0.1,5,3,prev_bar,select,67,1,43,0.26865671641791045,0.029850746268656716,0.2537313432835821,-0.5234886645923413,-0.29378542921473094,-0.20892348213681922,-0.08486194707791171,-0.4534521428995236,0.5321,-0.5612111897280703,2.064171799241823,11.083333333333334,-6.471059198496376
15,1,False,pct,0.06,swing0.1,5,3,reclaim,check,67,1,40,0.23880597014925373,0.07462686567164178,0.19402985074626866,-0.4264349662240373,-0.3739523954034393,-0.36661790477403144,-0.007334490629407759,-0.03335396166555679,0.9757,-0.5862838466795155,1.3158917758449795,5.75,-5.716398978543258
15,1,False,pct,0.06,swing0.1,5,3,reclaim,select,67,1,44,0.23880597014925373,0.07462686567164178,0.23880597014925373,-0.6883686051053584,-0.3264719279982275,-0.2541854420966072,-0.07228648590162035,-0.36019189091892645,0.666,-0.4997629685291624,1.6314044665779877,7.666666666666667,-5.680938883967235
15,1,False,pct,0.08,swing0.1,2,0,prev_bar,check,15,1,15,0.26666666666666666,0.26666666666666666,0.0,-0.7690857709462628,-0.29851227779603745,-0.31116060705234905,0.01264832925631166,0.03452344344067313,0.9357,-1.0895941179776385,1.946200211859143,7.5,-6.696600137298436
15,1,False,pct,0.08,swing0.1,2,0,prev_bar,select,21,1,20,0.23809523809523808,0.09523809523809523,0.19047619047619047,-0.8198997693644859,-0.48917408577638677,-0.0834068282138373,-0.4057672575625496,-1.5516643517931303,0.2419,-1.042322625012979,2.779440272661799,9.833333333333334,-6.8522786546247545
15,1,False,pct,0.08,swing0.1,2,0,reclaim,check,15,1,14,0.5333333333333333,0.4666666666666667,0.06666666666666667,0.5817480980497695,0.312897046090436,-0.19369945728879764,0.5065965033792337,1.2294582379370154,0.0955,-0.31144172981525936,1.0768569388379647,3.3333333333333335,-7.5585013269038
15,1,False,pct,0.08,swing0.1,2,0,reclaim,select,21,1,20,0.3333333333333333,0.23809523809523808,0.09523809523809523,-0.49290202191138044,-0.32784454215262065,-0.10964663989310725,-0.21819790225951338,-0.7294236156436761,0.6144,-0.9448531529057405,1.9640337363494618,1.8333333333333333,-7.291358700240735
15,1,False,pct,0.08,swing0.1,2,3,prev_bar,check,29,1,17,0.3103448275862069,0.20689655172413793,0.10344827586206896,-0.5886346639053281,-0.2955523343642381,-0.3520229705571324,0.05647063619289423,0.24781249398040295,0.7792,-0.6727487624677746,2.051296075819539,4.5,-7.284020297921101
15,1,False,pct,0.08,swing0.1,2,3,prev_bar,select,44,1,30,0.36363636363636365,0.25,0.13636363636363635,0.07678075815897377,-0.11322692047446609,-0.07839397631803889,-0.03483294415642719,-0.16776424548604554,0.8145,-0.3187416706674553,2.7879087017446564,9.041666666666666,-7.742839523255596
15,1,False,pct,0.08,swing0.1,2,3,reclaim,check,25,1,17,0.44,0.4,0.04,0.3871969017590744,0.09353522009825807,-0.2520010518761486,0.3455362719744067,1.0665367724476853,0.4034,-0.23402313229040325,1.0768569388379647,5.5,-7.449713326481266
15,1,False,pct,0.08,swing0.1,2,3,reclaim,select,45,1,29,0.26666666666666666,0.2,0.15555555555555556,-0.6125759091841894,-0.40610459811988125,-0.2979614586693484,-0.10814313945053267,-0.5954128488063507,0.6696,-0.6897326749373105,2.446021287379617,4.083333333333333,-7.47594297888281
15,1,False,pct,0.08,swing0.1,3,0,prev_bar,check,15,1,15,0.2,0.2,0.0,-1.0914992432560984,-0.29851227779603623,-0.4127452672758408,0.11423298947980455,0.28072859468175726,0.6825,-1.0831775576819336,1.946200211859143,12.083333333333334,-6.696600137298436
15,1,False,pct,0.08,swing0.1,3,0,prev_bar,select,21,1,20,0.23809523809523808,0.047619047619047616,0.23809523809523808,-0.8700742357207123,-0.4762627700267535,-0.19496624753827227,-0.28129652248848125,-1.2776318823425072,0.2568,-1.042322625012979,2.779440272661799,9.833333333333334,-6.8522786546247545
15,1,False,pct,0.08,swing0.1,3,0,reclaim,check,15,1,14,0.4,0.3333333333333333,0.06666666666666667,0.4564590836056981,0.24623037942376905,-0.4313769909635466,0.6776073703873157,1.3455342069197747,0.1558,-0.8099550463869486,1.0768569388379647,6.0,-7.5585013269038
15,1,False,pct,0.08,swing0.1,3,0,reclaim,select,21,1,20,0.3333333333333333,0.14285714285714285,0.19047619047619047,-0.19436546488843995,-0.20281229025291084,-0.3134967172171697,0.11068442696425895,0.3599859121430166,0.8273,-0.8823531529057399,1.9640337363494618,1.8333333333333333,-7.291358700240735
15,1,False,pct,0.08,swing0.1,3,3,prev_bar,check,32,1,19,0.25,0.125,0.125,-0.7342433831505624,-0.3825278822719441,-0.2632306170312583,-0.11929726524068582,-0.5105908403475868,0.557,-0.8898361899748212,2.0748139729405026,7.75,-7.290048471969435
15,1,False,pct,0.08,swing0.1,3,3,prev_bar,select,44,1,30,0.36363636363636365,0.20454545454545456,0.18181818181818182,0.5606866501409693,0.07825738394936693,-0.16428797787985475,0.24254536182922168,0.9903772570555209,0.0866,-0.2386574512099349,2.7879087017446564,11.25,-7.742839523255596
15,1,False,pct,0.08,swing0.1,3,3,reclaim,check,32,1,19,0.25,0.15625,0.09375,-0.4262112244027883,-0.44435701299854674,-0.350374514264645,-0.0939824987339018,-0.34762339801254544,0.8136,-0.9030188467338588,1.0691174437214255,5.875,-7.4263919946639945
15,1,False,pct,0.08,swing0.1,3,3,reclaim,select,45,1,29,0.26666666666666666,0.13333333333333333,0.2222222222222222,-0.40107152705234916,-0.2943582787346626,-0.34759246808046057,0.05323418934579794,0.24602298704265907,0.8159,-0.660902079448718,2.446021287379617,5.833333333333333,-7.47594297888281
15,1,False,pct,0.08,swing0.1,5,0,prev_bar,check,15,1,15,0.13333333333333333,0.06666666666666667,0.06666666666666667,-1.6819643039787675,-0.5407700842980413,-0.36462545942279534,-0.1761446248752458,-0.40142986127346947,0.6895,-1.0831775576819336,1.946200211859143,12.083333333333334,-6.696600137298436
15,1,False,pct,0.08,swing0.1,5,0,prev_bar,select,21,1,20,0.23809523809523808,0.0,0.2857142857142857,-0.9681060387192372,-0.5380499888650894,-0.09989959341727381,-0.43815039544781553,-2.0416075085397734,0.1548,-1.042322625012979,2.779440272661799,9.833333333333334,-6.8522786546247545
15,1,False,pct,0.08,swing0.1,5,0,reclaim,check,15,1,14,0.26666666666666666,0.2,0.06666666666666667,0.41777016744564055,0.11289704609043673,-0.44316254814551925,0.5560595942359561,0.850918399221055,0.2788,-1.1746281990227847,1.0768569388379647,7.75,-7.5585013269038
15,1,False,pct,0.08,swing0.1,5,0,reclaim,select,21,1,20,0.3333333333333333,0.047619047619047616,0.2857142857142857,-0.4246236736789498,-0.18689335129080578,-0.1138367019975351,-0.07305664929327074,-0.18678584649540117,0.9063,-0.7573531529057388,1.9640337363494618,1.8333333333333333,-7.291358700240735
15,1,False,pct,0.08,swing0.1,5,3,prev_bar,check,32,1,19,0.21875,0.03125,0.1875,-1.0762250930647348,-0.5177941274048695,-0.34520563779904495,-0.17258848960582446,-0.7889050924577614,0.4659,-0.9502749728542348,2.0748139729405026,7.75,-7.290048471969435
15,1,False,pct,0.08,swing0.1,5,3,prev_bar,select,42,1,29,0.35714285714285715,0.047619047619047616,0.3333333333333333,0.22737940049644476,0.03199995085351363,-0.1363117523726771,0.16831170322619077,0.6731962871498981,0.2709,-0.41247605631087964,2.8423605609324625,14.041666666666666,-7.881681603608848
15,1,False,pct,0.08,swing0.1,5,3,reclaim,check,35,1,20,0.17142857142857143,0.08571428571428572,0.08571428571428572,-0.5507167946828633,-0.6033249698943846,-0.45323257171649783,-0.15009239817788678,-0.4812384085230078,0.7127,-1.2393715271807584,1.0613779486048862,5.5,-7.469591680529919
15,1,False,pct,0.08,swing0.1,5,3,reclaim,select,45,1,29,0.26666666666666666,0.044444444444444446,0.3111111111111111,-0.4248702728628029,-0.22414325328459297,-0.3459617574417681,0.12181850415717503,0.5179142944550569,0.6662,-0.5556389215539804,2.446021287379617,5.833333333333333,-7.47594297888281
15,1,False,pctl,0.003,swing0.1,2,0,prev_bar,check,19,1,19,0.3684210526315789,0.3157894736842105,0.05263157894736842,-0.4602467251445214,-0.11019373767328937,-0.2865839233019271,0.17639018562863776,0.5055362985626412,0.5648,-0.7170940627247175,1.463231145382725,9.416666666666666,-3.392065477904793
15,1,False,pctl,0.003,swing0.1,2,0,prev_bar,select,24,1,22,0.375,0.25,0.16666666666666666,-0.5376319907261419,-0.14424872313697482,-0.05014689227194019,-0.09410183086503464,-0.3435184412004957,0.7265,-0.67815754599568,2.0635914195181586,4.583333333333333,-5.620535872133353
15,1,False,pctl,0.003,swing0.1,2,0,reclaim,check,19,1,19,0.3684210526315789,0.3684210526315789,0.0,-0.6795191261892787,-0.0849054163241837,-0.1589127114887298,0.0740072951645461,0.21659501813562987,0.8506,-0.7598744960984517,1.1362007398273741,7.916666666666667,-3.5540583172618767
15,1,False,pctl,0.003,swing0.1,2,0,reclaim,select,26,1,23,0.2692307692307692,0.19230769230769232,0.07692307692307693,-0.7954819005877236,-0.5615488790742792,-0.15538474573977432,-0.4061641333345048,-1.7823425419793233,0.0263,-0.9547190264858885,1.0119736232992684,0.75,-5.495586226500999
15,1,False,pctl,0.003,swing0.1,2,3,prev_bar,check,37,1,23,0.2972972972972973,0.21621621621621623,0.08108108108108109,-0.3056714270290906,-0.36786299360143754,-0.28362321780141314,-0.08423977580002441,-0.38695936448494334,0.7909,-0.6223609270505552,1.483199008059515,5.166666666666667,-4.114146712679467
15,1,False,pctl,0.003,swing0.1,2,3,prev_bar,select,44,1,28,0.4090909090909091,0.29545454545454547,0.13636363636363635,0.012262818270368134,-0.03275563049341375,-0.04148385563880574,0.008728225145391994,0.04311325565384349,0.9736,-0.22603801381786437,1.9218703431188398,6.208333333333333,-6.2036586493704355
15,1,False,pctl,0.003,swing0.1,2,3,reclaim,check,40,1,24,0.325,0.25,0.075,-0.2914019900358869,-0.32260436404035386,-0.2438242943386193,-0.07878006970173464,-0.3704462984952834,0.8229,-0.5819107245016489,1.2418237177143494,5.666666666666667,-4.390877035094581
15,1,False,pctl,0.003,swing0.1,2,3,reclaim,select,57,1,30,0.3333333333333333,0.22807017543859648,0.10526315789473684,-0.413255292492599,-0.3404527197260322,-0.13680480441816176,-0.20364791530787035,-1.167208598383694,0.2816,-0.5022675383257689,1.3429738746434206,2.3333333333333335,-6.2681969599388765
15,1,False,pctl,0.003,swing0.1,3,0,prev_bar,check,19,1,19,0.3684210526315789,0.2631578947368421,0.10526315789473684,-0.22531622135388957,0.14209087839168633,-0.2735788599846532,0.4156697383763395,1.014231160305774,0.3037,-0.5742369198675743,1.463231145382725,16.5,-3.392065477904793
15,1,False,pctl,0.003,swing0.1,3,0,prev_bar,select,24,1,22,0.3333333333333333,0.125,0.25,-0.6240047647145707,-0.18255105989790388,0.02287360096281275,-0.20542466086071673,-0.6696294883072816,0.4945,-0.8360522828377852,2.0635914195181586,7.416666666666667,-5.620535872133353
15,1,False,pctl,0.003,swing0.1,3,0,reclaim,check,19,1,19,0.2631578947368421,0.2631578947368421,0.0,-0.7447227735981037,-0.1375369952715555,-0.28923476060794767,0.15169776533639212,0.3381718164921484,0.7123,-1.1649466187213888,1.1362007398273741,11.416666666666666,-3.5540583172618767
15,1,False,pctl,0.003,swing0.1,3,0,reclaim,select,26,1,23,0.23076923076923078,0.11538461538461539,0.11538461538461539,-0.8143918976414503,-0.5914940508117135,-0.231080591904392,-0.3604134589073214,-1.334276507129292,0.1074,-1.161769263124606,1.0119736232992684,0.8333333333333334,-5.495586226500999
15,1,False,pctl,0.003,swing0.1,3,3,prev_bar,check,38,1,24,0.2894736842105263,0.15789473684210525,0.13157894736842105,-0.1123513278684777,-0.24098307698576493,-0.22470045849992787,-0.01628261848583698,-0.0639536556962037,0.9536,-0.5192506607380838,1.512152261501687,10.25,-4.168215448721408
15,1,False,pctl,0.003,swing0.1,3,3,prev_bar,select,44,1,28,0.38636363636363635,0.20454545454545456,0.20454545454545456,0.26475875315949515,0.08621972590758807,0.02386045086901919,0.06235927503856884,0.24058053325894443,0.7866,-0.23155103458739448,1.9218703431188398,8.458333333333334,-6.2036586493704355
15,1,False,pctl,0.003,swing0.1,3,3,reclaim,check,41,1,24,0.24390243902439024,0.14634146341463414,0.0975609756097561,-0.38012066297355307,-0.4260053614768057,-0.25290087876150863,-0.17310448271529705,-0.7322552257971453,0.5719,-0.7715797599378326,1.1601205292807504,5.833333333333333,-4.3514594638149
15,1,False,pctl,0.003,swing0.1,3,3,reclaim,select,59,1,31,0.288135593220339,0.15254237288135594,0.13559322033898305,-0.49403319962939674,-0.3344714717541935,-0.07946599821880734,-0.25500547353538616,-1.3473018880069494,0.0933,-0.585273389236561,1.3429738746434206,2.5833333333333335,-6.693778458418064
15,1,False,pctl,0.003,swing0.1,5,0,prev_bar,check,19,1,19,0.3684210526315789,0.10526315789473684,0.2631578947368421,-0.15335499556741536,0.23147291070634163,-0.37386291373836056,0.6053358244447021,1.3081432439699079,0.2862,-0.7671716021815292,1.463231145382725,20.666666666666668,-3.392065477904793
15,1,False,pctl,0.003,swing0.1,5,0,prev_bar,select,24,1,22,0.2916666666666667,0.0,0.3333333333333333,-0.9152563313849282,-0.3747370000002987,0.12133687311072398,-0.49607387311102275,-1.886849638041794,0.0904,-0.906868874209181,2.0635914195181586,9.291666666666666,-5.620535872133353
15,1,False,pctl,0.003,swing0.1,5,0,reclaim,check,19,1,19,0.2631578947368421,0.10526315789473684,0.15789473684210525,-0.6604266570176045,-0.019509103235391078,-0.23207704507345053,0.21256794183805947,0.4105498533325379,0.7007,-1.1649466187213888,1.1362007398273741,11.75,-3.5540583172618767
15,1,False,pctl,0.003,swing0.1,5,0,reclaim,select,26,1,23,0.15384615384615385,0.038461538461538464,0.11538461538461539,-0.9123917250878185,-0.8222632815809446,0.004352220031534991,-0.8266155016124797,-2.813127566732224,0.0157,-1.2308846699666136,1.0119736232992684,0.9166666666666666,-5.495586226500999
15,1,False,pctl,0.003,swing0.1,5,3,prev_bar,check,38,1,24,0.2894736842105263,0.05263157894736842,0.23684210526315788,-0.13127699935454273,-0.21457239626853036,-0.25929376601236137,0.044721369743831015,0.15830979837401835,0.9086,-0.6092887037305392,1.512152261501687,11.375,-4.168215448721408
15,1,False,pctl,0.003,swing0.1,5,3,prev_bar,select,44,1,28,0.3181818181818182,0.022727272727272728,0.3181818181818182,-0.28262741403452984,-0.19312559244335362,-0.01195846474865145,-0.18116712769470214,-0.7591428765775267,0.4599,-0.604539175990638,1.9218703431188398,11.208333333333334,-6.2036586493704355
15,1,False,pctl,0.003,swing0.1,5,3,reclaim,check,41,1,24,0.24390243902439024,0.07317073170731707,0.17073170731707318,-0.30248490597479916,-0.32252902126492466,-0.42300447291952203,0.10047545165459743,0.35166206157761365,0.7555,-0.7485824462148429,1.1601205292807504,5.833333333333333,-4.3514594638149
15,1,False,pctl,0.003,swing0.1,5,3,reclaim,select,58,1,30,0.25862068965517243,0.06896551724137931,0.1896551724137931,-0.3754852459930917,-0.34021607264434517,-0.12807226031199612,-0.2121438123323491,-0.9065910648874026,0.3129,-0.6953527153361322,1.3579067168649732,3.9166666666666665,-6.31501827933128
15,1,False,pctl,0.01,swing0.1,2,0,prev_bar,check,27,1,25,0.37037037037037035,0.2962962962962963,0.07407407407407407,-0.40330896290634405,-0.136066949980017,-0.15647639897317386,0.02040944899315686,0.07051748589174557,0.9233,-0.638772561091954,1.3856087357459361,6.25,-3.392065477904793
15,1,False,pctl,0.01,swing0.1,2,0,prev_bar,select,25,1,25,0.36,0.24,0.16,-0.4252867229154172,-0.20197207508457068,0.06415727412013003,-0.26612934920470077,-1.0081184286344618,0.2994,-0.7222737418843235,1.854548818204098,5.916666666666667,-4.859447898632041
15,1,False,pctl,0.01,swing0.1,2,0,reclaim,check,27,1,26,0.4444444444444444,0.4074074074074074,0.037037037037037035,-0.04275352419465996,0.07171378363084052,-0.3671553345702407,0.43886911820108104,1.6001065237731897,0.1872,-0.27498744555878746,0.9873452581584224,4.416666666666667,-3.4836829674272707
15,1,False,pctl,0.01,swing0.1,2,0,reclaim,select,27,1,26,0.25925925925925924,0.18518518518518517,0.14814814814814814,-0.34848842839569777,-0.4778115546012857,-0.17303284524065476,-0.3047787093606309,-1.3931404783263348,0.0555,-0.968514592456409,1.054780481895368,1.8333333333333333,-4.31091005606421
15,1,False,pctl,0.01,swing0.1,2,3,prev_bar,check,53,1,30,0.32075471698113206,0.22641509433962265,0.09433962264150944,-0.4842607571105854,-0.3096518574861481,-0.28652777690421755,-0.023124080581930512,-0.12562334604980704,0.9044,-0.5153022097357018,1.3856087357459361,5.166666666666667,-4.367386315679466
15,1,False,pctl,0.01,swing0.1,2,3,prev_bar,select,49,1,31,0.3877551020408163,0.2857142857142857,0.12244897959183673,-0.08344026891903912,-0.09107856069665211,-0.012021463116844081,-0.07905709757980799,-0.3995907197338853,0.7126,-0.2699896145144483,1.8503297124250948,6.5,-5.617428116319623
15,1,False,pctl,0.01,swing0.1,2,3,reclaim,check,49,1,32,0.3877551020408163,0.2857142857142857,0.10204081632653061,0.022457292557887885,-0.13579637361465471,-0.36453559051910783,0.2287392169044532,1.17205957202185,0.2958,-0.33058860464064016,1.2551253099428097,5.833333333333333,-3.8438353339073528
15,1,False,pctl,0.01,swing0.1,2,3,reclaim,select,58,1,34,0.3275862068965517,0.22413793103448276,0.13793103448275862,-0.2532662298534061,-0.31936199260468423,-0.09087866651564694,-0.22848332608903726,-1.4484332289659718,0.1797,-0.4732770844335131,1.4464736924266701,2.75,-4.60232162602196
15,1,False,pctl,0.01,swing0.1,3,0,prev_bar,check,26,1,25,0.3076923076923077,0.15384615384615385,0.15384615384615385,-0.5384312210944405,-0.21905520827770386,-0.1751078139733628,-0.04394739430434106,-0.150475013177745,0.8399,-0.7798432822688097,1.4087685077349588,14.416666666666666,-3.42031952672302
15,1,False,pctl,0.01,swing0.1,3,0,prev_bar,select,25,1,25,0.32,0.12,0.24,-0.5199491816632773,-0.23874231837506302,0.048729462490018464,-0.2874717808650815,-1.031523955750756,0.3467,-0.8718613464374505,1.854548818204098,7.25,-4.859447898632041
15,1,False,pctl,0.01,swing0.1,3,0,reclaim,check,27,1,26,0.2962962962962963,0.2222222222222222,0.07407407407407407,-0.29138020060283093,-0.1774979637525007,-0.2106932623700871,0.03319529861758638,0.09727914908434433,0.8814,-0.7539462742879146,1.0091245674740508,6.0,-3.4836829674272707
15,1,False,pctl,0.01,swing0.1,3,0,reclaim,select,26,1,25,0.23076923076923078,0.11538461538461539,0.19230769230769232,-0.3903034785334675,-0.4823468143988497,-0.16444978693510995,-0.3178970274637397,-1.1210074304608209,0.0838,-1.1002270499752609,1.0210882243023511,1.8333333333333333,-4.516878000824015
15,1,False,pctl,0.01,swing0.1,3,3,prev_bar,check,54,1,31,0.2777777777777778,0.1111111111111111,0.16666666666666666,-0.5155411936942429,-0.38836488615208914,-0.31149711108891515,-0.07686777506317398,-0.42555610451028053,0.6959,-0.5908982885537288,1.415082033816613,6.25,-4.81641787658732
15,1,False,pctl,0.01,swing0.1,3,3,prev_bar,select,49,1,31,0.3673469387755102,0.20408163265306123,0.1836734693877551,0.15083232547611958,0.0361646164797579,0.03298602929327,0.0031785871864878842,0.012637228251540983,0.9836,-0.25053741942795693,1.8503297124250948,7.416666666666667,-5.617428116319623
15,1,False,pctl,0.01,swing0.1,3,3,reclaim,check,54,1,34,0.2962962962962963,0.16666666666666666,0.12962962962962962,-0.1948159496941748,-0.28978503394740296,-0.29318488930904735,0.003399855361644271,0.015716993808046798,0.9853,-0.5242677362117624,1.2633809274317855,5.916666666666667,-4.1633013181884175
15,1,False,pctl,0.01,swing0.1,3,3,reclaim,select,58,1,33,0.3103448275862069,0.1724137931034483,0.1724137931034483,-0.12415857729269858,-0.22435399903678163,-0.15616557404907191,-0.06818842498770969,-0.3287046018397066,0.6928,-0.46803462500402593,1.3604968272385278,3.7916666666666665,-4.60232162602196
15,1,False,pctl,0.01,swing0.1,5,0,prev_bar,check,26,1,25,0.3076923076923077,0.07692307692307693,0.23076923076923078,-0.5070896279218269,-0.17095950745358507,-0.24781429556161635,0.0768547881080313,0.21096894527677895,0.8246,-0.8168378127401559,1.4087685077349588,14.416666666666666,-3.42031952672302
15,1,False,pctl,0.01,swing0.1,5,0,prev_bar,select,25,1,25,0.28,0.04,0.28,-0.7468483828952102,-0.37064358219926496,-0.11121872163445685,-0.2594248605648081,-0.8526687899113746,0.3933,-0.9391371082402765,1.854548818204098,7.416666666666667,-4.859447898632041
15,1,False,pctl,0.01,swing0.1,5,0,reclaim,check,27,1,26,0.25925925925925924,0.07407407407407407,0.18518518518518517,-0.26691873407716477,-0.19739073164354276,-0.2661848388823805,0.06879410723883769,0.1824967745460148,0.793,-0.9807574918223332,1.0091245674740508,7.833333333333333,-3.4836829674272707
15,1,False,pctl,0.01,swing0.1,5,0,reclaim,select,26,1,25,0.19230769230769232,0.07692307692307693,0.19230769230769232,-0.40607723378778915,-0.4823468143988503,-0.09074352067884361,-0.3916032937200065,-1.1145683113598892,0.2896,-1.1647749774736027,1.0210882243023511,1.9583333333333333,-4.516878000824015
15,1,False,pctl,0.01,swing0.1,5,3,prev_bar,check,54,1,31,0.2777777777777778,0.037037037037037035,0.24074074074074073,-0.5288592588140666,-0.3697795923140352,-0.3692375638648093,-0.000542028449225925,-0.002651457990682857,0.9985,-0.6609295017584497,1.415082033816613,6.25,-4.81641787658732
15,1,False,pctl,0.01,swing0.1,5,3,prev_bar,select,49,1,31,0.30612244897959184,0.04081632653061224,0.2857142857142857,-0.3256150087290798,-0.17385975101904694,-0.0544229433098225,-0.11943680770922445,-0.49803483075903626,0.6027,-0.5827237504939059,1.8503297124250948,11.083333333333334,-5.617428116319623
15,1,False,pctl,0.01,swing0.1,5,3,reclaim,check,55,1,34,0.2727272727272727,0.05454545454545454,0.21818181818181817,-0.1971362180937949,-0.2932910205577713,-0.31176343616119295,0.018472415603421572,0.07517039509072773,0.9301,-0.5899705187541421,1.2551253099428097,7.083333333333333,-4.222284184763348
15,1,False,pctl,0.01,swing0.1,5,3,reclaim,select,58,1,33,0.25862068965517243,0.06896551724137931,0.22413793103448276,-0.18218546761804472,-0.28521742043584314,-0.07463270004911439,-0.21058472038672874,-0.843105444467543,0.2967,-0.6324979941330554,1.3604968272385278,4.708333333333333,-4.60232162602196
