ADA_USDT_000360	mad_fail_both_high	SKIP high MAD ADA_USDT_000360: stored_mad=10.246 > 5.0
ADA_USDT_001160	mad_fail_both_high	SKIP high MAD ADA_USDT_001160: stored_mad=7.842 > 5.0
ADA_USDT_001460	mad_fail_both_high	SKIP high MAD ADA_USDT_001460: stored_mad=9.108 > 5.0
ADA_USDT_001960	mad_fail_both_high	SKIP high MAD ADA_USDT_001960: stored_mad=10.755 > 5.0
ADA_USDT_002060	mad_fail_both_high	SKIP high MAD ADA_USDT_002060: stored_mad=8.828 > 5.0
ADA_USDT_002660	mad_fail_both_high	SKIP high MAD ADA_USDT_002660: stored_mad=9.486 > 5.0
ADA_USDT_003360	mad_fail_both_high	SKIP high MAD ADA_USDT_003360: stored_mad=11.246 > 5.0
ADA_USDT_003760	mad_fail_both_high	SKIP high MAD ADA_USDT_003760: stored_mad=8.889 > 5.0
ADA_USDT_004060	mad_fail_both_high	SKIP high MAD ADA_USDT_004060: stored_mad=12.832 > 5.0
ADA_USDT_005260	mad_fail_both_high	SKIP high MAD ADA_USDT_005260: stored_mad=13.344 > 5.0
ADA_USDT_005560	mad_fail_both_high	SKIP high MAD ADA_USDT_005560: stored_mad=11.204 > 5.0
ADA_USDT_006160	mad_fail_both_high	SKIP high MAD ADA_USDT_006160: stored_mad=10.520 > 5.0
ADA_USDT_006860	mad_fail_both_high	SKIP high MAD ADA_USDT_006860: stored_mad=7.714 > 5.0
ADA_USDT_008160	mad_fail_both_high	SKIP high MAD ADA_USDT_008160: stored_mad=10.506 > 5.0
ADA_USDT_008260	mad_fail_both_high	SKIP high MAD ADA_USDT_008260: stored_mad=9.757 > 5.0
ADA_USDT_008460	mad_fail_both_high	SKIP high MAD ADA_USDT_008460: stored_mad=10.189 > 5.0
ADA_USDT_008560	mad_fail_both_high	SKIP high MAD ADA_USDT_008560: stored_mad=11.287 > 5.0
ADA_USDT_009060	mad_fail_both_high	SKIP high MAD ADA_USDT_009060: stored_mad=10.457 > 5.0
ADA_USDT_009160	mad_fail_both_high	SKIP high MAD ADA_USDT_009160: stored_mad=10.661 > 5.0
ADA_USDT_009260	mad_fail_both_high	SKIP high MAD ADA_USDT_009260: stored_mad=10.114 > 5.0
ADA_USDT_009460	mad_fail_both_high	SKIP high MAD ADA_USDT_009460: stored_mad=8.839 > 5.0
ADA_USDT_009760	mad_fail_both_high	SKIP high MAD ADA_USDT_009760: stored_mad=9.025 > 5.0
ADA_USDT_010160	mad_fail_both_high	SKIP high MAD ADA_USDT_010160: stored_mad=9.393 > 5.0
ADA_USDT_010260	mad_fail_both_high	SKIP high MAD ADA_USDT_010260: stored_mad=10.143 > 5.0
ADA_USDT_010460	mad_fail_both_high	SKIP high MAD ADA_USDT_010460: stored_mad=9.384 > 5.0
ADA_USDT_011060	mad_fail_both_high	SKIP high MAD ADA_USDT_011060: stored_mad=9.393 > 5.0
ADA_USDT_011360	mad_fail_both_high	SKIP high MAD ADA_USDT_011360: stored_mad=11.847 > 5.0
ADA_USDT_011460	mad_fail_both_high	SKIP high MAD ADA_USDT_011460: stored_mad=10.782 > 5.0
ADA_USDT_012060	mad_fail_both_high	SKIP high MAD ADA_USDT_012060: stored_mad=10.766 > 5.0
ADA_USDT_012160	mad_fail_both_high	SKIP high MAD ADA_USDT_012160: stored_mad=10.435 > 5.0
ADA_USDT_012560	mad_fail_both_high	SKIP high MAD ADA_USDT_012560: stored_mad=7.170 > 5.0
ADA_USDT_012760	mad_fail_both_high	SKIP high MAD ADA_USDT_012760: stored_mad=7.405 > 5.0
ADA_USDT_012860	mad_fail_both_high	SKIP high MAD ADA_USDT_012860: stored_mad=9.418 > 5.0
ADA_USDT_013060	mad_fail_both_high	SKIP high MAD ADA_USDT_013060: stored_mad=8.193 > 5.0
ADA_USDT_013160	mad_fail_both_high	SKIP high MAD ADA_USDT_013160: stored_mad=8.329 > 5.0
ADA_USDT_013260	mad_fail_both_high	SKIP high MAD ADA_USDT_013260: stored_mad=9.326 > 5.0
ADA_USDT_013360	mad_fail_both_high	SKIP high MAD ADA_USDT_013360: stored_mad=8.354 > 5.0
ADA_USDT_013660	mad_fail_both_high	SKIP high MAD ADA_USDT_013660: stored_mad=10.130 > 5.0
ADA_USDT_013760	mad_fail_both_high	SKIP high MAD ADA_USDT_013760: stored_mad=9.106 > 5.0
ADA_USDT_013860	mad_fail_both_high	SKIP high MAD ADA_USDT_013860: stored_mad=9.758 > 5.0
ADA_USDT_013960	mad_fail_both_high	SKIP high MAD ADA_USDT_013960: stored_mad=9.359 > 5.0
ADA_USDT_014260	mad_fail_both_high	SKIP high MAD ADA_USDT_014260: stored_mad=9.913 > 5.0
ADA_USDT_014960	mad_fail_both_high	SKIP high MAD ADA_USDT_014960: stored_mad=9.127 > 5.0
ADA_USDT_015460	mad_fail_both_high	SKIP high MAD ADA_USDT_015460: stored_mad=8.981 > 5.0
ADA_USDT_015560	mad_fail_both_high	SKIP high MAD ADA_USDT_015560: stored_mad=10.105 > 5.0
ADA_USDT_015760	mad_fail_both_high	SKIP high MAD ADA_USDT_015760: stored_mad=9.982 > 5.0
ADA_USDT_015860	mad_fail_both_high	SKIP high MAD ADA_USDT_015860: stored_mad=9.562 > 5.0
ADA_USDT_015960	mad_fail_both_high	SKIP high MAD ADA_USDT_015960: stored_mad=9.664 > 5.0
ADA_USDT_016860	mad_fail_both_high	SKIP high MAD ADA_USDT_016860: stored_mad=13.157 > 5.0
ADA_USDT_016960	mad_fail_both_high	SKIP high MAD ADA_USDT_016960: stored_mad=11.268 > 5.0
ALLO_USDT_000660	mad_fail_both_high	SKIP high MAD ALLO_USDT_000660: stored_mad=9.925 > 5.0
ALLO_USDT_000960	mad_fail_both_high	SKIP high MAD ALLO_USDT_000960: stored_mad=11.381 > 5.0
ALLO_USDT_002360	mad_fail_both_high	SKIP high MAD ALLO_USDT_002360: stored_mad=10.151 > 5.0
ALLO_USDT_002460	mad_fail_both_high	SKIP high MAD ALLO_USDT_002460: stored_mad=8.175 > 5.0
ALLO_USDT_002560	mad_fail_both_high	SKIP high MAD ALLO_USDT_002560: stored_mad=9.674 > 5.0
ALLO_USDT_003160	mad_fail_both_high	SKIP high MAD ALLO_USDT_003160: stored_mad=8.121 > 5.0
ALLO_USDT_004760	mad_fail_both_high	SKIP high MAD ALLO_USDT_004760: stored_mad=9.977 > 5.0
ALLO_USDT_005160	mad_fail_both_high	SKIP high MAD ALLO_USDT_005160: stored_mad=9.645 > 5.0
ALLO_USDT_006460	mad_fail_both_high	SKIP high MAD ALLO_USDT_006460: stored_mad=7.509 > 5.0
ALLO_USDT_006660	mad_fail_both_high	SKIP high MAD ALLO_USDT_006660: stored_mad=7.509 > 5.0
ALLO_USDT_007360	mad_fail_both_high	SKIP high MAD ALLO_USDT_007360: stored_mad=8.685 > 5.0
ALLO_USDT_007460	mad_fail_both_high	SKIP high MAD ALLO_USDT_007460: stored_mad=9.362 > 5.0
ALLO_USDT_007560	mad_fail_both_high	SKIP high MAD ALLO_USDT_007560: stored_mad=9.934 > 5.0
ALLO_USDT_010060	mad_fail_both_high	SKIP high MAD ALLO_USDT_010060: stored_mad=8.985 > 5.0
ALLO_USDT_010160	mad_fail_both_high	SKIP high MAD ALLO_USDT_010160: stored_mad=10.991 > 5.0
ALLO_USDT_010460	mad_fail_both_high	SKIP high MAD ALLO_USDT_010460: stored_mad=10.401 > 5.0
ALLO_USDT_010960	mad_fail_both_high	SKIP high MAD ALLO_USDT_010960: stored_mad=9.317 > 5.0
ALLO_USDT_011060	mad_fail_both_high	SKIP high MAD ALLO_USDT_011060: stored_mad=10.229 > 5.0
ALLO_USDT_011660	mad_fail_both_high	SKIP high MAD ALLO_USDT_011660: stored_mad=10.375 > 5.0
ALLO_USDT_011960	mad_fail_both_high	SKIP high MAD ALLO_USDT_011960: stored_mad=9.277 > 5.0
ALLO_USDT_012160	mad_fail_both_high	SKIP high MAD ALLO_USDT_012160: stored_mad=10.096 > 5.0
ALLO_USDT_012760	mad_fail_both_high	SKIP high MAD ALLO_USDT_012760: stored_mad=11.176 > 5.0
ALLO_USDT_012960	mad_fail_both_high	SKIP high MAD ALLO_USDT_012960: stored_mad=8.820 > 5.0
ALLO_USDT_013960	mad_fail_both_high	SKIP high MAD ALLO_USDT_013960: stored_mad=10.820 > 5.0
ALLO_USDT_014360	mad_fail_both_high	SKIP high MAD ALLO_USDT_014360: stored_mad=10.259 > 5.0
ALLO_USDT_014660	mad_fail_both_high	SKIP high MAD ALLO_USDT_014660: stored_mad=11.637 > 5.0
ALLO_USDT_014760	mad_fail_both_high	SKIP high MAD ALLO_USDT_014760: stored_mad=10.049 > 5.0
ALLO_USDT_015460	mad_fail_both_high	SKIP high MAD ALLO_USDT_015460: stored_mad=9.545 > 5.0
ALLO_USDT_015660	mad_fail_both_high	SKIP high MAD ALLO_USDT_015660: stored_mad=9.312 > 5.0
ALLO_USDT_016460	mad_fail_both_high	SKIP high MAD ALLO_USDT_016460: stored_mad=9.323 > 5.0
AVAX_USDT_000960	mad_fail_both_high	SKIP high MAD AVAX_USDT_000960: stored_mad=8.004 > 5.0
AVAX_USDT_001260	mad_fail_both_high	SKIP high MAD AVAX_USDT_001260: stored_mad=8.236 > 5.0
AVAX_USDT_001360	mad_fail_both_high	SKIP high MAD AVAX_USDT_001360: stored_mad=9.351 > 5.0
AVAX_USDT_001460	mad_fail_both_high	SKIP high MAD AVAX_USDT_001460: stored_mad=9.407 > 5.0
AVAX_USDT_001960	mad_fail_both_high	SKIP high MAD AVAX_USDT_001960: stored_mad=10.186 > 5.0
AVAX_USDT_002060	mad_fail_both_high	SKIP high MAD AVAX_USDT_002060: stored_mad=8.629 > 5.0
AVAX_USDT_002660	mad_fail_both_high	SKIP high MAD AVAX_USDT_002660: stored_mad=8.903 > 5.0
AVAX_USDT_003160	mad_fail_both_high	SKIP high MAD AVAX_USDT_003160: stored_mad=8.208 > 5.0
AVAX_USDT_003660	mad_fail_both_high	SKIP high MAD AVAX_USDT_003660: stored_mad=8.403 > 5.0
AVAX_USDT_004060	mad_fail_both_high	SKIP high MAD AVAX_USDT_004060: stored_mad=11.621 > 5.0
AVAX_USDT_004160	mad_fail_both_high	SKIP high MAD AVAX_USDT_004160: stored_mad=9.631 > 5.0
AVAX_USDT_004660	mad_fail_both_high	SKIP high MAD AVAX_USDT_004660: stored_mad=12.127 > 5.0
AVAX_USDT_005160	mad_fail_both_high	SKIP high MAD AVAX_USDT_005160: stored_mad=11.493 > 5.0
AVAX_USDT_005360	mad_fail_both_high	SKIP high MAD AVAX_USDT_005360: stored_mad=10.665 > 5.0
AVAX_USDT_005560	mad_fail_both_high	SKIP high MAD AVAX_USDT_005560: stored_mad=9.989 > 5.0
AVAX_USDT_007360	mad_fail_both_high	SKIP high MAD AVAX_USDT_007360: stored_mad=10.876 > 5.0
AVAX_USDT_007460	mad_fail_both_high	SKIP high MAD AVAX_USDT_007460: stored_mad=11.184 > 5.0
AVAX_USDT_007560	mad_fail_both_high	SKIP high MAD AVAX_USDT_007560: stored_mad=10.332 > 5.0
AVAX_USDT_007860	mad_fail_both_high	SKIP high MAD AVAX_USDT_007860: stored_mad=9.048 > 5.0
AVAX_USDT_008160	mad_fail_both_high	SKIP high MAD AVAX_USDT_008160: stored_mad=11.764 > 5.0
AVAX_USDT_008260	mad_fail_both_high	SKIP high MAD AVAX_USDT_008260: stored_mad=9.641 > 5.0
AVAX_USDT_008660	mad_fail_both_high	SKIP high MAD AVAX_USDT_008660: stored_mad=9.898 > 5.0
AVAX_USDT_008760	mad_fail_both_high	SKIP high MAD AVAX_USDT_008760: stored_mad=9.673 > 5.0
AVAX_USDT_009060	mad_fail_both_high	SKIP high MAD AVAX_USDT_009060: stored_mad=9.245 > 5.0
AVAX_USDT_009260	mad_fail_both_high	SKIP high MAD AVAX_USDT_009260: stored_mad=9.551 > 5.0
AVAX_USDT_009460	mad_fail_both_high	SKIP high MAD AVAX_USDT_009460: stored_mad=8.748 > 5.0
AVAX_USDT_009860	mad_fail_both_high	SKIP high MAD AVAX_USDT_009860: stored_mad=8.876 > 5.0
AVAX_USDT_010060	mad_fail_both_high	SKIP high MAD AVAX_USDT_010060: stored_mad=9.326 > 5.0
AVAX_USDT_010160	mad_fail_both_high	SKIP high MAD AVAX_USDT_010160: stored_mad=9.825 > 5.0
AVAX_USDT_010260	mad_fail_both_high	SKIP high MAD AVAX_USDT_010260: stored_mad=9.891 > 5.0
AVAX_USDT_010360	mad_fail_both_high	SKIP high MAD AVAX_USDT_010360: stored_mad=8.772 > 5.0
AVAX_USDT_010760	mad_fail_both_high	SKIP high MAD AVAX_USDT_010760: stored_mad=8.574 > 5.0
AVAX_USDT_010860	mad_fail_both_high	SKIP high MAD AVAX_USDT_010860: stored_mad=8.870 > 5.0
AVAX_USDT_011060	mad_fail_both_high	SKIP high MAD AVAX_USDT_011060: stored_mad=8.434 > 5.0
AVAX_USDT_011160	mad_fail_both_high	SKIP high MAD AVAX_USDT_011160: stored_mad=8.591 > 5.0
AVAX_USDT_011660	mad_fail_both_high	SKIP high MAD AVAX_USDT_011660: stored_mad=11.720 > 5.0
AVAX_USDT_012060	mad_fail_both_high	SKIP high MAD AVAX_USDT_012060: stored_mad=10.950 > 5.0
AVAX_USDT_012560	mad_fail_both_high	SKIP high MAD AVAX_USDT_012560: stored_mad=7.018 > 5.0
AVAX_USDT_012760	mad_fail_both_high	SKIP high MAD AVAX_USDT_012760: stored_mad=7.772 > 5.0
AVAX_USDT_012960	mad_fail_both_high	SKIP high MAD AVAX_USDT_012960: stored_mad=9.097 > 5.0
AVAX_USDT_013360	mad_fail_both_high	SKIP high MAD AVAX_USDT_013360: stored_mad=9.295 > 5.0
AVAX_USDT_013560	mad_fail_both_high	SKIP high MAD AVAX_USDT_013560: stored_mad=10.285 > 5.0
AVAX_USDT_013660	mad_fail_both_high	SKIP high MAD AVAX_USDT_013660: stored_mad=9.558 > 5.0
AVAX_USDT_015960	mad_fail_both_high	SKIP high MAD AVAX_USDT_015960: stored_mad=10.864 > 5.0
AVAX_USDT_016060	mad_fail_both_high	SKIP high MAD AVAX_USDT_016060: stored_mad=9.125 > 5.0
AVAX_USDT_017060	mad_fail_both_high	SKIP high MAD AVAX_USDT_017060: stored_mad=8.808 > 5.0
BASED_USDT_000860	mad_fail_both_high	SKIP high MAD BASED_USDT_000860: stored_mad=7.902 > 5.0
BASED_USDT_001160	mad_fail_both_high	SKIP high MAD BASED_USDT_001160: stored_mad=6.480 > 5.0
BASED_USDT_002860	mad_fail_both_high	SKIP high MAD BASED_USDT_002860: stored_mad=7.019 > 5.0
BASED_USDT_003760	mad_fail_both_high	SKIP high MAD BASED_USDT_003760: stored_mad=8.860 > 5.0
BASED_USDT_004060	mad_fail_both_high	SKIP high MAD BASED_USDT_004060: stored_mad=7.916 > 5.0
BASED_USDT_004860	mad_fail_both_high	SKIP high MAD BASED_USDT_004860: stored_mad=8.682 > 5.0
BASED_USDT_004960	mad_fail_both_high	SKIP high MAD BASED_USDT_004960: stored_mad=8.490 > 5.0
BASED_USDT_005360	mad_fail_both_high	SKIP high MAD BASED_USDT_005360: stored_mad=7.198 > 5.0
BCH_USDT_000560	mad_fail_both_high	SKIP high MAD BCH_USDT_000560: stored_mad=9.516 > 5.0
BCH_USDT_000660	mad_fail_both_high	SKIP high MAD BCH_USDT_000660: stored_mad=9.662 > 5.0
BCH_USDT_000760	mad_fail_both_high	SKIP high MAD BCH_USDT_000760: stored_mad=8.468 > 5.0
BCH_USDT_001560	mad_fail_both_high	SKIP high MAD BCH_USDT_001560: stored_mad=9.941 > 5.0
BCH_USDT_001660	mad_fail_both_high	SKIP high MAD BCH_USDT_001660: stored_mad=9.165 > 5.0
BCH_USDT_002160	mad_fail_both_high	SKIP high MAD BCH_USDT_002160: stored_mad=11.436 > 5.0
BCH_USDT_002460	mad_fail_both_high	SKIP high MAD BCH_USDT_002460: stored_mad=9.884 > 5.0
BCH_USDT_002560	mad_fail_both_high	SKIP high MAD BCH_USDT_002560: stored_mad=8.957 > 5.0
BCH_USDT_003260	mad_fail_both_high	SKIP high MAD BCH_USDT_003260: stored_mad=8.617 > 5.0
BCH_USDT_003860	mad_fail_both_high	SKIP high MAD BCH_USDT_003860: stored_mad=9.214 > 5.0
BCH_USDT_003960	mad_fail_both_high	SKIP high MAD BCH_USDT_003960: stored_mad=10.393 > 5.0
BCH_USDT_004060	mad_fail_both_high	SKIP high MAD BCH_USDT_004060: stored_mad=8.962 > 5.0
BCH_USDT_004160	mad_fail_both_high	SKIP high MAD BCH_USDT_004160: stored_mad=9.438 > 5.0
BCH_USDT_004660	mad_fail_both_high	SKIP high MAD BCH_USDT_004660: stored_mad=12.595 > 5.0
BCH_USDT_004760	mad_fail_both_high	SKIP high MAD BCH_USDT_004760: stored_mad=9.707 > 5.0
BCH_USDT_004860	mad_fail_both_high	SKIP high MAD BCH_USDT_004860: stored_mad=10.267 > 5.0
BCH_USDT_005360	mad_fail_both_high	SKIP high MAD BCH_USDT_005360: stored_mad=10.170 > 5.0
BCH_USDT_005460	mad_fail_both_high	SKIP high MAD BCH_USDT_005460: stored_mad=11.254 > 5.0
BCH_USDT_005860	mad_fail_both_high	SKIP high MAD BCH_USDT_005860: stored_mad=11.026 > 5.0
BCH_USDT_005960	mad_fail_both_high	SKIP high MAD BCH_USDT_005960: stored_mad=9.656 > 5.0
BCH_USDT_006560	mad_fail_both_high	SKIP high MAD BCH_USDT_006560: stored_mad=8.148 > 5.0
BCH_USDT_006860	mad_fail_both_high	SKIP high MAD BCH_USDT_006860: stored_mad=9.686 > 5.0
BCH_USDT_007360	mad_fail_both_high	SKIP high MAD BCH_USDT_007360: stored_mad=9.714 > 5.0
BCH_USDT_007460	mad_fail_both_high	SKIP high MAD BCH_USDT_007460: stored_mad=9.360 > 5.0
BCH_USDT_007560	mad_fail_both_high	SKIP high MAD BCH_USDT_007560: stored_mad=9.886 > 5.0
BCH_USDT_007660	mad_fail_both_high	SKIP high MAD BCH_USDT_007660: stored_mad=9.535 > 5.0
BCH_USDT_008060	mad_fail_both_high	SKIP high MAD BCH_USDT_008060: stored_mad=8.774 > 5.0
BCH_USDT_008160	mad_fail_both_high	SKIP high MAD BCH_USDT_008160: stored_mad=9.574 > 5.0
BCH_USDT_008260	mad_fail_both_high	SKIP high MAD BCH_USDT_008260: stored_mad=8.911 > 5.0
BCH_USDT_008560	mad_fail_both_high	SKIP high MAD BCH_USDT_008560: stored_mad=9.047 > 5.0
BCH_USDT_008860	mad_fail_both_high	SKIP high MAD BCH_USDT_008860: stored_mad=9.621 > 5.0
BCH_USDT_009060	mad_fail_both_high	SKIP high MAD BCH_USDT_009060: stored_mad=8.603 > 5.0
BCH_USDT_009160	mad_fail_both_high	SKIP high MAD BCH_USDT_009160: stored_mad=10.566 > 5.0
BCH_USDT_009260	mad_fail_both_high	SKIP high MAD BCH_USDT_009260: stored_mad=9.837 > 5.0
BCH_USDT_009460	mad_fail_both_high	SKIP high MAD BCH_USDT_009460: stored_mad=8.432 > 5.0
BCH_USDT_009760	mad_fail_both_high	SKIP high MAD BCH_USDT_009760: stored_mad=8.949 > 5.0
BCH_USDT_009860	mad_fail_both_high	SKIP high MAD BCH_USDT_009860: stored_mad=8.600 > 5.0
BCH_USDT_010060	mad_fail_both_high	SKIP high MAD BCH_USDT_010060: stored_mad=8.939 > 5.0
BCH_USDT_010660	mad_fail_both_high	SKIP high MAD BCH_USDT_010660: stored_mad=7.792 > 5.0
BCH_USDT_010860	mad_fail_both_high	SKIP high MAD BCH_USDT_010860: stored_mad=7.534 > 5.0
BCH_USDT_010960	mad_fail_both_high	SKIP high MAD BCH_USDT_010960: stored_mad=7.933 > 5.0
BCH_USDT_011660	mad_fail_both_high	SKIP high MAD BCH_USDT_011660: stored_mad=8.354 > 5.0
BCH_USDT_011860	mad_fail_both_high	SKIP high MAD BCH_USDT_011860: stored_mad=8.871 > 5.0
BCH_USDT_012060	mad_fail_both_high	SKIP high MAD BCH_USDT_012060: stored_mad=8.294 > 5.0
BCH_USDT_012160	mad_fail_both_high	SKIP high MAD BCH_USDT_012160: stored_mad=8.397 > 5.0
BCH_USDT_012960	mad_fail_both_high	SKIP high MAD BCH_USDT_012960: stored_mad=9.775 > 5.0
BCH_USDT_013060	mad_fail_both_high	SKIP high MAD BCH_USDT_013060: stored_mad=6.987 > 5.0
BCH_USDT_013260	mad_fail_both_high	SKIP high MAD BCH_USDT_013260: stored_mad=7.537 > 5.0
BCH_USDT_013360	mad_fail_both_high	SKIP high MAD BCH_USDT_013360: stored_mad=6.919 > 5.0
BCH_USDT_014160	mad_fail_both_high	SKIP high MAD BCH_USDT_014160: stored_mad=7.094 > 5.0
BCH_USDT_014360	mad_fail_both_high	SKIP high MAD BCH_USDT_014360: stored_mad=9.156 > 5.0
BCH_USDT_014560	mad_fail_both_high	SKIP high MAD BCH_USDT_014560: stored_mad=9.162 > 5.0
BCH_USDT_015060	mad_fail_both_high	SKIP high MAD BCH_USDT_015060: stored_mad=7.901 > 5.0
BCH_USDT_016960	mad_fail_both_high	SKIP high MAD BCH_USDT_016960: stored_mad=11.410 > 5.0
BCH_USDT_017060	mad_fail_both_high	SKIP high MAD BCH_USDT_017060: stored_mad=11.766 > 5.0
BCH_USDT_017160	mad_fail_both_high	SKIP high MAD BCH_USDT_017160: stored_mad=11.087 > 5.0
BCH_USDT_017260	mad_fail_both_high	SKIP high MAD BCH_USDT_017260: stored_mad=9.150 > 5.0
BNB_USDT_001760	mad_fail_both_high	SKIP high MAD BNB_USDT_001760: stored_mad=7.367 > 5.0
BNB_USDT_002060	mad_fail_both_high	SKIP high MAD BNB_USDT_002060: stored_mad=8.645 > 5.0
BNB_USDT_002360	mad_fail_both_high	SKIP high MAD BNB_USDT_002360: stored_mad=6.081 > 5.0
BNB_USDT_002460	mad_fail_both_high	SKIP high MAD BNB_USDT_002460: stored_mad=5.632 > 5.0
BNB_USDT_002560	mad_fail_both_high	SKIP high MAD BNB_USDT_002560: stored_mad=6.529 > 5.0
BNB_USDT_002660	mad_fail_both_high	SKIP high MAD BNB_USDT_002660: stored_mad=7.160 > 5.0
BNB_USDT_002960	mad_fail_both_high	SKIP high MAD BNB_USDT_002960: stored_mad=6.377 > 5.0
BNB_USDT_003060	mad_fail_both_high	SKIP high MAD BNB_USDT_003060: stored_mad=6.506 > 5.0
BNB_USDT_003260	mad_fail_both_high	SKIP high MAD BNB_USDT_003260: stored_mad=6.021 > 5.0
BNB_USDT_004060	mad_fail_both_high	SKIP high MAD BNB_USDT_004060: stored_mad=7.620 > 5.0
BNB_USDT_004260	mad_fail_both_high	SKIP high MAD BNB_USDT_004260: stored_mad=8.323 > 5.0
BNB_USDT_005360	mad_fail_both_high	SKIP high MAD BNB_USDT_005360: stored_mad=9.797 > 5.0
BNB_USDT_005560	mad_fail_both_high	SKIP high MAD BNB_USDT_005560: stored_mad=9.819 > 5.0
BNB_USDT_005760	mad_fail_both_high	SKIP high MAD BNB_USDT_005760: stored_mad=9.739 > 5.0
BNB_USDT_006360	mad_fail_both_high	SKIP high MAD BNB_USDT_006360: stored_mad=8.239 > 5.0
BNB_USDT_006460	mad_fail_both_high	SKIP high MAD BNB_USDT_006460: stored_mad=8.252 > 5.0
BNB_USDT_006660	mad_fail_both_high	SKIP high MAD BNB_USDT_006660: stored_mad=9.017 > 5.0
BNB_USDT_007260	mad_fail_both_high	SKIP high MAD BNB_USDT_007260: stored_mad=10.277 > 5.0
BNB_USDT_007360	mad_fail_both_high	SKIP high MAD BNB_USDT_007360: stored_mad=10.451 > 5.0
BNB_USDT_007460	mad_fail_both_high	SKIP high MAD BNB_USDT_007460: stored_mad=10.010 > 5.0
BNB_USDT_007860	mad_fail_both_high	SKIP high MAD BNB_USDT_007860: stored_mad=10.208 > 5.0
BNB_USDT_008260	mad_fail_both_high	SKIP high MAD BNB_USDT_008260: stored_mad=8.818 > 5.0
BNB_USDT_008660	mad_fail_both_high	SKIP high MAD BNB_USDT_008660: stored_mad=7.756 > 5.0
BNB_USDT_008760	mad_fail_both_high	SKIP high MAD BNB_USDT_008760: stored_mad=7.897 > 5.0
BNB_USDT_009160	mad_fail_both_high	SKIP high MAD BNB_USDT_009160: stored_mad=8.027 > 5.0
BNB_USDT_009460	mad_fail_both_high	SKIP high MAD BNB_USDT_009460: stored_mad=7.617 > 5.0
BNB_USDT_009760	mad_fail_both_high	SKIP high MAD BNB_USDT_009760: stored_mad=6.776 > 5.0
BNB_USDT_009960	mad_fail_both_high	SKIP high MAD BNB_USDT_009960: stored_mad=8.313 > 5.0
BNB_USDT_010060	mad_fail_both_high	SKIP high MAD BNB_USDT_010060: stored_mad=8.463 > 5.0
BNB_USDT_010160	mad_fail_both_high	SKIP high MAD BNB_USDT_010160: stored_mad=8.410 > 5.0
BNB_USDT_010460	mad_fail_both_high	SKIP high MAD BNB_USDT_010460: stored_mad=7.154 > 5.0
BNB_USDT_010760	mad_fail_both_high	SKIP high MAD BNB_USDT_010760: stored_mad=8.681 > 5.0
BNB_USDT_011060	mad_fail_both_high	SKIP high MAD BNB_USDT_011060: stored_mad=8.383 > 5.0
BNB_USDT_011160	mad_fail_both_high	SKIP high MAD BNB_USDT_011160: stored_mad=8.371 > 5.0
BNB_USDT_011260	mad_fail_both_high	SKIP high MAD BNB_USDT_011260: stored_mad=8.420 > 5.0
BNB_USDT_011460	mad_fail_both_high	SKIP high MAD BNB_USDT_011460: stored_mad=8.032 > 5.0
BNB_USDT_011860	mad_fail_both_high	SKIP high MAD BNB_USDT_011860: stored_mad=7.837 > 5.0
BNB_USDT_012060	mad_fail_both_high	SKIP high MAD BNB_USDT_012060: stored_mad=8.202 > 5.0
BNB_USDT_012360	mad_fail_both_high	SKIP high MAD BNB_USDT_012360: stored_mad=7.627 > 5.0
BNB_USDT_012760	mad_fail_both_high	SKIP high MAD BNB_USDT_012760: stored_mad=6.663 > 5.0
BNB_USDT_012860	mad_fail_both_high	SKIP high MAD BNB_USDT_012860: stored_mad=7.673 > 5.0
BNB_USDT_013260	mad_fail_both_high	SKIP high MAD BNB_USDT_013260: stored_mad=8.291 > 5.0
BNB_USDT_013960	mad_fail_both_high	SKIP high MAD BNB_USDT_013960: stored_mad=8.090 > 5.0
BNB_USDT_014160	mad_fail_both_high	SKIP high MAD BNB_USDT_014160: stored_mad=8.510 > 5.0
BNB_USDT_014260	mad_fail_both_high	SKIP high MAD BNB_USDT_014260: stored_mad=9.653 > 5.0
BNB_USDT_014560	mad_fail_both_high	SKIP high MAD BNB_USDT_014560: stored_mad=8.245 > 5.0
BNB_USDT_015060	mad_fail_both_high	SKIP high MAD BNB_USDT_015060: stored_mad=7.523 > 5.0
BNB_USDT_015660	mad_fail_both_high	SKIP high MAD BNB_USDT_015660: stored_mad=9.727 > 5.0
BNB_USDT_016560	mad_fail_both_high	SKIP high MAD BNB_USDT_016560: stored_mad=10.318 > 5.0
BNB_USDT_016660	mad_fail_both_high	SKIP high MAD BNB_USDT_016660: stored_mad=10.092 > 5.0
BNB_USDT_016860	mad_fail_both_high	SKIP high MAD BNB_USDT_016860: stored_mad=10.390 > 5.0
BNB_USDT_016960	mad_fail_both_high	SKIP high MAD BNB_USDT_016960: stored_mad=9.052 > 5.0
BNB_USDT_017060	mad_fail_both_high	SKIP high MAD BNB_USDT_017060: stored_mad=8.890 > 5.0
CFX_USDT_000660	mad_fail_both_high	SKIP high MAD CFX_USDT_000660: stored_mad=9.147 > 5.0
CFX_USDT_000760	mad_fail_both_high	SKIP high MAD CFX_USDT_000760: stored_mad=9.784 > 5.0
CFX_USDT_001160	mad_fail_both_high	SKIP high MAD CFX_USDT_001160: stored_mad=8.936 > 5.0
CFX_USDT_001360	mad_fail_both_high	SKIP high MAD CFX_USDT_001360: stored_mad=10.487 > 5.0
CFX_USDT_001460	mad_fail_both_high	SKIP high MAD CFX_USDT_001460: stored_mad=8.620 > 5.0
CFX_USDT_002960	mad_fail_both_high	SKIP high MAD CFX_USDT_002960: stored_mad=8.117 > 5.0
CFX_USDT_003160	mad_fail_both_high	SKIP high MAD CFX_USDT_003160: stored_mad=8.441 > 5.0
CFX_USDT_003760	mad_fail_both_high	SKIP high MAD CFX_USDT_003760: stored_mad=8.729 > 5.0
CFX_USDT_004260	mad_fail_both_high	SKIP high MAD CFX_USDT_004260: stored_mad=10.989 > 5.0
CFX_USDT_004660	mad_fail_both_high	SKIP high MAD CFX_USDT_004660: stored_mad=11.082 > 5.0
CFX_USDT_004860	mad_fail_both_high	SKIP high MAD CFX_USDT_004860: stored_mad=8.309 > 5.0
CFX_USDT_005460	mad_fail_both_high	SKIP high MAD CFX_USDT_005460: stored_mad=9.728 > 5.0
CFX_USDT_006060	mad_fail_both_high	SKIP high MAD CFX_USDT_006060: stored_mad=10.885 > 5.0
CFX_USDT_006160	mad_fail_both_high	SKIP high MAD CFX_USDT_006160: stored_mad=9.468 > 5.0
CFX_USDT_006760	mad_fail_both_high	SKIP high MAD CFX_USDT_006760: stored_mad=10.264 > 5.0
CFX_USDT_007160	mad_fail_both_high	SKIP high MAD CFX_USDT_007160: stored_mad=9.174 > 5.0
CFX_USDT_007260	mad_fail_both_high	SKIP high MAD CFX_USDT_007260: stored_mad=8.864 > 5.0
CFX_USDT_007460	mad_fail_both_high	SKIP high MAD CFX_USDT_007460: stored_mad=10.791 > 5.0
CFX_USDT_007560	mad_fail_both_high	SKIP high MAD CFX_USDT_007560: stored_mad=12.567 > 5.0
CFX_USDT_007760	mad_fail_both_high	SKIP high MAD CFX_USDT_007760: stored_mad=12.194 > 5.0
CFX_USDT_007860	mad_fail_both_high	SKIP high MAD CFX_USDT_007860: stored_mad=11.899 > 5.0
CFX_USDT_008060	mad_fail_both_high	SKIP high MAD CFX_USDT_008060: stored_mad=10.665 > 5.0
CFX_USDT_008260	mad_fail_both_high	SKIP high MAD CFX_USDT_008260: stored_mad=9.406 > 5.0
CFX_USDT_008460	mad_fail_both_high	SKIP high MAD CFX_USDT_008460: stored_mad=8.959 > 5.0
CFX_USDT_008760	mad_fail_both_high	SKIP high MAD CFX_USDT_008760: stored_mad=10.088 > 5.0
CFX_USDT_008860	mad_fail_both_high	SKIP high MAD CFX_USDT_008860: stored_mad=10.638 > 5.0
CFX_USDT_009460	mad_fail_both_high	SKIP high MAD CFX_USDT_009460: stored_mad=9.263 > 5.0
CFX_USDT_009860	mad_fail_both_high	SKIP high MAD CFX_USDT_009860: stored_mad=10.018 > 5.0
CFX_USDT_010360	mad_fail_both_high	SKIP high MAD CFX_USDT_010360: stored_mad=11.220 > 5.0
CFX_USDT_010460	mad_fail_both_high	SKIP high MAD CFX_USDT_010460: stored_mad=10.828 > 5.0
CFX_USDT_011160	mad_fail_both_high	SKIP high MAD CFX_USDT_011160: stored_mad=10.986 > 5.0
CFX_USDT_011260	mad_fail_both_high	SKIP high MAD CFX_USDT_011260: stored_mad=11.345 > 5.0
CFX_USDT_012460	mad_fail_both_high	SKIP high MAD CFX_USDT_012460: stored_mad=7.911 > 5.0
CFX_USDT_012560	mad_fail_both_high	SKIP high MAD CFX_USDT_012560: stored_mad=7.379 > 5.0
CFX_USDT_013260	mad_fail_both_high	SKIP high MAD CFX_USDT_013260: stored_mad=11.016 > 5.0
CFX_USDT_013360	mad_fail_both_high	SKIP high MAD CFX_USDT_013360: stored_mad=9.376 > 5.0
CFX_USDT_013860	mad_fail_both_high	SKIP high MAD CFX_USDT_013860: stored_mad=10.846 > 5.0
CFX_USDT_014860	mad_fail_both_high	SKIP high MAD CFX_USDT_014860: stored_mad=9.857 > 5.0
CFX_USDT_015360	mad_fail_both_high	SKIP high MAD CFX_USDT_015360: stored_mad=9.584 > 5.0
CFX_USDT_015460	mad_fail_both_high	SKIP high MAD CFX_USDT_015460: stored_mad=9.514 > 5.0
CFX_USDT_015560	mad_fail_both_high	SKIP high MAD CFX_USDT_015560: stored_mad=8.650 > 5.0
CFX_USDT_016560	mad_fail_both_high	SKIP high MAD CFX_USDT_016560: stored_mad=10.682 > 5.0
CFX_USDT_016960	mad_fail_both_high	SKIP high MAD CFX_USDT_016960: stored_mad=10.764 > 5.0
CFX_USDT_017360	mad_fail_both_high	SKIP high MAD CFX_USDT_017360: stored_mad=7.657 > 5.0
CHZ_USDT_000660	mad_fail_both_high	SKIP high MAD CHZ_USDT_000660: stored_mad=10.004 > 5.0
CHZ_USDT_000860	mad_fail_both_high	SKIP high MAD CHZ_USDT_000860: stored_mad=8.418 > 5.0
CHZ_USDT_001060	mad_fail_both_high	SKIP high MAD CHZ_USDT_001060: stored_mad=8.853 > 5.0
CHZ_USDT_001160	mad_fail_both_high	SKIP high MAD CHZ_USDT_001160: stored_mad=10.026 > 5.0
CHZ_USDT_001260	mad_fail_both_high	SKIP high MAD CHZ_USDT_001260: stored_mad=7.624 > 5.0
CHZ_USDT_001960	mad_fail_both_high	SKIP high MAD CHZ_USDT_001960: stored_mad=8.908 > 5.0
CHZ_USDT_002160	mad_fail_both_high	SKIP high MAD CHZ_USDT_002160: stored_mad=10.646 > 5.0
CHZ_USDT_002560	mad_fail_both_high	SKIP high MAD CHZ_USDT_002560: stored_mad=9.751 > 5.0
CHZ_USDT_002960	mad_fail_both_high	SKIP high MAD CHZ_USDT_002960: stored_mad=10.695 > 5.0
CHZ_USDT_003060	mad_fail_both_high	SKIP high MAD CHZ_USDT_003060: stored_mad=8.976 > 5.0
CHZ_USDT_003360	mad_fail_both_high	SKIP high MAD CHZ_USDT_003360: stored_mad=9.575 > 5.0
CHZ_USDT_003560	mad_fail_both_high	SKIP high MAD CHZ_USDT_003560: stored_mad=10.751 > 5.0
CHZ_USDT_003860	mad_fail_both_high	SKIP high MAD CHZ_USDT_003860: stored_mad=8.569 > 5.0
CHZ_USDT_003960	mad_fail_both_high	SKIP high MAD CHZ_USDT_003960: stored_mad=10.424 > 5.0
CHZ_USDT_004060	mad_fail_both_high	SKIP high MAD CHZ_USDT_004060: stored_mad=10.029 > 5.0
CHZ_USDT_004160	mad_fail_both_high	SKIP high MAD CHZ_USDT_004160: stored_mad=8.666 > 5.0
CHZ_USDT_004260	mad_fail_both_high	SKIP high MAD CHZ_USDT_004260: stored_mad=9.599 > 5.0
CHZ_USDT_004360	mad_fail_both_high	SKIP high MAD CHZ_USDT_004360: stored_mad=8.885 > 5.0
CHZ_USDT_004660	mad_fail_both_high	SKIP high MAD CHZ_USDT_004660: stored_mad=12.452 > 5.0
CHZ_USDT_004760	mad_fail_both_high	SKIP high MAD CHZ_USDT_004760: stored_mad=10.371 > 5.0
CHZ_USDT_005160	mad_fail_both_high	SKIP high MAD CHZ_USDT_005160: stored_mad=10.256 > 5.0
CHZ_USDT_006060	mad_fail_both_high	SKIP high MAD CHZ_USDT_006060: stored_mad=10.888 > 5.0
CHZ_USDT_006260	mad_fail_both_high	SKIP high MAD CHZ_USDT_006260: stored_mad=9.590 > 5.0
CHZ_USDT_006560	mad_fail_both_high	SKIP high MAD CHZ_USDT_006560: stored_mad=10.990 > 5.0
CHZ_USDT_006660	mad_fail_both_high	SKIP high MAD CHZ_USDT_006660: stored_mad=11.151 > 5.0
CHZ_USDT_007160	mad_fail_both_high	SKIP high MAD CHZ_USDT_007160: stored_mad=10.723 > 5.0
CHZ_USDT_007260	mad_fail_both_high	SKIP high MAD CHZ_USDT_007260: stored_mad=9.343 > 5.0
CHZ_USDT_007860	mad_fail_both_high	SKIP high MAD CHZ_USDT_007860: stored_mad=8.315 > 5.0
CHZ_USDT_008460	mad_fail_both_high	SKIP high MAD CHZ_USDT_008460: stored_mad=10.438 > 5.0
CHZ_USDT_008560	mad_fail_both_high	SKIP high MAD CHZ_USDT_008560: stored_mad=10.251 > 5.0
CHZ_USDT_009060	mad_fail_both_high	SKIP high MAD CHZ_USDT_009060: stored_mad=9.659 > 5.0
CHZ_USDT_009160	mad_fail_both_high	SKIP high MAD CHZ_USDT_009160: stored_mad=9.621 > 5.0
CHZ_USDT_009260	mad_fail_both_high	SKIP high MAD CHZ_USDT_009260: stored_mad=9.626 > 5.0
CHZ_USDT_009460	mad_fail_both_high	SKIP high MAD CHZ_USDT_009460: stored_mad=9.051 > 5.0
CHZ_USDT_009660	mad_fail_both_high	SKIP high MAD CHZ_USDT_009660: stored_mad=8.926 > 5.0
CHZ_USDT_010060	mad_fail_both_high	SKIP high MAD CHZ_USDT_010060: stored_mad=10.125 > 5.0
CHZ_USDT_010160	mad_fail_both_high	SKIP high MAD CHZ_USDT_010160: stored_mad=9.207 > 5.0
CHZ_USDT_010260	mad_fail_both_high	SKIP high MAD CHZ_USDT_010260: stored_mad=9.776 > 5.0
CHZ_USDT_011060	mad_fail_both_high	SKIP high MAD CHZ_USDT_011060: stored_mad=11.243 > 5.0
CHZ_USDT_011360	mad_fail_both_high	SKIP high MAD CHZ_USDT_011360: stored_mad=9.092 > 5.0
CHZ_USDT_011460	mad_fail_both_high	SKIP high MAD CHZ_USDT_011460: stored_mad=9.210 > 5.0
CHZ_USDT_012160	mad_fail_both_high	SKIP high MAD CHZ_USDT_012160: stored_mad=12.036 > 5.0
CHZ_USDT_012660	mad_fail_both_high	SKIP high MAD CHZ_USDT_012660: stored_mad=7.693 > 5.0
CHZ_USDT_012760	mad_fail_both_high	SKIP high MAD CHZ_USDT_012760: stored_mad=6.185 > 5.0
CHZ_USDT_013360	mad_fail_both_high	SKIP high MAD CHZ_USDT_013360: stored_mad=10.036 > 5.0
CHZ_USDT_014460	mad_fail_both_high	SKIP high MAD CHZ_USDT_014460: stored_mad=10.878 > 5.0
CHZ_USDT_014960	mad_fail_both_high	SKIP high MAD CHZ_USDT_014960: stored_mad=7.967 > 5.0
CHZ_USDT_015460	mad_fail_both_high	SKIP high MAD CHZ_USDT_015460: stored_mad=10.383 > 5.0
CHZ_USDT_015560	mad_fail_both_high	SKIP high MAD CHZ_USDT_015560: stored_mad=11.365 > 5.0
CHZ_USDT_015960	mad_fail_both_high	SKIP high MAD CHZ_USDT_015960: stored_mad=11.785 > 5.0
CHZ_USDT_017160	mad_fail_both_high	SKIP high MAD CHZ_USDT_017160: stored_mad=9.710 > 5.0
CHZ_USDT_017260	mad_fail_both_high	SKIP high MAD CHZ_USDT_017260: stored_mad=9.607 > 5.0
CHZ_USDT_017360	mad_fail_both_high	SKIP high MAD CHZ_USDT_017360: stored_mad=9.219 > 5.0
ENA_USDT_001460	mad_fail_both_high	SKIP high MAD ENA_USDT_001460: stored_mad=7.504 > 5.0
ENA_USDT_001960	mad_fail_both_high	SKIP high MAD ENA_USDT_001960: stored_mad=11.157 > 5.0
ENA_USDT_002060	mad_fail_both_high	SKIP high MAD ENA_USDT_002060: stored_mad=8.867 > 5.0
ENA_USDT_002260	mad_fail_both_high	SKIP high MAD ENA_USDT_002260: stored_mad=9.353 > 5.0
ENA_USDT_002460	mad_fail_both_high	SKIP high MAD ENA_USDT_002460: stored_mad=7.492 > 5.0
ENA_USDT_002560	mad_fail_both_high	SKIP high MAD ENA_USDT_002560: stored_mad=9.335 > 5.0
ENA_USDT_003060	mad_fail_both_high	SKIP high MAD ENA_USDT_003060: stored_mad=7.390 > 5.0
ENA_USDT_003960	mad_fail_both_high	SKIP high MAD ENA_USDT_003960: stored_mad=10.736 > 5.0
ENA_USDT_004060	mad_fail_both_high	SKIP high MAD ENA_USDT_004060: stored_mad=9.345 > 5.0
ENA_USDT_004660	mad_fail_both_high	SKIP high MAD ENA_USDT_004660: stored_mad=10.900 > 5.0
ENA_USDT_005560	mad_fail_both_high	SKIP high MAD ENA_USDT_005560: stored_mad=10.599 > 5.0
ENA_USDT_006060	mad_fail_both_high	SKIP high MAD ENA_USDT_006060: stored_mad=8.859 > 5.0
ENA_USDT_006460	mad_fail_both_high	SKIP high MAD ENA_USDT_006460: stored_mad=8.276 > 5.0
ENA_USDT_007360	mad_fail_both_high	SKIP high MAD ENA_USDT_007360: stored_mad=10.212 > 5.0
ENA_USDT_007460	mad_fail_both_high	SKIP high MAD ENA_USDT_007460: stored_mad=10.838 > 5.0
ENA_USDT_007960	mad_fail_both_high	SKIP high MAD ENA_USDT_007960: stored_mad=11.685 > 5.0
ENA_USDT_008060	mad_fail_both_high	SKIP high MAD ENA_USDT_008060: stored_mad=13.268 > 5.0
ENA_USDT_008460	mad_fail_both_high	SKIP high MAD ENA_USDT_008460: stored_mad=8.387 > 5.0
ENA_USDT_008560	mad_fail_both_high	SKIP high MAD ENA_USDT_008560: stored_mad=9.555 > 5.0
ENA_USDT_009060	mad_fail_both_high	SKIP high MAD ENA_USDT_009060: stored_mad=10.280 > 5.0
ENA_USDT_009160	mad_fail_both_high	SKIP high MAD ENA_USDT_009160: stored_mad=9.003 > 5.0
ENA_USDT_009360	mad_fail_both_high	SKIP high MAD ENA_USDT_009360: stored_mad=9.509 > 5.0
ENA_USDT_010460	mad_fail_both_high	SKIP high MAD ENA_USDT_010460: stored_mad=10.085 > 5.0
ENA_USDT_010760	mad_fail_both_high	SKIP high MAD ENA_USDT_010760: stored_mad=9.854 > 5.0
ENA_USDT_010860	mad_fail_both_high	SKIP high MAD ENA_USDT_010860: stored_mad=9.532 > 5.0
ENA_USDT_011460	mad_fail_both_high	SKIP high MAD ENA_USDT_011460: stored_mad=8.302 > 5.0
ENA_USDT_012460	mad_fail_both_high	SKIP high MAD ENA_USDT_012460: stored_mad=10.837 > 5.0
ENA_USDT_012660	mad_fail_both_high	SKIP high MAD ENA_USDT_012660: stored_mad=10.686 > 5.0
ENA_USDT_012760	mad_fail_both_high	SKIP high MAD ENA_USDT_012760: stored_mad=9.032 > 5.0
ENA_USDT_013060	mad_fail_both_high	SKIP high MAD ENA_USDT_013060: stored_mad=9.777 > 5.0
ENA_USDT_013560	mad_fail_both_high	SKIP high MAD ENA_USDT_013560: stored_mad=10.022 > 5.0
ENA_USDT_016660	mad_fail_both_high	SKIP high MAD ENA_USDT_016660: stored_mad=12.195 > 5.0
ENA_USDT_016760	mad_fail_both_high	SKIP high MAD ENA_USDT_016760: stored_mad=10.047 > 5.0
ETHFI_USDT_000360	mad_fail_both_high	SKIP high MAD ETHFI_USDT_000360: stored_mad=10.424 > 5.0
ETHFI_USDT_000860	mad_fail_both_high	SKIP high MAD ETHFI_USDT_000860: stored_mad=9.723 > 5.0
ETHFI_USDT_001460	mad_fail_both_high	SKIP high MAD ETHFI_USDT_001460: stored_mad=8.661 > 5.0
ETHFI_USDT_002360	mad_fail_both_high	SKIP high MAD ETHFI_USDT_002360: stored_mad=11.036 > 5.0
ETHFI_USDT_002460	mad_fail_both_high	SKIP high MAD ETHFI_USDT_002460: stored_mad=12.813 > 5.0
ETHFI_USDT_002560	mad_fail_both_high	SKIP high MAD ETHFI_USDT_002560: stored_mad=7.960 > 5.0
ETHFI_USDT_002960	mad_fail_both_high	SKIP high MAD ETHFI_USDT_002960: stored_mad=10.865 > 5.0
ETHFI_USDT_003160	mad_fail_both_high	SKIP high MAD ETHFI_USDT_003160: stored_mad=8.146 > 5.0
ETHFI_USDT_003760	mad_fail_both_high	SKIP high MAD ETHFI_USDT_003760: stored_mad=9.118 > 5.0
ETHFI_USDT_004060	mad_fail_both_high	SKIP high MAD ETHFI_USDT_004060: stored_mad=12.542 > 5.0
ETHFI_USDT_005160	mad_fail_both_high	SKIP high MAD ETHFI_USDT_005160: stored_mad=10.401 > 5.0
ETHFI_USDT_005660	mad_fail_both_high	SKIP high MAD ETHFI_USDT_005660: stored_mad=9.389 > 5.0
ETHFI_USDT_006260	mad_fail_both_high	SKIP high MAD ETHFI_USDT_006260: stored_mad=11.659 > 5.0
ETHFI_USDT_006660	mad_fail_both_high	SKIP high MAD ETHFI_USDT_006660: stored_mad=9.011 > 5.0
ETHFI_USDT_007260	mad_fail_both_high	SKIP high MAD ETHFI_USDT_007260: stored_mad=12.500 > 5.0
ETHFI_USDT_008260	mad_fail_both_high	SKIP high MAD ETHFI_USDT_008260: stored_mad=9.430 > 5.0
ETHFI_USDT_008560	mad_fail_both_high	SKIP high MAD ETHFI_USDT_008560: stored_mad=11.876 > 5.0
ETHFI_USDT_008760	mad_fail_both_high	SKIP high MAD ETHFI_USDT_008760: stored_mad=9.739 > 5.0
ETHFI_USDT_010060	mad_fail_both_high	SKIP high MAD ETHFI_USDT_010060: stored_mad=11.771 > 5.0
ETHFI_USDT_010160	mad_fail_both_high	SKIP high MAD ETHFI_USDT_010160: stored_mad=10.355 > 5.0
ETHFI_USDT_010760	mad_fail_both_high	SKIP high MAD ETHFI_USDT_010760: stored_mad=9.643 > 5.0
ETHFI_USDT_011160	mad_fail_both_high	SKIP high MAD ETHFI_USDT_011160: stored_mad=10.590 > 5.0
ETHFI_USDT_011260	mad_fail_both_high	SKIP high MAD ETHFI_USDT_011260: stored_mad=12.334 > 5.0
ETHFI_USDT_011460	mad_fail_both_high	SKIP high MAD ETHFI_USDT_011460: stored_mad=9.022 > 5.0
ETHFI_USDT_012560	mad_fail_both_high	SKIP high MAD ETHFI_USDT_012560: stored_mad=8.499 > 5.0
ETHFI_USDT_013660	mad_fail_both_high	SKIP high MAD ETHFI_USDT_013660: stored_mad=10.398 > 5.0
ETHFI_USDT_015460	mad_fail_both_high	SKIP high MAD ETHFI_USDT_015460: stored_mad=11.228 > 5.0
ETHFI_USDT_017160	mad_fail_both_high	SKIP high MAD ETHFI_USDT_017160: stored_mad=10.198 > 5.0
ETH_USDT_000360	mad_fail_both_high	SKIP high MAD ETH_USDT_000360: stored_mad=7.900 > 5.0
ETH_USDT_001060	mad_fail_both_high	SKIP high MAD ETH_USDT_001060: stored_mad=7.353 > 5.0
ETH_USDT_001460	mad_fail_both_high	SKIP high MAD ETH_USDT_001460: stored_mad=8.243 > 5.0
ETH_USDT_001960	mad_fail_both_high	SKIP high MAD ETH_USDT_001960: stored_mad=8.701 > 5.0
ETH_USDT_002060	mad_fail_both_high	SKIP high MAD ETH_USDT_002060: stored_mad=7.478 > 5.0
ETH_USDT_002560	mad_fail_both_high	SKIP high MAD ETH_USDT_002560: stored_mad=7.486 > 5.0
ETH_USDT_002660	mad_fail_both_high	SKIP high MAD ETH_USDT_002660: stored_mad=8.084 > 5.0
ETH_USDT_002960	mad_fail_both_high	SKIP high MAD ETH_USDT_002960: stored_mad=7.874 > 5.0
ETH_USDT_003160	mad_fail_both_high	SKIP high MAD ETH_USDT_003160: stored_mad=7.967 > 5.0
ETH_USDT_003760	mad_fail_both_high	SKIP high MAD ETH_USDT_003760: stored_mad=8.813 > 5.0
ETH_USDT_004060	mad_fail_both_high	SKIP high MAD ETH_USDT_004060: stored_mad=10.546 > 5.0
ETH_USDT_004660	mad_fail_both_high	SKIP high MAD ETH_USDT_004660: stored_mad=10.997 > 5.0
ETH_USDT_004760	mad_fail_both_high	SKIP high MAD ETH_USDT_004760: stored_mad=9.260 > 5.0
ETH_USDT_005860	mad_fail_both_high	SKIP high MAD ETH_USDT_005860: stored_mad=8.971 > 5.0
ETH_USDT_006360	mad_fail_both_high	SKIP high MAD ETH_USDT_006360: stored_mad=7.938 > 5.0
ETH_USDT_006760	mad_fail_both_high	SKIP high MAD ETH_USDT_006760: stored_mad=7.621 > 5.0
ETH_USDT_006860	mad_fail_both_high	SKIP high MAD ETH_USDT_006860: stored_mad=8.759 > 5.0
ETH_USDT_007860	mad_fail_both_high	SKIP high MAD ETH_USDT_007860: stored_mad=9.928 > 5.0
ETH_USDT_008160	mad_fail_both_high	SKIP high MAD ETH_USDT_008160: stored_mad=10.698 > 5.0
ETH_USDT_008460	mad_fail_both_high	SKIP high MAD ETH_USDT_008460: stored_mad=9.055 > 5.0
ETH_USDT_008660	mad_fail_both_high	SKIP high MAD ETH_USDT_008660: stored_mad=9.752 > 5.0
ETH_USDT_008760	mad_fail_both_high	SKIP high MAD ETH_USDT_008760: stored_mad=9.616 > 5.0
ETH_USDT_009060	mad_fail_both_high	SKIP high MAD ETH_USDT_009060: stored_mad=10.565 > 5.0
ETH_USDT_009160	mad_fail_both_high	SKIP high MAD ETH_USDT_009160: stored_mad=9.962 > 5.0
ETH_USDT_009260	mad_fail_both_high	SKIP high MAD ETH_USDT_009260: stored_mad=9.341 > 5.0
ETH_USDT_009460	mad_fail_both_high	SKIP high MAD ETH_USDT_009460: stored_mad=8.166 > 5.0
ETH_USDT_009860	mad_fail_both_high	SKIP high MAD ETH_USDT_009860: stored_mad=8.848 > 5.0
ETH_USDT_010760	mad_fail_both_high	SKIP high MAD ETH_USDT_010760: stored_mad=8.054 > 5.0
ETH_USDT_010960	mad_fail_both_high	SKIP high MAD ETH_USDT_010960: stored_mad=8.797 > 5.0
ETH_USDT_011060	mad_fail_both_high	SKIP high MAD ETH_USDT_011060: stored_mad=9.198 > 5.0
ETH_USDT_011160	mad_fail_both_high	SKIP high MAD ETH_USDT_011160: stored_mad=8.941 > 5.0
ETH_USDT_011260	mad_fail_both_high	SKIP high MAD ETH_USDT_011260: stored_mad=8.102 > 5.0
ETH_USDT_011360	mad_fail_both_high	SKIP high MAD ETH_USDT_011360: stored_mad=8.414 > 5.0
ETH_USDT_011660	mad_fail_both_high	SKIP high MAD ETH_USDT_011660: stored_mad=9.139 > 5.0
ETH_USDT_012160	mad_fail_both_high	SKIP high MAD ETH_USDT_012160: stored_mad=9.505 > 5.0
ETH_USDT_012460	mad_fail_both_high	SKIP high MAD ETH_USDT_012460: stored_mad=6.324 > 5.0
ETH_USDT_012560	mad_fail_both_high	SKIP high MAD ETH_USDT_012560: stored_mad=7.883 > 5.0
ETH_USDT_012660	mad_fail_both_high	SKIP high MAD ETH_USDT_012660: stored_mad=7.936 > 5.0
ETH_USDT_012860	mad_fail_both_high	SKIP high MAD ETH_USDT_012860: stored_mad=8.799 > 5.0
ETH_USDT_012960	mad_fail_both_high	SKIP high MAD ETH_USDT_012960: stored_mad=8.773 > 5.0
ETH_USDT_013160	mad_fail_both_high	SKIP high MAD ETH_USDT_013160: stored_mad=8.767 > 5.0
ETH_USDT_013460	mad_fail_both_high	SKIP high MAD ETH_USDT_013460: stored_mad=9.586 > 5.0
ETH_USDT_013860	mad_fail_both_high	SKIP high MAD ETH_USDT_013860: stored_mad=8.307 > 5.0
ETH_USDT_014160	mad_fail_both_high	SKIP high MAD ETH_USDT_014160: stored_mad=8.267 > 5.0
ETH_USDT_014660	mad_fail_both_high	SKIP high MAD ETH_USDT_014660: stored_mad=10.026 > 5.0
ETH_USDT_014960	mad_fail_both_high	SKIP high MAD ETH_USDT_014960: stored_mad=7.822 > 5.0
ETH_USDT_015060	mad_fail_both_high	SKIP high MAD ETH_USDT_015060: stored_mad=7.789 > 5.0
ETH_USDT_015360	mad_fail_both_high	SKIP high MAD ETH_USDT_015360: stored_mad=9.111 > 5.0
ETH_USDT_016060	mad_fail_both_high	SKIP high MAD ETH_USDT_016060: stored_mad=9.742 > 5.0
ETH_USDT_016460	mad_fail_both_high	SKIP high MAD ETH_USDT_016460: stored_mad=9.637 > 5.0
ETH_USDT_016960	mad_fail_both_high	SKIP high MAD ETH_USDT_016960: stored_mad=11.451 > 5.0
ETH_USDT_017260	mad_fail_both_high	SKIP high MAD ETH_USDT_017260: stored_mad=8.256 > 5.0
ETH_USDT_017460	mad_fail_both_high	SKIP high MAD ETH_USDT_017460: stored_mad=9.814 > 5.0
HUMA_USDT_SWAP_000330	short_history	SKIP short history HUMA_USDT_SWAP_000330: pad_start=-12 cut_global=187 n=39172
ICP_USDT_000660	mad_fail_both_high	SKIP high MAD ICP_USDT_000660: stored_mad=11.354 > 5.0
ICP_USDT_001260	mad_fail_both_high	SKIP high MAD ICP_USDT_001260: stored_mad=9.525 > 5.0
ICP_USDT_003760	mad_fail_both_high	SKIP high MAD ICP_USDT_003760: stored_mad=9.052 > 5.0
ICP_USDT_004760	mad_fail_both_high	SKIP high MAD ICP_USDT_004760: stored_mad=10.438 > 5.0
ICP_USDT_005160	mad_fail_both_high	SKIP high MAD ICP_USDT_005160: stored_mad=12.543 > 5.0
ICP_USDT_005260	mad_fail_both_high	SKIP high MAD ICP_USDT_005260: stored_mad=12.441 > 5.0
ICP_USDT_005360	mad_fail_both_high	SKIP high MAD ICP_USDT_005360: stored_mad=12.432 > 5.0
ICP_USDT_006260	mad_fail_both_high	SKIP high MAD ICP_USDT_006260: stored_mad=11.355 > 5.0
ICP_USDT_006360	mad_fail_both_high	SKIP high MAD ICP_USDT_006360: stored_mad=11.325 > 5.0
ICP_USDT_006560	mad_fail_both_high	SKIP high MAD ICP_USDT_006560: stored_mad=11.276 > 5.0
ICP_USDT_008560	mad_fail_both_high	SKIP high MAD ICP_USDT_008560: stored_mad=11.460 > 5.0
ICP_USDT_009560	mad_fail_both_high	SKIP high MAD ICP_USDT_009560: stored_mad=9.524 > 5.0
ICP_USDT_009860	mad_fail_both_high	SKIP high MAD ICP_USDT_009860: stored_mad=10.235 > 5.0
ICP_USDT_010060	mad_fail_both_high	SKIP high MAD ICP_USDT_010060: stored_mad=10.300 > 5.0
ICP_USDT_010260	mad_fail_both_high	SKIP high MAD ICP_USDT_010260: stored_mad=10.223 > 5.0
ICP_USDT_011060	mad_fail_both_high	SKIP high MAD ICP_USDT_011060: stored_mad=10.168 > 5.0
ICP_USDT_011160	mad_fail_both_high	SKIP high MAD ICP_USDT_011160: stored_mad=9.135 > 5.0
ICP_USDT_011260	mad_fail_both_high	SKIP high MAD ICP_USDT_011260: stored_mad=9.867 > 5.0
ICP_USDT_011360	mad_fail_both_high	SKIP high MAD ICP_USDT_011360: stored_mad=11.120 > 5.0
ICP_USDT_011460	mad_fail_both_high	SKIP high MAD ICP_USDT_011460: stored_mad=9.837 > 5.0
ICP_USDT_011960	mad_fail_both_high	SKIP high MAD ICP_USDT_011960: stored_mad=9.883 > 5.0
ICP_USDT_012060	mad_fail_both_high	SKIP high MAD ICP_USDT_012060: stored_mad=11.304 > 5.0
ICP_USDT_012960	mad_fail_both_high	SKIP high MAD ICP_USDT_012960: stored_mad=8.831 > 5.0
ICP_USDT_013060	mad_fail_both_high	SKIP high MAD ICP_USDT_013060: stored_mad=8.831 > 5.0
ICP_USDT_013360	mad_fail_both_high	SKIP high MAD ICP_USDT_013360: stored_mad=8.623 > 5.0
ICP_USDT_013660	mad_fail_both_high	SKIP high MAD ICP_USDT_013660: stored_mad=8.671 > 5.0
ICP_USDT_014560	mad_fail_both_high	SKIP high MAD ICP_USDT_014560: stored_mad=9.629 > 5.0
LINK_USDT_000460	mad_fail_both_high	SKIP high MAD LINK_USDT_000460: stored_mad=10.679 > 5.0
LINK_USDT_000960	mad_fail_both_high	SKIP high MAD LINK_USDT_000960: stored_mad=8.133 > 5.0
LINK_USDT_001060	mad_fail_both_high	SKIP high MAD LINK_USDT_001060: stored_mad=8.302 > 5.0
LINK_USDT_001160	mad_fail_both_high	SKIP high MAD LINK_USDT_001160: stored_mad=9.200 > 5.0
LINK_USDT_001560	mad_fail_both_high	SKIP high MAD LINK_USDT_001560: stored_mad=9.362 > 5.0
LINK_USDT_003060	mad_fail_both_high	SKIP high MAD LINK_USDT_003060: stored_mad=7.661 > 5.0
LINK_USDT_003760	mad_fail_both_high	SKIP high MAD LINK_USDT_003760: stored_mad=9.570 > 5.0
LINK_USDT_003860	mad_fail_both_high	SKIP high MAD LINK_USDT_003860: stored_mad=9.700 > 5.0
LINK_USDT_004060	mad_fail_both_high	SKIP high MAD LINK_USDT_004060: stored_mad=10.056 > 5.0
LINK_USDT_004560	mad_fail_both_high	SKIP high MAD LINK_USDT_004560: stored_mad=11.326 > 5.0
LINK_USDT_004660	mad_fail_both_high	SKIP high MAD LINK_USDT_004660: stored_mad=12.292 > 5.0
LINK_USDT_004760	mad_fail_both_high	SKIP high MAD LINK_USDT_004760: stored_mad=9.629 > 5.0
LINK_USDT_005560	mad_fail_both_high	SKIP high MAD LINK_USDT_005560: stored_mad=10.335 > 5.0
LINK_USDT_005660	mad_fail_both_high	SKIP high MAD LINK_USDT_005660: stored_mad=9.566 > 5.0
LINK_USDT_005760	mad_fail_both_high	SKIP high MAD LINK_USDT_005760: stored_mad=11.053 > 5.0
LINK_USDT_006460	mad_fail_both_high	SKIP high MAD LINK_USDT_006460: stored_mad=7.852 > 5.0
LINK_USDT_006660	mad_fail_both_high	SKIP high MAD LINK_USDT_006660: stored_mad=7.376 > 5.0
LINK_USDT_006860	mad_fail_both_high	SKIP high MAD LINK_USDT_006860: stored_mad=9.545 > 5.0
LINK_USDT_007260	mad_fail_both_high	SKIP high MAD LINK_USDT_007260: stored_mad=10.785 > 5.0
LINK_USDT_007360	mad_fail_both_high	SKIP high MAD LINK_USDT_007360: stored_mad=9.263 > 5.0
LINK_USDT_007460	mad_fail_both_high	SKIP high MAD LINK_USDT_007460: stored_mad=9.075 > 5.0
LINK_USDT_007560	mad_fail_both_high	SKIP high MAD LINK_USDT_007560: stored_mad=9.988 > 5.0
LINK_USDT_008160	mad_fail_both_high	SKIP high MAD LINK_USDT_008160: stored_mad=11.668 > 5.0
LINK_USDT_008260	mad_fail_both_high	SKIP high MAD LINK_USDT_008260: stored_mad=10.144 > 5.0
LINK_USDT_008460	mad_fail_both_high	SKIP high MAD LINK_USDT_008460: stored_mad=9.299 > 5.0
LINK_USDT_008660	mad_fail_both_high	SKIP high MAD LINK_USDT_008660: stored_mad=10.705 > 5.0
LINK_USDT_008760	mad_fail_both_high	SKIP high MAD LINK_USDT_008760: stored_mad=10.415 > 5.0
LINK_USDT_009060	mad_fail_both_high	SKIP high MAD LINK_USDT_009060: stored_mad=9.761 > 5.0
LINK_USDT_009860	mad_fail_both_high	SKIP high MAD LINK_USDT_009860: stored_mad=9.792 > 5.0
LINK_USDT_009960	mad_fail_both_high	SKIP high MAD LINK_USDT_009960: stored_mad=11.141 > 5.0
LINK_USDT_010060	mad_fail_both_high	SKIP high MAD LINK_USDT_010060: stored_mad=10.979 > 5.0
LINK_USDT_010360	mad_fail_both_high	SKIP high MAD LINK_USDT_010360: stored_mad=9.247 > 5.0
LINK_USDT_010460	mad_fail_both_high	SKIP high MAD LINK_USDT_010460: stored_mad=9.819 > 5.0
LINK_USDT_010560	mad_fail_both_high	SKIP high MAD LINK_USDT_010560: stored_mad=9.615 > 5.0
LINK_USDT_011260	mad_fail_both_high	SKIP high MAD LINK_USDT_011260: stored_mad=9.812 > 5.0
LINK_USDT_011360	mad_fail_both_high	SKIP high MAD LINK_USDT_011360: stored_mad=10.361 > 5.0
LINK_USDT_011460	mad_fail_both_high	SKIP high MAD LINK_USDT_011460: stored_mad=10.662 > 5.0
LINK_USDT_011660	mad_fail_both_high	SKIP high MAD LINK_USDT_011660: stored_mad=10.577 > 5.0
LINK_USDT_012060	mad_fail_both_high	SKIP high MAD LINK_USDT_012060: stored_mad=9.788 > 5.0
LINK_USDT_012160	mad_fail_both_high	SKIP high MAD LINK_USDT_012160: stored_mad=10.134 > 5.0
LINK_USDT_012460	mad_fail_both_high	SKIP high MAD LINK_USDT_012460: stored_mad=6.224 > 5.0
LINK_USDT_012560	mad_fail_both_high	SKIP high MAD LINK_USDT_012560: stored_mad=6.841 > 5.0
LINK_USDT_012660	mad_fail_both_high	SKIP high MAD LINK_USDT_012660: stored_mad=6.944 > 5.0
LINK_USDT_012760	mad_fail_both_high	SKIP high MAD LINK_USDT_012760: stored_mad=7.302 > 5.0
LINK_USDT_012860	mad_fail_both_high	SKIP high MAD LINK_USDT_012860: stored_mad=9.438 > 5.0
LINK_USDT_012960	mad_fail_both_high	SKIP high MAD LINK_USDT_012960: stored_mad=8.931 > 5.0
LINK_USDT_013060	mad_fail_both_high	SKIP high MAD LINK_USDT_013060: stored_mad=7.835 > 5.0
LINK_USDT_013260	mad_fail_both_high	SKIP high MAD LINK_USDT_013260: stored_mad=9.617 > 5.0
LINK_USDT_014260	mad_fail_both_high	SKIP high MAD LINK_USDT_014260: stored_mad=10.872 > 5.0
LINK_USDT_014960	mad_fail_both_high	SKIP high MAD LINK_USDT_014960: stored_mad=9.109 > 5.0
LINK_USDT_015460	mad_fail_both_high	SKIP high MAD LINK_USDT_015460: stored_mad=8.939 > 5.0
LINK_USDT_015660	mad_fail_both_high	SKIP high MAD LINK_USDT_015660: stored_mad=11.367 > 5.0
LINK_USDT_015760	mad_fail_both_high	SKIP high MAD LINK_USDT_015760: stored_mad=10.748 > 5.0
LINK_USDT_017260	mad_fail_both_high	SKIP high MAD LINK_USDT_017260: stored_mad=9.628 > 5.0
LINK_USDT_SWAP_000330	short_history	SKIP short history LINK_USDT_SWAP_000330: pad_start=-13 cut_global=186 n=39271
LTC_USDT_000360	mad_fail_both_high	SKIP high MAD LTC_USDT_000360: stored_mad=9.349 > 5.0
LTC_USDT_000960	mad_fail_both_high	SKIP high MAD LTC_USDT_000960: stored_mad=8.174 > 5.0
LTC_USDT_001060	mad_fail_both_high	SKIP high MAD LTC_USDT_001060: stored_mad=9.178 > 5.0
LTC_USDT_001360	mad_fail_both_high	SKIP high MAD LTC_USDT_001360: stored_mad=8.956 > 5.0
LTC_USDT_001760	mad_fail_both_high	SKIP high MAD LTC_USDT_001760: stored_mad=8.712 > 5.0
LTC_USDT_001960	mad_fail_both_high	SKIP high MAD LTC_USDT_001960: stored_mad=9.861 > 5.0
LTC_USDT_002660	mad_fail_both_high	SKIP high MAD LTC_USDT_002660: stored_mad=10.549 > 5.0
LTC_USDT_002760	mad_fail_both_high	SKIP high MAD LTC_USDT_002760: stored_mad=8.373 > 5.0
LTC_USDT_002960	mad_fail_both_high	SKIP high MAD LTC_USDT_002960: stored_mad=9.051 > 5.0
LTC_USDT_003160	mad_fail_both_high	SKIP high MAD LTC_USDT_003160: stored_mad=7.511 > 5.0
LTC_USDT_003660	mad_fail_both_high	SKIP high MAD LTC_USDT_003660: stored_mad=8.624 > 5.0
LTC_USDT_003760	mad_fail_both_high	SKIP high MAD LTC_USDT_003760: stored_mad=10.083 > 5.0
LTC_USDT_004060	mad_fail_both_high	SKIP high MAD LTC_USDT_004060: stored_mad=10.110 > 5.0
LTC_USDT_004160	mad_fail_both_high	SKIP high MAD LTC_USDT_004160: stored_mad=10.223 > 5.0
LTC_USDT_004760	mad_fail_both_high	SKIP high MAD LTC_USDT_004760: stored_mad=8.962 > 5.0
LTC_USDT_005060	mad_fail_both_high	SKIP high MAD LTC_USDT_005060: stored_mad=12.100 > 5.0
LTC_USDT_005560	mad_fail_both_high	SKIP high MAD LTC_USDT_005560: stored_mad=11.341 > 5.0
LTC_USDT_005860	mad_fail_both_high	SKIP high MAD LTC_USDT_005860: stored_mad=12.451 > 5.0
LTC_USDT_006160	mad_fail_both_high	SKIP high MAD LTC_USDT_006160: stored_mad=9.342 > 5.0
LTC_USDT_006260	mad_fail_both_high	SKIP high MAD LTC_USDT_006260: stored_mad=8.706 > 5.0
LTC_USDT_006460	mad_fail_both_high	SKIP high MAD LTC_USDT_006460: stored_mad=10.868 > 5.0
LTC_USDT_006860	mad_fail_both_high	SKIP high MAD LTC_USDT_006860: stored_mad=9.212 > 5.0
LTC_USDT_006960	mad_fail_both_high	SKIP high MAD LTC_USDT_006960: stored_mad=9.465 > 5.0
LTC_USDT_008060	mad_fail_both_high	SKIP high MAD LTC_USDT_008060: stored_mad=8.638 > 5.0
LTC_USDT_008160	mad_fail_both_high	SKIP high MAD LTC_USDT_008160: stored_mad=8.886 > 5.0
LTC_USDT_008260	mad_fail_both_high	SKIP high MAD LTC_USDT_008260: stored_mad=9.000 > 5.0
LTC_USDT_008660	mad_fail_both_high	SKIP high MAD LTC_USDT_008660: stored_mad=9.732 > 5.0
LTC_USDT_008760	mad_fail_both_high	SKIP high MAD LTC_USDT_008760: stored_mad=9.194 > 5.0
LTC_USDT_009060	mad_fail_both_high	SKIP high MAD LTC_USDT_009060: stored_mad=9.120 > 5.0
LTC_USDT_009160	mad_fail_both_high	SKIP high MAD LTC_USDT_009160: stored_mad=9.396 > 5.0
LTC_USDT_009260	mad_fail_both_high	SKIP high MAD LTC_USDT_009260: stored_mad=8.960 > 5.0
LTC_USDT_009560	mad_fail_both_high	SKIP high MAD LTC_USDT_009560: stored_mad=8.874 > 5.0
LTC_USDT_009760	mad_fail_both_high	SKIP high MAD LTC_USDT_009760: stored_mad=9.148 > 5.0
LTC_USDT_009860	mad_fail_both_high	SKIP high MAD LTC_USDT_009860: stored_mad=9.380 > 5.0
LTC_USDT_010060	mad_fail_both_high	SKIP high MAD LTC_USDT_010060: stored_mad=9.721 > 5.0
LTC_USDT_010160	mad_fail_both_high	SKIP high MAD LTC_USDT_010160: stored_mad=9.175 > 5.0
LTC_USDT_010560	mad_fail_both_high	SKIP high MAD LTC_USDT_010560: stored_mad=7.983 > 5.0
LTC_USDT_010660	mad_fail_both_high	SKIP high MAD LTC_USDT_010660: stored_mad=7.561 > 5.0
LTC_USDT_010760	mad_fail_both_high	SKIP high MAD LTC_USDT_010760: stored_mad=8.057 > 5.0
LTC_USDT_011160	mad_fail_both_high	SKIP high MAD LTC_USDT_011160: stored_mad=8.956 > 5.0
LTC_USDT_011460	mad_fail_both_high	SKIP high MAD LTC_USDT_011460: stored_mad=8.183 > 5.0
LTC_USDT_012560	mad_fail_both_high	SKIP high MAD LTC_USDT_012560: stored_mad=6.195 > 5.0
LTC_USDT_012760	mad_fail_both_high	SKIP high MAD LTC_USDT_012760: stored_mad=7.475 > 5.0
LTC_USDT_013360	mad_fail_both_high	SKIP high MAD LTC_USDT_013360: stored_mad=8.846 > 5.0
LTC_USDT_013660	mad_fail_both_high	SKIP high MAD LTC_USDT_013660: stored_mad=10.903 > 5.0
LTC_USDT_014260	mad_fail_both_high	SKIP high MAD LTC_USDT_014260: stored_mad=9.947 > 5.0
LTC_USDT_014360	mad_fail_both_high	SKIP high MAD LTC_USDT_014360: stored_mad=9.203 > 5.0
LTC_USDT_014560	mad_fail_both_high	SKIP high MAD LTC_USDT_014560: stored_mad=8.626 > 5.0
LTC_USDT_015560	mad_fail_both_high	SKIP high MAD LTC_USDT_015560: stored_mad=9.169 > 5.0
LTC_USDT_016960	mad_fail_both_high	SKIP high MAD LTC_USDT_016960: stored_mad=11.065 > 5.0
LTC_USDT_017060	mad_fail_both_high	SKIP high MAD LTC_USDT_017060: stored_mad=10.202 > 5.0
LTC_USDT_017160	mad_fail_both_high	SKIP high MAD LTC_USDT_017160: stored_mad=9.942 > 5.0
LTC_USDT_017260	mad_fail_both_high	SKIP high MAD LTC_USDT_017260: stored_mad=10.312 > 5.0
LTC_USDT_017360	mad_fail_both_high	SKIP high MAD LTC_USDT_017360: stored_mad=9.524 > 5.0
LTC_USDT_017460	mad_fail_both_high	SKIP high MAD LTC_USDT_017460: stored_mad=9.410 > 5.0
MON_USDT_000360	mad_fail_both_high	SKIP high MAD MON_USDT_000360: stored_mad=10.847 > 5.0
MON_USDT_000760	mad_fail_both_high	SKIP high MAD MON_USDT_000760: stored_mad=10.542 > 5.0
MON_USDT_000960	mad_fail_both_high	SKIP high MAD MON_USDT_000960: stored_mad=10.404 > 5.0
MON_USDT_001860	mad_fail_both_high	SKIP high MAD MON_USDT_001860: stored_mad=10.695 > 5.0
MON_USDT_002260	mad_fail_both_high	SKIP high MAD MON_USDT_002260: stored_mad=9.418 > 5.0
MON_USDT_003460	mad_fail_both_high	SKIP high MAD MON_USDT_003460: stored_mad=8.581 > 5.0
MON_USDT_003560	mad_fail_both_high	SKIP high MAD MON_USDT_003560: stored_mad=9.863 > 5.0
MON_USDT_004360	mad_fail_both_high	SKIP high MAD MON_USDT_004360: stored_mad=10.330 > 5.0
MON_USDT_004960	mad_fail_both_high	SKIP high MAD MON_USDT_004960: stored_mad=9.618 > 5.0
MON_USDT_005260	mad_fail_both_high	SKIP high MAD MON_USDT_005260: stored_mad=9.197 > 5.0
MON_USDT_007160	mad_fail_both_high	SKIP high MAD MON_USDT_007160: stored_mad=9.990 > 5.0
MON_USDT_008160	mad_fail_both_high	SKIP high MAD MON_USDT_008160: stored_mad=9.451 > 5.0
NEAR_USDT_000360	mad_fail_both_high	SKIP high MAD NEAR_USDT_000360: stored_mad=10.974 > 5.0
NEAR_USDT_000460	mad_fail_both_high	SKIP high MAD NEAR_USDT_000460: stored_mad=10.669 > 5.0
NEAR_USDT_000960	mad_fail_both_high	SKIP high MAD NEAR_USDT_000960: stored_mad=8.498 > 5.0
NEAR_USDT_001060	mad_fail_both_high	SKIP high MAD NEAR_USDT_001060: stored_mad=9.524 > 5.0
NEAR_USDT_002660	mad_fail_both_high	SKIP high MAD NEAR_USDT_002660: stored_mad=9.822 > 5.0
NEAR_USDT_003060	mad_fail_both_high	SKIP high MAD NEAR_USDT_003060: stored_mad=7.223 > 5.0
NEAR_USDT_004060	mad_fail_both_high	SKIP high MAD NEAR_USDT_004060: stored_mad=11.727 > 5.0
NEAR_USDT_004160	mad_fail_both_high	SKIP high MAD NEAR_USDT_004160: stored_mad=10.123 > 5.0
NEAR_USDT_004560	mad_fail_both_high	SKIP high MAD NEAR_USDT_004560: stored_mad=12.230 > 5.0
NEAR_USDT_004660	mad_fail_both_high	SKIP high MAD NEAR_USDT_004660: stored_mad=13.178 > 5.0
NEAR_USDT_004760	mad_fail_both_high	SKIP high MAD NEAR_USDT_004760: stored_mad=10.040 > 5.0
NEAR_USDT_005260	mad_fail_both_high	SKIP high MAD NEAR_USDT_005260: stored_mad=11.349 > 5.0
NEAR_USDT_006060	mad_fail_both_high	SKIP high MAD NEAR_USDT_006060: stored_mad=11.760 > 5.0
NEAR_USDT_006660	mad_fail_both_high	SKIP high MAD NEAR_USDT_006660: stored_mad=7.910 > 5.0
NEAR_USDT_006760	mad_fail_both_high	SKIP high MAD NEAR_USDT_006760: stored_mad=9.093 > 5.0
NEAR_USDT_007160	mad_fail_both_high	SKIP high MAD NEAR_USDT_007160: stored_mad=9.227 > 5.0
NEAR_USDT_008160	mad_fail_both_high	SKIP high MAD NEAR_USDT_008160: stored_mad=9.505 > 5.0
NEAR_USDT_008260	mad_fail_both_high	SKIP high MAD NEAR_USDT_008260: stored_mad=9.639 > 5.0
NEAR_USDT_008360	mad_fail_both_high	SKIP high MAD NEAR_USDT_008360: stored_mad=11.422 > 5.0
NEAR_USDT_008460	mad_fail_both_high	SKIP high MAD NEAR_USDT_008460: stored_mad=11.320 > 5.0
NEAR_USDT_008760	mad_fail_both_high	SKIP high MAD NEAR_USDT_008760: stored_mad=9.464 > 5.0
NEAR_USDT_009060	mad_fail_both_high	SKIP high MAD NEAR_USDT_009060: stored_mad=9.753 > 5.0
NEAR_USDT_009160	mad_fail_both_high	SKIP high MAD NEAR_USDT_009160: stored_mad=11.030 > 5.0
NEAR_USDT_009460	mad_fail_both_high	SKIP high MAD NEAR_USDT_009460: stored_mad=8.949 > 5.0
NEAR_USDT_009660	mad_fail_both_high	SKIP high MAD NEAR_USDT_009660: stored_mad=9.091 > 5.0
NEAR_USDT_010160	mad_fail_both_high	SKIP high MAD NEAR_USDT_010160: stored_mad=9.048 > 5.0
NEAR_USDT_010760	mad_fail_both_high	SKIP high MAD NEAR_USDT_010760: stored_mad=9.948 > 5.0
NEAR_USDT_012060	mad_fail_both_high	SKIP high MAD NEAR_USDT_012060: stored_mad=11.419 > 5.0
NEAR_USDT_012160	mad_fail_both_high	SKIP high MAD NEAR_USDT_012160: stored_mad=10.328 > 5.0
NEAR_USDT_012460	mad_fail_both_high	SKIP high MAD NEAR_USDT_012460: stored_mad=7.019 > 5.0
NEAR_USDT_013360	mad_fail_both_high	SKIP high MAD NEAR_USDT_013360: stored_mad=8.173 > 5.0
NEAR_USDT_013660	mad_fail_both_high	SKIP high MAD NEAR_USDT_013660: stored_mad=11.200 > 5.0
NEAR_USDT_014560	mad_fail_both_high	SKIP high MAD NEAR_USDT_014560: stored_mad=9.741 > 5.0
NEAR_USDT_014660	mad_fail_both_high	SKIP high MAD NEAR_USDT_014660: stored_mad=9.594 > 5.0
NEAR_USDT_016160	mad_fail_both_high	SKIP high MAD NEAR_USDT_016160: stored_mad=10.486 > 5.0
NEAR_USDT_017160	mad_fail_both_high	SKIP high MAD NEAR_USDT_017160: stored_mad=11.389 > 5.0
OKB_USDT_000460	mad_fail_both_high	SKIP high MAD OKB_USDT_000460: stored_mad=7.480 > 5.0
OKB_USDT_000760	mad_fail_both_high	SKIP high MAD OKB_USDT_000760: stored_mad=7.344 > 5.0
OKB_USDT_001260	mad_fail_both_high	SKIP high MAD OKB_USDT_001260: stored_mad=7.427 > 5.0
OKB_USDT_001860	mad_fail_both_high	SKIP high MAD OKB_USDT_001860: stored_mad=8.628 > 5.0
OKB_USDT_001960	mad_fail_both_high	SKIP high MAD OKB_USDT_001960: stored_mad=8.874 > 5.0
OKB_USDT_002460	mad_fail_both_high	SKIP high MAD OKB_USDT_002460: stored_mad=5.603 > 5.0
OKB_USDT_002560	mad_fail_both_high	SKIP high MAD OKB_USDT_002560: stored_mad=7.378 > 5.0
OKB_USDT_002660	mad_fail_both_high	SKIP high MAD OKB_USDT_002660: stored_mad=8.434 > 5.0
OKB_USDT_003060	mad_fail_both_high	SKIP high MAD OKB_USDT_003060: stored_mad=6.289 > 5.0
OKB_USDT_003260	mad_fail_both_high	SKIP high MAD OKB_USDT_003260: stored_mad=6.774 > 5.0
OKB_USDT_003760	mad_fail_both_high	SKIP high MAD OKB_USDT_003760: stored_mad=7.747 > 5.0
OKB_USDT_003960	mad_fail_both_high	SKIP high MAD OKB_USDT_003960: stored_mad=9.150 > 5.0
OKB_USDT_004060	mad_fail_both_high	SKIP high MAD OKB_USDT_004060: stored_mad=7.860 > 5.0
OKB_USDT_004160	mad_fail_both_high	SKIP high MAD OKB_USDT_004160: stored_mad=8.810 > 5.0
OKB_USDT_004360	mad_fail_both_high	SKIP high MAD OKB_USDT_004360: stored_mad=9.125 > 5.0
OKB_USDT_005360	mad_fail_both_high	SKIP high MAD OKB_USDT_005360: stored_mad=10.073 > 5.0
OKB_USDT_006060	mad_fail_both_high	SKIP high MAD OKB_USDT_006060: stored_mad=9.328 > 5.0
OKB_USDT_006160	mad_fail_both_high	SKIP high MAD OKB_USDT_006160: stored_mad=9.461 > 5.0
OKB_USDT_006260	mad_fail_both_high	SKIP high MAD OKB_USDT_006260: stored_mad=8.983 > 5.0
OKB_USDT_006860	mad_fail_both_high	SKIP high MAD OKB_USDT_006860: stored_mad=8.626 > 5.0
OKB_USDT_006960	mad_fail_both_high	SKIP high MAD OKB_USDT_006960: stored_mad=8.050 > 5.0
OKB_USDT_007260	mad_fail_both_high	SKIP high MAD OKB_USDT_007260: stored_mad=10.445 > 5.0
OKB_USDT_007460	mad_fail_both_high	SKIP high MAD OKB_USDT_007460: stored_mad=7.781 > 5.0
OKB_USDT_007560	mad_fail_both_high	SKIP high MAD OKB_USDT_007560: stored_mad=7.203 > 5.0
OKB_USDT_007960	mad_fail_both_high	SKIP high MAD OKB_USDT_007960: stored_mad=11.356 > 5.0
OKB_USDT_008260	mad_fail_both_high	SKIP high MAD OKB_USDT_008260: stored_mad=9.750 > 5.0
OKB_USDT_008360	mad_fail_both_high	SKIP high MAD OKB_USDT_008360: stored_mad=11.298 > 5.0
OKB_USDT_008460	mad_fail_both_high	SKIP high MAD OKB_USDT_008460: stored_mad=11.208 > 5.0
OKB_USDT_008560	mad_fail_both_high	SKIP high MAD OKB_USDT_008560: stored_mad=11.359 > 5.0
OKB_USDT_008960	mad_fail_both_high	SKIP high MAD OKB_USDT_008960: stored_mad=10.220 > 5.0
OKB_USDT_009360	mad_fail_both_high	SKIP high MAD OKB_USDT_009360: stored_mad=9.162 > 5.0
OKB_USDT_009460	mad_fail_both_high	SKIP high MAD OKB_USDT_009460: stored_mad=9.803 > 5.0
OKB_USDT_009560	mad_fail_both_high	SKIP high MAD OKB_USDT_009560: stored_mad=8.920 > 5.0
OKB_USDT_009660	mad_fail_both_high	SKIP high MAD OKB_USDT_009660: stored_mad=10.254 > 5.0
OKB_USDT_010160	mad_fail_both_high	SKIP high MAD OKB_USDT_010160: stored_mad=8.977 > 5.0
OKB_USDT_010460	mad_fail_both_high	SKIP high MAD OKB_USDT_010460: stored_mad=7.596 > 5.0
OKB_USDT_010560	mad_fail_both_high	SKIP high MAD OKB_USDT_010560: stored_mad=8.487 > 5.0
OKB_USDT_010760	mad_fail_both_high	SKIP high MAD OKB_USDT_010760: stored_mad=9.045 > 5.0
OKB_USDT_011060	mad_fail_both_high	SKIP high MAD OKB_USDT_011060: stored_mad=8.526 > 5.0
OKB_USDT_011160	mad_fail_both_high	SKIP high MAD OKB_USDT_011160: stored_mad=10.308 > 5.0
OKB_USDT_011260	mad_fail_both_high	SKIP high MAD OKB_USDT_011260: stored_mad=8.584 > 5.0
OKB_USDT_011560	mad_fail_both_high	SKIP high MAD OKB_USDT_011560: stored_mad=9.150 > 5.0
OKB_USDT_012960	mad_fail_both_high	SKIP high MAD OKB_USDT_012960: stored_mad=8.847 > 5.0
OKB_USDT_013460	mad_fail_both_high	SKIP high MAD OKB_USDT_013460: stored_mad=10.099 > 5.0
OKB_USDT_013660	mad_fail_both_high	SKIP high MAD OKB_USDT_013660: stored_mad=9.897 > 5.0
OKB_USDT_013760	mad_fail_both_high	SKIP high MAD OKB_USDT_013760: stored_mad=8.782 > 5.0
OKB_USDT_014260	mad_fail_both_high	SKIP high MAD OKB_USDT_014260: stored_mad=8.803 > 5.0
OKB_USDT_014560	mad_fail_both_high	SKIP high MAD OKB_USDT_014560: stored_mad=7.586 > 5.0
OKB_USDT_015260	mad_fail_both_high	SKIP high MAD OKB_USDT_015260: stored_mad=8.599 > 5.0
OKB_USDT_015760	mad_fail_both_high	SKIP high MAD OKB_USDT_015760: stored_mad=9.346 > 5.0
OKB_USDT_015860	mad_fail_both_high	SKIP high MAD OKB_USDT_015860: stored_mad=10.516 > 5.0
OKB_USDT_017160	mad_fail_both_high	SKIP high MAD OKB_USDT_017160: stored_mad=9.847 > 5.0
PAXG_USDT_000460	other	process_returned_none
PAXG_USDT_000760	other	process_returned_none
PAXG_USDT_001160	other	process_returned_none
PAXG_USDT_001860	other	process_returned_none
PAXG_USDT_002160	other	process_returned_none
PAXG_USDT_002460	other	process_returned_none
PAXG_USDT_002560	other	process_returned_none
PAXG_USDT_002660	other	process_returned_none
PAXG_USDT_003260	other	process_returned_none
PAXG_USDT_003460	other	process_returned_none
PAXG_USDT_003560	other	process_returned_none
PAXG_USDT_004560	other	process_returned_none
PAXG_USDT_004660	other	process_returned_none
PAXG_USDT_005860	other	process_returned_none
PAXG_USDT_005960	other	process_returned_none
PAXG_USDT_006360	other	process_returned_none
PAXG_USDT_006960	other	process_returned_none
PAXG_USDT_007160	other	process_returned_none
PAXG_USDT_007260	other	process_returned_none
PAXG_USDT_007560	other	process_returned_none
PAXG_USDT_007860	other	process_returned_none
PAXG_USDT_008260	other	process_returned_none
PAXG_USDT_008660	other	process_returned_none
PAXG_USDT_008760	other	process_returned_none
PAXG_USDT_009160	other	process_returned_none
PAXG_USDT_009360	other	process_returned_none
PAXG_USDT_009560	other	process_returned_none
PAXG_USDT_009660	other	process_returned_none
PAXG_USDT_009760	other	process_returned_none
PAXG_USDT_010560	other	process_returned_none
PAXG_USDT_010660	other	process_returned_none
PAXG_USDT_010760	other	process_returned_none
PAXG_USDT_012860	other	process_returned_none
PAXG_USDT_012960	other	process_returned_none
PAXG_USDT_013460	other	process_returned_none
PAXG_USDT_014260	other	process_returned_none
PAXG_USDT_015260	other	process_returned_none
PAXG_USDT_015360	other	process_returned_none
PAXG_USDT_015960	other	process_returned_none
PAXG_USDT_016060	other	process_returned_none
PAXG_USDT_016360	other	process_returned_none
PAXG_USDT_016660	other	process_returned_none
PAXG_USDT_016760	other	process_returned_none
PAXG_USDT_016860	other	process_returned_none
PEPE_USDT_000960	mad_fail_both_high	SKIP high MAD PEPE_USDT_000960: stored_mad=9.048 > 5.0
PEPE_USDT_001060	mad_fail_both_high	SKIP high MAD PEPE_USDT_001060: stored_mad=9.537 > 5.0
PEPE_USDT_001160	mad_fail_both_high	SKIP high MAD PEPE_USDT_001160: stored_mad=8.705 > 5.0
PEPE_USDT_001360	mad_fail_both_high	SKIP high MAD PEPE_USDT_001360: stored_mad=9.703 > 5.0
PEPE_USDT_001460	mad_fail_both_high	SKIP high MAD PEPE_USDT_001460: stored_mad=7.425 > 5.0
PEPE_USDT_002960	mad_fail_both_high	SKIP high MAD PEPE_USDT_002960: stored_mad=11.015 > 5.0
PEPE_USDT_003060	mad_fail_both_high	SKIP high MAD PEPE_USDT_003060: stored_mad=7.355 > 5.0
PEPE_USDT_003160	mad_fail_both_high	SKIP high MAD PEPE_USDT_003160: stored_mad=8.507 > 5.0
PEPE_USDT_003760	mad_fail_both_high	SKIP high MAD PEPE_USDT_003760: stored_mad=9.273 > 5.0
PEPE_USDT_004060	mad_fail_both_high	SKIP high MAD PEPE_USDT_004060: stored_mad=11.754 > 5.0
PEPE_USDT_004160	mad_fail_both_high	SKIP high MAD PEPE_USDT_004160: stored_mad=10.646 > 5.0
PEPE_USDT_004660	mad_fail_both_high	SKIP high MAD PEPE_USDT_004660: stored_mad=13.341 > 5.0
PEPE_USDT_005360	mad_fail_both_high	SKIP high MAD PEPE_USDT_005360: stored_mad=11.055 > 5.0
PEPE_USDT_005560	mad_fail_both_high	SKIP high MAD PEPE_USDT_005560: stored_mad=11.136 > 5.0
PEPE_USDT_005660	mad_fail_both_high	SKIP high MAD PEPE_USDT_005660: stored_mad=7.854 > 5.0
PEPE_USDT_006760	mad_fail_both_high	SKIP high MAD PEPE_USDT_006760: stored_mad=9.709 > 5.0
PEPE_USDT_007460	mad_fail_both_high	SKIP high MAD PEPE_USDT_007460: stored_mad=10.608 > 5.0
PEPE_USDT_008460	mad_fail_both_high	SKIP high MAD PEPE_USDT_008460: stored_mad=9.288 > 5.0
PEPE_USDT_008560	mad_fail_both_high	SKIP high MAD PEPE_USDT_008560: stored_mad=9.504 > 5.0
PEPE_USDT_009060	mad_fail_both_high	SKIP high MAD PEPE_USDT_009060: stored_mad=10.699 > 5.0
PEPE_USDT_009260	mad_fail_both_high	SKIP high MAD PEPE_USDT_009260: stored_mad=9.746 > 5.0
PEPE_USDT_009360	mad_fail_both_high	SKIP high MAD PEPE_USDT_009360: stored_mad=10.155 > 5.0
PEPE_USDT_010060	mad_fail_both_high	SKIP high MAD PEPE_USDT_010060: stored_mad=9.971 > 5.0
PEPE_USDT_010260	mad_fail_both_high	SKIP high MAD PEPE_USDT_010260: stored_mad=10.750 > 5.0
PEPE_USDT_010360	mad_fail_both_high	SKIP high MAD PEPE_USDT_010360: stored_mad=10.868 > 5.0
PEPE_USDT_010460	mad_fail_both_high	SKIP high MAD PEPE_USDT_010460: stored_mad=9.121 > 5.0
PEPE_USDT_010560	mad_fail_both_high	SKIP high MAD PEPE_USDT_010560: stored_mad=9.503 > 5.0
PEPE_USDT_010660	mad_fail_both_high	SKIP high MAD PEPE_USDT_010660: stored_mad=8.070 > 5.0
PEPE_USDT_010760	mad_fail_both_high	SKIP high MAD PEPE_USDT_010760: stored_mad=8.769 > 5.0
PEPE_USDT_011060	mad_fail_both_high	SKIP high MAD PEPE_USDT_011060: stored_mad=9.797 > 5.0
PEPE_USDT_011160	mad_fail_both_high	SKIP high MAD PEPE_USDT_011160: stored_mad=9.730 > 5.0
PEPE_USDT_011260	mad_fail_both_high	SKIP high MAD PEPE_USDT_011260: stored_mad=10.658 > 5.0
PEPE_USDT_011460	mad_fail_both_high	SKIP high MAD PEPE_USDT_011460: stored_mad=9.970 > 5.0
PEPE_USDT_011860	mad_fail_both_high	SKIP high MAD PEPE_USDT_011860: stored_mad=10.259 > 5.0
PEPE_USDT_012360	mad_fail_both_high	SKIP high MAD PEPE_USDT_012360: stored_mad=10.082 > 5.0
PEPE_USDT_012460	mad_fail_both_high	SKIP high MAD PEPE_USDT_012460: stored_mad=7.808 > 5.0
PEPE_USDT_012560	mad_fail_both_high	SKIP high MAD PEPE_USDT_012560: stored_mad=8.680 > 5.0
PEPE_USDT_012760	mad_fail_both_high	SKIP high MAD PEPE_USDT_012760: stored_mad=7.829 > 5.0
PEPE_USDT_013260	mad_fail_both_high	SKIP high MAD PEPE_USDT_013260: stored_mad=11.189 > 5.0
PEPE_USDT_013560	mad_fail_both_high	SKIP high MAD PEPE_USDT_013560: stored_mad=12.062 > 5.0
PEPE_USDT_013860	mad_fail_both_high	SKIP high MAD PEPE_USDT_013860: stored_mad=9.942 > 5.0
PEPE_USDT_014160	mad_fail_both_high	SKIP high MAD PEPE_USDT_014160: stored_mad=10.929 > 5.0
PEPE_USDT_014960	mad_fail_both_high	SKIP high MAD PEPE_USDT_014960: stored_mad=8.836 > 5.0
PEPE_USDT_015060	mad_fail_both_high	SKIP high MAD PEPE_USDT_015060: stored_mad=8.425 > 5.0
PEPE_USDT_015460	mad_fail_both_high	SKIP high MAD PEPE_USDT_015460: stored_mad=9.018 > 5.0
PEPE_USDT_015560	mad_fail_both_high	SKIP high MAD PEPE_USDT_015560: stored_mad=9.613 > 5.0
PEPE_USDT_015660	mad_fail_both_high	SKIP high MAD PEPE_USDT_015660: stored_mad=11.697 > 5.0
PEPE_USDT_015760	mad_fail_both_high	SKIP high MAD PEPE_USDT_015760: stored_mad=10.378 > 5.0
PEPE_USDT_015860	mad_fail_both_high	SKIP high MAD PEPE_USDT_015860: stored_mad=9.580 > 5.0
PEPE_USDT_015960	mad_fail_both_high	SKIP high MAD PEPE_USDT_015960: stored_mad=11.277 > 5.0
PEPE_USDT_016060	mad_fail_both_high	SKIP high MAD PEPE_USDT_016060: stored_mad=9.360 > 5.0
PEPE_USDT_017260	mad_fail_both_high	SKIP high MAD PEPE_USDT_017260: stored_mad=8.859 > 5.0
PEPE_USDT_SWAP	other	process_returned_none
PI_USDT_001260	mad_fail_both_high	SKIP high MAD PI_USDT_001260: stored_mad=6.626 > 5.0
PI_USDT_001560	mad_fail_both_high	SKIP high MAD PI_USDT_001560: stored_mad=8.248 > 5.0
PI_USDT_001760	mad_fail_both_high	SKIP high MAD PI_USDT_001760: stored_mad=8.302 > 5.0
PI_USDT_002560	mad_fail_both_high	SKIP high MAD PI_USDT_002560: stored_mad=7.614 > 5.0
PI_USDT_002660	mad_fail_both_high	SKIP high MAD PI_USDT_002660: stored_mad=7.925 > 5.0
PI_USDT_003060	mad_fail_both_high	SKIP high MAD PI_USDT_003060: stored_mad=5.746 > 5.0
PI_USDT_003160	mad_fail_both_high	SKIP high MAD PI_USDT_003160: stored_mad=6.843 > 5.0
PI_USDT_003760	mad_fail_both_high	SKIP high MAD PI_USDT_003760: stored_mad=8.616 > 5.0
PI_USDT_004060	mad_fail_both_high	SKIP high MAD PI_USDT_004060: stored_mad=6.667 > 5.0
PI_USDT_005160	mad_fail_both_high	SKIP high MAD PI_USDT_005160: stored_mad=9.348 > 5.0
PI_USDT_005260	mad_fail_both_high	SKIP high MAD PI_USDT_005260: stored_mad=9.247 > 5.0
PI_USDT_005960	mad_fail_both_high	SKIP high MAD PI_USDT_005960: stored_mad=9.019 > 5.0
PI_USDT_006260	mad_fail_both_high	SKIP high MAD PI_USDT_006260: stored_mad=10.773 > 5.0
PI_USDT_006860	mad_fail_both_high	SKIP high MAD PI_USDT_006860: stored_mad=11.690 > 5.0
PI_USDT_007160	mad_fail_both_high	SKIP high MAD PI_USDT_007160: stored_mad=10.809 > 5.0
PI_USDT_007360	mad_fail_both_high	SKIP high MAD PI_USDT_007360: stored_mad=8.780 > 5.0
PI_USDT_007460	mad_fail_both_high	SKIP high MAD PI_USDT_007460: stored_mad=9.111 > 5.0
PI_USDT_008260	mad_fail_both_high	SKIP high MAD PI_USDT_008260: stored_mad=9.264 > 5.0
PI_USDT_008660	mad_fail_both_high	SKIP high MAD PI_USDT_008660: stored_mad=8.248 > 5.0
PI_USDT_008960	mad_fail_both_high	SKIP high MAD PI_USDT_008960: stored_mad=9.054 > 5.0
PI_USDT_009460	mad_fail_both_high	SKIP high MAD PI_USDT_009460: stored_mad=9.072 > 5.0
PI_USDT_009560	mad_fail_both_high	SKIP high MAD PI_USDT_009560: stored_mad=7.860 > 5.0
PI_USDT_010460	mad_fail_both_high	SKIP high MAD PI_USDT_010460: stored_mad=7.692 > 5.0
PI_USDT_011260	mad_fail_both_high	SKIP high MAD PI_USDT_011260: stored_mad=9.441 > 5.0
PI_USDT_011360	mad_fail_both_high	SKIP high MAD PI_USDT_011360: stored_mad=9.806 > 5.0
PI_USDT_011960	mad_fail_both_high	SKIP high MAD PI_USDT_011960: stored_mad=10.158 > 5.0
PI_USDT_012360	mad_fail_both_high	SKIP high MAD PI_USDT_012360: stored_mad=7.967 > 5.0
PI_USDT_012460	mad_fail_both_high	SKIP high MAD PI_USDT_012460: stored_mad=8.146 > 5.0
PI_USDT_013360	mad_fail_both_high	SKIP high MAD PI_USDT_013360: stored_mad=9.773 > 5.0
PI_USDT_014160	mad_fail_both_high	SKIP high MAD PI_USDT_014160: stored_mad=7.245 > 5.0
PI_USDT_014260	mad_fail_both_high	SKIP high MAD PI_USDT_014260: stored_mad=8.099 > 5.0
PI_USDT_014560	mad_fail_both_high	SKIP high MAD PI_USDT_014560: stored_mad=9.578 > 5.0
PI_USDT_014960	mad_fail_both_high	SKIP high MAD PI_USDT_014960: stored_mad=10.028 > 5.0
PI_USDT_015560	mad_fail_both_high	SKIP high MAD PI_USDT_015560: stored_mad=9.998 > 5.0
PI_USDT_016660	mad_fail_both_high	SKIP high MAD PI_USDT_016660: stored_mad=10.265 > 5.0
PI_USDT_017060	mad_fail_both_high	SKIP high MAD PI_USDT_017060: stored_mad=8.587 > 5.0
PI_USDT_017460	mad_fail_both_high	SKIP high MAD PI_USDT_017460: stored_mad=9.627 > 5.0
PUMP_USDT_000360	mad_fail_both_high	SKIP high MAD PUMP_USDT_000360: stored_mad=10.420 > 5.0
PUMP_USDT_000760	mad_fail_both_high	SKIP high MAD PUMP_USDT_000760: stored_mad=10.294 > 5.0
PUMP_USDT_000860	mad_fail_both_high	SKIP high MAD PUMP_USDT_000860: stored_mad=9.894 > 5.0
PUMP_USDT_000960	mad_fail_both_high	SKIP high MAD PUMP_USDT_000960: stored_mad=10.293 > 5.0
PUMP_USDT_001960	mad_fail_both_high	SKIP high MAD PUMP_USDT_001960: stored_mad=11.181 > 5.0
PUMP_USDT_002160	mad_fail_both_high	SKIP high MAD PUMP_USDT_002160: stored_mad=11.316 > 5.0
PUMP_USDT_002360	mad_fail_both_high	SKIP high MAD PUMP_USDT_002360: stored_mad=12.836 > 5.0
PUMP_USDT_003260	mad_fail_both_high	SKIP high MAD PUMP_USDT_003260: stored_mad=10.495 > 5.0
PUMP_USDT_003660	mad_fail_both_high	SKIP high MAD PUMP_USDT_003660: stored_mad=9.755 > 5.0
PUMP_USDT_003960	mad_fail_both_high	SKIP high MAD PUMP_USDT_003960: stored_mad=10.615 > 5.0
PUMP_USDT_004360	mad_fail_both_high	SKIP high MAD PUMP_USDT_004360: stored_mad=9.156 > 5.0
PUMP_USDT_005460	mad_fail_both_high	SKIP high MAD PUMP_USDT_005460: stored_mad=10.222 > 5.0
PUMP_USDT_005560	mad_fail_both_high	SKIP high MAD PUMP_USDT_005560: stored_mad=9.148 > 5.0
PUMP_USDT_006060	mad_fail_both_high	SKIP high MAD PUMP_USDT_006060: stored_mad=10.065 > 5.0
PUMP_USDT_006160	mad_fail_both_high	SKIP high MAD PUMP_USDT_006160: stored_mad=11.301 > 5.0
PUMP_USDT_006660	mad_fail_both_high	SKIP high MAD PUMP_USDT_006660: stored_mad=8.778 > 5.0
PUMP_USDT_007060	mad_fail_both_high	SKIP high MAD PUMP_USDT_007060: stored_mad=11.569 > 5.0
PUMP_USDT_007360	mad_fail_both_high	SKIP high MAD PUMP_USDT_007360: stored_mad=9.736 > 5.0
PUMP_USDT_007560	mad_fail_both_high	SKIP high MAD PUMP_USDT_007560: stored_mad=9.865 > 5.0
PUMP_USDT_007660	mad_fail_both_high	SKIP high MAD PUMP_USDT_007660: stored_mad=9.854 > 5.0
PUMP_USDT_008260	mad_fail_both_high	SKIP high MAD PUMP_USDT_008260: stored_mad=9.916 > 5.0
PUMP_USDT_008360	mad_fail_both_high	SKIP high MAD PUMP_USDT_008360: stored_mad=7.280 > 5.0
PUMP_USDT_008760	mad_fail_both_high	SKIP high MAD PUMP_USDT_008760: stored_mad=9.732 > 5.0
PUMP_USDT_009160	mad_fail_both_high	SKIP high MAD PUMP_USDT_009160: stored_mad=10.670 > 5.0
PUMP_USDT_009360	mad_fail_both_high	SKIP high MAD PUMP_USDT_009360: stored_mad=10.988 > 5.0
PUMP_USDT_009760	mad_fail_both_high	SKIP high MAD PUMP_USDT_009760: stored_mad=8.718 > 5.0
PUMP_USDT_009860	mad_fail_both_high	SKIP high MAD PUMP_USDT_009860: stored_mad=10.243 > 5.0
PUMP_USDT_010060	mad_fail_both_high	SKIP high MAD PUMP_USDT_010060: stored_mad=10.035 > 5.0
PUMP_USDT_010160	mad_fail_both_high	SKIP high MAD PUMP_USDT_010160: stored_mad=10.880 > 5.0
PUMP_USDT_010360	mad_fail_both_high	SKIP high MAD PUMP_USDT_010360: stored_mad=10.226 > 5.0
PUMP_USDT_010460	mad_fail_both_high	SKIP high MAD PUMP_USDT_010460: stored_mad=10.269 > 5.0
PUMP_USDT_010560	mad_fail_both_high	SKIP high MAD PUMP_USDT_010560: stored_mad=8.919 > 5.0
PUMP_USDT_010660	mad_fail_both_high	SKIP high MAD PUMP_USDT_010660: stored_mad=9.371 > 5.0
PUMP_USDT_010760	mad_fail_both_high	SKIP high MAD PUMP_USDT_010760: stored_mad=8.703 > 5.0
PUMP_USDT_011060	mad_fail_both_high	SKIP high MAD PUMP_USDT_011060: stored_mad=9.378 > 5.0
PUMP_USDT_011760	mad_fail_both_high	SKIP high MAD PUMP_USDT_011760: stored_mad=8.168 > 5.0
PUMP_USDT_011960	mad_fail_both_high	SKIP high MAD PUMP_USDT_011960: stored_mad=11.621 > 5.0
PUMP_USDT_012060	mad_fail_both_high	SKIP high MAD PUMP_USDT_012060: stored_mad=10.072 > 5.0
PUMP_USDT_012660	mad_fail_both_high	SKIP high MAD PUMP_USDT_012660: stored_mad=10.069 > 5.0
PUMP_USDT_013060	mad_fail_both_high	SKIP high MAD PUMP_USDT_013060: stored_mad=10.876 > 5.0
PUMP_USDT_013160	mad_fail_both_high	SKIP high MAD PUMP_USDT_013160: stored_mad=10.309 > 5.0
PUMP_USDT_013360	mad_fail_both_high	SKIP high MAD PUMP_USDT_013360: stored_mad=8.062 > 5.0
PUMP_USDT_013460	mad_fail_both_high	SKIP high MAD PUMP_USDT_013460: stored_mad=9.414 > 5.0
PUMP_USDT_013560	mad_fail_both_high	SKIP high MAD PUMP_USDT_013560: stored_mad=11.681 > 5.0
PUMP_USDT_014160	mad_fail_both_high	SKIP high MAD PUMP_USDT_014160: stored_mad=8.681 > 5.0
PUMP_USDT_015360	mad_fail_both_high	SKIP high MAD PUMP_USDT_015360: stored_mad=12.115 > 5.0
PUMP_USDT_015460	mad_fail_both_high	SKIP high MAD PUMP_USDT_015460: stored_mad=10.060 > 5.0
PUMP_USDT_015560	mad_fail_both_high	SKIP high MAD PUMP_USDT_015560: stored_mad=8.885 > 5.0
QTUM_USDT_SWAP_000330	short_history	SKIP short history QTUM_USDT_SWAP_000330: pad_start=-8 cut_global=191 n=39169
RVN_USDT_SWAP_000330	short_history	SKIP short history RVN_USDT_SWAP_000330: pad_start=-48 cut_global=151 n=39168
SNDK_USDT_SWAP_000330	other	process_returned_none
SNDK_USDT_SWAP_000930	other	process_returned_none
SNDK_USDT_SWAP_002730	other	process_returned_none
SOL_USDT_000660	mad_fail_both_high	SKIP high MAD SOL_USDT_000660: stored_mad=9.853 > 5.0
SOL_USDT_000960	mad_fail_both_high	SKIP high MAD SOL_USDT_000960: stored_mad=8.134 > 5.0
SOL_USDT_001060	mad_fail_both_high	SKIP high MAD SOL_USDT_001060: stored_mad=8.041 > 5.0
SOL_USDT_001160	mad_fail_both_high	SKIP high MAD SOL_USDT_001160: stored_mad=8.649 > 5.0
SOL_USDT_001560	mad_fail_both_high	SKIP high MAD SOL_USDT_001560: stored_mad=10.609 > 5.0
SOL_USDT_001960	mad_fail_both_high	SKIP high MAD SOL_USDT_001960: stored_mad=9.879 > 5.0
SOL_USDT_002260	mad_fail_both_high	SKIP high MAD SOL_USDT_002260: stored_mad=10.462 > 5.0
SOL_USDT_002360	mad_fail_both_high	SKIP high MAD SOL_USDT_002360: stored_mad=9.127 > 5.0
SOL_USDT_002460	mad_fail_both_high	SKIP high MAD SOL_USDT_002460: stored_mad=9.644 > 5.0
SOL_USDT_003060	mad_fail_both_high	SKIP high MAD SOL_USDT_003060: stored_mad=7.879 > 5.0
SOL_USDT_003760	mad_fail_both_high	SKIP high MAD SOL_USDT_003760: stored_mad=10.010 > 5.0
SOL_USDT_003860	mad_fail_both_high	SKIP high MAD SOL_USDT_003860: stored_mad=9.723 > 5.0
SOL_USDT_003960	mad_fail_both_high	SKIP high MAD SOL_USDT_003960: stored_mad=11.155 > 5.0
SOL_USDT_004060	mad_fail_both_high	SKIP high MAD SOL_USDT_004060: stored_mad=9.858 > 5.0
SOL_USDT_004260	mad_fail_both_high	SKIP high MAD SOL_USDT_004260: stored_mad=8.642 > 5.0
SOL_USDT_005160	mad_fail_both_high	SKIP high MAD SOL_USDT_005160: stored_mad=12.196 > 5.0
SOL_USDT_006060	mad_fail_both_high	SKIP high MAD SOL_USDT_006060: stored_mad=10.549 > 5.0
SOL_USDT_006360	mad_fail_both_high	SKIP high MAD SOL_USDT_006360: stored_mad=10.243 > 5.0
SOL_USDT_006660	mad_fail_both_high	SKIP high MAD SOL_USDT_006660: stored_mad=9.048 > 5.0
SOL_USDT_006960	mad_fail_both_high	SKIP high MAD SOL_USDT_006960: stored_mad=9.115 > 5.0
SOL_USDT_008160	mad_fail_both_high	SKIP high MAD SOL_USDT_008160: stored_mad=10.473 > 5.0
SOL_USDT_008260	mad_fail_both_high	SKIP high MAD SOL_USDT_008260: stored_mad=9.077 > 5.0
SOL_USDT_008460	mad_fail_both_high	SKIP high MAD SOL_USDT_008460: stored_mad=8.639 > 5.0
SOL_USDT_008560	mad_fail_both_high	SKIP high MAD SOL_USDT_008560: stored_mad=10.611 > 5.0
SOL_USDT_008660	mad_fail_both_high	SKIP high MAD SOL_USDT_008660: stored_mad=10.798 > 5.0
SOL_USDT_008760	mad_fail_both_high	SKIP high MAD SOL_USDT_008760: stored_mad=10.588 > 5.0
SOL_USDT_009260	mad_fail_both_high	SKIP high MAD SOL_USDT_009260: stored_mad=10.531 > 5.0
SOL_USDT_009560	mad_fail_both_high	SKIP high MAD SOL_USDT_009560: stored_mad=8.393 > 5.0
SOL_USDT_010060	mad_fail_both_high	SKIP high MAD SOL_USDT_010060: stored_mad=8.865 > 5.0
SOL_USDT_010960	mad_fail_both_high	SKIP high MAD SOL_USDT_010960: stored_mad=9.351 > 5.0
SOL_USDT_011660	mad_fail_both_high	SKIP high MAD SOL_USDT_011660: stored_mad=9.606 > 5.0
SOL_USDT_012160	mad_fail_both_high	SKIP high MAD SOL_USDT_012160: stored_mad=9.441 > 5.0
SOL_USDT_012560	mad_fail_both_high	SKIP high MAD SOL_USDT_012560: stored_mad=7.362 > 5.0
SOL_USDT_012860	mad_fail_both_high	SKIP high MAD SOL_USDT_012860: stored_mad=9.294 > 5.0
SOL_USDT_013160	mad_fail_both_high	SKIP high MAD SOL_USDT_013160: stored_mad=8.347 > 5.0
SOL_USDT_013360	mad_fail_both_high	SKIP high MAD SOL_USDT_013360: stored_mad=8.709 > 5.0
SOL_USDT_013660	mad_fail_both_high	SKIP high MAD SOL_USDT_013660: stored_mad=10.126 > 5.0
SOL_USDT_013760	mad_fail_both_high	SKIP high MAD SOL_USDT_013760: stored_mad=8.066 > 5.0
SOL_USDT_013960	mad_fail_both_high	SKIP high MAD SOL_USDT_013960: stored_mad=10.626 > 5.0
SOL_USDT_014160	mad_fail_both_high	SKIP high MAD SOL_USDT_014160: stored_mad=9.635 > 5.0
SOL_USDT_014560	mad_fail_both_high	SKIP high MAD SOL_USDT_014560: stored_mad=9.460 > 5.0
SOL_USDT_014760	mad_fail_both_high	SKIP high MAD SOL_USDT_014760: stored_mad=8.610 > 5.0
SOL_USDT_015060	mad_fail_both_high	SKIP high MAD SOL_USDT_015060: stored_mad=8.149 > 5.0
SOL_USDT_015260	mad_fail_both_high	SKIP high MAD SOL_USDT_015260: stored_mad=9.866 > 5.0
SOL_USDT_015360	mad_fail_both_high	SKIP high MAD SOL_USDT_015360: stored_mad=9.590 > 5.0
SOL_USDT_015460	mad_fail_both_high	SKIP high MAD SOL_USDT_015460: stored_mad=9.557 > 5.0
SOL_USDT_015560	mad_fail_both_high	SKIP high MAD SOL_USDT_015560: stored_mad=9.675 > 5.0
SOL_USDT_015760	mad_fail_both_high	SKIP high MAD SOL_USDT_015760: stored_mad=8.769 > 5.0
SOL_USDT_015960	mad_fail_both_high	SKIP high MAD SOL_USDT_015960: stored_mad=9.719 > 5.0
SOL_USDT_017060	mad_fail_both_high	SKIP high MAD SOL_USDT_017060: stored_mad=10.334 > 5.0
SOL_USDT_017160	mad_fail_both_high	SKIP high MAD SOL_USDT_017160: stored_mad=9.763 > 5.0
SUI_USDT_000360	mad_fail_both_high	SKIP high MAD SUI_USDT_000360: stored_mad=10.362 > 5.0
SUI_USDT_000460	mad_fail_both_high	SKIP high MAD SUI_USDT_000460: stored_mad=11.220 > 5.0
SUI_USDT_000760	mad_fail_both_high	SKIP high MAD SUI_USDT_000760: stored_mad=10.607 > 5.0
SUI_USDT_000860	mad_fail_both_high	SKIP high MAD SUI_USDT_000860: stored_mad=10.178 > 5.0
SUI_USDT_001060	mad_fail_both_high	SKIP high MAD SUI_USDT_001060: stored_mad=8.608 > 5.0
SUI_USDT_001460	mad_fail_both_high	SKIP high MAD SUI_USDT_001460: stored_mad=8.853 > 5.0
SUI_USDT_001860	mad_fail_both_high	SKIP high MAD SUI_USDT_001860: stored_mad=8.393 > 5.0
SUI_USDT_002760	mad_fail_both_high	SKIP high MAD SUI_USDT_002760: stored_mad=10.060 > 5.0
SUI_USDT_003060	mad_fail_both_high	SKIP high MAD SUI_USDT_003060: stored_mad=7.035 > 5.0
SUI_USDT_003860	mad_fail_both_high	SKIP high MAD SUI_USDT_003860: stored_mad=9.572 > 5.0
SUI_USDT_004760	mad_fail_both_high	SKIP high MAD SUI_USDT_004760: stored_mad=10.067 > 5.0
SUI_USDT_005260	mad_fail_both_high	SKIP high MAD SUI_USDT_005260: stored_mad=11.050 > 5.0
SUI_USDT_005560	mad_fail_both_high	SKIP high MAD SUI_USDT_005560: stored_mad=10.174 > 5.0
SUI_USDT_005660	mad_fail_both_high	SKIP high MAD SUI_USDT_005660: stored_mad=8.767 > 5.0
SUI_USDT_005860	mad_fail_both_high	SKIP high MAD SUI_USDT_005860: stored_mad=9.844 > 5.0
SUI_USDT_005960	mad_fail_both_high	SKIP high MAD SUI_USDT_005960: stored_mad=12.152 > 5.0
SUI_USDT_006760	mad_fail_both_high	SKIP high MAD SUI_USDT_006760: stored_mad=9.792 > 5.0
SUI_USDT_007360	mad_fail_both_high	SKIP high MAD SUI_USDT_007360: stored_mad=10.147 > 5.0
SUI_USDT_007460	mad_fail_both_high	SKIP high MAD SUI_USDT_007460: stored_mad=10.425 > 5.0
SUI_USDT_007560	mad_fail_both_high	SKIP high MAD SUI_USDT_007560: stored_mad=10.011 > 5.0
SUI_USDT_008160	mad_fail_both_high	SKIP high MAD SUI_USDT_008160: stored_mad=10.010 > 5.0
SUI_USDT_008260	mad_fail_both_high	SKIP high MAD SUI_USDT_008260: stored_mad=10.021 > 5.0
SUI_USDT_008660	mad_fail_both_high	SKIP high MAD SUI_USDT_008660: stored_mad=10.158 > 5.0
SUI_USDT_008760	mad_fail_both_high	SKIP high MAD SUI_USDT_008760: stored_mad=10.200 > 5.0
SUI_USDT_009160	mad_fail_both_high	SKIP high MAD SUI_USDT_009160: stored_mad=10.710 > 5.0
SUI_USDT_009260	mad_fail_both_high	SKIP high MAD SUI_USDT_009260: stored_mad=9.656 > 5.0
SUI_USDT_009460	mad_fail_both_high	SKIP high MAD SUI_USDT_009460: stored_mad=9.599 > 5.0
SUI_USDT_010360	mad_fail_both_high	SKIP high MAD SUI_USDT_010360: stored_mad=8.782 > 5.0
SUI_USDT_010460	mad_fail_both_high	SKIP high MAD SUI_USDT_010460: stored_mad=9.021 > 5.0
SUI_USDT_010560	mad_fail_both_high	SKIP high MAD SUI_USDT_010560: stored_mad=8.771 > 5.0
SUI_USDT_010660	mad_fail_both_high	SKIP high MAD SUI_USDT_010660: stored_mad=8.120 > 5.0
SUI_USDT_011160	mad_fail_both_high	SKIP high MAD SUI_USDT_011160: stored_mad=9.725 > 5.0
SUI_USDT_012160	mad_fail_both_high	SKIP high MAD SUI_USDT_012160: stored_mad=10.428 > 5.0
SUI_USDT_012360	mad_fail_both_high	SKIP high MAD SUI_USDT_012360: stored_mad=9.310 > 5.0
SUI_USDT_012460	mad_fail_both_high	SKIP high MAD SUI_USDT_012460: stored_mad=6.609 > 5.0
SUI_USDT_012660	mad_fail_both_high	SKIP high MAD SUI_USDT_012660: stored_mad=7.418 > 5.0
SUI_USDT_012760	mad_fail_both_high	SKIP high MAD SUI_USDT_012760: stored_mad=7.685 > 5.0
SUI_USDT_012860	mad_fail_both_high	SKIP high MAD SUI_USDT_012860: stored_mad=9.375 > 5.0
SUI_USDT_012960	mad_fail_both_high	SKIP high MAD SUI_USDT_012960: stored_mad=9.269 > 5.0
SUI_USDT_013360	mad_fail_both_high	SKIP high MAD SUI_USDT_013360: stored_mad=7.898 > 5.0
SUI_USDT_015860	mad_fail_both_high	SKIP high MAD SUI_USDT_015860: stored_mad=9.138 > 5.0
SUI_USDT_015960	mad_fail_both_high	SKIP high MAD SUI_USDT_015960: stored_mad=9.996 > 5.0
SUI_USDT_017060	mad_fail_both_high	SKIP high MAD SUI_USDT_017060: stored_mad=10.564 > 5.0
SUI_USDT_017160	mad_fail_both_high	SKIP high MAD SUI_USDT_017160: stored_mad=11.007 > 5.0
SUI_USDT_017260	mad_fail_both_high	SKIP high MAD SUI_USDT_017260: stored_mad=10.632 > 5.0
S_USDT_SWAP_000330	short_history	SKIP short history S_USDT_SWAP_000330: pad_start=-8 cut_global=191 n=39168
THETA_USDT_SWAP_000330	short_history	SKIP short history THETA_USDT_SWAP_000330: pad_start=-10 cut_global=189 n=39167
TIA_USDT_000460	mad_fail_both_high	SKIP high MAD TIA_USDT_000460: stored_mad=10.067 > 5.0
TIA_USDT_002660	mad_fail_both_high	SKIP high MAD TIA_USDT_002660: stored_mad=8.588 > 5.0
TIA_USDT_002760	mad_fail_both_high	SKIP high MAD TIA_USDT_002760: stored_mad=10.273 > 5.0
TIA_USDT_002860	mad_fail_both_high	SKIP high MAD TIA_USDT_002860: stored_mad=8.585 > 5.0
TIA_USDT_002960	mad_fail_both_high	SKIP high MAD TIA_USDT_002960: stored_mad=8.749 > 5.0
TIA_USDT_003060	mad_fail_both_high	SKIP high MAD TIA_USDT_003060: stored_mad=6.859 > 5.0
TIA_USDT_003660	mad_fail_both_high	SKIP high MAD TIA_USDT_003660: stored_mad=10.802 > 5.0
TIA_USDT_003760	mad_fail_both_high	SKIP high MAD TIA_USDT_003760: stored_mad=9.255 > 5.0
TIA_USDT_004260	mad_fail_both_high	SKIP high MAD TIA_USDT_004260: stored_mad=10.283 > 5.0
TIA_USDT_004560	mad_fail_both_high	SKIP high MAD TIA_USDT_004560: stored_mad=12.464 > 5.0
TIA_USDT_004660	mad_fail_both_high	SKIP high MAD TIA_USDT_004660: stored_mad=12.718 > 5.0
TIA_USDT_004760	mad_fail_both_high	SKIP high MAD TIA_USDT_004760: stored_mad=9.366 > 5.0
TIA_USDT_005760	mad_fail_both_high	SKIP high MAD TIA_USDT_005760: stored_mad=9.661 > 5.0
TIA_USDT_006360	mad_fail_both_high	SKIP high MAD TIA_USDT_006360: stored_mad=10.151 > 5.0
TIA_USDT_007160	mad_fail_both_high	SKIP high MAD TIA_USDT_007160: stored_mad=10.445 > 5.0
TIA_USDT_008160	mad_fail_both_high	SKIP high MAD TIA_USDT_008160: stored_mad=10.742 > 5.0
TIA_USDT_008360	mad_fail_both_high	SKIP high MAD TIA_USDT_008360: stored_mad=10.803 > 5.0
TIA_USDT_008660	mad_fail_both_high	SKIP high MAD TIA_USDT_008660: stored_mad=10.344 > 5.0
TIA_USDT_008760	mad_fail_both_high	SKIP high MAD TIA_USDT_008760: stored_mad=9.726 > 5.0
TIA_USDT_009060	mad_fail_both_high	SKIP high MAD TIA_USDT_009060: stored_mad=10.240 > 5.0
TIA_USDT_009160	mad_fail_both_high	SKIP high MAD TIA_USDT_009160: stored_mad=10.752 > 5.0
TIA_USDT_009260	mad_fail_both_high	SKIP high MAD TIA_USDT_009260: stored_mad=10.798 > 5.0
TIA_USDT_010060	mad_fail_both_high	SKIP high MAD TIA_USDT_010060: stored_mad=10.329 > 5.0
TIA_USDT_010160	mad_fail_both_high	SKIP high MAD TIA_USDT_010160: stored_mad=9.073 > 5.0
TIA_USDT_010460	mad_fail_both_high	SKIP high MAD TIA_USDT_010460: stored_mad=9.995 > 5.0
TIA_USDT_012060	mad_fail_both_high	SKIP high MAD TIA_USDT_012060: stored_mad=12.311 > 5.0
TIA_USDT_012160	mad_fail_both_high	SKIP high MAD TIA_USDT_012160: stored_mad=10.170 > 5.0
TIA_USDT_012460	mad_fail_both_high	SKIP high MAD TIA_USDT_012460: stored_mad=8.061 > 5.0
TIA_USDT_012760	mad_fail_both_high	SKIP high MAD TIA_USDT_012760: stored_mad=7.837 > 5.0
TIA_USDT_012860	mad_fail_both_high	SKIP high MAD TIA_USDT_012860: stored_mad=9.095 > 5.0
TIA_USDT_013060	mad_fail_both_high	SKIP high MAD TIA_USDT_013060: stored_mad=10.342 > 5.0
TIA_USDT_013360	mad_fail_both_high	SKIP high MAD TIA_USDT_013360: stored_mad=10.543 > 5.0
TIA_USDT_013960	mad_fail_both_high	SKIP high MAD TIA_USDT_013960: stored_mad=11.760 > 5.0
TIA_USDT_014860	mad_fail_both_high	SKIP high MAD TIA_USDT_014860: stored_mad=8.854 > 5.0
TIA_USDT_015760	mad_fail_both_high	SKIP high MAD TIA_USDT_015760: stored_mad=10.260 > 5.0
TIA_USDT_017260	mad_fail_both_high	SKIP high MAD TIA_USDT_017260: stored_mad=9.261 > 5.0
TRX_USDT_000660	mad_fail_both_high	SKIP high MAD TRX_USDT_000660: stored_mad=6.525 > 5.0
TRX_USDT_000760	mad_fail_both_high	SKIP high MAD TRX_USDT_000760: stored_mad=6.565 > 5.0
TRX_USDT_001360	mad_fail_both_high	SKIP high MAD TRX_USDT_001360: stored_mad=5.423 > 5.0
TRX_USDT_001460	mad_fail_both_high	SKIP high MAD TRX_USDT_001460: stored_mad=5.788 > 5.0
TRX_USDT_001560	mad_fail_both_high	SKIP high MAD TRX_USDT_001560: stored_mad=5.838 > 5.0
TRX_USDT_001760	mad_fail_both_high	SKIP high MAD TRX_USDT_001760: stored_mad=5.647 > 5.0
TRX_USDT_002060	mad_fail_both_high	SKIP high MAD TRX_USDT_002060: stored_mad=6.596 > 5.0
TRX_USDT_002160	mad_fail_both_high	SKIP high MAD TRX_USDT_002160: stored_mad=5.788 > 5.0
TRX_USDT_002360	mad_fail_both_high	SKIP high MAD TRX_USDT_002360: stored_mad=5.507 > 5.0
TRX_USDT_002460	mad_fail_both_high	SKIP high MAD TRX_USDT_002460: stored_mad=5.452 > 5.0
TRX_USDT_002560	mad_fail_both_high	SKIP high MAD TRX_USDT_002560: stored_mad=5.823 > 5.0
TRX_USDT_002660	mad_fail_both_high	SKIP high MAD TRX_USDT_002660: stored_mad=5.825 > 5.0
TRX_USDT_003160	mad_fail_both_high	SKIP high MAD TRX_USDT_003160: stored_mad=7.174 > 5.0
TRX_USDT_004260	mad_fail_both_high	SKIP high MAD TRX_USDT_004260: stored_mad=6.705 > 5.0
TRX_USDT_004360	mad_fail_both_high	SKIP high MAD TRX_USDT_004360: stored_mad=6.706 > 5.0
TRX_USDT_004660	mad_fail_both_high	SKIP high MAD TRX_USDT_004660: stored_mad=6.958 > 5.0
TRX_USDT_004760	mad_fail_both_high	SKIP high MAD TRX_USDT_004760: stored_mad=7.662 > 5.0
TRX_USDT_005360	mad_fail_both_high	SKIP high MAD TRX_USDT_005360: stored_mad=6.639 > 5.0
TRX_USDT_005560	mad_fail_both_high	SKIP high MAD TRX_USDT_005560: stored_mad=6.472 > 5.0
TRX_USDT_005660	mad_fail_both_high	SKIP high MAD TRX_USDT_005660: stored_mad=6.873 > 5.0
TRX_USDT_005960	mad_fail_both_high	SKIP high MAD TRX_USDT_005960: stored_mad=6.552 > 5.0
TRX_USDT_006260	mad_fail_both_high	SKIP high MAD TRX_USDT_006260: stored_mad=5.669 > 5.0
TRX_USDT_006360	mad_fail_both_high	SKIP high MAD TRX_USDT_006360: stored_mad=5.550 > 5.0
TRX_USDT_006760	mad_fail_both_high	SKIP high MAD TRX_USDT_006760: stored_mad=5.424 > 5.0
TRX_USDT_006960	mad_fail_both_high	SKIP high MAD TRX_USDT_006960: stored_mad=6.256 > 5.0
TRX_USDT_007360	mad_fail_both_high	SKIP high MAD TRX_USDT_007360: stored_mad=6.700 > 5.0
TRX_USDT_007460	mad_fail_both_high	SKIP high MAD TRX_USDT_007460: stored_mad=6.378 > 5.0
TRX_USDT_008060	mad_fail_both_high	SKIP high MAD TRX_USDT_008060: stored_mad=6.228 > 5.0
TRX_USDT_008360	mad_fail_both_high	SKIP high MAD TRX_USDT_008360: stored_mad=6.441 > 5.0
TRX_USDT_008560	mad_fail_both_high	SKIP high MAD TRX_USDT_008560: stored_mad=5.232 > 5.0
TRX_USDT_008860	mad_fail_both_high	SKIP high MAD TRX_USDT_008860: stored_mad=5.970 > 5.0
TRX_USDT_008960	mad_fail_both_high	SKIP high MAD TRX_USDT_008960: stored_mad=6.700 > 5.0
TRX_USDT_009060	mad_fail_both_high	SKIP high MAD TRX_USDT_009060: stored_mad=6.473 > 5.0
TRX_USDT_009160	mad_fail_both_high	SKIP high MAD TRX_USDT_009160: stored_mad=6.987 > 5.0
TRX_USDT_009960	mad_fail_both_high	SKIP high MAD TRX_USDT_009960: stored_mad=6.893 > 5.0
TRX_USDT_010060	mad_fail_both_high	SKIP high MAD TRX_USDT_010060: stored_mad=6.081 > 5.0
TRX_USDT_010960	mad_fail_both_high	SKIP high MAD TRX_USDT_010960: stored_mad=5.576 > 5.0
TRX_USDT_011460	mad_fail_both_high	SKIP high MAD TRX_USDT_011460: stored_mad=5.180 > 5.0
TRX_USDT_011760	mad_fail_both_high	SKIP high MAD TRX_USDT_011760: stored_mad=5.752 > 5.0
TRX_USDT_011960	mad_fail_both_high	SKIP high MAD TRX_USDT_011960: stored_mad=5.344 > 5.0
TRX_USDT_012060	mad_fail_both_high	SKIP high MAD TRX_USDT_012060: stored_mad=5.747 > 5.0
TRX_USDT_012160	mad_fail_both_high	SKIP high MAD TRX_USDT_012160: stored_mad=5.534 > 5.0
TRX_USDT_012560	mad_fail_both_high	SKIP high MAD TRX_USDT_012560: stored_mad=5.075 > 5.0
TRX_USDT_013060	mad_fail_both_high	SKIP high MAD TRX_USDT_013060: stored_mad=7.596 > 5.0
TRX_USDT_013360	mad_fail_both_high	SKIP high MAD TRX_USDT_013360: stored_mad=6.227 > 5.0
TRX_USDT_013460	mad_fail_both_high	SKIP high MAD TRX_USDT_013460: stored_mad=6.008 > 5.0
TRX_USDT_013860	mad_fail_both_high	SKIP high MAD TRX_USDT_013860: stored_mad=5.944 > 5.0
TRX_USDT_014160	mad_fail_both_high	SKIP high MAD TRX_USDT_014160: stored_mad=6.160 > 5.0
TRX_USDT_014360	mad_fail_both_high	SKIP high MAD TRX_USDT_014360: stored_mad=6.007 > 5.0
TRX_USDT_014860	mad_fail_both_high	SKIP high MAD TRX_USDT_014860: stored_mad=5.381 > 5.0
TRX_USDT_014960	mad_fail_both_high	SKIP high MAD TRX_USDT_014960: stored_mad=6.603 > 5.0
TRX_USDT_015060	mad_fail_both_high	SKIP high MAD TRX_USDT_015060: stored_mad=5.759 > 5.0
TRX_USDT_015260	mad_fail_both_high	SKIP high MAD TRX_USDT_015260: stored_mad=6.680 > 5.0
TRX_USDT_015460	mad_fail_both_high	SKIP high MAD TRX_USDT_015460: stored_mad=6.759 > 5.0
TRX_USDT_015560	mad_fail_both_high	SKIP high MAD TRX_USDT_015560: stored_mad=5.961 > 5.0
TRX_USDT_015760	mad_fail_both_high	SKIP high MAD TRX_USDT_015760: stored_mad=6.686 > 5.0
TRX_USDT_015860	mad_fail_both_high	SKIP high MAD TRX_USDT_015860: stored_mad=6.733 > 5.0
TRX_USDT_015960	mad_fail_both_high	SKIP high MAD TRX_USDT_015960: stored_mad=6.990 > 5.0
TRX_USDT_016260	mad_fail_both_high	SKIP high MAD TRX_USDT_016260: stored_mad=8.182 > 5.0
TRX_USDT_016360	mad_fail_both_high	SKIP high MAD TRX_USDT_016360: stored_mad=7.878 > 5.0
TRX_USDT_016860	mad_fail_both_high	SKIP high MAD TRX_USDT_016860: stored_mad=6.287 > 5.0
TRX_USDT_016960	mad_fail_both_high	SKIP high MAD TRX_USDT_016960: stored_mad=6.180 > 5.0
UNI_USDT_000560	mad_fail_both_high	SKIP high MAD UNI_USDT_000560: stored_mad=9.773 > 5.0
UNI_USDT_000760	mad_fail_both_high	SKIP high MAD UNI_USDT_000760: stored_mad=9.215 > 5.0
UNI_USDT_000960	mad_fail_both_high	SKIP high MAD UNI_USDT_000960: stored_mad=7.665 > 5.0
UNI_USDT_001860	mad_fail_both_high	SKIP high MAD UNI_USDT_001860: stored_mad=9.348 > 5.0
UNI_USDT_001960	mad_fail_both_high	SKIP high MAD UNI_USDT_001960: stored_mad=9.142 > 5.0
UNI_USDT_002460	mad_fail_both_high	SKIP high MAD UNI_USDT_002460: stored_mad=11.948 > 5.0
UNI_USDT_003160	mad_fail_both_high	SKIP high MAD UNI_USDT_003160: stored_mad=8.029 > 5.0
UNI_USDT_003660	mad_fail_both_high	SKIP high MAD UNI_USDT_003660: stored_mad=8.875 > 5.0
UNI_USDT_003760	mad_fail_both_high	SKIP high MAD UNI_USDT_003760: stored_mad=9.521 > 5.0
UNI_USDT_003960	mad_fail_both_high	SKIP high MAD UNI_USDT_003960: stored_mad=10.689 > 5.0
UNI_USDT_004060	mad_fail_both_high	SKIP high MAD UNI_USDT_004060: stored_mad=10.501 > 5.0
UNI_USDT_004260	mad_fail_both_high	SKIP high MAD UNI_USDT_004260: stored_mad=8.750 > 5.0
UNI_USDT_004660	mad_fail_both_high	SKIP high MAD UNI_USDT_004660: stored_mad=10.677 > 5.0
UNI_USDT_004760	mad_fail_both_high	SKIP high MAD UNI_USDT_004760: stored_mad=9.933 > 5.0
UNI_USDT_006060	mad_fail_both_high	SKIP high MAD UNI_USDT_006060: stored_mad=11.276 > 5.0
UNI_USDT_006160	mad_fail_both_high	SKIP high MAD UNI_USDT_006160: stored_mad=9.585 > 5.0
UNI_USDT_006660	mad_fail_both_high	SKIP high MAD UNI_USDT_006660: stored_mad=7.816 > 5.0
UNI_USDT_006760	mad_fail_both_high	SKIP high MAD UNI_USDT_006760: stored_mad=9.562 > 5.0
UNI_USDT_007160	mad_fail_both_high	SKIP high MAD UNI_USDT_007160: stored_mad=10.900 > 5.0
UNI_USDT_007560	mad_fail_both_high	SKIP high MAD UNI_USDT_007560: stored_mad=10.864 > 5.0
UNI_USDT_007660	mad_fail_both_high	SKIP high MAD UNI_USDT_007660: stored_mad=9.705 > 5.0
UNI_USDT_008160	mad_fail_both_high	SKIP high MAD UNI_USDT_008160: stored_mad=10.683 > 5.0
UNI_USDT_008260	mad_fail_both_high	SKIP high MAD UNI_USDT_008260: stored_mad=9.108 > 5.0
UNI_USDT_008660	mad_fail_both_high	SKIP high MAD UNI_USDT_008660: stored_mad=9.807 > 5.0
UNI_USDT_009260	mad_fail_both_high	SKIP high MAD UNI_USDT_009260: stored_mad=9.124 > 5.0
UNI_USDT_009460	mad_fail_both_high	SKIP high MAD UNI_USDT_009460: stored_mad=9.407 > 5.0
UNI_USDT_009760	mad_fail_both_high	SKIP high MAD UNI_USDT_009760: stored_mad=11.103 > 5.0
UNI_USDT_009860	mad_fail_both_high	SKIP high MAD UNI_USDT_009860: stored_mad=8.144 > 5.0
UNI_USDT_009960	mad_fail_both_high	SKIP high MAD UNI_USDT_009960: stored_mad=10.405 > 5.0
UNI_USDT_010060	mad_fail_both_high	SKIP high MAD UNI_USDT_010060: stored_mad=10.566 > 5.0
UNI_USDT_010560	mad_fail_both_high	SKIP high MAD UNI_USDT_010560: stored_mad=9.775 > 5.0
UNI_USDT_010660	mad_fail_both_high	SKIP high MAD UNI_USDT_010660: stored_mad=7.430 > 5.0
UNI_USDT_011060	mad_fail_both_high	SKIP high MAD UNI_USDT_011060: stored_mad=9.335 > 5.0
UNI_USDT_011160	mad_fail_both_high	SKIP high MAD UNI_USDT_011160: stored_mad=9.380 > 5.0
UNI_USDT_011460	mad_fail_both_high	SKIP high MAD UNI_USDT_011460: stored_mad=9.564 > 5.0
UNI_USDT_012160	mad_fail_both_high	SKIP high MAD UNI_USDT_012160: stored_mad=10.201 > 5.0
UNI_USDT_012560	mad_fail_both_high	SKIP high MAD UNI_USDT_012560: stored_mad=7.615 > 5.0
UNI_USDT_012660	mad_fail_both_high	SKIP high MAD UNI_USDT_012660: stored_mad=7.863 > 5.0
UNI_USDT_012760	mad_fail_both_high	SKIP high MAD UNI_USDT_012760: stored_mad=7.675 > 5.0
UNI_USDT_013160	mad_fail_both_high	SKIP high MAD UNI_USDT_013160: stored_mad=9.760 > 5.0
UNI_USDT_013560	mad_fail_both_high	SKIP high MAD UNI_USDT_013560: stored_mad=11.844 > 5.0
UNI_USDT_013660	mad_fail_both_high	SKIP high MAD UNI_USDT_013660: stored_mad=9.210 > 5.0
UNI_USDT_014960	mad_fail_both_high	SKIP high MAD UNI_USDT_014960: stored_mad=8.359 > 5.0
UNI_USDT_015060	mad_fail_both_high	SKIP high MAD UNI_USDT_015060: stored_mad=8.528 > 5.0
UNI_USDT_015560	mad_fail_both_high	SKIP high MAD UNI_USDT_015560: stored_mad=8.451 > 5.0
UNI_USDT_016160	mad_fail_both_high	SKIP high MAD UNI_USDT_016160: stored_mad=12.081 > 5.0
UNI_USDT_016560	mad_fail_both_high	SKIP high MAD UNI_USDT_016560: stored_mad=10.703 > 5.0
UNI_USDT_017060	mad_fail_both_high	SKIP high MAD UNI_USDT_017060: stored_mad=11.396 > 5.0
UNI_USDT_017260	mad_fail_both_high	SKIP high MAD UNI_USDT_017260: stored_mad=9.820 > 5.0
WLD_USDT_000460	mad_fail_both_high	SKIP high MAD WLD_USDT_000460: stored_mad=10.981 > 5.0
WLD_USDT_000560	mad_fail_both_high	SKIP high MAD WLD_USDT_000560: stored_mad=10.058 > 5.0
WLD_USDT_000960	mad_fail_both_high	SKIP high MAD WLD_USDT_000960: stored_mad=8.822 > 5.0
WLD_USDT_001060	mad_fail_both_high	SKIP high MAD WLD_USDT_001060: stored_mad=9.973 > 5.0
WLD_USDT_001460	mad_fail_both_high	SKIP high MAD WLD_USDT_001460: stored_mad=8.268 > 5.0
WLD_USDT_001860	mad_fail_both_high	SKIP high MAD WLD_USDT_001860: stored_mad=10.053 > 5.0
WLD_USDT_002460	mad_fail_both_high	SKIP high MAD WLD_USDT_002460: stored_mad=12.322 > 5.0
WLD_USDT_003760	mad_fail_both_high	SKIP high MAD WLD_USDT_003760: stored_mad=8.658 > 5.0
WLD_USDT_003860	mad_fail_both_high	SKIP high MAD WLD_USDT_003860: stored_mad=8.823 > 5.0
WLD_USDT_004060	mad_fail_both_high	SKIP high MAD WLD_USDT_004060: stored_mad=9.542 > 5.0
WLD_USDT_004160	mad_fail_both_high	SKIP high MAD WLD_USDT_004160: stored_mad=9.247 > 5.0
WLD_USDT_004760	mad_fail_both_high	SKIP high MAD WLD_USDT_004760: stored_mad=9.596 > 5.0
WLD_USDT_007260	mad_fail_both_high	SKIP high MAD WLD_USDT_007260: stored_mad=10.648 > 5.0
WLD_USDT_007960	mad_fail_both_high	SKIP high MAD WLD_USDT_007960: stored_mad=10.913 > 5.0
WLD_USDT_008160	mad_fail_both_high	SKIP high MAD WLD_USDT_008160: stored_mad=11.108 > 5.0
WLD_USDT_008760	mad_fail_both_high	SKIP high MAD WLD_USDT_008760: stored_mad=9.392 > 5.0
WLD_USDT_009260	mad_fail_both_high	SKIP high MAD WLD_USDT_009260: stored_mad=9.900 > 5.0
WLD_USDT_009460	mad_fail_both_high	SKIP high MAD WLD_USDT_009460: stored_mad=7.860 > 5.0
WLD_USDT_009560	mad_fail_both_high	SKIP high MAD WLD_USDT_009560: stored_mad=6.118 > 5.0
WLD_USDT_010660	mad_fail_both_high	SKIP high MAD WLD_USDT_010660: stored_mad=8.599 > 5.0
WLD_USDT_010760	mad_fail_both_high	SKIP high MAD WLD_USDT_010760: stored_mad=8.977 > 5.0
WLD_USDT_010860	mad_fail_both_high	SKIP high MAD WLD_USDT_010860: stored_mad=9.622 > 5.0
WLD_USDT_011160	mad_fail_both_high	SKIP high MAD WLD_USDT_011160: stored_mad=10.471 > 5.0
WLD_USDT_011260	mad_fail_both_high	SKIP high MAD WLD_USDT_011260: stored_mad=10.059 > 5.0
WLD_USDT_011460	mad_fail_both_high	SKIP high MAD WLD_USDT_011460: stored_mad=10.141 > 5.0
WLD_USDT_011660	mad_fail_both_high	SKIP high MAD WLD_USDT_011660: stored_mad=8.727 > 5.0
WLD_USDT_011960	mad_fail_both_high	SKIP high MAD WLD_USDT_011960: stored_mad=12.393 > 5.0
WLD_USDT_012060	mad_fail_both_high	SKIP high MAD WLD_USDT_012060: stored_mad=11.852 > 5.0
WLD_USDT_012160	mad_fail_both_high	SKIP high MAD WLD_USDT_012160: stored_mad=9.694 > 5.0
WLD_USDT_012360	mad_fail_both_high	SKIP high MAD WLD_USDT_012360: stored_mad=9.520 > 5.0
WLD_USDT_012460	mad_fail_both_high	SKIP high MAD WLD_USDT_012460: stored_mad=7.466 > 5.0
WLD_USDT_012560	mad_fail_both_high	SKIP high MAD WLD_USDT_012560: stored_mad=7.477 > 5.0
WLD_USDT_013360	mad_fail_both_high	SKIP high MAD WLD_USDT_013360: stored_mad=8.837 > 5.0
WLD_USDT_013960	mad_fail_both_high	SKIP high MAD WLD_USDT_013960: stored_mad=11.154 > 5.0
WLD_USDT_014560	mad_fail_both_high	SKIP high MAD WLD_USDT_014560: stored_mad=9.733 > 5.0
WLD_USDT_014760	mad_fail_both_high	SKIP high MAD WLD_USDT_014760: stored_mad=9.736 > 5.0
WLD_USDT_015260	mad_fail_both_high	SKIP high MAD WLD_USDT_015260: stored_mad=9.392 > 5.0
WLD_USDT_015860	mad_fail_both_high	SKIP high MAD WLD_USDT_015860: stored_mad=9.886 > 5.0
WLD_USDT_016460	mad_fail_both_high	SKIP high MAD WLD_USDT_016460: stored_mad=10.325 > 5.0
WLD_USDT_016560	mad_fail_both_high	SKIP high MAD WLD_USDT_016560: stored_mad=9.888 > 5.0
WLD_USDT_016660	mad_fail_both_high	SKIP high MAD WLD_USDT_016660: stored_mad=10.918 > 5.0
WLD_USDT_017260	mad_fail_both_high	SKIP high MAD WLD_USDT_017260: stored_mad=9.758 > 5.0
WLD_USDT_017360	mad_fail_both_high	SKIP high MAD WLD_USDT_017360: stored_mad=8.852 > 5.0
WLD_USDT_017460	mad_fail_both_high	SKIP high MAD WLD_USDT_017460: stored_mad=10.374 > 5.0
WLFI_USDT_000760	mad_fail_both_high	SKIP high MAD WLFI_USDT_000760: stored_mad=7.307 > 5.0
WLFI_USDT_001160	mad_fail_both_high	SKIP high MAD WLFI_USDT_001160: stored_mad=8.787 > 5.0
WLFI_USDT_001460	mad_fail_both_high	SKIP high MAD WLFI_USDT_001460: stored_mad=7.792 > 5.0
WLFI_USDT_001960	mad_fail_both_high	SKIP high MAD WLFI_USDT_001960: stored_mad=10.185 > 5.0
WLFI_USDT_002160	mad_fail_both_high	SKIP high MAD WLFI_USDT_002160: stored_mad=10.556 > 5.0
WLFI_USDT_002960	mad_fail_both_high	SKIP high MAD WLFI_USDT_002960: stored_mad=9.396 > 5.0
WLFI_USDT_003060	mad_fail_both_high	SKIP high MAD WLFI_USDT_003060: stored_mad=7.923 > 5.0
WLFI_USDT_003160	mad_fail_both_high	SKIP high MAD WLFI_USDT_003160: stored_mad=9.141 > 5.0
WLFI_USDT_003360	mad_fail_both_high	SKIP high MAD WLFI_USDT_003360: stored_mad=10.764 > 5.0
WLFI_USDT_003560	mad_fail_both_high	SKIP high MAD WLFI_USDT_003560: stored_mad=10.932 > 5.0
WLFI_USDT_003660	mad_fail_both_high	SKIP high MAD WLFI_USDT_003660: stored_mad=10.777 > 5.0
WLFI_USDT_003760	mad_fail_both_high	SKIP high MAD WLFI_USDT_003760: stored_mad=9.561 > 5.0
WLFI_USDT_003960	mad_fail_both_high	SKIP high MAD WLFI_USDT_003960: stored_mad=11.691 > 5.0
WLFI_USDT_004060	mad_fail_both_high	SKIP high MAD WLFI_USDT_004060: stored_mad=10.713 > 5.0
WLFI_USDT_004160	mad_fail_both_high	SKIP high MAD WLFI_USDT_004160: stored_mad=8.631 > 5.0
WLFI_USDT_004760	mad_fail_both_high	SKIP high MAD WLFI_USDT_004760: stored_mad=6.953 > 5.0
WLFI_USDT_005960	mad_fail_both_high	SKIP high MAD WLFI_USDT_005960: stored_mad=7.832 > 5.0
WLFI_USDT_006260	mad_fail_both_high	SKIP high MAD WLFI_USDT_006260: stored_mad=8.998 > 5.0
WLFI_USDT_006360	mad_fail_both_high	SKIP high MAD WLFI_USDT_006360: stored_mad=9.722 > 5.0
WLFI_USDT_007760	mad_fail_both_high	SKIP high MAD WLFI_USDT_007760: stored_mad=10.917 > 5.0
WLFI_USDT_008260	mad_fail_both_high	SKIP high MAD WLFI_USDT_008260: stored_mad=12.399 > 5.0
WLFI_USDT_009260	mad_fail_both_high	SKIP high MAD WLFI_USDT_009260: stored_mad=12.303 > 5.0
WLFI_USDT_009660	mad_fail_both_high	SKIP high MAD WLFI_USDT_009660: stored_mad=11.689 > 5.0
WLFI_USDT_010060	mad_fail_both_high	SKIP high MAD WLFI_USDT_010060: stored_mad=10.609 > 5.0
WLFI_USDT_010460	mad_fail_both_high	SKIP high MAD WLFI_USDT_010460: stored_mad=9.032 > 5.0
WLFI_USDT_010660	mad_fail_both_high	SKIP high MAD WLFI_USDT_010660: stored_mad=9.529 > 5.0
WLFI_USDT_010960	mad_fail_both_high	SKIP high MAD WLFI_USDT_010960: stored_mad=8.165 > 5.0
WLFI_USDT_011260	mad_fail_both_high	SKIP high MAD WLFI_USDT_011260: stored_mad=10.981 > 5.0
WLFI_USDT_011560	mad_fail_both_high	SKIP high MAD WLFI_USDT_011560: stored_mad=11.606 > 5.0
WLFI_USDT_011860	mad_fail_both_high	SKIP high MAD WLFI_USDT_011860: stored_mad=9.252 > 5.0
WLFI_USDT_011960	mad_fail_both_high	SKIP high MAD WLFI_USDT_011960: stored_mad=9.049 > 5.0
WLFI_USDT_012160	mad_fail_both_high	SKIP high MAD WLFI_USDT_012160: stored_mad=9.752 > 5.0
WLFI_USDT_012660	mad_fail_both_high	SKIP high MAD WLFI_USDT_012660: stored_mad=9.160 > 5.0
WLFI_USDT_012760	mad_fail_both_high	SKIP high MAD WLFI_USDT_012760: stored_mad=7.487 > 5.0
WLFI_USDT_013760	mad_fail_both_high	SKIP high MAD WLFI_USDT_013760: stored_mad=8.498 > 5.0
WLFI_USDT_014160	mad_fail_both_high	SKIP high MAD WLFI_USDT_014160: stored_mad=10.337 > 5.0
WLFI_USDT_014560	mad_fail_both_high	SKIP high MAD WLFI_USDT_014560: stored_mad=9.778 > 5.0
WLFI_USDT_015260	mad_fail_both_high	SKIP high MAD WLFI_USDT_015260: stored_mad=10.329 > 5.0
WLFI_USDT_015860	mad_fail_both_high	SKIP high MAD WLFI_USDT_015860: stored_mad=9.491 > 5.0
WLFI_USDT_016160	mad_fail_both_high	SKIP high MAD WLFI_USDT_016160: stored_mad=11.467 > 5.0
XAG_USDT_SWAP_000330	other	process_returned_none
XAG_USDT_SWAP_002730	other	process_returned_none
XAU_USDT_SWAP_008530	other	process_returned_none
XAU_USDT_SWAP_009330	other	process_returned_none
XAU_USDT_SWAP_010530	other	process_returned_none
XAU_USDT_SWAP_011330	other	process_returned_none
XAU_USDT_SWAP_012330	other	process_returned_none
XAU_USDT_SWAP_013530	other	process_returned_none
XAU_USDT_SWAP_014130	other	process_returned_none
XAU_USDT_SWAP_014330	other	process_returned_none
XAU_USDT_SWAP_021481	other	process_returned_none
XAU_USDT_SWAP_027681	other	process_returned_none
XLM_USDT_000460	mad_fail_both_high	SKIP high MAD XLM_USDT_000460: stored_mad=9.191 > 5.0
XLM_USDT_000960	mad_fail_both_high	SKIP high MAD XLM_USDT_000960: stored_mad=8.225 > 5.0
XLM_USDT_001060	mad_fail_both_high	SKIP high MAD XLM_USDT_001060: stored_mad=9.069 > 5.0
XLM_USDT_001860	mad_fail_both_high	SKIP high MAD XLM_USDT_001860: stored_mad=9.052 > 5.0
XLM_USDT_002360	mad_fail_both_high	SKIP high MAD XLM_USDT_002360: stored_mad=9.102 > 5.0
XLM_USDT_002460	mad_fail_both_high	SKIP high MAD XLM_USDT_002460: stored_mad=10.355 > 5.0
XLM_USDT_002660	mad_fail_both_high	SKIP high MAD XLM_USDT_002660: stored_mad=8.291 > 5.0
XLM_USDT_003160	mad_fail_both_high	SKIP high MAD XLM_USDT_003160: stored_mad=7.782 > 5.0
XLM_USDT_003860	mad_fail_both_high	SKIP high MAD XLM_USDT_003860: stored_mad=8.754 > 5.0
XLM_USDT_004060	mad_fail_both_high	SKIP high MAD XLM_USDT_004060: stored_mad=9.558 > 5.0
XLM_USDT_004160	mad_fail_both_high	SKIP high MAD XLM_USDT_004160: stored_mad=9.895 > 5.0
XLM_USDT_004460	mad_fail_both_high	SKIP high MAD XLM_USDT_004460: stored_mad=10.582 > 5.0
XLM_USDT_004660	mad_fail_both_high	SKIP high MAD XLM_USDT_004660: stored_mad=11.591 > 5.0
XLM_USDT_004760	mad_fail_both_high	SKIP high MAD XLM_USDT_004760: stored_mad=10.435 > 5.0
XLM_USDT_005160	mad_fail_both_high	SKIP high MAD XLM_USDT_005160: stored_mad=11.587 > 5.0
XLM_USDT_005260	mad_fail_both_high	SKIP high MAD XLM_USDT_005260: stored_mad=12.114 > 5.0
XLM_USDT_005560	mad_fail_both_high	SKIP high MAD XLM_USDT_005560: stored_mad=11.200 > 5.0
XLM_USDT_005860	mad_fail_both_high	SKIP high MAD XLM_USDT_005860: stored_mad=9.842 > 5.0
XLM_USDT_005960	mad_fail_both_high	SKIP high MAD XLM_USDT_005960: stored_mad=10.807 > 5.0
XLM_USDT_006360	mad_fail_both_high	SKIP high MAD XLM_USDT_006360: stored_mad=9.361 > 5.0
XLM_USDT_006460	mad_fail_both_high	SKIP high MAD XLM_USDT_006460: stored_mad=8.895 > 5.0
XLM_USDT_006960	mad_fail_both_high	SKIP high MAD XLM_USDT_006960: stored_mad=8.673 > 5.0
XLM_USDT_007560	mad_fail_both_high	SKIP high MAD XLM_USDT_007560: stored_mad=10.964 > 5.0
XLM_USDT_007860	mad_fail_both_high	SKIP high MAD XLM_USDT_007860: stored_mad=11.136 > 5.0
XLM_USDT_007960	mad_fail_both_high	SKIP high MAD XLM_USDT_007960: stored_mad=8.684 > 5.0
XLM_USDT_008260	mad_fail_both_high	SKIP high MAD XLM_USDT_008260: stored_mad=10.648 > 5.0
XLM_USDT_008460	mad_fail_both_high	SKIP high MAD XLM_USDT_008460: stored_mad=9.881 > 5.0
XLM_USDT_009060	mad_fail_both_high	SKIP high MAD XLM_USDT_009060: stored_mad=9.925 > 5.0
XLM_USDT_009660	mad_fail_both_high	SKIP high MAD XLM_USDT_009660: stored_mad=10.965 > 5.0
XLM_USDT_010060	mad_fail_both_high	SKIP high MAD XLM_USDT_010060: stored_mad=11.553 > 5.0
XLM_USDT_010160	mad_fail_both_high	SKIP high MAD XLM_USDT_010160: stored_mad=8.833 > 5.0
XLM_USDT_010760	mad_fail_both_high	SKIP high MAD XLM_USDT_010760: stored_mad=9.622 > 5.0
XLM_USDT_011060	mad_fail_both_high	SKIP high MAD XLM_USDT_011060: stored_mad=10.344 > 5.0
XLM_USDT_011160	mad_fail_both_high	SKIP high MAD XLM_USDT_011160: stored_mad=9.479 > 5.0
XLM_USDT_011560	mad_fail_both_high	SKIP high MAD XLM_USDT_011560: stored_mad=7.692 > 5.0
XLM_USDT_011960	mad_fail_both_high	SKIP high MAD XLM_USDT_011960: stored_mad=9.685 > 5.0
XLM_USDT_012560	mad_fail_both_high	SKIP high MAD XLM_USDT_012560: stored_mad=7.368 > 5.0
XLM_USDT_012660	mad_fail_both_high	SKIP high MAD XLM_USDT_012660: stored_mad=6.583 > 5.0
XLM_USDT_012760	mad_fail_both_high	SKIP high MAD XLM_USDT_012760: stored_mad=7.676 > 5.0
XLM_USDT_012860	mad_fail_both_high	SKIP high MAD XLM_USDT_012860: stored_mad=9.802 > 5.0
XLM_USDT_013660	mad_fail_both_high	SKIP high MAD XLM_USDT_013660: stored_mad=10.282 > 5.0
XLM_USDT_013860	mad_fail_both_high	SKIP high MAD XLM_USDT_013860: stored_mad=9.961 > 5.0
XLM_USDT_013960	mad_fail_both_high	SKIP high MAD XLM_USDT_013960: stored_mad=9.991 > 5.0
XLM_USDT_014260	mad_fail_both_high	SKIP high MAD XLM_USDT_014260: stored_mad=9.020 > 5.0
XLM_USDT_014760	mad_fail_both_high	SKIP high MAD XLM_USDT_014760: stored_mad=9.295 > 5.0
XLM_USDT_014860	mad_fail_both_high	SKIP high MAD XLM_USDT_014860: stored_mad=9.886 > 5.0
XLM_USDT_015260	mad_fail_both_high	SKIP high MAD XLM_USDT_015260: stored_mad=10.504 > 5.0
XLM_USDT_015460	mad_fail_both_high	SKIP high MAD XLM_USDT_015460: stored_mad=9.570 > 5.0
XLM_USDT_017260	mad_fail_both_high	SKIP high MAD XLM_USDT_017260: stored_mad=10.118 > 5.0
XPL_USDT_000760	mad_fail_both_high	SKIP high MAD XPL_USDT_000760: stored_mad=10.830 > 5.0
XPL_USDT_000960	mad_fail_both_high	SKIP high MAD XPL_USDT_000960: stored_mad=9.754 > 5.0
XPL_USDT_002660	mad_fail_both_high	SKIP high MAD XPL_USDT_002660: stored_mad=10.180 > 5.0
XPL_USDT_003060	mad_fail_both_high	SKIP high MAD XPL_USDT_003060: stored_mad=7.646 > 5.0
XPL_USDT_003160	mad_fail_both_high	SKIP high MAD XPL_USDT_003160: stored_mad=8.385 > 5.0
XPL_USDT_003560	mad_fail_both_high	SKIP high MAD XPL_USDT_003560: stored_mad=13.395 > 5.0
XPL_USDT_005160	mad_fail_both_high	SKIP high MAD XPL_USDT_005160: stored_mad=10.454 > 5.0
XPL_USDT_005260	mad_fail_both_high	SKIP high MAD XPL_USDT_005260: stored_mad=11.351 > 5.0
XPL_USDT_005460	mad_fail_both_high	SKIP high MAD XPL_USDT_005460: stored_mad=10.418 > 5.0
XPL_USDT_006360	mad_fail_both_high	SKIP high MAD XPL_USDT_006360: stored_mad=9.420 > 5.0
XPL_USDT_007060	mad_fail_both_high	SKIP high MAD XPL_USDT_007060: stored_mad=9.801 > 5.0
XPL_USDT_007260	mad_fail_both_high	SKIP high MAD XPL_USDT_007260: stored_mad=10.275 > 5.0
XPL_USDT_007560	mad_fail_both_high	SKIP high MAD XPL_USDT_007560: stored_mad=9.941 > 5.0
XPL_USDT_008560	mad_fail_both_high	SKIP high MAD XPL_USDT_008560: stored_mad=10.442 > 5.0
XPL_USDT_009460	mad_fail_both_high	SKIP high MAD XPL_USDT_009460: stored_mad=10.385 > 5.0
XPL_USDT_010060	mad_fail_both_high	SKIP high MAD XPL_USDT_010060: stored_mad=8.633 > 5.0
XPL_USDT_011260	mad_fail_both_high	SKIP high MAD XPL_USDT_011260: stored_mad=9.868 > 5.0
XPL_USDT_011360	mad_fail_both_high	SKIP high MAD XPL_USDT_011360: stored_mad=11.231 > 5.0
XPL_USDT_012260	mad_fail_both_high	SKIP high MAD XPL_USDT_012260: stored_mad=10.316 > 5.0
XPL_USDT_012460	mad_fail_both_high	SKIP high MAD XPL_USDT_012460: stored_mad=11.215 > 5.0
XPL_USDT_012560	mad_fail_both_high	SKIP high MAD XPL_USDT_012560: stored_mad=9.143 > 5.0
XPL_USDT_012760	mad_fail_both_high	SKIP high MAD XPL_USDT_012760: stored_mad=9.177 > 5.0
XPL_USDT_012860	mad_fail_both_high	SKIP high MAD XPL_USDT_012860: stored_mad=8.517 > 5.0
XPL_USDT_013160	mad_fail_both_high	SKIP high MAD XPL_USDT_013160: stored_mad=11.921 > 5.0
XPL_USDT_014560	mad_fail_both_high	SKIP high MAD XPL_USDT_014560: stored_mad=10.096 > 5.0
XPL_USDT_015460	mad_fail_both_high	SKIP high MAD XPL_USDT_015460: stored_mad=10.646 > 5.0
XRP_USDT_000560	mad_fail_both_high	SKIP high MAD XRP_USDT_000560: stored_mad=9.591 > 5.0
XRP_USDT_000760	mad_fail_both_high	SKIP high MAD XRP_USDT_000760: stored_mad=9.336 > 5.0
XRP_USDT_000860	mad_fail_both_high	SKIP high MAD XRP_USDT_000860: stored_mad=9.063 > 5.0
XRP_USDT_001060	mad_fail_both_high	SKIP high MAD XRP_USDT_001060: stored_mad=8.144 > 5.0
XRP_USDT_001860	mad_fail_both_high	SKIP high MAD XRP_USDT_001860: stored_mad=8.542 > 5.0
XRP_USDT_002560	mad_fail_both_high	SKIP high MAD XRP_USDT_002560: stored_mad=9.314 > 5.0
XRP_USDT_002660	mad_fail_both_high	SKIP high MAD XRP_USDT_002660: stored_mad=9.970 > 5.0
XRP_USDT_002760	mad_fail_both_high	SKIP high MAD XRP_USDT_002760: stored_mad=9.281 > 5.0
XRP_USDT_003060	mad_fail_both_high	SKIP high MAD XRP_USDT_003060: stored_mad=7.680 > 5.0
XRP_USDT_003160	mad_fail_both_high	SKIP high MAD XRP_USDT_003160: stored_mad=7.660 > 5.0
XRP_USDT_004060	mad_fail_both_high	SKIP high MAD XRP_USDT_004060: stored_mad=10.713 > 5.0
XRP_USDT_004660	mad_fail_both_high	SKIP high MAD XRP_USDT_004660: stored_mad=11.119 > 5.0
XRP_USDT_004760	mad_fail_both_high	SKIP high MAD XRP_USDT_004760: stored_mad=11.126 > 5.0
XRP_USDT_005960	mad_fail_both_high	SKIP high MAD XRP_USDT_005960: stored_mad=11.535 > 5.0
XRP_USDT_006060	mad_fail_both_high	SKIP high MAD XRP_USDT_006060: stored_mad=11.218 > 5.0
XRP_USDT_006360	mad_fail_both_high	SKIP high MAD XRP_USDT_006360: stored_mad=9.619 > 5.0
XRP_USDT_007360	mad_fail_both_high	SKIP high MAD XRP_USDT_007360: stored_mad=10.353 > 5.0
XRP_USDT_007460	mad_fail_both_high	SKIP high MAD XRP_USDT_007460: stored_mad=10.095 > 5.0
XRP_USDT_007960	mad_fail_both_high	SKIP high MAD XRP_USDT_007960: stored_mad=9.806 > 5.0
XRP_USDT_008260	mad_fail_both_high	SKIP high MAD XRP_USDT_008260: stored_mad=10.181 > 5.0
XRP_USDT_008360	mad_fail_both_high	SKIP high MAD XRP_USDT_008360: stored_mad=9.264 > 5.0
XRP_USDT_008660	mad_fail_both_high	SKIP high MAD XRP_USDT_008660: stored_mad=9.236 > 5.0
XRP_USDT_008760	mad_fail_both_high	SKIP high MAD XRP_USDT_008760: stored_mad=10.080 > 5.0
XRP_USDT_009060	mad_fail_both_high	SKIP high MAD XRP_USDT_009060: stored_mad=9.406 > 5.0
XRP_USDT_009160	mad_fail_both_high	SKIP high MAD XRP_USDT_009160: stored_mad=9.507 > 5.0
XRP_USDT_009260	mad_fail_both_high	SKIP high MAD XRP_USDT_009260: stored_mad=8.912 > 5.0
XRP_USDT_009360	mad_fail_both_high	SKIP high MAD XRP_USDT_009360: stored_mad=8.864 > 5.0
XRP_USDT_009560	mad_fail_both_high	SKIP high MAD XRP_USDT_009560: stored_mad=9.003 > 5.0
XRP_USDT_010060	mad_fail_both_high	SKIP high MAD XRP_USDT_010060: stored_mad=10.358 > 5.0
XRP_USDT_010160	mad_fail_both_high	SKIP high MAD XRP_USDT_010160: stored_mad=9.072 > 5.0
XRP_USDT_010360	mad_fail_both_high	SKIP high MAD XRP_USDT_010360: stored_mad=8.015 > 5.0
XRP_USDT_010460	mad_fail_both_high	SKIP high MAD XRP_USDT_010460: stored_mad=8.472 > 5.0
XRP_USDT_011060	mad_fail_both_high	SKIP high MAD XRP_USDT_011060: stored_mad=8.533 > 5.0
XRP_USDT_011260	mad_fail_both_high	SKIP high MAD XRP_USDT_011260: stored_mad=8.823 > 5.0
XRP_USDT_011460	mad_fail_both_high	SKIP high MAD XRP_USDT_011460: stored_mad=9.070 > 5.0
XRP_USDT_012060	mad_fail_both_high	SKIP high MAD XRP_USDT_012060: stored_mad=8.841 > 5.0
XRP_USDT_012560	mad_fail_both_high	SKIP high MAD XRP_USDT_012560: stored_mad=6.304 > 5.0
XRP_USDT_012960	mad_fail_both_high	SKIP high MAD XRP_USDT_012960: stored_mad=9.191 > 5.0
XRP_USDT_013360	mad_fail_both_high	SKIP high MAD XRP_USDT_013360: stored_mad=8.926 > 5.0
XRP_USDT_013660	mad_fail_both_high	SKIP high MAD XRP_USDT_013660: stored_mad=9.595 > 5.0
XRP_USDT_013860	mad_fail_both_high	SKIP high MAD XRP_USDT_013860: stored_mad=8.584 > 5.0
XRP_USDT_013960	mad_fail_both_high	SKIP high MAD XRP_USDT_013960: stored_mad=10.182 > 5.0
XRP_USDT_014160	mad_fail_both_high	SKIP high MAD XRP_USDT_014160: stored_mad=8.607 > 5.0
XRP_USDT_014860	mad_fail_both_high	SKIP high MAD XRP_USDT_014860: stored_mad=8.708 > 5.0
XRP_USDT_015260	mad_fail_both_high	SKIP high MAD XRP_USDT_015260: stored_mad=8.403 > 5.0
XRP_USDT_015860	mad_fail_both_high	SKIP high MAD XRP_USDT_015860: stored_mad=10.036 > 5.0
XRP_USDT_016560	mad_fail_both_high	SKIP high MAD XRP_USDT_016560: stored_mad=10.169 > 5.0
XRP_USDT_016660	mad_fail_both_high	SKIP high MAD XRP_USDT_016660: stored_mad=12.078 > 5.0
XRP_USDT_016760	mad_fail_both_high	SKIP high MAD XRP_USDT_016760: stored_mad=9.145 > 5.0
XRP_USDT_017060	mad_fail_both_high	SKIP high MAD XRP_USDT_017060: stored_mad=9.556 > 5.0
XRP_USDT_017160	mad_fail_both_high	SKIP high MAD XRP_USDT_017160: stored_mad=9.928 > 5.0
ZEC_USDT_000560	mad_fail_both_high	SKIP high MAD ZEC_USDT_000560: stored_mad=7.671 > 5.0
ZEC_USDT_000760	mad_fail_both_high	SKIP high MAD ZEC_USDT_000760: stored_mad=8.845 > 5.0
ZEC_USDT_001560	mad_fail_both_high	SKIP high MAD ZEC_USDT_001560: stored_mad=10.716 > 5.0
ZEC_USDT_001660	mad_fail_both_high	SKIP high MAD ZEC_USDT_001660: stored_mad=12.034 > 5.0
ZEC_USDT_001860	mad_fail_both_high	SKIP high MAD ZEC_USDT_001860: stored_mad=11.093 > 5.0
ZEC_USDT_002660	mad_fail_both_high	SKIP high MAD ZEC_USDT_002660: stored_mad=9.855 > 5.0
ZEC_USDT_003560	mad_fail_both_high	SKIP high MAD ZEC_USDT_003560: stored_mad=11.078 > 5.0
ZEC_USDT_003660	mad_fail_both_high	SKIP high MAD ZEC_USDT_003660: stored_mad=10.649 > 5.0
ZEC_USDT_004360	mad_fail_both_high	SKIP high MAD ZEC_USDT_004360: stored_mad=7.713 > 5.0
ZEC_USDT_005660	mad_fail_both_high	SKIP high MAD ZEC_USDT_005660: stored_mad=9.059 > 5.0
ZEC_USDT_006360	mad_fail_both_high	SKIP high MAD ZEC_USDT_006360: stored_mad=9.286 > 5.0
ZEC_USDT_006660	mad_fail_both_high	SKIP high MAD ZEC_USDT_006660: stored_mad=9.663 > 5.0
ZEC_USDT_007460	mad_fail_both_high	SKIP high MAD ZEC_USDT_007460: stored_mad=10.957 > 5.0
ZEC_USDT_008360	mad_fail_both_high	SKIP high MAD ZEC_USDT_008360: stored_mad=9.798 > 5.0
ZEC_USDT_008460	mad_fail_both_high	SKIP high MAD ZEC_USDT_008460: stored_mad=9.272 > 5.0
ZEC_USDT_008560	mad_fail_both_high	SKIP high MAD ZEC_USDT_008560: stored_mad=8.279 > 5.0
ZEC_USDT_008660	mad_fail_both_high	SKIP high MAD ZEC_USDT_008660: stored_mad=9.622 > 5.0
ZEC_USDT_008760	mad_fail_both_high	SKIP high MAD ZEC_USDT_008760: stored_mad=8.859 > 5.0
ZEC_USDT_009360	mad_fail_both_high	SKIP high MAD ZEC_USDT_009360: stored_mad=10.445 > 5.0
ZEC_USDT_010360	mad_fail_both_high	SKIP high MAD ZEC_USDT_010360: stored_mad=10.265 > 5.0
ZEC_USDT_010660	mad_fail_both_high	SKIP high MAD ZEC_USDT_010660: stored_mad=7.107 > 5.0
ZEC_USDT_010860	mad_fail_both_high	SKIP high MAD ZEC_USDT_010860: stored_mad=7.424 > 5.0
ZEC_USDT_010960	mad_fail_both_high	SKIP high MAD ZEC_USDT_010960: stored_mad=8.611 > 5.0
ZEC_USDT_012160	mad_fail_both_high	SKIP high MAD ZEC_USDT_012160: stored_mad=9.359 > 5.0
ZEC_USDT_012560	mad_fail_both_high	SKIP high MAD ZEC_USDT_012560: stored_mad=13.240 > 5.0
ZEC_USDT_012760	mad_fail_both_high	SKIP high MAD ZEC_USDT_012760: stored_mad=8.258 > 5.0
ZEC_USDT_012860	mad_fail_both_high	SKIP high MAD ZEC_USDT_012860: stored_mad=8.949 > 5.0
ZEC_USDT_012960	mad_fail_both_high	SKIP high MAD ZEC_USDT_012960: stored_mad=7.149 > 5.0
ZEC_USDT_013060	mad_fail_both_high	SKIP high MAD ZEC_USDT_013060: stored_mad=8.168 > 5.0
ZEC_USDT_013460	mad_fail_both_high	SKIP high MAD ZEC_USDT_013460: stored_mad=10.098 > 5.0
ZEC_USDT_014660	mad_fail_both_high	SKIP high MAD ZEC_USDT_014660: stored_mad=10.788 > 5.0
ZEC_USDT_015160	mad_fail_both_high	SKIP high MAD ZEC_USDT_015160: stored_mad=8.542 > 5.0
ZEC_USDT_016160	mad_fail_both_high	SKIP high MAD ZEC_USDT_016160: stored_mad=10.900 > 5.0
ZEC_USDT_017160	mad_fail_both_high	SKIP high MAD ZEC_USDT_017160: stored_mad=8.239 > 5.0
okx_AMD_USDT_SWAP_000660	other	process_returned_none
okx_AMZN_USDT_SWAP_001160	other	process_returned_none
okx_AMZN_USDT_SWAP_004260	other	process_returned_none
okx_AMZN_USDT_SWAP_008560	other	process_returned_none
okx_AMZN_USDT_SWAP_010660	other	process_returned_none
okx_AMZN_USDT_SWAP_011160	other	process_returned_none
okx_AMZN_USDT_SWAP_011960	other	process_returned_none
okx_CL_USDT_SWAP_006760	mad_fail_both_high	SKIP high MAD okx_CL_USDT_SWAP_006760: stored_mad=9.685 > 5.0
okx_CL_USDT_SWAP_008460	mad_fail_both_high	SKIP high MAD okx_CL_USDT_SWAP_008460: stored_mad=8.995 > 5.0
okx_CL_USDT_SWAP_010460	mad_fail_both_high	SKIP high MAD okx_CL_USDT_SWAP_010460: stored_mad=9.105 > 5.0
okx_SNDK_USDT_SWAP_000460	other	process_returned_none
okx_SNDK_USDT_SWAP_004760	other	process_returned_none
okx_XAG_USDT_SWAP_002060	other	process_returned_none
okx_XAG_USDT_SWAP_003060	other	process_returned_none
okx_XAG_USDT_SWAP_006960	other	process_returned_none
okx_XAG_USDT_SWAP_008560	other	process_returned_none
okx_XAU_USDT_SWAP_004760	other	process_returned_none
okx_XAU_USDT_SWAP_005460	other	process_returned_none
okx_XAU_USDT_SWAP_007660	other	process_returned_none
okx_XAU_USDT_SWAP_022060	other	process_returned_none
okx_XAU_USDT_SWAP_025760	other	process_returned_none
okx_XAU_USDT_SWAP_026960	other	process_returned_none
okx_XAU_USDT_SWAP_029460	other	process_returned_none
okx_XAU_USDT_SWAP_030360	other	process_returned_none
okx_XAU_USDT_SWAP_036060	other	process_returned_none
