scope,timeframe,symbol,length,period,entries,closed,censored,win_rate,net_r,gross_r,mean_net_r,net_bp,mean_net_bp,pf,pf_nominal,event_drawdown_r,realized_10r
actual,15m,1000PEPEUSDT,0,earlier,65,65,0,0.38461538461538464,31.109432947606894,37.16741916864211,0.47860666073241376,2983.1939719186144,45.89529187567099,1.7654473446371848,1.2648108553783746,11.243750136586586,0
actual,15m,1000PEPEUSDT,0,later,41,41,0,0.36585365853658536,12.955439359337507,17.51907475396829,0.3159863258375002,1886.1214458517093,46.00296209394413,1.47219958372743,1.3387312457185352,8.972223847986907,0
actual,15m,1000PEPEUSDT,0,full,106,106,0,0.37735849056603776,44.064872306944395,54.686493922610396,0.4157063425183433,4869.315417770324,45.936937903493614,1.6472654011356238,1.2892621800769237,11.243750136586586,0
actual,15m,1000PEPEUSDT,20,earlier,65,65,0,0.38461538461538464,31.109432947606894,37.16741916864211,0.47860666073241376,2983.1939719186144,45.89529187567099,1.7654473446371848,1.2648108553783746,11.243750136586586,0
actual,15m,1000PEPEUSDT,20,later,40,40,0,0.375,12.425393162863013,16.768691322306054,0.31063482907157536,1795.7978197755262,44.89494549438816,1.4732533561061192,1.3302461139600539,9.123251740773338,0
actual,15m,1000PEPEUSDT,20,full,105,105,0,0.38095238095238093,43.53482611046991,53.93611049094816,0.41461739152828486,4778.9917916941395,45.51420753994419,1.6507698214245794,1.2861135047753476,11.243750136586586,0
actual,15m,1000PEPEUSDT,30,earlier,65,65,0,0.38461538461538464,31.109432947606894,37.16741916864211,0.47860666073241376,2983.1939719186144,45.89529187567099,1.7654473446371848,1.2648108553783746,11.243750136586586,0
actual,15m,1000PEPEUSDT,30,later,41,41,0,0.36585365853658536,12.955439359337507,17.51907475396829,0.3159863258375002,1886.1214458517093,46.00296209394413,1.47219958372743,1.3387312457185352,8.972223847986907,0
actual,15m,1000PEPEUSDT,30,full,106,106,0,0.37735849056603776,44.064872306944395,54.686493922610396,0.4157063425183433,4869.315417770324,45.936937903493614,1.6472654011356238,1.2892621800769237,11.243750136586586,0
actual,15m,1000PEPEUSDT,50,earlier,61,61,0,0.39344262295081966,31.57404438776,37.19915455212167,0.5176072850452459,3336.800332225874,54.701644790588105,1.8314187785090106,1.31313651169219,10.165260596837633,0
actual,15m,1000PEPEUSDT,50,later,41,41,0,0.36585365853658536,12.955439359337507,17.51907475396829,0.3159863258375002,1886.1214458517093,46.00296209394413,1.47219958372743,1.3387312457185352,8.972223847986907,0
actual,15m,1000PEPEUSDT,50,full,102,102,0,0.38235294117647056,44.52948374709751,54.718229306089974,0.4365635661480148,5222.921778077582,51.20511547134884,1.680749203660924,1.3219206742007936,10.165260596837633,0
actual,15m,1000PEPEUSDT,60,earlier,63,63,0,0.38095238095238093,29.380687043132987,35.199154552121676,0.4663601117957617,2867.8761176235657,45.521843136882,1.731418532341706,1.2577870663080537,11.243750136586586,0
actual,15m,1000PEPEUSDT,60,later,41,41,0,0.36585365853658536,12.955439359337507,17.51907475396829,0.3159863258375002,1886.1214458517093,46.00296209394413,1.47219958372743,1.3387312457185352,8.972223847986907,0
actual,15m,1000PEPEUSDT,60,full,104,104,0,0.375,42.3361264024705,52.71822930608997,0.40707813848529323,4753.997563475275,45.711515033416106,1.6262201193404022,1.2847868988213231,11.243750136586586,0
actual,15m,1000PEPEUSDT,90,earlier,58,58,0,0.3620689655172414,23.711147037300176,29.023581503820466,0.4088128799534513,2441.849925012016,42.10086077606923,1.6335787057299889,1.2385759579458817,12.050954589276751,0
actual,15m,1000PEPEUSDT,90,later,31,31,0,0.3870967741935484,17.10539939613592,20.598240964430346,0.5517870772947071,2440.1897617880554,78.71579876735663,1.8630866761919427,1.6072947122658134,7.063908468476562,0
actual,15m,1000PEPEUSDT,90,full,89,89,0,0.3707865168539326,40.816546433436095,49.62182246825082,0.45861288127456284,4882.039686800071,54.85437850337158,1.7130397081703441,1.342521497316405,12.050954589276751,0
actual,15m,1000PEPEUSDT,120,earlier,53,53,0,0.41509433962264153,30.104621679796853,34.939020371078136,0.5680117298074878,3821.0493188750315,72.09527016745342,1.9437641249268176,1.4218409299646324,9.842204385338057,0
actual,15m,1000PEPEUSDT,120,later,27,27,0,0.4444444444444444,21.614489601060058,24.598240964430342,0.8005366518911132,3339.809936002297,123.69666429638137,2.4118096528535014,2.0709630430529713,4.0554279086223275,0
actual,15m,1000PEPEUSDT,120,full,80,80,0,0.425,51.71911128085691,59.5372613355085,0.6464888910107114,7160.8592548773295,89.51074068596662,2.0955527299041106,1.5880863200497628,9.842204385338057,0
actual,15m,1000PEPEUSDT,150,earlier,49,49,0,0.3877551020408163,25.514059353970477,30.03419206545788,0.5206950888565404,2544.7767218531485,51.934218813329565,1.8285595045603347,1.2907488458475085,9.842204385338057,0
actual,15m,1000PEPEUSDT,150,later,27,27,0,0.4444444444444444,21.614489601060058,24.598240964430342,0.8005366518911132,3339.809936002297,123.69666429638137,2.4118096528535014,2.0709630430529713,4.0554279086223275,0
actual,15m,1000PEPEUSDT,150,full,76,76,0,0.40789473684210525,47.12854895503053,54.63243302988824,0.6201124862504017,5884.586657855446,77.42877181388745,2.022243637280493,1.4957110267670262,9.842204385338057,0
actual,15m,1000PEPEUSDT,200,earlier,44,44,0,0.4090909090909091,23.562950709572096,27.677880019226006,0.5355216070357295,2679.846705971636,60.905606953900815,1.8844119876042262,1.355599722407261,8.913910976408225,0
actual,15m,1000PEPEUSDT,200,later,26,26,0,0.4230769230769231,20.60281783325003,23.519085291607123,0.7924160705096165,3039.983846325877,116.92245562791834,2.3457295374459406,1.974819050568511,4.563959373461536,0
actual,15m,1000PEPEUSDT,200,full,70,70,0,0.4142857142857143,44.165768542822136,51.19696531083314,0.6309395506117448,5719.830552297513,81.71186503282163,2.0527620323421845,1.5368392173223935,8.913910976408225,0
actual,15m,AAVEUSDT,0,earlier,76,76,0,0.34210526315789475,32.094779588600574,39.835867498133005,0.42229973142895494,4535.426043182151,59.676658462923044,1.6465507712515088,1.3995755563309131,14.643796209080932,3
actual,15m,AAVEUSDT,0,later,41,40,1,0.225,-2.1934377467079056,3.3098267981095475,-0.05483594366769764,-1509.5390807833091,-37.73847701958273,0.9332442257008314,0.7430551390177962,11.638624220786426,0
actual,15m,AAVEUSDT,0,full,117,116,1,0.3017241379310345,29.90134184189267,43.14569429624255,0.2577701882921782,3025.886962398844,26.08523243447279,1.3624508442064762,1.17566258995815,18.42134508740166,3
actual,15m,AAVEUSDT,20,earlier,75,75,0,0.3333333333333333,27.561586311289638,35.23082548132627,0.36748781748386183,3273.5546981529133,43.64739597537218,1.555229389791748,1.2884034327183915,19.17698948639187,3
actual,15m,AAVEUSDT,20,later,41,40,1,0.225,-2.1934377467079056,3.3098267981095475,-0.05483594366769764,-1509.5390807833091,-37.73847701958273,0.9332442257008314,0.7430551390177962,11.638624220786426,0
actual,15m,AAVEUSDT,20,full,116,115,1,0.2956521739130435,25.368148564581734,38.540652279435825,0.2205925962137542,1764.0156173696037,15.339266237996553,1.3075014797598785,1.1024068499333868,22.954538364712597,3
actual,15m,AAVEUSDT,30,earlier,75,75,0,0.3333333333333333,27.561586311289638,35.23082548132627,0.36748781748386183,3273.5546981529133,43.64739597537218,1.555229389791748,1.2884034327183915,19.17698948639187,3
actual,15m,AAVEUSDT,30,later,41,40,1,0.225,-2.1934377467079056,3.3098267981095475,-0.05483594366769764,-1509.5390807833091,-37.73847701958273,0.9332442257008314,0.7430551390177962,11.638624220786426,0
actual,15m,AAVEUSDT,30,full,116,115,1,0.2956521739130435,25.368148564581734,38.540652279435825,0.2205925962137542,1764.0156173696037,15.339266237996553,1.3075014797598785,1.1024068499333868,22.954538364712597,3
actual,15m,AAVEUSDT,50,earlier,73,73,0,0.3424657534246575,20.669585538990333,27.93138392939345,0.28314500738342924,2944.586431366472,40.3368004296777,1.4312858987035035,1.264086911529428,14.11154548021797,2
actual,15m,AAVEUSDT,50,later,39,38,1,0.23684210526315788,0.1810603040212737,5.3098267981095555,0.004764744842665098,-1171.1861217141532,-30.820687413530344,1.0059396848154492,0.7884647560566449,10.538912203095013,0
actual,15m,AAVEUSDT,50,full,112,111,1,0.3063063063063063,20.85064584301161,33.24121072750301,0.18784365624334784,1773.4003096523195,15.976579366237113,1.2659228286391349,1.1062764898216628,16.60205638385515,2
actual,15m,AAVEUSDT,60,earlier,73,73,0,0.3561643835616438,34.96243050873845,42.217791696383735,0.4789374042292938,4886.572286358394,66.93934638847115,1.74750214606687,1.444255527903882,12.958409248333908,3
actual,15m,AAVEUSDT,60,later,36,35,1,0.22857142857142856,-2.2916550558514683,2.2784811640071068,-0.06547585873861338,-1196.9376954301429,-34.19821986943265,0.918656518478317,0.7710063934456014,12.28110618717742,0
actual,15m,AAVEUSDT,60,full,109,108,1,0.3148148148148148,32.67077545288699,44.49627286039083,0.302507180119324,3689.634590928249,34.16328324933564,1.435930489139279,1.2273845119908044,16.002972469386822,3
actual,15m,AAVEUSDT,90,earlier,63,63,0,0.3492063492063492,19.424848284470404,25.566568457019596,0.30833092515032384,1407.603364415376,22.34291054627581,1.4776816552977599,1.1392915274342157,10.461338495246679,2
actual,15m,AAVEUSDT,90,later,29,28,1,0.21428571428571427,4.647697815400888,8.200164748341857,0.16598920769288886,-364.87185404055214,-13.031137644305431,1.209945758359312,0.9128723126885828,7.11014418017308,0
actual,15m,AAVEUSDT,90,full,92,91,1,0.3076923076923077,24.072546099871296,33.76673320536146,0.2645334736249593,1042.7315103748242,11.458588026096969,1.3833058269813578,1.072952816947758,10.461338495246679,2
actual,15m,AAVEUSDT,120,earlier,52,52,0,0.36538461538461536,21.34638914386366,26.33291620312962,0.41050748353583966,2373.5332267365834,45.64486974493429,1.6448401087581694,1.2917016553278824,8.81056305285399,2
actual,15m,AAVEUSDT,120,later,27,26,1,0.23076923076923078,1.521805777504296,4.796538695222487,0.05853099144247292,-295.65717670890086,-11.371429873419263,1.0729803950185621,0.9229120327398704,11.325834792884585,0
actual,15m,AAVEUSDT,120,full,79,78,1,0.32051282051282054,22.868194921367962,31.12945489835211,0.29318198617138413,2077.8760500276826,26.639436538816444,1.4238332805824658,1.173558789974149,11.325834792884582,2
actual,15m,AAVEUSDT,150,earlier,48,48,0,0.375,22.579540819693452,27.304587921576907,0.4704071004102803,2609.5128695607605,54.36485144918252,1.767350605077704,1.3572467819699912,7.709241127850273,2
actual,15m,AAVEUSDT,150,later,24,24,0,0.20833333333333334,0.06797282668212112,3.1495275914350147,0.002832201111755047,-535.834458581485,-22.326435774228543,1.0033235372721405,0.8572468421774125,12.128728816359331,0
actual,15m,AAVEUSDT,150,full,72,72,0,0.3194444444444444,22.647513646375568,30.454115513011924,0.3145488006441051,2073.6784109792748,28.80108904137882,1.4540647529125081,1.1875260150425415,12.12872881635932,2
actual,15m,AAVEUSDT,200,earlier,42,42,0,0.38095238095238093,12.470674128920272,16.552597418519028,0.2969208125933398,991.7544557119311,23.61320132647455,1.4975955075941603,1.1560635815454612,6.957931803102689,1
actual,15m,AAVEUSDT,200,later,23,23,0,0.21739130434782608,0.3814866688614209,3.4598739841234307,0.0165863769070183,-542.2155600487431,-23.574589567336655,1.0196272345145687,0.8473591317729011,9.78837432719524,0
actual,15m,AAVEUSDT,200,full,65,65,0,0.3230769230769231,12.852160797781695,20.01247140264246,0.197725550735103,449.5388956631878,6.91598301020289,1.2888225422284942,1.0453756980498103,9.788374327195239,1
actual,15m,AEROUSDT,0,earlier,52,52,0,0.36538461538461536,12.806182326019375,17.640003911899456,0.24627273703883412,3255.424089422237,62.60430941196609,1.3710944284249362,1.4039401901909565,12.839314737123992,0
actual,15m,AEROUSDT,0,later,52,52,0,0.3269230769230769,-1.347508912609548,4.861285764400272,-0.025913632934799,1588.9383680876392,30.556507078608448,0.96182610106364,1.2409211753708072,16.639388045204722,0
actual,15m,AEROUSDT,0,full,104,104,0,0.34615384615384615,11.458673413409823,22.501289676299727,0.11017955205201753,4844.362457509876,46.58040824528726,1.1641445049094676,1.330573109844193,16.63938804520471,0
actual,15m,AEROUSDT,20,earlier,52,52,0,0.36538461538461536,12.806182326019375,17.640003911899456,0.24627273703883412,3255.424089422237,62.60430941196609,1.3710944284249362,1.4039401901909565,12.839314737123992,0
actual,15m,AEROUSDT,20,later,52,52,0,0.3269230769230769,-1.347508912609548,4.861285764400272,-0.025913632934799,1588.9383680876392,30.556507078608448,0.96182610106364,1.2409211753708072,16.639388045204722,0
actual,15m,AEROUSDT,20,full,104,104,0,0.34615384615384615,11.458673413409823,22.501289676299727,0.11017955205201753,4844.362457509876,46.58040824528726,1.1641445049094676,1.330573109844193,16.63938804520471,0
actual,15m,AEROUSDT,30,earlier,52,52,0,0.36538461538461536,12.806182326019375,17.640003911899456,0.24627273703883412,3255.424089422237,62.60430941196609,1.3710944284249362,1.4039401901909565,12.839314737123992,0
actual,15m,AEROUSDT,30,later,52,52,0,0.3269230769230769,-1.347508912609548,4.861285764400272,-0.025913632934799,1588.9383680876392,30.556507078608448,0.96182610106364,1.2409211753708072,16.639388045204722,0
actual,15m,AEROUSDT,30,full,104,104,0,0.34615384615384615,11.458673413409823,22.501289676299727,0.11017955205201753,4844.362457509876,46.58040824528726,1.1641445049094676,1.330573109844193,16.63938804520471,0
actual,15m,AEROUSDT,50,earlier,48,48,0,0.3958333333333333,17.217362419638196,21.64000391189945,0.3586950504091291,4234.592690693895,88.2206810561228,1.5720424906181218,1.5981058956796965,12.839314737123996,0
actual,15m,AEROUSDT,50,later,51,51,0,0.3333333333333333,-1.1830882438466233,4.842054995169489,-0.023197808702874967,1623.1463771944152,31.82639955283167,0.9663271680172486,1.2473910871214249,16.474967376441793,0
actual,15m,AEROUSDT,50,full,99,99,0,0.36363636363636365,16.034274175791563,26.48205890706894,0.16196236541203599,5857.739067888309,59.1690814938213,1.2458006117863025,1.4294196610236174,16.474967376441793,0
actual,15m,AEROUSDT,60,earlier,46,46,0,0.391304347826087,17.22529133132359,21.424042806807922,0.3744628550287737,4124.022705816347,89.65266751774668,1.5934332219108052,1.6082216488920864,12.839314737123992,0
actual,15m,AEROUSDT,60,later,49,49,0,0.32653061224489793,-2.697766786415173,3.11802180613629,-0.055056465028881084,794.0564658844553,16.205233997641944,0.9206268396429211,1.1239852622206101,17.989645919010343,0
actual,15m,AEROUSDT,60,full,95,95,0,0.35789473684210527,14.527524544908411,24.54206461294422,0.15292131099903591,4918.079171700804,51.769254438955834,1.2305410881863668,1.3730083809015634,17.98964591901035,0
actual,15m,AEROUSDT,90,earlier,39,39,0,0.38461538461538464,16.65786243544091,20.11563525382018,0.42712467783181823,3952.2064177770476,101.33862609684738,1.6601218060743534,1.654604283926132,11.032126303847235,0
actual,15m,AEROUSDT,90,later,39,39,0,0.38461538461538464,5.892594784835357,10.56641097690778,0.15109217397013736,2529.648822455929,64.86279031938278,1.2437220838431953,1.5728030113209452,12.663333957777233,0
actual,15m,AEROUSDT,90,full,78,78,0,0.38461538461538464,22.550457220276268,30.68204623072796,0.2891084259009778,6481.855240232975,83.10070820811507,1.4563757102669548,1.6200469484484576,12.663333957777233,0
actual,15m,AEROUSDT,120,earlier,36,36,0,0.3888888888888889,14.230913307027546,17.35120058729282,0.39530314741743183,3577.008579727159,99.36134943686552,1.6087598315882792,1.63465365973746,11.223108667754666,0
actual,15m,AEROUSDT,120,later,37,37,0,0.40540540540540543,8.243537727778293,12.566410976907774,0.22279831696698088,2797.6086189493735,75.61104375538848,1.3776835415892963,1.6743982758079943,11.48844506888835,0
actual,15m,AEROUSDT,120,full,73,73,0,0.3972602739726027,22.47445103480584,29.917611564200598,0.3078691922576142,6374.617198676532,87.32352326954154,1.4971842359450707,1.65150412400332,11.48844506888835,0
actual,15m,AEROUSDT,150,earlier,35,35,0,0.37142857142857144,10.866144676390931,14.09404089745997,0.31046127646831234,2916.8304795939216,83.33801370268347,1.4731807845691869,1.5486848041318935,10.988562496548344,0
actual,15m,AEROUSDT,150,later,36,36,0,0.3611111111111111,4.339509177373104,8.599554274435137,0.12054192159369734,1891.837980456921,52.55105501269225,1.1837706055009871,1.4235089644319183,12.933959661770412,0
actual,15m,AEROUSDT,150,full,71,71,0,0.36619718309859156,15.20565385376403,22.693595171895115,0.21416413878540888,4808.668460050842,67.72772478944849,1.3264572956140561,1.4915283141032245,12.93395966177041,0
actual,15m,AEROUSDT,200,earlier,31,31,0,0.3870967741935484,13.142824012683642,16.070529306311403,0.42396206492527877,3611.568345117097,116.50220468119667,1.6589835045752848,1.8109982002986862,7.754897073397295,0
actual,15m,AEROUSDT,200,later,32,32,0,0.375,6.354927063722846,10.297803180001118,0.19859147074133893,2145.725653298892,67.05392666559038,1.301016191338624,1.5363552195318169,10.36330933750094,0
actual,15m,AEROUSDT,200,full,63,63,0,0.38095238095238093,19.49775107640649,26.36833248631252,0.30948811232391255,5757.293998415988,91.385619022476,1.4749101227663657,1.6810297695870053,10.363309337500937,0
actual,15m,API3USDT,0,earlier,66,66,0,0.3181818181818182,30.435514082790714,36.53423406919015,0.4611441527695563,3104.373778440184,47.035966340002794,1.7203262795650431,1.300279299923105,8.346794133825524,2
actual,15m,API3USDT,0,later,34,34,0,0.2647058823529412,-7.158722859541032,-2.6691236744691924,-0.21055067233944214,-2640.517264357706,-77.662272481109,0.718386019210454,0.4839970277446612,12.123531636464353,0
actual,15m,API3USDT,0,full,101,101,0,0.297029702970297,22.628259973249687,33.372922894720965,0.2240421779529672,380.8942914160785,3.7712306080799856,1.3312037363336746,1.0245129352510585,12.77180188134271,2
actual,15m,API3USDT,20,earlier,66,66,0,0.3181818181818182,30.435514082790714,36.53423406919015,0.4611441527695563,3104.373778440184,47.035966340002794,1.7203262795650431,1.300279299923105,8.346794133825524,2
actual,15m,API3USDT,20,later,34,34,0,0.2647058823529412,-7.158722859541032,-2.6691236744691924,-0.21055067233944214,-2640.517264357706,-77.662272481109,0.718386019210454,0.4839970277446612,12.123531636464353,0
actual,15m,API3USDT,20,full,101,101,0,0.297029702970297,22.628259973249687,33.372922894720965,0.2240421779529672,380.8942914160785,3.7712306080799856,1.3312037363336746,1.0245129352510585,12.77180188134271,2
actual,15m,API3USDT,30,earlier,66,66,0,0.3181818181818182,30.435514082790714,36.53423406919015,0.4611441527695563,3104.373778440184,47.035966340002794,1.7203262795650431,1.300279299923105,8.346794133825524,2
actual,15m,API3USDT,30,later,34,34,0,0.2647058823529412,-7.158722859541032,-2.6691236744691924,-0.21055067233944214,-2640.517264357706,-77.662272481109,0.718386019210454,0.4839970277446612,12.123531636464353,0
actual,15m,API3USDT,30,full,101,101,0,0.297029702970297,22.628259973249687,33.372922894720965,0.2240421779529672,380.8942914160785,3.7712306080799856,1.3312037363336746,1.0245129352510585,12.77180188134271,2
actual,15m,API3USDT,50,earlier,65,65,0,0.3230769230769231,31.5766692552045,37.53423406919015,0.4857949116185308,3266.0618204580187,50.24710493012336,1.7680786461301352,1.3209384220410625,8.346794133825524,2
actual,15m,API3USDT,50,later,34,34,0,0.2647058823529412,-7.02015341509658,-2.6691236744691818,-0.20647510044401707,-2691.0775090658435,-79.14933850193657,0.7223234948428333,0.47926175355225153,12.123531636464353,0
actual,15m,API3USDT,50,full,100,100,0,0.3,23.90798459010793,34.372922894720965,0.2390798459010793,492.02208872577665,4.920220887257766,1.356614460023071,1.0318927955512336,12.77180188134271,2
actual,15m,API3USDT,60,earlier,64,64,0,0.328125,33.7365109579462,39.55025138520746,0.5271329837179094,3671.7371383524433,57.370892786756926,1.8435227589073253,1.3677301891203257,8.346794133825524,2
actual,15m,API3USDT,60,later,32,32,0,0.28125,-5.562589461608209,-1.5993562326087178,-0.17383092067525655,-2535.395585510008,-79.23111204718775,0.7665152175936876,0.49414811648529633,10.665967682975984,0
actual,15m,API3USDT,60,full,97,97,0,0.30927835051546393,27.525390246338,37.45870765259874,0.28376690975606184,1053.3793301760347,10.859580723464276,1.4269652325803093,1.0698529265628416,10.68258778620038,2
actual,15m,API3USDT,90,earlier,55,55,0,0.32727272727272727,25.22454460365725,30.330616888694188,0.45862808370285907,2909.972017794331,52.90858214171511,1.7211473294123498,1.3473430793643062,5.5499408271221,2
actual,15m,API3USDT,90,later,26,26,0,0.19230769230769232,-7.526704194525879,-4.497188982015938,-0.28948862286637994,-1853.1830097680358,-71.27626960646292,0.6551146705926647,0.5855221870565676,11.900726807367342,0
actual,15m,API3USDT,90,full,82,82,0,0.2804878048780488,17.04930915913138,25.34124040667826,0.20791840437965098,973.8267853598959,11.875936406827998,1.2967643215965072,1.075304273247803,15.682525535120584,2
actual,15m,API3USDT,120,earlier,49,49,0,0.2857142857142857,12.502587763912915,17.01020092585165,0.2551548523247534,1034.3128484928136,21.108425479445177,1.368818552462337,1.127598333661336,8.117092357084134,1
actual,15m,API3USDT,120,later,19,19,0,0.21052631578947367,-5.561173079550262,-3.1521054940752986,-0.2926933199763296,-1733.740255035773,-91.24948710714595,0.6527965031847961,0.45891287392145585,9.353445380623189,0
actual,15m,API3USDT,120,full,69,69,0,0.2608695652173913,6.292883434362661,13.365907931776352,0.09120120919366176,-782.3896292093597,-11.33898013346898,1.1244523668536832,0.9313280529398399,18.119068987707315,1
actual,15m,API3USDT,150,earlier,44,44,0,0.2727272727272727,10.650757843881738,14.707466698782042,0.2420626782700395,441.67810579363044,10.038138768037054,1.3480445389096327,1.0598337729670357,9.147310342327753,1
actual,15m,API3USDT,150,later,20,20,0,0.15,-8.242075669689793,-5.746700088669879,-0.41210378348448967,-2142.319442157089,-107.11597210785445,0.5501687207919903,0.4013389249226547,13.209222970762712,0
actual,15m,API3USDT,150,full,65,65,0,0.23076923076923078,1.7601509241919517,8.468579110112161,0.027079244987568488,-1783.6035590298582,-27.44005475430551,1.0355063605701,0.8384890009724207,23.005064563090457,1
actual,15m,API3USDT,200,earlier,40,40,0,0.3,19.843125766417245,23.615945759831682,0.4960781441604311,2442.0872647455767,61.052181618639416,1.7349845041519738,1.3834736173473554,5.370842108233843,1
actual,15m,API3USDT,200,later,20,20,0,0.2,-5.147978608675184,-2.47746931943909,-0.2573989304337592,-1496.082260025552,-74.8041130012776,0.7020241558393255,0.5200906636183125,12.163125909748125,0
actual,15m,API3USDT,200,full,61,61,0,0.26229508196721313,14.046615907742066,20.646288940392598,0.2302723919301978,863.0427820536255,14.148242328747958,1.3126817274766254,1.0901941632595757,17.51119360026965,1
actual,15m,APTUSDT,0,earlier,70,70,0,0.2571428571428571,-5.499953900988572,1.6450126470073125,-0.07857077001412247,-5297.794424031862,-75.68277748616946,0.8958147922214389,0.602682102758701,20.158716145445933,1
actual,15m,APTUSDT,0,later,47,47,0,0.3404255319148936,5.773661091729871,11.25256445168979,0.12284385301552918,952.6275386184005,20.268671034434053,1.1678958812564582,1.1402597212559449,14.025780375042583,0
actual,15m,APTUSDT,0,full,117,117,0,0.2905982905982906,0.27370719074130545,12.897577098697104,0.002339377698643636,-4345.16688541346,-37.138178507807346,1.0031396178997114,0.7840994079747502,20.158716145445933,1
actual,15m,APTUSDT,20,earlier,70,70,0,0.2571428571428571,-5.499953900988572,1.6450126470073125,-0.07857077001412247,-5297.794424031862,-75.68277748616946,0.8958147922214389,0.602682102758701,20.158716145445933,1
actual,15m,APTUSDT,20,later,47,47,0,0.3404255319148936,5.773661091729871,11.25256445168979,0.12284385301552918,952.6275386184005,20.268671034434053,1.1678958812564582,1.1402597212559449,14.025780375042583,0
actual,15m,APTUSDT,20,full,117,117,0,0.2905982905982906,0.27370719074130545,12.897577098697104,0.002339377698643636,-4345.16688541346,-37.138178507807346,1.0031396178997114,0.7840994079747502,20.158716145445933,1
actual,15m,APTUSDT,30,earlier,70,70,0,0.2571428571428571,-5.499953900988572,1.6450126470073125,-0.07857077001412247,-5297.794424031862,-75.68277748616946,0.8958147922214389,0.602682102758701,20.158716145445933,1
actual,15m,APTUSDT,30,later,47,47,0,0.3404255319148936,5.773661091729871,11.25256445168979,0.12284385301552918,952.6275386184005,20.268671034434053,1.1678958812564582,1.1402597212559449,14.025780375042583,0
actual,15m,APTUSDT,30,full,117,117,0,0.2905982905982906,0.27370719074130545,12.897577098697104,0.002339377698643636,-4345.16688541346,-37.138178507807346,1.0031396178997114,0.7840994079747502,20.158716145445933,1
actual,15m,APTUSDT,50,earlier,66,66,0,0.25757575757575757,-3.37696487768238,3.3232584138191275,-0.05116613451033909,-4829.745835094977,-73.17796719840875,0.9324933549208546,0.6218775316922218,18.54693268321225,1
actual,15m,APTUSDT,50,later,46,46,0,0.34782608695652173,6.8759413586507545,12.252564451689793,0.1494769860576251,1168.1686786847602,25.394971275755655,1.2065711853363978,1.1776320030269167,14.025780375042585,0
actual,15m,APTUSDT,50,full,112,112,0,0.29464285714285715,3.498976480968369,15.575822865508924,0.03124086143721758,-3661.5771564102174,-32.69265318223408,1.0419993531014733,0.8107644425389126,18.54693268321225,1
actual,15m,APTUSDT,60,earlier,64,64,0,0.25,-2.1369018326263944,4.251497140609587,-0.03338909113478741,-4707.416158508669,-73.55337747669795,0.9557348300287721,0.6249593133203996,18.494903802527606,1
actual,15m,APTUSDT,60,later,42,42,0,0.35714285714285715,9.538967846375042,14.42716762629298,0.22711828205654863,1758.1654979741604,41.861083285099056,1.318333234311664,1.297594892674241,12.955886335307486,0
actual,15m,APTUSDT,60,full,106,106,0,0.29245283018867924,7.40206601374865,18.678664766902564,0.06983081145045895,-2949.2506605345075,-27.823119439004792,1.0946067353975115,0.8402326963654148,18.494903802527606,1
actual,15m,APTUSDT,90,earlier,56,56,0,0.25,-0.6917243733617884,4.35122501595281,-0.012352220952889079,-3569.356979317271,-63.73851748780841,0.9833339296191549,0.6831316717520829,13.920305513622395,1
actual,15m,APTUSDT,90,later,35,35,0,0.34285714285714286,1.8347065897251627,5.753508300673982,0.05242018827786179,352.306993122643,10.065914089218372,1.0724515909153012,1.067233907962829,12.763132359950731,0
actual,15m,APTUSDT,90,full,91,91,0,0.2857142857142857,1.1429822163633752,10.104733316626792,0.012560244135861265,-3217.0499861946278,-35.35219765049042,1.0171033038144053,0.8050804295373813,13.920305513622395,1
actual,15m,APTUSDT,120,earlier,51,51,0,0.2549019607843137,-1.5980921263993042,3.290885919743893,-0.03133513973331969,-3112.263648330403,-61.024777418243204,0.959107605934876,0.692083875643463,12.586254811646928,1
actual,15m,APTUSDT,120,later,32,32,0,0.375,5.117782965357939,8.753508300673985,0.1599307176674356,1262.595629624001,39.45611342575003,1.232202939048241,1.2916106452391574,11.715731624656613,0
actual,15m,APTUSDT,120,full,83,83,0,0.30120481927710846,3.5196908389586365,12.04439422041788,0.04240591372239321,-1849.668018706402,-22.285156851884363,1.0575860421520749,0.8718821194648483,12.586254811646928,1
actual,15m,APTUSDT,150,earlier,47,47,0,0.23404255319148937,-1.938755512318687,2.557666797623105,-0.04125011728337632,-3246.244678411515,-69.0690357108833,0.9470213197156262,0.6606622910309181,11.424041478313594,1
actual,15m,APTUSDT,150,later,33,33,0,0.3939393939393939,12.84539006584007,16.640033123369026,0.38925424441939604,2369.119099851564,71.79148787428981,1.5822940933262226,1.5462169317197076,8.380968943090265,0
actual,15m,APTUSDT,150,full,80,80,0,0.3,10.906634553521387,19.19769992099213,0.13633293191901735,-877.125578559951,-10.96406973199939,1.1859455750022734,0.9369143951173539,11.424041478313594,1
actual,15m,APTUSDT,200,earlier,42,42,0,0.21428571428571427,-4.108832509989757,-0.08818541749474329,-0.09782934547594659,-3015.4228405720205,-71.79578191838144,0.8771268844547752,0.636988756415388,12.117213346942423,1
actual,15m,APTUSDT,200,later,31,31,0,0.41935483870967744,15.107016183019809,18.64003312336902,0.48732310267805834,2734.060250268978,88.1954919441606,1.7630444489442847,1.6882672806327348,8.380968943090265,0
actual,15m,APTUSDT,200,full,73,73,0,0.3013698630136986,10.99818367303005,18.55184770587428,0.15066005031548013,-281.362590303043,-3.8542820589457953,1.2065852861401685,0.977086009508558,12.117213346942423,1
actual,15m,ARBUSDT,0,earlier,77,77,0,0.38961038961038963,36.29990678418283,44.284883513058375,0.47142736083354325,6942.89847788907,90.16751269985805,1.7624527068179554,1.6555931720672583,6.623919454319111,2
actual,15m,ARBUSDT,0,later,29,29,0,0.3448275862068966,-4.191321543755851,-1.3252105496726843,-0.14452832909502936,178.1298765541181,6.142409536348899,0.7901994705861873,1.0445286812768213,8.592999514999846,0
actual,15m,ARBUSDT,0,full,106,106,0,0.37735849056603776,32.108585240426976,42.95967296338569,0.302911181513462,7121.0283544431895,67.17951277776594,1.4750701639795984,1.4880560742733167,8.592999514999832,2
actual,15m,ARBUSDT,20,earlier,77,77,0,0.38961038961038963,36.29990678418283,44.284883513058375,0.47142736083354325,6942.89847788907,90.16751269985805,1.7624527068179554,1.6555931720672583,6.623919454319111,2
actual,15m,ARBUSDT,20,later,29,29,0,0.3448275862068966,-4.191321543755851,-1.3252105496726843,-0.14452832909502936,178.1298765541181,6.142409536348899,0.7901994705861873,1.0445286812768213,8.592999514999846,0
actual,15m,ARBUSDT,20,full,106,106,0,0.37735849056603776,32.108585240426976,42.95967296338569,0.302911181513462,7121.0283544431895,67.17951277776594,1.4750701639795984,1.4880560742733167,8.592999514999832,2
actual,15m,ARBUSDT,30,earlier,76,76,0,0.39473684210526316,37.450242550606184,45.284883513058375,0.49276634935008135,7095.934018770796,93.3675528785631,1.8060914012356588,1.6798682782889323,6.623919454319111,2
actual,15m,ARBUSDT,30,later,29,29,0,0.3448275862068966,-4.191321543755851,-1.3252105496726843,-0.14452832909502936,178.1298765541181,6.142409536348899,0.7901994705861873,1.0445286812768213,8.592999514999846,0
actual,15m,ARBUSDT,30,full,105,105,0,0.38095238095238093,33.258921006850336,43.95967296338569,0.3167516286366699,7274.063895324914,69.27679900309441,1.500610654548268,1.5038292021407742,8.592999514999832,2
actual,15m,ARBUSDT,50,earlier,73,73,0,0.410958904109589,40.851049539393486,48.28488351305837,0.559603418347856,7614.688697539611,104.31080407588509,1.948739301039729,1.7677286075554113,6.623919454319111,2
actual,15m,ARBUSDT,50,later,28,28,0,0.35714285714285715,-3.7508867611471457,-1.0353554772089073,-0.1339602414695409,236.62843285825713,8.45101545922347,0.8080132341344116,1.0600299176087322,8.152564732391141,0
actual,15m,ARBUSDT,50,full,101,101,0,0.39603960396039606,37.10016277824633,47.24952803584946,0.3673283443390726,7851.317130397868,77.73581317225612,1.5926973375666422,1.5664605956152637,8.152564732391127,2
actual,15m,ARBUSDT,60,earlier,72,72,0,0.3888888888888889,19.569509541549515,26.925871437664224,0.2717987436326321,4469.8204080044425,62.08083900006171,1.4425629878711779,1.4441749189959048,8.747804893324409,1
actual,15m,ARBUSDT,60,later,28,28,0,0.35714285714285715,-3.7508867611471457,-1.0353554772089073,-0.1339602414695409,236.62843285825713,8.45101545922347,0.8080132341344116,1.0600299176087322,8.152564732391141,0
actual,15m,ARBUSDT,60,full,100,100,0,0.38,15.818622780402363,25.89051596045532,0.15818622780402364,4706.448840862699,47.06448840862699,1.2481126812060597,1.3360539312459843,8.747804893324409,1
actual,15m,ARBUSDT,90,earlier,58,58,0,0.39655172413793105,8.689546263555973,14.723933593272745,0.14981976316475817,3870.7007877803067,66.73622047897081,1.239609993465364,1.509064931516118,6.605696856552285,0
actual,15m,ARBUSDT,90,later,27,27,0,0.37037037037037035,-3.215077142546467,-0.6004386425314798,-0.1190769312054247,291.6495999573679,10.801837035458071,0.8255755433668662,1.0781721176499437,7.616755113790462,0
actual,15m,ARBUSDT,90,full,85,85,0,0.38823529411764707,5.4744691210095064,14.12349495074127,0.06440551907070008,4162.350387737674,48.968828091031455,1.1000856079257582,1.3672311609382295,7.616755113790462,0
actual,15m,ARBUSDT,120,earlier,51,51,0,0.4117647058823529,9.96868036118227,15.164937610038953,0.1954643208074955,4087.3708395825547,80.14452626632459,1.3245206876837758,1.6184692519234638,6.63636336899234,0
actual,15m,ARBUSDT,120,later,26,26,0,0.34615384615384615,-5.642000766834895,-3.133122755075931,-0.2170000294936498,-164.0794348961329,-6.310747496005113,0.6939100138357949,0.9560210715512323,10.043678738078889,0
actual,15m,ARBUSDT,120,full,77,77,0,0.38961038961038963,4.326679594347376,12.031814854963017,0.056190644082433454,3923.2914046864207,50.95183642449898,1.0880289277770547,1.379439016655866,10.043678738078892,0
actual,15m,ARBUSDT,150,earlier,48,48,0,0.4791666666666667,35.64827569802301,40.645954337791615,0.7426724103754795,8286.237988041132,172.62995808419026,2.3241482935456297,2.4744861473265143,4.2548618612607925,1
actual,15m,ARBUSDT,150,later,22,22,0,0.3181818181818182,-5.790932521234038,-3.722568193358579,-0.2632242055106381,-450.82404548693404,-20.49200206758791,0.6414219958093299,0.868263124294077,10.192610492478034,0
actual,15m,ARBUSDT,150,full,70,70,0,0.42857142857142855,29.85734317678898,36.923386144433024,0.4265334739541283,7835.413942554199,111.93448489363142,1.6932061112858128,1.866567050875205,10.192610492478025,1
actual,15m,ARBUSDT,200,earlier,46,46,0,0.41304347826086957,25.931222876844586,30.726784873667526,0.5637222364531432,6286.162189802069,136.65569977830586,1.8895808659163806,2.0491277250334616,6.663824203731966,1
actual,15m,ARBUSDT,200,later,19,19,0,0.3157894736842105,-5.37440800514441,-3.5559015266919216,-0.2828635792181268,-455.96179520477625,-23.997989221304014,0.6153165696668847,0.8444782439502592,9.776085976388405,0
actual,15m,ARBUSDT,200,full,65,65,0,0.38461538461538464,20.556814871700176,27.170883346975604,0.31625869033384885,5830.200394597291,89.69539068611218,1.4767248414939187,1.6533448545201312,9.776085976388408,1
actual,15m,ARUSDT,0,earlier,66,66,0,0.42424242424242425,32.050324629321025,37.72874324778702,0.48561097923213675,5287.4534251430005,80.11293068398486,1.8411271383223544,1.5053604286068722,6.913436742074413,1
actual,15m,ARUSDT,0,later,45,45,0,0.3111111111111111,-3.55865883003377,1.6368946476332988,-0.07908130733408378,3237.3084590720414,71.94018797937869,0.8901881099834301,1.537393173908621,22.435572188210394,1
actual,15m,ARUSDT,0,full,111,111,0,0.3783783783783784,28.49166579928725,39.365637895420306,0.2566816738674527,8524.761884215042,76.79965661454993,1.4040747339596797,1.5170648198405163,22.4355721882104,2
actual,15m,ARUSDT,20,earlier,66,66,0,0.42424242424242425,32.050324629321025,37.72874324778702,0.48561097923213675,5287.4534251430005,80.11293068398486,1.8411271383223544,1.5053604286068722,6.913436742074413,1
actual,15m,ARUSDT,20,later,45,45,0,0.3111111111111111,-3.55865883003377,1.6368946476332988,-0.07908130733408378,3237.3084590720414,71.94018797937869,0.8901881099834301,1.537393173908621,22.435572188210394,1
actual,15m,ARUSDT,20,full,111,111,0,0.3783783783783784,28.49166579928725,39.365637895420306,0.2566816738674527,8524.761884215042,76.79965661454993,1.4040747339596797,1.5170648198405163,22.4355721882104,2
actual,15m,ARUSDT,30,earlier,66,66,0,0.42424242424242425,32.050324629321025,37.72874324778702,0.48561097923213675,5287.4534251430005,80.11293068398486,1.8411271383223544,1.5053604286068722,6.913436742074413,1
actual,15m,ARUSDT,30,later,45,45,0,0.3111111111111111,-3.55865883003377,1.6368946476332988,-0.07908130733408378,3237.3084590720414,71.94018797937869,0.8901881099834301,1.537393173908621,22.435572188210394,1
actual,15m,ARUSDT,30,full,111,111,0,0.3783783783783784,28.49166579928725,39.365637895420306,0.2566816738674527,8524.761884215042,76.79965661454993,1.4040747339596797,1.5170648198405163,22.4355721882104,2
actual,15m,ARUSDT,50,earlier,64,64,0,0.4375,32.704970478882906,38.218327106551214,0.5110151637325454,5446.591958725136,85.10299935508024,1.8950808948399582,1.5395388983396328,6.913436742074413,1
actual,15m,ARUSDT,50,later,44,44,0,0.3181818181818182,4.913078113286069,9.9617934330584,0.11166086621104702,5009.036435738443,113.8417371758737,1.1569784477527738,1.8605502594188754,15.07291024489055,1
actual,15m,ARUSDT,50,full,108,108,0,0.3888888888888889,37.61804859216896,48.180120539609604,0.3483152647423052,10455.628394463576,96.8113740228109,1.5545411532892397,1.6569405754622042,15.072910244890565,2
actual,15m,ARUSDT,60,earlier,63,63,0,0.42857142857142855,30.501689785566544,35.921068984668906,0.4841538061201039,4766.781146528921,75.66319280204637,1.8352463150451397,1.4709275464582052,6.913436742074413,1
actual,15m,ARUSDT,60,later,44,44,0,0.3181818181818182,4.913078113286069,9.9617934330584,0.11166086621104702,5009.036435738443,113.8417371758737,1.1569784477527738,1.8605502594188754,15.07291024489055,1
actual,15m,ARUSDT,60,full,107,107,0,0.38317757009345793,35.4147678988526,45.88286241772731,0.3309791392416131,9775.817582267364,91.36278114268565,1.5222185878729968,1.6131788669395244,15.072910244890565,2
actual,15m,ARUSDT,90,earlier,55,55,0,0.4727272727272727,35.54023876806721,40.1051443307273,0.6461861594194038,6455.933790874704,117.38061437954008,2.261691633956738,1.776618341738956,3.928825587948518,0
actual,15m,ARUSDT,90,later,33,33,0,0.3939393939393939,14.848703564108696,18.373083755639037,0.44996071406389987,6630.90669927844,200.93656664480122,1.745050956564836,2.6684269795633297,8.823847184037382,1
actual,15m,ARUSDT,90,full,88,88,0,0.4431818181818182,50.38894233217591,58.478228086366336,0.5726016174110898,13086.840490153145,148.714096479013,2.047619765876685,2.065077005313071,8.82384718403739,1
actual,15m,ARUSDT,120,earlier,47,47,0,0.40425531914893614,12.78167328900415,16.80334384269612,0.2719504955107266,2130.196731927347,45.32333472185846,1.4587269701257175,1.2777555478179128,6.953480932684311,0
actual,15m,ARUSDT,120,later,31,31,0,0.3870967741935484,8.528707155593612,11.886894647633287,0.27511958566431005,5269.107500240287,169.97120968517052,1.4529624242206571,2.4026903004312836,12.168517566219379,1
actual,15m,ARUSDT,120,full,78,78,0,0.3974358974358974,21.310380444597765,28.690238490329396,0.27321000569997134,7399.304232167638,94.86287477137996,1.4564023989747568,1.647598900453858,12.168517566219375,1
actual,15m,ARUSDT,150,earlier,47,47,0,0.425531914893617,12.317293319748288,16.33039992177804,0.2620700706329423,2179.601867963625,46.37450782901329,1.4596737855694517,1.2963995257905079,5.817624092310171,0
actual,15m,ARUSDT,150,later,27,27,0,0.4074074074074074,11.738410898909114,14.533953471162697,0.43475595921885607,5868.453748543477,217.35013883494355,1.7594570159817746,2.868947589523062,8.958813822903876,1
actual,15m,ARUSDT,150,full,74,74,0,0.4189189189189189,24.055704218657404,30.864353392940735,0.32507708403591085,8048.0556165071,108.75750833117704,1.569338190369415,1.7669510064541396,8.958813822903874,1
actual,15m,ARUSDT,200,earlier,45,45,0,0.4222222222222222,9.988516739640033,13.970835498238184,0.2219670386586674,1228.3028718089774,27.295619373532833,1.3761301529583747,1.173129327179103,6.103020413820969,0
actual,15m,ARUSDT,200,later,25,25,0,0.4,11.282712558034303,13.85597458730146,0.45130850232137215,5747.015671227758,229.8806268491103,1.7822197784679228,2.9358315204124996,9.414512163778687,1
actual,15m,ARUSDT,200,full,70,70,0,0.4142857142857143,21.271229297674335,27.826810085539638,0.3038747042524905,6975.318543036735,99.64740775766765,1.5190639377187352,1.6931324669614911,9.414512163778685,1
actual,15m,BOMEUSDT,0,earlier,69,69,0,0.2898550724637681,-4.561244941584793,0.9013147088910582,-0.06610499915340279,-342.7879075081037,-4.9679406885232416,0.8997967793151227,0.9718859628347756,16.2807088141883,0
actual,15m,BOMEUSDT,0,later,46,46,0,0.34782608695652173,9.670065321908758,15.074397279516136,0.21021881134584258,2840.144966869368,61.74228188846452,1.3217557569947678,1.5246889013299187,9.169941393042881,0
actual,15m,BOMEUSDT,0,full,115,115,0,0.3130434782608696,5.108820380323966,15.975711988407191,0.044424525046295356,2497.357059361266,21.71614834227188,1.0676002389900776,1.1418487464003557,16.2807088141883,0
actual,15m,BOMEUSDT,20,earlier,69,69,0,0.2898550724637681,-4.561244941584793,0.9013147088910582,-0.06610499915340279,-342.7879075081037,-4.9679406885232416,0.8997967793151227,0.9718859628347756,16.2807088141883,0
actual,15m,BOMEUSDT,20,later,46,46,0,0.34782608695652173,9.670065321908758,15.074397279516136,0.21021881134584258,2840.144966869368,61.74228188846452,1.3217557569947678,1.5246889013299187,9.169941393042881,0
actual,15m,BOMEUSDT,20,full,115,115,0,0.3130434782608696,5.108820380323966,15.975711988407191,0.044424525046295356,2497.357059361266,21.71614834227188,1.0676002389900776,1.1418487464003557,16.2807088141883,0
actual,15m,BOMEUSDT,30,earlier,69,69,0,0.2898550724637681,-4.561244941584793,0.9013147088910582,-0.06610499915340279,-342.7879075081037,-4.9679406885232416,0.8997967793151227,0.9718859628347756,16.2807088141883,0
actual,15m,BOMEUSDT,30,later,46,46,0,0.34782608695652173,9.670065321908758,15.074397279516136,0.21021881134584258,2840.144966869368,61.74228188846452,1.3217557569947678,1.5246889013299187,9.169941393042881,0
actual,15m,BOMEUSDT,30,full,115,115,0,0.3130434782608696,5.108820380323966,15.975711988407191,0.044424525046295356,2497.357059361266,21.71614834227188,1.0676002389900776,1.1418487464003557,16.2807088141883,0
actual,15m,BOMEUSDT,50,earlier,68,68,0,0.27941176470588236,-4.708481019240278,0.6032377858141296,-0.06924236793000409,-502.7664556381246,-7.393624347619481,0.8963893946771934,0.9591019232294071,16.2807088141883,0
actual,15m,BOMEUSDT,50,later,43,43,0,0.3488372093023256,9.950309409590151,14.833890950402223,0.2314025444090733,2777.7038383158874,64.59776368176483,1.3596295945291614,1.5379702527578645,8.327487757487164,0
actual,15m,BOMEUSDT,50,full,111,111,0,0.3063063063063063,5.241828390349878,15.437128736216362,0.04722367919234124,2274.9373826777637,20.49493137547535,1.0716956507583766,1.1303206580799903,16.2807088141883,0
actual,15m,BOMEUSDT,60,earlier,65,65,0,0.2923076923076923,-1.8619954561891734,3.2216586234574667,-0.0286460839413719,-494.9488888635325,-7.614598290208193,0.9558210557723038,0.9573466149150476,16.2807088141883,0
actual,15m,BOMEUSDT,60,later,42,42,0,0.38095238095238093,13.967964301437586,18.7300749351938,0.3325705786056568,3440.7451825500534,81.92250434642985,1.5423155580358208,1.7149738098362506,8.327487757487164,0
actual,15m,BOMEUSDT,60,full,107,107,0,0.32710280373831774,12.105968845248416,21.95173355865127,0.11313989574998519,2945.796293686522,27.530806483051606,1.1782837210565833,1.1794424572668094,16.2807088141883,0
actual,15m,BOMEUSDT,90,earlier,56,56,0,0.30357142857142855,-0.35056904938056377,3.889608082009577,-0.006260161596081496,-106.0110658862895,-1.8930547479694555,0.9900287587737813,0.989343319635502,11.008596442530218,0
actual,15m,BOMEUSDT,90,later,36,36,0,0.3888888888888889,13.711387112335451,17.734247712139293,0.3808718642315403,2898.86542168845,80.52403949134583,1.6336133443613985,1.7056375386972489,7.206186170185582,0
actual,15m,BOMEUSDT,90,full,92,92,0,0.33695652173913043,13.360818062954888,21.623855794148866,0.1452262832929879,2792.854355802162,30.357112563066977,1.2352339275541373,1.1986947954381488,11.008596442530218,0
actual,15m,BOMEUSDT,120,earlier,50,50,0,0.28,-6.625482246312895,-2.723948995525726,-0.1325096449262579,-1080.7602098578172,-21.61520419715635,0.7933686829300374,0.8775493859013702,14.967041932900802,0
actual,15m,BOMEUSDT,120,later,33,33,0,0.36363636363636365,11.933240789866055,15.50977517993986,0.36161335726866833,2475.475386264868,75.01440564438994,1.5964000103211404,1.626299478443513,6.687684397545008,0
actual,15m,BOMEUSDT,120,full,83,83,0,0.3132530120481928,5.307758543553163,12.785826184414134,0.06394889811509835,1394.7151764070516,16.803797306109054,1.101929076056086,1.109144315772956,14.967041932900802,0
actual,15m,BOMEUSDT,150,earlier,44,44,0,0.22727272727272727,-11.597069045190768,-8.12316623422232,-0.2635697510270629,-1688.238309544359,-38.369052489644524,0.6235247099494371,0.7965577069092542,19.465644913957767,0
actual,15m,BOMEUSDT,150,later,35,35,0,0.3142857142857143,8.122271836423826,12.16641697777812,0.23206490961210932,2113.8337252269766,60.39524929219934,1.3438339095975396,1.4870246584258413,7.7322206823156785,0
actual,15m,BOMEUSDT,150,full,79,79,0,0.26582278481012656,-3.4747972087669408,4.043250743555798,-0.04398477479451824,425.59541568261784,5.387283742817948,0.9361567274115961,1.033674077910677,19.465644913957767,0
actual,15m,BOMEUSDT,200,earlier,41,41,0,0.2682926829268293,-6.837804883805845,-3.698264059096588,-0.1667757288733133,-1272.396075452666,-31.034050620796734,0.7459658077068643,0.8318748111438047,12.148362823760344,0
actual,15m,BOMEUSDT,200,later,30,30,0,0.36666666666666664,13.309628331138326,16.75677842356126,0.44365427770461086,3093.3085631849362,103.11028543949786,1.7219641223147133,1.9204011751996508,7.013703003322767,0
actual,15m,BOMEUSDT,200,full,71,71,0,0.30985915492957744,6.4718234473324845,13.058514364464676,0.09115244292017584,1820.9124877322702,25.646654756792536,1.142701508564397,1.1666133212695753,12.148362823760344,0
actual,15m,BTCUSDT,0,earlier,47,47,0,0.3191489361702128,-6.792440292551344,7.00406856601299,-0.14452000622449668,-268.4951806504844,-5.712663418095412,0.809497567670206,0.9037204990159434,19.374003626631055,0
actual,15m,BTCUSDT,0,later,41,41,0,0.2926829268292683,5.657242214708984,18.939668093989237,0.13798151743192644,1124.4138683099898,27.424728495365606,1.1470428819005316,1.3567523831830544,13.168634779930848,0
actual,15m,BTCUSDT,0,full,88,88,0,0.3068181818181818,-1.1351980778423583,25.943736660002223,-0.012899978157299525,855.9186876595054,9.72634872340347,0.9846861433405381,1.144081675911355,19.960737539964743,0
actual,15m,BTCUSDT,20,earlier,47,47,0,0.3191489361702128,-6.792440292551344,7.00406856601299,-0.14452000622449668,-268.4951806504844,-5.712663418095412,0.809497567670206,0.9037204990159434,19.374003626631055,0
actual,15m,BTCUSDT,20,later,41,41,0,0.2926829268292683,5.657242214708984,18.939668093989237,0.13798151743192644,1124.4138683099898,27.424728495365606,1.1470428819005316,1.3567523831830544,13.168634779930848,0
actual,15m,BTCUSDT,20,full,88,88,0,0.3068181818181818,-1.1351980778423583,25.943736660002223,-0.012899978157299525,855.9186876595054,9.72634872340347,0.9846861433405381,1.144081675911355,19.960737539964743,0
actual,15m,BTCUSDT,30,earlier,47,47,0,0.3191489361702128,-6.792440292551344,7.00406856601299,-0.14452000622449668,-268.4951806504844,-5.712663418095412,0.809497567670206,0.9037204990159434,19.374003626631055,0
actual,15m,BTCUSDT,30,later,40,40,0,0.3,6.827534817660099,19.93966809398924,0.17068837044150248,1261.858781673272,31.5464695418318,1.1830284942742026,1.4186158373539401,11.998342176979737,0
actual,15m,BTCUSDT,30,full,87,87,0,0.3103448275862069,0.035094525108755326,26.943736660002234,0.0004033853460776474,993.3636010227876,11.417972425549284,1.000481020215249,1.1711791140530565,19.960737539964743,0
actual,15m,BTCUSDT,50,earlier,47,47,0,0.3191489361702128,-7.433457554533856,7.011747147758938,-0.15815867137306078,-262.32452857641135,-5.581372948434284,0.7952013378066467,0.9057246229304854,20.015020888613567,0
actual,15m,BTCUSDT,50,later,39,39,0,0.3076923076923077,9.357993987690849,21.662727836160524,0.23994856378694485,1266.1790376308388,32.46612917002151,1.2648914680951227,1.4257699852012422,10.022870536713945,0
actual,15m,BTCUSDT,50,full,86,86,0,0.313953488372093,1.9245364331569863,28.674474983919463,0.022378330618104493,1003.8545090544275,11.672726849470086,1.0268699674942705,1.174389535811925,20.601754801947255,0
actual,15m,BTCUSDT,60,earlier,46,46,0,0.32608695652173914,-5.350703282391681,8.004068566013002,-0.11631963657373219,-203.21937278287635,-4.41781245180166,0.843609163003661,0.9253810854149933,19.374003626631055,0
actual,15m,BTCUSDT,60,later,36,36,0,0.3333333333333333,14.394996850273921,24.662727836160528,0.39986102361872006,1452.3635778411249,40.34343271780902,1.4752290416146814,1.5209950648806916,10.022870536713949,0
actual,15m,BTCUSDT,60,full,82,82,0,0.32926829268292684,9.04429356788224,32.66679640217353,0.11029626302295416,1249.1442050582486,15.233465915344496,1.1402122302182514,1.2266595976375427,19.374003626631055,0
actual,15m,BTCUSDT,90,earlier,39,39,0,0.3076923076923077,-3.7674251862738117,7.559246118871418,-0.0966006458018926,-235.34248061620912,-6.034422579902798,0.8707494347458192,0.9023628190022598,15.142505445498292,0
actual,15m,BTCUSDT,90,later,26,26,0,0.4230769230769231,19.10868000528835,27.326135631868578,0.7349492309726288,2281.2148180409317,87.73903146311275,1.9400863940544408,2.4678148628965837,8.110687671545893,0
actual,15m,BTCUSDT,90,full,65,65,0,0.35384615384615387,15.341254819014539,34.88538175074,0.23601930490791598,2045.8723374247227,31.474959037303424,1.3100825465934833,1.5160434913098826,15.142505445498292,0
actual,15m,BTCUSDT,120,earlier,34,34,0,0.3235294117647059,-1.7064849666844837,8.16298339105574,-0.05019073431424952,-121.61681611838601,-3.5769651799525297,0.9317935960654423,0.9419659506530872,12.984181219172697,0
actual,15m,BTCUSDT,120,later,24,24,0,0.4583333333333333,22.078920423902158,29.32613563186856,0.9199550176625899,2399.148385230914,99.96451605128806,2.2721002177268272,2.6704561741703507,9.120378701552873,0
actual,15m,BTCUSDT,120,full,58,58,0,0.3793103448275862,20.372435457217673,37.48911902292431,0.35124888719340813,2277.531569112528,39.267785674353924,1.4807575106128947,1.6448578816267676,12.984181219172697,0
actual,15m,BTCUSDT,150,earlier,28,28,0,0.35714285714285715,2.610892843251345,10.353919453045064,0.09324617297326232,264.73065338576686,9.454666192348817,1.141880046480505,1.1654515263145888,12.315554316668576,0
actual,15m,BTCUSDT,150,later,25,25,0,0.44,20.781309150936508,28.326135631868556,0.8312523660374603,2340.170344794255,93.6068137917702,2.1140472034695135,2.565120358415625,7.989668199608078,0
actual,15m,BTCUSDT,150,full,53,53,0,0.39622641509433965,23.392201994187854,38.680055084913626,0.4413623017771293,2604.9009981800214,49.149075437358896,1.6312662449197883,1.8415798489870117,12.315554316668576,0
actual,15m,BTCUSDT,200,earlier,27,27,0,0.3333333333333333,-0.011290783714693414,7.6343062701406055,-0.0004181771746182746,-273.5420712940759,-10.131187825706517,0.9993864409554827,0.8290415083103019,12.315554316668578,0
actual,15m,BTCUSDT,200,later,24,24,0,0.375,14.159990772835366,21.37150051434574,0.589999615534807,1803.0645264321681,75.12768860134034,1.7270949523160803,2.1470769651870443,13.359621439479573,0
actual,15m,BTCUSDT,200,full,51,51,0,0.35294117647058826,14.14869998912067,29.005806784486346,0.27742548998275823,1529.522455138092,29.99063637525671,1.3735446708470356,1.4822060438145297,13.359621439479573,0
actual,15m,DASHUSDT,0,earlier,73,73,0,0.3835616438356164,15.36537659024598,25.282489495594003,0.21048461082528738,2469.162249719619,33.824140407118065,1.3147186617456283,1.309038708310979,9.464155506587101,2
actual,15m,DASHUSDT,0,later,49,49,0,0.42857142857142855,29.41081554878442,33.33573631901468,0.6002207254853963,7911.326807475507,161.4556491321532,2.0629264272945806,1.8607359808487551,5.441228469987905,0
actual,15m,DASHUSDT,0,full,122,122,0,0.4016393442622951,44.7761921390304,58.61822581460868,0.36701796835270817,10380.489057195127,85.08597587864858,1.5853690712861797,1.6041783529521028,9.464155506587101,2
actual,15m,DASHUSDT,20,earlier,73,73,0,0.3835616438356164,15.36537659024598,25.282489495594003,0.21048461082528738,2469.162249719619,33.824140407118065,1.3147186617456283,1.309038708310979,9.464155506587101,2
actual,15m,DASHUSDT,20,later,49,49,0,0.42857142857142855,29.41081554878442,33.33573631901468,0.6002207254853963,7911.326807475507,161.4556491321532,2.0629264272945806,1.8607359808487551,5.441228469987905,0
actual,15m,DASHUSDT,20,full,122,122,0,0.4016393442622951,44.7761921390304,58.61822581460868,0.36701796835270817,10380.489057195127,85.08597587864858,1.5853690712861797,1.6041783529521028,9.464155506587101,2
actual,15m,DASHUSDT,30,earlier,73,73,0,0.3835616438356164,15.36537659024598,25.282489495594003,0.21048461082528738,2469.162249719619,33.824140407118065,1.3147186617456283,1.309038708310979,9.464155506587101,2
actual,15m,DASHUSDT,30,later,49,49,0,0.42857142857142855,29.41081554878442,33.33573631901468,0.6002207254853963,7911.326807475507,161.4556491321532,2.0629264272945806,1.8607359808487551,5.441228469987905,0
actual,15m,DASHUSDT,30,full,122,122,0,0.4016393442622951,44.7761921390304,58.61822581460868,0.36701796835270817,10380.489057195127,85.08597587864858,1.5853690712861797,1.6041783529521028,9.464155506587101,2
actual,15m,DASHUSDT,50,earlier,70,70,0,0.38571428571428573,17.082072121929887,26.632583775920843,0.24402960174185553,2738.615008526256,39.123071550375094,1.364268628638187,1.3564432235989388,9.464155506587105,2
actual,15m,DASHUSDT,50,later,45,45,0,0.4,24.79655173476825,28.49931929937663,0.55103448299485,4771.118457394728,106.02485460877172,1.9331869810349165,1.532088704896793,5.210816932048983,0
actual,15m,DASHUSDT,50,full,115,115,0,0.391304347826087,41.87862385669815,55.131903075297465,0.3641619465799839,7509.733465920984,65.30203013844334,1.570040400873811,1.4510365104158107,9.464155506587105,2
actual,15m,DASHUSDT,60,earlier,70,70,0,0.38571428571428573,17.082072121929887,26.632583775920843,0.24402960174185553,2738.615008526256,39.123071550375094,1.364268628638187,1.3564432235989388,9.464155506587105,2
actual,15m,DASHUSDT,60,later,45,45,0,0.4222222222222222,29.224622096403476,32.855294142143926,0.6494360465867439,7363.652327563511,163.63671839030025,2.1473344621497104,1.8418427487447164,5.210816932048981,0
actual,15m,DASHUSDT,60,full,115,115,0,0.4,46.30669421833336,59.48787791806476,0.4026669062463771,10102.267336089766,87.8458029225197,1.6398964622540801,1.6148582818165813,9.464155506587105,2
actual,15m,DASHUSDT,90,earlier,62,62,0,0.3870967741935484,16.645843754505417,24.893587166154617,0.2684813508791196,2481.4228294938193,40.02294886280354,1.4056022997539617,1.3575883671798235,7.440122290597998,2
actual,15m,DASHUSDT,90,later,36,36,0,0.4722222222222222,24.61513720756169,27.42098760790719,0.6837538113211581,7757.2292777345865,215.47859104818295,2.353601043739424,2.2472537394345453,3.1577007709130545,0
actual,15m,DASHUSDT,90,full,98,98,0,0.41836734693877553,41.260980962067116,52.3145747740618,0.4210304179802767,10238.652107228403,104.4760419104939,1.6966848369588723,1.7780854937265151,7.440122290597998,2
actual,15m,DASHUSDT,120,earlier,52,52,0,0.38461538461538464,21.652675469903066,28.321718421872085,0.41639760519044355,4083.1135447680485,78.52141432246248,1.6268941578360545,1.7370888217233271,7.062246523906859,2
actual,15m,DASHUSDT,120,later,35,35,0,0.4857142857142857,20.04964279414931,22.86417703042451,0.5728469369756946,4777.933744255619,136.5123926930177,2.13175364081532,1.7767289112097087,3.2646342735808096,0
actual,15m,DASHUSDT,120,full,87,87,0,0.42528735632183906,41.70231826405238,51.18589545229661,0.479336991540832,8861.047289023665,101.85111826463982,1.7980517224875536,1.7579461450142997,7.062246523906859,2
actual,15m,DASHUSDT,150,earlier,45,45,0,0.3333333333333333,13.209156455775188,19.237255683657967,0.29353681012833754,2864.8661580797025,63.663692401771165,1.4064088358065283,1.5893394480850294,8.377008694012417,2
actual,15m,DASHUSDT,150,later,35,35,0,0.4,10.945701643786897,13.719407910655404,0.31273433267962564,2514.97315505622,71.85637585874913,1.5202077776240626,1.358499510383914,4.502701163019902,0
actual,15m,DASHUSDT,150,full,80,80,0,0.3625,24.154858099562087,32.956663594313376,0.3019357262445261,5379.83931313592,67.247991414199,1.4511287547723297,1.4529847725721465,8.377008694012417,2
actual,15m,DASHUSDT,200,earlier,47,47,0,0.3829787234042553,16.415417830689265,22.816894435710513,0.3492642091636014,3232.664540634772,68.78009660925046,1.5243882115646654,1.6847926337769388,7.160645057648779,2
actual,15m,DASHUSDT,200,later,31,31,0,0.3548387096774194,5.99418723621771,8.4477160547337,0.19336087858766807,1642.7173374635706,52.99088185366357,1.2996547137798782,1.252899383235765,5.562701163019902,0
actual,15m,DASHUSDT,200,full,78,78,0,0.3717948717948718,22.40960506690698,31.26461049044422,0.28730262906291,4875.381878098342,62.50489587305566,1.436769795725824,1.434673830058125,7.160645057648779,2
actual,15m,ENAUSDT,0,earlier,65,65,0,0.35384615384615387,15.434293893982087,19.637501244117715,0.2374506752920321,436.16526847586505,6.710234899628693,1.3598948263412882,1.0260774811154645,18.48757975079033,2
actual,15m,ENAUSDT,0,later,38,38,0,0.2894736842105263,13.23514667551883,17.13096593999305,0.348293333566285,3933.0419527582517,103.501104019954,1.493397240770385,1.6691734126157427,9.174028127702496,1
actual,15m,ENAUSDT,0,full,103,103,0,0.3300970873786408,28.669440569500903,36.76846718411076,0.2783440831990379,4369.207221234116,42.41948758479724,1.4112667113943,1.1933003251672691,18.48757975079033,3
actual,15m,ENAUSDT,20,earlier,65,65,0,0.35384615384615387,15.434293893982087,19.637501244117715,0.2374506752920321,436.16526847586505,6.710234899628693,1.3598948263412882,1.0260774811154645,18.48757975079033,2
actual,15m,ENAUSDT,20,later,38,38,0,0.2894736842105263,13.23514667551883,17.13096593999305,0.348293333566285,3933.0419527582517,103.501104019954,1.493397240770385,1.6691734126157427,9.174028127702496,1
actual,15m,ENAUSDT,20,full,103,103,0,0.3300970873786408,28.669440569500903,36.76846718411076,0.2783440831990379,4369.207221234116,42.41948758479724,1.4112667113943,1.1933003251672691,18.48757975079033,3
actual,15m,ENAUSDT,30,earlier,65,65,0,0.35384615384615387,15.434293893982087,19.637501244117715,0.2374506752920321,436.16526847586505,6.710234899628693,1.3598948263412882,1.0260774811154645,18.48757975079033,2
actual,15m,ENAUSDT,30,later,38,38,0,0.2894736842105263,13.23514667551883,17.13096593999305,0.348293333566285,3933.0419527582517,103.501104019954,1.493397240770385,1.6691734126157427,9.174028127702496,1
actual,15m,ENAUSDT,30,full,103,103,0,0.3300970873786408,28.669440569500903,36.76846718411076,0.2783440831990379,4369.207221234116,42.41948758479724,1.4112667113943,1.1933003251672691,18.48757975079033,3
actual,15m,ENAUSDT,50,earlier,63,63,0,0.36507936507936506,17.617796269500797,21.637501244117697,0.279647559833346,966.1191634213355,15.335224816211674,1.43284772367993,1.0596524879733942,18.48757975079033,2
actual,15m,ENAUSDT,50,later,37,37,0,0.2972972972972973,14.393861534956574,18.130965939993047,0.3890232847285561,4079.054098507238,110.2447053650605,1.5608185127605292,1.7116966059749756,9.174028127702499,1
actual,15m,ENAUSDT,50,full,100,100,0,0.34,32.01165780445737,39.76846718411075,0.3201165780445737,5045.173261928576,50.451732619285764,1.4823366363235915,1.2300870100763965,18.48757975079033,3
actual,15m,ENAUSDT,60,earlier,63,63,0,0.36507936507936506,17.60731601719342,21.637501244117704,0.2794812066221178,1033.4189126480162,16.403474803936767,1.432478879003269,1.0640741260779547,18.48757975079033,2
actual,15m,ENAUSDT,60,later,34,34,0,0.35294117647058826,21.22670810423926,24.555549425483676,0.6243149442423312,5337.422506879808,156.98301490822962,1.935376867354693,1.9925301676501164,8.057511998670243,1
actual,15m,ENAUSDT,60,full,97,97,0,0.36082474226804123,38.834024121432684,46.19305066960138,0.40035076413848125,6370.841419527823,65.67877752090538,1.6124683942250586,1.2962344002970285,18.48757975079033,3
actual,15m,ENAUSDT,90,earlier,55,55,0,0.36363636363636365,18.668083041436706,22.212521215021187,0.33941969166248553,2668.211097030585,48.51292903691973,1.5269464270175335,1.1979047337048698,15.810809875014137,2
actual,15m,ENAUSDT,90,later,33,33,0,0.2727272727272727,0.0655274064092155,3.2542926338936846,0.0019856789820974397,1640.1107082213334,49.700324491555556,1.0026326579982632,1.2809487034308498,9.174028127702496,0
actual,15m,ENAUSDT,90,full,88,88,0,0.32954545454545453,18.733610447845923,25.46681384891487,0.21288193690734003,4308.321805251919,48.95820233240817,1.3105853077598355,1.222997340553607,15.810809875014137,2
actual,15m,ENAUSDT,120,earlier,49,49,0,0.30612244897959184,-0.29213409907546106,2.8019041034713745,-0.005961920389295124,-3553.252086570438,-72.51534870551914,0.9916707661756463,0.7457483591852998,17.250954463202042,1
actual,15m,ENAUSDT,120,later,27,27,0,0.25925925925925924,6.30224426589683,9.034122833044263,0.23341645429247518,2129.1000150205955,78.85555611187391,1.3009041736292746,1.4295951596479548,8.061179642854011,1
actual,15m,ENAUSDT,120,full,76,76,0,0.2894736842105263,6.01011016682137,11.836026936515639,0.07908039693186013,-1424.1520715498416,-18.73884304670844,1.1072894802026985,0.9247730083834915,17.250954463202042,2
actual,15m,ENAUSDT,150,earlier,46,46,0,0.32608695652173914,3.70914046892882,6.6891286867753585,0.08063348845497434,-1938.0706664371635,-42.13197100950356,1.11821460605951,0.8435373843828142,16.084584128381735,1
actual,15m,ENAUSDT,150,later,26,26,0,0.3076923076923077,10.126336720045753,12.635619306911462,0.389474489232529,3298.092710535547,126.84971963598258,1.5589741274256208,1.777213240277196,8.061179642854011,1
actual,15m,ENAUSDT,150,full,72,72,0,0.3194444444444444,13.835477188974576,19.32474799368682,0.19215940540242465,1360.0220440983835,18.88919505692199,1.2795482962816864,1.0817798544411843,16.084584128381735,2
actual,15m,ENAUSDT,200,earlier,42,42,0,0.38095238095238093,3.5939501701848577,6.305592740637687,0.08557024214725852,-1295.4979210243982,-30.84518859581901,1.1351532849894346,0.8783885260065273,17.55066761497906,1
actual,15m,ENAUSDT,200,later,24,24,0,0.3333333333333333,12.288847278375936,14.635619306911462,0.512035303265664,3946.997129332645,164.45821372219356,1.7702954565569418,2.098041082488783,6.944362888927312,1
actual,15m,ENAUSDT,200,full,66,66,0,0.36363636363636365,15.88279744856079,20.941212047549154,0.240648446190315,2651.4992083082466,40.17423042891283,1.3733168999699117,1.186104844047636,17.55066761497906,2
actual,15m,ETHUSDT,0,earlier,60,60,0,0.21666666666666667,-29.307784463064372,-19.213518849193182,-0.4884630743844062,-3639.2877348325546,-60.654795580542576,0.40468277942169995,0.4641749306869426,36.01743739892369,0
actual,15m,ETHUSDT,0,later,36,36,0,0.4444444444444444,24.099544911580832,30.592037780346704,0.6694318030994676,3283.6709879003993,91.21308299723331,2.114765370898809,2.1330451518342017,5.7392763526260335,0
actual,15m,ETHUSDT,0,full,96,96,0,0.3020833333333333,-5.208239551483542,11.378518931153527,-0.054252495327953565,-355.61674693215474,-3.704341113876612,0.9264881966721397,0.9633007446724301,36.01743739892369,0
actual,15m,ETHUSDT,20,earlier,58,58,0,0.22413793103448276,-26.59479961167414,-17.213518849193157,-0.45853102778748517,-3483.4686987419345,-60.05980515072301,0.4282845873076956,0.47507397423320324,33.48997699695489,0
actual,15m,ETHUSDT,20,later,36,36,0,0.4444444444444444,24.099544911580832,30.592037780346704,0.6694318030994676,3283.6709879003993,91.21308299723331,2.114765370898809,2.1330451518342017,5.7392763526260335,0
actual,15m,ETHUSDT,20,full,94,94,0,0.30851063829787234,-2.4952547000933154,13.378518931153545,-0.026545262766950163,-199.797710841535,-2.1255075621439894,0.9633783425816795,0.9790441190681637,33.48997699695489,0
actual,15m,ETHUSDT,30,earlier,60,60,0,0.21666666666666667,-29.307784463064372,-19.213518849193182,-0.4884630743844062,-3639.2877348325546,-60.654795580542576,0.40468277942169995,0.4641749306869426,36.01743739892369,0
actual,15m,ETHUSDT,30,later,36,36,0,0.4444444444444444,24.099544911580832,30.592037780346704,0.6694318030994676,3283.6709879003993,91.21308299723331,2.114765370898809,2.1330451518342017,5.7392763526260335,0
actual,15m,ETHUSDT,30,full,96,96,0,0.3020833333333333,-5.208239551483542,11.378518931153527,-0.054252495327953565,-355.61674693215474,-3.704341113876612,0.9264881966721397,0.9633007446724301,36.01743739892369,0
actual,15m,ETHUSDT,50,earlier,58,58,0,0.22413793103448276,-27.33756032606146,-17.764861289136633,-0.47133724700105967,-3463.7185986269837,-59.71928618322386,0.42155350642239603,0.4764920883771607,34.2327377113422,0
actual,15m,ETHUSDT,50,later,35,35,0,0.42857142857142855,18.73734343524562,25.057951805531253,0.5353526695784463,2659.7402060385857,75.99257731538816,1.8667276365958483,1.9177550846887492,5.7392763526260335,0
actual,15m,ETHUSDT,50,full,93,93,0,0.3010752688172043,-8.600216890815837,7.293090516394626,-0.09247545043887996,-803.9783925883979,-8.644928952563419,0.8751398565089722,0.9154992886894956,34.2327377113422,0
actual,15m,ETHUSDT,60,earlier,58,58,0,0.22413793103448276,-27.33756032606146,-17.764861289136633,-0.47133724700105967,-3463.7185986269837,-59.71928618322386,0.42155350642239603,0.4764920883771607,34.2327377113422,0
actual,15m,ETHUSDT,60,later,34,34,0,0.4117647058823529,23.267180202812582,29.335900590043273,0.6843288294944877,3068.4319363744735,90.24799812866097,2.082162431770968,2.0352535559999994,7.543391816375987,0
actual,15m,ETHUSDT,60,full,92,92,0,0.29347826086956524,-4.070380123248887,11.571039300906644,-0.04424326220922703,-395.2866622525104,-4.2965941549185915,0.9408038951334456,0.9587396615056833,34.2327377113422,0
actual,15m,ETHUSDT,90,earlier,51,51,0,0.21568627450980393,-24.738192756932875,-16.476974863312357,-0.4850626030771152,-3454.1194926537546,-67.7278331892893,0.4144478059669653,0.43188668472602537,30.844340625458212,0
actual,15m,ETHUSDT,90,later,25,25,0,0.44,17.74387651077074,21.631460461929834,0.7097550604308296,2497.357277929219,99.89429111716875,2.1227733403144398,2.075387263653863,5.739276352626035,0
actual,15m,ETHUSDT,90,full,76,76,0,0.2894736842105263,-6.994316246162137,5.1544855986174785,-0.09203047692318601,-956.7622147245348,-12.588976509533355,0.879514792526028,0.8861305054729339,30.844340625458212,0
actual,15m,ETHUSDT,120,earlier,44,44,0,0.22727272727272727,-21.102634763135068,-13.989820853992086,-0.479605335525797,-2923.044198891728,-66.43282270208472,0.4309135136714417,0.45104137040906656,27.34378742150888,0
actual,15m,ETHUSDT,120,later,21,21,0,0.42857142857142855,15.882638205135988,19.398912075221276,0.7563161050064756,2071.538161516653,98.64467435793586,2.1181649361979042,2.0469650286981564,6.3615433838073585,0
actual,15m,ETHUSDT,120,full,65,65,0,0.2923076923076923,-5.2199965579990835,5.409091221229188,-0.08030763935383205,-851.5060373750757,-13.100092882693472,0.8982174977217843,0.88340836557108,27.34378742150888,0
actual,15m,ETHUSDT,150,earlier,38,38,0,0.23684210526315788,-18.218386846189713,-12.078103226305576,-0.47943123279446614,-2387.7198513548524,-62.83473293039085,0.4189452474362734,0.4696201327295142,24.459539504563526,0
actual,15m,ETHUSDT,150,later,22,22,0,0.4090909090909091,15.518607260659666,18.95281210891834,0.7053912391208939,2065.7649523472987,93.89840692487722,2.065080521852286,1.9613220931613307,4.346439699239573,0
actual,15m,ETHUSDT,150,full,60,60,0,0.3,-2.699779585530047,6.874708882612763,-0.044996326425500784,-321.95489900755337,-5.3659149834592235,0.9412124645404166,0.9515914383291227,24.459539504563526,0
actual,15m,ETHUSDT,200,earlier,37,37,0,0.21621621621621623,-18.602745515141734,-12.439682526792742,-0.5027769058146415,-2373.471639925161,-64.14788216013949,0.40456293927747533,0.45767989529510844,25.950595589598624,0
actual,15m,ETHUSDT,200,later,22,22,0,0.4090909090909091,16.57569713319301,20.249155110179405,0.7534407787815005,2148.7792081328676,97.67178218785762,2.2266236264991512,2.040135426250757,4.346439699239573,0
actual,15m,ETHUSDT,200,full,59,59,0,0.288135593220339,-2.0270483819487315,7.809472583386665,-0.03435675223641918,-224.69243179229315,-3.8083463015642907,0.9547083354144057,0.9651227550760634,25.950595589598624,0
actual,15m,FILUSDT,0,earlier,76,76,0,0.35526315789473684,27.16498785330846,35.97732697844016,0.3574340507014271,3310.453548746038,43.55859932560577,1.536422314939232,1.3155262812865371,10.006046507719967,2
actual,15m,FILUSDT,0,later,46,46,0,0.2826086956521739,-2.2782196122389657,3.220222648297789,-0.04952651330954273,3309.8006903204914,71.95218892001068,0.9336944870486018,1.5346249797023053,19.786672450369036,0
actual,15m,FILUSDT,0,full,122,122,0,0.32786885245901637,24.886768241069504,39.19754962673795,0.2039899036153238,6620.254239066532,54.26437900874207,1.2927838654280106,1.3968327811480716,19.786672450369025,2
actual,15m,FILUSDT,20,earlier,75,75,0,0.36,28.24732989206163,36.97732697844016,0.3766310652274884,3573.3428468839556,47.64457129178608,1.5699771556097775,1.3493359598646488,10.006046507719967,2
actual,15m,FILUSDT,20,later,46,46,0,0.2826086956521739,-2.2782196122389657,3.220222648297789,-0.04952651330954273,3309.8006903204914,71.95218892001068,0.9336944870486018,1.5346249797023053,19.786672450369036,0
actual,15m,FILUSDT,20,full,121,121,0,0.3305785123966942,25.969110279822665,40.19754962673795,0.2146207461142369,6883.143537204449,56.885483778549165,1.3094576669129947,1.4191967243012389,19.786672450369025,2
actual,15m,FILUSDT,30,earlier,76,76,0,0.35526315789473684,27.16498785330846,35.97732697844016,0.3574340507014271,3310.453548746038,43.55859932560577,1.536422314939232,1.3155262812865371,10.006046507719967,2
actual,15m,FILUSDT,30,later,46,46,0,0.2826086956521739,-2.2782196122389657,3.220222648297789,-0.04952651330954273,3309.8006903204914,71.95218892001068,0.9336944870486018,1.5346249797023053,19.786672450369036,0
actual,15m,FILUSDT,30,full,122,122,0,0.32786885245901637,24.886768241069504,39.19754962673795,0.2039899036153238,6620.254239066532,54.26437900874207,1.2927838654280106,1.3968327811480716,19.786672450369025,2
actual,15m,FILUSDT,50,earlier,72,72,0,0.375,34.9542409510894,43.22722741229485,0.4854755687651306,4295.468849953324,59.65928958268506,1.7456673430774374,1.4356082268619275,8.598217453029006,2
actual,15m,FILUSDT,50,later,46,46,0,0.2608695652173913,-4.859243847543284,0.569915899831571,-0.10563573581615834,2971.904718478491,64.6066243147498,0.858935719918232,1.4784995507955376,19.786672450369036,0
actual,15m,FILUSDT,50,full,118,118,0,0.3305084745762712,30.09499710354613,43.79714331212642,0.2550423483351367,7267.373568431815,61.58791159687979,1.3700653231358635,1.452183473507191,19.786672450369025,2
actual,15m,FILUSDT,60,earlier,70,70,0,0.38571428571428573,37.86800742132096,45.68121800509756,0.5409715345902995,4629.215273235744,66.13164676051063,1.8519386263397843,1.480562184871397,8.598217453029008,2
actual,15m,FILUSDT,60,later,45,45,0,0.26666666666666666,-3.763196649903164,1.569915899831571,-0.08362659222007031,3200.135676709448,71.11412614909884,0.8871638061068112,1.5349025252120685,18.690625252728918,0
actual,15m,FILUSDT,60,full,115,115,0,0.3391304347826087,34.104810771417796,47.25113390492914,0.29656357192537214,7829.350949945193,68.08131260821906,1.4383640998898661,1.5013811100493937,18.690625252728914,2
actual,15m,FILUSDT,90,earlier,64,64,0,0.359375,32.67210465243974,39.20534790883832,0.510501635194371,3988.239273679627,62.31623865124417,1.797270138557861,1.4157175154922026,8.568555984595372,2
actual,15m,FILUSDT,90,later,40,40,0,0.275,-7.981064374131633,-3.205297864256091,-0.19952660935329083,-238.86125089821422,-5.971531272455355,0.7323460278178503,0.9545794086185527,18.51410886034691,0
actual,15m,FILUSDT,90,full,104,104,0,0.3269230769230769,24.69104027830811,36.00005004458223,0.2374138488298857,3749.3780227814127,36.05171175751358,1.348750604727175,1.2524408015700026,18.514108860346912,2
actual,15m,FILUSDT,120,earlier,57,57,0,0.3333333333333333,25.449070779590308,31.28082966132852,0.4464749259577247,3279.918010076931,57.542421229419844,1.6408597463709966,1.361401736419644,7.518665151351518,2
actual,15m,FILUSDT,120,later,35,35,0,0.2857142857142857,-4.46700825088961,-0.29178435074257836,-0.12762880716827457,338.6083026878449,9.674522933938427,0.8235808479850858,1.0754280361257726,16.26087114115053,0
actual,15m,FILUSDT,120,full,92,92,0,0.31521739130434784,20.9820625287007,30.989045310585947,0.22806589705109453,3618.5263127647754,39.331807747443214,1.3226458221820632,1.2667604550214937,16.26087114115053,2
actual,15m,FILUSDT,150,earlier,53,53,0,0.3584905660377358,28.50914190418542,34.23585392179917,0.5379083378148193,4435.903377253195,83.69629013685274,1.817298255230553,1.5911269667537398,5.975739303048837,2
actual,15m,FILUSDT,150,later,34,34,0,0.29411764705882354,-4.254081114366903,-0.291784350742583,-0.12512003277549713,326.97155910363193,9.616810561871528,0.8305653232602208,1.0726475310016212,16.12054327229807,0
actual,15m,FILUSDT,150,full,87,87,0,0.3333333333333333,24.255060789818508,33.94406957105658,0.2787938021818219,4762.874936356828,54.745688923641694,1.4043205818817075,1.3967429070017265,16.12054327229807,2
actual,15m,FILUSDT,200,earlier,47,47,0,0.3404255319148936,30.518017674793064,35.76740855506863,0.6493195249955971,4223.84170873542,89.86897252628552,1.9375670170576347,1.6109523520924216,6.510536161495693,2
actual,15m,FILUSDT,200,later,30,30,0,0.3333333333333333,0.25426390031009305,3.7082156492573977,0.008475463343669769,1128.2940682520152,37.609802275067175,1.0123434142232302,1.304987921572363,13.871391534931993,0
actual,15m,FILUSDT,200,full,77,77,0,0.33766233766233766,30.772281575103158,39.475624204326024,0.39964002045588515,5352.135776987435,69.50825684399265,1.578977242947673,1.5042995918063116,14.695176006450083,2
actual,15m,HYPEUSDT,0,earlier,20,20,0,0.15,-9.194277227953307,-7.186526938295594,-0.45971386139766535,-2831.659434990389,-141.58297174951946,0.4354971474087426,0.2562546528996401,14.153991640224207,0
actual,15m,HYPEUSDT,0,later,49,49,0,0.32653061224489793,-6.39870886862402,-1.1773040279134412,-0.1305858952780412,-200.72150281792003,-4.0963572003657145,0.8092010730980288,0.9721037182187513,14.37846099805796,0
actual,15m,HYPEUSDT,0,full,69,69,0,0.2753623188405797,-15.592986096577322,-8.363830966209031,-0.22598530574749742,-3032.3809378083083,-43.94754982330881,0.6870373164842466,0.7243935230452897,16.47617727304791,0
actual,15m,HYPEUSDT,20,earlier,20,20,0,0.15,-9.194277227953307,-7.186526938295594,-0.45971386139766535,-2831.659434990389,-141.58297174951946,0.4354971474087426,0.2562546528996401,14.153991640224207,0
actual,15m,HYPEUSDT,20,later,48,48,0,0.3333333333333333,-5.246091847347417,-0.17730402791343436,-0.10929358015307118,-49.67452108084989,-1.0348858558510394,0.83800249419455,0.9929481981933111,13.225843976781356,0
actual,15m,HYPEUSDT,20,full,68,68,0,0.27941176470588236,-14.440369075300724,-7.3638309662090276,-0.2123583687544224,-2881.3339560712375,-42.3725581775182,0.7033075418526321,0.7344766610966681,15.323560251771307,0
actual,15m,HYPEUSDT,30,earlier,19,19,0,0.15789473684210525,-8.134740853107438,-6.186526938295594,-0.42814425542670725,-2475.730348750642,-130.30159730266536,0.4657985364201162,0.28268141657989454,13.094455265378338,0
actual,15m,HYPEUSDT,30,later,49,49,0,0.32653061224489793,-6.39870886862402,-1.1773040279134412,-0.1305858952780412,-200.72150281792003,-4.0963572003657145,0.8092010730980288,0.9721037182187513,14.37846099805796,0
actual,15m,HYPEUSDT,30,full,68,68,0,0.27941176470588236,-14.533449721731454,-7.363830966209031,-0.21372720179016844,-2676.451851568561,-39.35958605247884,0.7019650764248782,0.748610795453643,15.416640898202038,0
actual,15m,HYPEUSDT,50,earlier,20,20,0,0.15,-9.194277227953307,-7.186526938295594,-0.45971386139766535,-2831.659434990389,-141.58297174951946,0.4354971474087426,0.2562546528996401,14.153991640224207,0
actual,15m,HYPEUSDT,50,later,48,48,0,0.3125,-6.896354499691968,-1.793808882282362,-0.143674052076916,-284.4584846435261,-5.926218430073461,0.794362102559643,0.9604659494310326,14.87610662912591,0
actual,15m,HYPEUSDT,50,full,68,68,0,0.2647058823529412,-16.09063172764527,-8.980335820577954,-0.23662693717125396,-3116.117919633914,-45.825263524028145,0.6770492031636618,0.7167828517526335,16.97382290411586,0
actual,15m,HYPEUSDT,60,earlier,18,18,0,0.1111111111111111,-9.62162068178623,-7.832830973165826,-0.5345344823214572,-2756.7382638210147,-153.15212576783415,0.3922498850972945,0.24002543923315703,13.698143917586545,0
actual,15m,HYPEUSDT,60,later,46,46,0,0.34782608695652173,-3.6705075957658746,1.0951569095865477,-0.07979364338621467,296.06308177510726,6.436153951632766,0.8808593844505084,1.0441984582265946,11.881360491774014,0
actual,15m,HYPEUSDT,60,full,64,64,0,0.28125,-13.292128277552102,-6.737674063579281,-0.2076895043367516,-2460.6751820459076,-38.448049719467306,0.7150042252940615,0.7616987673926429,13.698143917586545,0
actual,15m,HYPEUSDT,90,earlier,16,16,0,0.125,-8.528143771756163,-6.918840147477756,-0.5330089857347602,-2483.869475285134,-155.24184220532086,0.4213524998178813,0.25954986116289475,12.604667007556483,0
actual,15m,HYPEUSDT,90,later,42,42,0,0.35714285714285715,1.232839132812376,5.507814889570424,0.029353312686008954,1081.199294936601,25.742840355633362,1.045567228625766,1.1808208144146095,8.588090770355809,0
actual,15m,HYPEUSDT,90,full,58,58,0,0.29310344827586204,-7.2953046389437874,-1.4110252579073324,-0.12578111446454807,-1402.6701803485337,-24.183968626698856,0.8254438432162695,0.8497236135145801,12.604667007556483,0
actual,15m,HYPEUSDT,120,earlier,15,15,0,0.13333333333333333,-7.393853865093996,-5.918840147477753,-0.49292359100626637,-2234.9187693349772,-148.99458462233181,0.45648509549747157,0.2803559365313906,11.47037710089431,0
actual,15m,HYPEUSDT,120,later,37,37,0,0.3783783783783784,1.2869503981730954,5.263846187205803,0.034782443193867446,504.71376106148836,13.640912461121307,1.055650133565957,1.098422118333775,10.000490978432772,0
actual,15m,HYPEUSDT,120,full,52,52,0,0.3076923076923077,-6.106903466920899,-0.6549939602719498,-0.11744045128694038,-1730.2050082734893,-33.27317323602864,0.8337330613979171,0.7898615034318179,11.47037710089431,0
actual,15m,HYPEUSDT,150,earlier,13,13,0,0.15384615384615385,-5.215426328044793,-3.9188401474777566,-0.40118664061883025,-1721.5490169072148,-132.42684745440113,0.5435213805974112,0.3358783432660367,9.291949563845108,0
actual,15m,HYPEUSDT,150,later,36,36,0,0.3055555555555556,-7.175422298524247,-3.364836545946546,-0.19931728607011798,-1097.1633128108406,-30.476758689190014,0.7137639238647323,0.8037031074985599,14.22383555295501,0
actual,15m,HYPEUSDT,150,full,49,49,0,0.2653061224489796,-12.39084862656904,-7.283676693424304,-0.25287446176671513,-2818.712329718056,-57.52474142281747,0.660464631703767,0.6554783666186413,14.223835552955007,0
actual,15m,HYPEUSDT,200,earlier,10,10,0,0.1,-5.470149064810703,-4.506314527159996,-0.5470149064810703,-1739.050899691107,-173.9050899691107,0.4270098634829442,0.22185095739930707,9.546672300611018,0
actual,15m,HYPEUSDT,200,later,36,36,0,0.3055555555555556,-5.636219876455775,-1.7776847574730832,-0.15656166323488263,-564.9747666473799,-15.693743517982773,0.7759319846455415,0.8974572186554154,12.684633130886537,0
actual,15m,HYPEUSDT,200,full,46,46,0,0.2608695652173913,-11.106368941266476,-6.283999284633079,-0.24144280307101035,-2304.025666338487,-50.08751448561929,0.6799384677722766,0.702495430260126,12.684633130886537,0
actual,15m,JUPUSDT,0,earlier,51,51,0,0.45098039215686275,15.751247463547681,20.447961989310578,0.3088479894813271,3777.7248947382036,74.07303715172948,1.545873254268992,1.5150778402354244,6.484169481084546,0
actual,15m,JUPUSDT,0,later,32,32,0,0.28125,0.9196782653060964,4.488314460693951,0.028739945790815513,990.635838532989,30.957369954155908,1.0385810577362686,1.206237026926153,11.153243293529455,0
actual,15m,JUPUSDT,0,full,83,83,0,0.3855421686746988,16.670925728853778,24.93627645000453,0.20085452685365998,4768.360733271192,57.45012931652038,1.3163801974420652,1.3928565253055074,11.153243293529458,0
actual,15m,JUPUSDT,20,earlier,51,51,0,0.45098039215686275,15.751247463547681,20.447961989310578,0.3088479894813271,3777.7248947382036,74.07303715172948,1.545873254268992,1.5150778402354244,6.484169481084546,0
actual,15m,JUPUSDT,20,later,32,32,0,0.28125,0.9196782653060964,4.488314460693951,0.028739945790815513,990.635838532989,30.957369954155908,1.0385810577362686,1.206237026926153,11.153243293529455,0
actual,15m,JUPUSDT,20,full,83,83,0,0.3855421686746988,16.670925728853778,24.93627645000453,0.20085452685365998,4768.360733271192,57.45012931652038,1.3163801974420652,1.3928565253055074,11.153243293529458,0
actual,15m,JUPUSDT,30,earlier,51,51,0,0.45098039215686275,15.751247463547681,20.447961989310578,0.3088479894813271,3777.7248947382036,74.07303715172948,1.545873254268992,1.5150778402354244,6.484169481084546,0
actual,15m,JUPUSDT,30,later,32,32,0,0.28125,0.9196782653060964,4.488314460693951,0.028739945790815513,990.635838532989,30.957369954155908,1.0385810577362686,1.206237026926153,11.153243293529455,0
actual,15m,JUPUSDT,30,full,83,83,0,0.3855421686746988,16.670925728853778,24.93627645000453,0.20085452685365998,4768.360733271192,57.45012931652038,1.3163801974420652,1.3928565253055074,11.153243293529458,0
actual,15m,JUPUSDT,50,earlier,47,47,0,0.425531914893617,12.404256288981315,16.809217784279845,0.26392034657407054,3094.487100198483,65.84015106805283,1.44579338676368,1.4451155774687916,6.484169481084547,0
actual,15m,JUPUSDT,50,later,32,32,0,0.28125,0.9196782653060964,4.488314460693951,0.028739945790815513,990.635838532989,30.957369954155908,1.0385810577362686,1.206237026926153,11.153243293529455,0
actual,15m,JUPUSDT,50,full,79,79,0,0.3670886075949367,13.323934554287414,21.2975322449738,0.16865739942135966,4085.1229387314725,51.71041694596801,1.257902485857514,1.3475078783337777,11.153243293529455,0
actual,15m,JUPUSDT,60,earlier,46,46,0,0.41304347826086957,10.266284452368913,14.550394254868083,0.22318009679062853,2625.1014327365706,57.067422450795014,1.3691809515946198,1.3746347984541472,8.025398471992577,0
actual,15m,JUPUSDT,60,later,30,30,0,0.26666666666666666,-0.6560162801484488,2.6483144606939533,-0.021867209338281627,750.4406463766549,25.01468821255516,0.9711069865720818,1.161994975322711,11.211412851591875,0
actual,15m,JUPUSDT,60,full,76,76,0,0.35526315789473684,9.610268172220461,17.19870871556204,0.1264508970029008,3375.542079113226,44.41502735675297,1.190252284628856,1.2900052926381054,11.211412851591874,0
actual,15m,JUPUSDT,90,earlier,44,44,0,0.4090909090909091,5.593684456752786,9.702591364190042,0.12712919219892696,1141.0716915372705,25.933447534937965,1.2047318178223436,1.1647150000192084,8.048797864783499,0
actual,15m,JUPUSDT,90,later,25,25,0,0.28,0.7218455917101834,3.471297792716884,0.028873823668407336,1050.5616869207456,42.022467476829824,1.037897415433526,1.2746049539796964,9.586809207581346,0
actual,15m,JUPUSDT,90,full,69,69,0,0.36231884057971014,6.31553004846297,13.173889156906926,0.09152942099221696,2191.633378458015,31.762802586348045,1.1362004854047654,1.2038108407127182,9.586809207581343,0
actual,15m,JUPUSDT,120,earlier,41,41,0,0.43902439024390244,8.94063395262773,12.702591364190036,0.2180642427470178,1808.1440467130392,44.101074310074125,1.3729139506735701,1.2888187827294566,6.957601786352126,0
actual,15m,JUPUSDT,120,later,25,25,0,0.28,0.7382157495294115,3.4712977927168875,0.02952862998117646,1001.7446758395836,40.069787033583346,1.0387901986009913,1.258545640911924,9.570439049762118,0
actual,15m,JUPUSDT,120,full,66,66,0,0.3787878787878788,9.678849702157141,16.173889156906927,0.14664923791147183,2809.888722552623,42.57407155382763,1.2250578861341688,1.277245598740821,9.570439049762117,0
actual,15m,JUPUSDT,150,earlier,37,37,0,0.40540540540540543,2.8507060383363374,6.339530035090543,0.07704610914422534,-335.98602401413694,-9.08070335173343,1.1244554309575618,0.9434792500367305,10.1492543315975,0
actual,15m,JUPUSDT,150,later,24,24,0,0.25,-3.719844438081967,-1.0818936966448316,-0.15499351825341529,-500.96642286583017,-20.873600952742922,0.8042058213427306,0.8731520431391803,14.028499237373495,0
actual,15m,JUPUSDT,150,full,61,61,0,0.3442622950819672,-0.8691383997456292,5.257636338445712,-0.014248170487633266,-836.9524468799673,-13.720531916065037,0.9792589122058348,0.915406522904029,14.028499237373495,0
actual,15m,JUPUSDT,200,earlier,34,34,0,0.4117647058823529,5.45638758001813,8.739728100359038,0.16048198764759206,459.24224647626767,13.507124896360812,1.2642999634602101,1.088169718183416,8.07604781134544,0
actual,15m,JUPUSDT,200,later,22,22,0,0.22727272727272727,-2.9646674194484204,-0.5166763053404774,-0.1347576099749282,-193.23861360333814,-8.783573345606278,0.8347358547241898,0.9462452235058791,13.273322218739949,0
actual,15m,JUPUSDT,200,full,56,56,0,0.3392857142857143,2.491720160569713,8.223051795018563,0.0444950028673163,266.0036328729297,4.750064872730888,1.0645797052416803,1.030215894432897,13.273322218739947,0
actual,15m,MUBARAKUSDT,0,earlier,39,39,0,0.3076923076923077,-9.068720649940806,-6.3947653762972685,-0.2325312987164309,-2336.637830240795,-59.91379051899475,0.6671547541716555,0.7321449532828198,9.552852889861642,0
actual,15m,MUBARAKUSDT,0,later,44,44,0,0.29545454545454547,-9.7440889378064,-5.733246779130728,-0.22145656676832726,-1353.5295152379001,-30.762034437225,0.6777838771424639,0.805158162430192,11.798318164469627,0
actual,15m,MUBARAKUSDT,0,full,83,83,0,0.30120481927710846,-18.8128095877472,-12.128012155428,-0.2266603564788819,-3690.1673454786956,-44.459847535887896,0.6727461787322178,0.7645124322023968,18.812809587747203,0
actual,15m,MUBARAKUSDT,20,earlier,39,39,0,0.3076923076923077,-9.068720649940806,-6.3947653762972685,-0.2325312987164309,-2336.637830240795,-59.91379051899475,0.6671547541716555,0.7321449532828198,9.552852889861642,0
actual,15m,MUBARAKUSDT,20,later,44,44,0,0.29545454545454547,-9.7440889378064,-5.733246779130728,-0.22145656676832726,-1353.5295152379001,-30.762034437225,0.6777838771424639,0.805158162430192,11.798318164469627,0
actual,15m,MUBARAKUSDT,20,full,83,83,0,0.30120481927710846,-18.8128095877472,-12.128012155428,-0.2266603564788819,-3690.1673454786956,-44.459847535887896,0.6727461787322178,0.7645124322023968,18.812809587747203,0
actual,15m,MUBARAKUSDT,30,earlier,39,39,0,0.28205128205128205,-12.490032188402372,-9.83707306860499,-0.3202572356000608,-3349.08421536589,-85.87395424015102,0.5586663573693298,0.6323653496850934,12.490032188402374,0
actual,15m,MUBARAKUSDT,30,later,44,44,0,0.29545454545454547,-9.7440889378064,-5.733246779130728,-0.22145656676832726,-1353.5295152379001,-30.762034437225,0.6777838771424639,0.805158162430192,11.798318164469627,0
actual,15m,MUBARAKUSDT,30,full,83,83,0,0.2891566265060241,-22.234121126208766,-15.570319847735718,-0.267880977424202,-4702.61373060379,-56.65799675426252,0.6201990223544359,0.7071232063732393,22.234121126208773,0
actual,15m,MUBARAKUSDT,50,earlier,38,38,0,0.2631578947368421,-14.330385129578849,-11.719426009781467,-0.37711539814681183,-4225.442758783258,-111.19586207324363,0.49363772853924076,0.536165987130537,14.33038512957885,0
actual,15m,MUBARAKUSDT,50,later,43,43,0,0.3023255813953488,-8.651155604473065,-4.73324677913073,-0.20118966522030382,-1118.321480804616,-26.007476297781768,0.7031981336782064,0.8333749172119428,10.705384831136296,0
actual,15m,MUBARAKUSDT,50,full,81,81,0,0.2839506172839506,-22.981540734051915,-16.452672788912196,-0.28372272511175206,-5343.764239587874,-65.97239801960338,0.5999632409079274,0.6622449663261551,22.981540734051915,0
actual,15m,MUBARAKUSDT,60,earlier,37,37,0,0.2702702702702703,-11.966740257783965,-9.410451650807095,-0.3234254123725396,-3492.555845023804,-94.39340121685957,0.5607900213695468,0.599638978311497,11.966740257783965,0
actual,15m,MUBARAKUSDT,60,later,41,41,0,0.3170731707317073,-6.966055149453461,-3.318152439508089,-0.16990378413301124,-795.5257060433831,-19.403066001058125,0.7463459140442595,0.87548135015918,9.020284376116695,0
actual,15m,MUBARAKUSDT,60,full,78,78,0,0.2948717948717949,-18.93279540723742,-12.728604090315185,-0.2427281462466336,-4288.081551067187,-54.97540450086138,0.6539355552452283,0.7162526693095713,18.93279540723743,0
actual,15m,MUBARAKUSDT,90,earlier,32,32,0,0.21875,-17.23986733562627,-15.032855599894091,-0.5387458542383209,-5255.517561665254,-164.2349238020392,0.3381822660973823,0.3736447754084098,17.239867335626265,0
actual,15m,MUBARAKUSDT,90,later,37,37,0,0.32432432432432434,-7.4162389435261655,-4.134709108959487,-0.20043889036557205,-1139.0940935602493,-30.786326852979712,0.7217681987545167,0.8190814751340594,10.218827768555627,0
actual,15m,MUBARAKUSDT,90,full,69,69,0,0.2753623188405797,-24.65610627915243,-19.167564708853575,-0.35733487361090477,-6394.611655225505,-92.67553123515225,0.5321791324954532,0.5646016083930706,24.65610627915243,0
actual,15m,MUBARAKUSDT,120,earlier,24,24,0,0.25,-9.821155525783642,-8.210892140315966,-0.4092148135743184,-2779.7649837135687,-115.82354098806536,0.4699827113029427,0.5387072917794045,9.82115552578364,0
actual,15m,MUBARAKUSDT,120,later,34,34,0,0.35294117647058826,-5.491566701254098,-2.5703442325741515,-0.16151666768394407,-863.4439104743012,-25.395409131597095,0.7643661126112173,0.8487255014715938,11.572975761688303,0
actual,15m,MUBARAKUSDT,120,full,58,58,0,0.3103448275862069,-15.31272222703774,-10.781236372890117,-0.2640124521903059,-3643.2088941878706,-62.81394645151501,0.6339767606077967,0.6895123409086045,17.1380396191482,0
actual,15m,MUBARAKUSDT,150,earlier,22,22,0,0.18181818181818182,-10.754558199311532,-9.263800185071467,-0.48884355451416056,-3450.394966364165,-156.8361348347348,0.418461818257227,0.43726004006685104,10.754558199311528,0
actual,15m,MUBARAKUSDT,150,later,31,31,0,0.3548387096774194,-2.621583081508656,0.1696876653524615,-0.08456719617769858,403.0814640362089,13.00262787213577,0.8769334059532188,1.0840224933482543,7.94240012308822,0
actual,15m,MUBARAKUSDT,150,full,53,53,0,0.2830188679245283,-13.376141280820189,-9.094112519719005,-0.25238002416641864,-3047.3135023279556,-57.496481175999165,0.6638775976085676,0.7211647514409804,13.727255164158699,0
actual,15m,MUBARAKUSDT,200,earlier,21,21,0,0.19047619047619047,-9.68941316114359,-8.263800185071464,-0.4614006267211233,-3123.3877013067463,-148.73274768127362,0.4440366775597493,0.46189426574975845,10.470327156470091,0
actual,15m,MUBARAKUSDT,200,later,27,27,0,0.37037037037037035,0.7087935360285063,3.1467501884749307,0.02625161244550023,1161.389025100287,43.01440833704767,1.040643729534574,1.2979865731028857,6.760857129548267,0
actual,15m,MUBARAKUSDT,200,full,48,48,0,0.2916666666666667,-8.980619625115084,-5.117049996596535,-0.1870962421898976,-1961.9986762064589,-40.87497242096789,0.7424346008032685,0.7977710151244027,10.470327156470091,0
actual,15m,NEARUSDT,0,earlier,69,69,0,0.3333333333333333,-10.535642640048748,-3.2655318796092345,-0.15269047304418476,-3283.7890382866576,-47.59114548241533,0.7807319693985176,0.6905800765549432,16.265718188090556,0
actual,15m,NEARUSDT,0,later,42,42,0,0.2619047619047619,2.13064695377537,7.174787436193253,0.05072968937560404,186.9981448768613,4.452336782782412,1.067497629792685,1.0310921492908884,9.283424878520586,0
actual,15m,NEARUSDT,0,full,111,111,0,0.3063063063063063,-8.404995686273375,3.9092555565840224,-0.07572068185831869,-3096.790893409796,-27.899017057745912,0.8944300251477947,0.8137497945964359,18.268457348719778,0
actual,15m,NEARUSDT,20,earlier,69,69,0,0.3333333333333333,-10.535642640048748,-3.2655318796092345,-0.15269047304418476,-3283.7890382866576,-47.59114548241533,0.7807319693985176,0.6905800765549432,16.265718188090556,0
actual,15m,NEARUSDT,20,later,41,41,0,0.2682926829268293,3.2699802871087083,8.174787436193256,0.07975561675874898,350.53881473332245,8.54972718861762,1.1074699906796468,1.0599131802011066,8.512975731589078,0
actual,15m,NEARUSDT,20,full,110,110,0,0.3090909090909091,-7.265662352940042,4.909255556584028,-0.06605147593581857,-2933.2502235533348,-26.665911123212133,0.9074155632397028,0.8218331994888091,18.268457348719778,0
actual,15m,NEARUSDT,30,earlier,68,68,0,0.3235294117647059,-10.740128354334466,-3.5655318796092352,-0.1579430640343304,-3326.606866584594,-48.92068921447933,0.7764762081327427,0.6865455027746059,16.470203902376273,0
actual,15m,NEARUSDT,30,later,42,42,0,0.2619047619047619,2.13064695377537,7.174787436193253,0.05072968937560404,186.9981448768613,4.452336782782412,1.067497629792685,1.0310921492908884,9.283424878520586,0
actual,15m,NEARUSDT,30,full,110,110,0,0.3,-8.609481400559094,3.60925555658402,-0.0782680127323554,-3139.6087217077325,-28.541897470070293,0.8918616060170111,0.8111746031838041,18.472943063005495,0
actual,15m,NEARUSDT,50,earlier,62,62,0,0.3387096774193548,-7.028354800156059,-0.45279276687011694,-0.11336056129283965,-2346.7224726529757,-37.85036246214477,0.8382315531903509,0.7539067283251846,12.75843034819787,0
actual,15m,NEARUSDT,50,later,41,41,0,0.2682926829268293,3.2628520819805034,8.174787436193256,0.07958175809708545,358.27820694047466,8.7384928522067,1.1072106011146154,1.0613170869795747,9.283424878520586,0
actual,15m,NEARUSDT,50,full,103,103,0,0.3106796116504854,-3.7655027181755574,7.721994669323141,-0.03655827881723842,-1988.4442657125012,-19.30528413313108,0.9490329020345248,0.8707034834240844,13.62896438062196,0
actual,15m,NEARUSDT,60,earlier,62,62,0,0.3225806451612903,-12.266547585917182,-5.858198172275563,-0.19784754170834165,-2950.9383691929615,-47.59578014827357,0.7244567567970247,0.6985686350584794,14.162690298759935,0
actual,15m,NEARUSDT,60,later,40,40,0,0.275,4.3448520819805,9.174787436193256,0.10862130204951251,622.1806459648627,15.554516149121566,1.1480255405071067,1.1115191392611692,9.283424878520586,0
actual,15m,NEARUSDT,60,full,102,102,0,0.30392156862745096,-7.9216955039366805,3.316589263917691,-0.07766368141114392,-2328.7577232280983,-22.83095807086371,0.8927612762170748,0.8484758676954187,14.162690298759935,0
actual,15m,NEARUSDT,90,earlier,54,54,0,0.35185185185185186,-4.512644708958925,1.1916686123142957,-0.08356749461035047,-2295.75007284821,-42.51389023792982,0.879582157842968,0.7307001874175191,11.120938426538029,0
actual,15m,NEARUSDT,90,later,33,33,0,0.2727272727272727,-3.1039121491000725,0.9527131827630795,-0.09405794391212341,-1086.5172813736808,-32.92476610223275,0.8728341547064942,0.7655105367220547,13.905344408212825,0
actual,15m,NEARUSDT,90,full,87,87,0,0.3218390804597701,-7.6165568580589955,2.1443817950773765,-0.08754663055240225,-3382.2673542218904,-38.87663625542403,0.8769205687611313,0.742958131144685,13.905344408212821,0
actual,15m,NEARUSDT,120,earlier,48,48,0,0.3125,-10.809750980330364,-5.720343504352512,-0.22520314542354924,-3333.4320132559747,-69.44650027616613,0.6978971267687253,0.5904466845965411,16.380540958386558,0
actual,15m,NEARUSDT,120,later,28,28,0,0.2857142857142857,-1.0640629211330304,2.345746258062161,-0.03800224718332251,-946.3246941407399,-33.79731050502643,0.9497752318599287,0.7699895072209215,10.68298497616415,0
actual,15m,NEARUSDT,120,full,76,76,0,0.3026315789473684,-11.873813901463397,-3.3745972462903504,-0.15623439344030784,-4279.756707396714,-56.312588255219914,0.7915693951895542,0.6507306684610031,16.908032450948156,0
actual,15m,NEARUSDT,150,earlier,46,46,0,0.30434782608695654,-10.598685515012978,-5.675747295963198,-0.23040620684810822,-3746.0578157958457,-81.43603947382273,0.6940923372879632,0.5312980310140708,17.03072296781668,0
actual,15m,NEARUSDT,150,later,25,25,0,0.32,2.371722335277231,5.345746258062167,0.09486889341108924,-470.077256369406,-18.80309025477624,1.1336163958324394,0.8707876128037937,8.119811346548168,0
actual,15m,NEARUSDT,150,full,71,71,0,0.30985915492957744,-8.226963179735751,-0.33000103790103263,-0.11587272084134861,-4216.135072165252,-59.38218411500355,0.8429876459273365,0.6374910103352202,17.03072296781668,0
actual,15m,NEARUSDT,200,earlier,40,40,0,0.325,-5.941233440963004,-1.6733293901096573,-0.1485308360240751,-2212.0771530949946,-55.30192882737486,0.7906908103628272,0.6498308947235046,12.14747126482419,0
actual,15m,NEARUSDT,200,later,24,24,0,0.2916666666666667,1.4277093842642703,4.3013154636313615,0.05948789101101126,-559.12660071851,-23.29694169660458,1.0776098803963876,0.848162430023237,7.201419499973674,0
actual,15m,NEARUSDT,200,full,64,64,0,0.3125,-4.513524056698731,2.6279860735217095,-0.07052381338591768,-2771.2037538135037,-43.300058653335995,0.9035178778284666,0.722867647136804,12.14747126482419,0
actual,15m,ONEUSDT,0,earlier,79,79,0,0.35443037974683544,12.190586490122298,19.304851999918736,0.15431122139395315,-145.91187315014136,-1.8469857360777386,1.2379956416521385,0.9892180714881187,8.066402969259988,1
actual,15m,ONEUSDT,0,later,29,29,0,0.3103448275862069,-1.5700589702268457,1.326249348670344,-0.05413996449058089,-1635.8745422378902,-56.40946697372035,0.9240189298816357,0.6844172759135536,9.239058320890063,0
actual,15m,ONEUSDT,0,full,108,108,0,0.3425925925925926,10.620527519895457,20.63110134858908,0.09833821777680979,-1781.7864153880314,-16.498022364703992,1.1477418521124403,0.9048021490674036,9.239058320890063,1
actual,15m,ONEUSDT,20,earlier,79,79,0,0.35443037974683544,12.190586490122298,19.304851999918736,0.15431122139395315,-145.91187315014136,-1.8469857360777386,1.2379956416521385,0.9892180714881187,8.066402969259988,1
actual,15m,ONEUSDT,20,later,29,29,0,0.3103448275862069,-1.5700589702268457,1.326249348670344,-0.05413996449058089,-1635.8745422378902,-56.40946697372035,0.9240189298816357,0.6844172759135536,9.239058320890063,0
actual,15m,ONEUSDT,20,full,108,108,0,0.3425925925925926,10.620527519895457,20.63110134858908,0.09833821777680979,-1781.7864153880314,-16.498022364703992,1.1477418521124403,0.9048021490674036,9.239058320890063,1
actual,15m,ONEUSDT,30,earlier,77,77,0,0.35064935064935066,11.043782650447554,17.8986609844412,0.14342574870711108,-434.9744991555331,-5.649019469552379,1.2205781032028147,0.9674992082097138,8.066402969259988,1
actual,15m,ONEUSDT,30,later,29,29,0,0.3103448275862069,-1.5700589702268457,1.326249348670344,-0.05413996449058089,-1635.8745422378902,-56.40946697372035,0.9240189298816357,0.6844172759135536,9.239058320890063,0
actual,15m,ONEUSDT,30,full,106,106,0,0.33962264150943394,9.47372368022071,19.224910333111545,0.08937475170019538,-2070.849041393423,-19.536311711258705,1.1339396891017615,0.8884671556648278,9.239058320890063,1
actual,15m,ONEUSDT,50,earlier,77,77,0,0.36363636363636365,13.045615884968695,19.847706970274828,0.16942358292167137,540.0767512199072,7.013983782076718,1.266319066891918,1.0410478092912452,8.07231019687594,1
actual,15m,ONEUSDT,50,later,29,29,0,0.3103448275862069,-1.5700589702268457,1.326249348670344,-0.05413996449058089,-1635.8745422378902,-56.40946697372035,0.9240189298816357,0.6844172759135536,9.239058320890063,0
actual,15m,ONEUSDT,50,full,106,106,0,0.3490566037735849,11.475556914741855,21.173956318945173,0.10825997089379108,-1095.7977910179825,-10.337715009603608,1.1647633358764953,0.9402539498379703,9.239058320890063,1
actual,15m,ONEUSDT,60,earlier,77,77,0,0.3246753246753247,5.244191491616307,11.9820886980719,0.06810638300800398,-1343.4184747726301,-17.446993178865327,1.1013789829732386,0.9040602276491323,8.07231019687594,1
actual,15m,ONEUSDT,60,later,29,29,0,0.3103448275862069,-1.5700589702268457,1.326249348670344,-0.05413996449058089,-1635.8745422378902,-56.40946697372035,0.9240189298816357,0.6844172759135536,9.239058320890063,0
actual,15m,ONEUSDT,60,full,106,106,0,0.32075471698113206,3.674132521389465,13.308338046742245,0.03466162756027797,-2979.2930170105196,-28.10653789632566,1.0507530115731165,0.8447184209091033,10.154122654698192,1
actual,15m,ONEUSDT,90,earlier,62,62,0,0.3387096774193548,-0.6943376846639968,4.91237027411431,-0.011198994913935433,-1686.5225453068645,-27.201976537207493,0.9825959832129688,0.8373809250418017,9.756886619787176,0
actual,15m,ONEUSDT,90,later,25,25,0,0.36,2.448916305090303,4.98462535452257,0.09795665220361212,-666.2527933346139,-26.650111733384556,1.1471276365726673,0.8418969517362879,6.260584354921297,0
actual,15m,ONEUSDT,90,full,87,87,0,0.3448275862068966,1.754578620426306,9.896995628636878,0.020167570349727656,-2352.7753386414784,-27.043394697028486,1.0310324656389038,0.8386857360483994,13.450706170049353,0
actual,15m,ONEUSDT,120,earlier,53,53,0,0.3584905660377358,2.7099041875833665,7.76690999555598,0.051130267690252196,389.23570683026406,7.344069940193661,1.0814291592256142,1.0505254416241847,8.47508480891537,0
actual,15m,ONEUSDT,120,later,26,26,0,0.34615384615384615,-0.31595705951781006,2.3848933466483655,-0.012152194596838849,-907.2863485267686,-34.8956287894911,0.9822817257163161,0.7768595719688962,6.4075112532223555,0
actual,15m,ONEUSDT,120,full,79,79,0,0.35443037974683544,2.3939471280655598,10.151803342204344,0.030303128203361517,-518.0506416965054,-6.557603059449436,1.0468376888741662,0.9559845478277834,12.168904359177544,0
actual,15m,ONEUSDT,150,earlier,51,51,0,0.3333333333333333,3.1763896543190837,8.067392139612249,0.06228215008468792,-52.866135756925104,-1.0365908971946098,1.0969129773470199,0.9932136539198587,8.081720231088376,0
actual,15m,ONEUSDT,150,later,23,23,0,0.34782608695652173,-0.6525922851172432,1.7323439908397429,-0.028373577613793183,-199.9414101368612,-8.693104788559184,0.9584070406942335,0.9422777963867635,8.80526371056612,0
actual,15m,ONEUSDT,150,full,74,74,0,0.33783783783783783,2.5237973692018425,9.799736130451992,0.03410536985407895,-252.8075458937861,-3.416318187753866,1.052073930146445,0.9775360651437761,11.775539781350552,0
actual,15m,ONEUSDT,200,earlier,51,51,0,0.3137254901960784,4.921440747226938,9.816217719971304,0.09649883818092035,-329.86621256830125,-6.467964952319632,1.1454270508598254,0.9601848805171892,6.847032376138584,1
actual,15m,ONEUSDT,200,later,20,20,0,0.35,-0.591768416675887,1.387306853770194,-0.02958842083379435,-587.9863012716861,-29.399315063584307,0.9556768476752763,0.8146970578931035,7.676735182037589,0
actual,15m,ONEUSDT,200,full,71,71,0,0.323943661971831,4.32967233055105,11.203524573741499,0.06098130043029648,-917.852513839987,-12.927500194929392,1.091744869973098,0.9198945742168919,8.413584596823096,1
actual,15m,OPUSDT,0,earlier,51,51,0,0.3137254901960784,-15.850476970531286,-10.633200865553412,-0.31079366608884873,-4365.420118151735,-85.59647290493598,0.5609853633255509,0.47396255081617755,17.141023605845273,0
actual,15m,OPUSDT,0,later,40,40,0,0.325,-2.0190285782045763,2.490995133783896,-0.05047571445511441,-78.00508451370564,-1.950127112842641,0.9261281368492081,0.9844071814577683,17.206798516884735,1
actual,15m,OPUSDT,0,full,91,91,0,0.31868131868131866,-17.86950554873586,-8.142205731769517,-0.1963681928432512,-4443.425202665441,-48.828848380938915,0.7183072758910612,0.6659409299047163,18.124780730459644,1
actual,15m,OPUSDT,20,earlier,51,51,0,0.3137254901960784,-15.850476970531286,-10.633200865553412,-0.31079366608884873,-4365.420118151735,-85.59647290493598,0.5609853633255509,0.47396255081617755,17.141023605845273,0
actual,15m,OPUSDT,20,later,40,40,0,0.325,-2.0190285782045763,2.490995133783896,-0.05047571445511441,-78.00508451370564,-1.950127112842641,0.9261281368492081,0.9844071814577683,17.206798516884735,1
actual,15m,OPUSDT,20,full,91,91,0,0.31868131868131866,-17.86950554873586,-8.142205731769517,-0.1963681928432512,-4443.425202665441,-48.828848380938915,0.7183072758910612,0.6659409299047163,18.124780730459644,1
actual,15m,OPUSDT,30,earlier,51,51,0,0.3137254901960784,-15.850476970531286,-10.633200865553412,-0.31079366608884873,-4365.420118151735,-85.59647290493598,0.5609853633255509,0.47396255081617755,17.141023605845273,0
actual,15m,OPUSDT,30,later,40,40,0,0.325,-2.0190285782045763,2.490995133783896,-0.05047571445511441,-78.00508451370564,-1.950127112842641,0.9261281368492081,0.9844071814577683,17.206798516884735,1
actual,15m,OPUSDT,30,full,91,91,0,0.31868131868131866,-17.86950554873586,-8.142205731769517,-0.1963681928432512,-4443.425202665441,-48.828848380938915,0.7183072758910612,0.6659409299047163,18.124780730459644,1
actual,15m,OPUSDT,50,earlier,47,47,0,0.3191489361702128,-12.645770304318109,-7.879981478992899,-0.26905894264506613,-3829.7963943429563,-81.48502966687143,0.613679860842026,0.5040363678470932,15.784489502613113,0
actual,15m,OPUSDT,50,later,40,40,0,0.325,-2.0190285782045763,2.490995133783896,-0.05047571445511441,-78.00508451370564,-1.950127112842641,0.9261281368492081,0.9844071814577683,17.206798516884735,1
actual,15m,OPUSDT,50,full,87,87,0,0.3218390804597701,-14.664798882522678,-5.388986345209004,-0.16856090669566298,-3907.801478856661,-44.917258377662776,0.7558528498850986,0.6928929680656105,17.206798516884735,1
actual,15m,OPUSDT,60,earlier,49,49,0,0.32653061224489793,-13.608683946027934,-8.633200865553416,-0.27772824379648847,-3963.751023289284,-80.89287802631193,0.5981237674726417,0.4980698926155158,15.618444079995452,0
actual,15m,OPUSDT,60,later,40,40,0,0.325,-2.0190285782045763,2.490995133783896,-0.05047571445511441,-78.00508451370564,-1.950127112842641,0.9261281368492081,0.9844071814577683,17.206798516884735,1
actual,15m,OPUSDT,60,full,89,89,0,0.3258426966292135,-15.627712524232505,-6.142205731769522,-0.17559227555317422,-4041.7561078029903,-45.412989975314495,0.7446217267543042,0.6866769931241572,17.20679851688474,1
actual,15m,OPUSDT,90,earlier,43,43,0,0.27906976744186046,-13.359579831245817,-9.164370246721646,-0.3106879030522283,-3931.906861368638,-91.43969445043344,0.5870838726909022,0.4864247006001176,15.34561410768011,0
actual,15m,OPUSDT,90,later,34,34,0,0.29411764705882354,-13.294011577827526,-9.467037633213923,-0.39100034052433896,-1070.701968725207,-31.491234374270796,0.4538044324195327,0.7548239490737089,16.677664052681823,0
actual,15m,OPUSDT,90,full,77,77,0,0.2857142857142857,-26.653591409073343,-18.63140787993557,-0.3461505377801733,-5002.608830093845,-64.96894584537462,0.5298652111382302,0.5839142654890613,26.653591409073343,0
actual,15m,OPUSDT,120,earlier,34,34,0,0.29411764705882354,-13.451579752907294,-9.95453867475516,-0.3956346986149204,-3096.4399177429746,-91.07176228655807,0.4648479194750178,0.44275464977293444,14.486851206497503,0
actual,15m,OPUSDT,120,later,33,33,0,0.30303030303030304,-12.205261577827526,-8.467037633213923,-0.36985641144931897,-825.3498560491512,-25.010601698459126,0.4750546745437248,0.7997560559928979,15.588914052681822,0
actual,15m,OPUSDT,120,full,67,67,0,0.29850746268656714,-25.65684133073482,-18.42157630796908,-0.3829379303094749,-3921.7897737921267,-58.53417572824069,0.4697524360368978,0.5947899699769807,25.65684133073482,0
actual,15m,OPUSDT,150,earlier,30,30,0,0.36666666666666664,-7.514462733304661,-4.320158485645734,-0.2504820911101554,-1236.155199044322,-41.2051733014774,0.6227845681223185,0.6818076023672054,8.549734186894865,0
actual,15m,OPUSDT,150,later,30,30,0,0.26666666666666666,-13.837773687481793,-10.365436259349634,-0.46125912291605975,-1489.1721138739308,-49.63907046246437,0.3744073073254639,0.6224808261285472,17.269738341466045,0
actual,15m,OPUSDT,150,full,60,60,0,0.31666666666666665,-21.352236420786454,-14.685594744995367,-0.3558706070131076,-2725.327312918253,-45.42212188197089,0.4921012455048257,0.6519180458970131,21.352236420786454,0
actual,15m,OPUSDT,200,earlier,28,28,0,0.39285714285714285,-5.762528505020666,-2.7068032667721598,-0.20580458946502378,-763.4526763003902,-27.26616701072822,0.6838039549729086,0.776380281536789,8.651670707545772,0
actual,15m,OPUSDT,200,later,29,29,0,0.3103448275862069,-10.12497566130243,-6.77900913535052,-0.34913709176904933,-843.9809396126599,-29.102791021126205,0.4908708743790277,0.7607353444219201,15.000502183365628,0
actual,15m,OPUSDT,200,full,57,57,0,0.3508771929824561,-15.887504166323096,-9.48581240212268,-0.2787281432688262,-1607.4336159130498,-28.200589752860523,0.5831298230284098,0.7684301013703335,15.887504166323094,0
actual,15m,PENDLEUSDT,0,earlier,66,66,0,0.2878787878787879,-9.508632325750895,-3.2603254680822977,-0.14407018675380145,-892.5574090022387,-13.523597106094526,0.8035739681828785,0.919885617331712,21.005191481912302,0
actual,15m,PENDLEUSDT,0,later,37,37,0,0.2972972972972973,7.676432335621843,11.77424198150335,0.20747114420599577,-170.55232131261667,-4.609522197638289,1.2937534527630894,0.9708231588998419,8.950304256156338,1
actual,15m,PENDLEUSDT,0,full,103,103,0,0.2912621359223301,-1.8321999901290544,8.51391651342105,-0.017788349418728682,-1063.1097303148558,-10.321453692377242,0.9754200530309266,0.9374144604010124,25.23218798077116,1
actual,15m,PENDLEUSDT,20,earlier,66,66,0,0.2878787878787879,-9.508632325750895,-3.2603254680822977,-0.14407018675380145,-892.5574090022387,-13.523597106094526,0.8035739681828785,0.919885617331712,21.005191481912302,0
actual,15m,PENDLEUSDT,20,later,37,37,0,0.2972972972972973,7.676432335621843,11.77424198150335,0.20747114420599577,-170.55232131261667,-4.609522197638289,1.2937534527630894,0.9708231588998419,8.950304256156338,1
actual,15m,PENDLEUSDT,20,full,103,103,0,0.2912621359223301,-1.8321999901290544,8.51391651342105,-0.017788349418728682,-1063.1097303148558,-10.321453692377242,0.9754200530309266,0.9374144604010124,25.23218798077116,1
actual,15m,PENDLEUSDT,30,earlier,66,66,0,0.2878787878787879,-9.508632325750895,-3.2603254680822977,-0.14407018675380145,-892.5574090022387,-13.523597106094526,0.8035739681828785,0.919885617331712,21.005191481912302,0
actual,15m,PENDLEUSDT,30,later,37,37,0,0.2972972972972973,7.676432335621843,11.77424198150335,0.20747114420599577,-170.55232131261667,-4.609522197638289,1.2937534527630894,0.9708231588998419,8.950304256156338,1
actual,15m,PENDLEUSDT,30,full,103,103,0,0.2912621359223301,-1.8321999901290544,8.51391651342105,-0.017788349418728682,-1063.1097303148558,-10.321453692377242,0.9754200530309266,0.9374144604010124,25.23218798077116,1
actual,15m,PENDLEUSDT,50,earlier,65,65,0,0.27692307692307694,-9.40384304989364,-3.39389947530252,-0.14467450845990215,-1126.2359077928072,-17.326706273735496,0.8052986903934679,0.9009815732174753,19.83921800711124,0
actual,15m,PENDLEUSDT,50,later,36,36,0,0.3055555555555556,8.825744437532673,12.77424198150335,0.24515956770924094,-16.604705921440775,-0.46124183115113265,1.3532711839768456,0.9970825540861569,8.950304256156338,1
actual,15m,PENDLEUSDT,50,full,101,101,0,0.2871287128712871,-0.5780986123609622,9.380342506200831,-0.005723748637237249,-1142.8406137142485,-11.315253601131175,0.9921112863904834,0.9330322017211935,24.0662145059701,1
actual,15m,PENDLEUSDT,60,earlier,60,60,0,0.2833333333333333,-8.39985404306623,-2.934129360360005,-0.13999756738443717,-815.7402460862531,-13.595670768104219,0.8085101568804755,0.9219144419544959,16.61212347928791,0
actual,15m,PENDLEUSDT,60,later,34,34,0,0.29411764705882354,8.462817636331454,12.185970436005038,0.2489064010685722,-584.3985364066322,-17.188192247253888,1.3515127445603348,0.8969056767434613,8.142113288414398,1
actual,15m,PENDLEUSDT,60,full,94,94,0,0.2872340425531915,0.06296359326522394,9.251841075645034,0.0006698254602683398,-1400.1387824928852,-14.895093430775376,1.0009267363301815,0.9131175875777245,18.86282884885394,1
actual,15m,PENDLEUSDT,90,earlier,54,54,0,0.2962962962962963,-6.614237299130123,-1.6716011559736765,-0.12248587590981709,-442.1546033524134,-8.188048210229878,0.8313285673290965,0.9517766532110967,17.566340269168094,0
actual,15m,PENDLEUSDT,90,later,32,32,0,0.28125,5.692443371959142,9.204853634661823,0.17788885537372318,-966.377640201739,-30.199301256304345,1.2476246350750564,0.8216783279168838,8.385689290241075,1
actual,15m,PENDLEUSDT,90,full,86,86,0,0.29069767441860467,-0.9217939271709805,7.533252478688146,-0.010718534036871867,-1408.5322435541536,-16.378281901792484,0.9851806223634758,0.9034470553894006,21.417708791995324,1
actual,15m,PENDLEUSDT,120,earlier,52,52,0,0.28846153846153844,-8.168682779863754,-3.217998592701773,-0.15709005345891836,-626.4964275605445,-12.048008222318163,0.7851866464258965,0.9241363532775737,20.424144418899637,0
actual,15m,PENDLEUSDT,120,later,29,29,0,0.3103448275862069,8.517829680972634,11.884205113156431,0.2937182648611253,106.49218120048293,3.6721441793269975,1.4299011293214368,1.025236618655068,6.629099684524286,1
actual,15m,PENDLEUSDT,120,full,81,81,0,0.2962962962962963,0.34914690110887947,8.666206520454658,0.0043104555692454255,-520.0042463600619,-6.419805510618047,1.006036390113354,0.9583261097042534,24.328618013881233,1
actual,15m,PENDLEUSDT,150,earlier,48,48,0,0.2708333333333333,-7.441824759688693,-2.8756492984134443,-0.15503801582684776,-542.5347047907997,-11.302806349808327,0.792200891068225,0.9307518425993145,20.363320957712638,0
actual,15m,PENDLEUSDT,150,later,28,28,0,0.32142857142857145,11.401587307475863,14.735440400669331,0.4071995466955665,507.54576452899465,18.126634447464095,1.5860039459543196,1.1239256792167878,6.514525879411712,1
actual,15m,PENDLEUSDT,150,full,76,76,0,0.2894736842105263,3.959762547787168,11.859791102255885,0.05210213878667327,-34.98894026180446,-0.4603807929184797,1.0716451491892856,0.9970671983810517,20.363320957712638,1
actual,15m,PENDLEUSDT,200,earlier,44,44,0,0.2727272727272727,0.13595793967210645,4.474099151507189,0.0030899531743660558,-703.209404466433,-15.982031919691659,1.0041455396720769,0.900754679146042,17.379740719210076,1
actual,15m,PENDLEUSDT,200,later,25,25,0,0.36,14.767530232907003,17.73544040066933,0.5907012093162801,1121.4136292069295,44.85654516827718,1.9177760448890253,1.3220881516616982,5.167890952821773,1
actual,15m,PENDLEUSDT,200,full,69,69,0,0.30434782608695654,14.903488172579108,22.20953955217652,0.21599258221129142,418.20422474049656,6.06093079334053,1.3048573661567655,1.0395754451670276,17.379740719210076,2
actual,15m,PIEVERSEUSDT,0,earlier,0,0,0,,0.0,0.0,,0.0,,,,0.0,0
actual,15m,PIEVERSEUSDT,0,later,27,27,0,0.4074074074074074,1.5185174136551831,3.2406534693486537,0.056241385690932705,-3497.553175083518,-129.53900648457474,1.1181692582722988,0.48696944632003103,7.0277824072747395,0
actual,15m,PIEVERSEUSDT,0,full,27,27,0,0.4074074074074074,1.5185174136551831,3.2406534693486537,0.056241385690932705,-3497.553175083518,-129.53900648457474,1.1181692582722988,0.48696944632003103,7.0277824072747395,0
actual,15m,PIEVERSEUSDT,20,earlier,0,0,0,,0.0,0.0,,0.0,,,,0.0,0
actual,15m,PIEVERSEUSDT,20,later,27,27,0,0.4074074074074074,1.5185174136551831,3.2406534693486537,0.056241385690932705,-3497.553175083518,-129.53900648457474,1.1181692582722988,0.48696944632003103,7.0277824072747395,0
actual,15m,PIEVERSEUSDT,20,full,27,27,0,0.4074074074074074,1.5185174136551831,3.2406534693486537,0.056241385690932705,-3497.553175083518,-129.53900648457474,1.1181692582722988,0.48696944632003103,7.0277824072747395,0
actual,15m,PIEVERSEUSDT,30,earlier,0,0,0,,0.0,0.0,,0.0,,,,0.0,0
actual,15m,PIEVERSEUSDT,30,later,27,27,0,0.4074074074074074,1.5185174136551831,3.2406534693486537,0.056241385690932705,-3497.553175083518,-129.53900648457474,1.1181692582722988,0.48696944632003103,7.0277824072747395,0
actual,15m,PIEVERSEUSDT,30,full,27,27,0,0.4074074074074074,1.5185174136551831,3.2406534693486537,0.056241385690932705,-3497.553175083518,-129.53900648457474,1.1181692582722988,0.48696944632003103,7.0277824072747395,0
actual,15m,PIEVERSEUSDT,50,earlier,0,0,0,,0.0,0.0,,0.0,,,,0.0,0
actual,15m,PIEVERSEUSDT,50,later,27,27,0,0.4074074074074074,1.5185174136551831,3.2406534693486537,0.056241385690932705,-3497.553175083518,-129.53900648457474,1.1181692582722988,0.48696944632003103,7.0277824072747395,0
actual,15m,PIEVERSEUSDT,50,full,27,27,0,0.4074074074074074,1.5185174136551831,3.2406534693486537,0.056241385690932705,-3497.553175083518,-129.53900648457474,1.1181692582722988,0.48696944632003103,7.0277824072747395,0
actual,15m,PIEVERSEUSDT,60,earlier,0,0,0,,0.0,0.0,,0.0,,,,0.0,0
actual,15m,PIEVERSEUSDT,60,later,24,24,0,0.4166666666666667,-0.6701233892290053,0.8821653907934968,-0.027921807884541888,-3656.3123127765266,-152.34634636568862,0.9414898493681443,0.4098788469606591,6.777018480678458,0
actual,15m,PIEVERSEUSDT,60,full,24,24,0,0.4166666666666667,-0.6701233892290053,0.8821653907934968,-0.027921807884541888,-3656.3123127765266,-152.34634636568862,0.9414898493681443,0.4098788469606591,6.777018480678458,0
actual,15m,PIEVERSEUSDT,90,earlier,0,0,0,,0.0,0.0,,0.0,,,,0.0,0
actual,15m,PIEVERSEUSDT,90,later,22,22,0,0.4090909090909091,-1.307761795749465,0.14960899981605014,-0.05944371798861204,-3362.6185032799444,-152.84629560363382,0.8811463587496803,0.4019396787894223,6.777018480678458,0
actual,15m,PIEVERSEUSDT,90,full,22,22,0,0.4090909090909091,-1.307761795749465,0.14960899981605014,-0.05944371798861204,-3362.6185032799444,-152.84629560363382,0.8811463587496803,0.4019396787894223,6.777018480678458,0
actual,15m,PIEVERSEUSDT,120,earlier,0,0,0,,0.0,0.0,,0.0,,,,0.0,0
actual,15m,PIEVERSEUSDT,120,later,19,19,0,0.3157894736842105,-2.7788203470981174,-1.344952031662228,-0.14625370247884828,-3090.782698026665,-162.67277358035082,0.7480228349334391,0.37809363191607603,6.65344846941356,0
actual,15m,PIEVERSEUSDT,120,full,19,19,0,0.3157894736842105,-2.7788203470981174,-1.344952031662228,-0.14625370247884828,-3090.782698026665,-162.67277358035082,0.7480228349334391,0.37809363191607603,6.65344846941356,0
actual,15m,PIEVERSEUSDT,150,earlier,0,0,0,,0.0,0.0,,0.0,,,,0.0,0
actual,15m,PIEVERSEUSDT,150,later,17,17,0,0.35294117647058826,0.4897956352336388,1.8021067918671787,0.028811507954919928,-2014.2791826290631,-118.48701074288606,1.0549965732209041,0.513138604109802,4.471340423589735,0
actual,15m,PIEVERSEUSDT,150,full,17,17,0,0.35294117647058826,0.4897956352336388,1.8021067918671787,0.028811507954919928,-2014.2791826290631,-118.48701074288606,1.0549965732209041,0.513138604109802,4.471340423589735,0
actual,15m,PIEVERSEUSDT,200,earlier,0,0,0,,0.0,0.0,,0.0,,,,0.0,0
actual,15m,PIEVERSEUSDT,200,later,15,15,0,0.4,1.757839221269588,2.8552982812288876,0.11718928141797252,-1764.5682219671444,-117.6378814644763,1.2301473352345,0.5460991811534891,3.3715734332984706,0
actual,15m,PIEVERSEUSDT,200,full,15,15,0,0.4,1.757839221269588,2.8552982812288876,0.11718928141797252,-1764.5682219671444,-117.6378814644763,1.2301473352345,0.5460991811534891,3.3715734332984706,0
actual,15m,PUMPUSDT,0,earlier,13,13,0,0.46153846153846156,0.8854634848374097,1.6738364731176276,0.06811257575672382,1507.199396814378,115.93841513956752,1.11838049518144,1.6256425636681342,3.2030608535549003,0
actual,15m,PUMPUSDT,0,later,49,49,0,0.3469387755102041,2.8716010621086125,6.88855687821046,0.05860410330833903,789.0054333610527,16.102151701245976,1.097008749936975,1.0950233889960128,10.524083541511995,0
actual,15m,PUMPUSDT,0,full,62,62,0,0.3709677419354839,3.7570645469460215,8.562393351328083,0.060597815273322926,2296.2048301754317,37.03556177702309,1.1013197284001461,1.2143518096591186,10.524083541511995,0
actual,15m,PUMPUSDT,20,earlier,13,13,0,0.46153846153846156,0.8854634848374097,1.6738364731176276,0.06811257575672382,1507.199396814378,115.93841513956752,1.11838049518144,1.6256425636681342,3.2030608535549003,0
actual,15m,PUMPUSDT,20,later,48,48,0,0.3333333333333333,-5.974819990522952,-2.058811542842162,-0.12447541646922816,-963.6744415086023,-20.076550864762545,0.7981579593254946,0.8839404553516127,15.872927669375798,0
actual,15m,PUMPUSDT,20,full,61,61,0,0.36065573770491804,-5.089356505685545,-0.384975069724534,-0.08343207386369747,543.5249553057758,8.910245168947144,0.8627513015961543,1.0507383122941099,15.872927669375795,0
actual,15m,PUMPUSDT,30,earlier,13,13,0,0.46153846153846156,0.8854634848374097,1.6738364731176276,0.06811257575672382,1507.199396814378,115.93841513956752,1.11838049518144,1.6256425636681342,3.2030608535549003,0
actual,15m,PUMPUSDT,30,later,49,49,0,0.3469387755102041,2.8716010621086125,6.88855687821046,0.05860410330833903,789.0054333610527,16.102151701245976,1.097008749936975,1.0950233889960128,10.524083541511995,0
actual,15m,PUMPUSDT,30,full,62,62,0,0.3709677419354839,3.7570645469460215,8.562393351328083,0.060597815273322926,2296.2048301754317,37.03556177702309,1.1013197284001461,1.2143518096591186,10.524083541511995,0
actual,15m,PUMPUSDT,50,earlier,13,13,0,0.46153846153846156,0.8854634848374097,1.6738364731176276,0.06811257575672382,1507.199396814378,115.93841513956752,1.11838049518144,1.6256425636681342,3.2030608535549003,0
actual,15m,PUMPUSDT,50,later,45,45,0,0.35555555555555557,4.520046365206901,8.257899369188024,0.10044547478237557,1218.5973776655421,27.079941725900937,1.1665277712487758,1.1642869455360476,9.502383800543885,0
actual,15m,PUMPUSDT,50,full,58,58,0,0.3793103448275862,5.405509850044309,9.931735842305656,0.09319844569041912,2725.7967744799193,46.99649611172274,1.1561261460188015,1.2773914211478423,9.502383800543885,0
actual,15m,PUMPUSDT,60,earlier,13,13,0,0.46153846153846156,0.8854634848374097,1.6738364731176276,0.06811257575672382,1507.199396814378,115.93841513956752,1.11838049518144,1.6256425636681342,3.2030608535549003,0
actual,15m,PUMPUSDT,60,later,45,45,0,0.35555555555555557,3.631377728238138,7.3778993691880235,0.0806972828497364,962.6087488509128,21.391305530020283,1.1295460125963395,1.1254461419290416,11.590481008941222,0
actual,15m,PUMPUSDT,60,full,58,58,0,0.3793103448275862,4.516841213075546,9.05173584230565,0.07787657263923355,2469.8081456652912,42.582899063194674,1.1271942046268792,1.2449592980691002,11.590481008941222,0
actual,15m,PUMPUSDT,90,earlier,11,11,0,0.45454545454545453,0.16996148726924232,0.8322523147017962,0.015451044297203847,1344.9424773923279,122.2674979447571,1.0264681023640356,1.6570943355200816,4.272766116712798,0
actual,15m,PUMPUSDT,90,later,35,35,0,0.3142857142857143,-6.467743233215688,-3.6235644376785343,-0.18479266380616252,-1683.6518333189529,-48.10433809482723,0.7213426962387554,0.7459418923708966,13.78951332677153,0
actual,15m,PUMPUSDT,90,full,46,46,0,0.34782608695652173,-6.297781745946444,-2.7913121229767386,-0.1369082988249227,-338.7093559266259,-7.363246867970128,0.7874651120445284,0.9609504595519822,13.78951332677153,0
actual,15m,PUMPUSDT,120,earlier,11,11,0,0.5454545454545454,3.0228264510765346,3.6738364731176247,0.27480240464332134,2142.8461195373175,194.8041926852107,1.5658132009830148,2.208329463669783,2.1241364838070034,0
actual,15m,PUMPUSDT,120,later,30,30,0,0.3,-6.850338188764916,-4.510819339639337,-0.22834460629216388,-1584.323086375104,-52.810769545836806,0.6569817508592701,0.7331487810508055,12.802353838632285,0
actual,15m,PUMPUSDT,120,full,41,41,0,0.36585365853658536,-3.8275117376883827,-0.8369828665217119,-0.09335394482166787,558.5230331622125,13.622513003956403,0.84879393014515,1.072436698015997,12.802353838632287,0
actual,15m,PUMPUSDT,150,earlier,8,8,0,0.625,4.597575710443991,5.047330449021242,0.5746969638054988,2714.7702248360197,339.34627810450246,2.4275897833650646,3.5526446699172367,1.1402796540531634,0
actual,15m,PUMPUSDT,150,later,28,28,0,0.32142857142857145,-4.657913130169367,-2.5108193396393386,-0.16635404036319165,-851.3987393585879,-30.407097834235287,0.7380007290550061,0.836400929142117,10.609928780036736,0
actual,15m,PUMPUSDT,150,full,36,36,0,0.3888888888888889,-0.06033741972537732,2.536511109381904,-0.0016760394368160365,1863.371485477432,51.760319041039786,0.9971266335323908,1.2972979129482003,10.609928780036736,0
actual,15m,PUMPUSDT,200,earlier,8,8,0,0.625,4.597575710443991,5.047330449021242,0.5746969638054988,2714.7702248360197,339.34627810450246,2.4275897833650646,3.5526446699172367,1.1402796540531634,0
actual,15m,PUMPUSDT,200,later,28,28,0,0.32142857142857145,-2.8545498342892195,-0.6442888663672969,-0.10194820836747212,-708.8590568189064,-25.316394886389514,0.8394366845066655,0.8637903984305464,11.473232150823254,0
actual,15m,PUMPUSDT,200,full,36,36,0,0.3888888888888889,1.7430258761547712,4.403041582653946,0.04841738544874365,2005.9111680171143,55.71975466714206,1.0830057388518315,1.320039889232381,11.473232150823256,0
actual,15m,SOLUSDT,0,earlier,65,65,0,0.27692307692307694,-14.159670819123878,-6.1094039391458805,-0.21784108952498274,-2962.3032602751923,-45.573896311926035,0.7091299065740895,0.6749452615186357,20.28302229694138,0
actual,15m,SOLUSDT,0,later,37,37,0,0.2702702702702703,-3.305177207714504,2.60935578492443,-0.08932911372201362,686.650867399802,18.558131551346,0.8775529906053205,1.1856566713595578,10.75525132118806,0
actual,15m,SOLUSDT,0,full,102,102,0,0.27450980392156865,-17.464848026838375,-3.500048154221445,-0.17122400026312132,-2275.652392875391,-22.310317577209716,0.7692066806805555,0.8223776054819762,21.870134297270575,0
actual,15m,SOLUSDT,20,earlier,64,64,0,0.265625,-15.701264039462846,-7.761946312027221,-0.24533225061660696,-3240.1951026216625,-50.62804847846348,0.6774622661499111,0.644452076924279,21.82461551728035,0
actual,15m,SOLUSDT,20,later,37,37,0,0.2702702702702703,-3.305177207714504,2.60935578492443,-0.08932911372201362,686.650867399802,18.558131551346,0.8775529906053205,1.1856566713595578,10.75525132118806,0
actual,15m,SOLUSDT,20,full,101,101,0,0.26732673267326734,-19.00644124717735,-5.152590527102791,-0.18818258660571632,-2553.544235221861,-25.282616190315455,0.7488349364881276,0.8006872038155612,23.411727517609542,0
actual,15m,SOLUSDT,30,earlier,65,65,0,0.27692307692307694,-14.159670819123878,-6.1094039391458805,-0.21784108952498274,-2962.3032602751923,-45.573896311926035,0.7091299065740895,0.6749452615186357,20.28302229694138,0
actual,15m,SOLUSDT,30,later,37,37,0,0.2702702702702703,-3.305177207714504,2.60935578492443,-0.08932911372201362,686.650867399802,18.558131551346,0.8775529906053205,1.1856566713595578,10.75525132118806,0
actual,15m,SOLUSDT,30,full,102,102,0,0.27450980392156865,-17.464848026838375,-3.500048154221445,-0.17122400026312132,-2275.652392875391,-22.310317577209716,0.7692066806805555,0.8223776054819762,21.870134297270575,0
actual,15m,SOLUSDT,50,earlier,63,63,0,0.25396825396825395,-18.218507306099532,-10.468654764855158,-0.2891826556523735,-3653.0833035034357,-57.98544926195929,0.6265099074068642,0.604520707187833,22.446454175634877,0
actual,15m,SOLUSDT,50,later,34,34,0,0.29411764705882354,0.7835394589521594,5.609355784924438,0.023045278204475276,916.9244859057452,26.968367232521917,1.0342097241272405,1.2643786354421764,10.75525132118806,0
actual,15m,SOLUSDT,50,full,97,97,0,0.26804123711340205,-17.434967847147377,-4.859298979930713,-0.17974193656852966,-2736.158817597691,-28.207822861831865,0.7567771145448697,0.7846447790380441,25.830273773116133,0
actual,15m,SOLUSDT,60,earlier,60,60,0,0.23333333333333334,-26.87459904929884,-19.608883478328863,-0.4479099841549807,-4955.867745858081,-82.59779576430137,0.44381274157068434,0.4581421251036152,27.46529840264021,0
actual,15m,SOLUSDT,60,later,32,32,0,0.28125,-1.5286468707852272,3.045408890052691,-0.04777021471203835,536.8825943588373,16.777581073713666,0.9308812259452333,1.1611615073739405,9.967485555422295,0
actual,15m,SOLUSDT,60,full,92,92,0,0.25,-28.403245920084068,-16.563474588276172,-0.3087309339139573,-4418.985151499244,-48.03244729890482,0.5967485385598597,0.6458408230025183,29.470652881014324,0
actual,15m,SOLUSDT,90,earlier,50,50,0,0.26,-17.199343716174855,-11.213659887050618,-0.3439868743234971,-3472.7918688832824,-69.45583737766565,0.5552211838463228,0.5404580068776342,25.519181699529355,0
actual,15m,SOLUSDT,90,later,28,28,0,0.25,-2.8707484275602115,1.9086188789314604,-0.10252672955572184,875.3513322550826,31.26254758053867,0.86704192638918,1.3215415983483614,10.268616274376548,0
actual,15m,SOLUSDT,90,full,78,78,0,0.2564102564102564,-20.070092143735064,-9.305041008119156,-0.257308873637629,-2597.4405366282,-33.30051970036154,0.6669462045302725,0.7473166724382827,25.519181699529355,0
actual,15m,SOLUSDT,120,earlier,47,47,0,0.2553191489361702,-15.914858379317815,-10.387213606058868,-0.33861400807059183,-3330.788130136702,-70.86783255610004,0.5621500758798513,0.5413992485596175,23.19749801556488,0
actual,15m,SOLUSDT,120,later,27,27,0,0.2222222222222222,-2.8264860074755855,1.8871906243874086,-0.1046846669435402,782.7500630935969,28.990743077540625,0.8689707523699469,1.2839268555930008,10.627835236001832,0
actual,15m,SOLUSDT,120,full,74,74,0,0.24324324324324326,-18.741344386793397,-8.500022981671458,-0.2532614106323432,-2548.038067043105,-34.432946851933856,0.6764223734720042,0.745699929044169,23.19749801556488,0
actual,15m,SOLUSDT,150,earlier,47,47,0,0.2765957446808511,-13.464466809498921,-7.93572106874543,-0.2864780172233813,-2984.6441893087863,-63.503067857633745,0.6175600887294761,0.5796920185784543,20.747106445745985,0
actual,15m,SOLUSDT,150,later,24,24,0,0.25,1.361655899315037,5.1451271323238945,0.05673566247145987,1092.91580225919,45.53815842746625,1.0783313967166925,1.4466885615617089,9.035045756395663,0
actual,15m,SOLUSDT,150,full,71,71,0,0.2676056338028169,-12.102810910183882,-2.7905939364215344,-0.17046212549554762,-1891.7283870495962,-26.644061789430932,0.7698648832189608,0.8018675116461971,20.747106445745985,0
actual,15m,SOLUSDT,200,earlier,43,43,0,0.23255813953488372,-18.579743131718242,-13.62610938664885,-0.43208704957484284,-3701.128434838397,-86.07275429856738,0.4639235629812295,0.4717046365807758,20.199112546868488,0
actual,15m,SOLUSDT,200,later,24,24,0,0.20833333333333334,-0.3494105569981265,3.681448989938982,-0.014558773208255271,970.6720825620188,40.444670106750785,0.980596012969186,1.4077694923752346,9.296069557877841,0
actual,15m,SOLUSDT,200,full,67,67,0,0.22388059701492538,-18.92915368871637,-9.944660396709867,-0.28252468192113983,-2730.4563522763774,-40.753079884722055,0.6405805255704683,0.7090999996785947,21.08995108787879,0
actual,15m,UNIUSDT,0,earlier,77,77,0,0.3116883116883117,-13.782521818264721,-5.471238614041964,-0.1789937898475938,-2251.381491405365,-29.23872066760214,0.7539682624781932,0.807878623785422,26.09616947093367,1
actual,15m,UNIUSDT,0,later,36,36,0,0.25,-5.866118193417577,-0.853094965148393,-0.1629477275949327,-1922.0761947766298,-53.39100541046194,0.7934731319596054,0.6075554662259165,16.676496046362566,0
actual,15m,UNIUSDT,0,full,113,113,0,0.2920353982300885,-19.6486400116823,-6.324333579190358,-0.1738817700148876,-4173.457686181995,-36.93325386001766,0.7672594690017523,0.7488325874051416,26.09616947093367,1
actual,15m,UNIUSDT,20,earlier,76,76,0,0.3157894736842105,-12.641062994735304,-4.471238614041963,-0.16632977624651715,-2089.997592536438,-27.499968322847863,0.7696508031124996,0.8191598276320459,24.95471064740426,1
actual,15m,UNIUSDT,20,later,36,36,0,0.25,-5.866118193417577,-0.853094965148393,-0.1629477275949327,-1922.0761947766298,-53.39100541046194,0.7934731319596054,0.6075554662259165,16.676496046362566,0
actual,15m,UNIUSDT,20,full,112,112,0,0.29464285714285715,-18.507181188152884,-5.324333579190355,-0.16524268917993648,-4012.0737873130674,-35.822087386723815,0.777775553402378,0.7561768954451971,24.95471064740426,1
actual,15m,UNIUSDT,30,earlier,77,77,0,0.3116883116883117,-13.782521818264721,-5.471238614041964,-0.1789937898475938,-2251.381491405365,-29.23872066760214,0.7539682624781932,0.807878623785422,26.09616947093367,1
actual,15m,UNIUSDT,30,later,36,36,0,0.25,-5.866118193417577,-0.853094965148393,-0.1629477275949327,-1922.0761947766298,-53.39100541046194,0.7934731319596054,0.6075554662259165,16.676496046362566,0
actual,15m,UNIUSDT,30,full,113,113,0,0.2920353982300885,-19.6486400116823,-6.324333579190358,-0.1738817700148876,-4173.457686181995,-36.93325386001766,0.7672594690017523,0.7488325874051416,26.09616947093367,1
actual,15m,UNIUSDT,50,earlier,75,75,0,0.29333333333333333,-15.132672232381987,-7.052744067715699,-0.20176896309842648,-2534.4901760521325,-33.79320234736177,0.72977677942358,0.7844053586096376,27.519821648719375,1
actual,15m,UNIUSDT,50,later,34,34,0,0.23529411764705882,-10.320893568793032,-5.76976163181514,-0.3035556931997951,-2262.933616351856,-66.55687106917223,0.6207271807850677,0.5306273165722718,21.13127142173802,0
actual,15m,UNIUSDT,50,full,109,109,0,0.27522935779816515,-25.453565801175017,-12.822505699530838,-0.23351895230435796,-4797.423792403989,-44.01306231563293,0.6941153540676643,0.7105975835025413,27.519821648719375,1
actual,15m,UNIUSDT,60,earlier,70,70,0,0.3,-11.035472831592516,-3.636077401049032,-0.1576496118798931,-2043.1792842692068,-29.188275489560098,0.7852946264583702,0.8165107064824139,24.96746300819755,1
actual,15m,UNIUSDT,60,later,34,34,0,0.2647058823529412,-3.571957621080529,1.1469050348516086,-0.1050575770906038,-1534.5988408906653,-45.135260026196036,0.8631931597931005,0.659751094432126,14.382335474025513,0
actual,15m,UNIUSDT,60,full,104,104,0,0.28846153846153844,-14.607430452673041,-2.489172366197426,-0.14045606204493308,-3577.7781251598717,-34.40171274192184,0.8115357761841199,0.7713202649203734,24.96746300819755,1
actual,15m,UNIUSDT,90,earlier,61,61,0,0.32786885245901637,-4.746378968701804,1.582369154563438,-0.07780949129019352,-1462.7770144342035,-23.979951056298418,0.8899788816441376,0.8503305328237668,21.182643288037436,1
actual,15m,UNIUSDT,90,later,31,31,0,0.22580645161290322,-10.073290242404696,-5.940788721743842,-0.3249448465291837,-2696.88752477255,-86.99637176685646,0.606124202179303,0.4303447119212341,16.461635716810537,0
actual,15m,UNIUSDT,90,full,92,92,0,0.29347826086956524,-14.819669211106499,-4.358419567180404,-0.16108336099028803,-4159.664539206753,-45.213744991377744,0.7843326541483667,0.71327741175598,21.182643288037436,1
actual,15m,UNIUSDT,120,earlier,58,58,0,0.3103448275862069,-5.626740638567646,0.3674653084095971,-0.09701276963047666,-1667.4783387611553,-28.749626530364747,0.866086720715774,0.8262120668995366,20.937176434736006,1
actual,15m,UNIUSDT,120,later,21,21,0,0.2857142857142857,-0.6538445036482414,2.3704631983790576,-0.031135452554678162,-619.3991434570589,-29.495197307478996,0.9586929687211511,0.7637985797913087,10.535980437925971,0
actual,15m,UNIUSDT,120,full,79,79,0,0.3037974683544304,-6.280585142215886,2.737928506788657,-0.07950107774956817,-2286.877482218214,-28.947816230610307,0.8914270528035861,0.8128154996039905,20.937176434736006,1
actual,15m,UNIUSDT,150,earlier,51,51,0,0.3137254901960784,-3.013255613486804,2.346222160368546,-0.05908344340170204,-599.483870588177,-11.75458569780739,0.9202207707934252,0.9268926750040403,17.776138312270962,1
actual,15m,UNIUSDT,150,later,21,21,0,0.3333333333333333,5.367716132757298,8.45447465106135,0.25560553013129994,334.67751694482797,15.937024616420377,1.368442368073778,1.1453294029096652,7.28066663073643,0
actual,15m,UNIUSDT,150,full,72,72,0,0.3194444444444444,2.3544605192704964,10.800696811429894,0.03270084054542356,-264.80635364334927,-3.677866022824295,1.0449851653940698,0.9747874098864796,17.776138312270962,1
actual,15m,UNIUSDT,200,earlier,47,47,0,0.3829787234042553,6.0174285340853455,11.140284196429514,0.1280303943422414,2035.6192949423657,43.31104882856097,1.1892789285191971,1.3200611448745088,13.157441841404879,1
actual,15m,UNIUSDT,200,later,22,22,0,0.36363636363636365,5.128238956684843,8.5409161833194,0.23310177075840197,452.4514597359469,20.565975442543042,1.338842029370562,1.2038494731479488,8.380822474892277,0
actual,15m,UNIUSDT,200,full,69,69,0,0.37681159420289856,11.145667490770188,19.681200379748912,0.16153141290971287,2488.0707546783133,36.058996444613236,1.237516180445164,1.289997371809701,13.157441841404879,1
actual,15m,USELESSUSDT,0,earlier,3,3,0,0.0,-3.1169933890284014,-3.0000000000000004,-1.0389977963428005,-1636.194802968538,-545.3982676561793,0.0,0.0,3.1169933890284014,0
actual,15m,USELESSUSDT,0,later,59,59,0,0.3559322033898305,4.573375584113521,8.008925463437764,0.07751484040870374,1662.5201113275436,28.178306971653285,1.1142157863442679,1.1104937522081455,9.506381190094778,0
actual,15m,USELESSUSDT,0,full,62,62,0,0.3387096774193548,1.4563821950851175,5.0089254634377625,0.02349003540459867,26.325308359007803,0.42460174772593223,1.0337449444399212,1.0015780216147216,11.046660630573012,0
actual,15m,USELESSUSDT,20,earlier,3,3,0,0.0,-3.1169933890284014,-3.0000000000000004,-1.0389977963428005,-1636.194802968538,-545.3982676561793,0.0,0.0,3.1169933890284014,0
actual,15m,USELESSUSDT,20,later,59,59,0,0.3559322033898305,4.573375584113521,8.008925463437764,0.07751484040870374,1662.5201113275436,28.178306971653285,1.1142157863442679,1.1104937522081455,9.506381190094778,0
actual,15m,USELESSUSDT,20,full,62,62,0,0.3387096774193548,1.4563821950851175,5.0089254634377625,0.02349003540459867,26.325308359007803,0.42460174772593223,1.0337449444399212,1.0015780216147216,11.046660630573012,0
actual,15m,USELESSUSDT,30,earlier,3,3,0,0.0,-3.1169933890284014,-3.0000000000000004,-1.0389977963428005,-1636.194802968538,-545.3982676561793,0.0,0.0,3.1169933890284014,0
actual,15m,USELESSUSDT,30,later,58,58,0,0.3620689655172414,5.644975584113521,9.008925463437764,0.09732716524333657,1961.8497202660892,33.82499517700154,1.1448546259776757,1.1330342514695357,9.506381190094778,0
actual,15m,USELESSUSDT,30,full,61,61,0,0.3442622950819672,2.5279821950851202,6.008925463437761,0.041442331066969186,325.6549172975524,5.338605201599219,1.0600657305823928,1.0198774338831482,11.046660630573012,0
actual,15m,USELESSUSDT,50,earlier,2,2,0,0.0,-2.0840223745356474,-1.9999999999999998,-1.0420111872678237,-1009.601396375131,-504.8006981875655,0.0,0.0,2.0840223745356474,0
actual,15m,USELESSUSDT,50,later,56,56,0,0.375,7.743363027741227,11.00892546343776,0.13827433978109333,2850.0495209615033,50.89374144574113,1.2100091592099218,1.2056497930524053,8.456280518953836,0
actual,15m,USELESSUSDT,50,full,58,58,0,0.3620689655172414,5.65934065320558,9.00892546343776,0.09757483884837206,1840.4481245863726,31.731864217006425,1.1452767970606568,1.1237829133682085,8.963588944939318,0
actual,15m,USELESSUSDT,60,earlier,3,3,0,0.0,-3.1169933890284014,-3.0000000000000004,-1.0389977963428005,-1636.194802968538,-545.3982676561793,0.0,0.0,3.1169933890284014,0
actual,15m,USELESSUSDT,60,later,56,56,0,0.35714285714285715,6.514596353293674,9.773631345790704,0.11633207773738705,2456.851122083663,43.8723414657797,1.171703062630697,1.172895160143421,8.456280518953836,0
actual,15m,USELESSUSDT,60,full,59,59,0,0.3389830508474576,3.3976029642652716,6.773631345790703,0.05758649091975037,820.6563191151248,13.909429137544487,1.0827511927780658,1.0517886511822425,9.996559959432073,0
actual,15m,USELESSUSDT,90,earlier,1,1,0,0.0,-1.032971014492754,-1.0000000000000004,-1.032971014492754,-626.593406593407,-626.593406593407,0.0,0.0,1.032971014492754,0
actual,15m,USELESSUSDT,90,later,46,46,0,0.30434782608695654,-6.764602036858015,-4.002487540906505,-0.1470565660186525,-827.9212840534406,-17.998288783770448,0.8014091067243032,0.9311617331775041,8.820522475590009,0
actual,15m,USELESSUSDT,90,full,47,47,0,0.2978723404255319,-7.79757305135077,-5.002487540906506,-0.16590580960320786,-1454.5146906468483,-30.94712107759252,0.7778214326437694,0.8850517094475719,8.820522475590009,0
actual,15m,USELESSUSDT,120,earlier,2,2,0,0.0,-2.069342382316992,-2.000000000000001,-1.034671191158496,-1196.4764931093848,-598.2382465546924,0.0,0.0,2.069342382316992,0
actual,15m,USELESSUSDT,120,later,39,39,0,0.28205128205128205,-7.522977298475049,-5.16076440992404,-0.19289685380705254,-2671.0809369421927,-68.48925479338956,0.7472971025721924,0.7538952769702938,12.801675617391377,0
actual,15m,USELESSUSDT,120,full,41,41,0,0.2682926829268293,-9.592319680792041,-7.160764409924042,-0.23395901660468393,-3867.557430051578,-94.33066902564825,0.698727906842614,0.6790384463789183,13.294304051158202,0
actual,15m,USELESSUSDT,150,earlier,2,2,0,0.0,-2.069342382316992,-2.000000000000001,-1.034671191158496,-1196.4764931093848,-598.2382465546924,0.0,0.0,2.069342382316992,0
actual,15m,USELESSUSDT,150,later,39,39,0,0.2564102564102564,-9.909659149104263,-7.526672675587198,-0.25409382433600675,-3462.159022876029,-88.77330827887255,0.6787057475506517,0.6894315158509782,14.774674289008251,0
actual,15m,USELESSUSDT,150,full,41,41,0,0.24390243902439024,-11.97900153142126,-9.526672675587198,-0.2921707690590551,-4658.635515985413,-113.62525648744911,0.6360324811092264,0.6226080116955938,15.267302722775074,0
actual,15m,USELESSUSDT,200,earlier,1,1,0,0.0,-1.0363713678242383,-1.0000000000000002,-1.0363713678242383,-569.883086515978,-569.883086515978,0.0,0.0,1.0363713678242383,0
actual,15m,USELESSUSDT,200,later,37,37,0,0.2702702702702703,-7.308672623891172,-5.059927392568346,-0.19753169253759925,-1921.9231835095727,-51.94386982458305,0.7457088090957208,0.8099813914894529,11.279306216176101,0
actual,15m,USELESSUSDT,200,full,38,38,0,0.2631578947368421,-8.34504399171541,-6.059927392568345,-0.21960642083461607,-2491.806270025551,-65.5738492111987,0.7197554731276655,0.7667782185725995,11.279306216176101,0
actual,15m,WIFUSDT,0,earlier,75,75,0,0.3466666666666667,27.781779708939354,32.631294375452796,0.3704237294525247,11175.141879181501,149.00189172242003,1.605725914501087,1.7698188039314744,8.48346884313777,2
actual,15m,WIFUSDT,0,later,34,34,0,0.3235294117647059,0.15172346891428845,3.6207043081592696,0.004462454968067307,1064.0781154120089,31.296415159176732,1.0066258460169792,1.2329614736730203,14.741696108846696,0
actual,15m,WIFUSDT,0,full,109,109,0,0.3394495412844037,27.933503177853645,36.251998683612065,0.2562706713564555,12239.219994593508,112.28642196874779,1.406222798506128,1.6413273326352136,14.74169610884669,2
actual,15m,WIFUSDT,20,earlier,75,75,0,0.3466666666666667,27.781779708939354,32.631294375452796,0.3704237294525247,11175.141879181501,149.00189172242003,1.605725914501087,1.7698188039314744,8.48346884313777,2
actual,15m,WIFUSDT,20,later,34,34,0,0.3235294117647059,0.15172346891428845,3.6207043081592696,0.004462454968067307,1064.0781154120089,31.296415159176732,1.0066258460169792,1.2329614736730203,14.741696108846696,0
actual,15m,WIFUSDT,20,full,109,109,0,0.3394495412844037,27.933503177853645,36.251998683612065,0.2562706713564555,12239.219994593508,112.28642196874779,1.406222798506128,1.6413273326352136,14.74169610884669,2
actual,15m,WIFUSDT,30,earlier,75,75,0,0.3466666666666667,27.781779708939354,32.631294375452796,0.3704237294525247,11175.141879181501,149.00189172242003,1.605725914501087,1.7698188039314744,8.48346884313777,2
actual,15m,WIFUSDT,30,later,34,34,0,0.3235294117647059,0.15172346891428845,3.6207043081592696,0.004462454968067307,1064.0781154120089,31.296415159176732,1.0066258460169792,1.2329614736730203,14.741696108846696,0
actual,15m,WIFUSDT,30,full,109,109,0,0.3394495412844037,27.933503177853645,36.251998683612065,0.2562706713564555,12239.219994593508,112.28642196874779,1.406222798506128,1.6413273326352136,14.74169610884669,2
actual,15m,WIFUSDT,50,earlier,73,73,0,0.3561643835616438,29.92062332862243,34.6312943754528,0.4098715524468826,11793.369866658179,161.55301187202986,1.684268738332308,1.8485440327200933,7.767706004656365,2
actual,15m,WIFUSDT,50,later,33,33,0,0.3333333333333333,1.255374262565085,4.620704308159271,0.03804164432015409,1277.0337049985324,38.697991060561584,1.057598972877513,1.2932569103939722,13.6380453151959,0
actual,15m,WIFUSDT,50,full,106,106,0,0.3490566037735849,31.175997591187517,39.25199868361208,0.29411318482252374,13070.403571656712,123.30569407223314,1.4758132292594068,1.7160680870094749,13.638045315195896,2
actual,15m,WIFUSDT,60,earlier,70,70,0,0.35714285714285715,19.208594133500167,23.593980942616938,0.27440848762143094,10250.306592224257,146.43295131748937,1.4625479047791259,1.7647920014118395,7.767706004656372,1
actual,15m,WIFUSDT,60,later,31,31,0,0.3225806451612903,1.6718312164843714,4.887079854010798,0.05393003924143133,1077.8580514536068,34.76961456301957,1.0808445949401335,1.2597638035916157,12.522531592717662,0
actual,15m,WIFUSDT,60,full,101,101,0,0.3465346534653465,20.88042534998455,28.481060796627737,0.20673688465331236,11328.164643677863,112.16004597700854,1.3356584333163775,1.6454016845516177,12.522531592717659,1
actual,15m,WIFUSDT,90,earlier,62,62,0,0.3548387096774194,11.207713283457494,15.092635783258354,0.1807695690880241,7500.429902853808,120.97467585248079,1.29704685050275,1.6203297371281362,11.642730136745339,1
actual,15m,WIFUSDT,90,later,28,28,0,0.32142857142857145,-2.0156590440622044,0.8098983790111837,-0.07198782300222159,-640.7155543379181,-22.88269836921136,0.8900510755740387,0.8328943897829765,10.175650029836095,0
actual,15m,WIFUSDT,90,full,90,90,0,0.34444444444444444,9.19205423939529,15.90253416226953,0.102133935993281,6859.7143485158895,76.21904831684321,1.163958956231787,1.4307450043566183,13.658389180807543,1
actual,15m,WIFUSDT,120,earlier,52,52,0,0.34615384615384615,13.989774282003935,17.357237938079308,0.269034120807768,8143.780725185612,156.611167792031,1.4325525032289252,1.801320158072448,11.446550049689556,1
actual,15m,WIFUSDT,120,later,24,24,0,0.25,-6.0977056146495805,-3.6891739772040264,-0.25407106727706585,-1363.901210350357,-56.82921709793155,0.6521781917003852,0.627068547730002,12.942781249445897,0
actual,15m,WIFUSDT,120,full,76,76,0,0.3157894736842105,7.892068667354354,13.668063960875283,0.10384300878097834,6779.8795148352565,89.20894098467443,1.1582417502351336,1.4905775700500323,17.54425566433914,1
actual,15m,WIFUSDT,150,earlier,45,45,0,0.3333333333333333,16.408377354545895,19.39051066955883,0.36463060787879764,7657.8760246951515,170.17502277100337,1.5796440333690993,1.8816440640743224,5.384335745176859,1
actual,15m,WIFUSDT,150,later,21,21,0,0.2857142857142857,2.5237562209745503,4.594490090832801,0.12017886766545478,874.049728411585,41.6214156386469,1.1780506674709041,1.2945607047546708,9.113678483652308,0
actual,15m,WIFUSDT,150,full,66,66,0,0.3181818181818182,18.932133575520453,23.985000760391628,0.28685050872000684,8531.925753106738,129.27160231979906,1.4456501857094752,1.732152814721569,9.113678483652304,1
actual,15m,WIFUSDT,200,earlier,43,43,0,0.32558139534883723,4.699497721677802,7.497903286696011,0.10929064469018145,5090.327672416748,118.37971331201739,1.1713872430829975,1.6031075266478345,5.435850783744955,0
actual,15m,WIFUSDT,200,later,20,20,0,0.3,3.329066755455723,5.361873150251248,0.16645333777278615,922.051278130156,46.1025639065078,1.2545110522468443,1.3360057910293464,8.019551823310762,0
actual,15m,WIFUSDT,200,full,63,63,0,0.31746031746031744,8.028564477133518,12.85977643694726,0.1274375313830717,6012.378950546906,95.43458651661756,1.1982332641505067,1.5375721987605866,8.019551823310763,0
actual,15m,XTZUSDT,0,earlier,64,64,0,0.3125,-3.434336864093926,3.4039872198876076,-0.05366151350146759,-1478.1714614855778,-23.096429085712153,0.9267660768318184,0.8543622571347204,15.238453837044382,0
actual,15m,XTZUSDT,0,later,37,37,0,0.2972972972972973,-13.18906460417042,-8.471831832847233,-0.3564612055181195,-1859.66119837759,-50.261113469664586,0.5331301127625686,0.5992772843380739,14.270207461313268,0
actual,15m,XTZUSDT,0,full,101,101,0,0.3069306930693069,-16.623401468264348,-5.067844612959626,-0.16458813334915195,-3337.832659863168,-33.04784811745711,0.7787835611777087,0.7743245896496043,22.63394800873189,0
actual,15m,XTZUSDT,20,earlier,62,62,0,0.3225806451612903,-1.1332533925626873,5.403987219887614,-0.018278280525204634,-1169.5325599921016,-18.86342838696938,0.9745875140879305,0.8811572222516753,12.937370365513143,0
actual,15m,XTZUSDT,20,later,37,37,0,0.2972972972972973,-13.18906460417042,-8.471831832847233,-0.3564612055181195,-1859.66119837759,-50.261113469664586,0.5331301127625686,0.5992772843380739,14.270207461313268,0
actual,15m,XTZUSDT,20,full,99,99,0,0.31313131313131315,-14.322317996733108,-3.067844612959617,-0.14466987875487988,-3029.1937583696913,-30.597916751209006,0.8033845960418377,0.7908271727666332,20.332864537200653,0
actual,15m,XTZUSDT,30,earlier,63,63,0,0.31746031746031744,-2.268068207377498,4.403987219887616,-0.03600108265678568,-1337.884208343748,-21.236257275297586,0.9504021554165577,0.8663366646128938,14.072185180327956,0
actual,15m,XTZUSDT,30,later,37,37,0,0.2972972972972973,-13.18906460417042,-8.471831832847233,-0.3564612055181195,-1859.66119837759,-50.261113469664586,0.5331301127625686,0.5992772843380739,14.270207461313268,0
actual,15m,XTZUSDT,30,full,100,100,0,0.31,-15.45713281154792,-4.067844612959616,-0.1545713281154792,-3197.5454067213395,-31.975454067213395,0.7910609512562764,0.7817393973518186,21.467679352015463,0
actual,15m,XTZUSDT,50,earlier,62,62,0,0.3225806451612903,-1.1555062239064313,5.403987219887612,-0.01863719715978115,-1140.2043258180513,-18.390392351904055,0.9741014320407925,0.8837911024502565,12.959623196856887,0
actual,15m,XTZUSDT,50,later,36,36,0,0.3055555555555556,-12.035906709433581,-7.471831832847236,-0.3343307419287106,-1709.0770059377303,-47.47436127604806,0.5558185008763878,0.6193748321529522,13.117049566576426,0
actual,15m,XTZUSDT,50,full,98,98,0,0.3163265306122449,-13.191412933340011,-2.0678446129596244,-0.13460625442183685,-2849.281331755782,-29.074299303630426,0.8160537952590098,0.8007755020762503,19.201959473807555,0
actual,15m,XTZUSDT,60,earlier,59,59,0,0.3220338983050847,-0.17964873811197113,6.14481225544948,-0.0030448938663045952,-710.194279638256,-12.037191180309424,0.9957893361597919,0.9220824201489897,10.987770313795998,0
actual,15m,XTZUSDT,60,later,35,35,0,0.3142857142857143,-10.883698917225786,-6.471831832847236,-0.31096282620645105,-1557.677688531588,-44.505076815188225,0.5805025613041408,0.6409875498895503,12.220295363818481,0
actual,15m,XTZUSDT,60,full,94,94,0,0.3191489361702128,-11.06334765533776,-0.32701957739775767,-0.11769518782274212,-2267.871968169845,-24.126297533721754,0.8387497352295631,0.8314284823261398,16.07789879853887,0
actual,15m,XTZUSDT,90,earlier,50,50,0,0.32,1.29075416111426,6.462207402304879,0.025815083222285196,-477.3977233485027,-9.547954466970054,1.0357586392149047,0.9404429239649726,8.989256386965051,0
actual,15m,XTZUSDT,90,later,31,31,0,0.2903225806451613,-11.4930484776358,-7.506715553777468,-0.3707434992785742,-1732.394449207935,-55.88369190993338,0.5154655769341261,0.5551115801666437,12.574191334778646,0
actual,15m,XTZUSDT,90,full,81,81,0,0.30864197530864196,-10.202294316521538,-1.0445081514725896,-0.12595425082125355,-2209.7921725564374,-27.281384846375772,0.829438893898602,0.8144559723274595,14.50660710914176,0
actual,15m,XTZUSDT,120,earlier,47,47,0,0.2978723404255319,-6.397144689811357,-1.6143065093153677,-0.13610946148534803,-1769.7044238427657,-37.65328561367587,0.8170355236802731,0.779310512020387,14.44791774291499,0
actual,15m,XTZUSDT,120,later,27,27,0,0.3333333333333333,-7.794520031722735,-4.352869399931311,-0.288685927100842,-1132.066081648554,-41.928373394390896,0.610687615227056,0.6562902969465192,9.926520836591328,0
actual,15m,XTZUSDT,120,full,74,74,0,0.3108108108108108,-14.19166472153409,-5.967175909246679,-0.19177925299370394,-2901.77050549132,-39.2131149390719,0.7418998600359613,0.743493267267926,14.44791774291499,0
actual,15m,XTZUSDT,150,earlier,41,41,0,0.36585365853658536,2.0828910589092837,6.253932502334429,0.05080222094900692,181.32775341992627,4.422628132193323,1.0763736507731532,1.0292639420812981,8.742149654470403,0
actual,15m,XTZUSDT,150,later,24,24,0,0.2916666666666667,-9.347358513563954,-6.1767905165915895,-0.3894732713984981,-1299.7967545405181,-54.15819810585492,0.5066511376657331,0.5674842225866517,11.276899709842533,0
actual,15m,XTZUSDT,150,full,65,65,0,0.3384615384615385,-7.264467454654671,0.07714198574284215,-0.11176103776391802,-1118.4690011205919,-17.207215401855258,0.8428255249796177,0.8784469258016308,11.276899709842533,0
actual,15m,XTZUSDT,200,earlier,38,38,0,0.3684210526315789,3.0024072218548037,7.002832809655368,0.0790107163646001,12.098686898640246,0.3183864973326381,1.1196671365216404,1.0021378220131343,7.636267301529225,0
actual,15m,XTZUSDT,200,later,23,23,0,0.30434782608695654,-7.989961933399934,-4.913642037164044,-0.347389649278258,-1041.575570032625,-45.285894349244565,0.5524335753784264,0.6270656847385423,11.68255705249988,0
actual,15m,XTZUSDT,200,full,61,61,0,0.3442622950819672,-4.987554711545131,2.0891907724913237,-0.08176319199254313,-1029.4768831339848,-16.876670215311226,0.88385279810683,0.878201157017617,11.682557052499877,0
actual,15m,ZECUSDT,0,earlier,66,66,0,0.3333333333333333,15.533424378601168,22.889404864020086,0.23535491482729043,-556.3168648435354,-8.429043406720234,1.3669651563091136,0.9391050259195738,12.843429479274572,1
actual,15m,ZECUSDT,0,later,55,55,0,0.2909090909090909,-7.769016958162229,-2.8890939321402866,-0.1412548537847678,-219.67443784904125,-3.994080688164386,0.8075689511513725,0.9802448069772302,16.229068131324315,0
actual,15m,ZECUSDT,0,full,121,121,0,0.3140495867768595,7.764407420438937,20.000310931879806,0.06416865636726395,-775.9913026925765,-6.41315126192212,1.0938836824471139,0.9616898666534336,16.22906813132433,1
actual,15m,ZECUSDT,20,earlier,66,66,0,0.3333333333333333,15.533424378601168,22.889404864020086,0.23535491482729043,-556.3168648435354,-8.429043406720234,1.3669651563091136,0.9391050259195738,12.843429479274572,1
actual,15m,ZECUSDT,20,later,55,55,0,0.2909090909090909,-7.769016958162229,-2.8890939321402866,-0.1412548537847678,-219.67443784904125,-3.994080688164386,0.8075689511513725,0.9802448069772302,16.229068131324315,0
actual,15m,ZECUSDT,20,full,121,121,0,0.3140495867768595,7.764407420438937,20.000310931879806,0.06416865636726395,-775.9913026925765,-6.41315126192212,1.0938836824471139,0.9616898666534336,16.22906813132433,1
actual,15m,ZECUSDT,30,earlier,65,65,0,0.3384615384615385,16.68631911544327,23.889404864020083,0.25671260177605026,-405.5079147574786,-6.238583303961209,1.4052385827251088,0.9548676869918861,12.843429479274574,1
actual,15m,ZECUSDT,30,later,55,55,0,0.2909090909090909,-7.769016958162229,-2.8890939321402866,-0.1412548537847678,-219.67443784904125,-3.994080688164386,0.8075689511513725,0.9802448069772302,16.229068131324315,0
actual,15m,ZECUSDT,30,full,120,120,0,0.31666666666666665,8.917302157281037,21.000310931879802,0.07431085131067532,-625.1823526065192,-5.20985293838766,1.1093483070205483,0.968903673821188,16.229068131324325,1
actual,15m,ZECUSDT,50,earlier,62,62,0,0.3548387096774194,20.05745490045035,26.889404864020094,0.3235073371040379,152.22430656067652,2.4552307509786537,1.530544773279208,1.0180635858506506,10.623465122838931,1
actual,15m,ZECUSDT,50,later,53,53,0,0.3018867924528302,-5.669400813976627,-0.8890939321402852,-0.10696982667880428,626.5440175977348,11.821585237693109,0.8518708927532487,1.060985745965451,14.129451987138712,0
actual,15m,ZECUSDT,50,full,115,115,0,0.33043478260869563,14.388054086473714,26.0003109318798,0.1251135137954236,778.768324158411,6.7718984709427055,1.1891204877972041,1.0416436931057165,14.129451987138724,1
actual,15m,ZECUSDT,60,earlier,63,63,0,0.3492063492063492,18.700938001352736,25.61581995835972,0.2968402857357577,-115.6291229376491,-1.835382903772208,1.47752872449699,0.9867016383311371,10.597321644578063,1
actual,15m,ZECUSDT,60,later,51,51,0,0.3137254901960784,-3.325847345684223,1.1109060678597202,-0.06521269305263182,901.067491434689,17.667990028131157,0.907434903961275,1.090114944263935,12.943209994256144,0
actual,15m,ZECUSDT,60,full,114,114,0,0.3333333333333333,15.375090655668513,26.726726026219445,0.13486921627779397,785.4383684970402,6.889810249974038,1.2047507756276148,1.042015351372078,12.943209994256158,1
actual,15m,ZECUSDT,90,earlier,53,53,0,0.3584905660377358,31.337422847459663,37.20479602856337,0.5912721291973522,1925.473374945754,36.32968631973121,1.960494919628406,1.2656549355034707,8.389347229712401,2
actual,15m,ZECUSDT,90,later,43,43,0,0.3488372093023256,1.3391063145529731,4.85044095158065,0.031142007315185422,2443.003542120648,56.81403586327088,1.047441622091638,1.2985309145615158,12.721606460025521,0
actual,15m,ZECUSDT,90,full,96,96,0,0.3541666666666667,32.67652916201264,42.055236980144024,0.34038051210429837,4368.476917066403,45.50496788610837,1.536977201322802,1.2830893328620108,12.721606460025523,2
actual,15m,ZECUSDT,120,earlier,44,44,0,0.3181818181818182,13.209328702162999,18.040698199629805,0.30021201595825,-240.178822263733,-5.458609596903023,1.457537976784636,0.9610796659111799,10.635904501076718,1
actual,15m,ZECUSDT,120,later,39,39,0,0.23076923076923078,-14.186003030102796,-11.192833295592408,-0.36374366743853326,-1977.0485072183847,-50.69355146713807,0.5307689200480711,0.787465613279328,18.769750331789737,0
actual,15m,ZECUSDT,120,full,83,83,0,0.27710843373493976,-0.9766743279397936,6.847864904037398,-0.011767160577587874,-2217.2273294821184,-26.713582282917088,0.983475018116533,0.8567061423519504,18.769750331789734,1
actual,15m,ZECUSDT,150,earlier,44,44,0,0.38636363636363635,24.11292577898813,29.026505313886585,0.5480210404315484,1898.66509092714,43.151479339253186,1.9151552054906762,1.349526524536159,8.36433301935416,1
actual,15m,ZECUSDT,150,later,37,37,0,0.2702702702702703,-7.593089647958983,-4.12063227280314,-0.20521863913402658,116.26148231588397,3.1422022247536208,0.7270897946319542,1.0162032125237763,16.472488902995057,0
actual,15m,ZECUSDT,150,full,81,81,0,0.3333333333333333,16.519836131029155,24.905873041083442,0.20394859421023648,2014.9265732430238,24.875636706703997,1.3049565089671975,1.1598219873158906,16.472488902995067,1
actual,15m,ZECUSDT,200,earlier,40,40,0,0.375,23.528577742748475,27.983361740667835,0.5882144435687119,1757.9507973499676,43.94876993374918,1.9762931158680515,1.346746127231729,8.06978991668187,1
actual,15m,ZECUSDT,200,later,33,33,0,0.21212121212121213,-13.451948898871908,-10.543153309218914,-0.4076348151173306,-2632.339858600005,-79.76787450303044,0.49903631395479,0.665036579961771,14.794882476601561,0
actual,15m,ZECUSDT,200,full,73,73,0,0.3013698630136986,10.07662884387657,17.44020843144892,0.13803601155995301,-874.3890612500371,-11.97793234589092,1.1977668768947547,0.9323670034707243,14.794882476601568,1
actual,15m,ZENUSDT,0,earlier,86,86,0,0.27906976744186046,-17.01408640652708,-8.877301473622689,-0.19783821402938467,-6045.2313902071255,-70.2933882582224,0.7295616827454321,0.6320325498403455,20.870995137812073,0
actual,15m,ZENUSDT,0,later,44,44,0,0.22727272727272727,1.7104443531291114,6.236033426227336,0.038873735298388896,-3603.5778193718797,-81.89949589481546,1.0486235720910129,0.6125986440797273,14.709188561613876,1
actual,15m,ZENUSDT,0,full,130,130,0,0.26153846153846155,-15.303642053397967,-2.641268047395344,-0.11772032348767666,-9648.809209579003,-74.22160930445388,0.8439840946306404,0.6250069672948328,33.538395182704086,1
actual,15m,ZENUSDT,20,earlier,84,84,0,0.27380952380952384,-18.23062426223837,-10.272511054460999,-0.21703124121712344,-6049.5971863263685,-72.01901412293296,0.7052723806202121,0.623285404909656,20.045744476801485,0
actual,15m,ZENUSDT,20,later,44,44,0,0.22727272727272727,1.7104443531291114,6.236033426227336,0.038873735298388896,-3603.5778193718797,-81.89949589481546,1.0486235720910129,0.6125986440797273,14.709188561613876,1
actual,15m,ZENUSDT,20,full,128,128,0,0.2578125,-16.520179909109252,-4.036477628233662,-0.12906390553991604,-9653.17500569825,-75.41542973201757,0.8297469737333535,0.6193656705700562,34.75493303841537,1
actual,15m,ZENUSDT,30,earlier,86,86,0,0.27906976744186046,-17.01408640652708,-8.877301473622689,-0.19783821402938467,-6045.2313902071255,-70.2933882582224,0.7295616827454321,0.6320325498403455,20.870995137812073,0
actual,15m,ZENUSDT,30,later,44,44,0,0.22727272727272727,1.7104443531291114,6.236033426227336,0.038873735298388896,-3603.5778193718797,-81.89949589481546,1.0486235720910129,0.6125986440797273,14.709188561613876,1
actual,15m,ZENUSDT,30,full,130,130,0,0.26153846153846155,-15.303642053397967,-2.641268047395344,-0.11772032348767666,-9648.809209579003,-74.22160930445388,0.8439840946306404,0.6250069672948328,33.538395182704086,1
actual,15m,ZENUSDT,50,earlier,81,81,0,0.2716049382716049,-17.855354808358868,-10.08202129464548,-0.22043647911554157,-7210.189684497669,-89.01468746293419,0.7006584658463556,0.5393103131689811,22.460631819213756,0
actual,15m,ZENUSDT,50,later,43,43,0,0.23255813953488372,2.027047445912614,6.5169612612788805,0.04714063827703754,-3426.086127419852,-79.67642156790353,1.0581471276903192,0.6245151305849622,14.709188561613876,1
actual,15m,ZENUSDT,50,full,124,124,0,0.25806451612903225,-15.828307362446251,-3.5650600333665947,-0.12764764001972784,-10636.275811917518,-85.7764178380445,0.8325214053082982,0.5706901881478514,34.37966358453587,1
actual,15m,ZENUSDT,60,earlier,79,79,0,0.27848101265822783,-16.32987703592937,-8.808507781131977,-0.20670730425227052,-7021.030231783094,-88.87380040231764,0.7190476321320718,0.5459082708069873,22.09720532883554,0
actual,15m,ZENUSDT,60,later,41,41,0,0.21951219512195122,2.3165930499206233,6.556716612960844,0.05650226951025911,-3590.478286086679,-87.57264112406534,1.0688177239014638,0.5983149528930587,15.621178671891592,1
actual,15m,ZENUSDT,60,full,120,120,0,0.25833333333333336,-14.013283986008744,-2.251791168171131,-0.11677736655007287,-10611.508517869772,-88.42923764891478,0.8473266180755866,0.5651064120225703,33.766175922384086,1
actual,15m,ZENUSDT,90,earlier,70,70,0,0.2714285714285714,-17.411292733559247,-10.98296041185689,-0.24873275333656067,-6238.348310614538,-89.11926158020769,0.6657559240702291,0.5637779759463383,21.829400161133957,0
actual,15m,ZENUSDT,90,later,36,36,0,0.25,6.246691626427764,10.011482002638486,0.17351921184521568,-2526.6665641076775,-70.18518233632437,1.216055023256086,0.6762769691526029,14.223107914377309,1
actual,15m,ZENUSDT,90,full,106,106,0,0.2641509433962264,-11.16460110713148,-0.9714784092184039,-0.10532642553897623,-8765.014874722214,-82.68881957285107,0.862172319618985,0.6034985148578492,34.43166974519593,1
actual,15m,ZENUSDT,120,earlier,63,63,0,0.25396825396825395,-16.967915130592086,-11.176822045545586,-0.26933198619987436,-5823.319263960937,-92.43363911049106,0.6541939329938394,0.556598104873012,20.997469942137165,0
actual,15m,ZENUSDT,120,later,31,31,0,0.1935483870967742,5.084808242789291,8.396119514388154,0.16402607234804165,-2824.9997236201525,-91.12902334258555,1.1860115511978486,0.6163257446410391,14.299908130154492,1
actual,15m,ZENUSDT,120,full,94,94,0,0.23404255319148937,-11.883106887802795,-2.780702531157429,-0.12641603072130633,-8648.31898758109,-92.00339348490522,0.8444694853287676,0.5780544532389186,35.297378072291664,1
actual,15m,ZENUSDT,150,earlier,57,57,0,0.2631578947368421,-10.465057364311624,-5.004166113076528,-0.18359749761950217,-3754.9308216794107,-65.87597932770896,0.7607303836933021,0.6638262570629236,17.935493901253977,0
actual,15m,ZENUSDT,150,later,31,31,0,0.1935483870967742,5.0884191481740375,8.396119514388154,0.16414255316690443,-2891.6525898464133,-93.27911580149721,1.1861682363104247,0.6107965780611069,14.296297224769747,1
actual,15m,ZENUSDT,150,full,88,88,0,0.23863636363636365,-5.376638216137587,3.3919534013116213,-0.06109816154701803,-6646.583411525825,-75.5293569491571,0.9243471613726467,0.6426430227822023,28.790909400626454,1
actual,15m,ZENUSDT,200,earlier,49,49,0,0.24489795918367346,-6.9091778767536205,-2.327301601122797,-0.141003630137829,-2427.265346143505,-49.536027472316434,0.8176379349968739,0.7443053529827981,15.866322254790163,0
actual,15m,ZENUSDT,200,later,27,27,0,0.2222222222222222,4.228656308692103,7.061182331816604,0.15661690032192974,-2132.162356655983,-78.9689761724438,1.1840327782490336,0.6645431391347759,10.975769659192203,1
actual,15m,ZENUSDT,200,full,76,76,0,0.23684210526315788,-2.6805215680615158,4.733880730693808,-0.03527002063238836,-4559.4277027994885,-59.992469773677485,0.9559594692066319,0.7123175984698771,24.05258564641742,1
actual,1h,1000PEPEUSDT,0,earlier,23,23,0,0.391304347826087,8.87005730164492,10.011056921583066,0.38565466528890957,3296.6357375543002,143.3319885893174,1.6488221233952085,1.45698388848062,4.528729914973685,0
actual,1h,1000PEPEUSDT,0,later,13,12,1,0.4166666666666667,-0.693419695036003,-0.044924362339849644,-0.05778497458633358,521.6259012602876,43.46882510502396,0.8871563908991194,1.2406042933549302,3.9455576863998894,0
actual,1h,1000PEPEUSDT,0,full,36,35,1,0.4,8.176637606608919,9.966132559243217,0.2336182173316834,3818.2616388145884,109.09318968041681,1.4126285261615763,1.4069824932423494,4.528729914973685,0
actual,1h,1000PEPEUSDT,20,earlier,23,23,0,0.391304347826087,8.87005730164492,10.011056921583066,0.38565466528890957,3296.6357375543002,143.3319885893174,1.6488221233952085,1.45698388848062,4.528729914973685,0
actual,1h,1000PEPEUSDT,20,later,13,12,1,0.4166666666666667,-0.693419695036003,-0.044924362339849644,-0.05778497458633358,521.6259012602876,43.46882510502396,0.8871563908991194,1.2406042933549302,3.9455576863998894,0
actual,1h,1000PEPEUSDT,20,full,36,35,1,0.4,8.176637606608919,9.966132559243217,0.2336182173316834,3818.2616388145884,109.09318968041681,1.4126285261615763,1.4069824932423494,4.528729914973685,0
actual,1h,1000PEPEUSDT,30,earlier,23,23,0,0.391304347826087,8.87005730164492,10.011056921583066,0.38565466528890957,3296.6357375543002,143.3319885893174,1.6488221233952085,1.45698388848062,4.528729914973685,0
actual,1h,1000PEPEUSDT,30,later,13,12,1,0.4166666666666667,-0.693419695036003,-0.044924362339849644,-0.05778497458633358,521.6259012602876,43.46882510502396,0.8871563908991194,1.2406042933549302,3.9455576863998894,0
actual,1h,1000PEPEUSDT,30,full,36,35,1,0.4,8.176637606608919,9.966132559243217,0.2336182173316834,3818.2616388145884,109.09318968041681,1.4126285261615763,1.4069824932423494,4.528729914973685,0
actual,1h,1000PEPEUSDT,50,earlier,23,23,0,0.391304347826087,8.87005730164492,10.011056921583066,0.38565466528890957,3296.6357375543002,143.3319885893174,1.6488221233952085,1.45698388848062,4.528729914973685,0
actual,1h,1000PEPEUSDT,50,later,12,11,1,0.45454545454545453,0.34370736606971763,0.9550756376601484,0.031246124188156147,1080.3165329547296,98.21059390497543,1.0672902251344538,1.6712993109031256,2.9084306252941685,0
actual,1h,1000PEPEUSDT,50,full,35,34,1,0.4117647058823529,9.21376466771464,10.966132559243215,0.2709930784621953,4376.95227050903,128.73389030908913,1.4906458293746363,1.4960736083015023,4.528729914973685,0
actual,1h,1000PEPEUSDT,60,earlier,20,20,0,0.4,7.800231152773511,8.762999725437583,0.39001155763867557,3630.5473525538773,181.52736762769385,1.6747672742918827,1.6120428911441753,4.528729914973685,0
actual,1h,1000PEPEUSDT,60,later,13,12,1,0.4166666666666667,-0.693419695036003,-0.044924362339849644,-0.05778497458633358,521.6259012602876,43.46882510502396,0.8871563908991194,1.2406042933549302,3.9455576863998894,0
actual,1h,1000PEPEUSDT,60,full,33,32,1,0.40625,7.1068114577375106,8.718075363097734,0.2220878580542972,4152.173253814165,129.75541418169266,1.4014048807325419,1.5126245061585488,4.528729914973685,0
actual,1h,1000PEPEUSDT,90,earlier,17,17,0,0.35294117647058826,4.27336605331198,5.07145356124597,0.2513744737242341,2166.875551134659,127.46326771380348,1.4066482647112377,1.385753549170939,6.012330641872966,0
actual,1h,1000PEPEUSDT,90,later,11,10,1,0.4,0.2674935385772279,0.7686867487712596,0.026749353857722792,878.9026746075629,87.89026746075629,1.0529594576766501,1.4991772126233636,2.9084306252941685,0
actual,1h,1000PEPEUSDT,90,full,28,27,1,0.37037037037037035,4.540859591889207,5.840140310017231,0.16817998488478544,3045.778225742222,112.80660095341563,1.2918353188539242,1.4128213903393116,6.012330641872966,0
actual,1h,1000PEPEUSDT,120,earlier,13,13,0,0.38461538461538464,4.693279835861414,5.2882499662010005,0.3610215258354934,3834.782069064343,294.9832360818725,1.633135998998882,2.173090800012954,3.9432288048557957,0
actual,1h,1000PEPEUSDT,120,later,7,7,0,0.42857142857142855,0.7311423232943761,1.0769610601871402,0.10444890332776802,875.5354245254873,125.07648921792676,1.2291786027259992,1.7927223979924125,3.190273064752529,0
actual,1h,1000PEPEUSDT,120,full,20,20,0,0.4,5.424422159155791,6.36521102638814,0.27122110795778953,4710.317493589831,235.51587467949156,1.5115919630563197,2.077032346429692,3.9432288048557957,0
actual,1h,1000PEPEUSDT,150,earlier,13,13,0,0.38461538461538464,3.9486413909083002,4.53719511388033,0.3037416454544846,3517.278839774377,270.5599107518752,1.4840569606493046,1.9807107043746737,4.68786724980891,0
actual,1h,1000PEPEUSDT,150,later,8,8,0,0.375,-0.06669381423305865,0.32933852909715977,-0.00833672677913233,557.7585532222029,69.71981915277536,0.9832768334941956,1.392168118967491,3.988109202279964,0
actual,1h,1000PEPEUSDT,150,full,21,21,0,0.38095238095238093,3.8819475766752416,4.8665336429774895,0.18485464650834485,4075.0373929965804,194.04939966650383,1.3196202580710075,1.8135914069180465,4.754561064041969,0
actual,1h,1000PEPEUSDT,200,earlier,12,12,0,0.4166666666666667,4.997763150015617,5.53719511388033,0.4164802625013014,3944.430382460483,328.7025318717069,1.7030915278816485,2.2485110419542647,3.6387454907015915,0
actual,1h,1000PEPEUSDT,200,later,8,8,0,0.375,-0.06669381423305865,0.32933852909715977,-0.00833672677913233,557.7585532222029,69.71981915277536,0.9832768334941956,1.392168118967491,3.988109202279964,0
actual,1h,1000PEPEUSDT,200,full,20,20,0,0.4,4.931069335782558,5.866533642977489,0.2465534667891279,4502.188935682686,225.10944678413432,1.444385510386153,1.982677892701485,3.988109202279965,0
actual,1h,AAVEUSDT,0,earlier,25,25,0,0.28,-4.276915388037645,-3.073421972565444,-0.17107661552150583,-1840.0580625943558,-73.60232250377423,0.7364068274394664,0.7678536073881873,9.096216482263706,0
actual,1h,AAVEUSDT,0,later,11,10,1,0.5,1.7540811430531846,2.267743855253981,0.17540811430531847,1974.417400898824,197.44174008988242,1.3311039586383326,1.9803851998194142,3.190643695880736,0
actual,1h,AAVEUSDT,0,full,36,35,1,0.34285714285714286,-2.522834244984462,-0.8056781173114642,-0.07208097842812748,134.3593383044679,3.838838237270512,0.8827848956163628,1.0135167596099628,9.096216482263706,0
actual,1h,AAVEUSDT,20,earlier,24,24,0,0.2916666666666667,-3.2276616116025996,-2.0734219725654426,-0.13448590048344164,-1413.9978282816521,-58.916576178402174,0.7873206471632951,0.8114725620954397,8.046962705828658,0
actual,1h,AAVEUSDT,20,later,11,10,1,0.5,1.7540811430531846,2.267743855253981,0.17540811430531847,1974.417400898824,197.44174008988242,1.3311039586383326,1.9803851998194142,3.190643695880736,0
actual,1h,AAVEUSDT,20,full,35,34,1,0.35294117647058826,-1.4735804685494154,0.19432188268853756,-0.043340602016159274,560.4195726171714,16.482928606387393,0.9280262571252745,1.0589038413143461,8.046962705828658,0
actual,1h,AAVEUSDT,30,earlier,25,25,0,0.28,-4.276915388037645,-3.073421972565444,-0.17107661552150583,-1840.0580625943558,-73.60232250377423,0.7364068274394664,0.7678536073881873,9.096216482263706,0
actual,1h,AAVEUSDT,30,later,11,10,1,0.5,1.7540811430531846,2.267743855253981,0.17540811430531847,1974.417400898824,197.44174008988242,1.3311039586383326,1.9803851998194142,3.190643695880736,0
actual,1h,AAVEUSDT,30,full,36,35,1,0.34285714285714286,-2.522834244984462,-0.8056781173114642,-0.07208097842812748,134.3593383044679,3.838838237270512,0.8827848956163628,1.0135167596099628,9.096216482263706,0
actual,1h,AAVEUSDT,50,earlier,24,24,0,0.2916666666666667,-2.981199457348411,-1.8148638999296987,-0.12421664405618378,-1908.5444245704641,-79.52268435710266,0.8034526801158575,0.7475146283832407,8.038621677068901,0
actual,1h,AAVEUSDT,50,later,11,10,1,0.5,1.7540811430531846,2.267743855253981,0.17540811430531847,1974.417400898824,197.44174008988242,1.3311039586383326,1.9803851998194142,3.190643695880736,0
actual,1h,AAVEUSDT,50,full,35,34,1,0.35294117647058826,-1.227118314295227,0.45287995532428194,-0.03609171512633021,65.87297632835956,1.9374404802458693,0.940039722178275,1.0068811576442567,8.038621677068901,0
actual,1h,AAVEUSDT,60,earlier,21,21,0,0.3333333333333333,-1.3140115324782962,-0.36393056934613877,-0.06257197773706172,-954.1092912609009,-45.433775774328616,0.8956061768767428,0.8581611749236575,7.626209727383368,0
actual,1h,AAVEUSDT,60,later,11,10,1,0.5,1.7540811430531846,2.267743855253981,0.17540811430531847,1974.417400898824,197.44174008988242,1.3311039586383326,1.9803851998194142,3.190643695880736,0
actual,1h,AAVEUSDT,60,full,32,31,1,0.3870967741935484,0.44006961057488836,1.9038132859078418,0.014195793889512528,1020.3081096379228,32.91316482702977,1.024605875398417,1.1167315824459587,7.626209727383368,0
actual,1h,AAVEUSDT,90,earlier,20,20,0,0.25,-6.982879024874543,-6.083043725531799,-0.34914395124372716,-3412.3571342884047,-170.61785671442024,0.48981456719882394,0.49927645774401386,10.026963715609144,0
actual,1h,AAVEUSDT,90,later,10,9,1,0.4444444444444444,1.5442971953493028,2.027413859333577,0.17158857726103363,1488.362498571687,165.37361095240968,1.2915047098700412,1.73903753324989,3.190643695880736,0
actual,1h,AAVEUSDT,90,full,30,29,1,0.3103448275862069,-5.438581829525241,-4.05562986619822,-0.1875373044663876,-1923.9946357167175,-66.3446426109213,0.7135269301158684,0.7820767717152636,10.513442747125772,0
actual,1h,AAVEUSDT,120,earlier,21,21,0,0.23809523809523808,-4.767144968866901,-3.905566607675725,-0.22700690327937625,-2343.6078117319303,-111.60037198723478,0.6605950929072639,0.6905669364012047,10.423732745850845,0
actual,1h,AAVEUSDT,120,later,10,9,1,0.4444444444444444,1.5442971953493028,2.027413859333577,0.17158857726103363,1488.362498571687,165.37361095240968,1.2915047098700412,1.73903753324989,3.190643695880736,0
actual,1h,AAVEUSDT,120,full,31,30,1,0.3,-3.2228477735175987,-1.8781527483421485,-0.10742825911725329,-855.2453131602432,-28.50817710534144,0.8333866382095365,0.9107985543167891,10.423732745850845,0
actual,1h,AAVEUSDT,150,earlier,16,16,0,0.3125,-0.335235592485005,0.3274874669625083,-0.020952224530312813,167.92927897548049,10.49557993596753,0.9651293486905708,1.0331722678143005,7.061521017845209,0
actual,1h,AAVEUSDT,150,later,9,8,1,0.375,-1.008580610136979,-0.5561272877985906,-0.12607257626712237,-176.738347231825,-22.092293403978125,0.8096182528700193,0.9122416264221809,4.227404903566004,0
actual,1h,AAVEUSDT,150,full,25,24,1,0.3333333333333333,-1.3438162026219844,-0.22863982083608292,-0.05599234177591602,-8.809068256344643,-0.36704451068102684,0.9098797253023126,0.9987551236204313,7.061521017845209,0
actual,1h,AAVEUSDT,200,earlier,14,14,0,0.2857142857142857,-1.891645291984886,-1.3013855781566248,-0.1351175208560633,-220.3569855259237,-15.73978468042312,0.7954522758983643,0.9530010203854078,7.732849416282374,0
actual,1h,AAVEUSDT,200,later,8,7,1,0.42857142857142855,0.07247934190139105,0.44387271220141034,0.01035419170019872,89.99261543310502,12.856087919015003,1.0171889874149131,1.051507084491996,3.146344951527634,0
actual,1h,AAVEUSDT,200,full,22,21,1,0.3333333333333333,-1.819165950083495,-0.8575128659552143,-0.08662695000397595,-130.36437009281877,-6.207827147277085,0.864892243975554,0.9797436777417884,7.732849416282374,0
actual,1h,AEROUSDT,0,earlier,14,14,0,0.21428571428571427,1.130298429139572,1.804500224029772,0.08073560208139799,-269.37555015478557,-19.241110725341827,1.0981681260902272,0.9579520580516682,7.371783100889076,0
actual,1h,AEROUSDT,0,later,11,11,0,0.18181818181818182,-7.5177971038094045,-6.958789301418307,-0.6834361003463095,-3875.9599808489706,-352.35999825899734,0.20325285484733555,0.1415072779951023,8.676213211191964,0
actual,1h,AEROUSDT,0,full,26,26,0,0.19230769230769232,-7.032197676096365,-5.76627195898625,-0.27046914138832173,-4539.452562485399,-174.5943293263615,0.6743480863779779,0.5988235313443836,12.304617508347537,0
actual,1h,AEROUSDT,20,earlier,14,14,0,0.21428571428571427,1.130298429139572,1.804500224029772,0.08073560208139799,-269.37555015478557,-19.241110725341827,1.0981681260902272,0.9579520580516682,7.371783100889076,0
actual,1h,AEROUSDT,20,later,11,11,0,0.18181818181818182,-7.5177971038094045,-6.958789301418307,-0.6834361003463095,-3875.9599808489706,-352.35999825899734,0.20325285484733555,0.1415072779951023,8.676213211191964,0
actual,1h,AEROUSDT,20,full,26,26,0,0.19230769230769232,-7.032197676096365,-5.76627195898625,-0.27046914138832173,-4539.452562485399,-174.5943293263615,0.6743480863779779,0.5988235313443836,12.304617508347537,0
actual,1h,AEROUSDT,30,earlier,13,13,0,0.23076923076923078,2.1582632178719665,2.804500224029774,0.1660202475286128,465.8095417616082,35.83150321243141,1.2058244922702903,1.0821358918052797,6.343818312156682,0
actual,1h,AEROUSDT,30,later,11,11,0,0.18181818181818182,-7.5177971038094045,-6.958789301418307,-0.6834361003463095,-3875.9599808489706,-352.35999825899734,0.20325285484733555,0.1415072779951023,8.676213211191964,0
actual,1h,AEROUSDT,30,full,25,25,0,0.2,-6.00423288736397,-4.76627195898625,-0.2401693154945588,-3804.2674705690056,-152.17069882276022,0.7080540880249561,0.6404340444556327,12.304617508347537,0
actual,1h,AEROUSDT,50,earlier,13,13,0,0.15384615384615385,-1.707118656287562,-1.084947012151129,-0.13131681971442785,-1360.0574122370724,-104.61980094131326,0.8517341657910749,0.7877030224781646,7.371783100889076,0
actual,1h,AEROUSDT,50,later,11,11,0,0.18181818181818182,-7.5177971038094045,-6.958789301418307,-0.6834361003463095,-3875.9599808489706,-352.35999825899734,0.20325285484733555,0.1415072779951023,8.676213211191964,0
actual,1h,AEROUSDT,50,full,24,24,0,0.16666666666666666,-9.224915760096966,-8.043736313569436,-0.38437149000404025,-5236.017393086043,-218.16739137858514,0.5596597344463061,0.5205654049565679,11.659918506921006,0
actual,1h,AEROUSDT,60,earlier,12,12,0,0.16666666666666666,-0.6293853229542292,-0.08494701215113054,-0.052448776912852435,-1082.7675323056828,-90.23062769214025,0.9396919317763563,0.8233399091820895,6.294049767555744,0
actual,1h,AEROUSDT,60,later,11,11,0,0.18181818181818182,-7.5177971038094045,-6.958789301418307,-0.6834361003463095,-3875.9599808489706,-352.35999825899734,0.20325285484733555,0.1415072779951023,8.676213211191964,0
actual,1h,AEROUSDT,60,full,24,24,0,0.16666666666666666,-8.791881428190166,-7.655719195167152,-0.3663283928412569,-5352.8445446362975,-223.03518935984573,0.5714722798183121,0.5150557259737255,12.304617508347537,0
actual,1h,AEROUSDT,90,earlier,9,9,0,0.2222222222222222,2.4927750205653494,2.915052987848869,0.2769750022850388,555.2874102959273,61.69860114399192,1.3408218936883163,1.1236432243376675,4.2276640719234875,0
actual,1h,AEROUSDT,90,later,8,8,0,0.25,-4.408365697501036,-3.958789301418307,-0.5510457121876295,-2048.905799741899,-256.1132249677374,0.3031552807027375,0.23769841033676622,5.566781804883596,0
actual,1h,AEROUSDT,90,full,18,18,0,0.2222222222222222,-2.5602896783622198,-1.6557191951671526,-0.14223831546456778,-1887.7354209276136,-104.8741900515341,0.8207693890412566,0.7507266099576759,8.139411454151846,0
actual,1h,AEROUSDT,120,earlier,8,8,0,0.25,3.5263965675266755,3.915052987848869,0.44079957094083444,1170.1440367029602,146.26800458787002,1.5614933103990636,1.3018799956694287,4.2276640719234875,0
actual,1h,AEROUSDT,120,later,7,7,0,0.14285714285714285,-5.547794818961857,-5.197044334975364,-0.792542116994551,-2446.766594746227,-349.5380849637467,0.12040204166802948,0.12473606607867353,5.547794818961857,0
actual,1h,AEROUSDT,120,full,16,16,0,0.1875,-2.6660972528617126,-1.8939742287242103,-0.16663107830385704,-1670.7395895249078,-104.42122434530674,0.7985156884035677,0.7635445124762552,8.24521902865134,0
actual,1h,AEROUSDT,150,earlier,7,7,0,0.14285714285714285,0.4543712269616069,0.7657992565055858,0.06491017528022956,349.6141423550772,49.94487747929674,1.0723556980354938,1.0897901725391266,4.226963044329352,0
actual,1h,AEROUSDT,150,later,6,6,0,0.16666666666666666,-4.497147396281445,-4.197044334975364,-0.7495245660469075,-2031.8797684964306,-338.64662808273846,0.14446729000252884,0.14647508229646533,4.497147396281445,0
actual,1h,AEROUSDT,150,full,14,14,0,0.14285714285714285,-4.687475170746371,-4.043227960067494,-0.3348196550533122,-2076.3826576229953,-148.3130469730711,0.6151793204337984,0.6886222066960731,7.194571605970928,0
actual,1h,AEROUSDT,200,earlier,6,6,0,0.0,-6.2792300237672976,-5.999999999999996,-1.0465383372945496,-3896.6014029876173,-649.4335671646029,0.0,0.0,6.2792300237672976,0
actual,1h,AEROUSDT,200,later,6,6,0,0.16666666666666666,-4.497147396281445,-4.197044334975364,-0.7495245660469075,-2031.8797684964306,-338.64662808273846,0.14446729000252884,0.14647508229646533,4.497147396281445,0
actual,1h,AEROUSDT,200,full,13,13,0,0.07692307692307693,-11.421076421475274,-10.809027216573078,-0.8785443401134826,-6322.59820296569,-486.35370792043767,0.06234559716101652,0.05226795792673799,11.421076421475274,0
actual,1h,API3USDT,0,earlier,12,12,0,0.25,-3.209412046417603,-2.6896283347380177,-0.2674510038681336,-1899.5521603981092,-158.2960133665091,0.5362341095236357,0.4263472004170178,3.209412046417603,0
actual,1h,API3USDT,0,later,11,11,0,0.45454545454545453,5.164729033586706,5.944224987343155,0.4695208212351551,1303.2085627049707,118.4735057004519,1.966452288938124,1.6981966263172805,3.227592696993348,0
actual,1h,API3USDT,0,full,23,23,0,0.34782608695652173,1.9553169871691038,3.2545966526051373,0.0850137820508306,-596.343597693138,-25.927982508397307,1.1594311304963658,0.8848282271692117,3.986625161171704,0
actual,1h,API3USDT,20,earlier,12,12,0,0.25,-3.209412046417603,-2.6896283347380177,-0.2674510038681336,-1899.5521603981092,-158.2960133665091,0.5362341095236357,0.4263472004170178,3.209412046417603,0
actual,1h,API3USDT,20,later,11,11,0,0.45454545454545453,5.164729033586706,5.944224987343155,0.4695208212351551,1303.2085627049707,118.4735057004519,1.966452288938124,1.6981966263172805,3.227592696993348,0
actual,1h,API3USDT,20,full,23,23,0,0.34782608695652173,1.9553169871691038,3.2545966526051373,0.0850137820508306,-596.343597693138,-25.927982508397307,1.1594311304963658,0.8848282271692117,3.986625161171704,0
actual,1h,API3USDT,30,earlier,11,11,0,0.18181818181818182,-4.917939149221345,-4.459721792681947,-0.44708537720194047,-2454.5718944438922,-223.1428994948993,0.2893488290501541,0.258734733175035,4.917939149221345,0
actual,1h,API3USDT,30,later,11,11,0,0.45454545454545453,5.164729033586706,5.944224987343155,0.4695208212351551,1303.2085627049707,118.4735057004519,1.966452288938124,1.6981966263172805,3.227592696993348,0
actual,1h,API3USDT,30,full,22,22,0,0.3181818181818182,0.24678988436536264,1.4845031946612082,0.011217722016607394,-1151.3633317389208,-52.33469689722368,1.020122563511506,0.7776373275378584,5.695152263975446,0
actual,1h,API3USDT,50,earlier,11,11,0,0.18181818181818182,-4.917939149221345,-4.459721792681947,-0.44708537720194047,-2454.5718944438922,-223.1428994948993,0.2893488290501541,0.258734733175035,4.917939149221345,0
actual,1h,API3USDT,50,later,10,10,0,0.5,6.254204443422774,6.944224987343155,0.6254204443422774,1546.733663474481,154.6733663474481,2.470009666250947,1.9530031188284875,2.1381172871572813,0
actual,1h,API3USDT,50,full,21,21,0,0.3333333333333333,1.3362652942014293,2.484503194661208,0.06363168067625853,-907.838230969411,-43.230391950924336,1.1195778021562333,0.8160161807043159,5.695152263975446,0
actual,1h,API3USDT,60,earlier,11,11,0,0.18181818181818182,-4.917939149221345,-4.459721792681947,-0.44708537720194047,-2454.5718944438922,-223.1428994948993,0.2893488290501541,0.258734733175035,4.917939149221345,0
actual,1h,API3USDT,60,later,10,10,0,0.5,6.254204443422774,6.944224987343155,0.6254204443422774,1546.733663474481,154.6733663474481,2.470009666250947,1.9530031188284875,2.1381172871572813,0
actual,1h,API3USDT,60,full,21,21,0,0.3333333333333333,1.3362652942014293,2.484503194661208,0.06363168067625853,-907.838230969411,-43.230391950924336,1.1195778021562333,0.8160161807043159,5.695152263975446,0
actual,1h,API3USDT,90,earlier,10,10,0,0.2,-4.238281520463747,-3.8231312869144283,-0.42382815204637475,-2215.8227701803103,-221.58227701803102,0.2783046724915844,0.2283753892928968,4.238281520463747,0
actual,1h,API3USDT,90,later,8,8,0,0.5,6.036860596151557,6.592409257938716,0.7546075745189447,1493.80025114894,186.7250313936175,2.736067150011015,2.0773494892804223,2.1381172871572813,0
actual,1h,API3USDT,90,full,18,18,0,0.3333333333333333,1.79857907568781,2.7692779710242874,0.09992105976043389,-722.0225190313699,-40.11236216840944,1.1923615231178593,0.8304388760597705,4.238281520463747,0
actual,1h,API3USDT,120,earlier,8,8,0,0.125,-4.906748957438538,-4.5724935318123885,-0.6133436196798172,-2169.574116340922,-271.19676454261526,0.031107163094686033,0.046721672169750365,4.906748957438538,0
actual,1h,API3USDT,120,later,8,8,0,0.5,6.036860596151557,6.592409257938716,0.7546075745189447,1493.80025114894,186.7250313936175,2.736067150011015,2.0773494892804223,2.1381172871572813,0
actual,1h,API3USDT,120,full,16,16,0,0.3125,1.1301116387130197,2.019915726126327,0.07063197741956373,-675.7738651919822,-42.235866574498885,1.132306719858241,0.8154863282733178,4.906748957438538,0
actual,1h,API3USDT,150,earlier,8,8,0,0.125,-4.906748957438538,-4.5724935318123885,-0.6133436196798172,-2169.574116340922,-271.19676454261526,0.031107163094686033,0.046721672169750365,4.906748957438538,0
actual,1h,API3USDT,150,later,7,7,0,0.42857142857142855,4.71213559615156,5.154909257938719,0.6731622280216515,1258.867863651712,179.83826623595886,2.3551056355502626,1.9079129883219463,2.1381172871572813,0
actual,1h,API3USDT,150,full,15,15,0,0.26666666666666666,-0.19461336128697743,0.5824157261263304,-0.012974224085798495,-910.7062526892103,-60.71375017928068,0.9772158301972808,0.7513402586227632,4.906748957438538,0
actual,1h,API3USDT,200,earlier,8,8,0,0.125,-4.906748957438538,-4.5724935318123885,-0.6133436196798172,-2169.574116340922,-271.19676454261526,0.031107163094686033,0.046721672169750365,4.906748957438538,0
actual,1h,API3USDT,200,later,7,7,0,0.42857142857142855,4.71213559615156,5.154909257938719,0.6731622280216515,1258.867863651712,179.83826623595886,2.3551056355502626,1.9079129883219463,2.1381172871572813,0
actual,1h,API3USDT,200,full,15,15,0,0.26666666666666666,-0.19461336128697743,0.5824157261263304,-0.012974224085798495,-910.7062526892103,-60.71375017928068,0.9772158301972808,0.7513402586227632,4.906748957438538,0
actual,1h,APTUSDT,0,earlier,18,18,0,0.2777777777777778,-6.9141232574727045,-5.715748143424378,-0.3841179587484836,-2611.093781284547,-145.06076562691928,0.44686730035449673,0.41221017995557335,6.9141232574727045,0
actual,1h,APTUSDT,0,later,7,7,0,0.2857142857142857,3.4853214119448044,3.8327939191831493,0.4979030588492578,2015.6212680474869,287.9458954353553,1.9983923092120774,2.4090233677915096,2.100447976470285,0
actual,1h,APTUSDT,0,full,26,26,0,0.3076923076923077,-1.3856986268819327,0.25800027076433996,-0.05329610103392049,-177.87893762796554,-6.841497601075598,0.913344385769819,0.969711046445444,6.9141232574727045,0
actual,1h,APTUSDT,20,earlier,18,18,0,0.2777777777777778,-6.9141232574727045,-5.715748143424378,-0.3841179587484836,-2611.093781284547,-145.06076562691928,0.44686730035449673,0.41221017995557335,6.9141232574727045,0
actual,1h,APTUSDT,20,later,7,7,0,0.2857142857142857,3.4853214119448044,3.8327939191831493,0.4979030588492578,2015.6212680474869,287.9458954353553,1.9983923092120774,2.4090233677915096,2.100447976470285,0
actual,1h,APTUSDT,20,full,26,26,0,0.3076923076923077,-1.3856986268819327,0.25800027076433996,-0.05329610103392049,-177.87893762796554,-6.841497601075598,0.913344385769819,0.969711046445444,6.9141232574727045,0
actual,1h,APTUSDT,30,earlier,18,18,0,0.2777777777777778,-6.9141232574727045,-5.715748143424378,-0.3841179587484836,-2611.093781284547,-145.06076562691928,0.44686730035449673,0.41221017995557335,6.9141232574727045,0
actual,1h,APTUSDT,30,later,7,7,0,0.2857142857142857,3.4853214119448044,3.8327939191831493,0.4979030588492578,2015.6212680474869,287.9458954353553,1.9983923092120774,2.4090233677915096,2.100447976470285,0
actual,1h,APTUSDT,30,full,26,26,0,0.3076923076923077,-1.3856986268819327,0.25800027076433996,-0.05329610103392049,-177.87893762796554,-6.841497601075598,0.913344385769819,0.969711046445444,6.9141232574727045,0
actual,1h,APTUSDT,50,earlier,18,18,0,0.2777777777777778,-6.9141232574727045,-5.715748143424378,-0.3841179587484836,-2611.093781284547,-145.06076562691928,0.44686730035449673,0.41221017995557335,6.9141232574727045,0
actual,1h,APTUSDT,50,later,7,7,0,0.2857142857142857,3.043984582107975,3.385907472296703,0.4348549403011393,1839.875957625444,262.8394225179206,1.7741035407465655,2.1454446595358014,2.100447976470285,0
actual,1h,APTUSDT,50,full,26,26,0,0.3076923076923077,-1.827035456718762,-0.18888617612210623,-0.07027059448918316,-353.62424805000853,-13.600932617308022,0.88881374725856,0.9415350061892557,6.9141232574727045,0
actual,1h,APTUSDT,60,earlier,16,16,0,0.3125,-4.715272123635446,-3.7157481434243813,-0.29470450772721535,-2148.39450294937,-134.2746564343356,0.5422547957428789,0.46013785666982365,4.715272123635447,0
actual,1h,APTUSDT,60,later,6,6,0,0.3333333333333333,3.624710420372274,3.9322585571093254,0.604118403395379,2177.755232355762,362.959205392627,2.08150440932639,2.716964121646108,2.100447976470285,0
actual,1h,APTUSDT,60,full,23,23,0,0.34782608695652173,0.9525415153827952,2.357464908690512,0.041414848494904136,446.9543050154862,19.432795870238532,1.0697698211643543,1.0851682242662786,4.715272123635447,0
actual,1h,APTUSDT,90,earlier,13,13,0,0.23076923076923078,-5.370317552611143,-4.594924312779006,-0.41310135020085714,-2462.410339757757,-189.41617998136593,0.4158598075133926,0.3474554267613959,5.370317552611143,0
actual,1h,APTUSDT,90,later,5,5,0,0.4,4.668547126180069,4.932258557109326,0.9337094252360139,2626.765141180359,525.3530282360717,3.0230232966089443,4.205852379105044,1.2593801264679332,0
actual,1h,APTUSDT,90,full,19,19,0,0.3157894736842105,1.3413327922148945,2.4782887393358886,0.07059646274815234,581.9483770316963,30.628861949036647,1.1166249543149847,1.1267056222586744,5.370317552611143,0
actual,1h,APTUSDT,120,earlier,8,8,0,0.0,-7.051154516041595,-6.589873634434778,-0.8813943145051993,-3170.8263179854634,-396.35328974818293,0.0,0.0,7.051154516041596,0
actual,1h,APTUSDT,120,later,4,4,0,0.5,5.733317496550439,5.932258557109325,1.4333293741376099,2955.548306779625,738.8870766949062,5.612715213165574,7.024570248255352,1.0483279132791314,0
actual,1h,APTUSDT,120,full,13,13,0,0.23076923076923078,0.7252661991548115,1.4833394176801147,0.05578970762729319,202.31556440325593,15.56273572332738,1.0874437108897692,1.055256208300513,7.051154516041596,0
actual,1h,APTUSDT,150,earlier,8,8,0,0.0,-7.051154516041595,-6.589873634434778,-0.8813943145051993,-3170.8263179854634,-396.35328974818293,0.0,0.0,7.051154516041596,0
actual,1h,APTUSDT,150,later,5,5,0,0.4,4.681197433359286,4.932258557109324,0.9362394866718573,2551.81891783685,510.36378356737004,3.039686133787006,3.8533883443147725,2.100447976470285,0
actual,1h,APTUSDT,150,full,13,13,0,0.15384615384615385,-2.3699570826823084,-1.6576150773254554,-0.1823043909755622,-619.0074001486134,-47.61595385758565,0.7464259296021318,0.8477278312734781,7.378872276684543,0
actual,1h,APTUSDT,200,earlier,9,9,0,0.1111111111111111,-6.859423791070364,-6.362792698493084,-0.7621581990078182,-3062.351307677081,-340.2612564085646,0.0271913946198509,0.03421032861153397,6.859423791070364,0
actual,1h,APTUSDT,200,later,5,5,0,0.4,4.681197433359286,4.932258557109324,0.9362394866718573,2551.81891783685,510.36378356737004,3.039686133787006,3.8533883443147725,2.100447976470285,0
actual,1h,APTUSDT,200,full,14,14,0,0.21428571428571427,-2.178226357711079,-1.4305341413837607,-0.15558759697936278,-510.53238984023085,-36.466599274302204,0.7669401999686919,0.8744120438827678,7.187141551713312,0
actual,1h,ARBUSDT,0,earlier,22,22,0,0.3181818181818182,1.667052831377892,2.874073373385734,0.0757751286989951,808.8489622158302,36.76586191890137,1.1092463404676371,1.1298308251902003,5.290012239565893,0
actual,1h,ARBUSDT,0,later,15,15,0,0.2,-2.792353603338932,-2.0084232725405116,-0.18615690688926215,-1171.936903632776,-78.12912690885173,0.7445071267754768,0.7420339706729095,7.420182968583811,0
actual,1h,ARBUSDT,0,full,38,38,0,0.2894736842105263,0.5553510798908092,2.6219463971415147,0.014614502102389716,81.26771859088738,2.138624173444405,1.021205624367126,1.0075436396348465,8.161095098208964,0
actual,1h,ARBUSDT,20,earlier,22,22,0,0.3181818181818182,1.667052831377892,2.874073373385734,0.0757751286989951,808.8489622158302,36.76586191890137,1.1092463404676371,1.1298308251902003,5.290012239565893,0
actual,1h,ARBUSDT,20,later,15,15,0,0.2,-2.792353603338932,-2.0084232725405116,-0.18615690688926215,-1171.936903632776,-78.12912690885173,0.7445071267754768,0.7420339706729095,7.420182968583811,0
actual,1h,ARBUSDT,20,full,38,38,0,0.2894736842105263,0.5553510798908092,2.6219463971415147,0.014614502102389716,81.26771859088738,2.138624173444405,1.021205624367126,1.0075436396348465,8.161095098208964,0
actual,1h,ARBUSDT,30,earlier,22,22,0,0.3181818181818182,1.667052831377892,2.874073373385734,0.0757751286989951,808.8489622158302,36.76586191890137,1.1092463404676371,1.1298308251902003,5.290012239565893,0
actual,1h,ARBUSDT,30,later,15,15,0,0.2,-2.792353603338932,-2.0084232725405116,-0.18615690688926215,-1171.936903632776,-78.12912690885173,0.7445071267754768,0.7420339706729095,7.420182968583811,0
actual,1h,ARBUSDT,30,full,38,38,0,0.2894736842105263,0.5553510798908092,2.6219463971415147,0.014614502102389716,81.26771859088738,2.138624173444405,1.021205624367126,1.0075436396348465,8.161095098208964,0
actual,1h,ARBUSDT,50,earlier,21,21,0,0.3333333333333333,1.607267152612674,2.784091699260027,0.076536531076794,1272.8818799370056,60.61342285414313,1.112951888638315,1.2297020607304365,5.290012239565893,0
actual,1h,ARBUSDT,50,later,15,15,0,0.13333333333333333,-4.86316521915718,-4.079696395500258,-0.3242110146104787,-2078.923398276259,-138.59489321841727,0.593880605323815,0.5844784993572526,8.46561917634982,0
actual,1h,ARBUSDT,50,full,37,37,0,0.2702702702702703,-1.5752462146926571,0.4606916000560629,-0.042574222018720465,-361.685858331421,-9.775293468416784,0.9398861472937877,0.9656994698168804,10.231906714027215,0
actual,1h,ARBUSDT,60,earlier,18,18,0,0.3333333333333333,3.044181371636439,4.013474767399677,0.1691211873131355,1219.38291418102,67.74349523227889,1.2522897457352649,1.2438438325045396,5.290012239565893,0
actual,1h,ARBUSDT,60,later,15,15,0,0.13333333333333333,-4.86316521915718,-4.079696395500258,-0.3242110146104787,-2078.923398276259,-138.59489321841727,0.593880605323815,0.5844784993572526,8.46561917634982,0
actual,1h,ARBUSDT,60,full,34,34,0,0.2647058823529412,-0.13833199566889198,1.6900746681957122,-0.004068588107908588,-415.18482408740607,-12.211318355511942,0.9942459796689164,0.9584974479104467,9.162474581063224,0
actual,1h,ARBUSDT,90,earlier,18,18,0,0.3333333333333333,1.3403007859487206,2.393177779329572,0.07446115477492893,855.2071529825583,47.51150849903102,1.1053081618153129,1.1750729094622716,5.559356216773944,0
actual,1h,ARBUSDT,90,later,13,13,0,0.15384615384615385,-2.695446747152996,-2.0796963955002594,-0.2073420574733074,-1561.5203388213797,-120.11694914010613,0.7251507207883722,0.6518942122088616,7.384227234957879,0
actual,1h,ARBUSDT,90,full,32,32,0,0.28125,0.3255058906475723,2.069777680125604,0.010172059082736634,-261.95752583098755,-8.186172682218361,1.0144448339541785,0.9720448230854805,7.38422723495788,0
actual,1h,ARBUSDT,120,earlier,16,16,0,0.25,-2.1416619410435374,-1.2823513648750602,-0.13385387131522108,-445.263590986861,-27.828974436678813,0.8312140547931961,0.9122446915168264,6.311848702268463,0
actual,1h,ARBUSDT,120,later,12,12,0,0.16666666666666666,-2.650241408871247,-2.081620307869149,-0.22085345073927057,-1443.5976667536843,-120.29980556280702,0.6975150076774096,0.6413944228916445,6.338791027191868,0
actual,1h,ARBUSDT,120,full,29,29,0,0.20689655172413793,-5.829196847278579,-4.363971672744207,-0.2010067878371924,-2445.14777988946,-84.31544068584344,0.7407803897474877,0.7467688734781031,10.775428243823486,0
actual,1h,ARBUSDT,150,earlier,13,13,0,0.3076923076923077,1.0438710830939455,1.7176486351249425,0.08029777562261119,611.6098524273691,47.04691172518224,1.10984538930764,1.1522535370612488,4.230299248629336,0
actual,1h,ARBUSDT,150,later,10,10,0,0.2,-0.5399524576111623,-0.08162030786914842,-0.05399524576111623,-676.0457830852581,-67.60457830852582,0.9188196984605403,0.7924988766366171,5.854310067445213,0
actual,1h,ARBUSDT,150,full,24,24,0,0.25,-0.5333748718810123,0.6360283272557936,-0.02222395299504218,-620.7224528068036,-25.863435533616816,0.9689747931286727,0.9207389640369856,8.982594077303862,0
actual,1h,ARBUSDT,200,earlier,12,12,0,0.25,-2.2594074173713268,-1.6186877012114136,-0.18828395144761056,-235.71107286655104,-19.64258940554592,0.7629695138114583,0.9381319756456744,6.400549912365236,0
actual,1h,ARBUSDT,200,later,6,6,0,0.16666666666666666,-1.9690709955373216,-1.7302480795885304,-0.3281784992562203,-1412.6241639964921,-235.43736066608201,0.551652717721499,0.43499095167063045,3.730414701336466,0
actual,1h,ARBUSDT,200,full,19,19,0,0.2631578947368421,-2.5478265610568007,-1.5926394845036516,-0.13409613479246318,-1203.9795768552096,-63.367346150274194,0.8170188235637684,0.8091974487758722,6.400549912365236,0
actual,1h,ARUSDT,0,earlier,16,16,0,0.4375,5.999348959406906,6.750874790517419,0.37495930996293164,1910.188756041878,119.38679725261737,1.637182817523595,1.4132603134083568,4.20237495421246,0
actual,1h,ARUSDT,0,later,9,9,0,0.3333333333333333,-2.578715957594052,-2.1664820128568936,-0.286523995288228,-74.80137289498572,-8.311263654998413,0.5920247519381332,0.973307717567886,3.747615129258767,0
actual,1h,ARUSDT,0,full,26,26,0,0.4230769230769231,6.3049663351461795,7.52341716790442,0.24249870519793,2890.1606847672283,111.16002633720109,1.4006665424166933,1.3892681725527534,4.20237495421246,0
actual,1h,ARUSDT,20,earlier,16,16,0,0.4375,5.999348959406906,6.750874790517419,0.37495930996293164,1910.188756041878,119.38679725261737,1.637182817523595,1.4132603134083568,4.20237495421246,0
actual,1h,ARUSDT,20,later,9,9,0,0.3333333333333333,-2.578715957594052,-2.1664820128568936,-0.286523995288228,-74.80137289498572,-8.311263654998413,0.5920247519381332,0.973307717567886,3.747615129258767,0
actual,1h,ARUSDT,20,full,26,26,0,0.4230769230769231,6.3049663351461795,7.52341716790442,0.24249870519793,2890.1606847672283,111.16002633720109,1.4006665424166933,1.3892681725527534,4.20237495421246,0
actual,1h,ARUSDT,30,earlier,16,16,0,0.4375,5.999348959406906,6.750874790517419,0.37495930996293164,1910.188756041878,119.38679725261737,1.637182817523595,1.4132603134083568,4.20237495421246,0
actual,1h,ARUSDT,30,later,9,9,0,0.3333333333333333,-2.578715957594052,-2.1664820128568936,-0.286523995288228,-74.80137289498572,-8.311263654998413,0.5920247519381332,0.973307717567886,3.747615129258767,0
actual,1h,ARUSDT,30,full,26,26,0,0.4230769230769231,6.3049663351461795,7.52341716790442,0.24249870519793,2890.1606847672283,111.16002633720109,1.4006665424166933,1.3892681725527534,4.20237495421246,0
actual,1h,ARUSDT,50,earlier,16,16,0,0.4375,4.743392948007673,5.481998347979109,0.2964620592504796,1597.213889638383,99.82586810239894,1.503789411765085,1.3455496795928517,4.202374954212458,0
actual,1h,ARUSDT,50,later,9,9,0,0.2222222222222222,-3.9608109041073547,-3.5363879689697466,-0.44009010045637276,-703.1582696191639,-78.12869662435155,0.4624609731944869,0.7831156429315163,3.960810904107354,0
actual,1h,ARUSDT,50,full,26,26,0,0.38461538461538464,3.6669153772336447,4.884634769253257,0.14103520681667864,1948.8289216395553,74.95495852459828,1.2184788822715023,1.2478061147262975,5.278852524986488,0
actual,1h,ARUSDT,60,earlier,16,16,0,0.4375,5.9707658524238,6.750874790517419,0.3731728657764875,2178.0953171541832,136.13095732213645,1.6322277437786872,1.500213145712598,4.20237495421246,0
actual,1h,ARUSDT,60,later,9,9,0,0.2222222222222222,-3.9608109041073547,-3.5363879689697466,-0.44009010045637276,-703.1582696191639,-78.12869662435155,0.4624609731944869,0.7831156429315163,3.960810904107354,0
actual,1h,ARUSDT,60,full,26,26,0,0.38461538461538464,4.8942882816497715,6.153511211791567,0.18824185698652968,2529.7103491553557,97.2965518905906,1.2911113537558327,1.3330133658862546,5.2788525249864895,0
actual,1h,ARUSDT,90,earlier,13,13,0,0.46153846153846156,6.862698278926723,7.518701372987409,0.5278998676097479,2726.209438661327,209.70841835856365,1.9327757161941057,1.8614996169560238,4.20237495421246,0
actual,1h,ARUSDT,90,later,8,8,0,0.25,-2.913161098659884,-2.5363879689697475,-0.3641451373324855,-263.4293785526949,-32.928672319086864,0.5391126275967139,0.9059972952218883,3.7476151292587665,0
actual,1h,ARUSDT,90,full,22,22,0,0.4090909090909091,6.833870513600164,7.921337794261555,0.3106304778909166,3517.553361728967,159.88878916949852,1.4996230719891888,1.5895157241469071,4.23120271953902,0
actual,1h,ARUSDT,120,earlier,9,9,0,0.4444444444444444,0.4102676891142403,0.8716441941812978,0.04558529879047114,173.2701196835172,19.2522355203908,1.077921328136678,1.0767976668014005,2.110241025641029,0
actual,1h,ARUSDT,120,later,7,7,0,0.2857142857142857,-1.8507610986598828,-1.5363879689697466,-0.26439444266569756,77.08344196012521,11.011920280017888,0.6480349215911343,1.0313112269229188,3.1381772366549128,0
actual,1h,ARUSDT,120,full,17,17,0,0.4117647058823529,1.443839923787684,2.2742806154554476,0.08493176022280494,1305.1268632639774,76.77216842729278,1.1372012545188364,1.2766249955935836,3.138177236654913,0
actual,1h,ARUSDT,150,earlier,8,8,0,0.375,-0.09086776213485015,0.3392367867738877,-0.011358470266856269,441.154541735042,55.14431771688025,0.9828544238445596,1.2388853828250148,3.157396207225642,0
actual,1h,ARUSDT,150,later,6,6,0,0.3333333333333333,-0.8205524655663581,-0.5363879689697468,-0.1367587442610597,759.1458377686491,126.52430629477485,0.8059314138378019,1.42653810265031,2.107968603561388,0
actual,1h,ARUSDT,150,full,14,14,0,0.35714285714285715,-0.9114202277012082,-0.19715118219585914,-0.06510144483580059,1200.3003795036914,85.73574139312082,0.9043423220436446,1.3309799433491163,3.157396207225642,0
actual,1h,ARUSDT,200,earlier,8,8,0,0.375,-1.3468237735340831,-0.9296396557644216,-0.1683529716917604,128.1796753315471,16.022459416443386,0.7458717037312199,1.0694093518600862,3.157396207225642,0
actual,1h,ARUSDT,200,later,6,6,0,0.3333333333333333,-0.8205524655663581,-0.5363879689697468,-0.1367587442610597,759.1458377686491,126.52430629477485,0.8059314138378019,1.42653810265031,2.107968603561388,0
actual,1h,ARUSDT,200,full,14,14,0,0.35714285714285715,-2.167376239100441,-1.4660276247341688,-0.15481258850717436,887.3255131001962,63.380393792871146,0.7725240542301252,1.2446778765325097,3.5997663141327685,0
actual,1h,BOMEUSDT,0,earlier,14,14,0,0.35714285714285715,6.397755467769706,6.905339556805946,0.45698253341212186,2329.4445755442457,166.3888982531604,1.6860368029372006,1.4243448265500294,7.249538236735825,1
actual,1h,BOMEUSDT,0,later,12,12,0,0.3333333333333333,4.112979385863216,4.680553476719952,0.34274828215526804,1793.7540227741965,149.47950189784973,1.6434466924685789,1.6069454470292417,3.1954778687634318,0
actual,1h,BOMEUSDT,0,full,27,27,0,0.37037037037037035,15.271416671814718,16.435893033525872,0.5656080248820265,5189.203687376964,192.19272916210977,1.9716013929935907,1.614478692324986,7.249538236735825,1
actual,1h,BOMEUSDT,20,earlier,14,14,0,0.35714285714285715,6.397755467769706,6.905339556805946,0.45698253341212186,2329.4445755442457,166.3888982531604,1.6860368029372006,1.4243448265500294,7.249538236735825,1
actual,1h,BOMEUSDT,20,later,12,12,0,0.3333333333333333,4.112979385863216,4.680553476719952,0.34274828215526804,1793.7540227741965,149.47950189784973,1.6434466924685789,1.6069454470292417,3.1954778687634318,0
actual,1h,BOMEUSDT,20,full,27,27,0,0.37037037037037035,15.271416671814718,16.435893033525872,0.5656080248820265,5189.203687376964,192.19272916210977,1.9716013929935907,1.614478692324986,7.249538236735825,1
actual,1h,BOMEUSDT,30,earlier,14,14,0,0.35714285714285715,6.397755467769706,6.905339556805946,0.45698253341212186,2329.4445755442457,166.3888982531604,1.6860368029372006,1.4243448265500294,7.249538236735825,1
actual,1h,BOMEUSDT,30,later,12,12,0,0.3333333333333333,4.112979385863216,4.680553476719952,0.34274828215526804,1793.7540227741965,149.47950189784973,1.6434466924685789,1.6069454470292417,3.1954778687634318,0
actual,1h,BOMEUSDT,30,full,27,27,0,0.37037037037037035,15.271416671814718,16.435893033525872,0.5656080248820265,5189.203687376964,192.19272916210977,1.9716013929935907,1.614478692324986,7.249538236735825,1
actual,1h,BOMEUSDT,50,earlier,13,13,0,0.38461538461538464,7.422307986526405,7.905339556805945,0.5709467681943389,3164.0249531498325,243.38653485767944,1.894133177620747,1.679715089181129,6.224985717979127,1
actual,1h,BOMEUSDT,50,later,11,11,0,0.2727272727272727,0.8964768217606498,1.3882457844122578,0.0814978928873318,945.1300206094014,85.92091096449103,1.1402474925644612,1.31979990320654,3.4760069010214965,0
actual,1h,BOMEUSDT,50,full,25,25,0,0.36,13.079466626468848,14.14358534121818,0.523178665058754,5175.160062817757,207.00640251271025,1.8901697664048698,1.68001983262414,6.224985717979127,1
actual,1h,BOMEUSDT,60,earlier,13,13,0,0.3076923076923077,4.862806546089798,5.349153404706062,0.37406204200690757,883.9181191038415,67.99370146952626,1.5214429143139019,1.161019534387468,7.249538236735825,1
actual,1h,BOMEUSDT,60,later,11,11,0,0.2727272727272727,0.8964768217606498,1.3882457844122578,0.0814978928873318,945.1300206094014,85.92091096449103,1.1402474925644612,1.31979990320654,3.4760069010214965,0
actual,1h,BOMEUSDT,60,full,25,25,0,0.32,10.519965186032245,11.587399189118294,0.4207986074412898,2895.0532287717656,115.80212915087063,1.6693035131349352,1.342817246999631,7.249538236735825,1
actual,1h,BOMEUSDT,90,earlier,10,10,0,0.2,-6.353221983660342,-5.973129570003332,-0.6353221983660342,-3451.2113220832753,-345.12113220832754,0.23519699993768095,0.2534495047611067,6.353221983660344,0
actual,1h,BOMEUSDT,90,later,8,8,0,0.5,7.077824653348398,7.451068276046273,0.8847280816685498,3178.176178827249,397.2720223534061,3.0651550772678284,3.0230826472629886,2.0998972236021403,0
actual,1h,BOMEUSDT,90,full,19,19,0,0.3684210526315789,3.5834821263943404,4.404933612664335,0.1886043224418074,566.3865915395866,29.809820607346662,1.305386156192053,1.0914436116618997,6.353221983660344,0
actual,1h,BOMEUSDT,120,earlier,8,8,0,0.25,-4.1022002073258035,-3.815455638944895,-0.5127750259157254,-1905.4464210406538,-238.18080263008173,0.34079388636757557,0.47453417774138107,6.222940173781829,0
actual,1h,BOMEUSDT,120,later,8,8,0,0.5,7.077824653348398,7.451068276046273,0.8847280816685498,3178.176178827249,397.2720223534061,3.0651550772678284,3.0230826472629886,2.0998972236021403,0
actual,1h,BOMEUSDT,120,full,17,17,0,0.4117647058823529,7.736306264204391,8.485612637101354,0.4550768390708465,2338.734846845118,137.57263804971285,1.8016730880721668,1.4500023456199194,6.222940173781829,0
actual,1h,BOMEUSDT,150,earlier,8,8,0,0.25,-4.1022002073258035,-3.815455638944895,-0.5127750259157254,-1905.4464210406538,-238.18080263008173,0.34079388636757557,0.47453417774138107,6.222940173781829,0
actual,1h,BOMEUSDT,150,later,8,8,0,0.5,7.077824653348398,7.451068276046273,0.8847280816685498,3178.176178827249,397.2720223534061,3.0651550772678284,3.0230826472629886,2.0998972236021403,0
actual,1h,BOMEUSDT,150,full,17,17,0,0.4117647058823529,7.736306264204391,8.485612637101354,0.4550768390708465,2338.734846845118,137.57263804971285,1.8016730880721668,1.4500023456199194,6.222940173781829,0
actual,1h,BOMEUSDT,200,earlier,7,7,0,0.14285714285714285,-5.65158370061644,-5.371641791044779,-0.8073691000880628,-3049.382820812812,-435.6261172589732,0.09391628187946098,0.08278597061177499,5.65158370061644,0
actual,1h,BOMEUSDT,200,later,8,8,0,0.5,7.077824653348398,7.451068276046273,0.8847280816685498,3178.176178827249,397.2720223534061,3.0651550772678284,3.0230826472629886,2.0998972236021403,0
actual,1h,BOMEUSDT,200,full,16,16,0,0.375,6.186922770913753,6.929426485001471,0.3866826731821096,1194.79844707296,74.67490294206,1.6401610140811762,1.2440569954000646,5.65158370061644,0
actual,1h,BTCUSDT,0,earlier,21,21,0,0.09523809523809523,-16.101334555675585,-13.256575191924181,-0.7667302169369327,-2865.617011648514,-136.45795293564353,0.1410462630369361,0.12327269529119522,16.10133455567559,0
actual,1h,BTCUSDT,0,later,17,16,1,0.3125,7.955522311431215,9.885840528191917,0.49722014446445095,1374.938086925594,85.93363043284963,1.7452229758757856,1.6733116120265465,5.3174960264815985,1
actual,1h,BTCUSDT,0,full,39,38,1,0.18421052631578946,-8.897798382574269,-4.01668849003119,-0.23415258901511235,-1632.5198643244694,-42.96104906117024,0.7051036696138804,0.7005887149822692,16.99242239579806,1
actual,1h,BTCUSDT,20,earlier,21,21,0,0.09523809523809523,-16.101334555675585,-13.256575191924181,-0.7667302169369327,-2865.617011648514,-136.45795293564353,0.1410462630369361,0.12327269529119522,16.10133455567559,0
actual,1h,BTCUSDT,20,later,17,16,1,0.3125,7.955522311431215,9.885840528191917,0.49722014446445095,1374.938086925594,85.93363043284963,1.7452229758757856,1.6733116120265465,5.3174960264815985,1
actual,1h,BTCUSDT,20,full,39,38,1,0.18421052631578946,-8.897798382574269,-4.01668849003119,-0.23415258901511235,-1632.5198643244694,-42.96104906117024,0.7051036696138804,0.7005887149822692,16.99242239579806,1
actual,1h,BTCUSDT,30,earlier,21,21,0,0.09523809523809523,-16.101334555675585,-13.256575191924181,-0.7667302169369327,-2865.617011648514,-136.45795293564353,0.1410462630369361,0.12327269529119522,16.10133455567559,0
actual,1h,BTCUSDT,30,later,17,16,1,0.3125,7.955522311431215,9.885840528191917,0.49722014446445095,1374.938086925594,85.93363043284963,1.7452229758757856,1.6733116120265465,5.3174960264815985,1
actual,1h,BTCUSDT,30,full,39,38,1,0.18421052631578946,-8.897798382574269,-4.01668849003119,-0.23415258901511235,-1632.5198643244694,-42.96104906117024,0.7051036696138804,0.7005887149822692,16.99242239579806,1
actual,1h,BTCUSDT,50,earlier,20,20,0,0.1,-14.84786488644987,-12.256575191924187,-0.7423932443224934,-2759.6807030792293,-137.98403515396146,0.15115368678526836,0.1274019069982317,14.847864886449871,0
actual,1h,BTCUSDT,50,later,17,16,1,0.3125,7.955522311431215,9.885840528191917,0.49722014446445095,1374.938086925594,85.93363043284963,1.7452229758757856,1.6733116120265465,5.3174960264815985,1
actual,1h,BTCUSDT,50,full,38,37,1,0.1891891891891892,-7.6443287133485525,-3.0166884900311937,-0.20660347873915005,-1526.5835557551843,-41.25901502041039,0.7356656223048421,0.7144702885658468,15.738952726572343,1
actual,1h,BTCUSDT,60,earlier,21,21,0,0.09523809523809523,-16.101334555675585,-13.256575191924181,-0.7667302169369327,-2865.617011648514,-136.45795293564353,0.1410462630369361,0.12327269529119522,16.10133455567559,0
actual,1h,BTCUSDT,60,later,17,16,1,0.3125,7.955522311431215,9.885840528191917,0.49722014446445095,1374.938086925594,85.93363043284963,1.7452229758757856,1.6733116120265465,5.3174960264815985,1
actual,1h,BTCUSDT,60,full,38,37,1,0.1891891891891892,-8.145812244244372,-3.3707346637322653,-0.22015708768228032,-1490.6789247229206,-40.28861958710596,0.7231259860697382,0.7193007845865912,16.24043625746816,1
actual,1h,BTCUSDT,90,earlier,20,20,0,0.1,-15.751656628658347,-12.955958527647685,-0.7875828314329174,-2724.031434142705,-136.20157170713526,0.1437273791629721,0.12885437042033093,15.751656628658347,0
actual,1h,BTCUSDT,90,later,14,13,1,0.3076923076923077,8.566506460878223,10.10446646184375,0.658962035452171,1532.4735803314752,117.88258310242117,2.0158865057502093,1.919700406066474,4.1794449685239154,1
actual,1h,BTCUSDT,90,full,34,33,1,0.18181818181818182,-7.185150167780125,-2.851492065803934,-0.21773182326606438,-1191.5578538112302,-36.10781375185546,0.7321787157593213,0.7514080462631721,15.751656628658347,1
actual,1h,BTCUSDT,120,earlier,17,17,0,0.11764705882352941,-12.39469662557448,-9.955958527647686,-0.7290998015043813,-2117.924994049904,-124.58382317940612,0.17581051722404234,0.1598358133970713,12.39469662557448,0
actual,1h,BTCUSDT,120,later,12,12,0,0.25,8.225662835487555,9.698962995234558,0.6854719029572962,1427.0468984938984,118.92057487449154,1.9754664767469432,1.8564295194810831,4.520288593914585,1
actual,1h,BTCUSDT,120,full,30,30,0,0.16666666666666666,-4.921019928416827,-0.9029493587120546,-0.16403399761389423,-832.7190351575549,-27.757301171918495,0.7968466455329708,0.8076400335583556,13.146682763904378,1
actual,1h,BTCUSDT,150,earlier,15,15,0,0.13333333333333333,-10.086826493611358,-7.955958527647678,-0.6724550995740906,-1756.8247829008208,-117.12165219338804,0.20768192389806692,0.1865596674159326,10.086826493611358,0
actual,1h,BTCUSDT,150,later,12,12,0,0.25,8.225662835487555,9.698962995234558,0.6854719029572962,1427.0468984938984,118.92057487449154,1.9754664767469432,1.8564295194810831,4.520288593914585,1
actual,1h,BTCUSDT,150,full,28,28,0,0.17857142857142858,-2.6131497964537034,1.0970506412879562,-0.09332677844477512,-471.61882400847196,-16.843529428874,0.8807614396348932,0.8811403173441392,10.838812631941256,1
actual,1h,BTCUSDT,200,earlier,13,13,0,0.07692307692307693,-9.190706364104273,-7.288521931352579,-0.7069774126234056,-1614.4049950405038,-124.18499961850029,0.20832627096100392,0.18267549478102718,9.190706364104273,0
actual,1h,BTCUSDT,200,later,12,12,0,0.25,5.798536681282656,7.0814035216028755,0.483211390106888,1315.4571952121382,109.62143293434485,1.6876379764042986,1.7894599503229165,4.179444968523916,1
actual,1h,BTCUSDT,200,full,26,26,0,0.15384615384615385,-4.144155821151516,-0.8530722360486286,-0.15939060850582754,-440.7887394299153,-16.95341305499674,0.8007017457709712,0.8834923861176449,12.238779834375306,1
actual,1h,DASHUSDT,0,earlier,14,14,0,0.6428571428571429,8.46192076337887,9.483662673137227,0.6044229116699193,3672.5367435547564,262.324053111054,2.5541188875553797,3.4821459687612206,2.2514861660079006,0
actual,1h,DASHUSDT,0,later,13,12,1,0.3333333333333333,-4.334019016270421,-3.8153497942386947,-0.36116825135586844,-2836.886659648329,-236.40722163736072,0.44676702906759175,0.3617679718072035,4.334019016270421,0
actual,1h,DASHUSDT,0,full,27,26,1,0.5,4.127901747108449,5.668312878898534,0.15876545181186344,835.6500839064273,32.1403878425549,1.310863589774712,1.1410499970373733,5.407669809921217,0
actual,1h,DASHUSDT,20,earlier,14,14,0,0.6428571428571429,8.46192076337887,9.483662673137227,0.6044229116699193,3672.5367435547564,262.324053111054,2.5541188875553797,3.4821459687612206,2.2514861660079006,0
actual,1h,DASHUSDT,20,later,13,12,1,0.3333333333333333,-4.334019016270421,-3.8153497942386947,-0.36116825135586844,-2836.886659648329,-236.40722163736072,0.44676702906759175,0.3617679718072035,4.334019016270421,0
actual,1h,DASHUSDT,20,full,27,26,1,0.5,4.127901747108449,5.668312878898534,0.15876545181186344,835.6500839064273,32.1403878425549,1.310863589774712,1.1410499970373733,5.407669809921217,0
actual,1h,DASHUSDT,30,earlier,14,14,0,0.6428571428571429,8.46192076337887,9.483662673137227,0.6044229116699193,3672.5367435547564,262.324053111054,2.5541188875553797,3.4821459687612206,2.2514861660079006,0
actual,1h,DASHUSDT,30,later,13,12,1,0.3333333333333333,-4.334019016270421,-3.8153497942386947,-0.36116825135586844,-2836.886659648329,-236.40722163736072,0.44676702906759175,0.3617679718072035,4.334019016270421,0
actual,1h,DASHUSDT,30,full,27,26,1,0.5,4.127901747108449,5.668312878898534,0.15876545181186344,835.6500839064273,32.1403878425549,1.310863589774712,1.1410499970373733,5.407669809921217,0
actual,1h,DASHUSDT,50,earlier,14,14,0,0.6428571428571429,8.46192076337887,9.483662673137227,0.6044229116699193,3672.5367435547564,262.324053111054,2.5541188875553797,3.4821459687612206,2.2514861660079006,0
actual,1h,DASHUSDT,50,later,13,13,0,0.3076923076923077,-5.396182652634055,-4.815349794238692,-0.4150909732795427,-3178.6181600870527,-244.5090892374656,0.39342488176987284,0.33594038452747116,5.396182652634055,0
actual,1h,DASHUSDT,50,full,27,27,0,0.48148148148148145,3.0657381107448156,4.668312878898536,0.11354585595351169,493.9185834677034,18.2932808691742,1.213774600395831,1.0788223243721462,6.46983344628485,0
actual,1h,DASHUSDT,60,earlier,13,13,0,0.6923076923076923,9.535571557029666,10.48366267313723,0.7335055043868974,3964.088467692688,304.92988213020675,3.1814618915782833,4.336691753582228,2.2514861660079006,0
actual,1h,DASHUSDT,60,later,13,12,1,0.3333333333333333,-4.334019016270421,-3.8153497942386947,-0.36116825135586844,-2836.886659648329,-236.40722163736072,0.44676702906759175,0.3617679718072035,4.334019016270421,0
actual,1h,DASHUSDT,60,full,26,25,1,0.52,5.201552540759244,6.668312878898536,0.20806210163036976,1127.2018080443588,45.088072321774355,1.4261761819141525,1.2001088306630099,4.334019016270421,0
actual,1h,DASHUSDT,90,earlier,11,11,0,0.7272727272727273,8.506410624732204,9.287584241764666,0.7733100567938368,3725.277924490417,338.66162949912876,3.586651306811143,5.023369881044515,2.2514861660079006,0
actual,1h,DASHUSDT,90,later,12,11,1,0.36363636363636365,-3.2985790162704216,-2.8153497942386956,-0.2998708196609474,-2252.55257386955,-204.77750671541364,0.514811062821886,0.4165248596654636,3.2985790162704216,0
actual,1h,DASHUSDT,90,full,23,22,1,0.5454545454545454,5.207831608461783,6.472234447525971,0.23671961856644466,1472.7253506208667,66.94206139185758,1.5162849899274566,1.3076837778834989,3.2985790162704216,0
actual,1h,DASHUSDT,120,earlier,10,10,0,0.8,9.652592442914019,10.287584241764662,0.9652592442914019,3882.0938448884267,388.2093844888427,5.505507430471073,6.0476197290289,1.1053043478260869,0
actual,1h,DASHUSDT,120,later,9,8,1,0.25,-4.687129660420313,-4.326219359456077,-0.5858912075525391,-2624.3687507679247,-328.0460938459906,0.18736810098500498,0.1771224597860732,4.687129660420313,0
actual,1h,DASHUSDT,120,full,19,18,1,0.5555555555555556,4.965462782493706,5.961364882308585,0.27585904347187257,1257.725094120502,69.8736163400279,1.627726158954919,1.3177395839153585,4.687129660420312,0
actual,1h,DASHUSDT,150,earlier,8,8,0,0.875,9.250509479662206,9.787584241764657,1.1563136849577758,4100.249078396279,512.5311347995349,9.24466085531392,23.29190675420452,1.1219999999999983,0
actual,1h,DASHUSDT,150,later,7,6,1,0.3333333333333333,-2.6075847009212985,-2.3262193594560765,-0.4345974501535497,-1341.943499934847,-223.65724998914118,0.29301055373223045,0.29624476822247375,2.6397291381096704,0
actual,1h,DASHUSDT,150,full,15,14,1,0.6428571428571429,6.642924778740906,7.461364882308581,0.4744946270529219,2758.305578461433,197.02182703295952,2.380981127462127,2.3192791884323047,2.6397291381096712,0
actual,1h,DASHUSDT,200,earlier,7,7,0,1.0,10.372509479662204,10.787584241764655,1.481787068523172,4284.1835046257875,612.026214946541,,,0.0,0
actual,1h,DASHUSDT,200,later,8,8,0,0.375,-1.9670778827394841,-1.57621935945608,-0.24588473534243552,-964.179202054244,-120.5224002567805,0.5859182063948337,0.571202283194372,2.6815420948616575,0
actual,1h,DASHUSDT,200,full,15,15,0,0.6666666666666666,8.40543159692272,9.211364882308573,0.5603621064615146,3320.004302571543,221.3336201714362,2.769394197464144,2.4764996607419536,2.6815420948616584,0
actual,1h,ENAUSDT,0,earlier,22,22,0,0.36363636363636365,7.3761226624887275,8.08602622321748,0.3352783028403967,1831.936786928762,83.26985395130735,1.5109696390177236,1.1758288217444322,4.1109724216474035,0
actual,1h,ENAUSDT,0,later,9,8,1,0.25,-3.0702119775963737,-2.7716051889307822,-0.3837764971995467,-816.5105224671521,-102.06381530839401,0.5031955936952426,0.7576346308995695,3.0875784421533887,0
actual,1h,ENAUSDT,0,full,32,31,1,0.3548387096774194,5.597308566889324,6.626372622788969,0.18055834086739755,2272.034537684044,73.29143669948529,1.2715102306103472,1.164785992893325,4.1109724216474035,0
actual,1h,ENAUSDT,20,earlier,22,22,0,0.36363636363636365,7.3761226624887275,8.08602622321748,0.3352783028403967,1831.936786928762,83.26985395130735,1.5109696390177236,1.1758288217444322,4.1109724216474035,0
actual,1h,ENAUSDT,20,later,9,8,1,0.25,-3.0702119775963737,-2.7716051889307822,-0.3837764971995467,-816.5105224671521,-102.06381530839401,0.5031955936952426,0.7576346308995695,3.0875784421533887,0
actual,1h,ENAUSDT,20,full,32,31,1,0.3548387096774194,5.597308566889324,6.626372622788969,0.18055834086739755,2272.034537684044,73.29143669948529,1.2715102306103472,1.164785992893325,4.1109724216474035,0
actual,1h,ENAUSDT,30,earlier,22,22,0,0.36363636363636365,7.3761226624887275,8.08602622321748,0.3352783028403967,1831.936786928762,83.26985395130735,1.5109696390177236,1.1758288217444322,4.1109724216474035,0
actual,1h,ENAUSDT,30,later,9,8,1,0.25,-3.0702119775963737,-2.7716051889307822,-0.3837764971995467,-816.5105224671521,-102.06381530839401,0.5031955936952426,0.7576346308995695,3.0875784421533887,0
actual,1h,ENAUSDT,30,full,32,31,1,0.3548387096774194,5.597308566889324,6.626372622788969,0.18055834086739755,2272.034537684044,73.29143669948529,1.2715102306103472,1.164785992893325,4.1109724216474035,0
actual,1h,ENAUSDT,50,earlier,22,22,0,0.36363636363636365,7.3761226624887275,8.08602622321748,0.3352783028403967,1831.936786928762,83.26985395130735,1.5109696390177236,1.1758288217444322,4.1109724216474035,0
actual,1h,ENAUSDT,50,later,9,8,1,0.25,-3.0702119775963737,-2.7716051889307822,-0.3837764971995467,-816.5105224671521,-102.06381530839401,0.5031955936952426,0.7576346308995695,3.0875784421533887,0
actual,1h,ENAUSDT,50,full,32,31,1,0.3548387096774194,5.597308566889324,6.626372622788969,0.18055834086739755,2272.034537684044,73.29143669948529,1.2715102306103472,1.164785992893325,4.1109724216474035,0
actual,1h,ENAUSDT,60,earlier,19,19,0,0.3684210526315789,0.9157324848862765,1.5297660418647092,0.04819644657296192,-1355.2906149745722,-71.3310849986617,1.0740060854658051,0.8495286986648565,4.110972421647403,0
actual,1h,ENAUSDT,60,later,8,7,1,0.2857142857142857,-2.0034514985544587,-1.7716051889307836,-0.28620735693635124,-496.9320849391241,-70.99029784844629,0.6081774677458462,0.8370364835592912,2.0710801608127936,0
actual,1h,ENAUSDT,60,full,28,27,1,0.37037037037037035,0.20367886832879323,1.0701124414361964,0.007543661789955304,-595.6144266912626,-22.059793581157873,1.0116475073067166,0.9505973129131077,4.110972421647403,0
actual,1h,ENAUSDT,90,earlier,19,19,0,0.3157894736842105,-1.3404750980811568,-0.7449120697232782,-0.07055132095163984,-2340.7715106127803,-123.1985005585674,0.9000495429719916,0.7551029115660219,4.89861822845029,0
actual,1h,ENAUSDT,90,later,8,7,1,0.2857142857142857,-2.0338527989264388,-1.7716051889307827,-0.2905503998466341,-246.4430915838091,-35.20615594054416,0.6045828019168402,0.9119486545638341,3.087578442153389,0
actual,1h,ENAUSDT,90,full,28,27,1,0.3333333333333333,-2.0829300150106196,-1.2045656701517904,-0.07714555611150443,-1330.6063289741558,-49.28171588793169,0.8877426666523471,0.8923199870549585,4.89861822845029,0
actual,1h,ENAUSDT,120,earlier,14,14,0,0.35714285714285715,-1.2686632355042646,-0.8341704376952868,-0.09061880253601891,-1122.1574404008181,-80.15410288577272,0.8635029648823652,0.827508286235407,3.99412128265673,0
actual,1h,ENAUSDT,120,later,6,6,0,0.3333333333333333,-0.9961976265126448,-0.7716051889307818,-0.16603293775210745,304.6924395517219,50.78207325862032,0.7573745059164001,1.1355561596482018,2.049923269739595,0
actual,1h,ENAUSDT,120,full,20,20,0,0.35,-2.26486086201691,-1.6057756266260683,-0.1132430431008455,-817.4650008490963,-40.87325004245482,0.8309848801188116,0.9066105868815449,3.99412128265673,0
actual,1h,ENAUSDT,150,earlier,11,11,0,0.36363636363636365,-1.5348476857876672,-1.183135114918189,-0.13953160779887883,-532.9592844731321,-48.45084404301201,0.7882666726000493,0.8860504646048243,4.12954897720604,0
actual,1h,ENAUSDT,150,later,6,6,0,0.3333333333333333,-0.9961976265126448,-0.7716051889307818,-0.16603293775210745,304.6924395517219,50.78207325862032,0.7573745059164001,1.1355561596482018,2.049923269739595,0
actual,1h,ENAUSDT,150,full,17,17,0,0.35294117647058826,-2.531045312300312,-1.9547403038489704,-0.14888501837060658,-228.26684492141084,-13.427461465965344,0.7770961067494092,0.9670366740974428,4.12954897720604,0
actual,1h,ENAUSDT,200,earlier,13,13,0,0.38461538461538464,7.666945252716637,8.09571421809628,0.5897650194397414,3339.261117672233,256.866239820941,1.9267956864944833,1.602113677911015,4.129548977206039,0
actual,1h,ENAUSDT,200,later,6,6,0,0.3333333333333333,-0.9961976265126448,-0.7716051889307818,-0.16603293775210745,304.6924395517219,50.78207325862032,0.7573745059164001,1.1355561596482018,2.049923269739595,0
actual,1h,ENAUSDT,200,full,20,20,0,0.4,7.962145508200966,8.63606061766777,0.3981072754100483,4900.561830446389,245.02809152231941,1.6432270608742185,1.6287915398490291,4.129548977206039,0
actual,1h,ETHUSDT,0,earlier,23,23,0,0.08695652173913043,-19.922292871187363,-18.113880785066865,-0.8661866465733636,-5459.561514218087,-237.37223974861246,0.10640811915543126,0.14985027404512627,19.922292871187363,0
actual,1h,ETHUSDT,0,later,10,9,1,0.2222222222222222,7.325221753430759,8.11733970569832,0.8139135281589732,201.82152816235705,22.424614240261896,2.026336799791861,1.1032542778719343,3.8613124827616154,1
actual,1h,ETHUSDT,0,full,34,33,1,0.12121212121212122,-13.69215637530545,-10.996541079368544,-0.41491382955471057,-5488.077534857402,-166.3053798441637,0.5514732543706391,0.3623576212636334,24.278041248970418,1
actual,1h,ETHUSDT,20,earlier,23,23,0,0.08695652173913043,-19.922292871187363,-18.113880785066865,-0.8661866465733636,-5459.561514218087,-237.37223974861246,0.10640811915543126,0.14985027404512627,19.922292871187363,0
actual,1h,ETHUSDT,20,later,10,9,1,0.2222222222222222,7.325221753430759,8.11733970569832,0.8139135281589732,201.82152816235705,22.424614240261896,2.026336799791861,1.1032542778719343,3.8613124827616154,1
actual,1h,ETHUSDT,20,full,34,33,1,0.12121212121212122,-13.69215637530545,-10.996541079368544,-0.41491382955471057,-5488.077534857402,-166.3053798441637,0.5514732543706391,0.3623576212636334,24.278041248970418,1
actual,1h,ETHUSDT,30,earlier,23,23,0,0.08695652173913043,-19.922292871187363,-18.113880785066865,-0.8661866465733636,-5459.561514218087,-237.37223974861246,0.10640811915543126,0.14985027404512627,19.922292871187363,0
actual,1h,ETHUSDT,30,later,9,8,1,0.125,-7.121975602995824,-6.464018544073749,-0.890246950374478,-1951.890629854147,-243.98632873176837,0.0021400177883998924,0.0013896966013775692,7.121975602995824,0
actual,1h,ETHUSDT,30,full,33,32,1,0.09375,-28.139353731732033,-25.577899329140617,-0.879354804116626,-7641.789692873906,-238.80592790230955,0.07821292662342817,0.11212461438124069,28.13935373173203,0
actual,1h,ETHUSDT,50,earlier,23,23,0,0.08695652173913043,-19.922292871187363,-18.113880785066865,-0.8661866465733636,-5459.561514218087,-237.37223974861246,0.10640811915543126,0.14985027404512627,19.922292871187363,0
actual,1h,ETHUSDT,50,later,10,9,1,0.2222222222222222,7.325221753430759,8.11733970569832,0.8139135281589732,201.82152816235705,22.424614240261896,2.026336799791861,1.1032542778719343,3.8613124827616154,1
actual,1h,ETHUSDT,50,full,34,33,1,0.12121212121212122,-13.69215637530545,-10.996541079368544,-0.41491382955471057,-5488.077534857402,-166.3053798441637,0.5514732543706391,0.3623576212636334,24.278041248970418,1
actual,1h,ETHUSDT,60,earlier,22,22,0,0.09090909090909091,-18.832232345678722,-17.113880785066865,-0.8560105611672146,-5217.488637260674,-237.15857442093977,0.11187822955937417,0.1557201454625041,18.832232345678722,0
actual,1h,ETHUSDT,60,later,9,8,1,0.25,8.38795079058011,9.117339705698317,1.0484938488225137,540.653139627725,67.58164245346562,2.3808416515390975,1.3346091067986892,3.2606631202342093,1
actual,1h,ETHUSDT,60,full,32,31,1,0.12903225806451613,-11.539366812647462,-8.996541079368548,-0.37223763911766006,-4907.173046434622,-158.29590472369748,0.5933143373513515,0.38858453445588054,23.187980723461777,1
actual,1h,ETHUSDT,90,earlier,17,17,0,0.11764705882352941,-13.236410141792131,-12.113880785066858,-0.77861236128189,-4178.093447712575,-245.77020280662202,0.15198721499764492,0.18720686256273467,13.236410141792131,0
actual,1h,ETHUSDT,90,later,8,7,1,0.2857142857142857,9.11826197379314,9.709092283017913,1.30260885339902,554.7469779277895,79.24956827539852,2.7061947975132545,1.3463528679984682,3.1741829982255307,1
actual,1h,ETHUSDT,90,full,26,25,1,0.16,-5.213233425547836,-3.404788502048943,-0.20852933702191342,-3853.684018586458,-154.1473607434583,0.7635510915483302,0.4472971136765346,16.486247783748887,1
actual,1h,ETHUSDT,120,earlier,11,11,0,0.18181818181818182,-6.922314594963291,-6.177768591845189,-0.6293013268148446,-2089.2980783450903,-189.93618894046276,0.25523612529071893,0.3153476427535768,7.075283986001825,0
actual,1h,ETHUSDT,120,later,7,7,0,0.2857142857142857,9.11826197379314,9.709092283017913,1.30260885339902,554.7469779277895,79.24956827539852,2.7061947975132545,1.3463528679984682,3.1741829982255307,1
actual,1h,ETHUSDT,120,full,19,19,0,0.21052631578947367,1.1008621212810041,2.5313236911727235,0.05794011164636864,-1764.8886492189731,-92.8888762746828,1.069967361835837,0.638611897848113,10.325121627958582,1
actual,1h,ETHUSDT,150,earlier,10,10,0,0.2,-5.8475363930973,-5.1777685918451875,-0.58475363930973,-1801.840456993851,-180.18404569938508,0.2886092060975805,0.3481420689483649,6.000505784135834,0
actual,1h,ETHUSDT,150,later,7,7,0,0.2857142857142857,9.11826197379314,9.709092283017913,1.30260885339902,554.7469779277895,79.24956827539852,2.7061947975132545,1.3463528679984682,3.1741829982255307,1
actual,1h,ETHUSDT,150,full,18,18,0,0.2222222222222222,2.175640323146994,3.5313236911727266,0.12086890684149967,-1477.4310278677337,-82.07950154820743,1.1484150782364477,0.6785524232671201,9.25034342609259,1
actual,1h,ETHUSDT,200,earlier,9,9,0,0.2222222222222222,-4.228822940759942,-3.5955207307333366,-0.46986921563999356,-1687.804843956604,-187.53387155073378,0.4084831046879137,0.30863408546727683,4.929756704555046,0
actual,1h,ETHUSDT,200,later,7,7,0,0.2857142857142857,9.11826197379314,9.709092283017913,1.30260885339902,554.7469779277895,79.24956827539852,2.7061947975132545,1.3463528679984682,3.1741829982255307,1
actual,1h,ETHUSDT,200,full,17,17,0,0.23529411764705882,3.7943537754843533,5.113571552284577,0.22319728091084431,-1363.3954148304872,-80.19973028414631,1.2792345551983098,0.6809487536759146,8.179594346511802,1
actual,1h,FILUSDT,0,earlier,21,21,0,0.2857142857142857,-2.438343120837562,-1.264751086297398,-0.11611157718274104,-1798.9366984438498,-85.66365230685,0.8145348220122065,0.6714564057271624,6.863233537872367,0
actual,1h,FILUSDT,0,later,11,11,0,0.45454545454545453,2.8402284276904926,3.4907112205466015,0.2582025843354993,2678.3802419310664,243.48911290282425,1.4690063325597174,2.400896158787756,3.187758621771345,0
actual,1h,FILUSDT,0,full,32,32,0,0.34375,0.4018853068529298,2.2259601342492035,0.012558915839154056,879.4435434872175,27.482610733975548,1.0209282375909607,1.119046527695719,6.863233537872367,0
actual,1h,FILUSDT,20,earlier,21,21,0,0.2857142857142857,-2.438343120837562,-1.264751086297398,-0.11611157718274104,-1798.9366984438498,-85.66365230685,0.8145348220122065,0.6714564057271624,6.863233537872367,0
actual,1h,FILUSDT,20,later,11,11,0,0.45454545454545453,2.8402284276904926,3.4907112205466015,0.2582025843354993,2678.3802419310664,243.48911290282425,1.4690063325597174,2.400896158787756,3.187758621771345,0
actual,1h,FILUSDT,20,full,32,32,0,0.34375,0.4018853068529298,2.2259601342492035,0.012558915839154056,879.4435434872175,27.482610733975548,1.0209282375909607,1.119046527695719,6.863233537872367,0
actual,1h,FILUSDT,30,earlier,21,21,0,0.2857142857142857,-2.438343120837562,-1.264751086297398,-0.11611157718274104,-1798.9366984438498,-85.66365230685,0.8145348220122065,0.6714564057271624,6.863233537872367,0
actual,1h,FILUSDT,30,later,11,11,0,0.45454545454545453,2.8402284276904926,3.4907112205466015,0.2582025843354993,2678.3802419310664,243.48911290282425,1.4690063325597174,2.400896158787756,3.187758621771345,0
actual,1h,FILUSDT,30,full,32,32,0,0.34375,0.4018853068529298,2.2259601342492035,0.012558915839154056,879.4435434872175,27.482610733975548,1.0209282375909607,1.119046527695719,6.863233537872367,0
actual,1h,FILUSDT,50,earlier,20,20,0,0.3,-1.3691705440054114,-0.2647510862973992,-0.06845852720027057,-1489.8047777329828,-74.49023888664914,0.886639320417199,0.7116333857671326,5.794060961040216,0
actual,1h,FILUSDT,50,later,11,11,0,0.45454545454545453,2.8402284276904926,3.4907112205466015,0.2582025843354993,2678.3802419310664,243.48911290282425,1.4690063325597174,2.400896158787756,3.187758621771345,0
actual,1h,FILUSDT,50,full,31,31,0,0.3548387096774194,1.4710578836850814,3.2259601342492026,0.04745348011887359,1188.575464198084,38.34114400638981,1.081122228219964,1.1679191215063705,5.794060961040216,0
actual,1h,FILUSDT,60,earlier,19,19,0,0.3157894736842105,-0.44363791712309064,0.6331853331114135,-0.023349364059110034,-819.0367906675019,-43.10719950881589,0.9602206567886413,0.8178132274991724,5.794060961040216,0
actual,1h,FILUSDT,60,later,11,11,0,0.45454545454545453,2.8402284276904926,3.4907112205466015,0.2582025843354993,2678.3802419310664,243.48911290282425,1.4690063325597174,2.400896158787756,3.187758621771345,0
actual,1h,FILUSDT,60,full,30,30,0,0.36666666666666664,2.3965905105674024,4.1238965536580166,0.07988635035224674,1859.343451263565,61.97811504211882,1.1392693547302264,1.2901826475419929,5.794060961040216,0
actual,1h,FILUSDT,90,earlier,13,13,0,0.3076923076923077,-0.48555642572373137,0.24646987997135783,-0.037350494286440876,-310.75124642857014,-23.903942032966935,0.9332135892896792,0.8905479491138546,5.097688818296651,0
actual,1h,FILUSDT,90,later,7,7,0,0.42857142857142855,3.798008814312518,4.21030576751345,0.5425726877589312,3011.1889415637,430.16984879481424,1.9646191033786078,3.5318020033113804,2.8680837635313114,0
actual,1h,FILUSDT,90,full,20,20,0,0.35,3.3124523885887855,4.456775647484808,0.1656226194294393,2700.43769513513,135.0218847567565,1.2955540619533714,1.6703332477295205,5.097688818296651,0
actual,1h,FILUSDT,120,earlier,11,11,0,0.18181818181818182,-2.6187058377777443,-2.054686517511086,-0.23806416707070402,-905.5831064818249,-82.32573695289318,0.65120637447248,0.693061593198306,5.33529580979735,0
actual,1h,FILUSDT,120,later,6,6,0,0.5,4.517953104006109,4.878829444393671,0.7529921840010182,3291.210610036072,548.5351016726787,2.4042378597053293,4.61940177646797,2.1481394738377206,0
actual,1h,FILUSDT,120,full,17,17,0,0.29411764705882354,1.8992472662283648,2.8241429268825846,0.11172042742519793,2385.6275035542467,140.33102962083805,1.177081616488945,1.6180864898332872,5.33529580979735,0
actual,1h,FILUSDT,150,earlier,9,9,0,0.1111111111111111,-5.2993625840727265,-4.859360974940151,-0.5888180648969696,-1438.7713765126039,-159.86348627917823,0.17971661123075724,0.4266093730903761,5.394198999794415,0
actual,1h,FILUSDT,150,later,6,6,0,0.5,4.517953104006109,4.878829444393671,0.7529921840010182,3291.210610036072,548.5351016726787,2.4042378597053293,4.61940177646797,2.1481394738377206,0
actual,1h,FILUSDT,150,full,15,15,0,0.26666666666666666,-0.781409480066618,0.019468469453518544,-0.052093965337774537,1852.439233523468,123.49594890156452,0.9192573197712691,1.5418772663998968,5.394198999794415,0
actual,1h,FILUSDT,200,earlier,9,9,0,0.1111111111111111,-5.2993625840727265,-4.859360974940151,-0.5888180648969696,-1438.7713765126039,-159.86348627917823,0.17971661123075724,0.4266093730903761,5.394198999794415,0
actual,1h,FILUSDT,200,later,6,6,0,0.5,4.517953104006109,4.878829444393671,0.7529921840010182,3291.210610036072,548.5351016726787,2.4042378597053293,4.61940177646797,2.1481394738377206,0
actual,1h,FILUSDT,200,full,15,15,0,0.26666666666666666,-0.781409480066618,0.019468469453518544,-0.052093965337774537,1852.439233523468,123.49594890156452,0.9192573197712691,1.5418772663998968,5.394198999794415,0
actual,1h,HYPEUSDT,0,earlier,6,6,0,0.16666666666666666,-3.233245281126918,-2.8667804373207053,-0.538874213521153,-902.742303471698,-150.45705057861633,0.1281313549472757,0.3027138049112605,3.260105044676691,0
actual,1h,HYPEUSDT,0,later,12,11,1,0.45454545454545453,7.560821765754874,8.177709547480399,0.6873474332504431,2872.3828433489084,261.12571303171893,2.1951707618501013,2.1986629440536896,3.1697283280958715,0
actual,1h,HYPEUSDT,0,full,18,17,1,0.35294117647058826,4.327576484627955,5.3109291101596945,0.25456332262517384,1969.64053987721,115.86120822807118,1.4312675229750251,1.5336371491524419,5.340288149480216,0
actual,1h,HYPEUSDT,20,earlier,6,6,0,0.16666666666666666,-3.233245281126918,-2.8667804373207053,-0.538874213521153,-902.742303471698,-150.45705057861633,0.1281313549472757,0.3027138049112605,3.260105044676691,0
actual,1h,HYPEUSDT,20,later,12,11,1,0.45454545454545453,7.560821765754874,8.177709547480399,0.6873474332504431,2872.3828433489084,261.12571303171893,2.1951707618501013,2.1986629440536896,3.1697283280958715,0
actual,1h,HYPEUSDT,20,full,18,17,1,0.35294117647058826,4.327576484627955,5.3109291101596945,0.25456332262517384,1969.64053987721,115.86120822807118,1.4312675229750251,1.5336371491524419,5.340288149480216,0
actual,1h,HYPEUSDT,30,earlier,6,6,0,0.16666666666666666,-3.233245281126918,-2.8667804373207053,-0.538874213521153,-902.742303471698,-150.45705057861633,0.1281313549472757,0.3027138049112605,3.260105044676691,0
actual,1h,HYPEUSDT,30,later,12,11,1,0.45454545454545453,7.560821765754874,8.177709547480399,0.6873474332504431,2872.3828433489084,261.12571303171893,2.1951707618501013,2.1986629440536896,3.1697283280958715,0
actual,1h,HYPEUSDT,30,full,18,17,1,0.35294117647058826,4.327576484627955,5.3109291101596945,0.25456332262517384,1969.64053987721,115.86120822807118,1.4312675229750251,1.5336371491524419,5.340288149480216,0
actual,1h,HYPEUSDT,50,earlier,6,6,0,0.16666666666666666,-3.233245281126918,-2.8667804373207053,-0.538874213521153,-902.742303471698,-150.45705057861633,0.1281313549472757,0.3027138049112605,3.260105044676691,0
actual,1h,HYPEUSDT,50,later,12,11,1,0.45454545454545453,7.560821765754874,8.177709547480399,0.6873474332504431,2872.3828433489084,261.12571303171893,2.1951707618501013,2.1986629440536896,3.1697283280958715,0
actual,1h,HYPEUSDT,50,full,18,17,1,0.35294117647058826,4.327576484627955,5.3109291101596945,0.25456332262517384,1969.64053987721,115.86120822807118,1.4312675229750251,1.5336371491524419,5.340288149480216,0
actual,1h,HYPEUSDT,60,earlier,5,5,0,0.2,-3.176468868350504,-2.9060924766327427,-0.6352937736701008,-890.9247725317371,-178.18495450634742,0.13012357050929993,0.3055024206645456,3.203328631900277,0
actual,1h,HYPEUSDT,60,later,12,11,1,0.45454545454545453,7.560821765754874,8.177709547480399,0.6873474332504431,2872.3828433489084,261.12571303171893,2.1951707618501013,2.1986629440536896,3.1697283280958715,0
actual,1h,HYPEUSDT,60,full,17,16,1,0.375,4.384352897404368,5.271617070847658,0.274022056087773,1981.4580708171707,123.84112942607317,1.4394118466361405,1.5385632259341595,5.283511736703801,0
actual,1h,HYPEUSDT,90,earlier,5,5,0,0.2,-3.176468868350504,-2.9060924766327427,-0.6352937736701008,-890.9247725317371,-178.18495450634742,0.13012357050929993,0.3055024206645456,3.203328631900277,0
actual,1h,HYPEUSDT,90,later,10,9,1,0.5555555555555556,9.661277782637931,10.177709547480399,1.0734753091819924,3738.1434791060624,415.3492754562291,3.2863209322371847,3.4423343155724697,2.1070428683532976,0
actual,1h,HYPEUSDT,90,full,15,14,1,0.42857142857142855,6.484808914287428,7.2716170708476575,0.4632006367348163,2847.218706574326,203.37276475530902,1.8232252946698433,2.012022285541161,5.283511736703801,0
actual,1h,HYPEUSDT,120,earlier,5,5,0,0.2,-3.176468868350504,-2.9060924766327427,-0.6352937736701008,-890.9247725317371,-178.18495450634742,0.13012357050929993,0.3055024206645456,3.203328631900277,0
actual,1h,HYPEUSDT,120,later,9,8,1,0.625,10.710650102326044,11.177709547480402,1.3388312627907555,4163.228760217878,520.4035950272347,4.3720363052224345,4.76600396763588,2.1070428683532976,0
actual,1h,HYPEUSDT,120,full,14,13,1,0.46153846153846156,7.53418123397554,8.271617070847661,0.579552402613503,3272.30398768614,251.7156913604723,2.103432803888699,2.3701336967463718,5.283511736703801,0
actual,1h,HYPEUSDT,150,earlier,5,5,0,0.2,-3.176468868350504,-2.9060924766327427,-0.6352937736701008,-890.9247725317371,-178.18495450634742,0.13012357050929993,0.3055024206645456,3.203328631900277,0
actual,1h,HYPEUSDT,150,later,9,8,1,0.625,9.753339633244149,10.191686292471571,1.2191674541555186,3605.9887752739237,450.74859690924046,4.0984675581102925,3.7578488028109094,2.1070428683532976,0
actual,1h,HYPEUSDT,150,full,14,13,1,0.46153846153846156,6.576870764893646,7.285593815838831,0.5059131357610497,2715.064002742187,208.8510771340144,1.9672683892516962,2.0481374007899285,5.283511736703801,0
actual,1h,HYPEUSDT,200,earlier,3,3,0,0.3333333333333333,-1.0757922983058974,-0.9060924766327428,-0.3585974327686325,-32.41635247746403,-10.805450825821342,0.3063681468138018,0.9236049135922859,1.1026520618556706,0
actual,1h,HYPEUSDT,200,later,7,7,0,0.5714285714285714,9.748255367770621,10.131283607907813,1.3926079096815174,3604.1505935047626,514.8786562149661,4.096852374776284,3.7564429672114774,2.1070428683532976,0
actual,1h,HYPEUSDT,200,full,10,10,0,0.5,8.672463069464724,9.225191131275071,0.8672463069464724,3571.7342410272977,357.1734241027298,2.84569563116575,3.0623666724567844,3.1828351666591947,0
actual,1h,JUPUSDT,0,earlier,20,20,0,0.25,-3.3591712687796136,-2.3778703473782223,-0.1679585634389807,-2191.4546828108914,-109.57273414054457,0.7821711326163195,0.6879324459684883,7.347056648311714,0
actual,1h,JUPUSDT,0,later,12,12,0,0.3333333333333333,3.1936421665022294,3.8782991738384074,0.2661368472085191,2501.490706389936,208.45755886582802,1.4709117781021208,2.1373200635054967,4.683056672203759,0
actual,1h,JUPUSDT,0,full,33,33,0,0.30303030303030304,2.0761502870355946,3.821039513483088,0.06291364506168469,878.0437605229512,26.60738668251367,1.093507751440084,1.0952135790735684,7.347056648311714,0
actual,1h,JUPUSDT,20,earlier,19,19,0,0.2631578947368421,-2.2944284116367557,-1.3778703473782223,-0.12075939008614504,-1862.5402962266025,-98.02843664350539,0.8401808572377842,0.7217372247106079,7.347056648311714,0
actual,1h,JUPUSDT,20,later,12,12,0,0.3333333333333333,3.1936421665022294,3.8782991738384074,0.2661368472085191,2501.490706389936,208.45755886582802,1.4709117781021208,2.1373200635054967,4.683056672203759,0
actual,1h,JUPUSDT,20,full,32,32,0,0.3125,3.1408931441784524,4.821039513483088,0.09815291075557664,1206.95814710724,37.71744209710125,1.1485882590349499,1.1357212575220021,7.347056648311714,0
actual,1h,JUPUSDT,30,earlier,20,20,0,0.25,-3.3591712687796136,-2.3778703473782223,-0.1679585634389807,-2191.4546828108914,-109.57273414054457,0.7821711326163195,0.6879324459684883,7.347056648311714,0
actual,1h,JUPUSDT,30,later,12,12,0,0.3333333333333333,3.1936421665022294,3.8782991738384074,0.2661368472085191,2501.490706389936,208.45755886582802,1.4709117781021208,2.1373200635054967,4.683056672203759,0
actual,1h,JUPUSDT,30,full,33,33,0,0.30303030303030304,2.0761502870355946,3.821039513483088,0.06291364506168469,878.0437605229512,26.60738668251367,1.093507751440084,1.0952135790735684,7.347056648311714,0
actual,1h,JUPUSDT,50,earlier,20,20,0,0.25,-3.3591712687796136,-2.3778703473782223,-0.1679585634389807,-2191.4546828108914,-109.57273414054457,0.7821711326163195,0.6879324459684883,7.347056648311714,0
actual,1h,JUPUSDT,50,later,12,12,0,0.3333333333333333,3.1936421665022294,3.8782991738384074,0.2661368472085191,2501.490706389936,208.45755886582802,1.4709117781021208,2.1373200635054967,4.683056672203759,0
actual,1h,JUPUSDT,50,full,33,33,0,0.30303030303030304,2.0761502870355946,3.821039513483088,0.06291364506168469,878.0437605229512,26.60738668251367,1.093507751440084,1.0952135790735684,7.347056648311714,0
actual,1h,JUPUSDT,60,earlier,19,19,0,0.21052631578947367,-4.852240234296851,-3.9238473588724716,-0.2553810649629922,-2755.8561601083043,-145.0450610583318,0.68535156145986,0.6075605405426099,7.347056648311713,0
actual,1h,JUPUSDT,60,later,12,12,0,0.3333333333333333,3.1936421665022294,3.8782991738384074,0.2661368472085191,2501.490706389936,208.45755886582802,1.4709117781021208,2.1373200635054967,4.683056672203759,0
actual,1h,JUPUSDT,60,full,32,32,0,0.28125,0.5830813215183568,2.2750625019888377,0.01822129129744865,313.6422832255378,9.801321350798057,1.0262614048811196,1.0340108382718003,7.347056648311713,0
actual,1h,JUPUSDT,90,earlier,17,17,0,0.23529411764705882,-5.798230215902032,-5.022869992617331,-0.34107236564129595,-2609.543483757068,-153.5025578680628,0.5639003287025773,0.5863784439009023,6.269824505454567,0
actual,1h,JUPUSDT,90,later,11,11,0,0.36363636363636365,2.4501895896217456,3.1440295674757763,0.2227445081474314,2354.2552934753853,214.02320849776228,1.3706315932043305,2.2090463168645282,5.426509249084242,0
actual,1h,JUPUSDT,90,full,29,29,0,0.3103448275862069,-1.1063612369673073,0.4417702618813477,-0.038150387481631284,312.71954666222337,10.783432643524943,0.9444221198056508,1.0378768769318125,6.269824505454567,0
actual,1h,JUPUSDT,120,earlier,16,16,0,0.1875,-8.480743421747416,-7.765128193770808,-0.5300464638592135,-3629.4059003429834,-226.83786877143646,0.36163561288506496,0.43195334797961105,8.480743421747416,0
actual,1h,JUPUSDT,120,later,11,11,0,0.36363636363636365,2.4700629229550803,3.144029567475779,0.22455117481409823,2260.6128048532146,205.5102549866559,1.3747643679067618,2.1076859374363166,6.48247591575091,0
actual,1h,JUPUSDT,120,full,28,28,0,0.2857142857142857,-3.7690011094793574,-2.300487939272128,-0.13460718248140563,-800.7853585458608,-28.599477090923603,0.8103751192942427,0.9050089873729258,8.480743421747416,0
actual,1h,JUPUSDT,150,earlier,14,14,0,0.21428571428571427,-6.689517801170591,-6.0772669220945055,-0.4778227000836136,-3147.2066259050566,-224.80047327893263,0.4179934766855608,0.4672140461270929,6.689517801170591,0
actual,1h,JUPUSDT,150,later,9,9,0,0.3333333333333333,3.465409076801233,3.9773629008091103,0.3850454529779148,2435.8988071879285,270.6554230208809,1.6315522371751383,2.3323662569672137,5.487129761904757,0
actual,1h,JUPUSDT,150,full,24,24,0,0.2916666666666667,-0.9824293350563802,0.22070666573750586,-0.04093455562734918,-143.30008177322162,-5.970836740550901,0.942145438621943,0.9814745886281124,6.689517801170591,0
actual,1h,JUPUSDT,200,earlier,13,13,0,0.07692307692307693,-9.996234030531085,-9.423611111111112,-0.7689410792716219,-4408.5513947228565,-339.1193380556043,0.2029967868778,0.27568269727608297,9.996234030531085,0
actual,1h,JUPUSDT,200,later,10,10,0,0.4,3.573909076801233,4.144029567475777,0.35739090768012327,2473.205397445807,247.32053974458074,1.651325780850609,2.3527718837836584,5.378629761904757,0
actual,1h,JUPUSDT,200,full,24,24,0,0.25,-4.180645564416873,-2.958970856612435,-0.1741935651840364,-1367.338260333142,-56.972427513880916,0.7681207195711384,0.82724158888957,9.996234030531085,0
actual,1h,MUBARAKUSDT,0,earlier,13,13,0,0.23076923076923078,-6.049711032695738,-5.637737556561095,-0.46536238713044137,-4862.533216294231,-374.0410166380178,0.41422296490029276,0.373630806015358,6.049711032695737,0
actual,1h,MUBARAKUSDT,0,later,10,9,1,0.4444444444444444,2.933415738036894,3.2795527961150865,0.3259350820040993,2393.947265227667,265.9941405808518,1.8937239578310896,2.435792525582809,2.7350279411764706,0
actual,1h,MUBARAKUSDT,0,full,23,22,1,0.3181818181818182,-3.116295294658845,-2.358184760446009,-0.14164978612085657,-2468.585951066565,-112.2084523212075,0.7710274469412485,0.7382305359573257,6.049711032695737,0
actual,1h,MUBARAKUSDT,20,earlier,13,13,0,0.23076923076923078,-6.049711032695738,-5.637737556561095,-0.46536238713044137,-4862.533216294231,-374.0410166380178,0.41422296490029276,0.373630806015358,6.049711032695737,0
actual,1h,MUBARAKUSDT,20,later,10,9,1,0.4444444444444444,2.933415738036894,3.2795527961150865,0.3259350820040993,2393.947265227667,265.9941405808518,1.8937239578310896,2.435792525582809,2.7350279411764706,0
actual,1h,MUBARAKUSDT,20,full,23,22,1,0.3181818181818182,-3.116295294658845,-2.358184760446009,-0.14164978612085657,-2468.585951066565,-112.2084523212075,0.7710274469412485,0.7382305359573257,6.049711032695737,0
actual,1h,MUBARAKUSDT,30,earlier,13,13,0,0.23076923076923078,-6.049711032695738,-5.637737556561095,-0.46536238713044137,-4862.533216294231,-374.0410166380178,0.41422296490029276,0.373630806015358,6.049711032695737,0
actual,1h,MUBARAKUSDT,30,later,10,9,1,0.4444444444444444,2.933415738036894,3.2795527961150865,0.3259350820040993,2393.947265227667,265.9941405808518,1.8937239578310896,2.435792525582809,2.7350279411764706,0
actual,1h,MUBARAKUSDT,30,full,23,22,1,0.3181818181818182,-3.116295294658845,-2.358184760446009,-0.14164978612085657,-2468.585951066565,-112.2084523212075,0.7710274469412485,0.7382305359573257,6.049711032695737,0
actual,1h,MUBARAKUSDT,50,earlier,13,13,0,0.23076923076923078,-6.049711032695738,-5.637737556561095,-0.46536238713044137,-4862.533216294231,-374.0410166380178,0.41422296490029276,0.373630806015358,6.049711032695737,0
actual,1h,MUBARAKUSDT,50,later,10,9,1,0.4444444444444444,2.933415738036894,3.2795527961150865,0.3259350820040993,2393.947265227667,265.9941405808518,1.8937239578310896,2.435792525582809,2.7350279411764706,0
actual,1h,MUBARAKUSDT,50,full,23,22,1,0.3181818181818182,-3.116295294658845,-2.358184760446009,-0.14164978612085657,-2468.585951066565,-112.2084523212075,0.7710274469412485,0.7382305359573257,6.049711032695737,0
actual,1h,MUBARAKUSDT,60,earlier,13,13,0,0.23076923076923078,-6.049711032695738,-5.637737556561095,-0.46536238713044137,-4862.533216294231,-374.0410166380178,0.41422296490029276,0.373630806015358,6.049711032695737,0
actual,1h,MUBARAKUSDT,60,later,9,8,1,0.375,2.5237381206596696,2.808964560820971,0.3154672650824587,1707.8665923378735,213.4833240422342,1.776835915585112,1.8412853586069033,3.0453504375812006,0
actual,1h,MUBARAKUSDT,60,full,22,21,1,0.2857142857142857,-3.5259729120360683,-2.8287729957401244,-0.16790347200171754,-3154.6666239563583,-150.222220188398,0.7402867744638124,0.6778689186308607,6.049711032695737,0
actual,1h,MUBARAKUSDT,90,earlier,11,11,0,0.2727272727272727,-3.989688645395443,-3.6377375565610954,-0.3626989677632221,-3328.4291822336054,-302.58447111214593,0.517433548605108,0.4656510043753787,3.989688645395443,0
actual,1h,MUBARAKUSDT,90,later,7,6,1,0.3333333333333333,1.4887707155157852,1.6794764019210389,0.2481284525859642,709.549590092842,118.25826501547365,1.5674993929575531,1.3851903493895776,2.419997496404731,0
actual,1h,MUBARAKUSDT,90,full,18,17,1,0.29411764705882354,-2.500917929879657,-1.9582611546400566,-0.1471128194046857,-2618.8795921407636,-154.05174071416258,0.77036908902802,0.6755205252816433,3.989688645395443,0
actual,1h,MUBARAKUSDT,120,earlier,9,9,0,0.2222222222222222,-3.5186060106649037,-3.2285067873303266,-0.39095622340721153,-3436.2269386455923,-381.8029931828436,0.5129932459868614,0.4013925580351504,4.157784842335388,0
actual,1h,MUBARAKUSDT,120,later,7,6,1,0.3333333333333333,1.4887707155157852,1.6794764019210389,0.2481284525859642,709.549590092842,118.25826501547365,1.5674993929575531,1.3851903493895776,2.419997496404731,0
actual,1h,MUBARAKUSDT,120,full,16,15,1,0.26666666666666666,-2.0298352951491188,-1.5490303854092877,-0.13532235300994125,-2726.67734855275,-181.7784899035167,0.7938908416626892,0.6403959362498964,4.157784842335388,0
actual,1h,MUBARAKUSDT,150,earlier,7,7,0,0.2857142857142857,-1.446954290867673,-1.2285067873303264,-0.206707755838239,-2237.502028518536,-319.6431469312194,0.7192185609726458,0.5073364334510132,3.1151209767891705,0
actual,1h,MUBARAKUSDT,150,later,5,4,1,0.25,1.5800673898068514,1.7006014326260184,0.39501684745171284,981.4382074634278,245.35955186585696,1.6785188439847287,1.658600888342896,2.3287008221136647,0
actual,1h,MUBARAKUSDT,150,full,12,11,1,0.2727272727272727,0.13311309893917755,0.4720946452956918,0.012101190812652506,-1256.063821055108,-114.18762009591892,1.01779108194926,0.7917607240218474,3.1151209767891705,0
actual,1h,MUBARAKUSDT,200,earlier,7,7,0,0.14285714285714285,-4.469912960541187,-4.266968325791864,-0.6385589943630267,-4639.639414595394,-662.8056306564848,0.27529252366993695,0.17271640256204654,4.469912960541187,0
actual,1h,MUBARAKUSDT,200,later,7,6,1,0.3333333333333333,2.177512736127202,2.388913120937711,0.36291878935453364,1829.6566850298277,304.9427808383046,1.6420356938298235,2.0007540705271665,3.3915758221136683,0
actual,1h,MUBARAKUSDT,200,full,14,13,1,0.23076923076923078,-2.2924002244139836,-1.8780552048541528,-0.17633847880107567,-2809.9827295655673,-216.1525176588898,0.7601956770849472,0.6221394232351236,4.469912960541187,0
actual,1h,NEARUSDT,0,earlier,23,23,0,0.43478260869565216,0.5198494402313363,1.656826875589607,0.02260214957527549,854.869605494275,37.168243717142396,1.0411622961370508,1.1658300221235034,3.5731151384791477,0
actual,1h,NEARUSDT,0,later,13,12,1,0.4166666666666667,2.09675560922228,2.8333282664929818,0.17472963410185668,342.78192202677775,28.565160168898146,1.2827676948375437,1.124694794044908,3.221852852852854,0
actual,1h,NEARUSDT,0,full,37,36,1,0.4444444444444444,5.262646716120287,7.240155142082594,0.1461846310033413,1706.709643753518,47.408601215375505,1.2625497422150336,1.2159281450927646,3.5731151384791477,0
actual,1h,NEARUSDT,20,earlier,22,22,0,0.45454545454545453,1.601677026438236,2.6568268755896103,0.07280350120173801,1119.285956105315,50.87663436842341,1.1387041405978187,1.228861046790531,3.187370104226436,0
actual,1h,NEARUSDT,20,later,13,12,1,0.4166666666666667,2.09675560922228,2.8333282664929818,0.17472963410185668,342.78192202677775,28.565160168898146,1.2827676948375437,1.124694794044908,3.221852852852854,0
actual,1h,NEARUSDT,20,full,36,35,1,0.45714285714285713,6.3444743023271855,8.240155142082594,0.1812706943522053,1971.125994364558,56.31788555327308,1.3345791364549933,1.2580127206102019,3.2218528528528534,0
actual,1h,NEARUSDT,30,earlier,23,23,0,0.43478260869565216,0.5198494402313363,1.656826875589607,0.02260214957527549,854.869605494275,37.168243717142396,1.0411622961370508,1.1658300221235034,3.5731151384791477,0
actual,1h,NEARUSDT,30,later,13,12,1,0.4166666666666667,2.09675560922228,2.8333282664929818,0.17472963410185668,342.78192202677775,28.565160168898146,1.2827676948375437,1.124694794044908,3.221852852852854,0
actual,1h,NEARUSDT,30,full,37,36,1,0.4444444444444444,5.262646716120287,7.240155142082594,0.1461846310033413,1706.709643753518,47.408601215375505,1.2625497422150336,1.2159281450927646,3.5731151384791477,0
actual,1h,NEARUSDT,50,earlier,23,23,0,0.43478260869565216,0.5198494402313363,1.656826875589607,0.02260214957527549,854.869605494275,37.168243717142396,1.0411622961370508,1.1658300221235034,3.5731151384791477,0
actual,1h,NEARUSDT,50,later,12,11,1,0.45454545454545453,3.154370993837666,3.8333282664929826,0.28676099943978783,709.9114280347894,64.53740254861722,1.4961651706965944,1.2980519514002764,3.221852852852854,0
actual,1h,NEARUSDT,50,full,36,35,1,0.45714285714285713,6.320262100735674,8.240155142082594,0.1805789171638764,2073.839149761529,59.25254713604369,1.3328772614751314,1.2751568890757807,3.5731151384791477,0
actual,1h,NEARUSDT,60,earlier,23,23,0,0.43478260869565216,0.5198494402313363,1.656826875589607,0.02260214957527549,854.869605494275,37.168243717142396,1.0411622961370508,1.1658300221235034,3.5731151384791477,0
actual,1h,NEARUSDT,60,later,11,10,1,0.4,1.8805596730829621,2.4748377004552604,0.1880559673082962,409.05581306152794,40.90558130615279,1.2958016710853504,1.1717395698955284,3.221852852852854,0
actual,1h,NEARUSDT,60,full,35,34,1,0.4411764705882353,5.046450779980969,6.881664576044869,0.14842502294061674,1772.9835347882683,52.14657455259612,1.2657878247823886,1.2352393790381566,3.5731151384791477,0
actual,1h,NEARUSDT,90,earlier,18,18,0,0.4444444444444444,0.8815493550049094,1.7552495044889014,0.04897496416693941,841.8263939604842,46.76813299780468,1.0933437734994935,1.2046830852060249,4.071482468500445,0
actual,1h,NEARUSDT,90,later,9,8,1,0.375,1.1324504292243018,1.6687152514756667,0.14155630365303773,-213.02562307247226,-26.628202884059032,1.212426624857665,0.8865852335036083,3.1497751834851533,0
actual,1h,NEARUSDT,90,full,28,27,1,0.4444444444444444,4.66004145089588,6.173964755964571,0.17259412781095854,1137.8588871204768,42.14292174520285,1.3153975651390093,1.1899243438195162,4.09818099684208,0
actual,1h,NEARUSDT,120,earlier,15,15,0,0.4,0.078898621339343,0.7505868060761962,0.005259908089289533,131.049470846966,8.736631389797733,1.0094547573776602,1.0336773059347584,3.768672810075767,0
actual,1h,NEARUSDT,120,later,8,7,1,0.42857142857142855,2.249431800312229,2.668715251475665,0.3213474000446041,-118.67826851380516,-16.954038359115025,1.5337948679324327,0.9334741027896638,3.102960479063894,0
actual,1h,NEARUSDT,120,full,24,23,1,0.43478260869565216,4.974372088318242,6.169302057551864,0.21627704731818445,521.4293185656262,22.670839937635918,1.3960835061626922,1.0918774517773204,3.768672810075767,0
actual,1h,NEARUSDT,150,earlier,15,15,0,0.4,-0.5828582791393577,0.17043413432047705,-0.03885721860929051,265.55069936723606,17.703379957815734,0.9352855437360009,1.0706848247799985,5.482985860287088,0
actual,1h,NEARUSDT,150,later,8,8,0,0.375,1.1465856464660726,1.6687152514756622,0.14332320580825908,-333.1434891570362,-41.64293614462952,1.2156499251182207,0.8332954013748747,3.102960479063894,0
actual,1h,NEARUSDT,150,full,24,24,0,0.4166666666666667,1.79935448597079,3.1611832841012326,0.07497310358211624,218.4095640744599,9.100398503102495,1.1256225390156847,1.0379497298634792,6.873284232230058,0
actual,1h,NEARUSDT,200,earlier,12,12,0,0.4166666666666667,-0.822505886312306,-0.1939726453405457,-0.06854215719269217,324.9880075142042,27.082333959517015,0.8812927057697709,1.1198660548791575,4.670077317727415,0
actual,1h,NEARUSDT,200,later,6,6,0,0.5,3.2966777019515754,3.668715251475667,0.5494462836585959,324.6388723605878,54.106478726764635,2.041014917121511,1.24215509512793,2.0557145774245478,0
actual,1h,NEARUSDT,200,full,18,18,0,0.4444444444444444,2.474171815639269,3.474742606135121,0.13745398975773718,649.6268798747924,36.090382215266246,1.2450730782267831,1.1603271374289021,6.248756906675115,0
actual,1h,ONEUSDT,0,earlier,9,9,0,0.5555555555555556,1.75637633803863,2.1189593493543537,0.19515292644873666,829.9624754242008,92.2180528249112,1.4694536888788519,1.3983757670895547,2.6747862411318524,0
actual,1h,ONEUSDT,0,later,16,15,1,0.3333333333333333,1.6535239029034865,2.48045260275122,0.11023492686023244,-596.6309054211158,-39.775393694741055,1.1996687607692518,0.853180287554009,5.146123013934551,0
actual,1h,ONEUSDT,0,full,26,25,1,0.44,7.2045810920059505,8.493028973382176,0.288183243680238,1000.4283441966342,40.01713376786537,1.5992504358949848,1.1627489870678183,5.146123013934552,0
actual,1h,ONEUSDT,20,earlier,9,9,0,0.5555555555555556,1.75637633803863,2.1189593493543537,0.19515292644873666,829.9624754242008,92.2180528249112,1.4694536888788519,1.3983757670895547,2.6747862411318524,0
actual,1h,ONEUSDT,20,later,15,14,1,0.35714285714285715,2.7225504515760535,3.4804526027512197,0.19446788939828955,-286.887315677527,-20.49195111982336,1.3774866894174411,0.9235772950626343,4.0770964652619845,0
actual,1h,ONEUSDT,20,full,25,24,1,0.4583333333333333,8.273607640678518,9.493028973382176,0.34473365169493825,1310.1719339402234,54.590497247509305,1.7553303342163704,1.2244475158481964,4.0770964652619845,0
actual,1h,ONEUSDT,30,earlier,9,9,0,0.5555555555555556,1.75637633803863,2.1189593493543537,0.19515292644873666,829.9624754242008,92.2180528249112,1.4694536888788519,1.3983757670895547,2.6747862411318524,0
actual,1h,ONEUSDT,30,later,16,15,1,0.3333333333333333,1.106667490251858,1.9101799673615227,0.07377783268345721,-989.5652961925647,-65.97101974617098,1.1253560819872592,0.777956692440821,5.146123013934551,0
actual,1h,ONEUSDT,30,full,26,25,1,0.44,6.657724679354322,7.922756337992478,0.2663089871741729,607.4939534251852,24.29975813700741,1.5296725226520327,1.092889014872417,5.146123013934551,0
actual,1h,ONEUSDT,50,earlier,9,9,0,0.5555555555555556,1.75637633803863,2.1189593493543537,0.19515292644873666,829.9624754242008,92.2180528249112,1.4694536888788519,1.3983757670895547,2.6747862411318524,0
actual,1h,ONEUSDT,50,later,15,14,1,0.35714285714285715,2.175694038924425,2.9101799673615227,0.15540671706603035,-679.8217064489759,-48.558693317784,1.280403119243566,0.8360646226086207,4.0770964652619845,0
actual,1h,ONEUSDT,50,full,25,24,1,0.4583333333333333,7.726751228026889,8.922756337992478,0.32194796783445373,917.2375431687743,38.2182309653656,1.6718630993250276,1.1472231327000915,4.077096465261983,0
actual,1h,ONEUSDT,60,earlier,9,9,0,0.5555555555555556,1.75637633803863,2.1189593493543537,0.19515292644873666,829.9624754242008,92.2180528249112,1.4694536888788519,1.3983757670895547,2.6747862411318524,0
actual,1h,ONEUSDT,60,later,15,14,1,0.35714285714285715,0.12849716475351847,0.836910954077986,0.009178368910965604,-1135.0684305155448,-81.07631646539605,1.0165606951925341,0.7262843040220391,4.077096465261984,0
actual,1h,ONEUSDT,60,full,25,24,1,0.4583333333333333,5.679554353855983,6.849487324708941,0.23664809807733264,461.9908191022054,19.249617462591893,1.4938534810238822,1.0741528038984693,4.077096465261983,0
actual,1h,ONEUSDT,90,earlier,8,8,0,0.5,-1.0342065731847883,-0.7422111270410061,-0.12927582164809853,-234.68489159546704,-29.33561144943338,0.7235717196084905,0.8873530111516327,2.6747862411318524,0
actual,1h,ONEUSDT,90,later,14,13,1,0.38461538461538464,0.13185613474613045,0.8288156173222374,0.010142779595856188,-1064.9872716906177,-81.92209782235521,1.0187530054019234,0.7112518984840008,4.077096465261984,0
actual,1h,ONEUSDT,90,full,22,21,1,0.42857142857142855,-0.9023504384386583,0.08660449028123107,-0.04296906849707897,-1299.6721632860847,-61.8891506326707,0.9162358994188363,0.7748182194256265,4.077096465261984,0
actual,1h,ONEUSDT,120,earlier,7,7,0,0.5714285714285714,-0.4301119829677501,-0.15912074803226106,-0.06144456899539287,340.52793998997197,48.64684856999599,0.862900503832001,1.2257913699583094,2.0706916509148146,0
actual,1h,ONEUSDT,120,later,12,11,1,0.36363636363636365,1.1156286783550782,1.6516573439409403,0.10142078894137074,-886.9090537297579,-80.62809579361436,1.1881354844096534,0.7444667517801361,2.975817926449203,0
actual,1h,ONEUSDT,120,full,19,18,1,0.4444444444444444,0.6855166953873282,1.4925365959086805,0.038084260854851566,-546.381113739786,-30.354506318877,1.075604455788342,0.8902622133198514,2.975817926449202,0
actual,1h,ONEUSDT,150,earlier,4,4,0,0.5,-0.8567022216742941,-0.697601382957104,-0.21417555541857353,69.72222504451294,17.430556261128235,0.591603498843982,1.071009837329267,1.5714521981019907,0
actual,1h,ONEUSDT,150,later,11,10,1,0.3,0.7171083331023087,1.162138231733794,0.07171083331023087,-974.4971296105148,-97.44971296105149,1.1209304907985362,0.7192311704755873,3.374338271701972,0
actual,1h,ONEUSDT,150,full,15,14,1,0.35714285714285715,-0.1395938885719855,0.4645368487766903,-0.009970992040856108,-904.7749045660019,-64.62677889757155,0.9826108507782088,0.7968023446712476,3.374338271701972,0
actual,1h,ONEUSDT,200,earlier,3,3,0,0.3333333333333333,-1.5714521981019907,-1.429977156914423,-0.5238173993673302,-741.304879092434,-247.10162636414466,0.25087671865197925,0.24500489130777825,1.5714521981019907,0
actual,1h,ONEUSDT,200,later,11,10,1,0.3,0.2149932278009261,0.7022616885239152,0.02149932278009261,-937.2509581202648,-93.72509581202648,1.033425373120749,0.7270331386158412,3.8764533770033545,0
actual,1h,ONEUSDT,200,full,14,13,1,0.3076923076923077,-1.3564589703010645,-0.7277154683905076,-0.1043429977154665,-1678.555837212699,-129.11967978559224,0.8409733437110795,0.6198438331572456,3.8764533770033545,0
actual,1h,OPUSDT,0,earlier,21,21,0,0.2857142857142857,0.559124112038313,1.6361633401867914,0.026624957716110145,-2561.3682008049964,-121.96991432404745,1.0407765774515663,0.6121761157279546,6.81573434744286,0
actual,1h,OPUSDT,0,later,14,13,1,0.46153846153846156,0.666813871671172,1.3671058798384137,0.05129337474393631,3110.939067829474,239.30300521765184,1.0927216373620556,2.291107020116101,3.040548191435973,0
actual,1h,OPUSDT,0,full,36,35,1,0.37142857142857144,5.1125645621821505,6.97801365778831,0.1460732732052043,1431.7136266805455,40.90610361944416,1.2445798102519474,1.1588326568504699,6.81573434744286,0
actual,1h,OPUSDT,20,earlier,21,21,0,0.2857142857142857,0.559124112038313,1.6361633401867914,0.026624957716110145,-2561.3682008049964,-121.96991432404745,1.0407765774515663,0.6121761157279546,6.81573434744286,0
actual,1h,OPUSDT,20,later,13,12,1,0.5,1.7439257850285732,2.3671058798384146,0.1453271487523811,3390.3023637096226,282.52519697580186,1.2852136040413176,2.591579435782604,2.8891021469811524,0
actual,1h,OPUSDT,20,full,35,34,1,0.38235294117647056,6.189676475539551,7.97801365778831,0.18204930810410444,1711.076922560694,50.32579184002041,1.312194464094973,1.1958961594620263,6.81573434744286,0
actual,1h,OPUSDT,30,earlier,21,21,0,0.2857142857142857,0.559124112038313,1.6361633401867914,0.026624957716110145,-2561.3682008049964,-121.96991432404745,1.0407765774515663,0.6121761157279546,6.81573434744286,0
actual,1h,OPUSDT,30,later,14,13,1,0.46153846153846156,0.666813871671172,1.3671058798384137,0.05129337474393631,3110.939067829474,239.30300521765184,1.0927216373620556,2.291107020116101,3.040548191435973,0
actual,1h,OPUSDT,30,full,36,35,1,0.37142857142857144,5.1125645621821505,6.97801365778831,0.1460732732052043,1431.7136266805455,40.90610361944416,1.2445798102519474,1.1588326568504699,6.81573434744286,0
actual,1h,OPUSDT,50,earlier,20,20,0,0.3,1.5920641999402334,2.636163340186792,0.07960320999701168,-1934.2052794566832,-96.71026397283417,1.1255674717026607,0.6764081610759769,6.81573434744286,0
actual,1h,OPUSDT,50,later,14,13,1,0.46153846153846156,0.666813871671172,1.3671058798384137,0.05129337474393631,3110.939067829474,239.30300521765184,1.0927216373620556,2.291107020116101,3.040548191435973,0
actual,1h,OPUSDT,50,full,35,34,1,0.38235294117647056,6.145504650084073,7.978013657788308,0.1807501367671786,2058.876548028858,60.55519258908406,1.3092774784434908,1.2454897623130807,6.81573434744286,0
actual,1h,OPUSDT,60,earlier,19,19,0,0.2631578947368421,-0.920629735179662,0.05801229518101181,-0.04845419658840326,-2701.942791699582,-142.20751535260956,0.9273891415778711,0.5479659548446822,6.815734347442861,0
actual,1h,OPUSDT,60,later,14,13,1,0.46153846153846156,0.666813871671172,1.3671058798384137,0.05129337474393631,3110.939067829474,239.30300521765184,1.0927216373620556,2.291107020116101,3.040548191435973,0
actual,1h,OPUSDT,60,full,34,33,1,0.36363636363636365,3.6328107149641773,5.399862612782529,0.11008517318073265,1291.1390357859586,39.125425326847235,1.18282412943439,1.1539487228176406,6.815734347442861,0
actual,1h,OPUSDT,90,earlier,16,16,0,0.25,-3.2092808890468847,-2.4231153419504863,-0.2005800555654303,-2703.438609187212,-168.96491307420075,0.7088878641056806,0.4794279993399134,5.479347654095736,0
actual,1h,OPUSDT,90,later,10,10,0,0.5,1.4640565098287683,1.9982829108305684,0.14640565098287683,3441.519726883065,344.15197268830644,1.2728521842699927,3.0303153910684912,1.239560662395018,0
actual,1h,OPUSDT,90,full,27,27,0,0.37037037037037035,2.1414021992545487,3.549912006643188,0.07931119256498328,1620.2238773519211,60.00829175377486,1.1306533047913865,1.235214768861407,5.479347654095736,0
actual,1h,OPUSDT,120,earlier,12,12,0,0.16666666666666666,-6.794654987957384,-6.234174606434405,-0.5662212489964487,-3935.388102129258,-327.9490085107715,0.2367134131349167,0.12138715927188647,6.794654987957384,0
actual,1h,OPUSDT,120,later,9,9,0,0.4444444444444444,1.209034864807125,1.695252607800267,0.13433720720079168,3335.279871157187,370.58665235079854,1.225324501825262,2.9676394713170438,1.239560662395018,0
actual,1h,OPUSDT,120,full,22,22,0,0.3181818181818182,-1.6989935446775928,-0.5641775608710327,-0.07722697930352694,282.0345286839983,12.819751303818105,0.8809193703858389,1.045679829469913,6.794654987957384,0
actual,1h,OPUSDT,150,earlier,11,11,0,0.09090909090909091,-8.356810341252912,-7.892679716517089,-0.759710031022992,-4318.656090964635,-392.6050991786032,0.07501074981475875,0.05306878534730327,8.356810341252912,0
actual,1h,OPUSDT,150,later,7,7,0,0.42857142857142855,0.8236738931319787,1.1789836273230345,0.1176676990188541,3070.933489617979,438.70478423113985,1.1920595642288976,3.1691929136107104,2.1558209743524763,0
actual,1h,OPUSDT,150,full,19,19,0,0.2631578947368421,-3.6465098696482667,-2.7389516514309493,-0.19192157208675087,-365.57984169058795,-19.24104429950463,0.7263023594500848,0.9388293139329645,8.356810341252912,0
actual,1h,OPUSDT,200,earlier,11,11,0,0.18181818181818182,-5.619064421674968,-5.137828625815643,-0.510824038334088,-3090.4620253061667,-280.9510932096515,0.35233077191753437,0.2858115167582881,7.6332538800858805,0
actual,1h,OPUSDT,200,later,7,7,0,0.42857142857142855,0.8236738931319787,1.1789836273230345,0.1176676990188541,3070.933489617979,438.70478423113985,1.1920595642288976,3.1691929136107104,2.1558209743524763,0
actual,1h,OPUSDT,200,full,19,19,0,0.3157894736842105,-0.9087639500703228,0.015899439270496973,-0.047829681582648574,862.6142239678812,45.40074862988848,0.9299034584899303,1.1502043123159635,7.6332538800858805,0
actual,1h,PENDLEUSDT,0,earlier,20,20,0,0.25,-1.7027679450048003,-0.8381317102064495,-0.08513839725024001,-532.117553968607,-26.60587769843035,0.8714829316033887,0.9185369302361077,8.574081317534631,0
actual,1h,PENDLEUSDT,0,later,12,12,0,0.3333333333333333,3.9528261386073793,4.657943901201666,0.3294021782172816,1068.727256982795,89.06060474856626,1.4989211290219684,1.3875531083301937,5.833928039525032,0
actual,1h,PENDLEUSDT,0,full,32,32,0,0.28125,2.2500581936025794,3.8198121909952176,0.0703143185500806,536.6097030141873,16.769053219193353,1.106274681695864,1.0577643319170937,8.574081317534631,0
actual,1h,PENDLEUSDT,20,earlier,20,20,0,0.25,-1.7027679450048003,-0.8381317102064495,-0.08513839725024001,-532.117553968607,-26.60587769843035,0.8714829316033887,0.9185369302361077,8.574081317534631,0
actual,1h,PENDLEUSDT,20,later,12,12,0,0.3333333333333333,3.9528261386073793,4.657943901201666,0.3294021782172816,1068.727256982795,89.06060474856626,1.4989211290219684,1.3875531083301937,5.833928039525032,0
actual,1h,PENDLEUSDT,20,full,32,32,0,0.28125,2.2500581936025794,3.8198121909952176,0.0703143185500806,536.6097030141873,16.769053219193353,1.106274681695864,1.0577643319170937,8.574081317534631,0
actual,1h,PENDLEUSDT,30,earlier,20,20,0,0.25,-1.7027679450048003,-0.8381317102064495,-0.08513839725024001,-532.117553968607,-26.60587769843035,0.8714829316033887,0.9185369302361077,8.574081317534631,0
actual,1h,PENDLEUSDT,30,later,12,12,0,0.3333333333333333,3.9528261386073793,4.657943901201666,0.3294021782172816,1068.727256982795,89.06060474856626,1.4989211290219684,1.3875531083301937,5.833928039525032,0
actual,1h,PENDLEUSDT,30,full,32,32,0,0.28125,2.2500581936025794,3.8198121909952176,0.0703143185500806,536.6097030141873,16.769053219193353,1.106274681695864,1.0577643319170937,8.574081317534631,0
actual,1h,PENDLEUSDT,50,earlier,20,20,0,0.25,-3.956030770159911,-3.1011720664376523,-0.19780153850799556,-1455.311238520838,-72.7655619260419,0.7014170494815684,0.7772031385403352,8.574081317534631,0
actual,1h,PENDLEUSDT,50,later,10,10,0,0.4,5.496753546962024,6.099610567868332,0.5496753546962024,1650.672208453524,165.0672208453524,1.8617194793197729,1.7586915289387821,4.290000631170386,0
actual,1h,PENDLEUSDT,50,full,30,30,0,0.3,1.5407227768021126,2.9984385014306802,0.05135742589340375,195.3609699326859,6.51203233108953,1.0784954771370696,1.0224354464978282,8.574081317534631,0
actual,1h,PENDLEUSDT,60,earlier,19,19,0,0.2631578947368421,-1.2015073949313153,-0.3590219054615392,-0.06323723131217449,-79.52732042296024,-4.185648443313697,0.9057500214897883,0.9869185993607237,8.072820767461147,0
actual,1h,PENDLEUSDT,60,later,10,10,0,0.3,4.630239234775411,5.242966791979954,0.4630239234775411,1160.8865948076289,116.08865948076289,1.6748698294518423,1.4808856542802233,4.772117297837051,0
actual,1h,PENDLEUSDT,60,full,29,29,0,0.27586206896551724,3.428731839844095,4.883944886518414,0.11823213240841707,1081.3592743846693,37.288250840850665,1.1748547509512015,1.1273164138839,8.072820767461147,0
actual,1h,PENDLEUSDT,90,earlier,15,15,0,0.26666666666666666,-0.17517376821444475,0.49007238612571313,-0.011678251214296316,698.398583028598,46.559905535239864,0.9829353205624891,1.1503988551500421,7.205137642780246,0
actual,1h,PENDLEUSDT,90,later,9,9,0,0.2222222222222222,2.939476607731415,3.500109649122818,0.3266085119701572,876.0817264287751,97.34241404764168,1.4271106618184541,1.390422153390614,5.833928039525032,0
actual,1h,PENDLEUSDT,90,full,24,24,0,0.25,2.7643028395169695,3.990182035248531,0.11517928497987373,1574.4803094573729,65.60334622739053,1.1612071523854883,1.2285971125765516,7.291251397720089,0
actual,1h,PENDLEUSDT,120,earlier,16,16,0,0.25,-1.8923931775520126,-1.2121772094363084,-0.11827457359700079,-20.072483521419993,-1.2545302200887496,0.824233922190119,0.9960613098325053,7.7063981928537295,0
actual,1h,PENDLEUSDT,120,later,6,6,0,0.3333333333333333,2.3099702212094404,2.659085074104353,0.38499503686824005,1146.546837951838,191.09113965863966,1.5439893789130317,1.804878033830577,3.1980431843618735,0
actual,1h,PENDLEUSDT,120,full,22,22,0,0.2727272727272727,0.417577043657428,1.4469078646680447,0.018980774711701273,1126.4743544304179,51.20337974683717,1.0278145573876283,1.1727527772591522,7.7063981928537295,0
actual,1h,PENDLEUSDT,150,earlier,14,14,0,0.21428571428571427,-2.8872758831254286,-2.261119482652513,-0.20623399165181633,-1279.5542341745322,-91.39673101246659,0.7033797123256765,0.7133183290224793,9.733912355636088,0
actual,1h,PENDLEUSDT,150,later,5,5,0,0.4,3.3715102805566226,3.659085074104354,0.6743020561113245,1491.5383997436322,298.30767994872645,2.0586215658136893,2.381686001729515,2.1365031250146913,0
actual,1h,PENDLEUSDT,150,full,19,19,0,0.2631578947368421,0.48423439743119445,1.397965591451841,0.025486020917431285,211.98416556909996,11.157061345742102,1.0374831444465962,1.0382447275675382,9.733912355636088,0
actual,1h,PENDLEUSDT,200,earlier,10,10,0,0.1,-3.891074725106797,-3.4505025645097467,-0.3891074725106797,-1647.39205462337,-164.739205462337,0.49009551661782735,0.5481699348285707,7.630987472982156,0
actual,1h,PENDLEUSDT,200,later,4,4,0,0.25,-2.086500139979317,-1.871446229913467,-0.5216250349948293,-353.164189037155,-88.29104725928875,0.34485916949637185,0.6728464943385533,2.1365031250146913,0
actual,1h,PENDLEUSDT,200,full,14,14,0,0.14285714285714285,-5.977574865086114,-5.321948794423214,-0.4269696332204367,-2000.5562436605248,-142.89687454718035,0.44732933692215826,0.576651088202638,9.767490597996847,0
actual,1h,PIEVERSEUSDT,0,earlier,0,0,0,,0.0,0.0,,0.0,,,,0.0,0
actual,1h,PIEVERSEUSDT,0,later,11,11,0,0.36363636363636365,0.8645737475948225,1.3848758206491243,0.07859761341771114,2192.43006489205,199.31182408109544,1.117361517377857,1.6532358294499148,4.415415175442712,0
actual,1h,PIEVERSEUSDT,0,full,11,11,0,0.36363636363636365,0.8645737475948225,1.3848758206491243,0.07859761341771114,2192.43006489205,199.31182408109544,1.117361517377857,1.6532358294499148,4.415415175442712,0
actual,1h,PIEVERSEUSDT,20,earlier,0,0,0,,0.0,0.0,,0.0,,,,0.0,0
actual,1h,PIEVERSEUSDT,20,later,11,11,0,0.36363636363636365,0.8645737475948225,1.3848758206491243,0.07859761341771114,2192.43006489205,199.31182408109544,1.117361517377857,1.6532358294499148,4.415415175442712,0
actual,1h,PIEVERSEUSDT,20,full,11,11,0,0.36363636363636365,0.8645737475948225,1.3848758206491243,0.07859761341771114,2192.43006489205,199.31182408109544,1.117361517377857,1.6532358294499148,4.415415175442712,0
actual,1h,PIEVERSEUSDT,30,earlier,0,0,0,,0.0,0.0,,0.0,,,,0.0,0
actual,1h,PIEVERSEUSDT,30,later,11,11,0,0.36363636363636365,0.8645737475948225,1.3848758206491243,0.07859761341771114,2192.43006489205,199.31182408109544,1.117361517377857,1.6532358294499148,4.415415175442712,0
actual,1h,PIEVERSEUSDT,30,full,11,11,0,0.36363636363636365,0.8645737475948225,1.3848758206491243,0.07859761341771114,2192.43006489205,199.31182408109544,1.117361517377857,1.6532358294499148,4.415415175442712,0
actual,1h,PIEVERSEUSDT,50,earlier,0,0,0,,0.0,0.0,,0.0,,,,0.0,0
actual,1h,PIEVERSEUSDT,50,later,11,11,0,0.36363636363636365,0.8645737475948225,1.3848758206491243,0.07859761341771114,2192.43006489205,199.31182408109544,1.117361517377857,1.6532358294499148,4.415415175442712,0
actual,1h,PIEVERSEUSDT,50,full,11,11,0,0.36363636363636365,0.8645737475948225,1.3848758206491243,0.07859761341771114,2192.43006489205,199.31182408109544,1.117361517377857,1.6532358294499148,4.415415175442712,0
actual,1h,PIEVERSEUSDT,60,earlier,0,0,0,,0.0,0.0,,0.0,,,,0.0,0
actual,1h,PIEVERSEUSDT,60,later,11,11,0,0.36363636363636365,0.8645737475948225,1.3848758206491243,0.07859761341771114,2192.43006489205,199.31182408109544,1.117361517377857,1.6532358294499148,4.415415175442712,0
actual,1h,PIEVERSEUSDT,60,full,11,11,0,0.36363636363636365,0.8645737475948225,1.3848758206491243,0.07859761341771114,2192.43006489205,199.31182408109544,1.117361517377857,1.6532358294499148,4.415415175442712,0
actual,1h,PIEVERSEUSDT,90,earlier,0,0,0,,0.0,0.0,,0.0,,,,0.0,0
actual,1h,PIEVERSEUSDT,90,later,10,10,0,0.3,-1.4792770444008112,-0.9873869530735067,-0.14792770444008113,-688.8797503192811,-68.88797503192812,0.7988754813847675,0.7982295983418509,4.403689325102576,0
actual,1h,PIEVERSEUSDT,90,full,10,10,0,0.3,-1.4792770444008112,-0.9873869530735067,-0.14792770444008113,-688.8797503192811,-68.88797503192812,0.7988754813847675,0.7982295983418509,4.403689325102576,0
actual,1h,PIEVERSEUSDT,120,earlier,0,0,0,,0.0,0.0,,0.0,,,,0.0,0
actual,1h,PIEVERSEUSDT,120,later,10,10,0,0.3,-1.4792770444008112,-0.9873869530735067,-0.14792770444008113,-688.8797503192811,-68.88797503192812,0.7988754813847675,0.7982295983418509,4.403689325102576,0
actual,1h,PIEVERSEUSDT,120,full,10,10,0,0.3,-1.4792770444008112,-0.9873869530735067,-0.14792770444008113,-688.8797503192811,-68.88797503192812,0.7988754813847675,0.7982295983418509,4.403689325102576,0
actual,1h,PIEVERSEUSDT,150,earlier,0,0,0,,0.0,0.0,,0.0,,,,0.0,0
actual,1h,PIEVERSEUSDT,150,later,8,8,0,0.375,0.6370971052590542,1.0126130469264942,0.07963713815738177,38.562483958392846,4.820310494799106,1.1216145929196546,1.0143529210926563,3.1774639935880016,0
actual,1h,PIEVERSEUSDT,150,full,8,8,0,0.375,0.6370971052590542,1.0126130469264942,0.07963713815738177,38.562483958392846,4.820310494799106,1.1216145929196546,1.0143529210926563,3.1774639935880016,0
actual,1h,PIEVERSEUSDT,200,earlier,0,0,0,,0.0,0.0,,0.0,,,,0.0,0
actual,1h,PIEVERSEUSDT,200,later,7,7,0,0.42857142857142855,1.4291446130031344,1.7213687116443739,0.2041635161433049,1923.7167216081373,274.81667451544814,1.341966066686719,1.8255038425727212,3.8508443100344,0
actual,1h,PIEVERSEUSDT,200,full,7,7,0,0.42857142857142855,1.4291446130031344,1.7213687116443739,0.2041635161433049,1923.7167216081373,274.81667451544814,1.341966066686719,1.8255038425727212,3.8508443100344,0
actual,1h,PUMPUSDT,0,earlier,3,3,0,0.6666666666666666,0.3484291947046636,0.4179003386550528,0.11614306490155453,-205.61425350310893,-68.53808450103631,1.3429605331130248,0.8386422854464031,1.0159454545454554,0
actual,1h,PUMPUSDT,0,later,11,11,0,0.6363636363636364,15.771899426070574,16.14520647377274,1.4338090387336886,8623.695821089666,783.9723473717879,4.8233841420419745,3.748708186282408,3.0887483728195804,0
actual,1h,PUMPUSDT,0,full,14,14,0,0.6428571428571429,16.120328620775236,16.56310681242779,1.1514520443410883,8418.081567586558,601.2915405418969,4.135603761031299,2.9081528116053237,3.0887483728195804,0
actual,1h,PUMPUSDT,20,earlier,3,3,0,0.6666666666666666,0.3484291947046636,0.4179003386550528,0.11614306490155453,-205.61425350310893,-68.53808450103631,1.3429605331130248,0.8386422854464031,1.0159454545454554,0
actual,1h,PUMPUSDT,20,later,11,11,0,0.6363636363636364,15.771899426070574,16.14520647377274,1.4338090387336886,8623.695821089666,783.9723473717879,4.8233841420419745,3.748708186282408,3.0887483728195804,0
actual,1h,PUMPUSDT,20,full,14,14,0,0.6428571428571429,16.120328620775236,16.56310681242779,1.1514520443410883,8418.081567586558,601.2915405418969,4.135603761031299,2.9081528116053237,3.0887483728195804,0
actual,1h,PUMPUSDT,30,earlier,3,3,0,0.6666666666666666,0.3484291947046636,0.4179003386550528,0.11614306490155453,-205.61425350310893,-68.53808450103631,1.3429605331130248,0.8386422854464031,1.0159454545454554,0
actual,1h,PUMPUSDT,30,later,11,11,0,0.6363636363636364,15.771899426070574,16.14520647377274,1.4338090387336886,8623.695821089666,783.9723473717879,4.8233841420419745,3.748708186282408,3.0887483728195804,0
actual,1h,PUMPUSDT,30,full,14,14,0,0.6428571428571429,16.120328620775236,16.56310681242779,1.1514520443410883,8418.081567586558,601.2915405418969,4.135603761031299,2.9081528116053237,3.0887483728195804,0
actual,1h,PUMPUSDT,50,earlier,3,3,0,0.6666666666666666,0.3484291947046636,0.4179003386550528,0.11614306490155453,-205.61425350310893,-68.53808450103631,1.3429605331130248,0.8386422854464031,1.0159454545454554,0
actual,1h,PUMPUSDT,50,later,11,11,0,0.6363636363636364,15.771899426070574,16.14520647377274,1.4338090387336886,8623.695821089666,783.9723473717879,4.8233841420419745,3.748708186282408,3.0887483728195804,0
actual,1h,PUMPUSDT,50,full,14,14,0,0.6428571428571429,16.120328620775236,16.56310681242779,1.1514520443410883,8418.081567586558,601.2915405418969,4.135603761031299,2.9081528116053237,3.0887483728195804,0
actual,1h,PUMPUSDT,60,earlier,3,3,0,0.6666666666666666,0.3484291947046636,0.4179003386550528,0.11614306490155453,-205.61425350310893,-68.53808450103631,1.3429605331130248,0.8386422854464031,1.0159454545454554,0
actual,1h,PUMPUSDT,60,later,11,11,0,0.6363636363636364,15.771899426070574,16.14520647377274,1.4338090387336886,8623.695821089666,783.9723473717879,4.8233841420419745,3.748708186282408,3.0887483728195804,0
actual,1h,PUMPUSDT,60,full,14,14,0,0.6428571428571429,16.120328620775236,16.56310681242779,1.1514520443410883,8418.081567586558,601.2915405418969,4.135603761031299,2.9081528116053237,3.0887483728195804,0
actual,1h,PUMPUSDT,90,earlier,3,3,0,0.6666666666666666,2.9032801437556124,2.963121783876498,0.9677600479185374,2261.728718582503,753.9095728608343,3.857712617115424,2.774912831931615,1.0159454545454554,0
actual,1h,PUMPUSDT,90,later,9,9,0,0.6666666666666666,12.407730419946368,12.681015523760898,1.3786367133273743,7848.930177879295,872.1033530976995,5.017033127740983,4.057705444770122,2.0524130434782624,0
actual,1h,PUMPUSDT,90,full,12,12,0,0.6666666666666666,15.31101056370198,15.644137307637395,1.2759175469751651,10110.658896461797,842.5549080384831,4.730093964733658,3.632154252548671,2.0524130434782624,0
actual,1h,PUMPUSDT,120,earlier,3,3,0,0.6666666666666666,2.9032801437556124,2.963121783876498,0.9677600479185374,2261.728718582503,753.9095728608343,3.857712617115424,2.774912831931615,1.0159454545454554,0
actual,1h,PUMPUSDT,120,later,9,9,0,0.6666666666666666,10.962834819739456,11.248403691149075,1.2180927577488285,6698.508056595279,744.2786729550311,4.5492446365574795,3.6095358338404755,2.0524130434782624,0
actual,1h,PUMPUSDT,120,full,12,12,0,0.6666666666666666,13.866114963495068,14.21152547502557,1.1555095802912556,8960.236775177782,746.6863979314818,4.378086085464136,3.3326595796719656,2.0524130434782624,0
actual,1h,PUMPUSDT,150,earlier,3,3,0,0.6666666666666666,2.9032801437556124,2.963121783876498,0.9677600479185374,2261.728718582503,753.9095728608343,3.857712617115424,2.774912831931615,1.0159454545454554,0
actual,1h,PUMPUSDT,150,later,7,7,0,0.5714285714285714,8.265100700577852,8.484011367055256,1.1807286715111218,5020.456263583665,717.2080376548092,3.675846604868446,2.955817685275645,2.0524130434782624,0
actual,1h,PUMPUSDT,150,full,10,10,0,0.6,11.168380844333463,11.447133150931755,1.1168380844333463,7282.184982166168,728.2184982166168,3.720859593817868,2.8958046517979645,2.0524130434782624,0
actual,1h,PUMPUSDT,200,earlier,2,2,0,0.5,-0.3658223776223799,-0.31794871794872026,-0.18291118881118995,-867.0353367879069,-433.51766839395344,0.639919273238884,0.31958588474417443,1.0159454545454554,0
actual,1h,PUMPUSDT,200,later,7,7,0,0.5714285714285714,8.331472850649995,8.540432723476606,1.1902104072357136,5415.692395185356,773.6703421693367,3.697334751094656,3.1097897100204106,2.0524130434782624,0
actual,1h,PUMPUSDT,200,full,9,9,0,0.5555555555555556,7.965650473027616,8.222484005527885,0.8850722747808463,4548.657058397449,505.4063398219388,2.940605071820553,2.1841727766957124,2.0524130434782624,0
actual,1h,SOLUSDT,0,earlier,21,21,0,0.38095238095238093,-5.761175618219697,-4.47870517067007,-0.27434169610569986,-1835.8558042296158,-87.42170496331504,0.5830429373580587,0.6082819398980931,6.855636954854785,0
actual,1h,SOLUSDT,0,later,12,11,1,0.36363636363636365,0.12051214920551279,0.8902754837419491,0.01095564992777389,-740.2545206461631,-67.29586551328755,1.0167583976229186,0.6709542132852403,3.160526806160707,0
actual,1h,SOLUSDT,0,full,34,33,1,0.3939393939393939,2.5856349603052022,4.746648847103311,0.0783525745547031,-1063.64654280907,-32.231713418456664,1.1230765866605592,0.8466567592129823,6.855636954854785,0
actual,1h,SOLUSDT,20,earlier,21,21,0,0.38095238095238093,-5.761175618219697,-4.47870517067007,-0.27434169610569986,-1835.8558042296158,-87.42170496331504,0.5830429373580587,0.6082819398980931,6.855636954854785,0
actual,1h,SOLUSDT,20,later,12,11,1,0.36363636363636365,0.12051214920551279,0.8902754837419491,0.01095564992777389,-740.2545206461631,-67.29586551328755,1.0167583976229186,0.6709542132852403,3.160526806160707,0
actual,1h,SOLUSDT,20,full,34,33,1,0.3939393939393939,2.5856349603052022,4.746648847103311,0.0783525745547031,-1063.64654280907,-32.231713418456664,1.1230765866605592,0.8466567592129823,6.855636954854785,0
actual,1h,SOLUSDT,30,earlier,21,21,0,0.38095238095238093,-5.761175618219697,-4.47870517067007,-0.27434169610569986,-1835.8558042296158,-87.42170496331504,0.5830429373580587,0.6082819398980931,6.855636954854785,0
actual,1h,SOLUSDT,30,later,12,11,1,0.36363636363636365,0.12051214920551279,0.8902754837419491,0.01095564992777389,-740.2545206461631,-67.29586551328755,1.0167583976229186,0.6709542132852403,3.160526806160707,0
actual,1h,SOLUSDT,30,full,34,33,1,0.3939393939393939,2.5856349603052022,4.746648847103311,0.0783525745547031,-1063.64654280907,-32.231713418456664,1.1230765866605592,0.8466567592129823,6.855636954854785,0
actual,1h,SOLUSDT,50,earlier,20,20,0,0.4,-4.714262726233637,-3.4787051706700707,-0.23571313631168186,-1389.5337602605134,-69.47668801302568,0.6308410459399393,0.6723071635547943,5.808724062868724,0
actual,1h,SOLUSDT,50,later,12,11,1,0.36363636363636365,0.12051214920551279,0.8902754837419491,0.01095564992777389,-740.2545206461631,-67.29586551328755,1.0167583976229186,0.6709542132852403,3.160526806160707,0
actual,1h,SOLUSDT,50,full,33,32,1,0.40625,3.632547852291263,5.746648847103309,0.11351712038410197,-617.324498839968,-19.291390588749,1.1819783507449824,0.9048814695489199,5.808724062868724,0
actual,1h,SOLUSDT,60,earlier,20,20,0,0.35,-5.853176298201866,-4.6334068895780565,-0.2926588149100933,-2044.1889347903737,-102.20944673951867,0.5759812210329761,0.5787417011293048,6.842495066586195,0
actual,1h,SOLUSDT,60,later,12,11,1,0.36363636363636365,0.12051214920551279,0.8902754837419491,0.01095564992777389,-740.2545206461631,-67.29586551328755,1.0167583976229186,0.6709542132852403,3.160526806160707,0
actual,1h,SOLUSDT,60,full,33,32,1,0.375,2.493634280323035,4.591947128195322,0.07792607126009485,-1271.9796733698279,-39.74936479280712,1.1187716396724288,0.8209054222272749,6.842495066586195,0
actual,1h,SOLUSDT,90,earlier,17,17,0,0.35294117647058826,-5.23713878245119,-4.226194465255855,-0.3080669872030112,-1737.8578563302601,-102.22693272530942,0.5513061738207083,0.5813539225832883,6.8595176691568716,0
actual,1h,SOLUSDT,90,later,10,9,1,0.3333333333333333,1.155327474876009,1.7868272078798781,0.12836971943066766,-524.8802317270901,-58.32002574745445,1.1893991576108403,0.7389143553017824,3.0839567156294923,0
actual,1h,SOLUSDT,90,full,28,27,1,0.37037037037037035,4.144487121744209,5.895711276655455,0.1534995230275633,-750.2743059906418,-27.78793725891266,1.2332041583464268,0.8782321550172267,6.8595176691568716,0
actual,1h,SOLUSDT,120,earlier,16,16,0,0.375,-4.203367778733718,-3.2261944652558547,-0.26271048617085735,-1125.6338239230581,-70.35211399519113,0.6048795829205734,0.6819268085457578,5.825746665439399,0
actual,1h,SOLUSDT,120,later,8,8,0,0.375,2.2169633972061056,2.786827207879878,0.2771204246507632,-180.39413264856924,-22.549266581071155,1.4400199199119215,0.8917130317609736,2.1257114804902106,0
actual,1h,SOLUSDT,120,full,25,25,0,0.4,6.2398940477917755,7.895711276655453,0.24959576191167102,206.435825495081,8.25743301980324,1.3980407823579144,1.0396625545878764,5.825746665439399,0
actual,1h,SOLUSDT,150,earlier,14,14,0,0.35714285714285715,-3.5530689431639404,-2.6587064821754645,-0.2537906387974243,-1341.7343054984901,-95.83816467846357,0.6287300553253856,0.5840169729629664,5.150891031349415,0
actual,1h,SOLUSDT,150,later,7,7,0,0.2857142857142857,-3.3263699361272656,-2.910142489089858,-0.47519570516103793,-902.0114896505421,-128.85878423579175,0.3397865590669158,0.45854065153376833,3.3263699361272656,0
actual,1h,SOLUSDT,150,full,22,22,0,0.36363636363636365,1.3468595500281828,2.7662295627661075,0.061220888637644674,-731.2820130823242,-33.24009150374201,1.0921978170456546,0.850494668168617,5.150891031349415,0
actual,1h,SOLUSDT,200,earlier,13,13,0,0.23076923076923078,-6.977265429398207,-6.1215534830468,-0.5367127253383236,-2046.7801412512504,-157.44462625009618,0.2748234621436863,0.3093524401582457,6.977265429398207,0
actual,1h,SOLUSDT,200,later,6,6,0,0.3333333333333333,-2.5558526428941852,-2.1808191808191832,-0.4259754404823642,-527.919352686244,-87.98655878104066,0.401132203713434,0.5913296211936652,2.5558526428941852,0
actual,1h,SOLUSDT,200,full,20,20,0,0.3,-1.306819642973002,0.032705870165447015,-0.0653409821486501,-1062.2357118707855,-53.111785593539274,0.9059116307420166,0.7503772501277184,6.977265429398207,0
actual,1h,UNIUSDT,0,earlier,19,19,0,0.42105263157894735,6.319761144231019,7.334172374141266,0.33261900759110624,2570.5364882115678,135.2913941163983,1.5716225765658136,1.5624034034742713,6.462202551096114,0
actual,1h,UNIUSDT,0,later,15,14,1,0.35714285714285715,1.0730199283604385,2.0155672986453554,0.07664428059717418,1824.4541277617302,130.31815198298074,1.110586775701203,1.6611445015681918,2.2064821654439646,0
actual,1h,UNIUSDT,0,full,35,34,1,0.4117647058823529,8.486308345318735,10.513376036422986,0.24959730427408044,4706.940823442177,138.43943598359346,1.4088054156090195,1.642132849929001,6.462202551096114,0
actual,1h,UNIUSDT,20,earlier,19,19,0,0.42105263157894735,6.319761144231019,7.334172374141266,0.33261900759110624,2570.5364882115678,135.2913941163983,1.5716225765658136,1.5624034034742713,6.462202551096114,0
actual,1h,UNIUSDT,20,later,15,14,1,0.35714285714285715,1.0730199283604385,2.0155672986453554,0.07664428059717418,1824.4541277617302,130.31815198298074,1.110586775701203,1.6611445015681918,2.2064821654439646,0
actual,1h,UNIUSDT,20,full,35,34,1,0.4117647058823529,8.486308345318735,10.513376036422986,0.24959730427408044,4706.940823442177,138.43943598359346,1.4088054156090195,1.642132849929001,6.462202551096114,0
actual,1h,UNIUSDT,30,earlier,19,19,0,0.42105263157894735,6.319761144231019,7.334172374141266,0.33261900759110624,2570.5364882115678,135.2913941163983,1.5716225765658136,1.5624034034742713,6.462202551096114,0
actual,1h,UNIUSDT,30,later,15,14,1,0.35714285714285715,1.0730199283604385,2.0155672986453554,0.07664428059717418,1824.4541277617302,130.31815198298074,1.110586775701203,1.6611445015681918,2.2064821654439646,0
actual,1h,UNIUSDT,30,full,35,34,1,0.4117647058823529,8.486308345318735,10.513376036422986,0.24959730427408044,4706.940823442177,138.43943598359346,1.4088054156090195,1.642132849929001,6.462202551096114,0
actual,1h,UNIUSDT,50,earlier,19,19,0,0.42105263157894735,5.154315461907261,6.162362456256297,0.2712797611530138,2124.320434111949,111.806338637471,1.4662079812079585,1.4647765350515307,6.462202551096114,0
actual,1h,UNIUSDT,50,later,14,13,1,0.3076923076923077,1.2530543176122604,2.1118101412212473,0.09638879366248157,1409.3974320828893,108.41518708329917,1.1432498168533107,1.539126584759007,2.286839556356034,0
actual,1h,UNIUSDT,50,full,34,33,1,0.3939393939393939,7.500897052246797,9.437808961113912,0.22729991067414537,3845.668073663719,116.53539617162784,1.3787726437305525,1.5352467301438888,6.462202551096114,0
actual,1h,UNIUSDT,60,earlier,18,18,0,0.4444444444444444,6.2622932396850395,7.162362456256297,0.3479051799825022,2329.543731086634,129.41909617147965,1.6295121877575425,1.533637573495198,6.462202551096114,0
actual,1h,UNIUSDT,60,later,14,13,1,0.38461538461538464,2.2157427556986944,3.015567298645353,0.1704417504383611,1942.851705098508,149.4501311614237,1.2588410439126023,1.7356105913615407,2.1729411562875285,0
actual,1h,UNIUSDT,60,full,33,32,1,0.4375,9.57156326811101,11.341566118538015,0.29911135212846907,4584.345643654023,143.2608013641882,1.5171554886313239,1.654294679286991,6.462202551096114,0
actual,1h,UNIUSDT,90,earlier,14,14,0,0.5,4.299681216637881,4.988258602916463,0.30712008690270576,1856.094143377349,132.57815309838207,1.5844760621232574,1.564219188496747,4.2200862868143005,0
actual,1h,UNIUSDT,90,later,13,12,1,0.4166666666666667,3.2894898821354763,4.015567298645354,0.27412415684462305,2234.048712579805,186.17072604831708,1.439389676097284,1.9506814574951825,2.141688877365829,0
actual,1h,UNIUSDT,90,full,27,26,1,0.46153846153846156,7.589171098773356,9.003825901561816,0.2918911961066675,4090.1428559571546,157.31318676758286,1.5112973787460586,1.725252380066181,4.2200862868143005,0
actual,1h,UNIUSDT,120,earlier,11,11,0,0.45454545454545453,6.050610726984683,6.605046836699458,0.5500555206349712,2150.1619663905253,195.46926967186593,1.961076314570622,1.7311548340842258,4.2200862868143005,0
actual,1h,UNIUSDT,120,later,13,12,1,0.3333333333333333,2.3603424532054778,3.1118101412212447,0.19669520443378982,1615.8113341366013,134.65094451138344,1.3089434011252614,1.6710710347845816,2.286839556356034,0
actual,1h,UNIUSDT,120,full,24,23,1,0.391304347826087,8.410953180190159,9.716856977920703,0.3656936165300069,3765.9733005271264,163.7379695881359,1.6035540113979203,1.7041064917261364,4.2200862868143005,0
actual,1h,UNIUSDT,150,earlier,10,10,0,0.4,3.7526888519846775,4.222234336699453,0.37526888519846774,1608.7778323945731,160.87778323945733,1.5960754268177897,1.547059108806315,4.2200862868143005,0
actual,1h,UNIUSDT,150,later,10,9,1,0.3333333333333333,1.852227426315255,2.3870394990194117,0.20580304736836166,1462.2955174029028,162.47727971143362,1.3371241448077396,1.8071417439776898,2.2846870441770806,0
actual,1h,UNIUSDT,150,full,20,19,1,0.3684210526315789,5.6049162782999336,6.609273835718866,0.2949955935947333,3071.0733497974757,161.63543946302505,1.4754013912096082,1.6462055664396298,4.2200862868143005,0
actual,1h,UNIUSDT,200,earlier,9,9,0,0.4444444444444444,5.990383290527344,6.394044254584424,0.6655981433919271,2351.815260960518,261.3128067733909,2.146833323685815,1.8895069510350908,3.1478375305953916,0
actual,1h,UNIUSDT,200,later,10,9,1,0.3333333333333333,1.852227426315255,2.3870394990194117,0.20580304736836166,1462.2955174029028,162.47727971143362,1.3371241448077396,1.8071417439776898,2.2846870441770806,0
actual,1h,UNIUSDT,200,full,19,18,1,0.3888888888888889,7.8426107168426,8.781083753603838,0.43570059538014444,3814.11077836342,211.89504324241224,1.7317498156357012,1.8560167247749728,3.1478375305953916,0
actual,1h,USELESSUSDT,0,earlier,0,0,0,,0.0,0.0,,0.0,,,,0.0,0
actual,1h,USELESSUSDT,0,later,17,17,0,0.23529411764705882,-4.057512168001009,-3.569854790696197,-0.2386771863530005,-3088.9123732076496,-181.7007278357441,0.6877306132539363,0.7074983266338228,6.6196337624086095,0
actual,1h,USELESSUSDT,0,full,17,17,0,0.23529411764705882,-4.057512168001009,-3.569854790696197,-0.2386771863530005,-3088.9123732076496,-181.7007278357441,0.6877306132539363,0.7074983266338228,6.6196337624086095,0
actual,1h,USELESSUSDT,20,earlier,0,0,0,,0.0,0.0,,0.0,,,,0.0,0
actual,1h,USELESSUSDT,20,later,16,16,0,0.25,-2.9949684786806205,-2.5698547906961977,-0.18718552991753878,-2749.1359062719166,-171.8209941419948,0.7489776734174841,0.7310187189105964,5.557090073088222,0
actual,1h,USELESSUSDT,20,full,16,16,0,0.25,-2.9949684786806205,-2.5698547906961977,-0.18718552991753878,-2749.1359062719166,-171.8209941419948,0.7489776734174841,0.7310187189105964,5.557090073088222,0
actual,1h,USELESSUSDT,30,earlier,0,0,0,,0.0,0.0,,0.0,,,,0.0,0
actual,1h,USELESSUSDT,30,later,17,17,0,0.23529411764705882,-4.057512168001009,-3.569854790696197,-0.2386771863530005,-3088.9123732076496,-181.7007278357441,0.6877306132539363,0.7074983266338228,6.6196337624086095,0
actual,1h,USELESSUSDT,30,full,17,17,0,0.23529411764705882,-4.057512168001009,-3.569854790696197,-0.2386771863530005,-3088.9123732076496,-181.7007278357441,0.6877306132539363,0.7074983266338228,6.6196337624086095,0
actual,1h,USELESSUSDT,50,earlier,0,0,0,,0.0,0.0,,0.0,,,,0.0,0
actual,1h,USELESSUSDT,50,later,17,17,0,0.23529411764705882,-4.057512168001009,-3.569854790696197,-0.2386771863530005,-3088.9123732076496,-181.7007278357441,0.6877306132539363,0.7074983266338228,6.6196337624086095,0
actual,1h,USELESSUSDT,50,full,17,17,0,0.23529411764705882,-4.057512168001009,-3.569854790696197,-0.2386771863530005,-3088.9123732076496,-181.7007278357441,0.6877306132539363,0.7074983266338228,6.6196337624086095,0
actual,1h,USELESSUSDT,60,earlier,0,0,0,,0.0,0.0,,0.0,,,,0.0,0
actual,1h,USELESSUSDT,60,later,16,16,0,0.25,-3.013253100643496,-2.5698547906961977,-0.1883283187902185,-2617.0275687122175,-163.5642230445136,0.7478316067101278,0.7405914256531254,5.575374695051098,0
actual,1h,USELESSUSDT,60,full,16,16,0,0.25,-3.013253100643496,-2.5698547906961977,-0.1883283187902185,-2617.0275687122175,-163.5642230445136,0.7478316067101278,0.7405914256531254,5.575374695051098,0
actual,1h,USELESSUSDT,90,earlier,0,0,0,,0.0,0.0,,0.0,,,,0.0,0
actual,1h,USELESSUSDT,90,later,12,12,0,0.25,-2.0101974445882633,-1.7004968744276119,-0.1675164537156886,-3658.7719711465834,-304.8976642622153,0.7723364307819865,0.5545963604245993,5.85894652026386,0
actual,1h,USELESSUSDT,90,full,12,12,0,0.25,-2.0101974445882633,-1.7004968744276119,-0.1675164537156886,-3658.7719711465834,-304.8976642622153,0.7723364307819865,0.5545963604245993,5.85894652026386,0
actual,1h,USELESSUSDT,120,earlier,0,0,0,,0.0,0.0,,0.0,,,,0.0,0
actual,1h,USELESSUSDT,120,later,12,12,0,0.16666666666666666,-5.188890290772794,-4.84559604983296,-0.43240752423106615,-5438.8469864077815,-453.2372488673151,0.4793378329852818,0.3335480345051206,6.5984189767427095,0
actual,1h,USELESSUSDT,120,full,12,12,0,0.16666666666666666,-5.188890290772794,-4.84559604983296,-0.43240752423106615,-5438.8469864077815,-453.2372488673151,0.4793378329852818,0.3335480345051206,6.5984189767427095,0
actual,1h,USELESSUSDT,150,earlier,0,0,0,,0.0,0.0,,0.0,,,,0.0,0
actual,1h,USELESSUSDT,150,later,12,12,0,0.16666666666666666,-5.18980460227028,-4.84559604983296,-0.4324837168558567,-5357.4930710919525,-446.4577559243293,0.47929386084746534,0.33690657007089764,6.5984189767427095,0
actual,1h,USELESSUSDT,150,full,12,12,0,0.16666666666666666,-5.18980460227028,-4.84559604983296,-0.4324837168558567,-5357.4930710919525,-446.4577559243293,0.47929386084746534,0.33690657007089764,6.5984189767427095,0
actual,1h,USELESSUSDT,200,earlier,0,0,0,,0.0,0.0,,0.0,,,,0.0,0
actual,1h,USELESSUSDT,200,later,11,11,0,0.18181818181818182,-4.170020095418393,-3.84559604983296,-0.37909273594712667,-4200.754272343081,-381.8867520311891,0.5339236128334685,0.39320063656723053,6.598418976742709,0
actual,1h,USELESSUSDT,200,full,11,11,0,0.18181818181818182,-4.170020095418393,-3.84559604983296,-0.37909273594712667,-4200.754272343081,-381.8867520311891,0.5339236128334685,0.39320063656723053,6.598418976742709,0
actual,1h,WIFUSDT,0,earlier,21,21,0,0.2857142857142857,-6.735202130653992,-5.867559835990826,-0.32072391098352343,-3812.109173453802,-181.52900825970485,0.5041349937974723,0.4893949417080742,9.611300442619145,0
actual,1h,WIFUSDT,0,later,7,7,0,0.2857142857142857,4.750059414449759,5.04417171654184,0.6785799163499656,1643.7592835286962,234.82275478981376,1.9944981124018692,1.648827506058891,2.071007082554251,0
actual,1h,WIFUSDT,0,full,29,29,0,0.3103448275862069,0.16091079550145015,1.3806252584774317,0.00554864812073966,-1427.8190186036993,-49.23513857254136,1.0087646477508316,0.857208056728366,9.611300442619145,0
actual,1h,WIFUSDT,20,earlier,21,21,0,0.2857142857142857,-6.735202130653992,-5.867559835990826,-0.32072391098352343,-3812.109173453802,-181.52900825970485,0.5041349937974723,0.4893949417080742,9.611300442619145,0
actual,1h,WIFUSDT,20,later,7,7,0,0.2857142857142857,4.750059414449759,5.04417171654184,0.6785799163499656,1643.7592835286962,234.82275478981376,1.9944981124018692,1.648827506058891,2.071007082554251,0
actual,1h,WIFUSDT,20,full,29,29,0,0.3103448275862069,0.16091079550145015,1.3806252584774317,0.00554864812073966,-1427.8190186036993,-49.23513857254136,1.0087646477508316,0.857208056728366,9.611300442619145,0
actual,1h,WIFUSDT,30,earlier,21,21,0,0.2857142857142857,-6.735202130653992,-5.867559835990826,-0.32072391098352343,-3812.109173453802,-181.52900825970485,0.5041349937974723,0.4893949417080742,9.611300442619145,0
actual,1h,WIFUSDT,30,later,7,7,0,0.2857142857142857,4.750059414449759,5.04417171654184,0.6785799163499656,1643.7592835286962,234.82275478981376,1.9944981124018692,1.648827506058891,2.071007082554251,0
actual,1h,WIFUSDT,30,full,29,29,0,0.3103448275862069,0.16091079550145015,1.3806252584774317,0.00554864812073966,-1427.8190186036993,-49.23513857254136,1.0087646477508316,0.857208056728366,9.611300442619145,0
actual,1h,WIFUSDT,50,earlier,19,19,0,0.3157894736842105,-5.242524676679979,-4.435177472152368,-0.27592235140420945,-2860.630935608989,-150.5595229267889,0.5663771330199822,0.5608749674057216,8.118622988645134,0
actual,1h,WIFUSDT,50,later,7,7,0,0.2857142857142857,4.750059414449759,5.04417171654184,0.6785799163499656,1643.7592835286962,234.82275478981376,1.9944981124018692,1.648827506058891,2.071007082554251,0
actual,1h,WIFUSDT,50,full,27,27,0,0.3333333333333333,1.6535882494754628,2.8130076223158893,0.061244009239831955,-476.34078075888556,-17.642251139217983,1.0980404131631096,0.9473529692792093,8.118622988645134,0
actual,1h,WIFUSDT,60,earlier,19,19,0,0.3157894736842105,-4.644732327983075,-3.8675598359908276,-0.2444595962096355,-2855.3851972743632,-150.2834314354928,0.5958383367904989,0.5613269783011172,8.574576304688112,0
actual,1h,WIFUSDT,60,later,7,7,0,0.2857142857142857,4.750059414449759,5.04417171654184,0.6785799163499656,1643.7592835286962,234.82275478981376,1.9944981124018692,1.648827506058891,2.071007082554251,0
actual,1h,WIFUSDT,60,full,27,27,0,0.3333333333333333,2.251380598172367,3.38062525847743,0.08338446659897655,-471.09504242425953,-17.447964534231833,1.1383880820168215,0.9479025435978284,8.574576304688112,0
actual,1h,WIFUSDT,90,earlier,17,17,0,0.23529411764705882,-5.838061391403155,-5.195580892020114,-0.34341537596489147,-3504.634734331986,-206.15498437246976,0.5273945908854896,0.5023910306979242,8.382432979537894,0
actual,1h,WIFUSDT,90,later,7,7,0,0.2857142857142857,4.750059414449759,5.04417171654184,0.6785799163499656,1643.7592835286962,234.82275478981376,1.9944981124018692,1.648827506058891,2.071007082554251,0
actual,1h,WIFUSDT,90,full,25,25,0,0.28,1.0580515347522887,2.052604202448144,0.04232206139009155,-1120.3445794818817,-44.81378317927527,1.0617686369165906,0.8830095897988394,8.382432979537894,0
actual,1h,WIFUSDT,120,earlier,12,12,0,0.3333333333333333,-0.6393331372418305,-0.19558089202011475,-0.053277761436819206,-716.6971605763306,-59.72476338136089,0.910635289949221,0.8315639981064956,5.071286061266629,0
actual,1h,WIFUSDT,120,later,5,5,0,0.4,6.830944346684679,7.0441717165418405,1.3661888693369357,2767.4664686031115,553.4932937206223,3.5342469105744154,2.9631276370280935,1.652936842105265,0
actual,1h,WIFUSDT,120,full,18,18,0,0.3888888888888889,8.337664721148531,9.052604202448146,0.46320359561936286,2791.300179348187,155.0722321860104,1.8464930896009433,1.4927503669420275,5.071286061266629,0
actual,1h,WIFUSDT,150,earlier,13,13,0,0.3076923076923077,-1.704377341007595,-1.195580892020113,-0.13110594930827654,-942.4852513945792,-72.49886549189071,0.7926357946843916,0.7896613789673721,6.1363302650323925,0
actual,1h,WIFUSDT,150,later,5,5,0,0.4,6.830944346684679,7.0441717165418405,1.3661888693369357,2767.4664686031115,553.4932937206223,3.5342469105744154,2.9631276370280935,1.652936842105265,0
actual,1h,WIFUSDT,150,full,19,19,0,0.3684210526315789,7.272620517382767,8.052604202448146,0.38276950091488243,2565.512088529939,135.0269520278915,1.6663143451278668,1.4355321439737603,6.1363302650323925,0
actual,1h,WIFUSDT,200,earlier,10,10,0,0.4,0.8362903758680742,1.2368014718183455,0.08362903758680743,445.74419368961225,44.57441936896123,1.1472710926540266,1.1441338893870499,3.5956625481567235,0
actual,1h,WIFUSDT,200,later,6,6,0,0.3333333333333333,5.802453780646943,6.04417171654184,0.9670756301078239,2045.479713636224,340.91328560603733,2.558147463559744,1.9595488169585236,2.071007082554251,0
actual,1h,WIFUSDT,200,full,16,16,0,0.375,6.638744156515018,7.2809731883601865,0.4149215097821886,2491.2239073258365,155.70149420786478,1.7060599551939553,1.476854951209647,3.5956625481567235,0
actual,1h,XTZUSDT,0,earlier,18,18,0,0.2777777777777778,-1.9851363801939432,-0.9159671588147459,-0.11028535445521907,-1776.1994369716813,-98.67774649842674,0.8315923523575934,0.6398227705425454,4.992595393892362,0
actual,1h,XTZUSDT,0,later,8,8,0,0.25,-1.7568038422061676,-1.232593885864926,-0.21960048027577095,-1291.9892143909374,-161.49865179886717,0.7066681117512226,0.40908746726750506,3.2135116842424845,0
actual,1h,XTZUSDT,0,full,26,26,0,0.2692307692307692,-3.741940222400111,-2.1485610446796723,-0.14392077778461965,-3068.188651362618,-118.00725582163916,0.7895045099310047,0.5689468916992217,8.011000664788696,0
actual,1h,XTZUSDT,20,earlier,18,18,0,0.2777777777777778,-1.9851363801939432,-0.9159671588147459,-0.11028535445521907,-1776.1994369716813,-98.67774649842674,0.8315923523575934,0.6398227705425454,4.992595393892362,0
actual,1h,XTZUSDT,20,later,8,8,0,0.25,-1.7568038422061676,-1.232593885864926,-0.21960048027577095,-1291.9892143909374,-161.49865179886717,0.7066681117512226,0.40908746726750506,3.2135116842424845,0
actual,1h,XTZUSDT,20,full,26,26,0,0.2692307692307692,-3.741940222400111,-2.1485610446796723,-0.14392077778461965,-3068.188651362618,-118.00725582163916,0.7895045099310047,0.5689468916992217,8.011000664788696,0
actual,1h,XTZUSDT,30,earlier,18,18,0,0.2777777777777778,-1.9851363801939432,-0.9159671588147459,-0.11028535445521907,-1776.1994369716813,-98.67774649842674,0.8315923523575934,0.6398227705425454,4.992595393892362,0
actual,1h,XTZUSDT,30,later,8,8,0,0.25,-1.7568038422061676,-1.232593885864926,-0.21960048027577095,-1291.9892143909374,-161.49865179886717,0.7066681117512226,0.40908746726750506,3.2135116842424845,0
actual,1h,XTZUSDT,30,full,26,26,0,0.2692307692307692,-3.741940222400111,-2.1485610446796723,-0.14392077778461965,-3068.188651362618,-118.00725582163916,0.7895045099310047,0.5689468916992217,8.011000664788696,0
actual,1h,XTZUSDT,50,earlier,18,18,0,0.2777777777777778,-2.7054099650996104,-1.6993004921480863,-0.15030055361664502,-2228.888247223545,-123.82712484575252,0.7837049230451316,0.5860277059328969,5.51776256545188,0
actual,1h,XTZUSDT,50,later,8,8,0,0.25,-1.7568038422061676,-1.232593885864926,-0.21960048027577095,-1291.9892143909374,-161.49865179886717,0.7066681117512226,0.40908746726750506,3.2135116842424845,0
actual,1h,XTZUSDT,50,full,26,26,0,0.2692307692307692,-4.462213807305778,-2.931894378013012,-0.17162360797329915,-3520.8774616144824,-135.41836390824932,0.7587613408751872,0.5349262580574465,8.731274249694364,0
actual,1h,XTZUSDT,60,earlier,18,18,0,0.2222222222222222,-7.6135886384741776,-6.656390044386885,-0.4229771465818988,-4875.36435064842,-270.85357503602336,0.4369602974693401,0.2829605279852291,7.613588638474178,0
actual,1h,XTZUSDT,60,later,7,7,0,0.14285714285714285,-4.63556772111024,-4.1809523809524,-0.6622239601586057,-1822.9612733115664,-260.4230390445095,0.2711312686481744,0.16655754280034185,5.3057179042604075,0
actual,1h,XTZUSDT,60,full,25,25,0,0.2,-12.249156359584418,-10.837342425339283,-0.4899662543833767,-6698.325623959987,-267.93302495839947,0.3839147680534874,0.25462885227934645,12.249156359584418,0
actual,1h,XTZUSDT,90,earlier,14,14,0,0.21428571428571427,-6.704599937877726,-5.948922561269609,-0.4788999955626947,-3969.424693364498,-283.5303352403213,0.36094786407451523,0.24630783979331927,6.704599937877726,0
actual,1h,XTZUSDT,90,later,6,6,0,0.16666666666666666,-3.5843268451978307,-3.180952380952399,-0.5973878075329718,-1412.647882998176,-235.44131383302937,0.32482122168551153,0.20501706449530085,4.254477028347998,0
actual,1h,XTZUSDT,90,full,20,20,0,0.2,-10.288926783075556,-9.12987494222201,-0.5144463391537778,-5382.072576362674,-269.1036288181337,0.3488096640018854,0.23589102591794456,10.288926783075556,0
actual,1h,XTZUSDT,120,earlier,13,13,0,0.23076923076923078,-5.6115676798132075,-4.948922561269606,-0.43165905229332363,-3734.4454978027798,-287.2650382925215,0.4029258429261571,0.25781044881980136,5.6115676798132075,0
actual,1h,XTZUSDT,120,later,6,6,0,0.16666666666666666,-3.5843268451978307,-3.180952380952399,-0.5973878075329718,-1412.647882998176,-235.44131383302937,0.32482122168551153,0.20501706449530085,4.254477028347998,0
actual,1h,XTZUSDT,120,full,19,19,0,0.21052631578947367,-9.195894525011038,-8.129874942222006,-0.48399444868479147,-5147.093380800956,-270.8996516211029,0.37473312186045427,0.2440321080205519,9.195894525011038,0
actual,1h,XTZUSDT,150,earlier,11,11,0,0.18181818181818182,-4.602882670950463,-4.017546415900615,-0.41844387917731485,-3018.1859223482475,-274.3805383952952,0.41325373801779386,0.2752419419484805,4.8389729363903005,0
actual,1h,XTZUSDT,150,later,6,6,0,0.16666666666666666,-3.5843268451978307,-3.180952380952399,-0.5973878075329718,-1412.647882998176,-235.44131383302937,0.32482122168551153,0.20501706449530085,4.254477028347998,0
actual,1h,XTZUSDT,150,full,17,17,0,0.17647058823529413,-8.187209516148293,-7.198498796853013,-0.481600559773429,-4430.833805346423,-260.63728266743664,0.37756258393398917,0.2542389411872303,8.187209516148293,0
actual,1h,XTZUSDT,200,earlier,10,10,0,0.2,-3.6010392209204563,-3.017546415900615,-0.3601039220920456,-1540.5427396307678,-154.05427396307678,0.47375654322428795,0.4266172553775189,3.8246375465978164,0
actual,1h,XTZUSDT,200,later,6,6,0,0.16666666666666666,-3.5843268451978307,-3.180952380952399,-0.5973878075329718,-1412.647882998176,-235.44131383302937,0.32482122168551153,0.20501706449530085,4.254477028347998,0
actual,1h,XTZUSDT,200,full,16,16,0,0.1875,-7.185366066118288,-6.198498796853014,-0.449085379132393,-2953.190622628944,-184.574413914309,0.4086908216482606,0.3384007686266312,7.185366066118286,0
actual,1h,ZECUSDT,0,earlier,14,14,0,0.5714285714285714,17.826299010986936,18.63429511610956,1.2733070722133526,6492.1976332802715,463.7284023771622,4.549394766912973,4.800305143375841,1.4756398533950583,0
actual,1h,ZECUSDT,0,later,9,9,0,0.4444444444444444,-0.02721149670257561,0.33451369475196824,-0.003023499633619512,-853.458594064019,-94.82873267377991,0.9947361209486079,0.7311326832101318,3.0886835444116545,0
actual,1h,ZECUSDT,0,full,23,23,0,0.5217391304347826,17.799087514284366,18.968808810861525,0.7738733701862768,5638.7390392162515,245.16256692244573,2.746408277535684,2.15486162431928,3.088683544411653,0
actual,1h,ZECUSDT,20,earlier,14,14,0,0.5714285714285714,17.826299010986936,18.63429511610956,1.2733070722133526,6492.1976332802715,463.7284023771622,4.549394766912973,4.800305143375841,1.4756398533950583,0
actual,1h,ZECUSDT,20,later,9,9,0,0.4444444444444444,-0.02721149670257561,0.33451369475196824,-0.003023499633619512,-853.458594064019,-94.82873267377991,0.9947361209486079,0.7311326832101318,3.0886835444116545,0
actual,1h,ZECUSDT,20,full,23,23,0,0.5217391304347826,17.799087514284366,18.968808810861525,0.7738733701862768,5638.7390392162515,245.16256692244573,2.746408277535684,2.15486162431928,3.088683544411653,0
actual,1h,ZECUSDT,30,earlier,14,14,0,0.5714285714285714,17.826299010986936,18.63429511610956,1.2733070722133526,6492.1976332802715,463.7284023771622,4.549394766912973,4.800305143375841,1.4756398533950583,0
actual,1h,ZECUSDT,30,later,9,9,0,0.4444444444444444,-0.02721149670257561,0.33451369475196824,-0.003023499633619512,-853.458594064019,-94.82873267377991,0.9947361209486079,0.7311326832101318,3.0886835444116545,0
actual,1h,ZECUSDT,30,full,23,23,0,0.5217391304347826,17.799087514284366,18.968808810861525,0.7738733701862768,5638.7390392162515,245.16256692244573,2.746408277535684,2.15486162431928,3.088683544411653,0
actual,1h,ZECUSDT,50,earlier,14,14,0,0.5714285714285714,17.826299010986936,18.63429511610956,1.2733070722133526,6492.1976332802715,463.7284023771622,4.549394766912973,4.800305143375841,1.4756398533950583,0
actual,1h,ZECUSDT,50,later,9,9,0,0.4444444444444444,-0.02721149670257561,0.33451369475196824,-0.003023499633619512,-853.458594064019,-94.82873267377991,0.9947361209486079,0.7311326832101318,3.0886835444116545,0
actual,1h,ZECUSDT,50,full,23,23,0,0.5217391304347826,17.799087514284366,18.968808810861525,0.7738733701862768,5638.7390392162515,245.16256692244573,2.746408277535684,2.15486162431928,3.088683544411653,0
actual,1h,ZECUSDT,60,earlier,14,14,0,0.5714285714285714,17.826299010986936,18.63429511610956,1.2733070722133526,6492.1976332802715,463.7284023771622,4.549394766912973,4.800305143375841,1.4756398533950583,0
actual,1h,ZECUSDT,60,later,9,9,0,0.3333333333333333,-2.3562809714759085,-2.015486305248037,-0.2618089968306565,-1863.520908434281,-207.0578787149201,0.6203419623198299,0.5013374884679632,3.0886835444116545,0
actual,1h,ZECUSDT,60,full,23,23,0,0.4782608695652174,15.470018039511032,16.61880881086152,0.6726094799787405,4628.676724845989,201.24681412373866,2.3777244631421213,1.8500199553764036,3.088683544411653,0
actual,1h,ZECUSDT,90,earlier,13,13,0,0.5384615384615384,15.792921915865765,16.501942174933088,1.2148401473742896,5459.97009163974,419.99769935690307,4.176800815602228,3.91779526886832,1.4756398533950583,0
actual,1h,ZECUSDT,90,later,7,7,0,0.2857142857142857,3.1918085115866215,3.4318380193799287,0.4559726445123745,1767.3293213554068,252.47561733648666,1.618298955039988,1.541569262809843,3.0886835444116545,0
actual,1h,ZECUSDT,90,full,20,20,0,0.45,18.984730427452387,19.933780194313012,0.9492365213726194,7227.299412995148,361.36497064975737,2.873449297158286,2.4075642256771395,3.088683544411655,0
actual,1h,ZECUSDT,120,earlier,13,13,0,0.46153846153846156,12.347743246462334,13.107874378322926,0.9498264035740257,3738.706035789336,287.59277198379505,3.0381061087843695,2.637993014199101,2.6499959826181234,0
actual,1h,ZECUSDT,120,later,6,6,0,0.5,0.19860386727579216,0.4460926421203911,0.03310064454596536,-855.9437339460999,-142.65728899101666,1.0642707683728199,0.595051373774003,2.05340240562162,0
actual,1h,ZECUSDT,120,full,19,19,0,0.47368421052631576,12.546347113738129,13.553967020443316,0.6603340586177963,2882.7623018432346,151.72433167595972,2.3714025397132446,1.6557393484504463,2.6499959826181234,0
actual,1h,ZECUSDT,150,earlier,9,9,0,0.5555555555555556,14.010788173384608,14.588856323659403,1.5567542414871787,4463.909048710225,495.98989430113613,4.957789536478388,4.755752733656256,2.462590909090908,0
actual,1h,ZECUSDT,150,later,6,6,0,0.5,0.19860386727579216,0.4460926421203911,0.03310064454596536,-855.9437339460999,-142.65728899101666,1.0642707683728199,0.595051373774003,2.05340240562162,0
actual,1h,ZECUSDT,150,full,15,15,0,0.5333333333333333,14.2093920406604,15.034948965779796,0.9472928027106934,3607.9653147641243,240.53102098427496,3.143142794967945,2.092573954993249,2.462590909090908,0
actual,1h,ZECUSDT,200,earlier,9,9,0,0.5555555555555556,14.010788173384608,14.588856323659403,1.5567542414871787,4463.909048710225,495.98989430113613,4.957789536478388,4.755752733656256,2.462590909090908,0
actual,1h,ZECUSDT,200,later,6,6,0,0.5,0.19860386727579216,0.4460926421203911,0.03310064454596536,-855.9437339460999,-142.65728899101666,1.0642707683728199,0.595051373774003,2.05340240562162,0
actual,1h,ZECUSDT,200,full,15,15,0,0.5333333333333333,14.2093920406604,15.034948965779796,0.9472928027106934,3607.9653147641243,240.53102098427496,3.143142794967945,2.092573954993249,2.462590909090908,0
actual,1h,ZENUSDT,0,earlier,18,18,0,0.3888888888888889,19.208817168998106,20.158357393781067,1.0671565093887836,16029.879029784866,890.548834988048,2.7066073469808996,4.430743323211192,5.9792253359729735,1
actual,1h,ZENUSDT,0,later,10,10,0,0.3,-3.285685187663778,-2.785493028174944,-0.32856851876637777,-1850.532247565766,-185.0532247565766,0.5505478030389734,0.4987694456834742,5.209875392519017,0
actual,1h,ZENUSDT,0,full,28,28,0,0.35714285714285715,15.923131981334327,17.372864365606127,0.5686832850476545,14179.346782219096,506.40524222211053,1.857651062083296,2.695201965204046,6.036332336615141,1
actual,1h,ZENUSDT,20,earlier,18,18,0,0.3888888888888889,19.208817168998106,20.158357393781067,1.0671565093887836,16029.879029784866,890.548834988048,2.7066073469808996,4.430743323211192,5.9792253359729735,1
actual,1h,ZENUSDT,20,later,9,9,0,0.3333333333333333,-2.244639386137059,-1.7854930281749424,-0.24940437623745101,-1343.2716933533793,-149.2524103725977,0.6419676619018193,0.5782132453154815,4.168829590992298,0
actual,1h,ZENUSDT,20,full,27,27,0,0.37037037037037035,16.964177782861046,18.372864365606127,0.6283028808467054,14686.607336431483,543.9484198678327,1.968002398030859,2.869205456803826,5.9792253359729735,1
actual,1h,ZENUSDT,30,earlier,18,18,0,0.3888888888888889,19.208817168998106,20.158357393781067,1.0671565093887836,16029.879029784866,890.548834988048,2.7066073469808996,4.430743323211192,5.9792253359729735,1
actual,1h,ZENUSDT,30,later,10,10,0,0.3,-3.285685187663778,-2.785493028174944,-0.32856851876637777,-1850.532247565766,-185.0532247565766,0.5505478030389734,0.4987694456834742,5.209875392519017,0
actual,1h,ZENUSDT,30,full,28,28,0,0.35714285714285715,15.923131981334327,17.372864365606127,0.5686832850476545,14179.346782219096,506.40524222211053,1.857651062083296,2.695201965204046,6.036332336615141,1
actual,1h,ZENUSDT,50,earlier,16,16,0,0.4375,20.977443981583605,21.82502406044774,1.3110902488489753,16750.03745015292,1046.8773406345574,3.211193969292555,5.238087624306362,4.210598523387475,1
actual,1h,ZENUSDT,50,later,10,10,0,0.3,-3.285685187663778,-2.785493028174944,-0.32856851876637777,-1850.532247565766,-185.0532247565766,0.5505478030389734,0.4987694456834742,5.209875392519017,0
actual,1h,ZENUSDT,50,full,26,26,0,0.38461538461538464,17.69175879391983,19.03953103227279,0.6804522613046089,14899.505202587154,573.0578924071982,2.053246853314001,2.949114985852158,5.209875392519017,1
actual,1h,ZENUSDT,60,earlier,17,17,0,0.4117647058823529,20.232761355044616,21.158357393781067,1.1901624326496834,16885.1548650607,993.2444038270999,2.977475172479062,5.423502830348042,5.9792253359729735,1
actual,1h,ZENUSDT,60,later,10,10,0,0.3,-3.285685187663778,-2.785493028174944,-0.32856851876637777,-1850.532247565766,-185.0532247565766,0.5505478030389734,0.4987694456834742,5.209875392519017,0
actual,1h,ZENUSDT,60,full,27,27,0,0.37037037037037035,16.94707616738084,18.372864365606127,0.6276694876807718,15034.622617494933,556.8378747220346,1.9660838053592018,3.0021806698356683,6.036332336615139,1
actual,1h,ZENUSDT,90,earlier,15,15,0,0.3333333333333333,7.424966795202968,8.197887418278915,0.49499778634686453,11177.52294008725,745.1681960058166,1.70474075721947,3.6008690550914872,5.255319453620036,0
actual,1h,ZENUSDT,90,later,8,8,0,0.25,-2.3625752149075483,-2.0039804231329237,-0.29532190186344354,-1366.2779381106502,-170.78474226383128,0.6231584521322787,0.5709305940661525,4.168866260098924,0
actual,1h,ZENUSDT,90,full,23,23,0,0.30434782608695654,5.0623915802954205,6.193906995145988,0.2201039817519748,9811.245001976598,426.57586965115644,1.301240401979177,2.311331959844462,5.566675386358243,0
actual,1h,ZENUSDT,120,earlier,13,13,0,0.38461538461538464,9.525810913841323,10.197887418278913,0.7327546856801017,12021.09977005522,924.69998231194,2.129333282680661,4.480307337729775,3.187741604259433,0
actual,1h,ZENUSDT,120,later,5,5,0,0.2,-2.2646800796561593,-2.0268562401263868,-0.45293601593123184,-881.1858363697461,-176.23716727394924,0.4610330167798972,0.5502779277310763,3.1767387958183626,0
actual,1h,ZENUSDT,120,full,18,18,0,0.3333333333333333,7.261130834185165,8.171031178152523,0.4033961574547314,11139.913933685473,618.8841074269707,1.5746025645785298,3.0578272735858922,3.367936132468502,0
actual,1h,ZENUSDT,150,earlier,11,11,0,0.2727272727272727,14.555351107178085,15.105634045074472,1.3232137370161896,14883.803779002514,1353.0730708184103,2.7222038664944415,5.668921478100511,5.578994414677723,1
actual,1h,ZENUSDT,150,later,5,5,0,0.2,-2.2646800796561593,-2.0268562401263868,-0.45293601593123184,-881.1858363697461,-176.23716727394924,0.4610330167798972,0.5502779277310763,3.1767387958183626,0
actual,1h,ZENUSDT,150,full,16,16,0,0.25,12.290671027521926,13.078777804948082,0.7681669392201204,14002.61794263277,875.1636214145482,1.971327761911613,3.7204090929021216,7.843674494333884,1
actual,1h,ZENUSDT,200,earlier,11,11,0,0.2727272727272727,14.555351107178085,15.105634045074472,1.3232137370161896,14883.803779002514,1353.0730708184103,2.7222038664944415,5.668921478100511,5.578994414677723,1
actual,1h,ZENUSDT,200,later,5,5,0,0.2,-2.2433519042854315,-2.026856240126387,-0.4486703808570863,-1062.718459011277,-212.5436918022554,0.4633850912135744,0.5036191249178802,3.155410620447635,0
actual,1h,ZENUSDT,200,full,16,16,0,0.25,12.311999202892654,13.078777804948082,0.7694999501807909,13821.08531999124,863.8178324994525,1.9746561610032853,3.5936679534470093,7.822346318963156,1
actual,4h,1000PEPEUSDT,0,earlier,6,6,0,0.16666666666666666,-0.991638255815672,-0.8571017909183409,-0.16527304263594533,-1479.1936208260831,-246.5322701376805,0.7443017209439088,0.5949225504525976,2.058734284351398,0
actual,4h,1000PEPEUSDT,0,later,2,1,1,1.0,5.569802673641385,5.5990990990991,5.569802673641385,3802.3769703101902,3802.3769703101902,,,0.0,0
actual,4h,1000PEPEUSDT,0,full,8,7,1,0.2857142857142857,4.578164417825713,4.74199730818076,0.6540234882608161,2323.183349484107,331.88333564058667,2.180499800212897,1.636204194495144,2.058734284351398,0
actual,4h,1000PEPEUSDT,20,earlier,6,6,0,0.16666666666666666,-0.991638255815672,-0.8571017909183409,-0.16527304263594533,-1479.1936208260831,-246.5322701376805,0.7443017209439088,0.5949225504525976,2.058734284351398,0
actual,4h,1000PEPEUSDT,20,later,2,1,1,1.0,5.569802673641385,5.5990990990991,5.569802673641385,3802.3769703101902,3802.3769703101902,,,0.0,0
actual,4h,1000PEPEUSDT,20,full,8,7,1,0.2857142857142857,4.578164417825713,4.74199730818076,0.6540234882608161,2323.183349484107,331.88333564058667,2.180499800212897,1.636204194495144,2.058734284351398,0
actual,4h,1000PEPEUSDT,30,earlier,6,6,0,0.16666666666666666,-0.991638255815672,-0.8571017909183409,-0.16527304263594533,-1479.1936208260831,-246.5322701376805,0.7443017209439088,0.5949225504525976,2.058734284351398,0
actual,4h,1000PEPEUSDT,30,later,2,1,1,1.0,5.569802673641385,5.5990990990991,5.569802673641385,3802.3769703101902,3802.3769703101902,,,0.0,0
actual,4h,1000PEPEUSDT,30,full,8,7,1,0.2857142857142857,4.578164417825713,4.74199730818076,0.6540234882608161,2323.183349484107,331.88333564058667,2.180499800212897,1.636204194495144,2.058734284351398,0
actual,4h,1000PEPEUSDT,50,earlier,5,5,0,0.2,0.03273568535173932,0.14289820908165934,0.006547137070347864,-638.64515627408,-127.729031254816,1.0114709760262899,0.7728117162123176,1.8194234391823658,0
actual,4h,1000PEPEUSDT,50,later,2,1,1,1.0,5.569802673641385,5.5990990990991,5.569802673641385,3802.3769703101902,3802.3769703101902,,,0.0,0
actual,4h,1000PEPEUSDT,50,full,7,6,1,0.3333333333333333,5.602538358993124,5.74199730818076,0.9337563931655207,3163.7318140361103,527.288635672685,2.963196509003744,2.125449389436678,1.8194234391823658,0
actual,4h,1000PEPEUSDT,60,earlier,4,4,0,0.0,-2.853783782366352,-2.770195268822074,-0.713445945591588,-2811.083149300614,-702.7707873251535,0.0,0.0,2.853783782366352,0
actual,4h,1000PEPEUSDT,60,later,2,1,1,1.0,5.569802673641385,5.5990990990991,5.569802673641385,3802.3769703101902,3802.3769703101902,,,0.0,0
actual,4h,1000PEPEUSDT,60,full,6,5,1,0.2,2.7160188912750325,2.828903830277026,0.5432037782550065,991.2938210095762,198.25876420191523,1.9517255329774545,1.3526376732243606,2.853783782366352,0
actual,4h,1000PEPEUSDT,90,earlier,4,4,0,0.0,-2.853783782366352,-2.770195268822074,-0.713445945591588,-2811.083149300614,-702.7707873251535,0.0,0.0,2.853783782366352,0
actual,4h,1000PEPEUSDT,90,later,2,1,1,1.0,5.569802673641385,5.5990990990991,5.569802673641385,3802.3769703101902,3802.3769703101902,,,0.0,0
actual,4h,1000PEPEUSDT,90,full,6,5,1,0.2,2.7160188912750325,2.828903830277026,0.5432037782550065,991.2938210095762,198.25876420191523,1.9517255329774545,1.3526376732243606,2.853783782366352,0
actual,4h,1000PEPEUSDT,120,earlier,4,4,0,0.0,-2.853783782366352,-2.770195268822074,-0.713445945591588,-2811.083149300614,-702.7707873251535,0.0,0.0,2.853783782366352,0
actual,4h,1000PEPEUSDT,120,later,1,1,0,1.0,5.569802673641385,5.5990990990991,5.569802673641385,3802.3769703101902,3802.3769703101902,,,0.0,0
actual,4h,1000PEPEUSDT,120,full,5,5,0,0.2,2.7160188912750325,2.828903830277026,0.5432037782550065,991.2938210095762,198.25876420191523,1.9517255329774545,1.3526376732243606,2.853783782366352,0
actual,4h,1000PEPEUSDT,150,earlier,3,3,0,0.0,-2.526337596846507,-2.455371981620884,-0.8421125322821691,-2292.270152073307,-764.0900506911023,0.0,0.0,2.526337596846507,0
actual,4h,1000PEPEUSDT,150,later,1,1,0,1.0,5.569802673641385,5.5990990990991,5.569802673641385,3802.3769703101902,3802.3769703101902,,,0.0,0
actual,4h,1000PEPEUSDT,150,full,4,4,0,0.25,3.0434650767948774,3.143727117478216,0.7608662691987194,1510.1068182368829,377.5267045592207,2.2046945272056564,1.6587822193954866,2.526337596846507,0
actual,4h,1000PEPEUSDT,200,earlier,3,3,0,0.0,-3.080602397614795,-3.0000000000000013,-1.0268674658715984,-2511.720941473369,-837.2403138244562,0.0,0.0,3.080602397614795,0
actual,4h,1000PEPEUSDT,200,later,1,1,0,1.0,5.569802673641385,5.5990990990991,5.569802673641385,3802.3769703101902,3802.3769703101902,,,0.0,0
actual,4h,1000PEPEUSDT,200,full,4,4,0,0.25,2.4892002760265894,2.599099099099099,0.6223000690066474,1290.6560288368212,322.6640072092053,1.8080238715498929,1.5138532738751327,3.080602397614795,0
actual,4h,AAVEUSDT,0,earlier,7,7,0,0.14285714285714285,-3.0824601046960822,-2.8918243484469865,-0.44035144352801175,1068.0893150634986,152.58418786621408,0.5011762679772499,1.2387819860525267,4.131604845384512,0
actual,4h,AAVEUSDT,0,later,4,4,0,0.5,2.0153403222222264,2.151455453122363,0.5038350805555566,2417.638518716847,604.4096296792118,1.9672919784018412,3.2002150387799717,1.0546096916299552,0
actual,4h,AAVEUSDT,0,full,11,11,0,0.2727272727272727,-1.0671197824738559,-0.740368895324623,-0.09701088931580508,3485.7278337803455,316.88434852548596,0.870854782962115,1.6255913706436973,4.137069796326037,0
actual,4h,AAVEUSDT,20,earlier,7,7,0,0.14285714285714285,-3.0824601046960822,-2.8918243484469865,-0.44035144352801175,1068.0893150634986,152.58418786621408,0.5011762679772499,1.2387819860525267,4.131604845384512,0
actual,4h,AAVEUSDT,20,later,4,4,0,0.5,2.0153403222222264,2.151455453122363,0.5038350805555566,2417.638518716847,604.4096296792118,1.9672919784018412,3.2002150387799717,1.0546096916299552,0
actual,4h,AAVEUSDT,20,full,11,11,0,0.2727272727272727,-1.0671197824738559,-0.740368895324623,-0.09701088931580508,3485.7278337803455,316.88434852548596,0.870854782962115,1.6255913706436973,4.137069796326037,0
actual,4h,AAVEUSDT,30,earlier,7,7,0,0.14285714285714285,-3.0824601046960822,-2.8918243484469865,-0.44035144352801175,1068.0893150634986,152.58418786621408,0.5011762679772499,1.2387819860525267,4.131604845384512,0
actual,4h,AAVEUSDT,30,later,2,2,0,1.0,4.098827384269375,4.151455453122363,2.0494136921346877,3516.457714161233,1758.2288570806165,,,0.0,0
actual,4h,AAVEUSDT,30,full,9,9,0,0.3333333333333333,1.0163672795732932,1.2596311046753765,0.11292969773036592,4584.547029224732,509.39411435830345,1.1644751601910992,2.024921071066432,4.131604845384512,0
actual,4h,AAVEUSDT,50,earlier,6,6,0,0.16666666666666666,-2.0553094197645745,-1.8918243484469852,-0.3425515699607624,1824.7189820665267,304.1198303444211,0.6010894825530996,1.4909852497255611,4.131604845384512,0
actual,4h,AAVEUSDT,50,later,3,3,0,0.6666666666666666,3.04421769263942,3.1514554531223635,1.0147392308798067,3130.222355508721,1043.4074518362404,3.8865823221616904,9.104442758501865,1.0546096916299552,0
actual,4h,AAVEUSDT,50,full,9,9,0,0.3333333333333333,0.9889082728748457,1.2596311046753783,0.10987869698609397,4954.941337575247,550.5490375083608,1.159323595699228,2.207733143309035,4.131604845384512,0
actual,4h,AAVEUSDT,60,earlier,6,6,0,0.16666666666666666,-2.0553094197645745,-1.8918243484469852,-0.3425515699607624,1824.7189820665267,304.1198303444211,0.6010894825530996,1.4909852497255611,4.131604845384512,0
actual,4h,AAVEUSDT,60,later,3,3,0,0.6666666666666666,3.04421769263942,3.1514554531223635,1.0147392308798067,3130.222355508721,1043.4074518362404,3.8865823221616904,9.104442758501865,1.0546096916299552,0
actual,4h,AAVEUSDT,60,full,9,9,0,0.3333333333333333,0.9889082728748457,1.2596311046753783,0.10987869698609397,4954.941337575247,550.5490375083608,1.159323595699228,2.207733143309035,4.131604845384512,0
actual,4h,AAVEUSDT,90,earlier,3,3,0,0.3333333333333333,1.0262413719785441,1.1081756515530152,0.34208045732618136,4266.694010381639,1422.2313367938796,1.4955877506042954,4.347822106173568,2.0707561289139926,0
actual,4h,AAVEUSDT,90,later,3,3,0,0.6666666666666666,3.04421769263942,3.1514554531223635,1.0147392308798067,3130.222355508721,1043.4074518362404,3.8865823221616904,9.104442758501865,1.0546096916299552,0
actual,4h,AAVEUSDT,90,full,6,6,0,0.5,4.070459064617965,4.259631104675378,0.6784098441029941,7396.91636589036,1232.81939431506,2.3023944390322697,5.454084978061963,2.0707561289139926,0
actual,4h,AAVEUSDT,120,earlier,3,3,0,0.3333333333333333,1.0262413719785441,1.1081756515530152,0.34208045732618136,4266.694010381639,1422.2313367938796,1.4955877506042954,4.347822106173568,2.0707561289139926,0
actual,4h,AAVEUSDT,120,later,3,3,0,0.6666666666666666,3.04421769263942,3.1514554531223635,1.0147392308798067,3130.222355508721,1043.4074518362404,3.8865823221616904,9.104442758501865,1.0546096916299552,0
actual,4h,AAVEUSDT,120,full,6,6,0,0.5,4.070459064617965,4.259631104675378,0.6784098441029941,7396.91636589036,1232.81939431506,2.3023944390322697,5.454084978061963,2.0707561289139926,0
actual,4h,AAVEUSDT,150,earlier,3,3,0,0.3333333333333333,1.0262413719785441,1.1081756515530152,0.34208045732618136,4266.694010381639,1422.2313367938796,1.4955877506042954,4.347822106173568,2.0707561289139926,0
actual,4h,AAVEUSDT,150,later,3,3,0,0.6666666666666666,3.04421769263942,3.1514554531223635,1.0147392308798067,3130.222355508721,1043.4074518362404,3.8865823221616904,9.104442758501865,1.0546096916299552,0
actual,4h,AAVEUSDT,150,full,6,6,0,0.5,4.070459064617965,4.259631104675378,0.6784098441029941,7396.91636589036,1232.81939431506,2.3023944390322697,5.454084978061963,2.0707561289139926,0
actual,4h,AAVEUSDT,200,earlier,3,3,0,0.3333333333333333,1.0262413719785441,1.1081756515530152,0.34208045732618136,4266.694010381639,1422.2313367938796,1.4955877506042954,4.347822106173568,2.0707561289139926,0
actual,4h,AAVEUSDT,200,later,2,2,0,0.5,1.748412019736584,1.8237547892720318,0.874206009868292,2317.6774170035183,1158.8387085017591,2.657875926622977,7.000686796489507,1.0546096916299552,0
actual,4h,AAVEUSDT,200,full,5,5,0,0.4,2.774653391715128,2.931930440825047,0.5549306783430257,6584.3714273851565,1316.8742854770312,1.8877851589329213,4.964807551418965,2.0707561289139926,0
actual,4h,AEROUSDT,0,earlier,1,1,0,0.0,-0.803083700440529,-0.7867841409691634,-0.803083700440529,-985.405405405406,-985.405405405406,0.0,0.0,0.803083700440529,0
actual,4h,AEROUSDT,0,later,4,4,0,0.5,2.125786351253889,2.2326768398105608,0.5314465878134722,2756.5114102538596,689.1278525634649,2.031084615591409,2.9259654999079547,2.0616992234285068,0
actual,4h,AEROUSDT,0,full,5,5,0,0.4,1.3227026508133595,1.4458926988413974,0.26454053016267187,1771.106004848454,354.2212009696908,1.4617113009829665,1.732879071335948,2.0616992234285068,0
actual,4h,AEROUSDT,20,earlier,1,1,0,0.0,-0.803083700440529,-0.7867841409691634,-0.803083700440529,-985.405405405406,-985.405405405406,0.0,0.0,0.803083700440529,0
actual,4h,AEROUSDT,20,later,4,4,0,0.5,2.125786351253889,2.2326768398105608,0.5314465878134722,2756.5114102538596,689.1278525634649,2.031084615591409,2.9259654999079547,2.0616992234285068,0
actual,4h,AEROUSDT,20,full,5,5,0,0.4,1.3227026508133595,1.4458926988413974,0.26454053016267187,1771.106004848454,354.2212009696908,1.4617113009829665,1.732879071335948,2.0616992234285068,0
actual,4h,AEROUSDT,30,earlier,1,1,0,0.0,-0.803083700440529,-0.7867841409691634,-0.803083700440529,-985.405405405406,-985.405405405406,0.0,0.0,0.803083700440529,0
actual,4h,AEROUSDT,30,later,4,4,0,0.5,2.125786351253889,2.2326768398105608,0.5314465878134722,2756.5114102538596,689.1278525634649,2.031084615591409,2.9259654999079547,2.0616992234285068,0
actual,4h,AEROUSDT,30,full,5,5,0,0.4,1.3227026508133595,1.4458926988413974,0.26454053016267187,1771.106004848454,354.2212009696908,1.4617113009829665,1.732879071335948,2.0616992234285068,0
actual,4h,AEROUSDT,50,earlier,1,1,0,0.0,-0.803083700440529,-0.7867841409691634,-0.803083700440529,-985.405405405406,-985.405405405406,0.0,0.0,0.803083700440529,0
actual,4h,AEROUSDT,50,later,4,4,0,0.5,2.125786351253889,2.2326768398105608,0.5314465878134722,2756.5114102538596,689.1278525634649,2.031084615591409,2.9259654999079547,2.0616992234285068,0
actual,4h,AEROUSDT,50,full,5,5,0,0.4,1.3227026508133595,1.4458926988413974,0.26454053016267187,1771.106004848454,354.2212009696908,1.4617113009829665,1.732879071335948,2.0616992234285068,0
actual,4h,AEROUSDT,60,earlier,1,1,0,0.0,-0.803083700440529,-0.7867841409691634,-0.803083700440529,-985.405405405406,-985.405405405406,0.0,0.0,0.803083700440529,0
actual,4h,AEROUSDT,60,later,3,3,0,0.6666666666666666,3.1646813788781984,3.2326768398105608,1.0548937929593996,3290.7159557084037,1096.905318569468,4.094122405696541,4.668450486310466,1.0228041958041967,0
actual,4h,AEROUSDT,60,full,4,4,0,0.5,2.3615976784376693,2.4458926988413974,0.5903994196094173,2305.310550302998,576.3276375757495,2.293396863681899,2.2246415479291466,1.022804195804197,0
actual,4h,AEROUSDT,90,earlier,1,1,0,0.0,-0.803083700440529,-0.7867841409691634,-0.803083700440529,-985.405405405406,-985.405405405406,0.0,0.0,0.803083700440529,0
actual,4h,AEROUSDT,90,later,2,2,0,0.5,2.322490143818438,2.364150943396219,1.161245071909219,2651.1092991274663,1325.5546495637332,3.27070846340471,3.9554246943664633,1.0228041958041967,0
actual,4h,AEROUSDT,90,full,3,3,0,0.3333333333333333,1.5194064433779089,1.5773668024270555,0.5064688144593029,1665.7038937220611,555.234631240687,1.832146621105736,1.8848656830773964,1.022804195804197,0
actual,4h,AEROUSDT,120,earlier,1,1,0,0.0,-0.803083700440529,-0.7867841409691634,-0.803083700440529,-985.405405405406,-985.405405405406,0.0,0.0,0.803083700440529,0
actual,4h,AEROUSDT,120,later,2,2,0,0.5,2.322490143818438,2.364150943396219,1.161245071909219,2651.1092991274663,1325.5546495637332,3.27070846340471,3.9554246943664633,1.0228041958041967,0
actual,4h,AEROUSDT,120,full,3,3,0,0.3333333333333333,1.5194064433779089,1.5773668024270555,0.5064688144593029,1665.7038937220611,555.234631240687,1.832146621105736,1.8848656830773964,1.022804195804197,0
actual,4h,AEROUSDT,150,earlier,1,1,0,0.0,-0.803083700440529,-0.7867841409691634,-0.803083700440529,-985.405405405406,-985.405405405406,0.0,0.0,0.803083700440529,0
actual,4h,AEROUSDT,150,later,2,2,0,0.5,2.322490143818438,2.364150943396219,1.161245071909219,2651.1092991274663,1325.5546495637332,3.27070846340471,3.9554246943664633,1.0228041958041967,0
actual,4h,AEROUSDT,150,full,3,3,0,0.3333333333333333,1.5194064433779089,1.5773668024270555,0.5064688144593029,1665.7038937220611,555.234631240687,1.832146621105736,1.8848656830773964,1.022804195804197,0
actual,4h,AEROUSDT,200,earlier,1,1,0,0.0,-0.803083700440529,-0.7867841409691634,-0.803083700440529,-985.405405405406,-985.405405405406,0.0,0.0,0.803083700440529,0
actual,4h,AEROUSDT,200,later,2,2,0,0.5,2.322490143818438,2.364150943396219,1.161245071909219,2651.1092991274663,1325.5546495637332,3.27070846340471,3.9554246943664633,1.0228041958041967,0
actual,4h,AEROUSDT,200,full,3,3,0,0.3333333333333333,1.5194064433779089,1.5773668024270555,0.5064688144593029,1665.7038937220611,555.234631240687,1.832146621105736,1.8848656830773964,1.022804195804197,0
actual,4h,API3USDT,0,earlier,4,4,0,0.5,0.26496498920241773,0.3391870005755522,0.06624124730060443,-317.61446470003034,-79.40361617500758,1.1302349276182397,0.8830034817823404,2.0345155792547045,0
actual,4h,API3USDT,0,later,3,3,0,0.3333333333333333,-0.9399184886565668,-0.8651315789473678,-0.31330616288552227,259.18750678599713,86.39583559533239,0.544066864109986,1.180927807210645,1.0386838709677408,0
actual,4h,API3USDT,0,full,7,7,0,0.42857142857142855,-0.6749534994541491,-0.5259445783718156,-0.09642192849344987,-58.426957914033196,-8.346708273433313,0.8352181454194203,0.9859119843771682,2.0345155792547045,0
actual,4h,API3USDT,20,earlier,4,4,0,0.5,0.26496498920241773,0.3391870005755522,0.06624124730060443,-317.61446470003034,-79.40361617500758,1.1302349276182397,0.8830034817823404,2.0345155792547045,0
actual,4h,API3USDT,20,later,3,3,0,0.3333333333333333,-0.9399184886565668,-0.8651315789473678,-0.31330616288552227,259.18750678599713,86.39583559533239,0.544066864109986,1.180927807210645,1.0386838709677408,0
actual,4h,API3USDT,20,full,7,7,0,0.42857142857142855,-0.6749534994541491,-0.5259445783718156,-0.09642192849344987,-58.426957914033196,-8.346708273433313,0.8352181454194203,0.9859119843771682,2.0345155792547045,0
actual,4h,API3USDT,30,earlier,4,4,0,0.5,0.26496498920241773,0.3391870005755522,0.06624124730060443,-317.61446470003034,-79.40361617500758,1.1302349276182397,0.8830034817823404,2.0345155792547045,0
actual,4h,API3USDT,30,later,3,3,0,0.3333333333333333,-0.9399184886565668,-0.8651315789473678,-0.31330616288552227,259.18750678599713,86.39583559533239,0.544066864109986,1.180927807210645,1.0386838709677408,0
actual,4h,API3USDT,30,full,7,7,0,0.42857142857142855,-0.6749534994541491,-0.5259445783718156,-0.09642192849344987,-58.426957914033196,-8.346708273433313,0.8352181454194203,0.9859119843771682,2.0345155792547045,0
actual,4h,API3USDT,50,earlier,3,3,0,0.3333333333333333,-0.44993336244593696,-0.397076735688187,-0.14997778748197899,-986.8262430207203,-328.9420810069068,0.7788498810066821,0.6364925173408602,2.0345155792547045,0
actual,4h,API3USDT,50,later,1,1,0,1.0,1.1216085526315789,1.1348684210526312,1.1216085526315789,1691.73406102704,1691.73406102704,,,0.0,0
actual,4h,API3USDT,50,full,4,4,0,0.5,0.6716751901856419,0.7377916853644442,0.16791879754641048,704.9078180063198,176.22695450157994,1.3301401065858114,1.2596599636891135,2.0345155792547045,0
actual,4h,API3USDT,60,earlier,3,3,0,0.3333333333333333,-0.44993336244593696,-0.397076735688187,-0.14997778748197899,-986.8262430207203,-328.9420810069068,0.7788498810066821,0.6364925173408602,2.0345155792547045,0
actual,4h,API3USDT,60,later,1,1,0,1.0,1.1216085526315789,1.1348684210526312,1.1216085526315789,1691.73406102704,1691.73406102704,,,0.0,0
actual,4h,API3USDT,60,full,4,4,0,0.5,0.6716751901856419,0.7377916853644442,0.16791879754641048,704.9078180063198,176.22695450157994,1.3301401065858114,1.2596599636891135,2.0345155792547045,0
actual,4h,API3USDT,90,earlier,2,2,0,0.5,0.5736288117908461,0.6029232643118125,0.28681440589542306,-118.00814164289214,-59.00407082144607,1.5674136997250405,0.9360706950285266,1.0109534050179214,0
actual,4h,API3USDT,90,later,1,1,0,1.0,1.1216085526315789,1.1348684210526312,1.1216085526315789,1691.73406102704,1691.73406102704,,,0.0,0
actual,4h,API3USDT,90,full,3,3,0,0.6666666666666666,1.695237364422425,1.7377916853644437,0.5650791214741416,1573.725919384148,524.5753064613826,2.676869928928498,1.8525446027806454,1.0109534050179214,0
actual,4h,API3USDT,120,earlier,2,2,0,0.5,0.5736288117908461,0.6029232643118125,0.28681440589542306,-118.00814164289214,-59.00407082144607,1.5674136997250405,0.9360706950285266,1.0109534050179214,0
actual,4h,API3USDT,120,later,1,1,0,1.0,1.1216085526315789,1.1348684210526312,1.1216085526315789,1691.73406102704,1691.73406102704,,,0.0,0
actual,4h,API3USDT,120,full,3,3,0,0.6666666666666666,1.695237364422425,1.7377916853644437,0.5650791214741416,1573.725919384148,524.5753064613826,2.676869928928498,1.8525446027806454,1.0109534050179214,0
actual,4h,API3USDT,150,earlier,2,2,0,0.5,0.5736288117908461,0.6029232643118125,0.28681440589542306,-118.00814164289214,-59.00407082144607,1.5674136997250405,0.9360706950285266,1.0109534050179214,0
actual,4h,API3USDT,150,later,1,1,0,1.0,1.1216085526315789,1.1348684210526312,1.1216085526315789,1691.73406102704,1691.73406102704,,,0.0,0
actual,4h,API3USDT,150,full,3,3,0,0.6666666666666666,1.695237364422425,1.7377916853644437,0.5650791214741416,1573.725919384148,524.5753064613826,2.676869928928498,1.8525446027806454,1.0109534050179214,0
actual,4h,API3USDT,200,earlier,2,2,0,0.5,0.5736288117908461,0.6029232643118125,0.28681440589542306,-118.00814164289214,-59.00407082144607,1.5674136997250405,0.9360706950285266,1.0109534050179214,0
actual,4h,API3USDT,200,later,1,1,0,1.0,1.1216085526315789,1.1348684210526312,1.1216085526315789,1691.73406102704,1691.73406102704,,,0.0,0
actual,4h,API3USDT,200,full,3,3,0,0.6666666666666666,1.695237364422425,1.7377916853644437,0.5650791214741416,1573.725919384148,524.5753064613826,2.676869928928498,1.8525446027806454,1.0109534050179214,0
actual,4h,APTUSDT,0,earlier,7,7,0,0.5714285714285714,1.835107666802108,1.9983437987866484,0.2621582381145869,1167.693727094698,166.81338958495687,1.6003910259047873,1.351100070909445,3.0565208133093034,0
actual,4h,APTUSDT,0,later,6,6,0,0.0,-5.391067504199241,-5.233333333333333,-0.8985112506998735,-4305.953680599392,-717.6589467665654,0.0,0.0,5.391067504199241,0
actual,4h,APTUSDT,0,full,14,14,0,0.2857142857142857,-4.578017424945771,-4.234989534546685,-0.32700124463898367,-4064.9774245744093,-290.3555303267435,0.5165587530045953,0.5250354370457613,7.949002699733451,0
actual,4h,APTUSDT,20,earlier,7,7,0,0.5714285714285714,1.835107666802108,1.9983437987866484,0.2621582381145869,1167.693727094698,166.81338958495687,1.6003910259047873,1.351100070909445,3.0565208133093034,0
actual,4h,APTUSDT,20,later,6,6,0,0.0,-5.391067504199241,-5.233333333333333,-0.8985112506998735,-4305.953680599392,-717.6589467665654,0.0,0.0,5.391067504199241,0
actual,4h,APTUSDT,20,full,14,14,0,0.2857142857142857,-4.578017424945771,-4.234989534546685,-0.32700124463898367,-4064.9774245744093,-290.3555303267435,0.5165587530045953,0.5250354370457613,7.949002699733451,0
actual,4h,APTUSDT,30,earlier,7,7,0,0.5714285714285714,1.835107666802108,1.9983437987866484,0.2621582381145869,1167.693727094698,166.81338958495687,1.6003910259047873,1.351100070909445,3.0565208133093034,0
actual,4h,APTUSDT,30,later,5,5,0,0.0,-4.356466771598507,-4.233333333333332,-0.8712933543197015,-3707.931237237121,-741.5862474474242,0.0,0.0,4.356466771598507,0
actual,4h,APTUSDT,30,full,13,13,0,0.3076923076923077,-3.543416692345037,-3.234989534546683,-0.2725705147957721,-3466.954981212138,-266.688844708626,0.579917283203698,0.5644782388546132,6.914401967132717,0
actual,4h,APTUSDT,50,earlier,6,6,0,0.5,0.86391453735091,0.9882893371192794,0.14398575622515167,667.8687987835351,111.31146646392251,1.2826463780613184,1.2008136013494988,3.0565208133093034,0
actual,4h,APTUSDT,50,later,6,6,0,0.0,-5.8598318934331965,-5.696581196581198,-0.9766386489055328,-4640.514163868672,-773.4190273114453,0.0,0.0,5.8598318934331965,0
actual,4h,APTUSDT,50,full,13,13,0,0.23076923076923078,-6.017974943630924,-5.708291859461918,-0.4629211495100711,-4899.362836154852,-376.874064319604,0.394473083176311,0.44907934469913147,9.388960218418603,0
actual,4h,APTUSDT,60,earlier,5,5,0,0.4,-0.9550770123939863,-0.8495614281868413,-0.19101540247879728,-1261.1526325053003,-252.23052650106004,0.6875280520796055,0.6207988718052483,3.0565208133093034,0
actual,4h,APTUSDT,60,later,4,4,0,0.0,-4.12338782043218,-4.0,-1.030846955108045,-2790.915938501991,-697.7289846254978,0.0,0.0,4.12338782043218,0
actual,4h,APTUSDT,60,full,10,10,0,0.2,-6.100522420374804,-5.84956142818684,-0.6100522420374804,-4978.786042077007,-497.8786042077006,0.25621219890671193,0.2931322748316268,7.652516145417588,0
actual,4h,APTUSDT,90,earlier,4,4,0,0.25,-2.50707073743677,-2.4197268588770866,-0.6267676843591925,-2969.295781147585,-742.3239452868962,0.1797632371682241,0.10719743103708036,3.0565208133093034,0
actual,4h,APTUSDT,90,later,3,3,0,0.0,-3.089546468981574,-2.999999999999999,-1.029848822993858,-2179.922992218758,-726.6409974062526,0.0,0.0,3.089546468981574,0
actual,4h,APTUSDT,90,full,8,8,0,0.125,-6.618674793966981,-6.419726858877086,-0.8273343492458727,-6075.936244436058,-759.4920305545072,0.07665185607806452,0.05542499334016695,6.618674793966981,0
actual,4h,APTUSDT,120,earlier,3,3,0,0.3333333333333333,-1.4855586720748093,-1.4197268588770864,-0.49518622402493645,-2019.584957780276,-673.1949859267587,0.26999887662731115,0.1500434394059106,2.0350087479473427,0
actual,4h,APTUSDT,120,later,3,3,0,0.0,-3.089546468981574,-2.999999999999999,-1.029848822993858,-2179.922992218758,-726.6409974062526,0.0,0.0,3.089546468981574,0
actual,4h,APTUSDT,120,full,7,7,0,0.14285714285714285,-5.597162728605021,-5.419726858877085,-0.799594675515003,-5126.225421068749,-732.3179172955355,0.08939070889129078,0.06502560831716402,5.597162728605021,0
actual,4h,APTUSDT,150,earlier,3,3,0,0.3333333333333333,-1.4855586720748093,-1.4197268588770864,-0.49518622402493645,-2019.584957780276,-673.1949859267587,0.26999887662731115,0.1500434394059106,2.0350087479473427,0
actual,4h,APTUSDT,150,later,3,3,0,0.0,-3.089546468981574,-2.999999999999999,-1.029848822993858,-2179.922992218758,-726.6409974062526,0.0,0.0,3.089546468981574,0
actual,4h,APTUSDT,150,full,7,7,0,0.14285714285714285,-5.597162728605021,-5.419726858877085,-0.799594675515003,-5126.225421068749,-732.3179172955355,0.08939070889129078,0.06502560831716402,5.597162728605021,0
actual,4h,APTUSDT,200,earlier,3,3,0,0.3333333333333333,-1.4855586720748093,-1.4197268588770864,-0.49518622402493645,-2019.584957780276,-673.1949859267587,0.26999887662731115,0.1500434394059106,2.0350087479473427,0
actual,4h,APTUSDT,200,later,3,3,0,0.0,-3.089546468981574,-2.999999999999999,-1.029848822993858,-2179.922992218758,-726.6409974062526,0.0,0.0,3.089546468981574,0
actual,4h,APTUSDT,200,full,7,7,0,0.14285714285714285,-5.597162728605021,-5.419726858877085,-0.799594675515003,-5126.225421068749,-732.3179172955355,0.08939070889129078,0.06502560831716402,5.597162728605021,0
actual,4h,ARBUSDT,0,earlier,5,5,0,0.6,7.416466938804691,7.54823799713362,1.4832933877609382,9520.300287215256,1904.0600574430512,4.574913471754456,8.965566704734,2.074586419336443,0
actual,4h,ARBUSDT,0,later,6,6,0,0.3333333333333333,0.13610914451529688,0.2919544157505993,0.022684857419216147,1767.9722390849138,294.66203984748563,1.0569853076947262,1.8843978949882783,2.300466385218124,0
actual,4h,ARBUSDT,0,full,11,11,0,0.45454545454545453,7.552576083319988,7.840192412884219,0.6865978257563626,11288.272526300168,1026.2065933000154,2.6922333966173206,4.533934548971442,2.3004663852181233,0
actual,4h,ARBUSDT,20,earlier,5,5,0,0.6,7.416466938804691,7.54823799713362,1.4832933877609382,9520.300287215256,1904.0600574430512,4.574913471754456,8.965566704734,2.074586419336443,0
actual,4h,ARBUSDT,20,later,6,6,0,0.3333333333333333,0.13610914451529688,0.2919544157505993,0.022684857419216147,1767.9722390849138,294.66203984748563,1.0569853076947262,1.8843978949882783,2.300466385218124,0
actual,4h,ARBUSDT,20,full,11,11,0,0.45454545454545453,7.552576083319988,7.840192412884219,0.6865978257563626,11288.272526300168,1026.2065933000154,2.6922333966173206,4.533934548971442,2.3004663852181233,0
actual,4h,ARBUSDT,30,earlier,5,5,0,0.6,7.416466938804691,7.54823799713362,1.4832933877609382,9520.300287215256,1904.0600574430512,4.574913471754456,8.965566704734,2.074586419336443,0
actual,4h,ARBUSDT,30,later,6,6,0,0.3333333333333333,0.13610914451529688,0.2919544157505993,0.022684857419216147,1767.9722390849138,294.66203984748563,1.0569853076947262,1.8843978949882783,2.300466385218124,0
actual,4h,ARBUSDT,30,full,11,11,0,0.45454545454545453,7.552576083319988,7.840192412884219,0.6865978257563626,11288.272526300168,1026.2065933000154,2.6922333966173206,4.533934548971442,2.3004663852181233,0
actual,4h,ARBUSDT,50,earlier,4,4,0,0.75,8.463732460601257,8.54823799713362,2.1159331151503142,9963.441707002845,2490.860426750711,9.238645277117739,14.24854632439626,1.0273208975398762,0
actual,4h,ARBUSDT,50,later,5,5,0,0.4,0.15008241304506464,0.2567174777190062,0.030016482609012927,1773.6512514305919,354.7302502861184,1.0632053127331946,1.8897663979140418,2.2864931166883564,0
actual,4h,ARBUSDT,50,full,9,9,0,0.5555555555555556,8.613814873646323,8.804955474852626,0.957090541516258,11737.092958433437,1304.1214398259374,3.532102402991325,5.275138056180317,2.286493116688356,0
actual,4h,ARBUSDT,60,earlier,4,4,0,0.5,6.672331911691213,6.761190591385205,1.6680829779228032,8417.019029083443,2104.254757270861,4.250744569987663,6.379594362650875,2.0525549664200575,0
actual,4h,ARBUSDT,60,later,5,5,0,0.4,0.15008241304506464,0.2567174777190062,0.030016482609012927,1773.6512514305919,354.7302502861184,1.0632053127331946,1.8897663979140418,2.2864931166883564,0
actual,4h,ARBUSDT,60,full,9,9,0,0.4444444444444444,6.822414324736277,7.017908069104212,0.7580460360818085,10190.670280514036,1132.296697834893,2.541065175736839,3.8641493138816725,2.286493116688356,0
actual,4h,ARBUSDT,90,earlier,2,2,0,0.5,5.297477589292663,5.341626655026923,2.6487387946463317,6764.878182327334,3382.439091163667,6.156594791343703,9.995365719304417,1.0273208975398762,0
actual,4h,ARBUSDT,90,later,3,3,0,0.3333333333333333,1.087481983399524,1.1439355228317902,0.362493994466508,2509.0420476500076,836.3473492166692,1.8060834523704519,3.113993819674372,1.349093546333897,0
actual,4h,ARBUSDT,90,full,5,5,0,0.4,6.384959572692187,6.485562177858713,1.2769919145384374,9273.920229977342,1854.7840459954684,3.686803890269291,5.78305048504515,1.3490935463338976,0
actual,4h,ARBUSDT,120,earlier,1,1,0,0.0,-1.0273208975398762,-1.0000000000000009,-1.0273208975398762,-752.040372056206,-752.040372056206,0.0,0.0,1.0273208975398762,0
actual,4h,ARBUSDT,120,later,3,3,0,0.3333333333333333,1.087481983399524,1.1439355228317902,0.362493994466508,2509.0420476500076,836.3473492166692,1.8060834523704519,3.113993819674372,1.349093546333897,0
actual,4h,ARBUSDT,120,full,4,4,0,0.25,0.060161085859647745,0.14393552283178934,0.015040271464911936,1757.0016755938018,439.25041889845045,1.0253159064971764,1.9061785640024431,2.3764144438737733,0
actual,4h,ARBUSDT,150,earlier,1,1,0,0.0,-1.0273208975398762,-1.0000000000000009,-1.0273208975398762,-752.040372056206,-752.040372056206,0.0,0.0,1.0273208975398762,0
actual,4h,ARBUSDT,150,later,3,3,0,0.3333333333333333,1.087481983399524,1.1439355228317902,0.362493994466508,2509.0420476500076,836.3473492166692,1.8060834523704519,3.113993819674372,1.349093546333897,0
actual,4h,ARBUSDT,150,full,4,4,0,0.25,0.060161085859647745,0.14393552283178934,0.015040271464911936,1757.0016755938018,439.25041889845045,1.0253159064971764,1.9061785640024431,2.3764144438737733,0
actual,4h,ARBUSDT,200,earlier,1,1,0,0.0,-1.0273208975398762,-1.0000000000000009,-1.0273208975398762,-752.040372056206,-752.040372056206,0.0,0.0,1.0273208975398762,0
actual,4h,ARBUSDT,200,later,3,3,0,0.3333333333333333,1.087481983399524,1.1439355228317902,0.362493994466508,2509.0420476500076,836.3473492166692,1.8060834523704519,3.113993819674372,1.349093546333897,0
actual,4h,ARBUSDT,200,full,4,4,0,0.25,0.060161085859647745,0.14393552283178934,0.015040271464911936,1757.0016755938018,439.25041889845045,1.0253159064971764,1.9061785640024431,2.3764144438737733,0
actual,4h,ARUSDT,0,earlier,2,2,0,0.5,0.8079265283908807,0.8445322793148875,0.4039632641954404,962.6724823970578,481.3362411985289,1.7930418281531522,1.8867818312717695,1.018769123783032,0
actual,4h,ARUSDT,0,later,4,4,0,0.25,-1.210590459452102,-1.075949367088603,-0.3026476148630255,-1266.903615753982,-316.7259039384955,0.6082209796843132,0.39916785598260934,3.089982864515398,0
actual,4h,ARUSDT,0,full,6,6,0,0.3333333333333333,-0.40266393106122056,-0.23141708777371517,-0.0671106551768701,-304.2311333569243,-50.70518889282072,0.9019984822135791,0.9047539904537075,3.089982864515397,0
actual,4h,ARUSDT,20,earlier,2,2,0,0.5,0.8079265283908807,0.8445322793148875,0.4039632641954404,962.6724823970578,481.3362411985289,1.7930418281531522,1.8867818312717695,1.018769123783032,0
actual,4h,ARUSDT,20,later,4,4,0,0.25,-1.210590459452102,-1.075949367088603,-0.3026476148630255,-1266.903615753982,-316.7259039384955,0.6082209796843132,0.39916785598260934,3.089982864515398,0
actual,4h,ARUSDT,20,full,6,6,0,0.3333333333333333,-0.40266393106122056,-0.23141708777371517,-0.0671106551768701,-304.2311333569243,-50.70518889282072,0.9019984822135791,0.9047539904537075,3.089982864515397,0
actual,4h,ARUSDT,30,earlier,2,2,0,0.5,0.8079265283908807,0.8445322793148875,0.4039632641954404,962.6724823970578,481.3362411985289,1.7930418281531522,1.8867818312717695,1.018769123783032,0
actual,4h,ARUSDT,30,later,4,4,0,0.25,-1.210590459452102,-1.075949367088603,-0.3026476148630255,-1266.903615753982,-316.7259039384955,0.6082209796843132,0.39916785598260934,3.089982864515398,0
actual,4h,ARUSDT,30,full,6,6,0,0.3333333333333333,-0.40266393106122056,-0.23141708777371517,-0.0671106551768701,-304.2311333569243,-50.70518889282072,0.9019984822135791,0.9047539904537075,3.089982864515397,0
actual,4h,ARUSDT,50,earlier,2,2,0,0.5,0.8079265283908807,0.8445322793148875,0.4039632641954404,962.6724823970578,481.3362411985289,1.7930418281531522,1.8867818312717695,1.018769123783032,0
actual,4h,ARUSDT,50,later,4,4,0,0.25,-1.210590459452102,-1.075949367088603,-0.3026476148630255,-1266.903615753982,-316.7259039384955,0.6082209796843132,0.39916785598260934,3.089982864515398,0
actual,4h,ARUSDT,50,full,6,6,0,0.3333333333333333,-0.40266393106122056,-0.23141708777371517,-0.0671106551768701,-304.2311333569243,-50.70518889282072,0.9019984822135791,0.9047539904537075,3.089982864515397,0
actual,4h,ARUSDT,60,earlier,1,1,0,0.0,-1.018769123783032,-1.0,-1.018769123783032,-1085.57984438681,-1085.57984438681,0.0,0.0,1.018769123783032,0
actual,4h,ARUSDT,60,later,4,4,0,0.25,-1.210590459452102,-1.075949367088603,-0.3026476148630255,-1266.903615753982,-316.7259039384955,0.6082209796843132,0.39916785598260934,3.089982864515398,0
actual,4h,ARUSDT,60,full,5,5,0,0.2,-2.2293595832351336,-2.0759493670886027,-0.44587191664702674,-2352.483460140792,-470.49669202815835,0.45741198554104373,0.26350515271166486,4.10875198829843,0
actual,4h,ARUSDT,90,earlier,2,2,0,0.5,0.8079265283908807,0.8445322793148875,0.4039632641954404,962.6724823970578,481.3362411985289,1.7930418281531522,1.8867818312717695,1.018769123783032,0
actual,4h,ARUSDT,90,later,3,3,0,0.0,-3.089982864515398,-3.0,-1.0299942881717994,-2108.581620289131,-702.8605400963771,0.0,0.0,3.089982864515398,0
actual,4h,ARUSDT,90,full,5,5,0,0.2,-2.2820563361245165,-2.1554677206851123,-0.4564112672249033,-1145.9091378920732,-229.18182757841464,0.44458649667253536,0.6412488377420427,3.089982864515397,0
actual,4h,ARUSDT,120,earlier,2,2,0,0.5,0.8079265283908807,0.8445322793148875,0.4039632641954404,962.6724823970578,481.3362411985289,1.7930418281531522,1.8867818312717695,1.018769123783032,0
actual,4h,ARUSDT,120,later,2,2,0,0.0,-2.0544370129870124,-1.9999999999999991,-1.0272185064935062,-1525.9280576355682,-762.9640288177841,0.0,0.0,2.0544370129870124,0
actual,4h,ARUSDT,120,full,4,4,0,0.25,-1.2465104845961315,-1.1554677206851114,-0.31162762114903286,-563.2555752385103,-140.8138938096276,0.5943941183502189,0.7843178744347971,2.0544370129870124,0
actual,4h,ARUSDT,150,earlier,2,2,0,0.5,0.8079265283908807,0.8445322793148875,0.4039632641954404,962.6724823970578,481.3362411985289,1.7930418281531522,1.8867818312717695,1.018769123783032,0
actual,4h,ARUSDT,150,later,2,2,0,0.0,-2.0544370129870124,-1.9999999999999991,-1.0272185064935062,-1525.9280576355682,-762.9640288177841,0.0,0.0,2.0544370129870124,0
actual,4h,ARUSDT,150,full,4,4,0,0.25,-1.2465104845961315,-1.1554677206851114,-0.31162762114903286,-563.2555752385103,-140.8138938096276,0.5943941183502189,0.7843178744347971,2.0544370129870124,0
actual,4h,ARUSDT,200,earlier,2,2,0,0.5,0.8079265283908807,0.8445322793148875,0.4039632641954404,962.6724823970578,481.3362411985289,1.7930418281531522,1.8867818312717695,1.018769123783032,0
actual,4h,ARUSDT,200,later,2,2,0,0.0,-2.0544370129870124,-1.9999999999999991,-1.0272185064935062,-1525.9280576355682,-762.9640288177841,0.0,0.0,2.0544370129870124,0
actual,4h,ARUSDT,200,full,4,4,0,0.25,-1.2465104845961315,-1.1554677206851114,-0.31162762114903286,-563.2555752385103,-140.8138938096276,0.5943941183502189,0.7843178744347971,2.0544370129870124,0
actual,4h,BOMEUSDT,0,earlier,6,6,0,0.3333333333333333,-0.04887934314534248,0.04236342028024742,-0.008146557190890413,2861.250535613674,476.8750892689457,0.9863294532809721,1.613833057104839,2.0469246463525304,0
actual,4h,BOMEUSDT,0,later,5,5,0,0.2,1.031232096609538,1.150485436893203,0.20624641932190763,1602.6405111554598,320.52810223109196,1.2515817260920108,1.4629201008748927,3.074741631618525,0
actual,4h,BOMEUSDT,0,full,11,11,0,0.2727272727272727,0.9823527534641954,1.1928488571734503,0.08930479576947231,4463.891046769134,405.80827697901213,1.1280019056219686,1.5495163718034937,4.603339175414229,0
actual,4h,BOMEUSDT,20,earlier,6,6,0,0.3333333333333333,-0.04887934314534248,0.04236342028024742,-0.008146557190890413,2861.250535613674,476.8750892689457,0.9863294532809721,1.613833057104839,2.0469246463525304,0
actual,4h,BOMEUSDT,20,later,5,5,0,0.2,1.031232096609538,1.150485436893203,0.20624641932190763,1602.6405111554598,320.52810223109196,1.2515817260920108,1.4629201008748927,3.074741631618525,0
actual,4h,BOMEUSDT,20,full,11,11,0,0.2727272727272727,0.9823527534641954,1.1928488571734503,0.08930479576947231,4463.891046769134,405.80827697901213,1.1280019056219686,1.5495163718034937,4.603339175414229,0
actual,4h,BOMEUSDT,30,earlier,6,6,0,0.3333333333333333,-0.04887934314534248,0.04236342028024742,-0.008146557190890413,2861.250535613674,476.8750892689457,0.9863294532809721,1.613833057104839,2.0469246463525304,0
actual,4h,BOMEUSDT,30,later,5,5,0,0.2,1.031232096609538,1.150485436893203,0.20624641932190763,1602.6405111554598,320.52810223109196,1.2515817260920108,1.4629201008748927,3.074741631618525,0
actual,4h,BOMEUSDT,30,full,11,11,0,0.2727272727272727,0.9823527534641954,1.1928488571734503,0.08930479576947231,4463.891046769134,405.80827697901213,1.1280019056219686,1.5495163718034937,4.603339175414229,0
actual,4h,BOMEUSDT,50,earlier,5,5,0,0.2,-1.8418247345285383,-1.7588556892790554,-0.36836494690570765,1130.5667008236699,226.11334016473396,0.5177817370223734,1.2576718164877194,2.0469246463525304,0
actual,4h,BOMEUSDT,50,later,3,3,0,0.3333333333333333,3.0740644510528456,3.1504854368932023,1.0246881503509486,3543.7398559688977,1181.2466186562992,2.495049671297015,3.3299903675502236,2.0561620861639813,0
actual,4h,BOMEUSDT,50,full,8,8,0,0.25,1.2322397165243077,1.3916297476141475,0.15402996456553847,4674.306556792568,584.288319599071,1.2097198823403439,1.7911092671905549,3.8979868206925197,0
actual,4h,BOMEUSDT,60,earlier,5,5,0,0.2,-1.8418247345285383,-1.7588556892790554,-0.36836494690570765,1130.5667008236699,226.11334016473396,0.5177817370223734,1.2576718164877194,2.0469246463525304,0
actual,4h,BOMEUSDT,60,later,4,4,0,0.25,2.055484905598302,2.150485436893203,0.5138712263995755,2447.287256580523,611.8218141451307,1.6685065452202914,1.9350150913017297,3.074741631618525,0
actual,4h,BOMEUSDT,60,full,9,9,0,0.2222222222222222,0.21366017106976276,0.3916297476141475,0.02374001900775142,3577.8539574041924,397.5393286004658,1.0309911795302924,1.5107571717415036,4.916566366147063,0
actual,4h,BOMEUSDT,90,earlier,5,5,0,0.2,-1.597863350671213,-1.5220768431252092,-0.3195726701342426,856.904826544897,171.3809653089794,0.5531104924830662,1.1838344817340964,2.0469246463525304,0
actual,4h,BOMEUSDT,90,later,3,3,0,0.3333333333333333,3.0740644510528456,3.1504854368932023,1.0246881503509486,3543.7398559688977,1181.2466186562992,2.495049671297015,3.3299903675502236,2.0561620861639813,0
actual,4h,BOMEUSDT,90,full,8,8,0,0.25,1.4762011003816329,1.6284085937679933,0.1845251375477041,4400.644682513795,550.0805853142243,1.2621242647764854,1.7118239660854426,3.6540254368351937,0
actual,4h,BOMEUSDT,120,earlier,4,4,0,0.25,-1.2524520794361795,-1.1792420470638563,-0.3131130198590449,-1255.0894257278833,-313.7723564319708,0.5529249854154727,0.6149365231021289,1.7725589276530296,0
actual,4h,BOMEUSDT,120,later,3,3,0,0.3333333333333333,3.0740644510528456,3.1504854368932023,1.0246881503509486,3543.7398559688977,1181.2466186562992,2.495049671297015,3.3299903675502236,2.0561620861639813,0
actual,4h,BOMEUSDT,120,full,7,7,0,0.2857142857142857,1.8216123716166663,1.971243389829346,0.2602303388023809,2288.6504302410144,326.95006146300204,1.3750026878909987,1.4787611222877395,3.8287210138170105,0
actual,4h,BOMEUSDT,150,earlier,3,3,0,0.3333333333333333,0.1383199938247266,0.20106907074615632,0.0461066646082422,-510.2880023349851,-170.09600077832837,1.077575651985149,0.7629462424844846,1.0288771593090205,0
actual,4h,BOMEUSDT,150,later,3,3,0,0.3333333333333333,3.0740644510528456,3.1504854368932023,1.0246881503509486,3543.7398559688977,1181.2466186562992,2.495049671297015,3.3299903675502236,2.0561620861639813,0
actual,4h,BOMEUSDT,150,full,6,6,0,0.3333333333333333,3.2123844448775722,3.3515545076393587,0.5353974074795954,3033.4518536339124,505.57530893898536,1.8367337092725224,1.825754806217711,2.810318524190455,0
actual,4h,BOMEUSDT,200,earlier,2,2,0,0.5,1.2235024014505478,1.2411443107209443,0.6117512007252739,4078.1525959578566,2039.0762979789283,2.6223456298434438,3.831978110496917,0.7541564380264738,0
actual,4h,BOMEUSDT,200,later,2,2,0,0.0,-2.0561620861639813,-2.0,-1.0280810430819907,-1520.924680772317,-760.4623403861585,0.0,0.0,2.0561620861639813,0
actual,4h,BOMEUSDT,200,full,4,4,0,0.25,-0.8326596847134333,-0.7588556892790557,-0.20816492117835833,2557.22791518554,639.306978796385,0.7037134127159871,1.8636478259758442,2.810318524190455,0
actual,4h,BTCUSDT,0,earlier,7,7,0,0.42857142857142855,5.4824759177944875,5.904986254774396,0.7832108453992125,2868.7557207253844,409.822245817912,2.577444870198421,3.5417268252714296,1.56168002494638,0
actual,4h,BTCUSDT,0,later,1,1,0,1.0,0.364306581886928,0.4672624162227248,0.364306581886928,70.769487564681,70.769487564681,,,0.0,0
actual,4h,BTCUSDT,0,full,8,8,0,0.5,5.8467824996814155,6.372248670997122,0.7308478124601769,2939.5252082900647,367.4406510362581,2.6822649473668108,3.6044288196079775,1.56168002494638,0
actual,4h,BTCUSDT,20,earlier,7,7,0,0.42857142857142855,5.4824759177944875,5.904986254774396,0.7832108453992125,2868.7557207253844,409.822245817912,2.577444870198421,3.5417268252714296,1.56168002494638,0
actual,4h,BTCUSDT,20,later,1,1,0,1.0,0.364306581886928,0.4672624162227248,0.364306581886928,70.769487564681,70.769487564681,,,0.0,0
actual,4h,BTCUSDT,20,full,8,8,0,0.5,5.8467824996814155,6.372248670997122,0.7308478124601769,2939.5252082900647,367.4406510362581,2.6822649473668108,3.6044288196079775,1.56168002494638,0
actual,4h,BTCUSDT,30,earlier,7,7,0,0.42857142857142855,4.800332274483657,5.228707261158339,0.6857617534976653,2287.369335067042,326.76704786672025,2.3811751542865625,3.0266166115995046,1.56168002494638,0
actual,4h,BTCUSDT,30,later,1,1,0,1.0,0.364306581886928,0.4672624162227248,0.364306581886928,70.769487564681,70.769487564681,,,0.0,0
actual,4h,BTCUSDT,30,full,8,8,0,0.5,5.164638856370585,5.695969677381065,0.6455798570463231,2358.138822631723,294.7673528289654,2.485995231454952,3.0893186059360525,1.56168002494638,0
actual,4h,BTCUSDT,50,earlier,5,5,0,0.6,6.356294272218797,6.6179294020995725,1.2712588544437593,2769.94554347043,553.989108694086,4.311294254675972,5.287258353589232,1.0592177962216818,0
actual,4h,BTCUSDT,50,later,1,1,0,1.0,0.364306581886928,0.4672624162227248,0.364306581886928,70.769487564681,70.769487564681,,,0.0,0
actual,4h,BTCUSDT,50,full,6,6,0,0.6666666666666666,6.720600854105725,7.085191818322297,1.1201001423509542,2840.7150310351108,473.4525051725185,4.501078780042469,5.396793747689714,1.0592177962216818,0
actual,4h,BTCUSDT,60,earlier,4,4,0,0.75,7.216656490138987,7.418617084494319,1.8041641225347467,3058.2970858308677,764.5742714577169,7.813194147493935,9.54902618989747,1.0592177962216818,0
actual,4h,BTCUSDT,60,later,1,1,0,0.0,-1.0841967168510789,-0.9999999999999992,-1.0841967168510789,-257.538953393805,-257.538953393805,0.0,0.0,1.0841967168510789,0
actual,4h,BTCUSDT,60,full,5,5,0,0.6,6.132459773287907,6.41861708449432,1.2264919546575814,2800.758132437063,560.1516264874125,3.861070379007802,5.552040846926477,2.143414513072761,0
actual,4h,BTCUSDT,90,earlier,3,3,0,0.6666666666666666,2.1566899507785386,2.308829704912701,0.7188966502595129,1027.0320501961403,342.3440167320468,3.0361156680633874,3.8709192235343415,1.0592177962216822,0
actual,4h,BTCUSDT,90,later,0,0,0,,0.0,0.0,,0.0,,,,0.0,0
actual,4h,BTCUSDT,90,full,3,3,0,0.6666666666666666,2.1566899507785386,2.308829704912701,0.7188966502595129,1027.0320501961403,342.3440167320468,3.0361156680633874,3.8709192235343415,1.0592177962216822,0
actual,4h,BTCUSDT,120,earlier,3,3,0,0.6666666666666666,2.1566899507785386,2.308829704912701,0.7188966502595129,1027.0320501961403,342.3440167320468,3.0361156680633874,3.8709192235343415,1.0592177962216822,0
actual,4h,BTCUSDT,120,later,0,0,0,,0.0,0.0,,0.0,,,,0.0,0
actual,4h,BTCUSDT,120,full,3,3,0,0.6666666666666666,2.1566899507785386,2.308829704912701,0.7188966502595129,1027.0320501961403,342.3440167320468,3.0361156680633874,3.8709192235343415,1.0592177962216822,0
actual,4h,BTCUSDT,150,earlier,3,3,0,0.6666666666666666,2.1566899507785386,2.308829704912701,0.7188966502595129,1027.0320501961403,342.3440167320468,3.0361156680633874,3.8709192235343415,1.0592177962216822,0
actual,4h,BTCUSDT,150,later,0,0,0,,0.0,0.0,,0.0,,,,0.0,0
actual,4h,BTCUSDT,150,full,3,3,0,0.6666666666666666,2.1566899507785386,2.308829704912701,0.7188966502595129,1027.0320501961403,342.3440167320468,3.0361156680633874,3.8709192235343415,1.0592177962216822,0
actual,4h,BTCUSDT,200,earlier,4,4,0,0.5,1.1031901817680974,1.3088297049126998,0.27579754544202434,633.1986604464221,158.29966511160552,1.5221664267494697,1.8425015808974805,1.059217796221682,0
actual,4h,BTCUSDT,200,later,0,0,0,,0.0,0.0,,0.0,,,,0.0,0
actual,4h,BTCUSDT,200,full,4,4,0,0.5,1.1031901817680974,1.3088297049126998,0.27579754544202434,633.1986604464221,158.29966511160552,1.5221664267494697,1.8425015808974805,1.059217796221682,0
actual,4h,DASHUSDT,0,earlier,7,7,0,0.5714285714285714,21.045293430460223,21.34431419114143,3.006470490065746,13353.3717973009,1907.6245424715573,8.61121357134038,12.463625644709364,2.7650378265175943,1
actual,4h,DASHUSDT,0,later,1,1,0,0.0,-1.0177534246575342,-1.0,-1.0177534246575342,-1146.543209876544,-1146.543209876544,0.0,0.0,1.0177534246575342,0
actual,4h,DASHUSDT,0,full,8,8,0,0.5,20.02754000580269,20.34431419114143,2.503442500725336,12206.828587424356,1525.8535734280445,6.294381496621341,6.281162687396967,2.7650378265175943,1
actual,4h,DASHUSDT,20,earlier,7,7,0,0.5714285714285714,21.045293430460223,21.34431419114143,3.006470490065746,13353.3717973009,1907.6245424715573,8.61121357134038,12.463625644709364,2.7650378265175943,1
actual,4h,DASHUSDT,20,later,1,1,0,0.0,-1.0177534246575342,-1.0,-1.0177534246575342,-1146.543209876544,-1146.543209876544,0.0,0.0,1.0177534246575342,0
actual,4h,DASHUSDT,20,full,8,8,0,0.5,20.02754000580269,20.34431419114143,2.503442500725336,12206.828587424356,1525.8535734280445,6.294381496621341,6.281162687396967,2.7650378265175943,1
actual,4h,DASHUSDT,30,earlier,6,6,0,0.5,1.2437656526824057,1.5109808578080623,0.2072942754470676,901.7560767768779,150.29267946281297,1.4498186754460631,1.7741411116180712,2.7650378265175943,0
actual,4h,DASHUSDT,30,later,1,1,0,0.0,-1.0177534246575342,-1.0,-1.0177534246575342,-1146.543209876544,-1146.543209876544,0.0,0.0,1.0177534246575342,0
actual,4h,DASHUSDT,30,full,7,7,0,0.42857142857142855,0.22601222802487153,0.5109808578080623,0.03228746114641022,-244.78713309966622,-34.969590442809455,1.0597474756119998,0.8940952873695096,2.7650378265175943,0
actual,4h,DASHUSDT,50,earlier,4,4,0,0.25,-1.1201870802489378,-0.9385425812115908,-0.28004677006223444,-204.45500503526213,-51.11375125881553,0.5948745910432087,0.8244791147517393,2.7650378265175943,0
actual,4h,DASHUSDT,50,later,1,1,0,0.0,-1.0177534246575342,-1.0,-1.0177534246575342,-1146.543209876544,-1146.543209876544,0.0,0.0,1.0177534246575342,0
actual,4h,DASHUSDT,50,full,5,5,0,0.2,-2.1379405049064717,-1.9385425812115908,-0.42758810098129435,-1350.9982149118061,-270.1996429823612,0.43482461416756263,0.4155040916456752,2.7650378265175943,0
actual,4h,DASHUSDT,60,earlier,4,4,0,0.25,-1.1201870802489378,-0.9385425812115908,-0.28004677006223444,-204.45500503526213,-51.11375125881553,0.5948745910432087,0.8244791147517393,2.7650378265175943,0
actual,4h,DASHUSDT,60,later,1,1,0,0.0,-1.0177534246575342,-1.0,-1.0177534246575342,-1146.543209876544,-1146.543209876544,0.0,0.0,1.0177534246575342,0
actual,4h,DASHUSDT,60,full,5,5,0,0.2,-2.1379405049064717,-1.9385425812115908,-0.42758810098129435,-1350.9982149118061,-270.1996429823612,0.43482461416756263,0.4155040916456752,2.7650378265175943,0
actual,4h,DASHUSDT,90,earlier,5,5,0,0.4,-0.7856776462866711,-0.5611840906455505,-0.15713552925733423,-48.321143300343124,-9.664228660068625,0.7158528397869383,0.9585171815831971,2.7650378265175943,0
actual,4h,DASHUSDT,90,later,1,1,0,0.0,-1.0177534246575342,-1.0,-1.0177534246575342,-1146.543209876544,-1146.543209876544,0.0,0.0,1.0177534246575342,0
actual,4h,DASHUSDT,90,full,6,6,0,0.3333333333333333,-1.8034310709442054,-1.5611840906455505,-0.30057184515736757,-1194.8643531768873,-199.14405886281455,0.5232538749305907,0.483053850285125,2.7650378265175943,0
actual,4h,DASHUSDT,120,earlier,4,4,0,0.5,0.25330672871332893,0.4388159093544499,0.06332668217833223,484.704908803864,121.176227200966,1.1467548577308626,1.7671552933108743,1.7260534515175943,0
actual,4h,DASHUSDT,120,later,1,1,0,0.0,-1.0177534246575342,-1.0,-1.0177534246575342,-1146.543209876544,-1146.543209876544,0.0,0.0,1.0177534246575342,0
actual,4h,DASHUSDT,120,full,5,5,0,0.4,-0.7644466959442052,-0.5611840906455501,-0.15288933918884104,-661.83830107268,-132.367660214536,0.7213919454091299,0.6278387427412142,1.7260534515175943,0
actual,4h,DASHUSDT,150,earlier,4,4,0,0.5,0.25330672871332893,0.4388159093544499,0.06332668217833223,484.704908803864,121.176227200966,1.1467548577308626,1.7671552933108743,1.7260534515175943,0
actual,4h,DASHUSDT,150,later,1,1,0,0.0,-1.0177534246575342,-1.0,-1.0177534246575342,-1146.543209876544,-1146.543209876544,0.0,0.0,1.0177534246575342,0
actual,4h,DASHUSDT,150,full,5,5,0,0.4,-0.7644466959442052,-0.5611840906455501,-0.15288933918884104,-661.83830107268,-132.367660214536,0.7213919454091299,0.6278387427412142,1.7260534515175943,0
actual,4h,DASHUSDT,200,earlier,4,4,0,0.5,0.25330672871332893,0.4388159093544499,0.06332668217833223,484.704908803864,121.176227200966,1.1467548577308626,1.7671552933108743,1.7260534515175943,0
actual,4h,DASHUSDT,200,later,1,1,0,0.0,-1.0177534246575342,-1.0,-1.0177534246575342,-1146.543209876544,-1146.543209876544,0.0,0.0,1.0177534246575342,0
actual,4h,DASHUSDT,200,full,5,5,0,0.4,-0.7644466959442052,-0.5611840906455501,-0.15288933918884104,-661.83830107268,-132.367660214536,0.7213919454091299,0.6278387427412142,1.7260534515175943,0
actual,4h,ENAUSDT,0,earlier,6,6,0,0.3333333333333333,4.094244417206999,4.18630921631528,0.6823740695344999,7474.070615726324,1245.6784359543872,2.1644351140245104,2.5533518349010054,2.502790427973067,0
actual,4h,ENAUSDT,0,later,6,6,0,0.5,4.409008258320732,4.553107652331418,0.734834709720122,3615.49709074538,602.5828484575633,2.481067174515147,2.337926113874574,2.046506277821221,0
actual,4h,ENAUSDT,0,full,13,13,0,0.38461538461538464,7.488915003245954,7.739416868646697,0.5760703848650734,9674.64113771336,744.2031644394892,1.9975472597276898,2.0835299857074294,5.054846573797726,0
actual,4h,ENAUSDT,20,earlier,6,6,0,0.3333333333333333,4.094244417206999,4.18630921631528,0.6823740695344999,7474.070615726324,1245.6784359543872,2.1644351140245104,2.5533518349010054,2.502790427973067,0
actual,4h,ENAUSDT,20,later,6,6,0,0.5,4.409008258320732,4.553107652331418,0.734834709720122,3615.49709074538,602.5828484575633,2.481067174515147,2.337926113874574,2.046506277821221,0
actual,4h,ENAUSDT,20,full,13,13,0,0.38461538461538464,7.488915003245954,7.739416868646697,0.5760703848650734,9674.64113771336,744.2031644394892,1.9975472597276898,2.0835299857074294,5.054846573797726,0
actual,4h,ENAUSDT,30,earlier,6,6,0,0.3333333333333333,4.094244417206999,4.18630921631528,0.6823740695344999,7474.070615726324,1245.6784359543872,2.1644351140245104,2.5533518349010054,2.502790427973067,0
actual,4h,ENAUSDT,30,later,6,6,0,0.5,4.409008258320732,4.553107652331418,0.734834709720122,3615.49709074538,602.5828484575633,2.481067174515147,2.337926113874574,2.046506277821221,0
actual,4h,ENAUSDT,30,full,13,13,0,0.38461538461538464,7.488915003245954,7.739416868646697,0.5760703848650734,9674.64113771336,744.2031644394892,1.9975472597276898,2.0835299857074294,5.054846573797726,0
actual,4h,ENAUSDT,50,earlier,5,5,0,0.4,5.111917184210551,5.18630921631528,1.02238343684211,8625.755314335289,1725.1510628670578,3.0460722666185425,3.3568336569005313,1.4851176609695154,0
actual,4h,ENAUSDT,50,later,5,5,0,0.6,5.339415070052047,5.461338494337094,1.0678830140104094,4454.609718731728,890.9219437463456,3.6090391844468552,3.3908358343267766,2.046506277821221,0
actual,4h,ENAUSDT,50,full,11,11,0,0.45454545454545453,9.436994581980821,9.647647710652375,0.8579085983618928,11665.438464308672,1060.4944058462431,2.6975304873467754,2.6813786544396385,4.037173806794174,0
actual,4h,ENAUSDT,60,earlier,5,5,0,0.4,5.111917184210551,5.18630921631528,1.02238343684211,8625.755314335289,1725.1510628670578,3.0460722666185425,3.3568336569005313,1.4851176609695154,0
actual,4h,ENAUSDT,60,later,5,5,0,0.6,5.339415070052047,5.461338494337094,1.0678830140104094,4454.609718731728,890.9219437463456,3.6090391844468552,3.3908358343267766,2.046506277821221,0
actual,4h,ENAUSDT,60,full,11,11,0,0.45454545454545453,9.436994581980821,9.647647710652375,0.8579085983618928,11665.438464308672,1060.4944058462431,2.6975304873467754,2.6813786544396385,4.037173806794174,0
actual,4h,ENAUSDT,90,earlier,5,5,0,0.4,5.111917184210551,5.18630921631528,1.02238343684211,8625.755314335289,1725.1510628670578,3.0460722666185425,3.3568336569005313,1.4851176609695154,0
actual,4h,ENAUSDT,90,later,3,3,0,0.6666666666666666,5.848353382737021,5.92162863448954,1.949451127579007,5273.810799113823,1757.9369330379411,6.684745493011867,8.376752046136902,1.0287801608579088,0
actual,4h,ENAUSDT,90,full,9,9,0,0.4444444444444444,9.945932894665795,10.10793785080482,1.105103654962866,12484.639544690765,1387.1821716323075,3.1899995347275105,3.1563381188295616,3.5282354941092002,0
actual,4h,ENAUSDT,120,earlier,5,5,0,0.4,5.111917184210551,5.18630921631528,1.02238343684211,8625.755314335289,1725.1510628670578,3.0460722666185425,3.3568336569005313,1.4851176609695154,0
actual,4h,ENAUSDT,120,later,3,3,0,0.6666666666666666,5.848353382737021,5.92162863448954,1.949451127579007,5273.810799113823,1757.9369330379411,6.684745493011867,8.376752046136902,1.0287801608579088,0
actual,4h,ENAUSDT,120,full,9,9,0,0.4444444444444444,9.945932894665795,10.10793785080482,1.105103654962866,12484.639544690765,1387.1821716323075,3.1899995347275105,3.1563381188295616,3.5282354941092002,0
actual,4h,ENAUSDT,150,earlier,4,4,0,0.5,6.125204524672779,6.18630921631528,1.5313011311681948,10150.947422331132,2537.736855582783,5.124390063932118,5.755211797031503,1.4851176609695154,0
actual,4h,ENAUSDT,150,later,3,3,0,0.6666666666666666,5.848353382737021,5.92162863448954,1.949451127579007,5273.810799113823,1757.9369330379411,6.684745493011867,8.376752046136902,1.0287801608579088,0
actual,4h,ENAUSDT,150,full,8,8,0,0.5,10.959220235128022,11.10793785080482,1.3699025293910028,14009.831652686611,1751.2289565858264,4.106147606480835,4.285184789153118,3.528235494109201,0
actual,4h,ENAUSDT,200,earlier,3,3,0,0.3333333333333333,-1.1763154631673185,-1.1274162738807978,-0.39210515438910615,-1813.3614195119599,-604.4538065039867,0.20793113294511947,0.1505307578112903,1.4851176609695158,0
actual,4h,ENAUSDT,200,later,3,3,0,0.6666666666666666,5.848353382737021,5.92162863448954,1.949451127579007,5273.810799113823,1757.9369330379411,6.684745493011867,8.376752046136902,1.0287801608579088,0
actual,4h,ENAUSDT,200,full,7,7,0,0.42857142857142855,3.6577002472879254,3.794212360608742,0.5225286067554179,2045.5228108435192,292.21754440621703,2.0366939092911687,1.4796574713130266,3.5282354941092016,0
actual,4h,ETHUSDT,0,earlier,6,6,0,0.5,1.621199533978984,1.7870745833058876,0.27019992232983064,1332.6231442449232,222.10385737415388,1.5264847082067519,1.5485472843382417,1.033731181355479,0
actual,4h,ETHUSDT,0,later,4,4,0,0.25,-1.935935337677635,-1.7377464845954158,-0.48398383441940873,-1196.548415434531,-299.13710385863277,0.2213257894893366,0.10029082088185039,2.4861942408597644,0
actual,4h,ETHUSDT,0,full,10,10,0,0.4,-0.3147358036986512,0.04932809871047206,-0.03147358036986512,136.07472881039237,13.607472881039238,0.9434486303159236,1.0361968661950351,2.4861942408597644,0
actual,4h,ETHUSDT,20,earlier,6,6,0,0.5,1.621199533978984,1.7870745833058876,0.27019992232983064,1332.6231442449232,222.10385737415388,1.5264847082067519,1.5485472843382417,1.033731181355479,0
actual,4h,ETHUSDT,20,later,4,4,0,0.25,-1.935935337677635,-1.7377464845954158,-0.48398383441940873,-1196.548415434531,-299.13710385863277,0.2213257894893366,0.10029082088185039,2.4861942408597644,0
actual,4h,ETHUSDT,20,full,10,10,0,0.4,-0.3147358036986512,0.04932809871047206,-0.03147358036986512,136.07472881039237,13.607472881039238,0.9434486303159236,1.0361968661950351,2.4861942408597644,0
actual,4h,ETHUSDT,30,earlier,5,5,0,0.6,2.654930715334463,2.7870745833058885,0.5309861430668926,1945.5463445689436,389.1092689137887,2.2978994366809085,2.071073831141895,1.025227212806026,0
actual,4h,ETHUSDT,30,later,4,4,0,0.25,-1.935935337677635,-1.7377464845954158,-0.48398383441940873,-1196.548415434531,-299.13710385863277,0.2213257894893366,0.10029082088185039,2.4861942408597644,0
actual,4h,ETHUSDT,30,full,9,9,0,0.4444444444444444,0.7189953776568281,1.0493280987104727,0.07988837529520312,748.9979291344123,83.22199212604582,1.1586571987864174,1.2380512459652768,2.4861942408597644,0
actual,4h,ETHUSDT,50,earlier,5,5,0,0.4,0.9249969316076931,1.044768163716217,0.18499938632153862,901.5574605074326,180.31149210148652,1.3008414496336058,1.3573638829075567,2.0543666550371027,0
actual,4h,ETHUSDT,50,later,4,4,0,0.25,-1.935935337677635,-1.7377464845954158,-0.48398383441940873,-1196.548415434531,-299.13710385863277,0.2213257894893366,0.10029082088185039,2.4861942408597644,0
actual,4h,ETHUSDT,50,full,9,9,0,0.3333333333333333,-1.0109384060699418,-0.692978320879199,-0.11232648956332686,-294.99095492709876,-32.77677276967764,0.818205754757416,0.9234332175028761,3.9903019927147376,0
actual,4h,ETHUSDT,60,earlier,4,4,0,0.5,1.9541363738387696,2.044768163716218,0.4885340934596924,1607.9123962471115,401.97809906177787,1.955306473405841,1.8851975668410554,1.025227212806026,0
actual,4h,ETHUSDT,60,later,2,2,0,0.0,-1.4427785710033056,-1.3705156112034094,-0.7213892855016528,-849.264817127301,-424.6324085636505,0.0,0.0,1.4427785710033056,0
actual,4h,ETHUSDT,60,full,6,6,0,0.3333333333333333,0.511357802835464,0.6742525525128086,0.08522630047257733,758.6475791198105,126.4412631866351,1.1465906602729927,1.284594996076093,2.468005783809332,0
actual,4h,ETHUSDT,90,earlier,4,4,0,0.25,-1.8410366711042563,-1.7425572927821782,-0.46025916777606407,-1138.7500211159338,-284.68750527898345,0.4021231598769881,0.5312566539753457,2.0455596483837475,0
actual,4h,ETHUSDT,90,later,1,1,0,0.0,-0.5921114013058766,-0.5683576092415873,-0.5921114013058766,-498.540527511005,-498.540527511005,0.0,0.0,0.5921114013058766,0
actual,4h,ETHUSDT,90,full,5,5,0,0.2,-2.433148072410133,-2.3109149020237654,-0.48662961448202663,-1637.290548626939,-327.45810972538777,0.33727008938557196,0.44079857362034824,2.6376710496896245,0
actual,4h,ETHUSDT,120,earlier,4,4,0,0.25,-1.8410366711042563,-1.7425572927821782,-0.46025916777606407,-1138.7500211159338,-284.68750527898345,0.4021231598769881,0.5312566539753457,2.0455596483837475,0
actual,4h,ETHUSDT,120,later,0,0,0,,0.0,0.0,,0.0,,,,0.0,0
actual,4h,ETHUSDT,120,full,4,4,0,0.25,-1.8410366711042563,-1.7425572927821782,-0.46025916777606407,-1138.7500211159338,-284.68750527898345,0.4021231598769881,0.5312566539753457,2.0455596483837475,0
actual,4h,ETHUSDT,150,earlier,2,2,0,0.0,-2.058958394161505,-2.0000000000000004,-1.0294791970807524,-1425.717876207609,-712.8589381038045,0.0,0.0,2.058958394161505,0
actual,4h,ETHUSDT,150,later,0,0,0,,0.0,0.0,,0.0,,,,0.0,0
actual,4h,ETHUSDT,150,full,2,2,0,0.0,-2.058958394161505,-2.0000000000000004,-1.0294791970807524,-1425.717876207609,-712.8589381038045,0.0,0.0,2.058958394161505,0
actual,4h,ETHUSDT,200,earlier,3,3,0,0.3333333333333333,-1.3581640526658116,-1.2576935804103297,-0.4527213508886039,-1088.083927885777,-362.6946426285923,0.3403635272489741,0.236816802227334,2.058958394161505,0
actual,4h,ETHUSDT,200,later,0,0,0,,0.0,0.0,,0.0,,,,0.0,0
actual,4h,ETHUSDT,200,full,3,3,0,0.3333333333333333,-1.3581640526658116,-1.2576935804103297,-0.4527213508886039,-1088.083927885777,-362.6946426285923,0.3403635272489741,0.236816802227334,2.058958394161505,0
actual,4h,FILUSDT,0,earlier,11,11,0,0.36363636363636365,-0.6974934924824716,-0.38876708907792945,-0.06340849931658833,-306.7510242350291,-27.886456748639006,0.8947400613941638,0.9411680923610728,4.123313169608216,0
actual,4h,FILUSDT,0,later,5,5,0,0.2,0.8950520576618002,1.0294767870302175,0.17901041153236003,-477.76175277336574,-95.55235055467315,1.2183095251282154,0.8583646894547258,3.06951314007249,0
actual,4h,FILUSDT,0,full,16,16,0,0.3125,0.19755856517932813,0.6407096979522886,0.012347410323708008,-784.5127770083951,-49.032048563024695,1.0184181242380983,0.9086416863708494,4.123313169608216,0
actual,4h,FILUSDT,20,earlier,11,11,0,0.36363636363636365,-0.6974934924824716,-0.38876708907792945,-0.06340849931658833,-306.7510242350291,-27.886456748639006,0.8947400613941638,0.9411680923610728,4.123313169608216,0
actual,4h,FILUSDT,20,later,5,5,0,0.2,0.8950520576618002,1.0294767870302175,0.17901041153236003,-477.76175277336574,-95.55235055467315,1.2183095251282154,0.8583646894547258,3.06951314007249,0
actual,4h,FILUSDT,20,full,16,16,0,0.3125,0.19755856517932813,0.6407096979522886,0.012347410323708008,-784.5127770083951,-49.032048563024695,1.0184181242380983,0.9086416863708494,4.123313169608216,0
actual,4h,FILUSDT,30,earlier,11,11,0,0.36363636363636365,-0.6974934924824716,-0.38876708907792945,-0.06340849931658833,-306.7510242350291,-27.886456748639006,0.8947400613941638,0.9411680923610728,4.123313169608216,0
actual,4h,FILUSDT,30,later,5,5,0,0.2,0.8950520576618002,1.0294767870302175,0.17901041153236003,-477.76175277336574,-95.55235055467315,1.2183095251282154,0.8583646894547258,3.06951314007249,0
actual,4h,FILUSDT,30,full,16,16,0,0.3125,0.19755856517932813,0.6407096979522886,0.012347410323708008,-784.5127770083951,-49.032048563024695,1.0184181242380983,0.9086416863708494,4.123313169608216,0
actual,4h,FILUSDT,50,earlier,10,10,0,0.3,-1.5771564138307868,-1.2988794486284916,-0.15771564138307867,-884.5370020948081,-88.45370020948081,0.7619886220002243,0.8303542772506485,4.123313169608216,0
actual,4h,FILUSDT,50,later,5,5,0,0.2,0.8950520576618002,1.0294767870302175,0.17901041153236003,-477.76175277336574,-95.55235055467315,1.2183095251282154,0.8583646894547258,3.06951314007249,0
actual,4h,FILUSDT,50,full,15,15,0,0.26666666666666666,-0.6821043561689863,-0.26940266159827375,-0.04547362374459909,-1362.2987548681742,-90.81991699121161,0.9364083113082712,0.8413571830168979,4.123313169608216,0
actual,4h,FILUSDT,60,earlier,10,10,0,0.3,-1.5771564138307868,-1.2988794486284916,-0.15771564138307867,-884.5370020948081,-88.45370020948081,0.7619886220002243,0.8303542772506485,4.123313169608216,0
actual,4h,FILUSDT,60,later,4,4,0,0.25,1.9183853909951332,2.029476787030217,0.4795963477487833,399.3811043694903,99.84527609237257,1.6235429903760616,1.160005913131693,2.0461798067391577,0
actual,4h,FILUSDT,60,full,14,14,0,0.2857142857142857,0.34122897716434664,0.7305973384017259,0.0243734983688819,-485.15589772531814,-34.65399269466558,1.0351674423120565,0.9370749879192828,4.123313169608216,0
actual,4h,FILUSDT,90,earlier,10,10,0,0.3,-1.5771564138307868,-1.2988794486284916,-0.15771564138307867,-884.5370020948081,-88.45370020948081,0.7619886220002243,0.8303542772506485,4.123313169608216,0
actual,4h,FILUSDT,90,later,3,3,0,0.3333333333333333,2.945188112083568,3.029476787030216,0.9817293706945227,1165.5739977705043,388.52466592350146,2.4368270514772274,1.6738018782811095,1.0304090100770604,0
actual,4h,FILUSDT,90,full,13,13,0,0.3076923076923077,1.3680316982527814,1.730597338401725,0.10523320755790626,281.03699567569583,21.61823043659199,1.1576767865797666,1.0404726662908075,4.123313169608216,0
actual,4h,FILUSDT,120,earlier,9,9,0,0.2222222222222222,-2.5949073334314203,-2.3556319446873495,-0.2883230370479356,-1406.4394542640355,-156.27105047378174,0.6083980860772127,0.7302583869789856,4.123313169608216,0
actual,4h,FILUSDT,120,later,3,3,0,0.3333333333333333,2.945188112083568,3.029476787030216,0.9817293706945227,1165.5739977705043,388.52466592350146,2.4368270514772274,1.6738018782811095,1.0304090100770604,0
actual,4h,FILUSDT,120,full,12,12,0,0.25,0.3502807786521476,0.6738448423428671,0.029190064887678963,-240.8654564935314,-20.072121374460952,1.0403727104050797,0.9653125126170401,4.123313169608216,0
actual,4h,FILUSDT,150,earlier,8,8,0,0.125,-4.881687131411219,-4.661490530545937,-0.6102108914264024,-3803.635557610077,-475.4544447012596,0.2632962267269351,0.2704991405472804,6.177749049812884,0
actual,4h,FILUSDT,150,later,3,3,0,0.3333333333333333,2.945188112083568,3.029476787030216,0.9817293706945227,1165.5739977705043,388.52466592350146,2.4368270514772274,1.6738018782811095,1.0304090100770604,0
actual,4h,FILUSDT,150,full,11,11,0,0.18181818181818182,-1.9364990193276512,-1.6320137435157196,-0.17604536539342283,-2638.0615598395725,-239.82377816723385,0.776802728348745,0.6200877933907286,6.177749049812884,0
actual,4h,FILUSDT,200,earlier,8,8,0,0.125,-4.881687131411219,-4.661490530545937,-0.6102108914264024,-3803.635557610077,-475.4544447012596,0.2632962267269351,0.2704991405472804,6.177749049812884,0
actual,4h,FILUSDT,200,later,2,2,0,0.5,3.9755971221606288,4.029476787030217,1.9877985610803144,1843.2738028387291,921.6369014193646,4.900025984616668,2.751916678239817,1.0193770856507225,0
actual,4h,FILUSDT,200,full,10,10,0,0.2,-0.9060900092505906,-0.6320137435157196,-0.09060900092505905,-1960.3617547713475,-196.03617547713475,0.8814913009863037,0.6871516075287466,6.177749049812884,0
actual,4h,HYPEUSDT,0,earlier,0,0,0,,0.0,0.0,,0.0,,,,0.0,0
actual,4h,HYPEUSDT,0,later,3,3,0,0.0,-3.0815946772589786,-2.999999999999999,-1.0271982257529928,-2279.841186560941,-759.9470621869802,0.0,0.0,3.0815946772589786,0
actual,4h,HYPEUSDT,0,full,3,3,0,0.0,-3.0815946772589786,-2.999999999999999,-1.0271982257529928,-2279.841186560941,-759.9470621869802,0.0,0.0,3.0815946772589786,0
actual,4h,HYPEUSDT,20,earlier,0,0,0,,0.0,0.0,,0.0,,,,0.0,0
actual,4h,HYPEUSDT,20,later,3,3,0,0.0,-3.0815946772589786,-2.999999999999999,-1.0271982257529928,-2279.841186560941,-759.9470621869802,0.0,0.0,3.0815946772589786,0
actual,4h,HYPEUSDT,20,full,3,3,0,0.0,-3.0815946772589786,-2.999999999999999,-1.0271982257529928,-2279.841186560941,-759.9470621869802,0.0,0.0,3.0815946772589786,0
actual,4h,HYPEUSDT,30,earlier,0,0,0,,0.0,0.0,,0.0,,,,0.0,0
actual,4h,HYPEUSDT,30,later,3,3,0,0.0,-3.0815946772589786,-2.999999999999999,-1.0271982257529928,-2279.841186560941,-759.9470621869802,0.0,0.0,3.0815946772589786,0
actual,4h,HYPEUSDT,30,full,3,3,0,0.0,-3.0815946772589786,-2.999999999999999,-1.0271982257529928,-2279.841186560941,-759.9470621869802,0.0,0.0,3.0815946772589786,0
actual,4h,HYPEUSDT,50,earlier,0,0,0,,0.0,0.0,,0.0,,,,0.0,0
actual,4h,HYPEUSDT,50,later,2,2,0,0.0,-2.057335952270612,-1.9999999999999991,-1.028667976135306,-1435.395548565086,-717.697774282543,0.0,0.0,2.057335952270612,0
actual,4h,HYPEUSDT,50,full,2,2,0,0.0,-2.057335952270612,-1.9999999999999991,-1.028667976135306,-1435.395548565086,-717.697774282543,0.0,0.0,2.057335952270612,0
actual,4h,HYPEUSDT,60,earlier,0,0,0,,0.0,0.0,,0.0,,,,0.0,0
actual,4h,HYPEUSDT,60,later,2,2,0,0.0,-2.057335952270612,-1.9999999999999991,-1.028667976135306,-1435.395548565086,-717.697774282543,0.0,0.0,2.057335952270612,0
actual,4h,HYPEUSDT,60,full,2,2,0,0.0,-2.057335952270612,-1.9999999999999991,-1.028667976135306,-1435.395548565086,-717.697774282543,0.0,0.0,2.057335952270612,0
actual,4h,HYPEUSDT,90,earlier,0,0,0,,0.0,0.0,,0.0,,,,0.0,0
actual,4h,HYPEUSDT,90,later,2,2,0,0.0,-2.057335952270612,-1.9999999999999991,-1.028667976135306,-1435.395548565086,-717.697774282543,0.0,0.0,2.057335952270612,0
actual,4h,HYPEUSDT,90,full,2,2,0,0.0,-2.057335952270612,-1.9999999999999991,-1.028667976135306,-1435.395548565086,-717.697774282543,0.0,0.0,2.057335952270612,0
actual,4h,HYPEUSDT,120,earlier,0,0,0,,0.0,0.0,,0.0,,,,0.0,0
actual,4h,HYPEUSDT,120,later,2,2,0,0.0,-2.057335952270612,-1.9999999999999991,-1.028667976135306,-1435.395548565086,-717.697774282543,0.0,0.0,2.057335952270612,0
actual,4h,HYPEUSDT,120,full,2,2,0,0.0,-2.057335952270612,-1.9999999999999991,-1.028667976135306,-1435.395548565086,-717.697774282543,0.0,0.0,2.057335952270612,0
actual,4h,HYPEUSDT,150,earlier,0,0,0,,0.0,0.0,,0.0,,,,0.0,0
actual,4h,HYPEUSDT,150,later,2,2,0,0.0,-2.057335952270612,-1.9999999999999991,-1.028667976135306,-1435.395548565086,-717.697774282543,0.0,0.0,2.057335952270612,0
actual,4h,HYPEUSDT,150,full,2,2,0,0.0,-2.057335952270612,-1.9999999999999991,-1.028667976135306,-1435.395548565086,-717.697774282543,0.0,0.0,2.057335952270612,0
actual,4h,HYPEUSDT,200,earlier,0,0,0,,0.0,0.0,,0.0,,,,0.0,0
actual,4h,HYPEUSDT,200,later,2,2,0,0.0,-2.057335952270612,-1.9999999999999991,-1.028667976135306,-1435.395548565086,-717.697774282543,0.0,0.0,2.057335952270612,0
actual,4h,HYPEUSDT,200,full,2,2,0,0.0,-2.057335952270612,-1.9999999999999991,-1.028667976135306,-1435.395548565086,-717.697774282543,0.0,0.0,2.057335952270612,0
actual,4h,JUPUSDT,0,earlier,4,4,0,0.25,-2.3473028093129553,-2.262820512820512,-0.5868257023282388,-2628.7637368865926,-657.1909342216481,0.23411181426504743,0.21722795321852578,3.064811356321503,0
actual,4h,JUPUSDT,0,later,4,4,0,0.25,-2.481607124357012,-2.3771929824561395,-0.620401781089253,-2362.726800093147,-590.6817000232868,0.19281490034886584,0.14322211012355793,3.074396598041223,0
actual,4h,JUPUSDT,0,full,8,8,0,0.25,-4.8289099336699675,-4.640013495276651,-0.6036137417087459,-4991.49053697974,-623.9363171224675,0.21343111854707852,0.1838587093450652,6.1392079543627265,0
actual,4h,JUPUSDT,20,earlier,4,4,0,0.25,-2.3473028093129553,-2.262820512820512,-0.5868257023282388,-2628.7637368865926,-657.1909342216481,0.23411181426504743,0.21722795321852578,3.064811356321503,0
actual,4h,JUPUSDT,20,later,4,4,0,0.25,-2.481607124357012,-2.3771929824561395,-0.620401781089253,-2362.726800093147,-590.6817000232868,0.19281490034886584,0.14322211012355793,3.074396598041223,0
actual,4h,JUPUSDT,20,full,8,8,0,0.25,-4.8289099336699675,-4.640013495276651,-0.6036137417087459,-4991.49053697974,-623.9363171224675,0.21343111854707852,0.1838587093450652,6.1392079543627265,0
actual,4h,JUPUSDT,30,earlier,4,4,0,0.25,-2.3473028093129553,-2.262820512820512,-0.5868257023282388,-2628.7637368865926,-657.1909342216481,0.23411181426504743,0.21722795321852578,3.064811356321503,0
actual,4h,JUPUSDT,30,later,4,4,0,0.25,-2.481607124357012,-2.3771929824561395,-0.620401781089253,-2362.726800093147,-590.6817000232868,0.19281490034886584,0.14322211012355793,3.074396598041223,0
actual,4h,JUPUSDT,30,full,8,8,0,0.25,-4.8289099336699675,-4.640013495276651,-0.6036137417087459,-4991.49053697974,-623.9363171224675,0.21343111854707852,0.1838587093450652,6.1392079543627265,0
actual,4h,JUPUSDT,50,earlier,4,4,0,0.25,-2.3473028093129553,-2.262820512820512,-0.5868257023282388,-2628.7637368865926,-657.1909342216481,0.23411181426504743,0.21722795321852578,3.064811356321503,0
actual,4h,JUPUSDT,50,later,4,4,0,0.25,-2.481607124357012,-2.3771929824561395,-0.620401781089253,-2362.726800093147,-590.6817000232868,0.19281490034886584,0.14322211012355793,3.074396598041223,0
actual,4h,JUPUSDT,50,full,8,8,0,0.25,-4.8289099336699675,-4.640013495276651,-0.6036137417087459,-4991.49053697974,-623.9363171224675,0.21343111854707852,0.1838587093450652,6.1392079543627265,0
actual,4h,JUPUSDT,60,earlier,4,4,0,0.25,-2.3473028093129553,-2.262820512820512,-0.5868257023282388,-2628.7637368865926,-657.1909342216481,0.23411181426504743,0.21722795321852578,3.064811356321503,0
actual,4h,JUPUSDT,60,later,4,4,0,0.25,-2.481607124357012,-2.3771929824561395,-0.620401781089253,-2362.726800093147,-590.6817000232868,0.19281490034886584,0.14322211012355793,3.074396598041223,0
actual,4h,JUPUSDT,60,full,8,8,0,0.25,-4.8289099336699675,-4.640013495276651,-0.6036137417087459,-4991.49053697974,-623.9363171224675,0.21343111854707852,0.1838587093450652,6.1392079543627265,0
actual,4h,JUPUSDT,90,earlier,3,3,0,0.0,-3.0648113563215036,-3.0,-1.0216037854405011,-3358.2749252420126,-1119.4249750806707,0.0,0.0,3.0648113563215036,0
actual,4h,JUPUSDT,90,later,3,3,0,0.3333333333333333,-1.4576071243570123,-1.3771929824561395,-0.48586904145233745,-1509.3934667598153,-503.1311555866051,0.2891096650523669,0.20739930923206296,2.050396598041223,0
actual,4h,JUPUSDT,90,full,6,6,0,0.16666666666666666,-4.522418480678516,-4.3771929824561395,-0.7537364134464193,-4867.668392001828,-811.278065333638,0.1158876587174964,0.07505030380451701,5.1152079543627265,0
actual,4h,JUPUSDT,120,earlier,3,3,0,0.0,-3.0648113563215036,-3.0,-1.0216037854405011,-3358.2749252420126,-1119.4249750806707,0.0,0.0,3.0648113563215036,0
actual,4h,JUPUSDT,120,later,3,3,0,0.0,-3.079839220992042,-2.999999999999999,-1.026613073664014,-2603.642782402471,-867.8809274674903,0.0,0.0,3.079839220992042,0
actual,4h,JUPUSDT,120,full,6,6,0,0.0,-6.144650577313546,-5.999999999999998,-1.0241084295522576,-5961.917707644484,-993.6529512740806,0.0,0.0,6.144650577313546,0
actual,4h,JUPUSDT,150,earlier,1,1,0,0.0,-1.0270612244897956,-0.9999999999999996,-1.0270612244897956,-759.064856711915,-759.064856711915,0.0,0.0,1.0270612244897956,0
actual,4h,JUPUSDT,150,later,2,2,0,0.0,-2.050396598041223,-1.9999999999999993,-1.0251982990206114,-1904.355477279978,-952.177738639989,0.0,0.0,2.050396598041223,0
actual,4h,JUPUSDT,150,full,3,3,0,0.0,-3.077457822531019,-2.999999999999999,-1.0258192741770065,-2663.4203339918927,-887.8067779972976,0.0,0.0,3.077457822531019,0
actual,4h,JUPUSDT,200,earlier,1,1,0,0.0,-1.0270612244897956,-0.9999999999999996,-1.0270612244897956,-759.064856711915,-759.064856711915,0.0,0.0,1.0270612244897956,0
actual,4h,JUPUSDT,200,later,2,2,0,0.0,-2.050396598041223,-1.9999999999999993,-1.0251982990206114,-1904.355477279978,-952.177738639989,0.0,0.0,2.050396598041223,0
actual,4h,JUPUSDT,200,full,3,3,0,0.0,-3.077457822531019,-2.999999999999999,-1.0258192741770065,-2663.4203339918927,-887.8067779972976,0.0,0.0,3.077457822531019,0
actual,4h,MUBARAKUSDT,0,earlier,0,0,0,,0.0,0.0,,0.0,,,,0.0,0
actual,4h,MUBARAKUSDT,0,later,3,3,0,0.3333333333333333,-1.7770569216504402,-1.7277777777777779,-0.5923523072168134,-2710.577477553837,-903.525825851279,0.12487132924364981,0.09114765068324364,2.0306235883171073,0
actual,4h,MUBARAKUSDT,0,full,3,3,0,0.3333333333333333,-1.7770569216504402,-1.7277777777777779,-0.5923523072168134,-2710.577477553837,-903.525825851279,0.12487132924364981,0.09114765068324364,2.0306235883171073,0
actual,4h,MUBARAKUSDT,20,earlier,0,0,0,,0.0,0.0,,0.0,,,,0.0,0
actual,4h,MUBARAKUSDT,20,later,3,3,0,0.3333333333333333,-1.7770569216504402,-1.7277777777777779,-0.5923523072168134,-2710.577477553837,-903.525825851279,0.12487132924364981,0.09114765068324364,2.0306235883171073,0
actual,4h,MUBARAKUSDT,20,full,3,3,0,0.3333333333333333,-1.7770569216504402,-1.7277777777777779,-0.5923523072168134,-2710.577477553837,-903.525825851279,0.12487132924364981,0.09114765068324364,2.0306235883171073,0
actual,4h,MUBARAKUSDT,30,earlier,0,0,0,,0.0,0.0,,0.0,,,,0.0,0
actual,4h,MUBARAKUSDT,30,later,3,3,0,0.3333333333333333,-1.7770569216504402,-1.7277777777777779,-0.5923523072168134,-2710.577477553837,-903.525825851279,0.12487132924364981,0.09114765068324364,2.0306235883171073,0
actual,4h,MUBARAKUSDT,30,full,3,3,0,0.3333333333333333,-1.7770569216504402,-1.7277777777777779,-0.5923523072168134,-2710.577477553837,-903.525825851279,0.12487132924364981,0.09114765068324364,2.0306235883171073,0
actual,4h,MUBARAKUSDT,50,earlier,0,0,0,,0.0,0.0,,0.0,,,,0.0,0
actual,4h,MUBARAKUSDT,50,later,2,2,0,0.0,-2.0306235883171073,-2.0000000000000004,-1.0153117941585537,-2982.4178587331103,-1491.2089293665551,0.0,0.0,2.0306235883171073,0
actual,4h,MUBARAKUSDT,50,full,2,2,0,0.0,-2.0306235883171073,-2.0000000000000004,-1.0153117941585537,-2982.4178587331103,-1491.2089293665551,0.0,0.0,2.0306235883171073,0
actual,4h,MUBARAKUSDT,60,earlier,0,0,0,,0.0,0.0,,0.0,,,,0.0,0
actual,4h,MUBARAKUSDT,60,later,2,2,0,0.0,-2.0306235883171073,-2.0000000000000004,-1.0153117941585537,-2982.4178587331103,-1491.2089293665551,0.0,0.0,2.0306235883171073,0
actual,4h,MUBARAKUSDT,60,full,2,2,0,0.0,-2.0306235883171073,-2.0000000000000004,-1.0153117941585537,-2982.4178587331103,-1491.2089293665551,0.0,0.0,2.0306235883171073,0
actual,4h,MUBARAKUSDT,90,earlier,0,0,0,,0.0,0.0,,0.0,,,,0.0,0
actual,4h,MUBARAKUSDT,90,later,2,2,0,0.0,-2.0306235883171073,-2.0000000000000004,-1.0153117941585537,-2982.4178587331103,-1491.2089293665551,0.0,0.0,2.0306235883171073,0
actual,4h,MUBARAKUSDT,90,full,2,2,0,0.0,-2.0306235883171073,-2.0000000000000004,-1.0153117941585537,-2982.4178587331103,-1491.2089293665551,0.0,0.0,2.0306235883171073,0
actual,4h,MUBARAKUSDT,120,earlier,0,0,0,,0.0,0.0,,0.0,,,,0.0,0
actual,4h,MUBARAKUSDT,120,later,1,1,0,0.0,-1.0204400000000002,-1.0000000000000002,-1.0204400000000002,-998.4735812133081,-998.4735812133081,0.0,0.0,1.0204400000000002,0
actual,4h,MUBARAKUSDT,120,full,1,1,0,0.0,-1.0204400000000002,-1.0000000000000002,-1.0204400000000002,-998.4735812133081,-998.4735812133081,0.0,0.0,1.0204400000000002,0
actual,4h,MUBARAKUSDT,150,earlier,0,0,0,,0.0,0.0,,0.0,,,,0.0,0
actual,4h,MUBARAKUSDT,150,later,1,1,0,0.0,-1.0204400000000002,-1.0000000000000002,-1.0204400000000002,-998.4735812133081,-998.4735812133081,0.0,0.0,1.0204400000000002,0
actual,4h,MUBARAKUSDT,150,full,1,1,0,0.0,-1.0204400000000002,-1.0000000000000002,-1.0204400000000002,-998.4735812133081,-998.4735812133081,0.0,0.0,1.0204400000000002,0
actual,4h,MUBARAKUSDT,200,earlier,0,0,0,,0.0,0.0,,0.0,,,,0.0,0
actual,4h,MUBARAKUSDT,200,later,1,1,0,0.0,-1.0204400000000002,-1.0000000000000002,-1.0204400000000002,-998.4735812133081,-998.4735812133081,0.0,0.0,1.0204400000000002,0
actual,4h,MUBARAKUSDT,200,full,1,1,0,0.0,-1.0204400000000002,-1.0000000000000002,-1.0204400000000002,-998.4735812133081,-998.4735812133081,0.0,0.0,1.0204400000000002,0
actual,4h,NEARUSDT,0,earlier,9,9,0,0.2222222222222222,-3.8638149874081016,-3.683024813676507,-0.42931277637867793,-3299.9773589757597,-366.6641509973066,0.41689200675087923,0.50228284725529,3.8638149874081016,0
actual,4h,NEARUSDT,0,later,3,3,0,1.0,1.5092037528604199,1.6179405034325025,0.5030679176201399,696.971476866457,232.32382562215233,,,0.0,0
actual,4h,NEARUSDT,0,full,12,12,0,0.4166666666666667,-2.354611234547682,-2.0650843102440044,-0.1962176028789735,-2603.0058821093025,-216.9171568424419,0.6446536295517723,0.6074031621164553,3.8638149874081016,0
actual,4h,NEARUSDT,20,earlier,9,9,0,0.2222222222222222,-3.8638149874081016,-3.683024813676507,-0.42931277637867793,-3299.9773589757597,-366.6641509973066,0.41689200675087923,0.50228284725529,3.8638149874081016,0
actual,4h,NEARUSDT,20,later,3,3,0,1.0,1.5092037528604199,1.6179405034325025,0.5030679176201399,696.971476866457,232.32382562215233,,,0.0,0
actual,4h,NEARUSDT,20,full,12,12,0,0.4166666666666667,-2.354611234547682,-2.0650843102440044,-0.1962176028789735,-2603.0058821093025,-216.9171568424419,0.6446536295517723,0.6074031621164553,3.8638149874081016,0
actual,4h,NEARUSDT,30,earlier,9,9,0,0.2222222222222222,-3.8638149874081016,-3.683024813676507,-0.42931277637867793,-3299.9773589757597,-366.6641509973066,0.41689200675087923,0.50228284725529,3.8638149874081016,0
actual,4h,NEARUSDT,30,later,3,3,0,1.0,0.9449837528604118,1.0354405034324943,0.31499458428680394,609.037745976924,203.01258199230801,,,0.0,0
actual,4h,NEARUSDT,30,full,12,12,0,0.4166666666666667,-2.9188312345476897,-2.647584310244013,-0.24323593621230746,-2690.9396129988354,-224.24496774990297,0.5595043164963556,0.5941406086478637,3.8638149874081016,0
actual,4h,NEARUSDT,50,earlier,8,8,0,0.25,-2.8442752384541263,-2.6830248136765062,-0.3555344048067658,-2256.4227551213708,-282.05284439017134,0.49270090694013996,0.5961060761212037,2.8442752384541263,0
actual,4h,NEARUSDT,50,later,3,3,0,0.6666666666666666,0.2802546845374373,0.38315789473684925,0.09341822817914576,-357.785975290556,-119.26199176351868,1.2740885435150064,0.6064010877943422,1.0224968944099382,0
actual,4h,NEARUSDT,50,full,11,11,0,0.36363636363636365,-2.5640205539166887,-2.2998669189396574,-0.23309277762878988,-2614.208730411927,-237.65533912835699,0.6132232128339984,0.5975467690492375,3.7333405539166966,0
actual,4h,NEARUSDT,60,earlier,8,8,0,0.25,-2.8442752384541263,-2.6830248136765062,-0.3555344048067658,-2256.4227551213708,-282.05284439017134,0.49270090694013996,0.5961060761212037,2.8442752384541263,0
actual,4h,NEARUSDT,60,later,3,3,0,0.6666666666666666,0.2802546845374373,0.38315789473684925,0.09341822817914576,-357.785975290556,-119.26199176351868,1.2740885435150064,0.6064010877943422,1.0224968944099382,0
actual,4h,NEARUSDT,60,full,11,11,0,0.36363636363636365,-2.5640205539166887,-2.2998669189396574,-0.23309277762878988,-2614.208730411927,-237.65533912835699,0.6132232128339984,0.5975467690492375,3.7333405539166966,0
actual,4h,NEARUSDT,90,earlier,7,7,0,0.14285714285714285,-3.6740653815383872,-3.527221951991293,-0.5248664830769124,-3408.349482113205,-486.907068873315,0.34470124033774524,0.3899141270595285,3.6740653815383872,0
actual,4h,NEARUSDT,90,later,1,1,0,1.0,0.1334315789473678,0.1631578947368415,0.1334315789473678,89.77337110481501,89.77337110481501,,,0.0,0
actual,4h,NEARUSDT,90,full,8,8,0,0.25,-3.54063380259102,-3.364064057254451,-0.4425792253238775,-3318.57611100839,-414.82201387604874,0.36849982286252736,0.40598333174781426,3.6740653815383872,0
actual,4h,NEARUSDT,120,earlier,7,7,0,0.14285714285714285,-3.6740653815383872,-3.527221951991293,-0.5248664830769124,-3408.349482113205,-486.907068873315,0.34470124033774524,0.3899141270595285,3.6740653815383872,0
actual,4h,NEARUSDT,120,later,1,1,0,1.0,0.1334315789473678,0.1631578947368415,0.1334315789473678,89.77337110481501,89.77337110481501,,,0.0,0
actual,4h,NEARUSDT,120,full,8,8,0,0.25,-3.54063380259102,-3.364064057254451,-0.4425792253238775,-3318.57611100839,-414.82201387604874,0.36849982286252736,0.40598333174781426,3.6740653815383872,0
actual,4h,NEARUSDT,150,earlier,7,7,0,0.14285714285714285,-3.6740653815383872,-3.527221951991293,-0.5248664830769124,-3408.349482113205,-486.907068873315,0.34470124033774524,0.3899141270595285,3.6740653815383872,0
actual,4h,NEARUSDT,150,later,1,1,0,1.0,0.1334315789473678,0.1631578947368415,0.1334315789473678,89.77337110481501,89.77337110481501,,,0.0,0
actual,4h,NEARUSDT,150,full,8,8,0,0.25,-3.54063380259102,-3.364064057254451,-0.4425792253238775,-3318.57611100839,-414.82201387604874,0.36849982286252736,0.40598333174781426,3.6740653815383872,0
actual,4h,NEARUSDT,200,earlier,7,7,0,0.14285714285714285,-3.6740653815383872,-3.527221951991293,-0.5248664830769124,-3408.349482113205,-486.907068873315,0.34470124033774524,0.3899141270595285,3.6740653815383872,0
actual,4h,NEARUSDT,200,later,1,1,0,1.0,0.1334315789473678,0.1631578947368415,0.1334315789473678,89.77337110481501,89.77337110481501,,,0.0,0
actual,4h,NEARUSDT,200,full,8,8,0,0.25,-3.54063380259102,-3.364064057254451,-0.4425792253238775,-3318.57611100839,-414.82201387604874,0.36849982286252736,0.40598333174781426,3.6740653815383872,0
actual,4h,ONEUSDT,0,earlier,5,5,0,0.0,-3.3319938404744454,-3.2372152952576583,-0.6663987680948891,-3756.250459463901,-751.2500918927801,0.0,0.0,3.3319938404744454,0
actual,4h,ONEUSDT,0,later,7,7,0,0.0,-7.216791134561692,-6.999999999999999,-1.0309701620802418,-5022.177592630553,-717.4539418043646,0.0,0.0,7.216791134561692,0
actual,4h,ONEUSDT,0,full,12,12,0,0.0,-10.548784975036137,-10.23721529525766,-0.8790654145863447,-8778.428052094452,-731.5356710078711,0.0,0.0,10.548784975036137,0
actual,4h,ONEUSDT,20,earlier,5,5,0,0.0,-3.3319938404744454,-3.2372152952576583,-0.6663987680948891,-3756.250459463901,-751.2500918927801,0.0,0.0,3.3319938404744454,0
actual,4h,ONEUSDT,20,later,7,7,0,0.0,-7.216791134561692,-6.999999999999999,-1.0309701620802418,-5022.177592630553,-717.4539418043646,0.0,0.0,7.216791134561692,0
actual,4h,ONEUSDT,20,full,12,12,0,0.0,-10.548784975036137,-10.23721529525766,-0.8790654145863447,-8778.428052094452,-731.5356710078711,0.0,0.0,10.548784975036137,0
actual,4h,ONEUSDT,30,earlier,5,5,0,0.0,-3.3319938404744454,-3.2372152952576583,-0.6663987680948891,-3756.250459463901,-751.2500918927801,0.0,0.0,3.3319938404744454,0
actual,4h,ONEUSDT,30,later,7,7,0,0.0,-7.216791134561692,-6.999999999999999,-1.0309701620802418,-5022.177592630553,-717.4539418043646,0.0,0.0,7.216791134561692,0
actual,4h,ONEUSDT,30,full,12,12,0,0.0,-10.548784975036137,-10.23721529525766,-0.8790654145863447,-8778.428052094452,-731.5356710078711,0.0,0.0,10.548784975036137,0
actual,4h,ONEUSDT,50,earlier,4,4,0,0.0,-2.317778760128339,-2.2372152952576574,-0.5794446900320848,-2329.2939377247685,-582.3234844311921,0.0,0.0,2.317778760128339,0
actual,4h,ONEUSDT,50,later,6,6,0,0.0,-6.183696672020975,-5.999999999999999,-1.0306161120034958,-4397.846883969132,-732.9744806615221,0.0,0.0,6.183696672020975,0
actual,4h,ONEUSDT,50,full,10,10,0,0.0,-8.501475432149313,-8.237215295257657,-0.8501475432149312,-6727.140821693903,-672.7140821693903,0.0,0.0,8.501475432149315,0
actual,4h,ONEUSDT,60,earlier,4,4,0,0.0,-2.317778760128339,-2.2372152952576574,-0.5794446900320848,-2329.2939377247685,-582.3234844311921,0.0,0.0,2.317778760128339,0
actual,4h,ONEUSDT,60,later,6,6,0,0.0,-6.183696672020975,-5.999999999999999,-1.0306161120034958,-4397.846883969132,-732.9744806615221,0.0,0.0,6.183696672020975,0
actual,4h,ONEUSDT,60,full,10,10,0,0.0,-8.501475432149313,-8.237215295257657,-0.8501475432149312,-6727.140821693903,-672.7140821693903,0.0,0.0,8.501475432149315,0
actual,4h,ONEUSDT,90,earlier,4,4,0,0.0,-2.317778760128339,-2.2372152952576574,-0.5794446900320848,-2329.2939377247685,-582.3234844311921,0.0,0.0,2.317778760128339,0
actual,4h,ONEUSDT,90,later,4,4,0,0.0,-4.115999596436744,-4.000000000000001,-1.028999899109186,-3091.942502176467,-772.9856255441167,0.0,0.0,4.115999596436744,0
actual,4h,ONEUSDT,90,full,8,8,0,0.0,-6.433778356565083,-6.237215295257658,-0.8042222945706353,-5421.236439901236,-677.6545549876545,0.0,0.0,6.4337783565650835,0
actual,4h,ONEUSDT,120,earlier,4,4,0,0.0,-2.317778760128339,-2.2372152952576574,-0.5794446900320848,-2329.2939377247685,-582.3234844311921,0.0,0.0,2.317778760128339,0
actual,4h,ONEUSDT,120,later,3,3,0,0.0,-3.072683452049596,-3.0000000000000004,-1.0242278173498653,-2610.2208904548556,-870.0736301516187,0.0,0.0,3.072683452049596,0
actual,4h,ONEUSDT,120,full,7,7,0,0.0,-5.390462212177935,-5.237215295257658,-0.7700660303111336,-4939.514828179625,-705.644975454232,0.0,0.0,5.390462212177935,0
actual,4h,ONEUSDT,150,earlier,4,4,0,0.0,-2.317778760128339,-2.2372152952576574,-0.5794446900320848,-2329.2939377247685,-582.3234844311921,0.0,0.0,2.317778760128339,0
actual,4h,ONEUSDT,150,later,2,2,0,0.0,-2.042432461296623,-2.0,-1.0212162306483115,-1929.085519275816,-964.542759637908,0.0,0.0,2.042432461296623,0
actual,4h,ONEUSDT,150,full,6,6,0,0.0,-4.3602112214249615,-4.237215295257657,-0.7267018702374936,-4258.379457000585,-709.7299095000974,0.0,0.0,4.3602112214249615,0
actual,4h,ONEUSDT,200,earlier,3,3,0,0.0,-1.2932656572426444,-1.237215295257657,-0.4310885524142148,-1493.4037546964828,-497.8012515654943,0.0,0.0,1.2932656572426444,0
actual,4h,ONEUSDT,200,later,2,2,0,0.0,-2.042432461296623,-2.0,-1.0212162306483115,-1929.085519275816,-964.542759637908,0.0,0.0,2.042432461296623,0
actual,4h,ONEUSDT,200,full,5,5,0,0.0,-3.3356981185392676,-3.237215295257657,-0.6671396237078535,-3422.489273972299,-684.4978547944598,0.0,0.0,3.3356981185392676,0
actual,4h,OPUSDT,0,earlier,6,6,0,0.16666666666666666,-2.931442848183017,-2.7905138339920885,-0.4885738080305028,-3337.7081194758107,-556.2846865793017,0.42671154099193764,0.3218605096761009,3.0756047085515217,0
actual,4h,OPUSDT,0,later,1,1,0,0.0,-1.0269566661132328,-1.0,-1.0269566661132328,-761.9315102241909,-761.9315102241909,0.0,0.0,1.0269566661132328,0
actual,4h,OPUSDT,0,full,7,7,0,0.14285714285714285,-3.9583995142962496,-3.7905138339920885,-0.5654856448994642,-4099.639629700002,-585.6628042428574,0.35534507568733326,0.2787140232589746,3.9583995142962496,0
actual,4h,OPUSDT,20,earlier,6,6,0,0.16666666666666666,-2.931442848183017,-2.7905138339920885,-0.4885738080305028,-3337.7081194758107,-556.2846865793017,0.42671154099193764,0.3218605096761009,3.0756047085515217,0
actual,4h,OPUSDT,20,later,1,1,0,0.0,-1.0269566661132328,-1.0,-1.0269566661132328,-761.9315102241909,-761.9315102241909,0.0,0.0,1.0269566661132328,0
actual,4h,OPUSDT,20,full,7,7,0,0.14285714285714285,-3.9583995142962496,-3.7905138339920885,-0.5654856448994642,-4099.639629700002,-585.6628042428574,0.35534507568733326,0.2787140232589746,3.9583995142962496,0
actual,4h,OPUSDT,30,earlier,6,6,0,0.16666666666666666,-2.931442848183017,-2.7905138339920885,-0.4885738080305028,-3337.7081194758107,-556.2846865793017,0.42671154099193764,0.3218605096761009,3.0756047085515217,0
actual,4h,OPUSDT,30,later,1,1,0,0.0,-1.0269566661132328,-1.0,-1.0269566661132328,-761.9315102241909,-761.9315102241909,0.0,0.0,1.0269566661132328,0
actual,4h,OPUSDT,30,full,7,7,0,0.14285714285714285,-3.9583995142962496,-3.7905138339920885,-0.5654856448994642,-4099.639629700002,-585.6628042428574,0.35534507568733326,0.2787140232589746,3.9583995142962496,0
actual,4h,OPUSDT,50,earlier,5,5,0,0.0,-5.113381932116989,-4.999999999999997,-1.0226763864233979,-4921.860719070681,-984.3721438141362,0.0,0.0,5.113381932116989,0
actual,4h,OPUSDT,50,later,1,1,0,0.0,-1.0269566661132328,-1.0,-1.0269566661132328,-761.9315102241909,-761.9315102241909,0.0,0.0,1.0269566661132328,0
actual,4h,OPUSDT,50,full,6,6,0,0.0,-6.1403385982302225,-5.999999999999997,-1.0233897663717038,-5683.7922292948715,-947.2987048824787,0.0,0.0,6.1403385982302225,0
actual,4h,OPUSDT,60,earlier,5,5,0,0.0,-5.113381932116989,-4.999999999999997,-1.0226763864233979,-4921.860719070681,-984.3721438141362,0.0,0.0,5.113381932116989,0
actual,4h,OPUSDT,60,later,1,1,0,0.0,-1.0269566661132328,-1.0,-1.0269566661132328,-761.9315102241909,-761.9315102241909,0.0,0.0,1.0269566661132328,0
actual,4h,OPUSDT,60,full,6,6,0,0.0,-6.1403385982302225,-5.999999999999997,-1.0233897663717038,-5683.7922292948715,-947.2987048824787,0.0,0.0,6.1403385982302225,0
actual,4h,OPUSDT,90,earlier,4,4,0,0.0,-4.0948531074134555,-3.9999999999999982,-1.0237132768533639,-3822.461441458363,-955.6153603645907,0.0,0.0,4.0948531074134555,0
actual,4h,OPUSDT,90,later,1,1,0,0.0,-1.0269566661132328,-1.0,-1.0269566661132328,-761.9315102241909,-761.9315102241909,0.0,0.0,1.0269566661132328,0
actual,4h,OPUSDT,90,full,5,5,0,0.0,-5.121809773526689,-4.999999999999998,-1.0243619547053378,-4584.392951682554,-916.8785903365108,0.0,0.0,5.121809773526689,0
actual,4h,OPUSDT,120,earlier,5,5,0,0.0,-5.113381932116989,-4.999999999999997,-1.0226763864233979,-4921.860719070681,-984.3721438141362,0.0,0.0,5.113381932116989,0
actual,4h,OPUSDT,120,later,1,1,0,0.0,-1.0269566661132328,-1.0,-1.0269566661132328,-761.9315102241909,-761.9315102241909,0.0,0.0,1.0269566661132328,0
actual,4h,OPUSDT,120,full,6,6,0,0.0,-6.1403385982302225,-5.999999999999997,-1.0233897663717038,-5683.7922292948715,-947.2987048824787,0.0,0.0,6.1403385982302225,0
actual,4h,OPUSDT,150,earlier,5,5,0,0.0,-5.113381932116989,-4.999999999999997,-1.0226763864233979,-4921.860719070681,-984.3721438141362,0.0,0.0,5.113381932116989,0
actual,4h,OPUSDT,150,later,1,1,0,0.0,-1.0269566661132328,-1.0,-1.0269566661132328,-761.9315102241909,-761.9315102241909,0.0,0.0,1.0269566661132328,0
actual,4h,OPUSDT,150,full,6,6,0,0.0,-6.1403385982302225,-5.999999999999997,-1.0233897663717038,-5683.7922292948715,-947.2987048824787,0.0,0.0,6.1403385982302225,0
actual,4h,OPUSDT,200,earlier,4,4,0,0.0,-4.090034198542935,-3.9999999999999973,-1.0225085496357338,-4045.2465240969177,-1011.3116310242294,0.0,0.0,4.090034198542935,0
actual,4h,OPUSDT,200,later,1,1,0,0.0,-1.0269566661132328,-1.0,-1.0269566661132328,-761.9315102241909,-761.9315102241909,0.0,0.0,1.0269566661132328,0
actual,4h,OPUSDT,200,full,5,5,0,0.0,-5.116990864656168,-4.999999999999997,-1.0233981729312336,-4807.1780343211085,-961.4356068642218,0.0,0.0,5.116990864656168,0
actual,4h,PENDLEUSDT,0,earlier,5,5,0,0.6,4.391922599271567,4.485688590806692,0.8783845198543133,3634.52809974019,726.9056199480381,3.4725691847428766,2.708342810481676,1.01443126150361,0
actual,4h,PENDLEUSDT,0,later,5,5,0,0.2,-1.6461985628443676,-1.4924842088430472,-0.3292397125688735,-760.1424878572429,-152.0284975714486,0.5192044585829164,0.6487578757977033,3.4239056335514406,0
actual,4h,PENDLEUSDT,0,full,10,10,0,0.4,2.7457240364272,2.9932043819636456,0.27457240364272,2874.385611882947,287.43856118829467,1.528007163737475,1.6697589073496377,3.660699345754274,0
actual,4h,PENDLEUSDT,20,earlier,5,5,0,0.6,4.391922599271567,4.485688590806692,0.8783845198543133,3634.52809974019,726.9056199480381,3.4725691847428766,2.708342810481676,1.01443126150361,0
actual,4h,PENDLEUSDT,20,later,5,5,0,0.2,-1.6461985628443676,-1.4924842088430472,-0.3292397125688735,-760.1424878572429,-152.0284975714486,0.5192044585829164,0.6487578757977033,3.4239056335514406,0
actual,4h,PENDLEUSDT,20,full,10,10,0,0.4,2.7457240364272,2.9932043819636456,0.27457240364272,2874.385611882947,287.43856118829467,1.528007163737475,1.6697589073496377,3.660699345754274,0
actual,4h,PENDLEUSDT,30,earlier,5,5,0,0.6,4.391922599271567,4.485688590806692,0.8783845198543133,3634.52809974019,726.9056199480381,3.4725691847428766,2.708342810481676,1.01443126150361,0
actual,4h,PENDLEUSDT,30,later,4,4,0,0.0,-3.4239056335514406,-3.2955145118733524,-0.8559764083878602,-2164.155252117316,-541.038813029329,0.0,0.0,3.4239056335514406,0
actual,4h,PENDLEUSDT,30,full,9,9,0,0.3333333333333333,0.9680169657201272,1.1901740789333404,0.10755744063556968,1470.3728476228741,163.37476084698602,1.1861512248640698,1.342610715747131,3.660699345754274,0
actual,4h,PENDLEUSDT,50,earlier,4,4,0,0.5,3.8668888432437054,3.946306558300888,0.9667222108109264,2902.68583724268,725.67145931067,3.1769851308891925,2.364353870725333,1.01443126150361,0
actual,4h,PENDLEUSDT,50,later,5,5,0,0.2,-2.351969664152634,-2.1969696969696955,-0.47039393283052683,-1156.817677897261,-231.36353557945222,0.43047124141726917,0.5482646336698821,4.129676734859707,0
actual,4h,PENDLEUSDT,50,full,9,9,0,0.3333333333333333,1.5149191790910708,1.7493368613311928,0.16832435323234118,1745.868159345419,193.9853510383799,1.2565079127892584,1.3723845640798062,4.891504203090403,0
actual,4h,PENDLEUSDT,60,earlier,3,3,0,0.3333333333333333,0.16879199284999669,0.22386561341899092,0.05626399761666556,-135.5022146381632,-45.16740487938774,1.0950266929160961,0.9363096864767675,1.0144312615036102,0
actual,4h,PENDLEUSDT,60,later,3,3,0,0.3333333333333333,-0.28775696775791326,-0.19696969696969568,-0.09591898925263775,138.89604127381494,46.29868042460498,0.8606816858589469,1.1097891117476941,2.0654640384649863,0
actual,4h,PENDLEUSDT,60,full,6,6,0,0.3333333333333333,-0.11896497490791624,0.026895916449295454,-0.01982749581798604,3.3938266356520197,0.56563777260867,0.9690334305503054,1.0010003516653074,2.8272915066956803,0
actual,4h,PENDLEUSDT,90,earlier,3,3,0,0.3333333333333333,0.16879199284999669,0.22386561341899092,0.05626399761666556,-135.5022146381632,-45.16740487938774,1.0950266929160961,0.9363096864767675,1.0144312615036102,0
actual,4h,PENDLEUSDT,90,later,4,4,0,0.25,-1.308903249386796,-1.1969696969696957,-0.327225812346699,-744.450735216734,-186.1126838041835,0.5759415301420394,0.6534962146678208,3.086610320093869,0
actual,4h,PENDLEUSDT,90,full,7,7,0,0.2857142857142857,-1.1401112565367995,-0.9731040835507045,-0.1628730366481142,-879.9529498548969,-125.70756426498528,0.7655476129719997,0.7942102442575856,3.8484377883245635,0
actual,4h,PENDLEUSDT,120,earlier,3,3,0,0.3333333333333333,0.16879199284999669,0.22386561341899092,0.05626399761666556,-135.5022146381632,-45.16740487938774,1.0950266929160961,0.9363096864767675,1.0144312615036102,0
actual,4h,PENDLEUSDT,120,later,4,4,0,0.25,-1.308903249386796,-1.1969696969696957,-0.327225812346699,-744.450735216734,-186.1126838041835,0.5759415301420394,0.6534962146678208,3.086610320093869,0
actual,4h,PENDLEUSDT,120,full,7,7,0,0.2857142857142857,-1.1401112565367995,-0.9731040835507045,-0.1628730366481142,-879.9529498548969,-125.70756426498528,0.7655476129719997,0.7942102442575856,3.8484377883245635,0
actual,4h,PENDLEUSDT,150,earlier,2,2,0,0.0,-1.3346294940456314,-1.305666262346214,-0.6673147470228157,-1846.5613319191482,-923.2806659595741,0.0,0.0,1.3346294940456314,0
actual,4h,PENDLEUSDT,150,later,4,4,0,0.25,-1.308903249386796,-1.1969696969696957,-0.327225812346699,-744.450735216734,-186.1126838041835,0.5759415301420394,0.6534962146678208,3.086610320093869,0
actual,4h,PENDLEUSDT,150,full,6,6,0,0.16666666666666666,-2.6435327434324276,-2.502635959315909,-0.4405887905720713,-2591.0120671358823,-431.835344522647,0.4020833850771484,0.3514403097638515,4.421239814139501,0
actual,4h,PENDLEUSDT,200,earlier,2,2,0,0.0,-1.3346294940456314,-1.305666262346214,-0.6673147470228157,-1846.5613319191482,-923.2806659595741,0.0,0.0,1.3346294940456314,0
actual,4h,PENDLEUSDT,200,later,3,3,0,0.3333333333333333,-0.2826481350666987,-0.19696969696969435,-0.09421604502223291,37.305612752834286,12.43520425094476,0.8628158221093971,1.027295981228819,2.0603552057737717,0
actual,4h,PENDLEUSDT,200,full,5,5,0,0.2,-1.6172776291123303,-1.5026359593159084,-0.32345552582246606,-1809.2557191663138,-361.85114383326277,0.5236274174671945,0.436942251013815,3.3949846998194033,0
actual,4h,PIEVERSEUSDT,0,earlier,0,0,0,,0.0,0.0,,0.0,,,,0.0,0
actual,4h,PIEVERSEUSDT,0,later,2,2,0,0.0,-2.0448067390275253,-2.000000000000001,-1.0224033695137626,-1887.9490392244911,-943.9745196122456,0.0,0.0,2.0448067390275253,0
actual,4h,PIEVERSEUSDT,0,full,2,2,0,0.0,-2.0448067390275253,-2.000000000000001,-1.0224033695137626,-1887.9490392244911,-943.9745196122456,0.0,0.0,2.0448067390275253,0
actual,4h,PIEVERSEUSDT,20,earlier,0,0,0,,0.0,0.0,,0.0,,,,0.0,0
actual,4h,PIEVERSEUSDT,20,later,2,2,0,0.0,-2.0448067390275253,-2.000000000000001,-1.0224033695137626,-1887.9490392244911,-943.9745196122456,0.0,0.0,2.0448067390275253,0
actual,4h,PIEVERSEUSDT,20,full,2,2,0,0.0,-2.0448067390275253,-2.000000000000001,-1.0224033695137626,-1887.9490392244911,-943.9745196122456,0.0,0.0,2.0448067390275253,0
actual,4h,PIEVERSEUSDT,30,earlier,0,0,0,,0.0,0.0,,0.0,,,,0.0,0
actual,4h,PIEVERSEUSDT,30,later,2,2,0,0.0,-2.0448067390275253,-2.000000000000001,-1.0224033695137626,-1887.9490392244911,-943.9745196122456,0.0,0.0,2.0448067390275253,0
actual,4h,PIEVERSEUSDT,30,full,2,2,0,0.0,-2.0448067390275253,-2.000000000000001,-1.0224033695137626,-1887.9490392244911,-943.9745196122456,0.0,0.0,2.0448067390275253,0
actual,4h,PIEVERSEUSDT,50,earlier,0,0,0,,0.0,0.0,,0.0,,,,0.0,0
actual,4h,PIEVERSEUSDT,50,later,1,1,0,0.0,-1.0265235849056604,-1.0,-1.0265235849056604,-774.045882980615,-774.045882980615,0.0,0.0,1.0265235849056604,0
actual,4h,PIEVERSEUSDT,50,full,1,1,0,0.0,-1.0265235849056604,-1.0,-1.0265235849056604,-774.045882980615,-774.045882980615,0.0,0.0,1.0265235849056604,0
actual,4h,PIEVERSEUSDT,60,earlier,0,0,0,,0.0,0.0,,0.0,,,,0.0,0
actual,4h,PIEVERSEUSDT,60,later,1,1,0,0.0,-1.0265235849056604,-1.0,-1.0265235849056604,-774.045882980615,-774.045882980615,0.0,0.0,1.0265235849056604,0
actual,4h,PIEVERSEUSDT,60,full,1,1,0,0.0,-1.0265235849056604,-1.0,-1.0265235849056604,-774.045882980615,-774.045882980615,0.0,0.0,1.0265235849056604,0
actual,4h,PIEVERSEUSDT,90,earlier,0,0,0,,0.0,0.0,,0.0,,,,0.0,0
actual,4h,PIEVERSEUSDT,90,later,1,1,0,0.0,-1.0265235849056604,-1.0,-1.0265235849056604,-774.045882980615,-774.045882980615,0.0,0.0,1.0265235849056604,0
actual,4h,PIEVERSEUSDT,90,full,1,1,0,0.0,-1.0265235849056604,-1.0,-1.0265235849056604,-774.045882980615,-774.045882980615,0.0,0.0,1.0265235849056604,0
actual,4h,PIEVERSEUSDT,120,earlier,0,0,0,,0.0,0.0,,0.0,,,,0.0,0
actual,4h,PIEVERSEUSDT,120,later,2,2,0,0.0,-2.0448067390275253,-2.000000000000001,-1.0224033695137626,-1887.9490392244911,-943.9745196122456,0.0,0.0,2.0448067390275253,0
actual,4h,PIEVERSEUSDT,120,full,2,2,0,0.0,-2.0448067390275253,-2.000000000000001,-1.0224033695137626,-1887.9490392244911,-943.9745196122456,0.0,0.0,2.0448067390275253,0
actual,4h,PUMPUSDT,0,earlier,0,0,0,,0.0,0.0,,0.0,,,,0.0,0
actual,4h,PUMPUSDT,0,later,2,2,0,0.5,0.2912291793313062,0.3212765957446799,0.1456145896656531,236.565874730022,118.282937365011,1.2871273599041044,1.166595686429593,1.014285714285715,0
actual,4h,PUMPUSDT,0,full,2,2,0,0.5,0.2912291793313062,0.3212765957446799,0.1456145896656531,236.565874730022,118.282937365011,1.2871273599041044,1.166595686429593,1.014285714285715,0
actual,4h,PUMPUSDT,20,earlier,0,0,0,,0.0,0.0,,0.0,,,,0.0,0
actual,4h,PUMPUSDT,20,later,2,2,0,0.5,0.2912291793313062,0.3212765957446799,0.1456145896656531,236.565874730022,118.282937365011,1.2871273599041044,1.166595686429593,1.014285714285715,0
actual,4h,PUMPUSDT,20,full,2,2,0,0.5,0.2912291793313062,0.3212765957446799,0.1456145896656531,236.565874730022,118.282937365011,1.2871273599041044,1.166595686429593,1.014285714285715,0
actual,4h,PUMPUSDT,30,earlier,0,0,0,,0.0,0.0,,0.0,,,,0.0,0
actual,4h,PUMPUSDT,30,later,2,2,0,0.5,0.2912291793313062,0.3212765957446799,0.1456145896656531,236.565874730022,118.282937365011,1.2871273599041044,1.166595686429593,1.014285714285715,0
actual,4h,PUMPUSDT,30,full,2,2,0,0.5,0.2912291793313062,0.3212765957446799,0.1456145896656531,236.565874730022,118.282937365011,1.2871273599041044,1.166595686429593,1.014285714285715,0
actual,4h,PUMPUSDT,50,earlier,0,0,0,,0.0,0.0,,0.0,,,,0.0,0
actual,4h,PUMPUSDT,50,later,2,2,0,0.5,0.2912291793313062,0.3212765957446799,0.1456145896656531,236.565874730022,118.282937365011,1.2871273599041044,1.166595686429593,1.014285714285715,0
actual,4h,PUMPUSDT,50,full,2,2,0,0.5,0.2912291793313062,0.3212765957446799,0.1456145896656531,236.565874730022,118.282937365011,1.2871273599041044,1.166595686429593,1.014285714285715,0
actual,4h,PUMPUSDT,60,earlier,0,0,0,,0.0,0.0,,0.0,,,,0.0,0
actual,4h,PUMPUSDT,60,later,2,2,0,0.5,0.2912291793313062,0.3212765957446799,0.1456145896656531,236.565874730022,118.282937365011,1.2871273599041044,1.166595686429593,1.014285714285715,0
actual,4h,PUMPUSDT,60,full,2,2,0,0.5,0.2912291793313062,0.3212765957446799,0.1456145896656531,236.565874730022,118.282937365011,1.2871273599041044,1.166595686429593,1.014285714285715,0
actual,4h,PUMPUSDT,90,earlier,0,0,0,,0.0,0.0,,0.0,,,,0.0,0
actual,4h,PUMPUSDT,90,later,2,2,0,0.5,0.2912291793313062,0.3212765957446799,0.1456145896656531,236.565874730022,118.282937365011,1.2871273599041044,1.166595686429593,1.014285714285715,0
actual,4h,PUMPUSDT,90,full,2,2,0,0.5,0.2912291793313062,0.3212765957446799,0.1456145896656531,236.565874730022,118.282937365011,1.2871273599041044,1.166595686429593,1.014285714285715,0
actual,4h,PUMPUSDT,120,earlier,0,0,0,,0.0,0.0,,0.0,,,,0.0,0
actual,4h,PUMPUSDT,120,later,2,2,0,0.5,0.2912291793313062,0.3212765957446799,0.1456145896656531,236.565874730022,118.282937365011,1.2871273599041044,1.166595686429593,1.014285714285715,0
actual,4h,PUMPUSDT,120,full,2,2,0,0.5,0.2912291793313062,0.3212765957446799,0.1456145896656531,236.565874730022,118.282937365011,1.2871273599041044,1.166595686429593,1.014285714285715,0
actual,4h,PUMPUSDT,150,earlier,0,0,0,,0.0,0.0,,0.0,,,,0.0,0
actual,4h,PUMPUSDT,150,later,1,1,0,0.0,-1.014285714285715,-1.0000000000000009,-1.014285714285715,-1419.999999999999,-1419.999999999999,0.0,0.0,1.014285714285715,0
actual,4h,PUMPUSDT,150,full,1,1,0,0.0,-1.014285714285715,-1.0000000000000009,-1.014285714285715,-1419.999999999999,-1419.999999999999,0.0,0.0,1.014285714285715,0
actual,4h,PUMPUSDT,200,earlier,0,0,0,,0.0,0.0,,0.0,,,,0.0,0
actual,4h,PUMPUSDT,200,later,1,1,0,0.0,-1.014285714285715,-1.0000000000000009,-1.014285714285715,-1419.999999999999,-1419.999999999999,0.0,0.0,1.014285714285715,0
actual,4h,PUMPUSDT,200,full,1,1,0,0.0,-1.014285714285715,-1.0000000000000009,-1.014285714285715,-1419.999999999999,-1419.999999999999,0.0,0.0,1.014285714285715,0
actual,4h,SOLUSDT,0,earlier,6,6,0,0.5,1.5612202047175596,1.748276537790505,0.2602033674529266,-500.89106042158215,-83.48184340359703,1.5069054954631367,0.8219754426722302,3.0799038848279663,0
actual,4h,SOLUSDT,0,later,4,3,1,0.3333333333333333,-0.8903230640900635,-0.8231345210431207,-0.29677435469668784,974.8784172248583,324.9594724082861,0.5672787419740513,1.679839929108344,2.057497863986783,0
actual,4h,SOLUSDT,0,full,10,9,1,0.4444444444444444,0.6708971406274964,0.9251420167473838,0.0745441267363885,473.9873568032761,52.66526186703068,1.1305907486760753,1.1115897453666763,3.0799038848279663,0
actual,4h,SOLUSDT,20,earlier,6,6,0,0.5,1.5612202047175596,1.748276537790505,0.2602033674529266,-500.89106042158215,-83.48184340359703,1.5069054954631367,0.8219754426722302,3.0799038848279663,0
actual,4h,SOLUSDT,20,later,4,3,1,0.3333333333333333,-0.8903230640900635,-0.8231345210431207,-0.29677435469668784,974.8784172248583,324.9594724082861,0.5672787419740513,1.679839929108344,2.057497863986783,0
actual,4h,SOLUSDT,20,full,10,9,1,0.4444444444444444,0.6708971406274964,0.9251420167473838,0.0745441267363885,473.9873568032761,52.66526186703068,1.1305907486760753,1.1115897453666763,3.0799038848279663,0
actual,4h,SOLUSDT,30,earlier,6,6,0,0.5,1.5612202047175596,1.748276537790505,0.2602033674529266,-500.89106042158215,-83.48184340359703,1.5069054954631367,0.8219754426722302,3.0799038848279663,0
actual,4h,SOLUSDT,30,later,4,3,1,0.3333333333333333,-0.8903230640900635,-0.8231345210431207,-0.29677435469668784,974.8784172248583,324.9594724082861,0.5672787419740513,1.679839929108344,2.057497863986783,0
actual,4h,SOLUSDT,30,full,10,9,1,0.4444444444444444,0.6708971406274964,0.9251420167473838,0.0745441267363885,473.9873568032761,52.66526186703068,1.1305907486760753,1.1115897453666763,3.0799038848279663,0
actual,4h,SOLUSDT,50,earlier,5,5,0,0.6,2.5959713060391456,2.748276537790505,0.5191942612078291,94.63026809461289,18.926053618922577,2.2693287890151645,1.0426630443279652,2.04515278350638,0
actual,4h,SOLUSDT,50,later,4,3,1,0.3333333333333333,-0.8903230640900635,-0.8231345210431207,-0.29677435469668784,974.8784172248583,324.9594724082861,0.5672787419740513,1.679839929108344,2.057497863986783,0
actual,4h,SOLUSDT,50,full,9,8,1,0.5,1.7056482419490822,1.9251420167473845,0.21320603024363527,1069.5086853194707,133.68858566493384,1.4157429887410184,1.2928501958622731,2.057497863986783,0
actual,4h,SOLUSDT,60,earlier,5,5,0,0.4,-1.9409085624057385,-1.7969289416615604,-0.3881817124811477,-2126.887371558134,-425.3774743116268,0.36981521664785594,0.24407079158295525,3.0799038848279663,0
actual,4h,SOLUSDT,60,later,3,2,1,0.5,0.13967371529802008,0.1768654789568791,0.06983685764901004,1661.6166607292594,830.8083303646297,1.1359353458517962,3.2236599572626896,1.0275010845986998,0
actual,4h,SOLUSDT,60,full,8,7,1,0.42857142857142855,-1.8012348471077184,-1.6200634627046813,-0.2573192638725312,-465.27071082887494,-66.46724440412498,0.5614664586240824,0.8693371994858823,3.0799038848279663,0
actual,4h,SOLUSDT,90,earlier,4,4,0,0.5,2.4296712975540813,2.554016052139289,0.6074178243885203,29.907976494708834,7.476994123677208,2.1866083643854326,1.0137511876308376,2.0475764123004936,0
actual,4h,SOLUSDT,90,later,3,2,1,0.5,0.13967371529802008,0.1768654789568791,0.06983685764901004,1661.6166607292594,830.8083303646297,1.1359353458517962,3.2236599572626896,1.0275010845986998,0
actual,4h,SOLUSDT,90,full,7,6,1,0.5,2.569345012852102,2.730881531096168,0.42822416880868364,1691.5246372239678,281.9207728706613,1.8355382963333262,1.5788567518654015,2.0475764123004936,0
actual,4h,SOLUSDT,120,earlier,5,5,0,0.4,1.397343825026609,1.554016052139289,0.2794687650053218,-608.7608657107432,-121.75217314214865,1.4536972182509063,0.7836368180629734,3.079903884827966,0
actual,4h,SOLUSDT,120,later,2,1,1,0.0,-1.0275010845986998,-1.000000000000001,-1.0275010845986998,-747.24404480202,-747.24404480202,0.0,0.0,1.0275010845986998,0
actual,4h,SOLUSDT,120,full,7,6,1,0.3333333333333333,0.3698427404279092,0.5540160521392878,0.06164045673798487,-1356.004910512763,-226.00081841879384,1.0900429208176017,0.6191907313425126,3.079903884827966,0
actual,4h,SOLUSDT,150,earlier,5,5,0,0.4,1.397343825026609,1.554016052139289,0.2794687650053218,-608.7608657107432,-121.75217314214865,1.4536972182509063,0.7836368180629734,3.079903884827966,0
actual,4h,SOLUSDT,150,later,2,1,1,0.0,-1.0275010845986998,-1.000000000000001,-1.0275010845986998,-747.24404480202,-747.24404480202,0.0,0.0,1.0275010845986998,0
actual,4h,SOLUSDT,150,full,7,6,1,0.3333333333333333,0.3698427404279092,0.5540160521392878,0.06164045673798487,-1356.004910512763,-226.00081841879384,1.0900429208176017,0.6191907313425126,3.079903884827966,0
actual,4h,SOLUSDT,200,earlier,3,3,0,0.3333333333333333,-1.0700338407751033,-0.9911894273127762,-0.35667794692503446,-1639.2358483311,-546.4119494437,0.4767951571126396,0.26096804891837033,2.04515278350638,0
actual,4h,SOLUSDT,200,later,2,1,1,0.0,-1.0275010845986998,-1.000000000000001,-1.0275010845986998,-747.24404480202,-747.24404480202,0.0,0.0,1.0275010845986998,0
actual,4h,SOLUSDT,200,full,5,4,1,0.25,-2.097534925373803,-1.9911894273127773,-0.5243837313434507,-2386.4798931331197,-596.6199732832799,0.31735398277471355,0.1952057665622537,3.0726538681050797,0
actual,4h,UNIUSDT,0,earlier,4,4,0,0.25,-0.9624328081995478,-0.8772542733358993,-0.24060820204988695,-512.77016013821,-128.1925400345525,0.4981747736279079,0.7295022776965628,1.8375954516078008,0
actual,4h,UNIUSDT,0,later,2,2,0,0.5,3.6016319547543274,3.646836337928594,1.8008159773771637,2689.960319703358,1344.980159851679,10.732158153374481,8.032713702786584,0.3700753623188415,0
actual,4h,UNIUSDT,0,full,7,7,0,0.42857142857142855,4.432723576522206,4.579842650911913,0.633246225217458,4320.483269724741,617.211895674963,2.9374300728586933,2.896490306050207,1.8375954516078008,0
actual,4h,UNIUSDT,20,earlier,4,4,0,0.25,-0.9624328081995478,-0.8772542733358993,-0.24060820204988695,-512.77016013821,-128.1925400345525,0.4981747736279079,0.7295022776965628,1.8375954516078008,0
actual,4h,UNIUSDT,20,later,2,2,0,0.5,3.6016319547543274,3.646836337928594,1.8008159773771637,2689.960319703358,1344.980159851679,10.732158153374481,8.032713702786584,0.3700753623188415,0
actual,4h,UNIUSDT,20,full,7,7,0,0.42857142857142855,4.432723576522206,4.579842650911913,0.633246225217458,4320.483269724741,617.211895674963,2.9374300728586933,2.896490306050207,1.8375954516078008,0
actual,4h,UNIUSDT,30,earlier,4,4,0,0.25,-0.9624328081995478,-0.8772542733358993,-0.24060820204988695,-512.77016013821,-128.1925400345525,0.4981747736279079,0.7295022776965628,1.8375954516078008,0
actual,4h,UNIUSDT,30,later,2,2,0,0.5,3.6016319547543274,3.646836337928594,1.8008159773771637,2689.960319703358,1344.980159851679,10.732158153374481,8.032713702786584,0.3700753623188415,0
actual,4h,UNIUSDT,30,full,7,7,0,0.42857142857142855,4.432723576522206,4.579842650911913,0.633246225217458,4320.483269724741,617.211895674963,2.9374300728586933,2.896490306050207,1.8375954516078008,0
actual,4h,UNIUSDT,50,earlier,2,2,0,0.0,-0.8881726906650396,-0.8465039658328247,-0.4440863453325198,-1202.068791460006,-601.034395730003,0.0,0.0,0.8881726906650396,0
actual,4h,UNIUSDT,50,later,3,3,0,0.6666666666666666,4.839116329754325,4.918320712928592,1.613038776584775,3417.8923049974737,1139.297434999158,14.076029432040778,9.935841124472535,0.3700753623188415,0
actual,4h,UNIUSDT,50,full,5,5,0,0.4,3.950943639089285,4.071816747095768,0.790188727817857,2215.8235135374675,443.1647027074935,4.1400355674859135,2.3983829535765864,0.8881726906650396,0
actual,4h,UNIUSDT,60,earlier,2,2,0,0.0,-0.8881726906650396,-0.8465039658328247,-0.4440863453325198,-1202.068791460006,-601.034395730003,0.0,0.0,0.8881726906650396,0
actual,4h,UNIUSDT,60,later,3,3,0,0.6666666666666666,4.839116329754325,4.918320712928592,1.613038776584775,3417.8923049974737,1139.297434999158,14.076029432040778,9.935841124472535,0.3700753623188415,0
actual,4h,UNIUSDT,60,full,5,5,0,0.4,3.950943639089285,4.071816747095768,0.790188727817857,2215.8235135374675,443.1647027074935,4.1400355674859135,2.3983829535765864,0.8881726906650396,0
actual,4h,UNIUSDT,90,earlier,2,2,0,0.0,-0.8881726906650396,-0.8465039658328247,-0.4440863453325198,-1202.068791460006,-601.034395730003,0.0,0.0,0.8881726906650396,0
actual,4h,UNIUSDT,90,later,3,3,0,0.6666666666666666,4.839116329754325,4.918320712928592,1.613038776584775,3417.8923049974737,1139.297434999158,14.076029432040778,9.935841124472535,0.3700753623188415,0
actual,4h,UNIUSDT,90,full,5,5,0,0.4,3.950943639089285,4.071816747095768,0.790188727817857,2215.8235135374675,443.1647027074935,4.1400355674859135,2.3983829535765864,0.8881726906650396,0
actual,4h,UNIUSDT,120,earlier,2,2,0,0.0,-0.8881726906650396,-0.8465039658328247,-0.4440863453325198,-1202.068791460006,-601.034395730003,0.0,0.0,0.8881726906650396,0
actual,4h,UNIUSDT,120,later,3,3,0,0.6666666666666666,4.839116329754325,4.918320712928592,1.613038776584775,3417.8923049974737,1139.297434999158,14.076029432040778,9.935841124472535,0.3700753623188415,0
actual,4h,UNIUSDT,120,full,5,5,0,0.4,3.950943639089285,4.071816747095768,0.790188727817857,2215.8235135374675,443.1647027074935,4.1400355674859135,2.3983829535765864,0.8881726906650396,0
actual,4h,UNIUSDT,150,earlier,1,1,0,0.0,-0.807903599755949,-0.7937766931055524,-0.807903599755949,-1143.779908439146,-1143.779908439146,0.0,0.0,0.807903599755949,0
actual,4h,UNIUSDT,150,later,2,2,0,0.5,3.6016319547543274,3.646836337928594,1.8008159773771637,2689.960319703358,1344.980159851679,10.732158153374481,8.032713702786584,0.3700753623188415,0
actual,4h,UNIUSDT,150,full,3,3,0,0.3333333333333333,2.7937283549983785,2.8530596448230416,0.9312427849994594,1546.180411264212,515.3934704214039,3.3716283948549868,2.013043538029583,0.807903599755949,0
actual,4h,UNIUSDT,200,earlier,1,1,0,0.0,-0.807903599755949,-0.7937766931055524,-0.807903599755949,-1143.779908439146,-1143.779908439146,0.0,0.0,0.807903599755949,0
actual,4h,UNIUSDT,200,later,2,2,0,0.5,3.6016319547543274,3.646836337928594,1.8008159773771637,2689.960319703358,1344.980159851679,10.732158153374481,8.032713702786584,0.3700753623188415,0
actual,4h,UNIUSDT,200,full,3,3,0,0.3333333333333333,2.7937283549983785,2.8530596448230416,0.9312427849994594,1546.180411264212,515.3934704214039,3.3716283948549868,2.013043538029583,0.807903599755949,0
actual,4h,USELESSUSDT,0,earlier,0,0,0,,0.0,0.0,,0.0,,,,0.0,0
actual,4h,USELESSUSDT,0,later,3,3,0,0.0,-3.0333086742547732,-3.0,-1.0111028914182578,-5502.893300314623,-1834.297766771541,0.0,0.0,3.0333086742547732,0
actual,4h,USELESSUSDT,0,full,3,3,0,0.0,-3.0333086742547732,-3.0,-1.0111028914182578,-5502.893300314623,-1834.297766771541,0.0,0.0,3.0333086742547732,0
actual,4h,USELESSUSDT,20,earlier,0,0,0,,0.0,0.0,,0.0,,,,0.0,0
actual,4h,USELESSUSDT,20,later,3,3,0,0.0,-3.0333086742547732,-3.0,-1.0111028914182578,-5502.893300314623,-1834.297766771541,0.0,0.0,3.0333086742547732,0
actual,4h,USELESSUSDT,20,full,3,3,0,0.0,-3.0333086742547732,-3.0,-1.0111028914182578,-5502.893300314623,-1834.297766771541,0.0,0.0,3.0333086742547732,0
actual,4h,USELESSUSDT,30,earlier,0,0,0,,0.0,0.0,,0.0,,,,0.0,0
actual,4h,USELESSUSDT,30,later,3,3,0,0.0,-3.0333086742547732,-3.0,-1.0111028914182578,-5502.893300314623,-1834.297766771541,0.0,0.0,3.0333086742547732,0
actual,4h,USELESSUSDT,30,full,3,3,0,0.0,-3.0333086742547732,-3.0,-1.0111028914182578,-5502.893300314623,-1834.297766771541,0.0,0.0,3.0333086742547732,0
actual,4h,USELESSUSDT,50,earlier,0,0,0,,0.0,0.0,,0.0,,,,0.0,0
actual,4h,USELESSUSDT,50,later,2,2,0,0.0,-2.021928557295709,-1.9999999999999996,-1.0109642786478545,-3725.4421184030107,-1862.7210592015053,0.0,0.0,2.021928557295709,0
actual,4h,USELESSUSDT,50,full,2,2,0,0.0,-2.021928557295709,-1.9999999999999996,-1.0109642786478545,-3725.4421184030107,-1862.7210592015053,0.0,0.0,2.021928557295709,0
actual,4h,USELESSUSDT,60,earlier,0,0,0,,0.0,0.0,,0.0,,,,0.0,0
actual,4h,USELESSUSDT,60,later,1,1,0,0.0,-1.0098622589531674,-0.9999999999999994,-1.0098622589531674,-2047.932960893854,-2047.932960893854,0.0,0.0,1.0098622589531674,0
actual,4h,USELESSUSDT,60,full,1,1,0,0.0,-1.0098622589531674,-0.9999999999999994,-1.0098622589531674,-2047.932960893854,-2047.932960893854,0.0,0.0,1.0098622589531674,0
actual,4h,USELESSUSDT,90,earlier,0,0,0,,0.0,0.0,,0.0,,,,0.0,0
actual,4h,USELESSUSDT,90,later,1,1,0,0.0,-1.0098622589531674,-0.9999999999999994,-1.0098622589531674,-2047.932960893854,-2047.932960893854,0.0,0.0,1.0098622589531674,0
actual,4h,USELESSUSDT,90,full,1,1,0,0.0,-1.0098622589531674,-0.9999999999999994,-1.0098622589531674,-2047.932960893854,-2047.932960893854,0.0,0.0,1.0098622589531674,0
actual,4h,USELESSUSDT,120,earlier,0,0,0,,0.0,0.0,,0.0,,,,0.0,0
actual,4h,USELESSUSDT,120,later,1,1,0,0.0,-1.0098622589531674,-0.9999999999999994,-1.0098622589531674,-2047.932960893854,-2047.932960893854,0.0,0.0,1.0098622589531674,0
actual,4h,USELESSUSDT,120,full,1,1,0,0.0,-1.0098622589531674,-0.9999999999999994,-1.0098622589531674,-2047.932960893854,-2047.932960893854,0.0,0.0,1.0098622589531674,0
actual,4h,USELESSUSDT,150,earlier,0,0,0,,0.0,0.0,,0.0,,,,0.0,0
actual,4h,USELESSUSDT,150,later,1,1,0,0.0,-1.0098622589531674,-0.9999999999999994,-1.0098622589531674,-2047.932960893854,-2047.932960893854,0.0,0.0,1.0098622589531674,0
actual,4h,USELESSUSDT,150,full,1,1,0,0.0,-1.0098622589531674,-0.9999999999999994,-1.0098622589531674,-2047.932960893854,-2047.932960893854,0.0,0.0,1.0098622589531674,0
actual,4h,USELESSUSDT,200,earlier,0,0,0,,0.0,0.0,,0.0,,,,0.0,0
actual,4h,USELESSUSDT,200,later,1,1,0,0.0,-1.0098622589531674,-0.9999999999999994,-1.0098622589531674,-2047.932960893854,-2047.932960893854,0.0,0.0,1.0098622589531674,0
actual,4h,USELESSUSDT,200,full,1,1,0,0.0,-1.0098622589531674,-0.9999999999999994,-1.0098622589531674,-2047.932960893854,-2047.932960893854,0.0,0.0,1.0098622589531674,0
actual,4h,WIFUSDT,0,earlier,5,5,0,0.4,-0.1013091711257681,-0.022444909676139213,-0.020261834225153617,198.09298598946617,39.61859719789324,0.9668003484821514,1.0480116202900047,2.0242013135996366,0
actual,4h,WIFUSDT,0,later,3,3,0,0.3333333333333333,1.0072854609575157,1.0852713178294584,0.3357618203191719,243.8580037321872,81.2860012440624,1.4916633425859356,1.1321501565297465,2.048730042918455,0
actual,4h,WIFUSDT,0,full,9,9,0,0.4444444444444444,1.2972311160865737,1.4875368328637433,0.14413679067628596,675.8459695254614,75.09399661394016,1.2543469169552193,1.1131833629928245,2.048730042918455,0
actual,4h,WIFUSDT,20,earlier,5,5,0,0.4,-0.1013091711257681,-0.022444909676139213,-0.020261834225153617,198.09298598946617,39.61859719789324,0.9668003484821514,1.0480116202900047,2.0242013135996366,0
actual,4h,WIFUSDT,20,later,3,3,0,0.3333333333333333,1.0072854609575157,1.0852713178294584,0.3357618203191719,243.8580037321872,81.2860012440624,1.4916633425859356,1.1321501565297465,2.048730042918455,0
actual,4h,WIFUSDT,20,full,9,9,0,0.4444444444444444,1.2972311160865737,1.4875368328637433,0.14413679067628596,675.8459695254614,75.09399661394016,1.2543469169552193,1.1131833629928245,2.048730042918455,0
actual,4h,WIFUSDT,30,earlier,5,5,0,0.4,-0.1013091711257681,-0.022444909676139213,-0.020261834225153617,198.09298598946617,39.61859719789324,0.9668003484821514,1.0480116202900047,2.0242013135996366,0
actual,4h,WIFUSDT,30,later,3,3,0,0.3333333333333333,1.0072854609575157,1.0852713178294584,0.3357618203191719,243.8580037321872,81.2860012440624,1.4916633425859356,1.1321501565297465,2.048730042918455,0
actual,4h,WIFUSDT,30,full,9,9,0,0.4444444444444444,1.2972311160865737,1.4875368328637433,0.14413679067628596,675.8459695254614,75.09399661394016,1.2543469169552193,1.1131833629928245,2.048730042918455,0
actual,4h,WIFUSDT,50,earlier,4,4,0,0.5,0.5469732410152688,0.5995286647034962,0.1367433102538172,329.5726549848042,82.39316374620105,1.270216819513167,1.0976901328375581,2.0242013135996366,0
actual,4h,WIFUSDT,50,later,2,2,0,0.5,2.0389854609575155,2.0852713178294584,1.0194927304787578,894.7728302306101,447.38641511530506,3.004842900320301,1.749143046815406,1.0170300429184551,0
actual,4h,WIFUSDT,50,full,6,6,0,0.5,2.585958701972784,2.6847999825329545,0.430993116995464,1224.3454852154146,204.05758086923575,1.8502998946234233,1.2680237418238145,2.0242013135996366,0
actual,4h,WIFUSDT,60,earlier,4,4,0,0.5,0.026658043584249613,0.081317484843628,0.006664510896062403,-636.8168990350321,-159.20422475875802,1.01316966025323,0.8112382003816353,2.0242013135996366,0
actual,4h,WIFUSDT,60,later,2,2,0,0.5,2.0389854609575155,2.0852713178294584,1.0194927304787578,894.7728302306101,447.38641511530506,3.004842900320301,1.749143046815406,1.0170300429184551,0
actual,4h,WIFUSDT,60,full,6,6,0,0.5,2.065643504541765,2.1665888026730866,0.3442739174236275,257.95593119557816,42.99265519926303,1.679212878729069,1.056469611510448,2.0242013135996366,0
actual,4h,WIFUSDT,90,earlier,3,3,0,0.6666666666666666,1.0376487644978831,1.0813174848436287,0.3458829214992944,1202.8999473086499,400.96664910288325,2.024119538414117,1.7841914287424523,1.0132105926860029,0
actual,4h,WIFUSDT,90,later,1,1,0,1.0,3.0560155038759707,3.085271317829459,3.0560155038759707,2089.167991520932,2089.167991520932,,,0.0,0
actual,4h,WIFUSDT,90,full,4,4,0,0.75,4.093664268373853,4.166588802673088,1.0234160670934633,3292.067938829582,823.0169847073955,5.040289647507162,3.146156433246213,1.0132105926860029,0
actual,4h,WIFUSDT,120,earlier,2,2,0,0.5,0.08908379274647116,0.11608497723823996,0.04454189637323558,64.68134071707793,32.340670358538965,1.08792228722196,1.042166892685787,1.0132105926860029,0
actual,4h,WIFUSDT,120,later,1,1,0,1.0,3.0560155038759707,3.085271317829459,3.0560155038759707,2089.167991520932,2089.167991520932,,,0.0,0
actual,4h,WIFUSDT,120,full,3,3,0,0.6666666666666666,3.145099296622442,3.201356295067699,1.0483664322074806,2153.84933223801,717.9497774126701,4.104092396315005,2.404131897189548,1.0132105926860029,0
actual,4h,WIFUSDT,150,earlier,2,2,0,0.5,0.08908379274647116,0.11608497723823996,0.04454189637323558,64.68134071707793,32.340670358538965,1.08792228722196,1.042166892685787,1.0132105926860029,0
actual,4h,WIFUSDT,150,later,1,1,0,1.0,3.0560155038759707,3.085271317829459,3.0560155038759707,2089.167991520932,2089.167991520932,,,0.0,0
actual,4h,WIFUSDT,150,full,4,4,0,0.75,3.5363541228772677,3.626066719778123,0.8840885307193169,2387.744312041818,596.9360780104545,4.490245905841211,2.5566121086970908,1.0132105926860029,0
actual,4h,WIFUSDT,200,earlier,3,3,0,0.3333333333333333,-1.3009362904871538,-1.261941448382125,-0.4336454301623846,-2395.840735532231,-798.6135785107435,0.357308839912914,0.2898379274743899,2.0242013135996366,0
actual,4h,WIFUSDT,200,later,1,1,0,1.0,3.0560155038759707,3.085271317829459,3.0560155038759707,2089.167991520932,2089.167991520932,,,0.0,0
actual,4h,WIFUSDT,200,full,5,5,0,0.6,2.146334039643643,2.248040294157758,0.4292668079287286,-72.7777642074906,-14.55555284149812,2.060336254711157,0.9784276111943265,2.0242013135996366,0
actual,4h,XTZUSDT,0,earlier,4,4,0,0.25,6.61104821228926,6.781144781144759,1.652762053072315,3616.297687914738,904.0744219786845,3.110547019269477,3.3312869377131076,3.132386131145062,0
actual,4h,XTZUSDT,0,later,4,3,1,0.6666666666666666,0.0892127800505701,0.18671004667325164,0.029737593350190033,-327.377192342416,-109.12573078080531,1.0873562921322781,0.659369542142078,1.0212519083969465,0
actual,4h,XTZUSDT,0,full,8,7,1,0.42857142857142855,6.70026099233983,6.967854827818011,0.9571801417628328,3288.9204955723217,469.8457850817602,2.61310661366117,2.3091302798167552,3.132386131145062,0
actual,4h,XTZUSDT,20,earlier,4,4,0,0.25,6.61104821228926,6.781144781144759,1.652762053072315,3616.297687914738,904.0744219786845,3.110547019269477,3.3312869377131076,3.132386131145062,0
actual,4h,XTZUSDT,20,later,4,3,1,0.6666666666666666,0.0892127800505701,0.18671004667325164,0.029737593350190033,-327.377192342416,-109.12573078080531,1.0873562921322781,0.659369542142078,1.0212519083969465,0
actual,4h,XTZUSDT,20,full,8,7,1,0.42857142857142855,6.70026099233983,6.967854827818011,0.9571801417628328,3288.9204955723217,469.8457850817602,2.61310661366117,2.3091302798167552,3.132386131145062,0
actual,4h,XTZUSDT,30,earlier,4,4,0,0.25,6.61104821228926,6.781144781144759,1.652762053072315,3616.297687914738,904.0744219786845,3.110547019269477,3.3312869377131076,3.132386131145062,0
actual,4h,XTZUSDT,30,later,4,3,1,0.6666666666666666,0.0892127800505701,0.18671004667325164,0.029737593350190033,-327.377192342416,-109.12573078080531,1.0873562921322781,0.659369542142078,1.0212519083969465,0
actual,4h,XTZUSDT,30,full,8,7,1,0.42857142857142855,6.70026099233983,6.967854827818011,0.9571801417628328,3288.9204955723217,469.8457850817602,2.61310661366117,2.3091302798167552,3.132386131145062,0
actual,4h,XTZUSDT,50,earlier,2,2,0,0.0,-2.071281158769371,-2.0000000000000018,-1.0356405793846855,-1203.896706298642,-601.948353149321,0.0,0.0,2.071281158769371,0
actual,4h,XTZUSDT,50,later,4,3,1,0.6666666666666666,0.0892127800505701,0.18671004667325164,0.029737593350190033,-327.377192342416,-109.12573078080531,1.0873562921322781,0.659369542142078,1.0212519083969465,0
actual,4h,XTZUSDT,50,full,6,5,1,0.4,-1.982068378718801,-1.81328995332675,-0.3964136757437602,-1531.2738986410577,-306.25477972821153,0.3590793256949823,0.29271042998739266,3.0925330671663174,0
actual,4h,XTZUSDT,60,earlier,2,2,0,0.0,-2.071281158769371,-2.0000000000000018,-1.0356405793846855,-1203.896706298642,-601.948353149321,0.0,0.0,2.071281158769371,0
actual,4h,XTZUSDT,60,later,4,3,1,0.6666666666666666,0.0892127800505701,0.18671004667325164,0.029737593350190033,-327.377192342416,-109.12573078080531,1.0873562921322781,0.659369542142078,1.0212519083969465,0
actual,4h,XTZUSDT,60,full,6,5,1,0.4,-1.982068378718801,-1.81328995332675,-0.3964136757437602,-1531.2738986410577,-306.25477972821153,0.3590793256949823,0.29271042998739266,3.0925330671663174,0
actual,4h,XTZUSDT,90,earlier,2,2,0,0.0,-2.071281158769371,-2.0000000000000018,-1.0356405793846855,-1203.896706298642,-601.948353149321,0.0,0.0,2.071281158769371,0
actual,4h,XTZUSDT,90,later,3,2,1,0.5,-0.4401780828935935,-0.3691275167785262,-0.22008904144679675,-727.7226817857941,-363.86134089289703,0.5689818748201523,0.24281679943354686,1.0212519083969465,0
actual,4h,XTZUSDT,90,full,5,4,1,0.25,-2.5114592416629646,-2.369127516778528,-0.6278648104157412,-1931.6193880844357,-482.90484702110894,0.18789575176177176,0.10779237624391369,3.0925330671663174,0
actual,4h,XTZUSDT,120,earlier,2,2,0,0.0,-2.071281158769371,-2.0000000000000018,-1.0356405793846855,-1203.896706298642,-601.948353149321,0.0,0.0,2.071281158769371,0
actual,4h,XTZUSDT,120,later,2,2,0,0.5,-0.4401780828935935,-0.3691275167785262,-0.22008904144679675,-727.7226817857941,-363.86134089289703,0.5689818748201523,0.24281679943354686,1.0212519083969465,0
actual,4h,XTZUSDT,120,full,4,4,0,0.25,-2.5114592416629646,-2.369127516778528,-0.6278648104157412,-1931.6193880844357,-482.90484702110894,0.18789575176177176,0.10779237624391369,3.0925330671663174,0
actual,4h,XTZUSDT,150,earlier,2,2,0,0.0,-2.071281158769371,-2.0000000000000018,-1.0356405793846855,-1203.896706298642,-601.948353149321,0.0,0.0,2.071281158769371,0
actual,4h,XTZUSDT,150,later,1,1,0,1.0,0.581073825503353,0.6308724832214738,0.581073825503353,233.369272237196,233.369272237196,,,0.0,0
actual,4h,XTZUSDT,150,full,3,3,0,0.3333333333333333,-1.490207333266018,-1.369127516778528,-0.49673577775533934,-970.5274340614459,-323.5091446871486,0.28053836295628337,0.19384492956599697,2.071281158769371,0
actual,4h,XTZUSDT,200,earlier,2,2,0,0.0,-2.071281158769371,-2.0000000000000018,-1.0356405793846855,-1203.896706298642,-601.948353149321,0.0,0.0,2.071281158769371,0
actual,4h,XTZUSDT,200,later,1,1,0,1.0,0.581073825503353,0.6308724832214738,0.581073825503353,233.369272237196,233.369272237196,,,0.0,0
actual,4h,XTZUSDT,200,full,3,3,0,0.3333333333333333,-1.490207333266018,-1.369127516778528,-0.49673577775533934,-970.5274340614459,-323.5091446871486,0.28053836295628337,0.19384492956599697,2.071281158769371,0
actual,4h,ZECUSDT,0,earlier,4,4,0,0.5,2.313852307475093,2.413589301121654,0.5784630768687733,1439.6239343438288,359.9059835859572,2.4650403814955313,1.9529359768961412,1.0367679999999995,0
actual,4h,ZECUSDT,0,later,2,2,0,1.0,7.871364606027607,7.922930283224412,3.9356823030138033,5442.19381592524,2721.09690796262,,,0.0,0
actual,4h,ZECUSDT,0,full,6,6,0,0.6666666666666666,10.1852169135027,10.336519584346066,1.69753615225045,6881.81775026907,1146.9696250448449,7.448879223780515,5.5553088999335944,1.0367679999999995,0
actual,4h,ZECUSDT,20,earlier,4,4,0,0.5,2.313852307475093,2.413589301121654,0.5784630768687733,1439.6239343438288,359.9059835859572,2.4650403814955313,1.9529359768961412,1.0367679999999995,0
actual,4h,ZECUSDT,20,later,2,2,0,1.0,7.871364606027607,7.922930283224412,3.9356823030138033,5442.19381592524,2721.09690796262,,,0.0,0
actual,4h,ZECUSDT,20,full,6,6,0,0.6666666666666666,10.1852169135027,10.336519584346066,1.69753615225045,6881.81775026907,1146.9696250448449,7.448879223780515,5.5553088999335944,1.0367679999999995,0
actual,4h,ZECUSDT,30,earlier,4,4,0,0.5,1.838761855356229,1.9447368421052604,0.45969046383905726,1236.472283892684,309.118070973171,1.8950061998674943,1.7214477701696829,1.0367679999999992,0
actual,4h,ZECUSDT,30,later,2,2,0,1.0,7.871364606027607,7.922930283224412,3.9356823030138033,5442.19381592524,2721.09690796262,,,0.0,0
actual,4h,ZECUSDT,30,full,6,6,0,0.6666666666666666,9.710126461383837,9.867667125329673,1.6183544102306395,6678.666099817924,1113.1110166363205,5.726345262775904,4.896819061930291,1.0367679999999992,0
actual,4h,ZECUSDT,50,earlier,4,4,0,0.5,2.313852307475093,2.413589301121654,0.5784630768687733,1439.6239343438288,359.9059835859572,2.4650403814955313,1.9529359768961412,1.0367679999999995,0
actual,4h,ZECUSDT,50,later,1,1,0,1.0,1.4516115196078438,1.469771241830066,1.4516115196078438,1598.715555055674,1598.715555055674,,,0.0,0
actual,4h,ZECUSDT,50,full,5,5,0,0.6,3.765463827082937,3.8833605429517197,0.7530927654165873,3038.3394893995032,607.6678978799007,3.3841437692092584,3.011180100859268,1.0367679999999995,0
actual,4h,ZECUSDT,60,earlier,3,3,0,0.3333333333333333,1.0874432165660048,1.163589301121656,0.36248107218866826,399.89368386213494,133.29789462071165,1.6885263245652233,1.2647032111614975,1.0367679999999992,0
actual,4h,ZECUSDT,60,later,1,1,0,1.0,1.4516115196078438,1.469771241830066,1.4516115196078438,1598.715555055674,1598.715555055674,,,0.0,0
actual,4h,ZECUSDT,60,full,4,4,0,0.5,2.5390547361738487,2.633360542951722,0.6347636840434622,1998.6092389178089,499.6523097294522,2.6076297122789507,2.322947335124624,1.0367679999999992,0
actual,4h,ZECUSDT,90,earlier,3,3,0,0.3333333333333333,1.0874432165660048,1.163589301121656,0.36248107218866826,399.89368386213494,133.29789462071165,1.6885263245652233,1.2647032111614975,1.0367679999999992,0
actual,4h,ZECUSDT,90,later,0,0,0,,0.0,0.0,,0.0,,,,0.0,0
actual,4h,ZECUSDT,90,full,3,3,0,0.3333333333333333,1.0874432165660048,1.163589301121656,0.36248107218866826,399.89368386213494,133.29789462071165,1.6885263245652233,1.2647032111614975,1.0367679999999992,0
actual,4h,ZECUSDT,120,earlier,4,4,0,0.5,2.313852307475093,2.413589301121654,0.5784630768687733,1439.6239343438288,359.9059835859572,2.4650403814955313,1.9529359768961412,1.0367679999999995,0
actual,4h,ZECUSDT,120,later,0,0,0,,0.0,0.0,,0.0,,,,0.0,0
actual,4h,ZECUSDT,120,full,4,4,0,0.5,2.313852307475093,2.413589301121654,0.5784630768687733,1439.6239343438288,359.9059835859572,2.4650403814955313,1.9529359768961412,1.0367679999999995,0
actual,4h,ZECUSDT,150,earlier,3,3,0,0.3333333333333333,-0.352968745156484,-0.2811475409836075,-0.11765624838549467,-470.9944668628071,-156.99815562093568,0.776514056930308,0.6882327657346439,1.5793778360655728,0
actual,4h,ZECUSDT,150,later,0,0,0,,0.0,0.0,,0.0,,,,0.0,0
actual,4h,ZECUSDT,150,full,3,3,0,0.3333333333333333,-0.352968745156484,-0.2811475409836075,-0.11765624838549467,-470.9944668628071,-156.99815562093568,0.776514056930308,0.6882327657346439,1.5793778360655728,0
actual,4h,ZECUSDT,200,earlier,3,3,0,0.3333333333333333,-0.352968745156484,-0.2811475409836075,-0.11765624838549467,-470.9944668628071,-156.99815562093568,0.776514056930308,0.6882327657346439,1.5793778360655728,0
actual,4h,ZECUSDT,200,later,0,0,0,,0.0,0.0,,0.0,,,,0.0,0
actual,4h,ZECUSDT,200,full,3,3,0,0.3333333333333333,-0.352968745156484,-0.2811475409836075,-0.11765624838549467,-470.9944668628071,-156.99815562093568,0.776514056930308,0.6882327657346439,1.5793778360655728,0
actual,4h,ZENUSDT,0,earlier,9,9,0,0.2222222222222222,-5.932017922142425,-5.719706959706958,-0.6591131024602694,-3777.578932379584,-419.73099248662044,0.1741692901050737,0.3545099887865223,5.932017922142425,0
actual,4h,ZENUSDT,0,later,3,3,0,0.3333333333333333,-1.7020117871741234,-1.6313594662218527,-0.5673372623913745,-1414.6261547321033,-471.5420515773677,0.17120704766738637,0.2257402278833856,1.7020117871741234,0
actual,4h,ZENUSDT,0,full,12,12,0,0.25,-7.634029709316549,-7.35106642592881,-0.6361691424430457,-5192.205087111686,-432.68375725930724,0.17351069195363808,0.3238730561246672,7.634029709316549,0
actual,4h,ZENUSDT,20,earlier,9,9,0,0.2222222222222222,-5.932017922142425,-5.719706959706958,-0.6591131024602694,-3777.578932379584,-419.73099248662044,0.1741692901050737,0.3545099887865223,5.932017922142425,0
actual,4h,ZENUSDT,20,later,3,3,0,0.3333333333333333,-1.7020117871741234,-1.6313594662218527,-0.5673372623913745,-1414.6261547321033,-471.5420515773677,0.17120704766738637,0.2257402278833856,1.7020117871741234,0
actual,4h,ZENUSDT,20,full,12,12,0,0.25,-7.634029709316549,-7.35106642592881,-0.6361691424430457,-5192.205087111686,-432.68375725930724,0.17351069195363808,0.3238730561246672,7.634029709316549,0
actual,4h,ZENUSDT,30,earlier,9,9,0,0.2222222222222222,-5.932017922142425,-5.719706959706958,-0.6591131024602694,-3777.578932379584,-419.73099248662044,0.1741692901050737,0.3545099887865223,5.932017922142425,0
actual,4h,ZENUSDT,30,later,3,3,0,0.3333333333333333,-1.7020117871741234,-1.6313594662218527,-0.5673372623913745,-1414.6261547321033,-471.5420515773677,0.17120704766738637,0.2257402278833856,1.7020117871741234,0
actual,4h,ZENUSDT,30,full,12,12,0,0.25,-7.634029709316549,-7.35106642592881,-0.6361691424430457,-5192.205087111686,-432.68375725930724,0.17351069195363808,0.3238730561246672,7.634029709316549,0
actual,4h,ZENUSDT,50,earlier,9,9,0,0.2222222222222222,-5.932017922142425,-5.719706959706958,-0.6591131024602694,-3777.578932379584,-419.73099248662044,0.1741692901050737,0.3545099887865223,5.932017922142425,0
actual,4h,ZENUSDT,50,later,3,3,0,0.3333333333333333,-1.7020117871741234,-1.6313594662218527,-0.5673372623913745,-1414.6261547321033,-471.5420515773677,0.17120704766738637,0.2257402278833856,1.7020117871741234,0
actual,4h,ZENUSDT,50,full,12,12,0,0.25,-7.634029709316549,-7.35106642592881,-0.6361691424430457,-5192.205087111686,-432.68375725930724,0.17351069195363808,0.3238730561246672,7.634029709316549,0
actual,4h,ZENUSDT,60,earlier,8,8,0,0.25,-4.911374828219773,-4.719706959706958,-0.6139218535274716,-2788.731913859084,-348.5914892323855,0.20301572556384825,0.42659018212364486,4.911374828219773,0
actual,4h,ZENUSDT,60,later,2,2,0,0.5,-0.6860924974243249,-0.6313594662218522,-0.34304624871216244,-138.288697826809,-69.1443489134045,0.33882317342987994,0.7489000615190801,1.0376838235294117,0
actual,4h,ZENUSDT,60,full,10,10,0,0.3,-5.597467325644098,-5.35106642592881,-0.5597467325644099,-2927.020611685893,-292.7020611685893,0.22258830819359524,0.4593758019364549,5.597467325644098,0
actual,4h,ZENUSDT,90,earlier,6,6,0,0.16666666666666666,-4.343682482726903,-4.214945054945057,-0.7239470804544839,-2798.473950694298,-466.4123251157163,0.15145139953685968,0.3616006068299472,4.343682482726903,0
actual,4h,ZENUSDT,90,later,1,1,0,0.0,-1.0376838235294117,-1.0,-1.0376838235294117,-550.731707317073,-550.731707317073,0.0,0.0,1.0376838235294117,0
actual,4h,ZENUSDT,90,full,7,7,0,0.14285714285714285,-5.381366306256314,-5.214945054945057,-0.7687666151794735,-3349.2056580113713,-478.45795114448157,0.12592470219856905,0.3212413863703404,5.381366306256314,0
actual,4h,ZENUSDT,120,earlier,5,5,0,0.2,-3.3214752755196963,-3.214945054945057,-0.6642950551039393,-1877.8654314245218,-375.5730862849044,0.1892410568411933,0.4577298215099047,3.3214752755196963,0
actual,4h,ZENUSDT,120,later,1,1,0,0.0,-1.0376838235294117,-1.0,-1.0376838235294117,-550.731707317073,-550.731707317073,0.0,0.0,1.0376838235294117,0
actual,4h,ZENUSDT,120,full,6,6,0,0.16666666666666666,-4.3591590990491085,-4.214945054945057,-0.7265265165081848,-2428.597138741595,-404.7661897902658,0.1509948825994603,0.3949233809219743,4.3591590990491085,0
actual,4h,ZENUSDT,150,earlier,4,4,0,0.25,-2.2970371034766854,-2.2149450549450567,-0.5742592758691714,-1039.473615342683,-259.86840383567073,0.25234203229505436,0.6039464285916647,2.2970371034766854,0
actual,4h,ZENUSDT,150,later,2,2,0,0.5,-0.6860924974243249,-0.6313594662218522,-0.34304624871216244,-138.288697826809,-69.1443489134045,0.33882317342987994,0.7489000615190801,1.0376838235294117,0
actual,4h,ZENUSDT,150,full,6,6,0,0.3333333333333333,-2.98312960090101,-2.8463045211669087,-0.49718826681683503,-1177.7623131694918,-196.293718861582,0.2741766343673657,0.6290874577092104,2.98312960090101,0
actual,4h,ZENUSDT,200,earlier,4,4,0,0.25,-2.2970371034766854,-2.2149450549450567,-0.5742592758691714,-1039.473615342683,-259.86840383567073,0.25234203229505436,0.6039464285916647,2.2970371034766854,0
actual,4h,ZENUSDT,200,later,3,3,0,0.3333333333333333,-1.7020117871741234,-1.6313594662218527,-0.5673372623913745,-1414.6261547321033,-471.5420515773677,0.17120704766738637,0.2257402278833856,1.7020117871741234,0
actual,4h,ZENUSDT,200,full,7,7,0,0.2857142857142857,-3.999048890650809,-3.8463045211669096,-0.5712926986644012,-2454.0997700747857,-350.5856814392551,0.21983678863345923,0.44872100021698547,3.999048890650809,0
common,15m,1000PEPEUSDT,0,earlier,65,65,0,0.38461538461538464,31.109432947606894,37.16741916864211,0.47860666073241376,2983.1939719186144,45.89529187567099,1.7654473446371848,1.2648108553783746,11.243750136586586,0
common,15m,1000PEPEUSDT,0,later,41,41,0,0.36585365853658536,12.955439359337507,17.51907475396829,0.3159863258375002,1886.1214458517093,46.00296209394413,1.47219958372743,1.3387312457185352,8.972223847986907,0
common,15m,1000PEPEUSDT,0,full,106,106,0,0.37735849056603776,44.064872306944395,54.686493922610396,0.4157063425183433,4869.315417770324,45.936937903493614,1.6472654011356238,1.2892621800769237,11.243750136586586,0
common,15m,1000PEPEUSDT,20,earlier,65,65,0,0.38461538461538464,31.109432947606894,37.16741916864211,0.47860666073241376,2983.1939719186144,45.89529187567099,1.7654473446371848,1.2648108553783746,11.243750136586586,0
common,15m,1000PEPEUSDT,20,later,40,40,0,0.375,12.425393162863013,16.768691322306054,0.31063482907157536,1795.7978197755262,44.89494549438816,1.4732533561061192,1.3302461139600539,9.123251740773338,0
common,15m,1000PEPEUSDT,20,full,105,105,0,0.38095238095238093,43.53482611046991,53.93611049094816,0.41461739152828486,4778.9917916941395,45.51420753994419,1.6507698214245794,1.2861135047753476,11.243750136586586,0
common,15m,1000PEPEUSDT,30,earlier,65,65,0,0.38461538461538464,31.109432947606894,37.16741916864211,0.47860666073241376,2983.1939719186144,45.89529187567099,1.7654473446371848,1.2648108553783746,11.243750136586586,0
common,15m,1000PEPEUSDT,30,later,41,41,0,0.36585365853658536,12.955439359337507,17.51907475396829,0.3159863258375002,1886.1214458517093,46.00296209394413,1.47219958372743,1.3387312457185352,8.972223847986907,0
common,15m,1000PEPEUSDT,30,full,106,106,0,0.37735849056603776,44.064872306944395,54.686493922610396,0.4157063425183433,4869.315417770324,45.936937903493614,1.6472654011356238,1.2892621800769237,11.243750136586586,0
common,15m,1000PEPEUSDT,50,earlier,61,61,0,0.39344262295081966,31.57404438776,37.19915455212167,0.5176072850452459,3336.800332225874,54.701644790588105,1.8314187785090106,1.31313651169219,10.165260596837633,0
common,15m,1000PEPEUSDT,50,later,41,41,0,0.36585365853658536,12.955439359337507,17.51907475396829,0.3159863258375002,1886.1214458517093,46.00296209394413,1.47219958372743,1.3387312457185352,8.972223847986907,0
common,15m,1000PEPEUSDT,50,full,102,102,0,0.38235294117647056,44.52948374709751,54.718229306089974,0.4365635661480148,5222.921778077582,51.20511547134884,1.680749203660924,1.3219206742007936,10.165260596837633,0
common,15m,1000PEPEUSDT,60,earlier,63,63,0,0.38095238095238093,29.380687043132987,35.199154552121676,0.4663601117957617,2867.8761176235657,45.521843136882,1.731418532341706,1.2577870663080537,11.243750136586586,0
common,15m,1000PEPEUSDT,60,later,41,41,0,0.36585365853658536,12.955439359337507,17.51907475396829,0.3159863258375002,1886.1214458517093,46.00296209394413,1.47219958372743,1.3387312457185352,8.972223847986907,0
common,15m,1000PEPEUSDT,60,full,104,104,0,0.375,42.3361264024705,52.71822930608997,0.40707813848529323,4753.997563475275,45.711515033416106,1.6262201193404022,1.2847868988213231,11.243750136586586,0
common,15m,1000PEPEUSDT,90,earlier,58,58,0,0.3620689655172414,23.711147037300176,29.023581503820466,0.4088128799534513,2441.849925012016,42.10086077606923,1.6335787057299889,1.2385759579458817,12.050954589276751,0
common,15m,1000PEPEUSDT,90,later,31,31,0,0.3870967741935484,17.10539939613592,20.598240964430346,0.5517870772947071,2440.1897617880554,78.71579876735663,1.8630866761919427,1.6072947122658134,7.063908468476562,0
common,15m,1000PEPEUSDT,90,full,89,89,0,0.3707865168539326,40.816546433436095,49.62182246825082,0.45861288127456284,4882.039686800071,54.85437850337158,1.7130397081703441,1.342521497316405,12.050954589276751,0
common,15m,1000PEPEUSDT,120,earlier,53,53,0,0.41509433962264153,30.104621679796853,34.939020371078136,0.5680117298074878,3821.0493188750315,72.09527016745342,1.9437641249268176,1.4218409299646324,9.842204385338057,0
common,15m,1000PEPEUSDT,120,later,27,27,0,0.4444444444444444,21.614489601060058,24.598240964430342,0.8005366518911132,3339.809936002297,123.69666429638137,2.4118096528535014,2.0709630430529713,4.0554279086223275,0
common,15m,1000PEPEUSDT,120,full,80,80,0,0.425,51.71911128085691,59.5372613355085,0.6464888910107114,7160.8592548773295,89.51074068596662,2.0955527299041106,1.5880863200497628,9.842204385338057,0
common,15m,1000PEPEUSDT,150,earlier,49,49,0,0.3877551020408163,25.514059353970477,30.03419206545788,0.5206950888565404,2544.7767218531485,51.934218813329565,1.8285595045603347,1.2907488458475085,9.842204385338057,0
common,15m,1000PEPEUSDT,150,later,27,27,0,0.4444444444444444,21.614489601060058,24.598240964430342,0.8005366518911132,3339.809936002297,123.69666429638137,2.4118096528535014,2.0709630430529713,4.0554279086223275,0
common,15m,1000PEPEUSDT,150,full,76,76,0,0.40789473684210525,47.12854895503053,54.63243302988824,0.6201124862504017,5884.586657855446,77.42877181388745,2.022243637280493,1.4957110267670262,9.842204385338057,0
common,15m,1000PEPEUSDT,200,earlier,44,44,0,0.4090909090909091,23.562950709572096,27.677880019226006,0.5355216070357295,2679.846705971636,60.905606953900815,1.8844119876042262,1.355599722407261,8.913910976408225,0
common,15m,1000PEPEUSDT,200,later,26,26,0,0.4230769230769231,20.60281783325003,23.519085291607123,0.7924160705096165,3039.983846325877,116.92245562791834,2.3457295374459406,1.974819050568511,4.563959373461536,0
common,15m,1000PEPEUSDT,200,full,70,70,0,0.4142857142857143,44.165768542822136,51.19696531083314,0.6309395506117448,5719.830552297513,81.71186503282163,2.0527620323421845,1.5368392173223935,8.913910976408225,0
common,15m,AAVEUSDT,0,earlier,76,76,0,0.34210526315789475,32.094779588600574,39.835867498133005,0.42229973142895494,4535.426043182151,59.676658462923044,1.6465507712515088,1.3995755563309131,14.643796209080932,3
common,15m,AAVEUSDT,0,later,41,40,1,0.225,-2.1934377467079056,3.3098267981095475,-0.05483594366769764,-1509.5390807833091,-37.73847701958273,0.9332442257008314,0.7430551390177962,11.638624220786426,0
common,15m,AAVEUSDT,0,full,117,116,1,0.3017241379310345,29.90134184189267,43.14569429624255,0.2577701882921782,3025.886962398844,26.08523243447279,1.3624508442064762,1.17566258995815,18.42134508740166,3
common,15m,AAVEUSDT,20,earlier,75,75,0,0.3333333333333333,27.561586311289638,35.23082548132627,0.36748781748386183,3273.5546981529133,43.64739597537218,1.555229389791748,1.2884034327183915,19.17698948639187,3
common,15m,AAVEUSDT,20,later,41,40,1,0.225,-2.1934377467079056,3.3098267981095475,-0.05483594366769764,-1509.5390807833091,-37.73847701958273,0.9332442257008314,0.7430551390177962,11.638624220786426,0
common,15m,AAVEUSDT,20,full,116,115,1,0.2956521739130435,25.368148564581734,38.540652279435825,0.2205925962137542,1764.0156173696037,15.339266237996553,1.3075014797598785,1.1024068499333868,22.954538364712597,3
common,15m,AAVEUSDT,30,earlier,75,75,0,0.3333333333333333,27.561586311289638,35.23082548132627,0.36748781748386183,3273.5546981529133,43.64739597537218,1.555229389791748,1.2884034327183915,19.17698948639187,3
common,15m,AAVEUSDT,30,later,41,40,1,0.225,-2.1934377467079056,3.3098267981095475,-0.05483594366769764,-1509.5390807833091,-37.73847701958273,0.9332442257008314,0.7430551390177962,11.638624220786426,0
common,15m,AAVEUSDT,30,full,116,115,1,0.2956521739130435,25.368148564581734,38.540652279435825,0.2205925962137542,1764.0156173696037,15.339266237996553,1.3075014797598785,1.1024068499333868,22.954538364712597,3
common,15m,AAVEUSDT,50,earlier,73,73,0,0.3424657534246575,20.669585538990333,27.93138392939345,0.28314500738342924,2944.586431366472,40.3368004296777,1.4312858987035035,1.264086911529428,14.11154548021797,2
common,15m,AAVEUSDT,50,later,39,38,1,0.23684210526315788,0.1810603040212737,5.3098267981095555,0.004764744842665098,-1171.1861217141532,-30.820687413530344,1.0059396848154492,0.7884647560566449,10.538912203095013,0
common,15m,AAVEUSDT,50,full,112,111,1,0.3063063063063063,20.85064584301161,33.24121072750301,0.18784365624334784,1773.4003096523195,15.976579366237113,1.2659228286391349,1.1062764898216628,16.60205638385515,2
common,15m,AAVEUSDT,60,earlier,73,73,0,0.3561643835616438,34.96243050873845,42.217791696383735,0.4789374042292938,4886.572286358394,66.93934638847115,1.74750214606687,1.444255527903882,12.958409248333908,3
common,15m,AAVEUSDT,60,later,36,35,1,0.22857142857142856,-2.2916550558514683,2.2784811640071068,-0.06547585873861338,-1196.9376954301429,-34.19821986943265,0.918656518478317,0.7710063934456014,12.28110618717742,0
common,15m,AAVEUSDT,60,full,109,108,1,0.3148148148148148,32.67077545288699,44.49627286039083,0.302507180119324,3689.634590928249,34.16328324933564,1.435930489139279,1.2273845119908044,16.002972469386822,3
common,15m,AAVEUSDT,90,earlier,63,63,0,0.3492063492063492,19.424848284470404,25.566568457019596,0.30833092515032384,1407.603364415376,22.34291054627581,1.4776816552977599,1.1392915274342157,10.461338495246679,2
common,15m,AAVEUSDT,90,later,29,28,1,0.21428571428571427,4.647697815400888,8.200164748341857,0.16598920769288886,-364.87185404055214,-13.031137644305431,1.209945758359312,0.9128723126885828,7.11014418017308,0
common,15m,AAVEUSDT,90,full,92,91,1,0.3076923076923077,24.072546099871296,33.76673320536146,0.2645334736249593,1042.7315103748242,11.458588026096969,1.3833058269813578,1.072952816947758,10.461338495246679,2
common,15m,AAVEUSDT,120,earlier,52,52,0,0.36538461538461536,21.34638914386366,26.33291620312962,0.41050748353583966,2373.5332267365834,45.64486974493429,1.6448401087581694,1.2917016553278824,8.81056305285399,2
common,15m,AAVEUSDT,120,later,27,26,1,0.23076923076923078,1.521805777504296,4.796538695222487,0.05853099144247292,-295.65717670890086,-11.371429873419263,1.0729803950185621,0.9229120327398704,11.325834792884585,0
common,15m,AAVEUSDT,120,full,79,78,1,0.32051282051282054,22.868194921367962,31.12945489835211,0.29318198617138413,2077.8760500276826,26.639436538816444,1.4238332805824658,1.173558789974149,11.325834792884582,2
common,15m,AAVEUSDT,150,earlier,48,48,0,0.375,22.579540819693452,27.304587921576907,0.4704071004102803,2609.5128695607605,54.36485144918252,1.767350605077704,1.3572467819699912,7.709241127850273,2
common,15m,AAVEUSDT,150,later,24,24,0,0.20833333333333334,0.06797282668212112,3.1495275914350147,0.002832201111755047,-535.834458581485,-22.326435774228543,1.0033235372721405,0.8572468421774125,12.128728816359331,0
common,15m,AAVEUSDT,150,full,72,72,0,0.3194444444444444,22.647513646375568,30.454115513011924,0.3145488006441051,2073.6784109792748,28.80108904137882,1.4540647529125081,1.1875260150425415,12.12872881635932,2
common,15m,AAVEUSDT,200,earlier,42,42,0,0.38095238095238093,12.470674128920272,16.552597418519028,0.2969208125933398,991.7544557119311,23.61320132647455,1.4975955075941603,1.1560635815454612,6.957931803102689,1
common,15m,AAVEUSDT,200,later,23,23,0,0.21739130434782608,0.3814866688614209,3.4598739841234307,0.0165863769070183,-542.2155600487431,-23.574589567336655,1.0196272345145687,0.8473591317729011,9.78837432719524,0
common,15m,AAVEUSDT,200,full,65,65,0,0.3230769230769231,12.852160797781695,20.01247140264246,0.197725550735103,449.5388956631878,6.91598301020289,1.2888225422284942,1.0453756980498103,9.788374327195239,1
common,15m,AEROUSDT,0,earlier,52,52,0,0.36538461538461536,12.806182326019375,17.640003911899456,0.24627273703883412,3255.424089422237,62.60430941196609,1.3710944284249362,1.4039401901909565,12.839314737123992,0
common,15m,AEROUSDT,0,later,52,52,0,0.3269230769230769,-1.347508912609548,4.861285764400272,-0.025913632934799,1588.9383680876392,30.556507078608448,0.96182610106364,1.2409211753708072,16.639388045204722,0
common,15m,AEROUSDT,0,full,104,104,0,0.34615384615384615,11.458673413409823,22.501289676299727,0.11017955205201753,4844.362457509876,46.58040824528726,1.1641445049094676,1.330573109844193,16.63938804520471,0
common,15m,AEROUSDT,20,earlier,52,52,0,0.36538461538461536,12.806182326019375,17.640003911899456,0.24627273703883412,3255.424089422237,62.60430941196609,1.3710944284249362,1.4039401901909565,12.839314737123992,0
common,15m,AEROUSDT,20,later,52,52,0,0.3269230769230769,-1.347508912609548,4.861285764400272,-0.025913632934799,1588.9383680876392,30.556507078608448,0.96182610106364,1.2409211753708072,16.639388045204722,0
common,15m,AEROUSDT,20,full,104,104,0,0.34615384615384615,11.458673413409823,22.501289676299727,0.11017955205201753,4844.362457509876,46.58040824528726,1.1641445049094676,1.330573109844193,16.63938804520471,0
common,15m,AEROUSDT,30,earlier,52,52,0,0.36538461538461536,12.806182326019375,17.640003911899456,0.24627273703883412,3255.424089422237,62.60430941196609,1.3710944284249362,1.4039401901909565,12.839314737123992,0
common,15m,AEROUSDT,30,later,52,52,0,0.3269230769230769,-1.347508912609548,4.861285764400272,-0.025913632934799,1588.9383680876392,30.556507078608448,0.96182610106364,1.2409211753708072,16.639388045204722,0
common,15m,AEROUSDT,30,full,104,104,0,0.34615384615384615,11.458673413409823,22.501289676299727,0.11017955205201753,4844.362457509876,46.58040824528726,1.1641445049094676,1.330573109844193,16.63938804520471,0
common,15m,AEROUSDT,50,earlier,48,48,0,0.3958333333333333,17.217362419638196,21.64000391189945,0.3586950504091291,4234.592690693895,88.2206810561228,1.5720424906181218,1.5981058956796965,12.839314737123996,0
common,15m,AEROUSDT,50,later,51,51,0,0.3333333333333333,-1.1830882438466233,4.842054995169489,-0.023197808702874967,1623.1463771944152,31.82639955283167,0.9663271680172486,1.2473910871214249,16.474967376441793,0
common,15m,AEROUSDT,50,full,99,99,0,0.36363636363636365,16.034274175791563,26.48205890706894,0.16196236541203599,5857.739067888309,59.1690814938213,1.2458006117863025,1.4294196610236174,16.474967376441793,0
common,15m,AEROUSDT,60,earlier,46,46,0,0.391304347826087,17.22529133132359,21.424042806807922,0.3744628550287737,4124.022705816347,89.65266751774668,1.5934332219108052,1.6082216488920864,12.839314737123992,0
common,15m,AEROUSDT,60,later,49,49,0,0.32653061224489793,-2.697766786415173,3.11802180613629,-0.055056465028881084,794.0564658844553,16.205233997641944,0.9206268396429211,1.1239852622206101,17.989645919010343,0
common,15m,AEROUSDT,60,full,95,95,0,0.35789473684210527,14.527524544908411,24.54206461294422,0.15292131099903591,4918.079171700804,51.769254438955834,1.2305410881863668,1.3730083809015634,17.98964591901035,0
common,15m,AEROUSDT,90,earlier,39,39,0,0.38461538461538464,16.65786243544091,20.11563525382018,0.42712467783181823,3952.2064177770476,101.33862609684738,1.6601218060743534,1.654604283926132,11.032126303847235,0
common,15m,AEROUSDT,90,later,39,39,0,0.38461538461538464,5.892594784835357,10.56641097690778,0.15109217397013736,2529.648822455929,64.86279031938278,1.2437220838431953,1.5728030113209452,12.663333957777233,0
common,15m,AEROUSDT,90,full,78,78,0,0.38461538461538464,22.550457220276268,30.68204623072796,0.2891084259009778,6481.855240232975,83.10070820811507,1.4563757102669548,1.6200469484484576,12.663333957777233,0
common,15m,AEROUSDT,120,earlier,36,36,0,0.3888888888888889,14.230913307027546,17.35120058729282,0.39530314741743183,3577.008579727159,99.36134943686552,1.6087598315882792,1.63465365973746,11.223108667754666,0
common,15m,AEROUSDT,120,later,37,37,0,0.40540540540540543,8.243537727778293,12.566410976907774,0.22279831696698088,2797.6086189493735,75.61104375538848,1.3776835415892963,1.6743982758079943,11.48844506888835,0
common,15m,AEROUSDT,120,full,73,73,0,0.3972602739726027,22.47445103480584,29.917611564200598,0.3078691922576142,6374.617198676532,87.32352326954154,1.4971842359450707,1.65150412400332,11.48844506888835,0
common,15m,AEROUSDT,150,earlier,35,35,0,0.37142857142857144,10.866144676390931,14.09404089745997,0.31046127646831234,2916.8304795939216,83.33801370268347,1.4731807845691869,1.5486848041318935,10.988562496548344,0
common,15m,AEROUSDT,150,later,36,36,0,0.3611111111111111,4.339509177373104,8.599554274435137,0.12054192159369734,1891.837980456921,52.55105501269225,1.1837706055009871,1.4235089644319183,12.933959661770412,0
common,15m,AEROUSDT,150,full,71,71,0,0.36619718309859156,15.20565385376403,22.693595171895115,0.21416413878540888,4808.668460050842,67.72772478944849,1.3264572956140561,1.4915283141032245,12.93395966177041,0
common,15m,AEROUSDT,200,earlier,31,31,0,0.3870967741935484,13.142824012683642,16.070529306311403,0.42396206492527877,3611.568345117097,116.50220468119667,1.6589835045752848,1.8109982002986862,7.754897073397295,0
common,15m,AEROUSDT,200,later,32,32,0,0.375,6.354927063722846,10.297803180001118,0.19859147074133893,2145.725653298892,67.05392666559038,1.301016191338624,1.5363552195318169,10.36330933750094,0
common,15m,AEROUSDT,200,full,63,63,0,0.38095238095238093,19.49775107640649,26.36833248631252,0.30948811232391255,5757.293998415988,91.385619022476,1.4749101227663657,1.6810297695870053,10.363309337500937,0
common,15m,API3USDT,0,earlier,66,66,0,0.3181818181818182,30.435514082790714,36.53423406919015,0.4611441527695563,3104.373778440184,47.035966340002794,1.7203262795650431,1.300279299923105,8.346794133825524,2
common,15m,API3USDT,0,later,34,34,0,0.2647058823529412,-7.158722859541032,-2.6691236744691924,-0.21055067233944214,-2640.517264357706,-77.662272481109,0.718386019210454,0.4839970277446612,12.123531636464353,0
common,15m,API3USDT,0,full,101,101,0,0.297029702970297,22.628259973249687,33.372922894720965,0.2240421779529672,380.8942914160785,3.7712306080799856,1.3312037363336746,1.0245129352510585,12.77180188134271,2
common,15m,API3USDT,20,earlier,66,66,0,0.3181818181818182,30.435514082790714,36.53423406919015,0.4611441527695563,3104.373778440184,47.035966340002794,1.7203262795650431,1.300279299923105,8.346794133825524,2
common,15m,API3USDT,20,later,34,34,0,0.2647058823529412,-7.158722859541032,-2.6691236744691924,-0.21055067233944214,-2640.517264357706,-77.662272481109,0.718386019210454,0.4839970277446612,12.123531636464353,0
common,15m,API3USDT,20,full,101,101,0,0.297029702970297,22.628259973249687,33.372922894720965,0.2240421779529672,380.8942914160785,3.7712306080799856,1.3312037363336746,1.0245129352510585,12.77180188134271,2
common,15m,API3USDT,30,earlier,66,66,0,0.3181818181818182,30.435514082790714,36.53423406919015,0.4611441527695563,3104.373778440184,47.035966340002794,1.7203262795650431,1.300279299923105,8.346794133825524,2
common,15m,API3USDT,30,later,34,34,0,0.2647058823529412,-7.158722859541032,-2.6691236744691924,-0.21055067233944214,-2640.517264357706,-77.662272481109,0.718386019210454,0.4839970277446612,12.123531636464353,0
common,15m,API3USDT,30,full,101,101,0,0.297029702970297,22.628259973249687,33.372922894720965,0.2240421779529672,380.8942914160785,3.7712306080799856,1.3312037363336746,1.0245129352510585,12.77180188134271,2
common,15m,API3USDT,50,earlier,65,65,0,0.3230769230769231,31.5766692552045,37.53423406919015,0.4857949116185308,3266.0618204580187,50.24710493012336,1.7680786461301352,1.3209384220410625,8.346794133825524,2
common,15m,API3USDT,50,later,34,34,0,0.2647058823529412,-7.02015341509658,-2.6691236744691818,-0.20647510044401707,-2691.0775090658435,-79.14933850193657,0.7223234948428333,0.47926175355225153,12.123531636464353,0
common,15m,API3USDT,50,full,100,100,0,0.3,23.90798459010793,34.372922894720965,0.2390798459010793,492.02208872577665,4.920220887257766,1.356614460023071,1.0318927955512336,12.77180188134271,2
common,15m,API3USDT,60,earlier,64,64,0,0.328125,33.7365109579462,39.55025138520746,0.5271329837179094,3671.7371383524433,57.370892786756926,1.8435227589073253,1.3677301891203257,8.346794133825524,2
common,15m,API3USDT,60,later,32,32,0,0.28125,-5.562589461608209,-1.5993562326087178,-0.17383092067525655,-2535.395585510008,-79.23111204718775,0.7665152175936876,0.49414811648529633,10.665967682975984,0
common,15m,API3USDT,60,full,97,97,0,0.30927835051546393,27.525390246338,37.45870765259874,0.28376690975606184,1053.3793301760347,10.859580723464276,1.4269652325803093,1.0698529265628416,10.68258778620038,2
common,15m,API3USDT,90,earlier,55,55,0,0.32727272727272727,25.22454460365725,30.330616888694188,0.45862808370285907,2909.972017794331,52.90858214171511,1.7211473294123498,1.3473430793643062,5.5499408271221,2
common,15m,API3USDT,90,later,26,26,0,0.19230769230769232,-7.526704194525879,-4.497188982015938,-0.28948862286637994,-1853.1830097680358,-71.27626960646292,0.6551146705926647,0.5855221870565676,11.900726807367342,0
common,15m,API3USDT,90,full,82,82,0,0.2804878048780488,17.04930915913138,25.34124040667826,0.20791840437965098,973.8267853598959,11.875936406827998,1.2967643215965072,1.075304273247803,15.682525535120584,2
common,15m,API3USDT,120,earlier,49,49,0,0.2857142857142857,12.502587763912915,17.01020092585165,0.2551548523247534,1034.3128484928136,21.108425479445177,1.368818552462337,1.127598333661336,8.117092357084134,1
common,15m,API3USDT,120,later,19,19,0,0.21052631578947367,-5.561173079550262,-3.1521054940752986,-0.2926933199763296,-1733.740255035773,-91.24948710714595,0.6527965031847961,0.45891287392145585,9.353445380623189,0
common,15m,API3USDT,120,full,69,69,0,0.2608695652173913,6.292883434362661,13.365907931776352,0.09120120919366176,-782.3896292093597,-11.33898013346898,1.1244523668536832,0.9313280529398399,18.119068987707315,1
common,15m,API3USDT,150,earlier,44,44,0,0.2727272727272727,10.650757843881738,14.707466698782042,0.2420626782700395,441.67810579363044,10.038138768037054,1.3480445389096327,1.0598337729670357,9.147310342327753,1
common,15m,API3USDT,150,later,20,20,0,0.15,-8.242075669689793,-5.746700088669879,-0.41210378348448967,-2142.319442157089,-107.11597210785445,0.5501687207919903,0.4013389249226547,13.209222970762712,0
common,15m,API3USDT,150,full,65,65,0,0.23076923076923078,1.7601509241919517,8.468579110112161,0.027079244987568488,-1783.6035590298582,-27.44005475430551,1.0355063605701,0.8384890009724207,23.005064563090457,1
common,15m,API3USDT,200,earlier,40,40,0,0.3,19.843125766417245,23.615945759831682,0.4960781441604311,2442.0872647455767,61.052181618639416,1.7349845041519738,1.3834736173473554,5.370842108233843,1
common,15m,API3USDT,200,later,20,20,0,0.2,-5.147978608675184,-2.47746931943909,-0.2573989304337592,-1496.082260025552,-74.8041130012776,0.7020241558393255,0.5200906636183125,12.163125909748125,0
common,15m,API3USDT,200,full,61,61,0,0.26229508196721313,14.046615907742066,20.646288940392598,0.2302723919301978,863.0427820536255,14.148242328747958,1.3126817274766254,1.0901941632595757,17.51119360026965,1
common,15m,APTUSDT,0,earlier,70,70,0,0.2571428571428571,-5.499953900988572,1.6450126470073125,-0.07857077001412247,-5297.794424031862,-75.68277748616946,0.8958147922214389,0.602682102758701,20.158716145445933,1
common,15m,APTUSDT,0,later,47,47,0,0.3404255319148936,5.773661091729871,11.25256445168979,0.12284385301552918,952.6275386184005,20.268671034434053,1.1678958812564582,1.1402597212559449,14.025780375042583,0
common,15m,APTUSDT,0,full,117,117,0,0.2905982905982906,0.27370719074130545,12.897577098697104,0.002339377698643636,-4345.16688541346,-37.138178507807346,1.0031396178997114,0.7840994079747502,20.158716145445933,1
common,15m,APTUSDT,20,earlier,70,70,0,0.2571428571428571,-5.499953900988572,1.6450126470073125,-0.07857077001412247,-5297.794424031862,-75.68277748616946,0.8958147922214389,0.602682102758701,20.158716145445933,1
common,15m,APTUSDT,20,later,47,47,0,0.3404255319148936,5.773661091729871,11.25256445168979,0.12284385301552918,952.6275386184005,20.268671034434053,1.1678958812564582,1.1402597212559449,14.025780375042583,0
common,15m,APTUSDT,20,full,117,117,0,0.2905982905982906,0.27370719074130545,12.897577098697104,0.002339377698643636,-4345.16688541346,-37.138178507807346,1.0031396178997114,0.7840994079747502,20.158716145445933,1
common,15m,APTUSDT,30,earlier,70,70,0,0.2571428571428571,-5.499953900988572,1.6450126470073125,-0.07857077001412247,-5297.794424031862,-75.68277748616946,0.8958147922214389,0.602682102758701,20.158716145445933,1
common,15m,APTUSDT,30,later,47,47,0,0.3404255319148936,5.773661091729871,11.25256445168979,0.12284385301552918,952.6275386184005,20.268671034434053,1.1678958812564582,1.1402597212559449,14.025780375042583,0
common,15m,APTUSDT,30,full,117,117,0,0.2905982905982906,0.27370719074130545,12.897577098697104,0.002339377698643636,-4345.16688541346,-37.138178507807346,1.0031396178997114,0.7840994079747502,20.158716145445933,1
common,15m,APTUSDT,50,earlier,66,66,0,0.25757575757575757,-3.37696487768238,3.3232584138191275,-0.05116613451033909,-4829.745835094977,-73.17796719840875,0.9324933549208546,0.6218775316922218,18.54693268321225,1
common,15m,APTUSDT,50,later,46,46,0,0.34782608695652173,6.8759413586507545,12.252564451689793,0.1494769860576251,1168.1686786847602,25.394971275755655,1.2065711853363978,1.1776320030269167,14.025780375042585,0
common,15m,APTUSDT,50,full,112,112,0,0.29464285714285715,3.498976480968369,15.575822865508924,0.03124086143721758,-3661.5771564102174,-32.69265318223408,1.0419993531014733,0.8107644425389126,18.54693268321225,1
common,15m,APTUSDT,60,earlier,64,64,0,0.25,-2.1369018326263944,4.251497140609587,-0.03338909113478741,-4707.416158508669,-73.55337747669795,0.9557348300287721,0.6249593133203996,18.494903802527606,1
common,15m,APTUSDT,60,later,42,42,0,0.35714285714285715,9.538967846375042,14.42716762629298,0.22711828205654863,1758.1654979741604,41.861083285099056,1.318333234311664,1.297594892674241,12.955886335307486,0
common,15m,APTUSDT,60,full,106,106,0,0.29245283018867924,7.40206601374865,18.678664766902564,0.06983081145045895,-2949.2506605345075,-27.823119439004792,1.0946067353975115,0.8402326963654148,18.494903802527606,1
common,15m,APTUSDT,90,earlier,56,56,0,0.25,-0.6917243733617884,4.35122501595281,-0.012352220952889079,-3569.356979317271,-63.73851748780841,0.9833339296191549,0.6831316717520829,13.920305513622395,1
common,15m,APTUSDT,90,later,35,35,0,0.34285714285714286,1.8347065897251627,5.753508300673982,0.05242018827786179,352.306993122643,10.065914089218372,1.0724515909153012,1.067233907962829,12.763132359950731,0
common,15m,APTUSDT,90,full,91,91,0,0.2857142857142857,1.1429822163633752,10.104733316626792,0.012560244135861265,-3217.0499861946278,-35.35219765049042,1.0171033038144053,0.8050804295373813,13.920305513622395,1
common,15m,APTUSDT,120,earlier,51,51,0,0.2549019607843137,-1.5980921263993042,3.290885919743893,-0.03133513973331969,-3112.263648330403,-61.024777418243204,0.959107605934876,0.692083875643463,12.586254811646928,1
common,15m,APTUSDT,120,later,32,32,0,0.375,5.117782965357939,8.753508300673985,0.1599307176674356,1262.595629624001,39.45611342575003,1.232202939048241,1.2916106452391574,11.715731624656613,0
common,15m,APTUSDT,120,full,83,83,0,0.30120481927710846,3.5196908389586365,12.04439422041788,0.04240591372239321,-1849.668018706402,-22.285156851884363,1.0575860421520749,0.8718821194648483,12.586254811646928,1
common,15m,APTUSDT,150,earlier,47,47,0,0.23404255319148937,-1.938755512318687,2.557666797623105,-0.04125011728337632,-3246.244678411515,-69.0690357108833,0.9470213197156262,0.6606622910309181,11.424041478313594,1
common,15m,APTUSDT,150,later,33,33,0,0.3939393939393939,12.84539006584007,16.640033123369026,0.38925424441939604,2369.119099851564,71.79148787428981,1.5822940933262226,1.5462169317197076,8.380968943090265,0
common,15m,APTUSDT,150,full,80,80,0,0.3,10.906634553521387,19.19769992099213,0.13633293191901735,-877.125578559951,-10.96406973199939,1.1859455750022734,0.9369143951173539,11.424041478313594,1
common,15m,APTUSDT,200,earlier,42,42,0,0.21428571428571427,-4.108832509989757,-0.08818541749474329,-0.09782934547594659,-3015.4228405720205,-71.79578191838144,0.8771268844547752,0.636988756415388,12.117213346942423,1
common,15m,APTUSDT,200,later,31,31,0,0.41935483870967744,15.107016183019809,18.64003312336902,0.48732310267805834,2734.060250268978,88.1954919441606,1.7630444489442847,1.6882672806327348,8.380968943090265,0
common,15m,APTUSDT,200,full,73,73,0,0.3013698630136986,10.99818367303005,18.55184770587428,0.15066005031548013,-281.362590303043,-3.8542820589457953,1.2065852861401685,0.977086009508558,12.117213346942423,1
common,15m,ARBUSDT,0,earlier,77,77,0,0.38961038961038963,36.29990678418283,44.284883513058375,0.47142736083354325,6942.89847788907,90.16751269985805,1.7624527068179554,1.6555931720672583,6.623919454319111,2
common,15m,ARBUSDT,0,later,29,29,0,0.3448275862068966,-4.191321543755851,-1.3252105496726843,-0.14452832909502936,178.1298765541181,6.142409536348899,0.7901994705861873,1.0445286812768213,8.592999514999846,0
common,15m,ARBUSDT,0,full,106,106,0,0.37735849056603776,32.108585240426976,42.95967296338569,0.302911181513462,7121.0283544431895,67.17951277776594,1.4750701639795984,1.4880560742733167,8.592999514999832,2
common,15m,ARBUSDT,20,earlier,77,77,0,0.38961038961038963,36.29990678418283,44.284883513058375,0.47142736083354325,6942.89847788907,90.16751269985805,1.7624527068179554,1.6555931720672583,6.623919454319111,2
common,15m,ARBUSDT,20,later,29,29,0,0.3448275862068966,-4.191321543755851,-1.3252105496726843,-0.14452832909502936,178.1298765541181,6.142409536348899,0.7901994705861873,1.0445286812768213,8.592999514999846,0
common,15m,ARBUSDT,20,full,106,106,0,0.37735849056603776,32.108585240426976,42.95967296338569,0.302911181513462,7121.0283544431895,67.17951277776594,1.4750701639795984,1.4880560742733167,8.592999514999832,2
common,15m,ARBUSDT,30,earlier,76,76,0,0.39473684210526316,37.450242550606184,45.284883513058375,0.49276634935008135,7095.934018770796,93.3675528785631,1.8060914012356588,1.6798682782889323,6.623919454319111,2
common,15m,ARBUSDT,30,later,29,29,0,0.3448275862068966,-4.191321543755851,-1.3252105496726843,-0.14452832909502936,178.1298765541181,6.142409536348899,0.7901994705861873,1.0445286812768213,8.592999514999846,0
common,15m,ARBUSDT,30,full,105,105,0,0.38095238095238093,33.258921006850336,43.95967296338569,0.3167516286366699,7274.063895324914,69.27679900309441,1.500610654548268,1.5038292021407742,8.592999514999832,2
common,15m,ARBUSDT,50,earlier,73,73,0,0.410958904109589,40.851049539393486,48.28488351305837,0.559603418347856,7614.688697539611,104.31080407588509,1.948739301039729,1.7677286075554113,6.623919454319111,2
common,15m,ARBUSDT,50,later,28,28,0,0.35714285714285715,-3.7508867611471457,-1.0353554772089073,-0.1339602414695409,236.62843285825713,8.45101545922347,0.8080132341344116,1.0600299176087322,8.152564732391141,0
common,15m,ARBUSDT,50,full,101,101,0,0.39603960396039606,37.10016277824633,47.24952803584946,0.3673283443390726,7851.317130397868,77.73581317225612,1.5926973375666422,1.5664605956152637,8.152564732391127,2
common,15m,ARBUSDT,60,earlier,72,72,0,0.3888888888888889,19.569509541549515,26.925871437664224,0.2717987436326321,4469.8204080044425,62.08083900006171,1.4425629878711779,1.4441749189959048,8.747804893324409,1
common,15m,ARBUSDT,60,later,28,28,0,0.35714285714285715,-3.7508867611471457,-1.0353554772089073,-0.1339602414695409,236.62843285825713,8.45101545922347,0.8080132341344116,1.0600299176087322,8.152564732391141,0
common,15m,ARBUSDT,60,full,100,100,0,0.38,15.818622780402363,25.89051596045532,0.15818622780402364,4706.448840862699,47.06448840862699,1.2481126812060597,1.3360539312459843,8.747804893324409,1
common,15m,ARBUSDT,90,earlier,58,58,0,0.39655172413793105,8.689546263555973,14.723933593272745,0.14981976316475817,3870.7007877803067,66.73622047897081,1.239609993465364,1.509064931516118,6.605696856552285,0
common,15m,ARBUSDT,90,later,27,27,0,0.37037037037037035,-3.215077142546467,-0.6004386425314798,-0.1190769312054247,291.6495999573679,10.801837035458071,0.8255755433668662,1.0781721176499437,7.616755113790462,0
common,15m,ARBUSDT,90,full,85,85,0,0.38823529411764707,5.4744691210095064,14.12349495074127,0.06440551907070008,4162.350387737674,48.968828091031455,1.1000856079257582,1.3672311609382295,7.616755113790462,0
common,15m,ARBUSDT,120,earlier,51,51,0,0.4117647058823529,9.96868036118227,15.164937610038953,0.1954643208074955,4087.3708395825547,80.14452626632459,1.3245206876837758,1.6184692519234638,6.63636336899234,0
common,15m,ARBUSDT,120,later,26,26,0,0.34615384615384615,-5.642000766834895,-3.133122755075931,-0.2170000294936498,-164.0794348961329,-6.310747496005113,0.6939100138357949,0.9560210715512323,10.043678738078889,0
common,15m,ARBUSDT,120,full,77,77,0,0.38961038961038963,4.326679594347376,12.031814854963017,0.056190644082433454,3923.2914046864207,50.95183642449898,1.0880289277770547,1.379439016655866,10.043678738078892,0
common,15m,ARBUSDT,150,earlier,48,48,0,0.4791666666666667,35.64827569802301,40.645954337791615,0.7426724103754795,8286.237988041132,172.62995808419026,2.3241482935456297,2.4744861473265143,4.2548618612607925,1
common,15m,ARBUSDT,150,later,22,22,0,0.3181818181818182,-5.790932521234038,-3.722568193358579,-0.2632242055106381,-450.82404548693404,-20.49200206758791,0.6414219958093299,0.868263124294077,10.192610492478034,0
common,15m,ARBUSDT,150,full,70,70,0,0.42857142857142855,29.85734317678898,36.923386144433024,0.4265334739541283,7835.413942554199,111.93448489363142,1.6932061112858128,1.866567050875205,10.192610492478025,1
common,15m,ARBUSDT,200,earlier,46,46,0,0.41304347826086957,25.931222876844586,30.726784873667526,0.5637222364531432,6286.162189802069,136.65569977830586,1.8895808659163806,2.0491277250334616,6.663824203731966,1
common,15m,ARBUSDT,200,later,19,19,0,0.3157894736842105,-5.37440800514441,-3.5559015266919216,-0.2828635792181268,-455.96179520477625,-23.997989221304014,0.6153165696668847,0.8444782439502592,9.776085976388405,0
common,15m,ARBUSDT,200,full,65,65,0,0.38461538461538464,20.556814871700176,27.170883346975604,0.31625869033384885,5830.200394597291,89.69539068611218,1.4767248414939187,1.6533448545201312,9.776085976388408,1
common,15m,ARUSDT,0,earlier,66,66,0,0.42424242424242425,32.050324629321025,37.72874324778702,0.48561097923213675,5287.4534251430005,80.11293068398486,1.8411271383223544,1.5053604286068722,6.913436742074413,1
common,15m,ARUSDT,0,later,45,45,0,0.3111111111111111,-3.55865883003377,1.6368946476332988,-0.07908130733408378,3237.3084590720414,71.94018797937869,0.8901881099834301,1.537393173908621,22.435572188210394,1
common,15m,ARUSDT,0,full,111,111,0,0.3783783783783784,28.49166579928725,39.365637895420306,0.2566816738674527,8524.761884215042,76.79965661454993,1.4040747339596797,1.5170648198405163,22.4355721882104,2
common,15m,ARUSDT,20,earlier,66,66,0,0.42424242424242425,32.050324629321025,37.72874324778702,0.48561097923213675,5287.4534251430005,80.11293068398486,1.8411271383223544,1.5053604286068722,6.913436742074413,1
common,15m,ARUSDT,20,later,45,45,0,0.3111111111111111,-3.55865883003377,1.6368946476332988,-0.07908130733408378,3237.3084590720414,71.94018797937869,0.8901881099834301,1.537393173908621,22.435572188210394,1
common,15m,ARUSDT,20,full,111,111,0,0.3783783783783784,28.49166579928725,39.365637895420306,0.2566816738674527,8524.761884215042,76.79965661454993,1.4040747339596797,1.5170648198405163,22.4355721882104,2
common,15m,ARUSDT,30,earlier,66,66,0,0.42424242424242425,32.050324629321025,37.72874324778702,0.48561097923213675,5287.4534251430005,80.11293068398486,1.8411271383223544,1.5053604286068722,6.913436742074413,1
common,15m,ARUSDT,30,later,45,45,0,0.3111111111111111,-3.55865883003377,1.6368946476332988,-0.07908130733408378,3237.3084590720414,71.94018797937869,0.8901881099834301,1.537393173908621,22.435572188210394,1
common,15m,ARUSDT,30,full,111,111,0,0.3783783783783784,28.49166579928725,39.365637895420306,0.2566816738674527,8524.761884215042,76.79965661454993,1.4040747339596797,1.5170648198405163,22.4355721882104,2
common,15m,ARUSDT,50,earlier,64,64,0,0.4375,32.704970478882906,38.218327106551214,0.5110151637325454,5446.591958725136,85.10299935508024,1.8950808948399582,1.5395388983396328,6.913436742074413,1
common,15m,ARUSDT,50,later,44,44,0,0.3181818181818182,4.913078113286069,9.9617934330584,0.11166086621104702,5009.036435738443,113.8417371758737,1.1569784477527738,1.8605502594188754,15.07291024489055,1
common,15m,ARUSDT,50,full,108,108,0,0.3888888888888889,37.61804859216896,48.180120539609604,0.3483152647423052,10455.628394463576,96.8113740228109,1.5545411532892397,1.6569405754622042,15.072910244890565,2
common,15m,ARUSDT,60,earlier,63,63,0,0.42857142857142855,30.501689785566544,35.921068984668906,0.4841538061201039,4766.781146528921,75.66319280204637,1.8352463150451397,1.4709275464582052,6.913436742074413,1
common,15m,ARUSDT,60,later,44,44,0,0.3181818181818182,4.913078113286069,9.9617934330584,0.11166086621104702,5009.036435738443,113.8417371758737,1.1569784477527738,1.8605502594188754,15.07291024489055,1
common,15m,ARUSDT,60,full,107,107,0,0.38317757009345793,35.4147678988526,45.88286241772731,0.3309791392416131,9775.817582267364,91.36278114268565,1.5222185878729968,1.6131788669395244,15.072910244890565,2
common,15m,ARUSDT,90,earlier,55,55,0,0.4727272727272727,35.54023876806721,40.1051443307273,0.6461861594194038,6455.933790874704,117.38061437954008,2.261691633956738,1.776618341738956,3.928825587948518,0
common,15m,ARUSDT,90,later,33,33,0,0.3939393939393939,14.848703564108696,18.373083755639037,0.44996071406389987,6630.90669927844,200.93656664480122,1.745050956564836,2.6684269795633297,8.823847184037382,1
common,15m,ARUSDT,90,full,88,88,0,0.4431818181818182,50.38894233217591,58.478228086366336,0.5726016174110898,13086.840490153145,148.714096479013,2.047619765876685,2.065077005313071,8.82384718403739,1
common,15m,ARUSDT,120,earlier,47,47,0,0.40425531914893614,12.78167328900415,16.80334384269612,0.2719504955107266,2130.196731927347,45.32333472185846,1.4587269701257175,1.2777555478179128,6.953480932684311,0
common,15m,ARUSDT,120,later,31,31,0,0.3870967741935484,8.528707155593612,11.886894647633287,0.27511958566431005,5269.107500240287,169.97120968517052,1.4529624242206571,2.4026903004312836,12.168517566219379,1
common,15m,ARUSDT,120,full,78,78,0,0.3974358974358974,21.310380444597765,28.690238490329396,0.27321000569997134,7399.304232167638,94.86287477137996,1.4564023989747568,1.647598900453858,12.168517566219375,1
common,15m,ARUSDT,150,earlier,47,47,0,0.425531914893617,12.317293319748288,16.33039992177804,0.2620700706329423,2179.601867963625,46.37450782901329,1.4596737855694517,1.2963995257905079,5.817624092310171,0
common,15m,ARUSDT,150,later,27,27,0,0.4074074074074074,11.738410898909114,14.533953471162697,0.43475595921885607,5868.453748543477,217.35013883494355,1.7594570159817746,2.868947589523062,8.958813822903876,1
common,15m,ARUSDT,150,full,74,74,0,0.4189189189189189,24.055704218657404,30.864353392940735,0.32507708403591085,8048.0556165071,108.75750833117704,1.569338190369415,1.7669510064541396,8.958813822903874,1
common,15m,ARUSDT,200,earlier,45,45,0,0.4222222222222222,9.988516739640033,13.970835498238184,0.2219670386586674,1228.3028718089774,27.295619373532833,1.3761301529583747,1.173129327179103,6.103020413820969,0
common,15m,ARUSDT,200,later,25,25,0,0.4,11.282712558034303,13.85597458730146,0.45130850232137215,5747.015671227758,229.8806268491103,1.7822197784679228,2.9358315204124996,9.414512163778687,1
common,15m,ARUSDT,200,full,70,70,0,0.4142857142857143,21.271229297674335,27.826810085539638,0.3038747042524905,6975.318543036735,99.64740775766765,1.5190639377187352,1.6931324669614911,9.414512163778685,1
common,15m,BOMEUSDT,0,earlier,69,69,0,0.2898550724637681,-4.561244941584793,0.9013147088910582,-0.06610499915340279,-342.7879075081037,-4.9679406885232416,0.8997967793151227,0.9718859628347756,16.2807088141883,0
common,15m,BOMEUSDT,0,later,46,46,0,0.34782608695652173,9.670065321908758,15.074397279516136,0.21021881134584258,2840.144966869368,61.74228188846452,1.3217557569947678,1.5246889013299187,9.169941393042881,0
common,15m,BOMEUSDT,0,full,115,115,0,0.3130434782608696,5.108820380323966,15.975711988407191,0.044424525046295356,2497.357059361266,21.71614834227188,1.0676002389900776,1.1418487464003557,16.2807088141883,0
common,15m,BOMEUSDT,20,earlier,69,69,0,0.2898550724637681,-4.561244941584793,0.9013147088910582,-0.06610499915340279,-342.7879075081037,-4.9679406885232416,0.8997967793151227,0.9718859628347756,16.2807088141883,0
common,15m,BOMEUSDT,20,later,46,46,0,0.34782608695652173,9.670065321908758,15.074397279516136,0.21021881134584258,2840.144966869368,61.74228188846452,1.3217557569947678,1.5246889013299187,9.169941393042881,0
common,15m,BOMEUSDT,20,full,115,115,0,0.3130434782608696,5.108820380323966,15.975711988407191,0.044424525046295356,2497.357059361266,21.71614834227188,1.0676002389900776,1.1418487464003557,16.2807088141883,0
common,15m,BOMEUSDT,30,earlier,69,69,0,0.2898550724637681,-4.561244941584793,0.9013147088910582,-0.06610499915340279,-342.7879075081037,-4.9679406885232416,0.8997967793151227,0.9718859628347756,16.2807088141883,0
common,15m,BOMEUSDT,30,later,46,46,0,0.34782608695652173,9.670065321908758,15.074397279516136,0.21021881134584258,2840.144966869368,61.74228188846452,1.3217557569947678,1.5246889013299187,9.169941393042881,0
common,15m,BOMEUSDT,30,full,115,115,0,0.3130434782608696,5.108820380323966,15.975711988407191,0.044424525046295356,2497.357059361266,21.71614834227188,1.0676002389900776,1.1418487464003557,16.2807088141883,0
common,15m,BOMEUSDT,50,earlier,68,68,0,0.27941176470588236,-4.708481019240278,0.6032377858141296,-0.06924236793000409,-502.7664556381246,-7.393624347619481,0.8963893946771934,0.9591019232294071,16.2807088141883,0
common,15m,BOMEUSDT,50,later,43,43,0,0.3488372093023256,9.950309409590151,14.833890950402223,0.2314025444090733,2777.7038383158874,64.59776368176483,1.3596295945291614,1.5379702527578645,8.327487757487164,0
common,15m,BOMEUSDT,50,full,111,111,0,0.3063063063063063,5.241828390349878,15.437128736216362,0.04722367919234124,2274.9373826777637,20.49493137547535,1.0716956507583766,1.1303206580799903,16.2807088141883,0
common,15m,BOMEUSDT,60,earlier,65,65,0,0.2923076923076923,-1.8619954561891734,3.2216586234574667,-0.0286460839413719,-494.9488888635325,-7.614598290208193,0.9558210557723038,0.9573466149150476,16.2807088141883,0
common,15m,BOMEUSDT,60,later,42,42,0,0.38095238095238093,13.967964301437586,18.7300749351938,0.3325705786056568,3440.7451825500534,81.92250434642985,1.5423155580358208,1.7149738098362506,8.327487757487164,0
common,15m,BOMEUSDT,60,full,107,107,0,0.32710280373831774,12.105968845248416,21.95173355865127,0.11313989574998519,2945.796293686522,27.530806483051606,1.1782837210565833,1.1794424572668094,16.2807088141883,0
common,15m,BOMEUSDT,90,earlier,56,56,0,0.30357142857142855,-0.35056904938056377,3.889608082009577,-0.006260161596081496,-106.0110658862895,-1.8930547479694555,0.9900287587737813,0.989343319635502,11.008596442530218,0
common,15m,BOMEUSDT,90,later,36,36,0,0.3888888888888889,13.711387112335451,17.734247712139293,0.3808718642315403,2898.86542168845,80.52403949134583,1.6336133443613985,1.7056375386972489,7.206186170185582,0
common,15m,BOMEUSDT,90,full,92,92,0,0.33695652173913043,13.360818062954888,21.623855794148866,0.1452262832929879,2792.854355802162,30.357112563066977,1.2352339275541373,1.1986947954381488,11.008596442530218,0
common,15m,BOMEUSDT,120,earlier,50,50,0,0.28,-6.625482246312895,-2.723948995525726,-0.1325096449262579,-1080.7602098578172,-21.61520419715635,0.7933686829300374,0.8775493859013702,14.967041932900802,0
common,15m,BOMEUSDT,120,later,33,33,0,0.36363636363636365,11.933240789866055,15.50977517993986,0.36161335726866833,2475.475386264868,75.01440564438994,1.5964000103211404,1.626299478443513,6.687684397545008,0
common,15m,BOMEUSDT,120,full,83,83,0,0.3132530120481928,5.307758543553163,12.785826184414134,0.06394889811509835,1394.7151764070516,16.803797306109054,1.101929076056086,1.109144315772956,14.967041932900802,0
common,15m,BOMEUSDT,150,earlier,44,44,0,0.22727272727272727,-11.597069045190768,-8.12316623422232,-0.2635697510270629,-1688.238309544359,-38.369052489644524,0.6235247099494371,0.7965577069092542,19.465644913957767,0
common,15m,BOMEUSDT,150,later,35,35,0,0.3142857142857143,8.122271836423826,12.16641697777812,0.23206490961210932,2113.8337252269766,60.39524929219934,1.3438339095975396,1.4870246584258413,7.7322206823156785,0
common,15m,BOMEUSDT,150,full,79,79,0,0.26582278481012656,-3.4747972087669408,4.043250743555798,-0.04398477479451824,425.59541568261784,5.387283742817948,0.9361567274115961,1.033674077910677,19.465644913957767,0
common,15m,BOMEUSDT,200,earlier,41,41,0,0.2682926829268293,-6.837804883805845,-3.698264059096588,-0.1667757288733133,-1272.396075452666,-31.034050620796734,0.7459658077068643,0.8318748111438047,12.148362823760344,0
common,15m,BOMEUSDT,200,later,30,30,0,0.36666666666666664,13.309628331138326,16.75677842356126,0.44365427770461086,3093.3085631849362,103.11028543949786,1.7219641223147133,1.9204011751996508,7.013703003322767,0
common,15m,BOMEUSDT,200,full,71,71,0,0.30985915492957744,6.4718234473324845,13.058514364464676,0.09115244292017584,1820.9124877322702,25.646654756792536,1.142701508564397,1.1666133212695753,12.148362823760344,0
common,15m,BTCUSDT,0,earlier,47,47,0,0.3191489361702128,-6.792440292551344,7.00406856601299,-0.14452000622449668,-268.4951806504844,-5.712663418095412,0.809497567670206,0.9037204990159434,19.374003626631055,0
common,15m,BTCUSDT,0,later,41,41,0,0.2926829268292683,5.657242214708984,18.939668093989237,0.13798151743192644,1124.4138683099898,27.424728495365606,1.1470428819005316,1.3567523831830544,13.168634779930848,0
common,15m,BTCUSDT,0,full,88,88,0,0.3068181818181818,-1.1351980778423583,25.943736660002223,-0.012899978157299525,855.9186876595054,9.72634872340347,0.9846861433405381,1.144081675911355,19.960737539964743,0
common,15m,BTCUSDT,20,earlier,47,47,0,0.3191489361702128,-6.792440292551344,7.00406856601299,-0.14452000622449668,-268.4951806504844,-5.712663418095412,0.809497567670206,0.9037204990159434,19.374003626631055,0
common,15m,BTCUSDT,20,later,41,41,0,0.2926829268292683,5.657242214708984,18.939668093989237,0.13798151743192644,1124.4138683099898,27.424728495365606,1.1470428819005316,1.3567523831830544,13.168634779930848,0
common,15m,BTCUSDT,20,full,88,88,0,0.3068181818181818,-1.1351980778423583,25.943736660002223,-0.012899978157299525,855.9186876595054,9.72634872340347,0.9846861433405381,1.144081675911355,19.960737539964743,0
common,15m,BTCUSDT,30,earlier,47,47,0,0.3191489361702128,-6.792440292551344,7.00406856601299,-0.14452000622449668,-268.4951806504844,-5.712663418095412,0.809497567670206,0.9037204990159434,19.374003626631055,0
common,15m,BTCUSDT,30,later,40,40,0,0.3,6.827534817660099,19.93966809398924,0.17068837044150248,1261.858781673272,31.5464695418318,1.1830284942742026,1.4186158373539401,11.998342176979737,0
common,15m,BTCUSDT,30,full,87,87,0,0.3103448275862069,0.035094525108755326,26.943736660002234,0.0004033853460776474,993.3636010227876,11.417972425549284,1.000481020215249,1.1711791140530565,19.960737539964743,0
common,15m,BTCUSDT,50,earlier,47,47,0,0.3191489361702128,-7.433457554533856,7.011747147758938,-0.15815867137306078,-262.32452857641135,-5.581372948434284,0.7952013378066467,0.9057246229304854,20.015020888613567,0
common,15m,BTCUSDT,50,later,39,39,0,0.3076923076923077,9.357993987690849,21.662727836160524,0.23994856378694485,1266.1790376308388,32.46612917002151,1.2648914680951227,1.4257699852012422,10.022870536713945,0
common,15m,BTCUSDT,50,full,86,86,0,0.313953488372093,1.9245364331569863,28.674474983919463,0.022378330618104493,1003.8545090544275,11.672726849470086,1.0268699674942705,1.174389535811925,20.601754801947255,0
common,15m,BTCUSDT,60,earlier,46,46,0,0.32608695652173914,-5.350703282391681,8.004068566013002,-0.11631963657373219,-203.21937278287635,-4.41781245180166,0.843609163003661,0.9253810854149933,19.374003626631055,0
common,15m,BTCUSDT,60,later,36,36,0,0.3333333333333333,14.394996850273921,24.662727836160528,0.39986102361872006,1452.3635778411249,40.34343271780902,1.4752290416146814,1.5209950648806916,10.022870536713949,0
common,15m,BTCUSDT,60,full,82,82,0,0.32926829268292684,9.04429356788224,32.66679640217353,0.11029626302295416,1249.1442050582486,15.233465915344496,1.1402122302182514,1.2266595976375427,19.374003626631055,0
common,15m,BTCUSDT,90,earlier,39,39,0,0.3076923076923077,-3.7674251862738117,7.559246118871418,-0.0966006458018926,-235.34248061620912,-6.034422579902798,0.8707494347458192,0.9023628190022598,15.142505445498292,0
common,15m,BTCUSDT,90,later,26,26,0,0.4230769230769231,19.10868000528835,27.326135631868578,0.7349492309726288,2281.2148180409317,87.73903146311275,1.9400863940544408,2.4678148628965837,8.110687671545893,0
common,15m,BTCUSDT,90,full,65,65,0,0.35384615384615387,15.341254819014539,34.88538175074,0.23601930490791598,2045.8723374247227,31.474959037303424,1.3100825465934833,1.5160434913098826,15.142505445498292,0
common,15m,BTCUSDT,120,earlier,34,34,0,0.3235294117647059,-1.7064849666844837,8.16298339105574,-0.05019073431424952,-121.61681611838601,-3.5769651799525297,0.9317935960654423,0.9419659506530872,12.984181219172697,0
common,15m,BTCUSDT,120,later,24,24,0,0.4583333333333333,22.078920423902158,29.32613563186856,0.9199550176625899,2399.148385230914,99.96451605128806,2.2721002177268272,2.6704561741703507,9.120378701552873,0
common,15m,BTCUSDT,120,full,58,58,0,0.3793103448275862,20.372435457217673,37.48911902292431,0.35124888719340813,2277.531569112528,39.267785674353924,1.4807575106128947,1.6448578816267676,12.984181219172697,0
common,15m,BTCUSDT,150,earlier,28,28,0,0.35714285714285715,2.610892843251345,10.353919453045064,0.09324617297326232,264.73065338576686,9.454666192348817,1.141880046480505,1.1654515263145888,12.315554316668576,0
common,15m,BTCUSDT,150,later,25,25,0,0.44,20.781309150936508,28.326135631868556,0.8312523660374603,2340.170344794255,93.6068137917702,2.1140472034695135,2.565120358415625,7.989668199608078,0
common,15m,BTCUSDT,150,full,53,53,0,0.39622641509433965,23.392201994187854,38.680055084913626,0.4413623017771293,2604.9009981800214,49.149075437358896,1.6312662449197883,1.8415798489870117,12.315554316668576,0
common,15m,BTCUSDT,200,earlier,27,27,0,0.3333333333333333,-0.011290783714693414,7.6343062701406055,-0.0004181771746182746,-273.5420712940759,-10.131187825706517,0.9993864409554827,0.8290415083103019,12.315554316668578,0
common,15m,BTCUSDT,200,later,24,24,0,0.375,14.159990772835366,21.37150051434574,0.589999615534807,1803.0645264321681,75.12768860134034,1.7270949523160803,2.1470769651870443,13.359621439479573,0
common,15m,BTCUSDT,200,full,51,51,0,0.35294117647058826,14.14869998912067,29.005806784486346,0.27742548998275823,1529.522455138092,29.99063637525671,1.3735446708470356,1.4822060438145297,13.359621439479573,0
common,15m,DASHUSDT,0,earlier,73,73,0,0.3835616438356164,15.36537659024598,25.282489495594003,0.21048461082528738,2469.162249719619,33.824140407118065,1.3147186617456283,1.309038708310979,9.464155506587101,2
common,15m,DASHUSDT,0,later,49,49,0,0.42857142857142855,29.41081554878442,33.33573631901468,0.6002207254853963,7911.326807475507,161.4556491321532,2.0629264272945806,1.8607359808487551,5.441228469987905,0
common,15m,DASHUSDT,0,full,122,122,0,0.4016393442622951,44.7761921390304,58.61822581460868,0.36701796835270817,10380.489057195127,85.08597587864858,1.5853690712861797,1.6041783529521028,9.464155506587101,2
common,15m,DASHUSDT,20,earlier,73,73,0,0.3835616438356164,15.36537659024598,25.282489495594003,0.21048461082528738,2469.162249719619,33.824140407118065,1.3147186617456283,1.309038708310979,9.464155506587101,2
common,15m,DASHUSDT,20,later,49,49,0,0.42857142857142855,29.41081554878442,33.33573631901468,0.6002207254853963,7911.326807475507,161.4556491321532,2.0629264272945806,1.8607359808487551,5.441228469987905,0
common,15m,DASHUSDT,20,full,122,122,0,0.4016393442622951,44.7761921390304,58.61822581460868,0.36701796835270817,10380.489057195127,85.08597587864858,1.5853690712861797,1.6041783529521028,9.464155506587101,2
common,15m,DASHUSDT,30,earlier,73,73,0,0.3835616438356164,15.36537659024598,25.282489495594003,0.21048461082528738,2469.162249719619,33.824140407118065,1.3147186617456283,1.309038708310979,9.464155506587101,2
common,15m,DASHUSDT,30,later,49,49,0,0.42857142857142855,29.41081554878442,33.33573631901468,0.6002207254853963,7911.326807475507,161.4556491321532,2.0629264272945806,1.8607359808487551,5.441228469987905,0
common,15m,DASHUSDT,30,full,122,122,0,0.4016393442622951,44.7761921390304,58.61822581460868,0.36701796835270817,10380.489057195127,85.08597587864858,1.5853690712861797,1.6041783529521028,9.464155506587101,2
common,15m,DASHUSDT,50,earlier,70,70,0,0.38571428571428573,17.082072121929887,26.632583775920843,0.24402960174185553,2738.615008526256,39.123071550375094,1.364268628638187,1.3564432235989388,9.464155506587105,2
common,15m,DASHUSDT,50,later,45,45,0,0.4,24.79655173476825,28.49931929937663,0.55103448299485,4771.118457394728,106.02485460877172,1.9331869810349165,1.532088704896793,5.210816932048983,0
common,15m,DASHUSDT,50,full,115,115,0,0.391304347826087,41.87862385669815,55.131903075297465,0.3641619465799839,7509.733465920984,65.30203013844334,1.570040400873811,1.4510365104158107,9.464155506587105,2
common,15m,DASHUSDT,60,earlier,70,70,0,0.38571428571428573,17.082072121929887,26.632583775920843,0.24402960174185553,2738.615008526256,39.123071550375094,1.364268628638187,1.3564432235989388,9.464155506587105,2
common,15m,DASHUSDT,60,later,45,45,0,0.4222222222222222,29.224622096403476,32.855294142143926,0.6494360465867439,7363.652327563511,163.63671839030025,2.1473344621497104,1.8418427487447164,5.210816932048981,0
common,15m,DASHUSDT,60,full,115,115,0,0.4,46.30669421833336,59.48787791806476,0.4026669062463771,10102.267336089766,87.8458029225197,1.6398964622540801,1.6148582818165813,9.464155506587105,2
common,15m,DASHUSDT,90,earlier,62,62,0,0.3870967741935484,16.645843754505417,24.893587166154617,0.2684813508791196,2481.4228294938193,40.02294886280354,1.4056022997539617,1.3575883671798235,7.440122290597998,2
common,15m,DASHUSDT,90,later,36,36,0,0.4722222222222222,24.61513720756169,27.42098760790719,0.6837538113211581,7757.2292777345865,215.47859104818295,2.353601043739424,2.2472537394345453,3.1577007709130545,0
common,15m,DASHUSDT,90,full,98,98,0,0.41836734693877553,41.260980962067116,52.3145747740618,0.4210304179802767,10238.652107228403,104.4760419104939,1.6966848369588723,1.7780854937265151,7.440122290597998,2
common,15m,DASHUSDT,120,earlier,52,52,0,0.38461538461538464,21.652675469903066,28.321718421872085,0.41639760519044355,4083.1135447680485,78.52141432246248,1.6268941578360545,1.7370888217233271,7.062246523906859,2
common,15m,DASHUSDT,120,later,35,35,0,0.4857142857142857,20.04964279414931,22.86417703042451,0.5728469369756946,4777.933744255619,136.5123926930177,2.13175364081532,1.7767289112097087,3.2646342735808096,0
common,15m,DASHUSDT,120,full,87,87,0,0.42528735632183906,41.70231826405238,51.18589545229661,0.479336991540832,8861.047289023665,101.85111826463982,1.7980517224875536,1.7579461450142997,7.062246523906859,2
common,15m,DASHUSDT,150,earlier,45,45,0,0.3333333333333333,13.209156455775188,19.237255683657967,0.29353681012833754,2864.8661580797025,63.663692401771165,1.4064088358065283,1.5893394480850294,8.377008694012417,2
common,15m,DASHUSDT,150,later,35,35,0,0.4,10.945701643786897,13.719407910655404,0.31273433267962564,2514.97315505622,71.85637585874913,1.5202077776240626,1.358499510383914,4.502701163019902,0
common,15m,DASHUSDT,150,full,80,80,0,0.3625,24.154858099562087,32.956663594313376,0.3019357262445261,5379.83931313592,67.247991414199,1.4511287547723297,1.4529847725721465,8.377008694012417,2
common,15m,DASHUSDT,200,earlier,47,47,0,0.3829787234042553,16.415417830689265,22.816894435710513,0.3492642091636014,3232.664540634772,68.78009660925046,1.5243882115646654,1.6847926337769388,7.160645057648779,2
common,15m,DASHUSDT,200,later,31,31,0,0.3548387096774194,5.99418723621771,8.4477160547337,0.19336087858766807,1642.7173374635706,52.99088185366357,1.2996547137798782,1.252899383235765,5.562701163019902,0
common,15m,DASHUSDT,200,full,78,78,0,0.3717948717948718,22.40960506690698,31.26461049044422,0.28730262906291,4875.381878098342,62.50489587305566,1.436769795725824,1.434673830058125,7.160645057648779,2
common,15m,ENAUSDT,0,earlier,65,65,0,0.35384615384615387,15.434293893982087,19.637501244117715,0.2374506752920321,436.16526847586505,6.710234899628693,1.3598948263412882,1.0260774811154645,18.48757975079033,2
common,15m,ENAUSDT,0,later,38,38,0,0.2894736842105263,13.23514667551883,17.13096593999305,0.348293333566285,3933.0419527582517,103.501104019954,1.493397240770385,1.6691734126157427,9.174028127702496,1
common,15m,ENAUSDT,0,full,103,103,0,0.3300970873786408,28.669440569500903,36.76846718411076,0.2783440831990379,4369.207221234116,42.41948758479724,1.4112667113943,1.1933003251672691,18.48757975079033,3
common,15m,ENAUSDT,20,earlier,65,65,0,0.35384615384615387,15.434293893982087,19.637501244117715,0.2374506752920321,436.16526847586505,6.710234899628693,1.3598948263412882,1.0260774811154645,18.48757975079033,2
common,15m,ENAUSDT,20,later,38,38,0,0.2894736842105263,13.23514667551883,17.13096593999305,0.348293333566285,3933.0419527582517,103.501104019954,1.493397240770385,1.6691734126157427,9.174028127702496,1
common,15m,ENAUSDT,20,full,103,103,0,0.3300970873786408,28.669440569500903,36.76846718411076,0.2783440831990379,4369.207221234116,42.41948758479724,1.4112667113943,1.1933003251672691,18.48757975079033,3
common,15m,ENAUSDT,30,earlier,65,65,0,0.35384615384615387,15.434293893982087,19.637501244117715,0.2374506752920321,436.16526847586505,6.710234899628693,1.3598948263412882,1.0260774811154645,18.48757975079033,2
common,15m,ENAUSDT,30,later,38,38,0,0.2894736842105263,13.23514667551883,17.13096593999305,0.348293333566285,3933.0419527582517,103.501104019954,1.493397240770385,1.6691734126157427,9.174028127702496,1
common,15m,ENAUSDT,30,full,103,103,0,0.3300970873786408,28.669440569500903,36.76846718411076,0.2783440831990379,4369.207221234116,42.41948758479724,1.4112667113943,1.1933003251672691,18.48757975079033,3
common,15m,ENAUSDT,50,earlier,63,63,0,0.36507936507936506,17.617796269500797,21.637501244117697,0.279647559833346,966.1191634213355,15.335224816211674,1.43284772367993,1.0596524879733942,18.48757975079033,2
common,15m,ENAUSDT,50,later,37,37,0,0.2972972972972973,14.393861534956574,18.130965939993047,0.3890232847285561,4079.054098507238,110.2447053650605,1.5608185127605292,1.7116966059749756,9.174028127702499,1
common,15m,ENAUSDT,50,full,100,100,0,0.34,32.01165780445737,39.76846718411075,0.3201165780445737,5045.173261928576,50.451732619285764,1.4823366363235915,1.2300870100763965,18.48757975079033,3
common,15m,ENAUSDT,60,earlier,63,63,0,0.36507936507936506,17.60731601719342,21.637501244117704,0.2794812066221178,1033.4189126480162,16.403474803936767,1.432478879003269,1.0640741260779547,18.48757975079033,2
common,15m,ENAUSDT,60,later,34,34,0,0.35294117647058826,21.22670810423926,24.555549425483676,0.6243149442423312,5337.422506879808,156.98301490822962,1.935376867354693,1.9925301676501164,8.057511998670243,1
common,15m,ENAUSDT,60,full,97,97,0,0.36082474226804123,38.834024121432684,46.19305066960138,0.40035076413848125,6370.841419527823,65.67877752090538,1.6124683942250586,1.2962344002970285,18.48757975079033,3
common,15m,ENAUSDT,90,earlier,55,55,0,0.36363636363636365,18.668083041436706,22.212521215021187,0.33941969166248553,2668.211097030585,48.51292903691973,1.5269464270175335,1.1979047337048698,15.810809875014137,2
common,15m,ENAUSDT,90,later,33,33,0,0.2727272727272727,0.0655274064092155,3.2542926338936846,0.0019856789820974397,1640.1107082213334,49.700324491555556,1.0026326579982632,1.2809487034308498,9.174028127702496,0
common,15m,ENAUSDT,90,full,88,88,0,0.32954545454545453,18.733610447845923,25.46681384891487,0.21288193690734003,4308.321805251919,48.95820233240817,1.3105853077598355,1.222997340553607,15.810809875014137,2
common,15m,ENAUSDT,120,earlier,49,49,0,0.30612244897959184,-0.29213409907546106,2.8019041034713745,-0.005961920389295124,-3553.252086570438,-72.51534870551914,0.9916707661756463,0.7457483591852998,17.250954463202042,1
common,15m,ENAUSDT,120,later,27,27,0,0.25925925925925924,6.30224426589683,9.034122833044263,0.23341645429247518,2129.1000150205955,78.85555611187391,1.3009041736292746,1.4295951596479548,8.061179642854011,1
common,15m,ENAUSDT,120,full,76,76,0,0.2894736842105263,6.01011016682137,11.836026936515639,0.07908039693186013,-1424.1520715498416,-18.73884304670844,1.1072894802026985,0.9247730083834915,17.250954463202042,2
common,15m,ENAUSDT,150,earlier,46,46,0,0.32608695652173914,3.70914046892882,6.6891286867753585,0.08063348845497434,-1938.0706664371635,-42.13197100950356,1.11821460605951,0.8435373843828142,16.084584128381735,1
common,15m,ENAUSDT,150,later,26,26,0,0.3076923076923077,10.126336720045753,12.635619306911462,0.389474489232529,3298.092710535547,126.84971963598258,1.5589741274256208,1.777213240277196,8.061179642854011,1
common,15m,ENAUSDT,150,full,72,72,0,0.3194444444444444,13.835477188974576,19.32474799368682,0.19215940540242465,1360.0220440983835,18.88919505692199,1.2795482962816864,1.0817798544411843,16.084584128381735,2
common,15m,ENAUSDT,200,earlier,42,42,0,0.38095238095238093,3.5939501701848577,6.305592740637687,0.08557024214725852,-1295.4979210243982,-30.84518859581901,1.1351532849894346,0.8783885260065273,17.55066761497906,1
common,15m,ENAUSDT,200,later,24,24,0,0.3333333333333333,12.288847278375936,14.635619306911462,0.512035303265664,3946.997129332645,164.45821372219356,1.7702954565569418,2.098041082488783,6.944362888927312,1
common,15m,ENAUSDT,200,full,66,66,0,0.36363636363636365,15.88279744856079,20.941212047549154,0.240648446190315,2651.4992083082466,40.17423042891283,1.3733168999699117,1.186104844047636,17.55066761497906,2
common,15m,ETHUSDT,0,earlier,60,60,0,0.21666666666666667,-29.307784463064372,-19.213518849193182,-0.4884630743844062,-3639.2877348325546,-60.654795580542576,0.40468277942169995,0.4641749306869426,36.01743739892369,0
common,15m,ETHUSDT,0,later,36,36,0,0.4444444444444444,24.099544911580832,30.592037780346704,0.6694318030994676,3283.6709879003993,91.21308299723331,2.114765370898809,2.1330451518342017,5.7392763526260335,0
common,15m,ETHUSDT,0,full,96,96,0,0.3020833333333333,-5.208239551483542,11.378518931153527,-0.054252495327953565,-355.61674693215474,-3.704341113876612,0.9264881966721397,0.9633007446724301,36.01743739892369,0
common,15m,ETHUSDT,20,earlier,58,58,0,0.22413793103448276,-26.59479961167414,-17.213518849193157,-0.45853102778748517,-3483.4686987419345,-60.05980515072301,0.4282845873076956,0.47507397423320324,33.48997699695489,0
common,15m,ETHUSDT,20,later,36,36,0,0.4444444444444444,24.099544911580832,30.592037780346704,0.6694318030994676,3283.6709879003993,91.21308299723331,2.114765370898809,2.1330451518342017,5.7392763526260335,0
common,15m,ETHUSDT,20,full,94,94,0,0.30851063829787234,-2.4952547000933154,13.378518931153545,-0.026545262766950163,-199.797710841535,-2.1255075621439894,0.9633783425816795,0.9790441190681637,33.48997699695489,0
common,15m,ETHUSDT,30,earlier,60,60,0,0.21666666666666667,-29.307784463064372,-19.213518849193182,-0.4884630743844062,-3639.2877348325546,-60.654795580542576,0.40468277942169995,0.4641749306869426,36.01743739892369,0
common,15m,ETHUSDT,30,later,36,36,0,0.4444444444444444,24.099544911580832,30.592037780346704,0.6694318030994676,3283.6709879003993,91.21308299723331,2.114765370898809,2.1330451518342017,5.7392763526260335,0
common,15m,ETHUSDT,30,full,96,96,0,0.3020833333333333,-5.208239551483542,11.378518931153527,-0.054252495327953565,-355.61674693215474,-3.704341113876612,0.9264881966721397,0.9633007446724301,36.01743739892369,0
common,15m,ETHUSDT,50,earlier,58,58,0,0.22413793103448276,-27.33756032606146,-17.764861289136633,-0.47133724700105967,-3463.7185986269837,-59.71928618322386,0.42155350642239603,0.4764920883771607,34.2327377113422,0
common,15m,ETHUSDT,50,later,35,35,0,0.42857142857142855,18.73734343524562,25.057951805531253,0.5353526695784463,2659.7402060385857,75.99257731538816,1.8667276365958483,1.9177550846887492,5.7392763526260335,0
common,15m,ETHUSDT,50,full,93,93,0,0.3010752688172043,-8.600216890815837,7.293090516394626,-0.09247545043887996,-803.9783925883979,-8.644928952563419,0.8751398565089722,0.9154992886894956,34.2327377113422,0
common,15m,ETHUSDT,60,earlier,58,58,0,0.22413793103448276,-27.33756032606146,-17.764861289136633,-0.47133724700105967,-3463.7185986269837,-59.71928618322386,0.42155350642239603,0.4764920883771607,34.2327377113422,0
common,15m,ETHUSDT,60,later,34,34,0,0.4117647058823529,23.267180202812582,29.335900590043273,0.6843288294944877,3068.4319363744735,90.24799812866097,2.082162431770968,2.0352535559999994,7.543391816375987,0
common,15m,ETHUSDT,60,full,92,92,0,0.29347826086956524,-4.070380123248887,11.571039300906644,-0.04424326220922703,-395.2866622525104,-4.2965941549185915,0.9408038951334456,0.9587396615056833,34.2327377113422,0
common,15m,ETHUSDT,90,earlier,51,51,0,0.21568627450980393,-24.738192756932875,-16.476974863312357,-0.4850626030771152,-3454.1194926537546,-67.7278331892893,0.4144478059669653,0.43188668472602537,30.844340625458212,0
common,15m,ETHUSDT,90,later,25,25,0,0.44,17.74387651077074,21.631460461929834,0.7097550604308296,2497.357277929219,99.89429111716875,2.1227733403144398,2.075387263653863,5.739276352626035,0
common,15m,ETHUSDT,90,full,76,76,0,0.2894736842105263,-6.994316246162137,5.1544855986174785,-0.09203047692318601,-956.7622147245348,-12.588976509533355,0.879514792526028,0.8861305054729339,30.844340625458212,0
common,15m,ETHUSDT,120,earlier,44,44,0,0.22727272727272727,-21.102634763135068,-13.989820853992086,-0.479605335525797,-2923.044198891728,-66.43282270208472,0.4309135136714417,0.45104137040906656,27.34378742150888,0
common,15m,ETHUSDT,120,later,21,21,0,0.42857142857142855,15.882638205135988,19.398912075221276,0.7563161050064756,2071.538161516653,98.64467435793586,2.1181649361979042,2.0469650286981564,6.3615433838073585,0
common,15m,ETHUSDT,120,full,65,65,0,0.2923076923076923,-5.2199965579990835,5.409091221229188,-0.08030763935383205,-851.5060373750757,-13.100092882693472,0.8982174977217843,0.88340836557108,27.34378742150888,0
common,15m,ETHUSDT,150,earlier,38,38,0,0.23684210526315788,-18.218386846189713,-12.078103226305576,-0.47943123279446614,-2387.7198513548524,-62.83473293039085,0.4189452474362734,0.4696201327295142,24.459539504563526,0
common,15m,ETHUSDT,150,later,22,22,0,0.4090909090909091,15.518607260659666,18.95281210891834,0.7053912391208939,2065.7649523472987,93.89840692487722,2.065080521852286,1.9613220931613307,4.346439699239573,0
common,15m,ETHUSDT,150,full,60,60,0,0.3,-2.699779585530047,6.874708882612763,-0.044996326425500784,-321.95489900755337,-5.3659149834592235,0.9412124645404166,0.9515914383291227,24.459539504563526,0
common,15m,ETHUSDT,200,earlier,37,37,0,0.21621621621621623,-18.602745515141734,-12.439682526792742,-0.5027769058146415,-2373.471639925161,-64.14788216013949,0.40456293927747533,0.45767989529510844,25.950595589598624,0
common,15m,ETHUSDT,200,later,22,22,0,0.4090909090909091,16.57569713319301,20.249155110179405,0.7534407787815005,2148.7792081328676,97.67178218785762,2.2266236264991512,2.040135426250757,4.346439699239573,0
common,15m,ETHUSDT,200,full,59,59,0,0.288135593220339,-2.0270483819487315,7.809472583386665,-0.03435675223641918,-224.69243179229315,-3.8083463015642907,0.9547083354144057,0.9651227550760634,25.950595589598624,0
common,15m,FILUSDT,0,earlier,76,76,0,0.35526315789473684,27.16498785330846,35.97732697844016,0.3574340507014271,3310.453548746038,43.55859932560577,1.536422314939232,1.3155262812865371,10.006046507719967,2
common,15m,FILUSDT,0,later,46,46,0,0.2826086956521739,-2.2782196122389657,3.220222648297789,-0.04952651330954273,3309.8006903204914,71.95218892001068,0.9336944870486018,1.5346249797023053,19.786672450369036,0
common,15m,FILUSDT,0,full,122,122,0,0.32786885245901637,24.886768241069504,39.19754962673795,0.2039899036153238,6620.254239066532,54.26437900874207,1.2927838654280106,1.3968327811480716,19.786672450369025,2
common,15m,FILUSDT,20,earlier,75,75,0,0.36,28.24732989206163,36.97732697844016,0.3766310652274884,3573.3428468839556,47.64457129178608,1.5699771556097775,1.3493359598646488,10.006046507719967,2
common,15m,FILUSDT,20,later,46,46,0,0.2826086956521739,-2.2782196122389657,3.220222648297789,-0.04952651330954273,3309.8006903204914,71.95218892001068,0.9336944870486018,1.5346249797023053,19.786672450369036,0
common,15m,FILUSDT,20,full,121,121,0,0.3305785123966942,25.969110279822665,40.19754962673795,0.2146207461142369,6883.143537204449,56.885483778549165,1.3094576669129947,1.4191967243012389,19.786672450369025,2
common,15m,FILUSDT,30,earlier,76,76,0,0.35526315789473684,27.16498785330846,35.97732697844016,0.3574340507014271,3310.453548746038,43.55859932560577,1.536422314939232,1.3155262812865371,10.006046507719967,2
common,15m,FILUSDT,30,later,46,46,0,0.2826086956521739,-2.2782196122389657,3.220222648297789,-0.04952651330954273,3309.8006903204914,71.95218892001068,0.9336944870486018,1.5346249797023053,19.786672450369036,0
common,15m,FILUSDT,30,full,122,122,0,0.32786885245901637,24.886768241069504,39.19754962673795,0.2039899036153238,6620.254239066532,54.26437900874207,1.2927838654280106,1.3968327811480716,19.786672450369025,2
common,15m,FILUSDT,50,earlier,72,72,0,0.375,34.9542409510894,43.22722741229485,0.4854755687651306,4295.468849953324,59.65928958268506,1.7456673430774374,1.4356082268619275,8.598217453029006,2
common,15m,FILUSDT,50,later,46,46,0,0.2608695652173913,-4.859243847543284,0.569915899831571,-0.10563573581615834,2971.904718478491,64.6066243147498,0.858935719918232,1.4784995507955376,19.786672450369036,0
common,15m,FILUSDT,50,full,118,118,0,0.3305084745762712,30.09499710354613,43.79714331212642,0.2550423483351367,7267.373568431815,61.58791159687979,1.3700653231358635,1.452183473507191,19.786672450369025,2
common,15m,FILUSDT,60,earlier,70,70,0,0.38571428571428573,37.86800742132096,45.68121800509756,0.5409715345902995,4629.215273235744,66.13164676051063,1.8519386263397843,1.480562184871397,8.598217453029008,2
common,15m,FILUSDT,60,later,45,45,0,0.26666666666666666,-3.763196649903164,1.569915899831571,-0.08362659222007031,3200.135676709448,71.11412614909884,0.8871638061068112,1.5349025252120685,18.690625252728918,0
common,15m,FILUSDT,60,full,115,115,0,0.3391304347826087,34.104810771417796,47.25113390492914,0.29656357192537214,7829.350949945193,68.08131260821906,1.4383640998898661,1.5013811100493937,18.690625252728914,2
common,15m,FILUSDT,90,earlier,64,64,0,0.359375,32.67210465243974,39.20534790883832,0.510501635194371,3988.239273679627,62.31623865124417,1.797270138557861,1.4157175154922026,8.568555984595372,2
common,15m,FILUSDT,90,later,40,40,0,0.275,-7.981064374131633,-3.205297864256091,-0.19952660935329083,-238.86125089821422,-5.971531272455355,0.7323460278178503,0.9545794086185527,18.51410886034691,0
common,15m,FILUSDT,90,full,104,104,0,0.3269230769230769,24.69104027830811,36.00005004458223,0.2374138488298857,3749.3780227814127,36.05171175751358,1.348750604727175,1.2524408015700026,18.514108860346912,2
common,15m,FILUSDT,120,earlier,57,57,0,0.3333333333333333,25.449070779590308,31.28082966132852,0.4464749259577247,3279.918010076931,57.542421229419844,1.6408597463709966,1.361401736419644,7.518665151351518,2
common,15m,FILUSDT,120,later,35,35,0,0.2857142857142857,-4.46700825088961,-0.29178435074257836,-0.12762880716827457,338.6083026878449,9.674522933938427,0.8235808479850858,1.0754280361257726,16.26087114115053,0
common,15m,FILUSDT,120,full,92,92,0,0.31521739130434784,20.9820625287007,30.989045310585947,0.22806589705109453,3618.5263127647754,39.331807747443214,1.3226458221820632,1.2667604550214937,16.26087114115053,2
common,15m,FILUSDT,150,earlier,53,53,0,0.3584905660377358,28.50914190418542,34.23585392179917,0.5379083378148193,4435.903377253195,83.69629013685274,1.817298255230553,1.5911269667537398,5.975739303048837,2
common,15m,FILUSDT,150,later,34,34,0,0.29411764705882354,-4.254081114366903,-0.291784350742583,-0.12512003277549713,326.97155910363193,9.616810561871528,0.8305653232602208,1.0726475310016212,16.12054327229807,0
common,15m,FILUSDT,150,full,87,87,0,0.3333333333333333,24.255060789818508,33.94406957105658,0.2787938021818219,4762.874936356828,54.745688923641694,1.4043205818817075,1.3967429070017265,16.12054327229807,2
common,15m,FILUSDT,200,earlier,47,47,0,0.3404255319148936,30.518017674793064,35.76740855506863,0.6493195249955971,4223.84170873542,89.86897252628552,1.9375670170576347,1.6109523520924216,6.510536161495693,2
common,15m,FILUSDT,200,later,30,30,0,0.3333333333333333,0.25426390031009305,3.7082156492573977,0.008475463343669769,1128.2940682520152,37.609802275067175,1.0123434142232302,1.304987921572363,13.871391534931993,0
common,15m,FILUSDT,200,full,77,77,0,0.33766233766233766,30.772281575103158,39.475624204326024,0.39964002045588515,5352.135776987435,69.50825684399265,1.578977242947673,1.5042995918063116,14.695176006450083,2
common,15m,HYPEUSDT,0,earlier,19,19,0,0.10526315789473684,-10.07746840442389,-8.237997526530883,-0.5303930739170468,-2936.626663863936,-154.5592980981019,0.38127168453219457,0.2286846396741676,14.153991640224206,0
common,15m,HYPEUSDT,0,later,49,49,0,0.32653061224489793,-6.39870886862402,-1.1773040279134412,-0.1305858952780412,-200.72150281792003,-4.0963572003657145,0.8092010730980288,0.9721037182187513,14.37846099805796,0
common,15m,HYPEUSDT,0,full,68,68,0,0.2647058823529412,-16.47617727304791,-9.415301554444323,-0.24229672460364574,-3137.3481666818543,-46.13747303943904,0.6693110208963641,0.7148532809916491,16.476177273047906,0
common,15m,HYPEUSDT,20,earlier,19,19,0,0.10526315789473684,-10.07746840442389,-8.237997526530883,-0.5303930739170468,-2936.626663863936,-154.5592980981019,0.38127168453219457,0.2286846396741676,14.153991640224206,0
common,15m,HYPEUSDT,20,later,48,48,0,0.3333333333333333,-5.246091847347417,-0.17730402791343436,-0.10929358015307118,-49.67452108084989,-1.0348858558510394,0.83800249419455,0.9929481981933111,13.225843976781356,0
common,15m,HYPEUSDT,20,full,67,67,0,0.26865671641791045,-15.323560251771308,-8.415301554444316,-0.22870985450404938,-2986.3011849447853,-44.571659476787836,0.6851614570957459,0.7248036244022554,15.323560251771305,0
common,15m,HYPEUSDT,30,earlier,18,18,0,0.1111111111111111,-9.017932029578024,-7.237997526530886,-0.5009962238654457,-2580.6975776241893,-143.37208764578827,0.4078001284055328,0.25226819166664677,13.094455265378336,0
common,15m,HYPEUSDT,30,later,49,49,0,0.32653061224489793,-6.39870886862402,-1.1773040279134412,-0.1305858952780412,-200.72150281792003,-4.0963572003657145,0.8092010730980288,0.9721037182187513,14.37846099805796,0
common,15m,HYPEUSDT,30,full,67,67,0,0.26865671641791045,-15.416640898202042,-8.415301554444321,-0.23009911788361256,-2781.4190804421087,-41.513717618538934,0.6838536287079575,0.738751612612565,15.416640898202036,0
common,15m,HYPEUSDT,50,earlier,19,19,0,0.10526315789473684,-10.07746840442389,-8.237997526530883,-0.5303930739170468,-2936.626663863936,-154.5592980981019,0.38127168453219457,0.2286846396741676,14.153991640224206,0
common,15m,HYPEUSDT,50,later,48,48,0,0.3125,-6.896354499691968,-1.793808882282362,-0.143674052076916,-284.4584846435261,-5.926218430073461,0.794362102559643,0.9604659494310326,14.87610662912591,0
common,15m,HYPEUSDT,50,full,67,67,0,0.2537313432835821,-16.97382290411586,-10.031806408813242,-0.2533406403599382,-3221.085148507461,-48.07589773891733,0.6593229075757795,0.7072426096989928,16.973822904115856,0
common,15m,HYPEUSDT,60,earlier,18,18,0,0.1111111111111111,-9.62162068178623,-7.832830973165826,-0.5345344823214572,-2756.7382638210147,-153.15212576783415,0.3922498850972945,0.24002543923315703,13.698143917586545,0
common,15m,HYPEUSDT,60,later,46,46,0,0.34782608695652173,-3.6705075957658746,1.0951569095865477,-0.07979364338621467,296.06308177510726,6.436153951632766,0.8808593844505084,1.0441984582265946,11.881360491774014,0
common,15m,HYPEUSDT,60,full,64,64,0,0.28125,-13.292128277552102,-6.737674063579281,-0.2076895043367516,-2460.6751820459076,-38.448049719467306,0.7150042252940615,0.7616987673926429,13.698143917586545,0
common,15m,HYPEUSDT,90,earlier,16,16,0,0.125,-8.528143771756163,-6.918840147477756,-0.5330089857347602,-2483.869475285134,-155.24184220532086,0.4213524998178813,0.25954986116289475,12.604667007556483,0
common,15m,HYPEUSDT,90,later,42,42,0,0.35714285714285715,1.232839132812376,5.507814889570424,0.029353312686008954,1081.199294936601,25.742840355633362,1.045567228625766,1.1808208144146095,8.588090770355809,0
common,15m,HYPEUSDT,90,full,58,58,0,0.29310344827586204,-7.2953046389437874,-1.4110252579073324,-0.12578111446454807,-1402.6701803485337,-24.183968626698856,0.8254438432162695,0.8497236135145801,12.604667007556483,0
common,15m,HYPEUSDT,120,earlier,15,15,0,0.13333333333333333,-7.393853865093996,-5.918840147477753,-0.49292359100626637,-2234.9187693349772,-148.99458462233181,0.45648509549747157,0.2803559365313906,11.47037710089431,0
common,15m,HYPEUSDT,120,later,37,37,0,0.3783783783783784,1.2869503981730954,5.263846187205803,0.034782443193867446,504.71376106148836,13.640912461121307,1.055650133565957,1.098422118333775,10.000490978432772,0
common,15m,HYPEUSDT,120,full,52,52,0,0.3076923076923077,-6.106903466920899,-0.6549939602719498,-0.11744045128694038,-1730.2050082734893,-33.27317323602864,0.8337330613979171,0.7898615034318179,11.47037710089431,0
common,15m,HYPEUSDT,150,earlier,13,13,0,0.15384615384615385,-5.215426328044793,-3.9188401474777566,-0.40118664061883025,-1721.5490169072148,-132.42684745440113,0.5435213805974112,0.3358783432660367,9.291949563845108,0
common,15m,HYPEUSDT,150,later,36,36,0,0.3055555555555556,-7.175422298524247,-3.364836545946546,-0.19931728607011798,-1097.1633128108406,-30.476758689190014,0.7137639238647323,0.8037031074985599,14.22383555295501,0
common,15m,HYPEUSDT,150,full,49,49,0,0.2653061224489796,-12.39084862656904,-7.283676693424304,-0.25287446176671513,-2818.712329718056,-57.52474142281747,0.660464631703767,0.6554783666186413,14.223835552955007,0
common,15m,HYPEUSDT,200,earlier,10,10,0,0.1,-5.470149064810703,-4.506314527159996,-0.5470149064810703,-1739.050899691107,-173.9050899691107,0.4270098634829442,0.22185095739930707,9.546672300611018,0
common,15m,HYPEUSDT,200,later,36,36,0,0.3055555555555556,-5.636219876455775,-1.7776847574730832,-0.15656166323488263,-564.9747666473799,-15.693743517982773,0.7759319846455415,0.8974572186554154,12.684633130886537,0
common,15m,HYPEUSDT,200,full,46,46,0,0.2608695652173913,-11.106368941266476,-6.283999284633079,-0.24144280307101035,-2304.025666338487,-50.08751448561929,0.6799384677722766,0.702495430260126,12.684633130886537,0
common,15m,JUPUSDT,0,earlier,51,51,0,0.45098039215686275,15.751247463547681,20.447961989310578,0.3088479894813271,3777.7248947382036,74.07303715172948,1.545873254268992,1.5150778402354244,6.484169481084546,0
common,15m,JUPUSDT,0,later,32,32,0,0.28125,0.9196782653060964,4.488314460693951,0.028739945790815513,990.635838532989,30.957369954155908,1.0385810577362686,1.206237026926153,11.153243293529455,0
common,15m,JUPUSDT,0,full,83,83,0,0.3855421686746988,16.670925728853778,24.93627645000453,0.20085452685365998,4768.360733271192,57.45012931652038,1.3163801974420652,1.3928565253055074,11.153243293529458,0
common,15m,JUPUSDT,20,earlier,51,51,0,0.45098039215686275,15.751247463547681,20.447961989310578,0.3088479894813271,3777.7248947382036,74.07303715172948,1.545873254268992,1.5150778402354244,6.484169481084546,0
common,15m,JUPUSDT,20,later,32,32,0,0.28125,0.9196782653060964,4.488314460693951,0.028739945790815513,990.635838532989,30.957369954155908,1.0385810577362686,1.206237026926153,11.153243293529455,0
common,15m,JUPUSDT,20,full,83,83,0,0.3855421686746988,16.670925728853778,24.93627645000453,0.20085452685365998,4768.360733271192,57.45012931652038,1.3163801974420652,1.3928565253055074,11.153243293529458,0
common,15m,JUPUSDT,30,earlier,51,51,0,0.45098039215686275,15.751247463547681,20.447961989310578,0.3088479894813271,3777.7248947382036,74.07303715172948,1.545873254268992,1.5150778402354244,6.484169481084546,0
common,15m,JUPUSDT,30,later,32,32,0,0.28125,0.9196782653060964,4.488314460693951,0.028739945790815513,990.635838532989,30.957369954155908,1.0385810577362686,1.206237026926153,11.153243293529455,0
common,15m,JUPUSDT,30,full,83,83,0,0.3855421686746988,16.670925728853778,24.93627645000453,0.20085452685365998,4768.360733271192,57.45012931652038,1.3163801974420652,1.3928565253055074,11.153243293529458,0
common,15m,JUPUSDT,50,earlier,47,47,0,0.425531914893617,12.404256288981315,16.809217784279845,0.26392034657407054,3094.487100198483,65.84015106805283,1.44579338676368,1.4451155774687916,6.484169481084547,0
common,15m,JUPUSDT,50,later,32,32,0,0.28125,0.9196782653060964,4.488314460693951,0.028739945790815513,990.635838532989,30.957369954155908,1.0385810577362686,1.206237026926153,11.153243293529455,0
common,15m,JUPUSDT,50,full,79,79,0,0.3670886075949367,13.323934554287414,21.2975322449738,0.16865739942135966,4085.1229387314725,51.71041694596801,1.257902485857514,1.3475078783337777,11.153243293529455,0
common,15m,JUPUSDT,60,earlier,46,46,0,0.41304347826086957,10.266284452368913,14.550394254868083,0.22318009679062853,2625.1014327365706,57.067422450795014,1.3691809515946198,1.3746347984541472,8.025398471992577,0
common,15m,JUPUSDT,60,later,30,30,0,0.26666666666666666,-0.6560162801484488,2.6483144606939533,-0.021867209338281627,750.4406463766549,25.01468821255516,0.9711069865720818,1.161994975322711,11.211412851591875,0
common,15m,JUPUSDT,60,full,76,76,0,0.35526315789473684,9.610268172220461,17.19870871556204,0.1264508970029008,3375.542079113226,44.41502735675297,1.190252284628856,1.2900052926381054,11.211412851591874,0
common,15m,JUPUSDT,90,earlier,44,44,0,0.4090909090909091,5.593684456752786,9.702591364190042,0.12712919219892696,1141.0716915372705,25.933447534937965,1.2047318178223436,1.1647150000192084,8.048797864783499,0
common,15m,JUPUSDT,90,later,25,25,0,0.28,0.7218455917101834,3.471297792716884,0.028873823668407336,1050.5616869207456,42.022467476829824,1.037897415433526,1.2746049539796964,9.586809207581346,0
common,15m,JUPUSDT,90,full,69,69,0,0.36231884057971014,6.31553004846297,13.173889156906926,0.09152942099221696,2191.633378458015,31.762802586348045,1.1362004854047654,1.2038108407127182,9.586809207581343,0
common,15m,JUPUSDT,120,earlier,41,41,0,0.43902439024390244,8.94063395262773,12.702591364190036,0.2180642427470178,1808.1440467130392,44.101074310074125,1.3729139506735701,1.2888187827294566,6.957601786352126,0
common,15m,JUPUSDT,120,later,25,25,0,0.28,0.7382157495294115,3.4712977927168875,0.02952862998117646,1001.7446758395836,40.069787033583346,1.0387901986009913,1.258545640911924,9.570439049762118,0
common,15m,JUPUSDT,120,full,66,66,0,0.3787878787878788,9.678849702157141,16.173889156906927,0.14664923791147183,2809.888722552623,42.57407155382763,1.2250578861341688,1.277245598740821,9.570439049762117,0
common,15m,JUPUSDT,150,earlier,37,37,0,0.40540540540540543,2.8507060383363374,6.339530035090543,0.07704610914422534,-335.98602401413694,-9.08070335173343,1.1244554309575618,0.9434792500367305,10.1492543315975,0
common,15m,JUPUSDT,150,later,24,24,0,0.25,-3.719844438081967,-1.0818936966448316,-0.15499351825341529,-500.96642286583017,-20.873600952742922,0.8042058213427306,0.8731520431391803,14.028499237373495,0
common,15m,JUPUSDT,150,full,61,61,0,0.3442622950819672,-0.8691383997456292,5.257636338445712,-0.014248170487633266,-836.9524468799673,-13.720531916065037,0.9792589122058348,0.915406522904029,14.028499237373495,0
common,15m,JUPUSDT,200,earlier,34,34,0,0.4117647058823529,5.45638758001813,8.739728100359038,0.16048198764759206,459.24224647626767,13.507124896360812,1.2642999634602101,1.088169718183416,8.07604781134544,0
common,15m,JUPUSDT,200,later,22,22,0,0.22727272727272727,-2.9646674194484204,-0.5166763053404774,-0.1347576099749282,-193.23861360333814,-8.783573345606278,0.8347358547241898,0.9462452235058791,13.273322218739949,0
common,15m,JUPUSDT,200,full,56,56,0,0.3392857142857143,2.491720160569713,8.223051795018563,0.0444950028673163,266.0036328729297,4.750064872730888,1.0645797052416803,1.030215894432897,13.273322218739947,0
common,15m,MUBARAKUSDT,0,earlier,39,39,0,0.3076923076923077,-9.068720649940806,-6.3947653762972685,-0.2325312987164309,-2336.637830240795,-59.91379051899475,0.6671547541716555,0.7321449532828198,9.552852889861642,0
common,15m,MUBARAKUSDT,0,later,44,44,0,0.29545454545454547,-9.7440889378064,-5.733246779130728,-0.22145656676832726,-1353.5295152379001,-30.762034437225,0.6777838771424639,0.805158162430192,11.798318164469627,0
common,15m,MUBARAKUSDT,0,full,83,83,0,0.30120481927710846,-18.8128095877472,-12.128012155428,-0.2266603564788819,-3690.1673454786956,-44.459847535887896,0.6727461787322178,0.7645124322023968,18.812809587747203,0
common,15m,MUBARAKUSDT,20,earlier,39,39,0,0.3076923076923077,-9.068720649940806,-6.3947653762972685,-0.2325312987164309,-2336.637830240795,-59.91379051899475,0.6671547541716555,0.7321449532828198,9.552852889861642,0
common,15m,MUBARAKUSDT,20,later,44,44,0,0.29545454545454547,-9.7440889378064,-5.733246779130728,-0.22145656676832726,-1353.5295152379001,-30.762034437225,0.6777838771424639,0.805158162430192,11.798318164469627,0
common,15m,MUBARAKUSDT,20,full,83,83,0,0.30120481927710846,-18.8128095877472,-12.128012155428,-0.2266603564788819,-3690.1673454786956,-44.459847535887896,0.6727461787322178,0.7645124322023968,18.812809587747203,0
common,15m,MUBARAKUSDT,30,earlier,39,39,0,0.28205128205128205,-12.490032188402372,-9.83707306860499,-0.3202572356000608,-3349.08421536589,-85.87395424015102,0.5586663573693298,0.6323653496850934,12.490032188402374,0
common,15m,MUBARAKUSDT,30,later,44,44,0,0.29545454545454547,-9.7440889378064,-5.733246779130728,-0.22145656676832726,-1353.5295152379001,-30.762034437225,0.6777838771424639,0.805158162430192,11.798318164469627,0
common,15m,MUBARAKUSDT,30,full,83,83,0,0.2891566265060241,-22.234121126208766,-15.570319847735718,-0.267880977424202,-4702.61373060379,-56.65799675426252,0.6201990223544359,0.7071232063732393,22.234121126208773,0
common,15m,MUBARAKUSDT,50,earlier,38,38,0,0.2631578947368421,-14.330385129578849,-11.719426009781467,-0.37711539814681183,-4225.442758783258,-111.19586207324363,0.49363772853924076,0.536165987130537,14.33038512957885,0
common,15m,MUBARAKUSDT,50,later,43,43,0,0.3023255813953488,-8.651155604473065,-4.73324677913073,-0.20118966522030382,-1118.321480804616,-26.007476297781768,0.7031981336782064,0.8333749172119428,10.705384831136296,0
common,15m,MUBARAKUSDT,50,full,81,81,0,0.2839506172839506,-22.981540734051915,-16.452672788912196,-0.28372272511175206,-5343.764239587874,-65.97239801960338,0.5999632409079274,0.6622449663261551,22.981540734051915,0
common,15m,MUBARAKUSDT,60,earlier,37,37,0,0.2702702702702703,-11.966740257783965,-9.410451650807095,-0.3234254123725396,-3492.555845023804,-94.39340121685957,0.5607900213695468,0.599638978311497,11.966740257783965,0
common,15m,MUBARAKUSDT,60,later,41,41,0,0.3170731707317073,-6.966055149453461,-3.318152439508089,-0.16990378413301124,-795.5257060433831,-19.403066001058125,0.7463459140442595,0.87548135015918,9.020284376116695,0
common,15m,MUBARAKUSDT,60,full,78,78,0,0.2948717948717949,-18.93279540723742,-12.728604090315185,-0.2427281462466336,-4288.081551067187,-54.97540450086138,0.6539355552452283,0.7162526693095713,18.93279540723743,0
common,15m,MUBARAKUSDT,90,earlier,32,32,0,0.21875,-17.23986733562627,-15.032855599894091,-0.5387458542383209,-5255.517561665254,-164.2349238020392,0.3381822660973823,0.3736447754084098,17.239867335626265,0
common,15m,MUBARAKUSDT,90,later,37,37,0,0.32432432432432434,-7.4162389435261655,-4.134709108959487,-0.20043889036557205,-1139.0940935602493,-30.786326852979712,0.7217681987545167,0.8190814751340594,10.218827768555627,0
common,15m,MUBARAKUSDT,90,full,69,69,0,0.2753623188405797,-24.65610627915243,-19.167564708853575,-0.35733487361090477,-6394.611655225505,-92.67553123515225,0.5321791324954532,0.5646016083930706,24.65610627915243,0
common,15m,MUBARAKUSDT,120,earlier,24,24,0,0.25,-9.821155525783642,-8.210892140315966,-0.4092148135743184,-2779.7649837135687,-115.82354098806536,0.4699827113029427,0.5387072917794045,9.82115552578364,0
common,15m,MUBARAKUSDT,120,later,34,34,0,0.35294117647058826,-5.491566701254098,-2.5703442325741515,-0.16151666768394407,-863.4439104743012,-25.395409131597095,0.7643661126112173,0.8487255014715938,11.572975761688303,0
common,15m,MUBARAKUSDT,120,full,58,58,0,0.3103448275862069,-15.31272222703774,-10.781236372890117,-0.2640124521903059,-3643.2088941878706,-62.81394645151501,0.6339767606077967,0.6895123409086045,17.1380396191482,0
common,15m,MUBARAKUSDT,150,earlier,22,22,0,0.18181818181818182,-10.754558199311532,-9.263800185071467,-0.48884355451416056,-3450.394966364165,-156.8361348347348,0.418461818257227,0.43726004006685104,10.754558199311528,0
common,15m,MUBARAKUSDT,150,later,31,31,0,0.3548387096774194,-2.621583081508656,0.1696876653524615,-0.08456719617769858,403.0814640362089,13.00262787213577,0.8769334059532188,1.0840224933482543,7.94240012308822,0
common,15m,MUBARAKUSDT,150,full,53,53,0,0.2830188679245283,-13.376141280820189,-9.094112519719005,-0.25238002416641864,-3047.3135023279556,-57.496481175999165,0.6638775976085676,0.7211647514409804,13.727255164158699,0
common,15m,MUBARAKUSDT,200,earlier,21,21,0,0.19047619047619047,-9.68941316114359,-8.263800185071464,-0.4614006267211233,-3123.3877013067463,-148.73274768127362,0.4440366775597493,0.46189426574975845,10.470327156470091,0
common,15m,MUBARAKUSDT,200,later,27,27,0,0.37037037037037035,0.7087935360285063,3.1467501884749307,0.02625161244550023,1161.389025100287,43.01440833704767,1.040643729534574,1.2979865731028857,6.760857129548267,0
common,15m,MUBARAKUSDT,200,full,48,48,0,0.2916666666666667,-8.980619625115084,-5.117049996596535,-0.1870962421898976,-1961.9986762064589,-40.87497242096789,0.7424346008032685,0.7977710151244027,10.470327156470091,0
common,15m,NEARUSDT,0,earlier,69,69,0,0.3333333333333333,-10.535642640048748,-3.2655318796092345,-0.15269047304418476,-3283.7890382866576,-47.59114548241533,0.7807319693985176,0.6905800765549432,16.265718188090556,0
common,15m,NEARUSDT,0,later,42,42,0,0.2619047619047619,2.13064695377537,7.174787436193253,0.05072968937560404,186.9981448768613,4.452336782782412,1.067497629792685,1.0310921492908884,9.283424878520586,0
common,15m,NEARUSDT,0,full,111,111,0,0.3063063063063063,-8.404995686273375,3.9092555565840224,-0.07572068185831869,-3096.790893409796,-27.899017057745912,0.8944300251477947,0.8137497945964359,18.268457348719778,0
common,15m,NEARUSDT,20,earlier,69,69,0,0.3333333333333333,-10.535642640048748,-3.2655318796092345,-0.15269047304418476,-3283.7890382866576,-47.59114548241533,0.7807319693985176,0.6905800765549432,16.265718188090556,0
common,15m,NEARUSDT,20,later,41,41,0,0.2682926829268293,3.2699802871087083,8.174787436193256,0.07975561675874898,350.53881473332245,8.54972718861762,1.1074699906796468,1.0599131802011066,8.512975731589078,0
common,15m,NEARUSDT,20,full,110,110,0,0.3090909090909091,-7.265662352940042,4.909255556584028,-0.06605147593581857,-2933.2502235533348,-26.665911123212133,0.9074155632397028,0.8218331994888091,18.268457348719778,0
common,15m,NEARUSDT,30,earlier,68,68,0,0.3235294117647059,-10.740128354334466,-3.5655318796092352,-0.1579430640343304,-3326.606866584594,-48.92068921447933,0.7764762081327427,0.6865455027746059,16.470203902376273,0
common,15m,NEARUSDT,30,later,42,42,0,0.2619047619047619,2.13064695377537,7.174787436193253,0.05072968937560404,186.9981448768613,4.452336782782412,1.067497629792685,1.0310921492908884,9.283424878520586,0
common,15m,NEARUSDT,30,full,110,110,0,0.3,-8.609481400559094,3.60925555658402,-0.0782680127323554,-3139.6087217077325,-28.541897470070293,0.8918616060170111,0.8111746031838041,18.472943063005495,0
common,15m,NEARUSDT,50,earlier,62,62,0,0.3387096774193548,-7.028354800156059,-0.45279276687011694,-0.11336056129283965,-2346.7224726529757,-37.85036246214477,0.8382315531903509,0.7539067283251846,12.75843034819787,0
common,15m,NEARUSDT,50,later,41,41,0,0.2682926829268293,3.2628520819805034,8.174787436193256,0.07958175809708545,358.27820694047466,8.7384928522067,1.1072106011146154,1.0613170869795747,9.283424878520586,0
common,15m,NEARUSDT,50,full,103,103,0,0.3106796116504854,-3.7655027181755574,7.721994669323141,-0.03655827881723842,-1988.4442657125012,-19.30528413313108,0.9490329020345248,0.8707034834240844,13.62896438062196,0
common,15m,NEARUSDT,60,earlier,62,62,0,0.3225806451612903,-12.266547585917182,-5.858198172275563,-0.19784754170834165,-2950.9383691929615,-47.59578014827357,0.7244567567970247,0.6985686350584794,14.162690298759935,0
common,15m,NEARUSDT,60,later,40,40,0,0.275,4.3448520819805,9.174787436193256,0.10862130204951251,622.1806459648627,15.554516149121566,1.1480255405071067,1.1115191392611692,9.283424878520586,0
common,15m,NEARUSDT,60,full,102,102,0,0.30392156862745096,-7.9216955039366805,3.316589263917691,-0.07766368141114392,-2328.7577232280983,-22.83095807086371,0.8927612762170748,0.8484758676954187,14.162690298759935,0
common,15m,NEARUSDT,90,earlier,54,54,0,0.35185185185185186,-4.512644708958925,1.1916686123142957,-0.08356749461035047,-2295.75007284821,-42.51389023792982,0.879582157842968,0.7307001874175191,11.120938426538029,0
common,15m,NEARUSDT,90,later,33,33,0,0.2727272727272727,-3.1039121491000725,0.9527131827630795,-0.09405794391212341,-1086.5172813736808,-32.92476610223275,0.8728341547064942,0.7655105367220547,13.905344408212825,0
common,15m,NEARUSDT,90,full,87,87,0,0.3218390804597701,-7.6165568580589955,2.1443817950773765,-0.08754663055240225,-3382.2673542218904,-38.87663625542403,0.8769205687611313,0.742958131144685,13.905344408212821,0
common,15m,NEARUSDT,120,earlier,48,48,0,0.3125,-10.809750980330364,-5.720343504352512,-0.22520314542354924,-3333.4320132559747,-69.44650027616613,0.6978971267687253,0.5904466845965411,16.380540958386558,0
common,15m,NEARUSDT,120,later,28,28,0,0.2857142857142857,-1.0640629211330304,2.345746258062161,-0.03800224718332251,-946.3246941407399,-33.79731050502643,0.9497752318599287,0.7699895072209215,10.68298497616415,0
common,15m,NEARUSDT,120,full,76,76,0,0.3026315789473684,-11.873813901463397,-3.3745972462903504,-0.15623439344030784,-4279.756707396714,-56.312588255219914,0.7915693951895542,0.6507306684610031,16.908032450948156,0
common,15m,NEARUSDT,150,earlier,46,46,0,0.30434782608695654,-10.598685515012978,-5.675747295963198,-0.23040620684810822,-3746.0578157958457,-81.43603947382273,0.6940923372879632,0.5312980310140708,17.03072296781668,0
common,15m,NEARUSDT,150,later,25,25,0,0.32,2.371722335277231,5.345746258062167,0.09486889341108924,-470.077256369406,-18.80309025477624,1.1336163958324394,0.8707876128037937,8.119811346548168,0
common,15m,NEARUSDT,150,full,71,71,0,0.30985915492957744,-8.226963179735751,-0.33000103790103263,-0.11587272084134861,-4216.135072165252,-59.38218411500355,0.8429876459273365,0.6374910103352202,17.03072296781668,0
common,15m,NEARUSDT,200,earlier,40,40,0,0.325,-5.941233440963004,-1.6733293901096573,-0.1485308360240751,-2212.0771530949946,-55.30192882737486,0.7906908103628272,0.6498308947235046,12.14747126482419,0
common,15m,NEARUSDT,200,later,24,24,0,0.2916666666666667,1.4277093842642703,4.3013154636313615,0.05948789101101126,-559.12660071851,-23.29694169660458,1.0776098803963876,0.848162430023237,7.201419499973674,0
common,15m,NEARUSDT,200,full,64,64,0,0.3125,-4.513524056698731,2.6279860735217095,-0.07052381338591768,-2771.2037538135037,-43.300058653335995,0.9035178778284666,0.722867647136804,12.14747126482419,0
common,15m,ONEUSDT,0,earlier,79,79,0,0.35443037974683544,12.190586490122298,19.304851999918736,0.15431122139395315,-145.91187315014136,-1.8469857360777386,1.2379956416521385,0.9892180714881187,8.066402969259988,1
common,15m,ONEUSDT,0,later,29,29,0,0.3103448275862069,-1.5700589702268457,1.326249348670344,-0.05413996449058089,-1635.8745422378902,-56.40946697372035,0.9240189298816357,0.6844172759135536,9.239058320890063,0
common,15m,ONEUSDT,0,full,108,108,0,0.3425925925925926,10.620527519895457,20.63110134858908,0.09833821777680979,-1781.7864153880314,-16.498022364703992,1.1477418521124403,0.9048021490674036,9.239058320890063,1
common,15m,ONEUSDT,20,earlier,79,79,0,0.35443037974683544,12.190586490122298,19.304851999918736,0.15431122139395315,-145.91187315014136,-1.8469857360777386,1.2379956416521385,0.9892180714881187,8.066402969259988,1
common,15m,ONEUSDT,20,later,29,29,0,0.3103448275862069,-1.5700589702268457,1.326249348670344,-0.05413996449058089,-1635.8745422378902,-56.40946697372035,0.9240189298816357,0.6844172759135536,9.239058320890063,0
common,15m,ONEUSDT,20,full,108,108,0,0.3425925925925926,10.620527519895457,20.63110134858908,0.09833821777680979,-1781.7864153880314,-16.498022364703992,1.1477418521124403,0.9048021490674036,9.239058320890063,1
common,15m,ONEUSDT,30,earlier,77,77,0,0.35064935064935066,11.043782650447554,17.8986609844412,0.14342574870711108,-434.9744991555331,-5.649019469552379,1.2205781032028147,0.9674992082097138,8.066402969259988,1
common,15m,ONEUSDT,30,later,29,29,0,0.3103448275862069,-1.5700589702268457,1.326249348670344,-0.05413996449058089,-1635.8745422378902,-56.40946697372035,0.9240189298816357,0.6844172759135536,9.239058320890063,0
common,15m,ONEUSDT,30,full,106,106,0,0.33962264150943394,9.47372368022071,19.224910333111545,0.08937475170019538,-2070.849041393423,-19.536311711258705,1.1339396891017615,0.8884671556648278,9.239058320890063,1
common,15m,ONEUSDT,50,earlier,77,77,0,0.36363636363636365,13.045615884968695,19.847706970274828,0.16942358292167137,540.0767512199072,7.013983782076718,1.266319066891918,1.0410478092912452,8.07231019687594,1
common,15m,ONEUSDT,50,later,29,29,0,0.3103448275862069,-1.5700589702268457,1.326249348670344,-0.05413996449058089,-1635.8745422378902,-56.40946697372035,0.9240189298816357,0.6844172759135536,9.239058320890063,0
common,15m,ONEUSDT,50,full,106,106,0,0.3490566037735849,11.475556914741855,21.173956318945173,0.10825997089379108,-1095.7977910179825,-10.337715009603608,1.1647633358764953,0.9402539498379703,9.239058320890063,1
common,15m,ONEUSDT,60,earlier,77,77,0,0.3246753246753247,5.244191491616307,11.9820886980719,0.06810638300800398,-1343.4184747726301,-17.446993178865327,1.1013789829732386,0.9040602276491323,8.07231019687594,1
common,15m,ONEUSDT,60,later,29,29,0,0.3103448275862069,-1.5700589702268457,1.326249348670344,-0.05413996449058089,-1635.8745422378902,-56.40946697372035,0.9240189298816357,0.6844172759135536,9.239058320890063,0
common,15m,ONEUSDT,60,full,106,106,0,0.32075471698113206,3.674132521389465,13.308338046742245,0.03466162756027797,-2979.2930170105196,-28.10653789632566,1.0507530115731165,0.8447184209091033,10.154122654698192,1
common,15m,ONEUSDT,90,earlier,62,62,0,0.3387096774193548,-0.6943376846639968,4.91237027411431,-0.011198994913935433,-1686.5225453068645,-27.201976537207493,0.9825959832129688,0.8373809250418017,9.756886619787176,0
common,15m,ONEUSDT,90,later,25,25,0,0.36,2.448916305090303,4.98462535452257,0.09795665220361212,-666.2527933346139,-26.650111733384556,1.1471276365726673,0.8418969517362879,6.260584354921297,0
common,15m,ONEUSDT,90,full,87,87,0,0.3448275862068966,1.754578620426306,9.896995628636878,0.020167570349727656,-2352.7753386414784,-27.043394697028486,1.0310324656389038,0.8386857360483994,13.450706170049353,0
common,15m,ONEUSDT,120,earlier,53,53,0,0.3584905660377358,2.7099041875833665,7.76690999555598,0.051130267690252196,389.23570683026406,7.344069940193661,1.0814291592256142,1.0505254416241847,8.47508480891537,0
common,15m,ONEUSDT,120,later,26,26,0,0.34615384615384615,-0.31595705951781006,2.3848933466483655,-0.012152194596838849,-907.2863485267686,-34.8956287894911,0.9822817257163161,0.7768595719688962,6.4075112532223555,0
common,15m,ONEUSDT,120,full,79,79,0,0.35443037974683544,2.3939471280655598,10.151803342204344,0.030303128203361517,-518.0506416965054,-6.557603059449436,1.0468376888741662,0.9559845478277834,12.168904359177544,0
common,15m,ONEUSDT,150,earlier,51,51,0,0.3333333333333333,3.1763896543190837,8.067392139612249,0.06228215008468792,-52.866135756925104,-1.0365908971946098,1.0969129773470199,0.9932136539198587,8.081720231088376,0
common,15m,ONEUSDT,150,later,23,23,0,0.34782608695652173,-0.6525922851172432,1.7323439908397429,-0.028373577613793183,-199.9414101368612,-8.693104788559184,0.9584070406942335,0.9422777963867635,8.80526371056612,0
common,15m,ONEUSDT,150,full,74,74,0,0.33783783783783783,2.5237973692018425,9.799736130451992,0.03410536985407895,-252.8075458937861,-3.416318187753866,1.052073930146445,0.9775360651437761,11.775539781350552,0
common,15m,ONEUSDT,200,earlier,51,51,0,0.3137254901960784,4.921440747226938,9.816217719971304,0.09649883818092035,-329.86621256830125,-6.467964952319632,1.1454270508598254,0.9601848805171892,6.847032376138584,1
common,15m,ONEUSDT,200,later,20,20,0,0.35,-0.591768416675887,1.387306853770194,-0.02958842083379435,-587.9863012716861,-29.399315063584307,0.9556768476752763,0.8146970578931035,7.676735182037589,0
common,15m,ONEUSDT,200,full,71,71,0,0.323943661971831,4.32967233055105,11.203524573741499,0.06098130043029648,-917.852513839987,-12.927500194929392,1.091744869973098,0.9198945742168919,8.413584596823096,1
common,15m,OPUSDT,0,earlier,51,51,0,0.3137254901960784,-15.850476970531286,-10.633200865553412,-0.31079366608884873,-4365.420118151735,-85.59647290493598,0.5609853633255509,0.47396255081617755,17.141023605845273,0
common,15m,OPUSDT,0,later,40,40,0,0.325,-2.0190285782045763,2.490995133783896,-0.05047571445511441,-78.00508451370564,-1.950127112842641,0.9261281368492081,0.9844071814577683,17.206798516884735,1
common,15m,OPUSDT,0,full,91,91,0,0.31868131868131866,-17.86950554873586,-8.142205731769517,-0.1963681928432512,-4443.425202665441,-48.828848380938915,0.7183072758910612,0.6659409299047163,18.124780730459644,1
common,15m,OPUSDT,20,earlier,51,51,0,0.3137254901960784,-15.850476970531286,-10.633200865553412,-0.31079366608884873,-4365.420118151735,-85.59647290493598,0.5609853633255509,0.47396255081617755,17.141023605845273,0
common,15m,OPUSDT,20,later,40,40,0,0.325,-2.0190285782045763,2.490995133783896,-0.05047571445511441,-78.00508451370564,-1.950127112842641,0.9261281368492081,0.9844071814577683,17.206798516884735,1
common,15m,OPUSDT,20,full,91,91,0,0.31868131868131866,-17.86950554873586,-8.142205731769517,-0.1963681928432512,-4443.425202665441,-48.828848380938915,0.7183072758910612,0.6659409299047163,18.124780730459644,1
common,15m,OPUSDT,30,earlier,51,51,0,0.3137254901960784,-15.850476970531286,-10.633200865553412,-0.31079366608884873,-4365.420118151735,-85.59647290493598,0.5609853633255509,0.47396255081617755,17.141023605845273,0
common,15m,OPUSDT,30,later,40,40,0,0.325,-2.0190285782045763,2.490995133783896,-0.05047571445511441,-78.00508451370564,-1.950127112842641,0.9261281368492081,0.9844071814577683,17.206798516884735,1
common,15m,OPUSDT,30,full,91,91,0,0.31868131868131866,-17.86950554873586,-8.142205731769517,-0.1963681928432512,-4443.425202665441,-48.828848380938915,0.7183072758910612,0.6659409299047163,18.124780730459644,1
common,15m,OPUSDT,50,earlier,47,47,0,0.3191489361702128,-12.645770304318109,-7.879981478992899,-0.26905894264506613,-3829.7963943429563,-81.48502966687143,0.613679860842026,0.5040363678470932,15.784489502613113,0
common,15m,OPUSDT,50,later,40,40,0,0.325,-2.0190285782045763,2.490995133783896,-0.05047571445511441,-78.00508451370564,-1.950127112842641,0.9261281368492081,0.9844071814577683,17.206798516884735,1
common,15m,OPUSDT,50,full,87,87,0,0.3218390804597701,-14.664798882522678,-5.388986345209004,-0.16856090669566298,-3907.801478856661,-44.917258377662776,0.7558528498850986,0.6928929680656105,17.206798516884735,1
common,15m,OPUSDT,60,earlier,49,49,0,0.32653061224489793,-13.608683946027934,-8.633200865553416,-0.27772824379648847,-3963.751023289284,-80.89287802631193,0.5981237674726417,0.4980698926155158,15.618444079995452,0
common,15m,OPUSDT,60,later,40,40,0,0.325,-2.0190285782045763,2.490995133783896,-0.05047571445511441,-78.00508451370564,-1.950127112842641,0.9261281368492081,0.9844071814577683,17.206798516884735,1
common,15m,OPUSDT,60,full,89,89,0,0.3258426966292135,-15.627712524232505,-6.142205731769522,-0.17559227555317422,-4041.7561078029903,-45.412989975314495,0.7446217267543042,0.6866769931241572,17.20679851688474,1
common,15m,OPUSDT,90,earlier,43,43,0,0.27906976744186046,-13.359579831245817,-9.164370246721646,-0.3106879030522283,-3931.906861368638,-91.43969445043344,0.5870838726909022,0.4864247006001176,15.34561410768011,0
common,15m,OPUSDT,90,later,34,34,0,0.29411764705882354,-13.294011577827526,-9.467037633213923,-0.39100034052433896,-1070.701968725207,-31.491234374270796,0.4538044324195327,0.7548239490737089,16.677664052681823,0
common,15m,OPUSDT,90,full,77,77,0,0.2857142857142857,-26.653591409073343,-18.63140787993557,-0.3461505377801733,-5002.608830093845,-64.96894584537462,0.5298652111382302,0.5839142654890613,26.653591409073343,0
common,15m,OPUSDT,120,earlier,34,34,0,0.29411764705882354,-13.451579752907294,-9.95453867475516,-0.3956346986149204,-3096.4399177429746,-91.07176228655807,0.4648479194750178,0.44275464977293444,14.486851206497503,0
common,15m,OPUSDT,120,later,33,33,0,0.30303030303030304,-12.205261577827526,-8.467037633213923,-0.36985641144931897,-825.3498560491512,-25.010601698459126,0.4750546745437248,0.7997560559928979,15.588914052681822,0
common,15m,OPUSDT,120,full,67,67,0,0.29850746268656714,-25.65684133073482,-18.42157630796908,-0.3829379303094749,-3921.7897737921267,-58.53417572824069,0.4697524360368978,0.5947899699769807,25.65684133073482,0
common,15m,OPUSDT,150,earlier,30,30,0,0.36666666666666664,-7.514462733304661,-4.320158485645734,-0.2504820911101554,-1236.155199044322,-41.2051733014774,0.6227845681223185,0.6818076023672054,8.549734186894865,0
common,15m,OPUSDT,150,later,30,30,0,0.26666666666666666,-13.837773687481793,-10.365436259349634,-0.46125912291605975,-1489.1721138739308,-49.63907046246437,0.3744073073254639,0.6224808261285472,17.269738341466045,0
common,15m,OPUSDT,150,full,60,60,0,0.31666666666666665,-21.352236420786454,-14.685594744995367,-0.3558706070131076,-2725.327312918253,-45.42212188197089,0.4921012455048257,0.6519180458970131,21.352236420786454,0
common,15m,OPUSDT,200,earlier,28,28,0,0.39285714285714285,-5.762528505020666,-2.7068032667721598,-0.20580458946502378,-763.4526763003902,-27.26616701072822,0.6838039549729086,0.776380281536789,8.651670707545772,0
common,15m,OPUSDT,200,later,29,29,0,0.3103448275862069,-10.12497566130243,-6.77900913535052,-0.34913709176904933,-843.9809396126599,-29.102791021126205,0.4908708743790277,0.7607353444219201,15.000502183365628,0
common,15m,OPUSDT,200,full,57,57,0,0.3508771929824561,-15.887504166323096,-9.48581240212268,-0.2787281432688262,-1607.4336159130498,-28.200589752860523,0.5831298230284098,0.7684301013703335,15.887504166323094,0
common,15m,PENDLEUSDT,0,earlier,66,66,0,0.2878787878787879,-9.508632325750895,-3.2603254680822977,-0.14407018675380145,-892.5574090022387,-13.523597106094526,0.8035739681828785,0.919885617331712,21.005191481912302,0
common,15m,PENDLEUSDT,0,later,37,37,0,0.2972972972972973,7.676432335621843,11.77424198150335,0.20747114420599577,-170.55232131261667,-4.609522197638289,1.2937534527630894,0.9708231588998419,8.950304256156338,1
common,15m,PENDLEUSDT,0,full,103,103,0,0.2912621359223301,-1.8321999901290544,8.51391651342105,-0.017788349418728682,-1063.1097303148558,-10.321453692377242,0.9754200530309266,0.9374144604010124,25.23218798077116,1
common,15m,PENDLEUSDT,20,earlier,66,66,0,0.2878787878787879,-9.508632325750895,-3.2603254680822977,-0.14407018675380145,-892.5574090022387,-13.523597106094526,0.8035739681828785,0.919885617331712,21.005191481912302,0
common,15m,PENDLEUSDT,20,later,37,37,0,0.2972972972972973,7.676432335621843,11.77424198150335,0.20747114420599577,-170.55232131261667,-4.609522197638289,1.2937534527630894,0.9708231588998419,8.950304256156338,1
common,15m,PENDLEUSDT,20,full,103,103,0,0.2912621359223301,-1.8321999901290544,8.51391651342105,-0.017788349418728682,-1063.1097303148558,-10.321453692377242,0.9754200530309266,0.9374144604010124,25.23218798077116,1
common,15m,PENDLEUSDT,30,earlier,66,66,0,0.2878787878787879,-9.508632325750895,-3.2603254680822977,-0.14407018675380145,-892.5574090022387,-13.523597106094526,0.8035739681828785,0.919885617331712,21.005191481912302,0
common,15m,PENDLEUSDT,30,later,37,37,0,0.2972972972972973,7.676432335621843,11.77424198150335,0.20747114420599577,-170.55232131261667,-4.609522197638289,1.2937534527630894,0.9708231588998419,8.950304256156338,1
common,15m,PENDLEUSDT,30,full,103,103,0,0.2912621359223301,-1.8321999901290544,8.51391651342105,-0.017788349418728682,-1063.1097303148558,-10.321453692377242,0.9754200530309266,0.9374144604010124,25.23218798077116,1
common,15m,PENDLEUSDT,50,earlier,65,65,0,0.27692307692307694,-9.40384304989364,-3.39389947530252,-0.14467450845990215,-1126.2359077928072,-17.326706273735496,0.8052986903934679,0.9009815732174753,19.83921800711124,0
common,15m,PENDLEUSDT,50,later,36,36,0,0.3055555555555556,8.825744437532673,12.77424198150335,0.24515956770924094,-16.604705921440775,-0.46124183115113265,1.3532711839768456,0.9970825540861569,8.950304256156338,1
common,15m,PENDLEUSDT,50,full,101,101,0,0.2871287128712871,-0.5780986123609622,9.380342506200831,-0.005723748637237249,-1142.8406137142485,-11.315253601131175,0.9921112863904834,0.9330322017211935,24.0662145059701,1
common,15m,PENDLEUSDT,60,earlier,60,60,0,0.2833333333333333,-8.39985404306623,-2.934129360360005,-0.13999756738443717,-815.7402460862531,-13.595670768104219,0.8085101568804755,0.9219144419544959,16.61212347928791,0
common,15m,PENDLEUSDT,60,later,34,34,0,0.29411764705882354,8.462817636331454,12.185970436005038,0.2489064010685722,-584.3985364066322,-17.188192247253888,1.3515127445603348,0.8969056767434613,8.142113288414398,1
common,15m,PENDLEUSDT,60,full,94,94,0,0.2872340425531915,0.06296359326522394,9.251841075645034,0.0006698254602683398,-1400.1387824928852,-14.895093430775376,1.0009267363301815,0.9131175875777245,18.86282884885394,1
common,15m,PENDLEUSDT,90,earlier,54,54,0,0.2962962962962963,-6.614237299130123,-1.6716011559736765,-0.12248587590981709,-442.1546033524134,-8.188048210229878,0.8313285673290965,0.9517766532110967,17.566340269168094,0
common,15m,PENDLEUSDT,90,later,32,32,0,0.28125,5.692443371959142,9.204853634661823,0.17788885537372318,-966.377640201739,-30.199301256304345,1.2476246350750564,0.8216783279168838,8.385689290241075,1
common,15m,PENDLEUSDT,90,full,86,86,0,0.29069767441860467,-0.9217939271709805,7.533252478688146,-0.010718534036871867,-1408.5322435541536,-16.378281901792484,0.9851806223634758,0.9034470553894006,21.417708791995324,1
common,15m,PENDLEUSDT,120,earlier,52,52,0,0.28846153846153844,-8.168682779863754,-3.217998592701773,-0.15709005345891836,-626.4964275605445,-12.048008222318163,0.7851866464258965,0.9241363532775737,20.424144418899637,0
common,15m,PENDLEUSDT,120,later,29,29,0,0.3103448275862069,8.517829680972634,11.884205113156431,0.2937182648611253,106.49218120048293,3.6721441793269975,1.4299011293214368,1.025236618655068,6.629099684524286,1
common,15m,PENDLEUSDT,120,full,81,81,0,0.2962962962962963,0.34914690110887947,8.666206520454658,0.0043104555692454255,-520.0042463600619,-6.419805510618047,1.006036390113354,0.9583261097042534,24.328618013881233,1
common,15m,PENDLEUSDT,150,earlier,48,48,0,0.2708333333333333,-7.441824759688693,-2.8756492984134443,-0.15503801582684776,-542.5347047907997,-11.302806349808327,0.792200891068225,0.9307518425993145,20.363320957712638,0
common,15m,PENDLEUSDT,150,later,28,28,0,0.32142857142857145,11.401587307475863,14.735440400669331,0.4071995466955665,507.54576452899465,18.126634447464095,1.5860039459543196,1.1239256792167878,6.514525879411712,1
common,15m,PENDLEUSDT,150,full,76,76,0,0.2894736842105263,3.959762547787168,11.859791102255885,0.05210213878667327,-34.98894026180446,-0.4603807929184797,1.0716451491892856,0.9970671983810517,20.363320957712638,1
common,15m,PENDLEUSDT,200,earlier,44,44,0,0.2727272727272727,0.13595793967210645,4.474099151507189,0.0030899531743660558,-703.209404466433,-15.982031919691659,1.0041455396720769,0.900754679146042,17.379740719210076,1
common,15m,PENDLEUSDT,200,later,25,25,0,0.36,14.767530232907003,17.73544040066933,0.5907012093162801,1121.4136292069295,44.85654516827718,1.9177760448890253,1.3220881516616982,5.167890952821773,1
common,15m,PENDLEUSDT,200,full,69,69,0,0.30434782608695654,14.903488172579108,22.20953955217652,0.21599258221129142,418.20422474049656,6.06093079334053,1.3048573661567655,1.0395754451670276,17.379740719210076,2
common,15m,PIEVERSEUSDT,0,earlier,0,0,0,,0.0,0.0,,0.0,,,,0.0,0
common,15m,PIEVERSEUSDT,0,later,27,27,0,0.4074074074074074,1.5185174136551831,3.2406534693486537,0.056241385690932705,-3497.553175083518,-129.53900648457474,1.1181692582722988,0.48696944632003103,7.0277824072747395,0
common,15m,PIEVERSEUSDT,0,full,27,27,0,0.4074074074074074,1.5185174136551831,3.2406534693486537,0.056241385690932705,-3497.553175083518,-129.53900648457474,1.1181692582722988,0.48696944632003103,7.0277824072747395,0
common,15m,PIEVERSEUSDT,20,earlier,0,0,0,,0.0,0.0,,0.0,,,,0.0,0
common,15m,PIEVERSEUSDT,20,later,27,27,0,0.4074074074074074,1.5185174136551831,3.2406534693486537,0.056241385690932705,-3497.553175083518,-129.53900648457474,1.1181692582722988,0.48696944632003103,7.0277824072747395,0
common,15m,PIEVERSEUSDT,20,full,27,27,0,0.4074074074074074,1.5185174136551831,3.2406534693486537,0.056241385690932705,-3497.553175083518,-129.53900648457474,1.1181692582722988,0.48696944632003103,7.0277824072747395,0
common,15m,PIEVERSEUSDT,30,earlier,0,0,0,,0.0,0.0,,0.0,,,,0.0,0
common,15m,PIEVERSEUSDT,30,later,27,27,0,0.4074074074074074,1.5185174136551831,3.2406534693486537,0.056241385690932705,-3497.553175083518,-129.53900648457474,1.1181692582722988,0.48696944632003103,7.0277824072747395,0
common,15m,PIEVERSEUSDT,30,full,27,27,0,0.4074074074074074,1.5185174136551831,3.2406534693486537,0.056241385690932705,-3497.553175083518,-129.53900648457474,1.1181692582722988,0.48696944632003103,7.0277824072747395,0
common,15m,PIEVERSEUSDT,50,earlier,0,0,0,,0.0,0.0,,0.0,,,,0.0,0
common,15m,PIEVERSEUSDT,50,later,27,27,0,0.4074074074074074,1.5185174136551831,3.2406534693486537,0.056241385690932705,-3497.553175083518,-129.53900648457474,1.1181692582722988,0.48696944632003103,7.0277824072747395,0
common,15m,PIEVERSEUSDT,50,full,27,27,0,0.4074074074074074,1.5185174136551831,3.2406534693486537,0.056241385690932705,-3497.553175083518,-129.53900648457474,1.1181692582722988,0.48696944632003103,7.0277824072747395,0
common,15m,PIEVERSEUSDT,60,earlier,0,0,0,,0.0,0.0,,0.0,,,,0.0,0
common,15m,PIEVERSEUSDT,60,later,24,24,0,0.4166666666666667,-0.6701233892290053,0.8821653907934968,-0.027921807884541888,-3656.3123127765266,-152.34634636568862,0.9414898493681443,0.4098788469606591,6.777018480678458,0
common,15m,PIEVERSEUSDT,60,full,24,24,0,0.4166666666666667,-0.6701233892290053,0.8821653907934968,-0.027921807884541888,-3656.3123127765266,-152.34634636568862,0.9414898493681443,0.4098788469606591,6.777018480678458,0
common,15m,PIEVERSEUSDT,90,earlier,0,0,0,,0.0,0.0,,0.0,,,,0.0,0
common,15m,PIEVERSEUSDT,90,later,22,22,0,0.4090909090909091,-1.307761795749465,0.14960899981605014,-0.05944371798861204,-3362.6185032799444,-152.84629560363382,0.8811463587496803,0.4019396787894223,6.777018480678458,0
common,15m,PIEVERSEUSDT,90,full,22,22,0,0.4090909090909091,-1.307761795749465,0.14960899981605014,-0.05944371798861204,-3362.6185032799444,-152.84629560363382,0.8811463587496803,0.4019396787894223,6.777018480678458,0
common,15m,PIEVERSEUSDT,120,earlier,0,0,0,,0.0,0.0,,0.0,,,,0.0,0
common,15m,PIEVERSEUSDT,120,later,19,19,0,0.3157894736842105,-2.7788203470981174,-1.344952031662228,-0.14625370247884828,-3090.782698026665,-162.67277358035082,0.7480228349334391,0.37809363191607603,6.65344846941356,0
common,15m,PIEVERSEUSDT,120,full,19,19,0,0.3157894736842105,-2.7788203470981174,-1.344952031662228,-0.14625370247884828,-3090.782698026665,-162.67277358035082,0.7480228349334391,0.37809363191607603,6.65344846941356,0
common,15m,PIEVERSEUSDT,150,earlier,0,0,0,,0.0,0.0,,0.0,,,,0.0,0
common,15m,PIEVERSEUSDT,150,later,17,17,0,0.35294117647058826,0.4897956352336388,1.8021067918671787,0.028811507954919928,-2014.2791826290631,-118.48701074288606,1.0549965732209041,0.513138604109802,4.471340423589735,0
common,15m,PIEVERSEUSDT,150,full,17,17,0,0.35294117647058826,0.4897956352336388,1.8021067918671787,0.028811507954919928,-2014.2791826290631,-118.48701074288606,1.0549965732209041,0.513138604109802,4.471340423589735,0
common,15m,PIEVERSEUSDT,200,earlier,0,0,0,,0.0,0.0,,0.0,,,,0.0,0
common,15m,PIEVERSEUSDT,200,later,15,15,0,0.4,1.757839221269588,2.8552982812288876,0.11718928141797252,-1764.5682219671444,-117.6378814644763,1.2301473352345,0.5460991811534891,3.3715734332984706,0
common,15m,PIEVERSEUSDT,200,full,15,15,0,0.4,1.757839221269588,2.8552982812288876,0.11718928141797252,-1764.5682219671444,-117.6378814644763,1.2301473352345,0.5460991811534891,3.3715734332984706,0
common,15m,PUMPUSDT,0,earlier,13,13,0,0.46153846153846156,0.8854634848374097,1.6738364731176276,0.06811257575672382,1507.199396814378,115.93841513956752,1.11838049518144,1.6256425636681342,3.2030608535549003,0
common,15m,PUMPUSDT,0,later,49,49,0,0.3469387755102041,2.8716010621086125,6.88855687821046,0.05860410330833903,789.0054333610527,16.102151701245976,1.097008749936975,1.0950233889960128,10.524083541511995,0
common,15m,PUMPUSDT,0,full,62,62,0,0.3709677419354839,3.7570645469460215,8.562393351328083,0.060597815273322926,2296.2048301754317,37.03556177702309,1.1013197284001461,1.2143518096591186,10.524083541511995,0
common,15m,PUMPUSDT,20,earlier,13,13,0,0.46153846153846156,0.8854634848374097,1.6738364731176276,0.06811257575672382,1507.199396814378,115.93841513956752,1.11838049518144,1.6256425636681342,3.2030608535549003,0
common,15m,PUMPUSDT,20,later,48,48,0,0.3333333333333333,-5.974819990522952,-2.058811542842162,-0.12447541646922816,-963.6744415086023,-20.076550864762545,0.7981579593254946,0.8839404553516127,15.872927669375798,0
common,15m,PUMPUSDT,20,full,61,61,0,0.36065573770491804,-5.089356505685545,-0.384975069724534,-0.08343207386369747,543.5249553057758,8.910245168947144,0.8627513015961543,1.0507383122941099,15.872927669375795,0
common,15m,PUMPUSDT,30,earlier,13,13,0,0.46153846153846156,0.8854634848374097,1.6738364731176276,0.06811257575672382,1507.199396814378,115.93841513956752,1.11838049518144,1.6256425636681342,3.2030608535549003,0
common,15m,PUMPUSDT,30,later,49,49,0,0.3469387755102041,2.8716010621086125,6.88855687821046,0.05860410330833903,789.0054333610527,16.102151701245976,1.097008749936975,1.0950233889960128,10.524083541511995,0
common,15m,PUMPUSDT,30,full,62,62,0,0.3709677419354839,3.7570645469460215,8.562393351328083,0.060597815273322926,2296.2048301754317,37.03556177702309,1.1013197284001461,1.2143518096591186,10.524083541511995,0
common,15m,PUMPUSDT,50,earlier,13,13,0,0.46153846153846156,0.8854634848374097,1.6738364731176276,0.06811257575672382,1507.199396814378,115.93841513956752,1.11838049518144,1.6256425636681342,3.2030608535549003,0
common,15m,PUMPUSDT,50,later,45,45,0,0.35555555555555557,4.520046365206901,8.257899369188024,0.10044547478237557,1218.5973776655421,27.079941725900937,1.1665277712487758,1.1642869455360476,9.502383800543885,0
common,15m,PUMPUSDT,50,full,58,58,0,0.3793103448275862,5.405509850044309,9.931735842305656,0.09319844569041912,2725.7967744799193,46.99649611172274,1.1561261460188015,1.2773914211478423,9.502383800543885,0
common,15m,PUMPUSDT,60,earlier,13,13,0,0.46153846153846156,0.8854634848374097,1.6738364731176276,0.06811257575672382,1507.199396814378,115.93841513956752,1.11838049518144,1.6256425636681342,3.2030608535549003,0
common,15m,PUMPUSDT,60,later,45,45,0,0.35555555555555557,3.631377728238138,7.3778993691880235,0.0806972828497364,962.6087488509128,21.391305530020283,1.1295460125963395,1.1254461419290416,11.590481008941222,0
common,15m,PUMPUSDT,60,full,58,58,0,0.3793103448275862,4.516841213075546,9.05173584230565,0.07787657263923355,2469.8081456652912,42.582899063194674,1.1271942046268792,1.2449592980691002,11.590481008941222,0
common,15m,PUMPUSDT,90,earlier,11,11,0,0.45454545454545453,0.16996148726924232,0.8322523147017962,0.015451044297203847,1344.9424773923279,122.2674979447571,1.0264681023640356,1.6570943355200816,4.272766116712798,0
common,15m,PUMPUSDT,90,later,35,35,0,0.3142857142857143,-6.467743233215688,-3.6235644376785343,-0.18479266380616252,-1683.6518333189529,-48.10433809482723,0.7213426962387554,0.7459418923708966,13.78951332677153,0
common,15m,PUMPUSDT,90,full,46,46,0,0.34782608695652173,-6.297781745946444,-2.7913121229767386,-0.1369082988249227,-338.7093559266259,-7.363246867970128,0.7874651120445284,0.9609504595519822,13.78951332677153,0
common,15m,PUMPUSDT,120,earlier,11,11,0,0.5454545454545454,3.0228264510765346,3.6738364731176247,0.27480240464332134,2142.8461195373175,194.8041926852107,1.5658132009830148,2.208329463669783,2.1241364838070034,0
common,15m,PUMPUSDT,120,later,30,30,0,0.3,-6.850338188764916,-4.510819339639337,-0.22834460629216388,-1584.323086375104,-52.810769545836806,0.6569817508592701,0.7331487810508055,12.802353838632285,0
common,15m,PUMPUSDT,120,full,41,41,0,0.36585365853658536,-3.8275117376883827,-0.8369828665217119,-0.09335394482166787,558.5230331622125,13.622513003956403,0.84879393014515,1.072436698015997,12.802353838632287,0
common,15m,PUMPUSDT,150,earlier,8,8,0,0.625,4.597575710443991,5.047330449021242,0.5746969638054988,2714.7702248360197,339.34627810450246,2.4275897833650646,3.5526446699172367,1.1402796540531634,0
common,15m,PUMPUSDT,150,later,28,28,0,0.32142857142857145,-4.657913130169367,-2.5108193396393386,-0.16635404036319165,-851.3987393585879,-30.407097834235287,0.7380007290550061,0.836400929142117,10.609928780036736,0
common,15m,PUMPUSDT,150,full,36,36,0,0.3888888888888889,-0.06033741972537732,2.536511109381904,-0.0016760394368160365,1863.371485477432,51.760319041039786,0.9971266335323908,1.2972979129482003,10.609928780036736,0
common,15m,PUMPUSDT,200,earlier,8,8,0,0.625,4.597575710443991,5.047330449021242,0.5746969638054988,2714.7702248360197,339.34627810450246,2.4275897833650646,3.5526446699172367,1.1402796540531634,0
common,15m,PUMPUSDT,200,later,28,28,0,0.32142857142857145,-2.8545498342892195,-0.6442888663672969,-0.10194820836747212,-708.8590568189064,-25.316394886389514,0.8394366845066655,0.8637903984305464,11.473232150823254,0
common,15m,PUMPUSDT,200,full,36,36,0,0.3888888888888889,1.7430258761547712,4.403041582653946,0.04841738544874365,2005.9111680171143,55.71975466714206,1.0830057388518315,1.320039889232381,11.473232150823256,0
common,15m,SOLUSDT,0,earlier,65,65,0,0.27692307692307694,-14.159670819123878,-6.1094039391458805,-0.21784108952498274,-2962.3032602751923,-45.573896311926035,0.7091299065740895,0.6749452615186357,20.28302229694138,0
common,15m,SOLUSDT,0,later,37,37,0,0.2702702702702703,-3.305177207714504,2.60935578492443,-0.08932911372201362,686.650867399802,18.558131551346,0.8775529906053205,1.1856566713595578,10.75525132118806,0
common,15m,SOLUSDT,0,full,102,102,0,0.27450980392156865,-17.464848026838375,-3.500048154221445,-0.17122400026312132,-2275.652392875391,-22.310317577209716,0.7692066806805555,0.8223776054819762,21.870134297270575,0
common,15m,SOLUSDT,20,earlier,64,64,0,0.265625,-15.701264039462846,-7.761946312027221,-0.24533225061660696,-3240.1951026216625,-50.62804847846348,0.6774622661499111,0.644452076924279,21.82461551728035,0
common,15m,SOLUSDT,20,later,37,37,0,0.2702702702702703,-3.305177207714504,2.60935578492443,-0.08932911372201362,686.650867399802,18.558131551346,0.8775529906053205,1.1856566713595578,10.75525132118806,0
common,15m,SOLUSDT,20,full,101,101,0,0.26732673267326734,-19.00644124717735,-5.152590527102791,-0.18818258660571632,-2553.544235221861,-25.282616190315455,0.7488349364881276,0.8006872038155612,23.411727517609542,0
common,15m,SOLUSDT,30,earlier,65,65,0,0.27692307692307694,-14.159670819123878,-6.1094039391458805,-0.21784108952498274,-2962.3032602751923,-45.573896311926035,0.7091299065740895,0.6749452615186357,20.28302229694138,0
common,15m,SOLUSDT,30,later,37,37,0,0.2702702702702703,-3.305177207714504,2.60935578492443,-0.08932911372201362,686.650867399802,18.558131551346,0.8775529906053205,1.1856566713595578,10.75525132118806,0
common,15m,SOLUSDT,30,full,102,102,0,0.27450980392156865,-17.464848026838375,-3.500048154221445,-0.17122400026312132,-2275.652392875391,-22.310317577209716,0.7692066806805555,0.8223776054819762,21.870134297270575,0
common,15m,SOLUSDT,50,earlier,63,63,0,0.25396825396825395,-18.218507306099532,-10.468654764855158,-0.2891826556523735,-3653.0833035034357,-57.98544926195929,0.6265099074068642,0.604520707187833,22.446454175634877,0
common,15m,SOLUSDT,50,later,34,34,0,0.29411764705882354,0.7835394589521594,5.609355784924438,0.023045278204475276,916.9244859057452,26.968367232521917,1.0342097241272405,1.2643786354421764,10.75525132118806,0
common,15m,SOLUSDT,50,full,97,97,0,0.26804123711340205,-17.434967847147377,-4.859298979930713,-0.17974193656852966,-2736.158817597691,-28.207822861831865,0.7567771145448697,0.7846447790380441,25.830273773116133,0
common,15m,SOLUSDT,60,earlier,60,60,0,0.23333333333333334,-26.87459904929884,-19.608883478328863,-0.4479099841549807,-4955.867745858081,-82.59779576430137,0.44381274157068434,0.4581421251036152,27.46529840264021,0
common,15m,SOLUSDT,60,later,32,32,0,0.28125,-1.5286468707852272,3.045408890052691,-0.04777021471203835,536.8825943588373,16.777581073713666,0.9308812259452333,1.1611615073739405,9.967485555422295,0
common,15m,SOLUSDT,60,full,92,92,0,0.25,-28.403245920084068,-16.563474588276172,-0.3087309339139573,-4418.985151499244,-48.03244729890482,0.5967485385598597,0.6458408230025183,29.470652881014324,0
common,15m,SOLUSDT,90,earlier,50,50,0,0.26,-17.199343716174855,-11.213659887050618,-0.3439868743234971,-3472.7918688832824,-69.45583737766565,0.5552211838463228,0.5404580068776342,25.519181699529355,0
common,15m,SOLUSDT,90,later,28,28,0,0.25,-2.8707484275602115,1.9086188789314604,-0.10252672955572184,875.3513322550826,31.26254758053867,0.86704192638918,1.3215415983483614,10.268616274376548,0
common,15m,SOLUSDT,90,full,78,78,0,0.2564102564102564,-20.070092143735064,-9.305041008119156,-0.257308873637629,-2597.4405366282,-33.30051970036154,0.6669462045302725,0.7473166724382827,25.519181699529355,0
common,15m,SOLUSDT,120,earlier,47,47,0,0.2553191489361702,-15.914858379317815,-10.387213606058868,-0.33861400807059183,-3330.788130136702,-70.86783255610004,0.5621500758798513,0.5413992485596175,23.19749801556488,0
common,15m,SOLUSDT,120,later,27,27,0,0.2222222222222222,-2.8264860074755855,1.8871906243874086,-0.1046846669435402,782.7500630935969,28.990743077540625,0.8689707523699469,1.2839268555930008,10.627835236001832,0
common,15m,SOLUSDT,120,full,74,74,0,0.24324324324324326,-18.741344386793397,-8.500022981671458,-0.2532614106323432,-2548.038067043105,-34.432946851933856,0.6764223734720042,0.745699929044169,23.19749801556488,0
common,15m,SOLUSDT,150,earlier,47,47,0,0.2765957446808511,-13.464466809498921,-7.93572106874543,-0.2864780172233813,-2984.6441893087863,-63.503067857633745,0.6175600887294761,0.5796920185784543,20.747106445745985,0
common,15m,SOLUSDT,150,later,24,24,0,0.25,1.361655899315037,5.1451271323238945,0.05673566247145987,1092.91580225919,45.53815842746625,1.0783313967166925,1.4466885615617089,9.035045756395663,0
common,15m,SOLUSDT,150,full,71,71,0,0.2676056338028169,-12.102810910183882,-2.7905939364215344,-0.17046212549554762,-1891.7283870495962,-26.644061789430932,0.7698648832189608,0.8018675116461971,20.747106445745985,0
common,15m,SOLUSDT,200,earlier,43,43,0,0.23255813953488372,-18.579743131718242,-13.62610938664885,-0.43208704957484284,-3701.128434838397,-86.07275429856738,0.4639235629812295,0.4717046365807758,20.199112546868488,0
common,15m,SOLUSDT,200,later,24,24,0,0.20833333333333334,-0.3494105569981265,3.681448989938982,-0.014558773208255271,970.6720825620188,40.444670106750785,0.980596012969186,1.4077694923752346,9.296069557877841,0
common,15m,SOLUSDT,200,full,67,67,0,0.22388059701492538,-18.92915368871637,-9.944660396709867,-0.28252468192113983,-2730.4563522763774,-40.753079884722055,0.6405805255704683,0.7090999996785947,21.08995108787879,0
common,15m,UNIUSDT,0,earlier,77,77,0,0.3116883116883117,-13.782521818264721,-5.471238614041964,-0.1789937898475938,-2251.381491405365,-29.23872066760214,0.7539682624781932,0.807878623785422,26.09616947093367,1
common,15m,UNIUSDT,0,later,36,36,0,0.25,-5.866118193417577,-0.853094965148393,-0.1629477275949327,-1922.0761947766298,-53.39100541046194,0.7934731319596054,0.6075554662259165,16.676496046362566,0
common,15m,UNIUSDT,0,full,113,113,0,0.2920353982300885,-19.6486400116823,-6.324333579190358,-0.1738817700148876,-4173.457686181995,-36.93325386001766,0.7672594690017523,0.7488325874051416,26.09616947093367,1
common,15m,UNIUSDT,20,earlier,76,76,0,0.3157894736842105,-12.641062994735304,-4.471238614041963,-0.16632977624651715,-2089.997592536438,-27.499968322847863,0.7696508031124996,0.8191598276320459,24.95471064740426,1
common,15m,UNIUSDT,20,later,36,36,0,0.25,-5.866118193417577,-0.853094965148393,-0.1629477275949327,-1922.0761947766298,-53.39100541046194,0.7934731319596054,0.6075554662259165,16.676496046362566,0
common,15m,UNIUSDT,20,full,112,112,0,0.29464285714285715,-18.507181188152884,-5.324333579190355,-0.16524268917993648,-4012.0737873130674,-35.822087386723815,0.777775553402378,0.7561768954451971,24.95471064740426,1
common,15m,UNIUSDT,30,earlier,77,77,0,0.3116883116883117,-13.782521818264721,-5.471238614041964,-0.1789937898475938,-2251.381491405365,-29.23872066760214,0.7539682624781932,0.807878623785422,26.09616947093367,1
common,15m,UNIUSDT,30,later,36,36,0,0.25,-5.866118193417577,-0.853094965148393,-0.1629477275949327,-1922.0761947766298,-53.39100541046194,0.7934731319596054,0.6075554662259165,16.676496046362566,0
common,15m,UNIUSDT,30,full,113,113,0,0.2920353982300885,-19.6486400116823,-6.324333579190358,-0.1738817700148876,-4173.457686181995,-36.93325386001766,0.7672594690017523,0.7488325874051416,26.09616947093367,1
common,15m,UNIUSDT,50,earlier,75,75,0,0.29333333333333333,-15.132672232381987,-7.052744067715699,-0.20176896309842648,-2534.4901760521325,-33.79320234736177,0.72977677942358,0.7844053586096376,27.519821648719375,1
common,15m,UNIUSDT,50,later,34,34,0,0.23529411764705882,-10.320893568793032,-5.76976163181514,-0.3035556931997951,-2262.933616351856,-66.55687106917223,0.6207271807850677,0.5306273165722718,21.13127142173802,0
common,15m,UNIUSDT,50,full,109,109,0,0.27522935779816515,-25.453565801175017,-12.822505699530838,-0.23351895230435796,-4797.423792403989,-44.01306231563293,0.6941153540676643,0.7105975835025413,27.519821648719375,1
common,15m,UNIUSDT,60,earlier,70,70,0,0.3,-11.035472831592516,-3.636077401049032,-0.1576496118798931,-2043.1792842692068,-29.188275489560098,0.7852946264583702,0.8165107064824139,24.96746300819755,1
common,15m,UNIUSDT,60,later,34,34,0,0.2647058823529412,-3.571957621080529,1.1469050348516086,-0.1050575770906038,-1534.5988408906653,-45.135260026196036,0.8631931597931005,0.659751094432126,14.382335474025513,0
common,15m,UNIUSDT,60,full,104,104,0,0.28846153846153844,-14.607430452673041,-2.489172366197426,-0.14045606204493308,-3577.7781251598717,-34.40171274192184,0.8115357761841199,0.7713202649203734,24.96746300819755,1
common,15m,UNIUSDT,90,earlier,61,61,0,0.32786885245901637,-4.746378968701804,1.582369154563438,-0.07780949129019352,-1462.7770144342035,-23.979951056298418,0.8899788816441376,0.8503305328237668,21.182643288037436,1
common,15m,UNIUSDT,90,later,31,31,0,0.22580645161290322,-10.073290242404696,-5.940788721743842,-0.3249448465291837,-2696.88752477255,-86.99637176685646,0.606124202179303,0.4303447119212341,16.461635716810537,0
common,15m,UNIUSDT,90,full,92,92,0,0.29347826086956524,-14.819669211106499,-4.358419567180404,-0.16108336099028803,-4159.664539206753,-45.213744991377744,0.7843326541483667,0.71327741175598,21.182643288037436,1
common,15m,UNIUSDT,120,earlier,58,58,0,0.3103448275862069,-5.626740638567646,0.3674653084095971,-0.09701276963047666,-1667.4783387611553,-28.749626530364747,0.866086720715774,0.8262120668995366,20.937176434736006,1
common,15m,UNIUSDT,120,later,21,21,0,0.2857142857142857,-0.6538445036482414,2.3704631983790576,-0.031135452554678162,-619.3991434570589,-29.495197307478996,0.9586929687211511,0.7637985797913087,10.535980437925971,0
common,15m,UNIUSDT,120,full,79,79,0,0.3037974683544304,-6.280585142215886,2.737928506788657,-0.07950107774956817,-2286.877482218214,-28.947816230610307,0.8914270528035861,0.8128154996039905,20.937176434736006,1
common,15m,UNIUSDT,150,earlier,51,51,0,0.3137254901960784,-3.013255613486804,2.346222160368546,-0.05908344340170204,-599.483870588177,-11.75458569780739,0.9202207707934252,0.9268926750040403,17.776138312270962,1
common,15m,UNIUSDT,150,later,21,21,0,0.3333333333333333,5.367716132757298,8.45447465106135,0.25560553013129994,334.67751694482797,15.937024616420377,1.368442368073778,1.1453294029096652,7.28066663073643,0
common,15m,UNIUSDT,150,full,72,72,0,0.3194444444444444,2.3544605192704964,10.800696811429894,0.03270084054542356,-264.80635364334927,-3.677866022824295,1.0449851653940698,0.9747874098864796,17.776138312270962,1
common,15m,UNIUSDT,200,earlier,47,47,0,0.3829787234042553,6.0174285340853455,11.140284196429514,0.1280303943422414,2035.6192949423657,43.31104882856097,1.1892789285191971,1.3200611448745088,13.157441841404879,1
common,15m,UNIUSDT,200,later,22,22,0,0.36363636363636365,5.128238956684843,8.5409161833194,0.23310177075840197,452.4514597359469,20.565975442543042,1.338842029370562,1.2038494731479488,8.380822474892277,0
common,15m,UNIUSDT,200,full,69,69,0,0.37681159420289856,11.145667490770188,19.681200379748912,0.16153141290971287,2488.0707546783133,36.058996444613236,1.237516180445164,1.289997371809701,13.157441841404879,1
common,15m,USELESSUSDT,0,earlier,3,3,0,0.0,-3.1169933890284014,-3.0000000000000004,-1.0389977963428005,-1636.194802968538,-545.3982676561793,0.0,0.0,3.1169933890284014,0
common,15m,USELESSUSDT,0,later,59,59,0,0.3559322033898305,4.573375584113521,8.008925463437764,0.07751484040870374,1662.5201113275436,28.178306971653285,1.1142157863442679,1.1104937522081455,9.506381190094778,0
common,15m,USELESSUSDT,0,full,62,62,0,0.3387096774193548,1.4563821950851175,5.0089254634377625,0.02349003540459867,26.325308359007803,0.42460174772593223,1.0337449444399212,1.0015780216147216,11.046660630573012,0
common,15m,USELESSUSDT,20,earlier,3,3,0,0.0,-3.1169933890284014,-3.0000000000000004,-1.0389977963428005,-1636.194802968538,-545.3982676561793,0.0,0.0,3.1169933890284014,0
common,15m,USELESSUSDT,20,later,59,59,0,0.3559322033898305,4.573375584113521,8.008925463437764,0.07751484040870374,1662.5201113275436,28.178306971653285,1.1142157863442679,1.1104937522081455,9.506381190094778,0
common,15m,USELESSUSDT,20,full,62,62,0,0.3387096774193548,1.4563821950851175,5.0089254634377625,0.02349003540459867,26.325308359007803,0.42460174772593223,1.0337449444399212,1.0015780216147216,11.046660630573012,0
common,15m,USELESSUSDT,30,earlier,3,3,0,0.0,-3.1169933890284014,-3.0000000000000004,-1.0389977963428005,-1636.194802968538,-545.3982676561793,0.0,0.0,3.1169933890284014,0
common,15m,USELESSUSDT,30,later,58,58,0,0.3620689655172414,5.644975584113521,9.008925463437764,0.09732716524333657,1961.8497202660892,33.82499517700154,1.1448546259776757,1.1330342514695357,9.506381190094778,0
common,15m,USELESSUSDT,30,full,61,61,0,0.3442622950819672,2.5279821950851202,6.008925463437761,0.041442331066969186,325.6549172975524,5.338605201599219,1.0600657305823928,1.0198774338831482,11.046660630573012,0
common,15m,USELESSUSDT,50,earlier,2,2,0,0.0,-2.0840223745356474,-1.9999999999999998,-1.0420111872678237,-1009.601396375131,-504.8006981875655,0.0,0.0,2.0840223745356474,0
common,15m,USELESSUSDT,50,later,56,56,0,0.375,7.743363027741227,11.00892546343776,0.13827433978109333,2850.0495209615033,50.89374144574113,1.2100091592099218,1.2056497930524053,8.456280518953836,0
common,15m,USELESSUSDT,50,full,58,58,0,0.3620689655172414,5.65934065320558,9.00892546343776,0.09757483884837206,1840.4481245863726,31.731864217006425,1.1452767970606568,1.1237829133682085,8.963588944939318,0
common,15m,USELESSUSDT,60,earlier,3,3,0,0.0,-3.1169933890284014,-3.0000000000000004,-1.0389977963428005,-1636.194802968538,-545.3982676561793,0.0,0.0,3.1169933890284014,0
common,15m,USELESSUSDT,60,later,56,56,0,0.35714285714285715,6.514596353293674,9.773631345790704,0.11633207773738705,2456.851122083663,43.8723414657797,1.171703062630697,1.172895160143421,8.456280518953836,0
common,15m,USELESSUSDT,60,full,59,59,0,0.3389830508474576,3.3976029642652716,6.773631345790703,0.05758649091975037,820.6563191151248,13.909429137544487,1.0827511927780658,1.0517886511822425,9.996559959432073,0
common,15m,USELESSUSDT,90,earlier,1,1,0,0.0,-1.032971014492754,-1.0000000000000004,-1.032971014492754,-626.593406593407,-626.593406593407,0.0,0.0,1.032971014492754,0
common,15m,USELESSUSDT,90,later,46,46,0,0.30434782608695654,-6.764602036858015,-4.002487540906505,-0.1470565660186525,-827.9212840534406,-17.998288783770448,0.8014091067243032,0.9311617331775041,8.820522475590009,0
common,15m,USELESSUSDT,90,full,47,47,0,0.2978723404255319,-7.79757305135077,-5.002487540906506,-0.16590580960320786,-1454.5146906468483,-30.94712107759252,0.7778214326437694,0.8850517094475719,8.820522475590009,0
common,15m,USELESSUSDT,120,earlier,2,2,0,0.0,-2.069342382316992,-2.000000000000001,-1.034671191158496,-1196.4764931093848,-598.2382465546924,0.0,0.0,2.069342382316992,0
common,15m,USELESSUSDT,120,later,39,39,0,0.28205128205128205,-7.522977298475049,-5.16076440992404,-0.19289685380705254,-2671.0809369421927,-68.48925479338956,0.7472971025721924,0.7538952769702938,12.801675617391377,0
common,15m,USELESSUSDT,120,full,41,41,0,0.2682926829268293,-9.592319680792041,-7.160764409924042,-0.23395901660468393,-3867.557430051578,-94.33066902564825,0.698727906842614,0.6790384463789183,13.294304051158202,0
common,15m,USELESSUSDT,150,earlier,2,2,0,0.0,-2.069342382316992,-2.000000000000001,-1.034671191158496,-1196.4764931093848,-598.2382465546924,0.0,0.0,2.069342382316992,0
common,15m,USELESSUSDT,150,later,39,39,0,0.2564102564102564,-9.909659149104263,-7.526672675587198,-0.25409382433600675,-3462.159022876029,-88.77330827887255,0.6787057475506517,0.6894315158509782,14.774674289008251,0
common,15m,USELESSUSDT,150,full,41,41,0,0.24390243902439024,-11.97900153142126,-9.526672675587198,-0.2921707690590551,-4658.635515985413,-113.62525648744911,0.6360324811092264,0.6226080116955938,15.267302722775074,0
common,15m,USELESSUSDT,200,earlier,1,1,0,0.0,-1.0363713678242383,-1.0000000000000002,-1.0363713678242383,-569.883086515978,-569.883086515978,0.0,0.0,1.0363713678242383,0
common,15m,USELESSUSDT,200,later,37,37,0,0.2702702702702703,-7.308672623891172,-5.059927392568346,-0.19753169253759925,-1921.9231835095727,-51.94386982458305,0.7457088090957208,0.8099813914894529,11.279306216176101,0
common,15m,USELESSUSDT,200,full,38,38,0,0.2631578947368421,-8.34504399171541,-6.059927392568345,-0.21960642083461607,-2491.806270025551,-65.5738492111987,0.7197554731276655,0.7667782185725995,11.279306216176101,0
common,15m,WIFUSDT,0,earlier,75,75,0,0.3466666666666667,27.781779708939354,32.631294375452796,0.3704237294525247,11175.141879181501,149.00189172242003,1.605725914501087,1.7698188039314744,8.48346884313777,2
common,15m,WIFUSDT,0,later,34,34,0,0.3235294117647059,0.15172346891428845,3.6207043081592696,0.004462454968067307,1064.0781154120089,31.296415159176732,1.0066258460169792,1.2329614736730203,14.741696108846696,0
common,15m,WIFUSDT,0,full,109,109,0,0.3394495412844037,27.933503177853645,36.251998683612065,0.2562706713564555,12239.219994593508,112.28642196874779,1.406222798506128,1.6413273326352136,14.74169610884669,2
common,15m,WIFUSDT,20,earlier,75,75,0,0.3466666666666667,27.781779708939354,32.631294375452796,0.3704237294525247,11175.141879181501,149.00189172242003,1.605725914501087,1.7698188039314744,8.48346884313777,2
common,15m,WIFUSDT,20,later,34,34,0,0.3235294117647059,0.15172346891428845,3.6207043081592696,0.004462454968067307,1064.0781154120089,31.296415159176732,1.0066258460169792,1.2329614736730203,14.741696108846696,0
common,15m,WIFUSDT,20,full,109,109,0,0.3394495412844037,27.933503177853645,36.251998683612065,0.2562706713564555,12239.219994593508,112.28642196874779,1.406222798506128,1.6413273326352136,14.74169610884669,2
common,15m,WIFUSDT,30,earlier,75,75,0,0.3466666666666667,27.781779708939354,32.631294375452796,0.3704237294525247,11175.141879181501,149.00189172242003,1.605725914501087,1.7698188039314744,8.48346884313777,2
common,15m,WIFUSDT,30,later,34,34,0,0.3235294117647059,0.15172346891428845,3.6207043081592696,0.004462454968067307,1064.0781154120089,31.296415159176732,1.0066258460169792,1.2329614736730203,14.741696108846696,0
common,15m,WIFUSDT,30,full,109,109,0,0.3394495412844037,27.933503177853645,36.251998683612065,0.2562706713564555,12239.219994593508,112.28642196874779,1.406222798506128,1.6413273326352136,14.74169610884669,2
common,15m,WIFUSDT,50,earlier,73,73,0,0.3561643835616438,29.92062332862243,34.6312943754528,0.4098715524468826,11793.369866658179,161.55301187202986,1.684268738332308,1.8485440327200933,7.767706004656365,2
common,15m,WIFUSDT,50,later,33,33,0,0.3333333333333333,1.255374262565085,4.620704308159271,0.03804164432015409,1277.0337049985324,38.697991060561584,1.057598972877513,1.2932569103939722,13.6380453151959,0
common,15m,WIFUSDT,50,full,106,106,0,0.3490566037735849,31.175997591187517,39.25199868361208,0.29411318482252374,13070.403571656712,123.30569407223314,1.4758132292594068,1.7160680870094749,13.638045315195896,2
common,15m,WIFUSDT,60,earlier,70,70,0,0.35714285714285715,19.208594133500167,23.593980942616938,0.27440848762143094,10250.306592224257,146.43295131748937,1.4625479047791259,1.7647920014118395,7.767706004656372,1
common,15m,WIFUSDT,60,later,31,31,0,0.3225806451612903,1.6718312164843714,4.887079854010798,0.05393003924143133,1077.8580514536068,34.76961456301957,1.0808445949401335,1.2597638035916157,12.522531592717662,0
common,15m,WIFUSDT,60,full,101,101,0,0.3465346534653465,20.88042534998455,28.481060796627737,0.20673688465331236,11328.164643677863,112.16004597700854,1.3356584333163775,1.6454016845516177,12.522531592717659,1
common,15m,WIFUSDT,90,earlier,62,62,0,0.3548387096774194,11.207713283457494,15.092635783258354,0.1807695690880241,7500.429902853808,120.97467585248079,1.29704685050275,1.6203297371281362,11.642730136745339,1
common,15m,WIFUSDT,90,later,28,28,0,0.32142857142857145,-2.0156590440622044,0.8098983790111837,-0.07198782300222159,-640.7155543379181,-22.88269836921136,0.8900510755740387,0.8328943897829765,10.175650029836095,0
common,15m,WIFUSDT,90,full,90,90,0,0.34444444444444444,9.19205423939529,15.90253416226953,0.102133935993281,6859.7143485158895,76.21904831684321,1.163958956231787,1.4307450043566183,13.658389180807543,1
common,15m,WIFUSDT,120,earlier,52,52,0,0.34615384615384615,13.989774282003935,17.357237938079308,0.269034120807768,8143.780725185612,156.611167792031,1.4325525032289252,1.801320158072448,11.446550049689556,1
common,15m,WIFUSDT,120,later,24,24,0,0.25,-6.0977056146495805,-3.6891739772040264,-0.25407106727706585,-1363.901210350357,-56.82921709793155,0.6521781917003852,0.627068547730002,12.942781249445897,0
common,15m,WIFUSDT,120,full,76,76,0,0.3157894736842105,7.892068667354354,13.668063960875283,0.10384300878097834,6779.8795148352565,89.20894098467443,1.1582417502351336,1.4905775700500323,17.54425566433914,1
common,15m,WIFUSDT,150,earlier,45,45,0,0.3333333333333333,16.408377354545895,19.39051066955883,0.36463060787879764,7657.8760246951515,170.17502277100337,1.5796440333690993,1.8816440640743224,5.384335745176859,1
common,15m,WIFUSDT,150,later,21,21,0,0.2857142857142857,2.5237562209745503,4.594490090832801,0.12017886766545478,874.049728411585,41.6214156386469,1.1780506674709041,1.2945607047546708,9.113678483652308,0
common,15m,WIFUSDT,150,full,66,66,0,0.3181818181818182,18.932133575520453,23.985000760391628,0.28685050872000684,8531.925753106738,129.27160231979906,1.4456501857094752,1.732152814721569,9.113678483652304,1
common,15m,WIFUSDT,200,earlier,43,43,0,0.32558139534883723,4.699497721677802,7.497903286696011,0.10929064469018145,5090.327672416748,118.37971331201739,1.1713872430829975,1.6031075266478345,5.435850783744955,0
common,15m,WIFUSDT,200,later,20,20,0,0.3,3.329066755455723,5.361873150251248,0.16645333777278615,922.051278130156,46.1025639065078,1.2545110522468443,1.3360057910293464,8.019551823310762,0
common,15m,WIFUSDT,200,full,63,63,0,0.31746031746031744,8.028564477133518,12.85977643694726,0.1274375313830717,6012.378950546906,95.43458651661756,1.1982332641505067,1.5375721987605866,8.019551823310763,0
common,15m,XTZUSDT,0,earlier,64,64,0,0.3125,-3.434336864093926,3.4039872198876076,-0.05366151350146759,-1478.1714614855778,-23.096429085712153,0.9267660768318184,0.8543622571347204,15.238453837044382,0
common,15m,XTZUSDT,0,later,37,37,0,0.2972972972972973,-13.18906460417042,-8.471831832847233,-0.3564612055181195,-1859.66119837759,-50.261113469664586,0.5331301127625686,0.5992772843380739,14.270207461313268,0
common,15m,XTZUSDT,0,full,101,101,0,0.3069306930693069,-16.623401468264348,-5.067844612959626,-0.16458813334915195,-3337.832659863168,-33.04784811745711,0.7787835611777087,0.7743245896496043,22.63394800873189,0
common,15m,XTZUSDT,20,earlier,62,62,0,0.3225806451612903,-1.1332533925626873,5.403987219887614,-0.018278280525204634,-1169.5325599921016,-18.86342838696938,0.9745875140879305,0.8811572222516753,12.937370365513143,0
common,15m,XTZUSDT,20,later,37,37,0,0.2972972972972973,-13.18906460417042,-8.471831832847233,-0.3564612055181195,-1859.66119837759,-50.261113469664586,0.5331301127625686,0.5992772843380739,14.270207461313268,0
common,15m,XTZUSDT,20,full,99,99,0,0.31313131313131315,-14.322317996733108,-3.067844612959617,-0.14466987875487988,-3029.1937583696913,-30.597916751209006,0.8033845960418377,0.7908271727666332,20.332864537200653,0
common,15m,XTZUSDT,30,earlier,63,63,0,0.31746031746031744,-2.268068207377498,4.403987219887616,-0.03600108265678568,-1337.884208343748,-21.236257275297586,0.9504021554165577,0.8663366646128938,14.072185180327956,0
common,15m,XTZUSDT,30,later,37,37,0,0.2972972972972973,-13.18906460417042,-8.471831832847233,-0.3564612055181195,-1859.66119837759,-50.261113469664586,0.5331301127625686,0.5992772843380739,14.270207461313268,0
common,15m,XTZUSDT,30,full,100,100,0,0.31,-15.45713281154792,-4.067844612959616,-0.1545713281154792,-3197.5454067213395,-31.975454067213395,0.7910609512562764,0.7817393973518186,21.467679352015463,0
common,15m,XTZUSDT,50,earlier,62,62,0,0.3225806451612903,-1.1555062239064313,5.403987219887612,-0.01863719715978115,-1140.2043258180513,-18.390392351904055,0.9741014320407925,0.8837911024502565,12.959623196856887,0
common,15m,XTZUSDT,50,later,36,36,0,0.3055555555555556,-12.035906709433581,-7.471831832847236,-0.3343307419287106,-1709.0770059377303,-47.47436127604806,0.5558185008763878,0.6193748321529522,13.117049566576426,0
common,15m,XTZUSDT,50,full,98,98,0,0.3163265306122449,-13.191412933340011,-2.0678446129596244,-0.13460625442183685,-2849.281331755782,-29.074299303630426,0.8160537952590098,0.8007755020762503,19.201959473807555,0
common,15m,XTZUSDT,60,earlier,59,59,0,0.3220338983050847,-0.17964873811197113,6.14481225544948,-0.0030448938663045952,-710.194279638256,-12.037191180309424,0.9957893361597919,0.9220824201489897,10.987770313795998,0
common,15m,XTZUSDT,60,later,35,35,0,0.3142857142857143,-10.883698917225786,-6.471831832847236,-0.31096282620645105,-1557.677688531588,-44.505076815188225,0.5805025613041408,0.6409875498895503,12.220295363818481,0
common,15m,XTZUSDT,60,full,94,94,0,0.3191489361702128,-11.06334765533776,-0.32701957739775767,-0.11769518782274212,-2267.871968169845,-24.126297533721754,0.8387497352295631,0.8314284823261398,16.07789879853887,0
common,15m,XTZUSDT,90,earlier,50,50,0,0.32,1.29075416111426,6.462207402304879,0.025815083222285196,-477.3977233485027,-9.547954466970054,1.0357586392149047,0.9404429239649726,8.989256386965051,0
common,15m,XTZUSDT,90,later,31,31,0,0.2903225806451613,-11.4930484776358,-7.506715553777468,-0.3707434992785742,-1732.394449207935,-55.88369190993338,0.5154655769341261,0.5551115801666437,12.574191334778646,0
common,15m,XTZUSDT,90,full,81,81,0,0.30864197530864196,-10.202294316521538,-1.0445081514725896,-0.12595425082125355,-2209.7921725564374,-27.281384846375772,0.829438893898602,0.8144559723274595,14.50660710914176,0
common,15m,XTZUSDT,120,earlier,47,47,0,0.2978723404255319,-6.397144689811357,-1.6143065093153677,-0.13610946148534803,-1769.7044238427657,-37.65328561367587,0.8170355236802731,0.779310512020387,14.44791774291499,0
common,15m,XTZUSDT,120,later,27,27,0,0.3333333333333333,-7.794520031722735,-4.352869399931311,-0.288685927100842,-1132.066081648554,-41.928373394390896,0.610687615227056,0.6562902969465192,9.926520836591328,0
common,15m,XTZUSDT,120,full,74,74,0,0.3108108108108108,-14.19166472153409,-5.967175909246679,-0.19177925299370394,-2901.77050549132,-39.2131149390719,0.7418998600359613,0.743493267267926,14.44791774291499,0
common,15m,XTZUSDT,150,earlier,41,41,0,0.36585365853658536,2.0828910589092837,6.253932502334429,0.05080222094900692,181.32775341992627,4.422628132193323,1.0763736507731532,1.0292639420812981,8.742149654470403,0
common,15m,XTZUSDT,150,later,24,24,0,0.2916666666666667,-9.347358513563954,-6.1767905165915895,-0.3894732713984981,-1299.7967545405181,-54.15819810585492,0.5066511376657331,0.5674842225866517,11.276899709842533,0
common,15m,XTZUSDT,150,full,65,65,0,0.3384615384615385,-7.264467454654671,0.07714198574284215,-0.11176103776391802,-1118.4690011205919,-17.207215401855258,0.8428255249796177,0.8784469258016308,11.276899709842533,0
common,15m,XTZUSDT,200,earlier,38,38,0,0.3684210526315789,3.0024072218548037,7.002832809655368,0.0790107163646001,12.098686898640246,0.3183864973326381,1.1196671365216404,1.0021378220131343,7.636267301529225,0
common,15m,XTZUSDT,200,later,23,23,0,0.30434782608695654,-7.989961933399934,-4.913642037164044,-0.347389649278258,-1041.575570032625,-45.285894349244565,0.5524335753784264,0.6270656847385423,11.68255705249988,0
common,15m,XTZUSDT,200,full,61,61,0,0.3442622950819672,-4.987554711545131,2.0891907724913237,-0.08176319199254313,-1029.4768831339848,-16.876670215311226,0.88385279810683,0.878201157017617,11.682557052499877,0
common,15m,ZECUSDT,0,earlier,66,66,0,0.3333333333333333,15.533424378601168,22.889404864020086,0.23535491482729043,-556.3168648435354,-8.429043406720234,1.3669651563091136,0.9391050259195738,12.843429479274572,1
common,15m,ZECUSDT,0,later,55,55,0,0.2909090909090909,-7.769016958162229,-2.8890939321402866,-0.1412548537847678,-219.67443784904125,-3.994080688164386,0.8075689511513725,0.9802448069772302,16.229068131324315,0
common,15m,ZECUSDT,0,full,121,121,0,0.3140495867768595,7.764407420438937,20.000310931879806,0.06416865636726395,-775.9913026925765,-6.41315126192212,1.0938836824471139,0.9616898666534336,16.22906813132433,1
common,15m,ZECUSDT,20,earlier,66,66,0,0.3333333333333333,15.533424378601168,22.889404864020086,0.23535491482729043,-556.3168648435354,-8.429043406720234,1.3669651563091136,0.9391050259195738,12.843429479274572,1
common,15m,ZECUSDT,20,later,55,55,0,0.2909090909090909,-7.769016958162229,-2.8890939321402866,-0.1412548537847678,-219.67443784904125,-3.994080688164386,0.8075689511513725,0.9802448069772302,16.229068131324315,0
common,15m,ZECUSDT,20,full,121,121,0,0.3140495867768595,7.764407420438937,20.000310931879806,0.06416865636726395,-775.9913026925765,-6.41315126192212,1.0938836824471139,0.9616898666534336,16.22906813132433,1
common,15m,ZECUSDT,30,earlier,65,65,0,0.3384615384615385,16.68631911544327,23.889404864020083,0.25671260177605026,-405.5079147574786,-6.238583303961209,1.4052385827251088,0.9548676869918861,12.843429479274574,1
common,15m,ZECUSDT,30,later,55,55,0,0.2909090909090909,-7.769016958162229,-2.8890939321402866,-0.1412548537847678,-219.67443784904125,-3.994080688164386,0.8075689511513725,0.9802448069772302,16.229068131324315,0
common,15m,ZECUSDT,30,full,120,120,0,0.31666666666666665,8.917302157281037,21.000310931879802,0.07431085131067532,-625.1823526065192,-5.20985293838766,1.1093483070205483,0.968903673821188,16.229068131324325,1
common,15m,ZECUSDT,50,earlier,62,62,0,0.3548387096774194,20.05745490045035,26.889404864020094,0.3235073371040379,152.22430656067652,2.4552307509786537,1.530544773279208,1.0180635858506506,10.623465122838931,1
common,15m,ZECUSDT,50,later,53,53,0,0.3018867924528302,-5.669400813976627,-0.8890939321402852,-0.10696982667880428,626.5440175977348,11.821585237693109,0.8518708927532487,1.060985745965451,14.129451987138712,0
common,15m,ZECUSDT,50,full,115,115,0,0.33043478260869563,14.388054086473714,26.0003109318798,0.1251135137954236,778.768324158411,6.7718984709427055,1.1891204877972041,1.0416436931057165,14.129451987138724,1
common,15m,ZECUSDT,60,earlier,63,63,0,0.3492063492063492,18.700938001352736,25.61581995835972,0.2968402857357577,-115.6291229376491,-1.835382903772208,1.47752872449699,0.9867016383311371,10.597321644578063,1
common,15m,ZECUSDT,60,later,51,51,0,0.3137254901960784,-3.325847345684223,1.1109060678597202,-0.06521269305263182,901.067491434689,17.667990028131157,0.907434903961275,1.090114944263935,12.943209994256144,0
common,15m,ZECUSDT,60,full,114,114,0,0.3333333333333333,15.375090655668513,26.726726026219445,0.13486921627779397,785.4383684970402,6.889810249974038,1.2047507756276148,1.042015351372078,12.943209994256158,1
common,15m,ZECUSDT,90,earlier,53,53,0,0.3584905660377358,31.337422847459663,37.20479602856337,0.5912721291973522,1925.473374945754,36.32968631973121,1.960494919628406,1.2656549355034707,8.389347229712401,2
common,15m,ZECUSDT,90,later,43,43,0,0.3488372093023256,1.3391063145529731,4.85044095158065,0.031142007315185422,2443.003542120648,56.81403586327088,1.047441622091638,1.2985309145615158,12.721606460025521,0
common,15m,ZECUSDT,90,full,96,96,0,0.3541666666666667,32.67652916201264,42.055236980144024,0.34038051210429837,4368.476917066403,45.50496788610837,1.536977201322802,1.2830893328620108,12.721606460025523,2
common,15m,ZECUSDT,120,earlier,44,44,0,0.3181818181818182,13.209328702162999,18.040698199629805,0.30021201595825,-240.178822263733,-5.458609596903023,1.457537976784636,0.9610796659111799,10.635904501076718,1
common,15m,ZECUSDT,120,later,39,39,0,0.23076923076923078,-14.186003030102796,-11.192833295592408,-0.36374366743853326,-1977.0485072183847,-50.69355146713807,0.5307689200480711,0.787465613279328,18.769750331789737,0
common,15m,ZECUSDT,120,full,83,83,0,0.27710843373493976,-0.9766743279397936,6.847864904037398,-0.011767160577587874,-2217.2273294821184,-26.713582282917088,0.983475018116533,0.8567061423519504,18.769750331789734,1
common,15m,ZECUSDT,150,earlier,44,44,0,0.38636363636363635,24.11292577898813,29.026505313886585,0.5480210404315484,1898.66509092714,43.151479339253186,1.9151552054906762,1.349526524536159,8.36433301935416,1
common,15m,ZECUSDT,150,later,37,37,0,0.2702702702702703,-7.593089647958983,-4.12063227280314,-0.20521863913402658,116.26148231588397,3.1422022247536208,0.7270897946319542,1.0162032125237763,16.472488902995057,0
common,15m,ZECUSDT,150,full,81,81,0,0.3333333333333333,16.519836131029155,24.905873041083442,0.20394859421023648,2014.9265732430238,24.875636706703997,1.3049565089671975,1.1598219873158906,16.472488902995067,1
common,15m,ZECUSDT,200,earlier,40,40,0,0.375,23.528577742748475,27.983361740667835,0.5882144435687119,1757.9507973499676,43.94876993374918,1.9762931158680515,1.346746127231729,8.06978991668187,1
common,15m,ZECUSDT,200,later,33,33,0,0.21212121212121213,-13.451948898871908,-10.543153309218914,-0.4076348151173306,-2632.339858600005,-79.76787450303044,0.49903631395479,0.665036579961771,14.794882476601561,0
common,15m,ZECUSDT,200,full,73,73,0,0.3013698630136986,10.07662884387657,17.44020843144892,0.13803601155995301,-874.3890612500371,-11.97793234589092,1.1977668768947547,0.9323670034707243,14.794882476601568,1
common,15m,ZENUSDT,0,earlier,86,86,0,0.27906976744186046,-17.01408640652708,-8.877301473622689,-0.19783821402938467,-6045.2313902071255,-70.2933882582224,0.7295616827454321,0.6320325498403455,20.870995137812073,0
common,15m,ZENUSDT,0,later,44,44,0,0.22727272727272727,1.7104443531291114,6.236033426227336,0.038873735298388896,-3603.5778193718797,-81.89949589481546,1.0486235720910129,0.6125986440797273,14.709188561613876,1
common,15m,ZENUSDT,0,full,130,130,0,0.26153846153846155,-15.303642053397967,-2.641268047395344,-0.11772032348767666,-9648.809209579003,-74.22160930445388,0.8439840946306404,0.6250069672948328,33.538395182704086,1
common,15m,ZENUSDT,20,earlier,84,84,0,0.27380952380952384,-18.23062426223837,-10.272511054460999,-0.21703124121712344,-6049.5971863263685,-72.01901412293296,0.7052723806202121,0.623285404909656,20.045744476801485,0
common,15m,ZENUSDT,20,later,44,44,0,0.22727272727272727,1.7104443531291114,6.236033426227336,0.038873735298388896,-3603.5778193718797,-81.89949589481546,1.0486235720910129,0.6125986440797273,14.709188561613876,1
common,15m,ZENUSDT,20,full,128,128,0,0.2578125,-16.520179909109252,-4.036477628233662,-0.12906390553991604,-9653.17500569825,-75.41542973201757,0.8297469737333535,0.6193656705700562,34.75493303841537,1
common,15m,ZENUSDT,30,earlier,86,86,0,0.27906976744186046,-17.01408640652708,-8.877301473622689,-0.19783821402938467,-6045.2313902071255,-70.2933882582224,0.7295616827454321,0.6320325498403455,20.870995137812073,0
common,15m,ZENUSDT,30,later,44,44,0,0.22727272727272727,1.7104443531291114,6.236033426227336,0.038873735298388896,-3603.5778193718797,-81.89949589481546,1.0486235720910129,0.6125986440797273,14.709188561613876,1
common,15m,ZENUSDT,30,full,130,130,0,0.26153846153846155,-15.303642053397967,-2.641268047395344,-0.11772032348767666,-9648.809209579003,-74.22160930445388,0.8439840946306404,0.6250069672948328,33.538395182704086,1
common,15m,ZENUSDT,50,earlier,81,81,0,0.2716049382716049,-17.855354808358868,-10.08202129464548,-0.22043647911554157,-7210.189684497669,-89.01468746293419,0.7006584658463556,0.5393103131689811,22.460631819213756,0
common,15m,ZENUSDT,50,later,43,43,0,0.23255813953488372,2.027047445912614,6.5169612612788805,0.04714063827703754,-3426.086127419852,-79.67642156790353,1.0581471276903192,0.6245151305849622,14.709188561613876,1
common,15m,ZENUSDT,50,full,124,124,0,0.25806451612903225,-15.828307362446251,-3.5650600333665947,-0.12764764001972784,-10636.275811917518,-85.7764178380445,0.8325214053082982,0.5706901881478514,34.37966358453587,1
common,15m,ZENUSDT,60,earlier,79,79,0,0.27848101265822783,-16.32987703592937,-8.808507781131977,-0.20670730425227052,-7021.030231783094,-88.87380040231764,0.7190476321320718,0.5459082708069873,22.09720532883554,0
common,15m,ZENUSDT,60,later,41,41,0,0.21951219512195122,2.3165930499206233,6.556716612960844,0.05650226951025911,-3590.478286086679,-87.57264112406534,1.0688177239014638,0.5983149528930587,15.621178671891592,1
common,15m,ZENUSDT,60,full,120,120,0,0.25833333333333336,-14.013283986008744,-2.251791168171131,-0.11677736655007287,-10611.508517869772,-88.42923764891478,0.8473266180755866,0.5651064120225703,33.766175922384086,1
common,15m,ZENUSDT,90,earlier,70,70,0,0.2714285714285714,-17.411292733559247,-10.98296041185689,-0.24873275333656067,-6238.348310614538,-89.11926158020769,0.6657559240702291,0.5637779759463383,21.829400161133957,0
common,15m,ZENUSDT,90,later,36,36,0,0.25,6.246691626427764,10.011482002638486,0.17351921184521568,-2526.6665641076775,-70.18518233632437,1.216055023256086,0.6762769691526029,14.223107914377309,1
common,15m,ZENUSDT,90,full,106,106,0,0.2641509433962264,-11.16460110713148,-0.9714784092184039,-0.10532642553897623,-8765.014874722214,-82.68881957285107,0.862172319618985,0.6034985148578492,34.43166974519593,1
common,15m,ZENUSDT,120,earlier,63,63,0,0.25396825396825395,-16.967915130592086,-11.176822045545586,-0.26933198619987436,-5823.319263960937,-92.43363911049106,0.6541939329938394,0.556598104873012,20.997469942137165,0
common,15m,ZENUSDT,120,later,31,31,0,0.1935483870967742,5.084808242789291,8.396119514388154,0.16402607234804165,-2824.9997236201525,-91.12902334258555,1.1860115511978486,0.6163257446410391,14.299908130154492,1
common,15m,ZENUSDT,120,full,94,94,0,0.23404255319148937,-11.883106887802795,-2.780702531157429,-0.12641603072130633,-8648.31898758109,-92.00339348490522,0.8444694853287676,0.5780544532389186,35.297378072291664,1
common,15m,ZENUSDT,150,earlier,57,57,0,0.2631578947368421,-10.465057364311624,-5.004166113076528,-0.18359749761950217,-3754.9308216794107,-65.87597932770896,0.7607303836933021,0.6638262570629236,17.935493901253977,0
common,15m,ZENUSDT,150,later,31,31,0,0.1935483870967742,5.0884191481740375,8.396119514388154,0.16414255316690443,-2891.6525898464133,-93.27911580149721,1.1861682363104247,0.6107965780611069,14.296297224769747,1
common,15m,ZENUSDT,150,full,88,88,0,0.23863636363636365,-5.376638216137587,3.3919534013116213,-0.06109816154701803,-6646.583411525825,-75.5293569491571,0.9243471613726467,0.6426430227822023,28.790909400626454,1
common,15m,ZENUSDT,200,earlier,49,49,0,0.24489795918367346,-6.9091778767536205,-2.327301601122797,-0.141003630137829,-2427.265346143505,-49.536027472316434,0.8176379349968739,0.7443053529827981,15.866322254790163,0
common,15m,ZENUSDT,200,later,27,27,0,0.2222222222222222,4.228656308692103,7.061182331816604,0.15661690032192974,-2132.162356655983,-78.9689761724438,1.1840327782490336,0.6645431391347759,10.975769659192203,1
common,15m,ZENUSDT,200,full,76,76,0,0.23684210526315788,-2.6805215680615158,4.733880730693808,-0.03527002063238836,-4559.4277027994885,-59.992469773677485,0.9559594692066319,0.7123175984698771,24.05258564641742,1
common,1h,1000PEPEUSDT,0,earlier,23,23,0,0.391304347826087,8.87005730164492,10.011056921583066,0.38565466528890957,3296.6357375543002,143.3319885893174,1.6488221233952085,1.45698388848062,4.528729914973685,0
common,1h,1000PEPEUSDT,0,later,13,12,1,0.4166666666666667,-0.693419695036003,-0.044924362339849644,-0.05778497458633358,521.6259012602876,43.46882510502396,0.8871563908991194,1.2406042933549302,3.9455576863998894,0
common,1h,1000PEPEUSDT,0,full,36,35,1,0.4,8.176637606608919,9.966132559243217,0.2336182173316834,3818.2616388145884,109.09318968041681,1.4126285261615763,1.4069824932423494,4.528729914973685,0
common,1h,1000PEPEUSDT,20,earlier,23,23,0,0.391304347826087,8.87005730164492,10.011056921583066,0.38565466528890957,3296.6357375543002,143.3319885893174,1.6488221233952085,1.45698388848062,4.528729914973685,0
common,1h,1000PEPEUSDT,20,later,13,12,1,0.4166666666666667,-0.693419695036003,-0.044924362339849644,-0.05778497458633358,521.6259012602876,43.46882510502396,0.8871563908991194,1.2406042933549302,3.9455576863998894,0
common,1h,1000PEPEUSDT,20,full,36,35,1,0.4,8.176637606608919,9.966132559243217,0.2336182173316834,3818.2616388145884,109.09318968041681,1.4126285261615763,1.4069824932423494,4.528729914973685,0
common,1h,1000PEPEUSDT,30,earlier,23,23,0,0.391304347826087,8.87005730164492,10.011056921583066,0.38565466528890957,3296.6357375543002,143.3319885893174,1.6488221233952085,1.45698388848062,4.528729914973685,0
common,1h,1000PEPEUSDT,30,later,13,12,1,0.4166666666666667,-0.693419695036003,-0.044924362339849644,-0.05778497458633358,521.6259012602876,43.46882510502396,0.8871563908991194,1.2406042933549302,3.9455576863998894,0
common,1h,1000PEPEUSDT,30,full,36,35,1,0.4,8.176637606608919,9.966132559243217,0.2336182173316834,3818.2616388145884,109.09318968041681,1.4126285261615763,1.4069824932423494,4.528729914973685,0
common,1h,1000PEPEUSDT,50,earlier,23,23,0,0.391304347826087,8.87005730164492,10.011056921583066,0.38565466528890957,3296.6357375543002,143.3319885893174,1.6488221233952085,1.45698388848062,4.528729914973685,0
common,1h,1000PEPEUSDT,50,later,12,11,1,0.45454545454545453,0.34370736606971763,0.9550756376601484,0.031246124188156147,1080.3165329547296,98.21059390497543,1.0672902251344538,1.6712993109031256,2.9084306252941685,0
common,1h,1000PEPEUSDT,50,full,35,34,1,0.4117647058823529,9.21376466771464,10.966132559243215,0.2709930784621953,4376.95227050903,128.73389030908913,1.4906458293746363,1.4960736083015023,4.528729914973685,0
common,1h,1000PEPEUSDT,60,earlier,20,20,0,0.4,7.800231152773511,8.762999725437583,0.39001155763867557,3630.5473525538773,181.52736762769385,1.6747672742918827,1.6120428911441753,4.528729914973685,0
common,1h,1000PEPEUSDT,60,later,13,12,1,0.4166666666666667,-0.693419695036003,-0.044924362339849644,-0.05778497458633358,521.6259012602876,43.46882510502396,0.8871563908991194,1.2406042933549302,3.9455576863998894,0
common,1h,1000PEPEUSDT,60,full,33,32,1,0.40625,7.1068114577375106,8.718075363097734,0.2220878580542972,4152.173253814165,129.75541418169266,1.4014048807325419,1.5126245061585488,4.528729914973685,0
common,1h,1000PEPEUSDT,90,earlier,17,17,0,0.35294117647058826,4.27336605331198,5.07145356124597,0.2513744737242341,2166.875551134659,127.46326771380348,1.4066482647112377,1.385753549170939,6.012330641872966,0
common,1h,1000PEPEUSDT,90,later,11,10,1,0.4,0.2674935385772279,0.7686867487712596,0.026749353857722792,878.9026746075629,87.89026746075629,1.0529594576766501,1.4991772126233636,2.9084306252941685,0
common,1h,1000PEPEUSDT,90,full,28,27,1,0.37037037037037035,4.540859591889207,5.840140310017231,0.16817998488478544,3045.778225742222,112.80660095341563,1.2918353188539242,1.4128213903393116,6.012330641872966,0
common,1h,1000PEPEUSDT,120,earlier,13,13,0,0.38461538461538464,4.693279835861414,5.2882499662010005,0.3610215258354934,3834.782069064343,294.9832360818725,1.633135998998882,2.173090800012954,3.9432288048557957,0
common,1h,1000PEPEUSDT,120,later,7,7,0,0.42857142857142855,0.7311423232943761,1.0769610601871402,0.10444890332776802,875.5354245254873,125.07648921792676,1.2291786027259992,1.7927223979924125,3.190273064752529,0
common,1h,1000PEPEUSDT,120,full,20,20,0,0.4,5.424422159155791,6.36521102638814,0.27122110795778953,4710.317493589831,235.51587467949156,1.5115919630563197,2.077032346429692,3.9432288048557957,0
common,1h,1000PEPEUSDT,150,earlier,13,13,0,0.38461538461538464,3.9486413909083002,4.53719511388033,0.3037416454544846,3517.278839774377,270.5599107518752,1.4840569606493046,1.9807107043746737,4.68786724980891,0
common,1h,1000PEPEUSDT,150,later,8,8,0,0.375,-0.06669381423305865,0.32933852909715977,-0.00833672677913233,557.7585532222029,69.71981915277536,0.9832768334941956,1.392168118967491,3.988109202279964,0
common,1h,1000PEPEUSDT,150,full,21,21,0,0.38095238095238093,3.8819475766752416,4.8665336429774895,0.18485464650834485,4075.0373929965804,194.04939966650383,1.3196202580710075,1.8135914069180465,4.754561064041969,0
common,1h,1000PEPEUSDT,200,earlier,12,12,0,0.4166666666666667,4.997763150015617,5.53719511388033,0.4164802625013014,3944.430382460483,328.7025318717069,1.7030915278816485,2.2485110419542647,3.6387454907015915,0
common,1h,1000PEPEUSDT,200,later,8,8,0,0.375,-0.06669381423305865,0.32933852909715977,-0.00833672677913233,557.7585532222029,69.71981915277536,0.9832768334941956,1.392168118967491,3.988109202279964,0
common,1h,1000PEPEUSDT,200,full,20,20,0,0.4,4.931069335782558,5.866533642977489,0.2465534667891279,4502.188935682686,225.10944678413432,1.444385510386153,1.982677892701485,3.988109202279965,0
common,1h,AAVEUSDT,0,earlier,25,25,0,0.28,-4.276915388037645,-3.073421972565444,-0.17107661552150583,-1840.0580625943558,-73.60232250377423,0.7364068274394664,0.7678536073881873,9.096216482263706,0
common,1h,AAVEUSDT,0,later,11,10,1,0.5,1.7540811430531846,2.267743855253981,0.17540811430531847,1974.417400898824,197.44174008988242,1.3311039586383326,1.9803851998194142,3.190643695880736,0
common,1h,AAVEUSDT,0,full,36,35,1,0.34285714285714286,-2.522834244984462,-0.8056781173114642,-0.07208097842812748,134.3593383044679,3.838838237270512,0.8827848956163628,1.0135167596099628,9.096216482263706,0
common,1h,AAVEUSDT,20,earlier,24,24,0,0.2916666666666667,-3.2276616116025996,-2.0734219725654426,-0.13448590048344164,-1413.9978282816521,-58.916576178402174,0.7873206471632951,0.8114725620954397,8.046962705828658,0
common,1h,AAVEUSDT,20,later,11,10,1,0.5,1.7540811430531846,2.267743855253981,0.17540811430531847,1974.417400898824,197.44174008988242,1.3311039586383326,1.9803851998194142,3.190643695880736,0
common,1h,AAVEUSDT,20,full,35,34,1,0.35294117647058826,-1.4735804685494154,0.19432188268853756,-0.043340602016159274,560.4195726171714,16.482928606387393,0.9280262571252745,1.0589038413143461,8.046962705828658,0
common,1h,AAVEUSDT,30,earlier,25,25,0,0.28,-4.276915388037645,-3.073421972565444,-0.17107661552150583,-1840.0580625943558,-73.60232250377423,0.7364068274394664,0.7678536073881873,9.096216482263706,0
common,1h,AAVEUSDT,30,later,11,10,1,0.5,1.7540811430531846,2.267743855253981,0.17540811430531847,1974.417400898824,197.44174008988242,1.3311039586383326,1.9803851998194142,3.190643695880736,0
common,1h,AAVEUSDT,30,full,36,35,1,0.34285714285714286,-2.522834244984462,-0.8056781173114642,-0.07208097842812748,134.3593383044679,3.838838237270512,0.8827848956163628,1.0135167596099628,9.096216482263706,0
common,1h,AAVEUSDT,50,earlier,24,24,0,0.2916666666666667,-2.981199457348411,-1.8148638999296987,-0.12421664405618378,-1908.5444245704641,-79.52268435710266,0.8034526801158575,0.7475146283832407,8.038621677068901,0
common,1h,AAVEUSDT,50,later,11,10,1,0.5,1.7540811430531846,2.267743855253981,0.17540811430531847,1974.417400898824,197.44174008988242,1.3311039586383326,1.9803851998194142,3.190643695880736,0
common,1h,AAVEUSDT,50,full,35,34,1,0.35294117647058826,-1.227118314295227,0.45287995532428194,-0.03609171512633021,65.87297632835956,1.9374404802458693,0.940039722178275,1.0068811576442567,8.038621677068901,0
common,1h,AAVEUSDT,60,earlier,21,21,0,0.3333333333333333,-1.3140115324782962,-0.36393056934613877,-0.06257197773706172,-954.1092912609009,-45.433775774328616,0.8956061768767428,0.8581611749236575,7.626209727383368,0
common,1h,AAVEUSDT,60,later,11,10,1,0.5,1.7540811430531846,2.267743855253981,0.17540811430531847,1974.417400898824,197.44174008988242,1.3311039586383326,1.9803851998194142,3.190643695880736,0
common,1h,AAVEUSDT,60,full,32,31,1,0.3870967741935484,0.44006961057488836,1.9038132859078418,0.014195793889512528,1020.3081096379228,32.91316482702977,1.024605875398417,1.1167315824459587,7.626209727383368,0
common,1h,AAVEUSDT,90,earlier,20,20,0,0.25,-6.982879024874543,-6.083043725531799,-0.34914395124372716,-3412.3571342884047,-170.61785671442024,0.48981456719882394,0.49927645774401386,10.026963715609144,0
common,1h,AAVEUSDT,90,later,10,9,1,0.4444444444444444,1.5442971953493028,2.027413859333577,0.17158857726103363,1488.362498571687,165.37361095240968,1.2915047098700412,1.73903753324989,3.190643695880736,0
common,1h,AAVEUSDT,90,full,30,29,1,0.3103448275862069,-5.438581829525241,-4.05562986619822,-0.1875373044663876,-1923.9946357167175,-66.3446426109213,0.7135269301158684,0.7820767717152636,10.513442747125772,0
common,1h,AAVEUSDT,120,earlier,21,21,0,0.23809523809523808,-4.767144968866901,-3.905566607675725,-0.22700690327937625,-2343.6078117319303,-111.60037198723478,0.6605950929072639,0.6905669364012047,10.423732745850845,0
common,1h,AAVEUSDT,120,later,10,9,1,0.4444444444444444,1.5442971953493028,2.027413859333577,0.17158857726103363,1488.362498571687,165.37361095240968,1.2915047098700412,1.73903753324989,3.190643695880736,0
common,1h,AAVEUSDT,120,full,31,30,1,0.3,-3.2228477735175987,-1.8781527483421485,-0.10742825911725329,-855.2453131602432,-28.50817710534144,0.8333866382095365,0.9107985543167891,10.423732745850845,0
common,1h,AAVEUSDT,150,earlier,16,16,0,0.3125,-0.335235592485005,0.3274874669625083,-0.020952224530312813,167.92927897548049,10.49557993596753,0.9651293486905708,1.0331722678143005,7.061521017845209,0
common,1h,AAVEUSDT,150,later,9,8,1,0.375,-1.008580610136979,-0.5561272877985906,-0.12607257626712237,-176.738347231825,-22.092293403978125,0.8096182528700193,0.9122416264221809,4.227404903566004,0
common,1h,AAVEUSDT,150,full,25,24,1,0.3333333333333333,-1.3438162026219844,-0.22863982083608292,-0.05599234177591602,-8.809068256344643,-0.36704451068102684,0.9098797253023126,0.9987551236204313,7.061521017845209,0
common,1h,AAVEUSDT,200,earlier,14,14,0,0.2857142857142857,-1.891645291984886,-1.3013855781566248,-0.1351175208560633,-220.3569855259237,-15.73978468042312,0.7954522758983643,0.9530010203854078,7.732849416282374,0
common,1h,AAVEUSDT,200,later,8,7,1,0.42857142857142855,0.07247934190139105,0.44387271220141034,0.01035419170019872,89.99261543310502,12.856087919015003,1.0171889874149131,1.051507084491996,3.146344951527634,0
common,1h,AAVEUSDT,200,full,22,21,1,0.3333333333333333,-1.819165950083495,-0.8575128659552143,-0.08662695000397595,-130.36437009281877,-6.207827147277085,0.864892243975554,0.9797436777417884,7.732849416282374,0
common,1h,AEROUSDT,0,earlier,14,14,0,0.21428571428571427,1.130298429139572,1.804500224029772,0.08073560208139799,-269.37555015478557,-19.241110725341827,1.0981681260902272,0.9579520580516682,7.371783100889076,0
common,1h,AEROUSDT,0,later,11,11,0,0.18181818181818182,-7.5177971038094045,-6.958789301418307,-0.6834361003463095,-3875.9599808489706,-352.35999825899734,0.20325285484733555,0.1415072779951023,8.676213211191964,0
common,1h,AEROUSDT,0,full,26,26,0,0.19230769230769232,-7.032197676096365,-5.76627195898625,-0.27046914138832173,-4539.452562485399,-174.5943293263615,0.6743480863779779,0.5988235313443836,12.304617508347537,0
common,1h,AEROUSDT,20,earlier,14,14,0,0.21428571428571427,1.130298429139572,1.804500224029772,0.08073560208139799,-269.37555015478557,-19.241110725341827,1.0981681260902272,0.9579520580516682,7.371783100889076,0
common,1h,AEROUSDT,20,later,11,11,0,0.18181818181818182,-7.5177971038094045,-6.958789301418307,-0.6834361003463095,-3875.9599808489706,-352.35999825899734,0.20325285484733555,0.1415072779951023,8.676213211191964,0
common,1h,AEROUSDT,20,full,26,26,0,0.19230769230769232,-7.032197676096365,-5.76627195898625,-0.27046914138832173,-4539.452562485399,-174.5943293263615,0.6743480863779779,0.5988235313443836,12.304617508347537,0
common,1h,AEROUSDT,30,earlier,13,13,0,0.23076923076923078,2.1582632178719665,2.804500224029774,0.1660202475286128,465.8095417616082,35.83150321243141,1.2058244922702903,1.0821358918052797,6.343818312156682,0
common,1h,AEROUSDT,30,later,11,11,0,0.18181818181818182,-7.5177971038094045,-6.958789301418307,-0.6834361003463095,-3875.9599808489706,-352.35999825899734,0.20325285484733555,0.1415072779951023,8.676213211191964,0
common,1h,AEROUSDT,30,full,25,25,0,0.2,-6.00423288736397,-4.76627195898625,-0.2401693154945588,-3804.2674705690056,-152.17069882276022,0.7080540880249561,0.6404340444556327,12.304617508347537,0
common,1h,AEROUSDT,50,earlier,13,13,0,0.15384615384615385,-1.707118656287562,-1.084947012151129,-0.13131681971442785,-1360.0574122370724,-104.61980094131326,0.8517341657910749,0.7877030224781646,7.371783100889076,0
common,1h,AEROUSDT,50,later,11,11,0,0.18181818181818182,-7.5177971038094045,-6.958789301418307,-0.6834361003463095,-3875.9599808489706,-352.35999825899734,0.20325285484733555,0.1415072779951023,8.676213211191964,0
common,1h,AEROUSDT,50,full,24,24,0,0.16666666666666666,-9.224915760096966,-8.043736313569436,-0.38437149000404025,-5236.017393086043,-218.16739137858514,0.5596597344463061,0.5205654049565679,11.659918506921006,0
common,1h,AEROUSDT,60,earlier,12,12,0,0.16666666666666666,-0.6293853229542292,-0.08494701215113054,-0.052448776912852435,-1082.7675323056828,-90.23062769214025,0.9396919317763563,0.8233399091820895,6.294049767555744,0
common,1h,AEROUSDT,60,later,11,11,0,0.18181818181818182,-7.5177971038094045,-6.958789301418307,-0.6834361003463095,-3875.9599808489706,-352.35999825899734,0.20325285484733555,0.1415072779951023,8.676213211191964,0
common,1h,AEROUSDT,60,full,24,24,0,0.16666666666666666,-8.791881428190166,-7.655719195167152,-0.3663283928412569,-5352.8445446362975,-223.03518935984573,0.5714722798183121,0.5150557259737255,12.304617508347537,0
common,1h,AEROUSDT,90,earlier,9,9,0,0.2222222222222222,2.4927750205653494,2.915052987848869,0.2769750022850388,555.2874102959273,61.69860114399192,1.3408218936883163,1.1236432243376675,4.2276640719234875,0
common,1h,AEROUSDT,90,later,8,8,0,0.25,-4.408365697501036,-3.958789301418307,-0.5510457121876295,-2048.905799741899,-256.1132249677374,0.3031552807027375,0.23769841033676622,5.566781804883596,0
common,1h,AEROUSDT,90,full,18,18,0,0.2222222222222222,-2.5602896783622198,-1.6557191951671526,-0.14223831546456778,-1887.7354209276136,-104.8741900515341,0.8207693890412566,0.7507266099576759,8.139411454151846,0
common,1h,AEROUSDT,120,earlier,8,8,0,0.25,3.5263965675266755,3.915052987848869,0.44079957094083444,1170.1440367029602,146.26800458787002,1.5614933103990636,1.3018799956694287,4.2276640719234875,0
common,1h,AEROUSDT,120,later,7,7,0,0.14285714285714285,-5.547794818961857,-5.197044334975364,-0.792542116994551,-2446.766594746227,-349.5380849637467,0.12040204166802948,0.12473606607867353,5.547794818961857,0
common,1h,AEROUSDT,120,full,16,16,0,0.1875,-2.6660972528617126,-1.8939742287242103,-0.16663107830385704,-1670.7395895249078,-104.42122434530674,0.7985156884035677,0.7635445124762552,8.24521902865134,0
common,1h,AEROUSDT,150,earlier,7,7,0,0.14285714285714285,0.4543712269616069,0.7657992565055858,0.06491017528022956,349.6141423550772,49.94487747929674,1.0723556980354938,1.0897901725391266,4.226963044329352,0
common,1h,AEROUSDT,150,later,6,6,0,0.16666666666666666,-4.497147396281445,-4.197044334975364,-0.7495245660469075,-2031.8797684964306,-338.64662808273846,0.14446729000252884,0.14647508229646533,4.497147396281445,0
common,1h,AEROUSDT,150,full,14,14,0,0.14285714285714285,-4.687475170746371,-4.043227960067494,-0.3348196550533122,-2076.3826576229953,-148.3130469730711,0.6151793204337984,0.6886222066960731,7.194571605970928,0
common,1h,AEROUSDT,200,earlier,6,6,0,0.0,-6.2792300237672976,-5.999999999999996,-1.0465383372945496,-3896.6014029876173,-649.4335671646029,0.0,0.0,6.2792300237672976,0
common,1h,AEROUSDT,200,later,6,6,0,0.16666666666666666,-4.497147396281445,-4.197044334975364,-0.7495245660469075,-2031.8797684964306,-338.64662808273846,0.14446729000252884,0.14647508229646533,4.497147396281445,0
common,1h,AEROUSDT,200,full,13,13,0,0.07692307692307693,-11.421076421475274,-10.809027216573078,-0.8785443401134826,-6322.59820296569,-486.35370792043767,0.06234559716101652,0.05226795792673799,11.421076421475274,0
common,1h,API3USDT,0,earlier,12,12,0,0.25,-3.209412046417603,-2.6896283347380177,-0.2674510038681336,-1899.5521603981092,-158.2960133665091,0.5362341095236357,0.4263472004170178,3.209412046417603,0
common,1h,API3USDT,0,later,11,11,0,0.45454545454545453,5.164729033586706,5.944224987343155,0.4695208212351551,1303.2085627049707,118.4735057004519,1.966452288938124,1.6981966263172805,3.227592696993348,0
common,1h,API3USDT,0,full,23,23,0,0.34782608695652173,1.9553169871691038,3.2545966526051373,0.0850137820508306,-596.343597693138,-25.927982508397307,1.1594311304963658,0.8848282271692117,3.986625161171704,0
common,1h,API3USDT,20,earlier,12,12,0,0.25,-3.209412046417603,-2.6896283347380177,-0.2674510038681336,-1899.5521603981092,-158.2960133665091,0.5362341095236357,0.4263472004170178,3.209412046417603,0
common,1h,API3USDT,20,later,11,11,0,0.45454545454545453,5.164729033586706,5.944224987343155,0.4695208212351551,1303.2085627049707,118.4735057004519,1.966452288938124,1.6981966263172805,3.227592696993348,0
common,1h,API3USDT,20,full,23,23,0,0.34782608695652173,1.9553169871691038,3.2545966526051373,0.0850137820508306,-596.343597693138,-25.927982508397307,1.1594311304963658,0.8848282271692117,3.986625161171704,0
common,1h,API3USDT,30,earlier,11,11,0,0.18181818181818182,-4.917939149221345,-4.459721792681947,-0.44708537720194047,-2454.5718944438922,-223.1428994948993,0.2893488290501541,0.258734733175035,4.917939149221345,0
common,1h,API3USDT,30,later,11,11,0,0.45454545454545453,5.164729033586706,5.944224987343155,0.4695208212351551,1303.2085627049707,118.4735057004519,1.966452288938124,1.6981966263172805,3.227592696993348,0
common,1h,API3USDT,30,full,22,22,0,0.3181818181818182,0.24678988436536264,1.4845031946612082,0.011217722016607394,-1151.3633317389208,-52.33469689722368,1.020122563511506,0.7776373275378584,5.695152263975446,0
common,1h,API3USDT,50,earlier,11,11,0,0.18181818181818182,-4.917939149221345,-4.459721792681947,-0.44708537720194047,-2454.5718944438922,-223.1428994948993,0.2893488290501541,0.258734733175035,4.917939149221345,0
common,1h,API3USDT,50,later,10,10,0,0.5,6.254204443422774,6.944224987343155,0.6254204443422774,1546.733663474481,154.6733663474481,2.470009666250947,1.9530031188284875,2.1381172871572813,0
common,1h,API3USDT,50,full,21,21,0,0.3333333333333333,1.3362652942014293,2.484503194661208,0.06363168067625853,-907.838230969411,-43.230391950924336,1.1195778021562333,0.8160161807043159,5.695152263975446,0
common,1h,API3USDT,60,earlier,11,11,0,0.18181818181818182,-4.917939149221345,-4.459721792681947,-0.44708537720194047,-2454.5718944438922,-223.1428994948993,0.2893488290501541,0.258734733175035,4.917939149221345,0
common,1h,API3USDT,60,later,10,10,0,0.5,6.254204443422774,6.944224987343155,0.6254204443422774,1546.733663474481,154.6733663474481,2.470009666250947,1.9530031188284875,2.1381172871572813,0
common,1h,API3USDT,60,full,21,21,0,0.3333333333333333,1.3362652942014293,2.484503194661208,0.06363168067625853,-907.838230969411,-43.230391950924336,1.1195778021562333,0.8160161807043159,5.695152263975446,0
common,1h,API3USDT,90,earlier,10,10,0,0.2,-4.238281520463747,-3.8231312869144283,-0.42382815204637475,-2215.8227701803103,-221.58227701803102,0.2783046724915844,0.2283753892928968,4.238281520463747,0
common,1h,API3USDT,90,later,8,8,0,0.5,6.036860596151557,6.592409257938716,0.7546075745189447,1493.80025114894,186.7250313936175,2.736067150011015,2.0773494892804223,2.1381172871572813,0
common,1h,API3USDT,90,full,18,18,0,0.3333333333333333,1.79857907568781,2.7692779710242874,0.09992105976043389,-722.0225190313699,-40.11236216840944,1.1923615231178593,0.8304388760597705,4.238281520463747,0
common,1h,API3USDT,120,earlier,8,8,0,0.125,-4.906748957438538,-4.5724935318123885,-0.6133436196798172,-2169.574116340922,-271.19676454261526,0.031107163094686033,0.046721672169750365,4.906748957438538,0
common,1h,API3USDT,120,later,8,8,0,0.5,6.036860596151557,6.592409257938716,0.7546075745189447,1493.80025114894,186.7250313936175,2.736067150011015,2.0773494892804223,2.1381172871572813,0
common,1h,API3USDT,120,full,16,16,0,0.3125,1.1301116387130197,2.019915726126327,0.07063197741956373,-675.7738651919822,-42.235866574498885,1.132306719858241,0.8154863282733178,4.906748957438538,0
common,1h,API3USDT,150,earlier,8,8,0,0.125,-4.906748957438538,-4.5724935318123885,-0.6133436196798172,-2169.574116340922,-271.19676454261526,0.031107163094686033,0.046721672169750365,4.906748957438538,0
common,1h,API3USDT,150,later,7,7,0,0.42857142857142855,4.71213559615156,5.154909257938719,0.6731622280216515,1258.867863651712,179.83826623595886,2.3551056355502626,1.9079129883219463,2.1381172871572813,0
common,1h,API3USDT,150,full,15,15,0,0.26666666666666666,-0.19461336128697743,0.5824157261263304,-0.012974224085798495,-910.7062526892103,-60.71375017928068,0.9772158301972808,0.7513402586227632,4.906748957438538,0
common,1h,API3USDT,200,earlier,8,8,0,0.125,-4.906748957438538,-4.5724935318123885,-0.6133436196798172,-2169.574116340922,-271.19676454261526,0.031107163094686033,0.046721672169750365,4.906748957438538,0
common,1h,API3USDT,200,later,7,7,0,0.42857142857142855,4.71213559615156,5.154909257938719,0.6731622280216515,1258.867863651712,179.83826623595886,2.3551056355502626,1.9079129883219463,2.1381172871572813,0
common,1h,API3USDT,200,full,15,15,0,0.26666666666666666,-0.19461336128697743,0.5824157261263304,-0.012974224085798495,-910.7062526892103,-60.71375017928068,0.9772158301972808,0.7513402586227632,4.906748957438538,0
common,1h,APTUSDT,0,earlier,18,18,0,0.2777777777777778,-6.9141232574727045,-5.715748143424378,-0.3841179587484836,-2611.093781284547,-145.06076562691928,0.44686730035449673,0.41221017995557335,6.9141232574727045,0
common,1h,APTUSDT,0,later,7,7,0,0.2857142857142857,3.4853214119448044,3.8327939191831493,0.4979030588492578,2015.6212680474869,287.9458954353553,1.9983923092120774,2.4090233677915096,2.100447976470285,0
common,1h,APTUSDT,0,full,26,26,0,0.3076923076923077,-1.3856986268819327,0.25800027076433996,-0.05329610103392049,-177.87893762796554,-6.841497601075598,0.913344385769819,0.969711046445444,6.9141232574727045,0
common,1h,APTUSDT,20,earlier,18,18,0,0.2777777777777778,-6.9141232574727045,-5.715748143424378,-0.3841179587484836,-2611.093781284547,-145.06076562691928,0.44686730035449673,0.41221017995557335,6.9141232574727045,0
common,1h,APTUSDT,20,later,7,7,0,0.2857142857142857,3.4853214119448044,3.8327939191831493,0.4979030588492578,2015.6212680474869,287.9458954353553,1.9983923092120774,2.4090233677915096,2.100447976470285,0
common,1h,APTUSDT,20,full,26,26,0,0.3076923076923077,-1.3856986268819327,0.25800027076433996,-0.05329610103392049,-177.87893762796554,-6.841497601075598,0.913344385769819,0.969711046445444,6.9141232574727045,0
common,1h,APTUSDT,30,earlier,18,18,0,0.2777777777777778,-6.9141232574727045,-5.715748143424378,-0.3841179587484836,-2611.093781284547,-145.06076562691928,0.44686730035449673,0.41221017995557335,6.9141232574727045,0
common,1h,APTUSDT,30,later,7,7,0,0.2857142857142857,3.4853214119448044,3.8327939191831493,0.4979030588492578,2015.6212680474869,287.9458954353553,1.9983923092120774,2.4090233677915096,2.100447976470285,0
common,1h,APTUSDT,30,full,26,26,0,0.3076923076923077,-1.3856986268819327,0.25800027076433996,-0.05329610103392049,-177.87893762796554,-6.841497601075598,0.913344385769819,0.969711046445444,6.9141232574727045,0
common,1h,APTUSDT,50,earlier,18,18,0,0.2777777777777778,-6.9141232574727045,-5.715748143424378,-0.3841179587484836,-2611.093781284547,-145.06076562691928,0.44686730035449673,0.41221017995557335,6.9141232574727045,0
common,1h,APTUSDT,50,later,7,7,0,0.2857142857142857,3.043984582107975,3.385907472296703,0.4348549403011393,1839.875957625444,262.8394225179206,1.7741035407465655,2.1454446595358014,2.100447976470285,0
common,1h,APTUSDT,50,full,26,26,0,0.3076923076923077,-1.827035456718762,-0.18888617612210623,-0.07027059448918316,-353.62424805000853,-13.600932617308022,0.88881374725856,0.9415350061892557,6.9141232574727045,0
common,1h,APTUSDT,60,earlier,16,16,0,0.3125,-4.715272123635446,-3.7157481434243813,-0.29470450772721535,-2148.39450294937,-134.2746564343356,0.5422547957428789,0.46013785666982365,4.715272123635447,0
common,1h,APTUSDT,60,later,6,6,0,0.3333333333333333,3.624710420372274,3.9322585571093254,0.604118403395379,2177.755232355762,362.959205392627,2.08150440932639,2.716964121646108,2.100447976470285,0
common,1h,APTUSDT,60,full,23,23,0,0.34782608695652173,0.9525415153827952,2.357464908690512,0.041414848494904136,446.9543050154862,19.432795870238532,1.0697698211643543,1.0851682242662786,4.715272123635447,0
common,1h,APTUSDT,90,earlier,13,13,0,0.23076923076923078,-5.370317552611143,-4.594924312779006,-0.41310135020085714,-2462.410339757757,-189.41617998136593,0.4158598075133926,0.3474554267613959,5.370317552611143,0
common,1h,APTUSDT,90,later,5,5,0,0.4,4.668547126180069,4.932258557109326,0.9337094252360139,2626.765141180359,525.3530282360717,3.0230232966089443,4.205852379105044,1.2593801264679332,0
common,1h,APTUSDT,90,full,19,19,0,0.3157894736842105,1.3413327922148945,2.4782887393358886,0.07059646274815234,581.9483770316963,30.628861949036647,1.1166249543149847,1.1267056222586744,5.370317552611143,0
common,1h,APTUSDT,120,earlier,8,8,0,0.0,-7.051154516041595,-6.589873634434778,-0.8813943145051993,-3170.8263179854634,-396.35328974818293,0.0,0.0,7.051154516041596,0
common,1h,APTUSDT,120,later,4,4,0,0.5,5.733317496550439,5.932258557109325,1.4333293741376099,2955.548306779625,738.8870766949062,5.612715213165574,7.024570248255352,1.0483279132791314,0
common,1h,APTUSDT,120,full,13,13,0,0.23076923076923078,0.7252661991548115,1.4833394176801147,0.05578970762729319,202.31556440325593,15.56273572332738,1.0874437108897692,1.055256208300513,7.051154516041596,0
common,1h,APTUSDT,150,earlier,8,8,0,0.0,-7.051154516041595,-6.589873634434778,-0.8813943145051993,-3170.8263179854634,-396.35328974818293,0.0,0.0,7.051154516041596,0
common,1h,APTUSDT,150,later,5,5,0,0.4,4.681197433359286,4.932258557109324,0.9362394866718573,2551.81891783685,510.36378356737004,3.039686133787006,3.8533883443147725,2.100447976470285,0
common,1h,APTUSDT,150,full,13,13,0,0.15384615384615385,-2.3699570826823084,-1.6576150773254554,-0.1823043909755622,-619.0074001486134,-47.61595385758565,0.7464259296021318,0.8477278312734781,7.378872276684543,0
common,1h,APTUSDT,200,earlier,9,9,0,0.1111111111111111,-6.859423791070364,-6.362792698493084,-0.7621581990078182,-3062.351307677081,-340.2612564085646,0.0271913946198509,0.03421032861153397,6.859423791070364,0
common,1h,APTUSDT,200,later,5,5,0,0.4,4.681197433359286,4.932258557109324,0.9362394866718573,2551.81891783685,510.36378356737004,3.039686133787006,3.8533883443147725,2.100447976470285,0
common,1h,APTUSDT,200,full,14,14,0,0.21428571428571427,-2.178226357711079,-1.4305341413837607,-0.15558759697936278,-510.53238984023085,-36.466599274302204,0.7669401999686919,0.8744120438827678,7.187141551713312,0
common,1h,ARBUSDT,0,earlier,22,22,0,0.3181818181818182,1.667052831377892,2.874073373385734,0.0757751286989951,808.8489622158302,36.76586191890137,1.1092463404676371,1.1298308251902003,5.290012239565893,0
common,1h,ARBUSDT,0,later,15,15,0,0.2,-2.792353603338932,-2.0084232725405116,-0.18615690688926215,-1171.936903632776,-78.12912690885173,0.7445071267754768,0.7420339706729095,7.420182968583811,0
common,1h,ARBUSDT,0,full,38,38,0,0.2894736842105263,0.5553510798908092,2.6219463971415147,0.014614502102389716,81.26771859088738,2.138624173444405,1.021205624367126,1.0075436396348465,8.161095098208964,0
common,1h,ARBUSDT,20,earlier,22,22,0,0.3181818181818182,1.667052831377892,2.874073373385734,0.0757751286989951,808.8489622158302,36.76586191890137,1.1092463404676371,1.1298308251902003,5.290012239565893,0
common,1h,ARBUSDT,20,later,15,15,0,0.2,-2.792353603338932,-2.0084232725405116,-0.18615690688926215,-1171.936903632776,-78.12912690885173,0.7445071267754768,0.7420339706729095,7.420182968583811,0
common,1h,ARBUSDT,20,full,38,38,0,0.2894736842105263,0.5553510798908092,2.6219463971415147,0.014614502102389716,81.26771859088738,2.138624173444405,1.021205624367126,1.0075436396348465,8.161095098208964,0
common,1h,ARBUSDT,30,earlier,22,22,0,0.3181818181818182,1.667052831377892,2.874073373385734,0.0757751286989951,808.8489622158302,36.76586191890137,1.1092463404676371,1.1298308251902003,5.290012239565893,0
common,1h,ARBUSDT,30,later,15,15,0,0.2,-2.792353603338932,-2.0084232725405116,-0.18615690688926215,-1171.936903632776,-78.12912690885173,0.7445071267754768,0.7420339706729095,7.420182968583811,0
common,1h,ARBUSDT,30,full,38,38,0,0.2894736842105263,0.5553510798908092,2.6219463971415147,0.014614502102389716,81.26771859088738,2.138624173444405,1.021205624367126,1.0075436396348465,8.161095098208964,0
common,1h,ARBUSDT,50,earlier,21,21,0,0.3333333333333333,1.607267152612674,2.784091699260027,0.076536531076794,1272.8818799370056,60.61342285414313,1.112951888638315,1.2297020607304365,5.290012239565893,0
common,1h,ARBUSDT,50,later,15,15,0,0.13333333333333333,-4.86316521915718,-4.079696395500258,-0.3242110146104787,-2078.923398276259,-138.59489321841727,0.593880605323815,0.5844784993572526,8.46561917634982,0
common,1h,ARBUSDT,50,full,37,37,0,0.2702702702702703,-1.5752462146926571,0.4606916000560629,-0.042574222018720465,-361.685858331421,-9.775293468416784,0.9398861472937877,0.9656994698168804,10.231906714027215,0
common,1h,ARBUSDT,60,earlier,18,18,0,0.3333333333333333,3.044181371636439,4.013474767399677,0.1691211873131355,1219.38291418102,67.74349523227889,1.2522897457352649,1.2438438325045396,5.290012239565893,0
common,1h,ARBUSDT,60,later,15,15,0,0.13333333333333333,-4.86316521915718,-4.079696395500258,-0.3242110146104787,-2078.923398276259,-138.59489321841727,0.593880605323815,0.5844784993572526,8.46561917634982,0
common,1h,ARBUSDT,60,full,34,34,0,0.2647058823529412,-0.13833199566889198,1.6900746681957122,-0.004068588107908588,-415.18482408740607,-12.211318355511942,0.9942459796689164,0.9584974479104467,9.162474581063224,0
common,1h,ARBUSDT,90,earlier,18,18,0,0.3333333333333333,1.3403007859487206,2.393177779329572,0.07446115477492893,855.2071529825583,47.51150849903102,1.1053081618153129,1.1750729094622716,5.559356216773944,0
common,1h,ARBUSDT,90,later,13,13,0,0.15384615384615385,-2.695446747152996,-2.0796963955002594,-0.2073420574733074,-1561.5203388213797,-120.11694914010613,0.7251507207883722,0.6518942122088616,7.384227234957879,0
common,1h,ARBUSDT,90,full,32,32,0,0.28125,0.3255058906475723,2.069777680125604,0.010172059082736634,-261.95752583098755,-8.186172682218361,1.0144448339541785,0.9720448230854805,7.38422723495788,0
common,1h,ARBUSDT,120,earlier,16,16,0,0.25,-2.1416619410435374,-1.2823513648750602,-0.13385387131522108,-445.263590986861,-27.828974436678813,0.8312140547931961,0.9122446915168264,6.311848702268463,0
common,1h,ARBUSDT,120,later,12,12,0,0.16666666666666666,-2.650241408871247,-2.081620307869149,-0.22085345073927057,-1443.5976667536843,-120.29980556280702,0.6975150076774096,0.6413944228916445,6.338791027191868,0
common,1h,ARBUSDT,120,full,29,29,0,0.20689655172413793,-5.829196847278579,-4.363971672744207,-0.2010067878371924,-2445.14777988946,-84.31544068584344,0.7407803897474877,0.7467688734781031,10.775428243823486,0
common,1h,ARBUSDT,150,earlier,13,13,0,0.3076923076923077,1.0438710830939455,1.7176486351249425,0.08029777562261119,611.6098524273691,47.04691172518224,1.10984538930764,1.1522535370612488,4.230299248629336,0
common,1h,ARBUSDT,150,later,10,10,0,0.2,-0.5399524576111623,-0.08162030786914842,-0.05399524576111623,-676.0457830852581,-67.60457830852582,0.9188196984605403,0.7924988766366171,5.854310067445213,0
common,1h,ARBUSDT,150,full,24,24,0,0.25,-0.5333748718810123,0.6360283272557936,-0.02222395299504218,-620.7224528068036,-25.863435533616816,0.9689747931286727,0.9207389640369856,8.982594077303862,0
common,1h,ARBUSDT,200,earlier,12,12,0,0.25,-2.2594074173713268,-1.6186877012114136,-0.18828395144761056,-235.71107286655104,-19.64258940554592,0.7629695138114583,0.9381319756456744,6.400549912365236,0
common,1h,ARBUSDT,200,later,6,6,0,0.16666666666666666,-1.9690709955373216,-1.7302480795885304,-0.3281784992562203,-1412.6241639964921,-235.43736066608201,0.551652717721499,0.43499095167063045,3.730414701336466,0
common,1h,ARBUSDT,200,full,19,19,0,0.2631578947368421,-2.5478265610568007,-1.5926394845036516,-0.13409613479246318,-1203.9795768552096,-63.367346150274194,0.8170188235637684,0.8091974487758722,6.400549912365236,0
common,1h,ARUSDT,0,earlier,16,16,0,0.4375,5.999348959406906,6.750874790517419,0.37495930996293164,1910.188756041878,119.38679725261737,1.637182817523595,1.4132603134083568,4.20237495421246,0
common,1h,ARUSDT,0,later,9,9,0,0.3333333333333333,-2.578715957594052,-2.1664820128568936,-0.286523995288228,-74.80137289498572,-8.311263654998413,0.5920247519381332,0.973307717567886,3.747615129258767,0
common,1h,ARUSDT,0,full,26,26,0,0.4230769230769231,6.3049663351461795,7.52341716790442,0.24249870519793,2890.1606847672283,111.16002633720109,1.4006665424166933,1.3892681725527534,4.20237495421246,0
common,1h,ARUSDT,20,earlier,16,16,0,0.4375,5.999348959406906,6.750874790517419,0.37495930996293164,1910.188756041878,119.38679725261737,1.637182817523595,1.4132603134083568,4.20237495421246,0
common,1h,ARUSDT,20,later,9,9,0,0.3333333333333333,-2.578715957594052,-2.1664820128568936,-0.286523995288228,-74.80137289498572,-8.311263654998413,0.5920247519381332,0.973307717567886,3.747615129258767,0
common,1h,ARUSDT,20,full,26,26,0,0.4230769230769231,6.3049663351461795,7.52341716790442,0.24249870519793,2890.1606847672283,111.16002633720109,1.4006665424166933,1.3892681725527534,4.20237495421246,0
common,1h,ARUSDT,30,earlier,16,16,0,0.4375,5.999348959406906,6.750874790517419,0.37495930996293164,1910.188756041878,119.38679725261737,1.637182817523595,1.4132603134083568,4.20237495421246,0
common,1h,ARUSDT,30,later,9,9,0,0.3333333333333333,-2.578715957594052,-2.1664820128568936,-0.286523995288228,-74.80137289498572,-8.311263654998413,0.5920247519381332,0.973307717567886,3.747615129258767,0
common,1h,ARUSDT,30,full,26,26,0,0.4230769230769231,6.3049663351461795,7.52341716790442,0.24249870519793,2890.1606847672283,111.16002633720109,1.4006665424166933,1.3892681725527534,4.20237495421246,0
common,1h,ARUSDT,50,earlier,16,16,0,0.4375,4.743392948007673,5.481998347979109,0.2964620592504796,1597.213889638383,99.82586810239894,1.503789411765085,1.3455496795928517,4.202374954212458,0
common,1h,ARUSDT,50,later,9,9,0,0.2222222222222222,-3.9608109041073547,-3.5363879689697466,-0.44009010045637276,-703.1582696191639,-78.12869662435155,0.4624609731944869,0.7831156429315163,3.960810904107354,0
common,1h,ARUSDT,50,full,26,26,0,0.38461538461538464,3.6669153772336447,4.884634769253257,0.14103520681667864,1948.8289216395553,74.95495852459828,1.2184788822715023,1.2478061147262975,5.278852524986488,0
common,1h,ARUSDT,60,earlier,16,16,0,0.4375,5.9707658524238,6.750874790517419,0.3731728657764875,2178.0953171541832,136.13095732213645,1.6322277437786872,1.500213145712598,4.20237495421246,0
common,1h,ARUSDT,60,later,9,9,0,0.2222222222222222,-3.9608109041073547,-3.5363879689697466,-0.44009010045637276,-703.1582696191639,-78.12869662435155,0.4624609731944869,0.7831156429315163,3.960810904107354,0
common,1h,ARUSDT,60,full,26,26,0,0.38461538461538464,4.8942882816497715,6.153511211791567,0.18824185698652968,2529.7103491553557,97.2965518905906,1.2911113537558327,1.3330133658862546,5.2788525249864895,0
common,1h,ARUSDT,90,earlier,13,13,0,0.46153846153846156,6.862698278926723,7.518701372987409,0.5278998676097479,2726.209438661327,209.70841835856365,1.9327757161941057,1.8614996169560238,4.20237495421246,0
common,1h,ARUSDT,90,later,8,8,0,0.25,-2.913161098659884,-2.5363879689697475,-0.3641451373324855,-263.4293785526949,-32.928672319086864,0.5391126275967139,0.9059972952218883,3.7476151292587665,0
common,1h,ARUSDT,90,full,22,22,0,0.4090909090909091,6.833870513600164,7.921337794261555,0.3106304778909166,3517.553361728967,159.88878916949852,1.4996230719891888,1.5895157241469071,4.23120271953902,0
common,1h,ARUSDT,120,earlier,9,9,0,0.4444444444444444,0.4102676891142403,0.8716441941812978,0.04558529879047114,173.2701196835172,19.2522355203908,1.077921328136678,1.0767976668014005,2.110241025641029,0
common,1h,ARUSDT,120,later,7,7,0,0.2857142857142857,-1.8507610986598828,-1.5363879689697466,-0.26439444266569756,77.08344196012521,11.011920280017888,0.6480349215911343,1.0313112269229188,3.1381772366549128,0
common,1h,ARUSDT,120,full,17,17,0,0.4117647058823529,1.443839923787684,2.2742806154554476,0.08493176022280494,1305.1268632639774,76.77216842729278,1.1372012545188364,1.2766249955935836,3.138177236654913,0
common,1h,ARUSDT,150,earlier,8,8,0,0.375,-0.09086776213485015,0.3392367867738877,-0.011358470266856269,441.154541735042,55.14431771688025,0.9828544238445596,1.2388853828250148,3.157396207225642,0
common,1h,ARUSDT,150,later,6,6,0,0.3333333333333333,-0.8205524655663581,-0.5363879689697468,-0.1367587442610597,759.1458377686491,126.52430629477485,0.8059314138378019,1.42653810265031,2.107968603561388,0
common,1h,ARUSDT,150,full,14,14,0,0.35714285714285715,-0.9114202277012082,-0.19715118219585914,-0.06510144483580059,1200.3003795036914,85.73574139312082,0.9043423220436446,1.3309799433491163,3.157396207225642,0
common,1h,ARUSDT,200,earlier,8,8,0,0.375,-1.3468237735340831,-0.9296396557644216,-0.1683529716917604,128.1796753315471,16.022459416443386,0.7458717037312199,1.0694093518600862,3.157396207225642,0
common,1h,ARUSDT,200,later,6,6,0,0.3333333333333333,-0.8205524655663581,-0.5363879689697468,-0.1367587442610597,759.1458377686491,126.52430629477485,0.8059314138378019,1.42653810265031,2.107968603561388,0
common,1h,ARUSDT,200,full,14,14,0,0.35714285714285715,-2.167376239100441,-1.4660276247341688,-0.15481258850717436,887.3255131001962,63.380393792871146,0.7725240542301252,1.2446778765325097,3.5997663141327685,0
common,1h,BOMEUSDT,0,earlier,14,14,0,0.35714285714285715,6.397755467769706,6.905339556805946,0.45698253341212186,2329.4445755442457,166.3888982531604,1.6860368029372006,1.4243448265500294,7.249538236735825,1
common,1h,BOMEUSDT,0,later,12,12,0,0.3333333333333333,4.112979385863216,4.680553476719952,0.34274828215526804,1793.7540227741965,149.47950189784973,1.6434466924685789,1.6069454470292417,3.1954778687634318,0
common,1h,BOMEUSDT,0,full,27,27,0,0.37037037037037035,15.271416671814718,16.435893033525872,0.5656080248820265,5189.203687376964,192.19272916210977,1.9716013929935907,1.614478692324986,7.249538236735825,1
common,1h,BOMEUSDT,20,earlier,14,14,0,0.35714285714285715,6.397755467769706,6.905339556805946,0.45698253341212186,2329.4445755442457,166.3888982531604,1.6860368029372006,1.4243448265500294,7.249538236735825,1
common,1h,BOMEUSDT,20,later,12,12,0,0.3333333333333333,4.112979385863216,4.680553476719952,0.34274828215526804,1793.7540227741965,149.47950189784973,1.6434466924685789,1.6069454470292417,3.1954778687634318,0
common,1h,BOMEUSDT,20,full,27,27,0,0.37037037037037035,15.271416671814718,16.435893033525872,0.5656080248820265,5189.203687376964,192.19272916210977,1.9716013929935907,1.614478692324986,7.249538236735825,1
common,1h,BOMEUSDT,30,earlier,14,14,0,0.35714285714285715,6.397755467769706,6.905339556805946,0.45698253341212186,2329.4445755442457,166.3888982531604,1.6860368029372006,1.4243448265500294,7.249538236735825,1
common,1h,BOMEUSDT,30,later,12,12,0,0.3333333333333333,4.112979385863216,4.680553476719952,0.34274828215526804,1793.7540227741965,149.47950189784973,1.6434466924685789,1.6069454470292417,3.1954778687634318,0
common,1h,BOMEUSDT,30,full,27,27,0,0.37037037037037035,15.271416671814718,16.435893033525872,0.5656080248820265,5189.203687376964,192.19272916210977,1.9716013929935907,1.614478692324986,7.249538236735825,1
common,1h,BOMEUSDT,50,earlier,13,13,0,0.38461538461538464,7.422307986526405,7.905339556805945,0.5709467681943389,3164.0249531498325,243.38653485767944,1.894133177620747,1.679715089181129,6.224985717979127,1
common,1h,BOMEUSDT,50,later,11,11,0,0.2727272727272727,0.8964768217606498,1.3882457844122578,0.0814978928873318,945.1300206094014,85.92091096449103,1.1402474925644612,1.31979990320654,3.4760069010214965,0
common,1h,BOMEUSDT,50,full,25,25,0,0.36,13.079466626468848,14.14358534121818,0.523178665058754,5175.160062817757,207.00640251271025,1.8901697664048698,1.68001983262414,6.224985717979127,1
common,1h,BOMEUSDT,60,earlier,13,13,0,0.3076923076923077,4.862806546089798,5.349153404706062,0.37406204200690757,883.9181191038415,67.99370146952626,1.5214429143139019,1.161019534387468,7.249538236735825,1
common,1h,BOMEUSDT,60,later,11,11,0,0.2727272727272727,0.8964768217606498,1.3882457844122578,0.0814978928873318,945.1300206094014,85.92091096449103,1.1402474925644612,1.31979990320654,3.4760069010214965,0
common,1h,BOMEUSDT,60,full,25,25,0,0.32,10.519965186032245,11.587399189118294,0.4207986074412898,2895.0532287717656,115.80212915087063,1.6693035131349352,1.342817246999631,7.249538236735825,1
common,1h,BOMEUSDT,90,earlier,10,10,0,0.2,-6.353221983660342,-5.973129570003332,-0.6353221983660342,-3451.2113220832753,-345.12113220832754,0.23519699993768095,0.2534495047611067,6.353221983660344,0
common,1h,BOMEUSDT,90,later,8,8,0,0.5,7.077824653348398,7.451068276046273,0.8847280816685498,3178.176178827249,397.2720223534061,3.0651550772678284,3.0230826472629886,2.0998972236021403,0
common,1h,BOMEUSDT,90,full,19,19,0,0.3684210526315789,3.5834821263943404,4.404933612664335,0.1886043224418074,566.3865915395866,29.809820607346662,1.305386156192053,1.0914436116618997,6.353221983660344,0
common,1h,BOMEUSDT,120,earlier,8,8,0,0.25,-4.1022002073258035,-3.815455638944895,-0.5127750259157254,-1905.4464210406538,-238.18080263008173,0.34079388636757557,0.47453417774138107,6.222940173781829,0
common,1h,BOMEUSDT,120,later,8,8,0,0.5,7.077824653348398,7.451068276046273,0.8847280816685498,3178.176178827249,397.2720223534061,3.0651550772678284,3.0230826472629886,2.0998972236021403,0
common,1h,BOMEUSDT,120,full,17,17,0,0.4117647058823529,7.736306264204391,8.485612637101354,0.4550768390708465,2338.734846845118,137.57263804971285,1.8016730880721668,1.4500023456199194,6.222940173781829,0
common,1h,BOMEUSDT,150,earlier,8,8,0,0.25,-4.1022002073258035,-3.815455638944895,-0.5127750259157254,-1905.4464210406538,-238.18080263008173,0.34079388636757557,0.47453417774138107,6.222940173781829,0
common,1h,BOMEUSDT,150,later,8,8,0,0.5,7.077824653348398,7.451068276046273,0.8847280816685498,3178.176178827249,397.2720223534061,3.0651550772678284,3.0230826472629886,2.0998972236021403,0
common,1h,BOMEUSDT,150,full,17,17,0,0.4117647058823529,7.736306264204391,8.485612637101354,0.4550768390708465,2338.734846845118,137.57263804971285,1.8016730880721668,1.4500023456199194,6.222940173781829,0
common,1h,BOMEUSDT,200,earlier,7,7,0,0.14285714285714285,-5.65158370061644,-5.371641791044779,-0.8073691000880628,-3049.382820812812,-435.6261172589732,0.09391628187946098,0.08278597061177499,5.65158370061644,0
common,1h,BOMEUSDT,200,later,8,8,0,0.5,7.077824653348398,7.451068276046273,0.8847280816685498,3178.176178827249,397.2720223534061,3.0651550772678284,3.0230826472629886,2.0998972236021403,0
common,1h,BOMEUSDT,200,full,16,16,0,0.375,6.186922770913753,6.929426485001471,0.3866826731821096,1194.79844707296,74.67490294206,1.6401610140811762,1.2440569954000646,5.65158370061644,0
common,1h,BTCUSDT,0,earlier,21,21,0,0.09523809523809523,-16.101334555675585,-13.256575191924181,-0.7667302169369327,-2865.617011648514,-136.45795293564353,0.1410462630369361,0.12327269529119522,16.10133455567559,0
common,1h,BTCUSDT,0,later,17,16,1,0.3125,7.955522311431215,9.885840528191917,0.49722014446445095,1374.938086925594,85.93363043284963,1.7452229758757856,1.6733116120265465,5.3174960264815985,1
common,1h,BTCUSDT,0,full,39,38,1,0.18421052631578946,-8.897798382574269,-4.01668849003119,-0.23415258901511235,-1632.5198643244694,-42.96104906117024,0.7051036696138804,0.7005887149822692,16.99242239579806,1
common,1h,BTCUSDT,20,earlier,21,21,0,0.09523809523809523,-16.101334555675585,-13.256575191924181,-0.7667302169369327,-2865.617011648514,-136.45795293564353,0.1410462630369361,0.12327269529119522,16.10133455567559,0
common,1h,BTCUSDT,20,later,17,16,1,0.3125,7.955522311431215,9.885840528191917,0.49722014446445095,1374.938086925594,85.93363043284963,1.7452229758757856,1.6733116120265465,5.3174960264815985,1
common,1h,BTCUSDT,20,full,39,38,1,0.18421052631578946,-8.897798382574269,-4.01668849003119,-0.23415258901511235,-1632.5198643244694,-42.96104906117024,0.7051036696138804,0.7005887149822692,16.99242239579806,1
common,1h,BTCUSDT,30,earlier,21,21,0,0.09523809523809523,-16.101334555675585,-13.256575191924181,-0.7667302169369327,-2865.617011648514,-136.45795293564353,0.1410462630369361,0.12327269529119522,16.10133455567559,0
common,1h,BTCUSDT,30,later,17,16,1,0.3125,7.955522311431215,9.885840528191917,0.49722014446445095,1374.938086925594,85.93363043284963,1.7452229758757856,1.6733116120265465,5.3174960264815985,1
common,1h,BTCUSDT,30,full,39,38,1,0.18421052631578946,-8.897798382574269,-4.01668849003119,-0.23415258901511235,-1632.5198643244694,-42.96104906117024,0.7051036696138804,0.7005887149822692,16.99242239579806,1
common,1h,BTCUSDT,50,earlier,20,20,0,0.1,-14.84786488644987,-12.256575191924187,-0.7423932443224934,-2759.6807030792293,-137.98403515396146,0.15115368678526836,0.1274019069982317,14.847864886449871,0
common,1h,BTCUSDT,50,later,17,16,1,0.3125,7.955522311431215,9.885840528191917,0.49722014446445095,1374.938086925594,85.93363043284963,1.7452229758757856,1.6733116120265465,5.3174960264815985,1
common,1h,BTCUSDT,50,full,38,37,1,0.1891891891891892,-7.6443287133485525,-3.0166884900311937,-0.20660347873915005,-1526.5835557551843,-41.25901502041039,0.7356656223048421,0.7144702885658468,15.738952726572343,1
common,1h,BTCUSDT,60,earlier,21,21,0,0.09523809523809523,-16.101334555675585,-13.256575191924181,-0.7667302169369327,-2865.617011648514,-136.45795293564353,0.1410462630369361,0.12327269529119522,16.10133455567559,0
common,1h,BTCUSDT,60,later,17,16,1,0.3125,7.955522311431215,9.885840528191917,0.49722014446445095,1374.938086925594,85.93363043284963,1.7452229758757856,1.6733116120265465,5.3174960264815985,1
common,1h,BTCUSDT,60,full,38,37,1,0.1891891891891892,-8.145812244244372,-3.3707346637322653,-0.22015708768228032,-1490.6789247229206,-40.28861958710596,0.7231259860697382,0.7193007845865912,16.24043625746816,1
common,1h,BTCUSDT,90,earlier,20,20,0,0.1,-15.751656628658347,-12.955958527647685,-0.7875828314329174,-2724.031434142705,-136.20157170713526,0.1437273791629721,0.12885437042033093,15.751656628658347,0
common,1h,BTCUSDT,90,later,14,13,1,0.3076923076923077,8.566506460878223,10.10446646184375,0.658962035452171,1532.4735803314752,117.88258310242117,2.0158865057502093,1.919700406066474,4.1794449685239154,1
common,1h,BTCUSDT,90,full,34,33,1,0.18181818181818182,-7.185150167780125,-2.851492065803934,-0.21773182326606438,-1191.5578538112302,-36.10781375185546,0.7321787157593213,0.7514080462631721,15.751656628658347,1
common,1h,BTCUSDT,120,earlier,17,17,0,0.11764705882352941,-12.39469662557448,-9.955958527647686,-0.7290998015043813,-2117.924994049904,-124.58382317940612,0.17581051722404234,0.1598358133970713,12.39469662557448,0
common,1h,BTCUSDT,120,later,12,12,0,0.25,8.225662835487555,9.698962995234558,0.6854719029572962,1427.0468984938984,118.92057487449154,1.9754664767469432,1.8564295194810831,4.520288593914585,1
common,1h,BTCUSDT,120,full,30,30,0,0.16666666666666666,-4.921019928416827,-0.9029493587120546,-0.16403399761389423,-832.7190351575549,-27.757301171918495,0.7968466455329708,0.8076400335583556,13.146682763904378,1
common,1h,BTCUSDT,150,earlier,15,15,0,0.13333333333333333,-10.086826493611358,-7.955958527647678,-0.6724550995740906,-1756.8247829008208,-117.12165219338804,0.20768192389806692,0.1865596674159326,10.086826493611358,0
common,1h,BTCUSDT,150,later,12,12,0,0.25,8.225662835487555,9.698962995234558,0.6854719029572962,1427.0468984938984,118.92057487449154,1.9754664767469432,1.8564295194810831,4.520288593914585,1
common,1h,BTCUSDT,150,full,28,28,0,0.17857142857142858,-2.6131497964537034,1.0970506412879562,-0.09332677844477512,-471.61882400847196,-16.843529428874,0.8807614396348932,0.8811403173441392,10.838812631941256,1
common,1h,BTCUSDT,200,earlier,13,13,0,0.07692307692307693,-9.190706364104273,-7.288521931352579,-0.7069774126234056,-1614.4049950405038,-124.18499961850029,0.20832627096100392,0.18267549478102718,9.190706364104273,0
common,1h,BTCUSDT,200,later,12,12,0,0.25,5.798536681282656,7.0814035216028755,0.483211390106888,1315.4571952121382,109.62143293434485,1.6876379764042986,1.7894599503229165,4.179444968523916,1
common,1h,BTCUSDT,200,full,26,26,0,0.15384615384615385,-4.144155821151516,-0.8530722360486286,-0.15939060850582754,-440.7887394299153,-16.95341305499674,0.8007017457709712,0.8834923861176449,12.238779834375306,1
common,1h,DASHUSDT,0,earlier,14,14,0,0.6428571428571429,8.46192076337887,9.483662673137227,0.6044229116699193,3672.5367435547564,262.324053111054,2.5541188875553797,3.4821459687612206,2.2514861660079006,0
common,1h,DASHUSDT,0,later,13,12,1,0.3333333333333333,-4.334019016270421,-3.8153497942386947,-0.36116825135586844,-2836.886659648329,-236.40722163736072,0.44676702906759175,0.3617679718072035,4.334019016270421,0
common,1h,DASHUSDT,0,full,27,26,1,0.5,4.127901747108449,5.668312878898534,0.15876545181186344,835.6500839064273,32.1403878425549,1.310863589774712,1.1410499970373733,5.407669809921217,0
common,1h,DASHUSDT,20,earlier,14,14,0,0.6428571428571429,8.46192076337887,9.483662673137227,0.6044229116699193,3672.5367435547564,262.324053111054,2.5541188875553797,3.4821459687612206,2.2514861660079006,0
common,1h,DASHUSDT,20,later,13,12,1,0.3333333333333333,-4.334019016270421,-3.8153497942386947,-0.36116825135586844,-2836.886659648329,-236.40722163736072,0.44676702906759175,0.3617679718072035,4.334019016270421,0
common,1h,DASHUSDT,20,full,27,26,1,0.5,4.127901747108449,5.668312878898534,0.15876545181186344,835.6500839064273,32.1403878425549,1.310863589774712,1.1410499970373733,5.407669809921217,0
common,1h,DASHUSDT,30,earlier,14,14,0,0.6428571428571429,8.46192076337887,9.483662673137227,0.6044229116699193,3672.5367435547564,262.324053111054,2.5541188875553797,3.4821459687612206,2.2514861660079006,0
common,1h,DASHUSDT,30,later,13,12,1,0.3333333333333333,-4.334019016270421,-3.8153497942386947,-0.36116825135586844,-2836.886659648329,-236.40722163736072,0.44676702906759175,0.3617679718072035,4.334019016270421,0
common,1h,DASHUSDT,30,full,27,26,1,0.5,4.127901747108449,5.668312878898534,0.15876545181186344,835.6500839064273,32.1403878425549,1.310863589774712,1.1410499970373733,5.407669809921217,0
common,1h,DASHUSDT,50,earlier,14,14,0,0.6428571428571429,8.46192076337887,9.483662673137227,0.6044229116699193,3672.5367435547564,262.324053111054,2.5541188875553797,3.4821459687612206,2.2514861660079006,0
common,1h,DASHUSDT,50,later,13,13,0,0.3076923076923077,-5.396182652634055,-4.815349794238692,-0.4150909732795427,-3178.6181600870527,-244.5090892374656,0.39342488176987284,0.33594038452747116,5.396182652634055,0
common,1h,DASHUSDT,50,full,27,27,0,0.48148148148148145,3.0657381107448156,4.668312878898536,0.11354585595351169,493.9185834677034,18.2932808691742,1.213774600395831,1.0788223243721462,6.46983344628485,0
common,1h,DASHUSDT,60,earlier,13,13,0,0.6923076923076923,9.535571557029666,10.48366267313723,0.7335055043868974,3964.088467692688,304.92988213020675,3.1814618915782833,4.336691753582228,2.2514861660079006,0
common,1h,DASHUSDT,60,later,13,12,1,0.3333333333333333,-4.334019016270421,-3.8153497942386947,-0.36116825135586844,-2836.886659648329,-236.40722163736072,0.44676702906759175,0.3617679718072035,4.334019016270421,0
common,1h,DASHUSDT,60,full,26,25,1,0.52,5.201552540759244,6.668312878898536,0.20806210163036976,1127.2018080443588,45.088072321774355,1.4261761819141525,1.2001088306630099,4.334019016270421,0
common,1h,DASHUSDT,90,earlier,11,11,0,0.7272727272727273,8.506410624732204,9.287584241764666,0.7733100567938368,3725.277924490417,338.66162949912876,3.586651306811143,5.023369881044515,2.2514861660079006,0
common,1h,DASHUSDT,90,later,12,11,1,0.36363636363636365,-3.2985790162704216,-2.8153497942386956,-0.2998708196609474,-2252.55257386955,-204.77750671541364,0.514811062821886,0.4165248596654636,3.2985790162704216,0
common,1h,DASHUSDT,90,full,23,22,1,0.5454545454545454,5.207831608461783,6.472234447525971,0.23671961856644466,1472.7253506208667,66.94206139185758,1.5162849899274566,1.3076837778834989,3.2985790162704216,0
common,1h,DASHUSDT,120,earlier,10,10,0,0.8,9.652592442914019,10.287584241764662,0.9652592442914019,3882.0938448884267,388.2093844888427,5.505507430471073,6.0476197290289,1.1053043478260869,0
common,1h,DASHUSDT,120,later,9,8,1,0.25,-4.687129660420313,-4.326219359456077,-0.5858912075525391,-2624.3687507679247,-328.0460938459906,0.18736810098500498,0.1771224597860732,4.687129660420313,0
common,1h,DASHUSDT,120,full,19,18,1,0.5555555555555556,4.965462782493706,5.961364882308585,0.27585904347187257,1257.725094120502,69.8736163400279,1.627726158954919,1.3177395839153585,4.687129660420312,0
common,1h,DASHUSDT,150,earlier,8,8,0,0.875,9.250509479662206,9.787584241764657,1.1563136849577758,4100.249078396279,512.5311347995349,9.24466085531392,23.29190675420452,1.1219999999999983,0
common,1h,DASHUSDT,150,later,7,6,1,0.3333333333333333,-2.6075847009212985,-2.3262193594560765,-0.4345974501535497,-1341.943499934847,-223.65724998914118,0.29301055373223045,0.29624476822247375,2.6397291381096704,0
common,1h,DASHUSDT,150,full,15,14,1,0.6428571428571429,6.642924778740906,7.461364882308581,0.4744946270529219,2758.305578461433,197.02182703295952,2.380981127462127,2.3192791884323047,2.6397291381096712,0
common,1h,DASHUSDT,200,earlier,7,7,0,1.0,10.372509479662204,10.787584241764655,1.481787068523172,4284.1835046257875,612.026214946541,,,0.0,0
common,1h,DASHUSDT,200,later,8,8,0,0.375,-1.9670778827394841,-1.57621935945608,-0.24588473534243552,-964.179202054244,-120.5224002567805,0.5859182063948337,0.571202283194372,2.6815420948616575,0
common,1h,DASHUSDT,200,full,15,15,0,0.6666666666666666,8.40543159692272,9.211364882308573,0.5603621064615146,3320.004302571543,221.3336201714362,2.769394197464144,2.4764996607419536,2.6815420948616584,0
common,1h,ENAUSDT,0,earlier,22,22,0,0.36363636363636365,7.3761226624887275,8.08602622321748,0.3352783028403967,1831.936786928762,83.26985395130735,1.5109696390177236,1.1758288217444322,4.1109724216474035,0
common,1h,ENAUSDT,0,later,9,8,1,0.25,-3.0702119775963737,-2.7716051889307822,-0.3837764971995467,-816.5105224671521,-102.06381530839401,0.5031955936952426,0.7576346308995695,3.0875784421533887,0
common,1h,ENAUSDT,0,full,32,31,1,0.3548387096774194,5.597308566889324,6.626372622788969,0.18055834086739755,2272.034537684044,73.29143669948529,1.2715102306103472,1.164785992893325,4.1109724216474035,0
common,1h,ENAUSDT,20,earlier,22,22,0,0.36363636363636365,7.3761226624887275,8.08602622321748,0.3352783028403967,1831.936786928762,83.26985395130735,1.5109696390177236,1.1758288217444322,4.1109724216474035,0
common,1h,ENAUSDT,20,later,9,8,1,0.25,-3.0702119775963737,-2.7716051889307822,-0.3837764971995467,-816.5105224671521,-102.06381530839401,0.5031955936952426,0.7576346308995695,3.0875784421533887,0
common,1h,ENAUSDT,20,full,32,31,1,0.3548387096774194,5.597308566889324,6.626372622788969,0.18055834086739755,2272.034537684044,73.29143669948529,1.2715102306103472,1.164785992893325,4.1109724216474035,0
common,1h,ENAUSDT,30,earlier,22,22,0,0.36363636363636365,7.3761226624887275,8.08602622321748,0.3352783028403967,1831.936786928762,83.26985395130735,1.5109696390177236,1.1758288217444322,4.1109724216474035,0
common,1h,ENAUSDT,30,later,9,8,1,0.25,-3.0702119775963737,-2.7716051889307822,-0.3837764971995467,-816.5105224671521,-102.06381530839401,0.5031955936952426,0.7576346308995695,3.0875784421533887,0
common,1h,ENAUSDT,30,full,32,31,1,0.3548387096774194,5.597308566889324,6.626372622788969,0.18055834086739755,2272.034537684044,73.29143669948529,1.2715102306103472,1.164785992893325,4.1109724216474035,0
common,1h,ENAUSDT,50,earlier,22,22,0,0.36363636363636365,7.3761226624887275,8.08602622321748,0.3352783028403967,1831.936786928762,83.26985395130735,1.5109696390177236,1.1758288217444322,4.1109724216474035,0
common,1h,ENAUSDT,50,later,9,8,1,0.25,-3.0702119775963737,-2.7716051889307822,-0.3837764971995467,-816.5105224671521,-102.06381530839401,0.5031955936952426,0.7576346308995695,3.0875784421533887,0
common,1h,ENAUSDT,50,full,32,31,1,0.3548387096774194,5.597308566889324,6.626372622788969,0.18055834086739755,2272.034537684044,73.29143669948529,1.2715102306103472,1.164785992893325,4.1109724216474035,0
common,1h,ENAUSDT,60,earlier,19,19,0,0.3684210526315789,0.9157324848862765,1.5297660418647092,0.04819644657296192,-1355.2906149745722,-71.3310849986617,1.0740060854658051,0.8495286986648565,4.110972421647403,0
common,1h,ENAUSDT,60,later,8,7,1,0.2857142857142857,-2.0034514985544587,-1.7716051889307836,-0.28620735693635124,-496.9320849391241,-70.99029784844629,0.6081774677458462,0.8370364835592912,2.0710801608127936,0
common,1h,ENAUSDT,60,full,28,27,1,0.37037037037037035,0.20367886832879323,1.0701124414361964,0.007543661789955304,-595.6144266912626,-22.059793581157873,1.0116475073067166,0.9505973129131077,4.110972421647403,0
common,1h,ENAUSDT,90,earlier,19,19,0,0.3157894736842105,-1.3404750980811568,-0.7449120697232782,-0.07055132095163984,-2340.7715106127803,-123.1985005585674,0.9000495429719916,0.7551029115660219,4.89861822845029,0
common,1h,ENAUSDT,90,later,8,7,1,0.2857142857142857,-2.0338527989264388,-1.7716051889307827,-0.2905503998466341,-246.4430915838091,-35.20615594054416,0.6045828019168402,0.9119486545638341,3.087578442153389,0
common,1h,ENAUSDT,90,full,28,27,1,0.3333333333333333,-2.0829300150106196,-1.2045656701517904,-0.07714555611150443,-1330.6063289741558,-49.28171588793169,0.8877426666523471,0.8923199870549585,4.89861822845029,0
common,1h,ENAUSDT,120,earlier,14,14,0,0.35714285714285715,-1.2686632355042646,-0.8341704376952868,-0.09061880253601891,-1122.1574404008181,-80.15410288577272,0.8635029648823652,0.827508286235407,3.99412128265673,0
common,1h,ENAUSDT,120,later,6,6,0,0.3333333333333333,-0.9961976265126448,-0.7716051889307818,-0.16603293775210745,304.6924395517219,50.78207325862032,0.7573745059164001,1.1355561596482018,2.049923269739595,0
common,1h,ENAUSDT,120,full,20,20,0,0.35,-2.26486086201691,-1.6057756266260683,-0.1132430431008455,-817.4650008490963,-40.87325004245482,0.8309848801188116,0.9066105868815449,3.99412128265673,0
common,1h,ENAUSDT,150,earlier,11,11,0,0.36363636363636365,-1.5348476857876672,-1.183135114918189,-0.13953160779887883,-532.9592844731321,-48.45084404301201,0.7882666726000493,0.8860504646048243,4.12954897720604,0
common,1h,ENAUSDT,150,later,6,6,0,0.3333333333333333,-0.9961976265126448,-0.7716051889307818,-0.16603293775210745,304.6924395517219,50.78207325862032,0.7573745059164001,1.1355561596482018,2.049923269739595,0
common,1h,ENAUSDT,150,full,17,17,0,0.35294117647058826,-2.531045312300312,-1.9547403038489704,-0.14888501837060658,-228.26684492141084,-13.427461465965344,0.7770961067494092,0.9670366740974428,4.12954897720604,0
common,1h,ENAUSDT,200,earlier,13,13,0,0.38461538461538464,7.666945252716637,8.09571421809628,0.5897650194397414,3339.261117672233,256.866239820941,1.9267956864944833,1.602113677911015,4.129548977206039,0
common,1h,ENAUSDT,200,later,6,6,0,0.3333333333333333,-0.9961976265126448,-0.7716051889307818,-0.16603293775210745,304.6924395517219,50.78207325862032,0.7573745059164001,1.1355561596482018,2.049923269739595,0
common,1h,ENAUSDT,200,full,20,20,0,0.4,7.962145508200966,8.63606061766777,0.3981072754100483,4900.561830446389,245.02809152231941,1.6432270608742185,1.6287915398490291,4.129548977206039,0
common,1h,ETHUSDT,0,earlier,23,23,0,0.08695652173913043,-19.922292871187363,-18.113880785066865,-0.8661866465733636,-5459.561514218087,-237.37223974861246,0.10640811915543126,0.14985027404512627,19.922292871187363,0
common,1h,ETHUSDT,0,later,10,9,1,0.2222222222222222,7.325221753430759,8.11733970569832,0.8139135281589732,201.82152816235705,22.424614240261896,2.026336799791861,1.1032542778719343,3.8613124827616154,1
common,1h,ETHUSDT,0,full,34,33,1,0.12121212121212122,-13.69215637530545,-10.996541079368544,-0.41491382955471057,-5488.077534857402,-166.3053798441637,0.5514732543706391,0.3623576212636334,24.278041248970418,1
common,1h,ETHUSDT,20,earlier,23,23,0,0.08695652173913043,-19.922292871187363,-18.113880785066865,-0.8661866465733636,-5459.561514218087,-237.37223974861246,0.10640811915543126,0.14985027404512627,19.922292871187363,0
common,1h,ETHUSDT,20,later,10,9,1,0.2222222222222222,7.325221753430759,8.11733970569832,0.8139135281589732,201.82152816235705,22.424614240261896,2.026336799791861,1.1032542778719343,3.8613124827616154,1
common,1h,ETHUSDT,20,full,34,33,1,0.12121212121212122,-13.69215637530545,-10.996541079368544,-0.41491382955471057,-5488.077534857402,-166.3053798441637,0.5514732543706391,0.3623576212636334,24.278041248970418,1
common,1h,ETHUSDT,30,earlier,23,23,0,0.08695652173913043,-19.922292871187363,-18.113880785066865,-0.8661866465733636,-5459.561514218087,-237.37223974861246,0.10640811915543126,0.14985027404512627,19.922292871187363,0
common,1h,ETHUSDT,30,later,9,8,1,0.125,-7.121975602995824,-6.464018544073749,-0.890246950374478,-1951.890629854147,-243.98632873176837,0.0021400177883998924,0.0013896966013775692,7.121975602995824,0
common,1h,ETHUSDT,30,full,33,32,1,0.09375,-28.139353731732033,-25.577899329140617,-0.879354804116626,-7641.789692873906,-238.80592790230955,0.07821292662342817,0.11212461438124069,28.13935373173203,0
common,1h,ETHUSDT,50,earlier,23,23,0,0.08695652173913043,-19.922292871187363,-18.113880785066865,-0.8661866465733636,-5459.561514218087,-237.37223974861246,0.10640811915543126,0.14985027404512627,19.922292871187363,0
common,1h,ETHUSDT,50,later,10,9,1,0.2222222222222222,7.325221753430759,8.11733970569832,0.8139135281589732,201.82152816235705,22.424614240261896,2.026336799791861,1.1032542778719343,3.8613124827616154,1
common,1h,ETHUSDT,50,full,34,33,1,0.12121212121212122,-13.69215637530545,-10.996541079368544,-0.41491382955471057,-5488.077534857402,-166.3053798441637,0.5514732543706391,0.3623576212636334,24.278041248970418,1
common,1h,ETHUSDT,60,earlier,22,22,0,0.09090909090909091,-18.832232345678722,-17.113880785066865,-0.8560105611672146,-5217.488637260674,-237.15857442093977,0.11187822955937417,0.1557201454625041,18.832232345678722,0
common,1h,ETHUSDT,60,later,9,8,1,0.25,8.38795079058011,9.117339705698317,1.0484938488225137,540.653139627725,67.58164245346562,2.3808416515390975,1.3346091067986892,3.2606631202342093,1
common,1h,ETHUSDT,60,full,32,31,1,0.12903225806451613,-11.539366812647462,-8.996541079368548,-0.37223763911766006,-4907.173046434622,-158.29590472369748,0.5933143373513515,0.38858453445588054,23.187980723461777,1
common,1h,ETHUSDT,90,earlier,17,17,0,0.11764705882352941,-13.236410141792131,-12.113880785066858,-0.77861236128189,-4178.093447712575,-245.77020280662202,0.15198721499764492,0.18720686256273467,13.236410141792131,0
common,1h,ETHUSDT,90,later,8,7,1,0.2857142857142857,9.11826197379314,9.709092283017913,1.30260885339902,554.7469779277895,79.24956827539852,2.7061947975132545,1.3463528679984682,3.1741829982255307,1
common,1h,ETHUSDT,90,full,26,25,1,0.16,-5.213233425547836,-3.404788502048943,-0.20852933702191342,-3853.684018586458,-154.1473607434583,0.7635510915483302,0.4472971136765346,16.486247783748887,1
common,1h,ETHUSDT,120,earlier,11,11,0,0.18181818181818182,-6.922314594963291,-6.177768591845189,-0.6293013268148446,-2089.2980783450903,-189.93618894046276,0.25523612529071893,0.3153476427535768,7.075283986001825,0
common,1h,ETHUSDT,120,later,7,7,0,0.2857142857142857,9.11826197379314,9.709092283017913,1.30260885339902,554.7469779277895,79.24956827539852,2.7061947975132545,1.3463528679984682,3.1741829982255307,1
common,1h,ETHUSDT,120,full,19,19,0,0.21052631578947367,1.1008621212810041,2.5313236911727235,0.05794011164636864,-1764.8886492189731,-92.8888762746828,1.069967361835837,0.638611897848113,10.325121627958582,1
common,1h,ETHUSDT,150,earlier,10,10,0,0.2,-5.8475363930973,-5.1777685918451875,-0.58475363930973,-1801.840456993851,-180.18404569938508,0.2886092060975805,0.3481420689483649,6.000505784135834,0
common,1h,ETHUSDT,150,later,7,7,0,0.2857142857142857,9.11826197379314,9.709092283017913,1.30260885339902,554.7469779277895,79.24956827539852,2.7061947975132545,1.3463528679984682,3.1741829982255307,1
common,1h,ETHUSDT,150,full,18,18,0,0.2222222222222222,2.175640323146994,3.5313236911727266,0.12086890684149967,-1477.4310278677337,-82.07950154820743,1.1484150782364477,0.6785524232671201,9.25034342609259,1
common,1h,ETHUSDT,200,earlier,9,9,0,0.2222222222222222,-4.228822940759942,-3.5955207307333366,-0.46986921563999356,-1687.804843956604,-187.53387155073378,0.4084831046879137,0.30863408546727683,4.929756704555046,0
common,1h,ETHUSDT,200,later,7,7,0,0.2857142857142857,9.11826197379314,9.709092283017913,1.30260885339902,554.7469779277895,79.24956827539852,2.7061947975132545,1.3463528679984682,3.1741829982255307,1
common,1h,ETHUSDT,200,full,17,17,0,0.23529411764705882,3.7943537754843533,5.113571552284577,0.22319728091084431,-1363.3954148304872,-80.19973028414631,1.2792345551983098,0.6809487536759146,8.179594346511802,1
common,1h,FILUSDT,0,earlier,21,21,0,0.2857142857142857,-2.438343120837562,-1.264751086297398,-0.11611157718274104,-1798.9366984438498,-85.66365230685,0.8145348220122065,0.6714564057271624,6.863233537872367,0
common,1h,FILUSDT,0,later,11,11,0,0.45454545454545453,2.8402284276904926,3.4907112205466015,0.2582025843354993,2678.3802419310664,243.48911290282425,1.4690063325597174,2.400896158787756,3.187758621771345,0
common,1h,FILUSDT,0,full,32,32,0,0.34375,0.4018853068529298,2.2259601342492035,0.012558915839154056,879.4435434872175,27.482610733975548,1.0209282375909607,1.119046527695719,6.863233537872367,0
common,1h,FILUSDT,20,earlier,21,21,0,0.2857142857142857,-2.438343120837562,-1.264751086297398,-0.11611157718274104,-1798.9366984438498,-85.66365230685,0.8145348220122065,0.6714564057271624,6.863233537872367,0
common,1h,FILUSDT,20,later,11,11,0,0.45454545454545453,2.8402284276904926,3.4907112205466015,0.2582025843354993,2678.3802419310664,243.48911290282425,1.4690063325597174,2.400896158787756,3.187758621771345,0
common,1h,FILUSDT,20,full,32,32,0,0.34375,0.4018853068529298,2.2259601342492035,0.012558915839154056,879.4435434872175,27.482610733975548,1.0209282375909607,1.119046527695719,6.863233537872367,0
common,1h,FILUSDT,30,earlier,21,21,0,0.2857142857142857,-2.438343120837562,-1.264751086297398,-0.11611157718274104,-1798.9366984438498,-85.66365230685,0.8145348220122065,0.6714564057271624,6.863233537872367,0
common,1h,FILUSDT,30,later,11,11,0,0.45454545454545453,2.8402284276904926,3.4907112205466015,0.2582025843354993,2678.3802419310664,243.48911290282425,1.4690063325597174,2.400896158787756,3.187758621771345,0
common,1h,FILUSDT,30,full,32,32,0,0.34375,0.4018853068529298,2.2259601342492035,0.012558915839154056,879.4435434872175,27.482610733975548,1.0209282375909607,1.119046527695719,6.863233537872367,0
common,1h,FILUSDT,50,earlier,20,20,0,0.3,-1.3691705440054114,-0.2647510862973992,-0.06845852720027057,-1489.8047777329828,-74.49023888664914,0.886639320417199,0.7116333857671326,5.794060961040216,0
common,1h,FILUSDT,50,later,11,11,0,0.45454545454545453,2.8402284276904926,3.4907112205466015,0.2582025843354993,2678.3802419310664,243.48911290282425,1.4690063325597174,2.400896158787756,3.187758621771345,0
common,1h,FILUSDT,50,full,31,31,0,0.3548387096774194,1.4710578836850814,3.2259601342492026,0.04745348011887359,1188.575464198084,38.34114400638981,1.081122228219964,1.1679191215063705,5.794060961040216,0
common,1h,FILUSDT,60,earlier,19,19,0,0.3157894736842105,-0.44363791712309064,0.6331853331114135,-0.023349364059110034,-819.0367906675019,-43.10719950881589,0.9602206567886413,0.8178132274991724,5.794060961040216,0
common,1h,FILUSDT,60,later,11,11,0,0.45454545454545453,2.8402284276904926,3.4907112205466015,0.2582025843354993,2678.3802419310664,243.48911290282425,1.4690063325597174,2.400896158787756,3.187758621771345,0
common,1h,FILUSDT,60,full,30,30,0,0.36666666666666664,2.3965905105674024,4.1238965536580166,0.07988635035224674,1859.343451263565,61.97811504211882,1.1392693547302264,1.2901826475419929,5.794060961040216,0
common,1h,FILUSDT,90,earlier,13,13,0,0.3076923076923077,-0.48555642572373137,0.24646987997135783,-0.037350494286440876,-310.75124642857014,-23.903942032966935,0.9332135892896792,0.8905479491138546,5.097688818296651,0
common,1h,FILUSDT,90,later,7,7,0,0.42857142857142855,3.798008814312518,4.21030576751345,0.5425726877589312,3011.1889415637,430.16984879481424,1.9646191033786078,3.5318020033113804,2.8680837635313114,0
common,1h,FILUSDT,90,full,20,20,0,0.35,3.3124523885887855,4.456775647484808,0.1656226194294393,2700.43769513513,135.0218847567565,1.2955540619533714,1.6703332477295205,5.097688818296651,0
common,1h,FILUSDT,120,earlier,11,11,0,0.18181818181818182,-2.6187058377777443,-2.054686517511086,-0.23806416707070402,-905.5831064818249,-82.32573695289318,0.65120637447248,0.693061593198306,5.33529580979735,0
common,1h,FILUSDT,120,later,6,6,0,0.5,4.517953104006109,4.878829444393671,0.7529921840010182,3291.210610036072,548.5351016726787,2.4042378597053293,4.61940177646797,2.1481394738377206,0
common,1h,FILUSDT,120,full,17,17,0,0.29411764705882354,1.8992472662283648,2.8241429268825846,0.11172042742519793,2385.6275035542467,140.33102962083805,1.177081616488945,1.6180864898332872,5.33529580979735,0
common,1h,FILUSDT,150,earlier,9,9,0,0.1111111111111111,-5.2993625840727265,-4.859360974940151,-0.5888180648969696,-1438.7713765126039,-159.86348627917823,0.17971661123075724,0.4266093730903761,5.394198999794415,0
common,1h,FILUSDT,150,later,6,6,0,0.5,4.517953104006109,4.878829444393671,0.7529921840010182,3291.210610036072,548.5351016726787,2.4042378597053293,4.61940177646797,2.1481394738377206,0
common,1h,FILUSDT,150,full,15,15,0,0.26666666666666666,-0.781409480066618,0.019468469453518544,-0.052093965337774537,1852.439233523468,123.49594890156452,0.9192573197712691,1.5418772663998968,5.394198999794415,0
common,1h,FILUSDT,200,earlier,9,9,0,0.1111111111111111,-5.2993625840727265,-4.859360974940151,-0.5888180648969696,-1438.7713765126039,-159.86348627917823,0.17971661123075724,0.4266093730903761,5.394198999794415,0
common,1h,FILUSDT,200,later,6,6,0,0.5,4.517953104006109,4.878829444393671,0.7529921840010182,3291.210610036072,548.5351016726787,2.4042378597053293,4.61940177646797,2.1481394738377206,0
common,1h,FILUSDT,200,full,15,15,0,0.26666666666666666,-0.781409480066618,0.019468469453518544,-0.052093965337774537,1852.439233523468,123.49594890156452,0.9192573197712691,1.5418772663998968,5.394198999794415,0
common,1h,HYPEUSDT,0,earlier,5,5,0,0.2,-2.1915059552842195,-1.8667804373207035,-0.4383011910568439,-403.577880084168,-80.7155760168336,0.1781861056016968,0.4926654108066858,2.2183657188339927,0
common,1h,HYPEUSDT,0,later,12,11,1,0.45454545454545453,7.560821765754874,8.177709547480399,0.6873474332504431,2872.3828433489084,261.12571303171893,2.1951707618501013,2.1986629440536896,3.1697283280958715,0
common,1h,HYPEUSDT,0,full,17,16,1,0.375,5.3693158104706535,6.310929110159697,0.33558223815441585,2468.80496326474,154.30031020404624,1.5970674434544057,1.7734814196474624,4.298548823637517,0
common,1h,HYPEUSDT,20,earlier,5,5,0,0.2,-2.1915059552842195,-1.8667804373207035,-0.4383011910568439,-403.577880084168,-80.7155760168336,0.1781861056016968,0.4926654108066858,2.2183657188339927,0
common,1h,HYPEUSDT,20,later,12,11,1,0.45454545454545453,7.560821765754874,8.177709547480399,0.6873474332504431,2872.3828433489084,261.12571303171893,2.1951707618501013,2.1986629440536896,3.1697283280958715,0
common,1h,HYPEUSDT,20,full,17,16,1,0.375,5.3693158104706535,6.310929110159697,0.33558223815441585,2468.80496326474,154.30031020404624,1.5970674434544057,1.7734814196474624,4.298548823637517,0
common,1h,HYPEUSDT,30,earlier,5,5,0,0.2,-2.1915059552842195,-1.8667804373207035,-0.4383011910568439,-403.577880084168,-80.7155760168336,0.1781861056016968,0.4926654108066858,2.2183657188339927,0
common,1h,HYPEUSDT,30,later,12,11,1,0.45454545454545453,7.560821765754874,8.177709547480399,0.6873474332504431,2872.3828433489084,261.12571303171893,2.1951707618501013,2.1986629440536896,3.1697283280958715,0
common,1h,HYPEUSDT,30,full,17,16,1,0.375,5.3693158104706535,6.310929110159697,0.33558223815441585,2468.80496326474,154.30031020404624,1.5970674434544057,1.7734814196474624,4.298548823637517,0
common,1h,HYPEUSDT,50,earlier,5,5,0,0.2,-2.1915059552842195,-1.8667804373207035,-0.4383011910568439,-403.577880084168,-80.7155760168336,0.1781861056016968,0.4926654108066858,2.2183657188339927,0
common,1h,HYPEUSDT,50,later,12,11,1,0.45454545454545453,7.560821765754874,8.177709547480399,0.6873474332504431,2872.3828433489084,261.12571303171893,2.1951707618501013,2.1986629440536896,3.1697283280958715,0
common,1h,HYPEUSDT,50,full,17,16,1,0.375,5.3693158104706535,6.310929110159697,0.33558223815441585,2468.80496326474,154.30031020404624,1.5970674434544057,1.7734814196474624,4.298548823637517,0
common,1h,HYPEUSDT,60,earlier,4,4,0,0.25,-2.1347295425078054,-1.9060924766327405,-0.5336823856269514,-391.76034914420705,-97.94008728605176,0.18206242082861948,0.5000946800986155,2.1615893060575786,0
common,1h,HYPEUSDT,60,later,12,11,1,0.45454545454545453,7.560821765754874,8.177709547480399,0.6873474332504431,2872.3828433489084,261.12571303171893,2.1951707618501013,2.1986629440536896,3.1697283280958715,0
common,1h,HYPEUSDT,60,full,16,15,1,0.4,5.4260922232470685,6.271617070847659,0.36173948154980456,2480.622494204701,165.37483294698006,1.6072146446753646,1.780072057293804,4.241772410861103,0
common,1h,HYPEUSDT,90,earlier,4,4,0,0.25,-2.1347295425078054,-1.9060924766327405,-0.5336823856269514,-391.76034914420705,-97.94008728605176,0.18206242082861948,0.5000946800986155,2.1615893060575786,0
common,1h,HYPEUSDT,90,later,10,9,1,0.5555555555555556,9.661277782637931,10.177709547480399,1.0734753091819924,3738.1434791060624,415.3492754562291,3.2863209322371847,3.4423343155724697,2.1070428683532976,0
common,1h,HYPEUSDT,90,full,14,13,1,0.46153846153846156,7.5265482401301265,8.27161707084766,0.578965249240779,3346.3831299618564,257.4140869201428,2.1010839924446736,2.4460023042118846,4.241772410861103,0
common,1h,HYPEUSDT,120,earlier,4,4,0,0.25,-2.1347295425078054,-1.9060924766327405,-0.5336823856269514,-391.76034914420705,-97.94008728605176,0.18206242082861948,0.5000946800986155,2.1615893060575786,0
common,1h,HYPEUSDT,120,later,9,8,1,0.625,10.710650102326044,11.177709547480402,1.3388312627907555,4163.228760217878,520.4035950272347,4.3720363052224345,4.76600396763588,2.1070428683532976,0
common,1h,HYPEUSDT,120,full,13,12,1,0.5,8.575920559818238,9.271617070847661,0.7146600466515198,3771.4684110736703,314.2890342561392,2.4821313595313916,2.9963884674758803,4.241772410861103,0
common,1h,HYPEUSDT,150,earlier,4,4,0,0.25,-2.1347295425078054,-1.9060924766327405,-0.5336823856269514,-391.76034914420705,-97.94008728605176,0.18206242082861948,0.5000946800986155,2.1615893060575786,0
common,1h,HYPEUSDT,150,later,9,8,1,0.625,9.753339633244149,10.191686292471571,1.2191674541555186,3605.9887752739237,450.74859690924046,4.0984675581102925,3.7578488028109094,2.1070428683532976,0
common,1h,HYPEUSDT,150,full,13,12,1,0.5,7.618610090736344,8.28559381583883,0.6348841742280287,3214.2284261297173,267.8523688441431,2.323206567084688,2.53702150910526,4.241772410861103,0
common,1h,HYPEUSDT,200,earlier,3,3,0,0.3333333333333333,-1.0757922983058974,-0.9060924766327428,-0.3585974327686325,-32.41635247746403,-10.805450825821342,0.3063681468138018,0.9236049135922859,1.1026520618556706,0
common,1h,HYPEUSDT,200,later,7,7,0,0.5714285714285714,9.748255367770621,10.131283607907813,1.3926079096815174,3604.1505935047626,514.8786562149661,4.096852374776284,3.7564429672114774,2.1070428683532976,0
common,1h,HYPEUSDT,200,full,10,10,0,0.5,8.672463069464724,9.225191131275071,0.8672463069464724,3571.7342410272977,357.1734241027298,2.84569563116575,3.0623666724567844,3.1828351666591947,0
common,1h,JUPUSDT,0,earlier,20,20,0,0.25,-3.3591712687796136,-2.3778703473782223,-0.1679585634389807,-2191.4546828108914,-109.57273414054457,0.7821711326163195,0.6879324459684883,7.347056648311714,0
common,1h,JUPUSDT,0,later,12,12,0,0.3333333333333333,3.1936421665022294,3.8782991738384074,0.2661368472085191,2501.490706389936,208.45755886582802,1.4709117781021208,2.1373200635054967,4.683056672203759,0
common,1h,JUPUSDT,0,full,33,33,0,0.30303030303030304,2.0761502870355946,3.821039513483088,0.06291364506168469,878.0437605229512,26.60738668251367,1.093507751440084,1.0952135790735684,7.347056648311714,0
common,1h,JUPUSDT,20,earlier,19,19,0,0.2631578947368421,-2.2944284116367557,-1.3778703473782223,-0.12075939008614504,-1862.5402962266025,-98.02843664350539,0.8401808572377842,0.7217372247106079,7.347056648311714,0
common,1h,JUPUSDT,20,later,12,12,0,0.3333333333333333,3.1936421665022294,3.8782991738384074,0.2661368472085191,2501.490706389936,208.45755886582802,1.4709117781021208,2.1373200635054967,4.683056672203759,0
common,1h,JUPUSDT,20,full,32,32,0,0.3125,3.1408931441784524,4.821039513483088,0.09815291075557664,1206.95814710724,37.71744209710125,1.1485882590349499,1.1357212575220021,7.347056648311714,0
common,1h,JUPUSDT,30,earlier,20,20,0,0.25,-3.3591712687796136,-2.3778703473782223,-0.1679585634389807,-2191.4546828108914,-109.57273414054457,0.7821711326163195,0.6879324459684883,7.347056648311714,0
common,1h,JUPUSDT,30,later,12,12,0,0.3333333333333333,3.1936421665022294,3.8782991738384074,0.2661368472085191,2501.490706389936,208.45755886582802,1.4709117781021208,2.1373200635054967,4.683056672203759,0
common,1h,JUPUSDT,30,full,33,33,0,0.30303030303030304,2.0761502870355946,3.821039513483088,0.06291364506168469,878.0437605229512,26.60738668251367,1.093507751440084,1.0952135790735684,7.347056648311714,0
common,1h,JUPUSDT,50,earlier,20,20,0,0.25,-3.3591712687796136,-2.3778703473782223,-0.1679585634389807,-2191.4546828108914,-109.57273414054457,0.7821711326163195,0.6879324459684883,7.347056648311714,0
common,1h,JUPUSDT,50,later,12,12,0,0.3333333333333333,3.1936421665022294,3.8782991738384074,0.2661368472085191,2501.490706389936,208.45755886582802,1.4709117781021208,2.1373200635054967,4.683056672203759,0
common,1h,JUPUSDT,50,full,33,33,0,0.30303030303030304,2.0761502870355946,3.821039513483088,0.06291364506168469,878.0437605229512,26.60738668251367,1.093507751440084,1.0952135790735684,7.347056648311714,0
common,1h,JUPUSDT,60,earlier,19,19,0,0.21052631578947367,-4.852240234296851,-3.9238473588724716,-0.2553810649629922,-2755.8561601083043,-145.0450610583318,0.68535156145986,0.6075605405426099,7.347056648311713,0
common,1h,JUPUSDT,60,later,12,12,0,0.3333333333333333,3.1936421665022294,3.8782991738384074,0.2661368472085191,2501.490706389936,208.45755886582802,1.4709117781021208,2.1373200635054967,4.683056672203759,0
common,1h,JUPUSDT,60,full,32,32,0,0.28125,0.5830813215183568,2.2750625019888377,0.01822129129744865,313.6422832255378,9.801321350798057,1.0262614048811196,1.0340108382718003,7.347056648311713,0
common,1h,JUPUSDT,90,earlier,17,17,0,0.23529411764705882,-5.798230215902032,-5.022869992617331,-0.34107236564129595,-2609.543483757068,-153.5025578680628,0.5639003287025773,0.5863784439009023,6.269824505454567,0
common,1h,JUPUSDT,90,later,11,11,0,0.36363636363636365,2.4501895896217456,3.1440295674757763,0.2227445081474314,2354.2552934753853,214.02320849776228,1.3706315932043305,2.2090463168645282,5.426509249084242,0
common,1h,JUPUSDT,90,full,29,29,0,0.3103448275862069,-1.1063612369673073,0.4417702618813477,-0.038150387481631284,312.71954666222337,10.783432643524943,0.9444221198056508,1.0378768769318125,6.269824505454567,0
common,1h,JUPUSDT,120,earlier,16,16,0,0.1875,-8.480743421747416,-7.765128193770808,-0.5300464638592135,-3629.4059003429834,-226.83786877143646,0.36163561288506496,0.43195334797961105,8.480743421747416,0
common,1h,JUPUSDT,120,later,11,11,0,0.36363636363636365,2.4700629229550803,3.144029567475779,0.22455117481409823,2260.6128048532146,205.5102549866559,1.3747643679067618,2.1076859374363166,6.48247591575091,0
common,1h,JUPUSDT,120,full,28,28,0,0.2857142857142857,-3.7690011094793574,-2.300487939272128,-0.13460718248140563,-800.7853585458608,-28.599477090923603,0.8103751192942427,0.9050089873729258,8.480743421747416,0
common,1h,JUPUSDT,150,earlier,14,14,0,0.21428571428571427,-6.689517801170591,-6.0772669220945055,-0.4778227000836136,-3147.2066259050566,-224.80047327893263,0.4179934766855608,0.4672140461270929,6.689517801170591,0
common,1h,JUPUSDT,150,later,9,9,0,0.3333333333333333,3.465409076801233,3.9773629008091103,0.3850454529779148,2435.8988071879285,270.6554230208809,1.6315522371751383,2.3323662569672137,5.487129761904757,0
common,1h,JUPUSDT,150,full,24,24,0,0.2916666666666667,-0.9824293350563802,0.22070666573750586,-0.04093455562734918,-143.30008177322162,-5.970836740550901,0.942145438621943,0.9814745886281124,6.689517801170591,0
common,1h,JUPUSDT,200,earlier,13,13,0,0.07692307692307693,-9.996234030531085,-9.423611111111112,-0.7689410792716219,-4408.5513947228565,-339.1193380556043,0.2029967868778,0.27568269727608297,9.996234030531085,0
common,1h,JUPUSDT,200,later,10,10,0,0.4,3.573909076801233,4.144029567475777,0.35739090768012327,2473.205397445807,247.32053974458074,1.651325780850609,2.3527718837836584,5.378629761904757,0
common,1h,JUPUSDT,200,full,24,24,0,0.25,-4.180645564416873,-2.958970856612435,-0.1741935651840364,-1367.338260333142,-56.972427513880916,0.7681207195711384,0.82724158888957,9.996234030531085,0
common,1h,MUBARAKUSDT,0,earlier,12,12,0,0.25,-5.001451032695736,-4.6377375565610945,-0.416787586057978,-4428.111334818887,-369.0092779015739,0.4610161807873235,0.3957786720692222,5.573051032695736,0
common,1h,MUBARAKUSDT,0,later,10,9,1,0.4444444444444444,2.933415738036894,3.2795527961150865,0.3259350820040993,2393.947265227667,265.9941405808518,1.8937239578310896,2.435792525582809,2.7350279411764706,0
common,1h,MUBARAKUSDT,0,full,22,21,1,0.3333333333333333,-2.068035294658843,-1.3581847604460084,-0.09847787117423062,-2034.1640695912213,-96.86495569482007,0.8353691046581831,0.7738802616711323,5.573051032695736,0
common,1h,MUBARAKUSDT,20,earlier,12,12,0,0.25,-5.001451032695736,-4.6377375565610945,-0.416787586057978,-4428.111334818887,-369.0092779015739,0.4610161807873235,0.3957786720692222,5.573051032695736,0
common,1h,MUBARAKUSDT,20,later,10,9,1,0.4444444444444444,2.933415738036894,3.2795527961150865,0.3259350820040993,2393.947265227667,265.9941405808518,1.8937239578310896,2.435792525582809,2.7350279411764706,0
common,1h,MUBARAKUSDT,20,full,22,21,1,0.3333333333333333,-2.068035294658843,-1.3581847604460084,-0.09847787117423062,-2034.1640695912213,-96.86495569482007,0.8353691046581831,0.7738802616711323,5.573051032695736,0
common,1h,MUBARAKUSDT,30,earlier,12,12,0,0.25,-5.001451032695736,-4.6377375565610945,-0.416787586057978,-4428.111334818887,-369.0092779015739,0.4610161807873235,0.3957786720692222,5.573051032695736,0
common,1h,MUBARAKUSDT,30,later,10,9,1,0.4444444444444444,2.933415738036894,3.2795527961150865,0.3259350820040993,2393.947265227667,265.9941405808518,1.8937239578310896,2.435792525582809,2.7350279411764706,0
common,1h,MUBARAKUSDT,30,full,22,21,1,0.3333333333333333,-2.068035294658843,-1.3581847604460084,-0.09847787117423062,-2034.1640695912213,-96.86495569482007,0.8353691046581831,0.7738802616711323,5.573051032695736,0
common,1h,MUBARAKUSDT,50,earlier,12,12,0,0.25,-5.001451032695736,-4.6377375565610945,-0.416787586057978,-4428.111334818887,-369.0092779015739,0.4610161807873235,0.3957786720692222,5.573051032695736,0
common,1h,MUBARAKUSDT,50,later,10,9,1,0.4444444444444444,2.933415738036894,3.2795527961150865,0.3259350820040993,2393.947265227667,265.9941405808518,1.8937239578310896,2.435792525582809,2.7350279411764706,0
common,1h,MUBARAKUSDT,50,full,22,21,1,0.3333333333333333,-2.068035294658843,-1.3581847604460084,-0.09847787117423062,-2034.1640695912213,-96.86495569482007,0.8353691046581831,0.7738802616711323,5.573051032695736,0
common,1h,MUBARAKUSDT,60,earlier,12,12,0,0.25,-5.001451032695736,-4.6377375565610945,-0.416787586057978,-4428.111334818887,-369.0092779015739,0.4610161807873235,0.3957786720692222,5.573051032695736,0
common,1h,MUBARAKUSDT,60,later,9,8,1,0.375,2.5237381206596696,2.808964560820971,0.3154672650824587,1707.8665923378735,213.4833240422342,1.776835915585112,1.8412853586069033,3.0453504375812006,0
common,1h,MUBARAKUSDT,60,full,21,20,1,0.3,-2.4777129120360675,-1.8287729957401235,-0.12388564560180337,-2720.244742481014,-136.0122371240507,0.8022283293288756,0.7093349681271119,5.573051032695736,0
common,1h,MUBARAKUSDT,90,earlier,10,10,0,0.3,-2.9414286453954417,-2.6377375565610945,-0.2941428645395442,-2894.0073007582623,-289.40073007582623,0.5925652680181858,0.5005613960822171,3.5130286453954422,0
common,1h,MUBARAKUSDT,90,later,7,6,1,0.3333333333333333,1.4887707155157852,1.6794764019210389,0.2481284525859642,709.549590092842,118.25826501547365,1.5674993929575531,1.3851903493895776,2.419997496404731,0
common,1h,MUBARAKUSDT,90,full,17,16,1,0.3125,-1.4526579298796556,-0.9582611546400557,-0.09079112061747847,-2184.45771066542,-136.52860691658876,0.8524137592950706,0.7139487600012442,3.5130286453954422,0
common,1h,MUBARAKUSDT,120,earlier,8,8,0,0.25,-2.470346010664903,-2.228506787330325,-0.30879325133311286,-3001.805057170249,-375.2256321462811,0.60005429757599,0.4342563885354102,3.1095248423353867,0
common,1h,MUBARAKUSDT,120,later,7,6,1,0.3333333333333333,1.4887707155157852,1.6794764019210389,0.2481284525859642,709.549590092842,118.25826501547365,1.5674993929575531,1.3851903493895776,2.419997496404731,0
common,1h,MUBARAKUSDT,120,full,15,14,1,0.2857142857142857,-0.9815752951491177,-0.549030385409286,-0.07011252108207984,-2292.2554670774066,-163.73253336267192,0.8884585037755585,0.6793160792340336,3.1095248423353867,0
common,1h,MUBARAKUSDT,150,earlier,6,6,0,0.3333333333333333,-0.3986942908676723,-0.22850678733032548,-0.06644904847794537,-1803.0801470431918,-300.51335784053197,0.9028771585657812,0.5609975446193396,2.0668609767891697,0
common,1h,MUBARAKUSDT,150,later,5,4,1,0.25,1.5800673898068514,1.7006014326260184,0.39501684745171284,981.4382074634278,245.35955186585696,1.6785188439847287,1.658600888342896,2.3287008221136647,0
common,1h,MUBARAKUSDT,150,full,11,10,1,0.3,1.1813730989391793,1.4720946452956927,0.11813730989391794,-821.6419395797639,-82.16419395797638,1.1836211580139127,0.8532102740579475,2.3287008221136647,0
common,1h,MUBARAKUSDT,200,earlier,7,7,0,0.14285714285714285,-4.469912960541187,-4.266968325791864,-0.6385589943630267,-4639.639414595394,-662.8056306564848,0.27529252366993695,0.17271640256204654,4.469912960541187,0
common,1h,MUBARAKUSDT,200,later,7,6,1,0.3333333333333333,2.177512736127202,2.388913120937711,0.36291878935453364,1829.6566850298277,304.9427808383046,1.6420356938298235,2.0007540705271665,3.3915758221136683,0
common,1h,MUBARAKUSDT,200,full,14,13,1,0.23076923076923078,-2.2924002244139836,-1.8780552048541528,-0.17633847880107567,-2809.9827295655673,-216.1525176588898,0.7601956770849472,0.6221394232351236,4.469912960541187,0
common,1h,NEARUSDT,0,earlier,23,23,0,0.43478260869565216,0.5198494402313363,1.656826875589607,0.02260214957527549,854.869605494275,37.168243717142396,1.0411622961370508,1.1658300221235034,3.5731151384791477,0
common,1h,NEARUSDT,0,later,13,12,1,0.4166666666666667,2.09675560922228,2.8333282664929818,0.17472963410185668,342.78192202677775,28.565160168898146,1.2827676948375437,1.124694794044908,3.221852852852854,0
common,1h,NEARUSDT,0,full,37,36,1,0.4444444444444444,5.262646716120287,7.240155142082594,0.1461846310033413,1706.709643753518,47.408601215375505,1.2625497422150336,1.2159281450927646,3.5731151384791477,0
common,1h,NEARUSDT,20,earlier,22,22,0,0.45454545454545453,1.601677026438236,2.6568268755896103,0.07280350120173801,1119.285956105315,50.87663436842341,1.1387041405978187,1.228861046790531,3.187370104226436,0
common,1h,NEARUSDT,20,later,13,12,1,0.4166666666666667,2.09675560922228,2.8333282664929818,0.17472963410185668,342.78192202677775,28.565160168898146,1.2827676948375437,1.124694794044908,3.221852852852854,0
common,1h,NEARUSDT,20,full,36,35,1,0.45714285714285713,6.3444743023271855,8.240155142082594,0.1812706943522053,1971.125994364558,56.31788555327308,1.3345791364549933,1.2580127206102019,3.2218528528528534,0
common,1h,NEARUSDT,30,earlier,23,23,0,0.43478260869565216,0.5198494402313363,1.656826875589607,0.02260214957527549,854.869605494275,37.168243717142396,1.0411622961370508,1.1658300221235034,3.5731151384791477,0
common,1h,NEARUSDT,30,later,13,12,1,0.4166666666666667,2.09675560922228,2.8333282664929818,0.17472963410185668,342.78192202677775,28.565160168898146,1.2827676948375437,1.124694794044908,3.221852852852854,0
common,1h,NEARUSDT,30,full,37,36,1,0.4444444444444444,5.262646716120287,7.240155142082594,0.1461846310033413,1706.709643753518,47.408601215375505,1.2625497422150336,1.2159281450927646,3.5731151384791477,0
common,1h,NEARUSDT,50,earlier,23,23,0,0.43478260869565216,0.5198494402313363,1.656826875589607,0.02260214957527549,854.869605494275,37.168243717142396,1.0411622961370508,1.1658300221235034,3.5731151384791477,0
common,1h,NEARUSDT,50,later,12,11,1,0.45454545454545453,3.154370993837666,3.8333282664929826,0.28676099943978783,709.9114280347894,64.53740254861722,1.4961651706965944,1.2980519514002764,3.221852852852854,0
common,1h,NEARUSDT,50,full,36,35,1,0.45714285714285713,6.320262100735674,8.240155142082594,0.1805789171638764,2073.839149761529,59.25254713604369,1.3328772614751314,1.2751568890757807,3.5731151384791477,0
common,1h,NEARUSDT,60,earlier,23,23,0,0.43478260869565216,0.5198494402313363,1.656826875589607,0.02260214957527549,854.869605494275,37.168243717142396,1.0411622961370508,1.1658300221235034,3.5731151384791477,0
common,1h,NEARUSDT,60,later,11,10,1,0.4,1.8805596730829621,2.4748377004552604,0.1880559673082962,409.05581306152794,40.90558130615279,1.2958016710853504,1.1717395698955284,3.221852852852854,0
common,1h,NEARUSDT,60,full,35,34,1,0.4411764705882353,5.046450779980969,6.881664576044869,0.14842502294061674,1772.9835347882683,52.14657455259612,1.2657878247823886,1.2352393790381566,3.5731151384791477,0
common,1h,NEARUSDT,90,earlier,18,18,0,0.4444444444444444,0.8815493550049094,1.7552495044889014,0.04897496416693941,841.8263939604842,46.76813299780468,1.0933437734994935,1.2046830852060249,4.071482468500445,0
common,1h,NEARUSDT,90,later,9,8,1,0.375,1.1324504292243018,1.6687152514756667,0.14155630365303773,-213.02562307247226,-26.628202884059032,1.212426624857665,0.8865852335036083,3.1497751834851533,0
common,1h,NEARUSDT,90,full,28,27,1,0.4444444444444444,4.66004145089588,6.173964755964571,0.17259412781095854,1137.8588871204768,42.14292174520285,1.3153975651390093,1.1899243438195162,4.09818099684208,0
common,1h,NEARUSDT,120,earlier,15,15,0,0.4,0.078898621339343,0.7505868060761962,0.005259908089289533,131.049470846966,8.736631389797733,1.0094547573776602,1.0336773059347584,3.768672810075767,0
common,1h,NEARUSDT,120,later,8,7,1,0.42857142857142855,2.249431800312229,2.668715251475665,0.3213474000446041,-118.67826851380516,-16.954038359115025,1.5337948679324327,0.9334741027896638,3.102960479063894,0
common,1h,NEARUSDT,120,full,24,23,1,0.43478260869565216,4.974372088318242,6.169302057551864,0.21627704731818445,521.4293185656262,22.670839937635918,1.3960835061626922,1.0918774517773204,3.768672810075767,0
common,1h,NEARUSDT,150,earlier,15,15,0,0.4,-0.5828582791393577,0.17043413432047705,-0.03885721860929051,265.55069936723606,17.703379957815734,0.9352855437360009,1.0706848247799985,5.482985860287088,0
common,1h,NEARUSDT,150,later,8,8,0,0.375,1.1465856464660726,1.6687152514756622,0.14332320580825908,-333.1434891570362,-41.64293614462952,1.2156499251182207,0.8332954013748747,3.102960479063894,0
common,1h,NEARUSDT,150,full,24,24,0,0.4166666666666667,1.79935448597079,3.1611832841012326,0.07497310358211624,218.4095640744599,9.100398503102495,1.1256225390156847,1.0379497298634792,6.873284232230058,0
common,1h,NEARUSDT,200,earlier,12,12,0,0.4166666666666667,-0.822505886312306,-0.1939726453405457,-0.06854215719269217,324.9880075142042,27.082333959517015,0.8812927057697709,1.1198660548791575,4.670077317727415,0
common,1h,NEARUSDT,200,later,6,6,0,0.5,3.2966777019515754,3.668715251475667,0.5494462836585959,324.6388723605878,54.106478726764635,2.041014917121511,1.24215509512793,2.0557145774245478,0
common,1h,NEARUSDT,200,full,18,18,0,0.4444444444444444,2.474171815639269,3.474742606135121,0.13745398975773718,649.6268798747924,36.090382215266246,1.2450730782267831,1.1603271374289021,6.248756906675115,0
common,1h,ONEUSDT,0,earlier,9,9,0,0.5555555555555556,1.75637633803863,2.1189593493543537,0.19515292644873666,829.9624754242008,92.2180528249112,1.4694536888788519,1.3983757670895547,2.6747862411318524,0
common,1h,ONEUSDT,0,later,16,15,1,0.3333333333333333,1.6535239029034865,2.48045260275122,0.11023492686023244,-596.6309054211158,-39.775393694741055,1.1996687607692518,0.853180287554009,5.146123013934551,0
common,1h,ONEUSDT,0,full,26,25,1,0.44,7.2045810920059505,8.493028973382176,0.288183243680238,1000.4283441966342,40.01713376786537,1.5992504358949848,1.1627489870678183,5.146123013934552,0
common,1h,ONEUSDT,20,earlier,9,9,0,0.5555555555555556,1.75637633803863,2.1189593493543537,0.19515292644873666,829.9624754242008,92.2180528249112,1.4694536888788519,1.3983757670895547,2.6747862411318524,0
common,1h,ONEUSDT,20,later,15,14,1,0.35714285714285715,2.7225504515760535,3.4804526027512197,0.19446788939828955,-286.887315677527,-20.49195111982336,1.3774866894174411,0.9235772950626343,4.0770964652619845,0
common,1h,ONEUSDT,20,full,25,24,1,0.4583333333333333,8.273607640678518,9.493028973382176,0.34473365169493825,1310.1719339402234,54.590497247509305,1.7553303342163704,1.2244475158481964,4.0770964652619845,0
common,1h,ONEUSDT,30,earlier,9,9,0,0.5555555555555556,1.75637633803863,2.1189593493543537,0.19515292644873666,829.9624754242008,92.2180528249112,1.4694536888788519,1.3983757670895547,2.6747862411318524,0
common,1h,ONEUSDT,30,later,16,15,1,0.3333333333333333,1.106667490251858,1.9101799673615227,0.07377783268345721,-989.5652961925647,-65.97101974617098,1.1253560819872592,0.777956692440821,5.146123013934551,0
common,1h,ONEUSDT,30,full,26,25,1,0.44,6.657724679354322,7.922756337992478,0.2663089871741729,607.4939534251852,24.29975813700741,1.5296725226520327,1.092889014872417,5.146123013934551,0
common,1h,ONEUSDT,50,earlier,9,9,0,0.5555555555555556,1.75637633803863,2.1189593493543537,0.19515292644873666,829.9624754242008,92.2180528249112,1.4694536888788519,1.3983757670895547,2.6747862411318524,0
common,1h,ONEUSDT,50,later,15,14,1,0.35714285714285715,2.175694038924425,2.9101799673615227,0.15540671706603035,-679.8217064489759,-48.558693317784,1.280403119243566,0.8360646226086207,4.0770964652619845,0
common,1h,ONEUSDT,50,full,25,24,1,0.4583333333333333,7.726751228026889,8.922756337992478,0.32194796783445373,917.2375431687743,38.2182309653656,1.6718630993250276,1.1472231327000915,4.077096465261983,0
common,1h,ONEUSDT,60,earlier,9,9,0,0.5555555555555556,1.75637633803863,2.1189593493543537,0.19515292644873666,829.9624754242008,92.2180528249112,1.4694536888788519,1.3983757670895547,2.6747862411318524,0
common,1h,ONEUSDT,60,later,15,14,1,0.35714285714285715,0.12849716475351847,0.836910954077986,0.009178368910965604,-1135.0684305155448,-81.07631646539605,1.0165606951925341,0.7262843040220391,4.077096465261984,0
common,1h,ONEUSDT,60,full,25,24,1,0.4583333333333333,5.679554353855983,6.849487324708941,0.23664809807733264,461.9908191022054,19.249617462591893,1.4938534810238822,1.0741528038984693,4.077096465261983,0
common,1h,ONEUSDT,90,earlier,8,8,0,0.5,-1.0342065731847883,-0.7422111270410061,-0.12927582164809853,-234.68489159546704,-29.33561144943338,0.7235717196084905,0.8873530111516327,2.6747862411318524,0
common,1h,ONEUSDT,90,later,14,13,1,0.38461538461538464,0.13185613474613045,0.8288156173222374,0.010142779595856188,-1064.9872716906177,-81.92209782235521,1.0187530054019234,0.7112518984840008,4.077096465261984,0
common,1h,ONEUSDT,90,full,22,21,1,0.42857142857142855,-0.9023504384386583,0.08660449028123107,-0.04296906849707897,-1299.6721632860847,-61.8891506326707,0.9162358994188363,0.7748182194256265,4.077096465261984,0
common,1h,ONEUSDT,120,earlier,7,7,0,0.5714285714285714,-0.4301119829677501,-0.15912074803226106,-0.06144456899539287,340.52793998997197,48.64684856999599,0.862900503832001,1.2257913699583094,2.0706916509148146,0
common,1h,ONEUSDT,120,later,12,11,1,0.36363636363636365,1.1156286783550782,1.6516573439409403,0.10142078894137074,-886.9090537297579,-80.62809579361436,1.1881354844096534,0.7444667517801361,2.975817926449203,0
common,1h,ONEUSDT,120,full,19,18,1,0.4444444444444444,0.6855166953873282,1.4925365959086805,0.038084260854851566,-546.381113739786,-30.354506318877,1.075604455788342,0.8902622133198514,2.975817926449202,0
common,1h,ONEUSDT,150,earlier,4,4,0,0.5,-0.8567022216742941,-0.697601382957104,-0.21417555541857353,69.72222504451294,17.430556261128235,0.591603498843982,1.071009837329267,1.5714521981019907,0
common,1h,ONEUSDT,150,later,11,10,1,0.3,0.7171083331023087,1.162138231733794,0.07171083331023087,-974.4971296105148,-97.44971296105149,1.1209304907985362,0.7192311704755873,3.374338271701972,0
common,1h,ONEUSDT,150,full,15,14,1,0.35714285714285715,-0.1395938885719855,0.4645368487766903,-0.009970992040856108,-904.7749045660019,-64.62677889757155,0.9826108507782088,0.7968023446712476,3.374338271701972,0
common,1h,ONEUSDT,200,earlier,3,3,0,0.3333333333333333,-1.5714521981019907,-1.429977156914423,-0.5238173993673302,-741.304879092434,-247.10162636414466,0.25087671865197925,0.24500489130777825,1.5714521981019907,0
common,1h,ONEUSDT,200,later,11,10,1,0.3,0.2149932278009261,0.7022616885239152,0.02149932278009261,-937.2509581202648,-93.72509581202648,1.033425373120749,0.7270331386158412,3.8764533770033545,0
common,1h,ONEUSDT,200,full,14,13,1,0.3076923076923077,-1.3564589703010645,-0.7277154683905076,-0.1043429977154665,-1678.555837212699,-129.11967978559224,0.8409733437110795,0.6198438331572456,3.8764533770033545,0
common,1h,OPUSDT,0,earlier,21,21,0,0.2857142857142857,0.559124112038313,1.6361633401867914,0.026624957716110145,-2561.3682008049964,-121.96991432404745,1.0407765774515663,0.6121761157279546,6.81573434744286,0
common,1h,OPUSDT,0,later,14,13,1,0.46153846153846156,0.666813871671172,1.3671058798384137,0.05129337474393631,3110.939067829474,239.30300521765184,1.0927216373620556,2.291107020116101,3.040548191435973,0
common,1h,OPUSDT,0,full,36,35,1,0.37142857142857144,5.1125645621821505,6.97801365778831,0.1460732732052043,1431.7136266805455,40.90610361944416,1.2445798102519474,1.1588326568504699,6.81573434744286,0
common,1h,OPUSDT,20,earlier,21,21,0,0.2857142857142857,0.559124112038313,1.6361633401867914,0.026624957716110145,-2561.3682008049964,-121.96991432404745,1.0407765774515663,0.6121761157279546,6.81573434744286,0
common,1h,OPUSDT,20,later,13,12,1,0.5,1.7439257850285732,2.3671058798384146,0.1453271487523811,3390.3023637096226,282.52519697580186,1.2852136040413176,2.591579435782604,2.8891021469811524,0
common,1h,OPUSDT,20,full,35,34,1,0.38235294117647056,6.189676475539551,7.97801365778831,0.18204930810410444,1711.076922560694,50.32579184002041,1.312194464094973,1.1958961594620263,6.81573434744286,0
common,1h,OPUSDT,30,earlier,21,21,0,0.2857142857142857,0.559124112038313,1.6361633401867914,0.026624957716110145,-2561.3682008049964,-121.96991432404745,1.0407765774515663,0.6121761157279546,6.81573434744286,0
common,1h,OPUSDT,30,later,14,13,1,0.46153846153846156,0.666813871671172,1.3671058798384137,0.05129337474393631,3110.939067829474,239.30300521765184,1.0927216373620556,2.291107020116101,3.040548191435973,0
common,1h,OPUSDT,30,full,36,35,1,0.37142857142857144,5.1125645621821505,6.97801365778831,0.1460732732052043,1431.7136266805455,40.90610361944416,1.2445798102519474,1.1588326568504699,6.81573434744286,0
common,1h,OPUSDT,50,earlier,20,20,0,0.3,1.5920641999402334,2.636163340186792,0.07960320999701168,-1934.2052794566832,-96.71026397283417,1.1255674717026607,0.6764081610759769,6.81573434744286,0
common,1h,OPUSDT,50,later,14,13,1,0.46153846153846156,0.666813871671172,1.3671058798384137,0.05129337474393631,3110.939067829474,239.30300521765184,1.0927216373620556,2.291107020116101,3.040548191435973,0
common,1h,OPUSDT,50,full,35,34,1,0.38235294117647056,6.145504650084073,7.978013657788308,0.1807501367671786,2058.876548028858,60.55519258908406,1.3092774784434908,1.2454897623130807,6.81573434744286,0
common,1h,OPUSDT,60,earlier,19,19,0,0.2631578947368421,-0.920629735179662,0.05801229518101181,-0.04845419658840326,-2701.942791699582,-142.20751535260956,0.9273891415778711,0.5479659548446822,6.815734347442861,0
common,1h,OPUSDT,60,later,14,13,1,0.46153846153846156,0.666813871671172,1.3671058798384137,0.05129337474393631,3110.939067829474,239.30300521765184,1.0927216373620556,2.291107020116101,3.040548191435973,0
common,1h,OPUSDT,60,full,34,33,1,0.36363636363636365,3.6328107149641773,5.399862612782529,0.11008517318073265,1291.1390357859586,39.125425326847235,1.18282412943439,1.1539487228176406,6.815734347442861,0
common,1h,OPUSDT,90,earlier,16,16,0,0.25,-3.2092808890468847,-2.4231153419504863,-0.2005800555654303,-2703.438609187212,-168.96491307420075,0.7088878641056806,0.4794279993399134,5.479347654095736,0
common,1h,OPUSDT,90,later,10,10,0,0.5,1.4640565098287683,1.9982829108305684,0.14640565098287683,3441.519726883065,344.15197268830644,1.2728521842699927,3.0303153910684912,1.239560662395018,0
common,1h,OPUSDT,90,full,27,27,0,0.37037037037037035,2.1414021992545487,3.549912006643188,0.07931119256498328,1620.2238773519211,60.00829175377486,1.1306533047913865,1.235214768861407,5.479347654095736,0
common,1h,OPUSDT,120,earlier,12,12,0,0.16666666666666666,-6.794654987957384,-6.234174606434405,-0.5662212489964487,-3935.388102129258,-327.9490085107715,0.2367134131349167,0.12138715927188647,6.794654987957384,0
common,1h,OPUSDT,120,later,9,9,0,0.4444444444444444,1.209034864807125,1.695252607800267,0.13433720720079168,3335.279871157187,370.58665235079854,1.225324501825262,2.9676394713170438,1.239560662395018,0
common,1h,OPUSDT,120,full,22,22,0,0.3181818181818182,-1.6989935446775928,-0.5641775608710327,-0.07722697930352694,282.0345286839983,12.819751303818105,0.8809193703858389,1.045679829469913,6.794654987957384,0
common,1h,OPUSDT,150,earlier,11,11,0,0.09090909090909091,-8.356810341252912,-7.892679716517089,-0.759710031022992,-4318.656090964635,-392.6050991786032,0.07501074981475875,0.05306878534730327,8.356810341252912,0
common,1h,OPUSDT,150,later,7,7,0,0.42857142857142855,0.8236738931319787,1.1789836273230345,0.1176676990188541,3070.933489617979,438.70478423113985,1.1920595642288976,3.1691929136107104,2.1558209743524763,0
common,1h,OPUSDT,150,full,19,19,0,0.2631578947368421,-3.6465098696482667,-2.7389516514309493,-0.19192157208675087,-365.57984169058795,-19.24104429950463,0.7263023594500848,0.9388293139329645,8.356810341252912,0
common,1h,OPUSDT,200,earlier,11,11,0,0.18181818181818182,-5.619064421674968,-5.137828625815643,-0.510824038334088,-3090.4620253061667,-280.9510932096515,0.35233077191753437,0.2858115167582881,7.6332538800858805,0
common,1h,OPUSDT,200,later,7,7,0,0.42857142857142855,0.8236738931319787,1.1789836273230345,0.1176676990188541,3070.933489617979,438.70478423113985,1.1920595642288976,3.1691929136107104,2.1558209743524763,0
common,1h,OPUSDT,200,full,19,19,0,0.3157894736842105,-0.9087639500703228,0.015899439270496973,-0.047829681582648574,862.6142239678812,45.40074862988848,0.9299034584899303,1.1502043123159635,7.6332538800858805,0
common,1h,PENDLEUSDT,0,earlier,20,20,0,0.25,-1.7027679450048003,-0.8381317102064495,-0.08513839725024001,-532.117553968607,-26.60587769843035,0.8714829316033887,0.9185369302361077,8.574081317534631,0
common,1h,PENDLEUSDT,0,later,12,12,0,0.3333333333333333,3.9528261386073793,4.657943901201666,0.3294021782172816,1068.727256982795,89.06060474856626,1.4989211290219684,1.3875531083301937,5.833928039525032,0
common,1h,PENDLEUSDT,0,full,32,32,0,0.28125,2.2500581936025794,3.8198121909952176,0.0703143185500806,536.6097030141873,16.769053219193353,1.106274681695864,1.0577643319170937,8.574081317534631,0
common,1h,PENDLEUSDT,20,earlier,20,20,0,0.25,-1.7027679450048003,-0.8381317102064495,-0.08513839725024001,-532.117553968607,-26.60587769843035,0.8714829316033887,0.9185369302361077,8.574081317534631,0
common,1h,PENDLEUSDT,20,later,12,12,0,0.3333333333333333,3.9528261386073793,4.657943901201666,0.3294021782172816,1068.727256982795,89.06060474856626,1.4989211290219684,1.3875531083301937,5.833928039525032,0
common,1h,PENDLEUSDT,20,full,32,32,0,0.28125,2.2500581936025794,3.8198121909952176,0.0703143185500806,536.6097030141873,16.769053219193353,1.106274681695864,1.0577643319170937,8.574081317534631,0
common,1h,PENDLEUSDT,30,earlier,20,20,0,0.25,-1.7027679450048003,-0.8381317102064495,-0.08513839725024001,-532.117553968607,-26.60587769843035,0.8714829316033887,0.9185369302361077,8.574081317534631,0
common,1h,PENDLEUSDT,30,later,12,12,0,0.3333333333333333,3.9528261386073793,4.657943901201666,0.3294021782172816,1068.727256982795,89.06060474856626,1.4989211290219684,1.3875531083301937,5.833928039525032,0
common,1h,PENDLEUSDT,30,full,32,32,0,0.28125,2.2500581936025794,3.8198121909952176,0.0703143185500806,536.6097030141873,16.769053219193353,1.106274681695864,1.0577643319170937,8.574081317534631,0
common,1h,PENDLEUSDT,50,earlier,20,20,0,0.25,-3.956030770159911,-3.1011720664376523,-0.19780153850799556,-1455.311238520838,-72.7655619260419,0.7014170494815684,0.7772031385403352,8.574081317534631,0
common,1h,PENDLEUSDT,50,later,10,10,0,0.4,5.496753546962024,6.099610567868332,0.5496753546962024,1650.672208453524,165.0672208453524,1.8617194793197729,1.7586915289387821,4.290000631170386,0
common,1h,PENDLEUSDT,50,full,30,30,0,0.3,1.5407227768021126,2.9984385014306802,0.05135742589340375,195.3609699326859,6.51203233108953,1.0784954771370696,1.0224354464978282,8.574081317534631,0
common,1h,PENDLEUSDT,60,earlier,19,19,0,0.2631578947368421,-1.2015073949313153,-0.3590219054615392,-0.06323723131217449,-79.52732042296024,-4.185648443313697,0.9057500214897883,0.9869185993607237,8.072820767461147,0
common,1h,PENDLEUSDT,60,later,10,10,0,0.3,4.630239234775411,5.242966791979954,0.4630239234775411,1160.8865948076289,116.08865948076289,1.6748698294518423,1.4808856542802233,4.772117297837051,0
common,1h,PENDLEUSDT,60,full,29,29,0,0.27586206896551724,3.428731839844095,4.883944886518414,0.11823213240841707,1081.3592743846693,37.288250840850665,1.1748547509512015,1.1273164138839,8.072820767461147,0
common,1h,PENDLEUSDT,90,earlier,15,15,0,0.26666666666666666,-0.17517376821444475,0.49007238612571313,-0.011678251214296316,698.398583028598,46.559905535239864,0.9829353205624891,1.1503988551500421,7.205137642780246,0
common,1h,PENDLEUSDT,90,later,9,9,0,0.2222222222222222,2.939476607731415,3.500109649122818,0.3266085119701572,876.0817264287751,97.34241404764168,1.4271106618184541,1.390422153390614,5.833928039525032,0
common,1h,PENDLEUSDT,90,full,24,24,0,0.25,2.7643028395169695,3.990182035248531,0.11517928497987373,1574.4803094573729,65.60334622739053,1.1612071523854883,1.2285971125765516,7.291251397720089,0
common,1h,PENDLEUSDT,120,earlier,16,16,0,0.25,-1.8923931775520126,-1.2121772094363084,-0.11827457359700079,-20.072483521419993,-1.2545302200887496,0.824233922190119,0.9960613098325053,7.7063981928537295,0
common,1h,PENDLEUSDT,120,later,6,6,0,0.3333333333333333,2.3099702212094404,2.659085074104353,0.38499503686824005,1146.546837951838,191.09113965863966,1.5439893789130317,1.804878033830577,3.1980431843618735,0
common,1h,PENDLEUSDT,120,full,22,22,0,0.2727272727272727,0.417577043657428,1.4469078646680447,0.018980774711701273,1126.4743544304179,51.20337974683717,1.0278145573876283,1.1727527772591522,7.7063981928537295,0
common,1h,PENDLEUSDT,150,earlier,14,14,0,0.21428571428571427,-2.8872758831254286,-2.261119482652513,-0.20623399165181633,-1279.5542341745322,-91.39673101246659,0.7033797123256765,0.7133183290224793,9.733912355636088,0
common,1h,PENDLEUSDT,150,later,5,5,0,0.4,3.3715102805566226,3.659085074104354,0.6743020561113245,1491.5383997436322,298.30767994872645,2.0586215658136893,2.381686001729515,2.1365031250146913,0
common,1h,PENDLEUSDT,150,full,19,19,0,0.2631578947368421,0.48423439743119445,1.397965591451841,0.025486020917431285,211.98416556909996,11.157061345742102,1.0374831444465962,1.0382447275675382,9.733912355636088,0
common,1h,PENDLEUSDT,200,earlier,10,10,0,0.1,-3.891074725106797,-3.4505025645097467,-0.3891074725106797,-1647.39205462337,-164.739205462337,0.49009551661782735,0.5481699348285707,7.630987472982156,0
common,1h,PENDLEUSDT,200,later,4,4,0,0.25,-2.086500139979317,-1.871446229913467,-0.5216250349948293,-353.164189037155,-88.29104725928875,0.34485916949637185,0.6728464943385533,2.1365031250146913,0
common,1h,PENDLEUSDT,200,full,14,14,0,0.14285714285714285,-5.977574865086114,-5.321948794423214,-0.4269696332204367,-2000.5562436605248,-142.89687454718035,0.44732933692215826,0.576651088202638,9.767490597996847,0
common,1h,PIEVERSEUSDT,0,earlier,0,0,0,,0.0,0.0,,0.0,,,,0.0,0
common,1h,PIEVERSEUSDT,0,later,11,11,0,0.36363636363636365,0.8645737475948225,1.3848758206491243,0.07859761341771114,2192.43006489205,199.31182408109544,1.117361517377857,1.6532358294499148,4.415415175442712,0
common,1h,PIEVERSEUSDT,0,full,11,11,0,0.36363636363636365,0.8645737475948225,1.3848758206491243,0.07859761341771114,2192.43006489205,199.31182408109544,1.117361517377857,1.6532358294499148,4.415415175442712,0
common,1h,PIEVERSEUSDT,20,earlier,0,0,0,,0.0,0.0,,0.0,,,,0.0,0
common,1h,PIEVERSEUSDT,20,later,11,11,0,0.36363636363636365,0.8645737475948225,1.3848758206491243,0.07859761341771114,2192.43006489205,199.31182408109544,1.117361517377857,1.6532358294499148,4.415415175442712,0
common,1h,PIEVERSEUSDT,20,full,11,11,0,0.36363636363636365,0.8645737475948225,1.3848758206491243,0.07859761341771114,2192.43006489205,199.31182408109544,1.117361517377857,1.6532358294499148,4.415415175442712,0
common,1h,PIEVERSEUSDT,30,earlier,0,0,0,,0.0,0.0,,0.0,,,,0.0,0
common,1h,PIEVERSEUSDT,30,later,11,11,0,0.36363636363636365,0.8645737475948225,1.3848758206491243,0.07859761341771114,2192.43006489205,199.31182408109544,1.117361517377857,1.6532358294499148,4.415415175442712,0
common,1h,PIEVERSEUSDT,30,full,11,11,0,0.36363636363636365,0.8645737475948225,1.3848758206491243,0.07859761341771114,2192.43006489205,199.31182408109544,1.117361517377857,1.6532358294499148,4.415415175442712,0
common,1h,PIEVERSEUSDT,50,earlier,0,0,0,,0.0,0.0,,0.0,,,,0.0,0
common,1h,PIEVERSEUSDT,50,later,11,11,0,0.36363636363636365,0.8645737475948225,1.3848758206491243,0.07859761341771114,2192.43006489205,199.31182408109544,1.117361517377857,1.6532358294499148,4.415415175442712,0
common,1h,PIEVERSEUSDT,50,full,11,11,0,0.36363636363636365,0.8645737475948225,1.3848758206491243,0.07859761341771114,2192.43006489205,199.31182408109544,1.117361517377857,1.6532358294499148,4.415415175442712,0
common,1h,PIEVERSEUSDT,60,earlier,0,0,0,,0.0,0.0,,0.0,,,,0.0,0
common,1h,PIEVERSEUSDT,60,later,11,11,0,0.36363636363636365,0.8645737475948225,1.3848758206491243,0.07859761341771114,2192.43006489205,199.31182408109544,1.117361517377857,1.6532358294499148,4.415415175442712,0
common,1h,PIEVERSEUSDT,60,full,11,11,0,0.36363636363636365,0.8645737475948225,1.3848758206491243,0.07859761341771114,2192.43006489205,199.31182408109544,1.117361517377857,1.6532358294499148,4.415415175442712,0
common,1h,PIEVERSEUSDT,90,earlier,0,0,0,,0.0,0.0,,0.0,,,,0.0,0
common,1h,PIEVERSEUSDT,90,later,10,10,0,0.3,-1.4792770444008112,-0.9873869530735067,-0.14792770444008113,-688.8797503192811,-68.88797503192812,0.7988754813847675,0.7982295983418509,4.403689325102576,0
common,1h,PIEVERSEUSDT,90,full,10,10,0,0.3,-1.4792770444008112,-0.9873869530735067,-0.14792770444008113,-688.8797503192811,-68.88797503192812,0.7988754813847675,0.7982295983418509,4.403689325102576,0
common,1h,PIEVERSEUSDT,120,earlier,0,0,0,,0.0,0.0,,0.0,,,,0.0,0
common,1h,PIEVERSEUSDT,120,later,10,10,0,0.3,-1.4792770444008112,-0.9873869530735067,-0.14792770444008113,-688.8797503192811,-68.88797503192812,0.7988754813847675,0.7982295983418509,4.403689325102576,0
common,1h,PIEVERSEUSDT,120,full,10,10,0,0.3,-1.4792770444008112,-0.9873869530735067,-0.14792770444008113,-688.8797503192811,-68.88797503192812,0.7988754813847675,0.7982295983418509,4.403689325102576,0
common,1h,PIEVERSEUSDT,150,earlier,0,0,0,,0.0,0.0,,0.0,,,,0.0,0
common,1h,PIEVERSEUSDT,150,later,8,8,0,0.375,0.6370971052590542,1.0126130469264942,0.07963713815738177,38.562483958392846,4.820310494799106,1.1216145929196546,1.0143529210926563,3.1774639935880016,0
common,1h,PIEVERSEUSDT,150,full,8,8,0,0.375,0.6370971052590542,1.0126130469264942,0.07963713815738177,38.562483958392846,4.820310494799106,1.1216145929196546,1.0143529210926563,3.1774639935880016,0
common,1h,PIEVERSEUSDT,200,earlier,0,0,0,,0.0,0.0,,0.0,,,,0.0,0
common,1h,PIEVERSEUSDT,200,later,7,7,0,0.42857142857142855,1.4291446130031344,1.7213687116443739,0.2041635161433049,1923.7167216081373,274.81667451544814,1.341966066686719,1.8255038425727212,3.8508443100344,0
common,1h,PIEVERSEUSDT,200,full,7,7,0,0.42857142857142855,1.4291446130031344,1.7213687116443739,0.2041635161433049,1923.7167216081373,274.81667451544814,1.341966066686719,1.8255038425727212,3.8508443100344,0
common,1h,PUMPUSDT,0,earlier,2,2,0,0.5,-0.3658223776223799,-0.31794871794872026,-0.18291118881118995,-867.0353367879069,-433.51766839395344,0.639919273238884,0.31958588474417443,1.0159454545454554,0
common,1h,PUMPUSDT,0,later,11,11,0,0.6363636363636364,15.771899426070574,16.14520647377274,1.4338090387336886,8623.695821089666,783.9723473717879,4.8233841420419745,3.748708186282408,3.0887483728195804,0
common,1h,PUMPUSDT,0,full,13,13,0,0.6153846153846154,15.406077048448195,15.827257755824014,1.1850828498806303,7756.660484301759,596.6661911001354,3.996672975611399,2.758226431159622,3.0887483728195813,0
common,1h,PUMPUSDT,20,earlier,2,2,0,0.5,-0.3658223776223799,-0.31794871794872026,-0.18291118881118995,-867.0353367879069,-433.51766839395344,0.639919273238884,0.31958588474417443,1.0159454545454554,0
common,1h,PUMPUSDT,20,later,11,11,0,0.6363636363636364,15.771899426070574,16.14520647377274,1.4338090387336886,8623.695821089666,783.9723473717879,4.8233841420419745,3.748708186282408,3.0887483728195804,0
common,1h,PUMPUSDT,20,full,13,13,0,0.6153846153846154,15.406077048448195,15.827257755824014,1.1850828498806303,7756.660484301759,596.6661911001354,3.996672975611399,2.758226431159622,3.0887483728195813,0
common,1h,PUMPUSDT,30,earlier,2,2,0,0.5,-0.3658223776223799,-0.31794871794872026,-0.18291118881118995,-867.0353367879069,-433.51766839395344,0.639919273238884,0.31958588474417443,1.0159454545454554,0
common,1h,PUMPUSDT,30,later,11,11,0,0.6363636363636364,15.771899426070574,16.14520647377274,1.4338090387336886,8623.695821089666,783.9723473717879,4.8233841420419745,3.748708186282408,3.0887483728195804,0
common,1h,PUMPUSDT,30,full,13,13,0,0.6153846153846154,15.406077048448195,15.827257755824014,1.1850828498806303,7756.660484301759,596.6661911001354,3.996672975611399,2.758226431159622,3.0887483728195813,0
common,1h,PUMPUSDT,50,earlier,2,2,0,0.5,-0.3658223776223799,-0.31794871794872026,-0.18291118881118995,-867.0353367879069,-433.51766839395344,0.639919273238884,0.31958588474417443,1.0159454545454554,0
common,1h,PUMPUSDT,50,later,11,11,0,0.6363636363636364,15.771899426070574,16.14520647377274,1.4338090387336886,8623.695821089666,783.9723473717879,4.8233841420419745,3.748708186282408,3.0887483728195804,0
common,1h,PUMPUSDT,50,full,13,13,0,0.6153846153846154,15.406077048448195,15.827257755824014,1.1850828498806303,7756.660484301759,596.6661911001354,3.996672975611399,2.758226431159622,3.0887483728195813,0
common,1h,PUMPUSDT,60,earlier,2,2,0,0.5,-0.3658223776223799,-0.31794871794872026,-0.18291118881118995,-867.0353367879069,-433.51766839395344,0.639919273238884,0.31958588474417443,1.0159454545454554,0
common,1h,PUMPUSDT,60,later,11,11,0,0.6363636363636364,15.771899426070574,16.14520647377274,1.4338090387336886,8623.695821089666,783.9723473717879,4.8233841420419745,3.748708186282408,3.0887483728195804,0
common,1h,PUMPUSDT,60,full,13,13,0,0.6153846153846154,15.406077048448195,15.827257755824014,1.1850828498806303,7756.660484301759,596.6661911001354,3.996672975611399,2.758226431159622,3.0887483728195813,0
common,1h,PUMPUSDT,90,earlier,2,2,0,0.5,2.189028571428569,2.227272727272725,1.0945142857142844,1600.307635297705,800.1538176488525,3.1546713572412832,2.255856431229387,1.0159454545454554,0
common,1h,PUMPUSDT,90,later,9,9,0,0.6666666666666666,12.407730419946368,12.681015523760898,1.3786367133273743,7848.930177879295,872.1033530976995,5.017033127740983,4.057705444770122,2.0524130434782624,0
common,1h,PUMPUSDT,90,full,11,11,0,0.6363636363636364,14.596758991374937,14.908288251033621,1.3269780901249943,9449.237813177,859.0216193797272,4.55608680379846,3.4599634650914206,2.0524130434782624,0
common,1h,PUMPUSDT,120,earlier,2,2,0,0.5,2.189028571428569,2.227272727272725,1.0945142857142844,1600.307635297705,800.1538176488525,3.1546713572412832,2.255856431229387,1.0159454545454554,0
common,1h,PUMPUSDT,120,later,9,9,0,0.6666666666666666,10.962834819739456,11.248403691149075,1.2180927577488285,6698.508056595279,744.2786729550311,4.5492446365574795,3.6095358338404755,2.0524130434782624,0
common,1h,PUMPUSDT,120,full,11,11,0,0.6363636363636364,13.151863391168025,13.475676418421799,1.1956239446516386,8298.815691892984,754.4377901720894,4.204078924528935,3.1604687922147137,2.0524130434782624,0
common,1h,PUMPUSDT,150,earlier,2,2,0,0.5,2.189028571428569,2.227272727272725,1.0945142857142844,1600.307635297705,800.1538176488525,3.1546713572412832,2.255856431229387,1.0159454545454554,0
common,1h,PUMPUSDT,150,later,7,7,0,0.5714285714285714,8.265100700577852,8.484011367055256,1.1807286715111218,5020.456263583665,717.2080376548092,3.675846604868446,2.955817685275645,2.0524130434782624,0
common,1h,PUMPUSDT,150,full,9,9,0,0.5555555555555556,10.454129272006423,10.711284094327983,1.1615699191118247,6620.7638988813715,735.6404332090411,3.5468524328826687,2.723613864340712,2.0524130434782624,0
common,1h,PUMPUSDT,200,earlier,2,2,0,0.5,-0.3658223776223799,-0.31794871794872026,-0.18291118881118995,-867.0353367879069,-433.51766839395344,0.639919273238884,0.31958588474417443,1.0159454545454554,0
common,1h,PUMPUSDT,200,later,7,7,0,0.5714285714285714,8.331472850649995,8.540432723476606,1.1902104072357136,5415.692395185356,773.6703421693367,3.697334751094656,3.1097897100204106,2.0524130434782624,0
common,1h,PUMPUSDT,200,full,9,9,0,0.5555555555555556,7.965650473027616,8.222484005527885,0.8850722747808463,4548.657058397449,505.4063398219388,2.940605071820553,2.1841727766957124,2.0524130434782624,0
common,1h,SOLUSDT,0,earlier,21,21,0,0.38095238095238093,-5.761175618219697,-4.47870517067007,-0.27434169610569986,-1835.8558042296158,-87.42170496331504,0.5830429373580587,0.6082819398980931,6.855636954854785,0
common,1h,SOLUSDT,0,later,12,11,1,0.36363636363636365,0.12051214920551279,0.8902754837419491,0.01095564992777389,-740.2545206461631,-67.29586551328755,1.0167583976229186,0.6709542132852403,3.160526806160707,0
common,1h,SOLUSDT,0,full,34,33,1,0.3939393939393939,2.5856349603052022,4.746648847103311,0.0783525745547031,-1063.64654280907,-32.231713418456664,1.1230765866605592,0.8466567592129823,6.855636954854785,0
common,1h,SOLUSDT,20,earlier,21,21,0,0.38095238095238093,-5.761175618219697,-4.47870517067007,-0.27434169610569986,-1835.8558042296158,-87.42170496331504,0.5830429373580587,0.6082819398980931,6.855636954854785,0
common,1h,SOLUSDT,20,later,12,11,1,0.36363636363636365,0.12051214920551279,0.8902754837419491,0.01095564992777389,-740.2545206461631,-67.29586551328755,1.0167583976229186,0.6709542132852403,3.160526806160707,0
common,1h,SOLUSDT,20,full,34,33,1,0.3939393939393939,2.5856349603052022,4.746648847103311,0.0783525745547031,-1063.64654280907,-32.231713418456664,1.1230765866605592,0.8466567592129823,6.855636954854785,0
common,1h,SOLUSDT,30,earlier,21,21,0,0.38095238095238093,-5.761175618219697,-4.47870517067007,-0.27434169610569986,-1835.8558042296158,-87.42170496331504,0.5830429373580587,0.6082819398980931,6.855636954854785,0
common,1h,SOLUSDT,30,later,12,11,1,0.36363636363636365,0.12051214920551279,0.8902754837419491,0.01095564992777389,-740.2545206461631,-67.29586551328755,1.0167583976229186,0.6709542132852403,3.160526806160707,0
common,1h,SOLUSDT,30,full,34,33,1,0.3939393939393939,2.5856349603052022,4.746648847103311,0.0783525745547031,-1063.64654280907,-32.231713418456664,1.1230765866605592,0.8466567592129823,6.855636954854785,0
common,1h,SOLUSDT,50,earlier,20,20,0,0.4,-4.714262726233637,-3.4787051706700707,-0.23571313631168186,-1389.5337602605134,-69.47668801302568,0.6308410459399393,0.6723071635547943,5.808724062868724,0
common,1h,SOLUSDT,50,later,12,11,1,0.36363636363636365,0.12051214920551279,0.8902754837419491,0.01095564992777389,-740.2545206461631,-67.29586551328755,1.0167583976229186,0.6709542132852403,3.160526806160707,0
common,1h,SOLUSDT,50,full,33,32,1,0.40625,3.632547852291263,5.746648847103309,0.11351712038410197,-617.324498839968,-19.291390588749,1.1819783507449824,0.9048814695489199,5.808724062868724,0
common,1h,SOLUSDT,60,earlier,20,20,0,0.35,-5.853176298201866,-4.6334068895780565,-0.2926588149100933,-2044.1889347903737,-102.20944673951867,0.5759812210329761,0.5787417011293048,6.842495066586195,0
common,1h,SOLUSDT,60,later,12,11,1,0.36363636363636365,0.12051214920551279,0.8902754837419491,0.01095564992777389,-740.2545206461631,-67.29586551328755,1.0167583976229186,0.6709542132852403,3.160526806160707,0
common,1h,SOLUSDT,60,full,33,32,1,0.375,2.493634280323035,4.591947128195322,0.07792607126009485,-1271.9796733698279,-39.74936479280712,1.1187716396724288,0.8209054222272749,6.842495066586195,0
common,1h,SOLUSDT,90,earlier,17,17,0,0.35294117647058826,-5.23713878245119,-4.226194465255855,-0.3080669872030112,-1737.8578563302601,-102.22693272530942,0.5513061738207083,0.5813539225832883,6.8595176691568716,0
common,1h,SOLUSDT,90,later,10,9,1,0.3333333333333333,1.155327474876009,1.7868272078798781,0.12836971943066766,-524.8802317270901,-58.32002574745445,1.1893991576108403,0.7389143553017824,3.0839567156294923,0
common,1h,SOLUSDT,90,full,28,27,1,0.37037037037037035,4.144487121744209,5.895711276655455,0.1534995230275633,-750.2743059906418,-27.78793725891266,1.2332041583464268,0.8782321550172267,6.8595176691568716,0
common,1h,SOLUSDT,120,earlier,16,16,0,0.375,-4.203367778733718,-3.2261944652558547,-0.26271048617085735,-1125.6338239230581,-70.35211399519113,0.6048795829205734,0.6819268085457578,5.825746665439399,0
common,1h,SOLUSDT,120,later,8,8,0,0.375,2.2169633972061056,2.786827207879878,0.2771204246507632,-180.39413264856924,-22.549266581071155,1.4400199199119215,0.8917130317609736,2.1257114804902106,0
common,1h,SOLUSDT,120,full,25,25,0,0.4,6.2398940477917755,7.895711276655453,0.24959576191167102,206.435825495081,8.25743301980324,1.3980407823579144,1.0396625545878764,5.825746665439399,0
common,1h,SOLUSDT,150,earlier,14,14,0,0.35714285714285715,-3.5530689431639404,-2.6587064821754645,-0.2537906387974243,-1341.7343054984901,-95.83816467846357,0.6287300553253856,0.5840169729629664,5.150891031349415,0
common,1h,SOLUSDT,150,later,7,7,0,0.2857142857142857,-3.3263699361272656,-2.910142489089858,-0.47519570516103793,-902.0114896505421,-128.85878423579175,0.3397865590669158,0.45854065153376833,3.3263699361272656,0
common,1h,SOLUSDT,150,full,22,22,0,0.36363636363636365,1.3468595500281828,2.7662295627661075,0.061220888637644674,-731.2820130823242,-33.24009150374201,1.0921978170456546,0.850494668168617,5.150891031349415,0
common,1h,SOLUSDT,200,earlier,13,13,0,0.23076923076923078,-6.977265429398207,-6.1215534830468,-0.5367127253383236,-2046.7801412512504,-157.44462625009618,0.2748234621436863,0.3093524401582457,6.977265429398207,0
common,1h,SOLUSDT,200,later,6,6,0,0.3333333333333333,-2.5558526428941852,-2.1808191808191832,-0.4259754404823642,-527.919352686244,-87.98655878104066,0.401132203713434,0.5913296211936652,2.5558526428941852,0
common,1h,SOLUSDT,200,full,20,20,0,0.3,-1.306819642973002,0.032705870165447015,-0.0653409821486501,-1062.2357118707855,-53.111785593539274,0.9059116307420166,0.7503772501277184,6.977265429398207,0
common,1h,UNIUSDT,0,earlier,19,19,0,0.42105263157894735,6.319761144231019,7.334172374141266,0.33261900759110624,2570.5364882115678,135.2913941163983,1.5716225765658136,1.5624034034742713,6.462202551096114,0
common,1h,UNIUSDT,0,later,15,14,1,0.35714285714285715,1.0730199283604385,2.0155672986453554,0.07664428059717418,1824.4541277617302,130.31815198298074,1.110586775701203,1.6611445015681918,2.2064821654439646,0
common,1h,UNIUSDT,0,full,35,34,1,0.4117647058823529,8.486308345318735,10.513376036422986,0.24959730427408044,4706.940823442177,138.43943598359346,1.4088054156090195,1.642132849929001,6.462202551096114,0
common,1h,UNIUSDT,20,earlier,19,19,0,0.42105263157894735,6.319761144231019,7.334172374141266,0.33261900759110624,2570.5364882115678,135.2913941163983,1.5716225765658136,1.5624034034742713,6.462202551096114,0
common,1h,UNIUSDT,20,later,15,14,1,0.35714285714285715,1.0730199283604385,2.0155672986453554,0.07664428059717418,1824.4541277617302,130.31815198298074,1.110586775701203,1.6611445015681918,2.2064821654439646,0
common,1h,UNIUSDT,20,full,35,34,1,0.4117647058823529,8.486308345318735,10.513376036422986,0.24959730427408044,4706.940823442177,138.43943598359346,1.4088054156090195,1.642132849929001,6.462202551096114,0
common,1h,UNIUSDT,30,earlier,19,19,0,0.42105263157894735,6.319761144231019,7.334172374141266,0.33261900759110624,2570.5364882115678,135.2913941163983,1.5716225765658136,1.5624034034742713,6.462202551096114,0
common,1h,UNIUSDT,30,later,15,14,1,0.35714285714285715,1.0730199283604385,2.0155672986453554,0.07664428059717418,1824.4541277617302,130.31815198298074,1.110586775701203,1.6611445015681918,2.2064821654439646,0
common,1h,UNIUSDT,30,full,35,34,1,0.4117647058823529,8.486308345318735,10.513376036422986,0.24959730427408044,4706.940823442177,138.43943598359346,1.4088054156090195,1.642132849929001,6.462202551096114,0
common,1h,UNIUSDT,50,earlier,19,19,0,0.42105263157894735,5.154315461907261,6.162362456256297,0.2712797611530138,2124.320434111949,111.806338637471,1.4662079812079585,1.4647765350515307,6.462202551096114,0
common,1h,UNIUSDT,50,later,14,13,1,0.3076923076923077,1.2530543176122604,2.1118101412212473,0.09638879366248157,1409.3974320828893,108.41518708329917,1.1432498168533107,1.539126584759007,2.286839556356034,0
common,1h,UNIUSDT,50,full,34,33,1,0.3939393939393939,7.500897052246797,9.437808961113912,0.22729991067414537,3845.668073663719,116.53539617162784,1.3787726437305525,1.5352467301438888,6.462202551096114,0
common,1h,UNIUSDT,60,earlier,18,18,0,0.4444444444444444,6.2622932396850395,7.162362456256297,0.3479051799825022,2329.543731086634,129.41909617147965,1.6295121877575425,1.533637573495198,6.462202551096114,0
common,1h,UNIUSDT,60,later,14,13,1,0.38461538461538464,2.2157427556986944,3.015567298645353,0.1704417504383611,1942.851705098508,149.4501311614237,1.2588410439126023,1.7356105913615407,2.1729411562875285,0
common,1h,UNIUSDT,60,full,33,32,1,0.4375,9.57156326811101,11.341566118538015,0.29911135212846907,4584.345643654023,143.2608013641882,1.5171554886313239,1.654294679286991,6.462202551096114,0
common,1h,UNIUSDT,90,earlier,14,14,0,0.5,4.299681216637881,4.988258602916463,0.30712008690270576,1856.094143377349,132.57815309838207,1.5844760621232574,1.564219188496747,4.2200862868143005,0
common,1h,UNIUSDT,90,later,13,12,1,0.4166666666666667,3.2894898821354763,4.015567298645354,0.27412415684462305,2234.048712579805,186.17072604831708,1.439389676097284,1.9506814574951825,2.141688877365829,0
common,1h,UNIUSDT,90,full,27,26,1,0.46153846153846156,7.589171098773356,9.003825901561816,0.2918911961066675,4090.1428559571546,157.31318676758286,1.5112973787460586,1.725252380066181,4.2200862868143005,0
common,1h,UNIUSDT,120,earlier,11,11,0,0.45454545454545453,6.050610726984683,6.605046836699458,0.5500555206349712,2150.1619663905253,195.46926967186593,1.961076314570622,1.7311548340842258,4.2200862868143005,0
common,1h,UNIUSDT,120,later,13,12,1,0.3333333333333333,2.3603424532054778,3.1118101412212447,0.19669520443378982,1615.8113341366013,134.65094451138344,1.3089434011252614,1.6710710347845816,2.286839556356034,0
common,1h,UNIUSDT,120,full,24,23,1,0.391304347826087,8.410953180190159,9.716856977920703,0.3656936165300069,3765.9733005271264,163.7379695881359,1.6035540113979203,1.7041064917261364,4.2200862868143005,0
common,1h,UNIUSDT,150,earlier,10,10,0,0.4,3.7526888519846775,4.222234336699453,0.37526888519846774,1608.7778323945731,160.87778323945733,1.5960754268177897,1.547059108806315,4.2200862868143005,0
common,1h,UNIUSDT,150,later,10,9,1,0.3333333333333333,1.852227426315255,2.3870394990194117,0.20580304736836166,1462.2955174029028,162.47727971143362,1.3371241448077396,1.8071417439776898,2.2846870441770806,0
common,1h,UNIUSDT,150,full,20,19,1,0.3684210526315789,5.6049162782999336,6.609273835718866,0.2949955935947333,3071.0733497974757,161.63543946302505,1.4754013912096082,1.6462055664396298,4.2200862868143005,0
common,1h,UNIUSDT,200,earlier,9,9,0,0.4444444444444444,5.990383290527344,6.394044254584424,0.6655981433919271,2351.815260960518,261.3128067733909,2.146833323685815,1.8895069510350908,3.1478375305953916,0
common,1h,UNIUSDT,200,later,10,9,1,0.3333333333333333,1.852227426315255,2.3870394990194117,0.20580304736836166,1462.2955174029028,162.47727971143362,1.3371241448077396,1.8071417439776898,2.2846870441770806,0
common,1h,UNIUSDT,200,full,19,18,1,0.3888888888888889,7.8426107168426,8.781083753603838,0.43570059538014444,3814.11077836342,211.89504324241224,1.7317498156357012,1.8560167247749728,3.1478375305953916,0
common,1h,USELESSUSDT,0,earlier,0,0,0,,0.0,0.0,,0.0,,,,0.0,0
common,1h,USELESSUSDT,0,later,17,17,0,0.23529411764705882,-4.057512168001009,-3.569854790696197,-0.2386771863530005,-3088.9123732076496,-181.7007278357441,0.6877306132539363,0.7074983266338228,6.6196337624086095,0
common,1h,USELESSUSDT,0,full,17,17,0,0.23529411764705882,-4.057512168001009,-3.569854790696197,-0.2386771863530005,-3088.9123732076496,-181.7007278357441,0.6877306132539363,0.7074983266338228,6.6196337624086095,0
common,1h,USELESSUSDT,20,earlier,0,0,0,,0.0,0.0,,0.0,,,,0.0,0
common,1h,USELESSUSDT,20,later,16,16,0,0.25,-2.9949684786806205,-2.5698547906961977,-0.18718552991753878,-2749.1359062719166,-171.8209941419948,0.7489776734174841,0.7310187189105964,5.557090073088222,0
common,1h,USELESSUSDT,20,full,16,16,0,0.25,-2.9949684786806205,-2.5698547906961977,-0.18718552991753878,-2749.1359062719166,-171.8209941419948,0.7489776734174841,0.7310187189105964,5.557090073088222,0
common,1h,USELESSUSDT,30,earlier,0,0,0,,0.0,0.0,,0.0,,,,0.0,0
common,1h,USELESSUSDT,30,later,17,17,0,0.23529411764705882,-4.057512168001009,-3.569854790696197,-0.2386771863530005,-3088.9123732076496,-181.7007278357441,0.6877306132539363,0.7074983266338228,6.6196337624086095,0
common,1h,USELESSUSDT,30,full,17,17,0,0.23529411764705882,-4.057512168001009,-3.569854790696197,-0.2386771863530005,-3088.9123732076496,-181.7007278357441,0.6877306132539363,0.7074983266338228,6.6196337624086095,0
common,1h,USELESSUSDT,50,earlier,0,0,0,,0.0,0.0,,0.0,,,,0.0,0
common,1h,USELESSUSDT,50,later,17,17,0,0.23529411764705882,-4.057512168001009,-3.569854790696197,-0.2386771863530005,-3088.9123732076496,-181.7007278357441,0.6877306132539363,0.7074983266338228,6.6196337624086095,0
common,1h,USELESSUSDT,50,full,17,17,0,0.23529411764705882,-4.057512168001009,-3.569854790696197,-0.2386771863530005,-3088.9123732076496,-181.7007278357441,0.6877306132539363,0.7074983266338228,6.6196337624086095,0
common,1h,USELESSUSDT,60,earlier,0,0,0,,0.0,0.0,,0.0,,,,0.0,0
common,1h,USELESSUSDT,60,later,16,16,0,0.25,-3.013253100643496,-2.5698547906961977,-0.1883283187902185,-2617.0275687122175,-163.5642230445136,0.7478316067101278,0.7405914256531254,5.575374695051098,0
common,1h,USELESSUSDT,60,full,16,16,0,0.25,-3.013253100643496,-2.5698547906961977,-0.1883283187902185,-2617.0275687122175,-163.5642230445136,0.7478316067101278,0.7405914256531254,5.575374695051098,0
common,1h,USELESSUSDT,90,earlier,0,0,0,,0.0,0.0,,0.0,,,,0.0,0
common,1h,USELESSUSDT,90,later,12,12,0,0.25,-2.0101974445882633,-1.7004968744276119,-0.1675164537156886,-3658.7719711465834,-304.8976642622153,0.7723364307819865,0.5545963604245993,5.85894652026386,0
common,1h,USELESSUSDT,90,full,12,12,0,0.25,-2.0101974445882633,-1.7004968744276119,-0.1675164537156886,-3658.7719711465834,-304.8976642622153,0.7723364307819865,0.5545963604245993,5.85894652026386,0
common,1h,USELESSUSDT,120,earlier,0,0,0,,0.0,0.0,,0.0,,,,0.0,0
common,1h,USELESSUSDT,120,later,12,12,0,0.16666666666666666,-5.188890290772794,-4.84559604983296,-0.43240752423106615,-5438.8469864077815,-453.2372488673151,0.4793378329852818,0.3335480345051206,6.5984189767427095,0
common,1h,USELESSUSDT,120,full,12,12,0,0.16666666666666666,-5.188890290772794,-4.84559604983296,-0.43240752423106615,-5438.8469864077815,-453.2372488673151,0.4793378329852818,0.3335480345051206,6.5984189767427095,0
common,1h,USELESSUSDT,150,earlier,0,0,0,,0.0,0.0,,0.0,,,,0.0,0
common,1h,USELESSUSDT,150,later,12,12,0,0.16666666666666666,-5.18980460227028,-4.84559604983296,-0.4324837168558567,-5357.4930710919525,-446.4577559243293,0.47929386084746534,0.33690657007089764,6.5984189767427095,0
common,1h,USELESSUSDT,150,full,12,12,0,0.16666666666666666,-5.18980460227028,-4.84559604983296,-0.4324837168558567,-5357.4930710919525,-446.4577559243293,0.47929386084746534,0.33690657007089764,6.5984189767427095,0
common,1h,USELESSUSDT,200,earlier,0,0,0,,0.0,0.0,,0.0,,,,0.0,0
common,1h,USELESSUSDT,200,later,11,11,0,0.18181818181818182,-4.170020095418393,-3.84559604983296,-0.37909273594712667,-4200.754272343081,-381.8867520311891,0.5339236128334685,0.39320063656723053,6.598418976742709,0
common,1h,USELESSUSDT,200,full,11,11,0,0.18181818181818182,-4.170020095418393,-3.84559604983296,-0.37909273594712667,-4200.754272343081,-381.8867520311891,0.5339236128334685,0.39320063656723053,6.598418976742709,0
common,1h,WIFUSDT,0,earlier,21,21,0,0.2857142857142857,-6.735202130653992,-5.867559835990826,-0.32072391098352343,-3812.109173453802,-181.52900825970485,0.5041349937974723,0.4893949417080742,9.611300442619145,0
common,1h,WIFUSDT,0,later,7,7,0,0.2857142857142857,4.750059414449759,5.04417171654184,0.6785799163499656,1643.7592835286962,234.82275478981376,1.9944981124018692,1.648827506058891,2.071007082554251,0
common,1h,WIFUSDT,0,full,29,29,0,0.3103448275862069,0.16091079550145015,1.3806252584774317,0.00554864812073966,-1427.8190186036993,-49.23513857254136,1.0087646477508316,0.857208056728366,9.611300442619145,0
common,1h,WIFUSDT,20,earlier,21,21,0,0.2857142857142857,-6.735202130653992,-5.867559835990826,-0.32072391098352343,-3812.109173453802,-181.52900825970485,0.5041349937974723,0.4893949417080742,9.611300442619145,0
common,1h,WIFUSDT,20,later,7,7,0,0.2857142857142857,4.750059414449759,5.04417171654184,0.6785799163499656,1643.7592835286962,234.82275478981376,1.9944981124018692,1.648827506058891,2.071007082554251,0
common,1h,WIFUSDT,20,full,29,29,0,0.3103448275862069,0.16091079550145015,1.3806252584774317,0.00554864812073966,-1427.8190186036993,-49.23513857254136,1.0087646477508316,0.857208056728366,9.611300442619145,0
common,1h,WIFUSDT,30,earlier,21,21,0,0.2857142857142857,-6.735202130653992,-5.867559835990826,-0.32072391098352343,-3812.109173453802,-181.52900825970485,0.5041349937974723,0.4893949417080742,9.611300442619145,0
common,1h,WIFUSDT,30,later,7,7,0,0.2857142857142857,4.750059414449759,5.04417171654184,0.6785799163499656,1643.7592835286962,234.82275478981376,1.9944981124018692,1.648827506058891,2.071007082554251,0
common,1h,WIFUSDT,30,full,29,29,0,0.3103448275862069,0.16091079550145015,1.3806252584774317,0.00554864812073966,-1427.8190186036993,-49.23513857254136,1.0087646477508316,0.857208056728366,9.611300442619145,0
common,1h,WIFUSDT,50,earlier,19,19,0,0.3157894736842105,-5.242524676679979,-4.435177472152368,-0.27592235140420945,-2860.630935608989,-150.5595229267889,0.5663771330199822,0.5608749674057216,8.118622988645134,0
common,1h,WIFUSDT,50,later,7,7,0,0.2857142857142857,4.750059414449759,5.04417171654184,0.6785799163499656,1643.7592835286962,234.82275478981376,1.9944981124018692,1.648827506058891,2.071007082554251,0
common,1h,WIFUSDT,50,full,27,27,0,0.3333333333333333,1.6535882494754628,2.8130076223158893,0.061244009239831955,-476.34078075888556,-17.642251139217983,1.0980404131631096,0.9473529692792093,8.118622988645134,0
common,1h,WIFUSDT,60,earlier,19,19,0,0.3157894736842105,-4.644732327983075,-3.8675598359908276,-0.2444595962096355,-2855.3851972743632,-150.2834314354928,0.5958383367904989,0.5613269783011172,8.574576304688112,0
common,1h,WIFUSDT,60,later,7,7,0,0.2857142857142857,4.750059414449759,5.04417171654184,0.6785799163499656,1643.7592835286962,234.82275478981376,1.9944981124018692,1.648827506058891,2.071007082554251,0
common,1h,WIFUSDT,60,full,27,27,0,0.3333333333333333,2.251380598172367,3.38062525847743,0.08338446659897655,-471.09504242425953,-17.447964534231833,1.1383880820168215,0.9479025435978284,8.574576304688112,0
common,1h,WIFUSDT,90,earlier,17,17,0,0.23529411764705882,-5.838061391403155,-5.195580892020114,-0.34341537596489147,-3504.634734331986,-206.15498437246976,0.5273945908854896,0.5023910306979242,8.382432979537894,0
common,1h,WIFUSDT,90,later,7,7,0,0.2857142857142857,4.750059414449759,5.04417171654184,0.6785799163499656,1643.7592835286962,234.82275478981376,1.9944981124018692,1.648827506058891,2.071007082554251,0
common,1h,WIFUSDT,90,full,25,25,0,0.28,1.0580515347522887,2.052604202448144,0.04232206139009155,-1120.3445794818817,-44.81378317927527,1.0617686369165906,0.8830095897988394,8.382432979537894,0
common,1h,WIFUSDT,120,earlier,12,12,0,0.3333333333333333,-0.6393331372418305,-0.19558089202011475,-0.053277761436819206,-716.6971605763306,-59.72476338136089,0.910635289949221,0.8315639981064956,5.071286061266629,0
common,1h,WIFUSDT,120,later,5,5,0,0.4,6.830944346684679,7.0441717165418405,1.3661888693369357,2767.4664686031115,553.4932937206223,3.5342469105744154,2.9631276370280935,1.652936842105265,0
common,1h,WIFUSDT,120,full,18,18,0,0.3888888888888889,8.337664721148531,9.052604202448146,0.46320359561936286,2791.300179348187,155.0722321860104,1.8464930896009433,1.4927503669420275,5.071286061266629,0
common,1h,WIFUSDT,150,earlier,13,13,0,0.3076923076923077,-1.704377341007595,-1.195580892020113,-0.13110594930827654,-942.4852513945792,-72.49886549189071,0.7926357946843916,0.7896613789673721,6.1363302650323925,0
common,1h,WIFUSDT,150,later,5,5,0,0.4,6.830944346684679,7.0441717165418405,1.3661888693369357,2767.4664686031115,553.4932937206223,3.5342469105744154,2.9631276370280935,1.652936842105265,0
common,1h,WIFUSDT,150,full,19,19,0,0.3684210526315789,7.272620517382767,8.052604202448146,0.38276950091488243,2565.512088529939,135.0269520278915,1.6663143451278668,1.4355321439737603,6.1363302650323925,0
common,1h,WIFUSDT,200,earlier,10,10,0,0.4,0.8362903758680742,1.2368014718183455,0.08362903758680743,445.74419368961225,44.57441936896123,1.1472710926540266,1.1441338893870499,3.5956625481567235,0
common,1h,WIFUSDT,200,later,6,6,0,0.3333333333333333,5.802453780646943,6.04417171654184,0.9670756301078239,2045.479713636224,340.91328560603733,2.558147463559744,1.9595488169585236,2.071007082554251,0
common,1h,WIFUSDT,200,full,16,16,0,0.375,6.638744156515018,7.2809731883601865,0.4149215097821886,2491.2239073258365,155.70149420786478,1.7060599551939553,1.476854951209647,3.5956625481567235,0
common,1h,XTZUSDT,0,earlier,18,18,0,0.2777777777777778,-1.9851363801939432,-0.9159671588147459,-0.11028535445521907,-1776.1994369716813,-98.67774649842674,0.8315923523575934,0.6398227705425454,4.992595393892362,0
common,1h,XTZUSDT,0,later,8,8,0,0.25,-1.7568038422061676,-1.232593885864926,-0.21960048027577095,-1291.9892143909374,-161.49865179886717,0.7066681117512226,0.40908746726750506,3.2135116842424845,0
common,1h,XTZUSDT,0,full,26,26,0,0.2692307692307692,-3.741940222400111,-2.1485610446796723,-0.14392077778461965,-3068.188651362618,-118.00725582163916,0.7895045099310047,0.5689468916992217,8.011000664788696,0
common,1h,XTZUSDT,20,earlier,18,18,0,0.2777777777777778,-1.9851363801939432,-0.9159671588147459,-0.11028535445521907,-1776.1994369716813,-98.67774649842674,0.8315923523575934,0.6398227705425454,4.992595393892362,0
common,1h,XTZUSDT,20,later,8,8,0,0.25,-1.7568038422061676,-1.232593885864926,-0.21960048027577095,-1291.9892143909374,-161.49865179886717,0.7066681117512226,0.40908746726750506,3.2135116842424845,0
common,1h,XTZUSDT,20,full,26,26,0,0.2692307692307692,-3.741940222400111,-2.1485610446796723,-0.14392077778461965,-3068.188651362618,-118.00725582163916,0.7895045099310047,0.5689468916992217,8.011000664788696,0
common,1h,XTZUSDT,30,earlier,18,18,0,0.2777777777777778,-1.9851363801939432,-0.9159671588147459,-0.11028535445521907,-1776.1994369716813,-98.67774649842674,0.8315923523575934,0.6398227705425454,4.992595393892362,0
common,1h,XTZUSDT,30,later,8,8,0,0.25,-1.7568038422061676,-1.232593885864926,-0.21960048027577095,-1291.9892143909374,-161.49865179886717,0.7066681117512226,0.40908746726750506,3.2135116842424845,0
common,1h,XTZUSDT,30,full,26,26,0,0.2692307692307692,-3.741940222400111,-2.1485610446796723,-0.14392077778461965,-3068.188651362618,-118.00725582163916,0.7895045099310047,0.5689468916992217,8.011000664788696,0
common,1h,XTZUSDT,50,earlier,18,18,0,0.2777777777777778,-2.7054099650996104,-1.6993004921480863,-0.15030055361664502,-2228.888247223545,-123.82712484575252,0.7837049230451316,0.5860277059328969,5.51776256545188,0
common,1h,XTZUSDT,50,later,8,8,0,0.25,-1.7568038422061676,-1.232593885864926,-0.21960048027577095,-1291.9892143909374,-161.49865179886717,0.7066681117512226,0.40908746726750506,3.2135116842424845,0
common,1h,XTZUSDT,50,full,26,26,0,0.2692307692307692,-4.462213807305778,-2.931894378013012,-0.17162360797329915,-3520.8774616144824,-135.41836390824932,0.7587613408751872,0.5349262580574465,8.731274249694364,0
common,1h,XTZUSDT,60,earlier,18,18,0,0.2222222222222222,-7.6135886384741776,-6.656390044386885,-0.4229771465818988,-4875.36435064842,-270.85357503602336,0.4369602974693401,0.2829605279852291,7.613588638474178,0
common,1h,XTZUSDT,60,later,7,7,0,0.14285714285714285,-4.63556772111024,-4.1809523809524,-0.6622239601586057,-1822.9612733115664,-260.4230390445095,0.2711312686481744,0.16655754280034185,5.3057179042604075,0
common,1h,XTZUSDT,60,full,25,25,0,0.2,-12.249156359584418,-10.837342425339283,-0.4899662543833767,-6698.325623959987,-267.93302495839947,0.3839147680534874,0.25462885227934645,12.249156359584418,0
common,1h,XTZUSDT,90,earlier,14,14,0,0.21428571428571427,-6.704599937877726,-5.948922561269609,-0.4788999955626947,-3969.424693364498,-283.5303352403213,0.36094786407451523,0.24630783979331927,6.704599937877726,0
common,1h,XTZUSDT,90,later,6,6,0,0.16666666666666666,-3.5843268451978307,-3.180952380952399,-0.5973878075329718,-1412.647882998176,-235.44131383302937,0.32482122168551153,0.20501706449530085,4.254477028347998,0
common,1h,XTZUSDT,90,full,20,20,0,0.2,-10.288926783075556,-9.12987494222201,-0.5144463391537778,-5382.072576362674,-269.1036288181337,0.3488096640018854,0.23589102591794456,10.288926783075556,0
common,1h,XTZUSDT,120,earlier,13,13,0,0.23076923076923078,-5.6115676798132075,-4.948922561269606,-0.43165905229332363,-3734.4454978027798,-287.2650382925215,0.4029258429261571,0.25781044881980136,5.6115676798132075,0
common,1h,XTZUSDT,120,later,6,6,0,0.16666666666666666,-3.5843268451978307,-3.180952380952399,-0.5973878075329718,-1412.647882998176,-235.44131383302937,0.32482122168551153,0.20501706449530085,4.254477028347998,0
common,1h,XTZUSDT,120,full,19,19,0,0.21052631578947367,-9.195894525011038,-8.129874942222006,-0.48399444868479147,-5147.093380800956,-270.8996516211029,0.37473312186045427,0.2440321080205519,9.195894525011038,0
common,1h,XTZUSDT,150,earlier,11,11,0,0.18181818181818182,-4.602882670950463,-4.017546415900615,-0.41844387917731485,-3018.1859223482475,-274.3805383952952,0.41325373801779386,0.2752419419484805,4.8389729363903005,0
common,1h,XTZUSDT,150,later,6,6,0,0.16666666666666666,-3.5843268451978307,-3.180952380952399,-0.5973878075329718,-1412.647882998176,-235.44131383302937,0.32482122168551153,0.20501706449530085,4.254477028347998,0
common,1h,XTZUSDT,150,full,17,17,0,0.17647058823529413,-8.187209516148293,-7.198498796853013,-0.481600559773429,-4430.833805346423,-260.63728266743664,0.37756258393398917,0.2542389411872303,8.187209516148293,0
common,1h,XTZUSDT,200,earlier,10,10,0,0.2,-3.6010392209204563,-3.017546415900615,-0.3601039220920456,-1540.5427396307678,-154.05427396307678,0.47375654322428795,0.4266172553775189,3.8246375465978164,0
common,1h,XTZUSDT,200,later,6,6,0,0.16666666666666666,-3.5843268451978307,-3.180952380952399,-0.5973878075329718,-1412.647882998176,-235.44131383302937,0.32482122168551153,0.20501706449530085,4.254477028347998,0
common,1h,XTZUSDT,200,full,16,16,0,0.1875,-7.185366066118288,-6.198498796853014,-0.449085379132393,-2953.190622628944,-184.574413914309,0.4086908216482606,0.3384007686266312,7.185366066118286,0
common,1h,ZECUSDT,0,earlier,14,14,0,0.5714285714285714,17.826299010986936,18.63429511610956,1.2733070722133526,6492.1976332802715,463.7284023771622,4.549394766912973,4.800305143375841,1.4756398533950583,0
common,1h,ZECUSDT,0,later,9,9,0,0.4444444444444444,-0.02721149670257561,0.33451369475196824,-0.003023499633619512,-853.458594064019,-94.82873267377991,0.9947361209486079,0.7311326832101318,3.0886835444116545,0
common,1h,ZECUSDT,0,full,23,23,0,0.5217391304347826,17.799087514284366,18.968808810861525,0.7738733701862768,5638.7390392162515,245.16256692244573,2.746408277535684,2.15486162431928,3.088683544411653,0
common,1h,ZECUSDT,20,earlier,14,14,0,0.5714285714285714,17.826299010986936,18.63429511610956,1.2733070722133526,6492.1976332802715,463.7284023771622,4.549394766912973,4.800305143375841,1.4756398533950583,0
common,1h,ZECUSDT,20,later,9,9,0,0.4444444444444444,-0.02721149670257561,0.33451369475196824,-0.003023499633619512,-853.458594064019,-94.82873267377991,0.9947361209486079,0.7311326832101318,3.0886835444116545,0
common,1h,ZECUSDT,20,full,23,23,0,0.5217391304347826,17.799087514284366,18.968808810861525,0.7738733701862768,5638.7390392162515,245.16256692244573,2.746408277535684,2.15486162431928,3.088683544411653,0
common,1h,ZECUSDT,30,earlier,14,14,0,0.5714285714285714,17.826299010986936,18.63429511610956,1.2733070722133526,6492.1976332802715,463.7284023771622,4.549394766912973,4.800305143375841,1.4756398533950583,0
common,1h,ZECUSDT,30,later,9,9,0,0.4444444444444444,-0.02721149670257561,0.33451369475196824,-0.003023499633619512,-853.458594064019,-94.82873267377991,0.9947361209486079,0.7311326832101318,3.0886835444116545,0
common,1h,ZECUSDT,30,full,23,23,0,0.5217391304347826,17.799087514284366,18.968808810861525,0.7738733701862768,5638.7390392162515,245.16256692244573,2.746408277535684,2.15486162431928,3.088683544411653,0
common,1h,ZECUSDT,50,earlier,14,14,0,0.5714285714285714,17.826299010986936,18.63429511610956,1.2733070722133526,6492.1976332802715,463.7284023771622,4.549394766912973,4.800305143375841,1.4756398533950583,0
common,1h,ZECUSDT,50,later,9,9,0,0.4444444444444444,-0.02721149670257561,0.33451369475196824,-0.003023499633619512,-853.458594064019,-94.82873267377991,0.9947361209486079,0.7311326832101318,3.0886835444116545,0
common,1h,ZECUSDT,50,full,23,23,0,0.5217391304347826,17.799087514284366,18.968808810861525,0.7738733701862768,5638.7390392162515,245.16256692244573,2.746408277535684,2.15486162431928,3.088683544411653,0
common,1h,ZECUSDT,60,earlier,14,14,0,0.5714285714285714,17.826299010986936,18.63429511610956,1.2733070722133526,6492.1976332802715,463.7284023771622,4.549394766912973,4.800305143375841,1.4756398533950583,0
common,1h,ZECUSDT,60,later,9,9,0,0.3333333333333333,-2.3562809714759085,-2.015486305248037,-0.2618089968306565,-1863.520908434281,-207.0578787149201,0.6203419623198299,0.5013374884679632,3.0886835444116545,0
common,1h,ZECUSDT,60,full,23,23,0,0.4782608695652174,15.470018039511032,16.61880881086152,0.6726094799787405,4628.676724845989,201.24681412373866,2.3777244631421213,1.8500199553764036,3.088683544411653,0
common,1h,ZECUSDT,90,earlier,13,13,0,0.5384615384615384,15.792921915865765,16.501942174933088,1.2148401473742896,5459.97009163974,419.99769935690307,4.176800815602228,3.91779526886832,1.4756398533950583,0
common,1h,ZECUSDT,90,later,7,7,0,0.2857142857142857,3.1918085115866215,3.4318380193799287,0.4559726445123745,1767.3293213554068,252.47561733648666,1.618298955039988,1.541569262809843,3.0886835444116545,0
common,1h,ZECUSDT,90,full,20,20,0,0.45,18.984730427452387,19.933780194313012,0.9492365213726194,7227.299412995148,361.36497064975737,2.873449297158286,2.4075642256771395,3.088683544411655,0
common,1h,ZECUSDT,120,earlier,13,13,0,0.46153846153846156,12.347743246462334,13.107874378322926,0.9498264035740257,3738.706035789336,287.59277198379505,3.0381061087843695,2.637993014199101,2.6499959826181234,0
common,1h,ZECUSDT,120,later,6,6,0,0.5,0.19860386727579216,0.4460926421203911,0.03310064454596536,-855.9437339460999,-142.65728899101666,1.0642707683728199,0.595051373774003,2.05340240562162,0
common,1h,ZECUSDT,120,full,19,19,0,0.47368421052631576,12.546347113738129,13.553967020443316,0.6603340586177963,2882.7623018432346,151.72433167595972,2.3714025397132446,1.6557393484504463,2.6499959826181234,0
common,1h,ZECUSDT,150,earlier,9,9,0,0.5555555555555556,14.010788173384608,14.588856323659403,1.5567542414871787,4463.909048710225,495.98989430113613,4.957789536478388,4.755752733656256,2.462590909090908,0
common,1h,ZECUSDT,150,later,6,6,0,0.5,0.19860386727579216,0.4460926421203911,0.03310064454596536,-855.9437339460999,-142.65728899101666,1.0642707683728199,0.595051373774003,2.05340240562162,0
common,1h,ZECUSDT,150,full,15,15,0,0.5333333333333333,14.2093920406604,15.034948965779796,0.9472928027106934,3607.9653147641243,240.53102098427496,3.143142794967945,2.092573954993249,2.462590909090908,0
common,1h,ZECUSDT,200,earlier,9,9,0,0.5555555555555556,14.010788173384608,14.588856323659403,1.5567542414871787,4463.909048710225,495.98989430113613,4.957789536478388,4.755752733656256,2.462590909090908,0
common,1h,ZECUSDT,200,later,6,6,0,0.5,0.19860386727579216,0.4460926421203911,0.03310064454596536,-855.9437339460999,-142.65728899101666,1.0642707683728199,0.595051373774003,2.05340240562162,0
common,1h,ZECUSDT,200,full,15,15,0,0.5333333333333333,14.2093920406604,15.034948965779796,0.9472928027106934,3607.9653147641243,240.53102098427496,3.143142794967945,2.092573954993249,2.462590909090908,0
common,1h,ZENUSDT,0,earlier,18,18,0,0.3888888888888889,19.208817168998106,20.158357393781067,1.0671565093887836,16029.879029784866,890.548834988048,2.7066073469808996,4.430743323211192,5.9792253359729735,1
common,1h,ZENUSDT,0,later,10,10,0,0.3,-3.285685187663778,-2.785493028174944,-0.32856851876637777,-1850.532247565766,-185.0532247565766,0.5505478030389734,0.4987694456834742,5.209875392519017,0
common,1h,ZENUSDT,0,full,28,28,0,0.35714285714285715,15.923131981334327,17.372864365606127,0.5686832850476545,14179.346782219096,506.40524222211053,1.857651062083296,2.695201965204046,6.036332336615141,1
common,1h,ZENUSDT,20,earlier,18,18,0,0.3888888888888889,19.208817168998106,20.158357393781067,1.0671565093887836,16029.879029784866,890.548834988048,2.7066073469808996,4.430743323211192,5.9792253359729735,1
common,1h,ZENUSDT,20,later,9,9,0,0.3333333333333333,-2.244639386137059,-1.7854930281749424,-0.24940437623745101,-1343.2716933533793,-149.2524103725977,0.6419676619018193,0.5782132453154815,4.168829590992298,0
common,1h,ZENUSDT,20,full,27,27,0,0.37037037037037035,16.964177782861046,18.372864365606127,0.6283028808467054,14686.607336431483,543.9484198678327,1.968002398030859,2.869205456803826,5.9792253359729735,1
common,1h,ZENUSDT,30,earlier,18,18,0,0.3888888888888889,19.208817168998106,20.158357393781067,1.0671565093887836,16029.879029784866,890.548834988048,2.7066073469808996,4.430743323211192,5.9792253359729735,1
common,1h,ZENUSDT,30,later,10,10,0,0.3,-3.285685187663778,-2.785493028174944,-0.32856851876637777,-1850.532247565766,-185.0532247565766,0.5505478030389734,0.4987694456834742,5.209875392519017,0
common,1h,ZENUSDT,30,full,28,28,0,0.35714285714285715,15.923131981334327,17.372864365606127,0.5686832850476545,14179.346782219096,506.40524222211053,1.857651062083296,2.695201965204046,6.036332336615141,1
common,1h,ZENUSDT,50,earlier,16,16,0,0.4375,20.977443981583605,21.82502406044774,1.3110902488489753,16750.03745015292,1046.8773406345574,3.211193969292555,5.238087624306362,4.210598523387475,1
common,1h,ZENUSDT,50,later,10,10,0,0.3,-3.285685187663778,-2.785493028174944,-0.32856851876637777,-1850.532247565766,-185.0532247565766,0.5505478030389734,0.4987694456834742,5.209875392519017,0
common,1h,ZENUSDT,50,full,26,26,0,0.38461538461538464,17.69175879391983,19.03953103227279,0.6804522613046089,14899.505202587154,573.0578924071982,2.053246853314001,2.949114985852158,5.209875392519017,1
common,1h,ZENUSDT,60,earlier,17,17,0,0.4117647058823529,20.232761355044616,21.158357393781067,1.1901624326496834,16885.1548650607,993.2444038270999,2.977475172479062,5.423502830348042,5.9792253359729735,1
common,1h,ZENUSDT,60,later,10,10,0,0.3,-3.285685187663778,-2.785493028174944,-0.32856851876637777,-1850.532247565766,-185.0532247565766,0.5505478030389734,0.4987694456834742,5.209875392519017,0
common,1h,ZENUSDT,60,full,27,27,0,0.37037037037037035,16.94707616738084,18.372864365606127,0.6276694876807718,15034.622617494933,556.8378747220346,1.9660838053592018,3.0021806698356683,6.036332336615139,1
common,1h,ZENUSDT,90,earlier,15,15,0,0.3333333333333333,7.424966795202968,8.197887418278915,0.49499778634686453,11177.52294008725,745.1681960058166,1.70474075721947,3.6008690550914872,5.255319453620036,0
common,1h,ZENUSDT,90,later,8,8,0,0.25,-2.3625752149075483,-2.0039804231329237,-0.29532190186344354,-1366.2779381106502,-170.78474226383128,0.6231584521322787,0.5709305940661525,4.168866260098924,0
common,1h,ZENUSDT,90,full,23,23,0,0.30434782608695654,5.0623915802954205,6.193906995145988,0.2201039817519748,9811.245001976598,426.57586965115644,1.301240401979177,2.311331959844462,5.566675386358243,0
common,1h,ZENUSDT,120,earlier,13,13,0,0.38461538461538464,9.525810913841323,10.197887418278913,0.7327546856801017,12021.09977005522,924.69998231194,2.129333282680661,4.480307337729775,3.187741604259433,0
common,1h,ZENUSDT,120,later,5,5,0,0.2,-2.2646800796561593,-2.0268562401263868,-0.45293601593123184,-881.1858363697461,-176.23716727394924,0.4610330167798972,0.5502779277310763,3.1767387958183626,0
common,1h,ZENUSDT,120,full,18,18,0,0.3333333333333333,7.261130834185165,8.171031178152523,0.4033961574547314,11139.913933685473,618.8841074269707,1.5746025645785298,3.0578272735858922,3.367936132468502,0
common,1h,ZENUSDT,150,earlier,11,11,0,0.2727272727272727,14.555351107178085,15.105634045074472,1.3232137370161896,14883.803779002514,1353.0730708184103,2.7222038664944415,5.668921478100511,5.578994414677723,1
common,1h,ZENUSDT,150,later,5,5,0,0.2,-2.2646800796561593,-2.0268562401263868,-0.45293601593123184,-881.1858363697461,-176.23716727394924,0.4610330167798972,0.5502779277310763,3.1767387958183626,0
common,1h,ZENUSDT,150,full,16,16,0,0.25,12.290671027521926,13.078777804948082,0.7681669392201204,14002.61794263277,875.1636214145482,1.971327761911613,3.7204090929021216,7.843674494333884,1
common,1h,ZENUSDT,200,earlier,11,11,0,0.2727272727272727,14.555351107178085,15.105634045074472,1.3232137370161896,14883.803779002514,1353.0730708184103,2.7222038664944415,5.668921478100511,5.578994414677723,1
common,1h,ZENUSDT,200,later,5,5,0,0.2,-2.2433519042854315,-2.026856240126387,-0.4486703808570863,-1062.718459011277,-212.5436918022554,0.4633850912135744,0.5036191249178802,3.155410620447635,0
common,1h,ZENUSDT,200,full,16,16,0,0.25,12.311999202892654,13.078777804948082,0.7694999501807909,13821.08531999124,863.8178324994525,1.9746561610032853,3.5936679534470093,7.822346318963156,1
common,4h,1000PEPEUSDT,0,earlier,6,6,0,0.16666666666666666,-0.991638255815672,-0.8571017909183409,-0.16527304263594533,-1479.1936208260831,-246.5322701376805,0.7443017209439088,0.5949225504525976,2.058734284351398,0
common,4h,1000PEPEUSDT,0,later,2,1,1,1.0,5.569802673641385,5.5990990990991,5.569802673641385,3802.3769703101902,3802.3769703101902,,,0.0,0
common,4h,1000PEPEUSDT,0,full,8,7,1,0.2857142857142857,4.578164417825713,4.74199730818076,0.6540234882608161,2323.183349484107,331.88333564058667,2.180499800212897,1.636204194495144,2.058734284351398,0
common,4h,1000PEPEUSDT,20,earlier,6,6,0,0.16666666666666666,-0.991638255815672,-0.8571017909183409,-0.16527304263594533,-1479.1936208260831,-246.5322701376805,0.7443017209439088,0.5949225504525976,2.058734284351398,0
common,4h,1000PEPEUSDT,20,later,2,1,1,1.0,5.569802673641385,5.5990990990991,5.569802673641385,3802.3769703101902,3802.3769703101902,,,0.0,0
common,4h,1000PEPEUSDT,20,full,8,7,1,0.2857142857142857,4.578164417825713,4.74199730818076,0.6540234882608161,2323.183349484107,331.88333564058667,2.180499800212897,1.636204194495144,2.058734284351398,0
common,4h,1000PEPEUSDT,30,earlier,6,6,0,0.16666666666666666,-0.991638255815672,-0.8571017909183409,-0.16527304263594533,-1479.1936208260831,-246.5322701376805,0.7443017209439088,0.5949225504525976,2.058734284351398,0
common,4h,1000PEPEUSDT,30,later,2,1,1,1.0,5.569802673641385,5.5990990990991,5.569802673641385,3802.3769703101902,3802.3769703101902,,,0.0,0
common,4h,1000PEPEUSDT,30,full,8,7,1,0.2857142857142857,4.578164417825713,4.74199730818076,0.6540234882608161,2323.183349484107,331.88333564058667,2.180499800212897,1.636204194495144,2.058734284351398,0
common,4h,1000PEPEUSDT,50,earlier,5,5,0,0.2,0.03273568535173932,0.14289820908165934,0.006547137070347864,-638.64515627408,-127.729031254816,1.0114709760262899,0.7728117162123176,1.8194234391823658,0
common,4h,1000PEPEUSDT,50,later,2,1,1,1.0,5.569802673641385,5.5990990990991,5.569802673641385,3802.3769703101902,3802.3769703101902,,,0.0,0
common,4h,1000PEPEUSDT,50,full,7,6,1,0.3333333333333333,5.602538358993124,5.74199730818076,0.9337563931655207,3163.7318140361103,527.288635672685,2.963196509003744,2.125449389436678,1.8194234391823658,0
common,4h,1000PEPEUSDT,60,earlier,4,4,0,0.0,-2.853783782366352,-2.770195268822074,-0.713445945591588,-2811.083149300614,-702.7707873251535,0.0,0.0,2.853783782366352,0
common,4h,1000PEPEUSDT,60,later,2,1,1,1.0,5.569802673641385,5.5990990990991,5.569802673641385,3802.3769703101902,3802.3769703101902,,,0.0,0
common,4h,1000PEPEUSDT,60,full,6,5,1,0.2,2.7160188912750325,2.828903830277026,0.5432037782550065,991.2938210095762,198.25876420191523,1.9517255329774545,1.3526376732243606,2.853783782366352,0
common,4h,1000PEPEUSDT,90,earlier,4,4,0,0.0,-2.853783782366352,-2.770195268822074,-0.713445945591588,-2811.083149300614,-702.7707873251535,0.0,0.0,2.853783782366352,0
common,4h,1000PEPEUSDT,90,later,2,1,1,1.0,5.569802673641385,5.5990990990991,5.569802673641385,3802.3769703101902,3802.3769703101902,,,0.0,0
common,4h,1000PEPEUSDT,90,full,6,5,1,0.2,2.7160188912750325,2.828903830277026,0.5432037782550065,991.2938210095762,198.25876420191523,1.9517255329774545,1.3526376732243606,2.853783782366352,0
common,4h,1000PEPEUSDT,120,earlier,4,4,0,0.0,-2.853783782366352,-2.770195268822074,-0.713445945591588,-2811.083149300614,-702.7707873251535,0.0,0.0,2.853783782366352,0
common,4h,1000PEPEUSDT,120,later,1,1,0,1.0,5.569802673641385,5.5990990990991,5.569802673641385,3802.3769703101902,3802.3769703101902,,,0.0,0
common,4h,1000PEPEUSDT,120,full,5,5,0,0.2,2.7160188912750325,2.828903830277026,0.5432037782550065,991.2938210095762,198.25876420191523,1.9517255329774545,1.3526376732243606,2.853783782366352,0
common,4h,1000PEPEUSDT,150,earlier,3,3,0,0.0,-2.526337596846507,-2.455371981620884,-0.8421125322821691,-2292.270152073307,-764.0900506911023,0.0,0.0,2.526337596846507,0
common,4h,1000PEPEUSDT,150,later,1,1,0,1.0,5.569802673641385,5.5990990990991,5.569802673641385,3802.3769703101902,3802.3769703101902,,,0.0,0
common,4h,1000PEPEUSDT,150,full,4,4,0,0.25,3.0434650767948774,3.143727117478216,0.7608662691987194,1510.1068182368829,377.5267045592207,2.2046945272056564,1.6587822193954866,2.526337596846507,0
common,4h,1000PEPEUSDT,200,earlier,3,3,0,0.0,-3.080602397614795,-3.0000000000000013,-1.0268674658715984,-2511.720941473369,-837.2403138244562,0.0,0.0,3.080602397614795,0
common,4h,1000PEPEUSDT,200,later,1,1,0,1.0,5.569802673641385,5.5990990990991,5.569802673641385,3802.3769703101902,3802.3769703101902,,,0.0,0
common,4h,1000PEPEUSDT,200,full,4,4,0,0.25,2.4892002760265894,2.599099099099099,0.6223000690066474,1290.6560288368212,322.6640072092053,1.8080238715498929,1.5138532738751327,3.080602397614795,0
common,4h,AAVEUSDT,0,earlier,7,7,0,0.14285714285714285,-3.0824601046960822,-2.8918243484469865,-0.44035144352801175,1068.0893150634986,152.58418786621408,0.5011762679772499,1.2387819860525267,4.131604845384512,0
common,4h,AAVEUSDT,0,later,4,4,0,0.5,2.0153403222222264,2.151455453122363,0.5038350805555566,2417.638518716847,604.4096296792118,1.9672919784018412,3.2002150387799717,1.0546096916299552,0
common,4h,AAVEUSDT,0,full,11,11,0,0.2727272727272727,-1.0671197824738559,-0.740368895324623,-0.09701088931580508,3485.7278337803455,316.88434852548596,0.870854782962115,1.6255913706436973,4.137069796326037,0
common,4h,AAVEUSDT,20,earlier,7,7,0,0.14285714285714285,-3.0824601046960822,-2.8918243484469865,-0.44035144352801175,1068.0893150634986,152.58418786621408,0.5011762679772499,1.2387819860525267,4.131604845384512,0
common,4h,AAVEUSDT,20,later,4,4,0,0.5,2.0153403222222264,2.151455453122363,0.5038350805555566,2417.638518716847,604.4096296792118,1.9672919784018412,3.2002150387799717,1.0546096916299552,0
common,4h,AAVEUSDT,20,full,11,11,0,0.2727272727272727,-1.0671197824738559,-0.740368895324623,-0.09701088931580508,3485.7278337803455,316.88434852548596,0.870854782962115,1.6255913706436973,4.137069796326037,0
common,4h,AAVEUSDT,30,earlier,7,7,0,0.14285714285714285,-3.0824601046960822,-2.8918243484469865,-0.44035144352801175,1068.0893150634986,152.58418786621408,0.5011762679772499,1.2387819860525267,4.131604845384512,0
common,4h,AAVEUSDT,30,later,2,2,0,1.0,4.098827384269375,4.151455453122363,2.0494136921346877,3516.457714161233,1758.2288570806165,,,0.0,0
common,4h,AAVEUSDT,30,full,9,9,0,0.3333333333333333,1.0163672795732932,1.2596311046753765,0.11292969773036592,4584.547029224732,509.39411435830345,1.1644751601910992,2.024921071066432,4.131604845384512,0
common,4h,AAVEUSDT,50,earlier,6,6,0,0.16666666666666666,-2.0553094197645745,-1.8918243484469852,-0.3425515699607624,1824.7189820665267,304.1198303444211,0.6010894825530996,1.4909852497255611,4.131604845384512,0
common,4h,AAVEUSDT,50,later,3,3,0,0.6666666666666666,3.04421769263942,3.1514554531223635,1.0147392308798067,3130.222355508721,1043.4074518362404,3.8865823221616904,9.104442758501865,1.0546096916299552,0
common,4h,AAVEUSDT,50,full,9,9,0,0.3333333333333333,0.9889082728748457,1.2596311046753783,0.10987869698609397,4954.941337575247,550.5490375083608,1.159323595699228,2.207733143309035,4.131604845384512,0
common,4h,AAVEUSDT,60,earlier,6,6,0,0.16666666666666666,-2.0553094197645745,-1.8918243484469852,-0.3425515699607624,1824.7189820665267,304.1198303444211,0.6010894825530996,1.4909852497255611,4.131604845384512,0
common,4h,AAVEUSDT,60,later,3,3,0,0.6666666666666666,3.04421769263942,3.1514554531223635,1.0147392308798067,3130.222355508721,1043.4074518362404,3.8865823221616904,9.104442758501865,1.0546096916299552,0
common,4h,AAVEUSDT,60,full,9,9,0,0.3333333333333333,0.9889082728748457,1.2596311046753783,0.10987869698609397,4954.941337575247,550.5490375083608,1.159323595699228,2.207733143309035,4.131604845384512,0
common,4h,AAVEUSDT,90,earlier,3,3,0,0.3333333333333333,1.0262413719785441,1.1081756515530152,0.34208045732618136,4266.694010381639,1422.2313367938796,1.4955877506042954,4.347822106173568,2.0707561289139926,0
common,4h,AAVEUSDT,90,later,3,3,0,0.6666666666666666,3.04421769263942,3.1514554531223635,1.0147392308798067,3130.222355508721,1043.4074518362404,3.8865823221616904,9.104442758501865,1.0546096916299552,0
common,4h,AAVEUSDT,90,full,6,6,0,0.5,4.070459064617965,4.259631104675378,0.6784098441029941,7396.91636589036,1232.81939431506,2.3023944390322697,5.454084978061963,2.0707561289139926,0
common,4h,AAVEUSDT,120,earlier,3,3,0,0.3333333333333333,1.0262413719785441,1.1081756515530152,0.34208045732618136,4266.694010381639,1422.2313367938796,1.4955877506042954,4.347822106173568,2.0707561289139926,0
common,4h,AAVEUSDT,120,later,3,3,0,0.6666666666666666,3.04421769263942,3.1514554531223635,1.0147392308798067,3130.222355508721,1043.4074518362404,3.8865823221616904,9.104442758501865,1.0546096916299552,0
common,4h,AAVEUSDT,120,full,6,6,0,0.5,4.070459064617965,4.259631104675378,0.6784098441029941,7396.91636589036,1232.81939431506,2.3023944390322697,5.454084978061963,2.0707561289139926,0
common,4h,AAVEUSDT,150,earlier,3,3,0,0.3333333333333333,1.0262413719785441,1.1081756515530152,0.34208045732618136,4266.694010381639,1422.2313367938796,1.4955877506042954,4.347822106173568,2.0707561289139926,0
common,4h,AAVEUSDT,150,later,3,3,0,0.6666666666666666,3.04421769263942,3.1514554531223635,1.0147392308798067,3130.222355508721,1043.4074518362404,3.8865823221616904,9.104442758501865,1.0546096916299552,0
common,4h,AAVEUSDT,150,full,6,6,0,0.5,4.070459064617965,4.259631104675378,0.6784098441029941,7396.91636589036,1232.81939431506,2.3023944390322697,5.454084978061963,2.0707561289139926,0
common,4h,AAVEUSDT,200,earlier,3,3,0,0.3333333333333333,1.0262413719785441,1.1081756515530152,0.34208045732618136,4266.694010381639,1422.2313367938796,1.4955877506042954,4.347822106173568,2.0707561289139926,0
common,4h,AAVEUSDT,200,later,2,2,0,0.5,1.748412019736584,1.8237547892720318,0.874206009868292,2317.6774170035183,1158.8387085017591,2.657875926622977,7.000686796489507,1.0546096916299552,0
common,4h,AAVEUSDT,200,full,5,5,0,0.4,2.774653391715128,2.931930440825047,0.5549306783430257,6584.3714273851565,1316.8742854770312,1.8877851589329213,4.964807551418965,2.0707561289139926,0
common,4h,AEROUSDT,0,earlier,1,1,0,0.0,-0.803083700440529,-0.7867841409691634,-0.803083700440529,-985.405405405406,-985.405405405406,0.0,0.0,0.803083700440529,0
common,4h,AEROUSDT,0,later,4,4,0,0.5,2.125786351253889,2.2326768398105608,0.5314465878134722,2756.5114102538596,689.1278525634649,2.031084615591409,2.9259654999079547,2.0616992234285068,0
common,4h,AEROUSDT,0,full,5,5,0,0.4,1.3227026508133595,1.4458926988413974,0.26454053016267187,1771.106004848454,354.2212009696908,1.4617113009829665,1.732879071335948,2.0616992234285068,0
common,4h,AEROUSDT,20,earlier,1,1,0,0.0,-0.803083700440529,-0.7867841409691634,-0.803083700440529,-985.405405405406,-985.405405405406,0.0,0.0,0.803083700440529,0
common,4h,AEROUSDT,20,later,4,4,0,0.5,2.125786351253889,2.2326768398105608,0.5314465878134722,2756.5114102538596,689.1278525634649,2.031084615591409,2.9259654999079547,2.0616992234285068,0
common,4h,AEROUSDT,20,full,5,5,0,0.4,1.3227026508133595,1.4458926988413974,0.26454053016267187,1771.106004848454,354.2212009696908,1.4617113009829665,1.732879071335948,2.0616992234285068,0
common,4h,AEROUSDT,30,earlier,1,1,0,0.0,-0.803083700440529,-0.7867841409691634,-0.803083700440529,-985.405405405406,-985.405405405406,0.0,0.0,0.803083700440529,0
common,4h,AEROUSDT,30,later,4,4,0,0.5,2.125786351253889,2.2326768398105608,0.5314465878134722,2756.5114102538596,689.1278525634649,2.031084615591409,2.9259654999079547,2.0616992234285068,0
common,4h,AEROUSDT,30,full,5,5,0,0.4,1.3227026508133595,1.4458926988413974,0.26454053016267187,1771.106004848454,354.2212009696908,1.4617113009829665,1.732879071335948,2.0616992234285068,0
common,4h,AEROUSDT,50,earlier,1,1,0,0.0,-0.803083700440529,-0.7867841409691634,-0.803083700440529,-985.405405405406,-985.405405405406,0.0,0.0,0.803083700440529,0
common,4h,AEROUSDT,50,later,4,4,0,0.5,2.125786351253889,2.2326768398105608,0.5314465878134722,2756.5114102538596,689.1278525634649,2.031084615591409,2.9259654999079547,2.0616992234285068,0
common,4h,AEROUSDT,50,full,5,5,0,0.4,1.3227026508133595,1.4458926988413974,0.26454053016267187,1771.106004848454,354.2212009696908,1.4617113009829665,1.732879071335948,2.0616992234285068,0
common,4h,AEROUSDT,60,earlier,1,1,0,0.0,-0.803083700440529,-0.7867841409691634,-0.803083700440529,-985.405405405406,-985.405405405406,0.0,0.0,0.803083700440529,0
common,4h,AEROUSDT,60,later,3,3,0,0.6666666666666666,3.1646813788781984,3.2326768398105608,1.0548937929593996,3290.7159557084037,1096.905318569468,4.094122405696541,4.668450486310466,1.0228041958041967,0
common,4h,AEROUSDT,60,full,4,4,0,0.5,2.3615976784376693,2.4458926988413974,0.5903994196094173,2305.310550302998,576.3276375757495,2.293396863681899,2.2246415479291466,1.022804195804197,0
common,4h,AEROUSDT,90,earlier,1,1,0,0.0,-0.803083700440529,-0.7867841409691634,-0.803083700440529,-985.405405405406,-985.405405405406,0.0,0.0,0.803083700440529,0
common,4h,AEROUSDT,90,later,2,2,0,0.5,2.322490143818438,2.364150943396219,1.161245071909219,2651.1092991274663,1325.5546495637332,3.27070846340471,3.9554246943664633,1.0228041958041967,0
common,4h,AEROUSDT,90,full,3,3,0,0.3333333333333333,1.5194064433779089,1.5773668024270555,0.5064688144593029,1665.7038937220611,555.234631240687,1.832146621105736,1.8848656830773964,1.022804195804197,0
common,4h,AEROUSDT,120,earlier,1,1,0,0.0,-0.803083700440529,-0.7867841409691634,-0.803083700440529,-985.405405405406,-985.405405405406,0.0,0.0,0.803083700440529,0
common,4h,AEROUSDT,120,later,2,2,0,0.5,2.322490143818438,2.364150943396219,1.161245071909219,2651.1092991274663,1325.5546495637332,3.27070846340471,3.9554246943664633,1.0228041958041967,0
common,4h,AEROUSDT,120,full,3,3,0,0.3333333333333333,1.5194064433779089,1.5773668024270555,0.5064688144593029,1665.7038937220611,555.234631240687,1.832146621105736,1.8848656830773964,1.022804195804197,0
common,4h,AEROUSDT,150,earlier,1,1,0,0.0,-0.803083700440529,-0.7867841409691634,-0.803083700440529,-985.405405405406,-985.405405405406,0.0,0.0,0.803083700440529,0
common,4h,AEROUSDT,150,later,2,2,0,0.5,2.322490143818438,2.364150943396219,1.161245071909219,2651.1092991274663,1325.5546495637332,3.27070846340471,3.9554246943664633,1.0228041958041967,0
common,4h,AEROUSDT,150,full,3,3,0,0.3333333333333333,1.5194064433779089,1.5773668024270555,0.5064688144593029,1665.7038937220611,555.234631240687,1.832146621105736,1.8848656830773964,1.022804195804197,0
common,4h,AEROUSDT,200,earlier,1,1,0,0.0,-0.803083700440529,-0.7867841409691634,-0.803083700440529,-985.405405405406,-985.405405405406,0.0,0.0,0.803083700440529,0
common,4h,AEROUSDT,200,later,2,2,0,0.5,2.322490143818438,2.364150943396219,1.161245071909219,2651.1092991274663,1325.5546495637332,3.27070846340471,3.9554246943664633,1.0228041958041967,0
common,4h,AEROUSDT,200,full,3,3,0,0.3333333333333333,1.5194064433779089,1.5773668024270555,0.5064688144593029,1665.7038937220611,555.234631240687,1.832146621105736,1.8848656830773964,1.022804195804197,0
common,4h,API3USDT,0,earlier,4,4,0,0.5,0.26496498920241773,0.3391870005755522,0.06624124730060443,-317.61446470003034,-79.40361617500758,1.1302349276182397,0.8830034817823404,2.0345155792547045,0
common,4h,API3USDT,0,later,3,3,0,0.3333333333333333,-0.9399184886565668,-0.8651315789473678,-0.31330616288552227,259.18750678599713,86.39583559533239,0.544066864109986,1.180927807210645,1.0386838709677408,0
common,4h,API3USDT,0,full,7,7,0,0.42857142857142855,-0.6749534994541491,-0.5259445783718156,-0.09642192849344987,-58.426957914033196,-8.346708273433313,0.8352181454194203,0.9859119843771682,2.0345155792547045,0
common,4h,API3USDT,20,earlier,4,4,0,0.5,0.26496498920241773,0.3391870005755522,0.06624124730060443,-317.61446470003034,-79.40361617500758,1.1302349276182397,0.8830034817823404,2.0345155792547045,0
common,4h,API3USDT,20,later,3,3,0,0.3333333333333333,-0.9399184886565668,-0.8651315789473678,-0.31330616288552227,259.18750678599713,86.39583559533239,0.544066864109986,1.180927807210645,1.0386838709677408,0
common,4h,API3USDT,20,full,7,7,0,0.42857142857142855,-0.6749534994541491,-0.5259445783718156,-0.09642192849344987,-58.426957914033196,-8.346708273433313,0.8352181454194203,0.9859119843771682,2.0345155792547045,0
common,4h,API3USDT,30,earlier,4,4,0,0.5,0.26496498920241773,0.3391870005755522,0.06624124730060443,-317.61446470003034,-79.40361617500758,1.1302349276182397,0.8830034817823404,2.0345155792547045,0
common,4h,API3USDT,30,later,3,3,0,0.3333333333333333,-0.9399184886565668,-0.8651315789473678,-0.31330616288552227,259.18750678599713,86.39583559533239,0.544066864109986,1.180927807210645,1.0386838709677408,0
common,4h,API3USDT,30,full,7,7,0,0.42857142857142855,-0.6749534994541491,-0.5259445783718156,-0.09642192849344987,-58.426957914033196,-8.346708273433313,0.8352181454194203,0.9859119843771682,2.0345155792547045,0
common,4h,API3USDT,50,earlier,3,3,0,0.3333333333333333,-0.44993336244593696,-0.397076735688187,-0.14997778748197899,-986.8262430207203,-328.9420810069068,0.7788498810066821,0.6364925173408602,2.0345155792547045,0
common,4h,API3USDT,50,later,1,1,0,1.0,1.1216085526315789,1.1348684210526312,1.1216085526315789,1691.73406102704,1691.73406102704,,,0.0,0
common,4h,API3USDT,50,full,4,4,0,0.5,0.6716751901856419,0.7377916853644442,0.16791879754641048,704.9078180063198,176.22695450157994,1.3301401065858114,1.2596599636891135,2.0345155792547045,0
common,4h,API3USDT,60,earlier,3,3,0,0.3333333333333333,-0.44993336244593696,-0.397076735688187,-0.14997778748197899,-986.8262430207203,-328.9420810069068,0.7788498810066821,0.6364925173408602,2.0345155792547045,0
common,4h,API3USDT,60,later,1,1,0,1.0,1.1216085526315789,1.1348684210526312,1.1216085526315789,1691.73406102704,1691.73406102704,,,0.0,0
common,4h,API3USDT,60,full,4,4,0,0.5,0.6716751901856419,0.7377916853644442,0.16791879754641048,704.9078180063198,176.22695450157994,1.3301401065858114,1.2596599636891135,2.0345155792547045,0
common,4h,API3USDT,90,earlier,2,2,0,0.5,0.5736288117908461,0.6029232643118125,0.28681440589542306,-118.00814164289214,-59.00407082144607,1.5674136997250405,0.9360706950285266,1.0109534050179214,0
common,4h,API3USDT,90,later,1,1,0,1.0,1.1216085526315789,1.1348684210526312,1.1216085526315789,1691.73406102704,1691.73406102704,,,0.0,0
common,4h,API3USDT,90,full,3,3,0,0.6666666666666666,1.695237364422425,1.7377916853644437,0.5650791214741416,1573.725919384148,524.5753064613826,2.676869928928498,1.8525446027806454,1.0109534050179214,0
common,4h,API3USDT,120,earlier,2,2,0,0.5,0.5736288117908461,0.6029232643118125,0.28681440589542306,-118.00814164289214,-59.00407082144607,1.5674136997250405,0.9360706950285266,1.0109534050179214,0
common,4h,API3USDT,120,later,1,1,0,1.0,1.1216085526315789,1.1348684210526312,1.1216085526315789,1691.73406102704,1691.73406102704,,,0.0,0
common,4h,API3USDT,120,full,3,3,0,0.6666666666666666,1.695237364422425,1.7377916853644437,0.5650791214741416,1573.725919384148,524.5753064613826,2.676869928928498,1.8525446027806454,1.0109534050179214,0
common,4h,API3USDT,150,earlier,2,2,0,0.5,0.5736288117908461,0.6029232643118125,0.28681440589542306,-118.00814164289214,-59.00407082144607,1.5674136997250405,0.9360706950285266,1.0109534050179214,0
common,4h,API3USDT,150,later,1,1,0,1.0,1.1216085526315789,1.1348684210526312,1.1216085526315789,1691.73406102704,1691.73406102704,,,0.0,0
common,4h,API3USDT,150,full,3,3,0,0.6666666666666666,1.695237364422425,1.7377916853644437,0.5650791214741416,1573.725919384148,524.5753064613826,2.676869928928498,1.8525446027806454,1.0109534050179214,0
common,4h,API3USDT,200,earlier,2,2,0,0.5,0.5736288117908461,0.6029232643118125,0.28681440589542306,-118.00814164289214,-59.00407082144607,1.5674136997250405,0.9360706950285266,1.0109534050179214,0
common,4h,API3USDT,200,later,1,1,0,1.0,1.1216085526315789,1.1348684210526312,1.1216085526315789,1691.73406102704,1691.73406102704,,,0.0,0
common,4h,API3USDT,200,full,3,3,0,0.6666666666666666,1.695237364422425,1.7377916853644437,0.5650791214741416,1573.725919384148,524.5753064613826,2.676869928928498,1.8525446027806454,1.0109534050179214,0
common,4h,APTUSDT,0,earlier,7,7,0,0.5714285714285714,1.835107666802108,1.9983437987866484,0.2621582381145869,1167.693727094698,166.81338958495687,1.6003910259047873,1.351100070909445,3.0565208133093034,0
common,4h,APTUSDT,0,later,6,6,0,0.0,-5.391067504199241,-5.233333333333333,-0.8985112506998735,-4305.953680599392,-717.6589467665654,0.0,0.0,5.391067504199241,0
common,4h,APTUSDT,0,full,14,14,0,0.2857142857142857,-4.578017424945771,-4.234989534546685,-0.32700124463898367,-4064.9774245744093,-290.3555303267435,0.5165587530045953,0.5250354370457613,7.949002699733451,0
common,4h,APTUSDT,20,earlier,7,7,0,0.5714285714285714,1.835107666802108,1.9983437987866484,0.2621582381145869,1167.693727094698,166.81338958495687,1.6003910259047873,1.351100070909445,3.0565208133093034,0
common,4h,APTUSDT,20,later,6,6,0,0.0,-5.391067504199241,-5.233333333333333,-0.8985112506998735,-4305.953680599392,-717.6589467665654,0.0,0.0,5.391067504199241,0
common,4h,APTUSDT,20,full,14,14,0,0.2857142857142857,-4.578017424945771,-4.234989534546685,-0.32700124463898367,-4064.9774245744093,-290.3555303267435,0.5165587530045953,0.5250354370457613,7.949002699733451,0
common,4h,APTUSDT,30,earlier,7,7,0,0.5714285714285714,1.835107666802108,1.9983437987866484,0.2621582381145869,1167.693727094698,166.81338958495687,1.6003910259047873,1.351100070909445,3.0565208133093034,0
common,4h,APTUSDT,30,later,5,5,0,0.0,-4.356466771598507,-4.233333333333332,-0.8712933543197015,-3707.931237237121,-741.5862474474242,0.0,0.0,4.356466771598507,0
common,4h,APTUSDT,30,full,13,13,0,0.3076923076923077,-3.543416692345037,-3.234989534546683,-0.2725705147957721,-3466.954981212138,-266.688844708626,0.579917283203698,0.5644782388546132,6.914401967132717,0
common,4h,APTUSDT,50,earlier,6,6,0,0.5,0.86391453735091,0.9882893371192794,0.14398575622515167,667.8687987835351,111.31146646392251,1.2826463780613184,1.2008136013494988,3.0565208133093034,0
common,4h,APTUSDT,50,later,6,6,0,0.0,-5.8598318934331965,-5.696581196581198,-0.9766386489055328,-4640.514163868672,-773.4190273114453,0.0,0.0,5.8598318934331965,0
common,4h,APTUSDT,50,full,13,13,0,0.23076923076923078,-6.017974943630924,-5.708291859461918,-0.4629211495100711,-4899.362836154852,-376.874064319604,0.394473083176311,0.44907934469913147,9.388960218418603,0
common,4h,APTUSDT,60,earlier,5,5,0,0.4,-0.9550770123939863,-0.8495614281868413,-0.19101540247879728,-1261.1526325053003,-252.23052650106004,0.6875280520796055,0.6207988718052483,3.0565208133093034,0
common,4h,APTUSDT,60,later,4,4,0,0.0,-4.12338782043218,-4.0,-1.030846955108045,-2790.915938501991,-697.7289846254978,0.0,0.0,4.12338782043218,0
common,4h,APTUSDT,60,full,10,10,0,0.2,-6.100522420374804,-5.84956142818684,-0.6100522420374804,-4978.786042077007,-497.8786042077006,0.25621219890671193,0.2931322748316268,7.652516145417588,0
common,4h,APTUSDT,90,earlier,4,4,0,0.25,-2.50707073743677,-2.4197268588770866,-0.6267676843591925,-2969.295781147585,-742.3239452868962,0.1797632371682241,0.10719743103708036,3.0565208133093034,0
common,4h,APTUSDT,90,later,3,3,0,0.0,-3.089546468981574,-2.999999999999999,-1.029848822993858,-2179.922992218758,-726.6409974062526,0.0,0.0,3.089546468981574,0
common,4h,APTUSDT,90,full,8,8,0,0.125,-6.618674793966981,-6.419726858877086,-0.8273343492458727,-6075.936244436058,-759.4920305545072,0.07665185607806452,0.05542499334016695,6.618674793966981,0
common,4h,APTUSDT,120,earlier,3,3,0,0.3333333333333333,-1.4855586720748093,-1.4197268588770864,-0.49518622402493645,-2019.584957780276,-673.1949859267587,0.26999887662731115,0.1500434394059106,2.0350087479473427,0
common,4h,APTUSDT,120,later,3,3,0,0.0,-3.089546468981574,-2.999999999999999,-1.029848822993858,-2179.922992218758,-726.6409974062526,0.0,0.0,3.089546468981574,0
common,4h,APTUSDT,120,full,7,7,0,0.14285714285714285,-5.597162728605021,-5.419726858877085,-0.799594675515003,-5126.225421068749,-732.3179172955355,0.08939070889129078,0.06502560831716402,5.597162728605021,0
common,4h,APTUSDT,150,earlier,3,3,0,0.3333333333333333,-1.4855586720748093,-1.4197268588770864,-0.49518622402493645,-2019.584957780276,-673.1949859267587,0.26999887662731115,0.1500434394059106,2.0350087479473427,0
common,4h,APTUSDT,150,later,3,3,0,0.0,-3.089546468981574,-2.999999999999999,-1.029848822993858,-2179.922992218758,-726.6409974062526,0.0,0.0,3.089546468981574,0
common,4h,APTUSDT,150,full,7,7,0,0.14285714285714285,-5.597162728605021,-5.419726858877085,-0.799594675515003,-5126.225421068749,-732.3179172955355,0.08939070889129078,0.06502560831716402,5.597162728605021,0
common,4h,APTUSDT,200,earlier,3,3,0,0.3333333333333333,-1.4855586720748093,-1.4197268588770864,-0.49518622402493645,-2019.584957780276,-673.1949859267587,0.26999887662731115,0.1500434394059106,2.0350087479473427,0
common,4h,APTUSDT,200,later,3,3,0,0.0,-3.089546468981574,-2.999999999999999,-1.029848822993858,-2179.922992218758,-726.6409974062526,0.0,0.0,3.089546468981574,0
common,4h,APTUSDT,200,full,7,7,0,0.14285714285714285,-5.597162728605021,-5.419726858877085,-0.799594675515003,-5126.225421068749,-732.3179172955355,0.08939070889129078,0.06502560831716402,5.597162728605021,0
common,4h,ARBUSDT,0,earlier,5,5,0,0.6,7.416466938804691,7.54823799713362,1.4832933877609382,9520.300287215256,1904.0600574430512,4.574913471754456,8.965566704734,2.074586419336443,0
common,4h,ARBUSDT,0,later,6,6,0,0.3333333333333333,0.13610914451529688,0.2919544157505993,0.022684857419216147,1767.9722390849138,294.66203984748563,1.0569853076947262,1.8843978949882783,2.300466385218124,0
common,4h,ARBUSDT,0,full,11,11,0,0.45454545454545453,7.552576083319988,7.840192412884219,0.6865978257563626,11288.272526300168,1026.2065933000154,2.6922333966173206,4.533934548971442,2.3004663852181233,0
common,4h,ARBUSDT,20,earlier,5,5,0,0.6,7.416466938804691,7.54823799713362,1.4832933877609382,9520.300287215256,1904.0600574430512,4.574913471754456,8.965566704734,2.074586419336443,0
common,4h,ARBUSDT,20,later,6,6,0,0.3333333333333333,0.13610914451529688,0.2919544157505993,0.022684857419216147,1767.9722390849138,294.66203984748563,1.0569853076947262,1.8843978949882783,2.300466385218124,0
common,4h,ARBUSDT,20,full,11,11,0,0.45454545454545453,7.552576083319988,7.840192412884219,0.6865978257563626,11288.272526300168,1026.2065933000154,2.6922333966173206,4.533934548971442,2.3004663852181233,0
common,4h,ARBUSDT,30,earlier,5,5,0,0.6,7.416466938804691,7.54823799713362,1.4832933877609382,9520.300287215256,1904.0600574430512,4.574913471754456,8.965566704734,2.074586419336443,0
common,4h,ARBUSDT,30,later,6,6,0,0.3333333333333333,0.13610914451529688,0.2919544157505993,0.022684857419216147,1767.9722390849138,294.66203984748563,1.0569853076947262,1.8843978949882783,2.300466385218124,0
common,4h,ARBUSDT,30,full,11,11,0,0.45454545454545453,7.552576083319988,7.840192412884219,0.6865978257563626,11288.272526300168,1026.2065933000154,2.6922333966173206,4.533934548971442,2.3004663852181233,0
common,4h,ARBUSDT,50,earlier,4,4,0,0.75,8.463732460601257,8.54823799713362,2.1159331151503142,9963.441707002845,2490.860426750711,9.238645277117739,14.24854632439626,1.0273208975398762,0
common,4h,ARBUSDT,50,later,5,5,0,0.4,0.15008241304506464,0.2567174777190062,0.030016482609012927,1773.6512514305919,354.7302502861184,1.0632053127331946,1.8897663979140418,2.2864931166883564,0
common,4h,ARBUSDT,50,full,9,9,0,0.5555555555555556,8.613814873646323,8.804955474852626,0.957090541516258,11737.092958433437,1304.1214398259374,3.532102402991325,5.275138056180317,2.286493116688356,0
common,4h,ARBUSDT,60,earlier,4,4,0,0.5,6.672331911691213,6.761190591385205,1.6680829779228032,8417.019029083443,2104.254757270861,4.250744569987663,6.379594362650875,2.0525549664200575,0
common,4h,ARBUSDT,60,later,5,5,0,0.4,0.15008241304506464,0.2567174777190062,0.030016482609012927,1773.6512514305919,354.7302502861184,1.0632053127331946,1.8897663979140418,2.2864931166883564,0
common,4h,ARBUSDT,60,full,9,9,0,0.4444444444444444,6.822414324736277,7.017908069104212,0.7580460360818085,10190.670280514036,1132.296697834893,2.541065175736839,3.8641493138816725,2.286493116688356,0
common,4h,ARBUSDT,90,earlier,2,2,0,0.5,5.297477589292663,5.341626655026923,2.6487387946463317,6764.878182327334,3382.439091163667,6.156594791343703,9.995365719304417,1.0273208975398762,0
common,4h,ARBUSDT,90,later,3,3,0,0.3333333333333333,1.087481983399524,1.1439355228317902,0.362493994466508,2509.0420476500076,836.3473492166692,1.8060834523704519,3.113993819674372,1.349093546333897,0
common,4h,ARBUSDT,90,full,5,5,0,0.4,6.384959572692187,6.485562177858713,1.2769919145384374,9273.920229977342,1854.7840459954684,3.686803890269291,5.78305048504515,1.3490935463338976,0
common,4h,ARBUSDT,120,earlier,1,1,0,0.0,-1.0273208975398762,-1.0000000000000009,-1.0273208975398762,-752.040372056206,-752.040372056206,0.0,0.0,1.0273208975398762,0
common,4h,ARBUSDT,120,later,3,3,0,0.3333333333333333,1.087481983399524,1.1439355228317902,0.362493994466508,2509.0420476500076,836.3473492166692,1.8060834523704519,3.113993819674372,1.349093546333897,0
common,4h,ARBUSDT,120,full,4,4,0,0.25,0.060161085859647745,0.14393552283178934,0.015040271464911936,1757.0016755938018,439.25041889845045,1.0253159064971764,1.9061785640024431,2.3764144438737733,0
common,4h,ARBUSDT,150,earlier,1,1,0,0.0,-1.0273208975398762,-1.0000000000000009,-1.0273208975398762,-752.040372056206,-752.040372056206,0.0,0.0,1.0273208975398762,0
common,4h,ARBUSDT,150,later,3,3,0,0.3333333333333333,1.087481983399524,1.1439355228317902,0.362493994466508,2509.0420476500076,836.3473492166692,1.8060834523704519,3.113993819674372,1.349093546333897,0
common,4h,ARBUSDT,150,full,4,4,0,0.25,0.060161085859647745,0.14393552283178934,0.015040271464911936,1757.0016755938018,439.25041889845045,1.0253159064971764,1.9061785640024431,2.3764144438737733,0
common,4h,ARBUSDT,200,earlier,1,1,0,0.0,-1.0273208975398762,-1.0000000000000009,-1.0273208975398762,-752.040372056206,-752.040372056206,0.0,0.0,1.0273208975398762,0
common,4h,ARBUSDT,200,later,3,3,0,0.3333333333333333,1.087481983399524,1.1439355228317902,0.362493994466508,2509.0420476500076,836.3473492166692,1.8060834523704519,3.113993819674372,1.349093546333897,0
common,4h,ARBUSDT,200,full,4,4,0,0.25,0.060161085859647745,0.14393552283178934,0.015040271464911936,1757.0016755938018,439.25041889845045,1.0253159064971764,1.9061785640024431,2.3764144438737733,0
common,4h,ARUSDT,0,earlier,2,2,0,0.5,0.8079265283908807,0.8445322793148875,0.4039632641954404,962.6724823970578,481.3362411985289,1.7930418281531522,1.8867818312717695,1.018769123783032,0
common,4h,ARUSDT,0,later,4,4,0,0.25,-1.210590459452102,-1.075949367088603,-0.3026476148630255,-1266.903615753982,-316.7259039384955,0.6082209796843132,0.39916785598260934,3.089982864515398,0
common,4h,ARUSDT,0,full,6,6,0,0.3333333333333333,-0.40266393106122056,-0.23141708777371517,-0.0671106551768701,-304.2311333569243,-50.70518889282072,0.9019984822135791,0.9047539904537075,3.089982864515397,0
common,4h,ARUSDT,20,earlier,2,2,0,0.5,0.8079265283908807,0.8445322793148875,0.4039632641954404,962.6724823970578,481.3362411985289,1.7930418281531522,1.8867818312717695,1.018769123783032,0
common,4h,ARUSDT,20,later,4,4,0,0.25,-1.210590459452102,-1.075949367088603,-0.3026476148630255,-1266.903615753982,-316.7259039384955,0.6082209796843132,0.39916785598260934,3.089982864515398,0
common,4h,ARUSDT,20,full,6,6,0,0.3333333333333333,-0.40266393106122056,-0.23141708777371517,-0.0671106551768701,-304.2311333569243,-50.70518889282072,0.9019984822135791,0.9047539904537075,3.089982864515397,0
common,4h,ARUSDT,30,earlier,2,2,0,0.5,0.8079265283908807,0.8445322793148875,0.4039632641954404,962.6724823970578,481.3362411985289,1.7930418281531522,1.8867818312717695,1.018769123783032,0
common,4h,ARUSDT,30,later,4,4,0,0.25,-1.210590459452102,-1.075949367088603,-0.3026476148630255,-1266.903615753982,-316.7259039384955,0.6082209796843132,0.39916785598260934,3.089982864515398,0
common,4h,ARUSDT,30,full,6,6,0,0.3333333333333333,-0.40266393106122056,-0.23141708777371517,-0.0671106551768701,-304.2311333569243,-50.70518889282072,0.9019984822135791,0.9047539904537075,3.089982864515397,0
common,4h,ARUSDT,50,earlier,2,2,0,0.5,0.8079265283908807,0.8445322793148875,0.4039632641954404,962.6724823970578,481.3362411985289,1.7930418281531522,1.8867818312717695,1.018769123783032,0
common,4h,ARUSDT,50,later,4,4,0,0.25,-1.210590459452102,-1.075949367088603,-0.3026476148630255,-1266.903615753982,-316.7259039384955,0.6082209796843132,0.39916785598260934,3.089982864515398,0
common,4h,ARUSDT,50,full,6,6,0,0.3333333333333333,-0.40266393106122056,-0.23141708777371517,-0.0671106551768701,-304.2311333569243,-50.70518889282072,0.9019984822135791,0.9047539904537075,3.089982864515397,0
common,4h,ARUSDT,60,earlier,1,1,0,0.0,-1.018769123783032,-1.0,-1.018769123783032,-1085.57984438681,-1085.57984438681,0.0,0.0,1.018769123783032,0
common,4h,ARUSDT,60,later,4,4,0,0.25,-1.210590459452102,-1.075949367088603,-0.3026476148630255,-1266.903615753982,-316.7259039384955,0.6082209796843132,0.39916785598260934,3.089982864515398,0
common,4h,ARUSDT,60,full,5,5,0,0.2,-2.2293595832351336,-2.0759493670886027,-0.44587191664702674,-2352.483460140792,-470.49669202815835,0.45741198554104373,0.26350515271166486,4.10875198829843,0
common,4h,ARUSDT,90,earlier,2,2,0,0.5,0.8079265283908807,0.8445322793148875,0.4039632641954404,962.6724823970578,481.3362411985289,1.7930418281531522,1.8867818312717695,1.018769123783032,0
common,4h,ARUSDT,90,later,3,3,0,0.0,-3.089982864515398,-3.0,-1.0299942881717994,-2108.581620289131,-702.8605400963771,0.0,0.0,3.089982864515398,0
common,4h,ARUSDT,90,full,5,5,0,0.2,-2.2820563361245165,-2.1554677206851123,-0.4564112672249033,-1145.9091378920732,-229.18182757841464,0.44458649667253536,0.6412488377420427,3.089982864515397,0
common,4h,ARUSDT,120,earlier,2,2,0,0.5,0.8079265283908807,0.8445322793148875,0.4039632641954404,962.6724823970578,481.3362411985289,1.7930418281531522,1.8867818312717695,1.018769123783032,0
common,4h,ARUSDT,120,later,2,2,0,0.0,-2.0544370129870124,-1.9999999999999991,-1.0272185064935062,-1525.9280576355682,-762.9640288177841,0.0,0.0,2.0544370129870124,0
common,4h,ARUSDT,120,full,4,4,0,0.25,-1.2465104845961315,-1.1554677206851114,-0.31162762114903286,-563.2555752385103,-140.8138938096276,0.5943941183502189,0.7843178744347971,2.0544370129870124,0
common,4h,ARUSDT,150,earlier,2,2,0,0.5,0.8079265283908807,0.8445322793148875,0.4039632641954404,962.6724823970578,481.3362411985289,1.7930418281531522,1.8867818312717695,1.018769123783032,0
common,4h,ARUSDT,150,later,2,2,0,0.0,-2.0544370129870124,-1.9999999999999991,-1.0272185064935062,-1525.9280576355682,-762.9640288177841,0.0,0.0,2.0544370129870124,0
common,4h,ARUSDT,150,full,4,4,0,0.25,-1.2465104845961315,-1.1554677206851114,-0.31162762114903286,-563.2555752385103,-140.8138938096276,0.5943941183502189,0.7843178744347971,2.0544370129870124,0
common,4h,ARUSDT,200,earlier,2,2,0,0.5,0.8079265283908807,0.8445322793148875,0.4039632641954404,962.6724823970578,481.3362411985289,1.7930418281531522,1.8867818312717695,1.018769123783032,0
common,4h,ARUSDT,200,later,2,2,0,0.0,-2.0544370129870124,-1.9999999999999991,-1.0272185064935062,-1525.9280576355682,-762.9640288177841,0.0,0.0,2.0544370129870124,0
common,4h,ARUSDT,200,full,4,4,0,0.25,-1.2465104845961315,-1.1554677206851114,-0.31162762114903286,-563.2555752385103,-140.8138938096276,0.5943941183502189,0.7843178744347971,2.0544370129870124,0
common,4h,BOMEUSDT,0,earlier,4,4,0,0.5,1.9980453032071879,2.042363420280248,0.49951132580179697,4702.026960623849,1175.5067401559622,2.307110109732209,2.6670850707498146,1.5285975437957042,0
common,4h,BOMEUSDT,0,later,5,5,0,0.2,1.031232096609538,1.150485436893203,0.20624641932190763,1602.6405111554598,320.52810223109196,1.2515817260920108,1.4629201008748927,3.074741631618525,0
common,4h,BOMEUSDT,0,full,9,9,0,0.3333333333333333,3.029277399816726,3.192848857173451,0.336586377757414,6304.6674717793085,700.5186079754786,1.5382901617978775,2.0035233145824507,4.60333917541423,0
common,4h,BOMEUSDT,20,earlier,4,4,0,0.5,1.9980453032071879,2.042363420280248,0.49951132580179697,4702.026960623849,1175.5067401559622,2.307110109732209,2.6670850707498146,1.5285975437957042,0
common,4h,BOMEUSDT,20,later,5,5,0,0.2,1.031232096609538,1.150485436893203,0.20624641932190763,1602.6405111554598,320.52810223109196,1.2515817260920108,1.4629201008748927,3.074741631618525,0
common,4h,BOMEUSDT,20,full,9,9,0,0.3333333333333333,3.029277399816726,3.192848857173451,0.336586377757414,6304.6674717793085,700.5186079754786,1.5382901617978775,2.0035233145824507,4.60333917541423,0
common,4h,BOMEUSDT,30,earlier,4,4,0,0.5,1.9980453032071879,2.042363420280248,0.49951132580179697,4702.026960623849,1175.5067401559622,2.307110109732209,2.6670850707498146,1.5285975437957042,0
common,4h,BOMEUSDT,30,later,5,5,0,0.2,1.031232096609538,1.150485436893203,0.20624641932190763,1602.6405111554598,320.52810223109196,1.2515817260920108,1.4629201008748927,3.074741631618525,0
common,4h,BOMEUSDT,30,full,9,9,0,0.3333333333333333,3.029277399816726,3.192848857173451,0.336586377757414,6304.6674717793085,700.5186079754786,1.5382901617978775,2.0035233145824507,4.60333917541423,0
common,4h,BOMEUSDT,50,earlier,3,3,0,0.3333333333333333,0.205099911823992,0.24114431072094455,0.06836663727466401,2971.3431258338446,990.4477086112815,1.1157083742742229,2.1666755083988423,1.7725589276530296,0
common,4h,BOMEUSDT,50,later,3,3,0,0.3333333333333333,3.0740644510528456,3.1504854368932023,1.0246881503509486,3543.7398559688977,1181.2466186562992,2.495049671297015,3.3299903675502236,2.0561620861639813,0
common,4h,BOMEUSDT,50,full,6,6,0,0.3333333333333333,3.2791643628768377,3.3916297476141466,0.5465273938128062,6515.082981802742,1085.8471636337904,1.8564646917451173,2.601634683215247,3.8287210138170105,0
common,4h,BOMEUSDT,60,earlier,3,3,0,0.3333333333333333,0.205099911823992,0.24114431072094455,0.06836663727466401,2971.3431258338446,990.4477086112815,1.1157083742742229,2.1666755083988423,1.7725589276530296,0
common,4h,BOMEUSDT,60,later,4,4,0,0.25,2.055484905598302,2.150485436893203,0.5138712263995755,2447.287256580523,611.8218141451307,1.6685065452202914,1.9350150913017297,3.074741631618525,0
common,4h,BOMEUSDT,60,full,7,7,0,0.2857142857142857,2.2605848174222936,2.3916297476141475,0.3229406882031848,5418.630382414368,774.090054630624,1.4663595314093771,2.049263333913665,4.847300559271555,0
common,4h,BOMEUSDT,90,earlier,3,3,0,0.3333333333333333,0.44906129568131736,0.4779231568747908,0.14968709856043913,2697.681251555072,899.2270838516906,1.293773398697371,1.9564522232157628,1.5285975437957042,0
common,4h,BOMEUSDT,90,later,3,3,0,0.3333333333333333,3.0740644510528456,3.1504854368932023,1.0246881503509486,3543.7398559688977,1181.2466186562992,2.495049671297015,3.3299903675502236,2.0561620861639813,0
common,4h,BOMEUSDT,90,full,6,6,0,0.3333333333333333,3.5231257467341632,3.6284085937679933,0.5871876244556938,6241.42110752397,1040.236851253995,1.982806690102618,2.4376408456838212,3.5847596299596853,0
common,4h,BOMEUSDT,120,earlier,3,3,0,0.3333333333333333,-0.22357492012715907,-0.17924204706385694,-0.07452497337571969,-542.5005257611172,-180.8335085870391,0.8738688363815441,0.7869912528121858,1.7725589276530296,0
common,4h,BOMEUSDT,120,later,3,3,0,0.3333333333333333,3.0740644510528456,3.1504854368932023,1.0246881503509486,3543.7398559688977,1181.2466186562992,2.495049671297015,3.3299903675502236,2.0561620861639813,0
common,4h,BOMEUSDT,120,full,6,6,0,0.3333333333333333,2.850489530925687,2.971243389829345,0.4750815884876145,3001.23933020778,500.20655503462996,1.744501759370531,1.73780932910856,3.8287210138170105,0
common,4h,BOMEUSDT,150,earlier,2,2,0,0.5,1.167197153133747,1.2010690707461558,0.5835985765668735,202.30089763178083,101.15044881589041,2.547685724447497,1.1404831477848412,0.7541564380264738,0
common,4h,BOMEUSDT,150,later,3,3,0,0.3333333333333333,3.0740644510528456,3.1504854368932023,1.0246881503509486,3543.7398559688977,1181.2466186562992,2.495049671297015,3.3299903675502236,2.0561620861639813,0
common,4h,BOMEUSDT,150,full,5,5,0,0.4,4.241261604186593,4.351554507639358,0.8482523208373186,3746.0407536006783,749.2081507201357,2.50917469592111,2.2651433740623017,2.810318524190455,0
common,4h,BOMEUSDT,200,earlier,2,2,0,0.5,1.2235024014505478,1.2411443107209443,0.6117512007252739,4078.1525959578566,2039.0762979789283,2.6223456298434438,3.831978110496917,0.7541564380264738,0
common,4h,BOMEUSDT,200,later,2,2,0,0.0,-2.0561620861639813,-2.0,-1.0280810430819907,-1520.924680772317,-760.4623403861585,0.0,0.0,2.0561620861639813,0
common,4h,BOMEUSDT,200,full,4,4,0,0.25,-0.8326596847134333,-0.7588556892790557,-0.20816492117835833,2557.22791518554,639.306978796385,0.7037134127159871,1.8636478259758442,2.810318524190455,0
common,4h,BTCUSDT,0,earlier,7,7,0,0.42857142857142855,5.4824759177944875,5.904986254774396,0.7832108453992125,2868.7557207253844,409.822245817912,2.577444870198421,3.5417268252714296,1.56168002494638,0
common,4h,BTCUSDT,0,later,1,1,0,1.0,0.364306581886928,0.4672624162227248,0.364306581886928,70.769487564681,70.769487564681,,,0.0,0
common,4h,BTCUSDT,0,full,8,8,0,0.5,5.8467824996814155,6.372248670997122,0.7308478124601769,2939.5252082900647,367.4406510362581,2.6822649473668108,3.6044288196079775,1.56168002494638,0
common,4h,BTCUSDT,20,earlier,7,7,0,0.42857142857142855,5.4824759177944875,5.904986254774396,0.7832108453992125,2868.7557207253844,409.822245817912,2.577444870198421,3.5417268252714296,1.56168002494638,0
common,4h,BTCUSDT,20,later,1,1,0,1.0,0.364306581886928,0.4672624162227248,0.364306581886928,70.769487564681,70.769487564681,,,0.0,0
common,4h,BTCUSDT,20,full,8,8,0,0.5,5.8467824996814155,6.372248670997122,0.7308478124601769,2939.5252082900647,367.4406510362581,2.6822649473668108,3.6044288196079775,1.56168002494638,0
common,4h,BTCUSDT,30,earlier,7,7,0,0.42857142857142855,4.800332274483657,5.228707261158339,0.6857617534976653,2287.369335067042,326.76704786672025,2.3811751542865625,3.0266166115995046,1.56168002494638,0
common,4h,BTCUSDT,30,later,1,1,0,1.0,0.364306581886928,0.4672624162227248,0.364306581886928,70.769487564681,70.769487564681,,,0.0,0
common,4h,BTCUSDT,30,full,8,8,0,0.5,5.164638856370585,5.695969677381065,0.6455798570463231,2358.138822631723,294.7673528289654,2.485995231454952,3.0893186059360525,1.56168002494638,0
common,4h,BTCUSDT,50,earlier,5,5,0,0.6,6.356294272218797,6.6179294020995725,1.2712588544437593,2769.94554347043,553.989108694086,4.311294254675972,5.287258353589232,1.0592177962216818,0
common,4h,BTCUSDT,50,later,1,1,0,1.0,0.364306581886928,0.4672624162227248,0.364306581886928,70.769487564681,70.769487564681,,,0.0,0
common,4h,BTCUSDT,50,full,6,6,0,0.6666666666666666,6.720600854105725,7.085191818322297,1.1201001423509542,2840.7150310351108,473.4525051725185,4.501078780042469,5.396793747689714,1.0592177962216818,0
common,4h,BTCUSDT,60,earlier,4,4,0,0.75,7.216656490138987,7.418617084494319,1.8041641225347467,3058.2970858308677,764.5742714577169,7.813194147493935,9.54902618989747,1.0592177962216818,0
common,4h,BTCUSDT,60,later,1,1,0,0.0,-1.0841967168510789,-0.9999999999999992,-1.0841967168510789,-257.538953393805,-257.538953393805,0.0,0.0,1.0841967168510789,0
common,4h,BTCUSDT,60,full,5,5,0,0.6,6.132459773287907,6.41861708449432,1.2264919546575814,2800.758132437063,560.1516264874125,3.861070379007802,5.552040846926477,2.143414513072761,0
common,4h,BTCUSDT,90,earlier,3,3,0,0.6666666666666666,2.1566899507785386,2.308829704912701,0.7188966502595129,1027.0320501961403,342.3440167320468,3.0361156680633874,3.8709192235343415,1.0592177962216822,0
common,4h,BTCUSDT,90,later,0,0,0,,0.0,0.0,,0.0,,,,0.0,0
common,4h,BTCUSDT,90,full,3,3,0,0.6666666666666666,2.1566899507785386,2.308829704912701,0.7188966502595129,1027.0320501961403,342.3440167320468,3.0361156680633874,3.8709192235343415,1.0592177962216822,0
common,4h,BTCUSDT,120,earlier,3,3,0,0.6666666666666666,2.1566899507785386,2.308829704912701,0.7188966502595129,1027.0320501961403,342.3440167320468,3.0361156680633874,3.8709192235343415,1.0592177962216822,0
common,4h,BTCUSDT,120,later,0,0,0,,0.0,0.0,,0.0,,,,0.0,0
common,4h,BTCUSDT,120,full,3,3,0,0.6666666666666666,2.1566899507785386,2.308829704912701,0.7188966502595129,1027.0320501961403,342.3440167320468,3.0361156680633874,3.8709192235343415,1.0592177962216822,0
common,4h,BTCUSDT,150,earlier,3,3,0,0.6666666666666666,2.1566899507785386,2.308829704912701,0.7188966502595129,1027.0320501961403,342.3440167320468,3.0361156680633874,3.8709192235343415,1.0592177962216822,0
common,4h,BTCUSDT,150,later,0,0,0,,0.0,0.0,,0.0,,,,0.0,0
common,4h,BTCUSDT,150,full,3,3,0,0.6666666666666666,2.1566899507785386,2.308829704912701,0.7188966502595129,1027.0320501961403,342.3440167320468,3.0361156680633874,3.8709192235343415,1.0592177962216822,0
common,4h,BTCUSDT,200,earlier,4,4,0,0.5,1.1031901817680974,1.3088297049126998,0.27579754544202434,633.1986604464221,158.29966511160552,1.5221664267494697,1.8425015808974805,1.059217796221682,0
common,4h,BTCUSDT,200,later,0,0,0,,0.0,0.0,,0.0,,,,0.0,0
common,4h,BTCUSDT,200,full,4,4,0,0.5,1.1031901817680974,1.3088297049126998,0.27579754544202434,633.1986604464221,158.29966511160552,1.5221664267494697,1.8425015808974805,1.059217796221682,0
common,4h,DASHUSDT,0,earlier,7,7,0,0.5714285714285714,21.045293430460223,21.34431419114143,3.006470490065746,13353.3717973009,1907.6245424715573,8.61121357134038,12.463625644709364,2.7650378265175943,1
common,4h,DASHUSDT,0,later,1,1,0,0.0,-1.0177534246575342,-1.0,-1.0177534246575342,-1146.543209876544,-1146.543209876544,0.0,0.0,1.0177534246575342,0
common,4h,DASHUSDT,0,full,8,8,0,0.5,20.02754000580269,20.34431419114143,2.503442500725336,12206.828587424356,1525.8535734280445,6.294381496621341,6.281162687396967,2.7650378265175943,1
common,4h,DASHUSDT,20,earlier,7,7,0,0.5714285714285714,21.045293430460223,21.34431419114143,3.006470490065746,13353.3717973009,1907.6245424715573,8.61121357134038,12.463625644709364,2.7650378265175943,1
common,4h,DASHUSDT,20,later,1,1,0,0.0,-1.0177534246575342,-1.0,-1.0177534246575342,-1146.543209876544,-1146.543209876544,0.0,0.0,1.0177534246575342,0
common,4h,DASHUSDT,20,full,8,8,0,0.5,20.02754000580269,20.34431419114143,2.503442500725336,12206.828587424356,1525.8535734280445,6.294381496621341,6.281162687396967,2.7650378265175943,1
common,4h,DASHUSDT,30,earlier,6,6,0,0.5,1.2437656526824057,1.5109808578080623,0.2072942754470676,901.7560767768779,150.29267946281297,1.4498186754460631,1.7741411116180712,2.7650378265175943,0
common,4h,DASHUSDT,30,later,1,1,0,0.0,-1.0177534246575342,-1.0,-1.0177534246575342,-1146.543209876544,-1146.543209876544,0.0,0.0,1.0177534246575342,0
common,4h,DASHUSDT,30,full,7,7,0,0.42857142857142855,0.22601222802487153,0.5109808578080623,0.03228746114641022,-244.78713309966622,-34.969590442809455,1.0597474756119998,0.8940952873695096,2.7650378265175943,0
common,4h,DASHUSDT,50,earlier,4,4,0,0.25,-1.1201870802489378,-0.9385425812115908,-0.28004677006223444,-204.45500503526213,-51.11375125881553,0.5948745910432087,0.8244791147517393,2.7650378265175943,0
common,4h,DASHUSDT,50,later,1,1,0,0.0,-1.0177534246575342,-1.0,-1.0177534246575342,-1146.543209876544,-1146.543209876544,0.0,0.0,1.0177534246575342,0
common,4h,DASHUSDT,50,full,5,5,0,0.2,-2.1379405049064717,-1.9385425812115908,-0.42758810098129435,-1350.9982149118061,-270.1996429823612,0.43482461416756263,0.4155040916456752,2.7650378265175943,0
common,4h,DASHUSDT,60,earlier,4,4,0,0.25,-1.1201870802489378,-0.9385425812115908,-0.28004677006223444,-204.45500503526213,-51.11375125881553,0.5948745910432087,0.8244791147517393,2.7650378265175943,0
common,4h,DASHUSDT,60,later,1,1,0,0.0,-1.0177534246575342,-1.0,-1.0177534246575342,-1146.543209876544,-1146.543209876544,0.0,0.0,1.0177534246575342,0
common,4h,DASHUSDT,60,full,5,5,0,0.2,-2.1379405049064717,-1.9385425812115908,-0.42758810098129435,-1350.9982149118061,-270.1996429823612,0.43482461416756263,0.4155040916456752,2.7650378265175943,0
common,4h,DASHUSDT,90,earlier,5,5,0,0.4,-0.7856776462866711,-0.5611840906455505,-0.15713552925733423,-48.321143300343124,-9.664228660068625,0.7158528397869383,0.9585171815831971,2.7650378265175943,0
common,4h,DASHUSDT,90,later,1,1,0,0.0,-1.0177534246575342,-1.0,-1.0177534246575342,-1146.543209876544,-1146.543209876544,0.0,0.0,1.0177534246575342,0
common,4h,DASHUSDT,90,full,6,6,0,0.3333333333333333,-1.8034310709442054,-1.5611840906455505,-0.30057184515736757,-1194.8643531768873,-199.14405886281455,0.5232538749305907,0.483053850285125,2.7650378265175943,0
common,4h,DASHUSDT,120,earlier,4,4,0,0.5,0.25330672871332893,0.4388159093544499,0.06332668217833223,484.704908803864,121.176227200966,1.1467548577308626,1.7671552933108743,1.7260534515175943,0
common,4h,DASHUSDT,120,later,1,1,0,0.0,-1.0177534246575342,-1.0,-1.0177534246575342,-1146.543209876544,-1146.543209876544,0.0,0.0,1.0177534246575342,0
common,4h,DASHUSDT,120,full,5,5,0,0.4,-0.7644466959442052,-0.5611840906455501,-0.15288933918884104,-661.83830107268,-132.367660214536,0.7213919454091299,0.6278387427412142,1.7260534515175943,0
common,4h,DASHUSDT,150,earlier,4,4,0,0.5,0.25330672871332893,0.4388159093544499,0.06332668217833223,484.704908803864,121.176227200966,1.1467548577308626,1.7671552933108743,1.7260534515175943,0
common,4h,DASHUSDT,150,later,1,1,0,0.0,-1.0177534246575342,-1.0,-1.0177534246575342,-1146.543209876544,-1146.543209876544,0.0,0.0,1.0177534246575342,0
common,4h,DASHUSDT,150,full,5,5,0,0.4,-0.7644466959442052,-0.5611840906455501,-0.15288933918884104,-661.83830107268,-132.367660214536,0.7213919454091299,0.6278387427412142,1.7260534515175943,0
common,4h,DASHUSDT,200,earlier,4,4,0,0.5,0.25330672871332893,0.4388159093544499,0.06332668217833223,484.704908803864,121.176227200966,1.1467548577308626,1.7671552933108743,1.7260534515175943,0
common,4h,DASHUSDT,200,later,1,1,0,0.0,-1.0177534246575342,-1.0,-1.0177534246575342,-1146.543209876544,-1146.543209876544,0.0,0.0,1.0177534246575342,0
common,4h,DASHUSDT,200,full,5,5,0,0.4,-0.7644466959442052,-0.5611840906455501,-0.15288933918884104,-661.83830107268,-132.367660214536,0.7213919454091299,0.6278387427412142,1.7260534515175943,0
common,4h,ENAUSDT,0,earlier,6,6,0,0.3333333333333333,4.094244417206999,4.18630921631528,0.6823740695344999,7474.070615726324,1245.6784359543872,2.1644351140245104,2.5533518349010054,2.502790427973067,0
common,4h,ENAUSDT,0,later,6,6,0,0.5,4.409008258320732,4.553107652331418,0.734834709720122,3615.49709074538,602.5828484575633,2.481067174515147,2.337926113874574,2.046506277821221,0
common,4h,ENAUSDT,0,full,13,13,0,0.38461538461538464,7.488915003245954,7.739416868646697,0.5760703848650734,9674.64113771336,744.2031644394892,1.9975472597276898,2.0835299857074294,5.054846573797726,0
common,4h,ENAUSDT,20,earlier,6,6,0,0.3333333333333333,4.094244417206999,4.18630921631528,0.6823740695344999,7474.070615726324,1245.6784359543872,2.1644351140245104,2.5533518349010054,2.502790427973067,0
common,4h,ENAUSDT,20,later,6,6,0,0.5,4.409008258320732,4.553107652331418,0.734834709720122,3615.49709074538,602.5828484575633,2.481067174515147,2.337926113874574,2.046506277821221,0
common,4h,ENAUSDT,20,full,13,13,0,0.38461538461538464,7.488915003245954,7.739416868646697,0.5760703848650734,9674.64113771336,744.2031644394892,1.9975472597276898,2.0835299857074294,5.054846573797726,0
common,4h,ENAUSDT,30,earlier,6,6,0,0.3333333333333333,4.094244417206999,4.18630921631528,0.6823740695344999,7474.070615726324,1245.6784359543872,2.1644351140245104,2.5533518349010054,2.502790427973067,0
common,4h,ENAUSDT,30,later,6,6,0,0.5,4.409008258320732,4.553107652331418,0.734834709720122,3615.49709074538,602.5828484575633,2.481067174515147,2.337926113874574,2.046506277821221,0
common,4h,ENAUSDT,30,full,13,13,0,0.38461538461538464,7.488915003245954,7.739416868646697,0.5760703848650734,9674.64113771336,744.2031644394892,1.9975472597276898,2.0835299857074294,5.054846573797726,0
common,4h,ENAUSDT,50,earlier,5,5,0,0.4,5.111917184210551,5.18630921631528,1.02238343684211,8625.755314335289,1725.1510628670578,3.0460722666185425,3.3568336569005313,1.4851176609695154,0
common,4h,ENAUSDT,50,later,5,5,0,0.6,5.339415070052047,5.461338494337094,1.0678830140104094,4454.609718731728,890.9219437463456,3.6090391844468552,3.3908358343267766,2.046506277821221,0
common,4h,ENAUSDT,50,full,11,11,0,0.45454545454545453,9.436994581980821,9.647647710652375,0.8579085983618928,11665.438464308672,1060.4944058462431,2.6975304873467754,2.6813786544396385,4.037173806794174,0
common,4h,ENAUSDT,60,earlier,5,5,0,0.4,5.111917184210551,5.18630921631528,1.02238343684211,8625.755314335289,1725.1510628670578,3.0460722666185425,3.3568336569005313,1.4851176609695154,0
common,4h,ENAUSDT,60,later,5,5,0,0.6,5.339415070052047,5.461338494337094,1.0678830140104094,4454.609718731728,890.9219437463456,3.6090391844468552,3.3908358343267766,2.046506277821221,0
common,4h,ENAUSDT,60,full,11,11,0,0.45454545454545453,9.436994581980821,9.647647710652375,0.8579085983618928,11665.438464308672,1060.4944058462431,2.6975304873467754,2.6813786544396385,4.037173806794174,0
common,4h,ENAUSDT,90,earlier,5,5,0,0.4,5.111917184210551,5.18630921631528,1.02238343684211,8625.755314335289,1725.1510628670578,3.0460722666185425,3.3568336569005313,1.4851176609695154,0
common,4h,ENAUSDT,90,later,3,3,0,0.6666666666666666,5.848353382737021,5.92162863448954,1.949451127579007,5273.810799113823,1757.9369330379411,6.684745493011867,8.376752046136902,1.0287801608579088,0
common,4h,ENAUSDT,90,full,9,9,0,0.4444444444444444,9.945932894665795,10.10793785080482,1.105103654962866,12484.639544690765,1387.1821716323075,3.1899995347275105,3.1563381188295616,3.5282354941092002,0
common,4h,ENAUSDT,120,earlier,5,5,0,0.4,5.111917184210551,5.18630921631528,1.02238343684211,8625.755314335289,1725.1510628670578,3.0460722666185425,3.3568336569005313,1.4851176609695154,0
common,4h,ENAUSDT,120,later,3,3,0,0.6666666666666666,5.848353382737021,5.92162863448954,1.949451127579007,5273.810799113823,1757.9369330379411,6.684745493011867,8.376752046136902,1.0287801608579088,0
common,4h,ENAUSDT,120,full,9,9,0,0.4444444444444444,9.945932894665795,10.10793785080482,1.105103654962866,12484.639544690765,1387.1821716323075,3.1899995347275105,3.1563381188295616,3.5282354941092002,0
common,4h,ENAUSDT,150,earlier,4,4,0,0.5,6.125204524672779,6.18630921631528,1.5313011311681948,10150.947422331132,2537.736855582783,5.124390063932118,5.755211797031503,1.4851176609695154,0
common,4h,ENAUSDT,150,later,3,3,0,0.6666666666666666,5.848353382737021,5.92162863448954,1.949451127579007,5273.810799113823,1757.9369330379411,6.684745493011867,8.376752046136902,1.0287801608579088,0
common,4h,ENAUSDT,150,full,8,8,0,0.5,10.959220235128022,11.10793785080482,1.3699025293910028,14009.831652686611,1751.2289565858264,4.106147606480835,4.285184789153118,3.528235494109201,0
common,4h,ENAUSDT,200,earlier,3,3,0,0.3333333333333333,-1.1763154631673185,-1.1274162738807978,-0.39210515438910615,-1813.3614195119599,-604.4538065039867,0.20793113294511947,0.1505307578112903,1.4851176609695158,0
common,4h,ENAUSDT,200,later,3,3,0,0.6666666666666666,5.848353382737021,5.92162863448954,1.949451127579007,5273.810799113823,1757.9369330379411,6.684745493011867,8.376752046136902,1.0287801608579088,0
common,4h,ENAUSDT,200,full,7,7,0,0.42857142857142855,3.6577002472879254,3.794212360608742,0.5225286067554179,2045.5228108435192,292.21754440621703,2.0366939092911687,1.4796574713130266,3.5282354941092016,0
common,4h,ETHUSDT,0,earlier,6,6,0,0.5,1.621199533978984,1.7870745833058876,0.27019992232983064,1332.6231442449232,222.10385737415388,1.5264847082067519,1.5485472843382417,1.033731181355479,0
common,4h,ETHUSDT,0,later,4,4,0,0.25,-1.935935337677635,-1.7377464845954158,-0.48398383441940873,-1196.548415434531,-299.13710385863277,0.2213257894893366,0.10029082088185039,2.4861942408597644,0
common,4h,ETHUSDT,0,full,10,10,0,0.4,-0.3147358036986512,0.04932809871047206,-0.03147358036986512,136.07472881039237,13.607472881039238,0.9434486303159236,1.0361968661950351,2.4861942408597644,0
common,4h,ETHUSDT,20,earlier,6,6,0,0.5,1.621199533978984,1.7870745833058876,0.27019992232983064,1332.6231442449232,222.10385737415388,1.5264847082067519,1.5485472843382417,1.033731181355479,0
common,4h,ETHUSDT,20,later,4,4,0,0.25,-1.935935337677635,-1.7377464845954158,-0.48398383441940873,-1196.548415434531,-299.13710385863277,0.2213257894893366,0.10029082088185039,2.4861942408597644,0
common,4h,ETHUSDT,20,full,10,10,0,0.4,-0.3147358036986512,0.04932809871047206,-0.03147358036986512,136.07472881039237,13.607472881039238,0.9434486303159236,1.0361968661950351,2.4861942408597644,0
common,4h,ETHUSDT,30,earlier,5,5,0,0.6,2.654930715334463,2.7870745833058885,0.5309861430668926,1945.5463445689436,389.1092689137887,2.2978994366809085,2.071073831141895,1.025227212806026,0
common,4h,ETHUSDT,30,later,4,4,0,0.25,-1.935935337677635,-1.7377464845954158,-0.48398383441940873,-1196.548415434531,-299.13710385863277,0.2213257894893366,0.10029082088185039,2.4861942408597644,0
common,4h,ETHUSDT,30,full,9,9,0,0.4444444444444444,0.7189953776568281,1.0493280987104727,0.07988837529520312,748.9979291344123,83.22199212604582,1.1586571987864174,1.2380512459652768,2.4861942408597644,0
common,4h,ETHUSDT,50,earlier,5,5,0,0.4,0.9249969316076931,1.044768163716217,0.18499938632153862,901.5574605074326,180.31149210148652,1.3008414496336058,1.3573638829075567,2.0543666550371027,0
common,4h,ETHUSDT,50,later,4,4,0,0.25,-1.935935337677635,-1.7377464845954158,-0.48398383441940873,-1196.548415434531,-299.13710385863277,0.2213257894893366,0.10029082088185039,2.4861942408597644,0
common,4h,ETHUSDT,50,full,9,9,0,0.3333333333333333,-1.0109384060699418,-0.692978320879199,-0.11232648956332686,-294.99095492709876,-32.77677276967764,0.818205754757416,0.9234332175028761,3.9903019927147376,0
common,4h,ETHUSDT,60,earlier,4,4,0,0.5,1.9541363738387696,2.044768163716218,0.4885340934596924,1607.9123962471115,401.97809906177787,1.955306473405841,1.8851975668410554,1.025227212806026,0
common,4h,ETHUSDT,60,later,2,2,0,0.0,-1.4427785710033056,-1.3705156112034094,-0.7213892855016528,-849.264817127301,-424.6324085636505,0.0,0.0,1.4427785710033056,0
common,4h,ETHUSDT,60,full,6,6,0,0.3333333333333333,0.511357802835464,0.6742525525128086,0.08522630047257733,758.6475791198105,126.4412631866351,1.1465906602729927,1.284594996076093,2.468005783809332,0
common,4h,ETHUSDT,90,earlier,4,4,0,0.25,-1.8410366711042563,-1.7425572927821782,-0.46025916777606407,-1138.7500211159338,-284.68750527898345,0.4021231598769881,0.5312566539753457,2.0455596483837475,0
common,4h,ETHUSDT,90,later,1,1,0,0.0,-0.5921114013058766,-0.5683576092415873,-0.5921114013058766,-498.540527511005,-498.540527511005,0.0,0.0,0.5921114013058766,0
common,4h,ETHUSDT,90,full,5,5,0,0.2,-2.433148072410133,-2.3109149020237654,-0.48662961448202663,-1637.290548626939,-327.45810972538777,0.33727008938557196,0.44079857362034824,2.6376710496896245,0
common,4h,ETHUSDT,120,earlier,4,4,0,0.25,-1.8410366711042563,-1.7425572927821782,-0.46025916777606407,-1138.7500211159338,-284.68750527898345,0.4021231598769881,0.5312566539753457,2.0455596483837475,0
common,4h,ETHUSDT,120,later,0,0,0,,0.0,0.0,,0.0,,,,0.0,0
common,4h,ETHUSDT,120,full,4,4,0,0.25,-1.8410366711042563,-1.7425572927821782,-0.46025916777606407,-1138.7500211159338,-284.68750527898345,0.4021231598769881,0.5312566539753457,2.0455596483837475,0
common,4h,ETHUSDT,150,earlier,2,2,0,0.0,-2.058958394161505,-2.0000000000000004,-1.0294791970807524,-1425.717876207609,-712.8589381038045,0.0,0.0,2.058958394161505,0
common,4h,ETHUSDT,150,later,0,0,0,,0.0,0.0,,0.0,,,,0.0,0
common,4h,ETHUSDT,150,full,2,2,0,0.0,-2.058958394161505,-2.0000000000000004,-1.0294791970807524,-1425.717876207609,-712.8589381038045,0.0,0.0,2.058958394161505,0
common,4h,ETHUSDT,200,earlier,3,3,0,0.3333333333333333,-1.3581640526658116,-1.2576935804103297,-0.4527213508886039,-1088.083927885777,-362.6946426285923,0.3403635272489741,0.236816802227334,2.058958394161505,0
common,4h,ETHUSDT,200,later,0,0,0,,0.0,0.0,,0.0,,,,0.0,0
common,4h,ETHUSDT,200,full,3,3,0,0.3333333333333333,-1.3581640526658116,-1.2576935804103297,-0.4527213508886039,-1088.083927885777,-362.6946426285923,0.3403635272489741,0.236816802227334,2.058958394161505,0
common,4h,FILUSDT,0,earlier,11,11,0,0.36363636363636365,-0.6974934924824716,-0.38876708907792945,-0.06340849931658833,-306.7510242350291,-27.886456748639006,0.8947400613941638,0.9411680923610728,4.123313169608216,0
common,4h,FILUSDT,0,later,5,5,0,0.2,0.8950520576618002,1.0294767870302175,0.17901041153236003,-477.76175277336574,-95.55235055467315,1.2183095251282154,0.8583646894547258,3.06951314007249,0
common,4h,FILUSDT,0,full,16,16,0,0.3125,0.19755856517932813,0.6407096979522886,0.012347410323708008,-784.5127770083951,-49.032048563024695,1.0184181242380983,0.9086416863708494,4.123313169608216,0
common,4h,FILUSDT,20,earlier,11,11,0,0.36363636363636365,-0.6974934924824716,-0.38876708907792945,-0.06340849931658833,-306.7510242350291,-27.886456748639006,0.8947400613941638,0.9411680923610728,4.123313169608216,0
common,4h,FILUSDT,20,later,5,5,0,0.2,0.8950520576618002,1.0294767870302175,0.17901041153236003,-477.76175277336574,-95.55235055467315,1.2183095251282154,0.8583646894547258,3.06951314007249,0
common,4h,FILUSDT,20,full,16,16,0,0.3125,0.19755856517932813,0.6407096979522886,0.012347410323708008,-784.5127770083951,-49.032048563024695,1.0184181242380983,0.9086416863708494,4.123313169608216,0
common,4h,FILUSDT,30,earlier,11,11,0,0.36363636363636365,-0.6974934924824716,-0.38876708907792945,-0.06340849931658833,-306.7510242350291,-27.886456748639006,0.8947400613941638,0.9411680923610728,4.123313169608216,0
common,4h,FILUSDT,30,later,5,5,0,0.2,0.8950520576618002,1.0294767870302175,0.17901041153236003,-477.76175277336574,-95.55235055467315,1.2183095251282154,0.8583646894547258,3.06951314007249,0
common,4h,FILUSDT,30,full,16,16,0,0.3125,0.19755856517932813,0.6407096979522886,0.012347410323708008,-784.5127770083951,-49.032048563024695,1.0184181242380983,0.9086416863708494,4.123313169608216,0
common,4h,FILUSDT,50,earlier,10,10,0,0.3,-1.5771564138307868,-1.2988794486284916,-0.15771564138307867,-884.5370020948081,-88.45370020948081,0.7619886220002243,0.8303542772506485,4.123313169608216,0
common,4h,FILUSDT,50,later,5,5,0,0.2,0.8950520576618002,1.0294767870302175,0.17901041153236003,-477.76175277336574,-95.55235055467315,1.2183095251282154,0.8583646894547258,3.06951314007249,0
common,4h,FILUSDT,50,full,15,15,0,0.26666666666666666,-0.6821043561689863,-0.26940266159827375,-0.04547362374459909,-1362.2987548681742,-90.81991699121161,0.9364083113082712,0.8413571830168979,4.123313169608216,0
common,4h,FILUSDT,60,earlier,10,10,0,0.3,-1.5771564138307868,-1.2988794486284916,-0.15771564138307867,-884.5370020948081,-88.45370020948081,0.7619886220002243,0.8303542772506485,4.123313169608216,0
common,4h,FILUSDT,60,later,4,4,0,0.25,1.9183853909951332,2.029476787030217,0.4795963477487833,399.3811043694903,99.84527609237257,1.6235429903760616,1.160005913131693,2.0461798067391577,0
common,4h,FILUSDT,60,full,14,14,0,0.2857142857142857,0.34122897716434664,0.7305973384017259,0.0243734983688819,-485.15589772531814,-34.65399269466558,1.0351674423120565,0.9370749879192828,4.123313169608216,0
common,4h,FILUSDT,90,earlier,10,10,0,0.3,-1.5771564138307868,-1.2988794486284916,-0.15771564138307867,-884.5370020948081,-88.45370020948081,0.7619886220002243,0.8303542772506485,4.123313169608216,0
common,4h,FILUSDT,90,later,3,3,0,0.3333333333333333,2.945188112083568,3.029476787030216,0.9817293706945227,1165.5739977705043,388.52466592350146,2.4368270514772274,1.6738018782811095,1.0304090100770604,0
common,4h,FILUSDT,90,full,13,13,0,0.3076923076923077,1.3680316982527814,1.730597338401725,0.10523320755790626,281.03699567569583,21.61823043659199,1.1576767865797666,1.0404726662908075,4.123313169608216,0
common,4h,FILUSDT,120,earlier,9,9,0,0.2222222222222222,-2.5949073334314203,-2.3556319446873495,-0.2883230370479356,-1406.4394542640355,-156.27105047378174,0.6083980860772127,0.7302583869789856,4.123313169608216,0
common,4h,FILUSDT,120,later,3,3,0,0.3333333333333333,2.945188112083568,3.029476787030216,0.9817293706945227,1165.5739977705043,388.52466592350146,2.4368270514772274,1.6738018782811095,1.0304090100770604,0
common,4h,FILUSDT,120,full,12,12,0,0.25,0.3502807786521476,0.6738448423428671,0.029190064887678963,-240.8654564935314,-20.072121374460952,1.0403727104050797,0.9653125126170401,4.123313169608216,0
common,4h,FILUSDT,150,earlier,8,8,0,0.125,-4.881687131411219,-4.661490530545937,-0.6102108914264024,-3803.635557610077,-475.4544447012596,0.2632962267269351,0.2704991405472804,6.177749049812884,0
common,4h,FILUSDT,150,later,3,3,0,0.3333333333333333,2.945188112083568,3.029476787030216,0.9817293706945227,1165.5739977705043,388.52466592350146,2.4368270514772274,1.6738018782811095,1.0304090100770604,0
common,4h,FILUSDT,150,full,11,11,0,0.18181818181818182,-1.9364990193276512,-1.6320137435157196,-0.17604536539342283,-2638.0615598395725,-239.82377816723385,0.776802728348745,0.6200877933907286,6.177749049812884,0
common,4h,FILUSDT,200,earlier,8,8,0,0.125,-4.881687131411219,-4.661490530545937,-0.6102108914264024,-3803.635557610077,-475.4544447012596,0.2632962267269351,0.2704991405472804,6.177749049812884,0
common,4h,FILUSDT,200,later,2,2,0,0.5,3.9755971221606288,4.029476787030217,1.9877985610803144,1843.2738028387291,921.6369014193646,4.900025984616668,2.751916678239817,1.0193770856507225,0
common,4h,FILUSDT,200,full,10,10,0,0.2,-0.9060900092505906,-0.6320137435157196,-0.09060900092505905,-1960.3617547713475,-196.03617547713475,0.8814913009863037,0.6871516075287466,6.177749049812884,0
common,4h,HYPEUSDT,0,earlier,0,0,0,,0.0,0.0,,0.0,,,,0.0,0
common,4h,HYPEUSDT,0,later,3,3,0,0.0,-3.0815946772589786,-2.999999999999999,-1.0271982257529928,-2279.841186560941,-759.9470621869802,0.0,0.0,3.0815946772589786,0
common,4h,HYPEUSDT,0,full,3,3,0,0.0,-3.0815946772589786,-2.999999999999999,-1.0271982257529928,-2279.841186560941,-759.9470621869802,0.0,0.0,3.0815946772589786,0
common,4h,HYPEUSDT,20,earlier,0,0,0,,0.0,0.0,,0.0,,,,0.0,0
common,4h,HYPEUSDT,20,later,3,3,0,0.0,-3.0815946772589786,-2.999999999999999,-1.0271982257529928,-2279.841186560941,-759.9470621869802,0.0,0.0,3.0815946772589786,0
common,4h,HYPEUSDT,20,full,3,3,0,0.0,-3.0815946772589786,-2.999999999999999,-1.0271982257529928,-2279.841186560941,-759.9470621869802,0.0,0.0,3.0815946772589786,0
common,4h,HYPEUSDT,30,earlier,0,0,0,,0.0,0.0,,0.0,,,,0.0,0
common,4h,HYPEUSDT,30,later,3,3,0,0.0,-3.0815946772589786,-2.999999999999999,-1.0271982257529928,-2279.841186560941,-759.9470621869802,0.0,0.0,3.0815946772589786,0
common,4h,HYPEUSDT,30,full,3,3,0,0.0,-3.0815946772589786,-2.999999999999999,-1.0271982257529928,-2279.841186560941,-759.9470621869802,0.0,0.0,3.0815946772589786,0
common,4h,HYPEUSDT,50,earlier,0,0,0,,0.0,0.0,,0.0,,,,0.0,0
common,4h,HYPEUSDT,50,later,2,2,0,0.0,-2.057335952270612,-1.9999999999999991,-1.028667976135306,-1435.395548565086,-717.697774282543,0.0,0.0,2.057335952270612,0
common,4h,HYPEUSDT,50,full,2,2,0,0.0,-2.057335952270612,-1.9999999999999991,-1.028667976135306,-1435.395548565086,-717.697774282543,0.0,0.0,2.057335952270612,0
common,4h,HYPEUSDT,60,earlier,0,0,0,,0.0,0.0,,0.0,,,,0.0,0
common,4h,HYPEUSDT,60,later,2,2,0,0.0,-2.057335952270612,-1.9999999999999991,-1.028667976135306,-1435.395548565086,-717.697774282543,0.0,0.0,2.057335952270612,0
common,4h,HYPEUSDT,60,full,2,2,0,0.0,-2.057335952270612,-1.9999999999999991,-1.028667976135306,-1435.395548565086,-717.697774282543,0.0,0.0,2.057335952270612,0
common,4h,HYPEUSDT,90,earlier,0,0,0,,0.0,0.0,,0.0,,,,0.0,0
common,4h,HYPEUSDT,90,later,2,2,0,0.0,-2.057335952270612,-1.9999999999999991,-1.028667976135306,-1435.395548565086,-717.697774282543,0.0,0.0,2.057335952270612,0
common,4h,HYPEUSDT,90,full,2,2,0,0.0,-2.057335952270612,-1.9999999999999991,-1.028667976135306,-1435.395548565086,-717.697774282543,0.0,0.0,2.057335952270612,0
common,4h,HYPEUSDT,120,earlier,0,0,0,,0.0,0.0,,0.0,,,,0.0,0
common,4h,HYPEUSDT,120,later,2,2,0,0.0,-2.057335952270612,-1.9999999999999991,-1.028667976135306,-1435.395548565086,-717.697774282543,0.0,0.0,2.057335952270612,0
common,4h,HYPEUSDT,120,full,2,2,0,0.0,-2.057335952270612,-1.9999999999999991,-1.028667976135306,-1435.395548565086,-717.697774282543,0.0,0.0,2.057335952270612,0
common,4h,HYPEUSDT,150,earlier,0,0,0,,0.0,0.0,,0.0,,,,0.0,0
common,4h,HYPEUSDT,150,later,2,2,0,0.0,-2.057335952270612,-1.9999999999999991,-1.028667976135306,-1435.395548565086,-717.697774282543,0.0,0.0,2.057335952270612,0
common,4h,HYPEUSDT,150,full,2,2,0,0.0,-2.057335952270612,-1.9999999999999991,-1.028667976135306,-1435.395548565086,-717.697774282543,0.0,0.0,2.057335952270612,0
common,4h,HYPEUSDT,200,earlier,0,0,0,,0.0,0.0,,0.0,,,,0.0,0
common,4h,HYPEUSDT,200,later,2,2,0,0.0,-2.057335952270612,-1.9999999999999991,-1.028667976135306,-1435.395548565086,-717.697774282543,0.0,0.0,2.057335952270612,0
common,4h,HYPEUSDT,200,full,2,2,0,0.0,-2.057335952270612,-1.9999999999999991,-1.028667976135306,-1435.395548565086,-717.697774282543,0.0,0.0,2.057335952270612,0
common,4h,JUPUSDT,0,earlier,4,4,0,0.25,-2.3473028093129553,-2.262820512820512,-0.5868257023282388,-2628.7637368865926,-657.1909342216481,0.23411181426504743,0.21722795321852578,3.064811356321503,0
common,4h,JUPUSDT,0,later,4,4,0,0.25,-2.481607124357012,-2.3771929824561395,-0.620401781089253,-2362.726800093147,-590.6817000232868,0.19281490034886584,0.14322211012355793,3.074396598041223,0
common,4h,JUPUSDT,0,full,8,8,0,0.25,-4.8289099336699675,-4.640013495276651,-0.6036137417087459,-4991.49053697974,-623.9363171224675,0.21343111854707852,0.1838587093450652,6.1392079543627265,0
common,4h,JUPUSDT,20,earlier,4,4,0,0.25,-2.3473028093129553,-2.262820512820512,-0.5868257023282388,-2628.7637368865926,-657.1909342216481,0.23411181426504743,0.21722795321852578,3.064811356321503,0
common,4h,JUPUSDT,20,later,4,4,0,0.25,-2.481607124357012,-2.3771929824561395,-0.620401781089253,-2362.726800093147,-590.6817000232868,0.19281490034886584,0.14322211012355793,3.074396598041223,0
common,4h,JUPUSDT,20,full,8,8,0,0.25,-4.8289099336699675,-4.640013495276651,-0.6036137417087459,-4991.49053697974,-623.9363171224675,0.21343111854707852,0.1838587093450652,6.1392079543627265,0
common,4h,JUPUSDT,30,earlier,4,4,0,0.25,-2.3473028093129553,-2.262820512820512,-0.5868257023282388,-2628.7637368865926,-657.1909342216481,0.23411181426504743,0.21722795321852578,3.064811356321503,0
common,4h,JUPUSDT,30,later,4,4,0,0.25,-2.481607124357012,-2.3771929824561395,-0.620401781089253,-2362.726800093147,-590.6817000232868,0.19281490034886584,0.14322211012355793,3.074396598041223,0
common,4h,JUPUSDT,30,full,8,8,0,0.25,-4.8289099336699675,-4.640013495276651,-0.6036137417087459,-4991.49053697974,-623.9363171224675,0.21343111854707852,0.1838587093450652,6.1392079543627265,0
common,4h,JUPUSDT,50,earlier,4,4,0,0.25,-2.3473028093129553,-2.262820512820512,-0.5868257023282388,-2628.7637368865926,-657.1909342216481,0.23411181426504743,0.21722795321852578,3.064811356321503,0
common,4h,JUPUSDT,50,later,4,4,0,0.25,-2.481607124357012,-2.3771929824561395,-0.620401781089253,-2362.726800093147,-590.6817000232868,0.19281490034886584,0.14322211012355793,3.074396598041223,0
common,4h,JUPUSDT,50,full,8,8,0,0.25,-4.8289099336699675,-4.640013495276651,-0.6036137417087459,-4991.49053697974,-623.9363171224675,0.21343111854707852,0.1838587093450652,6.1392079543627265,0
common,4h,JUPUSDT,60,earlier,4,4,0,0.25,-2.3473028093129553,-2.262820512820512,-0.5868257023282388,-2628.7637368865926,-657.1909342216481,0.23411181426504743,0.21722795321852578,3.064811356321503,0
common,4h,JUPUSDT,60,later,4,4,0,0.25,-2.481607124357012,-2.3771929824561395,-0.620401781089253,-2362.726800093147,-590.6817000232868,0.19281490034886584,0.14322211012355793,3.074396598041223,0
common,4h,JUPUSDT,60,full,8,8,0,0.25,-4.8289099336699675,-4.640013495276651,-0.6036137417087459,-4991.49053697974,-623.9363171224675,0.21343111854707852,0.1838587093450652,6.1392079543627265,0
common,4h,JUPUSDT,90,earlier,3,3,0,0.0,-3.0648113563215036,-3.0,-1.0216037854405011,-3358.2749252420126,-1119.4249750806707,0.0,0.0,3.0648113563215036,0
common,4h,JUPUSDT,90,later,3,3,0,0.3333333333333333,-1.4576071243570123,-1.3771929824561395,-0.48586904145233745,-1509.3934667598153,-503.1311555866051,0.2891096650523669,0.20739930923206296,2.050396598041223,0
common,4h,JUPUSDT,90,full,6,6,0,0.16666666666666666,-4.522418480678516,-4.3771929824561395,-0.7537364134464193,-4867.668392001828,-811.278065333638,0.1158876587174964,0.07505030380451701,5.1152079543627265,0
common,4h,JUPUSDT,120,earlier,3,3,0,0.0,-3.0648113563215036,-3.0,-1.0216037854405011,-3358.2749252420126,-1119.4249750806707,0.0,0.0,3.0648113563215036,0
common,4h,JUPUSDT,120,later,3,3,0,0.0,-3.079839220992042,-2.999999999999999,-1.026613073664014,-2603.642782402471,-867.8809274674903,0.0,0.0,3.079839220992042,0
common,4h,JUPUSDT,120,full,6,6,0,0.0,-6.144650577313546,-5.999999999999998,-1.0241084295522576,-5961.917707644484,-993.6529512740806,0.0,0.0,6.144650577313546,0
common,4h,JUPUSDT,150,earlier,1,1,0,0.0,-1.0270612244897956,-0.9999999999999996,-1.0270612244897956,-759.064856711915,-759.064856711915,0.0,0.0,1.0270612244897956,0
common,4h,JUPUSDT,150,later,2,2,0,0.0,-2.050396598041223,-1.9999999999999993,-1.0251982990206114,-1904.355477279978,-952.177738639989,0.0,0.0,2.050396598041223,0
common,4h,JUPUSDT,150,full,3,3,0,0.0,-3.077457822531019,-2.999999999999999,-1.0258192741770065,-2663.4203339918927,-887.8067779972976,0.0,0.0,3.077457822531019,0
common,4h,JUPUSDT,200,earlier,1,1,0,0.0,-1.0270612244897956,-0.9999999999999996,-1.0270612244897956,-759.064856711915,-759.064856711915,0.0,0.0,1.0270612244897956,0
common,4h,JUPUSDT,200,later,2,2,0,0.0,-2.050396598041223,-1.9999999999999993,-1.0251982990206114,-1904.355477279978,-952.177738639989,0.0,0.0,2.050396598041223,0
common,4h,JUPUSDT,200,full,3,3,0,0.0,-3.077457822531019,-2.999999999999999,-1.0258192741770065,-2663.4203339918927,-887.8067779972976,0.0,0.0,3.077457822531019,0
common,4h,MUBARAKUSDT,0,earlier,0,0,0,,0.0,0.0,,0.0,,,,0.0,0
common,4h,MUBARAKUSDT,0,later,2,2,0,0.5,-0.7668733333333331,-0.7277777777777775,-0.38343666666666654,-726.633200034035,-363.3166000170175,0.24848758052082145,0.27225595778802947,1.0204400000000002,0
common,4h,MUBARAKUSDT,0,full,2,2,0,0.5,-0.7668733333333331,-0.7277777777777775,-0.38343666666666654,-726.633200034035,-363.3166000170175,0.24848758052082145,0.27225595778802947,1.0204400000000002,0
common,4h,MUBARAKUSDT,20,earlier,0,0,0,,0.0,0.0,,0.0,,,,0.0,0
common,4h,MUBARAKUSDT,20,later,2,2,0,0.5,-0.7668733333333331,-0.7277777777777775,-0.38343666666666654,-726.633200034035,-363.3166000170175,0.24848758052082145,0.27225595778802947,1.0204400000000002,0
common,4h,MUBARAKUSDT,20,full,2,2,0,0.5,-0.7668733333333331,-0.7277777777777775,-0.38343666666666654,-726.633200034035,-363.3166000170175,0.24848758052082145,0.27225595778802947,1.0204400000000002,0
common,4h,MUBARAKUSDT,30,earlier,0,0,0,,0.0,0.0,,0.0,,,,0.0,0
common,4h,MUBARAKUSDT,30,later,2,2,0,0.5,-0.7668733333333331,-0.7277777777777775,-0.38343666666666654,-726.633200034035,-363.3166000170175,0.24848758052082145,0.27225595778802947,1.0204400000000002,0
common,4h,MUBARAKUSDT,30,full,2,2,0,0.5,-0.7668733333333331,-0.7277777777777775,-0.38343666666666654,-726.633200034035,-363.3166000170175,0.24848758052082145,0.27225595778802947,1.0204400000000002,0
common,4h,MUBARAKUSDT,50,earlier,0,0,0,,0.0,0.0,,0.0,,,,0.0,0
common,4h,MUBARAKUSDT,50,later,1,1,0,0.0,-1.0204400000000002,-1.0000000000000002,-1.0204400000000002,-998.4735812133081,-998.4735812133081,0.0,0.0,1.0204400000000002,0
common,4h,MUBARAKUSDT,50,full,1,1,0,0.0,-1.0204400000000002,-1.0000000000000002,-1.0204400000000002,-998.4735812133081,-998.4735812133081,0.0,0.0,1.0204400000000002,0
common,4h,MUBARAKUSDT,60,earlier,0,0,0,,0.0,0.0,,0.0,,,,0.0,0
common,4h,MUBARAKUSDT,60,later,1,1,0,0.0,-1.0204400000000002,-1.0000000000000002,-1.0204400000000002,-998.4735812133081,-998.4735812133081,0.0,0.0,1.0204400000000002,0
common,4h,MUBARAKUSDT,60,full,1,1,0,0.0,-1.0204400000000002,-1.0000000000000002,-1.0204400000000002,-998.4735812133081,-998.4735812133081,0.0,0.0,1.0204400000000002,0
common,4h,MUBARAKUSDT,90,earlier,0,0,0,,0.0,0.0,,0.0,,,,0.0,0
common,4h,MUBARAKUSDT,90,later,1,1,0,0.0,-1.0204400000000002,-1.0000000000000002,-1.0204400000000002,-998.4735812133081,-998.4735812133081,0.0,0.0,1.0204400000000002,0
common,4h,MUBARAKUSDT,90,full,1,1,0,0.0,-1.0204400000000002,-1.0000000000000002,-1.0204400000000002,-998.4735812133081,-998.4735812133081,0.0,0.0,1.0204400000000002,0
common,4h,MUBARAKUSDT,120,earlier,0,0,0,,0.0,0.0,,0.0,,,,0.0,0
common,4h,MUBARAKUSDT,120,later,1,1,0,0.0,-1.0204400000000002,-1.0000000000000002,-1.0204400000000002,-998.4735812133081,-998.4735812133081,0.0,0.0,1.0204400000000002,0
common,4h,MUBARAKUSDT,120,full,1,1,0,0.0,-1.0204400000000002,-1.0000000000000002,-1.0204400000000002,-998.4735812133081,-998.4735812133081,0.0,0.0,1.0204400000000002,0
common,4h,MUBARAKUSDT,150,earlier,0,0,0,,0.0,0.0,,0.0,,,,0.0,0
common,4h,MUBARAKUSDT,150,later,1,1,0,0.0,-1.0204400000000002,-1.0000000000000002,-1.0204400000000002,-998.4735812133081,-998.4735812133081,0.0,0.0,1.0204400000000002,0
common,4h,MUBARAKUSDT,150,full,1,1,0,0.0,-1.0204400000000002,-1.0000000000000002,-1.0204400000000002,-998.4735812133081,-998.4735812133081,0.0,0.0,1.0204400000000002,0
common,4h,MUBARAKUSDT,200,earlier,0,0,0,,0.0,0.0,,0.0,,,,0.0,0
common,4h,MUBARAKUSDT,200,later,1,1,0,0.0,-1.0204400000000002,-1.0000000000000002,-1.0204400000000002,-998.4735812133081,-998.4735812133081,0.0,0.0,1.0204400000000002,0
common,4h,MUBARAKUSDT,200,full,1,1,0,0.0,-1.0204400000000002,-1.0000000000000002,-1.0204400000000002,-998.4735812133081,-998.4735812133081,0.0,0.0,1.0204400000000002,0
common,4h,NEARUSDT,0,earlier,9,9,0,0.2222222222222222,-3.8638149874081016,-3.683024813676507,-0.42931277637867793,-3299.9773589757597,-366.6641509973066,0.41689200675087923,0.50228284725529,3.8638149874081016,0
common,4h,NEARUSDT,0,later,3,3,0,1.0,1.5092037528604199,1.6179405034325025,0.5030679176201399,696.971476866457,232.32382562215233,,,0.0,0
common,4h,NEARUSDT,0,full,12,12,0,0.4166666666666667,-2.354611234547682,-2.0650843102440044,-0.1962176028789735,-2603.0058821093025,-216.9171568424419,0.6446536295517723,0.6074031621164553,3.8638149874081016,0
common,4h,NEARUSDT,20,earlier,9,9,0,0.2222222222222222,-3.8638149874081016,-3.683024813676507,-0.42931277637867793,-3299.9773589757597,-366.6641509973066,0.41689200675087923,0.50228284725529,3.8638149874081016,0
common,4h,NEARUSDT,20,later,3,3,0,1.0,1.5092037528604199,1.6179405034325025,0.5030679176201399,696.971476866457,232.32382562215233,,,0.0,0
common,4h,NEARUSDT,20,full,12,12,0,0.4166666666666667,-2.354611234547682,-2.0650843102440044,-0.1962176028789735,-2603.0058821093025,-216.9171568424419,0.6446536295517723,0.6074031621164553,3.8638149874081016,0
common,4h,NEARUSDT,30,earlier,9,9,0,0.2222222222222222,-3.8638149874081016,-3.683024813676507,-0.42931277637867793,-3299.9773589757597,-366.6641509973066,0.41689200675087923,0.50228284725529,3.8638149874081016,0
common,4h,NEARUSDT,30,later,3,3,0,1.0,0.9449837528604118,1.0354405034324943,0.31499458428680394,609.037745976924,203.01258199230801,,,0.0,0
common,4h,NEARUSDT,30,full,12,12,0,0.4166666666666667,-2.9188312345476897,-2.647584310244013,-0.24323593621230746,-2690.9396129988354,-224.24496774990297,0.5595043164963556,0.5941406086478637,3.8638149874081016,0
common,4h,NEARUSDT,50,earlier,8,8,0,0.25,-2.8442752384541263,-2.6830248136765062,-0.3555344048067658,-2256.4227551213708,-282.05284439017134,0.49270090694013996,0.5961060761212037,2.8442752384541263,0
common,4h,NEARUSDT,50,later,3,3,0,0.6666666666666666,0.2802546845374373,0.38315789473684925,0.09341822817914576,-357.785975290556,-119.26199176351868,1.2740885435150064,0.6064010877943422,1.0224968944099382,0
common,4h,NEARUSDT,50,full,11,11,0,0.36363636363636365,-2.5640205539166887,-2.2998669189396574,-0.23309277762878988,-2614.208730411927,-237.65533912835699,0.6132232128339984,0.5975467690492375,3.7333405539166966,0
common,4h,NEARUSDT,60,earlier,8,8,0,0.25,-2.8442752384541263,-2.6830248136765062,-0.3555344048067658,-2256.4227551213708,-282.05284439017134,0.49270090694013996,0.5961060761212037,2.8442752384541263,0
common,4h,NEARUSDT,60,later,3,3,0,0.6666666666666666,0.2802546845374373,0.38315789473684925,0.09341822817914576,-357.785975290556,-119.26199176351868,1.2740885435150064,0.6064010877943422,1.0224968944099382,0
common,4h,NEARUSDT,60,full,11,11,0,0.36363636363636365,-2.5640205539166887,-2.2998669189396574,-0.23309277762878988,-2614.208730411927,-237.65533912835699,0.6132232128339984,0.5975467690492375,3.7333405539166966,0
common,4h,NEARUSDT,90,earlier,7,7,0,0.14285714285714285,-3.6740653815383872,-3.527221951991293,-0.5248664830769124,-3408.349482113205,-486.907068873315,0.34470124033774524,0.3899141270595285,3.6740653815383872,0
common,4h,NEARUSDT,90,later,1,1,0,1.0,0.1334315789473678,0.1631578947368415,0.1334315789473678,89.77337110481501,89.77337110481501,,,0.0,0
common,4h,NEARUSDT,90,full,8,8,0,0.25,-3.54063380259102,-3.364064057254451,-0.4425792253238775,-3318.57611100839,-414.82201387604874,0.36849982286252736,0.40598333174781426,3.6740653815383872,0
common,4h,NEARUSDT,120,earlier,7,7,0,0.14285714285714285,-3.6740653815383872,-3.527221951991293,-0.5248664830769124,-3408.349482113205,-486.907068873315,0.34470124033774524,0.3899141270595285,3.6740653815383872,0
common,4h,NEARUSDT,120,later,1,1,0,1.0,0.1334315789473678,0.1631578947368415,0.1334315789473678,89.77337110481501,89.77337110481501,,,0.0,0
common,4h,NEARUSDT,120,full,8,8,0,0.25,-3.54063380259102,-3.364064057254451,-0.4425792253238775,-3318.57611100839,-414.82201387604874,0.36849982286252736,0.40598333174781426,3.6740653815383872,0
common,4h,NEARUSDT,150,earlier,7,7,0,0.14285714285714285,-3.6740653815383872,-3.527221951991293,-0.5248664830769124,-3408.349482113205,-486.907068873315,0.34470124033774524,0.3899141270595285,3.6740653815383872,0
common,4h,NEARUSDT,150,later,1,1,0,1.0,0.1334315789473678,0.1631578947368415,0.1334315789473678,89.77337110481501,89.77337110481501,,,0.0,0
common,4h,NEARUSDT,150,full,8,8,0,0.25,-3.54063380259102,-3.364064057254451,-0.4425792253238775,-3318.57611100839,-414.82201387604874,0.36849982286252736,0.40598333174781426,3.6740653815383872,0
common,4h,NEARUSDT,200,earlier,7,7,0,0.14285714285714285,-3.6740653815383872,-3.527221951991293,-0.5248664830769124,-3408.349482113205,-486.907068873315,0.34470124033774524,0.3899141270595285,3.6740653815383872,0
common,4h,NEARUSDT,200,later,1,1,0,1.0,0.1334315789473678,0.1631578947368415,0.1334315789473678,89.77337110481501,89.77337110481501,,,0.0,0
common,4h,NEARUSDT,200,full,8,8,0,0.25,-3.54063380259102,-3.364064057254451,-0.4425792253238775,-3318.57611100839,-414.82201387604874,0.36849982286252736,0.40598333174781426,3.6740653815383872,0
common,4h,ONEUSDT,0,earlier,5,5,0,0.0,-3.3319938404744454,-3.2372152952576583,-0.6663987680948891,-3756.250459463901,-751.2500918927801,0.0,0.0,3.3319938404744454,0
common,4h,ONEUSDT,0,later,7,7,0,0.0,-7.216791134561692,-6.999999999999999,-1.0309701620802418,-5022.177592630553,-717.4539418043646,0.0,0.0,7.216791134561692,0
common,4h,ONEUSDT,0,full,12,12,0,0.0,-10.548784975036137,-10.23721529525766,-0.8790654145863447,-8778.428052094452,-731.5356710078711,0.0,0.0,10.548784975036137,0
common,4h,ONEUSDT,20,earlier,5,5,0,0.0,-3.3319938404744454,-3.2372152952576583,-0.6663987680948891,-3756.250459463901,-751.2500918927801,0.0,0.0,3.3319938404744454,0
common,4h,ONEUSDT,20,later,7,7,0,0.0,-7.216791134561692,-6.999999999999999,-1.0309701620802418,-5022.177592630553,-717.4539418043646,0.0,0.0,7.216791134561692,0
common,4h,ONEUSDT,20,full,12,12,0,0.0,-10.548784975036137,-10.23721529525766,-0.8790654145863447,-8778.428052094452,-731.5356710078711,0.0,0.0,10.548784975036137,0
common,4h,ONEUSDT,30,earlier,5,5,0,0.0,-3.3319938404744454,-3.2372152952576583,-0.6663987680948891,-3756.250459463901,-751.2500918927801,0.0,0.0,3.3319938404744454,0
common,4h,ONEUSDT,30,later,7,7,0,0.0,-7.216791134561692,-6.999999999999999,-1.0309701620802418,-5022.177592630553,-717.4539418043646,0.0,0.0,7.216791134561692,0
common,4h,ONEUSDT,30,full,12,12,0,0.0,-10.548784975036137,-10.23721529525766,-0.8790654145863447,-8778.428052094452,-731.5356710078711,0.0,0.0,10.548784975036137,0
common,4h,ONEUSDT,50,earlier,4,4,0,0.0,-2.317778760128339,-2.2372152952576574,-0.5794446900320848,-2329.2939377247685,-582.3234844311921,0.0,0.0,2.317778760128339,0
common,4h,ONEUSDT,50,later,6,6,0,0.0,-6.183696672020975,-5.999999999999999,-1.0306161120034958,-4397.846883969132,-732.9744806615221,0.0,0.0,6.183696672020975,0
common,4h,ONEUSDT,50,full,10,10,0,0.0,-8.501475432149313,-8.237215295257657,-0.8501475432149312,-6727.140821693903,-672.7140821693903,0.0,0.0,8.501475432149315,0
common,4h,ONEUSDT,60,earlier,4,4,0,0.0,-2.317778760128339,-2.2372152952576574,-0.5794446900320848,-2329.2939377247685,-582.3234844311921,0.0,0.0,2.317778760128339,0
common,4h,ONEUSDT,60,later,6,6,0,0.0,-6.183696672020975,-5.999999999999999,-1.0306161120034958,-4397.846883969132,-732.9744806615221,0.0,0.0,6.183696672020975,0
common,4h,ONEUSDT,60,full,10,10,0,0.0,-8.501475432149313,-8.237215295257657,-0.8501475432149312,-6727.140821693903,-672.7140821693903,0.0,0.0,8.501475432149315,0
common,4h,ONEUSDT,90,earlier,4,4,0,0.0,-2.317778760128339,-2.2372152952576574,-0.5794446900320848,-2329.2939377247685,-582.3234844311921,0.0,0.0,2.317778760128339,0
common,4h,ONEUSDT,90,later,4,4,0,0.0,-4.115999596436744,-4.000000000000001,-1.028999899109186,-3091.942502176467,-772.9856255441167,0.0,0.0,4.115999596436744,0
common,4h,ONEUSDT,90,full,8,8,0,0.0,-6.433778356565083,-6.237215295257658,-0.8042222945706353,-5421.236439901236,-677.6545549876545,0.0,0.0,6.4337783565650835,0
common,4h,ONEUSDT,120,earlier,4,4,0,0.0,-2.317778760128339,-2.2372152952576574,-0.5794446900320848,-2329.2939377247685,-582.3234844311921,0.0,0.0,2.317778760128339,0
common,4h,ONEUSDT,120,later,3,3,0,0.0,-3.072683452049596,-3.0000000000000004,-1.0242278173498653,-2610.2208904548556,-870.0736301516187,0.0,0.0,3.072683452049596,0
common,4h,ONEUSDT,120,full,7,7,0,0.0,-5.390462212177935,-5.237215295257658,-0.7700660303111336,-4939.514828179625,-705.644975454232,0.0,0.0,5.390462212177935,0
common,4h,ONEUSDT,150,earlier,4,4,0,0.0,-2.317778760128339,-2.2372152952576574,-0.5794446900320848,-2329.2939377247685,-582.3234844311921,0.0,0.0,2.317778760128339,0
common,4h,ONEUSDT,150,later,2,2,0,0.0,-2.042432461296623,-2.0,-1.0212162306483115,-1929.085519275816,-964.542759637908,0.0,0.0,2.042432461296623,0
common,4h,ONEUSDT,150,full,6,6,0,0.0,-4.3602112214249615,-4.237215295257657,-0.7267018702374936,-4258.379457000585,-709.7299095000974,0.0,0.0,4.3602112214249615,0
common,4h,ONEUSDT,200,earlier,3,3,0,0.0,-1.2932656572426444,-1.237215295257657,-0.4310885524142148,-1493.4037546964828,-497.8012515654943,0.0,0.0,1.2932656572426444,0
common,4h,ONEUSDT,200,later,2,2,0,0.0,-2.042432461296623,-2.0,-1.0212162306483115,-1929.085519275816,-964.542759637908,0.0,0.0,2.042432461296623,0
common,4h,ONEUSDT,200,full,5,5,0,0.0,-3.3356981185392676,-3.237215295257657,-0.6671396237078535,-3422.489273972299,-684.4978547944598,0.0,0.0,3.3356981185392676,0
common,4h,OPUSDT,0,earlier,6,6,0,0.16666666666666666,-2.931442848183017,-2.7905138339920885,-0.4885738080305028,-3337.7081194758107,-556.2846865793017,0.42671154099193764,0.3218605096761009,3.0756047085515217,0
common,4h,OPUSDT,0,later,1,1,0,0.0,-1.0269566661132328,-1.0,-1.0269566661132328,-761.9315102241909,-761.9315102241909,0.0,0.0,1.0269566661132328,0
common,4h,OPUSDT,0,full,7,7,0,0.14285714285714285,-3.9583995142962496,-3.7905138339920885,-0.5654856448994642,-4099.639629700002,-585.6628042428574,0.35534507568733326,0.2787140232589746,3.9583995142962496,0
common,4h,OPUSDT,20,earlier,6,6,0,0.16666666666666666,-2.931442848183017,-2.7905138339920885,-0.4885738080305028,-3337.7081194758107,-556.2846865793017,0.42671154099193764,0.3218605096761009,3.0756047085515217,0
common,4h,OPUSDT,20,later,1,1,0,0.0,-1.0269566661132328,-1.0,-1.0269566661132328,-761.9315102241909,-761.9315102241909,0.0,0.0,1.0269566661132328,0
common,4h,OPUSDT,20,full,7,7,0,0.14285714285714285,-3.9583995142962496,-3.7905138339920885,-0.5654856448994642,-4099.639629700002,-585.6628042428574,0.35534507568733326,0.2787140232589746,3.9583995142962496,0
common,4h,OPUSDT,30,earlier,6,6,0,0.16666666666666666,-2.931442848183017,-2.7905138339920885,-0.4885738080305028,-3337.7081194758107,-556.2846865793017,0.42671154099193764,0.3218605096761009,3.0756047085515217,0
common,4h,OPUSDT,30,later,1,1,0,0.0,-1.0269566661132328,-1.0,-1.0269566661132328,-761.9315102241909,-761.9315102241909,0.0,0.0,1.0269566661132328,0
common,4h,OPUSDT,30,full,7,7,0,0.14285714285714285,-3.9583995142962496,-3.7905138339920885,-0.5654856448994642,-4099.639629700002,-585.6628042428574,0.35534507568733326,0.2787140232589746,3.9583995142962496,0
common,4h,OPUSDT,50,earlier,5,5,0,0.0,-5.113381932116989,-4.999999999999997,-1.0226763864233979,-4921.860719070681,-984.3721438141362,0.0,0.0,5.113381932116989,0
common,4h,OPUSDT,50,later,1,1,0,0.0,-1.0269566661132328,-1.0,-1.0269566661132328,-761.9315102241909,-761.9315102241909,0.0,0.0,1.0269566661132328,0
common,4h,OPUSDT,50,full,6,6,0,0.0,-6.1403385982302225,-5.999999999999997,-1.0233897663717038,-5683.7922292948715,-947.2987048824787,0.0,0.0,6.1403385982302225,0
common,4h,OPUSDT,60,earlier,5,5,0,0.0,-5.113381932116989,-4.999999999999997,-1.0226763864233979,-4921.860719070681,-984.3721438141362,0.0,0.0,5.113381932116989,0
common,4h,OPUSDT,60,later,1,1,0,0.0,-1.0269566661132328,-1.0,-1.0269566661132328,-761.9315102241909,-761.9315102241909,0.0,0.0,1.0269566661132328,0
common,4h,OPUSDT,60,full,6,6,0,0.0,-6.1403385982302225,-5.999999999999997,-1.0233897663717038,-5683.7922292948715,-947.2987048824787,0.0,0.0,6.1403385982302225,0
common,4h,OPUSDT,90,earlier,4,4,0,0.0,-4.0948531074134555,-3.9999999999999982,-1.0237132768533639,-3822.461441458363,-955.6153603645907,0.0,0.0,4.0948531074134555,0
common,4h,OPUSDT,90,later,1,1,0,0.0,-1.0269566661132328,-1.0,-1.0269566661132328,-761.9315102241909,-761.9315102241909,0.0,0.0,1.0269566661132328,0
common,4h,OPUSDT,90,full,5,5,0,0.0,-5.121809773526689,-4.999999999999998,-1.0243619547053378,-4584.392951682554,-916.8785903365108,0.0,0.0,5.121809773526689,0
common,4h,OPUSDT,120,earlier,5,5,0,0.0,-5.113381932116989,-4.999999999999997,-1.0226763864233979,-4921.860719070681,-984.3721438141362,0.0,0.0,5.113381932116989,0
common,4h,OPUSDT,120,later,1,1,0,0.0,-1.0269566661132328,-1.0,-1.0269566661132328,-761.9315102241909,-761.9315102241909,0.0,0.0,1.0269566661132328,0
common,4h,OPUSDT,120,full,6,6,0,0.0,-6.1403385982302225,-5.999999999999997,-1.0233897663717038,-5683.7922292948715,-947.2987048824787,0.0,0.0,6.1403385982302225,0
common,4h,OPUSDT,150,earlier,5,5,0,0.0,-5.113381932116989,-4.999999999999997,-1.0226763864233979,-4921.860719070681,-984.3721438141362,0.0,0.0,5.113381932116989,0
common,4h,OPUSDT,150,later,1,1,0,0.0,-1.0269566661132328,-1.0,-1.0269566661132328,-761.9315102241909,-761.9315102241909,0.0,0.0,1.0269566661132328,0
common,4h,OPUSDT,150,full,6,6,0,0.0,-6.1403385982302225,-5.999999999999997,-1.0233897663717038,-5683.7922292948715,-947.2987048824787,0.0,0.0,6.1403385982302225,0
common,4h,OPUSDT,200,earlier,4,4,0,0.0,-4.090034198542935,-3.9999999999999973,-1.0225085496357338,-4045.2465240969177,-1011.3116310242294,0.0,0.0,4.090034198542935,0
common,4h,OPUSDT,200,later,1,1,0,0.0,-1.0269566661132328,-1.0,-1.0269566661132328,-761.9315102241909,-761.9315102241909,0.0,0.0,1.0269566661132328,0
common,4h,OPUSDT,200,full,5,5,0,0.0,-5.116990864656168,-4.999999999999997,-1.0233981729312336,-4807.1780343211085,-961.4356068642218,0.0,0.0,5.116990864656168,0
common,4h,PENDLEUSDT,0,earlier,5,5,0,0.6,4.391922599271567,4.485688590806692,0.8783845198543133,3634.52809974019,726.9056199480381,3.4725691847428766,2.708342810481676,1.01443126150361,0
common,4h,PENDLEUSDT,0,later,5,5,0,0.2,-1.6461985628443676,-1.4924842088430472,-0.3292397125688735,-760.1424878572429,-152.0284975714486,0.5192044585829164,0.6487578757977033,3.4239056335514406,0
common,4h,PENDLEUSDT,0,full,10,10,0,0.4,2.7457240364272,2.9932043819636456,0.27457240364272,2874.385611882947,287.43856118829467,1.528007163737475,1.6697589073496377,3.660699345754274,0
common,4h,PENDLEUSDT,20,earlier,5,5,0,0.6,4.391922599271567,4.485688590806692,0.8783845198543133,3634.52809974019,726.9056199480381,3.4725691847428766,2.708342810481676,1.01443126150361,0
common,4h,PENDLEUSDT,20,later,5,5,0,0.2,-1.6461985628443676,-1.4924842088430472,-0.3292397125688735,-760.1424878572429,-152.0284975714486,0.5192044585829164,0.6487578757977033,3.4239056335514406,0
common,4h,PENDLEUSDT,20,full,10,10,0,0.4,2.7457240364272,2.9932043819636456,0.27457240364272,2874.385611882947,287.43856118829467,1.528007163737475,1.6697589073496377,3.660699345754274,0
common,4h,PENDLEUSDT,30,earlier,5,5,0,0.6,4.391922599271567,4.485688590806692,0.8783845198543133,3634.52809974019,726.9056199480381,3.4725691847428766,2.708342810481676,1.01443126150361,0
common,4h,PENDLEUSDT,30,later,4,4,0,0.0,-3.4239056335514406,-3.2955145118733524,-0.8559764083878602,-2164.155252117316,-541.038813029329,0.0,0.0,3.4239056335514406,0
common,4h,PENDLEUSDT,30,full,9,9,0,0.3333333333333333,0.9680169657201272,1.1901740789333404,0.10755744063556968,1470.3728476228741,163.37476084698602,1.1861512248640698,1.342610715747131,3.660699345754274,0
common,4h,PENDLEUSDT,50,earlier,4,4,0,0.5,3.8668888432437054,3.946306558300888,0.9667222108109264,2902.68583724268,725.67145931067,3.1769851308891925,2.364353870725333,1.01443126150361,0
common,4h,PENDLEUSDT,50,later,5,5,0,0.2,-2.351969664152634,-2.1969696969696955,-0.47039393283052683,-1156.817677897261,-231.36353557945222,0.43047124141726917,0.5482646336698821,4.129676734859707,0
common,4h,PENDLEUSDT,50,full,9,9,0,0.3333333333333333,1.5149191790910708,1.7493368613311928,0.16832435323234118,1745.868159345419,193.9853510383799,1.2565079127892584,1.3723845640798062,4.891504203090403,0
common,4h,PENDLEUSDT,60,earlier,3,3,0,0.3333333333333333,0.16879199284999669,0.22386561341899092,0.05626399761666556,-135.5022146381632,-45.16740487938774,1.0950266929160961,0.9363096864767675,1.0144312615036102,0
common,4h,PENDLEUSDT,60,later,3,3,0,0.3333333333333333,-0.28775696775791326,-0.19696969696969568,-0.09591898925263775,138.89604127381494,46.29868042460498,0.8606816858589469,1.1097891117476941,2.0654640384649863,0
common,4h,PENDLEUSDT,60,full,6,6,0,0.3333333333333333,-0.11896497490791624,0.026895916449295454,-0.01982749581798604,3.3938266356520197,0.56563777260867,0.9690334305503054,1.0010003516653074,2.8272915066956803,0
common,4h,PENDLEUSDT,90,earlier,3,3,0,0.3333333333333333,0.16879199284999669,0.22386561341899092,0.05626399761666556,-135.5022146381632,-45.16740487938774,1.0950266929160961,0.9363096864767675,1.0144312615036102,0
common,4h,PENDLEUSDT,90,later,4,4,0,0.25,-1.308903249386796,-1.1969696969696957,-0.327225812346699,-744.450735216734,-186.1126838041835,0.5759415301420394,0.6534962146678208,3.086610320093869,0
common,4h,PENDLEUSDT,90,full,7,7,0,0.2857142857142857,-1.1401112565367995,-0.9731040835507045,-0.1628730366481142,-879.9529498548969,-125.70756426498528,0.7655476129719997,0.7942102442575856,3.8484377883245635,0
common,4h,PENDLEUSDT,120,earlier,3,3,0,0.3333333333333333,0.16879199284999669,0.22386561341899092,0.05626399761666556,-135.5022146381632,-45.16740487938774,1.0950266929160961,0.9363096864767675,1.0144312615036102,0
common,4h,PENDLEUSDT,120,later,4,4,0,0.25,-1.308903249386796,-1.1969696969696957,-0.327225812346699,-744.450735216734,-186.1126838041835,0.5759415301420394,0.6534962146678208,3.086610320093869,0
common,4h,PENDLEUSDT,120,full,7,7,0,0.2857142857142857,-1.1401112565367995,-0.9731040835507045,-0.1628730366481142,-879.9529498548969,-125.70756426498528,0.7655476129719997,0.7942102442575856,3.8484377883245635,0
common,4h,PENDLEUSDT,150,earlier,2,2,0,0.0,-1.3346294940456314,-1.305666262346214,-0.6673147470228157,-1846.5613319191482,-923.2806659595741,0.0,0.0,1.3346294940456314,0
common,4h,PENDLEUSDT,150,later,4,4,0,0.25,-1.308903249386796,-1.1969696969696957,-0.327225812346699,-744.450735216734,-186.1126838041835,0.5759415301420394,0.6534962146678208,3.086610320093869,0
common,4h,PENDLEUSDT,150,full,6,6,0,0.16666666666666666,-2.6435327434324276,-2.502635959315909,-0.4405887905720713,-2591.0120671358823,-431.835344522647,0.4020833850771484,0.3514403097638515,4.421239814139501,0
common,4h,PENDLEUSDT,200,earlier,2,2,0,0.0,-1.3346294940456314,-1.305666262346214,-0.6673147470228157,-1846.5613319191482,-923.2806659595741,0.0,0.0,1.3346294940456314,0
common,4h,PENDLEUSDT,200,later,3,3,0,0.3333333333333333,-0.2826481350666987,-0.19696969696969435,-0.09421604502223291,37.305612752834286,12.43520425094476,0.8628158221093971,1.027295981228819,2.0603552057737717,0
common,4h,PENDLEUSDT,200,full,5,5,0,0.2,-1.6172776291123303,-1.5026359593159084,-0.32345552582246606,-1809.2557191663138,-361.85114383326277,0.5236274174671945,0.436942251013815,3.3949846998194033,0
common,4h,PUMPUSDT,0,earlier,0,0,0,,0.0,0.0,,0.0,,,,0.0,0
common,4h,PUMPUSDT,0,later,1,1,0,0.0,-1.014285714285715,-1.0000000000000009,-1.014285714285715,-1419.999999999999,-1419.999999999999,0.0,0.0,1.014285714285715,0
common,4h,PUMPUSDT,0,full,1,1,0,0.0,-1.014285714285715,-1.0000000000000009,-1.014285714285715,-1419.999999999999,-1419.999999999999,0.0,0.0,1.014285714285715,0
common,4h,PUMPUSDT,20,earlier,0,0,0,,0.0,0.0,,0.0,,,,0.0,0
common,4h,PUMPUSDT,20,later,1,1,0,0.0,-1.014285714285715,-1.0000000000000009,-1.014285714285715,-1419.999999999999,-1419.999999999999,0.0,0.0,1.014285714285715,0
common,4h,PUMPUSDT,20,full,1,1,0,0.0,-1.014285714285715,-1.0000000000000009,-1.014285714285715,-1419.999999999999,-1419.999999999999,0.0,0.0,1.014285714285715,0
common,4h,PUMPUSDT,30,earlier,0,0,0,,0.0,0.0,,0.0,,,,0.0,0
common,4h,PUMPUSDT,30,later,1,1,0,0.0,-1.014285714285715,-1.0000000000000009,-1.014285714285715,-1419.999999999999,-1419.999999999999,0.0,0.0,1.014285714285715,0
common,4h,PUMPUSDT,30,full,1,1,0,0.0,-1.014285714285715,-1.0000000000000009,-1.014285714285715,-1419.999999999999,-1419.999999999999,0.0,0.0,1.014285714285715,0
common,4h,PUMPUSDT,50,earlier,0,0,0,,0.0,0.0,,0.0,,,,0.0,0
common,4h,PUMPUSDT,50,later,1,1,0,0.0,-1.014285714285715,-1.0000000000000009,-1.014285714285715,-1419.999999999999,-1419.999999999999,0.0,0.0,1.014285714285715,0
common,4h,PUMPUSDT,50,full,1,1,0,0.0,-1.014285714285715,-1.0000000000000009,-1.014285714285715,-1419.999999999999,-1419.999999999999,0.0,0.0,1.014285714285715,0
common,4h,PUMPUSDT,60,earlier,0,0,0,,0.0,0.0,,0.0,,,,0.0,0
common,4h,PUMPUSDT,60,later,1,1,0,0.0,-1.014285714285715,-1.0000000000000009,-1.014285714285715,-1419.999999999999,-1419.999999999999,0.0,0.0,1.014285714285715,0
common,4h,PUMPUSDT,60,full,1,1,0,0.0,-1.014285714285715,-1.0000000000000009,-1.014285714285715,-1419.999999999999,-1419.999999999999,0.0,0.0,1.014285714285715,0
common,4h,PUMPUSDT,90,earlier,0,0,0,,0.0,0.0,,0.0,,,,0.0,0
common,4h,PUMPUSDT,90,later,1,1,0,0.0,-1.014285714285715,-1.0000000000000009,-1.014285714285715,-1419.999999999999,-1419.999999999999,0.0,0.0,1.014285714285715,0
common,4h,PUMPUSDT,90,full,1,1,0,0.0,-1.014285714285715,-1.0000000000000009,-1.014285714285715,-1419.999999999999,-1419.999999999999,0.0,0.0,1.014285714285715,0
common,4h,PUMPUSDT,120,earlier,0,0,0,,0.0,0.0,,0.0,,,,0.0,0
common,4h,PUMPUSDT,120,later,1,1,0,0.0,-1.014285714285715,-1.0000000000000009,-1.014285714285715,-1419.999999999999,-1419.999999999999,0.0,0.0,1.014285714285715,0
common,4h,PUMPUSDT,120,full,1,1,0,0.0,-1.014285714285715,-1.0000000000000009,-1.014285714285715,-1419.999999999999,-1419.999999999999,0.0,0.0,1.014285714285715,0
common,4h,PUMPUSDT,150,earlier,0,0,0,,0.0,0.0,,0.0,,,,0.0,0
common,4h,PUMPUSDT,150,later,1,1,0,0.0,-1.014285714285715,-1.0000000000000009,-1.014285714285715,-1419.999999999999,-1419.999999999999,0.0,0.0,1.014285714285715,0
common,4h,PUMPUSDT,150,full,1,1,0,0.0,-1.014285714285715,-1.0000000000000009,-1.014285714285715,-1419.999999999999,-1419.999999999999,0.0,0.0,1.014285714285715,0
common,4h,PUMPUSDT,200,earlier,0,0,0,,0.0,0.0,,0.0,,,,0.0,0
common,4h,PUMPUSDT,200,later,1,1,0,0.0,-1.014285714285715,-1.0000000000000009,-1.014285714285715,-1419.999999999999,-1419.999999999999,0.0,0.0,1.014285714285715,0
common,4h,PUMPUSDT,200,full,1,1,0,0.0,-1.014285714285715,-1.0000000000000009,-1.014285714285715,-1419.999999999999,-1419.999999999999,0.0,0.0,1.014285714285715,0
common,4h,SOLUSDT,0,earlier,6,6,0,0.5,1.5612202047175596,1.748276537790505,0.2602033674529266,-500.89106042158215,-83.48184340359703,1.5069054954631367,0.8219754426722302,3.0799038848279663,0
common,4h,SOLUSDT,0,later,4,3,1,0.3333333333333333,-0.8903230640900635,-0.8231345210431207,-0.29677435469668784,974.8784172248583,324.9594724082861,0.5672787419740513,1.679839929108344,2.057497863986783,0
common,4h,SOLUSDT,0,full,10,9,1,0.4444444444444444,0.6708971406274964,0.9251420167473838,0.0745441267363885,473.9873568032761,52.66526186703068,1.1305907486760753,1.1115897453666763,3.0799038848279663,0
common,4h,SOLUSDT,20,earlier,6,6,0,0.5,1.5612202047175596,1.748276537790505,0.2602033674529266,-500.89106042158215,-83.48184340359703,1.5069054954631367,0.8219754426722302,3.0799038848279663,0
common,4h,SOLUSDT,20,later,4,3,1,0.3333333333333333,-0.8903230640900635,-0.8231345210431207,-0.29677435469668784,974.8784172248583,324.9594724082861,0.5672787419740513,1.679839929108344,2.057497863986783,0
common,4h,SOLUSDT,20,full,10,9,1,0.4444444444444444,0.6708971406274964,0.9251420167473838,0.0745441267363885,473.9873568032761,52.66526186703068,1.1305907486760753,1.1115897453666763,3.0799038848279663,0
common,4h,SOLUSDT,30,earlier,6,6,0,0.5,1.5612202047175596,1.748276537790505,0.2602033674529266,-500.89106042158215,-83.48184340359703,1.5069054954631367,0.8219754426722302,3.0799038848279663,0
common,4h,SOLUSDT,30,later,4,3,1,0.3333333333333333,-0.8903230640900635,-0.8231345210431207,-0.29677435469668784,974.8784172248583,324.9594724082861,0.5672787419740513,1.679839929108344,2.057497863986783,0
common,4h,SOLUSDT,30,full,10,9,1,0.4444444444444444,0.6708971406274964,0.9251420167473838,0.0745441267363885,473.9873568032761,52.66526186703068,1.1305907486760753,1.1115897453666763,3.0799038848279663,0
common,4h,SOLUSDT,50,earlier,5,5,0,0.6,2.5959713060391456,2.748276537790505,0.5191942612078291,94.63026809461289,18.926053618922577,2.2693287890151645,1.0426630443279652,2.04515278350638,0
common,4h,SOLUSDT,50,later,4,3,1,0.3333333333333333,-0.8903230640900635,-0.8231345210431207,-0.29677435469668784,974.8784172248583,324.9594724082861,0.5672787419740513,1.679839929108344,2.057497863986783,0
common,4h,SOLUSDT,50,full,9,8,1,0.5,1.7056482419490822,1.9251420167473845,0.21320603024363527,1069.5086853194707,133.68858566493384,1.4157429887410184,1.2928501958622731,2.057497863986783,0
common,4h,SOLUSDT,60,earlier,5,5,0,0.4,-1.9409085624057385,-1.7969289416615604,-0.3881817124811477,-2126.887371558134,-425.3774743116268,0.36981521664785594,0.24407079158295525,3.0799038848279663,0
common,4h,SOLUSDT,60,later,3,2,1,0.5,0.13967371529802008,0.1768654789568791,0.06983685764901004,1661.6166607292594,830.8083303646297,1.1359353458517962,3.2236599572626896,1.0275010845986998,0
common,4h,SOLUSDT,60,full,8,7,1,0.42857142857142855,-1.8012348471077184,-1.6200634627046813,-0.2573192638725312,-465.27071082887494,-66.46724440412498,0.5614664586240824,0.8693371994858823,3.0799038848279663,0
common,4h,SOLUSDT,90,earlier,4,4,0,0.5,2.4296712975540813,2.554016052139289,0.6074178243885203,29.907976494708834,7.476994123677208,2.1866083643854326,1.0137511876308376,2.0475764123004936,0
common,4h,SOLUSDT,90,later,3,2,1,0.5,0.13967371529802008,0.1768654789568791,0.06983685764901004,1661.6166607292594,830.8083303646297,1.1359353458517962,3.2236599572626896,1.0275010845986998,0
common,4h,SOLUSDT,90,full,7,6,1,0.5,2.569345012852102,2.730881531096168,0.42822416880868364,1691.5246372239678,281.9207728706613,1.8355382963333262,1.5788567518654015,2.0475764123004936,0
common,4h,SOLUSDT,120,earlier,5,5,0,0.4,1.397343825026609,1.554016052139289,0.2794687650053218,-608.7608657107432,-121.75217314214865,1.4536972182509063,0.7836368180629734,3.079903884827966,0
common,4h,SOLUSDT,120,later,2,1,1,0.0,-1.0275010845986998,-1.000000000000001,-1.0275010845986998,-747.24404480202,-747.24404480202,0.0,0.0,1.0275010845986998,0
common,4h,SOLUSDT,120,full,7,6,1,0.3333333333333333,0.3698427404279092,0.5540160521392878,0.06164045673798487,-1356.004910512763,-226.00081841879384,1.0900429208176017,0.6191907313425126,3.079903884827966,0
common,4h,SOLUSDT,150,earlier,5,5,0,0.4,1.397343825026609,1.554016052139289,0.2794687650053218,-608.7608657107432,-121.75217314214865,1.4536972182509063,0.7836368180629734,3.079903884827966,0
common,4h,SOLUSDT,150,later,2,1,1,0.0,-1.0275010845986998,-1.000000000000001,-1.0275010845986998,-747.24404480202,-747.24404480202,0.0,0.0,1.0275010845986998,0
common,4h,SOLUSDT,150,full,7,6,1,0.3333333333333333,0.3698427404279092,0.5540160521392878,0.06164045673798487,-1356.004910512763,-226.00081841879384,1.0900429208176017,0.6191907313425126,3.079903884827966,0
common,4h,SOLUSDT,200,earlier,3,3,0,0.3333333333333333,-1.0700338407751033,-0.9911894273127762,-0.35667794692503446,-1639.2358483311,-546.4119494437,0.4767951571126396,0.26096804891837033,2.04515278350638,0
common,4h,SOLUSDT,200,later,2,1,1,0.0,-1.0275010845986998,-1.000000000000001,-1.0275010845986998,-747.24404480202,-747.24404480202,0.0,0.0,1.0275010845986998,0
common,4h,SOLUSDT,200,full,5,4,1,0.25,-2.097534925373803,-1.9911894273127773,-0.5243837313434507,-2386.4798931331197,-596.6199732832799,0.31735398277471355,0.1952057665622537,3.0726538681050797,0
common,4h,UNIUSDT,0,earlier,4,4,0,0.25,-0.9624328081995478,-0.8772542733358993,-0.24060820204988695,-512.77016013821,-128.1925400345525,0.4981747736279079,0.7295022776965628,1.8375954516078008,0
common,4h,UNIUSDT,0,later,2,2,0,0.5,3.6016319547543274,3.646836337928594,1.8008159773771637,2689.960319703358,1344.980159851679,10.732158153374481,8.032713702786584,0.3700753623188415,0
common,4h,UNIUSDT,0,full,7,7,0,0.42857142857142855,4.432723576522206,4.579842650911913,0.633246225217458,4320.483269724741,617.211895674963,2.9374300728586933,2.896490306050207,1.8375954516078008,0
common,4h,UNIUSDT,20,earlier,4,4,0,0.25,-0.9624328081995478,-0.8772542733358993,-0.24060820204988695,-512.77016013821,-128.1925400345525,0.4981747736279079,0.7295022776965628,1.8375954516078008,0
common,4h,UNIUSDT,20,later,2,2,0,0.5,3.6016319547543274,3.646836337928594,1.8008159773771637,2689.960319703358,1344.980159851679,10.732158153374481,8.032713702786584,0.3700753623188415,0
common,4h,UNIUSDT,20,full,7,7,0,0.42857142857142855,4.432723576522206,4.579842650911913,0.633246225217458,4320.483269724741,617.211895674963,2.9374300728586933,2.896490306050207,1.8375954516078008,0
common,4h,UNIUSDT,30,earlier,4,4,0,0.25,-0.9624328081995478,-0.8772542733358993,-0.24060820204988695,-512.77016013821,-128.1925400345525,0.4981747736279079,0.7295022776965628,1.8375954516078008,0
common,4h,UNIUSDT,30,later,2,2,0,0.5,3.6016319547543274,3.646836337928594,1.8008159773771637,2689.960319703358,1344.980159851679,10.732158153374481,8.032713702786584,0.3700753623188415,0
common,4h,UNIUSDT,30,full,7,7,0,0.42857142857142855,4.432723576522206,4.579842650911913,0.633246225217458,4320.483269724741,617.211895674963,2.9374300728586933,2.896490306050207,1.8375954516078008,0
common,4h,UNIUSDT,50,earlier,2,2,0,0.0,-0.8881726906650396,-0.8465039658328247,-0.4440863453325198,-1202.068791460006,-601.034395730003,0.0,0.0,0.8881726906650396,0
common,4h,UNIUSDT,50,later,3,3,0,0.6666666666666666,4.839116329754325,4.918320712928592,1.613038776584775,3417.8923049974737,1139.297434999158,14.076029432040778,9.935841124472535,0.3700753623188415,0
common,4h,UNIUSDT,50,full,5,5,0,0.4,3.950943639089285,4.071816747095768,0.790188727817857,2215.8235135374675,443.1647027074935,4.1400355674859135,2.3983829535765864,0.8881726906650396,0
common,4h,UNIUSDT,60,earlier,2,2,0,0.0,-0.8881726906650396,-0.8465039658328247,-0.4440863453325198,-1202.068791460006,-601.034395730003,0.0,0.0,0.8881726906650396,0
common,4h,UNIUSDT,60,later,3,3,0,0.6666666666666666,4.839116329754325,4.918320712928592,1.613038776584775,3417.8923049974737,1139.297434999158,14.076029432040778,9.935841124472535,0.3700753623188415,0
common,4h,UNIUSDT,60,full,5,5,0,0.4,3.950943639089285,4.071816747095768,0.790188727817857,2215.8235135374675,443.1647027074935,4.1400355674859135,2.3983829535765864,0.8881726906650396,0
common,4h,UNIUSDT,90,earlier,2,2,0,0.0,-0.8881726906650396,-0.8465039658328247,-0.4440863453325198,-1202.068791460006,-601.034395730003,0.0,0.0,0.8881726906650396,0
common,4h,UNIUSDT,90,later,3,3,0,0.6666666666666666,4.839116329754325,4.918320712928592,1.613038776584775,3417.8923049974737,1139.297434999158,14.076029432040778,9.935841124472535,0.3700753623188415,0
common,4h,UNIUSDT,90,full,5,5,0,0.4,3.950943639089285,4.071816747095768,0.790188727817857,2215.8235135374675,443.1647027074935,4.1400355674859135,2.3983829535765864,0.8881726906650396,0
common,4h,UNIUSDT,120,earlier,2,2,0,0.0,-0.8881726906650396,-0.8465039658328247,-0.4440863453325198,-1202.068791460006,-601.034395730003,0.0,0.0,0.8881726906650396,0
common,4h,UNIUSDT,120,later,3,3,0,0.6666666666666666,4.839116329754325,4.918320712928592,1.613038776584775,3417.8923049974737,1139.297434999158,14.076029432040778,9.935841124472535,0.3700753623188415,0
common,4h,UNIUSDT,120,full,5,5,0,0.4,3.950943639089285,4.071816747095768,0.790188727817857,2215.8235135374675,443.1647027074935,4.1400355674859135,2.3983829535765864,0.8881726906650396,0
common,4h,UNIUSDT,150,earlier,1,1,0,0.0,-0.807903599755949,-0.7937766931055524,-0.807903599755949,-1143.779908439146,-1143.779908439146,0.0,0.0,0.807903599755949,0
common,4h,UNIUSDT,150,later,2,2,0,0.5,3.6016319547543274,3.646836337928594,1.8008159773771637,2689.960319703358,1344.980159851679,10.732158153374481,8.032713702786584,0.3700753623188415,0
common,4h,UNIUSDT,150,full,3,3,0,0.3333333333333333,2.7937283549983785,2.8530596448230416,0.9312427849994594,1546.180411264212,515.3934704214039,3.3716283948549868,2.013043538029583,0.807903599755949,0
common,4h,UNIUSDT,200,earlier,1,1,0,0.0,-0.807903599755949,-0.7937766931055524,-0.807903599755949,-1143.779908439146,-1143.779908439146,0.0,0.0,0.807903599755949,0
common,4h,UNIUSDT,200,later,2,2,0,0.5,3.6016319547543274,3.646836337928594,1.8008159773771637,2689.960319703358,1344.980159851679,10.732158153374481,8.032713702786584,0.3700753623188415,0
common,4h,UNIUSDT,200,full,3,3,0,0.3333333333333333,2.7937283549983785,2.8530596448230416,0.9312427849994594,1546.180411264212,515.3934704214039,3.3716283948549868,2.013043538029583,0.807903599755949,0
common,4h,USELESSUSDT,0,earlier,0,0,0,,0.0,0.0,,0.0,,,,0.0,0
common,4h,USELESSUSDT,0,later,3,3,0,0.0,-3.0333086742547732,-3.0,-1.0111028914182578,-5502.893300314623,-1834.297766771541,0.0,0.0,3.0333086742547732,0
common,4h,USELESSUSDT,0,full,3,3,0,0.0,-3.0333086742547732,-3.0,-1.0111028914182578,-5502.893300314623,-1834.297766771541,0.0,0.0,3.0333086742547732,0
common,4h,USELESSUSDT,20,earlier,0,0,0,,0.0,0.0,,0.0,,,,0.0,0
common,4h,USELESSUSDT,20,later,3,3,0,0.0,-3.0333086742547732,-3.0,-1.0111028914182578,-5502.893300314623,-1834.297766771541,0.0,0.0,3.0333086742547732,0
common,4h,USELESSUSDT,20,full,3,3,0,0.0,-3.0333086742547732,-3.0,-1.0111028914182578,-5502.893300314623,-1834.297766771541,0.0,0.0,3.0333086742547732,0
common,4h,USELESSUSDT,30,earlier,0,0,0,,0.0,0.0,,0.0,,,,0.0,0
common,4h,USELESSUSDT,30,later,3,3,0,0.0,-3.0333086742547732,-3.0,-1.0111028914182578,-5502.893300314623,-1834.297766771541,0.0,0.0,3.0333086742547732,0
common,4h,USELESSUSDT,30,full,3,3,0,0.0,-3.0333086742547732,-3.0,-1.0111028914182578,-5502.893300314623,-1834.297766771541,0.0,0.0,3.0333086742547732,0
common,4h,USELESSUSDT,50,earlier,0,0,0,,0.0,0.0,,0.0,,,,0.0,0
common,4h,USELESSUSDT,50,later,2,2,0,0.0,-2.021928557295709,-1.9999999999999996,-1.0109642786478545,-3725.4421184030107,-1862.7210592015053,0.0,0.0,2.021928557295709,0
common,4h,USELESSUSDT,50,full,2,2,0,0.0,-2.021928557295709,-1.9999999999999996,-1.0109642786478545,-3725.4421184030107,-1862.7210592015053,0.0,0.0,2.021928557295709,0
common,4h,USELESSUSDT,60,earlier,0,0,0,,0.0,0.0,,0.0,,,,0.0,0
common,4h,USELESSUSDT,60,later,1,1,0,0.0,-1.0098622589531674,-0.9999999999999994,-1.0098622589531674,-2047.932960893854,-2047.932960893854,0.0,0.0,1.0098622589531674,0
common,4h,USELESSUSDT,60,full,1,1,0,0.0,-1.0098622589531674,-0.9999999999999994,-1.0098622589531674,-2047.932960893854,-2047.932960893854,0.0,0.0,1.0098622589531674,0
common,4h,USELESSUSDT,90,earlier,0,0,0,,0.0,0.0,,0.0,,,,0.0,0
common,4h,USELESSUSDT,90,later,1,1,0,0.0,-1.0098622589531674,-0.9999999999999994,-1.0098622589531674,-2047.932960893854,-2047.932960893854,0.0,0.0,1.0098622589531674,0
common,4h,USELESSUSDT,90,full,1,1,0,0.0,-1.0098622589531674,-0.9999999999999994,-1.0098622589531674,-2047.932960893854,-2047.932960893854,0.0,0.0,1.0098622589531674,0
common,4h,USELESSUSDT,120,earlier,0,0,0,,0.0,0.0,,0.0,,,,0.0,0
common,4h,USELESSUSDT,120,later,1,1,0,0.0,-1.0098622589531674,-0.9999999999999994,-1.0098622589531674,-2047.932960893854,-2047.932960893854,0.0,0.0,1.0098622589531674,0
common,4h,USELESSUSDT,120,full,1,1,0,0.0,-1.0098622589531674,-0.9999999999999994,-1.0098622589531674,-2047.932960893854,-2047.932960893854,0.0,0.0,1.0098622589531674,0
common,4h,USELESSUSDT,150,earlier,0,0,0,,0.0,0.0,,0.0,,,,0.0,0
common,4h,USELESSUSDT,150,later,1,1,0,0.0,-1.0098622589531674,-0.9999999999999994,-1.0098622589531674,-2047.932960893854,-2047.932960893854,0.0,0.0,1.0098622589531674,0
common,4h,USELESSUSDT,150,full,1,1,0,0.0,-1.0098622589531674,-0.9999999999999994,-1.0098622589531674,-2047.932960893854,-2047.932960893854,0.0,0.0,1.0098622589531674,0
common,4h,USELESSUSDT,200,earlier,0,0,0,,0.0,0.0,,0.0,,,,0.0,0
common,4h,USELESSUSDT,200,later,1,1,0,0.0,-1.0098622589531674,-0.9999999999999994,-1.0098622589531674,-2047.932960893854,-2047.932960893854,0.0,0.0,1.0098622589531674,0
common,4h,USELESSUSDT,200,full,1,1,0,0.0,-1.0098622589531674,-0.9999999999999994,-1.0098622589531674,-2047.932960893854,-2047.932960893854,0.0,0.0,1.0098622589531674,0
common,4h,WIFUSDT,0,earlier,5,5,0,0.4,-0.1013091711257681,-0.022444909676139213,-0.020261834225153617,198.09298598946617,39.61859719789324,0.9668003484821514,1.0480116202900047,2.0242013135996366,0
common,4h,WIFUSDT,0,later,3,3,0,0.3333333333333333,1.0072854609575157,1.0852713178294584,0.3357618203191719,243.8580037321872,81.2860012440624,1.4916633425859356,1.1321501565297465,2.048730042918455,0
common,4h,WIFUSDT,0,full,9,9,0,0.4444444444444444,1.2972311160865737,1.4875368328637433,0.14413679067628596,675.8459695254614,75.09399661394016,1.2543469169552193,1.1131833629928245,2.048730042918455,0
common,4h,WIFUSDT,20,earlier,5,5,0,0.4,-0.1013091711257681,-0.022444909676139213,-0.020261834225153617,198.09298598946617,39.61859719789324,0.9668003484821514,1.0480116202900047,2.0242013135996366,0
common,4h,WIFUSDT,20,later,3,3,0,0.3333333333333333,1.0072854609575157,1.0852713178294584,0.3357618203191719,243.8580037321872,81.2860012440624,1.4916633425859356,1.1321501565297465,2.048730042918455,0
common,4h,WIFUSDT,20,full,9,9,0,0.4444444444444444,1.2972311160865737,1.4875368328637433,0.14413679067628596,675.8459695254614,75.09399661394016,1.2543469169552193,1.1131833629928245,2.048730042918455,0
common,4h,WIFUSDT,30,earlier,5,5,0,0.4,-0.1013091711257681,-0.022444909676139213,-0.020261834225153617,198.09298598946617,39.61859719789324,0.9668003484821514,1.0480116202900047,2.0242013135996366,0
common,4h,WIFUSDT,30,later,3,3,0,0.3333333333333333,1.0072854609575157,1.0852713178294584,0.3357618203191719,243.8580037321872,81.2860012440624,1.4916633425859356,1.1321501565297465,2.048730042918455,0
common,4h,WIFUSDT,30,full,9,9,0,0.4444444444444444,1.2972311160865737,1.4875368328637433,0.14413679067628596,675.8459695254614,75.09399661394016,1.2543469169552193,1.1131833629928245,2.048730042918455,0
common,4h,WIFUSDT,50,earlier,4,4,0,0.5,0.5469732410152688,0.5995286647034962,0.1367433102538172,329.5726549848042,82.39316374620105,1.270216819513167,1.0976901328375581,2.0242013135996366,0
common,4h,WIFUSDT,50,later,2,2,0,0.5,2.0389854609575155,2.0852713178294584,1.0194927304787578,894.7728302306101,447.38641511530506,3.004842900320301,1.749143046815406,1.0170300429184551,0
common,4h,WIFUSDT,50,full,6,6,0,0.5,2.585958701972784,2.6847999825329545,0.430993116995464,1224.3454852154146,204.05758086923575,1.8502998946234233,1.2680237418238145,2.0242013135996366,0
common,4h,WIFUSDT,60,earlier,4,4,0,0.5,0.026658043584249613,0.081317484843628,0.006664510896062403,-636.8168990350321,-159.20422475875802,1.01316966025323,0.8112382003816353,2.0242013135996366,0
common,4h,WIFUSDT,60,later,2,2,0,0.5,2.0389854609575155,2.0852713178294584,1.0194927304787578,894.7728302306101,447.38641511530506,3.004842900320301,1.749143046815406,1.0170300429184551,0
common,4h,WIFUSDT,60,full,6,6,0,0.5,2.065643504541765,2.1665888026730866,0.3442739174236275,257.95593119557816,42.99265519926303,1.679212878729069,1.056469611510448,2.0242013135996366,0
common,4h,WIFUSDT,90,earlier,3,3,0,0.6666666666666666,1.0376487644978831,1.0813174848436287,0.3458829214992944,1202.8999473086499,400.96664910288325,2.024119538414117,1.7841914287424523,1.0132105926860029,0
common,4h,WIFUSDT,90,later,1,1,0,1.0,3.0560155038759707,3.085271317829459,3.0560155038759707,2089.167991520932,2089.167991520932,,,0.0,0
common,4h,WIFUSDT,90,full,4,4,0,0.75,4.093664268373853,4.166588802673088,1.0234160670934633,3292.067938829582,823.0169847073955,5.040289647507162,3.146156433246213,1.0132105926860029,0
common,4h,WIFUSDT,120,earlier,2,2,0,0.5,0.08908379274647116,0.11608497723823996,0.04454189637323558,64.68134071707793,32.340670358538965,1.08792228722196,1.042166892685787,1.0132105926860029,0
common,4h,WIFUSDT,120,later,1,1,0,1.0,3.0560155038759707,3.085271317829459,3.0560155038759707,2089.167991520932,2089.167991520932,,,0.0,0
common,4h,WIFUSDT,120,full,3,3,0,0.6666666666666666,3.145099296622442,3.201356295067699,1.0483664322074806,2153.84933223801,717.9497774126701,4.104092396315005,2.404131897189548,1.0132105926860029,0
common,4h,WIFUSDT,150,earlier,2,2,0,0.5,0.08908379274647116,0.11608497723823996,0.04454189637323558,64.68134071707793,32.340670358538965,1.08792228722196,1.042166892685787,1.0132105926860029,0
common,4h,WIFUSDT,150,later,1,1,0,1.0,3.0560155038759707,3.085271317829459,3.0560155038759707,2089.167991520932,2089.167991520932,,,0.0,0
common,4h,WIFUSDT,150,full,4,4,0,0.75,3.5363541228772677,3.626066719778123,0.8840885307193169,2387.744312041818,596.9360780104545,4.490245905841211,2.5566121086970908,1.0132105926860029,0
common,4h,WIFUSDT,200,earlier,3,3,0,0.3333333333333333,-1.3009362904871538,-1.261941448382125,-0.4336454301623846,-2395.840735532231,-798.6135785107435,0.357308839912914,0.2898379274743899,2.0242013135996366,0
common,4h,WIFUSDT,200,later,1,1,0,1.0,3.0560155038759707,3.085271317829459,3.0560155038759707,2089.167991520932,2089.167991520932,,,0.0,0
common,4h,WIFUSDT,200,full,5,5,0,0.6,2.146334039643643,2.248040294157758,0.4292668079287286,-72.7777642074906,-14.55555284149812,2.060336254711157,0.9784276111943265,2.0242013135996366,0
common,4h,XTZUSDT,0,earlier,4,4,0,0.25,6.61104821228926,6.781144781144759,1.652762053072315,3616.297687914738,904.0744219786845,3.110547019269477,3.3312869377131076,3.132386131145062,0
common,4h,XTZUSDT,0,later,4,3,1,0.6666666666666666,0.0892127800505701,0.18671004667325164,0.029737593350190033,-327.377192342416,-109.12573078080531,1.0873562921322781,0.659369542142078,1.0212519083969465,0
common,4h,XTZUSDT,0,full,8,7,1,0.42857142857142855,6.70026099233983,6.967854827818011,0.9571801417628328,3288.9204955723217,469.8457850817602,2.61310661366117,2.3091302798167552,3.132386131145062,0
common,4h,XTZUSDT,20,earlier,4,4,0,0.25,6.61104821228926,6.781144781144759,1.652762053072315,3616.297687914738,904.0744219786845,3.110547019269477,3.3312869377131076,3.132386131145062,0
common,4h,XTZUSDT,20,later,4,3,1,0.6666666666666666,0.0892127800505701,0.18671004667325164,0.029737593350190033,-327.377192342416,-109.12573078080531,1.0873562921322781,0.659369542142078,1.0212519083969465,0
common,4h,XTZUSDT,20,full,8,7,1,0.42857142857142855,6.70026099233983,6.967854827818011,0.9571801417628328,3288.9204955723217,469.8457850817602,2.61310661366117,2.3091302798167552,3.132386131145062,0
common,4h,XTZUSDT,30,earlier,4,4,0,0.25,6.61104821228926,6.781144781144759,1.652762053072315,3616.297687914738,904.0744219786845,3.110547019269477,3.3312869377131076,3.132386131145062,0
common,4h,XTZUSDT,30,later,4,3,1,0.6666666666666666,0.0892127800505701,0.18671004667325164,0.029737593350190033,-327.377192342416,-109.12573078080531,1.0873562921322781,0.659369542142078,1.0212519083969465,0
common,4h,XTZUSDT,30,full,8,7,1,0.42857142857142855,6.70026099233983,6.967854827818011,0.9571801417628328,3288.9204955723217,469.8457850817602,2.61310661366117,2.3091302798167552,3.132386131145062,0
common,4h,XTZUSDT,50,earlier,2,2,0,0.0,-2.071281158769371,-2.0000000000000018,-1.0356405793846855,-1203.896706298642,-601.948353149321,0.0,0.0,2.071281158769371,0
common,4h,XTZUSDT,50,later,4,3,1,0.6666666666666666,0.0892127800505701,0.18671004667325164,0.029737593350190033,-327.377192342416,-109.12573078080531,1.0873562921322781,0.659369542142078,1.0212519083969465,0
common,4h,XTZUSDT,50,full,6,5,1,0.4,-1.982068378718801,-1.81328995332675,-0.3964136757437602,-1531.2738986410577,-306.25477972821153,0.3590793256949823,0.29271042998739266,3.0925330671663174,0
common,4h,XTZUSDT,60,earlier,2,2,0,0.0,-2.071281158769371,-2.0000000000000018,-1.0356405793846855,-1203.896706298642,-601.948353149321,0.0,0.0,2.071281158769371,0
common,4h,XTZUSDT,60,later,4,3,1,0.6666666666666666,0.0892127800505701,0.18671004667325164,0.029737593350190033,-327.377192342416,-109.12573078080531,1.0873562921322781,0.659369542142078,1.0212519083969465,0
common,4h,XTZUSDT,60,full,6,5,1,0.4,-1.982068378718801,-1.81328995332675,-0.3964136757437602,-1531.2738986410577,-306.25477972821153,0.3590793256949823,0.29271042998739266,3.0925330671663174,0
common,4h,XTZUSDT,90,earlier,2,2,0,0.0,-2.071281158769371,-2.0000000000000018,-1.0356405793846855,-1203.896706298642,-601.948353149321,0.0,0.0,2.071281158769371,0
common,4h,XTZUSDT,90,later,3,2,1,0.5,-0.4401780828935935,-0.3691275167785262,-0.22008904144679675,-727.7226817857941,-363.86134089289703,0.5689818748201523,0.24281679943354686,1.0212519083969465,0
common,4h,XTZUSDT,90,full,5,4,1,0.25,-2.5114592416629646,-2.369127516778528,-0.6278648104157412,-1931.6193880844357,-482.90484702110894,0.18789575176177176,0.10779237624391369,3.0925330671663174,0
common,4h,XTZUSDT,120,earlier,2,2,0,0.0,-2.071281158769371,-2.0000000000000018,-1.0356405793846855,-1203.896706298642,-601.948353149321,0.0,0.0,2.071281158769371,0
common,4h,XTZUSDT,120,later,2,2,0,0.5,-0.4401780828935935,-0.3691275167785262,-0.22008904144679675,-727.7226817857941,-363.86134089289703,0.5689818748201523,0.24281679943354686,1.0212519083969465,0
common,4h,XTZUSDT,120,full,4,4,0,0.25,-2.5114592416629646,-2.369127516778528,-0.6278648104157412,-1931.6193880844357,-482.90484702110894,0.18789575176177176,0.10779237624391369,3.0925330671663174,0
common,4h,XTZUSDT,150,earlier,2,2,0,0.0,-2.071281158769371,-2.0000000000000018,-1.0356405793846855,-1203.896706298642,-601.948353149321,0.0,0.0,2.071281158769371,0
common,4h,XTZUSDT,150,later,1,1,0,1.0,0.581073825503353,0.6308724832214738,0.581073825503353,233.369272237196,233.369272237196,,,0.0,0
common,4h,XTZUSDT,150,full,3,3,0,0.3333333333333333,-1.490207333266018,-1.369127516778528,-0.49673577775533934,-970.5274340614459,-323.5091446871486,0.28053836295628337,0.19384492956599697,2.071281158769371,0
common,4h,XTZUSDT,200,earlier,2,2,0,0.0,-2.071281158769371,-2.0000000000000018,-1.0356405793846855,-1203.896706298642,-601.948353149321,0.0,0.0,2.071281158769371,0
common,4h,XTZUSDT,200,later,1,1,0,1.0,0.581073825503353,0.6308724832214738,0.581073825503353,233.369272237196,233.369272237196,,,0.0,0
common,4h,XTZUSDT,200,full,3,3,0,0.3333333333333333,-1.490207333266018,-1.369127516778528,-0.49673577775533934,-970.5274340614459,-323.5091446871486,0.28053836295628337,0.19384492956599697,2.071281158769371,0
common,4h,ZECUSDT,0,earlier,4,4,0,0.5,2.313852307475093,2.413589301121654,0.5784630768687733,1439.6239343438288,359.9059835859572,2.4650403814955313,1.9529359768961412,1.0367679999999995,0
common,4h,ZECUSDT,0,later,2,2,0,1.0,7.871364606027607,7.922930283224412,3.9356823030138033,5442.19381592524,2721.09690796262,,,0.0,0
common,4h,ZECUSDT,0,full,6,6,0,0.6666666666666666,10.1852169135027,10.336519584346066,1.69753615225045,6881.81775026907,1146.9696250448449,7.448879223780515,5.5553088999335944,1.0367679999999995,0
common,4h,ZECUSDT,20,earlier,4,4,0,0.5,2.313852307475093,2.413589301121654,0.5784630768687733,1439.6239343438288,359.9059835859572,2.4650403814955313,1.9529359768961412,1.0367679999999995,0
common,4h,ZECUSDT,20,later,2,2,0,1.0,7.871364606027607,7.922930283224412,3.9356823030138033,5442.19381592524,2721.09690796262,,,0.0,0
common,4h,ZECUSDT,20,full,6,6,0,0.6666666666666666,10.1852169135027,10.336519584346066,1.69753615225045,6881.81775026907,1146.9696250448449,7.448879223780515,5.5553088999335944,1.0367679999999995,0
common,4h,ZECUSDT,30,earlier,4,4,0,0.5,1.838761855356229,1.9447368421052604,0.45969046383905726,1236.472283892684,309.118070973171,1.8950061998674943,1.7214477701696829,1.0367679999999992,0
common,4h,ZECUSDT,30,later,2,2,0,1.0,7.871364606027607,7.922930283224412,3.9356823030138033,5442.19381592524,2721.09690796262,,,0.0,0
common,4h,ZECUSDT,30,full,6,6,0,0.6666666666666666,9.710126461383837,9.867667125329673,1.6183544102306395,6678.666099817924,1113.1110166363205,5.726345262775904,4.896819061930291,1.0367679999999992,0
common,4h,ZECUSDT,50,earlier,4,4,0,0.5,2.313852307475093,2.413589301121654,0.5784630768687733,1439.6239343438288,359.9059835859572,2.4650403814955313,1.9529359768961412,1.0367679999999995,0
common,4h,ZECUSDT,50,later,1,1,0,1.0,1.4516115196078438,1.469771241830066,1.4516115196078438,1598.715555055674,1598.715555055674,,,0.0,0
common,4h,ZECUSDT,50,full,5,5,0,0.6,3.765463827082937,3.8833605429517197,0.7530927654165873,3038.3394893995032,607.6678978799007,3.3841437692092584,3.011180100859268,1.0367679999999995,0
common,4h,ZECUSDT,60,earlier,3,3,0,0.3333333333333333,1.0874432165660048,1.163589301121656,0.36248107218866826,399.89368386213494,133.29789462071165,1.6885263245652233,1.2647032111614975,1.0367679999999992,0
common,4h,ZECUSDT,60,later,1,1,0,1.0,1.4516115196078438,1.469771241830066,1.4516115196078438,1598.715555055674,1598.715555055674,,,0.0,0
common,4h,ZECUSDT,60,full,4,4,0,0.5,2.5390547361738487,2.633360542951722,0.6347636840434622,1998.6092389178089,499.6523097294522,2.6076297122789507,2.322947335124624,1.0367679999999992,0
common,4h,ZECUSDT,90,earlier,3,3,0,0.3333333333333333,1.0874432165660048,1.163589301121656,0.36248107218866826,399.89368386213494,133.29789462071165,1.6885263245652233,1.2647032111614975,1.0367679999999992,0
common,4h,ZECUSDT,90,later,0,0,0,,0.0,0.0,,0.0,,,,0.0,0
common,4h,ZECUSDT,90,full,3,3,0,0.3333333333333333,1.0874432165660048,1.163589301121656,0.36248107218866826,399.89368386213494,133.29789462071165,1.6885263245652233,1.2647032111614975,1.0367679999999992,0
common,4h,ZECUSDT,120,earlier,4,4,0,0.5,2.313852307475093,2.413589301121654,0.5784630768687733,1439.6239343438288,359.9059835859572,2.4650403814955313,1.9529359768961412,1.0367679999999995,0
common,4h,ZECUSDT,120,later,0,0,0,,0.0,0.0,,0.0,,,,0.0,0
common,4h,ZECUSDT,120,full,4,4,0,0.5,2.313852307475093,2.413589301121654,0.5784630768687733,1439.6239343438288,359.9059835859572,2.4650403814955313,1.9529359768961412,1.0367679999999995,0
common,4h,ZECUSDT,150,earlier,3,3,0,0.3333333333333333,-0.352968745156484,-0.2811475409836075,-0.11765624838549467,-470.9944668628071,-156.99815562093568,0.776514056930308,0.6882327657346439,1.5793778360655728,0
common,4h,ZECUSDT,150,later,0,0,0,,0.0,0.0,,0.0,,,,0.0,0
common,4h,ZECUSDT,150,full,3,3,0,0.3333333333333333,-0.352968745156484,-0.2811475409836075,-0.11765624838549467,-470.9944668628071,-156.99815562093568,0.776514056930308,0.6882327657346439,1.5793778360655728,0
common,4h,ZECUSDT,200,earlier,3,3,0,0.3333333333333333,-0.352968745156484,-0.2811475409836075,-0.11765624838549467,-470.9944668628071,-156.99815562093568,0.776514056930308,0.6882327657346439,1.5793778360655728,0
common,4h,ZECUSDT,200,later,0,0,0,,0.0,0.0,,0.0,,,,0.0,0
common,4h,ZECUSDT,200,full,3,3,0,0.3333333333333333,-0.352968745156484,-0.2811475409836075,-0.11765624838549467,-470.9944668628071,-156.99815562093568,0.776514056930308,0.6882327657346439,1.5793778360655728,0
common,4h,ZENUSDT,0,earlier,9,9,0,0.2222222222222222,-5.932017922142425,-5.719706959706958,-0.6591131024602694,-3777.578932379584,-419.73099248662044,0.1741692901050737,0.3545099887865223,5.932017922142425,0
common,4h,ZENUSDT,0,later,3,3,0,0.3333333333333333,-1.7020117871741234,-1.6313594662218527,-0.5673372623913745,-1414.6261547321033,-471.5420515773677,0.17120704766738637,0.2257402278833856,1.7020117871741234,0
common,4h,ZENUSDT,0,full,12,12,0,0.25,-7.634029709316549,-7.35106642592881,-0.6361691424430457,-5192.205087111686,-432.68375725930724,0.17351069195363808,0.3238730561246672,7.634029709316549,0
common,4h,ZENUSDT,20,earlier,9,9,0,0.2222222222222222,-5.932017922142425,-5.719706959706958,-0.6591131024602694,-3777.578932379584,-419.73099248662044,0.1741692901050737,0.3545099887865223,5.932017922142425,0
common,4h,ZENUSDT,20,later,3,3,0,0.3333333333333333,-1.7020117871741234,-1.6313594662218527,-0.5673372623913745,-1414.6261547321033,-471.5420515773677,0.17120704766738637,0.2257402278833856,1.7020117871741234,0
common,4h,ZENUSDT,20,full,12,12,0,0.25,-7.634029709316549,-7.35106642592881,-0.6361691424430457,-5192.205087111686,-432.68375725930724,0.17351069195363808,0.3238730561246672,7.634029709316549,0
common,4h,ZENUSDT,30,earlier,9,9,0,0.2222222222222222,-5.932017922142425,-5.719706959706958,-0.6591131024602694,-3777.578932379584,-419.73099248662044,0.1741692901050737,0.3545099887865223,5.932017922142425,0
common,4h,ZENUSDT,30,later,3,3,0,0.3333333333333333,-1.7020117871741234,-1.6313594662218527,-0.5673372623913745,-1414.6261547321033,-471.5420515773677,0.17120704766738637,0.2257402278833856,1.7020117871741234,0
common,4h,ZENUSDT,30,full,12,12,0,0.25,-7.634029709316549,-7.35106642592881,-0.6361691424430457,-5192.205087111686,-432.68375725930724,0.17351069195363808,0.3238730561246672,7.634029709316549,0
common,4h,ZENUSDT,50,earlier,9,9,0,0.2222222222222222,-5.932017922142425,-5.719706959706958,-0.6591131024602694,-3777.578932379584,-419.73099248662044,0.1741692901050737,0.3545099887865223,5.932017922142425,0
common,4h,ZENUSDT,50,later,3,3,0,0.3333333333333333,-1.7020117871741234,-1.6313594662218527,-0.5673372623913745,-1414.6261547321033,-471.5420515773677,0.17120704766738637,0.2257402278833856,1.7020117871741234,0
common,4h,ZENUSDT,50,full,12,12,0,0.25,-7.634029709316549,-7.35106642592881,-0.6361691424430457,-5192.205087111686,-432.68375725930724,0.17351069195363808,0.3238730561246672,7.634029709316549,0
common,4h,ZENUSDT,60,earlier,8,8,0,0.25,-4.911374828219773,-4.719706959706958,-0.6139218535274716,-2788.731913859084,-348.5914892323855,0.20301572556384825,0.42659018212364486,4.911374828219773,0
common,4h,ZENUSDT,60,later,2,2,0,0.5,-0.6860924974243249,-0.6313594662218522,-0.34304624871216244,-138.288697826809,-69.1443489134045,0.33882317342987994,0.7489000615190801,1.0376838235294117,0
common,4h,ZENUSDT,60,full,10,10,0,0.3,-5.597467325644098,-5.35106642592881,-0.5597467325644099,-2927.020611685893,-292.7020611685893,0.22258830819359524,0.4593758019364549,5.597467325644098,0
common,4h,ZENUSDT,90,earlier,6,6,0,0.16666666666666666,-4.343682482726903,-4.214945054945057,-0.7239470804544839,-2798.473950694298,-466.4123251157163,0.15145139953685968,0.3616006068299472,4.343682482726903,0
common,4h,ZENUSDT,90,later,1,1,0,0.0,-1.0376838235294117,-1.0,-1.0376838235294117,-550.731707317073,-550.731707317073,0.0,0.0,1.0376838235294117,0
common,4h,ZENUSDT,90,full,7,7,0,0.14285714285714285,-5.381366306256314,-5.214945054945057,-0.7687666151794735,-3349.2056580113713,-478.45795114448157,0.12592470219856905,0.3212413863703404,5.381366306256314,0
common,4h,ZENUSDT,120,earlier,5,5,0,0.2,-3.3214752755196963,-3.214945054945057,-0.6642950551039393,-1877.8654314245218,-375.5730862849044,0.1892410568411933,0.4577298215099047,3.3214752755196963,0
common,4h,ZENUSDT,120,later,1,1,0,0.0,-1.0376838235294117,-1.0,-1.0376838235294117,-550.731707317073,-550.731707317073,0.0,0.0,1.0376838235294117,0
common,4h,ZENUSDT,120,full,6,6,0,0.16666666666666666,-4.3591590990491085,-4.214945054945057,-0.7265265165081848,-2428.597138741595,-404.7661897902658,0.1509948825994603,0.3949233809219743,4.3591590990491085,0
common,4h,ZENUSDT,150,earlier,4,4,0,0.25,-2.2970371034766854,-2.2149450549450567,-0.5742592758691714,-1039.473615342683,-259.86840383567073,0.25234203229505436,0.6039464285916647,2.2970371034766854,0
common,4h,ZENUSDT,150,later,2,2,0,0.5,-0.6860924974243249,-0.6313594662218522,-0.34304624871216244,-138.288697826809,-69.1443489134045,0.33882317342987994,0.7489000615190801,1.0376838235294117,0
common,4h,ZENUSDT,150,full,6,6,0,0.3333333333333333,-2.98312960090101,-2.8463045211669087,-0.49718826681683503,-1177.7623131694918,-196.293718861582,0.2741766343673657,0.6290874577092104,2.98312960090101,0
common,4h,ZENUSDT,200,earlier,4,4,0,0.25,-2.2970371034766854,-2.2149450549450567,-0.5742592758691714,-1039.473615342683,-259.86840383567073,0.25234203229505436,0.6039464285916647,2.2970371034766854,0
common,4h,ZENUSDT,200,later,3,3,0,0.3333333333333333,-1.7020117871741234,-1.6313594662218527,-0.5673372623913745,-1414.6261547321033,-471.5420515773677,0.17120704766738637,0.2257402278833856,1.7020117871741234,0
common,4h,ZENUSDT,200,full,7,7,0,0.2857142857142857,-3.999048890650809,-3.8463045211669096,-0.5712926986644012,-2454.0997700747857,-350.5856814392551,0.21983678863345923,0.44872100021698547,3.999048890650809,0
