stream_key,baseline_parity
binance_240m_0048c474ae7d6dbc,passed
binance_240m_021383e29d0b16d2,passed
binance_240m_026766676690a0de,passed
binance_240m_02e0cb11d23a838a,passed
binance_240m_02e5b6ae13d9b8b0,passed
binance_240m_034360160d8cd752,passed
binance_240m_03537aa8c682f9d4,passed
binance_240m_046c65084c49df77,passed
binance_240m_04a1e0fcf568a486,passed
binance_240m_04f2c1a5462e3b5a,passed
binance_240m_04f5b000218350b3,passed
binance_240m_05302eb4febd65c7,passed
binance_240m_05bbbfcbff24a4f8,passed
binance_240m_0684300ce6d7a85d,passed
binance_240m_06c7cb123ade49e1,passed
binance_240m_07025d8e5e1d6a17,passed
binance_240m_077816b7c99b0cde,passed
binance_240m_07ac39f712f079d2,passed
binance_240m_07c48b0793893db5,passed
binance_240m_0821915b0cbdc91a,passed
binance_240m_08f0cde18c222d7f,passed
binance_240m_096f8cf925558d31,passed
binance_240m_09d66dce59781d86,passed
binance_240m_0a6d981dd29345d6,passed
binance_240m_0aabcb5f49839108,passed
binance_240m_0aae2a4284f6a510,passed
binance_240m_0bfc831571abf7a1,passed
binance_240m_0c032c1a8d90c889,passed
binance_240m_0c5f9c79a18ebe2b,passed
binance_240m_0c70b1fb26ebd23b,passed
binance_240m_0c99a5fa01ce1fb2,passed
binance_240m_0cd8171aa871bd77,passed
binance_240m_0d63cae4773fa4d4,passed
binance_240m_0db68c022d4b96ab,passed
binance_240m_0eda4d94e43c6b73,passed
binance_240m_0f6c2ffc8eb93935,passed
binance_240m_10d9df29051e5276,passed
binance_240m_10ef4706f800c438,passed
binance_240m_111198aee0710a02,passed
binance_240m_1179ac87893f8f0f,passed
binance_240m_11aea8ef6b4b2fc9,passed
binance_240m_11ff9d91eece8b1b,passed
binance_240m_12f45795f1e36d93,passed
binance_240m_1350ba4be24dc57c,passed
binance_240m_13cfeb9d5e97c134,passed
binance_240m_1475f52221e55f4c,passed
binance_240m_154d70e98a3638a0,passed
binance_240m_159c68ffefabf23e,passed
binance_240m_163b04bfd1709948,passed
binance_240m_173dbf00f1b29eb2,passed
binance_240m_177c2535a57f53e0,passed
binance_240m_17b0cbf343b94332,passed
binance_240m_19d5ad617c0f493c,passed
binance_240m_1acc04b5d4f1de8c,passed
binance_240m_1ba58729c20def77,passed
binance_240m_1c353ede8e43eace,passed
binance_240m_1c70801b86c8ce9e,passed
binance_240m_1cecdf1b0bf24eb0,passed
binance_240m_1d15863d00132fdd,passed
binance_240m_1d56648082a35fce,passed
binance_240m_1db6a5456ed06a79,passed
binance_240m_1e4924385c45c175,passed
binance_240m_1f07e4502272e671,passed
binance_240m_1f9883b64d622516,passed
binance_240m_1fd44457dbb09dd1,passed
binance_240m_202c113ee7c2739a,passed
binance_240m_20b2f8981a78995f,passed
binance_240m_21b33d3bc76652bb,passed
binance_240m_21c77df6ed898b77,passed
binance_240m_2249974a87179485,passed
binance_240m_22f2d6444a74d7df,passed
binance_240m_239028ecd7d5c511,passed
binance_240m_23be7875b69cda9b,passed
binance_240m_242dd10ad59f7d2e,passed
binance_240m_2473593a418b027f,passed
binance_240m_24c491cc1fd8b400,passed
binance_240m_24d8431a62a1364d,passed
binance_240m_25ba33e4a4933354,passed
binance_240m_25d926ce521012a9,passed
binance_240m_26f9f581ff8609a8,passed
binance_240m_270222bff5ce051f,passed
binance_240m_272348b1cf31bbb8,passed
binance_240m_272c9292a6bae0b6,passed
binance_240m_273650dbc8ecf34a,passed
binance_240m_2823b017019be725,passed
binance_240m_284a943b57bcdd40,passed
binance_240m_2881513f6c75b4e1,passed
binance_240m_28c0466093c1ae35,passed
binance_240m_28f201470eba54b4,passed
binance_240m_29eeae22c995fd88,passed
binance_240m_2a2a8296d30f9bd3,passed
binance_240m_2a73bc9447b2257f,passed
binance_240m_2a8edd754c41355a,passed
binance_240m_2ab5c509477fc559,passed
binance_240m_2aefc801776ae2e8,passed
binance_240m_2b149b74d1b40c60,passed
binance_240m_2b888c24d5152a17,passed
binance_240m_2b8a9fcd6e225420,passed
binance_240m_2bafdd8c05656d58,passed
binance_240m_2bdba9c6b368ce38,passed
binance_240m_2bef5409f3fe1df6,passed
binance_240m_2c09e203cadd95ee,passed
binance_240m_2cc907951e75b372,passed
binance_240m_2d0fd4c567fb4985,passed
binance_240m_2d2f31182acd606d,passed
binance_240m_2de5b344978e90ac,passed
binance_240m_2e7515988193790b,passed
binance_240m_2e794015e41f52f9,passed
binance_240m_2e97cc1fe7536f44,passed
binance_240m_2ece36ead25003c4,passed
binance_240m_2f89f537e3232428,passed
binance_240m_2f8bea1730ff6d9f,passed
binance_240m_30152fa54b3e8635,passed
binance_240m_30472d02f557c33d,passed
binance_240m_30569ffe9ff8322a,passed
binance_240m_30ab919891790474,passed
binance_240m_311239427fa9fd55,passed
binance_240m_31c687bf9208dc58,passed
binance_240m_31cd6f4b21e93791,passed
binance_240m_31cf0a3c87b0455b,passed
binance_240m_33bebef9fdd29317,passed
binance_240m_33c92cbe7865f832,passed
binance_240m_341c0fbb89d2eabe,passed
binance_240m_34b0852f2384e84e,passed
binance_240m_36513bc1f359eead,passed
binance_240m_37b1c6b696a938ba,passed
binance_240m_37c3dbfd26722cb8,passed
binance_240m_37eb3c1c817365e6,passed
binance_240m_380081f344471910,passed
binance_240m_38be73f431b57016,passed
binance_240m_392a48d8bdbf1d91,passed
binance_240m_3ae7e5d0b49eb72d,passed
binance_240m_3aeabb03763346fc,passed
binance_240m_3ba245e711da22c6,passed
binance_240m_3bb78daf18369f7a,passed
binance_240m_3bcf9938e4e0464e,passed
binance_240m_3bdb7cb4995cec3f,passed
binance_240m_3c326c48e37843ca,passed
binance_240m_3c65d7fad42bc25f,passed
binance_240m_3c97647785dee1d4,passed
binance_240m_3cf56b242a42ef83,passed
binance_240m_3cfe8d52e9a1b1d0,passed
binance_240m_3d51194116bac5ea,passed
binance_240m_3d9ad097405b4d4a,passed
binance_240m_3ddfe5007fc533ed,passed
binance_240m_3e59d0cc413ceab6,passed
binance_240m_3eb7e22fcbd0f4a1,passed
binance_240m_3ec3a41575713da9,passed
binance_240m_3f2d4c0ac5f3e992,passed
binance_240m_3fe28c204c752675,passed
binance_240m_4067c49c858c8c40,passed
binance_240m_406aec69a37000a8,passed
binance_240m_407b0a6ab7616842,passed
binance_240m_408e1cb946ea3fa3,passed
binance_240m_40bce1f6837add6a,passed
binance_240m_40fa410016d99920,passed
binance_240m_411cecec8ead72fa,passed
binance_240m_4148c446b470f78e,passed
binance_240m_41503b238af3433e,passed
binance_240m_416252d2b835ece0,passed
binance_240m_416e66dc6be5f167,passed
binance_240m_41b01ceb3519daad,passed
binance_240m_41f2583718e6943e,passed
binance_240m_424d4fd651c69dc2,passed
binance_240m_42eb8d5205aa6abb,passed
binance_240m_42f4ee47b272d8c6,passed
binance_240m_434a6b4cdb5aa752,passed
binance_240m_43534bdad24a85da,passed
binance_240m_4358d15375058762,passed
binance_240m_43cc97f1e94f2b38,passed
binance_240m_43e2d9dd360f5d24,passed
binance_240m_43f466e5784e907d,passed
binance_240m_4483e43820c2abc2,passed
binance_240m_45502ad49d85057d,passed
binance_240m_46b820d67dc19b12,passed
binance_240m_473f86d728e83001,passed
binance_240m_474f01da59794912,passed
binance_240m_4762a43645062aac,passed
binance_240m_47a0d0e6be38c887,passed
binance_240m_47db13e06dcbebe2,passed
binance_240m_4a67b16ea246e436,passed
binance_240m_4a75d79461790599,passed
binance_240m_4a8879145e999233,passed
binance_240m_4ae1e60ff7fdcda2,passed
binance_240m_4b313a2f0b7cab85,passed
binance_240m_4bb4adad7ab7429e,passed
binance_240m_4c264bce849dd494,passed
binance_240m_4c900c5de3f28e76,passed
binance_240m_4c92965498e6ec69,passed
binance_240m_4cd0a68b30b5fe39,passed
binance_240m_4d18aa98bda49dfe,passed
binance_240m_4db6976460b14248,passed
binance_240m_4dce12db250e9add,passed
binance_240m_4f0a8541eabfcf87,passed
binance_240m_4f659828ee02239c,passed
binance_240m_4f7277a2e9050822,passed
binance_240m_4fb29239010db3f1,passed
binance_240m_4feb1c16aa80046b,passed
binance_240m_502989c9286ea259,passed
binance_240m_5060dc8565be2bfc,passed
binance_240m_506d0a3012c15acd,passed
binance_240m_50777637a731ded3,passed
binance_240m_50a8a97079e35d5e,passed
binance_240m_50ecf1e60266472b,passed
binance_240m_5134092cf5a8786a,passed
binance_240m_514dc2033859023b,passed
binance_240m_518cebd1b2c90281,passed
binance_240m_51d55f0595d15da9,passed
binance_240m_523414dc2e13e6f0,passed
binance_240m_525f047b78e5fb01,passed
binance_240m_527e6a02121562ca,passed
binance_240m_5295d7bb7ea2435b,passed
binance_240m_52a85f233fa0eb1b,passed
binance_240m_52ee26ab9d92a815,passed
binance_240m_535d37486e5b5b98,passed
binance_240m_536108af9cb056dd,passed
binance_240m_53d53f34e675e2e6,passed
binance_240m_54103d7b1ab28d1c,passed
binance_240m_54158f7ca4b3016a,passed
binance_240m_54604865dcfb72f1,passed
binance_240m_5464dca9eb68aeb0,passed
binance_240m_54e497d887e50e50,passed
binance_240m_5587d6059725a15b,passed
binance_240m_55d3ea00f0298345,passed
binance_240m_5649bd458f17dcf7,passed
binance_240m_564c70d633a34056,passed
binance_240m_57582298178a05d8,passed
binance_240m_57829fd509d9477a,passed
binance_240m_57a347b599f53f4a,passed
binance_240m_57b8dcd0ddd85191,passed
binance_240m_57f1ba8544d524d2,passed
binance_240m_58340ab9560ba5c8,passed
binance_240m_58d338ceda1f13da,passed
binance_240m_58d6dcdd56d662a2,passed
binance_240m_59c0d867f7e1c7a9,passed
binance_240m_5a4eb4273e540f68,passed
binance_240m_5b7c59f89bfb0b32,passed
binance_240m_5b8868451b7c8b05,passed
binance_240m_5c6037d2e574608a,passed
binance_240m_5c65855d3b776537,passed
binance_240m_5cdfc7e37d675a7c,passed
binance_240m_5d1e3a64e87b349e,passed
binance_240m_5d64d3d08992d5c7,passed
binance_240m_5e3d4e61a27b1d32,passed
binance_240m_5e51158f407614b2,passed
binance_240m_5eb99386c51fdb12,passed
binance_240m_5f2e8987d43b9aa9,passed
binance_240m_5f4ff10c2652d789,passed
binance_240m_6029841b33bae35a,passed
binance_240m_612b31dc3d11630a,passed
binance_240m_61a7c0ca0c42c827,passed
binance_240m_623826a5119f4a8d,passed
binance_240m_628696af11509870,passed
binance_240m_633b679a29d36084,passed
binance_240m_639759407258be4a,passed
binance_240m_63be2a38c36540a0,passed
binance_240m_641d909c905697e8,passed
binance_240m_646eb4da41a03d75,passed
binance_240m_648e4bb206968833,passed
binance_240m_64a61dc0b6abcaa6,passed
binance_240m_64d78106665688f6,passed
binance_240m_654b32bb967df20a,passed
binance_240m_65d3ed2193cce004,passed
binance_240m_65e8ee43056a8261,passed
binance_240m_680ef57bdec89702,passed
binance_240m_68685106d268ebb5,passed
binance_240m_6894af74b1270430,passed
binance_240m_696446d5089d6f84,passed
binance_240m_6a279cb348a88f4b,passed
binance_240m_6a4026cca3d05e02,passed
binance_240m_6a8c4b41c0852025,passed
binance_240m_6a9c6efac7f2c76f,passed
binance_240m_6aca7abc77763f71,passed
binance_240m_6b038285ff999252,passed
binance_240m_6bd8d9f157bafea1,passed
binance_240m_6c5101beb7be76d4,passed
binance_240m_6c5ae220b7504208,passed
binance_240m_6c7fb254f200c7dc,passed
binance_240m_6cc9657345cb4940,passed
binance_240m_6cdb6ff9700a686c,passed
binance_240m_6e0757f27475efd0,passed
binance_240m_6f08238d1a15194c,passed
binance_240m_6f0bfd4d44fea8a9,passed
binance_240m_6f5fd566b0e10b8d,passed
binance_240m_6fe148c017edb3ea,passed
binance_240m_72114e05643d1ee8,passed
binance_240m_72698f7d4c9904ca,passed
binance_240m_72f60b48e0192eca,passed
binance_240m_7393aa520e277c7e,passed
binance_240m_73b76c4685abdfea,passed
binance_240m_73ce9468c14c0bc7,passed
binance_240m_741b1f3b6c774911,passed
binance_240m_744bba81f948479e,passed
binance_240m_75ad01d07876ae92,passed
binance_240m_75c45e7ee26dbbe0,passed
binance_240m_76a54384d4b61592,passed
binance_240m_76a636c4808d4eb7,passed
binance_240m_76c4b7163a590fb5,passed
binance_240m_76dfa8a5c062a9d7,passed
binance_240m_7706615bbe7168ba,passed
binance_240m_77433c4b3d58568b,passed
binance_240m_78737852946135d2,passed
binance_240m_789dd8b8a9e68c71,passed
binance_240m_792d03cb3ffb108f,passed
binance_240m_79337d77342dfb4c,passed
binance_240m_79470b666881c066,passed
binance_240m_79a7af29c93227e3,passed
binance_240m_7a1610231a023202,passed
binance_240m_7a683f7b57e1d98a,passed
binance_240m_7a9b82c0f8744af6,passed
binance_240m_7bd58a0038b5453b,passed
binance_240m_7c1cd3d1ce021776,passed
binance_240m_7c3409bc2696c05a,passed
binance_240m_7c9dc6f5ca57980f,passed
binance_240m_7cc1d2c71a083357,passed
binance_240m_7d3752829035c246,passed
binance_240m_7d7a47a853bab82b,passed
binance_240m_7dcad8baa657886e,passed
binance_240m_7edbee44200ff86d,passed
binance_240m_7edcce19a804b03d,passed
binance_240m_7f114062ae7ae562,passed
binance_240m_7f97573c16972702,passed
binance_240m_7fe452cd319deaae,passed
binance_240m_7fe68b1c338ef8b9,passed
binance_240m_803d85e8e148ce4c,passed
binance_240m_8076147923007dc2,passed
binance_240m_80d50b7d0ed371b2,passed
binance_240m_80e3530ac07ff248,passed
binance_240m_81d24399618ad09f,passed
binance_240m_820bd717b243344b,passed
binance_240m_825dc36c5d6485c1,passed
binance_240m_8281fed9dbcfa97b,passed
binance_240m_835b9899a6e6f427,passed
binance_240m_836c35cb7d464209,passed
binance_240m_83a756a9fffa48a8,passed
binance_240m_8401d5e1a8b705ab,passed
binance_240m_8486e4d90962c5a8,passed
binance_240m_849435b113d60e6b,passed
binance_240m_85278e7e04a6be0f,passed
binance_240m_8527e0f47dc716ec,passed
binance_240m_852d56029a9d30e3,passed
binance_240m_85f0d26343f2d40d,passed
binance_240m_85f117057f0cb245,passed
binance_240m_8675c701d827219b,passed
binance_240m_868e8cc08375d8dd,passed
binance_240m_8778c4dd08bc3de7,passed
binance_240m_87889cfe856f89d8,passed
binance_240m_87caf3037585b5d7,passed
binance_240m_87dda98da1e8c6dc,passed
binance_240m_87e1a0013996c355,passed
binance_240m_87f2130ab93f1b41,passed
binance_240m_87fade6431af01a9,passed
binance_240m_89183aa64611b4b9,passed
binance_240m_893a0fd15875e7d8,passed
binance_240m_8a9cd308dbdd85d6,passed
binance_240m_8b002e7d92444e1c,passed
binance_240m_8c05f2ca09c642f0,passed
binance_240m_8ccbeaf405a33254,passed
binance_240m_8f2eb7976e215564,passed
binance_240m_902de4dee5fb3c43,passed
binance_240m_907f494695de339d,passed
binance_240m_90e36092631b673f,passed
binance_240m_91211bf7ec8561dc,passed
binance_240m_919993acf7b0e9b6,passed
binance_240m_9221ed9b6d2b00f6,passed
binance_240m_92540b66ad39a3c8,passed
binance_240m_93351398d6fbf4d0,passed
binance_240m_93f142f06af7faa0,passed
binance_240m_941650a9c09e32fa,passed
binance_240m_943364e3f85f433b,passed
binance_240m_945c1e73262eb6c3,passed
binance_240m_94ba368c1e2dc52d,passed
binance_240m_95de6de5186a6864,passed
binance_240m_961e60b9d954e25d,passed
binance_240m_9621f23b96830c75,passed
binance_240m_96232b9f4b8b2731,passed
binance_240m_965a481d95493080,passed
binance_240m_9662bacc7186fa3a,passed
binance_240m_97b48b3871246118,passed
binance_240m_98d693accc52e634,passed
binance_240m_98e6b923bcd9ee1b,passed
binance_240m_992c9f04568362bd,passed
binance_240m_99336f476354d400,passed
binance_240m_9a5e98c15b4a0e2e,passed
binance_240m_9ac73b5b79d52a18,passed
binance_240m_9af2cd6c6a39fceb,passed
binance_240m_9b9873c4ecab5ea3,passed
binance_240m_9bbd6cfa77690c8a,passed
binance_240m_9c36a75340d593c3,passed
binance_240m_9cbda3f82af9334d,passed
binance_240m_9d5125819295e82e,passed
binance_240m_9d52ba72cc1c3713,passed
binance_240m_9df80fd05d28aa7c,passed
binance_240m_9e40bb1cd75c5ad6,passed
binance_240m_9f3067b452a563e6,passed
binance_240m_9f360d5da09b3f0f,passed
binance_240m_a018c8a9a077530b,passed
binance_240m_a0871087f77baa91,passed
binance_240m_a0e28d5a68ad9bbe,passed
binance_240m_a12d9117693c5812,passed
binance_240m_a19227f4c21559b6,passed
binance_240m_a2183d2ec5d32943,passed
binance_240m_a258f5d6c204098b,passed
binance_240m_a334287a41ce602e,passed
binance_240m_a3397238710ada46,passed
binance_240m_a363bb5f12b21b57,passed
binance_240m_a37573ffb50b7168,passed
binance_240m_a3d3640b9135c831,passed
binance_240m_a421d678b1822b6a,passed
binance_240m_a424a086cfc56459,passed
binance_240m_a4756dbad12880c6,passed
binance_240m_a4bc514210f74e35,passed
binance_240m_a522d6a4d6aac318,passed
binance_240m_a5aa0df9d28bd9d7,passed
binance_240m_a5e34c29cb935bb9,passed
binance_240m_a63434e3279a078d,passed
binance_240m_a65e79a10a893ecc,passed
binance_240m_a707bde506f45514,passed
binance_240m_a773382955791058,passed
binance_240m_a77e48e5293995eb,passed
binance_240m_a7881a5e1f1a2e7f,passed
binance_240m_a79d2311b6ea320c,passed
binance_240m_a8141c2cb6b7fd06,passed
binance_240m_a827eaa12c6298be,passed
binance_240m_a848d67ecce34a28,passed
binance_240m_a93a2ae36807c879,passed
binance_240m_a9a8774576e512fc,passed
binance_240m_a9c5753e14983832,passed
binance_240m_aaac06d4820eeb58,passed
binance_240m_ab188c930cd2584e,passed
binance_240m_ab23efbf12b5123f,passed
binance_240m_ab8778ef12e341ef,passed
binance_240m_ac17107509718ba0,passed
binance_240m_ac281e0b057693ac,passed
binance_240m_acd0871b600cd28c,passed
binance_240m_ace644260e27fca5,passed
binance_240m_ad38f362d946af0d,passed
binance_240m_ad8d584abe539e75,passed
binance_240m_adb2ae27a6a3dc99,passed
binance_240m_adbc3e714c93020c,passed
binance_240m_adf2497bdcc41ffd,passed
binance_240m_ae151aab1858f6ef,passed
binance_240m_afd3a02f0fb85490,passed
binance_240m_b04f759de4e3020d,passed
binance_240m_b16177db5ba8dc09,passed
binance_240m_b1de9bdabdff545d,passed
binance_240m_b21233d0b25958f1,passed
binance_240m_b2c9f5b73ff57bab,passed
binance_240m_b2efb71142c4108b,passed
binance_240m_b43d9022bba8b6bc,passed
binance_240m_b455a0c35f6df4ee,passed
binance_240m_b4ccce91d3a34f88,passed
binance_240m_b4d180cfbb90b1b8,passed
binance_240m_b51dc4e406f260ca,passed
binance_240m_b53b1c3f3c93c8e9,passed
binance_240m_b5d9ef6e6b63687d,passed
binance_240m_b5ec2ed40ff78501,passed
binance_240m_b5f1179a11dda57f,passed
binance_240m_b62fe756f186e7f7,passed
binance_240m_b6914bdd3d672c4c,passed
binance_240m_b696649017070ac6,passed
binance_240m_b6c7a223cdd2d465,passed
binance_240m_b70f745018586314,passed
binance_240m_b7540066f68659f4,passed
binance_240m_b798dd62a178b990,passed
binance_240m_b7be8e12b59f961f,passed
binance_240m_b7f99d63167b20ac,passed
binance_240m_b84948e6640057b9,passed
binance_240m_b8ef1f535f953b79,passed
binance_240m_b900ad10f7327305,passed
binance_240m_b917536a95ee6a58,passed
binance_240m_b9281814717fbe7a,passed
binance_240m_b92f123dc30962e6,passed
binance_240m_b93ffe1e54428e58,passed
binance_240m_b9fa03cafa108c23,passed
binance_240m_bab8f8fb0e6ff44c,passed
binance_240m_bb594485db2586a6,passed
binance_240m_bb8bbc9808dbfe55,passed
binance_240m_bbbf06520541db80,passed
binance_240m_bbf387215e5215b7,passed
binance_240m_bc2e92958f028a42,passed
binance_240m_bce668ef387937f7,passed
binance_240m_bd04bfbc8f2125c3,passed
binance_240m_bd45bdb6661993dd,passed
binance_240m_bd4cebb34ce8486b,passed
binance_240m_bd508fa59726deb4,passed
binance_240m_bde2d88f82c25b57,passed
binance_240m_beb8267322ddef20,passed
binance_240m_bec7e66a95870bb6,passed
binance_240m_bf09fa914ec9dd7a,passed
binance_240m_bf166a5c2e1d16dd,passed
binance_240m_bf5f140791bd1e02,passed
binance_240m_c08f1771b9620dc7,passed
binance_240m_c0de9c58289006de,passed
binance_240m_c1ecf3d01c49c818,passed
binance_240m_c2b3f5d6879d96a0,passed
binance_240m_c399619dda6d984c,passed
binance_240m_c445a5ae7e7ade8e,passed
binance_240m_c4b07ed585a1fd92,passed
binance_240m_c5014a558c6dddd2,passed
binance_240m_c573709a4bd2ce4e,passed
binance_240m_c5aa3d10b68a04ab,passed
binance_240m_c628474188c11f57,passed
binance_240m_c7532c729a3626cf,passed
binance_240m_c89de1e9b846b27f,passed
binance_240m_c90e7765ec94e172,passed
binance_240m_c910184a083ccd35,passed
binance_240m_ca21a1be7b6e947f,passed
binance_240m_ca21c647535e6d49,passed
binance_240m_ca268209bbd79a47,passed
binance_240m_ca46f96bb5a88d13,passed
binance_240m_cabead23cc676136,passed
binance_240m_cb082fb51aa9a662,passed
binance_240m_cb2ea5ad1ec85fd7,passed
binance_240m_cb62d16d52a42d62,passed
binance_240m_cbcdf3031e553439,passed
binance_240m_cc6aac4247ee3349,passed
binance_240m_ccbd5d62a1e08052,passed
binance_240m_ccd41939aa398221,passed
binance_240m_cceeb90c00cafe68,passed
binance_240m_cd72349250fb25ae,passed
binance_240m_cd97cb798c93e238,passed
binance_240m_ce301f382ca4a22f,passed
binance_240m_ce624c2522a7312d,passed
binance_240m_ce7f3287eb74fb59,passed
binance_240m_ce9fcce806cba822,passed
binance_240m_cf2ffd6caa71be51,passed
binance_240m_cff14a8f2e99df39,passed
binance_240m_d01d875385223334,passed
binance_240m_d07abf8d5031952e,passed
binance_240m_d16555b837d0a0be,passed
binance_240m_d1fa55f2aad96aa8,passed
binance_240m_d20f24f2f4c106e0,passed
binance_240m_d227c55af5f02461,passed
binance_240m_d27b805e854cc0dd,passed
binance_240m_d27cba40b4a8c87c,passed
binance_240m_d2bc599fdae30bcf,passed
binance_240m_d30d99349e2dceba,passed
binance_240m_d3c44567607f1b06,passed
binance_240m_d3fc2fc0b1cd5d6d,passed
binance_240m_d474761d19cdb609,passed
binance_240m_d48fdc377f1ffd59,passed
binance_240m_d4b49bc1a4a1034b,passed
binance_240m_d59321910afa14e7,passed
binance_240m_d646d015bc08ec6b,passed
binance_240m_d64bc82fbe9e7d25,passed
binance_240m_d66679ecc0221cc6,passed
binance_240m_d6ab3a52ad1acae9,passed
binance_240m_d6bd699712f097fe,passed
binance_240m_d6bdcb0bedbf8c3a,passed
binance_240m_d6d2c8324a260993,passed
binance_240m_d708529248c79003,passed
binance_240m_d753edd57010fa5f,passed
binance_240m_d81a4dafc078a820,passed
binance_240m_d86d2d5ac800dda1,passed
binance_240m_d921bdc532e2c432,passed
binance_240m_d9a23fa50f2263b7,passed
binance_240m_daf5eaf8f01a2cbf,passed
binance_240m_db20510f85e95c83,passed
binance_240m_dbe5e6b09518ea66,passed
binance_240m_dc891e92fd04aa55,passed
binance_240m_dc9fbdeb7815e871,passed
binance_240m_dd47a10d4a272867,passed
binance_240m_dd4e44f189b445ab,passed
binance_240m_ddb6cf1734695d11,passed
binance_240m_de0f1aa84008716c,passed
binance_240m_de72df00860bbe53,passed
binance_240m_df03f94340a161c5,passed
binance_240m_df49df7604f4fcfe,passed
binance_240m_df99c87bc136b181,passed
binance_240m_e05a26a76e0b4d55,passed
binance_240m_e0aa0f97ab02d3e9,passed
binance_240m_e103038ef33bad94,passed
binance_240m_e16807d2aae498e3,passed
binance_240m_e177fadbcc2e6332,passed
binance_240m_e2544f0b3a70235a,passed
binance_240m_e27ebd97bbb26509,passed
binance_240m_e45d2e0b9809cf6f,passed
binance_240m_e4e5e675e670e3e1,passed
binance_240m_e5580a68bba75e43,passed
binance_240m_e60f4074b8e9a998,passed
binance_240m_e716775c4285cfec,passed
binance_240m_e7c29f28002dfd9e,passed
binance_240m_e83de63d3eae258b,passed
binance_240m_e863c0d4f0622414,passed
binance_240m_e885c3c326e950c8,passed
binance_240m_e886e93bdafc55e6,passed
binance_240m_e88e56107f74d1b1,passed
binance_240m_e8a499f83497db04,passed
binance_240m_e8f81dd450f894cb,passed
binance_240m_ea14b004d84c2071,passed
binance_240m_ea1c530ff062b417,passed
binance_240m_ea29892d04cd21d6,passed
binance_240m_ea3f2ff04979e170,passed
binance_240m_eae8aa79e3be6c4b,passed
binance_240m_eb1b0a688c78fd42,passed
binance_240m_eba08b17751e908a,passed
binance_240m_ec014c48efe7ca2e,passed
binance_240m_ec33c021b6ad7253,passed
binance_240m_ecc4ce5f992f05ed,passed
binance_240m_ed652997f7042331,passed
binance_240m_ed6a29a0b9b8e7ff,passed
binance_240m_edc5c07352aa6d94,passed
binance_240m_ee710b8f7402f82d,passed
binance_240m_ef3ad0d86469a618,passed
binance_240m_efeaf96e7dc1bce7,passed
binance_240m_f054e4a4916864c6,passed
binance_240m_f06e5030e198f69c,passed
binance_240m_f090880538917637,passed
binance_240m_f166237131ea7620,passed
binance_240m_f18a8527994987de,passed
binance_240m_f1b016edbfddc631,passed
binance_240m_f1b38f7c43f15bab,passed
binance_240m_f2a795d4b307a4bd,passed
binance_240m_f38c98c9e07add1e,passed
binance_240m_f3a5c21355a8b0dc,passed
binance_240m_f3a60a90a5f6d78e,passed
binance_240m_f3bd857c5448c141,passed
binance_240m_f471f43bf040b78b,passed
binance_240m_f488e1c00f390b33,passed
binance_240m_f519afbd1fb3d3b5,passed
binance_240m_f556f1d4f8df109d,passed
binance_240m_f60b207dc6452942,passed
binance_240m_f6a39eaf2d17d803,passed
binance_240m_f6dabe2ff52e5b5c,passed
binance_240m_f6dcafdd81a60eef,passed
binance_240m_f724a3e1e63d33b4,passed
binance_240m_f7572e348e274045,passed
binance_240m_f770baf6488c945e,passed
binance_240m_f815513bd821d0a7,passed
binance_240m_f96eb6896853e946,passed
binance_240m_f974aef5b8b7609e,passed
binance_240m_faaedabef4b08376,passed
binance_240m_fb7bb2c21faa31b9,passed
binance_240m_fb896b7806032082,passed
binance_240m_fbf00dc770c12467,passed
binance_240m_fd00dd8bea435fd2,passed
binance_240m_fd3a1744f03b33fe,passed
binance_240m_fd8b3018f6bdfe30,passed
binance_240m_fd984164a4c0507e,passed
binance_240m_fdb842a301ce6038,passed
binance_240m_fe01ef2cd8018121,passed
binance_240m_fe6e7f68b61f7c4d,passed
binance_240m_fec4f40775de03d4,passed
binance_240m_ff3d2420966379bf,passed
binance_240m_ff43be1d71e38249,passed
binance_240m_ff4fdc7ac922a81e,passed
binance_240m_ffad84469347f4a5,passed
binance_240m_ffff50de20cfb1fa,passed
binance_30m_001a9b5aefcc53d7,passed
binance_30m_00333280cdce2471,passed
binance_30m_0058619838018b1d,passed
binance_30m_0080e154011b75bd,passed
binance_30m_00c81af5aa0059f9,passed
binance_30m_01c998d3f7929cd5,passed
binance_30m_01d3331302a0d763,passed
binance_30m_01fb6124bd66e95f,passed
binance_30m_02172ffb7cdb2a5e,passed
binance_30m_02391cc1b8e6ce26,passed
binance_30m_03043952d5292113,passed
binance_30m_03286464f6bac3f3,passed
binance_30m_03bcb0a80f475988,passed
binance_30m_03e1794e005b355b,passed
binance_30m_03eb1301feb50417,passed
binance_30m_041504790233049d,passed
binance_30m_04de0b1929c53058,passed
binance_30m_05545c5350df983a,passed
binance_30m_05d69885d66e1052,passed
binance_30m_062153aa6da97ad2,passed
binance_30m_06aa5231223ab868,passed
binance_30m_06e11a180bb76f64,passed
binance_30m_06f6fcdc19aec921,passed
binance_30m_070639f1ba5b6815,passed
binance_30m_071b408a709e023d,passed
binance_30m_07a20d68535c2e68,passed
binance_30m_08e7c7fcbf25e590,passed
binance_30m_0998616400146507,passed
binance_30m_09a95d376d37b56b,passed
binance_30m_0a2110717640a9ee,passed
binance_30m_0a9106c49627e425,passed
binance_30m_0b166fd24bc2a5f6,passed
binance_30m_0b24a1d2803074e1,passed
binance_30m_0b6fcd490ca388ac,passed
binance_30m_0c99ec12b5ec243f,passed
binance_30m_0ce1c6e545c39f9c,passed
binance_30m_0d75814e365cdbd4,passed
binance_30m_0db03baa0236334e,passed
binance_30m_0dc83825e73ea105,passed
binance_30m_0dd1169621605a42,passed
binance_30m_0ddaff30c26aad4d,passed
binance_30m_0de60721a7664b2f,passed
binance_30m_0e40e1f984e4cb11,passed
binance_30m_0e4baa65b3e67cfc,passed
binance_30m_0e84640817bf5484,passed
binance_30m_0f013f548f964a6f,passed
binance_30m_0f1035d8987b9127,passed
binance_30m_0f64b0bf096e110b,passed
binance_30m_0fd0ba81c0a6bae7,passed
binance_30m_100ef5451c484afd,passed
binance_30m_101d6a0bd6165058,passed
binance_30m_104efc98fbc92f12,passed
binance_30m_10a18e055bf6722b,passed
binance_30m_1132d8a82d5dd4ac,passed
binance_30m_118aa1c6d1bb278a,passed
binance_30m_1255a35b034114ca,passed
binance_30m_1391b37c26e77450,passed
binance_30m_13ecb2b94fdb3dda,passed
binance_30m_141675ec8c36f3ee,passed
binance_30m_1465af56e5ef58b2,passed
binance_30m_14ed8d5759d7246f,passed
binance_30m_155d9eadd95f40ac,passed
binance_30m_15ad45b508699c2e,passed
binance_30m_15f9d4b58cd57aca,passed
binance_30m_170796ffb61e04ac,passed
binance_30m_17576fd0c03f21bd,passed
binance_30m_17d0a8199322c17b,passed
binance_30m_17ee42b9b1ad1d44,passed
binance_30m_183c3b271505c099,passed
binance_30m_18533a1f035f2624,passed
binance_30m_188fbef759bb4716,passed
binance_30m_18a033ee291c479c,passed
binance_30m_19031945a158ca7f,passed
binance_30m_191460eb6e155a43,passed
binance_30m_194095dd080709f4,passed
binance_30m_1962c3350da23515,passed
binance_30m_19d25bae53a81654,passed
binance_30m_1a39cfc6064762e6,passed
binance_30m_1a7272ddc276a9ea,passed
binance_30m_1b83de3dde0ffa14,passed
binance_30m_1cc8fc006473092e,passed
binance_30m_1cf8758d83c1f398,passed
binance_30m_1de78107a9012917,passed
binance_30m_1e806013b7c8f634,passed
binance_30m_1e8f5141e6afff7f,passed
binance_30m_1edc358a234360ce,passed
binance_30m_1efc1594e2c59dd4,passed
binance_30m_1f5531ef6368b553,passed
binance_30m_202638b2f086a13d,passed
binance_30m_20328c4054849e23,passed
binance_30m_2071f253f57c0c0a,passed
binance_30m_20846a408dfceee0,passed
binance_30m_21beb8eb93ab95f8,passed
binance_30m_221031cc9526d9f3,passed
binance_30m_224643b44405856d,passed
binance_30m_225e0d46d5596644,passed
binance_30m_228e15759bac5d7b,passed
binance_30m_22a8979e2c29faeb,passed
binance_30m_22fa50d8090fc7f6,passed
binance_30m_236ddea7f7921940,passed
binance_30m_23d7ca03ff25f515,passed
binance_30m_258725080768cddc,passed
binance_30m_2602a246756f0b64,passed
binance_30m_26b9ead44d41d9fb,passed
binance_30m_2779a324d38f3488,passed
binance_30m_29119272de7aac8c,passed
binance_30m_292b930fc4dfebe7,passed
binance_30m_29b4b5d97a835ec8,passed
binance_30m_2a307d72a2c9547d,passed
binance_30m_2af09605ecc52ffd,passed
binance_30m_2af142b9b56a040b,passed
binance_30m_2bea99d20a2ef196,passed
binance_30m_2c0be848cd785bfc,passed
binance_30m_2c80b05abaf7207b,passed
binance_30m_2c873f92eb70d608,passed
binance_30m_2c9ab299803b26f4,passed
binance_30m_2cd0ecc149bca57f,passed
binance_30m_2dbfb4dec49db055,passed
binance_30m_2ddcfa656de14e6e,passed
binance_30m_2e167c2a6a2cd24d,passed
binance_30m_2e1bff7173ab6c2a,passed
binance_30m_2ed5a921b9ef52bf,passed
binance_30m_2f889e806f146d2c,passed
binance_30m_2f9ade18c2b746f7,passed
binance_30m_2fc3b1c9dafb787c,passed
binance_30m_30cb7e4894d8c9bf,passed
binance_30m_3123ce1524eb4fb4,passed
binance_30m_312602d50f9934ce,passed
binance_30m_31f0649edaf5a315,passed
binance_30m_32f6647ad232733a,passed
binance_30m_331186422522d229,passed
binance_30m_335e840deb5aaa02,passed
binance_30m_3379473ab6a97d7b,passed
binance_30m_339b20ebf583c910,passed
binance_30m_3417f84d232c28b0,passed
binance_30m_346d3b8c82a75293,passed
binance_30m_34baaafebef0f4cc,passed
binance_30m_34f8c7bf56fa61ee,passed
binance_30m_35093bdef7bce91f,passed
binance_30m_3544bc0366fb0adb,passed
binance_30m_36757c021e219c4f,passed
binance_30m_3697f8a33fcdfcf1,passed
binance_30m_36f03e2c4bf9bf10,passed
binance_30m_37664e8a03b30edd,passed
binance_30m_38bbb9cc62660a37,passed
binance_30m_38e1dc570ccbf66e,passed
binance_30m_38e61c096bf09bcd,passed
binance_30m_391b20912fe878ef,passed
binance_30m_3939557126b2adab,passed
binance_30m_39a5978142aad553,passed
binance_30m_3a6b85d97303d1b8,passed
binance_30m_3ac12dcb94585468,passed
binance_30m_3adcb29762d5fa9d,passed
binance_30m_3b517e7a28cbc589,passed
binance_30m_3c555a6dc1e7232f,passed
binance_30m_3c80f4668c5cb2e5,passed
binance_30m_3cd3aebbb32da9c0,passed
binance_30m_3dd223bcc6440067,passed
binance_30m_3e54709f8c1fa4ec,passed
binance_30m_3e900eb70935143d,passed
binance_30m_3e905623ccebb107,passed
binance_30m_3edf676b8252566f,passed
binance_30m_3f23da57c8660e9a,passed
binance_30m_3f2c416c00a9c689,passed
binance_30m_3f45b1494410e510,passed
binance_30m_3f6ed979b19a84ba,passed
binance_30m_3fc554df42dfc6d6,passed
binance_30m_3fc9372e2bf80588,passed
binance_30m_410b867f35202b27,passed
binance_30m_4157459a328586c9,passed
binance_30m_4158666b29c2b6a0,passed
binance_30m_41776d1f1d3bd3d2,passed
binance_30m_424348704854b9d3,passed
binance_30m_42d8ed888d569b2f,passed
binance_30m_4356678e48126bc0,passed
binance_30m_439c30705691d6f4,passed
binance_30m_43c36926f6718272,passed
binance_30m_4560b19a682e8291,passed
binance_30m_45a0981886af3d60,passed
binance_30m_46c92c4742b9a839,passed
binance_30m_46f2bc3c9adcfd66,passed
binance_30m_470a4762e22671a8,passed
binance_30m_4757a75cde1bcd5e,passed
binance_30m_47e8036b875f0fce,passed
binance_30m_48860d769409c763,passed
binance_30m_489dc653d09d67b4,passed
binance_30m_49434369d678ff45,passed
binance_30m_498c1f6fffdfa315,passed
binance_30m_4a2bb8afcb0407df,passed
binance_30m_4a41ed99d4a87a80,passed
binance_30m_4aa1b41c76b5d2a4,passed
binance_30m_4b3ab0fca7c8e5bd,passed
binance_30m_4bb9df8dc9308dc6,passed
binance_30m_4ca26ff6b88af159,passed
binance_30m_4cd7d4a1cbdc0b86,passed
binance_30m_4cec45818d0926f9,passed
binance_30m_4cf7508f93f76f26,passed
binance_30m_4e139d32e0417054,passed
binance_30m_4e281bfca5ac6de2,passed
binance_30m_4e34542b9c4b4bcb,passed
binance_30m_4e7efc5d3f3354e8,passed
binance_30m_4f0412a01db01937,passed
binance_30m_4f51fa2b98109819,passed
binance_30m_4feff0e371672997,passed
binance_30m_5012e393796339b9,passed
binance_30m_508b3973a11173c3,passed
binance_30m_509754485664ea37,passed
binance_30m_50fc9b3c644c2d85,passed
binance_30m_5120a30125d30edc,passed
binance_30m_51569b76c2bb90d2,passed
binance_30m_51f4bc8fa4c2da2b,passed
binance_30m_52157eee87dce5c8,passed
binance_30m_525e483bcf6b1639,passed
binance_30m_532b1f0c0b4af957,passed
binance_30m_5372ade0fb270cb6,passed
binance_30m_53a1a60e5bac14a0,passed
binance_30m_53c067ee504c7cfb,passed
binance_30m_53c804f54019333e,passed
binance_30m_53e287922d223fa4,passed
binance_30m_53eaaa1927a34b63,passed
binance_30m_54713f66594c2929,passed
binance_30m_54988914cfaabd43,passed
binance_30m_54fc87adc9d3f9be,passed
binance_30m_555917e537d05383,passed
binance_30m_55627acac09feb15,passed
binance_30m_557a8c7c3d939607,passed
binance_30m_557d02c2c0e81230,passed
binance_30m_559d5f3ecee4dbdb,passed
binance_30m_55a981a791452889,passed
binance_30m_55f536ec1f19ee45,passed
binance_30m_561fc195bd69e5ad,passed
binance_30m_5626c48c3269d8bf,passed
binance_30m_5696e1f96a408b9f,passed
binance_30m_59008b1b31d72903,passed
binance_30m_59d0ce0e23beb494,passed
binance_30m_5a33d0dd61c22d8d,passed
binance_30m_5a9a7d6eecba0e06,passed
binance_30m_5ad30a38a111b8af,passed
binance_30m_5c330baec68f0348,passed
binance_30m_5cca3638095e7c23,passed
binance_30m_5d6a47234f63e88b,passed
binance_30m_5ea763186dfdde5b,passed
binance_30m_5f37936e67b272f4,passed
binance_30m_61a0b86649a9aea6,passed
binance_30m_61a58854ba4b7afb,passed
binance_30m_61f8e9d8231616a8,passed
binance_30m_628c7ae2e0d3c712,passed
binance_30m_62e83c7c624329ac,passed
binance_30m_63b40dd40bcbe6ae,passed
binance_30m_640480102ec7ebc7,passed
binance_30m_647d899ad3d8558f,passed
binance_30m_64a3c59d462a8404,passed
binance_30m_64bcce4980295192,passed
binance_30m_652e9263389181fb,passed
binance_30m_6536133d350d1580,passed
binance_30m_65628c96913787fa,passed
binance_30m_656a8012d57831bd,passed
binance_30m_65cea7358d5475f8,passed
binance_30m_6697154dba1bd534,passed
binance_30m_66cf8037c992f684,passed
binance_30m_67637bf182f6f778,passed
binance_30m_68def4d3a2d958cf,passed
binance_30m_690f247476579bae,passed
binance_30m_696c0c0a3e5a23ef,passed
binance_30m_697288c245ade915,passed
binance_30m_69779e7bbce93634,passed
binance_30m_6983c952bb73d8c2,passed
binance_30m_6994ff11e3477e69,passed
binance_30m_69ad378154fc497e,passed
binance_30m_69caffd678cb614d,passed
binance_30m_6ae5de8532e5b3fa,passed
binance_30m_6b27701431fe7319,passed
binance_30m_6b38c48b4e166237,passed
binance_30m_6bcab5e370a8dcca,passed
binance_30m_6bebd440a31d52ba,passed
binance_30m_6c9e5370597c83fc,passed
binance_30m_6d1ce8e549f3a5ea,passed
binance_30m_6d433234c4592952,passed
binance_30m_6df84d5e72e7cab3,passed
binance_30m_6e46cf7867c2e4c6,passed
binance_30m_6f0d465d44098a96,passed
binance_30m_6f3ea426536b19d3,passed
binance_30m_7112cca2f244226c,passed
binance_30m_713fc9751f8524f4,passed
binance_30m_71ee8e254e92acd1,passed
binance_30m_72355a9dc9b0fb15,passed
binance_30m_725c62ab9905cd1d,passed
binance_30m_72897352b9b43828,passed
binance_30m_72a0f492421f12aa,passed
binance_30m_72cbbebfa3e6d44f,passed
binance_30m_72e3b07f7885b04f,passed
binance_30m_73670192772d53f3,passed
binance_30m_737df6230d32a67c,passed
binance_30m_73acb05c714b962d,passed
binance_30m_74781999d2c7822c,passed
binance_30m_7495478e458b1e87,passed
binance_30m_75004107b19673f2,passed
binance_30m_754b50fb6d69d1dd,passed
binance_30m_757375a87f3efbb3,passed
binance_30m_758326cc7db9a20f,passed
binance_30m_75c977b74c973505,passed
binance_30m_7600e754640fd939,passed
binance_30m_769215a4d1fa2aae,passed
binance_30m_76b3e40766855ab7,passed
binance_30m_76fff0dff6702ea0,passed
binance_30m_776082184f661029,passed
binance_30m_77715a4fda1d682b,passed
binance_30m_78936aa37d85d3ce,passed
binance_30m_7951a53c7b7b4635,passed
binance_30m_7997bbc4f887d3a5,passed
binance_30m_79d8d16301061012,passed
binance_30m_7a258cda790169de,passed
binance_30m_7a45c05822f546d7,passed
binance_30m_7a5f2882fc321bb6,passed
binance_30m_7a6ba8888a359cb1,passed
binance_30m_7a6f6140b6692cd0,passed
binance_30m_7aa4151116d22b0e,passed
binance_30m_7ac7f153d4cae2ac,passed
binance_30m_7af0c019861756e1,passed
binance_30m_7b3dcbf5bbc13d11,passed
binance_30m_7babb309db46ad5c,passed
binance_30m_7c653d8a36bb4107,passed
binance_30m_7c7b71dc17198e87,passed
binance_30m_7d663dea375c96bc,passed
binance_30m_7ec91811cf3454c4,passed
binance_30m_7f400d570b92995c,passed
binance_30m_7f9171eab840e092,passed
binance_30m_7fb701891a1f5985,passed
binance_30m_8034003e40b984e6,passed
binance_30m_807f448af0461819,passed
binance_30m_80a54a1b6dc52dc6,passed
binance_30m_80a81cc3422f2b5d,passed
binance_30m_80bbf148e96f22bd,passed
binance_30m_811f633e358fb43f,passed
binance_30m_8141260e06827e95,passed
binance_30m_815047e4451be8d5,passed
binance_30m_81e2ac4a6d3a3d7b,passed
binance_30m_822f90f0dc66d490,passed
binance_30m_849a180cdd5c7d43,passed
binance_30m_84d6b3d646a8f594,passed
binance_30m_8662aa30181090f6,passed
binance_30m_86829199cbeed203,passed
binance_30m_86cb720a50e5b5a6,passed
binance_30m_874a3f64d8c2565f,passed
binance_30m_87873ab4a53ac705,passed
binance_30m_87e70569aa53b65c,passed
binance_30m_87f9646341c798ac,passed
binance_30m_88acdc599597ff05,passed
binance_30m_8a7cde333cbe7242,passed
binance_30m_8abf745011ec4c00,passed
binance_30m_8b594df93701346b,passed
binance_30m_8b725b5d9ddcfba1,passed
binance_30m_8bbfd0bef696c623,passed
binance_30m_8be5ff833be588dd,passed
binance_30m_8c5fa87901325873,passed
binance_30m_8cc84ee0e4b9dc1a,passed
binance_30m_8ccaf44348579844,passed
binance_30m_8cd253b6c0acd53b,passed
binance_30m_8d1d614cd65785c1,passed
binance_30m_8d1efef31277ca17,passed
binance_30m_8d27be68af3e58ab,passed
binance_30m_8d31e24d89e9fd48,passed
binance_30m_8d6d359c7269dfb9,passed
binance_30m_8deefa8c6ba6b957,passed
binance_30m_8e0f9f0e471f4908,passed
binance_30m_8e4c3782c7e1c96d,passed
binance_30m_8e5af2276dff84b6,passed
binance_30m_8e9cecaeeacd4929,passed
binance_30m_8eb75c924ee741d0,passed
binance_30m_8ec79722d21faadb,passed
binance_30m_8fd7574a73c99033,passed
binance_30m_9094c4ec228e5157,passed
binance_30m_90bd8a4948d7db0f,passed
binance_30m_90e8bb902180c5d3,passed
binance_30m_90f9bd9194b8c9d7,passed
binance_30m_91194c121e498525,passed
binance_30m_913e3449ffb56202,passed
binance_30m_915d1f4a92a36c73,passed
binance_30m_922d5c47edf5ffd3,passed
binance_30m_93ecb0e47b894867,passed
binance_30m_945f5a836eff0a10,passed
binance_30m_94e47108d0a245a9,passed
binance_30m_94ee195ac3c54e2c,passed
binance_30m_950d82d851984ce2,passed
binance_30m_9534166cba9ec387,passed
binance_30m_955e5706f7db528b,passed
binance_30m_9590178b9210ae87,passed
binance_30m_95b36a030f5c033b,passed
binance_30m_9600d31f29b02113,passed
binance_30m_972e11a1411e7c2d,passed
binance_30m_974c6588d2700fab,passed
binance_30m_9836ac21922c5131,passed
binance_30m_98ff43f8caf0ff47,passed
binance_30m_992fcc2fdd81b1eb,passed
binance_30m_993d86a6774a66a4,passed
binance_30m_9a385055ec974352,passed
binance_30m_9a5d2de6816564d2,passed
binance_30m_9a6580b098164023,passed
binance_30m_9c8643a8bf7a3e5e,passed
binance_30m_9cf4633731f0fe3b,passed
binance_30m_9d833454e4c5c476,passed
binance_30m_9e5a9c9d47999cad,passed
binance_30m_9e8aa13eddf85880,passed
binance_30m_9f4020b1cf4bb33e,passed
binance_30m_9f6a6e7427a2903e,passed
binance_30m_9fa69bba0bb3aad9,passed
binance_30m_9fdf2902c4143292,passed
binance_30m_a09125c9f289c0d1,passed
binance_30m_a0edd796b42718b3,passed
binance_30m_a11b984d5e52d062,passed
binance_30m_a2d039f35863feef,passed
binance_30m_a32794216873c14f,passed
binance_30m_a392eafd4663ed8f,passed
binance_30m_a3a291a0a1e80904,passed
binance_30m_a3fdb88deb8330f3,passed
binance_30m_a47bed96e50c59cb,passed
binance_30m_a4eefd9097db76cd,passed
binance_30m_a4f6c27211aec264,passed
binance_30m_a5b869cb8ffeb5ca,passed
binance_30m_a5d743b18f9f469c,passed
binance_30m_a5da89e3a3d0b71f,passed
binance_30m_a5f8e2378e69e746,passed
binance_30m_a69a76dea18a9fe7,passed
binance_30m_a6b3d2677901e947,passed
binance_30m_a79071ba1ad4d203,passed
binance_30m_a7c51072946ea25b,passed
binance_30m_a8145fe0b54f27b5,passed
binance_30m_a84e846b91a78d35,passed
binance_30m_a8799f34c49795d9,passed
binance_30m_a889e4399e4a7085,passed
binance_30m_a8a13070e09d9c29,passed
binance_30m_a8da5399bf7852bc,passed
binance_30m_a946fb17236dff66,passed
binance_30m_a97bf39ddbfa2873,passed
binance_30m_a9d037b17cd9e271,passed
binance_30m_aa1058e4e4cea7c2,passed
binance_30m_aa8bc8d01b860c54,passed
binance_30m_ab2ff7bb55c2525c,passed
binance_30m_ab49abcae7fe27e7,passed
binance_30m_ab7a2d71b3459434,passed
binance_30m_ac31f59124f3bfca,passed
binance_30m_ac678d3e0e03ac81,passed
binance_30m_ad177c068c586dba,passed
binance_30m_ad2c670dca7fe3fb,passed
binance_30m_add2da30b26f6d3c,passed
binance_30m_adfb5162627a6b8f,passed
binance_30m_ae84fae31d8d08be,passed
binance_30m_aec0ab7eddf969a3,passed
binance_30m_af06ae3eb5744139,passed
binance_30m_af131c7d414b2776,passed
binance_30m_b0727bda4d9436bb,passed
binance_30m_b15118aafb508bd5,passed
binance_30m_b16ca101c7fdf699,passed
binance_30m_b1b2bb9e634c344f,passed
binance_30m_b2a66d257dbc41e4,passed
binance_30m_b38cb6bb2f1c928d,passed
binance_30m_b3e686744daa1838,passed
binance_30m_b45329642b8ba069,passed
binance_30m_b4a52913d7a4bd04,passed
binance_30m_b4fe1dc9ad4143d0,passed
binance_30m_b51955d20c865a86,passed
binance_30m_b51e0e0179e1089b,passed
binance_30m_b5aacdaf6c4ffea2,passed
binance_30m_b5d60a94eb7cbbcc,passed
binance_30m_b611898a0de17df6,passed
binance_30m_b63b0d10c3d61fb2,passed
binance_30m_b64ef3b092c6b8f3,passed
binance_30m_b65b1a6383c8aab9,passed
binance_30m_b66cee6d24322f5b,passed
binance_30m_b6df34ffe3a7bb61,passed
binance_30m_b6ea06630d8ca8a0,passed
binance_30m_b7e811371797d830,passed
binance_30m_b808bde99a621711,passed
binance_30m_b987d2ee009c8805,passed
binance_30m_bab99a5b2cdb896a,passed
binance_30m_bad645bccdc6be4e,passed
binance_30m_bb1eee2fa46dd618,passed
binance_30m_bb64e70fa6232678,passed
binance_30m_bb8c7cc118aca1d6,passed
binance_30m_bc01377d3360e453,passed
binance_30m_bc29950bcb80de7c,passed
binance_30m_bc712f6156d81552,passed
binance_30m_bc77853865f8bbe9,passed
binance_30m_bcc3cc99afbdf5b1,passed
binance_30m_bcd4c96cf0c63031,passed
binance_30m_bcf470b7ce8e9a95,passed
binance_30m_bd1048bceacb34e3,passed
binance_30m_bd3683991861f5da,passed
binance_30m_bd9799e2dff86407,passed
binance_30m_be410991917f9525,passed
binance_30m_be4643fdbf8ed1b8,passed
binance_30m_bf07026c8bc9cf0f,passed
binance_30m_c00d4efe30be938e,passed
binance_30m_c0607c7c0fe1cdc3,passed
binance_30m_c06a76f39630adea,passed
binance_30m_c1593b721580407b,passed
binance_30m_c1dfecba41b4cd07,passed
binance_30m_c239a68a92bd51d4,passed
binance_30m_c2d10480af51136e,passed
binance_30m_c30f7a0f55034a2a,passed
binance_30m_c3b26c319a70d70b,passed
binance_30m_c4201017d1b456d8,passed
binance_30m_c43e10d2dd66f099,passed
binance_30m_c470e42fcbb51529,passed
binance_30m_c473cc7e09c07440,passed
binance_30m_c4f3217e19097919,passed
binance_30m_c533db20fad6c133,passed
binance_30m_c5605f3ca4af54aa,passed
binance_30m_c58b4d745094b794,passed
binance_30m_c5c4b5e1b65b9f15,passed
binance_30m_c5cb8d35ce6f86e4,passed
binance_30m_c683b509caba3515,passed
binance_30m_c6b938231bc14235,passed
binance_30m_c6d56eb449a0b269,passed
binance_30m_c748c0d43941cbb5,passed
binance_30m_c76d609482778ab3,passed
binance_30m_c794fc50f7d9c57d,passed
binance_30m_c87559d79193bf31,passed
binance_30m_c967ddf4dff86cad,passed
binance_30m_c9e7648878d0dd8b,passed
binance_30m_ca198b5ca492f725,passed
binance_30m_cc9bff1c97ddff96,passed
binance_30m_cd37f10a7947085a,passed
binance_30m_ceaae31e12bb13fb,passed
binance_30m_cf210189f4b0a51e,passed
binance_30m_cf3badc8b225b4e1,passed
binance_30m_cf5eb460f2f7fa7e,passed
binance_30m_cf7c7c7fe0d91e01,passed
binance_30m_cf80c83d7264ea34,passed
binance_30m_cf8dae5501d129ae,passed
binance_30m_cfe91ae8f21c25be,passed
binance_30m_cfec06e4c02a3f35,passed
binance_30m_d0b2226219dc8bd1,passed
binance_30m_d0b8c593cac93d79,passed
binance_30m_d113af460ef98e23,passed
binance_30m_d174ecbde3343ca4,passed
binance_30m_d1bb1cd18cadd853,passed
binance_30m_d1c53dcfe83b2a4a,passed
binance_30m_d1d56cee34d09a05,passed
binance_30m_d20ea430ef1d937d,passed
binance_30m_d253f801726912d2,passed
binance_30m_d2b508c88abebd78,passed
binance_30m_d3804097bf34d64a,passed
binance_30m_d3c29e17d3606d4c,passed
binance_30m_d43700abfc670133,passed
binance_30m_d49a3e8178d20e4e,passed
binance_30m_d4c396a46f9bf691,passed
binance_30m_d65f39fbacfacac8,passed
binance_30m_d69366faba0289ce,passed
binance_30m_d7d8ea503fd0e86d,passed
binance_30m_d8351f95ea7c7868,passed
binance_30m_d8880ff721f15735,passed
binance_30m_d8a4b995802f6efa,passed
binance_30m_d8b999877a336998,passed
binance_30m_d93980321c597666,passed
binance_30m_d97a9a1f1a736a10,passed
binance_30m_d99e58a17ad794ab,passed
binance_30m_db2c6c13ef885d26,passed
binance_30m_db69631d719dfcdf,passed
binance_30m_db8614b129d92f12,passed
binance_30m_dbc23fbfb175b745,passed
binance_30m_dc20226041f7e129,passed
binance_30m_dcb3c9a81d320b0d,passed
binance_30m_dce6c81f284788fe,passed
binance_30m_dd2d2cdfdfe36c4d,passed
binance_30m_dd6217e4a2f79027,passed
binance_30m_dd6520bf4cbae8cf,passed
binance_30m_ddac0d56130b5e24,passed
binance_30m_ddd25a308094e076,passed
binance_30m_de07d7510577f0df,passed
binance_30m_de8ebcc986e9de15,passed
binance_30m_df5121d068f93285,passed
binance_30m_dfccdbdf2b9ec1fa,passed
binance_30m_dfd673a5847db8f4,passed
binance_30m_dfd796d7f4575833,passed
binance_30m_e08380d7fa8bf956,passed
binance_30m_e0c125a5952f12d0,passed
binance_30m_e188f139026c8e25,passed
binance_30m_e1a0b237a006a19a,passed
binance_30m_e1e1e8993fb32583,passed
binance_30m_e1f6a5e9d0ee7048,passed
binance_30m_e2299f302fd1b76a,passed
binance_30m_e23c8683caf9d0d9,passed
binance_30m_e24ce2aa6208ad77,passed
binance_30m_e27b89cf419eeef4,passed
binance_30m_e356f037ca24c7e6,passed
binance_30m_e3e737fa64d5ab3a,passed
binance_30m_e42f6852cc27612f,passed
binance_30m_e438299518edc80d,passed
binance_30m_e533d64f9fe71488,passed
binance_30m_e547be560400ef6f,passed
binance_30m_e56069ebd343b3ba,passed
binance_30m_e5ab19d845e0d36b,passed
binance_30m_e5ad036a520d24ac,passed
binance_30m_e6187acd2d2a5b94,passed
binance_30m_e6b986577b20351a,passed
binance_30m_e6c95fd8ddc9d44b,passed
binance_30m_e70a798127bb3064,passed
binance_30m_e784fa7e89254d63,passed
binance_30m_e883d23acd5ca7a5,passed
binance_30m_e8a81f0b751876eb,passed
binance_30m_e8e7309b73a1f1e8,passed
binance_30m_e8e88d26854ee1b0,passed
binance_30m_e93e324b9e4d517d,passed
binance_30m_ea1335653b41b65a,passed
binance_30m_ea7de644e9f0acbf,passed
binance_30m_ea9a128eb8304ab2,passed
binance_30m_eaa51ca564971b7a,passed
binance_30m_eae03d42145ecc46,passed
binance_30m_ebebd76e04fa5882,passed
binance_30m_ed8c2e77927d4d69,passed
binance_30m_ed954922ed820b20,passed
binance_30m_ef17e13ba22b47e9,passed
binance_30m_ef3ffbc419f42c99,passed
binance_30m_efdd9e1f40a0e70a,passed
binance_30m_efdfa5f57747075a,passed
binance_30m_f04a655d7a029900,passed
binance_30m_f068f867eb75cfef,passed
binance_30m_f06f29b79f3969f0,passed
binance_30m_f15f3978f9548209,passed
binance_30m_f2d06bcad616bbf1,passed
binance_30m_f32dd6b0dfce2f11,passed
binance_30m_f3f7fe6a8789a155,passed
binance_30m_f498d2d5acf8adfc,passed
binance_30m_f5462f19505aadb9,passed
binance_30m_f5648057a98ac125,passed
binance_30m_f575d0d2a9cd870d,passed
binance_30m_f5d7cb71517f81df,passed
binance_30m_f625e3d99af6ef96,passed
binance_30m_f6bc7eaa6fb9524e,passed
binance_30m_f6d255156a9cb7f9,passed
binance_30m_f75668bbf9af4de5,passed
binance_30m_f75dee9f62637ff3,passed
binance_30m_f76c8fa6e6fabaa5,passed
binance_30m_f783792211a554e0,passed
binance_30m_f888c14e7000f7df,passed
binance_30m_fad109ea52693aa7,passed
binance_30m_fb10eec59cdd11c0,passed
binance_30m_fb2d584f15dd1bcd,passed
binance_30m_fb594d42614a17b9,passed
binance_30m_fbfc3ff16129c39c,passed
binance_30m_fc46c9d8e7033956,passed
binance_30m_fcb60fc8373cf1e1,passed
binance_30m_fcf71294b2258657,passed
binance_30m_fcf99efcc0cabfc8,passed
binance_30m_fd1885fb17381ae5,passed
binance_30m_fe150e2409ffb7d5,passed
binance_30m_fea34669f94e14ca,passed
binance_30m_fed321a7f972c1cf,passed
binance_30m_fee2246d31a5cc7b,passed
binance_30m_feeb132824750962,passed
binance_30m_ff1848b29b1472f0,passed
binance_30m_ff30f5fb97e0b84a,passed
binance_60m_0032817929e0750e,passed
binance_60m_0091d2bce86c72a4,passed
binance_60m_00b77f282c75f1a1,passed
binance_60m_00eb60f6f88216b4,passed
binance_60m_00f7619b6bb861a3,passed
binance_60m_016c042c0e8b5dfe,passed
binance_60m_01cc689088352155,passed
binance_60m_01da0483fcb56fb7,passed
binance_60m_02673efae3969bbd,passed
binance_60m_04543cf6053a8cb2,passed
binance_60m_04d09509ac121ec7,passed
binance_60m_05f46e8174e0dbec,passed
binance_60m_0636c02b0f1be1c2,passed
binance_60m_087cf459b9eda4ee,passed
binance_60m_0a117dfcdf5c1f50,passed
binance_60m_0a484d123f55531f,passed
binance_60m_0abcdf9ffc4b9a39,passed
binance_60m_0ae35186ca58f5a8,passed
binance_60m_0afd43326a2c5207,passed
binance_60m_0b3b8b3e1db7f8c4,passed
binance_60m_0baf85b1987719cb,passed
binance_60m_0c905e637c54afd6,passed
binance_60m_0cb7147f1b1b57aa,passed
binance_60m_0d260da8c0ce8d9a,passed
binance_60m_0d3e1a7f721a0dbf,passed
binance_60m_0d78251cbfaaf149,passed
binance_60m_0d879151fb8e4fc9,passed
binance_60m_0da617d27f9bedb2,passed
binance_60m_0da8786982469598,passed
binance_60m_0def0f260b898e6c,passed
binance_60m_0eddb143d0aeee36,passed
binance_60m_0ee8f1e4eb841be1,passed
binance_60m_0f550bff772ba061,passed
binance_60m_1064c25ac2bb39e7,passed
binance_60m_10b63f65c83aec36,passed
binance_60m_10c6d9209d12ab28,passed
binance_60m_10d0fe940b566929,passed
binance_60m_11f4a2fff2168c65,passed
binance_60m_132192e017f8b203,passed
binance_60m_133c4b72178479d4,passed
binance_60m_138b959c6239bc2d,passed
binance_60m_147099dda5bc0fc6,passed
binance_60m_147c0448b2549a63,passed
binance_60m_1540a54116a04872,passed
binance_60m_154b20a72aff1053,passed
binance_60m_15e8d64eb6508555,passed
binance_60m_160e00e6f0856c62,passed
binance_60m_16106f71abbc4fd0,passed
binance_60m_1668fca7023b95a4,passed
binance_60m_166dc1fbd4ab1be1,passed
binance_60m_17492d1e62a42fe8,passed
binance_60m_17fc0404607781cd,passed
binance_60m_1802c3e6a94c761b,passed
binance_60m_1809b6ce0da39f95,passed
binance_60m_19f53764769ed18b,passed
binance_60m_1a866eb371bfa1ba,passed
binance_60m_1ad38a77a196f98f,passed
binance_60m_1b4a0557643d3f2f,passed
binance_60m_1c7bce0c137c001d,passed
binance_60m_1c7d80fd26b439bd,passed
binance_60m_1c908950a7e21a7a,passed
binance_60m_1ca3e66549243cd8,passed
binance_60m_1d4af563c3ff9323,passed
binance_60m_1dddf18142c20d63,passed
binance_60m_1deaf0bd5079e5d8,passed
binance_60m_1ea99c618e3c145d,passed
binance_60m_1ecc0243d1b4ff89,passed
binance_60m_1ecca40966a3133a,passed
binance_60m_1f1e8ecb9859e467,passed
binance_60m_1f53a7ab12a787b7,passed
binance_60m_1fbe33302d31ab83,passed
binance_60m_20fe605408b8f1ce,passed
binance_60m_2153b5a494bbc8e5,passed
binance_60m_2378bffc4fb39642,passed
binance_60m_23f141d2475dcd9d,passed
binance_60m_246b66acb6d8c83b,passed
binance_60m_246f1f78e1b7278c,passed
binance_60m_24b5fda682273a98,passed
binance_60m_24bb2980d457a436,passed
binance_60m_24c5a84e3ae636ff,passed
binance_60m_24d3784b7c1100c7,passed
binance_60m_25192df3da65ee93,passed
binance_60m_25da4325d92c856b,passed
binance_60m_261428c98eee3719,passed
binance_60m_261f8203937b0284,passed
binance_60m_26b3b1e15474b595,passed
binance_60m_27943ca5efdb547f,passed
binance_60m_27e3a96151742b9a,passed
binance_60m_27e855722bc173c6,passed
binance_60m_28a6a8b923d63bcf,passed
binance_60m_28d2f1d974c96f62,passed
binance_60m_293847ac6d432c55,passed
binance_60m_295c17791bf8f7f2,passed
binance_60m_29696e91477ef233,passed
binance_60m_29d1d0e341fc7bf1,passed
binance_60m_29e67266a4abbc7a,passed
binance_60m_2b73ca1c04b595df,passed
binance_60m_2badf344eea35752,passed
binance_60m_2c53620a60fb9ed4,passed
binance_60m_2c762d2288ccd413,passed
binance_60m_2d074936899270ca,passed
binance_60m_2d2cc4c058c79424,passed
binance_60m_2d744cd86f993032,passed
binance_60m_2e092d41117af3af,passed
binance_60m_2e3eae95fdc29eb5,passed
binance_60m_2eae195dacf25ce5,passed
binance_60m_2f6613be11cc8261,passed
binance_60m_2fb4fca2df631f60,passed
binance_60m_2fd78356d2bfe590,passed
binance_60m_301dc33fbf9cbf48,passed
binance_60m_31038877cede2224,passed
binance_60m_31794cbbb4e71112,passed
binance_60m_32af4dd6f490a20e,passed
binance_60m_32c430dfa75280b6,passed
binance_60m_333878e96ff4ce93,passed
binance_60m_335b37e321125acb,passed
binance_60m_3392e0db039b56f8,passed
binance_60m_3473ac5c0ddfa8a9,passed
binance_60m_34e34f0b6e91a1d3,passed
binance_60m_351fa12f61b13478,passed
binance_60m_3533ec52f8cf01b0,passed
binance_60m_35a073a65a127049,passed
binance_60m_360dc06bf9d94ab2,passed
binance_60m_362b8edfeb7da2aa,passed
binance_60m_3683b27b884ec080,passed
binance_60m_36aab1893d7e4bdb,passed
binance_60m_36ee01d8c139f7fa,passed
binance_60m_37005f566ca688da,passed
binance_60m_375b1a7afd4a0f93,passed
binance_60m_37af60092766282e,passed
binance_60m_37dffab8b2d39066,passed
binance_60m_37e00eb681e1005e,passed
binance_60m_37f889de41b662c5,passed
binance_60m_382f3640e515b07c,passed
binance_60m_3863b3a1f71db9dd,passed
binance_60m_3875ffda095b4cdc,passed
binance_60m_388b19d57f3dfc7a,passed
binance_60m_39021d74b1187c59,passed
binance_60m_3990ae05581b1307,passed
binance_60m_39c6b3a2bc432a22,passed
binance_60m_39ff92f4bfc844f6,passed
binance_60m_3a1bcd29c2eb13de,passed
binance_60m_3a7d3242c9f0ef9b,passed
binance_60m_3b05452f6dcf9e5e,passed
binance_60m_3b0e530f550812b0,passed
binance_60m_3b4d91d90e09f472,passed
binance_60m_3b693b1e0c80c37c,passed
binance_60m_3ca40238e9aabd21,passed
binance_60m_3cf758643e21129f,passed
binance_60m_3da279b528c91230,passed
binance_60m_3da7984334eff945,passed
binance_60m_3e16693c3fa38365,passed
binance_60m_3e251385ecf2b6c0,passed
binance_60m_3e4665197bd7dd2a,passed
binance_60m_3e4ca352b62c183c,passed
binance_60m_3e76f84270e38737,passed
binance_60m_3e7fdbafa5c52877,passed
binance_60m_3e820b88a1dd7382,passed
binance_60m_3e8df87e11e29af1,passed
binance_60m_3efe9e28494f4e94,passed
binance_60m_3f205e1ffe733bd8,passed
binance_60m_3fa755a550d7ccdd,passed
binance_60m_3fcb49cfff7e145a,passed
binance_60m_4062e46d66852d57,passed
binance_60m_414324e8ebdc6175,passed
binance_60m_423dfea540f583be,passed
binance_60m_42a25e79fab01b1c,passed
binance_60m_43084d9c16bba44b,passed
binance_60m_430daaf4e81d01af,passed
binance_60m_432d4808f7123e1e,passed
binance_60m_43379437fa37b50a,passed
binance_60m_43b022954d9fb5d6,passed
binance_60m_44258aa39c2bf240,passed
binance_60m_451b696f22884e06,passed
binance_60m_459095437db59df4,passed
binance_60m_4593d26a54d26b54,passed
binance_60m_464ac09e245d1d5d,passed
binance_60m_4662f50b5d76407c,passed
binance_60m_467dec2e2c28a42e,passed
binance_60m_468fa48d9a64dbec,passed
binance_60m_4813937b439c860e,passed
binance_60m_48f2707d2755a877,passed
binance_60m_490f1c90a95f222f,passed
binance_60m_497b3649c9240b01,passed
binance_60m_49870dc3407d2f9e,passed
binance_60m_4a3543983876e51d,passed
binance_60m_4ac60da321789d5b,passed
binance_60m_4b351538a2a00a38,passed
binance_60m_4bcb8e0c3ea5f7e4,passed
binance_60m_4beab83acd23aa12,passed
binance_60m_4c14027f013a5077,passed
binance_60m_4cd5b1743337d941,passed
binance_60m_4d2dee9944e72e26,passed
binance_60m_4d46deae77f88f1a,passed
binance_60m_4e812ec4f62f05e4,passed
binance_60m_4ec5e90023ab7333,passed
binance_60m_4f4dab631550474f,passed
binance_60m_50204a17a5ebefb2,passed
binance_60m_507fca00bfd2ab68,passed
binance_60m_50a4feedf125226d,passed
binance_60m_5140a590487852df,passed
binance_60m_5156cf5186978216,passed
binance_60m_5178c93293030a2c,passed
binance_60m_51bcc21fc7caadda,passed
binance_60m_5240f4a4c85a0601,passed
binance_60m_527236a3f941b836,passed
binance_60m_52879d08d26b3b74,passed
binance_60m_52e09a8210f0e2ac,passed
binance_60m_531de7ae49ba9f69,passed
binance_60m_53e971f51ae67186,passed
binance_60m_53f81e38104d69e2,passed
binance_60m_54032ee8d1534c51,passed
binance_60m_542a8376452dc481,passed
binance_60m_558d276ccbd24966,passed
binance_60m_56a671dd8f503c62,passed
binance_60m_56e8eac85521b8c9,passed
binance_60m_570e3788b30f39c9,passed
binance_60m_5723dd39dbe27f7a,passed
binance_60m_57260fbed4b00d35,passed
binance_60m_5740b0c9ecf3e80f,passed
binance_60m_57b5e41d132a0e43,passed
binance_60m_5849d5a9dd9d2f9a,passed
binance_60m_58d0963b07469dd6,passed
binance_60m_59383bf365e79865,passed
binance_60m_596e0aa3f28694f6,passed
binance_60m_597421d616f6d924,passed
binance_60m_5a277c37db84a1c8,passed
binance_60m_5af0423c5a75a9b8,passed
binance_60m_5b35cd630d479043,passed
binance_60m_5bde7786a7d7dd7a,passed
binance_60m_5c3055ce86847ba3,passed
binance_60m_5cb6e47a4ceb0916,passed
binance_60m_5dc3ba7b77d045b6,passed
binance_60m_5df82d35b6eb31f1,passed
binance_60m_5e14b7bb9d5006ef,passed
binance_60m_5f0b319188b028d6,passed
binance_60m_5fa83e883956f610,passed
binance_60m_5ff474d787fd992b,passed
binance_60m_606c5dee6fb31f62,passed
binance_60m_6142e8881cdcb49d,passed
binance_60m_614816029657d7bb,passed
binance_60m_61a42a35c6c4a376,passed
binance_60m_61b0808aed283445,passed
binance_60m_6216cde5a6c0946a,passed
binance_60m_628df6be8cd67915,passed
binance_60m_62b5b50bc5c0d626,passed
binance_60m_635dd2e82f25321b,passed
binance_60m_63cc95a16dbaacb5,passed
binance_60m_641b88300b9fce95,passed
binance_60m_6476c0fb11b8e81a,passed
binance_60m_64a9ada85e1709ab,passed
binance_60m_665d483cd729f6bc,passed
binance_60m_6667f85a9f9c58e5,passed
binance_60m_666d0556d6e8f2ac,passed
binance_60m_66c4561d995e0d10,passed
binance_60m_672b2ca6a8de1cd7,passed
binance_60m_67323b917dd47695,passed
binance_60m_67dc25b69ec2189d,passed
binance_60m_682ef7da4dc6639e,passed
binance_60m_68c1eb6c726982f9,passed
binance_60m_691070ff204c05d6,passed
binance_60m_698887e9fa85c761,passed
binance_60m_69b64fe51a28a5a2,passed
binance_60m_69fc343f44aa04ee,passed
binance_60m_6a27ece61e8913d2,passed
binance_60m_6a7e1f10d4a2bafe,passed
binance_60m_6a860c80cd89c900,passed
binance_60m_6b3ea225cb2f54d6,passed
binance_60m_6b4b720bba5dd7c2,passed
binance_60m_6b500984b9d548bc,passed
binance_60m_6b8551cb6c066249,passed
binance_60m_6b981d14e0168d11,passed
binance_60m_6bd51058e0c5a26c,passed
binance_60m_6c04fb2aefef8da5,passed
binance_60m_6dc08eeddaee82f0,passed
binance_60m_6e1f476c70d37fbb,passed
binance_60m_6f2cd212a1b7f096,passed
binance_60m_6fbfc807c1081c8d,passed
binance_60m_6fd24d852a56eca8,passed
binance_60m_7083fd72b415fce4,passed
binance_60m_716308dc0cb32f72,passed
binance_60m_730b17a736814646,passed
binance_60m_73758403c2e2d32b,passed
binance_60m_737ab5dc4327d3a4,passed
binance_60m_74358e47bd26a3a6,passed
binance_60m_7458f6735607ed0c,passed
binance_60m_74c5fd49394c3677,passed
binance_60m_74d8836db1c2b323,passed
binance_60m_7570312b7c25c1d6,passed
binance_60m_75a9445cc1b90796,passed
binance_60m_77bd08cdcedff977,passed
binance_60m_7866d6a89ddf0ecd,passed
binance_60m_791d5906e3ebce99,passed
binance_60m_793ff913a81d7b4b,passed
binance_60m_796476a99af9b704,passed
binance_60m_79d3ccf61a881b74,passed
binance_60m_79f8fc7d8c829966,passed
binance_60m_7aeaebf093cab697,passed
binance_60m_7af2dfcb124f7c7b,passed
binance_60m_7c27a903e097c731,passed
binance_60m_7cd2b109f550092a,passed
binance_60m_7cd904a40ea24505,passed
binance_60m_7cfb7300d38ed7bd,passed
binance_60m_7d556a3e9ec72583,passed
binance_60m_7dff708bed910350,passed
binance_60m_7e222415eb385564,passed
binance_60m_7e509b83841e26a2,passed
binance_60m_7ed6a51957137e5e,passed
binance_60m_7eebce97d7f79848,passed
binance_60m_7fbb7ed1345104ef,passed
binance_60m_7fbc0b35fc19febb,passed
binance_60m_7fbf04e1e956b928,passed
binance_60m_7fc17a9702ecabaf,passed
binance_60m_80541dee5735f6ce,passed
binance_60m_80551a5f3bacc44c,passed
binance_60m_80f434b5dcec3c7b,passed
binance_60m_818e69d2cb4bfdd2,passed
binance_60m_81fda7069c78a687,passed
binance_60m_8239b9f742dec0e7,passed
binance_60m_829b53ac9164a5f2,passed
binance_60m_829f4f05e82e0231,passed
binance_60m_8322cda4daf8fa1c,passed
binance_60m_833c1002aa7f918d,passed
binance_60m_83995210c594ae74,passed
binance_60m_83b6285dcbeb8913,passed
binance_60m_84866a419f8a290e,passed
binance_60m_848b1485ef1f8c69,passed
binance_60m_8496a094e957618c,passed
binance_60m_84fee4c0720ca63b,passed
binance_60m_8524a09af12065e2,passed
binance_60m_85f31de6f6edd439,passed
binance_60m_85fefb0575c12a63,passed
binance_60m_86a97cc865a30c27,passed
binance_60m_86c99ed46f4648f1,passed
binance_60m_86e3986f85e87385,passed
binance_60m_874cdba30dd362da,passed
binance_60m_8755fd5e58a79dd6,passed
binance_60m_8789d64f82c3260d,passed
binance_60m_8848a7ac47cffd5d,passed
binance_60m_88605fce2f8bdef3,passed
binance_60m_8865ea8e2bae3f43,passed
binance_60m_894a1215b67d3f49,passed
binance_60m_89fadc91a76e78ec,passed
binance_60m_8a2680769ca0c079,passed
binance_60m_8a5eabb39241ce2c,passed
binance_60m_8a6ee56ac9e50056,passed
binance_60m_8aad50a909866b1a,passed
binance_60m_8b22cca9b782afee,passed
binance_60m_8b79a8f943f1ed42,passed
binance_60m_8bfa0cecace44eb1,passed
binance_60m_8c570b709c7dbdb4,passed
binance_60m_8ccdf655de8b3e76,passed
binance_60m_8d7ab38ba680b07d,passed
binance_60m_8e0f644fe612568a,passed
binance_60m_8e2c523e8e088c6d,passed
binance_60m_8e3b95729af5ee60,passed
binance_60m_8f1168820f42e089,passed
binance_60m_8f334ba03cba478a,passed
binance_60m_8f46263e4d88b75f,passed
binance_60m_8f6a1a034d9d38cf,passed
binance_60m_8fc3b4ae75b23f66,passed
binance_60m_9076cac2a946290c,passed
binance_60m_909b8b94c71c4e2d,passed
binance_60m_911ba7e937c4647e,passed
binance_60m_9163b8e032de4c81,passed
binance_60m_91990bc45b6823d7,passed
binance_60m_921297d8ee1cae34,passed
binance_60m_924d4ecc3c412606,passed
binance_60m_9286328d8677974f,passed
binance_60m_9291ad99d88340e4,passed
binance_60m_934a33f4257bad3b,passed
binance_60m_93d5cf19d670ee7b,passed
binance_60m_93d6a8380d05fd8b,passed
binance_60m_9432c1043509cbfd,passed
binance_60m_948f2ea3ff7afae1,passed
binance_60m_963e4d8890077d66,passed
binance_60m_9686bc0f710239ab,passed
binance_60m_9695d0bf68887fb1,passed
binance_60m_96bc8c5a243af9ec,passed
binance_60m_9730103ff14b1a12,passed
binance_60m_97c9225d1b256ab9,passed
binance_60m_98c5737f33d1b9bb,passed
binance_60m_99279bb7a16a963b,passed
binance_60m_99771dd303aa1bd3,passed
binance_60m_99c856aa141de7a0,passed
binance_60m_99c9f32f61c27747,passed
binance_60m_9a07613b4557cb16,passed
binance_60m_9a3fccefcc2ad5f7,passed
binance_60m_9a574c091677e530,passed
binance_60m_9a88bb855cb1b9b7,passed
binance_60m_9a89fdce96e917bd,passed
binance_60m_9ad519a61c80c040,passed
binance_60m_9b1d2cedd18c6cc8,passed
binance_60m_9b3044a6b4fc8b9c,passed
binance_60m_9c878ca3e9f159bd,passed
binance_60m_9cdc53bc4b7bc7c2,passed
binance_60m_9db89cd96e3a41d7,passed
binance_60m_9eee1e674457f094,passed
binance_60m_9f2db32dbfabb107,passed
binance_60m_9f2e8453be3532aa,passed
binance_60m_a0a75eca10209c1a,passed
binance_60m_a0ffc9505bcd33f4,passed
binance_60m_a123336bcd8f0ec6,passed
binance_60m_a15c3db670707f97,passed
binance_60m_a19847902dd31f6a,passed
binance_60m_a1d6f0331add6a81,passed
binance_60m_a261f85d8f037c85,passed
binance_60m_a2c9b2047b2b934e,passed
binance_60m_a33969405a5f27e7,passed
binance_60m_a34cb1daa8492d8c,passed
binance_60m_a3c35c84e5ff4cdb,passed
binance_60m_a4374ca8c7216484,passed
binance_60m_a50b53b836a50452,passed
binance_60m_a5626c5f780313c2,passed
binance_60m_a5827cd47b791a26,passed
binance_60m_a586a73db197108c,passed
binance_60m_a5a2d4f7f0b11604,passed
binance_60m_a5a695f5dcc6db6d,passed
binance_60m_a6aaff0a7faaea25,passed
binance_60m_a6cbb0f5cacbd356,passed
binance_60m_a704b90cf5e9e402,passed
binance_60m_a720188e93e66c51,passed
binance_60m_a7a529c4962e52a8,passed
binance_60m_a7bf15e650f59bb8,passed
binance_60m_a8897e517de65dad,passed
binance_60m_a93a92dbfcdf31e7,passed
binance_60m_a9fbd70cd68e4f09,passed
binance_60m_aa168646b93de569,passed
binance_60m_ab3c9883ea6088a7,passed
binance_60m_ab8882b6baa85845,passed
binance_60m_ac072fd619203590,passed
binance_60m_acd073be70cc42cb,passed
binance_60m_ad165aefc1c94673,passed
binance_60m_ad397c8bb83930dc,passed
binance_60m_ad3f9f3eceb0bc66,passed
binance_60m_ad9a58f574c6d0a5,passed
binance_60m_ada8df292d832606,passed
binance_60m_adab7d06df103bea,passed
binance_60m_adc235e209062311,passed
binance_60m_ae2506c113b09a88,passed
binance_60m_af8083e20efac73b,passed
binance_60m_afe8a1b74ffb5bf4,passed
binance_60m_b01ac169b0d1b124,passed
binance_60m_b0837068e8c0332d,passed
binance_60m_b0971bbaabf2e857,passed
binance_60m_b0be76eeffdb87ca,passed
binance_60m_b0e9f9ccf93b619e,passed
binance_60m_b11fa63c99cb24bd,passed
binance_60m_b158a1b463e4de5a,passed
binance_60m_b1c018ddd935d2c9,passed
binance_60m_b1d1dead1a4f7c30,passed
binance_60m_b28cd24956d68905,passed
binance_60m_b2b4683c9712fce7,passed
binance_60m_b322ec01d245966b,passed
binance_60m_b3a9b459867205ae,passed
binance_60m_b3e963f2c4baabf2,passed
binance_60m_b405e92056a2bc2f,passed
binance_60m_b53bcab58427fa59,passed
binance_60m_b5fec2b432a5a187,passed
binance_60m_b6060e7d33528928,passed
binance_60m_b61602b1e24d3df5,passed
binance_60m_b646bece04510be9,passed
binance_60m_b6d55ca1de6cba82,passed
binance_60m_b6dd77e403c6d282,passed
binance_60m_b73f1ffdb4f39cb9,passed
binance_60m_b76e6cbf356b3076,passed
binance_60m_b78417ff5e33e654,passed
binance_60m_b7adbca922114faf,passed
binance_60m_b8042de46b9004ee,passed
binance_60m_b804f8af3515fe70,passed
binance_60m_b81d19665f6a01c7,passed
binance_60m_b859fc14cf1b1ac3,passed
binance_60m_b8e5fe678c9d9517,passed
binance_60m_b9ab168ea308da06,passed
binance_60m_b9df681f891dfbad,passed
binance_60m_bb0e81649accb781,passed
binance_60m_bba5830bf1fb6586,passed
binance_60m_bbcae474b03b4a1b,passed
binance_60m_bc59e849f466eabb,passed
binance_60m_bcbf0bbe16e114df,passed
binance_60m_bcc54ef5ebecc5a2,passed
binance_60m_bcf1313c5242569d,passed
binance_60m_bd3fe6ef6bbb0056,passed
binance_60m_bdf10ab067aaac2c,passed
binance_60m_be61cf32cedeeaf1,passed
binance_60m_be62da133814c085,passed
binance_60m_befe332bb94a8669,passed
binance_60m_bf69e5831c9778b0,passed
binance_60m_bfdbe000bb08d652,passed
binance_60m_bfefc60597dfdd05,passed
binance_60m_bffc42c9649ac395,passed
binance_60m_c013cbff35617e0e,passed
binance_60m_c0d6a34952b6e5b2,passed
binance_60m_c0dd021a01d662c4,passed
binance_60m_c10f2d0d495df47b,passed
binance_60m_c11008df1a7b1a08,passed
binance_60m_c11f8e61ca5c5ce4,passed
binance_60m_c167602d29452f6d,passed
binance_60m_c17b1242e9d85849,passed
binance_60m_c183369ec50647cf,passed
binance_60m_c189845c650b74f2,passed
binance_60m_c190725016010dde,passed
binance_60m_c196dd528a4cda84,passed
binance_60m_c1a593cb4a3b000d,passed
binance_60m_c1af42825c8bc073,passed
binance_60m_c1ba5dba2ff62156,passed
binance_60m_c24d37fff8753808,passed
binance_60m_c30639ad57b852be,passed
binance_60m_c30834a30380d56d,passed
binance_60m_c3985485c4d808cf,passed
binance_60m_c3b965554cee82cd,passed
binance_60m_c3c3e1fdf901c70d,passed
binance_60m_c40436894713e704,passed
binance_60m_c42298b7b98cef23,passed
binance_60m_c427a06a09a677a5,passed
binance_60m_c5cbdb0e948dcfe7,passed
binance_60m_c6a1e754a9933059,passed
binance_60m_c75a73288813e58a,passed
binance_60m_c76287b10540d6ac,passed
binance_60m_c77a28480d106889,passed
binance_60m_c78b25e085971d6d,passed
binance_60m_c7a4b022d57a38d0,passed
binance_60m_c7c2a589b2ae9667,passed
binance_60m_c7d6a67fffa82988,passed
binance_60m_c8a47fbd83bddedf,passed
binance_60m_c8b39d8a2dbb32f3,passed
binance_60m_c93e5094f8e17bba,passed
binance_60m_c945181536263d70,passed
binance_60m_c96c351bef8e847b,passed
binance_60m_ca40514cddaf6d5c,passed
binance_60m_caebeb7e65c51032,passed
binance_60m_cb6bc6910c1f7f07,passed
binance_60m_cbac6af05973def0,passed
binance_60m_cbfac75b01bc174a,passed
binance_60m_cc9ca724ef50684f,passed
binance_60m_ccfb2be207322278,passed
binance_60m_cd0ed324f0348730,passed
binance_60m_cd0fc2699e10520e,passed
binance_60m_cd1bf664d7563a07,passed
binance_60m_cd676c609fa20529,passed
binance_60m_cd914baf5e5cdb88,passed
binance_60m_cdb42538a95f1b6e,passed
binance_60m_cdf626621f6cac74,passed
binance_60m_cdfe540094978f08,passed
binance_60m_ce049fd3a72b6e54,passed
binance_60m_ce46b77353e40c82,passed
binance_60m_ce8bcf9d53555197,passed
binance_60m_ce90c9b427c8fd6b,passed
binance_60m_ceb016470d8ae8bc,passed
binance_60m_ceba26e9968031fb,passed
binance_60m_cef25aaf40cc6314,passed
binance_60m_d085f8d79e5a8382,passed
binance_60m_d16cdea411b50a75,passed
binance_60m_d248bc0844f81c49,passed
binance_60m_d2999db0b93e9f0d,passed
binance_60m_d2df2928be89694c,passed
binance_60m_d3697e9e0be16d07,passed
binance_60m_d37d5e1ab9967cbf,passed
binance_60m_d3fc92aa10acaf2a,passed
binance_60m_d5317e56c86c317b,passed
binance_60m_d5ab1c01d11e5660,passed
binance_60m_d5fa31203f08e6ee,passed
binance_60m_d66d8be3f4fb20c0,passed
binance_60m_d7bd91d8392eb51f,passed
binance_60m_d81b223beff6ac39,passed
binance_60m_d82ba9f712f2efd9,passed
binance_60m_d8a9cc19e54c72bb,passed
binance_60m_d98daa5b3d6e01f6,passed
binance_60m_d9bbf641b447fd00,passed
binance_60m_da9e7882de75f501,passed
binance_60m_daf46808205fcc78,passed
binance_60m_db1fc44a7bcc281d,passed
binance_60m_dbc1e37be4370791,passed
binance_60m_dbe2b069dea985aa,passed
binance_60m_dbf553a51d436580,passed
binance_60m_dc59b98f3a2ef2ab,passed
binance_60m_dc84f403e1c46978,passed
binance_60m_dcc3d09e0bdbcc9f,passed
binance_60m_dd5b5200ce04c46f,passed
binance_60m_de3a211531d6e197,passed
binance_60m_de7a9d45e51ccf40,passed
binance_60m_df82fac8401cfd72,passed
binance_60m_dfa05042c29898af,passed
binance_60m_dfa24cfdcc71693e,passed
binance_60m_dfc100345bff4e37,passed
binance_60m_e02c478e67453740,passed
binance_60m_e1570f2959e42880,passed
binance_60m_e3358648e3f956bb,passed
binance_60m_e3fa8097a24192de,passed
binance_60m_e41515151781acc5,passed
binance_60m_e4283c429031d964,passed
binance_60m_e466d7bd58e7d8e2,passed
binance_60m_e4b0e5cac9e07d98,passed
binance_60m_e4c09de8034bf03b,passed
binance_60m_e642256142a2488c,passed
binance_60m_e6bad5727e95d333,passed
binance_60m_e9157c80413d3c66,passed
binance_60m_e9df4156d99e9ec6,passed
binance_60m_ea4d102bdadeef54,passed
binance_60m_ea4d61ce5b025c95,passed
binance_60m_eae066d41d3d3769,passed
binance_60m_eb17b9e7bac2d9ec,passed
binance_60m_eb23c8a1481e0377,passed
binance_60m_eb7f3d9d60d42cd5,passed
binance_60m_ecc50ef247f839ef,passed
binance_60m_ed51fe1583eeef68,passed
binance_60m_ed9cdb5cc534d7ed,passed
binance_60m_ede8813fa916faaa,passed
binance_60m_ef36b5c5063d78f8,passed
binance_60m_efc82afcbdcb1e59,passed
binance_60m_f04f9971ec75f610,passed
binance_60m_f0d1d22fe2272819,passed
binance_60m_f11343db68e0acd3,passed
binance_60m_f1553b4ccd4cc65b,passed
binance_60m_f16c73b6db053000,passed
binance_60m_f2324245926b2b9b,passed
binance_60m_f274fa8b4ecec750,passed
binance_60m_f2acffc7a3feb831,passed
binance_60m_f3fb9989711ce041,passed
binance_60m_f4390fd6ef5297c1,passed
binance_60m_f563bd09fa2a155d,passed
binance_60m_f624057e3e737126,passed
binance_60m_f637b15b9c58db06,passed
binance_60m_f759017555702d45,passed
binance_60m_f79adc9059c0b267,passed
binance_60m_f7a86e95e06f3213,passed
binance_60m_f7fa6f4d5d432a70,passed
binance_60m_f8478568b3153103,passed
binance_60m_f8a45c8a9a652ea0,passed
binance_60m_f950f2d0c283bd8e,passed
binance_60m_f9f0688ac6fd3f06,passed
binance_60m_fa81785771ab21c0,passed
binance_60m_facbb77ee1167ff1,passed
binance_60m_fae7350e0b6cf8cd,passed
binance_60m_fb99c9fb2f9bacb6,passed
binance_60m_fc05d261e98b3f9f,passed
binance_60m_fc175f72d50a5aa3,passed
binance_60m_fc1defbc03ab5689,passed
binance_60m_fc21741c32255f86,passed
binance_60m_fc58e91aced0e7b3,passed
binance_60m_fc82768b9607b36b,passed
binance_60m_fcd64bc348eccfb6,passed
binance_60m_fcebeb169c0f0bae,passed
binance_60m_fd532908bf0be46c,passed
binance_60m_fd5463e13aef0f73,passed
binance_60m_fe0f065f0a06029d,passed
binance_60m_fe15d59e8b9aabb9,passed
binance_60m_fe40bc650a257cb1,passed
binance_60m_fe943f347224ebc7,passed
binance_60m_fef536ed664d3e49,passed
binance_60m_ff3d7b488a2a1b63,passed
gate_240m_02af95ffcc8ade1b,passed
gate_240m_0386ebadc33b0452,passed
gate_240m_039100f85721fb88,passed
gate_240m_055d1f8b550d15ae,passed
gate_240m_0575cfc1ce203582,passed
gate_240m_058aebd24d401c85,passed
gate_240m_06762a014b79b29e,passed
gate_240m_071943e12d1ae4c8,passed
gate_240m_0787e0dadeb3d123,passed
gate_240m_0956eba8102438ed,passed
gate_240m_0d0cdc605a070cdc,passed
gate_240m_0dee5264721dec2b,passed
gate_240m_126a59f8d0079c15,passed
gate_240m_130a9242e0292317,passed
gate_240m_156ad7d23b67e0fe,passed
gate_240m_169bd479c9ba9860,passed
gate_240m_178de4033c68e72b,passed
gate_240m_1a49b1ffa3570332,passed
gate_240m_1ccb227ae9d1d7f9,passed
gate_240m_1d40a612d3c24307,passed
gate_240m_1e2dc238fad8cc44,passed
gate_240m_1ec3e6ad268c615f,passed
gate_240m_21406f473b0e5a72,passed
gate_240m_2279ac6d459c828c,passed
gate_240m_24b9f140008b2c75,passed
gate_240m_24ea57927c03d95a,passed
gate_240m_254d6cf87f3f9c61,passed
gate_240m_2560a89cf068bec8,passed
gate_240m_27f7125679b663c0,passed
gate_240m_2acacdf739283d5e,passed
gate_240m_2b5c24e586115f3a,passed
gate_240m_2dfabe6f8622b3ef,passed
gate_240m_2f4694136708f6da,passed
gate_240m_304df14a5d822e39,passed
gate_240m_3230c65ec836173d,passed
gate_240m_33a3a746e0d025f2,passed
gate_240m_3471c3123d4b5f88,passed
gate_240m_34dcac0977f4f72d,passed
gate_240m_36189b2cd11114d5,passed
gate_240m_3c6fb231e1e40b1f,passed
gate_240m_3d82dfc861aa1ceb,passed
gate_240m_3e3f4d59bb9d34a8,passed
gate_240m_3f6bc062650ee699,passed
gate_240m_412f76a28e356307,passed
gate_240m_421d6eae392fa99d,passed
gate_240m_453200fd0657132c,passed
gate_240m_46878778efd1b4bf,passed
gate_240m_46ab06653082d80d,passed
gate_240m_49863fe39c6dca51,passed
gate_240m_4a01b49c39aab4e1,passed
gate_240m_4a32642014f8044e,passed
gate_240m_4b079bc29f275b59,passed
gate_240m_4c1d40b7f393bf72,passed
gate_240m_4c7bad6d68c8dcff,passed
gate_240m_4c8b918ae93577bf,passed
gate_240m_4d80dd1af400175a,passed
gate_240m_4e0eb2d261744429,passed
gate_240m_4ef87bb71c4a0f74,passed
gate_240m_4f4d8f614b77ba05,passed
gate_240m_505b173d22c48cb2,passed
gate_240m_508fc72bb3e82cd3,passed
gate_240m_50b745568761d929,passed
gate_240m_515cc0d1dec9ac87,passed
gate_240m_51e27dc5c8a65fc4,passed
gate_240m_52853ee220f7a98a,passed
gate_240m_537a29d13eeb4ad8,passed
gate_240m_53af3d9db595d51d,passed
gate_240m_5535f9276a1a57d4,passed
gate_240m_5b5f2901a678acc9,passed
gate_240m_5eaf39f74d520ba0,passed
gate_240m_5ecb2499c99778a4,passed
gate_240m_5f6c9d87bf2ba8e6,passed
gate_240m_626384f99800e329,passed
gate_240m_639c9cc67db044c3,passed
gate_240m_64ba97bf41937a01,passed
gate_240m_66050a9d30de88b1,passed
gate_240m_66b2f1236c90d3fb,passed
gate_240m_66e62ab2db1cbfb0,passed
gate_240m_67767eac683e71cf,passed
gate_240m_67c3d40bcae59f76,passed
gate_240m_68ce6e18ef859345,passed
gate_240m_695c5bcf6b4cf024,passed
gate_240m_6d63ab27a9bf324f,passed
gate_240m_6e1ff9e3994eebf7,passed
gate_240m_6fb793e83624b731,passed
gate_240m_71467a6e751c8f4b,passed
gate_240m_7270bac40d93a2b8,passed
gate_240m_750d479defca92ae,passed
gate_240m_758b9696ff7411f3,passed
gate_240m_787dff156131fac9,passed
gate_240m_79e4f3778a50fc08,passed
gate_240m_7b60c016e7b98d47,passed
gate_240m_7bd82c7a2ffcfc30,passed
gate_240m_7be3664228abf92b,passed
gate_240m_7e9f4b9dedf8d6bf,passed
gate_240m_8030ccd2f84576b8,passed
gate_240m_806709778fb54f9b,passed
gate_240m_8204451ea66b6e97,passed
gate_240m_8216c86cfe31ea12,passed
gate_240m_831b7583a0fec7fa,passed
gate_240m_83b36d01f85df7ff,passed
gate_240m_84a411557c2b0442,passed
gate_240m_889a8f2c2e177b7c,passed
gate_240m_893bd2f830f46a86,passed
gate_240m_8b669b50017fc9e9,passed
gate_240m_8d5391472e22dfe8,passed
gate_240m_8f4b74d09c0c5111,passed
gate_240m_90808c30c3717144,passed
gate_240m_9299a3994149e1cc,passed
gate_240m_92c3b34ae1ab8d79,passed
gate_240m_9434b41b05178e44,passed
gate_240m_95591cb43897a962,passed
gate_240m_95bae23663ba5436,passed
gate_240m_96ef03f8b028a7e8,passed
gate_240m_9a51e2385677bb54,passed
gate_240m_9b2bb1019836432b,passed
gate_240m_9dca8664b2289672,passed
gate_240m_9ebe28e55cee9809,passed
gate_240m_9f703e1753f32721,passed
gate_240m_a22974348ea4e4fa,passed
gate_240m_a3d0c8a2b0e1d1bc,passed
gate_240m_a4839ac993a665cd,passed
gate_240m_a48bdf3a547c1cd1,passed
gate_240m_a606cf8c26d3ef88,passed
gate_240m_a6d377064af64504,passed
gate_240m_a7e059c36956c082,passed
gate_240m_aa6bdb440b845150,passed
gate_240m_ab3d2d4225acaf1b,passed
gate_240m_ab9a7e3402479c7f,passed
gate_240m_ac59d84cd2f11b7f,passed
gate_240m_ac6abcbe99871989,passed
gate_240m_ad181bb2491fa3b1,passed
gate_240m_ad40ed733c7a2baa,passed
gate_240m_adfa3c7d10dc15cc,passed
gate_240m_ae3242fc97a19448,passed
gate_240m_af47a8cebfbfdb66,passed
gate_240m_b0a9fedb9b85c094,passed
gate_240m_b1974e7d62f5e086,passed
gate_240m_b1c9cc6fa4a40708,passed
gate_240m_b1fb445ee434f5a5,passed
gate_240m_b49168ccfd1a1115,passed
gate_240m_b54b80d216ac73c7,passed
gate_240m_b5a4ab10ab199fcf,passed
gate_240m_b6125f523658a3a5,passed
gate_240m_b7900671cf63583d,passed
gate_240m_b8a76250db1871ea,passed
gate_240m_bae368abcd17fbd4,passed
gate_240m_bc22720182003db4,passed
gate_240m_bcbac6c585d01a29,passed
gate_240m_bec065a51adfa248,passed
gate_240m_c17148a66439e77b,passed
gate_240m_c373cf1d40a4d353,passed
gate_240m_c3cbe2733a69be92,passed
gate_240m_c50a7ed6680cb99a,passed
gate_240m_c565ae6c76cd2a8c,passed
gate_240m_c5a314044e1270c9,passed
gate_240m_c6a554d621dd50d6,passed
gate_240m_c7ed1ca26e9de9cf,passed
gate_240m_c843731d7e9f4526,passed
gate_240m_c8cb578b759cfe27,passed
gate_240m_c9450c186a21a312,passed
gate_240m_ca78a91259b59aae,passed
gate_240m_cb1f8b2d5423d9c0,passed
gate_240m_cb9eba41e9aac2f7,passed
gate_240m_cddd69ae0388d69c,passed
gate_240m_d1a1cd8cfd5350cc,passed
gate_240m_d1bd3cd2e845c871,passed
gate_240m_d2c58eda6940037e,passed
gate_240m_d3bd2e7e7e1992cc,passed
gate_240m_d57b050a99d88268,passed
gate_240m_d624c861bacd26ec,passed
gate_240m_d63eda823ab4b135,passed
gate_240m_d6c5958e7da2af05,passed
gate_240m_da27ca6f389dd047,passed
gate_240m_da51aebc9ea81907,passed
gate_240m_deca750ac3d47b5c,passed
gate_240m_dfaedeb892cd0958,passed
gate_240m_e09ea9a7cef9b594,passed
gate_240m_e2810ab80d2d4b63,passed
gate_240m_e31f9ecbbb133ec9,passed
gate_240m_e3a986a18344ffe6,passed
gate_240m_e3d413dbaa3cc643,passed
gate_240m_e3d555c5980e8b73,passed
gate_240m_e52ba4943e217549,passed
gate_240m_e5fd5df46b0683d4,passed
gate_240m_e7e2c3c42ca61d4f,passed
gate_240m_e93a1bd01dac998d,passed
gate_240m_eaf8076196586493,passed
gate_240m_eb11398e173f30f8,passed
gate_240m_ebcc8c80dfd5baf3,passed
gate_240m_ec3a327097553496,passed
gate_240m_ecdfbfb0568ea2a5,passed
gate_240m_ee0a8757c96775a7,passed
gate_240m_ee1ef31718e71f4f,passed
gate_240m_ef72054c815f15c7,passed
gate_240m_efa2ea033109cc92,passed
gate_240m_f025596e41cb7af7,passed
gate_240m_f2f01590e5445e09,passed
gate_240m_f5c1647e1e080dff,passed
gate_240m_f60b3e0f745d1010,passed
gate_240m_f616535f2c0cce59,passed
gate_240m_f6c92b3dac42dfe1,passed
gate_240m_f7a59369596103b5,passed
gate_240m_f8361c2b952fab46,passed
gate_240m_fb0d4ac5792b741f,passed
gate_240m_fba8bbb1ea428d7e,passed
gate_240m_fc607d3b3bbff184,passed
gate_240m_fcdbec6a78e3356c,passed
gate_240m_fda6c11ff8c30c31,passed
gate_30m_00a206a97587148b,passed
gate_30m_011e79387419d977,passed
gate_30m_04ecb5f71b63e06c,passed
gate_30m_09ecc0efa0c1bbc0,passed
gate_30m_0e05769f2d7a30cf,passed
gate_30m_1db6dbf4924bb981,passed
gate_30m_239f28154f9ee6fe,passed
gate_30m_2497c99aa8422283,passed
gate_30m_284c196ef7975306,passed
gate_30m_2fa0dcc60ef6195d,passed
gate_30m_31287d9dae0c1995,passed
gate_30m_34ed9de137322931,passed
gate_30m_36f71ee2d7c2cf7f,passed
gate_30m_3b6008b86ac36323,passed
gate_30m_4310c201896db19c,passed
gate_30m_4a9939772d4ae43b,passed
gate_30m_55767936414dbac1,passed
gate_30m_590c9c1c2c406b07,passed
gate_30m_5bfc6609d1d259ec,passed
gate_30m_6d032e6692a904d9,passed
gate_30m_7625478a04d5317f,passed
gate_30m_861f0ba2d64eec55,passed
gate_30m_8855f8890e919ec8,passed
gate_30m_8b5d17770ab6aade,passed
gate_30m_8e39f319b8a2a726,passed
gate_30m_a10d019f8afc88e8,passed
gate_30m_a2c189a9a4237e27,passed
gate_30m_a5f567682aaaaa51,passed
gate_30m_a6db488f90214571,passed
gate_30m_a9200468b49be979,passed
gate_30m_b0318fc8a35ed904,passed
gate_30m_b2533ed6e9d64a96,passed
gate_30m_b31c989e59c1c5cf,passed
gate_30m_b44d6b6043000abf,passed
gate_30m_b571e1e68dc9e57f,passed
gate_30m_bdc621661a888bde,passed
gate_30m_c2c225b22109db93,passed
gate_30m_c940c128353f159f,passed
gate_30m_cf3704eaf8b89f23,passed
gate_30m_d212f5019b626448,passed
gate_30m_d7e40b1526334da5,passed
gate_30m_dae002e413fa941f,passed
gate_30m_e09fef242f6dc4f2,passed
gate_30m_ecf8a596c9c922a4,passed
gate_30m_ed89f1cb0af83e6c,passed
gate_30m_ee3f5e9f231dbdf5,passed
gate_30m_eecc34bf31d09db2,passed
gate_30m_ef6dc7098d08bed9,passed
gate_30m_ef9f98d27ac3fd0a,passed
gate_30m_f6707e4dfbb9867b,passed
gate_60m_0150e2d772b95936,passed
gate_60m_0732b89397858c44,passed
gate_60m_13389934766b99d2,passed
gate_60m_1e9d3f1ada79146f,passed
gate_60m_1f418df0e7b4648a,passed
gate_60m_2390a9a763a7d0c8,passed
gate_60m_25e9d74a3ef8e847,passed
gate_60m_2bb9e7b3246d4e29,passed
gate_60m_2d4e7df8d4b3ec1a,passed
gate_60m_2ed6412c6a18b1e4,passed
gate_60m_3162a97692ae042e,passed
gate_60m_327d0b9ede6c9e87,passed
gate_60m_3aa118421759eead,passed
gate_60m_3af6fdee58920db0,passed
gate_60m_3def1dfc2c6523b3,passed
gate_60m_41999f41568e2549,passed
gate_60m_47b79ca70f907568,passed
gate_60m_517408264e00a5a5,passed
gate_60m_5ff4095bbbe45fdd,passed
gate_60m_66ad53b2de52205a,passed
gate_60m_6726ea0ce71a860f,passed
gate_60m_689dafe14df93c98,passed
gate_60m_785e709a122f5f17,passed
gate_60m_7b6234c4a04e255f,passed
gate_60m_88876999c3ca6d98,passed
gate_60m_8d2eb6bbc3d5b729,passed
gate_60m_94f417725f2cf7c5,passed
gate_60m_9fc6580f6eff9a01,passed
gate_60m_a071681a8362a22a,passed
gate_60m_a135452c1369cb89,passed
gate_60m_a377d991b279bc2b,passed
gate_60m_a3c7c47abb87bb87,passed
gate_60m_aeeed2b47560fa6c,passed
gate_60m_b5904d2684b0fe16,passed
gate_60m_b644f5a602424ed7,passed
gate_60m_bc939ff177667b20,passed
gate_60m_bfdffa0fc2e3798c,passed
gate_60m_ccb01c69909f64a8,passed
gate_60m_d9585e1468157d87,passed
gate_60m_df63eb76499463ec,passed
gate_60m_f6a7e06c44128097,passed
gate_60m_fef5f2980a1ee70b,passed
okx_240m_00a03670387eebfb,passed
okx_240m_029f440db2918d33,passed
okx_240m_03268465e4eb8d54,passed
okx_240m_0363633ee355246e,passed
okx_240m_040172599440c5b9,passed
okx_240m_050c14d7f166e9da,passed
okx_240m_050fae2b118a6fd3,passed
okx_240m_0558a3b01d944e0c,passed
okx_240m_05bc61713d0b38e5,passed
okx_240m_069514de1abc3a7c,passed
okx_240m_0757696882bc9936,passed
okx_240m_0798004c513637eb,passed
okx_240m_07c5919e0b9e438b,passed
okx_240m_081e399d972f2d22,passed
okx_240m_086fae2788d38b97,passed
okx_240m_095161671ae85759,passed
okx_240m_09f9859e1637e617,passed
okx_240m_0a9122f6638449bb,passed
okx_240m_0afd57db5fee2211,passed
okx_240m_0b2fc4927ac4a2dd,passed
okx_240m_0b38cdf1b4dca4ef,passed
okx_240m_0bb23fabefe58567,passed
okx_240m_0d9c2b61e430ba65,passed
okx_240m_0ddf0415c9c42b35,passed
okx_240m_0e0caa28fc7bab6c,passed
okx_240m_0e993ccac8357969,passed
okx_240m_0ea777659a1e2513,passed
okx_240m_0ed2fb228b00ce17,passed
okx_240m_0f05719dd7f989fa,passed
okx_240m_0f30eed826df77ec,passed
okx_240m_0fb857cbfef022db,passed
okx_240m_10c1d428f42fdf74,passed
okx_240m_116554a6060f00b9,passed
okx_240m_11c26a611e90353d,passed
okx_240m_11f94523a3bdf988,passed
okx_240m_128466555babcfe5,passed
okx_240m_12c6903fb7c4e688,passed
okx_240m_145d422d06b5845c,passed
okx_240m_14e422d343597fa9,passed
okx_240m_15c33ba9bf5913e6,passed
okx_240m_1629d4d445c76f77,passed
okx_240m_1667ab6e4c8f7425,passed
okx_240m_1769dc24b3e01574,passed
okx_240m_181e2d5cf2b0d8c6,passed
okx_240m_19418fa7178b31c2,passed
okx_240m_196823dbecfb675e,passed
okx_240m_199bb70a316b7989,passed
okx_240m_1bca7fc929b3aceb,passed
okx_240m_1cd062e65d733a23,passed
okx_240m_1d7db2a29d9b8b7b,passed
okx_240m_1df0e94ea39347bb,passed
okx_240m_1e02dba786bd28fd,passed
okx_240m_1e14b689081ce443,passed
okx_240m_1e9ea3927d6f7197,passed
okx_240m_1f66771326af78a1,passed
okx_240m_203db719b892e66f,passed
okx_240m_20811b939c3bf906,passed
okx_240m_20ac5eaf016ea676,passed
okx_240m_21f63fddaa32d7db,passed
okx_240m_230e2e1983791b60,passed
okx_240m_232a77b121df423e,passed
okx_240m_23b51d9fcfb1a0b4,passed
okx_240m_24991bdddd997649,passed
okx_240m_24cfdbde847a6fe5,passed
okx_240m_25091f4bc25af8c7,passed
okx_240m_25b0552e47e32b24,passed
okx_240m_282048a7ebcaac42,passed
okx_240m_2907048cd63583ec,passed
okx_240m_2986c1281b7ae559,passed
okx_240m_2998718e946aa329,passed
okx_240m_29bbc6cc147fa75c,passed
okx_240m_2b03d1fad2fa6bc8,passed
okx_240m_2b498c9b11a1be2b,passed
okx_240m_2b541c1eb3319537,passed
okx_240m_2b80863d14f042ca,passed
okx_240m_2c58903efde53ea1,passed
okx_240m_2d5759bb780b3709,passed
okx_240m_2e01804fc192a8a2,passed
okx_240m_2e1a1c6586ec914e,passed
okx_240m_2e92a097fa67bb49,passed
okx_240m_3112c534234a19d7,passed
okx_240m_31aa4b619dea215e,passed
okx_240m_31f46b22f9ca83ff,passed
okx_240m_3215df9509939f36,passed
okx_240m_3220a56855ca2fbe,passed
okx_240m_32ba0051fb5b20a2,passed
okx_240m_332dea10ac61a5d6,passed
okx_240m_339236b86d717214,passed
okx_240m_3473068d1b303e75,passed
okx_240m_3510f4b344ba935c,passed
okx_240m_355373df4f0bee7c,passed
okx_240m_35dce07cf6ba4364,passed
okx_240m_3655d9133a611d01,passed
okx_240m_36763dc8e01d5ba6,passed
okx_240m_36f6bc29698b159b,passed
okx_240m_37d50e61f1c5c49f,passed
okx_240m_3815f0e503a1cc34,passed
okx_240m_385c98b9dc2f3ac5,passed
okx_240m_38e0cc5414dce040,passed
okx_240m_3967262bc6487092,passed
okx_240m_3a273a2bbd4c19ff,passed
okx_240m_3a7f6490b3a34e47,passed
okx_240m_3b763d0af2e9db09,passed
okx_240m_3be4489be992f996,passed
okx_240m_3c6a3b0d6ac29485,passed
okx_240m_3ccf7743c88701dc,passed
okx_240m_3e39c792ea477351,passed
okx_240m_4077fa6f27acf3b2,passed
okx_240m_41bbd094629a0e80,passed
okx_240m_41dab544a265f95c,passed
okx_240m_43117c5532581dd0,passed
okx_240m_446de6b3116c6241,passed
okx_240m_448ed099737db712,passed
okx_240m_45051a14d0e5f442,passed
okx_240m_462f537ff008fc8b,passed
okx_240m_46d723c56dc889e5,passed
okx_240m_46d7c4f338991a4c,passed
okx_240m_46ea5b4c22f06802,passed
okx_240m_46f7bbe3c7dabd33,passed
okx_240m_47470a2b0eeb01e2,passed
okx_240m_4816adfb4e3cdcf8,passed
okx_240m_484a9755ef729a8a,passed
okx_240m_488e1c2679619acc,passed
okx_240m_48eea6c1b6e06d5d,passed
okx_240m_49045f01d1f02731,passed
okx_240m_4a37faa071a8a500,passed
okx_240m_4a7b5fe0d3857a04,passed
okx_240m_4b60531c01c5629a,passed
okx_240m_4b6af1b7e4d4180a,passed
okx_240m_4b7d5e40afec6a57,passed
okx_240m_4cba531fcb56f221,passed
okx_240m_4dc11a756898d2ee,passed
okx_240m_509ed2f682c590fd,passed
okx_240m_50a67d0f631bd4ff,passed
okx_240m_510ad901296a8c7f,passed
okx_240m_51628885d2ada77e,passed
okx_240m_51b0553a01a2cc54,passed
okx_240m_5241f397bc559e1c,passed
okx_240m_538b24d293d3dfa6,passed
okx_240m_539aac81037b1d7f,passed
okx_240m_54e16ad3255b4084,passed
okx_240m_55062aade1abb129,passed
okx_240m_552d06e14d8219b7,passed
okx_240m_567e382531231a67,passed
okx_240m_585352377dab2627,passed
okx_240m_59e64a9a568bfcbc,passed
okx_240m_5bbc03ce75ed0c3b,passed
okx_240m_5daf736b74c464cd,passed
okx_240m_5e340fb97d444f80,passed
okx_240m_5f66e3e1e6845e66,passed
okx_240m_5fc743af6082d761,passed
okx_240m_5fd686af5043d833,passed
okx_240m_60b1419f8c96e790,passed
okx_240m_60e93e56fbdb7363,passed
okx_240m_61f125686693f641,passed
okx_240m_62128638ec8ecb15,passed
okx_240m_625d3d8eeb21e07e,passed
okx_240m_643babad08886bea,passed
okx_240m_6613c44d00b17665,passed
okx_240m_668a36f4f1b9363a,passed
okx_240m_66b63d964750d03c,passed
okx_240m_67791edb55aa7f66,passed
okx_240m_67a06d8c6f5a959c,passed
okx_240m_68b7eb1e4ef4882c,passed
okx_240m_68d6a52787385878,passed
okx_240m_69a70ad7071f9388,passed
okx_240m_6a13f3c52a42c389,passed
okx_240m_6a67425fc092d613,passed
okx_240m_6aaecf39675e5ee5,passed
okx_240m_6ac4cb944363f219,passed
okx_240m_6b94f1b891a75271,passed
okx_240m_6cbe1f148a67a288,passed
okx_240m_6d87179b49c3b2cc,passed
okx_240m_6de7651e937e8792,passed
okx_240m_6e6e10e242067384,passed
okx_240m_6e86a3a5c8f7f56e,passed
okx_240m_6ed308228cbb1c80,passed
okx_240m_6f3893adc0f4264e,passed
okx_240m_6fa23b1eae263d7b,passed
okx_240m_70ef73bf59b6f387,passed
okx_240m_71735a797b8127e0,passed
okx_240m_71d26f21d4b7e45f,passed
okx_240m_71de59bda2850798,passed
okx_240m_721d2448056bfa47,passed
okx_240m_728e4f820638fb5e,passed
okx_240m_73d5b084cb95c9dd,passed
okx_240m_740364f51efdfe07,passed
okx_240m_781df602627a143a,passed
okx_240m_78e30aacba1d82f0,passed
okx_240m_7928eb651d9afd9d,passed
okx_240m_795360114fbc0f8d,passed
okx_240m_7a4d57ce2e6b481b,passed
okx_240m_7b496b1483f1651c,passed
okx_240m_7bd6697e029dd3f7,passed
okx_240m_7c7dd98deb3bef8a,passed
okx_240m_7d50c70f12f7ed40,passed
okx_240m_7d6d89c377af99eb,passed
okx_240m_7d87e8c53cc617ea,passed
okx_240m_7dd697f651bdf5e3,passed
okx_240m_7e3a38c7de185696,passed
okx_240m_7e6bc9d6a5f6966c,passed
okx_240m_833b91a0b70703d7,passed
okx_240m_83a5b9d14774c384,passed
okx_240m_83e830785063df46,passed
okx_240m_84252be3e6a1cdaa,passed
okx_240m_84533bd181b13998,passed
okx_240m_8464f7d2c7b399cc,passed
okx_240m_84da07f875937050,passed
okx_240m_853f24d4ed490f32,passed
okx_240m_854224849567981e,passed
okx_240m_856fa7a0d81ed7b8,passed
okx_240m_857ac9b4c687afed,passed
okx_240m_85d37b0fda935391,passed
okx_240m_8644bd67c05700b4,passed
okx_240m_86ba15c34dc3e892,passed
okx_240m_874a169ca89b20e8,passed
okx_240m_87d44b8d9c874d2d,passed
okx_240m_88a8d999962508b8,passed
okx_240m_89469723e1667771,passed
okx_240m_895526959405f7f2,passed
okx_240m_8a965c844f647da1,passed
okx_240m_8c28e37c3aafb09f,passed
okx_240m_8cfc2f4dd8dc766e,passed
okx_240m_8d978689a4f95e9a,passed
okx_240m_8e29c6392d3efb90,passed
okx_240m_8e7a28b15f905138,passed
okx_240m_91152bcc5c452f32,passed
okx_240m_91d92faca2690942,passed
okx_240m_924bc5ceda269952,passed
okx_240m_9256ed9e291f9bdf,passed
okx_240m_9281edd1d19ca91c,passed
okx_240m_92fcab41e7863ee1,passed
okx_240m_932f24d2fe810e13,passed
okx_240m_947bed5c41ffc9b0,passed
okx_240m_94ba35d2af2acf1d,passed
okx_240m_94f206c52e26dc26,passed
okx_240m_9526b20a2b981335,passed
okx_240m_95643a5baed45335,passed
okx_240m_95676bc50f19fbf3,passed
okx_240m_957bfa7e40f60e9d,passed
okx_240m_964ab529f361c36d,passed
okx_240m_966871a5b846a106,passed
okx_240m_9696fee0698558f7,passed
okx_240m_9709f925d99d6b6e,passed
okx_240m_97c05c2342a9bf35,passed
okx_240m_987fdd28535d0530,passed
okx_240m_98a65b5c355b7a03,passed
okx_240m_98bd6d09667c3b48,passed
okx_240m_99a1aaafd4224309,passed
okx_240m_99c632d4b364db31,passed
okx_240m_9a3bbd24d68b8bde,passed
okx_240m_9adb2d1a68a8fe18,passed
okx_240m_9b3ae0565f294797,passed
okx_240m_9b64ce175ac564f4,passed
okx_240m_9c0a28b143f78159,passed
okx_240m_9c56a77f0906842a,passed
okx_240m_9c9c13bb3f80f802,passed
okx_240m_a01161e4a4e48f3e,passed
okx_240m_a2600751488bebeb,passed
okx_240m_a43b87e63430581c,passed
okx_240m_a52c318a31eba56e,passed
okx_240m_a5463e0a8c3ee51d,passed
okx_240m_a59881e72873be2e,passed
okx_240m_a5db7c57158ceaea,passed
okx_240m_a775fdab58cb717a,passed
okx_240m_a895cca5f6d9a0cd,passed
okx_240m_ab016d7ea5581304,passed
okx_240m_abb26ca2a28fa413,passed
okx_240m_ac93682398ff2fdc,passed
okx_240m_acbe112ed804964d,passed
okx_240m_ad5cc7951e64665c,passed
okx_240m_b11e17193b731e49,passed
okx_240m_b22d6144dfc0d908,passed
okx_240m_b2345e32c05f44f4,passed
okx_240m_b30b82c9b4551083,passed
okx_240m_b403cc71e019a750,passed
okx_240m_b43375add30deecd,passed
okx_240m_b64b2eacaf7140c9,passed
okx_240m_b67a2dc9c065ce96,passed
okx_240m_b70c0682a6a8b79f,passed
okx_240m_b71934b76e145ca4,passed
okx_240m_b7683f62d5d9b41c,passed
okx_240m_b7dcd976538c1a1b,passed
okx_240m_b802cc7e29a978ad,passed
okx_240m_b91ffcd4f193b577,passed
okx_240m_b9e2b23d52008dca,passed
okx_240m_bad0e748cf15a102,passed
okx_240m_bb5b6e7aee6f8a72,passed
okx_240m_bbc54eba6a9f01f8,passed
okx_240m_bd74ff1e9541719f,passed
okx_240m_bd99721b865071f6,passed
okx_240m_bda3658d784d6506,passed
okx_240m_be17ed46f4b792aa,passed
okx_240m_be3c1d0e553e1295,passed
okx_240m_be5ece16313a59b7,passed
okx_240m_be80e7a36bad7b3c,passed
okx_240m_bf496445d30247e1,passed
okx_240m_bf8e4605b00174e8,passed
okx_240m_c01ff15f6e2f0e70,passed
okx_240m_c1901dca115e52c4,passed
okx_240m_c29f2cb24231eeab,passed
okx_240m_c2c486bd2d3ec4d0,passed
okx_240m_c413b292033b1359,passed
okx_240m_c466ccf2eefd57a4,passed
okx_240m_c6bc694b70d2f83d,passed
okx_240m_c70082358b3a30ed,passed
okx_240m_c72eeebd37218632,passed
okx_240m_c7e1f7d06faff94d,passed
okx_240m_c8c4d5925633ca80,passed
okx_240m_cb4e9ef6613b63ec,passed
okx_240m_cb612dced31fcf64,passed
okx_240m_cb79848a8bdeb33c,passed
okx_240m_cb8609cda76358f9,passed
okx_240m_cc24df359c753ea6,passed
okx_240m_cc3da6ca77af3274,passed
okx_240m_cd64d02952a04cd8,passed
okx_240m_cd891c7419eb0dc1,passed
okx_240m_cd8b83bccc941df1,passed
okx_240m_ce8c1a05fbe466d3,passed
okx_240m_cea16bbbffec1724,passed
okx_240m_cf3f604b19688483,passed
okx_240m_d0401c41bdd885a9,passed
okx_240m_d0559514b90d24a5,passed
okx_240m_d0a3abc47495cf29,passed
okx_240m_d0f1afba42779979,passed
okx_240m_d19a3b415a21c622,passed
okx_240m_d242127565d82b06,passed
okx_240m_d25fc371999f9b28,passed
okx_240m_d2a9432b02770b56,passed
okx_240m_d2b21c8971193bec,passed
okx_240m_d2bde03b78a5ad62,passed
okx_240m_d52d3eda6e7b5bb0,passed
okx_240m_d5c73a4c6a3483b8,passed
okx_240m_d6bf65d6179c0b97,passed
okx_240m_d8556b9c0011e396,passed
okx_240m_da188aee66bf53ea,passed
okx_240m_da3133af43800e45,passed
okx_240m_da576a36835de2f3,passed
okx_240m_da64f625cd2ebfc4,passed
okx_240m_dad9aa5112e67218,passed
okx_240m_dbbc5b40c1eba26e,passed
okx_240m_dc7a476ce3d173a4,passed
okx_240m_dccb43fb8e5e34a3,passed
okx_240m_dd655cca1b493475,passed
okx_240m_ded3d42be550ec13,passed
okx_240m_df46b9f6145bdba8,passed
okx_240m_dfb5fee1c4add202,passed
okx_240m_e02ad96e97587e72,passed
okx_240m_e0360d3087fd3225,passed
okx_240m_e05126b1cad3acc4,passed
okx_240m_e13a5d12f6f0cdd5,passed
okx_240m_e3f01c3b06a39b9e,passed
okx_240m_e4a5380fa52b43f2,passed
okx_240m_e530b755b304dbca,passed
okx_240m_e5443c18ebb6eadb,passed
okx_240m_e7202a7a991374c2,passed
okx_240m_e74ab379e320e896,passed
okx_240m_e7c0f8100d429238,passed
okx_240m_e93036e86c9c0a57,passed
okx_240m_e9e6ef31aaf128cd,passed
okx_240m_ea06e17819be6452,passed
okx_240m_ea821a3d4cb992a0,passed
okx_240m_eaa537bb5c999afc,passed
okx_240m_eb49089e03be09ec,passed
okx_240m_ec09b331d5a16319,passed
okx_240m_ec9279e171ac78c6,passed
okx_240m_ed3e6cd370f2a967,passed
okx_240m_ee98ddf4698b51f7,passed
okx_240m_ef3e883a4d56e520,passed
okx_240m_ef9b54b53b47d5f9,passed
okx_240m_f05371d0b5ea3402,passed
okx_240m_f05eda4a88b60ba1,passed
okx_240m_f0959dc052667a9d,passed
okx_240m_f132f22cb88197fd,passed
okx_240m_f13ebe714953a064,passed
okx_240m_f194b32de14af2e7,passed
okx_240m_f1967d9b58b0c124,passed
okx_240m_f1f0875926c858be,passed
okx_240m_f23089a615e27d17,passed
okx_240m_f2dba80b2830a776,passed
okx_240m_f3bea18a2a28d8da,passed
okx_240m_f52543fc4df1e159,passed
okx_240m_f6d3d16fd07d5fe1,passed
okx_240m_f6ea9be6d8f759e7,passed
okx_240m_f7d3e714d1da38fd,passed
okx_240m_f874481d04b8d206,passed
okx_240m_f8efacc1c39ad918,passed
okx_240m_f9261aaeab7c94cb,passed
okx_240m_f959b493f6069ddd,passed
okx_240m_fa63ab8f29cd5b1a,passed
okx_240m_fa64f0e9edbf9961,passed
okx_240m_fb45728f3b2ad40f,passed
okx_240m_fb49ac4e280d33f5,passed
okx_240m_fbfa5ee68b775a37,passed
okx_240m_fc019ae132d0df22,passed
okx_240m_fc16198f2675e3e2,passed
okx_240m_fc34e02a0fcb28a7,passed
okx_240m_fd1768e5dafc23c3,passed
okx_240m_fd7c63cc100b1a22,passed
okx_240m_fde19878ad35ba05,passed
okx_240m_fdf18348d91b4e94,passed
okx_240m_fe64552ed2138437,passed
okx_240m_ff34fa6c0b3c7fc5,passed
okx_30m_0017f1878074c036,passed
okx_30m_00d54ed71b9c8447,passed
okx_30m_00fd6e17be5e413a,passed
okx_30m_02455d67e452427c,passed
okx_30m_04f6eaac09e4fa2d,passed
okx_30m_057df45fbabc292a,passed
okx_30m_0670ecbc8d8a3207,passed
okx_30m_06a0312be480205b,passed
okx_30m_072d32e2f923e5d2,passed
okx_30m_07d7432d2eff9a4f,passed
okx_30m_099b9d8ac399e234,passed
okx_30m_0bdd35a079b4a945,passed
okx_30m_0c175c3edfd97a50,passed
okx_30m_0c3cae92f70746f1,passed
okx_30m_0cf8d708088e87df,passed
okx_30m_0d04ee01e4b56321,passed
okx_30m_0db44c8f251494fe,passed
okx_30m_0ea95f0d29804a5a,passed
okx_30m_0f39ddd83b4c9a99,passed
okx_30m_1005e3d9937211ac,passed
okx_30m_10a1af61400ec5bc,passed
okx_30m_10bed864d555e246,passed
okx_30m_110cba586a3e451e,passed
okx_30m_11c2804f921c7fc5,passed
okx_30m_12219a0008281f91,passed
okx_30m_12242f3477d41bb9,passed
okx_30m_12fa0e76f9dd2f40,passed
okx_30m_1307e0eca18777f3,passed
okx_30m_1324af0bec7345eb,passed
okx_30m_133fe58a46fb8fc3,passed
okx_30m_13b2b8a2a31bafd3,passed
okx_30m_13caee337175ed8f,passed
okx_30m_13d15255e991250d,passed
okx_30m_13f2dad2794388a9,passed
okx_30m_1480da1973a419b3,passed
okx_30m_14fe69f744f17e95,passed
okx_30m_150dafdb642ea175,passed
okx_30m_1559dc704d1beae4,passed
okx_30m_15c1cc5164d950cb,passed
okx_30m_167d6e03856581ab,passed
okx_30m_17500c1c95222372,passed
okx_30m_177572f2ec2719d2,passed
okx_30m_18fbdc56a2194a02,passed
okx_30m_19b2d4c35f377134,passed
okx_30m_1a40d80f349b964b,passed
okx_30m_1ba555540d266ec7,passed
okx_30m_1bd6dfeacf4477ee,passed
okx_30m_1c650a8c9b01e276,passed
okx_30m_1ca867dd49106e71,passed
okx_30m_1d0a3c80db17d1e2,passed
okx_30m_1dfdadcc902c75ba,passed
okx_30m_1e2677939810132c,passed
okx_30m_1e31b9eaede6a11e,passed
okx_30m_1e5226623d5424a1,passed
okx_30m_1eef854453d13873,passed
okx_30m_1fe83bb822cc5822,passed
okx_30m_204dc936558d3a4e,passed
okx_30m_2084324a551f9ea8,passed
okx_30m_20a66956557ecfeb,passed
okx_30m_21ca92e74ecd7909,passed
okx_30m_21f449c6552f73e9,passed
okx_30m_22cd8f32c48ec6fa,passed
okx_30m_2336b5d6f7da7af6,passed
okx_30m_24213272d3497d95,passed
okx_30m_2441d0975c8f5d71,passed
okx_30m_2615bf37621a9216,passed
okx_30m_26212f455d6014bd,passed
okx_30m_2636485909612df5,passed
okx_30m_26592d800309177b,passed
okx_30m_26722c51347e04df,passed
okx_30m_26c429b82994bcad,passed
okx_30m_278f609ae28f8c98,passed
okx_30m_287ab5e708eb24be,passed
okx_30m_28eec071b98676ba,passed
okx_30m_2ae075161a746365,passed
okx_30m_2d1139b4409ac72e,passed
okx_30m_2d28f59e82896d32,passed
okx_30m_2d38917e9f4b41c4,passed
okx_30m_2d88acf8e946679d,passed
okx_30m_2dd978367f2a96e5,passed
okx_30m_2e682b804b8aa842,passed
okx_30m_2ef4e2bdf7911464,passed
okx_30m_30552bdac7eeb716,passed
okx_30m_308ef6fca96f425f,passed
okx_30m_31b7ef3d0db26e5a,passed
okx_30m_344ca5577e5894e2,passed
okx_30m_3460d80399b27f5b,passed
okx_30m_34c75a11b199c9ee,passed
okx_30m_3544bb3ffb8fbfcb,passed
okx_30m_3655aa9367215931,passed
okx_30m_36f7b4de9a470823,passed
okx_30m_3714a773eaf53e2d,passed
okx_30m_3795050e6ed73152,passed
okx_30m_37da51493d4736b3,passed
okx_30m_37e51ea6d9749d2c,passed
okx_30m_3900a67886181189,passed
okx_30m_3a07300e5cd3870c,passed
okx_30m_3ae4a21923098197,passed
okx_30m_3cea0ab12e672e3d,passed
okx_30m_3dab0a009e53f362,passed
okx_30m_3df0d3e073171f37,passed
okx_30m_3e5a28cee3c09401,passed
okx_30m_3fd95291cb968f44,passed
okx_30m_4094bffc627a138e,passed
okx_30m_41eb57f48f42d841,passed
okx_30m_41fceaa49c963abe,passed
okx_30m_4286b362d33e405b,passed
okx_30m_4291721495a5470b,passed
okx_30m_43ff64e68c8b232f,passed
okx_30m_445945bcd59a944f,passed
okx_30m_45168a53e1bba93f,passed
okx_30m_45502ab2763a6e99,passed
okx_30m_45d434a593b0c9a1,passed
okx_30m_461cc4849746e63a,passed
okx_30m_4691d6284c663f7f,passed
okx_30m_475d45a71789da07,passed
okx_30m_4906ccd39a2b9109,passed
okx_30m_494cb06ee77e0df6,passed
okx_30m_4966b47735832ad3,passed
okx_30m_49f240fb371637e9,passed
okx_30m_4aabc2365eb76247,passed
okx_30m_4b0e4776fcf20e5e,passed
okx_30m_4b163c4cea49c200,passed
okx_30m_4b20c8834a57917b,passed
okx_30m_4ba2cc8ef557832e,passed
okx_30m_4bb754eff1a4c491,passed
okx_30m_4bf9ed3a516d8940,passed
okx_30m_4d38f14681cc83bb,passed
okx_30m_4d398f80ccb45964,passed
okx_30m_4f2ed49dc38d666d,passed
okx_30m_4f3e1e8923ea8699,passed
okx_30m_4fce1c5497279398,passed
okx_30m_504751436a109dd8,passed
okx_30m_50d2122e75f163b1,passed
okx_30m_50e72858099f9ed5,passed
okx_30m_5165ff8eea04d553,passed
okx_30m_51acc2228599ca96,passed
okx_30m_51c24c6f9aa98404,passed
okx_30m_5205f6a4a1e2936d,passed
okx_30m_522e1b5d89a36cd3,passed
okx_30m_53e21e810655c256,passed
okx_30m_54d6634a870c7fcd,passed
okx_30m_55267e56787594f1,passed
okx_30m_556e62566992d770,passed
okx_30m_558563fc40efbcbd,passed
okx_30m_55b774e2957ee24c,passed
okx_30m_56f0ab11ba62365d,passed
okx_30m_5799f750c96e6d0d,passed
okx_30m_580ae4a352075c01,passed
okx_30m_581b95f3d9e295c7,passed
okx_30m_589e70438c1e60bf,passed
okx_30m_58b4cb151aeddcb3,passed
okx_30m_58baeaca9f2d3e17,passed
okx_30m_5973b2845639d190,passed
okx_30m_59c5d93bae981c33,passed
okx_30m_59f8c7abf73b96b6,passed
okx_30m_5a1a7a0ce0cf715c,passed
okx_30m_5b3217876ee2c465,passed
okx_30m_5b39753ac417912a,passed
okx_30m_5b5e9c1ee797d85a,passed
okx_30m_5b5f7d541f077ccf,passed
okx_30m_5bf6c725ca1c0c51,passed
okx_30m_5c3ad4f6248fe90e,passed
okx_30m_5d1114fbbd53d08e,passed
okx_30m_5dabf3129ba85bb9,passed
okx_30m_5e268d904ef2fa3f,passed
okx_30m_5ed8a1fd64b2870f,passed
okx_30m_5f54c789a29d9798,passed
okx_30m_5fa0bd7aab162323,passed
okx_30m_5fdd326e51cdb9ed,passed
okx_30m_61aaa5fe0e9f9b57,passed
okx_30m_61fcc7fb477b5e29,passed
okx_30m_62532aa5a685fb30,passed
okx_30m_6291b3c4fdd57ac0,passed
okx_30m_63b57c9f09878823,passed
okx_30m_645e7e8d33ec8ca3,passed
okx_30m_648b2104a917b959,passed
okx_30m_649585a16bfa8283,passed
okx_30m_64c2ea81d220f0fa,passed
okx_30m_657034de4488e174,passed
okx_30m_665dbe665295fb8f,passed
okx_30m_665f73410828eb6f,passed
okx_30m_6750a2d2d7a5cd7b,passed
okx_30m_6761a08b5c59877b,passed
okx_30m_686d4a5671c9f25b,passed
okx_30m_690f0d84c313bc13,passed
okx_30m_699907853262092a,passed
okx_30m_69b24d4d05bb2fb2,passed
okx_30m_69efb3a7c489c12a,passed
okx_30m_6c9fa8c1b3f4a4e8,passed
okx_30m_6ca635cb9858cd02,passed
okx_30m_6cdca81e946a3b6f,passed
okx_30m_6d3a7286a9b9cc51,passed
okx_30m_6d6e7eff3381ddbb,passed
okx_30m_6d9bca190ae7ce30,passed
okx_30m_6db410197588c147,passed
okx_30m_6e12892ccac3b481,passed
okx_30m_6eb03e41386ee7d2,passed
okx_30m_6f6e6d2b9fcc0a47,passed
okx_30m_71248c9e6b460ca2,passed
okx_30m_715a616062d2789b,passed
okx_30m_715db50e7f187b21,passed
okx_30m_71dc14ceea2fe02f,passed
okx_30m_7254e2784a6a9b76,passed
okx_30m_7339d895f7c442ec,passed
okx_30m_74790123585a8ab5,passed
okx_30m_74b088ed14714a24,passed
okx_30m_74de72a25ac3d4f9,passed
okx_30m_75f712c660c26bda,passed
okx_30m_7617c80e7c330e9d,passed
okx_30m_763089493320e8c0,passed
okx_30m_77b28c61fcab4f0a,passed
okx_30m_7848df405870e0cd,passed
okx_30m_786103fc88505cb7,passed
okx_30m_7882bf1e71caf0fb,passed
okx_30m_789dbf4ef8ae2368,passed
okx_30m_78c4da37ce6ca81d,passed
okx_30m_792f1a744ebb4dd6,passed
okx_30m_792fb21ecfa3d6ec,passed
okx_30m_799d05cf1adf5bce,passed
okx_30m_79b76cec805dd4cb,passed
okx_30m_7affa0e28ccb2478,passed
okx_30m_7babc8e9a4f5433b,passed
okx_30m_7be0d25a9677420f,passed
okx_30m_7e16de22d6bdd9aa,passed
okx_30m_7eef8cdcaa6c9743,passed
okx_30m_7ffae3949d38e9c5,passed
okx_30m_802944824452d420,passed
okx_30m_8119c58a5be5dbdc,passed
okx_30m_83052ea578d3ad94,passed
okx_30m_841c79428d09b0e3,passed
okx_30m_842905ef0480048c,passed
okx_30m_843d0b813938bedd,passed
okx_30m_854f4dce706c5db9,passed
okx_30m_8650fdbee0f8944a,passed
okx_30m_86fb9c79521f9b44,passed
okx_30m_8786a3465a511e22,passed
okx_30m_87cd3ceb632a17b6,passed
okx_30m_888613c834347383,passed
okx_30m_89e463e03ace88a9,passed
okx_30m_8a1d9d53fcb5fc29,passed
okx_30m_8a6708dab71d810b,passed
okx_30m_8a89fc9a93209316,passed
okx_30m_8c107afe5adb1cfd,passed
okx_30m_8df6f16713b06f92,passed
okx_30m_8e1358d0de1b8828,passed
okx_30m_8e37f0bf44dd301b,passed
okx_30m_8f5de07d2fb741e3,passed
okx_30m_90df97e21358365c,passed
okx_30m_90f7d75b93f570d3,passed
okx_30m_91c3ac7dc0e3ebe2,passed
okx_30m_91cf2f1b1a275efe,passed
okx_30m_93accdb21e0ddbff,passed
okx_30m_93e172334677fbbe,passed
okx_30m_94323d07766170b2,passed
okx_30m_96304856eaaa5478,passed
okx_30m_96369410f1d0a0f0,passed
okx_30m_9657245aafa1457a,passed
okx_30m_96b9ec3c08cd01d5,passed
okx_30m_97645c85a122307a,passed
okx_30m_97b90b98bd1e8fef,passed
okx_30m_9841b627701cc2b1,passed
okx_30m_98b4dcc2c6307f8e,passed
okx_30m_990a2226f2bbca1a,passed
okx_30m_99386be175e1471e,passed
okx_30m_999a3b70b98231da,passed
okx_30m_99b638d26d39007d,passed
okx_30m_9a4062e0c2f65ac9,passed
okx_30m_9a579cc9b39ad17b,passed
okx_30m_9aaadf098b73ba92,passed
okx_30m_9b15a1f98c93943f,passed
okx_30m_9b61a0b2d4c7f8d0,passed
okx_30m_9cf7039c8155aba7,passed
okx_30m_9d3385885846eb1b,passed
okx_30m_9ec498dd1102ca76,passed
okx_30m_9f15058a5e187875,passed
okx_30m_9f364426518ee85f,passed
okx_30m_9fe5fca22fb38f06,passed
okx_30m_a0e2786a46a4a7e8,passed
okx_30m_a22dd0d9e0d39f22,passed
okx_30m_a3b1b1d0d6b7ce70,passed
okx_30m_a49687420cf397bd,passed
okx_30m_a6d614d718bd906c,passed
okx_30m_a71c696ecefe4432,passed
okx_30m_a771e5a932b0b4c6,passed
okx_30m_a77279f286122c1c,passed
okx_30m_a7f3e46da4c2fd7d,passed
okx_30m_a8116d12607ab26e,passed
okx_30m_a83f744c4edc6d2a,passed
okx_30m_a95052f6b02f36ce,passed
okx_30m_a95298b7c52a9cfa,passed
okx_30m_a9fd32ed83b67b42,passed
okx_30m_ab71154b25818b60,passed
okx_30m_ac881a8651d7274c,passed
okx_30m_acfde50ae21a82ed,passed
okx_30m_ad1a23033f707a35,passed
okx_30m_ad2c54d0d1649939,passed
okx_30m_ad52af7d34d1ef40,passed
okx_30m_ad5526c6d4b5d4fe,passed
okx_30m_ad5e885f122768f2,passed
okx_30m_ae3cfd2c411cbaf6,passed
okx_30m_af45c30b14385a3c,passed
okx_30m_af7939d7e46f2509,passed
okx_30m_b14b331295874bcb,passed
okx_30m_b206181748fea540,passed
okx_30m_b248c613018f2afe,passed
okx_30m_b270531f989066a7,passed
okx_30m_b35bc57e9deeef65,passed
okx_30m_b3bedcff4f4543d9,passed
okx_30m_b43c2811a321fc10,passed
okx_30m_b54d6eb966bf22d3,passed
okx_30m_b622abe0037d8c74,passed
okx_30m_b6853f72cffe0eb3,passed
okx_30m_b6a8b38cce0c938b,passed
okx_30m_b6c27bb3e8befbae,passed
okx_30m_b6d084933904b5a1,passed
okx_30m_b75aca0ac068ce79,passed
okx_30m_b82bed881b2fbce6,passed
okx_30m_b8c9330095d1f0d3,passed
okx_30m_b9d707a9a5f16f69,passed
okx_30m_ba9c2509a04ebdc1,passed
okx_30m_bab7539b5989a6e8,passed
okx_30m_baf7056bacd1af40,passed
okx_30m_bb9a7078944d84ef,passed
okx_30m_bbc503657b1fafcc,passed
okx_30m_bbd6bf0aec893b2a,passed
okx_30m_bd1d24b8c405e66b,passed
okx_30m_bdc19ec2dadc40a5,passed
okx_30m_bde38bc7c0acae6a,passed
okx_30m_be35c0a993c81523,passed
okx_30m_be63f930720ac4f4,passed
okx_30m_bfbcc73370eade0e,passed
okx_30m_c04d9b7e777c264c,passed
okx_30m_c203d4e6a3ba2118,passed
okx_30m_c232d9c560250eb1,passed
okx_30m_c27a07212862c162,passed
okx_30m_c2eff0c097ad7763,passed
okx_30m_c31ac5a496503d7d,passed
okx_30m_c3fdb836f2e7a9ed,passed
okx_30m_c4414980e6cfe0bf,passed
okx_30m_c49c8712e3e6c5b4,passed
okx_30m_c5032bcf7e7698b3,passed
okx_30m_c5087460f54c1a85,passed
okx_30m_c5a36f260583d03d,passed
okx_30m_c64fd3ceede8274d,passed
okx_30m_c6ae034ae3427cc7,passed
okx_30m_c86fa0167606045d,passed
okx_30m_c94b97ef617f694f,passed
okx_30m_c9c56c8cf5f04644,passed
okx_30m_ca4a69c8e51b080f,passed
okx_30m_cabc3ace011ddbb3,passed
okx_30m_cae456a123c59f07,passed
okx_30m_cb810638936b5f08,passed
okx_30m_cb997b3f8e934cac,passed
okx_30m_cba4d09aea109473,passed
okx_30m_cbe64365c1684a8d,passed
okx_30m_ccdc1fd2333c8583,passed
okx_30m_cd9db1ccbdf09037,passed
okx_30m_cef578456eea6108,passed
okx_30m_cf0a73f33765ca1b,passed
okx_30m_cf23c79f559466c9,passed
okx_30m_d00ce53785a8265c,passed
okx_30m_d204be1c46896327,passed
okx_30m_d23ebf9d0d99045f,passed
okx_30m_d24123b26e31157f,passed
okx_30m_d27afaef6a0e0767,passed
okx_30m_d3716b47fc1527bb,passed
okx_30m_d3c546eae1339630,passed
okx_30m_d409ff597cc8f4ba,passed
okx_30m_d4a67e41729615a4,passed
okx_30m_d4b147423b640146,passed
okx_30m_d6521bf1de24a04e,passed
okx_30m_d674e7415d9b29c0,passed
okx_30m_d83295e7a5da0729,passed
okx_30m_d84ff50bd1e057ac,passed
okx_30m_d91740cd3aff85bc,passed
okx_30m_dabdbf91b314a994,passed
okx_30m_db8345d6749ca27c,passed
okx_30m_dbbd7328179e4668,passed
okx_30m_dc214572cf9846a2,passed
okx_30m_dc2994fc31e5bcc1,passed
okx_30m_dd47c34eb9873d9a,passed
okx_30m_dd81147f269ca919,passed
okx_30m_de1c1c516b60945e,passed
okx_30m_de5777d45d5a8d92,passed
okx_30m_de8a234b3936bcfb,passed
okx_30m_def3f9ec9b877e7f,passed
okx_30m_e0452118d4841a4e,passed
okx_30m_e1d099fed28fd959,passed
okx_30m_e1ff7ab6ec54da7c,passed
okx_30m_e2d8f0a215536bde,passed
okx_30m_e2ede2e9ae76c2e4,passed
okx_30m_e3cf4fe75da6815d,passed
okx_30m_e44185d013760660,passed
okx_30m_e4bfdd4fb3c35ca9,passed
okx_30m_e5128d4b4d03746d,passed
okx_30m_e69528edc16b80c1,passed
okx_30m_e72d6c739fd14b79,passed
okx_30m_e83f68940d7d0d0f,passed
okx_30m_e949ed5de8c665f2,passed
okx_30m_e9f3187f8a3d234e,passed
okx_30m_eb043fa13078222c,passed
okx_30m_eb8a94ae5a1c1cf4,passed
okx_30m_eb8c0ec85e91866e,passed
okx_30m_ed7b0a1eec2ce940,passed
okx_30m_ed8fa81d6c4f5dc8,passed
okx_30m_edc67100a2c22197,passed
okx_30m_ee09b88f3dd04a6e,passed
okx_30m_ee679658302b506d,passed
okx_30m_ee8bb255209efe90,passed
okx_30m_ef447956e265ea10,passed
okx_30m_ef9600b3213ba6ca,passed
okx_30m_f03a04dcc0ad804f,passed
okx_30m_f056f454bef0a2bb,passed
okx_30m_f0b5db4ac7e7850c,passed
okx_30m_f0dfce3a84e9ab5d,passed
okx_30m_f1d02ffaca0ce80d,passed
okx_30m_f3324236456b07c0,passed
okx_30m_f384a8ac1c57808c,passed
okx_30m_f3f5ba59154b5eec,passed
okx_30m_f478659029fb89bf,passed
okx_30m_f4b2f11cd298c8b6,passed
okx_30m_f4f23059a43906f2,passed
okx_30m_f4f97887d5aa8674,passed
okx_30m_f67181055e4156aa,passed
okx_30m_f7369322d78095f7,passed
okx_30m_f81db8582a56ce70,passed
okx_30m_f82888a0d82bc7f7,passed
okx_30m_f82e9d723efcf451,passed
okx_30m_f898c9a2492d3130,passed
okx_30m_fa0dae77eabe25cf,passed
okx_30m_fa89112f9e989ee7,passed
okx_30m_faf3d241b5c80650,passed
okx_30m_fbc0b4675acaab45,passed
okx_30m_fc9c9afa5b90bfe1,passed
okx_30m_fcc8e422421288c5,passed
okx_30m_fd0c84b366925954,passed
okx_30m_fd4e41acdb739387,passed
okx_30m_fe6909d788eaf218,passed
okx_30m_fec1879a86749116,passed
okx_30m_ff2ff72fa53a51b2,passed
okx_60m_000642ae48980ef1,passed
okx_60m_01524a02d8d29c99,passed
okx_60m_01af635dcfb9365c,passed
okx_60m_01fb8c066b3ad4c4,passed
okx_60m_023006eea1ba2496,passed
okx_60m_0346f1e505e64eba,passed
okx_60m_03f07beccf0bc610,passed
okx_60m_041884e18a51ac84,passed
okx_60m_04cb7f155e121f48,passed
okx_60m_06a0cc752ba46a09,passed
okx_60m_06f363665a9c64cc,passed
okx_60m_071d5bd56ef7a57d,passed
okx_60m_075668edd59a371f,passed
okx_60m_0855d660db692a8c,passed
okx_60m_08b15459364a7720,passed
okx_60m_08da88558134f607,passed
okx_60m_08fe4d56675bdf95,passed
okx_60m_0903ac44e519cb1a,passed
okx_60m_0954571dd0be4b0a,passed
okx_60m_097110b72f0d910b,passed
okx_60m_0a61e5ed59041ca4,passed
okx_60m_0ac8b7f38a9cb888,passed
okx_60m_0acf4bc1c9a37a1a,passed
okx_60m_0c2a7a4e65e1bf5e,passed
okx_60m_0c32829dba784a40,passed
okx_60m_0c32a966d70108e0,passed
okx_60m_0c5cde05dccd31b3,passed
okx_60m_0c703f0b7cd31b03,passed
okx_60m_0cb631a5dab10a7b,passed
okx_60m_0cedb391a91b4681,passed
okx_60m_0d3ff31773352b06,passed
okx_60m_0d52d69af300c789,passed
okx_60m_0e2602e71f32484e,passed
okx_60m_0e294b095604af43,passed
okx_60m_0efdb406f87c74a2,passed
okx_60m_0f4eb7aad498ab08,passed
okx_60m_0f92e7f7b88fb595,passed
okx_60m_1010c9692ab2dc0b,passed
okx_60m_11b4b76c9adfe5ea,passed
okx_60m_11ebfbd6921b7436,passed
okx_60m_1257051cb1a1fd53,passed
okx_60m_1675ca678b5c789c,passed
okx_60m_16a02df569862156,passed
okx_60m_16ef05611c50fbaf,passed
okx_60m_171e783d77b4298f,passed
okx_60m_17fb31aa446a34cc,passed
okx_60m_18a1104594cd184a,passed
okx_60m_1a926130ee7045eb,passed
okx_60m_1c60c55c6dab5fbb,passed
okx_60m_1c8183b1f613cd44,passed
okx_60m_1cd3da9de206894a,passed
okx_60m_1cfec2657921002b,passed
okx_60m_1d03d667c4e430b0,passed
okx_60m_1d9f74bf9a63af3c,passed
okx_60m_1f18100d2a4e3c50,passed
okx_60m_20f8768188a22bc5,passed
okx_60m_21162989b3366200,passed
okx_60m_21dc7cf7a6aeac33,passed
okx_60m_2208aff5e5c78eac,passed
okx_60m_22a95d3e92140e7d,passed
okx_60m_236651676f3e71ee,passed
okx_60m_24ec226acc3cbac3,passed
okx_60m_2682cb31561617f9,passed
okx_60m_270245076886322f,passed
okx_60m_273ce7eb0495c34c,passed
okx_60m_275ea9544a15b15b,passed
okx_60m_2943208777d81c47,passed
okx_60m_29b830326cdd8211,passed
okx_60m_29c039ae778d5c8c,passed
okx_60m_29c3805c7ca53ac4,passed
okx_60m_2a093e31c0d6880b,passed
okx_60m_2ac5de34c8899ded,passed
okx_60m_2bff4fce40483e5e,passed
okx_60m_2c09760987b6bb83,passed
okx_60m_2cd7dea773fb1e5f,passed
okx_60m_2d34aeb22a0e28a5,passed
okx_60m_2d5d7d48c0995cb9,passed
okx_60m_2e55ebc25d3b52bf,passed
okx_60m_2e8184cf57e17ea7,passed
okx_60m_2ee735c494896d59,passed
okx_60m_2f98e2e4d8b7ed5d,passed
okx_60m_2fccb7abd12c7cec,passed
okx_60m_304b56718e05fdf9,passed
okx_60m_31b9c256ca83e60f,passed
okx_60m_3249e17ab7c140df,passed
okx_60m_335bf48976a046fd,passed
okx_60m_3376398999337689,passed
okx_60m_33f6480379a8ff31,passed
okx_60m_356e0e593a17b6dc,passed
okx_60m_36c92793888e5ae7,passed
okx_60m_37306902cc8c4ef7,passed
okx_60m_374e41f962c22cac,passed
okx_60m_37a6208d3c0e7657,passed
okx_60m_3846093e4b3c911c,passed
okx_60m_38aa1f666ab07aea,passed
okx_60m_3b179eca981ff845,passed
okx_60m_3b32408909da317b,passed
okx_60m_3b9cfa3701f11a26,passed
okx_60m_3bc4662c5a0c30b2,passed
okx_60m_3bdeb363a81100a7,passed
okx_60m_3cb303705fef10e6,passed
okx_60m_3d24ec8efd03f511,passed
okx_60m_3eac6a5f1675cc3a,passed
okx_60m_3f359cde13f39d7e,passed
okx_60m_3f467cdf3951912a,passed
okx_60m_428b14102a9d4f21,passed
okx_60m_438e8fce3f37f480,passed
okx_60m_439087b74e30df84,passed
okx_60m_4485ff966b24a6da,passed
okx_60m_44952f35d97d6d08,passed
okx_60m_4507aea2d4074dfe,passed
okx_60m_4677bf4e40d54ed3,passed
okx_60m_467e92358c85ab8a,passed
okx_60m_47545b368152a390,passed
okx_60m_47b7357cc6ab7d9d,passed
okx_60m_47cf0c456be677bf,passed
okx_60m_4863b59a4efabb19,passed
okx_60m_48c9040ef1b764c2,passed
okx_60m_4910bffa220c473d,passed
okx_60m_4958fc163d02b374,passed
okx_60m_4a3004df4ad10e18,passed
okx_60m_4a60800465ba78e5,passed
okx_60m_4a63eaacb6d7b0c2,passed
okx_60m_4b6e01529c824eae,passed
okx_60m_4b72106464f6e17c,passed
okx_60m_4b8325abb973b889,passed
okx_60m_4b95c6f10fe2fa99,passed
okx_60m_4c1b550fc383b74f,passed
okx_60m_4c63a15be0d292e6,passed
okx_60m_4cc44e1e76d8c2b1,passed
okx_60m_4da9aca1d60ef3b5,passed
okx_60m_4db2667fd0ea384d,passed
okx_60m_4e524063f1583250,passed
okx_60m_50d1049adff46e1d,passed
okx_60m_51f269510bfd175e,passed
okx_60m_51ff6f0d21bcf862,passed
okx_60m_55e2b372cbad79f9,passed
okx_60m_564e8dda20bff8dc,passed
okx_60m_56c2e62157ec0595,passed
okx_60m_574686c806208dcc,passed
okx_60m_582f84b0181f47ca,passed
okx_60m_5848532d538aa67b,passed
okx_60m_596f19b0ba9aeb85,passed
okx_60m_59cb75a185b92ce4,passed
okx_60m_5cc756d16573c8c9,passed
okx_60m_5dd5b519a1a30fd6,passed
okx_60m_5e52d56927fa26ac,passed
okx_60m_5ee33a862b3c3ab2,passed
okx_60m_5f3e675706a0abdb,passed
okx_60m_6082934bd998af0c,passed
okx_60m_608fd3cad39ddc73,passed
okx_60m_60bd97024d20917a,passed
okx_60m_60ea2ddec833f367,passed
okx_60m_614764c9001b12d1,passed
okx_60m_615fe3070a98b95b,passed
okx_60m_61e26dc44c985916,passed
okx_60m_61ed712f75b91193,passed
okx_60m_621da5cd4b8a0fa4,passed
okx_60m_626a0b03db5888d8,passed
okx_60m_62fc1973ec8f027e,passed
okx_60m_63719976df183eb1,passed
okx_60m_637750923419e70c,passed
okx_60m_643a628cc2f44583,passed
okx_60m_6503aa7bce1c528d,passed
okx_60m_6582accd2230b386,passed
okx_60m_65fae3def53fb798,passed
okx_60m_66572beb0c61d201,passed
okx_60m_6694eff8d3486b5b,passed
okx_60m_67051a9d8c3c773f,passed
okx_60m_6788d87368443f68,passed
okx_60m_67fd44e526e1d40f,passed
okx_60m_687e3efeccecf202,passed
okx_60m_6989c94261f4f4c7,passed
okx_60m_6a291b0ebfd052d8,passed
okx_60m_6aacb611dab1a4ee,passed
okx_60m_6ab5070e1b28c849,passed
okx_60m_6b2e012cb85f4ac7,passed
okx_60m_6c69ddf0201f6e41,passed
okx_60m_6c7c5973d4946820,passed
okx_60m_6cc84c119e0fa267,passed
okx_60m_6e5043f01f558f7e,passed
okx_60m_6f0b4afb6d85cc3c,passed
okx_60m_6f65fc5ffe21615d,passed
okx_60m_6f702e7d9a63598f,passed
okx_60m_6f95455aab9d1f6c,passed
okx_60m_6fa093123f303162,passed
okx_60m_6fab7183a90e48ea,passed
okx_60m_70020ef2c32e332f,passed
okx_60m_72410ba518aac6b3,passed
okx_60m_7296fde746471ec1,passed
okx_60m_73441327fe4bc0d3,passed
okx_60m_736da29444b251b7,passed
okx_60m_73c21c12da9572a6,passed
okx_60m_741bfe0bb012d875,passed
okx_60m_7478e5778b857999,passed
okx_60m_74c3c38007d5f995,passed
okx_60m_74f1046945e7ce2f,passed
okx_60m_7544a232efae0966,passed
okx_60m_75c2f841845f49b6,passed
okx_60m_7648ef1e3d55915e,passed
okx_60m_77dd851ab5e90b7c,passed
okx_60m_7825d1612e41939e,passed
okx_60m_785125803dd90064,passed
okx_60m_7863509dfba72b84,passed
okx_60m_78c7680fa2c75d77,passed
okx_60m_790a8ca08e0a9c9e,passed
okx_60m_791b21436543f204,passed
okx_60m_7a7c5dafdde750b4,passed
okx_60m_7b9a995eb25e5067,passed
okx_60m_7cf4434d3815c6e1,passed
okx_60m_7d530ab8893151cd,passed
okx_60m_7e9f881eba6474cc,passed
okx_60m_7fdf733a873df74c,passed
okx_60m_8177533906350153,passed
okx_60m_81e2a65508f83e56,passed
okx_60m_8248d272437179f5,passed
okx_60m_835b3714291b965d,passed
okx_60m_839e29b207a43bad,passed
okx_60m_83c2412cf7063a57,passed
okx_60m_83fe98719f70a5a9,passed
okx_60m_843ddce10a74fb07,passed
okx_60m_84c96a1601925e8f,passed
okx_60m_8684b6c34efbd7de,passed
okx_60m_8732a6f2b2895051,passed
okx_60m_884fe13db44ff48f,passed
okx_60m_88fead94d51e431e,passed
okx_60m_897ab1a83b6d42cc,passed
okx_60m_89f5910416918262,passed
okx_60m_8a245f1404707f25,passed
okx_60m_8c427615c549a468,passed
okx_60m_8c4bd38c0ed146cb,passed
okx_60m_8ca26e0719cd7a5a,passed
okx_60m_8da2172a1a2f8fea,passed
okx_60m_8e031b7de65eeb29,passed
okx_60m_8e3ebfe1a93411c2,passed
okx_60m_8e7858f30efe6f30,passed
okx_60m_8ff7ef8b5efb46be,passed
okx_60m_90fa79e1738c08d2,passed
okx_60m_91187dc75c2926c5,passed
okx_60m_91c05640a1ca408f,passed
okx_60m_9260d2bb99b62fee,passed
okx_60m_9278857bfc144786,passed
okx_60m_92bbf33529e754c8,passed
okx_60m_93114f45931840f0,passed
okx_60m_9329f1cafd645d44,passed
okx_60m_937df1d3ce816f82,passed
okx_60m_94698f05c4a0f32a,passed
okx_60m_94d184e11c6509b0,passed
okx_60m_969c41e1d444b246,passed
okx_60m_98302e05df5037a2,passed
okx_60m_986f1f2acfba79aa,passed
okx_60m_99d6e0be0c3f604d,passed
okx_60m_9acdf85665d4bbcb,passed
okx_60m_9b7a6e12ff73d7c3,passed
okx_60m_9bbfbd51a907d3c5,passed
okx_60m_9bdfdee7b2fa7769,passed
okx_60m_9c35b147d7245022,passed
okx_60m_9c4100cd5d5232e5,passed
okx_60m_9c8d51b729a15ff4,passed
okx_60m_9d211046298f2f12,passed
okx_60m_9d300d371c976a32,passed
okx_60m_9d4af69b2fafe769,passed
okx_60m_9dd20b3d05333151,passed
okx_60m_9dfd553673598999,passed
okx_60m_a0fda779e353495b,passed
okx_60m_a104c097ec6364b1,passed
okx_60m_a17bdba89ec4e801,passed
okx_60m_a1805a182a4545c4,passed
okx_60m_a18f2f8c057af2ea,passed
okx_60m_a1f171ec0bc88e3a,passed
okx_60m_a255a428180056e3,passed
okx_60m_a25e7645d847c3df,passed
okx_60m_a2a43f0145f65d65,passed
okx_60m_a30965b36b85ce01,passed
okx_60m_a34f81c0e83ca128,passed
okx_60m_a5013dad2d60ec47,passed
okx_60m_a583541e3c535e0e,passed
okx_60m_a617b78136b1b8ea,passed
okx_60m_a63f4edc0116e68f,passed
okx_60m_a64c12be32ebfd22,passed
okx_60m_a67f715d4a19c923,passed
okx_60m_a7bcc72f2f66f9e0,passed
okx_60m_a943b5407bdfc271,passed
okx_60m_ab11b41e664d131d,passed
okx_60m_abcb24d389ee3304,passed
okx_60m_acc0924b4fd7112d,passed
okx_60m_acf8e5e8bbb23302,passed
okx_60m_ad82d85e59ca3702,passed
okx_60m_ad9a184dad5fcae8,passed
okx_60m_aecfedb24fcdecdb,passed
okx_60m_af762123c89064fc,passed
okx_60m_afc749e8fc1b8542,passed
okx_60m_b065d4fec99699fd,passed
okx_60m_b094557e9614cf59,passed
okx_60m_b0c24cdb6750f01c,passed
okx_60m_b121c60bd9023374,passed
okx_60m_b12515edb8d9a557,passed
okx_60m_b1dfd1170edfdb25,passed
okx_60m_b29a1cd7a6578cf7,passed
okx_60m_b2cc2523a1096b1d,passed
okx_60m_b2cf36fdb684455c,passed
okx_60m_b2fe9c4ca1c3327a,passed
okx_60m_b42923b5dcf87a87,passed
okx_60m_b44ed01000946749,passed
okx_60m_b52a319a42fc94a8,passed
okx_60m_b5ac4ae972427a07,passed
okx_60m_b8c4b2f944685a21,passed
okx_60m_b8ed672094909b35,passed
okx_60m_ba3d89984cbd92b0,passed
okx_60m_bc0dcacc5fb240bd,passed
okx_60m_bc44de17baf273f4,passed
okx_60m_bc674d22c8f45cbe,passed
okx_60m_bc90cb214caf3c91,passed
okx_60m_bcc9a3871228c5c5,passed
okx_60m_bd029a958ada3f55,passed
okx_60m_bd377ffac0a5c2a8,passed
okx_60m_bda9681fcf40bb93,passed
okx_60m_bdd72e7547d3a367,passed
okx_60m_be3ce286d2b88269,passed
okx_60m_bf1ed1c2c92fab59,passed
okx_60m_bfc86a0a13c90952,passed
okx_60m_c0331cf651301ec7,passed
okx_60m_c08bf579add21c9d,passed
okx_60m_c0cb1158e2efebcb,passed
okx_60m_c0f5616ed3850176,passed
okx_60m_c105449809209e07,passed
okx_60m_c27a242d7533ab7e,passed
okx_60m_c331a67e06243a78,passed
okx_60m_c3d3c75ada5f0e37,passed
okx_60m_c5be2046145d66e5,passed
okx_60m_c5d908be7c51458c,passed
okx_60m_c617c9d97faf98cb,passed
okx_60m_c61b4c82a9c56663,passed
okx_60m_c63896bfba200aae,passed
okx_60m_c66cb4904061c5fa,passed
okx_60m_c6a60c2d43b7cd3d,passed
okx_60m_c766ecb0342a1191,passed
okx_60m_c8d54bca7061e98d,passed
okx_60m_c8e71986746886f3,passed
okx_60m_c8ef1caef4b2c2c7,passed
okx_60m_c9167b9164d6bf69,passed
okx_60m_cbd56e44ade52d22,passed
okx_60m_ce305f69cbc8e4a1,passed
okx_60m_ceb1239905156bd6,passed
okx_60m_cedbbc8ab93889eb,passed
okx_60m_cfe44140ff140fc8,passed
okx_60m_d02175e4ceb19842,passed
okx_60m_d09c270f12ea0b29,passed
okx_60m_d11a5d9e1819e4f3,passed
okx_60m_d2d51486924a6d69,passed
okx_60m_d2e2fa3cb999b0f0,passed
okx_60m_d318532fb10333ab,passed
okx_60m_d34996fa45519564,passed
okx_60m_d35ed0078211bc8d,passed
okx_60m_d4646c2353aecaf9,passed
okx_60m_d467e407b3217091,passed
okx_60m_d567226c051c9c20,passed
okx_60m_d6038253e880d32b,passed
okx_60m_d81326911f24686b,passed
okx_60m_d8f47e1ee182d373,passed
okx_60m_da4f4d39f646170a,passed
okx_60m_da62911775ef644b,passed
okx_60m_dadec96291bdf45e,passed
okx_60m_dbdc9edfe0770939,passed
okx_60m_dd0e9e6fd623350e,passed
okx_60m_dd3b97bf904487d0,passed
okx_60m_dd83b6b62ddbb20f,passed
okx_60m_dd905c254d41b3fa,passed
okx_60m_e076eb0b102e7b85,passed
okx_60m_e11644d323fd53bc,passed
okx_60m_e163671356334fc7,passed
okx_60m_e1ceaa1f89fa9d3d,passed
okx_60m_e20759071e247c1b,passed
okx_60m_e3412bd85c81fab7,passed
okx_60m_e48539eb2c9dc7a4,passed
okx_60m_e491e89ff19e7da0,passed
okx_60m_e5b115d525f61e17,passed
okx_60m_e5b5e92d34946ecc,passed
okx_60m_e6656a4c2847b343,passed
okx_60m_e68383434a19d4f4,passed
okx_60m_e7fa7a06a3030c5a,passed
okx_60m_e855474f452a1288,passed
okx_60m_eb35a3d3bcb5f2d3,passed
okx_60m_ebcdbbff2e7aadc0,passed
okx_60m_ec3de483cab62f4c,passed
okx_60m_ed1974a303589499,passed
okx_60m_ed7f004f3d960b6d,passed
okx_60m_ed8aa5c46e99ac6f,passed
okx_60m_eda4b7e7516bbd8d,passed
okx_60m_ee3578829ad3e5d2,passed
okx_60m_ee6054c0f6f4a09a,passed
okx_60m_ee9d68a99c811dd2,passed
okx_60m_eeadcefbd7146adb,passed
okx_60m_eeb82ab1dcf3ccc4,passed
okx_60m_ef5d82545ad4245b,passed
okx_60m_eff2df60044e2242,passed
okx_60m_f05936acb4017cd1,passed
okx_60m_f0f00b21fdab4d88,passed
okx_60m_f1497d93e3a4ceb1,passed
okx_60m_f21ad07b4573128f,passed
okx_60m_f2ad56704201dac3,passed
okx_60m_f2bf8296bf17ce6c,passed
okx_60m_f35c5136b779e452,passed
okx_60m_f3c50b7b52cbeab7,passed
okx_60m_f3dece065fbf0a68,passed
okx_60m_f41b11bb06461dd3,passed
okx_60m_f5361933366e55a3,passed
okx_60m_f5d3fb3b4516dded,passed
okx_60m_f5ebb58d328c213c,passed
okx_60m_f5fce5c25c766132,passed
okx_60m_f655503f36199932,passed
okx_60m_f6c31c1689152e34,passed
okx_60m_f7a23b5ba41095e0,passed
okx_60m_f7abd988043c0a2f,passed
okx_60m_f7c5d122826b9c13,passed
okx_60m_f811423d63d1f5c5,passed
okx_60m_f84aa219a772bb34,passed
okx_60m_f8b1af9c52db86b0,passed
okx_60m_f8f8756fb06de9ab,passed
okx_60m_f958445c76605012,passed
okx_60m_f95efcf67597a037,passed
okx_60m_fa092315df4c3c6a,passed
okx_60m_fabf0cf9a6a86a48,passed
okx_60m_fac8d26e8e28dca2,passed
okx_60m_fbd03c946b120a51,passed
okx_60m_fc8283cdf1efa5cc,passed
okx_60m_fd111f29a36aca0e,passed
okx_60m_fdb6ca9807df11e4,passed
okx_60m_fe698cf7959625dd,passed
okx_60m_ff5dcd281c8cb6d9,passed
okx_60m_ff7377978d55c5ff,passed
okx_60m_ff82d6b9eb7012ca,passed
okx_60m_ff87af2157eb2c98,passed
