/Users/zhangzc/fable-trading/yoyo/evaluation/spike_high_r_risk_study.py:182: FutureWarning: The behavior of DataFrame concatenation with empty or all-NA entries is deprecated. In a future version, this will no longer exclude empty or all-NA columns when determining the result dtypes. To retain the old behavior, exclude the relevant entries before the concat operation.
  "controls": pd.concat([oldc, newc], ignore_index=True),
{"done": 1, "target": 3531, "failures": 0, "seconds": 0.4}
/Users/zhangzc/fable-trading/yoyo/evaluation/spike_high_r_risk_study.py:182: FutureWarning: The behavior of DataFrame concatenation with empty or all-NA entries is deprecated. In a future version, this will no longer exclude empty or all-NA columns when determining the result dtypes. To retain the old behavior, exclude the relevant entries before the concat operation.
  "controls": pd.concat([oldc, newc], ignore_index=True),
/Users/zhangzc/fable-trading/yoyo/evaluation/spike_high_r_risk_study.py:182: FutureWarning: The behavior of DataFrame concatenation with empty or all-NA entries is deprecated. In a future version, this will no longer exclude empty or all-NA columns when determining the result dtypes. To retain the old behavior, exclude the relevant entries before the concat operation.
  "controls": pd.concat([oldc, newc], ignore_index=True),
/Users/zhangzc/fable-trading/yoyo/evaluation/spike_high_r_risk_study.py:182: FutureWarning: The behavior of DataFrame concatenation with empty or all-NA entries is deprecated. In a future version, this will no longer exclude empty or all-NA columns when determining the result dtypes. To retain the old behavior, exclude the relevant entries before the concat operation.
  "controls": pd.concat([oldc, newc], ignore_index=True),
/Users/zhangzc/fable-trading/yoyo/evaluation/spike_high_r_risk_study.py:182: FutureWarning: The behavior of DataFrame concatenation with empty or all-NA entries is deprecated. In a future version, this will no longer exclude empty or all-NA columns when determining the result dtypes. To retain the old behavior, exclude the relevant entries before the concat operation.
  "controls": pd.concat([oldc, newc], ignore_index=True),
/Users/zhangzc/fable-trading/yoyo/evaluation/spike_high_r_risk_study.py:182: FutureWarning: The behavior of DataFrame concatenation with empty or all-NA entries is deprecated. In a future version, this will no longer exclude empty or all-NA columns when determining the result dtypes. To retain the old behavior, exclude the relevant entries before the concat operation.
  "controls": pd.concat([oldc, newc], ignore_index=True),
/Users/zhangzc/fable-trading/yoyo/evaluation/spike_high_r_risk_study.py:182: FutureWarning: The behavior of DataFrame concatenation with empty or all-NA entries is deprecated. In a future version, this will no longer exclude empty or all-NA columns when determining the result dtypes. To retain the old behavior, exclude the relevant entries before the concat operation.
  "controls": pd.concat([oldc, newc], ignore_index=True),
/Users/zhangzc/fable-trading/yoyo/evaluation/spike_high_r_risk_study.py:182: FutureWarning: The behavior of DataFrame concatenation with empty or all-NA entries is deprecated. In a future version, this will no longer exclude empty or all-NA columns when determining the result dtypes. To retain the old behavior, exclude the relevant entries before the concat operation.
  "controls": pd.concat([oldc, newc], ignore_index=True),
/Users/zhangzc/fable-trading/yoyo/evaluation/spike_high_r_risk_study.py:182: FutureWarning: The behavior of DataFrame concatenation with empty or all-NA entries is deprecated. In a future version, this will no longer exclude empty or all-NA columns when determining the result dtypes. To retain the old behavior, exclude the relevant entries before the concat operation.
  "controls": pd.concat([oldc, newc], ignore_index=True),
/Users/zhangzc/fable-trading/yoyo/evaluation/spike_high_r_risk_study.py:182: FutureWarning: The behavior of DataFrame concatenation with empty or all-NA entries is deprecated. In a future version, this will no longer exclude empty or all-NA columns when determining the result dtypes. To retain the old behavior, exclude the relevant entries before the concat operation.
  "controls": pd.concat([oldc, newc], ignore_index=True),
/Users/zhangzc/fable-trading/yoyo/evaluation/spike_high_r_risk_study.py:182: FutureWarning: The behavior of DataFrame concatenation with empty or all-NA entries is deprecated. In a future version, this will no longer exclude empty or all-NA columns when determining the result dtypes. To retain the old behavior, exclude the relevant entries before the concat operation.
  "controls": pd.concat([oldc, newc], ignore_index=True),
/Users/zhangzc/fable-trading/yoyo/evaluation/spike_high_r_risk_study.py:181: FutureWarning: The behavior of DataFrame concatenation with empty or all-NA entries is deprecated. In a future version, this will no longer exclude empty or all-NA columns when determining the result dtypes. To retain the old behavior, exclude the relevant entries before the concat operation.
  tables = {"trades": pd.concat([baseline, treatment], ignore_index=True),
/Users/zhangzc/fable-trading/yoyo/evaluation/spike_high_r_risk_study.py:182: FutureWarning: The behavior of DataFrame concatenation with empty or all-NA entries is deprecated. In a future version, this will no longer exclude empty or all-NA columns when determining the result dtypes. To retain the old behavior, exclude the relevant entries before the concat operation.
  "controls": pd.concat([oldc, newc], ignore_index=True),
/Users/zhangzc/fable-trading/yoyo/evaluation/spike_high_r_risk_study.py:183: FutureWarning: The behavior of DataFrame concatenation with empty or all-NA entries is deprecated. In a future version, this will no longer exclude empty or all-NA columns when determining the result dtypes. To retain the old behavior, exclude the relevant entries before the concat operation.
  "fills": pd.concat([tag(bf, "baseline"), tag(tf, "high_r_entry_v21")], ignore_index=True),
/Users/zhangzc/fable-trading/yoyo/evaluation/spike_high_r_risk_study.py:182: FutureWarning: The behavior of DataFrame concatenation with empty or all-NA entries is deprecated. In a future version, this will no longer exclude empty or all-NA columns when determining the result dtypes. To retain the old behavior, exclude the relevant entries before the concat operation.
  "controls": pd.concat([oldc, newc], ignore_index=True),
/Users/zhangzc/fable-trading/yoyo/evaluation/spike_high_r_risk_study.py:182: FutureWarning: The behavior of DataFrame concatenation with empty or all-NA entries is deprecated. In a future version, this will no longer exclude empty or all-NA columns when determining the result dtypes. To retain the old behavior, exclude the relevant entries before the concat operation.
  "controls": pd.concat([oldc, newc], ignore_index=True),
/Users/zhangzc/fable-trading/yoyo/evaluation/spike_high_r_risk_study.py:182: FutureWarning: The behavior of DataFrame concatenation with empty or all-NA entries is deprecated. In a future version, this will no longer exclude empty or all-NA columns when determining the result dtypes. To retain the old behavior, exclude the relevant entries before the concat operation.
  "controls": pd.concat([oldc, newc], ignore_index=True),
/Users/zhangzc/fable-trading/yoyo/evaluation/spike_high_r_risk_study.py:182: FutureWarning: The behavior of DataFrame concatenation with empty or all-NA entries is deprecated. In a future version, this will no longer exclude empty or all-NA columns when determining the result dtypes. To retain the old behavior, exclude the relevant entries before the concat operation.
  "controls": pd.concat([oldc, newc], ignore_index=True),
/Users/zhangzc/fable-trading/yoyo/evaluation/spike_high_r_risk_study.py:182: FutureWarning: The behavior of DataFrame concatenation with empty or all-NA entries is deprecated. In a future version, this will no longer exclude empty or all-NA columns when determining the result dtypes. To retain the old behavior, exclude the relevant entries before the concat operation.
  "controls": pd.concat([oldc, newc], ignore_index=True),
/Users/zhangzc/fable-trading/yoyo/evaluation/spike_high_r_risk_study.py:182: FutureWarning: The behavior of DataFrame concatenation with empty or all-NA entries is deprecated. In a future version, this will no longer exclude empty or all-NA columns when determining the result dtypes. To retain the old behavior, exclude the relevant entries before the concat operation.
  "controls": pd.concat([oldc, newc], ignore_index=True),
/Users/zhangzc/fable-trading/yoyo/evaluation/spike_high_r_risk_study.py:182: FutureWarning: The behavior of DataFrame concatenation with empty or all-NA entries is deprecated. In a future version, this will no longer exclude empty or all-NA columns when determining the result dtypes. To retain the old behavior, exclude the relevant entries before the concat operation.
  "controls": pd.concat([oldc, newc], ignore_index=True),
/Users/zhangzc/fable-trading/yoyo/evaluation/spike_high_r_risk_study.py:182: FutureWarning: The behavior of DataFrame concatenation with empty or all-NA entries is deprecated. In a future version, this will no longer exclude empty or all-NA columns when determining the result dtypes. To retain the old behavior, exclude the relevant entries before the concat operation.
  "controls": pd.concat([oldc, newc], ignore_index=True),
/Users/zhangzc/fable-trading/yoyo/evaluation/spike_high_r_risk_study.py:182: FutureWarning: The behavior of DataFrame concatenation with empty or all-NA entries is deprecated. In a future version, this will no longer exclude empty or all-NA columns when determining the result dtypes. To retain the old behavior, exclude the relevant entries before the concat operation.
  "controls": pd.concat([oldc, newc], ignore_index=True),
/Users/zhangzc/fable-trading/yoyo/evaluation/spike_high_r_risk_study.py:182: FutureWarning: The behavior of DataFrame concatenation with empty or all-NA entries is deprecated. In a future version, this will no longer exclude empty or all-NA columns when determining the result dtypes. To retain the old behavior, exclude the relevant entries before the concat operation.
  "controls": pd.concat([oldc, newc], ignore_index=True),
/Users/zhangzc/fable-trading/yoyo/evaluation/spike_high_r_risk_study.py:182: FutureWarning: The behavior of DataFrame concatenation with empty or all-NA entries is deprecated. In a future version, this will no longer exclude empty or all-NA columns when determining the result dtypes. To retain the old behavior, exclude the relevant entries before the concat operation.
  "controls": pd.concat([oldc, newc], ignore_index=True),
/Users/zhangzc/fable-trading/yoyo/evaluation/spike_high_r_risk_study.py:181: FutureWarning: The behavior of DataFrame concatenation with empty or all-NA entries is deprecated. In a future version, this will no longer exclude empty or all-NA columns when determining the result dtypes. To retain the old behavior, exclude the relevant entries before the concat operation.
  tables = {"trades": pd.concat([baseline, treatment], ignore_index=True),
/Users/zhangzc/fable-trading/yoyo/evaluation/spike_high_r_risk_study.py:182: FutureWarning: The behavior of DataFrame concatenation with empty or all-NA entries is deprecated. In a future version, this will no longer exclude empty or all-NA columns when determining the result dtypes. To retain the old behavior, exclude the relevant entries before the concat operation.
  "controls": pd.concat([oldc, newc], ignore_index=True),
/Users/zhangzc/fable-trading/yoyo/evaluation/spike_high_r_risk_study.py:183: FutureWarning: The behavior of DataFrame concatenation with empty or all-NA entries is deprecated. In a future version, this will no longer exclude empty or all-NA columns when determining the result dtypes. To retain the old behavior, exclude the relevant entries before the concat operation.
  "fills": pd.concat([tag(bf, "baseline"), tag(tf, "high_r_entry_v21")], ignore_index=True),
/Users/zhangzc/fable-trading/yoyo/evaluation/spike_high_r_risk_study.py:182: FutureWarning: The behavior of DataFrame concatenation with empty or all-NA entries is deprecated. In a future version, this will no longer exclude empty or all-NA columns when determining the result dtypes. To retain the old behavior, exclude the relevant entries before the concat operation.
  "controls": pd.concat([oldc, newc], ignore_index=True),
/Users/zhangzc/fable-trading/yoyo/evaluation/spike_high_r_risk_study.py:182: FutureWarning: The behavior of DataFrame concatenation with empty or all-NA entries is deprecated. In a future version, this will no longer exclude empty or all-NA columns when determining the result dtypes. To retain the old behavior, exclude the relevant entries before the concat operation.
  "controls": pd.concat([oldc, newc], ignore_index=True),
/Users/zhangzc/fable-trading/yoyo/evaluation/spike_high_r_risk_study.py:182: FutureWarning: The behavior of DataFrame concatenation with empty or all-NA entries is deprecated. In a future version, this will no longer exclude empty or all-NA columns when determining the result dtypes. To retain the old behavior, exclude the relevant entries before the concat operation.
  "controls": pd.concat([oldc, newc], ignore_index=True),
/Users/zhangzc/fable-trading/yoyo/evaluation/spike_high_r_risk_study.py:182: FutureWarning: The behavior of DataFrame concatenation with empty or all-NA entries is deprecated. In a future version, this will no longer exclude empty or all-NA columns when determining the result dtypes. To retain the old behavior, exclude the relevant entries before the concat operation.
  "controls": pd.concat([oldc, newc], ignore_index=True),
/Users/zhangzc/fable-trading/yoyo/evaluation/spike_high_r_risk_study.py:182: FutureWarning: The behavior of DataFrame concatenation with empty or all-NA entries is deprecated. In a future version, this will no longer exclude empty or all-NA columns when determining the result dtypes. To retain the old behavior, exclude the relevant entries before the concat operation.
  "controls": pd.concat([oldc, newc], ignore_index=True),
/Users/zhangzc/fable-trading/yoyo/evaluation/spike_high_r_risk_study.py:182: FutureWarning: The behavior of DataFrame concatenation with empty or all-NA entries is deprecated. In a future version, this will no longer exclude empty or all-NA columns when determining the result dtypes. To retain the old behavior, exclude the relevant entries before the concat operation.
  "controls": pd.concat([oldc, newc], ignore_index=True),
{"done": 50, "target": 3531, "failures": 0, "seconds": 1.6}
/Users/zhangzc/fable-trading/yoyo/evaluation/spike_high_r_risk_study.py:182: FutureWarning: The behavior of DataFrame concatenation with empty or all-NA entries is deprecated. In a future version, this will no longer exclude empty or all-NA columns when determining the result dtypes. To retain the old behavior, exclude the relevant entries before the concat operation.
  "controls": pd.concat([oldc, newc], ignore_index=True),
/Users/zhangzc/fable-trading/yoyo/evaluation/spike_high_r_risk_study.py:182: FutureWarning: The behavior of DataFrame concatenation with empty or all-NA entries is deprecated. In a future version, this will no longer exclude empty or all-NA columns when determining the result dtypes. To retain the old behavior, exclude the relevant entries before the concat operation.
  "controls": pd.concat([oldc, newc], ignore_index=True),
/Users/zhangzc/fable-trading/yoyo/evaluation/spike_high_r_risk_study.py:182: FutureWarning: The behavior of DataFrame concatenation with empty or all-NA entries is deprecated. In a future version, this will no longer exclude empty or all-NA columns when determining the result dtypes. To retain the old behavior, exclude the relevant entries before the concat operation.
  "controls": pd.concat([oldc, newc], ignore_index=True),
/Users/zhangzc/fable-trading/yoyo/evaluation/spike_high_r_risk_study.py:182: FutureWarning: The behavior of DataFrame concatenation with empty or all-NA entries is deprecated. In a future version, this will no longer exclude empty or all-NA columns when determining the result dtypes. To retain the old behavior, exclude the relevant entries before the concat operation.
  "controls": pd.concat([oldc, newc], ignore_index=True),
/Users/zhangzc/fable-trading/yoyo/evaluation/spike_high_r_risk_study.py:182: FutureWarning: The behavior of DataFrame concatenation with empty or all-NA entries is deprecated. In a future version, this will no longer exclude empty or all-NA columns when determining the result dtypes. To retain the old behavior, exclude the relevant entries before the concat operation.
  "controls": pd.concat([oldc, newc], ignore_index=True),
/Users/zhangzc/fable-trading/yoyo/evaluation/spike_high_r_risk_study.py:181: FutureWarning: The behavior of DataFrame concatenation with empty or all-NA entries is deprecated. In a future version, this will no longer exclude empty or all-NA columns when determining the result dtypes. To retain the old behavior, exclude the relevant entries before the concat operation.
  tables = {"trades": pd.concat([baseline, treatment], ignore_index=True),
/Users/zhangzc/fable-trading/yoyo/evaluation/spike_high_r_risk_study.py:182: FutureWarning: The behavior of DataFrame concatenation with empty or all-NA entries is deprecated. In a future version, this will no longer exclude empty or all-NA columns when determining the result dtypes. To retain the old behavior, exclude the relevant entries before the concat operation.
  "controls": pd.concat([oldc, newc], ignore_index=True),
/Users/zhangzc/fable-trading/yoyo/evaluation/spike_high_r_risk_study.py:183: FutureWarning: The behavior of DataFrame concatenation with empty or all-NA entries is deprecated. In a future version, this will no longer exclude empty or all-NA columns when determining the result dtypes. To retain the old behavior, exclude the relevant entries before the concat operation.
  "fills": pd.concat([tag(bf, "baseline"), tag(tf, "high_r_entry_v21")], ignore_index=True),
/Users/zhangzc/fable-trading/yoyo/evaluation/spike_high_r_risk_study.py:182: FutureWarning: The behavior of DataFrame concatenation with empty or all-NA entries is deprecated. In a future version, this will no longer exclude empty or all-NA columns when determining the result dtypes. To retain the old behavior, exclude the relevant entries before the concat operation.
  "controls": pd.concat([oldc, newc], ignore_index=True),
/Users/zhangzc/fable-trading/yoyo/evaluation/spike_high_r_risk_study.py:182: FutureWarning: The behavior of DataFrame concatenation with empty or all-NA entries is deprecated. In a future version, this will no longer exclude empty or all-NA columns when determining the result dtypes. To retain the old behavior, exclude the relevant entries before the concat operation.
  "controls": pd.concat([oldc, newc], ignore_index=True),
/Users/zhangzc/fable-trading/yoyo/evaluation/spike_high_r_risk_study.py:182: FutureWarning: The behavior of DataFrame concatenation with empty or all-NA entries is deprecated. In a future version, this will no longer exclude empty or all-NA columns when determining the result dtypes. To retain the old behavior, exclude the relevant entries before the concat operation.
  "controls": pd.concat([oldc, newc], ignore_index=True),
/Users/zhangzc/fable-trading/yoyo/evaluation/spike_high_r_risk_study.py:182: FutureWarning: The behavior of DataFrame concatenation with empty or all-NA entries is deprecated. In a future version, this will no longer exclude empty or all-NA columns when determining the result dtypes. To retain the old behavior, exclude the relevant entries before the concat operation.
  "controls": pd.concat([oldc, newc], ignore_index=True),
/Users/zhangzc/fable-trading/yoyo/evaluation/spike_high_r_risk_study.py:182: FutureWarning: The behavior of DataFrame concatenation with empty or all-NA entries is deprecated. In a future version, this will no longer exclude empty or all-NA columns when determining the result dtypes. To retain the old behavior, exclude the relevant entries before the concat operation.
  "controls": pd.concat([oldc, newc], ignore_index=True),
/Users/zhangzc/fable-trading/yoyo/evaluation/spike_high_r_risk_study.py:182: FutureWarning: The behavior of DataFrame concatenation with empty or all-NA entries is deprecated. In a future version, this will no longer exclude empty or all-NA columns when determining the result dtypes. To retain the old behavior, exclude the relevant entries before the concat operation.
  "controls": pd.concat([oldc, newc], ignore_index=True),
/Users/zhangzc/fable-trading/yoyo/evaluation/spike_high_r_risk_study.py:182: FutureWarning: The behavior of DataFrame concatenation with empty or all-NA entries is deprecated. In a future version, this will no longer exclude empty or all-NA columns when determining the result dtypes. To retain the old behavior, exclude the relevant entries before the concat operation.
  "controls": pd.concat([oldc, newc], ignore_index=True),
/Users/zhangzc/fable-trading/yoyo/evaluation/spike_high_r_risk_study.py:182: FutureWarning: The behavior of DataFrame concatenation with empty or all-NA entries is deprecated. In a future version, this will no longer exclude empty or all-NA columns when determining the result dtypes. To retain the old behavior, exclude the relevant entries before the concat operation.
  "controls": pd.concat([oldc, newc], ignore_index=True),
/Users/zhangzc/fable-trading/yoyo/evaluation/spike_high_r_risk_study.py:181: FutureWarning: The behavior of DataFrame concatenation with empty or all-NA entries is deprecated. In a future version, this will no longer exclude empty or all-NA columns when determining the result dtypes. To retain the old behavior, exclude the relevant entries before the concat operation.
  tables = {"trades": pd.concat([baseline, treatment], ignore_index=True),
/Users/zhangzc/fable-trading/yoyo/evaluation/spike_high_r_risk_study.py:182: FutureWarning: The behavior of DataFrame concatenation with empty or all-NA entries is deprecated. In a future version, this will no longer exclude empty or all-NA columns when determining the result dtypes. To retain the old behavior, exclude the relevant entries before the concat operation.
  "controls": pd.concat([oldc, newc], ignore_index=True),
/Users/zhangzc/fable-trading/yoyo/evaluation/spike_high_r_risk_study.py:183: FutureWarning: The behavior of DataFrame concatenation with empty or all-NA entries is deprecated. In a future version, this will no longer exclude empty or all-NA columns when determining the result dtypes. To retain the old behavior, exclude the relevant entries before the concat operation.
  "fills": pd.concat([tag(bf, "baseline"), tag(tf, "high_r_entry_v21")], ignore_index=True),
/Users/zhangzc/fable-trading/yoyo/evaluation/spike_high_r_risk_study.py:182: FutureWarning: The behavior of DataFrame concatenation with empty or all-NA entries is deprecated. In a future version, this will no longer exclude empty or all-NA columns when determining the result dtypes. To retain the old behavior, exclude the relevant entries before the concat operation.
  "controls": pd.concat([oldc, newc], ignore_index=True),
/Users/zhangzc/fable-trading/yoyo/evaluation/spike_high_r_risk_study.py:182: FutureWarning: The behavior of DataFrame concatenation with empty or all-NA entries is deprecated. In a future version, this will no longer exclude empty or all-NA columns when determining the result dtypes. To retain the old behavior, exclude the relevant entries before the concat operation.
  "controls": pd.concat([oldc, newc], ignore_index=True),
/Users/zhangzc/fable-trading/yoyo/evaluation/spike_high_r_risk_study.py:182: FutureWarning: The behavior of DataFrame concatenation with empty or all-NA entries is deprecated. In a future version, this will no longer exclude empty or all-NA columns when determining the result dtypes. To retain the old behavior, exclude the relevant entries before the concat operation.
  "controls": pd.concat([oldc, newc], ignore_index=True),
/Users/zhangzc/fable-trading/yoyo/evaluation/spike_high_r_risk_study.py:182: FutureWarning: The behavior of DataFrame concatenation with empty or all-NA entries is deprecated. In a future version, this will no longer exclude empty or all-NA columns when determining the result dtypes. To retain the old behavior, exclude the relevant entries before the concat operation.
  "controls": pd.concat([oldc, newc], ignore_index=True),
/Users/zhangzc/fable-trading/yoyo/evaluation/spike_high_r_risk_study.py:182: FutureWarning: The behavior of DataFrame concatenation with empty or all-NA entries is deprecated. In a future version, this will no longer exclude empty or all-NA columns when determining the result dtypes. To retain the old behavior, exclude the relevant entries before the concat operation.
  "controls": pd.concat([oldc, newc], ignore_index=True),
/Users/zhangzc/fable-trading/yoyo/evaluation/spike_high_r_risk_study.py:182: FutureWarning: The behavior of DataFrame concatenation with empty or all-NA entries is deprecated. In a future version, this will no longer exclude empty or all-NA columns when determining the result dtypes. To retain the old behavior, exclude the relevant entries before the concat operation.
  "controls": pd.concat([oldc, newc], ignore_index=True),
/Users/zhangzc/fable-trading/yoyo/evaluation/spike_high_r_risk_study.py:181: FutureWarning: The behavior of DataFrame concatenation with empty or all-NA entries is deprecated. In a future version, this will no longer exclude empty or all-NA columns when determining the result dtypes. To retain the old behavior, exclude the relevant entries before the concat operation.
  tables = {"trades": pd.concat([baseline, treatment], ignore_index=True),
/Users/zhangzc/fable-trading/yoyo/evaluation/spike_high_r_risk_study.py:182: FutureWarning: The behavior of DataFrame concatenation with empty or all-NA entries is deprecated. In a future version, this will no longer exclude empty or all-NA columns when determining the result dtypes. To retain the old behavior, exclude the relevant entries before the concat operation.
  "controls": pd.concat([oldc, newc], ignore_index=True),
/Users/zhangzc/fable-trading/yoyo/evaluation/spike_high_r_risk_study.py:183: FutureWarning: The behavior of DataFrame concatenation with empty or all-NA entries is deprecated. In a future version, this will no longer exclude empty or all-NA columns when determining the result dtypes. To retain the old behavior, exclude the relevant entries before the concat operation.
  "fills": pd.concat([tag(bf, "baseline"), tag(tf, "high_r_entry_v21")], ignore_index=True),
/Users/zhangzc/fable-trading/yoyo/evaluation/spike_high_r_risk_study.py:182: FutureWarning: The behavior of DataFrame concatenation with empty or all-NA entries is deprecated. In a future version, this will no longer exclude empty or all-NA columns when determining the result dtypes. To retain the old behavior, exclude the relevant entries before the concat operation.
  "controls": pd.concat([oldc, newc], ignore_index=True),
/Users/zhangzc/fable-trading/yoyo/evaluation/spike_high_r_risk_study.py:182: FutureWarning: The behavior of DataFrame concatenation with empty or all-NA entries is deprecated. In a future version, this will no longer exclude empty or all-NA columns when determining the result dtypes. To retain the old behavior, exclude the relevant entries before the concat operation.
  "controls": pd.concat([oldc, newc], ignore_index=True),
/Users/zhangzc/fable-trading/yoyo/evaluation/spike_high_r_risk_study.py:182: FutureWarning: The behavior of DataFrame concatenation with empty or all-NA entries is deprecated. In a future version, this will no longer exclude empty or all-NA columns when determining the result dtypes. To retain the old behavior, exclude the relevant entries before the concat operation.
  "controls": pd.concat([oldc, newc], ignore_index=True),
/Users/zhangzc/fable-trading/yoyo/evaluation/spike_high_r_risk_study.py:182: FutureWarning: The behavior of DataFrame concatenation with empty or all-NA entries is deprecated. In a future version, this will no longer exclude empty or all-NA columns when determining the result dtypes. To retain the old behavior, exclude the relevant entries before the concat operation.
  "controls": pd.concat([oldc, newc], ignore_index=True),
/Users/zhangzc/fable-trading/yoyo/evaluation/spike_high_r_risk_study.py:182: FutureWarning: The behavior of DataFrame concatenation with empty or all-NA entries is deprecated. In a future version, this will no longer exclude empty or all-NA columns when determining the result dtypes. To retain the old behavior, exclude the relevant entries before the concat operation.
  "controls": pd.concat([oldc, newc], ignore_index=True),
/Users/zhangzc/fable-trading/yoyo/evaluation/spike_high_r_risk_study.py:182: FutureWarning: The behavior of DataFrame concatenation with empty or all-NA entries is deprecated. In a future version, this will no longer exclude empty or all-NA columns when determining the result dtypes. To retain the old behavior, exclude the relevant entries before the concat operation.
  "controls": pd.concat([oldc, newc], ignore_index=True),
/Users/zhangzc/fable-trading/yoyo/evaluation/spike_high_r_risk_study.py:182: FutureWarning: The behavior of DataFrame concatenation with empty or all-NA entries is deprecated. In a future version, this will no longer exclude empty or all-NA columns when determining the result dtypes. To retain the old behavior, exclude the relevant entries before the concat operation.
  "controls": pd.concat([oldc, newc], ignore_index=True),
/Users/zhangzc/fable-trading/yoyo/evaluation/spike_high_r_risk_study.py:182: FutureWarning: The behavior of DataFrame concatenation with empty or all-NA entries is deprecated. In a future version, this will no longer exclude empty or all-NA columns when determining the result dtypes. To retain the old behavior, exclude the relevant entries before the concat operation.
  "controls": pd.concat([oldc, newc], ignore_index=True),
/Users/zhangzc/fable-trading/yoyo/evaluation/spike_high_r_risk_study.py:182: FutureWarning: The behavior of DataFrame concatenation with empty or all-NA entries is deprecated. In a future version, this will no longer exclude empty or all-NA columns when determining the result dtypes. To retain the old behavior, exclude the relevant entries before the concat operation.
  "controls": pd.concat([oldc, newc], ignore_index=True),
/Users/zhangzc/fable-trading/yoyo/evaluation/spike_high_r_risk_study.py:182: FutureWarning: The behavior of DataFrame concatenation with empty or all-NA entries is deprecated. In a future version, this will no longer exclude empty or all-NA columns when determining the result dtypes. To retain the old behavior, exclude the relevant entries before the concat operation.
  "controls": pd.concat([oldc, newc], ignore_index=True),
/Users/zhangzc/fable-trading/yoyo/evaluation/spike_high_r_risk_study.py:182: FutureWarning: The behavior of DataFrame concatenation with empty or all-NA entries is deprecated. In a future version, this will no longer exclude empty or all-NA columns when determining the result dtypes. To retain the old behavior, exclude the relevant entries before the concat operation.
  "controls": pd.concat([oldc, newc], ignore_index=True),
/Users/zhangzc/fable-trading/yoyo/evaluation/spike_high_r_risk_study.py:182: FutureWarning: The behavior of DataFrame concatenation with empty or all-NA entries is deprecated. In a future version, this will no longer exclude empty or all-NA columns when determining the result dtypes. To retain the old behavior, exclude the relevant entries before the concat operation.
  "controls": pd.concat([oldc, newc], ignore_index=True),
{"done": 100, "target": 3531, "failures": 0, "seconds": 3.0}
/Users/zhangzc/fable-trading/yoyo/evaluation/spike_high_r_risk_study.py:182: FutureWarning: The behavior of DataFrame concatenation with empty or all-NA entries is deprecated. In a future version, this will no longer exclude empty or all-NA columns when determining the result dtypes. To retain the old behavior, exclude the relevant entries before the concat operation.
  "controls": pd.concat([oldc, newc], ignore_index=True),
/Users/zhangzc/fable-trading/yoyo/evaluation/spike_high_r_risk_study.py:182: FutureWarning: The behavior of DataFrame concatenation with empty or all-NA entries is deprecated. In a future version, this will no longer exclude empty or all-NA columns when determining the result dtypes. To retain the old behavior, exclude the relevant entries before the concat operation.
  "controls": pd.concat([oldc, newc], ignore_index=True),
/Users/zhangzc/fable-trading/yoyo/evaluation/spike_high_r_risk_study.py:182: FutureWarning: The behavior of DataFrame concatenation with empty or all-NA entries is deprecated. In a future version, this will no longer exclude empty or all-NA columns when determining the result dtypes. To retain the old behavior, exclude the relevant entries before the concat operation.
  "controls": pd.concat([oldc, newc], ignore_index=True),
/Users/zhangzc/fable-trading/yoyo/evaluation/spike_high_r_risk_study.py:182: FutureWarning: The behavior of DataFrame concatenation with empty or all-NA entries is deprecated. In a future version, this will no longer exclude empty or all-NA columns when determining the result dtypes. To retain the old behavior, exclude the relevant entries before the concat operation.
  "controls": pd.concat([oldc, newc], ignore_index=True),
/Users/zhangzc/fable-trading/yoyo/evaluation/spike_high_r_risk_study.py:182: FutureWarning: The behavior of DataFrame concatenation with empty or all-NA entries is deprecated. In a future version, this will no longer exclude empty or all-NA columns when determining the result dtypes. To retain the old behavior, exclude the relevant entries before the concat operation.
  "controls": pd.concat([oldc, newc], ignore_index=True),
/Users/zhangzc/fable-trading/yoyo/evaluation/spike_high_r_risk_study.py:182: FutureWarning: The behavior of DataFrame concatenation with empty or all-NA entries is deprecated. In a future version, this will no longer exclude empty or all-NA columns when determining the result dtypes. To retain the old behavior, exclude the relevant entries before the concat operation.
  "controls": pd.concat([oldc, newc], ignore_index=True),
/Users/zhangzc/fable-trading/yoyo/evaluation/spike_high_r_risk_study.py:182: FutureWarning: The behavior of DataFrame concatenation with empty or all-NA entries is deprecated. In a future version, this will no longer exclude empty or all-NA columns when determining the result dtypes. To retain the old behavior, exclude the relevant entries before the concat operation.
  "controls": pd.concat([oldc, newc], ignore_index=True),
/Users/zhangzc/fable-trading/yoyo/evaluation/spike_high_r_risk_study.py:182: FutureWarning: The behavior of DataFrame concatenation with empty or all-NA entries is deprecated. In a future version, this will no longer exclude empty or all-NA columns when determining the result dtypes. To retain the old behavior, exclude the relevant entries before the concat operation.
  "controls": pd.concat([oldc, newc], ignore_index=True),
/Users/zhangzc/fable-trading/yoyo/evaluation/spike_high_r_risk_study.py:182: FutureWarning: The behavior of DataFrame concatenation with empty or all-NA entries is deprecated. In a future version, this will no longer exclude empty or all-NA columns when determining the result dtypes. To retain the old behavior, exclude the relevant entries before the concat operation.
  "controls": pd.concat([oldc, newc], ignore_index=True),
/Users/zhangzc/fable-trading/yoyo/evaluation/spike_high_r_risk_study.py:182: FutureWarning: The behavior of DataFrame concatenation with empty or all-NA entries is deprecated. In a future version, this will no longer exclude empty or all-NA columns when determining the result dtypes. To retain the old behavior, exclude the relevant entries before the concat operation.
  "controls": pd.concat([oldc, newc], ignore_index=True),
/Users/zhangzc/fable-trading/yoyo/evaluation/spike_high_r_risk_study.py:182: FutureWarning: The behavior of DataFrame concatenation with empty or all-NA entries is deprecated. In a future version, this will no longer exclude empty or all-NA columns when determining the result dtypes. To retain the old behavior, exclude the relevant entries before the concat operation.
  "controls": pd.concat([oldc, newc], ignore_index=True),
/Users/zhangzc/fable-trading/yoyo/evaluation/spike_high_r_risk_study.py:182: FutureWarning: The behavior of DataFrame concatenation with empty or all-NA entries is deprecated. In a future version, this will no longer exclude empty or all-NA columns when determining the result dtypes. To retain the old behavior, exclude the relevant entries before the concat operation.
  "controls": pd.concat([oldc, newc], ignore_index=True),
/Users/zhangzc/fable-trading/yoyo/evaluation/spike_high_r_risk_study.py:182: FutureWarning: The behavior of DataFrame concatenation with empty or all-NA entries is deprecated. In a future version, this will no longer exclude empty or all-NA columns when determining the result dtypes. To retain the old behavior, exclude the relevant entries before the concat operation.
  "controls": pd.concat([oldc, newc], ignore_index=True),
/Users/zhangzc/fable-trading/yoyo/evaluation/spike_high_r_risk_study.py:181: FutureWarning: The behavior of DataFrame concatenation with empty or all-NA entries is deprecated. In a future version, this will no longer exclude empty or all-NA columns when determining the result dtypes. To retain the old behavior, exclude the relevant entries before the concat operation.
  tables = {"trades": pd.concat([baseline, treatment], ignore_index=True),
/Users/zhangzc/fable-trading/yoyo/evaluation/spike_high_r_risk_study.py:182: FutureWarning: The behavior of DataFrame concatenation with empty or all-NA entries is deprecated. In a future version, this will no longer exclude empty or all-NA columns when determining the result dtypes. To retain the old behavior, exclude the relevant entries before the concat operation.
  "controls": pd.concat([oldc, newc], ignore_index=True),
/Users/zhangzc/fable-trading/yoyo/evaluation/spike_high_r_risk_study.py:183: FutureWarning: The behavior of DataFrame concatenation with empty or all-NA entries is deprecated. In a future version, this will no longer exclude empty or all-NA columns when determining the result dtypes. To retain the old behavior, exclude the relevant entries before the concat operation.
  "fills": pd.concat([tag(bf, "baseline"), tag(tf, "high_r_entry_v21")], ignore_index=True),
/Users/zhangzc/fable-trading/yoyo/evaluation/spike_high_r_risk_study.py:182: FutureWarning: The behavior of DataFrame concatenation with empty or all-NA entries is deprecated. In a future version, this will no longer exclude empty or all-NA columns when determining the result dtypes. To retain the old behavior, exclude the relevant entries before the concat operation.
  "controls": pd.concat([oldc, newc], ignore_index=True),
/Users/zhangzc/fable-trading/yoyo/evaluation/spike_high_r_risk_study.py:181: FutureWarning: The behavior of DataFrame concatenation with empty or all-NA entries is deprecated. In a future version, this will no longer exclude empty or all-NA columns when determining the result dtypes. To retain the old behavior, exclude the relevant entries before the concat operation.
  tables = {"trades": pd.concat([baseline, treatment], ignore_index=True),
/Users/zhangzc/fable-trading/yoyo/evaluation/spike_high_r_risk_study.py:182: FutureWarning: The behavior of DataFrame concatenation with empty or all-NA entries is deprecated. In a future version, this will no longer exclude empty or all-NA columns when determining the result dtypes. To retain the old behavior, exclude the relevant entries before the concat operation.
  "controls": pd.concat([oldc, newc], ignore_index=True),
/Users/zhangzc/fable-trading/yoyo/evaluation/spike_high_r_risk_study.py:183: FutureWarning: The behavior of DataFrame concatenation with empty or all-NA entries is deprecated. In a future version, this will no longer exclude empty or all-NA columns when determining the result dtypes. To retain the old behavior, exclude the relevant entries before the concat operation.
  "fills": pd.concat([tag(bf, "baseline"), tag(tf, "high_r_entry_v21")], ignore_index=True),
/Users/zhangzc/fable-trading/yoyo/evaluation/spike_high_r_risk_study.py:182: FutureWarning: The behavior of DataFrame concatenation with empty or all-NA entries is deprecated. In a future version, this will no longer exclude empty or all-NA columns when determining the result dtypes. To retain the old behavior, exclude the relevant entries before the concat operation.
  "controls": pd.concat([oldc, newc], ignore_index=True),
/Users/zhangzc/fable-trading/yoyo/evaluation/spike_high_r_risk_study.py:182: FutureWarning: The behavior of DataFrame concatenation with empty or all-NA entries is deprecated. In a future version, this will no longer exclude empty or all-NA columns when determining the result dtypes. To retain the old behavior, exclude the relevant entries before the concat operation.
  "controls": pd.concat([oldc, newc], ignore_index=True),
/Users/zhangzc/fable-trading/yoyo/evaluation/spike_high_r_risk_study.py:182: FutureWarning: The behavior of DataFrame concatenation with empty or all-NA entries is deprecated. In a future version, this will no longer exclude empty or all-NA columns when determining the result dtypes. To retain the old behavior, exclude the relevant entries before the concat operation.
  "controls": pd.concat([oldc, newc], ignore_index=True),
/Users/zhangzc/fable-trading/yoyo/evaluation/spike_high_r_risk_study.py:182: FutureWarning: The behavior of DataFrame concatenation with empty or all-NA entries is deprecated. In a future version, this will no longer exclude empty or all-NA columns when determining the result dtypes. To retain the old behavior, exclude the relevant entries before the concat operation.
  "controls": pd.concat([oldc, newc], ignore_index=True),
/Users/zhangzc/fable-trading/yoyo/evaluation/spike_high_r_risk_study.py:182: FutureWarning: The behavior of DataFrame concatenation with empty or all-NA entries is deprecated. In a future version, this will no longer exclude empty or all-NA columns when determining the result dtypes. To retain the old behavior, exclude the relevant entries before the concat operation.
  "controls": pd.concat([oldc, newc], ignore_index=True),
/Users/zhangzc/fable-trading/yoyo/evaluation/spike_high_r_risk_study.py:181: FutureWarning: The behavior of DataFrame concatenation with empty or all-NA entries is deprecated. In a future version, this will no longer exclude empty or all-NA columns when determining the result dtypes. To retain the old behavior, exclude the relevant entries before the concat operation.
  tables = {"trades": pd.concat([baseline, treatment], ignore_index=True),
/Users/zhangzc/fable-trading/yoyo/evaluation/spike_high_r_risk_study.py:182: FutureWarning: The behavior of DataFrame concatenation with empty or all-NA entries is deprecated. In a future version, this will no longer exclude empty or all-NA columns when determining the result dtypes. To retain the old behavior, exclude the relevant entries before the concat operation.
  "controls": pd.concat([oldc, newc], ignore_index=True),
/Users/zhangzc/fable-trading/yoyo/evaluation/spike_high_r_risk_study.py:183: FutureWarning: The behavior of DataFrame concatenation with empty or all-NA entries is deprecated. In a future version, this will no longer exclude empty or all-NA columns when determining the result dtypes. To retain the old behavior, exclude the relevant entries before the concat operation.
  "fills": pd.concat([tag(bf, "baseline"), tag(tf, "high_r_entry_v21")], ignore_index=True),
/Users/zhangzc/fable-trading/yoyo/evaluation/spike_high_r_risk_study.py:182: FutureWarning: The behavior of DataFrame concatenation with empty or all-NA entries is deprecated. In a future version, this will no longer exclude empty or all-NA columns when determining the result dtypes. To retain the old behavior, exclude the relevant entries before the concat operation.
  "controls": pd.concat([oldc, newc], ignore_index=True),
/Users/zhangzc/fable-trading/yoyo/evaluation/spike_high_r_risk_study.py:182: FutureWarning: The behavior of DataFrame concatenation with empty or all-NA entries is deprecated. In a future version, this will no longer exclude empty or all-NA columns when determining the result dtypes. To retain the old behavior, exclude the relevant entries before the concat operation.
  "controls": pd.concat([oldc, newc], ignore_index=True),
/Users/zhangzc/fable-trading/yoyo/evaluation/spike_high_r_risk_study.py:182: FutureWarning: The behavior of DataFrame concatenation with empty or all-NA entries is deprecated. In a future version, this will no longer exclude empty or all-NA columns when determining the result dtypes. To retain the old behavior, exclude the relevant entries before the concat operation.
  "controls": pd.concat([oldc, newc], ignore_index=True),
/Users/zhangzc/fable-trading/yoyo/evaluation/spike_high_r_risk_study.py:182: FutureWarning: The behavior of DataFrame concatenation with empty or all-NA entries is deprecated. In a future version, this will no longer exclude empty or all-NA columns when determining the result dtypes. To retain the old behavior, exclude the relevant entries before the concat operation.
  "controls": pd.concat([oldc, newc], ignore_index=True),
/Users/zhangzc/fable-trading/yoyo/evaluation/spike_high_r_risk_study.py:182: FutureWarning: The behavior of DataFrame concatenation with empty or all-NA entries is deprecated. In a future version, this will no longer exclude empty or all-NA columns when determining the result dtypes. To retain the old behavior, exclude the relevant entries before the concat operation.
  "controls": pd.concat([oldc, newc], ignore_index=True),
/Users/zhangzc/fable-trading/yoyo/evaluation/spike_high_r_risk_study.py:182: FutureWarning: The behavior of DataFrame concatenation with empty or all-NA entries is deprecated. In a future version, this will no longer exclude empty or all-NA columns when determining the result dtypes. To retain the old behavior, exclude the relevant entries before the concat operation.
  "controls": pd.concat([oldc, newc], ignore_index=True),
/Users/zhangzc/fable-trading/yoyo/evaluation/spike_high_r_risk_study.py:182: FutureWarning: The behavior of DataFrame concatenation with empty or all-NA entries is deprecated. In a future version, this will no longer exclude empty or all-NA columns when determining the result dtypes. To retain the old behavior, exclude the relevant entries before the concat operation.
  "controls": pd.concat([oldc, newc], ignore_index=True),
/Users/zhangzc/fable-trading/yoyo/evaluation/spike_high_r_risk_study.py:182: FutureWarning: The behavior of DataFrame concatenation with empty or all-NA entries is deprecated. In a future version, this will no longer exclude empty or all-NA columns when determining the result dtypes. To retain the old behavior, exclude the relevant entries before the concat operation.
  "controls": pd.concat([oldc, newc], ignore_index=True),
/Users/zhangzc/fable-trading/yoyo/evaluation/spike_high_r_risk_study.py:182: FutureWarning: The behavior of DataFrame concatenation with empty or all-NA entries is deprecated. In a future version, this will no longer exclude empty or all-NA columns when determining the result dtypes. To retain the old behavior, exclude the relevant entries before the concat operation.
  "controls": pd.concat([oldc, newc], ignore_index=True),
/Users/zhangzc/fable-trading/yoyo/evaluation/spike_high_r_risk_study.py:182: FutureWarning: The behavior of DataFrame concatenation with empty or all-NA entries is deprecated. In a future version, this will no longer exclude empty or all-NA columns when determining the result dtypes. To retain the old behavior, exclude the relevant entries before the concat operation.
  "controls": pd.concat([oldc, newc], ignore_index=True),
/Users/zhangzc/fable-trading/yoyo/evaluation/spike_high_r_risk_study.py:181: FutureWarning: The behavior of DataFrame concatenation with empty or all-NA entries is deprecated. In a future version, this will no longer exclude empty or all-NA columns when determining the result dtypes. To retain the old behavior, exclude the relevant entries before the concat operation.
  tables = {"trades": pd.concat([baseline, treatment], ignore_index=True),
/Users/zhangzc/fable-trading/yoyo/evaluation/spike_high_r_risk_study.py:182: FutureWarning: The behavior of DataFrame concatenation with empty or all-NA entries is deprecated. In a future version, this will no longer exclude empty or all-NA columns when determining the result dtypes. To retain the old behavior, exclude the relevant entries before the concat operation.
  "controls": pd.concat([oldc, newc], ignore_index=True),
/Users/zhangzc/fable-trading/yoyo/evaluation/spike_high_r_risk_study.py:183: FutureWarning: The behavior of DataFrame concatenation with empty or all-NA entries is deprecated. In a future version, this will no longer exclude empty or all-NA columns when determining the result dtypes. To retain the old behavior, exclude the relevant entries before the concat operation.
  "fills": pd.concat([tag(bf, "baseline"), tag(tf, "high_r_entry_v21")], ignore_index=True),
/Users/zhangzc/fable-trading/yoyo/evaluation/spike_high_r_risk_study.py:182: FutureWarning: The behavior of DataFrame concatenation with empty or all-NA entries is deprecated. In a future version, this will no longer exclude empty or all-NA columns when determining the result dtypes. To retain the old behavior, exclude the relevant entries before the concat operation.
  "controls": pd.concat([oldc, newc], ignore_index=True),
/Users/zhangzc/fable-trading/yoyo/evaluation/spike_high_r_risk_study.py:182: FutureWarning: The behavior of DataFrame concatenation with empty or all-NA entries is deprecated. In a future version, this will no longer exclude empty or all-NA columns when determining the result dtypes. To retain the old behavior, exclude the relevant entries before the concat operation.
  "controls": pd.concat([oldc, newc], ignore_index=True),
{"done": 150, "target": 3531, "failures": 0, "seconds": 4.3}
/Users/zhangzc/fable-trading/yoyo/evaluation/spike_high_r_risk_study.py:182: FutureWarning: The behavior of DataFrame concatenation with empty or all-NA entries is deprecated. In a future version, this will no longer exclude empty or all-NA columns when determining the result dtypes. To retain the old behavior, exclude the relevant entries before the concat operation.
  "controls": pd.concat([oldc, newc], ignore_index=True),
/Users/zhangzc/fable-trading/yoyo/evaluation/spike_high_r_risk_study.py:182: FutureWarning: The behavior of DataFrame concatenation with empty or all-NA entries is deprecated. In a future version, this will no longer exclude empty or all-NA columns when determining the result dtypes. To retain the old behavior, exclude the relevant entries before the concat operation.
  "controls": pd.concat([oldc, newc], ignore_index=True),
/Users/zhangzc/fable-trading/yoyo/evaluation/spike_high_r_risk_study.py:182: FutureWarning: The behavior of DataFrame concatenation with empty or all-NA entries is deprecated. In a future version, this will no longer exclude empty or all-NA columns when determining the result dtypes. To retain the old behavior, exclude the relevant entries before the concat operation.
  "controls": pd.concat([oldc, newc], ignore_index=True),
/Users/zhangzc/fable-trading/yoyo/evaluation/spike_high_r_risk_study.py:182: FutureWarning: The behavior of DataFrame concatenation with empty or all-NA entries is deprecated. In a future version, this will no longer exclude empty or all-NA columns when determining the result dtypes. To retain the old behavior, exclude the relevant entries before the concat operation.
  "controls": pd.concat([oldc, newc], ignore_index=True),
/Users/zhangzc/fable-trading/yoyo/evaluation/spike_high_r_risk_study.py:182: FutureWarning: The behavior of DataFrame concatenation with empty or all-NA entries is deprecated. In a future version, this will no longer exclude empty or all-NA columns when determining the result dtypes. To retain the old behavior, exclude the relevant entries before the concat operation.
  "controls": pd.concat([oldc, newc], ignore_index=True),
/Users/zhangzc/fable-trading/yoyo/evaluation/spike_high_r_risk_study.py:182: FutureWarning: The behavior of DataFrame concatenation with empty or all-NA entries is deprecated. In a future version, this will no longer exclude empty or all-NA columns when determining the result dtypes. To retain the old behavior, exclude the relevant entries before the concat operation.
  "controls": pd.concat([oldc, newc], ignore_index=True),
/Users/zhangzc/fable-trading/yoyo/evaluation/spike_high_r_risk_study.py:182: FutureWarning: The behavior of DataFrame concatenation with empty or all-NA entries is deprecated. In a future version, this will no longer exclude empty or all-NA columns when determining the result dtypes. To retain the old behavior, exclude the relevant entries before the concat operation.
  "controls": pd.concat([oldc, newc], ignore_index=True),
/Users/zhangzc/fable-trading/yoyo/evaluation/spike_high_r_risk_study.py:181: FutureWarning: The behavior of DataFrame concatenation with empty or all-NA entries is deprecated. In a future version, this will no longer exclude empty or all-NA columns when determining the result dtypes. To retain the old behavior, exclude the relevant entries before the concat operation.
  tables = {"trades": pd.concat([baseline, treatment], ignore_index=True),
/Users/zhangzc/fable-trading/yoyo/evaluation/spike_high_r_risk_study.py:182: FutureWarning: The behavior of DataFrame concatenation with empty or all-NA entries is deprecated. In a future version, this will no longer exclude empty or all-NA columns when determining the result dtypes. To retain the old behavior, exclude the relevant entries before the concat operation.
  "controls": pd.concat([oldc, newc], ignore_index=True),
/Users/zhangzc/fable-trading/yoyo/evaluation/spike_high_r_risk_study.py:183: FutureWarning: The behavior of DataFrame concatenation with empty or all-NA entries is deprecated. In a future version, this will no longer exclude empty or all-NA columns when determining the result dtypes. To retain the old behavior, exclude the relevant entries before the concat operation.
  "fills": pd.concat([tag(bf, "baseline"), tag(tf, "high_r_entry_v21")], ignore_index=True),
/Users/zhangzc/fable-trading/yoyo/evaluation/spike_high_r_risk_study.py:182: FutureWarning: The behavior of DataFrame concatenation with empty or all-NA entries is deprecated. In a future version, this will no longer exclude empty or all-NA columns when determining the result dtypes. To retain the old behavior, exclude the relevant entries before the concat operation.
  "controls": pd.concat([oldc, newc], ignore_index=True),
/Users/zhangzc/fable-trading/yoyo/evaluation/spike_high_r_risk_study.py:181: FutureWarning: The behavior of DataFrame concatenation with empty or all-NA entries is deprecated. In a future version, this will no longer exclude empty or all-NA columns when determining the result dtypes. To retain the old behavior, exclude the relevant entries before the concat operation.
  tables = {"trades": pd.concat([baseline, treatment], ignore_index=True),
/Users/zhangzc/fable-trading/yoyo/evaluation/spike_high_r_risk_study.py:182: FutureWarning: The behavior of DataFrame concatenation with empty or all-NA entries is deprecated. In a future version, this will no longer exclude empty or all-NA columns when determining the result dtypes. To retain the old behavior, exclude the relevant entries before the concat operation.
  "controls": pd.concat([oldc, newc], ignore_index=True),
/Users/zhangzc/fable-trading/yoyo/evaluation/spike_high_r_risk_study.py:183: FutureWarning: The behavior of DataFrame concatenation with empty or all-NA entries is deprecated. In a future version, this will no longer exclude empty or all-NA columns when determining the result dtypes. To retain the old behavior, exclude the relevant entries before the concat operation.
  "fills": pd.concat([tag(bf, "baseline"), tag(tf, "high_r_entry_v21")], ignore_index=True),
/Users/zhangzc/fable-trading/yoyo/evaluation/spike_high_r_risk_study.py:182: FutureWarning: The behavior of DataFrame concatenation with empty or all-NA entries is deprecated. In a future version, this will no longer exclude empty or all-NA columns when determining the result dtypes. To retain the old behavior, exclude the relevant entries before the concat operation.
  "controls": pd.concat([oldc, newc], ignore_index=True),
/Users/zhangzc/fable-trading/yoyo/evaluation/spike_high_r_risk_study.py:182: FutureWarning: The behavior of DataFrame concatenation with empty or all-NA entries is deprecated. In a future version, this will no longer exclude empty or all-NA columns when determining the result dtypes. To retain the old behavior, exclude the relevant entries before the concat operation.
  "controls": pd.concat([oldc, newc], ignore_index=True),
/Users/zhangzc/fable-trading/yoyo/evaluation/spike_high_r_risk_study.py:182: FutureWarning: The behavior of DataFrame concatenation with empty or all-NA entries is deprecated. In a future version, this will no longer exclude empty or all-NA columns when determining the result dtypes. To retain the old behavior, exclude the relevant entries before the concat operation.
  "controls": pd.concat([oldc, newc], ignore_index=True),
/Users/zhangzc/fable-trading/yoyo/evaluation/spike_high_r_risk_study.py:182: FutureWarning: The behavior of DataFrame concatenation with empty or all-NA entries is deprecated. In a future version, this will no longer exclude empty or all-NA columns when determining the result dtypes. To retain the old behavior, exclude the relevant entries before the concat operation.
  "controls": pd.concat([oldc, newc], ignore_index=True),
/Users/zhangzc/fable-trading/yoyo/evaluation/spike_high_r_risk_study.py:182: FutureWarning: The behavior of DataFrame concatenation with empty or all-NA entries is deprecated. In a future version, this will no longer exclude empty or all-NA columns when determining the result dtypes. To retain the old behavior, exclude the relevant entries before the concat operation.
  "controls": pd.concat([oldc, newc], ignore_index=True),
/Users/zhangzc/fable-trading/yoyo/evaluation/spike_high_r_risk_study.py:182: FutureWarning: The behavior of DataFrame concatenation with empty or all-NA entries is deprecated. In a future version, this will no longer exclude empty or all-NA columns when determining the result dtypes. To retain the old behavior, exclude the relevant entries before the concat operation.
  "controls": pd.concat([oldc, newc], ignore_index=True),
/Users/zhangzc/fable-trading/yoyo/evaluation/spike_high_r_risk_study.py:182: FutureWarning: The behavior of DataFrame concatenation with empty or all-NA entries is deprecated. In a future version, this will no longer exclude empty or all-NA columns when determining the result dtypes. To retain the old behavior, exclude the relevant entries before the concat operation.
  "controls": pd.concat([oldc, newc], ignore_index=True),
/Users/zhangzc/fable-trading/yoyo/evaluation/spike_high_r_risk_study.py:182: FutureWarning: The behavior of DataFrame concatenation with empty or all-NA entries is deprecated. In a future version, this will no longer exclude empty or all-NA columns when determining the result dtypes. To retain the old behavior, exclude the relevant entries before the concat operation.
  "controls": pd.concat([oldc, newc], ignore_index=True),
/Users/zhangzc/fable-trading/yoyo/evaluation/spike_high_r_risk_study.py:182: FutureWarning: The behavior of DataFrame concatenation with empty or all-NA entries is deprecated. In a future version, this will no longer exclude empty or all-NA columns when determining the result dtypes. To retain the old behavior, exclude the relevant entries before the concat operation.
  "controls": pd.concat([oldc, newc], ignore_index=True),
/Users/zhangzc/fable-trading/yoyo/evaluation/spike_high_r_risk_study.py:182: FutureWarning: The behavior of DataFrame concatenation with empty or all-NA entries is deprecated. In a future version, this will no longer exclude empty or all-NA columns when determining the result dtypes. To retain the old behavior, exclude the relevant entries before the concat operation.
  "controls": pd.concat([oldc, newc], ignore_index=True),
/Users/zhangzc/fable-trading/yoyo/evaluation/spike_high_r_risk_study.py:181: FutureWarning: The behavior of DataFrame concatenation with empty or all-NA entries is deprecated. In a future version, this will no longer exclude empty or all-NA columns when determining the result dtypes. To retain the old behavior, exclude the relevant entries before the concat operation.
  tables = {"trades": pd.concat([baseline, treatment], ignore_index=True),
/Users/zhangzc/fable-trading/yoyo/evaluation/spike_high_r_risk_study.py:182: FutureWarning: The behavior of DataFrame concatenation with empty or all-NA entries is deprecated. In a future version, this will no longer exclude empty or all-NA columns when determining the result dtypes. To retain the old behavior, exclude the relevant entries before the concat operation.
  "controls": pd.concat([oldc, newc], ignore_index=True),
/Users/zhangzc/fable-trading/yoyo/evaluation/spike_high_r_risk_study.py:183: FutureWarning: The behavior of DataFrame concatenation with empty or all-NA entries is deprecated. In a future version, this will no longer exclude empty or all-NA columns when determining the result dtypes. To retain the old behavior, exclude the relevant entries before the concat operation.
  "fills": pd.concat([tag(bf, "baseline"), tag(tf, "high_r_entry_v21")], ignore_index=True),
/Users/zhangzc/fable-trading/yoyo/evaluation/spike_high_r_risk_study.py:182: FutureWarning: The behavior of DataFrame concatenation with empty or all-NA entries is deprecated. In a future version, this will no longer exclude empty or all-NA columns when determining the result dtypes. To retain the old behavior, exclude the relevant entries before the concat operation.
  "controls": pd.concat([oldc, newc], ignore_index=True),
/Users/zhangzc/fable-trading/yoyo/evaluation/spike_high_r_risk_study.py:181: FutureWarning: The behavior of DataFrame concatenation with empty or all-NA entries is deprecated. In a future version, this will no longer exclude empty or all-NA columns when determining the result dtypes. To retain the old behavior, exclude the relevant entries before the concat operation.
  tables = {"trades": pd.concat([baseline, treatment], ignore_index=True),
/Users/zhangzc/fable-trading/yoyo/evaluation/spike_high_r_risk_study.py:182: FutureWarning: The behavior of DataFrame concatenation with empty or all-NA entries is deprecated. In a future version, this will no longer exclude empty or all-NA columns when determining the result dtypes. To retain the old behavior, exclude the relevant entries before the concat operation.
  "controls": pd.concat([oldc, newc], ignore_index=True),
/Users/zhangzc/fable-trading/yoyo/evaluation/spike_high_r_risk_study.py:183: FutureWarning: The behavior of DataFrame concatenation with empty or all-NA entries is deprecated. In a future version, this will no longer exclude empty or all-NA columns when determining the result dtypes. To retain the old behavior, exclude the relevant entries before the concat operation.
  "fills": pd.concat([tag(bf, "baseline"), tag(tf, "high_r_entry_v21")], ignore_index=True),
/Users/zhangzc/fable-trading/yoyo/evaluation/spike_high_r_risk_study.py:182: FutureWarning: The behavior of DataFrame concatenation with empty or all-NA entries is deprecated. In a future version, this will no longer exclude empty or all-NA columns when determining the result dtypes. To retain the old behavior, exclude the relevant entries before the concat operation.
  "controls": pd.concat([oldc, newc], ignore_index=True),
/Users/zhangzc/fable-trading/yoyo/evaluation/spike_high_r_risk_study.py:182: FutureWarning: The behavior of DataFrame concatenation with empty or all-NA entries is deprecated. In a future version, this will no longer exclude empty or all-NA columns when determining the result dtypes. To retain the old behavior, exclude the relevant entries before the concat operation.
  "controls": pd.concat([oldc, newc], ignore_index=True),
/Users/zhangzc/fable-trading/yoyo/evaluation/spike_high_r_risk_study.py:182: FutureWarning: The behavior of DataFrame concatenation with empty or all-NA entries is deprecated. In a future version, this will no longer exclude empty or all-NA columns when determining the result dtypes. To retain the old behavior, exclude the relevant entries before the concat operation.
  "controls": pd.concat([oldc, newc], ignore_index=True),
/Users/zhangzc/fable-trading/yoyo/evaluation/spike_high_r_risk_study.py:182: FutureWarning: The behavior of DataFrame concatenation with empty or all-NA entries is deprecated. In a future version, this will no longer exclude empty or all-NA columns when determining the result dtypes. To retain the old behavior, exclude the relevant entries before the concat operation.
  "controls": pd.concat([oldc, newc], ignore_index=True),
/Users/zhangzc/fable-trading/yoyo/evaluation/spike_high_r_risk_study.py:182: FutureWarning: The behavior of DataFrame concatenation with empty or all-NA entries is deprecated. In a future version, this will no longer exclude empty or all-NA columns when determining the result dtypes. To retain the old behavior, exclude the relevant entries before the concat operation.
  "controls": pd.concat([oldc, newc], ignore_index=True),
/Users/zhangzc/fable-trading/yoyo/evaluation/spike_high_r_risk_study.py:182: FutureWarning: The behavior of DataFrame concatenation with empty or all-NA entries is deprecated. In a future version, this will no longer exclude empty or all-NA columns when determining the result dtypes. To retain the old behavior, exclude the relevant entries before the concat operation.
  "controls": pd.concat([oldc, newc], ignore_index=True),
/Users/zhangzc/fable-trading/yoyo/evaluation/spike_high_r_risk_study.py:182: FutureWarning: The behavior of DataFrame concatenation with empty or all-NA entries is deprecated. In a future version, this will no longer exclude empty or all-NA columns when determining the result dtypes. To retain the old behavior, exclude the relevant entries before the concat operation.
  "controls": pd.concat([oldc, newc], ignore_index=True),
/Users/zhangzc/fable-trading/yoyo/evaluation/spike_high_r_risk_study.py:182: FutureWarning: The behavior of DataFrame concatenation with empty or all-NA entries is deprecated. In a future version, this will no longer exclude empty or all-NA columns when determining the result dtypes. To retain the old behavior, exclude the relevant entries before the concat operation.
  "controls": pd.concat([oldc, newc], ignore_index=True),
/Users/zhangzc/fable-trading/yoyo/evaluation/spike_high_r_risk_study.py:182: FutureWarning: The behavior of DataFrame concatenation with empty or all-NA entries is deprecated. In a future version, this will no longer exclude empty or all-NA columns when determining the result dtypes. To retain the old behavior, exclude the relevant entries before the concat operation.
  "controls": pd.concat([oldc, newc], ignore_index=True),
/Users/zhangzc/fable-trading/yoyo/evaluation/spike_high_r_risk_study.py:182: FutureWarning: The behavior of DataFrame concatenation with empty or all-NA entries is deprecated. In a future version, this will no longer exclude empty or all-NA columns when determining the result dtypes. To retain the old behavior, exclude the relevant entries before the concat operation.
  "controls": pd.concat([oldc, newc], ignore_index=True),
/Users/zhangzc/fable-trading/yoyo/evaluation/spike_high_r_risk_study.py:182: FutureWarning: The behavior of DataFrame concatenation with empty or all-NA entries is deprecated. In a future version, this will no longer exclude empty or all-NA columns when determining the result dtypes. To retain the old behavior, exclude the relevant entries before the concat operation.
  "controls": pd.concat([oldc, newc], ignore_index=True),
/Users/zhangzc/fable-trading/yoyo/evaluation/spike_high_r_risk_study.py:182: FutureWarning: The behavior of DataFrame concatenation with empty or all-NA entries is deprecated. In a future version, this will no longer exclude empty or all-NA columns when determining the result dtypes. To retain the old behavior, exclude the relevant entries before the concat operation.
  "controls": pd.concat([oldc, newc], ignore_index=True),
/Users/zhangzc/fable-trading/yoyo/evaluation/spike_high_r_risk_study.py:182: FutureWarning: The behavior of DataFrame concatenation with empty or all-NA entries is deprecated. In a future version, this will no longer exclude empty or all-NA columns when determining the result dtypes. To retain the old behavior, exclude the relevant entries before the concat operation.
  "controls": pd.concat([oldc, newc], ignore_index=True),
/Users/zhangzc/fable-trading/yoyo/evaluation/spike_high_r_risk_study.py:182: FutureWarning: The behavior of DataFrame concatenation with empty or all-NA entries is deprecated. In a future version, this will no longer exclude empty or all-NA columns when determining the result dtypes. To retain the old behavior, exclude the relevant entries before the concat operation.
  "controls": pd.concat([oldc, newc], ignore_index=True),
{"done": 200, "target": 3531, "failures": 0, "seconds": 5.6}
/Users/zhangzc/fable-trading/yoyo/evaluation/spike_high_r_risk_study.py:182: FutureWarning: The behavior of DataFrame concatenation with empty or all-NA entries is deprecated. In a future version, this will no longer exclude empty or all-NA columns when determining the result dtypes. To retain the old behavior, exclude the relevant entries before the concat operation.
  "controls": pd.concat([oldc, newc], ignore_index=True),
/Users/zhangzc/fable-trading/yoyo/evaluation/spike_high_r_risk_study.py:182: FutureWarning: The behavior of DataFrame concatenation with empty or all-NA entries is deprecated. In a future version, this will no longer exclude empty or all-NA columns when determining the result dtypes. To retain the old behavior, exclude the relevant entries before the concat operation.
  "controls": pd.concat([oldc, newc], ignore_index=True),
/Users/zhangzc/fable-trading/yoyo/evaluation/spike_high_r_risk_study.py:182: FutureWarning: The behavior of DataFrame concatenation with empty or all-NA entries is deprecated. In a future version, this will no longer exclude empty or all-NA columns when determining the result dtypes. To retain the old behavior, exclude the relevant entries before the concat operation.
  "controls": pd.concat([oldc, newc], ignore_index=True),
/Users/zhangzc/fable-trading/yoyo/evaluation/spike_high_r_risk_study.py:182: FutureWarning: The behavior of DataFrame concatenation with empty or all-NA entries is deprecated. In a future version, this will no longer exclude empty or all-NA columns when determining the result dtypes. To retain the old behavior, exclude the relevant entries before the concat operation.
  "controls": pd.concat([oldc, newc], ignore_index=True),
/Users/zhangzc/fable-trading/yoyo/evaluation/spike_high_r_risk_study.py:182: FutureWarning: The behavior of DataFrame concatenation with empty or all-NA entries is deprecated. In a future version, this will no longer exclude empty or all-NA columns when determining the result dtypes. To retain the old behavior, exclude the relevant entries before the concat operation.
  "controls": pd.concat([oldc, newc], ignore_index=True),
/Users/zhangzc/fable-trading/yoyo/evaluation/spike_high_r_risk_study.py:182: FutureWarning: The behavior of DataFrame concatenation with empty or all-NA entries is deprecated. In a future version, this will no longer exclude empty or all-NA columns when determining the result dtypes. To retain the old behavior, exclude the relevant entries before the concat operation.
  "controls": pd.concat([oldc, newc], ignore_index=True),
/Users/zhangzc/fable-trading/yoyo/evaluation/spike_high_r_risk_study.py:182: FutureWarning: The behavior of DataFrame concatenation with empty or all-NA entries is deprecated. In a future version, this will no longer exclude empty or all-NA columns when determining the result dtypes. To retain the old behavior, exclude the relevant entries before the concat operation.
  "controls": pd.concat([oldc, newc], ignore_index=True),
/Users/zhangzc/fable-trading/yoyo/evaluation/spike_high_r_risk_study.py:182: FutureWarning: The behavior of DataFrame concatenation with empty or all-NA entries is deprecated. In a future version, this will no longer exclude empty or all-NA columns when determining the result dtypes. To retain the old behavior, exclude the relevant entries before the concat operation.
  "controls": pd.concat([oldc, newc], ignore_index=True),
/Users/zhangzc/fable-trading/yoyo/evaluation/spike_high_r_risk_study.py:182: FutureWarning: The behavior of DataFrame concatenation with empty or all-NA entries is deprecated. In a future version, this will no longer exclude empty or all-NA columns when determining the result dtypes. To retain the old behavior, exclude the relevant entries before the concat operation.
  "controls": pd.concat([oldc, newc], ignore_index=True),
/Users/zhangzc/fable-trading/yoyo/evaluation/spike_high_r_risk_study.py:182: FutureWarning: The behavior of DataFrame concatenation with empty or all-NA entries is deprecated. In a future version, this will no longer exclude empty or all-NA columns when determining the result dtypes. To retain the old behavior, exclude the relevant entries before the concat operation.
  "controls": pd.concat([oldc, newc], ignore_index=True),
/Users/zhangzc/fable-trading/yoyo/evaluation/spike_high_r_risk_study.py:182: FutureWarning: The behavior of DataFrame concatenation with empty or all-NA entries is deprecated. In a future version, this will no longer exclude empty or all-NA columns when determining the result dtypes. To retain the old behavior, exclude the relevant entries before the concat operation.
  "controls": pd.concat([oldc, newc], ignore_index=True),
/Users/zhangzc/fable-trading/yoyo/evaluation/spike_high_r_risk_study.py:182: FutureWarning: The behavior of DataFrame concatenation with empty or all-NA entries is deprecated. In a future version, this will no longer exclude empty or all-NA columns when determining the result dtypes. To retain the old behavior, exclude the relevant entries before the concat operation.
  "controls": pd.concat([oldc, newc], ignore_index=True),
/Users/zhangzc/fable-trading/yoyo/evaluation/spike_high_r_risk_study.py:182: FutureWarning: The behavior of DataFrame concatenation with empty or all-NA entries is deprecated. In a future version, this will no longer exclude empty or all-NA columns when determining the result dtypes. To retain the old behavior, exclude the relevant entries before the concat operation.
  "controls": pd.concat([oldc, newc], ignore_index=True),
/Users/zhangzc/fable-trading/yoyo/evaluation/spike_high_r_risk_study.py:182: FutureWarning: The behavior of DataFrame concatenation with empty or all-NA entries is deprecated. In a future version, this will no longer exclude empty or all-NA columns when determining the result dtypes. To retain the old behavior, exclude the relevant entries before the concat operation.
  "controls": pd.concat([oldc, newc], ignore_index=True),
/Users/zhangzc/fable-trading/yoyo/evaluation/spike_high_r_risk_study.py:182: FutureWarning: The behavior of DataFrame concatenation with empty or all-NA entries is deprecated. In a future version, this will no longer exclude empty or all-NA columns when determining the result dtypes. To retain the old behavior, exclude the relevant entries before the concat operation.
  "controls": pd.concat([oldc, newc], ignore_index=True),
/Users/zhangzc/fable-trading/yoyo/evaluation/spike_high_r_risk_study.py:182: FutureWarning: The behavior of DataFrame concatenation with empty or all-NA entries is deprecated. In a future version, this will no longer exclude empty or all-NA columns when determining the result dtypes. To retain the old behavior, exclude the relevant entries before the concat operation.
  "controls": pd.concat([oldc, newc], ignore_index=True),
/Users/zhangzc/fable-trading/yoyo/evaluation/spike_high_r_risk_study.py:182: FutureWarning: The behavior of DataFrame concatenation with empty or all-NA entries is deprecated. In a future version, this will no longer exclude empty or all-NA columns when determining the result dtypes. To retain the old behavior, exclude the relevant entries before the concat operation.
  "controls": pd.concat([oldc, newc], ignore_index=True),
/Users/zhangzc/fable-trading/yoyo/evaluation/spike_high_r_risk_study.py:181: FutureWarning: The behavior of DataFrame concatenation with empty or all-NA entries is deprecated. In a future version, this will no longer exclude empty or all-NA columns when determining the result dtypes. To retain the old behavior, exclude the relevant entries before the concat operation.
  tables = {"trades": pd.concat([baseline, treatment], ignore_index=True),
/Users/zhangzc/fable-trading/yoyo/evaluation/spike_high_r_risk_study.py:182: FutureWarning: The behavior of DataFrame concatenation with empty or all-NA entries is deprecated. In a future version, this will no longer exclude empty or all-NA columns when determining the result dtypes. To retain the old behavior, exclude the relevant entries before the concat operation.
  "controls": pd.concat([oldc, newc], ignore_index=True),
/Users/zhangzc/fable-trading/yoyo/evaluation/spike_high_r_risk_study.py:183: FutureWarning: The behavior of DataFrame concatenation with empty or all-NA entries is deprecated. In a future version, this will no longer exclude empty or all-NA columns when determining the result dtypes. To retain the old behavior, exclude the relevant entries before the concat operation.
  "fills": pd.concat([tag(bf, "baseline"), tag(tf, "high_r_entry_v21")], ignore_index=True),
/Users/zhangzc/fable-trading/yoyo/evaluation/spike_high_r_risk_study.py:182: FutureWarning: The behavior of DataFrame concatenation with empty or all-NA entries is deprecated. In a future version, this will no longer exclude empty or all-NA columns when determining the result dtypes. To retain the old behavior, exclude the relevant entries before the concat operation.
  "controls": pd.concat([oldc, newc], ignore_index=True),
/Users/zhangzc/fable-trading/yoyo/evaluation/spike_high_r_risk_study.py:182: FutureWarning: The behavior of DataFrame concatenation with empty or all-NA entries is deprecated. In a future version, this will no longer exclude empty or all-NA columns when determining the result dtypes. To retain the old behavior, exclude the relevant entries before the concat operation.
  "controls": pd.concat([oldc, newc], ignore_index=True),
/Users/zhangzc/fable-trading/yoyo/evaluation/spike_high_r_risk_study.py:182: FutureWarning: The behavior of DataFrame concatenation with empty or all-NA entries is deprecated. In a future version, this will no longer exclude empty or all-NA columns when determining the result dtypes. To retain the old behavior, exclude the relevant entries before the concat operation.
  "controls": pd.concat([oldc, newc], ignore_index=True),
/Users/zhangzc/fable-trading/yoyo/evaluation/spike_high_r_risk_study.py:182: FutureWarning: The behavior of DataFrame concatenation with empty or all-NA entries is deprecated. In a future version, this will no longer exclude empty or all-NA columns when determining the result dtypes. To retain the old behavior, exclude the relevant entries before the concat operation.
  "controls": pd.concat([oldc, newc], ignore_index=True),
/Users/zhangzc/fable-trading/yoyo/evaluation/spike_high_r_risk_study.py:182: FutureWarning: The behavior of DataFrame concatenation with empty or all-NA entries is deprecated. In a future version, this will no longer exclude empty or all-NA columns when determining the result dtypes. To retain the old behavior, exclude the relevant entries before the concat operation.
  "controls": pd.concat([oldc, newc], ignore_index=True),
/Users/zhangzc/fable-trading/yoyo/evaluation/spike_high_r_risk_study.py:182: FutureWarning: The behavior of DataFrame concatenation with empty or all-NA entries is deprecated. In a future version, this will no longer exclude empty or all-NA columns when determining the result dtypes. To retain the old behavior, exclude the relevant entries before the concat operation.
  "controls": pd.concat([oldc, newc], ignore_index=True),
/Users/zhangzc/fable-trading/yoyo/evaluation/spike_high_r_risk_study.py:182: FutureWarning: The behavior of DataFrame concatenation with empty or all-NA entries is deprecated. In a future version, this will no longer exclude empty or all-NA columns when determining the result dtypes. To retain the old behavior, exclude the relevant entries before the concat operation.
  "controls": pd.concat([oldc, newc], ignore_index=True),
/Users/zhangzc/fable-trading/yoyo/evaluation/spike_high_r_risk_study.py:182: FutureWarning: The behavior of DataFrame concatenation with empty or all-NA entries is deprecated. In a future version, this will no longer exclude empty or all-NA columns when determining the result dtypes. To retain the old behavior, exclude the relevant entries before the concat operation.
  "controls": pd.concat([oldc, newc], ignore_index=True),
/Users/zhangzc/fable-trading/yoyo/evaluation/spike_high_r_risk_study.py:182: FutureWarning: The behavior of DataFrame concatenation with empty or all-NA entries is deprecated. In a future version, this will no longer exclude empty or all-NA columns when determining the result dtypes. To retain the old behavior, exclude the relevant entries before the concat operation.
  "controls": pd.concat([oldc, newc], ignore_index=True),
/Users/zhangzc/fable-trading/yoyo/evaluation/spike_high_r_risk_study.py:182: FutureWarning: The behavior of DataFrame concatenation with empty or all-NA entries is deprecated. In a future version, this will no longer exclude empty or all-NA columns when determining the result dtypes. To retain the old behavior, exclude the relevant entries before the concat operation.
  "controls": pd.concat([oldc, newc], ignore_index=True),
/Users/zhangzc/fable-trading/yoyo/evaluation/spike_high_r_risk_study.py:181: FutureWarning: The behavior of DataFrame concatenation with empty or all-NA entries is deprecated. In a future version, this will no longer exclude empty or all-NA columns when determining the result dtypes. To retain the old behavior, exclude the relevant entries before the concat operation.
  tables = {"trades": pd.concat([baseline, treatment], ignore_index=True),
/Users/zhangzc/fable-trading/yoyo/evaluation/spike_high_r_risk_study.py:182: FutureWarning: The behavior of DataFrame concatenation with empty or all-NA entries is deprecated. In a future version, this will no longer exclude empty or all-NA columns when determining the result dtypes. To retain the old behavior, exclude the relevant entries before the concat operation.
  "controls": pd.concat([oldc, newc], ignore_index=True),
/Users/zhangzc/fable-trading/yoyo/evaluation/spike_high_r_risk_study.py:183: FutureWarning: The behavior of DataFrame concatenation with empty or all-NA entries is deprecated. In a future version, this will no longer exclude empty or all-NA columns when determining the result dtypes. To retain the old behavior, exclude the relevant entries before the concat operation.
  "fills": pd.concat([tag(bf, "baseline"), tag(tf, "high_r_entry_v21")], ignore_index=True),
/Users/zhangzc/fable-trading/yoyo/evaluation/spike_high_r_risk_study.py:182: FutureWarning: The behavior of DataFrame concatenation with empty or all-NA entries is deprecated. In a future version, this will no longer exclude empty or all-NA columns when determining the result dtypes. To retain the old behavior, exclude the relevant entries before the concat operation.
  "controls": pd.concat([oldc, newc], ignore_index=True),
/Users/zhangzc/fable-trading/yoyo/evaluation/spike_high_r_risk_study.py:182: FutureWarning: The behavior of DataFrame concatenation with empty or all-NA entries is deprecated. In a future version, this will no longer exclude empty or all-NA columns when determining the result dtypes. To retain the old behavior, exclude the relevant entries before the concat operation.
  "controls": pd.concat([oldc, newc], ignore_index=True),
/Users/zhangzc/fable-trading/yoyo/evaluation/spike_high_r_risk_study.py:182: FutureWarning: The behavior of DataFrame concatenation with empty or all-NA entries is deprecated. In a future version, this will no longer exclude empty or all-NA columns when determining the result dtypes. To retain the old behavior, exclude the relevant entries before the concat operation.
  "controls": pd.concat([oldc, newc], ignore_index=True),
/Users/zhangzc/fable-trading/yoyo/evaluation/spike_high_r_risk_study.py:182: FutureWarning: The behavior of DataFrame concatenation with empty or all-NA entries is deprecated. In a future version, this will no longer exclude empty or all-NA columns when determining the result dtypes. To retain the old behavior, exclude the relevant entries before the concat operation.
  "controls": pd.concat([oldc, newc], ignore_index=True),
/Users/zhangzc/fable-trading/yoyo/evaluation/spike_high_r_risk_study.py:182: FutureWarning: The behavior of DataFrame concatenation with empty or all-NA entries is deprecated. In a future version, this will no longer exclude empty or all-NA columns when determining the result dtypes. To retain the old behavior, exclude the relevant entries before the concat operation.
  "controls": pd.concat([oldc, newc], ignore_index=True),
{"done": 250, "target": 3531, "failures": 0, "seconds": 6.9}
/Users/zhangzc/fable-trading/yoyo/evaluation/spike_high_r_risk_study.py:182: FutureWarning: The behavior of DataFrame concatenation with empty or all-NA entries is deprecated. In a future version, this will no longer exclude empty or all-NA columns when determining the result dtypes. To retain the old behavior, exclude the relevant entries before the concat operation.
  "controls": pd.concat([oldc, newc], ignore_index=True),
/Users/zhangzc/fable-trading/yoyo/evaluation/spike_high_r_risk_study.py:182: FutureWarning: The behavior of DataFrame concatenation with empty or all-NA entries is deprecated. In a future version, this will no longer exclude empty or all-NA columns when determining the result dtypes. To retain the old behavior, exclude the relevant entries before the concat operation.
  "controls": pd.concat([oldc, newc], ignore_index=True),
/Users/zhangzc/fable-trading/yoyo/evaluation/spike_high_r_risk_study.py:182: FutureWarning: The behavior of DataFrame concatenation with empty or all-NA entries is deprecated. In a future version, this will no longer exclude empty or all-NA columns when determining the result dtypes. To retain the old behavior, exclude the relevant entries before the concat operation.
  "controls": pd.concat([oldc, newc], ignore_index=True),
/Users/zhangzc/fable-trading/yoyo/evaluation/spike_high_r_risk_study.py:182: FutureWarning: The behavior of DataFrame concatenation with empty or all-NA entries is deprecated. In a future version, this will no longer exclude empty or all-NA columns when determining the result dtypes. To retain the old behavior, exclude the relevant entries before the concat operation.
  "controls": pd.concat([oldc, newc], ignore_index=True),
/Users/zhangzc/fable-trading/yoyo/evaluation/spike_high_r_risk_study.py:182: FutureWarning: The behavior of DataFrame concatenation with empty or all-NA entries is deprecated. In a future version, this will no longer exclude empty or all-NA columns when determining the result dtypes. To retain the old behavior, exclude the relevant entries before the concat operation.
  "controls": pd.concat([oldc, newc], ignore_index=True),
/Users/zhangzc/fable-trading/yoyo/evaluation/spike_high_r_risk_study.py:182: FutureWarning: The behavior of DataFrame concatenation with empty or all-NA entries is deprecated. In a future version, this will no longer exclude empty or all-NA columns when determining the result dtypes. To retain the old behavior, exclude the relevant entries before the concat operation.
  "controls": pd.concat([oldc, newc], ignore_index=True),
/Users/zhangzc/fable-trading/yoyo/evaluation/spike_high_r_risk_study.py:182: FutureWarning: The behavior of DataFrame concatenation with empty or all-NA entries is deprecated. In a future version, this will no longer exclude empty or all-NA columns when determining the result dtypes. To retain the old behavior, exclude the relevant entries before the concat operation.
  "controls": pd.concat([oldc, newc], ignore_index=True),
/Users/zhangzc/fable-trading/yoyo/evaluation/spike_high_r_risk_study.py:182: FutureWarning: The behavior of DataFrame concatenation with empty or all-NA entries is deprecated. In a future version, this will no longer exclude empty or all-NA columns when determining the result dtypes. To retain the old behavior, exclude the relevant entries before the concat operation.
  "controls": pd.concat([oldc, newc], ignore_index=True),
/Users/zhangzc/fable-trading/yoyo/evaluation/spike_high_r_risk_study.py:182: FutureWarning: The behavior of DataFrame concatenation with empty or all-NA entries is deprecated. In a future version, this will no longer exclude empty or all-NA columns when determining the result dtypes. To retain the old behavior, exclude the relevant entries before the concat operation.
  "controls": pd.concat([oldc, newc], ignore_index=True),
/Users/zhangzc/fable-trading/yoyo/evaluation/spike_high_r_risk_study.py:182: FutureWarning: The behavior of DataFrame concatenation with empty or all-NA entries is deprecated. In a future version, this will no longer exclude empty or all-NA columns when determining the result dtypes. To retain the old behavior, exclude the relevant entries before the concat operation.
  "controls": pd.concat([oldc, newc], ignore_index=True),
/Users/zhangzc/fable-trading/yoyo/evaluation/spike_high_r_risk_study.py:182: FutureWarning: The behavior of DataFrame concatenation with empty or all-NA entries is deprecated. In a future version, this will no longer exclude empty or all-NA columns when determining the result dtypes. To retain the old behavior, exclude the relevant entries before the concat operation.
  "controls": pd.concat([oldc, newc], ignore_index=True),
/Users/zhangzc/fable-trading/yoyo/evaluation/spike_high_r_risk_study.py:181: FutureWarning: The behavior of DataFrame concatenation with empty or all-NA entries is deprecated. In a future version, this will no longer exclude empty or all-NA columns when determining the result dtypes. To retain the old behavior, exclude the relevant entries before the concat operation.
  tables = {"trades": pd.concat([baseline, treatment], ignore_index=True),
/Users/zhangzc/fable-trading/yoyo/evaluation/spike_high_r_risk_study.py:182: FutureWarning: The behavior of DataFrame concatenation with empty or all-NA entries is deprecated. In a future version, this will no longer exclude empty or all-NA columns when determining the result dtypes. To retain the old behavior, exclude the relevant entries before the concat operation.
  "controls": pd.concat([oldc, newc], ignore_index=True),
/Users/zhangzc/fable-trading/yoyo/evaluation/spike_high_r_risk_study.py:183: FutureWarning: The behavior of DataFrame concatenation with empty or all-NA entries is deprecated. In a future version, this will no longer exclude empty or all-NA columns when determining the result dtypes. To retain the old behavior, exclude the relevant entries before the concat operation.
  "fills": pd.concat([tag(bf, "baseline"), tag(tf, "high_r_entry_v21")], ignore_index=True),
/Users/zhangzc/fable-trading/yoyo/evaluation/spike_high_r_risk_study.py:182: FutureWarning: The behavior of DataFrame concatenation with empty or all-NA entries is deprecated. In a future version, this will no longer exclude empty or all-NA columns when determining the result dtypes. To retain the old behavior, exclude the relevant entries before the concat operation.
  "controls": pd.concat([oldc, newc], ignore_index=True),
/Users/zhangzc/fable-trading/yoyo/evaluation/spike_high_r_risk_study.py:181: FutureWarning: The behavior of DataFrame concatenation with empty or all-NA entries is deprecated. In a future version, this will no longer exclude empty or all-NA columns when determining the result dtypes. To retain the old behavior, exclude the relevant entries before the concat operation.
  tables = {"trades": pd.concat([baseline, treatment], ignore_index=True),
/Users/zhangzc/fable-trading/yoyo/evaluation/spike_high_r_risk_study.py:182: FutureWarning: The behavior of DataFrame concatenation with empty or all-NA entries is deprecated. In a future version, this will no longer exclude empty or all-NA columns when determining the result dtypes. To retain the old behavior, exclude the relevant entries before the concat operation.
  "controls": pd.concat([oldc, newc], ignore_index=True),
/Users/zhangzc/fable-trading/yoyo/evaluation/spike_high_r_risk_study.py:183: FutureWarning: The behavior of DataFrame concatenation with empty or all-NA entries is deprecated. In a future version, this will no longer exclude empty or all-NA columns when determining the result dtypes. To retain the old behavior, exclude the relevant entries before the concat operation.
  "fills": pd.concat([tag(bf, "baseline"), tag(tf, "high_r_entry_v21")], ignore_index=True),
/Users/zhangzc/fable-trading/yoyo/evaluation/spike_high_r_risk_study.py:182: FutureWarning: The behavior of DataFrame concatenation with empty or all-NA entries is deprecated. In a future version, this will no longer exclude empty or all-NA columns when determining the result dtypes. To retain the old behavior, exclude the relevant entries before the concat operation.
  "controls": pd.concat([oldc, newc], ignore_index=True),
/Users/zhangzc/fable-trading/yoyo/evaluation/spike_high_r_risk_study.py:182: FutureWarning: The behavior of DataFrame concatenation with empty or all-NA entries is deprecated. In a future version, this will no longer exclude empty or all-NA columns when determining the result dtypes. To retain the old behavior, exclude the relevant entries before the concat operation.
  "controls": pd.concat([oldc, newc], ignore_index=True),
/Users/zhangzc/fable-trading/yoyo/evaluation/spike_high_r_risk_study.py:182: FutureWarning: The behavior of DataFrame concatenation with empty or all-NA entries is deprecated. In a future version, this will no longer exclude empty or all-NA columns when determining the result dtypes. To retain the old behavior, exclude the relevant entries before the concat operation.
  "controls": pd.concat([oldc, newc], ignore_index=True),
/Users/zhangzc/fable-trading/yoyo/evaluation/spike_high_r_risk_study.py:181: FutureWarning: The behavior of DataFrame concatenation with empty or all-NA entries is deprecated. In a future version, this will no longer exclude empty or all-NA columns when determining the result dtypes. To retain the old behavior, exclude the relevant entries before the concat operation.
  tables = {"trades": pd.concat([baseline, treatment], ignore_index=True),
/Users/zhangzc/fable-trading/yoyo/evaluation/spike_high_r_risk_study.py:182: FutureWarning: The behavior of DataFrame concatenation with empty or all-NA entries is deprecated. In a future version, this will no longer exclude empty or all-NA columns when determining the result dtypes. To retain the old behavior, exclude the relevant entries before the concat operation.
  "controls": pd.concat([oldc, newc], ignore_index=True),
/Users/zhangzc/fable-trading/yoyo/evaluation/spike_high_r_risk_study.py:183: FutureWarning: The behavior of DataFrame concatenation with empty or all-NA entries is deprecated. In a future version, this will no longer exclude empty or all-NA columns when determining the result dtypes. To retain the old behavior, exclude the relevant entries before the concat operation.
  "fills": pd.concat([tag(bf, "baseline"), tag(tf, "high_r_entry_v21")], ignore_index=True),
/Users/zhangzc/fable-trading/yoyo/evaluation/spike_high_r_risk_study.py:182: FutureWarning: The behavior of DataFrame concatenation with empty or all-NA entries is deprecated. In a future version, this will no longer exclude empty or all-NA columns when determining the result dtypes. To retain the old behavior, exclude the relevant entries before the concat operation.
  "controls": pd.concat([oldc, newc], ignore_index=True),
/Users/zhangzc/fable-trading/yoyo/evaluation/spike_high_r_risk_study.py:181: FutureWarning: The behavior of DataFrame concatenation with empty or all-NA entries is deprecated. In a future version, this will no longer exclude empty or all-NA columns when determining the result dtypes. To retain the old behavior, exclude the relevant entries before the concat operation.
  tables = {"trades": pd.concat([baseline, treatment], ignore_index=True),
/Users/zhangzc/fable-trading/yoyo/evaluation/spike_high_r_risk_study.py:182: FutureWarning: The behavior of DataFrame concatenation with empty or all-NA entries is deprecated. In a future version, this will no longer exclude empty or all-NA columns when determining the result dtypes. To retain the old behavior, exclude the relevant entries before the concat operation.
  "controls": pd.concat([oldc, newc], ignore_index=True),
/Users/zhangzc/fable-trading/yoyo/evaluation/spike_high_r_risk_study.py:183: FutureWarning: The behavior of DataFrame concatenation with empty or all-NA entries is deprecated. In a future version, this will no longer exclude empty or all-NA columns when determining the result dtypes. To retain the old behavior, exclude the relevant entries before the concat operation.
  "fills": pd.concat([tag(bf, "baseline"), tag(tf, "high_r_entry_v21")], ignore_index=True),
/Users/zhangzc/fable-trading/yoyo/evaluation/spike_high_r_risk_study.py:182: FutureWarning: The behavior of DataFrame concatenation with empty or all-NA entries is deprecated. In a future version, this will no longer exclude empty or all-NA columns when determining the result dtypes. To retain the old behavior, exclude the relevant entries before the concat operation.
  "controls": pd.concat([oldc, newc], ignore_index=True),
/Users/zhangzc/fable-trading/yoyo/evaluation/spike_high_r_risk_study.py:182: FutureWarning: The behavior of DataFrame concatenation with empty or all-NA entries is deprecated. In a future version, this will no longer exclude empty or all-NA columns when determining the result dtypes. To retain the old behavior, exclude the relevant entries before the concat operation.
  "controls": pd.concat([oldc, newc], ignore_index=True),
/Users/zhangzc/fable-trading/yoyo/evaluation/spike_high_r_risk_study.py:182: FutureWarning: The behavior of DataFrame concatenation with empty or all-NA entries is deprecated. In a future version, this will no longer exclude empty or all-NA columns when determining the result dtypes. To retain the old behavior, exclude the relevant entries before the concat operation.
  "controls": pd.concat([oldc, newc], ignore_index=True),
/Users/zhangzc/fable-trading/yoyo/evaluation/spike_high_r_risk_study.py:182: FutureWarning: The behavior of DataFrame concatenation with empty or all-NA entries is deprecated. In a future version, this will no longer exclude empty or all-NA columns when determining the result dtypes. To retain the old behavior, exclude the relevant entries before the concat operation.
  "controls": pd.concat([oldc, newc], ignore_index=True),
/Users/zhangzc/fable-trading/yoyo/evaluation/spike_high_r_risk_study.py:182: FutureWarning: The behavior of DataFrame concatenation with empty or all-NA entries is deprecated. In a future version, this will no longer exclude empty or all-NA columns when determining the result dtypes. To retain the old behavior, exclude the relevant entries before the concat operation.
  "controls": pd.concat([oldc, newc], ignore_index=True),
/Users/zhangzc/fable-trading/yoyo/evaluation/spike_high_r_risk_study.py:181: FutureWarning: The behavior of DataFrame concatenation with empty or all-NA entries is deprecated. In a future version, this will no longer exclude empty or all-NA columns when determining the result dtypes. To retain the old behavior, exclude the relevant entries before the concat operation.
  tables = {"trades": pd.concat([baseline, treatment], ignore_index=True),
/Users/zhangzc/fable-trading/yoyo/evaluation/spike_high_r_risk_study.py:182: FutureWarning: The behavior of DataFrame concatenation with empty or all-NA entries is deprecated. In a future version, this will no longer exclude empty or all-NA columns when determining the result dtypes. To retain the old behavior, exclude the relevant entries before the concat operation.
  "controls": pd.concat([oldc, newc], ignore_index=True),
/Users/zhangzc/fable-trading/yoyo/evaluation/spike_high_r_risk_study.py:183: FutureWarning: The behavior of DataFrame concatenation with empty or all-NA entries is deprecated. In a future version, this will no longer exclude empty or all-NA columns when determining the result dtypes. To retain the old behavior, exclude the relevant entries before the concat operation.
  "fills": pd.concat([tag(bf, "baseline"), tag(tf, "high_r_entry_v21")], ignore_index=True),
/Users/zhangzc/fable-trading/yoyo/evaluation/spike_high_r_risk_study.py:181: FutureWarning: The behavior of DataFrame concatenation with empty or all-NA entries is deprecated. In a future version, this will no longer exclude empty or all-NA columns when determining the result dtypes. To retain the old behavior, exclude the relevant entries before the concat operation.
  tables = {"trades": pd.concat([baseline, treatment], ignore_index=True),
/Users/zhangzc/fable-trading/yoyo/evaluation/spike_high_r_risk_study.py:182: FutureWarning: The behavior of DataFrame concatenation with empty or all-NA entries is deprecated. In a future version, this will no longer exclude empty or all-NA columns when determining the result dtypes. To retain the old behavior, exclude the relevant entries before the concat operation.
  "controls": pd.concat([oldc, newc], ignore_index=True),
/Users/zhangzc/fable-trading/yoyo/evaluation/spike_high_r_risk_study.py:183: FutureWarning: The behavior of DataFrame concatenation with empty or all-NA entries is deprecated. In a future version, this will no longer exclude empty or all-NA columns when determining the result dtypes. To retain the old behavior, exclude the relevant entries before the concat operation.
  "fills": pd.concat([tag(bf, "baseline"), tag(tf, "high_r_entry_v21")], ignore_index=True),
/Users/zhangzc/fable-trading/yoyo/evaluation/spike_high_r_risk_study.py:182: FutureWarning: The behavior of DataFrame concatenation with empty or all-NA entries is deprecated. In a future version, this will no longer exclude empty or all-NA columns when determining the result dtypes. To retain the old behavior, exclude the relevant entries before the concat operation.
  "controls": pd.concat([oldc, newc], ignore_index=True),
/Users/zhangzc/fable-trading/yoyo/evaluation/spike_high_r_risk_study.py:182: FutureWarning: The behavior of DataFrame concatenation with empty or all-NA entries is deprecated. In a future version, this will no longer exclude empty or all-NA columns when determining the result dtypes. To retain the old behavior, exclude the relevant entries before the concat operation.
  "controls": pd.concat([oldc, newc], ignore_index=True),
/Users/zhangzc/fable-trading/yoyo/evaluation/spike_high_r_risk_study.py:182: FutureWarning: The behavior of DataFrame concatenation with empty or all-NA entries is deprecated. In a future version, this will no longer exclude empty or all-NA columns when determining the result dtypes. To retain the old behavior, exclude the relevant entries before the concat operation.
  "controls": pd.concat([oldc, newc], ignore_index=True),
/Users/zhangzc/fable-trading/yoyo/evaluation/spike_high_r_risk_study.py:182: FutureWarning: The behavior of DataFrame concatenation with empty or all-NA entries is deprecated. In a future version, this will no longer exclude empty or all-NA columns when determining the result dtypes. To retain the old behavior, exclude the relevant entries before the concat operation.
  "controls": pd.concat([oldc, newc], ignore_index=True),
/Users/zhangzc/fable-trading/yoyo/evaluation/spike_high_r_risk_study.py:182: FutureWarning: The behavior of DataFrame concatenation with empty or all-NA entries is deprecated. In a future version, this will no longer exclude empty or all-NA columns when determining the result dtypes. To retain the old behavior, exclude the relevant entries before the concat operation.
  "controls": pd.concat([oldc, newc], ignore_index=True),
/Users/zhangzc/fable-trading/yoyo/evaluation/spike_high_r_risk_study.py:181: FutureWarning: The behavior of DataFrame concatenation with empty or all-NA entries is deprecated. In a future version, this will no longer exclude empty or all-NA columns when determining the result dtypes. To retain the old behavior, exclude the relevant entries before the concat operation.
  tables = {"trades": pd.concat([baseline, treatment], ignore_index=True),
/Users/zhangzc/fable-trading/yoyo/evaluation/spike_high_r_risk_study.py:182: FutureWarning: The behavior of DataFrame concatenation with empty or all-NA entries is deprecated. In a future version, this will no longer exclude empty or all-NA columns when determining the result dtypes. To retain the old behavior, exclude the relevant entries before the concat operation.
  "controls": pd.concat([oldc, newc], ignore_index=True),
/Users/zhangzc/fable-trading/yoyo/evaluation/spike_high_r_risk_study.py:183: FutureWarning: The behavior of DataFrame concatenation with empty or all-NA entries is deprecated. In a future version, this will no longer exclude empty or all-NA columns when determining the result dtypes. To retain the old behavior, exclude the relevant entries before the concat operation.
  "fills": pd.concat([tag(bf, "baseline"), tag(tf, "high_r_entry_v21")], ignore_index=True),
{"done": 300, "target": 3531, "failures": 0, "seconds": 8.2}
/Users/zhangzc/fable-trading/yoyo/evaluation/spike_high_r_risk_study.py:182: FutureWarning: The behavior of DataFrame concatenation with empty or all-NA entries is deprecated. In a future version, this will no longer exclude empty or all-NA columns when determining the result dtypes. To retain the old behavior, exclude the relevant entries before the concat operation.
  "controls": pd.concat([oldc, newc], ignore_index=True),
/Users/zhangzc/fable-trading/yoyo/evaluation/spike_high_r_risk_study.py:182: FutureWarning: The behavior of DataFrame concatenation with empty or all-NA entries is deprecated. In a future version, this will no longer exclude empty or all-NA columns when determining the result dtypes. To retain the old behavior, exclude the relevant entries before the concat operation.
  "controls": pd.concat([oldc, newc], ignore_index=True),
/Users/zhangzc/fable-trading/yoyo/evaluation/spike_high_r_risk_study.py:182: FutureWarning: The behavior of DataFrame concatenation with empty or all-NA entries is deprecated. In a future version, this will no longer exclude empty or all-NA columns when determining the result dtypes. To retain the old behavior, exclude the relevant entries before the concat operation.
  "controls": pd.concat([oldc, newc], ignore_index=True),
/Users/zhangzc/fable-trading/yoyo/evaluation/spike_high_r_risk_study.py:182: FutureWarning: The behavior of DataFrame concatenation with empty or all-NA entries is deprecated. In a future version, this will no longer exclude empty or all-NA columns when determining the result dtypes. To retain the old behavior, exclude the relevant entries before the concat operation.
  "controls": pd.concat([oldc, newc], ignore_index=True),
/Users/zhangzc/fable-trading/yoyo/evaluation/spike_high_r_risk_study.py:182: FutureWarning: The behavior of DataFrame concatenation with empty or all-NA entries is deprecated. In a future version, this will no longer exclude empty or all-NA columns when determining the result dtypes. To retain the old behavior, exclude the relevant entries before the concat operation.
  "controls": pd.concat([oldc, newc], ignore_index=True),
/Users/zhangzc/fable-trading/yoyo/evaluation/spike_high_r_risk_study.py:182: FutureWarning: The behavior of DataFrame concatenation with empty or all-NA entries is deprecated. In a future version, this will no longer exclude empty or all-NA columns when determining the result dtypes. To retain the old behavior, exclude the relevant entries before the concat operation.
  "controls": pd.concat([oldc, newc], ignore_index=True),
/Users/zhangzc/fable-trading/yoyo/evaluation/spike_high_r_risk_study.py:182: FutureWarning: The behavior of DataFrame concatenation with empty or all-NA entries is deprecated. In a future version, this will no longer exclude empty or all-NA columns when determining the result dtypes. To retain the old behavior, exclude the relevant entries before the concat operation.
  "controls": pd.concat([oldc, newc], ignore_index=True),
/Users/zhangzc/fable-trading/yoyo/evaluation/spike_high_r_risk_study.py:182: FutureWarning: The behavior of DataFrame concatenation with empty or all-NA entries is deprecated. In a future version, this will no longer exclude empty or all-NA columns when determining the result dtypes. To retain the old behavior, exclude the relevant entries before the concat operation.
  "controls": pd.concat([oldc, newc], ignore_index=True),
/Users/zhangzc/fable-trading/yoyo/evaluation/spike_high_r_risk_study.py:182: FutureWarning: The behavior of DataFrame concatenation with empty or all-NA entries is deprecated. In a future version, this will no longer exclude empty or all-NA columns when determining the result dtypes. To retain the old behavior, exclude the relevant entries before the concat operation.
  "controls": pd.concat([oldc, newc], ignore_index=True),
/Users/zhangzc/fable-trading/yoyo/evaluation/spike_high_r_risk_study.py:182: FutureWarning: The behavior of DataFrame concatenation with empty or all-NA entries is deprecated. In a future version, this will no longer exclude empty or all-NA columns when determining the result dtypes. To retain the old behavior, exclude the relevant entries before the concat operation.
  "controls": pd.concat([oldc, newc], ignore_index=True),
/Users/zhangzc/fable-trading/yoyo/evaluation/spike_high_r_risk_study.py:182: FutureWarning: The behavior of DataFrame concatenation with empty or all-NA entries is deprecated. In a future version, this will no longer exclude empty or all-NA columns when determining the result dtypes. To retain the old behavior, exclude the relevant entries before the concat operation.
  "controls": pd.concat([oldc, newc], ignore_index=True),
/Users/zhangzc/fable-trading/yoyo/evaluation/spike_high_r_risk_study.py:182: FutureWarning: The behavior of DataFrame concatenation with empty or all-NA entries is deprecated. In a future version, this will no longer exclude empty or all-NA columns when determining the result dtypes. To retain the old behavior, exclude the relevant entries before the concat operation.
  "controls": pd.concat([oldc, newc], ignore_index=True),
/Users/zhangzc/fable-trading/yoyo/evaluation/spike_high_r_risk_study.py:182: FutureWarning: The behavior of DataFrame concatenation with empty or all-NA entries is deprecated. In a future version, this will no longer exclude empty or all-NA columns when determining the result dtypes. To retain the old behavior, exclude the relevant entries before the concat operation.
  "controls": pd.concat([oldc, newc], ignore_index=True),
/Users/zhangzc/fable-trading/yoyo/evaluation/spike_high_r_risk_study.py:182: FutureWarning: The behavior of DataFrame concatenation with empty or all-NA entries is deprecated. In a future version, this will no longer exclude empty or all-NA columns when determining the result dtypes. To retain the old behavior, exclude the relevant entries before the concat operation.
  "controls": pd.concat([oldc, newc], ignore_index=True),
/Users/zhangzc/fable-trading/yoyo/evaluation/spike_high_r_risk_study.py:182: FutureWarning: The behavior of DataFrame concatenation with empty or all-NA entries is deprecated. In a future version, this will no longer exclude empty or all-NA columns when determining the result dtypes. To retain the old behavior, exclude the relevant entries before the concat operation.
  "controls": pd.concat([oldc, newc], ignore_index=True),
/Users/zhangzc/fable-trading/yoyo/evaluation/spike_high_r_risk_study.py:182: FutureWarning: The behavior of DataFrame concatenation with empty or all-NA entries is deprecated. In a future version, this will no longer exclude empty or all-NA columns when determining the result dtypes. To retain the old behavior, exclude the relevant entries before the concat operation.
  "controls": pd.concat([oldc, newc], ignore_index=True),
/Users/zhangzc/fable-trading/yoyo/evaluation/spike_high_r_risk_study.py:182: FutureWarning: The behavior of DataFrame concatenation with empty or all-NA entries is deprecated. In a future version, this will no longer exclude empty or all-NA columns when determining the result dtypes. To retain the old behavior, exclude the relevant entries before the concat operation.
  "controls": pd.concat([oldc, newc], ignore_index=True),
/Users/zhangzc/fable-trading/yoyo/evaluation/spike_high_r_risk_study.py:182: FutureWarning: The behavior of DataFrame concatenation with empty or all-NA entries is deprecated. In a future version, this will no longer exclude empty or all-NA columns when determining the result dtypes. To retain the old behavior, exclude the relevant entries before the concat operation.
  "controls": pd.concat([oldc, newc], ignore_index=True),
/Users/zhangzc/fable-trading/yoyo/evaluation/spike_high_r_risk_study.py:182: FutureWarning: The behavior of DataFrame concatenation with empty or all-NA entries is deprecated. In a future version, this will no longer exclude empty or all-NA columns when determining the result dtypes. To retain the old behavior, exclude the relevant entries before the concat operation.
  "controls": pd.concat([oldc, newc], ignore_index=True),
/Users/zhangzc/fable-trading/yoyo/evaluation/spike_high_r_risk_study.py:182: FutureWarning: The behavior of DataFrame concatenation with empty or all-NA entries is deprecated. In a future version, this will no longer exclude empty or all-NA columns when determining the result dtypes. To retain the old behavior, exclude the relevant entries before the concat operation.
  "controls": pd.concat([oldc, newc], ignore_index=True),
/Users/zhangzc/fable-trading/yoyo/evaluation/spike_high_r_risk_study.py:182: FutureWarning: The behavior of DataFrame concatenation with empty or all-NA entries is deprecated. In a future version, this will no longer exclude empty or all-NA columns when determining the result dtypes. To retain the old behavior, exclude the relevant entries before the concat operation.
  "controls": pd.concat([oldc, newc], ignore_index=True),
/Users/zhangzc/fable-trading/yoyo/evaluation/spike_high_r_risk_study.py:182: FutureWarning: The behavior of DataFrame concatenation with empty or all-NA entries is deprecated. In a future version, this will no longer exclude empty or all-NA columns when determining the result dtypes. To retain the old behavior, exclude the relevant entries before the concat operation.
  "controls": pd.concat([oldc, newc], ignore_index=True),
/Users/zhangzc/fable-trading/yoyo/evaluation/spike_high_r_risk_study.py:182: FutureWarning: The behavior of DataFrame concatenation with empty or all-NA entries is deprecated. In a future version, this will no longer exclude empty or all-NA columns when determining the result dtypes. To retain the old behavior, exclude the relevant entries before the concat operation.
  "controls": pd.concat([oldc, newc], ignore_index=True),
/Users/zhangzc/fable-trading/yoyo/evaluation/spike_high_r_risk_study.py:182: FutureWarning: The behavior of DataFrame concatenation with empty or all-NA entries is deprecated. In a future version, this will no longer exclude empty or all-NA columns when determining the result dtypes. To retain the old behavior, exclude the relevant entries before the concat operation.
  "controls": pd.concat([oldc, newc], ignore_index=True),
/Users/zhangzc/fable-trading/yoyo/evaluation/spike_high_r_risk_study.py:182: FutureWarning: The behavior of DataFrame concatenation with empty or all-NA entries is deprecated. In a future version, this will no longer exclude empty or all-NA columns when determining the result dtypes. To retain the old behavior, exclude the relevant entries before the concat operation.
  "controls": pd.concat([oldc, newc], ignore_index=True),
/Users/zhangzc/fable-trading/yoyo/evaluation/spike_high_r_risk_study.py:182: FutureWarning: The behavior of DataFrame concatenation with empty or all-NA entries is deprecated. In a future version, this will no longer exclude empty or all-NA columns when determining the result dtypes. To retain the old behavior, exclude the relevant entries before the concat operation.
  "controls": pd.concat([oldc, newc], ignore_index=True),
/Users/zhangzc/fable-trading/yoyo/evaluation/spike_high_r_risk_study.py:182: FutureWarning: The behavior of DataFrame concatenation with empty or all-NA entries is deprecated. In a future version, this will no longer exclude empty or all-NA columns when determining the result dtypes. To retain the old behavior, exclude the relevant entries before the concat operation.
  "controls": pd.concat([oldc, newc], ignore_index=True),
/Users/zhangzc/fable-trading/yoyo/evaluation/spike_high_r_risk_study.py:182: FutureWarning: The behavior of DataFrame concatenation with empty or all-NA entries is deprecated. In a future version, this will no longer exclude empty or all-NA columns when determining the result dtypes. To retain the old behavior, exclude the relevant entries before the concat operation.
  "controls": pd.concat([oldc, newc], ignore_index=True),
/Users/zhangzc/fable-trading/yoyo/evaluation/spike_high_r_risk_study.py:182: FutureWarning: The behavior of DataFrame concatenation with empty or all-NA entries is deprecated. In a future version, this will no longer exclude empty or all-NA columns when determining the result dtypes. To retain the old behavior, exclude the relevant entries before the concat operation.
  "controls": pd.concat([oldc, newc], ignore_index=True),
/Users/zhangzc/fable-trading/yoyo/evaluation/spike_high_r_risk_study.py:182: FutureWarning: The behavior of DataFrame concatenation with empty or all-NA entries is deprecated. In a future version, this will no longer exclude empty or all-NA columns when determining the result dtypes. To retain the old behavior, exclude the relevant entries before the concat operation.
  "controls": pd.concat([oldc, newc], ignore_index=True),
/Users/zhangzc/fable-trading/yoyo/evaluation/spike_high_r_risk_study.py:182: FutureWarning: The behavior of DataFrame concatenation with empty or all-NA entries is deprecated. In a future version, this will no longer exclude empty or all-NA columns when determining the result dtypes. To retain the old behavior, exclude the relevant entries before the concat operation.
  "controls": pd.concat([oldc, newc], ignore_index=True),
/Users/zhangzc/fable-trading/yoyo/evaluation/spike_high_r_risk_study.py:182: FutureWarning: The behavior of DataFrame concatenation with empty or all-NA entries is deprecated. In a future version, this will no longer exclude empty or all-NA columns when determining the result dtypes. To retain the old behavior, exclude the relevant entries before the concat operation.
  "controls": pd.concat([oldc, newc], ignore_index=True),
/Users/zhangzc/fable-trading/yoyo/evaluation/spike_high_r_risk_study.py:182: FutureWarning: The behavior of DataFrame concatenation with empty or all-NA entries is deprecated. In a future version, this will no longer exclude empty or all-NA columns when determining the result dtypes. To retain the old behavior, exclude the relevant entries before the concat operation.
  "controls": pd.concat([oldc, newc], ignore_index=True),
/Users/zhangzc/fable-trading/yoyo/evaluation/spike_high_r_risk_study.py:182: FutureWarning: The behavior of DataFrame concatenation with empty or all-NA entries is deprecated. In a future version, this will no longer exclude empty or all-NA columns when determining the result dtypes. To retain the old behavior, exclude the relevant entries before the concat operation.
  "controls": pd.concat([oldc, newc], ignore_index=True),
/Users/zhangzc/fable-trading/yoyo/evaluation/spike_high_r_risk_study.py:182: FutureWarning: The behavior of DataFrame concatenation with empty or all-NA entries is deprecated. In a future version, this will no longer exclude empty or all-NA columns when determining the result dtypes. To retain the old behavior, exclude the relevant entries before the concat operation.
  "controls": pd.concat([oldc, newc], ignore_index=True),
{"done": 350, "target": 3531, "failures": 0, "seconds": 9.6}
/Users/zhangzc/fable-trading/yoyo/evaluation/spike_high_r_risk_study.py:182: FutureWarning: The behavior of DataFrame concatenation with empty or all-NA entries is deprecated. In a future version, this will no longer exclude empty or all-NA columns when determining the result dtypes. To retain the old behavior, exclude the relevant entries before the concat operation.
  "controls": pd.concat([oldc, newc], ignore_index=True),
/Users/zhangzc/fable-trading/yoyo/evaluation/spike_high_r_risk_study.py:182: FutureWarning: The behavior of DataFrame concatenation with empty or all-NA entries is deprecated. In a future version, this will no longer exclude empty or all-NA columns when determining the result dtypes. To retain the old behavior, exclude the relevant entries before the concat operation.
  "controls": pd.concat([oldc, newc], ignore_index=True),
/Users/zhangzc/fable-trading/yoyo/evaluation/spike_high_r_risk_study.py:182: FutureWarning: The behavior of DataFrame concatenation with empty or all-NA entries is deprecated. In a future version, this will no longer exclude empty or all-NA columns when determining the result dtypes. To retain the old behavior, exclude the relevant entries before the concat operation.
  "controls": pd.concat([oldc, newc], ignore_index=True),
/Users/zhangzc/fable-trading/yoyo/evaluation/spike_high_r_risk_study.py:182: FutureWarning: The behavior of DataFrame concatenation with empty or all-NA entries is deprecated. In a future version, this will no longer exclude empty or all-NA columns when determining the result dtypes. To retain the old behavior, exclude the relevant entries before the concat operation.
  "controls": pd.concat([oldc, newc], ignore_index=True),
/Users/zhangzc/fable-trading/yoyo/evaluation/spike_high_r_risk_study.py:182: FutureWarning: The behavior of DataFrame concatenation with empty or all-NA entries is deprecated. In a future version, this will no longer exclude empty or all-NA columns when determining the result dtypes. To retain the old behavior, exclude the relevant entries before the concat operation.
  "controls": pd.concat([oldc, newc], ignore_index=True),
/Users/zhangzc/fable-trading/yoyo/evaluation/spike_high_r_risk_study.py:182: FutureWarning: The behavior of DataFrame concatenation with empty or all-NA entries is deprecated. In a future version, this will no longer exclude empty or all-NA columns when determining the result dtypes. To retain the old behavior, exclude the relevant entries before the concat operation.
  "controls": pd.concat([oldc, newc], ignore_index=True),
/Users/zhangzc/fable-trading/yoyo/evaluation/spike_high_r_risk_study.py:182: FutureWarning: The behavior of DataFrame concatenation with empty or all-NA entries is deprecated. In a future version, this will no longer exclude empty or all-NA columns when determining the result dtypes. To retain the old behavior, exclude the relevant entries before the concat operation.
  "controls": pd.concat([oldc, newc], ignore_index=True),
/Users/zhangzc/fable-trading/yoyo/evaluation/spike_high_r_risk_study.py:181: FutureWarning: The behavior of DataFrame concatenation with empty or all-NA entries is deprecated. In a future version, this will no longer exclude empty or all-NA columns when determining the result dtypes. To retain the old behavior, exclude the relevant entries before the concat operation.
  tables = {"trades": pd.concat([baseline, treatment], ignore_index=True),
/Users/zhangzc/fable-trading/yoyo/evaluation/spike_high_r_risk_study.py:182: FutureWarning: The behavior of DataFrame concatenation with empty or all-NA entries is deprecated. In a future version, this will no longer exclude empty or all-NA columns when determining the result dtypes. To retain the old behavior, exclude the relevant entries before the concat operation.
  "controls": pd.concat([oldc, newc], ignore_index=True),
/Users/zhangzc/fable-trading/yoyo/evaluation/spike_high_r_risk_study.py:183: FutureWarning: The behavior of DataFrame concatenation with empty or all-NA entries is deprecated. In a future version, this will no longer exclude empty or all-NA columns when determining the result dtypes. To retain the old behavior, exclude the relevant entries before the concat operation.
  "fills": pd.concat([tag(bf, "baseline"), tag(tf, "high_r_entry_v21")], ignore_index=True),
/Users/zhangzc/fable-trading/yoyo/evaluation/spike_high_r_risk_study.py:182: FutureWarning: The behavior of DataFrame concatenation with empty or all-NA entries is deprecated. In a future version, this will no longer exclude empty or all-NA columns when determining the result dtypes. To retain the old behavior, exclude the relevant entries before the concat operation.
  "controls": pd.concat([oldc, newc], ignore_index=True),
/Users/zhangzc/fable-trading/yoyo/evaluation/spike_high_r_risk_study.py:181: FutureWarning: The behavior of DataFrame concatenation with empty or all-NA entries is deprecated. In a future version, this will no longer exclude empty or all-NA columns when determining the result dtypes. To retain the old behavior, exclude the relevant entries before the concat operation.
  tables = {"trades": pd.concat([baseline, treatment], ignore_index=True),
/Users/zhangzc/fable-trading/yoyo/evaluation/spike_high_r_risk_study.py:182: FutureWarning: The behavior of DataFrame concatenation with empty or all-NA entries is deprecated. In a future version, this will no longer exclude empty or all-NA columns when determining the result dtypes. To retain the old behavior, exclude the relevant entries before the concat operation.
  "controls": pd.concat([oldc, newc], ignore_index=True),
/Users/zhangzc/fable-trading/yoyo/evaluation/spike_high_r_risk_study.py:183: FutureWarning: The behavior of DataFrame concatenation with empty or all-NA entries is deprecated. In a future version, this will no longer exclude empty or all-NA columns when determining the result dtypes. To retain the old behavior, exclude the relevant entries before the concat operation.
  "fills": pd.concat([tag(bf, "baseline"), tag(tf, "high_r_entry_v21")], ignore_index=True),
/Users/zhangzc/fable-trading/yoyo/evaluation/spike_high_r_risk_study.py:182: FutureWarning: The behavior of DataFrame concatenation with empty or all-NA entries is deprecated. In a future version, this will no longer exclude empty or all-NA columns when determining the result dtypes. To retain the old behavior, exclude the relevant entries before the concat operation.
  "controls": pd.concat([oldc, newc], ignore_index=True),
/Users/zhangzc/fable-trading/yoyo/evaluation/spike_high_r_risk_study.py:182: FutureWarning: The behavior of DataFrame concatenation with empty or all-NA entries is deprecated. In a future version, this will no longer exclude empty or all-NA columns when determining the result dtypes. To retain the old behavior, exclude the relevant entries before the concat operation.
  "controls": pd.concat([oldc, newc], ignore_index=True),
/Users/zhangzc/fable-trading/yoyo/evaluation/spike_high_r_risk_study.py:182: FutureWarning: The behavior of DataFrame concatenation with empty or all-NA entries is deprecated. In a future version, this will no longer exclude empty or all-NA columns when determining the result dtypes. To retain the old behavior, exclude the relevant entries before the concat operation.
  "controls": pd.concat([oldc, newc], ignore_index=True),
/Users/zhangzc/fable-trading/yoyo/evaluation/spike_high_r_risk_study.py:181: FutureWarning: The behavior of DataFrame concatenation with empty or all-NA entries is deprecated. In a future version, this will no longer exclude empty or all-NA columns when determining the result dtypes. To retain the old behavior, exclude the relevant entries before the concat operation.
  tables = {"trades": pd.concat([baseline, treatment], ignore_index=True),
/Users/zhangzc/fable-trading/yoyo/evaluation/spike_high_r_risk_study.py:182: FutureWarning: The behavior of DataFrame concatenation with empty or all-NA entries is deprecated. In a future version, this will no longer exclude empty or all-NA columns when determining the result dtypes. To retain the old behavior, exclude the relevant entries before the concat operation.
  "controls": pd.concat([oldc, newc], ignore_index=True),
/Users/zhangzc/fable-trading/yoyo/evaluation/spike_high_r_risk_study.py:183: FutureWarning: The behavior of DataFrame concatenation with empty or all-NA entries is deprecated. In a future version, this will no longer exclude empty or all-NA columns when determining the result dtypes. To retain the old behavior, exclude the relevant entries before the concat operation.
  "fills": pd.concat([tag(bf, "baseline"), tag(tf, "high_r_entry_v21")], ignore_index=True),
/Users/zhangzc/fable-trading/yoyo/evaluation/spike_high_r_risk_study.py:182: FutureWarning: The behavior of DataFrame concatenation with empty or all-NA entries is deprecated. In a future version, this will no longer exclude empty or all-NA columns when determining the result dtypes. To retain the old behavior, exclude the relevant entries before the concat operation.
  "controls": pd.concat([oldc, newc], ignore_index=True),
/Users/zhangzc/fable-trading/yoyo/evaluation/spike_high_r_risk_study.py:182: FutureWarning: The behavior of DataFrame concatenation with empty or all-NA entries is deprecated. In a future version, this will no longer exclude empty or all-NA columns when determining the result dtypes. To retain the old behavior, exclude the relevant entries before the concat operation.
  "controls": pd.concat([oldc, newc], ignore_index=True),
/Users/zhangzc/fable-trading/yoyo/evaluation/spike_high_r_risk_study.py:182: FutureWarning: The behavior of DataFrame concatenation with empty or all-NA entries is deprecated. In a future version, this will no longer exclude empty or all-NA columns when determining the result dtypes. To retain the old behavior, exclude the relevant entries before the concat operation.
  "controls": pd.concat([oldc, newc], ignore_index=True),
/Users/zhangzc/fable-trading/yoyo/evaluation/spike_high_r_risk_study.py:182: FutureWarning: The behavior of DataFrame concatenation with empty or all-NA entries is deprecated. In a future version, this will no longer exclude empty or all-NA columns when determining the result dtypes. To retain the old behavior, exclude the relevant entries before the concat operation.
  "controls": pd.concat([oldc, newc], ignore_index=True),
/Users/zhangzc/fable-trading/yoyo/evaluation/spike_high_r_risk_study.py:182: FutureWarning: The behavior of DataFrame concatenation with empty or all-NA entries is deprecated. In a future version, this will no longer exclude empty or all-NA columns when determining the result dtypes. To retain the old behavior, exclude the relevant entries before the concat operation.
  "controls": pd.concat([oldc, newc], ignore_index=True),
/Users/zhangzc/fable-trading/yoyo/evaluation/spike_high_r_risk_study.py:182: FutureWarning: The behavior of DataFrame concatenation with empty or all-NA entries is deprecated. In a future version, this will no longer exclude empty or all-NA columns when determining the result dtypes. To retain the old behavior, exclude the relevant entries before the concat operation.
  "controls": pd.concat([oldc, newc], ignore_index=True),
/Users/zhangzc/fable-trading/yoyo/evaluation/spike_high_r_risk_study.py:182: FutureWarning: The behavior of DataFrame concatenation with empty or all-NA entries is deprecated. In a future version, this will no longer exclude empty or all-NA columns when determining the result dtypes. To retain the old behavior, exclude the relevant entries before the concat operation.
  "controls": pd.concat([oldc, newc], ignore_index=True),
/Users/zhangzc/fable-trading/yoyo/evaluation/spike_high_r_risk_study.py:181: FutureWarning: The behavior of DataFrame concatenation with empty or all-NA entries is deprecated. In a future version, this will no longer exclude empty or all-NA columns when determining the result dtypes. To retain the old behavior, exclude the relevant entries before the concat operation.
  tables = {"trades": pd.concat([baseline, treatment], ignore_index=True),
/Users/zhangzc/fable-trading/yoyo/evaluation/spike_high_r_risk_study.py:182: FutureWarning: The behavior of DataFrame concatenation with empty or all-NA entries is deprecated. In a future version, this will no longer exclude empty or all-NA columns when determining the result dtypes. To retain the old behavior, exclude the relevant entries before the concat operation.
  "controls": pd.concat([oldc, newc], ignore_index=True),
/Users/zhangzc/fable-trading/yoyo/evaluation/spike_high_r_risk_study.py:183: FutureWarning: The behavior of DataFrame concatenation with empty or all-NA entries is deprecated. In a future version, this will no longer exclude empty or all-NA columns when determining the result dtypes. To retain the old behavior, exclude the relevant entries before the concat operation.
  "fills": pd.concat([tag(bf, "baseline"), tag(tf, "high_r_entry_v21")], ignore_index=True),
/Users/zhangzc/fable-trading/yoyo/evaluation/spike_high_r_risk_study.py:181: FutureWarning: The behavior of DataFrame concatenation with empty or all-NA entries is deprecated. In a future version, this will no longer exclude empty or all-NA columns when determining the result dtypes. To retain the old behavior, exclude the relevant entries before the concat operation.
  tables = {"trades": pd.concat([baseline, treatment], ignore_index=True),
/Users/zhangzc/fable-trading/yoyo/evaluation/spike_high_r_risk_study.py:182: FutureWarning: The behavior of DataFrame concatenation with empty or all-NA entries is deprecated. In a future version, this will no longer exclude empty or all-NA columns when determining the result dtypes. To retain the old behavior, exclude the relevant entries before the concat operation.
  "controls": pd.concat([oldc, newc], ignore_index=True),
/Users/zhangzc/fable-trading/yoyo/evaluation/spike_high_r_risk_study.py:183: FutureWarning: The behavior of DataFrame concatenation with empty or all-NA entries is deprecated. In a future version, this will no longer exclude empty or all-NA columns when determining the result dtypes. To retain the old behavior, exclude the relevant entries before the concat operation.
  "fills": pd.concat([tag(bf, "baseline"), tag(tf, "high_r_entry_v21")], ignore_index=True),
/Users/zhangzc/fable-trading/yoyo/evaluation/spike_high_r_risk_study.py:182: FutureWarning: The behavior of DataFrame concatenation with empty or all-NA entries is deprecated. In a future version, this will no longer exclude empty or all-NA columns when determining the result dtypes. To retain the old behavior, exclude the relevant entries before the concat operation.
  "controls": pd.concat([oldc, newc], ignore_index=True),
/Users/zhangzc/fable-trading/yoyo/evaluation/spike_high_r_risk_study.py:182: FutureWarning: The behavior of DataFrame concatenation with empty or all-NA entries is deprecated. In a future version, this will no longer exclude empty or all-NA columns when determining the result dtypes. To retain the old behavior, exclude the relevant entries before the concat operation.
  "controls": pd.concat([oldc, newc], ignore_index=True),
/Users/zhangzc/fable-trading/yoyo/evaluation/spike_high_r_risk_study.py:182: FutureWarning: The behavior of DataFrame concatenation with empty or all-NA entries is deprecated. In a future version, this will no longer exclude empty or all-NA columns when determining the result dtypes. To retain the old behavior, exclude the relevant entries before the concat operation.
  "controls": pd.concat([oldc, newc], ignore_index=True),
/Users/zhangzc/fable-trading/yoyo/evaluation/spike_high_r_risk_study.py:182: FutureWarning: The behavior of DataFrame concatenation with empty or all-NA entries is deprecated. In a future version, this will no longer exclude empty or all-NA columns when determining the result dtypes. To retain the old behavior, exclude the relevant entries before the concat operation.
  "controls": pd.concat([oldc, newc], ignore_index=True),
/Users/zhangzc/fable-trading/yoyo/evaluation/spike_high_r_risk_study.py:181: FutureWarning: The behavior of DataFrame concatenation with empty or all-NA entries is deprecated. In a future version, this will no longer exclude empty or all-NA columns when determining the result dtypes. To retain the old behavior, exclude the relevant entries before the concat operation.
  tables = {"trades": pd.concat([baseline, treatment], ignore_index=True),
/Users/zhangzc/fable-trading/yoyo/evaluation/spike_high_r_risk_study.py:182: FutureWarning: The behavior of DataFrame concatenation with empty or all-NA entries is deprecated. In a future version, this will no longer exclude empty or all-NA columns when determining the result dtypes. To retain the old behavior, exclude the relevant entries before the concat operation.
  "controls": pd.concat([oldc, newc], ignore_index=True),
/Users/zhangzc/fable-trading/yoyo/evaluation/spike_high_r_risk_study.py:183: FutureWarning: The behavior of DataFrame concatenation with empty or all-NA entries is deprecated. In a future version, this will no longer exclude empty or all-NA columns when determining the result dtypes. To retain the old behavior, exclude the relevant entries before the concat operation.
  "fills": pd.concat([tag(bf, "baseline"), tag(tf, "high_r_entry_v21")], ignore_index=True),
/Users/zhangzc/fable-trading/yoyo/evaluation/spike_high_r_risk_study.py:182: FutureWarning: The behavior of DataFrame concatenation with empty or all-NA entries is deprecated. In a future version, this will no longer exclude empty or all-NA columns when determining the result dtypes. To retain the old behavior, exclude the relevant entries before the concat operation.
  "controls": pd.concat([oldc, newc], ignore_index=True),
/Users/zhangzc/fable-trading/yoyo/evaluation/spike_high_r_risk_study.py:182: FutureWarning: The behavior of DataFrame concatenation with empty or all-NA entries is deprecated. In a future version, this will no longer exclude empty or all-NA columns when determining the result dtypes. To retain the old behavior, exclude the relevant entries before the concat operation.
  "controls": pd.concat([oldc, newc], ignore_index=True),
/Users/zhangzc/fable-trading/yoyo/evaluation/spike_high_r_risk_study.py:182: FutureWarning: The behavior of DataFrame concatenation with empty or all-NA entries is deprecated. In a future version, this will no longer exclude empty or all-NA columns when determining the result dtypes. To retain the old behavior, exclude the relevant entries before the concat operation.
  "controls": pd.concat([oldc, newc], ignore_index=True),
/Users/zhangzc/fable-trading/yoyo/evaluation/spike_high_r_risk_study.py:182: FutureWarning: The behavior of DataFrame concatenation with empty or all-NA entries is deprecated. In a future version, this will no longer exclude empty or all-NA columns when determining the result dtypes. To retain the old behavior, exclude the relevant entries before the concat operation.
  "controls": pd.concat([oldc, newc], ignore_index=True),
/Users/zhangzc/fable-trading/yoyo/evaluation/spike_high_r_risk_study.py:182: FutureWarning: The behavior of DataFrame concatenation with empty or all-NA entries is deprecated. In a future version, this will no longer exclude empty or all-NA columns when determining the result dtypes. To retain the old behavior, exclude the relevant entries before the concat operation.
  "controls": pd.concat([oldc, newc], ignore_index=True),
/Users/zhangzc/fable-trading/yoyo/evaluation/spike_high_r_risk_study.py:182: FutureWarning: The behavior of DataFrame concatenation with empty or all-NA entries is deprecated. In a future version, this will no longer exclude empty or all-NA columns when determining the result dtypes. To retain the old behavior, exclude the relevant entries before the concat operation.
  "controls": pd.concat([oldc, newc], ignore_index=True),
/Users/zhangzc/fable-trading/yoyo/evaluation/spike_high_r_risk_study.py:182: FutureWarning: The behavior of DataFrame concatenation with empty or all-NA entries is deprecated. In a future version, this will no longer exclude empty or all-NA columns when determining the result dtypes. To retain the old behavior, exclude the relevant entries before the concat operation.
  "controls": pd.concat([oldc, newc], ignore_index=True),
{"done": 400, "target": 3531, "failures": 0, "seconds": 10.9}
/Users/zhangzc/fable-trading/yoyo/evaluation/spike_high_r_risk_study.py:182: FutureWarning: The behavior of DataFrame concatenation with empty or all-NA entries is deprecated. In a future version, this will no longer exclude empty or all-NA columns when determining the result dtypes. To retain the old behavior, exclude the relevant entries before the concat operation.
  "controls": pd.concat([oldc, newc], ignore_index=True),
/Users/zhangzc/fable-trading/yoyo/evaluation/spike_high_r_risk_study.py:182: FutureWarning: The behavior of DataFrame concatenation with empty or all-NA entries is deprecated. In a future version, this will no longer exclude empty or all-NA columns when determining the result dtypes. To retain the old behavior, exclude the relevant entries before the concat operation.
  "controls": pd.concat([oldc, newc], ignore_index=True),
/Users/zhangzc/fable-trading/yoyo/evaluation/spike_high_r_risk_study.py:182: FutureWarning: The behavior of DataFrame concatenation with empty or all-NA entries is deprecated. In a future version, this will no longer exclude empty or all-NA columns when determining the result dtypes. To retain the old behavior, exclude the relevant entries before the concat operation.
  "controls": pd.concat([oldc, newc], ignore_index=True),
/Users/zhangzc/fable-trading/yoyo/evaluation/spike_high_r_risk_study.py:182: FutureWarning: The behavior of DataFrame concatenation with empty or all-NA entries is deprecated. In a future version, this will no longer exclude empty or all-NA columns when determining the result dtypes. To retain the old behavior, exclude the relevant entries before the concat operation.
  "controls": pd.concat([oldc, newc], ignore_index=True),
/Users/zhangzc/fable-trading/yoyo/evaluation/spike_high_r_risk_study.py:181: FutureWarning: The behavior of DataFrame concatenation with empty or all-NA entries is deprecated. In a future version, this will no longer exclude empty or all-NA columns when determining the result dtypes. To retain the old behavior, exclude the relevant entries before the concat operation.
  tables = {"trades": pd.concat([baseline, treatment], ignore_index=True),
/Users/zhangzc/fable-trading/yoyo/evaluation/spike_high_r_risk_study.py:182: FutureWarning: The behavior of DataFrame concatenation with empty or all-NA entries is deprecated. In a future version, this will no longer exclude empty or all-NA columns when determining the result dtypes. To retain the old behavior, exclude the relevant entries before the concat operation.
  "controls": pd.concat([oldc, newc], ignore_index=True),
/Users/zhangzc/fable-trading/yoyo/evaluation/spike_high_r_risk_study.py:183: FutureWarning: The behavior of DataFrame concatenation with empty or all-NA entries is deprecated. In a future version, this will no longer exclude empty or all-NA columns when determining the result dtypes. To retain the old behavior, exclude the relevant entries before the concat operation.
  "fills": pd.concat([tag(bf, "baseline"), tag(tf, "high_r_entry_v21")], ignore_index=True),
/Users/zhangzc/fable-trading/yoyo/evaluation/spike_high_r_risk_study.py:182: FutureWarning: The behavior of DataFrame concatenation with empty or all-NA entries is deprecated. In a future version, this will no longer exclude empty or all-NA columns when determining the result dtypes. To retain the old behavior, exclude the relevant entries before the concat operation.
  "controls": pd.concat([oldc, newc], ignore_index=True),
/Users/zhangzc/fable-trading/yoyo/evaluation/spike_high_r_risk_study.py:182: FutureWarning: The behavior of DataFrame concatenation with empty or all-NA entries is deprecated. In a future version, this will no longer exclude empty or all-NA columns when determining the result dtypes. To retain the old behavior, exclude the relevant entries before the concat operation.
  "controls": pd.concat([oldc, newc], ignore_index=True),
/Users/zhangzc/fable-trading/yoyo/evaluation/spike_high_r_risk_study.py:182: FutureWarning: The behavior of DataFrame concatenation with empty or all-NA entries is deprecated. In a future version, this will no longer exclude empty or all-NA columns when determining the result dtypes. To retain the old behavior, exclude the relevant entries before the concat operation.
  "controls": pd.concat([oldc, newc], ignore_index=True),
/Users/zhangzc/fable-trading/yoyo/evaluation/spike_high_r_risk_study.py:182: FutureWarning: The behavior of DataFrame concatenation with empty or all-NA entries is deprecated. In a future version, this will no longer exclude empty or all-NA columns when determining the result dtypes. To retain the old behavior, exclude the relevant entries before the concat operation.
  "controls": pd.concat([oldc, newc], ignore_index=True),
/Users/zhangzc/fable-trading/yoyo/evaluation/spike_high_r_risk_study.py:182: FutureWarning: The behavior of DataFrame concatenation with empty or all-NA entries is deprecated. In a future version, this will no longer exclude empty or all-NA columns when determining the result dtypes. To retain the old behavior, exclude the relevant entries before the concat operation.
  "controls": pd.concat([oldc, newc], ignore_index=True),
/Users/zhangzc/fable-trading/yoyo/evaluation/spike_high_r_risk_study.py:182: FutureWarning: The behavior of DataFrame concatenation with empty or all-NA entries is deprecated. In a future version, this will no longer exclude empty or all-NA columns when determining the result dtypes. To retain the old behavior, exclude the relevant entries before the concat operation.
  "controls": pd.concat([oldc, newc], ignore_index=True),
/Users/zhangzc/fable-trading/yoyo/evaluation/spike_high_r_risk_study.py:182: FutureWarning: The behavior of DataFrame concatenation with empty or all-NA entries is deprecated. In a future version, this will no longer exclude empty or all-NA columns when determining the result dtypes. To retain the old behavior, exclude the relevant entries before the concat operation.
  "controls": pd.concat([oldc, newc], ignore_index=True),
/Users/zhangzc/fable-trading/yoyo/evaluation/spike_high_r_risk_study.py:182: FutureWarning: The behavior of DataFrame concatenation with empty or all-NA entries is deprecated. In a future version, this will no longer exclude empty or all-NA columns when determining the result dtypes. To retain the old behavior, exclude the relevant entries before the concat operation.
  "controls": pd.concat([oldc, newc], ignore_index=True),
/Users/zhangzc/fable-trading/yoyo/evaluation/spike_high_r_risk_study.py:182: FutureWarning: The behavior of DataFrame concatenation with empty or all-NA entries is deprecated. In a future version, this will no longer exclude empty or all-NA columns when determining the result dtypes. To retain the old behavior, exclude the relevant entries before the concat operation.
  "controls": pd.concat([oldc, newc], ignore_index=True),
/Users/zhangzc/fable-trading/yoyo/evaluation/spike_high_r_risk_study.py:182: FutureWarning: The behavior of DataFrame concatenation with empty or all-NA entries is deprecated. In a future version, this will no longer exclude empty or all-NA columns when determining the result dtypes. To retain the old behavior, exclude the relevant entries before the concat operation.
  "controls": pd.concat([oldc, newc], ignore_index=True),
/Users/zhangzc/fable-trading/yoyo/evaluation/spike_high_r_risk_study.py:182: FutureWarning: The behavior of DataFrame concatenation with empty or all-NA entries is deprecated. In a future version, this will no longer exclude empty or all-NA columns when determining the result dtypes. To retain the old behavior, exclude the relevant entries before the concat operation.
  "controls": pd.concat([oldc, newc], ignore_index=True),
/Users/zhangzc/fable-trading/yoyo/evaluation/spike_high_r_risk_study.py:182: FutureWarning: The behavior of DataFrame concatenation with empty or all-NA entries is deprecated. In a future version, this will no longer exclude empty or all-NA columns when determining the result dtypes. To retain the old behavior, exclude the relevant entries before the concat operation.
  "controls": pd.concat([oldc, newc], ignore_index=True),
/Users/zhangzc/fable-trading/yoyo/evaluation/spike_high_r_risk_study.py:182: FutureWarning: The behavior of DataFrame concatenation with empty or all-NA entries is deprecated. In a future version, this will no longer exclude empty or all-NA columns when determining the result dtypes. To retain the old behavior, exclude the relevant entries before the concat operation.
  "controls": pd.concat([oldc, newc], ignore_index=True),
/Users/zhangzc/fable-trading/yoyo/evaluation/spike_high_r_risk_study.py:182: FutureWarning: The behavior of DataFrame concatenation with empty or all-NA entries is deprecated. In a future version, this will no longer exclude empty or all-NA columns when determining the result dtypes. To retain the old behavior, exclude the relevant entries before the concat operation.
  "controls": pd.concat([oldc, newc], ignore_index=True),
/Users/zhangzc/fable-trading/yoyo/evaluation/spike_high_r_risk_study.py:182: FutureWarning: The behavior of DataFrame concatenation with empty or all-NA entries is deprecated. In a future version, this will no longer exclude empty or all-NA columns when determining the result dtypes. To retain the old behavior, exclude the relevant entries before the concat operation.
  "controls": pd.concat([oldc, newc], ignore_index=True),
/Users/zhangzc/fable-trading/yoyo/evaluation/spike_high_r_risk_study.py:182: FutureWarning: The behavior of DataFrame concatenation with empty or all-NA entries is deprecated. In a future version, this will no longer exclude empty or all-NA columns when determining the result dtypes. To retain the old behavior, exclude the relevant entries before the concat operation.
  "controls": pd.concat([oldc, newc], ignore_index=True),
/Users/zhangzc/fable-trading/yoyo/evaluation/spike_high_r_risk_study.py:182: FutureWarning: The behavior of DataFrame concatenation with empty or all-NA entries is deprecated. In a future version, this will no longer exclude empty or all-NA columns when determining the result dtypes. To retain the old behavior, exclude the relevant entries before the concat operation.
  "controls": pd.concat([oldc, newc], ignore_index=True),
/Users/zhangzc/fable-trading/yoyo/evaluation/spike_high_r_risk_study.py:182: FutureWarning: The behavior of DataFrame concatenation with empty or all-NA entries is deprecated. In a future version, this will no longer exclude empty or all-NA columns when determining the result dtypes. To retain the old behavior, exclude the relevant entries before the concat operation.
  "controls": pd.concat([oldc, newc], ignore_index=True),
/Users/zhangzc/fable-trading/yoyo/evaluation/spike_high_r_risk_study.py:182: FutureWarning: The behavior of DataFrame concatenation with empty or all-NA entries is deprecated. In a future version, this will no longer exclude empty or all-NA columns when determining the result dtypes. To retain the old behavior, exclude the relevant entries before the concat operation.
  "controls": pd.concat([oldc, newc], ignore_index=True),
/Users/zhangzc/fable-trading/yoyo/evaluation/spike_high_r_risk_study.py:182: FutureWarning: The behavior of DataFrame concatenation with empty or all-NA entries is deprecated. In a future version, this will no longer exclude empty or all-NA columns when determining the result dtypes. To retain the old behavior, exclude the relevant entries before the concat operation.
  "controls": pd.concat([oldc, newc], ignore_index=True),
/Users/zhangzc/fable-trading/yoyo/evaluation/spike_high_r_risk_study.py:182: FutureWarning: The behavior of DataFrame concatenation with empty or all-NA entries is deprecated. In a future version, this will no longer exclude empty or all-NA columns when determining the result dtypes. To retain the old behavior, exclude the relevant entries before the concat operation.
  "controls": pd.concat([oldc, newc], ignore_index=True),
/Users/zhangzc/fable-trading/yoyo/evaluation/spike_high_r_risk_study.py:182: FutureWarning: The behavior of DataFrame concatenation with empty or all-NA entries is deprecated. In a future version, this will no longer exclude empty or all-NA columns when determining the result dtypes. To retain the old behavior, exclude the relevant entries before the concat operation.
  "controls": pd.concat([oldc, newc], ignore_index=True),
/Users/zhangzc/fable-trading/yoyo/evaluation/spike_high_r_risk_study.py:182: FutureWarning: The behavior of DataFrame concatenation with empty or all-NA entries is deprecated. In a future version, this will no longer exclude empty or all-NA columns when determining the result dtypes. To retain the old behavior, exclude the relevant entries before the concat operation.
  "controls": pd.concat([oldc, newc], ignore_index=True),
/Users/zhangzc/fable-trading/yoyo/evaluation/spike_high_r_risk_study.py:182: FutureWarning: The behavior of DataFrame concatenation with empty or all-NA entries is deprecated. In a future version, this will no longer exclude empty or all-NA columns when determining the result dtypes. To retain the old behavior, exclude the relevant entries before the concat operation.
  "controls": pd.concat([oldc, newc], ignore_index=True),
/Users/zhangzc/fable-trading/yoyo/evaluation/spike_high_r_risk_study.py:182: FutureWarning: The behavior of DataFrame concatenation with empty or all-NA entries is deprecated. In a future version, this will no longer exclude empty or all-NA columns when determining the result dtypes. To retain the old behavior, exclude the relevant entries before the concat operation.
  "controls": pd.concat([oldc, newc], ignore_index=True),
/Users/zhangzc/fable-trading/yoyo/evaluation/spike_high_r_risk_study.py:182: FutureWarning: The behavior of DataFrame concatenation with empty or all-NA entries is deprecated. In a future version, this will no longer exclude empty or all-NA columns when determining the result dtypes. To retain the old behavior, exclude the relevant entries before the concat operation.
  "controls": pd.concat([oldc, newc], ignore_index=True),
/Users/zhangzc/fable-trading/yoyo/evaluation/spike_high_r_risk_study.py:182: FutureWarning: The behavior of DataFrame concatenation with empty or all-NA entries is deprecated. In a future version, this will no longer exclude empty or all-NA columns when determining the result dtypes. To retain the old behavior, exclude the relevant entries before the concat operation.
  "controls": pd.concat([oldc, newc], ignore_index=True),
/Users/zhangzc/fable-trading/yoyo/evaluation/spike_high_r_risk_study.py:182: FutureWarning: The behavior of DataFrame concatenation with empty or all-NA entries is deprecated. In a future version, this will no longer exclude empty or all-NA columns when determining the result dtypes. To retain the old behavior, exclude the relevant entries before the concat operation.
  "controls": pd.concat([oldc, newc], ignore_index=True),
{"done": 450, "target": 3531, "failures": 0, "seconds": 12.4}
/Users/zhangzc/fable-trading/yoyo/evaluation/spike_high_r_risk_study.py:182: FutureWarning: The behavior of DataFrame concatenation with empty or all-NA entries is deprecated. In a future version, this will no longer exclude empty or all-NA columns when determining the result dtypes. To retain the old behavior, exclude the relevant entries before the concat operation.
  "controls": pd.concat([oldc, newc], ignore_index=True),
/Users/zhangzc/fable-trading/yoyo/evaluation/spike_high_r_risk_study.py:182: FutureWarning: The behavior of DataFrame concatenation with empty or all-NA entries is deprecated. In a future version, this will no longer exclude empty or all-NA columns when determining the result dtypes. To retain the old behavior, exclude the relevant entries before the concat operation.
  "controls": pd.concat([oldc, newc], ignore_index=True),
/Users/zhangzc/fable-trading/yoyo/evaluation/spike_high_r_risk_study.py:182: FutureWarning: The behavior of DataFrame concatenation with empty or all-NA entries is deprecated. In a future version, this will no longer exclude empty or all-NA columns when determining the result dtypes. To retain the old behavior, exclude the relevant entries before the concat operation.
  "controls": pd.concat([oldc, newc], ignore_index=True),
/Users/zhangzc/fable-trading/yoyo/evaluation/spike_high_r_risk_study.py:182: FutureWarning: The behavior of DataFrame concatenation with empty or all-NA entries is deprecated. In a future version, this will no longer exclude empty or all-NA columns when determining the result dtypes. To retain the old behavior, exclude the relevant entries before the concat operation.
  "controls": pd.concat([oldc, newc], ignore_index=True),
/Users/zhangzc/fable-trading/yoyo/evaluation/spike_high_r_risk_study.py:182: FutureWarning: The behavior of DataFrame concatenation with empty or all-NA entries is deprecated. In a future version, this will no longer exclude empty or all-NA columns when determining the result dtypes. To retain the old behavior, exclude the relevant entries before the concat operation.
  "controls": pd.concat([oldc, newc], ignore_index=True),
/Users/zhangzc/fable-trading/yoyo/evaluation/spike_high_r_risk_study.py:182: FutureWarning: The behavior of DataFrame concatenation with empty or all-NA entries is deprecated. In a future version, this will no longer exclude empty or all-NA columns when determining the result dtypes. To retain the old behavior, exclude the relevant entries before the concat operation.
  "controls": pd.concat([oldc, newc], ignore_index=True),
/Users/zhangzc/fable-trading/yoyo/evaluation/spike_high_r_risk_study.py:182: FutureWarning: The behavior of DataFrame concatenation with empty or all-NA entries is deprecated. In a future version, this will no longer exclude empty or all-NA columns when determining the result dtypes. To retain the old behavior, exclude the relevant entries before the concat operation.
  "controls": pd.concat([oldc, newc], ignore_index=True),
/Users/zhangzc/fable-trading/yoyo/evaluation/spike_high_r_risk_study.py:182: FutureWarning: The behavior of DataFrame concatenation with empty or all-NA entries is deprecated. In a future version, this will no longer exclude empty or all-NA columns when determining the result dtypes. To retain the old behavior, exclude the relevant entries before the concat operation.
  "controls": pd.concat([oldc, newc], ignore_index=True),
/Users/zhangzc/fable-trading/yoyo/evaluation/spike_high_r_risk_study.py:182: FutureWarning: The behavior of DataFrame concatenation with empty or all-NA entries is deprecated. In a future version, this will no longer exclude empty or all-NA columns when determining the result dtypes. To retain the old behavior, exclude the relevant entries before the concat operation.
  "controls": pd.concat([oldc, newc], ignore_index=True),
/Users/zhangzc/fable-trading/yoyo/evaluation/spike_high_r_risk_study.py:182: FutureWarning: The behavior of DataFrame concatenation with empty or all-NA entries is deprecated. In a future version, this will no longer exclude empty or all-NA columns when determining the result dtypes. To retain the old behavior, exclude the relevant entries before the concat operation.
  "controls": pd.concat([oldc, newc], ignore_index=True),
/Users/zhangzc/fable-trading/yoyo/evaluation/spike_high_r_risk_study.py:182: FutureWarning: The behavior of DataFrame concatenation with empty or all-NA entries is deprecated. In a future version, this will no longer exclude empty or all-NA columns when determining the result dtypes. To retain the old behavior, exclude the relevant entries before the concat operation.
  "controls": pd.concat([oldc, newc], ignore_index=True),
/Users/zhangzc/fable-trading/yoyo/evaluation/spike_high_r_risk_study.py:182: FutureWarning: The behavior of DataFrame concatenation with empty or all-NA entries is deprecated. In a future version, this will no longer exclude empty or all-NA columns when determining the result dtypes. To retain the old behavior, exclude the relevant entries before the concat operation.
  "controls": pd.concat([oldc, newc], ignore_index=True),
/Users/zhangzc/fable-trading/yoyo/evaluation/spike_high_r_risk_study.py:182: FutureWarning: The behavior of DataFrame concatenation with empty or all-NA entries is deprecated. In a future version, this will no longer exclude empty or all-NA columns when determining the result dtypes. To retain the old behavior, exclude the relevant entries before the concat operation.
  "controls": pd.concat([oldc, newc], ignore_index=True),
/Users/zhangzc/fable-trading/yoyo/evaluation/spike_high_r_risk_study.py:182: FutureWarning: The behavior of DataFrame concatenation with empty or all-NA entries is deprecated. In a future version, this will no longer exclude empty or all-NA columns when determining the result dtypes. To retain the old behavior, exclude the relevant entries before the concat operation.
  "controls": pd.concat([oldc, newc], ignore_index=True),
/Users/zhangzc/fable-trading/yoyo/evaluation/spike_high_r_risk_study.py:182: FutureWarning: The behavior of DataFrame concatenation with empty or all-NA entries is deprecated. In a future version, this will no longer exclude empty or all-NA columns when determining the result dtypes. To retain the old behavior, exclude the relevant entries before the concat operation.
  "controls": pd.concat([oldc, newc], ignore_index=True),
/Users/zhangzc/fable-trading/yoyo/evaluation/spike_high_r_risk_study.py:182: FutureWarning: The behavior of DataFrame concatenation with empty or all-NA entries is deprecated. In a future version, this will no longer exclude empty or all-NA columns when determining the result dtypes. To retain the old behavior, exclude the relevant entries before the concat operation.
  "controls": pd.concat([oldc, newc], ignore_index=True),
/Users/zhangzc/fable-trading/yoyo/evaluation/spike_high_r_risk_study.py:182: FutureWarning: The behavior of DataFrame concatenation with empty or all-NA entries is deprecated. In a future version, this will no longer exclude empty or all-NA columns when determining the result dtypes. To retain the old behavior, exclude the relevant entries before the concat operation.
  "controls": pd.concat([oldc, newc], ignore_index=True),
/Users/zhangzc/fable-trading/yoyo/evaluation/spike_high_r_risk_study.py:181: FutureWarning: The behavior of DataFrame concatenation with empty or all-NA entries is deprecated. In a future version, this will no longer exclude empty or all-NA columns when determining the result dtypes. To retain the old behavior, exclude the relevant entries before the concat operation.
  tables = {"trades": pd.concat([baseline, treatment], ignore_index=True),
/Users/zhangzc/fable-trading/yoyo/evaluation/spike_high_r_risk_study.py:182: FutureWarning: The behavior of DataFrame concatenation with empty or all-NA entries is deprecated. In a future version, this will no longer exclude empty or all-NA columns when determining the result dtypes. To retain the old behavior, exclude the relevant entries before the concat operation.
  "controls": pd.concat([oldc, newc], ignore_index=True),
/Users/zhangzc/fable-trading/yoyo/evaluation/spike_high_r_risk_study.py:183: FutureWarning: The behavior of DataFrame concatenation with empty or all-NA entries is deprecated. In a future version, this will no longer exclude empty or all-NA columns when determining the result dtypes. To retain the old behavior, exclude the relevant entries before the concat operation.
  "fills": pd.concat([tag(bf, "baseline"), tag(tf, "high_r_entry_v21")], ignore_index=True),
/Users/zhangzc/fable-trading/yoyo/evaluation/spike_high_r_risk_study.py:182: FutureWarning: The behavior of DataFrame concatenation with empty or all-NA entries is deprecated. In a future version, this will no longer exclude empty or all-NA columns when determining the result dtypes. To retain the old behavior, exclude the relevant entries before the concat operation.
  "controls": pd.concat([oldc, newc], ignore_index=True),
/Users/zhangzc/fable-trading/yoyo/evaluation/spike_high_r_risk_study.py:182: FutureWarning: The behavior of DataFrame concatenation with empty or all-NA entries is deprecated. In a future version, this will no longer exclude empty or all-NA columns when determining the result dtypes. To retain the old behavior, exclude the relevant entries before the concat operation.
  "controls": pd.concat([oldc, newc], ignore_index=True),
/Users/zhangzc/fable-trading/yoyo/evaluation/spike_high_r_risk_study.py:182: FutureWarning: The behavior of DataFrame concatenation with empty or all-NA entries is deprecated. In a future version, this will no longer exclude empty or all-NA columns when determining the result dtypes. To retain the old behavior, exclude the relevant entries before the concat operation.
  "controls": pd.concat([oldc, newc], ignore_index=True),
/Users/zhangzc/fable-trading/yoyo/evaluation/spike_high_r_risk_study.py:182: FutureWarning: The behavior of DataFrame concatenation with empty or all-NA entries is deprecated. In a future version, this will no longer exclude empty or all-NA columns when determining the result dtypes. To retain the old behavior, exclude the relevant entries before the concat operation.
  "controls": pd.concat([oldc, newc], ignore_index=True),
/Users/zhangzc/fable-trading/yoyo/evaluation/spike_high_r_risk_study.py:182: FutureWarning: The behavior of DataFrame concatenation with empty or all-NA entries is deprecated. In a future version, this will no longer exclude empty or all-NA columns when determining the result dtypes. To retain the old behavior, exclude the relevant entries before the concat operation.
  "controls": pd.concat([oldc, newc], ignore_index=True),
/Users/zhangzc/fable-trading/yoyo/evaluation/spike_high_r_risk_study.py:182: FutureWarning: The behavior of DataFrame concatenation with empty or all-NA entries is deprecated. In a future version, this will no longer exclude empty or all-NA columns when determining the result dtypes. To retain the old behavior, exclude the relevant entries before the concat operation.
  "controls": pd.concat([oldc, newc], ignore_index=True),
/Users/zhangzc/fable-trading/yoyo/evaluation/spike_high_r_risk_study.py:182: FutureWarning: The behavior of DataFrame concatenation with empty or all-NA entries is deprecated. In a future version, this will no longer exclude empty or all-NA columns when determining the result dtypes. To retain the old behavior, exclude the relevant entries before the concat operation.
  "controls": pd.concat([oldc, newc], ignore_index=True),
/Users/zhangzc/fable-trading/yoyo/evaluation/spike_high_r_risk_study.py:182: FutureWarning: The behavior of DataFrame concatenation with empty or all-NA entries is deprecated. In a future version, this will no longer exclude empty or all-NA columns when determining the result dtypes. To retain the old behavior, exclude the relevant entries before the concat operation.
  "controls": pd.concat([oldc, newc], ignore_index=True),
/Users/zhangzc/fable-trading/yoyo/evaluation/spike_high_r_risk_study.py:182: FutureWarning: The behavior of DataFrame concatenation with empty or all-NA entries is deprecated. In a future version, this will no longer exclude empty or all-NA columns when determining the result dtypes. To retain the old behavior, exclude the relevant entries before the concat operation.
  "controls": pd.concat([oldc, newc], ignore_index=True),
/Users/zhangzc/fable-trading/yoyo/evaluation/spike_high_r_risk_study.py:182: FutureWarning: The behavior of DataFrame concatenation with empty or all-NA entries is deprecated. In a future version, this will no longer exclude empty or all-NA columns when determining the result dtypes. To retain the old behavior, exclude the relevant entries before the concat operation.
  "controls": pd.concat([oldc, newc], ignore_index=True),
/Users/zhangzc/fable-trading/yoyo/evaluation/spike_high_r_risk_study.py:182: FutureWarning: The behavior of DataFrame concatenation with empty or all-NA entries is deprecated. In a future version, this will no longer exclude empty or all-NA columns when determining the result dtypes. To retain the old behavior, exclude the relevant entries before the concat operation.
  "controls": pd.concat([oldc, newc], ignore_index=True),
/Users/zhangzc/fable-trading/yoyo/evaluation/spike_high_r_risk_study.py:182: FutureWarning: The behavior of DataFrame concatenation with empty or all-NA entries is deprecated. In a future version, this will no longer exclude empty or all-NA columns when determining the result dtypes. To retain the old behavior, exclude the relevant entries before the concat operation.
  "controls": pd.concat([oldc, newc], ignore_index=True),
/Users/zhangzc/fable-trading/yoyo/evaluation/spike_high_r_risk_study.py:182: FutureWarning: The behavior of DataFrame concatenation with empty or all-NA entries is deprecated. In a future version, this will no longer exclude empty or all-NA columns when determining the result dtypes. To retain the old behavior, exclude the relevant entries before the concat operation.
  "controls": pd.concat([oldc, newc], ignore_index=True),
/Users/zhangzc/fable-trading/yoyo/evaluation/spike_high_r_risk_study.py:182: FutureWarning: The behavior of DataFrame concatenation with empty or all-NA entries is deprecated. In a future version, this will no longer exclude empty or all-NA columns when determining the result dtypes. To retain the old behavior, exclude the relevant entries before the concat operation.
  "controls": pd.concat([oldc, newc], ignore_index=True),
/Users/zhangzc/fable-trading/yoyo/evaluation/spike_high_r_risk_study.py:182: FutureWarning: The behavior of DataFrame concatenation with empty or all-NA entries is deprecated. In a future version, this will no longer exclude empty or all-NA columns when determining the result dtypes. To retain the old behavior, exclude the relevant entries before the concat operation.
  "controls": pd.concat([oldc, newc], ignore_index=True),
/Users/zhangzc/fable-trading/yoyo/evaluation/spike_high_r_risk_study.py:182: FutureWarning: The behavior of DataFrame concatenation with empty or all-NA entries is deprecated. In a future version, this will no longer exclude empty or all-NA columns when determining the result dtypes. To retain the old behavior, exclude the relevant entries before the concat operation.
  "controls": pd.concat([oldc, newc], ignore_index=True),
/Users/zhangzc/fable-trading/yoyo/evaluation/spike_high_r_risk_study.py:182: FutureWarning: The behavior of DataFrame concatenation with empty or all-NA entries is deprecated. In a future version, this will no longer exclude empty or all-NA columns when determining the result dtypes. To retain the old behavior, exclude the relevant entries before the concat operation.
  "controls": pd.concat([oldc, newc], ignore_index=True),
{"done": 500, "target": 3531, "failures": 0, "seconds": 13.6}
/Users/zhangzc/fable-trading/yoyo/evaluation/spike_high_r_risk_study.py:182: FutureWarning: The behavior of DataFrame concatenation with empty or all-NA entries is deprecated. In a future version, this will no longer exclude empty or all-NA columns when determining the result dtypes. To retain the old behavior, exclude the relevant entries before the concat operation.
  "controls": pd.concat([oldc, newc], ignore_index=True),
/Users/zhangzc/fable-trading/yoyo/evaluation/spike_high_r_risk_study.py:182: FutureWarning: The behavior of DataFrame concatenation with empty or all-NA entries is deprecated. In a future version, this will no longer exclude empty or all-NA columns when determining the result dtypes. To retain the old behavior, exclude the relevant entries before the concat operation.
  "controls": pd.concat([oldc, newc], ignore_index=True),
/Users/zhangzc/fable-trading/yoyo/evaluation/spike_high_r_risk_study.py:182: FutureWarning: The behavior of DataFrame concatenation with empty or all-NA entries is deprecated. In a future version, this will no longer exclude empty or all-NA columns when determining the result dtypes. To retain the old behavior, exclude the relevant entries before the concat operation.
  "controls": pd.concat([oldc, newc], ignore_index=True),
/Users/zhangzc/fable-trading/yoyo/evaluation/spike_high_r_risk_study.py:182: FutureWarning: The behavior of DataFrame concatenation with empty or all-NA entries is deprecated. In a future version, this will no longer exclude empty or all-NA columns when determining the result dtypes. To retain the old behavior, exclude the relevant entries before the concat operation.
  "controls": pd.concat([oldc, newc], ignore_index=True),
/Users/zhangzc/fable-trading/yoyo/evaluation/spike_high_r_risk_study.py:182: FutureWarning: The behavior of DataFrame concatenation with empty or all-NA entries is deprecated. In a future version, this will no longer exclude empty or all-NA columns when determining the result dtypes. To retain the old behavior, exclude the relevant entries before the concat operation.
  "controls": pd.concat([oldc, newc], ignore_index=True),
/Users/zhangzc/fable-trading/yoyo/evaluation/spike_high_r_risk_study.py:182: FutureWarning: The behavior of DataFrame concatenation with empty or all-NA entries is deprecated. In a future version, this will no longer exclude empty or all-NA columns when determining the result dtypes. To retain the old behavior, exclude the relevant entries before the concat operation.
  "controls": pd.concat([oldc, newc], ignore_index=True),
/Users/zhangzc/fable-trading/yoyo/evaluation/spike_high_r_risk_study.py:182: FutureWarning: The behavior of DataFrame concatenation with empty or all-NA entries is deprecated. In a future version, this will no longer exclude empty or all-NA columns when determining the result dtypes. To retain the old behavior, exclude the relevant entries before the concat operation.
  "controls": pd.concat([oldc, newc], ignore_index=True),
/Users/zhangzc/fable-trading/yoyo/evaluation/spike_high_r_risk_study.py:182: FutureWarning: The behavior of DataFrame concatenation with empty or all-NA entries is deprecated. In a future version, this will no longer exclude empty or all-NA columns when determining the result dtypes. To retain the old behavior, exclude the relevant entries before the concat operation.
  "controls": pd.concat([oldc, newc], ignore_index=True),
/Users/zhangzc/fable-trading/yoyo/evaluation/spike_high_r_risk_study.py:182: FutureWarning: The behavior of DataFrame concatenation with empty or all-NA entries is deprecated. In a future version, this will no longer exclude empty or all-NA columns when determining the result dtypes. To retain the old behavior, exclude the relevant entries before the concat operation.
  "controls": pd.concat([oldc, newc], ignore_index=True),
/Users/zhangzc/fable-trading/yoyo/evaluation/spike_high_r_risk_study.py:182: FutureWarning: The behavior of DataFrame concatenation with empty or all-NA entries is deprecated. In a future version, this will no longer exclude empty or all-NA columns when determining the result dtypes. To retain the old behavior, exclude the relevant entries before the concat operation.
  "controls": pd.concat([oldc, newc], ignore_index=True),
/Users/zhangzc/fable-trading/yoyo/evaluation/spike_high_r_risk_study.py:181: FutureWarning: The behavior of DataFrame concatenation with empty or all-NA entries is deprecated. In a future version, this will no longer exclude empty or all-NA columns when determining the result dtypes. To retain the old behavior, exclude the relevant entries before the concat operation.
  tables = {"trades": pd.concat([baseline, treatment], ignore_index=True),
/Users/zhangzc/fable-trading/yoyo/evaluation/spike_high_r_risk_study.py:182: FutureWarning: The behavior of DataFrame concatenation with empty or all-NA entries is deprecated. In a future version, this will no longer exclude empty or all-NA columns when determining the result dtypes. To retain the old behavior, exclude the relevant entries before the concat operation.
  "controls": pd.concat([oldc, newc], ignore_index=True),
/Users/zhangzc/fable-trading/yoyo/evaluation/spike_high_r_risk_study.py:183: FutureWarning: The behavior of DataFrame concatenation with empty or all-NA entries is deprecated. In a future version, this will no longer exclude empty or all-NA columns when determining the result dtypes. To retain the old behavior, exclude the relevant entries before the concat operation.
  "fills": pd.concat([tag(bf, "baseline"), tag(tf, "high_r_entry_v21")], ignore_index=True),
/Users/zhangzc/fable-trading/yoyo/evaluation/spike_high_r_risk_study.py:182: FutureWarning: The behavior of DataFrame concatenation with empty or all-NA entries is deprecated. In a future version, this will no longer exclude empty or all-NA columns when determining the result dtypes. To retain the old behavior, exclude the relevant entries before the concat operation.
  "controls": pd.concat([oldc, newc], ignore_index=True),
/Users/zhangzc/fable-trading/yoyo/evaluation/spike_high_r_risk_study.py:182: FutureWarning: The behavior of DataFrame concatenation with empty or all-NA entries is deprecated. In a future version, this will no longer exclude empty or all-NA columns when determining the result dtypes. To retain the old behavior, exclude the relevant entries before the concat operation.
  "controls": pd.concat([oldc, newc], ignore_index=True),
/Users/zhangzc/fable-trading/yoyo/evaluation/spike_high_r_risk_study.py:182: FutureWarning: The behavior of DataFrame concatenation with empty or all-NA entries is deprecated. In a future version, this will no longer exclude empty or all-NA columns when determining the result dtypes. To retain the old behavior, exclude the relevant entries before the concat operation.
  "controls": pd.concat([oldc, newc], ignore_index=True),
/Users/zhangzc/fable-trading/yoyo/evaluation/spike_high_r_risk_study.py:182: FutureWarning: The behavior of DataFrame concatenation with empty or all-NA entries is deprecated. In a future version, this will no longer exclude empty or all-NA columns when determining the result dtypes. To retain the old behavior, exclude the relevant entries before the concat operation.
  "controls": pd.concat([oldc, newc], ignore_index=True),
/Users/zhangzc/fable-trading/yoyo/evaluation/spike_high_r_risk_study.py:182: FutureWarning: The behavior of DataFrame concatenation with empty or all-NA entries is deprecated. In a future version, this will no longer exclude empty or all-NA columns when determining the result dtypes. To retain the old behavior, exclude the relevant entries before the concat operation.
  "controls": pd.concat([oldc, newc], ignore_index=True),
/Users/zhangzc/fable-trading/yoyo/evaluation/spike_high_r_risk_study.py:182: FutureWarning: The behavior of DataFrame concatenation with empty or all-NA entries is deprecated. In a future version, this will no longer exclude empty or all-NA columns when determining the result dtypes. To retain the old behavior, exclude the relevant entries before the concat operation.
  "controls": pd.concat([oldc, newc], ignore_index=True),
/Users/zhangzc/fable-trading/yoyo/evaluation/spike_high_r_risk_study.py:182: FutureWarning: The behavior of DataFrame concatenation with empty or all-NA entries is deprecated. In a future version, this will no longer exclude empty or all-NA columns when determining the result dtypes. To retain the old behavior, exclude the relevant entries before the concat operation.
  "controls": pd.concat([oldc, newc], ignore_index=True),
/Users/zhangzc/fable-trading/yoyo/evaluation/spike_high_r_risk_study.py:182: FutureWarning: The behavior of DataFrame concatenation with empty or all-NA entries is deprecated. In a future version, this will no longer exclude empty or all-NA columns when determining the result dtypes. To retain the old behavior, exclude the relevant entries before the concat operation.
  "controls": pd.concat([oldc, newc], ignore_index=True),
/Users/zhangzc/fable-trading/yoyo/evaluation/spike_high_r_risk_study.py:182: FutureWarning: The behavior of DataFrame concatenation with empty or all-NA entries is deprecated. In a future version, this will no longer exclude empty or all-NA columns when determining the result dtypes. To retain the old behavior, exclude the relevant entries before the concat operation.
  "controls": pd.concat([oldc, newc], ignore_index=True),
/Users/zhangzc/fable-trading/yoyo/evaluation/spike_high_r_risk_study.py:182: FutureWarning: The behavior of DataFrame concatenation with empty or all-NA entries is deprecated. In a future version, this will no longer exclude empty or all-NA columns when determining the result dtypes. To retain the old behavior, exclude the relevant entries before the concat operation.
  "controls": pd.concat([oldc, newc], ignore_index=True),
/Users/zhangzc/fable-trading/yoyo/evaluation/spike_high_r_risk_study.py:182: FutureWarning: The behavior of DataFrame concatenation with empty or all-NA entries is deprecated. In a future version, this will no longer exclude empty or all-NA columns when determining the result dtypes. To retain the old behavior, exclude the relevant entries before the concat operation.
  "controls": pd.concat([oldc, newc], ignore_index=True),
/Users/zhangzc/fable-trading/yoyo/evaluation/spike_high_r_risk_study.py:182: FutureWarning: The behavior of DataFrame concatenation with empty or all-NA entries is deprecated. In a future version, this will no longer exclude empty or all-NA columns when determining the result dtypes. To retain the old behavior, exclude the relevant entries before the concat operation.
  "controls": pd.concat([oldc, newc], ignore_index=True),
/Users/zhangzc/fable-trading/yoyo/evaluation/spike_high_r_risk_study.py:182: FutureWarning: The behavior of DataFrame concatenation with empty or all-NA entries is deprecated. In a future version, this will no longer exclude empty or all-NA columns when determining the result dtypes. To retain the old behavior, exclude the relevant entries before the concat operation.
  "controls": pd.concat([oldc, newc], ignore_index=True),
/Users/zhangzc/fable-trading/yoyo/evaluation/spike_high_r_risk_study.py:181: FutureWarning: The behavior of DataFrame concatenation with empty or all-NA entries is deprecated. In a future version, this will no longer exclude empty or all-NA columns when determining the result dtypes. To retain the old behavior, exclude the relevant entries before the concat operation.
  tables = {"trades": pd.concat([baseline, treatment], ignore_index=True),
/Users/zhangzc/fable-trading/yoyo/evaluation/spike_high_r_risk_study.py:182: FutureWarning: The behavior of DataFrame concatenation with empty or all-NA entries is deprecated. In a future version, this will no longer exclude empty or all-NA columns when determining the result dtypes. To retain the old behavior, exclude the relevant entries before the concat operation.
  "controls": pd.concat([oldc, newc], ignore_index=True),
/Users/zhangzc/fable-trading/yoyo/evaluation/spike_high_r_risk_study.py:183: FutureWarning: The behavior of DataFrame concatenation with empty or all-NA entries is deprecated. In a future version, this will no longer exclude empty or all-NA columns when determining the result dtypes. To retain the old behavior, exclude the relevant entries before the concat operation.
  "fills": pd.concat([tag(bf, "baseline"), tag(tf, "high_r_entry_v21")], ignore_index=True),
/Users/zhangzc/fable-trading/yoyo/evaluation/spike_high_r_risk_study.py:182: FutureWarning: The behavior of DataFrame concatenation with empty or all-NA entries is deprecated. In a future version, this will no longer exclude empty or all-NA columns when determining the result dtypes. To retain the old behavior, exclude the relevant entries before the concat operation.
  "controls": pd.concat([oldc, newc], ignore_index=True),
/Users/zhangzc/fable-trading/yoyo/evaluation/spike_high_r_risk_study.py:181: FutureWarning: The behavior of DataFrame concatenation with empty or all-NA entries is deprecated. In a future version, this will no longer exclude empty or all-NA columns when determining the result dtypes. To retain the old behavior, exclude the relevant entries before the concat operation.
  tables = {"trades": pd.concat([baseline, treatment], ignore_index=True),
/Users/zhangzc/fable-trading/yoyo/evaluation/spike_high_r_risk_study.py:182: FutureWarning: The behavior of DataFrame concatenation with empty or all-NA entries is deprecated. In a future version, this will no longer exclude empty or all-NA columns when determining the result dtypes. To retain the old behavior, exclude the relevant entries before the concat operation.
  "controls": pd.concat([oldc, newc], ignore_index=True),
/Users/zhangzc/fable-trading/yoyo/evaluation/spike_high_r_risk_study.py:183: FutureWarning: The behavior of DataFrame concatenation with empty or all-NA entries is deprecated. In a future version, this will no longer exclude empty or all-NA columns when determining the result dtypes. To retain the old behavior, exclude the relevant entries before the concat operation.
  "fills": pd.concat([tag(bf, "baseline"), tag(tf, "high_r_entry_v21")], ignore_index=True),
/Users/zhangzc/fable-trading/yoyo/evaluation/spike_high_r_risk_study.py:182: FutureWarning: The behavior of DataFrame concatenation with empty or all-NA entries is deprecated. In a future version, this will no longer exclude empty or all-NA columns when determining the result dtypes. To retain the old behavior, exclude the relevant entries before the concat operation.
  "controls": pd.concat([oldc, newc], ignore_index=True),
/Users/zhangzc/fable-trading/yoyo/evaluation/spike_high_r_risk_study.py:182: FutureWarning: The behavior of DataFrame concatenation with empty or all-NA entries is deprecated. In a future version, this will no longer exclude empty or all-NA columns when determining the result dtypes. To retain the old behavior, exclude the relevant entries before the concat operation.
  "controls": pd.concat([oldc, newc], ignore_index=True),
/Users/zhangzc/fable-trading/yoyo/evaluation/spike_high_r_risk_study.py:182: FutureWarning: The behavior of DataFrame concatenation with empty or all-NA entries is deprecated. In a future version, this will no longer exclude empty or all-NA columns when determining the result dtypes. To retain the old behavior, exclude the relevant entries before the concat operation.
  "controls": pd.concat([oldc, newc], ignore_index=True),
/Users/zhangzc/fable-trading/yoyo/evaluation/spike_high_r_risk_study.py:182: FutureWarning: The behavior of DataFrame concatenation with empty or all-NA entries is deprecated. In a future version, this will no longer exclude empty or all-NA columns when determining the result dtypes. To retain the old behavior, exclude the relevant entries before the concat operation.
  "controls": pd.concat([oldc, newc], ignore_index=True),
/Users/zhangzc/fable-trading/yoyo/evaluation/spike_high_r_risk_study.py:182: FutureWarning: The behavior of DataFrame concatenation with empty or all-NA entries is deprecated. In a future version, this will no longer exclude empty or all-NA columns when determining the result dtypes. To retain the old behavior, exclude the relevant entries before the concat operation.
  "controls": pd.concat([oldc, newc], ignore_index=True),
/Users/zhangzc/fable-trading/yoyo/evaluation/spike_high_r_risk_study.py:182: FutureWarning: The behavior of DataFrame concatenation with empty or all-NA entries is deprecated. In a future version, this will no longer exclude empty or all-NA columns when determining the result dtypes. To retain the old behavior, exclude the relevant entries before the concat operation.
  "controls": pd.concat([oldc, newc], ignore_index=True),
/Users/zhangzc/fable-trading/yoyo/evaluation/spike_high_r_risk_study.py:182: FutureWarning: The behavior of DataFrame concatenation with empty or all-NA entries is deprecated. In a future version, this will no longer exclude empty or all-NA columns when determining the result dtypes. To retain the old behavior, exclude the relevant entries before the concat operation.
  "controls": pd.concat([oldc, newc], ignore_index=True),
/Users/zhangzc/fable-trading/yoyo/evaluation/spike_high_r_risk_study.py:182: FutureWarning: The behavior of DataFrame concatenation with empty or all-NA entries is deprecated. In a future version, this will no longer exclude empty or all-NA columns when determining the result dtypes. To retain the old behavior, exclude the relevant entries before the concat operation.
  "controls": pd.concat([oldc, newc], ignore_index=True),
/Users/zhangzc/fable-trading/yoyo/evaluation/spike_high_r_risk_study.py:182: FutureWarning: The behavior of DataFrame concatenation with empty or all-NA entries is deprecated. In a future version, this will no longer exclude empty or all-NA columns when determining the result dtypes. To retain the old behavior, exclude the relevant entries before the concat operation.
  "controls": pd.concat([oldc, newc], ignore_index=True),
/Users/zhangzc/fable-trading/yoyo/evaluation/spike_high_r_risk_study.py:182: FutureWarning: The behavior of DataFrame concatenation with empty or all-NA entries is deprecated. In a future version, this will no longer exclude empty or all-NA columns when determining the result dtypes. To retain the old behavior, exclude the relevant entries before the concat operation.
  "controls": pd.concat([oldc, newc], ignore_index=True),
{"done": 550, "target": 3531, "failures": 0, "seconds": 14.9}
/Users/zhangzc/fable-trading/yoyo/evaluation/spike_high_r_risk_study.py:182: FutureWarning: The behavior of DataFrame concatenation with empty or all-NA entries is deprecated. In a future version, this will no longer exclude empty or all-NA columns when determining the result dtypes. To retain the old behavior, exclude the relevant entries before the concat operation.
  "controls": pd.concat([oldc, newc], ignore_index=True),
/Users/zhangzc/fable-trading/yoyo/evaluation/spike_high_r_risk_study.py:182: FutureWarning: The behavior of DataFrame concatenation with empty or all-NA entries is deprecated. In a future version, this will no longer exclude empty or all-NA columns when determining the result dtypes. To retain the old behavior, exclude the relevant entries before the concat operation.
  "controls": pd.concat([oldc, newc], ignore_index=True),
/Users/zhangzc/fable-trading/yoyo/evaluation/spike_high_r_risk_study.py:182: FutureWarning: The behavior of DataFrame concatenation with empty or all-NA entries is deprecated. In a future version, this will no longer exclude empty or all-NA columns when determining the result dtypes. To retain the old behavior, exclude the relevant entries before the concat operation.
  "controls": pd.concat([oldc, newc], ignore_index=True),
/Users/zhangzc/fable-trading/yoyo/evaluation/spike_high_r_risk_study.py:182: FutureWarning: The behavior of DataFrame concatenation with empty or all-NA entries is deprecated. In a future version, this will no longer exclude empty or all-NA columns when determining the result dtypes. To retain the old behavior, exclude the relevant entries before the concat operation.
  "controls": pd.concat([oldc, newc], ignore_index=True),
/Users/zhangzc/fable-trading/yoyo/evaluation/spike_high_r_risk_study.py:182: FutureWarning: The behavior of DataFrame concatenation with empty or all-NA entries is deprecated. In a future version, this will no longer exclude empty or all-NA columns when determining the result dtypes. To retain the old behavior, exclude the relevant entries before the concat operation.
  "controls": pd.concat([oldc, newc], ignore_index=True),
/Users/zhangzc/fable-trading/yoyo/evaluation/spike_high_r_risk_study.py:182: FutureWarning: The behavior of DataFrame concatenation with empty or all-NA entries is deprecated. In a future version, this will no longer exclude empty or all-NA columns when determining the result dtypes. To retain the old behavior, exclude the relevant entries before the concat operation.
  "controls": pd.concat([oldc, newc], ignore_index=True),
/Users/zhangzc/fable-trading/yoyo/evaluation/spike_high_r_risk_study.py:182: FutureWarning: The behavior of DataFrame concatenation with empty or all-NA entries is deprecated. In a future version, this will no longer exclude empty or all-NA columns when determining the result dtypes. To retain the old behavior, exclude the relevant entries before the concat operation.
  "controls": pd.concat([oldc, newc], ignore_index=True),
/Users/zhangzc/fable-trading/yoyo/evaluation/spike_high_r_risk_study.py:182: FutureWarning: The behavior of DataFrame concatenation with empty or all-NA entries is deprecated. In a future version, this will no longer exclude empty or all-NA columns when determining the result dtypes. To retain the old behavior, exclude the relevant entries before the concat operation.
  "controls": pd.concat([oldc, newc], ignore_index=True),
/Users/zhangzc/fable-trading/yoyo/evaluation/spike_high_r_risk_study.py:182: FutureWarning: The behavior of DataFrame concatenation with empty or all-NA entries is deprecated. In a future version, this will no longer exclude empty or all-NA columns when determining the result dtypes. To retain the old behavior, exclude the relevant entries before the concat operation.
  "controls": pd.concat([oldc, newc], ignore_index=True),
/Users/zhangzc/fable-trading/yoyo/evaluation/spike_high_r_risk_study.py:181: FutureWarning: The behavior of DataFrame concatenation with empty or all-NA entries is deprecated. In a future version, this will no longer exclude empty or all-NA columns when determining the result dtypes. To retain the old behavior, exclude the relevant entries before the concat operation.
  tables = {"trades": pd.concat([baseline, treatment], ignore_index=True),
/Users/zhangzc/fable-trading/yoyo/evaluation/spike_high_r_risk_study.py:182: FutureWarning: The behavior of DataFrame concatenation with empty or all-NA entries is deprecated. In a future version, this will no longer exclude empty or all-NA columns when determining the result dtypes. To retain the old behavior, exclude the relevant entries before the concat operation.
  "controls": pd.concat([oldc, newc], ignore_index=True),
/Users/zhangzc/fable-trading/yoyo/evaluation/spike_high_r_risk_study.py:183: FutureWarning: The behavior of DataFrame concatenation with empty or all-NA entries is deprecated. In a future version, this will no longer exclude empty or all-NA columns when determining the result dtypes. To retain the old behavior, exclude the relevant entries before the concat operation.
  "fills": pd.concat([tag(bf, "baseline"), tag(tf, "high_r_entry_v21")], ignore_index=True),
/Users/zhangzc/fable-trading/yoyo/evaluation/spike_high_r_risk_study.py:182: FutureWarning: The behavior of DataFrame concatenation with empty or all-NA entries is deprecated. In a future version, this will no longer exclude empty or all-NA columns when determining the result dtypes. To retain the old behavior, exclude the relevant entries before the concat operation.
  "controls": pd.concat([oldc, newc], ignore_index=True),
/Users/zhangzc/fable-trading/yoyo/evaluation/spike_high_r_risk_study.py:182: FutureWarning: The behavior of DataFrame concatenation with empty or all-NA entries is deprecated. In a future version, this will no longer exclude empty or all-NA columns when determining the result dtypes. To retain the old behavior, exclude the relevant entries before the concat operation.
  "controls": pd.concat([oldc, newc], ignore_index=True),
/Users/zhangzc/fable-trading/yoyo/evaluation/spike_high_r_risk_study.py:182: FutureWarning: The behavior of DataFrame concatenation with empty or all-NA entries is deprecated. In a future version, this will no longer exclude empty or all-NA columns when determining the result dtypes. To retain the old behavior, exclude the relevant entries before the concat operation.
  "controls": pd.concat([oldc, newc], ignore_index=True),
/Users/zhangzc/fable-trading/yoyo/evaluation/spike_high_r_risk_study.py:182: FutureWarning: The behavior of DataFrame concatenation with empty or all-NA entries is deprecated. In a future version, this will no longer exclude empty or all-NA columns when determining the result dtypes. To retain the old behavior, exclude the relevant entries before the concat operation.
  "controls": pd.concat([oldc, newc], ignore_index=True),
/Users/zhangzc/fable-trading/yoyo/evaluation/spike_high_r_risk_study.py:182: FutureWarning: The behavior of DataFrame concatenation with empty or all-NA entries is deprecated. In a future version, this will no longer exclude empty or all-NA columns when determining the result dtypes. To retain the old behavior, exclude the relevant entries before the concat operation.
  "controls": pd.concat([oldc, newc], ignore_index=True),
/Users/zhangzc/fable-trading/yoyo/evaluation/spike_high_r_risk_study.py:182: FutureWarning: The behavior of DataFrame concatenation with empty or all-NA entries is deprecated. In a future version, this will no longer exclude empty or all-NA columns when determining the result dtypes. To retain the old behavior, exclude the relevant entries before the concat operation.
  "controls": pd.concat([oldc, newc], ignore_index=True),
/Users/zhangzc/fable-trading/yoyo/evaluation/spike_high_r_risk_study.py:181: FutureWarning: The behavior of DataFrame concatenation with empty or all-NA entries is deprecated. In a future version, this will no longer exclude empty or all-NA columns when determining the result dtypes. To retain the old behavior, exclude the relevant entries before the concat operation.
  tables = {"trades": pd.concat([baseline, treatment], ignore_index=True),
/Users/zhangzc/fable-trading/yoyo/evaluation/spike_high_r_risk_study.py:182: FutureWarning: The behavior of DataFrame concatenation with empty or all-NA entries is deprecated. In a future version, this will no longer exclude empty or all-NA columns when determining the result dtypes. To retain the old behavior, exclude the relevant entries before the concat operation.
  "controls": pd.concat([oldc, newc], ignore_index=True),
/Users/zhangzc/fable-trading/yoyo/evaluation/spike_high_r_risk_study.py:183: FutureWarning: The behavior of DataFrame concatenation with empty or all-NA entries is deprecated. In a future version, this will no longer exclude empty or all-NA columns when determining the result dtypes. To retain the old behavior, exclude the relevant entries before the concat operation.
  "fills": pd.concat([tag(bf, "baseline"), tag(tf, "high_r_entry_v21")], ignore_index=True),
/Users/zhangzc/fable-trading/yoyo/evaluation/spike_high_r_risk_study.py:182: FutureWarning: The behavior of DataFrame concatenation with empty or all-NA entries is deprecated. In a future version, this will no longer exclude empty or all-NA columns when determining the result dtypes. To retain the old behavior, exclude the relevant entries before the concat operation.
  "controls": pd.concat([oldc, newc], ignore_index=True),
/Users/zhangzc/fable-trading/yoyo/evaluation/spike_high_r_risk_study.py:182: FutureWarning: The behavior of DataFrame concatenation with empty or all-NA entries is deprecated. In a future version, this will no longer exclude empty or all-NA columns when determining the result dtypes. To retain the old behavior, exclude the relevant entries before the concat operation.
  "controls": pd.concat([oldc, newc], ignore_index=True),
/Users/zhangzc/fable-trading/yoyo/evaluation/spike_high_r_risk_study.py:181: FutureWarning: The behavior of DataFrame concatenation with empty or all-NA entries is deprecated. In a future version, this will no longer exclude empty or all-NA columns when determining the result dtypes. To retain the old behavior, exclude the relevant entries before the concat operation.
  tables = {"trades": pd.concat([baseline, treatment], ignore_index=True),
/Users/zhangzc/fable-trading/yoyo/evaluation/spike_high_r_risk_study.py:182: FutureWarning: The behavior of DataFrame concatenation with empty or all-NA entries is deprecated. In a future version, this will no longer exclude empty or all-NA columns when determining the result dtypes. To retain the old behavior, exclude the relevant entries before the concat operation.
  "controls": pd.concat([oldc, newc], ignore_index=True),
/Users/zhangzc/fable-trading/yoyo/evaluation/spike_high_r_risk_study.py:183: FutureWarning: The behavior of DataFrame concatenation with empty or all-NA entries is deprecated. In a future version, this will no longer exclude empty or all-NA columns when determining the result dtypes. To retain the old behavior, exclude the relevant entries before the concat operation.
  "fills": pd.concat([tag(bf, "baseline"), tag(tf, "high_r_entry_v21")], ignore_index=True),
/Users/zhangzc/fable-trading/yoyo/evaluation/spike_high_r_risk_study.py:182: FutureWarning: The behavior of DataFrame concatenation with empty or all-NA entries is deprecated. In a future version, this will no longer exclude empty or all-NA columns when determining the result dtypes. To retain the old behavior, exclude the relevant entries before the concat operation.
  "controls": pd.concat([oldc, newc], ignore_index=True),
/Users/zhangzc/fable-trading/yoyo/evaluation/spike_high_r_risk_study.py:181: FutureWarning: The behavior of DataFrame concatenation with empty or all-NA entries is deprecated. In a future version, this will no longer exclude empty or all-NA columns when determining the result dtypes. To retain the old behavior, exclude the relevant entries before the concat operation.
  tables = {"trades": pd.concat([baseline, treatment], ignore_index=True),
/Users/zhangzc/fable-trading/yoyo/evaluation/spike_high_r_risk_study.py:182: FutureWarning: The behavior of DataFrame concatenation with empty or all-NA entries is deprecated. In a future version, this will no longer exclude empty or all-NA columns when determining the result dtypes. To retain the old behavior, exclude the relevant entries before the concat operation.
  "controls": pd.concat([oldc, newc], ignore_index=True),
/Users/zhangzc/fable-trading/yoyo/evaluation/spike_high_r_risk_study.py:183: FutureWarning: The behavior of DataFrame concatenation with empty or all-NA entries is deprecated. In a future version, this will no longer exclude empty or all-NA columns when determining the result dtypes. To retain the old behavior, exclude the relevant entries before the concat operation.
  "fills": pd.concat([tag(bf, "baseline"), tag(tf, "high_r_entry_v21")], ignore_index=True),
/Users/zhangzc/fable-trading/yoyo/evaluation/spike_high_r_risk_study.py:181: FutureWarning: The behavior of DataFrame concatenation with empty or all-NA entries is deprecated. In a future version, this will no longer exclude empty or all-NA columns when determining the result dtypes. To retain the old behavior, exclude the relevant entries before the concat operation.
  tables = {"trades": pd.concat([baseline, treatment], ignore_index=True),
/Users/zhangzc/fable-trading/yoyo/evaluation/spike_high_r_risk_study.py:182: FutureWarning: The behavior of DataFrame concatenation with empty or all-NA entries is deprecated. In a future version, this will no longer exclude empty or all-NA columns when determining the result dtypes. To retain the old behavior, exclude the relevant entries before the concat operation.
  "controls": pd.concat([oldc, newc], ignore_index=True),
/Users/zhangzc/fable-trading/yoyo/evaluation/spike_high_r_risk_study.py:183: FutureWarning: The behavior of DataFrame concatenation with empty or all-NA entries is deprecated. In a future version, this will no longer exclude empty or all-NA columns when determining the result dtypes. To retain the old behavior, exclude the relevant entries before the concat operation.
  "fills": pd.concat([tag(bf, "baseline"), tag(tf, "high_r_entry_v21")], ignore_index=True),
/Users/zhangzc/fable-trading/yoyo/evaluation/spike_high_r_risk_study.py:182: FutureWarning: The behavior of DataFrame concatenation with empty or all-NA entries is deprecated. In a future version, this will no longer exclude empty or all-NA columns when determining the result dtypes. To retain the old behavior, exclude the relevant entries before the concat operation.
  "controls": pd.concat([oldc, newc], ignore_index=True),
/Users/zhangzc/fable-trading/yoyo/evaluation/spike_high_r_risk_study.py:181: FutureWarning: The behavior of DataFrame concatenation with empty or all-NA entries is deprecated. In a future version, this will no longer exclude empty or all-NA columns when determining the result dtypes. To retain the old behavior, exclude the relevant entries before the concat operation.
  tables = {"trades": pd.concat([baseline, treatment], ignore_index=True),
/Users/zhangzc/fable-trading/yoyo/evaluation/spike_high_r_risk_study.py:182: FutureWarning: The behavior of DataFrame concatenation with empty or all-NA entries is deprecated. In a future version, this will no longer exclude empty or all-NA columns when determining the result dtypes. To retain the old behavior, exclude the relevant entries before the concat operation.
  "controls": pd.concat([oldc, newc], ignore_index=True),
/Users/zhangzc/fable-trading/yoyo/evaluation/spike_high_r_risk_study.py:183: FutureWarning: The behavior of DataFrame concatenation with empty or all-NA entries is deprecated. In a future version, this will no longer exclude empty or all-NA columns when determining the result dtypes. To retain the old behavior, exclude the relevant entries before the concat operation.
  "fills": pd.concat([tag(bf, "baseline"), tag(tf, "high_r_entry_v21")], ignore_index=True),
/Users/zhangzc/fable-trading/yoyo/evaluation/spike_high_r_risk_study.py:182: FutureWarning: The behavior of DataFrame concatenation with empty or all-NA entries is deprecated. In a future version, this will no longer exclude empty or all-NA columns when determining the result dtypes. To retain the old behavior, exclude the relevant entries before the concat operation.
  "controls": pd.concat([oldc, newc], ignore_index=True),
/Users/zhangzc/fable-trading/yoyo/evaluation/spike_high_r_risk_study.py:182: FutureWarning: The behavior of DataFrame concatenation with empty or all-NA entries is deprecated. In a future version, this will no longer exclude empty or all-NA columns when determining the result dtypes. To retain the old behavior, exclude the relevant entries before the concat operation.
  "controls": pd.concat([oldc, newc], ignore_index=True),
/Users/zhangzc/fable-trading/yoyo/evaluation/spike_high_r_risk_study.py:182: FutureWarning: The behavior of DataFrame concatenation with empty or all-NA entries is deprecated. In a future version, this will no longer exclude empty or all-NA columns when determining the result dtypes. To retain the old behavior, exclude the relevant entries before the concat operation.
  "controls": pd.concat([oldc, newc], ignore_index=True),
/Users/zhangzc/fable-trading/yoyo/evaluation/spike_high_r_risk_study.py:182: FutureWarning: The behavior of DataFrame concatenation with empty or all-NA entries is deprecated. In a future version, this will no longer exclude empty or all-NA columns when determining the result dtypes. To retain the old behavior, exclude the relevant entries before the concat operation.
  "controls": pd.concat([oldc, newc], ignore_index=True),
/Users/zhangzc/fable-trading/yoyo/evaluation/spike_high_r_risk_study.py:182: FutureWarning: The behavior of DataFrame concatenation with empty or all-NA entries is deprecated. In a future version, this will no longer exclude empty or all-NA columns when determining the result dtypes. To retain the old behavior, exclude the relevant entries before the concat operation.
  "controls": pd.concat([oldc, newc], ignore_index=True),
/Users/zhangzc/fable-trading/yoyo/evaluation/spike_high_r_risk_study.py:182: FutureWarning: The behavior of DataFrame concatenation with empty or all-NA entries is deprecated. In a future version, this will no longer exclude empty or all-NA columns when determining the result dtypes. To retain the old behavior, exclude the relevant entries before the concat operation.
  "controls": pd.concat([oldc, newc], ignore_index=True),
/Users/zhangzc/fable-trading/yoyo/evaluation/spike_high_r_risk_study.py:182: FutureWarning: The behavior of DataFrame concatenation with empty or all-NA entries is deprecated. In a future version, this will no longer exclude empty or all-NA columns when determining the result dtypes. To retain the old behavior, exclude the relevant entries before the concat operation.
  "controls": pd.concat([oldc, newc], ignore_index=True),
/Users/zhangzc/fable-trading/yoyo/evaluation/spike_high_r_risk_study.py:182: FutureWarning: The behavior of DataFrame concatenation with empty or all-NA entries is deprecated. In a future version, this will no longer exclude empty or all-NA columns when determining the result dtypes. To retain the old behavior, exclude the relevant entries before the concat operation.
  "controls": pd.concat([oldc, newc], ignore_index=True),
/Users/zhangzc/fable-trading/yoyo/evaluation/spike_high_r_risk_study.py:182: FutureWarning: The behavior of DataFrame concatenation with empty or all-NA entries is deprecated. In a future version, this will no longer exclude empty or all-NA columns when determining the result dtypes. To retain the old behavior, exclude the relevant entries before the concat operation.
  "controls": pd.concat([oldc, newc], ignore_index=True),
/Users/zhangzc/fable-trading/yoyo/evaluation/spike_high_r_risk_study.py:182: FutureWarning: The behavior of DataFrame concatenation with empty or all-NA entries is deprecated. In a future version, this will no longer exclude empty or all-NA columns when determining the result dtypes. To retain the old behavior, exclude the relevant entries before the concat operation.
  "controls": pd.concat([oldc, newc], ignore_index=True),
/Users/zhangzc/fable-trading/yoyo/evaluation/spike_high_r_risk_study.py:182: FutureWarning: The behavior of DataFrame concatenation with empty or all-NA entries is deprecated. In a future version, this will no longer exclude empty or all-NA columns when determining the result dtypes. To retain the old behavior, exclude the relevant entries before the concat operation.
  "controls": pd.concat([oldc, newc], ignore_index=True),
/Users/zhangzc/fable-trading/yoyo/evaluation/spike_high_r_risk_study.py:182: FutureWarning: The behavior of DataFrame concatenation with empty or all-NA entries is deprecated. In a future version, this will no longer exclude empty or all-NA columns when determining the result dtypes. To retain the old behavior, exclude the relevant entries before the concat operation.
  "controls": pd.concat([oldc, newc], ignore_index=True),
/Users/zhangzc/fable-trading/yoyo/evaluation/spike_high_r_risk_study.py:182: FutureWarning: The behavior of DataFrame concatenation with empty or all-NA entries is deprecated. In a future version, this will no longer exclude empty or all-NA columns when determining the result dtypes. To retain the old behavior, exclude the relevant entries before the concat operation.
  "controls": pd.concat([oldc, newc], ignore_index=True),
/Users/zhangzc/fable-trading/yoyo/evaluation/spike_high_r_risk_study.py:182: FutureWarning: The behavior of DataFrame concatenation with empty or all-NA entries is deprecated. In a future version, this will no longer exclude empty or all-NA columns when determining the result dtypes. To retain the old behavior, exclude the relevant entries before the concat operation.
  "controls": pd.concat([oldc, newc], ignore_index=True),
{"done": 600, "target": 3531, "failures": 0, "seconds": 16.3}
/Users/zhangzc/fable-trading/yoyo/evaluation/spike_high_r_risk_study.py:182: FutureWarning: The behavior of DataFrame concatenation with empty or all-NA entries is deprecated. In a future version, this will no longer exclude empty or all-NA columns when determining the result dtypes. To retain the old behavior, exclude the relevant entries before the concat operation.
  "controls": pd.concat([oldc, newc], ignore_index=True),
/Users/zhangzc/fable-trading/yoyo/evaluation/spike_high_r_risk_study.py:182: FutureWarning: The behavior of DataFrame concatenation with empty or all-NA entries is deprecated. In a future version, this will no longer exclude empty or all-NA columns when determining the result dtypes. To retain the old behavior, exclude the relevant entries before the concat operation.
  "controls": pd.concat([oldc, newc], ignore_index=True),
/Users/zhangzc/fable-trading/yoyo/evaluation/spike_high_r_risk_study.py:182: FutureWarning: The behavior of DataFrame concatenation with empty or all-NA entries is deprecated. In a future version, this will no longer exclude empty or all-NA columns when determining the result dtypes. To retain the old behavior, exclude the relevant entries before the concat operation.
  "controls": pd.concat([oldc, newc], ignore_index=True),
/Users/zhangzc/fable-trading/yoyo/evaluation/spike_high_r_risk_study.py:182: FutureWarning: The behavior of DataFrame concatenation with empty or all-NA entries is deprecated. In a future version, this will no longer exclude empty or all-NA columns when determining the result dtypes. To retain the old behavior, exclude the relevant entries before the concat operation.
  "controls": pd.concat([oldc, newc], ignore_index=True),
/Users/zhangzc/fable-trading/yoyo/evaluation/spike_high_r_risk_study.py:182: FutureWarning: The behavior of DataFrame concatenation with empty or all-NA entries is deprecated. In a future version, this will no longer exclude empty or all-NA columns when determining the result dtypes. To retain the old behavior, exclude the relevant entries before the concat operation.
  "controls": pd.concat([oldc, newc], ignore_index=True),
/Users/zhangzc/fable-trading/yoyo/evaluation/spike_high_r_risk_study.py:182: FutureWarning: The behavior of DataFrame concatenation with empty or all-NA entries is deprecated. In a future version, this will no longer exclude empty or all-NA columns when determining the result dtypes. To retain the old behavior, exclude the relevant entries before the concat operation.
  "controls": pd.concat([oldc, newc], ignore_index=True),
/Users/zhangzc/fable-trading/yoyo/evaluation/spike_high_r_risk_study.py:181: FutureWarning: The behavior of DataFrame concatenation with empty or all-NA entries is deprecated. In a future version, this will no longer exclude empty or all-NA columns when determining the result dtypes. To retain the old behavior, exclude the relevant entries before the concat operation.
  tables = {"trades": pd.concat([baseline, treatment], ignore_index=True),
/Users/zhangzc/fable-trading/yoyo/evaluation/spike_high_r_risk_study.py:182: FutureWarning: The behavior of DataFrame concatenation with empty or all-NA entries is deprecated. In a future version, this will no longer exclude empty or all-NA columns when determining the result dtypes. To retain the old behavior, exclude the relevant entries before the concat operation.
  "controls": pd.concat([oldc, newc], ignore_index=True),
/Users/zhangzc/fable-trading/yoyo/evaluation/spike_high_r_risk_study.py:183: FutureWarning: The behavior of DataFrame concatenation with empty or all-NA entries is deprecated. In a future version, this will no longer exclude empty or all-NA columns when determining the result dtypes. To retain the old behavior, exclude the relevant entries before the concat operation.
  "fills": pd.concat([tag(bf, "baseline"), tag(tf, "high_r_entry_v21")], ignore_index=True),
/Users/zhangzc/fable-trading/yoyo/evaluation/spike_high_r_risk_study.py:182: FutureWarning: The behavior of DataFrame concatenation with empty or all-NA entries is deprecated. In a future version, this will no longer exclude empty or all-NA columns when determining the result dtypes. To retain the old behavior, exclude the relevant entries before the concat operation.
  "controls": pd.concat([oldc, newc], ignore_index=True),
/Users/zhangzc/fable-trading/yoyo/evaluation/spike_high_r_risk_study.py:182: FutureWarning: The behavior of DataFrame concatenation with empty or all-NA entries is deprecated. In a future version, this will no longer exclude empty or all-NA columns when determining the result dtypes. To retain the old behavior, exclude the relevant entries before the concat operation.
  "controls": pd.concat([oldc, newc], ignore_index=True),
/Users/zhangzc/fable-trading/yoyo/evaluation/spike_high_r_risk_study.py:182: FutureWarning: The behavior of DataFrame concatenation with empty or all-NA entries is deprecated. In a future version, this will no longer exclude empty or all-NA columns when determining the result dtypes. To retain the old behavior, exclude the relevant entries before the concat operation.
  "controls": pd.concat([oldc, newc], ignore_index=True),
/Users/zhangzc/fable-trading/yoyo/evaluation/spike_high_r_risk_study.py:182: FutureWarning: The behavior of DataFrame concatenation with empty or all-NA entries is deprecated. In a future version, this will no longer exclude empty or all-NA columns when determining the result dtypes. To retain the old behavior, exclude the relevant entries before the concat operation.
  "controls": pd.concat([oldc, newc], ignore_index=True),
/Users/zhangzc/fable-trading/yoyo/evaluation/spike_high_r_risk_study.py:182: FutureWarning: The behavior of DataFrame concatenation with empty or all-NA entries is deprecated. In a future version, this will no longer exclude empty or all-NA columns when determining the result dtypes. To retain the old behavior, exclude the relevant entries before the concat operation.
  "controls": pd.concat([oldc, newc], ignore_index=True),
/Users/zhangzc/fable-trading/yoyo/evaluation/spike_high_r_risk_study.py:182: FutureWarning: The behavior of DataFrame concatenation with empty or all-NA entries is deprecated. In a future version, this will no longer exclude empty or all-NA columns when determining the result dtypes. To retain the old behavior, exclude the relevant entries before the concat operation.
  "controls": pd.concat([oldc, newc], ignore_index=True),
/Users/zhangzc/fable-trading/yoyo/evaluation/spike_high_r_risk_study.py:182: FutureWarning: The behavior of DataFrame concatenation with empty or all-NA entries is deprecated. In a future version, this will no longer exclude empty or all-NA columns when determining the result dtypes. To retain the old behavior, exclude the relevant entries before the concat operation.
  "controls": pd.concat([oldc, newc], ignore_index=True),
/Users/zhangzc/fable-trading/yoyo/evaluation/spike_high_r_risk_study.py:182: FutureWarning: The behavior of DataFrame concatenation with empty or all-NA entries is deprecated. In a future version, this will no longer exclude empty or all-NA columns when determining the result dtypes. To retain the old behavior, exclude the relevant entries before the concat operation.
  "controls": pd.concat([oldc, newc], ignore_index=True),
/Users/zhangzc/fable-trading/yoyo/evaluation/spike_high_r_risk_study.py:182: FutureWarning: The behavior of DataFrame concatenation with empty or all-NA entries is deprecated. In a future version, this will no longer exclude empty or all-NA columns when determining the result dtypes. To retain the old behavior, exclude the relevant entries before the concat operation.
  "controls": pd.concat([oldc, newc], ignore_index=True),
/Users/zhangzc/fable-trading/yoyo/evaluation/spike_high_r_risk_study.py:182: FutureWarning: The behavior of DataFrame concatenation with empty or all-NA entries is deprecated. In a future version, this will no longer exclude empty or all-NA columns when determining the result dtypes. To retain the old behavior, exclude the relevant entries before the concat operation.
  "controls": pd.concat([oldc, newc], ignore_index=True),
/Users/zhangzc/fable-trading/yoyo/evaluation/spike_high_r_risk_study.py:182: FutureWarning: The behavior of DataFrame concatenation with empty or all-NA entries is deprecated. In a future version, this will no longer exclude empty or all-NA columns when determining the result dtypes. To retain the old behavior, exclude the relevant entries before the concat operation.
  "controls": pd.concat([oldc, newc], ignore_index=True),
/Users/zhangzc/fable-trading/yoyo/evaluation/spike_high_r_risk_study.py:182: FutureWarning: The behavior of DataFrame concatenation with empty or all-NA entries is deprecated. In a future version, this will no longer exclude empty or all-NA columns when determining the result dtypes. To retain the old behavior, exclude the relevant entries before the concat operation.
  "controls": pd.concat([oldc, newc], ignore_index=True),
/Users/zhangzc/fable-trading/yoyo/evaluation/spike_high_r_risk_study.py:181: FutureWarning: The behavior of DataFrame concatenation with empty or all-NA entries is deprecated. In a future version, this will no longer exclude empty or all-NA columns when determining the result dtypes. To retain the old behavior, exclude the relevant entries before the concat operation.
  tables = {"trades": pd.concat([baseline, treatment], ignore_index=True),
/Users/zhangzc/fable-trading/yoyo/evaluation/spike_high_r_risk_study.py:182: FutureWarning: The behavior of DataFrame concatenation with empty or all-NA entries is deprecated. In a future version, this will no longer exclude empty or all-NA columns when determining the result dtypes. To retain the old behavior, exclude the relevant entries before the concat operation.
  "controls": pd.concat([oldc, newc], ignore_index=True),
/Users/zhangzc/fable-trading/yoyo/evaluation/spike_high_r_risk_study.py:183: FutureWarning: The behavior of DataFrame concatenation with empty or all-NA entries is deprecated. In a future version, this will no longer exclude empty or all-NA columns when determining the result dtypes. To retain the old behavior, exclude the relevant entries before the concat operation.
  "fills": pd.concat([tag(bf, "baseline"), tag(tf, "high_r_entry_v21")], ignore_index=True),
/Users/zhangzc/fable-trading/yoyo/evaluation/spike_high_r_risk_study.py:182: FutureWarning: The behavior of DataFrame concatenation with empty or all-NA entries is deprecated. In a future version, this will no longer exclude empty or all-NA columns when determining the result dtypes. To retain the old behavior, exclude the relevant entries before the concat operation.
  "controls": pd.concat([oldc, newc], ignore_index=True),
/Users/zhangzc/fable-trading/yoyo/evaluation/spike_high_r_risk_study.py:182: FutureWarning: The behavior of DataFrame concatenation with empty or all-NA entries is deprecated. In a future version, this will no longer exclude empty or all-NA columns when determining the result dtypes. To retain the old behavior, exclude the relevant entries before the concat operation.
  "controls": pd.concat([oldc, newc], ignore_index=True),
/Users/zhangzc/fable-trading/yoyo/evaluation/spike_high_r_risk_study.py:182: FutureWarning: The behavior of DataFrame concatenation with empty or all-NA entries is deprecated. In a future version, this will no longer exclude empty or all-NA columns when determining the result dtypes. To retain the old behavior, exclude the relevant entries before the concat operation.
  "controls": pd.concat([oldc, newc], ignore_index=True),
/Users/zhangzc/fable-trading/yoyo/evaluation/spike_high_r_risk_study.py:181: FutureWarning: The behavior of DataFrame concatenation with empty or all-NA entries is deprecated. In a future version, this will no longer exclude empty or all-NA columns when determining the result dtypes. To retain the old behavior, exclude the relevant entries before the concat operation.
  tables = {"trades": pd.concat([baseline, treatment], ignore_index=True),
/Users/zhangzc/fable-trading/yoyo/evaluation/spike_high_r_risk_study.py:182: FutureWarning: The behavior of DataFrame concatenation with empty or all-NA entries is deprecated. In a future version, this will no longer exclude empty or all-NA columns when determining the result dtypes. To retain the old behavior, exclude the relevant entries before the concat operation.
  "controls": pd.concat([oldc, newc], ignore_index=True),
/Users/zhangzc/fable-trading/yoyo/evaluation/spike_high_r_risk_study.py:183: FutureWarning: The behavior of DataFrame concatenation with empty or all-NA entries is deprecated. In a future version, this will no longer exclude empty or all-NA columns when determining the result dtypes. To retain the old behavior, exclude the relevant entries before the concat operation.
  "fills": pd.concat([tag(bf, "baseline"), tag(tf, "high_r_entry_v21")], ignore_index=True),
/Users/zhangzc/fable-trading/yoyo/evaluation/spike_high_r_risk_study.py:182: FutureWarning: The behavior of DataFrame concatenation with empty or all-NA entries is deprecated. In a future version, this will no longer exclude empty or all-NA columns when determining the result dtypes. To retain the old behavior, exclude the relevant entries before the concat operation.
  "controls": pd.concat([oldc, newc], ignore_index=True),
/Users/zhangzc/fable-trading/yoyo/evaluation/spike_high_r_risk_study.py:181: FutureWarning: The behavior of DataFrame concatenation with empty or all-NA entries is deprecated. In a future version, this will no longer exclude empty or all-NA columns when determining the result dtypes. To retain the old behavior, exclude the relevant entries before the concat operation.
  tables = {"trades": pd.concat([baseline, treatment], ignore_index=True),
/Users/zhangzc/fable-trading/yoyo/evaluation/spike_high_r_risk_study.py:182: FutureWarning: The behavior of DataFrame concatenation with empty or all-NA entries is deprecated. In a future version, this will no longer exclude empty or all-NA columns when determining the result dtypes. To retain the old behavior, exclude the relevant entries before the concat operation.
  "controls": pd.concat([oldc, newc], ignore_index=True),
/Users/zhangzc/fable-trading/yoyo/evaluation/spike_high_r_risk_study.py:183: FutureWarning: The behavior of DataFrame concatenation with empty or all-NA entries is deprecated. In a future version, this will no longer exclude empty or all-NA columns when determining the result dtypes. To retain the old behavior, exclude the relevant entries before the concat operation.
  "fills": pd.concat([tag(bf, "baseline"), tag(tf, "high_r_entry_v21")], ignore_index=True),
/Users/zhangzc/fable-trading/yoyo/evaluation/spike_high_r_risk_study.py:182: FutureWarning: The behavior of DataFrame concatenation with empty or all-NA entries is deprecated. In a future version, this will no longer exclude empty or all-NA columns when determining the result dtypes. To retain the old behavior, exclude the relevant entries before the concat operation.
  "controls": pd.concat([oldc, newc], ignore_index=True),
/Users/zhangzc/fable-trading/yoyo/evaluation/spike_high_r_risk_study.py:182: FutureWarning: The behavior of DataFrame concatenation with empty or all-NA entries is deprecated. In a future version, this will no longer exclude empty or all-NA columns when determining the result dtypes. To retain the old behavior, exclude the relevant entries before the concat operation.
  "controls": pd.concat([oldc, newc], ignore_index=True),
/Users/zhangzc/fable-trading/yoyo/evaluation/spike_high_r_risk_study.py:181: FutureWarning: The behavior of DataFrame concatenation with empty or all-NA entries is deprecated. In a future version, this will no longer exclude empty or all-NA columns when determining the result dtypes. To retain the old behavior, exclude the relevant entries before the concat operation.
  tables = {"trades": pd.concat([baseline, treatment], ignore_index=True),
/Users/zhangzc/fable-trading/yoyo/evaluation/spike_high_r_risk_study.py:182: FutureWarning: The behavior of DataFrame concatenation with empty or all-NA entries is deprecated. In a future version, this will no longer exclude empty or all-NA columns when determining the result dtypes. To retain the old behavior, exclude the relevant entries before the concat operation.
  "controls": pd.concat([oldc, newc], ignore_index=True),
/Users/zhangzc/fable-trading/yoyo/evaluation/spike_high_r_risk_study.py:183: FutureWarning: The behavior of DataFrame concatenation with empty or all-NA entries is deprecated. In a future version, this will no longer exclude empty or all-NA columns when determining the result dtypes. To retain the old behavior, exclude the relevant entries before the concat operation.
  "fills": pd.concat([tag(bf, "baseline"), tag(tf, "high_r_entry_v21")], ignore_index=True),
/Users/zhangzc/fable-trading/yoyo/evaluation/spike_high_r_risk_study.py:182: FutureWarning: The behavior of DataFrame concatenation with empty or all-NA entries is deprecated. In a future version, this will no longer exclude empty or all-NA columns when determining the result dtypes. To retain the old behavior, exclude the relevant entries before the concat operation.
  "controls": pd.concat([oldc, newc], ignore_index=True),
/Users/zhangzc/fable-trading/yoyo/evaluation/spike_high_r_risk_study.py:182: FutureWarning: The behavior of DataFrame concatenation with empty or all-NA entries is deprecated. In a future version, this will no longer exclude empty or all-NA columns when determining the result dtypes. To retain the old behavior, exclude the relevant entries before the concat operation.
  "controls": pd.concat([oldc, newc], ignore_index=True),
/Users/zhangzc/fable-trading/yoyo/evaluation/spike_high_r_risk_study.py:182: FutureWarning: The behavior of DataFrame concatenation with empty or all-NA entries is deprecated. In a future version, this will no longer exclude empty or all-NA columns when determining the result dtypes. To retain the old behavior, exclude the relevant entries before the concat operation.
  "controls": pd.concat([oldc, newc], ignore_index=True),
{"done": 650, "target": 3531, "failures": 0, "seconds": 17.7}
/Users/zhangzc/fable-trading/yoyo/evaluation/spike_high_r_risk_study.py:182: FutureWarning: The behavior of DataFrame concatenation with empty or all-NA entries is deprecated. In a future version, this will no longer exclude empty or all-NA columns when determining the result dtypes. To retain the old behavior, exclude the relevant entries before the concat operation.
  "controls": pd.concat([oldc, newc], ignore_index=True),
/Users/zhangzc/fable-trading/yoyo/evaluation/spike_high_r_risk_study.py:182: FutureWarning: The behavior of DataFrame concatenation with empty or all-NA entries is deprecated. In a future version, this will no longer exclude empty or all-NA columns when determining the result dtypes. To retain the old behavior, exclude the relevant entries before the concat operation.
  "controls": pd.concat([oldc, newc], ignore_index=True),
/Users/zhangzc/fable-trading/yoyo/evaluation/spike_high_r_risk_study.py:182: FutureWarning: The behavior of DataFrame concatenation with empty or all-NA entries is deprecated. In a future version, this will no longer exclude empty or all-NA columns when determining the result dtypes. To retain the old behavior, exclude the relevant entries before the concat operation.
  "controls": pd.concat([oldc, newc], ignore_index=True),
/Users/zhangzc/fable-trading/yoyo/evaluation/spike_high_r_risk_study.py:182: FutureWarning: The behavior of DataFrame concatenation with empty or all-NA entries is deprecated. In a future version, this will no longer exclude empty or all-NA columns when determining the result dtypes. To retain the old behavior, exclude the relevant entries before the concat operation.
  "controls": pd.concat([oldc, newc], ignore_index=True),
/Users/zhangzc/fable-trading/yoyo/evaluation/spike_high_r_risk_study.py:182: FutureWarning: The behavior of DataFrame concatenation with empty or all-NA entries is deprecated. In a future version, this will no longer exclude empty or all-NA columns when determining the result dtypes. To retain the old behavior, exclude the relevant entries before the concat operation.
  "controls": pd.concat([oldc, newc], ignore_index=True),
/Users/zhangzc/fable-trading/yoyo/evaluation/spike_high_r_risk_study.py:182: FutureWarning: The behavior of DataFrame concatenation with empty or all-NA entries is deprecated. In a future version, this will no longer exclude empty or all-NA columns when determining the result dtypes. To retain the old behavior, exclude the relevant entries before the concat operation.
  "controls": pd.concat([oldc, newc], ignore_index=True),
/Users/zhangzc/fable-trading/yoyo/evaluation/spike_high_r_risk_study.py:182: FutureWarning: The behavior of DataFrame concatenation with empty or all-NA entries is deprecated. In a future version, this will no longer exclude empty or all-NA columns when determining the result dtypes. To retain the old behavior, exclude the relevant entries before the concat operation.
  "controls": pd.concat([oldc, newc], ignore_index=True),
/Users/zhangzc/fable-trading/yoyo/evaluation/spike_high_r_risk_study.py:182: FutureWarning: The behavior of DataFrame concatenation with empty or all-NA entries is deprecated. In a future version, this will no longer exclude empty or all-NA columns when determining the result dtypes. To retain the old behavior, exclude the relevant entries before the concat operation.
  "controls": pd.concat([oldc, newc], ignore_index=True),
/Users/zhangzc/fable-trading/yoyo/evaluation/spike_high_r_risk_study.py:182: FutureWarning: The behavior of DataFrame concatenation with empty or all-NA entries is deprecated. In a future version, this will no longer exclude empty or all-NA columns when determining the result dtypes. To retain the old behavior, exclude the relevant entries before the concat operation.
  "controls": pd.concat([oldc, newc], ignore_index=True),
/Users/zhangzc/fable-trading/yoyo/evaluation/spike_high_r_risk_study.py:182: FutureWarning: The behavior of DataFrame concatenation with empty or all-NA entries is deprecated. In a future version, this will no longer exclude empty or all-NA columns when determining the result dtypes. To retain the old behavior, exclude the relevant entries before the concat operation.
  "controls": pd.concat([oldc, newc], ignore_index=True),
/Users/zhangzc/fable-trading/yoyo/evaluation/spike_high_r_risk_study.py:182: FutureWarning: The behavior of DataFrame concatenation with empty or all-NA entries is deprecated. In a future version, this will no longer exclude empty or all-NA columns when determining the result dtypes. To retain the old behavior, exclude the relevant entries before the concat operation.
  "controls": pd.concat([oldc, newc], ignore_index=True),
/Users/zhangzc/fable-trading/yoyo/evaluation/spike_high_r_risk_study.py:182: FutureWarning: The behavior of DataFrame concatenation with empty or all-NA entries is deprecated. In a future version, this will no longer exclude empty or all-NA columns when determining the result dtypes. To retain the old behavior, exclude the relevant entries before the concat operation.
  "controls": pd.concat([oldc, newc], ignore_index=True),
/Users/zhangzc/fable-trading/yoyo/evaluation/spike_high_r_risk_study.py:182: FutureWarning: The behavior of DataFrame concatenation with empty or all-NA entries is deprecated. In a future version, this will no longer exclude empty or all-NA columns when determining the result dtypes. To retain the old behavior, exclude the relevant entries before the concat operation.
  "controls": pd.concat([oldc, newc], ignore_index=True),
/Users/zhangzc/fable-trading/yoyo/evaluation/spike_high_r_risk_study.py:182: FutureWarning: The behavior of DataFrame concatenation with empty or all-NA entries is deprecated. In a future version, this will no longer exclude empty or all-NA columns when determining the result dtypes. To retain the old behavior, exclude the relevant entries before the concat operation.
  "controls": pd.concat([oldc, newc], ignore_index=True),
/Users/zhangzc/fable-trading/yoyo/evaluation/spike_high_r_risk_study.py:182: FutureWarning: The behavior of DataFrame concatenation with empty or all-NA entries is deprecated. In a future version, this will no longer exclude empty or all-NA columns when determining the result dtypes. To retain the old behavior, exclude the relevant entries before the concat operation.
  "controls": pd.concat([oldc, newc], ignore_index=True),
/Users/zhangzc/fable-trading/yoyo/evaluation/spike_high_r_risk_study.py:182: FutureWarning: The behavior of DataFrame concatenation with empty or all-NA entries is deprecated. In a future version, this will no longer exclude empty or all-NA columns when determining the result dtypes. To retain the old behavior, exclude the relevant entries before the concat operation.
  "controls": pd.concat([oldc, newc], ignore_index=True),
{"done": 700, "target": 3531, "failures": 0, "seconds": 22.4}
/Users/zhangzc/fable-trading/yoyo/evaluation/spike_high_r_risk_study.py:182: FutureWarning: The behavior of DataFrame concatenation with empty or all-NA entries is deprecated. In a future version, this will no longer exclude empty or all-NA columns when determining the result dtypes. To retain the old behavior, exclude the relevant entries before the concat operation.
  "controls": pd.concat([oldc, newc], ignore_index=True),
/Users/zhangzc/fable-trading/yoyo/evaluation/spike_high_r_risk_study.py:182: FutureWarning: The behavior of DataFrame concatenation with empty or all-NA entries is deprecated. In a future version, this will no longer exclude empty or all-NA columns when determining the result dtypes. To retain the old behavior, exclude the relevant entries before the concat operation.
  "controls": pd.concat([oldc, newc], ignore_index=True),
/Users/zhangzc/fable-trading/yoyo/evaluation/spike_high_r_risk_study.py:182: FutureWarning: The behavior of DataFrame concatenation with empty or all-NA entries is deprecated. In a future version, this will no longer exclude empty or all-NA columns when determining the result dtypes. To retain the old behavior, exclude the relevant entries before the concat operation.
  "controls": pd.concat([oldc, newc], ignore_index=True),
/Users/zhangzc/fable-trading/yoyo/evaluation/spike_high_r_risk_study.py:182: FutureWarning: The behavior of DataFrame concatenation with empty or all-NA entries is deprecated. In a future version, this will no longer exclude empty or all-NA columns when determining the result dtypes. To retain the old behavior, exclude the relevant entries before the concat operation.
  "controls": pd.concat([oldc, newc], ignore_index=True),
/Users/zhangzc/fable-trading/yoyo/evaluation/spike_high_r_risk_study.py:182: FutureWarning: The behavior of DataFrame concatenation with empty or all-NA entries is deprecated. In a future version, this will no longer exclude empty or all-NA columns when determining the result dtypes. To retain the old behavior, exclude the relevant entries before the concat operation.
  "controls": pd.concat([oldc, newc], ignore_index=True),
/Users/zhangzc/fable-trading/yoyo/evaluation/spike_high_r_risk_study.py:182: FutureWarning: The behavior of DataFrame concatenation with empty or all-NA entries is deprecated. In a future version, this will no longer exclude empty or all-NA columns when determining the result dtypes. To retain the old behavior, exclude the relevant entries before the concat operation.
  "controls": pd.concat([oldc, newc], ignore_index=True),
/Users/zhangzc/fable-trading/yoyo/evaluation/spike_high_r_risk_study.py:182: FutureWarning: The behavior of DataFrame concatenation with empty or all-NA entries is deprecated. In a future version, this will no longer exclude empty or all-NA columns when determining the result dtypes. To retain the old behavior, exclude the relevant entries before the concat operation.
  "controls": pd.concat([oldc, newc], ignore_index=True),
/Users/zhangzc/fable-trading/yoyo/evaluation/spike_high_r_risk_study.py:182: FutureWarning: The behavior of DataFrame concatenation with empty or all-NA entries is deprecated. In a future version, this will no longer exclude empty or all-NA columns when determining the result dtypes. To retain the old behavior, exclude the relevant entries before the concat operation.
  "controls": pd.concat([oldc, newc], ignore_index=True),
/Users/zhangzc/fable-trading/yoyo/evaluation/spike_high_r_risk_study.py:182: FutureWarning: The behavior of DataFrame concatenation with empty or all-NA entries is deprecated. In a future version, this will no longer exclude empty or all-NA columns when determining the result dtypes. To retain the old behavior, exclude the relevant entries before the concat operation.
  "controls": pd.concat([oldc, newc], ignore_index=True),
/Users/zhangzc/fable-trading/yoyo/evaluation/spike_high_r_risk_study.py:182: FutureWarning: The behavior of DataFrame concatenation with empty or all-NA entries is deprecated. In a future version, this will no longer exclude empty or all-NA columns when determining the result dtypes. To retain the old behavior, exclude the relevant entries before the concat operation.
  "controls": pd.concat([oldc, newc], ignore_index=True),
/Users/zhangzc/fable-trading/yoyo/evaluation/spike_high_r_risk_study.py:182: FutureWarning: The behavior of DataFrame concatenation with empty or all-NA entries is deprecated. In a future version, this will no longer exclude empty or all-NA columns when determining the result dtypes. To retain the old behavior, exclude the relevant entries before the concat operation.
  "controls": pd.concat([oldc, newc], ignore_index=True),
/Users/zhangzc/fable-trading/yoyo/evaluation/spike_high_r_risk_study.py:182: FutureWarning: The behavior of DataFrame concatenation with empty or all-NA entries is deprecated. In a future version, this will no longer exclude empty or all-NA columns when determining the result dtypes. To retain the old behavior, exclude the relevant entries before the concat operation.
  "controls": pd.concat([oldc, newc], ignore_index=True),
/Users/zhangzc/fable-trading/yoyo/evaluation/spike_high_r_risk_study.py:182: FutureWarning: The behavior of DataFrame concatenation with empty or all-NA entries is deprecated. In a future version, this will no longer exclude empty or all-NA columns when determining the result dtypes. To retain the old behavior, exclude the relevant entries before the concat operation.
  "controls": pd.concat([oldc, newc], ignore_index=True),
/Users/zhangzc/fable-trading/yoyo/evaluation/spike_high_r_risk_study.py:182: FutureWarning: The behavior of DataFrame concatenation with empty or all-NA entries is deprecated. In a future version, this will no longer exclude empty or all-NA columns when determining the result dtypes. To retain the old behavior, exclude the relevant entries before the concat operation.
  "controls": pd.concat([oldc, newc], ignore_index=True),
{"done": 750, "target": 3531, "failures": 0, "seconds": 27.2}
/Users/zhangzc/fable-trading/yoyo/evaluation/spike_high_r_risk_study.py:182: FutureWarning: The behavior of DataFrame concatenation with empty or all-NA entries is deprecated. In a future version, this will no longer exclude empty or all-NA columns when determining the result dtypes. To retain the old behavior, exclude the relevant entries before the concat operation.
  "controls": pd.concat([oldc, newc], ignore_index=True),
/Users/zhangzc/fable-trading/yoyo/evaluation/spike_high_r_risk_study.py:182: FutureWarning: The behavior of DataFrame concatenation with empty or all-NA entries is deprecated. In a future version, this will no longer exclude empty or all-NA columns when determining the result dtypes. To retain the old behavior, exclude the relevant entries before the concat operation.
  "controls": pd.concat([oldc, newc], ignore_index=True),
/Users/zhangzc/fable-trading/yoyo/evaluation/spike_high_r_risk_study.py:182: FutureWarning: The behavior of DataFrame concatenation with empty or all-NA entries is deprecated. In a future version, this will no longer exclude empty or all-NA columns when determining the result dtypes. To retain the old behavior, exclude the relevant entries before the concat operation.
  "controls": pd.concat([oldc, newc], ignore_index=True),
/Users/zhangzc/fable-trading/yoyo/evaluation/spike_high_r_risk_study.py:182: FutureWarning: The behavior of DataFrame concatenation with empty or all-NA entries is deprecated. In a future version, this will no longer exclude empty or all-NA columns when determining the result dtypes. To retain the old behavior, exclude the relevant entries before the concat operation.
  "controls": pd.concat([oldc, newc], ignore_index=True),
/Users/zhangzc/fable-trading/yoyo/evaluation/spike_high_r_risk_study.py:182: FutureWarning: The behavior of DataFrame concatenation with empty or all-NA entries is deprecated. In a future version, this will no longer exclude empty or all-NA columns when determining the result dtypes. To retain the old behavior, exclude the relevant entries before the concat operation.
  "controls": pd.concat([oldc, newc], ignore_index=True),
/Users/zhangzc/fable-trading/yoyo/evaluation/spike_high_r_risk_study.py:182: FutureWarning: The behavior of DataFrame concatenation with empty or all-NA entries is deprecated. In a future version, this will no longer exclude empty or all-NA columns when determining the result dtypes. To retain the old behavior, exclude the relevant entries before the concat operation.
  "controls": pd.concat([oldc, newc], ignore_index=True),
/Users/zhangzc/fable-trading/yoyo/evaluation/spike_high_r_risk_study.py:182: FutureWarning: The behavior of DataFrame concatenation with empty or all-NA entries is deprecated. In a future version, this will no longer exclude empty or all-NA columns when determining the result dtypes. To retain the old behavior, exclude the relevant entries before the concat operation.
  "controls": pd.concat([oldc, newc], ignore_index=True),
/Users/zhangzc/fable-trading/yoyo/evaluation/spike_high_r_risk_study.py:182: FutureWarning: The behavior of DataFrame concatenation with empty or all-NA entries is deprecated. In a future version, this will no longer exclude empty or all-NA columns when determining the result dtypes. To retain the old behavior, exclude the relevant entries before the concat operation.
  "controls": pd.concat([oldc, newc], ignore_index=True),
/Users/zhangzc/fable-trading/yoyo/evaluation/spike_high_r_risk_study.py:182: FutureWarning: The behavior of DataFrame concatenation with empty or all-NA entries is deprecated. In a future version, this will no longer exclude empty or all-NA columns when determining the result dtypes. To retain the old behavior, exclude the relevant entries before the concat operation.
  "controls": pd.concat([oldc, newc], ignore_index=True),
/Users/zhangzc/fable-trading/yoyo/evaluation/spike_high_r_risk_study.py:182: FutureWarning: The behavior of DataFrame concatenation with empty or all-NA entries is deprecated. In a future version, this will no longer exclude empty or all-NA columns when determining the result dtypes. To retain the old behavior, exclude the relevant entries before the concat operation.
  "controls": pd.concat([oldc, newc], ignore_index=True),
/Users/zhangzc/fable-trading/yoyo/evaluation/spike_high_r_risk_study.py:182: FutureWarning: The behavior of DataFrame concatenation with empty or all-NA entries is deprecated. In a future version, this will no longer exclude empty or all-NA columns when determining the result dtypes. To retain the old behavior, exclude the relevant entries before the concat operation.
  "controls": pd.concat([oldc, newc], ignore_index=True),
/Users/zhangzc/fable-trading/yoyo/evaluation/spike_high_r_risk_study.py:182: FutureWarning: The behavior of DataFrame concatenation with empty or all-NA entries is deprecated. In a future version, this will no longer exclude empty or all-NA columns when determining the result dtypes. To retain the old behavior, exclude the relevant entries before the concat operation.
  "controls": pd.concat([oldc, newc], ignore_index=True),
/Users/zhangzc/fable-trading/yoyo/evaluation/spike_high_r_risk_study.py:182: FutureWarning: The behavior of DataFrame concatenation with empty or all-NA entries is deprecated. In a future version, this will no longer exclude empty or all-NA columns when determining the result dtypes. To retain the old behavior, exclude the relevant entries before the concat operation.
  "controls": pd.concat([oldc, newc], ignore_index=True),
/Users/zhangzc/fable-trading/yoyo/evaluation/spike_high_r_risk_study.py:182: FutureWarning: The behavior of DataFrame concatenation with empty or all-NA entries is deprecated. In a future version, this will no longer exclude empty or all-NA columns when determining the result dtypes. To retain the old behavior, exclude the relevant entries before the concat operation.
  "controls": pd.concat([oldc, newc], ignore_index=True),
/Users/zhangzc/fable-trading/yoyo/evaluation/spike_high_r_risk_study.py:182: FutureWarning: The behavior of DataFrame concatenation with empty or all-NA entries is deprecated. In a future version, this will no longer exclude empty or all-NA columns when determining the result dtypes. To retain the old behavior, exclude the relevant entries before the concat operation.
  "controls": pd.concat([oldc, newc], ignore_index=True),
/Users/zhangzc/fable-trading/yoyo/evaluation/spike_high_r_risk_study.py:182: FutureWarning: The behavior of DataFrame concatenation with empty or all-NA entries is deprecated. In a future version, this will no longer exclude empty or all-NA columns when determining the result dtypes. To retain the old behavior, exclude the relevant entries before the concat operation.
  "controls": pd.concat([oldc, newc], ignore_index=True),
{"done": 800, "target": 3531, "failures": 0, "seconds": 31.8}
/Users/zhangzc/fable-trading/yoyo/evaluation/spike_high_r_risk_study.py:182: FutureWarning: The behavior of DataFrame concatenation with empty or all-NA entries is deprecated. In a future version, this will no longer exclude empty or all-NA columns when determining the result dtypes. To retain the old behavior, exclude the relevant entries before the concat operation.
  "controls": pd.concat([oldc, newc], ignore_index=True),
/Users/zhangzc/fable-trading/yoyo/evaluation/spike_high_r_risk_study.py:182: FutureWarning: The behavior of DataFrame concatenation with empty or all-NA entries is deprecated. In a future version, this will no longer exclude empty or all-NA columns when determining the result dtypes. To retain the old behavior, exclude the relevant entries before the concat operation.
  "controls": pd.concat([oldc, newc], ignore_index=True),
/Users/zhangzc/fable-trading/yoyo/evaluation/spike_high_r_risk_study.py:182: FutureWarning: The behavior of DataFrame concatenation with empty or all-NA entries is deprecated. In a future version, this will no longer exclude empty or all-NA columns when determining the result dtypes. To retain the old behavior, exclude the relevant entries before the concat operation.
  "controls": pd.concat([oldc, newc], ignore_index=True),
/Users/zhangzc/fable-trading/yoyo/evaluation/spike_high_r_risk_study.py:182: FutureWarning: The behavior of DataFrame concatenation with empty or all-NA entries is deprecated. In a future version, this will no longer exclude empty or all-NA columns when determining the result dtypes. To retain the old behavior, exclude the relevant entries before the concat operation.
  "controls": pd.concat([oldc, newc], ignore_index=True),
/Users/zhangzc/fable-trading/yoyo/evaluation/spike_high_r_risk_study.py:182: FutureWarning: The behavior of DataFrame concatenation with empty or all-NA entries is deprecated. In a future version, this will no longer exclude empty or all-NA columns when determining the result dtypes. To retain the old behavior, exclude the relevant entries before the concat operation.
  "controls": pd.concat([oldc, newc], ignore_index=True),
/Users/zhangzc/fable-trading/yoyo/evaluation/spike_high_r_risk_study.py:182: FutureWarning: The behavior of DataFrame concatenation with empty or all-NA entries is deprecated. In a future version, this will no longer exclude empty or all-NA columns when determining the result dtypes. To retain the old behavior, exclude the relevant entries before the concat operation.
  "controls": pd.concat([oldc, newc], ignore_index=True),
/Users/zhangzc/fable-trading/yoyo/evaluation/spike_high_r_risk_study.py:182: FutureWarning: The behavior of DataFrame concatenation with empty or all-NA entries is deprecated. In a future version, this will no longer exclude empty or all-NA columns when determining the result dtypes. To retain the old behavior, exclude the relevant entries before the concat operation.
  "controls": pd.concat([oldc, newc], ignore_index=True),
/Users/zhangzc/fable-trading/yoyo/evaluation/spike_high_r_risk_study.py:182: FutureWarning: The behavior of DataFrame concatenation with empty or all-NA entries is deprecated. In a future version, this will no longer exclude empty or all-NA columns when determining the result dtypes. To retain the old behavior, exclude the relevant entries before the concat operation.
  "controls": pd.concat([oldc, newc], ignore_index=True),
/Users/zhangzc/fable-trading/yoyo/evaluation/spike_high_r_risk_study.py:182: FutureWarning: The behavior of DataFrame concatenation with empty or all-NA entries is deprecated. In a future version, this will no longer exclude empty or all-NA columns when determining the result dtypes. To retain the old behavior, exclude the relevant entries before the concat operation.
  "controls": pd.concat([oldc, newc], ignore_index=True),
/Users/zhangzc/fable-trading/yoyo/evaluation/spike_high_r_risk_study.py:182: FutureWarning: The behavior of DataFrame concatenation with empty or all-NA entries is deprecated. In a future version, this will no longer exclude empty or all-NA columns when determining the result dtypes. To retain the old behavior, exclude the relevant entries before the concat operation.
  "controls": pd.concat([oldc, newc], ignore_index=True),
/Users/zhangzc/fable-trading/yoyo/evaluation/spike_high_r_risk_study.py:182: FutureWarning: The behavior of DataFrame concatenation with empty or all-NA entries is deprecated. In a future version, this will no longer exclude empty or all-NA columns when determining the result dtypes. To retain the old behavior, exclude the relevant entries before the concat operation.
  "controls": pd.concat([oldc, newc], ignore_index=True),
/Users/zhangzc/fable-trading/yoyo/evaluation/spike_high_r_risk_study.py:182: FutureWarning: The behavior of DataFrame concatenation with empty or all-NA entries is deprecated. In a future version, this will no longer exclude empty or all-NA columns when determining the result dtypes. To retain the old behavior, exclude the relevant entries before the concat operation.
  "controls": pd.concat([oldc, newc], ignore_index=True),
/Users/zhangzc/fable-trading/yoyo/evaluation/spike_high_r_risk_study.py:182: FutureWarning: The behavior of DataFrame concatenation with empty or all-NA entries is deprecated. In a future version, this will no longer exclude empty or all-NA columns when determining the result dtypes. To retain the old behavior, exclude the relevant entries before the concat operation.
  "controls": pd.concat([oldc, newc], ignore_index=True),
/Users/zhangzc/fable-trading/yoyo/evaluation/spike_high_r_risk_study.py:182: FutureWarning: The behavior of DataFrame concatenation with empty or all-NA entries is deprecated. In a future version, this will no longer exclude empty or all-NA columns when determining the result dtypes. To retain the old behavior, exclude the relevant entries before the concat operation.
  "controls": pd.concat([oldc, newc], ignore_index=True),
/Users/zhangzc/fable-trading/yoyo/evaluation/spike_high_r_risk_study.py:182: FutureWarning: The behavior of DataFrame concatenation with empty or all-NA entries is deprecated. In a future version, this will no longer exclude empty or all-NA columns when determining the result dtypes. To retain the old behavior, exclude the relevant entries before the concat operation.
  "controls": pd.concat([oldc, newc], ignore_index=True),
/Users/zhangzc/fable-trading/yoyo/evaluation/spike_high_r_risk_study.py:182: FutureWarning: The behavior of DataFrame concatenation with empty or all-NA entries is deprecated. In a future version, this will no longer exclude empty or all-NA columns when determining the result dtypes. To retain the old behavior, exclude the relevant entries before the concat operation.
  "controls": pd.concat([oldc, newc], ignore_index=True),
/Users/zhangzc/fable-trading/yoyo/evaluation/spike_high_r_risk_study.py:182: FutureWarning: The behavior of DataFrame concatenation with empty or all-NA entries is deprecated. In a future version, this will no longer exclude empty or all-NA columns when determining the result dtypes. To retain the old behavior, exclude the relevant entries before the concat operation.
  "controls": pd.concat([oldc, newc], ignore_index=True),
{"done": 850, "target": 3531, "failures": 0, "seconds": 36.8}
/Users/zhangzc/fable-trading/yoyo/evaluation/spike_high_r_risk_study.py:182: FutureWarning: The behavior of DataFrame concatenation with empty or all-NA entries is deprecated. In a future version, this will no longer exclude empty or all-NA columns when determining the result dtypes. To retain the old behavior, exclude the relevant entries before the concat operation.
  "controls": pd.concat([oldc, newc], ignore_index=True),
/Users/zhangzc/fable-trading/yoyo/evaluation/spike_high_r_risk_study.py:182: FutureWarning: The behavior of DataFrame concatenation with empty or all-NA entries is deprecated. In a future version, this will no longer exclude empty or all-NA columns when determining the result dtypes. To retain the old behavior, exclude the relevant entries before the concat operation.
  "controls": pd.concat([oldc, newc], ignore_index=True),
/Users/zhangzc/fable-trading/yoyo/evaluation/spike_high_r_risk_study.py:182: FutureWarning: The behavior of DataFrame concatenation with empty or all-NA entries is deprecated. In a future version, this will no longer exclude empty or all-NA columns when determining the result dtypes. To retain the old behavior, exclude the relevant entries before the concat operation.
  "controls": pd.concat([oldc, newc], ignore_index=True),
/Users/zhangzc/fable-trading/yoyo/evaluation/spike_high_r_risk_study.py:182: FutureWarning: The behavior of DataFrame concatenation with empty or all-NA entries is deprecated. In a future version, this will no longer exclude empty or all-NA columns when determining the result dtypes. To retain the old behavior, exclude the relevant entries before the concat operation.
  "controls": pd.concat([oldc, newc], ignore_index=True),
/Users/zhangzc/fable-trading/yoyo/evaluation/spike_high_r_risk_study.py:182: FutureWarning: The behavior of DataFrame concatenation with empty or all-NA entries is deprecated. In a future version, this will no longer exclude empty or all-NA columns when determining the result dtypes. To retain the old behavior, exclude the relevant entries before the concat operation.
  "controls": pd.concat([oldc, newc], ignore_index=True),
/Users/zhangzc/fable-trading/yoyo/evaluation/spike_high_r_risk_study.py:182: FutureWarning: The behavior of DataFrame concatenation with empty or all-NA entries is deprecated. In a future version, this will no longer exclude empty or all-NA columns when determining the result dtypes. To retain the old behavior, exclude the relevant entries before the concat operation.
  "controls": pd.concat([oldc, newc], ignore_index=True),
/Users/zhangzc/fable-trading/yoyo/evaluation/spike_high_r_risk_study.py:182: FutureWarning: The behavior of DataFrame concatenation with empty or all-NA entries is deprecated. In a future version, this will no longer exclude empty or all-NA columns when determining the result dtypes. To retain the old behavior, exclude the relevant entries before the concat operation.
  "controls": pd.concat([oldc, newc], ignore_index=True),
/Users/zhangzc/fable-trading/yoyo/evaluation/spike_high_r_risk_study.py:182: FutureWarning: The behavior of DataFrame concatenation with empty or all-NA entries is deprecated. In a future version, this will no longer exclude empty or all-NA columns when determining the result dtypes. To retain the old behavior, exclude the relevant entries before the concat operation.
  "controls": pd.concat([oldc, newc], ignore_index=True),
/Users/zhangzc/fable-trading/yoyo/evaluation/spike_high_r_risk_study.py:182: FutureWarning: The behavior of DataFrame concatenation with empty or all-NA entries is deprecated. In a future version, this will no longer exclude empty or all-NA columns when determining the result dtypes. To retain the old behavior, exclude the relevant entries before the concat operation.
  "controls": pd.concat([oldc, newc], ignore_index=True),
/Users/zhangzc/fable-trading/yoyo/evaluation/spike_high_r_risk_study.py:182: FutureWarning: The behavior of DataFrame concatenation with empty or all-NA entries is deprecated. In a future version, this will no longer exclude empty or all-NA columns when determining the result dtypes. To retain the old behavior, exclude the relevant entries before the concat operation.
  "controls": pd.concat([oldc, newc], ignore_index=True),
/Users/zhangzc/fable-trading/yoyo/evaluation/spike_high_r_risk_study.py:182: FutureWarning: The behavior of DataFrame concatenation with empty or all-NA entries is deprecated. In a future version, this will no longer exclude empty or all-NA columns when determining the result dtypes. To retain the old behavior, exclude the relevant entries before the concat operation.
  "controls": pd.concat([oldc, newc], ignore_index=True),
/Users/zhangzc/fable-trading/yoyo/evaluation/spike_high_r_risk_study.py:182: FutureWarning: The behavior of DataFrame concatenation with empty or all-NA entries is deprecated. In a future version, this will no longer exclude empty or all-NA columns when determining the result dtypes. To retain the old behavior, exclude the relevant entries before the concat operation.
  "controls": pd.concat([oldc, newc], ignore_index=True),
/Users/zhangzc/fable-trading/yoyo/evaluation/spike_high_r_risk_study.py:182: FutureWarning: The behavior of DataFrame concatenation with empty or all-NA entries is deprecated. In a future version, this will no longer exclude empty or all-NA columns when determining the result dtypes. To retain the old behavior, exclude the relevant entries before the concat operation.
  "controls": pd.concat([oldc, newc], ignore_index=True),
/Users/zhangzc/fable-trading/yoyo/evaluation/spike_high_r_risk_study.py:182: FutureWarning: The behavior of DataFrame concatenation with empty or all-NA entries is deprecated. In a future version, this will no longer exclude empty or all-NA columns when determining the result dtypes. To retain the old behavior, exclude the relevant entries before the concat operation.
  "controls": pd.concat([oldc, newc], ignore_index=True),
/Users/zhangzc/fable-trading/yoyo/evaluation/spike_high_r_risk_study.py:182: FutureWarning: The behavior of DataFrame concatenation with empty or all-NA entries is deprecated. In a future version, this will no longer exclude empty or all-NA columns when determining the result dtypes. To retain the old behavior, exclude the relevant entries before the concat operation.
  "controls": pd.concat([oldc, newc], ignore_index=True),
{"done": 900, "target": 3531, "failures": 0, "seconds": 41.9}
/Users/zhangzc/fable-trading/yoyo/evaluation/spike_high_r_risk_study.py:182: FutureWarning: The behavior of DataFrame concatenation with empty or all-NA entries is deprecated. In a future version, this will no longer exclude empty or all-NA columns when determining the result dtypes. To retain the old behavior, exclude the relevant entries before the concat operation.
  "controls": pd.concat([oldc, newc], ignore_index=True),
/Users/zhangzc/fable-trading/yoyo/evaluation/spike_high_r_risk_study.py:182: FutureWarning: The behavior of DataFrame concatenation with empty or all-NA entries is deprecated. In a future version, this will no longer exclude empty or all-NA columns when determining the result dtypes. To retain the old behavior, exclude the relevant entries before the concat operation.
  "controls": pd.concat([oldc, newc], ignore_index=True),
/Users/zhangzc/fable-trading/yoyo/evaluation/spike_high_r_risk_study.py:182: FutureWarning: The behavior of DataFrame concatenation with empty or all-NA entries is deprecated. In a future version, this will no longer exclude empty or all-NA columns when determining the result dtypes. To retain the old behavior, exclude the relevant entries before the concat operation.
  "controls": pd.concat([oldc, newc], ignore_index=True),
/Users/zhangzc/fable-trading/yoyo/evaluation/spike_high_r_risk_study.py:182: FutureWarning: The behavior of DataFrame concatenation with empty or all-NA entries is deprecated. In a future version, this will no longer exclude empty or all-NA columns when determining the result dtypes. To retain the old behavior, exclude the relevant entries before the concat operation.
  "controls": pd.concat([oldc, newc], ignore_index=True),
/Users/zhangzc/fable-trading/yoyo/evaluation/spike_high_r_risk_study.py:182: FutureWarning: The behavior of DataFrame concatenation with empty or all-NA entries is deprecated. In a future version, this will no longer exclude empty or all-NA columns when determining the result dtypes. To retain the old behavior, exclude the relevant entries before the concat operation.
  "controls": pd.concat([oldc, newc], ignore_index=True),
/Users/zhangzc/fable-trading/yoyo/evaluation/spike_high_r_risk_study.py:182: FutureWarning: The behavior of DataFrame concatenation with empty or all-NA entries is deprecated. In a future version, this will no longer exclude empty or all-NA columns when determining the result dtypes. To retain the old behavior, exclude the relevant entries before the concat operation.
  "controls": pd.concat([oldc, newc], ignore_index=True),
/Users/zhangzc/fable-trading/yoyo/evaluation/spike_high_r_risk_study.py:182: FutureWarning: The behavior of DataFrame concatenation with empty or all-NA entries is deprecated. In a future version, this will no longer exclude empty or all-NA columns when determining the result dtypes. To retain the old behavior, exclude the relevant entries before the concat operation.
  "controls": pd.concat([oldc, newc], ignore_index=True),
/Users/zhangzc/fable-trading/yoyo/evaluation/spike_high_r_risk_study.py:182: FutureWarning: The behavior of DataFrame concatenation with empty or all-NA entries is deprecated. In a future version, this will no longer exclude empty or all-NA columns when determining the result dtypes. To retain the old behavior, exclude the relevant entries before the concat operation.
  "controls": pd.concat([oldc, newc], ignore_index=True),
/Users/zhangzc/fable-trading/yoyo/evaluation/spike_high_r_risk_study.py:182: FutureWarning: The behavior of DataFrame concatenation with empty or all-NA entries is deprecated. In a future version, this will no longer exclude empty or all-NA columns when determining the result dtypes. To retain the old behavior, exclude the relevant entries before the concat operation.
  "controls": pd.concat([oldc, newc], ignore_index=True),
/Users/zhangzc/fable-trading/yoyo/evaluation/spike_high_r_risk_study.py:182: FutureWarning: The behavior of DataFrame concatenation with empty or all-NA entries is deprecated. In a future version, this will no longer exclude empty or all-NA columns when determining the result dtypes. To retain the old behavior, exclude the relevant entries before the concat operation.
  "controls": pd.concat([oldc, newc], ignore_index=True),
/Users/zhangzc/fable-trading/yoyo/evaluation/spike_high_r_risk_study.py:182: FutureWarning: The behavior of DataFrame concatenation with empty or all-NA entries is deprecated. In a future version, this will no longer exclude empty or all-NA columns when determining the result dtypes. To retain the old behavior, exclude the relevant entries before the concat operation.
  "controls": pd.concat([oldc, newc], ignore_index=True),
/Users/zhangzc/fable-trading/yoyo/evaluation/spike_high_r_risk_study.py:182: FutureWarning: The behavior of DataFrame concatenation with empty or all-NA entries is deprecated. In a future version, this will no longer exclude empty or all-NA columns when determining the result dtypes. To retain the old behavior, exclude the relevant entries before the concat operation.
  "controls": pd.concat([oldc, newc], ignore_index=True),
/Users/zhangzc/fable-trading/yoyo/evaluation/spike_high_r_risk_study.py:182: FutureWarning: The behavior of DataFrame concatenation with empty or all-NA entries is deprecated. In a future version, this will no longer exclude empty or all-NA columns when determining the result dtypes. To retain the old behavior, exclude the relevant entries before the concat operation.
  "controls": pd.concat([oldc, newc], ignore_index=True),
/Users/zhangzc/fable-trading/yoyo/evaluation/spike_high_r_risk_study.py:182: FutureWarning: The behavior of DataFrame concatenation with empty or all-NA entries is deprecated. In a future version, this will no longer exclude empty or all-NA columns when determining the result dtypes. To retain the old behavior, exclude the relevant entries before the concat operation.
  "controls": pd.concat([oldc, newc], ignore_index=True),
/Users/zhangzc/fable-trading/yoyo/evaluation/spike_high_r_risk_study.py:182: FutureWarning: The behavior of DataFrame concatenation with empty or all-NA entries is deprecated. In a future version, this will no longer exclude empty or all-NA columns when determining the result dtypes. To retain the old behavior, exclude the relevant entries before the concat operation.
  "controls": pd.concat([oldc, newc], ignore_index=True),
/Users/zhangzc/fable-trading/yoyo/evaluation/spike_high_r_risk_study.py:182: FutureWarning: The behavior of DataFrame concatenation with empty or all-NA entries is deprecated. In a future version, this will no longer exclude empty or all-NA columns when determining the result dtypes. To retain the old behavior, exclude the relevant entries before the concat operation.
  "controls": pd.concat([oldc, newc], ignore_index=True),
/Users/zhangzc/fable-trading/yoyo/evaluation/spike_high_r_risk_study.py:182: FutureWarning: The behavior of DataFrame concatenation with empty or all-NA entries is deprecated. In a future version, this will no longer exclude empty or all-NA columns when determining the result dtypes. To retain the old behavior, exclude the relevant entries before the concat operation.
  "controls": pd.concat([oldc, newc], ignore_index=True),
/Users/zhangzc/fable-trading/yoyo/evaluation/spike_high_r_risk_study.py:182: FutureWarning: The behavior of DataFrame concatenation with empty or all-NA entries is deprecated. In a future version, this will no longer exclude empty or all-NA columns when determining the result dtypes. To retain the old behavior, exclude the relevant entries before the concat operation.
  "controls": pd.concat([oldc, newc], ignore_index=True),
{"done": 950, "target": 3531, "failures": 0, "seconds": 47.6}
/Users/zhangzc/fable-trading/yoyo/evaluation/spike_high_r_risk_study.py:182: FutureWarning: The behavior of DataFrame concatenation with empty or all-NA entries is deprecated. In a future version, this will no longer exclude empty or all-NA columns when determining the result dtypes. To retain the old behavior, exclude the relevant entries before the concat operation.
  "controls": pd.concat([oldc, newc], ignore_index=True),
/Users/zhangzc/fable-trading/yoyo/evaluation/spike_high_r_risk_study.py:182: FutureWarning: The behavior of DataFrame concatenation with empty or all-NA entries is deprecated. In a future version, this will no longer exclude empty or all-NA columns when determining the result dtypes. To retain the old behavior, exclude the relevant entries before the concat operation.
  "controls": pd.concat([oldc, newc], ignore_index=True),
/Users/zhangzc/fable-trading/yoyo/evaluation/spike_high_r_risk_study.py:182: FutureWarning: The behavior of DataFrame concatenation with empty or all-NA entries is deprecated. In a future version, this will no longer exclude empty or all-NA columns when determining the result dtypes. To retain the old behavior, exclude the relevant entries before the concat operation.
  "controls": pd.concat([oldc, newc], ignore_index=True),
/Users/zhangzc/fable-trading/yoyo/evaluation/spike_high_r_risk_study.py:182: FutureWarning: The behavior of DataFrame concatenation with empty or all-NA entries is deprecated. In a future version, this will no longer exclude empty or all-NA columns when determining the result dtypes. To retain the old behavior, exclude the relevant entries before the concat operation.
  "controls": pd.concat([oldc, newc], ignore_index=True),
/Users/zhangzc/fable-trading/yoyo/evaluation/spike_high_r_risk_study.py:182: FutureWarning: The behavior of DataFrame concatenation with empty or all-NA entries is deprecated. In a future version, this will no longer exclude empty or all-NA columns when determining the result dtypes. To retain the old behavior, exclude the relevant entries before the concat operation.
  "controls": pd.concat([oldc, newc], ignore_index=True),
/Users/zhangzc/fable-trading/yoyo/evaluation/spike_high_r_risk_study.py:182: FutureWarning: The behavior of DataFrame concatenation with empty or all-NA entries is deprecated. In a future version, this will no longer exclude empty or all-NA columns when determining the result dtypes. To retain the old behavior, exclude the relevant entries before the concat operation.
  "controls": pd.concat([oldc, newc], ignore_index=True),
/Users/zhangzc/fable-trading/yoyo/evaluation/spike_high_r_risk_study.py:182: FutureWarning: The behavior of DataFrame concatenation with empty or all-NA entries is deprecated. In a future version, this will no longer exclude empty or all-NA columns when determining the result dtypes. To retain the old behavior, exclude the relevant entries before the concat operation.
  "controls": pd.concat([oldc, newc], ignore_index=True),
/Users/zhangzc/fable-trading/yoyo/evaluation/spike_high_r_risk_study.py:182: FutureWarning: The behavior of DataFrame concatenation with empty or all-NA entries is deprecated. In a future version, this will no longer exclude empty or all-NA columns when determining the result dtypes. To retain the old behavior, exclude the relevant entries before the concat operation.
  "controls": pd.concat([oldc, newc], ignore_index=True),
/Users/zhangzc/fable-trading/yoyo/evaluation/spike_high_r_risk_study.py:182: FutureWarning: The behavior of DataFrame concatenation with empty or all-NA entries is deprecated. In a future version, this will no longer exclude empty or all-NA columns when determining the result dtypes. To retain the old behavior, exclude the relevant entries before the concat operation.
  "controls": pd.concat([oldc, newc], ignore_index=True),
/Users/zhangzc/fable-trading/yoyo/evaluation/spike_high_r_risk_study.py:182: FutureWarning: The behavior of DataFrame concatenation with empty or all-NA entries is deprecated. In a future version, this will no longer exclude empty or all-NA columns when determining the result dtypes. To retain the old behavior, exclude the relevant entries before the concat operation.
  "controls": pd.concat([oldc, newc], ignore_index=True),
/Users/zhangzc/fable-trading/yoyo/evaluation/spike_high_r_risk_study.py:181: FutureWarning: The behavior of DataFrame concatenation with empty or all-NA entries is deprecated. In a future version, this will no longer exclude empty or all-NA columns when determining the result dtypes. To retain the old behavior, exclude the relevant entries before the concat operation.
  tables = {"trades": pd.concat([baseline, treatment], ignore_index=True),
/Users/zhangzc/fable-trading/yoyo/evaluation/spike_high_r_risk_study.py:182: FutureWarning: The behavior of DataFrame concatenation with empty or all-NA entries is deprecated. In a future version, this will no longer exclude empty or all-NA columns when determining the result dtypes. To retain the old behavior, exclude the relevant entries before the concat operation.
  "controls": pd.concat([oldc, newc], ignore_index=True),
/Users/zhangzc/fable-trading/yoyo/evaluation/spike_high_r_risk_study.py:183: FutureWarning: The behavior of DataFrame concatenation with empty or all-NA entries is deprecated. In a future version, this will no longer exclude empty or all-NA columns when determining the result dtypes. To retain the old behavior, exclude the relevant entries before the concat operation.
  "fills": pd.concat([tag(bf, "baseline"), tag(tf, "high_r_entry_v21")], ignore_index=True),
/Users/zhangzc/fable-trading/yoyo/evaluation/spike_high_r_risk_study.py:182: FutureWarning: The behavior of DataFrame concatenation with empty or all-NA entries is deprecated. In a future version, this will no longer exclude empty or all-NA columns when determining the result dtypes. To retain the old behavior, exclude the relevant entries before the concat operation.
  "controls": pd.concat([oldc, newc], ignore_index=True),
/Users/zhangzc/fable-trading/yoyo/evaluation/spike_high_r_risk_study.py:182: FutureWarning: The behavior of DataFrame concatenation with empty or all-NA entries is deprecated. In a future version, this will no longer exclude empty or all-NA columns when determining the result dtypes. To retain the old behavior, exclude the relevant entries before the concat operation.
  "controls": pd.concat([oldc, newc], ignore_index=True),
/Users/zhangzc/fable-trading/yoyo/evaluation/spike_high_r_risk_study.py:182: FutureWarning: The behavior of DataFrame concatenation with empty or all-NA entries is deprecated. In a future version, this will no longer exclude empty or all-NA columns when determining the result dtypes. To retain the old behavior, exclude the relevant entries before the concat operation.
  "controls": pd.concat([oldc, newc], ignore_index=True),
/Users/zhangzc/fable-trading/yoyo/evaluation/spike_high_r_risk_study.py:182: FutureWarning: The behavior of DataFrame concatenation with empty or all-NA entries is deprecated. In a future version, this will no longer exclude empty or all-NA columns when determining the result dtypes. To retain the old behavior, exclude the relevant entries before the concat operation.
  "controls": pd.concat([oldc, newc], ignore_index=True),
/Users/zhangzc/fable-trading/yoyo/evaluation/spike_high_r_risk_study.py:182: FutureWarning: The behavior of DataFrame concatenation with empty or all-NA entries is deprecated. In a future version, this will no longer exclude empty or all-NA columns when determining the result dtypes. To retain the old behavior, exclude the relevant entries before the concat operation.
  "controls": pd.concat([oldc, newc], ignore_index=True),
{"done": 1000, "target": 3531, "failures": 0, "seconds": 52.9}
/Users/zhangzc/fable-trading/yoyo/evaluation/spike_high_r_risk_study.py:182: FutureWarning: The behavior of DataFrame concatenation with empty or all-NA entries is deprecated. In a future version, this will no longer exclude empty or all-NA columns when determining the result dtypes. To retain the old behavior, exclude the relevant entries before the concat operation.
  "controls": pd.concat([oldc, newc], ignore_index=True),
/Users/zhangzc/fable-trading/yoyo/evaluation/spike_high_r_risk_study.py:182: FutureWarning: The behavior of DataFrame concatenation with empty or all-NA entries is deprecated. In a future version, this will no longer exclude empty or all-NA columns when determining the result dtypes. To retain the old behavior, exclude the relevant entries before the concat operation.
  "controls": pd.concat([oldc, newc], ignore_index=True),
/Users/zhangzc/fable-trading/yoyo/evaluation/spike_high_r_risk_study.py:182: FutureWarning: The behavior of DataFrame concatenation with empty or all-NA entries is deprecated. In a future version, this will no longer exclude empty or all-NA columns when determining the result dtypes. To retain the old behavior, exclude the relevant entries before the concat operation.
  "controls": pd.concat([oldc, newc], ignore_index=True),
/Users/zhangzc/fable-trading/yoyo/evaluation/spike_high_r_risk_study.py:182: FutureWarning: The behavior of DataFrame concatenation with empty or all-NA entries is deprecated. In a future version, this will no longer exclude empty or all-NA columns when determining the result dtypes. To retain the old behavior, exclude the relevant entries before the concat operation.
  "controls": pd.concat([oldc, newc], ignore_index=True),
/Users/zhangzc/fable-trading/yoyo/evaluation/spike_high_r_risk_study.py:182: FutureWarning: The behavior of DataFrame concatenation with empty or all-NA entries is deprecated. In a future version, this will no longer exclude empty or all-NA columns when determining the result dtypes. To retain the old behavior, exclude the relevant entries before the concat operation.
  "controls": pd.concat([oldc, newc], ignore_index=True),
/Users/zhangzc/fable-trading/yoyo/evaluation/spike_high_r_risk_study.py:182: FutureWarning: The behavior of DataFrame concatenation with empty or all-NA entries is deprecated. In a future version, this will no longer exclude empty or all-NA columns when determining the result dtypes. To retain the old behavior, exclude the relevant entries before the concat operation.
  "controls": pd.concat([oldc, newc], ignore_index=True),
/Users/zhangzc/fable-trading/yoyo/evaluation/spike_high_r_risk_study.py:182: FutureWarning: The behavior of DataFrame concatenation with empty or all-NA entries is deprecated. In a future version, this will no longer exclude empty or all-NA columns when determining the result dtypes. To retain the old behavior, exclude the relevant entries before the concat operation.
  "controls": pd.concat([oldc, newc], ignore_index=True),
/Users/zhangzc/fable-trading/yoyo/evaluation/spike_high_r_risk_study.py:182: FutureWarning: The behavior of DataFrame concatenation with empty or all-NA entries is deprecated. In a future version, this will no longer exclude empty or all-NA columns when determining the result dtypes. To retain the old behavior, exclude the relevant entries before the concat operation.
  "controls": pd.concat([oldc, newc], ignore_index=True),
/Users/zhangzc/fable-trading/yoyo/evaluation/spike_high_r_risk_study.py:182: FutureWarning: The behavior of DataFrame concatenation with empty or all-NA entries is deprecated. In a future version, this will no longer exclude empty or all-NA columns when determining the result dtypes. To retain the old behavior, exclude the relevant entries before the concat operation.
  "controls": pd.concat([oldc, newc], ignore_index=True),
/Users/zhangzc/fable-trading/yoyo/evaluation/spike_high_r_risk_study.py:182: FutureWarning: The behavior of DataFrame concatenation with empty or all-NA entries is deprecated. In a future version, this will no longer exclude empty or all-NA columns when determining the result dtypes. To retain the old behavior, exclude the relevant entries before the concat operation.
  "controls": pd.concat([oldc, newc], ignore_index=True),
{"done": 1050, "target": 3531, "failures": 0, "seconds": 58.3}
/Users/zhangzc/fable-trading/yoyo/evaluation/spike_high_r_risk_study.py:182: FutureWarning: The behavior of DataFrame concatenation with empty or all-NA entries is deprecated. In a future version, this will no longer exclude empty or all-NA columns when determining the result dtypes. To retain the old behavior, exclude the relevant entries before the concat operation.
  "controls": pd.concat([oldc, newc], ignore_index=True),
/Users/zhangzc/fable-trading/yoyo/evaluation/spike_high_r_risk_study.py:182: FutureWarning: The behavior of DataFrame concatenation with empty or all-NA entries is deprecated. In a future version, this will no longer exclude empty or all-NA columns when determining the result dtypes. To retain the old behavior, exclude the relevant entries before the concat operation.
  "controls": pd.concat([oldc, newc], ignore_index=True),
/Users/zhangzc/fable-trading/yoyo/evaluation/spike_high_r_risk_study.py:182: FutureWarning: The behavior of DataFrame concatenation with empty or all-NA entries is deprecated. In a future version, this will no longer exclude empty or all-NA columns when determining the result dtypes. To retain the old behavior, exclude the relevant entries before the concat operation.
  "controls": pd.concat([oldc, newc], ignore_index=True),
/Users/zhangzc/fable-trading/yoyo/evaluation/spike_high_r_risk_study.py:182: FutureWarning: The behavior of DataFrame concatenation with empty or all-NA entries is deprecated. In a future version, this will no longer exclude empty or all-NA columns when determining the result dtypes. To retain the old behavior, exclude the relevant entries before the concat operation.
  "controls": pd.concat([oldc, newc], ignore_index=True),
/Users/zhangzc/fable-trading/yoyo/evaluation/spike_high_r_risk_study.py:182: FutureWarning: The behavior of DataFrame concatenation with empty or all-NA entries is deprecated. In a future version, this will no longer exclude empty or all-NA columns when determining the result dtypes. To retain the old behavior, exclude the relevant entries before the concat operation.
  "controls": pd.concat([oldc, newc], ignore_index=True),
/Users/zhangzc/fable-trading/yoyo/evaluation/spike_high_r_risk_study.py:182: FutureWarning: The behavior of DataFrame concatenation with empty or all-NA entries is deprecated. In a future version, this will no longer exclude empty or all-NA columns when determining the result dtypes. To retain the old behavior, exclude the relevant entries before the concat operation.
  "controls": pd.concat([oldc, newc], ignore_index=True),
/Users/zhangzc/fable-trading/yoyo/evaluation/spike_high_r_risk_study.py:182: FutureWarning: The behavior of DataFrame concatenation with empty or all-NA entries is deprecated. In a future version, this will no longer exclude empty or all-NA columns when determining the result dtypes. To retain the old behavior, exclude the relevant entries before the concat operation.
  "controls": pd.concat([oldc, newc], ignore_index=True),
/Users/zhangzc/fable-trading/yoyo/evaluation/spike_high_r_risk_study.py:182: FutureWarning: The behavior of DataFrame concatenation with empty or all-NA entries is deprecated. In a future version, this will no longer exclude empty or all-NA columns when determining the result dtypes. To retain the old behavior, exclude the relevant entries before the concat operation.
  "controls": pd.concat([oldc, newc], ignore_index=True),
/Users/zhangzc/fable-trading/yoyo/evaluation/spike_high_r_risk_study.py:182: FutureWarning: The behavior of DataFrame concatenation with empty or all-NA entries is deprecated. In a future version, this will no longer exclude empty or all-NA columns when determining the result dtypes. To retain the old behavior, exclude the relevant entries before the concat operation.
  "controls": pd.concat([oldc, newc], ignore_index=True),
/Users/zhangzc/fable-trading/yoyo/evaluation/spike_high_r_risk_study.py:182: FutureWarning: The behavior of DataFrame concatenation with empty or all-NA entries is deprecated. In a future version, this will no longer exclude empty or all-NA columns when determining the result dtypes. To retain the old behavior, exclude the relevant entries before the concat operation.
  "controls": pd.concat([oldc, newc], ignore_index=True),
/Users/zhangzc/fable-trading/yoyo/evaluation/spike_high_r_risk_study.py:182: FutureWarning: The behavior of DataFrame concatenation with empty or all-NA entries is deprecated. In a future version, this will no longer exclude empty or all-NA columns when determining the result dtypes. To retain the old behavior, exclude the relevant entries before the concat operation.
  "controls": pd.concat([oldc, newc], ignore_index=True),
/Users/zhangzc/fable-trading/yoyo/evaluation/spike_high_r_risk_study.py:182: FutureWarning: The behavior of DataFrame concatenation with empty or all-NA entries is deprecated. In a future version, this will no longer exclude empty or all-NA columns when determining the result dtypes. To retain the old behavior, exclude the relevant entries before the concat operation.
  "controls": pd.concat([oldc, newc], ignore_index=True),
/Users/zhangzc/fable-trading/yoyo/evaluation/spike_high_r_risk_study.py:182: FutureWarning: The behavior of DataFrame concatenation with empty or all-NA entries is deprecated. In a future version, this will no longer exclude empty or all-NA columns when determining the result dtypes. To retain the old behavior, exclude the relevant entries before the concat operation.
  "controls": pd.concat([oldc, newc], ignore_index=True),
{"done": 1100, "target": 3531, "failures": 0, "seconds": 63.1}
/Users/zhangzc/fable-trading/yoyo/evaluation/spike_high_r_risk_study.py:182: FutureWarning: The behavior of DataFrame concatenation with empty or all-NA entries is deprecated. In a future version, this will no longer exclude empty or all-NA columns when determining the result dtypes. To retain the old behavior, exclude the relevant entries before the concat operation.
  "controls": pd.concat([oldc, newc], ignore_index=True),
/Users/zhangzc/fable-trading/yoyo/evaluation/spike_high_r_risk_study.py:182: FutureWarning: The behavior of DataFrame concatenation with empty or all-NA entries is deprecated. In a future version, this will no longer exclude empty or all-NA columns when determining the result dtypes. To retain the old behavior, exclude the relevant entries before the concat operation.
  "controls": pd.concat([oldc, newc], ignore_index=True),
/Users/zhangzc/fable-trading/yoyo/evaluation/spike_high_r_risk_study.py:182: FutureWarning: The behavior of DataFrame concatenation with empty or all-NA entries is deprecated. In a future version, this will no longer exclude empty or all-NA columns when determining the result dtypes. To retain the old behavior, exclude the relevant entries before the concat operation.
  "controls": pd.concat([oldc, newc], ignore_index=True),
/Users/zhangzc/fable-trading/yoyo/evaluation/spike_high_r_risk_study.py:182: FutureWarning: The behavior of DataFrame concatenation with empty or all-NA entries is deprecated. In a future version, this will no longer exclude empty or all-NA columns when determining the result dtypes. To retain the old behavior, exclude the relevant entries before the concat operation.
  "controls": pd.concat([oldc, newc], ignore_index=True),
/Users/zhangzc/fable-trading/yoyo/evaluation/spike_high_r_risk_study.py:182: FutureWarning: The behavior of DataFrame concatenation with empty or all-NA entries is deprecated. In a future version, this will no longer exclude empty or all-NA columns when determining the result dtypes. To retain the old behavior, exclude the relevant entries before the concat operation.
  "controls": pd.concat([oldc, newc], ignore_index=True),
/Users/zhangzc/fable-trading/yoyo/evaluation/spike_high_r_risk_study.py:182: FutureWarning: The behavior of DataFrame concatenation with empty or all-NA entries is deprecated. In a future version, this will no longer exclude empty or all-NA columns when determining the result dtypes. To retain the old behavior, exclude the relevant entries before the concat operation.
  "controls": pd.concat([oldc, newc], ignore_index=True),
/Users/zhangzc/fable-trading/yoyo/evaluation/spike_high_r_risk_study.py:182: FutureWarning: The behavior of DataFrame concatenation with empty or all-NA entries is deprecated. In a future version, this will no longer exclude empty or all-NA columns when determining the result dtypes. To retain the old behavior, exclude the relevant entries before the concat operation.
  "controls": pd.concat([oldc, newc], ignore_index=True),
/Users/zhangzc/fable-trading/yoyo/evaluation/spike_high_r_risk_study.py:182: FutureWarning: The behavior of DataFrame concatenation with empty or all-NA entries is deprecated. In a future version, this will no longer exclude empty or all-NA columns when determining the result dtypes. To retain the old behavior, exclude the relevant entries before the concat operation.
  "controls": pd.concat([oldc, newc], ignore_index=True),
/Users/zhangzc/fable-trading/yoyo/evaluation/spike_high_r_risk_study.py:182: FutureWarning: The behavior of DataFrame concatenation with empty or all-NA entries is deprecated. In a future version, this will no longer exclude empty or all-NA columns when determining the result dtypes. To retain the old behavior, exclude the relevant entries before the concat operation.
  "controls": pd.concat([oldc, newc], ignore_index=True),
/Users/zhangzc/fable-trading/yoyo/evaluation/spike_high_r_risk_study.py:182: FutureWarning: The behavior of DataFrame concatenation with empty or all-NA entries is deprecated. In a future version, this will no longer exclude empty or all-NA columns when determining the result dtypes. To retain the old behavior, exclude the relevant entries before the concat operation.
  "controls": pd.concat([oldc, newc], ignore_index=True),
/Users/zhangzc/fable-trading/yoyo/evaluation/spike_high_r_risk_study.py:181: FutureWarning: The behavior of DataFrame concatenation with empty or all-NA entries is deprecated. In a future version, this will no longer exclude empty or all-NA columns when determining the result dtypes. To retain the old behavior, exclude the relevant entries before the concat operation.
  tables = {"trades": pd.concat([baseline, treatment], ignore_index=True),
/Users/zhangzc/fable-trading/yoyo/evaluation/spike_high_r_risk_study.py:182: FutureWarning: The behavior of DataFrame concatenation with empty or all-NA entries is deprecated. In a future version, this will no longer exclude empty or all-NA columns when determining the result dtypes. To retain the old behavior, exclude the relevant entries before the concat operation.
  "controls": pd.concat([oldc, newc], ignore_index=True),
/Users/zhangzc/fable-trading/yoyo/evaluation/spike_high_r_risk_study.py:183: FutureWarning: The behavior of DataFrame concatenation with empty or all-NA entries is deprecated. In a future version, this will no longer exclude empty or all-NA columns when determining the result dtypes. To retain the old behavior, exclude the relevant entries before the concat operation.
  "fills": pd.concat([tag(bf, "baseline"), tag(tf, "high_r_entry_v21")], ignore_index=True),
/Users/zhangzc/fable-trading/yoyo/evaluation/spike_high_r_risk_study.py:182: FutureWarning: The behavior of DataFrame concatenation with empty or all-NA entries is deprecated. In a future version, this will no longer exclude empty or all-NA columns when determining the result dtypes. To retain the old behavior, exclude the relevant entries before the concat operation.
  "controls": pd.concat([oldc, newc], ignore_index=True),
/Users/zhangzc/fable-trading/yoyo/evaluation/spike_high_r_risk_study.py:182: FutureWarning: The behavior of DataFrame concatenation with empty or all-NA entries is deprecated. In a future version, this will no longer exclude empty or all-NA columns when determining the result dtypes. To retain the old behavior, exclude the relevant entries before the concat operation.
  "controls": pd.concat([oldc, newc], ignore_index=True),
/Users/zhangzc/fable-trading/yoyo/evaluation/spike_high_r_risk_study.py:182: FutureWarning: The behavior of DataFrame concatenation with empty or all-NA entries is deprecated. In a future version, this will no longer exclude empty or all-NA columns when determining the result dtypes. To retain the old behavior, exclude the relevant entries before the concat operation.
  "controls": pd.concat([oldc, newc], ignore_index=True),
/Users/zhangzc/fable-trading/yoyo/evaluation/spike_high_r_risk_study.py:182: FutureWarning: The behavior of DataFrame concatenation with empty or all-NA entries is deprecated. In a future version, this will no longer exclude empty or all-NA columns when determining the result dtypes. To retain the old behavior, exclude the relevant entries before the concat operation.
  "controls": pd.concat([oldc, newc], ignore_index=True),
{"done": 1150, "target": 3531, "failures": 0, "seconds": 68.8}
/Users/zhangzc/fable-trading/yoyo/evaluation/spike_high_r_risk_study.py:182: FutureWarning: The behavior of DataFrame concatenation with empty or all-NA entries is deprecated. In a future version, this will no longer exclude empty or all-NA columns when determining the result dtypes. To retain the old behavior, exclude the relevant entries before the concat operation.
  "controls": pd.concat([oldc, newc], ignore_index=True),
/Users/zhangzc/fable-trading/yoyo/evaluation/spike_high_r_risk_study.py:182: FutureWarning: The behavior of DataFrame concatenation with empty or all-NA entries is deprecated. In a future version, this will no longer exclude empty or all-NA columns when determining the result dtypes. To retain the old behavior, exclude the relevant entries before the concat operation.
  "controls": pd.concat([oldc, newc], ignore_index=True),
/Users/zhangzc/fable-trading/yoyo/evaluation/spike_high_r_risk_study.py:182: FutureWarning: The behavior of DataFrame concatenation with empty or all-NA entries is deprecated. In a future version, this will no longer exclude empty or all-NA columns when determining the result dtypes. To retain the old behavior, exclude the relevant entries before the concat operation.
  "controls": pd.concat([oldc, newc], ignore_index=True),
/Users/zhangzc/fable-trading/yoyo/evaluation/spike_high_r_risk_study.py:182: FutureWarning: The behavior of DataFrame concatenation with empty or all-NA entries is deprecated. In a future version, this will no longer exclude empty or all-NA columns when determining the result dtypes. To retain the old behavior, exclude the relevant entries before the concat operation.
  "controls": pd.concat([oldc, newc], ignore_index=True),
/Users/zhangzc/fable-trading/yoyo/evaluation/spike_high_r_risk_study.py:182: FutureWarning: The behavior of DataFrame concatenation with empty or all-NA entries is deprecated. In a future version, this will no longer exclude empty or all-NA columns when determining the result dtypes. To retain the old behavior, exclude the relevant entries before the concat operation.
  "controls": pd.concat([oldc, newc], ignore_index=True),
/Users/zhangzc/fable-trading/yoyo/evaluation/spike_high_r_risk_study.py:182: FutureWarning: The behavior of DataFrame concatenation with empty or all-NA entries is deprecated. In a future version, this will no longer exclude empty or all-NA columns when determining the result dtypes. To retain the old behavior, exclude the relevant entries before the concat operation.
  "controls": pd.concat([oldc, newc], ignore_index=True),
/Users/zhangzc/fable-trading/yoyo/evaluation/spike_high_r_risk_study.py:182: FutureWarning: The behavior of DataFrame concatenation with empty or all-NA entries is deprecated. In a future version, this will no longer exclude empty or all-NA columns when determining the result dtypes. To retain the old behavior, exclude the relevant entries before the concat operation.
  "controls": pd.concat([oldc, newc], ignore_index=True),
/Users/zhangzc/fable-trading/yoyo/evaluation/spike_high_r_risk_study.py:182: FutureWarning: The behavior of DataFrame concatenation with empty or all-NA entries is deprecated. In a future version, this will no longer exclude empty or all-NA columns when determining the result dtypes. To retain the old behavior, exclude the relevant entries before the concat operation.
  "controls": pd.concat([oldc, newc], ignore_index=True),
/Users/zhangzc/fable-trading/yoyo/evaluation/spike_high_r_risk_study.py:182: FutureWarning: The behavior of DataFrame concatenation with empty or all-NA entries is deprecated. In a future version, this will no longer exclude empty or all-NA columns when determining the result dtypes. To retain the old behavior, exclude the relevant entries before the concat operation.
  "controls": pd.concat([oldc, newc], ignore_index=True),
/Users/zhangzc/fable-trading/yoyo/evaluation/spike_high_r_risk_study.py:182: FutureWarning: The behavior of DataFrame concatenation with empty or all-NA entries is deprecated. In a future version, this will no longer exclude empty or all-NA columns when determining the result dtypes. To retain the old behavior, exclude the relevant entries before the concat operation.
  "controls": pd.concat([oldc, newc], ignore_index=True),
/Users/zhangzc/fable-trading/yoyo/evaluation/spike_high_r_risk_study.py:182: FutureWarning: The behavior of DataFrame concatenation with empty or all-NA entries is deprecated. In a future version, this will no longer exclude empty or all-NA columns when determining the result dtypes. To retain the old behavior, exclude the relevant entries before the concat operation.
  "controls": pd.concat([oldc, newc], ignore_index=True),
/Users/zhangzc/fable-trading/yoyo/evaluation/spike_high_r_risk_study.py:182: FutureWarning: The behavior of DataFrame concatenation with empty or all-NA entries is deprecated. In a future version, this will no longer exclude empty or all-NA columns when determining the result dtypes. To retain the old behavior, exclude the relevant entries before the concat operation.
  "controls": pd.concat([oldc, newc], ignore_index=True),
/Users/zhangzc/fable-trading/yoyo/evaluation/spike_high_r_risk_study.py:182: FutureWarning: The behavior of DataFrame concatenation with empty or all-NA entries is deprecated. In a future version, this will no longer exclude empty or all-NA columns when determining the result dtypes. To retain the old behavior, exclude the relevant entries before the concat operation.
  "controls": pd.concat([oldc, newc], ignore_index=True),
/Users/zhangzc/fable-trading/yoyo/evaluation/spike_high_r_risk_study.py:182: FutureWarning: The behavior of DataFrame concatenation with empty or all-NA entries is deprecated. In a future version, this will no longer exclude empty or all-NA columns when determining the result dtypes. To retain the old behavior, exclude the relevant entries before the concat operation.
  "controls": pd.concat([oldc, newc], ignore_index=True),
/Users/zhangzc/fable-trading/yoyo/evaluation/spike_high_r_risk_study.py:182: FutureWarning: The behavior of DataFrame concatenation with empty or all-NA entries is deprecated. In a future version, this will no longer exclude empty or all-NA columns when determining the result dtypes. To retain the old behavior, exclude the relevant entries before the concat operation.
  "controls": pd.concat([oldc, newc], ignore_index=True),
/Users/zhangzc/fable-trading/yoyo/evaluation/spike_high_r_risk_study.py:182: FutureWarning: The behavior of DataFrame concatenation with empty or all-NA entries is deprecated. In a future version, this will no longer exclude empty or all-NA columns when determining the result dtypes. To retain the old behavior, exclude the relevant entries before the concat operation.
  "controls": pd.concat([oldc, newc], ignore_index=True),
/Users/zhangzc/fable-trading/yoyo/evaluation/spike_high_r_risk_study.py:182: FutureWarning: The behavior of DataFrame concatenation with empty or all-NA entries is deprecated. In a future version, this will no longer exclude empty or all-NA columns when determining the result dtypes. To retain the old behavior, exclude the relevant entries before the concat operation.
  "controls": pd.concat([oldc, newc], ignore_index=True),
/Users/zhangzc/fable-trading/yoyo/evaluation/spike_high_r_risk_study.py:182: FutureWarning: The behavior of DataFrame concatenation with empty or all-NA entries is deprecated. In a future version, this will no longer exclude empty or all-NA columns when determining the result dtypes. To retain the old behavior, exclude the relevant entries before the concat operation.
  "controls": pd.concat([oldc, newc], ignore_index=True),
/Users/zhangzc/fable-trading/yoyo/evaluation/spike_high_r_risk_study.py:182: FutureWarning: The behavior of DataFrame concatenation with empty or all-NA entries is deprecated. In a future version, this will no longer exclude empty or all-NA columns when determining the result dtypes. To retain the old behavior, exclude the relevant entries before the concat operation.
  "controls": pd.concat([oldc, newc], ignore_index=True),
/Users/zhangzc/fable-trading/yoyo/evaluation/spike_high_r_risk_study.py:182: FutureWarning: The behavior of DataFrame concatenation with empty or all-NA entries is deprecated. In a future version, this will no longer exclude empty or all-NA columns when determining the result dtypes. To retain the old behavior, exclude the relevant entries before the concat operation.
  "controls": pd.concat([oldc, newc], ignore_index=True),
/Users/zhangzc/fable-trading/yoyo/evaluation/spike_high_r_risk_study.py:182: FutureWarning: The behavior of DataFrame concatenation with empty or all-NA entries is deprecated. In a future version, this will no longer exclude empty or all-NA columns when determining the result dtypes. To retain the old behavior, exclude the relevant entries before the concat operation.
  "controls": pd.concat([oldc, newc], ignore_index=True),
/Users/zhangzc/fable-trading/yoyo/evaluation/spike_high_r_risk_study.py:182: FutureWarning: The behavior of DataFrame concatenation with empty or all-NA entries is deprecated. In a future version, this will no longer exclude empty or all-NA columns when determining the result dtypes. To retain the old behavior, exclude the relevant entries before the concat operation.
  "controls": pd.concat([oldc, newc], ignore_index=True),
/Users/zhangzc/fable-trading/yoyo/evaluation/spike_high_r_risk_study.py:182: FutureWarning: The behavior of DataFrame concatenation with empty or all-NA entries is deprecated. In a future version, this will no longer exclude empty or all-NA columns when determining the result dtypes. To retain the old behavior, exclude the relevant entries before the concat operation.
  "controls": pd.concat([oldc, newc], ignore_index=True),
/Users/zhangzc/fable-trading/yoyo/evaluation/spike_high_r_risk_study.py:182: FutureWarning: The behavior of DataFrame concatenation with empty or all-NA entries is deprecated. In a future version, this will no longer exclude empty or all-NA columns when determining the result dtypes. To retain the old behavior, exclude the relevant entries before the concat operation.
  "controls": pd.concat([oldc, newc], ignore_index=True),
{"done": 1200, "target": 3531, "failures": 0, "seconds": 73.7}
/Users/zhangzc/fable-trading/yoyo/evaluation/spike_high_r_risk_study.py:182: FutureWarning: The behavior of DataFrame concatenation with empty or all-NA entries is deprecated. In a future version, this will no longer exclude empty or all-NA columns when determining the result dtypes. To retain the old behavior, exclude the relevant entries before the concat operation.
  "controls": pd.concat([oldc, newc], ignore_index=True),
/Users/zhangzc/fable-trading/yoyo/evaluation/spike_high_r_risk_study.py:182: FutureWarning: The behavior of DataFrame concatenation with empty or all-NA entries is deprecated. In a future version, this will no longer exclude empty or all-NA columns when determining the result dtypes. To retain the old behavior, exclude the relevant entries before the concat operation.
  "controls": pd.concat([oldc, newc], ignore_index=True),
/Users/zhangzc/fable-trading/yoyo/evaluation/spike_high_r_risk_study.py:182: FutureWarning: The behavior of DataFrame concatenation with empty or all-NA entries is deprecated. In a future version, this will no longer exclude empty or all-NA columns when determining the result dtypes. To retain the old behavior, exclude the relevant entries before the concat operation.
  "controls": pd.concat([oldc, newc], ignore_index=True),
/Users/zhangzc/fable-trading/yoyo/evaluation/spike_high_r_risk_study.py:182: FutureWarning: The behavior of DataFrame concatenation with empty or all-NA entries is deprecated. In a future version, this will no longer exclude empty or all-NA columns when determining the result dtypes. To retain the old behavior, exclude the relevant entries before the concat operation.
  "controls": pd.concat([oldc, newc], ignore_index=True),
/Users/zhangzc/fable-trading/yoyo/evaluation/spike_high_r_risk_study.py:182: FutureWarning: The behavior of DataFrame concatenation with empty or all-NA entries is deprecated. In a future version, this will no longer exclude empty or all-NA columns when determining the result dtypes. To retain the old behavior, exclude the relevant entries before the concat operation.
  "controls": pd.concat([oldc, newc], ignore_index=True),
/Users/zhangzc/fable-trading/yoyo/evaluation/spike_high_r_risk_study.py:182: FutureWarning: The behavior of DataFrame concatenation with empty or all-NA entries is deprecated. In a future version, this will no longer exclude empty or all-NA columns when determining the result dtypes. To retain the old behavior, exclude the relevant entries before the concat operation.
  "controls": pd.concat([oldc, newc], ignore_index=True),
/Users/zhangzc/fable-trading/yoyo/evaluation/spike_high_r_risk_study.py:182: FutureWarning: The behavior of DataFrame concatenation with empty or all-NA entries is deprecated. In a future version, this will no longer exclude empty or all-NA columns when determining the result dtypes. To retain the old behavior, exclude the relevant entries before the concat operation.
  "controls": pd.concat([oldc, newc], ignore_index=True),
/Users/zhangzc/fable-trading/yoyo/evaluation/spike_high_r_risk_study.py:182: FutureWarning: The behavior of DataFrame concatenation with empty or all-NA entries is deprecated. In a future version, this will no longer exclude empty or all-NA columns when determining the result dtypes. To retain the old behavior, exclude the relevant entries before the concat operation.
  "controls": pd.concat([oldc, newc], ignore_index=True),
/Users/zhangzc/fable-trading/yoyo/evaluation/spike_high_r_risk_study.py:182: FutureWarning: The behavior of DataFrame concatenation with empty or all-NA entries is deprecated. In a future version, this will no longer exclude empty or all-NA columns when determining the result dtypes. To retain the old behavior, exclude the relevant entries before the concat operation.
  "controls": pd.concat([oldc, newc], ignore_index=True),
/Users/zhangzc/fable-trading/yoyo/evaluation/spike_high_r_risk_study.py:182: FutureWarning: The behavior of DataFrame concatenation with empty or all-NA entries is deprecated. In a future version, this will no longer exclude empty or all-NA columns when determining the result dtypes. To retain the old behavior, exclude the relevant entries before the concat operation.
  "controls": pd.concat([oldc, newc], ignore_index=True),
/Users/zhangzc/fable-trading/yoyo/evaluation/spike_high_r_risk_study.py:182: FutureWarning: The behavior of DataFrame concatenation with empty or all-NA entries is deprecated. In a future version, this will no longer exclude empty or all-NA columns when determining the result dtypes. To retain the old behavior, exclude the relevant entries before the concat operation.
  "controls": pd.concat([oldc, newc], ignore_index=True),
/Users/zhangzc/fable-trading/yoyo/evaluation/spike_high_r_risk_study.py:182: FutureWarning: The behavior of DataFrame concatenation with empty or all-NA entries is deprecated. In a future version, this will no longer exclude empty or all-NA columns when determining the result dtypes. To retain the old behavior, exclude the relevant entries before the concat operation.
  "controls": pd.concat([oldc, newc], ignore_index=True),
/Users/zhangzc/fable-trading/yoyo/evaluation/spike_high_r_risk_study.py:182: FutureWarning: The behavior of DataFrame concatenation with empty or all-NA entries is deprecated. In a future version, this will no longer exclude empty or all-NA columns when determining the result dtypes. To retain the old behavior, exclude the relevant entries before the concat operation.
  "controls": pd.concat([oldc, newc], ignore_index=True),
/Users/zhangzc/fable-trading/yoyo/evaluation/spike_high_r_risk_study.py:182: FutureWarning: The behavior of DataFrame concatenation with empty or all-NA entries is deprecated. In a future version, this will no longer exclude empty or all-NA columns when determining the result dtypes. To retain the old behavior, exclude the relevant entries before the concat operation.
  "controls": pd.concat([oldc, newc], ignore_index=True),
/Users/zhangzc/fable-trading/yoyo/evaluation/spike_high_r_risk_study.py:182: FutureWarning: The behavior of DataFrame concatenation with empty or all-NA entries is deprecated. In a future version, this will no longer exclude empty or all-NA columns when determining the result dtypes. To retain the old behavior, exclude the relevant entries before the concat operation.
  "controls": pd.concat([oldc, newc], ignore_index=True),
/Users/zhangzc/fable-trading/yoyo/evaluation/spike_high_r_risk_study.py:182: FutureWarning: The behavior of DataFrame concatenation with empty or all-NA entries is deprecated. In a future version, this will no longer exclude empty or all-NA columns when determining the result dtypes. To retain the old behavior, exclude the relevant entries before the concat operation.
  "controls": pd.concat([oldc, newc], ignore_index=True),
{"done": 1250, "target": 3531, "failures": 0, "seconds": 79.0}
/Users/zhangzc/fable-trading/yoyo/evaluation/spike_high_r_risk_study.py:182: FutureWarning: The behavior of DataFrame concatenation with empty or all-NA entries is deprecated. In a future version, this will no longer exclude empty or all-NA columns when determining the result dtypes. To retain the old behavior, exclude the relevant entries before the concat operation.
  "controls": pd.concat([oldc, newc], ignore_index=True),
/Users/zhangzc/fable-trading/yoyo/evaluation/spike_high_r_risk_study.py:182: FutureWarning: The behavior of DataFrame concatenation with empty or all-NA entries is deprecated. In a future version, this will no longer exclude empty or all-NA columns when determining the result dtypes. To retain the old behavior, exclude the relevant entries before the concat operation.
  "controls": pd.concat([oldc, newc], ignore_index=True),
/Users/zhangzc/fable-trading/yoyo/evaluation/spike_high_r_risk_study.py:182: FutureWarning: The behavior of DataFrame concatenation with empty or all-NA entries is deprecated. In a future version, this will no longer exclude empty or all-NA columns when determining the result dtypes. To retain the old behavior, exclude the relevant entries before the concat operation.
  "controls": pd.concat([oldc, newc], ignore_index=True),
/Users/zhangzc/fable-trading/yoyo/evaluation/spike_high_r_risk_study.py:182: FutureWarning: The behavior of DataFrame concatenation with empty or all-NA entries is deprecated. In a future version, this will no longer exclude empty or all-NA columns when determining the result dtypes. To retain the old behavior, exclude the relevant entries before the concat operation.
  "controls": pd.concat([oldc, newc], ignore_index=True),
/Users/zhangzc/fable-trading/yoyo/evaluation/spike_high_r_risk_study.py:182: FutureWarning: The behavior of DataFrame concatenation with empty or all-NA entries is deprecated. In a future version, this will no longer exclude empty or all-NA columns when determining the result dtypes. To retain the old behavior, exclude the relevant entries before the concat operation.
  "controls": pd.concat([oldc, newc], ignore_index=True),
/Users/zhangzc/fable-trading/yoyo/evaluation/spike_high_r_risk_study.py:182: FutureWarning: The behavior of DataFrame concatenation with empty or all-NA entries is deprecated. In a future version, this will no longer exclude empty or all-NA columns when determining the result dtypes. To retain the old behavior, exclude the relevant entries before the concat operation.
  "controls": pd.concat([oldc, newc], ignore_index=True),
/Users/zhangzc/fable-trading/yoyo/evaluation/spike_high_r_risk_study.py:182: FutureWarning: The behavior of DataFrame concatenation with empty or all-NA entries is deprecated. In a future version, this will no longer exclude empty or all-NA columns when determining the result dtypes. To retain the old behavior, exclude the relevant entries before the concat operation.
  "controls": pd.concat([oldc, newc], ignore_index=True),
/Users/zhangzc/fable-trading/yoyo/evaluation/spike_high_r_risk_study.py:182: FutureWarning: The behavior of DataFrame concatenation with empty or all-NA entries is deprecated. In a future version, this will no longer exclude empty or all-NA columns when determining the result dtypes. To retain the old behavior, exclude the relevant entries before the concat operation.
  "controls": pd.concat([oldc, newc], ignore_index=True),
/Users/zhangzc/fable-trading/yoyo/evaluation/spike_high_r_risk_study.py:182: FutureWarning: The behavior of DataFrame concatenation with empty or all-NA entries is deprecated. In a future version, this will no longer exclude empty or all-NA columns when determining the result dtypes. To retain the old behavior, exclude the relevant entries before the concat operation.
  "controls": pd.concat([oldc, newc], ignore_index=True),
/Users/zhangzc/fable-trading/yoyo/evaluation/spike_high_r_risk_study.py:182: FutureWarning: The behavior of DataFrame concatenation with empty or all-NA entries is deprecated. In a future version, this will no longer exclude empty or all-NA columns when determining the result dtypes. To retain the old behavior, exclude the relevant entries before the concat operation.
  "controls": pd.concat([oldc, newc], ignore_index=True),
/Users/zhangzc/fable-trading/yoyo/evaluation/spike_high_r_risk_study.py:182: FutureWarning: The behavior of DataFrame concatenation with empty or all-NA entries is deprecated. In a future version, this will no longer exclude empty or all-NA columns when determining the result dtypes. To retain the old behavior, exclude the relevant entries before the concat operation.
  "controls": pd.concat([oldc, newc], ignore_index=True),
/Users/zhangzc/fable-trading/yoyo/evaluation/spike_high_r_risk_study.py:182: FutureWarning: The behavior of DataFrame concatenation with empty or all-NA entries is deprecated. In a future version, this will no longer exclude empty or all-NA columns when determining the result dtypes. To retain the old behavior, exclude the relevant entries before the concat operation.
  "controls": pd.concat([oldc, newc], ignore_index=True),
/Users/zhangzc/fable-trading/yoyo/evaluation/spike_high_r_risk_study.py:182: FutureWarning: The behavior of DataFrame concatenation with empty or all-NA entries is deprecated. In a future version, this will no longer exclude empty or all-NA columns when determining the result dtypes. To retain the old behavior, exclude the relevant entries before the concat operation.
  "controls": pd.concat([oldc, newc], ignore_index=True),
/Users/zhangzc/fable-trading/yoyo/evaluation/spike_high_r_risk_study.py:182: FutureWarning: The behavior of DataFrame concatenation with empty or all-NA entries is deprecated. In a future version, this will no longer exclude empty or all-NA columns when determining the result dtypes. To retain the old behavior, exclude the relevant entries before the concat operation.
  "controls": pd.concat([oldc, newc], ignore_index=True),
/Users/zhangzc/fable-trading/yoyo/evaluation/spike_high_r_risk_study.py:182: FutureWarning: The behavior of DataFrame concatenation with empty or all-NA entries is deprecated. In a future version, this will no longer exclude empty or all-NA columns when determining the result dtypes. To retain the old behavior, exclude the relevant entries before the concat operation.
  "controls": pd.concat([oldc, newc], ignore_index=True),
/Users/zhangzc/fable-trading/yoyo/evaluation/spike_high_r_risk_study.py:182: FutureWarning: The behavior of DataFrame concatenation with empty or all-NA entries is deprecated. In a future version, this will no longer exclude empty or all-NA columns when determining the result dtypes. To retain the old behavior, exclude the relevant entries before the concat operation.
  "controls": pd.concat([oldc, newc], ignore_index=True),
/Users/zhangzc/fable-trading/yoyo/evaluation/spike_high_r_risk_study.py:182: FutureWarning: The behavior of DataFrame concatenation with empty or all-NA entries is deprecated. In a future version, this will no longer exclude empty or all-NA columns when determining the result dtypes. To retain the old behavior, exclude the relevant entries before the concat operation.
  "controls": pd.concat([oldc, newc], ignore_index=True),
/Users/zhangzc/fable-trading/yoyo/evaluation/spike_high_r_risk_study.py:182: FutureWarning: The behavior of DataFrame concatenation with empty or all-NA entries is deprecated. In a future version, this will no longer exclude empty or all-NA columns when determining the result dtypes. To retain the old behavior, exclude the relevant entries before the concat operation.
  "controls": pd.concat([oldc, newc], ignore_index=True),
{"done": 1300, "target": 3531, "failures": 0, "seconds": 85.1}
/Users/zhangzc/fable-trading/yoyo/evaluation/spike_high_r_risk_study.py:182: FutureWarning: The behavior of DataFrame concatenation with empty or all-NA entries is deprecated. In a future version, this will no longer exclude empty or all-NA columns when determining the result dtypes. To retain the old behavior, exclude the relevant entries before the concat operation.
  "controls": pd.concat([oldc, newc], ignore_index=True),
/Users/zhangzc/fable-trading/yoyo/evaluation/spike_high_r_risk_study.py:182: FutureWarning: The behavior of DataFrame concatenation with empty or all-NA entries is deprecated. In a future version, this will no longer exclude empty or all-NA columns when determining the result dtypes. To retain the old behavior, exclude the relevant entries before the concat operation.
  "controls": pd.concat([oldc, newc], ignore_index=True),
/Users/zhangzc/fable-trading/yoyo/evaluation/spike_high_r_risk_study.py:182: FutureWarning: The behavior of DataFrame concatenation with empty or all-NA entries is deprecated. In a future version, this will no longer exclude empty or all-NA columns when determining the result dtypes. To retain the old behavior, exclude the relevant entries before the concat operation.
  "controls": pd.concat([oldc, newc], ignore_index=True),
/Users/zhangzc/fable-trading/yoyo/evaluation/spike_high_r_risk_study.py:182: FutureWarning: The behavior of DataFrame concatenation with empty or all-NA entries is deprecated. In a future version, this will no longer exclude empty or all-NA columns when determining the result dtypes. To retain the old behavior, exclude the relevant entries before the concat operation.
  "controls": pd.concat([oldc, newc], ignore_index=True),
/Users/zhangzc/fable-trading/yoyo/evaluation/spike_high_r_risk_study.py:182: FutureWarning: The behavior of DataFrame concatenation with empty or all-NA entries is deprecated. In a future version, this will no longer exclude empty or all-NA columns when determining the result dtypes. To retain the old behavior, exclude the relevant entries before the concat operation.
  "controls": pd.concat([oldc, newc], ignore_index=True),
/Users/zhangzc/fable-trading/yoyo/evaluation/spike_high_r_risk_study.py:182: FutureWarning: The behavior of DataFrame concatenation with empty or all-NA entries is deprecated. In a future version, this will no longer exclude empty or all-NA columns when determining the result dtypes. To retain the old behavior, exclude the relevant entries before the concat operation.
  "controls": pd.concat([oldc, newc], ignore_index=True),
/Users/zhangzc/fable-trading/yoyo/evaluation/spike_high_r_risk_study.py:182: FutureWarning: The behavior of DataFrame concatenation with empty or all-NA entries is deprecated. In a future version, this will no longer exclude empty or all-NA columns when determining the result dtypes. To retain the old behavior, exclude the relevant entries before the concat operation.
  "controls": pd.concat([oldc, newc], ignore_index=True),
/Users/zhangzc/fable-trading/yoyo/evaluation/spike_high_r_risk_study.py:182: FutureWarning: The behavior of DataFrame concatenation with empty or all-NA entries is deprecated. In a future version, this will no longer exclude empty or all-NA columns when determining the result dtypes. To retain the old behavior, exclude the relevant entries before the concat operation.
  "controls": pd.concat([oldc, newc], ignore_index=True),
/Users/zhangzc/fable-trading/yoyo/evaluation/spike_high_r_risk_study.py:182: FutureWarning: The behavior of DataFrame concatenation with empty or all-NA entries is deprecated. In a future version, this will no longer exclude empty or all-NA columns when determining the result dtypes. To retain the old behavior, exclude the relevant entries before the concat operation.
  "controls": pd.concat([oldc, newc], ignore_index=True),
/Users/zhangzc/fable-trading/yoyo/evaluation/spike_high_r_risk_study.py:182: FutureWarning: The behavior of DataFrame concatenation with empty or all-NA entries is deprecated. In a future version, this will no longer exclude empty or all-NA columns when determining the result dtypes. To retain the old behavior, exclude the relevant entries before the concat operation.
  "controls": pd.concat([oldc, newc], ignore_index=True),
/Users/zhangzc/fable-trading/yoyo/evaluation/spike_high_r_risk_study.py:182: FutureWarning: The behavior of DataFrame concatenation with empty or all-NA entries is deprecated. In a future version, this will no longer exclude empty or all-NA columns when determining the result dtypes. To retain the old behavior, exclude the relevant entries before the concat operation.
  "controls": pd.concat([oldc, newc], ignore_index=True),
/Users/zhangzc/fable-trading/yoyo/evaluation/spike_high_r_risk_study.py:182: FutureWarning: The behavior of DataFrame concatenation with empty or all-NA entries is deprecated. In a future version, this will no longer exclude empty or all-NA columns when determining the result dtypes. To retain the old behavior, exclude the relevant entries before the concat operation.
  "controls": pd.concat([oldc, newc], ignore_index=True),
/Users/zhangzc/fable-trading/yoyo/evaluation/spike_high_r_risk_study.py:182: FutureWarning: The behavior of DataFrame concatenation with empty or all-NA entries is deprecated. In a future version, this will no longer exclude empty or all-NA columns when determining the result dtypes. To retain the old behavior, exclude the relevant entries before the concat operation.
  "controls": pd.concat([oldc, newc], ignore_index=True),
/Users/zhangzc/fable-trading/yoyo/evaluation/spike_high_r_risk_study.py:182: FutureWarning: The behavior of DataFrame concatenation with empty or all-NA entries is deprecated. In a future version, this will no longer exclude empty or all-NA columns when determining the result dtypes. To retain the old behavior, exclude the relevant entries before the concat operation.
  "controls": pd.concat([oldc, newc], ignore_index=True),
/Users/zhangzc/fable-trading/yoyo/evaluation/spike_high_r_risk_study.py:182: FutureWarning: The behavior of DataFrame concatenation with empty or all-NA entries is deprecated. In a future version, this will no longer exclude empty or all-NA columns when determining the result dtypes. To retain the old behavior, exclude the relevant entries before the concat operation.
  "controls": pd.concat([oldc, newc], ignore_index=True),
/Users/zhangzc/fable-trading/yoyo/evaluation/spike_high_r_risk_study.py:182: FutureWarning: The behavior of DataFrame concatenation with empty or all-NA entries is deprecated. In a future version, this will no longer exclude empty or all-NA columns when determining the result dtypes. To retain the old behavior, exclude the relevant entries before the concat operation.
  "controls": pd.concat([oldc, newc], ignore_index=True),
/Users/zhangzc/fable-trading/yoyo/evaluation/spike_high_r_risk_study.py:182: FutureWarning: The behavior of DataFrame concatenation with empty or all-NA entries is deprecated. In a future version, this will no longer exclude empty or all-NA columns when determining the result dtypes. To retain the old behavior, exclude the relevant entries before the concat operation.
  "controls": pd.concat([oldc, newc], ignore_index=True),
/Users/zhangzc/fable-trading/yoyo/evaluation/spike_high_r_risk_study.py:182: FutureWarning: The behavior of DataFrame concatenation with empty or all-NA entries is deprecated. In a future version, this will no longer exclude empty or all-NA columns when determining the result dtypes. To retain the old behavior, exclude the relevant entries before the concat operation.
  "controls": pd.concat([oldc, newc], ignore_index=True),
/Users/zhangzc/fable-trading/yoyo/evaluation/spike_high_r_risk_study.py:182: FutureWarning: The behavior of DataFrame concatenation with empty or all-NA entries is deprecated. In a future version, this will no longer exclude empty or all-NA columns when determining the result dtypes. To retain the old behavior, exclude the relevant entries before the concat operation.
  "controls": pd.concat([oldc, newc], ignore_index=True),
/Users/zhangzc/fable-trading/yoyo/evaluation/spike_high_r_risk_study.py:182: FutureWarning: The behavior of DataFrame concatenation with empty or all-NA entries is deprecated. In a future version, this will no longer exclude empty or all-NA columns when determining the result dtypes. To retain the old behavior, exclude the relevant entries before the concat operation.
  "controls": pd.concat([oldc, newc], ignore_index=True),
/Users/zhangzc/fable-trading/yoyo/evaluation/spike_high_r_risk_study.py:182: FutureWarning: The behavior of DataFrame concatenation with empty or all-NA entries is deprecated. In a future version, this will no longer exclude empty or all-NA columns when determining the result dtypes. To retain the old behavior, exclude the relevant entries before the concat operation.
  "controls": pd.concat([oldc, newc], ignore_index=True),
/Users/zhangzc/fable-trading/yoyo/evaluation/spike_high_r_risk_study.py:182: FutureWarning: The behavior of DataFrame concatenation with empty or all-NA entries is deprecated. In a future version, this will no longer exclude empty or all-NA columns when determining the result dtypes. To retain the old behavior, exclude the relevant entries before the concat operation.
  "controls": pd.concat([oldc, newc], ignore_index=True),
/Users/zhangzc/fable-trading/yoyo/evaluation/spike_high_r_risk_study.py:182: FutureWarning: The behavior of DataFrame concatenation with empty or all-NA entries is deprecated. In a future version, this will no longer exclude empty or all-NA columns when determining the result dtypes. To retain the old behavior, exclude the relevant entries before the concat operation.
  "controls": pd.concat([oldc, newc], ignore_index=True),
{"done": 1350, "target": 3531, "failures": 0, "seconds": 89.1}
/Users/zhangzc/fable-trading/yoyo/evaluation/spike_high_r_risk_study.py:182: FutureWarning: The behavior of DataFrame concatenation with empty or all-NA entries is deprecated. In a future version, this will no longer exclude empty or all-NA columns when determining the result dtypes. To retain the old behavior, exclude the relevant entries before the concat operation.
  "controls": pd.concat([oldc, newc], ignore_index=True),
/Users/zhangzc/fable-trading/yoyo/evaluation/spike_high_r_risk_study.py:182: FutureWarning: The behavior of DataFrame concatenation with empty or all-NA entries is deprecated. In a future version, this will no longer exclude empty or all-NA columns when determining the result dtypes. To retain the old behavior, exclude the relevant entries before the concat operation.
  "controls": pd.concat([oldc, newc], ignore_index=True),
/Users/zhangzc/fable-trading/yoyo/evaluation/spike_high_r_risk_study.py:182: FutureWarning: The behavior of DataFrame concatenation with empty or all-NA entries is deprecated. In a future version, this will no longer exclude empty or all-NA columns when determining the result dtypes. To retain the old behavior, exclude the relevant entries before the concat operation.
  "controls": pd.concat([oldc, newc], ignore_index=True),
/Users/zhangzc/fable-trading/yoyo/evaluation/spike_high_r_risk_study.py:182: FutureWarning: The behavior of DataFrame concatenation with empty or all-NA entries is deprecated. In a future version, this will no longer exclude empty or all-NA columns when determining the result dtypes. To retain the old behavior, exclude the relevant entries before the concat operation.
  "controls": pd.concat([oldc, newc], ignore_index=True),
/Users/zhangzc/fable-trading/yoyo/evaluation/spike_high_r_risk_study.py:182: FutureWarning: The behavior of DataFrame concatenation with empty or all-NA entries is deprecated. In a future version, this will no longer exclude empty or all-NA columns when determining the result dtypes. To retain the old behavior, exclude the relevant entries before the concat operation.
  "controls": pd.concat([oldc, newc], ignore_index=True),
/Users/zhangzc/fable-trading/yoyo/evaluation/spike_high_r_risk_study.py:182: FutureWarning: The behavior of DataFrame concatenation with empty or all-NA entries is deprecated. In a future version, this will no longer exclude empty or all-NA columns when determining the result dtypes. To retain the old behavior, exclude the relevant entries before the concat operation.
  "controls": pd.concat([oldc, newc], ignore_index=True),
/Users/zhangzc/fable-trading/yoyo/evaluation/spike_high_r_risk_study.py:182: FutureWarning: The behavior of DataFrame concatenation with empty or all-NA entries is deprecated. In a future version, this will no longer exclude empty or all-NA columns when determining the result dtypes. To retain the old behavior, exclude the relevant entries before the concat operation.
  "controls": pd.concat([oldc, newc], ignore_index=True),
/Users/zhangzc/fable-trading/yoyo/evaluation/spike_high_r_risk_study.py:182: FutureWarning: The behavior of DataFrame concatenation with empty or all-NA entries is deprecated. In a future version, this will no longer exclude empty or all-NA columns when determining the result dtypes. To retain the old behavior, exclude the relevant entries before the concat operation.
  "controls": pd.concat([oldc, newc], ignore_index=True),
/Users/zhangzc/fable-trading/yoyo/evaluation/spike_high_r_risk_study.py:182: FutureWarning: The behavior of DataFrame concatenation with empty or all-NA entries is deprecated. In a future version, this will no longer exclude empty or all-NA columns when determining the result dtypes. To retain the old behavior, exclude the relevant entries before the concat operation.
  "controls": pd.concat([oldc, newc], ignore_index=True),
/Users/zhangzc/fable-trading/yoyo/evaluation/spike_high_r_risk_study.py:182: FutureWarning: The behavior of DataFrame concatenation with empty or all-NA entries is deprecated. In a future version, this will no longer exclude empty or all-NA columns when determining the result dtypes. To retain the old behavior, exclude the relevant entries before the concat operation.
  "controls": pd.concat([oldc, newc], ignore_index=True),
/Users/zhangzc/fable-trading/yoyo/evaluation/spike_high_r_risk_study.py:182: FutureWarning: The behavior of DataFrame concatenation with empty or all-NA entries is deprecated. In a future version, this will no longer exclude empty or all-NA columns when determining the result dtypes. To retain the old behavior, exclude the relevant entries before the concat operation.
  "controls": pd.concat([oldc, newc], ignore_index=True),
/Users/zhangzc/fable-trading/yoyo/evaluation/spike_high_r_risk_study.py:182: FutureWarning: The behavior of DataFrame concatenation with empty or all-NA entries is deprecated. In a future version, this will no longer exclude empty or all-NA columns when determining the result dtypes. To retain the old behavior, exclude the relevant entries before the concat operation.
  "controls": pd.concat([oldc, newc], ignore_index=True),
/Users/zhangzc/fable-trading/yoyo/evaluation/spike_high_r_risk_study.py:182: FutureWarning: The behavior of DataFrame concatenation with empty or all-NA entries is deprecated. In a future version, this will no longer exclude empty or all-NA columns when determining the result dtypes. To retain the old behavior, exclude the relevant entries before the concat operation.
  "controls": pd.concat([oldc, newc], ignore_index=True),
/Users/zhangzc/fable-trading/yoyo/evaluation/spike_high_r_risk_study.py:182: FutureWarning: The behavior of DataFrame concatenation with empty or all-NA entries is deprecated. In a future version, this will no longer exclude empty or all-NA columns when determining the result dtypes. To retain the old behavior, exclude the relevant entries before the concat operation.
  "controls": pd.concat([oldc, newc], ignore_index=True),
/Users/zhangzc/fable-trading/yoyo/evaluation/spike_high_r_risk_study.py:182: FutureWarning: The behavior of DataFrame concatenation with empty or all-NA entries is deprecated. In a future version, this will no longer exclude empty or all-NA columns when determining the result dtypes. To retain the old behavior, exclude the relevant entries before the concat operation.
  "controls": pd.concat([oldc, newc], ignore_index=True),
/Users/zhangzc/fable-trading/yoyo/evaluation/spike_high_r_risk_study.py:182: FutureWarning: The behavior of DataFrame concatenation with empty or all-NA entries is deprecated. In a future version, this will no longer exclude empty or all-NA columns when determining the result dtypes. To retain the old behavior, exclude the relevant entries before the concat operation.
  "controls": pd.concat([oldc, newc], ignore_index=True),
{"done": 1400, "target": 3531, "failures": 0, "seconds": 92.9}
/Users/zhangzc/fable-trading/yoyo/evaluation/spike_high_r_risk_study.py:182: FutureWarning: The behavior of DataFrame concatenation with empty or all-NA entries is deprecated. In a future version, this will no longer exclude empty or all-NA columns when determining the result dtypes. To retain the old behavior, exclude the relevant entries before the concat operation.
  "controls": pd.concat([oldc, newc], ignore_index=True),
/Users/zhangzc/fable-trading/yoyo/evaluation/spike_high_r_risk_study.py:182: FutureWarning: The behavior of DataFrame concatenation with empty or all-NA entries is deprecated. In a future version, this will no longer exclude empty or all-NA columns when determining the result dtypes. To retain the old behavior, exclude the relevant entries before the concat operation.
  "controls": pd.concat([oldc, newc], ignore_index=True),
/Users/zhangzc/fable-trading/yoyo/evaluation/spike_high_r_risk_study.py:182: FutureWarning: The behavior of DataFrame concatenation with empty or all-NA entries is deprecated. In a future version, this will no longer exclude empty or all-NA columns when determining the result dtypes. To retain the old behavior, exclude the relevant entries before the concat operation.
  "controls": pd.concat([oldc, newc], ignore_index=True),
/Users/zhangzc/fable-trading/yoyo/evaluation/spike_high_r_risk_study.py:182: FutureWarning: The behavior of DataFrame concatenation with empty or all-NA entries is deprecated. In a future version, this will no longer exclude empty or all-NA columns when determining the result dtypes. To retain the old behavior, exclude the relevant entries before the concat operation.
  "controls": pd.concat([oldc, newc], ignore_index=True),
/Users/zhangzc/fable-trading/yoyo/evaluation/spike_high_r_risk_study.py:182: FutureWarning: The behavior of DataFrame concatenation with empty or all-NA entries is deprecated. In a future version, this will no longer exclude empty or all-NA columns when determining the result dtypes. To retain the old behavior, exclude the relevant entries before the concat operation.
  "controls": pd.concat([oldc, newc], ignore_index=True),
/Users/zhangzc/fable-trading/yoyo/evaluation/spike_high_r_risk_study.py:182: FutureWarning: The behavior of DataFrame concatenation with empty or all-NA entries is deprecated. In a future version, this will no longer exclude empty or all-NA columns when determining the result dtypes. To retain the old behavior, exclude the relevant entries before the concat operation.
  "controls": pd.concat([oldc, newc], ignore_index=True),
/Users/zhangzc/fable-trading/yoyo/evaluation/spike_high_r_risk_study.py:182: FutureWarning: The behavior of DataFrame concatenation with empty or all-NA entries is deprecated. In a future version, this will no longer exclude empty or all-NA columns when determining the result dtypes. To retain the old behavior, exclude the relevant entries before the concat operation.
  "controls": pd.concat([oldc, newc], ignore_index=True),
/Users/zhangzc/fable-trading/yoyo/evaluation/spike_high_r_risk_study.py:182: FutureWarning: The behavior of DataFrame concatenation with empty or all-NA entries is deprecated. In a future version, this will no longer exclude empty or all-NA columns when determining the result dtypes. To retain the old behavior, exclude the relevant entries before the concat operation.
  "controls": pd.concat([oldc, newc], ignore_index=True),
/Users/zhangzc/fable-trading/yoyo/evaluation/spike_high_r_risk_study.py:182: FutureWarning: The behavior of DataFrame concatenation with empty or all-NA entries is deprecated. In a future version, this will no longer exclude empty or all-NA columns when determining the result dtypes. To retain the old behavior, exclude the relevant entries before the concat operation.
  "controls": pd.concat([oldc, newc], ignore_index=True),
/Users/zhangzc/fable-trading/yoyo/evaluation/spike_high_r_risk_study.py:182: FutureWarning: The behavior of DataFrame concatenation with empty or all-NA entries is deprecated. In a future version, this will no longer exclude empty or all-NA columns when determining the result dtypes. To retain the old behavior, exclude the relevant entries before the concat operation.
  "controls": pd.concat([oldc, newc], ignore_index=True),
/Users/zhangzc/fable-trading/yoyo/evaluation/spike_high_r_risk_study.py:182: FutureWarning: The behavior of DataFrame concatenation with empty or all-NA entries is deprecated. In a future version, this will no longer exclude empty or all-NA columns when determining the result dtypes. To retain the old behavior, exclude the relevant entries before the concat operation.
  "controls": pd.concat([oldc, newc], ignore_index=True),
/Users/zhangzc/fable-trading/yoyo/evaluation/spike_high_r_risk_study.py:182: FutureWarning: The behavior of DataFrame concatenation with empty or all-NA entries is deprecated. In a future version, this will no longer exclude empty or all-NA columns when determining the result dtypes. To retain the old behavior, exclude the relevant entries before the concat operation.
  "controls": pd.concat([oldc, newc], ignore_index=True),
/Users/zhangzc/fable-trading/yoyo/evaluation/spike_high_r_risk_study.py:182: FutureWarning: The behavior of DataFrame concatenation with empty or all-NA entries is deprecated. In a future version, this will no longer exclude empty or all-NA columns when determining the result dtypes. To retain the old behavior, exclude the relevant entries before the concat operation.
  "controls": pd.concat([oldc, newc], ignore_index=True),
/Users/zhangzc/fable-trading/yoyo/evaluation/spike_high_r_risk_study.py:182: FutureWarning: The behavior of DataFrame concatenation with empty or all-NA entries is deprecated. In a future version, this will no longer exclude empty or all-NA columns when determining the result dtypes. To retain the old behavior, exclude the relevant entries before the concat operation.
  "controls": pd.concat([oldc, newc], ignore_index=True),
/Users/zhangzc/fable-trading/yoyo/evaluation/spike_high_r_risk_study.py:182: FutureWarning: The behavior of DataFrame concatenation with empty or all-NA entries is deprecated. In a future version, this will no longer exclude empty or all-NA columns when determining the result dtypes. To retain the old behavior, exclude the relevant entries before the concat operation.
  "controls": pd.concat([oldc, newc], ignore_index=True),
/Users/zhangzc/fable-trading/yoyo/evaluation/spike_high_r_risk_study.py:182: FutureWarning: The behavior of DataFrame concatenation with empty or all-NA entries is deprecated. In a future version, this will no longer exclude empty or all-NA columns when determining the result dtypes. To retain the old behavior, exclude the relevant entries before the concat operation.
  "controls": pd.concat([oldc, newc], ignore_index=True),
/Users/zhangzc/fable-trading/yoyo/evaluation/spike_high_r_risk_study.py:182: FutureWarning: The behavior of DataFrame concatenation with empty or all-NA entries is deprecated. In a future version, this will no longer exclude empty or all-NA columns when determining the result dtypes. To retain the old behavior, exclude the relevant entries before the concat operation.
  "controls": pd.concat([oldc, newc], ignore_index=True),
/Users/zhangzc/fable-trading/yoyo/evaluation/spike_high_r_risk_study.py:182: FutureWarning: The behavior of DataFrame concatenation with empty or all-NA entries is deprecated. In a future version, this will no longer exclude empty or all-NA columns when determining the result dtypes. To retain the old behavior, exclude the relevant entries before the concat operation.
  "controls": pd.concat([oldc, newc], ignore_index=True),
/Users/zhangzc/fable-trading/yoyo/evaluation/spike_high_r_risk_study.py:182: FutureWarning: The behavior of DataFrame concatenation with empty or all-NA entries is deprecated. In a future version, this will no longer exclude empty or all-NA columns when determining the result dtypes. To retain the old behavior, exclude the relevant entries before the concat operation.
  "controls": pd.concat([oldc, newc], ignore_index=True),
/Users/zhangzc/fable-trading/yoyo/evaluation/spike_high_r_risk_study.py:182: FutureWarning: The behavior of DataFrame concatenation with empty or all-NA entries is deprecated. In a future version, this will no longer exclude empty or all-NA columns when determining the result dtypes. To retain the old behavior, exclude the relevant entries before the concat operation.
  "controls": pd.concat([oldc, newc], ignore_index=True),
{"done": 1450, "target": 3531, "failures": 0, "seconds": 96.7}
/Users/zhangzc/fable-trading/yoyo/evaluation/spike_high_r_risk_study.py:182: FutureWarning: The behavior of DataFrame concatenation with empty or all-NA entries is deprecated. In a future version, this will no longer exclude empty or all-NA columns when determining the result dtypes. To retain the old behavior, exclude the relevant entries before the concat operation.
  "controls": pd.concat([oldc, newc], ignore_index=True),
/Users/zhangzc/fable-trading/yoyo/evaluation/spike_high_r_risk_study.py:182: FutureWarning: The behavior of DataFrame concatenation with empty or all-NA entries is deprecated. In a future version, this will no longer exclude empty or all-NA columns when determining the result dtypes. To retain the old behavior, exclude the relevant entries before the concat operation.
  "controls": pd.concat([oldc, newc], ignore_index=True),
/Users/zhangzc/fable-trading/yoyo/evaluation/spike_high_r_risk_study.py:182: FutureWarning: The behavior of DataFrame concatenation with empty or all-NA entries is deprecated. In a future version, this will no longer exclude empty or all-NA columns when determining the result dtypes. To retain the old behavior, exclude the relevant entries before the concat operation.
  "controls": pd.concat([oldc, newc], ignore_index=True),
/Users/zhangzc/fable-trading/yoyo/evaluation/spike_high_r_risk_study.py:182: FutureWarning: The behavior of DataFrame concatenation with empty or all-NA entries is deprecated. In a future version, this will no longer exclude empty or all-NA columns when determining the result dtypes. To retain the old behavior, exclude the relevant entries before the concat operation.
  "controls": pd.concat([oldc, newc], ignore_index=True),
/Users/zhangzc/fable-trading/yoyo/evaluation/spike_high_r_risk_study.py:182: FutureWarning: The behavior of DataFrame concatenation with empty or all-NA entries is deprecated. In a future version, this will no longer exclude empty or all-NA columns when determining the result dtypes. To retain the old behavior, exclude the relevant entries before the concat operation.
  "controls": pd.concat([oldc, newc], ignore_index=True),
/Users/zhangzc/fable-trading/yoyo/evaluation/spike_high_r_risk_study.py:181: FutureWarning: The behavior of DataFrame concatenation with empty or all-NA entries is deprecated. In a future version, this will no longer exclude empty or all-NA columns when determining the result dtypes. To retain the old behavior, exclude the relevant entries before the concat operation.
  tables = {"trades": pd.concat([baseline, treatment], ignore_index=True),
/Users/zhangzc/fable-trading/yoyo/evaluation/spike_high_r_risk_study.py:182: FutureWarning: The behavior of DataFrame concatenation with empty or all-NA entries is deprecated. In a future version, this will no longer exclude empty or all-NA columns when determining the result dtypes. To retain the old behavior, exclude the relevant entries before the concat operation.
  "controls": pd.concat([oldc, newc], ignore_index=True),
/Users/zhangzc/fable-trading/yoyo/evaluation/spike_high_r_risk_study.py:183: FutureWarning: The behavior of DataFrame concatenation with empty or all-NA entries is deprecated. In a future version, this will no longer exclude empty or all-NA columns when determining the result dtypes. To retain the old behavior, exclude the relevant entries before the concat operation.
  "fills": pd.concat([tag(bf, "baseline"), tag(tf, "high_r_entry_v21")], ignore_index=True),
/Users/zhangzc/fable-trading/yoyo/evaluation/spike_high_r_risk_study.py:182: FutureWarning: The behavior of DataFrame concatenation with empty or all-NA entries is deprecated. In a future version, this will no longer exclude empty or all-NA columns when determining the result dtypes. To retain the old behavior, exclude the relevant entries before the concat operation.
  "controls": pd.concat([oldc, newc], ignore_index=True),
/Users/zhangzc/fable-trading/yoyo/evaluation/spike_high_r_risk_study.py:182: FutureWarning: The behavior of DataFrame concatenation with empty or all-NA entries is deprecated. In a future version, this will no longer exclude empty or all-NA columns when determining the result dtypes. To retain the old behavior, exclude the relevant entries before the concat operation.
  "controls": pd.concat([oldc, newc], ignore_index=True),
/Users/zhangzc/fable-trading/yoyo/evaluation/spike_high_r_risk_study.py:182: FutureWarning: The behavior of DataFrame concatenation with empty or all-NA entries is deprecated. In a future version, this will no longer exclude empty or all-NA columns when determining the result dtypes. To retain the old behavior, exclude the relevant entries before the concat operation.
  "controls": pd.concat([oldc, newc], ignore_index=True),
/Users/zhangzc/fable-trading/yoyo/evaluation/spike_high_r_risk_study.py:182: FutureWarning: The behavior of DataFrame concatenation with empty or all-NA entries is deprecated. In a future version, this will no longer exclude empty or all-NA columns when determining the result dtypes. To retain the old behavior, exclude the relevant entries before the concat operation.
  "controls": pd.concat([oldc, newc], ignore_index=True),
/Users/zhangzc/fable-trading/yoyo/evaluation/spike_high_r_risk_study.py:182: FutureWarning: The behavior of DataFrame concatenation with empty or all-NA entries is deprecated. In a future version, this will no longer exclude empty or all-NA columns when determining the result dtypes. To retain the old behavior, exclude the relevant entries before the concat operation.
  "controls": pd.concat([oldc, newc], ignore_index=True),
/Users/zhangzc/fable-trading/yoyo/evaluation/spike_high_r_risk_study.py:182: FutureWarning: The behavior of DataFrame concatenation with empty or all-NA entries is deprecated. In a future version, this will no longer exclude empty or all-NA columns when determining the result dtypes. To retain the old behavior, exclude the relevant entries before the concat operation.
  "controls": pd.concat([oldc, newc], ignore_index=True),
/Users/zhangzc/fable-trading/yoyo/evaluation/spike_high_r_risk_study.py:182: FutureWarning: The behavior of DataFrame concatenation with empty or all-NA entries is deprecated. In a future version, this will no longer exclude empty or all-NA columns when determining the result dtypes. To retain the old behavior, exclude the relevant entries before the concat operation.
  "controls": pd.concat([oldc, newc], ignore_index=True),
/Users/zhangzc/fable-trading/yoyo/evaluation/spike_high_r_risk_study.py:182: FutureWarning: The behavior of DataFrame concatenation with empty or all-NA entries is deprecated. In a future version, this will no longer exclude empty or all-NA columns when determining the result dtypes. To retain the old behavior, exclude the relevant entries before the concat operation.
  "controls": pd.concat([oldc, newc], ignore_index=True),
/Users/zhangzc/fable-trading/yoyo/evaluation/spike_high_r_risk_study.py:182: FutureWarning: The behavior of DataFrame concatenation with empty or all-NA entries is deprecated. In a future version, this will no longer exclude empty or all-NA columns when determining the result dtypes. To retain the old behavior, exclude the relevant entries before the concat operation.
  "controls": pd.concat([oldc, newc], ignore_index=True),
/Users/zhangzc/fable-trading/yoyo/evaluation/spike_high_r_risk_study.py:182: FutureWarning: The behavior of DataFrame concatenation with empty or all-NA entries is deprecated. In a future version, this will no longer exclude empty or all-NA columns when determining the result dtypes. To retain the old behavior, exclude the relevant entries before the concat operation.
  "controls": pd.concat([oldc, newc], ignore_index=True),
/Users/zhangzc/fable-trading/yoyo/evaluation/spike_high_r_risk_study.py:182: FutureWarning: The behavior of DataFrame concatenation with empty or all-NA entries is deprecated. In a future version, this will no longer exclude empty or all-NA columns when determining the result dtypes. To retain the old behavior, exclude the relevant entries before the concat operation.
  "controls": pd.concat([oldc, newc], ignore_index=True),
/Users/zhangzc/fable-trading/yoyo/evaluation/spike_high_r_risk_study.py:182: FutureWarning: The behavior of DataFrame concatenation with empty or all-NA entries is deprecated. In a future version, this will no longer exclude empty or all-NA columns when determining the result dtypes. To retain the old behavior, exclude the relevant entries before the concat operation.
  "controls": pd.concat([oldc, newc], ignore_index=True),
/Users/zhangzc/fable-trading/yoyo/evaluation/spike_high_r_risk_study.py:182: FutureWarning: The behavior of DataFrame concatenation with empty or all-NA entries is deprecated. In a future version, this will no longer exclude empty or all-NA columns when determining the result dtypes. To retain the old behavior, exclude the relevant entries before the concat operation.
  "controls": pd.concat([oldc, newc], ignore_index=True),
/Users/zhangzc/fable-trading/yoyo/evaluation/spike_high_r_risk_study.py:182: FutureWarning: The behavior of DataFrame concatenation with empty or all-NA entries is deprecated. In a future version, this will no longer exclude empty or all-NA columns when determining the result dtypes. To retain the old behavior, exclude the relevant entries before the concat operation.
  "controls": pd.concat([oldc, newc], ignore_index=True),
/Users/zhangzc/fable-trading/yoyo/evaluation/spike_high_r_risk_study.py:182: FutureWarning: The behavior of DataFrame concatenation with empty or all-NA entries is deprecated. In a future version, this will no longer exclude empty or all-NA columns when determining the result dtypes. To retain the old behavior, exclude the relevant entries before the concat operation.
  "controls": pd.concat([oldc, newc], ignore_index=True),
/Users/zhangzc/fable-trading/yoyo/evaluation/spike_high_r_risk_study.py:182: FutureWarning: The behavior of DataFrame concatenation with empty or all-NA entries is deprecated. In a future version, this will no longer exclude empty or all-NA columns when determining the result dtypes. To retain the old behavior, exclude the relevant entries before the concat operation.
  "controls": pd.concat([oldc, newc], ignore_index=True),
/Users/zhangzc/fable-trading/yoyo/evaluation/spike_high_r_risk_study.py:182: FutureWarning: The behavior of DataFrame concatenation with empty or all-NA entries is deprecated. In a future version, this will no longer exclude empty or all-NA columns when determining the result dtypes. To retain the old behavior, exclude the relevant entries before the concat operation.
  "controls": pd.concat([oldc, newc], ignore_index=True),
/Users/zhangzc/fable-trading/yoyo/evaluation/spike_high_r_risk_study.py:182: FutureWarning: The behavior of DataFrame concatenation with empty or all-NA entries is deprecated. In a future version, this will no longer exclude empty or all-NA columns when determining the result dtypes. To retain the old behavior, exclude the relevant entries before the concat operation.
  "controls": pd.concat([oldc, newc], ignore_index=True),
/Users/zhangzc/fable-trading/yoyo/evaluation/spike_high_r_risk_study.py:182: FutureWarning: The behavior of DataFrame concatenation with empty or all-NA entries is deprecated. In a future version, this will no longer exclude empty or all-NA columns when determining the result dtypes. To retain the old behavior, exclude the relevant entries before the concat operation.
  "controls": pd.concat([oldc, newc], ignore_index=True),
/Users/zhangzc/fable-trading/yoyo/evaluation/spike_high_r_risk_study.py:182: FutureWarning: The behavior of DataFrame concatenation with empty or all-NA entries is deprecated. In a future version, this will no longer exclude empty or all-NA columns when determining the result dtypes. To retain the old behavior, exclude the relevant entries before the concat operation.
  "controls": pd.concat([oldc, newc], ignore_index=True),
{"done": 1500, "target": 3531, "failures": 0, "seconds": 100.4}
/Users/zhangzc/fable-trading/yoyo/evaluation/spike_high_r_risk_study.py:182: FutureWarning: The behavior of DataFrame concatenation with empty or all-NA entries is deprecated. In a future version, this will no longer exclude empty or all-NA columns when determining the result dtypes. To retain the old behavior, exclude the relevant entries before the concat operation.
  "controls": pd.concat([oldc, newc], ignore_index=True),
/Users/zhangzc/fable-trading/yoyo/evaluation/spike_high_r_risk_study.py:182: FutureWarning: The behavior of DataFrame concatenation with empty or all-NA entries is deprecated. In a future version, this will no longer exclude empty or all-NA columns when determining the result dtypes. To retain the old behavior, exclude the relevant entries before the concat operation.
  "controls": pd.concat([oldc, newc], ignore_index=True),
/Users/zhangzc/fable-trading/yoyo/evaluation/spike_high_r_risk_study.py:182: FutureWarning: The behavior of DataFrame concatenation with empty or all-NA entries is deprecated. In a future version, this will no longer exclude empty or all-NA columns when determining the result dtypes. To retain the old behavior, exclude the relevant entries before the concat operation.
  "controls": pd.concat([oldc, newc], ignore_index=True),
/Users/zhangzc/fable-trading/yoyo/evaluation/spike_high_r_risk_study.py:182: FutureWarning: The behavior of DataFrame concatenation with empty or all-NA entries is deprecated. In a future version, this will no longer exclude empty or all-NA columns when determining the result dtypes. To retain the old behavior, exclude the relevant entries before the concat operation.
  "controls": pd.concat([oldc, newc], ignore_index=True),
/Users/zhangzc/fable-trading/yoyo/evaluation/spike_high_r_risk_study.py:182: FutureWarning: The behavior of DataFrame concatenation with empty or all-NA entries is deprecated. In a future version, this will no longer exclude empty or all-NA columns when determining the result dtypes. To retain the old behavior, exclude the relevant entries before the concat operation.
  "controls": pd.concat([oldc, newc], ignore_index=True),
/Users/zhangzc/fable-trading/yoyo/evaluation/spike_high_r_risk_study.py:182: FutureWarning: The behavior of DataFrame concatenation with empty or all-NA entries is deprecated. In a future version, this will no longer exclude empty or all-NA columns when determining the result dtypes. To retain the old behavior, exclude the relevant entries before the concat operation.
  "controls": pd.concat([oldc, newc], ignore_index=True),
/Users/zhangzc/fable-trading/yoyo/evaluation/spike_high_r_risk_study.py:182: FutureWarning: The behavior of DataFrame concatenation with empty or all-NA entries is deprecated. In a future version, this will no longer exclude empty or all-NA columns when determining the result dtypes. To retain the old behavior, exclude the relevant entries before the concat operation.
  "controls": pd.concat([oldc, newc], ignore_index=True),
/Users/zhangzc/fable-trading/yoyo/evaluation/spike_high_r_risk_study.py:181: FutureWarning: The behavior of DataFrame concatenation with empty or all-NA entries is deprecated. In a future version, this will no longer exclude empty or all-NA columns when determining the result dtypes. To retain the old behavior, exclude the relevant entries before the concat operation.
  tables = {"trades": pd.concat([baseline, treatment], ignore_index=True),
/Users/zhangzc/fable-trading/yoyo/evaluation/spike_high_r_risk_study.py:182: FutureWarning: The behavior of DataFrame concatenation with empty or all-NA entries is deprecated. In a future version, this will no longer exclude empty or all-NA columns when determining the result dtypes. To retain the old behavior, exclude the relevant entries before the concat operation.
  "controls": pd.concat([oldc, newc], ignore_index=True),
/Users/zhangzc/fable-trading/yoyo/evaluation/spike_high_r_risk_study.py:182: FutureWarning: The behavior of DataFrame concatenation with empty or all-NA entries is deprecated. In a future version, this will no longer exclude empty or all-NA columns when determining the result dtypes. To retain the old behavior, exclude the relevant entries before the concat operation.
  "controls": pd.concat([oldc, newc], ignore_index=True),
/Users/zhangzc/fable-trading/yoyo/evaluation/spike_high_r_risk_study.py:183: FutureWarning: The behavior of DataFrame concatenation with empty or all-NA entries is deprecated. In a future version, this will no longer exclude empty or all-NA columns when determining the result dtypes. To retain the old behavior, exclude the relevant entries before the concat operation.
  "fills": pd.concat([tag(bf, "baseline"), tag(tf, "high_r_entry_v21")], ignore_index=True),
/Users/zhangzc/fable-trading/yoyo/evaluation/spike_high_r_risk_study.py:182: FutureWarning: The behavior of DataFrame concatenation with empty or all-NA entries is deprecated. In a future version, this will no longer exclude empty or all-NA columns when determining the result dtypes. To retain the old behavior, exclude the relevant entries before the concat operation.
  "controls": pd.concat([oldc, newc], ignore_index=True),
/Users/zhangzc/fable-trading/yoyo/evaluation/spike_high_r_risk_study.py:182: FutureWarning: The behavior of DataFrame concatenation with empty or all-NA entries is deprecated. In a future version, this will no longer exclude empty or all-NA columns when determining the result dtypes. To retain the old behavior, exclude the relevant entries before the concat operation.
  "controls": pd.concat([oldc, newc], ignore_index=True),
/Users/zhangzc/fable-trading/yoyo/evaluation/spike_high_r_risk_study.py:182: FutureWarning: The behavior of DataFrame concatenation with empty or all-NA entries is deprecated. In a future version, this will no longer exclude empty or all-NA columns when determining the result dtypes. To retain the old behavior, exclude the relevant entries before the concat operation.
  "controls": pd.concat([oldc, newc], ignore_index=True),
/Users/zhangzc/fable-trading/yoyo/evaluation/spike_high_r_risk_study.py:182: FutureWarning: The behavior of DataFrame concatenation with empty or all-NA entries is deprecated. In a future version, this will no longer exclude empty or all-NA columns when determining the result dtypes. To retain the old behavior, exclude the relevant entries before the concat operation.
  "controls": pd.concat([oldc, newc], ignore_index=True),
/Users/zhangzc/fable-trading/yoyo/evaluation/spike_high_r_risk_study.py:182: FutureWarning: The behavior of DataFrame concatenation with empty or all-NA entries is deprecated. In a future version, this will no longer exclude empty or all-NA columns when determining the result dtypes. To retain the old behavior, exclude the relevant entries before the concat operation.
  "controls": pd.concat([oldc, newc], ignore_index=True),
/Users/zhangzc/fable-trading/yoyo/evaluation/spike_high_r_risk_study.py:182: FutureWarning: The behavior of DataFrame concatenation with empty or all-NA entries is deprecated. In a future version, this will no longer exclude empty or all-NA columns when determining the result dtypes. To retain the old behavior, exclude the relevant entries before the concat operation.
  "controls": pd.concat([oldc, newc], ignore_index=True),
/Users/zhangzc/fable-trading/yoyo/evaluation/spike_high_r_risk_study.py:182: FutureWarning: The behavior of DataFrame concatenation with empty or all-NA entries is deprecated. In a future version, this will no longer exclude empty or all-NA columns when determining the result dtypes. To retain the old behavior, exclude the relevant entries before the concat operation.
  "controls": pd.concat([oldc, newc], ignore_index=True),
/Users/zhangzc/fable-trading/yoyo/evaluation/spike_high_r_risk_study.py:182: FutureWarning: The behavior of DataFrame concatenation with empty or all-NA entries is deprecated. In a future version, this will no longer exclude empty or all-NA columns when determining the result dtypes. To retain the old behavior, exclude the relevant entries before the concat operation.
  "controls": pd.concat([oldc, newc], ignore_index=True),
/Users/zhangzc/fable-trading/yoyo/evaluation/spike_high_r_risk_study.py:182: FutureWarning: The behavior of DataFrame concatenation with empty or all-NA entries is deprecated. In a future version, this will no longer exclude empty or all-NA columns when determining the result dtypes. To retain the old behavior, exclude the relevant entries before the concat operation.
  "controls": pd.concat([oldc, newc], ignore_index=True),
/Users/zhangzc/fable-trading/yoyo/evaluation/spike_high_r_risk_study.py:182: FutureWarning: The behavior of DataFrame concatenation with empty or all-NA entries is deprecated. In a future version, this will no longer exclude empty or all-NA columns when determining the result dtypes. To retain the old behavior, exclude the relevant entries before the concat operation.
  "controls": pd.concat([oldc, newc], ignore_index=True),
/Users/zhangzc/fable-trading/yoyo/evaluation/spike_high_r_risk_study.py:182: FutureWarning: The behavior of DataFrame concatenation with empty or all-NA entries is deprecated. In a future version, this will no longer exclude empty or all-NA columns when determining the result dtypes. To retain the old behavior, exclude the relevant entries before the concat operation.
  "controls": pd.concat([oldc, newc], ignore_index=True),
/Users/zhangzc/fable-trading/yoyo/evaluation/spike_high_r_risk_study.py:182: FutureWarning: The behavior of DataFrame concatenation with empty or all-NA entries is deprecated. In a future version, this will no longer exclude empty or all-NA columns when determining the result dtypes. To retain the old behavior, exclude the relevant entries before the concat operation.
  "controls": pd.concat([oldc, newc], ignore_index=True),
/Users/zhangzc/fable-trading/yoyo/evaluation/spike_high_r_risk_study.py:182: FutureWarning: The behavior of DataFrame concatenation with empty or all-NA entries is deprecated. In a future version, this will no longer exclude empty or all-NA columns when determining the result dtypes. To retain the old behavior, exclude the relevant entries before the concat operation.
  "controls": pd.concat([oldc, newc], ignore_index=True),
/Users/zhangzc/fable-trading/yoyo/evaluation/spike_high_r_risk_study.py:182: FutureWarning: The behavior of DataFrame concatenation with empty or all-NA entries is deprecated. In a future version, this will no longer exclude empty or all-NA columns when determining the result dtypes. To retain the old behavior, exclude the relevant entries before the concat operation.
  "controls": pd.concat([oldc, newc], ignore_index=True),
/Users/zhangzc/fable-trading/yoyo/evaluation/spike_high_r_risk_study.py:182: FutureWarning: The behavior of DataFrame concatenation with empty or all-NA entries is deprecated. In a future version, this will no longer exclude empty or all-NA columns when determining the result dtypes. To retain the old behavior, exclude the relevant entries before the concat operation.
  "controls": pd.concat([oldc, newc], ignore_index=True),
/Users/zhangzc/fable-trading/yoyo/evaluation/spike_high_r_risk_study.py:182: FutureWarning: The behavior of DataFrame concatenation with empty or all-NA entries is deprecated. In a future version, this will no longer exclude empty or all-NA columns when determining the result dtypes. To retain the old behavior, exclude the relevant entries before the concat operation.
  "controls": pd.concat([oldc, newc], ignore_index=True),
/Users/zhangzc/fable-trading/yoyo/evaluation/spike_high_r_risk_study.py:182: FutureWarning: The behavior of DataFrame concatenation with empty or all-NA entries is deprecated. In a future version, this will no longer exclude empty or all-NA columns when determining the result dtypes. To retain the old behavior, exclude the relevant entries before the concat operation.
  "controls": pd.concat([oldc, newc], ignore_index=True),
{"done": 1550, "target": 3531, "failures": 0, "seconds": 104.3}
/Users/zhangzc/fable-trading/yoyo/evaluation/spike_high_r_risk_study.py:182: FutureWarning: The behavior of DataFrame concatenation with empty or all-NA entries is deprecated. In a future version, this will no longer exclude empty or all-NA columns when determining the result dtypes. To retain the old behavior, exclude the relevant entries before the concat operation.
  "controls": pd.concat([oldc, newc], ignore_index=True),
/Users/zhangzc/fable-trading/yoyo/evaluation/spike_high_r_risk_study.py:182: FutureWarning: The behavior of DataFrame concatenation with empty or all-NA entries is deprecated. In a future version, this will no longer exclude empty or all-NA columns when determining the result dtypes. To retain the old behavior, exclude the relevant entries before the concat operation.
  "controls": pd.concat([oldc, newc], ignore_index=True),
/Users/zhangzc/fable-trading/yoyo/evaluation/spike_high_r_risk_study.py:182: FutureWarning: The behavior of DataFrame concatenation with empty or all-NA entries is deprecated. In a future version, this will no longer exclude empty or all-NA columns when determining the result dtypes. To retain the old behavior, exclude the relevant entries before the concat operation.
  "controls": pd.concat([oldc, newc], ignore_index=True),
/Users/zhangzc/fable-trading/yoyo/evaluation/spike_high_r_risk_study.py:182: FutureWarning: The behavior of DataFrame concatenation with empty or all-NA entries is deprecated. In a future version, this will no longer exclude empty or all-NA columns when determining the result dtypes. To retain the old behavior, exclude the relevant entries before the concat operation.
  "controls": pd.concat([oldc, newc], ignore_index=True),
/Users/zhangzc/fable-trading/yoyo/evaluation/spike_high_r_risk_study.py:182: FutureWarning: The behavior of DataFrame concatenation with empty or all-NA entries is deprecated. In a future version, this will no longer exclude empty or all-NA columns when determining the result dtypes. To retain the old behavior, exclude the relevant entries before the concat operation.
  "controls": pd.concat([oldc, newc], ignore_index=True),
/Users/zhangzc/fable-trading/yoyo/evaluation/spike_high_r_risk_study.py:182: FutureWarning: The behavior of DataFrame concatenation with empty or all-NA entries is deprecated. In a future version, this will no longer exclude empty or all-NA columns when determining the result dtypes. To retain the old behavior, exclude the relevant entries before the concat operation.
  "controls": pd.concat([oldc, newc], ignore_index=True),
/Users/zhangzc/fable-trading/yoyo/evaluation/spike_high_r_risk_study.py:182: FutureWarning: The behavior of DataFrame concatenation with empty or all-NA entries is deprecated. In a future version, this will no longer exclude empty or all-NA columns when determining the result dtypes. To retain the old behavior, exclude the relevant entries before the concat operation.
  "controls": pd.concat([oldc, newc], ignore_index=True),
/Users/zhangzc/fable-trading/yoyo/evaluation/spike_high_r_risk_study.py:182: FutureWarning: The behavior of DataFrame concatenation with empty or all-NA entries is deprecated. In a future version, this will no longer exclude empty or all-NA columns when determining the result dtypes. To retain the old behavior, exclude the relevant entries before the concat operation.
  "controls": pd.concat([oldc, newc], ignore_index=True),
/Users/zhangzc/fable-trading/yoyo/evaluation/spike_high_r_risk_study.py:182: FutureWarning: The behavior of DataFrame concatenation with empty or all-NA entries is deprecated. In a future version, this will no longer exclude empty or all-NA columns when determining the result dtypes. To retain the old behavior, exclude the relevant entries before the concat operation.
  "controls": pd.concat([oldc, newc], ignore_index=True),
/Users/zhangzc/fable-trading/yoyo/evaluation/spike_high_r_risk_study.py:182: FutureWarning: The behavior of DataFrame concatenation with empty or all-NA entries is deprecated. In a future version, this will no longer exclude empty or all-NA columns when determining the result dtypes. To retain the old behavior, exclude the relevant entries before the concat operation.
  "controls": pd.concat([oldc, newc], ignore_index=True),
/Users/zhangzc/fable-trading/yoyo/evaluation/spike_high_r_risk_study.py:182: FutureWarning: The behavior of DataFrame concatenation with empty or all-NA entries is deprecated. In a future version, this will no longer exclude empty or all-NA columns when determining the result dtypes. To retain the old behavior, exclude the relevant entries before the concat operation.
  "controls": pd.concat([oldc, newc], ignore_index=True),
/Users/zhangzc/fable-trading/yoyo/evaluation/spike_high_r_risk_study.py:182: FutureWarning: The behavior of DataFrame concatenation with empty or all-NA entries is deprecated. In a future version, this will no longer exclude empty or all-NA columns when determining the result dtypes. To retain the old behavior, exclude the relevant entries before the concat operation.
  "controls": pd.concat([oldc, newc], ignore_index=True),
/Users/zhangzc/fable-trading/yoyo/evaluation/spike_high_r_risk_study.py:182: FutureWarning: The behavior of DataFrame concatenation with empty or all-NA entries is deprecated. In a future version, this will no longer exclude empty or all-NA columns when determining the result dtypes. To retain the old behavior, exclude the relevant entries before the concat operation.
  "controls": pd.concat([oldc, newc], ignore_index=True),
/Users/zhangzc/fable-trading/yoyo/evaluation/spike_high_r_risk_study.py:182: FutureWarning: The behavior of DataFrame concatenation with empty or all-NA entries is deprecated. In a future version, this will no longer exclude empty or all-NA columns when determining the result dtypes. To retain the old behavior, exclude the relevant entries before the concat operation.
  "controls": pd.concat([oldc, newc], ignore_index=True),
/Users/zhangzc/fable-trading/yoyo/evaluation/spike_high_r_risk_study.py:182: FutureWarning: The behavior of DataFrame concatenation with empty or all-NA entries is deprecated. In a future version, this will no longer exclude empty or all-NA columns when determining the result dtypes. To retain the old behavior, exclude the relevant entries before the concat operation.
  "controls": pd.concat([oldc, newc], ignore_index=True),
/Users/zhangzc/fable-trading/yoyo/evaluation/spike_high_r_risk_study.py:182: FutureWarning: The behavior of DataFrame concatenation with empty or all-NA entries is deprecated. In a future version, this will no longer exclude empty or all-NA columns when determining the result dtypes. To retain the old behavior, exclude the relevant entries before the concat operation.
  "controls": pd.concat([oldc, newc], ignore_index=True),
/Users/zhangzc/fable-trading/yoyo/evaluation/spike_high_r_risk_study.py:182: FutureWarning: The behavior of DataFrame concatenation with empty or all-NA entries is deprecated. In a future version, this will no longer exclude empty or all-NA columns when determining the result dtypes. To retain the old behavior, exclude the relevant entries before the concat operation.
  "controls": pd.concat([oldc, newc], ignore_index=True),
/Users/zhangzc/fable-trading/yoyo/evaluation/spike_high_r_risk_study.py:182: FutureWarning: The behavior of DataFrame concatenation with empty or all-NA entries is deprecated. In a future version, this will no longer exclude empty or all-NA columns when determining the result dtypes. To retain the old behavior, exclude the relevant entries before the concat operation.
  "controls": pd.concat([oldc, newc], ignore_index=True),
/Users/zhangzc/fable-trading/yoyo/evaluation/spike_high_r_risk_study.py:182: FutureWarning: The behavior of DataFrame concatenation with empty or all-NA entries is deprecated. In a future version, this will no longer exclude empty or all-NA columns when determining the result dtypes. To retain the old behavior, exclude the relevant entries before the concat operation.
  "controls": pd.concat([oldc, newc], ignore_index=True),
/Users/zhangzc/fable-trading/yoyo/evaluation/spike_high_r_risk_study.py:182: FutureWarning: The behavior of DataFrame concatenation with empty or all-NA entries is deprecated. In a future version, this will no longer exclude empty or all-NA columns when determining the result dtypes. To retain the old behavior, exclude the relevant entries before the concat operation.
  "controls": pd.concat([oldc, newc], ignore_index=True),
/Users/zhangzc/fable-trading/yoyo/evaluation/spike_high_r_risk_study.py:182: FutureWarning: The behavior of DataFrame concatenation with empty or all-NA entries is deprecated. In a future version, this will no longer exclude empty or all-NA columns when determining the result dtypes. To retain the old behavior, exclude the relevant entries before the concat operation.
  "controls": pd.concat([oldc, newc], ignore_index=True),
/Users/zhangzc/fable-trading/yoyo/evaluation/spike_high_r_risk_study.py:182: FutureWarning: The behavior of DataFrame concatenation with empty or all-NA entries is deprecated. In a future version, this will no longer exclude empty or all-NA columns when determining the result dtypes. To retain the old behavior, exclude the relevant entries before the concat operation.
  "controls": pd.concat([oldc, newc], ignore_index=True),
{"done": 1600, "target": 3531, "failures": 0, "seconds": 108.3}
/Users/zhangzc/fable-trading/yoyo/evaluation/spike_high_r_risk_study.py:182: FutureWarning: The behavior of DataFrame concatenation with empty or all-NA entries is deprecated. In a future version, this will no longer exclude empty or all-NA columns when determining the result dtypes. To retain the old behavior, exclude the relevant entries before the concat operation.
  "controls": pd.concat([oldc, newc], ignore_index=True),
/Users/zhangzc/fable-trading/yoyo/evaluation/spike_high_r_risk_study.py:182: FutureWarning: The behavior of DataFrame concatenation with empty or all-NA entries is deprecated. In a future version, this will no longer exclude empty or all-NA columns when determining the result dtypes. To retain the old behavior, exclude the relevant entries before the concat operation.
  "controls": pd.concat([oldc, newc], ignore_index=True),
/Users/zhangzc/fable-trading/yoyo/evaluation/spike_high_r_risk_study.py:182: FutureWarning: The behavior of DataFrame concatenation with empty or all-NA entries is deprecated. In a future version, this will no longer exclude empty or all-NA columns when determining the result dtypes. To retain the old behavior, exclude the relevant entries before the concat operation.
  "controls": pd.concat([oldc, newc], ignore_index=True),
/Users/zhangzc/fable-trading/yoyo/evaluation/spike_high_r_risk_study.py:182: FutureWarning: The behavior of DataFrame concatenation with empty or all-NA entries is deprecated. In a future version, this will no longer exclude empty or all-NA columns when determining the result dtypes. To retain the old behavior, exclude the relevant entries before the concat operation.
  "controls": pd.concat([oldc, newc], ignore_index=True),
/Users/zhangzc/fable-trading/yoyo/evaluation/spike_high_r_risk_study.py:182: FutureWarning: The behavior of DataFrame concatenation with empty or all-NA entries is deprecated. In a future version, this will no longer exclude empty or all-NA columns when determining the result dtypes. To retain the old behavior, exclude the relevant entries before the concat operation.
  "controls": pd.concat([oldc, newc], ignore_index=True),
/Users/zhangzc/fable-trading/yoyo/evaluation/spike_high_r_risk_study.py:182: FutureWarning: The behavior of DataFrame concatenation with empty or all-NA entries is deprecated. In a future version, this will no longer exclude empty or all-NA columns when determining the result dtypes. To retain the old behavior, exclude the relevant entries before the concat operation.
  "controls": pd.concat([oldc, newc], ignore_index=True),
/Users/zhangzc/fable-trading/yoyo/evaluation/spike_high_r_risk_study.py:182: FutureWarning: The behavior of DataFrame concatenation with empty or all-NA entries is deprecated. In a future version, this will no longer exclude empty or all-NA columns when determining the result dtypes. To retain the old behavior, exclude the relevant entries before the concat operation.
  "controls": pd.concat([oldc, newc], ignore_index=True),
/Users/zhangzc/fable-trading/yoyo/evaluation/spike_high_r_risk_study.py:182: FutureWarning: The behavior of DataFrame concatenation with empty or all-NA entries is deprecated. In a future version, this will no longer exclude empty or all-NA columns when determining the result dtypes. To retain the old behavior, exclude the relevant entries before the concat operation.
  "controls": pd.concat([oldc, newc], ignore_index=True),
/Users/zhangzc/fable-trading/yoyo/evaluation/spike_high_r_risk_study.py:182: FutureWarning: The behavior of DataFrame concatenation with empty or all-NA entries is deprecated. In a future version, this will no longer exclude empty or all-NA columns when determining the result dtypes. To retain the old behavior, exclude the relevant entries before the concat operation.
  "controls": pd.concat([oldc, newc], ignore_index=True),
/Users/zhangzc/fable-trading/yoyo/evaluation/spike_high_r_risk_study.py:182: FutureWarning: The behavior of DataFrame concatenation with empty or all-NA entries is deprecated. In a future version, this will no longer exclude empty or all-NA columns when determining the result dtypes. To retain the old behavior, exclude the relevant entries before the concat operation.
  "controls": pd.concat([oldc, newc], ignore_index=True),
/Users/zhangzc/fable-trading/yoyo/evaluation/spike_high_r_risk_study.py:182: FutureWarning: The behavior of DataFrame concatenation with empty or all-NA entries is deprecated. In a future version, this will no longer exclude empty or all-NA columns when determining the result dtypes. To retain the old behavior, exclude the relevant entries before the concat operation.
  "controls": pd.concat([oldc, newc], ignore_index=True),
/Users/zhangzc/fable-trading/yoyo/evaluation/spike_high_r_risk_study.py:182: FutureWarning: The behavior of DataFrame concatenation with empty or all-NA entries is deprecated. In a future version, this will no longer exclude empty or all-NA columns when determining the result dtypes. To retain the old behavior, exclude the relevant entries before the concat operation.
  "controls": pd.concat([oldc, newc], ignore_index=True),
/Users/zhangzc/fable-trading/yoyo/evaluation/spike_high_r_risk_study.py:182: FutureWarning: The behavior of DataFrame concatenation with empty or all-NA entries is deprecated. In a future version, this will no longer exclude empty or all-NA columns when determining the result dtypes. To retain the old behavior, exclude the relevant entries before the concat operation.
  "controls": pd.concat([oldc, newc], ignore_index=True),
/Users/zhangzc/fable-trading/yoyo/evaluation/spike_high_r_risk_study.py:182: FutureWarning: The behavior of DataFrame concatenation with empty or all-NA entries is deprecated. In a future version, this will no longer exclude empty or all-NA columns when determining the result dtypes. To retain the old behavior, exclude the relevant entries before the concat operation.
  "controls": pd.concat([oldc, newc], ignore_index=True),
/Users/zhangzc/fable-trading/yoyo/evaluation/spike_high_r_risk_study.py:182: FutureWarning: The behavior of DataFrame concatenation with empty or all-NA entries is deprecated. In a future version, this will no longer exclude empty or all-NA columns when determining the result dtypes. To retain the old behavior, exclude the relevant entries before the concat operation.
  "controls": pd.concat([oldc, newc], ignore_index=True),
/Users/zhangzc/fable-trading/yoyo/evaluation/spike_high_r_risk_study.py:182: FutureWarning: The behavior of DataFrame concatenation with empty or all-NA entries is deprecated. In a future version, this will no longer exclude empty or all-NA columns when determining the result dtypes. To retain the old behavior, exclude the relevant entries before the concat operation.
  "controls": pd.concat([oldc, newc], ignore_index=True),
/Users/zhangzc/fable-trading/yoyo/evaluation/spike_high_r_risk_study.py:182: FutureWarning: The behavior of DataFrame concatenation with empty or all-NA entries is deprecated. In a future version, this will no longer exclude empty or all-NA columns when determining the result dtypes. To retain the old behavior, exclude the relevant entries before the concat operation.
  "controls": pd.concat([oldc, newc], ignore_index=True),
/Users/zhangzc/fable-trading/yoyo/evaluation/spike_high_r_risk_study.py:182: FutureWarning: The behavior of DataFrame concatenation with empty or all-NA entries is deprecated. In a future version, this will no longer exclude empty or all-NA columns when determining the result dtypes. To retain the old behavior, exclude the relevant entries before the concat operation.
  "controls": pd.concat([oldc, newc], ignore_index=True),
/Users/zhangzc/fable-trading/yoyo/evaluation/spike_high_r_risk_study.py:182: FutureWarning: The behavior of DataFrame concatenation with empty or all-NA entries is deprecated. In a future version, this will no longer exclude empty or all-NA columns when determining the result dtypes. To retain the old behavior, exclude the relevant entries before the concat operation.
  "controls": pd.concat([oldc, newc], ignore_index=True),
/Users/zhangzc/fable-trading/yoyo/evaluation/spike_high_r_risk_study.py:182: FutureWarning: The behavior of DataFrame concatenation with empty or all-NA entries is deprecated. In a future version, this will no longer exclude empty or all-NA columns when determining the result dtypes. To retain the old behavior, exclude the relevant entries before the concat operation.
  "controls": pd.concat([oldc, newc], ignore_index=True),
/Users/zhangzc/fable-trading/yoyo/evaluation/spike_high_r_risk_study.py:182: FutureWarning: The behavior of DataFrame concatenation with empty or all-NA entries is deprecated. In a future version, this will no longer exclude empty or all-NA columns when determining the result dtypes. To retain the old behavior, exclude the relevant entries before the concat operation.
  "controls": pd.concat([oldc, newc], ignore_index=True),
{"done": 1650, "target": 3531, "failures": 0, "seconds": 111.8}
/Users/zhangzc/fable-trading/yoyo/evaluation/spike_high_r_risk_study.py:182: FutureWarning: The behavior of DataFrame concatenation with empty or all-NA entries is deprecated. In a future version, this will no longer exclude empty or all-NA columns when determining the result dtypes. To retain the old behavior, exclude the relevant entries before the concat operation.
  "controls": pd.concat([oldc, newc], ignore_index=True),
/Users/zhangzc/fable-trading/yoyo/evaluation/spike_high_r_risk_study.py:182: FutureWarning: The behavior of DataFrame concatenation with empty or all-NA entries is deprecated. In a future version, this will no longer exclude empty or all-NA columns when determining the result dtypes. To retain the old behavior, exclude the relevant entries before the concat operation.
  "controls": pd.concat([oldc, newc], ignore_index=True),
/Users/zhangzc/fable-trading/yoyo/evaluation/spike_high_r_risk_study.py:182: FutureWarning: The behavior of DataFrame concatenation with empty or all-NA entries is deprecated. In a future version, this will no longer exclude empty or all-NA columns when determining the result dtypes. To retain the old behavior, exclude the relevant entries before the concat operation.
  "controls": pd.concat([oldc, newc], ignore_index=True),
/Users/zhangzc/fable-trading/yoyo/evaluation/spike_high_r_risk_study.py:182: FutureWarning: The behavior of DataFrame concatenation with empty or all-NA entries is deprecated. In a future version, this will no longer exclude empty or all-NA columns when determining the result dtypes. To retain the old behavior, exclude the relevant entries before the concat operation.
  "controls": pd.concat([oldc, newc], ignore_index=True),
/Users/zhangzc/fable-trading/yoyo/evaluation/spike_high_r_risk_study.py:182: FutureWarning: The behavior of DataFrame concatenation with empty or all-NA entries is deprecated. In a future version, this will no longer exclude empty or all-NA columns when determining the result dtypes. To retain the old behavior, exclude the relevant entries before the concat operation.
  "controls": pd.concat([oldc, newc], ignore_index=True),
/Users/zhangzc/fable-trading/yoyo/evaluation/spike_high_r_risk_study.py:182: FutureWarning: The behavior of DataFrame concatenation with empty or all-NA entries is deprecated. In a future version, this will no longer exclude empty or all-NA columns when determining the result dtypes. To retain the old behavior, exclude the relevant entries before the concat operation.
  "controls": pd.concat([oldc, newc], ignore_index=True),
/Users/zhangzc/fable-trading/yoyo/evaluation/spike_high_r_risk_study.py:182: FutureWarning: The behavior of DataFrame concatenation with empty or all-NA entries is deprecated. In a future version, this will no longer exclude empty or all-NA columns when determining the result dtypes. To retain the old behavior, exclude the relevant entries before the concat operation.
  "controls": pd.concat([oldc, newc], ignore_index=True),
/Users/zhangzc/fable-trading/yoyo/evaluation/spike_high_r_risk_study.py:182: FutureWarning: The behavior of DataFrame concatenation with empty or all-NA entries is deprecated. In a future version, this will no longer exclude empty or all-NA columns when determining the result dtypes. To retain the old behavior, exclude the relevant entries before the concat operation.
  "controls": pd.concat([oldc, newc], ignore_index=True),
/Users/zhangzc/fable-trading/yoyo/evaluation/spike_high_r_risk_study.py:182: FutureWarning: The behavior of DataFrame concatenation with empty or all-NA entries is deprecated. In a future version, this will no longer exclude empty or all-NA columns when determining the result dtypes. To retain the old behavior, exclude the relevant entries before the concat operation.
  "controls": pd.concat([oldc, newc], ignore_index=True),
/Users/zhangzc/fable-trading/yoyo/evaluation/spike_high_r_risk_study.py:182: FutureWarning: The behavior of DataFrame concatenation with empty or all-NA entries is deprecated. In a future version, this will no longer exclude empty or all-NA columns when determining the result dtypes. To retain the old behavior, exclude the relevant entries before the concat operation.
  "controls": pd.concat([oldc, newc], ignore_index=True),
/Users/zhangzc/fable-trading/yoyo/evaluation/spike_high_r_risk_study.py:182: FutureWarning: The behavior of DataFrame concatenation with empty or all-NA entries is deprecated. In a future version, this will no longer exclude empty or all-NA columns when determining the result dtypes. To retain the old behavior, exclude the relevant entries before the concat operation.
  "controls": pd.concat([oldc, newc], ignore_index=True),
/Users/zhangzc/fable-trading/yoyo/evaluation/spike_high_r_risk_study.py:182: FutureWarning: The behavior of DataFrame concatenation with empty or all-NA entries is deprecated. In a future version, this will no longer exclude empty or all-NA columns when determining the result dtypes. To retain the old behavior, exclude the relevant entries before the concat operation.
  "controls": pd.concat([oldc, newc], ignore_index=True),
/Users/zhangzc/fable-trading/yoyo/evaluation/spike_high_r_risk_study.py:182: FutureWarning: The behavior of DataFrame concatenation with empty or all-NA entries is deprecated. In a future version, this will no longer exclude empty or all-NA columns when determining the result dtypes. To retain the old behavior, exclude the relevant entries before the concat operation.
  "controls": pd.concat([oldc, newc], ignore_index=True),
/Users/zhangzc/fable-trading/yoyo/evaluation/spike_high_r_risk_study.py:182: FutureWarning: The behavior of DataFrame concatenation with empty or all-NA entries is deprecated. In a future version, this will no longer exclude empty or all-NA columns when determining the result dtypes. To retain the old behavior, exclude the relevant entries before the concat operation.
  "controls": pd.concat([oldc, newc], ignore_index=True),
/Users/zhangzc/fable-trading/yoyo/evaluation/spike_high_r_risk_study.py:182: FutureWarning: The behavior of DataFrame concatenation with empty or all-NA entries is deprecated. In a future version, this will no longer exclude empty or all-NA columns when determining the result dtypes. To retain the old behavior, exclude the relevant entries before the concat operation.
  "controls": pd.concat([oldc, newc], ignore_index=True),
/Users/zhangzc/fable-trading/yoyo/evaluation/spike_high_r_risk_study.py:182: FutureWarning: The behavior of DataFrame concatenation with empty or all-NA entries is deprecated. In a future version, this will no longer exclude empty or all-NA columns when determining the result dtypes. To retain the old behavior, exclude the relevant entries before the concat operation.
  "controls": pd.concat([oldc, newc], ignore_index=True),
/Users/zhangzc/fable-trading/yoyo/evaluation/spike_high_r_risk_study.py:182: FutureWarning: The behavior of DataFrame concatenation with empty or all-NA entries is deprecated. In a future version, this will no longer exclude empty or all-NA columns when determining the result dtypes. To retain the old behavior, exclude the relevant entries before the concat operation.
  "controls": pd.concat([oldc, newc], ignore_index=True),
/Users/zhangzc/fable-trading/yoyo/evaluation/spike_high_r_risk_study.py:182: FutureWarning: The behavior of DataFrame concatenation with empty or all-NA entries is deprecated. In a future version, this will no longer exclude empty or all-NA columns when determining the result dtypes. To retain the old behavior, exclude the relevant entries before the concat operation.
  "controls": pd.concat([oldc, newc], ignore_index=True),
{"done": 1700, "target": 3531, "failures": 0, "seconds": 115.4}
/Users/zhangzc/fable-trading/yoyo/evaluation/spike_high_r_risk_study.py:182: FutureWarning: The behavior of DataFrame concatenation with empty or all-NA entries is deprecated. In a future version, this will no longer exclude empty or all-NA columns when determining the result dtypes. To retain the old behavior, exclude the relevant entries before the concat operation.
  "controls": pd.concat([oldc, newc], ignore_index=True),
/Users/zhangzc/fable-trading/yoyo/evaluation/spike_high_r_risk_study.py:182: FutureWarning: The behavior of DataFrame concatenation with empty or all-NA entries is deprecated. In a future version, this will no longer exclude empty or all-NA columns when determining the result dtypes. To retain the old behavior, exclude the relevant entries before the concat operation.
  "controls": pd.concat([oldc, newc], ignore_index=True),
/Users/zhangzc/fable-trading/yoyo/evaluation/spike_high_r_risk_study.py:182: FutureWarning: The behavior of DataFrame concatenation with empty or all-NA entries is deprecated. In a future version, this will no longer exclude empty or all-NA columns when determining the result dtypes. To retain the old behavior, exclude the relevant entries before the concat operation.
  "controls": pd.concat([oldc, newc], ignore_index=True),
/Users/zhangzc/fable-trading/yoyo/evaluation/spike_high_r_risk_study.py:182: FutureWarning: The behavior of DataFrame concatenation with empty or all-NA entries is deprecated. In a future version, this will no longer exclude empty or all-NA columns when determining the result dtypes. To retain the old behavior, exclude the relevant entries before the concat operation.
  "controls": pd.concat([oldc, newc], ignore_index=True),
/Users/zhangzc/fable-trading/yoyo/evaluation/spike_high_r_risk_study.py:182: FutureWarning: The behavior of DataFrame concatenation with empty or all-NA entries is deprecated. In a future version, this will no longer exclude empty or all-NA columns when determining the result dtypes. To retain the old behavior, exclude the relevant entries before the concat operation.
  "controls": pd.concat([oldc, newc], ignore_index=True),
/Users/zhangzc/fable-trading/yoyo/evaluation/spike_high_r_risk_study.py:182: FutureWarning: The behavior of DataFrame concatenation with empty or all-NA entries is deprecated. In a future version, this will no longer exclude empty or all-NA columns when determining the result dtypes. To retain the old behavior, exclude the relevant entries before the concat operation.
  "controls": pd.concat([oldc, newc], ignore_index=True),
/Users/zhangzc/fable-trading/yoyo/evaluation/spike_high_r_risk_study.py:182: FutureWarning: The behavior of DataFrame concatenation with empty or all-NA entries is deprecated. In a future version, this will no longer exclude empty or all-NA columns when determining the result dtypes. To retain the old behavior, exclude the relevant entries before the concat operation.
  "controls": pd.concat([oldc, newc], ignore_index=True),
/Users/zhangzc/fable-trading/yoyo/evaluation/spike_high_r_risk_study.py:182: FutureWarning: The behavior of DataFrame concatenation with empty or all-NA entries is deprecated. In a future version, this will no longer exclude empty or all-NA columns when determining the result dtypes. To retain the old behavior, exclude the relevant entries before the concat operation.
  "controls": pd.concat([oldc, newc], ignore_index=True),
/Users/zhangzc/fable-trading/yoyo/evaluation/spike_high_r_risk_study.py:182: FutureWarning: The behavior of DataFrame concatenation with empty or all-NA entries is deprecated. In a future version, this will no longer exclude empty or all-NA columns when determining the result dtypes. To retain the old behavior, exclude the relevant entries before the concat operation.
  "controls": pd.concat([oldc, newc], ignore_index=True),
/Users/zhangzc/fable-trading/yoyo/evaluation/spike_high_r_risk_study.py:182: FutureWarning: The behavior of DataFrame concatenation with empty or all-NA entries is deprecated. In a future version, this will no longer exclude empty or all-NA columns when determining the result dtypes. To retain the old behavior, exclude the relevant entries before the concat operation.
  "controls": pd.concat([oldc, newc], ignore_index=True),
/Users/zhangzc/fable-trading/yoyo/evaluation/spike_high_r_risk_study.py:182: FutureWarning: The behavior of DataFrame concatenation with empty or all-NA entries is deprecated. In a future version, this will no longer exclude empty or all-NA columns when determining the result dtypes. To retain the old behavior, exclude the relevant entries before the concat operation.
  "controls": pd.concat([oldc, newc], ignore_index=True),
/Users/zhangzc/fable-trading/yoyo/evaluation/spike_high_r_risk_study.py:182: FutureWarning: The behavior of DataFrame concatenation with empty or all-NA entries is deprecated. In a future version, this will no longer exclude empty or all-NA columns when determining the result dtypes. To retain the old behavior, exclude the relevant entries before the concat operation.
  "controls": pd.concat([oldc, newc], ignore_index=True),
/Users/zhangzc/fable-trading/yoyo/evaluation/spike_high_r_risk_study.py:182: FutureWarning: The behavior of DataFrame concatenation with empty or all-NA entries is deprecated. In a future version, this will no longer exclude empty or all-NA columns when determining the result dtypes. To retain the old behavior, exclude the relevant entries before the concat operation.
  "controls": pd.concat([oldc, newc], ignore_index=True),
/Users/zhangzc/fable-trading/yoyo/evaluation/spike_high_r_risk_study.py:182: FutureWarning: The behavior of DataFrame concatenation with empty or all-NA entries is deprecated. In a future version, this will no longer exclude empty or all-NA columns when determining the result dtypes. To retain the old behavior, exclude the relevant entries before the concat operation.
  "controls": pd.concat([oldc, newc], ignore_index=True),
/Users/zhangzc/fable-trading/yoyo/evaluation/spike_high_r_risk_study.py:182: FutureWarning: The behavior of DataFrame concatenation with empty or all-NA entries is deprecated. In a future version, this will no longer exclude empty or all-NA columns when determining the result dtypes. To retain the old behavior, exclude the relevant entries before the concat operation.
  "controls": pd.concat([oldc, newc], ignore_index=True),
{"done": 1750, "target": 3531, "failures": 0, "seconds": 119.4}
/Users/zhangzc/fable-trading/yoyo/evaluation/spike_high_r_risk_study.py:182: FutureWarning: The behavior of DataFrame concatenation with empty or all-NA entries is deprecated. In a future version, this will no longer exclude empty or all-NA columns when determining the result dtypes. To retain the old behavior, exclude the relevant entries before the concat operation.
  "controls": pd.concat([oldc, newc], ignore_index=True),
/Users/zhangzc/fable-trading/yoyo/evaluation/spike_high_r_risk_study.py:182: FutureWarning: The behavior of DataFrame concatenation with empty or all-NA entries is deprecated. In a future version, this will no longer exclude empty or all-NA columns when determining the result dtypes. To retain the old behavior, exclude the relevant entries before the concat operation.
  "controls": pd.concat([oldc, newc], ignore_index=True),
/Users/zhangzc/fable-trading/yoyo/evaluation/spike_high_r_risk_study.py:182: FutureWarning: The behavior of DataFrame concatenation with empty or all-NA entries is deprecated. In a future version, this will no longer exclude empty or all-NA columns when determining the result dtypes. To retain the old behavior, exclude the relevant entries before the concat operation.
  "controls": pd.concat([oldc, newc], ignore_index=True),
/Users/zhangzc/fable-trading/yoyo/evaluation/spike_high_r_risk_study.py:182: FutureWarning: The behavior of DataFrame concatenation with empty or all-NA entries is deprecated. In a future version, this will no longer exclude empty or all-NA columns when determining the result dtypes. To retain the old behavior, exclude the relevant entries before the concat operation.
  "controls": pd.concat([oldc, newc], ignore_index=True),
/Users/zhangzc/fable-trading/yoyo/evaluation/spike_high_r_risk_study.py:182: FutureWarning: The behavior of DataFrame concatenation with empty or all-NA entries is deprecated. In a future version, this will no longer exclude empty or all-NA columns when determining the result dtypes. To retain the old behavior, exclude the relevant entries before the concat operation.
  "controls": pd.concat([oldc, newc], ignore_index=True),
/Users/zhangzc/fable-trading/yoyo/evaluation/spike_high_r_risk_study.py:182: FutureWarning: The behavior of DataFrame concatenation with empty or all-NA entries is deprecated. In a future version, this will no longer exclude empty or all-NA columns when determining the result dtypes. To retain the old behavior, exclude the relevant entries before the concat operation.
  "controls": pd.concat([oldc, newc], ignore_index=True),
/Users/zhangzc/fable-trading/yoyo/evaluation/spike_high_r_risk_study.py:182: FutureWarning: The behavior of DataFrame concatenation with empty or all-NA entries is deprecated. In a future version, this will no longer exclude empty or all-NA columns when determining the result dtypes. To retain the old behavior, exclude the relevant entries before the concat operation.
  "controls": pd.concat([oldc, newc], ignore_index=True),
/Users/zhangzc/fable-trading/yoyo/evaluation/spike_high_r_risk_study.py:182: FutureWarning: The behavior of DataFrame concatenation with empty or all-NA entries is deprecated. In a future version, this will no longer exclude empty or all-NA columns when determining the result dtypes. To retain the old behavior, exclude the relevant entries before the concat operation.
  "controls": pd.concat([oldc, newc], ignore_index=True),
/Users/zhangzc/fable-trading/yoyo/evaluation/spike_high_r_risk_study.py:182: FutureWarning: The behavior of DataFrame concatenation with empty or all-NA entries is deprecated. In a future version, this will no longer exclude empty or all-NA columns when determining the result dtypes. To retain the old behavior, exclude the relevant entries before the concat operation.
  "controls": pd.concat([oldc, newc], ignore_index=True),
/Users/zhangzc/fable-trading/yoyo/evaluation/spike_high_r_risk_study.py:182: FutureWarning: The behavior of DataFrame concatenation with empty or all-NA entries is deprecated. In a future version, this will no longer exclude empty or all-NA columns when determining the result dtypes. To retain the old behavior, exclude the relevant entries before the concat operation.
  "controls": pd.concat([oldc, newc], ignore_index=True),
/Users/zhangzc/fable-trading/yoyo/evaluation/spike_high_r_risk_study.py:182: FutureWarning: The behavior of DataFrame concatenation with empty or all-NA entries is deprecated. In a future version, this will no longer exclude empty or all-NA columns when determining the result dtypes. To retain the old behavior, exclude the relevant entries before the concat operation.
  "controls": pd.concat([oldc, newc], ignore_index=True),
/Users/zhangzc/fable-trading/yoyo/evaluation/spike_high_r_risk_study.py:182: FutureWarning: The behavior of DataFrame concatenation with empty or all-NA entries is deprecated. In a future version, this will no longer exclude empty or all-NA columns when determining the result dtypes. To retain the old behavior, exclude the relevant entries before the concat operation.
  "controls": pd.concat([oldc, newc], ignore_index=True),
/Users/zhangzc/fable-trading/yoyo/evaluation/spike_high_r_risk_study.py:182: FutureWarning: The behavior of DataFrame concatenation with empty or all-NA entries is deprecated. In a future version, this will no longer exclude empty or all-NA columns when determining the result dtypes. To retain the old behavior, exclude the relevant entries before the concat operation.
  "controls": pd.concat([oldc, newc], ignore_index=True),
/Users/zhangzc/fable-trading/yoyo/evaluation/spike_high_r_risk_study.py:182: FutureWarning: The behavior of DataFrame concatenation with empty or all-NA entries is deprecated. In a future version, this will no longer exclude empty or all-NA columns when determining the result dtypes. To retain the old behavior, exclude the relevant entries before the concat operation.
  "controls": pd.concat([oldc, newc], ignore_index=True),
/Users/zhangzc/fable-trading/yoyo/evaluation/spike_high_r_risk_study.py:182: FutureWarning: The behavior of DataFrame concatenation with empty or all-NA entries is deprecated. In a future version, this will no longer exclude empty or all-NA columns when determining the result dtypes. To retain the old behavior, exclude the relevant entries before the concat operation.
  "controls": pd.concat([oldc, newc], ignore_index=True),
/Users/zhangzc/fable-trading/yoyo/evaluation/spike_high_r_risk_study.py:182: FutureWarning: The behavior of DataFrame concatenation with empty or all-NA entries is deprecated. In a future version, this will no longer exclude empty or all-NA columns when determining the result dtypes. To retain the old behavior, exclude the relevant entries before the concat operation.
  "controls": pd.concat([oldc, newc], ignore_index=True),
/Users/zhangzc/fable-trading/yoyo/evaluation/spike_high_r_risk_study.py:182: FutureWarning: The behavior of DataFrame concatenation with empty or all-NA entries is deprecated. In a future version, this will no longer exclude empty or all-NA columns when determining the result dtypes. To retain the old behavior, exclude the relevant entries before the concat operation.
  "controls": pd.concat([oldc, newc], ignore_index=True),
/Users/zhangzc/fable-trading/yoyo/evaluation/spike_high_r_risk_study.py:182: FutureWarning: The behavior of DataFrame concatenation with empty or all-NA entries is deprecated. In a future version, this will no longer exclude empty or all-NA columns when determining the result dtypes. To retain the old behavior, exclude the relevant entries before the concat operation.
  "controls": pd.concat([oldc, newc], ignore_index=True),
/Users/zhangzc/fable-trading/yoyo/evaluation/spike_high_r_risk_study.py:182: FutureWarning: The behavior of DataFrame concatenation with empty or all-NA entries is deprecated. In a future version, this will no longer exclude empty or all-NA columns when determining the result dtypes. To retain the old behavior, exclude the relevant entries before the concat operation.
  "controls": pd.concat([oldc, newc], ignore_index=True),
/Users/zhangzc/fable-trading/yoyo/evaluation/spike_high_r_risk_study.py:182: FutureWarning: The behavior of DataFrame concatenation with empty or all-NA entries is deprecated. In a future version, this will no longer exclude empty or all-NA columns when determining the result dtypes. To retain the old behavior, exclude the relevant entries before the concat operation.
  "controls": pd.concat([oldc, newc], ignore_index=True),
/Users/zhangzc/fable-trading/yoyo/evaluation/spike_high_r_risk_study.py:181: FutureWarning: The behavior of DataFrame concatenation with empty or all-NA entries is deprecated. In a future version, this will no longer exclude empty or all-NA columns when determining the result dtypes. To retain the old behavior, exclude the relevant entries before the concat operation.
  tables = {"trades": pd.concat([baseline, treatment], ignore_index=True),
/Users/zhangzc/fable-trading/yoyo/evaluation/spike_high_r_risk_study.py:182: FutureWarning: The behavior of DataFrame concatenation with empty or all-NA entries is deprecated. In a future version, this will no longer exclude empty or all-NA columns when determining the result dtypes. To retain the old behavior, exclude the relevant entries before the concat operation.
  "controls": pd.concat([oldc, newc], ignore_index=True),
/Users/zhangzc/fable-trading/yoyo/evaluation/spike_high_r_risk_study.py:183: FutureWarning: The behavior of DataFrame concatenation with empty or all-NA entries is deprecated. In a future version, this will no longer exclude empty or all-NA columns when determining the result dtypes. To retain the old behavior, exclude the relevant entries before the concat operation.
  "fills": pd.concat([tag(bf, "baseline"), tag(tf, "high_r_entry_v21")], ignore_index=True),
/Users/zhangzc/fable-trading/yoyo/evaluation/spike_high_r_risk_study.py:182: FutureWarning: The behavior of DataFrame concatenation with empty or all-NA entries is deprecated. In a future version, this will no longer exclude empty or all-NA columns when determining the result dtypes. To retain the old behavior, exclude the relevant entries before the concat operation.
  "controls": pd.concat([oldc, newc], ignore_index=True),
/Users/zhangzc/fable-trading/yoyo/evaluation/spike_high_r_risk_study.py:182: FutureWarning: The behavior of DataFrame concatenation with empty or all-NA entries is deprecated. In a future version, this will no longer exclude empty or all-NA columns when determining the result dtypes. To retain the old behavior, exclude the relevant entries before the concat operation.
  "controls": pd.concat([oldc, newc], ignore_index=True),
/Users/zhangzc/fable-trading/yoyo/evaluation/spike_high_r_risk_study.py:182: FutureWarning: The behavior of DataFrame concatenation with empty or all-NA entries is deprecated. In a future version, this will no longer exclude empty or all-NA columns when determining the result dtypes. To retain the old behavior, exclude the relevant entries before the concat operation.
  "controls": pd.concat([oldc, newc], ignore_index=True),
/Users/zhangzc/fable-trading/yoyo/evaluation/spike_high_r_risk_study.py:182: FutureWarning: The behavior of DataFrame concatenation with empty or all-NA entries is deprecated. In a future version, this will no longer exclude empty or all-NA columns when determining the result dtypes. To retain the old behavior, exclude the relevant entries before the concat operation.
  "controls": pd.concat([oldc, newc], ignore_index=True),
/Users/zhangzc/fable-trading/yoyo/evaluation/spike_high_r_risk_study.py:181: FutureWarning: The behavior of DataFrame concatenation with empty or all-NA entries is deprecated. In a future version, this will no longer exclude empty or all-NA columns when determining the result dtypes. To retain the old behavior, exclude the relevant entries before the concat operation.
  tables = {"trades": pd.concat([baseline, treatment], ignore_index=True),
/Users/zhangzc/fable-trading/yoyo/evaluation/spike_high_r_risk_study.py:182: FutureWarning: The behavior of DataFrame concatenation with empty or all-NA entries is deprecated. In a future version, this will no longer exclude empty or all-NA columns when determining the result dtypes. To retain the old behavior, exclude the relevant entries before the concat operation.
  "controls": pd.concat([oldc, newc], ignore_index=True),
/Users/zhangzc/fable-trading/yoyo/evaluation/spike_high_r_risk_study.py:183: FutureWarning: The behavior of DataFrame concatenation with empty or all-NA entries is deprecated. In a future version, this will no longer exclude empty or all-NA columns when determining the result dtypes. To retain the old behavior, exclude the relevant entries before the concat operation.
  "fills": pd.concat([tag(bf, "baseline"), tag(tf, "high_r_entry_v21")], ignore_index=True),
{"done": 1800, "target": 3531, "failures": 0, "seconds": 122.9}
/Users/zhangzc/fable-trading/yoyo/evaluation/spike_high_r_risk_study.py:182: FutureWarning: The behavior of DataFrame concatenation with empty or all-NA entries is deprecated. In a future version, this will no longer exclude empty or all-NA columns when determining the result dtypes. To retain the old behavior, exclude the relevant entries before the concat operation.
  "controls": pd.concat([oldc, newc], ignore_index=True),
/Users/zhangzc/fable-trading/yoyo/evaluation/spike_high_r_risk_study.py:182: FutureWarning: The behavior of DataFrame concatenation with empty or all-NA entries is deprecated. In a future version, this will no longer exclude empty or all-NA columns when determining the result dtypes. To retain the old behavior, exclude the relevant entries before the concat operation.
  "controls": pd.concat([oldc, newc], ignore_index=True),
/Users/zhangzc/fable-trading/yoyo/evaluation/spike_high_r_risk_study.py:182: FutureWarning: The behavior of DataFrame concatenation with empty or all-NA entries is deprecated. In a future version, this will no longer exclude empty or all-NA columns when determining the result dtypes. To retain the old behavior, exclude the relevant entries before the concat operation.
  "controls": pd.concat([oldc, newc], ignore_index=True),
/Users/zhangzc/fable-trading/yoyo/evaluation/spike_high_r_risk_study.py:182: FutureWarning: The behavior of DataFrame concatenation with empty or all-NA entries is deprecated. In a future version, this will no longer exclude empty or all-NA columns when determining the result dtypes. To retain the old behavior, exclude the relevant entries before the concat operation.
  "controls": pd.concat([oldc, newc], ignore_index=True),
/Users/zhangzc/fable-trading/yoyo/evaluation/spike_high_r_risk_study.py:182: FutureWarning: The behavior of DataFrame concatenation with empty or all-NA entries is deprecated. In a future version, this will no longer exclude empty or all-NA columns when determining the result dtypes. To retain the old behavior, exclude the relevant entries before the concat operation.
  "controls": pd.concat([oldc, newc], ignore_index=True),
/Users/zhangzc/fable-trading/yoyo/evaluation/spike_high_r_risk_study.py:182: FutureWarning: The behavior of DataFrame concatenation with empty or all-NA entries is deprecated. In a future version, this will no longer exclude empty or all-NA columns when determining the result dtypes. To retain the old behavior, exclude the relevant entries before the concat operation.
  "controls": pd.concat([oldc, newc], ignore_index=True),
/Users/zhangzc/fable-trading/yoyo/evaluation/spike_high_r_risk_study.py:182: FutureWarning: The behavior of DataFrame concatenation with empty or all-NA entries is deprecated. In a future version, this will no longer exclude empty or all-NA columns when determining the result dtypes. To retain the old behavior, exclude the relevant entries before the concat operation.
  "controls": pd.concat([oldc, newc], ignore_index=True),
/Users/zhangzc/fable-trading/yoyo/evaluation/spike_high_r_risk_study.py:182: FutureWarning: The behavior of DataFrame concatenation with empty or all-NA entries is deprecated. In a future version, this will no longer exclude empty or all-NA columns when determining the result dtypes. To retain the old behavior, exclude the relevant entries before the concat operation.
  "controls": pd.concat([oldc, newc], ignore_index=True),
/Users/zhangzc/fable-trading/yoyo/evaluation/spike_high_r_risk_study.py:182: FutureWarning: The behavior of DataFrame concatenation with empty or all-NA entries is deprecated. In a future version, this will no longer exclude empty or all-NA columns when determining the result dtypes. To retain the old behavior, exclude the relevant entries before the concat operation.
  "controls": pd.concat([oldc, newc], ignore_index=True),
/Users/zhangzc/fable-trading/yoyo/evaluation/spike_high_r_risk_study.py:182: FutureWarning: The behavior of DataFrame concatenation with empty or all-NA entries is deprecated. In a future version, this will no longer exclude empty or all-NA columns when determining the result dtypes. To retain the old behavior, exclude the relevant entries before the concat operation.
  "controls": pd.concat([oldc, newc], ignore_index=True),
/Users/zhangzc/fable-trading/yoyo/evaluation/spike_high_r_risk_study.py:182: FutureWarning: The behavior of DataFrame concatenation with empty or all-NA entries is deprecated. In a future version, this will no longer exclude empty or all-NA columns when determining the result dtypes. To retain the old behavior, exclude the relevant entries before the concat operation.
  "controls": pd.concat([oldc, newc], ignore_index=True),
/Users/zhangzc/fable-trading/yoyo/evaluation/spike_high_r_risk_study.py:182: FutureWarning: The behavior of DataFrame concatenation with empty or all-NA entries is deprecated. In a future version, this will no longer exclude empty or all-NA columns when determining the result dtypes. To retain the old behavior, exclude the relevant entries before the concat operation.
  "controls": pd.concat([oldc, newc], ignore_index=True),
/Users/zhangzc/fable-trading/yoyo/evaluation/spike_high_r_risk_study.py:182: FutureWarning: The behavior of DataFrame concatenation with empty or all-NA entries is deprecated. In a future version, this will no longer exclude empty or all-NA columns when determining the result dtypes. To retain the old behavior, exclude the relevant entries before the concat operation.
  "controls": pd.concat([oldc, newc], ignore_index=True),
/Users/zhangzc/fable-trading/yoyo/evaluation/spike_high_r_risk_study.py:182: FutureWarning: The behavior of DataFrame concatenation with empty or all-NA entries is deprecated. In a future version, this will no longer exclude empty or all-NA columns when determining the result dtypes. To retain the old behavior, exclude the relevant entries before the concat operation.
  "controls": pd.concat([oldc, newc], ignore_index=True),
/Users/zhangzc/fable-trading/yoyo/evaluation/spike_high_r_risk_study.py:182: FutureWarning: The behavior of DataFrame concatenation with empty or all-NA entries is deprecated. In a future version, this will no longer exclude empty or all-NA columns when determining the result dtypes. To retain the old behavior, exclude the relevant entries before the concat operation.
  "controls": pd.concat([oldc, newc], ignore_index=True),
/Users/zhangzc/fable-trading/yoyo/evaluation/spike_high_r_risk_study.py:182: FutureWarning: The behavior of DataFrame concatenation with empty or all-NA entries is deprecated. In a future version, this will no longer exclude empty or all-NA columns when determining the result dtypes. To retain the old behavior, exclude the relevant entries before the concat operation.
  "controls": pd.concat([oldc, newc], ignore_index=True),
/Users/zhangzc/fable-trading/yoyo/evaluation/spike_high_r_risk_study.py:182: FutureWarning: The behavior of DataFrame concatenation with empty or all-NA entries is deprecated. In a future version, this will no longer exclude empty or all-NA columns when determining the result dtypes. To retain the old behavior, exclude the relevant entries before the concat operation.
  "controls": pd.concat([oldc, newc], ignore_index=True),
/Users/zhangzc/fable-trading/yoyo/evaluation/spike_high_r_risk_study.py:182: FutureWarning: The behavior of DataFrame concatenation with empty or all-NA entries is deprecated. In a future version, this will no longer exclude empty or all-NA columns when determining the result dtypes. To retain the old behavior, exclude the relevant entries before the concat operation.
  "controls": pd.concat([oldc, newc], ignore_index=True),
/Users/zhangzc/fable-trading/yoyo/evaluation/spike_high_r_risk_study.py:182: FutureWarning: The behavior of DataFrame concatenation with empty or all-NA entries is deprecated. In a future version, this will no longer exclude empty or all-NA columns when determining the result dtypes. To retain the old behavior, exclude the relevant entries before the concat operation.
  "controls": pd.concat([oldc, newc], ignore_index=True),
/Users/zhangzc/fable-trading/yoyo/evaluation/spike_high_r_risk_study.py:182: FutureWarning: The behavior of DataFrame concatenation with empty or all-NA entries is deprecated. In a future version, this will no longer exclude empty or all-NA columns when determining the result dtypes. To retain the old behavior, exclude the relevant entries before the concat operation.
  "controls": pd.concat([oldc, newc], ignore_index=True),
/Users/zhangzc/fable-trading/yoyo/evaluation/spike_high_r_risk_study.py:182: FutureWarning: The behavior of DataFrame concatenation with empty or all-NA entries is deprecated. In a future version, this will no longer exclude empty or all-NA columns when determining the result dtypes. To retain the old behavior, exclude the relevant entries before the concat operation.
  "controls": pd.concat([oldc, newc], ignore_index=True),
/Users/zhangzc/fable-trading/yoyo/evaluation/spike_high_r_risk_study.py:182: FutureWarning: The behavior of DataFrame concatenation with empty or all-NA entries is deprecated. In a future version, this will no longer exclude empty or all-NA columns when determining the result dtypes. To retain the old behavior, exclude the relevant entries before the concat operation.
  "controls": pd.concat([oldc, newc], ignore_index=True),
/Users/zhangzc/fable-trading/yoyo/evaluation/spike_high_r_risk_study.py:182: FutureWarning: The behavior of DataFrame concatenation with empty or all-NA entries is deprecated. In a future version, this will no longer exclude empty or all-NA columns when determining the result dtypes. To retain the old behavior, exclude the relevant entries before the concat operation.
  "controls": pd.concat([oldc, newc], ignore_index=True),
/Users/zhangzc/fable-trading/yoyo/evaluation/spike_high_r_risk_study.py:182: FutureWarning: The behavior of DataFrame concatenation with empty or all-NA entries is deprecated. In a future version, this will no longer exclude empty or all-NA columns when determining the result dtypes. To retain the old behavior, exclude the relevant entries before the concat operation.
  "controls": pd.concat([oldc, newc], ignore_index=True),
/Users/zhangzc/fable-trading/yoyo/evaluation/spike_high_r_risk_study.py:182: FutureWarning: The behavior of DataFrame concatenation with empty or all-NA entries is deprecated. In a future version, this will no longer exclude empty or all-NA columns when determining the result dtypes. To retain the old behavior, exclude the relevant entries before the concat operation.
  "controls": pd.concat([oldc, newc], ignore_index=True),
/Users/zhangzc/fable-trading/yoyo/evaluation/spike_high_r_risk_study.py:182: FutureWarning: The behavior of DataFrame concatenation with empty or all-NA entries is deprecated. In a future version, this will no longer exclude empty or all-NA columns when determining the result dtypes. To retain the old behavior, exclude the relevant entries before the concat operation.
  "controls": pd.concat([oldc, newc], ignore_index=True),
{"done": 1850, "target": 3531, "failures": 0, "seconds": 126.7}
/Users/zhangzc/fable-trading/yoyo/evaluation/spike_high_r_risk_study.py:182: FutureWarning: The behavior of DataFrame concatenation with empty or all-NA entries is deprecated. In a future version, this will no longer exclude empty or all-NA columns when determining the result dtypes. To retain the old behavior, exclude the relevant entries before the concat operation.
  "controls": pd.concat([oldc, newc], ignore_index=True),
/Users/zhangzc/fable-trading/yoyo/evaluation/spike_high_r_risk_study.py:182: FutureWarning: The behavior of DataFrame concatenation with empty or all-NA entries is deprecated. In a future version, this will no longer exclude empty or all-NA columns when determining the result dtypes. To retain the old behavior, exclude the relevant entries before the concat operation.
  "controls": pd.concat([oldc, newc], ignore_index=True),
/Users/zhangzc/fable-trading/yoyo/evaluation/spike_high_r_risk_study.py:182: FutureWarning: The behavior of DataFrame concatenation with empty or all-NA entries is deprecated. In a future version, this will no longer exclude empty or all-NA columns when determining the result dtypes. To retain the old behavior, exclude the relevant entries before the concat operation.
  "controls": pd.concat([oldc, newc], ignore_index=True),
/Users/zhangzc/fable-trading/yoyo/evaluation/spike_high_r_risk_study.py:182: FutureWarning: The behavior of DataFrame concatenation with empty or all-NA entries is deprecated. In a future version, this will no longer exclude empty or all-NA columns when determining the result dtypes. To retain the old behavior, exclude the relevant entries before the concat operation.
  "controls": pd.concat([oldc, newc], ignore_index=True),
/Users/zhangzc/fable-trading/yoyo/evaluation/spike_high_r_risk_study.py:182: FutureWarning: The behavior of DataFrame concatenation with empty or all-NA entries is deprecated. In a future version, this will no longer exclude empty or all-NA columns when determining the result dtypes. To retain the old behavior, exclude the relevant entries before the concat operation.
  "controls": pd.concat([oldc, newc], ignore_index=True),
/Users/zhangzc/fable-trading/yoyo/evaluation/spike_high_r_risk_study.py:182: FutureWarning: The behavior of DataFrame concatenation with empty or all-NA entries is deprecated. In a future version, this will no longer exclude empty or all-NA columns when determining the result dtypes. To retain the old behavior, exclude the relevant entries before the concat operation.
  "controls": pd.concat([oldc, newc], ignore_index=True),
/Users/zhangzc/fable-trading/yoyo/evaluation/spike_high_r_risk_study.py:182: FutureWarning: The behavior of DataFrame concatenation with empty or all-NA entries is deprecated. In a future version, this will no longer exclude empty or all-NA columns when determining the result dtypes. To retain the old behavior, exclude the relevant entries before the concat operation.
  "controls": pd.concat([oldc, newc], ignore_index=True),
/Users/zhangzc/fable-trading/yoyo/evaluation/spike_high_r_risk_study.py:181: FutureWarning: The behavior of DataFrame concatenation with empty or all-NA entries is deprecated. In a future version, this will no longer exclude empty or all-NA columns when determining the result dtypes. To retain the old behavior, exclude the relevant entries before the concat operation.
  tables = {"trades": pd.concat([baseline, treatment], ignore_index=True),
/Users/zhangzc/fable-trading/yoyo/evaluation/spike_high_r_risk_study.py:182: FutureWarning: The behavior of DataFrame concatenation with empty or all-NA entries is deprecated. In a future version, this will no longer exclude empty or all-NA columns when determining the result dtypes. To retain the old behavior, exclude the relevant entries before the concat operation.
  "controls": pd.concat([oldc, newc], ignore_index=True),
/Users/zhangzc/fable-trading/yoyo/evaluation/spike_high_r_risk_study.py:183: FutureWarning: The behavior of DataFrame concatenation with empty or all-NA entries is deprecated. In a future version, this will no longer exclude empty or all-NA columns when determining the result dtypes. To retain the old behavior, exclude the relevant entries before the concat operation.
  "fills": pd.concat([tag(bf, "baseline"), tag(tf, "high_r_entry_v21")], ignore_index=True),
/Users/zhangzc/fable-trading/yoyo/evaluation/spike_high_r_risk_study.py:182: FutureWarning: The behavior of DataFrame concatenation with empty or all-NA entries is deprecated. In a future version, this will no longer exclude empty or all-NA columns when determining the result dtypes. To retain the old behavior, exclude the relevant entries before the concat operation.
  "controls": pd.concat([oldc, newc], ignore_index=True),
/Users/zhangzc/fable-trading/yoyo/evaluation/spike_high_r_risk_study.py:182: FutureWarning: The behavior of DataFrame concatenation with empty or all-NA entries is deprecated. In a future version, this will no longer exclude empty or all-NA columns when determining the result dtypes. To retain the old behavior, exclude the relevant entries before the concat operation.
  "controls": pd.concat([oldc, newc], ignore_index=True),
/Users/zhangzc/fable-trading/yoyo/evaluation/spike_high_r_risk_study.py:182: FutureWarning: The behavior of DataFrame concatenation with empty or all-NA entries is deprecated. In a future version, this will no longer exclude empty or all-NA columns when determining the result dtypes. To retain the old behavior, exclude the relevant entries before the concat operation.
  "controls": pd.concat([oldc, newc], ignore_index=True),
/Users/zhangzc/fable-trading/yoyo/evaluation/spike_high_r_risk_study.py:182: FutureWarning: The behavior of DataFrame concatenation with empty or all-NA entries is deprecated. In a future version, this will no longer exclude empty or all-NA columns when determining the result dtypes. To retain the old behavior, exclude the relevant entries before the concat operation.
  "controls": pd.concat([oldc, newc], ignore_index=True),
/Users/zhangzc/fable-trading/yoyo/evaluation/spike_high_r_risk_study.py:182: FutureWarning: The behavior of DataFrame concatenation with empty or all-NA entries is deprecated. In a future version, this will no longer exclude empty or all-NA columns when determining the result dtypes. To retain the old behavior, exclude the relevant entries before the concat operation.
  "controls": pd.concat([oldc, newc], ignore_index=True),
/Users/zhangzc/fable-trading/yoyo/evaluation/spike_high_r_risk_study.py:182: FutureWarning: The behavior of DataFrame concatenation with empty or all-NA entries is deprecated. In a future version, this will no longer exclude empty or all-NA columns when determining the result dtypes. To retain the old behavior, exclude the relevant entries before the concat operation.
  "controls": pd.concat([oldc, newc], ignore_index=True),
/Users/zhangzc/fable-trading/yoyo/evaluation/spike_high_r_risk_study.py:182: FutureWarning: The behavior of DataFrame concatenation with empty or all-NA entries is deprecated. In a future version, this will no longer exclude empty or all-NA columns when determining the result dtypes. To retain the old behavior, exclude the relevant entries before the concat operation.
  "controls": pd.concat([oldc, newc], ignore_index=True),
/Users/zhangzc/fable-trading/yoyo/evaluation/spike_high_r_risk_study.py:182: FutureWarning: The behavior of DataFrame concatenation with empty or all-NA entries is deprecated. In a future version, this will no longer exclude empty or all-NA columns when determining the result dtypes. To retain the old behavior, exclude the relevant entries before the concat operation.
  "controls": pd.concat([oldc, newc], ignore_index=True),
/Users/zhangzc/fable-trading/yoyo/evaluation/spike_high_r_risk_study.py:182: FutureWarning: The behavior of DataFrame concatenation with empty or all-NA entries is deprecated. In a future version, this will no longer exclude empty or all-NA columns when determining the result dtypes. To retain the old behavior, exclude the relevant entries before the concat operation.
  "controls": pd.concat([oldc, newc], ignore_index=True),
/Users/zhangzc/fable-trading/yoyo/evaluation/spike_high_r_risk_study.py:182: FutureWarning: The behavior of DataFrame concatenation with empty or all-NA entries is deprecated. In a future version, this will no longer exclude empty or all-NA columns when determining the result dtypes. To retain the old behavior, exclude the relevant entries before the concat operation.
  "controls": pd.concat([oldc, newc], ignore_index=True),
/Users/zhangzc/fable-trading/yoyo/evaluation/spike_high_r_risk_study.py:182: FutureWarning: The behavior of DataFrame concatenation with empty or all-NA entries is deprecated. In a future version, this will no longer exclude empty or all-NA columns when determining the result dtypes. To retain the old behavior, exclude the relevant entries before the concat operation.
  "controls": pd.concat([oldc, newc], ignore_index=True),
/Users/zhangzc/fable-trading/yoyo/evaluation/spike_high_r_risk_study.py:182: FutureWarning: The behavior of DataFrame concatenation with empty or all-NA entries is deprecated. In a future version, this will no longer exclude empty or all-NA columns when determining the result dtypes. To retain the old behavior, exclude the relevant entries before the concat operation.
  "controls": pd.concat([oldc, newc], ignore_index=True),
/Users/zhangzc/fable-trading/yoyo/evaluation/spike_high_r_risk_study.py:182: FutureWarning: The behavior of DataFrame concatenation with empty or all-NA entries is deprecated. In a future version, this will no longer exclude empty or all-NA columns when determining the result dtypes. To retain the old behavior, exclude the relevant entries before the concat operation.
  "controls": pd.concat([oldc, newc], ignore_index=True),
/Users/zhangzc/fable-trading/yoyo/evaluation/spike_high_r_risk_study.py:182: FutureWarning: The behavior of DataFrame concatenation with empty or all-NA entries is deprecated. In a future version, this will no longer exclude empty or all-NA columns when determining the result dtypes. To retain the old behavior, exclude the relevant entries before the concat operation.
  "controls": pd.concat([oldc, newc], ignore_index=True),
/Users/zhangzc/fable-trading/yoyo/evaluation/spike_high_r_risk_study.py:182: FutureWarning: The behavior of DataFrame concatenation with empty or all-NA entries is deprecated. In a future version, this will no longer exclude empty or all-NA columns when determining the result dtypes. To retain the old behavior, exclude the relevant entries before the concat operation.
  "controls": pd.concat([oldc, newc], ignore_index=True),
/Users/zhangzc/fable-trading/yoyo/evaluation/spike_high_r_risk_study.py:182: FutureWarning: The behavior of DataFrame concatenation with empty or all-NA entries is deprecated. In a future version, this will no longer exclude empty or all-NA columns when determining the result dtypes. To retain the old behavior, exclude the relevant entries before the concat operation.
  "controls": pd.concat([oldc, newc], ignore_index=True),
/Users/zhangzc/fable-trading/yoyo/evaluation/spike_high_r_risk_study.py:182: FutureWarning: The behavior of DataFrame concatenation with empty or all-NA entries is deprecated. In a future version, this will no longer exclude empty or all-NA columns when determining the result dtypes. To retain the old behavior, exclude the relevant entries before the concat operation.
  "controls": pd.concat([oldc, newc], ignore_index=True),
/Users/zhangzc/fable-trading/yoyo/evaluation/spike_high_r_risk_study.py:182: FutureWarning: The behavior of DataFrame concatenation with empty or all-NA entries is deprecated. In a future version, this will no longer exclude empty or all-NA columns when determining the result dtypes. To retain the old behavior, exclude the relevant entries before the concat operation.
  "controls": pd.concat([oldc, newc], ignore_index=True),
/Users/zhangzc/fable-trading/yoyo/evaluation/spike_high_r_risk_study.py:182: FutureWarning: The behavior of DataFrame concatenation with empty or all-NA entries is deprecated. In a future version, this will no longer exclude empty or all-NA columns when determining the result dtypes. To retain the old behavior, exclude the relevant entries before the concat operation.
  "controls": pd.concat([oldc, newc], ignore_index=True),
/Users/zhangzc/fable-trading/yoyo/evaluation/spike_high_r_risk_study.py:182: FutureWarning: The behavior of DataFrame concatenation with empty or all-NA entries is deprecated. In a future version, this will no longer exclude empty or all-NA columns when determining the result dtypes. To retain the old behavior, exclude the relevant entries before the concat operation.
  "controls": pd.concat([oldc, newc], ignore_index=True),
/Users/zhangzc/fable-trading/yoyo/evaluation/spike_high_r_risk_study.py:182: FutureWarning: The behavior of DataFrame concatenation with empty or all-NA entries is deprecated. In a future version, this will no longer exclude empty or all-NA columns when determining the result dtypes. To retain the old behavior, exclude the relevant entries before the concat operation.
  "controls": pd.concat([oldc, newc], ignore_index=True),
/Users/zhangzc/fable-trading/yoyo/evaluation/spike_high_r_risk_study.py:182: FutureWarning: The behavior of DataFrame concatenation with empty or all-NA entries is deprecated. In a future version, this will no longer exclude empty or all-NA columns when determining the result dtypes. To retain the old behavior, exclude the relevant entries before the concat operation.
  "controls": pd.concat([oldc, newc], ignore_index=True),
/Users/zhangzc/fable-trading/yoyo/evaluation/spike_high_r_risk_study.py:182: FutureWarning: The behavior of DataFrame concatenation with empty or all-NA entries is deprecated. In a future version, this will no longer exclude empty or all-NA columns when determining the result dtypes. To retain the old behavior, exclude the relevant entries before the concat operation.
  "controls": pd.concat([oldc, newc], ignore_index=True),
{"done": 1900, "target": 3531, "failures": 0, "seconds": 130.4}
/Users/zhangzc/fable-trading/yoyo/evaluation/spike_high_r_risk_study.py:182: FutureWarning: The behavior of DataFrame concatenation with empty or all-NA entries is deprecated. In a future version, this will no longer exclude empty or all-NA columns when determining the result dtypes. To retain the old behavior, exclude the relevant entries before the concat operation.
  "controls": pd.concat([oldc, newc], ignore_index=True),
/Users/zhangzc/fable-trading/yoyo/evaluation/spike_high_r_risk_study.py:182: FutureWarning: The behavior of DataFrame concatenation with empty or all-NA entries is deprecated. In a future version, this will no longer exclude empty or all-NA columns when determining the result dtypes. To retain the old behavior, exclude the relevant entries before the concat operation.
  "controls": pd.concat([oldc, newc], ignore_index=True),
/Users/zhangzc/fable-trading/yoyo/evaluation/spike_high_r_risk_study.py:182: FutureWarning: The behavior of DataFrame concatenation with empty or all-NA entries is deprecated. In a future version, this will no longer exclude empty or all-NA columns when determining the result dtypes. To retain the old behavior, exclude the relevant entries before the concat operation.
  "controls": pd.concat([oldc, newc], ignore_index=True),
/Users/zhangzc/fable-trading/yoyo/evaluation/spike_high_r_risk_study.py:182: FutureWarning: The behavior of DataFrame concatenation with empty or all-NA entries is deprecated. In a future version, this will no longer exclude empty or all-NA columns when determining the result dtypes. To retain the old behavior, exclude the relevant entries before the concat operation.
  "controls": pd.concat([oldc, newc], ignore_index=True),
/Users/zhangzc/fable-trading/yoyo/evaluation/spike_high_r_risk_study.py:182: FutureWarning: The behavior of DataFrame concatenation with empty or all-NA entries is deprecated. In a future version, this will no longer exclude empty or all-NA columns when determining the result dtypes. To retain the old behavior, exclude the relevant entries before the concat operation.
  "controls": pd.concat([oldc, newc], ignore_index=True),
/Users/zhangzc/fable-trading/yoyo/evaluation/spike_high_r_risk_study.py:182: FutureWarning: The behavior of DataFrame concatenation with empty or all-NA entries is deprecated. In a future version, this will no longer exclude empty or all-NA columns when determining the result dtypes. To retain the old behavior, exclude the relevant entries before the concat operation.
  "controls": pd.concat([oldc, newc], ignore_index=True),
/Users/zhangzc/fable-trading/yoyo/evaluation/spike_high_r_risk_study.py:182: FutureWarning: The behavior of DataFrame concatenation with empty or all-NA entries is deprecated. In a future version, this will no longer exclude empty or all-NA columns when determining the result dtypes. To retain the old behavior, exclude the relevant entries before the concat operation.
  "controls": pd.concat([oldc, newc], ignore_index=True),
/Users/zhangzc/fable-trading/yoyo/evaluation/spike_high_r_risk_study.py:182: FutureWarning: The behavior of DataFrame concatenation with empty or all-NA entries is deprecated. In a future version, this will no longer exclude empty or all-NA columns when determining the result dtypes. To retain the old behavior, exclude the relevant entries before the concat operation.
  "controls": pd.concat([oldc, newc], ignore_index=True),
/Users/zhangzc/fable-trading/yoyo/evaluation/spike_high_r_risk_study.py:182: FutureWarning: The behavior of DataFrame concatenation with empty or all-NA entries is deprecated. In a future version, this will no longer exclude empty or all-NA columns when determining the result dtypes. To retain the old behavior, exclude the relevant entries before the concat operation.
  "controls": pd.concat([oldc, newc], ignore_index=True),
/Users/zhangzc/fable-trading/yoyo/evaluation/spike_high_r_risk_study.py:182: FutureWarning: The behavior of DataFrame concatenation with empty or all-NA entries is deprecated. In a future version, this will no longer exclude empty or all-NA columns when determining the result dtypes. To retain the old behavior, exclude the relevant entries before the concat operation.
  "controls": pd.concat([oldc, newc], ignore_index=True),
/Users/zhangzc/fable-trading/yoyo/evaluation/spike_high_r_risk_study.py:182: FutureWarning: The behavior of DataFrame concatenation with empty or all-NA entries is deprecated. In a future version, this will no longer exclude empty or all-NA columns when determining the result dtypes. To retain the old behavior, exclude the relevant entries before the concat operation.
  "controls": pd.concat([oldc, newc], ignore_index=True),
/Users/zhangzc/fable-trading/yoyo/evaluation/spike_high_r_risk_study.py:182: FutureWarning: The behavior of DataFrame concatenation with empty or all-NA entries is deprecated. In a future version, this will no longer exclude empty or all-NA columns when determining the result dtypes. To retain the old behavior, exclude the relevant entries before the concat operation.
  "controls": pd.concat([oldc, newc], ignore_index=True),
/Users/zhangzc/fable-trading/yoyo/evaluation/spike_high_r_risk_study.py:182: FutureWarning: The behavior of DataFrame concatenation with empty or all-NA entries is deprecated. In a future version, this will no longer exclude empty or all-NA columns when determining the result dtypes. To retain the old behavior, exclude the relevant entries before the concat operation.
  "controls": pd.concat([oldc, newc], ignore_index=True),
/Users/zhangzc/fable-trading/yoyo/evaluation/spike_high_r_risk_study.py:182: FutureWarning: The behavior of DataFrame concatenation with empty or all-NA entries is deprecated. In a future version, this will no longer exclude empty or all-NA columns when determining the result dtypes. To retain the old behavior, exclude the relevant entries before the concat operation.
  "controls": pd.concat([oldc, newc], ignore_index=True),
/Users/zhangzc/fable-trading/yoyo/evaluation/spike_high_r_risk_study.py:182: FutureWarning: The behavior of DataFrame concatenation with empty or all-NA entries is deprecated. In a future version, this will no longer exclude empty or all-NA columns when determining the result dtypes. To retain the old behavior, exclude the relevant entries before the concat operation.
  "controls": pd.concat([oldc, newc], ignore_index=True),
/Users/zhangzc/fable-trading/yoyo/evaluation/spike_high_r_risk_study.py:182: FutureWarning: The behavior of DataFrame concatenation with empty or all-NA entries is deprecated. In a future version, this will no longer exclude empty or all-NA columns when determining the result dtypes. To retain the old behavior, exclude the relevant entries before the concat operation.
  "controls": pd.concat([oldc, newc], ignore_index=True),
/Users/zhangzc/fable-trading/yoyo/evaluation/spike_high_r_risk_study.py:182: FutureWarning: The behavior of DataFrame concatenation with empty or all-NA entries is deprecated. In a future version, this will no longer exclude empty or all-NA columns when determining the result dtypes. To retain the old behavior, exclude the relevant entries before the concat operation.
  "controls": pd.concat([oldc, newc], ignore_index=True),
/Users/zhangzc/fable-trading/yoyo/evaluation/spike_high_r_risk_study.py:182: FutureWarning: The behavior of DataFrame concatenation with empty or all-NA entries is deprecated. In a future version, this will no longer exclude empty or all-NA columns when determining the result dtypes. To retain the old behavior, exclude the relevant entries before the concat operation.
  "controls": pd.concat([oldc, newc], ignore_index=True),
/Users/zhangzc/fable-trading/yoyo/evaluation/spike_high_r_risk_study.py:182: FutureWarning: The behavior of DataFrame concatenation with empty or all-NA entries is deprecated. In a future version, this will no longer exclude empty or all-NA columns when determining the result dtypes. To retain the old behavior, exclude the relevant entries before the concat operation.
  "controls": pd.concat([oldc, newc], ignore_index=True),
/Users/zhangzc/fable-trading/yoyo/evaluation/spike_high_r_risk_study.py:182: FutureWarning: The behavior of DataFrame concatenation with empty or all-NA entries is deprecated. In a future version, this will no longer exclude empty or all-NA columns when determining the result dtypes. To retain the old behavior, exclude the relevant entries before the concat operation.
  "controls": pd.concat([oldc, newc], ignore_index=True),
/Users/zhangzc/fable-trading/yoyo/evaluation/spike_high_r_risk_study.py:182: FutureWarning: The behavior of DataFrame concatenation with empty or all-NA entries is deprecated. In a future version, this will no longer exclude empty or all-NA columns when determining the result dtypes. To retain the old behavior, exclude the relevant entries before the concat operation.
  "controls": pd.concat([oldc, newc], ignore_index=True),
/Users/zhangzc/fable-trading/yoyo/evaluation/spike_high_r_risk_study.py:182: FutureWarning: The behavior of DataFrame concatenation with empty or all-NA entries is deprecated. In a future version, this will no longer exclude empty or all-NA columns when determining the result dtypes. To retain the old behavior, exclude the relevant entries before the concat operation.
  "controls": pd.concat([oldc, newc], ignore_index=True),
{"done": 1950, "target": 3531, "failures": 0, "seconds": 135.0}
/Users/zhangzc/fable-trading/yoyo/evaluation/spike_high_r_risk_study.py:182: FutureWarning: The behavior of DataFrame concatenation with empty or all-NA entries is deprecated. In a future version, this will no longer exclude empty or all-NA columns when determining the result dtypes. To retain the old behavior, exclude the relevant entries before the concat operation.
  "controls": pd.concat([oldc, newc], ignore_index=True),
/Users/zhangzc/fable-trading/yoyo/evaluation/spike_high_r_risk_study.py:182: FutureWarning: The behavior of DataFrame concatenation with empty or all-NA entries is deprecated. In a future version, this will no longer exclude empty or all-NA columns when determining the result dtypes. To retain the old behavior, exclude the relevant entries before the concat operation.
  "controls": pd.concat([oldc, newc], ignore_index=True),
/Users/zhangzc/fable-trading/yoyo/evaluation/spike_high_r_risk_study.py:182: FutureWarning: The behavior of DataFrame concatenation with empty or all-NA entries is deprecated. In a future version, this will no longer exclude empty or all-NA columns when determining the result dtypes. To retain the old behavior, exclude the relevant entries before the concat operation.
  "controls": pd.concat([oldc, newc], ignore_index=True),
/Users/zhangzc/fable-trading/yoyo/evaluation/spike_high_r_risk_study.py:182: FutureWarning: The behavior of DataFrame concatenation with empty or all-NA entries is deprecated. In a future version, this will no longer exclude empty or all-NA columns when determining the result dtypes. To retain the old behavior, exclude the relevant entries before the concat operation.
  "controls": pd.concat([oldc, newc], ignore_index=True),
/Users/zhangzc/fable-trading/yoyo/evaluation/spike_high_r_risk_study.py:182: FutureWarning: The behavior of DataFrame concatenation with empty or all-NA entries is deprecated. In a future version, this will no longer exclude empty or all-NA columns when determining the result dtypes. To retain the old behavior, exclude the relevant entries before the concat operation.
  "controls": pd.concat([oldc, newc], ignore_index=True),
/Users/zhangzc/fable-trading/yoyo/evaluation/spike_high_r_risk_study.py:182: FutureWarning: The behavior of DataFrame concatenation with empty or all-NA entries is deprecated. In a future version, this will no longer exclude empty or all-NA columns when determining the result dtypes. To retain the old behavior, exclude the relevant entries before the concat operation.
  "controls": pd.concat([oldc, newc], ignore_index=True),
/Users/zhangzc/fable-trading/yoyo/evaluation/spike_high_r_risk_study.py:182: FutureWarning: The behavior of DataFrame concatenation with empty or all-NA entries is deprecated. In a future version, this will no longer exclude empty or all-NA columns when determining the result dtypes. To retain the old behavior, exclude the relevant entries before the concat operation.
  "controls": pd.concat([oldc, newc], ignore_index=True),
/Users/zhangzc/fable-trading/yoyo/evaluation/spike_high_r_risk_study.py:182: FutureWarning: The behavior of DataFrame concatenation with empty or all-NA entries is deprecated. In a future version, this will no longer exclude empty or all-NA columns when determining the result dtypes. To retain the old behavior, exclude the relevant entries before the concat operation.
  "controls": pd.concat([oldc, newc], ignore_index=True),
/Users/zhangzc/fable-trading/yoyo/evaluation/spike_high_r_risk_study.py:182: FutureWarning: The behavior of DataFrame concatenation with empty or all-NA entries is deprecated. In a future version, this will no longer exclude empty or all-NA columns when determining the result dtypes. To retain the old behavior, exclude the relevant entries before the concat operation.
  "controls": pd.concat([oldc, newc], ignore_index=True),
/Users/zhangzc/fable-trading/yoyo/evaluation/spike_high_r_risk_study.py:182: FutureWarning: The behavior of DataFrame concatenation with empty or all-NA entries is deprecated. In a future version, this will no longer exclude empty or all-NA columns when determining the result dtypes. To retain the old behavior, exclude the relevant entries before the concat operation.
  "controls": pd.concat([oldc, newc], ignore_index=True),
/Users/zhangzc/fable-trading/yoyo/evaluation/spike_high_r_risk_study.py:182: FutureWarning: The behavior of DataFrame concatenation with empty or all-NA entries is deprecated. In a future version, this will no longer exclude empty or all-NA columns when determining the result dtypes. To retain the old behavior, exclude the relevant entries before the concat operation.
  "controls": pd.concat([oldc, newc], ignore_index=True),
/Users/zhangzc/fable-trading/yoyo/evaluation/spike_high_r_risk_study.py:181: FutureWarning: The behavior of DataFrame concatenation with empty or all-NA entries is deprecated. In a future version, this will no longer exclude empty or all-NA columns when determining the result dtypes. To retain the old behavior, exclude the relevant entries before the concat operation.
  tables = {"trades": pd.concat([baseline, treatment], ignore_index=True),
/Users/zhangzc/fable-trading/yoyo/evaluation/spike_high_r_risk_study.py:182: FutureWarning: The behavior of DataFrame concatenation with empty or all-NA entries is deprecated. In a future version, this will no longer exclude empty or all-NA columns when determining the result dtypes. To retain the old behavior, exclude the relevant entries before the concat operation.
  "controls": pd.concat([oldc, newc], ignore_index=True),
/Users/zhangzc/fable-trading/yoyo/evaluation/spike_high_r_risk_study.py:183: FutureWarning: The behavior of DataFrame concatenation with empty or all-NA entries is deprecated. In a future version, this will no longer exclude empty or all-NA columns when determining the result dtypes. To retain the old behavior, exclude the relevant entries before the concat operation.
  "fills": pd.concat([tag(bf, "baseline"), tag(tf, "high_r_entry_v21")], ignore_index=True),
/Users/zhangzc/fable-trading/yoyo/evaluation/spike_high_r_risk_study.py:182: FutureWarning: The behavior of DataFrame concatenation with empty or all-NA entries is deprecated. In a future version, this will no longer exclude empty or all-NA columns when determining the result dtypes. To retain the old behavior, exclude the relevant entries before the concat operation.
  "controls": pd.concat([oldc, newc], ignore_index=True),
/Users/zhangzc/fable-trading/yoyo/evaluation/spike_high_r_risk_study.py:182: FutureWarning: The behavior of DataFrame concatenation with empty or all-NA entries is deprecated. In a future version, this will no longer exclude empty or all-NA columns when determining the result dtypes. To retain the old behavior, exclude the relevant entries before the concat operation.
  "controls": pd.concat([oldc, newc], ignore_index=True),
/Users/zhangzc/fable-trading/yoyo/evaluation/spike_high_r_risk_study.py:182: FutureWarning: The behavior of DataFrame concatenation with empty or all-NA entries is deprecated. In a future version, this will no longer exclude empty or all-NA columns when determining the result dtypes. To retain the old behavior, exclude the relevant entries before the concat operation.
  "controls": pd.concat([oldc, newc], ignore_index=True),
/Users/zhangzc/fable-trading/yoyo/evaluation/spike_high_r_risk_study.py:182: FutureWarning: The behavior of DataFrame concatenation with empty or all-NA entries is deprecated. In a future version, this will no longer exclude empty or all-NA columns when determining the result dtypes. To retain the old behavior, exclude the relevant entries before the concat operation.
  "controls": pd.concat([oldc, newc], ignore_index=True),
/Users/zhangzc/fable-trading/yoyo/evaluation/spike_high_r_risk_study.py:182: FutureWarning: The behavior of DataFrame concatenation with empty or all-NA entries is deprecated. In a future version, this will no longer exclude empty or all-NA columns when determining the result dtypes. To retain the old behavior, exclude the relevant entries before the concat operation.
  "controls": pd.concat([oldc, newc], ignore_index=True),
/Users/zhangzc/fable-trading/yoyo/evaluation/spike_high_r_risk_study.py:182: FutureWarning: The behavior of DataFrame concatenation with empty or all-NA entries is deprecated. In a future version, this will no longer exclude empty or all-NA columns when determining the result dtypes. To retain the old behavior, exclude the relevant entries before the concat operation.
  "controls": pd.concat([oldc, newc], ignore_index=True),
/Users/zhangzc/fable-trading/yoyo/evaluation/spike_high_r_risk_study.py:182: FutureWarning: The behavior of DataFrame concatenation with empty or all-NA entries is deprecated. In a future version, this will no longer exclude empty or all-NA columns when determining the result dtypes. To retain the old behavior, exclude the relevant entries before the concat operation.
  "controls": pd.concat([oldc, newc], ignore_index=True),
/Users/zhangzc/fable-trading/yoyo/evaluation/spike_high_r_risk_study.py:182: FutureWarning: The behavior of DataFrame concatenation with empty or all-NA entries is deprecated. In a future version, this will no longer exclude empty or all-NA columns when determining the result dtypes. To retain the old behavior, exclude the relevant entries before the concat operation.
  "controls": pd.concat([oldc, newc], ignore_index=True),
/Users/zhangzc/fable-trading/yoyo/evaluation/spike_high_r_risk_study.py:182: FutureWarning: The behavior of DataFrame concatenation with empty or all-NA entries is deprecated. In a future version, this will no longer exclude empty or all-NA columns when determining the result dtypes. To retain the old behavior, exclude the relevant entries before the concat operation.
  "controls": pd.concat([oldc, newc], ignore_index=True),
/Users/zhangzc/fable-trading/yoyo/evaluation/spike_high_r_risk_study.py:182: FutureWarning: The behavior of DataFrame concatenation with empty or all-NA entries is deprecated. In a future version, this will no longer exclude empty or all-NA columns when determining the result dtypes. To retain the old behavior, exclude the relevant entries before the concat operation.
  "controls": pd.concat([oldc, newc], ignore_index=True),
/Users/zhangzc/fable-trading/yoyo/evaluation/spike_high_r_risk_study.py:182: FutureWarning: The behavior of DataFrame concatenation with empty or all-NA entries is deprecated. In a future version, this will no longer exclude empty or all-NA columns when determining the result dtypes. To retain the old behavior, exclude the relevant entries before the concat operation.
  "controls": pd.concat([oldc, newc], ignore_index=True),
/Users/zhangzc/fable-trading/yoyo/evaluation/spike_high_r_risk_study.py:182: FutureWarning: The behavior of DataFrame concatenation with empty or all-NA entries is deprecated. In a future version, this will no longer exclude empty or all-NA columns when determining the result dtypes. To retain the old behavior, exclude the relevant entries before the concat operation.
  "controls": pd.concat([oldc, newc], ignore_index=True),
/Users/zhangzc/fable-trading/yoyo/evaluation/spike_high_r_risk_study.py:182: FutureWarning: The behavior of DataFrame concatenation with empty or all-NA entries is deprecated. In a future version, this will no longer exclude empty or all-NA columns when determining the result dtypes. To retain the old behavior, exclude the relevant entries before the concat operation.
  "controls": pd.concat([oldc, newc], ignore_index=True),
{"done": 2000, "target": 3531, "failures": 0, "seconds": 137.3}
/Users/zhangzc/fable-trading/yoyo/evaluation/spike_high_r_risk_study.py:182: FutureWarning: The behavior of DataFrame concatenation with empty or all-NA entries is deprecated. In a future version, this will no longer exclude empty or all-NA columns when determining the result dtypes. To retain the old behavior, exclude the relevant entries before the concat operation.
  "controls": pd.concat([oldc, newc], ignore_index=True),
/Users/zhangzc/fable-trading/yoyo/evaluation/spike_high_r_risk_study.py:182: FutureWarning: The behavior of DataFrame concatenation with empty or all-NA entries is deprecated. In a future version, this will no longer exclude empty or all-NA columns when determining the result dtypes. To retain the old behavior, exclude the relevant entries before the concat operation.
  "controls": pd.concat([oldc, newc], ignore_index=True),
/Users/zhangzc/fable-trading/yoyo/evaluation/spike_high_r_risk_study.py:182: FutureWarning: The behavior of DataFrame concatenation with empty or all-NA entries is deprecated. In a future version, this will no longer exclude empty or all-NA columns when determining the result dtypes. To retain the old behavior, exclude the relevant entries before the concat operation.
  "controls": pd.concat([oldc, newc], ignore_index=True),
/Users/zhangzc/fable-trading/yoyo/evaluation/spike_high_r_risk_study.py:182: FutureWarning: The behavior of DataFrame concatenation with empty or all-NA entries is deprecated. In a future version, this will no longer exclude empty or all-NA columns when determining the result dtypes. To retain the old behavior, exclude the relevant entries before the concat operation.
  "controls": pd.concat([oldc, newc], ignore_index=True),
/Users/zhangzc/fable-trading/yoyo/evaluation/spike_high_r_risk_study.py:182: FutureWarning: The behavior of DataFrame concatenation with empty or all-NA entries is deprecated. In a future version, this will no longer exclude empty or all-NA columns when determining the result dtypes. To retain the old behavior, exclude the relevant entries before the concat operation.
  "controls": pd.concat([oldc, newc], ignore_index=True),
/Users/zhangzc/fable-trading/yoyo/evaluation/spike_high_r_risk_study.py:182: FutureWarning: The behavior of DataFrame concatenation with empty or all-NA entries is deprecated. In a future version, this will no longer exclude empty or all-NA columns when determining the result dtypes. To retain the old behavior, exclude the relevant entries before the concat operation.
  "controls": pd.concat([oldc, newc], ignore_index=True),
/Users/zhangzc/fable-trading/yoyo/evaluation/spike_high_r_risk_study.py:182: FutureWarning: The behavior of DataFrame concatenation with empty or all-NA entries is deprecated. In a future version, this will no longer exclude empty or all-NA columns when determining the result dtypes. To retain the old behavior, exclude the relevant entries before the concat operation.
  "controls": pd.concat([oldc, newc], ignore_index=True),
/Users/zhangzc/fable-trading/yoyo/evaluation/spike_high_r_risk_study.py:182: FutureWarning: The behavior of DataFrame concatenation with empty or all-NA entries is deprecated. In a future version, this will no longer exclude empty or all-NA columns when determining the result dtypes. To retain the old behavior, exclude the relevant entries before the concat operation.
  "controls": pd.concat([oldc, newc], ignore_index=True),
/Users/zhangzc/fable-trading/yoyo/evaluation/spike_high_r_risk_study.py:182: FutureWarning: The behavior of DataFrame concatenation with empty or all-NA entries is deprecated. In a future version, this will no longer exclude empty or all-NA columns when determining the result dtypes. To retain the old behavior, exclude the relevant entries before the concat operation.
  "controls": pd.concat([oldc, newc], ignore_index=True),
/Users/zhangzc/fable-trading/yoyo/evaluation/spike_high_r_risk_study.py:182: FutureWarning: The behavior of DataFrame concatenation with empty or all-NA entries is deprecated. In a future version, this will no longer exclude empty or all-NA columns when determining the result dtypes. To retain the old behavior, exclude the relevant entries before the concat operation.
  "controls": pd.concat([oldc, newc], ignore_index=True),
/Users/zhangzc/fable-trading/yoyo/evaluation/spike_high_r_risk_study.py:182: FutureWarning: The behavior of DataFrame concatenation with empty or all-NA entries is deprecated. In a future version, this will no longer exclude empty or all-NA columns when determining the result dtypes. To retain the old behavior, exclude the relevant entries before the concat operation.
  "controls": pd.concat([oldc, newc], ignore_index=True),
/Users/zhangzc/fable-trading/yoyo/evaluation/spike_high_r_risk_study.py:182: FutureWarning: The behavior of DataFrame concatenation with empty or all-NA entries is deprecated. In a future version, this will no longer exclude empty or all-NA columns when determining the result dtypes. To retain the old behavior, exclude the relevant entries before the concat operation.
  "controls": pd.concat([oldc, newc], ignore_index=True),
/Users/zhangzc/fable-trading/yoyo/evaluation/spike_high_r_risk_study.py:182: FutureWarning: The behavior of DataFrame concatenation with empty or all-NA entries is deprecated. In a future version, this will no longer exclude empty or all-NA columns when determining the result dtypes. To retain the old behavior, exclude the relevant entries before the concat operation.
  "controls": pd.concat([oldc, newc], ignore_index=True),
/Users/zhangzc/fable-trading/yoyo/evaluation/spike_high_r_risk_study.py:182: FutureWarning: The behavior of DataFrame concatenation with empty or all-NA entries is deprecated. In a future version, this will no longer exclude empty or all-NA columns when determining the result dtypes. To retain the old behavior, exclude the relevant entries before the concat operation.
  "controls": pd.concat([oldc, newc], ignore_index=True),
/Users/zhangzc/fable-trading/yoyo/evaluation/spike_high_r_risk_study.py:182: FutureWarning: The behavior of DataFrame concatenation with empty or all-NA entries is deprecated. In a future version, this will no longer exclude empty or all-NA columns when determining the result dtypes. To retain the old behavior, exclude the relevant entries before the concat operation.
  "controls": pd.concat([oldc, newc], ignore_index=True),
/Users/zhangzc/fable-trading/yoyo/evaluation/spike_high_r_risk_study.py:182: FutureWarning: The behavior of DataFrame concatenation with empty or all-NA entries is deprecated. In a future version, this will no longer exclude empty or all-NA columns when determining the result dtypes. To retain the old behavior, exclude the relevant entries before the concat operation.
  "controls": pd.concat([oldc, newc], ignore_index=True),
/Users/zhangzc/fable-trading/yoyo/evaluation/spike_high_r_risk_study.py:182: FutureWarning: The behavior of DataFrame concatenation with empty or all-NA entries is deprecated. In a future version, this will no longer exclude empty or all-NA columns when determining the result dtypes. To retain the old behavior, exclude the relevant entries before the concat operation.
  "controls": pd.concat([oldc, newc], ignore_index=True),
/Users/zhangzc/fable-trading/yoyo/evaluation/spike_high_r_risk_study.py:182: FutureWarning: The behavior of DataFrame concatenation with empty or all-NA entries is deprecated. In a future version, this will no longer exclude empty or all-NA columns when determining the result dtypes. To retain the old behavior, exclude the relevant entries before the concat operation.
  "controls": pd.concat([oldc, newc], ignore_index=True),
/Users/zhangzc/fable-trading/yoyo/evaluation/spike_high_r_risk_study.py:182: FutureWarning: The behavior of DataFrame concatenation with empty or all-NA entries is deprecated. In a future version, this will no longer exclude empty or all-NA columns when determining the result dtypes. To retain the old behavior, exclude the relevant entries before the concat operation.
  "controls": pd.concat([oldc, newc], ignore_index=True),
/Users/zhangzc/fable-trading/yoyo/evaluation/spike_high_r_risk_study.py:182: FutureWarning: The behavior of DataFrame concatenation with empty or all-NA entries is deprecated. In a future version, this will no longer exclude empty or all-NA columns when determining the result dtypes. To retain the old behavior, exclude the relevant entries before the concat operation.
  "controls": pd.concat([oldc, newc], ignore_index=True),
/Users/zhangzc/fable-trading/yoyo/evaluation/spike_high_r_risk_study.py:182: FutureWarning: The behavior of DataFrame concatenation with empty or all-NA entries is deprecated. In a future version, this will no longer exclude empty or all-NA columns when determining the result dtypes. To retain the old behavior, exclude the relevant entries before the concat operation.
  "controls": pd.concat([oldc, newc], ignore_index=True),
/Users/zhangzc/fable-trading/yoyo/evaluation/spike_high_r_risk_study.py:182: FutureWarning: The behavior of DataFrame concatenation with empty or all-NA entries is deprecated. In a future version, this will no longer exclude empty or all-NA columns when determining the result dtypes. To retain the old behavior, exclude the relevant entries before the concat operation.
  "controls": pd.concat([oldc, newc], ignore_index=True),
/Users/zhangzc/fable-trading/yoyo/evaluation/spike_high_r_risk_study.py:182: FutureWarning: The behavior of DataFrame concatenation with empty or all-NA entries is deprecated. In a future version, this will no longer exclude empty or all-NA columns when determining the result dtypes. To retain the old behavior, exclude the relevant entries before the concat operation.
  "controls": pd.concat([oldc, newc], ignore_index=True),
/Users/zhangzc/fable-trading/yoyo/evaluation/spike_high_r_risk_study.py:182: FutureWarning: The behavior of DataFrame concatenation with empty or all-NA entries is deprecated. In a future version, this will no longer exclude empty or all-NA columns when determining the result dtypes. To retain the old behavior, exclude the relevant entries before the concat operation.
  "controls": pd.concat([oldc, newc], ignore_index=True),
/Users/zhangzc/fable-trading/yoyo/evaluation/spike_high_r_risk_study.py:182: FutureWarning: The behavior of DataFrame concatenation with empty or all-NA entries is deprecated. In a future version, this will no longer exclude empty or all-NA columns when determining the result dtypes. To retain the old behavior, exclude the relevant entries before the concat operation.
  "controls": pd.concat([oldc, newc], ignore_index=True),
/Users/zhangzc/fable-trading/yoyo/evaluation/spike_high_r_risk_study.py:182: FutureWarning: The behavior of DataFrame concatenation with empty or all-NA entries is deprecated. In a future version, this will no longer exclude empty or all-NA columns when determining the result dtypes. To retain the old behavior, exclude the relevant entries before the concat operation.
  "controls": pd.concat([oldc, newc], ignore_index=True),
/Users/zhangzc/fable-trading/yoyo/evaluation/spike_high_r_risk_study.py:182: FutureWarning: The behavior of DataFrame concatenation with empty or all-NA entries is deprecated. In a future version, this will no longer exclude empty or all-NA columns when determining the result dtypes. To retain the old behavior, exclude the relevant entries before the concat operation.
  "controls": pd.concat([oldc, newc], ignore_index=True),
/Users/zhangzc/fable-trading/yoyo/evaluation/spike_high_r_risk_study.py:182: FutureWarning: The behavior of DataFrame concatenation with empty or all-NA entries is deprecated. In a future version, this will no longer exclude empty or all-NA columns when determining the result dtypes. To retain the old behavior, exclude the relevant entries before the concat operation.
  "controls": pd.concat([oldc, newc], ignore_index=True),
/Users/zhangzc/fable-trading/yoyo/evaluation/spike_high_r_risk_study.py:182: FutureWarning: The behavior of DataFrame concatenation with empty or all-NA entries is deprecated. In a future version, this will no longer exclude empty or all-NA columns when determining the result dtypes. To retain the old behavior, exclude the relevant entries before the concat operation.
  "controls": pd.concat([oldc, newc], ignore_index=True),
{"done": 2050, "target": 3531, "failures": 0, "seconds": 139.4}
/Users/zhangzc/fable-trading/yoyo/evaluation/spike_high_r_risk_study.py:182: FutureWarning: The behavior of DataFrame concatenation with empty or all-NA entries is deprecated. In a future version, this will no longer exclude empty or all-NA columns when determining the result dtypes. To retain the old behavior, exclude the relevant entries before the concat operation.
  "controls": pd.concat([oldc, newc], ignore_index=True),
/Users/zhangzc/fable-trading/yoyo/evaluation/spike_high_r_risk_study.py:182: FutureWarning: The behavior of DataFrame concatenation with empty or all-NA entries is deprecated. In a future version, this will no longer exclude empty or all-NA columns when determining the result dtypes. To retain the old behavior, exclude the relevant entries before the concat operation.
  "controls": pd.concat([oldc, newc], ignore_index=True),
/Users/zhangzc/fable-trading/yoyo/evaluation/spike_high_r_risk_study.py:182: FutureWarning: The behavior of DataFrame concatenation with empty or all-NA entries is deprecated. In a future version, this will no longer exclude empty or all-NA columns when determining the result dtypes. To retain the old behavior, exclude the relevant entries before the concat operation.
  "controls": pd.concat([oldc, newc], ignore_index=True),
/Users/zhangzc/fable-trading/yoyo/evaluation/spike_high_r_risk_study.py:182: FutureWarning: The behavior of DataFrame concatenation with empty or all-NA entries is deprecated. In a future version, this will no longer exclude empty or all-NA columns when determining the result dtypes. To retain the old behavior, exclude the relevant entries before the concat operation.
  "controls": pd.concat([oldc, newc], ignore_index=True),
/Users/zhangzc/fable-trading/yoyo/evaluation/spike_high_r_risk_study.py:182: FutureWarning: The behavior of DataFrame concatenation with empty or all-NA entries is deprecated. In a future version, this will no longer exclude empty or all-NA columns when determining the result dtypes. To retain the old behavior, exclude the relevant entries before the concat operation.
  "controls": pd.concat([oldc, newc], ignore_index=True),
/Users/zhangzc/fable-trading/yoyo/evaluation/spike_high_r_risk_study.py:182: FutureWarning: The behavior of DataFrame concatenation with empty or all-NA entries is deprecated. In a future version, this will no longer exclude empty or all-NA columns when determining the result dtypes. To retain the old behavior, exclude the relevant entries before the concat operation.
  "controls": pd.concat([oldc, newc], ignore_index=True),
/Users/zhangzc/fable-trading/yoyo/evaluation/spike_high_r_risk_study.py:182: FutureWarning: The behavior of DataFrame concatenation with empty or all-NA entries is deprecated. In a future version, this will no longer exclude empty or all-NA columns when determining the result dtypes. To retain the old behavior, exclude the relevant entries before the concat operation.
  "controls": pd.concat([oldc, newc], ignore_index=True),
/Users/zhangzc/fable-trading/yoyo/evaluation/spike_high_r_risk_study.py:182: FutureWarning: The behavior of DataFrame concatenation with empty or all-NA entries is deprecated. In a future version, this will no longer exclude empty or all-NA columns when determining the result dtypes. To retain the old behavior, exclude the relevant entries before the concat operation.
  "controls": pd.concat([oldc, newc], ignore_index=True),
/Users/zhangzc/fable-trading/yoyo/evaluation/spike_high_r_risk_study.py:182: FutureWarning: The behavior of DataFrame concatenation with empty or all-NA entries is deprecated. In a future version, this will no longer exclude empty or all-NA columns when determining the result dtypes. To retain the old behavior, exclude the relevant entries before the concat operation.
  "controls": pd.concat([oldc, newc], ignore_index=True),
/Users/zhangzc/fable-trading/yoyo/evaluation/spike_high_r_risk_study.py:182: FutureWarning: The behavior of DataFrame concatenation with empty or all-NA entries is deprecated. In a future version, this will no longer exclude empty or all-NA columns when determining the result dtypes. To retain the old behavior, exclude the relevant entries before the concat operation.
  "controls": pd.concat([oldc, newc], ignore_index=True),
/Users/zhangzc/fable-trading/yoyo/evaluation/spike_high_r_risk_study.py:182: FutureWarning: The behavior of DataFrame concatenation with empty or all-NA entries is deprecated. In a future version, this will no longer exclude empty or all-NA columns when determining the result dtypes. To retain the old behavior, exclude the relevant entries before the concat operation.
  "controls": pd.concat([oldc, newc], ignore_index=True),
/Users/zhangzc/fable-trading/yoyo/evaluation/spike_high_r_risk_study.py:182: FutureWarning: The behavior of DataFrame concatenation with empty or all-NA entries is deprecated. In a future version, this will no longer exclude empty or all-NA columns when determining the result dtypes. To retain the old behavior, exclude the relevant entries before the concat operation.
  "controls": pd.concat([oldc, newc], ignore_index=True),
/Users/zhangzc/fable-trading/yoyo/evaluation/spike_high_r_risk_study.py:182: FutureWarning: The behavior of DataFrame concatenation with empty or all-NA entries is deprecated. In a future version, this will no longer exclude empty or all-NA columns when determining the result dtypes. To retain the old behavior, exclude the relevant entries before the concat operation.
  "controls": pd.concat([oldc, newc], ignore_index=True),
/Users/zhangzc/fable-trading/yoyo/evaluation/spike_high_r_risk_study.py:182: FutureWarning: The behavior of DataFrame concatenation with empty or all-NA entries is deprecated. In a future version, this will no longer exclude empty or all-NA columns when determining the result dtypes. To retain the old behavior, exclude the relevant entries before the concat operation.
  "controls": pd.concat([oldc, newc], ignore_index=True),
/Users/zhangzc/fable-trading/yoyo/evaluation/spike_high_r_risk_study.py:181: FutureWarning: The behavior of DataFrame concatenation with empty or all-NA entries is deprecated. In a future version, this will no longer exclude empty or all-NA columns when determining the result dtypes. To retain the old behavior, exclude the relevant entries before the concat operation.
  tables = {"trades": pd.concat([baseline, treatment], ignore_index=True),
/Users/zhangzc/fable-trading/yoyo/evaluation/spike_high_r_risk_study.py:182: FutureWarning: The behavior of DataFrame concatenation with empty or all-NA entries is deprecated. In a future version, this will no longer exclude empty or all-NA columns when determining the result dtypes. To retain the old behavior, exclude the relevant entries before the concat operation.
  "controls": pd.concat([oldc, newc], ignore_index=True),
/Users/zhangzc/fable-trading/yoyo/evaluation/spike_high_r_risk_study.py:183: FutureWarning: The behavior of DataFrame concatenation with empty or all-NA entries is deprecated. In a future version, this will no longer exclude empty or all-NA columns when determining the result dtypes. To retain the old behavior, exclude the relevant entries before the concat operation.
  "fills": pd.concat([tag(bf, "baseline"), tag(tf, "high_r_entry_v21")], ignore_index=True),
/Users/zhangzc/fable-trading/yoyo/evaluation/spike_high_r_risk_study.py:182: FutureWarning: The behavior of DataFrame concatenation with empty or all-NA entries is deprecated. In a future version, this will no longer exclude empty or all-NA columns when determining the result dtypes. To retain the old behavior, exclude the relevant entries before the concat operation.
  "controls": pd.concat([oldc, newc], ignore_index=True),
/Users/zhangzc/fable-trading/yoyo/evaluation/spike_high_r_risk_study.py:182: FutureWarning: The behavior of DataFrame concatenation with empty or all-NA entries is deprecated. In a future version, this will no longer exclude empty or all-NA columns when determining the result dtypes. To retain the old behavior, exclude the relevant entries before the concat operation.
  "controls": pd.concat([oldc, newc], ignore_index=True),
/Users/zhangzc/fable-trading/yoyo/evaluation/spike_high_r_risk_study.py:182: FutureWarning: The behavior of DataFrame concatenation with empty or all-NA entries is deprecated. In a future version, this will no longer exclude empty or all-NA columns when determining the result dtypes. To retain the old behavior, exclude the relevant entries before the concat operation.
  "controls": pd.concat([oldc, newc], ignore_index=True),
/Users/zhangzc/fable-trading/yoyo/evaluation/spike_high_r_risk_study.py:182: FutureWarning: The behavior of DataFrame concatenation with empty or all-NA entries is deprecated. In a future version, this will no longer exclude empty or all-NA columns when determining the result dtypes. To retain the old behavior, exclude the relevant entries before the concat operation.
  "controls": pd.concat([oldc, newc], ignore_index=True),
/Users/zhangzc/fable-trading/yoyo/evaluation/spike_high_r_risk_study.py:182: FutureWarning: The behavior of DataFrame concatenation with empty or all-NA entries is deprecated. In a future version, this will no longer exclude empty or all-NA columns when determining the result dtypes. To retain the old behavior, exclude the relevant entries before the concat operation.
  "controls": pd.concat([oldc, newc], ignore_index=True),
/Users/zhangzc/fable-trading/yoyo/evaluation/spike_high_r_risk_study.py:182: FutureWarning: The behavior of DataFrame concatenation with empty or all-NA entries is deprecated. In a future version, this will no longer exclude empty or all-NA columns when determining the result dtypes. To retain the old behavior, exclude the relevant entries before the concat operation.
  "controls": pd.concat([oldc, newc], ignore_index=True),
/Users/zhangzc/fable-trading/yoyo/evaluation/spike_high_r_risk_study.py:182: FutureWarning: The behavior of DataFrame concatenation with empty or all-NA entries is deprecated. In a future version, this will no longer exclude empty or all-NA columns when determining the result dtypes. To retain the old behavior, exclude the relevant entries before the concat operation.
  "controls": pd.concat([oldc, newc], ignore_index=True),
/Users/zhangzc/fable-trading/yoyo/evaluation/spike_high_r_risk_study.py:182: FutureWarning: The behavior of DataFrame concatenation with empty or all-NA entries is deprecated. In a future version, this will no longer exclude empty or all-NA columns when determining the result dtypes. To retain the old behavior, exclude the relevant entries before the concat operation.
  "controls": pd.concat([oldc, newc], ignore_index=True),
/Users/zhangzc/fable-trading/yoyo/evaluation/spike_high_r_risk_study.py:182: FutureWarning: The behavior of DataFrame concatenation with empty or all-NA entries is deprecated. In a future version, this will no longer exclude empty or all-NA columns when determining the result dtypes. To retain the old behavior, exclude the relevant entries before the concat operation.
  "controls": pd.concat([oldc, newc], ignore_index=True),
{"done": 2100, "target": 3531, "failures": 0, "seconds": 141.7}
/Users/zhangzc/fable-trading/yoyo/evaluation/spike_high_r_risk_study.py:182: FutureWarning: The behavior of DataFrame concatenation with empty or all-NA entries is deprecated. In a future version, this will no longer exclude empty or all-NA columns when determining the result dtypes. To retain the old behavior, exclude the relevant entries before the concat operation.
  "controls": pd.concat([oldc, newc], ignore_index=True),
/Users/zhangzc/fable-trading/yoyo/evaluation/spike_high_r_risk_study.py:182: FutureWarning: The behavior of DataFrame concatenation with empty or all-NA entries is deprecated. In a future version, this will no longer exclude empty or all-NA columns when determining the result dtypes. To retain the old behavior, exclude the relevant entries before the concat operation.
  "controls": pd.concat([oldc, newc], ignore_index=True),
/Users/zhangzc/fable-trading/yoyo/evaluation/spike_high_r_risk_study.py:182: FutureWarning: The behavior of DataFrame concatenation with empty or all-NA entries is deprecated. In a future version, this will no longer exclude empty or all-NA columns when determining the result dtypes. To retain the old behavior, exclude the relevant entries before the concat operation.
  "controls": pd.concat([oldc, newc], ignore_index=True),
/Users/zhangzc/fable-trading/yoyo/evaluation/spike_high_r_risk_study.py:182: FutureWarning: The behavior of DataFrame concatenation with empty or all-NA entries is deprecated. In a future version, this will no longer exclude empty or all-NA columns when determining the result dtypes. To retain the old behavior, exclude the relevant entries before the concat operation.
  "controls": pd.concat([oldc, newc], ignore_index=True),
/Users/zhangzc/fable-trading/yoyo/evaluation/spike_high_r_risk_study.py:182: FutureWarning: The behavior of DataFrame concatenation with empty or all-NA entries is deprecated. In a future version, this will no longer exclude empty or all-NA columns when determining the result dtypes. To retain the old behavior, exclude the relevant entries before the concat operation.
  "controls": pd.concat([oldc, newc], ignore_index=True),
/Users/zhangzc/fable-trading/yoyo/evaluation/spike_high_r_risk_study.py:182: FutureWarning: The behavior of DataFrame concatenation with empty or all-NA entries is deprecated. In a future version, this will no longer exclude empty or all-NA columns when determining the result dtypes. To retain the old behavior, exclude the relevant entries before the concat operation.
  "controls": pd.concat([oldc, newc], ignore_index=True),
/Users/zhangzc/fable-trading/yoyo/evaluation/spike_high_r_risk_study.py:182: FutureWarning: The behavior of DataFrame concatenation with empty or all-NA entries is deprecated. In a future version, this will no longer exclude empty or all-NA columns when determining the result dtypes. To retain the old behavior, exclude the relevant entries before the concat operation.
  "controls": pd.concat([oldc, newc], ignore_index=True),
/Users/zhangzc/fable-trading/yoyo/evaluation/spike_high_r_risk_study.py:182: FutureWarning: The behavior of DataFrame concatenation with empty or all-NA entries is deprecated. In a future version, this will no longer exclude empty or all-NA columns when determining the result dtypes. To retain the old behavior, exclude the relevant entries before the concat operation.
  "controls": pd.concat([oldc, newc], ignore_index=True),
/Users/zhangzc/fable-trading/yoyo/evaluation/spike_high_r_risk_study.py:182: FutureWarning: The behavior of DataFrame concatenation with empty or all-NA entries is deprecated. In a future version, this will no longer exclude empty or all-NA columns when determining the result dtypes. To retain the old behavior, exclude the relevant entries before the concat operation.
  "controls": pd.concat([oldc, newc], ignore_index=True),
/Users/zhangzc/fable-trading/yoyo/evaluation/spike_high_r_risk_study.py:182: FutureWarning: The behavior of DataFrame concatenation with empty or all-NA entries is deprecated. In a future version, this will no longer exclude empty or all-NA columns when determining the result dtypes. To retain the old behavior, exclude the relevant entries before the concat operation.
  "controls": pd.concat([oldc, newc], ignore_index=True),
/Users/zhangzc/fable-trading/yoyo/evaluation/spike_high_r_risk_study.py:182: FutureWarning: The behavior of DataFrame concatenation with empty or all-NA entries is deprecated. In a future version, this will no longer exclude empty or all-NA columns when determining the result dtypes. To retain the old behavior, exclude the relevant entries before the concat operation.
  "controls": pd.concat([oldc, newc], ignore_index=True),
/Users/zhangzc/fable-trading/yoyo/evaluation/spike_high_r_risk_study.py:182: FutureWarning: The behavior of DataFrame concatenation with empty or all-NA entries is deprecated. In a future version, this will no longer exclude empty or all-NA columns when determining the result dtypes. To retain the old behavior, exclude the relevant entries before the concat operation.
  "controls": pd.concat([oldc, newc], ignore_index=True),
/Users/zhangzc/fable-trading/yoyo/evaluation/spike_high_r_risk_study.py:182: FutureWarning: The behavior of DataFrame concatenation with empty or all-NA entries is deprecated. In a future version, this will no longer exclude empty or all-NA columns when determining the result dtypes. To retain the old behavior, exclude the relevant entries before the concat operation.
  "controls": pd.concat([oldc, newc], ignore_index=True),
/Users/zhangzc/fable-trading/yoyo/evaluation/spike_high_r_risk_study.py:182: FutureWarning: The behavior of DataFrame concatenation with empty or all-NA entries is deprecated. In a future version, this will no longer exclude empty or all-NA columns when determining the result dtypes. To retain the old behavior, exclude the relevant entries before the concat operation.
  "controls": pd.concat([oldc, newc], ignore_index=True),
/Users/zhangzc/fable-trading/yoyo/evaluation/spike_high_r_risk_study.py:182: FutureWarning: The behavior of DataFrame concatenation with empty or all-NA entries is deprecated. In a future version, this will no longer exclude empty or all-NA columns when determining the result dtypes. To retain the old behavior, exclude the relevant entries before the concat operation.
  "controls": pd.concat([oldc, newc], ignore_index=True),
/Users/zhangzc/fable-trading/yoyo/evaluation/spike_high_r_risk_study.py:181: FutureWarning: The behavior of DataFrame concatenation with empty or all-NA entries is deprecated. In a future version, this will no longer exclude empty or all-NA columns when determining the result dtypes. To retain the old behavior, exclude the relevant entries before the concat operation.
  tables = {"trades": pd.concat([baseline, treatment], ignore_index=True),
/Users/zhangzc/fable-trading/yoyo/evaluation/spike_high_r_risk_study.py:182: FutureWarning: The behavior of DataFrame concatenation with empty or all-NA entries is deprecated. In a future version, this will no longer exclude empty or all-NA columns when determining the result dtypes. To retain the old behavior, exclude the relevant entries before the concat operation.
  "controls": pd.concat([oldc, newc], ignore_index=True),
/Users/zhangzc/fable-trading/yoyo/evaluation/spike_high_r_risk_study.py:183: FutureWarning: The behavior of DataFrame concatenation with empty or all-NA entries is deprecated. In a future version, this will no longer exclude empty or all-NA columns when determining the result dtypes. To retain the old behavior, exclude the relevant entries before the concat operation.
  "fills": pd.concat([tag(bf, "baseline"), tag(tf, "high_r_entry_v21")], ignore_index=True),
/Users/zhangzc/fable-trading/yoyo/evaluation/spike_high_r_risk_study.py:182: FutureWarning: The behavior of DataFrame concatenation with empty or all-NA entries is deprecated. In a future version, this will no longer exclude empty or all-NA columns when determining the result dtypes. To retain the old behavior, exclude the relevant entries before the concat operation.
  "controls": pd.concat([oldc, newc], ignore_index=True),
/Users/zhangzc/fable-trading/yoyo/evaluation/spike_high_r_risk_study.py:181: FutureWarning: The behavior of DataFrame concatenation with empty or all-NA entries is deprecated. In a future version, this will no longer exclude empty or all-NA columns when determining the result dtypes. To retain the old behavior, exclude the relevant entries before the concat operation.
  tables = {"trades": pd.concat([baseline, treatment], ignore_index=True),
/Users/zhangzc/fable-trading/yoyo/evaluation/spike_high_r_risk_study.py:182: FutureWarning: The behavior of DataFrame concatenation with empty or all-NA entries is deprecated. In a future version, this will no longer exclude empty or all-NA columns when determining the result dtypes. To retain the old behavior, exclude the relevant entries before the concat operation.
  "controls": pd.concat([oldc, newc], ignore_index=True),
/Users/zhangzc/fable-trading/yoyo/evaluation/spike_high_r_risk_study.py:183: FutureWarning: The behavior of DataFrame concatenation with empty or all-NA entries is deprecated. In a future version, this will no longer exclude empty or all-NA columns when determining the result dtypes. To retain the old behavior, exclude the relevant entries before the concat operation.
  "fills": pd.concat([tag(bf, "baseline"), tag(tf, "high_r_entry_v21")], ignore_index=True),
/Users/zhangzc/fable-trading/yoyo/evaluation/spike_high_r_risk_study.py:182: FutureWarning: The behavior of DataFrame concatenation with empty or all-NA entries is deprecated. In a future version, this will no longer exclude empty or all-NA columns when determining the result dtypes. To retain the old behavior, exclude the relevant entries before the concat operation.
  "controls": pd.concat([oldc, newc], ignore_index=True),
/Users/zhangzc/fable-trading/yoyo/evaluation/spike_high_r_risk_study.py:182: FutureWarning: The behavior of DataFrame concatenation with empty or all-NA entries is deprecated. In a future version, this will no longer exclude empty or all-NA columns when determining the result dtypes. To retain the old behavior, exclude the relevant entries before the concat operation.
  "controls": pd.concat([oldc, newc], ignore_index=True),
/Users/zhangzc/fable-trading/yoyo/evaluation/spike_high_r_risk_study.py:182: FutureWarning: The behavior of DataFrame concatenation with empty or all-NA entries is deprecated. In a future version, this will no longer exclude empty or all-NA columns when determining the result dtypes. To retain the old behavior, exclude the relevant entries before the concat operation.
  "controls": pd.concat([oldc, newc], ignore_index=True),
/Users/zhangzc/fable-trading/yoyo/evaluation/spike_high_r_risk_study.py:182: FutureWarning: The behavior of DataFrame concatenation with empty or all-NA entries is deprecated. In a future version, this will no longer exclude empty or all-NA columns when determining the result dtypes. To retain the old behavior, exclude the relevant entries before the concat operation.
  "controls": pd.concat([oldc, newc], ignore_index=True),
/Users/zhangzc/fable-trading/yoyo/evaluation/spike_high_r_risk_study.py:182: FutureWarning: The behavior of DataFrame concatenation with empty or all-NA entries is deprecated. In a future version, this will no longer exclude empty or all-NA columns when determining the result dtypes. To retain the old behavior, exclude the relevant entries before the concat operation.
  "controls": pd.concat([oldc, newc], ignore_index=True),
/Users/zhangzc/fable-trading/yoyo/evaluation/spike_high_r_risk_study.py:182: FutureWarning: The behavior of DataFrame concatenation with empty or all-NA entries is deprecated. In a future version, this will no longer exclude empty or all-NA columns when determining the result dtypes. To retain the old behavior, exclude the relevant entries before the concat operation.
  "controls": pd.concat([oldc, newc], ignore_index=True),
/Users/zhangzc/fable-trading/yoyo/evaluation/spike_high_r_risk_study.py:182: FutureWarning: The behavior of DataFrame concatenation with empty or all-NA entries is deprecated. In a future version, this will no longer exclude empty or all-NA columns when determining the result dtypes. To retain the old behavior, exclude the relevant entries before the concat operation.
  "controls": pd.concat([oldc, newc], ignore_index=True),
/Users/zhangzc/fable-trading/yoyo/evaluation/spike_high_r_risk_study.py:182: FutureWarning: The behavior of DataFrame concatenation with empty or all-NA entries is deprecated. In a future version, this will no longer exclude empty or all-NA columns when determining the result dtypes. To retain the old behavior, exclude the relevant entries before the concat operation.
  "controls": pd.concat([oldc, newc], ignore_index=True),
/Users/zhangzc/fable-trading/yoyo/evaluation/spike_high_r_risk_study.py:182: FutureWarning: The behavior of DataFrame concatenation with empty or all-NA entries is deprecated. In a future version, this will no longer exclude empty or all-NA columns when determining the result dtypes. To retain the old behavior, exclude the relevant entries before the concat operation.
  "controls": pd.concat([oldc, newc], ignore_index=True),
{"done": 2150, "target": 3531, "failures": 0, "seconds": 143.8}
/Users/zhangzc/fable-trading/yoyo/evaluation/spike_high_r_risk_study.py:182: FutureWarning: The behavior of DataFrame concatenation with empty or all-NA entries is deprecated. In a future version, this will no longer exclude empty or all-NA columns when determining the result dtypes. To retain the old behavior, exclude the relevant entries before the concat operation.
  "controls": pd.concat([oldc, newc], ignore_index=True),
/Users/zhangzc/fable-trading/yoyo/evaluation/spike_high_r_risk_study.py:182: FutureWarning: The behavior of DataFrame concatenation with empty or all-NA entries is deprecated. In a future version, this will no longer exclude empty or all-NA columns when determining the result dtypes. To retain the old behavior, exclude the relevant entries before the concat operation.
  "controls": pd.concat([oldc, newc], ignore_index=True),
/Users/zhangzc/fable-trading/yoyo/evaluation/spike_high_r_risk_study.py:182: FutureWarning: The behavior of DataFrame concatenation with empty or all-NA entries is deprecated. In a future version, this will no longer exclude empty or all-NA columns when determining the result dtypes. To retain the old behavior, exclude the relevant entries before the concat operation.
  "controls": pd.concat([oldc, newc], ignore_index=True),
/Users/zhangzc/fable-trading/yoyo/evaluation/spike_high_r_risk_study.py:182: FutureWarning: The behavior of DataFrame concatenation with empty or all-NA entries is deprecated. In a future version, this will no longer exclude empty or all-NA columns when determining the result dtypes. To retain the old behavior, exclude the relevant entries before the concat operation.
  "controls": pd.concat([oldc, newc], ignore_index=True),
/Users/zhangzc/fable-trading/yoyo/evaluation/spike_high_r_risk_study.py:182: FutureWarning: The behavior of DataFrame concatenation with empty or all-NA entries is deprecated. In a future version, this will no longer exclude empty or all-NA columns when determining the result dtypes. To retain the old behavior, exclude the relevant entries before the concat operation.
  "controls": pd.concat([oldc, newc], ignore_index=True),
/Users/zhangzc/fable-trading/yoyo/evaluation/spike_high_r_risk_study.py:182: FutureWarning: The behavior of DataFrame concatenation with empty or all-NA entries is deprecated. In a future version, this will no longer exclude empty or all-NA columns when determining the result dtypes. To retain the old behavior, exclude the relevant entries before the concat operation.
  "controls": pd.concat([oldc, newc], ignore_index=True),
/Users/zhangzc/fable-trading/yoyo/evaluation/spike_high_r_risk_study.py:182: FutureWarning: The behavior of DataFrame concatenation with empty or all-NA entries is deprecated. In a future version, this will no longer exclude empty or all-NA columns when determining the result dtypes. To retain the old behavior, exclude the relevant entries before the concat operation.
  "controls": pd.concat([oldc, newc], ignore_index=True),
/Users/zhangzc/fable-trading/yoyo/evaluation/spike_high_r_risk_study.py:182: FutureWarning: The behavior of DataFrame concatenation with empty or all-NA entries is deprecated. In a future version, this will no longer exclude empty or all-NA columns when determining the result dtypes. To retain the old behavior, exclude the relevant entries before the concat operation.
  "controls": pd.concat([oldc, newc], ignore_index=True),
/Users/zhangzc/fable-trading/yoyo/evaluation/spike_high_r_risk_study.py:182: FutureWarning: The behavior of DataFrame concatenation with empty or all-NA entries is deprecated. In a future version, this will no longer exclude empty or all-NA columns when determining the result dtypes. To retain the old behavior, exclude the relevant entries before the concat operation.
  "controls": pd.concat([oldc, newc], ignore_index=True),
/Users/zhangzc/fable-trading/yoyo/evaluation/spike_high_r_risk_study.py:182: FutureWarning: The behavior of DataFrame concatenation with empty or all-NA entries is deprecated. In a future version, this will no longer exclude empty or all-NA columns when determining the result dtypes. To retain the old behavior, exclude the relevant entries before the concat operation.
  "controls": pd.concat([oldc, newc], ignore_index=True),
/Users/zhangzc/fable-trading/yoyo/evaluation/spike_high_r_risk_study.py:182: FutureWarning: The behavior of DataFrame concatenation with empty or all-NA entries is deprecated. In a future version, this will no longer exclude empty or all-NA columns when determining the result dtypes. To retain the old behavior, exclude the relevant entries before the concat operation.
  "controls": pd.concat([oldc, newc], ignore_index=True),
/Users/zhangzc/fable-trading/yoyo/evaluation/spike_high_r_risk_study.py:182: FutureWarning: The behavior of DataFrame concatenation with empty or all-NA entries is deprecated. In a future version, this will no longer exclude empty or all-NA columns when determining the result dtypes. To retain the old behavior, exclude the relevant entries before the concat operation.
  "controls": pd.concat([oldc, newc], ignore_index=True),
/Users/zhangzc/fable-trading/yoyo/evaluation/spike_high_r_risk_study.py:182: FutureWarning: The behavior of DataFrame concatenation with empty or all-NA entries is deprecated. In a future version, this will no longer exclude empty or all-NA columns when determining the result dtypes. To retain the old behavior, exclude the relevant entries before the concat operation.
  "controls": pd.concat([oldc, newc], ignore_index=True),
/Users/zhangzc/fable-trading/yoyo/evaluation/spike_high_r_risk_study.py:182: FutureWarning: The behavior of DataFrame concatenation with empty or all-NA entries is deprecated. In a future version, this will no longer exclude empty or all-NA columns when determining the result dtypes. To retain the old behavior, exclude the relevant entries before the concat operation.
  "controls": pd.concat([oldc, newc], ignore_index=True),
/Users/zhangzc/fable-trading/yoyo/evaluation/spike_high_r_risk_study.py:182: FutureWarning: The behavior of DataFrame concatenation with empty or all-NA entries is deprecated. In a future version, this will no longer exclude empty or all-NA columns when determining the result dtypes. To retain the old behavior, exclude the relevant entries before the concat operation.
  "controls": pd.concat([oldc, newc], ignore_index=True),
/Users/zhangzc/fable-trading/yoyo/evaluation/spike_high_r_risk_study.py:182: FutureWarning: The behavior of DataFrame concatenation with empty or all-NA entries is deprecated. In a future version, this will no longer exclude empty or all-NA columns when determining the result dtypes. To retain the old behavior, exclude the relevant entries before the concat operation.
  "controls": pd.concat([oldc, newc], ignore_index=True),
/Users/zhangzc/fable-trading/yoyo/evaluation/spike_high_r_risk_study.py:182: FutureWarning: The behavior of DataFrame concatenation with empty or all-NA entries is deprecated. In a future version, this will no longer exclude empty or all-NA columns when determining the result dtypes. To retain the old behavior, exclude the relevant entries before the concat operation.
  "controls": pd.concat([oldc, newc], ignore_index=True),
/Users/zhangzc/fable-trading/yoyo/evaluation/spike_high_r_risk_study.py:182: FutureWarning: The behavior of DataFrame concatenation with empty or all-NA entries is deprecated. In a future version, this will no longer exclude empty or all-NA columns when determining the result dtypes. To retain the old behavior, exclude the relevant entries before the concat operation.
  "controls": pd.concat([oldc, newc], ignore_index=True),
/Users/zhangzc/fable-trading/yoyo/evaluation/spike_high_r_risk_study.py:182: FutureWarning: The behavior of DataFrame concatenation with empty or all-NA entries is deprecated. In a future version, this will no longer exclude empty or all-NA columns when determining the result dtypes. To retain the old behavior, exclude the relevant entries before the concat operation.
  "controls": pd.concat([oldc, newc], ignore_index=True),
/Users/zhangzc/fable-trading/yoyo/evaluation/spike_high_r_risk_study.py:182: FutureWarning: The behavior of DataFrame concatenation with empty or all-NA entries is deprecated. In a future version, this will no longer exclude empty or all-NA columns when determining the result dtypes. To retain the old behavior, exclude the relevant entries before the concat operation.
  "controls": pd.concat([oldc, newc], ignore_index=True),
/Users/zhangzc/fable-trading/yoyo/evaluation/spike_high_r_risk_study.py:182: FutureWarning: The behavior of DataFrame concatenation with empty or all-NA entries is deprecated. In a future version, this will no longer exclude empty or all-NA columns when determining the result dtypes. To retain the old behavior, exclude the relevant entries before the concat operation.
  "controls": pd.concat([oldc, newc], ignore_index=True),
/Users/zhangzc/fable-trading/yoyo/evaluation/spike_high_r_risk_study.py:182: FutureWarning: The behavior of DataFrame concatenation with empty or all-NA entries is deprecated. In a future version, this will no longer exclude empty or all-NA columns when determining the result dtypes. To retain the old behavior, exclude the relevant entries before the concat operation.
  "controls": pd.concat([oldc, newc], ignore_index=True),
/Users/zhangzc/fable-trading/yoyo/evaluation/spike_high_r_risk_study.py:181: FutureWarning: The behavior of DataFrame concatenation with empty or all-NA entries is deprecated. In a future version, this will no longer exclude empty or all-NA columns when determining the result dtypes. To retain the old behavior, exclude the relevant entries before the concat operation.
  tables = {"trades": pd.concat([baseline, treatment], ignore_index=True),
/Users/zhangzc/fable-trading/yoyo/evaluation/spike_high_r_risk_study.py:182: FutureWarning: The behavior of DataFrame concatenation with empty or all-NA entries is deprecated. In a future version, this will no longer exclude empty or all-NA columns when determining the result dtypes. To retain the old behavior, exclude the relevant entries before the concat operation.
  "controls": pd.concat([oldc, newc], ignore_index=True),
/Users/zhangzc/fable-trading/yoyo/evaluation/spike_high_r_risk_study.py:183: FutureWarning: The behavior of DataFrame concatenation with empty or all-NA entries is deprecated. In a future version, this will no longer exclude empty or all-NA columns when determining the result dtypes. To retain the old behavior, exclude the relevant entries before the concat operation.
  "fills": pd.concat([tag(bf, "baseline"), tag(tf, "high_r_entry_v21")], ignore_index=True),
/Users/zhangzc/fable-trading/yoyo/evaluation/spike_high_r_risk_study.py:182: FutureWarning: The behavior of DataFrame concatenation with empty or all-NA entries is deprecated. In a future version, this will no longer exclude empty or all-NA columns when determining the result dtypes. To retain the old behavior, exclude the relevant entries before the concat operation.
  "controls": pd.concat([oldc, newc], ignore_index=True),
/Users/zhangzc/fable-trading/yoyo/evaluation/spike_high_r_risk_study.py:182: FutureWarning: The behavior of DataFrame concatenation with empty or all-NA entries is deprecated. In a future version, this will no longer exclude empty or all-NA columns when determining the result dtypes. To retain the old behavior, exclude the relevant entries before the concat operation.
  "controls": pd.concat([oldc, newc], ignore_index=True),
/Users/zhangzc/fable-trading/yoyo/evaluation/spike_high_r_risk_study.py:182: FutureWarning: The behavior of DataFrame concatenation with empty or all-NA entries is deprecated. In a future version, this will no longer exclude empty or all-NA columns when determining the result dtypes. To retain the old behavior, exclude the relevant entries before the concat operation.
  "controls": pd.concat([oldc, newc], ignore_index=True),
{"done": 2200, "target": 3531, "failures": 0, "seconds": 146.0}
/Users/zhangzc/fable-trading/yoyo/evaluation/spike_high_r_risk_study.py:182: FutureWarning: The behavior of DataFrame concatenation with empty or all-NA entries is deprecated. In a future version, this will no longer exclude empty or all-NA columns when determining the result dtypes. To retain the old behavior, exclude the relevant entries before the concat operation.
  "controls": pd.concat([oldc, newc], ignore_index=True),
/Users/zhangzc/fable-trading/yoyo/evaluation/spike_high_r_risk_study.py:182: FutureWarning: The behavior of DataFrame concatenation with empty or all-NA entries is deprecated. In a future version, this will no longer exclude empty or all-NA columns when determining the result dtypes. To retain the old behavior, exclude the relevant entries before the concat operation.
  "controls": pd.concat([oldc, newc], ignore_index=True),
/Users/zhangzc/fable-trading/yoyo/evaluation/spike_high_r_risk_study.py:181: FutureWarning: The behavior of DataFrame concatenation with empty or all-NA entries is deprecated. In a future version, this will no longer exclude empty or all-NA columns when determining the result dtypes. To retain the old behavior, exclude the relevant entries before the concat operation.
  tables = {"trades": pd.concat([baseline, treatment], ignore_index=True),
/Users/zhangzc/fable-trading/yoyo/evaluation/spike_high_r_risk_study.py:182: FutureWarning: The behavior of DataFrame concatenation with empty or all-NA entries is deprecated. In a future version, this will no longer exclude empty or all-NA columns when determining the result dtypes. To retain the old behavior, exclude the relevant entries before the concat operation.
  "controls": pd.concat([oldc, newc], ignore_index=True),
/Users/zhangzc/fable-trading/yoyo/evaluation/spike_high_r_risk_study.py:183: FutureWarning: The behavior of DataFrame concatenation with empty or all-NA entries is deprecated. In a future version, this will no longer exclude empty or all-NA columns when determining the result dtypes. To retain the old behavior, exclude the relevant entries before the concat operation.
  "fills": pd.concat([tag(bf, "baseline"), tag(tf, "high_r_entry_v21")], ignore_index=True),
/Users/zhangzc/fable-trading/yoyo/evaluation/spike_high_r_risk_study.py:182: FutureWarning: The behavior of DataFrame concatenation with empty or all-NA entries is deprecated. In a future version, this will no longer exclude empty or all-NA columns when determining the result dtypes. To retain the old behavior, exclude the relevant entries before the concat operation.
  "controls": pd.concat([oldc, newc], ignore_index=True),
/Users/zhangzc/fable-trading/yoyo/evaluation/spike_high_r_risk_study.py:182: FutureWarning: The behavior of DataFrame concatenation with empty or all-NA entries is deprecated. In a future version, this will no longer exclude empty or all-NA columns when determining the result dtypes. To retain the old behavior, exclude the relevant entries before the concat operation.
  "controls": pd.concat([oldc, newc], ignore_index=True),
/Users/zhangzc/fable-trading/yoyo/evaluation/spike_high_r_risk_study.py:182: FutureWarning: The behavior of DataFrame concatenation with empty or all-NA entries is deprecated. In a future version, this will no longer exclude empty or all-NA columns when determining the result dtypes. To retain the old behavior, exclude the relevant entries before the concat operation.
  "controls": pd.concat([oldc, newc], ignore_index=True),
/Users/zhangzc/fable-trading/yoyo/evaluation/spike_high_r_risk_study.py:182: FutureWarning: The behavior of DataFrame concatenation with empty or all-NA entries is deprecated. In a future version, this will no longer exclude empty or all-NA columns when determining the result dtypes. To retain the old behavior, exclude the relevant entries before the concat operation.
  "controls": pd.concat([oldc, newc], ignore_index=True),
/Users/zhangzc/fable-trading/yoyo/evaluation/spike_high_r_risk_study.py:182: FutureWarning: The behavior of DataFrame concatenation with empty or all-NA entries is deprecated. In a future version, this will no longer exclude empty or all-NA columns when determining the result dtypes. To retain the old behavior, exclude the relevant entries before the concat operation.
  "controls": pd.concat([oldc, newc], ignore_index=True),
/Users/zhangzc/fable-trading/yoyo/evaluation/spike_high_r_risk_study.py:182: FutureWarning: The behavior of DataFrame concatenation with empty or all-NA entries is deprecated. In a future version, this will no longer exclude empty or all-NA columns when determining the result dtypes. To retain the old behavior, exclude the relevant entries before the concat operation.
  "controls": pd.concat([oldc, newc], ignore_index=True),
/Users/zhangzc/fable-trading/yoyo/evaluation/spike_high_r_risk_study.py:182: FutureWarning: The behavior of DataFrame concatenation with empty or all-NA entries is deprecated. In a future version, this will no longer exclude empty or all-NA columns when determining the result dtypes. To retain the old behavior, exclude the relevant entries before the concat operation.
  "controls": pd.concat([oldc, newc], ignore_index=True),
/Users/zhangzc/fable-trading/yoyo/evaluation/spike_high_r_risk_study.py:182: FutureWarning: The behavior of DataFrame concatenation with empty or all-NA entries is deprecated. In a future version, this will no longer exclude empty or all-NA columns when determining the result dtypes. To retain the old behavior, exclude the relevant entries before the concat operation.
  "controls": pd.concat([oldc, newc], ignore_index=True),
/Users/zhangzc/fable-trading/yoyo/evaluation/spike_high_r_risk_study.py:182: FutureWarning: The behavior of DataFrame concatenation with empty or all-NA entries is deprecated. In a future version, this will no longer exclude empty or all-NA columns when determining the result dtypes. To retain the old behavior, exclude the relevant entries before the concat operation.
  "controls": pd.concat([oldc, newc], ignore_index=True),
/Users/zhangzc/fable-trading/yoyo/evaluation/spike_high_r_risk_study.py:182: FutureWarning: The behavior of DataFrame concatenation with empty or all-NA entries is deprecated. In a future version, this will no longer exclude empty or all-NA columns when determining the result dtypes. To retain the old behavior, exclude the relevant entries before the concat operation.
  "controls": pd.concat([oldc, newc], ignore_index=True),
/Users/zhangzc/fable-trading/yoyo/evaluation/spike_high_r_risk_study.py:182: FutureWarning: The behavior of DataFrame concatenation with empty or all-NA entries is deprecated. In a future version, this will no longer exclude empty or all-NA columns when determining the result dtypes. To retain the old behavior, exclude the relevant entries before the concat operation.
  "controls": pd.concat([oldc, newc], ignore_index=True),
/Users/zhangzc/fable-trading/yoyo/evaluation/spike_high_r_risk_study.py:182: FutureWarning: The behavior of DataFrame concatenation with empty or all-NA entries is deprecated. In a future version, this will no longer exclude empty or all-NA columns when determining the result dtypes. To retain the old behavior, exclude the relevant entries before the concat operation.
  "controls": pd.concat([oldc, newc], ignore_index=True),
/Users/zhangzc/fable-trading/yoyo/evaluation/spike_high_r_risk_study.py:182: FutureWarning: The behavior of DataFrame concatenation with empty or all-NA entries is deprecated. In a future version, this will no longer exclude empty or all-NA columns when determining the result dtypes. To retain the old behavior, exclude the relevant entries before the concat operation.
  "controls": pd.concat([oldc, newc], ignore_index=True),
/Users/zhangzc/fable-trading/yoyo/evaluation/spike_high_r_risk_study.py:182: FutureWarning: The behavior of DataFrame concatenation with empty or all-NA entries is deprecated. In a future version, this will no longer exclude empty or all-NA columns when determining the result dtypes. To retain the old behavior, exclude the relevant entries before the concat operation.
  "controls": pd.concat([oldc, newc], ignore_index=True),
{"done": 2250, "target": 3531, "failures": 0, "seconds": 148.4}
/Users/zhangzc/fable-trading/yoyo/evaluation/spike_high_r_risk_study.py:182: FutureWarning: The behavior of DataFrame concatenation with empty or all-NA entries is deprecated. In a future version, this will no longer exclude empty or all-NA columns when determining the result dtypes. To retain the old behavior, exclude the relevant entries before the concat operation.
  "controls": pd.concat([oldc, newc], ignore_index=True),
/Users/zhangzc/fable-trading/yoyo/evaluation/spike_high_r_risk_study.py:182: FutureWarning: The behavior of DataFrame concatenation with empty or all-NA entries is deprecated. In a future version, this will no longer exclude empty or all-NA columns when determining the result dtypes. To retain the old behavior, exclude the relevant entries before the concat operation.
  "controls": pd.concat([oldc, newc], ignore_index=True),
/Users/zhangzc/fable-trading/yoyo/evaluation/spike_high_r_risk_study.py:182: FutureWarning: The behavior of DataFrame concatenation with empty or all-NA entries is deprecated. In a future version, this will no longer exclude empty or all-NA columns when determining the result dtypes. To retain the old behavior, exclude the relevant entries before the concat operation.
  "controls": pd.concat([oldc, newc], ignore_index=True),
/Users/zhangzc/fable-trading/yoyo/evaluation/spike_high_r_risk_study.py:182: FutureWarning: The behavior of DataFrame concatenation with empty or all-NA entries is deprecated. In a future version, this will no longer exclude empty or all-NA columns when determining the result dtypes. To retain the old behavior, exclude the relevant entries before the concat operation.
  "controls": pd.concat([oldc, newc], ignore_index=True),
/Users/zhangzc/fable-trading/yoyo/evaluation/spike_high_r_risk_study.py:182: FutureWarning: The behavior of DataFrame concatenation with empty or all-NA entries is deprecated. In a future version, this will no longer exclude empty or all-NA columns when determining the result dtypes. To retain the old behavior, exclude the relevant entries before the concat operation.
  "controls": pd.concat([oldc, newc], ignore_index=True),
/Users/zhangzc/fable-trading/yoyo/evaluation/spike_high_r_risk_study.py:182: FutureWarning: The behavior of DataFrame concatenation with empty or all-NA entries is deprecated. In a future version, this will no longer exclude empty or all-NA columns when determining the result dtypes. To retain the old behavior, exclude the relevant entries before the concat operation.
  "controls": pd.concat([oldc, newc], ignore_index=True),
/Users/zhangzc/fable-trading/yoyo/evaluation/spike_high_r_risk_study.py:182: FutureWarning: The behavior of DataFrame concatenation with empty or all-NA entries is deprecated. In a future version, this will no longer exclude empty or all-NA columns when determining the result dtypes. To retain the old behavior, exclude the relevant entries before the concat operation.
  "controls": pd.concat([oldc, newc], ignore_index=True),
/Users/zhangzc/fable-trading/yoyo/evaluation/spike_high_r_risk_study.py:182: FutureWarning: The behavior of DataFrame concatenation with empty or all-NA entries is deprecated. In a future version, this will no longer exclude empty or all-NA columns when determining the result dtypes. To retain the old behavior, exclude the relevant entries before the concat operation.
  "controls": pd.concat([oldc, newc], ignore_index=True),
/Users/zhangzc/fable-trading/yoyo/evaluation/spike_high_r_risk_study.py:182: FutureWarning: The behavior of DataFrame concatenation with empty or all-NA entries is deprecated. In a future version, this will no longer exclude empty or all-NA columns when determining the result dtypes. To retain the old behavior, exclude the relevant entries before the concat operation.
  "controls": pd.concat([oldc, newc], ignore_index=True),
/Users/zhangzc/fable-trading/yoyo/evaluation/spike_high_r_risk_study.py:182: FutureWarning: The behavior of DataFrame concatenation with empty or all-NA entries is deprecated. In a future version, this will no longer exclude empty or all-NA columns when determining the result dtypes. To retain the old behavior, exclude the relevant entries before the concat operation.
  "controls": pd.concat([oldc, newc], ignore_index=True),
/Users/zhangzc/fable-trading/yoyo/evaluation/spike_high_r_risk_study.py:182: FutureWarning: The behavior of DataFrame concatenation with empty or all-NA entries is deprecated. In a future version, this will no longer exclude empty or all-NA columns when determining the result dtypes. To retain the old behavior, exclude the relevant entries before the concat operation.
  "controls": pd.concat([oldc, newc], ignore_index=True),
/Users/zhangzc/fable-trading/yoyo/evaluation/spike_high_r_risk_study.py:182: FutureWarning: The behavior of DataFrame concatenation with empty or all-NA entries is deprecated. In a future version, this will no longer exclude empty or all-NA columns when determining the result dtypes. To retain the old behavior, exclude the relevant entries before the concat operation.
  "controls": pd.concat([oldc, newc], ignore_index=True),
/Users/zhangzc/fable-trading/yoyo/evaluation/spike_high_r_risk_study.py:182: FutureWarning: The behavior of DataFrame concatenation with empty or all-NA entries is deprecated. In a future version, this will no longer exclude empty or all-NA columns when determining the result dtypes. To retain the old behavior, exclude the relevant entries before the concat operation.
  "controls": pd.concat([oldc, newc], ignore_index=True),
/Users/zhangzc/fable-trading/yoyo/evaluation/spike_high_r_risk_study.py:182: FutureWarning: The behavior of DataFrame concatenation with empty or all-NA entries is deprecated. In a future version, this will no longer exclude empty or all-NA columns when determining the result dtypes. To retain the old behavior, exclude the relevant entries before the concat operation.
  "controls": pd.concat([oldc, newc], ignore_index=True),
/Users/zhangzc/fable-trading/yoyo/evaluation/spike_high_r_risk_study.py:182: FutureWarning: The behavior of DataFrame concatenation with empty or all-NA entries is deprecated. In a future version, this will no longer exclude empty or all-NA columns when determining the result dtypes. To retain the old behavior, exclude the relevant entries before the concat operation.
  "controls": pd.concat([oldc, newc], ignore_index=True),
/Users/zhangzc/fable-trading/yoyo/evaluation/spike_high_r_risk_study.py:182: FutureWarning: The behavior of DataFrame concatenation with empty or all-NA entries is deprecated. In a future version, this will no longer exclude empty or all-NA columns when determining the result dtypes. To retain the old behavior, exclude the relevant entries before the concat operation.
  "controls": pd.concat([oldc, newc], ignore_index=True),
/Users/zhangzc/fable-trading/yoyo/evaluation/spike_high_r_risk_study.py:182: FutureWarning: The behavior of DataFrame concatenation with empty or all-NA entries is deprecated. In a future version, this will no longer exclude empty or all-NA columns when determining the result dtypes. To retain the old behavior, exclude the relevant entries before the concat operation.
  "controls": pd.concat([oldc, newc], ignore_index=True),
/Users/zhangzc/fable-trading/yoyo/evaluation/spike_high_r_risk_study.py:182: FutureWarning: The behavior of DataFrame concatenation with empty or all-NA entries is deprecated. In a future version, this will no longer exclude empty or all-NA columns when determining the result dtypes. To retain the old behavior, exclude the relevant entries before the concat operation.
  "controls": pd.concat([oldc, newc], ignore_index=True),
/Users/zhangzc/fable-trading/yoyo/evaluation/spike_high_r_risk_study.py:181: FutureWarning: The behavior of DataFrame concatenation with empty or all-NA entries is deprecated. In a future version, this will no longer exclude empty or all-NA columns when determining the result dtypes. To retain the old behavior, exclude the relevant entries before the concat operation.
  tables = {"trades": pd.concat([baseline, treatment], ignore_index=True),
/Users/zhangzc/fable-trading/yoyo/evaluation/spike_high_r_risk_study.py:183: FutureWarning: The behavior of DataFrame concatenation with empty or all-NA entries is deprecated. In a future version, this will no longer exclude empty or all-NA columns when determining the result dtypes. To retain the old behavior, exclude the relevant entries before the concat operation.
  "fills": pd.concat([tag(bf, "baseline"), tag(tf, "high_r_entry_v21")], ignore_index=True),
/Users/zhangzc/fable-trading/yoyo/evaluation/spike_high_r_risk_study.py:181: FutureWarning: The behavior of DataFrame concatenation with empty or all-NA entries is deprecated. In a future version, this will no longer exclude empty or all-NA columns when determining the result dtypes. To retain the old behavior, exclude the relevant entries before the concat operation.
  tables = {"trades": pd.concat([baseline, treatment], ignore_index=True),
/Users/zhangzc/fable-trading/yoyo/evaluation/spike_high_r_risk_study.py:182: FutureWarning: The behavior of DataFrame concatenation with empty or all-NA entries is deprecated. In a future version, this will no longer exclude empty or all-NA columns when determining the result dtypes. To retain the old behavior, exclude the relevant entries before the concat operation.
  "controls": pd.concat([oldc, newc], ignore_index=True),
/Users/zhangzc/fable-trading/yoyo/evaluation/spike_high_r_risk_study.py:183: FutureWarning: The behavior of DataFrame concatenation with empty or all-NA entries is deprecated. In a future version, this will no longer exclude empty or all-NA columns when determining the result dtypes. To retain the old behavior, exclude the relevant entries before the concat operation.
  "fills": pd.concat([tag(bf, "baseline"), tag(tf, "high_r_entry_v21")], ignore_index=True),
/Users/zhangzc/fable-trading/yoyo/evaluation/spike_high_r_risk_study.py:182: FutureWarning: The behavior of DataFrame concatenation with empty or all-NA entries is deprecated. In a future version, this will no longer exclude empty or all-NA columns when determining the result dtypes. To retain the old behavior, exclude the relevant entries before the concat operation.
  "controls": pd.concat([oldc, newc], ignore_index=True),
{"done": 2300, "target": 3531, "failures": 0, "seconds": 150.1}
/Users/zhangzc/fable-trading/yoyo/evaluation/spike_high_r_risk_study.py:182: FutureWarning: The behavior of DataFrame concatenation with empty or all-NA entries is deprecated. In a future version, this will no longer exclude empty or all-NA columns when determining the result dtypes. To retain the old behavior, exclude the relevant entries before the concat operation.
  "controls": pd.concat([oldc, newc], ignore_index=True),
/Users/zhangzc/fable-trading/yoyo/evaluation/spike_high_r_risk_study.py:182: FutureWarning: The behavior of DataFrame concatenation with empty or all-NA entries is deprecated. In a future version, this will no longer exclude empty or all-NA columns when determining the result dtypes. To retain the old behavior, exclude the relevant entries before the concat operation.
  "controls": pd.concat([oldc, newc], ignore_index=True),
/Users/zhangzc/fable-trading/yoyo/evaluation/spike_high_r_risk_study.py:182: FutureWarning: The behavior of DataFrame concatenation with empty or all-NA entries is deprecated. In a future version, this will no longer exclude empty or all-NA columns when determining the result dtypes. To retain the old behavior, exclude the relevant entries before the concat operation.
  "controls": pd.concat([oldc, newc], ignore_index=True),
/Users/zhangzc/fable-trading/yoyo/evaluation/spike_high_r_risk_study.py:182: FutureWarning: The behavior of DataFrame concatenation with empty or all-NA entries is deprecated. In a future version, this will no longer exclude empty or all-NA columns when determining the result dtypes. To retain the old behavior, exclude the relevant entries before the concat operation.
  "controls": pd.concat([oldc, newc], ignore_index=True),
/Users/zhangzc/fable-trading/yoyo/evaluation/spike_high_r_risk_study.py:181: FutureWarning: The behavior of DataFrame concatenation with empty or all-NA entries is deprecated. In a future version, this will no longer exclude empty or all-NA columns when determining the result dtypes. To retain the old behavior, exclude the relevant entries before the concat operation.
  tables = {"trades": pd.concat([baseline, treatment], ignore_index=True),
/Users/zhangzc/fable-trading/yoyo/evaluation/spike_high_r_risk_study.py:182: FutureWarning: The behavior of DataFrame concatenation with empty or all-NA entries is deprecated. In a future version, this will no longer exclude empty or all-NA columns when determining the result dtypes. To retain the old behavior, exclude the relevant entries before the concat operation.
  "controls": pd.concat([oldc, newc], ignore_index=True),
/Users/zhangzc/fable-trading/yoyo/evaluation/spike_high_r_risk_study.py:183: FutureWarning: The behavior of DataFrame concatenation with empty or all-NA entries is deprecated. In a future version, this will no longer exclude empty or all-NA columns when determining the result dtypes. To retain the old behavior, exclude the relevant entries before the concat operation.
  "fills": pd.concat([tag(bf, "baseline"), tag(tf, "high_r_entry_v21")], ignore_index=True),
/Users/zhangzc/fable-trading/yoyo/evaluation/spike_high_r_risk_study.py:182: FutureWarning: The behavior of DataFrame concatenation with empty or all-NA entries is deprecated. In a future version, this will no longer exclude empty or all-NA columns when determining the result dtypes. To retain the old behavior, exclude the relevant entries before the concat operation.
  "controls": pd.concat([oldc, newc], ignore_index=True),
/Users/zhangzc/fable-trading/yoyo/evaluation/spike_high_r_risk_study.py:182: FutureWarning: The behavior of DataFrame concatenation with empty or all-NA entries is deprecated. In a future version, this will no longer exclude empty or all-NA columns when determining the result dtypes. To retain the old behavior, exclude the relevant entries before the concat operation.
  "controls": pd.concat([oldc, newc], ignore_index=True),
/Users/zhangzc/fable-trading/yoyo/evaluation/spike_high_r_risk_study.py:182: FutureWarning: The behavior of DataFrame concatenation with empty or all-NA entries is deprecated. In a future version, this will no longer exclude empty or all-NA columns when determining the result dtypes. To retain the old behavior, exclude the relevant entries before the concat operation.
  "controls": pd.concat([oldc, newc], ignore_index=True),
/Users/zhangzc/fable-trading/yoyo/evaluation/spike_high_r_risk_study.py:182: FutureWarning: The behavior of DataFrame concatenation with empty or all-NA entries is deprecated. In a future version, this will no longer exclude empty or all-NA columns when determining the result dtypes. To retain the old behavior, exclude the relevant entries before the concat operation.
  "controls": pd.concat([oldc, newc], ignore_index=True),
/Users/zhangzc/fable-trading/yoyo/evaluation/spike_high_r_risk_study.py:182: FutureWarning: The behavior of DataFrame concatenation with empty or all-NA entries is deprecated. In a future version, this will no longer exclude empty or all-NA columns when determining the result dtypes. To retain the old behavior, exclude the relevant entries before the concat operation.
  "controls": pd.concat([oldc, newc], ignore_index=True),
/Users/zhangzc/fable-trading/yoyo/evaluation/spike_high_r_risk_study.py:182: FutureWarning: The behavior of DataFrame concatenation with empty or all-NA entries is deprecated. In a future version, this will no longer exclude empty or all-NA columns when determining the result dtypes. To retain the old behavior, exclude the relevant entries before the concat operation.
  "controls": pd.concat([oldc, newc], ignore_index=True),
/Users/zhangzc/fable-trading/yoyo/evaluation/spike_high_r_risk_study.py:182: FutureWarning: The behavior of DataFrame concatenation with empty or all-NA entries is deprecated. In a future version, this will no longer exclude empty or all-NA columns when determining the result dtypes. To retain the old behavior, exclude the relevant entries before the concat operation.
  "controls": pd.concat([oldc, newc], ignore_index=True),
/Users/zhangzc/fable-trading/yoyo/evaluation/spike_high_r_risk_study.py:182: FutureWarning: The behavior of DataFrame concatenation with empty or all-NA entries is deprecated. In a future version, this will no longer exclude empty or all-NA columns when determining the result dtypes. To retain the old behavior, exclude the relevant entries before the concat operation.
  "controls": pd.concat([oldc, newc], ignore_index=True),
/Users/zhangzc/fable-trading/yoyo/evaluation/spike_high_r_risk_study.py:182: FutureWarning: The behavior of DataFrame concatenation with empty or all-NA entries is deprecated. In a future version, this will no longer exclude empty or all-NA columns when determining the result dtypes. To retain the old behavior, exclude the relevant entries before the concat operation.
  "controls": pd.concat([oldc, newc], ignore_index=True),
/Users/zhangzc/fable-trading/yoyo/evaluation/spike_high_r_risk_study.py:182: FutureWarning: The behavior of DataFrame concatenation with empty or all-NA entries is deprecated. In a future version, this will no longer exclude empty or all-NA columns when determining the result dtypes. To retain the old behavior, exclude the relevant entries before the concat operation.
  "controls": pd.concat([oldc, newc], ignore_index=True),
/Users/zhangzc/fable-trading/yoyo/evaluation/spike_high_r_risk_study.py:182: FutureWarning: The behavior of DataFrame concatenation with empty or all-NA entries is deprecated. In a future version, this will no longer exclude empty or all-NA columns when determining the result dtypes. To retain the old behavior, exclude the relevant entries before the concat operation.
  "controls": pd.concat([oldc, newc], ignore_index=True),
/Users/zhangzc/fable-trading/yoyo/evaluation/spike_high_r_risk_study.py:182: FutureWarning: The behavior of DataFrame concatenation with empty or all-NA entries is deprecated. In a future version, this will no longer exclude empty or all-NA columns when determining the result dtypes. To retain the old behavior, exclude the relevant entries before the concat operation.
  "controls": pd.concat([oldc, newc], ignore_index=True),
/Users/zhangzc/fable-trading/yoyo/evaluation/spike_high_r_risk_study.py:182: FutureWarning: The behavior of DataFrame concatenation with empty or all-NA entries is deprecated. In a future version, this will no longer exclude empty or all-NA columns when determining the result dtypes. To retain the old behavior, exclude the relevant entries before the concat operation.
  "controls": pd.concat([oldc, newc], ignore_index=True),
/Users/zhangzc/fable-trading/yoyo/evaluation/spike_high_r_risk_study.py:181: FutureWarning: The behavior of DataFrame concatenation with empty or all-NA entries is deprecated. In a future version, this will no longer exclude empty or all-NA columns when determining the result dtypes. To retain the old behavior, exclude the relevant entries before the concat operation.
  tables = {"trades": pd.concat([baseline, treatment], ignore_index=True),
/Users/zhangzc/fable-trading/yoyo/evaluation/spike_high_r_risk_study.py:183: FutureWarning: The behavior of DataFrame concatenation with empty or all-NA entries is deprecated. In a future version, this will no longer exclude empty or all-NA columns when determining the result dtypes. To retain the old behavior, exclude the relevant entries before the concat operation.
  "fills": pd.concat([tag(bf, "baseline"), tag(tf, "high_r_entry_v21")], ignore_index=True),
/Users/zhangzc/fable-trading/yoyo/evaluation/spike_high_r_risk_study.py:182: FutureWarning: The behavior of DataFrame concatenation with empty or all-NA entries is deprecated. In a future version, this will no longer exclude empty or all-NA columns when determining the result dtypes. To retain the old behavior, exclude the relevant entries before the concat operation.
  "controls": pd.concat([oldc, newc], ignore_index=True),
{"done": 2350, "target": 3531, "failures": 0, "seconds": 151.9}
/Users/zhangzc/fable-trading/yoyo/evaluation/spike_high_r_risk_study.py:181: FutureWarning: The behavior of DataFrame concatenation with empty or all-NA entries is deprecated. In a future version, this will no longer exclude empty or all-NA columns when determining the result dtypes. To retain the old behavior, exclude the relevant entries before the concat operation.
  tables = {"trades": pd.concat([baseline, treatment], ignore_index=True),
/Users/zhangzc/fable-trading/yoyo/evaluation/spike_high_r_risk_study.py:182: FutureWarning: The behavior of DataFrame concatenation with empty or all-NA entries is deprecated. In a future version, this will no longer exclude empty or all-NA columns when determining the result dtypes. To retain the old behavior, exclude the relevant entries before the concat operation.
  "controls": pd.concat([oldc, newc], ignore_index=True),
/Users/zhangzc/fable-trading/yoyo/evaluation/spike_high_r_risk_study.py:183: FutureWarning: The behavior of DataFrame concatenation with empty or all-NA entries is deprecated. In a future version, this will no longer exclude empty or all-NA columns when determining the result dtypes. To retain the old behavior, exclude the relevant entries before the concat operation.
  "fills": pd.concat([tag(bf, "baseline"), tag(tf, "high_r_entry_v21")], ignore_index=True),
/Users/zhangzc/fable-trading/yoyo/evaluation/spike_high_r_risk_study.py:181: FutureWarning: The behavior of DataFrame concatenation with empty or all-NA entries is deprecated. In a future version, this will no longer exclude empty or all-NA columns when determining the result dtypes. To retain the old behavior, exclude the relevant entries before the concat operation.
  tables = {"trades": pd.concat([baseline, treatment], ignore_index=True),
/Users/zhangzc/fable-trading/yoyo/evaluation/spike_high_r_risk_study.py:182: FutureWarning: The behavior of DataFrame concatenation with empty or all-NA entries is deprecated. In a future version, this will no longer exclude empty or all-NA columns when determining the result dtypes. To retain the old behavior, exclude the relevant entries before the concat operation.
  "controls": pd.concat([oldc, newc], ignore_index=True),
/Users/zhangzc/fable-trading/yoyo/evaluation/spike_high_r_risk_study.py:183: FutureWarning: The behavior of DataFrame concatenation with empty or all-NA entries is deprecated. In a future version, this will no longer exclude empty or all-NA columns when determining the result dtypes. To retain the old behavior, exclude the relevant entries before the concat operation.
  "fills": pd.concat([tag(bf, "baseline"), tag(tf, "high_r_entry_v21")], ignore_index=True),
/Users/zhangzc/fable-trading/yoyo/evaluation/spike_high_r_risk_study.py:182: FutureWarning: The behavior of DataFrame concatenation with empty or all-NA entries is deprecated. In a future version, this will no longer exclude empty or all-NA columns when determining the result dtypes. To retain the old behavior, exclude the relevant entries before the concat operation.
  "controls": pd.concat([oldc, newc], ignore_index=True),
/Users/zhangzc/fable-trading/yoyo/evaluation/spike_high_r_risk_study.py:182: FutureWarning: The behavior of DataFrame concatenation with empty or all-NA entries is deprecated. In a future version, this will no longer exclude empty or all-NA columns when determining the result dtypes. To retain the old behavior, exclude the relevant entries before the concat operation.
  "controls": pd.concat([oldc, newc], ignore_index=True),
/Users/zhangzc/fable-trading/yoyo/evaluation/spike_high_r_risk_study.py:182: FutureWarning: The behavior of DataFrame concatenation with empty or all-NA entries is deprecated. In a future version, this will no longer exclude empty or all-NA columns when determining the result dtypes. To retain the old behavior, exclude the relevant entries before the concat operation.
  "controls": pd.concat([oldc, newc], ignore_index=True),
/Users/zhangzc/fable-trading/yoyo/evaluation/spike_high_r_risk_study.py:182: FutureWarning: The behavior of DataFrame concatenation with empty or all-NA entries is deprecated. In a future version, this will no longer exclude empty or all-NA columns when determining the result dtypes. To retain the old behavior, exclude the relevant entries before the concat operation.
  "controls": pd.concat([oldc, newc], ignore_index=True),
/Users/zhangzc/fable-trading/yoyo/evaluation/spike_high_r_risk_study.py:182: FutureWarning: The behavior of DataFrame concatenation with empty or all-NA entries is deprecated. In a future version, this will no longer exclude empty or all-NA columns when determining the result dtypes. To retain the old behavior, exclude the relevant entries before the concat operation.
  "controls": pd.concat([oldc, newc], ignore_index=True),
/Users/zhangzc/fable-trading/yoyo/evaluation/spike_high_r_risk_study.py:182: FutureWarning: The behavior of DataFrame concatenation with empty or all-NA entries is deprecated. In a future version, this will no longer exclude empty or all-NA columns when determining the result dtypes. To retain the old behavior, exclude the relevant entries before the concat operation.
  "controls": pd.concat([oldc, newc], ignore_index=True),
/Users/zhangzc/fable-trading/yoyo/evaluation/spike_high_r_risk_study.py:182: FutureWarning: The behavior of DataFrame concatenation with empty or all-NA entries is deprecated. In a future version, this will no longer exclude empty or all-NA columns when determining the result dtypes. To retain the old behavior, exclude the relevant entries before the concat operation.
  "controls": pd.concat([oldc, newc], ignore_index=True),
/Users/zhangzc/fable-trading/yoyo/evaluation/spike_high_r_risk_study.py:182: FutureWarning: The behavior of DataFrame concatenation with empty or all-NA entries is deprecated. In a future version, this will no longer exclude empty or all-NA columns when determining the result dtypes. To retain the old behavior, exclude the relevant entries before the concat operation.
  "controls": pd.concat([oldc, newc], ignore_index=True),
/Users/zhangzc/fable-trading/yoyo/evaluation/spike_high_r_risk_study.py:182: FutureWarning: The behavior of DataFrame concatenation with empty or all-NA entries is deprecated. In a future version, this will no longer exclude empty or all-NA columns when determining the result dtypes. To retain the old behavior, exclude the relevant entries before the concat operation.
  "controls": pd.concat([oldc, newc], ignore_index=True),
/Users/zhangzc/fable-trading/yoyo/evaluation/spike_high_r_risk_study.py:182: FutureWarning: The behavior of DataFrame concatenation with empty or all-NA entries is deprecated. In a future version, this will no longer exclude empty or all-NA columns when determining the result dtypes. To retain the old behavior, exclude the relevant entries before the concat operation.
  "controls": pd.concat([oldc, newc], ignore_index=True),
/Users/zhangzc/fable-trading/yoyo/evaluation/spike_high_r_risk_study.py:182: FutureWarning: The behavior of DataFrame concatenation with empty or all-NA entries is deprecated. In a future version, this will no longer exclude empty or all-NA columns when determining the result dtypes. To retain the old behavior, exclude the relevant entries before the concat operation.
  "controls": pd.concat([oldc, newc], ignore_index=True),
/Users/zhangzc/fable-trading/yoyo/evaluation/spike_high_r_risk_study.py:181: FutureWarning: The behavior of DataFrame concatenation with empty or all-NA entries is deprecated. In a future version, this will no longer exclude empty or all-NA columns when determining the result dtypes. To retain the old behavior, exclude the relevant entries before the concat operation.
  tables = {"trades": pd.concat([baseline, treatment], ignore_index=True),
/Users/zhangzc/fable-trading/yoyo/evaluation/spike_high_r_risk_study.py:182: FutureWarning: The behavior of DataFrame concatenation with empty or all-NA entries is deprecated. In a future version, this will no longer exclude empty or all-NA columns when determining the result dtypes. To retain the old behavior, exclude the relevant entries before the concat operation.
  "controls": pd.concat([oldc, newc], ignore_index=True),
/Users/zhangzc/fable-trading/yoyo/evaluation/spike_high_r_risk_study.py:183: FutureWarning: The behavior of DataFrame concatenation with empty or all-NA entries is deprecated. In a future version, this will no longer exclude empty or all-NA columns when determining the result dtypes. To retain the old behavior, exclude the relevant entries before the concat operation.
  "fills": pd.concat([tag(bf, "baseline"), tag(tf, "high_r_entry_v21")], ignore_index=True),
/Users/zhangzc/fable-trading/yoyo/evaluation/spike_high_r_risk_study.py:182: FutureWarning: The behavior of DataFrame concatenation with empty or all-NA entries is deprecated. In a future version, this will no longer exclude empty or all-NA columns when determining the result dtypes. To retain the old behavior, exclude the relevant entries before the concat operation.
  "controls": pd.concat([oldc, newc], ignore_index=True),
/Users/zhangzc/fable-trading/yoyo/evaluation/spike_high_r_risk_study.py:182: FutureWarning: The behavior of DataFrame concatenation with empty or all-NA entries is deprecated. In a future version, this will no longer exclude empty or all-NA columns when determining the result dtypes. To retain the old behavior, exclude the relevant entries before the concat operation.
  "controls": pd.concat([oldc, newc], ignore_index=True),
/Users/zhangzc/fable-trading/yoyo/evaluation/spike_high_r_risk_study.py:182: FutureWarning: The behavior of DataFrame concatenation with empty or all-NA entries is deprecated. In a future version, this will no longer exclude empty or all-NA columns when determining the result dtypes. To retain the old behavior, exclude the relevant entries before the concat operation.
  "controls": pd.concat([oldc, newc], ignore_index=True),
/Users/zhangzc/fable-trading/yoyo/evaluation/spike_high_r_risk_study.py:182: FutureWarning: The behavior of DataFrame concatenation with empty or all-NA entries is deprecated. In a future version, this will no longer exclude empty or all-NA columns when determining the result dtypes. To retain the old behavior, exclude the relevant entries before the concat operation.
  "controls": pd.concat([oldc, newc], ignore_index=True),
/Users/zhangzc/fable-trading/yoyo/evaluation/spike_high_r_risk_study.py:181: FutureWarning: The behavior of DataFrame concatenation with empty or all-NA entries is deprecated. In a future version, this will no longer exclude empty or all-NA columns when determining the result dtypes. To retain the old behavior, exclude the relevant entries before the concat operation.
  tables = {"trades": pd.concat([baseline, treatment], ignore_index=True),
/Users/zhangzc/fable-trading/yoyo/evaluation/spike_high_r_risk_study.py:182: FutureWarning: The behavior of DataFrame concatenation with empty or all-NA entries is deprecated. In a future version, this will no longer exclude empty or all-NA columns when determining the result dtypes. To retain the old behavior, exclude the relevant entries before the concat operation.
  "controls": pd.concat([oldc, newc], ignore_index=True),
/Users/zhangzc/fable-trading/yoyo/evaluation/spike_high_r_risk_study.py:183: FutureWarning: The behavior of DataFrame concatenation with empty or all-NA entries is deprecated. In a future version, this will no longer exclude empty or all-NA columns when determining the result dtypes. To retain the old behavior, exclude the relevant entries before the concat operation.
  "fills": pd.concat([tag(bf, "baseline"), tag(tf, "high_r_entry_v21")], ignore_index=True),
/Users/zhangzc/fable-trading/yoyo/evaluation/spike_high_r_risk_study.py:182: FutureWarning: The behavior of DataFrame concatenation with empty or all-NA entries is deprecated. In a future version, this will no longer exclude empty or all-NA columns when determining the result dtypes. To retain the old behavior, exclude the relevant entries before the concat operation.
  "controls": pd.concat([oldc, newc], ignore_index=True),
/Users/zhangzc/fable-trading/yoyo/evaluation/spike_high_r_risk_study.py:182: FutureWarning: The behavior of DataFrame concatenation with empty or all-NA entries is deprecated. In a future version, this will no longer exclude empty or all-NA columns when determining the result dtypes. To retain the old behavior, exclude the relevant entries before the concat operation.
  "controls": pd.concat([oldc, newc], ignore_index=True),
/Users/zhangzc/fable-trading/yoyo/evaluation/spike_high_r_risk_study.py:182: FutureWarning: The behavior of DataFrame concatenation with empty or all-NA entries is deprecated. In a future version, this will no longer exclude empty or all-NA columns when determining the result dtypes. To retain the old behavior, exclude the relevant entries before the concat operation.
  "controls": pd.concat([oldc, newc], ignore_index=True),
{"done": 2400, "target": 3531, "failures": 0, "seconds": 153.5}
/Users/zhangzc/fable-trading/yoyo/evaluation/spike_high_r_risk_study.py:182: FutureWarning: The behavior of DataFrame concatenation with empty or all-NA entries is deprecated. In a future version, this will no longer exclude empty or all-NA columns when determining the result dtypes. To retain the old behavior, exclude the relevant entries before the concat operation.
  "controls": pd.concat([oldc, newc], ignore_index=True),
/Users/zhangzc/fable-trading/yoyo/evaluation/spike_high_r_risk_study.py:182: FutureWarning: The behavior of DataFrame concatenation with empty or all-NA entries is deprecated. In a future version, this will no longer exclude empty or all-NA columns when determining the result dtypes. To retain the old behavior, exclude the relevant entries before the concat operation.
  "controls": pd.concat([oldc, newc], ignore_index=True),
/Users/zhangzc/fable-trading/yoyo/evaluation/spike_high_r_risk_study.py:181: FutureWarning: The behavior of DataFrame concatenation with empty or all-NA entries is deprecated. In a future version, this will no longer exclude empty or all-NA columns when determining the result dtypes. To retain the old behavior, exclude the relevant entries before the concat operation.
  tables = {"trades": pd.concat([baseline, treatment], ignore_index=True),
/Users/zhangzc/fable-trading/yoyo/evaluation/spike_high_r_risk_study.py:182: FutureWarning: The behavior of DataFrame concatenation with empty or all-NA entries is deprecated. In a future version, this will no longer exclude empty or all-NA columns when determining the result dtypes. To retain the old behavior, exclude the relevant entries before the concat operation.
  "controls": pd.concat([oldc, newc], ignore_index=True),
/Users/zhangzc/fable-trading/yoyo/evaluation/spike_high_r_risk_study.py:183: FutureWarning: The behavior of DataFrame concatenation with empty or all-NA entries is deprecated. In a future version, this will no longer exclude empty or all-NA columns when determining the result dtypes. To retain the old behavior, exclude the relevant entries before the concat operation.
  "fills": pd.concat([tag(bf, "baseline"), tag(tf, "high_r_entry_v21")], ignore_index=True),
/Users/zhangzc/fable-trading/yoyo/evaluation/spike_high_r_risk_study.py:181: FutureWarning: The behavior of DataFrame concatenation with empty or all-NA entries is deprecated. In a future version, this will no longer exclude empty or all-NA columns when determining the result dtypes. To retain the old behavior, exclude the relevant entries before the concat operation.
  tables = {"trades": pd.concat([baseline, treatment], ignore_index=True),
/Users/zhangzc/fable-trading/yoyo/evaluation/spike_high_r_risk_study.py:182: FutureWarning: The behavior of DataFrame concatenation with empty or all-NA entries is deprecated. In a future version, this will no longer exclude empty or all-NA columns when determining the result dtypes. To retain the old behavior, exclude the relevant entries before the concat operation.
  "controls": pd.concat([oldc, newc], ignore_index=True),
/Users/zhangzc/fable-trading/yoyo/evaluation/spike_high_r_risk_study.py:183: FutureWarning: The behavior of DataFrame concatenation with empty or all-NA entries is deprecated. In a future version, this will no longer exclude empty or all-NA columns when determining the result dtypes. To retain the old behavior, exclude the relevant entries before the concat operation.
  "fills": pd.concat([tag(bf, "baseline"), tag(tf, "high_r_entry_v21")], ignore_index=True),
/Users/zhangzc/fable-trading/yoyo/evaluation/spike_high_r_risk_study.py:182: FutureWarning: The behavior of DataFrame concatenation with empty or all-NA entries is deprecated. In a future version, this will no longer exclude empty or all-NA columns when determining the result dtypes. To retain the old behavior, exclude the relevant entries before the concat operation.
  "controls": pd.concat([oldc, newc], ignore_index=True),
/Users/zhangzc/fable-trading/yoyo/evaluation/spike_high_r_risk_study.py:182: FutureWarning: The behavior of DataFrame concatenation with empty or all-NA entries is deprecated. In a future version, this will no longer exclude empty or all-NA columns when determining the result dtypes. To retain the old behavior, exclude the relevant entries before the concat operation.
  "controls": pd.concat([oldc, newc], ignore_index=True),
/Users/zhangzc/fable-trading/yoyo/evaluation/spike_high_r_risk_study.py:182: FutureWarning: The behavior of DataFrame concatenation with empty or all-NA entries is deprecated. In a future version, this will no longer exclude empty or all-NA columns when determining the result dtypes. To retain the old behavior, exclude the relevant entries before the concat operation.
  "controls": pd.concat([oldc, newc], ignore_index=True),
/Users/zhangzc/fable-trading/yoyo/evaluation/spike_high_r_risk_study.py:182: FutureWarning: The behavior of DataFrame concatenation with empty or all-NA entries is deprecated. In a future version, this will no longer exclude empty or all-NA columns when determining the result dtypes. To retain the old behavior, exclude the relevant entries before the concat operation.
  "controls": pd.concat([oldc, newc], ignore_index=True),
/Users/zhangzc/fable-trading/yoyo/evaluation/spike_high_r_risk_study.py:182: FutureWarning: The behavior of DataFrame concatenation with empty or all-NA entries is deprecated. In a future version, this will no longer exclude empty or all-NA columns when determining the result dtypes. To retain the old behavior, exclude the relevant entries before the concat operation.
  "controls": pd.concat([oldc, newc], ignore_index=True),
/Users/zhangzc/fable-trading/yoyo/evaluation/spike_high_r_risk_study.py:182: FutureWarning: The behavior of DataFrame concatenation with empty or all-NA entries is deprecated. In a future version, this will no longer exclude empty or all-NA columns when determining the result dtypes. To retain the old behavior, exclude the relevant entries before the concat operation.
  "controls": pd.concat([oldc, newc], ignore_index=True),
/Users/zhangzc/fable-trading/yoyo/evaluation/spike_high_r_risk_study.py:182: FutureWarning: The behavior of DataFrame concatenation with empty or all-NA entries is deprecated. In a future version, this will no longer exclude empty or all-NA columns when determining the result dtypes. To retain the old behavior, exclude the relevant entries before the concat operation.
  "controls": pd.concat([oldc, newc], ignore_index=True),
/Users/zhangzc/fable-trading/yoyo/evaluation/spike_high_r_risk_study.py:182: FutureWarning: The behavior of DataFrame concatenation with empty or all-NA entries is deprecated. In a future version, this will no longer exclude empty or all-NA columns when determining the result dtypes. To retain the old behavior, exclude the relevant entries before the concat operation.
  "controls": pd.concat([oldc, newc], ignore_index=True),
/Users/zhangzc/fable-trading/yoyo/evaluation/spike_high_r_risk_study.py:182: FutureWarning: The behavior of DataFrame concatenation with empty or all-NA entries is deprecated. In a future version, this will no longer exclude empty or all-NA columns when determining the result dtypes. To retain the old behavior, exclude the relevant entries before the concat operation.
  "controls": pd.concat([oldc, newc], ignore_index=True),
/Users/zhangzc/fable-trading/yoyo/evaluation/spike_high_r_risk_study.py:182: FutureWarning: The behavior of DataFrame concatenation with empty or all-NA entries is deprecated. In a future version, this will no longer exclude empty or all-NA columns when determining the result dtypes. To retain the old behavior, exclude the relevant entries before the concat operation.
  "controls": pd.concat([oldc, newc], ignore_index=True),
/Users/zhangzc/fable-trading/yoyo/evaluation/spike_high_r_risk_study.py:182: FutureWarning: The behavior of DataFrame concatenation with empty or all-NA entries is deprecated. In a future version, this will no longer exclude empty or all-NA columns when determining the result dtypes. To retain the old behavior, exclude the relevant entries before the concat operation.
  "controls": pd.concat([oldc, newc], ignore_index=True),
/Users/zhangzc/fable-trading/yoyo/evaluation/spike_high_r_risk_study.py:182: FutureWarning: The behavior of DataFrame concatenation with empty or all-NA entries is deprecated. In a future version, this will no longer exclude empty or all-NA columns when determining the result dtypes. To retain the old behavior, exclude the relevant entries before the concat operation.
  "controls": pd.concat([oldc, newc], ignore_index=True),
/Users/zhangzc/fable-trading/yoyo/evaluation/spike_high_r_risk_study.py:182: FutureWarning: The behavior of DataFrame concatenation with empty or all-NA entries is deprecated. In a future version, this will no longer exclude empty or all-NA columns when determining the result dtypes. To retain the old behavior, exclude the relevant entries before the concat operation.
  "controls": pd.concat([oldc, newc], ignore_index=True),
/Users/zhangzc/fable-trading/yoyo/evaluation/spike_high_r_risk_study.py:182: FutureWarning: The behavior of DataFrame concatenation with empty or all-NA entries is deprecated. In a future version, this will no longer exclude empty or all-NA columns when determining the result dtypes. To retain the old behavior, exclude the relevant entries before the concat operation.
  "controls": pd.concat([oldc, newc], ignore_index=True),
/Users/zhangzc/fable-trading/yoyo/evaluation/spike_high_r_risk_study.py:182: FutureWarning: The behavior of DataFrame concatenation with empty or all-NA entries is deprecated. In a future version, this will no longer exclude empty or all-NA columns when determining the result dtypes. To retain the old behavior, exclude the relevant entries before the concat operation.
  "controls": pd.concat([oldc, newc], ignore_index=True),
/Users/zhangzc/fable-trading/yoyo/evaluation/spike_high_r_risk_study.py:182: FutureWarning: The behavior of DataFrame concatenation with empty or all-NA entries is deprecated. In a future version, this will no longer exclude empty or all-NA columns when determining the result dtypes. To retain the old behavior, exclude the relevant entries before the concat operation.
  "controls": pd.concat([oldc, newc], ignore_index=True),
/Users/zhangzc/fable-trading/yoyo/evaluation/spike_high_r_risk_study.py:182: FutureWarning: The behavior of DataFrame concatenation with empty or all-NA entries is deprecated. In a future version, this will no longer exclude empty or all-NA columns when determining the result dtypes. To retain the old behavior, exclude the relevant entries before the concat operation.
  "controls": pd.concat([oldc, newc], ignore_index=True),
/Users/zhangzc/fable-trading/yoyo/evaluation/spike_high_r_risk_study.py:181: FutureWarning: The behavior of DataFrame concatenation with empty or all-NA entries is deprecated. In a future version, this will no longer exclude empty or all-NA columns when determining the result dtypes. To retain the old behavior, exclude the relevant entries before the concat operation.
  tables = {"trades": pd.concat([baseline, treatment], ignore_index=True),
/Users/zhangzc/fable-trading/yoyo/evaluation/spike_high_r_risk_study.py:182: FutureWarning: The behavior of DataFrame concatenation with empty or all-NA entries is deprecated. In a future version, this will no longer exclude empty or all-NA columns when determining the result dtypes. To retain the old behavior, exclude the relevant entries before the concat operation.
  "controls": pd.concat([oldc, newc], ignore_index=True),
/Users/zhangzc/fable-trading/yoyo/evaluation/spike_high_r_risk_study.py:183: FutureWarning: The behavior of DataFrame concatenation with empty or all-NA entries is deprecated. In a future version, this will no longer exclude empty or all-NA columns when determining the result dtypes. To retain the old behavior, exclude the relevant entries before the concat operation.
  "fills": pd.concat([tag(bf, "baseline"), tag(tf, "high_r_entry_v21")], ignore_index=True),
/Users/zhangzc/fable-trading/yoyo/evaluation/spike_high_r_risk_study.py:182: FutureWarning: The behavior of DataFrame concatenation with empty or all-NA entries is deprecated. In a future version, this will no longer exclude empty or all-NA columns when determining the result dtypes. To retain the old behavior, exclude the relevant entries before the concat operation.
  "controls": pd.concat([oldc, newc], ignore_index=True),
/Users/zhangzc/fable-trading/yoyo/evaluation/spike_high_r_risk_study.py:182: FutureWarning: The behavior of DataFrame concatenation with empty or all-NA entries is deprecated. In a future version, this will no longer exclude empty or all-NA columns when determining the result dtypes. To retain the old behavior, exclude the relevant entries before the concat operation.
  "controls": pd.concat([oldc, newc], ignore_index=True),
/Users/zhangzc/fable-trading/yoyo/evaluation/spike_high_r_risk_study.py:182: FutureWarning: The behavior of DataFrame concatenation with empty or all-NA entries is deprecated. In a future version, this will no longer exclude empty or all-NA columns when determining the result dtypes. To retain the old behavior, exclude the relevant entries before the concat operation.
  "controls": pd.concat([oldc, newc], ignore_index=True),
/Users/zhangzc/fable-trading/yoyo/evaluation/spike_high_r_risk_study.py:182: FutureWarning: The behavior of DataFrame concatenation with empty or all-NA entries is deprecated. In a future version, this will no longer exclude empty or all-NA columns when determining the result dtypes. To retain the old behavior, exclude the relevant entries before the concat operation.
  "controls": pd.concat([oldc, newc], ignore_index=True),
/Users/zhangzc/fable-trading/yoyo/evaluation/spike_high_r_risk_study.py:182: FutureWarning: The behavior of DataFrame concatenation with empty or all-NA entries is deprecated. In a future version, this will no longer exclude empty or all-NA columns when determining the result dtypes. To retain the old behavior, exclude the relevant entries before the concat operation.
  "controls": pd.concat([oldc, newc], ignore_index=True),
/Users/zhangzc/fable-trading/yoyo/evaluation/spike_high_r_risk_study.py:182: FutureWarning: The behavior of DataFrame concatenation with empty or all-NA entries is deprecated. In a future version, this will no longer exclude empty or all-NA columns when determining the result dtypes. To retain the old behavior, exclude the relevant entries before the concat operation.
  "controls": pd.concat([oldc, newc], ignore_index=True),
/Users/zhangzc/fable-trading/yoyo/evaluation/spike_high_r_risk_study.py:182: FutureWarning: The behavior of DataFrame concatenation with empty or all-NA entries is deprecated. In a future version, this will no longer exclude empty or all-NA columns when determining the result dtypes. To retain the old behavior, exclude the relevant entries before the concat operation.
  "controls": pd.concat([oldc, newc], ignore_index=True),
{"done": 2450, "target": 3531, "failures": 0, "seconds": 155.2}
/Users/zhangzc/fable-trading/yoyo/evaluation/spike_high_r_risk_study.py:182: FutureWarning: The behavior of DataFrame concatenation with empty or all-NA entries is deprecated. In a future version, this will no longer exclude empty or all-NA columns when determining the result dtypes. To retain the old behavior, exclude the relevant entries before the concat operation.
  "controls": pd.concat([oldc, newc], ignore_index=True),
/Users/zhangzc/fable-trading/yoyo/evaluation/spike_high_r_risk_study.py:182: FutureWarning: The behavior of DataFrame concatenation with empty or all-NA entries is deprecated. In a future version, this will no longer exclude empty or all-NA columns when determining the result dtypes. To retain the old behavior, exclude the relevant entries before the concat operation.
  "controls": pd.concat([oldc, newc], ignore_index=True),
/Users/zhangzc/fable-trading/yoyo/evaluation/spike_high_r_risk_study.py:182: FutureWarning: The behavior of DataFrame concatenation with empty or all-NA entries is deprecated. In a future version, this will no longer exclude empty or all-NA columns when determining the result dtypes. To retain the old behavior, exclude the relevant entries before the concat operation.
  "controls": pd.concat([oldc, newc], ignore_index=True),
/Users/zhangzc/fable-trading/yoyo/evaluation/spike_high_r_risk_study.py:182: FutureWarning: The behavior of DataFrame concatenation with empty or all-NA entries is deprecated. In a future version, this will no longer exclude empty or all-NA columns when determining the result dtypes. To retain the old behavior, exclude the relevant entries before the concat operation.
  "controls": pd.concat([oldc, newc], ignore_index=True),
/Users/zhangzc/fable-trading/yoyo/evaluation/spike_high_r_risk_study.py:182: FutureWarning: The behavior of DataFrame concatenation with empty or all-NA entries is deprecated. In a future version, this will no longer exclude empty or all-NA columns when determining the result dtypes. To retain the old behavior, exclude the relevant entries before the concat operation.
  "controls": pd.concat([oldc, newc], ignore_index=True),
/Users/zhangzc/fable-trading/yoyo/evaluation/spike_high_r_risk_study.py:181: FutureWarning: The behavior of DataFrame concatenation with empty or all-NA entries is deprecated. In a future version, this will no longer exclude empty or all-NA columns when determining the result dtypes. To retain the old behavior, exclude the relevant entries before the concat operation.
  tables = {"trades": pd.concat([baseline, treatment], ignore_index=True),
/Users/zhangzc/fable-trading/yoyo/evaluation/spike_high_r_risk_study.py:182: FutureWarning: The behavior of DataFrame concatenation with empty or all-NA entries is deprecated. In a future version, this will no longer exclude empty or all-NA columns when determining the result dtypes. To retain the old behavior, exclude the relevant entries before the concat operation.
  "controls": pd.concat([oldc, newc], ignore_index=True),
/Users/zhangzc/fable-trading/yoyo/evaluation/spike_high_r_risk_study.py:183: FutureWarning: The behavior of DataFrame concatenation with empty or all-NA entries is deprecated. In a future version, this will no longer exclude empty or all-NA columns when determining the result dtypes. To retain the old behavior, exclude the relevant entries before the concat operation.
  "fills": pd.concat([tag(bf, "baseline"), tag(tf, "high_r_entry_v21")], ignore_index=True),
/Users/zhangzc/fable-trading/yoyo/evaluation/spike_high_r_risk_study.py:182: FutureWarning: The behavior of DataFrame concatenation with empty or all-NA entries is deprecated. In a future version, this will no longer exclude empty or all-NA columns when determining the result dtypes. To retain the old behavior, exclude the relevant entries before the concat operation.
  "controls": pd.concat([oldc, newc], ignore_index=True),
/Users/zhangzc/fable-trading/yoyo/evaluation/spike_high_r_risk_study.py:182: FutureWarning: The behavior of DataFrame concatenation with empty or all-NA entries is deprecated. In a future version, this will no longer exclude empty or all-NA columns when determining the result dtypes. To retain the old behavior, exclude the relevant entries before the concat operation.
  "controls": pd.concat([oldc, newc], ignore_index=True),
/Users/zhangzc/fable-trading/yoyo/evaluation/spike_high_r_risk_study.py:182: FutureWarning: The behavior of DataFrame concatenation with empty or all-NA entries is deprecated. In a future version, this will no longer exclude empty or all-NA columns when determining the result dtypes. To retain the old behavior, exclude the relevant entries before the concat operation.
  "controls": pd.concat([oldc, newc], ignore_index=True),
/Users/zhangzc/fable-trading/yoyo/evaluation/spike_high_r_risk_study.py:181: FutureWarning: The behavior of DataFrame concatenation with empty or all-NA entries is deprecated. In a future version, this will no longer exclude empty or all-NA columns when determining the result dtypes. To retain the old behavior, exclude the relevant entries before the concat operation.
  tables = {"trades": pd.concat([baseline, treatment], ignore_index=True),
/Users/zhangzc/fable-trading/yoyo/evaluation/spike_high_r_risk_study.py:182: FutureWarning: The behavior of DataFrame concatenation with empty or all-NA entries is deprecated. In a future version, this will no longer exclude empty or all-NA columns when determining the result dtypes. To retain the old behavior, exclude the relevant entries before the concat operation.
  "controls": pd.concat([oldc, newc], ignore_index=True),
/Users/zhangzc/fable-trading/yoyo/evaluation/spike_high_r_risk_study.py:183: FutureWarning: The behavior of DataFrame concatenation with empty or all-NA entries is deprecated. In a future version, this will no longer exclude empty or all-NA columns when determining the result dtypes. To retain the old behavior, exclude the relevant entries before the concat operation.
  "fills": pd.concat([tag(bf, "baseline"), tag(tf, "high_r_entry_v21")], ignore_index=True),
/Users/zhangzc/fable-trading/yoyo/evaluation/spike_high_r_risk_study.py:182: FutureWarning: The behavior of DataFrame concatenation with empty or all-NA entries is deprecated. In a future version, this will no longer exclude empty or all-NA columns when determining the result dtypes. To retain the old behavior, exclude the relevant entries before the concat operation.
  "controls": pd.concat([oldc, newc], ignore_index=True),
/Users/zhangzc/fable-trading/yoyo/evaluation/spike_high_r_risk_study.py:182: FutureWarning: The behavior of DataFrame concatenation with empty or all-NA entries is deprecated. In a future version, this will no longer exclude empty or all-NA columns when determining the result dtypes. To retain the old behavior, exclude the relevant entries before the concat operation.
  "controls": pd.concat([oldc, newc], ignore_index=True),
/Users/zhangzc/fable-trading/yoyo/evaluation/spike_high_r_risk_study.py:182: FutureWarning: The behavior of DataFrame concatenation with empty or all-NA entries is deprecated. In a future version, this will no longer exclude empty or all-NA columns when determining the result dtypes. To retain the old behavior, exclude the relevant entries before the concat operation.
  "controls": pd.concat([oldc, newc], ignore_index=True),
/Users/zhangzc/fable-trading/yoyo/evaluation/spike_high_r_risk_study.py:182: FutureWarning: The behavior of DataFrame concatenation with empty or all-NA entries is deprecated. In a future version, this will no longer exclude empty or all-NA columns when determining the result dtypes. To retain the old behavior, exclude the relevant entries before the concat operation.
  "controls": pd.concat([oldc, newc], ignore_index=True),
/Users/zhangzc/fable-trading/yoyo/evaluation/spike_high_r_risk_study.py:182: FutureWarning: The behavior of DataFrame concatenation with empty or all-NA entries is deprecated. In a future version, this will no longer exclude empty or all-NA columns when determining the result dtypes. To retain the old behavior, exclude the relevant entries before the concat operation.
  "controls": pd.concat([oldc, newc], ignore_index=True),
/Users/zhangzc/fable-trading/yoyo/evaluation/spike_high_r_risk_study.py:182: FutureWarning: The behavior of DataFrame concatenation with empty or all-NA entries is deprecated. In a future version, this will no longer exclude empty or all-NA columns when determining the result dtypes. To retain the old behavior, exclude the relevant entries before the concat operation.
  "controls": pd.concat([oldc, newc], ignore_index=True),
/Users/zhangzc/fable-trading/yoyo/evaluation/spike_high_r_risk_study.py:181: FutureWarning: The behavior of DataFrame concatenation with empty or all-NA entries is deprecated. In a future version, this will no longer exclude empty or all-NA columns when determining the result dtypes. To retain the old behavior, exclude the relevant entries before the concat operation.
  tables = {"trades": pd.concat([baseline, treatment], ignore_index=True),
/Users/zhangzc/fable-trading/yoyo/evaluation/spike_high_r_risk_study.py:183: FutureWarning: The behavior of DataFrame concatenation with empty or all-NA entries is deprecated. In a future version, this will no longer exclude empty or all-NA columns when determining the result dtypes. To retain the old behavior, exclude the relevant entries before the concat operation.
  "fills": pd.concat([tag(bf, "baseline"), tag(tf, "high_r_entry_v21")], ignore_index=True),
/Users/zhangzc/fable-trading/yoyo/evaluation/spike_high_r_risk_study.py:182: FutureWarning: The behavior of DataFrame concatenation with empty or all-NA entries is deprecated. In a future version, this will no longer exclude empty or all-NA columns when determining the result dtypes. To retain the old behavior, exclude the relevant entries before the concat operation.
  "controls": pd.concat([oldc, newc], ignore_index=True),
/Users/zhangzc/fable-trading/yoyo/evaluation/spike_high_r_risk_study.py:182: FutureWarning: The behavior of DataFrame concatenation with empty or all-NA entries is deprecated. In a future version, this will no longer exclude empty or all-NA columns when determining the result dtypes. To retain the old behavior, exclude the relevant entries before the concat operation.
  "controls": pd.concat([oldc, newc], ignore_index=True),
/Users/zhangzc/fable-trading/yoyo/evaluation/spike_high_r_risk_study.py:182: FutureWarning: The behavior of DataFrame concatenation with empty or all-NA entries is deprecated. In a future version, this will no longer exclude empty or all-NA columns when determining the result dtypes. To retain the old behavior, exclude the relevant entries before the concat operation.
  "controls": pd.concat([oldc, newc], ignore_index=True),
/Users/zhangzc/fable-trading/yoyo/evaluation/spike_high_r_risk_study.py:182: FutureWarning: The behavior of DataFrame concatenation with empty or all-NA entries is deprecated. In a future version, this will no longer exclude empty or all-NA columns when determining the result dtypes. To retain the old behavior, exclude the relevant entries before the concat operation.
  "controls": pd.concat([oldc, newc], ignore_index=True),
{"done": 2500, "target": 3531, "failures": 0, "seconds": 156.8}
/Users/zhangzc/fable-trading/yoyo/evaluation/spike_high_r_risk_study.py:181: FutureWarning: The behavior of DataFrame concatenation with empty or all-NA entries is deprecated. In a future version, this will no longer exclude empty or all-NA columns when determining the result dtypes. To retain the old behavior, exclude the relevant entries before the concat operation.
  tables = {"trades": pd.concat([baseline, treatment], ignore_index=True),
/Users/zhangzc/fable-trading/yoyo/evaluation/spike_high_r_risk_study.py:182: FutureWarning: The behavior of DataFrame concatenation with empty or all-NA entries is deprecated. In a future version, this will no longer exclude empty or all-NA columns when determining the result dtypes. To retain the old behavior, exclude the relevant entries before the concat operation.
  "controls": pd.concat([oldc, newc], ignore_index=True),
/Users/zhangzc/fable-trading/yoyo/evaluation/spike_high_r_risk_study.py:183: FutureWarning: The behavior of DataFrame concatenation with empty or all-NA entries is deprecated. In a future version, this will no longer exclude empty or all-NA columns when determining the result dtypes. To retain the old behavior, exclude the relevant entries before the concat operation.
  "fills": pd.concat([tag(bf, "baseline"), tag(tf, "high_r_entry_v21")], ignore_index=True),
/Users/zhangzc/fable-trading/yoyo/evaluation/spike_high_r_risk_study.py:182: FutureWarning: The behavior of DataFrame concatenation with empty or all-NA entries is deprecated. In a future version, this will no longer exclude empty or all-NA columns when determining the result dtypes. To retain the old behavior, exclude the relevant entries before the concat operation.
  "controls": pd.concat([oldc, newc], ignore_index=True),
/Users/zhangzc/fable-trading/yoyo/evaluation/spike_high_r_risk_study.py:182: FutureWarning: The behavior of DataFrame concatenation with empty or all-NA entries is deprecated. In a future version, this will no longer exclude empty or all-NA columns when determining the result dtypes. To retain the old behavior, exclude the relevant entries before the concat operation.
  "controls": pd.concat([oldc, newc], ignore_index=True),
/Users/zhangzc/fable-trading/yoyo/evaluation/spike_high_r_risk_study.py:182: FutureWarning: The behavior of DataFrame concatenation with empty or all-NA entries is deprecated. In a future version, this will no longer exclude empty or all-NA columns when determining the result dtypes. To retain the old behavior, exclude the relevant entries before the concat operation.
  "controls": pd.concat([oldc, newc], ignore_index=True),
/Users/zhangzc/fable-trading/yoyo/evaluation/spike_high_r_risk_study.py:182: FutureWarning: The behavior of DataFrame concatenation with empty or all-NA entries is deprecated. In a future version, this will no longer exclude empty or all-NA columns when determining the result dtypes. To retain the old behavior, exclude the relevant entries before the concat operation.
  "controls": pd.concat([oldc, newc], ignore_index=True),
/Users/zhangzc/fable-trading/yoyo/evaluation/spike_high_r_risk_study.py:182: FutureWarning: The behavior of DataFrame concatenation with empty or all-NA entries is deprecated. In a future version, this will no longer exclude empty or all-NA columns when determining the result dtypes. To retain the old behavior, exclude the relevant entries before the concat operation.
  "controls": pd.concat([oldc, newc], ignore_index=True),
/Users/zhangzc/fable-trading/yoyo/evaluation/spike_high_r_risk_study.py:182: FutureWarning: The behavior of DataFrame concatenation with empty or all-NA entries is deprecated. In a future version, this will no longer exclude empty or all-NA columns when determining the result dtypes. To retain the old behavior, exclude the relevant entries before the concat operation.
  "controls": pd.concat([oldc, newc], ignore_index=True),
/Users/zhangzc/fable-trading/yoyo/evaluation/spike_high_r_risk_study.py:181: FutureWarning: The behavior of DataFrame concatenation with empty or all-NA entries is deprecated. In a future version, this will no longer exclude empty or all-NA columns when determining the result dtypes. To retain the old behavior, exclude the relevant entries before the concat operation.
  tables = {"trades": pd.concat([baseline, treatment], ignore_index=True),
/Users/zhangzc/fable-trading/yoyo/evaluation/spike_high_r_risk_study.py:182: FutureWarning: The behavior of DataFrame concatenation with empty or all-NA entries is deprecated. In a future version, this will no longer exclude empty or all-NA columns when determining the result dtypes. To retain the old behavior, exclude the relevant entries before the concat operation.
  "controls": pd.concat([oldc, newc], ignore_index=True),
/Users/zhangzc/fable-trading/yoyo/evaluation/spike_high_r_risk_study.py:183: FutureWarning: The behavior of DataFrame concatenation with empty or all-NA entries is deprecated. In a future version, this will no longer exclude empty or all-NA columns when determining the result dtypes. To retain the old behavior, exclude the relevant entries before the concat operation.
  "fills": pd.concat([tag(bf, "baseline"), tag(tf, "high_r_entry_v21")], ignore_index=True),
/Users/zhangzc/fable-trading/yoyo/evaluation/spike_high_r_risk_study.py:181: FutureWarning: The behavior of DataFrame concatenation with empty or all-NA entries is deprecated. In a future version, this will no longer exclude empty or all-NA columns when determining the result dtypes. To retain the old behavior, exclude the relevant entries before the concat operation.
  tables = {"trades": pd.concat([baseline, treatment], ignore_index=True),
/Users/zhangzc/fable-trading/yoyo/evaluation/spike_high_r_risk_study.py:182: FutureWarning: The behavior of DataFrame concatenation with empty or all-NA entries is deprecated. In a future version, this will no longer exclude empty or all-NA columns when determining the result dtypes. To retain the old behavior, exclude the relevant entries before the concat operation.
  "controls": pd.concat([oldc, newc], ignore_index=True),
/Users/zhangzc/fable-trading/yoyo/evaluation/spike_high_r_risk_study.py:183: FutureWarning: The behavior of DataFrame concatenation with empty or all-NA entries is deprecated. In a future version, this will no longer exclude empty or all-NA columns when determining the result dtypes. To retain the old behavior, exclude the relevant entries before the concat operation.
  "fills": pd.concat([tag(bf, "baseline"), tag(tf, "high_r_entry_v21")], ignore_index=True),
/Users/zhangzc/fable-trading/yoyo/evaluation/spike_high_r_risk_study.py:182: FutureWarning: The behavior of DataFrame concatenation with empty or all-NA entries is deprecated. In a future version, this will no longer exclude empty or all-NA columns when determining the result dtypes. To retain the old behavior, exclude the relevant entries before the concat operation.
  "controls": pd.concat([oldc, newc], ignore_index=True),
/Users/zhangzc/fable-trading/yoyo/evaluation/spike_high_r_risk_study.py:182: FutureWarning: The behavior of DataFrame concatenation with empty or all-NA entries is deprecated. In a future version, this will no longer exclude empty or all-NA columns when determining the result dtypes. To retain the old behavior, exclude the relevant entries before the concat operation.
  "controls": pd.concat([oldc, newc], ignore_index=True),
/Users/zhangzc/fable-trading/yoyo/evaluation/spike_high_r_risk_study.py:181: FutureWarning: The behavior of DataFrame concatenation with empty or all-NA entries is deprecated. In a future version, this will no longer exclude empty or all-NA columns when determining the result dtypes. To retain the old behavior, exclude the relevant entries before the concat operation.
  tables = {"trades": pd.concat([baseline, treatment], ignore_index=True),
/Users/zhangzc/fable-trading/yoyo/evaluation/spike_high_r_risk_study.py:182: FutureWarning: The behavior of DataFrame concatenation with empty or all-NA entries is deprecated. In a future version, this will no longer exclude empty or all-NA columns when determining the result dtypes. To retain the old behavior, exclude the relevant entries before the concat operation.
  "controls": pd.concat([oldc, newc], ignore_index=True),
/Users/zhangzc/fable-trading/yoyo/evaluation/spike_high_r_risk_study.py:183: FutureWarning: The behavior of DataFrame concatenation with empty or all-NA entries is deprecated. In a future version, this will no longer exclude empty or all-NA columns when determining the result dtypes. To retain the old behavior, exclude the relevant entries before the concat operation.
  "fills": pd.concat([tag(bf, "baseline"), tag(tf, "high_r_entry_v21")], ignore_index=True),
/Users/zhangzc/fable-trading/yoyo/evaluation/spike_high_r_risk_study.py:182: FutureWarning: The behavior of DataFrame concatenation with empty or all-NA entries is deprecated. In a future version, this will no longer exclude empty or all-NA columns when determining the result dtypes. To retain the old behavior, exclude the relevant entries before the concat operation.
  "controls": pd.concat([oldc, newc], ignore_index=True),
/Users/zhangzc/fable-trading/yoyo/evaluation/spike_high_r_risk_study.py:182: FutureWarning: The behavior of DataFrame concatenation with empty or all-NA entries is deprecated. In a future version, this will no longer exclude empty or all-NA columns when determining the result dtypes. To retain the old behavior, exclude the relevant entries before the concat operation.
  "controls": pd.concat([oldc, newc], ignore_index=True),
/Users/zhangzc/fable-trading/yoyo/evaluation/spike_high_r_risk_study.py:181: FutureWarning: The behavior of DataFrame concatenation with empty or all-NA entries is deprecated. In a future version, this will no longer exclude empty or all-NA columns when determining the result dtypes. To retain the old behavior, exclude the relevant entries before the concat operation.
  tables = {"trades": pd.concat([baseline, treatment], ignore_index=True),
/Users/zhangzc/fable-trading/yoyo/evaluation/spike_high_r_risk_study.py:182: FutureWarning: The behavior of DataFrame concatenation with empty or all-NA entries is deprecated. In a future version, this will no longer exclude empty or all-NA columns when determining the result dtypes. To retain the old behavior, exclude the relevant entries before the concat operation.
  "controls": pd.concat([oldc, newc], ignore_index=True),
/Users/zhangzc/fable-trading/yoyo/evaluation/spike_high_r_risk_study.py:183: FutureWarning: The behavior of DataFrame concatenation with empty or all-NA entries is deprecated. In a future version, this will no longer exclude empty or all-NA columns when determining the result dtypes. To retain the old behavior, exclude the relevant entries before the concat operation.
  "fills": pd.concat([tag(bf, "baseline"), tag(tf, "high_r_entry_v21")], ignore_index=True),
/Users/zhangzc/fable-trading/yoyo/evaluation/spike_high_r_risk_study.py:182: FutureWarning: The behavior of DataFrame concatenation with empty or all-NA entries is deprecated. In a future version, this will no longer exclude empty or all-NA columns when determining the result dtypes. To retain the old behavior, exclude the relevant entries before the concat operation.
  "controls": pd.concat([oldc, newc], ignore_index=True),
/Users/zhangzc/fable-trading/yoyo/evaluation/spike_high_r_risk_study.py:182: FutureWarning: The behavior of DataFrame concatenation with empty or all-NA entries is deprecated. In a future version, this will no longer exclude empty or all-NA columns when determining the result dtypes. To retain the old behavior, exclude the relevant entries before the concat operation.
  "controls": pd.concat([oldc, newc], ignore_index=True),
/Users/zhangzc/fable-trading/yoyo/evaluation/spike_high_r_risk_study.py:182: FutureWarning: The behavior of DataFrame concatenation with empty or all-NA entries is deprecated. In a future version, this will no longer exclude empty or all-NA columns when determining the result dtypes. To retain the old behavior, exclude the relevant entries before the concat operation.
  "controls": pd.concat([oldc, newc], ignore_index=True),
/Users/zhangzc/fable-trading/yoyo/evaluation/spike_high_r_risk_study.py:182: FutureWarning: The behavior of DataFrame concatenation with empty or all-NA entries is deprecated. In a future version, this will no longer exclude empty or all-NA columns when determining the result dtypes. To retain the old behavior, exclude the relevant entries before the concat operation.
  "controls": pd.concat([oldc, newc], ignore_index=True),
{"done": 2550, "target": 3531, "failures": 0, "seconds": 158.3}
/Users/zhangzc/fable-trading/yoyo/evaluation/spike_high_r_risk_study.py:182: FutureWarning: The behavior of DataFrame concatenation with empty or all-NA entries is deprecated. In a future version, this will no longer exclude empty or all-NA columns when determining the result dtypes. To retain the old behavior, exclude the relevant entries before the concat operation.
  "controls": pd.concat([oldc, newc], ignore_index=True),
/Users/zhangzc/fable-trading/yoyo/evaluation/spike_high_r_risk_study.py:182: FutureWarning: The behavior of DataFrame concatenation with empty or all-NA entries is deprecated. In a future version, this will no longer exclude empty or all-NA columns when determining the result dtypes. To retain the old behavior, exclude the relevant entries before the concat operation.
  "controls": pd.concat([oldc, newc], ignore_index=True),
/Users/zhangzc/fable-trading/yoyo/evaluation/spike_high_r_risk_study.py:182: FutureWarning: The behavior of DataFrame concatenation with empty or all-NA entries is deprecated. In a future version, this will no longer exclude empty or all-NA columns when determining the result dtypes. To retain the old behavior, exclude the relevant entries before the concat operation.
  "controls": pd.concat([oldc, newc], ignore_index=True),
/Users/zhangzc/fable-trading/yoyo/evaluation/spike_high_r_risk_study.py:182: FutureWarning: The behavior of DataFrame concatenation with empty or all-NA entries is deprecated. In a future version, this will no longer exclude empty or all-NA columns when determining the result dtypes. To retain the old behavior, exclude the relevant entries before the concat operation.
  "controls": pd.concat([oldc, newc], ignore_index=True),
/Users/zhangzc/fable-trading/yoyo/evaluation/spike_high_r_risk_study.py:182: FutureWarning: The behavior of DataFrame concatenation with empty or all-NA entries is deprecated. In a future version, this will no longer exclude empty or all-NA columns when determining the result dtypes. To retain the old behavior, exclude the relevant entries before the concat operation.
  "controls": pd.concat([oldc, newc], ignore_index=True),
/Users/zhangzc/fable-trading/yoyo/evaluation/spike_high_r_risk_study.py:182: FutureWarning: The behavior of DataFrame concatenation with empty or all-NA entries is deprecated. In a future version, this will no longer exclude empty or all-NA columns when determining the result dtypes. To retain the old behavior, exclude the relevant entries before the concat operation.
  "controls": pd.concat([oldc, newc], ignore_index=True),
/Users/zhangzc/fable-trading/yoyo/evaluation/spike_high_r_risk_study.py:181: FutureWarning: The behavior of DataFrame concatenation with empty or all-NA entries is deprecated. In a future version, this will no longer exclude empty or all-NA columns when determining the result dtypes. To retain the old behavior, exclude the relevant entries before the concat operation.
  tables = {"trades": pd.concat([baseline, treatment], ignore_index=True),
/Users/zhangzc/fable-trading/yoyo/evaluation/spike_high_r_risk_study.py:182: FutureWarning: The behavior of DataFrame concatenation with empty or all-NA entries is deprecated. In a future version, this will no longer exclude empty or all-NA columns when determining the result dtypes. To retain the old behavior, exclude the relevant entries before the concat operation.
  "controls": pd.concat([oldc, newc], ignore_index=True),
/Users/zhangzc/fable-trading/yoyo/evaluation/spike_high_r_risk_study.py:183: FutureWarning: The behavior of DataFrame concatenation with empty or all-NA entries is deprecated. In a future version, this will no longer exclude empty or all-NA columns when determining the result dtypes. To retain the old behavior, exclude the relevant entries before the concat operation.
  "fills": pd.concat([tag(bf, "baseline"), tag(tf, "high_r_entry_v21")], ignore_index=True),
/Users/zhangzc/fable-trading/yoyo/evaluation/spike_high_r_risk_study.py:182: FutureWarning: The behavior of DataFrame concatenation with empty or all-NA entries is deprecated. In a future version, this will no longer exclude empty or all-NA columns when determining the result dtypes. To retain the old behavior, exclude the relevant entries before the concat operation.
  "controls": pd.concat([oldc, newc], ignore_index=True),
/Users/zhangzc/fable-trading/yoyo/evaluation/spike_high_r_risk_study.py:181: FutureWarning: The behavior of DataFrame concatenation with empty or all-NA entries is deprecated. In a future version, this will no longer exclude empty or all-NA columns when determining the result dtypes. To retain the old behavior, exclude the relevant entries before the concat operation.
  tables = {"trades": pd.concat([baseline, treatment], ignore_index=True),
/Users/zhangzc/fable-trading/yoyo/evaluation/spike_high_r_risk_study.py:182: FutureWarning: The behavior of DataFrame concatenation with empty or all-NA entries is deprecated. In a future version, this will no longer exclude empty or all-NA columns when determining the result dtypes. To retain the old behavior, exclude the relevant entries before the concat operation.
  "controls": pd.concat([oldc, newc], ignore_index=True),
/Users/zhangzc/fable-trading/yoyo/evaluation/spike_high_r_risk_study.py:183: FutureWarning: The behavior of DataFrame concatenation with empty or all-NA entries is deprecated. In a future version, this will no longer exclude empty or all-NA columns when determining the result dtypes. To retain the old behavior, exclude the relevant entries before the concat operation.
  "fills": pd.concat([tag(bf, "baseline"), tag(tf, "high_r_entry_v21")], ignore_index=True),
/Users/zhangzc/fable-trading/yoyo/evaluation/spike_high_r_risk_study.py:182: FutureWarning: The behavior of DataFrame concatenation with empty or all-NA entries is deprecated. In a future version, this will no longer exclude empty or all-NA columns when determining the result dtypes. To retain the old behavior, exclude the relevant entries before the concat operation.
  "controls": pd.concat([oldc, newc], ignore_index=True),
/Users/zhangzc/fable-trading/yoyo/evaluation/spike_high_r_risk_study.py:182: FutureWarning: The behavior of DataFrame concatenation with empty or all-NA entries is deprecated. In a future version, this will no longer exclude empty or all-NA columns when determining the result dtypes. To retain the old behavior, exclude the relevant entries before the concat operation.
  "controls": pd.concat([oldc, newc], ignore_index=True),
/Users/zhangzc/fable-trading/yoyo/evaluation/spike_high_r_risk_study.py:182: FutureWarning: The behavior of DataFrame concatenation with empty or all-NA entries is deprecated. In a future version, this will no longer exclude empty or all-NA columns when determining the result dtypes. To retain the old behavior, exclude the relevant entries before the concat operation.
  "controls": pd.concat([oldc, newc], ignore_index=True),
/Users/zhangzc/fable-trading/yoyo/evaluation/spike_high_r_risk_study.py:182: FutureWarning: The behavior of DataFrame concatenation with empty or all-NA entries is deprecated. In a future version, this will no longer exclude empty or all-NA columns when determining the result dtypes. To retain the old behavior, exclude the relevant entries before the concat operation.
  "controls": pd.concat([oldc, newc], ignore_index=True),
/Users/zhangzc/fable-trading/yoyo/evaluation/spike_high_r_risk_study.py:182: FutureWarning: The behavior of DataFrame concatenation with empty or all-NA entries is deprecated. In a future version, this will no longer exclude empty or all-NA columns when determining the result dtypes. To retain the old behavior, exclude the relevant entries before the concat operation.
  "controls": pd.concat([oldc, newc], ignore_index=True),
/Users/zhangzc/fable-trading/yoyo/evaluation/spike_high_r_risk_study.py:182: FutureWarning: The behavior of DataFrame concatenation with empty or all-NA entries is deprecated. In a future version, this will no longer exclude empty or all-NA columns when determining the result dtypes. To retain the old behavior, exclude the relevant entries before the concat operation.
  "controls": pd.concat([oldc, newc], ignore_index=True),
/Users/zhangzc/fable-trading/yoyo/evaluation/spike_high_r_risk_study.py:182: FutureWarning: The behavior of DataFrame concatenation with empty or all-NA entries is deprecated. In a future version, this will no longer exclude empty or all-NA columns when determining the result dtypes. To retain the old behavior, exclude the relevant entries before the concat operation.
  "controls": pd.concat([oldc, newc], ignore_index=True),
/Users/zhangzc/fable-trading/yoyo/evaluation/spike_high_r_risk_study.py:182: FutureWarning: The behavior of DataFrame concatenation with empty or all-NA entries is deprecated. In a future version, this will no longer exclude empty or all-NA columns when determining the result dtypes. To retain the old behavior, exclude the relevant entries before the concat operation.
  "controls": pd.concat([oldc, newc], ignore_index=True),
/Users/zhangzc/fable-trading/yoyo/evaluation/spike_high_r_risk_study.py:182: FutureWarning: The behavior of DataFrame concatenation with empty or all-NA entries is deprecated. In a future version, this will no longer exclude empty or all-NA columns when determining the result dtypes. To retain the old behavior, exclude the relevant entries before the concat operation.
  "controls": pd.concat([oldc, newc], ignore_index=True),
{"done": 2600, "target": 3531, "failures": 0, "seconds": 159.9}
/Users/zhangzc/fable-trading/yoyo/evaluation/spike_high_r_risk_study.py:182: FutureWarning: The behavior of DataFrame concatenation with empty or all-NA entries is deprecated. In a future version, this will no longer exclude empty or all-NA columns when determining the result dtypes. To retain the old behavior, exclude the relevant entries before the concat operation.
  "controls": pd.concat([oldc, newc], ignore_index=True),
/Users/zhangzc/fable-trading/yoyo/evaluation/spike_high_r_risk_study.py:182: FutureWarning: The behavior of DataFrame concatenation with empty or all-NA entries is deprecated. In a future version, this will no longer exclude empty or all-NA columns when determining the result dtypes. To retain the old behavior, exclude the relevant entries before the concat operation.
  "controls": pd.concat([oldc, newc], ignore_index=True),
/Users/zhangzc/fable-trading/yoyo/evaluation/spike_high_r_risk_study.py:182: FutureWarning: The behavior of DataFrame concatenation with empty or all-NA entries is deprecated. In a future version, this will no longer exclude empty or all-NA columns when determining the result dtypes. To retain the old behavior, exclude the relevant entries before the concat operation.
  "controls": pd.concat([oldc, newc], ignore_index=True),
/Users/zhangzc/fable-trading/yoyo/evaluation/spike_high_r_risk_study.py:182: FutureWarning: The behavior of DataFrame concatenation with empty or all-NA entries is deprecated. In a future version, this will no longer exclude empty or all-NA columns when determining the result dtypes. To retain the old behavior, exclude the relevant entries before the concat operation.
  "controls": pd.concat([oldc, newc], ignore_index=True),
/Users/zhangzc/fable-trading/yoyo/evaluation/spike_high_r_risk_study.py:182: FutureWarning: The behavior of DataFrame concatenation with empty or all-NA entries is deprecated. In a future version, this will no longer exclude empty or all-NA columns when determining the result dtypes. To retain the old behavior, exclude the relevant entries before the concat operation.
  "controls": pd.concat([oldc, newc], ignore_index=True),
/Users/zhangzc/fable-trading/yoyo/evaluation/spike_high_r_risk_study.py:182: FutureWarning: The behavior of DataFrame concatenation with empty or all-NA entries is deprecated. In a future version, this will no longer exclude empty or all-NA columns when determining the result dtypes. To retain the old behavior, exclude the relevant entries before the concat operation.
  "controls": pd.concat([oldc, newc], ignore_index=True),
/Users/zhangzc/fable-trading/yoyo/evaluation/spike_high_r_risk_study.py:182: FutureWarning: The behavior of DataFrame concatenation with empty or all-NA entries is deprecated. In a future version, this will no longer exclude empty or all-NA columns when determining the result dtypes. To retain the old behavior, exclude the relevant entries before the concat operation.
  "controls": pd.concat([oldc, newc], ignore_index=True),
/Users/zhangzc/fable-trading/yoyo/evaluation/spike_high_r_risk_study.py:182: FutureWarning: The behavior of DataFrame concatenation with empty or all-NA entries is deprecated. In a future version, this will no longer exclude empty or all-NA columns when determining the result dtypes. To retain the old behavior, exclude the relevant entries before the concat operation.
  "controls": pd.concat([oldc, newc], ignore_index=True),
/Users/zhangzc/fable-trading/yoyo/evaluation/spike_high_r_risk_study.py:182: FutureWarning: The behavior of DataFrame concatenation with empty or all-NA entries is deprecated. In a future version, this will no longer exclude empty or all-NA columns when determining the result dtypes. To retain the old behavior, exclude the relevant entries before the concat operation.
  "controls": pd.concat([oldc, newc], ignore_index=True),
/Users/zhangzc/fable-trading/yoyo/evaluation/spike_high_r_risk_study.py:182: FutureWarning: The behavior of DataFrame concatenation with empty or all-NA entries is deprecated. In a future version, this will no longer exclude empty or all-NA columns when determining the result dtypes. To retain the old behavior, exclude the relevant entries before the concat operation.
  "controls": pd.concat([oldc, newc], ignore_index=True),
/Users/zhangzc/fable-trading/yoyo/evaluation/spike_high_r_risk_study.py:182: FutureWarning: The behavior of DataFrame concatenation with empty or all-NA entries is deprecated. In a future version, this will no longer exclude empty or all-NA columns when determining the result dtypes. To retain the old behavior, exclude the relevant entries before the concat operation.
  "controls": pd.concat([oldc, newc], ignore_index=True),
/Users/zhangzc/fable-trading/yoyo/evaluation/spike_high_r_risk_study.py:182: FutureWarning: The behavior of DataFrame concatenation with empty or all-NA entries is deprecated. In a future version, this will no longer exclude empty or all-NA columns when determining the result dtypes. To retain the old behavior, exclude the relevant entries before the concat operation.
  "controls": pd.concat([oldc, newc], ignore_index=True),
/Users/zhangzc/fable-trading/yoyo/evaluation/spike_high_r_risk_study.py:182: FutureWarning: The behavior of DataFrame concatenation with empty or all-NA entries is deprecated. In a future version, this will no longer exclude empty or all-NA columns when determining the result dtypes. To retain the old behavior, exclude the relevant entries before the concat operation.
  "controls": pd.concat([oldc, newc], ignore_index=True),
/Users/zhangzc/fable-trading/yoyo/evaluation/spike_high_r_risk_study.py:181: FutureWarning: The behavior of DataFrame concatenation with empty or all-NA entries is deprecated. In a future version, this will no longer exclude empty or all-NA columns when determining the result dtypes. To retain the old behavior, exclude the relevant entries before the concat operation.
  tables = {"trades": pd.concat([baseline, treatment], ignore_index=True),
/Users/zhangzc/fable-trading/yoyo/evaluation/spike_high_r_risk_study.py:182: FutureWarning: The behavior of DataFrame concatenation with empty or all-NA entries is deprecated. In a future version, this will no longer exclude empty or all-NA columns when determining the result dtypes. To retain the old behavior, exclude the relevant entries before the concat operation.
  "controls": pd.concat([oldc, newc], ignore_index=True),
/Users/zhangzc/fable-trading/yoyo/evaluation/spike_high_r_risk_study.py:183: FutureWarning: The behavior of DataFrame concatenation with empty or all-NA entries is deprecated. In a future version, this will no longer exclude empty or all-NA columns when determining the result dtypes. To retain the old behavior, exclude the relevant entries before the concat operation.
  "fills": pd.concat([tag(bf, "baseline"), tag(tf, "high_r_entry_v21")], ignore_index=True),
/Users/zhangzc/fable-trading/yoyo/evaluation/spike_high_r_risk_study.py:182: FutureWarning: The behavior of DataFrame concatenation with empty or all-NA entries is deprecated. In a future version, this will no longer exclude empty or all-NA columns when determining the result dtypes. To retain the old behavior, exclude the relevant entries before the concat operation.
  "controls": pd.concat([oldc, newc], ignore_index=True),
/Users/zhangzc/fable-trading/yoyo/evaluation/spike_high_r_risk_study.py:182: FutureWarning: The behavior of DataFrame concatenation with empty or all-NA entries is deprecated. In a future version, this will no longer exclude empty or all-NA columns when determining the result dtypes. To retain the old behavior, exclude the relevant entries before the concat operation.
  "controls": pd.concat([oldc, newc], ignore_index=True),
/Users/zhangzc/fable-trading/yoyo/evaluation/spike_high_r_risk_study.py:182: FutureWarning: The behavior of DataFrame concatenation with empty or all-NA entries is deprecated. In a future version, this will no longer exclude empty or all-NA columns when determining the result dtypes. To retain the old behavior, exclude the relevant entries before the concat operation.
  "controls": pd.concat([oldc, newc], ignore_index=True),
/Users/zhangzc/fable-trading/yoyo/evaluation/spike_high_r_risk_study.py:182: FutureWarning: The behavior of DataFrame concatenation with empty or all-NA entries is deprecated. In a future version, this will no longer exclude empty or all-NA columns when determining the result dtypes. To retain the old behavior, exclude the relevant entries before the concat operation.
  "controls": pd.concat([oldc, newc], ignore_index=True),
/Users/zhangzc/fable-trading/yoyo/evaluation/spike_high_r_risk_study.py:182: FutureWarning: The behavior of DataFrame concatenation with empty or all-NA entries is deprecated. In a future version, this will no longer exclude empty or all-NA columns when determining the result dtypes. To retain the old behavior, exclude the relevant entries before the concat operation.
  "controls": pd.concat([oldc, newc], ignore_index=True),
/Users/zhangzc/fable-trading/yoyo/evaluation/spike_high_r_risk_study.py:181: FutureWarning: The behavior of DataFrame concatenation with empty or all-NA entries is deprecated. In a future version, this will no longer exclude empty or all-NA columns when determining the result dtypes. To retain the old behavior, exclude the relevant entries before the concat operation.
  tables = {"trades": pd.concat([baseline, treatment], ignore_index=True),
/Users/zhangzc/fable-trading/yoyo/evaluation/spike_high_r_risk_study.py:182: FutureWarning: The behavior of DataFrame concatenation with empty or all-NA entries is deprecated. In a future version, this will no longer exclude empty or all-NA columns when determining the result dtypes. To retain the old behavior, exclude the relevant entries before the concat operation.
  "controls": pd.concat([oldc, newc], ignore_index=True),
/Users/zhangzc/fable-trading/yoyo/evaluation/spike_high_r_risk_study.py:183: FutureWarning: The behavior of DataFrame concatenation with empty or all-NA entries is deprecated. In a future version, this will no longer exclude empty or all-NA columns when determining the result dtypes. To retain the old behavior, exclude the relevant entries before the concat operation.
  "fills": pd.concat([tag(bf, "baseline"), tag(tf, "high_r_entry_v21")], ignore_index=True),
/Users/zhangzc/fable-trading/yoyo/evaluation/spike_high_r_risk_study.py:182: FutureWarning: The behavior of DataFrame concatenation with empty or all-NA entries is deprecated. In a future version, this will no longer exclude empty or all-NA columns when determining the result dtypes. To retain the old behavior, exclude the relevant entries before the concat operation.
  "controls": pd.concat([oldc, newc], ignore_index=True),
/Users/zhangzc/fable-trading/yoyo/evaluation/spike_high_r_risk_study.py:182: FutureWarning: The behavior of DataFrame concatenation with empty or all-NA entries is deprecated. In a future version, this will no longer exclude empty or all-NA columns when determining the result dtypes. To retain the old behavior, exclude the relevant entries before the concat operation.
  "controls": pd.concat([oldc, newc], ignore_index=True),
/Users/zhangzc/fable-trading/yoyo/evaluation/spike_high_r_risk_study.py:182: FutureWarning: The behavior of DataFrame concatenation with empty or all-NA entries is deprecated. In a future version, this will no longer exclude empty or all-NA columns when determining the result dtypes. To retain the old behavior, exclude the relevant entries before the concat operation.
  "controls": pd.concat([oldc, newc], ignore_index=True),
/Users/zhangzc/fable-trading/yoyo/evaluation/spike_high_r_risk_study.py:182: FutureWarning: The behavior of DataFrame concatenation with empty or all-NA entries is deprecated. In a future version, this will no longer exclude empty or all-NA columns when determining the result dtypes. To retain the old behavior, exclude the relevant entries before the concat operation.
  "controls": pd.concat([oldc, newc], ignore_index=True),
{"done": 2650, "target": 3531, "failures": 0, "seconds": 161.6}
/Users/zhangzc/fable-trading/yoyo/evaluation/spike_high_r_risk_study.py:181: FutureWarning: The behavior of DataFrame concatenation with empty or all-NA entries is deprecated. In a future version, this will no longer exclude empty or all-NA columns when determining the result dtypes. To retain the old behavior, exclude the relevant entries before the concat operation.
  tables = {"trades": pd.concat([baseline, treatment], ignore_index=True),
/Users/zhangzc/fable-trading/yoyo/evaluation/spike_high_r_risk_study.py:182: FutureWarning: The behavior of DataFrame concatenation with empty or all-NA entries is deprecated. In a future version, this will no longer exclude empty or all-NA columns when determining the result dtypes. To retain the old behavior, exclude the relevant entries before the concat operation.
  "controls": pd.concat([oldc, newc], ignore_index=True),
/Users/zhangzc/fable-trading/yoyo/evaluation/spike_high_r_risk_study.py:183: FutureWarning: The behavior of DataFrame concatenation with empty or all-NA entries is deprecated. In a future version, this will no longer exclude empty or all-NA columns when determining the result dtypes. To retain the old behavior, exclude the relevant entries before the concat operation.
  "fills": pd.concat([tag(bf, "baseline"), tag(tf, "high_r_entry_v21")], ignore_index=True),
/Users/zhangzc/fable-trading/yoyo/evaluation/spike_high_r_risk_study.py:182: FutureWarning: The behavior of DataFrame concatenation with empty or all-NA entries is deprecated. In a future version, this will no longer exclude empty or all-NA columns when determining the result dtypes. To retain the old behavior, exclude the relevant entries before the concat operation.
  "controls": pd.concat([oldc, newc], ignore_index=True),
/Users/zhangzc/fable-trading/yoyo/evaluation/spike_high_r_risk_study.py:182: FutureWarning: The behavior of DataFrame concatenation with empty or all-NA entries is deprecated. In a future version, this will no longer exclude empty or all-NA columns when determining the result dtypes. To retain the old behavior, exclude the relevant entries before the concat operation.
  "controls": pd.concat([oldc, newc], ignore_index=True),
/Users/zhangzc/fable-trading/yoyo/evaluation/spike_high_r_risk_study.py:182: FutureWarning: The behavior of DataFrame concatenation with empty or all-NA entries is deprecated. In a future version, this will no longer exclude empty or all-NA columns when determining the result dtypes. To retain the old behavior, exclude the relevant entries before the concat operation.
  "controls": pd.concat([oldc, newc], ignore_index=True),
/Users/zhangzc/fable-trading/yoyo/evaluation/spike_high_r_risk_study.py:182: FutureWarning: The behavior of DataFrame concatenation with empty or all-NA entries is deprecated. In a future version, this will no longer exclude empty or all-NA columns when determining the result dtypes. To retain the old behavior, exclude the relevant entries before the concat operation.
  "controls": pd.concat([oldc, newc], ignore_index=True),
/Users/zhangzc/fable-trading/yoyo/evaluation/spike_high_r_risk_study.py:182: FutureWarning: The behavior of DataFrame concatenation with empty or all-NA entries is deprecated. In a future version, this will no longer exclude empty or all-NA columns when determining the result dtypes. To retain the old behavior, exclude the relevant entries before the concat operation.
  "controls": pd.concat([oldc, newc], ignore_index=True),
/Users/zhangzc/fable-trading/yoyo/evaluation/spike_high_r_risk_study.py:182: FutureWarning: The behavior of DataFrame concatenation with empty or all-NA entries is deprecated. In a future version, this will no longer exclude empty or all-NA columns when determining the result dtypes. To retain the old behavior, exclude the relevant entries before the concat operation.
  "controls": pd.concat([oldc, newc], ignore_index=True),
/Users/zhangzc/fable-trading/yoyo/evaluation/spike_high_r_risk_study.py:182: FutureWarning: The behavior of DataFrame concatenation with empty or all-NA entries is deprecated. In a future version, this will no longer exclude empty or all-NA columns when determining the result dtypes. To retain the old behavior, exclude the relevant entries before the concat operation.
  "controls": pd.concat([oldc, newc], ignore_index=True),
/Users/zhangzc/fable-trading/yoyo/evaluation/spike_high_r_risk_study.py:182: FutureWarning: The behavior of DataFrame concatenation with empty or all-NA entries is deprecated. In a future version, this will no longer exclude empty or all-NA columns when determining the result dtypes. To retain the old behavior, exclude the relevant entries before the concat operation.
  "controls": pd.concat([oldc, newc], ignore_index=True),
/Users/zhangzc/fable-trading/yoyo/evaluation/spike_high_r_risk_study.py:182: FutureWarning: The behavior of DataFrame concatenation with empty or all-NA entries is deprecated. In a future version, this will no longer exclude empty or all-NA columns when determining the result dtypes. To retain the old behavior, exclude the relevant entries before the concat operation.
  "controls": pd.concat([oldc, newc], ignore_index=True),
/Users/zhangzc/fable-trading/yoyo/evaluation/spike_high_r_risk_study.py:182: FutureWarning: The behavior of DataFrame concatenation with empty or all-NA entries is deprecated. In a future version, this will no longer exclude empty or all-NA columns when determining the result dtypes. To retain the old behavior, exclude the relevant entries before the concat operation.
  "controls": pd.concat([oldc, newc], ignore_index=True),
/Users/zhangzc/fable-trading/yoyo/evaluation/spike_high_r_risk_study.py:182: FutureWarning: The behavior of DataFrame concatenation with empty or all-NA entries is deprecated. In a future version, this will no longer exclude empty or all-NA columns when determining the result dtypes. To retain the old behavior, exclude the relevant entries before the concat operation.
  "controls": pd.concat([oldc, newc], ignore_index=True),
/Users/zhangzc/fable-trading/yoyo/evaluation/spike_high_r_risk_study.py:182: FutureWarning: The behavior of DataFrame concatenation with empty or all-NA entries is deprecated. In a future version, this will no longer exclude empty or all-NA columns when determining the result dtypes. To retain the old behavior, exclude the relevant entries before the concat operation.
  "controls": pd.concat([oldc, newc], ignore_index=True),
/Users/zhangzc/fable-trading/yoyo/evaluation/spike_high_r_risk_study.py:182: FutureWarning: The behavior of DataFrame concatenation with empty or all-NA entries is deprecated. In a future version, this will no longer exclude empty or all-NA columns when determining the result dtypes. To retain the old behavior, exclude the relevant entries before the concat operation.
  "controls": pd.concat([oldc, newc], ignore_index=True),
/Users/zhangzc/fable-trading/yoyo/evaluation/spike_high_r_risk_study.py:182: FutureWarning: The behavior of DataFrame concatenation with empty or all-NA entries is deprecated. In a future version, this will no longer exclude empty or all-NA columns when determining the result dtypes. To retain the old behavior, exclude the relevant entries before the concat operation.
  "controls": pd.concat([oldc, newc], ignore_index=True),
/Users/zhangzc/fable-trading/yoyo/evaluation/spike_high_r_risk_study.py:182: FutureWarning: The behavior of DataFrame concatenation with empty or all-NA entries is deprecated. In a future version, this will no longer exclude empty or all-NA columns when determining the result dtypes. To retain the old behavior, exclude the relevant entries before the concat operation.
  "controls": pd.concat([oldc, newc], ignore_index=True),
{"done": 2700, "target": 3531, "failures": 0, "seconds": 166.2}
/Users/zhangzc/fable-trading/yoyo/evaluation/spike_high_r_risk_study.py:182: FutureWarning: The behavior of DataFrame concatenation with empty or all-NA entries is deprecated. In a future version, this will no longer exclude empty or all-NA columns when determining the result dtypes. To retain the old behavior, exclude the relevant entries before the concat operation.
  "controls": pd.concat([oldc, newc], ignore_index=True),
/Users/zhangzc/fable-trading/yoyo/evaluation/spike_high_r_risk_study.py:182: FutureWarning: The behavior of DataFrame concatenation with empty or all-NA entries is deprecated. In a future version, this will no longer exclude empty or all-NA columns when determining the result dtypes. To retain the old behavior, exclude the relevant entries before the concat operation.
  "controls": pd.concat([oldc, newc], ignore_index=True),
/Users/zhangzc/fable-trading/yoyo/evaluation/spike_high_r_risk_study.py:182: FutureWarning: The behavior of DataFrame concatenation with empty or all-NA entries is deprecated. In a future version, this will no longer exclude empty or all-NA columns when determining the result dtypes. To retain the old behavior, exclude the relevant entries before the concat operation.
  "controls": pd.concat([oldc, newc], ignore_index=True),
/Users/zhangzc/fable-trading/yoyo/evaluation/spike_high_r_risk_study.py:182: FutureWarning: The behavior of DataFrame concatenation with empty or all-NA entries is deprecated. In a future version, this will no longer exclude empty or all-NA columns when determining the result dtypes. To retain the old behavior, exclude the relevant entries before the concat operation.
  "controls": pd.concat([oldc, newc], ignore_index=True),
/Users/zhangzc/fable-trading/yoyo/evaluation/spike_high_r_risk_study.py:182: FutureWarning: The behavior of DataFrame concatenation with empty or all-NA entries is deprecated. In a future version, this will no longer exclude empty or all-NA columns when determining the result dtypes. To retain the old behavior, exclude the relevant entries before the concat operation.
  "controls": pd.concat([oldc, newc], ignore_index=True),
/Users/zhangzc/fable-trading/yoyo/evaluation/spike_high_r_risk_study.py:182: FutureWarning: The behavior of DataFrame concatenation with empty or all-NA entries is deprecated. In a future version, this will no longer exclude empty or all-NA columns when determining the result dtypes. To retain the old behavior, exclude the relevant entries before the concat operation.
  "controls": pd.concat([oldc, newc], ignore_index=True),
/Users/zhangzc/fable-trading/yoyo/evaluation/spike_high_r_risk_study.py:182: FutureWarning: The behavior of DataFrame concatenation with empty or all-NA entries is deprecated. In a future version, this will no longer exclude empty or all-NA columns when determining the result dtypes. To retain the old behavior, exclude the relevant entries before the concat operation.
  "controls": pd.concat([oldc, newc], ignore_index=True),
/Users/zhangzc/fable-trading/yoyo/evaluation/spike_high_r_risk_study.py:182: FutureWarning: The behavior of DataFrame concatenation with empty or all-NA entries is deprecated. In a future version, this will no longer exclude empty or all-NA columns when determining the result dtypes. To retain the old behavior, exclude the relevant entries before the concat operation.
  "controls": pd.concat([oldc, newc], ignore_index=True),
/Users/zhangzc/fable-trading/yoyo/evaluation/spike_high_r_risk_study.py:182: FutureWarning: The behavior of DataFrame concatenation with empty or all-NA entries is deprecated. In a future version, this will no longer exclude empty or all-NA columns when determining the result dtypes. To retain the old behavior, exclude the relevant entries before the concat operation.
  "controls": pd.concat([oldc, newc], ignore_index=True),
/Users/zhangzc/fable-trading/yoyo/evaluation/spike_high_r_risk_study.py:182: FutureWarning: The behavior of DataFrame concatenation with empty or all-NA entries is deprecated. In a future version, this will no longer exclude empty or all-NA columns when determining the result dtypes. To retain the old behavior, exclude the relevant entries before the concat operation.
  "controls": pd.concat([oldc, newc], ignore_index=True),
/Users/zhangzc/fable-trading/yoyo/evaluation/spike_high_r_risk_study.py:182: FutureWarning: The behavior of DataFrame concatenation with empty or all-NA entries is deprecated. In a future version, this will no longer exclude empty or all-NA columns when determining the result dtypes. To retain the old behavior, exclude the relevant entries before the concat operation.
  "controls": pd.concat([oldc, newc], ignore_index=True),
/Users/zhangzc/fable-trading/yoyo/evaluation/spike_high_r_risk_study.py:182: FutureWarning: The behavior of DataFrame concatenation with empty or all-NA entries is deprecated. In a future version, this will no longer exclude empty or all-NA columns when determining the result dtypes. To retain the old behavior, exclude the relevant entries before the concat operation.
  "controls": pd.concat([oldc, newc], ignore_index=True),
{"done": 2750, "target": 3531, "failures": 0, "seconds": 172.1}
/Users/zhangzc/fable-trading/yoyo/evaluation/spike_high_r_risk_study.py:182: FutureWarning: The behavior of DataFrame concatenation with empty or all-NA entries is deprecated. In a future version, this will no longer exclude empty or all-NA columns when determining the result dtypes. To retain the old behavior, exclude the relevant entries before the concat operation.
  "controls": pd.concat([oldc, newc], ignore_index=True),
/Users/zhangzc/fable-trading/yoyo/evaluation/spike_high_r_risk_study.py:182: FutureWarning: The behavior of DataFrame concatenation with empty or all-NA entries is deprecated. In a future version, this will no longer exclude empty or all-NA columns when determining the result dtypes. To retain the old behavior, exclude the relevant entries before the concat operation.
  "controls": pd.concat([oldc, newc], ignore_index=True),
/Users/zhangzc/fable-trading/yoyo/evaluation/spike_high_r_risk_study.py:182: FutureWarning: The behavior of DataFrame concatenation with empty or all-NA entries is deprecated. In a future version, this will no longer exclude empty or all-NA columns when determining the result dtypes. To retain the old behavior, exclude the relevant entries before the concat operation.
  "controls": pd.concat([oldc, newc], ignore_index=True),
/Users/zhangzc/fable-trading/yoyo/evaluation/spike_high_r_risk_study.py:182: FutureWarning: The behavior of DataFrame concatenation with empty or all-NA entries is deprecated. In a future version, this will no longer exclude empty or all-NA columns when determining the result dtypes. To retain the old behavior, exclude the relevant entries before the concat operation.
  "controls": pd.concat([oldc, newc], ignore_index=True),
/Users/zhangzc/fable-trading/yoyo/evaluation/spike_high_r_risk_study.py:182: FutureWarning: The behavior of DataFrame concatenation with empty or all-NA entries is deprecated. In a future version, this will no longer exclude empty or all-NA columns when determining the result dtypes. To retain the old behavior, exclude the relevant entries before the concat operation.
  "controls": pd.concat([oldc, newc], ignore_index=True),
/Users/zhangzc/fable-trading/yoyo/evaluation/spike_high_r_risk_study.py:182: FutureWarning: The behavior of DataFrame concatenation with empty or all-NA entries is deprecated. In a future version, this will no longer exclude empty or all-NA columns when determining the result dtypes. To retain the old behavior, exclude the relevant entries before the concat operation.
  "controls": pd.concat([oldc, newc], ignore_index=True),
/Users/zhangzc/fable-trading/yoyo/evaluation/spike_high_r_risk_study.py:182: FutureWarning: The behavior of DataFrame concatenation with empty or all-NA entries is deprecated. In a future version, this will no longer exclude empty or all-NA columns when determining the result dtypes. To retain the old behavior, exclude the relevant entries before the concat operation.
  "controls": pd.concat([oldc, newc], ignore_index=True),
/Users/zhangzc/fable-trading/yoyo/evaluation/spike_high_r_risk_study.py:182: FutureWarning: The behavior of DataFrame concatenation with empty or all-NA entries is deprecated. In a future version, this will no longer exclude empty or all-NA columns when determining the result dtypes. To retain the old behavior, exclude the relevant entries before the concat operation.
  "controls": pd.concat([oldc, newc], ignore_index=True),
/Users/zhangzc/fable-trading/yoyo/evaluation/spike_high_r_risk_study.py:182: FutureWarning: The behavior of DataFrame concatenation with empty or all-NA entries is deprecated. In a future version, this will no longer exclude empty or all-NA columns when determining the result dtypes. To retain the old behavior, exclude the relevant entries before the concat operation.
  "controls": pd.concat([oldc, newc], ignore_index=True),
/Users/zhangzc/fable-trading/yoyo/evaluation/spike_high_r_risk_study.py:182: FutureWarning: The behavior of DataFrame concatenation with empty or all-NA entries is deprecated. In a future version, this will no longer exclude empty or all-NA columns when determining the result dtypes. To retain the old behavior, exclude the relevant entries before the concat operation.
  "controls": pd.concat([oldc, newc], ignore_index=True),
/Users/zhangzc/fable-trading/yoyo/evaluation/spike_high_r_risk_study.py:182: FutureWarning: The behavior of DataFrame concatenation with empty or all-NA entries is deprecated. In a future version, this will no longer exclude empty or all-NA columns when determining the result dtypes. To retain the old behavior, exclude the relevant entries before the concat operation.
  "controls": pd.concat([oldc, newc], ignore_index=True),
/Users/zhangzc/fable-trading/yoyo/evaluation/spike_high_r_risk_study.py:182: FutureWarning: The behavior of DataFrame concatenation with empty or all-NA entries is deprecated. In a future version, this will no longer exclude empty or all-NA columns when determining the result dtypes. To retain the old behavior, exclude the relevant entries before the concat operation.
  "controls": pd.concat([oldc, newc], ignore_index=True),
/Users/zhangzc/fable-trading/yoyo/evaluation/spike_high_r_risk_study.py:182: FutureWarning: The behavior of DataFrame concatenation with empty or all-NA entries is deprecated. In a future version, this will no longer exclude empty or all-NA columns when determining the result dtypes. To retain the old behavior, exclude the relevant entries before the concat operation.
  "controls": pd.concat([oldc, newc], ignore_index=True),
/Users/zhangzc/fable-trading/yoyo/evaluation/spike_high_r_risk_study.py:182: FutureWarning: The behavior of DataFrame concatenation with empty or all-NA entries is deprecated. In a future version, this will no longer exclude empty or all-NA columns when determining the result dtypes. To retain the old behavior, exclude the relevant entries before the concat operation.
  "controls": pd.concat([oldc, newc], ignore_index=True),
{"done": 2800, "target": 3531, "failures": 0, "seconds": 177.2}
/Users/zhangzc/fable-trading/yoyo/evaluation/spike_high_r_risk_study.py:182: FutureWarning: The behavior of DataFrame concatenation with empty or all-NA entries is deprecated. In a future version, this will no longer exclude empty or all-NA columns when determining the result dtypes. To retain the old behavior, exclude the relevant entries before the concat operation.
  "controls": pd.concat([oldc, newc], ignore_index=True),
/Users/zhangzc/fable-trading/yoyo/evaluation/spike_high_r_risk_study.py:182: FutureWarning: The behavior of DataFrame concatenation with empty or all-NA entries is deprecated. In a future version, this will no longer exclude empty or all-NA columns when determining the result dtypes. To retain the old behavior, exclude the relevant entries before the concat operation.
  "controls": pd.concat([oldc, newc], ignore_index=True),
/Users/zhangzc/fable-trading/yoyo/evaluation/spike_high_r_risk_study.py:182: FutureWarning: The behavior of DataFrame concatenation with empty or all-NA entries is deprecated. In a future version, this will no longer exclude empty or all-NA columns when determining the result dtypes. To retain the old behavior, exclude the relevant entries before the concat operation.
  "controls": pd.concat([oldc, newc], ignore_index=True),
/Users/zhangzc/fable-trading/yoyo/evaluation/spike_high_r_risk_study.py:182: FutureWarning: The behavior of DataFrame concatenation with empty or all-NA entries is deprecated. In a future version, this will no longer exclude empty or all-NA columns when determining the result dtypes. To retain the old behavior, exclude the relevant entries before the concat operation.
  "controls": pd.concat([oldc, newc], ignore_index=True),
/Users/zhangzc/fable-trading/yoyo/evaluation/spike_high_r_risk_study.py:182: FutureWarning: The behavior of DataFrame concatenation with empty or all-NA entries is deprecated. In a future version, this will no longer exclude empty or all-NA columns when determining the result dtypes. To retain the old behavior, exclude the relevant entries before the concat operation.
  "controls": pd.concat([oldc, newc], ignore_index=True),
/Users/zhangzc/fable-trading/yoyo/evaluation/spike_high_r_risk_study.py:182: FutureWarning: The behavior of DataFrame concatenation with empty or all-NA entries is deprecated. In a future version, this will no longer exclude empty or all-NA columns when determining the result dtypes. To retain the old behavior, exclude the relevant entries before the concat operation.
  "controls": pd.concat([oldc, newc], ignore_index=True),
/Users/zhangzc/fable-trading/yoyo/evaluation/spike_high_r_risk_study.py:182: FutureWarning: The behavior of DataFrame concatenation with empty or all-NA entries is deprecated. In a future version, this will no longer exclude empty or all-NA columns when determining the result dtypes. To retain the old behavior, exclude the relevant entries before the concat operation.
  "controls": pd.concat([oldc, newc], ignore_index=True),
/Users/zhangzc/fable-trading/yoyo/evaluation/spike_high_r_risk_study.py:182: FutureWarning: The behavior of DataFrame concatenation with empty or all-NA entries is deprecated. In a future version, this will no longer exclude empty or all-NA columns when determining the result dtypes. To retain the old behavior, exclude the relevant entries before the concat operation.
  "controls": pd.concat([oldc, newc], ignore_index=True),
/Users/zhangzc/fable-trading/yoyo/evaluation/spike_high_r_risk_study.py:182: FutureWarning: The behavior of DataFrame concatenation with empty or all-NA entries is deprecated. In a future version, this will no longer exclude empty or all-NA columns when determining the result dtypes. To retain the old behavior, exclude the relevant entries before the concat operation.
  "controls": pd.concat([oldc, newc], ignore_index=True),
/Users/zhangzc/fable-trading/yoyo/evaluation/spike_high_r_risk_study.py:182: FutureWarning: The behavior of DataFrame concatenation with empty or all-NA entries is deprecated. In a future version, this will no longer exclude empty or all-NA columns when determining the result dtypes. To retain the old behavior, exclude the relevant entries before the concat operation.
  "controls": pd.concat([oldc, newc], ignore_index=True),
/Users/zhangzc/fable-trading/yoyo/evaluation/spike_high_r_risk_study.py:182: FutureWarning: The behavior of DataFrame concatenation with empty or all-NA entries is deprecated. In a future version, this will no longer exclude empty or all-NA columns when determining the result dtypes. To retain the old behavior, exclude the relevant entries before the concat operation.
  "controls": pd.concat([oldc, newc], ignore_index=True),
/Users/zhangzc/fable-trading/yoyo/evaluation/spike_high_r_risk_study.py:182: FutureWarning: The behavior of DataFrame concatenation with empty or all-NA entries is deprecated. In a future version, this will no longer exclude empty or all-NA columns when determining the result dtypes. To retain the old behavior, exclude the relevant entries before the concat operation.
  "controls": pd.concat([oldc, newc], ignore_index=True),
/Users/zhangzc/fable-trading/yoyo/evaluation/spike_high_r_risk_study.py:182: FutureWarning: The behavior of DataFrame concatenation with empty or all-NA entries is deprecated. In a future version, this will no longer exclude empty or all-NA columns when determining the result dtypes. To retain the old behavior, exclude the relevant entries before the concat operation.
  "controls": pd.concat([oldc, newc], ignore_index=True),
/Users/zhangzc/fable-trading/yoyo/evaluation/spike_high_r_risk_study.py:182: FutureWarning: The behavior of DataFrame concatenation with empty or all-NA entries is deprecated. In a future version, this will no longer exclude empty or all-NA columns when determining the result dtypes. To retain the old behavior, exclude the relevant entries before the concat operation.
  "controls": pd.concat([oldc, newc], ignore_index=True),
/Users/zhangzc/fable-trading/yoyo/evaluation/spike_high_r_risk_study.py:182: FutureWarning: The behavior of DataFrame concatenation with empty or all-NA entries is deprecated. In a future version, this will no longer exclude empty or all-NA columns when determining the result dtypes. To retain the old behavior, exclude the relevant entries before the concat operation.
  "controls": pd.concat([oldc, newc], ignore_index=True),
/Users/zhangzc/fable-trading/yoyo/evaluation/spike_high_r_risk_study.py:182: FutureWarning: The behavior of DataFrame concatenation with empty or all-NA entries is deprecated. In a future version, this will no longer exclude empty or all-NA columns when determining the result dtypes. To retain the old behavior, exclude the relevant entries before the concat operation.
  "controls": pd.concat([oldc, newc], ignore_index=True),
/Users/zhangzc/fable-trading/yoyo/evaluation/spike_high_r_risk_study.py:182: FutureWarning: The behavior of DataFrame concatenation with empty or all-NA entries is deprecated. In a future version, this will no longer exclude empty or all-NA columns when determining the result dtypes. To retain the old behavior, exclude the relevant entries before the concat operation.
  "controls": pd.concat([oldc, newc], ignore_index=True),
/Users/zhangzc/fable-trading/yoyo/evaluation/spike_high_r_risk_study.py:182: FutureWarning: The behavior of DataFrame concatenation with empty or all-NA entries is deprecated. In a future version, this will no longer exclude empty or all-NA columns when determining the result dtypes. To retain the old behavior, exclude the relevant entries before the concat operation.
  "controls": pd.concat([oldc, newc], ignore_index=True),
{"done": 2850, "target": 3531, "failures": 0, "seconds": 182.0}
/Users/zhangzc/fable-trading/yoyo/evaluation/spike_high_r_risk_study.py:182: FutureWarning: The behavior of DataFrame concatenation with empty or all-NA entries is deprecated. In a future version, this will no longer exclude empty or all-NA columns when determining the result dtypes. To retain the old behavior, exclude the relevant entries before the concat operation.
  "controls": pd.concat([oldc, newc], ignore_index=True),
/Users/zhangzc/fable-trading/yoyo/evaluation/spike_high_r_risk_study.py:182: FutureWarning: The behavior of DataFrame concatenation with empty or all-NA entries is deprecated. In a future version, this will no longer exclude empty or all-NA columns when determining the result dtypes. To retain the old behavior, exclude the relevant entries before the concat operation.
  "controls": pd.concat([oldc, newc], ignore_index=True),
/Users/zhangzc/fable-trading/yoyo/evaluation/spike_high_r_risk_study.py:182: FutureWarning: The behavior of DataFrame concatenation with empty or all-NA entries is deprecated. In a future version, this will no longer exclude empty or all-NA columns when determining the result dtypes. To retain the old behavior, exclude the relevant entries before the concat operation.
  "controls": pd.concat([oldc, newc], ignore_index=True),
/Users/zhangzc/fable-trading/yoyo/evaluation/spike_high_r_risk_study.py:182: FutureWarning: The behavior of DataFrame concatenation with empty or all-NA entries is deprecated. In a future version, this will no longer exclude empty or all-NA columns when determining the result dtypes. To retain the old behavior, exclude the relevant entries before the concat operation.
  "controls": pd.concat([oldc, newc], ignore_index=True),
/Users/zhangzc/fable-trading/yoyo/evaluation/spike_high_r_risk_study.py:181: FutureWarning: The behavior of DataFrame concatenation with empty or all-NA entries is deprecated. In a future version, this will no longer exclude empty or all-NA columns when determining the result dtypes. To retain the old behavior, exclude the relevant entries before the concat operation.
  tables = {"trades": pd.concat([baseline, treatment], ignore_index=True),
/Users/zhangzc/fable-trading/yoyo/evaluation/spike_high_r_risk_study.py:182: FutureWarning: The behavior of DataFrame concatenation with empty or all-NA entries is deprecated. In a future version, this will no longer exclude empty or all-NA columns when determining the result dtypes. To retain the old behavior, exclude the relevant entries before the concat operation.
  "controls": pd.concat([oldc, newc], ignore_index=True),
/Users/zhangzc/fable-trading/yoyo/evaluation/spike_high_r_risk_study.py:183: FutureWarning: The behavior of DataFrame concatenation with empty or all-NA entries is deprecated. In a future version, this will no longer exclude empty or all-NA columns when determining the result dtypes. To retain the old behavior, exclude the relevant entries before the concat operation.
  "fills": pd.concat([tag(bf, "baseline"), tag(tf, "high_r_entry_v21")], ignore_index=True),
/Users/zhangzc/fable-trading/yoyo/evaluation/spike_high_r_risk_study.py:182: FutureWarning: The behavior of DataFrame concatenation with empty or all-NA entries is deprecated. In a future version, this will no longer exclude empty or all-NA columns when determining the result dtypes. To retain the old behavior, exclude the relevant entries before the concat operation.
  "controls": pd.concat([oldc, newc], ignore_index=True),
/Users/zhangzc/fable-trading/yoyo/evaluation/spike_high_r_risk_study.py:181: FutureWarning: The behavior of DataFrame concatenation with empty or all-NA entries is deprecated. In a future version, this will no longer exclude empty or all-NA columns when determining the result dtypes. To retain the old behavior, exclude the relevant entries before the concat operation.
  tables = {"trades": pd.concat([baseline, treatment], ignore_index=True),
/Users/zhangzc/fable-trading/yoyo/evaluation/spike_high_r_risk_study.py:182: FutureWarning: The behavior of DataFrame concatenation with empty or all-NA entries is deprecated. In a future version, this will no longer exclude empty or all-NA columns when determining the result dtypes. To retain the old behavior, exclude the relevant entries before the concat operation.
  "controls": pd.concat([oldc, newc], ignore_index=True),
/Users/zhangzc/fable-trading/yoyo/evaluation/spike_high_r_risk_study.py:183: FutureWarning: The behavior of DataFrame concatenation with empty or all-NA entries is deprecated. In a future version, this will no longer exclude empty or all-NA columns when determining the result dtypes. To retain the old behavior, exclude the relevant entries before the concat operation.
  "fills": pd.concat([tag(bf, "baseline"), tag(tf, "high_r_entry_v21")], ignore_index=True),
/Users/zhangzc/fable-trading/yoyo/evaluation/spike_high_r_risk_study.py:182: FutureWarning: The behavior of DataFrame concatenation with empty or all-NA entries is deprecated. In a future version, this will no longer exclude empty or all-NA columns when determining the result dtypes. To retain the old behavior, exclude the relevant entries before the concat operation.
  "controls": pd.concat([oldc, newc], ignore_index=True),
/Users/zhangzc/fable-trading/yoyo/evaluation/spike_high_r_risk_study.py:182: FutureWarning: The behavior of DataFrame concatenation with empty or all-NA entries is deprecated. In a future version, this will no longer exclude empty or all-NA columns when determining the result dtypes. To retain the old behavior, exclude the relevant entries before the concat operation.
  "controls": pd.concat([oldc, newc], ignore_index=True),
{"done": 2900, "target": 3531, "failures": 0, "seconds": 187.9}
/Users/zhangzc/fable-trading/yoyo/evaluation/spike_high_r_risk_study.py:182: FutureWarning: The behavior of DataFrame concatenation with empty or all-NA entries is deprecated. In a future version, this will no longer exclude empty or all-NA columns when determining the result dtypes. To retain the old behavior, exclude the relevant entries before the concat operation.
  "controls": pd.concat([oldc, newc], ignore_index=True),
/Users/zhangzc/fable-trading/yoyo/evaluation/spike_high_r_risk_study.py:182: FutureWarning: The behavior of DataFrame concatenation with empty or all-NA entries is deprecated. In a future version, this will no longer exclude empty or all-NA columns when determining the result dtypes. To retain the old behavior, exclude the relevant entries before the concat operation.
  "controls": pd.concat([oldc, newc], ignore_index=True),
/Users/zhangzc/fable-trading/yoyo/evaluation/spike_high_r_risk_study.py:182: FutureWarning: The behavior of DataFrame concatenation with empty or all-NA entries is deprecated. In a future version, this will no longer exclude empty or all-NA columns when determining the result dtypes. To retain the old behavior, exclude the relevant entries before the concat operation.
  "controls": pd.concat([oldc, newc], ignore_index=True),
/Users/zhangzc/fable-trading/yoyo/evaluation/spike_high_r_risk_study.py:182: FutureWarning: The behavior of DataFrame concatenation with empty or all-NA entries is deprecated. In a future version, this will no longer exclude empty or all-NA columns when determining the result dtypes. To retain the old behavior, exclude the relevant entries before the concat operation.
  "controls": pd.concat([oldc, newc], ignore_index=True),
/Users/zhangzc/fable-trading/yoyo/evaluation/spike_high_r_risk_study.py:182: FutureWarning: The behavior of DataFrame concatenation with empty or all-NA entries is deprecated. In a future version, this will no longer exclude empty or all-NA columns when determining the result dtypes. To retain the old behavior, exclude the relevant entries before the concat operation.
  "controls": pd.concat([oldc, newc], ignore_index=True),
/Users/zhangzc/fable-trading/yoyo/evaluation/spike_high_r_risk_study.py:182: FutureWarning: The behavior of DataFrame concatenation with empty or all-NA entries is deprecated. In a future version, this will no longer exclude empty or all-NA columns when determining the result dtypes. To retain the old behavior, exclude the relevant entries before the concat operation.
  "controls": pd.concat([oldc, newc], ignore_index=True),
/Users/zhangzc/fable-trading/yoyo/evaluation/spike_high_r_risk_study.py:182: FutureWarning: The behavior of DataFrame concatenation with empty or all-NA entries is deprecated. In a future version, this will no longer exclude empty or all-NA columns when determining the result dtypes. To retain the old behavior, exclude the relevant entries before the concat operation.
  "controls": pd.concat([oldc, newc], ignore_index=True),
{"done": 2950, "target": 3531, "failures": 0, "seconds": 193.2}
/Users/zhangzc/fable-trading/yoyo/evaluation/spike_high_r_risk_study.py:182: FutureWarning: The behavior of DataFrame concatenation with empty or all-NA entries is deprecated. In a future version, this will no longer exclude empty or all-NA columns when determining the result dtypes. To retain the old behavior, exclude the relevant entries before the concat operation.
  "controls": pd.concat([oldc, newc], ignore_index=True),
/Users/zhangzc/fable-trading/yoyo/evaluation/spike_high_r_risk_study.py:182: FutureWarning: The behavior of DataFrame concatenation with empty or all-NA entries is deprecated. In a future version, this will no longer exclude empty or all-NA columns when determining the result dtypes. To retain the old behavior, exclude the relevant entries before the concat operation.
  "controls": pd.concat([oldc, newc], ignore_index=True),
/Users/zhangzc/fable-trading/yoyo/evaluation/spike_high_r_risk_study.py:182: FutureWarning: The behavior of DataFrame concatenation with empty or all-NA entries is deprecated. In a future version, this will no longer exclude empty or all-NA columns when determining the result dtypes. To retain the old behavior, exclude the relevant entries before the concat operation.
  "controls": pd.concat([oldc, newc], ignore_index=True),
/Users/zhangzc/fable-trading/yoyo/evaluation/spike_high_r_risk_study.py:182: FutureWarning: The behavior of DataFrame concatenation with empty or all-NA entries is deprecated. In a future version, this will no longer exclude empty or all-NA columns when determining the result dtypes. To retain the old behavior, exclude the relevant entries before the concat operation.
  "controls": pd.concat([oldc, newc], ignore_index=True),
/Users/zhangzc/fable-trading/yoyo/evaluation/spike_high_r_risk_study.py:182: FutureWarning: The behavior of DataFrame concatenation with empty or all-NA entries is deprecated. In a future version, this will no longer exclude empty or all-NA columns when determining the result dtypes. To retain the old behavior, exclude the relevant entries before the concat operation.
  "controls": pd.concat([oldc, newc], ignore_index=True),
/Users/zhangzc/fable-trading/yoyo/evaluation/spike_high_r_risk_study.py:182: FutureWarning: The behavior of DataFrame concatenation with empty or all-NA entries is deprecated. In a future version, this will no longer exclude empty or all-NA columns when determining the result dtypes. To retain the old behavior, exclude the relevant entries before the concat operation.
  "controls": pd.concat([oldc, newc], ignore_index=True),
/Users/zhangzc/fable-trading/yoyo/evaluation/spike_high_r_risk_study.py:182: FutureWarning: The behavior of DataFrame concatenation with empty or all-NA entries is deprecated. In a future version, this will no longer exclude empty or all-NA columns when determining the result dtypes. To retain the old behavior, exclude the relevant entries before the concat operation.
  "controls": pd.concat([oldc, newc], ignore_index=True),
/Users/zhangzc/fable-trading/yoyo/evaluation/spike_high_r_risk_study.py:182: FutureWarning: The behavior of DataFrame concatenation with empty or all-NA entries is deprecated. In a future version, this will no longer exclude empty or all-NA columns when determining the result dtypes. To retain the old behavior, exclude the relevant entries before the concat operation.
  "controls": pd.concat([oldc, newc], ignore_index=True),
/Users/zhangzc/fable-trading/yoyo/evaluation/spike_high_r_risk_study.py:182: FutureWarning: The behavior of DataFrame concatenation with empty or all-NA entries is deprecated. In a future version, this will no longer exclude empty or all-NA columns when determining the result dtypes. To retain the old behavior, exclude the relevant entries before the concat operation.
  "controls": pd.concat([oldc, newc], ignore_index=True),
/Users/zhangzc/fable-trading/yoyo/evaluation/spike_high_r_risk_study.py:182: FutureWarning: The behavior of DataFrame concatenation with empty or all-NA entries is deprecated. In a future version, this will no longer exclude empty or all-NA columns when determining the result dtypes. To retain the old behavior, exclude the relevant entries before the concat operation.
  "controls": pd.concat([oldc, newc], ignore_index=True),
/Users/zhangzc/fable-trading/yoyo/evaluation/spike_high_r_risk_study.py:182: FutureWarning: The behavior of DataFrame concatenation with empty or all-NA entries is deprecated. In a future version, this will no longer exclude empty or all-NA columns when determining the result dtypes. To retain the old behavior, exclude the relevant entries before the concat operation.
  "controls": pd.concat([oldc, newc], ignore_index=True),
/Users/zhangzc/fable-trading/yoyo/evaluation/spike_high_r_risk_study.py:182: FutureWarning: The behavior of DataFrame concatenation with empty or all-NA entries is deprecated. In a future version, this will no longer exclude empty or all-NA columns when determining the result dtypes. To retain the old behavior, exclude the relevant entries before the concat operation.
  "controls": pd.concat([oldc, newc], ignore_index=True),
{"done": 3000, "target": 3531, "failures": 0, "seconds": 197.7}
/Users/zhangzc/fable-trading/yoyo/evaluation/spike_high_r_risk_study.py:182: FutureWarning: The behavior of DataFrame concatenation with empty or all-NA entries is deprecated. In a future version, this will no longer exclude empty or all-NA columns when determining the result dtypes. To retain the old behavior, exclude the relevant entries before the concat operation.
  "controls": pd.concat([oldc, newc], ignore_index=True),
/Users/zhangzc/fable-trading/yoyo/evaluation/spike_high_r_risk_study.py:182: FutureWarning: The behavior of DataFrame concatenation with empty or all-NA entries is deprecated. In a future version, this will no longer exclude empty or all-NA columns when determining the result dtypes. To retain the old behavior, exclude the relevant entries before the concat operation.
  "controls": pd.concat([oldc, newc], ignore_index=True),
/Users/zhangzc/fable-trading/yoyo/evaluation/spike_high_r_risk_study.py:182: FutureWarning: The behavior of DataFrame concatenation with empty or all-NA entries is deprecated. In a future version, this will no longer exclude empty or all-NA columns when determining the result dtypes. To retain the old behavior, exclude the relevant entries before the concat operation.
  "controls": pd.concat([oldc, newc], ignore_index=True),
/Users/zhangzc/fable-trading/yoyo/evaluation/spike_high_r_risk_study.py:182: FutureWarning: The behavior of DataFrame concatenation with empty or all-NA entries is deprecated. In a future version, this will no longer exclude empty or all-NA columns when determining the result dtypes. To retain the old behavior, exclude the relevant entries before the concat operation.
  "controls": pd.concat([oldc, newc], ignore_index=True),
/Users/zhangzc/fable-trading/yoyo/evaluation/spike_high_r_risk_study.py:182: FutureWarning: The behavior of DataFrame concatenation with empty or all-NA entries is deprecated. In a future version, this will no longer exclude empty or all-NA columns when determining the result dtypes. To retain the old behavior, exclude the relevant entries before the concat operation.
  "controls": pd.concat([oldc, newc], ignore_index=True),
/Users/zhangzc/fable-trading/yoyo/evaluation/spike_high_r_risk_study.py:182: FutureWarning: The behavior of DataFrame concatenation with empty or all-NA entries is deprecated. In a future version, this will no longer exclude empty or all-NA columns when determining the result dtypes. To retain the old behavior, exclude the relevant entries before the concat operation.
  "controls": pd.concat([oldc, newc], ignore_index=True),
/Users/zhangzc/fable-trading/yoyo/evaluation/spike_high_r_risk_study.py:182: FutureWarning: The behavior of DataFrame concatenation with empty or all-NA entries is deprecated. In a future version, this will no longer exclude empty or all-NA columns when determining the result dtypes. To retain the old behavior, exclude the relevant entries before the concat operation.
  "controls": pd.concat([oldc, newc], ignore_index=True),
/Users/zhangzc/fable-trading/yoyo/evaluation/spike_high_r_risk_study.py:182: FutureWarning: The behavior of DataFrame concatenation with empty or all-NA entries is deprecated. In a future version, this will no longer exclude empty or all-NA columns when determining the result dtypes. To retain the old behavior, exclude the relevant entries before the concat operation.
  "controls": pd.concat([oldc, newc], ignore_index=True),
/Users/zhangzc/fable-trading/yoyo/evaluation/spike_high_r_risk_study.py:182: FutureWarning: The behavior of DataFrame concatenation with empty or all-NA entries is deprecated. In a future version, this will no longer exclude empty or all-NA columns when determining the result dtypes. To retain the old behavior, exclude the relevant entries before the concat operation.
  "controls": pd.concat([oldc, newc], ignore_index=True),
/Users/zhangzc/fable-trading/yoyo/evaluation/spike_high_r_risk_study.py:182: FutureWarning: The behavior of DataFrame concatenation with empty or all-NA entries is deprecated. In a future version, this will no longer exclude empty or all-NA columns when determining the result dtypes. To retain the old behavior, exclude the relevant entries before the concat operation.
  "controls": pd.concat([oldc, newc], ignore_index=True),
/Users/zhangzc/fable-trading/yoyo/evaluation/spike_high_r_risk_study.py:182: FutureWarning: The behavior of DataFrame concatenation with empty or all-NA entries is deprecated. In a future version, this will no longer exclude empty or all-NA columns when determining the result dtypes. To retain the old behavior, exclude the relevant entries before the concat operation.
  "controls": pd.concat([oldc, newc], ignore_index=True),
/Users/zhangzc/fable-trading/yoyo/evaluation/spike_high_r_risk_study.py:182: FutureWarning: The behavior of DataFrame concatenation with empty or all-NA entries is deprecated. In a future version, this will no longer exclude empty or all-NA columns when determining the result dtypes. To retain the old behavior, exclude the relevant entries before the concat operation.
  "controls": pd.concat([oldc, newc], ignore_index=True),
/Users/zhangzc/fable-trading/yoyo/evaluation/spike_high_r_risk_study.py:182: FutureWarning: The behavior of DataFrame concatenation with empty or all-NA entries is deprecated. In a future version, this will no longer exclude empty or all-NA columns when determining the result dtypes. To retain the old behavior, exclude the relevant entries before the concat operation.
  "controls": pd.concat([oldc, newc], ignore_index=True),
/Users/zhangzc/fable-trading/yoyo/evaluation/spike_high_r_risk_study.py:182: FutureWarning: The behavior of DataFrame concatenation with empty or all-NA entries is deprecated. In a future version, this will no longer exclude empty or all-NA columns when determining the result dtypes. To retain the old behavior, exclude the relevant entries before the concat operation.
  "controls": pd.concat([oldc, newc], ignore_index=True),
/Users/zhangzc/fable-trading/yoyo/evaluation/spike_high_r_risk_study.py:182: FutureWarning: The behavior of DataFrame concatenation with empty or all-NA entries is deprecated. In a future version, this will no longer exclude empty or all-NA columns when determining the result dtypes. To retain the old behavior, exclude the relevant entries before the concat operation.
  "controls": pd.concat([oldc, newc], ignore_index=True),
{"done": 3050, "target": 3531, "failures": 0, "seconds": 202.5}
/Users/zhangzc/fable-trading/yoyo/evaluation/spike_high_r_risk_study.py:182: FutureWarning: The behavior of DataFrame concatenation with empty or all-NA entries is deprecated. In a future version, this will no longer exclude empty or all-NA columns when determining the result dtypes. To retain the old behavior, exclude the relevant entries before the concat operation.
  "controls": pd.concat([oldc, newc], ignore_index=True),
/Users/zhangzc/fable-trading/yoyo/evaluation/spike_high_r_risk_study.py:181: FutureWarning: The behavior of DataFrame concatenation with empty or all-NA entries is deprecated. In a future version, this will no longer exclude empty or all-NA columns when determining the result dtypes. To retain the old behavior, exclude the relevant entries before the concat operation.
  tables = {"trades": pd.concat([baseline, treatment], ignore_index=True),
/Users/zhangzc/fable-trading/yoyo/evaluation/spike_high_r_risk_study.py:182: FutureWarning: The behavior of DataFrame concatenation with empty or all-NA entries is deprecated. In a future version, this will no longer exclude empty or all-NA columns when determining the result dtypes. To retain the old behavior, exclude the relevant entries before the concat operation.
  "controls": pd.concat([oldc, newc], ignore_index=True),
/Users/zhangzc/fable-trading/yoyo/evaluation/spike_high_r_risk_study.py:183: FutureWarning: The behavior of DataFrame concatenation with empty or all-NA entries is deprecated. In a future version, this will no longer exclude empty or all-NA columns when determining the result dtypes. To retain the old behavior, exclude the relevant entries before the concat operation.
  "fills": pd.concat([tag(bf, "baseline"), tag(tf, "high_r_entry_v21")], ignore_index=True),
/Users/zhangzc/fable-trading/yoyo/evaluation/spike_high_r_risk_study.py:182: FutureWarning: The behavior of DataFrame concatenation with empty or all-NA entries is deprecated. In a future version, this will no longer exclude empty or all-NA columns when determining the result dtypes. To retain the old behavior, exclude the relevant entries before the concat operation.
  "controls": pd.concat([oldc, newc], ignore_index=True),
/Users/zhangzc/fable-trading/yoyo/evaluation/spike_high_r_risk_study.py:182: FutureWarning: The behavior of DataFrame concatenation with empty or all-NA entries is deprecated. In a future version, this will no longer exclude empty or all-NA columns when determining the result dtypes. To retain the old behavior, exclude the relevant entries before the concat operation.
  "controls": pd.concat([oldc, newc], ignore_index=True),
/Users/zhangzc/fable-trading/yoyo/evaluation/spike_high_r_risk_study.py:182: FutureWarning: The behavior of DataFrame concatenation with empty or all-NA entries is deprecated. In a future version, this will no longer exclude empty or all-NA columns when determining the result dtypes. To retain the old behavior, exclude the relevant entries before the concat operation.
  "controls": pd.concat([oldc, newc], ignore_index=True),
/Users/zhangzc/fable-trading/yoyo/evaluation/spike_high_r_risk_study.py:182: FutureWarning: The behavior of DataFrame concatenation with empty or all-NA entries is deprecated. In a future version, this will no longer exclude empty or all-NA columns when determining the result dtypes. To retain the old behavior, exclude the relevant entries before the concat operation.
  "controls": pd.concat([oldc, newc], ignore_index=True),
/Users/zhangzc/fable-trading/yoyo/evaluation/spike_high_r_risk_study.py:182: FutureWarning: The behavior of DataFrame concatenation with empty or all-NA entries is deprecated. In a future version, this will no longer exclude empty or all-NA columns when determining the result dtypes. To retain the old behavior, exclude the relevant entries before the concat operation.
  "controls": pd.concat([oldc, newc], ignore_index=True),
/Users/zhangzc/fable-trading/yoyo/evaluation/spike_high_r_risk_study.py:182: FutureWarning: The behavior of DataFrame concatenation with empty or all-NA entries is deprecated. In a future version, this will no longer exclude empty or all-NA columns when determining the result dtypes. To retain the old behavior, exclude the relevant entries before the concat operation.
  "controls": pd.concat([oldc, newc], ignore_index=True),
/Users/zhangzc/fable-trading/yoyo/evaluation/spike_high_r_risk_study.py:182: FutureWarning: The behavior of DataFrame concatenation with empty or all-NA entries is deprecated. In a future version, this will no longer exclude empty or all-NA columns when determining the result dtypes. To retain the old behavior, exclude the relevant entries before the concat operation.
  "controls": pd.concat([oldc, newc], ignore_index=True),
/Users/zhangzc/fable-trading/yoyo/evaluation/spike_high_r_risk_study.py:182: FutureWarning: The behavior of DataFrame concatenation with empty or all-NA entries is deprecated. In a future version, this will no longer exclude empty or all-NA columns when determining the result dtypes. To retain the old behavior, exclude the relevant entries before the concat operation.
  "controls": pd.concat([oldc, newc], ignore_index=True),
/Users/zhangzc/fable-trading/yoyo/evaluation/spike_high_r_risk_study.py:182: FutureWarning: The behavior of DataFrame concatenation with empty or all-NA entries is deprecated. In a future version, this will no longer exclude empty or all-NA columns when determining the result dtypes. To retain the old behavior, exclude the relevant entries before the concat operation.
  "controls": pd.concat([oldc, newc], ignore_index=True),
/Users/zhangzc/fable-trading/yoyo/evaluation/spike_high_r_risk_study.py:182: FutureWarning: The behavior of DataFrame concatenation with empty or all-NA entries is deprecated. In a future version, this will no longer exclude empty or all-NA columns when determining the result dtypes. To retain the old behavior, exclude the relevant entries before the concat operation.
  "controls": pd.concat([oldc, newc], ignore_index=True),
/Users/zhangzc/fable-trading/yoyo/evaluation/spike_high_r_risk_study.py:182: FutureWarning: The behavior of DataFrame concatenation with empty or all-NA entries is deprecated. In a future version, this will no longer exclude empty or all-NA columns when determining the result dtypes. To retain the old behavior, exclude the relevant entries before the concat operation.
  "controls": pd.concat([oldc, newc], ignore_index=True),
/Users/zhangzc/fable-trading/yoyo/evaluation/spike_high_r_risk_study.py:182: FutureWarning: The behavior of DataFrame concatenation with empty or all-NA entries is deprecated. In a future version, this will no longer exclude empty or all-NA columns when determining the result dtypes. To retain the old behavior, exclude the relevant entries before the concat operation.
  "controls": pd.concat([oldc, newc], ignore_index=True),
/Users/zhangzc/fable-trading/yoyo/evaluation/spike_high_r_risk_study.py:182: FutureWarning: The behavior of DataFrame concatenation with empty or all-NA entries is deprecated. In a future version, this will no longer exclude empty or all-NA columns when determining the result dtypes. To retain the old behavior, exclude the relevant entries before the concat operation.
  "controls": pd.concat([oldc, newc], ignore_index=True),
{"done": 3100, "target": 3531, "failures": 0, "seconds": 206.7}
/Users/zhangzc/fable-trading/yoyo/evaluation/spike_high_r_risk_study.py:182: FutureWarning: The behavior of DataFrame concatenation with empty or all-NA entries is deprecated. In a future version, this will no longer exclude empty or all-NA columns when determining the result dtypes. To retain the old behavior, exclude the relevant entries before the concat operation.
  "controls": pd.concat([oldc, newc], ignore_index=True),
/Users/zhangzc/fable-trading/yoyo/evaluation/spike_high_r_risk_study.py:182: FutureWarning: The behavior of DataFrame concatenation with empty or all-NA entries is deprecated. In a future version, this will no longer exclude empty or all-NA columns when determining the result dtypes. To retain the old behavior, exclude the relevant entries before the concat operation.
  "controls": pd.concat([oldc, newc], ignore_index=True),
/Users/zhangzc/fable-trading/yoyo/evaluation/spike_high_r_risk_study.py:182: FutureWarning: The behavior of DataFrame concatenation with empty or all-NA entries is deprecated. In a future version, this will no longer exclude empty or all-NA columns when determining the result dtypes. To retain the old behavior, exclude the relevant entries before the concat operation.
  "controls": pd.concat([oldc, newc], ignore_index=True),
/Users/zhangzc/fable-trading/yoyo/evaluation/spike_high_r_risk_study.py:182: FutureWarning: The behavior of DataFrame concatenation with empty or all-NA entries is deprecated. In a future version, this will no longer exclude empty or all-NA columns when determining the result dtypes. To retain the old behavior, exclude the relevant entries before the concat operation.
  "controls": pd.concat([oldc, newc], ignore_index=True),
/Users/zhangzc/fable-trading/yoyo/evaluation/spike_high_r_risk_study.py:182: FutureWarning: The behavior of DataFrame concatenation with empty or all-NA entries is deprecated. In a future version, this will no longer exclude empty or all-NA columns when determining the result dtypes. To retain the old behavior, exclude the relevant entries before the concat operation.
  "controls": pd.concat([oldc, newc], ignore_index=True),
/Users/zhangzc/fable-trading/yoyo/evaluation/spike_high_r_risk_study.py:182: FutureWarning: The behavior of DataFrame concatenation with empty or all-NA entries is deprecated. In a future version, this will no longer exclude empty or all-NA columns when determining the result dtypes. To retain the old behavior, exclude the relevant entries before the concat operation.
  "controls": pd.concat([oldc, newc], ignore_index=True),
/Users/zhangzc/fable-trading/yoyo/evaluation/spike_high_r_risk_study.py:182: FutureWarning: The behavior of DataFrame concatenation with empty or all-NA entries is deprecated. In a future version, this will no longer exclude empty or all-NA columns when determining the result dtypes. To retain the old behavior, exclude the relevant entries before the concat operation.
  "controls": pd.concat([oldc, newc], ignore_index=True),
/Users/zhangzc/fable-trading/yoyo/evaluation/spike_high_r_risk_study.py:182: FutureWarning: The behavior of DataFrame concatenation with empty or all-NA entries is deprecated. In a future version, this will no longer exclude empty or all-NA columns when determining the result dtypes. To retain the old behavior, exclude the relevant entries before the concat operation.
  "controls": pd.concat([oldc, newc], ignore_index=True),
/Users/zhangzc/fable-trading/yoyo/evaluation/spike_high_r_risk_study.py:182: FutureWarning: The behavior of DataFrame concatenation with empty or all-NA entries is deprecated. In a future version, this will no longer exclude empty or all-NA columns when determining the result dtypes. To retain the old behavior, exclude the relevant entries before the concat operation.
  "controls": pd.concat([oldc, newc], ignore_index=True),
/Users/zhangzc/fable-trading/yoyo/evaluation/spike_high_r_risk_study.py:182: FutureWarning: The behavior of DataFrame concatenation with empty or all-NA entries is deprecated. In a future version, this will no longer exclude empty or all-NA columns when determining the result dtypes. To retain the old behavior, exclude the relevant entries before the concat operation.
  "controls": pd.concat([oldc, newc], ignore_index=True),
/Users/zhangzc/fable-trading/yoyo/evaluation/spike_high_r_risk_study.py:182: FutureWarning: The behavior of DataFrame concatenation with empty or all-NA entries is deprecated. In a future version, this will no longer exclude empty or all-NA columns when determining the result dtypes. To retain the old behavior, exclude the relevant entries before the concat operation.
  "controls": pd.concat([oldc, newc], ignore_index=True),
/Users/zhangzc/fable-trading/yoyo/evaluation/spike_high_r_risk_study.py:182: FutureWarning: The behavior of DataFrame concatenation with empty or all-NA entries is deprecated. In a future version, this will no longer exclude empty or all-NA columns when determining the result dtypes. To retain the old behavior, exclude the relevant entries before the concat operation.
  "controls": pd.concat([oldc, newc], ignore_index=True),
/Users/zhangzc/fable-trading/yoyo/evaluation/spike_high_r_risk_study.py:182: FutureWarning: The behavior of DataFrame concatenation with empty or all-NA entries is deprecated. In a future version, this will no longer exclude empty or all-NA columns when determining the result dtypes. To retain the old behavior, exclude the relevant entries before the concat operation.
  "controls": pd.concat([oldc, newc], ignore_index=True),
/Users/zhangzc/fable-trading/yoyo/evaluation/spike_high_r_risk_study.py:182: FutureWarning: The behavior of DataFrame concatenation with empty or all-NA entries is deprecated. In a future version, this will no longer exclude empty or all-NA columns when determining the result dtypes. To retain the old behavior, exclude the relevant entries before the concat operation.
  "controls": pd.concat([oldc, newc], ignore_index=True),
/Users/zhangzc/fable-trading/yoyo/evaluation/spike_high_r_risk_study.py:182: FutureWarning: The behavior of DataFrame concatenation with empty or all-NA entries is deprecated. In a future version, this will no longer exclude empty or all-NA columns when determining the result dtypes. To retain the old behavior, exclude the relevant entries before the concat operation.
  "controls": pd.concat([oldc, newc], ignore_index=True),
{"done": 3150, "target": 3531, "failures": 0, "seconds": 210.0}
/Users/zhangzc/fable-trading/yoyo/evaluation/spike_high_r_risk_study.py:181: FutureWarning: The behavior of DataFrame concatenation with empty or all-NA entries is deprecated. In a future version, this will no longer exclude empty or all-NA columns when determining the result dtypes. To retain the old behavior, exclude the relevant entries before the concat operation.
  tables = {"trades": pd.concat([baseline, treatment], ignore_index=True),
/Users/zhangzc/fable-trading/yoyo/evaluation/spike_high_r_risk_study.py:182: FutureWarning: The behavior of DataFrame concatenation with empty or all-NA entries is deprecated. In a future version, this will no longer exclude empty or all-NA columns when determining the result dtypes. To retain the old behavior, exclude the relevant entries before the concat operation.
  "controls": pd.concat([oldc, newc], ignore_index=True),
/Users/zhangzc/fable-trading/yoyo/evaluation/spike_high_r_risk_study.py:183: FutureWarning: The behavior of DataFrame concatenation with empty or all-NA entries is deprecated. In a future version, this will no longer exclude empty or all-NA columns when determining the result dtypes. To retain the old behavior, exclude the relevant entries before the concat operation.
  "fills": pd.concat([tag(bf, "baseline"), tag(tf, "high_r_entry_v21")], ignore_index=True),
/Users/zhangzc/fable-trading/yoyo/evaluation/spike_high_r_risk_study.py:182: FutureWarning: The behavior of DataFrame concatenation with empty or all-NA entries is deprecated. In a future version, this will no longer exclude empty or all-NA columns when determining the result dtypes. To retain the old behavior, exclude the relevant entries before the concat operation.
  "controls": pd.concat([oldc, newc], ignore_index=True),
/Users/zhangzc/fable-trading/yoyo/evaluation/spike_high_r_risk_study.py:182: FutureWarning: The behavior of DataFrame concatenation with empty or all-NA entries is deprecated. In a future version, this will no longer exclude empty or all-NA columns when determining the result dtypes. To retain the old behavior, exclude the relevant entries before the concat operation.
  "controls": pd.concat([oldc, newc], ignore_index=True),
/Users/zhangzc/fable-trading/yoyo/evaluation/spike_high_r_risk_study.py:182: FutureWarning: The behavior of DataFrame concatenation with empty or all-NA entries is deprecated. In a future version, this will no longer exclude empty or all-NA columns when determining the result dtypes. To retain the old behavior, exclude the relevant entries before the concat operation.
  "controls": pd.concat([oldc, newc], ignore_index=True),
/Users/zhangzc/fable-trading/yoyo/evaluation/spike_high_r_risk_study.py:182: FutureWarning: The behavior of DataFrame concatenation with empty or all-NA entries is deprecated. In a future version, this will no longer exclude empty or all-NA columns when determining the result dtypes. To retain the old behavior, exclude the relevant entries before the concat operation.
  "controls": pd.concat([oldc, newc], ignore_index=True),
/Users/zhangzc/fable-trading/yoyo/evaluation/spike_high_r_risk_study.py:182: FutureWarning: The behavior of DataFrame concatenation with empty or all-NA entries is deprecated. In a future version, this will no longer exclude empty or all-NA columns when determining the result dtypes. To retain the old behavior, exclude the relevant entries before the concat operation.
  "controls": pd.concat([oldc, newc], ignore_index=True),
/Users/zhangzc/fable-trading/yoyo/evaluation/spike_high_r_risk_study.py:182: FutureWarning: The behavior of DataFrame concatenation with empty or all-NA entries is deprecated. In a future version, this will no longer exclude empty or all-NA columns when determining the result dtypes. To retain the old behavior, exclude the relevant entries before the concat operation.
  "controls": pd.concat([oldc, newc], ignore_index=True),
/Users/zhangzc/fable-trading/yoyo/evaluation/spike_high_r_risk_study.py:182: FutureWarning: The behavior of DataFrame concatenation with empty or all-NA entries is deprecated. In a future version, this will no longer exclude empty or all-NA columns when determining the result dtypes. To retain the old behavior, exclude the relevant entries before the concat operation.
  "controls": pd.concat([oldc, newc], ignore_index=True),
/Users/zhangzc/fable-trading/yoyo/evaluation/spike_high_r_risk_study.py:182: FutureWarning: The behavior of DataFrame concatenation with empty or all-NA entries is deprecated. In a future version, this will no longer exclude empty or all-NA columns when determining the result dtypes. To retain the old behavior, exclude the relevant entries before the concat operation.
  "controls": pd.concat([oldc, newc], ignore_index=True),
/Users/zhangzc/fable-trading/yoyo/evaluation/spike_high_r_risk_study.py:182: FutureWarning: The behavior of DataFrame concatenation with empty or all-NA entries is deprecated. In a future version, this will no longer exclude empty or all-NA columns when determining the result dtypes. To retain the old behavior, exclude the relevant entries before the concat operation.
  "controls": pd.concat([oldc, newc], ignore_index=True),
/Users/zhangzc/fable-trading/yoyo/evaluation/spike_high_r_risk_study.py:182: FutureWarning: The behavior of DataFrame concatenation with empty or all-NA entries is deprecated. In a future version, this will no longer exclude empty or all-NA columns when determining the result dtypes. To retain the old behavior, exclude the relevant entries before the concat operation.
  "controls": pd.concat([oldc, newc], ignore_index=True),
/Users/zhangzc/fable-trading/yoyo/evaluation/spike_high_r_risk_study.py:182: FutureWarning: The behavior of DataFrame concatenation with empty or all-NA entries is deprecated. In a future version, this will no longer exclude empty or all-NA columns when determining the result dtypes. To retain the old behavior, exclude the relevant entries before the concat operation.
  "controls": pd.concat([oldc, newc], ignore_index=True),
/Users/zhangzc/fable-trading/yoyo/evaluation/spike_high_r_risk_study.py:181: FutureWarning: The behavior of DataFrame concatenation with empty or all-NA entries is deprecated. In a future version, this will no longer exclude empty or all-NA columns when determining the result dtypes. To retain the old behavior, exclude the relevant entries before the concat operation.
  tables = {"trades": pd.concat([baseline, treatment], ignore_index=True),
/Users/zhangzc/fable-trading/yoyo/evaluation/spike_high_r_risk_study.py:182: FutureWarning: The behavior of DataFrame concatenation with empty or all-NA entries is deprecated. In a future version, this will no longer exclude empty or all-NA columns when determining the result dtypes. To retain the old behavior, exclude the relevant entries before the concat operation.
  "controls": pd.concat([oldc, newc], ignore_index=True),
/Users/zhangzc/fable-trading/yoyo/evaluation/spike_high_r_risk_study.py:183: FutureWarning: The behavior of DataFrame concatenation with empty or all-NA entries is deprecated. In a future version, this will no longer exclude empty or all-NA columns when determining the result dtypes. To retain the old behavior, exclude the relevant entries before the concat operation.
  "fills": pd.concat([tag(bf, "baseline"), tag(tf, "high_r_entry_v21")], ignore_index=True),
/Users/zhangzc/fable-trading/yoyo/evaluation/spike_high_r_risk_study.py:182: FutureWarning: The behavior of DataFrame concatenation with empty or all-NA entries is deprecated. In a future version, this will no longer exclude empty or all-NA columns when determining the result dtypes. To retain the old behavior, exclude the relevant entries before the concat operation.
  "controls": pd.concat([oldc, newc], ignore_index=True),
/Users/zhangzc/fable-trading/yoyo/evaluation/spike_high_r_risk_study.py:182: FutureWarning: The behavior of DataFrame concatenation with empty or all-NA entries is deprecated. In a future version, this will no longer exclude empty or all-NA columns when determining the result dtypes. To retain the old behavior, exclude the relevant entries before the concat operation.
  "controls": pd.concat([oldc, newc], ignore_index=True),
/Users/zhangzc/fable-trading/yoyo/evaluation/spike_high_r_risk_study.py:182: FutureWarning: The behavior of DataFrame concatenation with empty or all-NA entries is deprecated. In a future version, this will no longer exclude empty or all-NA columns when determining the result dtypes. To retain the old behavior, exclude the relevant entries before the concat operation.
  "controls": pd.concat([oldc, newc], ignore_index=True),
/Users/zhangzc/fable-trading/yoyo/evaluation/spike_high_r_risk_study.py:182: FutureWarning: The behavior of DataFrame concatenation with empty or all-NA entries is deprecated. In a future version, this will no longer exclude empty or all-NA columns when determining the result dtypes. To retain the old behavior, exclude the relevant entries before the concat operation.
  "controls": pd.concat([oldc, newc], ignore_index=True),
/Users/zhangzc/fable-trading/yoyo/evaluation/spike_high_r_risk_study.py:182: FutureWarning: The behavior of DataFrame concatenation with empty or all-NA entries is deprecated. In a future version, this will no longer exclude empty or all-NA columns when determining the result dtypes. To retain the old behavior, exclude the relevant entries before the concat operation.
  "controls": pd.concat([oldc, newc], ignore_index=True),
/Users/zhangzc/fable-trading/yoyo/evaluation/spike_high_r_risk_study.py:182: FutureWarning: The behavior of DataFrame concatenation with empty or all-NA entries is deprecated. In a future version, this will no longer exclude empty or all-NA columns when determining the result dtypes. To retain the old behavior, exclude the relevant entries before the concat operation.
  "controls": pd.concat([oldc, newc], ignore_index=True),
/Users/zhangzc/fable-trading/yoyo/evaluation/spike_high_r_risk_study.py:182: FutureWarning: The behavior of DataFrame concatenation with empty or all-NA entries is deprecated. In a future version, this will no longer exclude empty or all-NA columns when determining the result dtypes. To retain the old behavior, exclude the relevant entries before the concat operation.
  "controls": pd.concat([oldc, newc], ignore_index=True),
/Users/zhangzc/fable-trading/yoyo/evaluation/spike_high_r_risk_study.py:182: FutureWarning: The behavior of DataFrame concatenation with empty or all-NA entries is deprecated. In a future version, this will no longer exclude empty or all-NA columns when determining the result dtypes. To retain the old behavior, exclude the relevant entries before the concat operation.
  "controls": pd.concat([oldc, newc], ignore_index=True),
{"done": 3200, "target": 3531, "failures": 0, "seconds": 212.8}
/Users/zhangzc/fable-trading/yoyo/evaluation/spike_high_r_risk_study.py:182: FutureWarning: The behavior of DataFrame concatenation with empty or all-NA entries is deprecated. In a future version, this will no longer exclude empty or all-NA columns when determining the result dtypes. To retain the old behavior, exclude the relevant entries before the concat operation.
  "controls": pd.concat([oldc, newc], ignore_index=True),
/Users/zhangzc/fable-trading/yoyo/evaluation/spike_high_r_risk_study.py:182: FutureWarning: The behavior of DataFrame concatenation with empty or all-NA entries is deprecated. In a future version, this will no longer exclude empty or all-NA columns when determining the result dtypes. To retain the old behavior, exclude the relevant entries before the concat operation.
  "controls": pd.concat([oldc, newc], ignore_index=True),
/Users/zhangzc/fable-trading/yoyo/evaluation/spike_high_r_risk_study.py:182: FutureWarning: The behavior of DataFrame concatenation with empty or all-NA entries is deprecated. In a future version, this will no longer exclude empty or all-NA columns when determining the result dtypes. To retain the old behavior, exclude the relevant entries before the concat operation.
  "controls": pd.concat([oldc, newc], ignore_index=True),
/Users/zhangzc/fable-trading/yoyo/evaluation/spike_high_r_risk_study.py:182: FutureWarning: The behavior of DataFrame concatenation with empty or all-NA entries is deprecated. In a future version, this will no longer exclude empty or all-NA columns when determining the result dtypes. To retain the old behavior, exclude the relevant entries before the concat operation.
  "controls": pd.concat([oldc, newc], ignore_index=True),
/Users/zhangzc/fable-trading/yoyo/evaluation/spike_high_r_risk_study.py:182: FutureWarning: The behavior of DataFrame concatenation with empty or all-NA entries is deprecated. In a future version, this will no longer exclude empty or all-NA columns when determining the result dtypes. To retain the old behavior, exclude the relevant entries before the concat operation.
  "controls": pd.concat([oldc, newc], ignore_index=True),
/Users/zhangzc/fable-trading/yoyo/evaluation/spike_high_r_risk_study.py:182: FutureWarning: The behavior of DataFrame concatenation with empty or all-NA entries is deprecated. In a future version, this will no longer exclude empty or all-NA columns when determining the result dtypes. To retain the old behavior, exclude the relevant entries before the concat operation.
  "controls": pd.concat([oldc, newc], ignore_index=True),
/Users/zhangzc/fable-trading/yoyo/evaluation/spike_high_r_risk_study.py:182: FutureWarning: The behavior of DataFrame concatenation with empty or all-NA entries is deprecated. In a future version, this will no longer exclude empty or all-NA columns when determining the result dtypes. To retain the old behavior, exclude the relevant entries before the concat operation.
  "controls": pd.concat([oldc, newc], ignore_index=True),
/Users/zhangzc/fable-trading/yoyo/evaluation/spike_high_r_risk_study.py:182: FutureWarning: The behavior of DataFrame concatenation with empty or all-NA entries is deprecated. In a future version, this will no longer exclude empty or all-NA columns when determining the result dtypes. To retain the old behavior, exclude the relevant entries before the concat operation.
  "controls": pd.concat([oldc, newc], ignore_index=True),
/Users/zhangzc/fable-trading/yoyo/evaluation/spike_high_r_risk_study.py:182: FutureWarning: The behavior of DataFrame concatenation with empty or all-NA entries is deprecated. In a future version, this will no longer exclude empty or all-NA columns when determining the result dtypes. To retain the old behavior, exclude the relevant entries before the concat operation.
  "controls": pd.concat([oldc, newc], ignore_index=True),
/Users/zhangzc/fable-trading/yoyo/evaluation/spike_high_r_risk_study.py:182: FutureWarning: The behavior of DataFrame concatenation with empty or all-NA entries is deprecated. In a future version, this will no longer exclude empty or all-NA columns when determining the result dtypes. To retain the old behavior, exclude the relevant entries before the concat operation.
  "controls": pd.concat([oldc, newc], ignore_index=True),
/Users/zhangzc/fable-trading/yoyo/evaluation/spike_high_r_risk_study.py:182: FutureWarning: The behavior of DataFrame concatenation with empty or all-NA entries is deprecated. In a future version, this will no longer exclude empty or all-NA columns when determining the result dtypes. To retain the old behavior, exclude the relevant entries before the concat operation.
  "controls": pd.concat([oldc, newc], ignore_index=True),
{"done": 3250, "target": 3531, "failures": 0, "seconds": 215.9}
/Users/zhangzc/fable-trading/yoyo/evaluation/spike_high_r_risk_study.py:182: FutureWarning: The behavior of DataFrame concatenation with empty or all-NA entries is deprecated. In a future version, this will no longer exclude empty or all-NA columns when determining the result dtypes. To retain the old behavior, exclude the relevant entries before the concat operation.
  "controls": pd.concat([oldc, newc], ignore_index=True),
/Users/zhangzc/fable-trading/yoyo/evaluation/spike_high_r_risk_study.py:182: FutureWarning: The behavior of DataFrame concatenation with empty or all-NA entries is deprecated. In a future version, this will no longer exclude empty or all-NA columns when determining the result dtypes. To retain the old behavior, exclude the relevant entries before the concat operation.
  "controls": pd.concat([oldc, newc], ignore_index=True),
/Users/zhangzc/fable-trading/yoyo/evaluation/spike_high_r_risk_study.py:182: FutureWarning: The behavior of DataFrame concatenation with empty or all-NA entries is deprecated. In a future version, this will no longer exclude empty or all-NA columns when determining the result dtypes. To retain the old behavior, exclude the relevant entries before the concat operation.
  "controls": pd.concat([oldc, newc], ignore_index=True),
/Users/zhangzc/fable-trading/yoyo/evaluation/spike_high_r_risk_study.py:182: FutureWarning: The behavior of DataFrame concatenation with empty or all-NA entries is deprecated. In a future version, this will no longer exclude empty or all-NA columns when determining the result dtypes. To retain the old behavior, exclude the relevant entries before the concat operation.
  "controls": pd.concat([oldc, newc], ignore_index=True),
/Users/zhangzc/fable-trading/yoyo/evaluation/spike_high_r_risk_study.py:182: FutureWarning: The behavior of DataFrame concatenation with empty or all-NA entries is deprecated. In a future version, this will no longer exclude empty or all-NA columns when determining the result dtypes. To retain the old behavior, exclude the relevant entries before the concat operation.
  "controls": pd.concat([oldc, newc], ignore_index=True),
/Users/zhangzc/fable-trading/yoyo/evaluation/spike_high_r_risk_study.py:182: FutureWarning: The behavior of DataFrame concatenation with empty or all-NA entries is deprecated. In a future version, this will no longer exclude empty or all-NA columns when determining the result dtypes. To retain the old behavior, exclude the relevant entries before the concat operation.
  "controls": pd.concat([oldc, newc], ignore_index=True),
/Users/zhangzc/fable-trading/yoyo/evaluation/spike_high_r_risk_study.py:182: FutureWarning: The behavior of DataFrame concatenation with empty or all-NA entries is deprecated. In a future version, this will no longer exclude empty or all-NA columns when determining the result dtypes. To retain the old behavior, exclude the relevant entries before the concat operation.
  "controls": pd.concat([oldc, newc], ignore_index=True),
/Users/zhangzc/fable-trading/yoyo/evaluation/spike_high_r_risk_study.py:182: FutureWarning: The behavior of DataFrame concatenation with empty or all-NA entries is deprecated. In a future version, this will no longer exclude empty or all-NA columns when determining the result dtypes. To retain the old behavior, exclude the relevant entries before the concat operation.
  "controls": pd.concat([oldc, newc], ignore_index=True),
/Users/zhangzc/fable-trading/yoyo/evaluation/spike_high_r_risk_study.py:182: FutureWarning: The behavior of DataFrame concatenation with empty or all-NA entries is deprecated. In a future version, this will no longer exclude empty or all-NA columns when determining the result dtypes. To retain the old behavior, exclude the relevant entries before the concat operation.
  "controls": pd.concat([oldc, newc], ignore_index=True),
/Users/zhangzc/fable-trading/yoyo/evaluation/spike_high_r_risk_study.py:182: FutureWarning: The behavior of DataFrame concatenation with empty or all-NA entries is deprecated. In a future version, this will no longer exclude empty or all-NA columns when determining the result dtypes. To retain the old behavior, exclude the relevant entries before the concat operation.
  "controls": pd.concat([oldc, newc], ignore_index=True),
/Users/zhangzc/fable-trading/yoyo/evaluation/spike_high_r_risk_study.py:182: FutureWarning: The behavior of DataFrame concatenation with empty or all-NA entries is deprecated. In a future version, this will no longer exclude empty or all-NA columns when determining the result dtypes. To retain the old behavior, exclude the relevant entries before the concat operation.
  "controls": pd.concat([oldc, newc], ignore_index=True),
/Users/zhangzc/fable-trading/yoyo/evaluation/spike_high_r_risk_study.py:182: FutureWarning: The behavior of DataFrame concatenation with empty or all-NA entries is deprecated. In a future version, this will no longer exclude empty or all-NA columns when determining the result dtypes. To retain the old behavior, exclude the relevant entries before the concat operation.
  "controls": pd.concat([oldc, newc], ignore_index=True),
/Users/zhangzc/fable-trading/yoyo/evaluation/spike_high_r_risk_study.py:182: FutureWarning: The behavior of DataFrame concatenation with empty or all-NA entries is deprecated. In a future version, this will no longer exclude empty or all-NA columns when determining the result dtypes. To retain the old behavior, exclude the relevant entries before the concat operation.
  "controls": pd.concat([oldc, newc], ignore_index=True),
/Users/zhangzc/fable-trading/yoyo/evaluation/spike_high_r_risk_study.py:181: FutureWarning: The behavior of DataFrame concatenation with empty or all-NA entries is deprecated. In a future version, this will no longer exclude empty or all-NA columns when determining the result dtypes. To retain the old behavior, exclude the relevant entries before the concat operation.
  tables = {"trades": pd.concat([baseline, treatment], ignore_index=True),
/Users/zhangzc/fable-trading/yoyo/evaluation/spike_high_r_risk_study.py:182: FutureWarning: The behavior of DataFrame concatenation with empty or all-NA entries is deprecated. In a future version, this will no longer exclude empty or all-NA columns when determining the result dtypes. To retain the old behavior, exclude the relevant entries before the concat operation.
  "controls": pd.concat([oldc, newc], ignore_index=True),
/Users/zhangzc/fable-trading/yoyo/evaluation/spike_high_r_risk_study.py:183: FutureWarning: The behavior of DataFrame concatenation with empty or all-NA entries is deprecated. In a future version, this will no longer exclude empty or all-NA columns when determining the result dtypes. To retain the old behavior, exclude the relevant entries before the concat operation.
  "fills": pd.concat([tag(bf, "baseline"), tag(tf, "high_r_entry_v21")], ignore_index=True),
/Users/zhangzc/fable-trading/yoyo/evaluation/spike_high_r_risk_study.py:182: FutureWarning: The behavior of DataFrame concatenation with empty or all-NA entries is deprecated. In a future version, this will no longer exclude empty or all-NA columns when determining the result dtypes. To retain the old behavior, exclude the relevant entries before the concat operation.
  "controls": pd.concat([oldc, newc], ignore_index=True),
/Users/zhangzc/fable-trading/yoyo/evaluation/spike_high_r_risk_study.py:182: FutureWarning: The behavior of DataFrame concatenation with empty or all-NA entries is deprecated. In a future version, this will no longer exclude empty or all-NA columns when determining the result dtypes. To retain the old behavior, exclude the relevant entries before the concat operation.
  "controls": pd.concat([oldc, newc], ignore_index=True),
/Users/zhangzc/fable-trading/yoyo/evaluation/spike_high_r_risk_study.py:182: FutureWarning: The behavior of DataFrame concatenation with empty or all-NA entries is deprecated. In a future version, this will no longer exclude empty or all-NA columns when determining the result dtypes. To retain the old behavior, exclude the relevant entries before the concat operation.
  "controls": pd.concat([oldc, newc], ignore_index=True),
/Users/zhangzc/fable-trading/yoyo/evaluation/spike_high_r_risk_study.py:182: FutureWarning: The behavior of DataFrame concatenation with empty or all-NA entries is deprecated. In a future version, this will no longer exclude empty or all-NA columns when determining the result dtypes. To retain the old behavior, exclude the relevant entries before the concat operation.
  "controls": pd.concat([oldc, newc], ignore_index=True),
/Users/zhangzc/fable-trading/yoyo/evaluation/spike_high_r_risk_study.py:182: FutureWarning: The behavior of DataFrame concatenation with empty or all-NA entries is deprecated. In a future version, this will no longer exclude empty or all-NA columns when determining the result dtypes. To retain the old behavior, exclude the relevant entries before the concat operation.
  "controls": pd.concat([oldc, newc], ignore_index=True),
/Users/zhangzc/fable-trading/yoyo/evaluation/spike_high_r_risk_study.py:182: FutureWarning: The behavior of DataFrame concatenation with empty or all-NA entries is deprecated. In a future version, this will no longer exclude empty or all-NA columns when determining the result dtypes. To retain the old behavior, exclude the relevant entries before the concat operation.
  "controls": pd.concat([oldc, newc], ignore_index=True),
/Users/zhangzc/fable-trading/yoyo/evaluation/spike_high_r_risk_study.py:182: FutureWarning: The behavior of DataFrame concatenation with empty or all-NA entries is deprecated. In a future version, this will no longer exclude empty or all-NA columns when determining the result dtypes. To retain the old behavior, exclude the relevant entries before the concat operation.
  "controls": pd.concat([oldc, newc], ignore_index=True),
/Users/zhangzc/fable-trading/yoyo/evaluation/spike_high_r_risk_study.py:181: FutureWarning: The behavior of DataFrame concatenation with empty or all-NA entries is deprecated. In a future version, this will no longer exclude empty or all-NA columns when determining the result dtypes. To retain the old behavior, exclude the relevant entries before the concat operation.
  tables = {"trades": pd.concat([baseline, treatment], ignore_index=True),
/Users/zhangzc/fable-trading/yoyo/evaluation/spike_high_r_risk_study.py:182: FutureWarning: The behavior of DataFrame concatenation with empty or all-NA entries is deprecated. In a future version, this will no longer exclude empty or all-NA columns when determining the result dtypes. To retain the old behavior, exclude the relevant entries before the concat operation.
  "controls": pd.concat([oldc, newc], ignore_index=True),
/Users/zhangzc/fable-trading/yoyo/evaluation/spike_high_r_risk_study.py:183: FutureWarning: The behavior of DataFrame concatenation with empty or all-NA entries is deprecated. In a future version, this will no longer exclude empty or all-NA columns when determining the result dtypes. To retain the old behavior, exclude the relevant entries before the concat operation.
  "fills": pd.concat([tag(bf, "baseline"), tag(tf, "high_r_entry_v21")], ignore_index=True),
/Users/zhangzc/fable-trading/yoyo/evaluation/spike_high_r_risk_study.py:182: FutureWarning: The behavior of DataFrame concatenation with empty or all-NA entries is deprecated. In a future version, this will no longer exclude empty or all-NA columns when determining the result dtypes. To retain the old behavior, exclude the relevant entries before the concat operation.
  "controls": pd.concat([oldc, newc], ignore_index=True),
/Users/zhangzc/fable-trading/yoyo/evaluation/spike_high_r_risk_study.py:182: FutureWarning: The behavior of DataFrame concatenation with empty or all-NA entries is deprecated. In a future version, this will no longer exclude empty or all-NA columns when determining the result dtypes. To retain the old behavior, exclude the relevant entries before the concat operation.
  "controls": pd.concat([oldc, newc], ignore_index=True),
{"done": 3300, "target": 3531, "failures": 0, "seconds": 219.4}
/Users/zhangzc/fable-trading/yoyo/evaluation/spike_high_r_risk_study.py:182: FutureWarning: The behavior of DataFrame concatenation with empty or all-NA entries is deprecated. In a future version, this will no longer exclude empty or all-NA columns when determining the result dtypes. To retain the old behavior, exclude the relevant entries before the concat operation.
  "controls": pd.concat([oldc, newc], ignore_index=True),
/Users/zhangzc/fable-trading/yoyo/evaluation/spike_high_r_risk_study.py:182: FutureWarning: The behavior of DataFrame concatenation with empty or all-NA entries is deprecated. In a future version, this will no longer exclude empty or all-NA columns when determining the result dtypes. To retain the old behavior, exclude the relevant entries before the concat operation.
  "controls": pd.concat([oldc, newc], ignore_index=True),
/Users/zhangzc/fable-trading/yoyo/evaluation/spike_high_r_risk_study.py:182: FutureWarning: The behavior of DataFrame concatenation with empty or all-NA entries is deprecated. In a future version, this will no longer exclude empty or all-NA columns when determining the result dtypes. To retain the old behavior, exclude the relevant entries before the concat operation.
  "controls": pd.concat([oldc, newc], ignore_index=True),
/Users/zhangzc/fable-trading/yoyo/evaluation/spike_high_r_risk_study.py:182: FutureWarning: The behavior of DataFrame concatenation with empty or all-NA entries is deprecated. In a future version, this will no longer exclude empty or all-NA columns when determining the result dtypes. To retain the old behavior, exclude the relevant entries before the concat operation.
  "controls": pd.concat([oldc, newc], ignore_index=True),
/Users/zhangzc/fable-trading/yoyo/evaluation/spike_high_r_risk_study.py:182: FutureWarning: The behavior of DataFrame concatenation with empty or all-NA entries is deprecated. In a future version, this will no longer exclude empty or all-NA columns when determining the result dtypes. To retain the old behavior, exclude the relevant entries before the concat operation.
  "controls": pd.concat([oldc, newc], ignore_index=True),
/Users/zhangzc/fable-trading/yoyo/evaluation/spike_high_r_risk_study.py:182: FutureWarning: The behavior of DataFrame concatenation with empty or all-NA entries is deprecated. In a future version, this will no longer exclude empty or all-NA columns when determining the result dtypes. To retain the old behavior, exclude the relevant entries before the concat operation.
  "controls": pd.concat([oldc, newc], ignore_index=True),
/Users/zhangzc/fable-trading/yoyo/evaluation/spike_high_r_risk_study.py:182: FutureWarning: The behavior of DataFrame concatenation with empty or all-NA entries is deprecated. In a future version, this will no longer exclude empty or all-NA columns when determining the result dtypes. To retain the old behavior, exclude the relevant entries before the concat operation.
  "controls": pd.concat([oldc, newc], ignore_index=True),
/Users/zhangzc/fable-trading/yoyo/evaluation/spike_high_r_risk_study.py:182: FutureWarning: The behavior of DataFrame concatenation with empty or all-NA entries is deprecated. In a future version, this will no longer exclude empty or all-NA columns when determining the result dtypes. To retain the old behavior, exclude the relevant entries before the concat operation.
  "controls": pd.concat([oldc, newc], ignore_index=True),
/Users/zhangzc/fable-trading/yoyo/evaluation/spike_high_r_risk_study.py:182: FutureWarning: The behavior of DataFrame concatenation with empty or all-NA entries is deprecated. In a future version, this will no longer exclude empty or all-NA columns when determining the result dtypes. To retain the old behavior, exclude the relevant entries before the concat operation.
  "controls": pd.concat([oldc, newc], ignore_index=True),
/Users/zhangzc/fable-trading/yoyo/evaluation/spike_high_r_risk_study.py:182: FutureWarning: The behavior of DataFrame concatenation with empty or all-NA entries is deprecated. In a future version, this will no longer exclude empty or all-NA columns when determining the result dtypes. To retain the old behavior, exclude the relevant entries before the concat operation.
  "controls": pd.concat([oldc, newc], ignore_index=True),
/Users/zhangzc/fable-trading/yoyo/evaluation/spike_high_r_risk_study.py:182: FutureWarning: The behavior of DataFrame concatenation with empty or all-NA entries is deprecated. In a future version, this will no longer exclude empty or all-NA columns when determining the result dtypes. To retain the old behavior, exclude the relevant entries before the concat operation.
  "controls": pd.concat([oldc, newc], ignore_index=True),
/Users/zhangzc/fable-trading/yoyo/evaluation/spike_high_r_risk_study.py:182: FutureWarning: The behavior of DataFrame concatenation with empty or all-NA entries is deprecated. In a future version, this will no longer exclude empty or all-NA columns when determining the result dtypes. To retain the old behavior, exclude the relevant entries before the concat operation.
  "controls": pd.concat([oldc, newc], ignore_index=True),
/Users/zhangzc/fable-trading/yoyo/evaluation/spike_high_r_risk_study.py:182: FutureWarning: The behavior of DataFrame concatenation with empty or all-NA entries is deprecated. In a future version, this will no longer exclude empty or all-NA columns when determining the result dtypes. To retain the old behavior, exclude the relevant entries before the concat operation.
  "controls": pd.concat([oldc, newc], ignore_index=True),
/Users/zhangzc/fable-trading/yoyo/evaluation/spike_high_r_risk_study.py:182: FutureWarning: The behavior of DataFrame concatenation with empty or all-NA entries is deprecated. In a future version, this will no longer exclude empty or all-NA columns when determining the result dtypes. To retain the old behavior, exclude the relevant entries before the concat operation.
  "controls": pd.concat([oldc, newc], ignore_index=True),
/Users/zhangzc/fable-trading/yoyo/evaluation/spike_high_r_risk_study.py:182: FutureWarning: The behavior of DataFrame concatenation with empty or all-NA entries is deprecated. In a future version, this will no longer exclude empty or all-NA columns when determining the result dtypes. To retain the old behavior, exclude the relevant entries before the concat operation.
  "controls": pd.concat([oldc, newc], ignore_index=True),
/Users/zhangzc/fable-trading/yoyo/evaluation/spike_high_r_risk_study.py:182: FutureWarning: The behavior of DataFrame concatenation with empty or all-NA entries is deprecated. In a future version, this will no longer exclude empty or all-NA columns when determining the result dtypes. To retain the old behavior, exclude the relevant entries before the concat operation.
  "controls": pd.concat([oldc, newc], ignore_index=True),
/Users/zhangzc/fable-trading/yoyo/evaluation/spike_high_r_risk_study.py:182: FutureWarning: The behavior of DataFrame concatenation with empty or all-NA entries is deprecated. In a future version, this will no longer exclude empty or all-NA columns when determining the result dtypes. To retain the old behavior, exclude the relevant entries before the concat operation.
  "controls": pd.concat([oldc, newc], ignore_index=True),
/Users/zhangzc/fable-trading/yoyo/evaluation/spike_high_r_risk_study.py:181: FutureWarning: The behavior of DataFrame concatenation with empty or all-NA entries is deprecated. In a future version, this will no longer exclude empty or all-NA columns when determining the result dtypes. To retain the old behavior, exclude the relevant entries before the concat operation.
  tables = {"trades": pd.concat([baseline, treatment], ignore_index=True),
/Users/zhangzc/fable-trading/yoyo/evaluation/spike_high_r_risk_study.py:182: FutureWarning: The behavior of DataFrame concatenation with empty or all-NA entries is deprecated. In a future version, this will no longer exclude empty or all-NA columns when determining the result dtypes. To retain the old behavior, exclude the relevant entries before the concat operation.
  "controls": pd.concat([oldc, newc], ignore_index=True),
/Users/zhangzc/fable-trading/yoyo/evaluation/spike_high_r_risk_study.py:183: FutureWarning: The behavior of DataFrame concatenation with empty or all-NA entries is deprecated. In a future version, this will no longer exclude empty or all-NA columns when determining the result dtypes. To retain the old behavior, exclude the relevant entries before the concat operation.
  "fills": pd.concat([tag(bf, "baseline"), tag(tf, "high_r_entry_v21")], ignore_index=True),
/Users/zhangzc/fable-trading/yoyo/evaluation/spike_high_r_risk_study.py:182: FutureWarning: The behavior of DataFrame concatenation with empty or all-NA entries is deprecated. In a future version, this will no longer exclude empty or all-NA columns when determining the result dtypes. To retain the old behavior, exclude the relevant entries before the concat operation.
  "controls": pd.concat([oldc, newc], ignore_index=True),
/Users/zhangzc/fable-trading/yoyo/evaluation/spike_high_r_risk_study.py:182: FutureWarning: The behavior of DataFrame concatenation with empty or all-NA entries is deprecated. In a future version, this will no longer exclude empty or all-NA columns when determining the result dtypes. To retain the old behavior, exclude the relevant entries before the concat operation.
  "controls": pd.concat([oldc, newc], ignore_index=True),
/Users/zhangzc/fable-trading/yoyo/evaluation/spike_high_r_risk_study.py:182: FutureWarning: The behavior of DataFrame concatenation with empty or all-NA entries is deprecated. In a future version, this will no longer exclude empty or all-NA columns when determining the result dtypes. To retain the old behavior, exclude the relevant entries before the concat operation.
  "controls": pd.concat([oldc, newc], ignore_index=True),
{"done": 3350, "target": 3531, "failures": 0, "seconds": 222.3}
/Users/zhangzc/fable-trading/yoyo/evaluation/spike_high_r_risk_study.py:181: FutureWarning: The behavior of DataFrame concatenation with empty or all-NA entries is deprecated. In a future version, this will no longer exclude empty or all-NA columns when determining the result dtypes. To retain the old behavior, exclude the relevant entries before the concat operation.
  tables = {"trades": pd.concat([baseline, treatment], ignore_index=True),
/Users/zhangzc/fable-trading/yoyo/evaluation/spike_high_r_risk_study.py:182: FutureWarning: The behavior of DataFrame concatenation with empty or all-NA entries is deprecated. In a future version, this will no longer exclude empty or all-NA columns when determining the result dtypes. To retain the old behavior, exclude the relevant entries before the concat operation.
  "controls": pd.concat([oldc, newc], ignore_index=True),
/Users/zhangzc/fable-trading/yoyo/evaluation/spike_high_r_risk_study.py:183: FutureWarning: The behavior of DataFrame concatenation with empty or all-NA entries is deprecated. In a future version, this will no longer exclude empty or all-NA columns when determining the result dtypes. To retain the old behavior, exclude the relevant entries before the concat operation.
  "fills": pd.concat([tag(bf, "baseline"), tag(tf, "high_r_entry_v21")], ignore_index=True),
/Users/zhangzc/fable-trading/yoyo/evaluation/spike_high_r_risk_study.py:182: FutureWarning: The behavior of DataFrame concatenation with empty or all-NA entries is deprecated. In a future version, this will no longer exclude empty or all-NA columns when determining the result dtypes. To retain the old behavior, exclude the relevant entries before the concat operation.
  "controls": pd.concat([oldc, newc], ignore_index=True),
/Users/zhangzc/fable-trading/yoyo/evaluation/spike_high_r_risk_study.py:182: FutureWarning: The behavior of DataFrame concatenation with empty or all-NA entries is deprecated. In a future version, this will no longer exclude empty or all-NA columns when determining the result dtypes. To retain the old behavior, exclude the relevant entries before the concat operation.
  "controls": pd.concat([oldc, newc], ignore_index=True),
/Users/zhangzc/fable-trading/yoyo/evaluation/spike_high_r_risk_study.py:182: FutureWarning: The behavior of DataFrame concatenation with empty or all-NA entries is deprecated. In a future version, this will no longer exclude empty or all-NA columns when determining the result dtypes. To retain the old behavior, exclude the relevant entries before the concat operation.
  "controls": pd.concat([oldc, newc], ignore_index=True),
/Users/zhangzc/fable-trading/yoyo/evaluation/spike_high_r_risk_study.py:182: FutureWarning: The behavior of DataFrame concatenation with empty or all-NA entries is deprecated. In a future version, this will no longer exclude empty or all-NA columns when determining the result dtypes. To retain the old behavior, exclude the relevant entries before the concat operation.
  "controls": pd.concat([oldc, newc], ignore_index=True),
/Users/zhangzc/fable-trading/yoyo/evaluation/spike_high_r_risk_study.py:182: FutureWarning: The behavior of DataFrame concatenation with empty or all-NA entries is deprecated. In a future version, this will no longer exclude empty or all-NA columns when determining the result dtypes. To retain the old behavior, exclude the relevant entries before the concat operation.
  "controls": pd.concat([oldc, newc], ignore_index=True),
/Users/zhangzc/fable-trading/yoyo/evaluation/spike_high_r_risk_study.py:182: FutureWarning: The behavior of DataFrame concatenation with empty or all-NA entries is deprecated. In a future version, this will no longer exclude empty or all-NA columns when determining the result dtypes. To retain the old behavior, exclude the relevant entries before the concat operation.
  "controls": pd.concat([oldc, newc], ignore_index=True),
/Users/zhangzc/fable-trading/yoyo/evaluation/spike_high_r_risk_study.py:182: FutureWarning: The behavior of DataFrame concatenation with empty or all-NA entries is deprecated. In a future version, this will no longer exclude empty or all-NA columns when determining the result dtypes. To retain the old behavior, exclude the relevant entries before the concat operation.
  "controls": pd.concat([oldc, newc], ignore_index=True),
/Users/zhangzc/fable-trading/yoyo/evaluation/spike_high_r_risk_study.py:182: FutureWarning: The behavior of DataFrame concatenation with empty or all-NA entries is deprecated. In a future version, this will no longer exclude empty or all-NA columns when determining the result dtypes. To retain the old behavior, exclude the relevant entries before the concat operation.
  "controls": pd.concat([oldc, newc], ignore_index=True),
/Users/zhangzc/fable-trading/yoyo/evaluation/spike_high_r_risk_study.py:182: FutureWarning: The behavior of DataFrame concatenation with empty or all-NA entries is deprecated. In a future version, this will no longer exclude empty or all-NA columns when determining the result dtypes. To retain the old behavior, exclude the relevant entries before the concat operation.
  "controls": pd.concat([oldc, newc], ignore_index=True),
/Users/zhangzc/fable-trading/yoyo/evaluation/spike_high_r_risk_study.py:182: FutureWarning: The behavior of DataFrame concatenation with empty or all-NA entries is deprecated. In a future version, this will no longer exclude empty or all-NA columns when determining the result dtypes. To retain the old behavior, exclude the relevant entries before the concat operation.
  "controls": pd.concat([oldc, newc], ignore_index=True),
/Users/zhangzc/fable-trading/yoyo/evaluation/spike_high_r_risk_study.py:182: FutureWarning: The behavior of DataFrame concatenation with empty or all-NA entries is deprecated. In a future version, this will no longer exclude empty or all-NA columns when determining the result dtypes. To retain the old behavior, exclude the relevant entries before the concat operation.
  "controls": pd.concat([oldc, newc], ignore_index=True),
/Users/zhangzc/fable-trading/yoyo/evaluation/spike_high_r_risk_study.py:182: FutureWarning: The behavior of DataFrame concatenation with empty or all-NA entries is deprecated. In a future version, this will no longer exclude empty or all-NA columns when determining the result dtypes. To retain the old behavior, exclude the relevant entries before the concat operation.
  "controls": pd.concat([oldc, newc], ignore_index=True),
/Users/zhangzc/fable-trading/yoyo/evaluation/spike_high_r_risk_study.py:182: FutureWarning: The behavior of DataFrame concatenation with empty or all-NA entries is deprecated. In a future version, this will no longer exclude empty or all-NA columns when determining the result dtypes. To retain the old behavior, exclude the relevant entries before the concat operation.
  "controls": pd.concat([oldc, newc], ignore_index=True),
/Users/zhangzc/fable-trading/yoyo/evaluation/spike_high_r_risk_study.py:182: FutureWarning: The behavior of DataFrame concatenation with empty or all-NA entries is deprecated. In a future version, this will no longer exclude empty or all-NA columns when determining the result dtypes. To retain the old behavior, exclude the relevant entries before the concat operation.
  "controls": pd.concat([oldc, newc], ignore_index=True),
/Users/zhangzc/fable-trading/yoyo/evaluation/spike_high_r_risk_study.py:182: FutureWarning: The behavior of DataFrame concatenation with empty or all-NA entries is deprecated. In a future version, this will no longer exclude empty or all-NA columns when determining the result dtypes. To retain the old behavior, exclude the relevant entries before the concat operation.
  "controls": pd.concat([oldc, newc], ignore_index=True),
/Users/zhangzc/fable-trading/yoyo/evaluation/spike_high_r_risk_study.py:182: FutureWarning: The behavior of DataFrame concatenation with empty or all-NA entries is deprecated. In a future version, this will no longer exclude empty or all-NA columns when determining the result dtypes. To retain the old behavior, exclude the relevant entries before the concat operation.
  "controls": pd.concat([oldc, newc], ignore_index=True),
/Users/zhangzc/fable-trading/yoyo/evaluation/spike_high_r_risk_study.py:182: FutureWarning: The behavior of DataFrame concatenation with empty or all-NA entries is deprecated. In a future version, this will no longer exclude empty or all-NA columns when determining the result dtypes. To retain the old behavior, exclude the relevant entries before the concat operation.
  "controls": pd.concat([oldc, newc], ignore_index=True),
/Users/zhangzc/fable-trading/yoyo/evaluation/spike_high_r_risk_study.py:182: FutureWarning: The behavior of DataFrame concatenation with empty or all-NA entries is deprecated. In a future version, this will no longer exclude empty or all-NA columns when determining the result dtypes. To retain the old behavior, exclude the relevant entries before the concat operation.
  "controls": pd.concat([oldc, newc], ignore_index=True),
/Users/zhangzc/fable-trading/yoyo/evaluation/spike_high_r_risk_study.py:182: FutureWarning: The behavior of DataFrame concatenation with empty or all-NA entries is deprecated. In a future version, this will no longer exclude empty or all-NA columns when determining the result dtypes. To retain the old behavior, exclude the relevant entries before the concat operation.
  "controls": pd.concat([oldc, newc], ignore_index=True),
/Users/zhangzc/fable-trading/yoyo/evaluation/spike_high_r_risk_study.py:182: FutureWarning: The behavior of DataFrame concatenation with empty or all-NA entries is deprecated. In a future version, this will no longer exclude empty or all-NA columns when determining the result dtypes. To retain the old behavior, exclude the relevant entries before the concat operation.
  "controls": pd.concat([oldc, newc], ignore_index=True),
/Users/zhangzc/fable-trading/yoyo/evaluation/spike_high_r_risk_study.py:182: FutureWarning: The behavior of DataFrame concatenation with empty or all-NA entries is deprecated. In a future version, this will no longer exclude empty or all-NA columns when determining the result dtypes. To retain the old behavior, exclude the relevant entries before the concat operation.
  "controls": pd.concat([oldc, newc], ignore_index=True),
{"done": 3400, "target": 3531, "failures": 0, "seconds": 225.3}
/Users/zhangzc/fable-trading/yoyo/evaluation/spike_high_r_risk_study.py:182: FutureWarning: The behavior of DataFrame concatenation with empty or all-NA entries is deprecated. In a future version, this will no longer exclude empty or all-NA columns when determining the result dtypes. To retain the old behavior, exclude the relevant entries before the concat operation.
  "controls": pd.concat([oldc, newc], ignore_index=True),
/Users/zhangzc/fable-trading/yoyo/evaluation/spike_high_r_risk_study.py:182: FutureWarning: The behavior of DataFrame concatenation with empty or all-NA entries is deprecated. In a future version, this will no longer exclude empty or all-NA columns when determining the result dtypes. To retain the old behavior, exclude the relevant entries before the concat operation.
  "controls": pd.concat([oldc, newc], ignore_index=True),
/Users/zhangzc/fable-trading/yoyo/evaluation/spike_high_r_risk_study.py:182: FutureWarning: The behavior of DataFrame concatenation with empty or all-NA entries is deprecated. In a future version, this will no longer exclude empty or all-NA columns when determining the result dtypes. To retain the old behavior, exclude the relevant entries before the concat operation.
  "controls": pd.concat([oldc, newc], ignore_index=True),
/Users/zhangzc/fable-trading/yoyo/evaluation/spike_high_r_risk_study.py:182: FutureWarning: The behavior of DataFrame concatenation with empty or all-NA entries is deprecated. In a future version, this will no longer exclude empty or all-NA columns when determining the result dtypes. To retain the old behavior, exclude the relevant entries before the concat operation.
  "controls": pd.concat([oldc, newc], ignore_index=True),
/Users/zhangzc/fable-trading/yoyo/evaluation/spike_high_r_risk_study.py:182: FutureWarning: The behavior of DataFrame concatenation with empty or all-NA entries is deprecated. In a future version, this will no longer exclude empty or all-NA columns when determining the result dtypes. To retain the old behavior, exclude the relevant entries before the concat operation.
  "controls": pd.concat([oldc, newc], ignore_index=True),
/Users/zhangzc/fable-trading/yoyo/evaluation/spike_high_r_risk_study.py:182: FutureWarning: The behavior of DataFrame concatenation with empty or all-NA entries is deprecated. In a future version, this will no longer exclude empty or all-NA columns when determining the result dtypes. To retain the old behavior, exclude the relevant entries before the concat operation.
  "controls": pd.concat([oldc, newc], ignore_index=True),
/Users/zhangzc/fable-trading/yoyo/evaluation/spike_high_r_risk_study.py:181: FutureWarning: The behavior of DataFrame concatenation with empty or all-NA entries is deprecated. In a future version, this will no longer exclude empty or all-NA columns when determining the result dtypes. To retain the old behavior, exclude the relevant entries before the concat operation.
  tables = {"trades": pd.concat([baseline, treatment], ignore_index=True),
/Users/zhangzc/fable-trading/yoyo/evaluation/spike_high_r_risk_study.py:182: FutureWarning: The behavior of DataFrame concatenation with empty or all-NA entries is deprecated. In a future version, this will no longer exclude empty or all-NA columns when determining the result dtypes. To retain the old behavior, exclude the relevant entries before the concat operation.
  "controls": pd.concat([oldc, newc], ignore_index=True),
/Users/zhangzc/fable-trading/yoyo/evaluation/spike_high_r_risk_study.py:183: FutureWarning: The behavior of DataFrame concatenation with empty or all-NA entries is deprecated. In a future version, this will no longer exclude empty or all-NA columns when determining the result dtypes. To retain the old behavior, exclude the relevant entries before the concat operation.
  "fills": pd.concat([tag(bf, "baseline"), tag(tf, "high_r_entry_v21")], ignore_index=True),
/Users/zhangzc/fable-trading/yoyo/evaluation/spike_high_r_risk_study.py:182: FutureWarning: The behavior of DataFrame concatenation with empty or all-NA entries is deprecated. In a future version, this will no longer exclude empty or all-NA columns when determining the result dtypes. To retain the old behavior, exclude the relevant entries before the concat operation.
  "controls": pd.concat([oldc, newc], ignore_index=True),
/Users/zhangzc/fable-trading/yoyo/evaluation/spike_high_r_risk_study.py:182: FutureWarning: The behavior of DataFrame concatenation with empty or all-NA entries is deprecated. In a future version, this will no longer exclude empty or all-NA columns when determining the result dtypes. To retain the old behavior, exclude the relevant entries before the concat operation.
  "controls": pd.concat([oldc, newc], ignore_index=True),
/Users/zhangzc/fable-trading/yoyo/evaluation/spike_high_r_risk_study.py:182: FutureWarning: The behavior of DataFrame concatenation with empty or all-NA entries is deprecated. In a future version, this will no longer exclude empty or all-NA columns when determining the result dtypes. To retain the old behavior, exclude the relevant entries before the concat operation.
  "controls": pd.concat([oldc, newc], ignore_index=True),
/Users/zhangzc/fable-trading/yoyo/evaluation/spike_high_r_risk_study.py:182: FutureWarning: The behavior of DataFrame concatenation with empty or all-NA entries is deprecated. In a future version, this will no longer exclude empty or all-NA columns when determining the result dtypes. To retain the old behavior, exclude the relevant entries before the concat operation.
  "controls": pd.concat([oldc, newc], ignore_index=True),
/Users/zhangzc/fable-trading/yoyo/evaluation/spike_high_r_risk_study.py:182: FutureWarning: The behavior of DataFrame concatenation with empty or all-NA entries is deprecated. In a future version, this will no longer exclude empty or all-NA columns when determining the result dtypes. To retain the old behavior, exclude the relevant entries before the concat operation.
  "controls": pd.concat([oldc, newc], ignore_index=True),
/Users/zhangzc/fable-trading/yoyo/evaluation/spike_high_r_risk_study.py:182: FutureWarning: The behavior of DataFrame concatenation with empty or all-NA entries is deprecated. In a future version, this will no longer exclude empty or all-NA columns when determining the result dtypes. To retain the old behavior, exclude the relevant entries before the concat operation.
  "controls": pd.concat([oldc, newc], ignore_index=True),
/Users/zhangzc/fable-trading/yoyo/evaluation/spike_high_r_risk_study.py:182: FutureWarning: The behavior of DataFrame concatenation with empty or all-NA entries is deprecated. In a future version, this will no longer exclude empty or all-NA columns when determining the result dtypes. To retain the old behavior, exclude the relevant entries before the concat operation.
  "controls": pd.concat([oldc, newc], ignore_index=True),
/Users/zhangzc/fable-trading/yoyo/evaluation/spike_high_r_risk_study.py:182: FutureWarning: The behavior of DataFrame concatenation with empty or all-NA entries is deprecated. In a future version, this will no longer exclude empty or all-NA columns when determining the result dtypes. To retain the old behavior, exclude the relevant entries before the concat operation.
  "controls": pd.concat([oldc, newc], ignore_index=True),
/Users/zhangzc/fable-trading/yoyo/evaluation/spike_high_r_risk_study.py:182: FutureWarning: The behavior of DataFrame concatenation with empty or all-NA entries is deprecated. In a future version, this will no longer exclude empty or all-NA columns when determining the result dtypes. To retain the old behavior, exclude the relevant entries before the concat operation.
  "controls": pd.concat([oldc, newc], ignore_index=True),
/Users/zhangzc/fable-trading/yoyo/evaluation/spike_high_r_risk_study.py:182: FutureWarning: The behavior of DataFrame concatenation with empty or all-NA entries is deprecated. In a future version, this will no longer exclude empty or all-NA columns when determining the result dtypes. To retain the old behavior, exclude the relevant entries before the concat operation.
  "controls": pd.concat([oldc, newc], ignore_index=True),
/Users/zhangzc/fable-trading/yoyo/evaluation/spike_high_r_risk_study.py:182: FutureWarning: The behavior of DataFrame concatenation with empty or all-NA entries is deprecated. In a future version, this will no longer exclude empty or all-NA columns when determining the result dtypes. To retain the old behavior, exclude the relevant entries before the concat operation.
  "controls": pd.concat([oldc, newc], ignore_index=True),
/Users/zhangzc/fable-trading/yoyo/evaluation/spike_high_r_risk_study.py:182: FutureWarning: The behavior of DataFrame concatenation with empty or all-NA entries is deprecated. In a future version, this will no longer exclude empty or all-NA columns when determining the result dtypes. To retain the old behavior, exclude the relevant entries before the concat operation.
  "controls": pd.concat([oldc, newc], ignore_index=True),
/Users/zhangzc/fable-trading/yoyo/evaluation/spike_high_r_risk_study.py:182: FutureWarning: The behavior of DataFrame concatenation with empty or all-NA entries is deprecated. In a future version, this will no longer exclude empty or all-NA columns when determining the result dtypes. To retain the old behavior, exclude the relevant entries before the concat operation.
  "controls": pd.concat([oldc, newc], ignore_index=True),
/Users/zhangzc/fable-trading/yoyo/evaluation/spike_high_r_risk_study.py:182: FutureWarning: The behavior of DataFrame concatenation with empty or all-NA entries is deprecated. In a future version, this will no longer exclude empty or all-NA columns when determining the result dtypes. To retain the old behavior, exclude the relevant entries before the concat operation.
  "controls": pd.concat([oldc, newc], ignore_index=True),
/Users/zhangzc/fable-trading/yoyo/evaluation/spike_high_r_risk_study.py:182: FutureWarning: The behavior of DataFrame concatenation with empty or all-NA entries is deprecated. In a future version, this will no longer exclude empty or all-NA columns when determining the result dtypes. To retain the old behavior, exclude the relevant entries before the concat operation.
  "controls": pd.concat([oldc, newc], ignore_index=True),
{"done": 3450, "target": 3531, "failures": 0, "seconds": 228.0}
/Users/zhangzc/fable-trading/yoyo/evaluation/spike_high_r_risk_study.py:182: FutureWarning: The behavior of DataFrame concatenation with empty or all-NA entries is deprecated. In a future version, this will no longer exclude empty or all-NA columns when determining the result dtypes. To retain the old behavior, exclude the relevant entries before the concat operation.
  "controls": pd.concat([oldc, newc], ignore_index=True),
/Users/zhangzc/fable-trading/yoyo/evaluation/spike_high_r_risk_study.py:182: FutureWarning: The behavior of DataFrame concatenation with empty or all-NA entries is deprecated. In a future version, this will no longer exclude empty or all-NA columns when determining the result dtypes. To retain the old behavior, exclude the relevant entries before the concat operation.
  "controls": pd.concat([oldc, newc], ignore_index=True),
/Users/zhangzc/fable-trading/yoyo/evaluation/spike_high_r_risk_study.py:182: FutureWarning: The behavior of DataFrame concatenation with empty or all-NA entries is deprecated. In a future version, this will no longer exclude empty or all-NA columns when determining the result dtypes. To retain the old behavior, exclude the relevant entries before the concat operation.
  "controls": pd.concat([oldc, newc], ignore_index=True),
/Users/zhangzc/fable-trading/yoyo/evaluation/spike_high_r_risk_study.py:182: FutureWarning: The behavior of DataFrame concatenation with empty or all-NA entries is deprecated. In a future version, this will no longer exclude empty or all-NA columns when determining the result dtypes. To retain the old behavior, exclude the relevant entries before the concat operation.
  "controls": pd.concat([oldc, newc], ignore_index=True),
/Users/zhangzc/fable-trading/yoyo/evaluation/spike_high_r_risk_study.py:182: FutureWarning: The behavior of DataFrame concatenation with empty or all-NA entries is deprecated. In a future version, this will no longer exclude empty or all-NA columns when determining the result dtypes. To retain the old behavior, exclude the relevant entries before the concat operation.
  "controls": pd.concat([oldc, newc], ignore_index=True),
/Users/zhangzc/fable-trading/yoyo/evaluation/spike_high_r_risk_study.py:182: FutureWarning: The behavior of DataFrame concatenation with empty or all-NA entries is deprecated. In a future version, this will no longer exclude empty or all-NA columns when determining the result dtypes. To retain the old behavior, exclude the relevant entries before the concat operation.
  "controls": pd.concat([oldc, newc], ignore_index=True),
/Users/zhangzc/fable-trading/yoyo/evaluation/spike_high_r_risk_study.py:182: FutureWarning: The behavior of DataFrame concatenation with empty or all-NA entries is deprecated. In a future version, this will no longer exclude empty or all-NA columns when determining the result dtypes. To retain the old behavior, exclude the relevant entries before the concat operation.
  "controls": pd.concat([oldc, newc], ignore_index=True),
/Users/zhangzc/fable-trading/yoyo/evaluation/spike_high_r_risk_study.py:182: FutureWarning: The behavior of DataFrame concatenation with empty or all-NA entries is deprecated. In a future version, this will no longer exclude empty or all-NA columns when determining the result dtypes. To retain the old behavior, exclude the relevant entries before the concat operation.
  "controls": pd.concat([oldc, newc], ignore_index=True),
/Users/zhangzc/fable-trading/yoyo/evaluation/spike_high_r_risk_study.py:182: FutureWarning: The behavior of DataFrame concatenation with empty or all-NA entries is deprecated. In a future version, this will no longer exclude empty or all-NA columns when determining the result dtypes. To retain the old behavior, exclude the relevant entries before the concat operation.
  "controls": pd.concat([oldc, newc], ignore_index=True),
/Users/zhangzc/fable-trading/yoyo/evaluation/spike_high_r_risk_study.py:182: FutureWarning: The behavior of DataFrame concatenation with empty or all-NA entries is deprecated. In a future version, this will no longer exclude empty or all-NA columns when determining the result dtypes. To retain the old behavior, exclude the relevant entries before the concat operation.
  "controls": pd.concat([oldc, newc], ignore_index=True),
/Users/zhangzc/fable-trading/yoyo/evaluation/spike_high_r_risk_study.py:182: FutureWarning: The behavior of DataFrame concatenation with empty or all-NA entries is deprecated. In a future version, this will no longer exclude empty or all-NA columns when determining the result dtypes. To retain the old behavior, exclude the relevant entries before the concat operation.
  "controls": pd.concat([oldc, newc], ignore_index=True),
/Users/zhangzc/fable-trading/yoyo/evaluation/spike_high_r_risk_study.py:182: FutureWarning: The behavior of DataFrame concatenation with empty or all-NA entries is deprecated. In a future version, this will no longer exclude empty or all-NA columns when determining the result dtypes. To retain the old behavior, exclude the relevant entries before the concat operation.
  "controls": pd.concat([oldc, newc], ignore_index=True),
/Users/zhangzc/fable-trading/yoyo/evaluation/spike_high_r_risk_study.py:182: FutureWarning: The behavior of DataFrame concatenation with empty or all-NA entries is deprecated. In a future version, this will no longer exclude empty or all-NA columns when determining the result dtypes. To retain the old behavior, exclude the relevant entries before the concat operation.
  "controls": pd.concat([oldc, newc], ignore_index=True),
/Users/zhangzc/fable-trading/yoyo/evaluation/spike_high_r_risk_study.py:182: FutureWarning: The behavior of DataFrame concatenation with empty or all-NA entries is deprecated. In a future version, this will no longer exclude empty or all-NA columns when determining the result dtypes. To retain the old behavior, exclude the relevant entries before the concat operation.
  "controls": pd.concat([oldc, newc], ignore_index=True),
/Users/zhangzc/fable-trading/yoyo/evaluation/spike_high_r_risk_study.py:182: FutureWarning: The behavior of DataFrame concatenation with empty or all-NA entries is deprecated. In a future version, this will no longer exclude empty or all-NA columns when determining the result dtypes. To retain the old behavior, exclude the relevant entries before the concat operation.
  "controls": pd.concat([oldc, newc], ignore_index=True),
/Users/zhangzc/fable-trading/yoyo/evaluation/spike_high_r_risk_study.py:182: FutureWarning: The behavior of DataFrame concatenation with empty or all-NA entries is deprecated. In a future version, this will no longer exclude empty or all-NA columns when determining the result dtypes. To retain the old behavior, exclude the relevant entries before the concat operation.
  "controls": pd.concat([oldc, newc], ignore_index=True),
/Users/zhangzc/fable-trading/yoyo/evaluation/spike_high_r_risk_study.py:182: FutureWarning: The behavior of DataFrame concatenation with empty or all-NA entries is deprecated. In a future version, this will no longer exclude empty or all-NA columns when determining the result dtypes. To retain the old behavior, exclude the relevant entries before the concat operation.
  "controls": pd.concat([oldc, newc], ignore_index=True),
/Users/zhangzc/fable-trading/yoyo/evaluation/spike_high_r_risk_study.py:182: FutureWarning: The behavior of DataFrame concatenation with empty or all-NA entries is deprecated. In a future version, this will no longer exclude empty or all-NA columns when determining the result dtypes. To retain the old behavior, exclude the relevant entries before the concat operation.
  "controls": pd.concat([oldc, newc], ignore_index=True),
/Users/zhangzc/fable-trading/yoyo/evaluation/spike_high_r_risk_study.py:182: FutureWarning: The behavior of DataFrame concatenation with empty or all-NA entries is deprecated. In a future version, this will no longer exclude empty or all-NA columns when determining the result dtypes. To retain the old behavior, exclude the relevant entries before the concat operation.
  "controls": pd.concat([oldc, newc], ignore_index=True),
/Users/zhangzc/fable-trading/yoyo/evaluation/spike_high_r_risk_study.py:182: FutureWarning: The behavior of DataFrame concatenation with empty or all-NA entries is deprecated. In a future version, this will no longer exclude empty or all-NA columns when determining the result dtypes. To retain the old behavior, exclude the relevant entries before the concat operation.
  "controls": pd.concat([oldc, newc], ignore_index=True),
/Users/zhangzc/fable-trading/yoyo/evaluation/spike_high_r_risk_study.py:182: FutureWarning: The behavior of DataFrame concatenation with empty or all-NA entries is deprecated. In a future version, this will no longer exclude empty or all-NA columns when determining the result dtypes. To retain the old behavior, exclude the relevant entries before the concat operation.
  "controls": pd.concat([oldc, newc], ignore_index=True),
/Users/zhangzc/fable-trading/yoyo/evaluation/spike_high_r_risk_study.py:182: FutureWarning: The behavior of DataFrame concatenation with empty or all-NA entries is deprecated. In a future version, this will no longer exclude empty or all-NA columns when determining the result dtypes. To retain the old behavior, exclude the relevant entries before the concat operation.
  "controls": pd.concat([oldc, newc], ignore_index=True),
{"done": 3500, "target": 3531, "failures": 0, "seconds": 231.5}
/Users/zhangzc/fable-trading/yoyo/evaluation/spike_high_r_risk_study.py:182: FutureWarning: The behavior of DataFrame concatenation with empty or all-NA entries is deprecated. In a future version, this will no longer exclude empty or all-NA columns when determining the result dtypes. To retain the old behavior, exclude the relevant entries before the concat operation.
  "controls": pd.concat([oldc, newc], ignore_index=True),
/Users/zhangzc/fable-trading/yoyo/evaluation/spike_high_r_risk_study.py:182: FutureWarning: The behavior of DataFrame concatenation with empty or all-NA entries is deprecated. In a future version, this will no longer exclude empty or all-NA columns when determining the result dtypes. To retain the old behavior, exclude the relevant entries before the concat operation.
  "controls": pd.concat([oldc, newc], ignore_index=True),
/Users/zhangzc/fable-trading/yoyo/evaluation/spike_high_r_risk_study.py:182: FutureWarning: The behavior of DataFrame concatenation with empty or all-NA entries is deprecated. In a future version, this will no longer exclude empty or all-NA columns when determining the result dtypes. To retain the old behavior, exclude the relevant entries before the concat operation.
  "controls": pd.concat([oldc, newc], ignore_index=True),
/Users/zhangzc/fable-trading/yoyo/evaluation/spike_high_r_risk_study.py:182: FutureWarning: The behavior of DataFrame concatenation with empty or all-NA entries is deprecated. In a future version, this will no longer exclude empty or all-NA columns when determining the result dtypes. To retain the old behavior, exclude the relevant entries before the concat operation.
  "controls": pd.concat([oldc, newc], ignore_index=True),
/Users/zhangzc/fable-trading/yoyo/evaluation/spike_high_r_risk_study.py:182: FutureWarning: The behavior of DataFrame concatenation with empty or all-NA entries is deprecated. In a future version, this will no longer exclude empty or all-NA columns when determining the result dtypes. To retain the old behavior, exclude the relevant entries before the concat operation.
  "controls": pd.concat([oldc, newc], ignore_index=True),
/Users/zhangzc/fable-trading/yoyo/evaluation/spike_high_r_risk_study.py:182: FutureWarning: The behavior of DataFrame concatenation with empty or all-NA entries is deprecated. In a future version, this will no longer exclude empty or all-NA columns when determining the result dtypes. To retain the old behavior, exclude the relevant entries before the concat operation.
  "controls": pd.concat([oldc, newc], ignore_index=True),
/Users/zhangzc/fable-trading/yoyo/evaluation/spike_high_r_risk_study.py:181: FutureWarning: The behavior of DataFrame concatenation with empty or all-NA entries is deprecated. In a future version, this will no longer exclude empty or all-NA columns when determining the result dtypes. To retain the old behavior, exclude the relevant entries before the concat operation.
  tables = {"trades": pd.concat([baseline, treatment], ignore_index=True),
/Users/zhangzc/fable-trading/yoyo/evaluation/spike_high_r_risk_study.py:182: FutureWarning: The behavior of DataFrame concatenation with empty or all-NA entries is deprecated. In a future version, this will no longer exclude empty or all-NA columns when determining the result dtypes. To retain the old behavior, exclude the relevant entries before the concat operation.
  "controls": pd.concat([oldc, newc], ignore_index=True),
/Users/zhangzc/fable-trading/yoyo/evaluation/spike_high_r_risk_study.py:183: FutureWarning: The behavior of DataFrame concatenation with empty or all-NA entries is deprecated. In a future version, this will no longer exclude empty or all-NA columns when determining the result dtypes. To retain the old behavior, exclude the relevant entries before the concat operation.
  "fills": pd.concat([tag(bf, "baseline"), tag(tf, "high_r_entry_v21")], ignore_index=True),
/Users/zhangzc/fable-trading/yoyo/evaluation/spike_high_r_risk_study.py:182: FutureWarning: The behavior of DataFrame concatenation with empty or all-NA entries is deprecated. In a future version, this will no longer exclude empty or all-NA columns when determining the result dtypes. To retain the old behavior, exclude the relevant entries before the concat operation.
  "controls": pd.concat([oldc, newc], ignore_index=True),
/Users/zhangzc/fable-trading/yoyo/evaluation/spike_high_r_risk_study.py:182: FutureWarning: The behavior of DataFrame concatenation with empty or all-NA entries is deprecated. In a future version, this will no longer exclude empty or all-NA columns when determining the result dtypes. To retain the old behavior, exclude the relevant entries before the concat operation.
  "controls": pd.concat([oldc, newc], ignore_index=True),
/Users/zhangzc/fable-trading/yoyo/evaluation/spike_high_r_risk_study.py:182: FutureWarning: The behavior of DataFrame concatenation with empty or all-NA entries is deprecated. In a future version, this will no longer exclude empty or all-NA columns when determining the result dtypes. To retain the old behavior, exclude the relevant entries before the concat operation.
  "controls": pd.concat([oldc, newc], ignore_index=True),
/Users/zhangzc/fable-trading/yoyo/evaluation/spike_high_r_risk_study.py:182: FutureWarning: The behavior of DataFrame concatenation with empty or all-NA entries is deprecated. In a future version, this will no longer exclude empty or all-NA columns when determining the result dtypes. To retain the old behavior, exclude the relevant entries before the concat operation.
  "controls": pd.concat([oldc, newc], ignore_index=True),
/Users/zhangzc/fable-trading/yoyo/evaluation/spike_high_r_risk_study.py:182: FutureWarning: The behavior of DataFrame concatenation with empty or all-NA entries is deprecated. In a future version, this will no longer exclude empty or all-NA columns when determining the result dtypes. To retain the old behavior, exclude the relevant entries before the concat operation.
  "controls": pd.concat([oldc, newc], ignore_index=True),
{"done": 3531, "target": 3531, "failures": 0, "seconds": 233.4}
