trade_id,candidate_signal_i,candidate_entry_time,candidate_project_net_return,direction,holding_bars,control_rank,control_signal_i,control_signal_time,stratum_month,stratum_hk_6h,stratum_atr_quintile,control_entry_i,control_exit_i,control_entry_price,control_exit_price,control_exit_reason,control_gross_return,control_project_net_return,control_pine_net_return,gate_arm,period
allow_all|2023|0,35073,2023-01-04 00:00:00+00:00,0.24803910720313516,long,1486,0,34881,2023-01-01 23:45:00+00:00,2023-01,1,0,34882,34887,1200.27,1194.11,stop,-0.005132178593149961,-0.007132178593149961,-0.0071270464145568105,allow_all,2023
allow_all|2023|0,35073,2023-01-04 00:00:00+00:00,0.24803910720313516,long,1486,1,34889,2023-01-02 01:45:00+00:00,2023-01,1,0,34890,36376,1194.83,1569.25,copied_horizon,0.3133667551032364,0.3113667551032364,0.3110533883481332,allow_all,2023
allow_all|2023|0,35073,2023-01-04 00:00:00+00:00,0.24803910720313516,long,1486,2,34970,2023-01-02 22:00:00+00:00,2023-01,1,0,34971,35037,1217.88,1210.3200000000002,stop,-0.006207508128879602,-0.008207508128879602,-0.008201300620750723,allow_all,2023
allow_all|2023|1,36559,2023-01-19 11:30:00+00:00,-0.013269108416594786,short,12,0,35983,2023-01-13 11:15:00+00:00,2023-01,3,3,35984,35996,1411.5,1408.09,copied_horizon,0.0024158696422246217,0.0004158696422246217,0.00041828551186684623,allow_all,2023
allow_all|2023|1,36559,2023-01-19 11:30:00+00:00,-0.013269108416594786,short,12,1,37711,2023-01-31 11:15:00+00:00,2023-01,3,3,37712,37720,1568.66,1586.3400000000001,stop,-0.011270766131602716,-0.013270766131602716,-0.01328203689773432,allow_all,2023
allow_all|2023|1,36559,2023-01-19 11:30:00+00:00,-0.013269108416594786,short,12,2,36558,2023-01-19 11:00:00+00:00,2023-01,3,3,36559,36571,1521.43,1525.99,copied_horizon,-0.0029971802843378192,-0.004997180284337819,-0.0050001774646221565,allow_all,2023
allow_all|2023|2,38598,2023-02-09 17:15:00+00:00,0.041133591844008666,short,553,0,38601,2023-02-09 17:45:00+00:00,2023-02,0,3,38602,39155,1623.89,1585.58,copied_horizon,0.02359149942422223,0.021591499424222227,0.02161509092364645,allow_all,2023
allow_all|2023|2,38598,2023-02-09 17:15:00+00:00,0.041133591844008666,short,553,1,38408,2023-02-07 17:30:00+00:00,2023-02,0,3,38409,38409,1639.27,1664.3799999999999,stop,-0.015317793896063359,-0.01731779389606336,-0.01733311168995942,allow_all,2023
allow_all|2023|2,38598,2023-02-09 17:15:00+00:00,0.041133591844008666,short,553,2,39849,2023-02-22 17:45:00+00:00,2023-02,0,3,39850,39870,1611.19,1643.27,stop,-0.019910749197797895,-0.021910749197797896,-0.021930659946995692,allow_all,2023
allow_all|2023|3,39151,2023-02-15 11:30:00+00:00,0.053398566547640414,long,772,0,39435,2023-02-18 10:15:00+00:00,2023-02,3,1,39436,39557,1692.45,1694.1424499999998,stop,0.0009999999999998899,-0.0010000000000001102,-0.0010010000000001099,allow_all,2023
allow_all|2023|3,39151,2023-02-15 11:30:00+00:00,0.053398566547640414,long,772,1,39059,2023-02-14 12:15:00+00:00,2023-02,3,1,39060,39064,1509.86,1492.1599999999999,stop,-0.011722941199846404,-0.013722941199846404,-0.013711218258646558,allow_all,2023
allow_all|2023|3,39151,2023-02-15 11:30:00+00:00,0.053398566547640414,long,772,2,40306,2023-02-27 12:00:00+00:00,2023-02,3,1,40307,40320,1639.52,1641.1595199999997,stop,0.0009999999999998899,-0.0010000000000001102,-0.0010010000000001099,allow_all,2023
allow_all|2023|4,39923,2023-02-23 12:30:00+00:00,-0.018728126863582606,short,3,0,39168,2023-02-15 15:30:00+00:00,2023-02,3,3,39169,39172,1575.02,1578.38,copied_horizon,-0.002133306243730315,-0.004133306243730315,-0.004135439549974046,allow_all,2023
allow_all|2023|4,39923,2023-02-23 12:30:00+00:00,-0.018728126863582606,short,3,1,39627,2023-02-20 10:15:00+00:00,2023-02,3,3,39628,39631,1709.01,1712.29,copied_horizon,-0.0019192397937988215,-0.0039192397937988215,-0.0039211590335926205,allow_all,2023
allow_all|2023|4,39923,2023-02-23 12:30:00+00:00,-0.018728126863582606,short,3,2,39925,2023-02-23 12:45:00+00:00,2023-02,3,3,39926,39929,1647.74,1655.73,copied_horizon,-0.004849065993421275,-0.0068490659934212755,-0.0068539150594146975,allow_all,2023
allow_all|2023|5,40305,2023-02-27 12:00:00+00:00,-0.010958935166563098,long,18,0,40109,2023-02-25 10:45:00+00:00,2023-02,3,1,40110,40128,1596.88,1595.67,copied_horizon,-0.0007577275687591367,-0.0027577275687591368,-0.0027569698411903775,allow_all,2023
allow_all|2023|5,40305,2023-02-27 12:00:00+00:00,-0.010958935166563098,long,18,1,40400,2023-02-28 11:30:00+00:00,2023-02,3,1,40401,40419,1630.2,1641.15,copied_horizon,0.0067169672432829675,0.004716967243282967,0.004710250276039685,allow_all,2023
allow_all|2023|5,40305,2023-02-27 12:00:00+00:00,-0.010958935166563098,long,18,2,40110,2023-02-25 11:00:00+00:00,2023-02,3,1,40111,40129,1601.06,1597.24,copied_horizon,-0.0023859193284448965,-0.0043859193284448966,-0.004383533409116452,allow_all,2023
allow_all|2023|6,40404,2023-02-28 12:45:00+00:00,-0.011472822167626127,long,33,0,38101,2023-02-04 12:45:00+00:00,2023-02,3,1,38102,38135,1665.57,1678.26,copied_horizon,0.007619013310758538,0.005619013310758538,0.005611394297447779,allow_all,2023
allow_all|2023|6,40404,2023-02-28 12:45:00+00:00,-0.011472822167626127,long,33,1,38762,2023-02-11 10:00:00+00:00,2023-02,3,1,38763,38796,1520.32,1506.6599999999999,stop,-0.008984950536729208,-0.010984950536729208,-0.010975965586192479,allow_all,2023
allow_all|2023|6,40404,2023-02-28 12:45:00+00:00,-0.011472822167626127,long,33,2,40402,2023-02-28 12:00:00+00:00,2023-02,3,1,40403,40436,1632.42,1630.4,copied_horizon,-0.0012374266426532499,-0.00323742664265325,-0.0032361892160105966,allow_all,2023
allow_all|2023|7,40648,2023-03-03 01:45:00+00:00,-0.012738599871547905,short,388,0,41403,2023-03-10 22:15:00+00:00,2023-03,1,4,41404,41416,1422.83,1462.97,stop,-0.02821138154241898,-0.03021138154241898,-0.030239592923961396,allow_all,2023
allow_all|2023|7,40648,2023-03-03 01:45:00+00:00,-0.012738599871547905,short,388,1,41312,2023-03-09 23:30:00+00:00,2023-03,1,4,41313,41380,1436.18,1434.7438200000001,stop,0.0010000000000000009,-0.0009999999999999992,-0.0009989999999999995,allow_all,2023
allow_all|2023|7,40648,2023-03-03 01:45:00+00:00,-0.012738599871547905,short,388,2,41415,2023-03-11 01:15:00+00:00,2023-03,1,4,41416,41444,1444.87,1443.4251299999999,stop,0.0010000000000000009,-0.0009999999999999992,-0.0009989999999999995,allow_all,2023
allow_all|2023|8,41036,2023-03-07 02:45:00+00:00,-0.010845283786188207,long,47,0,41231,2023-03-09 03:15:00+00:00,2023-03,1,0,41232,41253,1540.83,1522.86,stop,-0.011662545511185507,-0.013662545511185507,-0.013650882965674321,allow_all,2023
allow_all|2023|8,41036,2023-03-07 02:45:00+00:00,-0.010845283786188207,long,47,1,41233,2023-03-09 03:45:00+00:00,2023-03,1,0,41234,41253,1541.49,1524.6,stop,-0.010956931280773907,-0.012956931280773907,-0.012945974349493133,allow_all,2023
allow_all|2023|8,41036,2023-03-07 02:45:00+00:00,-0.010845283786188207,long,47,2,41033,2023-03-07 01:45:00+00:00,2023-03,1,0,41034,41081,1573.75,1564.25,copied_horizon,-0.006036536934074688,-0.008036536934074688,-0.008030500397140613,allow_all,2023
allow_all|2023|9,41147,2023-03-08 06:30:00+00:00,0.025592064707509854,short,428,0,40761,2023-03-04 05:45:00+00:00,2023-03,2,0,40762,40839,1567.0,1578.67,stop,-0.00744735162731347,-0.00944735162731347,-0.009454798978940783,allow_all,2023
allow_all|2023|9,41147,2023-03-08 06:30:00+00:00,0.025592064707509854,short,428,1,43154,2023-03-29 04:00:00+00:00,2023-03,2,0,43155,43156,1780.3,1798.44,stop,-0.010189293939223854,-0.012189293939223854,-0.012199483233163076,allow_all,2023
allow_all|2023|9,41147,2023-03-08 06:30:00+00:00,0.025592064707509854,short,428,2,42966,2023-03-27 05:00:00+00:00,2023-03,2,0,42967,43117,1760.24,1758.47976,stop,0.0010000000000000009,-0.0009999999999999992,-0.0009989999999999995,allow_all,2023
allow_all|2023|10,41575,2023-03-12 17:30:00+00:00,0.15430066371535012,long,1203,0,42349,2023-03-20 18:45:00+00:00,2023-03,0,4,42350,42398,1763.32,1719.09,stop,-0.02508336546968215,-0.027083365469682152,-0.027058282104212468,allow_all,2023
allow_all|2023|10,41575,2023-03-12 17:30:00+00:00,0.15430066371535012,long,1203,1,41686,2023-03-13 21:00:00+00:00,2023-03,0,4,41687,41782,1672.8,1674.4727999999998,stop,0.0009999999999998899,-0.0010000000000001102,-0.0010010000000001099,allow_all,2023
allow_all|2023|10,41575,2023-03-12 17:30:00+00:00,0.15430066371535012,long,1203,2,42645,2023-03-23 20:45:00+00:00,2023-03,0,4,42646,42705,1815.6,1769.81,stop,-0.025220312844238757,-0.02722031284423876,-0.02719509253139452,allow_all,2023
allow_all|2023|11,42778,2023-03-25 06:15:00+00:00,-0.0009999999999999992,short,71,0,40946,2023-03-06 04:00:00+00:00,2023-03,2,1,40947,40993,1563.51,1582.37,stop,-0.012062602733592831,-0.014062602733592831,-0.014074665336326425,allow_all,2023
allow_all|2023|11,42778,2023-03-25 06:15:00+00:00,-0.0009999999999999992,short,71,1,42496,2023-03-22 07:30:00+00:00,2023-03,2,1,42497,42525,1790.7,1812.32,stop,-0.012073490813648169,-0.014073490813648169,-0.014085564304461817,allow_all,2023
allow_all|2023|11,42778,2023-03-25 06:15:00+00:00,-0.0009999999999999992,short,71,2,40575,2023-03-02 07:15:00+00:00,2023-03,2,1,40576,40622,1643.99,1642.34601,stop,0.0010000000000000009,-0.0009999999999999992,-0.0009989999999999995,allow_all,2023
allow_all|2023|12,42944,2023-03-26 23:45:00+00:00,-0.01596256771732829,long,24,0,41215,2023-03-08 23:15:00+00:00,2023-03,1,2,41216,41240,1533.92,1538.17,copied_horizon,0.002770679044539426,0.0007706790445394258,0.000767908365494886,allow_all,2023
allow_all|2023|12,42944,2023-03-26 23:45:00+00:00,-0.01596256771732829,long,24,1,42946,2023-03-27 00:00:00+00:00,2023-03,1,2,42947,42969,1772.9,1749.1000000000001,stop,-0.01342433301370638,-0.01542433301370638,-0.015410908680692673,allow_all,2023
allow_all|2023|12,42944,2023-03-26 23:45:00+00:00,-0.01596256771732829,long,24,2,43233,2023-03-29 23:45:00+00:00,2023-03,1,2,43234,43246,1793.23,1795.0232299999998,stop,0.0009999999999998899,-0.0010000000000001102,-0.0010010000000001099,allow_all,2023
allow_all|2023|13,43265,2023-03-30 08:00:00+00:00,-0.018700351615493327,long,38,0,41814,2023-03-15 05:00:00+00:00,2023-03,2,3,41815,41838,1707.26,1674.39,stop,-0.019253072174126862,-0.021253072174126864,-0.021233819101952735,allow_all,2023
allow_all|2023|13,43265,2023-03-30 08:00:00+00:00,-0.018700351615493327,long,38,1,42112,2023-03-18 07:30:00+00:00,2023-03,2,3,42113,42144,1818.38,1785.39,stop,-0.018142522465051325,-0.020142522465051327,-0.020124379942586274,allow_all,2023
allow_all|2023|13,43265,2023-03-30 08:00:00+00:00,-0.018700351615493327,long,38,2,41822,2023-03-15 07:00:00+00:00,2023-03,2,3,41823,41839,1699.26,1670.33,stop,-0.017025057966408963,-0.019025057966408965,-0.019008032908442555,allow_all,2023
allow_all|2023|14,44027,2023-04-07 06:30:00+00:00,-0.0010000000000001102,short,64,0,43643,2023-04-03 06:15:00+00:00,2023-04,2,0,43644,43650,1780.71,1796.47,stop,-0.008850402367595045,-0.010850402367595045,-0.01085925276996264,allow_all,2023
allow_all|2023|14,44027,2023-04-07 06:30:00+00:00,-0.0010000000000001102,short,64,1,43927,2023-04-06 05:15:00+00:00,2023-04,2,0,43928,43992,1893.69,1869.48,copied_horizon,0.012784563471317956,0.010784563471317956,0.010797348034789274,allow_all,2023
allow_all|2023|14,44027,2023-04-07 06:30:00+00:00,-0.0010000000000001102,short,64,2,46134,2023-04-29 05:00:00+00:00,2023-04,2,0,46135,46169,1902.81,1916.69,stop,-0.007294475013269963,-0.009294475013269963,-0.009301769488283233,allow_all,2023
allow_all|2023|15,44760,2023-04-14 21:45:00+00:00,-0.0010000000000001102,long,185,0,45433,2023-04-21 21:45:00+00:00,2023-04,0,4,45434,45613,1840.6,1842.4405999999997,stop,0.0009999999999998899,-0.0010000000000001102,-0.0010010000000001099,allow_all,2023
allow_all|2023|15,44760,2023-04-14 21:45:00+00:00,-0.0010000000000001102,long,185,1,45328,2023-04-20 19:30:00+00:00,2023-04,0,4,45329,45369,1927.55,1929.4775499999998,stop,0.0009999999999998899,-0.0010000000000001102,-0.0010010000000001099,allow_all,2023
allow_all|2023|15,44760,2023-04-14 21:45:00+00:00,-0.0010000000000001102,long,185,2,43701,2023-04-03 20:45:00+00:00,2023-04,0,4,43702,43887,1780.34,1910.89,copied_horizon,0.0733286900255008,0.0713286900255008,0.0712553613354753,allow_all,2023
allow_all|2023|16,45298,2023-04-20 12:15:00+00:00,-0.01595064330250895,short,1,0,44723,2023-04-14 12:15:00+00:00,2023-04,3,2,44724,44725,2115.63,2090.54,copied_horizon,0.011859351587943157,0.009859351587943157,0.0098712109395311,allow_all,2023
allow_all|2023|16,45298,2023-04-20 12:15:00+00:00,-0.01595064330250895,short,1,1,43755,2023-04-04 10:15:00+00:00,2023-04,3,2,43756,43757,1832.11,1831.93,copied_horizon,9.824737597619038e-05,-0.0019017526240238097,-0.0019016543766478336,allow_all,2023
allow_all|2023|16,45298,2023-04-20 12:15:00+00:00,-0.01595064330250895,short,1,2,45681,2023-04-24 11:45:00+00:00,2023-04,3,2,45682,45683,1855.14,1851.24,copied_horizon,0.0021022672143342636,0.00010226721433426351,0.00010436948154859786,allow_all,2023
allow_all|2023|17,45369,2023-04-21 06:00:00+00:00,-0.0009999999999999992,short,7,0,46052,2023-04-28 08:30:00+00:00,2023-04,2,1,46053,46060,1907.14,1912.82,copied_horizon,-0.0029782816154031444,-0.0049782816154031444,-0.004981259897018548,allow_all,2023
allow_all|2023|17,45369,2023-04-21 06:00:00+00:00,-0.0009999999999999992,short,7,1,45659,2023-04-24 06:15:00+00:00,2023-04,2,1,45660,45667,1857.85,1841.51,copied_horizon,0.008795112630190727,0.006795112630190727,0.006803907742820917,allow_all,2023
allow_all|2023|17,45369,2023-04-21 06:00:00+00:00,-0.0009999999999999992,short,7,2,44039,2023-04-07 09:15:00+00:00,2023-04,2,1,44040,44047,1853.27,1855.81,copied_horizon,-0.001370550432478801,-0.003370550432478801,-0.0033719209829112798,allow_all,2023
allow_all|2023|18,45475,2023-04-22 08:30:00+00:00,-0.011216963537584055,short,25,0,44122,2023-04-08 06:00:00+00:00,2023-04,2,0,44123,44148,1874.96,1865.45,copied_horizon,0.0050721082049750565,0.0030721082049750565,0.0030771803131800315,allow_all,2023
allow_all|2023|18,45475,2023-04-22 08:30:00+00:00,-0.011216963537584055,short,25,1,43442,2023-04-01 04:00:00+00:00,2023-04,2,0,43443,43468,1826.1,1824.79,copied_horizon,0.0007173758282679188,-0.0012826241717320813,-0.0012819067959038135,allow_all,2023
allow_all|2023|18,45475,2023-04-22 08:30:00+00:00,-0.011216963537584055,short,25,2,44520,2023-04-12 09:30:00+00:00,2023-04,2,0,44521,44532,1868.97,1885.51,stop,-0.008849794271711175,-0.010849794271711176,-0.010858644065982886,allow_all,2023
allow_all|2023|19,45661,2023-04-24 07:00:00+00:00,-0.015794260418752426,short,29,0,43835,2023-04-05 06:15:00+00:00,2023-04,2,2,43836,43861,1913.59,1938.8899999999999,stop,-0.013221222936992794,-0.015221222936992794,-0.015234444159929786,allow_all,2023
allow_all|2023|19,45661,2023-04-24 07:00:00+00:00,-0.015794260418752426,short,29,1,44997,2023-04-17 08:45:00+00:00,2023-04,2,2,44998,45027,2099.0,2081.44,copied_horizon,0.00836588851834208,0.006365888518342079,0.006374254406860421,allow_all,2023
allow_all|2023|19,45661,2023-04-24 07:00:00+00:00,-0.015794260418752426,short,29,2,45865,2023-04-26 09:45:00+00:00,2023-04,2,2,45866,45875,1896.03,1922.87,stop,-0.014155894157792837,-0.01615589415779284,-0.01617005005195063,allow_all,2023
allow_all|2023|20,45697,2023-04-24 16:00:00+00:00,-0.0009999999999999992,short,5,0,44624,2023-04-13 11:30:00+00:00,2023-04,3,3,44625,44630,1987.49,1997.74,copied_horizon,-0.005157258652873642,-0.007157258652873642,-0.007162415911526516,allow_all,2023
allow_all|2023|20,45697,2023-04-24 16:00:00+00:00,-0.0009999999999999992,short,5,1,45971,2023-04-27 12:15:00+00:00,2023-04,3,3,45972,45977,1882.65,1884.26,copied_horizon,-0.0008551775422940278,-0.002855177542294028,-0.002856032719836322,allow_all,2023
allow_all|2023|20,45697,2023-04-24 16:00:00+00:00,-0.0009999999999999992,short,5,2,45023,2023-04-17 15:15:00+00:00,2023-04,3,3,45024,45029,2072.22,2080.38,copied_horizon,-0.003937805831427221,-0.005937805831427221,-0.005941743637258648,allow_all,2023
allow_all|2023|21,45738,2023-04-25 02:15:00+00:00,-0.0009999999999999992,short,61,0,46108,2023-04-28 22:30:00+00:00,2023-04,1,1,46109,46170,1899.11,1911.65,copied_horizon,-0.006603093027786722,-0.008603093027786722,-0.008609696120814508,allow_all,2023
allow_all|2023|21,45738,2023-04-25 02:15:00+00:00,-0.0009999999999999992,short,61,1,43994,2023-04-06 22:00:00+00:00,2023-04,1,1,43995,44056,1864.01,1854.85,copied_horizon,0.004914136726734353,0.0029141367267343527,0.0029190508634610868,allow_all,2023
allow_all|2023|21,45738,2023-04-25 02:15:00+00:00,-0.0009999999999999992,short,61,2,43620,2023-04-03 00:30:00+00:00,2023-04,1,1,43621,43651,1788.56,1808.8,stop,-0.011316366238761866,-0.013316366238761866,-0.013327682605000628,allow_all,2023
allow_all|2023|22,45944,2023-04-27 05:45:00+00:00,-0.02639662844877222,long,27,0,44694,2023-04-14 05:00:00+00:00,2023-04,2,4,44695,44722,2116.61,2118.09,copied_horizon,0.0006992313180038678,-0.0013007686819961322,-0.0013014679133141359,allow_all,2023
allow_all|2023|22,45944,2023-04-27 05:45:00+00:00,-0.02639662844877222,long,27,1,45943,2023-04-27 05:15:00+00:00,2023-04,2,4,45944,45971,1913.3,1882.65,copied_horizon,-0.016019442847436283,-0.018019442847436284,-0.018003423404588846,allow_all,2023
allow_all|2023|22,45944,2023-04-27 05:45:00+00:00,-0.02639662844877222,long,27,2,45941,2023-04-27 04:45:00+00:00,2023-04,2,4,45942,45969,1910.59,1881.1,copied_horizon,-0.015435022689326394,-0.017435022689326396,-0.01741958766663707,allow_all,2023
allow_all|2023|23,46039,2023-04-28 05:30:00+00:00,-0.013300172924514018,long,32,0,45842,2023-04-26 04:00:00+00:00,2023-04,2,1,45843,45875,1867.25,1939.14,copied_horizon,0.03850046860356149,0.03650046860356149,0.036461968134957924,allow_all,2023
allow_all|2023|23,46039,2023-04-28 05:30:00+00:00,-0.013300172924514018,long,32,1,43844,2023-04-05 08:30:00+00:00,2023-04,2,1,43845,43863,1911.05,1912.9610499999997,stop,0.0009999999999998899,-0.0010000000000001102,-0.0010010000000001099,allow_all,2023
allow_all|2023|23,46039,2023-04-28 05:30:00+00:00,-0.013300172924514018,long,32,2,44605,2023-04-13 06:45:00+00:00,2023-04,2,1,44606,44638,1910.67,1992.19,copied_horizon,0.04266566178356279,0.04066566178356279,0.04062299612177923,allow_all,2023
allow_all|2023|24,46533,2023-05-03 09:00:00+00:00,-0.010825213672926546,long,14,0,47188,2023-05-10 04:30:00+00:00,2023-05,2,0,47189,47203,1845.97,1838.52,copied_horizon,-0.004035818566932359,-0.006035818566932359,-0.006031782748365426,allow_all,2023
allow_all|2023|24,46533,2023-05-03 09:00:00+00:00,-0.010825213672926546,long,14,1,47871,2023-05-17 07:15:00+00:00,2023-05,2,0,47872,47873,1820.39,1806.48,stop,-0.007641219738627525,-0.009641219738627525,-0.009633578518888897,allow_all,2023
allow_all|2023|24,46533,2023-05-03 09:00:00+00:00,-0.010825213672926546,long,14,2,48359,2023-05-22 09:15:00+00:00,2023-05,2,0,48360,48374,1815.49,1813.35,copied_horizon,-0.0011787451321682019,-0.003178745132168202,-0.0031775663870360336,allow_all,2023
allow_all|2023|25,46569,2023-05-03 18:00:00+00:00,-0.0010000000000001102,long,97,0,46468,2023-05-02 16:30:00+00:00,2023-05,0,3,46469,46566,1856.12,1864.67,copied_horizon,0.004606383207982345,0.002606383207982345,0.0026017768247743626,allow_all,2023
allow_all|2023|25,46569,2023-05-03 18:00:00+00:00,-0.0010000000000001102,long,97,1,47352,2023-05-11 21:30:00+00:00,2023-05,0,3,47353,47373,1794.25,1762.83,stop,-0.017511495053643578,-0.01951149505364358,-0.019493983558589934,allow_all,2023
allow_all|2023|25,46569,2023-05-03 18:00:00+00:00,-0.0010000000000001102,long,97,2,48012,2023-05-18 18:30:00+00:00,2023-05,0,3,48013,48110,1784.6,1813.6,copied_horizon,0.016250140087414655,0.014250140087414655,0.01423388994732724,allow_all,2023
allow_all|2023|26,46698,2023-05-05 02:15:00+00:00,-0.0010000000000001102,long,141,0,46786,2023-05-06 00:00:00+00:00,2023-05,1,2,46787,46800,1993.59,1967.75,stop,-0.012961541741280724,-0.014961541741280724,-0.014948580199539444,allow_all,2023
allow_all|2023|26,46698,2023-05-05 02:15:00+00:00,-0.0010000000000001102,long,141,1,49004,2023-05-29 02:30:00+00:00,2023-05,1,2,49005,49059,1909.68,1881.55,stop,-0.014730216580788436,-0.016730216580788437,-0.01671548636420765,allow_all,2023
allow_all|2023|26,46698,2023-05-05 02:15:00+00:00,-0.0010000000000001102,long,141,2,46400,2023-05-01 23:30:00+00:00,2023-05,1,2,46401,46542,1830.13,1865.8,copied_horizon,0.019490418713424607,0.017490418713424605,0.017470928294711183,allow_all,2023
allow_all|2023|27,46976,2023-05-07 23:45:00+00:00,0.040005106812235236,short,683,0,47083,2023-05-09 02:15:00+00:00,2023-05,1,2,47084,47220,1842.55,1869.9099999999999,stop,-0.01484898645898336,-0.01684898645898336,-0.016863835445442343,allow_all,2023
allow_all|2023|27,46976,2023-05-07 23:45:00+00:00,0.040005106812235236,short,683,1,46403,2023-05-02 00:15:00+00:00,2023-05,1,2,46404,46460,1834.55,1861.23,stop,-0.014543075958681984,-0.016543075958681985,-0.016557619034640664,allow_all,2023
allow_all|2023|27,46976,2023-05-07 23:45:00+00:00,0.040005106812235236,short,683,2,48027,2023-05-18 22:15:00+00:00,2023-05,1,2,48028,48424,1809.55,1836.21,stop,-0.014732944654748392,-0.016732944654748394,-0.01674767759940314,allow_all,2023
allow_all|2023|28,47659,2023-05-15 02:30:00+00:00,-0.018036064692687814,long,227,0,48988,2023-05-28 22:30:00+00:00,2023-05,1,3,48989,49206,1903.12,1866.81,stop,-0.01907919626718224,-0.021079196267182243,-0.02106011707091506,allow_all,2023
allow_all|2023|28,47659,2023-05-15 02:30:00+00:00,-0.018036064692687814,long,227,1,48991,2023-05-28 23:15:00+00:00,2023-05,1,3,48992,49062,1909.74,1874.19,stop,-0.018615099437619742,-0.020615099437619744,-0.020596484338182123,allow_all,2023
allow_all|2023|28,47659,2023-05-15 02:30:00+00:00,-0.018036064692687814,long,227,2,47377,2023-05-12 03:45:00+00:00,2023-05,1,3,47378,47605,1763.78,1808.39,copied_horizon,0.025292270010999207,0.023292270010999205,0.02326697774098821,allow_all,2023
allow_all|2023|29,47973,2023-05-18 09:00:00+00:00,-0.010207492416693163,long,23,0,48160,2023-05-20 07:30:00+00:00,2023-05,2,0,48161,48184,1811.59,1814.52,copied_horizon,0.0016173637522840512,-0.0003826362477159489,-0.0003842536114682326,allow_all,2023
allow_all|2023|29,47973,2023-05-18 09:00:00+00:00,-0.010207492416693163,long,23,1,46620,2023-05-04 06:30:00+00:00,2023-05,2,0,46621,46644,1899.44,1898.86,copied_horizon,-0.00030535315671997854,-0.0023053531567199786,-0.0023050478035632586,allow_all,2023
allow_all|2023|29,47973,2023-05-18 09:00:00+00:00,-0.010207492416693163,long,23,2,48069,2023-05-19 08:45:00+00:00,2023-05,2,0,48070,48093,1808.2,1811.26,copied_horizon,0.0016922906758101153,-0.00030770932418988477,-0.00030940161486569476,allow_all,2023
allow_all|2023|30,48813,2023-05-27 03:00:00+00:00,-0.008080303633458573,long,43,0,48701,2023-05-25 22:45:00+00:00,2023-05,1,0,48702,48745,1807.5,1813.57,copied_horizon,0.003358229598893425,0.0013582295988934252,0.0013548713692945321,allow_all,2023
allow_all|2023|30,48813,2023-05-27 03:00:00+00:00,-0.008080303633458573,long,43,1,46695,2023-05-05 01:15:00+00:00,2023-05,1,0,46696,46739,1880.38,1911.0,copied_horizon,0.016283942607345336,0.014283942607345336,0.014267658664737991,allow_all,2023
allow_all|2023|30,48813,2023-05-27 03:00:00+00:00,-0.008080303633458573,long,43,2,48512,2023-05-23 23:30:00+00:00,2023-05,1,0,48513,48526,1853.89,1839.92,stop,-0.007535506421632365,-0.009535506421632365,-0.009527970915210734,allow_all,2023
allow_all|2023|31,49165,2023-05-30 19:00:00+00:00,-0.014249326470495703,long,28,0,46674,2023-05-04 20:00:00+00:00,2023-05,0,1,46675,46703,1874.03,1899.48,copied_horizon,0.013580358905673995,0.011580358905673995,0.011566778546768321,allow_all,2023
allow_all|2023|31,49165,2023-05-30 19:00:00+00:00,-0.014249326470495703,long,28,1,48678,2023-05-25 17:00:00+00:00,2023-05,0,1,48679,48707,1795.71,1807.65,copied_horizon,0.00664918054697039,0.00464918054697039,0.0046425313664234195,allow_all,2023
allow_all|2023|31,49165,2023-05-30 19:00:00+00:00,-0.014249326470495703,long,28,2,47814,2023-05-16 17:00:00+00:00,2023-05,0,1,47815,47843,1820.81,1818.85,copied_horizon,-0.001076444000197685,-0.003076444000197685,-0.0030753675561974872,allow_all,2023
allow_all|2023|32,49377,2023-06-02 00:00:00+00:00,-0.012226827159101282,short,9,0,52073,2023-06-30 01:45:00+00:00,2023-06,1,2,52074,52076,1845.2,1864.64,stop,-0.010535443312378101,-0.012535443312378101,-0.012545978755690478,allow_all,2023
allow_all|2023|32,49377,2023-06-02 00:00:00+00:00,-0.012226827159101282,short,9,1,49665,2023-06-04 23:45:00+00:00,2023-06,1,2,49666,49675,1889.89,1886.3,copied_horizon,0.0018995814571218794,-0.00010041854287812062,-9.851896142099893e-05,allow_all,2023
allow_all|2023|32,49377,2023-06-02 00:00:00+00:00,-0.012226827159101282,short,9,2,49667,2023-06-05 00:15:00+00:00,2023-06,1,2,49668,49677,1890.77,1875.35,copied_horizon,0.008155407585269558,0.006155407585269558,0.006163562992854828,allow_all,2023
allow_all|2023|33,49443,2023-06-02 16:30:00+00:00,-0.013160229769436425,long,235,0,50311,2023-06-11 17:15:00+00:00,2023-06,0,2,50312,50347,1756.75,1736.55,stop,-0.011498505763483768,-0.013498505763483768,-0.013487007257720285,allow_all,2023
allow_all|2023|33,49443,2023-06-02 16:30:00+00:00,-0.013160229769436425,long,235,1,49359,2023-06-01 19:15:00+00:00,2023-06,0,2,49360,49380,1870.17,1850.23,stop,-0.010662132319521733,-0.012662132319521733,-0.012651470187202212,allow_all,2023
allow_all|2023|33,49443,2023-06-02 16:30:00+00:00,-0.013160229769436425,long,235,2,50023,2023-06-08 17:15:00+00:00,2023-06,0,2,50024,50160,1846.1,1825.0,stop,-0.011429500027084094,-0.013429500027084094,-0.01341807052705701,allow_all,2023
allow_all|2023|34,50053,2023-06-09 01:00:00+00:00,0.05462628387978441,short,1030,0,50058,2023-06-09 02:00:00+00:00,2023-06,1,0,50059,51089,1843.36,1724.23,copied_horizon,0.06462655151462537,0.06262655151462537,0.06269117806614,allow_all,2023
allow_all|2023|34,50053,2023-06-09 01:00:00+00:00,0.05462628387978441,short,1030,1,50545,2023-06-14 03:45:00+00:00,2023-06,1,0,50546,50840,1746.21,1744.46379,stop,0.0010000000000000009,-0.0009999999999999992,-0.0009989999999999995,allow_all,2023
allow_all|2023|34,50053,2023-06-09 01:00:00+00:00,0.05462628387978441,short,1030,2,50141,2023-06-09 22:45:00+00:00,2023-06,1,0,50142,51172,1838.89,1743.23,copied_horizon,0.05202051237431282,0.05002051237431282,0.050072532886687136,allow_all,2023
allow_all|2023|35,51083,2023-06-19 18:30:00+00:00,-0.01836008277765011,long,1,0,49836,2023-06-06 18:30:00+00:00,2023-06,0,4,49837,49838,1874.48,1874.93,copied_horizon,0.00024006657846453727,-0.0017599334215354628,-0.0017601734881139272,allow_all,2023
allow_all|2023|35,51083,2023-06-19 18:30:00+00:00,-0.01836008277765011,long,1,1,50410,2023-06-12 18:00:00+00:00,2023-06,0,4,50411,50412,1733.68,1735.19,copied_horizon,0.0008709796502237577,-0.0011290203497762424,-0.0011298913294264662,allow_all,2023
allow_all|2023|35,51083,2023-06-19 18:30:00+00:00,-0.01836008277765011,long,1,2,49929,2023-06-07 17:45:00+00:00,2023-06,0,4,49930,49931,1849.32,1850.61,copied_horizon,0.0006975536954123562,-0.0013024463045876438,-0.0013031438582830563,allow_all,2023
allow_all|2023|36,51414,2023-06-23 05:15:00+00:00,-0.010895690850829752,long,34,0,49889,2023-06-07 07:45:00+00:00,2023-06,2,1,49890,49897,1875.26,1859.86,stop,-0.00821219457568556,-0.01021219457568556,-0.010203982381109875,allow_all,2023
allow_all|2023|36,51414,2023-06-23 05:15:00+00:00,-0.010895690850829752,long,34,1,51991,2023-06-29 05:15:00+00:00,2023-06,2,1,51992,52026,1840.15,1858.23,copied_horizon,0.009825285982121068,0.007825285982121068,0.007815460696138947,allow_all,2023
allow_all|2023|36,51414,2023-06-23 05:15:00+00:00,-0.010895690850829752,long,34,2,52001,2023-06-29 07:45:00+00:00,2023-06,2,1,52002,52029,1846.88,1848.72688,stop,0.0009999999999998899,-0.0010000000000001102,-0.0010010000000001099,allow_all,2023
allow_all|2023|37,51456,2023-06-23 15:45:00+00:00,-0.0010000000000001102,long,2,0,51744,2023-06-26 15:30:00+00:00,2023-06,3,4,51745,51747,1890.42,1883.9,copied_horizon,-0.003448969012177172,-0.005448969012177172,-0.005445520043164995,allow_all,2023
allow_all|2023|37,51456,2023-06-23 15:45:00+00:00,-0.0010000000000001102,long,2,1,51742,2023-06-26 15:00:00+00:00,2023-06,3,4,51743,51745,1887.99,1889.01,copied_horizon,0.00054025709881933,-0.00145974290118067,-0.0014602831582794895,allow_all,2023
allow_all|2023|37,51456,2023-06-23 15:45:00+00:00,-0.0010000000000001102,long,2,2,50192,2023-06-10 11:30:00+00:00,2023-06,3,4,50193,50195,1747.2,1742.58,copied_horizon,-0.0026442307692308153,-0.004644230769230815,-0.004641586538461584,allow_all,2023
allow_all|2023|38,51723,2023-06-26 10:30:00+00:00,-0.015134026651062669,short,13,0,50195,2023-06-10 12:15:00+00:00,2023-06,3,3,50196,50209,1742.58,1737.73,copied_horizon,0.002783229464357384,0.000783229464357384,0.0007860126938217414,allow_all,2023
allow_all|2023|38,51723,2023-06-26 10:30:00+00:00,-0.015134026651062669,short,13,1,50014,2023-06-08 15:00:00+00:00,2023-06,3,3,50015,50028,1854.0,1849.45,copied_horizon,0.0024541531823084606,0.00045415318230846054,0.0004566073354907688,allow_all,2023
allow_all|2023|38,51723,2023-06-26 10:30:00+00:00,-0.015134026651062669,short,13,2,50379,2023-06-12 10:15:00+00:00,2023-06,3,3,50380,50393,1753.76,1739.91,copied_horizon,0.007897317762977751,0.005897317762977751,0.0059052150807407285,allow_all,2023
allow_all|2023|39,51749,2023-06-26 17:00:00+00:00,-0.023192660550458655,short,84,0,51858,2023-06-27 20:00:00+00:00,2023-06,0,4,51859,51943,1896.0,1853.15,copied_horizon,0.022600210970464052,0.02060021097046405,0.020622811181434515,allow_all,2023
allow_all|2023|39,51749,2023-06-26 17:00:00+00:00,-0.023192660550458655,short,84,1,50800,2023-06-16 19:30:00+00:00,2023-06,0,4,50801,50840,1719.82,1753.97,stop,-0.01985672919258996,-0.021856729192589963,-0.02187658592178255,allow_all,2023
allow_all|2023|39,51749,2023-06-26 17:00:00+00:00,-0.023192660550458655,short,84,2,51852,2023-06-27 18:30:00+00:00,2023-06,0,4,51853,51937,1899.59,1859.63,copied_horizon,0.02103611832026897,0.01903611832026897,0.01905715443858924,allow_all,2023
allow_all|2023|40,52080,2023-06-30 03:45:00+00:00,-0.0010000000000001102,long,9,0,51877,2023-06-28 00:45:00+00:00,2023-06,1,3,51878,51887,1875.59,1865.89,copied_horizon,-0.005171705969854723,-0.007171705969854723,-0.007166534263884868,allow_all,2023
allow_all|2023|40,52080,2023-06-30 03:45:00+00:00,-0.0010000000000001102,long,9,1,49289,2023-06-01 01:45:00+00:00,2023-06,1,3,49290,49293,1873.99,1849.94,stop,-0.012833579688258712,-0.014833579688258712,-0.014820746108570454,allow_all,2023
allow_all|2023|40,52080,2023-06-30 03:45:00+00:00,-0.0010000000000001102,long,9,2,51968,2023-06-28 23:30:00+00:00,2023-06,1,3,51969,51978,1829.03,1836.98,copied_horizon,0.004346566212692027,0.0023465662126920268,0.002342219646479335,allow_all,2023
allow_all|2023|41,52137,2023-06-30 18:00:00+00:00,-0.0010000000000001102,long,210,0,51096,2023-06-19 21:30:00+00:00,2023-06,0,4,51097,51307,1728.49,1923.2,copied_horizon,0.11264745529334852,0.11064745529334852,0.11053480783805517,allow_all,2023
allow_all|2023|41,52137,2023-06-30 18:00:00+00:00,-0.0010000000000001102,long,210,1,49945,2023-06-07 21:45:00+00:00,2023-06,0,4,49946,50156,1821.99,1830.92,copied_horizon,0.004901234364623308,0.002901234364623308,0.002896333130258685,allow_all,2023
allow_all|2023|41,52137,2023-06-30 18:00:00+00:00,-0.0010000000000001102,long,210,2,49925,2023-06-07 16:45:00+00:00,2023-06,0,4,49926,50136,1840.4,1839.4,copied_horizon,-0.0005433601391001686,-0.0025433601391001686,-0.0025428167789610682,allow_all,2023
allow_all|2023|42,52495,2023-07-04 11:30:00+00:00,-0.00916192693098927,long,30,0,53354,2023-07-13 10:00:00+00:00,2023-07,3,0,53355,53385,1881.69,1989.22,copied_horizon,0.0571454384090897,0.0551454384090897,0.05508829297068061,allow_all,2023
allow_all|2023|42,52495,2023-07-04 11:30:00+00:00,-0.00916192693098927,long,30,1,54126,2023-07-21 11:00:00+00:00,2023-07,3,0,54127,54157,1888.44,1899.7,copied_horizon,0.005962593463387789,0.003962593463387789,0.003956630869924401,allow_all,2023
allow_all|2023|42,52495,2023-07-04 11:30:00+00:00,-0.00916192693098927,long,30,2,54705,2023-07-27 11:45:00+00:00,2023-07,3,0,54706,54718,1876.79,1864.02,stop,-0.006804170951465016,-0.008804170951465016,-0.00879736678051355,allow_all,2023
allow_all|2023|43,52646,2023-07-06 01:15:00+00:00,-0.011238154259844755,short,17,0,54078,2023-07-20 23:00:00+00:00,2023-07,1,1,54079,54096,1893.72,1896.72,copied_horizon,-0.0015841835118179937,-0.0035841835118179937,-0.0035857676953298116,allow_all,2023
allow_all|2023|43,52646,2023-07-06 01:15:00+00:00,-0.011238154259844755,short,17,1,52549,2023-07-05 00:45:00+00:00,2023-07,1,1,52550,52567,1935.12,1937.95,copied_horizon,-0.0014624416056885359,-0.003462441605688536,-0.0034639040472942244,allow_all,2023
allow_all|2023|43,52646,2023-07-06 01:15:00+00:00,-0.011238154259844755,short,17,2,54373,2023-07-24 00:45:00+00:00,2023-07,1,1,54374,54391,1885.84,1872.76,copied_horizon,0.0069359012429474065,0.0049359012429474065,0.004942837144190354,allow_all,2023
allow_all|2023|44,52849,2023-07-08 04:00:00+00:00,-0.008737329957516192,short,130,0,54172,2023-07-21 22:30:00+00:00,2023-07,1,0,54173,54303,1894.49,1873.85,copied_horizon,0.010894752677501618,0.008894752677501618,0.008905647430179119,allow_all,2023
allow_all|2023|44,52849,2023-07-08 04:00:00+00:00,-0.008737329957516192,short,130,1,55135,2023-07-31 23:15:00+00:00,2023-07,1,0,55136,55214,1856.12,1854.26388,stop,0.0010000000000000009,-0.0009999999999999992,-0.0009989999999999995,allow_all,2023
allow_all|2023|44,52849,2023-07-08 04:00:00+00:00,-0.008737329957516192,short,130,2,54185,2023-07-22 01:45:00+00:00,2023-07,1,0,54186,54316,1891.93,1875.2,copied_horizon,0.008842821880302165,0.006842821880302165,0.006851664702182467,allow_all,2023
allow_all|2023|45,53016,2023-07-09 21:45:00+00:00,-0.005210290049705966,long,3,0,54832,2023-07-28 19:30:00+00:00,2023-07,0,0,54833,54836,1873.33,1876.67,copied_horizon,0.0017829213219240359,-0.0002170786780759642,-0.0002188615993978884,allow_all,2023
allow_all|2023|45,53016,2023-07-09 21:45:00+00:00,-0.005210290049705966,long,3,1,54146,2023-07-21 16:00:00+00:00,2023-07,0,0,54147,54150,1889.81,1891.45,copied_horizon,0.0008678121080956114,-0.0011321878919043887,-0.0011330557040124846,allow_all,2023
allow_all|2023|45,53016,2023-07-09 21:45:00+00:00,-0.005210290049705966,long,3,2,54819,2023-07-28 16:15:00+00:00,2023-07,0,0,54820,54823,1877.78,1872.53,copied_horizon,-0.002795854679461973,-0.004795854679461973,-0.004793058824782511,allow_all,2023
allow_all|2023|46,53019,2023-07-09 22:30:00+00:00,-0.01097482004734318,short,80,0,52543,2023-07-04 23:15:00+00:00,2023-07,1,1,52544,52624,1939.44,1909.13,copied_horizon,0.015628222579713746,0.013628222579713746,0.01364385080229346,allow_all,2023
allow_all|2023|46,53019,2023-07-09 22:30:00+00:00,-0.01097482004734318,short,80,1,52552,2023-07-05 01:30:00+00:00,2023-07,1,1,52553,52633,1940.81,1911.33,copied_horizon,0.015189534266620619,0.013189534266620619,0.01320472380088724,allow_all,2023
allow_all|2023|46,53019,2023-07-09 22:30:00+00:00,-0.01097482004734318,short,80,2,54374,2023-07-24 01:00:00+00:00,2023-07,1,1,54375,54455,1883.53,1849.35,copied_horizon,0.01814677759313632,0.01614677759313632,0.016164924370729458,allow_all,2023
allow_all|2023|47,53150,2023-07-11 07:15:00+00:00,-0.009720921840922435,long,8,0,54497,2023-07-25 07:45:00+00:00,2023-07,2,0,54498,54506,1850.84,1856.54,copied_horizon,0.003079682738648337,0.0010796827386483372,0.001076603055909689,allow_all,2023
allow_all|2023|47,53150,2023-07-11 07:15:00+00:00,-0.009720921840922435,long,8,1,54121,2023-07-21 09:45:00+00:00,2023-07,2,0,54122,54130,1885.82,1890.17,copied_horizon,0.0023066888674423414,0.0003066888674423413,0.0003043821785748994,allow_all,2023
allow_all|2023|47,53150,2023-07-11 07:15:00+00:00,-0.009720921840922435,long,8,2,54779,2023-07-28 06:15:00+00:00,2023-07,2,0,54780,54788,1860.1,1862.65,copied_horizon,0.001370894037955095,-0.0006291059620449051,-0.0006304768560828605,allow_all,2023
allow_all|2023|48,53683,2023-07-16 20:30:00+00:00,-0.0009999999999998881,short,342,0,53676,2023-07-16 18:30:00+00:00,2023-07,0,0,53677,54019,1933.03,1913.78,copied_horizon,0.009958458999601683,0.007958458999601683,0.007968417458601284,allow_all,2023
allow_all|2023|48,53683,2023-07-16 20:30:00+00:00,-0.0009999999999998881,short,342,1,55128,2023-07-31 21:30:00+00:00,2023-07,0,0,55129,55214,1855.98,1854.12402,stop,0.0010000000000000009,-0.0009999999999999992,-0.0009989999999999995,allow_all,2023
allow_all|2023|48,53683,2023-07-16 20:30:00+00:00,-0.0009999999999998881,short,342,2,53687,2023-07-16 21:15:00+00:00,2023-07,0,0,53688,54028,1931.05,1929.11895,stop,0.0010000000000000009,-0.0009999999999999992,-0.0009989999999999995,allow_all,2023
allow_all|2023|49,54048,2023-07-20 15:45:00+00:00,-0.0009999999999999992,short,296,0,52399,2023-07-03 11:15:00+00:00,2023-07,3,3,52400,52696,1963.38,1897.69,copied_horizon,0.033457608817447526,0.031457608817447524,0.03149106642626497,allow_all,2023
allow_all|2023|49,54048,2023-07-20 15:45:00+00:00,-0.0009999999999999992,short,296,1,52394,2023-07-03 10:00:00+00:00,2023-07,3,3,52395,52678,1957.07,1955.11293,stop,0.0010000000000000009,-0.0009999999999999992,-0.0009989999999999995,allow_all,2023
allow_all|2023|49,54048,2023-07-20 15:45:00+00:00,-0.0009999999999999992,short,296,2,53759,2023-07-17 15:15:00+00:00,2023-07,3,3,53760,53784,1905.31,1903.4046899999998,stop,0.0010000000000000009,-0.0009999999999999992,-0.0009989999999999995,allow_all,2023
allow_all|2023|50,54380,2023-07-24 02:45:00+00:00,-0.0009999999999999992,short,253,0,53888,2023-07-18 23:30:00+00:00,2023-07,1,1,53889,53894,1895.53,1913.56,stop,-0.00951185156658041,-0.01151185156658041,-0.011521363418146989,allow_all,2023
allow_all|2023|50,54380,2023-07-24 02:45:00+00:00,-0.0009999999999999992,short,253,1,54366,2023-07-23 23:00:00+00:00,2023-07,1,1,54367,54620,1886.48,1857.79,copied_horizon,0.015208218480980529,0.013208218480980529,0.01322342669946151,allow_all,2023
allow_all|2023|50,54380,2023-07-24 02:45:00+00:00,-0.0009999999999999992,short,253,2,52461,2023-07-04 02:45:00+00:00,2023-07,1,1,52462,52678,1956.85,1954.8931499999999,stop,0.0010000000000000009,-0.0009999999999999992,-0.0009989999999999995,allow_all,2023
allow_all|2023|51,55026,2023-07-30 20:15:00+00:00,-0.010942006396392976,short,17,0,52632,2023-07-05 21:30:00+00:00,2023-07,0,1,52633,52650,1912.55,1912.45,copied_horizon,5.228621473940542e-05,-0.0019477137852605946,-0.0019476614990458553,allow_all,2023
allow_all|2023|51,55026,2023-07-30 20:15:00+00:00,-0.010942006396392976,short,17,1,53096,2023-07-10 17:30:00+00:00,2023-07,0,1,53097,53100,1868.65,1884.94,stop,-0.008717523345730838,-0.010717523345730838,-0.010726240869076569,allow_all,2023
allow_all|2023|51,55026,2023-07-30 20:15:00+00:00,-0.010942006396392976,short,17,2,54162,2023-07-21 20:00:00+00:00,2023-07,0,1,54163,54180,1894.37,1894.71,copied_horizon,-0.00017947919361072096,-0.002179479193610721,-0.002179658672804332,allow_all,2023
allow_all|2023|52,55060,2023-07-31 04:45:00+00:00,-0.0009999999999999992,short,169,0,53241,2023-07-12 05:45:00+00:00,2023-07,2,0,53242,53244,1883.8,1895.4199999999998,stop,-0.006168383055525917,-0.008168383055525917,-0.008174551438581442,allow_all,2023
allow_all|2023|52,55060,2023-07-31 04:45:00+00:00,-0.0009999999999999992,short,169,1,52662,2023-07-06 05:00:00+00:00,2023-07,2,0,52663,52664,1910.53,1924.44,stop,-0.00728070221352195,-0.00928070221352195,-0.009287982915735472,allow_all,2023
allow_all|2023|52,55060,2023-07-31 04:45:00+00:00,-0.0009999999999999992,short,169,2,55063,2023-07-31 05:15:00+00:00,2023-07,2,0,55064,55230,1864.8,1862.9352,stop,0.0010000000000000009,-0.0009999999999999992,-0.0009989999999999995,allow_all,2023
allow_all|2023|53,55348,2023-08-03 04:45:00+00:00,-0.00834316178870642,short,40,0,56616,2023-08-16 09:30:00+00:00,2023-08,2,0,56617,56657,1823.99,1821.09,copied_horizon,0.0015899209973739836,-0.0004100790026260164,-0.0004084890816286424,allow_all,2023
allow_all|2023|53,55348,2023-08-03 04:45:00+00:00,-0.00834316178870642,short,40,1,57191,2023-08-22 09:15:00+00:00,2023-08,2,0,57192,57232,1664.54,1631.72,copied_horizon,0.019717159095005155,0.017717159095005153,0.01773687625410016,allow_all,2023
allow_all|2023|53,55348,2023-08-03 04:45:00+00:00,-0.00834316178870642,short,40,2,58053,2023-08-31 08:45:00+00:00,2023-08,2,0,58054,58063,1706.3,1714.69,stop,-0.004917072027193381,-0.006917072027193381,-0.006921989099220574,allow_all,2023
allow_all|2023|54,55422,2023-08-03 23:15:00+00:00,-0.0009999999999999992,short,408,0,55436,2023-08-04 02:30:00+00:00,2023-08,1,2,55437,55481,1835.7,1850.8400000000001,stop,-0.008247535000272421,-0.010247535000272421,-0.010255782535272694,allow_all,2023
allow_all|2023|54,55422,2023-08-03 23:15:00+00:00,-0.0009999999999999992,short,408,1,55807,2023-08-07 23:15:00+00:00,2023-08,1,2,55808,55860,1827.07,1842.1299999999999,stop,-0.008242705533997086,-0.010242705533997086,-0.010250948239531082,allow_all,2023
allow_all|2023|54,55422,2023-08-03 23:15:00+00:00,-0.0009999999999999992,short,408,2,57536,2023-08-25 23:30:00+00:00,2023-08,1,2,57537,57779,1654.21,1652.5557900000001,stop,0.0010000000000000009,-0.0009999999999999992,-0.0009989999999999995,allow_all,2023
allow_all|2023|55,55938,2023-08-09 08:15:00+00:00,-0.007302875790332506,long,27,0,56417,2023-08-14 07:45:00+00:00,2023-08,2,0,56418,56445,1849.61,1852.12,copied_horizon,0.0013570428360574205,-0.0006429571639425796,-0.0006443142067786372,allow_all,2023
allow_all|2023|55,55938,2023-08-09 08:15:00+00:00,-0.007302875790332506,long,27,1,56707,2023-08-17 08:15:00+00:00,2023-08,2,0,56708,56710,1797.78,1787.53,stop,-0.005701476265171479,-0.007701476265171479,-0.007695774788906307,allow_all,2023
allow_all|2023|55,55938,2023-08-09 08:15:00+00:00,-0.007302875790332506,long,27,2,56032,2023-08-10 07:30:00+00:00,2023-08,2,0,56033,56060,1851.2,1849.77,copied_horizon,-0.0007724719101124267,-0.0027724719101124267,-0.0027716994382023146,allow_all,2023
allow_all|2023|56,56164,2023-08-11 16:45:00+00:00,-0.009340565310399505,short,200,0,56168,2023-08-11 17:30:00+00:00,2023-08,0,1,56169,56365,1843.66,1856.97,stop,-0.0072193354523066855,-0.009219335452306686,-0.009226554787758991,allow_all,2023
allow_all|2023|56,56164,2023-08-11 16:45:00+00:00,-0.009340565310399505,short,200,1,56073,2023-08-10 17:45:00+00:00,2023-08,0,1,56074,56274,1848.74,1848.6,copied_horizon,7.57272520743868e-05,-0.0019242727479256132,-0.0019241970206735387,allow_all,2023
allow_all|2023|56,56164,2023-08-11 16:45:00+00:00,-0.009340565310399505,short,200,2,57026,2023-08-20 16:00:00+00:00,2023-08,0,1,57027,57042,1670.0,1684.07,stop,-0.00842514970059871,-0.01042514970059871,-0.01043357485029931,allow_all,2023
allow_all|2023|57,57076,2023-08-21 04:45:00+00:00,-0.00917243683839941,short,3,0,56403,2023-08-14 04:15:00+00:00,2023-08,2,1,56404,56407,1847.62,1848.11,copied_horizon,-0.0002652060488628205,-0.0022652060488628206,-0.0022654712549116836,allow_all,2023
allow_all|2023|57,57076,2023-08-21 04:45:00+00:00,-0.00917243683839941,short,3,1,57094,2023-08-21 09:00:00+00:00,2023-08,2,1,57095,57098,1674.19,1667.6,copied_horizon,0.003936231849431704,0.0019362318494317039,0.0019401680812811354,allow_all,2023
allow_all|2023|57,57076,2023-08-21 04:45:00+00:00,-0.00917243683839941,short,3,2,56696,2023-08-17 05:30:00+00:00,2023-08,2,1,56697,56700,1801.0,1801.9,copied_horizon,-0.0004997223764575676,-0.0024997223764575676,-0.0025002220988340255,allow_all,2023
allow_all|2023|58,57156,2023-08-22 00:45:00+00:00,-0.0009999999999999992,short,158,0,55327,2023-08-02 23:15:00+00:00,2023-08,1,1,55328,55398,1840.7,1854.04,stop,-0.007247242896724071,-0.009247242896724071,-0.009254490139620795,allow_all,2023
allow_all|2023|58,57156,2023-08-22 00:45:00+00:00,-0.0009999999999999992,short,158,1,57158,2023-08-22 01:00:00+00:00,2023-08,1,1,57159,57315,1664.96,1663.29504,stop,0.0010000000000000009,-0.0009999999999999992,-0.0009989999999999995,allow_all,2023
allow_all|2023|58,57156,2023-08-22 00:45:00+00:00,-0.0009999999999999992,short,158,2,57544,2023-08-26 01:30:00+00:00,2023-08,1,1,57545,57703,1652.25,1656.51,copied_horizon,-0.002578302315024983,-0.004578302315024983,-0.004580880617340008,allow_all,2023
allow_all|2023|59,57505,2023-08-25 16:00:00+00:00,-0.0009999999999998881,short,272,0,56816,2023-08-18 11:30:00+00:00,2023-08,3,4,56817,56929,1686.35,1684.66365,stop,0.0010000000000000009,-0.0009999999999999992,-0.0009989999999999995,allow_all,2023
allow_all|2023|59,57505,2023-08-25 16:00:00+00:00,-0.0009999999999998881,short,272,1,57887,2023-08-29 15:15:00+00:00,2023-08,3,4,57888,58160,1719.29,1646.43,copied_horizon,0.04237795834326952,0.040377958343269515,0.040420336301612785,allow_all,2023
allow_all|2023|59,57505,2023-08-25 16:00:00+00:00,-0.0009999999999998881,short,272,2,57984,2023-08-30 15:30:00+00:00,2023-08,3,4,57985,58257,1706.21,1634.57,copied_horizon,0.04198779751613235,0.03998779751613235,0.04002978531364849,allow_all,2023
allow_all|2023|60,58372,2023-09-03 16:45:00+00:00,-0.009104610321027716,short,6,0,60591,2023-09-26 19:15:00+00:00,2023-09,0,1,60592,60598,1586.1,1588.21,copied_horizon,-0.0013303070424313113,-0.0033303070424313113,-0.0033316373494737426,allow_all,2023
allow_all|2023|60,58372,2023-09-03 16:45:00+00:00,-0.009104610321027716,short,6,1,60598,2023-09-26 21:00:00+00:00,2023-09,0,1,60599,60605,1588.21,1587.62,copied_horizon,0.00037148739776238227,-0.0016285126022376178,-0.0016281411148398551,allow_all,2023
allow_all|2023|60,58372,2023-09-03 16:45:00+00:00,-0.009104610321027716,short,6,2,60216,2023-09-22 21:30:00+00:00,2023-09,0,1,60217,60223,1593.99,1593.92,copied_horizon,4.39149555517826e-05,-0.0019560850444482174,-0.0019560411294926657,allow_all,2023
allow_all|2023|61,58445,2023-09-04 11:00:00+00:00,-0.0009999999999998881,short,91,0,58734,2023-09-07 11:00:00+00:00,2023-09,3,0,58735,58756,1630.55,1638.09,stop,-0.004624206556069987,-0.0066242065560699875,-0.006628830762626057,allow_all,2023
allow_all|2023|61,58445,2023-09-04 11:00:00+00:00,-0.0009999999999998881,short,91,1,58642,2023-09-06 12:00:00+00:00,2023-09,3,0,58643,58665,1633.38,1631.7466200000001,stop,0.0010000000000000009,-0.0009999999999999992,-0.0009989999999999995,allow_all,2023
allow_all|2023|61,58445,2023-09-04 11:00:00+00:00,-0.0009999999999998881,short,91,2,58256,2023-09-02 11:30:00+00:00,2023-09,3,0,58257,58271,1633.71,1642.01,stop,-0.005080461036536477,-0.007080461036536477,-0.007085541497573013,allow_all,2023
allow_all|2023|62,59076,2023-09-11 00:45:00+00:00,-0.0009999999999999992,short,134,0,60717,2023-09-28 02:45:00+00:00,2023-09,1,3,60718,60747,1606.27,1622.69,stop,-0.010222440810075506,-0.012222440810075506,-0.012232663250885581,allow_all,2023
allow_all|2023|62,59076,2023-09-11 00:45:00+00:00,-0.0009999999999999992,short,134,1,59067,2023-09-10 22:15:00+00:00,2023-09,1,3,59068,59202,1623.25,1580.95,copied_horizon,0.026058832588941927,0.024058832588941925,0.02408489142153087,allow_all,2023
allow_all|2023|62,59076,2023-09-11 00:45:00+00:00,-0.0009999999999999992,short,134,2,59271,2023-09-13 01:15:00+00:00,2023-09,1,3,59272,59327,1598.96,1615.96,stop,-0.010631910741982331,-0.012631910741982331,-0.012642542652724314,allow_all,2023
allow_all|2023|63,59251,2023-09-12 20:30:00+00:00,-0.0010000000000001102,long,496,0,59240,2023-09-12 17:30:00+00:00,2023-09,0,4,59241,59737,1590.81,1619.76,copied_horizon,0.018198276349784104,0.016198276349784102,0.01618007807343432,allow_all,2023
allow_all|2023|63,59251,2023-09-12 20:30:00+00:00,-0.0010000000000001102,long,496,1,59429,2023-09-14 16:45:00+00:00,2023-09,0,4,59430,59517,1634.69,1611.31,stop,-0.014302405960763265,-0.016302405960763267,-0.0162881035548025,allow_all,2023
allow_all|2023|63,59251,2023-09-12 20:30:00+00:00,-0.0010000000000001102,long,496,2,58181,2023-09-01 16:45:00+00:00,2023-09,0,4,58182,58183,1625.52,1602.1,stop,-0.014407697229194438,-0.01640769722919444,-0.016393289531965245,allow_all,2023
allow_all|2023|64,60198,2023-09-22 17:15:00+00:00,-0.0009999999999999992,short,223,0,58474,2023-09-04 18:00:00+00:00,2023-09,0,2,58475,58559,1629.86,1644.1999999999998,stop,-0.008798301694624033,-0.010798301694624033,-0.010807099996318657,allow_all,2023
allow_all|2023|64,60198,2023-09-22 17:15:00+00:00,-0.0009999999999999992,short,223,1,58468,2023-09-04 16:30:00+00:00,2023-09,0,2,58469,58558,1627.68,1642.76,stop,-0.009264720338149957,-0.011264720338149957,-0.011273985058488107,allow_all,2023
allow_all|2023|64,60198,2023-09-22 17:15:00+00:00,-0.0009999999999999992,short,223,2,58762,2023-09-07 18:00:00+00:00,2023-09,0,2,58763,58774,1638.62,1653.7399999999998,stop,-0.009227276610806578,-0.011227276610806579,-0.011236503887417384,allow_all,2023
allow_all|2023|65,60715,2023-09-28 02:30:00+00:00,0.030530847681212503,long,510,0,60808,2023-09-29 01:30:00+00:00,2023-09,1,3,60809,60858,1653.96,1655.61396,stop,0.0009999999999998899,-0.0010000000000001102,-0.0010010000000001099,allow_all,2023
allow_all|2023|65,60715,2023-09-28 02:30:00+00:00,0.030530847681212503,long,510,1,59558,2023-09-16 01:00:00+00:00,2023-09,1,3,59559,59650,1644.21,1626.05,stop,-0.011044817876062152,-0.013044817876062152,-0.01303377305818609,allow_all,2023
allow_all|2023|65,60715,2023-09-28 02:30:00+00:00,0.030530847681212503,long,510,2,58790,2023-09-08 01:00:00+00:00,2023-09,1,3,58791,58826,1650.81,1630.35,stop,-0.012393915714103976,-0.014393915714103976,-0.014381521798389873,allow_all,2023
allow_all|2023|66,61225,2023-10-03 10:00:00+00:00,-0.0009999999999999992,short,334,0,62085,2023-10-12 08:45:00+00:00,2023-10,2,1,62086,62229,1557.83,1556.27217,stop,0.0010000000000000009,-0.0009999999999999992,-0.0009989999999999995,allow_all,2023
allow_all|2023|66,61225,2023-10-03 10:00:00+00:00,-0.0009999999999999992,short,334,1,61506,2023-10-06 08:00:00+00:00,2023-10,2,1,61507,61536,1633.8,1645.81,stop,-0.0073509609499327055,-0.009350960949932706,-0.009358311910882638,allow_all,2023
allow_all|2023|66,61225,2023-10-03 10:00:00+00:00,-0.0009999999999999992,short,334,2,63622,2023-10-28 09:00:00+00:00,2023-10,2,1,63623,63631,1789.54,1802.51,stop,-0.0072476725862511415,-0.009247672586251142,-0.009254920258837392,allow_all,2023
allow_all|2023|67,61631,2023-10-07 15:30:00+00:00,-0.006678391072070465,long,13,0,62303,2023-10-14 15:15:00+00:00,2023-10,3,0,62304,62317,1551.96,1554.5,copied_horizon,0.0016366401195906377,-0.00036335988040936233,-0.0003649965205289531,allow_all,2023
allow_all|2023|67,61631,2023-10-07 15:30:00+00:00,-0.006678391072070465,long,13,1,61429,2023-10-05 12:45:00+00:00,2023-10,3,0,61430,61440,1633.92,1623.5600000000002,stop,-0.0063405797101449,-0.0083405797101449,-0.008334239130434755,allow_all,2023
allow_all|2023|67,61631,2023-10-07 15:30:00+00:00,-0.006678391072070465,long,13,2,61899,2023-10-10 10:15:00+00:00,2023-10,3,0,61900,61905,1589.55,1579.78,stop,-0.00614639363341829,-0.00814639363341829,-0.008140247239784872,allow_all,2023
allow_all|2023|68,61767,2023-10-09 01:30:00+00:00,0.03986890590876935,short,643,0,61766,2023-10-09 01:00:00+00:00,2023-10,1,1,61767,62410,1624.85,1557.5,copied_horizon,0.041449979998153585,0.039449979998153584,0.03949142997815174,allow_all,2023
allow_all|2023|68,61767,2023-10-09 01:30:00+00:00,0.03986890590876935,short,643,1,61486,2023-10-06 03:00:00+00:00,2023-10,1,1,61487,61507,1623.29,1635.1599999999999,stop,-0.007312310184871329,-0.009312310184871329,-0.0093196224950562,allow_all,2023
allow_all|2023|68,61767,2023-10-09 01:30:00+00:00,0.03986890590876935,short,643,2,62447,2023-10-16 03:15:00+00:00,2023-10,1,1,62448,62455,1562.6,1575.25,stop,-0.008095481889159206,-0.010095481889159206,-0.010103577371048365,allow_all,2023
allow_all|2023|69,62410,2023-10-15 18:15:00+00:00,-0.0010000000000001102,long,194,0,62412,2023-10-15 18:30:00+00:00,2023-10,0,0,62413,62429,1563.34,1552.77,stop,-0.006761165197589736,-0.008761165197589736,-0.008754404032392147,allow_all,2023
allow_all|2023|69,62410,2023-10-15 18:15:00+00:00,-0.0010000000000001102,long,194,1,62408,2023-10-15 17:30:00+00:00,2023-10,0,0,62409,62603,1556.38,1567.84,copied_horizon,0.007363240339762767,0.0053632403397627666,0.005355877099423003,allow_all,2023
allow_all|2023|69,62410,2023-10-15 18:15:00+00:00,-0.0010000000000001102,long,194,2,62403,2023-10-15 16:15:00+00:00,2023-10,0,0,62404,62598,1553.88,1571.79,copied_horizon,0.0115259865626689,0.0095259865626689,0.009514460576106231,allow_all,2023
allow_all|2023|70,62947,2023-10-21 08:30:00+00:00,0.21642353994627395,long,2601,0,62945,2023-10-21 07:45:00+00:00,2023-10,2,1,62946,65547,1606.39,1961.57,copied_horizon,0.22110446404671324,0.21910446404671324,0.21888335958266653,allow_all,2023
allow_all|2023|70,62947,2023-10-21 08:30:00+00:00,0.21642353994627395,long,2601,1,61510,2023-10-06 09:00:00+00:00,2023-10,2,1,61511,61525,1632.83,1619.9299999999998,stop,-0.007900393794822547,-0.009900393794822547,-0.009892493401027724,allow_all,2023
allow_all|2023|70,62947,2023-10-21 08:30:00+00:00,0.21642353994627395,long,2601,2,61890,2023-10-10 08:00:00+00:00,2023-10,2,1,61891,61905,1593.0,1581.5,stop,-0.007219083490269895,-0.009219083490269895,-0.009211864406779626,allow_all,2023
allow_all|2023|71,65548,2023-11-17 10:45:00+00:00,-0.0009999999999999992,short,46,0,64894,2023-11-10 15:00:00+00:00,2023-11,3,4,64895,64941,2088.27,2046.94,copied_horizon,0.019791502056726307,0.017791502056726305,0.017811293558783033,allow_all,2023
allow_all|2023|71,65548,2023-11-17 10:45:00+00:00,-0.0009999999999999992,short,46,1,66126,2023-11-23 11:00:00+00:00,2023-11,3,4,66127,66173,2059.31,2065.55,copied_horizon,-0.0030301411637880804,-0.0050301411637880804,-0.005033171304951869,allow_all,2023
allow_all|2023|71,65548,2023-11-17 10:45:00+00:00,-0.0009999999999999992,short,46,2,65555,2023-11-17 12:15:00+00:00,2023-11,3,4,65556,65595,1955.05,1953.09495,stop,0.0010000000000000009,-0.0009999999999999992,-0.0009989999999999995,allow_all,2023
allow_all|2023|72,66790,2023-11-30 09:15:00+00:00,-0.012459064111102867,short,11,0,66023,2023-11-22 09:15:00+00:00,2023-11,2,3,66024,66035,2004.47,2013.01,copied_horizon,-0.004260477832045417,-0.006260477832045417,-0.006264738309877463,allow_all,2023
allow_all|2023|72,66790,2023-11-30 09:15:00+00:00,-0.012459064111102867,short,11,1,65810,2023-11-20 04:00:00+00:00,2023-11,2,3,65811,65822,1999.44,2006.0,copied_horizon,-0.003280918657224019,-0.005280918657224019,-0.005284199575881244,allow_all,2023
allow_all|2023|72,66790,2023-11-30 09:15:00+00:00,-0.012459064111102867,short,11,2,66503,2023-11-27 09:15:00+00:00,2023-11,2,3,66504,66515,2050.0,2022.2,copied_horizon,0.01356097560975611,0.01156097560975611,0.011574536585365867,allow_all,2023
allow_all|2023|73,66938,2023-12-01 22:15:00+00:00,0.11271820076880412,long,877,0,66940,2023-12-01 22:30:00+00:00,2023-12,1,1,66941,67818,2086.53,2203.49,copied_horizon,0.05605478953094356,0.05405478953094356,0.05399873474141262,allow_all,2023
allow_all|2023|73,66938,2023-12-01 22:15:00+00:00,0.11271820076880412,long,877,1,67627,2023-12-09 02:15:00+00:00,2023-12,1,1,67628,67654,2353.8,2356.1538,stop,0.0009999999999998899,-0.0010000000000001102,-0.0010010000000001099,allow_all,2023
allow_all|2023|73,66938,2023-12-01 22:15:00+00:00,0.11271820076880412,long,877,2,67629,2023-12-09 02:45:00+00:00,2023-12,1,1,67630,67654,2353.04,2355.39304,stop,0.0009999999999998899,-0.0010000000000001102,-0.0010010000000001099,allow_all,2023
allow_all|2023|74,67815,2023-12-11 01:30:00+00:00,-0.0010000000000001102,short,374,0,69250,2023-12-26 00:00:00+00:00,2023-12,1,2,69251,69387,2271.71,2269.43829,stop,0.0010000000000000009,-0.0009999999999999992,-0.0009989999999999995,allow_all,2023
allow_all|2023|74,67815,2023-12-11 01:30:00+00:00,-0.0010000000000001102,short,374,1,69247,2023-12-25 23:15:00+00:00,2023-12,1,2,69248,69388,2276.82,2274.54318,stop,0.0010000000000000009,-0.0009999999999999992,-0.0009989999999999995,allow_all,2023
allow_all|2023|74,67815,2023-12-11 01:30:00+00:00,-0.0010000000000001102,short,374,2,66858,2023-12-01 02:00:00+00:00,2023-12,1,2,66859,67018,2086.76,2114.8700000000003,stop,-0.013470643485594902,-0.015470643485594902,-0.015484114129080497,allow_all,2023
allow_all|2023|75,68481,2023-12-18 00:00:00+00:00,-0.0009999999999998881,short,84,0,67432,2023-12-07 01:30:00+00:00,2023-12,1,3,67433,67486,2241.32,2271.79,stop,-0.013594667428122653,-0.015594667428122653,-0.015608262095550777,allow_all,2023
allow_all|2023|75,68481,2023-12-18 00:00:00+00:00,-0.0009999999999998881,short,84,1,68189,2023-12-14 22:45:00+00:00,2023-12,1,3,68190,68274,2315.75,2246.07,copied_horizon,0.030089603800064757,0.028089603800064755,0.02811969340386482,allow_all,2023
allow_all|2023|75,68481,2023-12-18 00:00:00+00:00,-0.0009999999999998881,short,84,2,68108,2023-12-14 02:30:00+00:00,2023-12,1,3,68109,68125,2248.47,2280.85,stop,-0.01440090372564451,-0.01640090372564451,-0.016415304629370155,allow_all,2023
allow_all|2023|76,68857,2023-12-21 22:00:00+00:00,-0.0010000000000001102,long,36,0,67896,2023-12-11 21:30:00+00:00,2023-12,0,4,67897,67933,2214.49,2224.88,copied_horizon,0.00469182520580369,0.00269182520580369,0.0026871333805978865,allow_all,2023
allow_all|2023|76,68857,2023-12-21 22:00:00+00:00,-0.0010000000000001102,long,36,1,67508,2023-12-07 20:30:00+00:00,2023-12,0,4,67509,67518,2348.1,2350.4480999999996,stop,0.0009999999999998899,-0.0010000000000001102,-0.0010010000000001099,allow_all,2023
allow_all|2023|76,68857,2023-12-21 22:00:00+00:00,-0.0010000000000001102,long,36,2,68164,2023-12-14 16:30:00+00:00,2023-12,0,4,68165,68201,2283.62,2299.06,copied_horizon,0.006761194944868265,0.004761194944868265,0.004754433749923397,allow_all,2023
allow_all|2023|77,68962,2023-12-23 00:15:00+00:00,-0.015744126670814707,long,6,0,68961,2023-12-22 23:45:00+00:00,2023-12,1,3,68962,68968,2324.99,2306.99,copied_horizon,-0.007741968782661424,-0.009741968782661424,-0.009734226813878762,allow_all,2023
allow_all|2023|77,68962,2023-12-23 00:15:00+00:00,-0.015744126670814707,long,6,1,68675,2023-12-20 00:15:00+00:00,2023-12,1,3,68676,68682,2182.07,2176.48,copied_horizon,-0.002561787660340986,-0.004561787660340986,-0.004559225872680645,allow_all,2023
allow_all|2023|77,68962,2023-12-23 00:15:00+00:00,-0.015744126670814707,long,6,2,68202,2023-12-15 02:00:00+00:00,2023-12,1,3,68203,68209,2290.69,2281.04,copied_horizon,-0.004212704468959161,-0.006212704468959161,-0.006208491764490202,allow_all,2023
allow_all|2023|78,69357,2023-12-27 03:00:00+00:00,-0.01290542480747847,short,22,0,67441,2023-12-07 03:45:00+00:00,2023-12,1,1,67442,67464,2249.3,2242.45,copied_horizon,0.003045391899702321,0.001045391899702321,0.001048437291602023,allow_all,2023
allow_all|2023|78,69357,2023-12-27 03:00:00+00:00,-0.01290542480747847,short,22,1,69264,2023-12-26 03:30:00+00:00,2023-12,1,1,69265,69287,2268.69,2236.8,copied_horizon,0.014056570091109832,0.012056570091109832,0.012070626661200942,allow_all,2023
allow_all|2023|78,69357,2023-12-27 03:00:00+00:00,-0.01290542480747847,short,22,2,66855,2023-12-01 01:15:00+00:00,2023-12,1,1,66856,66867,2073.71,2097.98,stop,-0.011703661553447597,-0.013703661553447597,-0.013715365215001045,allow_all,2023
allow_all|2023|79,69485,2023-12-28 11:00:00+00:00,-0.020265487315865416,long,15,0,68917,2023-12-22 12:45:00+00:00,2023-12,3,4,68918,68933,2294.9,2316.29,copied_horizon,0.00932066756721417,0.007320667567214169,0.007311346899646955,allow_all,2023
allow_all|2023|79,69485,2023-12-28 11:00:00+00:00,-0.020265487315865416,long,15,1,67184,2023-12-04 11:30:00+00:00,2023-12,3,4,67185,67200,2236.87,2217.84,copied_horizon,-0.00850742331919141,-0.01050742331919141,-0.010498915895872218,allow_all,2023
allow_all|2023|79,69485,2023-12-28 11:00:00+00:00,-0.020265487315865416,long,15,2,68545,2023-12-18 15:45:00+00:00,2023-12,3,4,68546,68561,2155.49,2174.58,copied_horizon,0.008856454912804068,0.006856454912804068,0.006847598457891264,allow_all,2023
allow_all|2023|80,69579,2023-12-29 10:30:00+00:00,-0.019443555645703214,long,21,0,67375,2023-12-06 11:15:00+00:00,2023-12,3,4,67376,67397,2256.18,2267.32,copied_horizon,0.004937549309009137,0.002937549309009137,0.0029326117597001282,allow_all,2023
allow_all|2023|80,69579,2023-12-29 10:30:00+00:00,-0.019443555645703214,long,21,1,69493,2023-12-28 12:45:00+00:00,2023-12,3,4,69494,69499,2374.41,2376.7844099999998,stop,0.0009999999999998899,-0.0010000000000001102,-0.0010010000000001099,allow_all,2023
allow_all|2023|80,69579,2023-12-29 10:30:00+00:00,-0.019443555645703214,long,21,2,68160,2023-12-14 15:30:00+00:00,2023-12,3,4,68161,68182,2276.24,2295.43,copied_horizon,0.00843056971145395,0.00643056971145395,0.0064221391417424965,allow_all,2023
allow_all|2023|81,69667,2023-12-30 08:30:00+00:00,-0.013776655079722254,short,29,0,69655,2023-12-30 05:15:00+00:00,2023-12,2,2,69656,69685,2303.98,2292.61,copied_horizon,0.004934938671342537,0.002934938671342537,0.0029398736100138792,allow_all,2023
allow_all|2023|81,69667,2023-12-30 08:30:00+00:00,-0.013776655079722254,short,29,1,68795,2023-12-21 06:15:00+00:00,2023-12,2,2,68796,68810,2202.93,2231.46,stop,-0.012950933529435993,-0.014950933529435993,-0.014963884462965428,allow_all,2023
allow_all|2023|81,69667,2023-12-30 08:30:00+00:00,-0.013776655079722254,short,29,2,68612,2023-12-19 08:30:00+00:00,2023-12,2,2,68613,68642,2250.19,2205.31,copied_horizon,0.01994498242370646,0.017944982423706457,0.017964927406130166,allow_all,2023
allow_all|2023|82,69807,2023-12-31 19:30:00+00:00,0.0032510022659927324,short,17,0,69239,2023-12-25 21:15:00+00:00,2023-12,0,2,69240,69257,2268.55,2273.39,copied_horizon,-0.0021335214123556767,-0.004133521412355677,-0.004135654933768032,allow_all,2023
allow_all|2023|82,69807,2023-12-31 19:30:00+00:00,0.0032510022659927324,short,17,1,66930,2023-12-01 20:00:00+00:00,2023-12,0,2,66931,66948,2089.38,2091.37,copied_horizon,-0.0009524356507670806,-0.0029524356507670806,-0.0029533880864178476,allow_all,2023
allow_all|2023|82,69807,2023-12-31 19:30:00+00:00,0.0032510022659927324,short,17,2,69143,2023-12-24 21:15:00+00:00,2023-12,0,2,69144,69158,2277.8,2275.5222000000003,stop,0.0009999999999998899,-0.0010000000000001102,-0.0009990000000001105,allow_all,2023
allow_all|2024|0,69841,2024-01-01 04:00:00+00:00,-0.014973481517954522,short,27,0,71470,2024-01-18 03:00:00+00:00,2024-01,1,1,71471,71498,2529.13,2538.23,copied_horizon,-0.003598075227449815,-0.005598075227449815,-0.005601673302677265,allow_all,2024
allow_all|2024|0,69841,2024-01-01 04:00:00+00:00,-0.014973481517954522,short,27,1,72508,2024-01-28 22:30:00+00:00,2024-01,1,1,72509,72527,2247.7,2277.0299999999997,stop,-0.013048894425412572,-0.015048894425412572,-0.015061943319837984,allow_all,2024
allow_all|2024|0,69841,2024-01-01 04:00:00+00:00,-0.014973481517954522,short,27,2,72701,2024-01-30 22:45:00+00:00,2024-01,1,1,72702,72729,2365.68,2339.03,copied_horizon,0.011265259882993317,0.009265259882993317,0.00927652514287631,allow_all,2024
allow_all|2024|1,70218,2024-01-05 02:15:00+00:00,-0.0009999999999998881,short,74,0,70693,2024-01-10 00:45:00+00:00,2024-01,1,4,70694,70727,2399.61,2397.21039,stop,0.0010000000000000009,-0.0009999999999999992,-0.0009989999999999995,allow_all,2024
allow_all|2024|1,70218,2024-01-05 02:15:00+00:00,-0.0009999999999998881,short,74,1,70986,2024-01-13 02:00:00+00:00,2024-01,1,4,70987,71061,2533.17,2568.36,copied_horizon,-0.013891685121803832,-0.015891685121803834,-0.015905576806925635,allow_all,2024
allow_all|2024|1,70218,2024-01-05 02:15:00+00:00,-0.0009999999999998881,short,74,2,72796,2024-01-31 22:30:00+00:00,2024-01,1,4,72797,72859,2281.72,2279.43828,stop,0.0010000000000000009,-0.0009999999999999992,-0.0009989999999999995,allow_all,2024
allow_all|2024|2,70331,2024-01-06 06:30:00+00:00,-0.01479075509901717,short,124,0,71383,2024-01-17 05:15:00+00:00,2024-01,2,1,71384,71421,2571.79,2569.21821,stop,0.0010000000000000009,-0.0009999999999999992,-0.0009989999999999995,allow_all,2024
allow_all|2024|2,70331,2024-01-06 06:30:00+00:00,-0.01479075509901717,short,124,1,71289,2024-01-16 05:45:00+00:00,2024-01,2,1,71290,71327,2530.91,2561.64,stop,-0.012141877822601455,-0.014141877822601455,-0.014154019700424056,allow_all,2024
allow_all|2024|2,70331,2024-01-06 06:30:00+00:00,-0.01479075509901717,short,124,2,71199,2024-01-15 07:15:00+00:00,2024-01,2,1,71200,71212,2510.17,2540.9500000000003,stop,-0.01226211770517538,-0.01426211770517538,-0.014274379822880556,allow_all,2024
allow_all|2024|3,70466,2024-01-07 16:15:00+00:00,-0.0009999999999999992,short,60,0,69898,2024-01-01 18:00:00+00:00,2024-01,0,1,69899,69922,2329.99,2358.66,stop,-0.012304773840231098,-0.014304773840231098,-0.014317078614071329,allow_all,2024
allow_all|2024|3,70466,2024-01-07 16:15:00+00:00,-0.0009999999999999992,short,60,1,72310,2024-01-26 21:00:00+00:00,2024-01,0,1,72311,72371,2255.2,2266.25,copied_horizon,-0.004899787158566982,-0.006899787158566982,-0.006904686945725548,allow_all,2024
allow_all|2024|3,70466,2024-01-07 16:15:00+00:00,-0.0009999999999999992,short,60,2,72499,2024-01-28 20:15:00+00:00,2024-01,0,1,72500,72560,2254.85,2267.84,copied_horizon,-0.005760915360223606,-0.007760915360223606,-0.00776667627558383,allow_all,2024
allow_all|2024|4,70682,2024-01-09 22:15:00+00:00,-0.0010000000000001102,long,17,0,71162,2024-01-14 22:00:00+00:00,2024-01,1,4,71163,71166,2529.46,2480.64,stop,-0.019300562175326053,-0.021300562175326054,-0.021281261613150727,allow_all,2024
allow_all|2024|4,70682,2024-01-09 22:15:00+00:00,-0.0010000000000001102,long,17,1,70892,2024-01-12 02:30:00+00:00,2024-01,1,4,70893,70910,2606.88,2606.81,copied_horizon,-2.685202234098405e-05,-0.002026852022340984,-0.002026825170318643,allow_all,2024
allow_all|2024|4,70682,2024-01-09 22:15:00+00:00,-0.0010000000000001102,long,17,2,72028,2024-01-23 22:30:00+00:00,2024-01,1,4,72029,72046,2227.51,2221.2,copied_horizon,-0.0028327594488914976,-0.004832759448891498,-0.004829926689442606,allow_all,2024
allow_all|2024|5,70909,2024-01-12 07:00:00+00:00,-0.0010000000000001102,long,39,0,71003,2024-01-13 06:15:00+00:00,2024-01,2,4,71004,71043,2545.61,2564.13,copied_horizon,0.00727526997458372,0.00527526997458372,0.0052679947046091365,allow_all,2024
allow_all|2024|5,70909,2024-01-12 07:00:00+00:00,-0.0010000000000001102,long,39,1,71001,2024-01-13 05:45:00+00:00,2024-01,2,4,71002,71041,2553.49,2563.88,copied_horizon,0.004068940939655263,0.0020689409396552633,0.0020648719987156083,allow_all,2024
allow_all|2024|5,70909,2024-01-12 07:00:00+00:00,-0.0010000000000001102,long,39,2,70910,2024-01-12 07:00:00+00:00,2024-01,2,4,70911,70949,2606.8,2609.4067999999997,stop,0.0009999999999998899,-0.0010000000000001102,-0.0010010000000001099,allow_all,2024
allow_all|2024|6,71505,2024-01-18 12:00:00+00:00,0.09813753304558415,short,877,0,71599,2024-01-19 11:15:00+00:00,2024-01,3,0,71600,71627,2489.66,2487.1703399999997,stop,0.001000000000000112,-0.0009999999999998881,-0.000998999999999888,allow_all,2024
allow_all|2024|6,71505,2024-01-18 12:00:00+00:00,0.09813753304558415,short,877,1,71503,2024-01-18 11:15:00+00:00,2024-01,3,0,71504,72381,2519.7,2269.21,copied_horizon,0.0994126284875183,0.0974126284875183,0.09751204111600582,allow_all,2024
allow_all|2024|6,71505,2024-01-18 12:00:00+00:00,0.09813753304558415,short,877,2,71499,2024-01-18 10:15:00+00:00,2024-01,3,0,71500,72377,2537.51,2267.93,copied_horizon,0.10623800497337954,0.10423800497337954,0.10434424297835292,allow_all,2024
allow_all|2024|7,72382,2024-01-27 15:15:00+00:00,-0.0010000000000001102,long,84,0,72365,2024-01-27 10:45:00+00:00,2024-01,3,0,72366,72450,2263.48,2281.21,copied_horizon,0.007833071200098907,0.005833071200098907,0.005825238128898808,allow_all,2024
allow_all|2024|7,72382,2024-01-27 15:15:00+00:00,-0.0010000000000001102,long,84,1,72383,2024-01-27 15:15:00+00:00,2024-01,3,0,72384,72467,2272.93,2275.2029299999995,stop,0.0009999999999998899,-0.0010000000000001102,-0.0010010000000001099,allow_all,2024
allow_all|2024|7,72382,2024-01-27 15:15:00+00:00,-0.0010000000000001102,long,84,2,70367,2024-01-06 15:15:00+00:00,2024-01,3,0,70368,70452,2245.65,2240.9,copied_horizon,-0.0021152004987420314,-0.0041152004987420315,-0.00411308529824329,allow_all,2024
allow_all|2024|8,72582,2024-01-29 17:15:00+00:00,-0.0010000000000001102,long,165,0,70288,2024-01-05 19:30:00+00:00,2024-01,0,3,70289,70327,2237.0,2239.2369999999996,stop,0.0009999999999998899,-0.0010000000000001102,-0.0010010000000001099,allow_all,2024
allow_all|2024|8,72582,2024-01-29 17:15:00+00:00,-0.0010000000000001102,long,165,1,72104,2024-01-24 17:30:00+00:00,2024-01,0,3,72105,72117,2241.29,2201.8,stop,-0.017619317446648908,-0.01961931744664891,-0.01960169812920226,allow_all,2024
allow_all|2024|8,72582,2024-01-29 17:15:00+00:00,-0.0010000000000001102,long,165,2,72593,2024-01-29 19:45:00+00:00,2024-01,0,3,72594,72663,2293.34,2295.63334,stop,0.0009999999999998899,-0.0010000000000001102,-0.0010010000000001099,allow_all,2024
allow_all|2024|9,72775,2024-01-31 17:30:00+00:00,-0.019602969031259465,long,10,0,71344,2024-01-16 19:30:00+00:00,2024-01,0,3,71345,71355,2566.42,2605.9,copied_horizon,0.015383296576554129,0.013383296576554128,0.013367913279977574,allow_all,2024
allow_all|2024|9,72775,2024-01-31 17:30:00+00:00,-0.019602969031259465,long,10,1,71438,2024-01-17 19:00:00+00:00,2024-01,0,3,71439,71449,2533.49,2527.11,copied_horizon,-0.002518265317802526,-0.004518265317802526,-0.004515747052484724,allow_all,2024
allow_all|2024|9,72775,2024-01-31 17:30:00+00:00,-0.019602969031259465,long,10,2,70675,2024-01-09 20:15:00+00:00,2024-01,0,3,70676,70679,2262.14,2264.4021399999997,stop,0.0009999999999998899,-0.0010000000000001102,-0.0010010000000001099,allow_all,2024
allow_all|2024|10,73167,2024-02-04 19:30:00+00:00,-0.013464576609804933,short,5,0,73843,2024-02-11 20:15:00+00:00,2024-02,0,0,73844,73849,2512.44,2503.62,copied_horizon,0.0035105315947844273,0.0015105315947844273,0.001514042126379212,allow_all,2024
allow_all|2024|10,73167,2024-02-04 19:30:00+00:00,-0.013464576609804933,short,5,1,73848,2024-02-11 21:30:00+00:00,2024-02,0,0,73849,73854,2501.19,2499.0,copied_horizon,0.0008755832223861226,-0.0011244167776138774,-0.0011235411943914912,allow_all,2024
allow_all|2024|10,73167,2024-02-04 19:30:00+00:00,-0.013464576609804933,short,5,2,73165,2024-02-04 18:45:00+00:00,2024-02,0,0,73166,73171,2294.46,2277.48,copied_horizon,0.007400434089066765,0.005400434089066765,0.005407834523155831,allow_all,2024
allow_all|2024|11,73291,2024-02-06 02:30:00+00:00,0.19454231119199283,long,1083,0,73281,2024-02-05 23:45:00+00:00,2024-02,1,0,73282,74365,2302.19,2787.51,copied_horizon,0.21080796980266614,0.20880796980266614,0.20859716183286348,allow_all,2024
allow_all|2024|11,73291,2024-02-06 02:30:00+00:00,0.19454231119199283,long,1083,1,73391,2024-02-07 03:15:00+00:00,2024-02,1,0,73392,74475,2369.22,2809.39,copied_horizon,0.18578688344687277,0.18378688344687277,0.1836010965634259,allow_all,2024
allow_all|2024|11,73291,2024-02-06 02:30:00+00:00,0.19454231119199283,long,1083,2,73392,2024-02-07 03:30:00+00:00,2024-02,1,0,73393,74476,2367.28,2810.96,copied_horizon,0.18742185123855215,0.18542185123855215,0.1852344293873136,allow_all,2024
allow_all|2024|12,74374,2024-02-17 09:15:00+00:00,-0.0010000000000001102,short,34,0,75040,2024-02-24 07:30:00+00:00,2024-02,2,1,75041,75075,2958.38,2963.0,copied_horizon,-0.001561665506121468,-0.003561665506121468,-0.0035632271716275893,allow_all,2024
allow_all|2024|12,74374,2024-02-17 09:15:00+00:00,-0.0010000000000001102,short,34,1,74070,2024-02-14 05:00:00+00:00,2024-02,2,1,74071,74083,2631.1,2662.2599999999998,stop,-0.011842955417886047,-0.013842955417886047,-0.013854798373303933,allow_all,2024
allow_all|2024|12,74374,2024-02-17 09:15:00+00:00,-0.0010000000000001102,short,34,2,72826,2024-02-01 06:00:00+00:00,2024-02,2,1,72827,72861,2272.58,2297.0,copied_horizon,-0.010745496308160796,-0.012745496308160796,-0.012756241804468956,allow_all,2024
allow_all|2024|13,74705,2024-02-20 20:00:00+00:00,-0.0010000000000001102,long,23,0,74018,2024-02-13 16:00:00+00:00,2024-02,0,4,74019,74042,2627.66,2625.77,copied_horizon,-0.0007192711385795025,-0.0027192711385795026,-0.002718551867440923,allow_all,2024
allow_all|2024|13,74705,2024-02-20 20:00:00+00:00,-0.0010000000000001102,long,23,1,74616,2024-02-19 21:30:00+00:00,2024-02,0,4,74617,74640,2949.46,2916.37,copied_horizon,-0.01121900280051269,-0.01321900280051269,-0.013207783797712177,allow_all,2024
allow_all|2024|13,74705,2024-02-20 20:00:00+00:00,-0.0010000000000001102,long,23,2,74886,2024-02-22 17:00:00+00:00,2024-02,0,4,74887,74904,2976.41,2979.3864099999996,stop,0.0009999999999998899,-0.0010000000000001102,-0.0010010000000001099,allow_all,2024
allow_all|2024|14,74883,2024-02-22 16:30:00+00:00,-0.0010000000000001102,long,28,0,73929,2024-02-12 17:45:00+00:00,2024-02,0,4,73930,73958,2610.83,2667.2,copied_horizon,0.02159083509841686,0.01959083509841686,0.019569244263318443,allow_all,2024
allow_all|2024|14,74883,2024-02-22 16:30:00+00:00,-0.0010000000000001102,long,28,1,74903,2024-02-22 21:15:00+00:00,2024-02,0,4,74904,74932,2992.41,2951.43,copied_horizon,-0.01369464745806892,-0.015694647458068922,-0.01568095281061085,allow_all,2024
allow_all|2024|14,74883,2024-02-22 16:30:00+00:00,-0.0010000000000001102,long,28,2,74602,2024-02-19 18:00:00+00:00,2024-02,0,4,74603,74625,2940.19,2943.13019,stop,0.0009999999999998899,-0.0010000000000001102,-0.0010010000000001099,allow_all,2024
allow_all|2024|15,75007,2024-02-23 23:30:00+00:00,-0.016398429510966483,short,43,0,74538,2024-02-19 02:00:00+00:00,2024-02,1,3,74539,74555,2879.19,2928.2200000000003,stop,-0.01702909498852123,-0.019029094988521233,-0.019046124083509752,allow_all,2024
allow_all|2024|15,75007,2024-02-23 23:30:00+00:00,-0.016398429510966483,short,43,1,74149,2024-02-15 00:45:00+00:00,2024-02,1,3,74150,74165,2818.4,2815.5816,stop,0.0010000000000000009,-0.0009999999999999992,-0.0009989999999999995,allow_all,2024
allow_all|2024|15,75007,2024-02-23 23:30:00+00:00,-0.016398429510966483,short,43,2,75401,2024-02-28 01:45:00+00:00,2024-02,1,3,75402,75424,3236.17,3281.8,stop,-0.014100000927021794,-0.016100000927021796,-0.016114100927948814,allow_all,2024
allow_all|2024|16,75265,2024-02-26 16:00:00+00:00,0.25106500997319303,long,1589,0,74101,2024-02-14 12:45:00+00:00,2024-02,3,4,74102,74302,2740.36,2743.10036,stop,0.0009999999999998899,-0.0010000000000001102,-0.0010010000000001099,allow_all,2024
allow_all|2024|16,75265,2024-02-26 16:00:00+00:00,0.25106500997319303,long,1589,1,74861,2024-02-22 10:45:00+00:00,2024-02,3,4,74862,74871,2997.69,2940.62,stop,-0.01903799258762584,-0.021037992587625842,-0.021018954595038216,allow_all,2024
allow_all|2024|16,75265,2024-02-26 16:00:00+00:00,0.25106500997319303,long,1589,2,74015,2024-02-13 15:15:00+00:00,2024-02,3,4,74016,75605,2637.61,3378.61,copied_horizon,0.2809361505302148,0.2789361505302148,0.2786552143796846,allow_all,2024
allow_all|2024|17,76854,2024-03-14 05:15:00+00:00,0.07906813342796304,short,1232,0,76096,2024-03-06 07:30:00+00:00,2024-03,2,4,76097,76111,3768.12,3881.16,stop,-0.02999904461641356,-0.03199904461641356,-0.032029043661029974,allow_all,2024
allow_all|2024|17,76854,2024-03-14 05:15:00+00:00,0.07906813342796304,short,1232,1,77634,2024-03-22 08:00:00+00:00,2024-03,2,4,77635,77946,3520.43,3516.90957,stop,0.0010000000000000009,-0.0009999999999999992,-0.0009989999999999995,allow_all,2024
allow_all|2024|17,76854,2024-03-14 05:15:00+00:00,0.07906813342796304,short,1232,2,76955,2024-03-15 06:15:00+00:00,2024-03,2,4,76956,76985,3740.14,3736.39986,stop,0.0010000000000000009,-0.0009999999999999992,-0.0009989999999999995,allow_all,2024
allow_all|2024|18,78086,2024-03-27 01:15:00+00:00,-0.0195182119342302,long,26,0,77041,2024-03-16 03:45:00+00:00,2024-03,1,4,77042,77068,3736.3,3709.42,copied_horizon,-0.007194283114311029,-0.009194283114311029,-0.009187088831196719,allow_all,2024
allow_all|2024|18,78086,2024-03-27 01:15:00+00:00,-0.0195182119342302,long,26,1,76842,2024-03-14 02:00:00+00:00,2024-03,1,4,76843,76869,3991.28,3981.51,copied_horizon,-0.0024478362830971934,-0.004447836283097193,-0.004445388446814096,allow_all,2024
allow_all|2024|18,78086,2024-03-27 01:15:00+00:00,-0.0195182119342302,long,26,2,77999,2024-03-26 03:15:00+00:00,2024-03,1,4,78000,78026,3627.46,3663.39,copied_horizon,0.009905002398372442,0.007905002398372442,0.00789509739597407,allow_all,2024
allow_all|2024|19,78385,2024-03-30 04:00:00+00:00,-0.012044521352486457,short,4,0,78378,2024-03-30 02:00:00+00:00,2024-03,1,1,78379,78383,3507.71,3497.48,copied_horizon,0.0029164326583440703,0.0009164326583440702,0.0009193490910024142,allow_all,2024
allow_all|2024|19,78385,2024-03-30 04:00:00+00:00,-0.012044521352486457,short,4,1,78379,2024-03-30 02:15:00+00:00,2024-03,1,1,78380,78384,3507.92,3492.0,copied_horizon,0.00453830189970128,0.0025383018997012802,0.0025428402016009818,allow_all,2024
allow_all|2024|19,78385,2024-03-30 04:00:00+00:00,-0.012044521352486457,short,4,2,78382,2024-03-30 03:00:00+00:00,2024-03,1,1,78383,78387,3509.42,3494.15,copied_horizon,0.0043511463432703845,0.0023511463432703845,0.002355497489613655,allow_all,2024
allow_all|2024|20,78666,2024-04-02 02:15:00+00:00,0.019265540810145976,short,557,0,78853,2024-04-04 00:45:00+00:00,2024-04,1,0,78854,78878,3328.48,3325.15152,stop,0.0010000000000000009,-0.0009999999999999992,-0.0009989999999999995,allow_all,2024
allow_all|2024|20,78666,2024-04-02 02:15:00+00:00,0.019265540810145976,short,557,1,80859,2024-04-24 22:15:00+00:00,2024-04,1,0,80860,80914,3144.01,3140.8659900000002,stop,0.0010000000000000009,-0.0009999999999999992,-0.0009989999999999995,allow_all,2024
allow_all|2024|20,78666,2024-04-02 02:15:00+00:00,0.019265540810145976,short,557,2,80779,2024-04-24 02:15:00+00:00,2024-04,1,0,80780,80789,3226.22,3271.99,stop,-0.014186881241824878,-0.01618688124182488,-0.0162010681230667,allow_all,2024
allow_all|2024|21,79223,2024-04-07 21:30:00+00:00,-0.0010000000000001102,long,22,0,78917,2024-04-04 16:45:00+00:00,2024-04,0,0,78918,78925,3375.0,3378.3749999999995,stop,0.0009999999999998899,-0.0010000000000001102,-0.0010010000000001099,allow_all,2024
allow_all|2024|21,79223,2024-04-07 21:30:00+00:00,-0.0010000000000001102,long,22,1,79202,2024-04-07 16:00:00+00:00,2024-04,0,0,79203,79225,3399.4,3399.58,copied_horizon,5.2950520680106195e-05,-0.0019470494793198938,-0.0019471024298405738,allow_all,2024
allow_all|2024|21,79223,2024-04-07 21:30:00+00:00,-0.0010000000000001102,long,22,2,81045,2024-04-26 20:45:00+00:00,2024-04,0,0,81046,81060,3144.67,3100.15,stop,-0.01415728836412089,-0.016157288364120892,-0.01614313107575677,allow_all,2024
allow_all|2024|22,79476,2024-04-10 12:45:00+00:00,-0.029861789255634097,short,18,0,79007,2024-04-05 15:15:00+00:00,2024-04,3,3,79008,79026,3307.77,3327.99,copied_horizon,-0.006112879674221583,-0.008112879674221583,-0.008118992553895804,allow_all,2024
allow_all|2024|22,79476,2024-04-10 12:45:00+00:00,-0.029861789255634097,short,18,1,80045,2024-04-16 10:45:00+00:00,2024-04,3,3,80046,80064,3051.54,3022.22,copied_horizon,0.00960826336865983,0.007608263368659831,0.00761787163202849,allow_all,2024
allow_all|2024|22,79476,2024-04-10 12:45:00+00:00,-0.029861789255634097,short,18,2,78719,2024-04-02 15:15:00+00:00,2024-04,3,3,78720,78738,3291.74,3288.4482599999997,stop,0.0010000000000000009,-0.0009999999999999992,-0.0009989999999999995,allow_all,2024
allow_all|2024|23,79657,2024-04-12 10:00:00+00:00,0.12138033617891619,short,663,0,80981,2024-04-26 04:45:00+00:00,2024-04,2,0,80982,81068,3134.0,3130.866,stop,0.0010000000000000009,-0.0009999999999999992,-0.0009989999999999995,allow_all,2024
allow_all|2024|23,79657,2024-04-12 10:00:00+00:00,0.12138033617891619,short,663,1,80699,2024-04-23 06:15:00+00:00,2024-04,2,0,80700,80730,3189.16,3226.8199999999997,stop,-0.011808752147900892,-0.013808752147900892,-0.013820560900048792,allow_all,2024
allow_all|2024|23,79657,2024-04-12 10:00:00+00:00,0.12138033617891619,short,663,2,81372,2024-04-30 06:30:00+00:00,2024-04,2,0,81373,81773,3171.97,3168.79803,stop,0.0010000000000000009,-0.0009999999999999992,-0.0009989999999999995,allow_all,2024
allow_all|2024|24,80320,2024-04-19 07:45:00+00:00,0.016649039803223076,long,581,0,80306,2024-04-19 04:00:00+00:00,2024-04,2,4,80307,80888,2997.01,3162.61,copied_horizon,0.055255070887317626,0.053255070887317624,0.05319981581643031,allow_all,2024
allow_all|2024|24,80320,2024-04-19 07:45:00+00:00,0.016649039803223076,long,581,1,80319,2024-04-19 07:15:00+00:00,2024-04,2,4,80320,80324,3075.97,3079.0459699999997,stop,0.0009999999999998899,-0.0010000000000001102,-0.0010010000000001099,allow_all,2024
allow_all|2024|24,80320,2024-04-19 07:45:00+00:00,0.016649039803223076,long,581,2,80318,2024-04-19 07:00:00+00:00,2024-04,2,4,80319,80900,3087.99,3130.9,copied_horizon,0.013895770387857498,0.011895770387857498,0.01188187461746964,allow_all,2024
allow_all|2024|25,80901,2024-04-25 09:00:00+00:00,-0.0009999999999999992,short,12,0,80900,2024-04-25 08:30:00+00:00,2024-04,2,0,80901,80913,3130.89,3111.77,copied_horizon,0.006106889734228904,0.004106889734228904,0.004112996623963134,allow_all,2024
allow_all|2024|25,80901,2024-04-25 09:00:00+00:00,-0.0009999999999999992,short,12,1,81094,2024-04-27 09:00:00+00:00,2024-04,2,0,81095,81107,3113.64,3131.6,copied_horizon,-0.0057681684459347515,-0.007768168445934752,-0.0077739366143806865,allow_all,2024
allow_all|2024|25,80901,2024-04-25 09:00:00+00:00,-0.0009999999999999992,short,12,2,80806,2024-04-24 09:00:00+00:00,2024-04,2,0,80807,80818,3249.35,3292.46,stop,-0.013267268838383028,-0.015267268838383028,-0.015280536107221411,allow_all,2024
allow_all|2024|26,81470,2024-05-01 07:15:00+00:00,-0.0009999999999999992,short,15,0,83669,2024-05-24 04:45:00+00:00,2024-05,2,4,83670,83685,3803.97,3674.28,copied_horizon,0.03409332881174132,0.03209332881174132,0.03212742214055306,allow_all,2024
allow_all|2024|26,81470,2024-05-01 07:15:00+00:00,-0.0009999999999999992,short,15,1,83381,2024-05-21 04:45:00+00:00,2024-05,2,4,83382,83397,3660.3,3660.59,copied_horizon,-7.922847854002768e-05,-0.0020792284785400277,-0.0020793077070185677,allow_all,2024
allow_all|2024|26,81470,2024-05-01 07:15:00+00:00,-0.0009999999999999992,short,15,2,83688,2024-05-24 09:30:00+00:00,2024-05,2,4,83689,83704,3672.42,3706.03,copied_horizon,-0.009152003311168055,-0.011152003311168055,-0.011161155314479223,allow_all,2024
allow_all|2024|27,81772,2024-05-04 10:45:00+00:00,-0.01320208458404115,long,55,0,83124,2024-05-18 12:30:00+00:00,2024-05,3,0,83125,83180,3127.99,3129.01,copied_horizon,0.00032608799900279983,-0.0016739120009972002,-0.0016742380889962034,allow_all,2024
allow_all|2024|27,81772,2024-05-04 10:45:00+00:00,-0.01320208458404115,long,55,1,83309,2024-05-20 10:45:00+00:00,2024-05,3,0,83310,83365,3104.81,3689.02,copied_horizon,0.18816288275288984,0.18616288275288984,0.18597471987013695,allow_all,2024
allow_all|2024|27,81772,2024-05-04 10:45:00+00:00,-0.01320208458404115,long,55,2,82826,2024-05-15 10:00:00+00:00,2024-05,3,0,82827,82882,2911.01,3030.16,copied_horizon,0.040930810955647656,0.038930810955647654,0.03888988014469201,allow_all,2024
allow_all|2024|28,81926,2024-05-06 01:15:00+00:00,-0.0010000000000001102,long,37,0,84413,2024-05-31 22:45:00+00:00,2024-05,1,0,84414,84451,3770.62,3777.22,copied_horizon,0.0017503752698495578,-0.0002496247301504422,-0.0002513751054202917,allow_all,2024
allow_all|2024|28,81926,2024-05-06 01:15:00+00:00,-0.0010000000000001102,long,37,1,81933,2024-05-06 02:45:00+00:00,2024-05,1,0,81934,81965,3133.19,3136.3231899999996,stop,0.0009999999999998899,-0.0010000000000001102,-0.0010010000000001099,allow_all,2024
allow_all|2024|28,81926,2024-05-06 01:15:00+00:00,-0.0010000000000001102,long,37,2,82985,2024-05-17 01:45:00+00:00,2024-05,1,0,82986,83023,2946.06,3032.0,copied_horizon,0.02917116419896404,0.027171164198964037,0.027141993034765076,allow_all,2024
allow_all|2024|29,82032,2024-05-07 03:45:00+00:00,-0.021695575128481526,short,18,0,82113,2024-05-07 23:45:00+00:00,2024-05,1,2,82114,82132,3006.05,3013.13,copied_horizon,-0.002355250245338558,-0.004355250245338558,-0.004357605495583897,allow_all,2024
allow_all|2024|29,82032,2024-05-07 03:45:00+00:00,-0.021695575128481526,short,18,1,82115,2024-05-08 00:15:00+00:00,2024-05,1,2,82116,82134,3013.0,3009.44,copied_horizon,0.001181546631264463,-0.0008184533687355371,-0.0008172718221042727,allow_all,2024
allow_all|2024|29,82032,2024-05-07 03:45:00+00:00,-0.021695575128481526,short,18,2,84047,2024-05-28 03:15:00+00:00,2024-05,1,2,84048,84066,3847.47,3860.38,copied_horizon,-0.0033554517644063253,-0.005355451764406325,-0.005358807216170732,allow_all,2024
allow_all|2024|30,82180,2024-05-08 16:45:00+00:00,-0.0009999999999999992,short,39,0,81992,2024-05-06 17:30:00+00:00,2024-05,0,2,81993,82032,3062.4,3052.98,copied_horizon,0.003076018808777503,0.001076018808777503,0.0010790948275862804,allow_all,2024
allow_all|2024|30,82180,2024-05-08 16:45:00+00:00,-0.0009999999999999992,short,39,1,83923,2024-05-26 20:15:00+00:00,2024-05,0,2,83924,83948,3862.95,3927.73,stop,-0.01676956729960266,-0.018769567299602663,-0.018786336866902266,allow_all,2024
allow_all|2024|30,82180,2024-05-08 16:45:00+00:00,-0.0009999999999999992,short,39,2,84011,2024-05-27 18:15:00+00:00,2024-05,0,2,84012,84051,3935.73,3832.78,copied_horizon,0.02615779029557408,0.024157790295574078,0.024183948085869652,allow_all,2024
allow_all|2024|31,82582,2024-05-12 21:15:00+00:00,-0.0010000000000001102,short,38,0,82567,2024-05-12 17:15:00+00:00,2024-05,0,0,82568,82606,2932.2,2865.34,copied_horizon,0.022801991678602973,0.02080199167860297,0.020824793670281574,allow_all,2024
allow_all|2024|31,82582,2024-05-12 21:15:00+00:00,-0.0010000000000001102,short,38,1,81894,2024-05-05 17:00:00+00:00,2024-05,0,0,81895,81933,3151.99,3133.19,copied_horizon,0.005964485927937524,0.003964485927937524,0.003970450413865461,allow_all,2024
allow_all|2024|31,82582,2024-05-12 21:15:00+00:00,-0.0010000000000001102,short,38,2,81908,2024-05-05 20:30:00+00:00,2024-05,0,0,81909,81945,3136.41,3173.31,stop,-0.011765043473270342,-0.013765043473270342,-0.013776808516743613,allow_all,2024
allow_all|2024|32,83330,2024-05-20 16:15:00+00:00,0.2191849203623888,long,833,0,82283,2024-05-09 18:15:00+00:00,2024-05,0,1,82284,82362,3011.82,3014.83182,stop,0.0009999999999998899,-0.0010000000000001102,-0.0010010000000001099,allow_all,2024
allow_all|2024|32,83330,2024-05-20 16:15:00+00:00,0.2191849203623888,long,833,1,82184,2024-05-08 17:30:00+00:00,2024-05,0,1,82185,82195,3007.88,2949.98,stop,-0.019249438142479147,-0.02124943814247915,-0.02123018870433667,allow_all,2024
allow_all|2024|32,83330,2024-05-20 16:15:00+00:00,0.2191849203623888,long,833,2,83047,2024-05-17 17:15:00+00:00,2024-05,0,1,83048,83132,3095.73,3098.8257299999996,stop,0.0009999999999998899,-0.0010000000000001102,-0.0010010000000001099,allow_all,2024
allow_all|2024|33,84163,2024-05-29 08:30:00+00:00,-0.0010000000000001102,short,80,0,84259,2024-05-30 08:15:00+00:00,2024-05,2,2,84260,84281,3713.93,3782.74,stop,-0.018527543599367702,-0.020527543599367704,-0.020546071142967068,allow_all,2024
allow_all|2024|33,84163,2024-05-29 08:30:00+00:00,-0.0010000000000001102,short,80,1,83576,2024-05-23 05:30:00+00:00,2024-05,2,2,83577,83584,3770.12,3833.63,stop,-0.01684561764612269,-0.018845617646122692,-0.018862463263768812,allow_all,2024
allow_all|2024|33,84163,2024-05-29 08:30:00+00:00,-0.0010000000000001102,short,80,2,84169,2024-05-29 09:45:00+00:00,2024-05,2,2,84170,84244,3806.74,3802.93326,stop,0.0010000000000000009,-0.0009999999999999992,-0.0009989999999999995,allow_all,2024
allow_all|2024|34,86826,2024-06-26 02:15:00+00:00,-0.014043822311934127,long,12,0,84814,2024-06-05 03:00:00+00:00,2024-06,1,1,84815,84827,3807.0,3799.93,copied_horizon,-0.0018571053322826714,-0.0038571053322826714,-0.003855248226950389,allow_all,2024
allow_all|2024|34,86826,2024-06-26 02:15:00+00:00,-0.014043822311934127,long,12,1,86340,2024-06-21 00:30:00+00:00,2024-06,1,1,86341,86353,3511.97,3501.87,copied_horizon,-0.0028758787802857233,-0.004875878780285723,-0.0048730029015054376,allow_all,2024
allow_all|2024|34,86826,2024-06-26 02:15:00+00:00,-0.014043822311934127,long,12,2,85665,2024-06-13 23:45:00+00:00,2024-06,1,1,85666,85678,3469.97,3500.55,copied_horizon,0.008812756306250558,0.006812756306250558,0.006803943549944307,allow_all,2024
allow_all|2024|35,86917,2024-06-27 01:00:00+00:00,-0.014002217801115434,short,38,0,86625,2024-06-23 23:45:00+00:00,2024-06,1,1,86626,86664,3420.89,3277.68,copied_horizon,0.04186337473581436,0.03986337473581436,0.039905238110550176,allow_all,2024
allow_all|2024|35,86917,2024-06-27 01:00:00+00:00,-0.014002217801115434,short,38,1,86433,2024-06-21 23:45:00+00:00,2024-06,1,1,86434,86472,3518.42,3489.4,copied_horizon,0.008248020418255897,0.006248020418255897,0.006256268438674153,allow_all,2024
allow_all|2024|35,86917,2024-06-27 01:00:00+00:00,-0.014002217801115434,short,38,2,85480,2024-06-12 01:30:00+00:00,2024-06,1,1,85481,85489,3466.26,3511.3300000000004,stop,-0.0130024868301859,-0.0150024868301859,-0.015015489317016087,allow_all,2024
allow_all|2024|36,87059,2024-06-28 12:30:00+00:00,-0.01166871944272174,long,2,0,85331,2024-06-10 12:15:00+00:00,2024-06,3,0,85332,85334,3681.8,3671.35,copied_horizon,-0.0028382856211636165,-0.0048382856211636165,-0.004835447335542453,allow_all,2024
allow_all|2024|36,87059,2024-06-28 12:30:00+00:00,-0.01166871944272174,long,2,1,85323,2024-06-10 10:15:00+00:00,2024-06,3,0,85324,85326,3671.5,3672.73,copied_horizon,0.00033501293749149674,-0.0016649870625085033,-0.0016653220754459948,allow_all,2024
allow_all|2024|36,87059,2024-06-28 12:30:00+00:00,-0.01166871944272174,long,2,2,85135,2024-06-08 11:15:00+00:00,2024-06,3,0,85136,85138,3691.52,3685.18,copied_horizon,-0.001717449722607567,-0.003717449722607567,-0.0037157322728849592,allow_all,2024
allow_all|2024|37,87166,2024-06-29 15:15:00+00:00,-0.008940342587123505,short,104,0,86956,2024-06-27 10:30:00+00:00,2024-06,3,0,86957,86962,3402.16,3438.5899999999997,stop,-0.010707903214428383,-0.012707903214428383,-0.012718611117642812,allow_all,2024
allow_all|2024|37,87166,2024-06-29 15:15:00+00:00,-0.008940342587123505,short,104,1,84481,2024-06-01 15:45:00+00:00,2024-06,3,0,84482,84507,3798.79,3831.72,stop,-0.00866854972241149,-0.01066854972241149,-0.010677218272133901,allow_all,2024
allow_all|2024|37,87166,2024-06-29 15:15:00+00:00,-0.008940342587123505,short,104,2,84748,2024-06-04 10:30:00+00:00,2024-06,3,0,84749,84767,3767.99,3806.3599999999997,stop,-0.010183148044448087,-0.012183148044448087,-0.012193331192492536,allow_all,2024
allow_all|2024|38,87592,2024-07-04 01:45:00+00:00,0.06850167429572052,short,465,0,87974,2024-07-08 01:00:00+00:00,2024-07,1,4,87975,87995,2846.32,2931.71,stop,-0.03000014053233646,-0.03200014053233646,-0.0320301406728688,allow_all,2024
allow_all|2024|38,87592,2024-07-04 01:45:00+00:00,0.06850167429572052,short,465,1,87693,2024-07-05 02:45:00+00:00,2024-07,1,4,87694,87695,2925.9,2922.9741,stop,0.001000000000000112,-0.0009999999999998881,-0.000998999999999888,allow_all,2024
allow_all|2024|38,87592,2024-07-04 01:45:00+00:00,0.06850167429572052,short,465,2,88075,2024-07-09 02:15:00+00:00,2024-07,1,4,88076,88100,3030.25,3112.33,stop,-0.027086874020295415,-0.029086874020295417,-0.02911396089431571,allow_all,2024
allow_all|2024|39,88057,2024-07-08 22:00:00+00:00,-0.0010000000000001102,long,14,0,90059,2024-07-29 18:15:00+00:00,2024-07,0,4,90060,90074,3309.84,3351.79,copied_horizon,0.012674328668455193,0.010674328668455193,0.010661654339786737,allow_all,2024
allow_all|2024|39,88057,2024-07-08 22:00:00+00:00,-0.0010000000000001102,long,14,1,88817,2024-07-16 19:45:00+00:00,2024-07,0,4,88818,88832,3475.12,3447.5,copied_horizon,-0.007947926978061126,-0.009947926978061126,-0.009939979051083065,allow_all,2024
allow_all|2024|39,88057,2024-07-08 22:00:00+00:00,-0.0010000000000001102,long,14,2,87652,2024-07-04 16:30:00+00:00,2024-07,0,4,87653,87667,3131.75,3134.49,copied_horizon,0.0008749101939808934,-0.0011250898060191066,-0.0011259647162130877,allow_all,2024
allow_all|2024|40,88478,2024-07-13 07:15:00+00:00,0.08006283169490125,long,582,0,87420,2024-07-02 06:30:00+00:00,2024-07,2,0,87421,87450,3450.04,3424.58,stop,-0.007379624584062827,-0.009379624584062827,-0.009372244959478764,allow_all,2024
allow_all|2024|40,88478,2024-07-13 07:15:00+00:00,0.08006283169490125,long,582,1,89815,2024-07-27 05:15:00+00:00,2024-07,2,0,89816,89863,3258.67,3261.92867,stop,0.0009999999999998899,-0.0010000000000001102,-0.0010010000000001099,allow_all,2024
allow_all|2024|40,88478,2024-07-13 07:15:00+00:00,0.08006283169490125,long,582,2,87421,2024-07-02 06:45:00+00:00,2024-07,2,0,87422,87450,3448.94,3423.83,stop,-0.007280497776128381,-0.00928049777612838,-0.009273217278352251,allow_all,2024
allow_all|2024|41,89060,2024-07-19 08:45:00+00:00,-0.019731446453857826,short,21,0,87796,2024-07-06 04:30:00+00:00,2024-07,2,3,87797,87818,2967.31,3005.51,copied_horizon,-0.012873612800819778,-0.014873612800819778,-0.014886486413620597,allow_all,2024
allow_all|2024|41,89060,2024-07-19 08:45:00+00:00,-0.019731446453857826,short,21,1,89430,2024-07-23 05:00:00+00:00,2024-07,2,3,89431,89444,3450.1,3507.87,stop,-0.016744442190081532,-0.018744442190081534,-0.018761186632271613,allow_all,2024
allow_all|2024|41,89060,2024-07-19 08:45:00+00:00,-0.019731446453857826,short,21,2,90206,2024-07-31 07:00:00+00:00,2024-07,2,3,90207,90228,3329.2,3324.8,copied_horizon,0.0013216388321517503,-0.0006783611678482498,-0.0006770395290160982,allow_all,2024
allow_all|2024|42,89402,2024-07-22 22:15:00+00:00,-0.01933576113240587,short,41,0,88751,2024-07-16 03:15:00+00:00,2024-07,1,3,88752,88793,3464.53,3396.18,copied_horizon,0.01972850574248175,0.017728505742481748,0.01774823424822423,allow_all,2024
allow_all|2024|42,89402,2024-07-22 22:15:00+00:00,-0.01933576113240587,short,41,1,88933,2024-07-18 00:45:00+00:00,2024-07,1,3,88934,88975,3411.23,3442.49,copied_horizon,-0.009163849989593187,-0.011163849989593187,-0.01117301383958278,allow_all,2024
allow_all|2024|42,89402,2024-07-22 22:15:00+00:00,-0.01933576113240587,short,41,2,87677,2024-07-04 22:45:00+00:00,2024-07,1,3,87678,87719,3128.93,2872.3,copied_horizon,0.08201845359276161,0.08001845359276161,0.08010047204635437,allow_all,2024
allow_all|2024|43,89515,2024-07-24 02:30:00+00:00,0.044527818234780026,short,308,0,90270,2024-07-31 23:00:00+00:00,2024-07,1,4,90271,90579,3233.51,2918.0,copied_horizon,0.09757508094918532,0.09557508094918532,0.0956726560301345,allow_all,2024
allow_all|2024|43,89515,2024-07-24 02:30:00+00:00,0.044527818234780026,short,308,1,87789,2024-07-06 02:45:00+00:00,2024-07,1,4,87790,87844,2980.25,3043.68,stop,-0.021283449375052443,-0.023283449375052445,-0.023304732824427497,allow_all,2024
allow_all|2024|43,89515,2024-07-24 02:30:00+00:00,0.044527818234780026,short,308,2,87593,2024-07-04 01:45:00+00:00,2024-07,1,4,87594,87595,3210.42,3207.3,stop,0.0009718354607808344,-0.0010281645392191657,-0.001027192703758385,allow_all,2024
allow_all|2024|44,89823,2024-07-27 07:30:00+00:00,-0.0010000000000001102,long,33,0,89825,2024-07-27 07:45:00+00:00,2024-07,2,0,89826,89857,3272.22,3275.4922199999996,stop,0.0009999999999998899,-0.0010000000000001102,-0.0010010000000001099,allow_all,2024
allow_all|2024|44,89823,2024-07-27 07:30:00+00:00,-0.0010000000000001102,long,33,1,87425,2024-07-02 07:45:00+00:00,2024-07,2,0,87426,87452,3439.0,3411.9,stop,-0.007880197731898742,-0.009880197731898742,-0.009872317534166843,allow_all,2024
allow_all|2024|44,89823,2024-07-27 07:30:00+00:00,-0.0010000000000001102,long,33,2,87417,2024-07-02 05:45:00+00:00,2024-07,2,0,87418,87424,3459.44,3434.78,stop,-0.00712832134680752,-0.00912832134680752,-0.009121193025460713,allow_all,2024
allow_all|2024|45,90110,2024-07-30 07:15:00+00:00,-0.015788724632819773,long,31,0,89532,2024-07-24 06:30:00+00:00,2024-07,2,2,89533,89564,3440.31,3440.71,copied_horizon,0.00011626859207458651,-0.0018837314079254135,-0.001883847676517488,allow_all,2024
allow_all|2024|45,90110,2024-07-30 07:15:00+00:00,-0.015788724632819773,long,31,1,87804,2024-07-06 06:30:00+00:00,2024-07,2,2,87805,87836,2996.58,3008.98,copied_horizon,0.004138050711144148,0.0021380507111441478,0.002133912660433004,allow_all,2024
allow_all|2024|45,90110,2024-07-30 07:15:00+00:00,-0.015788724632819773,long,31,2,90113,2024-07-30 07:45:00+00:00,2024-07,2,2,90114,90142,3341.27,3294.93,stop,-0.013868977963468976,-0.015868977963468978,-0.015855108985505507,allow_all,2024
allow_all|2024|46,90844,2024-08-06 22:45:00+00:00,-0.0009999999999999992,short,7,0,90286,2024-08-01 03:00:00+00:00,2024-08,1,4,90287,90294,3181.67,3161.97,copied_horizon,0.006191716928531377,0.004191716928531377,0.004197908645459908,allow_all,2024
allow_all|2024|46,90844,2024-08-06 22:45:00+00:00,-0.0009999999999999992,short,7,1,90650,2024-08-04 22:00:00+00:00,2024-08,1,4,90651,90658,2741.52,2651.58,copied_horizon,0.03280661822638542,0.030806618226385418,0.030839424844611805,allow_all,2024
allow_all|2024|46,90844,2024-08-06 22:45:00+00:00,-0.0009999999999999992,short,7,2,90845,2024-08-06 22:45:00+00:00,2024-08,1,4,90846,90853,2475.07,2458.93,copied_horizon,0.006521027688105918,0.004521027688105918,0.004527548715794024,allow_all,2024
allow_all|2024|47,91691,2024-08-15 18:30:00+00:00,-0.0009999999999999992,short,10,0,90924,2024-08-07 18:30:00+00:00,2024-08,0,4,90925,90934,2346.63,2349.31,stop,-0.001142063299284457,-0.003142063299284457,-0.0031432053625837417,allow_all,2024
allow_all|2024|47,91691,2024-08-15 18:30:00+00:00,-0.0009999999999999992,short,10,1,90732,2024-08-05 18:30:00+00:00,2024-08,0,4,90733,90736,2403.7,2401.2963,stop,0.0009999999999998899,-0.0010000000000001102,-0.0009990000000001105,allow_all,2024
allow_all|2024|47,91691,2024-08-15 18:30:00+00:00,-0.0009999999999999992,short,10,2,91414,2024-08-12 21:00:00+00:00,2024-08,0,4,91415,91423,2670.84,2750.96,stop,-0.029998053046981443,-0.031998053046981445,-0.032028051100028425,allow_all,2024
allow_all|2024|48,91806,2024-08-16 23:15:00+00:00,-0.020993679082983885,short,110,0,91617,2024-08-14 23:45:00+00:00,2024-08,1,1,91618,91668,2661.13,2658.46887,stop,0.0010000000000000009,-0.0009999999999999992,-0.0009989999999999995,allow_all,2024
allow_all|2024|48,91806,2024-08-16 23:15:00+00:00,-0.020993679082983885,short,110,1,91631,2024-08-15 03:15:00+00:00,2024-08,1,1,91632,91668,2652.99,2650.3370099999997,stop,0.0010000000000000009,-0.0009999999999999992,-0.0009989999999999995,allow_all,2024
allow_all|2024|48,91806,2024-08-16 23:15:00+00:00,-0.020993679082983885,short,110,2,92095,2024-08-19 23:15:00+00:00,2024-08,1,1,92096,92102,2628.56,2673.87,stop,-0.017237574945978107,-0.01923757494597811,-0.019254812520924085,allow_all,2024
allow_all|2024|49,92232,2024-08-21 09:45:00+00:00,-0.0009999999999998881,short,16,0,92712,2024-08-26 09:30:00+00:00,2024-08,2,0,92713,92729,2729.25,2728.0,copied_horizon,0.0004580012824035862,-0.0015419987175964139,-0.0015415407163140104,allow_all,2024
allow_all|2024|49,92232,2024-08-21 09:45:00+00:00,-0.0009999999999998881,short,16,1,91835,2024-08-17 06:15:00+00:00,2024-08,2,0,91836,91852,2600.23,2599.37,copied_horizon,0.0003307399730024807,-0.0016692600269975193,-0.001668929287024517,allow_all,2024
allow_all|2024|49,92232,2024-08-21 09:45:00+00:00,-0.0009999999999998881,short,16,2,91843,2024-08-17 08:15:00+00:00,2024-08,2,0,91844,91860,2597.06,2602.41,copied_horizon,-0.0020600217168644797,-0.00406002171686448,-0.004062081738581344,allow_all,2024
allow_all|2024|50,92323,2024-08-22 08:30:00+00:00,-0.014026084319077923,long,22,0,92405,2024-08-23 04:45:00+00:00,2024-08,2,0,92406,92428,2638.42,2669.75,copied_horizon,0.011874530969292252,0.009874530969292252,0.009862656438322959,allow_all,2024
allow_all|2024|50,92323,2024-08-22 08:30:00+00:00,-0.014026084319077923,long,22,1,93184,2024-08-31 07:30:00+00:00,2024-08,2,0,93185,93207,2522.4,2525.29,copied_horizon,0.0011457342213763155,-0.0008542657786236845,-0.0008554115128450606,allow_all,2024
allow_all|2024|50,92323,2024-08-22 08:30:00+00:00,-0.014026084319077923,long,22,2,92215,2024-08-21 05:15:00+00:00,2024-08,2,0,92216,92231,2593.01,2566.0,stop,-0.01041646580614819,-0.01241646580614819,-0.012406049340342042,allow_all,2024
allow_all|2024|51,92802,2024-08-27 08:15:00+00:00,0.12437782223066574,short,1285,0,92505,2024-08-24 05:45:00+00:00,2024-08,2,0,92506,92547,2756.4,2789.19,stop,-0.011895951240748825,-0.013895951240748826,-0.013907847191989575,allow_all,2024
allow_all|2024|51,92802,2024-08-27 08:15:00+00:00,0.12437782223066574,short,1285,1,92038,2024-08-19 09:00:00+00:00,2024-08,2,0,92039,92072,2618.45,2615.83155,stop,0.0010000000000000009,-0.0009999999999999992,-0.0009989999999999995,allow_all,2024
allow_all|2024|51,92802,2024-08-27 08:15:00+00:00,0.12437782223066574,short,1285,2,92516,2024-08-24 08:30:00+00:00,2024-08,2,0,92517,92547,2763.01,2791.11,stop,-0.010170068150314293,-0.012170068150314293,-0.012180238218464607,allow_all,2024
allow_all|2024|52,94087,2024-09-09 17:30:00+00:00,-0.0010000000000001102,long,27,0,95719,2024-09-26 17:15:00+00:00,2024-09,0,2,95720,95747,2647.66,2634.4,copied_horizon,-0.005008195916394009,-0.007008195916394009,-0.007003187720477616,allow_all,2024
allow_all|2024|52,94087,2024-09-09 17:30:00+00:00,-0.0010000000000001102,long,27,1,93703,2024-09-05 17:15:00+00:00,2024-09,0,2,93704,93731,2379.19,2372.01,copied_horizon,-0.003017833800579073,-0.005017833800579073,-0.005014815966778494,allow_all,2024
allow_all|2024|52,94087,2024-09-09 17:30:00+00:00,-0.0010000000000001102,long,27,2,94084,2024-09-09 16:30:00+00:00,2024-09,0,2,94085,94112,2327.25,2363.11,copied_horizon,0.01540874422601779,0.01340874422601779,0.013393335481791772,allow_all,2024
allow_all|2024|53,94164,2024-09-10 12:45:00+00:00,-0.014912378774403877,long,4,0,93868,2024-09-07 10:30:00+00:00,2024-09,3,0,93869,93873,2286.81,2283.94,copied_horizon,-0.0012550233731704052,-0.0032550233731704053,-0.0032537683497972348,allow_all,2024
allow_all|2024|53,94164,2024-09-10 12:45:00+00:00,-0.014912378774403877,long,4,1,94929,2024-09-18 11:45:00+00:00,2024-09,3,0,94930,94934,2300.37,2309.27,copied_horizon,0.0038689428222415945,0.0018689428222415944,0.001865073879419353,allow_all,2024
allow_all|2024|53,94164,2024-09-10 12:45:00+00:00,-0.014912378774403877,long,4,2,95699,2024-09-26 12:15:00+00:00,2024-09,3,0,95700,95704,2633.48,2619.99,copied_horizon,-0.005122499506356681,-0.007122499506356681,-0.007117377006850325,allow_all,2024
allow_all|2024|54,94188,2024-09-10 18:45:00+00:00,-0.022804293135420428,long,27,0,95723,2024-09-26 18:15:00+00:00,2024-09,0,2,95724,95751,2634.94,2634.6,copied_horizon,-0.00012903519624740678,-0.002129035196247407,-0.0021289061610511592,allow_all,2024
allow_all|2024|54,94188,2024-09-10 18:45:00+00:00,-0.022804293135420428,long,27,1,95819,2024-09-27 18:15:00+00:00,2024-09,0,2,95820,95847,2689.5,2695.66,copied_horizon,0.0022903885480571873,0.00029038854805718724,0.00028809815950912995,allow_all,2024
allow_all|2024|54,94188,2024-09-10 18:45:00+00:00,-0.022804293135420428,long,27,2,95714,2024-09-26 16:00:00+00:00,2024-09,0,2,95715,95742,2647.48,2628.34,copied_horizon,-0.007229516370284128,-0.009229516370284128,-0.009222286853913844,allow_all,2024
allow_all|2024|55,94446,2024-09-13 11:15:00+00:00,-0.01157492558457218,long,4,0,93870,2024-09-07 11:00:00+00:00,2024-09,3,0,93871,93875,2284.44,2288.15,copied_horizon,0.0016240303969463632,-0.00037596960305363684,-0.00037759363345058307,allow_all,2024
allow_all|2024|55,94446,2024-09-13 11:15:00+00:00,-0.01157492558457218,long,4,1,95210,2024-09-21 10:00:00+00:00,2024-09,3,0,95211,95215,2550.15,2551.85,copied_horizon,0.0006666274532869387,-0.0013333725467130613,-0.0013340391741663484,allow_all,2024
allow_all|2024|55,94446,2024-09-13 11:15:00+00:00,-0.01157492558457218,long,4,2,94158,2024-09-10 11:00:00+00:00,2024-09,3,0,94159,94163,2347.5,2356.28,copied_horizon,0.0037401490947817084,0.0017401490947817084,0.0017364089456869268,allow_all,2024
allow_all|2024|56,94733,2024-09-16 11:00:00+00:00,-0.0009999999999999992,short,27,0,94942,2024-09-18 15:00:00+00:00,2024-09,3,1,94943,94956,2306.08,2346.86,stop,-0.017683688336918246,-0.019683688336918248,-0.019701372025255164,allow_all,2024
allow_all|2024|56,94733,2024-09-16 11:00:00+00:00,-0.0009999999999999992,short,27,1,93776,2024-09-06 11:30:00+00:00,2024-09,3,1,93777,93804,2372.6,2227.92,copied_horizon,0.06097951614262831,0.05897951614262831,0.05904049565877094,allow_all,2024
allow_all|2024|56,94733,2024-09-16 11:00:00+00:00,-0.0009999999999999992,short,27,2,93504,2024-09-03 15:30:00+00:00,2024-09,3,1,93505,93532,2445.95,2457.77,copied_horizon,-0.004832478178212973,-0.006832478178212973,-0.006837310656391186,allow_all,2024
allow_all|2024|57,95089,2024-09-20 04:00:00+00:00,-0.0010000000000001102,long,38,0,95755,2024-09-27 02:15:00+00:00,2024-09,1,1,95756,95794,2617.92,2650.8,copied_horizon,0.01255958929226253,0.01055958929226253,0.010547029702970266,allow_all,2024
allow_all|2024|57,95089,2024-09-20 04:00:00+00:00,-0.0010000000000001102,long,38,1,93628,2024-09-04 22:30:00+00:00,2024-09,1,1,93629,93646,2460.13,2421.13,stop,-0.01585282078589345,-0.017852820785893453,-0.01783696796510756,allow_all,2024
allow_all|2024|57,95089,2024-09-20 04:00:00+00:00,-0.0010000000000001102,long,38,2,94890,2024-09-18 02:00:00+00:00,2024-09,1,1,94891,94922,2328.04,2288.86,stop,-0.01682960773869857,-0.018829607738698573,-0.018812778130959874,allow_all,2024
allow_all|2024|58,95200,2024-09-21 07:45:00+00:00,-0.0010000000000001102,long,123,0,94907,2024-09-18 06:15:00+00:00,2024-09,2,0,94908,94921,2327.5,2297.39,stop,-0.012936627282492008,-0.014936627282492008,-0.014923690655209517,allow_all,2024
allow_all|2024|58,95200,2024-09-21 07:45:00+00:00,-0.0010000000000001102,long,123,1,93756,2024-09-06 06:30:00+00:00,2024-09,2,0,93757,93759,2376.06,2342.17,stop,-0.014263107833977218,-0.01626310783397722,-0.01624884472614324,allow_all,2024
allow_all|2024|58,95200,2024-09-21 07:45:00+00:00,-0.0010000000000001102,long,123,2,94526,2024-09-14 07:00:00+00:00,2024-09,2,0,94527,94570,2419.0,2396.88,stop,-0.009144274493592341,-0.011144274493592341,-0.01113513021909875,allow_all,2024
allow_all|2024|59,95365,2024-09-23 01:00:00+00:00,-0.0010000000000001102,long,149,0,93552,2024-09-04 03:30:00+00:00,2024-09,1,3,93553,93659,2375.54,2377.9155399999995,stop,0.0009999999999998899,-0.0010000000000001102,-0.0010010000000001099,allow_all,2024
allow_all|2024|59,95365,2024-09-23 01:00:00+00:00,-0.0010000000000001102,long,149,1,94698,2024-09-16 02:00:00+00:00,2024-09,1,3,94699,94748,2272.22,2274.4922199999996,stop,0.0009999999999998899,-0.0010000000000001102,-0.0010010000000001099,allow_all,2024
allow_all|2024|59,95365,2024-09-23 01:00:00+00:00,-0.0010000000000001102,long,149,2,95370,2024-09-23 02:00:00+00:00,2024-09,1,3,95371,95460,2621.61,2624.23161,stop,0.0009999999999998899,-0.0010000000000001102,-0.0010010000000001099,allow_all,2024
allow_all|2024|60,96035,2024-09-30 00:30:00+00:00,-0.0009999999999999992,short,22,0,93634,2024-09-05 00:00:00+00:00,2024-09,1,0,93635,93657,2454.69,2409.99,copied_horizon,0.018210038742163093,0.01621003874216309,0.016228248780905254,allow_all,2024
allow_all|2024|60,96035,2024-09-30 00:30:00+00:00,-0.0009999999999999992,short,22,1,95844,2024-09-28 00:30:00+00:00,2024-09,1,0,95845,95867,2695.47,2686.1,copied_horizon,0.0034762026659542755,0.0014762026659542755,0.00147967886862023,allow_all,2024
allow_all|2024|60,96035,2024-09-30 00:30:00+00:00,-0.0009999999999999992,short,22,2,95842,2024-09-28 00:00:00+00:00,2024-09,1,0,95843,95865,2698.81,2683.54,copied_horizon,0.005658049288390088,0.003658049288390088,0.003663707337678478,allow_all,2024
allow_all|2024|61,96266,2024-10-02 10:15:00+00:00,-0.0009999999999998881,short,401,0,97525,2024-10-15 12:45:00+00:00,2024-10,3,2,97526,97529,2602.3,2641.8700000000003,stop,-0.015205779502747596,-0.017205779502747598,-0.017220985282250342,allow_all,2024
allow_all|2024|61,96266,2024-10-02 10:15:00+00:00,-0.0009999999999998881,short,401,1,97427,2024-10-14 12:15:00+00:00,2024-10,3,2,97428,97435,2544.68,2587.95,stop,-0.0170041026769574,-0.019004102676957402,-0.019021106779634357,allow_all,2024
allow_all|2024|61,96266,2024-10-02 10:15:00+00:00,-0.0009999999999998881,short,401,2,96960,2024-10-09 15:30:00+00:00,2024-10,3,2,96961,97166,2461.63,2459.1683700000003,stop,0.0009999999999998899,-0.0010000000000001102,-0.0009990000000001105,allow_all,2024
allow_all|2024|62,96708,2024-10-07 00:45:00+00:00,-0.018306079884461646,long,38,0,97097,2024-10-11 01:45:00+00:00,2024-10,1,2,97098,97136,2407.36,2417.41,copied_horizon,0.004174697594044874,0.002174697594044874,0.002170522896450829,allow_all,2024
allow_all|2024|62,96708,2024-10-07 00:45:00+00:00,-0.018306079884461646,long,38,1,97098,2024-10-11 02:00:00+00:00,2024-10,1,2,97099,97137,2400.37,2417.89,copied_horizon,0.007298874756808349,0.005298874756808349,0.005291575882051541,allow_all,2024
allow_all|2024|62,96708,2024-10-07 00:45:00+00:00,-0.018306079884461646,long,38,2,97471,2024-10-14 23:15:00+00:00,2024-10,1,2,97472,97496,2635.8,2594.4700000000003,stop,-0.015680248880795222,-0.017680248880795224,-0.017664568631914426,allow_all,2024
allow_all|2024|63,96961,2024-10-09 16:00:00+00:00,-0.018202687988559063,long,9,0,97420,2024-10-14 10:30:00+00:00,2024-10,3,2,97421,97430,2542.74,2560.09,copied_horizon,0.0068233480418762316,0.0048233480418762315,0.004816524693834355,allow_all,2024
allow_all|2024|63,96961,2024-10-09 16:00:00+00:00,-0.018202687988559063,long,9,1,97524,2024-10-15 12:30:00+00:00,2024-10,3,2,97525,97532,2604.1,2606.7040999999995,stop,0.0009999999999998899,-0.0010000000000001102,-0.0010010000000001099,allow_all,2024
allow_all|2024|63,96961,2024-10-09 16:00:00+00:00,-0.018202687988559063,long,9,2,98765,2024-10-28 10:45:00+00:00,2024-10,3,2,98766,98775,2531.5,2529.01,copied_horizon,-0.0009836065573769481,-0.002983606557376948,-0.0029826229508195714,allow_all,2024
allow_all|2024|64,96971,2024-10-09 18:30:00+00:00,-0.0009999999999998881,short,158,0,96976,2024-10-09 19:30:00+00:00,2024-10,0,2,96977,97058,2419.39,2416.97061,stop,0.0010000000000000009,-0.0009999999999999992,-0.0009989999999999995,allow_all,2024
allow_all|2024|64,96971,2024-10-09 18:30:00+00:00,-0.0009999999999998881,short,158,1,98225,2024-10-22 19:45:00+00:00,2024-10,0,2,98226,98384,2628.0,2529.58,copied_horizon,0.03745053272450538,0.03545053272450538,0.035487983257229884,allow_all,2024
allow_all|2024|64,96971,2024-10-09 18:30:00+00:00,-0.0009999999999998881,short,158,2,97746,2024-10-17 20:00:00+00:00,2024-10,0,2,97747,97769,2598.69,2641.7400000000002,stop,-0.01656603904274845,-0.01856603904274845,-0.018582605081791197,allow_all,2024
allow_all|2024|65,97228,2024-10-12 10:45:00+00:00,-0.008543639191797457,long,114,0,97805,2024-10-18 10:45:00+00:00,2024-10,3,0,97806,97920,2627.3,2643.62,copied_horizon,0.006211700224564964,0.004211700224564964,0.0042054885243403995,allow_all,2024
allow_all|2024|65,97228,2024-10-12 10:45:00+00:00,-0.008543639191797457,long,114,1,98577,2024-10-26 11:45:00+00:00,2024-10,3,0,98578,98589,2472.64,2444.81,stop,-0.011255176653293564,-0.013255176653293564,-0.013243921476640271,allow_all,2024
allow_all|2024|65,97228,2024-10-12 10:45:00+00:00,-0.008543639191797457,long,114,2,96465,2024-10-04 11:45:00+00:00,2024-10,3,0,96466,96475,2385.8,2360.1200000000003,stop,-0.01076368513706083,-0.01276368513706083,-0.01275292145192377,allow_all,2024
allow_all|2024|66,97369,2024-10-13 22:00:00+00:00,0.05843459037605836,long,876,0,98691,2024-10-27 16:15:00+00:00,2024-10,0,0,98692,98786,2492.98,2495.4729799999996,stop,0.0009999999999998899,-0.0010000000000001102,-0.0010010000000001099,allow_all,2024
allow_all|2024|66,97369,2024-10-13 22:00:00+00:00,0.05843459037605836,long,876,1,98134,2024-10-21 21:00:00+00:00,2024-10,0,0,98135,98147,2680.3,2648.05,stop,-0.012032235197552477,-0.014032235197552477,-0.014020202962354924,allow_all,2024
allow_all|2024|66,97369,2024-10-13 22:00:00+00:00,0.05843459037605836,long,876,2,98035,2024-10-20 20:15:00+00:00,2024-10,0,0,98036,98088,2708.44,2711.14844,stop,0.0009999999999998899,-0.0010000000000001102,-0.0010010000000001099,allow_all,2024
allow_all|2024|67,98245,2024-10-23 01:00:00+00:00,0.03455280572237329,short,509,0,97660,2024-10-16 22:30:00+00:00,2024-10,1,0,97661,97728,2623.58,2620.95642,stop,0.0010000000000000009,-0.0009999999999999992,-0.0009989999999999995,allow_all,2024
allow_all|2024|67,98245,2024-10-23 01:00:00+00:00,0.03455280572237329,short,509,1,98147,2024-10-22 00:15:00+00:00,2024-10,1,0,98148,98657,2647.68,2481.24,copied_horizon,0.06286258158085567,0.06086258158085567,0.060925444162436525,allow_all,2024
allow_all|2024|67,98245,2024-10-23 01:00:00+00:00,0.03455280572237329,short,509,2,98435,2024-10-25 00:15:00+00:00,2024-10,1,0,98436,98470,2534.77,2532.23523,stop,0.001000000000000112,-0.0009999999999998881,-0.000998999999999888,allow_all,2024
allow_all|2024|68,98754,2024-10-28 08:15:00+00:00,-0.0010000000000001102,long,328,0,98373,2024-10-24 08:45:00+00:00,2024-10,2,1,98374,98437,2519.77,2522.28977,stop,0.0009999999999998899,-0.0010000000000001102,-0.0010010000000001099,allow_all,2024
allow_all|2024|68,98754,2024-10-28 08:15:00+00:00,-0.0010000000000001102,long,328,1,97593,2024-10-16 05:45:00+00:00,2024-10,2,1,97594,97739,2619.2,2581.98,stop,-0.01421044593769083,-0.01621044593769083,-0.016196235491753138,allow_all,2024
allow_all|2024|68,98754,2024-10-28 08:15:00+00:00,-0.0010000000000001102,long,328,2,96727,2024-10-07 05:15:00+00:00,2024-10,2,1,96728,96744,2487.07,2452.2400000000002,stop,-0.014004430916701116,-0.016004430916701118,-0.015990426485784415,allow_all,2024
allow_all|2024|69,99432,2024-11-04 09:45:00+00:00,-0.0009999999999999992,short,114,0,99517,2024-11-05 06:45:00+00:00,2024-11,2,1,99518,99547,2430.48,2464.31,stop,-0.013919061255389886,-0.015919061255389888,-0.015932980316645275,allow_all,2024
allow_all|2024|69,99432,2024-11-04 09:45:00+00:00,-0.0009999999999999992,short,114,1,99518,2024-11-05 07:00:00+00:00,2024-11,2,1,99519,99547,2430.58,2463.2599999999998,stop,-0.013445350492474972,-0.015445350492474972,-0.015458795842967447,allow_all,2024
allow_all|2024|69,99432,2024-11-04 09:45:00+00:00,-0.0009999999999999992,short,114,2,99424,2024-11-04 07:30:00+00:00,2024-11,2,1,99425,99539,2462.59,2437.79,copied_horizon,0.010070697923730831,0.008070697923730831,0.008080768621654563,allow_all,2024
allow_all|2024|70,99571,2024-11-05 20:30:00+00:00,-0.026319322201201034,short,17,0,100907,2024-11-19 18:15:00+00:00,2024-11,0,4,100908,100925,3140.34,3093.27,copied_horizon,0.014988822866313867,0.012988822866313867,0.01300381168918018,allow_all,2024
allow_all|2024|70,99571,2024-11-05 20:30:00+00:00,-0.026319322201201034,short,17,1,100232,2024-11-12 17:30:00+00:00,2024-11,0,4,100233,100250,3254.1,3265.0,copied_horizon,-0.003349620478780624,-0.005349620478780624,-0.005352970099259405,allow_all,2024
allow_all|2024|70,99571,2024-11-05 20:30:00+00:00,-0.026319322201201034,short,17,2,100718,2024-11-17 19:00:00+00:00,2024-11,0,4,100719,100736,3088.19,3071.83,copied_horizon,0.005297601507679328,0.003297601507679328,0.0033028991091870073,allow_all,2024
allow_all|2024|71,99590,2024-11-06 01:15:00+00:00,0.2656575036169935,long,809,0,101796,2024-11-29 00:30:00+00:00,2024-11,1,4,101797,101869,3575.03,3578.6050299999997,stop,0.0009999999999998899,-0.0010000000000001102,-0.0010010000000001099,allow_all,2024
allow_all|2024|71,99590,2024-11-06 01:15:00+00:00,0.2656575036169935,long,809,1,100739,2024-11-18 00:15:00+00:00,2024-11,1,4,100740,100782,3092.39,3095.4823899999997,stop,0.0009999999999998899,-0.0010000000000001102,-0.0010010000000001099,allow_all,2024
allow_all|2024|71,99590,2024-11-06 01:15:00+00:00,0.2656575036169935,long,809,2,101117,2024-11-21 22:45:00+00:00,2024-11,1,4,101118,101142,3371.93,3375.3019299999996,stop,0.0009999999999998899,-0.0010000000000001102,-0.0010010000000001099,allow_all,2024
allow_all|2024|72,100399,2024-11-14 11:30:00+00:00,-0.0009999999999999992,short,21,0,101168,2024-11-22 11:30:00+00:00,2024-11,3,4,101169,101190,3337.0,3316.11,copied_horizon,0.006260113874737794,0.004260113874737794,0.004266373988612532,allow_all,2024
allow_all|2024|72,100399,2024-11-14 11:30:00+00:00,-0.0009999999999999992,short,21,1,99552,2024-11-05 15:30:00+00:00,2024-11,3,4,99553,99574,2447.48,2427.26,copied_horizon,0.008261558827855509,0.0062615588278555085,0.006269820386683365,allow_all,2024
allow_all|2024|72,100399,2024-11-14 11:30:00+00:00,-0.0009999999999999992,short,21,2,101843,2024-11-29 12:15:00+00:00,2024-11,3,4,101844,101853,3588.0,3637.59,stop,-0.01382107023411372,-0.01582107023411372,-0.015834891304347832,allow_all,2024
allow_all|2024|73,101806,2024-11-29 03:15:00+00:00,-0.0010000000000001102,long,52,0,99503,2024-11-05 03:15:00+00:00,2024-11,1,4,99504,99556,2418.47,2454.41,copied_horizon,0.01486063502958479,0.01286063502958479,0.012845774394555205,allow_all,2024
allow_all|2024|73,101806,2024-11-29 03:15:00+00:00,-0.0010000000000001102,long,52,1,99694,2024-11-07 03:00:00+00:00,2024-11,1,4,99695,99747,2858.65,2831.98,copied_horizon,-0.009329578647263581,-0.011329578647263581,-0.011320249068616318,allow_all,2024
allow_all|2024|73,101806,2024-11-29 03:15:00+00:00,-0.0010000000000001102,long,52,2,100935,2024-11-20 01:15:00+00:00,2024-11,1,4,100936,100988,3105.77,3108.8757699999996,stop,0.0009999999999998899,-0.0010000000000001102,-0.0010010000000001099,allow_all,2024
allow_all|2024|74,101881,2024-11-29 22:00:00+00:00,-0.0010000000000001102,long,234,0,101864,2024-11-29 17:30:00+00:00,2024-11,0,4,101865,102099,3590.18,3675.24,copied_horizon,0.02369240539471562,0.02169240539471562,0.021668712989320906,allow_all,2024
allow_all|2024|74,101881,2024-11-29 22:00:00+00:00,-0.0010000000000001102,long,234,1,101785,2024-11-28 21:45:00+00:00,2024-11,0,4,101786,101869,3572.61,3576.18261,stop,0.0009999999999998899,-0.0010000000000001102,-0.0010010000000001099,allow_all,2024
allow_all|2024|74,101881,2024-11-29 22:00:00+00:00,-0.0010000000000001102,long,234,2,100152,2024-11-11 21:30:00+00:00,2024-11,0,4,100153,100163,3333.98,3337.3139799999994,stop,0.0009999999999998899,-0.0010000000000001102,-0.0010010000000001099,allow_all,2024
allow_all|2024|75,102153,2024-12-02 18:00:00+00:00,-0.03012621759276124,short,50,0,103788,2024-12-19 18:30:00+00:00,2024-12,0,4,103789,103839,3474.68,3409.53,copied_horizon,0.018749928050928344,0.016749928050928342,0.016768677978979272,allow_all,2024
allow_all|2024|75,102153,2024-12-02 18:00:00+00:00,-0.03012621759276124,short,50,1,102915,2024-12-10 16:15:00+00:00,2024-12,0,4,102916,102923,3576.81,3573.23319,stop,0.0010000000000000009,-0.0009999999999999992,-0.0009989999999999995,allow_all,2024
allow_all|2024|75,102153,2024-12-02 18:00:00+00:00,-0.03012621759276124,short,50,2,103894,2024-12-20 21:00:00+00:00,2024-12,0,4,103895,103929,3399.99,3501.99,stop,-0.030000088235553557,-0.03200008823555356,-0.03203008832378911,allow_all,2024
allow_all|2024|76,102213,2024-12-03 09:00:00+00:00,-0.0009999999999999992,short,47,0,103157,2024-12-13 04:45:00+00:00,2024-12,2,2,103158,103205,3917.61,3912.19,copied_horizon,0.0013834965706132074,-0.0006165034293867926,-0.0006151199328161792,allow_all,2024
allow_all|2024|76,102213,2024-12-03 09:00:00+00:00,-0.0009999999999999992,short,47,1,102502,2024-12-06 09:00:00+00:00,2024-12,2,2,102503,102525,3871.08,3941.98,stop,-0.018315302189569893,-0.020315302189569895,-0.02033361749175946,allow_all,2024
allow_all|2024|76,102213,2024-12-03 09:00:00+00:00,-0.0009999999999999992,short,47,2,103166,2024-12-13 07:00:00+00:00,2024-12,2,2,103167,103198,3883.75,3955.65,stop,-0.018513035082072804,-0.020513035082072806,-0.020531548117154876,allow_all,2024
allow_all|2024|77,103155,2024-12-13 04:30:00+00:00,-0.02176731454296843,long,131,0,103743,2024-12-19 07:15:00+00:00,2024-12,2,3,103744,103774,3691.0,3609.97,stop,-0.021953400162557646,-0.023953400162557648,-0.023931446762395087,allow_all,2024
allow_all|2024|77,103155,2024-12-13 04:30:00+00:00,-0.02176731454296843,long,131,1,103066,2024-12-12 06:00:00+00:00,2024-12,2,3,103067,103096,3919.18,3923.0991799999993,stop,0.0009999999999998899,-0.0010000000000001102,-0.0010010000000001099,allow_all,2024
allow_all|2024|77,103155,2024-12-13 04:30:00+00:00,-0.02176731454296843,long,131,2,102790,2024-12-09 09:00:00+00:00,2024-12,2,3,102791,102815,3886.59,3890.4765899999998,stop,0.0009999999999998899,-0.0010000000000001102,-0.0010010000000001099,allow_all,2024
allow_all|2024|78,103425,2024-12-16 00:00:00+00:00,-0.0010000000000001102,long,9,0,103142,2024-12-13 01:00:00+00:00,2024-12,1,3,103143,103152,3877.61,3941.42,copied_horizon,0.016456012853278246,0.014456012853278246,0.014439556840424968,allow_all,2024
allow_all|2024|78,103425,2024-12-16 00:00:00+00:00,-0.0010000000000001102,long,9,1,103439,2024-12-16 03:15:00+00:00,2024-12,1,3,103440,103449,3962.82,3967.03,copied_horizon,0.0010623747735198918,-0.0009376252264801082,-0.0009386876012536282,allow_all,2024
allow_all|2024|78,103425,2024-12-16 00:00:00+00:00,-0.0010000000000001102,long,9,2,102288,2024-12-04 03:30:00+00:00,2024-12,1,3,102289,102298,3671.0,3670.29,copied_horizon,-0.00019340779079268788,-0.002193407790792688,-0.002193214383001895,allow_all,2024
allow_all|2024|79,103534,2024-12-17 03:15:00+00:00,-0.022206216340592833,long,48,0,103914,2024-12-21 02:00:00+00:00,2024-12,1,3,103915,103942,3463.97,3467.4339699999996,stop,0.0009999999999998899,-0.0010000000000001102,-0.0010010000000001099,allow_all,2024
allow_all|2024|79,103534,2024-12-17 03:15:00+00:00,-0.022206216340592833,long,48,1,103517,2024-12-16 22:45:00+00:00,2024-12,1,3,103518,103526,4030.89,3944.96,stop,-0.021317872727859122,-0.023317872727859124,-0.02329655485513126,allow_all,2024
allow_all|2024|79,103534,2024-12-17 03:15:00+00:00,-0.022206216340592833,long,48,2,103535,2024-12-17 03:15:00+00:00,2024-12,1,3,103536,103583,4031.81,3951.98,stop,-0.019800040180464884,-0.021800040180464886,-0.02178024014028442,allow_all,2024
allow_all|2024|80,103678,2024-12-18 15:15:00+00:00,0.08822119045022303,short,708,0,103093,2024-12-12 12:45:00+00:00,2024-12,3,2,103094,103198,3956.45,3952.4935499999997,stop,0.0010000000000000009,-0.0009999999999999992,-0.0009989999999999995,allow_all,2024
allow_all|2024|80,103678,2024-12-18 15:15:00+00:00,0.08822119045022303,short,708,1,103090,2024-12-12 12:00:00+00:00,2024-12,3,2,103091,103148,3927.36,3923.43264,stop,0.0010000000000000009,-0.0009999999999999992,-0.0009989999999999995,allow_all,2024
allow_all|2024|80,103678,2024-12-18 15:15:00+00:00,0.08822119045022303,short,708,2,103681,2024-12-18 15:45:00+00:00,2024-12,3,2,103682,104390,3868.0,3469.83,copied_horizon,0.1029395036194416,0.1009395036194416,0.10104244312306104,allow_all,2024
allow_all|2024|81,104386,2024-12-26 00:15:00+00:00,-0.017504318489299453,long,15,0,104583,2024-12-28 01:15:00+00:00,2024-12,1,0,104584,104599,3329.69,3348.54,copied_horizon,0.0056611876781320625,0.0036611876781320624,0.00365552649045393,allow_all,2024
allow_all|2024|81,104386,2024-12-26 00:15:00+00:00,-0.017504318489299453,long,15,1,103236,2024-12-14 00:30:00+00:00,2024-12,1,0,103237,103252,3912.97,3910.5,copied_horizon,-0.0006312340753953372,-0.002631234075395337,-0.0026306028413199418,allow_all,2024
allow_all|2024|81,104386,2024-12-26 00:15:00+00:00,-0.017504318489299453,long,15,2,104589,2024-12-28 02:45:00+00:00,2024-12,1,0,104590,104605,3327.22,3342.3,copied_horizon,0.004532312260686178,0.0025323122606861776,0.0025277799484254918,allow_all,2024
allow_all|2024|82,104858,2024-12-30 22:15:00+00:00,-0.028032179039654048,short,60,0,103633,2024-12-18 03:45:00+00:00,2024-12,1,3,103634,103694,3849.68,3862.19,copied_horizon,-0.003249620747698634,-0.005249620747698634,-0.005252870368446332,allow_all,2024
allow_all|2024|82,104858,2024-12-30 22:15:00+00:00,-0.028032179039654048,short,60,1,103136,2024-12-12 23:30:00+00:00,2024-12,1,3,103137,103197,3874.07,3951.85,copied_horizon,-0.02007707656289126,-0.022077076562891262,-0.02209715363945415,allow_all,2024
allow_all|2024|82,104858,2024-12-30 22:15:00+00:00,-0.028032179039654048,short,60,2,103148,2024-12-13 02:30:00+00:00,2024-12,1,3,103149,103209,3918.4,3940.08,copied_horizon,-0.005532870559411984,-0.007532870559411984,-0.007538403429971396,allow_all,2024
atr_pct_ratio96_gte_1|2023|0,35167,2023-01-04 23:30:00+00:00,-0.013688229022453589,long,142,0,35171,2023-01-05 00:15:00+00:00,2023-01,1,2,35172,35228,1256.93,1243.76,stop,-0.01047791046438551,-0.01247791046438551,-0.012467432553921125,atr_pct_ratio96_gte_1,2023
atr_pct_ratio96_gte_1|2023|0,35167,2023-01-04 23:30:00+00:00,-0.013688229022453589,long,142,1,35760,2023-01-11 03:30:00+00:00,2023-01,1,2,35761,35903,1330.65,1383.53,copied_horizon,0.03973997670311502,0.03773997670311502,0.03770023672641191,atr_pct_ratio96_gte_1,2023
atr_pct_ratio96_gte_1|2023|0,35167,2023-01-04 23:30:00+00:00,-0.013688229022453589,long,142,2,35748,2023-01-11 00:30:00+00:00,2023-01,1,2,35749,35808,1336.43,1322.66,stop,-0.010303569958770686,-0.012303569958770686,-0.012293266388811916,atr_pct_ratio96_gte_1,2023
atr_pct_ratio96_gte_1|2023|1,35328,2023-01-06 15:45:00+00:00,-0.0010000000000001102,long,131,0,35605,2023-01-09 12:45:00+00:00,2023-01,3,3,35606,35636,1320.13,1321.45013,stop,0.0009999999999998899,-0.0010000000000001102,-0.0010010000000001099,atr_pct_ratio96_gte_1,2023
atr_pct_ratio96_gte_1|2023|1,35328,2023-01-06 15:45:00+00:00,-0.0010000000000001102,long,131,1,37042,2023-01-24 12:00:00+00:00,2023-01,3,3,37043,37052,1622.22,1604.48,stop,-0.010935631418673153,-0.012935631418673153,-0.01292469578725448,atr_pct_ratio96_gte_1,2023
atr_pct_ratio96_gte_1|2023|1,35328,2023-01-06 15:45:00+00:00,-0.0010000000000001102,long,131,2,35604,2023-01-09 12:30:00+00:00,2023-01,3,3,35605,35636,1318.51,1319.8285099999998,stop,0.0009999999999998899,-0.0010000000000001102,-0.0010010000000001099,atr_pct_ratio96_gte_1,2023
atr_pct_ratio96_gte_1|2023|2,35914,2023-01-12 18:15:00+00:00,0.10605383735053953,long,1842,0,37560,2023-01-29 21:30:00+00:00,2023-01,0,4,37561,37606,1648.11,1612.9799999999998,stop,-0.021315324826619686,-0.023315324826619688,-0.023294009501793066,atr_pct_ratio96_gte_1,2023
atr_pct_ratio96_gte_1|2023|2,35914,2023-01-12 18:15:00+00:00,0.10605383735053953,long,1842,1,35330,2023-01-06 16:00:00+00:00,2023-01,0,4,35331,37173,1259.89,1580.64,copied_horizon,0.25458571780076045,0.25258571780076045,0.2523311320829597,atr_pct_ratio96_gte_1,2023
atr_pct_ratio96_gte_1|2023|2,35914,2023-01-12 18:15:00+00:00,0.10605383735053953,long,1842,2,37561,2023-01-29 21:45:00+00:00,2023-01,0,4,37562,37606,1643.96,1609.5900000000001,stop,-0.02090683471617305,-0.022906834716173052,-0.022885927881456877,atr_pct_ratio96_gte_1,2023
atr_pct_ratio96_gte_1|2023|3,37756,2023-01-31 22:45:00+00:00,-0.01860129642185049,short,83,0,36027,2023-01-13 22:15:00+00:00,2023-01,1,4,36028,36036,1461.32,1494.59,stop,-0.022767087290942456,-0.024767087290942458,-0.0247898543782334,atr_pct_ratio96_gte_1,2023
atr_pct_ratio96_gte_1|2023|3,37756,2023-01-31 22:45:00+00:00,-0.01860129642185049,short,83,1,35837,2023-01-11 22:45:00+00:00,2023-01,1,4,35838,35839,1349.01,1371.11,stop,-0.016382384118724058,-0.01838238411872406,-0.01839876650284278,atr_pct_ratio96_gte_1,2023
atr_pct_ratio96_gte_1|2023|3,37756,2023-01-31 22:45:00+00:00,-0.01860129642185049,short,83,2,37086,2023-01-24 23:00:00+00:00,2023-01,1,4,37087,37118,1559.82,1558.26018,stop,0.0010000000000000009,-0.0009999999999999992,-0.0009989999999999995,atr_pct_ratio96_gte_1,2023
atr_pct_ratio96_gte_1|2023|4,38335,2023-02-06 23:30:00+00:00,-0.019925839517510147,short,38,0,39962,2023-02-23 22:00:00+00:00,2023-02,1,3,39963,40001,1640.08,1651.63,copied_horizon,-0.007042339398078301,-0.009042339398078301,-0.009049381737476379,atr_pct_ratio96_gte_1,2023
atr_pct_ratio96_gte_1|2023|4,38335,2023-02-06 23:30:00+00:00,-0.019925839517510147,short,38,1,38339,2023-02-07 00:15:00+00:00,2023-02,1,3,38340,38378,1621.66,1643.87,copied_horizon,-0.01369584253172662,-0.015695842531726623,-0.01570953837425835,atr_pct_ratio96_gte_1,2023
atr_pct_ratio96_gte_1|2023|4,38335,2023-02-06 23:30:00+00:00,-0.019925839517510147,short,38,2,39974,2023-02-24 01:00:00+00:00,2023-02,1,3,39975,40013,1660.5,1649.21,copied_horizon,0.006799156880457624,0.004799156880457624,0.0048059560373380815,atr_pct_ratio96_gte_1,2023
atr_pct_ratio96_gte_1|2023|5,38598,2023-02-09 17:15:00+00:00,-0.0009999999999999992,short,585,0,38698,2023-02-10 18:00:00+00:00,2023-02,0,3,38699,38734,1523.58,1522.05642,stop,0.0010000000000000009,-0.0009999999999999992,-0.0009989999999999995,atr_pct_ratio96_gte_1,2023
atr_pct_ratio96_gte_1|2023|5,38598,2023-02-09 17:15:00+00:00,-0.0009999999999999992,short,585,1,39170,2023-02-15 16:00:00+00:00,2023-02,0,3,39171,39183,1582.78,1612.1399999999999,stop,-0.018549640505945098,-0.0205496405059451,-0.020568190146451042,atr_pct_ratio96_gte_1,2023
atr_pct_ratio96_gte_1|2023|5,38598,2023-02-09 17:15:00+00:00,-0.0009999999999999992,short,585,2,39180,2023-02-15 18:30:00+00:00,2023-02,0,3,39181,39183,1587.37,1612.2399999999998,stop,-0.01566742473399385,-0.017667424733993853,-0.017683092158727844,atr_pct_ratio96_gte_1,2023
atr_pct_ratio96_gte_1|2023|6,39267,2023-02-16 16:30:00+00:00,-0.03200046738800211,long,24,0,37932,2023-02-02 18:30:00+00:00,2023-02,0,4,37933,37936,1707.3,1667.06,stop,-0.023569378550928333,-0.025569378550928334,-0.025545809172377403,atr_pct_ratio96_gte_1,2023
atr_pct_ratio96_gte_1|2023|6,39267,2023-02-16 16:30:00+00:00,-0.03200046738800211,long,24,1,38021,2023-02-03 16:45:00+00:00,2023-02,0,4,38022,38046,1657.17,1665.9,copied_horizon,0.005268017161787819,0.003268017161787819,0.0032627491446260313,atr_pct_ratio96_gte_1,2023
atr_pct_ratio96_gte_1|2023|6,39267,2023-02-16 16:30:00+00:00,-0.03200046738800211,long,24,2,39187,2023-02-15 20:15:00+00:00,2023-02,0,4,39188,39212,1646.5,1693.82,copied_horizon,0.028739750986942036,0.026739750986942035,0.026711011235955096,atr_pct_ratio96_gte_1,2023
atr_pct_ratio96_gte_1|2023|7,39923,2023-02-23 12:30:00+00:00,-0.018728126863582606,short,3,0,39636,2023-02-20 12:30:00+00:00,2023-02,3,3,39637,39640,1707.7,1706.1,copied_horizon,0.0009369327165194008,-0.0010630672834805992,-0.0010621303507640798,atr_pct_ratio96_gte_1,2023
atr_pct_ratio96_gte_1|2023|7,39923,2023-02-23 12:30:00+00:00,-0.018728126863582606,short,3,1,39743,2023-02-21 15:15:00+00:00,2023-02,3,3,39744,39747,1666.63,1666.05,copied_horizon,0.00034800765616849194,-0.001651992343831508,-0.0016516443361753396,atr_pct_ratio96_gte_1,2023
atr_pct_ratio96_gte_1|2023|7,39923,2023-02-23 12:30:00+00:00,-0.018728126863582606,short,3,2,39742,2023-02-21 15:00:00+00:00,2023-02,3,3,39743,39746,1667.56,1669.54,copied_horizon,-0.0011873635731247667,-0.0031873635731247667,-0.0031885509366978916,atr_pct_ratio96_gte_1,2023
atr_pct_ratio96_gte_1|2023|8,40648,2023-03-03 01:45:00+00:00,-0.0009999999999999992,short,438,0,42271,2023-03-19 23:15:00+00:00,2023-03,1,4,42272,42421,1808.04,1806.23196,stop,0.0009999999999998899,-0.0010000000000001102,-0.0009990000000001105,atr_pct_ratio96_gte_1,2023
atr_pct_ratio96_gte_1|2023|8,40648,2023-03-03 01:45:00+00:00,-0.0009999999999999992,short,438,1,41611,2023-03-13 02:15:00+00:00,2023-03,1,4,41612,41654,1590.92,1589.32908,stop,0.001000000000000112,-0.0009999999999998881,-0.000998999999999888,atr_pct_ratio96_gte_1,2023
atr_pct_ratio96_gte_1|2023|8,40648,2023-03-03 01:45:00+00:00,-0.0009999999999999992,short,438,2,41807,2023-03-15 03:15:00+00:00,2023-03,1,4,41808,41844,1700.3,1698.5997,stop,0.0010000000000000009,-0.0009999999999999992,-0.0009989999999999995,atr_pct_ratio96_gte_1,2023
atr_pct_ratio96_gte_1|2023|9,41197,2023-03-08 19:00:00+00:00,0.025229013382770393,short,378,0,41571,2023-03-12 16:15:00+00:00,2023-03,0,1,41572,41575,1461.92,1483.02,stop,-0.01443307431323193,-0.016433074313231932,-0.016447507387545163,atr_pct_ratio96_gte_1,2023
atr_pct_ratio96_gte_1|2023|9,41197,2023-03-08 19:00:00+00:00,0.025229013382770393,short,378,1,40706,2023-03-03 16:00:00+00:00,2023-03,0,1,40707,40839,1566.04,1586.76,stop,-0.013230824244591544,-0.015230824244591544,-0.015244055068836136,atr_pct_ratio96_gte_1,2023
atr_pct_ratio96_gte_1|2023|9,41197,2023-03-08 19:00:00+00:00,0.025229013382770393,short,378,2,41198,2023-03-08 19:00:00+00:00,2023-03,0,1,41199,41577,1551.56,1516.3,copied_horizon,0.02272551496558306,0.02072551496558306,0.020748240480548644,atr_pct_ratio96_gte_1,2023
atr_pct_ratio96_gte_1|2023|10,41575,2023-03-12 17:30:00+00:00,0.22079131015954312,long,4086,0,42050,2023-03-17 16:00:00+00:00,2023-03,0,4,42051,42398,1720.94,1722.6609399999998,stop,0.0009999999999998899,-0.0010000000000001102,-0.0010010000000001099,atr_pct_ratio96_gte_1,2023
atr_pct_ratio96_gte_1|2023|10,41575,2023-03-12 17:30:00+00:00,0.22079131015954312,long,4086,1,41784,2023-03-14 21:30:00+00:00,2023-03,0,4,41785,41852,1697.51,1646.58,stop,-0.030002768761303367,-0.03200276876130337,-0.03197276599254206,atr_pct_ratio96_gte_1,2023
atr_pct_ratio96_gte_1|2023|10,41575,2023-03-12 17:30:00+00:00,0.22079131015954312,long,4086,2,43016,2023-03-27 17:30:00+00:00,2023-03,0,4,43017,47103,1713.04,1841.97,copied_horizon,0.07526385840377348,0.07326385840377347,0.0731885945453697,atr_pct_ratio96_gte_1,2023
atr_pct_ratio96_gte_1|2023|11,45661,2023-04-24 07:00:00+00:00,-0.015794260418752426,short,29,0,44982,2023-04-17 05:00:00+00:00,2023-04,2,2,44983,45012,2098.51,2079.39,copied_horizon,0.009111226536923978,0.0071112265369239775,0.007120337763460901,atr_pct_ratio96_gte_1,2023
atr_pct_ratio96_gte_1|2023|11,45661,2023-04-24 07:00:00+00:00,-0.015794260418752426,short,29,1,44402,2023-04-11 04:00:00+00:00,2023-04,2,2,44403,44432,1919.32,1916.25,copied_horizon,0.0015995248317112187,-0.0004004751682887813,-0.0003988756434570701,atr_pct_ratio96_gte_1,2023
atr_pct_ratio96_gte_1|2023|11,45661,2023-04-24 07:00:00+00:00,-0.015794260418752426,short,29,2,45283,2023-04-20 08:15:00+00:00,2023-04,2,2,45284,45306,1955.85,1983.1699999999998,stop,-0.013968351356187902,-0.015968351356187904,-0.01598231970754409,atr_pct_ratio96_gte_1,2023
atr_pct_ratio96_gte_1|2023|12,47659,2023-05-15 02:30:00+00:00,-0.018036064692687814,long,227,0,46977,2023-05-07 23:45:00+00:00,2023-05,1,3,46978,47013,1870.59,1835.6,stop,-0.0187053282654136,-0.020705328265413603,-0.020686622937148187,atr_pct_ratio96_gte_1,2023
atr_pct_ratio96_gte_1|2023|12,47659,2023-05-15 02:30:00+00:00,-0.018036064692687814,long,227,1,48617,2023-05-25 01:45:00+00:00,2023-05,1,3,48618,48845,1776.79,1826.71,copied_horizon,0.028095610623652734,0.026095610623652732,0.02606751501302908,atr_pct_ratio96_gte_1,2023
atr_pct_ratio96_gte_1|2023|12,47659,2023-05-15 02:30:00+00:00,-0.018036064692687814,long,227,2,46799,2023-05-06 03:15:00+00:00,2023-05,1,3,46800,46818,1972.22,1941.14,stop,-0.015758890995933528,-0.01775889099593353,-0.017743132104937595,atr_pct_ratio96_gte_1,2023
atr_pct_ratio96_gte_1|2023|13,49165,2023-05-30 19:00:00+00:00,-0.014249326470495703,long,28,0,46562,2023-05-03 16:00:00+00:00,2023-05,0,1,46563,46591,1852.78,1903.46,copied_horizon,0.027353490430596317,0.025353490430596315,0.025326136940165722,atr_pct_ratio96_gte_1,2023
atr_pct_ratio96_gte_1|2023|13,49165,2023-05-30 19:00:00+00:00,-0.014249326470495703,long,28,1,48106,2023-05-19 18:00:00+00:00,2023-05,0,1,48107,48135,1819.27,1810.53,copied_horizon,-0.0048041247313482804,-0.0068041247313482805,-0.006799320606616932,atr_pct_ratio96_gte_1,2023
atr_pct_ratio96_gte_1|2023|13,49165,2023-05-30 19:00:00+00:00,-0.014249326470495703,long,28,2,47812,2023-05-16 16:30:00+00:00,2023-05,0,1,47813,47841,1821.93,1824.5,copied_horizon,0.0014105920644591485,-0.0005894079355408515,-0.0005908185276053105,atr_pct_ratio96_gte_1,2023
atr_pct_ratio96_gte_1|2023|14,49443,2023-06-02 16:30:00+00:00,-0.013160229769436425,long,235,0,49448,2023-06-02 17:30:00+00:00,2023-06,0,2,49449,49677,1891.42,1872.5800000000002,stop,-0.009960770214970771,-0.011960770214970771,-0.0119508094447558,atr_pct_ratio96_gte_1,2023
atr_pct_ratio96_gte_1|2023|14,49443,2023-06-02 16:30:00+00:00,-0.013160229769436425,long,235,1,50521,2023-06-13 21:45:00+00:00,2023-06,0,2,50522,50610,1739.1,1720.6499999999999,stop,-0.010608935656373997,-0.012608935656373997,-0.012598326720717623,atr_pct_ratio96_gte_1,2023
atr_pct_ratio96_gte_1|2023|14,49443,2023-06-02 16:30:00+00:00,-0.013160229769436425,long,235,2,49444,2023-06-02 16:30:00+00:00,2023-06,0,2,49445,49677,1891.68,1871.22,stop,-0.010815782796244622,-0.012815782796244622,-0.012804967013448377,atr_pct_ratio96_gte_1,2023
atr_pct_ratio96_gte_1|2023|15,51083,2023-06-19 18:30:00+00:00,-0.01836008277765011,long,1,0,51469,2023-06-23 18:45:00+00:00,2023-06,0,4,51470,51471,1908.65,1909.12,copied_horizon,0.0002462473476017024,-0.0017537526523982976,-0.0017539988997458994,atr_pct_ratio96_gte_1,2023
atr_pct_ratio96_gte_1|2023|15,51083,2023-06-19 18:30:00+00:00,-0.01836008277765011,long,1,1,50791,2023-06-16 17:15:00+00:00,2023-06,0,4,50792,50793,1697.16,1698.32,copied_horizon,0.0006834947795140156,-0.0013165052204859844,-0.0013171887152654983,atr_pct_ratio96_gte_1,2023
atr_pct_ratio96_gte_1|2023|15,51083,2023-06-19 18:30:00+00:00,-0.01836008277765011,long,1,2,52130,2023-06-30 16:00:00+00:00,2023-06,0,4,52131,52132,1855.23,1885.79,copied_horizon,0.016472351137055696,0.014472351137055696,0.014455878785918641,atr_pct_ratio96_gte_1,2023
atr_pct_ratio96_gte_1|2023|16,51174,2023-06-20 17:15:00+00:00,0.05686319350396296,long,575,0,52037,2023-06-29 16:45:00+00:00,2023-06,0,3,52038,52120,1851.06,1852.9110599999997,stop,0.0009999999999998899,-0.0010000000000001102,-0.0010010000000001099,atr_pct_ratio96_gte_1,2023
atr_pct_ratio96_gte_1|2023|16,51174,2023-06-20 17:15:00+00:00,0.05686319350396296,long,575,1,51665,2023-06-25 19:45:00+00:00,2023-06,0,3,51666,51686,1894.99,1868.65,stop,-0.013899809497675442,-0.015899809497675443,-0.015885909688177765,atr_pct_ratio96_gte_1,2023
atr_pct_ratio96_gte_1|2023|16,51174,2023-06-20 17:15:00+00:00,0.05686319350396296,long,575,2,52050,2023-06-29 20:00:00+00:00,2023-06,0,3,52051,52120,1850.92,1852.77092,stop,0.0009999999999998899,-0.0010000000000001102,-0.0010010000000001099,atr_pct_ratio96_gte_1,2023
atr_pct_ratio96_gte_1|2023|17,51749,2023-06-26 17:00:00+00:00,-0.023192660550458655,short,84,0,49828,2023-06-06 16:30:00+00:00,2023-06,0,4,49829,49831,1846.94,1876.78,stop,-0.01615645337693694,-0.018156453376936943,-0.01817260983031388,atr_pct_ratio96_gte_1,2023
atr_pct_ratio96_gte_1|2023|17,51749,2023-06-26 17:00:00+00:00,-0.023192660550458655,short,84,1,51273,2023-06-21 17:45:00+00:00,2023-06,0,4,51274,51308,1872.5,1928.1,stop,-0.029692923898531287,-0.03169292389853129,-0.03172261682242982,atr_pct_ratio96_gte_1,2023
atr_pct_ratio96_gte_1|2023|17,51749,2023-06-26 17:00:00+00:00,-0.023192660550458655,short,84,2,51459,2023-06-23 16:15:00+00:00,2023-06,0,4,51460,51540,1908.19,1906.28181,stop,0.0010000000000000009,-0.0009999999999999992,-0.0009989999999999995,atr_pct_ratio96_gte_1,2023
atr_pct_ratio96_gte_1|2023|18,52137,2023-06-30 18:00:00+00:00,-0.0010000000000001102,long,210,0,49924,2023-06-07 16:30:00+00:00,2023-06,0,4,49925,50135,1842.47,1835.7,copied_horizon,-0.0036744153229089083,-0.005674415322908908,-0.005670740907586,atr_pct_ratio96_gte_1,2023
atr_pct_ratio96_gte_1|2023|18,52137,2023-06-30 18:00:00+00:00,-0.0010000000000001102,long,210,1,51848,2023-06-27 17:30:00+00:00,2023-06,0,4,51849,51885,1897.8,1862.11,stop,-0.018805985878385556,-0.020805985878385558,-0.02078717989250717,atr_pct_ratio96_gte_1,2023
atr_pct_ratio96_gte_1|2023|18,52137,2023-06-30 18:00:00+00:00,-0.0010000000000001102,long,210,2,49927,2023-06-07 17:15:00+00:00,2023-06,0,4,49928,50138,1842.04,1837.27,copied_horizon,-0.002589520314433935,-0.004589520314433935,-0.004586930794119501,atr_pct_ratio96_gte_1,2023
atr_pct_ratio96_gte_1|2023|19,53016,2023-07-09 21:45:00+00:00,-0.005210290049705966,long,3,0,54547,2023-07-25 20:15:00+00:00,2023-07,0,0,54548,54551,1859.44,1864.27,copied_horizon,0.0025975562534956698,0.0005975562534956697,0.0005949586972421742,atr_pct_ratio96_gte_1,2023
atr_pct_ratio96_gte_1|2023|19,53016,2023-07-09 21:45:00+00:00,-0.005210290049705966,long,3,1,53205,2023-07-11 20:45:00+00:00,2023-07,0,0,53206,53209,1873.8,1875.62,copied_horizon,0.0009712882911729892,-0.0010287117088270108,-0.0010296829971181837,atr_pct_ratio96_gte_1,2023
atr_pct_ratio96_gte_1|2023|19,53016,2023-07-09 21:45:00+00:00,-0.005210290049705966,long,3,2,54837,2023-07-28 20:45:00+00:00,2023-07,0,0,54838,54841,1876.32,1876.49,copied_horizon,9.060288223761148e-05,-0.0019093971177623886,-0.001909487720644626,atr_pct_ratio96_gte_1,2023
atr_pct_ratio96_gte_1|2023|20,53019,2023-07-09 22:30:00+00:00,-0.01097482004734318,short,80,0,54092,2023-07-21 02:30:00+00:00,2023-07,1,1,54093,54173,1897.59,1893.37,copied_horizon,0.0022238734394679494,0.0002238734394679493,0.00022609731290741718,atr_pct_ratio96_gte_1,2023
atr_pct_ratio96_gte_1|2023|20,53019,2023-07-09 22:30:00+00:00,-0.01097482004734318,short,80,1,53996,2023-07-20 02:30:00+00:00,2023-07,1,1,53997,54021,1896.79,1915.03,stop,-0.009616246395225625,-0.011616246395225625,-0.011625862641620851,atr_pct_ratio96_gte_1,2023
atr_pct_ratio96_gte_1|2023|20,53019,2023-07-09 22:30:00+00:00,-0.01097482004734318,short,80,2,53892,2023-07-19 00:30:00+00:00,2023-07,1,1,53893,53945,1905.18,1924.46,stop,-0.01011977870857339,-0.01211977870857339,-0.012129898487281965,atr_pct_ratio96_gte_1,2023
atr_pct_ratio96_gte_1|2023|21,53683,2023-07-16 20:30:00+00:00,-0.0009999999999998881,short,342,0,53681,2023-07-16 19:45:00+00:00,2023-07,0,0,53682,54024,1927.96,1920.0,copied_horizon,0.0041287163634100565,0.0021287163634100565,0.0021328450797734664,atr_pct_ratio96_gte_1,2023
atr_pct_ratio96_gte_1|2023|21,53683,2023-07-16 20:30:00+00:00,-0.0009999999999998881,short,342,1,53014,2023-07-09 21:00:00+00:00,2023-07,0,0,53015,53100,1868.99,1881.97,stop,-0.006944927474197282,-0.008944927474197282,-0.00895187240167148,atr_pct_ratio96_gte_1,2023
atr_pct_ratio96_gte_1|2023|21,53683,2023-07-16 20:30:00+00:00,-0.0009999999999998881,short,342,2,54841,2023-07-28 21:45:00+00:00,2023-07,0,0,54842,54931,1876.49,1886.38,stop,-0.005270478393170297,-0.007270478393170297,-0.0072757488715634675,atr_pct_ratio96_gte_1,2023
atr_pct_ratio96_gte_1|2023|22,54048,2023-07-20 15:45:00+00:00,-0.0009999999999999992,short,296,0,52608,2023-07-05 15:30:00+00:00,2023-07,3,3,52609,52672,1901.75,1928.14,stop,-0.013876692520047307,-0.01587669252004731,-0.015890569212567353,atr_pct_ratio96_gte_1,2023
atr_pct_ratio96_gte_1|2023|22,54048,2023-07-20 15:45:00+00:00,-0.0009999999999999992,short,296,1,53854,2023-07-18 15:00:00+00:00,2023-07,3,3,53855,53945,1898.0,1922.19,stop,-0.012744994731296089,-0.014744994731296089,-0.014757739726027385,atr_pct_ratio96_gte_1,2023
atr_pct_ratio96_gte_1|2023|22,54048,2023-07-20 15:45:00+00:00,-0.0009999999999999992,short,296,2,52609,2023-07-05 15:45:00+00:00,2023-07,3,3,52610,52672,1902.78,1928.5,stop,-0.013517064505618182,-0.015517064505618182,-0.0155305815701238,atr_pct_ratio96_gte_1,2023
atr_pct_ratio96_gte_1|2023|23,54380,2023-07-24 02:45:00+00:00,-0.0009999999999999992,short,253,0,52640,2023-07-05 23:30:00+00:00,2023-07,1,1,52641,52676,1915.04,1932.01,stop,-0.008861433703734711,-0.010861433703734711,-0.010870295137438446,atr_pct_ratio96_gte_1,2023
atr_pct_ratio96_gte_1|2023|23,54380,2023-07-24 02:45:00+00:00,-0.0009999999999999992,short,253,1,53039,2023-07-10 03:15:00+00:00,2023-07,1,1,53040,53100,1864.09,1883.26,stop,-0.010283838226695208,-0.012283838226695208,-0.012294122064921902,atr_pct_ratio96_gte_1,2023
atr_pct_ratio96_gte_1|2023|23,54380,2023-07-24 02:45:00+00:00,-0.0009999999999999992,short,253,2,52637,2023-07-05 22:45:00+00:00,2023-07,1,1,52638,52669,1908.94,1925.65,stop,-0.008753549090070978,-0.010753549090070978,-0.010762302639161048,atr_pct_ratio96_gte_1,2023
atr_pct_ratio96_gte_1|2023|24,55026,2023-07-30 20:15:00+00:00,-0.010942006396392976,short,17,0,53094,2023-07-10 17:00:00+00:00,2023-07,0,1,53095,53100,1871.43,1888.63,stop,-0.009190832678753758,-0.011190832678753758,-0.01120002351143251,atr_pct_ratio96_gte_1,2023
atr_pct_ratio96_gte_1|2023|24,55026,2023-07-30 20:15:00+00:00,-0.010942006396392976,short,17,1,54540,2023-07-25 18:30:00+00:00,2023-07,0,1,54541,54558,1862.06,1858.29,copied_horizon,0.0020246393778933225,2.4639377893322448e-05,2.6664017271215736e-05,atr_pct_ratio96_gte_1,2023
atr_pct_ratio96_gte_1|2023|24,55026,2023-07-30 20:15:00+00:00,-0.010942006396392976,short,17,2,53090,2023-07-10 16:00:00+00:00,2023-07,0,1,53091,53100,1865.63,1883.3100000000002,stop,-0.009476691519754832,-0.011476691519754832,-0.011486168211274586,atr_pct_ratio96_gte_1,2023
atr_pct_ratio96_gte_1|2023|25,55060,2023-07-31 04:45:00+00:00,-0.0009999999999999992,short,169,0,53156,2023-07-11 08:30:00+00:00,2023-07,2,0,53157,53244,1882.21,1895.18,stop,-0.0068908357728414416,-0.008890835772841442,-0.008897726608614282,atr_pct_ratio96_gte_1,2023
atr_pct_ratio96_gte_1|2023|25,55060,2023-07-31 04:45:00+00:00,-0.0009999999999999992,short,169,1,54601,2023-07-26 09:45:00+00:00,2023-07,2,0,54602,54618,1850.25,1860.82,stop,-0.005712741521415987,-0.007712741521415987,-0.007718454262937402,atr_pct_ratio96_gte_1,2023
atr_pct_ratio96_gte_1|2023|25,55060,2023-07-31 04:45:00+00:00,-0.0009999999999999992,short,169,2,54404,2023-07-24 08:30:00+00:00,2023-07,2,0,54405,54574,1872.45,1863.4,copied_horizon,0.0048332398728937465,0.0028332398728937464,0.00283807311276664,atr_pct_ratio96_gte_1,2023
atr_pct_ratio96_gte_1|2023|26,55422,2023-08-03 23:15:00+00:00,-0.0009999999999999992,short,408,0,55426,2023-08-04 00:00:00+00:00,2023-08,1,2,55427,55813,1837.07,1835.23293,stop,0.0010000000000000009,-0.0009999999999999992,-0.0009989999999999995,atr_pct_ratio96_gte_1,2023
atr_pct_ratio96_gte_1|2023|26,55422,2023-08-03 23:15:00+00:00,-0.0009999999999999992,short,408,1,56674,2023-08-17 00:00:00+00:00,2023-08,1,2,56675,57083,1810.65,1677.62,copied_horizon,0.07347085300858813,0.07147085300858813,0.07154432386159672,atr_pct_ratio96_gte_1,2023
atr_pct_ratio96_gte_1|2023|26,55422,2023-08-03 23:15:00+00:00,-0.0009999999999999992,short,408,2,56397,2023-08-14 02:45:00+00:00,2023-08,1,2,56398,56806,1843.6,1691.35,copied_horizon,0.08258298980256018,0.08058298980256018,0.08066557279236274,atr_pct_ratio96_gte_1,2023
atr_pct_ratio96_gte_1|2023|27,56164,2023-08-11 16:45:00+00:00,-0.009340565310399505,short,200,0,56569,2023-08-15 21:45:00+00:00,2023-08,0,1,56570,56770,1829.83,1695.78,copied_horizon,0.07325817152413061,0.07125817152413061,0.07133142969565474,atr_pct_ratio96_gte_1,2023
atr_pct_ratio96_gte_1|2023|27,56164,2023-08-11 16:45:00+00:00,-0.009340565310399505,short,200,1,56657,2023-08-16 19:45:00+00:00,2023-08,0,1,56658,56858,1821.09,1666.0,copied_horizon,0.08516328133151019,0.08316328133151019,0.0832484446128417,atr_pct_ratio96_gte_1,2023
atr_pct_ratio96_gte_1|2023|27,56164,2023-08-11 16:45:00+00:00,-0.009340565310399505,short,200,2,56645,2023-08-16 16:45:00+00:00,2023-08,0,1,56646,56846,1823.2,1660.51,copied_horizon,0.08923321632294867,0.08723321632294867,0.08732244953927162,atr_pct_ratio96_gte_1,2023
atr_pct_ratio96_gte_1|2023|28,57505,2023-08-25 16:00:00+00:00,-0.0009999999999998881,short,272,0,56818,2023-08-18 12:00:00+00:00,2023-08,3,4,56819,56929,1681.85,1680.16815,stop,0.0010000000000000009,-0.0009999999999999992,-0.0009989999999999995,atr_pct_ratio96_gte_1,2023
atr_pct_ratio96_gte_1|2023|28,57505,2023-08-25 16:00:00+00:00,-0.0009999999999998881,short,272,1,56815,2023-08-18 11:15:00+00:00,2023-08,3,4,56816,56845,1679.14,1677.4608600000001,stop,0.0010000000000000009,-0.0009999999999999992,-0.0009989999999999995,atr_pct_ratio96_gte_1,2023
atr_pct_ratio96_gte_1|2023|28,57505,2023-08-25 16:00:00+00:00,-0.0009999999999998881,short,272,2,56737,2023-08-17 15:45:00+00:00,2023-08,3,4,56738,57010,1739.27,1673.73,copied_horizon,0.03768247598130248,0.035682475981302475,0.03572015845728378,atr_pct_ratio96_gte_1,2023
atr_pct_ratio96_gte_1|2023|29,58372,2023-09-03 16:45:00+00:00,-0.009104610321027716,short,6,0,60214,2023-09-22 21:00:00+00:00,2023-09,0,1,60215,60221,1590.35,1595.07,copied_horizon,-0.002967900147766267,-0.004967900147766267,-0.004970868047914034,atr_pct_ratio96_gte_1,2023
atr_pct_ratio96_gte_1|2023|29,58372,2023-09-03 16:45:00+00:00,-0.009104610321027716,short,6,1,59537,2023-09-15 19:45:00+00:00,2023-09,0,1,59538,59542,1621.37,1633.31,stop,-0.00736414266947083,-0.00936414266947083,-0.009371506812140301,atr_pct_ratio96_gte_1,2023
atr_pct_ratio96_gte_1|2023|29,58372,2023-09-03 16:45:00+00:00,-0.009104610321027716,short,6,2,58873,2023-09-08 21:45:00+00:00,2023-09,0,1,58874,58880,1634.26,1636.21,copied_horizon,-0.0011932005923169786,-0.0031932005923169787,-0.0031943937929092953,atr_pct_ratio96_gte_1,2023
atr_pct_ratio96_gte_1|2023|30,59076,2023-09-11 00:45:00+00:00,-0.0009999999999999992,short,134,0,58215,2023-09-02 01:15:00+00:00,2023-09,1,3,58216,58271,1629.79,1645.97,stop,-0.009927659391700816,-0.011927659391700816,-0.011937587051092517,atr_pct_ratio96_gte_1,2023
atr_pct_ratio96_gte_1|2023|30,59076,2023-09-11 00:45:00+00:00,-0.0009999999999999992,short,134,1,60801,2023-09-28 23:45:00+00:00,2023-09,1,3,60802,60832,1652.88,1671.0700000000002,stop,-0.011005033638255668,-0.013005033638255668,-0.013016038671893923,atr_pct_ratio96_gte_1,2023
atr_pct_ratio96_gte_1|2023|30,59076,2023-09-11 00:45:00+00:00,-0.0009999999999999992,short,134,2,59756,2023-09-18 02:30:00+00:00,2023-09,1,3,59757,59788,1627.87,1648.6799999999998,stop,-0.012783576084085313,-0.014783576084085313,-0.014796359660169399,atr_pct_ratio96_gte_1,2023
atr_pct_ratio96_gte_1|2023|31,59544,2023-09-15 21:45:00+00:00,-0.0010000000000001102,long,105,0,60690,2023-09-27 20:00:00+00:00,2023-09,0,3,60691,60796,1597.39,1652.51,copied_horizon,0.03450628838292458,0.032506288382924575,0.03247178209454165,atr_pct_ratio96_gte_1,2023
atr_pct_ratio96_gte_1|2023|31,59544,2023-09-15 21:45:00+00:00,-0.0010000000000001102,long,105,1,60499,2023-09-25 20:15:00+00:00,2023-09,0,3,60500,60605,1590.89,1587.62,copied_horizon,-0.0020554532368675105,-0.0040554532368675105,-0.004053397783630643,atr_pct_ratio96_gte_1,2023
atr_pct_ratio96_gte_1|2023|31,59544,2023-09-15 21:45:00+00:00,-0.0010000000000001102,long,105,2,58562,2023-09-05 16:00:00+00:00,2023-09,0,3,58563,58653,1639.84,1619.1699999999998,stop,-0.012604888281783633,-0.014604888281783633,-0.014592283393501848,atr_pct_ratio96_gte_1,2023
atr_pct_ratio96_gte_1|2023|32,60198,2023-09-22 17:15:00+00:00,-0.0009999999999999992,short,223,0,60211,2023-09-22 20:15:00+00:00,2023-09,0,2,60212,60435,1593.07,1579.33,copied_horizon,0.008624856409322867,0.006624856409322867,0.00663348126573219,atr_pct_ratio96_gte_1,2023
atr_pct_ratio96_gte_1|2023|32,60198,2023-09-22 17:15:00+00:00,-0.0009999999999999992,short,223,1,58770,2023-09-07 20:00:00+00:00,2023-09,0,2,58771,58774,1637.59,1650.9099999999999,stop,-0.00813390409076753,-0.01013390409076753,-0.010142037994858298,atr_pct_ratio96_gte_1,2023
atr_pct_ratio96_gte_1|2023|32,60198,2023-09-22 17:15:00+00:00,-0.0009999999999999992,short,223,2,58478,2023-09-04 19:00:00+00:00,2023-09,0,2,58479,58558,1629.23,1642.23,stop,-0.007979229451949621,-0.009979229451949621,-0.009987208681401571,atr_pct_ratio96_gte_1,2023
atr_pct_ratio96_gte_1|2023|33,60715,2023-09-28 02:30:00+00:00,-0.0010000000000001102,long,724,0,60036,2023-09-21 00:30:00+00:00,2023-09,1,3,60037,60072,1623.71,1607.88,stop,-0.009749277888292829,-0.011749277888292829,-0.011739528610404535,atr_pct_ratio96_gte_1,2023
atr_pct_ratio96_gte_1|2023|33,60715,2023-09-28 02:30:00+00:00,-0.0010000000000001102,long,724,1,59568,2023-09-16 03:30:00+00:00,2023-09,1,3,59569,59650,1644.65,1627.7,stop,-0.01030614416441189,-0.01230614416441189,-0.012295838020247477,atr_pct_ratio96_gte_1,2023
atr_pct_ratio96_gte_1|2023|33,60715,2023-09-28 02:30:00+00:00,-0.0010000000000001102,long,724,2,59081,2023-09-11 01:45:00+00:00,2023-09,1,3,59082,59111,1608.86,1591.28,stop,-0.010926991783001605,-0.012926991783001605,-0.012916064791218604,atr_pct_ratio96_gte_1,2023
atr_pct_ratio96_gte_1|2023|34,61767,2023-10-09 01:30:00+00:00,0.03986890590876935,short,643,0,61393,2023-10-05 03:45:00+00:00,2023-10,1,1,61394,61535,1642.53,1640.88747,stop,0.0010000000000000009,-0.0009999999999999992,-0.0009989999999999995,atr_pct_ratio96_gte_1,2023
atr_pct_ratio96_gte_1|2023|34,61767,2023-10-09 01:30:00+00:00,0.03986890590876935,short,643,1,61757,2023-10-08 22:45:00+00:00,2023-10,1,1,61758,62401,1630.91,1553.81,copied_horizon,0.047274221140345074,0.04527422114034507,0.04532149536148542,atr_pct_ratio96_gte_1,2023
atr_pct_ratio96_gte_1|2023|34,61767,2023-10-09 01:30:00+00:00,0.03986890590876935,short,643,2,61772,2023-10-09 02:30:00+00:00,2023-10,1,1,61773,62416,1632.98,1558.58,copied_horizon,0.045560876434494024,0.04356087643449402,0.04360643731092852,atr_pct_ratio96_gte_1,2023
atr_pct_ratio96_gte_1|2023|35,62410,2023-10-15 18:15:00+00:00,-0.0010000000000001102,long,194,0,62413,2023-10-15 18:45:00+00:00,2023-10,0,0,62414,62429,1564.98,1554.41,stop,-0.00675407992434407,-0.00875407992434407,-0.008747325844419725,atr_pct_ratio96_gte_1,2023
atr_pct_ratio96_gte_1|2023|35,62410,2023-10-15 18:15:00+00:00,-0.0010000000000001102,long,194,1,62402,2023-10-15 16:00:00+00:00,2023-10,0,0,62403,62597,1552.94,1576.33,copied_horizon,0.015061753834662017,0.013061753834662017,0.013046692080827356,atr_pct_ratio96_gte_1,2023
atr_pct_ratio96_gte_1|2023|35,62410,2023-10-15 18:15:00+00:00,-0.0010000000000001102,long,194,2,62412,2023-10-15 18:30:00+00:00,2023-10,0,0,62413,62429,1563.34,1552.77,stop,-0.006761165197589736,-0.008761165197589736,-0.008754404032392147,atr_pct_ratio96_gte_1,2023
atr_pct_ratio96_gte_1|2023|36,63813,2023-10-30 09:00:00+00:00,-0.018262844513351695,long,32,0,63241,2023-10-24 09:45:00+00:00,2023-10,2,4,63242,63254,1826.3,1828.1262999999997,stop,0.0009999999999998899,-0.0010000000000001102,-0.0010010000000001099,atr_pct_ratio96_gte_1,2023
atr_pct_ratio96_gte_1|2023|36,63813,2023-10-30 09:00:00+00:00,-0.018262844513351695,long,32,1,63137,2023-10-23 07:45:00+00:00,2023-10,2,4,63138,63170,1676.52,1676.85,copied_horizon,0.0001968363037720966,-0.0018031636962279034,-0.0018033605325316754,atr_pct_ratio96_gte_1,2023
atr_pct_ratio96_gte_1|2023|36,63813,2023-10-30 09:00:00+00:00,-0.018262844513351695,long,32,2,63219,2023-10-24 04:15:00+00:00,2023-10,2,4,63220,63252,1821.92,1851.77,copied_horizon,0.016383814876613556,0.014383814876613556,0.014367431061736942,atr_pct_ratio96_gte_1,2023
atr_pct_ratio96_gte_1|2023|37,64044,2023-11-01 18:45:00+00:00,-0.0010000000000001102,long,75,0,65489,2023-11-16 19:45:00+00:00,2023-11,0,4,65490,65565,1965.0,1933.41,copied_horizon,-0.016076335877862502,-0.018076335877862504,-0.01806025954198464,atr_pct_ratio96_gte_1,2023
atr_pct_ratio96_gte_1|2023|37,64044,2023-11-01 18:45:00+00:00,-0.0010000000000001102,long,75,1,66156,2023-11-23 18:30:00+00:00,2023-11,0,4,66157,66232,2057.68,2099.95,copied_horizon,0.020542552777885748,0.018542552777885746,0.01852201022510786,atr_pct_ratio96_gte_1,2023
atr_pct_ratio96_gte_1|2023|37,64044,2023-11-01 18:45:00+00:00,-0.0010000000000001102,long,75,2,65394,2023-11-15 20:00:00+00:00,2023-11,0,4,65395,65458,2055.0,2057.055,stop,0.0009999999999998899,-0.0010000000000001102,-0.0010010000000001099,atr_pct_ratio96_gte_1,2023
atr_pct_ratio96_gte_1|2023|38,64424,2023-11-05 17:45:00+00:00,-0.020284468162065084,long,15,0,66250,2023-11-24 18:00:00+00:00,2023-11,0,4,66251,66266,2097.58,2058.0099999999998,stop,-0.018864596344358775,-0.020864596344358777,-0.020845731748014417,atr_pct_ratio96_gte_1,2023
atr_pct_ratio96_gte_1|2023|38,64424,2023-11-05 17:45:00+00:00,-0.020284468162065084,long,15,1,66248,2023-11-24 17:30:00+00:00,2023-11,0,4,66249,66264,2100.57,2089.85,copied_horizon,-0.005103376702514151,-0.007103376702514151,-0.007098273325811637,atr_pct_ratio96_gte_1,2023
atr_pct_ratio96_gte_1|2023|38,64424,2023-11-05 17:45:00+00:00,-0.020284468162065084,long,15,2,64056,2023-11-01 21:30:00+00:00,2023-11,0,4,64057,64072,1841.62,1864.32,copied_horizon,0.012326104190875542,0.010326104190875542,0.010313778086684667,atr_pct_ratio96_gte_1,2023
atr_pct_ratio96_gte_1|2023|39,64452,2023-11-06 00:45:00+00:00,-0.0194950214197801,long,155,0,65512,2023-11-17 01:30:00+00:00,2023-11,1,4,65513,65562,1982.79,1945.22,stop,-0.018948047952632385,-0.020948047952632387,-0.020929099904679754,atr_pct_ratio96_gte_1,2023
atr_pct_ratio96_gte_1|2023|39,64452,2023-11-06 00:45:00+00:00,-0.0194950214197801,long,155,1,65210,2023-11-13 22:00:00+00:00,2023-11,1,4,65211,65292,2062.96,2005.78,stop,-0.027717454531352992,-0.029717454531352994,-0.02968973707682164,atr_pct_ratio96_gte_1,2023
atr_pct_ratio96_gte_1|2023|39,64452,2023-11-06 00:45:00+00:00,-0.0194950214197801,long,155,2,64828,2023-11-09 22:30:00+00:00,2023-11,1,4,64829,64838,2093.63,2095.72363,stop,0.0009999999999998899,-0.0010000000000001102,-0.0010010000000001099,atr_pct_ratio96_gte_1,2023
atr_pct_ratio96_gte_1|2023|40,65129,2023-11-13 02:00:00+00:00,-0.0010000000000001102,long,76,0,65897,2023-11-21 01:45:00+00:00,2023-11,1,4,65898,65946,2031.81,2000.1499999999999,stop,-0.015582165655253277,-0.01758216565525328,-0.017566583489598026,atr_pct_ratio96_gte_1,2023
atr_pct_ratio96_gte_1|2023|40,65129,2023-11-13 02:00:00+00:00,-0.0010000000000001102,long,76,1,65228,2023-11-14 02:30:00+00:00,2023-11,1,4,65229,65290,2053.55,2011.92,stop,-0.020272211536120466,-0.022272211536120468,-0.022251939324584344,atr_pct_ratio96_gte_1,2023
atr_pct_ratio96_gte_1|2023|40,65129,2023-11-13 02:00:00+00:00,-0.0010000000000001102,long,76,2,64070,2023-11-02 01:00:00+00:00,2023-11,1,4,64071,64124,1849.2,1810.78,stop,-0.020776552022496286,-0.022776552022496288,-0.02275577547047379,atr_pct_ratio96_gte_1,2023
atr_pct_ratio96_gte_1|2023|41,65458,2023-11-16 12:15:00+00:00,-0.022785331425383748,long,8,0,65856,2023-11-20 15:30:00+00:00,2023-11,3,4,65857,65865,2035.17,2057.75,copied_horizon,0.011094896249453257,0.009094896249453257,0.009083801353203804,atr_pct_ratio96_gte_1,2023
atr_pct_ratio96_gte_1|2023|41,65458,2023-11-16 12:15:00+00:00,-0.022785331425383748,long,8,1,66133,2023-11-23 12:45:00+00:00,2023-11,3,4,66134,66142,2056.63,2053.31,copied_horizon,-0.0016142913406884674,-0.0036142913406884674,-0.003612677049347779,atr_pct_ratio96_gte_1,2023
atr_pct_ratio96_gte_1|2023|41,65458,2023-11-16 12:15:00+00:00,-0.022785331425383748,long,8,2,65953,2023-11-21 15:45:00+00:00,2023-11,3,4,65954,65960,1987.89,1989.87789,stop,0.0009999999999998899,-0.0010000000000001102,-0.0010010000000001099,atr_pct_ratio96_gte_1,2023
atr_pct_ratio96_gte_1|2023|42,67299,2023-12-05 16:30:00+00:00,-0.0010000000000001102,long,121,0,67217,2023-12-04 19:45:00+00:00,2023-12,0,3,67218,67264,2235.18,2199.7599999999998,stop,-0.015846598484238417,-0.01784659848423842,-0.017830751885754177,atr_pct_ratio96_gte_1,2023
atr_pct_ratio96_gte_1|2023|42,67299,2023-12-05 16:30:00+00:00,-0.0010000000000001102,long,121,1,67409,2023-12-06 19:45:00+00:00,2023-12,0,3,67410,67421,2263.7,2230.0899999999997,stop,-0.014847373768609007,-0.01684737376860901,-0.016832526394840397,atr_pct_ratio96_gte_1,2023
atr_pct_ratio96_gte_1|2023|42,67299,2023-12-05 16:30:00+00:00,-0.0010000000000001102,long,121,2,68466,2023-12-17 20:00:00+00:00,2023-12,0,3,68467,68479,2240.89,2209.08,stop,-0.014195252779029777,-0.01619525277902978,-0.016181057526250747,atr_pct_ratio96_gte_1,2023
atr_pct_ratio96_gte_1|2023|43,67815,2023-12-11 01:30:00+00:00,-0.0010000000000001102,short,374,0,67437,2023-12-07 02:45:00+00:00,2023-12,1,2,67438,67486,2248.59,2275.57,stop,-0.011998630252736175,-0.013998630252736175,-0.014010628882988912,atr_pct_ratio96_gte_1,2023
atr_pct_ratio96_gte_1|2023|43,67815,2023-12-11 01:30:00+00:00,-0.0010000000000001102,short,374,1,69340,2023-12-26 22:30:00+00:00,2023-12,1,2,69341,69386,2226.71,2254.7200000000003,stop,-0.012579096514588883,-0.014579096514588883,-0.014591675611103472,atr_pct_ratio96_gte_1,2023
atr_pct_ratio96_gte_1|2023|43,67815,2023-12-11 01:30:00+00:00,-0.0010000000000001102,short,374,2,66859,2023-12-01 02:15:00+00:00,2023-12,1,2,66860,66887,2084.63,2112.56,stop,-0.0133980610468043,-0.0153980610468043,-0.015411459107851104,atr_pct_ratio96_gte_1,2023
atr_pct_ratio96_gte_1|2023|44,68481,2023-12-18 00:00:00+00:00,-0.0009999999999998881,short,84,0,68670,2023-12-19 23:00:00+00:00,2023-12,1,3,68671,68693,2173.81,2209.09,stop,-0.016229569281584144,-0.018229569281584146,-0.01824579885086573,atr_pct_ratio96_gte_1,2023
atr_pct_ratio96_gte_1|2023|44,68481,2023-12-18 00:00:00+00:00,-0.0009999999999998881,short,84,1,68485,2023-12-18 00:45:00+00:00,2023-12,1,3,68486,68566,2193.8,2191.6062,stop,0.0010000000000000009,-0.0009999999999999992,-0.0009989999999999995,atr_pct_ratio96_gte_1,2023
atr_pct_ratio96_gte_1|2023|44,68481,2023-12-18 00:00:00+00:00,-0.0009999999999998881,short,84,2,68107,2023-12-14 02:15:00+00:00,2023-12,1,3,68108,68129,2249.05,2282.27,stop,-0.014770680954180548,-0.01677068095418055,-0.01678545163513473,atr_pct_ratio96_gte_1,2023
atr_pct_ratio96_gte_1|2023|45,68857,2023-12-21 22:00:00+00:00,-0.0010000000000001102,long,36,0,68661,2023-12-19 20:45:00+00:00,2023-12,0,4,68662,68698,2170.43,2210.95,copied_horizon,0.018669111650686743,0.01666911165068674,0.016650442539036057,atr_pct_ratio96_gte_1,2023
atr_pct_ratio96_gte_1|2023|45,68857,2023-12-21 22:00:00+00:00,-0.0010000000000001102,long,36,1,68746,2023-12-20 18:00:00+00:00,2023-12,0,4,68747,68754,2235.01,2189.57,stop,-0.020331005230401655,-0.022331005230401657,-0.022310674225171252,atr_pct_ratio96_gte_1,2023
atr_pct_ratio96_gte_1|2023|45,68857,2023-12-21 22:00:00+00:00,-0.0010000000000001102,long,36,2,67987,2023-12-12 20:15:00+00:00,2023-12,0,4,67988,68024,2177.55,2170.28,copied_horizon,-0.003338614497944925,-0.005338614497944925,-0.00533527588344698,atr_pct_ratio96_gte_1,2023
atr_pct_ratio96_gte_1|2023|46,69807,2023-12-31 19:30:00+00:00,0.0032510022659927324,short,17,0,69127,2023-12-24 17:15:00+00:00,2023-12,0,2,69128,69145,2291.99,2277.5,copied_horizon,0.006322017111767386,0.004322017111767386,0.0043283391288791535,atr_pct_ratio96_gte_1,2023
atr_pct_ratio96_gte_1|2023|46,69807,2023-12-31 19:30:00+00:00,0.0032510022659927324,short,17,1,69235,2023-12-25 20:15:00+00:00,2023-12,0,2,69236,69253,2264.18,2268.17,copied_horizon,-0.001762227384748627,-0.003762227384748627,-0.003763989612133376,atr_pct_ratio96_gte_1,2023
atr_pct_ratio96_gte_1|2023|46,69807,2023-12-31 19:30:00+00:00,0.0032510022659927324,short,17,2,67800,2023-12-10 21:30:00+00:00,2023-12,0,2,67801,67818,2362.26,2203.49,copied_horizon,0.06721106059451565,0.06521106059451565,0.06527827165511016,atr_pct_ratio96_gte_1,2023
atr_pct_ratio96_gte_1|2024|0,69841,2024-01-01 04:00:00+00:00,-0.014973481517954522,short,27,0,69834,2024-01-01 02:00:00+00:00,2024-01,1,1,69835,69862,2300.2,2290.81,copied_horizon,0.004082253717068052,0.0020822537170680517,0.0020863359707851198,atr_pct_ratio96_gte_1,2024
atr_pct_ratio96_gte_1|2024|0,69841,2024-01-01 04:00:00+00:00,-0.014973481517954522,short,27,1,72514,2024-01-29 00:00:00+00:00,2024-01,1,1,72515,72542,2252.89,2270.73,copied_horizon,-0.007918717735885927,-0.009918717735885927,-0.009926636453621813,atr_pct_ratio96_gte_1,2024
atr_pct_ratio96_gte_1|2024|0,69841,2024-01-01 04:00:00+00:00,-0.014973481517954522,short,27,2,72721,2024-01-31 03:45:00+00:00,2024-01,1,1,72722,72749,2343.21,2284.0,copied_horizon,0.025268755254543973,0.02326875525454397,0.023294024009798516,atr_pct_ratio96_gte_1,2024
atr_pct_ratio96_gte_1|2024|1,70218,2024-01-05 02:15:00+00:00,-0.0009999999999998881,short,74,0,70992,2024-01-13 03:30:00+00:00,2024-01,1,4,70993,71067,2549.77,2567.56,copied_horizon,-0.006977099895284722,-0.008977099895284722,-0.008984076995180007,atr_pct_ratio96_gte_1,2024
atr_pct_ratio96_gte_1|2024|1,70218,2024-01-05 02:15:00+00:00,-0.0009999999999998881,short,74,1,71181,2024-01-15 02:45:00+00:00,2024-01,1,4,71182,71256,2506.85,2524.72,copied_horizon,-0.007128467997686405,-0.009128467997686405,-0.009135596465684091,atr_pct_ratio96_gte_1,2024
atr_pct_ratio96_gte_1|2024|1,70218,2024-01-05 02:15:00+00:00,-0.0009999999999998881,short,74,2,72794,2024-01-31 22:00:00+00:00,2024-01,1,4,72795,72830,2278.32,2276.0416800000003,stop,0.0010000000000000009,-0.0009999999999999992,-0.0009989999999999995,atr_pct_ratio96_gte_1,2024
atr_pct_ratio96_gte_1|2024|2,70466,2024-01-07 16:15:00+00:00,-0.0009999999999999992,short,60,0,72483,2024-01-28 16:15:00+00:00,2024-01,0,1,72484,72544,2271.03,2262.61,copied_horizon,0.003707568812389095,0.0017075688123890948,0.0017112763812014839,atr_pct_ratio96_gte_1,2024
atr_pct_ratio96_gte_1|2024|2,70466,2024-01-07 16:15:00+00:00,-0.0009999999999999992,short,60,1,72498,2024-01-28 20:00:00+00:00,2024-01,0,1,72499,72559,2250.09,2271.34,copied_horizon,-0.009444066681777219,-0.011444066681777219,-0.011453510748458996,atr_pct_ratio96_gte_1,2024
atr_pct_ratio96_gte_1|2024|2,70466,2024-01-07 16:15:00+00:00,-0.0009999999999999992,short,60,2,72492,2024-01-28 18:30:00+00:00,2024-01,0,1,72493,72553,2263.63,2273.91,copied_horizon,-0.0045413782287739846,-0.006541378228773985,-0.006545919607002759,atr_pct_ratio96_gte_1,2024
atr_pct_ratio96_gte_1|2024|3,70682,2024-01-09 22:15:00+00:00,-0.0010000000000001102,long,17,0,72038,2024-01-24 01:00:00+00:00,2024-01,1,4,72039,72056,2236.48,2225.89,copied_horizon,-0.0047351194734583935,-0.0067351194734583935,-0.006730384353984935,atr_pct_ratio96_gte_1,2024
atr_pct_ratio96_gte_1|2024|3,70682,2024-01-09 22:15:00+00:00,-0.0010000000000001102,long,17,1,70788,2024-01-11 00:30:00+00:00,2024-01,1,4,70789,70806,2588.8,2605.21,copied_horizon,0.006338844252163023,0.004338844252163023,0.00433250540791086,atr_pct_ratio96_gte_1,2024
atr_pct_ratio96_gte_1|2024|3,70682,2024-01-09 22:15:00+00:00,-0.0010000000000001102,long,17,2,70972,2024-01-12 22:30:00+00:00,2024-01,1,4,70973,70990,2494.38,2538.56,copied_horizon,0.01771181616273365,0.01571181616273365,0.015694104346570918,atr_pct_ratio96_gte_1,2024
atr_pct_ratio96_gte_1|2024|4,71620,2024-01-19 16:45:00+00:00,-0.02286244676892557,short,3,0,71635,2024-01-19 20:15:00+00:00,2024-01,0,4,71636,71639,2491.97,2484.74,copied_horizon,0.002901319036746064,0.0009013190367460639,0.0009042203557828097,atr_pct_ratio96_gte_1,2024
atr_pct_ratio96_gte_1|2024|4,71620,2024-01-19 16:45:00+00:00,-0.02286244676892557,short,3,1,71638,2024-01-19 21:00:00+00:00,2024-01,0,4,71639,71642,2486.73,2487.42,copied_horizon,-0.00027747282575907306,-0.002277472825759073,-0.002277750298584832,atr_pct_ratio96_gte_1,2024
atr_pct_ratio96_gte_1|2024|4,71620,2024-01-19 16:45:00+00:00,-0.02286244676892557,short,3,2,70952,2024-01-12 17:30:00+00:00,2024-01,0,4,70953,70956,2584.59,2584.67,copied_horizon,-3.095268495201253e-05,-0.0020309526849520126,-0.0020309836376369646,atr_pct_ratio96_gte_1,2024
atr_pct_ratio96_gte_1|2024|5,72107,2024-01-24 18:30:00+00:00,-0.0009999999999999992,short,95,0,69988,2024-01-02 16:30:00+00:00,2024-01,0,4,69989,70084,2364.64,2231.52,copied_horizon,0.056296095811624536,0.054296095811624534,0.05435239190743616,atr_pct_ratio96_gte_1,2024
atr_pct_ratio96_gte_1|2024|5,72107,2024-01-24 18:30:00+00:00,-0.0009999999999999992,short,95,1,70571,2024-01-08 18:15:00+00:00,2024-01,0,4,70572,70667,2320.94,2271.63,copied_horizon,0.02124570217239563,0.01924570217239563,0.019266947874568025,atr_pct_ratio96_gte_1,2024
atr_pct_ratio96_gte_1|2024|5,72107,2024-01-24 18:30:00+00:00,-0.0009999999999999992,short,95,2,70956,2024-01-12 18:30:00+00:00,2024-01,0,4,70957,71052,2584.68,2565.89,copied_horizon,0.007269758732222131,0.005269758732222131,0.005277028490954353,atr_pct_ratio96_gte_1,2024
atr_pct_ratio96_gte_1|2024|6,72582,2024-01-29 17:15:00+00:00,-0.0010000000000001102,long,165,0,72196,2024-01-25 16:30:00+00:00,2024-01,0,3,72197,72257,2195.39,2197.5853899999997,stop,0.0009999999999998899,-0.0010000000000001102,-0.0010010000000001099,atr_pct_ratio96_gte_1,2024
atr_pct_ratio96_gte_1|2024|6,72582,2024-01-29 17:15:00+00:00,-0.0010000000000001102,long,165,1,71524,2024-01-18 16:30:00+00:00,2024-01,0,3,71525,71530,2493.86,2455.03,stop,-0.015570240510694222,-0.017570240510694224,-0.01755467027018353,atr_pct_ratio96_gte_1,2024
atr_pct_ratio96_gte_1|2024|6,72582,2024-01-29 17:15:00+00:00,-0.0010000000000001102,long,165,2,72682,2024-01-30 18:00:00+00:00,2024-01,0,3,72683,72713,2370.31,2328.42,stop,-0.01767279385396836,-0.019672793853968362,-0.01965512106011439,atr_pct_ratio96_gte_1,2024
atr_pct_ratio96_gte_1|2024|7,72775,2024-01-31 17:30:00+00:00,-0.019602969031259465,long,10,0,72197,2024-01-25 16:45:00+00:00,2024-01,0,3,72198,72208,2186.39,2219.98,copied_horizon,0.015363224310392942,0.013363224310392942,0.01334786108608255,atr_pct_ratio96_gte_1,2024
atr_pct_ratio96_gte_1|2024|7,72775,2024-01-31 17:30:00+00:00,-0.019602969031259465,long,10,1,72295,2024-01-26 17:15:00+00:00,2024-01,0,3,72296,72306,2268.94,2261.55,copied_horizon,-0.0032570275106437174,-0.0052570275106437175,-0.005253770483133074,atr_pct_ratio96_gte_1,2024
atr_pct_ratio96_gte_1|2024|7,72775,2024-01-31 17:30:00+00:00,-0.019602969031259465,long,10,2,70563,2024-01-08 16:15:00+00:00,2024-01,0,3,70564,70574,2269.7,2343.0,copied_horizon,0.03229501696259418,0.03029501696259418,0.030262721945631586,atr_pct_ratio96_gte_1,2024
atr_pct_ratio96_gte_1|2024|8,73167,2024-02-04 19:30:00+00:00,-0.013464576609804933,short,5,0,73834,2024-02-11 18:00:00+00:00,2024-02,0,0,73835,73840,2508.66,2510.9,copied_horizon,-0.0008929069702552361,-0.002892906970255236,-0.0028937998772254913,atr_pct_ratio96_gte_1,2024
atr_pct_ratio96_gte_1|2024|8,73167,2024-02-04 19:30:00+00:00,-0.013464576609804933,short,5,1,73155,2024-02-04 16:15:00+00:00,2024-02,0,0,73156,73161,2300.96,2306.32,copied_horizon,-0.002329462485223699,-0.004329462485223699,-0.004331791947708923,atr_pct_ratio96_gte_1,2024
atr_pct_ratio96_gte_1|2024|8,73167,2024-02-04 19:30:00+00:00,-0.013464576609804933,short,5,2,73829,2024-02-11 16:45:00+00:00,2024-02,0,0,73830,73835,2508.38,2503.76,copied_horizon,0.0018418261985823081,-0.00015817380141769193,-0.0001563319752191099,atr_pct_ratio96_gte_1,2024
atr_pct_ratio96_gte_1|2024|9,73535,2024-02-08 15:30:00+00:00,-0.017424562088949713,long,5,0,74002,2024-02-13 12:00:00+00:00,2024-02,3,2,74003,74008,2684.14,2644.73,stop,-0.014682542639355534,-0.016682542639355535,-0.016667860096716176,atr_pct_ratio96_gte_1,2024
atr_pct_ratio96_gte_1|2024|9,73535,2024-02-08 15:30:00+00:00,-0.017424562088949713,long,5,1,73536,2024-02-08 15:30:00+00:00,2024-02,3,2,73537,73541,2457.75,2420.36,stop,-0.015213101413894758,-0.01721310141389476,-0.017197888312480862,atr_pct_ratio96_gte_1,2024
atr_pct_ratio96_gte_1|2024|9,73535,2024-02-08 15:30:00+00:00,-0.017424562088949713,long,5,2,73345,2024-02-06 15:45:00+00:00,2024-02,3,2,73346,73351,2343.82,2358.31,copied_horizon,0.006182215357834586,0.004182215357834586,0.004176033142476752,atr_pct_ratio96_gte_1,2024
atr_pct_ratio96_gte_1|2024|10,73581,2024-02-09 03:00:00+00:00,0.6030251624268212,long,3273,0,74350,2024-02-17 03:00:00+00:00,2024-02,1,1,74351,74391,2788.95,2756.6699999999996,stop,-0.01157424837304366,-0.01357424837304366,-0.013562674124670618,atr_pct_ratio96_gte_1,2024
atr_pct_ratio96_gte_1|2024|10,73581,2024-02-09 03:00:00+00:00,0.6030251624268212,long,3273,1,73187,2024-02-05 00:15:00+00:00,2024-02,1,1,73188,73249,2291.8,2294.0918,stop,0.0009999999999998899,-0.0010000000000001102,-0.0010010000000001099,atr_pct_ratio96_gte_1,2024
atr_pct_ratio96_gte_1|2024|10,73581,2024-02-09 03:00:00+00:00,0.6030251624268212,long,3273,2,73378,2024-02-07 00:00:00+00:00,2024-02,1,1,73379,76652,2377.32,4057.53,copied_horizon,0.7067664428852658,0.7047664428852658,0.7040596764423805,atr_pct_ratio96_gte_1,2024
atr_pct_ratio96_gte_1|2024|11,76854,2024-03-14 05:15:00+00:00,0.1337877927608233,short,2369,0,76773,2024-03-13 08:45:00+00:00,2024-03,2,4,76774,79143,4065.83,3387.61,copied_horizon,0.16680972888684475,0.16480972888684475,0.1649765386157316,atr_pct_ratio96_gte_1,2024
atr_pct_ratio96_gte_1|2024|11,76854,2024-03-14 05:15:00+00:00,0.1337877927608233,short,2369,1,77445,2024-03-20 08:45:00+00:00,2024-03,2,4,77446,77458,3207.32,3303.54,stop,-0.030000124714715026,-0.03200012471471503,-0.03203012483942974,atr_pct_ratio96_gte_1,2024
atr_pct_ratio96_gte_1|2024|11,76854,2024-03-14 05:15:00+00:00,0.1337877927608233,short,2369,2,76094,2024-03-06 07:00:00+00:00,2024-03,2,4,76095,76111,3778.2,3891.54,stop,-0.02999841194219477,-0.03199841194219477,-0.03202841035413696,atr_pct_ratio96_gte_1,2024
atr_pct_ratio96_gte_1|2024|12,79223,2024-04-07 21:30:00+00:00,-0.0010000000000001102,long,22,0,80552,2024-04-21 17:30:00+00:00,2024-04,0,0,80553,80575,3144.2,3148.93,copied_horizon,0.0015043572291839613,-0.0004956427708160387,-0.0004971471280452223,atr_pct_ratio96_gte_1,2024
atr_pct_ratio96_gte_1|2024|12,79223,2024-04-07 21:30:00+00:00,-0.0010000000000001102,long,22,1,81233,2024-04-28 19:45:00+00:00,2024-04,0,0,81234,81246,3317.01,3266.11,stop,-0.015345145175926556,-0.017345145175926557,-0.01732980003075063,atr_pct_ratio96_gte_1,2024
atr_pct_ratio96_gte_1|2024|12,79223,2024-04-07 21:30:00+00:00,-0.0010000000000001102,long,22,2,79219,2024-04-07 20:15:00+00:00,2024-04,0,0,79220,79242,3399.02,3425.75,copied_horizon,0.007864031397285087,0.005864031397285087,0.005856167365887802,atr_pct_ratio96_gte_1,2024
atr_pct_ratio96_gte_1|2024|13,80044,2024-04-16 10:45:00+00:00,-0.0010000000000001102,short,125,0,80043,2024-04-16 10:15:00+00:00,2024-04,3,3,80044,80089,3016.97,3107.48,stop,-0.03000029831254536,-0.03200029831254536,-0.032030298610857905,atr_pct_ratio96_gte_1,2024
atr_pct_ratio96_gte_1|2024|13,80044,2024-04-16 10:45:00+00:00,-0.0010000000000001102,short,125,1,78721,2024-04-02 15:45:00+00:00,2024-04,3,3,78722,78788,3239.63,3336.83,stop,-0.030003426317202875,-0.03200342631720288,-0.03203342974352008,atr_pct_ratio96_gte_1,2024
atr_pct_ratio96_gte_1|2024|13,80044,2024-04-16 10:45:00+00:00,-0.0010000000000001102,short,125,2,79007,2024-04-05 15:15:00+00:00,2024-04,3,3,79008,79133,3307.77,3378.27,copied_horizon,-0.02131345287006048,-0.02331345287006048,-0.02333476632293054,atr_pct_ratio96_gte_1,2024
atr_pct_ratio96_gte_1|2024|14,80296,2024-04-19 01:45:00+00:00,-0.0010000000000001102,short,4,0,80394,2024-04-20 02:00:00+00:00,2024-04,1,2,80395,80399,3052.99,3053.69,copied_horizon,-0.00022928342379113786,-0.002229283423791138,-0.002229512707214929,atr_pct_ratio96_gte_1,2024
atr_pct_ratio96_gte_1|2024|14,80296,2024-04-19 01:45:00+00:00,-0.0010000000000001102,short,4,1,78941,2024-04-04 22:45:00+00:00,2024-04,1,2,78942,78946,3314.0,3322.19,copied_horizon,-0.0024713337356669918,-0.004471333735666992,-0.004473805069402659,atr_pct_ratio96_gte_1,2024
atr_pct_ratio96_gte_1|2024|14,80296,2024-04-19 01:45:00+00:00,-0.0010000000000001102,short,4,2,79334,2024-04-09 01:00:00+00:00,2024-04,1,2,79335,79339,3678.03,3716.9,copied_horizon,-0.010568157410352885,-0.012568157410352885,-0.012578725567763238,atr_pct_ratio96_gte_1,2024
atr_pct_ratio96_gte_1|2024|15,80320,2024-04-19 07:45:00+00:00,-0.0010000000000001102,long,586,0,80318,2024-04-19 07:00:00+00:00,2024-04,2,4,80319,80905,3087.99,3136.02,copied_horizon,0.015553806845229445,0.013553806845229445,0.013538253038384216,atr_pct_ratio96_gte_1,2024
atr_pct_ratio96_gte_1|2024|15,80320,2024-04-19 07:45:00+00:00,-0.0010000000000001102,long,586,1,80324,2024-04-19 08:30:00+00:00,2024-04,2,4,80325,80906,3098.55,3101.64855,stop,0.0009999999999998899,-0.0010000000000001102,-0.0010010000000001099,atr_pct_ratio96_gte_1,2024
atr_pct_ratio96_gte_1|2024|15,80320,2024-04-19 07:45:00+00:00,-0.0010000000000001102,long,586,2,80308,2024-04-19 04:30:00+00:00,2024-04,2,4,80309,80895,3002.32,3148.02,copied_horizon,0.04852913746702536,0.04652913746702536,0.04648060832955834,atr_pct_ratio96_gte_1,2024
atr_pct_ratio96_gte_1|2024|16,81470,2024-05-01 07:15:00+00:00,-0.0009999999999999992,short,15,0,81471,2024-05-01 07:15:00+00:00,2024-05,2,4,81472,81483,2897.59,2894.69241,stop,0.0010000000000000009,-0.0009999999999999992,-0.0009989999999999995,atr_pct_ratio96_gte_1,2024
atr_pct_ratio96_gte_1|2024|16,81470,2024-05-01 07:15:00+00:00,-0.0009999999999999992,short,15,1,83378,2024-05-21 04:00:00+00:00,2024-05,2,4,83379,83387,3684.02,3680.33598,stop,0.0010000000000000009,-0.0009999999999999992,-0.0009989999999999995,atr_pct_ratio96_gte_1,2024
atr_pct_ratio96_gte_1|2024|16,81470,2024-05-01 07:15:00+00:00,-0.0009999999999999992,short,15,2,83384,2024-05-21 05:30:00+00:00,2024-05,2,4,83385,83400,3649.98,3671.88,copied_horizon,-0.006000032876892547,-0.008000032876892547,-0.00800603290976944,atr_pct_ratio96_gte_1,2024
atr_pct_ratio96_gte_1|2024|17,82032,2024-05-07 03:45:00+00:00,-0.021695575128481526,short,18,0,82208,2024-05-08 23:30:00+00:00,2024-05,1,2,82209,82227,2969.99,2997.07,copied_horizon,-0.00911787581776391,-0.01111787581776391,-0.011126993693581673,atr_pct_ratio96_gte_1,2024
atr_pct_ratio96_gte_1|2024|17,82032,2024-05-07 03:45:00+00:00,-0.021695575128481526,short,18,1,84222,2024-05-29 23:00:00+00:00,2024-05,1,2,84223,84241,3784.02,3791.89,copied_horizon,-0.002079798732564919,-0.004079798732564919,-0.004081878531297484,atr_pct_ratio96_gte_1,2024
atr_pct_ratio96_gte_1|2024|17,82032,2024-05-07 03:45:00+00:00,-0.021695575128481526,short,18,2,83569,2024-05-23 03:45:00+00:00,2024-05,1,2,83570,83588,3782.43,3801.4,copied_horizon,-0.005015294400689596,-0.007015294400689596,-0.007020309695090286,atr_pct_ratio96_gte_1,2024
atr_pct_ratio96_gte_1|2024|18,82180,2024-05-08 16:45:00+00:00,-0.0009999999999999992,short,39,0,81990,2024-05-06 17:00:00+00:00,2024-05,0,2,81991,82030,3087.38,3080.64,copied_horizon,0.0021830807999015933,0.00018308079990159327,0.00018526388070149455,atr_pct_ratio96_gte_1,2024
atr_pct_ratio96_gte_1|2024|18,82180,2024-05-08 16:45:00+00:00,-0.0009999999999999992,short,39,1,81618,2024-05-02 20:00:00+00:00,2024-05,0,2,81619,81658,3000.0,2992.35,copied_horizon,0.0025500000000000522,0.0005500000000000522,0.0005525500000000522,atr_pct_ratio96_gte_1,2024
atr_pct_ratio96_gte_1|2024|18,82180,2024-05-08 16:45:00+00:00,-0.0009999999999999992,short,39,2,82083,2024-05-07 16:15:00+00:00,2024-05,0,2,82084,82123,3070.1,3029.86,copied_horizon,0.013107064916452194,0.011107064916452193,0.011120171981368646,atr_pct_ratio96_gte_1,2024
atr_pct_ratio96_gte_1|2024|19,82601,2024-05-13 02:00:00+00:00,-0.0009999999999998881,short,18,0,82888,2024-05-16 01:30:00+00:00,2024-05,1,0,82889,82907,3016.96,3018.65,copied_horizon,-0.0005601665252439325,-0.0025601665252439326,-0.0025607266917691764,atr_pct_ratio96_gte_1,2024
atr_pct_ratio96_gte_1|2024|19,82601,2024-05-13 02:00:00+00:00,-0.0009999999999998881,short,18,1,82222,2024-05-09 03:00:00+00:00,2024-05,1,0,82223,82241,2992.59,2983.58,copied_horizon,0.0030107699350729877,0.0010107699350729877,0.0010137807050080608,atr_pct_ratio96_gte_1,2024
atr_pct_ratio96_gte_1|2024|19,82601,2024-05-13 02:00:00+00:00,-0.0009999999999998881,short,18,2,83067,2024-05-17 22:15:00+00:00,2024-05,1,0,83068,83086,3091.38,3117.26,copied_horizon,-0.008371665728574396,-0.010371665728574396,-0.01038003739430297,atr_pct_ratio96_gte_1,2024
atr_pct_ratio96_gte_1|2024|20,83330,2024-05-20 16:15:00+00:00,0.2191849203623888,long,833,0,81703,2024-05-03 17:15:00+00:00,2024-05,0,1,81704,81832,3075.6,3078.6755999999996,stop,0.0009999999999998899,-0.0010000000000001102,-0.0010010000000001099,atr_pct_ratio96_gte_1,2024
atr_pct_ratio96_gte_1|2024|20,83330,2024-05-20 16:15:00+00:00,0.2191849203623888,long,833,1,82768,2024-05-14 19:30:00+00:00,2024-05,0,1,82769,83602,2898.14,3923.13,copied_horizon,0.3536716652749696,0.3516716652749696,0.3513179936096947,atr_pct_ratio96_gte_1,2024
atr_pct_ratio96_gte_1|2024|20,83330,2024-05-20 16:15:00+00:00,0.2191849203623888,long,833,2,83047,2024-05-17 17:15:00+00:00,2024-05,0,1,83048,83132,3095.73,3098.8257299999996,stop,0.0009999999999998899,-0.0010000000000001102,-0.0010010000000001099,atr_pct_ratio96_gte_1,2024
atr_pct_ratio96_gte_1|2024|21,84163,2024-05-29 08:30:00+00:00,-0.0010000000000001102,short,80,0,82629,2024-05-13 08:45:00+00:00,2024-05,2,2,82630,82710,2973.01,2940.63,copied_horizon,0.01089131889902828,0.00889131889902828,0.008902210217927307,atr_pct_ratio96_gte_1,2024
atr_pct_ratio96_gte_1|2024|21,84163,2024-05-29 08:30:00+00:00,-0.0010000000000001102,short,80,1,83976,2024-05-27 09:30:00+00:00,2024-05,2,2,83977,84057,3918.86,3861.53,copied_horizon,0.014629254426032023,0.012629254426032023,0.012643883680458056,atr_pct_ratio96_gte_1,2024
atr_pct_ratio96_gte_1|2024|21,84163,2024-05-29 08:30:00+00:00,-0.0010000000000001102,short,80,2,84263,2024-05-30 09:15:00+00:00,2024-05,2,2,84264,84281,3724.54,3790.95,stop,-0.01783038979310203,-0.019830389793102032,-0.019848220182895133,atr_pct_ratio96_gte_1,2024
atr_pct_ratio96_gte_1|2024|22,87592,2024-07-04 01:45:00+00:00,-0.0009999999999999992,short,1040,0,87981,2024-07-08 02:45:00+00:00,2024-07,1,4,87982,88003,2890.09,2976.79,stop,-0.029999065773038236,-0.03199906577303824,-0.03202906483881127,atr_pct_ratio96_gte_1,2024
atr_pct_ratio96_gte_1|2024|22,87592,2024-07-04 01:45:00+00:00,-0.0009999999999999992,short,1040,1,88363,2024-07-12 02:15:00+00:00,2024-07,1,4,88364,88407,3097.9,3094.8021,stop,0.001000000000000112,-0.0009999999999998881,-0.000998999999999888,atr_pct_ratio96_gte_1,2024
atr_pct_ratio96_gte_1|2024|22,87592,2024-07-04 01:45:00+00:00,-0.0009999999999999992,short,1040,2,87696,2024-07-05 03:30:00+00:00,2024-07,1,4,87697,87722,2919.02,2916.10098,stop,0.0009999999999998899,-0.0010000000000001102,-0.0009990000000001105,atr_pct_ratio96_gte_1,2024
atr_pct_ratio96_gte_1|2024|23,88802,2024-07-16 16:15:00+00:00,-0.02687519242666203,long,97,0,89096,2024-07-19 17:30:00+00:00,2024-07,0,4,89097,89194,3491.03,3525.09,copied_horizon,0.00975643291521422,0.007756432915214219,0.0077466764822990055,atr_pct_ratio96_gte_1,2024
atr_pct_ratio96_gte_1|2024|23,88802,2024-07-16 16:15:00+00:00,-0.02687519242666203,long,97,1,89680,2024-07-25 19:30:00+00:00,2024-07,0,4,89681,89778,3127.87,3260.0,copied_horizon,0.042242804208614926,0.040242804208614924,0.04020056140440631,atr_pct_ratio96_gte_1,2024
atr_pct_ratio96_gte_1|2024|23,88802,2024-07-16 16:15:00+00:00,-0.02687519242666203,long,97,2,89104,2024-07-19 19:30:00+00:00,2024-07,0,4,89105,89202,3518.39,3525.12,copied_horizon,0.0019128067098872492,-8.719329011275083e-05,-8.910609682263827e-05,atr_pct_ratio96_gte_1,2024
atr_pct_ratio96_gte_1|2024|24,89060,2024-07-19 08:45:00+00:00,-0.019731446453857826,short,21,0,88385,2024-07-12 07:45:00+00:00,2024-07,2,3,88386,88407,3071.73,3093.15,copied_horizon,-0.00697326913498264,-0.00897326913498264,-0.008980242404117622,atr_pct_ratio96_gte_1,2024
atr_pct_ratio96_gte_1|2024|24,89060,2024-07-19 08:45:00+00:00,-0.019731446453857826,short,21,1,90004,2024-07-29 04:30:00+00:00,2024-07,2,3,90005,90025,3342.8,3395.88,stop,-0.015878903912887488,-0.01787890391288749,-0.017894782816800375,atr_pct_ratio96_gte_1,2024
atr_pct_ratio96_gte_1|2024|24,89060,2024-07-19 08:45:00+00:00,-0.019731446453857826,short,21,2,88851,2024-07-17 04:15:00+00:00,2024-07,2,3,88852,88873,3478.85,3492.6,copied_horizon,-0.003952455552840739,-0.005952455552840739,-0.00595640800839358,atr_pct_ratio96_gte_1,2024
atr_pct_ratio96_gte_1|2024|25,89402,2024-07-22 22:15:00+00:00,-0.01933576113240587,short,41,0,87505,2024-07-03 03:45:00+00:00,2024-07,1,3,87506,87547,3360.93,3316.63,copied_horizon,0.013180875531474845,0.011180875531474845,0.01119405640700632,atr_pct_ratio96_gte_1,2024
atr_pct_ratio96_gte_1|2024|25,89402,2024-07-22 22:15:00+00:00,-0.01933576113240587,short,41,1,87792,2024-07-06 03:30:00+00:00,2024-07,1,3,87793,87834,2982.03,2997.62,copied_horizon,-0.00522798228052701,-0.0072279822805270105,-0.007233210262807537,atr_pct_ratio96_gte_1,2024
atr_pct_ratio96_gte_1|2024|25,89402,2024-07-22 22:15:00+00:00,-0.01933576113240587,short,41,2,88643,2024-07-15 00:15:00+00:00,2024-07,1,3,88644,88652,3257.7,3309.3799999999997,stop,-0.01586395309574229,-0.01786395309574229,-0.01787981704883803,atr_pct_ratio96_gte_1,2024
atr_pct_ratio96_gte_1|2024|26,91691,2024-08-15 18:30:00+00:00,-0.0009999999999999992,short,10,0,92940,2024-08-28 18:30:00+00:00,2024-08,0,4,92941,92951,2515.6,2548.8,copied_horizon,-0.013197646684687703,-0.015197646684687703,-0.01521084433137239,atr_pct_ratio96_gte_1,2024
atr_pct_ratio96_gte_1|2024|26,91691,2024-08-15 18:30:00+00:00,-0.0009999999999999992,short,10,1,90351,2024-08-01 19:15:00+00:00,2024-08,0,4,90352,90362,3121.46,3193.5,copied_horizon,-0.02307894382756781,-0.025078943827567812,-0.02510202277139538,atr_pct_ratio96_gte_1,2024
atr_pct_ratio96_gte_1|2024|26,91691,2024-08-15 18:30:00+00:00,-0.0009999999999999992,short,10,2,91025,2024-08-08 19:45:00+00:00,2024-08,0,4,91026,91033,2573.74,2650.95,stop,-0.029999145212803224,-0.031999145212803226,-0.03202914435801603,atr_pct_ratio96_gte_1,2024
atr_pct_ratio96_gte_1|2024|27,93341,2024-09-01 23:00:00+00:00,-0.030174458039632812,short,38,0,95374,2024-09-23 03:00:00+00:00,2024-09,1,3,95375,95413,2665.79,2646.32,copied_horizon,0.007303651075290962,0.005303651075290962,0.005310954726366253,atr_pct_ratio96_gte_1,2024
atr_pct_ratio96_gte_1|2024|27,93341,2024-09-01 23:00:00+00:00,-0.030174458039632812,short,38,1,95371,2024-09-23 02:15:00+00:00,2024-09,1,3,95372,95375,2612.51,2675.96,stop,-0.024286988375163965,-0.026286988375163967,-0.026311275363539128,atr_pct_ratio96_gte_1,2024
atr_pct_ratio96_gte_1|2024|27,93341,2024-09-01 23:00:00+00:00,-0.030174458039632812,short,38,2,93823,2024-09-06 23:15:00+00:00,2024-09,1,3,93824,93855,2220.66,2287.2799999999997,stop,-0.03000009006331439,-0.03200009006331439,-0.032030090153377704,atr_pct_ratio96_gte_1,2024
atr_pct_ratio96_gte_1|2024|28,93759,2024-09-06 07:30:00+00:00,-0.022292471719747242,short,19,0,94037,2024-09-09 04:45:00+00:00,2024-09,2,1,94038,94054,2297.24,2338.39,stop,-0.017912799707475058,-0.01991279970747506,-0.019930712507182532,atr_pct_ratio96_gte_1,2024
atr_pct_ratio96_gte_1|2024|28,93759,2024-09-06 07:30:00+00:00,-0.022292471719747242,short,19,1,94331,2024-09-12 06:15:00+00:00,2024-09,2,1,94332,94351,2355.91,2349.4,copied_horizon,0.0027632634523389044,0.0007632634523389043,0.0007660267157912431,atr_pct_ratio96_gte_1,2024
atr_pct_ratio96_gte_1|2024|28,93759,2024-09-06 07:30:00+00:00,-0.022292471719747242,short,19,2,95006,2024-09-19 07:00:00+00:00,2024-09,2,1,95007,95026,2419.27,2440.89,copied_horizon,-0.008936580042740117,-0.010936580042740117,-0.010945516622782857,atr_pct_ratio96_gte_1,2024
atr_pct_ratio96_gte_1|2024|29,94087,2024-09-09 17:30:00+00:00,-0.0010000000000001102,long,27,0,93321,2024-09-01 17:45:00+00:00,2024-09,0,2,93322,93335,2470.88,2473.35088,stop,0.0009999999999998899,-0.0010000000000001102,-0.0010010000000001099,atr_pct_ratio96_gte_1,2024
atr_pct_ratio96_gte_1|2024|29,94087,2024-09-09 17:30:00+00:00,-0.0010000000000001102,long,27,1,95051,2024-09-19 18:15:00+00:00,2024-09,0,2,95052,95079,2481.69,2447.01,copied_horizon,-0.013974348125672331,-0.015974348125672333,-0.01596037377754666,atr_pct_ratio96_gte_1,2024
atr_pct_ratio96_gte_1|2024|29,94087,2024-09-09 17:30:00+00:00,-0.0010000000000001102,long,27,2,94091,2024-09-09 18:15:00+00:00,2024-09,0,2,94092,94119,2334.2,2342.21,copied_horizon,0.0034315825550510493,0.0014315825550510492,0.0014281509724959978,atr_pct_ratio96_gte_1,2024
atr_pct_ratio96_gte_1|2024|30,94188,2024-09-10 18:45:00+00:00,-0.022804293135420428,long,27,0,95812,2024-09-27 16:30:00+00:00,2024-09,0,2,95813,95840,2718.26,2695.11,copied_horizon,-0.00851647745248807,-0.01051647745248807,-0.010507960975035582,atr_pct_ratio96_gte_1,2024
atr_pct_ratio96_gte_1|2024|30,94188,2024-09-10 18:45:00+00:00,-0.022804293135420428,long,27,1,93334,2024-09-01 21:00:00+00:00,2024-09,0,2,93335,93339,2491.6,2443.5099999999998,stop,-0.019300850858885887,-0.02130085085888589,-0.021281550008027002,atr_pct_ratio96_gte_1,2024
atr_pct_ratio96_gte_1|2024|30,94188,2024-09-10 18:45:00+00:00,-0.022804293135420428,long,27,2,95728,2024-09-26 19:30:00+00:00,2024-09,0,2,95729,95756,2654.99,2623.01,copied_horizon,-0.012045243108260162,-0.014045243108260162,-0.014033197865151902,atr_pct_ratio96_gte_1,2024
atr_pct_ratio96_gte_1|2024|31,95089,2024-09-20 04:00:00+00:00,-0.0010000000000001102,long,38,0,93727,2024-09-05 23:15:00+00:00,2024-09,1,1,93728,93758,2368.28,2370.64828,stop,0.0009999999999998899,-0.0010000000000001102,-0.0010010000000001099,atr_pct_ratio96_gte_1,2024
atr_pct_ratio96_gte_1|2024|31,95089,2024-09-20 04:00:00+00:00,-0.0010000000000001102,long,38,1,95066,2024-09-19 22:00:00+00:00,2024-09,1,1,95067,95105,2460.02,2560.74,copied_horizon,0.04094275656295476,0.03894275656295476,0.03890181380639181,atr_pct_ratio96_gte_1,2024
atr_pct_ratio96_gte_1|2024|31,95089,2024-09-20 04:00:00+00:00,-0.0010000000000001102,long,38,2,93726,2024-09-05 23:00:00+00:00,2024-09,1,1,93727,93755,2370.41,2372.7804099999994,stop,0.0009999999999998899,-0.0010000000000001102,-0.0010010000000001099,atr_pct_ratio96_gte_1,2024
atr_pct_ratio96_gte_1|2024|32,95365,2024-09-23 01:00:00+00:00,-0.0010000000000001102,long,149,0,93548,2024-09-04 02:30:00+00:00,2024-09,1,3,93549,93693,2366.41,2368.7764099999995,stop,0.0009999999999998899,-0.0010000000000001102,-0.0010010000000001099,atr_pct_ratio96_gte_1,2024
atr_pct_ratio96_gte_1|2024|32,95365,2024-09-23 01:00:00+00:00,-0.0010000000000001102,long,149,1,95368,2024-09-23 01:30:00+00:00,2024-09,1,3,95369,95466,2609.35,2611.9593499999996,stop,0.0009999999999998899,-0.0010000000000001102,-0.0010010000000001099,atr_pct_ratio96_gte_1,2024
atr_pct_ratio96_gte_1|2024|32,95365,2024-09-23 01:00:00+00:00,-0.0010000000000001102,long,149,2,93825,2024-09-06 23:45:00+00:00,2024-09,1,3,93826,93975,2225.2,2276.52,copied_horizon,0.023063095452094284,0.021063095452094283,0.021040032356642188,atr_pct_ratio96_gte_1,2024
atr_pct_ratio96_gte_1|2024|33,96035,2024-09-30 00:30:00+00:00,-0.0009999999999999992,short,22,0,96033,2024-09-29 23:45:00+00:00,2024-09,1,0,96034,96056,2657.96,2630.5,copied_horizon,0.01033123147075199,0.00833123147075199,0.008341562702222742,atr_pct_ratio96_gte_1,2024
atr_pct_ratio96_gte_1|2024|33,96035,2024-09-30 00:30:00+00:00,-0.0009999999999999992,short,22,1,94880,2024-09-17 23:30:00+00:00,2024-09,1,0,94881,94903,2335.91,2322.1,copied_horizon,0.005912042844116394,0.003912042844116394,0.003917954886960511,atr_pct_ratio96_gte_1,2024
atr_pct_ratio96_gte_1|2024|33,96035,2024-09-30 00:30:00+00:00,-0.0009999999999999992,short,22,2,94801,2024-09-17 03:45:00+00:00,2024-09,1,0,94802,94818,2283.87,2312.91,stop,-0.012715259625109887,-0.014715259625109887,-0.014727974884734997,atr_pct_ratio96_gte_1,2024
atr_pct_ratio96_gte_1|2024|34,96708,2024-10-07 00:45:00+00:00,-0.018306079884461646,long,38,0,96413,2024-10-03 22:45:00+00:00,2024-10,1,2,96414,96452,2352.01,2387.66,copied_horizon,0.015157248481086238,0.013157248481086238,0.013142091232605152,atr_pct_ratio96_gte_1,2024
atr_pct_ratio96_gte_1|2024|34,96708,2024-10-07 00:45:00+00:00,-0.018306079884461646,long,38,1,96905,2024-10-09 01:45:00+00:00,2024-10,1,2,96906,96944,2462.6,2439.0,copied_horizon,-0.009583367172906643,-0.011583367172906643,-0.011573783805733736,atr_pct_ratio96_gte_1,2024
atr_pct_ratio96_gte_1|2024|34,96708,2024-10-07 00:45:00+00:00,-0.018306079884461646,long,38,2,96807,2024-10-08 01:15:00+00:00,2024-10,1,2,96808,96846,2431.21,2433.05,copied_horizon,0.000756824790947741,-0.001243175209052259,-0.0012439320338432066,atr_pct_ratio96_gte_1,2024
atr_pct_ratio96_gte_1|2024|35,96961,2024-10-09 16:00:00+00:00,-0.018202687988559063,long,9,0,98481,2024-10-25 11:45:00+00:00,2024-10,3,2,98482,98491,2545.18,2555.93,copied_horizon,0.004223669838675503,0.0022236698386755033,0.0022194461688368277,atr_pct_ratio96_gte_1,2024
atr_pct_ratio96_gte_1|2024|35,96961,2024-10-09 16:00:00+00:00,-0.018202687988559063,long,9,1,96755,2024-10-07 12:15:00+00:00,2024-10,3,2,96756,96765,2472.56,2499.01,copied_horizon,0.010697414825120655,0.008697414825120655,0.008686717410295534,atr_pct_ratio96_gte_1,2024
atr_pct_ratio96_gte_1|2024|35,96961,2024-10-09 16:00:00+00:00,-0.018202687988559063,long,9,2,98479,2024-10-25 11:15:00+00:00,2024-10,3,2,98480,98489,2542.32,2552.42,copied_horizon,0.00397274929985203,0.0019727492998520297,0.001968776550552178,atr_pct_ratio96_gte_1,2024
atr_pct_ratio96_gte_1|2024|36,96971,2024-10-09 18:30:00+00:00,-0.0009999999999998881,short,158,0,98020,2024-10-20 16:30:00+00:00,2024-10,0,2,98021,98042,2700.31,2738.57,stop,-0.01416874358869924,-0.01616874358869924,-0.016182912332287937,atr_pct_ratio96_gte_1,2024
atr_pct_ratio96_gte_1|2024|36,96971,2024-10-09 18:30:00+00:00,-0.0009999999999998881,short,158,1,97168,2024-10-11 19:30:00+00:00,2024-10,0,2,97169,97327,2460.35,2463.69,copied_horizon,-0.0013575304326620685,-0.0033575304326620686,-0.0033588879630947303,atr_pct_ratio96_gte_1,2024
atr_pct_ratio96_gte_1|2024|36,96971,2024-10-09 18:30:00+00:00,-0.0009999999999998881,short,158,2,98018,2024-10-20 16:00:00+00:00,2024-10,0,2,98019,98042,2700.57,2740.96,stop,-0.014956101859977755,-0.016956101859977757,-0.016971057961837732,atr_pct_ratio96_gte_1,2024
atr_pct_ratio96_gte_1|2024|37,97369,2024-10-13 22:00:00+00:00,-0.0010000000000001102,long,944,0,96682,2024-10-06 18:00:00+00:00,2024-10,0,0,96683,96697,2447.31,2421.5499999999997,stop,-0.010525842659900198,-0.012525842659900198,-0.012515316817240298,atr_pct_ratio96_gte_1,2024
atr_pct_ratio96_gte_1|2024|37,97369,2024-10-13 22:00:00+00:00,-0.0010000000000001102,long,944,1,97353,2024-10-13 17:45:00+00:00,2024-10,0,0,97354,97386,2446.34,2448.7863399999997,stop,0.0009999999999998899,-0.0010000000000001102,-0.0010010000000001099,atr_pct_ratio96_gte_1,2024
atr_pct_ratio96_gte_1|2024|37,97369,2024-10-13 22:00:00+00:00,-0.0010000000000001102,long,944,2,97349,2024-10-13 16:45:00+00:00,2024-10,0,0,97350,98294,2455.47,2575.99,copied_horizon,0.049082253092076034,0.04708225309207603,0.04703317083898396,atr_pct_ratio96_gte_1,2024
atr_pct_ratio96_gte_1|2024|38,98506,2024-10-25 18:15:00+00:00,-0.0009999999999999992,short,104,0,96308,2024-10-02 20:30:00+00:00,2024-10,0,4,96309,96413,2385.73,2352.01,copied_horizon,0.014134038638068724,0.012134038638068724,0.012148172676706794,atr_pct_ratio96_gte_1,2024
atr_pct_ratio96_gte_1|2024|38,98506,2024-10-25 18:15:00+00:00,-0.0009999999999999992,short,104,1,97540,2024-10-15 16:30:00+00:00,2024-10,0,4,97541,97564,2604.56,2601.9554399999997,stop,0.001000000000000112,-0.0009999999999998881,-0.000998999999999888,atr_pct_ratio96_gte_1,2024
atr_pct_ratio96_gte_1|2024|38,98506,2024-10-25 18:15:00+00:00,-0.0009999999999999992,short,104,2,96198,2024-10-01 17:00:00+00:00,2024-10,0,4,96199,96200,2488.9,2486.4111000000003,stop,0.0009999999999998899,-0.0010000000000001102,-0.0009990000000001105,atr_pct_ratio96_gte_1,2024
atr_pct_ratio96_gte_1|2024|39,98754,2024-10-28 08:15:00+00:00,-0.0010000000000001102,long,328,0,96744,2024-10-07 09:30:00+00:00,2024-10,2,1,96745,96779,2454.43,2456.8844299999996,stop,0.0009999999999998899,-0.0010000000000001102,-0.0010010000000001099,atr_pct_ratio96_gte_1,2024
atr_pct_ratio96_gte_1|2024|39,98754,2024-10-28 08:15:00+00:00,-0.0010000000000001102,long,328,1,96838,2024-10-08 09:00:00+00:00,2024-10,2,1,96839,96971,2419.75,2422.1697499999996,stop,0.0009999999999998899,-0.0010000000000001102,-0.0010010000000001099,atr_pct_ratio96_gte_1,2024
atr_pct_ratio96_gte_1|2024|39,98754,2024-10-28 08:15:00+00:00,-0.0010000000000001102,long,328,2,97782,2024-10-18 05:00:00+00:00,2024-10,2,1,97783,98111,2618.64,2663.61,copied_horizon,0.017173036385299323,0.015173036385299323,0.015155863348914023,atr_pct_ratio96_gte_1,2024
atr_pct_ratio96_gte_1|2024|40,99571,2024-11-05 20:30:00+00:00,-0.026319322201201034,short,17,0,101389,2024-11-24 18:45:00+00:00,2024-11,0,4,101390,101407,3327.55,3366.1,copied_horizon,-0.01158510014875791,-0.01358510014875791,-0.013596685248906667,atr_pct_ratio96_gte_1,2024
atr_pct_ratio96_gte_1|2024|40,99571,2024-11-05 20:30:00+00:00,-0.026319322201201034,short,17,1,101397,2024-11-24 20:45:00+00:00,2024-11,0,4,101398,101415,3341.78,3317.17,copied_horizon,0.007364338765568079,0.005364338765568079,0.005371703104333647,atr_pct_ratio96_gte_1,2024
atr_pct_ratio96_gte_1|2024|40,99571,2024-11-05 20:30:00+00:00,-0.026319322201201034,short,17,2,101681,2024-11-27 19:45:00+00:00,2024-11,0,4,101682,101691,3590.79,3675.56,stop,-0.023607618379242412,-0.025607618379242414,-0.025631225997621652,atr_pct_ratio96_gte_1,2024
atr_pct_ratio96_gte_1|2024|41,99590,2024-11-06 01:15:00+00:00,0.2299698364680609,long,1329,0,99492,2024-11-05 00:30:00+00:00,2024-11,1,4,99493,99569,2403.49,2405.8934899999995,stop,0.0009999999999998899,-0.0010000000000001102,-0.0010010000000001099,atr_pct_ratio96_gte_1,2024
atr_pct_ratio96_gte_1|2024|41,99590,2024-11-06 01:15:00+00:00,0.2299698364680609,long,1329,1,100074,2024-11-11 02:00:00+00:00,2024-11,1,4,100075,100089,3207.06,3110.85,stop,-0.0299994387382837,-0.0319994387382837,-0.03196943929954542,atr_pct_ratio96_gte_1,2024
atr_pct_ratio96_gte_1|2024|41,99590,2024-11-06 01:15:00+00:00,0.2299698364680609,long,1329,2,101501,2024-11-25 22:45:00+00:00,2024-11,1,4,101502,101545,3452.13,3348.57,stop,-0.02999887026270731,-0.03199887026270731,-0.0319688713924446,atr_pct_ratio96_gte_1,2024
atr_pct_ratio96_gte_1|2024|42,100919,2024-11-19 21:30:00+00:00,-0.0009999999999999992,short,98,0,101859,2024-11-29 16:15:00+00:00,2024-11,0,4,101860,101906,3597.84,3669.7200000000003,stop,-0.01997865385898212,-0.021978653858982122,-0.021998632512841104,atr_pct_ratio96_gte_1,2024
atr_pct_ratio96_gte_1|2024|42,100919,2024-11-19 21:30:00+00:00,-0.0009999999999999992,short,98,1,101482,2024-11-25 18:00:00+00:00,2024-11,0,4,101483,101581,3478.0,3282.71,copied_horizon,0.05615008625646922,0.05415008625646922,0.05420623634272569,atr_pct_ratio96_gte_1,2024
atr_pct_ratio96_gte_1|2024|42,100919,2024-11-19 21:30:00+00:00,-0.0009999999999999992,short,98,2,101209,2024-11-22 21:45:00+00:00,2024-11,0,4,101210,101251,3317.36,3391.6,stop,-0.02237924132442659,-0.024379241324426593,-0.024401620565751018,atr_pct_ratio96_gte_1,2024
atr_pct_ratio96_gte_1|2024|43,103425,2024-12-16 00:00:00+00:00,-0.0010000000000001102,long,9,0,102285,2024-12-04 02:45:00+00:00,2024-12,1,3,102286,102295,3649.54,3687.49,copied_horizon,0.010398570778783034,0.008398570778783034,0.008388172208004252,atr_pct_ratio96_gte_1,2024
atr_pct_ratio96_gte_1|2024|43,103425,2024-12-16 00:00:00+00:00,-0.0010000000000001102,long,9,1,103514,2024-12-16 22:00:00+00:00,2024-12,1,3,103515,103522,4052.06,3962.56,stop,-0.022087530786809695,-0.024087530786809697,-0.024065443256022886,atr_pct_ratio96_gte_1,2024
atr_pct_ratio96_gte_1|2024|43,103425,2024-12-16 00:00:00+00:00,-0.0010000000000001102,long,9,2,103057,2024-12-12 03:45:00+00:00,2024-12,1,3,103058,103067,3936.0,3928.23,copied_horizon,-0.0019740853658536395,-0.0039740853658536395,-0.003972111280487786,atr_pct_ratio96_gte_1,2024
atr_pct_ratio96_gte_1|2024|44,103534,2024-12-17 03:15:00+00:00,-0.022206216340592833,long,48,0,102557,2024-12-06 22:45:00+00:00,2024-12,1,3,102558,102606,4025.5,3988.73,copied_horizon,-0.009134269034902442,-0.011134269034902443,-0.01112513476586754,atr_pct_ratio96_gte_1,2024
atr_pct_ratio96_gte_1|2024|44,103534,2024-12-17 03:15:00+00:00,-0.022206216340592833,long,48,1,103439,2024-12-16 03:15:00+00:00,2024-12,1,3,103440,103488,3962.82,3941.96,copied_horizon,-0.005263928212737468,-0.007263928212737468,-0.00725866428452473,atr_pct_ratio96_gte_1,2024
atr_pct_ratio96_gte_1|2024|44,103534,2024-12-17 03:15:00+00:00,-0.022206216340592833,long,48,2,104199,2024-12-24 01:15:00+00:00,2024-12,1,3,104200,104248,3408.49,3440.19,copied_horizon,0.009300306000604497,0.007300306000604497,0.007291005694603892,atr_pct_ratio96_gte_1,2024
atr_pct_ratio96_gte_1|2024|45,103698,2024-12-18 20:15:00+00:00,-0.0009999999999999992,short,58,0,103513,2024-12-16 21:45:00+00:00,2024-12,0,4,103514,103572,4047.31,4010.1,copied_horizon,0.00919376079420653,0.007193760794206529,0.007202954555000736,atr_pct_ratio96_gte_1,2024
atr_pct_ratio96_gte_1|2024|45,103698,2024-12-18 20:15:00+00:00,-0.0009999999999999992,short,58,1,103122,2024-12-12 20:00:00+00:00,2024-12,0,4,103123,103181,3883.6,3904.23,copied_horizon,-0.005312081573797478,-0.007312081573797478,-0.007317393655371276,atr_pct_ratio96_gte_1,2024
atr_pct_ratio96_gte_1|2024|45,103698,2024-12-18 20:15:00+00:00,-0.0009999999999999992,short,58,2,104165,2024-12-23 16:45:00+00:00,2024-12,0,4,104166,104180,3374.52,3371.14548,stop,0.0010000000000000009,-0.0009999999999999992,-0.0009989999999999995,atr_pct_ratio96_gte_1,2024
atr_pct_ratio96_gte_1|2024|46,104161,2024-12-23 16:00:00+00:00,-0.03031768772442578,short,3,0,103871,2024-12-20 15:15:00+00:00,2024-12,3,4,103872,103875,3387.21,3389.33,copied_horizon,-0.0006258838395021282,-0.0026258838395021283,-0.0026265097233416305,atr_pct_ratio96_gte_1,2024
atr_pct_ratio96_gte_1|2024|46,104161,2024-12-23 16:00:00+00:00,-0.03031768772442578,short,3,1,102911,2024-12-10 15:15:00+00:00,2024-12,3,4,102912,102915,3604.51,3576.8,copied_horizon,0.007687591378578551,0.005687591378578551,0.00569527896995713,atr_pct_ratio96_gte_1,2024
atr_pct_ratio96_gte_1|2024|46,104161,2024-12-23 16:00:00+00:00,-0.03031768772442578,short,3,2,102816,2024-12-09 15:30:00+00:00,2024-12,3,4,102817,102820,3825.99,3853.29,copied_horizon,-0.007135408090455098,-0.009135408090455098,-0.009142543498545553,atr_pct_ratio96_gte_1,2024
atr_pct_ratio96_gte_1|2024|47,104543,2024-12-27 15:30:00+00:00,-0.02607125355936679,short,103,0,103948,2024-12-21 10:30:00+00:00,2024-12,3,3,103949,104052,3461.84,3391.09,copied_horizon,0.020437108589651753,0.01843710858965175,0.018457545698241404,atr_pct_ratio96_gte_1,2024
atr_pct_ratio96_gte_1|2024|47,104543,2024-12-27 15:30:00+00:00,-0.02607125355936679,short,103,1,102415,2024-12-05 11:15:00+00:00,2024-12,3,3,102416,102492,3933.6,3929.6664,stop,0.0010000000000000009,-0.0009999999999999992,-0.0009989999999999995,atr_pct_ratio96_gte_1,2024
atr_pct_ratio96_gte_1|2024|47,104543,2024-12-27 15:30:00+00:00,-0.02607125355936679,short,103,2,102123,2024-12-02 10:15:00+00:00,2024-12,3,3,102124,102143,3597.61,3680.27,stop,-0.02297636486445165,-0.02497636486445165,-0.0249993412293161,atr_pct_ratio96_gte_1,2024
atr_pct_ratio96_gte_1|2024|48,104858,2024-12-30 22:15:00+00:00,-0.028032179039654048,short,60,0,103151,2024-12-13 03:15:00+00:00,2024-12,1,3,103152,103212,3906.29,3932.7,copied_horizon,-0.006760890768478411,-0.008760890768478411,-0.00876765165924689,atr_pct_ratio96_gte_1,2024
atr_pct_ratio96_gte_1|2024|48,104858,2024-12-30 22:15:00+00:00,-0.028032179039654048,short,60,1,102563,2024-12-07 00:15:00+00:00,2024-12,1,3,102564,102624,4015.19,3999.96,copied_horizon,0.0037930957190071,0.0017930957190071001,0.0017968888147261073,atr_pct_ratio96_gte_1,2024
atr_pct_ratio96_gte_1|2024|48,104858,2024-12-30 22:15:00+00:00,-0.028032179039654048,short,60,2,104201,2024-12-24 01:45:00+00:00,2024-12,1,3,104202,104255,3383.6,3473.37,stop,-0.026530913819600377,-0.02853091381960038,-0.02855744473341998,atr_pct_ratio96_gte_1,2024
