regime_period,trade_id,candidate_signal_i,candidate_entry_time,candidate_project_net_return,direction,holding_bars,control_rank,control_signal_i,control_signal_time,stratum_month,stratum_hk_6h,stratum_atr_quintile,control_entry_i,control_exit_i,control_entry_price,control_exit_price,control_exit_reason,control_gross_return,control_project_net_return,control_pine_net_return
2022H1,v9_regime_stability|2022H1|2869|2870|long,2869,2022-02-02 13:00:00+00:00,-0.022651611175578013,long,6,0,4013,2022-02-14 10:45:00+00:00,2022-02,3,0,4014,4020,2872.31,2903.18,copied_horizon,0.01074744717666265,0.00874744717666265,0.008736699729485988
2022H1,v9_regime_stability|2022H1|2869|2870|long,2869,2022-02-02 13:00:00+00:00,-0.022651611175578013,long,6,1,4018,2022-02-14 12:00:00+00:00,2022-02,3,0,4019,4025,2864.73,2937.24,copied_horizon,0.02531128588034459,0.02331128588034459,0.023285974594464246
2022H1,v9_regime_stability|2022H1|2869|2870|long,2869,2022-02-02 13:00:00+00:00,-0.022651611175578013,long,6,2,2861,2022-02-02 10:45:00+00:00,2022-02,3,0,2862,2868,2764.01,2798.91,copied_horizon,0.012626582392972319,0.010626582392972319,0.010613955810579346
2022H1,v9_regime_stability|2022H1|3296|3297|long,3296,2022-02-06 23:45:00+00:00,-0.024219253863120183,long,3,0,4256,2022-02-16 23:30:00+00:00,2022-02,1,1,4257,4260,3139.0,3142.23,copied_horizon,0.0010289901242432897,-0.0009710098757567103,-0.0009720388658809535
2022H1,v9_regime_stability|2022H1|3296|3297|long,3296,2022-02-06 23:45:00+00:00,-0.024219253863120183,long,3,1,3393,2022-02-07 23:45:00+00:00,2022-02,1,1,3394,3397,3139.25,3129.57,copied_horizon,-0.003083539061877749,-0.005083539061877749,-0.0050804555228158715
2022H1,v9_regime_stability|2022H1|3296|3297|long,3296,2022-02-06 23:45:00+00:00,-0.024219253863120183,long,3,2,4271,2022-02-17 03:15:00+00:00,2022-02,1,1,4272,4274,3115.77,3053.83,stop,-0.019879516138867737,-0.02187951613886774,-0.02185963662272887
2022H1,v9_regime_stability|2022H1|3481|3482|long,3481,2022-02-08 22:00:00+00:00,-0.0010000000000001102,long,160,0,4247,2022-02-16 21:15:00+00:00,2022-02,0,2,4248,4274,3149.46,3076.68,stop,-0.02310872340020198,-0.025108723400201982,-0.025085614676801777
2022H1,v9_regime_stability|2022H1|3481|3482|long,3481,2022-02-08 22:00:00+00:00,-0.0010000000000001102,long,160,1,2996,2022-02-03 20:30:00+00:00,2022-02,0,2,2997,3157,2596.89,3006.0,copied_horizon,0.1575384402111757,0.1555384402111757,0.1553809017709645
2022H1,v9_regime_stability|2022H1|3481|3482|long,3481,2022-02-08 22:00:00+00:00,-0.0010000000000001102,long,160,2,5401,2022-02-28 21:45:00+00:00,2022-02,0,2,5402,5562,2820.5,2958.31,copied_horizon,0.04886013118241439,0.04686013118241439,0.04681127105123198
2022H1,v9_regime_stability|2022H1|3654|3655|long,3654,2022-02-10 17:15:00+00:00,-0.03199907324457085,long,7,0,3661,2022-02-10 18:45:00+00:00,2022-02,0,4,3662,3668,3184.91,3089.3599999999997,stop,-0.030000847747660098,-0.0320008477476601,-0.03197084689991244
2022H1,v9_regime_stability|2022H1|3654|3655|long,3654,2022-02-10 17:15:00+00:00,-0.03199907324457085,long,7,1,4805,2022-02-22 16:45:00+00:00,2022-02,0,4,4806,4813,2602.04,2592.9,copied_horizon,-0.0035126285529815116,-0.005512628552981512,-0.0055091159244285304
2022H1,v9_regime_stability|2022H1|3654|3655|long,3654,2022-02-10 17:15:00+00:00,-0.03199907324457085,long,7,2,5093,2022-02-25 16:45:00+00:00,2022-02,0,4,5094,5101,2725.46,2675.28,copied_horizon,-0.018411570890785378,-0.02041157089078538,-0.02039315931989459
2022H1,v9_regime_stability|2022H1|3755|3756|short,3755,2022-02-11 18:30:00+00:00,-0.0009999999999999992,short,341,0,3471,2022-02-08 19:15:00+00:00,2022-02,0,2,3472,3476,3034.9,3115.78,stop,-0.02664997199248753,-0.028649971992487533,-0.02867662196448002
2022H1,v9_regime_stability|2022H1|3755|3756|short,3755,2022-02-11 18:30:00+00:00,-0.0009999999999999992,short,341,1,2894,2022-02-02 19:00:00+00:00,2022-02,0,2,2895,2908,2691.9,2689.2081000000003,stop,0.0009999999999998899,-0.0010000000000001102,-0.0009990000000001105
2022H1,v9_regime_stability|2022H1|3755|3756|short,3755,2022-02-11 18:30:00+00:00,-0.0009999999999999992,short,341,2,3951,2022-02-13 19:15:00+00:00,2022-02,0,2,3952,4022,2857.71,2932.55,stop,-0.02618880152289771,-0.02818880152289771,-0.028214990324420607
2022H1,v9_regime_stability|2022H1|4190|4191|long,4190,2022-02-16 07:15:00+00:00,-0.019309832609964328,long,26,0,4474,2022-02-19 06:00:00+00:00,2022-02,2,0,4475,4496,2805.26,2755.3,stop,-0.017809400911145468,-0.01980940091114547,-0.01979159151023432
2022H1,v9_regime_stability|2022H1|4190|4191|long,4190,2022-02-16 07:15:00+00:00,-0.019309832609964328,long,26,1,2749,2022-02-01 06:45:00+00:00,2022-02,2,0,2750,2760,2732.13,2734.86213,stop,0.0009999999999998899,-0.0010000000000001102,-0.0010010000000001099
2022H1,v9_regime_stability|2022H1|4190|4191|long,4190,2022-02-16 07:15:00+00:00,-0.019309832609964328,long,26,2,3997,2022-02-14 06:45:00+00:00,2022-02,2,0,3998,4024,2871.01,2925.67,copied_horizon,0.019038596173472033,0.01703859617347203,0.01701955757729856
2022H1,v9_regime_stability|2022H1|4242|4243|long,4242,2022-02-16 20:15:00+00:00,-0.028394935205251826,long,31,0,5397,2022-02-28 20:45:00+00:00,2022-02,0,3,5398,5429,2834.33,2924.81,copied_horizon,0.03192288830164447,0.029922888301644468,0.029890965413342824
2022H1,v9_regime_stability|2022H1|4242|4243|long,4242,2022-02-16 20:15:00+00:00,-0.028394935205251826,long,31,1,2887,2022-02-02 17:15:00+00:00,2022-02,0,3,2888,2903,2678.27,2680.94827,stop,0.0009999999999998899,-0.0010000000000001102,-0.0010010000000001099
2022H1,v9_regime_stability|2022H1|4242|4243|long,4242,2022-02-16 20:15:00+00:00,-0.028394935205251826,long,31,2,3476,2022-02-08 20:30:00+00:00,2022-02,0,3,3477,3508,3106.2,3085.09,copied_horizon,-0.006796085248856998,-0.008796085248856998,-0.008789289163608141
2022H1,v9_regime_stability|2022H1|4489|4490|short,4489,2022-02-19 10:00:00+00:00,-0.0009999999999999992,short,25,0,3507,2022-02-09 04:15:00+00:00,2022-02,2,0,3508,3531,3083.26,3140.2700000000004,stop,-0.018490169495923192,-0.020490169495923194,-0.020508659665419114
2022H1,v9_regime_stability|2022H1|4489|4490|short,4489,2022-02-19 10:00:00+00:00,-0.0009999999999999992,short,25,1,3334,2022-02-07 09:00:00+00:00,2022-02,2,0,3335,3357,3069.57,3125.44,stop,-0.01820124642865273,-0.02020124642865273,-0.02021944767508138
2022H1,v9_regime_stability|2022H1|4489|4490|short,4489,2022-02-19 10:00:00+00:00,-0.0009999999999999992,short,25,2,4195,2022-02-16 08:15:00+00:00,2022-02,2,0,4196,4221,3157.3,3062.79,copied_horizon,0.02993380419979108,0.02793380419979108,0.027963738003990872
2022H1,v9_regime_stability|2022H1|4631|4632|short,4631,2022-02-20 21:30:00+00:00,-0.027456767586132358,short,5,0,4130,2022-02-15 16:00:00+00:00,2022-02,0,1,4131,4136,3134.61,3098.73,copied_horizon,0.011446400030625803,0.009446400030625803,0.00945784643065643
2022H1,v9_regime_stability|2022H1|4631|4632|short,4631,2022-02-20 21:30:00+00:00,-0.027456767586132358,short,5,1,4228,2022-02-16 16:30:00+00:00,2022-02,0,1,4229,4234,3066.6,3077.36,copied_horizon,-0.0035087719298245723,-0.005508771929824572,-0.005512280701754397
2022H1,v9_regime_stability|2022H1|4631|4632|short,4631,2022-02-20 21:30:00+00:00,-0.027456767586132358,short,5,2,4626,2022-02-20 20:00:00+00:00,2022-02,0,1,4627,4632,2631.78,2582.81,copied_horizon,0.018607178411569447,0.016607178411569445,0.016625785589981016
2022H1,v9_regime_stability|2022H1|4689|4690|short,4689,2022-02-21 12:00:00+00:00,-0.0009999999999999992,short,8,0,3536,2022-02-09 11:30:00+00:00,2022-02,3,2,3537,3542,3138.98,3211.39,stop,-0.023068002981860403,-0.025068002981860404,-0.025091070984842263
2022H1,v9_regime_stability|2022H1|4689|4690|short,4689,2022-02-21 12:00:00+00:00,-0.0009999999999999992,short,8,1,3533,2022-02-09 10:45:00+00:00,2022-02,3,2,3534,3542,3136.34,3210.65,stop,-0.023693222035876094,-0.025693222035876095,-0.02571691525791197
2022H1,v9_regime_stability|2022H1|4689|4690|short,4689,2022-02-21 12:00:00+00:00,-0.0009999999999999992,short,8,2,3052,2022-02-04 10:30:00+00:00,2022-02,3,2,3053,3061,2837.79,2839.92,copied_horizon,-0.0007505840812744857,-0.0027505840812744858,-0.0027513346653557603
2022H1,v9_regime_stability|2022H1|4716|4717|short,4716,2022-02-21 18:45:00+00:00,-0.03199885762156818,short,0,0,3764,2022-02-11 20:30:00+00:00,2022-02,0,4,3765,3765,2929.45,2918.99,copied_horizon,0.003570636126235316,0.0015706361262353159,0.0015742067623615514
2022H1,v9_regime_stability|2022H1|4716|4717|short,4716,2022-02-21 18:45:00+00:00,-0.03199885762156818,short,0,1,4423,2022-02-18 17:15:00+00:00,2022-02,0,4,4424,4424,2787.02,2780.29,copied_horizon,0.002414765591922552,0.00041476559192255187,0.0004171803575144747
2022H1,v9_regime_stability|2022H1|4716|4717|short,4716,2022-02-21 18:45:00+00:00,-0.03199885762156818,short,0,2,4419,2022-02-18 16:15:00+00:00,2022-02,0,4,4420,4420,2808.6,2812.74,copied_horizon,-0.001474044007690578,-0.003474044007690578,-0.003475518051698269
2022H1,v9_regime_stability|2022H1|5074|5075|long,5074,2022-02-25 12:15:00+00:00,-0.0010000000000001102,long,10,0,5365,2022-02-28 12:45:00+00:00,2022-02,3,3,5366,5376,2634.01,2803.0,copied_horizon,0.0641569318263786,0.0621569318263786,0.06209277489455223
2022H1,v9_regime_stability|2022H1|5074|5075|long,5074,2022-02-25 12:15:00+00:00,-0.0010000000000001102,long,10,1,3550,2022-02-09 15:00:00+00:00,2022-02,3,3,3551,3561,3180.62,3199.1,copied_horizon,0.005810187950776813,0.003810187950776813,0.0038043777628260357
2022H1,v9_regime_stability|2022H1|5074|5075|long,5074,2022-02-25 12:15:00+00:00,-0.0010000000000001102,long,10,2,5358,2022-02-28 11:00:00+00:00,2022-02,3,3,5359,5369,2632.34,2617.89,copied_horizon,-0.005489412461916143,-0.007489412461916143,-0.007483923049454227
2022H1,v9_regime_stability|2022H1|5461|5462|long,5461,2022-03-01 13:00:00+00:00,-0.0010000000000001102,long,10,0,6335,2022-03-10 15:15:00+00:00,2022-03,3,4,6336,6346,2600.34,2588.93,copied_horizon,-0.0043878877377574454,-0.0063878877377574455,-0.006383499850019688
2022H1,v9_regime_stability|2022H1|5461|5462|long,5461,2022-03-01 13:00:00+00:00,-0.0010000000000001102,long,10,1,6420,2022-03-11 12:30:00+00:00,2022-03,3,4,6421,6431,2655.76,2580.2900000000004,stop,-0.028417477482905018,-0.03041747748290502,-0.030389060005422113
2022H1,v9_regime_stability|2022H1|5461|5462|long,5461,2022-03-01 13:00:00+00:00,-0.0010000000000001102,long,10,2,6418,2022-03-11 12:00:00+00:00,2022-03,3,4,6419,6429,2652.29,2609.88,copied_horizon,-0.01598995584947338,-0.017989955849473382,-0.017973965893623906
2022H1,v9_regime_stability|2022H1|5487|5488|long,5487,2022-03-01 19:30:00+00:00,-0.0010000000000001102,long,39,0,5590,2022-03-02 21:00:00+00:00,2022-03,0,4,5591,5630,2945.6,2908.96,copied_horizon,-0.012438891906572436,-0.014438891906572436,-0.014426453014665863
2022H1,v9_regime_stability|2022H1|5487|5488|long,5487,2022-03-01 19:30:00+00:00,-0.0010000000000001102,long,39,1,6338,2022-03-10 16:00:00+00:00,2022-03,0,4,6339,6378,2604.38,2536.31,copied_horizon,-0.026136738878351107,-0.02813673887835111,-0.028110602139472755
2022H1,v9_regime_stability|2022H1|5487|5488|long,5487,2022-03-01 19:30:00+00:00,-0.0010000000000001102,long,39,2,5769,2022-03-04 17:45:00+00:00,2022-03,0,4,5770,5777,2690.05,2609.82,stop,-0.02982472444750095,-0.03182472444750095,-0.03179489972305345
2022H1,v9_regime_stability|2022H1|5662|5663|short,5662,2022-03-03 15:15:00+00:00,0.07452271178146352,short,1216,0,6129,2022-03-08 11:45:00+00:00,2022-03,3,3,6130,6146,2587.62,2585.03238,stop,0.0009999999999998899,-0.0010000000000001102,-0.0009990000000001105
2022H1,v9_regime_stability|2022H1|5662|5663|short,5662,2022-03-03 15:15:00+00:00,0.07452271178146352,short,1216,1,8256,2022-03-30 15:30:00+00:00,2022-03,3,3,8257,8265,3370.54,3436.12,stop,-0.019456822942317764,-0.021456822942317766,-0.021476279765260082
2022H1,v9_regime_stability|2022H1|5662|5663|short,5662,2022-03-03 15:15:00+00:00,0.07452271178146352,short,1216,2,6131,2022-03-08 12:15:00+00:00,2022-03,3,3,6132,6146,2576.05,2573.47395,stop,0.0010000000000000009,-0.0009999999999999992,-0.0009989999999999995
2022H1,v9_regime_stability|2022H1|6878|6879|long,6878,2022-03-16 07:15:00+00:00,-0.0010000000000001102,long,43,0,6214,2022-03-09 09:00:00+00:00,2022-03,2,3,6215,6254,2758.5,2691.71,stop,-0.02421243429400033,-0.02621243429400033,-0.026188221859706328
2022H1,v9_regime_stability|2022H1|6878|6879|long,6878,2022-03-16 07:15:00+00:00,-0.0010000000000001102,long,43,1,8216,2022-03-30 05:30:00+00:00,2022-03,2,3,8217,8260,3391.87,3399.51,copied_horizon,0.00225244481657616,0.0002524448165761601,0.00025019237175958426
2022H1,v9_regime_stability|2022H1|6878|6879|long,6878,2022-03-16 07:15:00+00:00,-0.0010000000000001102,long,43,2,5431,2022-03-01 05:15:00+00:00,2022-03,2,3,5432,5475,2918.37,2944.56,copied_horizon,0.008974187645843346,0.0069741876458433456,0.006965213458197502
2022H1,v9_regime_stability|2022H1|7605|7606|long,7605,2022-03-23 21:00:00+00:00,0.0607306273062731,long,1418,0,7599,2022-03-23 19:15:00+00:00,2022-03,0,2,7600,9018,2970.0,3216.27,copied_horizon,0.08291919191919184,0.08091919191919184,0.08083627272727265
2022H1,v9_regime_stability|2022H1|7605|7606|long,7605,2022-03-23 21:00:00+00:00,0.0607306273062731,long,1418,1,6449,2022-03-11 19:45:00+00:00,2022-03,0,2,6450,6562,2557.39,2559.94739,stop,0.0009999999999998899,-0.0010000000000001102,-0.0010010000000001099
2022H1,v9_regime_stability|2022H1|7605|7606|long,7605,2022-03-23 21:00:00+00:00,0.0607306273062731,long,1418,2,7309,2022-03-20 18:45:00+00:00,2022-03,0,2,7310,7331,2843.47,2846.3134699999996,stop,0.0009999999999998899,-0.0010000000000001102,-0.0010010000000001099
2022H1,v9_regime_stability|2022H1|9023|9024|short,9023,2022-04-07 15:30:00+00:00,-0.027514520202020165,short,31,0,8914,2022-04-06 12:00:00+00:00,2022-04,3,4,8915,8946,3321.52,3212.42,copied_horizon,0.03284640766877811,0.03084640766877811,0.03087925407644689
2022H1,v9_regime_stability|2022H1|9023|9024|short,9023,2022-04-07 15:30:00+00:00,-0.027514520202020165,short,31,1,8912,2022-04-06 11:30:00+00:00,2022-04,3,4,8913,8944,3306.7,3220.24,copied_horizon,0.0261469138415944,0.024146913841594397,0.024173060755435995
2022H1,v9_regime_stability|2022H1|9023|9024|short,9023,2022-04-07 15:30:00+00:00,-0.027514520202020165,short,31,2,11134,2022-04-29 15:00:00+00:00,2022-04,3,4,11135,11166,2851.31,2821.38,copied_horizon,0.010496929481536466,0.008496929481536466,0.008507426411018003
2022H1,v9_regime_stability|2022H1|9314|9315|long,9314,2022-04-10 16:15:00+00:00,-0.0010000000000001102,long,24,0,9992,2022-04-17 17:30:00+00:00,2022-04,0,0,9993,10015,3060.31,3022.97,stop,-0.012201378291741727,-0.014201378291741727,-0.014189176913449985
2022H1,v9_regime_stability|2022H1|9314|9315|long,9314,2022-04-10 16:15:00+00:00,-0.0010000000000001102,long,24,1,9320,2022-04-10 17:30:00+00:00,2022-04,0,0,9321,9339,3301.0,3259.54,stop,-0.012559830354438084,-0.014559830354438084,-0.014547270524083646
2022H1,v9_regime_stability|2022H1|9314|9315|long,9314,2022-04-10 16:15:00+00:00,-0.0010000000000001102,long,24,2,9989,2022-04-17 16:45:00+00:00,2022-04,0,0,9990,10014,3058.55,3027.54,copied_horizon,-0.010138791257295221,-0.012138791257295221,-0.012128652466037925
2022H1,v9_regime_stability|2022H1|9518|9519|short,9518,2022-04-12 19:15:00+00:00,-0.02432499657233067,short,32,0,10277,2022-04-20 16:45:00+00:00,2022-04,0,3,10278,10310,3081.05,3081.18,copied_horizon,-4.219340809119565e-05,-0.0020421934080911957,-0.0020422356014992865
2022H1,v9_regime_stability|2022H1|9518|9519|short,9518,2022-04-12 19:15:00+00:00,-0.02432499657233067,short,32,1,9610,2022-04-13 18:00:00+00:00,2022-04,0,3,9611,9643,3086.37,3132.58,copied_horizon,-0.01497228135317541,-0.01697228135317541,-0.016987253634528587
2022H1,v9_regime_stability|2022H1|9518|9519|short,9518,2022-04-12 19:15:00+00:00,-0.02432499657233067,short,32,2,10288,2022-04-20 19:30:00+00:00,2022-04,0,3,10289,10321,3074.89,3096.32,copied_horizon,-0.0069693550013172345,-0.008969355001317235,-0.008976324356318552
2022H1,v9_regime_stability|2022H1|9586|9587|short,9586,2022-04-13 12:15:00+00:00,-0.018978854960570057,short,6,0,11118,2022-04-29 11:00:00+00:00,2022-04,3,1,11119,11125,2858.0,2859.0,copied_horizon,-0.0003498950314906324,-0.0023498950314906324,-0.002350244926522123
2022H1,v9_regime_stability|2022H1|9586|9587|short,9586,2022-04-13 12:15:00+00:00,-0.018978854960570057,short,6,1,8426,2022-04-01 10:00:00+00:00,2022-04,3,1,8427,8433,3274.85,3283.85,copied_horizon,-0.0027482174756094935,-0.0047482174756094935,-0.0047509656930851026
2022H1,v9_regime_stability|2022H1|9586|9587|short,9586,2022-04-13 12:15:00+00:00,-0.018978854960570057,short,6,2,10067,2022-04-18 12:15:00+00:00,2022-04,3,1,10068,10074,2935.0,2935.88,copied_horizon,-0.0002998296422487279,-0.002299829642248728,-0.0023001294718909765
2022H1,v9_regime_stability|2022H1|9667|9668|long,9667,2022-04-14 08:30:00+00:00,-0.013486273677985714,long,12,0,10528,2022-04-23 07:30:00+00:00,2022-04,2,0,10529,10541,2953.8,2956.9,copied_horizon,0.0010494955650348636,-0.0009505044349651364,-0.0009515539305301711
2022H1,v9_regime_stability|2022H1|9667|9668|long,9667,2022-04-14 08:30:00+00:00,-0.013486273677985714,long,12,1,9663,2022-04-14 07:15:00+00:00,2022-04,2,0,9664,9676,3114.99,3090.74,copied_horizon,-0.007784936709267165,-0.009784936709267165,-0.009777151772557897
2022H1,v9_regime_stability|2022H1|9667|9668|long,9667,2022-04-14 08:30:00+00:00,-0.013486273677985714,long,12,2,11192,2022-04-30 05:30:00+00:00,2022-04,2,0,11193,11205,2834.87,2822.66,copied_horizon,-0.00430707580947276,-0.00630707580947276,-0.0063027687336632875
2022H1,v9_regime_stability|2022H1|9812|9813|short,9812,2022-04-15 20:45:00+00:00,-0.014146779648688932,short,73,0,10009,2022-04-17 21:45:00+00:00,2022-04,0,0,10010,10083,3053.97,2915.01,copied_horizon,0.04550142928712453,0.04350142928712453,0.04354693071641165
2022H1,v9_regime_stability|2022H1|9812|9813|short,9812,2022-04-15 20:45:00+00:00,-0.014146779648688932,short,73,1,9997,2022-04-17 18:45:00+00:00,2022-04,0,0,9998,10010,3031.73,3073.94,stop,-0.013922743779954061,-0.015922743779954063,-0.015936666523734017
2022H1,v9_regime_stability|2022H1|9812|9813|short,9812,2022-04-15 20:45:00+00:00,-0.014146779648688932,short,73,2,10681,2022-04-24 21:45:00+00:00,2022-04,0,0,10682,10755,2944.4,2908.06,copied_horizon,0.0123420730878957,0.0103420730878957,0.010354415160983595
2022H1,v9_regime_stability|2022H1|9887|9888|short,9887,2022-04-16 15:30:00+00:00,-0.015133686300463188,short,26,0,9873,2022-04-16 11:45:00+00:00,2022-04,3,0,9874,9886,3039.85,3060.11,stop,-0.006664802539599002,-0.008664802539599002,-0.0086714673421386
2022H1,v9_regime_stability|2022H1|9887|9888|short,9887,2022-04-16 15:30:00+00:00,-0.015133686300463188,short,26,1,8811,2022-04-05 10:15:00+00:00,2022-04,3,0,8812,8819,3515.12,3549.7,stop,-0.009837501991397213,-0.011837501991397213,-0.01184733949338861
2022H1,v9_regime_stability|2022H1|9887|9888|short,9887,2022-04-16 15:30:00+00:00,-0.015133686300463188,short,26,2,9675,2022-04-14 10:15:00+00:00,2022-04,3,0,9676,9702,3097.0,3013.34,copied_horizon,0.02701323861801741,0.025013238618017408,0.02504025185663543
2022H1,v9_regime_stability|2022H1|10010|10011|long,10010,2022-04-17 22:15:00+00:00,-0.0175804000065094,long,4,0,8778,2022-04-05 02:00:00+00:00,2022-04,1,1,8779,8783,3522.46,3523.63,copied_horizon,0.00033215423312116243,-0.0016678457668788376,-0.0016681779211119587
2022H1,v9_regime_stability|2022H1|10010|10011|long,10010,2022-04-17 22:15:00+00:00,-0.0175804000065094,long,4,1,11174,2022-04-30 01:00:00+00:00,2022-04,1,1,11175,11179,2826.9,2830.89,copied_horizon,0.0014114400933884497,-0.0005885599066115504,-0.000589971346704939
2022H1,v9_regime_stability|2022H1|10010|10011|long,10010,2022-04-17 22:15:00+00:00,-0.0175804000065094,long,4,2,8781,2022-04-05 02:45:00+00:00,2022-04,1,1,8782,8786,3515.16,3521.98,copied_horizon,0.0019401677306296605,-5.9832269370339516e-05,-6.1772437100969e-05
2022H1,v9_regime_stability|2022H1|10162|10163|long,10162,2022-04-19 12:15:00+00:00,-0.0010000000000001102,long,108,0,10837,2022-04-26 12:45:00+00:00,2022-04,3,1,10838,10842,2978.88,2934.29,stop,-0.014968713073369888,-0.01696871307336989,-0.016953744360296518
2022H1,v9_regime_stability|2022H1|10162|10163|long,10162,2022-04-19 12:15:00+00:00,-0.0010000000000001102,long,108,1,10068,2022-04-18 12:30:00+00:00,2022-04,3,1,10069,10177,2937.57,3111.3,copied_horizon,0.05914071834883927,0.05714071834883927,0.05708157763049043
2022H1,v9_regime_stability|2022H1|10162|10163|long,10162,2022-04-19 12:15:00+00:00,-0.0010000000000001102,long,108,2,9585,2022-04-13 11:45:00+00:00,2022-04,3,1,9586,9694,3014.88,3044.29,copied_horizon,0.009754948787348061,0.007754948787348061,0.007745193838560713
2022H1,v9_regime_stability|2022H1|10338|10339|long,10338,2022-04-21 08:15:00+00:00,-0.0010000000000001102,long,31,0,10707,2022-04-25 04:15:00+00:00,2022-04,2,1,10708,10717,2865.41,2819.41,stop,-0.016053549055807026,-0.018053549055807028,-0.018037495506751218
2022H1,v9_regime_stability|2022H1|10338|10339|long,10338,2022-04-21 08:15:00+00:00,-0.0010000000000001102,long,31,1,10056,2022-04-18 09:30:00+00:00,2022-04,2,1,10057,10080,2903.08,2905.9830799999995,stop,0.0009999999999998899,-0.0010000000000001102,-0.0010010000000001099
2022H1,v9_regime_stability|2022H1|10338|10339|long,10338,2022-04-21 08:15:00+00:00,-0.0010000000000001102,long,31,2,10329,2022-04-21 05:45:00+00:00,2022-04,2,1,10330,10361,3072.48,3155.08,copied_horizon,0.02688382023642144,0.02488382023642144,0.02485693641618502
2022H1,v9_regime_stability|2022H1|10443|10444|short,10443,2022-04-22 10:30:00+00:00,-0.0009999999999999992,short,323,0,10078,2022-04-18 15:00:00+00:00,2022-04,3,2,10079,10089,2925.53,2979.5600000000004,stop,-0.018468448452075403,-0.020468448452075405,-0.02048691690052748
2022H1,v9_regime_stability|2022H1|10443|10444|short,10443,2022-04-22 10:30:00+00:00,-0.0009999999999999992,short,323,1,8722,2022-04-04 12:00:00+00:00,2022-04,3,2,8723,8752,3489.97,3486.4800299999997,stop,0.0010000000000000009,-0.0009999999999999992,-0.0009989999999999995
2022H1,v9_regime_stability|2022H1|10443|10444|short,10443,2022-04-22 10:30:00+00:00,-0.0009999999999999992,short,323,2,10175,2022-04-19 15:15:00+00:00,2022-04,3,2,10176,10249,3118.47,3115.35153,stop,0.0010000000000000009,-0.0009999999999999992,-0.0009989999999999995
2022H1,v9_regime_stability|2022H1|11046|11047|long,11046,2022-04-28 17:15:00+00:00,-0.0010000000000001102,long,11,0,8948,2022-04-06 20:30:00+00:00,2022-04,0,4,8949,8960,3210.08,3189.44,copied_horizon,-0.0064297462991576015,-0.008429746299157602,-0.008423316552858443
2022H1,v9_regime_stability|2022H1|11046|11047|long,11046,2022-04-28 17:15:00+00:00,-0.0010000000000001102,long,11,1,10853,2022-04-26 16:45:00+00:00,2022-04,0,4,10854,10865,2881.69,2838.9,copied_horizon,-0.014848925456936723,-0.016848925456936725,-0.016834076531479787
2022H1,v9_regime_stability|2022H1|11046|11047|long,11046,2022-04-28 17:15:00+00:00,-0.0010000000000001102,long,11,2,10757,2022-04-25 16:45:00+00:00,2022-04,0,4,10758,10769,2923.0,3013.55,copied_horizon,0.03097844680123174,0.02897844680123174,0.02894746835443051
2022H1,v9_regime_stability|2022H1|11779|11780|short,11779,2022-05-06 08:30:00+00:00,-0.0009999999999998881,short,27,0,13012,2022-05-19 04:30:00+00:00,2022-05,2,2,13013,13039,1952.7,1950.7473,stop,0.0010000000000000009,-0.0009999999999999992,-0.0009989999999999995
2022H1,v9_regime_stability|2022H1|11779|11780|short,11779,2022-05-06 08:30:00+00:00,-0.0009999999999998881,short,27,1,13016,2022-05-19 05:30:00+00:00,2022-05,2,2,13017,13037,1947.52,1945.57248,stop,0.0010000000000000009,-0.0009999999999999992,-0.0009989999999999995
2022H1,v9_regime_stability|2022H1|11779|11780|short,11779,2022-05-06 08:30:00+00:00,-0.0009999999999998881,short,27,2,11781,2022-05-06 08:45:00+00:00,2022-05,2,2,11782,11796,2719.52,2716.80048,stop,0.0010000000000000009,-0.0009999999999999992,-0.0009989999999999995
2022H1,v9_regime_stability|2022H1|11850|11851|short,11850,2022-05-07 02:15:00+00:00,0.3225527560051039,short,2193,0,14059,2022-05-30 02:15:00+00:00,2022-05,1,1,14060,14106,1876.72,1920.6100000000001,stop,-0.02338654674112295,-0.02538654674112295,-0.025409933287864072
2022H1,v9_regime_stability|2022H1|11850|11851|short,11850,2022-05-07 02:15:00+00:00,0.3225527560051039,short,2193,1,13476,2022-05-24 00:30:00+00:00,2022-05,1,1,13477,13519,1983.24,1981.25676,stop,0.0010000000000000009,-0.0009999999999999992,-0.0009989999999999995
2022H1,v9_regime_stability|2022H1|11850|11851|short,11850,2022-05-07 02:15:00+00:00,0.3225527560051039,short,2193,2,13096,2022-05-20 01:30:00+00:00,2022-05,1,1,13097,13129,2046.13,2044.0838700000002,stop,0.0010000000000000009,-0.0009999999999999992,-0.0009989999999999995
2022H1,v9_regime_stability|2022H1|14043|14044|long,14043,2022-05-29 22:30:00+00:00,-0.0010000000000001102,long,273,0,13488,2022-05-24 03:30:00+00:00,2022-05,1,0,13489,13510,1988.36,1955.09,stop,-0.01673238246595188,-0.01873238246595188,-0.018715650083485927
2022H1,v9_regime_stability|2022H1|14043|14044|long,14043,2022-05-29 22:30:00+00:00,-0.0010000000000001102,long,273,1,11662,2022-05-05 03:00:00+00:00,2022-05,1,0,11663,11705,2944.8,2908.8100000000004,stop,-0.01222154305895129,-0.01422154305895129,-0.014209321515892338
2022H1,v9_regime_stability|2022H1|14043|14044|long,14043,2022-05-29 22:30:00+00:00,-0.0010000000000001102,long,273,2,13677,2022-05-26 02:45:00+00:00,2022-05,1,0,13678,13690,1951.78,1918.5,stop,-0.01705110207093008,-0.01905110207093008,-0.01903405096885915
2022H1,v9_regime_stability|2022H1|15142|15143|short,15142,2022-06-10 09:15:00+00:00,0.3649538261094202,short,961,0,14554,2022-06-04 06:00:00+00:00,2022-06,2,0,14555,14618,1770.53,1795.33,stop,-0.014007105217081817,-0.01600710521708182,-0.0160211123222989
2022H1,v9_regime_stability|2022H1|15142|15143|short,15142,2022-06-10 09:15:00+00:00,0.3649538261094202,short,961,1,15135,2022-06-10 07:15:00+00:00,2022-06,2,0,15136,16097,1789.5,1079.69,copied_horizon,0.3966526962838781,0.3946526962838781,0.395049348980162
2022H1,v9_regime_stability|2022H1|15142|15143|short,15142,2022-06-10 09:15:00+00:00,0.3649538261094202,short,961,2,14462,2022-06-03 07:00:00+00:00,2022-06,2,0,14463,14690,1819.21,1817.39079,stop,0.001000000000000112,-0.0009999999999998881,-0.000998999999999888
2022H1,v9_regime_stability|2022H1|16103|16104|long,16103,2022-06-20 09:30:00+00:00,-0.0010000000000001102,long,11,0,15709,2022-06-16 06:45:00+00:00,2022-06,2,3,15710,15718,1175.66,1140.39,stop,-0.03000017011721079,-0.03200017011721079,-0.03197016994709358
2022H1,v9_regime_stability|2022H1|16103|16104|long,16103,2022-06-20 09:30:00+00:00,-0.0010000000000001102,long,11,1,16088,2022-06-20 05:30:00+00:00,2022-06,2,3,16089,16092,1069.24,1070.3092399999998,stop,0.0009999999999998899,-0.0010000000000001102,-0.0010010000000001099
2022H1,v9_regime_stability|2022H1|16103|16104|long,16103,2022-06-20 09:30:00+00:00,-0.0010000000000001102,long,11,2,15912,2022-06-18 09:30:00+00:00,2022-06,2,3,15913,15924,987.41,999.44,copied_horizon,0.01218338886582071,0.01018338886582071,0.01017120547695489
2022H2,v9_regime_stability|2022H2|17167|17168|short,17167,2022-07-01 11:30:00+00:00,-0.031999617839263195,short,24,0,19105,2022-07-21 15:45:00+00:00,2022-07,3,3,19106,19107,1510.43,1555.75,stop,-0.030004700648159854,-0.032004700648159856,-0.032034705348808014
2022H2,v9_regime_stability|2022H2|17167|17168|short,17167,2022-07-01 11:30:00+00:00,-0.031999617839263195,short,24,1,18816,2022-07-18 15:30:00+00:00,2022-07,3,3,18817,18839,1489.35,1487.8606499999999,stop,0.0010000000000000009,-0.0009999999999999992,-0.0009989999999999995
2022H2,v9_regime_stability|2022H2|17167|17168|short,17167,2022-07-01 11:30:00+00:00,-0.031999617839263195,short,24,2,19967,2022-07-30 15:15:00+00:00,2022-07,3,3,19968,19992,1732.25,1706.55,copied_horizon,0.01483619569923511,0.01283619569923511,0.012851031894934346
2022H2,v9_regime_stability|2022H2|17586|17587|long,17586,2022-07-05 20:15:00+00:00,-0.032003090447084714,long,13,0,18454,2022-07-14 21:00:00+00:00,2022-07,0,2,18455,18468,1193.34,1184.96,copied_horizon,-0.0070223071379488244,-0.009022307137948824,-0.009015284830810875
2022H2,v9_regime_stability|2022H2|17586|17587|long,17586,2022-07-05 20:15:00+00:00,-0.032003090447084714,long,13,1,18534,2022-07-15 17:00:00+00:00,2022-07,0,2,18535,18548,1231.73,1259.17,copied_horizon,0.022277609541051957,0.020277609541051955,0.020255331931510905
2022H2,v9_regime_stability|2022H2|17586|17587|long,17586,2022-07-05 20:15:00+00:00,-0.032003090447084714,long,13,2,18541,2022-07-15 18:45:00+00:00,2022-07,0,2,18542,18548,1254.87,1256.1248699999996,stop,0.0009999999999998899,-0.0010000000000001102,-0.0010010000000001099
2022H2,v9_regime_stability|2022H2|17872|17873|long,17872,2022-07-08 19:45:00+00:00,-0.03199951846679838,long,20,0,19595,2022-07-26 18:15:00+00:00,2022-07,0,2,19596,19608,1378.86,1380.2388599999997,stop,0.0009999999999998899,-0.0010000000000001102,-0.0010010000000001099
2022H2,v9_regime_stability|2022H2|17872|17873|long,17872,2022-07-08 19:45:00+00:00,-0.03199951846679838,long,20,1,17865,2022-07-08 17:45:00+00:00,2022-07,0,2,17866,17886,1225.58,1232.71,copied_horizon,0.00581765368233822,0.0038176536823382196,0.003811836028655882
2022H2,v9_regime_stability|2022H2|17872|17873|long,17872,2022-07-08 19:45:00+00:00,-0.03199951846679838,long,20,2,18436,2022-07-14 16:30:00+00:00,2022-07,0,2,18437,18457,1141.22,1181.96,copied_horizon,0.035698638299363816,0.033698638299363814,0.033662939661064456
2022H2,v9_regime_stability|2022H2|18164|18165|short,18164,2022-07-11 20:45:00+00:00,-0.0009999999999999992,short,268,0,18059,2022-07-10 18:15:00+00:00,2022-07,0,0,18060,18328,1167.0,1036.54,copied_horizon,0.11179091688089116,0.10979091688089115,0.10990270779777205
2022H2,v9_regime_stability|2022H2|18164|18165|short,18164,2022-07-11 20:45:00+00:00,-0.0009999999999999992,short,268,1,18154,2022-07-11 18:00:00+00:00,2022-07,0,0,18155,18423,1151.8,1079.45,copied_horizon,0.06281472477860728,0.060814724778607276,0.06087753950338588
2022H2,v9_regime_stability|2022H2|18164|18165|short,18164,2022-07-11 20:45:00+00:00,-0.0009999999999999992,short,268,2,18147,2022-07-11 16:15:00+00:00,2022-07,0,0,18148,18416,1145.45,1081.04,copied_horizon,0.0562311755205378,0.0542311755205378,0.05428740669605834
2022H2,v9_regime_stability|2022H2|18433|18434|long,18433,2022-07-14 16:00:00+00:00,0.3402309465179252,long,845,0,19275,2022-07-23 10:15:00+00:00,2022-07,3,2,19276,19282,1559.5,1515.01,stop,-0.028528374478999696,-0.030528374478999698,-0.030499846104520695
2022H2,v9_regime_stability|2022H2|18433|18434|long,18433,2022-07-14 16:00:00+00:00,0.3402309465179252,long,845,1,19758,2022-07-28 11:00:00+00:00,2022-07,3,2,19759,19769,1624.6,1626.2245999999998,stop,0.0009999999999998899,-0.0010000000000001102,-0.0010010000000001099
2022H2,v9_regime_stability|2022H2|18433|18434|long,18433,2022-07-14 16:00:00+00:00,0.3402309465179252,long,845,2,19467,2022-07-25 10:15:00+00:00,2022-07,3,2,19468,19483,1544.07,1502.73,stop,-0.026773397579125224,-0.028773397579125226,-0.0287466241815461
2022H2,v9_regime_stability|2022H2|19278|19279|short,19278,2022-07-23 11:15:00+00:00,-0.0009999999999998881,short,8,0,18334,2022-07-13 15:00:00+00:00,2022-07,3,3,18335,18341,1068.9,1067.8311,stop,0.0010000000000000009,-0.0009999999999999992,-0.0009989999999999995
2022H2,v9_regime_stability|2022H2|19278|19279|short,19278,2022-07-23 11:15:00+00:00,-0.0009999999999998881,short,8,1,19853,2022-07-29 10:45:00+00:00,2022-07,3,3,19854,19862,1720.65,1666.36,copied_horizon,0.031552029756196864,0.029552029756196863,0.02958358178595306
2022H2,v9_regime_stability|2022H2|19278|19279|short,19278,2022-07-23 11:15:00+00:00,-0.0009999999999998881,short,8,2,19090,2022-07-21 12:00:00+00:00,2022-07,3,3,19091,19099,1497.03,1488.94,copied_horizon,0.005404033319305501,0.003404033319305501,0.0034094373526248065
2022H2,v9_regime_stability|2022H2|21452|21453|long,21452,2022-08-15 02:45:00+00:00,-0.027812743823146913,long,13,0,23073,2022-08-31 23:45:00+00:00,2022-08,1,3,23074,23087,1553.6,1555.49,copied_horizon,0.0012165293511843256,-0.0007834706488156745,-0.0007846871781668589
2022H2,v9_regime_stability|2022H2|21452|21453|long,21452,2022-08-15 02:45:00+00:00,-0.027812743823146913,long,13,1,20197,2022-08-02 00:45:00+00:00,2022-08,1,3,20198,20204,1632.35,1583.3799999999999,stop,-0.029999693693141816,-0.03199969369314182,-0.03196969399944868
2022H2,v9_regime_stability|2022H2|21452|21453|long,21452,2022-08-15 02:45:00+00:00,-0.027812743823146913,long,13,2,21162,2022-08-12 02:00:00+00:00,2022-08,1,3,21163,21176,1871.84,1894.25,copied_horizon,0.011972177109154769,0.009972177109154769,0.009960204932045615
2022H2,v9_regime_stability|2022H2|21470|21471|short,21470,2022-08-15 07:15:00+00:00,-0.0009999999999999992,short,5,0,21472,2022-08-15 07:30:00+00:00,2022-08,2,4,21473,21478,1901.39,1899.77,copied_horizon,0.0008520082676358731,-0.001147991732364127,-0.0011471397240964908
2022H2,v9_regime_stability|2022H2|21470|21471|short,21470,2022-08-15 07:15:00+00:00,-0.0009999999999999992,short,5,1,21078,2022-08-11 05:00:00+00:00,2022-08,2,4,21079,21084,1898.17,1887.03,copied_horizon,0.005868810485889053,0.0038688104858890533,0.003874679296374942
2022H2,v9_regime_stability|2022H2|21470|21471|short,21470,2022-08-15 07:15:00+00:00,-0.0009999999999999992,short,5,2,21554,2022-08-16 04:00:00+00:00,2022-08,2,4,21555,21560,1886.6,1864.65,copied_horizon,0.01163468673804724,0.00963468673804724,0.009646321424785286
2022H2,v9_regime_stability|2022H2|21825|21826|short,21825,2022-08-19 00:00:00+00:00,0.09089590848526208,short,584,0,21648,2022-08-17 03:30:00+00:00,2022-08,1,1,21649,21658,1896.63,1934.97,stop,-0.020214802043624802,-0.022214802043624804,-0.022235016845668427
2022H2,v9_regime_stability|2022H2|21825|21826|short,21825,2022-08-19 00:00:00+00:00,0.09089590848526208,short,584,1,20399,2022-08-04 03:15:00+00:00,2022-08,1,1,20400,20489,1647.1,1645.4529,stop,0.0009999999999998899,-0.0010000000000001102,-0.0009990000000001105
2022H2,v9_regime_stability|2022H2|21825|21826|short,21825,2022-08-19 00:00:00+00:00,0.09089590848526208,short,584,2,22882,2022-08-30 00:00:00+00:00,2022-08,1,1,22883,22901,1544.95,1584.92,stop,-0.025871387423541226,-0.027871387423541227,-0.02789725881096477
2022H2,v9_regime_stability|2022H2|22409|22410|long,22409,2022-08-25 02:00:00+00:00,-0.0010000000000001102,long,88,0,20480,2022-08-04 23:30:00+00:00,2022-08,1,1,20481,20569,1608.09,1698.45,copied_horizon,0.05619088483853529,0.05419088483853529,0.05413469395369676
2022H2,v9_regime_stability|2022H2|22409|22410|long,22409,2022-08-25 02:00:00+00:00,-0.0010000000000001102,long,88,1,22780,2022-08-28 22:30:00+00:00,2022-08,1,1,22781,22784,1471.33,1436.55,stop,-0.02363847675232611,-0.02563847675232611,-0.025614838275573783
2022H2,v9_regime_stability|2022H2|22409|22410|long,22409,2022-08-25 02:00:00+00:00,-0.0010000000000001102,long,88,2,20482,2022-08-05 00:00:00+00:00,2022-08,1,1,20483,20571,1612.21,1705.02,copied_horizon,0.05756694227178838,0.05556694227178838,0.055509375329516594
2022H2,v9_regime_stability|2022H2|22777|22778|short,22777,2022-08-28 22:00:00+00:00,-0.0009999999999998881,short,57,0,21816,2022-08-18 21:30:00+00:00,2022-08,0,0,21817,21874,1870.24,1696.88,copied_horizon,0.09269398579861399,0.09069398579861399,0.0907866797844126
2022H2,v9_regime_stability|2022H2|22777|22778|short,22777,2022-08-28 22:00:00+00:00,-0.0009999999999998881,short,57,1,22754,2022-08-28 16:00:00+00:00,2022-08,0,0,22755,22812,1491.62,1454.99,copied_horizon,0.024557192850725995,0.022557192850725993,0.02258175004357672
2022H2,v9_regime_stability|2022H2|22777|22778|short,22777,2022-08-28 22:00:00+00:00,-0.0009999999999998881,short,57,2,22766,2022-08-28 19:00:00+00:00,2022-08,0,0,22767,22824,1493.48,1449.66,copied_horizon,0.029340868307576873,0.02734086830757687,0.02737020917588445
2022H2,v9_regime_stability|2022H2|22983|22984|long,22983,2022-08-31 01:30:00+00:00,-0.0010000000000001102,long,27,0,20206,2022-08-02 03:00:00+00:00,2022-08,1,4,20207,20234,1574.35,1582.3,copied_horizon,0.005049703052053323,0.0030497030520533226,0.003044653349001269
2022H2,v9_regime_stability|2022H2|22983|22984|long,22983,2022-08-31 01:30:00+00:00,-0.0010000000000001102,long,27,1,21062,2022-08-11 01:00:00+00:00,2022-08,1,4,21063,21066,1874.15,1876.02415,stop,0.0009999999999998899,-0.0010000000000001102,-0.0010010000000001099
2022H2,v9_regime_stability|2022H2|22983|22984|long,22983,2022-08-31 01:30:00+00:00,-0.0010000000000001102,long,27,2,22984,2022-08-31 01:30:00+00:00,2022-08,1,4,22985,23004,1582.49,1584.0724899999998,stop,0.0009999999999998899,-0.0010000000000001102,-0.0010010000000001099
2022H2,v9_regime_stability|2022H2|23120|23121|long,23120,2022-09-01 11:45:00+00:00,-0.028506115579066016,long,10,0,23124,2022-09-01 12:30:00+00:00,2022-09,3,3,23125,23134,1558.7,1512.91,stop,-0.029377044973375233,-0.031377044973375234,-0.03134766792840186
2022H2,v9_regime_stability|2022H2|23120|23121|long,23120,2022-09-01 11:45:00+00:00,-0.028506115579066016,long,10,1,25711,2022-09-28 11:15:00+00:00,2022-09,3,3,25712,25722,1294.02,1310.17,copied_horizon,0.012480487164031606,0.010480487164031606,0.010468006676867574
2022H2,v9_regime_stability|2022H2|23120|23121|long,23120,2022-09-01 11:45:00+00:00,-0.028506115579066016,long,10,2,24193,2022-09-12 15:45:00+00:00,2022-09,3,3,24194,24204,1706.02,1722.9,copied_horizon,0.0098943740401638,0.0078943740401638,0.007884479666123637
2022H2,v9_regime_stability|2022H2|23134|23135|short,23134,2022-09-01 15:15:00+00:00,-0.03200071818911887,short,19,0,24466,2022-09-15 12:00:00+00:00,2022-09,3,4,24467,24486,1595.58,1512.64,copied_horizon,0.051981097782624386,0.049981097782624384,0.05003307888040701
2022H2,v9_regime_stability|2022H2|23134|23135|short,23134,2022-09-01 15:15:00+00:00,-0.03200071818911887,short,19,1,23614,2022-09-06 15:00:00+00:00,2022-09,3,4,23615,23634,1664.93,1563.99,copied_horizon,0.0606271735148024,0.0586271735148024,0.05868780068831721
2022H2,v9_regime_stability|2022H2|23134|23135|short,23134,2022-09-01 15:15:00+00:00,-0.03200071818911887,short,19,2,24575,2022-09-16 15:15:00+00:00,2022-09,3,4,24576,24595,1453.65,1430.48,copied_horizon,0.015939187562343138,0.013939187562343138,0.013955126749905481
2022H2,v9_regime_stability|2022H2|23806|23807|long,23806,2022-09-08 15:15:00+00:00,-0.0010000000000001102,long,20,0,24276,2022-09-13 12:30:00+00:00,2022-09,3,4,24277,24277,1674.9,1624.66,stop,-0.029995820646008697,-0.0319958206460087,-0.03196582482536269
2022H2,v9_regime_stability|2022H2|23806|23807|long,23806,2022-09-08 15:15:00+00:00,-0.0010000000000001102,long,20,1,24287,2022-09-13 15:15:00+00:00,2022-09,3,4,24288,24301,1592.18,1593.77218,stop,0.0009999999999998899,-0.0010000000000001102,-0.0010010000000001099
2022H2,v9_regime_stability|2022H2|23806|23807|long,23806,2022-09-08 15:15:00+00:00,-0.0010000000000001102,long,20,2,24458,2022-09-15 10:00:00+00:00,2022-09,3,4,24459,24476,1593.04,1545.25,stop,-0.029999246723246054,-0.031999246723246055,-0.03196924747652281
2022H2,v9_regime_stability|2022H2|23923|23924|long,23923,2022-09-09 20:30:00+00:00,-0.0010000000000001102,long,197,0,25745,2022-09-28 19:45:00+00:00,2022-09,0,2,25746,25757,1334.23,1335.56423,stop,0.0009999999999998899,-0.0010000000000001102,-0.0010010000000001099
2022H2,v9_regime_stability|2022H2|23923|23924|long,23923,2022-09-09 20:30:00+00:00,-0.0010000000000001102,long,197,1,23924,2022-09-09 20:30:00+00:00,2022-09,0,2,23925,24121,1725.78,1727.5057799999997,stop,0.0009999999999998899,-0.0010000000000001102,-0.0010010000000001099
2022H2,v9_regime_stability|2022H2|23923|23924|long,23923,2022-09-09 20:30:00+00:00,-0.0010000000000001102,long,197,2,25731,2022-09-28 16:15:00+00:00,2022-09,0,2,25732,25765,1329.54,1330.86954,stop,0.0009999999999998899,-0.0010000000000001102,-0.0010010000000001099
2022H2,v9_regime_stability|2022H2|24192|24193|short,24192,2022-09-12 15:45:00+00:00,-0.0010000000000001102,short,8,0,23905,2022-09-09 15:45:00+00:00,2022-09,3,3,23906,23914,1719.12,1705.24,copied_horizon,0.008073898273535218,0.006073898273535218,0.006081972171808753
2022H2,v9_regime_stability|2022H2|24192|24193|short,24192,2022-09-12 15:45:00+00:00,-0.0010000000000001102,short,8,1,25151,2022-09-22 15:15:00+00:00,2022-09,3,3,25152,25160,1268.51,1288.95,copied_horizon,-0.01611339287825886,-0.01811339287825886,-0.018129506271137116
2022H2,v9_regime_stability|2022H2|24192|24193|short,24192,2022-09-12 15:45:00+00:00,-0.0010000000000001102,short,8,2,23617,2022-09-06 15:45:00+00:00,2022-09,3,3,23618,23626,1669.4,1589.33,copied_horizon,0.047963340122199716,0.045963340122199714,0.04601130346232191
2022H2,v9_regime_stability|2022H2|24385|24386|short,24385,2022-09-14 16:00:00+00:00,-0.0009999999999999992,short,15,0,23594,2022-09-06 10:00:00+00:00,2022-09,3,3,23595,23610,1663.05,1646.59,copied_horizon,0.009897477526231935,0.007897477526231935,0.007907375003758167
2022H2,v9_regime_stability|2022H2|24385|24386|short,24385,2022-09-14 16:00:00+00:00,-0.0009999999999999992,short,15,1,25152,2022-09-22 15:30:00+00:00,2022-09,3,3,25153,25164,1266.29,1304.28,stop,-0.03000102662107418,-0.03200102662107418,-0.032031027647695255
2022H2,v9_regime_stability|2022H2|24385|24386|short,24385,2022-09-14 16:00:00+00:00,-0.0009999999999999992,short,15,2,25708,2022-09-28 10:30:00+00:00,2022-09,3,3,25709,25716,1309.68,1308.37032,stop,0.0010000000000000009,-0.0009999999999999992,-0.0009989999999999995
2022H2,v9_regime_stability|2022H2|24459|24460|short,24459,2022-09-15 10:30:00+00:00,0.15731504617736614,short,1428,0,24460,2022-09-15 10:30:00+00:00,2022-09,3,4,24461,25889,1586.8,1340.23,copied_horizon,0.15538820267204434,0.15338820267204434,0.1535435908747164
2022H2,v9_regime_stability|2022H2|24459|24460|short,24459,2022-09-15 10:30:00+00:00,0.15731504617736614,short,1428,1,24289,2022-09-13 15:45:00+00:00,2022-09,3,4,24290,24303,1593.86,1592.26614,stop,0.0010000000000000009,-0.0009999999999999992,-0.0009989999999999995
2022H2,v9_regime_stability|2022H2|24459|24460|short,24459,2022-09-15 10:30:00+00:00,0.15731504617736614,short,1428,2,24468,2022-09-15 12:30:00+00:00,2022-09,3,4,24469,25897,1591.97,1342.68,copied_horizon,0.1565921468369379,0.1545921468369379,0.15474873898377484
2022H2,v9_regime_stability|2022H2|25887|25888|long,25887,2022-09-30 07:30:00+00:00,-0.018463573691074986,long,20,0,25017,2022-09-21 05:45:00+00:00,2022-09,2,0,25018,25038,1331.36,1342.67,copied_horizon,0.00849507270760741,0.0064950727076074095,0.0064865776348998015
2022H2,v9_regime_stability|2022H2|25887|25888|long,25887,2022-09-30 07:30:00+00:00,-0.018463573691074986,long,20,1,23484,2022-09-05 06:30:00+00:00,2022-09,2,0,23485,23505,1562.43,1566.42,copied_horizon,0.002553714406405394,0.000553714406405394,0.0005511606919989887
2022H2,v9_regime_stability|2022H2|25887|25888|long,25887,2022-09-30 07:30:00+00:00,-0.018463573691074986,long,20,2,23293,2022-09-03 06:45:00+00:00,2022-09,2,0,23294,23297,1564.44,1538.1000000000001,stop,-0.01683669555879419,-0.018836695558794192,-0.018819858863235395
2022H2,v9_regime_stability|2022H2|26002|26003|short,26002,2022-10-01 12:15:00+00:00,-0.0009999999999999992,short,200,0,27340,2022-10-15 10:30:00+00:00,2022-10,3,1,27341,27400,1286.02,1284.73398,stop,0.0010000000000000009,-0.0009999999999999992,-0.0009989999999999995
2022H2,v9_regime_stability|2022H2|26002|26003|short,26002,2022-10-01 12:15:00+00:00,-0.0009999999999999992,short,200,1,26862,2022-10-10 11:00:00+00:00,2022-10,3,1,26863,27063,1311.93,1294.03,copied_horizon,0.01364402064134529,0.011644020641345289,0.011657664661986634
2022H2,v9_regime_stability|2022H2|26002|26003|short,26002,2022-10-01 12:15:00+00:00,-0.0009999999999999992,short,200,2,26864,2022-10-10 11:30:00+00:00,2022-10,3,1,26865,27065,1314.98,1298.77,copied_horizon,0.012327183683402021,0.010327183683402021,0.010339510867085424
2022H2,v9_regime_stability|2022H2|26567|26568|long,26567,2022-10-07 09:30:00+00:00,-0.013312583776458607,long,11,0,26354,2022-10-05 04:00:00+00:00,2022-10,2,1,26355,26366,1355.96,1353.65,copied_horizon,-0.0017035900764034162,-0.0037035900764034162,-0.003701886486327013
2022H2,v9_regime_stability|2022H2|26567|26568|long,26567,2022-10-07 09:30:00+00:00,-0.013312583776458607,long,11,1,26947,2022-10-11 08:15:00+00:00,2022-10,2,1,26948,26959,1287.52,1283.63,copied_horizon,-0.0030213122902944534,-0.005021312290294453,-0.0050182909780041585
2022H2,v9_regime_stability|2022H2|26567|26568|long,26567,2022-10-07 09:30:00+00:00,-0.013312583776458607,long,11,2,27518,2022-10-17 07:00:00+00:00,2022-10,2,1,27519,27530,1310.89,1320.41,copied_horizon,0.007262241683131387,0.005262241683131387,0.005254979441448256
2022H2,v9_regime_stability|2022H2|26646|26647|short,26646,2022-10-08 05:15:00+00:00,-0.0009999999999999992,short,118,0,26838,2022-10-10 05:00:00+00:00,2022-10,2,0,26839,26957,1323.8,1283.15,copied_horizon,0.030707055446441922,0.02870705544644192,0.028737762501888364
2022H2,v9_regime_stability|2022H2|26646|26647|short,26646,2022-10-08 05:15:00+00:00,-0.0009999999999999992,short,118,1,26642,2022-10-08 04:00:00+00:00,2022-10,2,0,26643,26761,1331.69,1316.96,copied_horizon,0.011061132846233002,0.009061132846233002,0.009072193979079234
2022H2,v9_regime_stability|2022H2|26646|26647|short,26646,2022-10-08 05:15:00+00:00,-0.0009999999999999992,short,118,2,27135,2022-10-13 07:15:00+00:00,2022-10,2,0,27136,27176,1284.08,1282.79592,stop,0.0009999999999998899,-0.0010000000000001102,-0.0009990000000001105
2022H2,v9_regime_stability|2022H2|26841|26842|short,26841,2022-10-10 06:00:00+00:00,-0.0009999999999999992,short,21,0,27898,2022-10-21 06:00:00+00:00,2022-10,2,0,27899,27920,1290.17,1278.93,copied_horizon,0.00871203019757083,0.00671203019757083,0.006720742227768401
2022H2,v9_regime_stability|2022H2|26841|26842|short,26841,2022-10-10 06:00:00+00:00,-0.0009999999999999992,short,21,1,26368,2022-10-05 07:30:00+00:00,2022-10,2,0,26369,26390,1355.4,1323.5,copied_horizon,0.023535487678914002,0.021535487678914,0.021559023166592917
2022H2,v9_regime_stability|2022H2|26841|26842|short,26841,2022-10-10 06:00:00+00:00,-0.0009999999999999992,short,21,2,26656,2022-10-08 07:30:00+00:00,2022-10,2,0,26657,26678,1330.22,1327.28,copied_horizon,0.002210160725293564,0.00021016072529356396,0.0002123708860188576
2022H2,v9_regime_stability|2022H2|27469|27470|short,27469,2022-10-16 19:00:00+00:00,-0.009326749651199949,short,2,0,28147,2022-10-23 20:15:00+00:00,2022-10,0,0,28148,28150,1331.15,1334.27,copied_horizon,-0.0023438380347817755,-0.004343838034781776,-0.004346181872816558
2022H2,v9_regime_stability|2022H2|27469|27470|short,27469,2022-10-16 19:00:00+00:00,-0.009326749651199949,short,2,1,26797,2022-10-09 18:45:00+00:00,2022-10,0,0,26798,26800,1325.68,1319.14,copied_horizon,0.004933317240963131,0.002933317240963131,0.002938250558204094
2022H2,v9_regime_stability|2022H2|27469|27470|short,27469,2022-10-16 19:00:00+00:00,-0.009326749651199949,short,2,2,27465,2022-10-16 17:45:00+00:00,2022-10,0,0,27466,27468,1284.25,1282.97,copied_horizon,0.0009966906754914628,-0.0010033093245085372,-0.001002312633833046
2022H2,v9_regime_stability|2022H2|27908|27909|short,27908,2022-10-21 08:45:00+00:00,-0.0010000000000001102,short,17,0,27528,2022-10-17 09:30:00+00:00,2022-10,2,1,27529,27544,1315.64,1331.23,stop,-0.01184974613116041,-0.01384974613116041,-0.01386159587729157
2022H2,v9_regime_stability|2022H2|27908|27909|short,27908,2022-10-21 08:45:00+00:00,-0.0010000000000001102,short,17,1,27711,2022-10-19 07:15:00+00:00,2022-10,2,1,27712,27729,1297.0,1300.44,copied_horizon,-0.002652274479568284,-0.004652274479568284,-0.004654926754047852
2022H2,v9_regime_stability|2022H2|27908|27909|short,27908,2022-10-21 08:45:00+00:00,-0.0010000000000001102,short,17,2,27602,2022-10-18 04:00:00+00:00,2022-10,2,1,27603,27620,1334.03,1326.14,copied_horizon,0.005914409720920721,0.003914409720920721,0.003920324130641643
2022H2,v9_regime_stability|2022H2|28242|28243|long,28242,2022-10-24 20:15:00+00:00,0.17332838802135542,long,624,0,27846,2022-10-20 17:00:00+00:00,2022-10,0,2,27847,27922,1286.6,1266.74,stop,-0.01543603295507534,-0.017436032955075342,-0.017420596922120266
2022H2,v9_regime_stability|2022H2|28242|28243|long,28242,2022-10-24 20:15:00+00:00,0.17332838802135542,long,624,1,27954,2022-10-21 20:00:00+00:00,2022-10,0,2,27955,28579,1303.28,1496.94,copied_horizon,0.14859431587993388,0.14659431587993388,0.14644572156405394
2022H2,v9_regime_stability|2022H2|28242|28243|long,28242,2022-10-24 20:15:00+00:00,0.17332838802135542,long,624,2,26893,2022-10-10 18:45:00+00:00,2022-10,0,2,26894,26906,1308.42,1288.27,stop,-0.015400253741153502,-0.017400253741153504,-0.01738485348741235
2022H2,v9_regime_stability|2022H2|28866|28867|short,28866,2022-10-31 08:15:00+00:00,-0.019992860978614635,short,5,0,26280,2022-10-04 09:30:00+00:00,2022-10,2,3,26281,26286,1350.98,1348.48,copied_horizon,0.001850508519741223,-0.00014949148025877705,-0.00014764097173903612
2022H2,v9_regime_stability|2022H2|28866|28867|short,28866,2022-10-31 08:15:00+00:00,-0.019992860978614635,short,5,1,28863,2022-10-31 07:15:00+00:00,2022-10,2,3,28864,28869,1583.95,1582.58,copied_horizon,0.0008649262918652978,-0.0011350737081347023,-0.0011342087818428368
2022H2,v9_regime_stability|2022H2|28866|28867|short,28866,2022-10-31 08:15:00+00:00,-0.019992860978614635,short,5,2,28571,2022-10-28 06:15:00+00:00,2022-10,2,3,28572,28577,1514.63,1494.02,copied_horizon,0.013607283627024458,0.011607283627024458,0.011620890910651483
2022H2,v9_regime_stability|2022H2|29106|29107|short,29106,2022-11-02 20:15:00+00:00,-0.0320078585721173,short,134,0,29961,2022-11-11 17:45:00+00:00,2022-11,0,4,29962,29969,1274.12,1272.8458799999999,stop,0.0010000000000000009,-0.0009999999999999992,-0.0009989999999999995
2022H2,v9_regime_stability|2022H2|29106|29107|short,29106,2022-11-02 20:15:00+00:00,-0.0320078585721173,short,134,1,29971,2022-11-11 20:15:00+00:00,2022-11,0,4,29972,29974,1259.88,1258.62012,stop,0.0010000000000000009,-0.0009999999999999992,-0.0009989999999999995
2022H2,v9_regime_stability|2022H2|29106|29107|short,29106,2022-11-02 20:15:00+00:00,-0.0320078585721173,short,134,2,29772,2022-11-09 18:30:00+00:00,2022-11,0,4,29773,29774,1153.85,1188.4599999999998,stop,-0.02999523334922216,-0.03199523334922216,-0.03202522858257138
2022H2,v9_regime_stability|2022H2|29597|29598|short,29597,2022-11-07 23:00:00+00:00,-0.0009999999999999992,short,68,0,30172,2022-11-13 22:30:00+00:00,2022-11,1,3,30173,30204,1226.17,1224.9438300000002,stop,0.0009999999999998899,-0.0010000000000001102,-0.0009990000000001105
2022H2,v9_regime_stability|2022H2|29597|29598|short,29597,2022-11-07 23:00:00+00:00,-0.0009999999999999992,short,68,1,30949,2022-11-22 00:45:00+00:00,2022-11,1,3,30950,30998,1106.88,1105.77312,stop,0.0010000000000000009,-0.0009999999999999992,-0.0009989999999999995
2022H2,v9_regime_stability|2022H2|29597|29598|short,29597,2022-11-07 23:00:00+00:00,-0.0009999999999999992,short,68,2,30192,2022-11-14 03:30:00+00:00,2022-11,1,3,30193,30204,1193.94,1192.74606,stop,0.001000000000000112,-0.0009999999999998881,-0.000998999999999888
2022H2,v9_regime_stability|2022H2|29677|29678|short,29677,2022-11-08 19:00:00+00:00,-0.0010000000000001102,short,1,0,29103,2022-11-02 19:15:00+00:00,2022-11,0,4,29104,29105,1539.88,1536.27,copied_horizon,0.0023443385198848032,0.0003443385198848032,0.0003466828584046881
2022H2,v9_regime_stability|2022H2|29677|29678|short,29677,2022-11-08 19:00:00+00:00,-0.0010000000000001102,short,1,1,30929,2022-11-21 19:45:00+00:00,2022-11,0,4,30930,30931,1091.0,1099.44,copied_horizon,-0.007736021998166809,-0.009736021998166809,-0.009743758020164976
2022H2,v9_regime_stability|2022H2|29677|29678|short,29677,2022-11-08 19:00:00+00:00,-0.0010000000000001102,short,1,2,29958,2022-11-11 17:00:00+00:00,2022-11,0,4,29959,29960,1259.94,1262.33,copied_horizon,-0.0018969157261456981,-0.003896915726145698,-0.003898812641871844
2022H2,v9_regime_stability|2022H2|30006|30007|short,30006,2022-11-12 05:15:00+00:00,-0.032005152481241694,short,38,0,29907,2022-11-11 04:15:00+00:00,2022-11,2,4,29908,29919,1245.01,1282.36,stop,-0.029999759038079832,-0.031999759038079834,-0.03202975879711791
2022H2,v9_regime_stability|2022H2|30006|30007|short,30006,2022-11-12 05:15:00+00:00,-0.032005152481241694,short,38,1,30008,2022-11-12 05:30:00+00:00,2022-11,2,4,30009,30047,1250.58,1272.84,copied_horizon,-0.01779974092021308,-0.019799740920213083,-0.019817540661133295
2022H2,v9_regime_stability|2022H2|30006|30007|short,30006,2022-11-12 05:15:00+00:00,-0.032005152481241694,short,38,2,30217,2022-11-14 09:45:00+00:00,2022-11,2,4,30218,30238,1256.54,1255.2834599999999,stop,0.001000000000000112,-0.0009999999999998881,-0.000998999999999888
2022H2,v9_regime_stability|2022H2|30483|30484|short,30483,2022-11-17 04:30:00+00:00,-0.0009999999999999992,short,26,0,29246,2022-11-04 07:00:00+00:00,2022-11,2,2,29247,29268,1576.85,1602.4699999999998,stop,-0.016247582205028976,-0.018247582205028978,-0.018263829787234006
2022H2,v9_regime_stability|2022H2|30483|30484|short,30483,2022-11-17 04:30:00+00:00,-0.0009999999999999992,short,26,1,30296,2022-11-15 05:30:00+00:00,2022-11,2,2,30297,30307,1248.99,1278.68,stop,-0.023771207135365513,-0.025771207135365515,-0.025794978342500878
2022H2,v9_regime_stability|2022H2|30483|30484|short,30483,2022-11-17 04:30:00+00:00,-0.0009999999999999992,short,26,2,31734,2022-11-30 05:00:00+00:00,2022-11,2,2,31735,31761,1269.09,1266.8,copied_horizon,0.0018044425533255692,-0.0001955574466744308,-0.00019375300412110543
2022H2,v9_regime_stability|2022H2|30918|30919|short,30918,2022-11-21 17:15:00+00:00,-0.0009999999999998881,short,13,0,31795,2022-11-30 20:15:00+00:00,2022-11,0,3,31796,31809,1292.18,1294.7,copied_horizon,-0.0019501926976117634,-0.0039501926976117634,-0.003952142890309375
2022H2,v9_regime_stability|2022H2|30918|30919|short,30918,2022-11-21 17:15:00+00:00,-0.0009999999999998881,short,13,1,30359,2022-11-15 21:15:00+00:00,2022-11,0,3,30360,30373,1248.52,1252.39,copied_horizon,-0.0030996700092911222,-0.005099670009291122,-0.005102769679300414
2022H2,v9_regime_stability|2022H2|30918|30919|short,30918,2022-11-21 17:15:00+00:00,-0.0009999999999998881,short,13,2,30350,2022-11-15 19:00:00+00:00,2022-11,0,3,30351,30364,1245.84,1244.73,copied_horizon,0.0008909651319590761,-0.001109034868040924,-0.0011081439029089648
2022H2,v9_regime_stability|2022H2|31492|31493|long,31492,2022-11-27 16:45:00+00:00,-0.013734199858861372,long,25,0,31512,2022-11-27 21:30:00+00:00,2022-11,0,0,31513,31518,1215.79,1205.09,stop,-0.008800861990968856,-0.010800861990968856,-0.010792061128977886
2022H2,v9_regime_stability|2022H2|31492|31493|long,31492,2022-11-27 16:45:00+00:00,-0.013734199858861372,long,25,1,31217,2022-11-24 19:45:00+00:00,2022-11,0,0,31218,31242,1202.71,1182.8700000000001,stop,-0.01649607968670741,-0.018496079686707412,-0.018479583607020702
2022H2,v9_regime_stability|2022H2|31492|31493|long,31492,2022-11-27 16:45:00+00:00,-0.013734199858861372,long,25,2,31502,2022-11-27 19:00:00+00:00,2022-11,0,0,31503,31519,1215.34,1202.61,stop,-0.010474435137492355,-0.012474435137492355,-0.012463960702354863
2022H2,v9_regime_stability|2022H2|31619|31620|short,31619,2022-11-29 00:30:00+00:00,-0.018360480503187837,short,5,0,31622,2022-11-29 01:00:00+00:00,2022-11,1,0,31623,31627,1166.24,1184.54,stop,-0.015691452874194045,-0.017691452874194047,-0.017707144327068238
2022H2,v9_regime_stability|2022H2|31619|31620|short,31619,2022-11-29 00:30:00+00:00,-0.018360480503187837,short,5,1,31248,2022-11-25 03:30:00+00:00,2022-11,1,0,31249,31254,1186.91,1175.59,copied_horizon,0.009537370146009527,0.007537370146009527,0.007546907516155537
2022H2,v9_regime_stability|2022H2|31619|31620|short,31619,2022-11-29 00:30:00+00:00,-0.018360480503187837,short,5,2,31247,2022-11-25 03:15:00+00:00,2022-11,1,0,31248,31253,1186.86,1176.02,copied_horizon,0.009133343444045594,0.007133343444045594,0.0071424767874896395
2022H2,v9_regime_stability|2022H2|31697|31698|long,31697,2022-11-29 20:00:00+00:00,0.03316017045361064,long,615,0,30832,2022-11-20 19:30:00+00:00,2022-11,0,0,30833,30840,1176.24,1159.89,stop,-0.013900224443990972,-0.015900224443990973,-0.01588632421954698
2022H2,v9_regime_stability|2022H2|31697|31698|long,31697,2022-11-29 20:00:00+00:00,0.03316017045361064,long,615,1,30826,2022-11-20 18:00:00+00:00,2022-11,0,0,30827,30841,1175.23,1155.27,stop,-0.016983909532602204,-0.018983909532602206,-0.018966925623069602
2022H2,v9_regime_stability|2022H2|31697|31698|long,31697,2022-11-29 20:00:00+00:00,0.03316017045361064,long,615,2,30838,2022-11-20 21:00:00+00:00,2022-11,0,0,30839,30841,1173.92,1154.19,stop,-0.01680693744037076,-0.018806937440370763,-0.01879013050293039
2022H2,v9_regime_stability|2022H2|32312|32313|short,32312,2022-12-06 05:45:00+00:00,-0.012577595524190908,short,70,0,34421,2022-12-28 04:45:00+00:00,2022-12,2,2,34422,34492,1197.07,1185.96,copied_horizon,0.00928099442806174,0.0072809944280617395,0.007290275422489801
2022H2,v9_regime_stability|2022H2|32312|32313|short,32312,2022-12-06 05:45:00+00:00,-0.012577595524190908,short,70,1,32510,2022-12-08 07:00:00+00:00,2022-12,2,2,32511,32529,1231.95,1245.8300000000002,stop,-0.011266691018304353,-0.013266691018304353,-0.013277957709322658
2022H2,v9_regime_stability|2022H2|32312|32313|short,32312,2022-12-06 05:45:00+00:00,-0.012577595524190908,short,70,2,32308,2022-12-06 04:30:00+00:00,2022-12,2,2,32309,32340,1260.6,1259.3393999999998,stop,0.0010000000000000009,-0.0009999999999999992,-0.0009989999999999995
2022H2,v9_regime_stability|2022H2|32414|32415|short,32414,2022-12-07 07:15:00+00:00,-0.02153445989374414,short,127,0,33366,2022-12-17 05:00:00+00:00,2022-12,2,4,33367,33494,1179.27,1186.3,copied_horizon,-0.005961315050836413,-0.007961315050836413,-0.00796727636588725
2022H2,v9_regime_stability|2022H2|32414|32415|short,32414,2022-12-07 07:15:00+00:00,-0.02153445989374414,short,127,1,32218,2022-12-05 06:00:00+00:00,2022-12,2,4,32219,32346,1294.98,1256.88,copied_horizon,0.02942130380391972,0.027421303803919717,0.027450725107723638
2022H2,v9_regime_stability|2022H2|32414|32415|short,32414,2022-12-07 07:15:00+00:00,-0.02153445989374414,short,127,2,33369,2022-12-17 05:45:00+00:00,2022-12,2,4,33370,33497,1176.65,1186.3,copied_horizon,-0.008201249309480296,-0.010201249309480296,-0.010209450558789777
2022H2,v9_regime_stability|2022H2|32839|32840|long,32839,2022-12-11 17:30:00+00:00,-0.008415485004392041,long,11,0,32843,2022-12-11 18:15:00+00:00,2022-12,0,0,32844,32851,1273.8,1266.34,stop,-0.005856492384989864,-0.007856492384989864,-0.007850635892604874
2022H2,v9_regime_stability|2022H2|32839|32840|long,32839,2022-12-11 17:30:00+00:00,-0.008415485004392041,long,11,1,34676,2022-12-30 20:30:00+00:00,2022-12,0,0,34677,34688,1195.8,1200.33,copied_horizon,0.0037882589061715155,0.0017882589061715155,0.001784470647265344
2022H2,v9_regime_stability|2022H2|32839|32840|long,32839,2022-12-11 17:30:00+00:00,-0.008415485004392041,long,11,2,34284,2022-12-26 18:30:00+00:00,2022-12,0,0,34285,34296,1214.19,1217.23,copied_horizon,0.002503726764344849,0.000503726764344849,0.0005012230375805045
2022H2,v9_regime_stability|2022H2|33002|33003|long,33002,2022-12-13 10:15:00+00:00,-0.0010000000000001102,long,158,0,33694,2022-12-20 15:00:00+00:00,2022-12,3,4,33695,33698,1215.36,1216.5753599999998,stop,0.0009999999999998899,-0.0010000000000001102,-0.0010010000000001099
2022H2,v9_regime_stability|2022H2|33002|33003|long,33002,2022-12-13 10:15:00+00:00,-0.0010000000000001102,long,158,1,32257,2022-12-05 15:45:00+00:00,2022-12,3,4,32258,32335,1266.83,1244.81,stop,-0.01738196916713375,-0.01938196916713375,-0.019364587197966614
2022H2,v9_regime_stability|2022H2|33002|33003|long,33002,2022-12-13 10:15:00+00:00,-0.0010000000000001102,long,158,2,32254,2022-12-05 15:00:00+00:00,2022-12,3,4,32255,32335,1266.99,1244.76,stop,-0.017545521274832443,-0.019545521274832445,-0.01952797575355761
2022H2,v9_regime_stability|2022H2|33276|33277|short,33276,2022-12-16 06:45:00+00:00,-0.009822531727337934,short,2,0,34249,2022-12-26 09:45:00+00:00,2022-12,2,0,34250,34252,1219.29,1221.46,copied_horizon,-0.00177972426576134,-0.00377972426576134,-0.003781503990027101
2022H2,v9_regime_stability|2022H2|33276|33277|short,33276,2022-12-16 06:45:00+00:00,-0.009822531727337934,short,2,1,33862,2022-12-22 09:00:00+00:00,2022-12,2,0,33863,33865,1214.15,1218.76,copied_horizon,-0.00379689494708213,-0.00579689494708213,-0.005800691842029212
2022H2,v9_regime_stability|2022H2|33276|33277|short,33276,2022-12-16 06:45:00+00:00,-0.009822531727337934,short,2,2,34622,2022-12-30 07:00:00+00:00,2022-12,2,0,34623,34625,1193.11,1188.32,copied_horizon,0.004014717838254578,0.002014717838254578,0.0020187325560928325
2022H2,v9_regime_stability|2022H2|33286|33287|short,33286,2022-12-16 09:15:00+00:00,-0.006527578571664748,short,21,0,33285,2022-12-16 08:45:00+00:00,2022-12,2,4,33286,33307,1244.65,1215.85,copied_horizon,0.023139035070100178,0.021139035070100176,0.021162174105170278
2022H2,v9_regime_stability|2022H2|33286|33287|short,33286,2022-12-16 09:15:00+00:00,-0.006527578571664748,short,21,1,33365,2022-12-17 04:45:00+00:00,2022-12,2,4,33366,33387,1179.81,1178.16,copied_horizon,0.0013985302718233505,-0.0006014697281766495,-0.000600071197904826
2022H2,v9_regime_stability|2022H2|33286|33287|short,33286,2022-12-16 09:15:00+00:00,-0.006527578571664748,short,21,2,33289,2022-12-16 09:45:00+00:00,2022-12,2,4,33290,33308,1212.57,1215.84,stop,-0.0026967515277467324,-0.0046967515277467325,-0.00469944827927448
2022H2,v9_regime_stability|2022H2|33552|33553|short,33552,2022-12-19 03:45:00+00:00,-0.0010000000000001102,short,85,0,33539,2022-12-19 00:15:00+00:00,2022-12,1,3,33540,33625,1191.76,1176.19,copied_horizon,0.013064711015640662,0.011064711015640662,0.011077775726656303
2022H2,v9_regime_stability|2022H2|33552|33553|short,33552,2022-12-19 03:45:00+00:00,-0.0010000000000001102,short,85,1,31909,2022-12-02 00:45:00+00:00,2022-12,1,3,31910,31995,1282.42,1291.01,copied_horizon,-0.006698273576519309,-0.00869827357651931,-0.00870497185009583
2022H2,v9_regime_stability|2022H2|33552|33553|short,33552,2022-12-19 03:45:00+00:00,-0.0010000000000001102,short,85,2,32959,2022-12-12 23:15:00+00:00,2022-12,1,3,32960,33001,1274.69,1273.41531,stop,0.0010000000000000009,-0.0009999999999999992,-0.0009989999999999995
2022H2,v9_regime_stability|2022H2|33769|33770|long,33769,2022-12-21 10:00:00+00:00,-0.011859189702989823,long,114,0,32030,2022-12-03 07:00:00+00:00,2022-12,2,1,32031,32037,1284.15,1271.91,stop,-0.009531596776077622,-0.011531596776077622,-0.011522065179301544
2022H2,v9_regime_stability|2022H2|33769|33770|long,33769,2022-12-21 10:00:00+00:00,-0.011859189702989823,long,114,1,32313,2022-12-06 05:45:00+00:00,2022-12,2,1,32314,32335,1257.01,1244.05,stop,-0.010310180507712818,-0.012310180507712818,-0.012299870327205106
2022H2,v9_regime_stability|2022H2|33769|33770|long,33769,2022-12-21 10:00:00+00:00,-0.011859189702989823,long,114,2,32985,2022-12-13 05:45:00+00:00,2022-12,2,1,32986,32991,1271.89,1260.8500000000001,stop,-0.008679995911596072,-0.010679995911596072,-0.010671315915684477
2022H2,v9_regime_stability|2022H2|34470|34471|short,34470,2022-12-28 17:15:00+00:00,-0.008252360370945453,short,261,0,32454,2022-12-07 17:00:00+00:00,2022-12,0,3,32455,32529,1229.98,1247.38,stop,-0.014146571488967474,-0.016146571488967476,-0.016160718060456443
2022H2,v9_regime_stability|2022H2|34470|34471|short,34470,2022-12-28 17:15:00+00:00,-0.008252360370945453,short,261,1,33713,2022-12-20 19:45:00+00:00,2022-12,0,3,33714,33907,1216.72,1215.5032800000001,stop,0.0009999999999998899,-0.0010000000000001102,-0.0009990000000001105
2022H2,v9_regime_stability|2022H2|34470|34471|short,34470,2022-12-28 17:15:00+00:00,-0.008252360370945453,short,261,2,34475,2022-12-28 18:15:00+00:00,2022-12,0,3,34476,34515,1198.7,1197.5013000000001,stop,0.0009999999999998899,-0.0010000000000001102,-0.0009990000000001105
2022H2,v9_regime_stability|2022H2|34731|34732|long,34731,2022-12-31 10:30:00+00:00,-0.006720600500417116,long,49,0,32720,2022-12-10 11:30:00+00:00,2022-12,3,0,32721,32770,1265.79,1266.26,copied_horizon,0.00037130961691911324,-0.0016286903830808868,-0.001629061692697806
2022H2,v9_regime_stability|2022H2|34731|34732|long,34731,2022-12-31 10:30:00+00:00,-0.006720600500417116,long,49,1,34271,2022-12-26 15:15:00+00:00,2022-12,3,0,34272,34321,1215.84,1223.65,copied_horizon,0.006423542571391216,0.004423542571391216,0.004417119028819826
2022H2,v9_regime_stability|2022H2|34731|34732|long,34731,2022-12-31 10:30:00+00:00,-0.006720600500417116,long,49,2,34545,2022-12-29 11:45:00+00:00,2022-12,3,0,34546,34595,1199.05,1201.76,copied_horizon,0.0022601225970559913,0.00026012259705599124,0.00025786247445893544
2023H1,v9_regime_stability|2023H1|35073|35074|long,35073,2023-01-04 00:00:00+00:00,0.24803910720313516,long,1486,0,35268,2023-01-06 00:30:00+00:00,2023-01,1,0,35269,35309,1254.36,1245.6399999999999,stop,-0.006951752288019364,-0.008951752288019364,-0.008944800535731344
2023H1,v9_regime_stability|2023H1|35073|35074|long,35073,2023-01-04 00:00:00+00:00,0.24803910720313516,long,1486,1,35272,2023-01-06 01:30:00+00:00,2023-01,1,0,35273,35292,1255.03,1246.56,stop,-0.006748842657147702,-0.008748842657147702,-0.008742093814490554
2023H1,v9_regime_stability|2023H1|35073|35074|long,35073,2023-01-04 00:00:00+00:00,0.24803910720313516,long,1486,2,34890,2023-01-02 02:00:00+00:00,2023-01,1,0,34891,36377,1196.07,1570.0,copied_horizon,0.31263220380078094,0.31063220380078094,0.31031957159698015
2023H1,v9_regime_stability|2023H1|36559|36560|short,36559,2023-01-19 11:30:00+00:00,-0.013269108416594786,short,12,0,34922,2023-01-02 10:00:00+00:00,2023-01,3,1,34923,34935,1219.36,1216.35,copied_horizon,0.0024685080698071404,0.0004685080698071404,0.00047097657787694737
2023H1,v9_regime_stability|2023H1|36559|36560|short,36559,2023-01-19 11:30:00+00:00,-0.013269108416594786,short,12,1,36465,2023-01-18 11:45:00+00:00,2023-01,3,1,36466,36472,1576.04,1594.47,stop,-0.011693865637927958,-0.013693865637927958,-0.013705559503565886
2023H1,v9_regime_stability|2023H1|36559|36560|short,36559,2023-01-19 11:30:00+00:00,-0.013269108416594786,short,12,2,37715,2023-01-31 12:15:00+00:00,2023-01,3,1,37716,37728,1575.41,1592.65,stop,-0.010943183044413773,-0.012943183044413773,-0.012954126227458188
2023H1,v9_regime_stability|2023H1|38598|38599|short,38598,2023-02-09 17:15:00+00:00,0.041133591844008666,short,553,0,38996,2023-02-13 20:30:00+00:00,2023-02,0,2,38997,39049,1489.61,1516.9699999999998,stop,-0.018367223635716634,-0.020367223635716636,-0.020385590859352352
2023H1,v9_regime_stability|2023H1|38598|38599|short,38598,2023-02-09 17:15:00+00:00,0.041133591844008666,short,553,1,40245,2023-02-26 20:45:00+00:00,2023-02,0,2,40246,40406,1642.01,1640.36799,stop,0.0010000000000000009,-0.0009999999999999992,-0.0009989999999999995
2023H1,v9_regime_stability|2023H1|38598|38599|short,38598,2023-02-09 17:15:00+00:00,0.041133591844008666,short,553,2,39667,2023-02-20 20:15:00+00:00,2023-02,0,2,39668,40221,1705.4,1602.54,copied_horizon,0.06031429576638914,0.058314295766389135,0.058374610062155524
2023H1,v9_regime_stability|2023H1|39151|39152|long,39151,2023-02-15 11:30:00+00:00,0.053398566547640414,long,772,0,39435,2023-02-18 10:15:00+00:00,2023-02,3,0,39436,39557,1692.45,1694.1424499999998,stop,0.0009999999999998899,-0.0010000000000001102,-0.0010010000000001099
2023H1,v9_regime_stability|2023H1|39151|39152|long,39151,2023-02-15 11:30:00+00:00,0.053398566547640414,long,772,1,39434,2023-02-18 10:00:00+00:00,2023-02,3,0,39435,39557,1691.72,1693.4117199999998,stop,0.0009999999999998899,-0.0010000000000001102,-0.0010010000000001099
2023H1,v9_regime_stability|2023H1|39151|39152|long,39151,2023-02-15 11:30:00+00:00,0.053398566547640414,long,772,2,40397,2023-02-28 10:45:00+00:00,2023-02,3,0,40398,40440,1626.31,1611.3,stop,-0.009229482693951296,-0.011229482693951296,-0.011220253211257344
2023H1,v9_regime_stability|2023H1|39923|39924|short,39923,2023-02-23 12:30:00+00:00,-0.018728126863582606,short,3,0,38592,2023-02-09 15:30:00+00:00,2023-02,3,2,38593,38596,1629.69,1624.82,copied_horizon,0.0029882983880370473,0.0009882983880370472,0.0009912866864250844
2023H1,v9_regime_stability|2023H1|39923|39924|short,39923,2023-02-23 12:30:00+00:00,-0.018728126863582606,short,3,1,39819,2023-02-22 10:15:00+00:00,2023-02,3,2,39820,39823,1640.36,1639.25,copied_horizon,0.0006766807286204823,-0.0013233192713795177,-0.0013226425906508973
2023H1,v9_regime_stability|2023H1|39923|39924|short,39923,2023-02-23 12:30:00+00:00,-0.018728126863582606,short,3,2,39635,2023-02-20 12:15:00+00:00,2023-02,3,2,39636,39639,1711.26,1709.13,copied_horizon,0.0012446968900108324,-0.0007553031099891677,-0.0007540584130991566
2023H1,v9_regime_stability|2023H1|40305|40306|long,40305,2023-02-27 12:00:00+00:00,-0.010958935166563098,long,18,0,37908,2023-02-02 12:30:00+00:00,2023-02,3,0,37909,37917,1672.48,1656.6100000000001,stop,-0.009488902707356694,-0.011488902707356695,-0.011479413804649338
2023H1,v9_regime_stability|2023H1|40305|40306|long,40305,2023-02-27 12:00:00+00:00,-0.010958935166563098,long,18,1,37909,2023-02-02 12:45:00+00:00,2023-02,3,0,37910,37917,1676.52,1660.15,stop,-0.009764273614391694,-0.011764273614391694,-0.011754509340777302
2023H1,v9_regime_stability|2023H1|40305|40306|long,40305,2023-02-27 12:00:00+00:00,-0.010958935166563098,long,18,2,40115,2023-02-25 12:15:00+00:00,2023-02,3,0,40116,40134,1598.54,1598.23,copied_horizon,-0.00019392695834941076,-0.002193926958349411,-0.0021937330313910614
2023H1,v9_regime_stability|2023H1|40404|40405|long,40404,2023-02-28 12:45:00+00:00,-0.011472822167626127,long,33,0,38398,2023-02-07 15:00:00+00:00,2023-02,3,0,38399,38411,1634.4,1636.0344,stop,0.0009999999999998899,-0.0010000000000001102,-0.0010010000000001099
2023H1,v9_regime_stability|2023H1|40404|40405|long,40404,2023-02-28 12:45:00+00:00,-0.011472822167626127,long,33,1,39051,2023-02-14 10:15:00+00:00,2023-02,3,0,39052,39064,1512.46,1494.07,stop,-0.01215899924626107,-0.01415899924626107,-0.014146840247014809
2023H1,v9_regime_stability|2023H1|40404|40405|long,40404,2023-02-28 12:45:00+00:00,-0.011472822167626127,long,33,2,38385,2023-02-07 11:45:00+00:00,2023-02,3,0,38386,38403,1640.85,1624.55,stop,-0.009933875735137265,-0.011933875735137265,-0.011923941859402128
2023H1,v9_regime_stability|2023H1|40648|40649|short,40648,2023-03-03 01:45:00+00:00,-0.012738599871547905,short,388,0,41319,2023-03-10 01:15:00+00:00,2023-03,1,4,41320,41368,1424.76,1423.3352399999999,stop,0.001000000000000112,-0.0009999999999998881,-0.000998999999999888
2023H1,v9_regime_stability|2023H1|40648|40649|short,40648,2023-03-03 01:45:00+00:00,-0.012738599871547905,short,388,1,42074,2023-03-17 22:00:00+00:00,2023-03,1,4,42075,42085,1759.3,1809.6299999999999,stop,-0.02860796907861074,-0.03060796907861074,-0.03063657704768935
2023H1,v9_regime_stability|2023H1|40648|40649|short,40648,2023-03-03 01:45:00+00:00,-0.012738599871547905,short,388,2,41602,2023-03-13 00:00:00+00:00,2023-03,1,4,41603,41604,1574.61,1621.85,stop,-0.030001079632416827,-0.03200107963241683,-0.03203108071204924
2023H1,v9_regime_stability|2023H1|41036|41037|long,41036,2023-03-07 02:45:00+00:00,-0.010845283786188207,long,47,0,41232,2023-03-09 03:30:00+00:00,2023-03,1,0,41233,41253,1542.0,1524.46,stop,-0.011374837872892285,-0.013374837872892285,-0.013363463035019393
2023H1,v9_regime_stability|2023H1|41036|41037|long,41036,2023-03-07 02:45:00+00:00,-0.010845283786188207,long,47,1,40745,2023-03-04 01:45:00+00:00,2023-03,1,0,40746,40793,1570.69,1568.36,copied_horizon,-0.0014834244822340414,-0.0034834244822340415,-0.0034819410577518074
2023H1,v9_regime_stability|2023H1|41036|41037|long,41036,2023-03-07 02:45:00+00:00,-0.010845283786188207,long,47,2,40753,2023-03-04 03:45:00+00:00,2023-03,1,0,40754,40801,1570.6,1562.5,copied_horizon,-0.005157264739589884,-0.007157264739589884,-0.007152107474850294
2023H1,v9_regime_stability|2023H1|41147|41148|short,41147,2023-03-08 06:30:00+00:00,0.025592064707509854,short,428,0,42981,2023-03-27 08:45:00+00:00,2023-03,2,0,42982,43089,1756.62,1754.8633799999998,stop,0.001000000000000112,-0.0009999999999998881,-0.000998999999999888
2023H1,v9_regime_stability|2023H1|41147|41148|short,41147,2023-03-08 06:30:00+00:00,0.025592064707509854,short,428,1,42785,2023-03-25 07:45:00+00:00,2023-03,2,0,42786,42850,1747.07,1745.32293,stop,0.0009999999999998899,-0.0010000000000001102,-0.0009990000000001105
2023H1,v9_regime_stability|2023H1|41147|41148|short,41147,2023-03-08 06:30:00+00:00,0.025592064707509854,short,428,2,41257,2023-03-09 09:45:00+00:00,2023-03,2,0,41258,41575,1532.7,1531.1673,stop,0.0010000000000000009,-0.0009999999999999992,-0.0009989999999999995
2023H1,v9_regime_stability|2023H1|41575|41576|long,41575,2023-03-12 17:30:00+00:00,0.15430066371535012,long,1203,0,42341,2023-03-20 16:45:00+00:00,2023-03,0,4,42342,42540,1753.01,1754.76301,stop,0.0009999999999998899,-0.0010000000000001102,-0.0010010000000001099
2023H1,v9_regime_stability|2023H1|41575|41576|long,41575,2023-03-12 17:30:00+00:00,0.15430066371535012,long,1203,1,42052,2023-03-17 16:30:00+00:00,2023-03,0,4,42053,42545,1714.21,1715.92421,stop,0.0009999999999998899,-0.0010000000000001102,-0.0010010000000001099
2023H1,v9_regime_stability|2023H1|41575|41576|long,41575,2023-03-12 17:30:00+00:00,0.15430066371535012,long,1203,2,41582,2023-03-12 19:00:00+00:00,2023-03,0,4,41583,42786,1537.6,1748.0,copied_horizon,0.13683662851196687,0.13483662851196687,0.1346997918834549
2023H1,v9_regime_stability|2023H1|42778|42779|short,42778,2023-03-25 06:15:00+00:00,-0.0009999999999999992,short,71,0,42789,2023-03-25 08:45:00+00:00,2023-03,2,1,42790,42842,1743.3,1741.5566999999999,stop,0.0010000000000000009,-0.0009999999999999992,-0.0009989999999999995
2023H1,v9_regime_stability|2023H1|42778|42779|short,42778,2023-03-25 06:15:00+00:00,-0.0009999999999999992,short,71,1,40483,2023-03-01 08:15:00+00:00,2023-03,2,1,40484,40547,1652.87,1674.34,stop,-0.012989527307047721,-0.014989527307047721,-0.01500251683435477
2023H1,v9_regime_stability|2023H1|42778|42779|short,42778,2023-03-25 06:15:00+00:00,-0.0009999999999999992,short,71,2,42776,2023-03-25 05:30:00+00:00,2023-03,2,1,42777,42848,1747.01,1743.0,copied_horizon,0.002295350341440461,0.00029535034144046075,0.0002976456917819013
2023H1,v9_regime_stability|2023H1|42944|42945|long,42944,2023-03-26 23:45:00+00:00,-0.01596256771732829,long,24,0,43141,2023-03-29 00:45:00+00:00,2023-03,1,1,43142,43166,1775.08,1803.78,copied_horizon,0.016168285373053592,0.014168285373053592,0.014152117087680539
2023H1,v9_regime_stability|2023H1|42944|42945|long,42944,2023-03-26 23:45:00+00:00,-0.01596256771732829,long,24,1,41222,2023-03-09 01:00:00+00:00,2023-03,1,1,41223,41247,1537.37,1538.83,copied_horizon,0.0009496737935565935,-0.0010503262064434065,-0.0010512758802369627
2023H1,v9_regime_stability|2023H1|42944|42945|long,42944,2023-03-26 23:45:00+00:00,-0.01596256771732829,long,24,2,43341,2023-03-31 02:45:00+00:00,2023-03,1,1,43342,43366,1802.82,1792.34,copied_horizon,-0.005813115008708625,-0.007813115008708625,-0.007807301893699916
2023H1,v9_regime_stability|2023H1|43265|43266|long,43265,2023-03-30 08:00:00+00:00,-0.018700351615493327,long,38,0,40671,2023-03-03 07:15:00+00:00,2023-03,2,2,40672,40710,1567.25,1570.64,copied_horizon,0.002163024405806402,0.00016302440580640183,0.00016086138140059512
2023H1,v9_regime_stability|2023H1|43265|43266|long,43265,2023-03-30 08:00:00+00:00,-0.018700351615493327,long,38,1,42394,2023-03-21 06:00:00+00:00,2023-03,2,2,42395,42433,1739.3,1812.81,copied_horizon,0.04226412924739842,0.04026412924739842,0.04022186511815102
2023H1,v9_regime_stability|2023H1|43265|43266|long,43265,2023-03-30 08:00:00+00:00,-0.018700351615493327,long,38,2,41337,2023-03-10 05:45:00+00:00,2023-03,2,2,41338,41342,1420.34,1392.1,stop,-0.0198825633299069,-0.0218825633299069,-0.021862680766576992
2023H1,v9_regime_stability|2023H1|44027|44028|short,44027,2023-04-07 06:30:00+00:00,-0.0010000000000001102,short,64,0,43739,2023-04-04 06:15:00+00:00,2023-04,2,0,43740,43750,1809.0,1827.44,stop,-0.010193477059148748,-0.012193477059148748,-0.012203670536207897
2023H1,v9_regime_stability|2023H1|44027|44028|short,44027,2023-04-07 06:30:00+00:00,-0.0010000000000001102,short,64,1,43445,2023-04-01 04:45:00+00:00,2023-04,2,0,43446,43510,1827.37,1820.74,copied_horizon,0.003628165067829703,0.0016281650678297028,0.0016317932328975323
2023H1,v9_regime_stability|2023H1|44027|44028|short,44027,2023-04-07 06:30:00+00:00,-0.0010000000000001102,short,64,2,44030,2023-04-07 07:00:00+00:00,2023-04,2,0,44031,44095,1866.5,1864.62,copied_horizon,0.0010072327886418986,-0.0009927672113581015,-0.0009917599785694594
2023H1,v9_regime_stability|2023H1|44760|44761|long,44760,2023-04-14 21:45:00+00:00,-0.0010000000000001102,long,185,0,45413,2023-04-21 16:45:00+00:00,2023-04,0,4,45414,45422,1900.25,1863.63,stop,-0.019271148533087645,-0.021271148533087647,-0.021251877384554557
2023H1,v9_regime_stability|2023H1|44760|44761|long,44760,2023-04-14 21:45:00+00:00,-0.0010000000000001102,long,185,1,45420,2023-04-21 18:30:00+00:00,2023-04,0,4,45421,45422,1883.02,1844.58,stop,-0.020414015783156825,-0.022414015783156827,-0.022393601767373667
2023H1,v9_regime_stability|2023H1|44760|44761|long,44760,2023-04-14 21:45:00+00:00,-0.0010000000000001102,long,185,2,45423,2023-04-21 19:15:00+00:00,2023-04,0,4,45424,45540,1849.63,1851.4796299999998,stop,0.0009999999999998899,-0.0010000000000001102,-0.0010010000000001099
2023H1,v9_regime_stability|2023H1|45298|45299|short,45298,2023-04-20 12:15:00+00:00,-0.01595064330250895,short,1,0,45770,2023-04-25 10:00:00+00:00,2023-04,3,2,45771,45772,1816.31,1817.6,copied_horizon,-0.0007102311830029517,-0.0027102311830029518,-0.0027109414141859548
2023H1,v9_regime_stability|2023H1|45298|45299|short,45298,2023-04-20 12:15:00+00:00,-0.01595064330250895,short,1,1,43757,2023-04-04 10:45:00+00:00,2023-04,3,2,43758,43758,1831.78,1856.19,stop,-0.013325836072017427,-0.015325836072017427,-0.015339161908089444
2023H1,v9_regime_stability|2023H1|45298|45299|short,45298,2023-04-20 12:15:00+00:00,-0.01595064330250895,short,1,2,45683,2023-04-24 12:15:00+00:00,2023-04,3,2,45684,45685,1851.24,1847.9,copied_horizon,0.0018041961063934853,-0.00019580389360651478,-0.00019399969750012128
2023H1,v9_regime_stability|2023H1|45369|45370|short,45369,2023-04-21 06:00:00+00:00,-0.0009999999999999992,short,7,0,45654,2023-04-24 05:00:00+00:00,2023-04,2,2,45655,45662,1864.31,1841.51,copied_horizon,0.012229725743036268,0.010229725743036268,0.010241955468779304
2023H1,v9_regime_stability|2023H1|45369|45370|short,45369,2023-04-21 06:00:00+00:00,-0.0009999999999999992,short,7,1,45362,2023-04-21 04:00:00+00:00,2023-04,2,2,45363,45370,1945.92,1929.06,copied_horizon,0.008664282190429251,0.006664282190429251,0.00667294647261968
2023H1,v9_regime_stability|2023H1|45369|45370|short,45369,2023-04-21 06:00:00+00:00,-0.0009999999999999992,short,7,2,44596,2023-04-13 04:30:00+00:00,2023-04,2,2,44597,44604,1913.49,1913.94,copied_horizon,-0.00023517238135561946,-0.0022351723813556195,-0.0022354075537369747
2023H1,v9_regime_stability|2023H1|45475|45476|short,45475,2023-04-22 08:30:00+00:00,-0.011216963537584055,short,25,0,44126,2023-04-08 07:00:00+00:00,2023-04,2,0,44127,44152,1874.26,1868.1,copied_horizon,0.0032866304568203164,0.0012866304568203164,0.0012899170872771367
2023H1,v9_regime_stability|2023H1|45475|45476|short,45475,2023-04-22 08:30:00+00:00,-0.011216963537584055,short,25,1,45078,2023-04-18 05:00:00+00:00,2023-04,2,0,45079,45084,2086.57,2106.29,stop,-0.009450917055262797,-0.011450917055262798,-0.01146036797231806
2023H1,v9_regime_stability|2023H1|45475|45476|short,45475,2023-04-22 08:30:00+00:00,-0.011216963537584055,short,25,2,44022,2023-04-07 05:00:00+00:00,2023-04,2,0,44023,44048,1874.53,1852.96,copied_horizon,0.011506884392354366,0.009506884392354366,0.00951839127674672
2023H1,v9_regime_stability|2023H1|45661|45662|short,45661,2023-04-24 07:00:00+00:00,-0.015794260418752426,short,29,0,44994,2023-04-17 08:00:00+00:00,2023-04,2,2,44995,45024,2090.68,2069.34,copied_horizon,0.01020720531119046,0.00820720531119046,0.00821741251650165
2023H1,v9_regime_stability|2023H1|45661|45662|short,45661,2023-04-24 07:00:00+00:00,-0.015794260418752426,short,29,1,44986,2023-04-17 06:00:00+00:00,2023-04,2,2,44987,45016,2100.97,2071.1,copied_horizon,0.014217242511792128,0.012217242511792127,0.01223145975430392
2023H1,v9_regime_stability|2023H1|45661|45662|short,45661,2023-04-24 07:00:00+00:00,-0.015794260418752426,short,29,2,44790,2023-04-15 05:00:00+00:00,2023-04,2,2,44791,44820,2089.3,2102.97,copied_horizon,-0.00654286124539305,-0.00854286124539305,-0.008549404106638443
2023H1,v9_regime_stability|2023H1|45697|45698|short,45697,2023-04-24 16:00:00+00:00,-0.0009999999999999992,short,5,0,45972,2023-04-27 12:30:00+00:00,2023-04,3,4,45973,45978,1869.03,1891.29,copied_horizon,-0.011909921189066086,-0.013909921189066086,-0.013921831110255151
2023H1,v9_regime_stability|2023H1|45697|45698|short,45697,2023-04-24 16:00:00+00:00,-0.0009999999999999992,short,5,1,43774,2023-04-04 15:00:00+00:00,2023-04,3,4,43775,43780,1863.15,1867.8,copied_horizon,-0.002495773287174874,-0.004495773287174874,-0.004498269060462049
2023H1,v9_regime_stability|2023H1|45697|45698|short,45697,2023-04-24 16:00:00+00:00,-0.0009999999999999992,short,5,2,45203,2023-04-19 12:15:00+00:00,2023-04,3,4,45204,45209,1977.39,1984.31,copied_horizon,-0.0034995625546805353,-0.005499562554680535,-0.005503062117235216
2023H1,v9_regime_stability|2023H1|45738|45739|short,45738,2023-04-25 02:15:00+00:00,-0.0009999999999999992,short,61,0,46106,2023-04-28 22:00:00+00:00,2023-04,1,1,46107,46168,1895.79,1904.76,copied_horizon,-0.004731536720839369,-0.006731536720839369,-0.006736268257560208
2023H1,v9_regime_stability|2023H1|45738|45739|short,45738,2023-04-25 02:15:00+00:00,-0.0009999999999999992,short,61,1,43628,2023-04-03 02:30:00+00:00,2023-04,1,1,43629,43650,1776.99,1800.8,stop,-0.013399062459552358,-0.015399062459552358,-0.01541246152201191
2023H1,v9_regime_stability|2023H1|45738|45739|short,45738,2023-04-25 02:15:00+00:00,-0.0009999999999999992,short,61,2,43612,2023-04-02 22:30:00+00:00,2023-04,1,1,43613,43651,1786.61,1809.4799999999998,stop,-0.012800779129188644,-0.014800779129188644,-0.014813579908317833
2023H1,v9_regime_stability|2023H1|45944|45945|long,45944,2023-04-27 05:45:00+00:00,-0.02639662844877222,long,27,0,45955,2023-04-27 08:15:00+00:00,2023-04,2,4,45956,45983,1888.82,1902.53,copied_horizon,0.007258500015882907,0.005258500015882907,0.005251241515867024
2023H1,v9_regime_stability|2023H1|45944|45945|long,45944,2023-04-27 05:45:00+00:00,-0.02639662844877222,long,27,1,44614,2023-04-13 09:00:00+00:00,2023-04,2,4,44615,44642,1983.46,1994.94,copied_horizon,0.005787865648916535,0.0037878656489165347,0.003782077783267618
2023H1,v9_regime_stability|2023H1|45944|45945|long,45944,2023-04-27 05:45:00+00:00,-0.02639662844877222,long,27,2,45943,2023-04-27 05:15:00+00:00,2023-04,2,4,45944,45971,1913.3,1882.65,copied_horizon,-0.016019442847436283,-0.018019442847436284,-0.018003423404588846
2023H1,v9_regime_stability|2023H1|46039|46040|long,46039,2023-04-28 05:30:00+00:00,-0.013300172924514018,long,32,0,45755,2023-04-25 06:15:00+00:00,2023-04,2,1,45756,45763,1829.78,1808.8899999999999,stop,-0.011416673042660919,-0.013416673042660919,-0.013405256369618257
2023H1,v9_regime_stability|2023H1|46039|46040|long,46039,2023-04-28 05:30:00+00:00,-0.013300172924514018,long,32,1,45095,2023-04-18 09:15:00+00:00,2023-04,2,1,45096,45128,2102.17,2087.17,copied_horizon,-0.007135483809587284,-0.009135483809587284,-0.009128348325777696
2023H1,v9_regime_stability|2023H1|46039|46040|long,46039,2023-04-28 05:30:00+00:00,-0.013300172924514018,long,32,2,45842,2023-04-26 04:00:00+00:00,2023-04,2,1,45843,45875,1867.25,1939.14,copied_horizon,0.03850046860356149,0.03650046860356149,0.036461968134957924
2023H1,v9_regime_stability|2023H1|46533|46534|long,46533,2023-05-03 09:00:00+00:00,-0.010825213672926546,long,14,0,48051,2023-05-19 04:15:00+00:00,2023-05,2,1,48052,48066,1799.99,1806.98,copied_horizon,0.0038833549075272256,0.0018833549075272255,0.001879471552619698
2023H1,v9_regime_stability|2023H1|46533|46534|long,46533,2023-05-03 09:00:00+00:00,-0.010825213672926546,long,14,1,46440,2023-05-02 09:30:00+00:00,2023-05,2,1,46441,46455,1829.55,1830.11,copied_horizon,0.0003060861960590966,-0.0016939138039409034,-0.0016942198901369627
2023H1,v9_regime_stability|2023H1|46533|46534|long,46533,2023-05-03 09:00:00+00:00,-0.010825213672926546,long,14,2,48551,2023-05-24 09:15:00+00:00,2023-05,2,1,48552,48566,1819.23,1817.0,copied_horizon,-0.001225793330145164,-0.003225793330145164,-0.003224567536815019
2023H1,v9_regime_stability|2023H1|46569|46570|long,46569,2023-05-03 18:00:00+00:00,-0.0010000000000001102,long,97,0,46484,2023-05-02 20:30:00+00:00,2023-05,0,4,46485,46548,1873.55,1844.99,stop,-0.015243788529796354,-0.017243788529796356,-0.017228544741266557
2023H1,v9_regime_stability|2023H1|46569|46570|long,46569,2023-05-03 18:00:00+00:00,-0.0010000000000001102,long,97,1,47351,2023-05-11 21:15:00+00:00,2023-05,0,4,47352,47373,1795.8,1762.77,stop,-0.0183929168058804,-0.0203929168058804,-0.020374523889074517
2023H1,v9_regime_stability|2023H1|46569|46570|long,46569,2023-05-03 18:00:00+00:00,-0.0010000000000001102,long,97,2,46571,2023-05-03 18:15:00+00:00,2023-05,0,4,46572,46648,1881.3,1883.1812999999997,stop,0.0009999999999998899,-0.0010000000000001102,-0.0010010000000001099
2023H1,v9_regime_stability|2023H1|46698|46699|long,46698,2023-05-05 02:15:00+00:00,-0.0010000000000001102,long,141,0,47364,2023-05-12 00:30:00+00:00,2023-05,1,3,47365,47373,1798.73,1771.81,stop,-0.014966114981125656,-0.016966114981125657,-0.01695114886614453
2023H1,v9_regime_stability|2023H1|46698|46699|long,46698,2023-05-05 02:15:00+00:00,-0.0010000000000001102,long,141,1,47368,2023-05-12 01:30:00+00:00,2023-05,1,3,47369,47373,1790.87,1764.6699999999998,stop,-0.014629760954173121,-0.016629760954173123,-0.016615131193218946
2023H1,v9_regime_stability|2023H1|46698|46699|long,46698,2023-05-05 02:15:00+00:00,-0.0010000000000001102,long,141,2,47077,2023-05-09 00:45:00+00:00,2023-05,1,3,47078,47219,1842.67,1850.38,copied_horizon,0.0041841458318636615,0.0021841458318636615,0.002179961686031798
2023H1,v9_regime_stability|2023H1|46976|46977|short,46976,2023-05-07 23:45:00+00:00,0.040005106812235236,short,683,0,48625,2023-05-25 03:45:00+00:00,2023-05,1,3,48626,48658,1781.09,1805.1499999999999,stop,-0.013508581823490129,-0.015508581823490129,-0.015522090405313618
2023H1,v9_regime_stability|2023H1|46976|46977|short,46976,2023-05-07 23:45:00+00:00,0.040005106812235236,short,683,1,47663,2023-05-15 03:15:00+00:00,2023-05,1,3,47664,47778,1827.75,1825.92225,stop,0.0010000000000000009,-0.0009999999999999992,-0.0009989999999999995
2023H1,v9_regime_stability|2023H1|46976|46977|short,46976,2023-05-07 23:45:00+00:00,0.040005106812235236,short,683,2,47754,2023-05-16 02:00:00+00:00,2023-05,1,3,47755,47818,1808.8,1833.21,stop,-0.013495134896063687,-0.015495134896063687,-0.015508630030959751
2023H1,v9_regime_stability|2023H1|47659|47660|long,47659,2023-05-15 02:30:00+00:00,-0.018036064692687814,long,227,0,46604,2023-05-04 02:30:00+00:00,2023-05,1,4,46605,46668,1899.0,1869.91,stop,-0.015318588730910965,-0.017318588730910967,-0.017303270142180055
2023H1,v9_regime_stability|2023H1|47659|47660|long,47659,2023-05-15 02:30:00+00:00,-0.018036064692687814,long,227,1,46589,2023-05-03 22:45:00+00:00,2023-05,1,4,46590,46817,1906.71,1959.29,copied_horizon,0.02757629634291514,0.02557629634291514,0.025548720046572226
2023H1,v9_regime_stability|2023H1|47659|47660|long,47659,2023-05-15 02:30:00+00:00,-0.018036064692687814,long,227,2,48987,2023-05-28 22:15:00+00:00,2023-05,1,4,48988,49206,1905.37,1868.11,stop,-0.01955525698420779,-0.021555256984207793,-0.021535701727223584
2023H1,v9_regime_stability|2023H1|47973|47974|long,47973,2023-05-18 09:00:00+00:00,-0.010207492416693163,long,23,0,48726,2023-05-26 05:00:00+00:00,2023-05,2,0,48727,48750,1806.18,1814.19,copied_horizon,0.004434773942796344,0.002434773942796344,0.0024303391688535476
2023H1,v9_regime_stability|2023H1|47973|47974|long,47973,2023-05-18 09:00:00+00:00,-0.010207492416693163,long,23,1,48840,2023-05-27 09:30:00+00:00,2023-05,2,0,48841,48857,1828.82,1820.2,stop,-0.004713421769228177,-0.006713421769228177,-0.006708708347458949
2023H1,v9_regime_stability|2023H1|47973|47974|long,47973,2023-05-18 09:00:00+00:00,-0.010207492416693163,long,23,2,47958,2023-05-18 05:00:00+00:00,2023-05,2,0,47959,47982,1824.0,1826.24,copied_horizon,0.001228070175438578,-0.0007719298245614219,-0.0007731578947368606
2023H1,v9_regime_stability|2023H1|48813|48814|long,48813,2023-05-27 03:00:00+00:00,-0.008080303633458573,long,43,0,48815,2023-05-27 03:15:00+00:00,2023-05,1,0,48816,48857,1832.11,1821.1999999999998,stop,-0.005954882621676649,-0.00795488262167665,-0.007948927739054973
2023H1,v9_regime_stability|2023H1|48813|48814|long,48813,2023-05-27 03:00:00+00:00,-0.008080303633458573,long,43,1,48133,2023-05-20 00:45:00+00:00,2023-05,1,0,48134,48177,1808.45,1813.1,copied_horizon,0.0025712626835134866,0.0005712626835134866,0.0005686914208299729
2023H1,v9_regime_stability|2023H1|48813|48814|long,48813,2023-05-27 03:00:00+00:00,-0.008080303633458573,long,43,2,48804,2023-05-27 00:30:00+00:00,2023-05,1,0,48805,48848,1825.59,1827.66,copied_horizon,0.001133880005915966,-0.0008661199940840341,-0.0008672538740899503
2023H1,v9_regime_stability|2023H1|49165|49166|long,49165,2023-05-30 19:00:00+00:00,-0.014249326470495703,long,28,0,47914,2023-05-17 18:00:00+00:00,2023-05,0,3,47915,47943,1818.6,1822.84,copied_horizon,0.002331463763334485,0.00033146376333448475,0.00032913229957115065
2023H1,v9_regime_stability|2023H1|49165|49166|long,49165,2023-05-30 19:00:00+00:00,-0.014249326470495703,long,28,1,47150,2023-05-09 19:00:00+00:00,2023-05,0,3,47151,47179,1843.69,1849.33,copied_horizon,0.0030590826006540173,0.0010590826006540172,0.0010560235180533633
2023H1,v9_regime_stability|2023H1|49165|49166|long,49165,2023-05-30 19:00:00+00:00,-0.014249326470495703,long,28,2,46962,2023-05-07 20:00:00+00:00,2023-05,0,3,46963,46977,1916.54,1891.56,stop,-0.013033904849363953,-0.015033904849363953,-0.01502087094451459
2023H1,v9_regime_stability|2023H1|49377|49378|short,49377,2023-06-02 00:00:00+00:00,-0.012226827159101282,short,9,0,49468,2023-06-02 22:30:00+00:00,2023-06,1,1,49469,49478,1907.53,1904.59,copied_horizon,0.0015412601636671797,-0.0004587398363328204,-0.0004571985761691534
2023H1,v9_regime_stability|2023H1|49377|49378|short,49377,2023-06-02 00:00:00+00:00,-0.012226827159101282,short,9,1,49965,2023-06-08 02:45:00+00:00,2023-06,1,1,49966,49975,1837.35,1839.18,copied_horizon,-0.0009959996734427712,-0.0029959996734427712,-0.002996995673116214
2023H1,v9_regime_stability|2023H1|49377|49378|short,49377,2023-06-02 00:00:00+00:00,-0.012226827159101282,short,9,2,52069,2023-06-30 00:45:00+00:00,2023-06,1,1,52070,52076,1849.74,1868.71,stop,-0.0102554953669165,-0.0122554953669165,-0.012265750862283417
2023H1,v9_regime_stability|2023H1|49443|49444|long,49443,2023-06-02 16:30:00+00:00,-0.013160229769436425,long,235,0,50518,2023-06-13 21:00:00+00:00,2023-06,0,2,50519,50610,1738.35,1717.82,stop,-0.011810049759829688,-0.013810049759829688,-0.01379823971006986
2023H1,v9_regime_stability|2023H1|49443|49444|long,49443,2023-06-02 16:30:00+00:00,-0.013160229769436425,long,235,1,50315,2023-06-11 18:15:00+00:00,2023-06,0,2,50316,50347,1756.19,1733.96,stop,-0.012658083692538957,-0.014658083692538957,-0.014645425608846418
2023H1,v9_regime_stability|2023H1|49443|49444|long,49443,2023-06-02 16:30:00+00:00,-0.013160229769436425,long,235,2,49456,2023-06-02 19:30:00+00:00,2023-06,0,2,49457,49546,1909.11,1887.8799999999999,stop,-0.011120364986826337,-0.013120364986826337,-0.01310924462183951
2023H1,v9_regime_stability|2023H1|50053|50054|short,50053,2023-06-09 01:00:00+00:00,0.05462628387978441,short,1030,0,50537,2023-06-14 01:45:00+00:00,2023-06,1,0,50538,50605,1747.27,1745.52273,stop,0.0010000000000000009,-0.0009999999999999992,-0.0009989999999999995
2023H1,v9_regime_stability|2023H1|50053|50054|short,50053,2023-06-09 01:00:00+00:00,0.05462628387978441,short,1030,1,50050,2023-06-09 00:00:00+00:00,2023-06,1,0,50051,51081,1846.66,1729.85,copied_horizon,0.0632547409918448,0.0612547409918448,0.06131799573283665
2023H1,v9_regime_stability|2023H1|50053|50054|short,50053,2023-06-09 01:00:00+00:00,0.05462628387978441,short,1030,2,50831,2023-06-17 03:15:00+00:00,2023-06,1,0,50832,50840,1718.19,1731.94,stop,-0.008002607394991257,-0.010002607394991257,-0.010010610002386249
2023H1,v9_regime_stability|2023H1|51083|51084|long,51083,2023-06-19 18:30:00+00:00,-0.01836008277765011,long,1,0,49941,2023-06-07 20:45:00+00:00,2023-06,0,3,49942,49943,1841.45,1844.53,copied_horizon,0.001672594965923535,-0.00032740503407646497,-0.0003290776290423886
2023H1,v9_regime_stability|2023H1|51083|51084|long,51083,2023-06-19 18:30:00+00:00,-0.01836008277765011,long,1,1,52035,2023-06-29 16:15:00+00:00,2023-06,0,3,52036,52037,1852.78,1851.06,copied_horizon,-0.0009283347186390678,-0.002928334718639068,-0.002927406383920429
2023H1,v9_regime_stability|2023H1|51083|51084|long,51083,2023-06-19 18:30:00+00:00,-0.01836008277765011,long,1,2,49350,2023-06-01 17:00:00+00:00,2023-06,0,3,49351,49352,1873.8,1873.16,copied_horizon,-0.00034155192656626365,-0.0023415519265662637,-0.002341210374639697
2023H1,v9_regime_stability|2023H1|51414|51415|long,51414,2023-06-23 05:15:00+00:00,-0.010895690850829752,long,34,0,49415,2023-06-02 09:15:00+00:00,2023-06,2,1,49416,49433,1891.08,1875.6599999999999,stop,-0.008154070689764592,-0.010154070689764592,-0.010145916619074827
2023H1,v9_regime_stability|2023H1|51414|51415|long,51414,2023-06-23 05:15:00+00:00,-0.010895690850829752,long,34,1,50462,2023-06-13 07:00:00+00:00,2023-06,2,1,50463,50485,1749.95,1732.75,stop,-0.009828852252921516,-0.011828852252921516,-0.011819023400668595
2023H1,v9_regime_stability|2023H1|51414|51415|long,51414,2023-06-23 05:15:00+00:00,-0.010895690850829752,long,34,2,50660,2023-06-15 08:30:00+00:00,2023-06,2,1,50661,50695,1643.09,1638.61,copied_horizon,-0.0027265700600697107,-0.004726570060069711,-0.004723843490009641
2023H1,v9_regime_stability|2023H1|51456|51457|long,51456,2023-06-23 15:45:00+00:00,-0.0010000000000001102,long,2,0,51360,2023-06-22 15:30:00+00:00,2023-06,3,4,51361,51363,1877.17,1890.0,copied_horizon,0.006834756575057055,0.004834756575057055,0.004827921818481998
2023H1,v9_regime_stability|2023H1|51456|51457|long,51456,2023-06-23 15:45:00+00:00,-0.0010000000000001102,long,2,1,50188,2023-06-10 10:30:00+00:00,2023-06,3,4,50189,50191,1741.77,1742.2,copied_horizon,0.00024687530500577815,-0.001753124694994222,-0.001753371570299228
2023H1,v9_regime_stability|2023H1|51456|51457|long,51456,2023-06-23 15:45:00+00:00,-0.0010000000000001102,long,2,2,50785,2023-06-16 15:45:00+00:00,2023-06,3,4,50786,50788,1682.4,1678.07,copied_horizon,-0.0025737042320495007,-0.004573704232049501,-0.004571130527817451
2023H1,v9_regime_stability|2023H1|51723|51724|short,51723,2023-06-26 10:30:00+00:00,-0.015134026651062669,short,13,0,51249,2023-06-21 11:45:00+00:00,2023-06,3,3,51250,51263,1829.02,1852.66,stop,-0.012924954347136808,-0.014924954347136808,-0.014937879301483945
2023H1,v9_regime_stability|2023H1|51723|51724|short,51723,2023-06-26 10:30:00+00:00,-0.015134026651062669,short,13,1,52107,2023-06-30 10:15:00+00:00,2023-06,3,3,52108,52121,1889.94,1855.03,copied_horizon,0.018471485867276205,0.016471485867276203,0.01648995735314348
2023H1,v9_regime_stability|2023H1|51723|51724|short,51723,2023-06-26 10:30:00+00:00,-0.015134026651062669,short,13,2,52032,2023-06-29 15:30:00+00:00,2023-06,3,3,52033,52046,1853.01,1852.6,copied_horizon,0.00022126162298108376,-0.0017787383770189163,-0.0017785171153959353
2023H1,v9_regime_stability|2023H1|51749|51750|short,51749,2023-06-26 17:00:00+00:00,-0.023192660550458655,short,84,0,50789,2023-06-16 16:45:00+00:00,2023-06,0,4,50790,50794,1685.85,1715.6,stop,-0.017646884361004922,-0.019646884361004924,-0.019664531245365928
2023H1,v9_regime_stability|2023H1|51749|51750|short,51749,2023-06-26 17:00:00+00:00,-0.023192660550458655,short,84,1,51470,2023-06-23 19:00:00+00:00,2023-06,0,4,51471,51555,1910.96,1874.34,copied_horizon,0.019163143132247762,0.01716314313224776,0.01718230627538001
2023H1,v9_regime_stability|2023H1|51749|51750|short,51749,2023-06-26 17:00:00+00:00,-0.023192660550458655,short,84,2,51188,2023-06-20 20:30:00+00:00,2023-06,0,4,51189,51206,1782.88,1817.5100000000002,stop,-0.019423629184241342,-0.021423629184241344,-0.021443052813425584
2023H1,v9_regime_stability|2023H1|52080|52081|long,52080,2023-06-30 03:45:00+00:00,-0.0010000000000001102,long,9,0,51686,2023-06-26 01:00:00+00:00,2023-06,1,3,51687,51696,1873.99,1879.8,copied_horizon,0.0031003367147102168,0.0011003367147102167,0.0010972363779955066
2023H1,v9_regime_stability|2023H1|52080|52081|long,52080,2023-06-30 03:45:00+00:00,-0.0010000000000001102,long,9,1,51217,2023-06-21 03:45:00+00:00,2023-06,1,3,51218,51227,1811.55,1815.62,copied_horizon,0.0022466948193535785,0.00024669481935357847,0.0002444481245342249
2023H1,v9_regime_stability|2023H1|52080|52081|long,52080,2023-06-30 03:45:00+00:00,-0.0010000000000001102,long,9,2,49957,2023-06-08 00:45:00+00:00,2023-06,1,3,49958,49967,1835.79,1830.31,copied_horizon,-0.002985090887301922,-0.004985090887301922,-0.004982105796414621
2023H1,v9_regime_stability|2023H1|52137|52138|long,52137,2023-06-30 18:00:00+00:00,-0.0011098183926010457,long,23,0,51289,2023-06-21 21:45:00+00:00,2023-06,0,4,51290,51313,1875.8,1918.94,copied_horizon,0.022998187440025575,0.020998187440025573,0.020975189252585548
2023H1,v9_regime_stability|2023H1|52137|52138|long,52137,2023-06-30 18:00:00+00:00,-0.0011098183926010457,long,23,1,49839,2023-06-06 19:15:00+00:00,2023-06,0,4,49840,49863,1881.59,1880.09,copied_horizon,-0.0007971981143607421,-0.002797198114360742,-0.0027964009162463814
2023H1,v9_regime_stability|2023H1|52137|52138|long,52137,2023-06-30 18:00:00+00:00,-0.0011098183926010457,long,23,2,51093,2023-06-19 20:45:00+00:00,2023-06,0,4,51094,51117,1730.43,1735.75,copied_horizon,0.0030743803563275662,0.0010743803563275662,0.0010713059759712385
2023H2,v9_regime_stability|2023H2|52344|52345|long,52344,2023-07-02 21:45:00+00:00,-0.0010000000000001102,long,3,0,53859,2023-07-18 16:15:00+00:00,2023-07,0,3,53860,53863,1897.32,1885.26,copied_horizon,-0.006356334197710423,-0.008356334197710423,-0.008349977863512712
2023H2,v9_regime_stability|2023H2|52344|52345|long,52344,2023-07-02 21:45:00+00:00,-0.0010000000000001102,long,3,1,53970,2023-07-19 20:00:00+00:00,2023-07,0,3,53971,53974,1906.3,1885.3899999999999,stop,-0.01096889261921008,-0.01296889261921008,-0.01295792372659087
2023H2,v9_regime_stability|2023H2|52344|52345|long,52344,2023-07-02 21:45:00+00:00,-0.0010000000000001102,long,3,2,53188,2023-07-11 16:30:00+00:00,2023-07,0,3,53189,53192,1872.75,1875.02,copied_horizon,0.00121212121212122,-0.0007878787878787801,-0.0007890909090909012
2023H2,v9_regime_stability|2023H2|52495|52496|long,52495,2023-07-04 11:30:00+00:00,-0.00916192693098927,long,30,0,52496,2023-07-04 11:30:00+00:00,2023-07,3,1,52497,52526,1959.04,1944.72,stop,-0.0073097027115321955,-0.009309702711532196,-0.009302393008820664
2023H2,v9_regime_stability|2023H2|52495|52496|long,52495,2023-07-04 11:30:00+00:00,-0.00916192693098927,long,30,1,53355,2023-07-13 10:15:00+00:00,2023-07,3,1,53356,53386,1882.47,2011.45,copied_horizon,0.06851636413860507,0.06651636413860507,0.06644784777446647
2023H2,v9_regime_stability|2023H2|52495|52496|long,52495,2023-07-04 11:30:00+00:00,-0.00916192693098927,long,30,2,53552,2023-07-15 11:30:00+00:00,2023-07,3,1,53553,53583,1939.31,1938.0,copied_horizon,-0.000675497986397211,-0.002675497986397211,-0.002674822488410814
2023H2,v9_regime_stability|2023H2|52646|52647|short,52646,2023-07-06 01:15:00+00:00,-0.011238154259844755,short,17,0,53809,2023-07-18 03:45:00+00:00,2023-07,1,2,53810,53827,1908.89,1904.51,copied_horizon,0.002294527185956241,0.000294527185956241,0.00029682171314219727
2023H2,v9_regime_stability|2023H2|52646|52647|short,52646,2023-07-06 01:15:00+00:00,-0.011238154259844755,short,17,1,52545,2023-07-04 23:45:00+00:00,2023-07,1,2,52546,52563,1936.69,1939.2,copied_horizon,-0.0012960256933221004,-0.0032960256933221004,-0.0032973217190154225
2023H2,v9_regime_stability|2023H2|52646|52647|short,52646,2023-07-06 01:15:00+00:00,-0.011238154259844755,short,17,2,55038,2023-07-30 23:00:00+00:00,2023-07,1,2,55039,55045,1859.82,1876.31,stop,-0.008866449441343738,-0.010866449441343738,-0.010875315890785081
2023H2,v9_regime_stability|2023H2|52849|52850|short,52849,2023-07-08 04:00:00+00:00,-0.008737329957516192,short,130,0,52848,2023-07-08 03:30:00+00:00,2023-07,1,1,52849,52979,1864.98,1871.52,copied_horizon,-0.003506740018659693,-0.005506740018659693,-0.005510246758678353
2023H2,v9_regime_stability|2023H2|52849|52850|short,52849,2023-07-08 04:00:00+00:00,-0.008737329957516192,short,130,1,53324,2023-07-13 02:30:00+00:00,2023-07,1,1,53325,53359,1871.88,1885.1000000000001,stop,-0.0070624185311023435,-0.009062418531102344,-0.009069480949633446
2023H2,v9_regime_stability|2023H2|52849|52850|short,52849,2023-07-08 04:00:00+00:00,-0.008737329957516192,short,130,2,53228,2023-07-12 02:30:00+00:00,2023-07,1,1,53229,53268,1883.69,1897.88,stop,-0.007533086654385901,-0.009533086654385901,-0.009540619741040287
2023H2,v9_regime_stability|2023H2|53016|53017|long,53016,2023-07-09 21:45:00+00:00,-0.005210290049705966,long,3,0,54550,2023-07-25 21:00:00+00:00,2023-07,0,1,54551,54554,1863.26,1861.88,copied_horizon,-0.0007406373774996311,-0.002740637377499631,-0.0027398967401221315
2023H2,v9_regime_stability|2023H2|53016|53017|long,53016,2023-07-09 21:45:00+00:00,-0.005210290049705966,long,3,1,54544,2023-07-25 19:30:00+00:00,2023-07,0,1,54545,54548,1858.38,1859.69,copied_horizon,0.0007049150335238785,-0.0012950849664761215,-0.0012957898815096455
2023H2,v9_regime_stability|2023H2|53016|53017|long,53016,2023-07-09 21:45:00+00:00,-0.005210290049705966,long,3,2,54818,2023-07-28 16:00:00+00:00,2023-07,0,1,54819,54822,1874.71,1873.29,copied_horizon,-0.0007574504856751041,-0.002757450485675104,-0.0027566930351894292
2023H2,v9_regime_stability|2023H2|53019|53020|short,53019,2023-07-09 22:30:00+00:00,-0.01097482004734318,short,80,0,53023,2023-07-09 23:15:00+00:00,2023-07,1,2,53024,53100,1863.44,1879.13,stop,-0.008419911561413418,-0.010419911561413418,-0.010428331472974832
2023H2,v9_regime_stability|2023H2|53019|53020|short,53019,2023-07-09 22:30:00+00:00,-0.01097482004734318,short,80,1,54671,2023-07-27 03:15:00+00:00,2023-07,1,2,54672,54752,1877.5,1861.2,copied_horizon,0.008681757656458067,0.006681757656458067,0.006690439414114525
2023H2,v9_regime_stability|2023H2|53019|53020|short,53019,2023-07-09 22:30:00+00:00,-0.01097482004734318,short,80,2,52654,2023-07-06 03:00:00+00:00,2023-07,1,2,52655,52676,1913.77,1930.81,stop,-0.008903891272200815,-0.010903891272200815,-0.010912795163473016
2023H2,v9_regime_stability|2023H2|53150|53151|long,53150,2023-07-11 07:15:00+00:00,-0.009720921840922435,long,8,0,53058,2023-07-10 08:00:00+00:00,2023-07,2,1,53059,53067,1854.82,1861.79,copied_horizon,0.0037577770349683792,0.0017577770349683792,0.001754019257933411
2023H2,v9_regime_stability|2023H2|53150|53151|long,53150,2023-07-11 07:15:00+00:00,-0.009720921840922435,long,8,1,53922,2023-07-19 08:00:00+00:00,2023-07,2,1,53923,53931,1907.63,1908.4,copied_horizon,0.000403642215733635,-0.001596357784266365,-0.0015967614264820983
2023H2,v9_regime_stability|2023H2|53150|53151|long,53150,2023-07-11 07:15:00+00:00,-0.009720921840922435,long,8,2,53736,2023-07-17 09:30:00+00:00,2023-07,2,1,53737,53739,1922.61,1909.4799999999998,stop,-0.006829258143877359,-0.00882925814387736,-0.008822428885733482
2023H2,v9_regime_stability|2023H2|53683|53684|short,53683,2023-07-16 20:30:00+00:00,-0.0009999999999998881,short,342,0,54725,2023-07-27 16:45:00+00:00,2023-07,0,1,54726,54812,1867.66,1881.0400000000002,stop,-0.007164044847563389,-0.009164044847563389,-0.009171208892410953
2023H2,v9_regime_stability|2023H2|53683|53684|short,53683,2023-07-16 20:30:00+00:00,-0.0009999999999998881,short,342,1,55121,2023-07-31 19:45:00+00:00,2023-07,0,1,55122,55214,1857.17,1855.31283,stop,0.0010000000000000009,-0.0009999999999999992,-0.0009989999999999995
2023H2,v9_regime_stability|2023H2|53683|53684|short,53683,2023-07-16 20:30:00+00:00,-0.0009999999999998881,short,342,2,53678,2023-07-16 19:00:00+00:00,2023-07,0,1,53679,54021,1931.49,1915.16,copied_horizon,0.008454612760097069,0.006454612760097069,0.0064630673728571664
2023H2,v9_regime_stability|2023H2|54048|54049|short,54048,2023-07-20 15:45:00+00:00,-0.0009999999999999992,short,296,0,54046,2023-07-20 15:00:00+00:00,2023-07,3,4,54047,54343,1893.2,1884.07,copied_horizon,0.0048225227128672055,0.0028225227128672054,0.0028273452355800726
2023H2,v9_regime_stability|2023H2|54048|54049|short,54048,2023-07-20 15:45:00+00:00,-0.0009999999999999992,short,296,1,52609,2023-07-05 15:45:00+00:00,2023-07,3,4,52610,52672,1902.78,1928.5,stop,-0.013517064505618182,-0.015517064505618182,-0.0155305815701238
2023H2,v9_regime_stability|2023H2|54048|54049|short,54048,2023-07-20 15:45:00+00:00,-0.0009999999999999992,short,296,2,52692,2023-07-06 12:30:00+00:00,2023-07,3,4,52693,52989,1898.08,1867.92,copied_horizon,0.015889741212172237,0.013889741212172237,0.013905630953384408
2023H2,v9_regime_stability|2023H2|54380|54381|short,54380,2023-07-24 02:45:00+00:00,-0.0009999999999999992,short,253,0,52826,2023-07-07 22:00:00+00:00,2023-07,1,2,52827,53080,1869.69,1865.59,copied_horizon,0.002192876894030582,0.00019287689403058202,0.00019506977092461275
2023H2,v9_regime_stability|2023H2|54380|54381|short,54380,2023-07-24 02:45:00+00:00,-0.0009999999999999992,short,253,1,52644,2023-07-06 00:30:00+00:00,2023-07,1,2,52645,52664,1906.45,1924.27,stop,-0.009347216029793604,-0.011347216029793604,-0.011356563245823396
2023H2,v9_regime_stability|2023H2|54380|54381|short,54380,2023-07-24 02:45:00+00:00,-0.0009999999999999992,short,253,2,55044,2023-07-31 00:30:00+00:00,2023-07,1,2,55045,55232,1872.04,1870.16796,stop,0.0010000000000000009,-0.0009999999999999992,-0.0009989999999999995
2023H2,v9_regime_stability|2023H2|55026|55027|short,55026,2023-07-30 20:15:00+00:00,-0.010942006396392976,short,17,0,54356,2023-07-23 20:30:00+00:00,2023-07,0,2,54357,54374,1891.03,1883.53,copied_horizon,0.003966092552735834,0.0019660925527358337,0.0019700586452885693
2023H2,v9_regime_stability|2023H2|55026|55027|short,55026,2023-07-30 20:15:00+00:00,-0.010942006396392976,short,17,1,54541,2023-07-25 18:45:00+00:00,2023-07,0,2,54542,54559,1859.6,1857.01,copied_horizon,0.0013927726392771733,-0.0006072273607228267,-0.0006058345880835497
2023H2,v9_regime_stability|2023H2|55026|55027|short,55026,2023-07-30 20:15:00+00:00,-0.010942006396392976,short,17,2,52341,2023-07-02 20:45:00+00:00,2023-07,0,2,52342,52347,1918.6,1936.4199999999998,stop,-0.009288022516418248,-0.011288022516418248,-0.011297310538934666
2023H2,v9_regime_stability|2023H2|55060|55061|short,55060,2023-07-31 04:45:00+00:00,-0.0009999999999999992,short,169,0,53716,2023-07-17 04:30:00+00:00,2023-07,2,1,53717,53886,1929.69,1898.45,copied_horizon,0.016189128823800747,0.014189128823800747,0.014205317952624547
2023H2,v9_regime_stability|2023H2|55060|55061|short,55060,2023-07-31 04:45:00+00:00,-0.0009999999999999992,short,169,1,53157,2023-07-11 08:45:00+00:00,2023-07,2,1,53158,53243,1878.38,1891.6000000000001,stop,-0.007037979535557293,-0.009037979535557293,-0.00904501751509285
2023H2,v9_regime_stability|2023H2|55060|55061|short,55060,2023-07-31 04:45:00+00:00,-0.0009999999999999992,short,169,2,52483,2023-07-04 08:15:00+00:00,2023-07,2,1,52484,52515,1951.32,1965.57,stop,-0.007302748908431189,-0.00930274890843119,-0.00931005165733962
2023H2,v9_regime_stability|2023H2|55348|55349|short,55348,2023-08-03 04:45:00+00:00,-0.00834316178870642,short,40,0,55357,2023-08-03 06:45:00+00:00,2023-08,2,1,55358,55389,1835.75,1847.12,stop,-0.006193653819964506,-0.008193653819964506,-0.008199847473784471
2023H2,v9_regime_stability|2023H2|55348|55349|short,55348,2023-08-03 04:45:00+00:00,-0.00834316178870642,short,40,1,55444,2023-08-04 04:30:00+00:00,2023-08,2,1,55445,55480,1833.97,1846.31,stop,-0.006728572441206726,-0.008728572441206726,-0.008735301013647933
2023H2,v9_regime_stability|2023H2|55348|55349|short,55348,2023-08-03 04:45:00+00:00,-0.00834316178870642,short,40,2,55446,2023-08-04 05:00:00+00:00,2023-08,2,1,55447,55480,1834.6,1846.1799999999998,stop,-0.006312002616374102,-0.008312002616374102,-0.008318314618990475
2023H2,v9_regime_stability|2023H2|55422|55423|short,55422,2023-08-03 23:15:00+00:00,-0.0009999999999999992,short,408,0,57932,2023-08-30 02:30:00+00:00,2023-08,1,3,57933,58341,1717.66,1632.47,copied_horizon,0.04959654413562642,0.04759654413562642,0.04764614067976205
2023H2,v9_regime_stability|2023H2|55422|55423|short,55422,2023-08-03 23:15:00+00:00,-0.0009999999999999992,short,408,1,57934,2023-08-30 03:00:00+00:00,2023-08,1,3,57935,58343,1717.01,1634.11,copied_horizon,0.048281605814759376,0.046281605814759375,0.04632988742057414
2023H2,v9_regime_stability|2023H2|55422|55423|short,55422,2023-08-03 23:15:00+00:00,-0.0009999999999999992,short,408,2,57356,2023-08-24 02:30:00+00:00,2023-08,1,3,57357,57499,1676.0,1674.324,stop,0.0010000000000000009,-0.0009999999999999992,-0.0009989999999999995
2023H2,v9_regime_stability|2023H2|55938|55939|long,55938,2023-08-09 08:15:00+00:00,-0.007302875790332506,long,27,0,57174,2023-08-22 05:00:00+00:00,2023-08,2,0,57175,57202,1663.95,1663.53,copied_horizon,-0.00025241143063192695,-0.002252411430631927,-0.002252159019201295
2023H2,v9_regime_stability|2023H2|55938|55939|long,55938,2023-08-09 08:15:00+00:00,-0.007302875790332506,long,27,1,55752,2023-08-07 09:30:00+00:00,2023-08,2,0,55753,55770,1835.44,1827.3200000000002,stop,-0.004424007322494816,-0.006424007322494816,-0.006419583315172322
2023H2,v9_regime_stability|2023H2|55938|55939|long,55938,2023-08-09 08:15:00+00:00,-0.007302875790332506,long,27,2,56420,2023-08-14 08:30:00+00:00,2023-08,2,0,56421,56448,1849.82,1855.81,copied_horizon,0.0032381529013634225,0.0012381529013634224,0.0012349147484620594
2023H2,v9_regime_stability|2023H2|56164|56165|short,56164,2023-08-11 16:45:00+00:00,-0.009340565310399505,short,200,0,55990,2023-08-09 21:00:00+00:00,2023-08,0,2,55991,56056,1848.1,1861.4099999999999,stop,-0.007201991234240479,-0.009201991234240479,-0.00920919322547472
2023H2,v9_regime_stability|2023H2|56164|56165|short,56164,2023-08-11 16:45:00+00:00,-0.009340565310399505,short,200,1,56566,2023-08-15 21:00:00+00:00,2023-08,0,2,56567,56767,1831.07,1692.2,copied_horizon,0.07584090176781877,0.07384090176781877,0.07391674266958659
2023H2,v9_regime_stability|2023H2|56164|56165|short,56164,2023-08-11 16:45:00+00:00,-0.009340565310399505,short,200,2,55493,2023-08-04 16:45:00+00:00,2023-08,0,2,55494,55694,1847.81,1833.57,copied_horizon,0.00770642003236266,0.00570642003236266,0.005714126452395022
2023H2,v9_regime_stability|2023H2|57076|57077|short,57076,2023-08-21 04:45:00+00:00,-0.00917243683839941,short,3,0,55743,2023-08-07 07:15:00+00:00,2023-08,2,1,55744,55747,1835.6,1835.74,copied_horizon,-7.626933972537664e-05,-0.0020762693397253767,-0.0020763456090651024
2023H2,v9_regime_stability|2023H2|57076|57077|short,57076,2023-08-21 04:45:00+00:00,-0.00917243683839941,short,3,1,57856,2023-08-29 07:30:00+00:00,2023-08,2,1,57857,57860,1647.94,1646.8,copied_horizon,0.000691772758717013,-0.001308227241282987,-0.00130753546852427
2023H2,v9_regime_stability|2023H2|57076|57077|short,57076,2023-08-21 04:45:00+00:00,-0.00917243683839941,short,3,2,55731,2023-08-07 04:15:00+00:00,2023-08,2,1,55732,55735,1841.98,1841.0,copied_horizon,0.0005320361784600935,-0.0014679638215399065,-0.0014674317853614464
2023H2,v9_regime_stability|2023H2|57156|57157|short,57156,2023-08-22 00:45:00+00:00,-0.0009999999999999992,short,158,0,56385,2023-08-13 23:45:00+00:00,2023-08,1,1,56386,56420,1841.4,1852.51,stop,-0.006033452807646222,-0.008033452807646222,-0.008039486260453869
2023H2,v9_regime_stability|2023H2|57156|57157|short,57156,2023-08-22 00:45:00+00:00,-0.0009999999999999992,short,158,1,57723,2023-08-27 22:15:00+00:00,2023-08,1,1,57724,57779,1654.61,1652.9553899999999,stop,0.0010000000000000009,-0.0009999999999999992,-0.0009989999999999995
2023H2,v9_regime_stability|2023H2|57156|57157|short,57156,2023-08-22 00:45:00+00:00,-0.0009999999999999992,short,158,2,57828,2023-08-29 00:30:00+00:00,2023-08,1,1,57829,57883,1654.59,1666.9199999999998,stop,-0.007451997171504576,-0.009451997171504576,-0.009459449168676082
2023H2,v9_regime_stability|2023H2|57505|57506|short,57505,2023-08-25 16:00:00+00:00,-0.0009999999999998881,short,272,0,57888,2023-08-29 15:30:00+00:00,2023-08,3,4,57889,58161,1719.61,1646.67,copied_horizon,0.042416594460371715,0.04041659446037171,0.040459011054832086
2023H2,v9_regime_stability|2023H2|57505|57506|short,57505,2023-08-25 16:00:00+00:00,-0.0009999999999998881,short,272,1,58080,2023-08-31 15:30:00+00:00,2023-08,3,4,58081,58353,1685.8,1634.37,copied_horizon,0.030507770791315725,0.028507770791315723,0.02853827856210704
2023H2,v9_regime_stability|2023H2|57505|57506|short,57505,2023-08-25 16:00:00+00:00,-0.0009999999999998881,short,272,2,57887,2023-08-29 15:15:00+00:00,2023-08,3,4,57888,58160,1719.29,1646.43,copied_horizon,0.04237795834326952,0.040377958343269515,0.040420336301612785
2023H2,v9_regime_stability|2023H2|58372|58373|short,58372,2023-09-03 16:45:00+00:00,-0.009104610321027716,short,6,0,60593,2023-09-26 19:45:00+00:00,2023-09,0,1,60594,60600,1589.4,1588.68,copied_horizon,0.00045300113250279495,-0.001546998867497205,-0.0015465458663647025
2023H2,v9_regime_stability|2023H2|58372|58373|short,58372,2023-09-03 16:45:00+00:00,-0.009104610321027716,short,6,1,58479,2023-09-04 19:15:00+00:00,2023-09,0,1,58480,58486,1627.74,1626.11,copied_horizon,0.0010013884281273588,-0.0009986115718726412,-0.0009976101834445138
2023H2,v9_regime_stability|2023H2|58372|58373|short,58372,2023-09-03 16:45:00+00:00,-0.009104610321027716,short,6,2,58482,2023-09-04 20:00:00+00:00,2023-09,0,1,58483,58489,1632.36,1621.2,copied_horizon,0.0068367271925309225,0.0048367271925309225,0.004843563919723454
2023H2,v9_regime_stability|2023H2|58445|58446|short,58445,2023-09-04 11:00:00+00:00,-0.0009999999999998881,short,91,0,58260,2023-09-02 12:30:00+00:00,2023-09,3,0,58261,58271,1634.58,1642.27,stop,-0.004704572428391396,-0.006704572428391396,-0.0067092770008197865
2023H2,v9_regime_stability|2023H2|58445|58446|short,58445,2023-09-04 11:00:00+00:00,-0.0009999999999998881,short,91,1,60946,2023-09-30 12:00:00+00:00,2023-09,3,0,60947,60954,1677.03,1684.93,stop,-0.00471070881260327,-0.00671070881260327,-0.006715419521415874
2023H2,v9_regime_stability|2023H2|58445|58446|short,58445,2023-09-04 11:00:00+00:00,-0.0009999999999998881,short,91,2,58161,2023-09-01 11:45:00+00:00,2023-09,3,0,58162,58253,1646.67,1634.32,copied_horizon,0.007499984817844529,0.005499984817844529,0.005507484802662374
2023H2,v9_regime_stability|2023H2|59076|59077|short,59076,2023-09-11 00:45:00+00:00,-0.0009999999999999992,short,134,0,59560,2023-09-16 01:30:00+00:00,2023-09,1,3,59561,59695,1641.87,1631.77,copied_horizon,0.006151522349515992,0.004151522349515992,0.004157673871865508
2023H2,v9_regime_stability|2023H2|59076|59077|short,59076,2023-09-11 00:45:00+00:00,-0.0009999999999999992,short,134,1,59555,2023-09-16 00:15:00+00:00,2023-09,1,3,59556,59690,1643.4,1633.4,copied_horizon,0.006084945843982004,0.004084945843982004,0.004091030789825986
2023H2,v9_regime_stability|2023H2|59076|59077|short,59076,2023-09-11 00:45:00+00:00,-0.0009999999999999992,short,134,2,59354,2023-09-13 22:00:00+00:00,2023-09,1,3,59355,59365,1606.17,1621.67,stop,-0.00965028608428753,-0.01165028608428753,-0.011659936370371818
2023H2,v9_regime_stability|2023H2|59251|59252|long,59251,2023-09-12 20:30:00+00:00,-0.0010000000000001102,long,496,0,59341,2023-09-13 18:45:00+00:00,2023-09,0,4,59342,59748,1599.29,1600.8892899999998,stop,0.0009999999999998899,-0.0010000000000001102,-0.0010010000000001099
2023H2,v9_regime_stability|2023H2|59251|59252|long,59251,2023-09-12 20:30:00+00:00,-0.0010000000000001102,long,496,1,58675,2023-09-06 20:15:00+00:00,2023-09,0,4,58676,58826,1630.13,1631.76013,stop,0.0009999999999998899,-0.0010000000000001102,-0.0010010000000001099
2023H2,v9_regime_stability|2023H2|59251|59252|long,59251,2023-09-12 20:30:00+00:00,-0.0010000000000001102,long,496,2,60019,2023-09-20 20:15:00+00:00,2023-09,0,4,60020,60077,1617.56,1593.23,stop,-0.015041173124953566,-0.017041173124953568,-0.017026131951828612
2023H2,v9_regime_stability|2023H2|60198|60199|short,60198,2023-09-22 17:15:00+00:00,-0.0009999999999999992,short,223,0,58757,2023-09-07 16:45:00+00:00,2023-09,0,2,58758,58774,1634.19,1649.66,stop,-0.009466463507915357,-0.011466463507915357,-0.011475929971423273
2023H2,v9_regime_stability|2023H2|60198|60199|short,60198,2023-09-22 17:15:00+00:00,-0.0009999999999999992,short,223,1,60498,2023-09-25 20:00:00+00:00,2023-09,0,2,60499,60649,1595.71,1610.9,stop,-0.009519273552211827,-0.011519273552211827,-0.011528792825764038
2023H2,v9_regime_stability|2023H2|60198|60199|short,60198,2023-09-22 17:15:00+00:00,-0.0009999999999999992,short,223,2,60199,2023-09-22 17:15:00+00:00,2023-09,0,2,60200,60422,1589.56,1587.97044,stop,0.0009999999999998899,-0.0010000000000001102,-0.0009990000000001105
2023H2,v9_regime_stability|2023H2|60715|60716|long,60715,2023-09-28 02:30:00+00:00,0.030530847681212503,long,510,0,59176,2023-09-12 01:30:00+00:00,2023-09,1,3,59177,59687,1552.61,1631.69,copied_horizon,0.050933589246494826,0.048933589246494824,0.04888265565724833
2023H2,v9_regime_stability|2023H2|60715|60716|long,60715,2023-09-28 02:30:00+00:00,0.030530847681212503,long,510,1,59565,2023-09-16 02:45:00+00:00,2023-09,1,3,59566,59650,1645.16,1626.9,stop,-0.011099224391548534,-0.013099224391548535,-0.013088125167156985
2023H2,v9_regime_stability|2023H2|60715|60716|long,60715,2023-09-28 02:30:00+00:00,0.030530847681212503,long,510,2,59266,2023-09-13 00:00:00+00:00,2023-09,1,3,59267,59342,1594.37,1595.9643699999997,stop,0.0009999999999998899,-0.0010000000000001102,-0.0010010000000001099
2023H2,v9_regime_stability|2023H2|61225|61226|short,61225,2023-10-03 10:00:00+00:00,-0.0009999999999999992,short,334,0,61886,2023-10-10 07:00:00+00:00,2023-10,2,0,61887,62221,1592.37,1543.55,copied_horizon,0.030658703693237088,0.028658703693237086,0.028689362396930325
2023H2,v9_regime_stability|2023H2|61225|61226|short,61225,2023-10-03 10:00:00+00:00,-0.0009999999999999992,short,334,1,61403,2023-10-05 06:15:00+00:00,2023-10,2,0,61404,61432,1638.28,1649.21,stop,-0.006671631222989971,-0.008671631222989971,-0.008678302854212961
2023H2,v9_regime_stability|2023H2|61225|61226|short,61225,2023-10-03 10:00:00+00:00,-0.0009999999999999992,short,334,2,61879,2023-10-10 05:15:00+00:00,2023-10,2,0,61880,62214,1583.62,1544.44,copied_horizon,0.024740783773885,0.022740783773885,0.022765524557658887
2023H2,v9_regime_stability|2023H2|61631|61632|long,61631,2023-10-07 15:30:00+00:00,-0.006678391072070465,long,13,0,62189,2023-10-13 10:45:00+00:00,2023-10,3,0,62190,62203,1545.22,1545.51,copied_horizon,0.00018767554134679898,-0.001812324458653201,-0.001812512134194548
2023H2,v9_regime_stability|2023H2|61631|61632|long,61631,2023-10-07 15:30:00+00:00,-0.006678391072070465,long,13,1,61326,2023-10-04 11:00:00+00:00,2023-10,3,0,61327,61337,1646.26,1634.62,stop,-0.007070572084603932,-0.009070572084603932,-0.009063501512519329
2023H2,v9_regime_stability|2023H2|61631|61632|long,61631,2023-10-07 15:30:00+00:00,-0.006678391072070465,long,13,2,61333,2023-10-04 12:45:00+00:00,2023-10,3,0,61334,61337,1646.43,1634.8200000000002,stop,-0.007051620779504719,-0.00905162077950472,-0.009044569158725214
2023H2,v9_regime_stability|2023H2|61767|61768|short,61767,2023-10-09 01:30:00+00:00,0.03986890590876935,short,643,0,62817,2023-10-19 23:45:00+00:00,2023-10,1,0,62818,62827,1566.98,1579.46,stop,-0.007964364573893823,-0.009964364573893823,-0.009972328938467718
2023H2,v9_regime_stability|2023H2|61767|61768|short,61767,2023-10-09 01:30:00+00:00,0.03986890590876935,short,643,1,62816,2023-10-19 23:30:00+00:00,2023-10,1,0,62817,62827,1566.26,1579.23,stop,-0.00828087290743551,-0.01028087290743551,-0.010289153780342945
2023H2,v9_regime_stability|2023H2|61767|61768|short,61767,2023-10-09 01:30:00+00:00,0.03986890590876935,short,643,2,61771,2023-10-09 02:15:00+00:00,2023-10,1,0,61772,62415,1632.97,1559.99,copied_horizon,0.04469157424814907,0.04269157424814907,0.042736265822397215
2023H2,v9_regime_stability|2023H2|62410|62411|long,62410,2023-10-15 18:15:00+00:00,-0.0010000000000001102,long,194,0,62414,2023-10-15 19:00:00+00:00,2023-10,0,0,62415,62585,1562.34,1563.9023399999996,stop,0.0009999999999998899,-0.0010000000000001102,-0.0010010000000001099
2023H2,v9_regime_stability|2023H2|62410|62411|long,62410,2023-10-15 18:15:00+00:00,-0.0010000000000001102,long,194,1,61747,2023-10-08 20:15:00+00:00,2023-10,0,0,61748,61766,1634.96,1623.75,stop,-0.006856436854724257,-0.008856436854724257,-0.008849580417869533
2023H2,v9_regime_stability|2023H2|62410|62411|long,62410,2023-10-15 18:15:00+00:00,-0.0010000000000001102,long,194,2,61073,2023-10-01 19:45:00+00:00,2023-10,0,0,61074,61164,1676.58,1678.2565799999998,stop,0.0009999999999998899,-0.0010000000000001102,-0.0010010000000001099
2023H2,v9_regime_stability|2023H2|62947|62948|long,62947,2023-10-21 08:30:00+00:00,0.21642353994627395,long,2601,0,61882,2023-10-10 06:00:00+00:00,2023-10,2,0,61883,61909,1586.79,1575.96,stop,-0.006825099729642847,-0.008825099729642847,-0.008818274629913204
2023H2,v9_regime_stability|2023H2|62947|62948|long,62947,2023-10-21 08:30:00+00:00,0.21642353994627395,long,2601,1,62757,2023-10-19 08:45:00+00:00,2023-10,2,0,62758,65359,1547.91,2006.24,copied_horizon,0.2960960262547563,0.2940960262547563,0.29379993022850154
2023H2,v9_regime_stability|2023H2|62947|62948|long,62947,2023-10-21 08:30:00+00:00,0.21642353994627395,long,2601,2,62949,2023-10-21 08:45:00+00:00,2023-10,2,0,62950,65551,1606.0,1968.42,copied_horizon,0.22566625155666253,0.22366625155666253,0.22344058530510588
2023H2,v9_regime_stability|2023H2|65548|65549|short,65548,2023-11-17 10:45:00+00:00,-0.0009999999999999992,short,46,0,66517,2023-11-27 12:45:00+00:00,2023-11,3,2,66518,66552,2018.77,2016.75123,stop,0.0010000000000000009,-0.0009999999999999992,-0.0009989999999999995
2023H2,v9_regime_stability|2023H2|65548|65549|short,65548,2023-11-17 10:45:00+00:00,-0.0009999999999999992,short,46,1,65554,2023-11-17 12:00:00+00:00,2023-11,3,2,65555,65595,1959.4,1957.4406000000001,stop,0.0010000000000000009,-0.0009999999999999992,-0.0009989999999999995
2023H2,v9_regime_stability|2023H2|65548|65549|short,65548,2023-11-17 10:45:00+00:00,-0.0009999999999999992,short,46,2,64974,2023-11-11 11:00:00+00:00,2023-11,3,2,64975,64989,2059.0,2085.48,stop,-0.012860611947547396,-0.014860611947547396,-0.014873472559494944
2023H2,v9_regime_stability|2023H2|66790|66791|short,66790,2023-11-30 09:15:00+00:00,-0.012459064111102867,short,11,0,66489,2023-11-27 05:45:00+00:00,2023-11,2,0,66490,66501,2047.67,2046.4,copied_horizon,0.0006202171248296251,-0.001379782875170375,-0.0013791626580455453
2023H2,v9_regime_stability|2023H2|66790|66791|short,66790,2023-11-30 09:15:00+00:00,-0.012459064111102867,short,11,1,64000,2023-11-01 07:30:00+00:00,2023-11,2,0,64001,64012,1807.7,1799.5,copied_horizon,0.0045361509099961506,0.0025361509099961505,0.0025406870609061467
2023H2,v9_regime_stability|2023H2|66790|66791|short,66790,2023-11-30 09:15:00+00:00,-0.012459064111102867,short,11,2,64661,2023-11-08 04:45:00+00:00,2023-11,2,0,64662,64673,1885.28,1875.0,copied_horizon,0.005452770941186458,0.0034527709411864577,0.003458223712127644
2023H2,v9_regime_stability|2023H2|66938|66939|long,66938,2023-12-01 22:15:00+00:00,0.11271820076880412,long,877,0,66955,2023-12-02 02:15:00+00:00,2023-12,1,0,66956,67833,2093.43,2251.05,copied_horizon,0.07529270145168465,0.07329270145168465,0.07321740875023297
2023H2,v9_regime_stability|2023H2|66938|66939|long,66938,2023-12-01 22:15:00+00:00,0.11271820076880412,long,877,1,66960,2023-12-02 03:30:00+00:00,2023-12,1,0,66961,67838,2092.83,2247.32,copied_horizon,0.07381870481596708,0.07181870481596708,0.07174488611115112
2023H2,v9_regime_stability|2023H2|66938|66939|long,66938,2023-12-01 22:15:00+00:00,0.11271820076880412,long,877,2,67806,2023-12-10 23:00:00+00:00,2023-12,1,0,67807,67814,2355.42,2328.73,stop,-0.011331312462320997,-0.013331312462320997,-0.013319981149858676
2023H2,v9_regime_stability|2023H2|67815|67816|short,67815,2023-12-11 01:30:00+00:00,-0.0010000000000001102,short,374,0,69246,2023-12-25 23:00:00+00:00,2023-12,1,1,69247,69388,2280.67,2278.38933,stop,0.0010000000000000009,-0.0009999999999999992,-0.0009989999999999995
2023H2,v9_regime_stability|2023H2|67815|67816|short,67815,2023-12-11 01:30:00+00:00,-0.0010000000000001102,short,374,1,66861,2023-12-01 02:45:00+00:00,2023-12,1,1,66862,67018,2085.67,2114.07,stop,-0.013616727478460211,-0.015616727478460211,-0.015630344205938673
2023H2,v9_regime_stability|2023H2|67815|67816|short,67815,2023-12-11 01:30:00+00:00,-0.0010000000000001102,short,374,2,69146,2023-12-24 22:00:00+00:00,2023-12,1,1,69147,69205,2264.02,2294.79,stop,-0.013590869338609979,-0.015590869338609979,-0.01560446020794859
2023H2,v9_regime_stability|2023H2|68481|68482|short,68481,2023-12-18 00:00:00+00:00,-0.0009999999999998881,short,84,0,68590,2023-12-19 03:00:00+00:00,2023-12,1,2,68591,68675,2233.86,2182.08,copied_horizon,0.023179608390857198,0.021179608390857196,0.021202787999248057
2023H2,v9_regime_stability|2023H2|68481|68482|short,68481,2023-12-18 00:00:00+00:00,-0.0009999999999998881,short,84,1,68102,2023-12-14 01:00:00+00:00,2023-12,1,2,68103,68144,2260.21,2296.2200000000003,stop,-0.015932147897761872,-0.017932147897761874,-0.017948080045659634
2023H2,v9_regime_stability|2023H2|68481|68482|short,68481,2023-12-18 00:00:00+00:00,-0.0009999999999998881,short,84,2,68485,2023-12-18 00:45:00+00:00,2023-12,1,2,68486,68566,2193.8,2191.6062,stop,0.0010000000000000009,-0.0009999999999999992,-0.0009989999999999995
2023H2,v9_regime_stability|2023H2|68857|68858|long,68857,2023-12-21 22:00:00+00:00,-0.0010000000000001102,long,36,0,68931,2023-12-22 16:15:00+00:00,2023-12,0,4,68932,68968,2331.67,2306.99,copied_horizon,-0.010584688227751049,-0.012584688227751049,-0.012574103539523297
2023H2,v9_regime_stability|2023H2|68857|68858|long,68857,2023-12-21 22:00:00+00:00,-0.0010000000000001102,long,36,1,69410,2023-12-27 16:00:00+00:00,2023-12,0,4,69411,69447,2348.81,2429.18,copied_horizon,0.03421732707200653,0.03221732707200653,0.032183109744934525
2023H2,v9_regime_stability|2023H2|68857|68858|long,68857,2023-12-21 22:00:00+00:00,-0.0010000000000001102,long,36,2,69415,2023-12-27 17:15:00+00:00,2023-12,0,4,69416,69452,2354.26,2414.21,copied_horizon,0.025464477160551446,0.023464477160551445,0.023439012683390895
2023H2,v9_regime_stability|2023H2|68962|68963|long,68962,2023-12-23 00:15:00+00:00,-0.015744126670814707,long,6,0,68570,2023-12-18 22:00:00+00:00,2023-12,1,2,68571,68577,2222.35,2219.37,copied_horizon,-0.0013409228969334386,-0.0033409228969334386,-0.003339581974036505
2023H2,v9_regime_stability|2023H2|68962|68963|long,68962,2023-12-23 00:15:00+00:00,-0.015744126670814707,long,6,1,68593,2023-12-19 03:45:00+00:00,2023-12,1,2,68594,68600,2237.1,2238.98,copied_horizon,0.0008403736980913123,-0.0011596263019086877,-0.001160466675606779
2023H2,v9_regime_stability|2023H2|68962|68963|long,68962,2023-12-23 00:15:00+00:00,-0.015744126670814707,long,6,2,68487,2023-12-18 01:15:00+00:00,2023-12,1,2,68488,68494,2190.75,2168.79,copied_horizon,-0.010023964395754925,-0.012023964395754925,-0.012013940431359171
2023H2,v9_regime_stability|2023H2|69357|69358|short,69357,2023-12-27 03:00:00+00:00,-0.01290542480747847,short,22,0,67441,2023-12-07 03:45:00+00:00,2023-12,1,0,67442,67464,2249.3,2242.45,copied_horizon,0.003045391899702321,0.001045391899702321,0.001048437291602023
2023H2,v9_regime_stability|2023H2|69357|69358|short,69357,2023-12-27 03:00:00+00:00,-0.01290542480747847,short,22,1,69354,2023-12-27 02:00:00+00:00,2023-12,1,0,69355,69377,2225.7,2229.22,copied_horizon,-0.0015815249135102682,-0.0035815249135102683,-0.0035831064384237786
2023H2,v9_regime_stability|2023H2|69357|69358|short,69357,2023-12-27 03:00:00+00:00,-0.01290542480747847,short,22,2,69264,2023-12-26 03:30:00+00:00,2023-12,1,0,69265,69287,2268.69,2236.8,copied_horizon,0.014056570091109832,0.012056570091109832,0.012070626661200942
2023H2,v9_regime_stability|2023H2|69485|69486|long,69485,2023-12-28 11:00:00+00:00,-0.020265487315865416,long,15,0,67679,2023-12-09 15:15:00+00:00,2023-12,3,3,67680,67695,2352.96,2358.5,copied_horizon,0.0023544811641507124,0.00035448116415071236,0.00035212668298656175
2023H2,v9_regime_stability|2023H2|69485|69486|long,69485,2023-12-28 11:00:00+00:00,-0.020265487315865416,long,15,1,67379,2023-12-06 12:15:00+00:00,2023-12,3,3,67380,67395,2256.64,2268.6,copied_horizon,0.005299914917753945,0.003299914917753945,0.0032946150028361912
2023H2,v9_regime_stability|2023H2|69485|69486|long,69485,2023-12-28 11:00:00+00:00,-0.020265487315865416,long,15,2,68638,2023-12-19 15:00:00+00:00,2023-12,3,3,68639,68647,2193.36,2155.53,stop,-0.017247510668563226,-0.019247510668563228,-0.019230263157894664
2023H2,v9_regime_stability|2023H2|69579|69580|long,69579,2023-12-29 10:30:00+00:00,-0.019443555645703214,long,21,0,67376,2023-12-06 11:30:00+00:00,2023-12,3,3,67377,67398,2247.0,2283.14,copied_horizon,0.01608366711170439,0.014083667111704392,0.014067583444592687
2023H2,v9_regime_stability|2023H2|69579|69580|long,69579,2023-12-29 10:30:00+00:00,-0.019443555645703214,long,21,1,68639,2023-12-19 15:15:00+00:00,2023-12,3,3,68640,68646,2205.0,2164.91,stop,-0.018181405895691727,-0.02018140589569173,-0.020163224489796034
2023H2,v9_regime_stability|2023H2|69579|69580|long,69579,2023-12-29 10:30:00+00:00,-0.019443555645703214,long,21,2,69583,2023-12-29 11:15:00+00:00,2023-12,3,3,69584,69601,2372.87,2335.2599999999998,stop,-0.01585000442502127,-0.01785000442502127,-0.017834154420596247
2023H2,v9_regime_stability|2023H2|69667|69668|short,69667,2023-12-30 08:30:00+00:00,-0.013776655079722254,short,29,0,67455,2023-12-07 07:15:00+00:00,2023-12,2,0,67456,67485,2264.06,2261.79594,stop,0.0010000000000000009,-0.0009999999999999992,-0.0009989999999999995
2023H2,v9_regime_stability|2023H2|69667|69668|short,69667,2023-12-30 08:30:00+00:00,-0.013776655079722254,short,29,1,68609,2023-12-19 07:45:00+00:00,2023-12,2,0,68610,68639,2247.65,2205.0,copied_horizon,0.018975374279803336,0.016975374279803335,0.01699434965408314
2023H2,v9_regime_stability|2023H2|69667|69668|short,69667,2023-12-30 08:30:00+00:00,-0.013776655079722254,short,29,2,67642,2023-12-09 06:00:00+00:00,2023-12,2,0,67643,67651,2370.85,2393.38,stop,-0.009502920893350586,-0.011502920893350586,-0.011512423814243937
2023H2,v9_regime_stability|2023H2|69807|69808|short,69807,2023-12-31 19:30:00+00:00,0.0032510022659927324,short,17,0,69241,2023-12-25 21:45:00+00:00,2023-12,0,1,69242,69259,2272.8,2272.6,copied_horizon,8.799718409024937e-05,-0.0019120028159097507,-0.0019119148187256604
2023H2,v9_regime_stability|2023H2|69807|69808|short,69807,2023-12-31 19:30:00+00:00,0.0032510022659927324,short,17,1,69235,2023-12-25 20:15:00+00:00,2023-12,0,1,69236,69253,2264.18,2268.17,copied_horizon,-0.001762227384748627,-0.003762227384748627,-0.003763989612133376
2023H2,v9_regime_stability|2023H2|69807|69808|short,69807,2023-12-31 19:30:00+00:00,0.0032510022659927324,short,17,2,69128,2023-12-24 17:30:00+00:00,2023-12,0,1,69129,69146,2292.0,2264.01,copied_horizon,0.012212041884816616,0.010212041884816616,0.010224253926701432
2024H1,v9_regime_stability|2024H1|69841|69842|short,69841,2024-01-01 04:00:00+00:00,-0.014973481517954522,short,27,0,69916,2024-01-01 22:30:00+00:00,2024-01,1,1,69917,69923,2332.39,2360.64,stop,-0.012112039581716694,-0.014112039581716694,-0.01412415162129841
2024H1,v9_regime_stability|2024H1|69841|69842|short,69841,2024-01-01 04:00:00+00:00,-0.014973481517954522,short,27,1,72225,2024-01-25 23:45:00+00:00,2024-01,1,1,72226,72253,2218.89,2213.5,copied_horizon,0.0024291424991774724,0.00042914249917747234,0.00043157164167665013
2024H1,v9_regime_stability|2024H1|69841|69842|short,69841,2024-01-01 04:00:00+00:00,-0.014973481517954522,short,27,2,69921,2024-01-01 23:45:00+00:00,2024-01,1,1,69922,69923,2353.2,2383.6099999999997,stop,-0.012922828488866056,-0.014922828488866056,-0.014935751317354922
2024H1,v9_regime_stability|2024H1|70218|70219|short,70218,2024-01-05 02:15:00+00:00,-0.0009999999999998881,short,74,0,70600,2024-01-09 01:30:00+00:00,2024-01,1,3,70601,70675,2301.86,2262.14,copied_horizon,0.017255610680058875,0.015255610680058875,0.015272866290738934
2024H1,v9_regime_stability|2024H1|70218|70219|short,70218,2024-01-05 02:15:00+00:00,-0.0009999999999998881,short,74,1,70506,2024-01-08 02:00:00+00:00,2024-01,1,3,70507,70545,2198.97,2239.5499999999997,stop,-0.018454094416931577,-0.02045409441693158,-0.02047254851134851
2024H1,v9_regime_stability|2024H1|70218|70219|short,70218,2024-01-05 02:15:00+00:00,-0.0009999999999998881,short,74,2,72796,2024-01-31 22:30:00+00:00,2024-01,1,3,72797,72859,2281.72,2279.43828,stop,0.0010000000000000009,-0.0009999999999999992,-0.0009989999999999995
2024H1,v9_regime_stability|2024H1|70331|70332|short,70331,2024-01-06 06:30:00+00:00,-0.01479075509901717,short,124,0,71476,2024-01-18 04:30:00+00:00,2024-01,2,1,71477,71601,2532.26,2488.2,copied_horizon,0.017399477146896603,0.015399477146896602,0.015416876624043499
2024H1,v9_regime_stability|2024H1|70331|70332|short,70331,2024-01-06 06:30:00+00:00,-0.01479075509901717,short,124,1,71867,2024-01-22 06:15:00+00:00,2024-01,2,1,71868,71992,2423.9,2212.84,copied_horizon,0.08707454928008573,0.08507454928008573,0.08516162382936582
2024H1,v9_regime_stability|2024H1|70331|70332|short,70331,2024-01-06 06:30:00+00:00,-0.01479075509901717,short,124,2,71201,2024-01-15 07:45:00+00:00,2024-01,2,1,71202,71219,2513.24,2543.8199999999997,stop,-0.012167560599067206,-0.014167560599067206,-0.014179728159666274
2024H1,v9_regime_stability|2024H1|70466|70467|short,70466,2024-01-07 16:15:00+00:00,-0.0009999999999999992,short,60,0,71144,2024-01-14 17:30:00+00:00,2024-01,0,1,71145,71205,2537.9,2513.42,copied_horizon,0.009645770124906416,0.0076457701249064165,0.007655415895031323
2024H1,v9_regime_stability|2024H1|70466|70467|short,70466,2024-01-07 16:15:00+00:00,-0.0009999999999999992,short,60,1,71138,2024-01-14 16:00:00+00:00,2024-01,0,1,71139,71199,2544.02,2510.17,copied_horizon,0.013305713005400843,0.011305713005400843,0.011319018718406244
2024H1,v9_regime_stability|2024H1|70466|70467|short,70466,2024-01-07 16:15:00+00:00,-0.0009999999999999992,short,60,2,69911,2024-01-01 21:15:00+00:00,2024-01,0,1,69912,69923,2338.61,2367.02,stop,-0.01214824190437902,-0.01414824190437902,-0.014160390146283399
2024H1,v9_regime_stability|2024H1|70682|70683|long,70682,2024-01-09 22:15:00+00:00,-0.0010000000000001102,long,17,0,70784,2024-01-10 23:30:00+00:00,2024-01,1,4,70785,70802,2584.8,2619.9,copied_horizon,0.013579387186629432,0.011579387186629432,0.011565807799442803
2024H1,v9_regime_stability|2024H1|70682|70683|long,70682,2024-01-09 22:15:00+00:00,-0.0010000000000001102,long,17,1,70984,2024-01-13 01:30:00+00:00,2024-01,1,4,70985,71002,2526.21,2542.76,copied_horizon,0.006551316003024388,0.004551316003024388,0.004544764687021363
2024H1,v9_regime_stability|2024H1|70682|70683|long,70682,2024-01-09 22:15:00+00:00,-0.0010000000000001102,long,17,2,70884,2024-01-12 00:30:00+00:00,2024-01,1,4,70885,70902,2608.4,2595.83,copied_horizon,-0.004819046158564655,-0.006819046158564655,-0.0068142271124060905
2024H1,v9_regime_stability|2024H1|70909|70910|long,70909,2024-01-12 07:00:00+00:00,-0.0010000000000001102,long,39,0,71187,2024-01-15 04:15:00+00:00,2024-01,2,3,71188,71227,2509.37,2519.09,copied_horizon,0.003873482188756716,0.001873482188756716,0.0018696087065679591
2024H1,v9_regime_stability|2024H1|70909|70910|long,70909,2024-01-12 07:00:00+00:00,-0.0010000000000001102,long,39,1,70913,2024-01-12 07:45:00+00:00,2024-01,2,3,70914,70951,2596.6,2599.1965999999998,stop,0.0009999999999998899,-0.0010000000000001102,-0.0010010000000001099
2024H1,v9_regime_stability|2024H1|70909|70910|long,70909,2024-01-12 07:00:00+00:00,-0.0010000000000001102,long,39,2,71010,2024-01-13 08:00:00+00:00,2024-01,2,3,71011,71050,2552.56,2559.4,copied_horizon,0.0026796627699252618,0.0006796627699252617,0.0006769831071553366
2024H1,v9_regime_stability|2024H1|71505|71506|short,71505,2024-01-18 12:00:00+00:00,0.09813753304558415,short,877,0,72561,2024-01-29 11:45:00+00:00,2024-01,3,0,72562,72579,2264.63,2286.86,stop,-0.009816173061383049,-0.011816173061383049,-0.011825989234444431
2024H1,v9_regime_stability|2024H1|71505|71506|short,71505,2024-01-18 12:00:00+00:00,0.09813753304558415,short,877,1,72363,2024-01-27 10:15:00+00:00,2024-01,3,0,72364,72423,2266.91,2287.56,stop,-0.009109316205760276,-0.011109316205760276,-0.011118425521966036
2024H1,v9_regime_stability|2024H1|71505|71506|short,71505,2024-01-18 12:00:00+00:00,0.09813753304558415,short,877,2,72562,2024-01-29 12:00:00+00:00,2024-01,3,0,72563,72580,2266.51,2289.1200000000003,stop,-0.009975689496185769,-0.011975689496185769,-0.011985665185681955
2024H1,v9_regime_stability|2024H1|72382|72383|long,72382,2024-01-27 15:15:00+00:00,-0.0010000000000001102,long,84,0,72557,2024-01-29 10:45:00+00:00,2024-01,3,0,72558,72566,2275.55,2253.03,stop,-0.009896508536397786,-0.011896508536397786,-0.011886612027861388
2024H1,v9_regime_stability|2024H1|72382|72383|long,72382,2024-01-27 15:15:00+00:00,-0.0010000000000001102,long,84,1,72178,2024-01-25 12:00:00+00:00,2024-01,3,0,72179,72184,2226.05,2198.73,stop,-0.012272859998652352,-0.014272859998652352,-0.0142605871386537
2024H1,v9_regime_stability|2024H1|72382|72383|long,72382,2024-01-27 15:15:00+00:00,-0.0010000000000001102,long,84,2,72652,2024-01-30 10:30:00+00:00,2024-01,3,0,72653,72737,2314.16,2340.85,copied_horizon,0.01153334255194105,0.00953334255194105,0.00952180920938911
2024H1,v9_regime_stability|2024H1|72582|72583|long,72582,2024-01-29 17:15:00+00:00,-0.0010000000000001102,long,165,0,71619,2024-01-19 16:15:00+00:00,2024-01,0,3,71620,71785,2444.0,2477.76,copied_horizon,0.01381342062193136,0.01181342062193136,0.01179960720130943
2024H1,v9_regime_stability|2024H1|72582|72583|long,72582,2024-01-29 17:15:00+00:00,-0.0010000000000001102,long,165,1,70193,2024-01-04 19:45:00+00:00,2024-01,0,3,70194,70217,2274.52,2228.29,stop,-0.020325167507869835,-0.022325167507869836,-0.022304842340361966
2024H1,v9_regime_stability|2024H1|72582|72583|long,72582,2024-01-29 17:15:00+00:00,-0.0010000000000001102,long,165,2,70192,2024-01-04 19:30:00+00:00,2024-01,0,3,70193,70217,2277.35,2229.93,stop,-0.020822447142512135,-0.022822447142512137,-0.022801624695369622
2024H1,v9_regime_stability|2024H1|72775|72776|long,72775,2024-01-31 17:30:00+00:00,-0.019602969031259465,long,10,0,70675,2024-01-09 20:15:00+00:00,2024-01,0,3,70676,70679,2262.14,2264.4021399999997,stop,0.0009999999999998899,-0.0010000000000001102,-0.0010010000000001099
2024H1,v9_regime_stability|2024H1|72775|72776|long,72775,2024-01-31 17:30:00+00:00,-0.019602969031259465,long,10,1,71914,2024-01-22 18:00:00+00:00,2024-01,0,3,71915,71920,2372.99,2323.0899999999997,stop,-0.021028322917500786,-0.023028322917500788,-0.023007294594583286
2024H1,v9_regime_stability|2024H1|72775|72776|long,72775,2024-01-31 17:30:00+00:00,-0.019602969031259465,long,10,2,72109,2024-01-24 18:45:00+00:00,2024-01,0,3,72110,72120,2217.1,2214.99,copied_horizon,-0.0009516936538722653,-0.0029516936538722654,-0.0029507419602183933
2024H1,v9_regime_stability|2024H1|73167|73168|short,73167,2024-02-04 19:30:00+00:00,-0.013464576609804933,short,5,0,73273,2024-02-05 21:45:00+00:00,2024-02,0,1,73274,73279,2289.21,2298.51,copied_horizon,-0.004062536857693422,-0.006062536857693422,-0.0060665993945511155
2024H1,v9_regime_stability|2024H1|73167|73168|short,73167,2024-02-04 19:30:00+00:00,-0.013464576609804933,short,5,1,73368,2024-02-06 21:30:00+00:00,2024-02,0,1,73369,73374,2384.78,2379.15,copied_horizon,0.002360804770251357,0.0003608047702513568,0.00036316557502160795
2024H1,v9_regime_stability|2024H1|73167|73168|short,73167,2024-02-04 19:30:00+00:00,-0.013464576609804933,short,5,2,72966,2024-02-02 17:00:00+00:00,2024-02,0,1,72967,72972,2309.71,2292.84,copied_horizon,0.0073039472487888,0.0053039472487888,0.005311251196037588
2024H1,v9_regime_stability|2024H1|73291|73292|long,73291,2024-02-06 02:30:00+00:00,0.19454231119199283,long,1083,0,73859,2024-02-12 00:15:00+00:00,2024-02,1,0,73860,73869,2522.01,2495.9,stop,-0.010352853477979873,-0.012352853477979873,-0.012342500624501894
2024H1,v9_regime_stability|2024H1|73291|73292|long,73291,2024-02-06 02:30:00+00:00,0.19454231119199283,long,1083,1,72998,2024-02-03 01:00:00+00:00,2024-02,1,0,72999,73054,2319.09,2297.88,stop,-0.009145828751794927,-0.011145828751794927,-0.011136682923043132
2024H1,v9_regime_stability|2024H1|73291|73292|long,73291,2024-02-06 02:30:00+00:00,0.19454231119199283,long,1083,2,72995,2024-02-03 00:15:00+00:00,2024-02,1,0,72996,73054,2319.88,2298.76,stop,-0.009103919168232832,-0.011103919168232832,-0.0110948152490646
2024H1,v9_regime_stability|2024H1|74374|74375|short,74374,2024-02-17 09:15:00+00:00,-0.0010000000000001102,short,34,0,75027,2024-02-24 04:15:00+00:00,2024-02,2,1,75028,75062,2938.26,2958.42,copied_horizon,-0.0068612035694595175,-0.008861203569459518,-0.008868064773028978
2024H1,v9_regime_stability|2024H1|74374|74375|short,74374,2024-02-17 09:15:00+00:00,-0.0010000000000001102,short,34,1,75034,2024-02-24 06:00:00+00:00,2024-02,2,1,75035,75069,2948.7,2960.64,copied_horizon,-0.004049242038864698,-0.006049242038864698,-0.006053291280903562
2024H1,v9_regime_stability|2024H1|74374|74375|short,74374,2024-02-17 09:15:00+00:00,-0.0010000000000001102,short,34,2,73683,2024-02-10 04:15:00+00:00,2024-02,2,1,73684,73718,2509.22,2486.42,copied_horizon,0.009086489028462874,0.007086489028462874,0.007095575517491337
2024H1,v9_regime_stability|2024H1|74705|74706|long,74705,2024-02-20 20:00:00+00:00,-0.0010000000000001102,long,23,0,75479,2024-02-28 21:15:00+00:00,2024-02,0,4,75480,75503,3319.5,3399.43,copied_horizon,0.02407892754932961,0.022078927549329608,0.02205484862178028
2024H1,v9_regime_stability|2024H1|74705|74706|long,74705,2024-02-20 20:00:00+00:00,-0.0010000000000001102,long,23,1,75272,2024-02-26 17:30:00+00:00,2024-02,0,4,75273,75296,3156.4,3172.19,copied_horizon,0.005002534533012248,0.0030025345330122483,0.0029975319984792363
2024H1,v9_regime_stability|2024H1|74705|74706|long,74705,2024-02-20 20:00:00+00:00,-0.0010000000000001102,long,23,2,75481,2024-02-28 21:45:00+00:00,2024-02,0,4,75482,75505,3324.41,3408.12,copied_horizon,0.025180407952087647,0.023180407952087645,0.02315522754413556
2024H1,v9_regime_stability|2024H1|74883|74884|long,74883,2024-02-22 16:30:00+00:00,-0.0010000000000001102,long,28,0,75368,2024-02-27 17:30:00+00:00,2024-02,0,4,75369,75397,3222.28,3255.19,copied_horizon,0.010213265141452599,0.008213265141452599,0.008203051876311146
2024H1,v9_regime_stability|2024H1|74883|74884|long,74883,2024-02-22 16:30:00+00:00,-0.0010000000000001102,long,28,1,75480,2024-02-28 21:30:00+00:00,2024-02,0,4,75481,75509,3321.69,3447.59,copied_horizon,0.03790239305895504,0.03590239305895504,0.03586449066589609
2024H1,v9_regime_stability|2024H1|74883|74884|long,74883,2024-02-22 16:30:00+00:00,-0.0010000000000001102,long,28,2,74698,2024-02-20 18:00:00+00:00,2024-02,0,4,74699,74727,2912.93,2995.87,copied_horizon,0.02847304947252427,0.026473049472524268,0.026444576423051744
2024H1,v9_regime_stability|2024H1|75007|75008|short,75007,2024-02-23 23:30:00+00:00,-0.016398429510966483,short,43,0,75020,2024-02-24 02:30:00+00:00,2024-02,1,2,75021,75040,2922.16,2960.48,stop,-0.013113587209461652,-0.015113587209461652,-0.015126700796671114
2024H1,v9_regime_stability|2024H1|75007|75008|short,75007,2024-02-23 23:30:00+00:00,-0.016398429510966483,short,43,1,75012,2024-02-24 00:30:00+00:00,2024-02,1,2,75013,75056,2934.47,2961.48,copied_horizon,-0.009204387845164641,-0.011204387845164641,-0.011213592233009806
2024H1,v9_regime_stability|2024H1|75007|75008|short,75007,2024-02-23 23:30:00+00:00,-0.016398429510966483,short,43,2,75013,2024-02-24 00:45:00+00:00,2024-02,1,2,75014,75057,2933.9,2961.57,copied_horizon,-0.009431132622107041,-0.011431132622107041,-0.011440563754729148
2024H1,v9_regime_stability|2024H1|75265|75266|long,75265,2024-02-26 16:00:00+00:00,0.25106500997319303,long,1589,0,75454,2024-02-28 15:00:00+00:00,2024-02,3,4,75455,75464,3369.53,3372.8995299999997,stop,0.0009999999999998899,-0.0010000000000001102,-0.0010010000000001099
2024H1,v9_regime_stability|2024H1|75265|75266|long,75265,2024-02-26 16:00:00+00:00,0.25106500997319303,long,1589,1,75551,2024-02-29 15:15:00+00:00,2024-02,3,4,75552,75560,3481.39,3387.14,stop,-0.02707251988429904,-0.029072519884299042,-0.02904544736441474
2024H1,v9_regime_stability|2024H1|75265|75266|long,75265,2024-02-26 16:00:00+00:00,0.25106500997319303,long,1589,2,74206,2024-02-15 15:00:00+00:00,2024-02,3,4,74207,74233,2859.37,2797.2599999999998,stop,-0.021721568037714634,-0.023721568037714635,-0.02369984646967692
2024H1,v9_regime_stability|2024H1|76854|76855|short,76854,2024-03-14 05:15:00+00:00,0.07906813342796304,short,1232,0,76677,2024-03-12 08:45:00+00:00,2024-03,2,2,76678,76687,3987.64,4059.3599999999997,stop,-0.017985575428072664,-0.019985575428072666,-0.020003561003500737
2024H1,v9_regime_stability|2024H1|76854|76855|short,76854,2024-03-14 05:15:00+00:00,0.07906813342796304,short,1232,1,76567,2024-03-11 05:15:00+00:00,2024-03,2,2,76568,76574,3860.88,3949.19,stop,-0.022873023766602385,-0.024873023766602387,-0.024895896790368986
2024H1,v9_regime_stability|2024H1|76854|76855|short,76854,2024-03-14 05:15:00+00:00,0.07906813342796304,short,1232,2,77054,2024-03-16 07:00:00+00:00,2024-03,2,2,77055,78287,3728.4,3554.13,copied_horizon,0.04674122948181525,0.04474122948181525,0.044787970711297066
2024H1,v9_regime_stability|2024H1|78086|78087|long,78086,2024-03-27 01:15:00+00:00,-0.0195182119342302,long,26,0,77890,2024-03-25 00:00:00+00:00,2024-03,1,1,77891,77917,3438.98,3467.86,copied_horizon,0.008397838894090626,0.006397838894090626,0.006389441055196535
2024H1,v9_regime_stability|2024H1|78086|78087|long,78086,2024-03-27 01:15:00+00:00,-0.0195182119342302,long,26,1,77885,2024-03-24 22:45:00+00:00,2024-03,1,1,77886,77912,3442.19,3493.35,copied_horizon,0.014862631057553477,0.012862631057553477,0.012847768426495923
2024H1,v9_regime_stability|2024H1|78086|78087|long,78086,2024-03-27 01:15:00+00:00,-0.0195182119342302,long,26,2,78184,2024-03-28 01:30:00+00:00,2024-03,1,1,78185,78211,3501.22,3573.84,copied_horizon,0.020741341589503248,0.018741341589503246,0.018720600247913746
2024H1,v9_regime_stability|2024H1|78385|78386|short,78385,2024-03-30 04:00:00+00:00,-0.012044521352486457,short,4,0,75867,2024-03-03 22:15:00+00:00,2024-03,1,0,75868,75872,3490.17,3481.9,copied_horizon,0.0023695120868038044,0.0003695120868038044,0.00037188159889060823
2024H1,v9_regime_stability|2024H1|78385|78386|short,78385,2024-03-30 04:00:00+00:00,-0.012044521352486457,short,4,1,78092,2024-03-27 02:30:00+00:00,2024-03,1,0,78093,78097,3608.73,3603.62,copied_horizon,0.001416010618694119,-0.000583989381305881,-0.000582573370687187
2024H1,v9_regime_stability|2024H1|78385|78386|short,78385,2024-03-30 04:00:00+00:00,-0.012044521352486457,short,4,2,78560,2024-03-31 23:30:00+00:00,2024-03,1,0,78561,78565,3648.03,3629.01,copied_horizon,0.005213772913051695,0.003213772913051695,0.003218986685964747
2024H1,v9_regime_stability|2024H1|78666|78667|short,78666,2024-04-02 02:15:00+00:00,0.019265540810145976,short,557,0,79240,2024-04-08 01:30:00+00:00,2024-04,1,1,79241,79266,3434.4,3486.2400000000002,stop,-0.015094339622641506,-0.017094339622641508,-0.017109433962264147
2024H1,v9_regime_stability|2024H1|78666|78667|short,78666,2024-04-02 02:15:00+00:00,0.019265540810145976,short,557,1,81342,2024-04-29 23:00:00+00:00,2024-04,1,1,81343,81900,3228.99,3140.23,copied_horizon,0.027488471627350908,0.025488471627350906,0.02551596009897826
2024H1,v9_regime_stability|2024H1|78666|78667|short,78666,2024-04-02 02:15:00+00:00,0.019265540810145976,short,557,2,79248,2024-04-08 03:30:00+00:00,2024-04,1,1,79249,79264,3422.01,3470.5800000000004,stop,-0.014193412643446424,-0.016193412643446425,-0.016207606056089868
2024H1,v9_regime_stability|2024H1|79223|79224|long,79223,2024-04-07 21:30:00+00:00,-0.0010000000000001102,long,22,0,80560,2024-04-21 19:30:00+00:00,2024-04,0,0,80561,80583,3152.19,3153.12,copied_horizon,0.00029503297707300646,-0.0017049670229269936,-0.0017052620559040665
2024H1,v9_regime_stability|2024H1|79223|79224|long,79223,2024-04-07 21:30:00+00:00,-0.0010000000000001102,long,22,1,81045,2024-04-26 20:45:00+00:00,2024-04,0,0,81046,81060,3144.67,3100.15,stop,-0.01415728836412089,-0.016157288364120892,-0.01614313107575677
2024H1,v9_regime_stability|2024H1|79223|79224|long,79223,2024-04-07 21:30:00+00:00,-0.0010000000000001102,long,22,2,80754,2024-04-23 20:00:00+00:00,2024-04,0,0,80755,80777,3207.52,3239.59,copied_horizon,0.009998378809797037,0.007998378809797037,0.00798838043098724
2024H1,v9_regime_stability|2024H1|79476|79477|short,79476,2024-04-10 12:45:00+00:00,-0.029861789255634097,short,18,0,80050,2024-04-16 12:00:00+00:00,2024-04,3,4,80051,80069,3073.92,3058.2,copied_horizon,0.005113991255465411,0.003113991255465411,0.0031191052467208764
2024H1,v9_regime_stability|2024H1|79476|79477|short,79476,2024-04-10 12:45:00+00:00,-0.029861789255634097,short,18,1,80063,2024-04-16 15:15:00+00:00,2024-04,3,4,80064,80069,3045.56,3042.51444,stop,0.0010000000000000009,-0.0009999999999999992,-0.0009989999999999995
2024H1,v9_regime_stability|2024H1|79476|79477|short,79476,2024-04-10 12:45:00+00:00,-0.029861789255634097,short,18,2,80339,2024-04-19 12:15:00+00:00,2024-04,3,4,80340,80358,3117.77,3069.24,copied_horizon,0.015565612601314505,0.013565612601314505,0.013581178213915818
2024H1,v9_regime_stability|2024H1|79657|79658|short,79657,2024-04-12 10:00:00+00:00,0.12138033617891619,short,663,0,79075,2024-04-06 08:15:00+00:00,2024-04,2,0,79076,79133,3332.26,3369.34,stop,-0.011127583081752324,-0.013127583081752324,-0.013138710664834076
2024H1,v9_regime_stability|2024H1|79657|79658|short,79657,2024-04-12 10:00:00+00:00,0.12138033617891619,short,663,1,78582,2024-04-01 05:00:00+00:00,2024-04,2,0,78583,79246,3601.51,3415.0,copied_horizon,0.05178661172674803,0.04978661172674803,0.04983839833847478
2024H1,v9_regime_stability|2024H1|79657|79658|short,79657,2024-04-12 10:00:00+00:00,0.12138033617891619,short,663,2,81095,2024-04-27 09:15:00+00:00,2024-04,2,0,81096,81114,3118.19,3155.44,stop,-0.011946032794666106,-0.013946032794666106,-0.013957978827460773
2024H1,v9_regime_stability|2024H1|80320|80321|long,80320,2024-04-19 07:45:00+00:00,0.016649039803223076,long,581,0,80038,2024-04-16 09:00:00+00:00,2024-04,2,4,80039,80044,3085.11,3000.4500000000003,stop,-0.027441485068603666,-0.029441485068603668,-0.02941404358353506
2024H1,v9_regime_stability|2024H1|80320|80321|long,80320,2024-04-19 07:45:00+00:00,0.016649039803223076,long,581,1,80326,2024-04-19 09:00:00+00:00,2024-04,2,4,80327,80846,3108.85,3111.9588499999995,stop,0.0009999999999998899,-0.0010000000000001102,-0.0010010000000001099
2024H1,v9_regime_stability|2024H1|80320|80321|long,80320,2024-04-19 07:45:00+00:00,0.016649039803223076,long,581,2,79272,2024-04-08 09:30:00+00:00,2024-04,2,4,79273,79289,3611.59,3615.2015899999997,stop,0.0009999999999998899,-0.0010000000000001102,-0.0010010000000001099
2024H1,v9_regime_stability|2024H1|80901|80902|short,80901,2024-04-25 09:00:00+00:00,-0.0009999999999999992,short,12,0,80897,2024-04-25 07:45:00+00:00,2024-04,2,1,80898,80910,3136.55,3093.19,copied_horizon,0.013824106103840217,0.011824106103840217,0.011837930209944057
2024H1,v9_regime_stability|2024H1|80901|80902|short,80901,2024-04-25 09:00:00+00:00,-0.0009999999999999992,short,12,1,80406,2024-04-20 05:00:00+00:00,2024-04,2,1,80407,80419,3061.58,3055.39,copied_horizon,0.0020218318645928157,2.1831864592815678e-05,2.3853696457408567e-05
2024H1,v9_regime_stability|2024H1|80901|80902|short,80901,2024-04-25 09:00:00+00:00,-0.0009999999999999992,short,12,2,78880,2024-04-04 07:30:00+00:00,2024-04,2,1,78881,78893,3327.76,3341.84,copied_horizon,-0.004231074356323861,-0.006231074356323861,-0.006235305430680184
2024H1,v9_regime_stability|2024H1|81470|81471|short,81470,2024-05-01 07:15:00+00:00,-0.0009999999999999992,short,15,0,83387,2024-05-21 06:15:00+00:00,2024-05,2,4,83388,83403,3675.4,3714.64,copied_horizon,-0.010676388964466321,-0.012676388964466321,-0.012687065353430787
2024H1,v9_regime_stability|2024H1|81470|81471|short,81470,2024-05-01 07:15:00+00:00,-0.0009999999999999992,short,15,1,83388,2024-05-21 06:30:00+00:00,2024-05,2,4,83389,83404,3677.38,3719.19,copied_horizon,-0.01136950763859046,-0.01336950763859046,-0.013380877146229049
2024H1,v9_regime_stability|2024H1|81470|81471|short,81470,2024-05-01 07:15:00+00:00,-0.0009999999999999992,short,15,2,81473,2024-05-01 07:45:00+00:00,2024-05,2,4,81474,81478,2869.44,2866.57056,stop,0.0010000000000000009,-0.0009999999999999992,-0.0009989999999999995
2024H1,v9_regime_stability|2024H1|81772|81773|long,81772,2024-05-04 10:45:00+00:00,-0.01320208458404115,long,55,0,82352,2024-05-10 11:30:00+00:00,2024-05,3,0,82353,82363,3029.83,3000.97,stop,-0.009525286897284713,-0.011525286897284713,-0.011515761610387427
2024H1,v9_regime_stability|2024H1|81772|81773|long,81772,2024-05-04 10:45:00+00:00,-0.01320208458404115,long,55,1,82349,2024-05-10 10:45:00+00:00,2024-05,3,0,82350,82363,3030.84,3000.6400000000003,stop,-0.009964234337675348,-0.011964234337675348,-0.011954270103337673
2024H1,v9_regime_stability|2024H1|81772|81773|long,81772,2024-05-04 10:45:00+00:00,-0.01320208458404115,long,55,2,82930,2024-05-16 12:00:00+00:00,2024-05,3,0,82931,82939,2994.42,2959.32,stop,-0.011721802552748128,-0.013721802552748128,-0.013710080750195381
2024H1,v9_regime_stability|2024H1|81926|81927|long,81926,2024-05-06 01:15:00+00:00,-0.0010000000000001102,long,37,0,83267,2024-05-20 00:15:00+00:00,2024-05,1,0,83268,83293,3065.51,3068.5755099999997,stop,0.0009999999999998899,-0.0010000000000001102,-0.0010010000000001099
2024H1,v9_regime_stability|2024H1|81926|81927|long,81926,2024-05-06 01:15:00+00:00,-0.0010000000000001102,long,37,1,82798,2024-05-15 03:00:00+00:00,2024-05,1,0,82799,82836,2897.11,2944.28,copied_horizon,0.016281742840278834,0.014281742840278834,0.014265461097438556
2024H1,v9_regime_stability|2024H1|81926|81927|long,81926,2024-05-06 01:15:00+00:00,-0.0010000000000001102,long,37,2,83269,2024-05-20 00:45:00+00:00,2024-05,1,0,83270,83293,3080.55,3083.63055,stop,0.0009999999999998899,-0.0010000000000001102,-0.0010010000000001099
2024H1,v9_regime_stability|2024H1|82032|82033|short,82032,2024-05-07 03:45:00+00:00,-0.021695575128481526,short,18,0,84032,2024-05-27 23:30:00+00:00,2024-05,1,3,84033,84051,3894.0,3832.78,copied_horizon,0.015721623009758545,0.013721623009758545,0.013737344632768303
2024H1,v9_regime_stability|2024H1|82032|82033|short,82032,2024-05-07 03:45:00+00:00,-0.021695575128481526,short,18,1,84026,2024-05-27 22:00:00+00:00,2024-05,1,3,84027,84045,3889.17,3863.68,copied_horizon,0.0065540976609406165,0.0045540976609406165,0.004560651758601557
2024H1,v9_regime_stability|2024H1|82032|82033|short,82032,2024-05-07 03:45:00+00:00,-0.021695575128481526,short,18,2,82113,2024-05-07 23:45:00+00:00,2024-05,1,3,82114,82132,3006.05,3013.13,copied_horizon,-0.002355250245338558,-0.004355250245338558,-0.004357605495583897
2024H1,v9_regime_stability|2024H1|82180|82181|short,82180,2024-05-08 16:45:00+00:00,-0.0009999999999999992,short,39,0,82853,2024-05-15 16:45:00+00:00,2024-05,0,3,82854,82880,2974.32,3032.75,stop,-0.019644826380483593,-0.021644826380483595,-0.021664471206864076
2024H1,v9_regime_stability|2024H1|82180|82181|short,82180,2024-05-08 16:45:00+00:00,-0.0009999999999999992,short,39,1,81994,2024-05-06 18:00:00+00:00,2024-05,0,3,81995,82034,3073.37,3051.27,copied_horizon,0.007190803580434446,0.005190803580434446,0.005197994384014881
2024H1,v9_regime_stability|2024H1|82180|82181|short,82180,2024-05-08 16:45:00+00:00,-0.0009999999999999992,short,39,2,83923,2024-05-26 20:15:00+00:00,2024-05,0,3,83924,83948,3862.95,3927.73,stop,-0.01676956729960266,-0.018769567299602663,-0.018786336866902266
2024H1,v9_regime_stability|2024H1|82582|82583|short,82582,2024-05-12 21:15:00+00:00,-0.0010000000000001102,short,38,0,82577,2024-05-12 19:45:00+00:00,2024-05,0,0,82578,82616,2930.15,2884.28,copied_horizon,0.015654488678053968,0.013654488678053968,0.013670143166732023
2024H1,v9_regime_stability|2024H1|82582|82583|short,82582,2024-05-12 21:15:00+00:00,-0.0010000000000001102,short,38,1,82563,2024-05-12 16:15:00+00:00,2024-05,0,0,82564,82602,2946.32,2912.97,copied_horizon,0.011319204974341024,0.009319204974341024,0.009330524179315364
2024H1,v9_regime_stability|2024H1|82582|82583|short,82582,2024-05-12 21:15:00+00:00,-0.0010000000000001102,short,38,2,83245,2024-05-19 18:45:00+00:00,2024-05,0,0,83246,83284,3072.99,3108.6699999999996,stop,-0.011610841558221674,-0.013610841558221674,-0.013622452399779895
2024H1,v9_regime_stability|2024H1|83330|83331|long,83330,2024-05-20 16:15:00+00:00,0.2191849203623888,long,833,0,82950,2024-05-16 17:00:00+00:00,2024-05,0,2,82951,83784,2946.99,3748.18,copied_horizon,0.2718672272386402,0.2698672272386402,0.26959536001140155
2024H1,v9_regime_stability|2024H1|83330|83331|long,83330,2024-05-20 16:15:00+00:00,0.2191849203623888,long,833,1,82949,2024-05-16 16:45:00+00:00,2024-05,0,2,82950,83783,2947.57,3751.75,copied_horizon,0.2728281262192245,0.2708281262192245,0.27055529809300527
2024H1,v9_regime_stability|2024H1|83330|83331|long,83330,2024-05-20 16:15:00+00:00,0.2191849203623888,long,833,2,82870,2024-05-15 21:00:00+00:00,2024-05,0,2,82871,82939,3015.21,2960.2400000000002,stop,-0.018230902656863,-0.020230902656863003,-0.02021267175420614
2024H1,v9_regime_stability|2024H1|84163|84164|short,84163,2024-05-29 08:30:00+00:00,-0.0010000000000001102,short,80,0,83578,2024-05-23 06:00:00+00:00,2024-05,2,3,83579,83584,3763.0,3823.1,stop,-0.01597129949508358,-0.01797129949508358,-0.017987270794578663
2024H1,v9_regime_stability|2024H1|84163|84164|short,84163,2024-05-29 08:30:00+00:00,-0.0010000000000001102,short,80,1,84162,2024-05-29 08:00:00+00:00,2024-05,2,3,84163,84243,3794.99,3791.95,copied_horizon,0.0008010561292651763,-0.0011989438707348237,-0.0011981428146055585
2024H1,v9_regime_stability|2024H1|84163|84164|short,84163,2024-05-29 08:30:00+00:00,-0.0010000000000001102,short,80,2,84257,2024-05-30 07:45:00+00:00,2024-05,2,3,84258,84281,3721.12,3789.69,stop,-0.018427247710366856,-0.020427247710366858,-0.020445674958077222
2024H1,v9_regime_stability|2024H1|86826|86827|long,86826,2024-06-26 02:15:00+00:00,-0.014043822311934127,long,12,0,85475,2024-06-12 00:15:00+00:00,2024-06,1,1,85476,85488,3494.5,3506.05,copied_horizon,0.0033051938760910726,0.0013051938760910726,0.0013018886822149813
2024H1,v9_regime_stability|2024H1|86826|86827|long,86826,2024-06-26 02:15:00+00:00,-0.014043822311934127,long,12,1,84994,2024-06-07 00:00:00+00:00,2024-06,1,1,84995,85007,3808.72,3804.89,copied_horizon,-0.0010055871788947623,-0.0030055871788947624,-0.003004581591715868
2024H1,v9_regime_stability|2024H1|86826|86827|long,86826,2024-06-26 02:15:00+00:00,-0.014043822311934127,long,12,2,84720,2024-06-04 03:30:00+00:00,2024-06,1,1,84721,84733,3777.7,3764.41,copied_horizon,-0.00351801360616244,-0.00551801360616244,-0.005514495592556278
2024H1,v9_regime_stability|2024H1|86917|86918|short,86917,2024-06-27 01:00:00+00:00,-0.014002217801115434,short,38,0,86922,2024-06-27 02:00:00+00:00,2024-06,1,1,86923,86961,3380.51,3403.03,copied_horizon,-0.00666171672321636,-0.00866171672321636,-0.008668378439939575
2024H1,v9_regime_stability|2024H1|86917|86918|short,86917,2024-06-27 01:00:00+00:00,-0.014002217801115434,short,38,1,86820,2024-06-26 00:30:00+00:00,2024-06,1,1,86821,86825,3385.82,3422.8300000000004,stop,-0.010930882326880997,-0.012930882326880997,-0.012941813209207878
2024H1,v9_regime_stability|2024H1|86917|86918|short,86917,2024-06-27 01:00:00+00:00,-0.014002217801115434,short,38,2,85478,2024-06-12 01:00:00+00:00,2024-06,1,1,85479,85490,3484.75,3525.23,stop,-0.011616328287538558,-0.013616328287538558,-0.013627944615826096
2024H1,v9_regime_stability|2024H1|87059|87060|long,87059,2024-06-28 12:30:00+00:00,-0.01166871944272174,long,2,0,84947,2024-06-06 12:15:00+00:00,2024-06,3,0,84948,84950,3861.33,3832.99,stop,-0.007339440037500089,-0.009339440037500089,-0.00933210059746259
2024H1,v9_regime_stability|2024H1|87059|87060|long,87059,2024-06-28 12:30:00+00:00,-0.01166871944272174,long,2,1,87056,2024-06-28 11:30:00+00:00,2024-06,3,0,87057,87059,3455.31,3466.85,copied_horizon,0.00333978716815575,0.00133978716815575,0.001336447380987594
2024H1,v9_regime_stability|2024H1|87059|87060|long,87059,2024-06-28 12:30:00+00:00,-0.01166871944272174,long,2,2,84459,2024-06-01 10:15:00+00:00,2024-06,3,0,84460,84462,3791.39,3790.0,copied_horizon,-0.00036662015777855217,-0.002366620157778552,-0.002366253537620774
2024H1,v9_regime_stability|2024H1|87166|87167|short,87166,2024-06-29 15:15:00+00:00,-0.008940342587123505,short,104,0,85037,2024-06-07 10:45:00+00:00,2024-06,3,0,85038,85041,3811.02,3834.93,stop,-0.006273910921485548,-0.008273910921485548,-0.008280184832407033
2024H1,v9_regime_stability|2024H1|87166|87167|short,87166,2024-06-29 15:15:00+00:00,-0.008940342587123505,short,104,1,86497,2024-06-22 15:45:00+00:00,2024-06,3,0,86498,86602,3505.2,3475.81,copied_horizon,0.00838468560995087,0.00638468560995087,0.006393070295560821
2024H1,v9_regime_stability|2024H1|87166|87167|short,87166,2024-06-29 15:15:00+00:00,-0.008940342587123505,short,104,2,87151,2024-06-29 11:15:00+00:00,2024-06,3,0,87152,87256,3400.38,3392.8,copied_horizon,0.002229162623000991,0.00022916262300099084,0.00023139178562399214
2024H2,v9_regime_stability|2024H2|87592|87593|short,87592,2024-07-04 01:45:00+00:00,0.06850167429572052,short,465,0,88847,2024-07-17 03:15:00+00:00,2024-07,1,3,88848,88981,3478.77,3475.29123,stop,0.0010000000000000009,-0.0009999999999999992,-0.0009989999999999995
2024H2,v9_regime_stability|2024H2|87592|87593|short,87592,2024-07-04 01:45:00+00:00,0.06850167429572052,short,465,1,89705,2024-07-26 01:45:00+00:00,2024-07,1,3,89706,89709,3185.31,3249.48,stop,-0.020145605922186505,-0.022145605922186506,-0.022165751528108693
2024H2,v9_regime_stability|2024H2|87592|87593|short,87592,2024-07-04 01:45:00+00:00,0.06850167429572052,short,465,2,88065,2024-07-08 23:45:00+00:00,2024-07,1,3,88066,88091,3018.69,3086.5,stop,-0.022463386435838117,-0.02446338643583812,-0.024485849822273954
2024H2,v9_regime_stability|2024H2|88057|88058|long,88057,2024-07-08 22:00:00+00:00,-0.0010000000000001102,long,14,0,88048,2024-07-08 19:30:00+00:00,2024-07,0,4,88049,88063,2995.64,3024.8,copied_horizon,0.00973414696024899,0.0077341469602489905,0.007724412813288742
2024H2,v9_regime_stability|2024H2|88057|88058|long,88057,2024-07-08 22:00:00+00:00,-0.0010000000000001102,long,14,1,90262,2024-07-31 21:00:00+00:00,2024-07,0,4,90263,90277,3238.92,3235.43,copied_horizon,-0.001077519667049609,-0.003077519667049609,-0.0030764421473825593
2024H2,v9_regime_stability|2024H2|88057|88058|long,88057,2024-07-08 22:00:00+00:00,-0.0010000000000001102,long,14,2,89671,2024-07-25 17:15:00+00:00,2024-07,0,4,89672,89682,3165.69,3091.26,stop,-0.02351146195616116,-0.025511461956161163,-0.025487950494205
2024H2,v9_regime_stability|2024H2|88478|88479|long,88478,2024-07-13 07:15:00+00:00,0.08006283169490125,long,582,0,87319,2024-07-01 05:15:00+00:00,2024-07,2,0,87320,87387,3486.21,3446.51,stop,-0.011387724778484265,-0.013387724778484265,-0.013376337053705781
2024H2,v9_regime_stability|2024H2|88478|88479|long,88478,2024-07-13 07:15:00+00:00,0.08006283169490125,long,582,1,87413,2024-07-02 04:45:00+00:00,2024-07,2,0,87414,87450,3454.01,3425.69,stop,-0.008199165607511327,-0.010199165607511327,-0.010190966441903817
2024H2,v9_regime_stability|2024H2|88478|88479|long,88478,2024-07-13 07:15:00+00:00,0.08006283169490125,long,582,2,89158,2024-07-20 09:00:00+00:00,2024-07,2,0,89159,89289,3488.6,3460.0099999999998,stop,-0.00819526457604769,-0.01019526457604769,-0.010187069311471642
2024H2,v9_regime_stability|2024H2|89060|89061|short,89060,2024-07-19 08:45:00+00:00,-0.019731446453857826,short,21,0,87617,2024-07-04 07:45:00+00:00,2024-07,2,3,87618,87630,3182.33,3179.14767,stop,0.0010000000000000009,-0.0009999999999999992,-0.0009989999999999995
2024H2,v9_regime_stability|2024H2|89060|89061|short,89060,2024-07-19 08:45:00+00:00,-0.019731446453857826,short,21,1,89445,2024-07-23 08:45:00+00:00,2024-07,2,3,89446,89467,3521.91,3471.01,copied_horizon,0.014452385211433438,0.012452385211433438,0.012466837596644872
2024H2,v9_regime_stability|2024H2|89060|89061|short,89060,2024-07-19 08:45:00+00:00,-0.019731446453857826,short,21,2,88868,2024-07-17 08:30:00+00:00,2024-07,2,3,88869,88890,3484.35,3452.81,copied_horizon,0.009051903511415271,0.007051903511415271,0.007060955414926687
2024H2,v9_regime_stability|2024H2|89402|89403|short,89402,2024-07-22 22:15:00+00:00,-0.01933576113240587,short,41,0,88066,2024-07-09 00:00:00+00:00,2024-07,1,3,88067,88084,3019.78,3085.0,stop,-0.021597599825152747,-0.02359759982515275,-0.0236191974249779
2024H2,v9_regime_stability|2024H2|89402|89403|short,89402,2024-07-22 22:15:00+00:00,-0.01933576113240587,short,41,1,89703,2024-07-26 01:15:00+00:00,2024-07,1,3,89704,89709,3180.58,3248.2,stop,-0.02126027328348923,-0.02326027328348923,-0.02328153355677272
2024H2,v9_regime_stability|2024H2|89402|89403|short,89402,2024-07-22 22:15:00+00:00,-0.01933576113240587,short,41,2,90085,2024-07-30 00:45:00+00:00,2024-07,1,3,90086,90127,3329.1,3335.2,copied_horizon,-0.0018323270553601834,-0.0038323270553601834,-0.0038341593824155434
2024H2,v9_regime_stability|2024H2|89515|89516|short,89515,2024-07-24 02:30:00+00:00,0.044527818234780026,short,308,0,89416,2024-07-23 01:30:00+00:00,2024-07,1,3,89417,89448,3471.01,3536.28,stop,-0.018804324965932206,-0.020804324965932208,-0.020823129290898138
2024H2,v9_regime_stability|2024H2|89515|89516|short,89515,2024-07-24 02:30:00+00:00,0.044527818234780026,short,308,1,89413,2024-07-23 00:45:00+00:00,2024-07,1,3,89414,89445,3469.2,3531.1499999999996,stop,-0.017857142857142794,-0.019857142857142795,-0.019874999999999938
2024H2,v9_regime_stability|2024H2|89515|89516|short,89515,2024-07-24 02:30:00+00:00,0.044527818234780026,short,308,2,90094,2024-07-30 03:00:00+00:00,2024-07,1,3,90095,90202,3317.83,3314.51217,stop,0.0010000000000000009,-0.0009999999999999992,-0.0009989999999999995
2024H2,v9_regime_stability|2024H2|89823|89824|long,89823,2024-07-27 07:30:00+00:00,-0.0010000000000001102,long,33,0,87325,2024-07-01 06:45:00+00:00,2024-07,2,0,87326,87353,3488.31,3455.84,stop,-0.00930823235320255,-0.01130823235320255,-0.011298924120849348
2024H2,v9_regime_stability|2024H2|89823|89824|long,89823,2024-07-27 07:30:00+00:00,-0.0010000000000001102,long,33,1,87329,2024-07-01 07:45:00+00:00,2024-07,2,0,87330,87344,3490.44,3460.06,stop,-0.008703773736262521,-0.010703773736262521,-0.010695069962526258
2024H2,v9_regime_stability|2024H2|89823|89824|long,89823,2024-07-27 07:30:00+00:00,-0.0010000000000001102,long,33,2,87425,2024-07-02 07:45:00+00:00,2024-07,2,0,87426,87452,3439.0,3411.9,stop,-0.007880197731898742,-0.009880197731898742,-0.009872317534166843
2024H2,v9_regime_stability|2024H2|90110|90111|long,90110,2024-07-30 07:15:00+00:00,-0.015788724632819773,long,31,0,88292,2024-07-11 08:30:00+00:00,2024-07,2,1,88293,88320,3118.59,3121.7085899999997,stop,0.0009999999999998899,-0.0010000000000001102,-0.0010010000000001099
2024H2,v9_regime_stability|2024H2|90110|90111|long,90110,2024-07-30 07:15:00+00:00,-0.015788724632819773,long,31,1,87513,2024-07-03 05:45:00+00:00,2024-07,2,1,87514,87530,3368.96,3325.56,stop,-0.012882313829787218,-0.014882313829787218,-0.01486943151595743
2024H2,v9_regime_stability|2024H2|90110|90111|long,90110,2024-07-30 07:15:00+00:00,-0.015788724632819773,long,31,2,87800,2024-07-06 05:30:00+00:00,2024-07,2,1,87801,87832,2975.39,3003.98,copied_horizon,0.00960882438940791,0.007608824389407911,0.007599215565018503
2024H2,v9_regime_stability|2024H2|90844|90845|short,90844,2024-08-06 22:45:00+00:00,-0.0009999999999999992,short,7,0,91035,2024-08-08 22:15:00+00:00,2024-08,1,4,91036,91037,2629.99,2708.89,stop,-0.030000114068874817,-0.03200011406887482,-0.03203011418294369
2024H2,v9_regime_stability|2024H2|90844|90845|short,90844,2024-08-06 22:45:00+00:00,-0.0009999999999999992,short,7,1,90948,2024-08-08 00:30:00+00:00,2024-08,1,4,90949,90952,2336.92,2407.03,stop,-0.030001026992793944,-0.032001026992793946,-0.03203102801978674
2024H2,v9_regime_stability|2024H2|90844|90845|short,90844,2024-08-06 22:45:00+00:00,-0.0009999999999999992,short,7,2,90863,2024-08-07 03:15:00+00:00,2024-08,1,4,90864,90871,2497.58,2520.7,copied_horizon,-0.009256960737994424,-0.011256960737994424,-0.01126621769873242
2024H2,v9_regime_stability|2024H2|91691|91692|short,91691,2024-08-15 18:30:00+00:00,-0.0009999999999999992,short,10,0,93132,2024-08-30 18:30:00+00:00,2024-08,0,3,93133,93143,2535.27,2517.99,copied_horizon,0.0068158420996581315,0.0048158420996581314,0.004822657941757789
2024H2,v9_regime_stability|2024H2|91691|91692|short,91691,2024-08-15 18:30:00+00:00,-0.0009999999999999992,short,10,1,90626,2024-08-04 16:00:00+00:00,2024-08,0,3,90627,90637,2835.46,2729.45,copied_horizon,0.03738723170138192,0.035387231701381916,0.035424618933083296
2024H2,v9_regime_stability|2024H2|91691|91692|short,91691,2024-08-15 18:30:00+00:00,-0.0009999999999999992,short,10,2,90356,2024-08-01 20:30:00+00:00,2024-08,0,3,90357,90367,3147.75,3205.62,copied_horizon,-0.01838456040028591,-0.02038456040028591,-0.020402944960686197
2024H2,v9_regime_stability|2024H2|91806|91807|short,91806,2024-08-16 23:15:00+00:00,-0.020993679082983885,short,110,0,91524,2024-08-14 00:30:00+00:00,2024-08,1,2,91525,91564,2702.2,2753.21,stop,-0.018877211161276053,-0.020877211161276055,-0.020896088372437328
2024H2,v9_regime_stability|2024H2|91806|91807|short,91806,2024-08-16 23:15:00+00:00,-0.020993679082983885,short,110,1,91517,2024-08-13 22:45:00+00:00,2024-08,1,2,91518,91571,2713.87,2768.7599999999998,stop,-0.02022572930906774,-0.022225729309067743,-0.02224595503837681
2024H2,v9_regime_stability|2024H2|91806|91807|short,91806,2024-08-16 23:15:00+00:00,-0.020993679082983885,short,110,2,91534,2024-08-14 03:00:00+00:00,2024-08,1,2,91535,91564,2709.8,2761.4500000000003,stop,-0.01906044726548095,-0.021060447265480953,-0.021079507712746432
2024H2,v9_regime_stability|2024H2|92232|92233|short,92232,2024-08-21 09:45:00+00:00,-0.0009999999999998881,short,16,0,92225,2024-08-21 07:45:00+00:00,2024-08,2,0,92226,92242,2600.47,2576.43,copied_horizon,0.009244482728122172,0.007244482728122172,0.007253727210850294
2024H2,v9_regime_stability|2024H2|92232|92233|short,92232,2024-08-21 09:45:00+00:00,-0.0009999999999998881,short,16,1,93000,2024-08-29 09:30:00+00:00,2024-08,2,0,93001,93017,2550.87,2570.98,copied_horizon,-0.007883584816160916,-0.009883584816160916,-0.009891468400977077
2024H2,v9_regime_stability|2024H2|92232|92233|short,92232,2024-08-21 09:45:00+00:00,-0.0009999999999998881,short,16,2,92786,2024-08-27 04:00:00+00:00,2024-08,2,0,92787,92803,2685.55,2677.18,copied_horizon,0.0031166800096815717,0.0011166800096815716,0.001119796689691253
2024H2,v9_regime_stability|2024H2|92323|92324|long,92323,2024-08-22 08:30:00+00:00,-0.014026084319077923,long,22,0,92706,2024-08-26 08:00:00+00:00,2024-08,2,0,92707,92729,2741.39,2728.0,copied_horizon,-0.00488438346969966,-0.00688438346969966,-0.0068794990862299605
2024H2,v9_regime_stability|2024H2|92323|92324|long,92323,2024-08-22 08:30:00+00:00,-0.014026084319077923,long,22,1,93187,2024-08-31 08:15:00+00:00,2024-08,2,0,93188,93210,2520.97,2522.99,copied_horizon,0.0008012788728148923,-0.0011987211271851077,-0.0011995224060579223
2024H2,v9_regime_stability|2024H2|92323|92324|long,92323,2024-08-22 08:30:00+00:00,-0.014026084319077923,long,22,2,92317,2024-08-22 06:45:00+00:00,2024-08,2,0,92318,92340,2627.48,2626.51,copied_horizon,-0.00036917502702205063,-0.0023691750270220507,-0.0023688058519950287
2024H2,v9_regime_stability|2024H2|92802|92803|short,92802,2024-08-27 08:15:00+00:00,0.12437782223066574,short,1285,0,92705,2024-08-26 07:45:00+00:00,2024-08,2,0,92706,93991,2733.51,2267.18,copied_horizon,0.17059751016092872,0.16859751016092872,0.16876810767108966
2024H2,v9_regime_stability|2024H2|92802|92803|short,92802,2024-08-27 08:15:00+00:00,0.12437782223066574,short,1285,1,92218,2024-08-21 06:00:00+00:00,2024-08,2,0,92219,92249,2599.0,2596.401,stop,0.001000000000000112,-0.0009999999999998881,-0.000998999999999888
2024H2,v9_regime_stability|2024H2|92802|92803|short,92802,2024-08-27 08:15:00+00:00,0.12437782223066574,short,1285,2,93178,2024-08-31 06:00:00+00:00,2024-08,2,0,93179,93385,2524.89,2522.3651099999997,stop,0.0010000000000000009,-0.0009999999999999992,-0.0009989999999999995
2024H2,v9_regime_stability|2024H2|94087|94088|long,94087,2024-09-09 17:30:00+00:00,-0.0010000000000001102,long,27,0,93315,2024-09-01 16:15:00+00:00,2024-09,0,4,93316,93338,2469.5,2471.9694999999997,stop,0.0009999999999998899,-0.0010000000000001102,-0.0010010000000001099
2024H2,v9_regime_stability|2024H2|94087|94088|long,94087,2024-09-09 17:30:00+00:00,-0.0010000000000001102,long,27,1,94476,2024-09-13 18:30:00+00:00,2024-09,0,4,94477,94501,2423.67,2426.0936699999997,stop,0.0009999999999998899,-0.0010000000000001102,-0.0010010000000001099
2024H2,v9_regime_stability|2024H2|94087|94088|long,94087,2024-09-09 17:30:00+00:00,-0.0010000000000001102,long,27,2,95145,2024-09-20 17:45:00+00:00,2024-09,0,4,95146,95173,2537.07,2568.11,copied_horizon,0.012234585565238598,0.010234585565238598,0.01022235097967336
2024H2,v9_regime_stability|2024H2|94164|94165|long,94164,2024-09-10 12:45:00+00:00,-0.014912378774403877,long,4,0,95892,2024-09-28 12:30:00+00:00,2024-09,3,0,95893,95897,2659.21,2659.91,copied_horizon,0.0002632360738714645,-0.0017367639261285355,-0.0017370271622024068
2024H2,v9_regime_stability|2024H2|94164|94165|long,94164,2024-09-10 12:45:00+00:00,-0.014912378774403877,long,4,1,95598,2024-09-25 11:00:00+00:00,2024-09,3,0,95599,95603,2621.5,2623.01,copied_horizon,0.0005760061033759367,-0.0014239938966240633,-0.0014245699027274393
2024H2,v9_regime_stability|2024H2|94164|94165|long,94164,2024-09-10 12:45:00+00:00,-0.014912378774403877,long,4,2,94347,2024-09-12 10:15:00+00:00,2024-09,3,0,94348,94352,2351.58,2349.72,copied_horizon,-0.000790957568953643,-0.002790957568953643,-0.002790166611384689
2024H2,v9_regime_stability|2024H2|94188|94189|long,94188,2024-09-10 18:45:00+00:00,-0.022804293135420428,long,27,0,93518,2024-09-03 19:00:00+00:00,2024-09,0,3,93519,93537,2460.85,2415.99,stop,-0.018229473555885223,-0.020229473555885225,-0.020211244082329338
2024H2,v9_regime_stability|2024H2|94188|94189|long,94188,2024-09-10 18:45:00+00:00,-0.022804293135420428,long,27,1,94950,2024-09-18 17:00:00+00:00,2024-09,0,3,94951,94962,2292.1,2294.3920999999996,stop,0.0009999999999998899,-0.0010000000000001102,-0.0010010000000001099
2024H2,v9_regime_stability|2024H2|94188|94189|long,94188,2024-09-10 18:45:00+00:00,-0.022804293135420428,long,27,2,93511,2024-09-03 17:15:00+00:00,2024-09,0,3,93512,93537,2458.25,2411.12,stop,-0.019172175327977214,-0.021172175327977216,-0.021153003152649237
2024H2,v9_regime_stability|2024H2|94446|94447|long,94446,2024-09-13 11:15:00+00:00,-0.01157492558457218,long,4,0,94829,2024-09-17 10:45:00+00:00,2024-09,3,0,94830,94834,2317.23,2308.69,copied_horizon,-0.0036854347647837793,-0.005685434764783779,-0.0056817493300189955
2024H2,v9_regime_stability|2024H2|94446|94447|long,94446,2024-09-13 11:15:00+00:00,-0.01157492558457218,long,4,1,95599,2024-09-25 11:15:00+00:00,2024-09,3,0,95600,95604,2622.38,2624.0,copied_horizon,0.000617759439898169,-0.001382240560101831,-0.0013828583195417293
2024H2,v9_regime_stability|2024H2|94446|94447|long,94446,2024-09-13 11:15:00+00:00,-0.01157492558457218,long,4,2,94835,2024-09-17 12:15:00+00:00,2024-09,3,0,94836,94840,2314.53,2312.46,copied_horizon,-0.0008943500408290506,-0.0028943500408290506,-0.002893455690788222
2024H2,v9_regime_stability|2024H2|94733|94734|short,94733,2024-09-16 11:00:00+00:00,-0.0009999999999999992,short,27,0,95028,2024-09-19 12:30:00+00:00,2024-09,3,1,95029,95044,2432.02,2469.42,stop,-0.0153781630085279,-0.017378163008527903,-0.01739354117153643
2024H2,v9_regime_stability|2024H2|94733|94734|short,94733,2024-09-16 11:00:00+00:00,-0.0009999999999999992,short,27,1,94156,2024-09-10 10:30:00+00:00,2024-09,3,1,94157,94184,2348.19,2352.7,copied_horizon,-0.0019206282285504361,-0.003920628228550436,-0.003922548856778986
2024H2,v9_regime_stability|2024H2|94733|94734|short,94733,2024-09-16 11:00:00+00:00,-0.0009999999999999992,short,27,2,93867,2024-09-07 10:15:00+00:00,2024-09,3,1,93868,93895,2285.37,2289.47,copied_horizon,-0.001794020224296311,-0.003794020224296311,-0.0037958142445206075
2024H2,v9_regime_stability|2024H2|95089|95090|long,95089,2024-09-20 04:00:00+00:00,-0.0010000000000001102,long,38,0,95656,2024-09-26 01:30:00+00:00,2024-09,1,3,95657,95695,2575.67,2624.62,copied_horizon,0.01900476380902827,0.017004763809028267,0.01698575904521924
2024H2,v9_regime_stability|2024H2|95089|95090|long,95089,2024-09-20 04:00:00+00:00,-0.0010000000000001102,long,38,1,94203,2024-09-10 22:15:00+00:00,2024-09,1,3,94204,94227,2379.99,2334.4599999999996,stop,-0.019130332480388645,-0.021130332480388647,-0.021111202147908258
2024H2,v9_regime_stability|2024H2|95089|95090|long,95089,2024-09-20 04:00:00+00:00,-0.0010000000000001102,long,38,2,95557,2024-09-25 00:45:00+00:00,2024-09,1,3,95558,95596,2639.32,2626.84,copied_horizon,-0.004728490671839669,-0.006728490671839669,-0.006723762181167829
2024H2,v9_regime_stability|2024H2|95200|95201|long,95200,2024-09-21 07:45:00+00:00,-0.0010000000000001102,long,123,0,93479,2024-09-03 09:15:00+00:00,2024-09,2,0,93480,93497,2499.92,2469.89,stop,-0.012012384396300813,-0.014012384396300813,-0.014000372011904513
2024H2,v9_regime_stability|2024H2|95200|95201|long,95200,2024-09-21 07:45:00+00:00,-0.0010000000000001102,long,123,1,93481,2024-09-03 09:45:00+00:00,2024-09,2,0,93482,93497,2504.24,2474.35,stop,-0.011935756956202193,-0.013935756956202193,-0.01392382119924599
2024H2,v9_regime_stability|2024H2|95200|95201|long,95200,2024-09-21 07:45:00+00:00,-0.0010000000000001102,long,123,2,95865,2024-09-28 05:45:00+00:00,2024-09,2,0,95866,95878,2683.55,2656.84,stop,-0.009953233589834354,-0.011953233589834354,-0.011943280356244519
2024H2,v9_regime_stability|2024H2|95365|95366|long,95365,2024-09-23 01:00:00+00:00,-0.0010000000000001102,long,149,0,93818,2024-09-06 22:00:00+00:00,2024-09,1,4,93819,93968,2216.0,2299.5,copied_horizon,0.037680505415162546,0.035680505415162544,0.035642824909747385
2024H2,v9_regime_stability|2024H2|95365|95366|long,95365,2024-09-23 01:00:00+00:00,-0.0010000000000001102,long,149,1,93547,2024-09-04 02:15:00+00:00,2024-09,1,4,93548,93693,2360.88,2363.24088,stop,0.0009999999999998899,-0.0010000000000001102,-0.0010010000000001099
2024H2,v9_regime_stability|2024H2|95365|95366|long,95365,2024-09-23 01:00:00+00:00,-0.0010000000000001102,long,149,2,93825,2024-09-06 23:45:00+00:00,2024-09,1,4,93826,93975,2225.2,2276.52,copied_horizon,0.023063095452094284,0.021063095452094283,0.021040032356642188
2024H2,v9_regime_stability|2024H2|96035|96036|short,96035,2024-09-30 00:30:00+00:00,-0.0009999999999999992,short,22,0,95076,2024-09-20 00:30:00+00:00,2024-09,1,1,95077,95089,2453.66,2490.2,stop,-0.014892038831785914,-0.016892038831785916,-0.0169069308706177
2024H2,v9_regime_stability|2024H2|96035|96036|short,96035,2024-09-30 00:30:00+00:00,-0.0009999999999999992,short,22,1,95085,2024-09-20 02:45:00+00:00,2024-09,1,1,95086,95089,2456.03,2491.27,stop,-0.014348358936983496,-0.016348358936983498,-0.01636270729592048
2024H2,v9_regime_stability|2024H2|96035|96036|short,96035,2024-09-30 00:30:00+00:00,-0.0009999999999999992,short,22,2,96124,2024-09-30 22:30:00+00:00,2024-09,1,1,96125,96147,2606.79,2635.25,copied_horizon,-0.010917642004150796,-0.012917642004150796,-0.012928559646154946
2024H2,v9_regime_stability|2024H2|96266|96267|short,96266,2024-10-02 10:15:00+00:00,-0.0009999999999998881,short,401,0,96750,2024-10-07 11:00:00+00:00,2024-10,3,2,96751,96763,2455.69,2493.6,stop,-0.015437616311505087,-0.01743761631150509,-0.01745305392781659
2024H2,v9_regime_stability|2024H2|96266|96267|short,96266,2024-10-02 10:15:00+00:00,-0.0009999999999998881,short,401,1,98380,2024-10-24 10:30:00+00:00,2024-10,3,2,98381,98470,2526.23,2523.70377,stop,0.0010000000000000009,-0.0009999999999999992,-0.0009989999999999995
2024H2,v9_regime_stability|2024H2|96266|96267|short,96266,2024-10-02 10:15:00+00:00,-0.0009999999999998881,short,401,2,97824,2024-10-18 15:30:00+00:00,2024-10,3,2,97825,98010,2655.84,2696.61,stop,-0.015351075365985789,-0.01735107536598579,-0.017366426441351775
2024H2,v9_regime_stability|2024H2|96708|96709|long,96708,2024-10-07 00:45:00+00:00,-0.018306079884461646,long,38,0,96907,2024-10-09 02:15:00+00:00,2024-10,1,2,96908,96946,2455.46,2440.69,copied_horizon,-0.006015166201037703,-0.008015166201037703,-0.008009151034836666
2024H2,v9_regime_stability|2024H2|96708|96709|long,96708,2024-10-07 00:45:00+00:00,-0.018306079884461646,long,38,1,98160,2024-10-22 03:30:00+00:00,2024-10,1,2,98161,98199,2643.9,2630.0,copied_horizon,-0.005257384923786912,-0.007257384923786912,-0.007252127538863125
2024H2,v9_regime_stability|2024H2|96708|96709|long,96708,2024-10-07 00:45:00+00:00,-0.018306079884461646,long,38,2,97774,2024-10-18 03:00:00+00:00,2024-10,1,2,97775,97813,2622.24,2617.18,copied_horizon,-0.0019296479345902728,-0.003929647934590273,-0.003927718286655682
2024H2,v9_regime_stability|2024H2|96961|96962|long,96961,2024-10-09 16:00:00+00:00,-0.018202687988559063,long,9,0,98090,2024-10-21 10:00:00+00:00,2024-10,3,2,98091,98100,2716.11,2690.05,copied_horizon,-0.009594604047700517,-0.011594604047700517,-0.011585009443652816
2024H2,v9_regime_stability|2024H2|96961|96962|long,96961,2024-10-09 16:00:00+00:00,-0.018202687988559063,long,9,1,97523,2024-10-15 12:15:00+00:00,2024-10,3,2,97524,97532,2594.42,2597.01442,stop,0.0009999999999998899,-0.0010000000000001102,-0.0010010000000001099
2024H2,v9_regime_stability|2024H2|96961|96962|long,96961,2024-10-09 16:00:00+00:00,-0.018202687988559063,long,9,2,96749,2024-10-07 10:45:00+00:00,2024-10,3,2,96750,96759,2449.19,2474.12,copied_horizon,0.010178875464949666,0.008178875464949666,0.008168696589484716
2024H2,v9_regime_stability|2024H2|96971|96972|short,96971,2024-10-09 18:30:00+00:00,-0.0009999999999998881,short,158,0,97651,2024-10-16 20:15:00+00:00,2024-10,0,2,97652,97728,2622.61,2619.9873900000002,stop,0.0010000000000000009,-0.0009999999999999992,-0.0009989999999999995
2024H2,v9_regime_stability|2024H2|96971|96972|short,96971,2024-10-09 18:30:00+00:00,-0.0009999999999998881,short,158,1,96962,2024-10-09 16:00:00+00:00,2024-10,0,2,96963,97121,2449.32,2407.34,copied_horizon,0.017139450949651303,0.015139450949651303,0.015156590400600953
2024H2,v9_regime_stability|2024H2|96971|96972|short,96971,2024-10-09 18:30:00+00:00,-0.0009999999999998881,short,158,2,96980,2024-10-09 20:30:00+00:00,2024-10,0,2,96981,97058,2415.32,2412.90468,stop,0.0010000000000000009,-0.0009999999999999992,-0.0009989999999999995
2024H2,v9_regime_stability|2024H2|97228|97229|long,97228,2024-10-12 10:45:00+00:00,-0.008543639191797457,long,114,0,96557,2024-10-05 10:45:00+00:00,2024-10,3,0,96558,96589,2419.2,2398.3399999999997,stop,-0.008622685185185275,-0.010622685185185275,-0.01061406250000009
2024H2,v9_regime_stability|2024H2|97228|97229|long,97228,2024-10-12 10:45:00+00:00,-0.008543639191797457,long,114,1,96179,2024-10-01 12:15:00+00:00,2024-10,3,0,96180,96183,2632.04,2608.5099999999998,stop,-0.008939833741128611,-0.010939833741128611,-0.010930893907387482
2024H2,v9_regime_stability|2024H2|97228|97229|long,97228,2024-10-12 10:45:00+00:00,-0.008543639191797457,long,114,2,97919,2024-10-19 15:15:00+00:00,2024-10,3,0,97920,98034,2646.43,2703.12,copied_horizon,0.02142131097365141,0.019421310973651407,0.019399889662677756
2024H2,v9_regime_stability|2024H2|97369|97370|long,97369,2024-10-13 22:00:00+00:00,0.05843459037605836,long,876,0,96678,2024-10-06 17:00:00+00:00,2024-10,0,0,96679,96747,2439.71,2442.1497099999997,stop,0.0009999999999998899,-0.0010000000000001102,-0.0010010000000001099
2024H2,v9_regime_stability|2024H2|97369|97370|long,97369,2024-10-13 22:00:00+00:00,0.05843459037605836,long,876,1,96679,2024-10-06 17:15:00+00:00,2024-10,0,0,96680,96747,2441.65,2444.09165,stop,0.0009999999999998899,-0.0010000000000001102,-0.0010010000000001099
2024H2,v9_regime_stability|2024H2|97369|97370|long,97369,2024-10-13 22:00:00+00:00,0.05843459037605836,long,876,2,97368,2024-10-13 21:30:00+00:00,2024-10,0,0,97369,98245,2465.44,2614.29,copied_horizon,0.060374618729313934,0.05837461872931393,0.05831424411058462
2024H2,v9_regime_stability|2024H2|98245|98246|short,98245,2024-10-23 01:00:00+00:00,0.03455280572237329,short,509,0,98236,2024-10-22 22:30:00+00:00,2024-10,1,0,98237,98746,2641.05,2485.24,copied_horizon,0.05899547528445137,0.05699547528445137,0.05705447075973582
2024H2,v9_regime_stability|2024H2|98245|98246|short,98245,2024-10-23 01:00:00+00:00,0.03455280572237329,short,509,1,97858,2024-10-19 00:00:00+00:00,2024-10,1,0,97859,98010,2639.49,2666.9599999999996,stop,-0.010407313534053886,-0.012407313534053886,-0.01241772084758794
2024H2,v9_regime_stability|2024H2|98245|98246|short,98245,2024-10-23 01:00:00+00:00,0.03455280572237329,short,509,2,98254,2024-10-23 03:00:00+00:00,2024-10,1,0,98255,98764,2615.34,2535.89,copied_horizon,0.03037845939724859,0.02837845939724859,0.02840883785664584
2024H2,v9_regime_stability|2024H2|98754|98755|long,98754,2024-10-28 08:15:00+00:00,-0.0010000000000001102,long,328,0,98846,2024-10-29 07:00:00+00:00,2024-10,2,2,98847,98899,2610.25,2612.8602499999997,stop,0.0009999999999998899,-0.0010000000000001102,-0.0010010000000001099
2024H2,v9_regime_stability|2024H2|98754|98755|long,98754,2024-10-28 08:15:00+00:00,-0.0010000000000001102,long,328,1,96834,2024-10-08 08:00:00+00:00,2024-10,2,2,96835,96948,2423.39,2425.81339,stop,0.0009999999999998899,-0.0010000000000001102,-0.0010010000000001099
2024H2,v9_regime_stability|2024H2|98754|98755|long,98754,2024-10-28 08:15:00+00:00,-0.0010000000000001102,long,328,2,96744,2024-10-07 09:30:00+00:00,2024-10,2,2,96745,96779,2454.43,2456.8844299999996,stop,0.0009999999999998899,-0.0010000000000001102,-0.0010010000000001099
2024H2,v9_regime_stability|2024H2|99432|99433|short,99432,2024-11-04 09:45:00+00:00,-0.0009999999999999992,short,114,0,99529,2024-11-05 09:45:00+00:00,2024-11,2,0,99530,99548,2435.51,2469.21,stop,-0.013836937643450398,-0.0158369376434504,-0.015850774581093848
2024H2,v9_regime_stability|2024H2|99432|99433|short,99432,2024-11-04 09:45:00+00:00,-0.0009999999999999992,short,114,1,100953,2024-11-20 05:45:00+00:00,2024-11,2,0,100954,101042,3109.28,3106.17072,stop,0.0010000000000000009,-0.0009999999999999992,-0.0009989999999999995
2024H2,v9_regime_stability|2024H2|99432|99433|short,99432,2024-11-04 09:45:00+00:00,-0.0009999999999999992,short,114,2,99527,2024-11-05 09:15:00+00:00,2024-11,2,0,99528,99548,2438.05,2473.3500000000004,stop,-0.014478784274317702,-0.016478784274317704,-0.01649326305859202
2024H2,v9_regime_stability|2024H2|99571|99572|short,99571,2024-11-05 20:30:00+00:00,-0.026319322201201034,short,17,0,101395,2024-11-24 20:15:00+00:00,2024-11,0,1,101396,101413,3341.17,3350.0,copied_horizon,-0.0026427868082139483,-0.004642786808213948,-0.004645429595022162
2024H2,v9_regime_stability|2024H2|99571|99572|short,99571,2024-11-05 20:30:00+00:00,-0.026319322201201034,short,17,1,100908,2024-11-19 18:30:00+00:00,2024-11,0,1,100909,100926,3119.35,3107.99,copied_horizon,0.003641784346097743,0.0016417843460977428,0.0016454261304438408
2024H2,v9_regime_stability|2024H2|99571|99572|short,99571,2024-11-05 20:30:00+00:00,-0.026319322201201034,short,17,2,101394,2024-11-24 20:00:00+00:00,2024-11,0,1,101395,101412,3333.89,3345.99,copied_horizon,-0.0036293938912201895,-0.0056293938912201896,-0.005633023285111409
2024H2,v9_regime_stability|2024H2|99590|99591|long,99590,2024-11-06 01:15:00+00:00,0.2656575036169935,long,809,0,99482,2024-11-04 22:00:00+00:00,2024-11,1,1,99483,100292,2394.35,3165.64,copied_horizon,0.32212917910915273,0.32012917910915273,0.31980704993004355
2024H2,v9_regime_stability|2024H2|99590|99591|long,99590,2024-11-06 01:15:00+00:00,0.2656575036169935,long,809,1,99483,2024-11-04 22:15:00+00:00,2024-11,1,1,99484,100293,2387.87,3159.4,copied_horizon,0.32310385406240716,0.32110385406240716,0.32078075020834473
2024H2,v9_regime_stability|2024H2|99590|99591|long,99590,2024-11-06 01:15:00+00:00,0.2656575036169935,long,809,2,101414,2024-11-25 01:00:00+00:00,2024-11,1,1,101415,101547,3334.42,3337.7544199999998,stop,0.0009999999999998899,-0.0010000000000001102,-0.0010010000000001099
2024H2,v9_regime_stability|2024H2|100399|100400|short,100399,2024-11-14 11:30:00+00:00,-0.0009999999999999992,short,21,0,101456,2024-11-25 11:30:00+00:00,2024-11,3,3,101457,101472,3468.23,3464.76177,stop,0.0010000000000000009,-0.0009999999999999992,-0.0009989999999999995
2024H2,v9_regime_stability|2024H2|100399|100400|short,100399,2024-11-14 11:30:00+00:00,-0.0009999999999999992,short,21,1,100115,2024-11-11 12:15:00+00:00,2024-11,3,3,100116,100128,3175.49,3260.4599999999996,stop,-0.0267580751317118,-0.028758075131711802,-0.02878483320684351
2024H2,v9_regime_stability|2024H2|100399|100400|short,100399,2024-11-14 11:30:00+00:00,-0.0009999999999999992,short,21,2,101662,2024-11-27 15:00:00+00:00,2024-11,3,3,101663,101683,3536.85,3624.9,stop,-0.02489503371644264,-0.02689503371644264,-0.02691992875015908
2024H2,v9_regime_stability|2024H2|101806|101807|long,101806,2024-11-29 03:15:00+00:00,-0.0010000000000001102,long,52,0,99499,2024-11-05 02:15:00+00:00,2024-11,1,1,99500,99552,2412.1,2447.49,copied_horizon,0.01467186269225973,0.01267186269225973,0.012657190829567469
2024H2,v9_regime_stability|2024H2|101806|101807|long,101806,2024-11-29 03:15:00+00:00,-0.0010000000000001102,long,52,1,101801,2024-11-29 01:45:00+00:00,2024-11,1,1,101802,101854,3566.44,3643.76,copied_horizon,0.021679882459819888,0.019679882459819886,0.01965820257736007
2024H2,v9_regime_stability|2024H2|101806|101807|long,101806,2024-11-29 03:15:00+00:00,-0.0010000000000001102,long,52,2,101425,2024-11-25 03:45:00+00:00,2024-11,1,1,101426,101470,3362.66,3366.0226599999996,stop,0.0009999999999998899,-0.0010000000000001102,-0.0010010000000001099
2024H2,v9_regime_stability|2024H2|101881|101882|long,101881,2024-11-29 22:00:00+00:00,-0.0010000000000001102,long,234,0,99375,2024-11-03 19:15:00+00:00,2024-11,0,0,99376,99453,2443.68,2446.1236799999997,stop,0.0009999999999998899,-0.0010000000000001102,-0.0010010000000001099
2024H2,v9_regime_stability|2024H2|101881|101882|long,101881,2024-11-29 22:00:00+00:00,-0.0010000000000001102,long,234,1,99560,2024-11-05 17:30:00+00:00,2024-11,0,0,99561,99569,2459.02,2406.02,stop,-0.021553301721824125,-0.023553301721824127,-0.023531748420102302
2024H2,v9_regime_stability|2024H2|101881|101882|long,101881,2024-11-29 22:00:00+00:00,-0.0010000000000001102,long,234,2,99463,2024-11-04 17:15:00+00:00,2024-11,0,0,99464,99479,2424.21,2377.56,stop,-0.01924338238023937,-0.021243382380239373,-0.021224138997859132
2024H2,v9_regime_stability|2024H2|102153|102154|short,102153,2024-12-02 18:00:00+00:00,-0.03012621759276124,short,50,0,102348,2024-12-04 18:30:00+00:00,2024-12,0,4,102349,102399,3806.67,3864.16,copied_horizon,-0.015102438614326807,-0.01710243861432681,-0.017117541052941134
2024H2,v9_regime_stability|2024H2|102153|102154|short,102153,2024-12-02 18:00:00+00:00,-0.03012621759276124,short,50,1,103795,2024-12-19 20:15:00+00:00,2024-12,0,4,103796,103846,3371.14,3279.04,copied_horizon,0.02732013502850661,0.025320135028506607,0.025347455163535114
2024H2,v9_regime_stability|2024H2|102153|102154|short,102153,2024-12-02 18:00:00+00:00,-0.03012621759276124,short,50,2,104184,2024-12-23 21:30:00+00:00,2024-12,0,4,104185,104235,3443.64,3392.48,copied_horizon,0.014856372907737114,0.012856372907737114,0.01287122928064485
2024H2,v9_regime_stability|2024H2|102213|102214|short,102213,2024-12-03 09:00:00+00:00,-0.0009999999999999992,short,47,0,103067,2024-12-12 06:15:00+00:00,2024-12,2,2,103068,103115,3928.01,3943.81,copied_horizon,-0.004022393018347614,-0.006022393018347614,-0.006026415411365962
2024H2,v9_regime_stability|2024H2|102213|102214|short,102213,2024-12-03 09:00:00+00:00,-0.0009999999999999992,short,47,1,104517,2024-12-27 08:45:00+00:00,2024-12,2,2,104518,104518,3359.09,3430.67,stop,-0.0213093427088884,-0.023309342708888403,-0.02333065205159729
2024H2,v9_regime_stability|2024H2|102213|102214|short,102213,2024-12-03 09:00:00+00:00,-0.0009999999999999992,short,47,2,103064,2024-12-12 05:30:00+00:00,2024-12,2,2,103065,103112,3941.76,3944.4,copied_horizon,-0.0006697515830491607,-0.0026697515830491608,-0.00267042133463221
2024H2,v9_regime_stability|2024H2|103155|103156|long,103155,2024-12-13 04:30:00+00:00,-0.02176731454296843,long,131,0,104210,2024-12-24 04:00:00+00:00,2024-12,2,2,104211,104342,3395.4,3486.5,copied_horizon,0.026830417623844083,0.02483041762384408,0.024803587206220237
2024H2,v9_regime_stability|2024H2|103155|103156|long,103155,2024-12-13 04:30:00+00:00,-0.02176731454296843,long,131,1,103541,2024-12-17 04:45:00+00:00,2024-12,2,2,103542,103583,4005.99,3934.06,stop,-0.017955611471820898,-0.0199556114718209,-0.01993765586034908
2024H2,v9_regime_stability|2024H2|103155|103156|long,103155,2024-12-13 04:30:00+00:00,-0.02176731454296843,long,131,2,103448,2024-12-16 05:30:00+00:00,2024-12,2,2,103449,103477,3968.7,3898.2599999999998,stop,-0.017748885025323125,-0.019748885025323126,-0.0197311361402978
2024H2,v9_regime_stability|2024H2|103425|103426|long,103425,2024-12-16 00:00:00+00:00,-0.0010000000000001102,long,9,0,103138,2024-12-13 00:00:00+00:00,2024-12,1,3,103139,103148,3878.7,3918.39,copied_horizon,0.010232809962100742,0.008232809962100742,0.00822257715213864
2024H2,v9_regime_stability|2024H2|103425|103426|long,103425,2024-12-16 00:00:00+00:00,-0.0010000000000001102,long,9,1,102284,2024-12-04 02:30:00+00:00,2024-12,1,3,102285,102294,3640.81,3674.91,copied_horizon,0.009366047665217314,0.007366047665217314,0.007356681617552097
2024H2,v9_regime_stability|2024H2|103425|103426|long,103425,2024-12-16 00:00:00+00:00,-0.0010000000000001102,long,9,2,103624,2024-12-18 01:30:00+00:00,2024-12,1,3,103625,103634,3873.41,3842.23,copied_horizon,-0.008049754608987936,-0.010049754608987936,-0.010041704854378948
2024H2,v9_regime_stability|2024H2|103534|103535|long,103534,2024-12-17 03:15:00+00:00,-0.022206216340592833,long,48,0,104284,2024-12-24 22:30:00+00:00,2024-12,1,2,104285,104333,3486.04,3514.32,copied_horizon,0.008112356714208735,0.006112356714208735,0.006104244357494526
2024H2,v9_regime_stability|2024H2|103534|103535|long,103534,2024-12-17 03:15:00+00:00,-0.022206216340592833,long,48,1,104868,2024-12-31 00:30:00+00:00,2024-12,1,2,104869,104917,3353.25,3393.54,copied_horizon,0.012015209125475268,0.010015209125475268,0.010003193916349793
2024H2,v9_regime_stability|2024H2|103534|103535|long,103534,2024-12-17 03:15:00+00:00,-0.022206216340592833,long,48,2,103917,2024-12-21 02:45:00+00:00,2024-12,1,2,103918,103942,3474.43,3477.9044299999996,stop,0.0009999999999998899,-0.0010000000000001102,-0.0010010000000001099
2024H2,v9_regime_stability|2024H2|103678|103679|short,103678,2024-12-18 15:15:00+00:00,0.08822119045022303,short,708,0,103093,2024-12-12 12:45:00+00:00,2024-12,3,2,103094,103198,3956.45,3952.4935499999997,stop,0.0010000000000000009,-0.0009999999999999992,-0.0009989999999999995
2024H2,v9_regime_stability|2024H2|103678|103679|short,103678,2024-12-18 15:15:00+00:00,0.08822119045022303,short,708,1,104145,2024-12-23 11:45:00+00:00,2024-12,3,2,104146,104165,3339.51,3336.1704900000004,stop,0.0009999999999998899,-0.0010000000000001102,-0.0009990000000001105
2024H2,v9_regime_stability|2024H2|103678|103679|short,103678,2024-12-18 15:15:00+00:00,0.08822119045022303,short,708,2,102801,2024-12-09 11:45:00+00:00,2024-12,3,2,102802,102813,3852.64,3930.17,stop,-0.020123863117239127,-0.02212386311723913,-0.022143986980356366
2024H2,v9_regime_stability|2024H2|104386|104387|long,104386,2024-12-26 00:15:00+00:00,-0.017504318489299453,long,15,0,102081,2024-12-01 23:45:00+00:00,2024-12,1,0,102082,102097,3708.99,3687.0,copied_horizon,-0.005928837769850981,-0.007928837769850981,-0.00792290893208113
2024H2,v9_regime_stability|2024H2|104386|104387|long,104386,2024-12-26 00:15:00+00:00,-0.017504318489299453,long,15,1,104584,2024-12-28 01:30:00+00:00,2024-12,1,0,104585,104600,3335.82,3352.86,copied_horizon,0.005108189290789156,0.0031081892907891557,0.0031030811014983667
2024H2,v9_regime_stability|2024H2|104386|104387|long,104386,2024-12-26 00:15:00+00:00,-0.017504318489299453,long,15,2,104575,2024-12-27 23:15:00+00:00,2024-12,1,0,104576,104591,3324.62,3340.58,copied_horizon,0.004800548634129598,0.0028005486341295977,0.002795748085495468
2024H2,v9_regime_stability|2024H2|104858|104859|short,104858,2024-12-30 22:15:00+00:00,-0.028032179039654048,short,60,0,103625,2024-12-18 01:45:00+00:00,2024-12,1,3,103626,103686,3845.21,3868.02,copied_horizon,-0.0059320557264752605,-0.00793205572647526,-0.007937987782201736
2024H2,v9_regime_stability|2024H2|104858|104859|short,104858,2024-12-30 22:15:00+00:00,-0.028032179039654048,short,60,1,104200,2024-12-24 01:30:00+00:00,2024-12,1,3,104201,104255,3388.77,3479.38,stop,-0.02673831508187341,-0.02873831508187341,-0.028765053396955283
2024H2,v9_regime_stability|2024H2|104858|104859|short,104858,2024-12-30 22:15:00+00:00,-0.028032179039654048,short,60,2,103516,2024-12-16 22:30:00+00:00,2024-12,1,3,103517,103536,4039.31,4035.27069,stop,0.0010000000000000009,-0.0009999999999999992,-0.0009989999999999995
2025H1,v9_regime_stability|2025H1|105031|105032|short,105031,2025-01-01 17:30:00+00:00,-0.014664073675340282,short,27,0,105410,2025-01-05 16:00:00+00:00,2025-01,0,0,105411,105438,3638.12,3644.66,copied_horizon,-0.0017976317438677114,-0.0037976317438677114,-0.003799429375611579
2025H1,v9_regime_stability|2025H1|105031|105032|short,105031,2025-01-01 17:30:00+00:00,-0.014664073675340282,short,27,1,106087,2025-01-12 17:15:00+00:00,2025-01,0,0,106088,106114,3283.96,3280.67604,stop,0.001000000000000112,-0.0009999999999998881,-0.000998999999999888
2025H1,v9_regime_stability|2025H1|105031|105032|short,105031,2025-01-01 17:30:00+00:00,-0.014664073675340282,short,27,2,106082,2025-01-12 16:00:00+00:00,2025-01,0,0,106083,106110,3274.38,3247.96,copied_horizon,0.008068703082721007,0.006068703082721007,0.0060767717858037276
2025H1,v9_regime_stability|2025H1|105202|105203|long,105202,2025-01-03 12:15:00+00:00,-0.0010000000000001102,long,397,0,107700,2025-01-29 12:30:00+00:00,2025-01,3,0,107701,107715,3118.77,3075.47,stop,-0.01388367850146055,-0.015883678501460552,-0.01586979482295909
2025H1,v9_regime_stability|2025H1|105202|105203|long,105202,2025-01-03 12:15:00+00:00,-0.0010000000000001102,long,397,1,107308,2025-01-25 10:30:00+00:00,2025-01,3,0,107309,107400,3289.01,3292.2990099999997,stop,0.0009999999999998899,-0.0010000000000001102,-0.0010010000000001099
2025H1,v9_regime_stability|2025H1|105202|105203|long,105202,2025-01-03 12:15:00+00:00,-0.0010000000000001102,long,397,2,107310,2025-01-25 11:00:00+00:00,2025-01,3,0,107311,107400,3293.85,3297.1438499999995,stop,0.0009999999999998899,-0.0010000000000001102,-0.0010010000000001099
2025H1,v9_regime_stability|2025H1|105763|105764|short,105763,2025-01-09 08:30:00+00:00,-0.0009999999999999992,short,27,0,106228,2025-01-14 04:30:00+00:00,2025-01,2,2,106229,106247,3168.99,3228.97,stop,-0.018927166068684276,-0.020927166068684278,-0.02094609323475296
2025H1,v9_regime_stability|2025H1|105763|105764|short,105763,2025-01-09 08:30:00+00:00,-0.0009999999999999992,short,27,1,106247,2025-01-14 09:15:00+00:00,2025-01,2,2,106248,106264,3234.91,3231.6750899999997,stop,0.0010000000000000009,-0.0009999999999999992,-0.0009989999999999995
2025H1,v9_regime_stability|2025H1|105763|105764|short,105763,2025-01-09 08:30:00+00:00,-0.0009999999999999992,short,27,2,106141,2025-01-13 06:45:00+00:00,2025-01,2,2,106142,106169,3191.57,3059.99,copied_horizon,0.0412273583220798,0.0392273583220798,0.039268585680401875
2025H1,v9_regime_stability|2025H1|105910|105911|short,105910,2025-01-10 21:15:00+00:00,-0.0010000000000001102,short,449,0,107913,2025-01-31 17:45:00+00:00,2025-01,0,3,107914,108363,3376.33,2773.74,copied_horizon,0.17847485287279385,0.17647485287279385,0.17665332772566664
2025H1,v9_regime_stability|2025H1|105910|105911|short,105910,2025-01-10 21:15:00+00:00,-0.0010000000000001102,short,449,1,105794,2025-01-09 16:00:00+00:00,2025-01,0,3,105795,105869,3319.34,3316.02066,stop,0.0010000000000000009,-0.0009999999999999992,-0.0009989999999999995
2025H1,v9_regime_stability|2025H1|105910|105911|short,105910,2025-01-10 21:15:00+00:00,-0.0010000000000001102,short,449,2,107637,2025-01-28 20:45:00+00:00,2025-01,0,3,107638,107646,3095.3,3092.2047000000002,stop,0.0010000000000000009,-0.0009999999999999992,-0.0009989999999999995
2025H1,v9_regime_stability|2025H1|106506|106507|long,106506,2025-01-17 02:15:00+00:00,-0.0010000000000001102,long,101,0,106600,2025-01-18 01:30:00+00:00,2025-01,1,2,106601,106608,3462.49,3403.04,stop,-0.017169724677905118,-0.01916972467790512,-0.019152554953227215
2025H1,v9_regime_stability|2025H1|106506|106507|long,106506,2025-01-17 02:15:00+00:00,-0.0010000000000001102,long,101,1,107661,2025-01-29 02:45:00+00:00,2025-01,1,2,107662,107700,3114.39,3117.5043899999996,stop,0.0009999999999998899,-0.0010000000000001102,-0.0010010000000001099
2025H1,v9_regime_stability|2025H1|106506|106507|long,106506,2025-01-17 02:15:00+00:00,-0.0010000000000001102,long,101,2,107081,2025-01-23 01:45:00+00:00,2025-01,1,2,107082,107134,3235.4,3238.6353999999997,stop,0.0009999999999998899,-0.0010000000000001102,-0.0010010000000001099
2025H1,v9_regime_stability|2025H1|106814|106815|long,106814,2025-01-20 07:15:00+00:00,-0.03199865843059713,long,19,0,107496,2025-01-27 09:30:00+00:00,2025-01,2,4,107497,107516,3070.0,3124.28,copied_horizon,0.01768078175895771,0.015680781758957707,0.01566310097719875
2025H1,v9_regime_stability|2025H1|106814|106815|long,106814,2025-01-20 07:15:00+00:00,-0.03199865843059713,long,19,1,106899,2025-01-21 04:15:00+00:00,2025-01,2,4,106900,106919,3254.04,3264.84,copied_horizon,0.0033189512114173425,0.0013189512114173425,0.0013156322602059251
2025H1,v9_regime_stability|2025H1|106814|106815|long,106814,2025-01-20 07:15:00+00:00,-0.03199865843059713,long,19,2,107489,2025-01-27 07:45:00+00:00,2025-01,2,4,107490,107509,3070.0,3102.96,copied_horizon,0.010736156351791593,0.008736156351791593,0.0087254201954398
2025H1,v9_regime_stability|2025H1|107435|107436|long,107435,2025-01-26 18:30:00+00:00,-0.01192771949777771,long,12,0,107448,2025-01-26 21:30:00+00:00,2025-01,0,0,107449,107454,3305.88,3268.29,stop,-0.011370648662383465,-0.013370648662383465,-0.013359278013721082
2025H1,v9_regime_stability|2025H1|107435|107436|long,107435,2025-01-26 18:30:00+00:00,-0.01192771949777771,long,12,1,107443,2025-01-26 20:15:00+00:00,2025-01,0,0,107444,107447,3341.01,3309.57,stop,-0.009410328014582414,-0.011410328014582414,-0.011400917686567832
2025H1,v9_regime_stability|2025H1|107435|107436|long,107435,2025-01-26 18:30:00+00:00,-0.01192771949777771,long,12,2,106083,2025-01-12 16:15:00+00:00,2025-01,0,0,106084,106096,3277.51,3281.28,copied_horizon,0.001150263462201373,-0.000849736537798627,-0.0008508868012608284
2025H1,v9_regime_stability|2025H1|107530|107531|short,107530,2025-01-27 18:15:00+00:00,-0.032002175246987896,short,11,0,106868,2025-01-20 20:30:00+00:00,2025-01,0,4,106869,106880,3336.78,3301.71,copied_horizon,0.010510132522971283,0.008510132522971283,0.008520642655494255
2025H1,v9_regime_stability|2025H1|107530|107531|short,107530,2025-01-27 18:15:00+00:00,-0.032002175246987896,short,11,1,107918,2025-01-31 19:00:00+00:00,2025-01,0,4,107919,107930,3325.28,3300.62,copied_horizon,0.007415916855122107,0.005415916855122107,0.005423332771977228
2025H1,v9_regime_stability|2025H1|107530|107531|short,107530,2025-01-27 18:15:00+00:00,-0.032002175246987896,short,11,2,106188,2025-01-13 18:30:00+00:00,2025-01,0,4,106189,106197,2999.71,3089.7,stop,-0.029999566624773655,-0.03199956662477366,-0.03202956619139843
2025H1,v9_regime_stability|2025H1|107605|107606|short,107605,2025-01-28 13:00:00+00:00,-0.0009999999999999992,short,125,0,107595,2025-01-28 10:15:00+00:00,2025-01,3,1,107596,107721,3202.31,3111.71,copied_horizon,0.028292076657163046,0.026292076657163044,0.02632036873382021
2025H1,v9_regime_stability|2025H1|107605|107606|short,107605,2025-01-28 13:00:00+00:00,-0.0009999999999999992,short,125,1,106255,2025-01-14 11:15:00+00:00,2025-01,3,1,106256,106360,3220.17,3278.09,stop,-0.01798662803516593,-0.019986628035165932,-0.020004614663201095
2025H1,v9_regime_stability|2025H1|107605|107606|short,107605,2025-01-28 13:00:00+00:00,-0.0009999999999999992,short,125,2,107115,2025-01-23 10:15:00+00:00,2025-01,3,1,107116,107132,3210.44,3263.4900000000002,stop,-0.01652421474938026,-0.018524214749380263,-0.018540738964129642
2025H1,v9_regime_stability|2025H1|107884|107885|long,107884,2025-01-31 10:45:00+00:00,-0.0010000000000001102,long,86,0,106346,2025-01-15 10:00:00+00:00,2025-01,3,1,106347,106433,3208.11,3384.27,copied_horizon,0.05491083535165564,0.05291083535165564,0.052855924516303984
2025H1,v9_regime_stability|2025H1|107884|107885|long,107884,2025-01-31 10:45:00+00:00,-0.0010000000000001102,long,86,1,107603,2025-01-28 12:15:00+00:00,2025-01,3,1,107604,107630,3183.23,3135.64,stop,-0.014950223515108885,-0.016950223515108886,-0.016935273291593778
2025H1,v9_regime_stability|2025H1|107884|107885|long,107884,2025-01-31 10:45:00+00:00,-0.0010000000000001102,long,86,2,107792,2025-01-30 11:30:00+00:00,2025-01,3,1,107793,107856,3219.09,3222.3090899999997,stop,0.0009999999999998899,-0.0010000000000001102,-0.0010010000000001099
2025H1,v9_regime_stability|2025H1|108249|108250|short,108249,2025-02-04 06:00:00+00:00,-0.03200185770016728,short,20,0,110551,2025-02-28 05:15:00+00:00,2025-02,2,4,110552,110558,2115.41,2113.29459,stop,0.0009999999999998899,-0.0010000000000001102,-0.0009990000000001105
2025H1,v9_regime_stability|2025H1|108249|108250|short,108249,2025-02-04 06:00:00+00:00,-0.03200185770016728,short,20,1,110280,2025-02-25 09:30:00+00:00,2025-02,2,4,110281,110301,2392.12,2379.37,copied_horizon,0.005330000167215743,0.0033300001672157426,0.0033353301673829583
2025H1,v9_regime_stability|2025H1|108249|108250|short,108249,2025-02-04 06:00:00+00:00,-0.03200185770016728,short,20,2,108255,2025-02-04 07:15:00+00:00,2025-02,2,4,108256,108276,2710.9,2792.23,stop,-0.030001106643550157,-0.03200110664355016,-0.03203110775019371
2025H1,v9_regime_stability|2025H1|108312|108313|short,108312,2025-02-04 21:45:00+00:00,-0.031999624159055884,short,8,0,109934,2025-02-21 19:00:00+00:00,2025-02,0,4,109935,109943,2678.01,2620.8,copied_horizon,0.021362877659157342,0.01936287765915734,0.019384240536816498
2025H1,v9_regime_stability|2025H1|108312|108313|short,108312,2025-02-04 21:45:00+00:00,-0.031999624159055884,short,8,1,108120,2025-02-02 21:30:00+00:00,2025-02,0,4,108121,108129,2909.49,2869.54,copied_horizon,0.013730928788206809,0.011730928788206809,0.011744659716995016
2025H1,v9_regime_stability|2025H1|108312|108313|short,108312,2025-02-04 21:45:00+00:00,-0.031999624159055884,short,8,2,110421,2025-02-26 20:45:00+00:00,2025-02,0,4,110422,110425,2339.6,2337.2604,stop,0.0009999999999998899,-0.0010000000000001102,-0.0009990000000001105
2025H1,v9_regime_stability|2025H1|108582|108583|short,108582,2025-02-07 17:15:00+00:00,-0.0009999999999999992,short,137,0,108584,2025-02-07 17:30:00+00:00,2025-02,0,3,108585,108720,2681.64,2678.95836,stop,0.0009999999999998899,-0.0010000000000001102,-0.0009990000000001105
2025H1,v9_regime_stability|2025H1|108582|108583|short,108582,2025-02-07 17:15:00+00:00,-0.0009999999999999992,short,137,1,110506,2025-02-27 18:00:00+00:00,2025-02,0,3,110507,110644,2329.59,2278.59,copied_horizon,0.021892264304019138,0.019892264304019136,0.019914156568323158
2025H1,v9_regime_stability|2025H1|108582|108583|short,108582,2025-02-07 17:15:00+00:00,-0.0009999999999999992,short,137,2,108500,2025-02-06 20:30:00+00:00,2025-02,0,3,108501,108514,2708.6,2705.8914,stop,0.0010000000000000009,-0.0009999999999999992,-0.0009989999999999995
2025H1,v9_regime_stability|2025H1|108900|108901|long,108900,2025-02-11 00:45:00+00:00,-0.022994826077161967,long,52,0,109665,2025-02-18 23:45:00+00:00,2025-02,1,1,109666,109718,2672.1,2711.44,copied_horizon,0.014722502900340606,0.012722502900340606,0.012707780397440265
2025H1,v9_regime_stability|2025H1|108900|108901|long,108900,2025-02-11 00:45:00+00:00,-0.022994826077161967,long,52,1,109968,2025-02-22 03:30:00+00:00,2025-02,1,1,109969,110021,2671.62,2774.15,copied_horizon,0.03837746386087848,0.03637746386087848,0.0363390863970176
2025H1,v9_regime_stability|2025H1|108900|108901|long,108900,2025-02-11 00:45:00+00:00,-0.022994826077161967,long,52,2,109182,2025-02-13 23:00:00+00:00,2025-02,1,1,109183,109235,2668.23,2687.61,copied_horizon,0.007263241924421848,0.005263241924421848,0.005255978682497426
2025H1,v9_regime_stability|2025H1|109633|109634|short,109633,2025-02-18 16:00:00+00:00,-0.0010000000000001102,short,30,0,108462,2025-02-06 11:00:00+00:00,2025-02,3,2,108463,108493,2820.99,2693.61,copied_horizon,0.04515436070315726,0.04315436070315726,0.04319951506386042
2025H1,v9_regime_stability|2025H1|109633|109634|short,109633,2025-02-18 16:00:00+00:00,-0.0010000000000001102,short,30,1,110190,2025-02-24 11:00:00+00:00,2025-02,3,2,110191,110210,2677.31,2674.63269,stop,0.0010000000000000009,-0.0009999999999999992,-0.0009989999999999995
2025H1,v9_regime_stability|2025H1|109633|109634|short,109633,2025-02-18 16:00:00+00:00,-0.0010000000000001102,short,30,2,108467,2025-02-06 12:15:00+00:00,2025-02,3,2,108468,108498,2794.0,2701.99,copied_horizon,0.03293128131710821,0.030931281317108206,0.030964212598425314
2025H1,v9_regime_stability|2025H1|109748|109749|long,109748,2025-02-19 20:45:00+00:00,-0.0010000000000001102,long,73,0,108882,2025-02-10 20:00:00+00:00,2025-02,0,1,108883,108907,2675.96,2678.6359599999996,stop,0.0009999999999998899,-0.0010000000000001102,-0.0010010000000001099
2025H1,v9_regime_stability|2025H1|109748|109749|long,109748,2025-02-19 20:45:00+00:00,-0.0010000000000001102,long,73,1,108884,2025-02-10 20:30:00+00:00,2025-02,0,1,108885,108907,2682.85,2685.5328499999996,stop,0.0009999999999998899,-0.0010000000000001102,-0.0010010000000001099
2025H1,v9_regime_stability|2025H1|109748|109749|long,109748,2025-02-19 20:45:00+00:00,-0.0010000000000001102,long,73,2,109733,2025-02-19 16:45:00+00:00,2025-02,0,1,109734,109807,2711.73,2741.15,copied_horizon,0.010849162711626947,0.008849162711626947,0.00883831354891532
2025H1,v9_regime_stability|2025H1|109839|109840|long,109839,2025-02-20 19:30:00+00:00,-0.0010000000000001102,long,56,0,109837,2025-02-20 18:45:00+00:00,2025-02,0,1,109838,109894,2737.38,2759.37,copied_horizon,0.008033228853867591,0.006033228853867591,0.006025195625013724
2025H1,v9_regime_stability|2025H1|109839|109840|long,109839,2025-02-20 19:30:00+00:00,-0.0010000000000001102,long,56,1,110119,2025-02-23 17:15:00+00:00,2025-02,0,1,110120,110148,2810.7,2813.5106999999994,stop,0.0009999999999998899,-0.0010000000000001102,-0.0010010000000001099
2025H1,v9_regime_stability|2025H1|109839|109840|long,109839,2025-02-20 19:30:00+00:00,-0.0010000000000001102,long,56,2,110123,2025-02-23 18:15:00+00:00,2025-02,0,1,110124,110158,2819.3,2768.15,stop,-0.018142801404604003,-0.020142801404604005,-0.0201246586031994
2025H1,v9_regime_stability|2025H1|110143|110144|long,110143,2025-02-23 23:30:00+00:00,-0.02240693196861232,long,14,0,109966,2025-02-22 03:00:00+00:00,2025-02,1,1,109967,109981,2675.92,2684.18,copied_horizon,0.0030867888427157375,0.0010867888427157375,0.0010837020538730217
2025H1,v9_regime_stability|2025H1|110143|110144|long,110143,2025-02-23 23:30:00+00:00,-0.02240693196861232,long,14,1,109193,2025-02-14 01:45:00+00:00,2025-02,1,1,109194,109208,2683.32,2692.82,copied_horizon,0.0035403902628088346,0.0015403902628088346,0.0015368498725460257
2025H1,v9_regime_stability|2025H1|110143|110144|long,110143,2025-02-23 23:30:00+00:00,-0.02240693196861232,long,14,2,109679,2025-02-19 03:15:00+00:00,2025-02,1,1,109680,109694,2685.72,2707.89,copied_horizon,0.008254769670702933,0.006254769670702933,0.00624651490103223
2025H1,v9_regime_stability|2025H1|110374|110375|short,110374,2025-02-26 09:15:00+00:00,-0.0009999999999998881,short,413,0,109303,2025-02-15 05:15:00+00:00,2025-02,2,0,109304,109401,2721.66,2718.9383399999997,stop,0.001000000000000112,-0.0009999999999998881,-0.000998999999999888
2025H1,v9_regime_stability|2025H1|110374|110375|short,110374,2025-02-26 09:15:00+00:00,-0.0009999999999998881,short,413,1,109790,2025-02-20 07:00:00+00:00,2025-02,2,0,109791,109818,2725.3,2762.75,stop,-0.013741606428649966,-0.015741606428649968,-0.015755348035078616
2025H1,v9_regime_stability|2025H1|110374|110375|short,110374,2025-02-26 09:15:00+00:00,-0.0009999999999998881,short,413,2,108932,2025-02-11 08:30:00+00:00,2025-02,2,0,108933,109083,2717.25,2714.53275,stop,0.0010000000000000009,-0.0009999999999999992,-0.0009989999999999995
2025H1,v9_regime_stability|2025H1|110788|110789|long,110788,2025-03-02 16:45:00+00:00,-0.031998793290696215,long,1,0,111174,2025-03-06 17:00:00+00:00,2025-03,0,4,111175,111176,2213.55,2191.55,copied_horizon,-0.009938786112805187,-0.011938786112805187,-0.01192884732669238
2025H1,v9_regime_stability|2025H1|110788|110789|long,110788,2025-03-02 16:45:00+00:00,-0.031998793290696215,long,1,1,111554,2025-03-10 16:00:00+00:00,2025-03,0,4,111555,111556,2015.0,2014.29,copied_horizon,-0.00035235732009930576,-0.002352357320099306,-0.0023520049627792066
2025H1,v9_regime_stability|2025H1|110788|110789|long,110788,2025-03-02 16:45:00+00:00,-0.031998793290696215,long,1,2,110807,2025-03-02 21:15:00+00:00,2025-03,0,4,110808,110809,2501.73,2524.98,copied_horizon,0.009293568850355483,0.0072935688503554825,0.007284275281505126
2025H1,v9_regime_stability|2025H1|111092|111093|long,111092,2025-03-05 20:45:00+00:00,-0.0010000000000001102,long,71,0,112422,2025-03-19 17:00:00+00:00,2025-03,0,3,112423,112490,2042.81,1993.04,stop,-0.02436349929753623,-0.02636349929753623,-0.026339135798238694
2025H1,v9_regime_stability|2025H1|111092|111093|long,111092,2025-03-05 20:45:00+00:00,-0.0010000000000001102,long,71,1,113572,2025-03-31 16:30:00+00:00,2025-03,0,3,113573,113644,1844.12,1876.03,copied_horizon,0.01730364618354563,0.015303646183545629,0.015286342537362083
2025H1,v9_regime_stability|2025H1|111092|111093|long,111092,2025-03-05 20:45:00+00:00,-0.0010000000000001102,long,71,2,111846,2025-03-13 17:00:00+00:00,2025-03,0,3,111847,111918,1857.11,1900.66,copied_horizon,0.023450414891955873,0.02145041489195587,0.021426964477063916
2025H1,v9_regime_stability|2025H1|111272|111273|short,111272,2025-03-07 17:45:00+00:00,-0.0009999999999998881,short,75,0,110884,2025-03-03 16:30:00+00:00,2025-03,0,4,110885,110960,2280.0,2105.63,copied_horizon,0.0764780701754385,0.0744780701754385,0.07455454824561394
2025H1,v9_regime_stability|2025H1|111272|111273|short,111272,2025-03-07 17:45:00+00:00,-0.0009999999999998881,short,75,1,111179,2025-03-06 18:15:00+00:00,2025-03,0,4,111180,111239,2199.41,2197.2105899999997,stop,0.001000000000000112,-0.0009999999999998881,-0.000998999999999888
2025H1,v9_regime_stability|2025H1|111272|111273|short,111272,2025-03-07 17:45:00+00:00,-0.0009999999999998881,short,75,2,110790,2025-03-02 17:00:00+00:00,2025-03,0,4,110791,110795,2443.0,2516.3,stop,-0.03000409332787557,-0.03200409332787557,-0.032034097421203445
2025H1,v9_regime_stability|2025H1|111550|111551|short,111550,2025-03-10 15:15:00+00:00,0.04762549124995685,short,463,0,111169,2025-03-06 15:45:00+00:00,2025-03,3,4,111170,111261,2257.33,2255.07267,stop,0.0010000000000000009,-0.0009999999999999992,-0.0009989999999999995
2025H1,v9_regime_stability|2025H1|111550|111551|short,111550,2025-03-10 15:15:00+00:00,0.04762549124995685,short,463,1,111262,2025-03-07 15:00:00+00:00,2025-03,3,4,111263,111265,2223.91,2221.6860899999997,stop,0.001000000000000112,-0.0009999999999998881,-0.000998999999999888
2025H1,v9_regime_stability|2025H1|111550|111551|short,111550,2025-03-10 15:15:00+00:00,0.04762549124995685,short,463,2,111533,2025-03-10 10:45:00+00:00,2025-03,3,4,111534,111997,2100.2,1929.02,copied_horizon,0.08150652318826768,0.07950652318826767,0.07958802971145594
2025H1,v9_regime_stability|2025H1|112013|112014|long,112013,2025-03-15 11:00:00+00:00,-0.0010000000000001102,long,56,0,112595,2025-03-21 12:15:00+00:00,2025-03,3,0,112596,112596,1971.75,1944.75,stop,-0.013693419551160102,-0.015693419551160104,-0.015679726131608944
2025H1,v9_regime_stability|2025H1|112013|112014|long,112013,2025-03-15 11:00:00+00:00,-0.0010000000000001102,long,56,1,113072,2025-03-26 11:30:00+00:00,2025-03,3,0,113073,113081,2067.51,2044.0600000000002,stop,-0.01134214586628357,-0.01334214586628357,-0.013330803720417287
2025H1,v9_regime_stability|2025H1|112013|112014|long,112013,2025-03-15 11:00:00+00:00,-0.0010000000000001102,long,56,2,111921,2025-03-14 11:45:00+00:00,2025-03,3,0,111922,111976,1902.5,1904.4024999999997,stop,0.0009999999999998899,-0.0010000000000001102,-0.0010010000000001099
2025H1,v9_regime_stability|2025H1|112851|112852|long,112851,2025-03-24 04:30:00+00:00,-0.0010000000000001102,long,231,0,111337,2025-03-08 09:45:00+00:00,2025-03,2,1,111338,111437,2129.91,2132.0399099999995,stop,0.0009999999999998899,-0.0010000000000001102,-0.0010010000000001099
2025H1,v9_regime_stability|2025H1|112851|112852|long,112851,2025-03-24 04:30:00+00:00,-0.0010000000000001102,long,231,1,112956,2025-03-25 06:30:00+00:00,2025-03,2,1,112957,113083,2053.7,2023.0199999999998,stop,-0.014938890782490222,-0.016938890782490224,-0.01692395189170773
2025H1,v9_regime_stability|2025H1|112851|112852|long,112851,2025-03-24 04:30:00+00:00,-0.0010000000000001102,long,231,2,112469,2025-03-20 04:45:00+00:00,2025-03,2,1,112470,112490,2021.28,1986.78,stop,-0.017068392305865543,-0.019068392305865545,-0.019051323913559678
2025H1,v9_regime_stability|2025H1|113173|113174|short,113173,2025-03-27 13:00:00+00:00,-0.0009999999999999992,short,6,0,113163,2025-03-27 10:15:00+00:00,2025-03,3,0,113164,113170,2032.3,2018.77,copied_horizon,0.006657481671013099,0.004657481671013099,0.004664139152684112
2025H1,v9_regime_stability|2025H1|113173|113174|short,113173,2025-03-27 13:00:00+00:00,-0.0009999999999999992,short,6,1,113067,2025-03-26 10:15:00+00:00,2025-03,3,0,113068,113074,2068.49,2066.54,copied_horizon,0.0009427166677140608,-0.0010572833322859392,-0.001056340615618225
2025H1,v9_regime_stability|2025H1|113173|113174|short,113173,2025-03-27 13:00:00+00:00,-0.0009999999999999992,short,6,2,113073,2025-03-26 11:45:00+00:00,2025-03,3,0,113074,113080,2068.6,2054.74,copied_horizon,0.006700183699120288,0.004700183699120288,0.004706883882819408
2025H1,v9_regime_stability|2025H1|113340|113341|short,113340,2025-03-29 06:45:00+00:00,-0.0009999999999999992,short,294,0,112481,2025-03-20 07:45:00+00:00,2025-03,2,0,112482,112507,2007.49,2005.48251,stop,0.0010000000000000009,-0.0009999999999999992,-0.0009989999999999995
2025H1,v9_regime_stability|2025H1|113340|113341|short,113340,2025-03-29 06:45:00+00:00,-0.0009999999999999992,short,294,1,112579,2025-03-21 08:15:00+00:00,2025-03,2,0,112580,112616,1971.79,1969.81821,stop,0.0010000000000000009,-0.0009999999999999992,-0.0009989999999999995
2025H1,v9_regime_stability|2025H1|113340|113341|short,113340,2025-03-29 06:45:00+00:00,-0.0009999999999999992,short,294,2,112485,2025-03-20 08:45:00+00:00,2025-03,2,0,112486,112769,2019.53,2017.51047,stop,0.0010000000000000009,-0.0009999999999999992,-0.0009989999999999995
2025H1,v9_regime_stability|2025H1|113760|113761|long,113760,2025-04-02 15:45:00+00:00,-0.0010000000000001102,long,18,0,114603,2025-04-11 10:15:00+00:00,2025-04,3,3,114604,114622,1567.83,1557.17,copied_horizon,-0.006799206546628023,-0.008799206546628023,-0.008792407340081396
2025H1,v9_regime_stability|2025H1|113760|113761|long,113760,2025-04-02 15:45:00+00:00,-0.0010000000000001102,long,18,1,115758,2025-04-23 11:00:00+00:00,2025-04,3,3,115759,115768,1802.19,1803.99219,stop,0.0009999999999998899,-0.0010000000000001102,-0.0010010000000001099
2025H1,v9_regime_stability|2025H1|113760|113761|long,113760,2025-04-02 15:45:00+00:00,-0.0010000000000001102,long,18,2,113839,2025-04-03 11:15:00+00:00,2025-04,3,3,113840,113845,1796.75,1755.41,stop,-0.023008209266731527,-0.02500820926673153,-0.024985201057464795
2025H1,v9_regime_stability|2025H1|113936|113937|short,113936,2025-04-04 11:45:00+00:00,-0.029134370579915192,short,13,0,114413,2025-04-09 10:45:00+00:00,2025-04,3,3,114414,114424,1486.8,1485.3132,stop,0.0009999999999998899,-0.0010000000000001102,-0.0009990000000001105
2025H1,v9_regime_stability|2025H1|113936|113937|short,113936,2025-04-04 11:45:00+00:00,-0.029134370579915192,short,13,1,114911,2025-04-14 15:15:00+00:00,2025-04,3,3,114912,114921,1651.46,1649.80854,stop,0.0010000000000000009,-0.0009999999999999992,-0.0009989999999999995
2025H1,v9_regime_stability|2025H1|113936|113937|short,113936,2025-04-04 11:45:00+00:00,-0.029134370579915192,short,13,2,113938,2025-04-04 12:00:00+00:00,2025-04,3,3,113939,113952,1781.11,1792.59,copied_horizon,-0.006445418868009201,-0.0084454188680092,-0.00845186428687721
2025H1,v9_regime_stability|2025H1|114026|114027|long,114026,2025-04-05 10:15:00+00:00,-0.011310475520864836,long,8,0,115566,2025-04-21 11:00:00+00:00,2025-04,3,0,115567,115575,1630.5,1627.42,copied_horizon,-0.001888991107022342,-0.003888991107022342,-0.00388710211591532
2025H1,v9_regime_stability|2025H1|114026|114027|long,114026,2025-04-05 10:15:00+00:00,-0.011310475520864836,long,8,1,115568,2025-04-21 11:30:00+00:00,2025-04,3,0,115569,115577,1625.42,1611.86,copied_horizon,-0.00834245917978138,-0.01034245917978138,-0.0103341167206016
2025H1,v9_regime_stability|2025H1|114026|114027|long,114026,2025-04-05 10:15:00+00:00,-0.011310475520864836,long,8,2,116426,2025-04-30 10:00:00+00:00,2025-04,3,0,116427,116435,1805.87,1795.99,copied_horizon,-0.005471047196088263,-0.0074710471960882634,-0.0074655761488921744
2025H1,v9_regime_stability|2025H1|114826|114827|long,114826,2025-04-13 18:15:00+00:00,-0.03200323863879395,long,5,0,115107,2025-04-16 16:15:00+00:00,2025-04,0,3,115108,115112,1584.93,1586.5149299999998,stop,0.0009999999999998899,-0.0010000000000001102,-0.0010010000000001099
2025H1,v9_regime_stability|2025H1|114826|114827|long,114826,2025-04-13 18:15:00+00:00,-0.03200323863879395,long,5,1,114633,2025-04-11 17:45:00+00:00,2025-04,0,3,114634,114639,1580.11,1568.07,copied_horizon,-0.007619722677535079,-0.009619722677535079,-0.009612102954857545
2025H1,v9_regime_stability|2025H1|114826|114827|long,114826,2025-04-13 18:15:00+00:00,-0.03200323863879395,long,5,2,114921,2025-04-14 17:45:00+00:00,2025-04,0,3,114922,114927,1648.4,1638.88,copied_horizon,-0.005775297257947121,-0.007775297257947121,-0.007769521960689174
2025H1,v9_regime_stability|2025H1|114966|114967|long,114966,2025-04-15 05:15:00+00:00,-0.021443192751275708,long,36,0,113726,2025-04-02 07:00:00+00:00,2025-04,2,1,113727,113747,1856.34,1858.1963399999997,stop,0.0009999999999998899,-0.0010000000000001102,-0.0010010000000001099
2025H1,v9_regime_stability|2025H1|114966|114967|long,114966,2025-04-15 05:15:00+00:00,-0.021443192751275708,long,36,1,116317,2025-04-29 06:45:00+00:00,2025-04,2,1,116318,116354,1820.11,1818.12,copied_horizon,-0.0010933405123866313,-0.0030933405123866314,-0.0030922471718742447
2025H1,v9_regime_stability|2025H1|114966|114967|long,114966,2025-04-15 05:15:00+00:00,-0.021443192751275708,long,36,2,114963,2025-04-15 04:15:00+00:00,2025-04,2,1,114964,115000,1632.86,1646.38,copied_horizon,0.008279950516272283,0.006279950516272283,0.006271670565756011
2025H1,v9_regime_stability|2025H1|115805|115806|long,115805,2025-04-23 23:00:00+00:00,-0.02235283420562406,long,19,0,115631,2025-04-22 03:15:00+00:00,2025-04,1,2,115632,115651,1577.41,1622.73,copied_horizon,0.028730640733861224,0.026730640733861222,0.026701910093127362
2025H1,v9_regime_stability|2025H1|115805|115806|long,115805,2025-04-23 23:00:00+00:00,-0.02235283420562406,long,19,1,114957,2025-04-15 02:45:00+00:00,2025-04,1,2,114958,114977,1632.0,1644.94,copied_horizon,0.007928921568627567,0.005928921568627567,0.005920992647058939
2025H1,v9_regime_stability|2025H1|115805|115806|long,115805,2025-04-23 23:00:00+00:00,-0.02235283420562406,long,19,2,114943,2025-04-14 23:15:00+00:00,2025-04,1,2,114944,114963,1624.49,1632.86,copied_horizon,0.005152386287388566,0.003152386287388566,0.0031472339011011778
2025H1,v9_regime_stability|2025H1|115929|115930|long,115929,2025-04-25 06:00:00+00:00,-0.0010000000000001102,long,19,0,115061,2025-04-16 04:45:00+00:00,2025-04,2,1,115062,115063,1587.19,1555.0700000000002,stop,-0.020237022662693116,-0.022237022662693118,-0.022216785640030424
2025H1,v9_regime_stability|2025H1|115929|115930|long,115929,2025-04-25 06:00:00+00:00,-0.0010000000000001102,long,19,1,116323,2025-04-29 08:15:00+00:00,2025-04,2,1,116324,116343,1820.81,1813.0,copied_horizon,-0.004289299817114345,-0.006289299817114345,-0.006285010517297231
2025H1,v9_regime_stability|2025H1|115929|115930|long,115929,2025-04-25 06:00:00+00:00,-0.0010000000000001102,long,19,2,113918,2025-04-04 07:00:00+00:00,2025-04,2,1,113919,113933,1815.52,1780.82,stop,-0.019112981404776574,-0.021112981404776576,-0.021093868423371798
2025H1,v9_regime_stability|2025H1|116008|116009|long,116008,2025-04-26 01:45:00+00:00,-0.0010000000000001102,long,27,0,115228,2025-04-17 22:30:00+00:00,2025-04,1,1,115229,115256,1586.04,1578.29,copied_horizon,-0.004886383697762953,-0.006886383697762953,-0.00688149731406519
2025H1,v9_regime_stability|2025H1|116008|116009|long,116008,2025-04-26 01:45:00+00:00,-0.0010000000000001102,long,27,1,115911,2025-04-25 01:15:00+00:00,2025-04,1,1,115912,115939,1767.97,1776.43,copied_horizon,0.0047851490692716325,0.0027851490692716325,0.002780363920202361
2025H1,v9_regime_stability|2025H1|116008|116009|long,116008,2025-04-26 01:45:00+00:00,-0.0010000000000001102,long,27,2,116302,2025-04-29 03:00:00+00:00,2025-04,1,1,116303,116330,1793.24,1835.47,copied_horizon,0.023549552764827952,0.02154955276482795,0.021526003212063126
2025H1,v9_regime_stability|2025H1|116862|116863|short,116862,2025-05-04 23:15:00+00:00,-0.0009999999999999992,short,26,0,116974,2025-05-06 03:00:00+00:00,2025-05,1,0,116975,117001,1798.49,1797.39,copied_horizon,0.0006116241958531443,-0.0013883758041468557,-0.0013877641799510025
2025H1,v9_regime_stability|2025H1|116862|116863|short,116862,2025-05-04 23:15:00+00:00,-0.0009999999999999992,short,26,1,116966,2025-05-06 01:00:00+00:00,2025-05,1,0,116967,116993,1815.86,1805.04,copied_horizon,0.005958609143876692,0.003958609143876692,0.003964567753020568
2025H1,v9_regime_stability|2025H1|116862|116863|short,116862,2025-05-04 23:15:00+00:00,-0.0009999999999999992,short,26,2,116670,2025-05-02 23:00:00+00:00,2025-05,1,0,116671,116697,1838.4,1832.38,copied_horizon,0.0032745865970409405,0.0012745865970409404,0.0012778611836379815
2025H1,v9_regime_stability|2025H1|116971|116972|short,116971,2025-05-06 02:30:00+00:00,-0.0009999999999999992,short,66,0,116975,2025-05-06 03:15:00+00:00,2025-05,1,0,116976,117042,1802.99,1785.37,copied_horizon,0.009772655422381815,0.007772655422381815,0.007782428077804196
2025H1,v9_regime_stability|2025H1|116971|116972|short,116971,2025-05-06 02:30:00+00:00,-0.0009999999999999992,short,66,1,116870,2025-05-05 01:00:00+00:00,2025-05,1,0,116871,116889,1811.99,1810.17801,stop,0.0010000000000000009,-0.0009999999999999992,-0.0009989999999999995
2025H1,v9_regime_stability|2025H1|116971|116972|short,116971,2025-05-06 02:30:00+00:00,-0.0009999999999999992,short,66,2,116875,2025-05-05 02:15:00+00:00,2025-05,1,0,116876,116896,1793.79,1824.99,stop,-0.01739334035756701,-0.019393340357567013,-0.01941073369792458
2025H1,v9_regime_stability|2025H1|117048|117049|short,117048,2025-05-06 21:45:00+00:00,-0.021207208631387475,short,3,0,116568,2025-05-01 21:30:00+00:00,2025-05,0,0,116569,116572,1847.55,1838.83,copied_horizon,0.00471976401179941,0.00271976401179941,0.0027244837758112093
2025H1,v9_regime_stability|2025H1|117048|117049|short,117048,2025-05-06 21:45:00+00:00,-0.021207208631387475,short,3,1,116834,2025-05-04 16:00:00+00:00,2025-05,0,0,116835,116838,1828.86,1828.43,copied_horizon,0.00023511914525975453,-0.0017648808547402455,-0.0017646457355949855
2025H1,v9_regime_stability|2025H1|117048|117049|short,117048,2025-05-06 21:45:00+00:00,-0.021207208631387475,short,3,2,116661,2025-05-02 20:45:00+00:00,2025-05,0,0,116662,116665,1845.65,1836.71,copied_horizon,0.0048438219597432,0.0028438219597431997,0.0028486657817029426
2025H1,v9_regime_stability|2025H1|117158|117159|long,117158,2025-05-08 01:15:00+00:00,0.3844122154139582,long,747,0,117072,2025-05-07 03:30:00+00:00,2025-05,1,1,117073,117129,1827.54,1792.04,stop,-0.019425019425019396,-0.021425019425019398,-0.021405594405594378
2025H1,v9_regime_stability|2025H1|117158|117159|long,117158,2025-05-08 01:15:00+00:00,0.3844122154139582,long,747,1,119262,2025-05-29 23:00:00+00:00,2025-05,1,1,119263,119269,2643.2,2596.1899999999996,stop,-0.017785260290556937,-0.01978526029055694,-0.01976747503026638
2025H1,v9_regime_stability|2025H1|117158|117159|long,117158,2025-05-08 01:15:00+00:00,0.3844122154139582,long,747,2,118978,2025-05-27 00:00:00+00:00,2025-05,1,1,118979,118983,2567.87,2528.65,stop,-0.015273358853835961,-0.017273358853835963,-0.017258085494982124
2025H1,v9_regime_stability|2025H1|117905|117906|short,117905,2025-05-15 20:00:00+00:00,-0.03200055344280961,short,45,0,117912,2025-05-15 21:30:00+00:00,2025-05,0,4,117913,117951,2532.85,2608.8399999999997,stop,-0.03000177665475645,-0.03200177665475645,-0.03203177843141121
2025H1,v9_regime_stability|2025H1|117905|117906|short,117905,2025-05-15 20:00:00+00:00,-0.03200055344280961,short,45,1,118480,2025-05-21 19:30:00+00:00,2025-05,0,4,118481,118495,2500.91,2575.94,stop,-0.03000107960702314,-0.03200107960702314,-0.032031080686630166
2025H1,v9_regime_stability|2025H1|117905|117906|short,117905,2025-05-15 20:00:00+00:00,-0.03200055344280961,short,45,2,118476,2025-05-21 18:30:00+00:00,2025-05,0,4,118477,118495,2494.29,2569.12,stop,-0.030000521190398866,-0.03200052119039887,-0.032030521711589266
2025H1,v9_regime_stability|2025H1|119123|119124|long,119123,2025-05-28 12:30:00+00:00,-0.018874192521579514,long,7,0,118732,2025-05-24 10:30:00+00:00,2025-05,3,1,118733,118740,2569.34,2556.49,copied_horizon,-0.005001284376532689,-0.007001284376532689,-0.006996283092156157
2025H1,v9_regime_stability|2025H1|119123|119124|long,119123,2025-05-28 12:30:00+00:00,-0.018874192521579514,long,7,1,119116,2025-05-28 10:30:00+00:00,2025-05,3,1,119117,119124,2635.18,2672.57,copied_horizon,0.014188784067881599,0.012188784067881599,0.012174595283813717
2025H1,v9_regime_stability|2025H1|119123|119124|long,119123,2025-05-28 12:30:00+00:00,-0.018874192521579514,long,7,2,118061,2025-05-17 10:45:00+00:00,2025-05,3,1,118062,118069,2484.83,2471.38,copied_horizon,-0.0054128451443357095,-0.0074128451443357096,-0.007407432299191373
2025H1,v9_regime_stability|2025H1|119166|119167|long,119166,2025-05-28 23:15:00+00:00,-0.0010000000000001102,long,53,0,117356,2025-05-10 02:30:00+00:00,2025-05,1,2,117357,117410,2342.56,2438.69,copied_horizon,0.04103630216515275,0.03903630216515275,0.0389952658629876
2025H1,v9_regime_stability|2025H1|119166|119167|long,119166,2025-05-28 23:15:00+00:00,-0.0010000000000001102,long,53,1,119178,2025-05-29 02:00:00+00:00,2025-05,1,2,119179,119189,2706.66,2709.3666599999997,stop,0.0009999999999998899,-0.0010000000000001102,-0.0010010000000001099
2025H1,v9_regime_stability|2025H1|119166|119167|long,119166,2025-05-28 23:15:00+00:00,-0.0010000000000001102,long,53,2,119168,2025-05-28 23:30:00+00:00,2025-05,1,2,119169,119220,2675.61,2678.28561,stop,0.0009999999999998899,-0.0010000000000001102,-0.0010010000000001099
2025H1,v9_regime_stability|2025H1|119567|119568|short,119567,2025-06-02 03:30:00+00:00,-0.018373190004412177,short,43,0,119550,2025-06-01 23:00:00+00:00,2025-06,1,1,119551,119594,2540.15,2488.12,copied_horizon,0.02048304234001941,0.018483042340019407,0.01850352538235943
2025H1,v9_regime_stability|2025H1|119567|119568|short,119567,2025-06-02 03:30:00+00:00,-0.018373190004412177,short,43,1,119756,2025-06-04 02:30:00+00:00,2025-06,1,1,119757,119800,2612.83,2619.17,copied_horizon,-0.0024264877546569252,-0.004426487754656925,-0.004428914242411582
2025H1,v9_regime_stability|2025H1|119567|119568|short,119567,2025-06-02 03:30:00+00:00,-0.018373190004412177,short,43,2,119854,2025-06-05 03:00:00+00:00,2025-06,1,1,119855,119891,2622.6,2619.9773999999998,stop,0.0010000000000000009,-0.0009999999999999992,-0.0009989999999999995
2025H1,v9_regime_stability|2025H1|119759|119760|long,119759,2025-06-04 03:30:00+00:00,-0.0010000000000001102,long,56,0,121383,2025-06-21 01:15:00+00:00,2025-06,1,2,121384,121440,2417.72,2418.4,copied_horizon,0.0002812567212084893,-0.0017187432787915107,-0.0017190245355127192
2025H1,v9_regime_stability|2025H1|119759|119760|long,119759,2025-06-04 03:30:00+00:00,-0.0010000000000001102,long,56,1,120890,2025-06-15 22:00:00+00:00,2025-06,1,2,120891,120947,2540.33,2608.94,copied_horizon,0.02700830207099081,0.025008302070990807,0.02498129376891982
2025H1,v9_regime_stability|2025H1|119759|119760|long,119759,2025-06-04 03:30:00+00:00,-0.0010000000000001102,long,56,2,119656,2025-06-03 01:30:00+00:00,2025-06,1,2,119657,119713,2637.01,2622.51,copied_horizon,-0.005498651882245409,-0.007498651882245409,-0.007493153230363163
2025H1,v9_regime_stability|2025H1|119861|119862|long,119861,2025-06-05 05:00:00+00:00,-0.014467670774380157,long,13,0,121417,2025-06-21 09:45:00+00:00,2025-06,2,0,121418,121431,2443.77,2441.24,copied_horizon,-0.0010352856447211067,-0.0030352856447211068,-0.003034250359076386
2025H1,v9_regime_stability|2025H1|119861|119862|long,119861,2025-06-05 05:00:00+00:00,-0.014467670774380157,long,13,1,121308,2025-06-20 06:30:00+00:00,2025-06,2,0,121309,121322,2521.0,2549.71,copied_horizon,0.011388337961126593,0.009388337961126593,0.009376949623165466
2025H1,v9_regime_stability|2025H1|119861|119862|long,119861,2025-06-05 05:00:00+00:00,-0.014467670774380157,long,13,2,119858,2025-06-05 04:00:00+00:00,2025-06,2,0,119859,119872,2624.51,2605.01,copied_horizon,-0.00742995835413085,-0.00942995835413085,-0.00942252839577672
2025H1,v9_regime_stability|2025H1|120030|120031|short,120030,2025-06-06 23:15:00+00:00,-0.018552756096574585,short,58,0,121863,2025-06-26 01:15:00+00:00,2025-06,1,1,121864,121869,2440.22,2482.16,stop,-0.017186974944882083,-0.019186974944882085,-0.019204161919826965
2025H1,v9_regime_stability|2025H1|120030|120031|short,120030,2025-06-06 23:15:00+00:00,-0.018552756096574585,short,58,1,121276,2025-06-19 22:30:00+00:00,2025-06,1,1,121277,121314,2526.41,2563.35,stop,-0.014621538071809326,-0.016621538071809328,-0.016636159609881136
2025H1,v9_regime_stability|2025H1|120030|120031|short,120030,2025-06-06 23:15:00+00:00,-0.018552756096574585,short,58,2,121862,2025-06-26 01:00:00+00:00,2025-06,1,1,121863,121864,2424.03,2461.21,stop,-0.015338094000486802,-0.017338094000486803,-0.017353432094487288
2025H1,v9_regime_stability|2025H1|120885|120886|short,120885,2025-06-15 21:00:00+00:00,-0.01944687994628036,short,4,0,119732,2025-06-03 20:30:00+00:00,2025-06,0,2,119733,119737,2615.09,2587.97,copied_horizon,0.010370579980039096,0.008370579980039096,0.008380950560019135
2025H1,v9_regime_stability|2025H1|120885|120886|short,120885,2025-06-15 21:00:00+00:00,-0.01944687994628036,short,4,1,120019,2025-06-06 20:15:00+00:00,2025-06,0,2,120020,120024,2493.57,2496.99,copied_horizon,-0.001371527568907016,-0.003371527568907016,-0.003372899096475923
2025H1,v9_regime_stability|2025H1|120885|120886|short,120885,2025-06-15 21:00:00+00:00,-0.01944687994628036,short,4,2,119733,2025-06-03 20:45:00+00:00,2025-06,0,2,119734,119738,2613.9,2595.12,copied_horizon,0.007184666590152711,0.005184666590152711,0.005191851256742864
2025H1,v9_regime_stability|2025H1|121134|121135|short,121134,2025-06-18 11:15:00+00:00,-0.0009999999999999992,short,10,0,120556,2025-06-12 10:30:00+00:00,2025-06,3,2,120557,120567,2741.5,2737.62,copied_horizon,0.0014152836038665573,-0.0005847163961334428,-0.0005833011125295764
2025H1,v9_regime_stability|2025H1|121134|121135|short,121134,2025-06-18 11:15:00+00:00,-0.0009999999999999992,short,10,1,120960,2025-06-16 15:30:00+00:00,2025-06,3,2,120961,120971,2639.45,2642.3,copied_horizon,-0.0010797704067135871,-0.003079770406713587,-0.0030808501771203006
2025H1,v9_regime_stability|2025H1|121134|121135|short,121134,2025-06-18 11:15:00+00:00,-0.0009999999999999992,short,10,2,121899,2025-06-26 10:15:00+00:00,2025-06,3,2,121900,121910,2458.79,2430.5,copied_horizon,0.011505659287698422,0.009505659287698422,0.00951716494698612
2025H1,v9_regime_stability|2025H1|121864|121865|long,121864,2025-06-26 01:45:00+00:00,-0.0010000000000001102,long,33,0,121866,2025-06-26 02:00:00+00:00,2025-06,1,2,121867,121880,2464.52,2466.9845199999995,stop,0.0009999999999998899,-0.0010000000000001102,-0.0010010000000001099
2025H1,v9_regime_stability|2025H1|121864|121865|long,121864,2025-06-26 01:45:00+00:00,-0.0010000000000001102,long,33,1,119758,2025-06-04 03:00:00+00:00,2025-06,1,2,119759,119792,2622.99,2627.82,copied_horizon,0.0018414099939383366,-0.00015859000606166344,-0.00016043141605560137
2025H1,v9_regime_stability|2025H1|121864|121865|long,121864,2025-06-26 01:45:00+00:00,-0.0010000000000001102,long,33,2,121777,2025-06-25 03:45:00+00:00,2025-06,1,2,121778,121811,2442.97,2416.8,copied_horizon,-0.010712370598083276,-0.012712370598083276,-0.012701658227485193
2025H1,v9_regime_stability|2025H1|122237|122238|long,122237,2025-06-29 23:00:00+00:00,-0.020573833487282145,long,31,0,122238,2025-06-29 23:00:00+00:00,2025-06,1,2,122239,122269,2506.22,2456.1899999999996,stop,-0.01996233371372036,-0.02196233371372036,-0.02194237138000664
2025H1,v9_regime_stability|2025H1|122237|122238|long,122237,2025-06-29 23:00:00+00:00,-0.020573833487282145,long,31,1,119744,2025-06-03 23:30:00+00:00,2025-06,1,2,119745,119776,2591.02,2623.97,copied_horizon,0.012716999482829117,0.010716999482829117,0.010704282483346287
2025H1,v9_regime_stability|2025H1|122237|122238|long,122237,2025-06-29 23:00:00+00:00,-0.020573833487282145,long,31,2,121773,2025-06-25 02:45:00+00:00,2025-06,1,2,121774,121805,2450.45,2425.11,copied_horizon,-0.01034095778326416,-0.01234095778326416,-0.012330616825480896
2025H1,v9_regime_stability|2025H1|122313|122314|long,122313,2025-06-30 18:00:00+00:00,-0.0031019195116165337,long,23,0,121059,2025-06-17 16:15:00+00:00,2025-06,0,3,121060,121083,2485.29,2514.34,copied_horizon,0.011688776762470487,0.009688776762470487,0.009677087985708016
2025H1,v9_regime_stability|2025H1|122313|122314|long,122313,2025-06-30 18:00:00+00:00,-0.0031019195116165337,long,23,1,120009,2025-06-06 17:45:00+00:00,2025-06,0,3,120010,120033,2498.6,2475.35,copied_horizon,-0.009305210918114093,-0.011305210918114093,-0.011295905707195979
2025H1,v9_regime_stability|2025H1|122313|122314|long,122313,2025-06-30 18:00:00+00:00,-0.0031019195116165337,long,23,2,121828,2025-06-25 16:30:00+00:00,2025-06,0,3,121829,121852,2408.72,2411.1287199999997,stop,0.0009999999999998899,-0.0010000000000001102,-0.0010010000000001099
2025H2,v9_regime_stability|2025H2|123017|123018|short,123017,2025-07-08 02:00:00+00:00,-0.014926955771202842,short,18,0,122630,2025-07-04 01:00:00+00:00,2025-07,1,0,122631,122649,2594.01,2567.79,copied_horizon,0.010107902436767846,0.008107902436767846,0.008118010339204614
2025H2,v9_regime_stability|2025H2|123017|123018|short,123017,2025-07-08 02:00:00+00:00,-0.014926955771202842,short,18,1,123103,2025-07-08 23:15:00+00:00,2025-07,1,0,123104,123122,2608.93,2590.0,copied_horizon,0.007255848182971536,0.005255848182971536,0.005263104031154507
2025H2,v9_regime_stability|2025H2|123017|123018|short,123017,2025-07-08 02:00:00+00:00,-0.014926955771202842,short,18,2,122343,2025-07-01 01:15:00+00:00,2025-07,1,0,122344,122362,2491.79,2457.6,copied_horizon,0.013721059960911663,0.011721059960911663,0.011734781020872574
2025H2,v9_regime_stability|2025H2|123129|123130|long,123129,2025-07-09 06:00:00+00:00,-0.0010000000000001102,long,35,0,123815,2025-07-16 09:15:00+00:00,2025-07,2,1,123816,123851,3163.77,3344.0,copied_horizon,0.05696684651539141,0.05496684651539141,0.05490987966887602
2025H2,v9_regime_stability|2025H2|123129|123130|long,123129,2025-07-09 06:00:00+00:00,-0.0010000000000001102,long,35,1,124771,2025-07-26 08:15:00+00:00,2025-07,2,1,124772,124799,3760.31,3714.67,stop,-0.012137297190923046,-0.014137297190923047,-0.014125159893732123
2025H2,v9_regime_stability|2025H2|123129|123130|long,123129,2025-07-09 06:00:00+00:00,-0.0010000000000001102,long,35,2,123715,2025-07-15 08:15:00+00:00,2025-07,2,1,123716,123741,2975.59,2978.5655899999997,stop,0.0009999999999998899,-0.0010000000000001102,-0.0010010000000001099
2025H2,v9_regime_stability|2025H2|123270|123271|long,123270,2025-07-10 17:15:00+00:00,0.26446562123039796,long,1300,0,124916,2025-07-27 20:30:00+00:00,2025-07,0,2,124917,124984,3823.5,3827.3234999999995,stop,0.0009999999999998899,-0.0010000000000001102,-0.0010010000000001099
2025H2,v9_regime_stability|2025H2|123270|123271|long,123270,2025-07-10 17:15:00+00:00,0.26446562123039796,long,1300,1,123379,2025-07-11 20:15:00+00:00,2025-07,0,2,123380,123387,2996.58,2929.54,stop,-0.02237217094153998,-0.024372170941539983,-0.02434979877059844
2025H2,v9_regime_stability|2025H2|123270|123271|long,123270,2025-07-10 17:15:00+00:00,0.26446562123039796,long,1300,2,123283,2025-07-10 20:15:00+00:00,2025-07,0,2,123284,124584,2822.56,3643.76,copied_horizon,0.29094155660109977,0.28894155660109977,0.2886506150444987
2025H2,v9_regime_stability|2025H2|124570|124571|short,124570,2025-07-24 06:15:00+00:00,-0.0009999999999999992,short,4,0,124086,2025-07-19 05:00:00+00:00,2025-07,2,3,124087,124091,3581.29,3568.5,copied_horizon,0.003571338819252312,0.001571338819252312,0.0015749101580715642
2025H2,v9_regime_stability|2025H2|124570|124571|short,124570,2025-07-24 06:15:00+00:00,-0.0009999999999999992,short,4,1,124278,2025-07-21 05:00:00+00:00,2025-07,2,3,124279,124283,3754.51,3804.0,copied_horizon,-0.01318148040623135,-0.01518148040623135,-0.015194661886637581
2025H2,v9_regime_stability|2025H2|124570|124571|short,124570,2025-07-24 06:15:00+00:00,-0.0009999999999999992,short,4,2,124294,2025-07-21 09:00:00+00:00,2025-07,2,3,124295,124299,3781.68,3773.97,copied_horizon,0.00203877641683059,3.8776416830589924e-05,4.0815193247420705e-05
2025H2,v9_regime_stability|2025H2|125914|125915|long,125914,2025-08-07 06:15:00+00:00,0.18633666218915312,long,881,0,126098,2025-08-09 04:00:00+00:00,2025-08,2,0,126099,126980,4055.56,4265.21,copied_horizon,0.05169446389647803,0.049694463896478025,0.04964276943258155
2025H2,v9_regime_stability|2025H2|125914|125915|long,125914,2025-08-07 06:15:00+00:00,0.18633666218915312,long,881,1,125833,2025-08-06 09:45:00+00:00,2025-08,2,0,125834,126715,3626.18,4544.8,copied_horizon,0.25332995052644947,0.25132995052644946,0.251076620575923
2025H2,v9_regime_stability|2025H2|125914|125915|long,125914,2025-08-07 06:15:00+00:00,0.18633666218915312,long,881,2,125928,2025-08-07 09:30:00+00:00,2025-08,2,0,125929,126810,3727.24,4398.24,copied_horizon,0.18002597095974493,0.17802597095974493,0.1778459449887852
2025H2,v9_regime_stability|2025H2|126795|126796|short,126795,2025-08-16 10:30:00+00:00,-0.021282161385186127,short,73,0,126323,2025-08-11 12:15:00+00:00,2025-08,3,2,126324,126329,4183.54,4267.83,stop,-0.020148008624275127,-0.02214800862427513,-0.0221681566328994
2025H2,v9_regime_stability|2025H2|126795|126796|short,126795,2025-08-16 10:30:00+00:00,-0.021282161385186127,short,73,1,125760,2025-08-05 15:30:00+00:00,2025-08,3,2,125761,125816,3560.55,3655.03,stop,-0.026535226299307713,-0.028535226299307714,-0.02856176152560702
2025H2,v9_regime_stability|2025H2|126795|126796|short,126795,2025-08-16 10:30:00+00:00,-0.021282161385186127,short,73,2,127756,2025-08-26 10:30:00+00:00,2025-08,3,2,127757,127764,4442.32,4531.23,stop,-0.02001431684345123,-0.02201431684345123,-0.02203433116029468
2025H2,v9_regime_stability|2025H2|127851|127852|long,127851,2025-08-27 10:30:00+00:00,-0.0010000000000001102,long,33,0,127285,2025-08-21 12:45:00+00:00,2025-08,3,2,127286,127292,4248.39,4252.63839,stop,0.0009999999999998899,-0.0010000000000001102,-0.0010010000000001099
2025H2,v9_regime_stability|2025H2|127851|127852|long,127851,2025-08-27 10:30:00+00:00,-0.0010000000000001102,long,33,1,126122,2025-08-09 10:00:00+00:00,2025-08,3,2,126123,126156,4237.99,4230.34,copied_horizon,-0.0018051010030697423,-0.0038051010030697423,-0.0038032959020666726
2025H2,v9_regime_stability|2025H2|127851|127852|long,127851,2025-08-27 10:30:00+00:00,-0.0010000000000001102,long,33,2,128044,2025-08-29 10:30:00+00:00,2025-08,3,2,128045,128056,4351.73,4356.081729999999,stop,0.0009999999999998899,-0.0010000000000001102,-0.0010010000000001099
2025H2,v9_regime_stability|2025H2|127969|127970|short,127969,2025-08-28 16:00:00+00:00,-0.0009999999999999992,short,24,0,126611,2025-08-14 12:15:00+00:00,2025-08,3,3,126612,126636,4715.46,4553.88,copied_horizon,0.03426601010293795,0.03226601010293795,0.032300276113040885
2025H2,v9_regime_stability|2025H2|127969|127970|short,127969,2025-08-28 16:00:00+00:00,-0.0009999999999999992,short,24,1,127872,2025-08-27 15:30:00+00:00,2025-08,3,3,127873,127897,4639.19,4525.79,copied_horizon,0.024443922322646805,0.022443922322646803,0.02246836624496945
2025H2,v9_regime_stability|2025H2|127969|127970|short,127969,2025-08-28 16:00:00+00:00,-0.0009999999999999992,short,24,2,126992,2025-08-18 11:30:00+00:00,2025-08,3,3,126993,127016,4264.91,4374.59,stop,-0.025716838104438366,-0.027716838104438368,-0.027742554942542803
2025H2,v9_regime_stability|2025H2|128105|128106|short,128105,2025-08-30 02:00:00+00:00,-0.02323602831157756,short,5,0,126384,2025-08-12 03:30:00+00:00,2025-08,1,2,126385,126390,4287.8,4300.74,copied_horizon,-0.0030178646392087227,-0.005017864639208723,-0.005020882503847931
2025H2,v9_regime_stability|2025H2|128105|128106|short,128105,2025-08-30 02:00:00+00:00,-0.02323602831157756,short,5,1,126377,2025-08-12 01:45:00+00:00,2025-08,1,2,126378,126383,4269.33,4286.56,copied_horizon,-0.004035762051656899,-0.006035762051656899,-0.006039797813708557
2025H2,v9_regime_stability|2025H2|128105|128106|short,128105,2025-08-30 02:00:00+00:00,-0.02323602831157756,short,5,2,128098,2025-08-30 00:00:00+00:00,2025-08,1,2,128099,128104,4347.25,4319.7,copied_horizon,0.006337339697509936,0.004337339697509936,0.004343677037207446
2025H2,v9_regime_stability|2025H2|128437|128438|short,128437,2025-09-02 13:00:00+00:00,-0.021963515599420003,short,3,0,130353,2025-09-22 11:45:00+00:00,2025-09,3,4,130354,130357,4179.24,4189.66,copied_horizon,-0.0024932762894689375,-0.004493276289468938,-0.004495769565758406
2025H2,v9_regime_stability|2025H2|128437|128438|short,128437,2025-09-02 13:00:00+00:00,-0.021963515599420003,short,3,1,130368,2025-09-22 15:30:00+00:00,2025-09,3,4,130369,130372,4169.17,4164.61,copied_horizon,0.0010937428792782145,-0.0009062571207217856,-0.0009051633778425073
2025H2,v9_regime_stability|2025H2|128437|128438|short,128437,2025-09-02 13:00:00+00:00,-0.021963515599420003,short,3,2,129695,2025-09-15 15:15:00+00:00,2025-09,3,4,129696,129699,4490.45,4491.73,copied_horizon,-0.0002850493825785616,-0.0022850493825785616,-0.0022853344319611404
2025H2,v9_regime_stability|2025H2|128512|128513|short,128512,2025-09-03 07:45:00+00:00,-0.01801002366699156,short,14,0,128502,2025-09-03 05:00:00+00:00,2025-09,2,3,128503,128517,4333.55,4316.47,copied_horizon,0.003941341394468667,0.001941341394468667,0.0019452827358631356
2025H2,v9_regime_stability|2025H2|128512|128513|short,128512,2025-09-03 07:45:00+00:00,-0.01801002366699156,short,14,1,128499,2025-09-03 04:15:00+00:00,2025-09,2,3,128500,128514,4327.8,4322.03,copied_horizon,0.0013332409076205476,-0.0006667590923794525,-0.0006654258514718317
2025H2,v9_regime_stability|2025H2|128512|128513|short,128512,2025-09-03 07:45:00+00:00,-0.01801002366699156,short,14,2,129461,2025-09-13 04:45:00+00:00,2025-09,2,3,129462,129476,4741.86,4724.24,copied_horizon,0.003715841463054592,0.0017158414630545921,0.0017195573045176468
2025H2,v9_regime_stability|2025H2|128793|128794|short,128793,2025-09-06 06:00:00+00:00,-0.011304914718535118,short,165,0,129079,2025-09-09 05:15:00+00:00,2025-09,2,0,129080,129084,4306.2,4352.04,stop,-0.010645116343876326,-0.012645116343876326,-0.012655761460220202
2025H2,v9_regime_stability|2025H2|128793|128794|short,128793,2025-09-06 06:00:00+00:00,-0.011304914718535118,short,165,1,128792,2025-09-06 05:30:00+00:00,2025-09,2,0,128793,128837,4294.45,4290.1555499999995,stop,0.001000000000000112,-0.0009999999999998881,-0.000998999999999888
2025H2,v9_regime_stability|2025H2|128793|128794|short,128793,2025-09-06 06:00:00+00:00,-0.011304914718535118,short,165,2,129187,2025-09-10 08:15:00+00:00,2025-09,2,0,129188,129204,4327.76,4373.04,stop,-0.010462687394864778,-0.012462687394864778,-0.012473150082259642
2025H2,v9_regime_stability|2025H2|129083|129084|long,129083,2025-09-09 06:30:00+00:00,-0.013524969616616865,long,32,0,129275,2025-09-11 06:15:00+00:00,2025-09,2,1,129276,129300,4425.51,4368.320000000001,stop,-0.012922804377348496,-0.014922804377348496,-0.014909881572971148
2025H2,v9_regime_stability|2025H2|129083|129084|long,129083,2025-09-09 06:30:00+00:00,-0.013524969616616865,long,32,1,129273,2025-09-11 05:45:00+00:00,2025-09,2,1,129274,129300,4417.5,4362.57,stop,-0.01243463497453312,-0.014434634974533121,-0.014422200339558587
2025H2,v9_regime_stability|2025H2|129083|129084|long,129083,2025-09-09 06:30:00+00:00,-0.013524969616616865,long,32,2,131101,2025-09-30 06:45:00+00:00,2025-09,2,1,131102,131113,4187.99,4136.8099999999995,stop,-0.012220659552673263,-0.014220659552673263,-0.01420843889312059
2025H2,v9_regime_stability|2025H2|129340|129341|long,129340,2025-09-11 22:45:00+00:00,0.023853577356080402,long,327,0,129649,2025-09-15 03:45:00+00:00,2025-09,1,1,129650,129666,4636.91,4580.0199999999995,stop,-0.01226894634573461,-0.01426894634573461,-0.014256677399388875
2025H2,v9_regime_stability|2025H2|129340|129341|long,129340,2025-09-11 22:45:00+00:00,0.023853577356080402,long,327,1,129837,2025-09-17 02:45:00+00:00,2025-09,1,1,129838,129845,4528.54,4474.49,stop,-0.011935414062810623,-0.013935414062810623,-0.013923478648747812
2025H2,v9_regime_stability|2025H2|129340|129341|long,129340,2025-09-11 22:45:00+00:00,0.023853577356080402,long,327,2,130028,2025-09-19 02:30:00+00:00,2025-09,1,1,130029,130034,4590.83,4539.98,stop,-0.011076428445401021,-0.013076428445401021,-0.01306535201695562
2025H2,v9_regime_stability|2025H2|129667|129668|short,129667,2025-09-15 08:30:00+00:00,-0.0010000000000001102,short,247,0,128708,2025-09-05 08:30:00+00:00,2025-09,2,3,128709,128724,4396.61,4468.349999999999,stop,-0.016317117051546592,-0.018317117051546594,-0.018333434168598138
2025H2,v9_regime_stability|2025H2|129667|129668|short,129667,2025-09-15 08:30:00+00:00,-0.0010000000000001102,short,247,1,130729,2025-09-26 09:45:00+00:00,2025-09,2,3,130730,130755,3913.39,3988.65,stop,-0.019231408063085986,-0.021231408063085988,-0.021250639471149073
2025H2,v9_regime_stability|2025H2|129667|129668|short,129667,2025-09-15 08:30:00+00:00,-0.0010000000000001102,short,247,2,130715,2025-09-26 06:15:00+00:00,2025-09,2,3,130716,130740,3938.9,3934.9611,stop,0.0010000000000000009,-0.0009999999999999992,-0.0009989999999999995
2025H2,v9_regime_stability|2025H2|130024|130025|long,130024,2025-09-19 01:45:00+00:00,-0.01297070062587302,long,7,0,128966,2025-09-08 01:00:00+00:00,2025-09,1,1,128967,128974,4292.19,4306.54,copied_horizon,0.0033432816347833683,0.0013432816347833682,0.0013399383531485852
2025H2,v9_regime_stability|2025H2|130024|130025|long,130024,2025-09-19 01:45:00+00:00,-0.01297070062587302,long,7,1,130993,2025-09-29 03:45:00+00:00,2025-09,1,1,130994,131001,4119.77,4112.43,copied_horizon,-0.0017816528592615732,-0.0037816528592615733,-0.0037798712064023117
2025H2,v9_regime_stability|2025H2|130024|130025|long,130024,2025-09-19 01:45:00+00:00,-0.01297070062587302,long,7,2,128976,2025-09-08 03:30:00+00:00,2025-09,1,1,128977,128984,4315.54,4288.16,copied_horizon,-0.0063445130852686216,-0.008344513085268622,-0.008338168572183353
2025H2,v9_regime_stability|2025H2|130300|130301|short,130300,2025-09-21 22:45:00+00:00,0.061553788430307455,short,858,0,130016,2025-09-18 23:30:00+00:00,2025-09,1,0,130017,130875,4584.01,4031.02,copied_horizon,0.12063455358954278,0.11863455358954278,0.11875518814313232
2025H2,v9_regime_stability|2025H2|130300|130301|short,130300,2025-09-21 22:45:00+00:00,0.061553788430307455,short,858,1,129156,2025-09-10 00:30:00+00:00,2025-09,1,0,129157,129203,4298.75,4345.85,stop,-0.010956673451584908,-0.012956673451584909,-0.012967630125036492
2025H2,v9_regime_stability|2025H2|130300|130301|short,130300,2025-09-21 22:45:00+00:00,0.061553788430307455,short,858,2,130129,2025-09-20 03:45:00+00:00,2025-09,1,0,130130,130175,4463.59,4499.5,stop,-0.00804509374740947,-0.01004509374740947,-0.01005313884115688
2025H2,v9_regime_stability|2025H2|131158|131159|long,131158,2025-09-30 21:15:00+00:00,0.06127188179489207,long,747,0,131043,2025-09-29 16:15:00+00:00,2025-09,0,3,131044,131110,4157.19,4161.3471899999995,stop,0.0009999999999998899,-0.0010000000000001102,-0.0010010000000001099
2025H2,v9_regime_stability|2025H2|131158|131159|long,131158,2025-09-30 21:15:00+00:00,0.06127188179489207,long,747,1,131044,2025-09-29 16:30:00+00:00,2025-09,0,3,131045,131110,4150.83,4154.9808299999995,stop,0.0009999999999998899,-0.0010000000000001102,-0.0010010000000001099
2025H2,v9_regime_stability|2025H2|131158|131159|long,131158,2025-09-30 21:15:00+00:00,0.06127188179489207,long,747,2,129420,2025-09-12 18:30:00+00:00,2025-09,0,3,129421,129509,4613.79,4618.403789999999,stop,0.0009999999999998899,-0.0010000000000001102,-0.0010010000000001099
2025H2,v9_regime_stability|2025H2|131905|131906|short,131905,2025-10-08 16:00:00+00:00,-0.02180859564818327,short,5,0,131710,2025-10-06 15:00:00+00:00,2025-10,3,3,131711,131716,4653.51,4680.46,copied_horizon,-0.005791327406624136,-0.007791327406624136,-0.00779711873403076
2025H2,v9_regime_stability|2025H2|131905|131906|short,131905,2025-10-08 16:00:00+00:00,-0.02180859564818327,short,5,1,131981,2025-10-09 10:45:00+00:00,2025-10,3,3,131982,131987,4351.99,4381.41,copied_horizon,-0.006760125827494967,-0.008760125827494967,-0.008766885953322461
2025H2,v9_regime_stability|2025H2|131905|131906|short,131905,2025-10-08 16:00:00+00:00,-0.02180859564818327,short,5,2,134014,2025-10-30 15:00:00+00:00,2025-10,3,3,134015,134020,3786.7,3777.77,copied_horizon,0.0023582538886101068,0.0003582538886101067,0.000360612142498717
2025H2,v9_regime_stability|2025H2|132062|132063|short,132062,2025-10-10 07:15:00+00:00,0.034610685187411394,short,329,0,132731,2025-10-17 06:15:00+00:00,2025-10,2,2,132732,132787,3864.53,3860.6654700000004,stop,0.0010000000000000009,-0.0009999999999999992,-0.0009989999999999995
2025H2,v9_regime_stability|2025H2|132062|132063|short,132062,2025-10-10 07:15:00+00:00,0.034610685187411394,short,329,1,133112,2025-10-21 05:30:00+00:00,2025-10,2,2,133113,133147,3864.39,3937.2999999999997,stop,-0.018867143326630975,-0.020867143326630977,-0.020886010469957604
2025H2,v9_regime_stability|2025H2|132062|132063|short,132062,2025-10-10 07:15:00+00:00,0.034610685187411394,short,329,2,131956,2025-10-09 04:30:00+00:00,2025-10,2,2,131957,132286,4444.44,4029.21,copied_horizon,0.09342684342684338,0.09142684342684337,0.09152027027027022
2025H2,v9_regime_stability|2025H2|132391|132392|long,132391,2025-10-13 17:30:00+00:00,-0.0010000000000001102,long,37,0,132119,2025-10-10 21:15:00+00:00,2025-10,0,4,132120,132157,3580.0,3777.64,copied_horizon,0.05520670391061455,0.05320670391061455,0.05315149720670394
2025H2,v9_regime_stability|2025H2|132391|132392|long,132391,2025-10-13 17:30:00+00:00,-0.0010000000000001102,long,37,1,134033,2025-10-30 19:45:00+00:00,2025-10,0,4,134034,134071,3684.36,3854.51,copied_horizon,0.04618169777111891,0.04418169777111891,0.04413551607334779
2025H2,v9_regime_stability|2025H2|132391|132392|long,132391,2025-10-13 17:30:00+00:00,-0.0010000000000001102,long,37,2,133938,2025-10-29 20:00:00+00:00,2025-10,0,4,133939,133952,3899.5,3903.3994999999995,stop,0.0009999999999998899,-0.0010000000000001102,-0.0010010000000001099
2025H2,v9_regime_stability|2025H2|132672|132673|short,132672,2025-10-16 15:45:00+00:00,-0.0009999999999999992,short,4,0,132670,2025-10-16 15:00:00+00:00,2025-10,3,4,132671,132675,4010.99,3877.56,copied_horizon,0.033266101386440705,0.0312661013864407,0.03129936748782715
2025H2,v9_regime_stability|2025H2|132672|132673|short,132672,2025-10-16 15:45:00+00:00,-0.0009999999999999992,short,4,1,132752,2025-10-17 11:30:00+00:00,2025-10,3,4,132753,132757,3780.66,3773.54,copied_horizon,0.001883269058841508,-0.00011673094115849207,-0.00011484767209965063
2025H2,v9_regime_stability|2025H2|132672|132673|short,132672,2025-10-16 15:45:00+00:00,-0.0009999999999999992,short,4,2,132000,2025-10-09 15:30:00+00:00,2025-10,3,4,132001,132005,4292.84,4275.08,copied_horizon,0.004137121346241668,0.002137121346241668,0.0021412584675879094
2025H2,v9_regime_stability|2025H2|132733|132734|short,132733,2025-10-17 07:00:00+00:00,-0.0009999999999999992,short,17,0,132631,2025-10-16 05:15:00+00:00,2025-10,2,2,132632,132649,3996.53,4027.92,copied_horizon,-0.007854313617062791,-0.009854313617062791,-0.009862167930679854
2025H2,v9_regime_stability|2025H2|132733|132734|short,132733,2025-10-17 07:00:00+00:00,-0.0009999999999999992,short,17,1,133703,2025-10-27 09:15:00+00:00,2025-10,2,2,133704,133721,4159.41,4175.62,copied_horizon,-0.003897187341473929,-0.005897187341473929,-0.005901084528815403
2025H2,v9_regime_stability|2025H2|132733|132734|short,132733,2025-10-17 07:00:00+00:00,-0.0009999999999999992,short,17,2,133704,2025-10-27 09:30:00+00:00,2025-10,2,2,133705,133722,4169.02,4147.76,copied_horizon,0.005099519791221918,0.003099519791221918,0.00310461931101314
2025H2,v9_regime_stability|2025H2|133012|133013|long,133012,2025-10-20 04:45:00+00:00,-0.023712704036285226,long,45,0,132348,2025-10-13 06:30:00+00:00,2025-10,2,3,132349,132367,4152.44,4060.8999999999996,stop,-0.022044870004142125,-0.024044870004142127,-0.024022825134137983
2025H2,v9_regime_stability|2025H2|133012|133013|long,133012,2025-10-20 04:45:00+00:00,-0.023712704036285226,long,45,1,131206,2025-10-01 09:00:00+00:00,2025-10,2,3,131207,131252,4284.99,4325.91,copied_horizon,0.009549613884746622,0.007549613884746622,0.007540064270861875
2025H2,v9_regime_stability|2025H2|133012|133013|long,133012,2025-10-20 04:45:00+00:00,-0.023712704036285226,long,45,2,132738,2025-10-17 08:00:00+00:00,2025-10,2,3,132739,132760,3741.01,3744.75101,stop,0.0009999999999998899,-0.0010000000000001102,-0.0010010000000001099
2025H2,v9_regime_stability|2025H2|133735|133736|long,133735,2025-10-27 17:30:00+00:00,-0.021030845392231545,long,15,0,132022,2025-10-09 21:00:00+00:00,2025-10,0,2,132023,132038,4353.71,4385.18,copied_horizon,0.007228317917362448,0.005228317917362448,0.0052210895994450855
2025H2,v9_regime_stability|2025H2|133735|133736|long,133735,2025-10-27 17:30:00+00:00,-0.021030845392231545,long,15,1,132963,2025-10-19 16:15:00+00:00,2025-10,0,2,132964,132979,3967.55,3982.9,copied_horizon,0.0038688863404368057,0.0018688863404368056,0.0018650174540963686
2025H2,v9_regime_stability|2025H2|133735|133736|long,133735,2025-10-27 17:30:00+00:00,-0.021030845392231545,long,15,2,132025,2025-10-09 21:45:00+00:00,2025-10,0,2,132026,132041,4355.85,4371.59,copied_horizon,0.0036135312281184717,0.0016135312281184717,0.0016099176968903534
2025H2,v9_regime_stability|2025H2|133841|133842|short,133841,2025-10-28 20:00:00+00:00,-0.0009999999999999992,short,38,0,134136,2025-10-31 21:30:00+00:00,2025-10,0,3,134137,134175,3856.16,3862.9,copied_horizon,-0.001747852786191606,-0.003747852786191606,-0.003749600638977798
2025H2,v9_regime_stability|2025H2|133841|133842|short,133841,2025-10-28 20:00:00+00:00,-0.0009999999999999992,short,38,1,131917,2025-10-08 18:45:00+00:00,2025-10,0,3,131918,131956,4520.91,4444.44,copied_horizon,0.016914736192492286,0.014914736192492286,0.014931650928684778
2025H2,v9_regime_stability|2025H2|133841|133842|short,133841,2025-10-28 20:00:00+00:00,-0.0009999999999999992,short,38,2,134020,2025-10-30 16:30:00+00:00,2025-10,0,3,134021,134041,3777.77,3773.99223,stop,0.0010000000000000009,-0.0009999999999999992,-0.0009989999999999995
2025H2,v9_regime_stability|2025H2|133994|133995|short,133994,2025-10-30 10:15:00+00:00,-0.0009999999999999992,short,102,0,131216,2025-10-01 11:30:00+00:00,2025-10,3,2,131217,131266,4292.38,4364.59,stop,-0.01682283488414349,-0.01882283488414349,-0.018839657719027632
2025H2,v9_regime_stability|2025H2|133994|133995|short,133994,2025-10-30 10:15:00+00:00,-0.0009999999999999992,short,102,1,134112,2025-10-31 15:30:00+00:00,2025-10,3,2,134113,134124,3865.94,3862.07406,stop,0.0010000000000000009,-0.0009999999999999992,-0.0009989999999999995
2025H2,v9_regime_stability|2025H2|133994|133995|short,133994,2025-10-30 10:15:00+00:00,-0.0009999999999999992,short,102,2,133235,2025-10-22 12:15:00+00:00,2025-10,3,2,133236,133245,3843.09,3839.2469100000003,stop,0.0010000000000000009,-0.0009999999999999992,-0.0009989999999999995
2025H2,v9_regime_stability|2025H2|134121|134122|short,134121,2025-10-31 18:00:00+00:00,-0.02418627164004339,short,139,0,131907,2025-10-08 16:15:00+00:00,2025-10,0,2,131908,131912,4461.4,4545.69,stop,-0.018893172546734283,-0.020893172546734284,-0.020912065719281017
2025H2,v9_regime_stability|2025H2|134121|134122|short,134121,2025-10-31 18:00:00+00:00,-0.02418627164004339,short,139,1,133452,2025-10-24 18:30:00+00:00,2025-10,0,2,133453,133592,3908.0,3943.1,copied_horizon,-0.00898157625383833,-0.01098157625383833,-0.010990557830092168
2025H2,v9_regime_stability|2025H2|134121|134122|short,134121,2025-10-31 18:00:00+00:00,-0.02418627164004339,short,139,2,133743,2025-10-27 19:15:00+00:00,2025-10,0,2,133744,133883,4211.06,4024.97,copied_horizon,0.044190773819418494,0.04219077381941849,0.04223496459323791
2025H2,v9_regime_stability|2025H2|134347|134348|short,134347,2025-11-03 02:30:00+00:00,0.256246961576701,short,1993,0,135216,2025-11-12 03:30:00+00:00,2025-11,1,1,135217,135243,3440.5,3504.64,stop,-0.018642639151286167,-0.02064263915128617,-0.02066128179043745
2025H2,v9_regime_stability|2025H2|134347|134348|short,134347,2025-11-03 02:30:00+00:00,0.256246961576701,short,1993,1,136450,2025-11-25 00:00:00+00:00,2025-11,1,1,136451,136516,2938.22,2935.28178,stop,0.0010000000000000009,-0.0009999999999999992,-0.0009989999999999995
2025H2,v9_regime_stability|2025H2|134347|134348|short,134347,2025-11-03 02:30:00+00:00,0.256246961576701,short,1993,2,134833,2025-11-08 03:45:00+00:00,2025-11,1,1,134834,134963,3451.87,3448.41813,stop,0.0010000000000000009,-0.0009999999999999992,-0.0009989999999999995
2025H2,v9_regime_stability|2025H2|136340|136341|long,136340,2025-11-23 20:45:00+00:00,-0.02173072284682609,long,14,0,134306,2025-11-02 16:00:00+00:00,2025-11,0,0,134307,134321,3845.53,3854.41,copied_horizon,0.0023091745481116366,0.00030917454811163654,0.0003068653735635251
2025H2,v9_regime_stability|2025H2|136340|136341|long,136340,2025-11-23 20:45:00+00:00,-0.02173072284682609,long,14,1,136715,2025-11-27 18:15:00+00:00,2025-11,0,0,136716,136730,3021.36,3029.47,copied_horizon,0.002684221675007148,0.0006842216750071479,0.0006815374533321408
2025H2,v9_regime_stability|2025H2|136340|136341|long,136340,2025-11-23 20:45:00+00:00,-0.02173072284682609,long,14,2,137014,2025-11-30 21:00:00+00:00,2025-11,0,0,137015,137026,3019.14,2983.58,stop,-0.011778188490762287,-0.013778188490762287,-0.013766410302271525
2025H2,v9_regime_stability|2025H2|137704|137705|long,137704,2025-12-08 01:45:00+00:00,-0.0010000000000001102,long,53,0,137699,2025-12-08 00:15:00+00:00,2025-12,1,4,137700,137753,3055.16,3144.5,copied_horizon,0.029242331007214073,0.02724233100721407,0.027213088676206858
2025H2,v9_regime_stability|2025H2|137704|137705|long,137704,2025-12-08 01:45:00+00:00,-0.0010000000000001102,long,53,1,137986,2025-12-11 00:00:00+00:00,2025-12,1,4,137987,137995,3322.3,3222.75,stop,-0.029964181440568338,-0.03196418144056834,-0.03193421725912777
2025H2,v9_regime_stability|2025H2|137704|137705|long,137704,2025-12-08 01:45:00+00:00,-0.0010000000000001102,long,53,2,138087,2025-12-12 01:15:00+00:00,2025-12,1,4,138088,138141,3231.87,3230.01,copied_horizon,-0.0005755181984422597,-0.0025755181984422598,-0.002574942680243817
2025H2,v9_regime_stability|2025H2|138582|138583|short,138582,2025-12-17 05:15:00+00:00,-0.017501311387068785,short,38,0,139262,2025-12-24 07:00:00+00:00,2025-12,2,1,139263,139298,2935.17,2932.23483,stop,0.001000000000000112,-0.0009999999999998881,-0.000998999999999888
2025H2,v9_regime_stability|2025H2|138582|138583|short,138582,2025-12-17 05:15:00+00:00,-0.017501311387068785,short,38,1,137441,2025-12-05 07:45:00+00:00,2025-12,2,1,137442,137480,3172.21,3017.59,copied_horizon,0.0487420441900126,0.0467420441900126,0.046790786234202617
2025H2,v9_regime_stability|2025H2|138582|138583|short,138582,2025-12-17 05:15:00+00:00,-0.017501311387068785,short,38,2,138683,2025-12-18 06:15:00+00:00,2025-12,2,1,138684,138708,2825.95,2864.46,stop,-0.013627275783364867,-0.01562727578336487,-0.015640903059148233
2025H2,v9_regime_stability|2025H2|138629|138630|short,138629,2025-12-17 17:00:00+00:00,-0.0009999999999999992,short,70,0,138052,2025-12-11 16:30:00+00:00,2025-12,0,4,138053,138072,3186.91,3271.1,stop,-0.02641743883573744,-0.02841743883573744,-0.028443856274573177
2025H2,v9_regime_stability|2025H2|138629|138630|short,138629,2025-12-17 17:00:00+00:00,-0.0009999999999999992,short,70,1,137399,2025-12-04 21:15:00+00:00,2025-12,0,4,137400,137470,3129.43,3126.30057,stop,0.0010000000000000009,-0.0009999999999999992,-0.0009989999999999995
2025H2,v9_regime_stability|2025H2|138629|138630|short,138629,2025-12-17 17:00:00+00:00,-0.0009999999999999992,short,70,2,138538,2025-12-16 18:00:00+00:00,2025-12,0,4,138539,138609,2929.37,2927.75,copied_horizon,0.0005530199326134744,-0.0014469800673865257,-0.0014464270474539125
2025H2,v9_regime_stability|2025H2|139022|139023|long,139022,2025-12-21 19:15:00+00:00,-0.0010000000000001102,long,27,0,139017,2025-12-21 17:45:00+00:00,2025-12,0,1,139018,139045,2982.44,3021.01,copied_horizon,0.012932364104558669,0.010932364104558669,0.01091943174045411
2025H2,v9_regime_stability|2025H2|139022|139023|long,139022,2025-12-21 19:15:00+00:00,-0.0010000000000001102,long,27,1,139797,2025-12-29 20:45:00+00:00,2025-12,0,1,139798,139825,2928.0,2950.14,copied_horizon,0.007561475409836094,0.005561475409836094,0.0055539139344262575
2025H2,v9_regime_stability|2025H2|139022|139023|long,139022,2025-12-21 19:15:00+00:00,-0.0010000000000001102,long,27,2,139801,2025-12-29 21:45:00+00:00,2025-12,0,1,139802,139829,2935.62,2944.26,copied_horizon,0.0029431602182845573,0.0009431602182845573,0.0009402170580662728
2025H2,v9_regime_stability|2025H2|139248|139249|short,139248,2025-12-24 03:45:00+00:00,-0.0009999999999999992,short,51,0,137519,2025-12-06 03:15:00+00:00,2025-12,1,2,137520,137571,3033.7,3052.73,copied_horizon,-0.0062728681148434,-0.0082728681148434,-0.008279140982958243
2025H2,v9_regime_stability|2025H2|139248|139249|short,139248,2025-12-24 03:45:00+00:00,-0.0009999999999999992,short,51,1,138672,2025-12-18 03:30:00+00:00,2025-12,1,2,138673,138710,2828.0,2877.34,stop,-0.017446958981612415,-0.019446958981612417,-0.019464405940594027
2025H2,v9_regime_stability|2025H2|139248|139249|short,139248,2025-12-24 03:45:00+00:00,-0.0009999999999999992,short,51,2,138559,2025-12-16 23:15:00+00:00,2025-12,1,2,138560,138611,2952.0,2924.89,copied_horizon,0.009183604336043372,0.007183604336043372,0.007192787940379415
2025H2,v9_regime_stability|2025H2|139423|139424|short,139423,2025-12-25 23:30:00+00:00,-0.013957649847403662,short,10,0,139518,2025-12-26 23:00:00+00:00,2025-12,1,0,139519,139529,2928.48,2926.49,copied_horizon,0.0006795334098236294,-0.0013204665901763706,-0.001319787056766547
2025H2,v9_regime_stability|2025H2|139423|139424|short,139423,2025-12-25 23:30:00+00:00,-0.013957649847403662,short,10,1,139344,2025-12-25 03:30:00+00:00,2025-12,1,0,139345,139355,2944.0,2938.21,copied_horizon,0.0019667119565217606,-3.328804347823948e-05,-3.132133152171802e-05
2025H2,v9_regime_stability|2025H2|139423|139424|short,139423,2025-12-25 23:30:00+00:00,-0.013957649847403662,short,10,2,139418,2025-12-25 22:00:00+00:00,2025-12,1,0,139419,139429,2938.75,2902.99,copied_horizon,0.012168438962143813,0.010168438962143813,0.010180607401105957
2025H2,v9_regime_stability|2025H2|139713|139714|long,139713,2025-12-29 00:00:00+00:00,-0.0010000000000001102,long,48,0,139900,2025-12-30 22:30:00+00:00,2025-12,1,0,139901,139949,2965.23,2979.54,copied_horizon,0.004825932558351287,0.002825932558351287,0.0028211066257929356
2025H2,v9_regime_stability|2025H2|139713|139714|long,139713,2025-12-29 00:00:00+00:00,-0.0010000000000001102,long,48,1,139421,2025-12-25 22:45:00+00:00,2025-12,1,0,139422,139470,2920.05,2968.0,copied_horizon,0.016420951696032526,0.014420951696032526,0.014404530744336494
2025H2,v9_regime_stability|2025H2|139713|139714|long,139713,2025-12-29 00:00:00+00:00,-0.0010000000000001102,long,48,2,139707,2025-12-28 22:15:00+00:00,2025-12,1,0,139708,139756,2940.42,2972.09,copied_horizon,0.010770570190653084,0.008770570190653084,0.00875979962046243
2025H2,v9_regime_stability|2025H2|139917|139918|long,139917,2025-12-31 03:00:00+00:00,-0.0010000000000001102,long,47,0,139812,2025-12-30 00:30:00+00:00,2025-12,1,0,139813,139860,2934.0,2977.41,copied_horizon,0.014795501022494939,0.012795501022494939,0.012780705521472445
2025H2,v9_regime_stability|2025H2|139917|139918|long,139917,2025-12-31 03:00:00+00:00,-0.0010000000000001102,long,47,1,139519,2025-12-26 23:15:00+00:00,2025-12,1,0,139520,139567,2926.46,2926.71,copied_horizon,8.54274447625869e-05,-0.0019145725552374131,-0.0019146579826821758
2025H2,v9_regime_stability|2025H2|139917|139918|long,139917,2025-12-31 03:00:00+00:00,-0.0010000000000001102,long,47,2,139813,2025-12-30 00:45:00+00:00,2025-12,1,0,139814,139861,2936.6,2979.64,copied_horizon,0.014656405366750613,0.012656405366750613,0.012641748961383863
2026M1M2,v9_regime_stability|2026M1M2|140376|140377|long,140376,2026-01-04 21:45:00+00:00,-0.0010000000000001102,long,35,0,140066,2026-01-01 16:00:00+00:00,2026-01,0,0,140067,140102,2983.11,3003.53,copied_horizon,0.006845205171783775,0.004845205171783775,0.0048383599666119905
2026M1M2,v9_regime_stability|2026M1M2|140376|140377|long,140376,2026-01-04 21:45:00+00:00,-0.0010000000000001102,long,35,1,140366,2026-01-04 19:00:00+00:00,2026-01,0,0,140367,140402,3125.5,3173.31,copied_horizon,0.015296752519596835,0.013296752519596835,0.013281455767077238
2026M1M2,v9_regime_stability|2026M1M2|140376|140377|long,140376,2026-01-04 21:45:00+00:00,-0.0010000000000001102,long,35,2,141808,2026-01-19 19:30:00+00:00,2026-01,0,0,141809,141821,3216.72,3187.1899999999996,stop,-0.00918015867094435,-0.01118015867094435,-0.011170978512273406
2026M1M2,v9_regime_stability|2026M1M2|140452|140453|long,140452,2026-01-05 16:45:00+00:00,-0.0010000000000001102,long,101,0,140854,2026-01-09 21:00:00+00:00,2026-01,0,3,140855,140956,3076.26,3086.35,copied_horizon,0.0032799568306969284,0.0012799568306969284,0.0012766768738662316
2026M1M2,v9_regime_stability|2026M1M2|140452|140453|long,140452,2026-01-05 16:45:00+00:00,-0.0010000000000001102,long,101,1,140749,2026-01-08 18:45:00+00:00,2026-01,0,3,140750,140830,3118.61,3058.6600000000003,stop,-0.01922330781982995,-0.02122330781982995,-0.02120408451201012
2026M1M2,v9_regime_stability|2026M1M2|140452|140453|long,140452,2026-01-05 16:45:00+00:00,-0.0010000000000001102,long,101,2,140646,2026-01-07 17:00:00+00:00,2026-01,0,3,140647,140702,3155.84,3093.4300000000003,stop,-0.019776034272966925,-0.021776034272966927,-0.021756258238693958
2026M1M2,v9_regime_stability|2026M1M2|140568|140569|long,140568,2026-01-06 21:45:00+00:00,-0.0224463170182303,long,46,0,141126,2026-01-12 17:00:00+00:00,2026-01,0,3,141127,141173,3126.44,3120.7,copied_horizon,-0.0018359539924003299,-0.00383595399240033,-0.0038341180384079293
2026M1M2,v9_regime_stability|2026M1M2|140568|140569|long,140568,2026-01-06 21:45:00+00:00,-0.0224463170182303,long,46,1,141908,2026-01-20 20:30:00+00:00,2026-01,0,3,141909,141916,2996.69,2933.02,stop,-0.02124677560908872,-0.02324677560908872,-0.02322552883347963
2026M1M2,v9_regime_stability|2026M1M2|140568|140569|long,140568,2026-01-06 21:45:00+00:00,-0.0224463170182303,long,46,2,141130,2026-01-12 18:00:00+00:00,2026-01,0,3,141131,141177,3108.77,3130.18,copied_horizon,0.0068869681578245245,0.0048869681578245245,0.0048800811896666995
2026M1M2,v9_regime_stability|2026M1M2|140689|140690|short,140689,2026-01-08 04:00:00+00:00,-0.0009999999999999992,short,85,0,141066,2026-01-12 02:00:00+00:00,2026-01,1,2,141067,141123,3141.33,3138.18867,stop,0.0010000000000000009,-0.0009999999999999992,-0.0009989999999999995
2026M1M2,v9_regime_stability|2026M1M2|140689|140690|short,140689,2026-01-08 04:00:00+00:00,-0.0009999999999999992,short,85,1,142689,2026-01-28 23:45:00+00:00,2026-01,1,2,142690,142775,3009.48,2813.4,copied_horizon,0.06515411300291074,0.06315411300291074,0.06321926711591365
2026M1M2,v9_regime_stability|2026M1M2|140689|140690|short,140689,2026-01-08 04:00:00+00:00,-0.0009999999999999992,short,85,2,142512,2026-01-27 03:30:00+00:00,2026-01,1,2,142513,142555,2942.1,2939.1578999999997,stop,0.001000000000000112,-0.0009999999999998881,-0.000998999999999888
2026M1M2,v9_regime_stability|2026M1M2|140804|140805|short,140804,2026-01-09 08:45:00+00:00,-0.014751092835084688,short,26,0,142131,2026-01-23 04:15:00+00:00,2026-01,2,1,142132,142158,2971.74,2937.9,copied_horizon,0.011387268065173872,0.009387268065173872,0.009398655333239046
2026M1M2,v9_regime_stability|2026M1M2|140804|140805|short,140804,2026-01-09 08:45:00+00:00,-0.014751092835084688,short,26,1,140501,2026-01-06 04:45:00+00:00,2026-01,2,1,140502,140528,3221.31,3238.56,copied_horizon,-0.005354964284716379,-0.007354964284716379,-0.007360319249001096
2026M1M2,v9_regime_stability|2026M1M2|140804|140805|short,140804,2026-01-09 08:45:00+00:00,-0.014751092835084688,short,26,2,140135,2026-01-02 09:15:00+00:00,2026-01,2,1,140136,140157,3038.09,3072.75,stop,-0.01140848361964264,-0.01340848361964264,-0.013419892103262282
2026M1M2,v9_regime_stability|2026M1M2|140847|140848|short,140847,2026-01-09 19:30:00+00:00,-0.024895548413121915,short,180,0,141326,2026-01-14 19:00:00+00:00,2026-01,0,4,141327,141383,3348.66,3345.3113399999997,stop,0.0010000000000000009,-0.0009999999999999992,-0.0009989999999999995
2026M1M2,v9_regime_stability|2026M1M2|140847|140848|short,140847,2026-01-09 19:30:00+00:00,-0.024895548413121915,short,180,1,141891,2026-01-20 16:15:00+00:00,2026-01,0,4,141892,141983,3023.48,3020.45652,stop,0.0010000000000000009,-0.0009999999999999992,-0.0009989999999999995
2026M1M2,v9_regime_stability|2026M1M2|140847|140848|short,140847,2026-01-09 19:30:00+00:00,-0.024895548413121915,short,180,2,140464,2026-01-05 19:30:00+00:00,2026-01,0,4,140465,140539,3218.02,3289.32,stop,-0.022156481314597132,-0.024156481314597134,-0.024178637795911728
2026M1M2,v9_regime_stability|2026M1M2|141063|141064|long,141063,2026-01-12 01:30:00+00:00,-0.017816212416525534,long,51,0,141454,2026-01-16 03:00:00+00:00,2026-01,1,2,141455,141504,3304.5,3260.59,stop,-0.013287940686942057,-0.015287940686942057,-0.015274652746255115
2026M1M2,v9_regime_stability|2026M1M2|141063|141064|long,141063,2026-01-12 01:30:00+00:00,-0.017816212416525534,long,51,1,141828,2026-01-20 00:30:00+00:00,2026-01,1,2,141829,141851,3188.87,3142.93,stop,-0.014406357110826162,-0.016406357110826164,-0.016391950753715336
2026M1M2,v9_regime_stability|2026M1M2|141063|141064|long,141063,2026-01-12 01:30:00+00:00,-0.017816212416525534,long,51,2,141838,2026-01-20 03:00:00+00:00,2026-01,1,2,141839,141851,3185.82,3141.07,stop,-0.014046619080801848,-0.01604661908080185,-0.016032572461721045
2026M1M2,v9_regime_stability|2026M1M2|141385|141386|long,141385,2026-01-15 10:00:00+00:00,-0.01676837131905029,long,22,0,142143,2026-01-23 07:15:00+00:00,2026-01,2,2,142144,142166,2945.9,2938.73,copied_horizon,-0.002433891170779745,-0.004433891170779745,-0.004431457279608966
2026M1M2,v9_regime_stability|2026M1M2|141385|141386|long,141385,2026-01-15 10:00:00+00:00,-0.01676837131905029,long,22,1,140406,2026-01-05 05:00:00+00:00,2026-01,2,2,140407,140429,3161.78,3171.66,copied_horizon,0.003124822093883761,0.0011248220938837612,0.0011216972717898776
2026M1M2,v9_regime_stability|2026M1M2|141385|141386|long,141385,2026-01-15 10:00:00+00:00,-0.01676837131905029,long,22,2,142041,2026-01-22 05:45:00+00:00,2026-01,2,2,142042,142064,3018.51,2981.41,copied_horizon,-0.012290832231796611,-0.014290832231796611,-0.014278541399564814
2026M1M2,v9_regime_stability|2026M1M2|141819|141820|short,141819,2026-01-19 22:30:00+00:00,0.0714334244387036,short,744,0,141549,2026-01-17 02:45:00+00:00,2026-01,1,0,141550,141598,3291.2,3316.1099999999997,stop,-0.007568667963052889,-0.009568667963052889,-0.009576236631015941
2026M1M2,v9_regime_stability|2026M1M2|141819|141820|short,141819,2026-01-19 22:30:00+00:00,0.0714334244387036,short,744,1,140094,2026-01-01 23:00:00+00:00,2026-01,1,0,140095,140112,2996.35,3018.92,stop,-0.007532497872411392,-0.009532497872411392,-0.009540030370283803
2026M1M2,v9_regime_stability|2026M1M2|141819|141820|short,141819,2026-01-19 22:30:00+00:00,0.0714334244387036,short,744,2,140093,2026-01-01 22:45:00+00:00,2026-01,1,0,140094,140112,2997.86,3018.33,stop,-0.0068282041189380305,-0.00882820411893803,-0.00883503232305697
2026M1M2,v9_regime_stability|2026M1M2|142563|142564|long,142563,2026-01-27 16:30:00+00:00,-0.0010000000000001102,long,136,0,141510,2026-01-16 17:00:00+00:00,2026-01,0,3,141511,141647,3275.32,3310.15,copied_horizon,0.01063407544911632,0.00863407544911632,0.008623441373667204
2026M1M2,v9_regime_stability|2026M1M2|142563|142564|long,142563,2026-01-27 16:30:00+00:00,-0.0010000000000001102,long,136,1,142482,2026-01-26 20:00:00+00:00,2026-01,0,3,142483,142568,2919.96,2922.8799599999998,stop,0.0009999999999998899,-0.0010000000000001102,-0.0010010000000001099
2026M1M2,v9_regime_stability|2026M1M2|142563|142564|long,142563,2026-01-27 16:30:00+00:00,-0.0010000000000001102,long,136,2,140566,2026-01-06 21:00:00+00:00,2026-01,0,3,140567,140581,3253.58,3256.8335799999995,stop,0.0009999999999998899,-0.0010000000000001102,-0.0010010000000001099
2026M1M2,v9_regime_stability|2026M1M2|143181|143182|short,143181,2026-02-03 03:00:00+00:00,-0.0009999999999998881,short,26,0,143834,2026-02-09 22:00:00+00:00,2026-02,1,3,143835,143861,2122.83,2069.99,copied_horizon,0.024891300763603352,0.02289130076360335,0.022916192064366955
2026M1M2,v9_regime_stability|2026M1M2|143181|143182|short,143181,2026-02-03 03:00:00+00:00,-0.0009999999999998881,short,26,1,143756,2026-02-09 02:30:00+00:00,2026-02,1,3,143757,143783,2089.76,2046.8,copied_horizon,0.020557384580047633,0.01855738458004763,0.01857794196462768
2026M1M2,v9_regime_stability|2026M1M2|143181|143182|short,143181,2026-02-03 03:00:00+00:00,-0.0009999999999998881,short,26,2,144031,2026-02-11 23:15:00+00:00,2026-02,1,3,144032,144058,1935.72,1970.01,copied_horizon,-0.017714338850660205,-0.019714338850660207,-0.019732053189510865
2026M1M2,v9_regime_stability|2026M1M2|143265|143266|short,143265,2026-02-04 00:00:00+00:00,0.0456792001505093,short,464,0,143467,2026-02-06 02:15:00+00:00,2026-02,1,4,143468,143481,1906.16,1963.3500000000001,stop,-0.030002727997649803,-0.032002727997649805,-0.032032730725647454
2026M1M2,v9_regime_stability|2026M1M2|143265|143266|short,143265,2026-02-04 00:00:00+00:00,0.0456792001505093,short,464,1,143548,2026-02-06 22:30:00+00:00,2026-02,1,4,143549,143566,2070.19,2068.11981,stop,0.0010000000000000009,-0.0009999999999999992,-0.0009989999999999995
2026M1M2,v9_regime_stability|2026M1M2|143265|143266|short,143265,2026-02-04 00:00:00+00:00,0.0456792001505093,short,464,2,143458,2026-02-06 00:00:00+00:00,2026-02,1,4,143459,143460,1767.21,1786.67,stop,-0.011011707720078645,-0.013011707720078645,-0.013022719427798724
2026M1M2,v9_regime_stability|2026M1M2|143729|143730|long,143729,2026-02-08 20:00:00+00:00,-0.025913677456984585,long,14,0,144386,2026-02-15 16:00:00+00:00,2026-02,0,2,144387,144397,2003.71,1955.26,stop,-0.024180145829486355,-0.026180145829486356,-0.026155965683656867
2026M1M2,v9_regime_stability|2026M1M2|143729|143730|long,143729,2026-02-08 20:00:00+00:00,-0.025913677456984585,long,14,1,144388,2026-02-15 16:30:00+00:00,2026-02,0,2,144389,144393,2008.23,1962.2,stop,-0.022920681396055187,-0.02492068139605519,-0.024897760714659132
2026M1M2,v9_regime_stability|2026M1M2|143729|143730|long,143729,2026-02-08 20:00:00+00:00,-0.025913677456984585,long,14,2,145464,2026-02-26 21:30:00+00:00,2026-02,0,2,145465,145479,2028.1,2007.5,copied_horizon,-0.010157290074453873,-0.012157290074453873,-0.012147132784379419
2026M1M2,v9_regime_stability|2026M1M2|144098|144099|short,144098,2026-02-12 16:15:00+00:00,-0.03199786288031614,short,85,0,144592,2026-02-17 19:30:00+00:00,2026-02,0,3,144593,144635,2004.16,2002.1558400000001,stop,0.0010000000000000009,-0.0009999999999999992,-0.0009989999999999995
2026M1M2,v9_regime_stability|2026M1M2|144098|144099|short,144098,2026-02-12 16:15:00+00:00,-0.03199786288031614,short,85,1,145458,2026-02-26 20:00:00+00:00,2026-02,0,3,145459,145483,2032.02,2029.9879799999999,stop,0.0010000000000000009,-0.0009999999999999992,-0.0009989999999999995
2026M1M2,v9_regime_stability|2026M1M2|144098|144099|short,144098,2026-02-12 16:15:00+00:00,-0.03199786288031614,short,85,2,144105,2026-02-12 17:45:00+00:00,2026-02,0,3,144106,144168,1909.43,1966.71,stop,-0.02999848122214477,-0.03199848122214477,-0.03202847970336691
2026M1M2,v9_regime_stability|2026M1M2|144480|144481|short,144480,2026-02-16 15:45:00+00:00,-0.03199769248519346,short,41,0,143508,2026-02-06 12:30:00+00:00,2026-02,3,3,143509,143516,1921.63,1979.2800000000002,stop,-0.03000057243069687,-0.03200057243069687,-0.03203057300312757
2026M1M2,v9_regime_stability|2026M1M2|144480|144481|short,144480,2026-02-16 15:45:00+00:00,-0.03199769248519346,short,41,1,143600,2026-02-07 11:30:00+00:00,2026-02,3,3,143601,143603,2006.34,2062.47,stop,-0.02797631508119247,-0.029976315081192473,-0.030004291396273662
2026M1M2,v9_regime_stability|2026M1M2|144480|144481|short,144480,2026-02-16 15:45:00+00:00,-0.03199769248519346,short,41,2,143806,2026-02-09 15:00:00+00:00,2026-02,3,3,143807,143816,2055.2,2116.8599999999997,stop,-0.030001946282600223,-0.032001946282600224,-0.03203194822888282
2026M1M2,v9_regime_stability|2026M1M2|144537|144538|short,144537,2026-02-17 06:00:00+00:00,-0.0009999999999999992,short,40,0,145128,2026-02-23 09:30:00+00:00,2026-02,2,1,145129,145169,1909.6,1856.43,copied_horizon,0.027843527440301608,0.025843527440301606,0.02587137096774191
2026M1M2,v9_regime_stability|2026M1M2|144537|144538|short,144537,2026-02-17 06:00:00+00:00,-0.0009999999999999992,short,40,1,145114,2026-02-23 06:00:00+00:00,2026-02,2,1,145115,145129,1872.76,1910.16,stop,-0.019970524786945498,-0.0219705247869455,-0.021990495311732444
2026M1M2,v9_regime_stability|2026M1M2|144537|144538|short,144537,2026-02-17 06:00:00+00:00,-0.0009999999999999992,short,40,2,144441,2026-02-16 05:45:00+00:00,2026-02,2,1,144442,144456,1957.0,1992.4,stop,-0.01808891159938697,-0.02008891159938697,-0.020107000510986357
2026M1M2,v9_regime_stability|2026M1M2|144753|144754|short,144753,2026-02-19 12:00:00+00:00,-0.0009999999999999992,short,11,0,144459,2026-02-16 10:15:00+00:00,2026-02,3,0,144460,144470,1980.19,2012.3500000000001,stop,-0.01624086577550643,-0.018240865775506432,-0.018257106641281936
2026M1M2,v9_regime_stability|2026M1M2|144753|144754|short,144753,2026-02-19 12:00:00+00:00,-0.0009999999999999992,short,11,1,144851,2026-02-20 12:15:00+00:00,2026-02,3,0,144852,144862,1944.5,1973.37,stop,-0.014847004371303596,-0.016847004371303598,-0.016861851375674898
2026M1M2,v9_regime_stability|2026M1M2|144753|144754|short,144753,2026-02-19 12:00:00+00:00,-0.0009999999999999992,short,11,2,144844,2026-02-20 10:30:00+00:00,2026-02,3,0,144845,144856,1961.29,1927.8,copied_horizon,0.017075496229522424,0.015075496229522424,0.015092571725751947
2026M1M2,v9_regime_stability|2026M1M2|144852|144853|short,144852,2026-02-20 12:45:00+00:00,-0.016291516083096313,short,9,0,144843,2026-02-20 10:15:00+00:00,2026-02,3,0,144844,144853,1968.34,1948.94,copied_horizon,0.009856020809412946,0.007856020809412946,0.00786587683022236
2026M1M2,v9_regime_stability|2026M1M2|144852|144853|short,144852,2026-02-20 12:45:00+00:00,-0.016291516083096313,short,9,1,144750,2026-02-19 11:00:00+00:00,2026-02,3,0,144751,144760,1962.89,1916.99,copied_horizon,0.02338388804263103,0.021383888042631027,0.02140727193067366
2026M1M2,v9_regime_stability|2026M1M2|144852|144853|short,144852,2026-02-20 12:45:00+00:00,-0.016291516083096313,short,9,2,144845,2026-02-20 10:45:00+00:00,2026-02,3,0,144846,144855,1956.6,1945.86,copied_horizon,0.005489113768782583,0.003489113768782583,0.0034946028825513656
2026M1M2,v9_regime_stability|2026M1M2|144936|144937|long,144936,2026-02-21 09:45:00+00:00,-0.010707426415400565,long,111,0,144540,2026-02-17 06:30:00+00:00,2026-02,2,0,144541,144573,1980.09,1945.6699999999998,stop,-0.017383048245281807,-0.01938304824528181,-0.019365665197036527
2026M1M2,v9_regime_stability|2026M1M2|144936|144937|long,144936,2026-02-21 09:45:00+00:00,-0.010707426415400565,long,111,1,144832,2026-02-20 07:30:00+00:00,2026-02,2,0,144833,144856,1962.88,1932.0800000000002,stop,-0.01569122921421584,-0.017691229214215842,-0.017675537985001624
2026M1M2,v9_regime_stability|2026M1M2|144936|144937|long,144936,2026-02-21 09:45:00+00:00,-0.010707426415400565,long,111,2,144550,2026-02-17 09:00:00+00:00,2026-02,2,0,144551,144572,1970.74,1972.7107399999998,stop,0.0009999999999998899,-0.0010000000000001102,-0.0010010000000001099
2026M1M2,v9_regime_stability|2026M1M2|145160|145161|short,145160,2026-02-23 17:45:00+00:00,-0.0027198800560748176,short,31,0,144407,2026-02-15 21:15:00+00:00,2026-02,0,2,144408,144439,1954.41,1957.67,copied_horizon,-0.0016680225745877575,-0.0036680225745877575,-0.0036696905971623454
2026M1M2,v9_regime_stability|2026M1M2|145160|145161|short,145160,2026-02-23 17:45:00+00:00,-0.0027198800560748176,short,31,1,144677,2026-02-18 16:45:00+00:00,2026-02,0,2,144678,144709,1970.8,1955.52,copied_horizon,0.007753196671402507,0.005753196671402507,0.005760949868073909
2026M1M2,v9_regime_stability|2026M1M2|145160|145161|short,145160,2026-02-23 17:45:00+00:00,-0.0027198800560748176,short,31,2,145251,2026-02-24 16:15:00+00:00,2026-02,0,2,145252,145283,1848.4,1846.12,copied_horizon,0.0012334992425883096,-0.0007665007574116905,-0.0007652672581691024
2026M1M2,v9_regime_stability|2026M1M2|145490|145491|long,145490,2026-02-27 04:15:00+00:00,-0.023537396796927568,long,22,0,145310,2026-02-25 07:00:00+00:00,2026-02,2,1,145311,145333,1887.57,1952.68,copied_horizon,0.03449408498757678,0.03249408498757678,0.0324595909025892
2026M1M2,v9_regime_stability|2026M1M2|145490|145491|long,145490,2026-02-27 04:15:00+00:00,-0.023537396796927568,long,22,1,144168,2026-02-13 09:30:00+00:00,2026-02,2,1,144169,144191,1959.41,2038.56,copied_horizon,0.040394812724238394,0.03839481272423839,0.03835441791151416
2026M1M2,v9_regime_stability|2026M1M2|145490|145491|long,145490,2026-02-27 04:15:00+00:00,-0.023537396796927568,long,22,2,144073,2026-02-12 09:45:00+00:00,2026-02,2,1,144074,144096,1981.35,1954.99,copied_horizon,-0.013304060362883896,-0.015304060362883896,-0.015290756302521013
